Godot Engine v4.6.2.stable.official.71f334935 - https://godotengine.org

ERROR: {"building":"adobe_yard","missing_dependencies":[{"id":"clay","kind":"construction_good","technology_alternatives":["tech.earth_building"]},{"id":"clay","kind":"input_good","technology_alternatives":["tech.earth_building"]},{"id":"gathered_plants","kind":"input_good","technology_alternatives":["tech.gathering"]}],"missing_required":["tech.earth_building"],"technology":"tech.adobe_making"}
   at: push_error (core/variant/variant_utility.cpp:1024)
   GDScript backtrace (most recent call first):
       [0] _init (res://tests/technology_unlock_closure_audit_test.gd:26)
ERROR: {"building":"advanced_chip_fab","missing_dependencies":[{"id":"construction_components","kind":"construction_good","technology_alternatives":["tech.adobe_making"]},{"id":"steel","kind":"construction_good","technology_alternatives":["tech.blast_furnace","tech.coke_smelting","tech.advanced_metallurgy"]},{"id":"concrete","kind":"construction_good","technology_alternatives":["tech.synthetic_materials"]},{"id":"glass","kind":"construction_good","technology_alternatives":["tech.early_glassmaking"]},{"id":"semiconductors","kind":"input_good","technology_alternatives":["tech.semiconductor_manufacturing"]},{"id":"rare_earth_metals","kind":"input_good","technology_alternatives":["tech.systems_engineering"]},{"id":"industrial_chemicals","kind":"input_good","technology_alternatives":["tech.industrial_chemistry"]},{"id":"precision_tools","kind":"input_good","technology_alternatives":["tech.precision_engineering"]},{"id":"electricity","kind":"input_good","technology_alternatives":["tech.electric_generation"]},{"id":"industrial_machinery","kind":"input_good","technology_alternatives":["tech.factory_system"]},{"id":"technology_points","kind":"input_good","technology_alternatives":["tech.oral_memory_practice","tech.phenology_observation","tech.flood_calendar_practice","tech.pastoral_route_memory","tech.tide_observation"]},{"id":"advanced_chips","kind":"output_good","technology_alternatives":["tech.semiconductor_manufacturing"]}],"missing_required":[],"technology":"tech.machine_learning"}
   at: push_error (core/variant/variant_utility.cpp:1024)
   GDScript backtrace (most recent call first):
       [0] _init (res://tests/technology_unlock_closure_audit_test.gd:26)
ERROR: {"building":"agricultural_machinery_plant","missing_dependencies":[{"id":"lumber","kind":"construction_good","technology_alternatives":["tech.timber_sawing"]},{"id":"bricks","kind":"construction_good","technology_alternatives":["tech.clay_preparation"]},{"id":"construction_components","kind":"construction_good","technology_alternatives":["tech.adobe_making"]},{"id":"steel","kind":"construction_good","technology_alternatives":["tech.blast_furnace","tech.coke_smelting","tech.advanced_metallurgy"]},{"id":"industrial_machinery","kind":"input_good","technology_alternatives":["tech.factory_system"]},{"id":"steam_engines","kind":"input_good","technology_alternatives":["tech.internal_combustion","tech.atmospheric_engine","tech.steam_power"]},{"id":"tools","kind":"input_good","technology_alternatives":["tech.precision_engineering","tech.surface_iron_collection","tech.machine_tools","tech.crucible_steel"]}],"missing_required":[],"technology":"tech.mechanized_agriculture"}
   at: push_error (core/variant/variant_utility.cpp:1024)
   GDScript backtrace (most recent call first):
       [0] _init (res://tests/technology_unlock_closure_audit_test.gd:26)
ERROR: {"building":"aluminum_plant","missing_dependencies":[{"id":"construction_components","kind":"construction_good","technology_alternatives":["tech.adobe_making"]},{"id":"concrete","kind":"construction_good","technology_alternatives":["tech.synthetic_materials"]},{"id":"glass","kind":"construction_good","technology_alternatives":["tech.early_glassmaking"]},{"id":"bauxite","kind":"input_good","technology_alternatives":["tech.deep_geophysics"]},{"id":"electricity","kind":"input_good","technology_alternatives":["tech.electric_generation"]},{"id":"industrial_machinery","kind":"input_good","technology_alternatives":["tech.factory_system"]}],"missing_required":[],"technology":"tech.specialty_alloys"}
   at: push_error (core/variant/variant_utility.cpp:1024)
   GDScript backtrace (most recent call first):
       [0] _init (res://tests/technology_unlock_closure_audit_test.gd:26)
ERROR: {"building":"atmospheric_engine_workshop","missing_dependencies":[{"id":"lumber","kind":"construction_good","technology_alternatives":["tech.timber_sawing"]},{"id":"bricks","kind":"construction_good","technology_alternatives":["tech.clay_preparation"]},{"id":"construction_components","kind":"construction_good","technology_alternatives":["tech.adobe_making"]},{"id":"coal","kind":"input_good","technology_alternatives":["tech.surface_coal_use","tech.coal_mining","tech.industrial_coal_mining"]},{"id":"tools","kind":"input_good","technology_alternatives":["tech.surface_iron_collection","tech.machine_tools","tech.crucible_steel"]},{"id":"technology_points","kind":"input_good","technology_alternatives":["tech.oral_memory_practice","tech.phenology_observation","tech.flood_calendar_practice","tech.pastoral_route_memory","tech.tide_observation"]}],"missing_required":[],"technology":"tech.atmospheric_engine"}
   at: push_error (core/variant/variant_utility.cpp:1024)
   GDScript backtrace (most recent call first):
       [0] _init (res://tests/technology_unlock_closure_audit_test.gd:26)
ERROR: {"building":"automated_farm","missing_dependencies":[{"id":"construction_components","kind":"construction_good","technology_alternatives":["tech.adobe_making"]},{"id":"steel","kind":"construction_good","technology_alternatives":["tech.blast_furnace","tech.coke_smelting","tech.advanced_metallurgy"]},{"id":"concrete","kind":"construction_good","technology_alternatives":["tech.synthetic_materials"]},{"id":"glass","kind":"construction_good","technology_alternatives":["tech.early_glassmaking"]},{"id":"fertilizer","kind":"input_good","technology_alternatives":["tech.fertilizer_processing","tech.synthetic_fertilizer"]},{"id":"agricultural_machinery","kind":"input_good","technology_alternatives":["tech.mechanized_agriculture"]},{"id":"electricity","kind":"input_good","technology_alternatives":["tech.electric_generation"]},{"id":"computers","kind":"input_good","technology_alternatives":["tech.digital_computing"]},{"id":"autonomous_systems","kind":"input_good","technology_alternatives":["tech.autonomous_systems"]},{"id":"grain","kind":"output_good","technology_alternatives":["tech.household_landholding"]},{"id":"vegetables","kind":"output_good","technology_alternatives":["tech.household_landholding"]},{"id":"arable_land","kind":"natural_resource","technology_alternatives":["tech.rainfed_field_system"]},{"id":"fertile_soil","kind":"natural_resource","technology_alternatives":["tech.gathering","tech.rainfed_field_system"]}],"missing_required":[],"technology":"tech.automated_agriculture"}
   at: push_error (core/variant/variant_utility.cpp:1024)
   GDScript backtrace (most recent call first):
       [0] _init (res://tests/technology_unlock_closure_audit_test.gd:26)
ERROR: {"building":"automobiles_plant","missing_dependencies":[{"id":"construction_components","kind":"construction_good","technology_alternatives":["tech.adobe_making"]},{"id":"steel","kind":"construction_good","technology_alternatives":["tech.blast_furnace","tech.coke_smelting","tech.advanced_metallurgy"]},{"id":"concrete","kind":"construction_good","technology_alternatives":["tech.synthetic_materials"]},{"id":"glass","kind":"construction_good","technology_alternatives":["tech.early_glassmaking"]},{"id":"steel","kind":"input_good","technology_alternatives":["tech.specialty_alloys","tech.blast_furnace","tech.coke_smelting","tech.advanced_metallurgy"]},{"id":"batteries","kind":"input_good","technology_alternatives":["tech.electronic_control"]},{"id":"tools","kind":"input_good","technology_alternatives":["tech.precision_engineering","tech.surface_iron_collection","tech.machine_tools","tech.crucible_steel"]},{"id":"electricity","kind":"input_good","technology_alternatives":["tech.electric_generation"]},{"id":"industrial_machinery","kind":"input_good","technology_alternatives":["tech.factory_system"]},{"id":"technology_points","kind":"input_good","technology_alternatives":["tech.oral_memory_practice","tech.phenology_observation","tech.flood_calendar_practice","tech.pastoral_route_memory","tech.tide_observation"]}],"missing_required":[],"technology":"tech.internal_combustion"}
   at: push_error (core/variant/variant_utility.cpp:1024)
   GDScript backtrace (most recent call first):
       [0] _init (res://tests/technology_unlock_closure_audit_test.gd:26)
ERROR: {"building":"autonomous_systems_plant","missing_dependencies":[{"id":"construction_components","kind":"construction_good","technology_alternatives":["tech.adobe_making"]},{"id":"steel","kind":"construction_good","technology_alternatives":["tech.blast_furnace","tech.coke_smelting","tech.advanced_metallurgy"]},{"id":"concrete","kind":"construction_good","technology_alternatives":["tech.synthetic_materials"]},{"id":"glass","kind":"construction_good","technology_alternatives":["tech.early_glassmaking"]},{"id":"advanced_chips","kind":"input_good","technology_alternatives":["tech.semiconductor_manufacturing"]},{"id":"electric_motor","kind":"input_good","technology_alternatives":["tech.electric_motors"]},{"id":"batteries","kind":"input_good","technology_alternatives":["tech.electronic_control"]},{"id":"precision_tools","kind":"input_good","technology_alternatives":["tech.precision_engineering"]},{"id":"electricity","kind":"input_good","technology_alternatives":["tech.electric_generation"]},{"id":"industrial_machinery","kind":"input_good","technology_alternatives":["tech.factory_system"]},{"id":"technology_points","kind":"input_good","technology_alternatives":["tech.oral_memory_practice","tech.phenology_observation","tech.flood_calendar_practice","tech.pastoral_route_memory","tech.tide_observation"]}],"missing_required":[],"technology":"tech.autonomous_systems"}
   at: push_error (core/variant/variant_utility.cpp:1024)
   GDScript backtrace (most recent call first):
       [0] _init (res://tests/technology_unlock_closure_audit_test.gd:26)
ERROR: {"building":"bakery","missing_dependencies":[{"id":"logs","kind":"construction_good","technology_alternatives":["tech.deadwood_collection"]},{"id":"raw_stone","kind":"construction_good","technology_alternatives":["tech.ground_stone_tools"]}],"missing_required":[],"technology":"tech.grain_baking"}
   at: push_error (core/variant/variant_utility.cpp:1024)
   GDScript backtrace (most recent call first):
       [0] _init (res://tests/technology_unlock_closure_audit_test.gd:26)
ERROR: {"building":"bark_paper_workshop","missing_dependencies":[{"id":"logs","kind":"construction_good","technology_alternatives":["tech.deadwood_collection"]},{"id":"adobe_brick","kind":"construction_good","technology_alternatives":["tech.adobe_making"]},{"id":"logs","kind":"input_good","technology_alternatives":["tech.deadwood_collection"]},{"id":"tools","kind":"input_good","technology_alternatives":["tech.surface_iron_collection","tech.machine_tools","tech.crucible_steel"]}],"missing_required":["tech.writing","tech.deadwood_collection"],"technology":"tech.bark_paper_making"}
   at: push_error (core/variant/variant_utility.cpp:1024)
   GDScript backtrace (most recent call first):
       [0] _init (res://tests/technology_unlock_closure_audit_test.gd:26)
ERROR: {"building":"basic_electrical_equipment_works","missing_dependencies":[{"id":"steel","kind":"construction_good","technology_alternatives":["tech.blast_furnace","tech.coke_smelting","tech.advanced_metallurgy"]},{"id":"concrete","kind":"construction_good","technology_alternatives":["tech.synthetic_materials"]},{"id":"glass","kind":"construction_good","technology_alternatives":["tech.early_glassmaking"]},{"id":"insulated_cable","kind":"input_good","technology_alternatives":["tech.electric_grid"]},{"id":"steel","kind":"input_good","technology_alternatives":["tech.blast_furnace","tech.coke_smelting","tech.advanced_metallurgy"]},{"id":"plastics","kind":"input_good","technology_alternatives":["tech.plastics_engineering"]},{"id":"tools","kind":"input_good","technology_alternatives":["tech.precision_engineering","tech.surface_iron_collection","tech.machine_tools","tech.crucible_steel"]},{"id":"electricity","kind":"input_good","technology_alternatives":["tech.electric_generation"]},{"id":"industrial_machinery","kind":"input_good","technology_alternatives":["tech.factory_system"]}],"missing_required":[],"technology":"tech.electrification"}
   at: push_error (core/variant/variant_utility.cpp:1024)
   GDScript backtrace (most recent call first):
       [0] _init (res://tests/technology_unlock_closure_audit_test.gd:26)
ERROR: {"building":"basic_semiconductor_fab","missing_dependencies":[{"id":"construction_components","kind":"construction_good","technology_alternatives":["tech.adobe_making"]},{"id":"steel","kind":"construction_good","technology_alternatives":["tech.blast_furnace","tech.coke_smelting","tech.advanced_metallurgy"]},{"id":"concrete","kind":"construction_good","technology_alternatives":["tech.synthetic_materials"]},{"id":"glass","kind":"construction_good","technology_alternatives":["tech.early_glassmaking"]},{"id":"silica_sand","kind":"input_good","technology_alternatives":["tech.early_glassmaking"]},{"id":"copper","kind":"input_good","technology_alternatives":["tech.copper_metallurgy"]},{"id":"industrial_chemicals","kind":"input_good","technology_alternatives":["tech.industrial_chemistry"]},{"id":"precision_tools","kind":"input_good","technology_alternatives":["tech.precision_engineering"]},{"id":"electricity","kind":"input_good","technology_alternatives":["tech.electric_generation"]},{"id":"industrial_machinery","kind":"input_good","technology_alternatives":["tech.factory_system"]},{"id":"technology_points","kind":"input_good","technology_alternatives":["tech.oral_memory_practice","tech.phenology_observation","tech.flood_calendar_practice","tech.pastoral_route_memory","tech.tide_observation"]}],"missing_required":["tech.digital_computing"],"technology":"tech.semiconductor_manufacturing"}
   at: push_error (core/variant/variant_utility.cpp:1024)
   GDScript backtrace (most recent call first):
       [0] _init (res://tests/technology_unlock_closure_audit_test.gd:26)
ERROR: {"building":"bast_fiber_camp","missing_dependencies":[{"id":"fertile_soil","kind":"natural_resource","technology_alternatives":["tech.gathering","tech.rainfed_field_system"]}],"missing_required":[],"technology":"tech.wild_flax_collection"}
   at: push_error (core/variant/variant_utility.cpp:1024)
   GDScript backtrace (most recent call first):
       [0] _init (res://tests/technology_unlock_closure_audit_test.gd:26)
ERROR: {"building":"batteries_plant","missing_dependencies":[{"id":"construction_components","kind":"construction_good","technology_alternatives":["tech.adobe_making"]},{"id":"steel","kind":"construction_good","technology_alternatives":["tech.blast_furnace","tech.coke_smelting","tech.advanced_metallurgy"]},{"id":"concrete","kind":"construction_good","technology_alternatives":["tech.synthetic_materials"]},{"id":"glass","kind":"construction_good","technology_alternatives":["tech.early_glassmaking"]},{"id":"lead","kind":"input_good","technology_alternatives":["tech.advanced_metallurgy","tech.systems_engineering"]},{"id":"industrial_chemicals","kind":"input_good","technology_alternatives":["tech.industrial_chemistry"]},{"id":"tools","kind":"input_good","technology_alternatives":["tech.precision_engineering","tech.surface_iron_collection","tech.machine_tools","tech.crucible_steel"]},{"id":"electricity","kind":"input_good","technology_alternatives":["tech.electric_generation"]},{"id":"industrial_machinery","kind":"input_good","technology_alternatives":["tech.factory_system"]}],"missing_required":[],"technology":"tech.electronic_control"}
   at: push_error (core/variant/variant_utility.cpp:1024)
   GDScript backtrace (most recent call first):
       [0] _init (res://tests/technology_unlock_closure_audit_test.gd:26)
ERROR: {"building":"bauxite_collector","missing_dependencies":[{"id":"lumber","kind":"construction_good","technology_alternatives":["tech.timber_sawing"]},{"id":"bricks","kind":"construction_good","technology_alternatives":["tech.clay_preparation"]},{"id":"construction_components","kind":"construction_good","technology_alternatives":["tech.adobe_making"]},{"id":"steel","kind":"construction_good","technology_alternatives":["tech.blast_furnace","tech.coke_smelting","tech.advanced_metallurgy"]},{"id":"tools","kind":"input_good","technology_alternatives":["tech.precision_engineering","tech.surface_iron_collection","tech.machine_tools","tech.crucible_steel"]},{"id":"explosives","kind":"input_good","technology_alternatives":["tech.gunpowder_formulation","tech.gunpowder_weapons"]}],"missing_required":[],"technology":"tech.deep_geophysics"}
   at: push_error (core/variant/variant_utility.cpp:1024)
   GDScript backtrace (most recent call first):
       [0] _init (res://tests/technology_unlock_closure_audit_test.gd:26)
ERROR: {"building":"beverages_plant","missing_dependencies":[{"id":"construction_components","kind":"construction_good","technology_alternatives":["tech.adobe_making"]},{"id":"steel","kind":"construction_good","technology_alternatives":["tech.blast_furnace","tech.coke_smelting","tech.advanced_metallurgy"]},{"id":"concrete","kind":"construction_good","technology_alternatives":["tech.synthetic_materials"]},{"id":"glass","kind":"construction_good","technology_alternatives":["tech.early_glassmaking"]},{"id":"grain","kind":"input_good","technology_alternatives":["tech.wild_maize_collection","tech.maize_garden_horticulture","tech.household_landholding","tech.wild_rice_collection","tech.wetland_rice_gardening","tech.rice_paddy_cultivation","tech.wild_wheat_collection","tech.rainfed_wheat_cultivation"]},{"id":"packaging","kind":"input_good","technology_alternatives":["tech.screw_press_printing"]},{"id":"tools","kind":"input_good","technology_alternatives":["tech.precision_engineering","tech.surface_iron_collection","tech.machine_tools","tech.crucible_steel"]},{"id":"electricity","kind":"input_good","technology_alternatives":["tech.electric_generation"]},{"id":"industrial_machinery","kind":"input_good","technology_alternatives":["tech.factory_system"]},{"id":"beverages","kind":"output_good","technology_alternatives":["tech.fermentation"]}],"missing_required":[],"technology":"tech.mass_production"}
   at: push_error (core/variant/variant_utility.cpp:1024)
   GDScript backtrace (most recent call first):
       [0] _init (res://tests/technology_unlock_closure_audit_test.gd:26)
ERROR: {"building":"bloomery","missing_dependencies":[{"id":"adobe_brick","kind":"construction_good","technology_alternatives":["tech.adobe_making"]},{"id":"raw_stone","kind":"construction_good","technology_alternatives":["tech.ground_stone_tools"]},{"id":"iron_ore","kind":"input_good","technology_alternatives":["tech.iron_ore_identification"]},{"id":"charcoal","kind":"input_good","technology_alternatives":["tech.charcoal_burning"]}],"missing_required":["tech.surface_iron_collection","tech.charcoal_burning"],"technology":"tech.iron_smelting"}
   at: push_error (core/variant/variant_utility.cpp:1024)
   GDScript backtrace (most recent call first):
       [0] _init (res://tests/technology_unlock_closure_audit_test.gd:26)
ERROR: {"building":"bread_plant","missing_dependencies":[{"id":"lumber","kind":"construction_good","technology_alternatives":["tech.timber_sawing"]},{"id":"bricks","kind":"construction_good","technology_alternatives":["tech.clay_preparation"]},{"id":"construction_components","kind":"construction_good","technology_alternatives":["tech.adobe_making"]},{"id":"steel","kind":"construction_good","technology_alternatives":["tech.blast_furnace","tech.coke_smelting","tech.advanced_metallurgy"]},{"id":"packaging","kind":"input_good","technology_alternatives":["tech.screw_press_printing"]},{"id":"tools","kind":"input_good","technology_alternatives":["tech.precision_engineering","tech.surface_iron_collection","tech.machine_tools","tech.crucible_steel"]}],"missing_required":["tech.assembly_line","tech.industrial_organization"],"technology":"tech.grain_baking"}
   at: push_error (core/variant/variant_utility.cpp:1024)
   GDScript backtrace (most recent call first):
       [0] _init (res://tests/technology_unlock_closure_audit_test.gd:26)
ERROR: {"building":"brewery","missing_dependencies":[{"id":"lumber","kind":"construction_good","technology_alternatives":["tech.timber_sawing"]},{"id":"bricks","kind":"construction_good","technology_alternatives":["tech.clay_preparation"]},{"id":"construction_components","kind":"construction_good","technology_alternatives":["tech.adobe_making"]},{"id":"grain","kind":"input_good","technology_alternatives":["tech.wild_maize_collection","tech.maize_garden_horticulture","tech.household_landholding","tech.wild_rice_collection","tech.wetland_rice_gardening","tech.rice_paddy_cultivation","tech.wild_wheat_collection","tech.rainfed_wheat_cultivation"]},{"id":"tools","kind":"input_good","technology_alternatives":["tech.bronze_casting","tech.precision_engineering","tech.surface_iron_collection","tech.machine_tools","tech.crucible_steel"]}],"missing_required":[],"technology":"tech.fermentation"}
   at: push_error (core/variant/variant_utility.cpp:1024)
   GDScript backtrace (most recent call first):
       [0] _init (res://tests/technology_unlock_closure_audit_test.gd:26)
ERROR: {"building":"bricks_plant","missing_dependencies":[{"id":"logs","kind":"construction_good","technology_alternatives":["tech.deadwood_collection"]},{"id":"raw_stone","kind":"construction_good","technology_alternatives":["tech.ground_stone_tools"]},{"id":"clay","kind":"input_good","technology_alternatives":["tech.earth_building"]},{"id":"bricks","kind":"output_good","technology_alternatives":["tech.clay_preparation"]}],"missing_required":["tech.earth_building","tech.clay_preparation","tech.kiln_firing"],"technology":"tech.adobe_making"}
   at: push_error (core/variant/variant_utility.cpp:1024)
   GDScript backtrace (most recent call first):
       [0] _init (res://tests/technology_unlock_closure_audit_test.gd:26)
ERROR: {"building":"bronze_tool_workshop","missing_dependencies":[{"id":"logs","kind":"construction_good","technology_alternatives":["tech.deadwood_collection"]},{"id":"raw_stone","kind":"construction_good","technology_alternatives":["tech.ground_stone_tools"]},{"id":"copper","kind":"input_good","technology_alternatives":["tech.copper_metallurgy"]}],"missing_required":[],"technology":"tech.bronze_casting"}
   at: push_error (core/variant/variant_utility.cpp:1024)
   GDScript backtrace (most recent call first):
       [0] _init (res://tests/technology_unlock_closure_audit_test.gd:26)
ERROR: {"building":"bunded_rice_field","missing_dependencies":[{"id":"adobe_brick","kind":"construction_good","technology_alternatives":["tech.adobe_making"]},{"id":"reed_bundle","kind":"construction_good","technology_alternatives":["tech.reed_harvesting"]},{"id":"paddy_land","kind":"natural_resource","technology_alternatives":["tech.reed_harvesting","tech.rice_paddy_cultivation"]}],"missing_required":["tech.rice_seed_saving","tech.household_landholding"],"technology":"tech.rice_water_control"}
   at: push_error (core/variant/variant_utility.cpp:1024)
   GDScript backtrace (most recent call first):
       [0] _init (res://tests/technology_unlock_closure_audit_test.gd:26)
ERROR: {"building":"cabinetmaker_workshop","missing_dependencies":[{"id":"lumber","kind":"construction_good","technology_alternatives":["tech.timber_sawing"]},{"id":"bricks","kind":"construction_good","technology_alternatives":["tech.clay_preparation"]},{"id":"construction_components","kind":"construction_good","technology_alternatives":["tech.adobe_making"]},{"id":"lumber","kind":"input_good","technology_alternatives":["tech.timber_sawing"]},{"id":"cloth","kind":"input_good","technology_alternatives":["tech.fiber_twisting","tech.weaving","tech.hide_tanning"]},{"id":"tools","kind":"input_good","technology_alternatives":["tech.bronze_casting","tech.precision_engineering","tech.surface_iron_collection","tech.machine_tools","tech.crucible_steel"]}],"missing_required":["tech.timber_sawing"],"technology":"tech.guild_apprenticeship"}
   at: push_error (core/variant/variant_utility.cpp:1024)
   GDScript backtrace (most recent call first):
       [0] _init (res://tests/technology_unlock_closure_audit_test.gd:26)
ERROR: {"building":"canned_fish_plant","missing_dependencies":[{"id":"lumber","kind":"construction_good","technology_alternatives":["tech.timber_sawing"]},{"id":"bricks","kind":"construction_good","technology_alternatives":["tech.clay_preparation"]},{"id":"construction_components","kind":"construction_good","technology_alternatives":["tech.adobe_making"]},{"id":"steel","kind":"construction_good","technology_alternatives":["tech.blast_furnace","tech.coke_smelting","tech.advanced_metallurgy"]},{"id":"fish","kind":"input_good","technology_alternatives":["tech.freshwater_fishing","tech.coastal_fishing"]},{"id":"salt","kind":"input_good","technology_alternatives":["tech.salt_preservation"]},{"id":"packaging","kind":"input_good","technology_alternatives":["tech.screw_press_printing"]},{"id":"tools","kind":"input_good","technology_alternatives":["tech.precision_engineering","tech.surface_iron_collection","tech.machine_tools","tech.crucible_steel"]}],"missing_required":["tech.steam_power","tech.industrial_organization"],"technology":"tech.canning"}
   at: push_error (core/variant/variant_utility.cpp:1024)
   GDScript backtrace (most recent call first):
       [0] _init (res://tests/technology_unlock_closure_audit_test.gd:26)
ERROR: {"building":"canning_workshop","missing_dependencies":[{"id":"lumber","kind":"construction_good","technology_alternatives":["tech.timber_sawing"]},{"id":"bricks","kind":"construction_good","technology_alternatives":["tech.clay_preparation"]},{"id":"construction_components","kind":"construction_good","technology_alternatives":["tech.adobe_making"]},{"id":"fish","kind":"input_good","technology_alternatives":["tech.freshwater_fishing","tech.coastal_fishing"]},{"id":"salt","kind":"input_good","technology_alternatives":["tech.salt_preservation"]},{"id":"packaging","kind":"input_good","technology_alternatives":["tech.screw_press_printing"]},{"id":"tools","kind":"input_good","technology_alternatives":["tech.precision_engineering","tech.surface_iron_collection","tech.machine_tools","tech.crucible_steel"]}],"missing_required":["tech.experimental_science","tech.precision_engineering"],"technology":"tech.canning"}
   at: push_error (core/variant/variant_utility.cpp:1024)
   GDScript backtrace (most recent call first):
       [0] _init (res://tests/technology_unlock_closure_audit_test.gd:26)
ERROR: {"building":"cement_plant","missing_dependencies":[{"id":"lumber","kind":"construction_good","technology_alternatives":["tech.timber_sawing"]},{"id":"bricks","kind":"construction_good","technology_alternatives":["tech.clay_preparation"]},{"id":"construction_components","kind":"construction_good","technology_alternatives":["tech.adobe_making"]},{"id":"steel","kind":"construction_good","technology_alternatives":["tech.blast_furnace","tech.coke_smelting","tech.advanced_metallurgy"]},{"id":"lime","kind":"input_good","technology_alternatives":["tech.masonry"]},{"id":"clay","kind":"input_good","technology_alternatives":["tech.earth_building"]},{"id":"tools","kind":"input_good","technology_alternatives":["tech.precision_engineering","tech.surface_iron_collection","tech.machine_tools","tech.crucible_steel"]}],"missing_required":[],"technology":"tech.hydraulic_engineering"}
   at: push_error (core/variant/variant_utility.cpp:1024)
   GDScript backtrace (most recent call first):
       [0] _init (res://tests/technology_unlock_closure_audit_test.gd:26)
ERROR: {"building":"charcoal_pit","missing_dependencies":[{"id":"logs","kind":"construction_good","technology_alternatives":["tech.deadwood_collection"]},{"id":"logs","kind":"input_good","technology_alternatives":["tech.deadwood_collection"]}],"missing_required":["tech.fire_control","tech.deadwood_collection"],"technology":"tech.charcoal_burning"}
   at: push_error (core/variant/variant_utility.cpp:1024)
   GDScript backtrace (most recent call first):
       [0] _init (res://tests/technology_unlock_closure_audit_test.gd:26)
ERROR: {"building":"chartered_university","missing_dependencies":[{"id":"bricks","kind":"construction_good","technology_alternatives":["tech.clay_preparation"]},{"id":"lumber","kind":"construction_good","technology_alternatives":["tech.timber_sawing"]},{"id":"glass","kind":"construction_good","technology_alternatives":["tech.early_glassmaking"]},{"id":"manuscripts","kind":"input_good","technology_alternatives":["tech.writing"]},{"id":"technology_points","kind":"output_good","technology_alternatives":["tech.oral_memory_practice","tech.phenology_observation","tech.flood_calendar_practice","tech.pastoral_route_memory","tech.tide_observation"]}],"missing_required":[],"technology":"tech.chartered_universities"}
   at: push_error (core/variant/variant_utility.cpp:1024)
   GDScript backtrace (most recent call first):
       [0] _init (res://tests/technology_unlock_closure_audit_test.gd:26)
ERROR: {"building":"classical_academy","missing_dependencies":[{"id":"lumber","kind":"construction_good","technology_alternatives":["tech.timber_sawing"]},{"id":"bricks","kind":"construction_good","technology_alternatives":["tech.clay_preparation"]},{"id":"glass","kind":"construction_good","technology_alternatives":["tech.early_glassmaking"]},{"id":"technology_points","kind":"output_good","technology_alternatives":["tech.oral_memory_practice","tech.phenology_observation","tech.flood_calendar_practice","tech.pastoral_route_memory","tech.tide_observation"]}],"missing_required":[],"technology":"tech.scholarly_academies"}
   at: push_error (core/variant/variant_utility.cpp:1024)
   GDScript backtrace (most recent call first):
       [0] _init (res://tests/technology_unlock_closure_audit_test.gd:26)
ERROR: {"building":"classical_glass_kiln","missing_dependencies":[{"id":"bricks","kind":"construction_good","technology_alternatives":["tech.clay_preparation"]},{"id":"logs","kind":"input_good","technology_alternatives":["tech.deadwood_collection"]},{"id":"tools","kind":"input_good","technology_alternatives":["tech.bronze_casting","tech.precision_engineering","tech.surface_iron_collection","tech.machine_tools","tech.crucible_steel"]}],"missing_required":[],"technology":"tech.early_glassmaking"}
   at: push_error (core/variant/variant_utility.cpp:1024)
   GDScript backtrace (most recent call first):
       [0] _init (res://tests/technology_unlock_closure_audit_test.gd:26)
ERROR: {"building":"classical_masonry_yard","missing_dependencies":[{"id":"adobe_brick","kind":"construction_good","technology_alternatives":["tech.adobe_making"]},{"id":"raw_stone","kind":"input_good","technology_alternatives":["tech.ground_stone_tools"]},{"id":"tools","kind":"input_good","technology_alternatives":["tech.bronze_casting","tech.precision_engineering","tech.surface_iron_collection","tech.machine_tools","tech.crucible_steel"]},{"id":"construction_components","kind":"output_good","technology_alternatives":["tech.adobe_making"]}],"missing_required":["tech.masonry","tech.adobe_making"],"technology":"tech.road_engineering"}
   at: push_error (core/variant/variant_utility.cpp:1024)
   GDScript backtrace (most recent call first):
       [0] _init (res://tests/technology_unlock_closure_audit_test.gd:26)
ERROR: {"building":"classical_public_works","missing_dependencies":[{"id":"lumber","kind":"construction_good","technology_alternatives":["tech.timber_sawing"]},{"id":"bricks","kind":"construction_good","technology_alternatives":["tech.clay_preparation"]},{"id":"bricks","kind":"input_good","technology_alternatives":["tech.clay_preparation"]},{"id":"lime","kind":"input_good","technology_alternatives":["tech.masonry"]},{"id":"tools","kind":"input_good","technology_alternatives":["tech.bronze_casting","tech.precision_engineering","tech.surface_iron_collection","tech.machine_tools","tech.crucible_steel"]},{"id":"construction_components","kind":"output_good","technology_alternatives":["tech.adobe_making"]}],"missing_required":[],"technology":"tech.manuscript_culture"}
   at: push_error (core/variant/variant_utility.cpp:1024)
   GDScript backtrace (most recent call first):
       [0] _init (res://tests/technology_unlock_closure_audit_test.gd:26)
ERROR: {"building":"classical_scriptorium","missing_dependencies":[{"id":"logs","kind":"construction_good","technology_alternatives":["tech.deadwood_collection"]},{"id":"raw_stone","kind":"construction_good","technology_alternatives":["tech.ground_stone_tools"]},{"id":"bricks","kind":"construction_good","technology_alternatives":["tech.clay_preparation"]},{"id":"gathered_plants","kind":"input_good","technology_alternatives":["tech.gathering"]}],"missing_required":[],"technology":"tech.writing"}
   at: push_error (core/variant/variant_utility.cpp:1024)
   GDScript backtrace (most recent call first):
       [0] _init (res://tests/technology_unlock_closure_audit_test.gd:26)
ERROR: {"building":"classical_silica_pit","missing_dependencies":[{"id":"logs","kind":"construction_good","technology_alternatives":["tech.deadwood_collection"]},{"id":"raw_stone","kind":"construction_good","technology_alternatives":["tech.ground_stone_tools"]},{"id":"bricks","kind":"construction_good","technology_alternatives":["tech.clay_preparation"]},{"id":"silica_sand","kind":"natural_resource","technology_alternatives":["tech.natural_observation"]}],"missing_required":[],"technology":"tech.early_glassmaking"}
   at: push_error (core/variant/variant_utility.cpp:1024)
   GDScript backtrace (most recent call first):
       [0] _init (res://tests/technology_unlock_closure_audit_test.gd:26)
ERROR: {"building":"clay_collector","missing_dependencies":[{"id":"logs","kind":"construction_good","technology_alternatives":["tech.deadwood_collection"]},{"id":"raw_stone","kind":"construction_good","technology_alternatives":["tech.ground_stone_tools"]},{"id":"tools","kind":"input_good","technology_alternatives":["tech.bronze_casting","tech.precision_engineering","tech.surface_iron_collection","tech.machine_tools","tech.crucible_steel"]}],"missing_required":[],"technology":"tech.clay_preparation"}
   at: push_error (core/variant/variant_utility.cpp:1024)
   GDScript backtrace (most recent call first):
       [0] _init (res://tests/technology_unlock_closure_audit_test.gd:26)
ERROR: {"building":"cloth_plant","missing_dependencies":[{"id":"construction_components","kind":"construction_good","technology_alternatives":["tech.adobe_making"]},{"id":"steel","kind":"construction_good","technology_alternatives":["tech.blast_furnace","tech.coke_smelting","tech.advanced_metallurgy"]},{"id":"concrete","kind":"construction_good","technology_alternatives":["tech.synthetic_materials"]},{"id":"glass","kind":"construction_good","technology_alternatives":["tech.early_glassmaking"]},{"id":"flax_fiber","kind":"input_good","technology_alternatives":["tech.wild_flax_collection","tech.cotton_ginning","tech.cotton_gardening","tech.flax_retting","tech.wool_husbandry"]},{"id":"electricity","kind":"input_good","technology_alternatives":["tech.electric_generation"]},{"id":"tools","kind":"input_good","technology_alternatives":["tech.precision_engineering","tech.surface_iron_collection","tech.machine_tools","tech.crucible_steel"]},{"id":"industrial_machinery","kind":"input_good","technology_alternatives":["tech.factory_system"]}],"missing_required":["tech.mass_production"],"technology":"tech.corporate_management"}
   at: push_error (core/variant/variant_utility.cpp:1024)
   GDScript backtrace (most recent call first):
       [0] _init (res://tests/technology_unlock_closure_audit_test.gd:26)
ERROR: {"building":"clothing_plant","missing_dependencies":[{"id":"lumber","kind":"construction_good","technology_alternatives":["tech.timber_sawing"]},{"id":"bricks","kind":"construction_good","technology_alternatives":["tech.clay_preparation"]},{"id":"construction_components","kind":"construction_good","technology_alternatives":["tech.adobe_making"]},{"id":"steel","kind":"construction_good","technology_alternatives":["tech.blast_furnace","tech.coke_smelting","tech.advanced_metallurgy"]},{"id":"tools","kind":"input_good","technology_alternatives":["tech.precision_engineering","tech.surface_iron_collection","tech.machine_tools","tech.crucible_steel"]},{"id":"clothing","kind":"output_good","technology_alternatives":["tech.wild_flax_collection","tech.hide_scraping","tech.fur_sewing","tech.felt_making","tech.guild_organization"]}],"missing_required":[],"technology":"tech.textile_machinery"}
   at: push_error (core/variant/variant_utility.cpp:1024)
   GDScript backtrace (most recent call first):
       [0] _init (res://tests/technology_unlock_closure_audit_test.gd:26)
ERROR: {"building":"coal_adit","missing_dependencies":[{"id":"lumber","kind":"construction_good","technology_alternatives":["tech.timber_sawing"]},{"id":"raw_stone","kind":"construction_good","technology_alternatives":["tech.ground_stone_tools"]},{"id":"coal","kind":"output_good","technology_alternatives":["tech.surface_coal_use","tech.coal_mining","tech.industrial_coal_mining"]},{"id":"coal","kind":"natural_resource","technology_alternatives":["tech.coal_outcrop_identification"]}],"missing_required":["tech.surface_coal_collection","tech.masonry"],"technology":"tech.coal_adit_mining"}
   at: push_error (core/variant/variant_utility.cpp:1024)
   GDScript backtrace (most recent call first):
       [0] _init (res://tests/technology_unlock_closure_audit_test.gd:26)
ERROR: {"building":"coal_mine","missing_dependencies":[{"id":"lumber","kind":"construction_good","technology_alternatives":["tech.timber_sawing"]},{"id":"bricks","kind":"construction_good","technology_alternatives":["tech.clay_preparation"]},{"id":"construction_components","kind":"construction_good","technology_alternatives":["tech.adobe_making"]},{"id":"tools","kind":"input_good","technology_alternatives":["tech.precision_engineering","tech.surface_iron_collection","tech.machine_tools","tech.crucible_steel"]},{"id":"coal","kind":"natural_resource","technology_alternatives":["tech.coal_outcrop_identification"]}],"missing_required":[],"technology":"tech.coal_mining"}
   at: push_error (core/variant/variant_utility.cpp:1024)
   GDScript backtrace (most recent call first):
       [0] _init (res://tests/technology_unlock_closure_audit_test.gd:26)
ERROR: {"building":"cobbler_shop","missing_dependencies":[{"id":"lumber","kind":"construction_good","technology_alternatives":["tech.timber_sawing"]},{"id":"bricks","kind":"construction_good","technology_alternatives":["tech.clay_preparation"]},{"id":"construction_components","kind":"construction_good","technology_alternatives":["tech.adobe_making"]},{"id":"tools","kind":"input_good","technology_alternatives":["tech.bronze_casting","tech.precision_engineering","tech.surface_iron_collection","tech.machine_tools","tech.crucible_steel"]}],"missing_required":[],"technology":"tech.hide_tanning"}
   at: push_error (core/variant/variant_utility.cpp:1024)
   GDScript backtrace (most recent call first):
       [0] _init (res://tests/technology_unlock_closure_audit_test.gd:26)
ERROR: {"building":"coke_ovens","missing_dependencies":[{"id":"lumber","kind":"construction_good","technology_alternatives":["tech.timber_sawing"]},{"id":"bricks","kind":"construction_good","technology_alternatives":["tech.clay_preparation"]},{"id":"construction_components","kind":"construction_good","technology_alternatives":["tech.adobe_making"]},{"id":"coal","kind":"input_good","technology_alternatives":["tech.surface_coal_use","tech.coal_mining","tech.industrial_coal_mining"]}],"missing_required":[],"technology":"tech.coke_smelting"}
   at: push_error (core/variant/variant_utility.cpp:1024)
   GDScript backtrace (most recent call first):
       [0] _init (res://tests/technology_unlock_closure_audit_test.gd:26)
ERROR: {"building":"communal_hearth","missing_dependencies":[{"id":"logs","kind":"construction_good","technology_alternatives":["tech.deadwood_collection"]},{"id":"gathered_plants","kind":"construction_good","technology_alternatives":["tech.gathering"]},{"id":"gathered_plants","kind":"input_good","technology_alternatives":["tech.gathering"]},{"id":"game_meat","kind":"input_good","technology_alternatives":["tech.hunting"]},{"id":"logs","kind":"input_good","technology_alternatives":["tech.deadwood_collection"]},{"id":"prepared_staples","kind":"output_good","technology_alternatives":["tech.hearth_preservation"]}],"missing_required":[],"technology":"tech.fire_control"}
   at: push_error (core/variant/variant_utility.cpp:1024)
   GDScript backtrace (most recent call first):
       [0] _init (res://tests/technology_unlock_closure_audit_test.gd:26)
ERROR: {"building":"composting_yard","missing_dependencies":[{"id":"lumber","kind":"construction_good","technology_alternatives":["tech.timber_sawing"]},{"id":"bricks","kind":"construction_good","technology_alternatives":["tech.clay_preparation"]},{"id":"construction_components","kind":"construction_good","technology_alternatives":["tech.adobe_making"]},{"id":"livestock_products","kind":"input_good","technology_alternatives":["tech.herd_management"]},{"id":"tools","kind":"input_good","technology_alternatives":["tech.bronze_casting","tech.precision_engineering","tech.surface_iron_collection","tech.machine_tools","tech.crucible_steel"]},{"id":"fertilizer","kind":"output_good","technology_alternatives":["tech.fertilizer_processing","tech.synthetic_fertilizer"]}],"missing_required":[],"technology":"tech.crop_rotation"}
   at: push_error (core/variant/variant_utility.cpp:1024)
   GDScript backtrace (most recent call first):
       [0] _init (res://tests/technology_unlock_closure_audit_test.gd:26)
ERROR: {"building":"computers_plant","missing_dependencies":[{"id":"construction_components","kind":"construction_good","technology_alternatives":["tech.adobe_making"]},{"id":"steel","kind":"construction_good","technology_alternatives":["tech.blast_furnace","tech.coke_smelting","tech.advanced_metallurgy"]},{"id":"concrete","kind":"construction_good","technology_alternatives":["tech.synthetic_materials"]},{"id":"glass","kind":"construction_good","technology_alternatives":["tech.early_glassmaking"]},{"id":"semiconductors","kind":"input_good","technology_alternatives":["tech.semiconductor_manufacturing"]},{"id":"electronic_components","kind":"input_good","technology_alternatives":["tech.radio"]},{"id":"plastics","kind":"input_good","technology_alternatives":["tech.plastics_engineering"]},{"id":"tools","kind":"input_good","technology_alternatives":["tech.precision_engineering"]},{"id":"electricity","kind":"input_good","technology_alternatives":["tech.electric_generation"]},{"id":"industrial_machinery","kind":"input_good","technology_alternatives":["tech.factory_system"]},{"id":"technology_points","kind":"input_good","technology_alternatives":["tech.oral_memory_practice","tech.phenology_observation","tech.flood_calendar_practice","tech.pastoral_route_memory","tech.tide_observation"]}],"missing_required":[],"technology":"tech.digital_computing"}
   at: push_error (core/variant/variant_utility.cpp:1024)
   GDScript backtrace (most recent call first):
       [0] _init (res://tests/technology_unlock_closure_audit_test.gd:26)
ERROR: {"building":"computing_research_center","missing_dependencies":[{"id":"steel","kind":"construction_good","technology_alternatives":["tech.blast_furnace","tech.coke_smelting","tech.advanced_metallurgy"]},{"id":"concrete","kind":"construction_good","technology_alternatives":["tech.synthetic_materials"]},{"id":"glass","kind":"construction_good","technology_alternatives":["tech.early_glassmaking"]},{"id":"construction_components","kind":"construction_good","technology_alternatives":["tech.adobe_making"]},{"id":"computers","kind":"input_good","technology_alternatives":["tech.digital_computing"]},{"id":"electricity","kind":"input_good","technology_alternatives":["tech.electric_generation"]},{"id":"telecom_equipment","kind":"input_good","technology_alternatives":["tech.networked_computing"]},{"id":"technology_points","kind":"output_good","technology_alternatives":["tech.oral_memory_practice","tech.phenology_observation","tech.flood_calendar_practice","tech.pastoral_route_memory","tech.tide_observation"]}],"missing_required":[],"technology":"tech.software_engineering"}
   at: push_error (core/variant/variant_utility.cpp:1024)
   GDScript backtrace (most recent call first):
       [0] _init (res://tests/technology_unlock_closure_audit_test.gd:26)
ERROR: {"building":"concrete_plant","missing_dependencies":[{"id":"bricks","kind":"construction_good","technology_alternatives":["tech.clay_preparation"]},{"id":"construction_components","kind":"construction_good","technology_alternatives":["tech.adobe_making"]},{"id":"steel","kind":"construction_good","technology_alternatives":["tech.blast_furnace","tech.coke_smelting","tech.advanced_metallurgy"]},{"id":"cement","kind":"input_good","technology_alternatives":["tech.hydraulic_engineering"]},{"id":"raw_stone","kind":"input_good","technology_alternatives":["tech.ground_stone_tools"]},{"id":"tools","kind":"input_good","technology_alternatives":["tech.precision_engineering","tech.surface_iron_collection","tech.machine_tools","tech.crucible_steel"]}],"missing_required":["tech.hydraulic_engineering","tech.mass_production"],"technology":"tech.synthetic_materials"}
   at: push_error (core/variant/variant_utility.cpp:1024)
   GDScript backtrace (most recent call first):
       [0] _init (res://tests/technology_unlock_closure_audit_test.gd:26)
ERROR: {"building":"construction_components_plant","missing_dependencies":[{"id":"lumber","kind":"construction_good","technology_alternatives":["tech.timber_sawing"]},{"id":"bricks","kind":"construction_good","technology_alternatives":["tech.clay_preparation"]},{"id":"concrete","kind":"input_good","technology_alternatives":["tech.synthetic_materials"]},{"id":"steel","kind":"input_good","technology_alternatives":["tech.specialty_alloys","tech.blast_furnace","tech.coke_smelting","tech.advanced_metallurgy"]},{"id":"glass","kind":"input_good","technology_alternatives":["tech.early_glassmaking"]},{"id":"tools","kind":"input_good","technology_alternatives":["tech.precision_engineering","tech.surface_iron_collection","tech.machine_tools","tech.crucible_steel"]},{"id":"construction_components","kind":"output_good","technology_alternatives":["tech.adobe_making"]}],"missing_required":[],"technology":"tech.mechanical_workshops"}
   at: push_error (core/variant/variant_utility.cpp:1024)
   GDScript backtrace (most recent call first):
       [0] _init (res://tests/technology_unlock_closure_audit_test.gd:26)
ERROR: {"building":"copper_ore_collector","missing_dependencies":[{"id":"logs","kind":"construction_good","technology_alternatives":["tech.deadwood_collection"]},{"id":"raw_stone","kind":"construction_good","technology_alternatives":["tech.ground_stone_tools"]},{"id":"bricks","kind":"construction_good","technology_alternatives":["tech.clay_preparation"]},{"id":"tools","kind":"input_good","technology_alternatives":["tech.bronze_casting","tech.precision_engineering","tech.surface_iron_collection","tech.machine_tools","tech.crucible_steel"]},{"id":"copper_ore","kind":"natural_resource","technology_alternatives":["tech.natural_copper_identification"]}],"missing_required":["tech.natural_copper_identification","tech.copper_annealing"],"technology":"tech.copper_ore_roasting"}
   at: push_error (core/variant/variant_utility.cpp:1024)
   GDScript backtrace (most recent call first):
       [0] _init (res://tests/technology_unlock_closure_audit_test.gd:26)
ERROR: {"building":"copper_plant","missing_dependencies":[{"id":"lumber","kind":"construction_good","technology_alternatives":["tech.timber_sawing"]},{"id":"bricks","kind":"construction_good","technology_alternatives":["tech.clay_preparation"]},{"id":"construction_components","kind":"construction_good","technology_alternatives":["tech.adobe_making"]},{"id":"copper_ore","kind":"input_good","technology_alternatives":["tech.copper_ore_roasting"]},{"id":"copper","kind":"output_good","technology_alternatives":["tech.copper_metallurgy"]}],"missing_required":[],"technology":"tech.advanced_metallurgy"}
   at: push_error (core/variant/variant_utility.cpp:1024)
   GDScript backtrace (most recent call first):
       [0] _init (res://tests/technology_unlock_closure_audit_test.gd:26)
ERROR: {"building":"cottage_weaving","missing_dependencies":[{"id":"lumber","kind":"construction_good","technology_alternatives":["tech.timber_sawing"]},{"id":"bricks","kind":"construction_good","technology_alternatives":["tech.clay_preparation"]},{"id":"construction_components","kind":"construction_good","technology_alternatives":["tech.adobe_making"]},{"id":"arable_land","kind":"natural_resource","technology_alternatives":["tech.rainfed_field_system"]},{"id":"fertile_soil","kind":"natural_resource","technology_alternatives":["tech.gathering","tech.rainfed_field_system"]}],"missing_required":[],"technology":"tech.hand_spinning"}
   at: push_error (core/variant/variant_utility.cpp:1024)
   GDScript backtrace (most recent call first):
       [0] _init (res://tests/technology_unlock_closure_audit_test.gd:26)
ERROR: {"building":"cotton_collector","missing_dependencies":[{"id":"lumber","kind":"construction_good","technology_alternatives":["tech.timber_sawing"]},{"id":"bricks","kind":"construction_good","technology_alternatives":["tech.clay_preparation"]},{"id":"construction_components","kind":"construction_good","technology_alternatives":["tech.adobe_making"]},{"id":"seed_cotton","kind":"output_good","technology_alternatives":["tech.cotton_gardening"]},{"id":"arable_land","kind":"natural_resource","technology_alternatives":["tech.rainfed_field_system"]},{"id":"fertile_soil","kind":"natural_resource","technology_alternatives":["tech.gathering","tech.rainfed_field_system"]}],"missing_required":["tech.cotton_gardening","tech.indentured_contracts","tech.commodity_crop_management"],"technology":"tech.estate_plantation_management"}
   at: push_error (core/variant/variant_utility.cpp:1024)
   GDScript backtrace (most recent call first):
       [0] _init (res://tests/technology_unlock_closure_audit_test.gd:26)
ERROR: {"building":"cotton_garden","missing_dependencies":[{"id":"arable_land","kind":"natural_resource","technology_alternatives":["tech.rainfed_field_system"]},{"id":"fertile_soil","kind":"natural_resource","technology_alternatives":["tech.gathering","tech.rainfed_field_system"]}],"missing_required":["tech.cotton_ginning","tech.crop_domestication"],"technology":"tech.cotton_gardening"}
   at: push_error (core/variant/variant_utility.cpp:1024)
   GDScript backtrace (most recent call first):
       [0] _init (res://tests/technology_unlock_closure_audit_test.gd:26)
ERROR: {"building":"cotton_ginning_shelter","missing_dependencies":[{"id":"seed_cotton","kind":"construction_good","technology_alternatives":["tech.cotton_gardening"]},{"id":"seed_cotton","kind":"input_good","technology_alternatives":["tech.cotton_gardening"]}],"missing_required":["tech.wild_cotton_collection"],"technology":"tech.cotton_ginning"}
   at: push_error (core/variant/variant_utility.cpp:1024)
   GDScript backtrace (most recent call first):
       [0] _init (res://tests/technology_unlock_closure_audit_test.gd:26)
ERROR: {"building":"court_tailor","missing_dependencies":[{"id":"lumber","kind":"construction_good","technology_alternatives":["tech.timber_sawing"]},{"id":"bricks","kind":"construction_good","technology_alternatives":["tech.clay_preparation"]},{"id":"construction_components","kind":"construction_good","technology_alternatives":["tech.adobe_making"]},{"id":"cloth","kind":"input_good","technology_alternatives":["tech.fiber_twisting","tech.weaving"]},{"id":"fur","kind":"input_good","technology_alternatives":["tech.fur_sewing"]},{"id":"tools","kind":"input_good","technology_alternatives":["tech.bronze_casting","tech.precision_engineering","tech.surface_iron_collection","tech.machine_tools","tech.crucible_steel"]}],"missing_required":[],"technology":"tech.guild_apprenticeship"}
   at: push_error (core/variant/variant_utility.cpp:1024)
   GDScript backtrace (most recent call first):
       [0] _init (res://tests/technology_unlock_closure_audit_test.gd:26)
ERROR: {"building":"creamery","missing_dependencies":[{"id":"logs","kind":"construction_good","technology_alternatives":["tech.deadwood_collection"]},{"id":"raw_stone","kind":"construction_good","technology_alternatives":["tech.ground_stone_tools"]}],"missing_required":[],"technology":"tech.dairy_processing"}
   at: push_error (core/variant/variant_utility.cpp:1024)
   GDScript backtrace (most recent call first):
       [0] _init (res://tests/technology_unlock_closure_audit_test.gd:26)
ERROR: {"building":"dairy_products_plant","missing_dependencies":[{"id":"lumber","kind":"construction_good","technology_alternatives":["tech.timber_sawing"]},{"id":"bricks","kind":"construction_good","technology_alternatives":["tech.clay_preparation"]},{"id":"construction_components","kind":"construction_good","technology_alternatives":["tech.adobe_making"]},{"id":"steel","kind":"construction_good","technology_alternatives":["tech.blast_furnace","tech.coke_smelting","tech.advanced_metallurgy"]},{"id":"livestock_products","kind":"input_good","technology_alternatives":["tech.herd_management"]},{"id":"packaging","kind":"input_good","technology_alternatives":["tech.screw_press_printing"]},{"id":"tools","kind":"input_good","technology_alternatives":["tech.precision_engineering","tech.surface_iron_collection","tech.machine_tools","tech.crucible_steel"]},{"id":"dairy_products","kind":"output_good","technology_alternatives":["tech.dairy_processing"]}],"missing_required":["tech.refrigeration","tech.assembly_line","tech.industrial_organization"],"technology":"tech.cold_chain"}
   at: push_error (core/variant/variant_utility.cpp:1024)
   GDScript backtrace (most recent call first):
       [0] _init (res://tests/technology_unlock_closure_audit_test.gd:26)
ERROR: {"building":"detergent_plant","missing_dependencies":[{"id":"construction_components","kind":"construction_good","technology_alternatives":["tech.adobe_making"]},{"id":"steel","kind":"construction_good","technology_alternatives":["tech.blast_furnace","tech.coke_smelting","tech.advanced_metallurgy"]},{"id":"concrete","kind":"construction_good","technology_alternatives":["tech.synthetic_materials"]},{"id":"glass","kind":"construction_good","technology_alternatives":["tech.early_glassmaking"]},{"id":"petrochemicals","kind":"input_good","technology_alternatives":["tech.petrochemical_industry"]},{"id":"industrial_chemicals","kind":"input_good","technology_alternatives":["tech.industrial_chemistry"]},{"id":"tools","kind":"input_good","technology_alternatives":["tech.precision_engineering","tech.surface_iron_collection","tech.machine_tools","tech.crucible_steel"]},{"id":"electricity","kind":"input_good","technology_alternatives":["tech.electric_generation"]},{"id":"industrial_machinery","kind":"input_good","technology_alternatives":["tech.factory_system"]}],"missing_required":[],"technology":"tech.scientific_classification"}
   at: push_error (core/variant/variant_utility.cpp:1024)
   GDScript backtrace (most recent call first):
       [0] _init (res://tests/technology_unlock_closure_audit_test.gd:26)
ERROR: {"building":"digital_computer_workshop","missing_dependencies":[{"id":"construction_components","kind":"construction_good","technology_alternatives":["tech.adobe_making"]},{"id":"steel","kind":"construction_good","technology_alternatives":["tech.blast_furnace","tech.coke_smelting","tech.advanced_metallurgy"]},{"id":"concrete","kind":"construction_good","technology_alternatives":["tech.synthetic_materials"]},{"id":"glass","kind":"construction_good","technology_alternatives":["tech.early_glassmaking"]},{"id":"precision_tools","kind":"input_good","technology_alternatives":["tech.precision_engineering"]},{"id":"copper","kind":"input_good","technology_alternatives":["tech.copper_metallurgy"]},{"id":"electricity","kind":"input_good","technology_alternatives":["tech.electric_generation"]}],"missing_required":[],"technology":"tech.digital_computing"}
   at: push_error (core/variant/variant_utility.cpp:1024)
   GDScript backtrace (most recent call first):
       [0] _init (res://tests/technology_unlock_closure_audit_test.gd:26)
ERROR: {"building":"distillery","missing_dependencies":[{"id":"lumber","kind":"construction_good","technology_alternatives":["tech.timber_sawing"]},{"id":"bricks","kind":"construction_good","technology_alternatives":["tech.clay_preparation"]},{"id":"construction_components","kind":"construction_good","technology_alternatives":["tech.adobe_making"]},{"id":"grain","kind":"input_good","technology_alternatives":["tech.wild_maize_collection","tech.maize_garden_horticulture","tech.household_landholding","tech.wild_rice_collection","tech.wetland_rice_gardening","tech.rice_paddy_cultivation","tech.wild_wheat_collection","tech.rainfed_wheat_cultivation"]},{"id":"pottery","kind":"input_good","technology_alternatives":["tech.hand_pottery"]},{"id":"tools","kind":"input_good","technology_alternatives":["tech.precision_engineering","tech.surface_iron_collection","tech.machine_tools","tech.crucible_steel"]}],"missing_required":[],"technology":"tech.fermentation"}
   at: push_error (core/variant/variant_utility.cpp:1024)
   GDScript backtrace (most recent call first):
       [0] _init (res://tests/technology_unlock_closure_audit_test.gd:26)
ERROR: {"building":"dryland_wheat_field","missing_dependencies":[{"id":"adobe_brick","kind":"construction_good","technology_alternatives":["tech.adobe_making"]},{"id":"arable_land","kind":"natural_resource","technology_alternatives":["tech.rainfed_field_system"]}],"missing_required":["tech.wheat_propagation","tech.dryland_water_retention"],"technology":"tech.dryland_wheat_cultivation"}
   at: push_error (core/variant/variant_utility.cpp:1024)
   GDScript backtrace (most recent call first):
       [0] _init (res://tests/technology_unlock_closure_audit_test.gd:26)
ERROR: {"building":"early_clay_pit","missing_dependencies":[{"id":"logs","kind":"construction_good","technology_alternatives":["tech.deadwood_collection"]},{"id":"raw_stone","kind":"construction_good","technology_alternatives":["tech.ground_stone_tools"]}],"missing_required":["tech.deadwood_collection","tech.stone_knapping"],"technology":"tech.clay_preparation"}
   at: push_error (core/variant/variant_utility.cpp:1024)
   GDScript backtrace (most recent call first):
       [0] _init (res://tests/technology_unlock_closure_audit_test.gd:26)
ERROR: {"building":"early_copper_mine","missing_dependencies":[{"id":"logs","kind":"construction_good","technology_alternatives":["tech.deadwood_collection"]},{"id":"raw_stone","kind":"construction_good","technology_alternatives":["tech.ground_stone_tools"]},{"id":"copper_ore","kind":"natural_resource","technology_alternatives":["tech.natural_copper_identification"]}],"missing_required":["tech.copper_metallurgy"],"technology":"tech.mine_timbering"}
   at: push_error (core/variant/variant_utility.cpp:1024)
   GDScript backtrace (most recent call first):
       [0] _init (res://tests/technology_unlock_closure_audit_test.gd:26)
ERROR: {"building":"early_copper_smelter","missing_dependencies":[{"id":"logs","kind":"construction_good","technology_alternatives":["tech.deadwood_collection"]},{"id":"raw_stone","kind":"construction_good","technology_alternatives":["tech.ground_stone_tools"]},{"id":"copper_ore","kind":"input_good","technology_alternatives":["tech.copper_ore_roasting"]},{"id":"charcoal","kind":"input_good","technology_alternatives":["tech.charcoal_burning"]}],"missing_required":["tech.copper_ore_roasting","tech.charcoal_burning","tech.pottery"],"technology":"tech.copper_metallurgy"}
   at: push_error (core/variant/variant_utility.cpp:1024)
   GDScript backtrace (most recent call first):
       [0] _init (res://tests/technology_unlock_closure_audit_test.gd:26)
ERROR: {"building":"early_iron_mine","missing_dependencies":[{"id":"logs","kind":"construction_good","technology_alternatives":["tech.deadwood_collection"]},{"id":"raw_stone","kind":"construction_good","technology_alternatives":["tech.ground_stone_tools"]},{"id":"bricks","kind":"construction_good","technology_alternatives":["tech.clay_preparation"]},{"id":"bronze_tools","kind":"input_good","technology_alternatives":["tech.bronze_casting"]}],"missing_required":[],"technology":"tech.surface_iron_collection"}
   at: push_error (core/variant/variant_utility.cpp:1024)
   GDScript backtrace (most recent call first):
       [0] _init (res://tests/technology_unlock_closure_audit_test.gd:26)
ERROR: {"building":"early_oil_well","missing_dependencies":[{"id":"lumber","kind":"construction_good","technology_alternatives":["tech.timber_sawing"]},{"id":"bricks","kind":"construction_good","technology_alternatives":["tech.clay_preparation"]},{"id":"construction_components","kind":"construction_good","technology_alternatives":["tech.adobe_making"]},{"id":"precision_tools","kind":"input_good","technology_alternatives":["tech.precision_engineering"]},{"id":"crude_oil","kind":"output_good","technology_alternatives":["tech.petroleum_extraction"]},{"id":"oil","kind":"natural_resource","technology_alternatives":["tech.petroleum_extraction"]}],"missing_required":["tech.petroleum_extraction"],"technology":"tech.petroleum_drilling"}
   at: push_error (core/variant/variant_utility.cpp:1024)
   GDScript backtrace (most recent call first):
       [0] _init (res://tests/technology_unlock_closure_audit_test.gd:26)
ERROR: {"building":"early_tin_mine","missing_dependencies":[{"id":"logs","kind":"construction_good","technology_alternatives":["tech.deadwood_collection"]},{"id":"raw_stone","kind":"construction_good","technology_alternatives":["tech.ground_stone_tools"]},{"id":"tin_ore","kind":"output_good","technology_alternatives":["tech.tin_identification"]},{"id":"tin_ore","kind":"natural_resource","technology_alternatives":["tech.tin_identification"]}],"missing_required":["tech.bronze_casting"],"technology":"tech.mine_timbering"}
   at: push_error (core/variant/variant_utility.cpp:1024)
   GDScript backtrace (most recent call first):
       [0] _init (res://tests/technology_unlock_closure_audit_test.gd:26)
ERROR: {"building":"early_tin_smelter","missing_dependencies":[{"id":"logs","kind":"construction_good","technology_alternatives":["tech.deadwood_collection"]},{"id":"raw_stone","kind":"construction_good","technology_alternatives":["tech.ground_stone_tools"]},{"id":"tin_ore","kind":"input_good","technology_alternatives":["tech.tin_identification"]},{"id":"logs","kind":"input_good","technology_alternatives":["tech.deadwood_collection"]}],"missing_required":["tech.kiln_firing","tech.tin_identification","tech.copper_metallurgy"],"technology":"tech.bronze_casting"}
   at: push_error (core/variant/variant_utility.cpp:1024)
   GDScript backtrace (most recent call first):
       [0] _init (res://tests/technology_unlock_closure_audit_test.gd:26)
ERROR: {"building":"edible_oil_plant","missing_dependencies":[{"id":"lumber","kind":"construction_good","technology_alternatives":["tech.timber_sawing"]},{"id":"bricks","kind":"construction_good","technology_alternatives":["tech.clay_preparation"]},{"id":"construction_components","kind":"construction_good","technology_alternatives":["tech.adobe_making"]},{"id":"corn_grain","kind":"input_good","technology_alternatives":["tech.wild_maize_collection","tech.maize_garden_horticulture"]},{"id":"tools","kind":"input_good","technology_alternatives":["tech.bronze_casting","tech.precision_engineering","tech.surface_iron_collection","tech.machine_tools","tech.crucible_steel"]}],"missing_required":[],"technology":"tech.crop_rotation"}
   at: push_error (core/variant/variant_utility.cpp:1024)
   GDScript backtrace (most recent call first):
       [0] _init (res://tests/technology_unlock_closure_audit_test.gd:26)
ERROR: {"building":"electric_motor_plant","missing_dependencies":[{"id":"construction_components","kind":"construction_good","technology_alternatives":["tech.adobe_making"]},{"id":"steel","kind":"construction_good","technology_alternatives":["tech.blast_furnace","tech.coke_smelting","tech.advanced_metallurgy"]},{"id":"concrete","kind":"construction_good","technology_alternatives":["tech.synthetic_materials"]},{"id":"glass","kind":"construction_good","technology_alternatives":["tech.early_glassmaking"]},{"id":"copper","kind":"input_good","technology_alternatives":["tech.specialty_alloys","tech.copper_metallurgy"]},{"id":"steel","kind":"input_good","technology_alternatives":["tech.specialty_alloys","tech.blast_furnace","tech.coke_smelting","tech.advanced_metallurgy"]},{"id":"tools","kind":"input_good","technology_alternatives":["tech.precision_engineering","tech.surface_iron_collection","tech.machine_tools","tech.crucible_steel"]},{"id":"electricity","kind":"input_good","technology_alternatives":["tech.electric_generation"]},{"id":"industrial_machinery","kind":"input_good","technology_alternatives":["tech.factory_system"]},{"id":"technology_points","kind":"input_good","technology_alternatives":["tech.oral_memory_practice","tech.phenology_observation","tech.flood_calendar_practice","tech.pastoral_route_memory","tech.tide_observation"]}],"missing_required":[],"technology":"tech.electric_motors"}
   at: push_error (core/variant/variant_utility.cpp:1024)
   GDScript backtrace (most recent call first):
       [0] _init (res://tests/technology_unlock_closure_audit_test.gd:26)
ERROR: {"building":"electrical_equipment_plant","missing_dependencies":[{"id":"steel","kind":"construction_good","technology_alternatives":["tech.blast_furnace","tech.coke_smelting","tech.advanced_metallurgy"]},{"id":"concrete","kind":"construction_good","technology_alternatives":["tech.synthetic_materials"]},{"id":"glass","kind":"construction_good","technology_alternatives":["tech.early_glassmaking"]},{"id":"wire","kind":"input_good","technology_alternatives":["tech.electromagnetic_induction"]},{"id":"steel","kind":"input_good","technology_alternatives":["tech.specialty_alloys","tech.blast_furnace","tech.coke_smelting","tech.advanced_metallurgy"]},{"id":"plastics","kind":"input_good","technology_alternatives":["tech.plastics_engineering"]},{"id":"tools","kind":"input_good","technology_alternatives":["tech.precision_engineering","tech.surface_iron_collection","tech.machine_tools","tech.crucible_steel"]},{"id":"electricity","kind":"input_good","technology_alternatives":["tech.electric_generation"]},{"id":"industrial_machinery","kind":"input_good","technology_alternatives":["tech.factory_system"]}],"missing_required":[],"technology":"tech.electrification"}
   at: push_error (core/variant/variant_utility.cpp:1024)
   GDScript backtrace (most recent call first):
       [0] _init (res://tests/technology_unlock_closure_audit_test.gd:26)
ERROR: {"building":"electricity_plant","missing_dependencies":[{"id":"construction_components","kind":"construction_good","technology_alternatives":["tech.adobe_making"]},{"id":"steel","kind":"construction_good","technology_alternatives":["tech.blast_furnace","tech.coke_smelting","tech.advanced_metallurgy"]},{"id":"concrete","kind":"construction_good","technology_alternatives":["tech.synthetic_materials"]},{"id":"glass","kind":"construction_good","technology_alternatives":["tech.early_glassmaking"]},{"id":"coal","kind":"input_good","technology_alternatives":["tech.surface_coal_use","tech.coal_mining","tech.industrial_coal_mining"]},{"id":"tools","kind":"input_good","technology_alternatives":["tech.precision_engineering","tech.surface_iron_collection","tech.machine_tools","tech.crucible_steel"]}],"missing_required":[],"technology":"tech.electric_generation"}
   at: push_error (core/variant/variant_utility.cpp:1024)
   GDScript backtrace (most recent call first):
       [0] _init (res://tests/technology_unlock_closure_audit_test.gd:26)
ERROR: {"building":"electrochemical_works","missing_dependencies":[{"id":"construction_components","kind":"construction_good","technology_alternatives":["tech.adobe_making"]},{"id":"steel","kind":"construction_good","technology_alternatives":["tech.blast_furnace","tech.coke_smelting","tech.advanced_metallurgy"]},{"id":"concrete","kind":"construction_good","technology_alternatives":["tech.synthetic_materials"]},{"id":"glass","kind":"construction_good","technology_alternatives":["tech.early_glassmaking"]},{"id":"salt","kind":"input_good","technology_alternatives":["tech.salt_preservation"]},{"id":"electricity","kind":"input_good","technology_alternatives":["tech.electric_generation"]},{"id":"tools","kind":"input_good","technology_alternatives":["tech.precision_engineering","tech.surface_iron_collection","tech.machine_tools","tech.crucible_steel"]},{"id":"industrial_machinery","kind":"input_good","technology_alternatives":["tech.factory_system"]},{"id":"technology_points","kind":"input_good","technology_alternatives":["tech.oral_memory_practice","tech.phenology_observation","tech.flood_calendar_practice","tech.pastoral_route_memory","tech.tide_observation"]},{"id":"industrial_chemicals","kind":"output_good","technology_alternatives":["tech.industrial_chemistry"]}],"missing_required":[],"technology":"tech.electrochemistry"}
   at: push_error (core/variant/variant_utility.cpp:1024)
   GDScript backtrace (most recent call first):
       [0] _init (res://tests/technology_unlock_closure_audit_test.gd:26)
ERROR: {"building":"electronic_components_plant","missing_dependencies":[{"id":"construction_components","kind":"construction_good","technology_alternatives":["tech.adobe_making"]},{"id":"steel","kind":"construction_good","technology_alternatives":["tech.blast_furnace","tech.coke_smelting","tech.advanced_metallurgy"]},{"id":"concrete","kind":"construction_good","technology_alternatives":["tech.synthetic_materials"]},{"id":"glass","kind":"construction_good","technology_alternatives":["tech.early_glassmaking"]},{"id":"copper","kind":"input_good","technology_alternatives":["tech.copper_metallurgy"]},{"id":"tin","kind":"input_good","technology_alternatives":["tech.bronze_casting"]},{"id":"zinc","kind":"input_good","technology_alternatives":["tech.electrochemistry"]},{"id":"plastics","kind":"input_good","technology_alternatives":["tech.plastics_engineering"]},{"id":"tools","kind":"input_good","technology_alternatives":["tech.precision_engineering","tech.surface_iron_collection","tech.machine_tools","tech.crucible_steel"]},{"id":"electricity","kind":"input_good","technology_alternatives":["tech.electric_generation"]},{"id":"industrial_machinery","kind":"input_good","technology_alternatives":["tech.factory_system"]}],"missing_required":[],"technology":"tech.radio"}
   at: push_error (core/variant/variant_utility.cpp:1024)
   GDScript backtrace (most recent call first):
       [0] _init (res://tests/technology_unlock_closure_audit_test.gd:26)
ERROR: {"building":"engines_plant","missing_dependencies":[{"id":"construction_components","kind":"construction_good","technology_alternatives":["tech.adobe_making"]},{"id":"steel","kind":"construction_good","technology_alternatives":["tech.blast_furnace","tech.coke_smelting","tech.advanced_metallurgy"]},{"id":"concrete","kind":"construction_good","technology_alternatives":["tech.synthetic_materials"]},{"id":"glass","kind":"construction_good","technology_alternatives":["tech.early_glassmaking"]},{"id":"steel","kind":"input_good","technology_alternatives":["tech.blast_furnace","tech.coke_smelting","tech.advanced_metallurgy"]},{"id":"aluminum","kind":"input_good","technology_alternatives":["tech.specialty_alloys"]},{"id":"machine_parts","kind":"input_good","technology_alternatives":["tech.mechanical_workshops"]},{"id":"lubricants","kind":"input_good","technology_alternatives":["tech.industrial_ecology"]},{"id":"tools","kind":"input_good","technology_alternatives":["tech.precision_engineering","tech.surface_iron_collection","tech.machine_tools","tech.crucible_steel"]},{"id":"electricity","kind":"input_good","technology_alternatives":["tech.electric_generation"]},{"id":"industrial_machinery","kind":"input_good","technology_alternatives":["tech.factory_system"]}],"missing_required":[],"technology":"tech.internal_combustion"}
   at: push_error (core/variant/variant_utility.cpp:1024)
   GDScript backtrace (most recent call first):
       [0] _init (res://tests/technology_unlock_closure_audit_test.gd:26)
ERROR: {"building":"estate_paddy","missing_dependencies":[{"id":"bricks","kind":"construction_good","technology_alternatives":["tech.clay_preparation"]},{"id":"lumber","kind":"construction_good","technology_alternatives":["tech.timber_sawing"]}],"missing_required":["tech.rice_water_control","tech.estate_accounting","tech.serf_obligations","tech.public_storehouses"],"technology":"tech.estate_paddy_management"}
   at: push_error (core/variant/variant_utility.cpp:1024)
   GDScript backtrace (most recent call first):
       [0] _init (res://tests/technology_unlock_closure_audit_test.gd:26)
ERROR: {"building":"explosives_plant","missing_dependencies":[{"id":"lumber","kind":"construction_good","technology_alternatives":["tech.timber_sawing"]},{"id":"bricks","kind":"construction_good","technology_alternatives":["tech.clay_preparation"]},{"id":"construction_components","kind":"construction_good","technology_alternatives":["tech.adobe_making"]},{"id":"tools","kind":"input_good","technology_alternatives":["tech.precision_engineering","tech.surface_iron_collection","tech.machine_tools","tech.crucible_steel"]}],"missing_required":["tech.industrial_chemistry"],"technology":"tech.gunpowder_weapons"}
   at: push_error (core/variant/variant_utility.cpp:1024)
   GDScript backtrace (most recent call first):
       [0] _init (res://tests/technology_unlock_closure_audit_test.gd:26)
ERROR: {"building":"felt_making_tent","missing_dependencies":[{"id":"wool","kind":"input_good","technology_alternatives":["tech.wool_husbandry"]}],"missing_required":[],"technology":"tech.felt_making"}
   at: push_error (core/variant/variant_utility.cpp:1024)
   GDScript backtrace (most recent call first):
       [0] _init (res://tests/technology_unlock_closure_audit_test.gd:26)
ERROR: {"building":"fertile_soil_collector","missing_dependencies":[{"id":"logs","kind":"construction_good","technology_alternatives":["tech.deadwood_collection"]},{"id":"raw_stone","kind":"construction_good","technology_alternatives":["tech.ground_stone_tools"]},{"id":"arable_land","kind":"natural_resource","technology_alternatives":["tech.rainfed_field_system"]},{"id":"fertile_soil","kind":"natural_resource","technology_alternatives":["tech.gathering","tech.rainfed_field_system"]}],"missing_required":["tech.crop_domestication","tech.rainfed_field_system","tech.household_production"],"technology":"tech.household_landholding"}
   at: push_error (core/variant/variant_utility.cpp:1024)
   GDScript backtrace (most recent call first):
       [0] _init (res://tests/technology_unlock_closure_audit_test.gd:26)
ERROR: {"building":"fertilizer_plant","missing_dependencies":[{"id":"construction_components","kind":"construction_good","technology_alternatives":["tech.adobe_making"]},{"id":"steel","kind":"construction_good","technology_alternatives":["tech.blast_furnace","tech.coke_smelting","tech.advanced_metallurgy"]},{"id":"concrete","kind":"construction_good","technology_alternatives":["tech.synthetic_materials"]},{"id":"glass","kind":"construction_good","technology_alternatives":["tech.early_glassmaking"]},{"id":"phosphate_rock","kind":"input_good","technology_alternatives":["tech.fertilizer_processing"]},{"id":"natural_gas","kind":"input_good","technology_alternatives":["tech.petrochemical_cracking"]},{"id":"electricity","kind":"input_good","technology_alternatives":["tech.electric_generation"]},{"id":"tools","kind":"input_good","technology_alternatives":["tech.precision_engineering","tech.surface_iron_collection","tech.machine_tools","tech.crucible_steel"]},{"id":"industrial_machinery","kind":"input_good","technology_alternatives":["tech.factory_system"]}],"missing_required":[],"technology":"tech.synthetic_fertilizer"}
   at: push_error (core/variant/variant_utility.cpp:1024)
   GDScript backtrace (most recent call first):
       [0] _init (res://tests/technology_unlock_closure_audit_test.gd:26)
ERROR: {"building":"fine_clothing_plant","missing_dependencies":[{"id":"construction_components","kind":"construction_good","technology_alternatives":["tech.adobe_making"]},{"id":"steel","kind":"construction_good","technology_alternatives":["tech.blast_furnace","tech.coke_smelting","tech.advanced_metallurgy"]},{"id":"concrete","kind":"construction_good","technology_alternatives":["tech.synthetic_materials"]},{"id":"glass","kind":"construction_good","technology_alternatives":["tech.early_glassmaking"]},{"id":"industrial_chemicals","kind":"input_good","technology_alternatives":["tech.industrial_chemistry"]},{"id":"electricity","kind":"input_good","technology_alternatives":["tech.electric_generation"]},{"id":"tools","kind":"input_good","technology_alternatives":["tech.precision_engineering","tech.surface_iron_collection","tech.machine_tools","tech.crucible_steel"]},{"id":"industrial_machinery","kind":"input_good","technology_alternatives":["tech.factory_system"]},{"id":"fine_clothing","kind":"output_good","technology_alternatives":["tech.guild_apprenticeship"]}],"missing_required":["tech.mass_production"],"technology":"tech.corporate_management"}
   at: push_error (core/variant/variant_utility.cpp:1024)
   GDScript backtrace (most recent call first):
       [0] _init (res://tests/technology_unlock_closure_audit_test.gd:26)
ERROR: {"building":"fine_furniture_plant","missing_dependencies":[{"id":"construction_components","kind":"construction_good","technology_alternatives":["tech.adobe_making"]},{"id":"steel","kind":"construction_good","technology_alternatives":["tech.blast_furnace","tech.coke_smelting","tech.advanced_metallurgy"]},{"id":"concrete","kind":"construction_good","technology_alternatives":["tech.synthetic_materials"]},{"id":"glass","kind":"construction_good","technology_alternatives":["tech.early_glassmaking"]},{"id":"lumber","kind":"input_good","technology_alternatives":["tech.timber_sawing"]},{"id":"cloth","kind":"input_good","technology_alternatives":["tech.fiber_twisting","tech.weaving","tech.hide_tanning"]},{"id":"industrial_chemicals","kind":"input_good","technology_alternatives":["tech.industrial_chemistry"]},{"id":"tools","kind":"input_good","technology_alternatives":["tech.precision_engineering","tech.surface_iron_collection","tech.machine_tools","tech.crucible_steel"]},{"id":"electricity","kind":"input_good","technology_alternatives":["tech.electric_generation"]},{"id":"industrial_machinery","kind":"input_good","technology_alternatives":["tech.factory_system"]},{"id":"fine_furniture","kind":"output_good","technology_alternatives":["tech.guild_apprenticeship"]}],"missing_required":["tech.mass_production"],"technology":"tech.managerial_hierarchy"}
   at: push_error (core/variant/variant_utility.cpp:1024)
   GDScript backtrace (most recent call first):
       [0] _init (res://tests/technology_unlock_closure_audit_test.gd:26)
ERROR: {"building":"fired_brick_kiln","missing_dependencies":[{"id":"adobe_brick","kind":"construction_good","technology_alternatives":["tech.adobe_making"]},{"id":"raw_stone","kind":"construction_good","technology_alternatives":["tech.ground_stone_tools"]},{"id":"clay","kind":"input_good","technology_alternatives":["tech.earth_building"]},{"id":"charcoal","kind":"input_good","technology_alternatives":["tech.charcoal_burning"]},{"id":"bricks","kind":"output_good","technology_alternatives":["tech.clay_preparation"]}],"missing_required":["tech.adobe_making","tech.clay_preparation","tech.charcoal_burning"],"technology":"tech.kiln_firing"}
   at: push_error (core/variant/variant_utility.cpp:1024)
   GDScript backtrace (most recent call first):
       [0] _init (res://tests/technology_unlock_closure_audit_test.gd:26)
ERROR: {"building":"flax_collector","missing_dependencies":[{"id":"logs","kind":"construction_good","technology_alternatives":["tech.deadwood_collection"]},{"id":"raw_stone","kind":"construction_good","technology_alternatives":["tech.ground_stone_tools"]},{"id":"arable_land","kind":"natural_resource","technology_alternatives":["tech.rainfed_field_system"]},{"id":"fertile_soil","kind":"natural_resource","technology_alternatives":["tech.gathering","tech.rainfed_field_system"]}],"missing_required":["tech.wild_flax_collection","tech.rainfed_field_system","tech.crop_domestication"],"technology":"tech.flax_retting"}
   at: push_error (core/variant/variant_utility.cpp:1024)
   GDScript backtrace (most recent call first):
       [0] _init (res://tests/technology_unlock_closure_audit_test.gd:26)
ERROR: {"building":"flax_retting_pit","missing_dependencies":[{"id":"bast_fiber","kind":"construction_good","technology_alternatives":["tech.wild_flax_collection"]},{"id":"bast_fiber","kind":"input_good","technology_alternatives":["tech.wild_flax_collection"]}],"missing_required":["tech.wild_flax_collection"],"technology":"tech.flax_retting"}
   at: push_error (core/variant/variant_utility.cpp:1024)
   GDScript backtrace (most recent call first):
       [0] _init (res://tests/technology_unlock_closure_audit_test.gd:26)
ERROR: {"building":"flint_quarry","missing_dependencies":[{"id":"logs","kind":"construction_good","technology_alternatives":["tech.deadwood_collection"]},{"id":"gathered_plants","kind":"construction_good","technology_alternatives":["tech.gathering"]},{"id":"flint","kind":"output_good","technology_alternatives":["tech.flint_identification"]},{"id":"flint","kind":"natural_resource","technology_alternatives":["tech.flint_identification"]}],"missing_required":[],"technology":"tech.stone_knapping"}
   at: push_error (core/variant/variant_utility.cpp:1024)
   GDScript backtrace (most recent call first):
       [0] _init (res://tests/technology_unlock_closure_audit_test.gd:26)
ERROR: {"building":"flood_calendar_shrine","missing_dependencies":[{"id":"reed_bundle","kind":"construction_good","technology_alternatives":["tech.reed_harvesting"]}],"missing_required":[],"technology":"tech.flood_calendar_practice"}
   at: push_error (core/variant/variant_utility.cpp:1024)
   GDScript backtrace (most recent call first):
       [0] _init (res://tests/technology_unlock_closure_audit_test.gd:26)
ERROR: {"building":"floodplain_maize_plot","missing_dependencies":[{"id":"arable_land","kind":"natural_resource","technology_alternatives":["tech.rainfed_field_system"]}],"missing_required":["tech.maize_propagation","tech.irrigation_surveying"],"technology":"tech.flood_recession_maize"}
   at: push_error (core/variant/variant_utility.cpp:1024)
   GDScript backtrace (most recent call first):
       [0] _init (res://tests/technology_unlock_closure_audit_test.gd:26)
ERROR: {"building":"floodplain_wheat_plot","missing_dependencies":[{"id":"arable_land","kind":"natural_resource","technology_alternatives":["tech.rainfed_field_system"]}],"missing_required":["tech.wheat_propagation","tech.irrigation_surveying"],"technology":"tech.flood_recession_wheat"}
   at: push_error (core/variant/variant_utility.cpp:1024)
   GDScript backtrace (most recent call first):
       [0] _init (res://tests/technology_unlock_closure_audit_test.gd:26)
ERROR: {"building":"footwear_plant","missing_dependencies":[{"id":"lumber","kind":"construction_good","technology_alternatives":["tech.timber_sawing"]},{"id":"bricks","kind":"construction_good","technology_alternatives":["tech.clay_preparation"]},{"id":"steel","kind":"construction_good","technology_alternatives":["tech.blast_furnace","tech.coke_smelting","tech.advanced_metallurgy"]},{"id":"leather","kind":"input_good","technology_alternatives":["tech.fiber_twisting","tech.weaving","tech.hide_tanning"]},{"id":"latex","kind":"input_good","technology_alternatives":["tech.wild_latex_tapping","tech.latex_smoke_coagulation","tech.synthetic_materials"]},{"id":"tools","kind":"input_good","technology_alternatives":["tech.precision_engineering","tech.surface_iron_collection","tech.machine_tools","tech.crucible_steel"]},{"id":"footwear","kind":"output_good","technology_alternatives":["tech.hide_tanning"]}],"missing_required":["tech.textile_machinery"],"technology":"tech.interchangeable_parts"}
   at: push_error (core/variant/variant_utility.cpp:1024)
   GDScript backtrace (most recent call first):
       [0] _init (res://tests/technology_unlock_closure_audit_test.gd:26)
ERROR: {"building":"furniture_plant","missing_dependencies":[{"id":"lumber","kind":"construction_good","technology_alternatives":["tech.timber_sawing"]},{"id":"bricks","kind":"construction_good","technology_alternatives":["tech.clay_preparation"]},{"id":"construction_components","kind":"construction_good","technology_alternatives":["tech.adobe_making"]},{"id":"steel","kind":"construction_good","technology_alternatives":["tech.blast_furnace","tech.coke_smelting","tech.advanced_metallurgy"]},{"id":"lumber","kind":"input_good","technology_alternatives":["tech.timber_sawing"]},{"id":"cloth","kind":"input_good","technology_alternatives":["tech.fiber_twisting","tech.weaving","tech.hide_tanning"]},{"id":"tools","kind":"input_good","technology_alternatives":["tech.precision_engineering","tech.surface_iron_collection","tech.machine_tools","tech.crucible_steel"]},{"id":"furniture","kind":"output_good","technology_alternatives":["tech.guild_organization"]}],"missing_required":["tech.mass_production"],"technology":"tech.managerial_hierarchy"}
   at: push_error (core/variant/variant_utility.cpp:1024)
   GDScript backtrace (most recent call first):
       [0] _init (res://tests/technology_unlock_closure_audit_test.gd:26)
ERROR: {"building":"gas_power_plant","missing_dependencies":[{"id":"construction_components","kind":"construction_good","technology_alternatives":["tech.adobe_making"]},{"id":"steel","kind":"construction_good","technology_alternatives":["tech.blast_furnace","tech.coke_smelting","tech.advanced_metallurgy"]},{"id":"concrete","kind":"construction_good","technology_alternatives":["tech.synthetic_materials"]},{"id":"glass","kind":"construction_good","technology_alternatives":["tech.early_glassmaking"]},{"id":"natural_gas","kind":"input_good","technology_alternatives":["tech.petrochemical_cracking"]},{"id":"tools","kind":"input_good","technology_alternatives":["tech.precision_engineering","tech.surface_iron_collection","tech.machine_tools","tech.crucible_steel"]}],"missing_required":["tech.electric_grid","tech.petrochemical_cracking","tech.internal_combustion"],"technology":"tech.electric_generation"}
   at: push_error (core/variant/variant_utility.cpp:1024)
   GDScript backtrace (most recent call first):
       [0] _init (res://tests/technology_unlock_closure_audit_test.gd:26)
ERROR: {"building":"gathering_ground","missing_dependencies":[{"id":"logs","kind":"construction_good","technology_alternatives":["tech.deadwood_collection"]}],"missing_required":[],"technology":"tech.gathering"}
   at: push_error (core/variant/variant_utility.cpp:1024)
   GDScript backtrace (most recent call first):
       [0] _init (res://tests/technology_unlock_closure_audit_test.gd:26)
ERROR: {"building":"glass_plant","missing_dependencies":[{"id":"bricks","kind":"construction_good","technology_alternatives":["tech.clay_preparation"]},{"id":"construction_components","kind":"construction_good","technology_alternatives":["tech.adobe_making"]},{"id":"steel","kind":"construction_good","technology_alternatives":["tech.blast_furnace","tech.coke_smelting","tech.advanced_metallurgy"]},{"id":"silica_sand","kind":"input_good","technology_alternatives":["tech.early_glassmaking"]},{"id":"tools","kind":"input_good","technology_alternatives":["tech.precision_engineering","tech.surface_iron_collection","tech.machine_tools","tech.crucible_steel"]},{"id":"glass","kind":"output_good","technology_alternatives":["tech.early_glassmaking"]}],"missing_required":[],"technology":"tech.industrial_chemistry"}
   at: push_error (core/variant/variant_utility.cpp:1024)
   GDScript backtrace (most recent call first):
       [0] _init (res://tests/technology_unlock_closure_audit_test.gd:26)
ERROR: {"building":"gold_mine","missing_dependencies":[{"id":"lumber","kind":"construction_good","technology_alternatives":["tech.timber_sawing"]},{"id":"bricks","kind":"construction_good","technology_alternatives":["tech.clay_preparation"]},{"id":"construction_components","kind":"construction_good","technology_alternatives":["tech.adobe_making"]},{"id":"steel","kind":"construction_good","technology_alternatives":["tech.blast_furnace","tech.coke_smelting","tech.advanced_metallurgy"]},{"id":"gold","kind":"output_good","technology_alternatives":["tech.gold_panning"]},{"id":"gold_ore","kind":"natural_resource","technology_alternatives":["tech.gold_panning"]}],"missing_required":["tech.deep_mining"],"technology":"tech.shaft_sinking"}
   at: push_error (core/variant/variant_utility.cpp:1024)
   GDScript backtrace (most recent call first):
       [0] _init (res://tests/technology_unlock_closure_audit_test.gd:26)
ERROR: {"building":"gold_washing_refinery","missing_dependencies":[{"id":"raw_stone","kind":"construction_good","technology_alternatives":["tech.ground_stone_tools"]},{"id":"gold_ore","kind":"input_good","technology_alternatives":["tech.gold_panning"]},{"id":"charcoal","kind":"input_good","technology_alternatives":["tech.charcoal_burning"]},{"id":"gold","kind":"output_good","technology_alternatives":["tech.gold_panning"]}],"missing_required":["tech.gold_panning","tech.fire_control"],"technology":"tech.weights_and_measures"}
   at: push_error (core/variant/variant_utility.cpp:1024)
   GDScript backtrace (most recent call first):
       [0] _init (res://tests/technology_unlock_closure_audit_test.gd:26)
ERROR: {"building":"goldsmith_workshop","missing_dependencies":[{"id":"logs","kind":"construction_good","technology_alternatives":["tech.deadwood_collection"]},{"id":"raw_stone","kind":"construction_good","technology_alternatives":["tech.ground_stone_tools"]},{"id":"gold","kind":"input_good","technology_alternatives":["tech.gold_panning","tech.surface_silver_collection"]}],"missing_required":[],"technology":"tech.currency"}
   at: push_error (core/variant/variant_utility.cpp:1024)
   GDScript backtrace (most recent call first):
       [0] _init (res://tests/technology_unlock_closure_audit_test.gd:26)
ERROR: {"building":"guild_hall","missing_dependencies":[{"id":"lumber","kind":"construction_good","technology_alternatives":["tech.timber_sawing"]},{"id":"bricks","kind":"construction_good","technology_alternatives":["tech.clay_preparation"]},{"id":"construction_components","kind":"construction_good","technology_alternatives":["tech.adobe_making"]},{"id":"lumber","kind":"input_good","technology_alternatives":["tech.timber_sawing"]},{"id":"tools","kind":"input_good","technology_alternatives":["tech.bronze_casting","tech.precision_engineering","tech.surface_iron_collection","tech.machine_tools","tech.crucible_steel"]}],"missing_required":[],"technology":"tech.guild_organization"}
   at: push_error (core/variant/variant_utility.cpp:1024)
   GDScript backtrace (most recent call first):
       [0] _init (res://tests/technology_unlock_closure_audit_test.gd:26)
ERROR: {"building":"guild_weaving_house","missing_dependencies":[{"id":"lumber","kind":"construction_good","technology_alternatives":["tech.timber_sawing"]},{"id":"bricks","kind":"construction_good","technology_alternatives":["tech.clay_preparation"]},{"id":"construction_components","kind":"construction_good","technology_alternatives":["tech.adobe_making"]},{"id":"flax_fiber","kind":"input_good","technology_alternatives":["tech.wild_flax_collection","tech.flax_retting","tech.wool_husbandry"]},{"id":"tools","kind":"input_good","technology_alternatives":["tech.bronze_casting","tech.precision_engineering","tech.surface_iron_collection","tech.machine_tools","tech.crucible_steel"]}],"missing_required":[],"technology":"tech.loom_weaving"}
   at: push_error (core/variant/variant_utility.cpp:1024)
   GDScript backtrace (most recent call first):
       [0] _init (res://tests/technology_unlock_closure_audit_test.gd:26)
ERROR: {"building":"hide_scraping_shelter","missing_dependencies":[{"id":"raw_hide","kind":"construction_good","technology_alternatives":["tech.hunting"]},{"id":"raw_hide","kind":"input_good","technology_alternatives":["tech.hunting"]}],"missing_required":["tech.hunting"],"technology":"tech.hide_scraping"}
   at: push_error (core/variant/variant_utility.cpp:1024)
   GDScript backtrace (most recent call first):
       [0] _init (res://tests/technology_unlock_closure_audit_test.gd:26)
ERROR: {"building":"highland_tuber_plot","missing_dependencies":[{"id":"potatoes","kind":"construction_good","technology_alternatives":["tech.wild_tuber_collection","tech.potato_propagation"]},{"id":"turf_block","kind":"construction_good","technology_alternatives":["tech.turf_cutting"]},{"id":"potatoes","kind":"output_good","technology_alternatives":["tech.wild_tuber_collection","tech.potato_propagation"]},{"id":"arable_land","kind":"natural_resource","technology_alternatives":["tech.rainfed_field_system"]}],"missing_required":["tech.potato_propagation","tech.frost_protected_storage","tech.household_landholding"],"technology":"tech.highland_tuber_farming"}
   at: push_error (core/variant/variant_utility.cpp:1024)
   GDScript backtrace (most recent call first):
       [0] _init (res://tests/technology_unlock_closure_audit_test.gd:26)
ERROR: {"building":"horse_breeder","missing_dependencies":[{"id":"lumber","kind":"construction_good","technology_alternatives":["tech.timber_sawing"]},{"id":"bricks","kind":"construction_good","technology_alternatives":["tech.clay_preparation"]},{"id":"construction_components","kind":"construction_good","technology_alternatives":["tech.adobe_making"]}],"missing_required":[],"technology":"tech.horse_domestication"}
   at: push_error (core/variant/variant_utility.cpp:1024)
   GDScript backtrace (most recent call first):
       [0] _init (res://tests/technology_unlock_closure_audit_test.gd:26)
ERROR: {"building":"horse_breeding_camp","missing_dependencies":[{"id":"logs","kind":"construction_good","technology_alternatives":["tech.deadwood_collection"]},{"id":"raw_stone","kind":"construction_good","technology_alternatives":["tech.ground_stone_tools"]}],"missing_required":[],"technology":"tech.horse_domestication"}
   at: push_error (core/variant/variant_utility.cpp:1024)
   GDScript backtrace (most recent call first):
       [0] _init (res://tests/technology_unlock_closure_audit_test.gd:26)
ERROR: {"building":"household_appliances_plant","missing_dependencies":[{"id":"construction_components","kind":"construction_good","technology_alternatives":["tech.adobe_making"]},{"id":"steel","kind":"construction_good","technology_alternatives":["tech.blast_furnace","tech.coke_smelting","tech.advanced_metallurgy"]},{"id":"concrete","kind":"construction_good","technology_alternatives":["tech.synthetic_materials"]},{"id":"glass","kind":"construction_good","technology_alternatives":["tech.early_glassmaking"]},{"id":"electrical_equipment","kind":"input_good","technology_alternatives":["tech.electrification"]},{"id":"steel","kind":"input_good","technology_alternatives":["tech.specialty_alloys","tech.blast_furnace","tech.coke_smelting","tech.advanced_metallurgy"]},{"id":"plastics","kind":"input_good","technology_alternatives":["tech.plastics_engineering"]},{"id":"tools","kind":"input_good","technology_alternatives":["tech.precision_engineering","tech.surface_iron_collection","tech.machine_tools","tech.crucible_steel"]},{"id":"electricity","kind":"input_good","technology_alternatives":["tech.electric_generation"]},{"id":"industrial_machinery","kind":"input_good","technology_alternatives":["tech.factory_system"]}],"missing_required":["tech.electric_motors","tech.mass_production"],"technology":"tech.assembly_line"}
   at: push_error (core/variant/variant_utility.cpp:1024)
   GDScript backtrace (most recent call first):
       [0] _init (res://tests/technology_unlock_closure_audit_test.gd:26)
ERROR: {"building":"household_loom","missing_dependencies":[{"id":"logs","kind":"construction_good","technology_alternatives":["tech.deadwood_collection"]},{"id":"raw_stone","kind":"construction_good","technology_alternatives":["tech.ground_stone_tools"]},{"id":"arable_land","kind":"natural_resource","technology_alternatives":["tech.rainfed_field_system"]},{"id":"fertile_soil","kind":"natural_resource","technology_alternatives":["tech.gathering","tech.rainfed_field_system"]}],"missing_required":["tech.hand_spinning"],"technology":"tech.weaving"}
   at: push_error (core/variant/variant_utility.cpp:1024)
   GDScript backtrace (most recent call first):
       [0] _init (res://tests/technology_unlock_closure_audit_test.gd:26)
ERROR: {"building":"household_weaving_shelter","missing_dependencies":[{"id":"logs","kind":"construction_good","technology_alternatives":["tech.deadwood_collection"]},{"id":"gathered_plants","kind":"construction_good","technology_alternatives":["tech.gathering"]},{"id":"gathered_plants","kind":"input_good","technology_alternatives":["tech.gathering"]}],"missing_required":[],"technology":"tech.fiber_twisting"}
   at: push_error (core/variant/variant_utility.cpp:1024)
   GDScript backtrace (most recent call first):
       [0] _init (res://tests/technology_unlock_closure_audit_test.gd:26)
ERROR: {"building":"hydropower_station","missing_dependencies":[{"id":"construction_components","kind":"construction_good","technology_alternatives":["tech.adobe_making"]},{"id":"steel","kind":"construction_good","technology_alternatives":["tech.blast_furnace","tech.coke_smelting","tech.advanced_metallurgy"]},{"id":"concrete","kind":"construction_good","technology_alternatives":["tech.synthetic_materials"]},{"id":"electrical_equipment","kind":"construction_good","technology_alternatives":["tech.electrification"]},{"id":"tools","kind":"input_good","technology_alternatives":["tech.surface_iron_collection","tech.machine_tools","tech.crucible_steel"]},{"id":"electrical_equipment","kind":"input_good","technology_alternatives":["tech.electrification"]},{"id":"electricity","kind":"output_good","technology_alternatives":["tech.electric_generation"]}],"missing_required":["tech.hydraulic_engineering","tech.electric_generation","tech.electric_grid"],"technology":"tech.water_power"}
   at: push_error (core/variant/variant_utility.cpp:1024)
   GDScript backtrace (most recent call first):
       [0] _init (res://tests/technology_unlock_closure_audit_test.gd:26)
ERROR: {"building":"improved_domestic_loom","missing_dependencies":[{"id":"lumber","kind":"construction_good","technology_alternatives":["tech.timber_sawing"]},{"id":"bricks","kind":"construction_good","technology_alternatives":["tech.clay_preparation"]},{"id":"construction_components","kind":"construction_good","technology_alternatives":["tech.adobe_making"]},{"id":"steel","kind":"construction_good","technology_alternatives":["tech.blast_furnace","tech.coke_smelting","tech.advanced_metallurgy"]},{"id":"cloth","kind":"output_good","technology_alternatives":["tech.fiber_twisting","tech.weaving"]},{"id":"arable_land","kind":"natural_resource","technology_alternatives":["tech.rainfed_field_system"]},{"id":"fertile_soil","kind":"natural_resource","technology_alternatives":["tech.gathering","tech.rainfed_field_system"]}],"missing_required":["tech.textile_machinery"],"technology":"tech.mechanical_workshops"}
   at: push_error (core/variant/variant_utility.cpp:1024)
   GDScript backtrace (most recent call first):
       [0] _init (res://tests/technology_unlock_closure_audit_test.gd:26)
ERROR: {"building":"improved_smallholding","missing_dependencies":[{"id":"lumber","kind":"construction_good","technology_alternatives":["tech.timber_sawing"]},{"id":"bricks","kind":"construction_good","technology_alternatives":["tech.clay_preparation"]},{"id":"construction_components","kind":"construction_good","technology_alternatives":["tech.adobe_making"]},{"id":"steel","kind":"construction_good","technology_alternatives":["tech.blast_furnace","tech.coke_smelting","tech.advanced_metallurgy"]},{"id":"grain","kind":"output_good","technology_alternatives":["tech.household_landholding"]},{"id":"vegetables","kind":"output_good","technology_alternatives":["tech.household_landholding"]},{"id":"arable_land","kind":"natural_resource","technology_alternatives":["tech.rainfed_field_system"]},{"id":"fertile_soil","kind":"natural_resource","technology_alternatives":["tech.gathering","tech.rainfed_field_system"]}],"missing_required":[],"technology":"tech.agricultural_improvement"}
   at: push_error (core/variant/variant_utility.cpp:1024)
   GDScript backtrace (most recent call first):
       [0] _init (res://tests/technology_unlock_closure_audit_test.gd:26)
ERROR: {"building":"industrial_chemicals_plant","missing_dependencies":[{"id":"lumber","kind":"construction_good","technology_alternatives":["tech.timber_sawing"]},{"id":"bricks","kind":"construction_good","technology_alternatives":["tech.clay_preparation"]},{"id":"construction_components","kind":"construction_good","technology_alternatives":["tech.adobe_making"]},{"id":"tools","kind":"input_good","technology_alternatives":["tech.precision_engineering","tech.surface_iron_collection","tech.machine_tools","tech.crucible_steel"]}],"missing_required":[],"technology":"tech.industrial_chemistry"}
   at: push_error (core/variant/variant_utility.cpp:1024)
   GDScript backtrace (most recent call first):
       [0] _init (res://tests/technology_unlock_closure_audit_test.gd:26)
ERROR: {"building":"industrial_machinery_plant","missing_dependencies":[{"id":"lumber","kind":"construction_good","technology_alternatives":["tech.timber_sawing"]},{"id":"bricks","kind":"construction_good","technology_alternatives":["tech.clay_preparation"]},{"id":"construction_components","kind":"construction_good","technology_alternatives":["tech.adobe_making"]},{"id":"steel","kind":"construction_good","technology_alternatives":["tech.blast_furnace","tech.coke_smelting","tech.advanced_metallurgy"]},{"id":"machine_parts","kind":"input_good","technology_alternatives":["tech.mechanical_workshops"]},{"id":"steam_engines","kind":"input_good","technology_alternatives":["tech.electric_motors","tech.atmospheric_engine","tech.steam_power"]},{"id":"tools","kind":"input_good","technology_alternatives":["tech.precision_engineering","tech.surface_iron_collection","tech.machine_tools","tech.crucible_steel"]},{"id":"technology_points","kind":"input_good","technology_alternatives":["tech.oral_memory_practice","tech.phenology_observation","tech.flood_calendar_practice","tech.pastoral_route_memory","tech.tide_observation"]}],"missing_required":["tech.machine_tools"],"technology":"tech.factory_system"}
   at: push_error (core/variant/variant_utility.cpp:1024)
   GDScript backtrace (most recent call first):
       [0] _init (res://tests/technology_unlock_closure_audit_test.gd:26)
ERROR: {"building":"industrial_research_laboratory","missing_dependencies":[{"id":"steel","kind":"construction_good","technology_alternatives":["tech.blast_furnace","tech.coke_smelting","tech.advanced_metallurgy"]},{"id":"concrete","kind":"construction_good","technology_alternatives":["tech.synthetic_materials"]},{"id":"glass","kind":"construction_good","technology_alternatives":["tech.early_glassmaking"]},{"id":"construction_components","kind":"construction_good","technology_alternatives":["tech.adobe_making"]},{"id":"scientific_instruments","kind":"input_good","technology_alternatives":["tech.industrial_research"]},{"id":"electricity","kind":"input_good","technology_alternatives":["tech.electric_generation"]},{"id":"technology_points","kind":"output_good","technology_alternatives":["tech.oral_memory_practice","tech.phenology_observation","tech.flood_calendar_practice","tech.pastoral_route_memory","tech.tide_observation"]}],"missing_required":[],"technology":"tech.public_education"}
   at: push_error (core/variant/variant_utility.cpp:1024)
   GDScript backtrace (most recent call first):
       [0] _init (res://tests/technology_unlock_closure_audit_test.gd:26)
ERROR: {"building":"industrial_salt_mine","missing_dependencies":[{"id":"lumber","kind":"construction_good","technology_alternatives":["tech.timber_sawing"]},{"id":"bricks","kind":"construction_good","technology_alternatives":["tech.clay_preparation"]},{"id":"construction_components","kind":"construction_good","technology_alternatives":["tech.adobe_making"]},{"id":"steel","kind":"construction_good","technology_alternatives":["tech.blast_furnace","tech.coke_smelting","tech.advanced_metallurgy"]},{"id":"tools","kind":"input_good","technology_alternatives":["tech.precision_engineering","tech.surface_iron_collection","tech.machine_tools","tech.crucible_steel"]},{"id":"explosives","kind":"input_good","technology_alternatives":["tech.gunpowder_formulation","tech.gunpowder_weapons"]},{"id":"salt","kind":"output_good","technology_alternatives":["tech.salt_preservation"]},{"id":"salt","kind":"natural_resource","technology_alternatives":["tech.brine_collection"]}],"missing_required":["tech.deep_mining"],"technology":"tech.mine_drainage"}
   at: push_error (core/variant/variant_utility.cpp:1024)
   GDScript backtrace (most recent call first):
       [0] _init (res://tests/technology_unlock_closure_audit_test.gd:26)
ERROR: {"building":"insulated_cable_plant","missing_dependencies":[{"id":"construction_components","kind":"construction_good","technology_alternatives":["tech.adobe_making"]},{"id":"steel","kind":"construction_good","technology_alternatives":["tech.blast_furnace","tech.coke_smelting","tech.advanced_metallurgy"]},{"id":"concrete","kind":"construction_good","technology_alternatives":["tech.synthetic_materials"]},{"id":"glass","kind":"construction_good","technology_alternatives":["tech.early_glassmaking"]},{"id":"wire","kind":"input_good","technology_alternatives":["tech.electromagnetic_induction"]},{"id":"plastics","kind":"input_good","technology_alternatives":["tech.plastics_engineering","tech.synthetic_materials"]},{"id":"tools","kind":"input_good","technology_alternatives":["tech.precision_engineering","tech.surface_iron_collection","tech.machine_tools","tech.crucible_steel"]},{"id":"electricity","kind":"input_good","technology_alternatives":["tech.electric_generation"]},{"id":"industrial_machinery","kind":"input_good","technology_alternatives":["tech.factory_system"]}],"missing_required":[],"technology":"tech.electric_grid"}
   at: push_error (core/variant/variant_utility.cpp:1024)
   GDScript backtrace (most recent call first):
       [0] _init (res://tests/technology_unlock_closure_audit_test.gd:26)
ERROR: {"building":"intensive_farm","missing_dependencies":[{"id":"construction_components","kind":"construction_good","technology_alternatives":["tech.adobe_making"]},{"id":"steel","kind":"construction_good","technology_alternatives":["tech.blast_furnace","tech.coke_smelting","tech.advanced_metallurgy"]},{"id":"concrete","kind":"construction_good","technology_alternatives":["tech.synthetic_materials"]},{"id":"glass","kind":"construction_good","technology_alternatives":["tech.early_glassmaking"]},{"id":"electricity","kind":"input_good","technology_alternatives":["tech.electric_generation"]},{"id":"grain","kind":"output_good","technology_alternatives":["tech.household_landholding"]},{"id":"vegetables","kind":"output_good","technology_alternatives":["tech.household_landholding"]},{"id":"arable_land","kind":"natural_resource","technology_alternatives":["tech.rainfed_field_system"]},{"id":"fertile_soil","kind":"natural_resource","technology_alternatives":["tech.gathering","tech.rainfed_field_system"]}],"missing_required":[],"technology":"tech.industrial_agronomy"}
   at: push_error (core/variant/variant_utility.cpp:1024)
   GDScript backtrace (most recent call first):
       [0] _init (res://tests/technology_unlock_closure_audit_test.gd:26)
ERROR: {"building":"iron_ore_collector","missing_dependencies":[{"id":"lumber","kind":"construction_good","technology_alternatives":["tech.timber_sawing"]},{"id":"bricks","kind":"construction_good","technology_alternatives":["tech.clay_preparation"]},{"id":"construction_components","kind":"construction_good","technology_alternatives":["tech.adobe_making"]},{"id":"steel","kind":"construction_good","technology_alternatives":["tech.blast_furnace","tech.coke_smelting","tech.advanced_metallurgy"]},{"id":"tools","kind":"input_good","technology_alternatives":["tech.precision_engineering","tech.surface_iron_collection","tech.machine_tools","tech.crucible_steel"]}],"missing_required":[],"technology":"tech.iron_ore_identification"}
   at: push_error (core/variant/variant_utility.cpp:1024)
   GDScript backtrace (most recent call first):
       [0] _init (res://tests/technology_unlock_closure_audit_test.gd:26)
ERROR: {"building":"iron_tool_workshop","missing_dependencies":[{"id":"logs","kind":"construction_good","technology_alternatives":["tech.deadwood_collection"]},{"id":"raw_stone","kind":"construction_good","technology_alternatives":["tech.ground_stone_tools"]},{"id":"bricks","kind":"construction_good","technology_alternatives":["tech.clay_preparation"]},{"id":"charcoal","kind":"input_good","technology_alternatives":["tech.charcoal_burning"]},{"id":"tools","kind":"output_good","technology_alternatives":["tech.surface_iron_collection","tech.machine_tools","tech.crucible_steel"]}],"missing_required":["tech.surface_iron_collection"],"technology":"tech.iron_smelting"}
   at: push_error (core/variant/variant_utility.cpp:1024)
   GDScript backtrace (most recent call first):
       [0] _init (res://tests/technology_unlock_closure_audit_test.gd:26)
ERROR: {"building":"jewelry_plant","missing_dependencies":[{"id":"construction_components","kind":"construction_good","technology_alternatives":["tech.adobe_making"]},{"id":"steel","kind":"construction_good","technology_alternatives":["tech.blast_furnace","tech.coke_smelting","tech.advanced_metallurgy"]},{"id":"concrete","kind":"construction_good","technology_alternatives":["tech.synthetic_materials"]},{"id":"glass","kind":"construction_good","technology_alternatives":["tech.early_glassmaking"]},{"id":"gold","kind":"input_good","technology_alternatives":["tech.gold_panning","tech.systems_engineering","tech.surface_silver_collection"]},{"id":"tools","kind":"input_good","technology_alternatives":["tech.precision_engineering","tech.surface_iron_collection","tech.machine_tools","tech.crucible_steel"]},{"id":"electricity","kind":"input_good","technology_alternatives":["tech.electric_generation"]},{"id":"jewelry","kind":"output_good","technology_alternatives":["tech.currency"]}],"missing_required":["tech.mass_production"],"technology":"tech.industrial_statistics"}
   at: push_error (core/variant/variant_utility.cpp:1024)
   GDScript backtrace (most recent call first):
       [0] _init (res://tests/technology_unlock_closure_audit_test.gd:26)
ERROR: {"building":"knapping_workshop","missing_dependencies":[{"id":"logs","kind":"construction_good","technology_alternatives":["tech.deadwood_collection"]},{"id":"flint","kind":"construction_good","technology_alternatives":["tech.flint_identification"]},{"id":"flint","kind":"input_good","technology_alternatives":["tech.flint_identification"]},{"id":"chipped_stone_tools","kind":"output_good","technology_alternatives":["tech.stone_knapping"]}],"missing_required":["tech.stone_knapping","tech.flint_identification"],"technology":"tech.composite_tools"}
   at: push_error (core/variant/variant_utility.cpp:1024)
   GDScript backtrace (most recent call first):
       [0] _init (res://tests/technology_unlock_closure_audit_test.gd:26)
ERROR: {"building":"landed_estate","missing_dependencies":[{"id":"lumber","kind":"construction_good","technology_alternatives":["tech.timber_sawing"]},{"id":"bricks","kind":"construction_good","technology_alternatives":["tech.clay_preparation"]},{"id":"construction_components","kind":"construction_good","technology_alternatives":["tech.adobe_making"]},{"id":"corn_grain","kind":"output_good","technology_alternatives":["tech.wild_maize_collection","tech.maize_garden_horticulture"]},{"id":"arable_land","kind":"natural_resource","technology_alternatives":["tech.rainfed_field_system"]},{"id":"fertile_soil","kind":"natural_resource","technology_alternatives":["tech.gathering","tech.rainfed_field_system"]}],"missing_required":["tech.maize_propagation","tech.rainfed_field_system","tech.estate_accounting","tech.serf_obligations"],"technology":"tech.estate_cereal_management"}
   at: push_error (core/variant/variant_utility.cpp:1024)
   GDScript backtrace (most recent call first):
       [0] _init (res://tests/technology_unlock_closure_audit_test.gd:26)
ERROR: {"building":"latex_smoking_shelter","missing_dependencies":[{"id":"logs","kind":"construction_good","technology_alternatives":["tech.deadwood_collection"]},{"id":"bast_fiber","kind":"construction_good","technology_alternatives":["tech.wild_flax_collection"]},{"id":"latex","kind":"input_good","technology_alternatives":["tech.wild_latex_tapping"]},{"id":"logs","kind":"input_good","technology_alternatives":["tech.deadwood_collection"]}],"missing_required":["tech.wild_latex_tapping","tech.fire_control"],"technology":"tech.latex_smoke_coagulation"}
   at: push_error (core/variant/variant_utility.cpp:1024)
   GDScript backtrace (most recent call first):
       [0] _init (res://tests/technology_unlock_closure_audit_test.gd:26)
ERROR: {"building":"lead_ore_collector","missing_dependencies":[{"id":"lumber","kind":"construction_good","technology_alternatives":["tech.timber_sawing"]},{"id":"bricks","kind":"construction_good","technology_alternatives":["tech.clay_preparation"]},{"id":"construction_components","kind":"construction_good","technology_alternatives":["tech.adobe_making"]},{"id":"tools","kind":"input_good","technology_alternatives":["tech.precision_engineering","tech.surface_iron_collection","tech.machine_tools","tech.crucible_steel"]},{"id":"explosives","kind":"input_good","technology_alternatives":["tech.gunpowder_formulation","tech.gunpowder_weapons"]},{"id":"lead_ore","kind":"output_good","technology_alternatives":["tech.deep_mining"]}],"missing_required":["tech.deep_mining"],"technology":"tech.mine_ventilation"}
   at: push_error (core/variant/variant_utility.cpp:1024)
   GDScript backtrace (most recent call first):
       [0] _init (res://tests/technology_unlock_closure_audit_test.gd:26)
ERROR: {"building":"lead_plant","missing_dependencies":[{"id":"lumber","kind":"construction_good","technology_alternatives":["tech.timber_sawing"]},{"id":"bricks","kind":"construction_good","technology_alternatives":["tech.clay_preparation"]},{"id":"construction_components","kind":"construction_good","technology_alternatives":["tech.adobe_making"]},{"id":"steel","kind":"construction_good","technology_alternatives":["tech.blast_furnace","tech.coke_smelting","tech.advanced_metallurgy"]},{"id":"lead_ore","kind":"input_good","technology_alternatives":["tech.deep_mining"]},{"id":"coal","kind":"input_good","technology_alternatives":["tech.surface_coal_use","tech.coal_mining","tech.industrial_coal_mining","tech.coke_smelting"]},{"id":"tools","kind":"input_good","technology_alternatives":["tech.precision_engineering","tech.surface_iron_collection","tech.machine_tools","tech.crucible_steel"]},{"id":"lead","kind":"output_good","technology_alternatives":["tech.advanced_metallurgy"]}],"missing_required":["tech.advanced_metallurgy"],"technology":"tech.deep_geophysics"}
   at: push_error (core/variant/variant_utility.cpp:1024)
   GDScript backtrace (most recent call first):
       [0] _init (res://tests/technology_unlock_closure_audit_test.gd:26)
ERROR: {"building":"learned_society","missing_dependencies":[{"id":"bricks","kind":"construction_good","technology_alternatives":["tech.clay_preparation"]},{"id":"steel","kind":"construction_good","technology_alternatives":["tech.blast_furnace","tech.coke_smelting","tech.advanced_metallurgy"]},{"id":"glass","kind":"construction_good","technology_alternatives":["tech.early_glassmaking"]},{"id":"scientific_instruments","kind":"input_good","technology_alternatives":["tech.industrial_research"]},{"id":"technology_points","kind":"output_good","technology_alternatives":["tech.oral_memory_practice","tech.phenology_observation","tech.flood_calendar_practice","tech.pastoral_route_memory","tech.tide_observation"]}],"missing_required":[],"technology":"tech.learned_societies"}
   at: push_error (core/variant/variant_utility.cpp:1024)
   GDScript backtrace (most recent call first):
       [0] _init (res://tests/technology_unlock_closure_audit_test.gd:26)
ERROR: {"building":"leather_plant","missing_dependencies":[{"id":"lumber","kind":"construction_good","technology_alternatives":["tech.timber_sawing"]},{"id":"bricks","kind":"construction_good","technology_alternatives":["tech.clay_preparation"]},{"id":"steel","kind":"construction_good","technology_alternatives":["tech.blast_furnace","tech.coke_smelting","tech.advanced_metallurgy"]},{"id":"raw_hide","kind":"input_good","technology_alternatives":["tech.hunting"]},{"id":"industrial_chemicals","kind":"input_good","technology_alternatives":["tech.industrial_chemistry"]},{"id":"tools","kind":"input_good","technology_alternatives":["tech.precision_engineering","tech.surface_iron_collection","tech.machine_tools","tech.crucible_steel"]},{"id":"leather","kind":"output_good","technology_alternatives":["tech.hide_tanning"]}],"missing_required":["tech.textile_machinery"],"technology":"tech.interchangeable_parts"}
   at: push_error (core/variant/variant_utility.cpp:1024)
   GDScript backtrace (most recent call first):
       [0] _init (res://tests/technology_unlock_closure_audit_test.gd:26)
ERROR: {"building":"lime_plant","missing_dependencies":[{"id":"logs","kind":"construction_good","technology_alternatives":["tech.deadwood_collection"]},{"id":"raw_stone","kind":"construction_good","technology_alternatives":["tech.ground_stone_tools"]},{"id":"bricks","kind":"construction_good","technology_alternatives":["tech.clay_preparation"]}],"missing_required":[],"technology":"tech.masonry"}
   at: push_error (core/variant/variant_utility.cpp:1024)
   GDScript backtrace (most recent call first):
       [0] _init (res://tests/technology_unlock_closure_audit_test.gd:26)
ERROR: {"building":"limestone_collector","missing_dependencies":[{"id":"logs","kind":"construction_good","technology_alternatives":["tech.deadwood_collection"]},{"id":"raw_stone","kind":"construction_good","technology_alternatives":["tech.ground_stone_tools"]},{"id":"bricks","kind":"construction_good","technology_alternatives":["tech.clay_preparation"]},{"id":"limestone","kind":"output_good","technology_alternatives":["tech.masonry"]},{"id":"limestone","kind":"natural_resource","technology_alternatives":["tech.masonry"]}],"missing_required":["tech.masonry","tech.ground_stone_tools"],"technology":"tech.canal_engineering"}
   at: push_error (core/variant/variant_utility.cpp:1024)
   GDScript backtrace (most recent call first):
       [0] _init (res://tests/technology_unlock_closure_audit_test.gd:26)
ERROR: {"building":"lorekeeper_circle","missing_dependencies":[{"id":"logs","kind":"construction_good","technology_alternatives":["tech.deadwood_collection"]},{"id":"raw_stone","kind":"construction_good","technology_alternatives":["tech.ground_stone_tools"]},{"id":"technology_points","kind":"output_good","technology_alternatives":["tech.oral_memory_practice","tech.phenology_observation","tech.flood_calendar_practice","tech.pastoral_route_memory","tech.tide_observation"]}],"missing_required":["tech.fire_control","tech.communal_specialization"],"technology":"tech.oral_tradition"}
   at: push_error (core/variant/variant_utility.cpp:1024)
   GDScript backtrace (most recent call first):
       [0] _init (res://tests/technology_unlock_closure_audit_test.gd:26)
ERROR: {"building":"lubricants_plant","missing_dependencies":[{"id":"lumber","kind":"construction_good","technology_alternatives":["tech.timber_sawing"]},{"id":"bricks","kind":"construction_good","technology_alternatives":["tech.clay_preparation"]},{"id":"construction_components","kind":"construction_good","technology_alternatives":["tech.adobe_making"]},{"id":"steel","kind":"construction_good","technology_alternatives":["tech.blast_furnace","tech.coke_smelting","tech.advanced_metallurgy"]},{"id":"crude_oil","kind":"input_good","technology_alternatives":["tech.petroleum_extraction","tech.petrochemical_industry"]},{"id":"tools","kind":"input_good","technology_alternatives":["tech.precision_engineering","tech.surface_iron_collection","tech.machine_tools","tech.crucible_steel"]}],"missing_required":[],"technology":"tech.industrial_ecology"}
   at: push_error (core/variant/variant_utility.cpp:1024)
   GDScript backtrace (most recent call first):
       [0] _init (res://tests/technology_unlock_closure_audit_test.gd:26)
ERROR: {"building":"lumber_plant","missing_dependencies":[{"id":"logs","kind":"construction_good","technology_alternatives":["tech.deadwood_collection"]},{"id":"gathered_plants","kind":"construction_good","technology_alternatives":["tech.gathering"]},{"id":"logs","kind":"input_good","technology_alternatives":["tech.deadwood_collection"]}],"missing_required":[],"technology":"tech.timber_sawing"}
   at: push_error (core/variant/variant_utility.cpp:1024)
   GDScript backtrace (most recent call first):
       [0] _init (res://tests/technology_unlock_closure_audit_test.gd:26)
ERROR: {"building":"machine_intelligence_institute","missing_dependencies":[{"id":"steel","kind":"construction_good","technology_alternatives":["tech.blast_furnace","tech.coke_smelting","tech.advanced_metallurgy"]},{"id":"concrete","kind":"construction_good","technology_alternatives":["tech.synthetic_materials"]},{"id":"glass","kind":"construction_good","technology_alternatives":["tech.early_glassmaking"]},{"id":"construction_components","kind":"construction_good","technology_alternatives":["tech.adobe_making"]},{"id":"computers","kind":"input_good","technology_alternatives":["tech.digital_computing"]},{"id":"advanced_chips","kind":"input_good","technology_alternatives":["tech.semiconductor_manufacturing"]},{"id":"electricity","kind":"input_good","technology_alternatives":["tech.electric_generation"]},{"id":"technology_points","kind":"output_good","technology_alternatives":["tech.oral_memory_practice","tech.phenology_observation","tech.flood_calendar_practice","tech.pastoral_route_memory","tech.tide_observation"]}],"missing_required":[],"technology":"tech.machine_learning"}
   at: push_error (core/variant/variant_utility.cpp:1024)
   GDScript backtrace (most recent call first):
       [0] _init (res://tests/technology_unlock_closure_audit_test.gd:26)
ERROR: {"building":"machine_parts_plant","missing_dependencies":[{"id":"lumber","kind":"construction_good","technology_alternatives":["tech.timber_sawing"]},{"id":"bricks","kind":"construction_good","technology_alternatives":["tech.clay_preparation"]},{"id":"construction_components","kind":"construction_good","technology_alternatives":["tech.adobe_making"]},{"id":"steel","kind":"construction_good","technology_alternatives":["tech.blast_furnace","tech.coke_smelting","tech.advanced_metallurgy"]},{"id":"steel","kind":"input_good","technology_alternatives":["tech.specialty_alloys","tech.blast_furnace","tech.coke_smelting","tech.advanced_metallurgy"]},{"id":"lubricants","kind":"input_good","technology_alternatives":["tech.crop_rotation","tech.industrial_ecology"]},{"id":"machine_parts","kind":"output_good","technology_alternatives":["tech.mechanical_workshops"]}],"missing_required":[],"technology":"tech.machine_tools"}
   at: push_error (core/variant/variant_utility.cpp:1024)
   GDScript backtrace (most recent call first):
       [0] _init (res://tests/technology_unlock_closure_audit_test.gd:26)
ERROR: {"building":"maize_garden","missing_dependencies":[{"id":"arable_land","kind":"natural_resource","technology_alternatives":["tech.rainfed_field_system"]}],"missing_required":["tech.maize_propagation","tech.household_production"],"technology":"tech.maize_garden_horticulture"}
   at: push_error (core/variant/variant_utility.cpp:1024)
   GDScript backtrace (most recent call first):
       [0] _init (res://tests/technology_unlock_closure_audit_test.gd:26)
ERROR: {"building":"manganese_ore_collector","missing_dependencies":[{"id":"construction_components","kind":"construction_good","technology_alternatives":["tech.adobe_making"]},{"id":"concrete","kind":"construction_good","technology_alternatives":["tech.synthetic_materials"]},{"id":"glass","kind":"construction_good","technology_alternatives":["tech.early_glassmaking"]},{"id":"tools","kind":"input_good","technology_alternatives":["tech.precision_engineering","tech.surface_iron_collection","tech.machine_tools","tech.crucible_steel"]},{"id":"explosives","kind":"input_good","technology_alternatives":["tech.gunpowder_formulation","tech.gunpowder_weapons"]},{"id":"manganese_ore","kind":"output_good","technology_alternatives":["tech.geological_prospecting"]},{"id":"manganese_ore","kind":"natural_resource","technology_alternatives":["tech.mineral_spectral_survey"]}],"missing_required":[],"technology":"tech.mechanized_mining"}
   at: push_error (core/variant/variant_utility.cpp:1024)
   GDScript backtrace (most recent call first):
       [0] _init (res://tests/technology_unlock_closure_audit_test.gd:26)
ERROR: {"building":"manorial_pasture","missing_dependencies":[{"id":"lumber","kind":"construction_good","technology_alternatives":["tech.timber_sawing"]},{"id":"bricks","kind":"construction_good","technology_alternatives":["tech.clay_preparation"]},{"id":"construction_components","kind":"construction_good","technology_alternatives":["tech.adobe_making"]}],"missing_required":[],"technology":"tech.pastoral_networks"}
   at: push_error (core/variant/variant_utility.cpp:1024)
   GDScript backtrace (most recent call first):
       [0] _init (res://tests/technology_unlock_closure_audit_test.gd:26)
ERROR: {"building":"mechanized_farm","missing_dependencies":[{"id":"lumber","kind":"construction_good","technology_alternatives":["tech.timber_sawing"]},{"id":"bricks","kind":"construction_good","technology_alternatives":["tech.clay_preparation"]},{"id":"construction_components","kind":"construction_good","technology_alternatives":["tech.adobe_making"]},{"id":"steel","kind":"construction_good","technology_alternatives":["tech.blast_furnace","tech.coke_smelting","tech.advanced_metallurgy"]},{"id":"agricultural_machinery","kind":"input_good","technology_alternatives":["tech.mechanized_agriculture"]},{"id":"grain","kind":"output_good","technology_alternatives":["tech.household_landholding"]},{"id":"vegetables","kind":"output_good","technology_alternatives":["tech.household_landholding"]},{"id":"arable_land","kind":"natural_resource","technology_alternatives":["tech.rainfed_field_system"]},{"id":"fertile_soil","kind":"natural_resource","technology_alternatives":["tech.gathering","tech.rainfed_field_system"]}],"missing_required":["tech.mechanized_agriculture"],"technology":"tech.mechanical_reaping"}
   at: push_error (core/variant/variant_utility.cpp:1024)
   GDScript backtrace (most recent call first):
       [0] _init (res://tests/technology_unlock_closure_audit_test.gd:26)
ERROR: {"building":"mechanized_slaughterhouse","missing_dependencies":[{"id":"lumber","kind":"construction_good","technology_alternatives":["tech.timber_sawing"]},{"id":"bricks","kind":"construction_good","technology_alternatives":["tech.clay_preparation"]},{"id":"construction_components","kind":"construction_good","technology_alternatives":["tech.adobe_making"]},{"id":"steel","kind":"construction_good","technology_alternatives":["tech.blast_furnace","tech.coke_smelting","tech.advanced_metallurgy"]},{"id":"industrial_machinery","kind":"input_good","technology_alternatives":["tech.factory_system"]},{"id":"tools","kind":"input_good","technology_alternatives":["tech.precision_engineering","tech.surface_iron_collection","tech.machine_tools","tech.crucible_steel"]},{"id":"raw_hide","kind":"output_good","technology_alternatives":["tech.hunting"]}],"missing_required":["tech.industrial_organization","tech.industrial_quality_control","tech.mass_production"],"technology":"tech.meat_processing"}
   at: push_error (core/variant/variant_utility.cpp:1024)
   GDScript backtrace (most recent call first):
       [0] _init (res://tests/technology_unlock_closure_audit_test.gd:26)
ERROR: {"building":"medicinal_herbs_collector","missing_dependencies":[{"id":"lumber","kind":"construction_good","technology_alternatives":["tech.timber_sawing"]},{"id":"bricks","kind":"construction_good","technology_alternatives":["tech.clay_preparation"]},{"id":"construction_components","kind":"construction_good","technology_alternatives":["tech.adobe_making"]},{"id":"medicinal_herbs","kind":"output_good","technology_alternatives":["tech.natural_observation"]},{"id":"plantation_land","kind":"natural_resource","technology_alternatives":["tech.cotton_gardening","tech.spice_shade_gardening","tech.latex_smoke_coagulation","tech.crop_acclimatization"]},{"id":"fertile_soil","kind":"natural_resource","technology_alternatives":["tech.gathering","tech.rainfed_field_system"]}],"missing_required":[],"technology":"tech.commercial_estates"}
   at: push_error (core/variant/variant_utility.cpp:1024)
   GDScript backtrace (most recent call first):
       [0] _init (res://tests/technology_unlock_closure_audit_test.gd:26)
ERROR: {"building":"merchant_post","missing_dependencies":[{"id":"logs","kind":"construction_good","technology_alternatives":["tech.deadwood_collection"]},{"id":"gathered_plants","kind":"construction_good","technology_alternatives":["tech.gathering"]}],"missing_required":["tech.deadwood_collection","tech.gathering"],"technology":"tech.communal_specialization"}
   at: push_error (core/variant/variant_utility.cpp:1024)
   GDScript backtrace (most recent call first):
       [0] _init (res://tests/technology_unlock_closure_audit_test.gd:26)
ERROR: {"building":"method_agricultural_machinery_plant_r9","missing_dependencies":[{"id":"construction_components","kind":"construction_good","technology_alternatives":["tech.adobe_making"]},{"id":"steel","kind":"construction_good","technology_alternatives":["tech.blast_furnace","tech.coke_smelting","tech.advanced_metallurgy"]},{"id":"concrete","kind":"construction_good","technology_alternatives":["tech.synthetic_materials"]},{"id":"glass","kind":"construction_good","technology_alternatives":["tech.early_glassmaking"]},{"id":"industrial_machinery","kind":"input_good","technology_alternatives":["tech.factory_system"]},{"id":"steam_engines","kind":"input_good","technology_alternatives":["tech.internal_combustion","tech.atmospheric_engine","tech.steam_power"]},{"id":"tools","kind":"input_good","technology_alternatives":["tech.precision_engineering"]},{"id":"computers","kind":"input_good","technology_alternatives":["tech.digital_computing"]},{"id":"electricity","kind":"input_good","technology_alternatives":["tech.electric_generation"]}],"missing_required":[],"technology":"tech.precision_agriculture"}
   at: push_error (core/variant/variant_utility.cpp:1024)
   GDScript backtrace (most recent call first):
       [0] _init (res://tests/technology_unlock_closure_audit_test.gd:26)
ERROR: {"building":"method_aluminum_plant_r10","missing_dependencies":[{"id":"construction_components","kind":"construction_good","technology_alternatives":["tech.adobe_making"]},{"id":"concrete","kind":"construction_good","technology_alternatives":["tech.synthetic_materials"]},{"id":"glass","kind":"construction_good","technology_alternatives":["tech.early_glassmaking"]},{"id":"bauxite","kind":"input_good","technology_alternatives":["tech.deep_geophysics"]},{"id":"electricity","kind":"input_good","technology_alternatives":["tech.electric_generation"]},{"id":"tools","kind":"input_good","technology_alternatives":["tech.precision_engineering"]},{"id":"industrial_machinery","kind":"input_good","technology_alternatives":["tech.factory_system"]},{"id":"autonomous_systems","kind":"input_good","technology_alternatives":["tech.autonomous_systems"]},{"id":"aluminum","kind":"output_good","technology_alternatives":["tech.specialty_alloys"]}],"missing_required":["tech.advanced_metallurgy","tech.specialty_alloys","tech.robotic_manufacturing","tech.digital_control","tech.algorithmic_management"],"technology":"tech.autonomous_labor_coordination"}
   at: push_error (core/variant/variant_utility.cpp:1024)
   GDScript backtrace (most recent call first):
       [0] _init (res://tests/technology_unlock_closure_audit_test.gd:26)
ERROR: {"building":"method_automated_port","missing_dependencies":[{"id":"construction_components","kind":"construction_good","technology_alternatives":["tech.adobe_making"]},{"id":"steel","kind":"construction_good","technology_alternatives":["tech.blast_furnace","tech.coke_smelting","tech.advanced_metallurgy"]},{"id":"concrete","kind":"construction_good","technology_alternatives":["tech.synthetic_materials"]},{"id":"electrical_equipment","kind":"construction_good","technology_alternatives":["tech.electrification"]},{"id":"steel","kind":"input_good","technology_alternatives":["tech.blast_furnace","tech.coke_smelting","tech.advanced_metallurgy"]},{"id":"engines","kind":"input_good","technology_alternatives":["tech.internal_combustion"]},{"id":"electricity","kind":"input_good","technology_alternatives":["tech.electric_generation"]},{"id":"industrial_machinery","kind":"input_good","technology_alternatives":["tech.factory_system"]},{"id":"computers","kind":"input_good","technology_alternatives":["tech.digital_computing"]}],"missing_required":["tech.digital_control","tech.electric_grid"],"technology":"tech.automated_logistics"}
   at: push_error (core/variant/variant_utility.cpp:1024)
   GDScript backtrace (most recent call first):
       [0] _init (res://tests/technology_unlock_closure_audit_test.gd:26)
ERROR: {"building":"method_automobiles_plant_r10","missing_dependencies":[{"id":"steel","kind":"construction_good","technology_alternatives":["tech.blast_furnace","tech.coke_smelting","tech.advanced_metallurgy"]},{"id":"concrete","kind":"construction_good","technology_alternatives":["tech.synthetic_materials"]},{"id":"glass","kind":"construction_good","technology_alternatives":["tech.early_glassmaking"]},{"id":"engines","kind":"input_good","technology_alternatives":["tech.internal_combustion"]},{"id":"steel","kind":"input_good","technology_alternatives":["tech.specialty_alloys","tech.blast_furnace","tech.coke_smelting","tech.advanced_metallurgy"]},{"id":"batteries","kind":"input_good","technology_alternatives":["tech.electronic_control"]},{"id":"latex","kind":"input_good","technology_alternatives":["tech.wild_latex_tapping","tech.latex_smoke_coagulation","tech.synthetic_materials"]},{"id":"tools","kind":"input_good","technology_alternatives":["tech.precision_engineering"]},{"id":"electricity","kind":"input_good","technology_alternatives":["tech.electric_generation"]},{"id":"industrial_machinery","kind":"input_good","technology_alternatives":["tech.factory_system"]},{"id":"autonomous_systems","kind":"input_good","technology_alternatives":["tech.autonomous_systems"]},{"id":"automobiles","kind":"output_good","technology_alternatives":["tech.internal_combustion"]}],"missing_required":["tech.internal_combustion","tech.mass_production","tech.digital_control","tech.algorithmic_management"],"technology":"tech.robotic_manufacturing"}
   at: push_error (core/variant/variant_utility.cpp:1024)
   GDScript backtrace (most recent call first):
       [0] _init (res://tests/technology_unlock_closure_audit_test.gd:26)
ERROR: {"building":"method_autonomous_forestry","missing_dependencies":[{"id":"construction_components","kind":"construction_good","technology_alternatives":["tech.adobe_making"]},{"id":"steel","kind":"construction_good","technology_alternatives":["tech.blast_furnace","tech.coke_smelting","tech.advanced_metallurgy"]},{"id":"advanced_chips","kind":"construction_good","technology_alternatives":["tech.semiconductor_manufacturing"]},{"id":"tools","kind":"input_good","technology_alternatives":["tech.surface_iron_collection","tech.machine_tools","tech.crucible_steel"]},{"id":"electricity","kind":"input_good","technology_alternatives":["tech.electric_generation"]},{"id":"computers","kind":"input_good","technology_alternatives":["tech.digital_computing"]},{"id":"autonomous_systems","kind":"input_good","technology_alternatives":["tech.autonomous_systems"]},{"id":"technology_points","kind":"input_good","technology_alternatives":["tech.oral_memory_practice","tech.phenology_observation","tech.flood_calendar_practice","tech.pastoral_route_memory","tech.tide_observation"]},{"id":"logs","kind":"output_good","technology_alternatives":["tech.deadwood_collection"]},{"id":"timber","kind":"natural_resource","technology_alternatives":["tech.deadwood_collection"]},{"id":"timber","kind":"generated_resource","technology_alternatives":["tech.deadwood_collection"]}],"missing_required":["tech.autonomous_systems","tech.smart_grid"],"technology":"tech.scientific_agents"}
   at: push_error (core/variant/variant_utility.cpp:1024)
   GDScript backtrace (most recent call first):
       [0] _init (res://tests/technology_unlock_closure_audit_test.gd:26)
ERROR: {"building":"method_autonomous_shipping","missing_dependencies":[{"id":"construction_components","kind":"construction_good","technology_alternatives":["tech.adobe_making"]},{"id":"steel","kind":"construction_good","technology_alternatives":["tech.blast_furnace","tech.coke_smelting","tech.advanced_metallurgy"]},{"id":"concrete","kind":"construction_good","technology_alternatives":["tech.synthetic_materials"]},{"id":"advanced_chips","kind":"construction_good","technology_alternatives":["tech.semiconductor_manufacturing"]},{"id":"steel","kind":"input_good","technology_alternatives":["tech.blast_furnace","tech.coke_smelting","tech.advanced_metallurgy"]},{"id":"engines","kind":"input_good","technology_alternatives":["tech.internal_combustion"]},{"id":"electricity","kind":"input_good","technology_alternatives":["tech.electric_generation"]},{"id":"computers","kind":"input_good","technology_alternatives":["tech.digital_computing"]},{"id":"autonomous_systems","kind":"input_good","technology_alternatives":["tech.autonomous_systems"]},{"id":"technology_points","kind":"input_good","technology_alternatives":["tech.oral_memory_practice","tech.phenology_observation","tech.flood_calendar_practice","tech.pastoral_route_memory","tech.tide_observation"]}],"missing_required":["tech.autonomous_systems","tech.smart_grid","tech.distributed_intelligence"],"technology":"tech.autonomous_logistics"}
   at: push_error (core/variant/variant_utility.cpp:1024)
   GDScript backtrace (most recent call first):
       [0] _init (res://tests/technology_unlock_closure_audit_test.gd:26)
ERROR: {"building":"method_batteries_plant_r10","missing_dependencies":[{"id":"construction_components","kind":"construction_good","technology_alternatives":["tech.adobe_making"]},{"id":"steel","kind":"construction_good","technology_alternatives":["tech.blast_furnace","tech.coke_smelting","tech.advanced_metallurgy"]},{"id":"concrete","kind":"construction_good","technology_alternatives":["tech.synthetic_materials"]},{"id":"glass","kind":"construction_good","technology_alternatives":["tech.early_glassmaking"]},{"id":"lead","kind":"input_good","technology_alternatives":["tech.advanced_metallurgy","tech.systems_engineering"]},{"id":"industrial_chemicals","kind":"input_good","technology_alternatives":["tech.industrial_chemistry"]},{"id":"tools","kind":"input_good","technology_alternatives":["tech.precision_engineering"]},{"id":"electricity","kind":"input_good","technology_alternatives":["tech.electric_generation"]},{"id":"industrial_machinery","kind":"input_good","technology_alternatives":["tech.factory_system"]},{"id":"autonomous_systems","kind":"input_good","technology_alternatives":["tech.autonomous_systems"]},{"id":"batteries","kind":"output_good","technology_alternatives":["tech.electronic_control"]}],"missing_required":["tech.robotic_manufacturing","tech.digital_control"],"technology":"tech.smart_grid"}
   at: push_error (core/variant/variant_utility.cpp:1024)
   GDScript backtrace (most recent call first):
       [0] _init (res://tests/technology_unlock_closure_audit_test.gd:26)
ERROR: {"building":"method_bauxite_collector_r9","missing_dependencies":[{"id":"construction_components","kind":"construction_good","technology_alternatives":["tech.adobe_making"]},{"id":"concrete","kind":"construction_good","technology_alternatives":["tech.synthetic_materials"]},{"id":"glass","kind":"construction_good","technology_alternatives":["tech.early_glassmaking"]},{"id":"tools","kind":"input_good","technology_alternatives":["tech.precision_engineering"]},{"id":"explosives","kind":"input_good","technology_alternatives":["tech.gunpowder_formulation","tech.gunpowder_weapons"]},{"id":"computers","kind":"input_good","technology_alternatives":["tech.digital_computing"]},{"id":"bauxite","kind":"output_good","technology_alternatives":["tech.deep_geophysics"]},{"id":"bauxite","kind":"natural_resource","technology_alternatives":["tech.deep_geophysics"]}],"missing_required":[],"technology":"tech.mineral_spectral_survey"}
   at: push_error (core/variant/variant_utility.cpp:1024)
   GDScript backtrace (most recent call first):
       [0] _init (res://tests/technology_unlock_closure_audit_test.gd:26)
ERROR: {"building":"method_bricks_plant_r6","missing_dependencies":[{"id":"lumber","kind":"construction_good","technology_alternatives":["tech.timber_sawing"]},{"id":"construction_components","kind":"construction_good","technology_alternatives":["tech.adobe_making"]},{"id":"clay","kind":"input_good","technology_alternatives":["tech.earth_building"]},{"id":"industrial_machinery","kind":"input_good","technology_alternatives":["tech.factory_system"]},{"id":"tools","kind":"input_good","technology_alternatives":["tech.precision_engineering","tech.surface_iron_collection","tech.machine_tools","tech.crucible_steel"]},{"id":"bricks","kind":"output_good","technology_alternatives":["tech.clay_preparation"]}],"missing_required":[],"technology":"tech.industrial_organization"}
   at: push_error (core/variant/variant_utility.cpp:1024)
   GDScript backtrace (most recent call first):
       [0] _init (res://tests/technology_unlock_closure_audit_test.gd:26)
ERROR: {"building":"method_cement_plant_r9","missing_dependencies":[{"id":"construction_components","kind":"construction_good","technology_alternatives":["tech.adobe_making"]},{"id":"steel","kind":"construction_good","technology_alternatives":["tech.blast_furnace","tech.coke_smelting","tech.advanced_metallurgy"]},{"id":"concrete","kind":"construction_good","technology_alternatives":["tech.synthetic_materials"]},{"id":"glass","kind":"construction_good","technology_alternatives":["tech.early_glassmaking"]},{"id":"lime","kind":"input_good","technology_alternatives":["tech.masonry"]},{"id":"clay","kind":"input_good","technology_alternatives":["tech.earth_building"]},{"id":"tools","kind":"input_good","technology_alternatives":["tech.precision_engineering"]},{"id":"computers","kind":"input_good","technology_alternatives":["tech.digital_computing"]},{"id":"electricity","kind":"input_good","technology_alternatives":["tech.electric_generation"]},{"id":"industrial_machinery","kind":"input_good","technology_alternatives":["tech.factory_system"]}],"missing_required":["tech.digital_control","tech.sensor_networks","tech.industrial_quality_control"],"technology":"tech.hydraulic_engineering"}
   at: push_error (core/variant/variant_utility.cpp:1024)
   GDScript backtrace (most recent call first):
       [0] _init (res://tests/technology_unlock_closure_audit_test.gd:26)
ERROR: {"building":"method_coke_ovens_r9","missing_dependencies":[{"id":"construction_components","kind":"construction_good","technology_alternatives":["tech.adobe_making"]},{"id":"steel","kind":"construction_good","technology_alternatives":["tech.blast_furnace","tech.coke_smelting","tech.advanced_metallurgy"]},{"id":"concrete","kind":"construction_good","technology_alternatives":["tech.synthetic_materials"]},{"id":"glass","kind":"construction_good","technology_alternatives":["tech.early_glassmaking"]},{"id":"coal","kind":"input_good","technology_alternatives":["tech.surface_coal_use","tech.coal_mining","tech.industrial_coal_mining"]},{"id":"tools","kind":"input_good","technology_alternatives":["tech.precision_engineering"]},{"id":"computers","kind":"input_good","technology_alternatives":["tech.digital_computing"]},{"id":"electricity","kind":"input_good","technology_alternatives":["tech.electric_generation"]},{"id":"industrial_machinery","kind":"input_good","technology_alternatives":["tech.factory_system"]},{"id":"coke","kind":"output_good","technology_alternatives":["tech.coke_smelting"]}],"missing_required":["tech.coke_smelting","tech.sensor_networks","tech.industrial_quality_control"],"technology":"tech.digital_control"}
   at: push_error (core/variant/variant_utility.cpp:1024)
   GDScript backtrace (most recent call first):
       [0] _init (res://tests/technology_unlock_closure_audit_test.gd:26)
ERROR: {"building":"method_concrete_plant_r9","missing_dependencies":[{"id":"construction_components","kind":"construction_good","technology_alternatives":["tech.adobe_making"]},{"id":"cement","kind":"input_good","technology_alternatives":["tech.hydraulic_engineering"]},{"id":"raw_stone","kind":"input_good","technology_alternatives":["tech.ground_stone_tools"]},{"id":"tools","kind":"input_good","technology_alternatives":["tech.precision_engineering"]},{"id":"computers","kind":"input_good","technology_alternatives":["tech.digital_computing"]},{"id":"electricity","kind":"input_good","technology_alternatives":["tech.electric_generation"]},{"id":"industrial_machinery","kind":"input_good","technology_alternatives":["tech.factory_system"]},{"id":"concrete","kind":"output_good","technology_alternatives":["tech.synthetic_materials"]}],"missing_required":["tech.digital_control"],"technology":"tech.sensor_networks"}
   at: push_error (core/variant/variant_utility.cpp:1024)
   GDScript backtrace (most recent call first):
       [0] _init (res://tests/technology_unlock_closure_audit_test.gd:26)
ERROR: {"building":"method_cotton_collector_r6","missing_dependencies":[{"id":"lumber","kind":"construction_good","technology_alternatives":["tech.timber_sawing"]},{"id":"bricks","kind":"construction_good","technology_alternatives":["tech.clay_preparation"]},{"id":"construction_components","kind":"construction_good","technology_alternatives":["tech.adobe_making"]},{"id":"steel","kind":"construction_good","technology_alternatives":["tech.blast_furnace","tech.coke_smelting","tech.advanced_metallurgy"]},{"id":"agricultural_machinery","kind":"input_good","technology_alternatives":["tech.mechanized_agriculture"]},{"id":"seed_cotton","kind":"output_good","technology_alternatives":["tech.cotton_gardening"]},{"id":"arable_land","kind":"natural_resource","technology_alternatives":["tech.rainfed_field_system"]},{"id":"fertile_soil","kind":"natural_resource","technology_alternatives":["tech.gathering","tech.rainfed_field_system"]}],"missing_required":["tech.mechanized_agriculture"],"technology":"tech.mechanical_threshing"}
   at: push_error (core/variant/variant_utility.cpp:1024)
   GDScript backtrace (most recent call first):
       [0] _init (res://tests/technology_unlock_closure_audit_test.gd:26)
ERROR: {"building":"method_detergent_plant_r10","missing_dependencies":[{"id":"construction_components","kind":"construction_good","technology_alternatives":["tech.adobe_making"]},{"id":"steel","kind":"construction_good","technology_alternatives":["tech.blast_furnace","tech.coke_smelting","tech.advanced_metallurgy"]},{"id":"concrete","kind":"construction_good","technology_alternatives":["tech.synthetic_materials"]},{"id":"glass","kind":"construction_good","technology_alternatives":["tech.early_glassmaking"]},{"id":"petrochemicals","kind":"input_good","technology_alternatives":["tech.petrochemical_industry"]},{"id":"industrial_chemicals","kind":"input_good","technology_alternatives":["tech.industrial_chemistry"]},{"id":"tools","kind":"input_good","technology_alternatives":["tech.precision_engineering"]},{"id":"electricity","kind":"input_good","technology_alternatives":["tech.electric_generation"]},{"id":"industrial_machinery","kind":"input_good","technology_alternatives":["tech.factory_system"]},{"id":"autonomous_systems","kind":"input_good","technology_alternatives":["tech.autonomous_systems"]}],"missing_required":["tech.machine_learning","tech.robotic_manufacturing","tech.digital_control","tech.algorithmic_management"],"technology":"tech.scientific_classification"}
   at: push_error (core/variant/variant_utility.cpp:1024)
   GDScript backtrace (most recent call first):
       [0] _init (res://tests/technology_unlock_closure_audit_test.gd:26)
ERROR: {"building":"method_edible_oil_plant_r6","missing_dependencies":[{"id":"lumber","kind":"construction_good","technology_alternatives":["tech.timber_sawing"]},{"id":"bricks","kind":"construction_good","technology_alternatives":["tech.clay_preparation"]},{"id":"construction_components","kind":"construction_good","technology_alternatives":["tech.adobe_making"]},{"id":"steel","kind":"construction_good","technology_alternatives":["tech.blast_furnace","tech.coke_smelting","tech.advanced_metallurgy"]},{"id":"corn_grain","kind":"input_good","technology_alternatives":["tech.wild_maize_collection","tech.maize_garden_horticulture"]},{"id":"tools","kind":"input_good","technology_alternatives":["tech.precision_engineering","tech.surface_iron_collection","tech.machine_tools","tech.crucible_steel"]},{"id":"industrial_machinery","kind":"input_good","technology_alternatives":["tech.factory_system"]}],"missing_required":["tech.industrial_organization","tech.industrial_quality_control"],"technology":"tech.agricultural_improvement"}
   at: push_error (core/variant/variant_utility.cpp:1024)
   GDScript backtrace (most recent call first):
       [0] _init (res://tests/technology_unlock_closure_audit_test.gd:26)
ERROR: {"building":"method_electric_motor_plant_r10","missing_dependencies":[{"id":"construction_components","kind":"construction_good","technology_alternatives":["tech.adobe_making"]},{"id":"steel","kind":"construction_good","technology_alternatives":["tech.blast_furnace","tech.coke_smelting","tech.advanced_metallurgy"]},{"id":"concrete","kind":"construction_good","technology_alternatives":["tech.synthetic_materials"]},{"id":"glass","kind":"construction_good","technology_alternatives":["tech.early_glassmaking"]},{"id":"copper","kind":"input_good","technology_alternatives":["tech.specialty_alloys","tech.copper_metallurgy"]},{"id":"steel","kind":"input_good","technology_alternatives":["tech.specialty_alloys","tech.blast_furnace","tech.coke_smelting","tech.advanced_metallurgy"]},{"id":"tools","kind":"input_good","technology_alternatives":["tech.precision_engineering"]},{"id":"electricity","kind":"input_good","technology_alternatives":["tech.electric_generation"]},{"id":"industrial_machinery","kind":"input_good","technology_alternatives":["tech.factory_system"]},{"id":"autonomous_systems","kind":"input_good","technology_alternatives":["tech.autonomous_systems"]}],"missing_required":["tech.smart_grid","tech.robotic_manufacturing","tech.digital_control"],"technology":"tech.electric_motors"}
   at: push_error (core/variant/variant_utility.cpp:1024)
   GDScript backtrace (most recent call first):
       [0] _init (res://tests/technology_unlock_closure_audit_test.gd:26)
ERROR: {"building":"method_electronic_components_plant_r10","missing_dependencies":[{"id":"construction_components","kind":"construction_good","technology_alternatives":["tech.adobe_making"]},{"id":"steel","kind":"construction_good","technology_alternatives":["tech.blast_furnace","tech.coke_smelting","tech.advanced_metallurgy"]},{"id":"concrete","kind":"construction_good","technology_alternatives":["tech.synthetic_materials"]},{"id":"glass","kind":"construction_good","technology_alternatives":["tech.early_glassmaking"]},{"id":"copper","kind":"input_good","technology_alternatives":["tech.copper_metallurgy"]},{"id":"tin","kind":"input_good","technology_alternatives":["tech.bronze_casting"]},{"id":"zinc","kind":"input_good","technology_alternatives":["tech.electrochemistry"]},{"id":"plastics","kind":"input_good","technology_alternatives":["tech.plastics_engineering"]},{"id":"tools","kind":"input_good","technology_alternatives":["tech.precision_engineering"]},{"id":"electricity","kind":"input_good","technology_alternatives":["tech.electric_generation"]},{"id":"industrial_machinery","kind":"input_good","technology_alternatives":["tech.factory_system"]},{"id":"autonomous_systems","kind":"input_good","technology_alternatives":["tech.autonomous_systems"]},{"id":"electronic_components","kind":"output_good","technology_alternatives":["tech.radio"]}],"missing_required":["tech.robotic_manufacturing","tech.digital_control"],"technology":"tech.distributed_intelligence"}
   at: push_error (core/variant/variant_utility.cpp:1024)
   GDScript backtrace (most recent call first):
       [0] _init (res://tests/technology_unlock_closure_audit_test.gd:26)
ERROR: {"building":"method_engines_plant_r10","missing_dependencies":[{"id":"steel","kind":"construction_good","technology_alternatives":["tech.blast_furnace","tech.coke_smelting","tech.advanced_metallurgy"]},{"id":"concrete","kind":"construction_good","technology_alternatives":["tech.synthetic_materials"]},{"id":"glass","kind":"construction_good","technology_alternatives":["tech.early_glassmaking"]},{"id":"steel","kind":"input_good","technology_alternatives":["tech.blast_furnace","tech.coke_smelting","tech.advanced_metallurgy"]},{"id":"aluminum","kind":"input_good","technology_alternatives":["tech.specialty_alloys"]},{"id":"machine_parts","kind":"input_good","technology_alternatives":["tech.mechanical_workshops"]},{"id":"lubricants","kind":"input_good","technology_alternatives":["tech.industrial_ecology"]},{"id":"tools","kind":"input_good","technology_alternatives":["tech.precision_engineering"]},{"id":"electricity","kind":"input_good","technology_alternatives":["tech.electric_generation"]},{"id":"industrial_machinery","kind":"input_good","technology_alternatives":["tech.factory_system"]},{"id":"autonomous_systems","kind":"input_good","technology_alternatives":["tech.autonomous_systems"]},{"id":"engines","kind":"output_good","technology_alternatives":["tech.internal_combustion"]}],"missing_required":["tech.internal_combustion","tech.digital_control","tech.algorithmic_management"],"technology":"tech.robotic_manufacturing"}
   at: push_error (core/variant/variant_utility.cpp:1024)
   GDScript backtrace (most recent call first):
       [0] _init (res://tests/technology_unlock_closure_audit_test.gd:26)
ERROR: {"building":"method_explosives_plant_r10","missing_dependencies":[{"id":"construction_components","kind":"construction_good","technology_alternatives":["tech.adobe_making"]},{"id":"steel","kind":"construction_good","technology_alternatives":["tech.blast_furnace","tech.coke_smelting","tech.advanced_metallurgy"]},{"id":"concrete","kind":"construction_good","technology_alternatives":["tech.synthetic_materials"]},{"id":"glass","kind":"construction_good","technology_alternatives":["tech.early_glassmaking"]},{"id":"tools","kind":"input_good","technology_alternatives":["tech.precision_engineering"]},{"id":"autonomous_systems","kind":"input_good","technology_alternatives":["tech.autonomous_systems"]},{"id":"electricity","kind":"input_good","technology_alternatives":["tech.electric_generation"]},{"id":"industrial_machinery","kind":"input_good","technology_alternatives":["tech.factory_system"]}],"missing_required":["tech.robotic_manufacturing","tech.digital_control","tech.algorithmic_management"],"technology":"tech.gunpowder_weapons"}
   at: push_error (core/variant/variant_utility.cpp:1024)
   GDScript backtrace (most recent call first):
       [0] _init (res://tests/technology_unlock_closure_audit_test.gd:26)
ERROR: {"building":"method_explosives_plant_r8","missing_dependencies":[{"id":"construction_components","kind":"construction_good","technology_alternatives":["tech.adobe_making"]},{"id":"steel","kind":"construction_good","technology_alternatives":["tech.blast_furnace","tech.coke_smelting","tech.advanced_metallurgy"]},{"id":"concrete","kind":"construction_good","technology_alternatives":["tech.synthetic_materials"]},{"id":"glass","kind":"construction_good","technology_alternatives":["tech.early_glassmaking"]},{"id":"saltpeter","kind":"input_good","technology_alternatives":["tech.gunpowder_formulation"]},{"id":"sulfur","kind":"input_good","technology_alternatives":["tech.gunpowder_weapons"]},{"id":"tools","kind":"input_good","technology_alternatives":["tech.precision_engineering","tech.surface_iron_collection","tech.machine_tools","tech.crucible_steel"]},{"id":"electric_motor","kind":"input_good","technology_alternatives":["tech.electric_motors"]},{"id":"electricity","kind":"input_good","technology_alternatives":["tech.electric_generation"]},{"id":"industrial_machinery","kind":"input_good","technology_alternatives":["tech.factory_system"]},{"id":"explosives","kind":"output_good","technology_alternatives":["tech.gunpowder_formulation","tech.gunpowder_weapons"]}],"missing_required":["tech.gunpowder_weapons","tech.petrochemical_industry","tech.synthetic_materials"],"technology":"tech.industrial_quality_control"}
   at: push_error (core/variant/variant_utility.cpp:1024)
   GDScript backtrace (most recent call first):
       [0] _init (res://tests/technology_unlock_closure_audit_test.gd:26)
ERROR: {"building":"method_flax_collector_r3","missing_dependencies":[{"id":"lumber","kind":"construction_good","technology_alternatives":["tech.timber_sawing"]},{"id":"bricks","kind":"construction_good","technology_alternatives":["tech.clay_preparation"]},{"id":"construction_components","kind":"construction_good","technology_alternatives":["tech.adobe_making"]},{"id":"tools","kind":"input_good","technology_alternatives":["tech.bronze_casting","tech.precision_engineering","tech.surface_iron_collection","tech.machine_tools","tech.crucible_steel"]},{"id":"flax_fiber","kind":"output_good","technology_alternatives":["tech.flax_retting"]},{"id":"arable_land","kind":"natural_resource","technology_alternatives":["tech.rainfed_field_system"]},{"id":"fertile_soil","kind":"natural_resource","technology_alternatives":["tech.gathering","tech.rainfed_field_system"]}],"missing_required":[],"technology":"tech.seed_selection"}
   at: push_error (core/variant/variant_utility.cpp:1024)
   GDScript backtrace (most recent call first):
       [0] _init (res://tests/technology_unlock_closure_audit_test.gd:26)
ERROR: {"building":"method_flax_collector_r5","missing_dependencies":[{"id":"lumber","kind":"construction_good","technology_alternatives":["tech.timber_sawing"]},{"id":"bricks","kind":"construction_good","technology_alternatives":["tech.clay_preparation"]},{"id":"construction_components","kind":"construction_good","technology_alternatives":["tech.adobe_making"]},{"id":"tools","kind":"input_good","technology_alternatives":["tech.precision_engineering","tech.surface_iron_collection","tech.machine_tools","tech.crucible_steel"]},{"id":"flax_fiber","kind":"output_good","technology_alternatives":["tech.flax_retting"]},{"id":"arable_land","kind":"natural_resource","technology_alternatives":["tech.rainfed_field_system"]},{"id":"fertile_soil","kind":"natural_resource","technology_alternatives":["tech.gathering","tech.rainfed_field_system"]}],"missing_required":[],"technology":"tech.crop_breeding"}
   at: push_error (core/variant/variant_utility.cpp:1024)
   GDScript backtrace (most recent call first):
       [0] _init (res://tests/technology_unlock_closure_audit_test.gd:26)
ERROR: {"building":"method_flint_quarry_r1","missing_dependencies":[{"id":"logs","kind":"construction_good","technology_alternatives":["tech.deadwood_collection"]},{"id":"raw_stone","kind":"construction_good","technology_alternatives":["tech.ground_stone_tools"]},{"id":"tools","kind":"input_good","technology_alternatives":["tech.bronze_casting","tech.precision_engineering","tech.surface_iron_collection","tech.machine_tools","tech.crucible_steel"]},{"id":"flint","kind":"output_good","technology_alternatives":["tech.flint_identification"]},{"id":"flint","kind":"natural_resource","technology_alternatives":["tech.flint_identification"]}],"missing_required":["tech.flint_identification"],"technology":"tech.stone_knapping"}
   at: push_error (core/variant/variant_utility.cpp:1024)
   GDScript backtrace (most recent call first):
       [0] _init (res://tests/technology_unlock_closure_audit_test.gd:26)
ERROR: {"building":"method_forest_remote_sensing","missing_dependencies":[{"id":"construction_components","kind":"construction_good","technology_alternatives":["tech.adobe_making"]},{"id":"steel","kind":"construction_good","technology_alternatives":["tech.blast_furnace","tech.coke_smelting","tech.advanced_metallurgy"]},{"id":"glass","kind":"construction_good","technology_alternatives":["tech.early_glassmaking"]},{"id":"tools","kind":"input_good","technology_alternatives":["tech.surface_iron_collection","tech.machine_tools","tech.crucible_steel"]},{"id":"electricity","kind":"input_good","technology_alternatives":["tech.electric_generation"]},{"id":"computers","kind":"input_good","technology_alternatives":["tech.digital_computing"]},{"id":"scientific_instruments","kind":"input_good","technology_alternatives":["tech.industrial_research"]},{"id":"logs","kind":"output_good","technology_alternatives":["tech.deadwood_collection"]},{"id":"timber","kind":"natural_resource","technology_alternatives":["tech.deadwood_collection"]},{"id":"timber","kind":"generated_resource","technology_alternatives":["tech.deadwood_collection"]}],"missing_required":["tech.geographic_information_systems"],"technology":"tech.satellite_observation"}
   at: push_error (core/variant/variant_utility.cpp:1024)
   GDScript backtrace (most recent call first):
       [0] _init (res://tests/technology_unlock_closure_audit_test.gd:26)
ERROR: {"building":"method_gathering_ground_r1","missing_dependencies":[{"id":"logs","kind":"construction_good","technology_alternatives":["tech.deadwood_collection"]},{"id":"raw_stone","kind":"construction_good","technology_alternatives":["tech.ground_stone_tools"]},{"id":"tools","kind":"input_good","technology_alternatives":["tech.bronze_casting","tech.precision_engineering","tech.surface_iron_collection","tech.machine_tools","tech.crucible_steel"]},{"id":"gathered_plants","kind":"output_good","technology_alternatives":["tech.gathering"]},{"id":"fertile_soil","kind":"natural_resource","technology_alternatives":["tech.gathering","tech.rainfed_field_system"]}],"missing_required":[],"technology":"tech.permanent_settlements"}
   at: push_error (core/variant/variant_utility.cpp:1024)
   GDScript backtrace (most recent call first):
       [0] _init (res://tests/technology_unlock_closure_audit_test.gd:26)
ERROR: {"building":"method_highland_precision_agriculture","missing_dependencies":[{"id":"construction_components","kind":"construction_good","technology_alternatives":["tech.adobe_making"]},{"id":"steel","kind":"construction_good","technology_alternatives":["tech.blast_furnace","tech.coke_smelting","tech.advanced_metallurgy"]},{"id":"concrete","kind":"construction_good","technology_alternatives":["tech.synthetic_materials"]},{"id":"glass","kind":"construction_good","technology_alternatives":["tech.early_glassmaking"]},{"id":"agricultural_machinery","kind":"input_good","technology_alternatives":["tech.mechanized_agriculture"]},{"id":"electricity","kind":"input_good","technology_alternatives":["tech.electric_generation"]},{"id":"computers","kind":"input_good","technology_alternatives":["tech.digital_computing"]},{"id":"potatoes","kind":"output_good","technology_alternatives":["tech.wild_tuber_collection","tech.potato_propagation"]},{"id":"arable_land","kind":"natural_resource","technology_alternatives":["tech.rainfed_field_system"]}],"missing_required":["tech.precision_agriculture","tech.geographic_information_systems"],"technology":"tech.biotechnology"}
   at: push_error (core/variant/variant_utility.cpp:1024)
   GDScript backtrace (most recent call first):
       [0] _init (res://tests/technology_unlock_closure_audit_test.gd:26)
ERROR: {"building":"method_household_appliances_plant_r10","missing_dependencies":[{"id":"construction_components","kind":"construction_good","technology_alternatives":["tech.adobe_making"]},{"id":"steel","kind":"construction_good","technology_alternatives":["tech.blast_furnace","tech.coke_smelting","tech.advanced_metallurgy"]},{"id":"concrete","kind":"construction_good","technology_alternatives":["tech.synthetic_materials"]},{"id":"glass","kind":"construction_good","technology_alternatives":["tech.early_glassmaking"]},{"id":"electrical_equipment","kind":"input_good","technology_alternatives":["tech.electrification"]},{"id":"steel","kind":"input_good","technology_alternatives":["tech.specialty_alloys","tech.blast_furnace","tech.coke_smelting","tech.advanced_metallurgy"]},{"id":"plastics","kind":"input_good","technology_alternatives":["tech.plastics_engineering"]},{"id":"tools","kind":"input_good","technology_alternatives":["tech.precision_engineering"]},{"id":"electricity","kind":"input_good","technology_alternatives":["tech.electric_generation"]},{"id":"industrial_machinery","kind":"input_good","technology_alternatives":["tech.factory_system"]},{"id":"autonomous_systems","kind":"input_good","technology_alternatives":["tech.autonomous_systems"]},{"id":"household_appliances","kind":"output_good","technology_alternatives":["tech.assembly_line"]}],"missing_required":["tech.electric_motors","tech.robotic_manufacturing","tech.digital_control","tech.algorithmic_management"],"technology":"tech.human_machine_collaboration"}
   at: push_error (core/variant/variant_utility.cpp:1024)
   GDScript backtrace (most recent call first):
       [0] _init (res://tests/technology_unlock_closure_audit_test.gd:26)
ERROR: {"building":"method_industrial_machinery_plant_r9","missing_dependencies":[{"id":"construction_components","kind":"construction_good","technology_alternatives":["tech.adobe_making"]},{"id":"steel","kind":"construction_good","technology_alternatives":["tech.blast_furnace","tech.coke_smelting","tech.advanced_metallurgy"]},{"id":"concrete","kind":"construction_good","technology_alternatives":["tech.synthetic_materials"]},{"id":"glass","kind":"construction_good","technology_alternatives":["tech.early_glassmaking"]},{"id":"machine_parts","kind":"input_good","technology_alternatives":["tech.mechanical_workshops"]},{"id":"steam_engines","kind":"input_good","technology_alternatives":["tech.electric_motors","tech.atmospheric_engine","tech.steam_power"]},{"id":"tools","kind":"input_good","technology_alternatives":["tech.precision_engineering"]},{"id":"computers","kind":"input_good","technology_alternatives":["tech.digital_computing"]},{"id":"electricity","kind":"input_good","technology_alternatives":["tech.electric_generation"]}],"missing_required":["tech.digital_control","tech.sensor_networks","tech.industrial_quality_control"],"technology":"tech.factory_system"}
   at: push_error (core/variant/variant_utility.cpp:1024)
   GDScript backtrace (most recent call first):
       [0] _init (res://tests/technology_unlock_closure_audit_test.gd:26)
ERROR: {"building":"method_insulated_cable_plant_r10","missing_dependencies":[{"id":"construction_components","kind":"construction_good","technology_alternatives":["tech.adobe_making"]},{"id":"steel","kind":"construction_good","technology_alternatives":["tech.blast_furnace","tech.coke_smelting","tech.advanced_metallurgy"]},{"id":"concrete","kind":"construction_good","technology_alternatives":["tech.synthetic_materials"]},{"id":"glass","kind":"construction_good","technology_alternatives":["tech.early_glassmaking"]},{"id":"wire","kind":"input_good","technology_alternatives":["tech.electromagnetic_induction"]},{"id":"plastics","kind":"input_good","technology_alternatives":["tech.plastics_engineering","tech.synthetic_materials"]},{"id":"tools","kind":"input_good","technology_alternatives":["tech.precision_engineering"]},{"id":"electricity","kind":"input_good","technology_alternatives":["tech.electric_generation"]},{"id":"industrial_machinery","kind":"input_good","technology_alternatives":["tech.factory_system"]},{"id":"autonomous_systems","kind":"input_good","technology_alternatives":["tech.autonomous_systems"]}],"missing_required":["tech.smart_grid","tech.robotic_manufacturing","tech.digital_control"],"technology":"tech.electric_grid"}
   at: push_error (core/variant/variant_utility.cpp:1024)
   GDScript backtrace (most recent call first):
       [0] _init (res://tests/technology_unlock_closure_audit_test.gd:26)
ERROR: {"building":"method_landed_estate_r6","missing_dependencies":[{"id":"lumber","kind":"construction_good","technology_alternatives":["tech.timber_sawing"]},{"id":"bricks","kind":"construction_good","technology_alternatives":["tech.clay_preparation"]},{"id":"construction_components","kind":"construction_good","technology_alternatives":["tech.adobe_making"]},{"id":"steel","kind":"construction_good","technology_alternatives":["tech.blast_furnace","tech.coke_smelting","tech.advanced_metallurgy"]},{"id":"agricultural_machinery","kind":"input_good","technology_alternatives":["tech.mechanized_agriculture"]},{"id":"corn_grain","kind":"output_good","technology_alternatives":["tech.wild_maize_collection","tech.maize_garden_horticulture"]},{"id":"arable_land","kind":"natural_resource","technology_alternatives":["tech.rainfed_field_system"]},{"id":"fertile_soil","kind":"natural_resource","technology_alternatives":["tech.gathering","tech.rainfed_field_system"]}],"missing_required":["tech.mechanized_agriculture"],"technology":"tech.mechanical_reaping"}
   at: push_error (core/variant/variant_utility.cpp:1024)
   GDScript backtrace (most recent call first):
       [0] _init (res://tests/technology_unlock_closure_audit_test.gd:26)
ERROR: {"building":"method_lead_ore_collector_r9","missing_dependencies":[{"id":"construction_components","kind":"construction_good","technology_alternatives":["tech.adobe_making"]},{"id":"steel","kind":"construction_good","technology_alternatives":["tech.blast_furnace","tech.coke_smelting","tech.advanced_metallurgy"]},{"id":"concrete","kind":"construction_good","technology_alternatives":["tech.synthetic_materials"]},{"id":"glass","kind":"construction_good","technology_alternatives":["tech.early_glassmaking"]},{"id":"tools","kind":"input_good","technology_alternatives":["tech.precision_engineering"]},{"id":"explosives","kind":"input_good","technology_alternatives":["tech.gunpowder_formulation","tech.gunpowder_weapons"]},{"id":"computers","kind":"input_good","technology_alternatives":["tech.digital_computing"]},{"id":"lead_ore","kind":"output_good","technology_alternatives":["tech.deep_mining"]},{"id":"lead_ore","kind":"natural_resource","technology_alternatives":["tech.mine_ventilation"]}],"missing_required":["tech.mineral_spectral_survey"],"technology":"tech.geological_prospecting"}
   at: push_error (core/variant/variant_utility.cpp:1024)
   GDScript backtrace (most recent call first):
       [0] _init (res://tests/technology_unlock_closure_audit_test.gd:26)
ERROR: {"building":"method_lead_plant_r9","missing_dependencies":[{"id":"construction_components","kind":"construction_good","technology_alternatives":["tech.adobe_making"]},{"id":"steel","kind":"construction_good","technology_alternatives":["tech.blast_furnace","tech.coke_smelting","tech.advanced_metallurgy"]},{"id":"concrete","kind":"construction_good","technology_alternatives":["tech.synthetic_materials"]},{"id":"glass","kind":"construction_good","technology_alternatives":["tech.early_glassmaking"]},{"id":"lead_ore","kind":"input_good","technology_alternatives":["tech.deep_mining"]},{"id":"coal","kind":"input_good","technology_alternatives":["tech.surface_coal_use","tech.coal_mining","tech.industrial_coal_mining","tech.coke_smelting"]},{"id":"tools","kind":"input_good","technology_alternatives":["tech.precision_engineering"]},{"id":"computers","kind":"input_good","technology_alternatives":["tech.digital_computing"]},{"id":"electricity","kind":"input_good","technology_alternatives":["tech.electric_generation"]},{"id":"industrial_machinery","kind":"input_good","technology_alternatives":["tech.factory_system"]},{"id":"lead","kind":"output_good","technology_alternatives":["tech.advanced_metallurgy"]}],"missing_required":["tech.digital_control"],"technology":"tech.open_science_networks"}
   at: push_error (core/variant/variant_utility.cpp:1024)
   GDScript backtrace (most recent call first):
       [0] _init (res://tests/technology_unlock_closure_audit_test.gd:26)
ERROR: {"building":"method_lime_plant_r6","missing_dependencies":[{"id":"lumber","kind":"construction_good","technology_alternatives":["tech.timber_sawing"]},{"id":"bricks","kind":"construction_good","technology_alternatives":["tech.clay_preparation"]},{"id":"construction_components","kind":"construction_good","technology_alternatives":["tech.adobe_making"]},{"id":"steel","kind":"construction_good","technology_alternatives":["tech.blast_furnace","tech.coke_smelting","tech.advanced_metallurgy"]},{"id":"limestone","kind":"input_good","technology_alternatives":["tech.masonry"]},{"id":"industrial_machinery","kind":"input_good","technology_alternatives":["tech.factory_system"]},{"id":"tools","kind":"input_good","technology_alternatives":["tech.precision_engineering","tech.surface_iron_collection","tech.machine_tools","tech.crucible_steel"]},{"id":"lime","kind":"output_good","technology_alternatives":["tech.masonry"]}],"missing_required":[],"technology":"tech.industrial_organization"}
   at: push_error (core/variant/variant_utility.cpp:1024)
   GDScript backtrace (most recent call first):
       [0] _init (res://tests/technology_unlock_closure_audit_test.gd:26)
ERROR: {"building":"method_limestone_collector_r6","missing_dependencies":[{"id":"bricks","kind":"construction_good","technology_alternatives":["tech.clay_preparation"]},{"id":"construction_components","kind":"construction_good","technology_alternatives":["tech.adobe_making"]},{"id":"steel","kind":"construction_good","technology_alternatives":["tech.blast_furnace","tech.coke_smelting","tech.advanced_metallurgy"]},{"id":"industrial_machinery","kind":"input_good","technology_alternatives":["tech.factory_system"]},{"id":"limestone","kind":"output_good","technology_alternatives":["tech.masonry"]},{"id":"limestone","kind":"natural_resource","technology_alternatives":["tech.masonry"]}],"missing_required":["tech.industrial_organization"],"technology":"tech.learned_societies"}
   at: push_error (core/variant/variant_utility.cpp:1024)
   GDScript backtrace (most recent call first):
       [0] _init (res://tests/technology_unlock_closure_audit_test.gd:26)
ERROR: {"building":"method_lubricants_plant_r9","missing_dependencies":[{"id":"construction_components","kind":"construction_good","technology_alternatives":["tech.adobe_making"]},{"id":"steel","kind":"construction_good","technology_alternatives":["tech.blast_furnace","tech.coke_smelting","tech.advanced_metallurgy"]},{"id":"concrete","kind":"construction_good","technology_alternatives":["tech.synthetic_materials"]},{"id":"glass","kind":"construction_good","technology_alternatives":["tech.early_glassmaking"]},{"id":"crude_oil","kind":"input_good","technology_alternatives":["tech.petroleum_extraction","tech.petrochemical_industry"]},{"id":"tools","kind":"input_good","technology_alternatives":["tech.precision_engineering"]},{"id":"computers","kind":"input_good","technology_alternatives":["tech.digital_computing"]},{"id":"electricity","kind":"input_good","technology_alternatives":["tech.electric_generation"]},{"id":"industrial_machinery","kind":"input_good","technology_alternatives":["tech.factory_system"]}],"missing_required":["tech.electronic_control","tech.digital_control","tech.industrial_quality_control"],"technology":"tech.industrial_ecology"}
   at: push_error (core/variant/variant_utility.cpp:1024)
   GDScript backtrace (most recent call first):
       [0] _init (res://tests/technology_unlock_closure_audit_test.gd:26)
ERROR: {"building":"method_lumber_plant_r2","missing_dependencies":[{"id":"logs","kind":"construction_good","technology_alternatives":["tech.deadwood_collection"]},{"id":"raw_stone","kind":"construction_good","technology_alternatives":["tech.ground_stone_tools"]},{"id":"bricks","kind":"construction_good","technology_alternatives":["tech.clay_preparation"]},{"id":"logs","kind":"input_good","technology_alternatives":["tech.deadwood_collection"]},{"id":"tools","kind":"input_good","technology_alternatives":["tech.bronze_casting","tech.precision_engineering","tech.surface_iron_collection","tech.machine_tools","tech.crucible_steel"]}],"missing_required":[],"technology":"tech.timber_sawing"}
   at: push_error (core/variant/variant_utility.cpp:1024)
   GDScript backtrace (most recent call first):
       [0] _init (res://tests/technology_unlock_closure_audit_test.gd:26)
ERROR: {"building":"method_lumber_plant_r4","missing_dependencies":[{"id":"bricks","kind":"construction_good","technology_alternatives":["tech.clay_preparation"]},{"id":"logs","kind":"input_good","technology_alternatives":["tech.deadwood_collection"]},{"id":"tools","kind":"input_good","technology_alternatives":["tech.precision_engineering","tech.surface_iron_collection","tech.machine_tools","tech.crucible_steel"]}],"missing_required":[],"technology":"tech.forest_management"}
   at: push_error (core/variant/variant_utility.cpp:1024)
   GDScript backtrace (most recent call first):
       [0] _init (res://tests/technology_unlock_closure_audit_test.gd:26)
ERROR: {"building":"method_machine_parts_plant_r9","missing_dependencies":[{"id":"construction_components","kind":"construction_good","technology_alternatives":["tech.adobe_making"]},{"id":"steel","kind":"construction_good","technology_alternatives":["tech.blast_furnace","tech.coke_smelting","tech.advanced_metallurgy"]},{"id":"concrete","kind":"construction_good","technology_alternatives":["tech.synthetic_materials"]},{"id":"glass","kind":"construction_good","technology_alternatives":["tech.early_glassmaking"]},{"id":"steel","kind":"input_good","technology_alternatives":["tech.specialty_alloys","tech.blast_furnace","tech.coke_smelting","tech.advanced_metallurgy"]},{"id":"lubricants","kind":"input_good","technology_alternatives":["tech.crop_rotation","tech.industrial_ecology"]},{"id":"tools","kind":"input_good","technology_alternatives":["tech.precision_engineering"]},{"id":"computers","kind":"input_good","technology_alternatives":["tech.digital_computing"]},{"id":"electricity","kind":"input_good","technology_alternatives":["tech.electric_generation"]},{"id":"industrial_machinery","kind":"input_good","technology_alternatives":["tech.factory_system"]},{"id":"machine_parts","kind":"output_good","technology_alternatives":["tech.mechanical_workshops"]}],"missing_required":["tech.machine_tools","tech.industrial_quality_control"],"technology":"tech.digital_control"}
   at: push_error (core/variant/variant_utility.cpp:1024)
   GDScript backtrace (most recent call first):
       [0] _init (res://tests/technology_unlock_closure_audit_test.gd:26)
ERROR: {"building":"method_manganese_ore_collector_r10","missing_dependencies":[{"id":"construction_components","kind":"construction_good","technology_alternatives":["tech.adobe_making"]},{"id":"concrete","kind":"construction_good","technology_alternatives":["tech.synthetic_materials"]},{"id":"glass","kind":"construction_good","technology_alternatives":["tech.early_glassmaking"]},{"id":"tools","kind":"input_good","technology_alternatives":["tech.precision_engineering"]},{"id":"explosives","kind":"input_good","technology_alternatives":["tech.gunpowder_formulation","tech.gunpowder_weapons"]},{"id":"autonomous_systems","kind":"input_good","technology_alternatives":["tech.autonomous_systems"]},{"id":"manganese_ore","kind":"output_good","technology_alternatives":["tech.geological_prospecting"]},{"id":"manganese_ore","kind":"natural_resource","technology_alternatives":["tech.mineral_spectral_survey"]}],"missing_required":["tech.autonomous_mining","tech.mineral_spectral_survey"],"technology":"tech.mechanized_mining"}
   at: push_error (core/variant/variant_utility.cpp:1024)
   GDScript backtrace (most recent call first):
       [0] _init (res://tests/technology_unlock_closure_audit_test.gd:26)
ERROR: {"building":"method_marine_fish_collector_r2","missing_dependencies":[{"id":"logs","kind":"construction_good","technology_alternatives":["tech.deadwood_collection"]},{"id":"raw_stone","kind":"construction_good","technology_alternatives":["tech.ground_stone_tools"]},{"id":"bricks","kind":"construction_good","technology_alternatives":["tech.clay_preparation"]},{"id":"tools","kind":"input_good","technology_alternatives":["tech.bronze_casting","tech.precision_engineering","tech.surface_iron_collection","tech.machine_tools","tech.crucible_steel"]},{"id":"fish","kind":"output_good","technology_alternatives":["tech.freshwater_fishing","tech.coastal_fishing"]},{"id":"marine_fish","kind":"natural_resource","technology_alternatives":["tech.coastal_fishing"]}],"missing_required":[],"technology":"tech.fishing_boats"}
   at: push_error (core/variant/variant_utility.cpp:1024)
   GDScript backtrace (most recent call first):
       [0] _init (res://tests/technology_unlock_closure_audit_test.gd:26)
ERROR: {"building":"method_marine_fish_collector_r4","missing_dependencies":[{"id":"lumber","kind":"construction_good","technology_alternatives":["tech.timber_sawing"]},{"id":"bricks","kind":"construction_good","technology_alternatives":["tech.clay_preparation"]},{"id":"construction_components","kind":"construction_good","technology_alternatives":["tech.adobe_making"]},{"id":"tools","kind":"input_good","technology_alternatives":["tech.precision_engineering","tech.surface_iron_collection","tech.machine_tools","tech.crucible_steel"]},{"id":"fish","kind":"output_good","technology_alternatives":["tech.freshwater_fishing","tech.coastal_fishing"]},{"id":"marine_fish","kind":"natural_resource","technology_alternatives":["tech.coastal_fishing"]}],"missing_required":["tech.oceanic_navigation"],"technology":"tech.oceanic_provisioning"}
   at: push_error (core/variant/variant_utility.cpp:1024)
   GDScript backtrace (most recent call first):
       [0] _init (res://tests/technology_unlock_closure_audit_test.gd:26)
ERROR: {"building":"method_medicinal_herbs_collector_r7","missing_dependencies":[{"id":"construction_components","kind":"construction_good","technology_alternatives":["tech.adobe_making"]},{"id":"steel","kind":"construction_good","technology_alternatives":["tech.blast_furnace","tech.coke_smelting","tech.advanced_metallurgy"]},{"id":"concrete","kind":"construction_good","technology_alternatives":["tech.synthetic_materials"]},{"id":"glass","kind":"construction_good","technology_alternatives":["tech.early_glassmaking"]},{"id":"fertilizer","kind":"input_good","technology_alternatives":["tech.fertilizer_processing","tech.synthetic_fertilizer"]},{"id":"electricity","kind":"input_good","technology_alternatives":["tech.electric_generation"]},{"id":"medicinal_herbs","kind":"output_good","technology_alternatives":["tech.natural_observation"]},{"id":"plantation_land","kind":"natural_resource","technology_alternatives":["tech.cotton_gardening","tech.spice_shade_gardening","tech.latex_smoke_coagulation","tech.crop_acclimatization"]},{"id":"fertile_soil","kind":"natural_resource","technology_alternatives":["tech.gathering","tech.rainfed_field_system"]}],"missing_required":[],"technology":"tech.modern_medicine"}
   at: push_error (core/variant/variant_utility.cpp:1024)
   GDScript backtrace (most recent call first):
       [0] _init (res://tests/technology_unlock_closure_audit_test.gd:26)
ERROR: {"building":"method_natural_gas_collector_r10","missing_dependencies":[{"id":"construction_components","kind":"construction_good","technology_alternatives":["tech.adobe_making"]},{"id":"steel","kind":"construction_good","technology_alternatives":["tech.blast_furnace","tech.coke_smelting","tech.advanced_metallurgy"]},{"id":"concrete","kind":"construction_good","technology_alternatives":["tech.synthetic_materials"]},{"id":"glass","kind":"construction_good","technology_alternatives":["tech.early_glassmaking"]},{"id":"industrial_machinery","kind":"input_good","technology_alternatives":["tech.factory_system"]},{"id":"electricity","kind":"input_good","technology_alternatives":["tech.electric_generation"]},{"id":"autonomous_systems","kind":"input_good","technology_alternatives":["tech.autonomous_systems"]}],"missing_required":["tech.autonomous_mining","tech.mineral_spectral_survey"],"technology":"tech.petrochemical_cracking"}
   at: push_error (core/variant/variant_utility.cpp:1024)
   GDScript backtrace (most recent call first):
       [0] _init (res://tests/technology_unlock_closure_audit_test.gd:26)
ERROR: {"building":"method_nuclear_fuel_plant_r10","missing_dependencies":[{"id":"construction_components","kind":"construction_good","technology_alternatives":["tech.adobe_making"]},{"id":"steel","kind":"construction_good","technology_alternatives":["tech.blast_furnace","tech.coke_smelting","tech.advanced_metallurgy"]},{"id":"concrete","kind":"construction_good","technology_alternatives":["tech.synthetic_materials"]},{"id":"glass","kind":"construction_good","technology_alternatives":["tech.early_glassmaking"]},{"id":"rare_earth_metals","kind":"input_good","technology_alternatives":["tech.systems_engineering"]},{"id":"tools","kind":"input_good","technology_alternatives":["tech.precision_engineering"]},{"id":"electricity","kind":"input_good","technology_alternatives":["tech.electric_generation"]},{"id":"industrial_machinery","kind":"input_good","technology_alternatives":["tech.factory_system"]},{"id":"autonomous_systems","kind":"input_good","technology_alternatives":["tech.autonomous_systems"]},{"id":"nuclear_fuel","kind":"output_good","technology_alternatives":["tech.nuclear_fission"]}],"missing_required":["tech.autonomous_systems","tech.robotic_manufacturing","tech.digital_control"],"technology":"tech.nuclear_fuel_cycle"}
   at: push_error (core/variant/variant_utility.cpp:1024)
   GDScript backtrace (most recent call first):
       [0] _init (res://tests/technology_unlock_closure_audit_test.gd:26)
ERROR: {"building":"method_oceanic_shipyard_r7","missing_dependencies":[{"id":"construction_components","kind":"construction_good","technology_alternatives":["tech.adobe_making"]},{"id":"steel","kind":"construction_good","technology_alternatives":["tech.blast_furnace","tech.coke_smelting","tech.advanced_metallurgy"]},{"id":"concrete","kind":"construction_good","technology_alternatives":["tech.synthetic_materials"]},{"id":"glass","kind":"construction_good","technology_alternatives":["tech.early_glassmaking"]},{"id":"lumber","kind":"input_good","technology_alternatives":["tech.timber_sawing"]},{"id":"cloth","kind":"input_good","technology_alternatives":["tech.fiber_twisting","tech.weaving"]},{"id":"copper","kind":"input_good","technology_alternatives":["tech.copper_metallurgy"]},{"id":"glass","kind":"input_good","technology_alternatives":["tech.early_glassmaking"]},{"id":"tools","kind":"input_good","technology_alternatives":["tech.precision_engineering","tech.surface_iron_collection","tech.machine_tools","tech.crucible_steel"]},{"id":"electricity","kind":"input_good","technology_alternatives":["tech.electric_generation"]},{"id":"oceanic_vessels","kind":"output_good","technology_alternatives":["tech.oceanic_navigation"]}],"missing_required":["tech.mass_production"],"technology":"tech.industrial_statistics"}
   at: push_error (core/variant/variant_utility.cpp:1024)
   GDScript backtrace (most recent call first):
       [0] _init (res://tests/technology_unlock_closure_audit_test.gd:26)
ERROR: {"building":"method_packaging_plant_r7","missing_dependencies":[{"id":"construction_components","kind":"construction_good","technology_alternatives":["tech.adobe_making"]},{"id":"steel","kind":"construction_good","technology_alternatives":["tech.blast_furnace","tech.coke_smelting","tech.advanced_metallurgy"]},{"id":"concrete","kind":"construction_good","technology_alternatives":["tech.synthetic_materials"]},{"id":"glass","kind":"construction_good","technology_alternatives":["tech.early_glassmaking"]},{"id":"paper","kind":"input_good","technology_alternatives":["tech.specialty_alloys","tech.early_glassmaking","tech.plant_fiber_papermaking","tech.bark_paper_making","tech.parchment_making","tech.rag_paper_making","tech.plastics_engineering","tech.blast_furnace","tech.coke_smelting","tech.advanced_metallurgy"]},{"id":"tools","kind":"input_good","technology_alternatives":["tech.precision_engineering","tech.surface_iron_collection","tech.machine_tools","tech.crucible_steel"]},{"id":"electricity","kind":"input_good","technology_alternatives":["tech.electric_generation"]},{"id":"industrial_machinery","kind":"input_good","technology_alternatives":["tech.factory_system"]},{"id":"packaging","kind":"output_good","technology_alternatives":["tech.screw_press_printing"]}],"missing_required":["tech.mass_production"],"technology":"tech.standardization"}
   at: push_error (core/variant/variant_utility.cpp:1024)
   GDScript backtrace (most recent call first):
       [0] _init (res://tests/technology_unlock_closure_audit_test.gd:26)
ERROR: {"building":"method_petrochemicals_plant_r10","missing_dependencies":[{"id":"construction_components","kind":"construction_good","technology_alternatives":["tech.adobe_making"]},{"id":"steel","kind":"construction_good","technology_alternatives":["tech.blast_furnace","tech.coke_smelting","tech.advanced_metallurgy"]},{"id":"concrete","kind":"construction_good","technology_alternatives":["tech.synthetic_materials"]},{"id":"glass","kind":"construction_good","technology_alternatives":["tech.early_glassmaking"]},{"id":"crude_oil","kind":"input_good","technology_alternatives":["tech.petroleum_extraction"]},{"id":"natural_gas","kind":"input_good","technology_alternatives":["tech.petrochemical_cracking"]},{"id":"tools","kind":"input_good","technology_alternatives":["tech.precision_engineering"]},{"id":"electricity","kind":"input_good","technology_alternatives":["tech.electric_generation"]},{"id":"industrial_machinery","kind":"input_good","technology_alternatives":["tech.factory_system"]},{"id":"autonomous_systems","kind":"input_good","technology_alternatives":["tech.autonomous_systems"]}],"missing_required":["tech.machine_learning","tech.robotic_manufacturing","tech.digital_control","tech.algorithmic_management"],"technology":"tech.petrochemical_industry"}
   at: push_error (core/variant/variant_utility.cpp:1024)
   GDScript backtrace (most recent call first):
       [0] _init (res://tests/technology_unlock_closure_audit_test.gd:26)
ERROR: {"building":"method_phosphate_rock_collector_r9","missing_dependencies":[{"id":"construction_components","kind":"construction_good","technology_alternatives":["tech.adobe_making"]},{"id":"steel","kind":"construction_good","technology_alternatives":["tech.blast_furnace","tech.coke_smelting","tech.advanced_metallurgy"]},{"id":"concrete","kind":"construction_good","technology_alternatives":["tech.synthetic_materials"]},{"id":"glass","kind":"construction_good","technology_alternatives":["tech.early_glassmaking"]},{"id":"tools","kind":"input_good","technology_alternatives":["tech.precision_engineering"]},{"id":"explosives","kind":"input_good","technology_alternatives":["tech.gunpowder_formulation","tech.gunpowder_weapons"]},{"id":"computers","kind":"input_good","technology_alternatives":["tech.digital_computing"]},{"id":"phosphate_rock","kind":"output_good","technology_alternatives":["tech.fertilizer_processing"]}],"missing_required":["tech.mineral_spectral_survey"],"technology":"tech.industrial_agronomy"}
   at: push_error (core/variant/variant_utility.cpp:1024)
   GDScript backtrace (most recent call first):
       [0] _init (res://tests/technology_unlock_closure_audit_test.gd:26)
ERROR: {"building":"method_plastics_plant_r10","missing_dependencies":[{"id":"steel","kind":"construction_good","technology_alternatives":["tech.blast_furnace","tech.coke_smelting","tech.advanced_metallurgy"]},{"id":"concrete","kind":"construction_good","technology_alternatives":["tech.synthetic_materials"]},{"id":"glass","kind":"construction_good","technology_alternatives":["tech.early_glassmaking"]},{"id":"petrochemicals","kind":"input_good","technology_alternatives":["tech.petrochemical_industry"]},{"id":"tools","kind":"input_good","technology_alternatives":["tech.precision_engineering"]},{"id":"electricity","kind":"input_good","technology_alternatives":["tech.electric_generation"]},{"id":"industrial_machinery","kind":"input_good","technology_alternatives":["tech.factory_system"]},{"id":"autonomous_systems","kind":"input_good","technology_alternatives":["tech.autonomous_systems"]}],"missing_required":["tech.machine_learning","tech.robotic_manufacturing","tech.digital_control","tech.algorithmic_management"],"technology":"tech.plastics_engineering"}
   at: push_error (core/variant/variant_utility.cpp:1024)
   GDScript backtrace (most recent call first):
       [0] _init (res://tests/technology_unlock_closure_audit_test.gd:26)
ERROR: {"building":"method_potato_collector_r6","missing_dependencies":[{"id":"lumber","kind":"construction_good","technology_alternatives":["tech.timber_sawing"]},{"id":"bricks","kind":"construction_good","technology_alternatives":["tech.clay_preparation"]},{"id":"construction_components","kind":"construction_good","technology_alternatives":["tech.adobe_making"]},{"id":"steel","kind":"construction_good","technology_alternatives":["tech.blast_furnace","tech.coke_smelting","tech.advanced_metallurgy"]},{"id":"agricultural_machinery","kind":"input_good","technology_alternatives":["tech.mechanized_agriculture"]},{"id":"potatoes","kind":"output_good","technology_alternatives":["tech.wild_tuber_collection","tech.potato_propagation"]},{"id":"arable_land","kind":"natural_resource","technology_alternatives":["tech.rainfed_field_system"]},{"id":"fertile_soil","kind":"natural_resource","technology_alternatives":["tech.gathering","tech.rainfed_field_system"]}],"missing_required":["tech.mechanized_agriculture"],"technology":"tech.mechanical_threshing"}
   at: push_error (core/variant/variant_utility.cpp:1024)
   GDScript backtrace (most recent call first):
       [0] _init (res://tests/technology_unlock_closure_audit_test.gd:26)
ERROR: {"building":"method_pottery_kiln_r3","missing_dependencies":[{"id":"lumber","kind":"construction_good","technology_alternatives":["tech.timber_sawing"]},{"id":"bricks","kind":"construction_good","technology_alternatives":["tech.clay_preparation"]},{"id":"construction_components","kind":"construction_good","technology_alternatives":["tech.adobe_making"]},{"id":"clay","kind":"input_good","technology_alternatives":["tech.earth_building"]},{"id":"logs","kind":"input_good","technology_alternatives":["tech.deadwood_collection"]},{"id":"tools","kind":"input_good","technology_alternatives":["tech.bronze_casting","tech.precision_engineering","tech.surface_iron_collection","tech.machine_tools","tech.crucible_steel"]},{"id":"pottery","kind":"output_good","technology_alternatives":["tech.hand_pottery"]}],"missing_required":["tech.kiln_firing","tech.guild_organization"],"technology":"tech.pottery"}
   at: push_error (core/variant/variant_utility.cpp:1024)
   GDScript backtrace (most recent call first):
       [0] _init (res://tests/technology_unlock_closure_audit_test.gd:26)
ERROR: {"building":"method_precision_tool_workshop_r10","missing_dependencies":[{"id":"construction_components","kind":"construction_good","technology_alternatives":["tech.adobe_making"]},{"id":"steel","kind":"construction_good","technology_alternatives":["tech.blast_furnace","tech.coke_smelting","tech.advanced_metallurgy"]},{"id":"concrete","kind":"construction_good","technology_alternatives":["tech.synthetic_materials"]},{"id":"glass","kind":"construction_good","technology_alternatives":["tech.early_glassmaking"]},{"id":"tools","kind":"input_good","technology_alternatives":["tech.precision_engineering"]},{"id":"scientific_instruments","kind":"input_good","technology_alternatives":["tech.industrial_research"]},{"id":"autonomous_systems","kind":"input_good","technology_alternatives":["tech.autonomous_systems"]},{"id":"electricity","kind":"input_good","technology_alternatives":["tech.electric_generation"]},{"id":"industrial_machinery","kind":"input_good","technology_alternatives":["tech.factory_system"]},{"id":"precision_tools","kind":"output_good","technology_alternatives":["tech.precision_engineering"]}],"missing_required":["tech.robotic_manufacturing","tech.digital_control"],"technology":"tech.human_machine_collaboration"}
   at: push_error (core/variant/variant_utility.cpp:1024)
   GDScript backtrace (most recent call first):
       [0] _init (res://tests/technology_unlock_closure_audit_test.gd:26)
ERROR: {"building":"method_precision_tool_workshop_r8","missing_dependencies":[{"id":"construction_components","kind":"construction_good","technology_alternatives":["tech.adobe_making"]},{"id":"steel","kind":"construction_good","technology_alternatives":["tech.blast_furnace","tech.coke_smelting","tech.advanced_metallurgy"]},{"id":"concrete","kind":"construction_good","technology_alternatives":["tech.synthetic_materials"]},{"id":"glass","kind":"construction_good","technology_alternatives":["tech.early_glassmaking"]},{"id":"scientific_instruments","kind":"input_good","technology_alternatives":["tech.industrial_research"]},{"id":"electric_motor","kind":"input_good","technology_alternatives":["tech.electric_motors"]},{"id":"electricity","kind":"input_good","technology_alternatives":["tech.electric_generation"]},{"id":"industrial_machinery","kind":"input_good","technology_alternatives":["tech.factory_system"]}],"missing_required":["tech.electronic_control","tech.industrial_quality_control"],"technology":"tech.precision_engineering"}
   at: push_error (core/variant/variant_utility.cpp:1024)
   GDScript backtrace (most recent call first):
       [0] _init (res://tests/technology_unlock_closure_audit_test.gd:26)
ERROR: {"building":"method_printed_materials_plant_r7","missing_dependencies":[{"id":"construction_components","kind":"construction_good","technology_alternatives":["tech.adobe_making"]},{"id":"steel","kind":"construction_good","technology_alternatives":["tech.blast_furnace","tech.coke_smelting","tech.advanced_metallurgy"]},{"id":"concrete","kind":"construction_good","technology_alternatives":["tech.synthetic_materials"]},{"id":"glass","kind":"construction_good","technology_alternatives":["tech.early_glassmaking"]},{"id":"paper","kind":"input_good","technology_alternatives":["tech.plant_fiber_papermaking","tech.bark_paper_making","tech.parchment_making","tech.rag_paper_making"]},{"id":"tools","kind":"input_good","technology_alternatives":["tech.precision_engineering","tech.surface_iron_collection","tech.machine_tools","tech.crucible_steel"]},{"id":"electricity","kind":"input_good","technology_alternatives":["tech.electric_generation"]},{"id":"industrial_machinery","kind":"input_good","technology_alternatives":["tech.factory_system"]},{"id":"printed_materials","kind":"output_good","technology_alternatives":["tech.woodblock_printing","tech.movable_type_printing","tech.screw_press_printing"]}],"missing_required":["tech.mass_production"],"technology":"tech.standardization"}
   at: push_error (core/variant/variant_utility.cpp:1024)
   GDScript backtrace (most recent call first):
       [0] _init (res://tests/technology_unlock_closure_audit_test.gd:26)
ERROR: {"building":"method_radio_equipment_works_r10","missing_dependencies":[{"id":"construction_components","kind":"construction_good","technology_alternatives":["tech.adobe_making"]},{"id":"steel","kind":"construction_good","technology_alternatives":["tech.blast_furnace","tech.coke_smelting","tech.advanced_metallurgy"]},{"id":"concrete","kind":"construction_good","technology_alternatives":["tech.synthetic_materials"]},{"id":"glass","kind":"construction_good","technology_alternatives":["tech.early_glassmaking"]},{"id":"insulated_cable","kind":"input_good","technology_alternatives":["tech.electric_grid"]},{"id":"electronic_components","kind":"input_good","technology_alternatives":["tech.radio"]},{"id":"plastics","kind":"input_good","technology_alternatives":["tech.plastics_engineering"]},{"id":"tools","kind":"input_good","technology_alternatives":["tech.precision_engineering"]},{"id":"electricity","kind":"input_good","technology_alternatives":["tech.electric_generation"]},{"id":"industrial_machinery","kind":"input_good","technology_alternatives":["tech.factory_system"]},{"id":"autonomous_systems","kind":"input_good","technology_alternatives":["tech.autonomous_systems"]},{"id":"radio_equipment","kind":"output_good","technology_alternatives":["tech.radio"]}],"missing_required":["tech.radio","tech.robotic_manufacturing","tech.digital_control"],"technology":"tech.distributed_intelligence"}
   at: push_error (core/variant/variant_utility.cpp:1024)
   GDScript backtrace (most recent call first):
       [0] _init (res://tests/technology_unlock_closure_audit_test.gd:26)
ERROR: {"building":"method_rare_earth_collector_r10","missing_dependencies":[{"id":"steel","kind":"construction_good","technology_alternatives":["tech.blast_furnace","tech.coke_smelting","tech.advanced_metallurgy"]},{"id":"concrete","kind":"construction_good","technology_alternatives":["tech.synthetic_materials"]},{"id":"glass","kind":"construction_good","technology_alternatives":["tech.early_glassmaking"]},{"id":"tools","kind":"input_good","technology_alternatives":["tech.precision_engineering"]},{"id":"explosives","kind":"input_good","technology_alternatives":["tech.gunpowder_formulation","tech.gunpowder_weapons"]},{"id":"autonomous_systems","kind":"input_good","technology_alternatives":["tech.autonomous_systems"]},{"id":"rare_earth_ore","kind":"output_good","technology_alternatives":["tech.systems_engineering"]},{"id":"rare_earth","kind":"natural_resource","technology_alternatives":["tech.mineral_spectral_survey"]}],"missing_required":["tech.autonomous_mining","tech.digital_control"],"technology":"tech.geographic_information_systems"}
   at: push_error (core/variant/variant_utility.cpp:1024)
   GDScript backtrace (most recent call first):
       [0] _init (res://tests/technology_unlock_closure_audit_test.gd:26)
ERROR: {"building":"method_rare_earth_metals_plant_r10","missing_dependencies":[{"id":"construction_components","kind":"construction_good","technology_alternatives":["tech.adobe_making"]},{"id":"steel","kind":"construction_good","technology_alternatives":["tech.blast_furnace","tech.coke_smelting","tech.advanced_metallurgy"]},{"id":"concrete","kind":"construction_good","technology_alternatives":["tech.synthetic_materials"]},{"id":"glass","kind":"construction_good","technology_alternatives":["tech.early_glassmaking"]},{"id":"tools","kind":"input_good","technology_alternatives":["tech.precision_engineering"]},{"id":"electricity","kind":"input_good","technology_alternatives":["tech.electric_generation"]},{"id":"industrial_machinery","kind":"input_good","technology_alternatives":["tech.factory_system"]},{"id":"autonomous_systems","kind":"input_good","technology_alternatives":["tech.autonomous_systems"]}],"missing_required":["tech.robotic_manufacturing","tech.digital_control","tech.algorithmic_management"],"technology":"tech.systems_engineering"}
   at: push_error (core/variant/variant_utility.cpp:1024)
   GDScript backtrace (most recent call first):
       [0] _init (res://tests/technology_unlock_closure_audit_test.gd:26)
ERROR: {"building":"method_reactor_component_works_r10","missing_dependencies":[{"id":"construction_components","kind":"construction_good","technology_alternatives":["tech.adobe_making"]},{"id":"steel","kind":"construction_good","technology_alternatives":["tech.blast_furnace","tech.coke_smelting","tech.advanced_metallurgy"]},{"id":"concrete","kind":"construction_good","technology_alternatives":["tech.synthetic_materials"]},{"id":"glass","kind":"construction_good","technology_alternatives":["tech.early_glassmaking"]},{"id":"steel","kind":"input_good","technology_alternatives":["tech.blast_furnace","tech.coke_smelting","tech.advanced_metallurgy"]},{"id":"rare_earth_metals","kind":"input_good","technology_alternatives":["tech.systems_engineering"]},{"id":"electrical_equipment","kind":"input_good","technology_alternatives":["tech.electrification"]},{"id":"tools","kind":"input_good","technology_alternatives":["tech.precision_engineering"]},{"id":"electricity","kind":"input_good","technology_alternatives":["tech.electric_generation"]},{"id":"industrial_machinery","kind":"input_good","technology_alternatives":["tech.factory_system"]},{"id":"reactor_components","kind":"output_good","technology_alternatives":["tech.nuclear_fission"]}],"missing_required":["tech.robotic_manufacturing","tech.digital_control","tech.algorithmic_management"],"technology":"tech.autonomous_systems"}
   at: push_error (core/variant/variant_utility.cpp:1024)
   GDScript backtrace (most recent call first):
       [0] _init (res://tests/technology_unlock_closure_audit_test.gd:26)
ERROR: {"building":"method_refined_fuel_plant_r10","missing_dependencies":[{"id":"construction_components","kind":"construction_good","technology_alternatives":["tech.adobe_making"]},{"id":"steel","kind":"construction_good","technology_alternatives":["tech.blast_furnace","tech.coke_smelting","tech.advanced_metallurgy"]},{"id":"concrete","kind":"construction_good","technology_alternatives":["tech.synthetic_materials"]},{"id":"glass","kind":"construction_good","technology_alternatives":["tech.early_glassmaking"]},{"id":"tools","kind":"input_good","technology_alternatives":["tech.precision_engineering"]},{"id":"electricity","kind":"input_good","technology_alternatives":["tech.electric_generation"]},{"id":"industrial_machinery","kind":"input_good","technology_alternatives":["tech.factory_system"]},{"id":"autonomous_systems","kind":"input_good","technology_alternatives":["tech.autonomous_systems"]}],"missing_required":["tech.machine_learning","tech.robotic_manufacturing","tech.digital_control","tech.algorithmic_management"],"technology":"tech.petroleum_refining"}
   at: push_error (core/variant/variant_utility.cpp:1024)
   GDScript backtrace (most recent call first):
       [0] _init (res://tests/technology_unlock_closure_audit_test.gd:26)
ERROR: {"building":"method_rice_collector_r3","missing_dependencies":[{"id":"lumber","kind":"construction_good","technology_alternatives":["tech.timber_sawing"]},{"id":"bricks","kind":"construction_good","technology_alternatives":["tech.clay_preparation"]},{"id":"construction_components","kind":"construction_good","technology_alternatives":["tech.adobe_making"]},{"id":"tools","kind":"input_good","technology_alternatives":["tech.bronze_casting","tech.precision_engineering","tech.surface_iron_collection","tech.machine_tools","tech.crucible_steel"]}],"missing_required":[],"technology":"tech.rice_paddy_cultivation"}
   at: push_error (core/variant/variant_utility.cpp:1024)
   GDScript backtrace (most recent call first):
       [0] _init (res://tests/technology_unlock_closure_audit_test.gd:26)
ERROR: {"building":"method_rice_collector_r5","missing_dependencies":[{"id":"lumber","kind":"construction_good","technology_alternatives":["tech.timber_sawing"]},{"id":"bricks","kind":"construction_good","technology_alternatives":["tech.clay_preparation"]},{"id":"construction_components","kind":"construction_good","technology_alternatives":["tech.adobe_making"]},{"id":"tools","kind":"input_good","technology_alternatives":["tech.precision_engineering","tech.surface_iron_collection","tech.machine_tools","tech.crucible_steel"]},{"id":"rice_grain","kind":"output_good","technology_alternatives":["tech.wild_rice_collection","tech.wetland_rice_gardening","tech.rice_paddy_cultivation"]},{"id":"paddy_land","kind":"natural_resource","technology_alternatives":["tech.reed_harvesting","tech.rice_paddy_cultivation"]}],"missing_required":[],"technology":"tech.crop_breeding"}
   at: push_error (core/variant/variant_utility.cpp:1024)
   GDScript backtrace (most recent call first):
       [0] _init (res://tests/technology_unlock_closure_audit_test.gd:26)
ERROR: {"building":"method_rubber_tree_collector_r6","missing_dependencies":[{"id":"lumber","kind":"construction_good","technology_alternatives":["tech.timber_sawing"]},{"id":"bricks","kind":"construction_good","technology_alternatives":["tech.clay_preparation"]},{"id":"construction_components","kind":"construction_good","technology_alternatives":["tech.adobe_making"]},{"id":"steel","kind":"construction_good","technology_alternatives":["tech.blast_furnace","tech.coke_smelting","tech.advanced_metallurgy"]},{"id":"agricultural_machinery","kind":"input_good","technology_alternatives":["tech.mechanized_agriculture"]},{"id":"latex","kind":"output_good","technology_alternatives":["tech.wild_latex_tapping"]},{"id":"plantation_land","kind":"natural_resource","technology_alternatives":["tech.cotton_gardening","tech.spice_shade_gardening","tech.latex_smoke_coagulation","tech.crop_acclimatization"]},{"id":"fertile_soil","kind":"natural_resource","technology_alternatives":["tech.gathering","tech.rainfed_field_system"]}],"missing_required":["tech.commodity_crop_management","tech.mechanized_agriculture"],"technology":"tech.motorized_agriculture"}
   at: push_error (core/variant/variant_utility.cpp:1024)
   GDScript backtrace (most recent call first):
       [0] _init (res://tests/technology_unlock_closure_audit_test.gd:26)
ERROR: {"building":"method_saltpeter_collector_r10","missing_dependencies":[{"id":"construction_components","kind":"construction_good","technology_alternatives":["tech.adobe_making"]},{"id":"concrete","kind":"construction_good","technology_alternatives":["tech.synthetic_materials"]},{"id":"glass","kind":"construction_good","technology_alternatives":["tech.early_glassmaking"]},{"id":"tools","kind":"input_good","technology_alternatives":["tech.precision_engineering"]},{"id":"autonomous_systems","kind":"input_good","technology_alternatives":["tech.autonomous_systems"]},{"id":"saltpeter","kind":"output_good","technology_alternatives":["tech.gunpowder_formulation"]},{"id":"saltpeter","kind":"natural_resource","technology_alternatives":["tech.natural_observation"]}],"missing_required":[],"technology":"tech.autonomous_mining"}
   at: push_error (core/variant/variant_utility.cpp:1024)
   GDScript backtrace (most recent call first):
       [0] _init (res://tests/technology_unlock_closure_audit_test.gd:26)
ERROR: {"building":"method_saltpeter_collector_r8","missing_dependencies":[{"id":"construction_components","kind":"construction_good","technology_alternatives":["tech.adobe_making"]},{"id":"steel","kind":"construction_good","technology_alternatives":["tech.blast_furnace","tech.coke_smelting","tech.advanced_metallurgy"]},{"id":"concrete","kind":"construction_good","technology_alternatives":["tech.synthetic_materials"]},{"id":"glass","kind":"construction_good","technology_alternatives":["tech.early_glassmaking"]},{"id":"tools","kind":"input_good","technology_alternatives":["tech.precision_engineering","tech.surface_iron_collection","tech.machine_tools","tech.crucible_steel"]},{"id":"electric_motor","kind":"input_good","technology_alternatives":["tech.electric_motors"]},{"id":"saltpeter","kind":"output_good","technology_alternatives":["tech.gunpowder_formulation"]},{"id":"saltpeter","kind":"natural_resource","technology_alternatives":["tech.natural_observation"]}],"missing_required":["tech.mechanized_mining","tech.geological_prospecting"],"technology":"tech.coal_geology"}
   at: push_error (core/variant/variant_utility.cpp:1024)
   GDScript backtrace (most recent call first):
       [0] _init (res://tests/technology_unlock_closure_audit_test.gd:26)
ERROR: {"building":"method_scientific_instrument_works_r10","missing_dependencies":[{"id":"construction_components","kind":"construction_good","technology_alternatives":["tech.adobe_making"]},{"id":"steel","kind":"construction_good","technology_alternatives":["tech.blast_furnace","tech.coke_smelting","tech.advanced_metallurgy"]},{"id":"concrete","kind":"construction_good","technology_alternatives":["tech.synthetic_materials"]},{"id":"glass","kind":"construction_good","technology_alternatives":["tech.early_glassmaking"]},{"id":"glass","kind":"input_good","technology_alternatives":["tech.early_glassmaking"]},{"id":"copper","kind":"input_good","technology_alternatives":["tech.copper_metallurgy"]},{"id":"tools","kind":"input_good","technology_alternatives":["tech.precision_engineering"]},{"id":"autonomous_systems","kind":"input_good","technology_alternatives":["tech.autonomous_systems"]},{"id":"electricity","kind":"input_good","technology_alternatives":["tech.electric_generation"]},{"id":"industrial_machinery","kind":"input_good","technology_alternatives":["tech.factory_system"]}],"missing_required":["tech.distributed_intelligence","tech.robotic_manufacturing","tech.digital_control","tech.scientific_agents"],"technology":"tech.industrial_research"}
   at: push_error (core/variant/variant_utility.cpp:1024)
   GDScript backtrace (most recent call first):
       [0] _init (res://tests/technology_unlock_closure_audit_test.gd:26)
ERROR: {"building":"method_scientific_instrument_works_r8","missing_dependencies":[{"id":"construction_components","kind":"construction_good","technology_alternatives":["tech.adobe_making"]},{"id":"steel","kind":"construction_good","technology_alternatives":["tech.blast_furnace","tech.coke_smelting","tech.advanced_metallurgy"]},{"id":"concrete","kind":"construction_good","technology_alternatives":["tech.synthetic_materials"]},{"id":"glass","kind":"construction_good","technology_alternatives":["tech.early_glassmaking"]},{"id":"glass","kind":"input_good","technology_alternatives":["tech.early_glassmaking"]},{"id":"copper","kind":"input_good","technology_alternatives":["tech.copper_metallurgy"]},{"id":"tools","kind":"input_good","technology_alternatives":["tech.precision_engineering","tech.surface_iron_collection","tech.machine_tools","tech.crucible_steel"]},{"id":"electric_motor","kind":"input_good","technology_alternatives":["tech.electric_motors"]},{"id":"electricity","kind":"input_good","technology_alternatives":["tech.electric_generation"]},{"id":"industrial_machinery","kind":"input_good","technology_alternatives":["tech.factory_system"]},{"id":"scientific_instruments","kind":"output_good","technology_alternatives":["tech.industrial_research"]}],"missing_required":["tech.electronic_control","tech.industrial_research"],"technology":"tech.industrial_quality_control"}
   at: push_error (core/variant/variant_utility.cpp:1024)
   GDScript backtrace (most recent call first):
       [0] _init (res://tests/technology_unlock_closure_audit_test.gd:26)
ERROR: {"building":"method_smart_husbandry","missing_dependencies":[{"id":"construction_components","kind":"construction_good","technology_alternatives":["tech.adobe_making"]},{"id":"steel","kind":"construction_good","technology_alternatives":["tech.blast_furnace","tech.coke_smelting","tech.advanced_metallurgy"]},{"id":"concrete","kind":"construction_good","technology_alternatives":["tech.synthetic_materials"]},{"id":"electrical_equipment","kind":"construction_good","technology_alternatives":["tech.electrification"]},{"id":"agricultural_machinery","kind":"input_good","technology_alternatives":["tech.mechanized_agriculture"]},{"id":"electricity","kind":"input_good","technology_alternatives":["tech.electric_generation"]},{"id":"computers","kind":"input_good","technology_alternatives":["tech.digital_computing"]},{"id":"autonomous_systems","kind":"input_good","technology_alternatives":["tech.autonomous_systems"]}],"missing_required":["tech.sensor_networks","tech.autonomous_systems","tech.smart_grid"],"technology":"tech.modern_husbandry"}
   at: push_error (core/variant/variant_utility.cpp:1024)
   GDScript backtrace (most recent call first):
       [0] _init (res://tests/technology_unlock_closure_audit_test.gd:26)
ERROR: {"building":"method_soap_plant_r6","missing_dependencies":[{"id":"lumber","kind":"construction_good","technology_alternatives":["tech.timber_sawing"]},{"id":"bricks","kind":"construction_good","technology_alternatives":["tech.clay_preparation"]},{"id":"construction_components","kind":"construction_good","technology_alternatives":["tech.adobe_making"]},{"id":"steel","kind":"construction_good","technology_alternatives":["tech.blast_furnace","tech.coke_smelting","tech.advanced_metallurgy"]},{"id":"edible_oil","kind":"input_good","technology_alternatives":["tech.crop_rotation","tech.herd_management"]},{"id":"tools","kind":"input_good","technology_alternatives":["tech.precision_engineering","tech.surface_iron_collection","tech.machine_tools","tech.crucible_steel"]},{"id":"industrial_machinery","kind":"input_good","technology_alternatives":["tech.factory_system"]}],"missing_required":["tech.industrial_chemistry","tech.mass_production"],"technology":"tech.urban_sanitation"}
   at: push_error (core/variant/variant_utility.cpp:1024)
   GDScript backtrace (most recent call first):
       [0] _init (res://tests/technology_unlock_closure_audit_test.gd:26)
ERROR: {"building":"method_specialty_commodity_plantation","missing_dependencies":[{"id":"construction_components","kind":"construction_good","technology_alternatives":["tech.adobe_making"]},{"id":"steel","kind":"construction_good","technology_alternatives":["tech.blast_furnace","tech.coke_smelting","tech.advanced_metallurgy"]},{"id":"concrete","kind":"construction_good","technology_alternatives":["tech.synthetic_materials"]},{"id":"glass","kind":"construction_good","technology_alternatives":["tech.early_glassmaking"]},{"id":"fertilizer","kind":"input_good","technology_alternatives":["tech.fertilizer_processing","tech.synthetic_fertilizer"]},{"id":"agricultural_machinery","kind":"input_good","technology_alternatives":["tech.mechanized_agriculture"]},{"id":"electricity","kind":"input_good","technology_alternatives":["tech.electric_generation"]},{"id":"computers","kind":"input_good","technology_alternatives":["tech.digital_computing"]},{"id":"spices","kind":"output_good","technology_alternatives":["tech.wild_spice_collection","tech.spice_shade_gardening"]},{"id":"latex","kind":"output_good","technology_alternatives":["tech.wild_latex_tapping"]},{"id":"plantation_land","kind":"natural_resource","technology_alternatives":["tech.cotton_gardening","tech.spice_shade_gardening","tech.latex_smoke_coagulation","tech.crop_acclimatization"]},{"id":"fertile_soil","kind":"natural_resource","technology_alternatives":["tech.gathering","tech.rainfed_field_system"]}],"missing_required":["tech.biotechnology","tech.precision_agriculture","tech.automated_agriculture"],"technology":"tech.commodity_crop_management"}
   at: push_error (core/variant/variant_utility.cpp:1024)
   GDScript backtrace (most recent call first):
       [0] _init (res://tests/technology_unlock_closure_audit_test.gd:26)
ERROR: {"building":"method_spice_plants_collector_r6","missing_dependencies":[{"id":"lumber","kind":"construction_good","technology_alternatives":["tech.timber_sawing"]},{"id":"bricks","kind":"construction_good","technology_alternatives":["tech.clay_preparation"]},{"id":"construction_components","kind":"construction_good","technology_alternatives":["tech.adobe_making"]},{"id":"steel","kind":"construction_good","technology_alternatives":["tech.blast_furnace","tech.coke_smelting","tech.advanced_metallurgy"]},{"id":"agricultural_machinery","kind":"input_good","technology_alternatives":["tech.mechanized_agriculture"]},{"id":"spices","kind":"output_good","technology_alternatives":["tech.wild_spice_collection","tech.spice_shade_gardening"]},{"id":"plantation_land","kind":"natural_resource","technology_alternatives":["tech.cotton_gardening","tech.spice_shade_gardening","tech.latex_smoke_coagulation","tech.crop_acclimatization"]},{"id":"fertile_soil","kind":"natural_resource","technology_alternatives":["tech.gathering","tech.rainfed_field_system"]}],"missing_required":["tech.commodity_crop_management","tech.mechanized_agriculture"],"technology":"tech.motorized_agriculture"}
   at: push_error (core/variant/variant_utility.cpp:1024)
   GDScript backtrace (most recent call first):
       [0] _init (res://tests/technology_unlock_closure_audit_test.gd:26)
ERROR: {"building":"method_stainless_steel_plant_r10","missing_dependencies":[{"id":"construction_components","kind":"construction_good","technology_alternatives":["tech.adobe_making"]},{"id":"concrete","kind":"construction_good","technology_alternatives":["tech.synthetic_materials"]},{"id":"glass","kind":"construction_good","technology_alternatives":["tech.early_glassmaking"]},{"id":"rare_earth_metals","kind":"input_good","technology_alternatives":["tech.systems_engineering"]},{"id":"manganese_ore","kind":"input_good","technology_alternatives":["tech.geological_prospecting"]},{"id":"tools","kind":"input_good","technology_alternatives":["tech.precision_engineering"]},{"id":"electricity","kind":"input_good","technology_alternatives":["tech.electric_generation"]},{"id":"industrial_machinery","kind":"input_good","technology_alternatives":["tech.factory_system"]},{"id":"autonomous_systems","kind":"input_good","technology_alternatives":["tech.autonomous_systems"]},{"id":"stainless_steel","kind":"output_good","technology_alternatives":["tech.specialty_alloys"]}],"missing_required":["tech.advanced_metallurgy","tech.specialty_alloys","tech.robotic_manufacturing","tech.digital_control","tech.algorithmic_management"],"technology":"tech.autonomous_labor_coordination"}
   at: push_error (core/variant/variant_utility.cpp:1024)
   GDScript backtrace (most recent call first):
       [0] _init (res://tests/technology_unlock_closure_audit_test.gd:26)
ERROR: {"building":"method_steam_engine_works_r9","missing_dependencies":[{"id":"construction_components","kind":"construction_good","technology_alternatives":["tech.adobe_making"]},{"id":"steel","kind":"construction_good","technology_alternatives":["tech.blast_furnace","tech.coke_smelting","tech.advanced_metallurgy"]},{"id":"concrete","kind":"construction_good","technology_alternatives":["tech.synthetic_materials"]},{"id":"glass","kind":"construction_good","technology_alternatives":["tech.early_glassmaking"]},{"id":"coke","kind":"input_good","technology_alternatives":["tech.coke_smelting"]},{"id":"steel","kind":"input_good","technology_alternatives":["tech.blast_furnace","tech.coke_smelting","tech.advanced_metallurgy"]},{"id":"precision_tools","kind":"input_good","technology_alternatives":["tech.precision_engineering"]},{"id":"computers","kind":"input_good","technology_alternatives":["tech.digital_computing"]},{"id":"tools","kind":"input_good","technology_alternatives":["tech.precision_engineering"]},{"id":"electricity","kind":"input_good","technology_alternatives":["tech.electric_generation"]},{"id":"industrial_machinery","kind":"input_good","technology_alternatives":["tech.factory_system"]}],"missing_required":["tech.digital_control","tech.industrial_quality_control"],"technology":"tech.steam_power"}
   at: push_error (core/variant/variant_utility.cpp:1024)
   GDScript backtrace (most recent call first):
       [0] _init (res://tests/technology_unlock_closure_audit_test.gd:26)
ERROR: {"building":"method_steam_shipping","missing_dependencies":[{"id":"lumber","kind":"construction_good","technology_alternatives":["tech.timber_sawing"]},{"id":"bricks","kind":"construction_good","technology_alternatives":["tech.clay_preparation"]},{"id":"steel","kind":"construction_good","technology_alternatives":["tech.blast_furnace","tech.coke_smelting","tech.advanced_metallurgy"]},{"id":"lumber","kind":"input_good","technology_alternatives":["tech.timber_sawing"]},{"id":"steel","kind":"input_good","technology_alternatives":["tech.blast_furnace","tech.coke_smelting","tech.advanced_metallurgy"]},{"id":"steam_engines","kind":"input_good","technology_alternatives":["tech.atmospheric_engine","tech.steam_power"]},{"id":"coal","kind":"input_good","technology_alternatives":["tech.surface_coal_use","tech.coal_mining","tech.industrial_coal_mining"]},{"id":"tools","kind":"input_good","technology_alternatives":["tech.surface_iron_collection","tech.machine_tools","tech.crucible_steel"]},{"id":"oceanic_vessels","kind":"output_good","technology_alternatives":["tech.oceanic_navigation"]}],"missing_required":["tech.oceanic_navigation","tech.steam_power","tech.steam_sealing"],"technology":"tech.coastal_shipyards"}
   at: push_error (core/variant/variant_utility.cpp:1024)
   GDScript backtrace (most recent call first):
       [0] _init (res://tests/technology_unlock_closure_audit_test.gd:26)
ERROR: {"building":"method_stone_age_hunting_camp_r4","missing_dependencies":[{"id":"lumber","kind":"construction_good","technology_alternatives":["tech.timber_sawing"]},{"id":"bricks","kind":"construction_good","technology_alternatives":["tech.clay_preparation"]},{"id":"construction_components","kind":"construction_good","technology_alternatives":["tech.adobe_making"]},{"id":"tools","kind":"input_good","technology_alternatives":["tech.precision_engineering","tech.surface_iron_collection","tech.machine_tools","tech.crucible_steel"]},{"id":"fur","kind":"output_good","technology_alternatives":["tech.fur_sewing"]}],"missing_required":[],"technology":"tech.animal_tracking"}
   at: push_error (core/variant/variant_utility.cpp:1024)
   GDScript backtrace (most recent call first):
       [0] _init (res://tests/technology_unlock_closure_audit_test.gd:26)
ERROR: {"building":"method_stone_collector_r2","missing_dependencies":[{"id":"logs","kind":"construction_good","technology_alternatives":["tech.deadwood_collection"]},{"id":"bricks","kind":"construction_good","technology_alternatives":["tech.clay_preparation"]},{"id":"tools","kind":"input_good","technology_alternatives":["tech.bronze_casting","tech.precision_engineering","tech.surface_iron_collection","tech.machine_tools","tech.crucible_steel"]},{"id":"raw_stone","kind":"output_good","technology_alternatives":["tech.ground_stone_tools"]},{"id":"stone","kind":"natural_resource","technology_alternatives":["tech.ground_stone_tools"]}],"missing_required":["tech.masonry","tech.ground_stone_tools"],"technology":"tech.canal_engineering"}
   at: push_error (core/variant/variant_utility.cpp:1024)
   GDScript backtrace (most recent call first):
       [0] _init (res://tests/technology_unlock_closure_audit_test.gd:26)
ERROR: {"building":"method_stone_collector_r4","missing_dependencies":[{"id":"lumber","kind":"construction_good","technology_alternatives":["tech.timber_sawing"]},{"id":"bricks","kind":"construction_good","technology_alternatives":["tech.clay_preparation"]},{"id":"construction_components","kind":"construction_good","technology_alternatives":["tech.adobe_making"]},{"id":"tools","kind":"input_good","technology_alternatives":["tech.precision_engineering","tech.surface_iron_collection","tech.machine_tools","tech.crucible_steel"]},{"id":"raw_stone","kind":"output_good","technology_alternatives":["tech.ground_stone_tools"]},{"id":"stone","kind":"natural_resource","technology_alternatives":["tech.ground_stone_tools"]}],"missing_required":[],"technology":"tech.road_engineering"}
   at: push_error (core/variant/variant_utility.cpp:1024)
   GDScript backtrace (most recent call first):
       [0] _init (res://tests/technology_unlock_closure_audit_test.gd:26)
ERROR: {"building":"method_sulfur_collector_r10","missing_dependencies":[{"id":"construction_components","kind":"construction_good","technology_alternatives":["tech.adobe_making"]},{"id":"concrete","kind":"construction_good","technology_alternatives":["tech.synthetic_materials"]},{"id":"glass","kind":"construction_good","technology_alternatives":["tech.early_glassmaking"]},{"id":"tools","kind":"input_good","technology_alternatives":["tech.precision_engineering"]},{"id":"autonomous_systems","kind":"input_good","technology_alternatives":["tech.autonomous_systems"]},{"id":"sulfur","kind":"output_good","technology_alternatives":["tech.gunpowder_weapons"]},{"id":"sulfur","kind":"natural_resource","technology_alternatives":["tech.industrial_chemistry"]}],"missing_required":[],"technology":"tech.autonomous_mining"}
   at: push_error (core/variant/variant_utility.cpp:1024)
   GDScript backtrace (most recent call first):
       [0] _init (res://tests/technology_unlock_closure_audit_test.gd:26)
ERROR: {"building":"method_sulfur_collector_r8","missing_dependencies":[{"id":"construction_components","kind":"construction_good","technology_alternatives":["tech.adobe_making"]},{"id":"steel","kind":"construction_good","technology_alternatives":["tech.blast_furnace","tech.coke_smelting","tech.advanced_metallurgy"]},{"id":"concrete","kind":"construction_good","technology_alternatives":["tech.synthetic_materials"]},{"id":"glass","kind":"construction_good","technology_alternatives":["tech.early_glassmaking"]},{"id":"tools","kind":"input_good","technology_alternatives":["tech.precision_engineering","tech.surface_iron_collection","tech.machine_tools","tech.crucible_steel"]},{"id":"electric_motor","kind":"input_good","technology_alternatives":["tech.electric_motors"]},{"id":"sulfur","kind":"output_good","technology_alternatives":["tech.gunpowder_weapons"]},{"id":"sulfur","kind":"natural_resource","technology_alternatives":["tech.industrial_chemistry"]}],"missing_required":["tech.mechanized_mining"],"technology":"tech.coal_geology"}
   at: push_error (core/variant/variant_utility.cpp:1024)
   GDScript backtrace (most recent call first):
       [0] _init (res://tests/technology_unlock_closure_audit_test.gd:26)
ERROR: {"building":"method_synthetic_fiber_plant_r10","missing_dependencies":[{"id":"construction_components","kind":"construction_good","technology_alternatives":["tech.adobe_making"]},{"id":"steel","kind":"construction_good","technology_alternatives":["tech.blast_furnace","tech.coke_smelting","tech.advanced_metallurgy"]},{"id":"concrete","kind":"construction_good","technology_alternatives":["tech.synthetic_materials"]},{"id":"glass","kind":"construction_good","technology_alternatives":["tech.early_glassmaking"]},{"id":"petrochemicals","kind":"input_good","technology_alternatives":["tech.petrochemical_industry"]},{"id":"tools","kind":"input_good","technology_alternatives":["tech.precision_engineering"]},{"id":"electricity","kind":"input_good","technology_alternatives":["tech.electric_generation"]},{"id":"industrial_machinery","kind":"input_good","technology_alternatives":["tech.factory_system"]},{"id":"autonomous_systems","kind":"input_good","technology_alternatives":["tech.autonomous_systems"]}],"missing_required":["tech.machine_learning","tech.robotic_manufacturing","tech.digital_control"],"technology":"tech.algorithmic_management"}
   at: push_error (core/variant/variant_utility.cpp:1024)
   GDScript backtrace (most recent call first):
       [0] _init (res://tests/technology_unlock_closure_audit_test.gd:26)
ERROR: {"building":"method_synthetic_rubber_plant_r10","missing_dependencies":[{"id":"construction_components","kind":"construction_good","technology_alternatives":["tech.adobe_making"]},{"id":"steel","kind":"construction_good","technology_alternatives":["tech.blast_furnace","tech.coke_smelting","tech.advanced_metallurgy"]},{"id":"concrete","kind":"construction_good","technology_alternatives":["tech.synthetic_materials"]},{"id":"glass","kind":"construction_good","technology_alternatives":["tech.early_glassmaking"]},{"id":"petrochemicals","kind":"input_good","technology_alternatives":["tech.petrochemical_industry"]},{"id":"sulfur","kind":"input_good","technology_alternatives":["tech.gunpowder_weapons"]},{"id":"tools","kind":"input_good","technology_alternatives":["tech.precision_engineering"]},{"id":"electricity","kind":"input_good","technology_alternatives":["tech.electric_generation"]},{"id":"industrial_machinery","kind":"input_good","technology_alternatives":["tech.factory_system"]},{"id":"autonomous_systems","kind":"input_good","technology_alternatives":["tech.autonomous_systems"]},{"id":"synthetic_rubber","kind":"output_good","technology_alternatives":["tech.synthetic_materials"]}],"missing_required":["tech.synthetic_materials","tech.machine_learning","tech.robotic_manufacturing","tech.digital_control"],"technology":"tech.algorithmic_management"}
   at: push_error (core/variant/variant_utility.cpp:1024)
   GDScript backtrace (most recent call first):
       [0] _init (res://tests/technology_unlock_closure_audit_test.gd:26)
ERROR: {"building":"method_timber_collector_r2","missing_dependencies":[{"id":"raw_stone","kind":"construction_good","technology_alternatives":["tech.ground_stone_tools"]},{"id":"bricks","kind":"construction_good","technology_alternatives":["tech.clay_preparation"]},{"id":"tools","kind":"input_good","technology_alternatives":["tech.bronze_casting","tech.precision_engineering","tech.surface_iron_collection","tech.machine_tools","tech.crucible_steel"]},{"id":"logs","kind":"output_good","technology_alternatives":["tech.deadwood_collection"]},{"id":"timber","kind":"natural_resource","technology_alternatives":["tech.deadwood_collection"]},{"id":"timber","kind":"generated_resource","technology_alternatives":["tech.deadwood_collection"]}],"missing_required":[],"technology":"tech.composite_tools"}
   at: push_error (core/variant/variant_utility.cpp:1024)
   GDScript backtrace (most recent call first):
       [0] _init (res://tests/technology_unlock_closure_audit_test.gd:26)
ERROR: {"building":"method_timber_collector_r4","missing_dependencies":[{"id":"bricks","kind":"construction_good","technology_alternatives":["tech.clay_preparation"]},{"id":"construction_components","kind":"construction_good","technology_alternatives":["tech.adobe_making"]},{"id":"tools","kind":"input_good","technology_alternatives":["tech.precision_engineering","tech.surface_iron_collection","tech.machine_tools","tech.crucible_steel"]},{"id":"logs","kind":"output_good","technology_alternatives":["tech.deadwood_collection"]},{"id":"timber","kind":"natural_resource","technology_alternatives":["tech.deadwood_collection"]},{"id":"timber","kind":"generated_resource","technology_alternatives":["tech.deadwood_collection"]}],"missing_required":[],"technology":"tech.forest_management"}
   at: push_error (core/variant/variant_utility.cpp:1024)
   GDScript backtrace (most recent call first):
       [0] _init (res://tests/technology_unlock_closure_audit_test.gd:26)
ERROR: {"building":"method_wheat_farm_r3","missing_dependencies":[{"id":"lumber","kind":"construction_good","technology_alternatives":["tech.timber_sawing"]},{"id":"bricks","kind":"construction_good","technology_alternatives":["tech.clay_preparation"]},{"id":"construction_components","kind":"construction_good","technology_alternatives":["tech.adobe_making"]},{"id":"tools","kind":"input_good","technology_alternatives":["tech.bronze_casting","tech.precision_engineering","tech.surface_iron_collection","tech.machine_tools","tech.crucible_steel"]},{"id":"arable_land","kind":"natural_resource","technology_alternatives":["tech.rainfed_field_system"]},{"id":"fertile_soil","kind":"natural_resource","technology_alternatives":["tech.gathering","tech.rainfed_field_system"]}],"missing_required":[],"technology":"tech.intensive_crop_rotation"}
   at: push_error (core/variant/variant_utility.cpp:1024)
   GDScript backtrace (most recent call first):
       [0] _init (res://tests/technology_unlock_closure_audit_test.gd:26)
ERROR: {"building":"method_wheat_farm_r5","missing_dependencies":[{"id":"lumber","kind":"construction_good","technology_alternatives":["tech.timber_sawing"]},{"id":"bricks","kind":"construction_good","technology_alternatives":["tech.clay_preparation"]},{"id":"construction_components","kind":"construction_good","technology_alternatives":["tech.adobe_making"]},{"id":"tools","kind":"input_good","technology_alternatives":["tech.precision_engineering","tech.surface_iron_collection","tech.machine_tools","tech.crucible_steel"]},{"id":"wheat_grain","kind":"output_good","technology_alternatives":["tech.wild_wheat_collection","tech.rainfed_wheat_cultivation"]},{"id":"arable_land","kind":"natural_resource","technology_alternatives":["tech.rainfed_field_system"]},{"id":"fertile_soil","kind":"natural_resource","technology_alternatives":["tech.gathering","tech.rainfed_field_system"]}],"missing_required":[],"technology":"tech.seed_selection"}
   at: push_error (core/variant/variant_utility.cpp:1024)
   GDScript backtrace (most recent call first):
       [0] _init (res://tests/technology_unlock_closure_audit_test.gd:26)
ERROR: {"building":"method_wire_plant_r10","missing_dependencies":[{"id":"construction_components","kind":"construction_good","technology_alternatives":["tech.adobe_making"]},{"id":"concrete","kind":"construction_good","technology_alternatives":["tech.synthetic_materials"]},{"id":"glass","kind":"construction_good","technology_alternatives":["tech.early_glassmaking"]},{"id":"copper","kind":"input_good","technology_alternatives":["tech.specialty_alloys","tech.copper_metallurgy"]},{"id":"tools","kind":"input_good","technology_alternatives":["tech.precision_engineering"]},{"id":"electricity","kind":"input_good","technology_alternatives":["tech.electric_generation"]},{"id":"industrial_machinery","kind":"input_good","technology_alternatives":["tech.factory_system"]},{"id":"autonomous_systems","kind":"input_good","technology_alternatives":["tech.autonomous_systems"]}],"missing_required":["tech.smart_grid","tech.robotic_manufacturing","tech.digital_control"],"technology":"tech.electromagnetic_induction"}
   at: push_error (core/variant/variant_utility.cpp:1024)
   GDScript backtrace (most recent call first):
       [0] _init (res://tests/technology_unlock_closure_audit_test.gd:26)
ERROR: {"building":"method_wool_shed_r3","missing_dependencies":[{"id":"lumber","kind":"construction_good","technology_alternatives":["tech.timber_sawing"]},{"id":"bricks","kind":"construction_good","technology_alternatives":["tech.clay_preparation"]},{"id":"construction_components","kind":"construction_good","technology_alternatives":["tech.adobe_making"]},{"id":"livestock_products","kind":"input_good","technology_alternatives":["tech.herd_management"]},{"id":"tools","kind":"input_good","technology_alternatives":["tech.bronze_casting","tech.precision_engineering","tech.surface_iron_collection","tech.machine_tools","tech.crucible_steel"]},{"id":"wool","kind":"output_good","technology_alternatives":["tech.wool_husbandry"]}],"missing_required":[],"technology":"tech.loom_weaving"}
   at: push_error (core/variant/variant_utility.cpp:1024)
   GDScript backtrace (most recent call first):
       [0] _init (res://tests/technology_unlock_closure_audit_test.gd:26)
ERROR: {"building":"method_wool_shed_r5","missing_dependencies":[{"id":"lumber","kind":"construction_good","technology_alternatives":["tech.timber_sawing"]},{"id":"bricks","kind":"construction_good","technology_alternatives":["tech.clay_preparation"]},{"id":"construction_components","kind":"construction_good","technology_alternatives":["tech.adobe_making"]},{"id":"tools","kind":"input_good","technology_alternatives":["tech.precision_engineering","tech.surface_iron_collection","tech.machine_tools","tech.crucible_steel"]}],"missing_required":[],"technology":"tech.wool_husbandry"}
   at: push_error (core/variant/variant_utility.cpp:1024)
   GDScript backtrace (most recent call first):
       [0] _init (res://tests/technology_unlock_closure_audit_test.gd:26)
ERROR: {"building":"method_zinc_ore_collector_r9","missing_dependencies":[{"id":"steel","kind":"construction_good","technology_alternatives":["tech.blast_furnace","tech.coke_smelting","tech.advanced_metallurgy"]},{"id":"concrete","kind":"construction_good","technology_alternatives":["tech.synthetic_materials"]},{"id":"glass","kind":"construction_good","technology_alternatives":["tech.early_glassmaking"]},{"id":"tools","kind":"input_good","technology_alternatives":["tech.precision_engineering"]},{"id":"explosives","kind":"input_good","technology_alternatives":["tech.gunpowder_formulation","tech.gunpowder_weapons"]},{"id":"computers","kind":"input_good","technology_alternatives":["tech.digital_computing"]},{"id":"zinc_ore","kind":"output_good","technology_alternatives":["tech.deep_mining"]},{"id":"zinc_ore","kind":"natural_resource","technology_alternatives":["tech.mine_ventilation"]}],"missing_required":["tech.mineral_spectral_survey"],"technology":"tech.geographic_information_systems"}
   at: push_error (core/variant/variant_utility.cpp:1024)
   GDScript backtrace (most recent call first):
       [0] _init (res://tests/technology_unlock_closure_audit_test.gd:26)
ERROR: {"building":"method_zinc_plant_r9","missing_dependencies":[{"id":"construction_components","kind":"construction_good","technology_alternatives":["tech.adobe_making"]},{"id":"steel","kind":"construction_good","technology_alternatives":["tech.blast_furnace","tech.coke_smelting","tech.advanced_metallurgy"]},{"id":"concrete","kind":"construction_good","technology_alternatives":["tech.synthetic_materials"]},{"id":"glass","kind":"construction_good","technology_alternatives":["tech.early_glassmaking"]},{"id":"zinc_ore","kind":"input_good","technology_alternatives":["tech.deep_mining"]},{"id":"coal","kind":"input_good","technology_alternatives":["tech.surface_coal_use","tech.coal_mining","tech.industrial_coal_mining","tech.coke_smelting"]},{"id":"tools","kind":"input_good","technology_alternatives":["tech.precision_engineering"]},{"id":"computers","kind":"input_good","technology_alternatives":["tech.digital_computing"]},{"id":"electricity","kind":"input_good","technology_alternatives":["tech.electric_generation"]},{"id":"industrial_machinery","kind":"input_good","technology_alternatives":["tech.factory_system"]},{"id":"zinc","kind":"output_good","technology_alternatives":["tech.electrochemistry"]}],"missing_required":["tech.digital_control"],"technology":"tech.open_science_networks"}
   at: push_error (core/variant/variant_utility.cpp:1024)
   GDScript backtrace (most recent call first):
       [0] _init (res://tests/technology_unlock_closure_audit_test.gd:26)
ERROR: {"building":"monastic_scriptorium","missing_dependencies":[{"id":"lumber","kind":"construction_good","technology_alternatives":["tech.timber_sawing"]},{"id":"bricks","kind":"construction_good","technology_alternatives":["tech.clay_preparation"]},{"id":"construction_components","kind":"construction_good","technology_alternatives":["tech.adobe_making"]},{"id":"raw_hide","kind":"input_good","technology_alternatives":["tech.hunting"]}],"missing_required":[],"technology":"tech.manuscript_culture"}
   at: push_error (core/variant/variant_utility.cpp:1024)
   GDScript backtrace (most recent call first):
       [0] _init (res://tests/technology_unlock_closure_audit_test.gd:26)
ERROR: {"building":"movable_type_print_shop","missing_dependencies":[{"id":"lumber","kind":"construction_good","technology_alternatives":["tech.timber_sawing"]},{"id":"bricks","kind":"construction_good","technology_alternatives":["tech.clay_preparation"]},{"id":"paper","kind":"input_good","technology_alternatives":["tech.plant_fiber_papermaking","tech.bark_paper_making","tech.parchment_making","tech.rag_paper_making"]},{"id":"tools","kind":"input_good","technology_alternatives":["tech.surface_iron_collection","tech.machine_tools","tech.crucible_steel"]}],"missing_required":["tech.manuscript_culture","tech.pottery","tech.guild_apprenticeship"],"technology":"tech.movable_type_printing"}
   at: push_error (core/variant/variant_utility.cpp:1024)
   GDScript backtrace (most recent call first):
       [0] _init (res://tests/technology_unlock_closure_audit_test.gd:26)
ERROR: {"building":"national_laboratory","missing_dependencies":[{"id":"steel","kind":"construction_good","technology_alternatives":["tech.blast_furnace","tech.coke_smelting","tech.advanced_metallurgy"]},{"id":"concrete","kind":"construction_good","technology_alternatives":["tech.synthetic_materials"]},{"id":"glass","kind":"construction_good","technology_alternatives":["tech.early_glassmaking"]},{"id":"construction_components","kind":"construction_good","technology_alternatives":["tech.adobe_making"]},{"id":"scientific_instruments","kind":"input_good","technology_alternatives":["tech.industrial_research"]},{"id":"electricity","kind":"input_good","technology_alternatives":["tech.electric_generation"]},{"id":"precision_tools","kind":"input_good","technology_alternatives":["tech.precision_engineering"]},{"id":"technology_points","kind":"output_good","technology_alternatives":["tech.oral_memory_practice","tech.phenology_observation","tech.flood_calendar_practice","tech.pastoral_route_memory","tech.tide_observation"]}],"missing_required":[],"technology":"tech.national_laboratories"}
   at: push_error (core/variant/variant_utility.cpp:1024)
   GDScript backtrace (most recent call first):
       [0] _init (res://tests/technology_unlock_closure_audit_test.gd:26)
ERROR: {"building":"natural_copper_workshop","missing_dependencies":[{"id":"raw_stone","kind":"construction_good","technology_alternatives":["tech.ground_stone_tools"]},{"id":"logs","kind":"construction_good","technology_alternatives":["tech.deadwood_collection"]},{"id":"copper","kind":"output_good","technology_alternatives":["tech.copper_metallurgy"]},{"id":"copper_ore","kind":"natural_resource","technology_alternatives":["tech.natural_copper_identification"]}],"missing_required":["tech.natural_copper_identification","tech.stone_knapping"],"technology":"tech.natural_copper_working"}
   at: push_error (core/variant/variant_utility.cpp:1024)
   GDScript backtrace (most recent call first):
       [0] _init (res://tests/technology_unlock_closure_audit_test.gd:26)
ERROR: {"building":"natural_gas_collector","missing_dependencies":[{"id":"construction_components","kind":"construction_good","technology_alternatives":["tech.adobe_making"]},{"id":"steel","kind":"construction_good","technology_alternatives":["tech.blast_furnace","tech.coke_smelting","tech.advanced_metallurgy"]},{"id":"concrete","kind":"construction_good","technology_alternatives":["tech.synthetic_materials"]},{"id":"glass","kind":"construction_good","technology_alternatives":["tech.early_glassmaking"]},{"id":"industrial_machinery","kind":"input_good","technology_alternatives":["tech.factory_system"]},{"id":"electricity","kind":"input_good","technology_alternatives":["tech.electric_generation"]}],"missing_required":["tech.deep_geophysics"],"technology":"tech.petrochemical_cracking"}
   at: push_error (core/variant/variant_utility.cpp:1024)
   GDScript backtrace (most recent call first):
       [0] _init (res://tests/technology_unlock_closure_audit_test.gd:26)
ERROR: {"building":"nuclear_fuel_plant","missing_dependencies":[{"id":"construction_components","kind":"construction_good","technology_alternatives":["tech.adobe_making"]},{"id":"steel","kind":"construction_good","technology_alternatives":["tech.blast_furnace","tech.coke_smelting","tech.advanced_metallurgy"]},{"id":"concrete","kind":"construction_good","technology_alternatives":["tech.synthetic_materials"]},{"id":"glass","kind":"construction_good","technology_alternatives":["tech.early_glassmaking"]},{"id":"rare_earth_metals","kind":"input_good","technology_alternatives":["tech.systems_engineering"]},{"id":"tools","kind":"input_good","technology_alternatives":["tech.precision_engineering","tech.surface_iron_collection","tech.machine_tools","tech.crucible_steel"]},{"id":"electricity","kind":"input_good","technology_alternatives":["tech.electric_generation"]},{"id":"industrial_machinery","kind":"input_good","technology_alternatives":["tech.factory_system"]},{"id":"technology_points","kind":"input_good","technology_alternatives":["tech.oral_memory_practice","tech.phenology_observation","tech.flood_calendar_practice","tech.pastoral_route_memory","tech.tide_observation"]}],"missing_required":[],"technology":"tech.nuclear_fission"}
   at: push_error (core/variant/variant_utility.cpp:1024)
   GDScript backtrace (most recent call first):
       [0] _init (res://tests/technology_unlock_closure_audit_test.gd:26)
ERROR: {"building":"nuclear_medicine_center","missing_dependencies":[{"id":"construction_components","kind":"construction_good","technology_alternatives":["tech.adobe_making"]},{"id":"steel","kind":"construction_good","technology_alternatives":["tech.blast_furnace","tech.coke_smelting","tech.advanced_metallurgy"]},{"id":"concrete","kind":"construction_good","technology_alternatives":["tech.synthetic_materials"]},{"id":"glass","kind":"construction_good","technology_alternatives":["tech.early_glassmaking"]},{"id":"technology_points","kind":"input_good","technology_alternatives":["tech.oral_memory_practice","tech.phenology_observation","tech.flood_calendar_practice","tech.pastoral_route_memory","tech.tide_observation"]},{"id":"pharmaceuticals","kind":"output_good","technology_alternatives":["tech.modern_medicine"]}],"missing_required":[],"technology":"tech.nuclear_fission"}
   at: push_error (core/variant/variant_utility.cpp:1024)
   GDScript backtrace (most recent call first):
       [0] _init (res://tests/technology_unlock_closure_audit_test.gd:26)
ERROR: {"building":"nuclear_power_plant","missing_dependencies":[{"id":"construction_components","kind":"construction_good","technology_alternatives":["tech.adobe_making"]},{"id":"steel","kind":"construction_good","technology_alternatives":["tech.blast_furnace","tech.coke_smelting","tech.advanced_metallurgy"]},{"id":"concrete","kind":"construction_good","technology_alternatives":["tech.synthetic_materials"]},{"id":"glass","kind":"construction_good","technology_alternatives":["tech.early_glassmaking"]},{"id":"nuclear_fuel","kind":"input_good","technology_alternatives":["tech.nuclear_fission"]},{"id":"reactor_components","kind":"input_good","technology_alternatives":["tech.nuclear_fission"]},{"id":"tools","kind":"input_good","technology_alternatives":["tech.precision_engineering","tech.surface_iron_collection","tech.machine_tools","tech.crucible_steel"]},{"id":"electricity","kind":"output_good","technology_alternatives":["tech.electric_generation"]}],"missing_required":[],"technology":"tech.nuclear_energy"}
   at: push_error (core/variant/variant_utility.cpp:1024)
   GDScript backtrace (most recent call first):
       [0] _init (res://tests/technology_unlock_closure_audit_test.gd:26)
ERROR: {"building":"oceanic_shipyard","missing_dependencies":[{"id":"lumber","kind":"construction_good","technology_alternatives":["tech.timber_sawing"]},{"id":"bricks","kind":"construction_good","technology_alternatives":["tech.clay_preparation"]},{"id":"construction_components","kind":"construction_good","technology_alternatives":["tech.adobe_making"]},{"id":"lumber","kind":"input_good","technology_alternatives":["tech.timber_sawing"]},{"id":"cloth","kind":"input_good","technology_alternatives":["tech.fiber_twisting","tech.weaving"]},{"id":"copper","kind":"input_good","technology_alternatives":["tech.copper_metallurgy"]},{"id":"glass","kind":"input_good","technology_alternatives":["tech.early_glassmaking"]},{"id":"tools","kind":"input_good","technology_alternatives":["tech.precision_engineering","tech.surface_iron_collection","tech.machine_tools","tech.crucible_steel"]}],"missing_required":[],"technology":"tech.oceanic_navigation"}
   at: push_error (core/variant/variant_utility.cpp:1024)
   GDScript backtrace (most recent call first):
       [0] _init (res://tests/technology_unlock_closure_audit_test.gd:26)
ERROR: {"building":"oil_collector","missing_dependencies":[{"id":"construction_components","kind":"construction_good","technology_alternatives":["tech.adobe_making"]},{"id":"steel","kind":"construction_good","technology_alternatives":["tech.blast_furnace","tech.coke_smelting","tech.advanced_metallurgy"]},{"id":"concrete","kind":"construction_good","technology_alternatives":["tech.synthetic_materials"]},{"id":"glass","kind":"construction_good","technology_alternatives":["tech.early_glassmaking"]},{"id":"industrial_machinery","kind":"input_good","technology_alternatives":["tech.factory_system"]},{"id":"electricity","kind":"input_good","technology_alternatives":["tech.electric_generation"]}],"missing_required":[],"technology":"tech.petroleum_extraction"}
   at: push_error (core/variant/variant_utility.cpp:1024)
   GDScript backtrace (most recent call first):
       [0] _init (res://tests/technology_unlock_closure_audit_test.gd:26)
ERROR: {"building":"oil_power_plant","missing_dependencies":[{"id":"construction_components","kind":"construction_good","technology_alternatives":["tech.adobe_making"]},{"id":"concrete","kind":"construction_good","technology_alternatives":["tech.synthetic_materials"]},{"id":"glass","kind":"construction_good","technology_alternatives":["tech.early_glassmaking"]},{"id":"refined_fuel","kind":"input_good","technology_alternatives":["tech.petroleum_refining"]},{"id":"tools","kind":"input_good","technology_alternatives":["tech.precision_engineering","tech.surface_iron_collection","tech.machine_tools","tech.crucible_steel"]},{"id":"electricity","kind":"output_good","technology_alternatives":["tech.electric_generation"]}],"missing_required":["tech.electric_grid"],"technology":"tech.petroleum_drilling"}
   at: push_error (core/variant/variant_utility.cpp:1024)
   GDScript backtrace (most recent call first):
       [0] _init (res://tests/technology_unlock_closure_audit_test.gd:26)
ERROR: {"building":"open_pottery_hearth","missing_dependencies":[{"id":"clay","kind":"construction_good","technology_alternatives":["tech.earth_building"]},{"id":"raw_stone","kind":"construction_good","technology_alternatives":["tech.ground_stone_tools"]},{"id":"clay","kind":"input_good","technology_alternatives":["tech.earth_building"]},{"id":"logs","kind":"input_good","technology_alternatives":["tech.deadwood_collection"]}],"missing_required":["tech.fire_control","tech.clay_preparation"],"technology":"tech.hand_pottery"}
   at: push_error (core/variant/variant_utility.cpp:1024)
   GDScript backtrace (most recent call first):
       [0] _init (res://tests/technology_unlock_closure_audit_test.gd:26)
ERROR: {"building":"oral_memory_circle","missing_dependencies":[{"id":"logs","kind":"construction_good","technology_alternatives":["tech.deadwood_collection"]}],"missing_required":[],"technology":"tech.oral_memory_practice"}
   at: push_error (core/variant/variant_utility.cpp:1024)
   GDScript backtrace (most recent call first):
       [0] _init (res://tests/technology_unlock_closure_audit_test.gd:26)
ERROR: {"building":"ore_bronzesmith_camp","missing_dependencies":[{"id":"logs","kind":"construction_good","technology_alternatives":["tech.deadwood_collection"]},{"id":"raw_stone","kind":"construction_good","technology_alternatives":["tech.ground_stone_tools"]},{"id":"copper_ore","kind":"input_good","technology_alternatives":["tech.copper_ore_roasting"]},{"id":"tin_ore","kind":"input_good","technology_alternatives":["tech.tin_identification"]},{"id":"logs","kind":"input_good","technology_alternatives":["tech.deadwood_collection"]},{"id":"bronze_tools","kind":"output_good","technology_alternatives":["tech.bronze_casting"]}],"missing_required":["tech.bronze_casting","tech.tin_identification"],"technology":"tech.copper_annealing"}
   at: push_error (core/variant/variant_utility.cpp:1024)
   GDScript backtrace (most recent call first):
       [0] _init (res://tests/technology_unlock_closure_audit_test.gd:26)
ERROR: {"building":"packaging_plant","missing_dependencies":[{"id":"bricks","kind":"construction_good","technology_alternatives":["tech.clay_preparation"]},{"id":"construction_components","kind":"construction_good","technology_alternatives":["tech.adobe_making"]},{"id":"tools","kind":"input_good","technology_alternatives":["tech.precision_engineering","tech.surface_iron_collection","tech.machine_tools","tech.crucible_steel"]}],"missing_required":["tech.standardization","tech.guild_organization"],"technology":"tech.screw_press_printing"}
   at: push_error (core/variant/variant_utility.cpp:1024)
   GDScript backtrace (most recent call first):
       [0] _init (res://tests/technology_unlock_closure_audit_test.gd:26)
ERROR: {"building":"paper_plant","missing_dependencies":[{"id":"lumber","kind":"construction_good","technology_alternatives":["tech.timber_sawing"]},{"id":"bricks","kind":"construction_good","technology_alternatives":["tech.clay_preparation"]},{"id":"construction_components","kind":"construction_good","technology_alternatives":["tech.adobe_making"]},{"id":"steel","kind":"construction_good","technology_alternatives":["tech.blast_furnace","tech.coke_smelting","tech.advanced_metallurgy"]},{"id":"logs","kind":"input_good","technology_alternatives":["tech.cotton_ginning","tech.cotton_gardening","tech.flax_retting","tech.deadwood_collection"]},{"id":"industrial_chemicals","kind":"input_good","technology_alternatives":["tech.industrial_chemistry"]},{"id":"tools","kind":"input_good","technology_alternatives":["tech.precision_engineering","tech.surface_iron_collection","tech.machine_tools","tech.crucible_steel"]},{"id":"paper","kind":"output_good","technology_alternatives":["tech.plant_fiber_papermaking","tech.bark_paper_making","tech.parchment_making","tech.rag_paper_making"]}],"missing_required":["tech.industrial_chemistry","tech.factory_system"],"technology":"tech.mechanized_printing"}
   at: push_error (core/variant/variant_utility.cpp:1024)
   GDScript backtrace (most recent call first):
       [0] _init (res://tests/technology_unlock_closure_audit_test.gd:26)
ERROR: {"building":"parchment_workshop","missing_dependencies":[{"id":"logs","kind":"construction_good","technology_alternatives":["tech.deadwood_collection"]},{"id":"adobe_brick","kind":"construction_good","technology_alternatives":["tech.adobe_making"]},{"id":"raw_hide","kind":"input_good","technology_alternatives":["tech.hunting"]},{"id":"tools","kind":"input_good","technology_alternatives":["tech.surface_iron_collection","tech.machine_tools","tech.crucible_steel"]}],"missing_required":["tech.writing","tech.hide_tanning"],"technology":"tech.parchment_making"}
   at: push_error (core/variant/variant_utility.cpp:1024)
   GDScript backtrace (most recent call first):
       [0] _init (res://tests/technology_unlock_closure_audit_test.gd:26)
ERROR: {"building":"pastoral_camp","missing_dependencies":[{"id":"logs","kind":"construction_good","technology_alternatives":["tech.deadwood_collection"]},{"id":"raw_stone","kind":"construction_good","technology_alternatives":["tech.ground_stone_tools"]}],"missing_required":["tech.animal_husbandry"],"technology":"tech.herd_management"}
   at: push_error (core/variant/variant_utility.cpp:1024)
   GDScript backtrace (most recent call first):
       [0] _init (res://tests/technology_unlock_closure_audit_test.gd:26)
ERROR: {"building":"pastoral_council_tent","missing_dependencies":[{"id":"turf_block","kind":"construction_good","technology_alternatives":["tech.turf_cutting"]}],"missing_required":[],"technology":"tech.pastoral_route_memory"}
   at: push_error (core/variant/variant_utility.cpp:1024)
   GDScript backtrace (most recent call first):
       [0] _init (res://tests/technology_unlock_closure_audit_test.gd:26)
ERROR: {"building":"petrochemicals_plant","missing_dependencies":[{"id":"construction_components","kind":"construction_good","technology_alternatives":["tech.adobe_making"]},{"id":"steel","kind":"construction_good","technology_alternatives":["tech.blast_furnace","tech.coke_smelting","tech.advanced_metallurgy"]},{"id":"concrete","kind":"construction_good","technology_alternatives":["tech.synthetic_materials"]},{"id":"glass","kind":"construction_good","technology_alternatives":["tech.early_glassmaking"]},{"id":"crude_oil","kind":"input_good","technology_alternatives":["tech.petroleum_extraction"]},{"id":"natural_gas","kind":"input_good","technology_alternatives":["tech.petrochemical_cracking"]},{"id":"tools","kind":"input_good","technology_alternatives":["tech.precision_engineering","tech.surface_iron_collection","tech.machine_tools","tech.crucible_steel"]},{"id":"electricity","kind":"input_good","technology_alternatives":["tech.electric_generation"]},{"id":"industrial_machinery","kind":"input_good","technology_alternatives":["tech.factory_system"]}],"missing_required":[],"technology":"tech.petrochemical_industry"}
   at: push_error (core/variant/variant_utility.cpp:1024)
   GDScript backtrace (most recent call first):
       [0] _init (res://tests/technology_unlock_closure_audit_test.gd:26)
ERROR: {"building":"pharmaceuticals_plant","missing_dependencies":[{"id":"lumber","kind":"construction_good","technology_alternatives":["tech.timber_sawing"]},{"id":"bricks","kind":"construction_good","technology_alternatives":["tech.clay_preparation"]},{"id":"construction_components","kind":"construction_good","technology_alternatives":["tech.adobe_making"]},{"id":"medicinal_herbs","kind":"input_good","technology_alternatives":["tech.natural_observation"]},{"id":"tools","kind":"input_good","technology_alternatives":["tech.precision_engineering","tech.surface_iron_collection","tech.machine_tools","tech.crucible_steel"]}],"missing_required":[],"technology":"tech.modern_medicine"}
   at: push_error (core/variant/variant_utility.cpp:1024)
   GDScript backtrace (most recent call first):
       [0] _init (res://tests/technology_unlock_closure_audit_test.gd:26)
ERROR: {"building":"phosphate_rock_collector","missing_dependencies":[{"id":"lumber","kind":"construction_good","technology_alternatives":["tech.timber_sawing"]},{"id":"bricks","kind":"construction_good","technology_alternatives":["tech.clay_preparation"]},{"id":"construction_components","kind":"construction_good","technology_alternatives":["tech.adobe_making"]},{"id":"steel","kind":"construction_good","technology_alternatives":["tech.blast_furnace","tech.coke_smelting","tech.advanced_metallurgy"]},{"id":"tools","kind":"input_good","technology_alternatives":["tech.precision_engineering","tech.surface_iron_collection","tech.machine_tools","tech.crucible_steel"]},{"id":"explosives","kind":"input_good","technology_alternatives":["tech.gunpowder_formulation","tech.gunpowder_weapons"]},{"id":"phosphate_rock","kind":"natural_resource","technology_alternatives":["tech.soil_experimentation"]}],"missing_required":[],"technology":"tech.fertilizer_processing"}
   at: push_error (core/variant/variant_utility.cpp:1024)
   GDScript backtrace (most recent call first):
       [0] _init (res://tests/technology_unlock_closure_audit_test.gd:26)
ERROR: {"building":"plant_fiber_paper_workshop","missing_dependencies":[{"id":"logs","kind":"construction_good","technology_alternatives":["tech.deadwood_collection"]},{"id":"adobe_brick","kind":"construction_good","technology_alternatives":["tech.adobe_making"]},{"id":"bast_fiber","kind":"input_good","technology_alternatives":["tech.wild_flax_collection"]},{"id":"tools","kind":"input_good","technology_alternatives":["tech.surface_iron_collection","tech.machine_tools","tech.crucible_steel"]}],"missing_required":["tech.writing"],"technology":"tech.plant_fiber_papermaking"}
   at: push_error (core/variant/variant_utility.cpp:1024)
   GDScript backtrace (most recent call first):
       [0] _init (res://tests/technology_unlock_closure_audit_test.gd:26)
ERROR: {"building":"plastics_plant","missing_dependencies":[{"id":"steel","kind":"construction_good","technology_alternatives":["tech.blast_furnace","tech.coke_smelting","tech.advanced_metallurgy"]},{"id":"concrete","kind":"construction_good","technology_alternatives":["tech.synthetic_materials"]},{"id":"glass","kind":"construction_good","technology_alternatives":["tech.early_glassmaking"]},{"id":"petrochemicals","kind":"input_good","technology_alternatives":["tech.petrochemical_industry"]},{"id":"tools","kind":"input_good","technology_alternatives":["tech.precision_engineering","tech.surface_iron_collection","tech.machine_tools","tech.crucible_steel"]},{"id":"electricity","kind":"input_good","technology_alternatives":["tech.electric_generation"]},{"id":"industrial_machinery","kind":"input_good","technology_alternatives":["tech.factory_system"]}],"missing_required":[],"technology":"tech.plastics_engineering"}
   at: push_error (core/variant/variant_utility.cpp:1024)
   GDScript backtrace (most recent call first):
       [0] _init (res://tests/technology_unlock_closure_audit_test.gd:26)
ERROR: {"building":"polytechnic_institute","missing_dependencies":[{"id":"bricks","kind":"construction_good","technology_alternatives":["tech.clay_preparation"]},{"id":"steel","kind":"construction_good","technology_alternatives":["tech.blast_furnace","tech.coke_smelting","tech.advanced_metallurgy"]},{"id":"glass","kind":"construction_good","technology_alternatives":["tech.early_glassmaking"]},{"id":"construction_components","kind":"construction_good","technology_alternatives":["tech.adobe_making"]},{"id":"scientific_instruments","kind":"input_good","technology_alternatives":["tech.industrial_research"]},{"id":"coal","kind":"input_good","technology_alternatives":["tech.surface_coal_use","tech.coal_mining","tech.industrial_coal_mining"]},{"id":"technology_points","kind":"output_good","technology_alternatives":["tech.oral_memory_practice","tech.phenology_observation","tech.flood_calendar_practice","tech.pastoral_route_memory","tech.tide_observation"]}],"missing_required":["tech.industrial_organization"],"technology":"tech.public_education"}
   at: push_error (core/variant/variant_utility.cpp:1024)
   GDScript backtrace (most recent call first):
       [0] _init (res://tests/technology_unlock_closure_audit_test.gd:26)
ERROR: {"building":"potato_collector","missing_dependencies":[{"id":"lumber","kind":"construction_good","technology_alternatives":["tech.timber_sawing"]},{"id":"bricks","kind":"construction_good","technology_alternatives":["tech.clay_preparation"]},{"id":"construction_components","kind":"construction_good","technology_alternatives":["tech.adobe_making"]},{"id":"potatoes","kind":"output_good","technology_alternatives":["tech.wild_tuber_collection","tech.potato_propagation"]},{"id":"arable_land","kind":"natural_resource","technology_alternatives":["tech.rainfed_field_system"]},{"id":"fertile_soil","kind":"natural_resource","technology_alternatives":["tech.gathering","tech.rainfed_field_system"]}],"missing_required":["tech.potato_propagation"],"technology":"tech.ridge_tuber_cultivation"}
   at: push_error (core/variant/variant_utility.cpp:1024)
   GDScript backtrace (most recent call first):
       [0] _init (res://tests/technology_unlock_closure_audit_test.gd:26)
ERROR: {"building":"pottery_kiln","missing_dependencies":[{"id":"logs","kind":"construction_good","technology_alternatives":["tech.deadwood_collection"]},{"id":"raw_stone","kind":"construction_good","technology_alternatives":["tech.ground_stone_tools"]},{"id":"clay","kind":"input_good","technology_alternatives":["tech.earth_building"]},{"id":"charcoal","kind":"input_good","technology_alternatives":["tech.charcoal_burning"]},{"id":"pottery","kind":"output_good","technology_alternatives":["tech.hand_pottery"]}],"missing_required":["tech.hand_pottery","tech.clay_preparation","tech.charcoal_burning"],"technology":"tech.kiln_firing"}
   at: push_error (core/variant/variant_utility.cpp:1024)
   GDScript backtrace (most recent call first):
       [0] _init (res://tests/technology_unlock_closure_audit_test.gd:26)
ERROR: {"building":"precision_farm","missing_dependencies":[{"id":"construction_components","kind":"construction_good","technology_alternatives":["tech.adobe_making"]},{"id":"steel","kind":"construction_good","technology_alternatives":["tech.blast_furnace","tech.coke_smelting","tech.advanced_metallurgy"]},{"id":"concrete","kind":"construction_good","technology_alternatives":["tech.synthetic_materials"]},{"id":"glass","kind":"construction_good","technology_alternatives":["tech.early_glassmaking"]},{"id":"electricity","kind":"input_good","technology_alternatives":["tech.electric_generation"]},{"id":"computers","kind":"input_good","technology_alternatives":["tech.digital_computing"]},{"id":"grain","kind":"output_good","technology_alternatives":["tech.household_landholding"]},{"id":"vegetables","kind":"output_good","technology_alternatives":["tech.household_landholding"]},{"id":"arable_land","kind":"natural_resource","technology_alternatives":["tech.rainfed_field_system"]},{"id":"fertile_soil","kind":"natural_resource","technology_alternatives":["tech.gathering","tech.rainfed_field_system"]}],"missing_required":[],"technology":"tech.precision_agriculture"}
   at: push_error (core/variant/variant_utility.cpp:1024)
   GDScript backtrace (most recent call first):
       [0] _init (res://tests/technology_unlock_closure_audit_test.gd:26)
ERROR: {"building":"precision_tool_workshop","missing_dependencies":[{"id":"lumber","kind":"construction_good","technology_alternatives":["tech.timber_sawing"]},{"id":"bricks","kind":"construction_good","technology_alternatives":["tech.clay_preparation"]},{"id":"construction_components","kind":"construction_good","technology_alternatives":["tech.adobe_making"]},{"id":"scientific_instruments","kind":"input_good","technology_alternatives":["tech.industrial_research"]},{"id":"technology_points","kind":"input_good","technology_alternatives":["tech.oral_memory_practice","tech.phenology_observation","tech.flood_calendar_practice","tech.pastoral_route_memory","tech.tide_observation"]}],"missing_required":[],"technology":"tech.precision_engineering"}
   at: push_error (core/variant/variant_utility.cpp:1024)
   GDScript backtrace (most recent call first):
       [0] _init (res://tests/technology_unlock_closure_audit_test.gd:26)
ERROR: {"building":"primitive_clay_pit","missing_dependencies":[{"id":"raw_stone","kind":"construction_good","technology_alternatives":["tech.ground_stone_tools"]}],"missing_required":["tech.clay_preparation"],"technology":"tech.earth_building"}
   at: push_error (core/variant/variant_utility.cpp:1024)
   GDScript backtrace (most recent call first):
       [0] _init (res://tests/technology_unlock_closure_audit_test.gd:26)
ERROR: {"building":"primitive_gold_sluice","missing_dependencies":[{"id":"logs","kind":"construction_good","technology_alternatives":["tech.deadwood_collection"]}],"missing_required":["tech.composite_tools"],"technology":"tech.gold_panning"}
   at: push_error (core/variant/variant_utility.cpp:1024)
   GDScript backtrace (most recent call first):
       [0] _init (res://tests/technology_unlock_closure_audit_test.gd:26)
ERROR: {"building":"printed_materials_plant","missing_dependencies":[{"id":"bricks","kind":"construction_good","technology_alternatives":["tech.clay_preparation"]},{"id":"construction_components","kind":"construction_good","technology_alternatives":["tech.adobe_making"]},{"id":"tools","kind":"input_good","technology_alternatives":["tech.precision_engineering","tech.surface_iron_collection","tech.machine_tools","tech.crucible_steel"]}],"missing_required":["tech.guild_organization","tech.manuscript_culture"],"technology":"tech.screw_press_printing"}
   at: push_error (core/variant/variant_utility.cpp:1024)
   GDScript backtrace (most recent call first):
       [0] _init (res://tests/technology_unlock_closure_audit_test.gd:26)
ERROR: {"building":"printing_academy","missing_dependencies":[{"id":"bricks","kind":"construction_good","technology_alternatives":["tech.clay_preparation"]},{"id":"lumber","kind":"construction_good","technology_alternatives":["tech.timber_sawing"]},{"id":"glass","kind":"construction_good","technology_alternatives":["tech.early_glassmaking"]},{"id":"printed_materials","kind":"input_good","technology_alternatives":["tech.woodblock_printing","tech.movable_type_printing","tech.screw_press_printing"]},{"id":"technology_points","kind":"output_good","technology_alternatives":["tech.oral_memory_practice","tech.phenology_observation","tech.flood_calendar_practice","tech.pastoral_route_memory","tech.tide_observation"]}],"missing_required":["tech.screw_press_printing"],"technology":"tech.chartered_universities"}
   at: push_error (core/variant/variant_utility.cpp:1024)
   GDScript backtrace (most recent call first):
       [0] _init (res://tests/technology_unlock_closure_audit_test.gd:26)
ERROR: {"building":"processed_food_plant","missing_dependencies":[{"id":"construction_components","kind":"construction_good","technology_alternatives":["tech.adobe_making"]},{"id":"steel","kind":"construction_good","technology_alternatives":["tech.blast_furnace","tech.coke_smelting","tech.advanced_metallurgy"]},{"id":"concrete","kind":"construction_good","technology_alternatives":["tech.synthetic_materials"]},{"id":"glass","kind":"construction_good","technology_alternatives":["tech.early_glassmaking"]},{"id":"prepared_staples","kind":"input_good","technology_alternatives":["tech.grain_baking","tech.hearth_preservation"]},{"id":"meat","kind":"input_good","technology_alternatives":["tech.dairy_processing","tech.freshwater_fishing","tech.coastal_fishing","tech.hunting","tech.meat_processing"]},{"id":"vegetables","kind":"input_good","technology_alternatives":["tech.household_landholding"]},{"id":"edible_oil","kind":"input_good","technology_alternatives":["tech.crop_rotation"]},{"id":"packaging","kind":"input_good","technology_alternatives":["tech.screw_press_printing"]},{"id":"tools","kind":"input_good","technology_alternatives":["tech.precision_engineering","tech.surface_iron_collection","tech.machine_tools","tech.crucible_steel"]},{"id":"electricity","kind":"input_good","technology_alternatives":["tech.electric_generation"]},{"id":"industrial_machinery","kind":"input_good","technology_alternatives":["tech.factory_system"]}],"missing_required":["tech.mass_production","tech.industrial_quality_control"],"technology":"tech.cold_chain"}
   at: push_error (core/variant/variant_utility.cpp:1024)
   GDScript backtrace (most recent call first):
       [0] _init (res://tests/technology_unlock_closure_audit_test.gd:26)
ERROR: {"building":"radio_equipment_works","missing_dependencies":[{"id":"construction_components","kind":"construction_good","technology_alternatives":["tech.adobe_making"]},{"id":"steel","kind":"construction_good","technology_alternatives":["tech.blast_furnace","tech.coke_smelting","tech.advanced_metallurgy"]},{"id":"concrete","kind":"construction_good","technology_alternatives":["tech.synthetic_materials"]},{"id":"glass","kind":"construction_good","technology_alternatives":["tech.early_glassmaking"]},{"id":"insulated_cable","kind":"input_good","technology_alternatives":["tech.electric_grid"]},{"id":"plastics","kind":"input_good","technology_alternatives":["tech.plastics_engineering"]},{"id":"tools","kind":"input_good","technology_alternatives":["tech.precision_engineering","tech.surface_iron_collection","tech.machine_tools","tech.crucible_steel"]},{"id":"electricity","kind":"input_good","technology_alternatives":["tech.electric_generation"]},{"id":"industrial_machinery","kind":"input_good","technology_alternatives":["tech.factory_system"]},{"id":"technology_points","kind":"input_good","technology_alternatives":["tech.oral_memory_practice","tech.phenology_observation","tech.flood_calendar_practice","tech.pastoral_route_memory","tech.tide_observation"]}],"missing_required":[],"technology":"tech.radio"}
   at: push_error (core/variant/variant_utility.cpp:1024)
   GDScript backtrace (most recent call first):
       [0] _init (res://tests/technology_unlock_closure_audit_test.gd:26)
ERROR: {"building":"rag_paper_workshop","missing_dependencies":[{"id":"lumber","kind":"construction_good","technology_alternatives":["tech.timber_sawing"]},{"id":"bricks","kind":"construction_good","technology_alternatives":["tech.clay_preparation"]},{"id":"construction_components","kind":"construction_good","technology_alternatives":["tech.adobe_making"]},{"id":"tools","kind":"input_good","technology_alternatives":["tech.precision_engineering","tech.surface_iron_collection","tech.machine_tools","tech.crucible_steel"]}],"missing_required":[],"technology":"tech.rag_paper_making"}
   at: push_error (core/variant/variant_utility.cpp:1024)
   GDScript backtrace (most recent call first):
       [0] _init (res://tests/technology_unlock_closure_audit_test.gd:26)
ERROR: {"building":"railway_equipment_plant","missing_dependencies":[{"id":"construction_components","kind":"construction_good","technology_alternatives":["tech.adobe_making"]},{"id":"steel","kind":"construction_good","technology_alternatives":["tech.blast_furnace","tech.coke_smelting","tech.advanced_metallurgy"]},{"id":"concrete","kind":"construction_good","technology_alternatives":["tech.synthetic_materials"]},{"id":"glass","kind":"construction_good","technology_alternatives":["tech.early_glassmaking"]},{"id":"steel","kind":"input_good","technology_alternatives":["tech.specialty_alloys","tech.blast_furnace","tech.coke_smelting","tech.advanced_metallurgy"]},{"id":"electric_motor","kind":"input_good","technology_alternatives":["tech.electric_motors"]},{"id":"tools","kind":"input_good","technology_alternatives":["tech.precision_engineering","tech.surface_iron_collection","tech.machine_tools","tech.crucible_steel"]},{"id":"electricity","kind":"input_good","technology_alternatives":["tech.electric_generation"]},{"id":"industrial_machinery","kind":"input_good","technology_alternatives":["tech.factory_system"]},{"id":"technology_points","kind":"input_good","technology_alternatives":["tech.oral_memory_practice","tech.phenology_observation","tech.flood_calendar_practice","tech.pastoral_route_memory","tech.tide_observation"]}],"missing_required":[],"technology":"tech.rail_logistics"}
   at: push_error (core/variant/variant_utility.cpp:1024)
   GDScript backtrace (most recent call first):
       [0] _init (res://tests/technology_unlock_closure_audit_test.gd:26)
ERROR: {"building":"rainfed_maize_field","missing_dependencies":[{"id":"arable_land","kind":"natural_resource","technology_alternatives":["tech.rainfed_field_system"]},{"id":"fertile_soil","kind":"natural_resource","technology_alternatives":["tech.gathering","tech.rainfed_field_system"]}],"missing_required":["tech.maize_propagation","tech.rainfed_field_system"],"technology":"tech.rainfed_maize_cultivation"}
   at: push_error (core/variant/variant_utility.cpp:1024)
   GDScript backtrace (most recent call first):
       [0] _init (res://tests/technology_unlock_closure_audit_test.gd:26)
ERROR: {"building":"rainfed_wheat_plot","missing_dependencies":[{"id":"arable_land","kind":"natural_resource","technology_alternatives":["tech.rainfed_field_system"]}],"missing_required":["tech.wheat_propagation","tech.rainfed_field_system"],"technology":"tech.rainfed_wheat_cultivation"}
   at: push_error (core/variant/variant_utility.cpp:1024)
   GDScript backtrace (most recent call first):
       [0] _init (res://tests/technology_unlock_closure_audit_test.gd:26)
ERROR: {"building":"ranching_station","missing_dependencies":[{"id":"lumber","kind":"construction_good","technology_alternatives":["tech.timber_sawing"]},{"id":"bricks","kind":"construction_good","technology_alternatives":["tech.clay_preparation"]},{"id":"construction_components","kind":"construction_good","technology_alternatives":["tech.adobe_making"]},{"id":"steel","kind":"construction_good","technology_alternatives":["tech.blast_furnace","tech.coke_smelting","tech.advanced_metallurgy"]},{"id":"agricultural_machinery","kind":"input_good","technology_alternatives":["tech.mechanized_agriculture"]}],"missing_required":[],"technology":"tech.pastoral_networks"}
   at: push_error (core/variant/variant_utility.cpp:1024)
   GDScript backtrace (most recent call first):
       [0] _init (res://tests/technology_unlock_closure_audit_test.gd:26)
ERROR: {"building":"rare_earth_collector","missing_dependencies":[{"id":"construction_components","kind":"construction_good","technology_alternatives":["tech.adobe_making"]},{"id":"concrete","kind":"construction_good","technology_alternatives":["tech.synthetic_materials"]},{"id":"glass","kind":"construction_good","technology_alternatives":["tech.early_glassmaking"]},{"id":"explosives","kind":"input_good","technology_alternatives":["tech.gunpowder_formulation","tech.gunpowder_weapons"]},{"id":"rare_earth_ore","kind":"output_good","technology_alternatives":["tech.systems_engineering"]}],"missing_required":["tech.deep_geophysics"],"technology":"tech.mineral_spectral_survey"}
   at: push_error (core/variant/variant_utility.cpp:1024)
   GDScript backtrace (most recent call first):
       [0] _init (res://tests/technology_unlock_closure_audit_test.gd:26)
ERROR: {"building":"rare_earth_metals_plant","missing_dependencies":[{"id":"construction_components","kind":"construction_good","technology_alternatives":["tech.adobe_making"]},{"id":"steel","kind":"construction_good","technology_alternatives":["tech.blast_furnace","tech.coke_smelting","tech.advanced_metallurgy"]},{"id":"concrete","kind":"construction_good","technology_alternatives":["tech.synthetic_materials"]},{"id":"glass","kind":"construction_good","technology_alternatives":["tech.early_glassmaking"]},{"id":"tools","kind":"input_good","technology_alternatives":["tech.precision_engineering","tech.surface_iron_collection","tech.machine_tools","tech.crucible_steel"]},{"id":"electricity","kind":"input_good","technology_alternatives":["tech.electric_generation"]},{"id":"industrial_machinery","kind":"input_good","technology_alternatives":["tech.factory_system"]}],"missing_required":[],"technology":"tech.systems_engineering"}
   at: push_error (core/variant/variant_utility.cpp:1024)
   GDScript backtrace (most recent call first):
       [0] _init (res://tests/technology_unlock_closure_audit_test.gd:26)
ERROR: {"building":"reactor_component_works","missing_dependencies":[{"id":"construction_components","kind":"construction_good","technology_alternatives":["tech.adobe_making"]},{"id":"steel","kind":"construction_good","technology_alternatives":["tech.blast_furnace","tech.coke_smelting","tech.advanced_metallurgy"]},{"id":"concrete","kind":"construction_good","technology_alternatives":["tech.synthetic_materials"]},{"id":"glass","kind":"construction_good","technology_alternatives":["tech.early_glassmaking"]},{"id":"steel","kind":"input_good","technology_alternatives":["tech.blast_furnace","tech.coke_smelting","tech.advanced_metallurgy"]},{"id":"rare_earth_metals","kind":"input_good","technology_alternatives":["tech.systems_engineering"]},{"id":"electrical_equipment","kind":"input_good","technology_alternatives":["tech.electrification"]},{"id":"tools","kind":"input_good","technology_alternatives":["tech.precision_engineering","tech.surface_iron_collection","tech.machine_tools","tech.crucible_steel"]},{"id":"electricity","kind":"input_good","technology_alternatives":["tech.electric_generation"]},{"id":"industrial_machinery","kind":"input_good","technology_alternatives":["tech.factory_system"]},{"id":"technology_points","kind":"input_good","technology_alternatives":["tech.oral_memory_practice","tech.phenology_observation","tech.flood_calendar_practice","tech.pastoral_route_memory","tech.tide_observation"]},{"id":"reactor_components","kind":"output_good","technology_alternatives":["tech.nuclear_fission"]}],"missing_required":[],"technology":"tech.nuclear_energy"}
   at: push_error (core/variant/variant_utility.cpp:1024)
   GDScript backtrace (most recent call first):
       [0] _init (res://tests/technology_unlock_closure_audit_test.gd:26)
ERROR: {"building":"refined_fuel_plant","missing_dependencies":[{"id":"construction_components","kind":"construction_good","technology_alternatives":["tech.adobe_making"]},{"id":"steel","kind":"construction_good","technology_alternatives":["tech.blast_furnace","tech.coke_smelting","tech.advanced_metallurgy"]},{"id":"concrete","kind":"construction_good","technology_alternatives":["tech.synthetic_materials"]},{"id":"glass","kind":"construction_good","technology_alternatives":["tech.early_glassmaking"]},{"id":"tools","kind":"input_good","technology_alternatives":["tech.precision_engineering","tech.surface_iron_collection","tech.machine_tools","tech.crucible_steel"]},{"id":"electricity","kind":"input_good","technology_alternatives":["tech.electric_generation"]},{"id":"industrial_machinery","kind":"input_good","technology_alternatives":["tech.factory_system"]}],"missing_required":[],"technology":"tech.petroleum_refining"}
   at: push_error (core/variant/variant_utility.cpp:1024)
   GDScript backtrace (most recent call first):
       [0] _init (res://tests/technology_unlock_closure_audit_test.gd:26)
ERROR: {"building":"rice_collector","missing_dependencies":[{"id":"logs","kind":"construction_good","technology_alternatives":["tech.deadwood_collection"]},{"id":"raw_stone","kind":"construction_good","technology_alternatives":["tech.ground_stone_tools"]},{"id":"paddy_land","kind":"natural_resource","technology_alternatives":["tech.reed_harvesting","tech.rice_paddy_cultivation"]}],"missing_required":["tech.rice_seed_saving","tech.irrigation"],"technology":"tech.wetland_rice_gardening"}
   at: push_error (core/variant/variant_utility.cpp:1024)
   GDScript backtrace (most recent call first):
       [0] _init (res://tests/technology_unlock_closure_audit_test.gd:26)
ERROR: {"building":"rubber_tapping_camp","missing_dependencies":[{"id":"logs","kind":"construction_good","technology_alternatives":["tech.deadwood_collection"]},{"id":"bast_fiber","kind":"construction_good","technology_alternatives":["tech.wild_flax_collection"]},{"id":"timber","kind":"natural_resource","technology_alternatives":["tech.deadwood_collection"]}],"missing_required":["tech.rubber_identification","tech.composite_tools"],"technology":"tech.wild_latex_tapping"}
   at: push_error (core/variant/variant_utility.cpp:1024)
   GDScript backtrace (most recent call first):
       [0] _init (res://tests/technology_unlock_closure_audit_test.gd:26)
ERROR: {"building":"rubber_tree_collector","missing_dependencies":[{"id":"lumber","kind":"construction_good","technology_alternatives":["tech.timber_sawing"]},{"id":"bricks","kind":"construction_good","technology_alternatives":["tech.clay_preparation"]},{"id":"construction_components","kind":"construction_good","technology_alternatives":["tech.adobe_making"]},{"id":"latex","kind":"output_good","technology_alternatives":["tech.wild_latex_tapping"]},{"id":"plantation_land","kind":"natural_resource","technology_alternatives":["tech.cotton_gardening","tech.spice_shade_gardening","tech.latex_smoke_coagulation","tech.crop_acclimatization"]},{"id":"fertile_soil","kind":"natural_resource","technology_alternatives":["tech.gathering","tech.rainfed_field_system"]}],"missing_required":["tech.latex_smoke_coagulation","tech.estate_plantation_management","tech.indentured_contracts"],"technology":"tech.commodity_crop_management"}
   at: push_error (core/variant/variant_utility.cpp:1024)
   GDScript backtrace (most recent call first):
       [0] _init (res://tests/technology_unlock_closure_audit_test.gd:26)
ERROR: {"building":"salt_collector","missing_dependencies":[{"id":"logs","kind":"construction_good","technology_alternatives":["tech.deadwood_collection"]},{"id":"raw_stone","kind":"construction_good","technology_alternatives":["tech.ground_stone_tools"]},{"id":"bricks","kind":"construction_good","technology_alternatives":["tech.clay_preparation"]}],"missing_required":[],"technology":"tech.salt_preservation"}
   at: push_error (core/variant/variant_utility.cpp:1024)
   GDScript backtrace (most recent call first):
       [0] _init (res://tests/technology_unlock_closure_audit_test.gd:26)
ERROR: {"building":"saltpeter_collector","missing_dependencies":[{"id":"lumber","kind":"construction_good","technology_alternatives":["tech.timber_sawing"]},{"id":"bricks","kind":"construction_good","technology_alternatives":["tech.clay_preparation"]},{"id":"construction_components","kind":"construction_good","technology_alternatives":["tech.adobe_making"]},{"id":"tools","kind":"input_good","technology_alternatives":["tech.precision_engineering","tech.surface_iron_collection","tech.machine_tools","tech.crucible_steel"]},{"id":"saltpeter","kind":"natural_resource","technology_alternatives":["tech.natural_observation"]}],"missing_required":[],"technology":"tech.gunpowder_formulation"}
   at: push_error (core/variant/variant_utility.cpp:1024)
   GDScript backtrace (most recent call first):
       [0] _init (res://tests/technology_unlock_closure_audit_test.gd:26)
ERROR: {"building":"scientific_instrument_works","missing_dependencies":[{"id":"lumber","kind":"construction_good","technology_alternatives":["tech.timber_sawing"]},{"id":"bricks","kind":"construction_good","technology_alternatives":["tech.clay_preparation"]},{"id":"construction_components","kind":"construction_good","technology_alternatives":["tech.adobe_making"]},{"id":"glass","kind":"input_good","technology_alternatives":["tech.early_glassmaking"]},{"id":"copper","kind":"input_good","technology_alternatives":["tech.copper_metallurgy"]},{"id":"tools","kind":"input_good","technology_alternatives":["tech.precision_engineering","tech.surface_iron_collection","tech.machine_tools","tech.crucible_steel"]},{"id":"technology_points","kind":"input_good","technology_alternatives":["tech.oral_memory_practice","tech.phenology_observation","tech.flood_calendar_practice","tech.pastoral_route_memory","tech.tide_observation"]}],"missing_required":[],"technology":"tech.industrial_research"}
   at: push_error (core/variant/variant_utility.cpp:1024)
   GDScript backtrace (most recent call first):
       [0] _init (res://tests/technology_unlock_closure_audit_test.gd:26)
ERROR: {"building":"scribal_school","missing_dependencies":[{"id":"lumber","kind":"construction_good","technology_alternatives":["tech.timber_sawing"]},{"id":"bricks","kind":"construction_good","technology_alternatives":["tech.clay_preparation"]},{"id":"pottery","kind":"input_good","technology_alternatives":["tech.hand_pottery"]},{"id":"technology_points","kind":"output_good","technology_alternatives":["tech.oral_memory_practice","tech.phenology_observation","tech.flood_calendar_practice","tech.pastoral_route_memory","tech.tide_observation"]}],"missing_required":[],"technology":"tech.record_keeping"}
   at: push_error (core/variant/variant_utility.cpp:1024)
   GDScript backtrace (most recent call first):
       [0] _init (res://tests/technology_unlock_closure_audit_test.gd:26)
ERROR: {"building":"seasonal_observation_shelter","missing_dependencies":[{"id":"logs","kind":"construction_good","technology_alternatives":["tech.deadwood_collection"]}],"missing_required":[],"technology":"tech.phenology_observation"}
   at: push_error (core/variant/variant_utility.cpp:1024)
   GDScript backtrace (most recent call first):
       [0] _init (res://tests/technology_unlock_closure_audit_test.gd:26)
ERROR: {"building":"semiconductors_plant","missing_dependencies":[{"id":"construction_components","kind":"construction_good","technology_alternatives":["tech.adobe_making"]},{"id":"steel","kind":"construction_good","technology_alternatives":["tech.blast_furnace","tech.coke_smelting","tech.advanced_metallurgy"]},{"id":"concrete","kind":"construction_good","technology_alternatives":["tech.synthetic_materials"]},{"id":"glass","kind":"construction_good","technology_alternatives":["tech.early_glassmaking"]},{"id":"silica_sand","kind":"input_good","technology_alternatives":["tech.early_glassmaking"]},{"id":"industrial_chemicals","kind":"input_good","technology_alternatives":["tech.industrial_chemistry"]},{"id":"electricity","kind":"input_good","technology_alternatives":["tech.electric_generation"]},{"id":"tools","kind":"input_good","technology_alternatives":["tech.precision_engineering"]},{"id":"industrial_machinery","kind":"input_good","technology_alternatives":["tech.factory_system"]}],"missing_required":[],"technology":"tech.semiconductor_manufacturing"}
   at: push_error (core/variant/variant_utility.cpp:1024)
   GDScript backtrace (most recent call first):
       [0] _init (res://tests/technology_unlock_closure_audit_test.gd:26)
ERROR: {"building":"shallow_silver_working","missing_dependencies":[{"id":"logs","kind":"construction_good","technology_alternatives":["tech.deadwood_collection"]},{"id":"raw_stone","kind":"construction_good","technology_alternatives":["tech.ground_stone_tools"]},{"id":"silver_ore","kind":"output_good","technology_alternatives":["tech.surface_silver_collection"]},{"id":"silver_ore","kind":"natural_resource","technology_alternatives":["tech.surface_silver_collection"]}],"missing_required":["tech.surface_silver_collection","tech.ground_stone_tools"],"technology":"tech.silver_vein_identification"}
   at: push_error (core/variant/variant_utility.cpp:1024)
   GDScript backtrace (most recent call first):
       [0] _init (res://tests/technology_unlock_closure_audit_test.gd:26)
ERROR: {"building":"sharecrop_paddy","missing_dependencies":[{"id":"adobe_brick","kind":"construction_good","technology_alternatives":["tech.adobe_making"]},{"id":"reed_bundle","kind":"construction_good","technology_alternatives":["tech.reed_harvesting"]}],"missing_required":["tech.rice_water_control","tech.sharecropping","tech.paddy_bunding"],"technology":"tech.tenant_paddy_management"}
   at: push_error (core/variant/variant_utility.cpp:1024)
   GDScript backtrace (most recent call first):
       [0] _init (res://tests/technology_unlock_closure_audit_test.gd:26)
ERROR: {"building":"silica_sand_collector","missing_dependencies":[{"id":"lumber","kind":"construction_good","technology_alternatives":["tech.timber_sawing"]},{"id":"bricks","kind":"construction_good","technology_alternatives":["tech.clay_preparation"]},{"id":"construction_components","kind":"construction_good","technology_alternatives":["tech.adobe_making"]},{"id":"steel","kind":"construction_good","technology_alternatives":["tech.blast_furnace","tech.coke_smelting","tech.advanced_metallurgy"]},{"id":"silica_sand","kind":"output_good","technology_alternatives":["tech.early_glassmaking"]},{"id":"silica_sand","kind":"natural_resource","technology_alternatives":["tech.natural_observation"]}],"missing_required":["tech.deep_mining","tech.mine_drainage"],"technology":"tech.geological_prospecting"}
   at: push_error (core/variant/variant_utility.cpp:1024)
   GDScript backtrace (most recent call first):
       [0] _init (res://tests/technology_unlock_closure_audit_test.gd:26)
ERROR: {"building":"silver_fire_assay_hearth","missing_dependencies":[{"id":"raw_stone","kind":"construction_good","technology_alternatives":["tech.ground_stone_tools"]},{"id":"silver_ore","kind":"input_good","technology_alternatives":["tech.surface_silver_collection"]},{"id":"charcoal","kind":"input_good","technology_alternatives":["tech.charcoal_burning"]},{"id":"silver","kind":"output_good","technology_alternatives":["tech.surface_silver_collection"]}],"missing_required":["tech.surface_silver_collection","tech.fire_control"],"technology":"tech.weights_and_measures"}
   at: push_error (core/variant/variant_utility.cpp:1024)
   GDScript backtrace (most recent call first):
       [0] _init (res://tests/technology_unlock_closure_audit_test.gd:26)
ERROR: {"building":"silver_mine","missing_dependencies":[{"id":"lumber","kind":"construction_good","technology_alternatives":["tech.timber_sawing"]},{"id":"bricks","kind":"construction_good","technology_alternatives":["tech.clay_preparation"]},{"id":"construction_components","kind":"construction_good","technology_alternatives":["tech.adobe_making"]},{"id":"steel","kind":"construction_good","technology_alternatives":["tech.blast_furnace","tech.coke_smelting","tech.advanced_metallurgy"]},{"id":"silver","kind":"output_good","technology_alternatives":["tech.surface_silver_collection"]},{"id":"silver_ore","kind":"natural_resource","technology_alternatives":["tech.surface_silver_collection"]}],"missing_required":["tech.deep_mining"],"technology":"tech.shaft_sinking"}
   at: push_error (core/variant/variant_utility.cpp:1024)
   GDScript backtrace (most recent call first):
       [0] _init (res://tests/technology_unlock_closure_audit_test.gd:26)
ERROR: {"building":"slaughterhouse","missing_dependencies":[{"id":"logs","kind":"construction_good","technology_alternatives":["tech.deadwood_collection"]},{"id":"raw_stone","kind":"construction_good","technology_alternatives":["tech.ground_stone_tools"]},{"id":"raw_hide","kind":"output_good","technology_alternatives":["tech.hunting"]}],"missing_required":[],"technology":"tech.meat_processing"}
   at: push_error (core/variant/variant_utility.cpp:1024)
   GDScript backtrace (most recent call first):
       [0] _init (res://tests/technology_unlock_closure_audit_test.gd:26)
ERROR: {"building":"small_game_trapline","missing_dependencies":[{"id":"fur","kind":"output_good","technology_alternatives":["tech.fur_sewing"]}],"missing_required":[],"technology":"tech.animal_tracking"}
   at: push_error (core/variant/variant_utility.cpp:1024)
   GDScript backtrace (most recent call first):
       [0] _init (res://tests/technology_unlock_closure_audit_test.gd:26)
ERROR: {"building":"smart_water_network","missing_dependencies":[{"id":"construction_components","kind":"construction_good","technology_alternatives":["tech.adobe_making"]},{"id":"steel","kind":"construction_good","technology_alternatives":["tech.blast_furnace","tech.coke_smelting","tech.advanced_metallurgy"]},{"id":"concrete","kind":"construction_good","technology_alternatives":["tech.synthetic_materials"]},{"id":"advanced_chips","kind":"construction_good","technology_alternatives":["tech.semiconductor_manufacturing"]},{"id":"computers","kind":"input_good","technology_alternatives":["tech.digital_computing"]},{"id":"autonomous_systems","kind":"input_good","technology_alternatives":["tech.autonomous_systems"]},{"id":"technology_points","kind":"input_good","technology_alternatives":["tech.oral_memory_practice","tech.phenology_observation","tech.flood_calendar_practice","tech.pastoral_route_memory","tech.tide_observation"]},{"id":"technology_points","kind":"output_good","technology_alternatives":["tech.oral_memory_practice","tech.phenology_observation","tech.flood_calendar_practice","tech.pastoral_route_memory","tech.tide_observation"]}],"missing_required":["tech.smart_grid","tech.autonomous_systems"],"technology":"tech.algorithmic_governance"}
   at: push_error (core/variant/variant_utility.cpp:1024)
   GDScript backtrace (most recent call first):
       [0] _init (res://tests/technology_unlock_closure_audit_test.gd:26)
ERROR: {"building":"soap_plant","missing_dependencies":[{"id":"lumber","kind":"construction_good","technology_alternatives":["tech.timber_sawing"]},{"id":"bricks","kind":"construction_good","technology_alternatives":["tech.clay_preparation"]},{"id":"construction_components","kind":"construction_good","technology_alternatives":["tech.adobe_making"]},{"id":"edible_oil","kind":"input_good","technology_alternatives":["tech.crop_rotation","tech.herd_management"]},{"id":"tools","kind":"input_good","technology_alternatives":["tech.bronze_casting","tech.precision_engineering","tech.surface_iron_collection","tech.machine_tools","tech.crucible_steel"]}],"missing_required":[],"technology":"tech.urban_sanitation"}
   at: push_error (core/variant/variant_utility.cpp:1024)
   GDScript backtrace (most recent call first):
       [0] _init (res://tests/technology_unlock_closure_audit_test.gd:26)
ERROR: {"building":"solar_salt_pan","missing_dependencies":[{"id":"adobe_brick","kind":"construction_good","technology_alternatives":["tech.adobe_making"]}],"missing_required":[],"technology":"tech.salt_preservation"}
   at: push_error (core/variant/variant_utility.cpp:1024)
   GDScript backtrace (most recent call first):
       [0] _init (res://tests/technology_unlock_closure_audit_test.gd:26)
ERROR: {"building":"spice_plants_collector","missing_dependencies":[{"id":"lumber","kind":"construction_good","technology_alternatives":["tech.timber_sawing"]},{"id":"bricks","kind":"construction_good","technology_alternatives":["tech.clay_preparation"]},{"id":"construction_components","kind":"construction_good","technology_alternatives":["tech.adobe_making"]},{"id":"fertile_soil","kind":"natural_resource","technology_alternatives":["tech.gathering","tech.rainfed_field_system"]}],"missing_required":["tech.indentured_contracts","tech.commodity_crop_management"],"technology":"tech.estate_plantation_management"}
   at: push_error (core/variant/variant_utility.cpp:1024)
   GDScript backtrace (most recent call first):
       [0] _init (res://tests/technology_unlock_closure_audit_test.gd:26)
ERROR: {"building":"spice_shade_garden","missing_dependencies":[{"id":"logs","kind":"construction_good","technology_alternatives":["tech.deadwood_collection"]},{"id":"bast_fiber","kind":"construction_good","technology_alternatives":["tech.wild_flax_collection"]},{"id":"fertile_soil","kind":"natural_resource","technology_alternatives":["tech.gathering","tech.rainfed_field_system"]}],"missing_required":["tech.crop_domestication","tech.household_production"],"technology":"tech.spice_shade_gardening"}
   at: push_error (core/variant/variant_utility.cpp:1024)
   GDScript backtrace (most recent call first):
       [0] _init (res://tests/technology_unlock_closure_audit_test.gd:26)
ERROR: {"building":"stainless_steel_plant","missing_dependencies":[{"id":"construction_components","kind":"construction_good","technology_alternatives":["tech.adobe_making"]},{"id":"concrete","kind":"construction_good","technology_alternatives":["tech.synthetic_materials"]},{"id":"glass","kind":"construction_good","technology_alternatives":["tech.early_glassmaking"]},{"id":"rare_earth_metals","kind":"input_good","technology_alternatives":["tech.systems_engineering"]},{"id":"electricity","kind":"input_good","technology_alternatives":["tech.electric_generation"]},{"id":"industrial_machinery","kind":"input_good","technology_alternatives":["tech.factory_system"]}],"missing_required":[],"technology":"tech.specialty_alloys"}
   at: push_error (core/variant/variant_utility.cpp:1024)
   GDScript backtrace (most recent call first):
       [0] _init (res://tests/technology_unlock_closure_audit_test.gd:26)
ERROR: {"building":"staple_food_plant","missing_dependencies":[{"id":"lumber","kind":"construction_good","technology_alternatives":["tech.timber_sawing"]},{"id":"bricks","kind":"construction_good","technology_alternatives":["tech.clay_preparation"]},{"id":"construction_components","kind":"construction_good","technology_alternatives":["tech.adobe_making"]},{"id":"steel","kind":"construction_good","technology_alternatives":["tech.blast_furnace","tech.coke_smelting","tech.advanced_metallurgy"]},{"id":"grain","kind":"input_good","technology_alternatives":["tech.wild_maize_collection","tech.maize_garden_horticulture","tech.household_landholding","tech.wild_tuber_collection","tech.potato_propagation","tech.wild_rice_collection","tech.wetland_rice_gardening","tech.rice_paddy_cultivation","tech.wild_wheat_collection","tech.rainfed_wheat_cultivation"]},{"id":"packaging","kind":"input_good","technology_alternatives":["tech.screw_press_printing"]},{"id":"tools","kind":"input_good","technology_alternatives":["tech.precision_engineering","tech.surface_iron_collection","tech.machine_tools","tech.crucible_steel"]},{"id":"prepared_staples","kind":"output_good","technology_alternatives":["tech.hearth_preservation"]}],"missing_required":["tech.factory_system","tech.industrial_quality_control"],"technology":"tech.mass_production"}
   at: push_error (core/variant/variant_utility.cpp:1024)
   GDScript backtrace (most recent call first):
       [0] _init (res://tests/technology_unlock_closure_audit_test.gd:26)
ERROR: {"building":"staple_kitchen","missing_dependencies":[{"id":"logs","kind":"construction_good","technology_alternatives":["tech.deadwood_collection"]},{"id":"raw_stone","kind":"construction_good","technology_alternatives":["tech.ground_stone_tools"]},{"id":"grain","kind":"input_good","technology_alternatives":["tech.wild_maize_collection","tech.maize_garden_horticulture","tech.household_landholding","tech.wild_tuber_collection","tech.potato_propagation","tech.wild_rice_collection","tech.wetland_rice_gardening","tech.rice_paddy_cultivation","tech.wild_wheat_collection","tech.rainfed_wheat_cultivation"]}],"missing_required":[],"technology":"tech.hearth_preservation"}
   at: push_error (core/variant/variant_utility.cpp:1024)
   GDScript backtrace (most recent call first):
       [0] _init (res://tests/technology_unlock_closure_audit_test.gd:26)
ERROR: {"building":"steam_coal_mine","missing_dependencies":[{"id":"lumber","kind":"construction_good","technology_alternatives":["tech.timber_sawing"]},{"id":"bricks","kind":"construction_good","technology_alternatives":["tech.clay_preparation"]},{"id":"construction_components","kind":"construction_good","technology_alternatives":["tech.adobe_making"]},{"id":"coal","kind":"output_good","technology_alternatives":["tech.surface_coal_use","tech.coal_mining","tech.industrial_coal_mining"]},{"id":"coal","kind":"natural_resource","technology_alternatives":["tech.coal_outcrop_identification"]}],"missing_required":[],"technology":"tech.steam_pumping"}
   at: push_error (core/variant/variant_utility.cpp:1024)
   GDScript backtrace (most recent call first):
       [0] _init (res://tests/technology_unlock_closure_audit_test.gd:26)
ERROR: {"building":"steam_engine_works","missing_dependencies":[{"id":"lumber","kind":"construction_good","technology_alternatives":["tech.timber_sawing"]},{"id":"bricks","kind":"construction_good","technology_alternatives":["tech.clay_preparation"]},{"id":"construction_components","kind":"construction_good","technology_alternatives":["tech.adobe_making"]},{"id":"steel","kind":"construction_good","technology_alternatives":["tech.blast_furnace","tech.coke_smelting","tech.advanced_metallurgy"]},{"id":"coke","kind":"input_good","technology_alternatives":["tech.coke_smelting"]},{"id":"steel","kind":"input_good","technology_alternatives":["tech.blast_furnace","tech.coke_smelting","tech.advanced_metallurgy"]},{"id":"precision_tools","kind":"input_good","technology_alternatives":["tech.precision_engineering"]},{"id":"technology_points","kind":"input_good","technology_alternatives":["tech.oral_memory_practice","tech.phenology_observation","tech.flood_calendar_practice","tech.pastoral_route_memory","tech.tide_observation"]}],"missing_required":[],"technology":"tech.steam_power"}
   at: push_error (core/variant/variant_utility.cpp:1024)
   GDScript backtrace (most recent call first):
       [0] _init (res://tests/technology_unlock_closure_audit_test.gd:26)
ERROR: {"building":"steam_iron_mine","missing_dependencies":[{"id":"lumber","kind":"construction_good","technology_alternatives":["tech.timber_sawing"]},{"id":"bricks","kind":"construction_good","technology_alternatives":["tech.clay_preparation"]},{"id":"construction_components","kind":"construction_good","technology_alternatives":["tech.adobe_making"]},{"id":"steel","kind":"construction_good","technology_alternatives":["tech.blast_furnace","tech.coke_smelting","tech.advanced_metallurgy"]},{"id":"iron_ore","kind":"output_good","technology_alternatives":["tech.iron_ore_identification"]},{"id":"iron_ore","kind":"natural_resource","technology_alternatives":["tech.iron_ore_identification"]}],"missing_required":[],"technology":"tech.steam_pumping"}
   at: push_error (core/variant/variant_utility.cpp:1024)
   GDScript backtrace (most recent call first):
       [0] _init (res://tests/technology_unlock_closure_audit_test.gd:26)
ERROR: {"building":"steam_rail_works","missing_dependencies":[{"id":"lumber","kind":"construction_good","technology_alternatives":["tech.timber_sawing"]},{"id":"bricks","kind":"construction_good","technology_alternatives":["tech.clay_preparation"]},{"id":"construction_components","kind":"construction_good","technology_alternatives":["tech.adobe_making"]},{"id":"steel","kind":"construction_good","technology_alternatives":["tech.blast_furnace","tech.coke_smelting","tech.advanced_metallurgy"]},{"id":"steel","kind":"input_good","technology_alternatives":["tech.blast_furnace","tech.coke_smelting","tech.advanced_metallurgy"]},{"id":"steam_engines","kind":"input_good","technology_alternatives":["tech.atmospheric_engine","tech.steam_power"]},{"id":"tools","kind":"input_good","technology_alternatives":["tech.precision_engineering","tech.surface_iron_collection","tech.machine_tools","tech.crucible_steel"]}],"missing_required":[],"technology":"tech.rail_logistics"}
   at: push_error (core/variant/variant_utility.cpp:1024)
   GDScript backtrace (most recent call first):
       [0] _init (res://tests/technology_unlock_closure_audit_test.gd:26)
ERROR: {"building":"steam_steel_works","missing_dependencies":[{"id":"lumber","kind":"construction_good","technology_alternatives":["tech.timber_sawing"]},{"id":"bricks","kind":"construction_good","technology_alternatives":["tech.clay_preparation"]},{"id":"construction_components","kind":"construction_good","technology_alternatives":["tech.adobe_making"]},{"id":"iron_ore","kind":"input_good","technology_alternatives":["tech.iron_ore_identification"]},{"id":"coke","kind":"input_good","technology_alternatives":["tech.coke_smelting"]},{"id":"tools","kind":"input_good","technology_alternatives":["tech.precision_engineering","tech.surface_iron_collection","tech.machine_tools","tech.crucible_steel"]}],"missing_required":[],"technology":"tech.blast_furnace"}
   at: push_error (core/variant/variant_utility.cpp:1024)
   GDScript backtrace (most recent call first):
       [0] _init (res://tests/technology_unlock_closure_audit_test.gd:26)
ERROR: {"building":"steel_plant","missing_dependencies":[{"id":"construction_components","kind":"construction_good","technology_alternatives":["tech.adobe_making"]},{"id":"iron_ore","kind":"input_good","technology_alternatives":["tech.iron_ore_identification"]},{"id":"electricity","kind":"input_good","technology_alternatives":["tech.electric_generation"]},{"id":"industrial_machinery","kind":"input_good","technology_alternatives":["tech.factory_system"]}],"missing_required":[],"technology":"tech.coke_smelting"}
   at: push_error (core/variant/variant_utility.cpp:1024)
   GDScript backtrace (most recent call first):
       [0] _init (res://tests/technology_unlock_closure_audit_test.gd:26)
ERROR: {"building":"stone_age_hunting_camp","missing_dependencies":[{"id":"logs","kind":"construction_good","technology_alternatives":["tech.deadwood_collection"]},{"id":"gathered_plants","kind":"construction_good","technology_alternatives":["tech.gathering"]}],"missing_required":[],"technology":"tech.hunting"}
   at: push_error (core/variant/variant_utility.cpp:1024)
   GDScript backtrace (most recent call first):
       [0] _init (res://tests/technology_unlock_closure_audit_test.gd:26)
ERROR: {"building":"stone_collector","missing_dependencies":[{"id":"logs","kind":"construction_good","technology_alternatives":["tech.deadwood_collection"]},{"id":"gathered_plants","kind":"construction_good","technology_alternatives":["tech.gathering"]}],"missing_required":[],"technology":"tech.ground_stone_tools"}
   at: push_error (core/variant/variant_utility.cpp:1024)
   GDScript backtrace (most recent call first):
       [0] _init (res://tests/technology_unlock_closure_audit_test.gd:26)
ERROR: {"building":"subsistence_farm","missing_dependencies":[{"id":"logs","kind":"construction_good","technology_alternatives":["tech.deadwood_collection"]},{"id":"raw_stone","kind":"construction_good","technology_alternatives":["tech.ground_stone_tools"]},{"id":"arable_land","kind":"natural_resource","technology_alternatives":["tech.rainfed_field_system"]},{"id":"fertile_soil","kind":"natural_resource","technology_alternatives":["tech.gathering","tech.rainfed_field_system"]}],"missing_required":["tech.crop_domestication","tech.rainfed_field_system","tech.household_production"],"technology":"tech.household_landholding"}
   at: push_error (core/variant/variant_utility.cpp:1024)
   GDScript backtrace (most recent call first):
       [0] _init (res://tests/technology_unlock_closure_audit_test.gd:26)
ERROR: {"building":"sulfur_collector","missing_dependencies":[{"id":"lumber","kind":"construction_good","technology_alternatives":["tech.timber_sawing"]},{"id":"bricks","kind":"construction_good","technology_alternatives":["tech.clay_preparation"]},{"id":"construction_components","kind":"construction_good","technology_alternatives":["tech.adobe_making"]},{"id":"tools","kind":"input_good","technology_alternatives":["tech.precision_engineering","tech.surface_iron_collection","tech.machine_tools","tech.crucible_steel"]},{"id":"sulfur","kind":"output_good","technology_alternatives":["tech.gunpowder_weapons"]},{"id":"sulfur","kind":"natural_resource","technology_alternatives":["tech.industrial_chemistry"]}],"missing_required":[],"technology":"tech.gunpowder_formulation"}
   at: push_error (core/variant/variant_utility.cpp:1024)
   GDScript backtrace (most recent call first):
       [0] _init (res://tests/technology_unlock_closure_audit_test.gd:26)
ERROR: {"building":"surface_coal_gathering","missing_dependencies":[{"id":"logs","kind":"construction_good","technology_alternatives":["tech.deadwood_collection"]},{"id":"raw_stone","kind":"construction_good","technology_alternatives":["tech.ground_stone_tools"]},{"id":"coal","kind":"output_good","technology_alternatives":["tech.surface_coal_use","tech.coal_mining","tech.industrial_coal_mining"]}],"missing_required":["tech.ground_stone_tools"],"technology":"tech.surface_coal_collection"}
   at: push_error (core/variant/variant_utility.cpp:1024)
   GDScript backtrace (most recent call first):
       [0] _init (res://tests/technology_unlock_closure_audit_test.gd:26)
ERROR: {"building":"swidden_maize_plot","missing_dependencies":[{"id":"fertile_soil","kind":"natural_resource","technology_alternatives":["tech.gathering","tech.rainfed_field_system"]},{"id":"timber","kind":"natural_resource","technology_alternatives":["tech.deadwood_collection"]}],"missing_required":["tech.maize_propagation","tech.controlled_burning"],"technology":"tech.swidden_maize_cultivation"}
   at: push_error (core/variant/variant_utility.cpp:1024)
   GDScript backtrace (most recent call first):
       [0] _init (res://tests/technology_unlock_closure_audit_test.gd:26)
ERROR: {"building":"synthetic_fiber_plant","missing_dependencies":[{"id":"construction_components","kind":"construction_good","technology_alternatives":["tech.adobe_making"]},{"id":"steel","kind":"construction_good","technology_alternatives":["tech.blast_furnace","tech.coke_smelting","tech.advanced_metallurgy"]},{"id":"concrete","kind":"construction_good","technology_alternatives":["tech.synthetic_materials"]},{"id":"glass","kind":"construction_good","technology_alternatives":["tech.early_glassmaking"]},{"id":"petrochemicals","kind":"input_good","technology_alternatives":["tech.petrochemical_industry"]},{"id":"tools","kind":"input_good","technology_alternatives":["tech.precision_engineering","tech.surface_iron_collection","tech.machine_tools","tech.crucible_steel"]},{"id":"electricity","kind":"input_good","technology_alternatives":["tech.electric_generation"]},{"id":"industrial_machinery","kind":"input_good","technology_alternatives":["tech.factory_system"]}],"missing_required":[],"technology":"tech.synthetic_fiber_engineering"}
   at: push_error (core/variant/variant_utility.cpp:1024)
   GDScript backtrace (most recent call first):
       [0] _init (res://tests/technology_unlock_closure_audit_test.gd:26)
ERROR: {"building":"synthetic_rubber_plant","missing_dependencies":[{"id":"construction_components","kind":"construction_good","technology_alternatives":["tech.adobe_making"]},{"id":"steel","kind":"construction_good","technology_alternatives":["tech.blast_furnace","tech.coke_smelting","tech.advanced_metallurgy"]},{"id":"glass","kind":"construction_good","technology_alternatives":["tech.early_glassmaking"]},{"id":"petrochemicals","kind":"input_good","technology_alternatives":["tech.petrochemical_industry"]},{"id":"sulfur","kind":"input_good","technology_alternatives":["tech.gunpowder_weapons"]},{"id":"tools","kind":"input_good","technology_alternatives":["tech.precision_engineering","tech.surface_iron_collection","tech.machine_tools","tech.crucible_steel"]},{"id":"electricity","kind":"input_good","technology_alternatives":["tech.electric_generation"]},{"id":"industrial_machinery","kind":"input_good","technology_alternatives":["tech.factory_system"]}],"missing_required":[],"technology":"tech.synthetic_materials"}
   at: push_error (core/variant/variant_utility.cpp:1024)
   GDScript backtrace (most recent call first):
       [0] _init (res://tests/technology_unlock_closure_audit_test.gd:26)
ERROR: {"building":"synthetic_textile_mill","missing_dependencies":[{"id":"construction_components","kind":"construction_good","technology_alternatives":["tech.adobe_making"]},{"id":"steel","kind":"construction_good","technology_alternatives":["tech.blast_furnace","tech.coke_smelting","tech.advanced_metallurgy"]},{"id":"concrete","kind":"construction_good","technology_alternatives":["tech.synthetic_materials"]},{"id":"glass","kind":"construction_good","technology_alternatives":["tech.early_glassmaking"]},{"id":"electricity","kind":"input_good","technology_alternatives":["tech.electric_generation"]},{"id":"tools","kind":"input_good","technology_alternatives":["tech.precision_engineering","tech.surface_iron_collection","tech.machine_tools","tech.crucible_steel"]},{"id":"industrial_machinery","kind":"input_good","technology_alternatives":["tech.factory_system"]}],"missing_required":[],"technology":"tech.synthetic_fiber_engineering"}
   at: push_error (core/variant/variant_utility.cpp:1024)
   GDScript backtrace (most recent call first):
       [0] _init (res://tests/technology_unlock_closure_audit_test.gd:26)
ERROR: {"building":"tailor_shop","missing_dependencies":[{"id":"lumber","kind":"construction_good","technology_alternatives":["tech.timber_sawing"]},{"id":"bricks","kind":"construction_good","technology_alternatives":["tech.clay_preparation"]},{"id":"construction_components","kind":"construction_good","technology_alternatives":["tech.adobe_making"]},{"id":"cloth","kind":"input_good","technology_alternatives":["tech.fiber_twisting","tech.weaving"]},{"id":"tools","kind":"input_good","technology_alternatives":["tech.bronze_casting","tech.precision_engineering","tech.surface_iron_collection","tech.machine_tools","tech.crucible_steel"]}],"missing_required":[],"technology":"tech.guild_organization"}
   at: push_error (core/variant/variant_utility.cpp:1024)
   GDScript backtrace (most recent call first):
       [0] _init (res://tests/technology_unlock_closure_audit_test.gd:26)
ERROR: {"building":"tannery","missing_dependencies":[{"id":"logs","kind":"construction_good","technology_alternatives":["tech.deadwood_collection"]},{"id":"raw_stone","kind":"construction_good","technology_alternatives":["tech.ground_stone_tools"]},{"id":"raw_hide","kind":"input_good","technology_alternatives":["tech.hunting"]},{"id":"tools","kind":"input_good","technology_alternatives":["tech.bronze_casting","tech.precision_engineering","tech.surface_iron_collection","tech.machine_tools","tech.crucible_steel"]}],"missing_required":[],"technology":"tech.hide_tanning"}
   at: push_error (core/variant/variant_utility.cpp:1024)
   GDScript backtrace (most recent call first):
       [0] _init (res://tests/technology_unlock_closure_audit_test.gd:26)
ERROR: {"building":"telecom_equipment_plant","missing_dependencies":[{"id":"construction_components","kind":"construction_good","technology_alternatives":["tech.adobe_making"]},{"id":"steel","kind":"construction_good","technology_alternatives":["tech.blast_furnace","tech.coke_smelting","tech.advanced_metallurgy"]},{"id":"concrete","kind":"construction_good","technology_alternatives":["tech.synthetic_materials"]},{"id":"glass","kind":"construction_good","technology_alternatives":["tech.early_glassmaking"]},{"id":"semiconductors","kind":"input_good","technology_alternatives":["tech.semiconductor_manufacturing"]},{"id":"electronic_components","kind":"input_good","technology_alternatives":["tech.radio"]},{"id":"wire","kind":"input_good","technology_alternatives":["tech.electromagnetic_induction"]},{"id":"batteries","kind":"input_good","technology_alternatives":["tech.electronic_control"]},{"id":"plastics","kind":"input_good","technology_alternatives":["tech.plastics_engineering"]},{"id":"tools","kind":"input_good","technology_alternatives":["tech.precision_engineering"]},{"id":"electricity","kind":"input_good","technology_alternatives":["tech.electric_generation"]},{"id":"industrial_machinery","kind":"input_good","technology_alternatives":["tech.factory_system"]},{"id":"technology_points","kind":"input_good","technology_alternatives":["tech.oral_memory_practice","tech.phenology_observation","tech.flood_calendar_practice","tech.pastoral_route_memory","tech.tide_observation"]}],"missing_required":[],"technology":"tech.networked_computing"}
   at: push_error (core/variant/variant_utility.cpp:1024)
   GDScript backtrace (most recent call first):
       [0] _init (res://tests/technology_unlock_closure_audit_test.gd:26)
ERROR: {"building":"tenant_paddy","missing_dependencies":[{"id":"adobe_brick","kind":"construction_good","technology_alternatives":["tech.adobe_making"]},{"id":"reed_bundle","kind":"construction_good","technology_alternatives":["tech.reed_harvesting"]}],"missing_required":["tech.rice_water_control","tech.customary_tenancy","tech.paddy_bunding"],"technology":"tech.tenant_paddy_management"}
   at: push_error (core/variant/variant_utility.cpp:1024)
   GDScript backtrace (most recent call first):
       [0] _init (res://tests/technology_unlock_closure_audit_test.gd:26)
ERROR: {"building":"tenant_rainfed_maize_field","missing_dependencies":[{"id":"adobe_brick","kind":"construction_good","technology_alternatives":["tech.adobe_making"]},{"id":"logs","kind":"construction_good","technology_alternatives":["tech.deadwood_collection"]},{"id":"corn_grain","kind":"output_good","technology_alternatives":["tech.wild_maize_collection","tech.maize_garden_horticulture"]},{"id":"arable_land","kind":"natural_resource","technology_alternatives":["tech.rainfed_field_system"]},{"id":"fertile_soil","kind":"natural_resource","technology_alternatives":["tech.gathering","tech.rainfed_field_system"]}],"missing_required":["tech.maize_propagation","tech.rainfed_field_system","tech.customary_tenancy"],"technology":"tech.tenant_cereal_farming"}
   at: push_error (core/variant/variant_utility.cpp:1024)
   GDScript backtrace (most recent call first):
       [0] _init (res://tests/technology_unlock_closure_audit_test.gd:26)
ERROR: {"building":"tenant_rainfed_wheat_field","missing_dependencies":[{"id":"adobe_brick","kind":"construction_good","technology_alternatives":["tech.adobe_making"]},{"id":"logs","kind":"construction_good","technology_alternatives":["tech.deadwood_collection"]},{"id":"wheat_grain","kind":"output_good","technology_alternatives":["tech.wild_wheat_collection","tech.rainfed_wheat_cultivation"]},{"id":"arable_land","kind":"natural_resource","technology_alternatives":["tech.rainfed_field_system"]}],"missing_required":["tech.wheat_propagation","tech.rainfed_field_system","tech.customary_tenancy"],"technology":"tech.tenant_cereal_farming"}
   at: push_error (core/variant/variant_utility.cpp:1024)
   GDScript backtrace (most recent call first):
       [0] _init (res://tests/technology_unlock_closure_audit_test.gd:26)
ERROR: {"building":"textile_mill","missing_dependencies":[{"id":"lumber","kind":"construction_good","technology_alternatives":["tech.timber_sawing"]},{"id":"bricks","kind":"construction_good","technology_alternatives":["tech.clay_preparation"]},{"id":"construction_components","kind":"construction_good","technology_alternatives":["tech.adobe_making"]},{"id":"steel","kind":"construction_good","technology_alternatives":["tech.blast_furnace","tech.coke_smelting","tech.advanced_metallurgy"]},{"id":"flax_fiber","kind":"input_good","technology_alternatives":["tech.wild_flax_collection","tech.cotton_ginning","tech.cotton_gardening","tech.flax_retting","tech.wool_husbandry"]},{"id":"coal","kind":"input_good","technology_alternatives":["tech.surface_coal_use","tech.coal_mining","tech.industrial_coal_mining"]},{"id":"tools","kind":"input_good","technology_alternatives":["tech.precision_engineering","tech.surface_iron_collection","tech.machine_tools","tech.crucible_steel"]}],"missing_required":[],"technology":"tech.textile_machinery"}
   at: push_error (core/variant/variant_utility.cpp:1024)
   GDScript backtrace (most recent call first):
       [0] _init (res://tests/technology_unlock_closure_audit_test.gd:26)
ERROR: {"building":"three_field_smallholding","missing_dependencies":[{"id":"lumber","kind":"construction_good","technology_alternatives":["tech.timber_sawing"]},{"id":"bricks","kind":"construction_good","technology_alternatives":["tech.clay_preparation"]},{"id":"construction_components","kind":"construction_good","technology_alternatives":["tech.adobe_making"]},{"id":"grain","kind":"output_good","technology_alternatives":["tech.household_landholding"]},{"id":"vegetables","kind":"output_good","technology_alternatives":["tech.household_landholding"]},{"id":"arable_land","kind":"natural_resource","technology_alternatives":["tech.rainfed_field_system"]},{"id":"fertile_soil","kind":"natural_resource","technology_alternatives":["tech.gathering","tech.rainfed_field_system"]}],"missing_required":[],"technology":"tech.intensive_crop_rotation"}
   at: push_error (core/variant/variant_utility.cpp:1024)
   GDScript backtrace (most recent call first):
       [0] _init (res://tests/technology_unlock_closure_audit_test.gd:26)
ERROR: {"building":"tide_observation_hut","missing_dependencies":[{"id":"reed_bundle","kind":"construction_good","technology_alternatives":["tech.reed_harvesting"]}],"missing_required":[],"technology":"tech.tide_observation"}
   at: push_error (core/variant/variant_utility.cpp:1024)
   GDScript backtrace (most recent call first):
       [0] _init (res://tests/technology_unlock_closure_audit_test.gd:26)
ERROR: {"building":"timber_collector","missing_dependencies":[{"id":"gathered_plants","kind":"construction_good","technology_alternatives":["tech.gathering"]},{"id":"tools","kind":"input_good","technology_alternatives":["tech.bronze_casting","tech.stone_knapping","tech.precision_engineering","tech.surface_iron_collection","tech.machine_tools","tech.crucible_steel"]}],"missing_required":[],"technology":"tech.deadwood_collection"}
   at: push_error (core/variant/variant_utility.cpp:1024)
   GDScript backtrace (most recent call first):
       [0] _init (res://tests/technology_unlock_closure_audit_test.gd:26)
ERROR: {"building":"tin_ore_collector","missing_dependencies":[{"id":"logs","kind":"construction_good","technology_alternatives":["tech.deadwood_collection"]},{"id":"raw_stone","kind":"construction_good","technology_alternatives":["tech.ground_stone_tools"]},{"id":"bricks","kind":"construction_good","technology_alternatives":["tech.clay_preparation"]},{"id":"tools","kind":"input_good","technology_alternatives":["tech.bronze_casting","tech.precision_engineering","tech.surface_iron_collection","tech.machine_tools","tech.crucible_steel"]},{"id":"tin_ore","kind":"output_good","technology_alternatives":["tech.tin_identification"]},{"id":"tin_ore","kind":"natural_resource","technology_alternatives":["tech.tin_identification"]}],"missing_required":["tech.tin_identification","tech.bronze_casting","tech.kiln_firing"],"technology":"tech.mine_drainage"}
   at: push_error (core/variant/variant_utility.cpp:1024)
   GDScript backtrace (most recent call first):
       [0] _init (res://tests/technology_unlock_closure_audit_test.gd:26)
ERROR: {"building":"tin_plant","missing_dependencies":[{"id":"lumber","kind":"construction_good","technology_alternatives":["tech.timber_sawing"]},{"id":"bricks","kind":"construction_good","technology_alternatives":["tech.clay_preparation"]},{"id":"construction_components","kind":"construction_good","technology_alternatives":["tech.adobe_making"]},{"id":"tin_ore","kind":"input_good","technology_alternatives":["tech.tin_identification"]}],"missing_required":[],"technology":"tech.advanced_metallurgy"}
   at: push_error (core/variant/variant_utility.cpp:1024)
   GDScript backtrace (most recent call first):
       [0] _init (res://tests/technology_unlock_closure_audit_test.gd:26)
ERROR: {"building":"tools_plant","missing_dependencies":[{"id":"lumber","kind":"construction_good","technology_alternatives":["tech.timber_sawing"]},{"id":"bricks","kind":"construction_good","technology_alternatives":["tech.clay_preparation"]},{"id":"construction_components","kind":"construction_good","technology_alternatives":["tech.adobe_making"]},{"id":"steel","kind":"construction_good","technology_alternatives":["tech.blast_furnace","tech.coke_smelting","tech.advanced_metallurgy"]},{"id":"steel","kind":"input_good","technology_alternatives":["tech.specialty_alloys","tech.blast_furnace","tech.coke_smelting","tech.advanced_metallurgy"]},{"id":"lumber","kind":"input_good","technology_alternatives":["tech.timber_sawing","tech.plastics_engineering"]}],"missing_required":[],"technology":"tech.machine_tools"}
   at: push_error (core/variant/variant_utility.cpp:1024)
   GDScript backtrace (most recent call first):
       [0] _init (res://tests/technology_unlock_closure_audit_test.gd:26)
ERROR: {"building":"upland_rice_plot","missing_dependencies":[{"id":"arable_land","kind":"natural_resource","technology_alternatives":["tech.rainfed_field_system"]}],"missing_required":["tech.rice_seed_saving","tech.rainfed_field_system"],"technology":"tech.upland_rice_propagation"}
   at: push_error (core/variant/variant_utility.cpp:1024)
   GDScript backtrace (most recent call first):
       [0] _init (res://tests/technology_unlock_closure_audit_test.gd:26)
ERROR: {"building":"watershed_governance_center","missing_dependencies":[{"id":"construction_components","kind":"construction_good","technology_alternatives":["tech.adobe_making"]},{"id":"steel","kind":"construction_good","technology_alternatives":["tech.blast_furnace","tech.coke_smelting","tech.advanced_metallurgy"]},{"id":"concrete","kind":"construction_good","technology_alternatives":["tech.synthetic_materials"]},{"id":"glass","kind":"construction_good","technology_alternatives":["tech.early_glassmaking"]},{"id":"scientific_instruments","kind":"input_good","technology_alternatives":["tech.industrial_research"]},{"id":"computers","kind":"input_good","technology_alternatives":["tech.digital_computing"]},{"id":"technology_points","kind":"output_good","technology_alternatives":["tech.oral_memory_practice","tech.phenology_observation","tech.flood_calendar_practice","tech.pastoral_route_memory","tech.tide_observation"]}],"missing_required":["tech.geographic_information_systems"],"technology":"tech.hydrological_remote_sensing"}
   at: push_error (core/variant/variant_utility.cpp:1024)
   GDScript backtrace (most recent call first):
       [0] _init (res://tests/technology_unlock_closure_audit_test.gd:26)
ERROR: {"building":"wetland_rice_garden","missing_dependencies":[{"id":"paddy_land","kind":"natural_resource","technology_alternatives":["tech.reed_harvesting","tech.rice_paddy_cultivation"]}],"missing_required":["tech.rice_seed_saving","tech.irrigation"],"technology":"tech.wetland_rice_gardening"}
   at: push_error (core/variant/variant_utility.cpp:1024)
   GDScript backtrace (most recent call first):
       [0] _init (res://tests/technology_unlock_closure_audit_test.gd:26)
ERROR: {"building":"wheat_farm","missing_dependencies":[{"id":"logs","kind":"construction_good","technology_alternatives":["tech.deadwood_collection"]},{"id":"raw_stone","kind":"construction_good","technology_alternatives":["tech.ground_stone_tools"]},{"id":"arable_land","kind":"natural_resource","technology_alternatives":["tech.rainfed_field_system"]},{"id":"fertile_soil","kind":"natural_resource","technology_alternatives":["tech.gathering","tech.rainfed_field_system"]}],"missing_required":["tech.wheat_propagation","tech.rainfed_field_system"],"technology":"tech.rainfed_wheat_cultivation"}
   at: push_error (core/variant/variant_utility.cpp:1024)
   GDScript backtrace (most recent call first):
       [0] _init (res://tests/technology_unlock_closure_audit_test.gd:26)
ERROR: {"building":"wild_maize_stand","missing_dependencies":[{"id":"fertile_soil","kind":"natural_resource","technology_alternatives":["tech.gathering","tech.rainfed_field_system"]}],"missing_required":[],"technology":"tech.wild_maize_collection"}
   at: push_error (core/variant/variant_utility.cpp:1024)
   GDScript backtrace (most recent call first):
       [0] _init (res://tests/technology_unlock_closure_audit_test.gd:26)
ERROR: {"building":"wild_rice_marsh","missing_dependencies":[{"id":"paddy_land","kind":"natural_resource","technology_alternatives":["tech.reed_harvesting","tech.rice_paddy_cultivation"]}],"missing_required":[],"technology":"tech.wild_rice_collection"}
   at: push_error (core/variant/variant_utility.cpp:1024)
   GDScript backtrace (most recent call first):
       [0] _init (res://tests/technology_unlock_closure_audit_test.gd:26)
ERROR: {"building":"wild_tuber_patch","missing_dependencies":[{"id":"fertile_soil","kind":"natural_resource","technology_alternatives":["tech.gathering","tech.rainfed_field_system"]}],"missing_required":[],"technology":"tech.wild_tuber_collection"}
   at: push_error (core/variant/variant_utility.cpp:1024)
   GDScript backtrace (most recent call first):
       [0] _init (res://tests/technology_unlock_closure_audit_test.gd:26)
ERROR: {"building":"wild_wheat_stand","missing_dependencies":[{"id":"fertile_soil","kind":"natural_resource","technology_alternatives":["tech.gathering","tech.rainfed_field_system"]}],"missing_required":[],"technology":"tech.wild_wheat_collection"}
   at: push_error (core/variant/variant_utility.cpp:1024)
   GDScript backtrace (most recent call first):
       [0] _init (res://tests/technology_unlock_closure_audit_test.gd:26)
ERROR: {"building":"wire_plant","missing_dependencies":[{"id":"construction_components","kind":"construction_good","technology_alternatives":["tech.adobe_making"]},{"id":"concrete","kind":"construction_good","technology_alternatives":["tech.synthetic_materials"]},{"id":"glass","kind":"construction_good","technology_alternatives":["tech.early_glassmaking"]},{"id":"copper","kind":"input_good","technology_alternatives":["tech.specialty_alloys","tech.copper_metallurgy"]},{"id":"electricity","kind":"input_good","technology_alternatives":["tech.electric_generation"]},{"id":"industrial_machinery","kind":"input_good","technology_alternatives":["tech.factory_system"]}],"missing_required":[],"technology":"tech.electromagnetic_induction"}
   at: push_error (core/variant/variant_utility.cpp:1024)
   GDScript backtrace (most recent call first):
       [0] _init (res://tests/technology_unlock_closure_audit_test.gd:26)
ERROR: {"building":"woodblock_printing_house","missing_dependencies":[{"id":"lumber","kind":"construction_good","technology_alternatives":["tech.timber_sawing"]},{"id":"adobe_brick","kind":"construction_good","technology_alternatives":["tech.adobe_making"]},{"id":"paper","kind":"input_good","technology_alternatives":["tech.plant_fiber_papermaking","tech.bark_paper_making","tech.parchment_making","tech.rag_paper_making"]},{"id":"tools","kind":"input_good","technology_alternatives":["tech.surface_iron_collection","tech.machine_tools","tech.crucible_steel"]}],"missing_required":["tech.manuscript_culture","tech.composite_tools"],"technology":"tech.woodblock_printing"}
   at: push_error (core/variant/variant_utility.cpp:1024)
   GDScript backtrace (most recent call first):
       [0] _init (res://tests/technology_unlock_closure_audit_test.gd:26)
ERROR: {"building":"wool_shed","missing_dependencies":[{"id":"logs","kind":"construction_good","technology_alternatives":["tech.deadwood_collection"]},{"id":"raw_stone","kind":"construction_good","technology_alternatives":["tech.ground_stone_tools"]},{"id":"tools","kind":"input_good","technology_alternatives":["tech.bronze_casting","tech.precision_engineering","tech.surface_iron_collection","tech.machine_tools","tech.crucible_steel"]}],"missing_required":[],"technology":"tech.wool_husbandry"}
   at: push_error (core/variant/variant_utility.cpp:1024)
   GDScript backtrace (most recent call first):
       [0] _init (res://tests/technology_unlock_closure_audit_test.gd:26)
ERROR: {"building":"zinc_ore_collector","missing_dependencies":[{"id":"lumber","kind":"construction_good","technology_alternatives":["tech.timber_sawing"]},{"id":"bricks","kind":"construction_good","technology_alternatives":["tech.clay_preparation"]},{"id":"construction_components","kind":"construction_good","technology_alternatives":["tech.adobe_making"]},{"id":"tools","kind":"input_good","technology_alternatives":["tech.precision_engineering","tech.surface_iron_collection","tech.machine_tools","tech.crucible_steel"]},{"id":"explosives","kind":"input_good","technology_alternatives":["tech.gunpowder_formulation","tech.gunpowder_weapons"]},{"id":"zinc_ore","kind":"output_good","technology_alternatives":["tech.deep_mining"]}],"missing_required":["tech.deep_mining"],"technology":"tech.mine_ventilation"}
   at: push_error (core/variant/variant_utility.cpp:1024)
   GDScript backtrace (most recent call first):
       [0] _init (res://tests/technology_unlock_closure_audit_test.gd:26)
ERROR: {"building":"zinc_plant","missing_dependencies":[{"id":"bricks","kind":"construction_good","technology_alternatives":["tech.clay_preparation"]},{"id":"construction_components","kind":"construction_good","technology_alternatives":["tech.adobe_making"]},{"id":"steel","kind":"construction_good","technology_alternatives":["tech.blast_furnace","tech.coke_smelting","tech.advanced_metallurgy"]},{"id":"zinc_ore","kind":"input_good","technology_alternatives":["tech.deep_mining"]},{"id":"coal","kind":"input_good","technology_alternatives":["tech.surface_coal_use","tech.coal_mining","tech.industrial_coal_mining","tech.coke_smelting"]},{"id":"tools","kind":"input_good","technology_alternatives":["tech.precision_engineering","tech.surface_iron_collection","tech.machine_tools","tech.crucible_steel"]}],"missing_required":[],"technology":"tech.electrochemistry"}
   at: push_error (core/variant/variant_utility.cpp:1024)
   GDScript backtrace (most recent call first):
       [0] _init (res://tests/technology_unlock_closure_audit_test.gd:26)
ERROR: 336 building unlock branches are not immediately usable
   at: push_error (core/variant/variant_utility.cpp:1024)
   GDScript backtrace (most recent call first):
       [0] _init (res://tests/technology_unlock_closure_audit_test.gd:28)
ERROR: 10 RID allocations of type 'PN13RendererDummy14TextureStorage12DummyTextureE' were leaked at exit.
ERROR: 1 RID allocations of type 'PN18TextServerAdvanced12FontAdvancedE' were leaked at exit.
WARNING: ObjectDB instances leaked at exit (run with --verbose for details).
   at: cleanup (core/object/object.cpp:2641)
ERROR: 250 resources still in use at exit (run with --verbose for details).
   at: clear (core/io/resource.cpp:810)
