epoch_row_id,epoch_id,day_index,cell_idx,q,r,s,is_construction,group_index,type_id,owner_signature_id,count,filled_owner,employee_required,employee_filled,wage_suspended,capacity_q16,purchase_intent_capacity_q16,realized_profit_margin_q16,severe_loss_cycles,recovery_cycles,operating_state,last_input,last_output,last_sold,last_discarded,last_retained,last_resource,last_resource_generated,last_revenue,last_input_cost,last_wages_paid,last_wages_due,last_expected_revenue,last_operating_cost,last_margin_gap_q16,planned_utilization_q16,last_base_wages_due,last_base_wages_paid,last_bonus_due,last_bonus_paid,construction_ready_days
1,2,10,578,11,14,-25,0,0,30,9,1,1,0,0,0,0,65536,0,0,0,0,0,0,0,0,0,0,0,0,0,0,0,171900,0,65536,65536,0,0,0,0,
1,2,10,578,11,14,-25,0,1,65,9,24,3,0,0,0,8192,8192,0,0,0,0,0,58905,58905,0,0,2940,0,43448,0,0,0,206340,0,65536,8192,0,0,0,0,
1,2,10,578,11,14,-25,0,2,69,9,24,24,0,0,0,65536,65536,0,0,0,0,0,672000,588400,0,83600,0,0,1927798,0,0,0,3489000,0,65536,65536,0,0,0,0,
1,2,10,578,11,14,-25,0,3,79,2,24,12,0,0,0,32768,32768,0,0,0,0,0,53340,53340,0,0,0,0,238493,0,0,0,1185934,0,65536,34305,0,0,0,0,
1,2,10,578,11,14,-25,0,4,90,2,1,1,0,0,0,65536,65536,65536,0,0,0,5000,14775,14775,0,0,0,0,157862,18440,0,0,157870,18440,65536,65536,0,0,0,0,
1,2,10,578,11,14,-25,0,5,98,2,1,1,0,0,0,0,65536,0,0,0,0,0,0,0,0,0,0,0,0,0,0,0,163805,0,65536,65536,0,0,0,0,
1,2,10,578,11,14,-25,0,6,102,8,24,24,0,0,0,65536,65536,0,0,0,0,0,432000,382560,0,49440,29040,0,3114405,0,0,0,4417560,0,65536,65536,0,0,0,0,
1,2,10,578,11,14,-25,0,7,106,20,1,1,0,0,0,65536,65536,0,0,0,0,0,0,0,0,0,0,0,0,0,0,0,0,0,0,65536,0,0,0,0,
1,2,10,578,11,14,-25,0,8,203,20,18,18,36,36,0,65536,65536,65536,0,0,0,0,9000,9000,0,0,4500,0,7200000,0,3082502,3082502,7200000,3082502,65536,65536,1800000,1800000,1282502,1282502,
1,2,10,578,11,14,-25,0,9,238,12,24,24,0,0,0,0,65536,0,0,0,0,0,0,0,0,0,0,0,0,0,0,0,7851120,0,65536,65536,0,0,0,0,
1,2,10,578,11,14,-25,0,10,239,9,24,24,0,0,0,0,65536,0,0,0,0,0,0,0,0,0,0,0,0,0,0,0,2060880,0,65536,65536,0,0,0,0,
1,2,10,578,11,14,-25,0,11,242,20,1,1,2,2,0,65536,65536,57344,0,0,0,0,12500,12500,0,0,2500,0,187500,0,118125,118125,187500,118125,41320,65536,100000,100000,18125,18125,
1,2,10,578,11,14,-25,0,12,251,9,24,24,0,0,0,0,65536,0,0,0,0,0,0,0,0,0,0,0,0,0,0,0,2584320,0,65536,65536,0,0,0,0,
2,3,15,578,11,14,-25,0,0,30,9,1,1,0,0,0,0,65536,0,0,0,0,0,0,0,0,0,0,0,0,0,0,0,215550,0,65536,65536,0,0,0,0,
2,3,15,578,11,14,-25,0,1,65,9,24,1,0,0,0,2048,2048,0,0,0,0,0,14726,14726,0,0,735,0,9427,0,0,0,44767,0,65536,2048,0,0,0,0,
2,3,15,578,11,14,-25,0,2,69,9,24,24,0,0,0,65536,65536,0,0,0,0,0,672000,590600,0,81400,0,0,1797305,0,0,0,3639480,0,65536,65536,0,0,0,0,
2,3,15,578,11,14,-25,0,3,79,2,24,6,0,0,0,16384,16384,0,0,0,0,0,26670,26670,0,0,0,0,103719,0,0,0,543474,0,65536,18075,0,0,0,0,
2,3,15,578,11,14,-25,0,4,90,2,1,1,0,0,0,65536,65536,65536,0,0,0,5000,14775,14775,0,0,0,0,188725,16005,0,0,188735,16005,65536,65536,0,0,0,0,
2,3,15,578,11,14,-25,0,5,98,2,1,1,0,0,0,0,65536,0,0,0,0,0,0,0,0,0,0,0,0,0,0,0,163805,0,53208,65536,0,0,0,0,
2,3,15,578,11,14,-25,0,6,102,8,24,21,0,0,0,57344,57344,0,0,0,0,0,378000,334740,0,43260,25410,0,675773,0,0,0,3660059,0,65536,57905,0,0,0,0,
2,3,15,578,11,14,-25,0,7,106,20,1,1,0,0,0,65536,65536,0,0,0,0,0,0,0,0,0,0,0,0,0,0,0,0,0,0,65536,0,0,0,0,
2,3,15,578,11,14,-25,0,8,203,20,18,18,36,36,0,65536,65536,65536,0,0,0,0,9000,9000,0,0,4500,0,7200000,0,3082502,3082502,7200000,3082502,65536,65536,1800000,1800000,1282502,1282502,
2,3,15,578,11,14,-25,0,9,238,12,24,24,0,0,0,65536,65536,65536,0,0,0,1200,518400,468960,0,49440,85800,0,3352541,16136,0,0,9277440,16136,65536,65536,0,0,0,0,
2,3,15,578,11,14,-25,0,10,239,9,24,24,0,0,0,37068,65536,65536,0,0,0,13574,122715,122715,0,0,12217,0,429470,182529,0,0,2060880,182529,65536,65536,0,0,0,0,
2,3,15,578,11,14,-25,0,11,242,20,1,1,2,2,0,65536,65536,57344,0,0,0,0,12500,12500,0,0,2500,0,187500,0,118125,118125,187500,118125,41320,65536,100000,100000,18125,18125,
2,3,15,578,11,14,-25,0,12,251,9,24,24,0,0,0,2,65536,0,0,0,0,0,6,6,0,0,0,3,77,0,0,0,3240480,0,65536,65536,0,0,0,0,
3,4,20,578,11,14,-25,0,0,30,9,1,1,0,0,0,65536,65536,65536,0,0,0,7500,9020,9020,0,0,0,0,270251,65930,0,0,270275,65930,65536,65536,0,0,0,0,
3,4,20,578,11,14,-25,0,1,65,9,24,1,0,0,0,2048,2048,0,0,0,0,0,14726,14726,0,0,735,0,8196,0,0,0,38921,0,65536,2048,0,0,0,0,
3,4,20,578,11,14,-25,0,2,69,9,24,24,0,0,0,65536,65536,0,0,0,0,0,672000,602700,0,69300,0,0,1572020,0,0,0,3692640,0,65536,65536,0,0,0,0,
3,4,20,578,11,14,-25,0,3,79,2,24,3,0,0,0,8192,8192,0,0,0,0,0,13335,13335,0,0,0,0,45130,0,0,0,245356,0,65536,9377,0,0,0,0,
3,4,20,578,11,14,-25,0,4,90,2,1,1,0,0,0,65536,65536,65536,0,0,0,5000,14775,14775,0,0,0,0,225794,13915,0,0,225805,13915,65536,65536,0,0,0,0,
3,4,20,578,11,14,-25,0,5,98,2,1,1,0,0,0,78,65536,-294,0,0,0,5,11,11,0,0,0,0,53,98,0,0,163805,98,29159,65536,0,0,0,0,
3,4,20,578,11,14,-25,0,6,102,8,24,13,0,0,0,35498,35498,0,0,0,0,0,233995,207215,0,26780,15729,0,366439,0,0,0,1984569,0,65536,35846,0,0,0,0,
3,4,20,578,11,14,-25,0,7,106,20,1,1,0,0,0,65536,65536,0,0,0,0,0,0,0,0,0,0,0,0,0,0,0,0,0,0,65536,0,0,0,0,
3,4,20,578,11,14,-25,0,8,203,20,18,18,36,36,0,65536,65536,65536,0,0,0,0,9000,9000,0,0,4500,0,7200000,0,3082502,3082502,7200000,3082502,65536,65536,1800000,1800000,1282502,1282502,
3,4,20,578,11,14,-25,0,9,238,12,24,3,0,0,0,8192,8192,65536,0,0,0,150,64800,58620,0,6180,10725,0,209999,2413,0,0,1445711,2413,65536,10922,0,0,0,0,
3,4,20,578,11,14,-25,0,10,239,9,24,13,0,0,0,35498,35498,2366,0,0,0,12999,117517,117517,0,0,11699,0,216677,209127,0,0,1068795,209127,65536,36864,0,0,0,0,
3,4,20,578,11,14,-25,0,11,242,20,1,1,2,2,0,65536,65536,57344,0,0,0,0,12500,12500,0,0,2500,0,187500,0,118125,118125,187500,118125,41320,65536,100000,100000,18125,18125,
3,4,20,578,11,14,-25,0,12,251,9,24,24,0,0,0,4442,65536,65536,0,0,0,1626,14705,14705,0,0,919,8540,275408,26159,0,0,4063560,26159,65536,65536,0,0,0,0,
4,5,25,578,11,14,-25,0,0,30,9,1,1,0,0,0,65536,65536,65536,0,0,0,7500,9020,9020,0,0,0,0,336641,61077,0,0,336670,61077,65536,65536,0,0,0,0,
4,5,25,578,11,14,-25,0,1,65,9,24,1,0,0,0,2048,2048,0,0,0,0,0,14726,14726,0,0,735,0,7145,0,0,0,33926,0,65536,2048,0,0,0,0,
4,5,25,578,11,14,-25,0,2,69,9,24,24,0,0,0,65536,65536,0,0,0,0,0,672000,609300,0,62700,0,0,1241470,0,0,0,3669120,0,65536,65536,0,0,0,0,
4,5,25,578,11,14,-25,0,3,79,2,24,1,0,0,0,2730,2730,0,0,0,0,0,4443,4443,0,0,0,0,13105,0,0,0,110097,0,65536,4828,0,0,0,0,
4,5,25,578,11,14,-25,0,4,90,2,1,1,0,0,0,65536,65536,65536,0,0,0,5000,14775,14775,0,0,0,0,270027,12130,0,0,270040,12130,65536,65536,0,0,0,0,
4,5,25,578,11,14,-25,0,5,98,2,1,1,0,0,0,5957,5957,-33873,0,0,0,454,870,870,0,0,0,0,5313,10997,0,0,14877,10997,11473,5957,0,0,0,0,
4,5,25,578,11,14,-25,0,6,102,8,24,7,0,0,0,19114,19114,0,0,0,0,0,125995,111575,0,14420,8469,0,173030,0,0,0,1057410,0,65536,21778,0,0,0,0,
4,5,25,578,11,14,-25,0,7,106,20,1,1,0,0,0,65536,65536,0,0,0,0,0,0,0,0,0,0,0,0,0,0,0,0,0,0,65536,0,0,0,0,
4,5,25,578,11,14,-25,0,8,203,20,18,18,36,36,0,65536,65536,65536,0,0,0,0,9000,9000,0,0,4500,0,7200000,0,3670787,3670787,7200000,3670787,65536,65536,2625660,2625660,1045127,1045127,
4,5,25,578,11,14,-25,0,9,238,12,24,3,0,0,0,8192,8192,65536,0,0,0,150,64800,58620,0,6180,10725,0,183007,2886,0,0,1260183,2886,65536,10922,0,0,0,0,
4,5,25,578,11,14,-25,0,10,239,9,24,7,0,0,0,19114,19114,-16103,0,0,0,6999,63277,63277,0,0,6299,0,101572,134660,0,0,504785,134660,62599,20000,0,0,0,0,
4,5,25,578,11,14,-25,0,11,242,20,1,1,2,2,0,65536,65536,18703,0,0,0,0,12500,12500,0,0,2500,0,187500,0,150807,150807,187500,150807,41320,65536,145870,145870,4937,4937,
4,5,25,578,11,14,-25,0,12,251,9,24,24,0,0,0,20826,65536,65536,0,0,0,7626,68945,68945,0,0,4309,40040,1586543,146724,0,0,4992600,146724,65536,65536,0,0,0,0,
5,6,30,578,11,14,-25,0,0,30,9,1,1,0,0,0,65536,65536,65536,0,0,0,7500,9020,9020,0,0,0,0,418183,56552,0,0,418220,56552,65536,65536,0,0,0,0,
5,6,30,578,11,14,-25,0,1,65,9,24,1,0,0,0,2048,2048,0,0,0,0,0,14726,14726,0,0,735,0,6252,0,0,0,29685,0,65536,2048,0,0,0,0,
5,6,30,578,11,14,-25,0,2,69,9,24,24,0,0,0,65536,65536,0,0,0,0,0,672000,613700,0,58300,0,0,923725,0,0,0,3581040,0,65536,65536,0,0,0,0,
5,6,30,578,11,14,-25,0,3,79,2,24,1,0,0,0,2483,2483,0,0,0,0,0,4041,4041,0,0,0,0,10416,0,0,0,49484,0,65536,2483,0,0,0,0,
5,6,30,578,11,14,-25,0,4,90,2,1,1,0,0,0,65536,65536,65536,0,0,0,5000,14775,14775,0,0,0,0,320112,10615,0,0,320125,10615,65536,65536,0,0,0,0,
5,6,30,578,11,14,-25,0,5,98,2,1,1,0,0,0,2048,2048,-19877,1,0,0,156,299,299,0,0,0,0,1001,4034,0,0,4762,4034,1639,2048,0,0,0,0,
5,6,30,578,11,14,-25,0,6,102,8,24,5,0,0,0,13653,13653,0,0,0,0,0,89997,79697,0,10300,6049,0,108977,0,0,0,600590,0,65536,14028,0,0,0,0,
5,6,30,578,11,14,-25,0,7,106,20,1,1,0,0,0,65536,65536,0,0,0,0,0,0,0,0,0,0,0,0,0,0,0,0,0,0,65536,0,0,0,0,
5,6,30,578,11,14,-25,0,8,203,20,18,18,36,36,0,65536,65536,65536,0,0,0,0,9000,9000,0,0,4500,0,7200000,0,3680405,3680405,7200000,3680405,65536,65536,2639160,2639160,1041245,1041245,
5,6,30,578,11,14,-25,0,9,238,12,24,3,0,0,0,8192,8192,65536,0,0,0,150,64800,58620,0,6180,10725,0,160422,3421,0,0,1105112,3421,65536,10922,0,0,0,0,
5,6,30,578,11,14,-25,0,10,239,9,24,3,0,0,0,8192,8192,-29170,0,0,0,3000,27120,27120,0,0,2700,0,37968,68424,0,0,231402,68424,45901,10513,0,0,0,0,
5,6,30,578,11,14,-25,0,11,242,20,1,1,2,2,0,65536,65536,18272,0,0,0,0,12500,12500,0,0,2500,0,187500,0,151342,151342,187500,151342,7718,65536,146620,146620,4722,4722,
5,6,30,578,11,14,-25,0,12,251,9,24,24,0,0,0,31746,65536,65536,0,0,0,11625,105096,105096,0,0,6568,61035,1661687,265143,0,0,5330040,265143,65536,65536,0,0,0,0,
6,7,35,578,11,14,-25,0,0,30,9,1,1,0,0,0,65536,65536,65536,0,0,0,7500,9020,9020,0,0,0,0,518811,52982,0,0,518855,52982,65536,65536,0,0,0,0,
6,7,35,578,11,14,-25,0,1,65,9,24,1,0,0,0,2048,2048,0,0,0,0,0,14726,14726,0,0,735,0,5489,0,0,0,26062,0,65536,2048,0,0,0,0,
6,7,35,578,11,14,-25,0,2,69,9,24,23,0,0,0,62805,62805,0,0,0,0,0,643996,590096,0,53900,0,0,636359,0,0,0,3390175,0,65536,64550,0,0,0,0,
6,7,35,578,11,14,-25,0,3,79,2,24,1,0,0,0,2048,2048,0,0,0,0,0,3333,3333,0,0,0,0,7556,0,0,0,35898,0,65536,2048,0,0,0,0,
6,7,35,578,11,14,-25,0,4,90,2,1,1,0,0,0,65536,65536,65536,0,0,0,5000,14775,14775,0,0,0,0,375530,9320,0,0,375550,9320,65536,65536,0,0,0,0,
6,7,35,578,11,14,-25,0,5,98,2,1,1,0,0,0,2048,2048,-19516,2,0,0,156,299,299,0,0,0,0,920,3898,0,0,4375,3898,-1676,2048,0,0,0,0,
6,7,35,578,11,14,-25,0,6,102,8,24,3,0,0,0,8192,8192,0,0,0,0,0,54000,47820,0,6180,3630,0,58216,0,0,0,416274,0,65536,10922,0,0,0,0,
6,7,35,578,11,14,-25,0,7,106,20,1,1,0,0,0,65536,65536,0,0,0,0,0,0,0,0,0,0,0,0,0,0,0,0,0,0,65536,0,0,0,0,
6,7,35,578,11,14,-25,0,8,203,20,18,18,36,36,0,65536,65536,65536,0,0,0,0,9000,9000,0,0,4500,0,7200000,0,3692974,3692974,7200000,3692974,65536,65536,2656800,2656800,1036174,1036174,
6,7,35,578,11,14,-25,0,9,238,12,24,3,0,0,0,8192,8192,65536,0,0,0,150,64800,58620,0,6180,10725,0,143781,4013,0,0,991959,4013,65536,10922,0,0,0,0,
6,7,35,578,11,14,-25,0,10,239,9,24,1,0,0,0,2730,2730,-38403,1,0,0,999,9037,9037,0,0,899,0,11066,26729,0,0,104026,26729,30336,5403,0,0,0,0,
6,7,35,578,11,14,-25,0,11,242,20,1,1,2,2,0,65536,65536,17716,0,0,0,0,12500,12500,0,0,2500,0,187500,0,152040,152040,187500,152040,7342,65536,147600,147600,4440,4440,
6,7,35,578,11,14,-25,0,12,251,9,24,23,0,0,0,37210,62805,45142,0,0,0,13626,123185,123185,0,0,7699,71540,615703,364577,0,0,5012591,364577,65536,63778,0,0,0,0,
7,8,40,578,11,14,-25,0,0,30,9,1,1,0,0,0,65536,65536,65536,0,0,0,7500,9020,9020,0,0,0,0,643060,51327,0,0,643115,51327,65536,65536,0,0,0,0,
7,8,40,578,11,14,-25,0,1,65,9,24,1,0,0,0,2048,2048,0,0,0,0,0,14726,14726,0,0,735,0,4836,0,0,0,22957,0,65536,2048,0,0,0,0,
7,8,40,578,11,14,-25,0,2,69,9,24,22,0,0,0,60074,60074,0,0,0,0,0,615993,569793,0,46200,0,0,587570,0,0,0,3099159,0,65536,61709,0,0,0,0,
7,8,40,578,11,14,-25,0,3,79,2,24,1,0,0,0,2048,2048,0,0,0,0,0,3333,3333,0,0,0,0,6685,0,0,0,31762,0,65536,2048,0,0,0,0,
7,8,40,578,11,14,-25,0,4,90,2,1,1,0,0,0,65536,65536,65536,0,0,0,5000,14775,14775,0,0,0,0,435676,8210,0,0,435695,8210,65536,65536,0,0,0,0,
7,8,40,578,11,14,-25,0,5,98,2,1,0,0,0,0,0,0,0,3,0,1,0,0,0,0,0,0,0,0,0,0,0,0,0,1133,0,0,0,0,0,
7,8,40,578,11,14,-25,0,6,102,8,24,3,0,0,0,8192,8192,0,0,0,0,0,54000,47820,0,6180,3630,0,56513,0,0,0,404095,0,65536,10922,0,0,0,0,
7,8,40,578,11,14,-25,0,7,106,20,1,1,0,0,0,65536,65536,0,0,0,0,0,0,0,0,0,0,0,0,0,0,0,0,0,0,65536,0,0,0,0,
7,8,40,578,11,14,-25,0,8,203,20,18,18,36,36,0,65536,65536,65536,0,0,0,0,9000,9000,0,0,4500,0,7200000,0,3713494,3713494,7200000,3713494,65536,65536,2685600,2685600,1027894,1027894,
7,8,40,578,11,14,-25,0,9,238,12,24,3,0,0,0,8192,8192,65536,0,0,0,150,64800,58620,0,6180,10725,0,135019,4656,0,0,935042,4656,65536,10922,0,0,0,0,
7,8,40,578,11,14,-25,0,10,239,9,24,1,0,0,0,2730,2730,-45002,2,0,0,999,9037,9037,0,0,899,0,9716,31010,0,0,46288,31010,15761,2738,0,0,0,0,
7,8,40,578,11,14,-25,0,11,242,20,1,1,2,2,0,65536,65536,16823,0,0,0,0,12500,12500,0,0,2500,0,187500,0,153180,153180,187500,153180,6859,65536,149200,149200,3980,3980,
7,8,40,578,11,14,-25,0,12,251,9,24,17,0,0,0,37210,46421,18538,0,0,0,13626,123185,123185,0,0,7699,71540,542629,422978,0,0,3249920,422978,65536,46920,0,0,0,0,
8,9,45,578,11,14,-25,0,0,30,9,1,1,0,0,0,65536,65536,65536,0,0,0,7500,9020,9020,0,0,0,0,796224,50747,0,0,796290,50747,65536,65536,0,0,0,0,
8,9,45,578,11,14,-25,0,1,65,9,24,1,0,0,0,2048,2048,0,0,0,0,0,14726,14726,0,0,735,0,4267,0,0,0,20261,0,65536,2048,0,0,0,0,
8,9,45,578,11,14,-25,0,2,69,9,24,22,0,0,0,60074,60074,0,0,0,0,0,615993,577493,0,38500,0,0,572526,0,0,0,2922830,0,65536,60533,0,0,0,0,
8,9,45,578,11,14,-25,0,3,79,2,24,1,0,0,0,2048,2048,0,0,0,0,0,3333,3333,0,0,0,0,5973,0,0,0,28376,0,65536,2048,0,0,0,0,
8,9,45,578,11,14,-25,0,4,90,2,1,1,0,0,0,65536,65536,65536,0,0,0,5000,14775,14775,0,0,0,0,429057,7245,0,0,499925,7245,65536,65536,0,0,0,0,
8,9,45,578,11,14,-25,0,5,98,2,1,0,0,0,0,0,0,0,3,1,1,0,0,0,0,0,0,0,0,0,0,0,0,0,4160,0,0,0,0,0,
8,9,45,578,11,14,-25,0,6,102,8,24,13,0,0,0,35498,35498,0,0,0,0,0,233995,207215,0,26780,15729,0,714610,0,0,0,1449967,0,65536,38229,0,0,0,0,
8,9,45,578,11,14,-25,0,7,106,20,1,1,0,0,0,65536,65536,0,0,0,0,0,0,0,0,0,0,0,0,0,0,0,0,0,0,65536,0,0,0,0,
8,9,45,578,11,14,-25,0,8,203,20,18,18,36,36,0,65536,65536,65536,0,0,0,0,9000,9000,0,0,4500,0,7200000,0,3761972,3761972,7200000,3761972,65536,65536,2753640,2753640,1008332,1008332,
8,9,45,578,11,14,-25,0,9,238,12,24,3,0,0,0,8192,8192,65536,0,0,0,150,64800,58620,0,6180,10725,0,455924,5342,0,0,906004,5342,65536,10922,0,0,0,0,
8,9,45,578,11,14,-25,0,10,239,9,24,0,0,0,0,0,0,0,3,0,1,0,0,0,0,0,0,0,0,0,0,0,0,0,2051,0,0,0,0,0,
8,9,45,578,11,14,-25,0,11,242,20,1,1,2,2,0,65536,65536,14788,0,0,0,0,12500,12500,0,0,2500,0,187500,0,155873,155873,187500,155873,6082,65536,152980,152980,2893,2893,
8,9,45,578,11,14,-25,0,12,251,9,24,11,0,0,0,30037,30037,-1005,0,0,0,10999,99438,99438,0,0,6214,57749,385739,391751,0,0,1916002,391751,65536,31410,0,0,0,0,
9,10,50,578,11,14,-25,0,0,30,9,1,1,0,0,0,65536,65536,65536,0,0,0,7500,9020,9020,0,0,0,0,986115,51317,0,0,986200,51317,65536,65536,0,0,0,0,
9,10,50,578,11,14,-25,0,1,65,9,24,1,0,0,0,2048,2048,0,0,0,0,0,14726,14726,0,0,735,0,3772,0,0,0,17906,0,65536,2048,0,0,0,0,
9,10,50,578,11,14,-25,0,2,69,9,24,23,0,0,0,62805,62805,0,0,0,0,0,643996,608796,0,35200,0,0,684275,0,0,0,2956334,0,65536,63034,0,0,0,0,
9,10,50,578,11,14,-25,0,3,79,2,24,1,0,0,0,2048,2048,0,0,0,0,0,3333,3333,0,0,0,0,5387,0,0,0,25590,0,65536,2048,0,0,0,0,
9,10,50,578,11,14,-25,0,4,90,2,1,1,0,0,0,42762,42762,65536,0,0,0,3262,9640,9640,0,0,0,0,65112,4178,0,0,309299,4178,65536,42762,0,0,0,0,
9,10,50,578,11,14,-25,0,5,98,2,1,1,0,0,0,65536,65536,-44915,0,0,0,5000,9580,9580,0,0,0,0,26937,85610,0,0,109295,85610,7219,65536,0,0,0,0,
9,10,50,578,11,14,-25,0,6,102,8,24,18,0,0,0,49152,49152,0,0,0,0,0,324000,286920,0,37080,21780,0,658799,0,0,0,2006754,0,65536,51882,0,0,0,0,
9,10,50,578,11,14,-25,0,7,106,20,1,1,0,0,0,65536,65536,0,0,0,0,0,0,0,0,0,0,0,0,0,0,0,0,0,0,65536,0,0,0,0,
9,10,50,578,11,14,-25,0,8,203,20,18,18,36,36,0,65536,65536,65536,0,0,0,0,9000,9000,0,0,4500,0,7200000,0,3837512,3837512,7200000,3837512,65536,65536,2859660,2859660,977852,977852,
9,10,50,578,11,14,-25,0,9,238,12,24,3,0,0,0,8192,8192,65536,0,0,0,150,64800,58620,0,6180,10725,0,470966,5065,0,0,903444,5065,65536,10922,0,0,0,0,
9,10,50,578,11,14,-25,0,10,239,9,24,0,0,0,0,0,0,0,3,0,1,0,0,0,0,0,0,0,0,0,0,0,0,0,-1232,0,0,0,0,0,
9,10,50,578,11,14,-25,0,11,242,20,1,1,2,2,0,65536,65536,11810,0,0,0,0,12500,12500,0,0,2500,0,187500,0,160070,160070,187500,160070,4311,65536,158870,158870,1200,1200,
9,10,50,578,11,14,-25,0,12,251,9,24,7,0,0,0,19114,19114,-5457,0,0,0,6999,63277,63277,0,0,3954,36748,216685,236370,0,0,1131731,236370,65536,21018,0,0,0,0,
10,11,55,578,11,14,-25,0,0,30,9,1,1,0,0,0,65536,65536,65536,0,0,0,7500,9020,9020,0,0,0,0,1221588,53342,0,0,1221695,53342,65536,65536,0,0,0,0,
10,11,55,578,11,14,-25,0,1,65,9,24,1,0,0,0,2048,2048,0,0,0,0,0,14726,14726,0,0,735,0,3342,0,0,0,15873,0,65536,2048,0,0,0,0,
10,11,55,578,11,14,-25,0,2,69,9,24,23,0,0,0,62805,62805,0,0,0,0,0,643996,610996,0,33000,0,0,716219,0,0,0,2940497,0,65536,64285,0,0,0,0,
10,11,55,578,11,14,-25,0,3,79,2,24,1,0,0,0,2048,2048,0,0,0,0,0,3333,3333,0,0,0,0,4891,0,0,0,23238,0,65536,2048,0,0,0,0,
10,11,55,578,11,14,-25,0,4,90,2,1,1,0,0,0,16983,16983,65536,0,0,0,1295,3828,3828,0,0,0,0,22909,1469,0,0,108836,1469,65536,16983,0,0,0,0,
10,11,55,578,11,14,-25,0,5,98,2,1,1,0,0,0,7111,7111,-38869,1,0,0,542,1039,1039,0,0,0,0,2300,8231,0,0,10931,8231,10079,7111,0,0,0,0,
10,11,55,578,11,14,-25,0,6,102,8,24,18,0,0,0,49152,49152,0,0,0,0,0,324000,286920,0,37080,21780,0,346140,0,0,0,1930702,0,65536,51116,0,0,0,0,
10,11,55,578,11,14,-25,0,7,106,20,1,1,0,0,0,65536,65536,0,0,0,0,0,0,0,0,0,0,0,0,0,0,0,0,0,0,65536,0,0,0,0,
10,11,55,578,11,14,-25,0,8,203,20,18,18,36,36,0,65536,65536,65536,0,0,0,0,9000,9000,0,0,4500,0,7200000,0,3940240,3940240,7200000,3940240,65536,65536,3003840,3003840,936400,936400,
10,11,55,578,11,14,-25,0,9,238,12,24,24,0,0,0,65536,65536,65536,0,0,0,1200,518400,468960,0,49440,85800,0,2175521,35907,0,0,5628720,35907,65536,65536,0,0,0,0,
10,11,55,578,11,14,-25,0,10,239,9,24,0,0,0,0,0,0,0,3,0,1,0,0,0,0,0,0,0,0,0,0,0,0,0,-825,0,0,0,0,0,
10,11,55,578,11,14,-25,0,11,242,20,1,1,2,2,0,65536,65536,8097,0,0,0,0,12500,12500,0,0,2500,0,187500,0,166880,166880,187500,166880,1723,65536,166880,166880,0,0,
10,11,55,578,11,14,-25,0,12,251,9,24,5,0,0,0,13653,13653,-5389,0,0,0,4999,45198,45198,0,0,2824,26249,137284,149585,0,0,725445,149585,65536,15189,0,0,0,0,
11,12,60,578,11,14,-25,0,0,30,9,1,1,0,0,0,65536,65536,65536,0,0,0,7500,9020,9020,0,0,0,0,1370910,50210,0,0,1371030,50210,65536,65536,0,0,0,0,
11,12,60,578,11,14,-25,0,1,65,9,24,1,0,0,0,2048,2048,0,0,0,0,0,14726,14726,0,0,735,0,2959,0,0,0,14047,0,65536,2048,0,0,0,0,
11,12,60,578,11,14,-25,0,2,69,9,24,23,0,0,0,62805,62805,0,0,0,0,0,643996,612096,0,31900,0,0,817993,0,0,0,2915245,0,65536,64910,0,0,0,0,
11,12,60,578,11,14,-25,0,3,79,2,24,1,0,0,0,2048,2048,0,0,0,0,0,3333,3333,0,0,0,0,4472,0,0,0,21243,0,65536,2048,0,0,0,0,
11,12,60,578,11,14,-25,0,4,90,2,1,1,0,0,0,6881,6881,50292,0,0,0,524,1551,1551,0,0,0,0,8200,526,0,0,38957,526,65536,6881,0,0,0,0,
11,12,60,578,11,14,-25,0,5,98,2,1,1,0,0,0,2048,2048,-10695,2,0,0,156,299,299,0,0,0,0,601,2233,0,0,2860,2233,7352,2048,0,0,0,0,
11,12,60,578,11,14,-25,0,6,102,8,24,17,0,0,0,46421,46421,0,0,0,0,0,305997,270977,0,35020,20569,0,313357,0,0,0,1758211,0,65536,48567,0,0,0,0,
11,12,60,578,11,14,-25,0,7,106,20,1,1,0,0,0,65536,65536,0,0,0,0,0,0,0,0,0,0,0,0,0,0,0,0,0,0,65536,0,0,0,0,
11,12,60,578,11,14,-25,0,8,203,20,18,18,36,36,0,65536,65536,65536,0,0,0,0,9000,9000,0,0,4500,0,7200000,0,4067208,4067208,7200000,4067208,65536,65536,3182040,3182040,885168,885168,
11,12,60,578,11,14,-25,0,9,238,12,24,3,0,0,0,8192,8192,65536,0,0,0,150,64800,58620,0,6180,10725,0,120344,3965,0,0,847068,3965,65536,10922,0,0,0,0,
11,12,60,578,11,14,-25,0,10,239,9,24,0,0,0,0,0,0,0,3,0,1,0,0,0,0,0,0,0,0,0,0,0,0,0,458,0,0,0,0,0,
11,12,60,578,11,14,-25,0,11,242,20,1,1,2,2,0,65536,65536,3974,0,0,0,0,12500,12500,0,0,2500,0,187500,0,176780,176780,187500,176780,-1505,65536,176780,176780,0,0,
11,12,60,578,11,14,-25,0,12,251,9,24,4,0,0,0,10922,10922,-1361,0,0,0,3999,36157,36157,0,0,2259,20998,103517,105713,0,0,573533,105713,65536,12740,0,0,0,0,
12,13,65,578,11,14,-25,0,0,30,9,1,1,0,0,0,65536,65536,65536,0,0,0,7500,9020,9020,0,0,0,0,1370910,47537,0,0,1371030,47537,65536,65536,0,0,0,0,
12,13,65,578,11,14,-25,0,1,65,9,24,1,0,0,0,2048,2048,0,0,0,0,0,14726,14726,0,0,735,0,2618,0,0,0,12427,0,65536,2048,0,0,0,0,
12,13,65,578,11,14,-25,0,2,69,9,24,23,0,0,0,62805,62805,0,0,0,0,0,643996,612096,0,31900,0,0,846915,0,0,0,2881770,0,65536,65223,0,0,0,0,
12,13,65,578,11,14,-25,0,3,79,2,24,1,0,0,0,2048,2048,0,0,0,0,0,3333,3333,0,0,0,0,4077,0,0,0,19368,0,65536,2048,0,0,0,0,
12,13,65,578,11,14,-25,0,4,90,2,1,1,0,0,0,2497,2497,16292,0,0,0,190,562,562,0,0,0,0,2654,168,0,0,12631,168,65536,2497,0,0,0,0,
12,13,65,578,11,14,-25,0,5,98,2,1,1,0,0,0,2048,2048,-10531,0,0,0,156,299,299,0,0,0,0,550,2157,0,0,2615,2157,3440,2048,0,0,0,0,
12,13,65,578,11,14,-25,0,6,102,8,24,15,0,0,0,40960,40960,0,0,0,0,0,270000,239100,0,30900,18150,0,258754,0,0,0,1418463,0,65536,41865,0,0,0,0,
12,13,65,578,11,14,-25,0,7,106,20,1,1,0,0,0,65536,65536,0,0,0,0,0,0,0,0,0,0,0,0,0,0,0,0,0,0,65536,0,0,0,0,
12,13,65,578,11,14,-25,0,8,203,20,18,18,36,36,0,65536,65536,65536,0,0,0,0,9000,9000,0,0,4500,0,7200000,0,4131590,4131590,7200000,4131590,63411,65536,3272400,3272400,859190,859190,
12,13,65,578,11,14,-25,0,9,238,12,24,3,0,0,0,8192,8192,65536,0,0,0,150,64800,58620,0,6180,10725,0,109021,3543,0,0,768173,3543,65536,10922,0,0,0,0,
12,13,65,578,11,14,-25,0,10,239,9,24,0,0,0,0,0,0,0,3,0,1,0,0,0,0,0,0,0,0,0,0,0,0,0,1369,0,0,0,0,0,
12,13,65,578,11,14,-25,0,11,242,20,1,1,2,2,0,65536,65536,2054,0,0,0,0,12500,12500,0,0,2500,0,187500,0,181800,181800,187500,181800,-5091,65536,181800,181800,0,0,
12,13,65,578,11,14,-25,0,12,251,9,24,4,0,0,0,10922,10922,3868,0,0,0,3999,36157,36157,0,0,2259,20998,100031,94456,0,0,500057,94456,65536,11495,0,0,0,0,
13,14,70,578,11,14,-25,0,0,30,9,1,1,0,0,0,65536,65536,65536,0,0,0,7500,9020,9020,0,0,0,0,1370910,46180,0,0,1371030,46180,65536,65536,0,0,0,0,
13,14,70,578,11,14,-25,0,1,65,9,24,1,0,0,0,2048,2048,0,0,0,0,0,14726,14726,0,0,735,0,2314,0,0,0,10983,0,65536,2048,0,0,0,0,
13,14,70,578,11,14,-25,0,2,69,9,24,23,0,0,0,62805,62805,0,0,0,0,0,643996,601096,0,42900,0,0,894131,0,0,0,2852510,0,65536,65379,0,0,0,0,
13,14,70,578,11,14,-25,0,3,79,2,24,1,0,0,0,2048,2048,0,0,0,0,0,3333,3333,0,0,0,0,3724,0,0,0,17688,0,65536,2048,0,0,0,0,
13,14,70,578,11,14,-25,0,4,90,2,1,1,0,0,0,2048,2048,60535,0,0,0,156,461,461,0,0,0,0,9359,122,0,0,9389,122,65536,2048,0,0,0,0,
13,14,70,578,11,14,-25,0,5,98,2,1,1,0,0,0,2048,2048,-10918,0,0,0,156,299,299,0,0,0,0,505,2171,0,0,2402,2171,-2586,2048,0,0,0,0,
13,14,70,578,11,14,-25,0,6,102,8,24,12,0,0,0,32768,32768,0,0,0,0,0,216000,191280,0,24720,14520,0,192580,0,0,0,1112586,0,65536,35296,0,0,0,0,
13,14,70,578,11,14,-25,0,7,106,20,1,1,0,0,0,65536,65536,0,0,0,0,0,0,0,0,0,0,0,0,0,0,0,0,0,0,65536,0,0,0,0,
13,14,70,578,11,14,-25,0,8,203,20,18,18,36,36,0,65536,65536,65536,0,0,0,0,9000,9000,0,0,4500,0,7200000,0,4108505,4108505,7200000,4108505,59852,65536,3240000,3240000,868505,868505,
13,14,70,578,11,14,-25,0,9,238,12,24,3,0,0,0,8192,8192,65536,0,0,0,150,64800,58620,0,6180,10725,0,102320,3211,0,0,722395,3211,65536,10922,0,0,0,0,
13,14,70,578,11,14,-25,0,10,239,9,24,0,0,0,0,0,0,0,3,0,1,0,0,0,0,0,0,0,0,0,0,0,0,0,1769,0,0,0,0,0,
13,14,70,578,11,14,-25,0,11,242,20,1,1,2,2,0,65536,65536,2730,0,0,0,0,12500,12500,0,0,2500,0,187500,0,180000,180000,187500,180000,-6760,65536,180000,180000,0,0,
13,14,70,578,11,14,-25,0,12,251,9,24,14,0,0,0,24343,38229,65536,0,0,0,8914,80588,80588,0,0,5036,46802,464462,190830,0,0,1686347,190830,65536,38515,0,0,0,0,
14,15,75,578,11,14,-25,0,0,30,9,1,1,0,0,0,65536,65536,65536,0,0,0,7500,9020,9020,0,0,0,0,1370910,46105,0,0,1371030,46105,65536,65536,0,0,0,0,
14,15,75,578,11,14,-25,0,1,65,9,24,1,0,0,0,2048,2048,0,0,0,0,0,14726,14726,0,0,735,0,2049,0,0,0,9731,0,65536,2048,0,0,0,0,
14,15,75,578,11,14,-25,0,2,69,9,24,23,0,0,0,62805,62805,0,0,0,0,0,643996,595596,0,48400,0,0,928635,0,0,0,2829065,0,65536,65457,0,0,0,0,
14,15,75,578,11,14,-25,0,3,79,2,24,1,0,0,0,2048,2048,0,0,0,0,0,3333,3333,0,0,0,0,3404,0,0,0,16173,0,65536,2048,0,0,0,0,
14,15,75,578,11,14,-25,0,4,90,2,1,1,0,0,0,65536,65536,65536,0,0,0,5000,14775,14775,0,0,0,0,367227,3480,0,0,367245,3480,65536,65536,0,0,0,0,
14,15,75,578,11,14,-25,0,5,98,2,1,1,0,0,0,2048,2048,-11416,0,0,0,156,299,299,0,0,0,0,465,2207,0,0,2211,2207,-8526,2048,0,0,0,0,
14,15,75,578,11,14,-25,0,6,102,8,24,11,0,0,0,30037,30037,0,0,0,0,0,197997,175337,0,22660,13309,0,168042,0,0,0,968367,0,65536,32273,0,0,0,0,
14,15,75,578,11,14,-25,0,7,106,20,1,1,0,0,0,65536,65536,0,0,0,0,0,0,0,0,0,0,0,0,0,0,0,0,0,0,65536,0,0,0,0,
14,15,75,578,11,14,-25,0,8,203,20,18,18,36,36,0,65536,65536,65536,0,0,0,0,9000,9000,0,0,4500,0,7200000,0,4098501,4098501,7200000,4098501,61106,65536,3225960,3225960,872541,872541,
14,15,75,578,11,14,-25,0,9,238,12,24,3,0,0,0,8192,8192,65536,0,0,0,150,64800,58620,0,6180,10725,0,400206,3924,0,0,708996,3924,65536,10922,0,0,0,0,
14,15,75,578,11,14,-25,0,10,239,9,24,0,0,0,0,0,0,0,3,0,1,0,0,0,0,0,0,0,0,0,0,0,0,0,-7654,0,0,0,0,0,
14,15,75,578,11,14,-25,0,11,242,20,1,1,2,2,0,65536,65536,3027,0,0,0,0,12500,12500,0,0,2500,0,187500,0,179220,179220,187500,179220,-6172,65536,179220,179220,0,0,
14,15,75,578,11,14,-25,0,12,251,9,24,19,0,0,0,851,51882,65536,0,0,0,311,2817,2817,0,0,176,1636,37854,8137,0,0,2315118,8137,65536,52025,0,0,0,0,
15,16,80,578,11,14,-25,0,0,30,9,1,1,0,0,0,65536,65536,65536,0,0,0,7500,9020,9020,0,0,0,0,1370910,47017,0,0,1371030,47017,65536,65536,0,0,0,0,
15,16,80,578,11,14,-25,0,1,65,9,24,1,0,0,0,2048,2048,0,0,0,0,0,14726,14726,0,0,735,0,1820,0,0,0,8643,0,65536,2048,0,0,0,0,
15,16,80,578,11,14,-25,0,2,69,9,24,23,0,0,0,62805,62805,0,0,0,0,0,643996,593396,0,50600,0,0,987783,0,0,0,2815880,0,65536,65496,0,0,0,0,
15,16,80,578,11,14,-25,0,3,79,2,24,1,0,0,0,2048,2048,0,0,0,0,0,3333,3333,0,0,0,0,3120,0,0,0,14820,0,65536,2048,0,0,0,0,
15,16,80,578,11,14,-25,0,4,90,2,1,1,0,0,0,65536,65536,65536,0,0,0,5000,14775,14775,0,0,0,0,400867,3090,0,0,400890,3090,65536,65536,0,0,0,0,
15,16,80,578,11,14,-25,0,5,98,2,1,1,0,0,0,2048,2048,-12484,0,0,0,156,299,299,0,0,0,0,428,2333,0,0,2036,2333,-15880,2048,0,0,0,0,
15,16,80,578,11,14,-25,0,6,102,8,24,17,0,0,0,46421,46421,0,0,0,0,0,305997,270977,0,35020,20569,0,347714,0,0,0,1439360,0,65536,48904,0,0,0,0,
15,16,80,578,11,14,-25,0,7,106,20,1,1,0,0,0,65536,65536,0,0,0,0,0,0,0,0,0,0,0,0,0,0,0,0,0,0,65536,0,0,0,0,
15,16,80,578,11,14,-25,0,8,203,20,18,18,36,36,0,65536,65536,65536,0,0,0,0,9000,9000,0,0,4500,0,7200000,0,4098501,4098501,7200000,4098501,61656,65536,3225960,3225960,872541,872541,
15,16,80,578,11,14,-25,0,9,238,12,24,3,0,0,0,8192,8192,65536,0,0,0,150,64800,58620,0,6180,10725,0,414281,4284,0,0,719596,4284,65536,10922,0,0,0,0,
15,16,80,578,11,14,-25,0,10,239,9,24,0,0,0,0,0,0,0,3,0,1,0,0,0,0,0,0,0,0,0,0,0,0,0,-13454,0,0,0,0,0,
15,16,80,578,11,14,-25,0,11,242,20,1,1,2,2,0,65536,65536,3027,0,0,0,0,12500,12500,0,0,2500,0,187500,0,179220,179220,187500,179220,-5914,65536,179220,179220,0,0,
15,16,80,578,11,14,-25,0,12,251,9,24,21,0,0,0,39938,57344,65536,0,0,0,14625,132216,132216,0,0,8263,76785,1765453,417719,0,0,2765537,417719,65536,58780,0,0,0,0,
16,17,85,578,11,14,-25,0,0,30,9,1,1,0,0,0,65536,65536,65536,0,0,0,7500,9020,9020,0,0,0,0,1370910,49445,0,0,1371030,49445,65536,65536,0,0,0,0,
16,17,85,578,11,14,-25,0,1,65,9,24,1,0,0,0,2048,2048,0,0,0,0,0,14726,14726,0,0,735,0,1631,0,0,0,7743,0,65536,2048,0,0,0,0,
16,17,85,578,11,14,-25,0,2,69,9,24,23,0,0,0,62805,62805,0,0,0,0,0,643996,592296,0,51700,0,0,1080712,0,0,0,2819499,0,65536,65516,0,0,0,0,
16,17,85,578,11,14,-25,0,3,79,2,24,1,0,0,0,2048,2048,0,0,0,0,0,3333,3333,0,0,0,0,2867,0,0,0,13620,0,65536,2048,0,0,0,0,
16,17,85,578,11,14,-25,0,4,90,2,1,1,0,0,0,65536,65536,65536,0,0,0,5000,14775,14775,0,0,0,0,441526,2770,0,0,441550,2770,65536,65536,0,0,0,0,
16,17,85,578,11,14,-25,0,5,98,2,1,1,0,0,0,2048,2048,-13493,0,0,0,156,299,299,0,0,0,0,394,2453,0,0,1876,2453,-22015,2048,0,0,0,0,
16,17,85,578,11,14,-25,0,6,102,8,24,20,0,0,0,54613,54613,0,0,0,0,0,359997,318797,0,41200,24199,0,559534,0,0,0,1680348,0,65536,57220,0,0,0,0,
16,17,85,578,11,14,-25,0,7,106,20,1,1,0,0,0,65536,65536,0,0,0,0,0,0,0,0,0,0,0,0,0,0,0,0,0,0,65536,0,0,0,0,
16,17,85,578,11,14,-25,0,8,203,20,18,18,36,36,0,65536,65536,65536,0,0,0,0,9000,9000,0,0,4500,0,7200000,0,4098501,4098501,7200000,4098501,61656,65536,3225960,3225960,872541,872541,
16,17,85,578,11,14,-25,0,9,238,12,24,24,0,0,0,65536,65536,65536,0,0,0,1200,518400,468960,0,49440,85800,0,1889319,37749,0,0,4594440,37749,65536,65536,0,0,0,0,
16,17,85,578,11,14,-25,0,10,239,9,24,0,0,0,0,0,0,0,3,0,1,0,0,0,0,0,0,0,0,0,0,0,0,0,-19785,0,0,0,0,0,
16,17,85,578,11,14,-25,0,11,242,20,1,1,2,2,0,65536,65536,3027,0,0,0,0,12500,12500,0,0,2500,0,187500,0,179220,179220,187500,179220,-5914,65536,179220,179220,0,0,
16,17,85,578,11,14,-25,0,12,251,9,24,22,0,0,0,37071,60074,65536,0,0,0,13575,122725,122725,0,0,7670,71272,1324013,427042,0,0,3074476,427042,65536,62158,0,0,0,0,
17,18,90,578,11,14,-25,0,0,30,9,1,1,0,0,0,65536,65536,65536,0,0,0,7500,9020,9020,0,0,0,0,1370910,47255,0,0,1371030,47255,65536,65536,0,0,0,0,
17,18,90,578,11,14,-25,0,1,65,9,24,1,0,0,0,2048,2048,0,0,0,0,0,14726,14726,0,0,735,0,1469,0,0,0,6978,0,65536,2048,0,0,0,0,
17,18,90,578,11,14,-25,0,2,69,9,24,23,0,0,0,62805,62805,0,0,0,0,0,643996,591196,0,52800,0,0,1243842,0,0,0,2850165,0,65536,65526,0,0,0,0,
17,18,90,578,11,14,-25,0,3,79,2,24,1,0,0,0,2048,2048,0,0,0,0,0,3333,3333,0,0,0,0,2645,0,0,0,12566,0,65536,2048,0,0,0,0,
17,18,90,578,11,14,-25,0,4,90,2,1,1,0,0,0,65536,65536,65536,0,0,0,5000,14775,14775,0,0,0,0,493443,2495,0,0,493470,2495,65536,65536,0,0,0,0,
17,18,90,578,11,14,-25,0,5,98,2,1,1,0,0,0,2048,2048,-13873,0,0,0,156,299,299,0,0,0,0,363,2480,0,0,1729,2480,-25862,2048,0,0,0,0,
17,18,90,578,11,14,-25,0,6,102,8,24,22,0,0,0,60074,60074,0,0,0,0,0,395995,350675,0,45320,26619,0,757186,0,0,0,1803578,0,65536,61378,0,0,0,0,
17,18,90,578,11,14,-25,0,7,106,20,1,1,0,0,0,65536,65536,0,0,0,0,0,0,0,0,0,0,0,0,0,0,0,0,0,0,65536,0,0,0,0,
17,18,90,578,11,14,-25,0,8,203,20,18,18,36,36,0,65536,65536,65536,0,0,0,0,9000,9000,0,0,4500,0,7200000,0,4098501,4098501,7200000,4098501,61656,65536,3225960,3225960,872541,872541,
17,18,90,578,11,14,-25,0,9,238,12,24,3,0,0,0,8192,8192,65536,0,0,0,150,64800,58620,0,6180,10725,0,97590,5273,0,0,695997,5273,65536,10922,0,0,0,0,
17,18,90,578,11,14,-25,0,10,239,9,24,0,0,0,0,0,0,0,3,0,1,0,0,0,0,0,0,0,0,0,0,0,0,0,-27112,0,0,0,0,0,
17,18,90,578,11,14,-25,0,11,242,20,1,1,2,2,0,65536,65536,3027,0,0,0,0,12500,12500,0,0,2500,0,187500,0,179220,179220,187500,179220,-5914,65536,179220,179220,0,0,
17,18,90,578,11,14,-25,0,12,251,9,24,23,0,0,0,39938,62805,65536,0,0,0,14625,132216,132216,0,0,8263,76785,1244346,514185,0,0,3192505,514185,65536,63847,0,0,0,0,
18,19,95,578,11,14,-25,0,0,30,9,1,1,0,0,0,65536,65536,65536,0,0,0,7500,9020,9020,0,0,0,0,1370910,45817,0,0,1371030,45817,65536,65536,0,0,0,0,
18,19,95,578,11,14,-25,0,1,65,9,24,1,0,0,0,2048,2048,0,0,0,0,0,14726,14726,0,0,735,0,1331,0,0,0,6315,0,65536,2048,0,0,0,0,
18,19,95,578,11,14,-25,0,2,69,9,24,23,0,0,0,62805,62805,0,0,0,0,0,643996,591196,0,52800,0,0,1328775,0,0,0,2893339,0,65536,65531,0,0,0,0,
18,19,95,578,11,14,-25,0,3,79,2,24,1,0,0,0,2048,2048,0,0,0,0,0,3333,3333,0,0,0,0,2437,0,0,0,11580,0,65536,2048,0,0,0,0,
18,19,95,578,11,14,-25,0,4,90,2,1,1,0,0,0,65536,65536,65536,0,0,0,5000,14775,14775,0,0,0,0,556602,2260,0,0,556630,2260,65536,65536,0,0,0,0,
18,19,95,578,11,14,-25,0,5,98,2,1,1,0,0,0,2048,2048,-13631,0,0,0,156,299,299,0,0,0,0,335,2415,0,0,1594,2415,-27993,2048,0,0,0,0,
18,19,95,578,11,14,-25,0,6,102,8,24,21,0,0,0,57344,57344,0,0,0,0,0,378000,334740,0,43260,25410,0,302471,0,0,0,1675034,0,65536,59206,0,0,0,0,
18,19,95,578,11,14,-25,0,7,106,20,1,1,0,0,0,65536,65536,0,0,0,0,0,0,0,0,0,0,0,0,0,0,0,0,0,0,65536,0,0,0,0,
18,19,95,578,11,14,-25,0,8,203,20,18,18,36,36,0,65536,65536,65536,0,0,0,0,9000,9000,0,0,4500,0,7200000,0,4098501,4098501,7200000,4098501,61656,65536,3225960,3225960,872541,872541,
18,19,95,578,11,14,-25,0,9,238,12,24,3,0,0,0,8192,8192,65536,0,0,0,150,64800,58620,0,6180,10725,0,90080,5948,0,0,642860,5948,65536,10922,0,0,0,0,
18,19,95,578,11,14,-25,0,10,239,9,24,0,0,0,0,0,0,0,3,0,1,0,0,0,0,0,0,0,0,0,0,0,0,0,-35435,0,0,0,0,0,
18,19,95,578,11,14,-25,0,11,242,20,1,1,2,2,0,65536,65536,3027,0,0,0,0,12500,12500,0,0,2500,0,187500,0,179220,179220,187500,179220,-5914,65536,179220,179220,0,0,
18,19,95,578,11,14,-25,0,12,251,9,24,23,0,0,0,39938,62805,-5454,0,0,0,14625,132216,132216,0,0,8263,76785,531722,579998,0,0,3150724,579998,65536,64691,0,0,0,0,
19,20,100,578,11,14,-25,0,0,30,9,1,1,0,0,0,65536,65536,65536,0,0,0,7500,9020,9020,0,0,0,0,1370910,45637,0,0,1371030,45637,65536,65536,0,0,0,0,
19,20,100,578,11,14,-25,0,1,65,9,24,1,0,0,0,2048,2048,0,0,0,0,0,14726,14726,0,0,735,0,1210,0,0,0,5741,0,65536,2048,0,0,0,0,
19,20,100,578,11,14,-25,0,2,69,9,24,23,0,0,0,62805,62805,0,0,0,0,0,643996,593396,0,50600,0,0,1426638,0,0,0,2949224,0,65536,65533,0,0,0,0,
19,20,100,578,11,14,-25,0,3,79,2,24,1,0,0,0,2048,2048,0,0,0,0,0,3333,3333,0,0,0,0,2247,0,0,0,10676,0,65536,2048,0,0,0,0,
19,20,100,578,11,14,-25,0,4,90,2,1,1,0,0,0,65536,65536,65536,0,0,0,5000,14775,14775,0,0,0,0,629646,2055,0,0,629680,2055,65536,65536,0,0,0,0,
19,20,100,578,11,14,-25,0,5,98,2,1,1,0,0,0,2048,2048,-13002,0,0,0,156,299,299,0,0,0,0,309,2293,0,0,1469,2293,-29086,2048,0,0,0,0,
19,20,100,578,11,14,-25,0,6,102,8,24,19,0,0,0,51882,51882,0,0,0,0,0,341995,302855,0,39140,22989,0,259001,0,0,0,1415728,0,65536,52874,0,0,0,0,
19,20,100,578,11,14,-25,0,7,106,20,1,1,0,0,0,65536,65536,0,0,0,0,0,0,0,0,0,0,0,0,0,0,0,0,0,0,65536,0,0,0,0,
19,20,100,578,11,14,-25,0,8,203,20,18,18,36,36,0,65536,65536,65536,0,0,0,0,9000,9000,0,0,4500,0,7200000,0,4098501,4098501,7200000,4098501,61656,65536,3225960,3225960,872541,872541,
19,20,100,578,11,14,-25,0,9,238,12,24,3,0,0,0,8192,8192,65536,0,0,0,150,64800,58620,0,6180,10725,0,212231,6729,0,0,619342,6729,65536,10922,0,0,0,0,
19,20,100,578,11,14,-25,0,10,239,9,24,0,0,0,0,0,0,0,3,0,1,0,0,0,0,0,0,0,0,0,0,0,0,0,-44630,0,0,0,0,0,
19,20,100,578,11,14,-25,0,11,242,20,1,1,2,2,0,65536,65536,3027,0,0,0,0,12500,12500,0,0,2500,0,187500,0,179220,179220,187500,179220,-5914,65536,179220,179220,0,0,
19,20,100,578,11,14,-25,0,12,251,9,24,21,0,0,0,39938,57344,-26695,0,0,0,14625,132216,132216,0,0,8263,76785,388847,656106,0,0,2710457,656106,65536,58613,0,0,0,0,
20,21,105,578,11,14,-25,0,0,30,9,1,1,0,0,0,65536,65536,65536,0,0,0,7500,9020,9020,0,0,0,0,1370910,46542,0,0,1371030,46542,65536,65536,0,0,0,0,
20,21,105,578,11,14,-25,0,1,65,9,24,1,0,0,0,2048,2048,0,0,0,0,0,14726,14726,0,0,735,0,1178,0,0,0,5580,0,65536,2048,0,0,0,0,
20,21,105,578,11,14,-25,0,2,69,9,24,23,0,0,0,62805,62805,0,0,0,0,0,643996,597796,0,46200,0,0,1516196,0,0,0,3016467,0,65536,65534,0,0,0,0,
20,21,105,578,11,14,-25,0,3,79,2,24,1,0,0,0,2048,2048,0,0,0,0,0,3333,3333,0,0,0,0,2074,0,0,0,9851,0,65536,2048,0,0,0,0,
20,21,105,578,11,14,-25,0,4,90,2,1,1,0,0,0,65536,65536,65536,0,0,0,5000,14775,14775,0,0,0,0,712855,2000,0,0,712890,2000,65536,65536,0,0,0,0,
20,21,105,578,11,14,-25,0,5,98,2,1,1,0,0,0,2048,2048,-12117,0,0,0,156,299,299,0,0,0,0,284,2133,0,0,1354,2133,-29398,2048,0,0,0,0,
20,21,105,578,11,14,-25,0,6,102,8,24,16,0,0,0,43690,43690,0,0,0,0,0,287995,255035,0,32960,19359,0,204895,0,0,0,1151362,0,65536,45774,0,0,0,0,
20,21,105,578,11,14,-25,0,7,106,20,1,1,0,0,0,65536,65536,0,0,0,0,0,0,0,0,0,0,0,0,0,0,0,0,0,0,65536,0,0,0,0,
20,21,105,578,11,14,-25,0,8,203,20,18,18,36,36,0,65536,65536,65536,0,0,0,0,9000,9000,0,0,4500,0,7200000,0,4098501,4098501,7200000,4098501,61656,65536,3225960,3225960,872541,872541,
20,21,105,578,11,14,-25,0,9,238,12,24,3,0,0,0,8192,8192,65536,0,0,0,150,64800,58620,0,6180,10725,0,374211,7618,0,0,621302,7618,65536,10922,0,0,0,0,
20,21,105,578,11,14,-25,0,10,239,9,24,0,0,0,0,0,0,0,3,0,1,0,0,0,0,0,0,0,0,0,0,0,0,0,-48995,0,0,0,0,0,
20,21,105,578,11,14,-25,0,11,242,20,1,1,2,2,0,65536,65536,3027,0,0,0,0,12500,12500,0,0,2500,0,187500,0,179220,179220,187500,179220,-5914,65536,179220,179220,0,0,
20,21,105,578,11,14,-25,0,12,251,9,24,17,0,0,0,39938,46421,-33634,1,0,0,14625,132216,132216,0,0,8263,76785,361584,742803,0,0,2099803,742803,65536,48830,0,0,0,0,
21,22,110,578,11,14,-25,0,0,30,9,1,1,0,0,0,65536,65536,65536,0,0,0,7500,9020,9020,0,0,0,0,1370910,48145,0,0,1371030,48145,65536,65536,0,0,0,0,
21,22,110,578,11,14,-25,0,1,65,9,24,1,0,0,0,2048,2048,0,0,0,0,0,14726,14726,0,0,735,0,1178,0,0,0,5580,0,65536,2048,0,0,0,0,
21,22,110,578,11,14,-25,0,2,69,9,24,23,0,0,0,62805,62805,0,0,0,0,0,643996,601096,0,42900,0,0,1587834,0,0,0,3089712,0,65536,65535,0,0,0,0,
21,22,110,578,11,14,-25,0,3,79,2,24,1,0,0,0,2048,2048,0,0,0,0,0,3333,3333,0,0,0,0,1915,0,0,0,9097,0,65536,2048,0,0,0,0,
21,22,110,578,11,14,-25,0,4,90,2,1,1,0,0,0,65536,65536,65536,0,0,0,5000,14775,14775,0,0,0,0,756078,2000,0,0,802515,2000,65536,65536,0,0,0,0,
21,22,110,578,11,14,-25,0,5,98,2,1,1,0,0,0,2048,2048,-11069,0,0,0,156,299,299,0,0,0,0,262,1951,0,0,1249,1951,-29095,2048,0,0,0,0,
21,22,110,578,11,14,-25,0,6,102,8,24,14,0,0,0,38229,38229,0,0,0,0,0,251997,223157,0,28840,16939,0,169286,0,0,0,954629,0,65536,40197,0,0,0,0,
21,22,110,578,11,14,-25,0,7,106,20,1,1,0,0,0,65536,65536,0,0,0,0,0,0,0,0,0,0,0,0,0,0,0,0,0,0,65536,0,0,0,0,
21,22,110,578,11,14,-25,0,8,203,20,18,18,36,36,0,65536,65536,65536,0,0,0,0,9000,9000,0,0,4500,0,7200000,0,4098501,4098501,7200000,4098501,61656,65536,3225960,3225960,872541,872541,
21,22,110,578,11,14,-25,0,9,238,12,24,3,0,0,0,8192,8192,65536,0,0,0,150,64800,58620,0,6180,10725,0,390028,8576,0,0,642920,8576,65536,10922,0,0,0,0,
21,22,110,578,11,14,-25,0,10,239,9,24,0,0,0,0,0,0,0,3,0,1,0,0,0,0,0,0,0,0,0,0,0,0,0,-51983,0,0,0,0,0,
21,22,110,578,11,14,-25,0,11,242,20,1,1,2,2,0,65536,65536,3027,0,0,0,0,12500,12500,0,0,2500,0,187500,0,179220,179220,187500,179220,-5914,65536,179220,179220,0,0,
21,22,110,578,11,14,-25,0,12,251,9,24,14,0,0,0,38229,38229,-39615,2,0,0,13999,126558,126558,0,0,7909,73499,316572,800392,0,0,1516487,800392,46382,38557,0,0,0,0,
22,23,115,578,11,14,-25,0,0,30,9,1,1,0,0,0,65536,65536,65536,0,0,0,7500,9020,9020,0,0,0,0,1370910,50602,0,0,1371030,50602,65536,65536,0,0,0,0,
22,23,115,578,11,14,-25,0,1,65,9,24,1,0,0,0,2048,2048,0,0,0,0,0,14726,14726,0,0,735,0,1178,0,0,0,5580,0,65536,2048,0,0,0,0,
22,23,115,578,11,14,-25,0,2,69,9,24,23,0,0,0,62805,62805,0,0,0,0,0,643996,616496,0,27500,0,0,1647178,0,0,0,3165671,0,65536,65535,0,0,0,0,
22,23,115,578,11,14,-25,0,3,79,2,24,1,0,0,0,2048,2048,0,0,0,0,0,3333,3333,0,0,0,0,1769,0,0,0,8407,0,65536,2048,0,0,0,0,
22,23,115,578,11,14,-25,0,4,90,2,1,1,0,0,0,61970,61970,65536,0,0,0,4727,13971,13971,0,0,0,0,151470,1890,0,0,719478,1890,65536,61970,0,0,0,0,
22,23,115,578,11,14,-25,0,5,98,2,1,1,0,0,0,2048,2048,-10072,0,0,0,156,299,299,0,0,0,0,242,1779,0,0,1152,1779,-28704,2048,0,0,0,0,
22,23,115,578,11,14,-25,0,6,102,8,24,13,0,0,0,35498,35498,0,0,0,0,0,233995,207215,0,26780,15729,0,151391,0,0,0,872122,0,65536,38128,0,0,0,0,
22,23,115,578,11,14,-25,0,7,106,20,1,1,0,0,0,65536,65536,0,0,0,0,0,0,0,0,0,0,0,0,0,0,0,0,0,0,65536,0,0,0,0,
22,23,115,578,11,14,-25,0,8,203,20,18,18,36,36,0,65536,65536,65536,0,0,0,0,9000,9000,0,0,4500,0,7200000,0,4098501,4098501,7200000,4098501,61656,65536,3225960,3225960,872541,872541,
22,23,115,578,11,14,-25,0,9,238,12,24,3,0,0,0,8192,8192,65536,0,0,0,150,64800,58620,0,6180,10725,0,419330,8131,0,0,686098,8131,65536,10922,0,0,0,0,
22,23,115,578,11,14,-25,0,10,239,9,24,0,0,0,0,0,0,0,3,0,1,0,0,0,0,0,0,0,0,0,0,0,0,0,-52351,0,0,0,0,0,
22,23,115,578,11,14,-25,0,11,242,20,1,1,2,2,0,65536,65536,3027,0,0,0,0,12500,12500,0,0,2500,0,187500,0,179220,179220,187500,179220,-5914,65536,179220,179220,0,0,
22,23,115,578,11,14,-25,0,12,251,9,24,0,0,0,0,0,0,0,3,0,1,0,0,0,0,0,0,0,0,0,0,0,0,0,42157,0,0,0,0,0,
23,24,120,578,11,14,-25,0,0,30,9,1,1,0,0,0,65536,65536,65536,0,0,0,7500,9020,9020,0,0,0,0,1370910,53847,0,0,1371030,53847,65536,65536,0,0,0,0,
23,24,120,578,11,14,-25,0,1,65,9,24,1,0,0,0,2048,2048,0,0,0,0,0,14726,14726,0,0,735,0,1178,0,0,0,5580,0,65536,2048,0,0,0,0,
23,24,120,578,11,14,-25,0,2,69,9,24,23,0,0,0,62805,62805,0,0,0,0,0,643996,616496,0,27500,0,0,1700000,0,0,0,3242950,0,65536,65535,0,0,0,0,
23,24,120,578,11,14,-25,0,3,79,2,24,1,0,0,0,2048,2048,0,0,0,0,0,3333,3333,0,0,0,0,1636,0,0,0,7773,0,65536,2048,0,0,0,0,
23,24,120,578,11,14,-25,0,4,90,2,1,1,0,0,0,13299,13299,65536,0,0,0,1014,2998,2998,0,0,0,0,28856,405,0,0,137075,405,65536,13299,0,0,0,0,
23,24,120,578,11,14,-25,0,5,98,2,1,1,0,0,0,2048,2048,-9856,0,0,0,156,299,299,0,0,0,0,223,1727,0,0,1062,1727,-30537,2048,0,0,0,0,
23,24,120,578,11,14,-25,0,6,102,8,24,18,0,0,0,49152,49152,0,0,0,0,0,324000,286920,0,37080,21780,0,227110,0,0,0,1158912,0,65536,51832,0,0,0,0,
23,24,120,578,11,14,-25,0,7,106,20,1,1,0,0,0,65536,65536,0,0,0,0,0,0,0,0,0,0,0,0,0,0,0,0,0,0,65536,0,0,0,0,
23,24,120,578,11,14,-25,0,8,203,20,18,18,36,36,0,65536,65536,65536,0,0,0,0,9000,9000,0,0,4500,0,7200000,0,4098501,4098501,7200000,4098501,61656,65536,3225960,3225960,872541,872541,
23,24,120,578,11,14,-25,0,9,238,12,24,24,0,0,0,65536,65536,65536,0,0,0,1200,518400,468960,0,49440,85800,0,1484454,57751,0,0,4489920,57751,65536,65536,0,0,0,0,
23,24,120,578,11,14,-25,0,10,239,9,24,0,0,0,0,0,0,0,3,0,1,0,0,0,0,0,0,0,0,0,0,0,0,0,-51849,0,0,0,0,0,
23,24,120,578,11,14,-25,0,11,242,20,1,1,2,2,0,65536,65536,3027,0,0,0,0,12500,12500,0,0,2500,0,187500,0,179220,179220,187500,179220,-5914,65536,179220,179220,0,0,
23,24,120,578,11,14,-25,0,12,251,9,24,0,0,0,0,0,0,0,3,1,1,0,0,0,0,0,0,0,0,0,0,0,0,0,52202,0,0,0,0,0,
24,25,125,578,11,14,-25,0,0,30,9,1,1,0,0,0,65536,65536,65536,0,0,0,7500,9020,9020,0,0,0,0,1370910,51530,0,0,1371030,51530,65536,65536,0,0,0,0,
24,25,125,578,11,14,-25,0,1,65,9,24,1,0,0,0,2048,2048,0,0,0,0,0,14726,14726,0,0,735,0,1178,0,0,0,5580,0,65536,2048,0,0,0,0,
24,25,125,578,11,14,-25,0,2,69,9,24,23,0,0,0,62805,62805,0,0,0,0,0,643996,590096,0,53900,0,0,1746231,0,0,0,3324909,0,65536,65535,0,0,0,0,
24,25,125,578,11,14,-25,0,3,79,2,24,1,0,0,0,2048,2048,0,0,0,0,0,3333,3333,0,0,0,0,1599,0,0,0,7597,0,65536,2048,0,0,0,0,
24,25,125,578,11,14,-25,0,4,90,2,1,1,0,0,0,2048,2048,65536,0,0,0,156,461,461,0,0,0,0,18436,62,0,0,18497,62,65536,2048,0,0,0,0,
24,25,125,578,11,14,-25,0,5,98,2,1,1,0,0,0,2048,2048,-10702,0,0,0,156,299,299,0,0,0,0,206,1839,0,0,979,1839,-35221,2048,0,0,0,0,
24,25,125,578,11,14,-25,0,6,102,8,24,21,0,0,0,57344,57344,0,0,0,0,0,378000,334740,0,43260,25410,0,452856,0,0,0,1308999,0,65536,58684,0,0,0,0,
24,25,125,578,11,14,-25,0,7,106,20,1,1,0,0,0,65536,65536,0,0,0,0,0,0,0,0,0,0,0,0,0,0,0,0,0,0,65536,0,0,0,0,
24,25,125,578,11,14,-25,0,8,203,20,18,18,36,36,0,65536,65536,65536,0,0,0,0,9000,9000,0,0,4500,0,7200000,0,4098501,4098501,7200000,4098501,61656,65536,3225960,3225960,872541,872541,
24,25,125,578,11,14,-25,0,9,238,12,24,3,0,0,0,8192,8192,65536,0,0,0,150,64800,58620,0,6180,10725,0,93938,6325,0,0,674638,6325,65536,10922,0,0,0,0,
24,25,125,578,11,14,-25,0,10,239,9,24,0,0,0,0,0,0,0,3,0,1,0,0,0,0,0,0,0,0,0,0,0,0,0,-47434,0,0,0,0,0,
24,25,125,578,11,14,-25,0,11,242,20,1,1,2,2,0,65536,65536,3027,0,0,0,0,12500,12500,0,0,2500,0,187500,0,179220,179220,187500,179220,-5914,65536,179220,179220,0,0,
24,25,125,578,11,14,-25,0,12,251,9,24,24,0,0,0,65536,65536,47491,0,0,0,24000,216960,216960,0,0,13560,126000,1745541,1012104,0,0,2429640,1012104,65536,65536,0,0,0,0,
25,26,130,578,11,14,-25,0,0,30,9,1,1,0,0,0,65536,65536,65536,0,0,0,7500,9020,9020,0,0,0,0,1370910,48912,0,0,1371030,48912,65536,65536,0,0,0,0,
25,26,130,578,11,14,-25,0,1,65,9,24,1,0,0,0,2048,2048,0,0,0,0,0,14726,14726,0,0,735,0,1178,0,0,0,5580,0,65536,2048,0,0,0,0,
25,26,130,578,11,14,-25,0,2,69,9,24,23,0,0,0,62805,62805,0,0,0,0,0,643996,590096,0,53900,0,0,1648437,0,0,0,3392828,0,65536,65535,0,0,0,0,
25,26,130,578,11,14,-25,0,3,79,2,24,1,0,0,0,2048,2048,0,0,0,0,0,3333,3333,0,0,0,0,1599,0,0,0,7597,0,65536,2048,0,0,0,0,
25,26,130,578,11,14,-25,0,4,90,2,1,1,0,0,0,65536,65536,65536,0,0,0,5000,14775,14775,0,0,0,0,611341,2000,0,0,611370,2000,65536,65536,0,0,0,0,
25,26,130,578,11,14,-25,0,5,98,2,1,1,0,0,0,2048,2048,-11128,0,0,0,156,299,299,0,0,0,0,190,1888,0,0,903,1888,-38312,2048,0,0,0,0,
25,26,130,578,11,14,-25,0,6,102,8,24,22,0,0,0,60074,60074,0,0,0,0,0,395995,350675,0,45320,26619,0,333191,0,0,0,1362105,0,65536,62110,0,0,0,0,
25,26,130,578,11,14,-25,0,7,106,20,1,1,0,0,0,65536,65536,0,0,0,0,0,0,0,0,0,0,0,0,0,0,0,0,0,0,65536,0,0,0,0,
25,26,130,578,11,14,-25,0,8,203,20,18,18,36,36,0,65536,65536,65536,0,0,0,0,9000,9000,0,0,4500,0,7200000,0,4098501,4098501,7200000,4098501,61656,65536,3225960,3225960,872541,872541,
25,26,130,578,11,14,-25,0,9,238,12,24,3,0,0,0,8192,8192,65536,0,0,0,150,64800,58620,0,6180,10725,0,83123,6533,0,0,596283,6533,65536,10922,0,0,0,0,
25,26,130,578,11,14,-25,0,10,239,9,24,0,0,0,0,0,0,0,3,0,1,0,0,0,0,0,0,0,0,0,0,0,0,0,-50462,0,0,0,0,0,
25,26,130,578,11,14,-25,0,11,242,20,1,1,2,2,0,65536,65536,3027,0,0,0,0,12500,12500,0,0,2500,0,187500,0,179220,179220,187500,179220,-5914,65536,179220,179220,0,0,
25,26,130,578,11,14,-25,0,12,251,9,24,24,0,0,0,16984,65536,40893,0,0,0,6219,56226,56226,0,0,3514,32653,439904,270880,0,0,2495400,270880,65536,65536,0,0,0,0,
26,27,135,578,11,14,-25,0,0,30,9,1,1,0,0,0,65536,65536,65536,0,0,0,7500,9020,9020,0,0,0,0,1370910,47042,0,0,1371030,47042,65536,65536,0,0,0,0,
26,27,135,578,11,14,-25,0,1,65,9,24,1,0,0,0,2048,2048,0,0,0,0,0,14726,14726,0,0,735,0,1178,0,0,0,5580,0,65536,2048,0,0,0,0,
26,27,135,578,11,14,-25,0,2,69,9,24,23,0,0,0,62805,62805,0,0,0,0,0,643996,590096,0,53900,0,0,1609374,0,0,0,3450667,0,65536,65535,0,0,0,0,
26,27,135,578,11,14,-25,0,3,79,2,24,1,0,0,0,2048,2048,0,0,0,0,0,3333,3333,0,0,0,0,1599,0,0,0,7597,0,65536,2048,0,0,0,0,
26,27,135,578,11,14,-25,0,4,90,2,1,1,0,0,0,65536,65536,65536,0,0,0,5000,14775,14775,0,0,0,0,687768,2000,0,0,687805,2000,65536,65536,0,0,0,0,
26,27,135,578,11,14,-25,0,5,98,2,1,1,0,0,0,2048,2048,-11481,0,0,0,156,299,299,0,0,0,0,175,1927,0,0,833,1927,-40937,2048,0,0,0,0,
26,27,135,578,11,14,-25,0,6,102,8,24,21,0,0,0,57344,57344,0,0,0,0,0,378000,334740,0,43260,25410,0,226217,0,0,0,1258746,0,65536,59488,0,0,0,0,
26,27,135,578,11,14,-25,0,7,106,20,1,1,0,0,0,65536,65536,0,0,0,0,0,0,0,0,0,0,0,0,0,0,0,0,0,0,65536,0,0,0,0,
26,27,135,578,11,14,-25,0,8,203,20,18,18,36,36,0,65536,65536,65536,0,0,0,0,9000,9000,0,0,4500,0,7200000,0,4098501,4098501,7200000,4098501,61656,65536,3225960,3225960,872541,872541,
26,27,135,578,11,14,-25,0,9,238,12,24,3,0,0,0,8192,8192,65536,0,0,0,150,64800,58620,0,6180,10725,0,75113,7350,0,0,538247,7350,65536,10922,0,0,0,0,
26,27,135,578,11,14,-25,0,10,239,9,24,0,0,0,0,0,0,0,3,0,1,0,0,0,0,0,0,0,0,0,0,0,0,0,-54988,0,0,0,0,0,
26,27,135,578,11,14,-25,0,11,242,20,1,1,2,2,0,65536,65536,3027,0,0,0,0,12500,12500,0,0,2500,0,187500,0,179220,179220,187500,179220,-5914,65536,179220,179220,0,0,
26,27,135,578,11,14,-25,0,12,251,9,24,24,0,0,0,39938,65536,40386,0,0,0,14625,132216,132216,0,0,8263,76785,1158317,716668,0,0,2547000,716668,63499,65536,0,0,0,0,
27,28,140,578,11,14,-25,0,0,30,9,1,1,0,0,0,65536,65536,65536,0,0,0,7500,9020,9020,0,0,0,0,1370910,46405,0,0,1371030,46405,65536,65536,0,0,0,0,
27,28,140,578,11,14,-25,0,1,65,9,24,1,0,0,0,2048,2048,0,0,0,0,0,14726,14726,0,0,735,0,1178,0,0,0,5580,0,65536,2048,0,0,0,0,
27,28,140,578,11,14,-25,0,2,69,9,24,23,0,0,0,62805,62805,0,0,0,0,0,643996,590096,0,53900,0,0,1542497,0,0,0,3494346,0,65536,65535,0,0,0,0,
27,28,140,578,11,14,-25,0,3,79,2,24,1,0,0,0,2048,2048,0,0,0,0,0,3333,3333,0,0,0,0,1599,0,0,0,7597,0,65536,2048,0,0,0,0,
27,28,140,578,11,14,-25,0,4,90,2,1,1,0,0,0,65536,65536,65536,0,0,0,5000,14775,14775,0,0,0,0,779383,2000,0,0,779425,2000,65536,65536,0,0,0,0,
27,28,140,578,11,14,-25,0,5,98,2,1,1,0,0,0,2048,2048,-11809,0,0,0,156,299,299,0,0,0,0,161,1963,0,0,768,1963,-43271,2048,0,0,0,0,
27,28,140,578,11,14,-25,0,6,102,8,24,19,0,0,0,51882,51882,0,0,0,0,0,341995,302855,0,39140,22989,0,194978,0,0,0,1084365,0,65536,53798,0,0,0,0,
27,28,140,578,11,14,-25,0,7,106,20,1,1,0,0,0,65536,65536,0,0,0,0,0,0,0,0,0,0,0,0,0,0,0,0,0,0,65536,0,0,0,0,
27,28,140,578,11,14,-25,0,8,203,20,18,18,36,36,0,65536,65536,65536,0,0,0,0,9000,9000,0,0,4500,0,7200000,0,4098629,4098629,7200000,4098629,61656,65536,3226140,3226140,872489,872489,
27,28,140,578,11,14,-25,0,9,238,12,24,3,0,0,0,8192,8192,65536,0,0,0,150,64800,58620,0,6180,10725,0,71747,8329,0,0,513908,8329,65536,10922,0,0,0,0,
27,28,140,578,11,14,-25,0,10,239,9,24,0,0,0,0,0,0,0,3,0,1,0,0,0,0,0,0,0,0,0,0,0,0,0,-56335,0,0,0,0,0,
27,28,140,578,11,14,-25,0,11,242,20,1,1,2,2,0,65536,65536,3023,0,0,0,0,12500,12500,0,0,2500,0,187500,0,179230,179230,187500,179230,-5914,65536,179230,179230,0,0,
27,28,140,578,11,14,-25,0,12,251,9,24,24,0,0,0,39938,65536,12152,0,0,0,14625,132216,132216,0,0,8263,76785,962720,812126,0,0,2594400,812126,50450,65536,0,0,0,0,
28,29,145,578,11,14,-25,0,0,30,9,1,1,0,0,0,65536,65536,65536,0,0,0,7500,9020,9020,0,0,0,0,1370910,46380,0,0,1371030,46380,65536,65536,0,0,0,0,
28,29,145,578,11,14,-25,0,1,65,9,24,1,0,0,0,2048,2048,0,0,0,0,0,14726,14726,0,0,735,0,1178,0,0,0,5580,0,65536,2048,0,0,0,0,
28,29,145,578,11,14,-25,0,2,69,9,24,23,0,0,0,62805,62805,0,0,0,0,0,643996,590096,0,53900,0,0,1450500,0,0,0,3519786,0,65536,65535,0,0,0,0,
28,29,145,578,11,14,-25,0,3,79,2,24,1,0,0,0,2048,2048,0,0,0,0,0,3333,3333,0,0,0,0,1599,0,0,0,7597,0,65536,2048,0,0,0,0,
28,29,145,578,11,14,-25,0,4,90,2,1,1,0,0,0,65536,65536,65536,0,0,0,5000,14775,14775,0,0,0,0,885033,2000,0,0,885080,2000,65536,65536,0,0,0,0,
28,29,145,578,11,14,-25,0,5,98,2,1,1,0,0,0,2048,2048,-11875,0,0,0,156,299,299,0,0,0,0,149,1961,0,0,708,1961,-44976,2048,0,0,0,0,
28,29,145,578,11,14,-25,0,6,102,8,24,17,0,0,0,46421,46421,0,0,0,0,0,305997,270977,0,35020,20569,0,165783,0,0,0,919021,0,65536,47979,0,0,0,0,
28,29,145,578,11,14,-25,0,7,106,20,1,1,0,0,0,65536,65536,0,0,0,0,0,0,0,0,0,0,0,0,0,0,0,0,0,0,65536,0,0,0,0,
28,29,145,578,11,14,-25,0,8,203,20,18,18,36,36,0,65536,65536,65536,0,0,0,0,9000,9000,0,0,4500,0,7200000,0,4101066,4101066,7200000,4101066,61650,65536,3229560,3229560,871506,871506,
28,29,145,578,11,14,-25,0,9,238,12,24,3,0,0,0,8192,8192,65536,0,0,0,150,64800,58620,0,6180,10725,0,109197,9458,0,0,508408,9458,65536,10922,0,0,0,0,
28,29,145,578,11,14,-25,0,10,239,9,24,0,0,0,0,0,0,0,3,0,1,0,0,0,0,0,0,0,0,0,0,0,0,0,-57433,0,0,0,0,0,
28,29,145,578,11,14,-25,0,11,242,20,1,1,2,2,0,65536,65536,2951,0,0,0,0,12500,12500,0,0,2500,0,187500,0,179420,179420,187500,179420,-5917,65536,179420,179420,0,0,
28,29,145,578,11,14,-25,0,12,251,9,24,24,0,0,0,39938,65536,-14969,0,0,0,14625,132216,132216,0,0,8263,76785,711566,922223,0,0,2592000,922223,36509,65536,0,0,0,0,
29,30,150,578,11,14,-25,0,0,30,9,1,1,0,0,0,65536,65536,65536,0,0,0,7500,9020,9020,0,0,0,0,1370910,46662,0,0,1371030,46662,65536,65536,0,0,0,0,
29,30,150,578,11,14,-25,0,1,65,9,24,1,0,0,0,2048,2048,0,0,0,0,0,14726,14726,0,0,735,0,1178,0,0,0,5580,0,65536,2048,0,0,0,0,
29,30,150,578,11,14,-25,0,2,69,9,24,23,0,0,0,62805,62805,0,0,0,0,0,643996,590096,0,53900,0,0,1339263,0,0,0,3523146,0,65536,65535,0,0,0,0,
29,30,150,578,11,14,-25,0,3,79,2,24,1,0,0,0,2048,2048,0,0,0,0,0,3333,3333,0,0,0,0,1599,0,0,0,7597,0,65536,2048,0,0,0,0,
29,30,150,578,11,14,-25,0,4,90,2,1,1,0,0,0,65536,65536,65536,0,0,0,5000,14775,14775,0,0,0,0,1005635,2000,0,0,1005685,2000,65536,65536,0,0,0,0,
29,30,150,578,11,14,-25,0,5,98,2,1,1,0,0,0,2048,2048,-11789,0,0,0,156,299,299,0,0,0,0,137,1936,0,0,653,1936,-46323,2048,0,0,0,0,
29,30,150,578,11,14,-25,0,6,102,8,24,16,0,0,0,43690,43690,0,0,0,0,0,287995,255035,0,32960,19359,0,149246,0,0,0,802176,0,65536,43792,0,0,0,0,
29,30,150,578,11,14,-25,0,7,106,20,1,1,0,0,0,65536,65536,0,0,0,0,0,0,0,0,0,0,0,0,0,0,0,0,0,0,65536,0,0,0,0,
29,30,150,578,11,14,-25,0,8,203,20,18,18,36,36,0,65536,65536,65536,0,0,0,0,9000,9000,0,0,4500,0,7200000,0,4100040,4100040,7200000,4100040,61514,65536,3228120,3228120,871920,871920,
29,30,150,578,11,14,-25,0,9,238,12,24,3,0,0,0,8192,8192,65536,0,0,0,150,64800,58620,0,6180,10725,0,310137,10747,0,0,514548,10747,65536,10922,0,0,0,0,
29,30,150,578,11,14,-25,0,10,239,9,24,0,0,0,0,0,0,0,3,0,1,0,0,0,0,0,0,0,0,0,0,0,0,0,-58405,0,0,0,0,0,
29,30,150,578,11,14,-25,0,11,242,20,1,1,2,2,0,65536,65536,2981,0,0,0,0,12500,12500,0,0,2500,0,187500,0,179340,179340,187500,179340,-5980,65536,179340,179340,0,0,
29,30,150,578,11,14,-25,0,12,251,9,24,24,0,0,0,39938,65536,-35950,0,0,0,14625,132216,132216,0,0,8263,76785,473052,1047881,0,0,2557920,1047881,23087,65536,0,0,0,0,
30,31,155,578,11,14,-25,0,0,30,9,1,1,0,0,0,65536,65536,65536,0,0,0,7500,9020,9020,0,0,0,0,1370910,47182,0,0,1371030,47182,65536,65536,0,0,0,0,
30,31,155,578,11,14,-25,0,1,65,9,24,1,0,0,0,2048,2048,0,0,0,0,0,14726,14726,0,0,735,0,1178,0,0,0,5580,0,65536,2048,0,0,0,0,
30,31,155,578,11,14,-25,0,2,69,9,24,23,0,0,0,62805,62805,0,0,0,0,0,643996,591196,0,52800,0,0,1221886,0,0,0,3506346,0,65536,65535,0,0,0,0,
30,31,155,578,11,14,-25,0,3,79,2,24,1,0,0,0,2048,2048,0,0,0,0,0,3333,3333,0,0,0,0,1599,0,0,0,7597,0,65536,2048,0,0,0,0,
30,31,155,578,11,14,-25,0,4,90,2,1,1,0,0,0,65536,65536,65536,0,0,0,5000,14775,14775,0,0,0,0,1142725,2000,0,0,1142785,2000,65536,65536,0,0,0,0,
30,31,155,578,11,14,-25,0,5,98,2,1,1,0,0,0,2048,2048,-11580,0,0,0,156,299,299,0,0,0,0,126,1893,0,0,603,1893,-47409,2048,0,0,0,0,
30,31,155,578,11,14,-25,0,6,102,8,24,15,0,0,0,40960,40960,0,0,0,0,0,270000,239100,0,30900,18150,0,135474,0,0,0,744226,0,65536,41958,0,0,0,0,
30,31,155,578,11,14,-25,0,7,106,20,1,1,0,0,0,65536,65536,0,0,0,0,0,0,0,0,0,0,0,0,0,0,0,0,0,0,65536,0,0,0,0,
30,31,155,578,11,14,-25,0,8,203,20,18,18,36,36,0,65536,65536,65536,0,0,0,0,9000,9000,0,0,4500,0,7200000,0,4100040,4100040,7200000,4100040,61573,65536,3228120,3228120,871920,871920,
30,31,155,578,11,14,-25,0,9,238,12,24,3,0,0,0,8192,8192,65536,0,0,0,150,64800,58620,0,6180,10725,0,321372,12212,0,0,530487,12212,65536,10922,0,0,0,0,
30,31,155,578,11,14,-25,0,10,239,9,24,0,0,0,0,0,0,0,3,0,1,0,0,0,0,0,0,0,0,0,0,0,0,0,-59260,0,0,0,0,0,
30,31,155,578,11,14,-25,0,11,242,20,1,1,2,2,0,65536,65536,2981,0,0,0,0,12500,12500,0,0,2500,0,187500,0,179340,179340,187500,179340,-5953,65536,179340,179340,0,0,
30,31,155,578,11,14,-25,0,12,251,9,24,23,0,0,0,39938,62805,-47873,1,0,0,14625,132216,132216,0,0,8263,76785,320914,1190738,0,0,2454755,1190738,10731,64317,0,0,0,0,
31,32,160,578,11,14,-25,0,0,30,9,1,1,0,0,0,65536,65536,65536,0,0,0,7500,9020,9020,0,0,0,0,1370910,47915,0,0,1371030,47915,65536,65536,0,0,0,0,
31,32,160,578,11,14,-25,0,1,65,9,24,1,0,0,0,2048,2048,0,0,0,0,0,14726,14726,0,0,735,0,1178,0,0,0,5580,0,65536,2048,0,0,0,0,
31,32,160,578,11,14,-25,0,2,69,9,24,23,0,0,0,62805,62805,0,0,0,0,0,643996,593396,0,50600,0,0,1107225,0,0,0,3468787,0,65536,65535,0,0,0,0,
31,32,160,578,11,14,-25,0,3,79,2,24,1,0,0,0,2048,2048,0,0,0,0,0,3333,3333,0,0,0,0,1599,0,0,0,7597,0,65536,2048,0,0,0,0,
31,32,160,578,11,14,-25,0,4,90,2,1,1,0,0,0,65536,65536,65536,0,0,0,5000,14775,14775,0,0,0,0,1263180,2000,0,0,1263245,2000,65536,65536,0,0,0,0,
31,32,160,578,11,14,-25,0,5,98,2,1,1,0,0,0,2048,2048,-11272,0,0,0,156,299,299,0,0,0,0,117,1837,0,0,556,1837,-48294,2048,0,0,0,0,
31,32,160,578,11,14,-25,0,6,102,8,24,19,0,0,0,51882,51882,0,0,0,0,0,341995,302855,0,39140,22989,0,225516,0,0,0,937784,0,65536,53747,0,0,0,0,
31,32,160,578,11,14,-25,0,7,106,20,1,1,0,0,0,65536,65536,0,0,0,0,0,0,0,0,0,0,0,0,0,0,0,0,0,0,65536,0,0,0,0,
31,32,160,578,11,14,-25,0,8,203,20,18,18,36,36,0,65536,65536,65536,0,0,0,0,9000,9000,0,0,4500,0,7200000,0,4100040,4100040,7200000,4100040,61573,65536,3228120,3228120,871920,871920,
31,32,160,578,11,14,-25,0,9,238,12,24,3,0,0,0,8192,8192,65536,0,0,0,150,64800,58620,0,6180,10725,0,337724,13500,0,0,555506,13500,65536,10922,0,0,0,0,
31,32,160,578,11,14,-25,0,10,239,9,24,0,0,0,0,0,0,0,3,0,1,0,0,0,0,0,0,0,0,0,0,0,0,0,-59859,0,0,0,0,0,
31,32,160,578,11,14,-25,0,11,242,20,1,1,2,2,0,65536,65536,2981,0,0,0,0,12500,12500,0,0,2500,0,187500,0,179340,179340,187500,179340,-5953,65536,179340,179340,0,0,
31,32,160,578,11,14,-25,0,12,251,9,24,21,0,0,0,39938,57344,-50030,2,0,0,14625,132216,132216,0,0,8263,76785,311421,1316250,0,0,2209871,1316250,1413,59667,0,0,0,0,
32,33,165,578,11,14,-25,0,0,30,9,1,1,0,0,0,65536,65536,65536,0,0,0,7500,9020,9020,0,0,0,0,1370910,49400,0,0,1371030,49400,65536,65536,0,0,0,0,
32,33,165,578,11,14,-25,0,1,65,9,24,1,0,0,0,2048,2048,0,0,0,0,0,14726,14726,0,0,735,0,1178,0,0,0,5580,0,65536,2048,0,0,0,0,
32,33,165,578,11,14,-25,0,2,69,9,24,23,0,0,0,62805,62805,0,0,0,0,0,643996,616496,0,27500,0,0,1040571,0,0,0,3416347,0,65536,65535,0,0,0,0,
32,33,165,578,11,14,-25,0,3,79,2,24,1,0,0,0,2048,2048,0,0,0,0,0,3333,3333,0,0,0,0,1599,0,0,0,7597,0,65536,2048,0,0,0,0,
32,33,165,578,11,14,-25,0,4,90,2,1,1,0,0,0,65536,65536,65536,0,0,0,5000,14775,14775,0,0,0,0,445699,2000,0,0,1263245,2000,65536,65536,0,0,0,0,
32,33,165,578,11,14,-25,0,5,98,2,1,1,0,0,0,2048,2048,-10957,0,0,0,156,299,299,0,0,0,0,108,1780,0,0,513,1780,-49122,2048,0,0,0,0,
32,33,165,578,11,14,-25,0,6,102,8,24,21,0,0,0,57344,57344,0,0,0,0,0,378000,334740,0,43260,25410,0,305702,0,0,0,1033088,0,65536,59641,0,0,0,0,
32,33,165,578,11,14,-25,0,7,106,20,1,1,0,0,0,65536,65536,0,0,0,0,0,0,0,0,0,0,0,0,0,0,0,0,0,0,65536,0,0,0,0,
32,33,165,578,11,14,-25,0,8,203,20,18,18,36,36,0,65536,65536,65536,0,0,0,0,9000,9000,0,0,4500,0,7200000,0,4100040,4100040,7200000,4100040,61573,65536,3228120,3228120,871920,871920,
32,33,165,578,11,14,-25,0,9,238,12,24,24,0,0,0,65536,65536,65536,0,0,0,1200,518400,468960,0,49440,85800,0,1260198,108000,0,0,3609720,108000,65536,65536,0,0,0,0,
32,33,165,578,11,14,-25,0,10,239,9,24,0,0,0,0,0,0,0,3,0,1,0,0,0,0,0,0,0,0,0,0,0,0,0,-59859,0,0,0,0,0,
32,33,165,578,11,14,-25,0,11,242,20,1,1,2,2,0,65536,65536,2981,0,0,0,0,12500,12500,0,0,2500,0,187500,0,179340,179340,187500,179340,-5953,65536,179340,179340,0,0,
32,33,165,578,11,14,-25,0,12,251,9,24,0,0,0,0,0,0,0,3,0,1,0,0,0,0,0,0,0,0,0,0,0,0,0,-655,0,0,0,0,0,
33,34,170,578,11,14,-25,0,0,30,9,1,1,0,0,0,65536,65536,65536,0,0,0,7500,9020,9020,0,0,0,0,1370910,46737,0,0,1371030,46737,65536,65536,0,0,0,0,
33,34,170,578,11,14,-25,0,1,65,9,24,1,0,0,0,2048,2048,0,0,0,0,0,14726,14726,0,0,735,0,1178,0,0,0,5580,0,65536,2048,0,0,0,0,
33,34,170,578,11,14,-25,0,2,69,9,24,23,0,0,0,62805,62805,0,0,0,0,0,643996,616496,0,27500,0,0,1089990,0,0,0,3376748,0,65536,65535,0,0,0,0,
33,34,170,578,11,14,-25,0,3,79,2,24,1,0,0,0,2048,2048,0,0,0,0,0,3333,3333,0,0,0,0,1599,0,0,0,7597,0,65536,2048,0,0,0,0,
33,34,170,578,11,14,-25,0,4,90,2,1,1,0,0,0,20128,20128,65536,0,0,0,1535,4537,4537,0,0,0,0,73516,614,0,0,349262,614,65536,20128,0,0,0,0,
33,34,170,578,11,14,-25,0,5,98,2,1,1,0,0,0,2048,2048,-11337,0,0,0,156,299,299,0,0,0,0,107,1837,0,0,511,1837,-49691,2048,0,0,0,0,
33,34,170,578,11,14,-25,0,6,102,8,24,22,0,0,0,60074,60074,0,0,0,0,0,395995,350675,0,45320,26619,0,241075,0,0,0,1065569,0,65536,62588,0,0,0,0,
33,34,170,578,11,14,-25,0,7,106,20,1,1,0,0,0,65536,65536,0,0,0,0,0,0,0,0,0,0,0,0,0,0,0,0,0,0,65536,0,0,0,0,
33,34,170,578,11,14,-25,0,8,203,20,18,18,36,36,0,65536,65536,65536,0,0,0,0,9000,9000,0,0,4500,0,7200000,0,4100040,4100040,7200000,4100040,61573,65536,3228120,3228120,871920,871920,
33,34,170,578,11,14,-25,0,9,238,12,24,3,0,0,0,8192,8192,65536,0,0,0,150,64800,58620,0,6180,10725,0,75937,12152,0,0,544366,12152,65536,10922,0,0,0,0,
33,34,170,578,11,14,-25,0,10,239,9,24,0,0,0,0,0,0,0,3,0,1,0,0,0,0,0,0,0,0,0,0,0,0,0,-59229,0,0,0,0,0,
33,34,170,578,11,14,-25,0,11,242,20,1,1,2,2,0,65536,65536,2981,0,0,0,0,12500,12500,0,0,2500,0,187500,0,179340,179340,187500,179340,-5953,65536,179340,179340,0,0,
33,34,170,578,11,14,-25,0,12,251,9,24,0,0,0,0,0,0,0,3,1,1,0,0,0,0,0,0,0,0,0,0,0,0,0,8835,0,0,0,0,0,
34,35,175,578,11,14,-25,0,0,30,9,1,1,0,0,0,65536,65536,65536,0,0,0,7500,9020,9020,0,0,0,0,1370910,43792,0,0,1371030,43792,65536,65536,0,0,0,0,
34,35,175,578,11,14,-25,0,1,65,9,24,1,0,0,0,2048,2048,0,0,0,0,0,14726,14726,0,0,735,0,1178,0,0,0,5580,0,65536,2048,0,0,0,0,
34,35,175,578,11,14,-25,0,2,69,9,24,23,0,0,0,62805,62805,0,0,0,0,0,643996,590096,0,53900,0,0,973262,0,0,0,3320949,0,65536,65535,0,0,0,0,
34,35,175,578,11,14,-25,0,3,79,2,24,1,0,0,0,2048,2048,0,0,0,0,0,3333,3333,0,0,0,0,1599,0,0,0,7597,0,65536,2048,0,0,0,0,
34,35,175,578,11,14,-25,0,4,90,2,1,1,0,0,0,2181,2181,65536,0,0,0,166,491,491,0,0,0,0,33153,66,0,0,33254,66,65536,2181,0,0,0,0,
34,35,175,578,11,14,-25,0,5,98,2,1,1,0,0,0,2048,2048,-12484,0,0,0,156,299,299,0,0,0,0,107,2012,0,0,511,2012,-51069,2048,0,0,0,0,
34,35,175,578,11,14,-25,0,6,102,8,24,19,0,0,0,51882,51882,0,0,0,0,0,341995,302855,0,39140,22989,0,155425,0,0,0,866885,0,65536,53965,0,0,0,0,
34,35,175,578,11,14,-25,0,7,106,20,1,1,0,0,0,65536,65536,0,0,0,0,0,0,0,0,0,0,0,0,0,0,0,0,0,0,65536,0,0,0,0,
34,35,175,578,11,14,-25,0,8,203,20,18,18,36,36,0,65536,65536,65536,0,0,0,0,9000,9000,0,0,4500,0,7200000,0,4100040,4100040,7200000,4100040,61573,65536,3228120,3228120,871920,871920,
34,35,175,578,11,14,-25,0,9,238,12,24,3,0,0,0,8192,8192,65536,0,0,0,150,64800,58620,0,6180,10725,0,67540,10678,0,0,483330,10678,65536,10922,0,0,0,0,
34,35,175,578,11,14,-25,0,10,239,9,24,0,0,0,0,0,0,0,3,0,1,0,0,0,0,0,0,0,0,0,0,0,0,0,-58359,0,0,0,0,0,
34,35,175,578,11,14,-25,0,11,242,20,1,1,2,2,0,65536,65536,2981,0,0,0,0,12500,12500,0,0,2500,0,187500,0,179340,179340,187500,179340,-5953,65536,179340,179340,0,0,
34,35,175,578,11,14,-25,0,12,251,9,24,24,0,0,0,65536,65536,1268,0,0,0,24000,216960,216960,0,0,13560,126000,1741642,1708584,0,0,2658360,1708584,27166,65536,0,0,0,0,
35,36,180,578,11,14,-25,0,0,30,9,1,1,0,0,0,65536,65536,65536,0,0,0,7500,9020,9020,0,0,0,0,1370910,41165,0,0,1371030,41165,65536,65536,0,0,0,0,
35,36,180,578,11,14,-25,0,1,65,9,24,1,0,0,0,2048,2048,0,0,0,0,0,14726,14726,0,0,735,0,1178,0,0,0,5580,0,65536,2048,0,0,0,0,
35,36,180,578,11,14,-25,0,2,69,9,24,23,0,0,0,62805,62805,0,0,0,0,0,643996,590096,0,53900,0,0,855353,0,0,0,3248350,0,65536,65535,0,0,0,0,
35,36,180,578,11,14,-25,0,3,79,2,24,1,0,0,0,2048,2048,0,0,0,0,0,3333,3333,0,0,0,0,1599,0,0,0,7597,0,65536,2048,0,0,0,0,
35,36,180,578,11,14,-25,0,4,90,2,1,1,0,0,0,65536,65536,65536,0,0,0,5000,14775,14775,0,0,0,0,1030973,2000,0,0,1031025,2000,65536,65536,0,0,0,0,
35,36,180,578,11,14,-25,0,5,98,2,1,1,0,0,0,2048,2048,-12845,0,0,0,156,299,299,0,0,0,0,107,2067,0,0,511,2067,-51460,2048,0,0,0,0,
35,36,180,578,11,14,-25,0,6,102,8,24,17,0,0,0,46421,46421,0,0,0,0,0,305997,270977,0,35020,20569,0,133158,0,0,0,754626,0,65536,49051,0,0,0,0,
35,36,180,578,11,14,-25,0,7,106,20,1,1,0,0,0,65536,65536,0,0,0,0,0,0,0,0,0,0,0,0,0,0,0,0,0,0,65536,0,0,0,0,
35,36,180,578,11,14,-25,0,8,203,20,18,18,36,36,0,65536,65536,65536,0,0,0,0,9000,9000,0,0,4500,0,7200000,0,4100040,4100040,7200000,4100040,61573,65536,3228120,3228120,871920,871920,
35,36,180,578,11,14,-25,0,9,238,12,24,3,0,0,0,8192,8192,65536,0,0,0,150,64800,58620,0,6180,10725,0,60656,11018,0,0,433273,11018,65536,10922,0,0,0,0,
35,36,180,578,11,14,-25,0,10,239,9,24,0,0,0,0,0,0,0,3,0,1,0,0,0,0,0,0,0,0,0,0,0,0,0,-58580,0,0,0,0,0,
35,36,180,578,11,14,-25,0,11,242,20,1,1,2,2,0,65536,65536,2981,0,0,0,0,12500,12500,0,0,2500,0,187500,0,179340,179340,187500,179340,-5953,65536,179340,179340,0,0,
35,36,180,578,11,14,-25,0,12,251,9,24,24,0,0,0,23349,65536,-13118,0,0,0,8550,77297,77297,0,0,4831,44890,502328,628040,0,0,2732160,628040,26798,65536,0,0,0,0,
36,37,185,578,11,14,-25,0,0,30,9,1,1,0,0,0,65536,65536,65536,0,0,0,7500,9020,9020,0,0,0,0,1370910,39117,0,0,1371030,39117,65536,65536,0,0,0,0,
36,37,185,578,11,14,-25,0,1,65,9,24,1,0,0,0,2048,2048,0,0,0,0,0,14726,14726,0,0,735,0,1178,0,0,0,5580,0,65536,2048,0,0,0,0,
36,37,185,578,11,14,-25,0,2,69,9,24,23,0,0,0,62805,62805,0,0,0,0,0,643996,590096,0,53900,0,0,816934,0,0,0,3174431,0,65536,65535,0,0,0,0,
36,37,185,578,11,14,-25,0,3,79,2,24,1,0,0,0,2048,2048,0,0,0,0,0,3333,3333,0,0,0,0,1599,0,0,0,7597,0,65536,2048,0,0,0,0,
36,37,185,578,11,14,-25,0,4,90,2,1,1,0,0,0,65536,65536,65536,0,0,0,5000,14775,14775,0,0,0,0,1157588,2000,0,0,1157650,2000,65536,65536,0,0,0,0,
36,37,185,578,11,14,-25,0,5,98,2,1,1,0,0,0,2048,2048,-12995,0,0,0,156,299,299,0,0,0,0,107,2090,0,0,511,2090,-51610,2048,0,0,0,0,
36,37,185,578,11,14,-25,0,6,102,8,24,16,0,0,0,43690,43690,0,0,0,0,0,287995,255035,0,32960,19359,0,120325,0,0,0,663164,0,65536,44896,0,0,0,0,
36,37,185,578,11,14,-25,0,7,106,20,1,1,0,0,0,65536,65536,0,0,0,0,0,0,0,0,0,0,0,0,0,0,0,0,0,0,65536,0,0,0,0,
36,37,185,578,11,14,-25,0,8,203,20,18,18,36,36,0,65536,65536,65536,0,0,0,0,9000,9000,0,0,4500,0,7200000,0,4100040,4100040,7200000,4100040,61573,65536,3228120,3228120,871920,871920,
36,37,185,578,11,14,-25,0,9,238,12,24,3,0,0,0,8192,8192,65536,0,0,0,150,64800,58620,0,6180,10725,0,55747,12371,0,0,397575,12371,65536,10922,0,0,0,0,
36,37,185,578,11,14,-25,0,10,239,9,24,0,0,0,0,0,0,0,3,0,1,0,0,0,0,0,0,0,0,0,0,0,0,0,-59341,0,0,0,0,0,
36,37,185,578,11,14,-25,0,11,242,20,1,1,2,2,0,65536,65536,2981,0,0,0,0,12500,12500,0,0,2500,0,187500,0,179340,179340,187500,179340,-5953,65536,179340,179340,0,0,
36,37,185,578,11,14,-25,0,12,251,9,24,24,0,0,0,39938,65536,-21025,0,0,0,14625,132216,132216,0,0,8263,76785,819247,1206226,0,0,2761680,1206226,17590,65536,0,0,0,0,
37,38,190,578,11,14,-25,0,0,30,9,1,1,0,0,0,65536,65536,65536,0,0,0,7500,9020,9020,0,0,0,0,1370910,37900,0,0,1371030,37900,65536,65536,0,0,0,0,
37,38,190,578,11,14,-25,0,1,65,9,24,1,0,0,0,2048,2048,0,0,0,0,0,14726,14726,0,0,735,0,1178,0,0,0,5580,0,65536,2048,0,0,0,0,
37,38,190,578,11,14,-25,0,2,69,9,24,23,0,0,0,62805,62805,0,0,0,0,0,643996,590096,0,53900,0,0,796877,0,0,0,3101832,0,65536,65535,0,0,0,0,
37,38,190,578,11,14,-25,0,3,79,2,24,1,0,0,0,2048,2048,0,0,0,0,0,3333,3333,0,0,0,0,1599,0,0,0,7597,0,65536,2048,0,0,0,0,
37,38,190,578,11,14,-25,0,4,90,2,1,1,0,0,0,65536,65536,65536,0,0,0,5000,14775,14775,0,0,0,0,1263180,2000,0,0,1263245,2000,65536,65536,0,0,0,0,
37,38,190,578,11,14,-25,0,5,98,2,1,1,0,0,0,2048,2048,-12897,0,0,0,156,299,299,0,0,0,0,107,2075,0,0,511,2075,-51509,2048,0,0,0,0,
37,38,190,578,11,14,-25,0,6,102,8,24,15,0,0,0,40960,40960,0,0,0,0,0,270000,239100,0,30900,18150,0,108933,0,0,0,598242,0,65536,41941,0,0,0,0,
37,38,190,578,11,14,-25,0,7,106,20,1,1,0,0,0,65536,65536,0,0,0,0,0,0,0,0,0,0,0,0,0,0,0,0,0,0,65536,0,0,0,0,
37,38,190,578,11,14,-25,0,8,203,20,18,18,36,36,0,65536,65536,65536,0,0,0,0,9000,9000,0,0,4500,0,7200000,0,4100040,4100040,7200000,4100040,61573,65536,3228120,3228120,871920,871920,
37,38,190,578,11,14,-25,0,9,238,12,24,3,0,0,0,8192,8192,65536,0,0,0,150,64800,58620,0,6180,10725,0,53564,13500,0,0,381696,13500,65536,10922,0,0,0,0,
37,38,190,578,11,14,-25,0,10,239,9,24,0,0,0,0,0,0,0,3,0,1,0,0,0,0,0,0,0,0,0,0,0,0,0,-59859,0,0,0,0,0,
37,38,190,578,11,14,-25,0,11,242,20,1,1,2,2,0,65536,65536,2981,0,0,0,0,12500,12500,0,0,2500,0,187500,0,179340,179340,187500,179340,-5953,65536,179340,179340,0,0,
37,38,190,578,11,14,-25,0,12,251,9,24,24,0,0,0,39938,65536,-43636,1,0,0,14625,132216,132216,0,0,8263,76785,439841,1316250,0,0,2741400,1316250,10078,65536,0,0,0,0,
38,39,195,578,11,14,-25,0,0,30,9,1,1,0,0,0,65536,65536,65536,0,0,0,7500,9020,9020,0,0,0,0,1370910,37182,0,0,1371030,37182,65536,65536,0,0,0,0,
38,39,195,578,11,14,-25,0,1,65,9,24,1,0,0,0,2048,2048,0,0,0,0,0,14726,14726,0,0,735,0,1178,0,0,0,5580,0,65536,2048,0,0,0,0,
38,39,195,578,11,14,-25,0,2,69,9,24,23,0,0,0,62805,62805,0,0,0,0,0,643996,592296,0,51700,0,0,795053,0,0,0,3034633,0,65536,65535,0,0,0,0,
38,39,195,578,11,14,-25,0,3,79,2,24,1,0,0,0,2048,2048,0,0,0,0,0,3333,3333,0,0,0,0,1599,0,0,0,7597,0,65536,2048,0,0,0,0,
38,39,195,578,11,14,-25,0,4,90,2,1,1,0,0,0,65536,65536,65536,0,0,0,5000,14775,14775,0,0,0,0,1263180,2000,0,0,1263245,2000,65536,65536,0,0,0,0,
38,39,195,578,11,14,-25,0,5,98,2,1,1,0,0,0,2048,2048,-12523,0,0,0,156,299,299,0,0,0,0,107,2018,0,0,511,2018,-51112,2048,0,0,0,0,
38,39,195,578,11,14,-25,0,6,102,8,24,15,0,0,0,40960,40960,0,0,0,0,0,270000,239100,0,30900,18150,0,106351,0,0,0,570823,0,65536,41003,0,0,0,0,
38,39,195,578,11,14,-25,0,7,106,20,1,1,0,0,0,65536,65536,0,0,0,0,0,0,0,0,0,0,0,0,0,0,0,0,0,0,65536,0,0,0,0,
38,39,195,578,11,14,-25,0,8,203,20,18,18,36,36,0,65536,65536,65536,0,0,0,0,9000,9000,0,0,4500,0,7200000,0,4100040,4100040,7200000,4100040,61573,65536,3228120,3228120,871920,871920,
38,39,195,578,11,14,-25,0,9,238,12,24,3,0,0,0,8192,8192,65536,0,0,0,150,64800,58620,0,6180,10725,0,52936,13500,0,0,377156,13500,65536,10922,0,0,0,0,
38,39,195,578,11,14,-25,0,10,239,9,24,0,0,0,0,0,0,0,3,0,1,0,0,0,0,0,0,0,0,0,0,0,0,0,-59859,0,0,0,0,0,
38,39,195,578,11,14,-25,0,11,242,20,1,1,2,2,0,65536,65536,2981,0,0,0,0,12500,12500,0,0,2500,0,187500,0,179340,179340,187500,179340,-5953,65536,179340,179340,0,0,
38,39,195,578,11,14,-25,0,12,251,9,24,22,0,0,0,39938,60074,-48504,2,0,0,14625,132216,132216,0,0,8263,76785,342069,1316250,0,0,2452211,1316250,8003,60277,0,0,0,0,
39,40,200,578,11,14,-25,0,0,30,9,1,1,0,0,0,65536,65536,65536,0,0,0,7500,9020,9020,0,0,0,0,1370910,36880,0,0,1371030,36880,65536,65536,0,0,0,0,
39,40,200,578,11,14,-25,0,1,65,9,24,1,0,0,0,2048,2048,0,0,0,0,0,14726,14726,0,0,735,0,1178,0,0,0,5580,0,65536,2048,0,0,0,0,
39,40,200,578,11,14,-25,0,2,69,9,24,23,0,0,0,62805,62805,0,0,0,0,0,643996,616496,0,27500,0,0,836198,0,0,0,2976194,0,65536,65535,0,0,0,0,
39,40,200,578,11,14,-25,0,3,79,2,24,1,0,0,0,2048,2048,0,0,0,0,0,3333,3333,0,0,0,0,1599,0,0,0,7597,0,65536,2048,0,0,0,0,
39,40,200,578,11,14,-25,0,4,90,2,1,1,0,0,0,65536,65536,65536,0,0,0,5000,14775,14775,0,0,0,0,422750,2000,0,0,1263245,2000,65536,65536,0,0,0,0,
39,40,200,578,11,14,-25,0,5,98,2,1,1,0,0,0,2048,2048,-11940,0,0,0,156,299,299,0,0,0,0,107,1929,0,0,511,1929,-50453,2048,0,0,0,0,
39,40,200,578,11,14,-25,0,6,102,8,24,19,0,0,0,51882,51882,0,0,0,0,0,341995,302855,0,39140,22989,0,161805,0,0,0,731050,0,65536,53269,0,0,0,0,
39,40,200,578,11,14,-25,0,7,106,20,1,1,0,0,0,65536,65536,0,0,0,0,0,0,0,0,0,0,0,0,0,0,0,0,0,0,65536,0,0,0,0,
39,40,200,578,11,14,-25,0,8,203,20,18,18,36,36,0,65536,65536,65536,0,0,0,0,9000,9000,0,0,4500,0,7200000,0,4100040,4100040,7200000,4100040,61573,65536,3228120,3228120,871920,871920,
39,40,200,578,11,14,-25,0,9,238,12,24,3,0,0,0,8192,8192,65536,0,0,0,150,64800,58620,0,6180,10725,0,196745,13500,0,0,380856,13500,65536,10922,0,0,0,0,
39,40,200,578,11,14,-25,0,10,239,9,24,0,0,0,0,0,0,0,3,0,1,0,0,0,0,0,0,0,0,0,0,0,0,0,-59859,0,0,0,0,0,
39,40,200,578,11,14,-25,0,11,242,20,1,1,2,2,0,65536,65536,2981,0,0,0,0,12500,12500,0,0,2500,0,187500,0,179340,179340,187500,179340,-5953,65536,179340,179340,0,0,
39,40,200,578,11,14,-25,0,12,251,9,24,0,0,0,0,0,0,0,3,0,1,0,0,0,0,0,0,0,0,0,0,0,0,0,4789,0,0,0,0,0,
40,41,205,578,11,14,-25,0,0,30,9,1,1,0,0,0,65536,65536,65536,0,0,0,7500,9020,9020,0,0,0,0,1370910,36930,0,0,1371030,36930,65536,65536,0,0,0,0,
40,41,205,578,11,14,-25,0,1,65,9,24,1,0,0,0,2048,2048,0,0,0,0,0,14726,14726,0,0,735,0,1178,0,0,0,5580,0,65536,2048,0,0,0,0,
40,41,205,578,11,14,-25,0,2,69,9,24,23,0,0,0,62805,62805,0,0,0,0,0,643996,616496,0,27500,0,0,938902,0,0,0,2943915,0,65536,65535,0,0,0,0,
40,41,205,578,11,14,-25,0,3,79,2,24,1,0,0,0,2048,2048,0,0,0,0,0,3333,3333,0,0,0,0,1599,0,0,0,7597,0,65536,2048,0,0,0,0,
40,41,205,578,11,14,-25,0,4,90,2,1,1,0,0,0,19351,19351,65536,0,0,0,1476,4362,4362,0,0,0,0,70795,590,0,0,336324,590,65536,19351,0,0,0,0,
40,41,205,578,11,14,-25,0,5,98,2,1,1,0,0,0,2048,2048,-11993,0,0,0,156,299,299,0,0,0,0,107,1937,0,0,511,1937,-50512,2048,0,0,0,0,
40,41,205,578,11,14,-25,0,6,102,8,24,17,0,0,0,46421,46421,0,0,0,0,0,305997,270977,0,35020,20569,0,113701,0,0,0,622645,0,65536,47400,0,0,0,0,
40,41,205,578,11,14,-25,0,7,106,20,1,1,0,0,0,65536,65536,0,0,0,0,0,0,0,0,0,0,0,0,0,0,0,0,0,0,65536,0,0,0,0,
40,41,205,578,11,14,-25,0,8,203,20,18,18,36,36,0,65536,65536,65536,0,0,0,0,9000,9000,0,0,4500,0,7200000,0,4100040,4100040,7200000,4100040,61573,65536,3228120,3228120,871920,871920,
40,41,205,578,11,14,-25,0,9,238,12,24,3,0,0,0,8192,8192,65536,0,0,0,150,64800,58620,0,6180,10725,0,228451,12172,0,0,388296,12172,65536,10922,0,0,0,0,
40,41,205,578,11,14,-25,0,10,239,9,24,0,0,0,0,0,0,0,3,0,1,0,0,0,0,0,0,0,0,0,0,0,0,0,-59240,0,0,0,0,0,
40,41,205,578,11,14,-25,0,11,242,20,1,1,2,2,0,65536,65536,2981,0,0,0,0,12500,12500,0,0,2500,0,187500,0,179340,179340,187500,179340,-5953,65536,179340,179340,0,0,
40,41,205,578,11,14,-25,0,12,251,9,24,0,0,0,0,0,0,0,3,1,1,0,0,0,0,0,0,0,0,0,0,0,0,0,12763,0,0,0,0,0,
41,42,210,578,11,14,-25,0,0,30,9,1,1,0,0,0,65536,65536,65536,0,0,0,7500,9020,9020,0,0,0,0,1370910,37227,0,0,1371030,37227,65536,65536,0,0,0,0,
41,42,210,578,11,14,-25,0,1,65,9,24,1,0,0,0,2048,2048,0,0,0,0,0,14726,14726,0,0,735,0,1178,0,0,0,5580,0,65536,2048,0,0,0,0,
41,42,210,578,11,14,-25,0,2,69,9,24,23,0,0,0,62805,62805,0,0,0,0,0,643996,590096,0,53900,0,0,959428,0,0,0,2918355,0,65536,65535,0,0,0,0,
41,42,210,578,11,14,-25,0,3,79,2,24,1,0,0,0,2048,2048,0,0,0,0,0,3333,3333,0,0,0,0,1599,0,0,0,7597,0,65536,2048,0,0,0,0,
41,42,210,578,11,14,-25,0,4,90,2,1,1,0,0,0,2048,2048,65536,0,0,0,156,461,461,0,0,0,0,31163,62,0,0,31266,62,65536,2048,0,0,0,0,
41,42,210,578,11,14,-25,0,5,98,2,1,1,0,0,0,2048,2048,-12890,0,0,0,156,299,299,0,0,0,0,107,2074,0,0,511,2074,-51505,2048,0,0,0,0,
41,42,210,578,11,14,-25,0,6,102,8,24,15,0,0,0,40960,40960,0,0,0,0,0,270000,239100,0,30900,18150,0,95687,0,0,0,521779,0,65536,41661,0,0,0,0,
41,42,210,578,11,14,-25,0,7,106,20,1,1,0,0,0,65536,65536,0,0,0,0,0,0,0,0,0,0,0,0,0,0,0,0,0,0,65536,0,0,0,0,
41,42,210,578,11,14,-25,0,8,203,20,18,18,36,36,0,65536,65536,65536,0,0,0,0,9000,9000,0,0,4500,0,7200000,0,4100040,4100040,7200000,4100040,61573,65536,3228120,3228120,871920,871920,
41,42,210,578,11,14,-25,0,9,238,12,24,3,0,0,0,8192,8192,65536,0,0,0,150,64800,58620,0,6180,10725,0,236354,10692,0,0,400375,10692,65536,10922,0,0,0,0,
41,42,210,578,11,14,-25,0,10,239,9,24,0,0,0,0,0,0,0,3,0,1,0,0,0,0,0,0,0,0,0,0,0,0,0,-58368,0,0,0,0,0,
41,42,210,578,11,14,-25,0,11,242,20,1,1,2,2,0,65536,65536,2981,0,0,0,0,12500,12500,0,0,2500,0,187500,0,179340,179340,187500,179340,-5953,65536,179340,179340,0,0,
41,42,210,578,11,14,-25,0,12,251,9,24,24,0,0,0,65536,65536,-1621,0,0,0,24000,216960,216960,0,0,13560,126000,1668446,1710768,0,0,2741040,1710768,29928,65536,0,0,0,0,
42,43,215,578,11,14,-25,0,0,30,9,1,1,0,0,0,65536,65536,65536,0,0,0,7500,9020,9020,0,0,0,0,1370910,37847,0,0,1371030,37847,65536,65536,0,0,0,0,
42,43,215,578,11,14,-25,0,1,65,9,24,1,0,0,0,2048,2048,0,0,0,0,0,14726,14726,0,0,735,0,1178,0,0,0,5580,0,65536,2048,0,0,0,0,
42,43,215,578,11,14,-25,0,2,69,9,24,23,0,0,0,62805,62805,0,0,0,0,0,643996,591196,0,52800,0,0,955454,0,0,0,2891475,0,65536,65535,0,0,0,0,
42,43,215,578,11,14,-25,0,3,79,2,24,1,0,0,0,2048,2048,0,0,0,0,0,3333,3333,0,0,0,0,1599,0,0,0,7597,0,65536,2048,0,0,0,0,
42,43,215,578,11,14,-25,0,4,90,2,1,1,0,0,0,65536,65536,65536,0,0,0,5000,14775,14775,0,0,0,0,1032066,2000,0,0,1032120,2000,65536,65536,0,0,0,0,
42,43,215,578,11,14,-25,0,5,98,2,1,1,0,0,0,2048,2048,-13015,0,0,0,156,299,299,0,0,0,0,107,2093,0,0,511,2093,-51631,2048,0,0,0,0,
42,43,215,578,11,14,-25,0,6,102,8,24,19,0,0,0,51882,51882,0,0,0,0,0,341995,302855,0,39140,22989,0,136017,0,0,0,661371,0,65536,53598,0,0,0,0,
42,43,215,578,11,14,-25,0,7,106,20,1,1,0,0,0,65536,65536,0,0,0,0,0,0,0,0,0,0,0,0,0,0,0,0,0,0,65536,0,0,0,0,
42,43,215,578,11,14,-25,0,8,203,20,18,18,36,36,0,65536,65536,65536,0,0,0,0,9000,9000,0,0,4500,0,7200000,0,4100040,4100040,7200000,4100040,61573,65536,3228120,3228120,871920,871920,
42,43,215,578,11,14,-25,0,9,238,12,24,3,0,0,0,8192,8192,65536,0,0,0,150,64800,58620,0,6180,10725,0,249569,11029,0,0,420614,11029,65536,10922,0,0,0,0,
42,43,215,578,11,14,-25,0,10,239,9,24,0,0,0,0,0,0,0,3,0,1,0,0,0,0,0,0,0,0,0,0,0,0,0,-58587,0,0,0,0,0,
42,43,215,578,11,14,-25,0,11,242,20,1,1,2,2,0,65536,65536,2981,0,0,0,0,12500,12500,0,0,2500,0,187500,0,179340,179340,187500,179340,-5953,65536,179340,179340,0,0,
42,43,215,578,11,14,-25,0,12,251,9,24,23,0,0,0,25859,62805,-43911,0,0,0,9469,85607,85607,0,0,5350,49716,229752,696283,0,0,2721110,696283,27841,64478,0,0,0,0,
43,44,220,578,11,14,-25,0,0,30,9,1,1,0,0,0,65536,65536,65536,0,0,0,7500,9020,9020,0,0,0,0,1370910,39352,0,0,1371030,39352,65536,65536,0,0,0,0,
43,44,220,578,11,14,-25,0,1,65,9,24,1,0,0,0,2048,2048,0,0,0,0,0,14726,14726,0,0,735,0,1178,0,0,0,5580,0,65536,2048,0,0,0,0,
43,44,220,578,11,14,-25,0,2,69,9,24,23,0,0,0,62805,62805,0,0,0,0,0,643996,591196,0,52800,0,0,1031621,0,0,0,2882116,0,65536,65535,0,0,0,0,
43,44,220,578,11,14,-25,0,3,79,2,24,1,0,0,0,2048,2048,0,0,0,0,0,3333,3333,0,0,0,0,1599,0,0,0,7597,0,65536,2048,0,0,0,0,
43,44,220,578,11,14,-25,0,4,90,2,1,1,0,0,0,65536,65536,65536,0,0,0,5000,14775,14775,0,0,0,0,1158740,2000,0,0,1158800,2000,65536,65536,0,0,0,0,
43,44,220,578,11,14,-25,0,5,98,2,1,1,0,0,0,2048,2048,-12877,0,0,0,156,299,299,0,0,0,0,107,2072,0,0,511,2072,-51494,2048,0,0,0,0,
43,44,220,578,11,14,-25,0,6,102,8,24,21,0,0,0,57344,57344,0,0,0,0,0,378000,334740,0,43260,25410,0,212003,0,0,0,732626,0,65536,59567,0,0,0,0,
43,44,220,578,11,14,-25,0,7,106,20,1,1,0,0,0,65536,65536,0,0,0,0,0,0,0,0,0,0,0,0,0,0,0,0,0,0,65536,0,0,0,0,
43,44,220,578,11,14,-25,0,8,203,20,18,18,36,36,0,65536,65536,65536,0,0,0,0,9000,9000,0,0,4500,0,7200000,0,4100040,4100040,7200000,4100040,61573,65536,3228120,3228120,871920,871920,
43,44,220,578,11,14,-25,0,9,238,12,24,24,0,0,0,65536,65536,65536,0,0,0,1200,518400,468960,0,49440,85800,0,914320,99070,0,0,2754240,99070,65536,65536,0,0,0,0,
43,44,220,578,11,14,-25,0,10,239,9,24,0,0,0,0,0,0,0,3,0,1,0,0,0,0,0,0,0,0,0,0,0,0,0,-59347,0,0,0,0,0,
43,44,220,578,11,14,-25,0,11,242,20,1,1,2,2,0,65536,65536,2981,0,0,0,0,12500,12500,0,0,2500,0,187500,0,179340,179340,187500,179340,-5953,65536,179340,179340,0,0,
43,44,220,578,11,14,-25,0,12,251,9,24,23,0,0,0,37071,62805,-42950,1,0,0,13575,122725,122725,0,0,7670,71272,386235,1120738,0,0,2716533,1120738,16815,65007,0,0,0,0,
44,45,225,578,11,14,-25,0,0,30,9,1,1,0,0,0,65536,65536,65536,0,0,0,7500,9020,9020,0,0,0,0,1370910,37775,0,0,1371030,37775,65536,65536,0,0,0,0,
44,45,225,578,11,14,-25,0,1,65,9,24,1,0,0,0,2048,2048,0,0,0,0,0,14726,14726,0,0,735,0,1178,0,0,0,5580,0,65536,2048,0,0,0,0,
44,45,225,578,11,14,-25,0,2,69,9,24,23,0,0,0,62805,62805,0,0,0,0,0,643996,591196,0,52800,0,0,1167728,0,0,0,2896275,0,65536,65535,0,0,0,0,
44,45,225,578,11,14,-25,0,3,79,2,24,1,0,0,0,2048,2048,0,0,0,0,0,3333,3333,0,0,0,0,1599,0,0,0,7597,0,65536,2048,0,0,0,0,
44,45,225,578,11,14,-25,0,4,90,2,1,1,0,0,0,65536,65536,65536,0,0,0,5000,14775,14775,0,0,0,0,1263180,2000,0,0,1263245,2000,65536,65536,0,0,0,0,
44,45,225,578,11,14,-25,0,5,98,2,1,1,0,0,0,2048,2048,-12825,0,0,0,156,299,299,0,0,0,0,107,2064,0,0,511,2064,-51435,2048,0,0,0,0,
44,45,225,578,11,14,-25,0,6,102,8,24,22,0,0,0,60074,60074,0,0,0,0,0,395995,350675,0,45320,26619,0,305232,0,0,0,772648,0,65536,62551,0,0,0,0,
44,45,225,578,11,14,-25,0,7,106,20,1,1,0,0,0,65536,65536,0,0,0,0,0,0,0,0,0,0,0,0,0,0,0,0,0,0,65536,0,0,0,0,
44,45,225,578,11,14,-25,0,8,203,20,18,18,36,36,0,65536,65536,65536,0,0,0,0,9000,9000,0,0,4500,0,7200000,0,4100040,4100040,7200000,4100040,61573,65536,3228120,3228120,871920,871920,
44,45,225,578,11,14,-25,0,9,238,12,24,3,0,0,0,8192,8192,65536,0,0,0,150,64800,58620,0,6180,10725,0,58549,13500,0,0,417974,13500,65536,10922,0,0,0,0,
44,45,225,578,11,14,-25,0,10,239,9,24,0,0,0,0,0,0,0,3,0,1,0,0,0,0,0,0,0,0,0,0,0,0,0,-59859,0,0,0,0,0,
44,45,225,578,11,14,-25,0,11,242,20,1,1,2,2,0,65536,65536,2981,0,0,0,0,12500,12500,0,0,2500,0,187500,0,179340,179340,187500,179340,-5953,65536,179340,179340,0,0,
44,45,225,578,11,14,-25,0,12,251,9,24,23,0,0,0,39938,62805,-42938,2,0,0,14625,132216,132216,0,0,8263,76785,453861,1316250,0,0,2716331,1316250,9691,65271,0,0,0,0,
45,46,230,578,11,14,-25,0,0,30,9,1,1,0,0,0,65536,65536,65536,0,0,0,7500,9020,9020,0,0,0,0,1370910,36115,0,0,1371030,36115,65536,65536,0,0,0,0,
45,46,230,578,11,14,-25,0,1,65,9,24,1,0,0,0,2048,2048,0,0,0,0,0,14726,14726,0,0,735,0,1178,0,0,0,5580,0,65536,2048,0,0,0,0,
45,46,230,578,11,14,-25,0,2,69,9,24,23,0,0,0,62805,62805,0,0,0,0,0,643996,616496,0,27500,0,0,1246608,0,0,0,2918355,0,65536,65535,0,0,0,0,
45,46,230,578,11,14,-25,0,3,79,2,24,1,0,0,0,2048,2048,0,0,0,0,0,3333,3333,0,0,0,0,1599,0,0,0,7597,0,65536,2048,0,0,0,0,
45,46,230,578,11,14,-25,0,4,90,2,1,1,0,0,0,65536,65536,65536,0,0,0,5000,14775,14775,0,0,0,0,442662,2000,0,0,1263245,2000,65536,65536,0,0,0,0,
45,46,230,578,11,14,-25,0,5,98,2,1,1,0,0,0,2048,2048,-12373,0,0,0,156,299,299,0,0,0,0,107,1995,0,0,511,1995,-50952,2048,0,0,0,0,
45,46,230,578,11,14,-25,0,6,102,8,24,22,0,0,0,60074,60074,0,0,0,0,0,395995,350675,0,45320,26619,0,135430,0,0,0,746968,0,65536,61791,0,0,0,0,
45,46,230,578,11,14,-25,0,7,106,20,1,1,0,0,0,65536,65536,0,0,0,0,0,0,0,0,0,0,0,0,0,0,0,0,0,0,65536,0,0,0,0,
45,46,230,578,11,14,-25,0,8,203,20,18,18,36,36,0,65536,65536,65536,0,0,0,0,9000,9000,0,0,4500,0,7200000,0,4100040,4100040,7200000,4100040,61573,65536,3228120,3228120,871920,871920,
45,46,230,578,11,14,-25,0,9,238,12,24,3,0,0,0,8192,8192,65536,0,0,0,150,64800,58620,0,6180,10725,0,52409,13500,0,0,373317,13500,65536,10922,0,0,0,0,
45,46,230,578,11,14,-25,0,10,239,9,24,0,0,0,0,0,0,0,3,0,1,0,0,0,0,0,0,0,0,0,0,0,0,0,-59859,0,0,0,0,0,
45,46,230,578,11,14,-25,0,11,242,20,1,1,2,2,0,65536,65536,2981,0,0,0,0,12500,12500,0,0,2500,0,187500,0,179340,179340,187500,179340,-5953,65536,179340,179340,0,0,
45,46,230,578,11,14,-25,0,12,251,9,24,0,0,0,0,0,0,0,3,0,1,0,0,0,0,0,0,0,0,0,0,0,0,0,7195,0,0,0,0,0,
46,47,235,578,11,14,-25,0,0,30,9,1,1,0,0,0,65536,65536,65536,0,0,0,7500,9020,9020,0,0,0,0,1370910,34925,0,0,1371030,34925,65536,65536,0,0,0,0,
46,47,235,578,11,14,-25,0,1,65,9,24,1,0,0,0,2048,2048,0,0,0,0,0,14726,14726,0,0,735,0,1178,0,0,0,5580,0,65536,2048,0,0,0,0,
46,47,235,578,11,14,-25,0,2,69,9,24,23,0,0,0,62805,62805,0,0,0,0,0,643996,616496,0,27500,0,0,1377572,0,0,0,2961434,0,65536,65535,0,0,0,0,
46,47,235,578,11,14,-25,0,3,79,2,24,1,0,0,0,2048,2048,0,0,0,0,0,3333,3333,0,0,0,0,1599,0,0,0,7597,0,65536,2048,0,0,0,0,
46,47,235,578,11,14,-25,0,4,90,2,1,1,0,0,0,19597,19597,65536,0,0,0,1495,4418,4418,0,0,0,0,71806,598,0,0,341086,598,65536,19597,0,0,0,0,
46,47,235,578,11,14,-25,0,5,98,2,1,1,0,0,0,2048,2048,-12517,0,0,0,156,299,299,0,0,0,0,107,2017,0,0,511,2017,-51106,2048,0,0,0,0,
46,47,235,578,11,14,-25,0,6,102,8,24,18,0,0,0,49152,49152,0,0,0,0,0,324000,286920,0,37080,21780,0,103865,0,0,0,579796,0,65536,51171,0,0,0,0,
46,47,235,578,11,14,-25,0,7,106,20,1,1,0,0,0,65536,65536,0,0,0,0,0,0,0,0,0,0,0,0,0,0,0,0,0,0,65536,0,0,0,0,
46,47,235,578,11,14,-25,0,8,203,20,18,18,36,36,0,65536,65536,65536,0,0,0,0,9000,9000,0,0,4500,0,7200000,0,4100040,4100040,7200000,4100040,61573,65536,3228120,3228120,871920,871920,
46,47,235,578,11,14,-25,0,9,238,12,24,3,0,0,0,8192,8192,65536,0,0,0,150,64800,58620,0,6180,10725,0,47307,12189,0,0,336259,12189,65536,10922,0,0,0,0,
46,47,235,578,11,14,-25,0,10,239,9,24,0,0,0,0,0,0,0,3,0,1,0,0,0,0,0,0,0,0,0,0,0,0,0,-59249,0,0,0,0,0,
46,47,235,578,11,14,-25,0,11,242,20,1,1,2,2,0,65536,65536,2981,0,0,0,0,12500,12500,0,0,2500,0,187500,0,179340,179340,187500,179340,-5953,65536,179340,179340,0,0,
46,47,235,578,11,14,-25,0,12,251,9,24,0,0,0,0,0,0,0,3,1,1,0,0,0,0,0,0,0,0,0,0,0,0,0,15876,0,0,0,0,0,
47,48,240,578,11,14,-25,0,0,30,9,1,1,0,0,0,65536,65536,65536,0,0,0,7500,9020,9020,0,0,0,0,1370910,34002,0,0,1371030,34002,65536,65536,0,0,0,0,
47,48,240,578,11,14,-25,0,1,65,9,24,1,0,0,0,2048,2048,0,0,0,0,0,14726,14726,0,0,735,0,1178,0,0,0,5580,0,65536,2048,0,0,0,0,
47,48,240,578,11,14,-25,0,2,69,9,24,23,0,0,0,62805,62805,0,0,0,0,0,643996,590096,0,53900,0,0,1406283,0,0,0,3006434,0,65536,65535,0,0,0,0,
47,48,240,578,11,14,-25,0,3,79,2,24,1,0,0,0,2048,2048,0,0,0,0,0,3333,3333,0,0,0,0,1599,0,0,0,7597,0,65536,2048,0,0,0,0,
47,48,240,578,11,14,-25,0,4,90,2,1,1,0,0,0,2048,2048,65536,0,0,0,156,461,461,0,0,0,0,31213,62,0,0,31315,62,65536,2048,0,0,0,0,
47,48,240,578,11,14,-25,0,5,98,2,1,1,0,0,0,2048,2048,-13539,0,0,0,156,299,299,0,0,0,0,107,2173,0,0,511,2173,-52146,2048,0,0,0,0,
47,48,240,578,11,14,-25,0,6,102,8,24,15,0,0,0,40960,40960,0,0,0,0,0,270000,239100,0,30900,18150,0,80289,0,0,0,430839,0,65536,40978,0,0,0,0,
47,48,240,578,11,14,-25,0,7,106,20,1,1,0,0,0,65536,65536,0,0,0,0,0,0,0,0,0,0,0,0,0,0,0,0,0,0,65536,0,0,0,0,
47,48,240,578,11,14,-25,0,8,203,20,18,18,36,36,0,65536,65536,65536,0,0,0,0,9000,9000,0,0,4500,0,7200000,0,4100040,4100040,7200000,4100040,61573,65536,3228120,3228120,871920,871920,
47,48,240,578,11,14,-25,0,9,238,12,24,3,0,0,0,8192,8192,65536,0,0,0,150,64800,58620,0,6180,10725,0,43033,10709,0,0,305161,10709,65536,10922,0,0,0,0,
47,48,240,578,11,14,-25,0,10,239,9,24,0,0,0,0,0,0,0,3,0,1,0,0,0,0,0,0,0,0,0,0,0,0,0,-58379,0,0,0,0,0,
47,48,240,578,11,14,-25,0,11,242,20,1,1,2,2,0,65536,65536,2981,0,0,0,0,12500,12500,0,0,2500,0,187500,0,179340,179340,187500,179340,-5953,65536,179340,179340,0,0,
47,48,240,578,11,14,-25,0,12,251,9,24,24,0,0,0,65536,65536,4350,0,0,0,24000,216960,216960,0,0,13560,126000,1827245,1713504,0,0,2872080,1713504,34332,65536,0,0,0,0,
48,49,245,578,11,14,-25,0,0,30,9,1,1,0,0,0,65536,65536,65536,0,0,0,7500,9020,9020,0,0,0,0,1370910,33642,0,0,1371030,33642,65536,65536,0,0,0,0,
48,49,245,578,11,14,-25,0,1,65,9,24,1,0,0,0,2048,2048,0,0,0,0,0,14726,14726,0,0,735,0,1178,0,0,0,5580,0,65536,2048,0,0,0,0,
48,49,245,578,11,14,-25,0,2,69,9,24,23,0,0,0,62805,62805,0,0,0,0,0,643996,591196,0,52800,0,0,1388540,0,0,0,3048073,0,65536,65535,0,0,0,0,
48,49,245,578,11,14,-25,0,3,79,2,24,1,0,0,0,2048,2048,0,0,0,0,0,3333,3333,0,0,0,0,1599,0,0,0,7597,0,65536,2048,0,0,0,0,
48,49,245,578,11,14,-25,0,4,90,2,1,1,0,0,0,65536,65536,65536,0,0,0,5000,14775,14775,0,0,0,0,1033854,2000,0,0,1033910,2000,65536,65536,0,0,0,0,
48,49,245,578,11,14,-25,0,5,98,2,1,1,0,0,0,2048,2048,-13670,0,0,0,156,299,299,0,0,0,0,107,2193,0,0,511,2193,-52268,2048,0,0,0,0,
48,49,245,578,11,14,-25,0,6,102,8,24,13,0,0,0,35498,35498,0,0,0,0,0,233995,207215,0,26780,15729,0,66640,0,0,0,360589,0,65536,35825,0,0,0,0,
48,49,245,578,11,14,-25,0,7,106,20,1,1,0,0,0,65536,65536,0,0,0,0,0,0,0,0,0,0,0,0,0,0,0,0,0,0,65536,0,0,0,0,
48,49,245,578,11,14,-25,0,8,203,20,18,18,36,36,0,65536,65536,65536,0,0,0,0,9000,9000,0,0,4500,0,7200000,0,4100040,4100040,7200000,4100040,61573,65536,3228120,3228120,871920,871920,
48,49,245,578,11,14,-25,0,9,238,12,24,3,0,0,0,8192,8192,65536,0,0,0,150,64800,58620,0,6180,10725,0,40742,11049,0,0,288522,11049,65536,10922,0,0,0,0,
48,49,245,578,11,14,-25,0,10,239,9,24,0,0,0,0,0,0,0,3,0,1,0,0,0,0,0,0,0,0,0,0,0,0,0,-58600,0,0,0,0,0,
48,49,245,578,11,14,-25,0,11,242,20,1,1,2,2,0,65536,65536,2981,0,0,0,0,12500,12500,0,0,2500,0,187500,0,179340,179340,187500,179340,-5953,65536,179340,179340,0,0,
48,49,245,578,11,14,-25,0,12,251,9,24,23,0,0,0,26023,62805,-42912,0,0,0,9529,86150,86150,0,0,5384,50032,242305,701915,0,0,2862493,701915,32143,64725,0,0,0,0,
49,50,250,578,11,14,-25,0,0,30,9,1,1,0,0,0,65536,65536,65536,0,0,0,7500,9020,9020,0,0,0,0,1370910,33660,0,0,1371030,33660,65536,65536,0,0,0,0,
49,50,250,578,11,14,-25,0,1,65,9,24,1,0,0,0,2048,2048,0,0,0,0,0,14726,14726,0,0,735,0,1178,0,0,0,5580,0,65536,2048,0,0,0,0,
49,50,250,578,11,14,-25,0,2,69,9,24,23,0,0,0,62805,62805,0,0,0,0,0,643996,591196,0,52800,0,0,1412361,0,0,0,3091752,0,65536,65535,0,0,0,0,
49,50,250,578,11,14,-25,0,3,79,2,24,1,0,0,0,2048,2048,0,0,0,0,0,3333,3333,0,0,0,0,1599,0,0,0,7597,0,65536,2048,0,0,0,0,
49,50,250,578,11,14,-25,0,4,90,2,1,1,0,0,0,65536,65536,65536,0,0,0,5000,14775,14775,0,0,0,0,1160853,2000,0,0,1160915,2000,65536,65536,0,0,0,0,
49,50,250,578,11,14,-25,0,5,98,2,1,1,0,0,0,2048,2048,-13421,0,0,0,156,299,299,0,0,0,0,107,2155,0,0,511,2155,-52034,2048,0,0,0,0,
49,50,250,578,11,14,-25,0,6,102,8,24,12,0,0,0,32768,32768,0,0,0,0,0,216000,191280,0,24720,14520,0,59870,0,0,0,325504,0,65536,33234,0,0,0,0,
49,50,250,578,11,14,-25,0,7,106,20,1,1,0,0,0,65536,65536,0,0,0,0,0,0,0,0,0,0,0,0,0,0,0,0,0,0,65536,0,0,0,0,
49,50,250,578,11,14,-25,0,8,203,20,18,18,36,36,0,65536,65536,65536,0,0,0,0,9000,9000,0,0,4500,0,7200000,0,4100040,4100040,7200000,4100040,61573,65536,3228120,3228120,871920,871920,
49,50,250,578,11,14,-25,0,9,238,12,24,3,0,0,0,8192,8192,65536,0,0,0,150,64800,58620,0,6180,10725,0,39646,12406,0,0,280582,12406,65536,10922,0,0,0,0,
49,50,250,578,11,14,-25,0,10,239,9,24,0,0,0,0,0,0,0,3,0,1,0,0,0,0,0,0,0,0,0,0,0,0,0,-59358,0,0,0,0,0,
49,50,250,578,11,14,-25,0,11,242,20,1,1,2,2,0,65536,65536,2981,0,0,0,0,12500,12500,0,0,2500,0,187500,0,179340,179340,187500,179340,-5953,65536,179340,179340,0,0,
49,50,250,578,11,14,-25,0,12,251,9,24,23,0,0,0,39938,62805,-45736,1,0,0,14625,132216,132216,0,0,8263,76785,365445,1209619,0,0,2779967,1209619,19954,63966,0,0,0,0,
50,51,255,578,11,14,-25,0,0,30,9,1,1,0,0,0,65536,65536,65536,0,0,0,7500,9020,9020,0,0,0,0,1370910,33937,0,0,1371030,33937,65536,65536,0,0,0,0,
50,51,255,578,11,14,-25,0,1,65,9,24,1,0,0,0,2048,2048,0,0,0,0,0,14726,14726,0,0,735,0,1178,0,0,0,5580,0,65536,2048,0,0,0,0,
50,51,255,578,11,14,-25,0,2,69,9,24,23,0,0,0,62805,62805,0,0,0,0,0,643996,594496,0,49500,0,0,1419034,0,0,0,3134112,0,65536,65535,0,0,0,0,
50,51,255,578,11,14,-25,0,3,79,2,24,1,0,0,0,2048,2048,0,0,0,0,0,3333,3333,0,0,0,0,1599,0,0,0,7597,0,65536,2048,0,0,0,0,
50,51,255,578,11,14,-25,0,4,90,2,1,1,0,0,0,65536,65536,65536,0,0,0,5000,14775,14775,0,0,0,0,1263180,2000,0,0,1263245,2000,65536,65536,0,0,0,0,
50,51,255,578,11,14,-25,0,5,98,2,1,1,0,0,0,2048,2048,-12864,0,0,0,156,299,299,0,0,0,0,107,2070,0,0,511,2070,-51477,2048,0,0,0,0,
50,51,255,578,11,14,-25,0,6,102,8,24,18,0,0,0,49152,49152,0,0,0,0,0,324000,286920,0,37080,21780,0,113199,0,0,0,481431,0,65536,49385,0,0,0,0,
50,51,255,578,11,14,-25,0,7,106,20,1,1,0,0,0,65536,65536,0,0,0,0,0,0,0,0,0,0,0,0,0,0,0,0,0,0,65536,0,0,0,0,
50,51,255,578,11,14,-25,0,8,203,20,18,18,36,36,0,65536,65536,65536,0,0,0,0,9000,9000,0,0,4500,0,7200000,0,4100040,4100040,7200000,4100040,61573,65536,3228120,3228120,871920,871920,
50,51,255,578,11,14,-25,0,9,238,12,24,3,0,0,0,8192,8192,65536,0,0,0,150,64800,58620,0,6180,10725,0,63152,13500,0,0,279302,13500,65536,10922,0,0,0,0,
50,51,255,578,11,14,-25,0,10,239,9,24,0,0,0,0,0,0,0,3,0,1,0,0,0,0,0,0,0,0,0,0,0,0,0,-59859,0,0,0,0,0,
50,51,255,578,11,14,-25,0,11,242,20,1,1,2,2,0,65536,65536,2981,0,0,0,0,12500,12500,0,0,2500,0,187500,0,179340,179340,187500,179340,-5953,65536,179340,179340,0,0,
50,51,255,578,11,14,-25,0,12,251,9,24,20,0,0,0,39938,54613,-48062,2,0,0,14625,132216,132216,0,0,8263,76785,350954,1316250,0,0,2327861,1316250,9913,55772,0,0,0,0,
51,52,260,578,11,14,-25,0,0,30,9,1,1,0,0,0,65536,65536,65536,0,0,0,7500,9020,9020,0,0,0,0,1370910,34497,0,0,1371030,34497,65536,65536,0,0,0,0,
51,52,260,578,11,14,-25,0,1,65,9,24,1,0,0,0,2048,2048,0,0,0,0,0,14726,14726,0,0,735,0,1178,0,0,0,5580,0,65536,2048,0,0,0,0,
51,52,260,578,11,14,-25,0,2,69,9,24,23,0,0,0,62805,62805,0,0,0,0,0,643996,616496,0,27500,0,0,1463147,0,0,0,3177071,0,65536,65535,0,0,0,0,
51,52,260,578,11,14,-25,0,3,79,2,24,1,0,0,0,2048,2048,0,0,0,0,0,3333,3333,0,0,0,0,1599,0,0,0,7597,0,65536,2048,0,0,0,0,
51,52,260,578,11,14,-25,0,4,90,2,1,1,0,0,0,65536,65536,65536,0,0,0,5000,14775,14775,0,0,0,0,298889,2000,0,0,1263245,2000,65536,65536,0,0,0,0,
51,52,260,578,11,14,-25,0,5,98,2,1,1,0,0,0,2048,2048,-12084,0,0,0,156,299,299,0,0,0,0,107,1951,0,0,511,1951,-50622,2048,0,0,0,0,
51,52,260,578,11,14,-25,0,6,102,8,24,18,0,0,0,49152,49152,0,0,0,0,0,324000,286920,0,37080,21780,0,88658,0,0,0,477107,0,65536,49340,0,0,0,0,
51,52,260,578,11,14,-25,0,7,106,20,1,1,0,0,0,65536,65536,0,0,0,0,0,0,0,0,0,0,0,0,0,0,0,0,0,0,65536,0,0,0,0,
51,52,260,578,11,14,-25,0,8,203,20,18,18,36,36,0,65536,65536,65536,0,0,0,0,9000,9000,0,0,4500,0,7200000,0,4100040,4100040,7200000,4100040,61573,65536,3228120,3228120,871920,871920,
51,52,260,578,11,14,-25,0,9,238,12,24,3,0,0,0,8192,8192,65536,0,0,0,150,64800,58620,0,6180,10725,0,160787,13500,0,0,284742,13500,65536,10922,0,0,0,0,
51,52,260,578,11,14,-25,0,10,239,9,24,0,0,0,0,0,0,0,3,0,1,0,0,0,0,0,0,0,0,0,0,0,0,0,-59859,0,0,0,0,0,
51,52,260,578,11,14,-25,0,11,242,20,1,1,2,2,0,65536,65536,2981,0,0,0,0,12500,12500,0,0,2500,0,187500,0,179340,179340,187500,179340,-5953,65536,179340,179340,0,0,
51,52,260,578,11,14,-25,0,12,251,9,24,0,0,0,0,0,0,0,3,0,1,0,0,0,0,0,0,0,0,0,0,0,0,0,5587,0,0,0,0,0,
52,53,265,578,11,14,-25,0,0,30,9,1,1,0,0,0,65536,65536,65536,0,0,0,7500,9020,9020,0,0,0,0,1370910,35192,0,0,1371030,35192,65536,65536,0,0,0,0,
52,53,265,578,11,14,-25,0,1,65,9,24,1,0,0,0,2048,2048,0,0,0,0,0,14726,14726,0,0,735,0,1178,0,0,0,5580,0,65536,2048,0,0,0,0,
52,53,265,578,11,14,-25,0,2,69,9,24,23,0,0,0,62805,62805,0,0,0,0,0,643996,616496,0,27500,0,0,1510708,0,0,0,3224110,0,65536,65535,0,0,0,0,
52,53,265,578,11,14,-25,0,3,79,2,24,1,0,0,0,2048,2048,0,0,0,0,0,3333,3333,0,0,0,0,1599,0,0,0,7597,0,65536,2048,0,0,0,0,
52,53,265,578,11,14,-25,0,4,90,2,1,1,0,0,0,17795,17795,65536,0,0,0,1357,4011,4011,0,0,0,0,64954,542,0,0,308599,542,65536,17795,0,0,0,0,
52,53,265,578,11,14,-25,0,5,98,2,1,1,0,0,0,2048,2048,-11979,0,0,0,156,299,299,0,0,0,0,107,1935,0,0,511,1935,-50496,2048,0,0,0,0,
52,53,265,578,11,14,-25,0,6,102,8,24,16,0,0,0,43690,43690,0,0,0,0,0,287995,255035,0,32960,19359,0,76051,0,0,0,411468,0,65536,44088,0,0,0,0,
52,53,265,578,11,14,-25,0,7,106,20,1,1,0,0,0,65536,65536,0,0,0,0,0,0,0,0,0,0,0,0,0,0,0,0,0,0,65536,0,0,0,0,
52,53,265,578,11,14,-25,0,8,203,20,18,18,36,36,0,65536,65536,65536,0,0,0,0,9000,9000,0,0,4500,0,7200000,0,4100040,4100040,7200000,4100040,61573,65536,3228120,3228120,871920,871920,
52,53,265,578,11,14,-25,0,9,238,12,24,3,0,0,0,8192,8192,65536,0,0,0,150,64800,58620,0,6180,10725,0,165973,12145,0,0,292682,12145,65536,10922,0,0,0,0,
52,53,265,578,11,14,-25,0,10,239,9,24,0,0,0,0,0,0,0,3,0,1,0,0,0,0,0,0,0,0,0,0,0,0,0,-59226,0,0,0,0,0,
52,53,265,578,11,14,-25,0,11,242,20,1,1,2,2,0,65536,65536,2981,0,0,0,0,12500,12500,0,0,2500,0,187500,0,179340,179340,187500,179340,-5953,65536,179340,179340,0,0,
52,53,265,578,11,14,-25,0,12,251,9,24,0,0,0,0,0,0,0,3,1,1,0,0,0,0,0,0,0,0,0,0,0,0,0,12862,0,0,0,0,0,
53,54,270,578,11,14,-25,0,0,30,9,1,1,0,0,0,65536,65536,65536,0,0,0,7500,9020,9020,0,0,0,0,1370910,35945,0,0,1371030,35945,65536,65536,0,0,0,0,
53,54,270,578,11,14,-25,0,1,65,9,24,1,0,0,0,2048,2048,0,0,0,0,0,14726,14726,0,0,735,0,1178,0,0,0,5580,0,65536,2048,0,0,0,0,
53,54,270,578,11,14,-25,0,2,69,9,24,23,0,0,0,62805,62805,0,0,0,0,0,643996,590096,0,53900,0,0,1453741,0,0,0,3260470,0,65536,65535,0,0,0,0,
53,54,270,578,11,14,-25,0,3,79,2,24,1,0,0,0,2048,2048,0,0,0,0,0,3333,3333,0,0,0,0,1599,0,0,0,7597,0,65536,2048,0,0,0,0,
53,54,270,578,11,14,-25,0,4,90,2,1,1,0,0,0,2048,2048,65536,0,0,0,156,461,461,0,0,0,0,31070,62,0,0,31172,62,65536,2048,0,0,0,0,
53,54,270,578,11,14,-25,0,5,98,2,1,1,0,0,0,2048,2048,-12746,0,0,0,156,299,299,0,0,0,0,107,2052,0,0,511,2052,-51356,2048,0,0,0,0,
53,54,270,578,11,14,-25,0,6,102,8,24,14,0,0,0,38229,38229,0,0,0,0,0,251997,223157,0,28840,16939,0,64313,0,0,0,356452,0,65536,39535,0,0,0,0,
53,54,270,578,11,14,-25,0,7,106,20,1,1,0,0,0,65536,65536,0,0,0,0,0,0,0,0,0,0,0,0,0,0,0,0,0,0,65536,0,0,0,0,
53,54,270,578,11,14,-25,0,8,203,20,18,18,36,36,0,65536,65536,65536,0,0,0,0,9000,9000,0,0,4500,0,7200000,0,4100040,4100040,7200000,4100040,61573,65536,3228120,3228120,871920,871920,
53,54,270,578,11,14,-25,0,9,238,12,24,3,0,0,0,8192,8192,65536,0,0,0,150,64800,58620,0,6180,10725,0,173375,10660,0,0,304001,10660,65536,10922,0,0,0,0,
53,54,270,578,11,14,-25,0,10,239,9,24,0,0,0,0,0,0,0,3,0,1,0,0,0,0,0,0,0,0,0,0,0,0,0,-58346,0,0,0,0,0,
53,54,270,578,11,14,-25,0,11,242,20,1,1,2,2,0,65536,65536,2981,0,0,0,0,12500,12500,0,0,2500,0,187500,0,179340,179340,187500,179340,-5953,65536,179340,179340,0,0,
53,54,270,578,11,14,-25,0,12,251,9,24,24,0,0,0,65536,65536,-8588,0,0,0,24000,216960,216960,0,0,13560,126000,1482139,1705656,0,0,2712120,1705656,29204,65536,0,0,0,0,
54,55,275,578,11,14,-25,0,0,30,9,1,1,0,0,0,65536,65536,65536,0,0,0,7500,9020,9020,0,0,0,0,1370910,36947,0,0,1371030,36947,65536,65536,0,0,0,0,
54,55,275,578,11,14,-25,0,1,65,9,24,1,0,0,0,2048,2048,0,0,0,0,0,14726,14726,0,0,735,0,1178,0,0,0,5580,0,65536,2048,0,0,0,0,
54,55,275,578,11,14,-25,0,2,69,9,24,23,0,0,0,62805,62805,0,0,0,0,0,643996,592296,0,51700,0,0,1347908,0,0,0,3280629,0,65536,65535,0,0,0,0,
54,55,275,578,11,14,-25,0,3,79,2,24,1,0,0,0,2048,2048,0,0,0,0,0,3333,3333,0,0,0,0,1599,0,0,0,7597,0,65536,2048,0,0,0,0,
54,55,275,578,11,14,-25,0,4,90,2,1,1,0,0,0,65536,65536,65536,0,0,0,5000,14775,14775,0,0,0,0,1028683,2000,0,0,1028735,2000,65536,65536,0,0,0,0,
54,55,275,578,11,14,-25,0,5,98,2,1,1,0,0,0,2048,2048,-12740,0,0,0,156,299,299,0,0,0,0,107,2051,0,0,511,2051,-51348,2048,0,0,0,0,
54,55,275,578,11,14,-25,0,6,102,8,24,19,0,0,0,51882,51882,0,0,0,0,0,341995,302855,0,39140,22989,0,157874,0,0,0,475104,0,65536,52535,0,0,0,0,
54,55,275,578,11,14,-25,0,7,106,20,1,1,0,0,0,65536,65536,0,0,0,0,0,0,0,0,0,0,0,0,0,0,0,0,0,0,65536,0,0,0,0,
54,55,275,578,11,14,-25,0,8,203,20,18,18,36,36,0,65536,65536,65536,0,0,0,0,9000,9000,0,0,4500,0,7200000,0,4100040,4100040,7200000,4100040,61573,65536,3228120,3228120,871920,871920,
54,55,275,578,11,14,-25,0,9,238,12,24,24,0,0,0,65536,65536,65536,0,0,0,1200,518400,468960,0,49440,85800,0,660896,87950,0,0,1947840,87950,65536,65536,0,0,0,0,
54,55,275,578,11,14,-25,0,10,239,9,24,0,0,0,0,0,0,0,3,0,1,0,0,0,0,0,0,0,0,0,0,0,0,0,-58564,0,0,0,0,0,
54,55,275,578,11,14,-25,0,11,242,20,1,1,2,2,0,65536,65536,2981,0,0,0,0,12500,12500,0,0,2500,0,187500,0,179340,179340,187500,179340,-5953,65536,179340,179340,0,0,
54,55,275,578,11,14,-25,0,12,251,9,24,22,0,0,0,22069,60074,-44271,0,0,0,8081,73060,73060,0,0,4566,42430,192177,592272,0,0,2525090,592272,26282,61049,0,0,0,0,
55,56,280,578,11,14,-25,0,0,30,9,1,1,0,0,0,65536,65536,65536,0,0,0,7500,9020,9020,0,0,0,0,1370910,36052,0,0,1371030,36052,65536,65536,0,0,0,0,
55,56,280,578,11,14,-25,0,1,65,9,24,1,0,0,0,2048,2048,0,0,0,0,0,14726,14726,0,0,735,0,1178,0,0,0,5580,0,65536,2048,0,0,0,0,
55,56,280,578,11,14,-25,0,2,69,9,24,23,0,0,0,62805,62805,0,0,0,0,0,643996,591196,0,52800,0,0,1379029,0,0,0,3303429,0,65536,65535,0,0,0,0,
55,56,280,578,11,14,-25,0,3,79,2,24,1,0,0,0,2048,2048,0,0,0,0,0,3333,3333,0,0,0,0,1599,0,0,0,7597,0,65536,2048,0,0,0,0,
55,56,280,578,11,14,-25,0,4,90,2,1,1,0,0,0,65536,65536,65536,0,0,0,5000,14775,14775,0,0,0,0,1154870,2000,0,0,1154930,2000,65536,65536,0,0,0,0,
55,56,280,578,11,14,-25,0,5,98,2,1,1,0,0,0,2048,2048,-12786,0,0,0,156,299,299,0,0,0,0,107,2058,0,0,511,2058,-51392,2048,0,0,0,0,
55,56,280,578,11,14,-25,0,6,102,8,24,21,0,0,0,57344,57344,0,0,0,0,0,378000,334740,0,43260,25410,0,260974,0,0,0,543940,0,65536,59035,0,0,0,0,
55,56,280,578,11,14,-25,0,7,106,20,1,1,0,0,0,65536,65536,0,0,0,0,0,0,0,0,0,0,0,0,0,0,0,0,0,0,65536,0,0,0,0,
55,56,280,578,11,14,-25,0,8,203,20,18,18,36,36,0,65536,65536,65536,0,0,0,0,9000,9000,0,0,4500,0,7200000,0,4100040,4100040,7200000,4100040,61573,65536,3228120,3228120,871920,871920,
55,56,280,578,11,14,-25,0,9,238,12,24,3,0,0,0,8192,8192,65536,0,0,0,150,64800,58620,0,6180,10725,0,42113,12342,0,0,298501,12342,65536,10922,0,0,0,0,
55,56,280,578,11,14,-25,0,10,239,9,24,0,0,0,0,0,0,0,3,0,1,0,0,0,0,0,0,0,0,0,0,0,0,0,-59326,0,0,0,0,0,
55,56,280,578,11,14,-25,0,11,242,20,1,1,2,2,0,65536,65536,2981,0,0,0,0,12500,12500,0,0,2500,0,187500,0,179340,179340,187500,179340,-5953,65536,179340,179340,0,0,
55,56,280,578,11,14,-25,0,12,251,9,24,23,0,0,0,39938,62805,-30967,1,0,0,14625,132216,132216,0,0,8263,76785,634753,1203388,0,0,2625976,1203388,16502,63292,0,0,0,0,
56,57,285,578,11,14,-25,0,0,30,9,1,1,0,0,0,65536,65536,65536,0,0,0,7500,9020,9020,0,0,0,0,1370910,34940,0,0,1371030,34940,65536,65536,0,0,0,0,
56,57,285,578,11,14,-25,0,1,65,9,24,1,0,0,0,2048,2048,0,0,0,0,0,14726,14726,0,0,735,0,1178,0,0,0,5580,0,65536,2048,0,0,0,0,
56,57,285,578,11,14,-25,0,2,69,9,24,23,0,0,0,62805,62805,0,0,0,0,0,643996,593396,0,50600,0,0,1309070,0,0,0,3314229,0,65536,65535,0,0,0,0,
56,57,285,578,11,14,-25,0,3,79,2,24,1,0,0,0,2048,2048,0,0,0,0,0,3333,3333,0,0,0,0,1599,0,0,0,7597,0,65536,2048,0,0,0,0,
56,57,285,578,11,14,-25,0,4,90,2,1,1,0,0,0,65536,65536,65536,0,0,0,5000,14775,14775,0,0,0,0,1263180,2000,0,0,1263245,2000,65536,65536,0,0,0,0,
56,57,285,578,11,14,-25,0,5,98,2,1,1,0,0,0,2048,2048,-12497,0,0,0,156,299,299,0,0,0,0,107,2014,0,0,511,2014,-51085,2048,0,0,0,0,
56,57,285,578,11,14,-25,0,6,102,8,24,22,0,0,0,60074,60074,0,0,0,0,0,395995,350675,0,45320,26619,0,143163,0,0,0,571490,0,65536,62285,0,0,0,0,
56,57,285,578,11,14,-25,0,7,106,20,1,1,0,0,0,65536,65536,0,0,0,0,0,0,0,0,0,0,0,0,0,0,0,0,0,0,65536,0,0,0,0,
56,57,285,578,11,14,-25,0,8,203,20,18,18,36,36,0,65536,65536,65536,0,0,0,0,9000,9000,0,0,4500,0,7200000,0,4100040,4100040,7200000,4100040,61573,65536,3228120,3228120,871920,871920,
56,57,285,578,11,14,-25,0,9,238,12,24,3,0,0,0,8192,8192,65536,0,0,0,150,64800,58620,0,6180,10725,0,38107,13500,0,0,269383,13500,65536,10922,0,0,0,0,
56,57,285,578,11,14,-25,0,10,239,9,24,0,0,0,0,0,0,0,3,0,1,0,0,0,0,0,0,0,0,0,0,0,0,0,-59859,0,0,0,0,0,
56,57,285,578,11,14,-25,0,11,242,20,1,1,2,2,0,65536,65536,2981,0,0,0,0,12500,12500,0,0,2500,0,187500,0,179340,179340,187500,179340,-5953,65536,179340,179340,0,0,
56,57,285,578,11,14,-25,0,12,251,9,24,21,0,0,0,39938,57344,-48536,2,0,0,14625,132216,132216,0,0,8263,76785,341434,1316250,0,0,2406442,1316250,7864,59264,0,0,0,0,
57,58,290,578,11,14,-25,0,0,30,9,1,1,0,0,0,65536,65536,65536,0,0,0,7500,9020,9020,0,0,0,0,1370910,34082,0,0,1371030,34082,65536,65536,0,0,0,0,
57,58,290,578,11,14,-25,0,1,65,9,24,1,0,0,0,2048,2048,0,0,0,0,0,14726,14726,0,0,735,0,1178,0,0,0,5580,0,65536,2048,0,0,0,0,
57,58,290,578,11,14,-25,0,2,69,9,24,23,0,0,0,62805,62805,0,0,0,0,0,643996,616496,0,27500,0,0,1281120,0,0,0,3314829,0,65536,65535,0,0,0,0,
57,58,290,578,11,14,-25,0,3,79,2,24,1,0,0,0,2048,2048,0,0,0,0,0,3333,3333,0,0,0,0,1599,0,0,0,7597,0,65536,2048,0,0,0,0,
57,58,290,578,11,14,-25,0,4,90,2,1,1,0,0,0,65536,65536,65536,0,0,0,5000,14775,14775,0,0,0,0,341413,2000,0,0,1263245,2000,65536,65536,0,0,0,0,
57,58,290,578,11,14,-25,0,5,98,2,1,1,0,0,0,2048,2048,-11966,0,0,0,156,299,299,0,0,0,0,107,1933,0,0,511,1933,-50479,2048,0,0,0,0,
57,58,290,578,11,14,-25,0,6,102,8,24,21,0,0,0,57344,57344,0,0,0,0,0,378000,334740,0,43260,25410,0,95735,0,0,0,521921,0,65536,58314,0,0,0,0,
57,58,290,578,11,14,-25,0,7,106,20,1,1,0,0,0,65536,65536,0,0,0,0,0,0,0,0,0,0,0,0,0,0,0,0,0,0,65536,0,0,0,0,
57,58,290,578,11,14,-25,0,8,203,20,18,18,36,36,0,65536,65536,65536,0,0,0,0,9000,9000,0,0,4500,0,7200000,0,4100040,4100040,7200000,4100040,61573,65536,3228120,3228120,871920,871920,
57,58,290,578,11,14,-25,0,9,238,12,24,3,0,0,0,8192,8192,65536,0,0,0,150,64800,58620,0,6180,10725,0,35221,13500,0,0,248384,13500,65536,10922,0,0,0,0,
57,58,290,578,11,14,-25,0,10,239,9,24,0,0,0,0,0,0,0,3,0,1,0,0,0,0,0,0,0,0,0,0,0,0,0,-59859,0,0,0,0,0,
57,58,290,578,11,14,-25,0,11,242,20,1,1,2,2,0,65536,65536,2981,0,0,0,0,12500,12500,0,0,2500,0,187500,0,179340,179340,187500,179340,-5953,65536,179340,179340,0,0,
57,58,290,578,11,14,-25,0,12,251,9,24,0,0,0,0,0,0,0,3,0,1,0,0,0,0,0,0,0,0,0,0,0,0,0,4915,0,0,0,0,0,
58,59,295,578,11,14,-25,0,0,30,9,1,1,0,0,0,65536,65536,65536,0,0,0,7500,9020,9020,0,0,0,0,1370910,33522,0,0,1371030,33522,65536,65536,0,0,0,0,
58,59,295,578,11,14,-25,0,1,65,9,24,1,0,0,0,2048,2048,0,0,0,0,0,14726,14726,0,0,735,0,1178,0,0,0,5580,0,65536,2048,0,0,0,0,
58,59,295,578,11,14,-25,0,2,69,9,24,23,0,0,0,62805,62805,0,0,0,0,0,643996,616496,0,27500,0,0,1276577,0,0,0,3314229,0,65536,65535,0,0,0,0,
58,59,295,578,11,14,-25,0,3,79,2,24,1,0,0,0,2048,2048,0,0,0,0,0,3333,3333,0,0,0,0,1599,0,0,0,7597,0,65536,2048,0,0,0,0,
58,59,295,578,11,14,-25,0,4,90,2,1,1,0,0,0,18322,18322,65536,0,0,0,1397,4130,4130,0,0,0,0,66961,558,0,0,318114,558,65536,18322,0,0,0,0,
58,59,295,578,11,14,-25,0,5,98,2,1,1,0,0,0,2048,2048,-12038,0,0,0,156,299,299,0,0,0,0,107,1944,0,0,511,1944,-50564,2048,0,0,0,0,
58,59,295,578,11,14,-25,0,6,102,8,24,17,0,0,0,46421,46421,0,0,0,0,0,305997,270977,0,35020,20569,0,72350,0,0,0,390302,0,65536,46704,0,0,0,0,
58,59,295,578,11,14,-25,0,7,106,20,1,1,0,0,0,65536,65536,0,0,0,0,0,0,0,0,0,0,0,0,0,0,0,0,0,0,65536,0,0,0,0,
58,59,295,578,11,14,-25,0,8,203,20,18,18,36,36,0,65536,65536,65536,0,0,0,0,9000,9000,0,0,4500,0,7200000,0,4100040,4100040,7200000,4100040,61573,65536,3228120,3228120,871920,871920,
58,59,295,578,11,14,-25,0,9,238,12,24,3,0,0,0,8192,8192,65536,0,0,0,150,64800,58620,0,6180,10725,0,33365,12160,0,0,234885,12160,65536,10922,0,0,0,0,
58,59,295,578,11,14,-25,0,10,239,9,24,0,0,0,0,0,0,0,3,0,1,0,0,0,0,0,0,0,0,0,0,0,0,0,-59233,0,0,0,0,0,
58,59,295,578,11,14,-25,0,11,242,20,1,1,2,2,0,65536,65536,2981,0,0,0,0,12500,12500,0,0,2500,0,187500,0,179340,179340,187500,179340,-5953,65536,179340,179340,0,0,
58,59,295,578,11,14,-25,0,12,251,9,24,0,0,0,0,0,0,0,3,1,1,0,0,0,0,0,0,0,0,0,0,0,0,0,13118,0,0,0,0,0,
59,60,300,578,11,14,-25,0,0,30,9,1,1,0,0,0,65536,65536,65536,0,0,0,7500,9020,9020,0,0,0,0,1370910,33115,0,0,1371030,33115,65536,65536,0,0,0,0,
59,60,300,578,11,14,-25,0,1,65,9,24,1,0,0,0,2048,2048,0,0,0,0,0,14726,14726,0,0,735,0,1178,0,0,0,5580,0,65536,2048,0,0,0,0,
59,60,300,578,11,14,-25,0,2,69,9,24,23,0,0,0,62805,62805,0,0,0,0,0,643996,590096,0,53900,0,0,1171614,0,0,0,3298029,0,65536,65535,0,0,0,0,
59,60,300,578,11,14,-25,0,3,79,2,24,1,0,0,0,2048,2048,0,0,0,0,0,3333,3333,0,0,0,0,1599,0,0,0,7597,0,65536,2048,0,0,0,0,
59,60,300,578,11,14,-25,0,4,90,2,1,1,0,0,0,2048,2048,65536,0,0,0,156,461,461,0,0,0,0,31115,62,0,0,31218,62,65536,2048,0,0,0,0,
59,60,300,578,11,14,-25,0,5,98,2,1,1,0,0,0,2048,2048,-12963,0,0,0,156,299,299,0,0,0,0,107,2085,0,0,511,2085,-51579,2048,0,0,0,0,
59,60,300,578,11,14,-25,0,6,102,8,24,13,0,0,0,35498,35498,0,0,0,0,0,233995,207215,0,26780,15729,0,51306,0,0,0,283456,0,65536,36571,0,0,0,0,
59,60,300,578,11,14,-25,0,7,106,20,1,1,0,0,0,65536,65536,0,0,0,0,0,0,0,0,0,0,0,0,0,0,0,0,0,0,65536,0,0,0,0,
59,60,300,578,11,14,-25,0,8,203,20,18,18,36,36,0,65536,65536,65536,0,0,0,0,9000,9000,0,0,4500,0,7200000,0,4100040,4100040,7200000,4100040,61573,65536,3228120,3228120,871920,871920,
59,60,300,578,11,14,-25,0,9,238,12,24,3,0,0,0,8192,8192,65536,0,0,0,150,64800,58620,0,6180,10725,0,32419,10675,0,0,228046,10675,65536,10922,0,0,0,0,
59,60,300,578,11,14,-25,0,10,239,9,24,0,0,0,0,0,0,0,3,0,1,0,0,0,0,0,0,0,0,0,0,0,0,0,-58357,0,0,0,0,0,
59,60,300,578,11,14,-25,0,11,242,20,1,1,2,2,0,65536,65536,2981,0,0,0,0,12500,12500,0,0,2500,0,187500,0,179340,179340,187500,179340,-5953,65536,179340,179340,0,0,
59,60,300,578,11,14,-25,0,12,251,9,24,24,0,0,0,65536,65536,-599,0,0,0,24000,216960,216960,0,0,13560,126000,1692493,1708128,0,0,2755320,1708128,30572,65536,0,0,0,0,
60,61,305,578,11,14,-25,0,0,30,9,1,1,0,0,0,65536,65536,65536,0,0,0,7500,9020,9020,0,0,0,0,1370910,32827,0,0,1371030,32827,65536,65536,0,0,0,0,
60,61,305,578,11,14,-25,0,1,65,9,24,1,0,0,0,2048,2048,0,0,0,0,0,14726,14726,0,0,735,0,1178,0,0,0,5580,0,65536,2048,0,0,0,0,
60,61,305,578,11,14,-25,0,2,69,9,24,23,0,0,0,62805,62805,0,0,0,0,0,643996,591196,0,52800,0,0,1031077,0,0,0,3259750,0,65536,65535,0,0,0,0,
60,61,305,578,11,14,-25,0,3,79,2,24,1,0,0,0,2048,2048,0,0,0,0,0,3333,3333,0,0,0,0,1599,0,0,0,7597,0,65536,2048,0,0,0,0,
60,61,305,578,11,14,-25,0,4,90,2,1,1,0,0,0,65536,65536,65536,0,0,0,5000,14775,14775,0,0,0,0,1030234,2000,0,0,1030290,2000,65536,65536,0,0,0,0,
60,61,305,578,11,14,-25,0,5,98,2,1,1,0,0,0,2048,2048,-13054,0,0,0,156,299,299,0,0,0,0,107,2099,0,0,511,2099,-51670,2048,0,0,0,0,
60,61,305,578,11,14,-25,0,6,102,8,24,11,0,0,0,30037,30037,0,0,0,0,0,197997,175337,0,22660,13309,0,41975,0,0,0,240213,0,65536,32052,0,0,0,0,
60,61,305,578,11,14,-25,0,7,106,20,1,1,0,0,0,65536,65536,0,0,0,0,0,0,0,0,0,0,0,0,0,0,0,0,0,0,65536,0,0,0,0,
60,61,305,578,11,14,-25,0,8,203,20,18,18,36,36,0,65536,65536,65536,0,0,0,0,9000,9000,0,0,4500,0,7200000,0,4100040,4100040,7200000,4100040,61573,65536,3228120,3228120,871920,871920,
60,61,305,578,11,14,-25,0,9,238,12,24,3,0,0,0,8192,8192,65536,0,0,0,150,64800,58620,0,6180,10725,0,72511,11010,0,0,228366,11010,65536,10922,0,0,0,0,
60,61,305,578,11,14,-25,0,10,239,9,24,0,0,0,0,0,0,0,3,0,1,0,0,0,0,0,0,0,0,0,0,0,0,0,-58575,0,0,0,0,0,
60,61,305,578,11,14,-25,0,11,242,20,1,1,2,2,0,65536,65536,2981,0,0,0,0,12500,12500,0,0,2500,0,187500,0,179340,179340,187500,179340,-5953,65536,179340,179340,0,0,
60,61,305,578,11,14,-25,0,12,251,9,24,23,0,0,0,25261,62805,-43811,0,0,0,9250,83627,83627,0,0,5226,48566,225073,678977,0,0,2692345,678977,28267,63617,0,0,0,0,
61,62,310,578,11,14,-25,0,0,30,9,1,1,0,0,0,65536,65536,65536,0,0,0,7500,9020,9020,0,0,0,0,1370910,32622,0,0,1371030,32622,65536,65536,0,0,0,0,
61,62,310,578,11,14,-25,0,1,65,9,24,1,0,0,0,2048,2048,0,0,0,0,0,14726,14726,0,0,735,0,1178,0,0,0,5580,0,65536,2048,0,0,0,0,
61,62,310,578,11,14,-25,0,2,69,9,24,23,0,0,0,62805,62805,0,0,0,0,0,643996,591196,0,52800,0,0,958513,0,0,0,3212110,0,65536,65535,0,0,0,0,
61,62,310,578,11,14,-25,0,3,79,2,24,1,0,0,0,2048,2048,0,0,0,0,0,3333,3333,0,0,0,0,1599,0,0,0,7597,0,65536,2048,0,0,0,0,
61,62,310,578,11,14,-25,0,4,90,2,1,1,0,0,0,65536,65536,65536,0,0,0,5000,14775,14775,0,0,0,0,1156391,2000,0,0,1156450,2000,65536,65536,0,0,0,0,
61,62,310,578,11,14,-25,0,5,98,2,1,1,0,0,0,2048,2048,-12831,0,0,0,156,299,299,0,0,0,0,107,2065,0,0,511,2065,-51445,2048,0,0,0,0,
61,62,310,578,11,14,-25,0,6,102,8,24,11,0,0,0,30037,30037,0,0,0,0,0,197997,175337,0,22660,13309,0,41625,0,0,0,231586,0,65536,31175,0,0,0,0,
61,62,310,578,11,14,-25,0,7,106,20,1,1,0,0,0,65536,65536,0,0,0,0,0,0,0,0,0,0,0,0,0,0,0,0,0,0,65536,0,0,0,0,
61,62,310,578,11,14,-25,0,8,203,20,18,18,36,36,0,65536,65536,65536,0,0,0,0,9000,9000,0,0,4500,0,7200000,0,4100040,4100040,7200000,4100040,61573,65536,3228120,3228120,871920,871920,
61,62,310,578,11,14,-25,0,9,238,12,24,3,0,0,0,8192,8192,65536,0,0,0,150,64800,58620,0,6180,10725,0,126621,12358,0,0,232465,12358,65536,10922,0,0,0,0,
61,62,310,578,11,14,-25,0,10,239,9,24,0,0,0,0,0,0,0,3,0,1,0,0,0,0,0,0,0,0,0,0,0,0,0,-59334,0,0,0,0,0,
61,62,310,578,11,14,-25,0,11,242,20,1,1,2,2,0,65536,65536,2981,0,0,0,0,12500,12500,0,0,2500,0,187500,0,179340,179340,187500,179340,-5953,65536,179340,179340,0,0,
61,62,310,578,11,14,-25,0,12,251,9,24,23,0,0,0,39938,62805,-46491,1,0,0,14625,132216,132216,0,0,8263,76785,350160,1204968,0,0,2616731,1204968,16694,62839,0,0,0,0,
62,63,315,578,11,14,-25,0,0,30,9,1,1,0,0,0,65536,65536,65536,0,0,0,7500,9020,9020,0,0,0,0,1370910,32512,0,0,1371030,32512,65536,65536,0,0,0,0,
62,63,315,578,11,14,-25,0,1,65,9,24,1,0,0,0,2048,2048,0,0,0,0,0,14726,14726,0,0,735,0,1178,0,0,0,5580,0,65536,2048,0,0,0,0,
62,63,315,578,11,14,-25,0,2,69,9,24,23,0,0,0,62805,62805,0,0,0,0,0,643996,594496,0,49500,0,0,894559,0,0,0,3154991,0,65536,65535,0,0,0,0,
62,63,315,578,11,14,-25,0,3,79,2,24,1,0,0,0,2048,2048,0,0,0,0,0,3333,3333,0,0,0,0,1599,0,0,0,7597,0,65536,2048,0,0,0,0,
62,63,315,578,11,14,-25,0,4,90,2,1,1,0,0,0,65536,65536,65536,0,0,0,5000,14775,14775,0,0,0,0,1263180,2000,0,0,1263245,2000,65536,65536,0,0,0,0,
62,63,315,578,11,14,-25,0,5,98,2,1,1,0,0,0,2048,2048,-12346,0,0,0,156,299,299,0,0,0,0,107,1991,0,0,511,1991,-50916,2048,0,0,0,0,
62,63,315,578,11,14,-25,0,6,102,8,24,17,0,0,0,46421,46421,0,0,0,0,0,305997,270977,0,35020,20569,0,142813,0,0,0,364610,0,65536,48355,0,0,0,0,
62,63,315,578,11,14,-25,0,7,106,20,1,1,0,0,0,65536,65536,0,0,0,0,0,0,0,0,0,0,0,0,0,0,0,0,0,0,65536,0,0,0,0,
62,63,315,578,11,14,-25,0,8,203,20,18,18,36,36,0,65536,65536,65536,0,0,0,0,9000,9000,0,0,4500,0,7200000,0,4100040,4100040,7200000,4100040,61573,65536,3228120,3228120,871920,871920,
62,63,315,578,11,14,-25,0,9,238,12,24,3,0,0,0,8192,8192,65536,0,0,0,150,64800,58620,0,6180,10725,0,131974,13500,0,0,240645,13500,65536,10922,0,0,0,0,
62,63,315,578,11,14,-25,0,10,239,9,24,0,0,0,0,0,0,0,3,0,1,0,0,0,0,0,0,0,0,0,0,0,0,0,-59859,0,0,0,0,0,
62,63,315,578,11,14,-25,0,11,242,20,1,1,2,2,0,65536,65536,2981,0,0,0,0,12500,12500,0,0,2500,0,187500,0,179340,179340,187500,179340,-5953,65536,179340,179340,0,0,
62,63,315,578,11,14,-25,0,12,251,9,24,20,0,0,0,39938,54613,-48732,2,0,0,14625,132216,132216,0,0,8263,76785,337494,1316250,0,0,2216309,1316250,7016,55219,0,0,0,0,
63,64,320,578,11,14,-25,0,0,30,9,1,1,0,0,0,65536,65536,65536,0,0,0,7500,9020,9020,0,0,0,0,1370910,32640,0,0,1371030,32640,65536,65536,0,0,0,0,
63,64,320,578,11,14,-25,0,1,65,9,24,1,0,0,0,2048,2048,0,0,0,0,0,14726,14726,0,0,735,0,1178,0,0,0,5580,0,65536,2048,0,0,0,0,
63,64,320,578,11,14,-25,0,2,69,9,24,23,0,0,0,62805,62805,0,0,0,0,0,643996,616496,0,27500,0,0,900987,0,0,0,3099192,0,65536,65535,0,0,0,0,
63,64,320,578,11,14,-25,0,3,79,2,24,1,0,0,0,2048,2048,0,0,0,0,0,3333,3333,0,0,0,0,1599,0,0,0,7597,0,65536,2048,0,0,0,0,
63,64,320,578,11,14,-25,0,4,90,2,1,1,0,0,0,65536,65536,65536,0,0,0,5000,14775,14775,0,0,0,0,298889,2000,0,0,1263245,2000,65536,65536,0,0,0,0,
63,64,320,578,11,14,-25,0,5,98,2,1,1,0,0,0,2048,2048,-11645,0,0,0,156,299,299,0,0,0,0,107,1884,0,0,511,1884,-50094,2048,0,0,0,0,
63,64,320,578,11,14,-25,0,6,102,8,24,20,0,0,0,54613,54613,0,0,0,0,0,359997,318797,0,41200,24199,0,165429,0,0,0,437305,0,65536,56945,0,0,0,0,
63,64,320,578,11,14,-25,0,7,106,20,1,1,0,0,0,65536,65536,0,0,0,0,0,0,0,0,0,0,0,0,0,0,0,0,0,0,65536,0,0,0,0,
63,64,320,578,11,14,-25,0,8,203,20,18,18,36,36,0,65536,65536,65536,0,0,0,0,9000,9000,0,0,4500,0,7200000,0,4100040,4100040,7200000,4100040,61573,65536,3228120,3228120,871920,871920,
63,64,320,578,11,14,-25,0,9,238,12,24,3,0,0,0,8192,8192,65536,0,0,0,150,64800,58620,0,6180,10725,0,140965,13500,0,0,254404,13500,65536,10922,0,0,0,0,
63,64,320,578,11,14,-25,0,10,239,9,24,0,0,0,0,0,0,0,3,0,1,0,0,0,0,0,0,0,0,0,0,0,0,0,-59859,0,0,0,0,0,
63,64,320,578,11,14,-25,0,11,242,20,1,1,2,2,0,65536,65536,2981,0,0,0,0,12500,12500,0,0,2500,0,187500,0,179340,179340,187500,179340,-5953,65536,179340,179340,0,0,
63,64,320,578,11,14,-25,0,12,251,9,24,0,0,0,0,0,0,0,3,0,1,0,0,0,0,0,0,0,0,0,0,0,0,0,3151,0,0,0,0,0,
64,65,325,578,11,14,-25,0,0,30,9,1,1,0,0,0,65536,65536,65536,0,0,0,7500,9020,9020,0,0,0,0,1370910,33275,0,0,1371030,33275,65536,65536,0,0,0,0,
64,65,325,578,11,14,-25,0,1,65,9,24,1,0,0,0,2048,2048,0,0,0,0,0,14726,14726,0,0,735,0,1178,0,0,0,5580,0,65536,2048,0,0,0,0,
64,65,325,578,11,14,-25,0,2,69,9,24,23,0,0,0,62805,62805,0,0,0,0,0,643996,616496,0,27500,0,0,947342,0,0,0,3057553,0,65536,65535,0,0,0,0,
64,65,325,578,11,14,-25,0,3,79,2,24,1,0,0,0,2048,2048,0,0,0,0,0,3333,3333,0,0,0,0,1599,0,0,0,7597,0,65536,2048,0,0,0,0,
64,65,325,578,11,14,-25,0,4,90,2,1,1,0,0,0,17803,17803,65536,0,0,0,1358,4013,4013,0,0,0,0,64992,543,0,0,308762,543,65536,17803,0,0,0,0,
64,65,325,578,11,14,-25,0,5,98,2,1,1,0,0,0,2048,2048,-11619,0,0,0,156,299,299,0,0,0,0,107,1880,0,0,511,1880,-50055,2048,0,0,0,0,
64,65,325,578,11,14,-25,0,6,102,8,24,22,0,0,0,60074,60074,0,0,0,0,0,395995,350675,0,45320,26619,0,107998,0,0,0,470289,0,65536,61240,0,0,0,0,
64,65,325,578,11,14,-25,0,7,106,20,1,1,0,0,0,65536,65536,0,0,0,0,0,0,0,0,0,0,0,0,0,0,0,0,0,0,65536,0,0,0,0,
64,65,325,578,11,14,-25,0,8,203,20,18,18,36,36,0,65536,65536,65536,0,0,0,0,9000,9000,0,0,4500,0,7200000,0,4100040,4100040,7200000,4100040,61573,65536,3228120,3228120,871920,871920,
64,65,325,578,11,14,-25,0,9,238,12,24,24,0,0,0,65536,65536,65536,0,0,0,1200,518400,468960,0,49440,85800,0,535439,97173,0,0,1666680,97173,65536,65536,0,0,0,0,
64,65,325,578,11,14,-25,0,10,239,9,24,0,0,0,0,0,0,0,3,0,1,0,0,0,0,0,0,0,0,0,0,0,0,0,-59226,0,0,0,0,0,
64,65,325,578,11,14,-25,0,11,242,20,1,1,2,2,0,65536,65536,2981,0,0,0,0,12500,12500,0,0,2500,0,187500,0,179340,179340,187500,179340,-5953,65536,179340,179340,0,0,
64,65,325,578,11,14,-25,0,12,251,9,24,0,0,0,0,0,0,0,3,1,1,0,0,0,0,0,0,0,0,0,0,0,0,0,10620,0,0,0,0,0,
65,66,330,578,11,14,-25,0,0,30,9,1,1,0,0,0,65536,65536,65536,0,0,0,7500,9020,9020,0,0,0,0,1370910,32142,0,0,1371030,32142,65536,65536,0,0,0,0,
65,66,330,578,11,14,-25,0,1,65,9,24,1,0,0,0,2048,2048,0,0,0,0,0,14726,14726,0,0,735,0,1178,0,0,0,5580,0,65536,2048,0,0,0,0,
65,66,330,578,11,14,-25,0,2,69,9,24,23,0,0,0,62805,62805,0,0,0,0,0,643996,590096,0,53900,0,0,985213,0,0,0,3027913,0,65536,65535,0,0,0,0,
65,66,330,578,11,14,-25,0,3,79,2,24,1,0,0,0,2048,2048,0,0,0,0,0,3333,3333,0,0,0,0,1599,0,0,0,7597,0,65536,2048,0,0,0,0,
65,66,330,578,11,14,-25,0,4,90,2,1,1,0,0,0,2048,2048,65536,0,0,0,156,461,461,0,0,0,0,31075,62,0,0,31177,62,65536,2048,0,0,0,0,
65,66,330,578,11,14,-25,0,5,98,2,1,1,0,0,0,2048,2048,-12550,0,0,0,156,299,299,0,0,0,0,107,2022,0,0,511,2022,-51141,2048,0,0,0,0,
65,66,330,578,11,14,-25,0,6,102,8,24,23,0,0,0,62805,62805,0,0,0,0,0,413997,366617,0,47380,27829,0,93187,0,0,0,483766,0,65536,63388,0,0,0,0,
65,66,330,578,11,14,-25,0,7,106,20,1,1,0,0,0,65536,65536,0,0,0,0,0,0,0,0,0,0,0,0,0,0,0,0,0,0,65536,0,0,0,0,
65,66,330,578,11,14,-25,0,8,203,20,18,18,36,36,0,65536,65536,65536,0,0,0,0,9000,9000,0,0,4500,0,7200000,0,4100040,4100040,7200000,4100040,61573,65536,3228120,3228120,871920,871920,
65,66,330,578,11,14,-25,0,9,238,12,24,3,0,0,0,8192,8192,65536,0,0,0,150,64800,58620,0,6180,10725,0,36242,10662,0,0,255824,10662,65536,10922,0,0,0,0,
65,66,330,578,11,14,-25,0,10,239,9,24,0,0,0,0,0,0,0,3,0,1,0,0,0,0,0,0,0,0,0,0,0,0,0,-58348,0,0,0,0,0,
65,66,330,578,11,14,-25,0,11,242,20,1,1,2,2,0,65536,65536,2981,0,0,0,0,12500,12500,0,0,2500,0,187500,0,179340,179340,187500,179340,-5953,65536,179340,179340,0,0,
65,66,330,578,11,14,-25,0,12,251,9,24,24,0,0,0,65536,65536,4812,0,0,0,24000,216960,216960,0,0,13560,126000,1831208,1705944,0,0,2671320,1705944,27761,65536,0,0,0,0,
66,67,335,578,11,14,-25,0,0,30,9,1,1,0,0,0,65536,65536,65536,0,0,0,7500,9020,9020,0,0,0,0,1370910,30855,0,0,1371030,30855,65536,65536,0,0,0,0,
66,67,335,578,11,14,-25,0,1,65,9,24,1,0,0,0,2048,2048,0,0,0,0,0,14726,14726,0,0,735,0,1178,0,0,0,5580,0,65536,2048,0,0,0,0,
66,67,335,578,11,14,-25,0,2,69,9,24,23,0,0,0,62805,62805,0,0,0,0,0,643996,590096,0,53900,0,0,920734,0,0,0,2987594,0,65536,65535,0,0,0,0,
66,67,335,578,11,14,-25,0,3,79,2,24,1,0,0,0,2048,2048,0,0,0,0,0,3333,3333,0,0,0,0,1599,0,0,0,7597,0,65536,2048,0,0,0,0,
66,67,335,578,11,14,-25,0,4,90,2,1,1,0,0,0,65536,65536,65536,0,0,0,5000,14775,14775,0,0,0,0,1030367,2000,0,0,1030420,2000,65536,65536,0,0,0,0,
66,67,335,578,11,14,-25,0,5,98,2,1,1,0,0,0,2048,2048,-12727,0,0,0,156,299,299,0,0,0,0,107,2049,0,0,511,2049,-51332,2048,0,0,0,0,
66,67,335,578,11,14,-25,0,6,102,8,24,21,0,0,0,57344,57344,0,0,0,0,0,378000,334740,0,43260,25410,0,79735,0,0,0,431897,0,65536,57940,0,0,0,0,
66,67,335,578,11,14,-25,0,7,106,20,1,1,0,0,0,65536,65536,0,0,0,0,0,0,0,0,0,0,0,0,0,0,0,0,0,0,65536,0,0,0,0,
66,67,335,578,11,14,-25,0,8,203,20,18,18,36,36,0,65536,65536,65536,0,0,0,0,9000,9000,0,0,4500,0,7200000,0,4100040,4100040,7200000,4100040,61573,65536,3228120,3228120,871920,871920,
66,67,335,578,11,14,-25,0,9,238,12,24,3,0,0,0,8192,8192,65536,0,0,0,150,64800,58620,0,6180,10725,0,32988,11011,0,0,232145,11011,65536,10922,0,0,0,0,
66,67,335,578,11,14,-25,0,10,239,9,24,0,0,0,0,0,0,0,3,0,1,0,0,0,0,0,0,0,0,0,0,0,0,0,-58576,0,0,0,0,0,
66,67,335,578,11,14,-25,0,11,242,20,1,1,2,2,0,65536,65536,2981,0,0,0,0,12500,12500,0,0,2500,0,187500,0,179340,179340,187500,179340,-5953,65536,179340,179340,0,0,
66,67,335,578,11,14,-25,0,12,251,9,24,24,0,0,0,21940,65536,-41305,0,0,0,8034,72633,72633,0,0,4539,42182,218067,589792,0,0,2707560,589792,26023,65536,0,0,0,0,
67,68,340,578,11,14,-25,0,0,30,9,1,1,0,0,0,65536,65536,65536,0,0,0,7500,9020,9020,0,0,0,0,1370910,29817,0,0,1371030,29817,65536,65536,0,0,0,0,
67,68,340,578,11,14,-25,0,1,65,9,24,1,0,0,0,2048,2048,0,0,0,0,0,14726,14726,0,0,735,0,1178,0,0,0,5580,0,65536,2048,0,0,0,0,
67,68,340,578,11,14,-25,0,2,69,9,24,23,0,0,0,62805,62805,0,0,0,0,0,643996,590096,0,53900,0,0,935539,0,0,0,2953994,0,65536,65535,0,0,0,0,
67,68,340,578,11,14,-25,0,3,79,2,24,1,0,0,0,2048,2048,0,0,0,0,0,3333,3333,0,0,0,0,1599,0,0,0,7597,0,65536,2048,0,0,0,0,
67,68,340,578,11,14,-25,0,4,90,2,1,1,0,0,0,65536,65536,65536,0,0,0,5000,14775,14775,0,0,0,0,1158401,2000,0,0,1158460,2000,65536,65536,0,0,0,0,
67,68,340,578,11,14,-25,0,5,98,2,1,1,0,0,0,2048,2048,-12733,0,0,0,156,299,299,0,0,0,0,107,2050,0,0,511,2050,-51341,2048,0,0,0,0,
67,68,340,578,11,14,-25,0,6,102,8,24,18,0,0,0,49152,49152,0,0,0,0,0,324000,286920,0,37080,21780,0,65762,0,0,0,358075,0,65536,49938,0,0,0,0,
67,68,340,578,11,14,-25,0,7,106,20,1,1,0,0,0,65536,65536,0,0,0,0,0,0,0,0,0,0,0,0,0,0,0,0,0,0,65536,0,0,0,0,
67,68,340,578,11,14,-25,0,8,203,20,18,18,36,36,0,65536,65536,65536,0,0,0,0,9000,9000,0,0,4500,0,7200000,0,4100040,4100040,7200000,4100040,61573,65536,3228120,3228120,871920,871920,
67,68,340,578,11,14,-25,0,9,238,12,24,3,0,0,0,8192,8192,65536,0,0,0,150,64800,58620,0,6180,10725,0,30404,12380,0,0,213386,12380,63714,10922,0,0,0,0,
67,68,340,578,11,14,-25,0,10,239,9,24,0,0,0,0,0,0,0,3,0,1,0,0,0,0,0,0,0,0,0,0,0,0,0,-59345,0,0,0,0,0,
67,68,340,578,11,14,-25,0,11,242,20,1,1,2,2,0,65536,65536,2981,0,0,0,0,12500,12500,0,0,2500,0,187500,0,179340,179340,187500,179340,-5953,65536,179340,179340,0,0,
67,68,340,578,11,14,-25,0,12,251,9,24,24,0,0,0,39938,65536,-34151,1,0,0,14625,132216,132216,0,0,8263,76785,578056,1207074,0,0,2709120,1207074,15949,65536,0,0,0,0,
68,69,345,578,11,14,-25,0,0,30,9,1,1,0,0,0,65536,65536,65536,0,0,0,7500,9020,9020,0,0,0,0,1370910,29235,0,0,1371030,29235,65536,65536,0,0,0,0,
68,69,345,578,11,14,-25,0,1,65,9,24,1,0,0,0,2048,2048,0,0,0,0,0,14726,14726,0,0,735,0,1178,0,0,0,5580,0,65536,2048,0,0,0,0,
68,69,345,578,11,14,-25,0,2,69,9,24,23,0,0,0,62805,62805,0,0,0,0,0,643996,592296,0,51700,0,0,952194,0,0,0,2925795,0,65536,65535,0,0,0,0,
68,69,345,578,11,14,-25,0,3,79,2,24,1,0,0,0,2048,2048,0,0,0,0,0,3333,3333,0,0,0,0,1599,0,0,0,7597,0,65536,2048,0,0,0,0,
68,69,345,578,11,14,-25,0,4,90,2,1,1,0,0,0,65536,65536,65536,0,0,0,5000,14775,14775,0,0,0,0,1263180,2000,0,0,1263245,2000,65536,65536,0,0,0,0,
68,69,345,578,11,14,-25,0,5,98,2,1,1,0,0,0,2048,2048,-12471,0,0,0,156,299,299,0,0,0,0,107,2010,0,0,511,2010,-51060,2048,0,0,0,0,
68,69,345,578,11,14,-25,0,6,102,8,24,15,0,0,0,40960,40960,0,0,0,0,0,270000,239100,0,30900,18150,0,52506,0,0,0,290169,0,65536,42214,0,0,0,0,
68,69,345,578,11,14,-25,0,7,106,20,1,1,0,0,0,65536,65536,0,0,0,0,0,0,0,0,0,0,0,0,0,0,0,0,0,0,65536,0,0,0,0,
68,69,345,578,11,14,-25,0,8,203,20,18,18,36,36,0,65536,65536,65536,0,0,0,0,9000,9000,0,0,4500,0,7200000,0,4100040,4100040,7200000,4100040,61573,65536,3228120,3228120,871920,871920,
68,69,345,578,11,14,-25,0,9,238,12,24,3,0,0,0,8192,8192,65536,0,0,0,150,64800,58620,0,6180,10725,0,29191,13500,0,0,204547,13500,60253,10922,0,0,0,0,
68,69,345,578,11,14,-25,0,10,239,9,24,0,0,0,0,0,0,0,3,0,1,0,0,0,0,0,0,0,0,0,0,0,0,0,-59859,0,0,0,0,0,
68,69,345,578,11,14,-25,0,11,242,20,1,1,2,2,0,65536,65536,2981,0,0,0,0,12500,12500,0,0,2500,0,187500,0,179340,179340,187500,179340,-5953,65536,179340,179340,0,0,
68,69,345,578,11,14,-25,0,12,251,9,24,22,0,0,0,39938,60074,-48565,2,0,0,14625,132216,132216,0,0,8263,76785,340852,1316250,0,0,2515089,1316250,7738,62046,0,0,0,0,
69,70,350,578,11,14,-25,0,0,30,9,1,1,0,0,0,65536,65536,65536,0,0,0,7500,9020,9020,0,0,0,0,1370910,28927,0,0,1371030,28927,65536,65536,0,0,0,0,
69,70,350,578,11,14,-25,0,1,65,9,24,1,0,0,0,2048,2048,0,0,0,0,0,14726,14726,0,0,735,0,1178,0,0,0,5580,0,65536,2048,0,0,0,0,
69,70,350,578,11,14,-25,0,2,69,9,24,23,0,0,0,62805,62805,0,0,0,0,0,643996,616496,0,27500,0,0,993073,0,0,0,2903595,0,65536,65535,0,0,0,0,
69,70,350,578,11,14,-25,0,3,79,2,24,1,0,0,0,2048,2048,0,0,0,0,0,3333,3333,0,0,0,0,1599,0,0,0,7597,0,65536,2048,0,0,0,0,
69,70,350,578,11,14,-25,0,4,90,2,1,1,0,0,0,65536,65536,65536,0,0,0,5000,14775,14775,0,0,0,0,405537,2000,0,0,1263245,2000,65536,65536,0,0,0,0,
69,70,350,578,11,14,-25,0,5,98,2,1,1,0,0,0,2048,2048,-11907,0,0,0,156,299,299,0,0,0,0,107,1924,0,0,511,1924,-50409,2048,0,0,0,0,
69,70,350,578,11,14,-25,0,6,102,8,24,13,0,0,0,35498,35498,0,0,0,0,0,233995,207215,0,26780,15729,0,43888,0,0,0,240266,0,65536,36238,0,0,0,0,
69,70,350,578,11,14,-25,0,7,106,20,1,1,0,0,0,65536,65536,0,0,0,0,0,0,0,0,0,0,0,0,0,0,0,0,0,0,65536,0,0,0,0,
69,70,350,578,11,14,-25,0,8,203,20,18,18,36,36,0,65536,65536,65536,0,0,0,0,9000,9000,0,0,4500,0,7200000,0,4100040,4100040,7200000,4100040,61573,65536,3228120,3228120,871920,871920,
69,70,350,578,11,14,-25,0,9,238,12,24,3,0,0,0,8192,8192,65536,0,0,0,150,64800,58620,0,6180,10725,0,28748,13500,0,0,201347,13500,59205,10922,0,0,0,0,
69,70,350,578,11,14,-25,0,10,239,9,24,0,0,0,0,0,0,0,3,0,1,0,0,0,0,0,0,0,0,0,0,0,0,0,-59859,0,0,0,0,0,
69,70,350,578,11,14,-25,0,11,242,20,1,1,2,2,0,65536,65536,2981,0,0,0,0,12500,12500,0,0,2500,0,187500,0,179340,179340,187500,179340,-5953,65536,179340,179340,0,0,
69,70,350,578,11,14,-25,0,12,251,9,24,0,0,0,0,0,0,0,3,0,1,0,0,0,0,0,0,0,0,0,0,0,0,0,4587,0,0,0,0,0,
70,71,355,578,11,14,-25,0,0,30,9,1,1,0,0,0,65536,65536,65536,0,0,0,7500,9020,9020,0,0,0,0,1370910,28785,0,0,1371030,28785,65536,65536,0,0,0,0,
70,71,355,578,11,14,-25,0,1,65,9,24,1,0,0,0,2048,2048,0,0,0,0,0,14726,14726,0,0,735,0,1178,0,0,0,5580,0,65536,2048,0,0,0,0,
70,71,355,578,11,14,-25,0,2,69,9,24,23,0,0,0,62805,62805,0,0,0,0,0,643996,616496,0,27500,0,0,1067411,0,0,0,2897595,0,65536,65535,0,0,0,0,
70,71,355,578,11,14,-25,0,3,79,2,24,1,0,0,0,2048,2048,0,0,0,0,0,3333,3333,0,0,0,0,1599,0,0,0,7597,0,65536,2048,0,0,0,0,
70,71,355,578,11,14,-25,0,4,90,2,1,1,0,0,0,19106,19106,65536,0,0,0,1457,4307,4307,0,0,0,0,69943,582,0,0,332260,582,65536,19106,0,0,0,0,
70,71,355,578,11,14,-25,0,5,98,2,1,1,0,0,0,2048,2048,-11934,0,0,0,156,299,299,0,0,0,0,107,1928,0,0,511,1928,-50445,2048,0,0,0,0,
70,71,355,578,11,14,-25,0,6,102,8,24,10,0,0,0,27306,27306,0,0,0,0,0,179995,159395,0,20600,12099,0,32293,0,0,0,190374,0,65536,30023,0,0,0,0,
70,71,355,578,11,14,-25,0,7,106,20,1,1,0,0,0,65536,65536,0,0,0,0,0,0,0,0,0,0,0,0,0,0,0,0,0,0,65536,0,0,0,0,
70,71,355,578,11,14,-25,0,8,203,20,18,18,36,36,0,65536,65536,65536,0,0,0,0,9000,9000,0,0,4500,0,7200000,0,4100040,4100040,7200000,4100040,61573,65536,3228120,3228120,871920,871920,
70,71,355,578,11,14,-25,0,9,238,12,24,3,0,0,0,8192,8192,65536,0,0,0,150,64800,58620,0,6180,10725,0,28438,12179,0,0,199107,12179,59139,10922,0,0,0,0,
70,71,355,578,11,14,-25,0,10,239,9,24,0,0,0,0,0,0,0,3,0,1,0,0,0,0,0,0,0,0,0,0,0,0,0,-59243,0,0,0,0,0,
70,71,355,578,11,14,-25,0,11,242,20,1,1,2,2,0,65536,65536,2981,0,0,0,0,12500,12500,0,0,2500,0,187500,0,179340,179340,187500,179340,-5953,65536,179340,179340,0,0,
70,71,355,578,11,14,-25,0,12,251,9,24,0,0,0,0,0,0,0,3,1,1,0,0,0,0,0,0,0,0,0,0,0,0,0,12379,0,0,0,0,0,
71,72,360,578,11,14,-25,0,0,30,9,1,1,0,0,0,65536,65536,65536,0,0,0,7500,9020,9020,0,0,0,0,1370910,28742,0,0,1371030,28742,65536,65536,0,0,0,0,
71,72,360,578,11,14,-25,0,1,65,9,24,1,0,0,0,2048,2048,0,0,0,0,0,14726,14726,0,0,735,0,1178,0,0,0,5580,0,65536,2048,0,0,0,0,
71,72,360,578,11,14,-25,0,2,69,9,24,23,0,0,0,62805,62805,0,0,0,0,0,643996,590096,0,53900,0,0,1056012,0,0,0,2890155,0,65536,65535,0,0,0,0,
71,72,360,578,11,14,-25,0,3,79,2,24,1,0,0,0,2048,2048,0,0,0,0,0,3333,3333,0,0,0,0,1599,0,0,0,7597,0,65536,2048,0,0,0,0,
71,72,360,578,11,14,-25,0,4,90,2,1,1,0,0,0,2048,2048,65536,0,0,0,156,461,461,0,0,0,0,31179,62,0,0,31281,62,65536,2048,0,0,0,0,
71,72,360,578,11,14,-25,0,5,98,2,1,1,0,0,0,2048,2048,-12799,0,0,0,156,299,299,0,0,0,0,107,2060,0,0,511,2060,-51407,2048,0,0,0,0,
71,72,360,578,11,14,-25,0,6,102,8,24,9,0,0,0,24576,24576,0,0,0,0,0,162000,143460,0,18540,10890,0,28692,0,0,0,167949,0,65536,26851,0,0,0,0,
71,72,360,578,11,14,-25,0,7,106,20,1,1,0,0,0,65536,65536,0,0,0,0,0,0,0,0,0,0,0,0,0,0,0,0,0,0,65536,0,0,0,0,
71,72,360,578,11,14,-25,0,8,203,20,18,18,36,36,0,65536,65536,65536,0,0,0,0,9000,9000,0,0,4500,0,7200000,0,4100040,4100040,7200000,4100040,61573,65536,3228120,3228120,871920,871920,
71,72,360,578,11,14,-25,0,9,238,12,24,3,0,0,0,8192,8192,65536,0,0,0,150,64800,58620,0,6180,10725,0,61083,10697,0,0,199367,10697,59965,10922,0,0,0,0,
71,72,360,578,11,14,-25,0,10,239,9,24,0,0,0,0,0,0,0,3,0,1,0,0,0,0,0,0,0,0,0,0,0,0,0,-58372,0,0,0,0,0,
71,72,360,578,11,14,-25,0,11,242,20,1,1,2,2,0,65536,65536,2981,0,0,0,0,12500,12500,0,0,2500,0,187500,0,179340,179340,187500,179340,-5953,65536,179340,179340,0,0,
71,72,360,578,11,14,-25,0,12,251,9,24,24,0,0,0,65536,65536,-6124,0,0,0,24000,216960,216960,0,0,13560,126000,1551671,1711632,0,0,2721960,1711632,29215,65536,0,0,0,0,
72,73,365,578,11,14,-25,0,0,30,9,1,1,0,0,0,65536,65536,65536,0,0,0,7500,9020,9020,0,0,0,0,1370910,28740,0,0,1371030,28740,65536,65536,0,0,0,0,
72,73,365,578,11,14,-25,0,1,65,9,24,1,0,0,0,2048,2048,0,0,0,0,0,14726,14726,0,0,735,0,1178,0,0,0,5580,0,65536,2048,0,0,0,0,
72,73,365,578,11,14,-25,0,2,69,9,24,23,0,0,0,62805,62805,0,0,0,0,0,643996,593396,0,50600,0,0,937668,0,0,0,2863276,0,65536,65535,0,0,0,0,
72,73,365,578,11,14,-25,0,3,79,2,24,1,0,0,0,2048,2048,0,0,0,0,0,3333,3333,0,0,0,0,1599,0,0,0,7597,0,65536,2048,0,0,0,0,
72,73,365,578,11,14,-25,0,4,90,2,1,1,0,0,0,65536,65536,65536,0,0,0,5000,14775,14775,0,0,0,0,1032583,2000,0,0,1032635,2000,65536,65536,0,0,0,0,
72,73,365,578,11,14,-25,0,5,98,2,1,1,0,0,0,2048,2048,-12720,0,0,0,156,299,299,0,0,0,0,107,2048,0,0,511,2048,-51325,2048,0,0,0,0,
72,73,365,578,11,14,-25,0,6,102,8,24,16,0,0,0,43690,43690,0,0,0,0,0,287995,255035,0,32960,19359,0,125047,0,0,0,295613,0,65536,46193,0,0,0,0,
72,73,365,578,11,14,-25,0,7,106,20,1,1,0,0,0,65536,65536,0,0,0,0,0,0,0,0,0,0,0,0,0,0,0,0,0,0,65536,0,0,0,0,
72,73,365,578,11,14,-25,0,8,203,20,18,18,36,36,0,65536,65536,65536,0,0,0,0,9000,9000,0,0,4500,0,7200000,0,4100040,4100040,7200000,4100040,61573,65536,3228120,3228120,871920,871920,
72,73,365,578,11,14,-25,0,9,238,12,24,3,0,0,0,8192,8192,65536,0,0,0,150,64800,58620,0,6180,10725,0,108305,11035,0,0,204427,11035,61453,10922,0,0,0,0,
72,73,365,578,11,14,-25,0,10,239,9,24,0,0,0,0,0,0,0,3,0,1,0,0,0,0,0,0,0,0,0,0,0,0,0,-58591,0,0,0,0,0,
72,73,365,578,11,14,-25,0,11,242,20,1,1,2,2,0,65536,65536,2981,0,0,0,0,12500,12500,0,0,2500,0,187500,0,179340,179340,187500,179340,-5953,65536,179340,179340,0,0,
72,73,365,578,11,14,-25,0,12,251,9,24,21,0,0,0,25815,57344,-44387,0,0,0,9453,85461,85461,0,0,5341,49632,224420,695457,0,0,2462744,695457,25777,59642,0,0,0,0,
73,74,370,578,11,14,-25,0,0,30,9,1,1,0,0,0,65536,65536,65536,0,0,0,7500,9020,9020,0,0,0,0,1370910,29062,0,0,1371030,29062,65536,65536,0,0,0,0,
73,74,370,578,11,14,-25,0,1,65,9,24,1,0,0,0,2048,2048,0,0,0,0,0,14726,14726,0,0,735,0,1178,0,0,0,5580,0,65536,2048,0,0,0,0,
73,74,370,578,11,14,-25,0,2,69,9,24,23,0,0,0,62805,62805,0,0,0,0,0,643996,594496,0,49500,0,0,1031979,0,0,0,2854516,0,65536,65535,0,0,0,0,
73,74,370,578,11,14,-25,0,3,79,2,24,1,0,0,0,2048,2048,0,0,0,0,0,3333,3333,0,0,0,0,1599,0,0,0,7597,0,65536,2048,0,0,0,0,
73,74,370,578,11,14,-25,0,4,90,2,1,1,0,0,0,65536,65536,65536,0,0,0,5000,14775,14775,0,0,0,0,1159243,2000,0,0,1159305,2000,65536,65536,0,0,0,0,
73,74,370,578,11,14,-25,0,5,98,2,1,1,0,0,0,2048,2048,-12419,0,0,0,156,299,299,0,0,0,0,107,2002,0,0,511,2002,-50999,2048,0,0,0,0,
73,74,370,578,11,14,-25,0,6,102,8,24,20,0,0,0,54613,54613,0,0,0,0,0,359997,318797,0,41200,24199,0,150185,0,0,0,366709,0,65536,55864,0,0,0,0,
73,74,370,578,11,14,-25,0,7,106,20,1,1,0,0,0,65536,65536,0,0,0,0,0,0,0,0,0,0,0,0,0,0,0,0,0,0,65536,0,0,0,0,
73,74,370,578,11,14,-25,0,8,203,20,18,18,36,36,0,65536,65536,65536,0,0,0,0,9000,9000,0,0,4500,0,7200000,0,4100040,4100040,7200000,4100040,61573,65536,3228120,3228120,871920,871920,
73,74,370,578,11,14,-25,0,9,238,12,24,3,0,0,0,8192,8192,65536,0,0,0,150,64800,58620,0,6180,10725,0,114536,12389,0,0,213966,12389,63904,10922,0,0,0,0,
73,74,370,578,11,14,-25,0,10,239,9,24,0,0,0,0,0,0,0,3,0,1,0,0,0,0,0,0,0,0,0,0,0,0,0,-59350,0,0,0,0,0,
73,74,370,578,11,14,-25,0,11,242,20,1,1,2,2,0,65536,65536,2981,0,0,0,0,12500,12500,0,0,2500,0,187500,0,179340,179340,187500,179340,-5953,65536,179340,179340,0,0,
73,74,370,578,11,14,-25,0,12,251,9,24,20,0,0,0,39938,54613,-47122,1,0,0,14625,132216,132216,0,0,8263,76785,339398,1207951,0,0,2280472,1207951,13968,56498,0,0,0,0,
74,75,375,578,11,14,-25,0,0,30,9,1,1,0,0,0,65536,65536,65536,0,0,0,7500,9020,9020,0,0,0,0,1370910,29877,0,0,1371030,29877,65536,65536,0,0,0,0,
74,75,375,578,11,14,-25,0,1,65,9,24,1,0,0,0,2048,2048,0,0,0,0,0,14726,14726,0,0,735,0,1178,0,0,0,5580,0,65536,2048,0,0,0,0,
74,75,375,578,11,14,-25,0,2,69,9,24,23,0,0,0,62805,62805,0,0,0,0,0,643996,597796,0,46200,0,0,1092405,0,0,0,2856556,0,65536,65535,0,0,0,0,
74,75,375,578,11,14,-25,0,3,79,2,24,1,0,0,0,2048,2048,0,0,0,0,0,3333,3333,0,0,0,0,1599,0,0,0,7597,0,65536,2048,0,0,0,0,
74,75,375,578,11,14,-25,0,4,90,2,1,1,0,0,0,65536,65536,65536,0,0,0,5000,14775,14775,0,0,0,0,1263180,2000,0,0,1263245,2000,65536,65536,0,0,0,0,
74,75,375,578,11,14,-25,0,5,98,2,1,1,0,0,0,2048,2048,-11901,0,0,0,156,299,299,0,0,0,0,107,1923,0,0,511,1923,-50401,2048,0,0,0,0,
74,75,375,578,11,14,-25,0,6,102,8,24,22,0,0,0,60074,60074,0,0,0,0,0,395995,350675,0,45320,26619,0,171081,0,0,0,408124,0,65536,60700,0,0,0,0,
74,75,375,578,11,14,-25,0,7,106,20,1,1,0,0,0,65536,65536,0,0,0,0,0,0,0,0,0,0,0,0,0,0,0,0,0,0,65536,0,0,0,0,
74,75,375,578,11,14,-25,0,8,203,20,18,18,36,36,0,65536,65536,65536,0,0,0,0,9000,9000,0,0,4500,0,7200000,0,4100040,4100040,7200000,4100040,61573,65536,3228120,3228120,871920,871920,
74,75,375,578,11,14,-25,0,9,238,12,24,24,0,0,0,65536,65536,65536,0,0,0,1200,518400,468960,0,49440,85800,0,480140,108000,0,0,1400640,108000,65536,65536,0,0,0,0,
74,75,375,578,11,14,-25,0,10,239,9,24,0,0,0,0,0,0,0,3,0,1,0,0,0,0,0,0,0,0,0,0,0,0,0,-59859,0,0,0,0,0,
74,75,375,578,11,14,-25,0,11,242,20,1,1,2,2,0,65536,65536,2981,0,0,0,0,12500,12500,0,0,2500,0,187500,0,179340,179340,187500,179340,-5953,65536,179340,179340,0,0,
74,75,375,578,11,14,-25,0,12,251,9,24,17,0,0,0,37071,46421,-49304,2,0,0,13575,122725,122725,0,0,7670,71272,302590,1221750,0,0,1891341,1221750,4544,48785,0,0,0,0,
75,76,380,578,11,14,-25,0,0,30,9,1,1,0,0,0,65536,65536,65536,0,0,0,7500,9020,9020,0,0,0,0,1370910,29375,0,0,1371030,29375,65536,65536,0,0,0,0,
75,76,380,578,11,14,-25,0,1,65,9,24,1,0,0,0,2048,2048,0,0,0,0,0,14726,14726,0,0,735,0,1178,0,0,0,5580,0,65536,2048,0,0,0,0,
75,76,380,578,11,14,-25,0,2,69,9,24,23,0,0,0,62805,62805,0,0,0,0,0,643996,616496,0,27500,0,0,1227569,0,0,0,2878036,0,65536,65535,0,0,0,0,
75,76,380,578,11,14,-25,0,3,79,2,24,1,0,0,0,2048,2048,0,0,0,0,0,3333,3333,0,0,0,0,1599,0,0,0,7597,0,65536,2048,0,0,0,0,
75,76,380,578,11,14,-25,0,4,90,2,1,1,0,0,0,65536,65536,65536,0,0,0,5000,14775,14775,0,0,0,0,265950,2000,0,0,1263245,2000,65536,65536,0,0,0,0,
75,76,380,578,11,14,-25,0,5,98,2,1,1,0,0,0,2048,2048,-11468,0,0,0,156,299,299,0,0,0,0,107,1857,0,0,511,1857,-49869,2048,0,0,0,0,
75,76,380,578,11,14,-25,0,6,102,8,24,23,0,0,0,62805,62805,0,0,0,0,0,413997,366617,0,47380,27829,0,160505,0,0,0,430969,0,65536,63118,0,0,0,0,
75,76,380,578,11,14,-25,0,7,106,20,1,1,0,0,0,65536,65536,0,0,0,0,0,0,0,0,0,0,0,0,0,0,0,0,0,0,65536,0,0,0,0,
75,76,380,578,11,14,-25,0,8,203,20,18,18,36,36,0,65536,65536,65536,0,0,0,0,9000,9000,0,0,4500,0,7200000,0,4100040,4100040,7200000,4100040,61573,65536,3228120,3228120,871920,871920,
75,76,380,578,11,14,-25,0,9,238,12,24,3,0,0,0,8192,8192,65536,0,0,0,150,64800,58620,0,6180,10725,0,30914,13500,0,0,217106,13500,64369,10922,0,0,0,0,
75,76,380,578,11,14,-25,0,10,239,9,24,0,0,0,0,0,0,0,3,0,1,0,0,0,0,0,0,0,0,0,0,0,0,0,-59859,0,0,0,0,0,
75,76,380,578,11,14,-25,0,11,242,20,1,1,2,2,0,65536,65536,2981,0,0,0,0,12500,12500,0,0,2500,0,187500,0,179340,179340,187500,179340,-5953,65536,179340,179340,0,0,
75,76,380,578,11,14,-25,0,12,251,9,24,0,0,0,0,0,0,0,3,0,1,0,0,0,0,0,0,0,0,0,0,0,0,0,2167,0,0,0,0,0,
76,77,385,578,11,14,-25,0,0,30,9,1,1,0,0,0,65536,65536,65536,0,0,0,7500,9020,9020,0,0,0,0,1370910,28857,0,0,1371030,28857,65536,65536,0,0,0,0,
76,77,385,578,11,14,-25,0,1,65,9,24,1,0,0,0,2048,2048,0,0,0,0,0,14726,14726,0,0,735,0,1178,0,0,0,5580,0,65536,2048,0,0,0,0,
76,77,385,578,11,14,-25,0,2,69,9,24,23,0,0,0,62805,62805,0,0,0,0,0,643996,616496,0,27500,0,0,1303418,0,0,0,2910315,0,65536,65535,0,0,0,0,
76,77,385,578,11,14,-25,0,3,79,2,24,1,0,0,0,2048,2048,0,0,0,0,0,3333,3333,0,0,0,0,1599,0,0,0,7597,0,65536,2048,0,0,0,0,
76,77,385,578,11,14,-25,0,4,90,2,1,1,0,0,0,16045,16045,65536,0,0,0,1224,3617,3617,0,0,0,0,58326,489,0,0,277072,489,65536,16045,0,0,0,0,
76,77,385,578,11,14,-25,0,5,98,2,1,1,0,0,0,2048,2048,-11540,0,0,0,156,299,299,0,0,0,0,107,1868,0,0,511,1868,-49960,2048,0,0,0,0,
76,77,385,578,11,14,-25,0,6,102,8,24,19,0,0,0,51882,51882,0,0,0,0,0,341995,302855,0,39140,22989,0,63720,0,0,0,357635,0,65536,54315,0,0,0,0,
76,77,385,578,11,14,-25,0,7,106,20,1,1,0,0,0,65536,65536,0,0,0,0,0,0,0,0,0,0,0,0,0,0,0,0,0,0,65536,0,0,0,0,
76,77,385,578,11,14,-25,0,8,203,20,18,18,36,36,0,65536,65536,65536,0,0,0,0,9000,9000,0,0,4500,0,7200000,0,4100040,4100040,7200000,4100040,61573,65536,3228120,3228120,871920,871920,
76,77,385,578,11,14,-25,0,9,238,12,24,3,0,0,0,8192,8192,65536,0,0,0,150,64800,58620,0,6180,10725,0,28329,12094,0,0,198287,12094,58910,10922,0,0,0,0,
76,77,385,578,11,14,-25,0,10,239,9,24,0,0,0,0,0,0,0,3,0,1,0,0,0,0,0,0,0,0,0,0,0,0,0,-59199,0,0,0,0,0,
76,77,385,578,11,14,-25,0,11,242,20,1,1,2,2,0,65536,65536,2981,0,0,0,0,12500,12500,0,0,2500,0,187500,0,179340,179340,187500,179340,-5953,65536,179340,179340,0,0,
76,77,385,578,11,14,-25,0,12,251,9,24,0,0,0,0,0,0,0,3,1,1,0,0,0,0,0,0,0,0,0,0,0,0,0,10486,0,0,0,0,0,
77,78,390,578,11,14,-25,0,0,30,9,1,1,0,0,0,65536,65536,65536,0,0,0,7500,9020,9020,0,0,0,0,1370910,28485,0,0,1371030,28485,65536,65536,0,0,0,0,
77,78,390,578,11,14,-25,0,1,65,9,24,1,0,0,0,2048,2048,0,0,0,0,0,14726,14726,0,0,735,0,1178,0,0,0,5580,0,65536,2048,0,0,0,0,
77,78,390,578,11,14,-25,0,2,69,9,24,23,0,0,0,62805,62805,0,0,0,0,0,643996,590096,0,53900,0,0,1310353,0,0,0,2943915,0,65536,65535,0,0,0,0,
77,78,390,578,11,14,-25,0,3,79,2,24,1,0,0,0,2048,2048,0,0,0,0,0,3333,3333,0,0,0,0,1599,0,0,0,7597,0,65536,2048,0,0,0,0,
77,78,390,578,11,14,-25,0,4,90,2,1,1,0,0,0,2048,2048,65536,0,0,0,156,461,461,0,0,0,0,30907,62,0,0,31008,62,65536,2048,0,0,0,0,
77,78,390,578,11,14,-25,0,5,98,2,1,1,0,0,0,2048,2048,-12432,0,0,0,156,299,299,0,0,0,0,107,2004,0,0,511,2004,-51013,2048,0,0,0,0,
77,78,390,578,11,14,-25,0,6,102,8,24,16,0,0,0,43690,43690,0,0,0,0,0,287995,255035,0,32960,19359,0,51007,0,0,0,274207,0,65536,43839,0,0,0,0,
77,78,390,578,11,14,-25,0,7,106,20,1,1,0,0,0,65536,65536,0,0,0,0,0,0,0,0,0,0,0,0,0,0,0,0,0,0,65536,0,0,0,0,
77,78,390,578,11,14,-25,0,8,203,20,18,18,36,36,0,65536,65536,65536,0,0,0,0,9000,9000,0,0,4500,0,7200000,0,4100040,4100040,7200000,4100040,61573,65536,3228120,3228120,871920,871920,
77,78,390,578,11,14,-25,0,9,238,12,24,3,0,0,0,8192,8192,65536,0,0,0,150,64800,58620,0,6180,10725,0,26213,10604,0,0,182928,10604,54630,10922,0,0,0,0,
77,78,390,578,11,14,-25,0,10,239,9,24,0,0,0,0,0,0,0,3,0,1,0,0,0,0,0,0,0,0,0,0,0,0,0,-58308,0,0,0,0,0,
77,78,390,578,11,14,-25,0,11,242,20,1,1,2,2,0,65536,65536,2981,0,0,0,0,12500,12500,0,0,2500,0,187500,0,179340,179340,187500,179340,-5953,65536,179340,179340,0,0,
77,78,390,578,11,14,-25,0,12,251,9,24,24,0,0,0,65536,65536,-2625,0,0,0,24000,216960,216960,0,0,13560,126000,1628686,1696656,0,0,2647920,1696656,27455,65536,0,0,0,0,
78,79,395,578,11,14,-25,0,0,30,9,1,1,0,0,0,65536,65536,65536,0,0,0,7500,9020,9020,0,0,0,0,1370910,28502,0,0,1371030,28502,65536,65536,0,0,0,0,
78,79,395,578,11,14,-25,0,1,65,9,24,1,0,0,0,2048,2048,0,0,0,0,0,14726,14726,0,0,735,0,1178,0,0,0,5580,0,65536,2048,0,0,0,0,
78,79,395,578,11,14,-25,0,2,69,9,24,23,0,0,0,62805,62805,0,0,0,0,0,643996,591196,0,52800,0,0,1274162,0,0,0,2970794,0,65536,65535,0,0,0,0,
78,79,395,578,11,14,-25,0,3,79,2,24,1,0,0,0,2048,2048,0,0,0,0,0,3333,3333,0,0,0,0,1599,0,0,0,7597,0,65536,2048,0,0,0,0,
78,79,395,578,11,14,-25,0,4,90,2,1,1,0,0,0,65536,65536,65536,0,0,0,5000,14775,14775,0,0,0,0,1022714,2000,0,0,1022765,2000,65536,65536,0,0,0,0,
78,79,395,578,11,14,-25,0,5,98,2,1,1,0,0,0,2048,2048,-12537,0,0,0,156,299,299,0,0,0,0,107,2020,0,0,511,2020,-51129,2048,0,0,0,0,
78,79,395,578,11,14,-25,0,6,102,8,24,13,0,0,0,35498,35498,0,0,0,0,0,233995,207215,0,26780,15729,0,41443,0,0,0,233788,0,65536,37377,0,0,0,0,
78,79,395,578,11,14,-25,0,7,106,20,1,1,0,0,0,65536,65536,0,0,0,0,0,0,0,0,0,0,0,0,0,0,0,0,0,0,65536,0,0,0,0,
78,79,395,578,11,14,-25,0,8,203,20,18,18,36,36,0,65536,65536,65536,0,0,0,0,9000,9000,0,0,4500,0,7200000,0,4100040,4100040,7200000,4100040,61573,65536,3228120,3228120,871920,871920,
78,79,395,578,11,14,-25,0,9,238,12,24,3,0,0,0,8192,8192,65536,0,0,0,150,64800,58620,0,6180,10725,0,25569,10930,0,0,178249,10930,52926,10922,0,0,0,0,
78,79,395,578,11,14,-25,0,10,239,9,24,0,0,0,0,0,0,0,3,0,1,0,0,0,0,0,0,0,0,0,0,0,0,0,-58524,0,0,0,0,0,
78,79,395,578,11,14,-25,0,11,242,20,1,1,2,2,0,65536,65536,2981,0,0,0,0,12500,12500,0,0,2500,0,187500,0,179340,179340,187500,179340,-5953,65536,179340,179340,0,0,
78,79,395,578,11,14,-25,0,12,251,9,24,23,0,0,0,23852,62805,-44472,0,0,0,8734,78963,78963,0,0,4935,45858,204545,636420,0,0,2604799,636420,25408,63950,0,0,0,0,
79,80,400,578,11,14,-25,0,0,30,9,1,1,0,0,0,65536,65536,65536,0,0,0,7500,9020,9020,0,0,0,0,1370910,28725,0,0,1371030,28725,65536,65536,0,0,0,0,
79,80,400,578,11,14,-25,0,1,65,9,24,1,0,0,0,2048,2048,0,0,0,0,0,14726,14726,0,0,735,0,1178,0,0,0,5580,0,65536,2048,0,0,0,0,
79,80,400,578,11,14,-25,0,2,69,9,24,23,0,0,0,62805,62805,0,0,0,0,0,643996,591196,0,52800,0,0,1276461,0,0,0,2997074,0,65536,65535,0,0,0,0,
79,80,400,578,11,14,-25,0,3,79,2,24,1,0,0,0,2048,2048,0,0,0,0,0,3333,3333,0,0,0,0,1599,0,0,0,7597,0,65536,2048,0,0,0,0,
79,80,400,578,11,14,-25,0,4,90,2,1,1,0,0,0,65536,65536,65536,0,0,0,5000,14775,14775,0,0,0,0,1147320,2000,0,0,1147380,2000,65536,65536,0,0,0,0,
79,80,400,578,11,14,-25,0,5,98,2,1,1,0,0,0,2048,2048,-12399,0,0,0,156,299,299,0,0,0,0,107,1999,0,0,511,1999,-50980,2048,0,0,0,0,
79,80,400,578,11,14,-25,0,6,102,8,24,12,0,0,0,32768,32768,0,0,0,0,0,216000,191280,0,24720,14520,0,38256,0,0,0,206880,0,65536,33075,0,0,0,0,
79,80,400,578,11,14,-25,0,7,106,20,1,1,0,0,0,65536,65536,0,0,0,0,0,0,0,0,0,0,0,0,0,0,0,0,0,0,65536,0,0,0,0,
79,80,400,578,11,14,-25,0,8,203,20,18,18,36,36,0,65536,65536,65536,0,0,0,0,9000,9000,0,0,4500,0,7200000,0,4100040,4100040,7200000,4100040,61573,65536,3228120,3228120,871920,871920,
79,80,400,578,11,14,-25,0,9,238,12,24,3,0,0,0,8192,8192,65536,0,0,0,150,64800,58620,0,6180,10725,0,54271,12261,0,0,178629,12261,52382,10922,0,0,0,0,
79,80,400,578,11,14,-25,0,10,239,9,24,0,0,0,0,0,0,0,3,0,1,0,0,0,0,0,0,0,0,0,0,0,0,0,-59285,0,0,0,0,0,
79,80,400,578,11,14,-25,0,11,242,20,1,1,2,2,0,65536,65536,2981,0,0,0,0,12500,12500,0,0,2500,0,187500,0,179340,179340,187500,179340,-5953,65536,179340,179340,0,0,
79,80,400,578,11,14,-25,0,12,251,9,24,23,0,0,0,39938,62805,-44676,1,0,0,14625,132216,132216,0,0,8263,76785,380527,1195520,0,0,2610070,1195520,14701,64743,0,0,0,0,
80,81,405,578,11,14,-25,0,0,30,9,1,1,0,0,0,65536,65536,65536,0,0,0,7500,9020,9020,0,0,0,0,1370910,29087,0,0,1371030,29087,65536,65536,0,0,0,0,
80,81,405,578,11,14,-25,0,1,65,9,24,1,0,0,0,2048,2048,0,0,0,0,0,14726,14726,0,0,735,0,1178,0,0,0,5580,0,65536,2048,0,0,0,0,
80,81,405,578,11,14,-25,0,2,69,9,24,23,0,0,0,62805,62805,0,0,0,0,0,643996,593396,0,50600,0,0,1263268,0,0,0,3019873,0,65536,65535,0,0,0,0,
80,81,405,578,11,14,-25,0,3,79,2,24,1,0,0,0,2048,2048,0,0,0,0,0,3333,3333,0,0,0,0,1599,0,0,0,7597,0,65536,2048,0,0,0,0,
80,81,405,578,11,14,-25,0,4,90,2,1,1,0,0,0,65536,65536,65536,0,0,0,5000,14775,14775,0,0,0,0,1263180,2000,0,0,1263245,2000,65536,65536,0,0,0,0,
80,81,405,578,11,14,-25,0,5,98,2,1,1,0,0,0,2048,2048,-12006,0,0,0,156,299,299,0,0,0,0,107,1939,0,0,511,1939,-50527,2048,0,0,0,0,
80,81,405,578,11,14,-25,0,6,102,8,24,11,0,0,0,30037,30037,0,0,0,0,0,197997,175337,0,22660,13309,0,35067,0,0,0,196847,0,65536,31471,0,0,0,0,
80,81,405,578,11,14,-25,0,7,106,20,1,1,0,0,0,65536,65536,0,0,0,0,0,0,0,0,0,0,0,0,0,0,0,0,0,0,65536,0,0,0,0,
80,81,405,578,11,14,-25,0,8,203,20,18,18,36,36,0,65536,65536,65536,0,0,0,0,9000,9000,0,0,4500,0,7200000,0,4100040,4100040,7200000,4100040,61573,65536,3228120,3228120,871920,871920,
80,81,405,578,11,14,-25,0,9,238,12,24,3,0,0,0,8192,8192,65536,0,0,0,150,64800,58620,0,6180,10725,0,94379,13500,0,0,183108,13500,53228,10922,0,0,0,0,
80,81,405,578,11,14,-25,0,10,239,9,24,0,0,0,0,0,0,0,3,0,1,0,0,0,0,0,0,0,0,0,0,0,0,0,-59859,0,0,0,0,0,
80,81,405,578,11,14,-25,0,11,242,20,1,1,2,2,0,65536,65536,2981,0,0,0,0,12500,12500,0,0,2500,0,187500,0,179340,179340,187500,179340,-5953,65536,179340,179340,0,0,
80,81,405,578,11,14,-25,0,12,251,9,24,21,0,0,0,39938,57344,-49168,2,0,0,14625,132216,132216,0,0,8263,76785,328741,1316250,0,0,2270891,1316250,5136,58084,0,0,0,0,
81,82,410,578,11,14,-25,0,0,30,9,1,1,0,0,0,65536,65536,65536,0,0,0,7500,9020,9020,0,0,0,0,1370910,29545,0,0,1371030,29545,65536,65536,0,0,0,0,
81,82,410,578,11,14,-25,0,1,65,9,24,1,0,0,0,2048,2048,0,0,0,0,0,14726,14726,0,0,735,0,1178,0,0,0,5580,0,65536,2048,0,0,0,0,
81,82,410,578,11,14,-25,0,2,69,9,24,23,0,0,0,62805,62805,0,0,0,0,0,643996,616496,0,27500,0,0,1257524,0,0,0,3036673,0,65536,65535,0,0,0,0,
81,82,410,578,11,14,-25,0,3,79,2,24,1,0,0,0,2048,2048,0,0,0,0,0,3333,3333,0,0,0,0,1599,0,0,0,7597,0,65536,2048,0,0,0,0,
81,82,410,578,11,14,-25,0,4,90,2,1,1,0,0,0,65536,65536,65536,0,0,0,5000,14775,14775,0,0,0,0,340401,2000,0,0,1263245,2000,65536,65536,0,0,0,0,
81,82,410,578,11,14,-25,0,5,98,2,1,1,0,0,0,2048,2048,-11291,0,0,0,156,299,299,0,0,0,0,107,1830,0,0,511,1830,-49630,2048,0,0,0,0,
81,82,410,578,11,14,-25,0,6,102,8,24,17,0,0,0,46421,46421,0,0,0,0,0,305997,270977,0,35020,20569,0,89876,0,0,0,307199,0,65536,48503,0,0,0,0,
81,82,410,578,11,14,-25,0,7,106,20,1,1,0,0,0,65536,65536,0,0,0,0,0,0,0,0,0,0,0,0,0,0,0,0,0,0,65536,0,0,0,0,
81,82,410,578,11,14,-25,0,8,203,20,18,18,36,36,0,65536,65536,65536,0,0,0,0,9000,9000,0,0,4500,0,7200000,0,4100040,4100040,7200000,4100040,61573,65536,3228120,3228120,871920,871920,
81,82,410,578,11,14,-25,0,9,238,12,24,3,0,0,0,8192,8192,65536,0,0,0,150,64800,58620,0,6180,10725,0,99564,13500,0,0,191048,13500,55830,10922,0,0,0,0,
81,82,410,578,11,14,-25,0,10,239,9,24,0,0,0,0,0,0,0,3,0,1,0,0,0,0,0,0,0,0,0,0,0,0,0,-59859,0,0,0,0,0,
81,82,410,578,11,14,-25,0,11,242,20,1,1,2,2,0,65536,65536,2981,0,0,0,0,12500,12500,0,0,2500,0,187500,0,179340,179340,187500,179340,-5953,65536,179340,179340,0,0,
81,82,410,578,11,14,-25,0,12,251,9,24,0,0,0,0,0,0,0,3,0,1,0,0,0,0,0,0,0,0,0,0,0,0,0,1151,0,0,0,0,0,
82,83,415,578,11,14,-25,0,0,30,9,1,1,0,0,0,65536,65536,65536,0,0,0,7500,9020,9020,0,0,0,0,1370910,30320,0,0,1371030,30320,65536,65536,0,0,0,0,
82,83,415,578,11,14,-25,0,1,65,9,24,1,0,0,0,2048,2048,0,0,0,0,0,14726,14726,0,0,735,0,1178,0,0,0,5580,0,65536,2048,0,0,0,0,
82,83,415,578,11,14,-25,0,2,69,9,24,23,0,0,0,62805,62805,0,0,0,0,0,643996,616496,0,27500,0,0,1312681,0,0,0,3060913,0,65536,65535,0,0,0,0,
82,83,415,578,11,14,-25,0,3,79,2,24,1,0,0,0,2048,2048,0,0,0,0,0,3333,3333,0,0,0,0,1599,0,0,0,7597,0,65536,2048,0,0,0,0,
82,83,415,578,11,14,-25,0,4,90,2,1,1,0,0,0,18311,18311,65536,0,0,0,1397,4128,4128,0,0,0,0,66928,558,0,0,317923,558,65536,18311,0,0,0,0,
82,83,415,578,11,14,-25,0,5,98,2,1,1,0,0,0,2048,2048,-11291,0,0,0,156,299,299,0,0,0,0,107,1830,0,0,511,1830,-49630,2048,0,0,0,0,
82,83,415,578,11,14,-25,0,6,102,8,24,20,0,0,0,54613,54613,0,0,0,0,0,359997,318797,0,41200,24199,0,66223,0,0,0,361867,0,65536,57019,0,0,0,0,
82,83,415,578,11,14,-25,0,7,106,20,1,1,0,0,0,65536,65536,0,0,0,0,0,0,0,0,0,0,0,0,0,0,0,0,0,0,65536,0,0,0,0,
82,83,415,578,11,14,-25,0,8,203,20,18,18,36,36,0,65536,65536,65536,0,0,0,0,9000,9000,0,0,4500,0,7200000,0,4100040,4100040,7200000,4100040,61573,65536,3228120,3228120,871920,871920,
82,83,415,578,11,14,-25,0,9,238,12,24,24,0,0,0,65536,65536,65536,0,0,0,1200,518400,468960,0,49440,85800,0,422022,97280,0,0,1232040,97280,61184,65536,0,0,0,0,
82,83,415,578,11,14,-25,0,10,239,9,24,0,0,0,0,0,0,0,3,0,1,0,0,0,0,0,0,0,0,0,0,0,0,0,-59233,0,0,0,0,0,
82,83,415,578,11,14,-25,0,11,242,20,1,1,2,2,0,65536,65536,2981,0,0,0,0,12500,12500,0,0,2500,0,187500,0,179340,179340,187500,179340,-5953,65536,179340,179340,0,0,
82,83,415,578,11,14,-25,0,12,251,9,24,0,0,0,0,0,0,0,3,1,1,0,0,0,0,0,0,0,0,0,0,0,0,0,8503,0,0,0,0,0,
83,84,420,578,11,14,-25,0,0,30,9,1,1,0,0,0,65536,65536,65536,0,0,0,7500,9020,9020,0,0,0,0,1370910,29972,0,0,1371030,29972,65536,65536,0,0,0,0,
83,84,420,578,11,14,-25,0,1,65,9,24,1,0,0,0,2048,2048,0,0,0,0,0,14726,14726,0,0,735,0,1178,0,0,0,5580,0,65536,2048,0,0,0,0,
83,84,420,578,11,14,-25,0,2,69,9,24,23,0,0,0,62805,62805,0,0,0,0,0,643996,590096,0,53900,0,0,1330647,0,0,0,3087792,0,65536,65535,0,0,0,0,
83,84,420,578,11,14,-25,0,3,79,2,24,1,0,0,0,2048,2048,0,0,0,0,0,3333,3333,0,0,0,0,1599,0,0,0,7597,0,65536,2048,0,0,0,0,
83,84,420,578,11,14,-25,0,4,90,2,1,1,0,0,0,2048,2048,65536,0,0,0,156,461,461,0,0,0,0,31118,62,0,0,31220,62,65536,2048,0,0,0,0,
83,84,420,578,11,14,-25,0,5,98,2,1,1,0,0,0,2048,2048,-12209,0,0,0,156,299,299,0,0,0,0,107,1970,0,0,511,1970,-50762,2048,0,0,0,0,
83,84,420,578,11,14,-25,0,6,102,8,24,20,0,0,0,54613,54613,0,0,0,0,0,359997,318797,0,41200,24199,0,64652,0,0,0,360191,0,65536,56755,0,0,0,0,
83,84,420,578,11,14,-25,0,7,106,20,1,1,0,0,0,65536,65536,0,0,0,0,0,0,0,0,0,0,0,0,0,0,0,0,0,0,65536,0,0,0,0,
83,84,420,578,11,14,-25,0,8,203,20,18,18,36,36,0,65536,65536,65536,0,0,0,0,9000,9000,0,0,4500,0,7200000,0,4100040,4100040,7200000,4100040,61573,65536,3228120,3228120,871920,871920,
83,84,420,578,11,14,-25,0,9,238,12,24,3,0,0,0,8192,8192,65536,0,0,0,150,64800,58620,0,6180,10725,0,27426,10676,0,0,191748,10676,57481,10922,0,0,0,0,
83,84,420,578,11,14,-25,0,10,239,9,24,0,0,0,0,0,0,0,3,0,1,0,0,0,0,0,0,0,0,0,0,0,0,0,-58357,0,0,0,0,0,
83,84,420,578,11,14,-25,0,11,242,20,1,1,2,2,0,65536,65536,2981,0,0,0,0,12500,12500,0,0,2500,0,187500,0,179340,179340,187500,179340,-5953,65536,179340,179340,0,0,
83,84,420,578,11,14,-25,0,12,251,9,24,24,0,0,0,65536,65536,3128,0,0,0,24000,216960,216960,0,0,13560,126000,1789828,1708272,0,0,2603040,1708272,25255,65536,0,0,0,0,
84,85,425,578,11,14,-25,0,0,30,9,1,1,0,0,0,65536,65536,65536,0,0,0,7500,9020,9020,0,0,0,0,1370910,29482,0,0,1371030,29482,65536,65536,0,0,0,0,
84,85,425,578,11,14,-25,0,1,65,9,24,1,0,0,0,2048,2048,0,0,0,0,0,14726,14726,0,0,735,0,1178,0,0,0,5580,0,65536,2048,0,0,0,0,
84,85,425,578,11,14,-25,0,2,69,9,24,23,0,0,0,62805,62805,0,0,0,0,0,643996,590096,0,53900,0,0,1224340,0,0,0,3097872,0,65536,65535,0,0,0,0,
84,85,425,578,11,14,-25,0,3,79,2,24,1,0,0,0,2048,2048,0,0,0,0,0,3333,3333,0,0,0,0,1599,0,0,0,7597,0,65536,2048,0,0,0,0,
84,85,425,578,11,14,-25,0,4,90,2,1,1,0,0,0,65536,65536,65536,0,0,0,5000,14775,14775,0,0,0,0,1031844,2000,0,0,1031900,2000,65536,65536,0,0,0,0,
84,85,425,578,11,14,-25,0,5,98,2,1,1,0,0,0,2048,2048,-12392,0,0,0,156,299,299,0,0,0,0,107,1998,0,0,511,1998,-50969,2048,0,0,0,0,
84,85,425,578,11,14,-25,0,6,102,8,24,19,0,0,0,51882,51882,0,0,0,0,0,341995,302855,0,39140,22989,0,60571,0,0,0,330113,0,65536,52777,0,0,0,0,
84,85,425,578,11,14,-25,0,7,106,20,1,1,0,0,0,65536,65536,0,0,0,0,0,0,0,0,0,0,0,0,0,0,0,0,0,0,65536,0,0,0,0,
84,85,425,578,11,14,-25,0,8,203,20,18,18,36,36,0,65536,65536,65536,0,0,0,0,9000,9000,0,0,4500,0,7200000,0,4100040,4100040,7200000,4100040,61573,65536,3228120,3228120,871920,871920,
84,85,425,578,11,14,-25,0,9,238,12,24,3,0,0,0,8192,8192,65536,0,0,0,150,64800,58620,0,6180,10725,0,25519,11027,0,0,177869,11027,52749,10922,0,0,0,0,
84,85,425,578,11,14,-25,0,10,239,9,24,0,0,0,0,0,0,0,3,0,1,0,0,0,0,0,0,0,0,0,0,0,0,0,-58586,0,0,0,0,0,
84,85,425,578,11,14,-25,0,11,242,20,1,1,2,2,0,65536,65536,2981,0,0,0,0,12500,12500,0,0,2500,0,187500,0,179340,179340,187500,179340,-5953,65536,179340,179340,0,0,
84,85,425,578,11,14,-25,0,12,251,9,24,24,0,0,0,22315,65536,-40986,0,0,0,8171,73874,73874,0,0,4617,42902,225023,600715,0,0,2639880,600715,23608,65536,0,0,0,0,
85,86,430,578,11,14,-25,0,0,30,9,1,1,0,0,0,65536,65536,65536,0,0,0,7500,9020,9020,0,0,0,0,1370910,29265,0,0,1371030,29265,65536,65536,0,0,0,0,
85,86,430,578,11,14,-25,0,1,65,9,24,1,0,0,0,2048,2048,0,0,0,0,0,14726,14726,0,0,735,0,1178,0,0,0,5580,0,65536,2048,0,0,0,0,
85,86,430,578,11,14,-25,0,2,69,9,24,23,0,0,0,62805,62805,0,0,0,0,0,643996,590096,0,53900,0,0,1181008,0,0,0,3100512,0,65536,65535,0,0,0,0,
85,86,430,578,11,14,-25,0,3,79,2,24,1,0,0,0,2048,2048,0,0,0,0,0,3333,3333,0,0,0,0,1599,0,0,0,7597,0,65536,2048,0,0,0,0,
85,86,430,578,11,14,-25,0,4,90,2,1,1,0,0,0,65536,65536,65536,0,0,0,5000,14775,14775,0,0,0,0,1160159,2000,0,0,1160220,2000,65536,65536,0,0,0,0,
85,86,430,578,11,14,-25,0,5,98,2,1,1,0,0,0,2048,2048,-12412,0,0,0,156,299,299,0,0,0,0,107,2001,0,0,511,2001,-50992,2048,0,0,0,0,
85,86,430,578,11,14,-25,0,6,102,8,24,17,0,0,0,46421,46421,0,0,0,0,0,305997,270977,0,35020,20569,0,54195,0,0,0,290708,0,65536,46477,0,0,0,0,
85,86,430,578,11,14,-25,0,7,106,20,1,1,0,0,0,65536,65536,0,0,0,0,0,0,0,0,0,0,0,0,0,0,0,0,0,0,65536,0,0,0,0,
85,86,430,578,11,14,-25,0,8,203,20,18,18,36,36,0,65536,65536,65536,0,0,0,0,9000,9000,0,0,4500,0,7200000,0,4100040,4100040,7200000,4100040,61573,65536,3228120,3228120,871920,871920,
85,86,430,578,11,14,-25,0,9,238,12,24,3,0,0,0,8192,8192,65150,0,0,0,150,64800,58620,0,6180,10725,0,24725,12399,0,0,172109,12399,50180,10922,0,0,0,0,
85,86,430,578,11,14,-25,0,10,239,9,24,0,0,0,0,0,0,0,3,0,1,0,0,0,0,0,0,0,0,0,0,0,0,0,-59355,0,0,0,0,0,
85,86,430,578,11,14,-25,0,11,242,20,1,1,2,2,0,65536,65536,2981,0,0,0,0,12500,12500,0,0,2500,0,187500,0,179340,179340,187500,179340,-5953,65536,179340,179340,0,0,
85,86,430,578,11,14,-25,0,12,251,9,24,24,0,0,0,39938,65536,-34693,1,0,0,14625,132216,132216,0,0,8263,76785,568935,1208902,0,0,2644080,1208902,13871,65536,0,0,0,0,
86,87,435,578,11,14,-25,0,0,30,9,1,1,0,0,0,65536,65536,65536,0,0,0,7500,9020,9020,0,0,0,0,1370910,29222,0,0,1371030,29222,65536,65536,0,0,0,0,
86,87,435,578,11,14,-25,0,1,65,9,24,1,0,0,0,2048,2048,0,0,0,0,0,14726,14726,0,0,735,0,1178,0,0,0,5580,0,65536,2048,0,0,0,0,
86,87,435,578,11,14,-25,0,2,69,9,24,23,0,0,0,62805,62805,0,0,0,0,0,643996,592296,0,51700,0,0,1125362,0,0,0,3093792,0,65536,65535,0,0,0,0,
86,87,435,578,11,14,-25,0,3,79,2,24,12,0,0,0,32768,32768,0,0,0,0,0,53340,53340,0,0,0,0,26364,0,0,0,126101,0,65536,33792,0,0,0,0,
86,87,435,578,11,14,-25,0,4,90,2,1,1,0,0,0,65536,65536,65536,0,0,0,5000,14775,14775,0,0,0,0,1263180,2000,0,0,1263245,2000,65536,65536,0,0,0,0,
86,87,435,578,11,14,-25,0,5,98,2,1,1,0,0,0,2048,2048,-12176,0,0,0,156,299,299,0,0,0,0,107,1965,0,0,511,1965,-50729,2048,0,0,0,0,
86,87,435,578,11,14,-25,0,6,102,8,24,14,0,0,0,38229,38229,0,0,0,0,0,251997,223157,0,28840,16939,0,44631,0,0,0,250927,0,65536,40117,0,0,0,0,
86,87,435,578,11,14,-25,0,7,106,20,1,1,0,0,0,65536,65536,0,0,0,0,0,0,0,0,0,0,0,0,0,0,0,0,0,0,65536,0,0,0,0,
86,87,435,578,11,14,-25,0,8,203,20,18,18,36,36,0,65536,65536,65536,0,0,0,0,9000,9000,0,0,4500,0,7200000,0,4100040,4100040,7200000,4100040,61573,65536,3228120,3228120,871920,871920,
86,87,435,578,11,14,-25,0,9,238,12,24,3,0,0,0,8192,8192,65536,0,0,0,150,64800,58620,0,6180,10725,0,59666,13500,0,0,172309,13500,49689,10922,0,0,0,0,
86,87,435,578,11,14,-25,0,10,239,9,24,0,0,0,0,0,0,0,3,0,1,0,0,0,0,0,0,0,0,0,0,0,0,0,-59859,0,0,0,0,0,
86,87,435,578,11,14,-25,0,11,242,20,1,1,2,2,0,65536,65536,2981,0,0,0,0,12500,12500,0,0,2500,0,187500,0,179340,179340,187500,179340,-5953,65536,179340,179340,0,0,
86,87,435,578,11,14,-25,0,12,251,9,24,22,0,0,0,39938,60074,-48945,2,0,0,14625,132216,132216,0,0,8263,76785,333210,1316250,0,0,2471583,1316250,6093,62373,0,0,0,0,
87,88,440,578,11,14,-25,0,0,30,9,1,1,0,0,0,65536,65536,65536,0,0,0,7500,9020,9020,0,0,0,0,1370910,29435,0,0,1371030,29435,65536,65536,0,0,0,0,
87,88,440,578,11,14,-25,0,1,65,9,24,1,0,0,0,2048,2048,0,0,0,0,0,14726,14726,0,0,735,0,1178,0,0,0,5580,0,65536,2048,0,0,0,0,
87,88,440,578,11,14,-25,0,2,69,9,24,23,0,0,0,62805,62805,0,0,0,0,0,643996,616496,0,27500,0,0,1171310,0,0,0,3090432,0,65536,65535,0,0,0,0,
87,88,440,578,11,14,-25,0,3,79,2,24,7,0,0,0,19114,19114,0,0,0,0,0,31113,31113,0,0,0,0,14934,0,0,0,74005,0,65536,19949,0,0,0,0,
87,88,440,578,11,14,-25,0,4,90,2,1,1,0,0,0,65536,65536,65536,0,0,0,5000,14775,14775,0,0,0,0,407900,2000,0,0,1263245,2000,65536,65536,0,0,0,0,
87,88,440,578,11,14,-25,0,5,98,2,1,1,0,0,0,2048,2048,-11835,0,0,0,156,299,299,0,0,0,0,107,1913,0,0,511,1913,-50322,2048,0,0,0,0,
87,88,440,578,11,14,-25,0,6,102,8,24,14,0,0,0,38229,38229,0,0,0,0,0,251997,223157,0,28840,16939,0,44631,0,0,0,240637,0,65536,38472,0,0,0,0,
87,88,440,578,11,14,-25,0,7,106,20,1,1,0,0,0,65536,65536,0,0,0,0,0,0,0,0,0,0,0,0,0,0,0,0,0,0,65536,0,0,0,0,
87,88,440,578,11,14,-25,0,8,203,20,18,18,36,36,0,65536,65536,65536,0,0,0,0,9000,9000,0,0,4500,0,7200000,0,4100040,4100040,7200000,4100040,61573,65536,3228120,3228120,871920,871920,
87,88,440,578,11,14,-25,0,9,238,12,24,3,0,0,0,8192,8192,65536,0,0,0,150,64800,58620,0,6180,10725,0,91075,13500,0,0,178069,13500,51576,10922,0,0,0,0,
87,88,440,578,11,14,-25,0,10,239,9,24,0,0,0,0,0,0,0,3,0,1,0,0,0,0,0,0,0,0,0,0,0,0,0,-59859,0,0,0,0,0,
87,88,440,578,11,14,-25,0,11,242,20,1,1,2,2,0,65536,65536,2981,0,0,0,0,12500,12500,0,0,2500,0,187500,0,179340,179340,187500,179340,-5953,65536,179340,179340,0,0,
87,88,440,578,11,14,-25,0,12,251,9,24,0,0,0,0,0,0,0,3,0,1,0,0,0,0,0,0,0,0,0,0,0,0,0,4187,0,0,0,0,0,
88,89,445,578,11,14,-25,0,0,30,9,1,1,0,0,0,65536,65536,65536,0,0,0,7500,9020,9020,0,0,0,0,1370910,29630,0,0,1371030,29630,65536,65536,0,0,0,0,
88,89,445,578,11,14,-25,0,1,65,9,24,1,0,0,0,2048,2048,0,0,0,0,0,14726,14726,0,0,735,0,1178,0,0,0,5580,0,65536,2048,0,0,0,0,
88,89,445,578,11,14,-25,0,2,69,9,24,23,0,0,0,62805,62805,0,0,0,0,0,643996,616496,0,27500,0,0,1093050,0,0,0,3073633,0,65536,65535,0,0,0,0,
88,89,445,578,11,14,-25,0,3,79,2,24,3,0,0,0,8192,8192,0,0,0,0,0,13335,13335,0,0,0,0,6400,0,0,0,40376,0,65536,10884,0,0,0,0,
88,89,445,578,11,14,-25,0,4,90,2,1,1,0,0,0,19136,19136,65536,0,0,0,1459,4314,4314,0,0,0,0,70057,583,0,0,332782,583,65536,19136,0,0,0,0,
88,89,445,578,11,14,-25,0,5,98,2,1,1,0,0,0,2048,2048,-11979,0,0,0,156,299,299,0,0,0,0,107,1935,0,0,511,1935,-50500,2048,0,0,0,0,
88,89,445,578,11,14,-25,0,6,102,8,24,12,0,0,0,32768,32768,0,0,0,0,0,216000,191280,0,24720,14520,0,38256,0,0,0,218145,0,65536,34876,0,0,0,0,
88,89,445,578,11,14,-25,0,7,106,20,1,1,0,0,0,65536,65536,0,0,0,0,0,0,0,0,0,0,0,0,0,0,0,0,0,0,65536,0,0,0,0,
88,89,445,578,11,14,-25,0,8,203,20,18,18,36,36,0,65536,65536,65536,0,0,0,0,9000,9000,0,0,4500,0,7200000,0,4100040,4100040,7200000,4100040,61573,65536,3228120,3228120,871920,871920,
88,89,445,578,11,14,-25,0,9,238,12,24,3,0,0,0,8192,8192,65536,0,0,0,150,64800,58620,0,6180,10725,0,96303,12179,0,0,186068,12179,54866,10922,0,0,0,0,
88,89,445,578,11,14,-25,0,10,239,9,24,0,0,0,0,0,0,0,3,0,1,0,0,0,0,0,0,0,0,0,0,0,0,0,-59243,0,0,0,0,0,
88,89,445,578,11,14,-25,0,11,242,20,1,1,2,2,0,65536,65536,2981,0,0,0,0,12500,12500,0,0,2500,0,187500,0,179340,179340,187500,179340,-5953,65536,179340,179340,0,0,
88,89,445,578,11,14,-25,0,12,251,9,24,0,0,0,0,0,0,0,3,1,1,0,0,0,0,0,0,0,0,0,0,0,0,0,12665,0,0,0,0,0,
89,90,450,578,11,14,-25,0,0,30,9,1,1,0,0,0,65536,65536,65536,0,0,0,7500,9020,9020,0,0,0,0,1370910,30030,0,0,1371030,30030,65536,65536,0,0,0,0,
89,90,450,578,11,14,-25,0,1,65,9,24,1,0,0,0,2048,2048,0,0,0,0,0,14726,14726,0,0,735,0,1178,0,0,0,5580,0,65536,2048,0,0,0,0,
89,90,450,578,11,14,-25,0,2,69,9,24,23,0,0,0,62805,62805,0,0,0,0,0,643996,590096,0,53900,0,0,1000234,0,0,0,3044113,0,65536,65535,0,0,0,0,
89,90,450,578,11,14,-25,0,3,79,2,24,2,0,0,0,5461,5461,0,0,0,0,0,8889,8889,0,0,0,0,4266,0,0,0,21779,0,65536,5871,0,0,0,0,
89,90,450,578,11,14,-25,0,4,90,2,1,1,0,0,0,2048,2048,65536,0,0,0,156,461,461,0,0,0,0,31179,62,0,0,31281,62,65536,2048,0,0,0,0,
89,90,450,578,11,14,-25,0,5,98,2,1,1,0,0,0,2048,2048,-12943,0,0,0,156,299,299,0,0,0,0,107,2082,0,0,511,2082,-51560,2048,0,0,0,0,
89,90,450,578,11,14,-25,0,6,102,8,24,18,0,0,0,49152,49152,0,0,0,0,0,324000,286920,0,37080,21780,0,64067,0,0,0,314676,0,65536,50206,0,0,0,0,
89,90,450,578,11,14,-25,0,7,106,20,1,1,0,0,0,65536,65536,0,0,0,0,0,0,0,0,0,0,0,0,0,0,0,0,0,0,65536,0,0,0,0,
89,90,450,578,11,14,-25,0,8,203,20,18,18,36,36,0,65536,65536,65536,0,0,0,0,9000,9000,0,0,4500,0,7200000,0,4100040,4100040,7200000,4100040,61573,65536,3228120,3228120,871920,871920,
89,90,450,578,11,14,-25,0,9,238,12,24,24,0,0,0,65536,65536,65536,0,0,0,1200,518400,468960,0,49440,85800,0,403477,85581,0,0,1208640,85581,60640,65536,0,0,0,0,
89,90,450,578,11,14,-25,0,10,239,9,24,0,0,0,0,0,0,0,3,0,1,0,0,0,0,0,0,0,0,0,0,0,0,0,-58372,0,0,0,0,0,
89,90,450,578,11,14,-25,0,11,242,20,1,1,2,2,0,65536,65536,2981,0,0,0,0,12500,12500,0,0,2500,0,187500,0,179340,179340,187500,179340,-5953,65536,179340,179340,0,0,
89,90,450,578,11,14,-25,0,12,251,9,24,24,0,0,0,65536,65536,-1076,0,0,0,24000,216960,216960,0,0,13560,126000,1683517,1711632,0,0,2751600,1711632,30247,65536,0,0,0,0,
90,91,455,578,11,14,-25,0,0,30,9,1,1,0,0,0,65536,65536,65536,0,0,0,7500,9020,9020,0,0,0,0,1370910,29410,0,0,1371030,29410,65536,65536,0,0,0,0,
90,91,455,578,11,14,-25,0,1,65,9,24,1,0,0,0,2048,2048,0,0,0,0,0,14726,14726,0,0,735,0,1178,0,0,0,5580,0,65536,2048,0,0,0,0,
90,91,455,578,11,14,-25,0,2,69,9,24,23,0,0,0,62805,62805,0,0,0,0,0,643996,590096,0,53900,0,0,1091703,0,0,0,3031273,0,65536,65535,0,0,0,0,
90,91,455,578,11,14,-25,0,3,79,2,24,1,0,0,0,2730,2730,0,0,0,0,0,4443,4443,0,0,0,0,2132,0,0,0,11948,0,65536,3221,0,0,0,0,
90,91,455,578,11,14,-25,0,4,90,2,1,1,0,0,0,65536,65536,65536,0,0,0,5000,14775,14775,0,0,0,0,1032731,2000,0,0,1032785,2000,65536,65536,0,0,0,0,
90,91,455,578,11,14,-25,0,5,98,2,1,1,0,0,0,2048,2048,-13336,0,0,0,156,299,299,0,0,0,0,107,2142,0,0,511,2142,-51952,2048,0,0,0,0,
90,91,455,578,11,14,-25,0,6,102,8,24,21,0,0,0,57344,57344,0,0,0,0,0,378000,334740,0,43260,25410,0,172827,0,0,0,372678,0,65536,57871,0,0,0,0,
90,91,455,578,11,14,-25,0,7,106,20,1,1,0,0,0,65536,65536,0,0,0,0,0,0,0,0,0,0,0,0,0,0,0,0,0,0,65536,0,0,0,0,
90,91,455,578,11,14,-25,0,8,203,20,18,18,36,36,0,65536,65536,65536,0,0,0,0,9000,9000,0,0,4500,0,7200000,0,4100040,4100040,7200000,4100040,61573,65536,3228120,3228120,871920,871920,
90,91,455,578,11,14,-25,0,9,238,12,24,3,0,0,0,8192,8192,65536,0,0,0,150,64800,58620,0,6180,10725,0,27016,11037,0,0,188748,11037,56315,10922,0,0,0,0,
90,91,455,578,11,14,-25,0,10,239,9,24,0,0,0,0,0,0,0,3,0,1,0,0,0,0,0,0,0,0,0,0,0,0,0,-58592,0,0,0,0,0,
90,91,455,578,11,14,-25,0,11,242,20,1,1,2,2,0,65536,65536,2981,0,0,0,0,12500,12500,0,0,2500,0,187500,0,179340,179340,187500,179340,-5953,65536,179340,179340,0,0,
90,91,455,578,11,14,-25,0,12,251,9,24,24,0,0,0,22910,65536,-9267,0,0,0,8389,75844,75844,0,0,4740,44046,529980,617271,0,0,2831040,617271,29980,65536,0,0,0,0,
91,92,460,578,11,14,-25,0,0,30,9,1,1,0,0,0,65536,65536,65536,0,0,0,7500,9020,9020,0,0,0,0,1370910,28945,0,0,1371030,28945,65536,65536,0,0,0,0,
91,92,460,578,11,14,-25,0,1,65,9,24,1,0,0,0,2048,2048,0,0,0,0,0,14726,14726,0,0,735,0,1178,0,0,0,5580,0,65536,2048,0,0,0,0,
91,92,460,578,11,14,-25,0,2,69,9,24,23,0,0,0,62805,62805,0,0,0,0,0,643996,590096,0,53900,0,0,1116341,0,0,0,3025873,0,65536,65535,0,0,0,0,
91,92,460,578,11,14,-25,0,3,79,2,24,1,0,0,0,2048,2048,0,0,0,0,0,3333,3333,0,0,0,0,1599,0,0,0,7597,0,65536,2048,0,0,0,0,
91,92,460,578,11,14,-25,0,4,90,2,1,1,0,0,0,65536,65536,65536,0,0,0,5000,14775,14775,0,0,0,0,1164620,2000,0,0,1164680,2000,65536,65536,0,0,0,0,
91,92,460,578,11,14,-25,0,5,98,2,1,1,0,0,0,2048,2048,-13389,0,0,0,156,299,299,0,0,0,0,107,2150,0,0,511,2150,-52003,2048,0,0,0,0,
91,92,460,578,11,14,-25,0,6,102,8,24,21,0,0,0,57344,57344,0,0,0,0,0,378000,334740,0,43260,25410,0,68822,0,0,0,371154,0,65536,57700,0,0,0,0,
91,92,460,578,11,14,-25,0,7,106,20,1,1,0,0,0,65536,65536,0,0,0,0,0,0,0,0,0,0,0,0,0,0,0,0,0,0,65536,0,0,0,0,
91,92,460,578,11,14,-25,0,8,203,20,18,18,36,36,0,65536,65536,65536,0,0,0,0,9000,9000,0,0,4500,0,7200000,0,4100040,4100040,7200000,4100040,61573,65536,3228120,3228120,871920,871920,
91,92,460,578,11,14,-25,0,9,238,12,24,3,0,0,0,8192,8192,65536,0,0,0,150,64800,58620,0,6180,10725,0,25594,12446,0,0,178449,12446,52232,10922,0,0,0,0,
91,92,460,578,11,14,-25,0,10,239,9,24,0,0,0,0,0,0,0,3,0,1,0,0,0,0,0,0,0,0,0,0,0,0,0,-59378,0,0,0,0,0,
91,92,460,578,11,14,-25,0,11,242,20,1,1,2,2,0,65536,65536,2981,0,0,0,0,12500,12500,0,0,2500,0,187500,0,179340,179340,187500,179340,-5953,65536,179340,179340,0,0,
91,92,460,578,11,14,-25,0,12,251,9,24,24,0,0,0,39938,65536,-28712,0,0,0,14625,132216,132216,0,0,8263,76785,681872,1213553,0,0,2841720,1213553,19484,65536,0,0,0,0,
92,93,465,578,11,14,-25,0,0,30,9,1,1,0,0,0,65536,65536,65536,0,0,0,7500,9020,9020,0,0,0,0,1370910,28837,0,0,1371030,28837,65536,65536,0,0,0,0,
92,93,465,578,11,14,-25,0,1,65,9,24,1,0,0,0,2048,2048,0,0,0,0,0,14726,14726,0,0,735,0,1178,0,0,0,5580,0,65536,2048,0,0,0,0,
92,93,465,578,11,14,-25,0,2,69,9,24,23,0,0,0,62805,62805,0,0,0,0,0,643996,591196,0,52800,0,0,1158678,0,0,0,3028633,0,65536,65535,0,0,0,0,
92,93,465,578,11,14,-25,0,3,79,2,24,1,0,0,0,2048,2048,0,0,0,0,0,3333,3333,0,0,0,0,1599,0,0,0,7597,0,65536,2048,0,0,0,0,
92,93,465,578,11,14,-25,0,4,90,2,1,1,0,0,0,65536,65536,65536,0,0,0,5000,14775,14775,0,0,0,0,1263180,2000,0,0,1263245,2000,65536,65536,0,0,0,0,
92,93,465,578,11,14,-25,0,5,98,2,1,1,0,0,0,2048,2048,-13139,0,0,0,156,299,299,0,0,0,0,107,2112,0,0,511,2112,-51759,2048,0,0,0,0,
92,93,465,578,11,14,-25,0,6,102,8,24,19,0,0,0,51882,51882,0,0,0,0,0,341995,302855,0,39140,22989,0,60994,0,0,0,329625,0,65536,52316,0,0,0,0,
92,93,465,578,11,14,-25,0,7,106,20,1,1,0,0,0,65536,65536,0,0,0,0,0,0,0,0,0,0,0,0,0,0,0,0,0,0,65536,0,0,0,0,
92,93,465,578,11,14,-25,0,8,203,20,18,18,36,36,0,65536,65536,65536,0,0,0,0,9000,9000,0,0,4500,0,7200000,0,4100040,4100040,7200000,4100040,61573,65536,3228120,3228120,871920,871920,
92,93,465,578,11,14,-25,0,9,238,12,24,3,0,0,0,8192,8192,56642,0,0,0,150,64800,58620,0,6180,10725,0,25168,13500,0,0,175309,13500,50672,10922,0,0,0,0,
92,93,465,578,11,14,-25,0,10,239,9,24,0,0,0,0,0,0,0,3,0,1,0,0,0,0,0,0,0,0,0,0,0,0,0,-59859,0,0,0,0,0,
92,93,465,578,11,14,-25,0,11,242,20,1,1,2,2,0,65536,65536,2981,0,0,0,0,12500,12500,0,0,2500,0,187500,0,179340,179340,187500,179340,-5953,65536,179340,179340,0,0,
92,93,465,578,11,14,-25,0,12,251,9,24,23,0,0,0,39938,62805,-47703,1,0,0,14625,132216,132216,0,0,8263,76785,358146,1316250,0,0,2693741,1316250,11455,63245,0,0,0,0,
93,94,470,578,11,14,-25,0,0,30,9,1,1,0,0,0,65536,65536,65536,0,0,0,7500,9020,9020,0,0,0,0,1370910,29000,0,0,1371030,29000,65536,65536,0,0,0,0,
93,94,470,578,11,14,-25,0,1,65,9,24,1,0,0,0,2048,2048,0,0,0,0,0,14726,14726,0,0,735,0,1178,0,0,0,5580,0,65536,2048,0,0,0,0,
93,94,470,578,11,14,-25,0,2,69,9,24,23,0,0,0,62805,62805,0,0,0,0,0,643996,594496,0,49500,0,0,1197621,0,0,0,3037993,0,65536,65535,0,0,0,0,
93,94,470,578,11,14,-25,0,3,79,2,24,1,0,0,0,2048,2048,0,0,0,0,0,3333,3333,0,0,0,0,1599,0,0,0,7597,0,65536,2048,0,0,0,0,
93,94,470,578,11,14,-25,0,4,90,2,1,1,0,0,0,65536,65536,65536,0,0,0,5000,14775,14775,0,0,0,0,1263180,2000,0,0,1263245,2000,65536,65536,0,0,0,0,
93,94,470,578,11,14,-25,0,5,98,2,1,1,0,0,0,2048,2048,-12569,0,0,0,156,299,299,0,0,0,0,107,2025,0,0,511,2025,-51164,2048,0,0,0,0,
93,94,470,578,11,14,-25,0,6,102,8,24,16,0,0,0,43690,43690,0,0,0,0,0,287995,255035,0,32960,19359,0,51007,0,0,0,284384,0,65536,45466,0,0,0,0,
93,94,470,578,11,14,-25,0,7,106,20,1,1,0,0,0,65536,65536,0,0,0,0,0,0,0,0,0,0,0,0,0,0,0,0,0,0,65536,0,0,0,0,
93,94,470,578,11,14,-25,0,8,203,20,18,18,36,36,0,65536,65536,65536,0,0,0,0,9000,9000,0,0,4500,0,7200000,0,4100040,4100040,7200000,4100040,61573,65536,3228120,3228120,871920,871920,
93,94,470,578,11,14,-25,0,9,238,12,24,3,0,0,0,8192,8192,65536,0,0,0,150,64800,58620,0,6180,10725,0,90741,13500,0,0,177549,13500,51406,10922,0,0,0,0,
93,94,470,578,11,14,-25,0,10,239,9,24,0,0,0,0,0,0,0,3,0,1,0,0,0,0,0,0,0,0,0,0,0,0,0,-59859,0,0,0,0,0,
93,94,470,578,11,14,-25,0,11,242,20,1,1,2,2,0,65536,65536,2981,0,0,0,0,12500,12500,0,0,2500,0,187500,0,179340,179340,187500,179340,-5953,65536,179340,179340,0,0,
93,94,470,578,11,14,-25,0,12,251,9,24,20,0,0,0,39938,54613,-48442,2,0,0,14625,132216,132216,0,0,8263,76785,343312,1316250,0,0,2232031,1316250,8268,54668,0,0,0,0,
94,95,475,578,11,14,-25,0,0,30,9,1,1,0,0,0,65536,65536,65536,0,0,0,7500,9020,9020,0,0,0,0,1370910,29365,0,0,1371030,29365,65536,65536,0,0,0,0,
94,95,475,578,11,14,-25,0,1,65,9,24,1,0,0,0,2048,2048,0,0,0,0,0,14726,14726,0,0,735,0,1178,0,0,0,5580,0,65536,2048,0,0,0,0,
94,95,475,578,11,14,-25,0,2,69,9,24,23,0,0,0,62805,62805,0,0,0,0,0,643996,616496,0,27500,0,0,1249173,0,0,0,3050833,0,65536,65535,0,0,0,0,
94,95,475,578,11,14,-25,0,3,79,2,24,1,0,0,0,2048,2048,0,0,0,0,0,3333,3333,0,0,0,0,1599,0,0,0,7597,0,65536,2048,0,0,0,0,
94,95,475,578,11,14,-25,0,4,90,2,1,1,0,0,0,65536,65536,65536,0,0,0,5000,14775,14775,0,0,0,0,323526,2000,0,0,1263245,2000,65536,65536,0,0,0,0,
94,95,475,578,11,14,-25,0,5,98,2,1,1,0,0,0,2048,2048,-11763,0,0,0,156,299,299,0,0,0,0,107,1902,0,0,511,1902,-50238,2048,0,0,0,0,
94,95,475,578,11,14,-25,0,6,102,8,24,14,0,0,0,38229,38229,0,0,0,0,0,251997,223157,0,28840,16939,0,44631,0,0,0,246898,0,65536,39473,0,0,0,0,
94,95,475,578,11,14,-25,0,7,106,20,1,1,0,0,0,65536,65536,0,0,0,0,0,0,0,0,0,0,0,0,0,0,0,0,0,0,65536,0,0,0,0,
94,95,475,578,11,14,-25,0,8,203,20,18,18,36,36,0,65536,65536,65536,0,0,0,0,9000,9000,0,0,4500,0,7200000,0,4100040,4100040,7200000,4100040,61573,65536,3228120,3228120,871920,871920,
94,95,475,578,11,14,-25,0,9,238,12,24,3,0,0,0,8192,8192,65536,0,0,0,150,64800,58620,0,6180,10725,0,94881,13500,0,0,183888,13500,53483,10922,0,0,0,0,
94,95,475,578,11,14,-25,0,10,239,9,24,0,0,0,0,0,0,0,3,0,1,0,0,0,0,0,0,0,0,0,0,0,0,0,-59859,0,0,0,0,0,
94,95,475,578,11,14,-25,0,11,242,20,1,1,2,2,0,65536,65536,2981,0,0,0,0,12500,12500,0,0,2500,0,187500,0,179340,179340,187500,179340,-5953,65536,179340,179340,0,0,
94,95,475,578,11,14,-25,0,12,251,9,24,0,0,0,0,0,0,0,3,0,1,0,0,0,0,0,0,0,0,0,0,0,0,0,3803,0,0,0,0,0,
95,96,480,578,11,14,-25,0,0,30,9,1,1,0,0,0,65536,65536,65536,0,0,0,7500,9020,9020,0,0,0,0,1370910,29937,0,0,1371030,29937,65536,65536,0,0,0,0,
95,96,480,578,11,14,-25,0,1,65,9,24,1,0,0,0,2048,2048,0,0,0,0,0,14726,14726,0,0,735,0,1178,0,0,0,5580,0,65536,2048,0,0,0,0,
95,96,480,578,11,14,-25,0,2,69,9,24,23,0,0,0,62805,62805,0,0,0,0,0,643996,616496,0,27500,0,0,1318725,0,0,0,3075673,0,65536,65535,0,0,0,0,
95,96,480,578,11,14,-25,0,3,79,2,24,1,0,0,0,2048,2048,0,0,0,0,0,3333,3333,0,0,0,0,1599,0,0,0,7597,0,65536,2048,0,0,0,0,
95,96,480,578,11,14,-25,0,4,90,2,1,1,0,0,0,18087,18087,65536,0,0,0,1379,4077,4077,0,0,0,0,66001,551,0,0,313557,551,65536,18087,0,0,0,0,
95,96,480,578,11,14,-25,0,5,98,2,1,1,0,0,0,2048,2048,-11612,0,0,0,156,299,299,0,0,0,0,107,1879,0,0,511,1879,-50051,2048,0,0,0,0,
95,96,480,578,11,14,-25,0,6,102,8,24,12,0,0,0,32768,32768,0,0,0,0,0,216000,191280,0,24720,14520,0,38256,0,0,0,205967,0,65536,32929,0,0,0,0,
95,96,480,578,11,14,-25,0,7,106,20,1,1,0,0,0,65536,65536,0,0,0,0,0,0,0,0,0,0,0,0,0,0,0,0,0,0,65536,0,0,0,0,
95,96,480,578,11,14,-25,0,8,203,20,18,18,36,36,0,65536,65536,65536,0,0,0,0,9000,9000,0,0,4500,0,7200000,0,4100040,4100040,7200000,4100040,61573,65536,3228120,3228120,871920,871920,
95,96,480,578,11,14,-25,0,9,238,12,24,3,0,0,0,8192,8192,65536,0,0,0,150,64800,58620,0,6180,10725,0,100986,12141,0,0,193228,12141,57226,10922,0,0,0,0,
95,96,480,578,11,14,-25,0,10,239,9,24,0,0,0,0,0,0,0,3,0,1,0,0,0,0,0,0,0,0,0,0,0,0,0,-59223,0,0,0,0,0,
95,96,480,578,11,14,-25,0,11,242,20,1,1,2,2,0,65536,65536,2981,0,0,0,0,12500,12500,0,0,2500,0,187500,0,179340,179340,187500,179340,-5953,65536,179340,179340,0,0,
95,96,480,578,11,14,-25,0,12,251,9,24,0,0,0,0,0,0,0,3,1,1,0,0,0,0,0,0,0,0,0,0,0,0,0,10636,0,0,0,0,0,
96,97,485,578,11,14,-25,0,0,30,9,1,1,0,0,0,65536,65536,65536,0,0,0,7500,9020,9020,0,0,0,0,1370910,30880,0,0,1371030,30880,65536,65536,0,0,0,0,
96,97,485,578,11,14,-25,0,1,65,9,24,1,0,0,0,2048,2048,0,0,0,0,0,14726,14726,0,0,735,0,1178,0,0,0,5580,0,65536,2048,0,0,0,0,
96,97,485,578,11,14,-25,0,2,69,9,24,23,0,0,0,62805,62805,0,0,0,0,0,643996,590096,0,53900,0,0,1298766,0,0,0,3095832,0,65536,65535,0,0,0,0,
96,97,485,578,11,14,-25,0,3,79,2,24,1,0,0,0,2048,2048,0,0,0,0,0,3333,3333,0,0,0,0,1599,0,0,0,7597,0,65536,2048,0,0,0,0,
96,97,485,578,11,14,-25,0,4,90,2,1,1,0,0,0,2048,2048,65536,0,0,0,156,461,461,0,0,0,0,31063,62,0,0,31165,62,65536,2048,0,0,0,0,
96,97,485,578,11,14,-25,0,5,98,2,1,1,0,0,0,2048,2048,-12314,0,0,0,156,299,299,0,0,0,0,107,1986,0,0,511,1986,-50879,2048,0,0,0,0,
96,97,485,578,11,14,-25,0,6,102,8,24,11,0,0,0,30037,30037,0,0,0,0,0,197997,175337,0,22660,13309,0,35067,0,0,0,196828,0,65536,31468,0,0,0,0,
96,97,485,578,11,14,-25,0,7,106,20,1,1,0,0,0,65536,65536,0,0,0,0,0,0,0,0,0,0,0,0,0,0,0,0,0,0,65536,0,0,0,0,
96,97,485,578,11,14,-25,0,8,203,20,18,18,36,36,0,65536,65536,65536,0,0,0,0,9000,9000,0,0,4500,0,7200000,0,4100040,4100040,7200000,4100040,61573,65536,3228120,3228120,871920,871920,
96,97,485,578,11,14,-25,0,9,238,12,24,24,0,0,0,65536,65536,65536,0,0,0,1200,518400,468960,0,49440,85800,0,416416,85261,0,0,1273440,85261,64199,65536,0,0,0,0,
96,97,485,578,11,14,-25,0,10,239,9,24,0,0,0,0,0,0,0,3,0,1,0,0,0,0,0,0,0,0,0,0,0,0,0,-58345,0,0,0,0,0,
96,97,485,578,11,14,-25,0,11,242,20,1,1,2,2,0,65536,65536,2981,0,0,0,0,12500,12500,0,0,2500,0,187500,0,179340,179340,187500,179340,-5953,65536,179340,179340,0,0,
96,97,485,578,11,14,-25,0,12,251,9,24,24,0,0,0,65536,65536,-13225,0,0,0,24000,216960,216960,0,0,13560,126000,1361102,1705224,0,0,2623800,1705224,26137,65536,0,0,0,0,
97,98,490,578,11,14,-25,0,0,30,9,1,1,0,0,0,65536,65536,65536,0,0,0,7500,9020,9020,0,0,0,0,1370910,30452,0,0,1371030,30452,65536,65536,0,0,0,0,
97,98,490,578,11,14,-25,0,1,65,9,24,1,0,0,0,2048,2048,0,0,0,0,0,14726,14726,0,0,735,0,1178,0,0,0,5580,0,65536,2048,0,0,0,0,
97,98,490,578,11,14,-25,0,2,69,9,24,23,0,0,0,62805,62805,0,0,0,0,0,643996,590096,0,53900,0,0,1296314,0,0,0,3115272,0,65536,65535,0,0,0,0,
97,98,490,578,11,14,-25,0,3,79,2,24,1,0,0,0,2048,2048,0,0,0,0,0,3333,3333,0,0,0,0,1599,0,0,0,7597,0,65536,2048,0,0,0,0,
97,98,490,578,11,14,-25,0,4,90,2,1,1,0,0,0,65536,65536,65536,0,0,0,5000,14775,14775,0,0,0,0,1028565,2000,0,0,1028620,2000,65536,65536,0,0,0,0,
97,98,490,578,11,14,-25,0,5,98,2,1,1,0,0,0,2048,2048,-12484,0,0,0,156,299,299,0,0,0,0,107,2012,0,0,511,2012,-51075,2048,0,0,0,0,
97,98,490,578,11,14,-25,0,6,102,8,24,17,0,0,0,46421,46421,0,0,0,0,0,305997,270977,0,35020,20569,0,209488,0,0,0,314919,0,65536,48502,0,0,0,0,
97,98,490,578,11,14,-25,0,7,106,20,1,1,0,0,0,65536,65536,0,0,0,0,0,0,0,0,0,0,0,0,0,0,0,0,0,0,65536,0,0,0,0,
97,98,490,578,11,14,-25,0,8,203,20,18,18,36,36,0,65536,65536,65536,0,0,0,0,9000,9000,0,0,4500,0,7200000,0,4100040,4100040,7200000,4100040,61573,65536,3228120,3228120,871920,871920,
97,98,490,578,11,14,-25,0,9,238,12,24,3,0,0,0,8192,8192,65536,0,0,0,150,64800,58620,0,6180,10725,0,28296,10992,0,0,198087,10992,59401,10922,0,0,0,0,
97,98,490,578,11,14,-25,0,10,239,9,24,0,0,0,0,0,0,0,3,0,1,0,0,0,0,0,0,0,0,0,0,0,0,0,-58564,0,0,0,0,0,
97,98,490,578,11,14,-25,0,11,242,20,1,1,2,2,0,65536,65536,2981,0,0,0,0,12500,12500,0,0,2500,0,187500,0,179340,179340,187500,179340,-5953,65536,179340,179340,0,0,
97,98,490,578,11,14,-25,0,12,251,9,24,24,0,0,0,22282,65536,-42958,0,0,0,8159,73765,73765,0,0,4610,42839,205985,597924,0,0,2659200,597924,24550,65536,0,0,0,0,
98,99,495,578,11,14,-25,0,0,30,9,1,1,0,0,0,65536,65536,65536,0,0,0,7500,9020,9020,0,0,0,0,1370910,30000,0,0,1371030,30000,65536,65536,0,0,0,0,
98,99,495,578,11,14,-25,0,1,65,9,24,1,0,0,0,2048,2048,0,0,0,0,0,14726,14726,0,0,735,0,1178,0,0,0,5580,0,65536,2048,0,0,0,0,
98,99,495,578,11,14,-25,0,2,69,9,24,23,0,0,0,62805,62805,0,0,0,0,0,643996,590096,0,53900,0,0,1292943,0,0,0,3134832,0,65536,65535,0,0,0,0,
98,99,495,578,11,14,-25,0,3,79,2,24,1,0,0,0,2048,2048,0,0,0,0,0,3333,3333,0,0,0,0,1599,0,0,0,7597,0,65536,2048,0,0,0,0,
98,99,495,578,11,14,-25,0,4,90,2,1,1,0,0,0,65536,65536,65536,0,0,0,5000,14775,14775,0,0,0,0,1159612,2000,0,0,1159670,2000,65536,65536,0,0,0,0,
98,99,495,578,11,14,-25,0,5,98,2,1,1,0,0,0,2048,2048,-12425,0,0,0,156,299,299,0,0,0,0,107,2003,0,0,511,2003,-51004,2048,0,0,0,0,
98,99,495,578,11,14,-25,0,6,102,8,24,20,0,0,0,54613,54613,0,0,0,0,0,359997,318797,0,41200,24199,0,174347,0,0,0,380660,0,65536,57019,0,0,0,0,
98,99,495,578,11,14,-25,0,7,106,20,1,1,0,0,0,65536,65536,0,0,0,0,0,0,0,0,0,0,0,0,0,0,0,0,0,0,65536,0,0,0,0,
98,99,495,578,11,14,-25,0,8,203,20,18,18,36,36,0,65536,65536,65536,0,0,0,0,9000,9000,0,0,4500,0,7200000,0,4100040,4100040,7200000,4100040,61573,65536,3228120,3228120,871920,871920,
98,99,495,578,11,14,-25,0,9,238,12,24,3,0,0,0,8192,8192,65536,0,0,0,150,64800,58620,0,6180,10725,0,26280,12393,0,0,183428,12393,53890,10922,0,0,0,0,
98,99,495,578,11,14,-25,0,10,239,9,24,0,0,0,0,0,0,0,3,0,1,0,0,0,0,0,0,0,0,0,0,0,0,0,-59352,0,0,0,0,0,
98,99,495,578,11,14,-25,0,11,242,20,1,1,2,2,0,65536,65536,2981,0,0,0,0,12500,12500,0,0,2500,0,187500,0,179340,179340,187500,179340,-5953,65536,179340,179340,0,0,
98,99,495,578,11,14,-25,0,12,251,9,24,24,0,0,0,39938,65536,-40987,1,0,0,14625,132216,132216,0,0,8263,76785,452613,1208332,0,0,2646240,1208332,13975,65536,0,0,0,0,
99,100,500,578,11,14,-25,0,0,30,9,1,1,0,0,0,65536,65536,65536,0,0,0,7500,9020,9020,0,0,0,0,1370910,29965,0,0,1371030,29965,65536,65536,0,0,0,0,
99,100,500,578,11,14,-25,0,1,65,9,24,1,0,0,0,2048,2048,0,0,0,0,0,14726,14726,0,0,735,0,1178,0,0,0,5580,0,65536,2048,0,0,0,0,
99,100,500,578,11,14,-25,0,2,69,9,24,23,0,0,0,62805,62805,0,0,0,0,0,643996,592296,0,51700,0,0,1303395,0,0,0,3154271,0,65536,65535,0,0,0,0,
99,100,500,578,11,14,-25,0,3,79,2,24,1,0,0,0,2048,2048,0,0,0,0,0,3333,3333,0,0,0,0,1599,0,0,0,7597,0,65536,2048,0,0,0,0,
99,100,500,578,11,14,-25,0,4,90,2,1,1,0,0,0,65536,65536,65536,0,0,0,5000,14775,14775,0,0,0,0,1263180,2000,0,0,1263245,2000,65536,65536,0,0,0,0,
99,100,500,578,11,14,-25,0,5,98,2,1,1,0,0,0,2048,2048,-12176,0,0,0,156,299,299,0,0,0,0,107,1965,0,0,511,1965,-50727,2048,0,0,0,0,
99,100,500,578,11,14,-25,0,6,102,8,24,22,0,0,0,60074,60074,0,0,0,0,0,395995,350675,0,45320,26619,0,124215,0,0,0,414023,0,65536,61277,0,0,0,0,
99,100,500,578,11,14,-25,0,7,106,20,1,1,0,0,0,65536,65536,0,0,0,0,0,0,0,0,0,0,0,0,0,0,0,0,0,0,65536,0,0,0,0,
99,100,500,578,11,14,-25,0,8,203,20,18,18,36,36,0,65536,65536,65536,0,0,0,0,9000,9000,0,0,4500,0,7200000,0,4100040,4100040,7200000,4100040,61573,65536,3228120,3228120,871920,871920,
99,100,500,578,11,14,-25,0,9,238,12,24,3,0,0,0,8192,8192,58958,0,0,0,150,64800,58620,0,6180,10725,0,25645,13500,0,0,178769,13500,51806,10922,0,0,0,0,
99,100,500,578,11,14,-25,0,10,239,9,24,0,0,0,0,0,0,0,3,0,1,0,0,0,0,0,0,0,0,0,0,0,0,0,-59859,0,0,0,0,0,
99,100,500,578,11,14,-25,0,11,242,20,1,1,2,2,0,65536,65536,2981,0,0,0,0,12500,12500,0,0,2500,0,187500,0,179340,179340,187500,179340,-5953,65536,179340,179340,0,0,
99,100,500,578,11,14,-25,0,12,251,9,24,22,0,0,0,39938,60074,-48946,2,0,0,14625,132216,132216,0,0,8263,76785,333184,1316250,0,0,2447066,1316250,6086,61760,0,0,0,0,
100,101,505,578,11,14,-25,0,0,30,9,1,1,0,0,0,65536,65536,65536,0,0,0,7500,9020,9020,0,0,0,0,1370910,30197,0,0,1371030,30197,65536,65536,0,0,0,0,
100,101,505,578,11,14,-25,0,1,65,9,24,1,0,0,0,2048,2048,0,0,0,0,0,14726,14726,0,0,735,0,1178,0,0,0,5580,0,65536,2048,0,0,0,0,
100,101,505,578,11,14,-25,0,2,69,9,24,23,0,0,0,62805,62805,0,0,0,0,0,643996,616496,0,27500,0,0,1333382,0,0,0,3173711,0,65536,65535,0,0,0,0,
100,101,505,578,11,14,-25,0,3,79,2,24,1,0,0,0,2048,2048,0,0,0,0,0,3333,3333,0,0,0,0,1599,0,0,0,7597,0,65536,2048,0,0,0,0,
100,101,505,578,11,14,-25,0,4,90,2,1,1,0,0,0,65536,65536,65536,0,0,0,5000,14775,14775,0,0,0,0,407562,2000,0,0,1263245,2000,65536,65536,0,0,0,0,
100,101,505,578,11,14,-25,0,5,98,2,1,1,0,0,0,2048,2048,-11724,0,0,0,156,299,299,0,0,0,0,107,1896,0,0,511,1896,-50185,2048,0,0,0,0,
100,101,505,578,11,14,-25,0,6,102,8,24,21,0,0,0,57344,57344,0,0,0,0,0,378000,334740,0,43260,25410,0,71232,0,0,0,384536,0,65536,57758,0,0,0,0,
100,101,505,578,11,14,-25,0,7,106,20,1,1,0,0,0,65536,65536,0,0,0,0,0,0,0,0,0,0,0,0,0,0,0,0,0,0,65536,0,0,0,0,
100,101,505,578,11,14,-25,0,8,203,20,18,18,36,36,0,65536,65536,65536,0,0,0,0,9000,9000,0,0,4500,0,7200000,0,4100040,4100040,7200000,4100040,61573,65536,3228120,3228120,871920,871920,
100,101,505,578,11,14,-25,0,9,238,12,24,3,0,0,0,8192,8192,65536,0,0,0,150,64800,58620,0,6180,10725,0,92873,13500,0,0,180808,13500,52474,10922,0,0,0,0,
100,101,505,578,11,14,-25,0,10,239,9,24,0,0,0,0,0,0,0,3,0,1,0,0,0,0,0,0,0,0,0,0,0,0,0,-59859,0,0,0,0,0,
100,101,505,578,11,14,-25,0,11,242,20,1,1,2,2,0,65536,65536,2981,0,0,0,0,12500,12500,0,0,2500,0,187500,0,179340,179340,187500,179340,-5953,65536,179340,179340,0,0,
100,101,505,578,11,14,-25,0,12,251,9,24,0,0,0,0,0,0,0,3,0,1,0,0,0,0,0,0,0,0,0,0,0,0,0,3561,0,0,0,0,0,
101,102,510,578,11,14,-25,0,0,30,9,1,1,0,0,0,65536,65536,65536,0,0,0,7500,9020,9020,0,0,0,0,1370910,30607,0,0,1371030,30607,65536,65536,0,0,0,0,
101,102,510,578,11,14,-25,0,1,65,9,24,1,0,0,0,2048,2048,0,0,0,0,0,14726,14726,0,0,735,0,1178,0,0,0,5580,0,65536,2048,0,0,0,0,
101,102,510,578,11,14,-25,0,2,69,9,24,23,0,0,0,62805,62805,0,0,0,0,0,643996,616496,0,27500,0,0,1383140,0,0,0,3200591,0,65536,65535,0,0,0,0,
101,102,510,578,11,14,-25,0,3,79,2,24,1,0,0,0,2048,2048,0,0,0,0,0,3333,3333,0,0,0,0,1599,0,0,0,7597,0,65536,2048,0,0,0,0,
101,102,510,578,11,14,-25,0,4,90,2,1,1,0,0,0,19159,19159,65536,0,0,0,1461,4319,4319,0,0,0,0,70144,584,0,0,333212,584,65536,19159,0,0,0,0,
101,102,510,578,11,14,-25,0,5,98,2,1,1,0,0,0,2048,2048,-11835,0,0,0,156,299,299,0,0,0,0,107,1913,0,0,511,1913,-50328,2048,0,0,0,0,
101,102,510,578,11,14,-25,0,6,102,8,24,16,0,0,0,43690,43690,0,0,0,0,0,287995,255035,0,32960,19359,0,51211,0,0,0,291372,0,65536,46393,0,0,0,0,
101,102,510,578,11,14,-25,0,7,106,20,1,1,0,0,0,65536,65536,0,0,0,0,0,0,0,0,0,0,0,0,0,0,0,0,0,0,65536,0,0,0,0,
101,102,510,578,11,14,-25,0,8,203,20,18,18,36,36,0,65536,65536,65536,0,0,0,0,9000,9000,0,0,4500,0,7200000,0,4100040,4100040,7200000,4100040,61573,65536,3228120,3228120,871920,871920,
101,102,510,578,11,14,-25,0,9,238,12,24,3,0,0,0,8192,8192,65536,0,0,0,150,64800,58620,0,6180,10725,0,96052,12180,0,0,185668,12180,54729,10922,0,0,0,0,
101,102,510,578,11,14,-25,0,10,239,9,24,0,0,0,0,0,0,0,3,0,1,0,0,0,0,0,0,0,0,0,0,0,0,0,-59244,0,0,0,0,0,
101,102,510,578,11,14,-25,0,11,242,20,1,1,2,2,0,65536,65536,2981,0,0,0,0,12500,12500,0,0,2500,0,187500,0,179340,179340,187500,179340,-5953,65536,179340,179340,0,0,
101,102,510,578,11,14,-25,0,12,251,9,24,0,0,0,0,0,0,0,3,1,1,0,0,0,0,0,0,0,0,0,0,0,0,0,11764,0,0,0,0,0,
102,103,515,578,11,14,-25,0,0,30,9,1,1,0,0,0,65536,65536,65536,0,0,0,7500,9020,9020,0,0,0,0,1370910,31055,0,0,1371030,31055,65536,65536,0,0,0,0,
102,103,515,578,11,14,-25,0,1,65,9,24,1,0,0,0,2048,2048,0,0,0,0,0,14726,14726,0,0,735,0,1178,0,0,0,5580,0,65536,2048,0,0,0,0,
102,103,515,578,11,14,-25,0,2,69,9,24,23,0,0,0,62805,62805,0,0,0,0,0,643996,590096,0,53900,0,0,1323422,0,0,0,3216790,0,65536,65535,0,0,0,0,
102,103,515,578,11,14,-25,0,3,79,2,24,1,0,0,0,2048,2048,0,0,0,0,0,3333,3333,0,0,0,0,1599,0,0,0,7597,0,65536,2048,0,0,0,0,
102,103,515,578,11,14,-25,0,4,90,2,1,1,0,0,0,2048,2048,65536,0,0,0,156,461,461,0,0,0,0,31184,62,0,0,31287,62,65536,2048,0,0,0,0,
102,103,515,578,11,14,-25,0,5,98,2,1,1,0,0,0,2048,2048,-12779,0,0,0,156,299,299,0,0,0,0,107,2057,0,0,511,2057,-51391,2048,0,0,0,0,
102,103,515,578,11,14,-25,0,6,102,8,24,13,0,0,0,35498,35498,0,0,0,0,0,233995,207215,0,26780,15729,0,41443,0,0,0,232850,0,65536,37227,0,0,0,0,
102,103,515,578,11,14,-25,0,7,106,20,1,1,0,0,0,65536,65536,0,0,0,0,0,0,0,0,0,0,0,0,0,0,0,0,0,0,65536,0,0,0,0,
102,103,515,578,11,14,-25,0,8,203,20,18,18,36,36,0,65536,65536,65536,0,0,0,0,9000,9000,0,0,4500,0,7200000,0,4100040,4100040,7200000,4100040,61573,65536,3228120,3228120,871920,871920,
102,103,515,578,11,14,-25,0,9,238,12,24,3,0,0,0,8192,8192,65536,0,0,0,150,64800,58620,0,6180,10725,0,101154,10699,0,0,193488,10699,58038,10922,0,0,0,0,
102,103,515,578,11,14,-25,0,10,239,9,24,0,0,0,0,0,0,0,3,0,1,0,0,0,0,0,0,0,0,0,0,0,0,0,-58373,0,0,0,0,0,
102,103,515,578,11,14,-25,0,11,242,20,1,1,2,2,0,65536,65536,2981,0,0,0,0,12500,12500,0,0,2500,0,187500,0,179340,179340,187500,179340,-5953,65536,179340,179340,0,0,
102,103,515,578,11,14,-25,0,12,251,9,24,24,0,0,0,65536,65536,103,0,0,0,24000,216960,216960,0,0,13560,126000,1714632,1711920,0,0,2718840,1711920,29088,65536,0,0,0,0,
103,104,520,578,11,14,-25,0,0,30,9,1,1,0,0,0,65536,65536,65536,0,0,0,7500,9020,9020,0,0,0,0,1370910,31770,0,0,1371030,31770,65536,65536,0,0,0,0,
103,104,520,578,11,14,-25,0,1,65,9,24,1,0,0,0,2048,2048,0,0,0,0,0,14726,14726,0,0,735,0,1178,0,0,0,5580,0,65536,2048,0,0,0,0,
103,104,520,578,11,14,-25,0,2,69,9,24,23,0,0,0,62805,62805,0,0,0,0,0,643996,591196,0,52800,0,0,1221584,0,0,0,3216790,0,65536,65535,0,0,0,0,
103,104,520,578,11,14,-25,0,3,79,2,24,1,0,0,0,2048,2048,0,0,0,0,0,3333,3333,0,0,0,0,1599,0,0,0,7597,0,65536,2048,0,0,0,0,
103,104,520,578,11,14,-25,0,4,90,2,1,1,0,0,0,65536,65536,65536,0,0,0,5000,14775,14775,0,0,0,0,1032760,2000,0,0,1032815,2000,65536,65536,0,0,0,0,
103,104,520,578,11,14,-25,0,5,98,2,1,1,0,0,0,2048,2048,-12930,0,0,0,156,299,299,0,0,0,0,107,2080,0,0,511,2080,-51544,2048,0,0,0,0,
103,104,520,578,11,14,-25,0,6,102,8,24,13,0,0,0,35498,35498,0,0,0,0,0,233995,207215,0,26780,15729,0,41443,0,0,0,227127,0,65536,36312,0,0,0,0,
103,104,520,578,11,14,-25,0,7,106,20,1,1,0,0,0,65536,65536,0,0,0,0,0,0,0,0,0,0,0,0,0,0,0,0,0,0,65536,0,0,0,0,
103,104,520,578,11,14,-25,0,8,203,20,18,18,36,36,0,65536,65536,65536,0,0,0,0,9000,9000,0,0,4500,0,7200000,0,4100040,4100040,7200000,4100040,61573,65536,3228120,3228120,871920,871920,
103,104,520,578,11,14,-25,0,9,238,12,24,24,0,0,0,65536,65536,65536,0,0,0,1200,518400,468960,0,49440,85800,0,447084,88299,0,0,1264680,88299,63530,65536,0,0,0,0,
103,104,520,578,11,14,-25,0,10,239,9,24,0,0,0,0,0,0,0,3,0,1,0,0,0,0,0,0,0,0,0,0,0,0,0,-58592,0,0,0,0,0,
103,104,520,578,11,14,-25,0,11,242,20,1,1,2,2,0,65536,65536,2981,0,0,0,0,12500,12500,0,0,2500,0,187500,0,179340,179340,187500,179340,-5953,65536,179340,179340,0,0,
103,104,520,578,11,14,-25,0,12,251,9,24,23,0,0,0,22899,62805,-44060,0,0,0,8385,75808,75808,0,0,4738,44025,202179,616993,0,0,2733598,616993,27190,65184,0,0,0,0,
104,105,525,578,11,14,-25,0,0,30,9,1,1,0,0,0,65536,65536,65536,0,0,0,7500,9020,9020,0,0,0,0,1370910,31217,0,0,1371030,31217,65536,65536,0,0,0,0,
104,105,525,578,11,14,-25,0,1,65,9,24,1,0,0,0,2048,2048,0,0,0,0,0,14726,14726,0,0,735,0,1178,0,0,0,5580,0,65536,2048,0,0,0,0,
104,105,525,578,11,14,-25,0,2,69,9,24,23,0,0,0,62805,62805,0,0,0,0,0,643996,591196,0,52800,0,0,1237764,0,0,0,3219430,0,65536,65535,0,0,0,0,
104,105,525,578,11,14,-25,0,3,79,2,24,1,0,0,0,2048,2048,0,0,0,0,0,3333,3333,0,0,0,0,1599,0,0,0,7597,0,65536,2048,0,0,0,0,
104,105,525,578,11,14,-25,0,4,90,2,1,1,0,0,0,65536,65536,65536,0,0,0,5000,14775,14775,0,0,0,0,1159848,2000,0,0,1159910,2000,65536,65536,0,0,0,0,
104,105,525,578,11,14,-25,0,5,98,2,1,1,0,0,0,2048,2048,-13041,0,0,0,156,299,299,0,0,0,0,107,2097,0,0,511,2097,-51657,2048,0,0,0,0,
104,105,525,578,11,14,-25,0,6,102,8,24,18,0,0,0,49152,49152,0,0,0,0,0,324000,286920,0,37080,21780,0,152488,0,0,0,326262,0,65536,50924,0,0,0,0,
104,105,525,578,11,14,-25,0,7,106,20,1,1,0,0,0,65536,65536,0,0,0,0,0,0,0,0,0,0,0,0,0,0,0,0,0,0,65536,0,0,0,0,
104,105,525,578,11,14,-25,0,8,203,20,18,18,36,36,0,65536,65536,65536,0,0,0,0,9000,9000,0,0,4500,0,7200000,0,4100040,4100040,7200000,4100040,61573,65536,3228120,3228120,871920,871920,
104,105,525,578,11,14,-25,0,9,238,12,24,3,0,0,0,8192,8192,65536,0,0,0,150,64800,58620,0,6180,10725,0,28129,12395,0,0,196867,12395,58294,10922,0,0,0,0,
104,105,525,578,11,14,-25,0,10,239,9,24,0,0,0,0,0,0,0,3,0,1,0,0,0,0,0,0,0,0,0,0,0,0,0,-59353,0,0,0,0,0,
104,105,525,578,11,14,-25,0,11,242,20,1,1,2,2,0,65536,65536,2981,0,0,0,0,12500,12500,0,0,2500,0,187500,0,179340,179340,187500,179340,-5953,65536,179340,179340,0,0,
104,105,525,578,11,14,-25,0,12,251,9,24,23,0,0,0,39938,62805,-25279,1,0,0,14625,132216,132216,0,0,8263,76785,742386,1208580,0,0,2763239,1208580,17700,65360,0,0,0,0,
105,106,530,578,11,14,-25,0,0,30,9,1,1,0,0,0,65536,65536,65536,0,0,0,7500,9020,9020,0,0,0,0,1370910,30580,0,0,1371030,30580,65536,65536,0,0,0,0,
105,106,530,578,11,14,-25,0,1,65,9,24,1,0,0,0,2048,2048,0,0,0,0,0,14726,14726,0,0,735,0,1178,0,0,0,5580,0,65536,2048,0,0,0,0,
105,106,530,578,11,14,-25,0,2,69,9,24,23,0,0,0,62805,62805,0,0,0,0,0,643996,592296,0,51700,0,0,1186724,0,0,0,3215470,0,65536,65535,0,0,0,0,
105,106,530,578,11,14,-25,0,3,79,2,24,1,0,0,0,2048,2048,0,0,0,0,0,3333,3333,0,0,0,0,1599,0,0,0,7597,0,65536,2048,0,0,0,0,
105,106,530,578,11,14,-25,0,4,90,2,1,1,0,0,0,65536,65536,65536,0,0,0,5000,14775,14775,0,0,0,0,1263180,2000,0,0,1263245,2000,65536,65536,0,0,0,0,
105,106,530,578,11,14,-25,0,5,98,2,1,1,0,0,0,2048,2048,-12786,0,0,0,156,299,299,0,0,0,0,107,2058,0,0,511,2058,-51398,2048,0,0,0,0,
105,106,530,578,11,14,-25,0,6,102,8,24,21,0,0,0,57344,57344,0,0,0,0,0,378000,334740,0,43260,25410,0,103711,0,0,0,376909,0,65536,58230,0,0,0,0,
105,106,530,578,11,14,-25,0,7,106,20,1,1,0,0,0,65536,65536,0,0,0,0,0,0,0,0,0,0,0,0,0,0,0,0,0,0,65536,0,0,0,0,
105,106,530,578,11,14,-25,0,8,203,20,18,18,36,36,0,65536,65536,65536,0,0,0,0,9000,9000,0,0,4500,0,7200000,0,4100040,4100040,7200000,4100040,61573,65536,3228120,3228120,871920,871920,
105,106,530,578,11,14,-25,0,9,238,12,24,3,0,0,0,8192,8192,61230,0,0,0,150,64800,58620,0,6180,10725,0,26113,13500,0,0,182228,13500,52939,10922,0,0,0,0,
105,106,530,578,11,14,-25,0,10,239,9,24,0,0,0,0,0,0,0,3,0,1,0,0,0,0,0,0,0,0,0,0,0,0,0,-59859,0,0,0,0,0,
105,106,530,578,11,14,-25,0,11,242,20,1,1,2,2,0,65536,65536,2981,0,0,0,0,12500,12500,0,0,2500,0,187500,0,179340,179340,187500,179340,-5953,65536,179340,179340,0,0,
105,106,530,578,11,14,-25,0,12,251,9,24,22,0,0,0,39938,60074,-48159,2,0,0,14625,132216,132216,0,0,8263,76785,348997,1316250,0,0,2595059,1316250,9492,62522,0,0,0,0,
106,107,535,578,11,14,-25,0,0,30,9,1,1,0,0,0,65536,65536,65536,0,0,0,7500,9020,9020,0,0,0,0,1370910,30285,0,0,1371030,30285,65536,65536,0,0,0,0,
106,107,535,578,11,14,-25,0,1,65,9,24,1,0,0,0,2048,2048,0,0,0,0,0,14726,14726,0,0,735,0,1178,0,0,0,5580,0,65536,2048,0,0,0,0,
106,107,535,578,11,14,-25,0,2,69,9,24,23,0,0,0,62805,62805,0,0,0,0,0,643996,616496,0,27500,0,0,1180266,0,0,0,3204671,0,65536,65535,0,0,0,0,
106,107,535,578,11,14,-25,0,3,79,2,24,1,0,0,0,2048,2048,0,0,0,0,0,3333,3333,0,0,0,0,1599,0,0,0,7597,0,65536,2048,0,0,0,0,
106,107,535,578,11,14,-25,0,4,90,2,1,1,0,0,0,65536,65536,65536,0,0,0,5000,14775,14775,0,0,0,0,390013,2000,0,0,1263245,2000,65536,65536,0,0,0,0,
106,107,535,578,11,14,-25,0,5,98,2,1,1,0,0,0,2048,2048,-12274,0,0,0,156,299,299,0,0,0,0,107,1980,0,0,511,1980,-50839,2048,0,0,0,0,
106,107,535,578,11,14,-25,0,6,102,8,24,20,0,0,0,54613,54613,0,0,0,0,0,359997,318797,0,41200,24199,0,65225,0,0,0,352153,0,65536,55028,0,0,0,0,
106,107,535,578,11,14,-25,0,7,106,20,1,1,0,0,0,65536,65536,0,0,0,0,0,0,0,0,0,0,0,0,0,0,0,0,0,0,65536,0,0,0,0,
106,107,535,578,11,14,-25,0,8,203,20,18,18,36,36,0,65536,65536,65536,0,0,0,0,9000,9000,0,0,4500,0,7200000,0,4100040,4100040,7200000,4100040,61573,65536,3228120,3228120,871920,871920,
106,107,535,578,11,14,-25,0,9,238,12,24,3,0,0,0,8192,8192,57739,0,0,0,150,64800,58620,0,6180,10725,0,25394,13500,0,0,176969,13500,51216,10922,0,0,0,0,
106,107,535,578,11,14,-25,0,10,239,9,24,0,0,0,0,0,0,0,3,0,1,0,0,0,0,0,0,0,0,0,0,0,0,0,-59859,0,0,0,0,0,
106,107,535,578,11,14,-25,0,11,242,20,1,1,2,2,0,65536,65536,2981,0,0,0,0,12500,12500,0,0,2500,0,187500,0,179340,179340,187500,179340,-5953,65536,179340,179340,0,0,
106,107,535,578,11,14,-25,0,12,251,9,24,0,0,0,0,0,0,0,3,0,1,0,0,0,0,0,0,0,0,0,0,0,0,0,6639,0,0,0,0,0,
107,108,540,578,11,14,-25,0,0,30,9,1,1,0,0,0,65536,65536,65536,0,0,0,7500,9020,9020,0,0,0,0,1370910,30177,0,0,1371030,30177,65536,65536,0,0,0,0,
107,108,540,578,11,14,-25,0,1,65,9,24,1,0,0,0,2048,2048,0,0,0,0,0,14726,14726,0,0,735,0,1178,0,0,0,5580,0,65536,2048,0,0,0,0,
107,108,540,578,11,14,-25,0,2,69,9,24,23,0,0,0,62805,62805,0,0,0,0,0,643996,616496,0,27500,0,0,1203486,0,0,0,3199991,0,65536,65535,0,0,0,0,
107,108,540,578,11,14,-25,0,3,79,2,24,1,0,0,0,2048,2048,0,0,0,0,0,3333,3333,0,0,0,0,1599,0,0,0,7597,0,65536,2048,0,0,0,0,
107,108,540,578,11,14,-25,0,4,90,2,1,1,0,0,0,18925,18925,65536,0,0,0,1443,4266,4266,0,0,0,0,69248,577,0,0,328972,577,65536,18925,0,0,0,0,
107,108,540,578,11,14,-25,0,5,98,2,1,1,0,0,0,2048,2048,-12366,0,0,0,156,299,299,0,0,0,0,107,1994,0,0,511,1994,-50943,2048,0,0,0,0,
107,108,540,578,11,14,-25,0,6,102,8,24,16,0,0,0,43690,43690,0,0,0,0,0,287995,255035,0,32960,19359,0,51007,0,0,0,278329,0,65536,44498,0,0,0,0,
107,108,540,578,11,14,-25,0,7,106,20,1,1,0,0,0,65536,65536,0,0,0,0,0,0,0,0,0,0,0,0,0,0,0,0,0,0,65536,0,0,0,0,
107,108,540,578,11,14,-25,0,8,203,20,18,18,36,36,0,65536,65536,65536,0,0,0,0,9000,9000,0,0,4500,0,7200000,0,4100040,4100040,7200000,4100040,61573,65536,3228120,3228120,871920,871920,
107,108,540,578,11,14,-25,0,9,238,12,24,3,0,0,0,8192,8192,65536,0,0,0,150,64800,58620,0,6180,10725,0,29049,12174,0,0,175309,12174,51340,10922,0,0,0,0,
107,108,540,578,11,14,-25,0,10,239,9,24,0,0,0,0,0,0,0,3,0,1,0,0,0,0,0,0,0,0,0,0,0,0,0,-59241,0,0,0,0,0,
107,108,540,578,11,14,-25,0,11,242,20,1,1,2,2,0,65536,65536,2981,0,0,0,0,12500,12500,0,0,2500,0,187500,0,179340,179340,187500,179340,-5953,65536,179340,179340,0,0,
107,108,540,578,11,14,-25,0,12,251,9,24,0,0,0,0,0,0,0,3,1,1,0,0,0,0,0,0,0,0,0,0,0,0,0,15070,0,0,0,0,0,
108,109,545,578,11,14,-25,0,0,30,9,1,1,0,0,0,65536,65536,65536,0,0,0,7500,9020,9020,0,0,0,0,1370910,30140,0,0,1371030,30140,65536,65536,0,0,0,0,
108,109,545,578,11,14,-25,0,1,65,9,24,1,0,0,0,2048,2048,0,0,0,0,0,14726,14726,0,0,735,0,1178,0,0,0,5580,0,65536,2048,0,0,0,0,
108,109,545,578,11,14,-25,0,2,69,9,24,23,0,0,0,62805,62805,0,0,0,0,0,643996,590096,0,53900,0,0,1128087,0,0,0,3183191,0,65536,65535,0,0,0,0,
108,109,545,578,11,14,-25,0,3,79,2,24,1,0,0,0,2048,2048,0,0,0,0,0,3333,3333,0,0,0,0,1599,0,0,0,7597,0,65536,2048,0,0,0,0,
108,109,545,578,11,14,-25,0,4,90,2,1,1,0,0,0,2048,2048,65536,0,0,0,156,461,461,0,0,0,0,31163,62,0,0,31265,62,65536,2048,0,0,0,0,
108,109,545,578,11,14,-25,0,5,98,2,1,1,0,0,0,2048,2048,-13336,0,0,0,156,299,299,0,0,0,0,107,2142,0,0,511,2142,-51952,2048,0,0,0,0,
108,109,545,578,11,14,-25,0,6,102,8,24,12,0,0,0,32768,32768,0,0,0,0,0,216000,191280,0,24720,14520,0,38256,0,0,0,220997,0,65536,35332,0,0,0,0,
108,109,545,578,11,14,-25,0,7,106,20,1,1,0,0,0,65536,65536,0,0,0,0,0,0,0,0,0,0,0,0,0,0,0,0,0,0,65536,0,0,0,0,
108,109,545,578,11,14,-25,0,8,203,20,18,18,36,36,0,65536,65536,65536,0,0,0,0,9000,9000,0,0,4500,0,7200000,0,4100040,4100040,7200000,4100040,61573,65536,3228120,3228120,871920,871920,
108,109,545,578,11,14,-25,0,9,238,12,24,3,0,0,0,8192,8192,65536,0,0,0,150,64800,58620,0,6180,10725,0,90221,10692,0,0,177549,10692,52822,10922,0,0,0,0,
108,109,545,578,11,14,-25,0,10,239,9,24,0,0,0,0,0,0,0,3,0,1,0,0,0,0,0,0,0,0,0,0,0,0,0,-58368,0,0,0,0,0,
108,109,545,578,11,14,-25,0,11,242,20,1,1,2,2,0,65536,65536,2981,0,0,0,0,12500,12500,0,0,2500,0,187500,0,179340,179340,187500,179340,-5953,65536,179340,179340,0,0,
108,109,545,578,11,14,-25,0,12,251,9,24,24,0,0,0,65536,65536,1138,0,0,0,24000,216960,216960,0,0,13560,126000,1740459,1710744,0,0,2831040,1710744,33062,65536,0,0,0,0,
109,110,550,578,11,14,-25,0,0,30,9,1,1,0,0,0,65536,65536,65536,0,0,0,7500,9020,9020,0,0,0,0,1370910,30185,0,0,1371030,30185,65536,65536,0,0,0,0,
109,110,550,578,11,14,-25,0,1,65,9,24,1,0,0,0,2048,2048,0,0,0,0,0,14726,14726,0,0,735,0,1178,0,0,0,5580,0,65536,2048,0,0,0,0,
109,110,550,578,11,14,-25,0,2,69,9,24,23,0,0,0,62805,62805,0,0,0,0,0,643996,592296,0,51700,0,0,1021444,0,0,0,3150911,0,65536,65535,0,0,0,0,
109,110,550,578,11,14,-25,0,3,79,2,24,1,0,0,0,2048,2048,0,0,0,0,0,3333,3333,0,0,0,0,1599,0,0,0,7597,0,65536,2048,0,0,0,0,
109,110,550,578,11,14,-25,0,4,90,2,1,1,0,0,0,65536,65536,65536,0,0,0,5000,14775,14775,0,0,0,0,1031977,2000,0,0,1032030,2000,65536,65536,0,0,0,0,
109,110,550,578,11,14,-25,0,5,98,2,1,1,0,0,0,2048,2048,-13395,0,0,0,156,299,299,0,0,0,0,107,2151,0,0,511,2151,-52004,2048,0,0,0,0,
109,110,550,578,11,14,-25,0,6,102,8,24,11,0,0,0,30037,30037,0,0,0,0,0,197997,175337,0,22660,13309,0,35067,0,0,0,198023,0,65536,31659,0,0,0,0,
109,110,550,578,11,14,-25,0,7,106,20,1,1,0,0,0,65536,65536,0,0,0,0,0,0,0,0,0,0,0,0,0,0,0,0,0,0,65536,0,0,0,0,
109,110,550,578,11,14,-25,0,8,203,20,18,18,36,36,0,65536,65536,65536,0,0,0,0,9000,9000,0,0,4500,0,7200000,0,4100040,4100040,7200000,4100040,61573,65536,3228120,3228120,871920,871920,
109,110,550,578,11,14,-25,0,9,238,12,24,3,0,0,0,8192,8192,65536,0,0,0,150,64800,58620,0,6180,10725,0,95508,11029,0,0,184848,11029,55037,10922,0,0,0,0,
109,110,550,578,11,14,-25,0,10,239,9,24,0,0,0,0,0,0,0,3,0,1,0,0,0,0,0,0,0,0,0,0,0,0,0,-58587,0,0,0,0,0,
109,110,550,578,11,14,-25,0,11,242,20,1,1,2,2,0,65536,65536,2981,0,0,0,0,12500,12500,0,0,2500,0,187500,0,179340,179340,187500,179340,-5953,65536,179340,179340,0,0,
109,110,550,578,11,14,-25,0,12,251,9,24,22,0,0,0,25640,60074,-43313,0,0,0,9389,84882,84882,0,0,5305,49295,234087,690345,0,0,2721637,690345,30415,62764,0,0,0,0,
110,111,555,578,11,14,-25,0,0,30,9,1,1,0,0,0,65536,65536,65536,0,0,0,7500,9020,9020,0,0,0,0,1370910,30485,0,0,1371030,30485,65536,65536,0,0,0,0,
110,111,555,578,11,14,-25,0,1,65,9,24,1,0,0,0,2048,2048,0,0,0,0,0,14726,14726,0,0,735,0,1178,0,0,0,5580,0,65536,2048,0,0,0,0,
110,111,555,578,11,14,-25,0,2,69,9,24,23,0,0,0,62805,62805,0,0,0,0,0,643996,592296,0,51700,0,0,982098,0,0,0,3114672,0,65536,65535,0,0,0,0,
110,111,555,578,11,14,-25,0,3,79,2,24,1,0,0,0,2048,2048,0,0,0,0,0,3333,3333,0,0,0,0,1599,0,0,0,7597,0,65536,2048,0,0,0,0,
110,111,555,578,11,14,-25,0,4,90,2,1,1,0,0,0,65536,65536,65536,0,0,0,5000,14775,14775,0,0,0,0,1158489,2000,0,0,1158550,2000,65536,65536,0,0,0,0,
110,111,555,578,11,14,-25,0,5,98,2,1,1,0,0,0,2048,2048,-13087,0,0,0,156,299,299,0,0,0,0,107,2104,0,0,511,2104,-51702,2048,0,0,0,0,
110,111,555,578,11,14,-25,0,6,102,8,24,17,0,0,0,46421,46421,0,0,0,0,0,305997,270977,0,35020,20569,0,85729,0,0,0,307171,0,65536,48597,0,0,0,0,
110,111,555,578,11,14,-25,0,7,106,20,1,1,0,0,0,65536,65536,0,0,0,0,0,0,0,0,0,0,0,0,0,0,0,0,0,0,65536,0,0,0,0,
110,111,555,578,11,14,-25,0,8,203,20,18,18,36,36,0,65536,65536,65536,0,0,0,0,9000,9000,0,0,4500,0,7200000,0,4100040,4100040,7200000,4100040,61573,65536,3228120,3228120,871920,871920,
110,111,555,578,11,14,-25,0,9,238,12,24,24,0,0,0,65536,65536,65536,0,0,0,1200,518400,468960,0,49440,85800,0,433504,99049,0,0,1194720,99049,59034,65536,0,0,0,0,
110,111,555,578,11,14,-25,0,10,239,9,24,0,0,0,0,0,0,0,3,0,1,0,0,0,0,0,0,0,0,0,0,0,0,0,-59346,0,0,0,0,0,
110,111,555,578,11,14,-25,0,11,242,20,1,1,2,2,0,65536,65536,2981,0,0,0,0,12500,12500,0,0,2500,0,187500,0,179340,179340,187500,179340,-5953,65536,179340,179340,0,0,
110,111,555,578,11,14,-25,0,12,251,9,24,22,0,0,0,37071,60074,-46172,1,0,0,13575,122725,122725,0,0,7670,71272,331062,1120494,0,0,2554653,1120494,18071,60228,0,0,0,0,
111,112,560,578,11,14,-25,0,0,30,9,1,1,0,0,0,65536,65536,65536,0,0,0,7500,9020,9020,0,0,0,0,1370910,29770,0,0,1371030,29770,65536,65536,0,0,0,0,
111,112,560,578,11,14,-25,0,1,65,9,24,1,0,0,0,2048,2048,0,0,0,0,0,14726,14726,0,0,735,0,1178,0,0,0,5580,0,65536,2048,0,0,0,0,
111,112,560,578,11,14,-25,0,2,69,9,24,23,0,0,0,62805,62805,0,0,0,0,0,643996,593396,0,50600,0,0,1029403,0,0,0,3088392,0,65536,65535,0,0,0,0,
111,112,560,578,11,14,-25,0,3,79,2,24,1,0,0,0,2048,2048,0,0,0,0,0,3333,3333,0,0,0,0,1599,0,0,0,7597,0,65536,2048,0,0,0,0,
111,112,560,578,11,14,-25,0,4,90,2,1,1,0,0,0,65536,65536,65536,0,0,0,5000,14775,14775,0,0,0,0,1263180,2000,0,0,1263245,2000,65536,65536,0,0,0,0,
111,112,560,578,11,14,-25,0,5,98,2,1,1,0,0,0,2048,2048,-12825,0,0,0,156,299,299,0,0,0,0,107,2064,0,0,511,2064,-51440,2048,0,0,0,0,
111,112,560,578,11,14,-25,0,6,102,8,24,20,0,0,0,54613,54613,0,0,0,0,0,359997,318797,0,41200,24199,0,155967,0,0,0,369689,0,65536,57066,0,0,0,0,
111,112,560,578,11,14,-25,0,7,106,20,1,1,0,0,0,65536,65536,0,0,0,0,0,0,0,0,0,0,0,0,0,0,0,0,0,0,65536,0,0,0,0,
111,112,560,578,11,14,-25,0,8,203,20,18,18,36,36,0,65536,65536,65536,0,0,0,0,9000,9000,0,0,4500,0,7200000,0,4100040,4100040,7200000,4100040,61573,65536,3228120,3228120,871920,871920,
111,112,560,578,11,14,-25,0,9,238,12,24,3,0,0,0,8192,8192,64234,0,0,0,150,64800,58620,0,6180,10725,0,26732,13500,0,0,186708,13500,54407,10922,0,0,0,0,
111,112,560,578,11,14,-25,0,10,239,9,24,0,0,0,0,0,0,0,3,0,1,0,0,0,0,0,0,0,0,0,0,0,0,0,-59859,0,0,0,0,0,
111,112,560,578,11,14,-25,0,11,242,20,1,1,2,2,0,65536,65536,2981,0,0,0,0,12500,12500,0,0,2500,0,187500,0,179340,179340,187500,179340,-5953,65536,179340,179340,0,0,
111,112,560,578,11,14,-25,0,12,251,9,24,21,0,0,0,39938,57344,-48108,2,0,0,14625,132216,132216,0,0,8263,76785,350028,1316250,0,0,2394876,1316250,9714,57529,0,0,0,0,
112,113,565,578,11,14,-25,0,0,30,9,1,1,0,0,0,65536,65536,65536,0,0,0,7500,9020,9020,0,0,0,0,1370910,29115,0,0,1371030,29115,65536,65536,0,0,0,0,
112,113,565,578,11,14,-25,0,1,65,9,24,1,0,0,0,2048,2048,0,0,0,0,0,14726,14726,0,0,735,0,1178,0,0,0,5580,0,65536,2048,0,0,0,0,
112,113,565,578,11,14,-25,0,2,69,9,24,23,0,0,0,62805,62805,0,0,0,0,0,643996,616496,0,27500,0,0,1024416,0,0,0,3058873,0,65536,65535,0,0,0,0,
112,113,565,578,11,14,-25,0,3,79,2,24,1,0,0,0,2048,2048,0,0,0,0,0,3333,3333,0,0,0,0,1599,0,0,0,7597,0,65536,2048,0,0,0,0,
112,113,565,578,11,14,-25,0,4,90,2,1,1,0,0,0,65536,65536,65536,0,0,0,5000,14775,14775,0,0,0,0,336013,2000,0,0,1263245,2000,65536,65536,0,0,0,0,
112,113,565,578,11,14,-25,0,5,98,2,1,1,0,0,0,2048,2048,-12170,0,0,0,156,299,299,0,0,0,0,107,1964,0,0,511,1964,-50723,2048,0,0,0,0,
112,113,565,578,11,14,-25,0,6,102,8,24,20,0,0,0,54613,54613,0,0,0,0,0,359997,318797,0,41200,24199,0,65927,0,0,0,366216,0,65536,56578,0,0,0,0,
112,113,565,578,11,14,-25,0,7,106,20,1,1,0,0,0,65536,65536,0,0,0,0,0,0,0,0,0,0,0,0,0,0,0,0,0,0,65536,0,0,0,0,
112,113,565,578,11,14,-25,0,8,203,20,18,18,36,36,0,65536,65536,65536,0,0,0,0,9000,9000,0,0,4500,0,7200000,0,4100040,4100040,7200000,4100040,61573,65536,3228120,3228120,871920,871920,
112,113,565,578,11,14,-25,0,9,238,12,24,3,0,0,0,8192,8192,57331,0,0,0,150,64800,58620,0,6180,10725,0,25310,13500,0,0,176329,13500,51006,10922,0,0,0,0,
112,113,565,578,11,14,-25,0,10,239,9,24,0,0,0,0,0,0,0,3,0,1,0,0,0,0,0,0,0,0,0,0,0,0,0,-59859,0,0,0,0,0,
112,113,565,578,11,14,-25,0,11,242,20,1,1,2,2,0,65536,65536,2981,0,0,0,0,12500,12500,0,0,2500,0,187500,0,179340,179340,187500,179340,-5953,65536,179340,179340,0,0,
112,113,565,578,11,14,-25,0,12,251,9,24,0,0,0,0,0,0,0,3,0,1,0,0,0,0,0,0,0,0,0,0,0,0,0,6070,0,0,0,0,0,
113,114,570,578,11,14,-25,0,0,30,9,1,1,0,0,0,65536,65536,65536,0,0,0,7500,9020,9020,0,0,0,0,1370910,28760,0,0,1371030,28760,65536,65536,0,0,0,0,
113,114,570,578,11,14,-25,0,1,65,9,24,1,0,0,0,2048,2048,0,0,0,0,0,14726,14726,0,0,735,0,1178,0,0,0,5580,0,65536,2048,0,0,0,0,
113,114,570,578,11,14,-25,0,2,69,9,24,23,0,0,0,62805,62805,0,0,0,0,0,643996,616496,0,27500,0,0,1076396,0,0,0,3042673,0,65536,65535,0,0,0,0,
113,114,570,578,11,14,-25,0,3,79,2,24,1,0,0,0,2048,2048,0,0,0,0,0,3333,3333,0,0,0,0,1599,0,0,0,7597,0,65536,2048,0,0,0,0,
113,114,570,578,11,14,-25,0,4,90,2,1,1,0,0,0,18265,18265,65536,0,0,0,1393,4117,4117,0,0,0,0,66739,557,0,0,317074,557,65536,18265,0,0,0,0,
113,114,570,578,11,14,-25,0,5,98,2,1,1,0,0,0,2048,2048,-12156,0,0,0,156,299,299,0,0,0,0,107,1962,0,0,511,1962,-50707,2048,0,0,0,0,
113,114,570,578,11,14,-25,0,6,102,8,24,17,0,0,0,46421,46421,0,0,0,0,0,305997,270977,0,35020,20569,0,54195,0,0,0,293566,0,65536,46934,0,0,0,0,
113,114,570,578,11,14,-25,0,7,106,20,1,1,0,0,0,65536,65536,0,0,0,0,0,0,0,0,0,0,0,0,0,0,0,0,0,0,65536,0,0,0,0,
113,114,570,578,11,14,-25,0,8,203,20,18,18,36,36,0,65536,65536,65536,0,0,0,0,9000,9000,0,0,4500,0,7200000,0,4100040,4100040,7200000,4100040,61573,65536,3228120,3228120,871920,871920,
113,114,570,578,11,14,-25,0,9,238,12,24,3,0,0,0,8192,8192,65536,0,0,0,150,64800,58620,0,6180,10725,0,24541,12158,0,0,170769,12158,49859,10922,0,0,0,0,
113,114,570,578,11,14,-25,0,10,239,9,24,0,0,0,0,0,0,0,3,0,1,0,0,0,0,0,0,0,0,0,0,0,0,0,-59232,0,0,0,0,0,
113,114,570,578,11,14,-25,0,11,242,20,1,1,2,2,0,65536,65536,2981,0,0,0,0,12500,12500,0,0,2500,0,187500,0,179340,179340,187500,179340,-5953,65536,179340,179340,0,0,
113,114,570,578,11,14,-25,0,12,251,9,24,0,0,0,0,0,0,0,3,1,1,0,0,0,0,0,0,0,0,0,0,0,0,0,13892,0,0,0,0,0,
114,115,575,578,11,14,-25,0,0,30,9,1,1,0,0,0,65536,65536,65536,0,0,0,7500,9020,9020,0,0,0,0,1370910,28577,0,0,1371030,28577,65536,65536,0,0,0,0,
114,115,575,578,11,14,-25,0,1,65,9,24,1,0,0,0,2048,2048,0,0,0,0,0,14726,14726,0,0,735,0,1178,0,0,0,5580,0,65536,2048,0,0,0,0,
114,115,575,578,11,14,-25,0,2,69,9,24,23,0,0,0,62805,62805,0,0,0,0,0,643996,590096,0,53900,0,0,1041581,0,0,0,3023233,0,65536,65535,0,0,0,0,
114,115,575,578,11,14,-25,0,3,79,2,24,1,0,0,0,2048,2048,0,0,0,0,0,3333,3333,0,0,0,0,1599,0,0,0,7597,0,65536,2048,0,0,0,0,
114,115,575,578,11,14,-25,0,4,90,2,1,1,0,0,0,2048,2048,65536,0,0,0,156,461,461,0,0,0,0,31110,62,0,0,31212,62,65536,2048,0,0,0,0,
114,115,575,578,11,14,-25,0,5,98,2,1,1,0,0,0,2048,2048,-13015,0,0,0,156,299,299,0,0,0,0,107,2093,0,0,511,2093,-51635,2048,0,0,0,0,
114,115,575,578,11,14,-25,0,6,102,8,24,13,0,0,0,35498,35498,0,0,0,0,0,233995,207215,0,26780,15729,0,41443,0,0,0,234251,0,65536,37451,0,0,0,0,
114,115,575,578,11,14,-25,0,7,106,20,1,1,0,0,0,65536,65536,0,0,0,0,0,0,0,0,0,0,0,0,0,0,0,0,0,0,65536,0,0,0,0,
114,115,575,578,11,14,-25,0,8,203,20,18,18,36,36,0,65536,65536,65536,0,0,0,0,9000,9000,0,0,4500,0,7200000,0,4100040,4100040,7200000,4100040,61573,65536,3228120,3228120,871920,871920,
114,115,575,578,11,14,-25,0,9,238,12,24,3,0,0,0,8192,8192,65536,0,0,0,150,64800,58620,0,6180,10725,0,42766,10674,0,0,170129,10674,50397,10922,0,0,0,0,
114,115,575,578,11,14,-25,0,10,239,9,24,0,0,0,0,0,0,0,3,0,1,0,0,0,0,0,0,0,0,0,0,0,0,0,-58356,0,0,0,0,0,
114,115,575,578,11,14,-25,0,11,242,20,1,1,2,2,0,65536,65536,2981,0,0,0,0,12500,12500,0,0,2500,0,187500,0,179340,179340,187500,179340,-5953,65536,179340,179340,0,0,
114,115,575,578,11,14,-25,0,12,251,9,24,24,0,0,0,65536,65536,-4535,0,0,0,24000,216960,216960,0,0,13560,126000,1589654,1707840,0,0,2766360,1707840,30969,65536,0,0,0,0,
115,116,580,578,11,14,-25,0,0,30,9,1,1,0,0,0,65536,65536,65536,0,0,0,7500,9020,9020,0,0,0,0,1370910,28555,0,0,1371030,28555,65536,65536,0,0,0,0,
115,116,580,578,11,14,-25,0,1,65,9,24,1,0,0,0,2048,2048,0,0,0,0,0,14726,14726,0,0,735,0,1178,0,0,0,5580,0,65536,2048,0,0,0,0,
115,116,580,578,11,14,-25,0,2,69,9,24,23,0,0,0,62805,62805,0,0,0,0,0,643996,592296,0,51700,0,0,977036,0,0,0,2993714,0,65536,65535,0,0,0,0,
115,116,580,578,11,14,-25,0,3,79,2,24,1,0,0,0,2048,2048,0,0,0,0,0,3333,3333,0,0,0,0,1599,0,0,0,7597,0,65536,2048,0,0,0,0,
115,116,580,578,11,14,-25,0,4,90,2,1,1,0,0,0,65536,65536,65536,0,0,0,5000,14775,14775,0,0,0,0,1030072,2000,0,0,1030125,2000,65536,65536,0,0,0,0,
115,116,580,578,11,14,-25,0,5,98,2,1,1,0,0,0,2048,2048,-12995,0,0,0,156,299,299,0,0,0,0,107,2090,0,0,511,2090,-51614,2048,0,0,0,0,
115,116,580,578,11,14,-25,0,6,102,8,24,12,0,0,0,32768,32768,0,0,0,0,0,216000,191280,0,24720,14520,0,38256,0,0,0,205754,0,65536,32895,0,0,0,0,
115,116,580,578,11,14,-25,0,7,106,20,1,1,0,0,0,65536,65536,0,0,0,0,0,0,0,0,0,0,0,0,0,0,0,0,0,0,65536,0,0,0,0,
115,116,580,578,11,14,-25,0,8,203,20,18,18,36,36,0,65536,65536,65536,0,0,0,0,9000,9000,0,0,4500,0,7200000,0,4100040,4100040,7200000,4100040,61573,65536,3228120,3228120,871920,871920,
115,116,580,578,11,14,-25,0,9,238,12,24,3,0,0,0,8192,8192,65536,0,0,0,150,64800,58620,0,6180,10725,0,89152,11008,0,0,175109,11008,51865,10922,0,0,0,0,
115,116,580,578,11,14,-25,0,10,239,9,24,0,0,0,0,0,0,0,3,0,1,0,0,0,0,0,0,0,0,0,0,0,0,0,-58574,0,0,0,0,0,
115,116,580,578,11,14,-25,0,11,242,20,1,1,2,2,0,65536,65536,2981,0,0,0,0,12500,12500,0,0,2500,0,187500,0,179340,179340,187500,179340,-5953,65536,179340,179340,0,0,
115,116,580,578,11,14,-25,0,12,251,9,24,22,0,0,0,25234,60074,-43896,0,0,0,9240,83538,83538,0,0,5221,48515,223915,678132,0,0,2563450,678132,27894,60824,0,0,0,0,
116,117,585,578,11,14,-25,0,0,30,9,1,1,0,0,0,65536,65536,65536,0,0,0,7500,9020,9020,0,0,0,0,1370910,28707,0,0,1371030,28707,65536,65536,0,0,0,0,
116,117,585,578,11,14,-25,0,1,65,9,24,1,0,0,0,2048,2048,0,0,0,0,0,14726,14726,0,0,735,0,1178,0,0,0,5580,0,65536,2048,0,0,0,0,
116,117,585,578,11,14,-25,0,2,69,9,24,23,0,0,0,62805,62805,0,0,0,0,0,643996,594496,0,49500,0,0,978129,0,0,0,2966114,0,65536,65535,0,0,0,0,
116,117,585,578,11,14,-25,0,3,79,2,24,1,0,0,0,2048,2048,0,0,0,0,0,3333,3333,0,0,0,0,1599,0,0,0,7597,0,65536,2048,0,0,0,0,
116,117,585,578,11,14,-25,0,4,90,2,1,1,0,0,0,65536,65536,65536,0,0,0,5000,14775,14775,0,0,0,0,1156125,2000,0,0,1156185,2000,65536,65536,0,0,0,0,
116,117,585,578,11,14,-25,0,5,98,2,1,1,0,0,0,2048,2048,-12661,0,0,0,156,299,299,0,0,0,0,107,2039,0,0,511,2039,-51263,2048,0,0,0,0,
116,117,585,578,11,14,-25,0,6,102,8,24,11,0,0,0,30037,30037,0,0,0,0,0,197997,175337,0,22660,13309,0,35067,0,0,0,193732,0,65536,30973,0,0,0,0,
116,117,585,578,11,14,-25,0,7,106,20,1,1,0,0,0,65536,65536,0,0,0,0,0,0,0,0,0,0,0,0,0,0,0,0,0,0,65536,0,0,0,0,
116,117,585,578,11,14,-25,0,8,203,20,18,18,36,36,0,65536,65536,65536,0,0,0,0,9000,9000,0,0,4500,0,7200000,0,4100040,4100040,7200000,4100040,61573,65536,3228120,3228120,871920,871920,
116,117,585,578,11,14,-25,0,9,238,12,24,3,0,0,0,8192,8192,65536,0,0,0,150,64800,58620,0,6180,10725,0,95006,12355,0,0,184068,12355,54119,10922,0,0,0,0,
116,117,585,578,11,14,-25,0,10,239,9,24,0,0,0,0,0,0,0,3,0,1,0,0,0,0,0,0,0,0,0,0,0,0,0,-59333,0,0,0,0,0,
116,117,585,578,11,14,-25,0,11,242,20,1,1,2,2,0,65536,65536,2981,0,0,0,0,12500,12500,0,0,2500,0,187500,0,179340,179340,187500,179340,-5953,65536,179340,179340,0,0,
116,117,585,578,11,14,-25,0,12,251,9,24,20,0,0,0,39938,54613,-46730,1,0,0,14625,132216,132216,0,0,8263,76785,345691,1204690,0,0,2352220,1204690,15667,57214,0,0,0,0,
117,118,590,578,11,14,-25,0,0,30,9,1,1,0,0,0,65536,65536,65536,0,0,0,7500,9020,9020,0,0,0,0,1370910,29320,0,0,1371030,29320,65536,65536,0,0,0,0,
117,118,590,578,11,14,-25,0,1,65,9,24,1,0,0,0,2048,2048,0,0,0,0,0,14726,14726,0,0,735,0,1178,0,0,0,5580,0,65536,2048,0,0,0,0,
117,118,590,578,11,14,-25,0,2,69,9,24,23,0,0,0,62805,62805,0,0,0,0,0,643996,597796,0,46200,0,0,980450,0,0,0,2940555,0,65536,65535,0,0,0,0,
117,118,590,578,11,14,-25,0,3,79,2,24,1,0,0,0,2048,2048,0,0,0,0,0,3333,3333,0,0,0,0,1599,0,0,0,7597,0,65536,2048,0,0,0,0,
117,118,590,578,11,14,-25,0,4,90,2,1,1,0,0,0,65536,65536,65536,0,0,0,5000,14775,14775,0,0,0,0,1263180,2000,0,0,1263245,2000,65536,65536,0,0,0,0,
117,118,590,578,11,14,-25,0,5,98,2,1,1,0,0,0,2048,2048,-12032,0,0,0,156,299,299,0,0,0,0,107,1943,0,0,511,1943,-50560,2048,0,0,0,0,
117,118,590,578,11,14,-25,0,6,102,8,24,17,0,0,0,46421,46421,0,0,0,0,0,305997,270977,0,35020,20569,0,162613,0,0,0,310747,0,65536,48254,0,0,0,0,
117,118,590,578,11,14,-25,0,7,106,20,1,1,0,0,0,65536,65536,0,0,0,0,0,0,0,0,0,0,0,0,0,0,0,0,0,0,65536,0,0,0,0,
117,118,590,578,11,14,-25,0,8,203,20,18,18,36,36,0,65536,65536,65536,0,0,0,0,9000,9000,0,0,4500,0,7200000,0,4100040,4100040,7200000,4100040,61573,65536,3228120,3228120,871920,871920,
117,118,590,578,11,14,-25,0,9,238,12,24,24,0,0,0,65536,65536,65536,0,0,0,1200,518400,468960,0,49440,85800,0,425090,108000,0,0,1223160,108000,60024,65536,0,0,0,0,
117,118,590,578,11,14,-25,0,10,239,9,24,0,0,0,0,0,0,0,3,0,1,0,0,0,0,0,0,0,0,0,0,0,0,0,-59859,0,0,0,0,0,
117,118,590,578,11,14,-25,0,11,242,20,1,1,2,2,0,65536,65536,2981,0,0,0,0,12500,12500,0,0,2500,0,187500,0,179340,179340,187500,179340,-5953,65536,179340,179340,0,0,
117,118,590,578,11,14,-25,0,12,251,9,24,17,0,0,0,37071,46421,-49130,2,0,0,13575,122725,122725,0,0,7670,71272,305830,1221750,0,0,1889430,1221750,5292,48221,0,0,0,0,
118,119,595,578,11,14,-25,0,0,30,9,1,1,0,0,0,65536,65536,65536,0,0,0,7500,9020,9020,0,0,0,0,1370910,28737,0,0,1371030,28737,65536,65536,0,0,0,0,
118,119,595,578,11,14,-25,0,1,65,9,24,1,0,0,0,2048,2048,0,0,0,0,0,14726,14726,0,0,735,0,1178,0,0,0,5580,0,65536,2048,0,0,0,0,
118,119,595,578,11,14,-25,0,2,69,9,24,23,0,0,0,62805,62805,0,0,0,0,0,643996,616496,0,27500,0,0,1091992,0,0,0,2935155,0,65536,65535,0,0,0,0,
118,119,595,578,11,14,-25,0,3,79,2,24,1,0,0,0,2048,2048,0,0,0,0,0,3333,3333,0,0,0,0,1599,0,0,0,7597,0,65536,2048,0,0,0,0,
118,119,595,578,11,14,-25,0,4,90,2,1,1,0,0,0,65536,65536,65536,0,0,0,5000,14775,14775,0,0,0,0,265950,2000,0,0,1263245,2000,65536,65536,0,0,0,0,
118,119,595,578,11,14,-25,0,5,98,2,1,1,0,0,0,2048,2048,-11534,0,0,0,156,299,299,0,0,0,0,107,1867,0,0,511,1867,-49953,2048,0,0,0,0,
118,119,595,578,11,14,-25,0,6,102,8,24,20,0,0,0,54613,54613,0,0,0,0,0,359997,318797,0,41200,24199,0,200856,0,0,0,378790,0,65536,56895,0,0,0,0,
118,119,595,578,11,14,-25,0,7,106,20,1,1,0,0,0,65536,65536,0,0,0,0,0,0,0,0,0,0,0,0,0,0,0,0,0,0,65536,0,0,0,0,
118,119,595,578,11,14,-25,0,8,203,20,18,18,36,36,0,65536,65536,65536,0,0,0,0,9000,9000,0,0,4500,0,7200000,0,4100040,4100040,7200000,4100040,61573,65536,3228120,3228120,871920,871920,
118,119,595,578,11,14,-25,0,9,238,12,24,3,0,0,0,8192,8192,65536,0,0,0,150,64800,58620,0,6180,10725,0,27292,13500,0,0,190788,13500,55744,10922,0,0,0,0,
118,119,595,578,11,14,-25,0,10,239,9,24,0,0,0,0,0,0,0,3,0,1,0,0,0,0,0,0,0,0,0,0,0,0,0,-59859,0,0,0,0,0,
118,119,595,578,11,14,-25,0,11,242,20,1,1,2,2,0,65536,65536,2981,0,0,0,0,12500,12500,0,0,2500,0,187500,0,179340,179340,187500,179340,-5953,65536,179340,179340,0,0,
118,119,595,578,11,14,-25,0,12,251,9,24,0,0,0,0,0,0,0,3,0,1,0,0,0,0,0,0,0,0,0,0,0,0,0,2535,0,0,0,0,0,
119,120,600,578,11,14,-25,0,0,30,9,1,1,0,0,0,65536,65536,65536,0,0,0,7500,9020,9020,0,0,0,0,1370910,28157,0,0,1371030,28157,65536,65536,0,0,0,0,
119,120,600,578,11,14,-25,0,1,65,9,24,1,0,0,0,2048,2048,0,0,0,0,0,14726,14726,0,0,735,0,1178,0,0,0,5580,0,65536,2048,0,0,0,0,
119,120,600,578,11,14,-25,0,2,69,9,24,23,0,0,0,62805,62805,0,0,0,0,0,643996,616496,0,27500,0,0,1147490,0,0,0,2937915,0,65536,65535,0,0,0,0,
119,120,600,578,11,14,-25,0,3,79,2,24,1,0,0,0,2048,2048,0,0,0,0,0,3333,3333,0,0,0,0,1599,0,0,0,7597,0,65536,2048,0,0,0,0,
119,120,600,578,11,14,-25,0,4,90,2,1,1,0,0,0,16105,16105,65536,0,0,0,1228,3630,3630,0,0,0,0,58546,491,0,0,278155,491,65536,16105,0,0,0,0,
119,120,600,578,11,14,-25,0,5,98,2,1,1,0,0,0,2048,2048,-11547,0,0,0,156,299,299,0,0,0,0,107,1869,0,0,511,1869,-49966,2048,0,0,0,0,
119,120,600,578,11,14,-25,0,6,102,8,24,20,0,0,0,54613,54613,0,0,0,0,0,359997,318797,0,41200,24199,0,67266,0,0,0,362203,0,65536,54841,0,0,0,0,
119,120,600,578,11,14,-25,0,7,106,20,1,1,0,0,0,65536,65536,0,0,0,0,0,0,0,0,0,0,0,0,0,0,0,0,0,0,65536,0,0,0,0,
119,120,600,578,11,14,-25,0,8,203,20,18,18,36,36,0,65536,65536,65536,0,0,0,0,9000,9000,0,0,4500,0,7200000,0,4100040,4100040,7200000,4100040,61573,65536,3228120,3228120,871920,871920,
119,120,600,578,11,14,-25,0,9,238,12,24,3,0,0,0,8192,8192,65536,0,0,0,150,64800,58620,0,6180,10725,0,25268,12096,0,0,176069,12096,51629,10922,0,0,0,0,
119,120,600,578,11,14,-25,0,10,239,9,24,0,0,0,0,0,0,0,3,0,1,0,0,0,0,0,0,0,0,0,0,0,0,0,-59200,0,0,0,0,0,
119,120,600,578,11,14,-25,0,11,242,20,1,1,2,2,0,65536,65536,2981,0,0,0,0,12500,12500,0,0,2500,0,187500,0,179340,179340,187500,179340,-5953,65536,179340,179340,0,0,
119,120,600,578,11,14,-25,0,12,251,9,24,0,0,0,0,0,0,0,3,1,1,0,0,0,0,0,0,0,0,0,0,0,0,0,10499,0,0,0,0,0,
120,121,605,578,11,14,-25,0,0,30,9,1,1,0,0,0,65536,65536,65536,0,0,0,7500,9020,9020,0,0,0,0,1370910,27935,0,0,1371030,27935,65536,65536,0,0,0,0,
120,121,605,578,11,14,-25,0,1,65,9,24,1,0,0,0,2048,2048,0,0,0,0,0,14726,14726,0,0,735,0,1178,0,0,0,5580,0,65536,2048,0,0,0,0,
120,121,605,578,11,14,-25,0,2,69,9,24,23,0,0,0,62805,62805,0,0,0,0,0,643996,590096,0,53900,0,0,1147743,0,0,0,2942595,0,65536,65535,0,0,0,0,
120,121,605,578,11,14,-25,0,3,79,2,24,1,0,0,0,2048,2048,0,0,0,0,0,3333,3333,0,0,0,0,1599,0,0,0,7597,0,65536,2048,0,0,0,0,
120,121,605,578,11,14,-25,0,4,90,2,1,1,0,0,0,2048,2048,65536,0,0,0,156,461,461,0,0,0,0,30914,62,0,0,31016,62,65536,2048,0,0,0,0,
120,121,605,578,11,14,-25,0,5,98,2,1,1,0,0,0,2048,2048,-12392,0,0,0,156,299,299,0,0,0,0,107,1998,0,0,511,1998,-50971,2048,0,0,0,0,
120,121,605,578,11,14,-25,0,6,102,8,24,17,0,0,0,46421,46421,0,0,0,0,0,305997,270977,0,35020,20569,0,55008,0,0,0,295538,0,65536,46514,0,0,0,0,
120,121,605,578,11,14,-25,0,7,106,20,1,1,0,0,0,65536,65536,0,0,0,0,0,0,0,0,0,0,0,0,0,0,0,0,0,0,65536,0,0,0,0,
120,121,605,578,11,14,-25,0,8,203,20,18,18,36,36,0,65536,65536,65536,0,0,0,0,9000,9000,0,0,4500,0,7200000,0,4100040,4100040,7200000,4100040,61573,65536,3228120,3228120,871920,871920,
120,121,605,578,11,14,-25,0,9,238,12,24,3,0,0,0,8192,8192,65536,0,0,0,150,64800,58620,0,6180,10725,0,24407,10606,0,0,169809,10606,50318,10922,0,0,0,0,
120,121,605,578,11,14,-25,0,10,239,9,24,0,0,0,0,0,0,0,3,0,1,0,0,0,0,0,0,0,0,0,0,0,0,0,-58310,0,0,0,0,0,
120,121,605,578,11,14,-25,0,11,242,20,1,1,2,2,0,65536,65536,2981,0,0,0,0,12500,12500,0,0,2500,0,187500,0,179340,179340,187500,179340,-5953,65536,179340,179340,0,0,
120,121,605,578,11,14,-25,0,12,251,9,24,24,0,0,0,65536,65536,-4730,0,0,0,24000,216960,216960,0,0,13560,126000,1574589,1697088,0,0,2640360,1697088,27160,65536,0,0,0,0,
121,122,610,578,11,14,-25,0,0,30,9,1,1,0,0,0,65536,65536,65536,0,0,0,7500,9020,9020,0,0,0,0,1370910,27965,0,0,1371030,27965,65536,65536,0,0,0,0,
121,122,610,578,11,14,-25,0,1,65,9,24,1,0,0,0,2048,2048,0,0,0,0,0,14726,14726,0,0,735,0,1178,0,0,0,5580,0,65536,2048,0,0,0,0,
121,122,610,578,11,14,-25,0,2,69,9,24,23,0,0,0,62805,62805,0,0,0,0,0,643996,591196,0,52800,0,0,1109941,0,0,0,2941275,0,65536,65535,0,0,0,0,
121,122,610,578,11,14,-25,0,3,79,2,24,1,0,0,0,2048,2048,0,0,0,0,0,3333,3333,0,0,0,0,1599,0,0,0,7597,0,65536,2048,0,0,0,0,
121,122,610,578,11,14,-25,0,4,90,2,1,1,0,0,0,65536,65536,65536,0,0,0,5000,14775,14775,0,0,0,0,1022980,2000,0,0,1023035,2000,65536,65536,0,0,0,0,
121,122,610,578,11,14,-25,0,5,98,2,1,1,0,0,0,2048,2048,-12471,0,0,0,156,299,299,0,0,0,0,107,2010,0,0,511,2010,-51059,2048,0,0,0,0,
121,122,610,578,11,14,-25,0,6,102,8,24,15,0,0,0,40960,40960,0,0,0,0,0,270000,239100,0,30900,18150,0,47820,0,0,0,257000,0,65536,41088,0,0,0,0,
121,122,610,578,11,14,-25,0,7,106,20,1,1,0,0,0,65536,65536,0,0,0,0,0,0,0,0,0,0,0,0,0,0,0,0,0,0,65536,0,0,0,0,
121,122,610,578,11,14,-25,0,8,203,20,18,18,36,36,0,65536,65536,65536,0,0,0,0,9000,9000,0,0,4500,0,7200000,0,4100040,4100040,7200000,4100040,61573,65536,3228120,3228120,871920,871920,
121,122,610,578,11,14,-25,0,9,238,12,24,3,0,0,0,8192,8192,65536,0,0,0,150,64800,58620,0,6180,10725,0,74888,10932,0,0,170769,10932,50475,10922,0,0,0,0,
121,122,610,578,11,14,-25,0,10,239,9,24,0,0,0,0,0,0,0,3,0,1,0,0,0,0,0,0,0,0,0,0,0,0,0,-58526,0,0,0,0,0,
121,122,610,578,11,14,-25,0,11,242,20,1,1,2,2,0,65536,65536,2981,0,0,0,0,12500,12500,0,0,2500,0,187500,0,179340,179340,187500,179340,-5953,65536,179340,179340,0,0,
121,122,610,578,11,14,-25,0,12,251,9,24,23,0,0,0,23887,62805,-44581,0,0,0,8747,79079,79079,0,0,4942,45925,203849,637533,0,0,2559360,637533,24944,63141,0,0,0,0,
122,123,615,578,11,14,-25,0,0,30,9,1,1,0,0,0,65536,65536,65536,0,0,0,7500,9020,9020,0,0,0,0,1370910,28185,0,0,1371030,28185,65536,65536,0,0,0,0,
122,123,615,578,11,14,-25,0,1,65,9,24,1,0,0,0,2048,2048,0,0,0,0,0,14726,14726,0,0,735,0,1178,0,0,0,5580,0,65536,2048,0,0,0,0,
122,123,615,578,11,14,-25,0,2,69,9,24,23,0,0,0,62805,62805,0,0,0,0,0,643996,591196,0,52800,0,0,1122028,0,0,0,2942595,0,65536,65535,0,0,0,0,
122,123,615,578,11,14,-25,0,3,79,2,24,1,0,0,0,2048,2048,0,0,0,0,0,3333,3333,0,0,0,0,1599,0,0,0,7597,0,65536,2048,0,0,0,0,
122,123,615,578,11,14,-25,0,4,90,2,1,1,0,0,0,65536,65536,65536,0,0,0,5000,14775,14775,0,0,0,0,1147615,2000,0,0,1147675,2000,65536,65536,0,0,0,0,
122,123,615,578,11,14,-25,0,5,98,2,1,1,0,0,0,2048,2048,-12327,0,0,0,156,299,299,0,0,0,0,107,1988,0,0,511,1988,-50894,2048,0,0,0,0,
122,123,615,578,11,14,-25,0,6,102,8,24,13,0,0,0,35498,35498,0,0,0,0,0,233995,207215,0,26780,15729,0,41443,0,0,0,230786,0,65536,36897,0,0,0,0,
122,123,615,578,11,14,-25,0,7,106,20,1,1,0,0,0,65536,65536,0,0,0,0,0,0,0,0,0,0,0,0,0,0,0,0,0,0,65536,0,0,0,0,
122,123,615,578,11,14,-25,0,8,203,20,18,18,36,36,0,65536,65536,65536,0,0,0,0,9000,9000,0,0,4500,0,7200000,0,4100040,4100040,7200000,4100040,61573,65536,3228120,3228120,871920,871920,
122,123,615,578,11,14,-25,0,9,238,12,24,3,0,0,0,8192,8192,65536,0,0,0,150,64800,58620,0,6180,10725,0,89653,12264,0,0,175889,12264,51485,10922,0,0,0,0,
122,123,615,578,11,14,-25,0,10,239,9,24,0,0,0,0,0,0,0,3,0,1,0,0,0,0,0,0,0,0,0,0,0,0,0,-59287,0,0,0,0,0,
122,123,615,578,11,14,-25,0,11,242,20,1,1,2,2,0,65536,65536,2981,0,0,0,0,12500,12500,0,0,2500,0,187500,0,179340,179340,187500,179340,-5953,65536,179340,179340,0,0,
122,123,615,578,11,14,-25,0,12,251,9,24,23,0,0,0,39938,62805,-45892,1,0,0,14625,132216,132216,0,0,8263,76785,358428,1195827,0,0,2578428,1195827,14205,64338,0,0,0,0,
123,124,620,578,11,14,-25,0,0,30,9,1,1,0,0,0,65536,65536,65536,0,0,0,7500,9020,9020,0,0,0,0,1370910,28570,0,0,1371030,28570,65536,65536,0,0,0,0,
123,124,620,578,11,14,-25,0,1,65,9,24,1,0,0,0,2048,2048,0,0,0,0,0,14726,14726,0,0,735,0,1178,0,0,0,5580,0,65536,2048,0,0,0,0,
123,124,620,578,11,14,-25,0,2,69,9,24,23,0,0,0,62805,62805,0,0,0,0,0,643996,593396,0,50600,0,0,1124771,0,0,0,2944635,0,65536,65535,0,0,0,0,
123,124,620,578,11,14,-25,0,3,79,2,24,1,0,0,0,2048,2048,0,0,0,0,0,3333,3333,0,0,0,0,1599,0,0,0,7597,0,65536,2048,0,0,0,0,
123,124,620,578,11,14,-25,0,4,90,2,1,1,0,0,0,65536,65536,65536,0,0,0,5000,14775,14775,0,0,0,0,1263180,2000,0,0,1263245,2000,65536,65536,0,0,0,0,
123,124,620,578,11,14,-25,0,5,98,2,1,1,0,0,0,2048,2048,-11927,0,0,0,156,299,299,0,0,0,0,107,1927,0,0,511,1927,-50431,2048,0,0,0,0,
123,124,620,578,11,14,-25,0,6,102,8,24,12,0,0,0,32768,32768,0,0,0,0,0,216000,191280,0,24720,14520,0,38256,0,0,0,220853,0,65536,35309,0,0,0,0,
123,124,620,578,11,14,-25,0,7,106,20,1,1,0,0,0,65536,65536,0,0,0,0,0,0,0,0,0,0,0,0,0,0,0,0,0,0,65536,0,0,0,0,
123,124,620,578,11,14,-25,0,8,203,20,18,18,36,36,0,65536,65536,65536,0,0,0,0,9000,9000,0,0,4500,0,7200000,0,4100040,4100040,7200000,4100040,61573,65536,3228120,3228120,871920,871920,
123,124,620,578,11,14,-25,0,9,238,12,24,3,0,0,0,8192,8192,65536,0,0,0,150,64800,58620,0,6180,10725,0,95508,13500,0,0,184848,13500,53798,10922,0,0,0,0,
123,124,620,578,11,14,-25,0,10,239,9,24,0,0,0,0,0,0,0,3,0,1,0,0,0,0,0,0,0,0,0,0,0,0,0,-59859,0,0,0,0,0,
123,124,620,578,11,14,-25,0,11,242,20,1,1,2,2,0,65536,65536,2981,0,0,0,0,12500,12500,0,0,2500,0,187500,0,179340,179340,187500,179340,-5953,65536,179340,179340,0,0,
123,124,620,578,11,14,-25,0,12,251,9,24,21,0,0,0,39938,57344,-49272,2,0,0,14625,132216,132216,0,0,8263,76785,326652,1316250,0,0,2234866,1316250,4686,57529,0,0,0,0,
124,125,625,578,11,14,-25,0,0,30,9,1,1,0,0,0,65536,65536,65536,0,0,0,7500,9020,9020,0,0,0,0,1370910,29402,0,0,1371030,29402,65536,65536,0,0,0,0,
124,125,625,578,11,14,-25,0,1,65,9,24,1,0,0,0,2048,2048,0,0,0,0,0,14726,14726,0,0,735,0,1178,0,0,0,5580,0,65536,2048,0,0,0,0,
124,125,625,578,11,14,-25,0,2,69,9,24,23,0,0,0,62805,62805,0,0,0,0,0,643996,616496,0,27500,0,0,1142932,0,0,0,2945955,0,65536,65535,0,0,0,0,
124,125,625,578,11,14,-25,0,3,79,2,24,1,0,0,0,2048,2048,0,0,0,0,0,3333,3333,0,0,0,0,1599,0,0,0,7597,0,65536,2048,0,0,0,0,
124,125,625,578,11,14,-25,0,4,90,2,1,1,0,0,0,65536,65536,65536,0,0,0,5000,14775,14775,0,0,0,0,411275,2000,0,0,1263245,2000,65536,65536,0,0,0,0,
124,125,625,578,11,14,-25,0,5,98,2,1,1,0,0,0,2048,2048,-11265,0,0,0,156,299,299,0,0,0,0,107,1826,0,0,511,1826,-49596,2048,0,0,0,0,
124,125,625,578,11,14,-25,0,6,102,8,24,18,0,0,0,49152,49152,0,0,0,0,0,324000,286920,0,37080,21780,0,165957,0,0,0,324339,0,65536,50422,0,0,0,0,
124,125,625,578,11,14,-25,0,7,106,20,1,1,0,0,0,65536,65536,0,0,0,0,0,0,0,0,0,0,0,0,0,0,0,0,0,0,65536,0,0,0,0,
124,125,625,578,11,14,-25,0,8,203,20,18,18,36,36,0,65536,65536,65536,0,0,0,0,9000,9000,0,0,4500,0,7200000,0,4100040,4100040,7200000,4100040,61573,65536,3228120,3228120,871920,871920,
124,125,625,578,11,14,-25,0,9,238,12,24,24,0,0,0,65536,65536,65536,0,0,0,1200,518400,468960,0,49440,85800,0,426829,108000,0,0,1229280,108000,60358,65536,0,0,0,0,
124,125,625,578,11,14,-25,0,10,239,9,24,0,0,0,0,0,0,0,3,0,1,0,0,0,0,0,0,0,0,0,0,0,0,0,-59859,0,0,0,0,0,
124,125,625,578,11,14,-25,0,11,242,20,1,1,2,2,0,65536,65536,2981,0,0,0,0,12500,12500,0,0,2500,0,187500,0,179340,179340,187500,179340,-5953,65536,179340,179340,0,0,
124,125,625,578,11,14,-25,0,12,251,9,24,0,0,0,0,0,0,0,3,0,1,0,0,0,0,0,0,0,0,0,0,0,0,0,1006,0,0,0,0,0,
125,126,630,578,11,14,-25,0,0,30,9,1,1,0,0,0,65536,65536,65536,0,0,0,7500,9020,9020,0,0,0,0,1370910,29047,0,0,1371030,29047,65536,65536,0,0,0,0,
125,126,630,578,11,14,-25,0,1,65,9,24,1,0,0,0,2048,2048,0,0,0,0,0,14726,14726,0,0,735,0,1178,0,0,0,5580,0,65536,2048,0,0,0,0,
125,126,630,578,11,14,-25,0,2,69,9,24,23,0,0,0,62805,62805,0,0,0,0,0,643996,616496,0,27500,0,0,1283729,0,0,0,2971514,0,65536,65535,0,0,0,0,
125,126,630,578,11,14,-25,0,3,79,2,24,1,0,0,0,2048,2048,0,0,0,0,0,3333,3333,0,0,0,0,1599,0,0,0,7597,0,65536,2048,0,0,0,0,
125,126,630,578,11,14,-25,0,4,90,2,1,1,0,0,0,19614,19614,65536,0,0,0,1496,4421,4421,0,0,0,0,71679,598,0,0,340546,598,65536,19614,0,0,0,0,
125,126,630,578,11,14,-25,0,5,98,2,1,1,0,0,0,2048,2048,-11436,0,0,0,156,299,299,0,0,0,0,107,1852,0,0,511,1852,-49827,2048,0,0,0,0,
125,126,630,578,11,14,-25,0,6,102,8,24,21,0,0,0,57344,57344,0,0,0,0,0,378000,334740,0,43260,25410,0,134781,0,0,0,379850,0,65536,57979,0,0,0,0,
125,126,630,578,11,14,-25,0,7,106,20,1,1,0,0,0,65536,65536,0,0,0,0,0,0,0,0,0,0,0,0,0,0,0,0,0,0,65536,0,0,0,0,
125,126,630,578,11,14,-25,0,8,203,20,18,18,36,36,0,65536,65536,65536,0,0,0,0,9000,9000,0,0,4500,0,7200000,0,4100040,4100040,7200000,4100040,61573,65536,3228120,3228120,871920,871920,
125,126,630,578,11,14,-25,0,9,238,12,24,3,0,0,0,8192,8192,65536,0,0,0,150,64800,58620,0,6180,10725,0,27376,12160,0,0,191368,12160,56609,10922,0,0,0,0,
125,126,630,578,11,14,-25,0,10,239,9,24,0,0,0,0,0,0,0,3,0,1,0,0,0,0,0,0,0,0,0,0,0,0,0,-59233,0,0,0,0,0,
125,126,630,578,11,14,-25,0,11,242,20,1,1,2,2,0,65536,65536,2981,0,0,0,0,12500,12500,0,0,2500,0,187500,0,179340,179340,187500,179340,-5953,65536,179340,179340,0,0,
125,126,630,578,11,14,-25,0,12,251,9,24,0,0,0,0,0,0,0,3,1,1,0,0,0,0,0,0,0,0,0,0,0,0,0,9433,0,0,0,0,0,
126,127,635,578,11,14,-25,0,0,30,9,1,1,0,0,0,65536,65536,65536,0,0,0,7500,9020,9020,0,0,0,0,1370910,28570,0,0,1371030,28570,65536,65536,0,0,0,0,
126,127,635,578,11,14,-25,0,1,65,9,24,1,0,0,0,2048,2048,0,0,0,0,0,14726,14726,0,0,735,0,1178,0,0,0,5580,0,65536,2048,0,0,0,0,
126,127,635,578,11,14,-25,0,2,69,9,24,23,0,0,0,62805,62805,0,0,0,0,0,643996,590096,0,53900,0,0,1254793,0,0,0,2990954,0,65536,65535,0,0,0,0,
126,127,635,578,11,14,-25,0,3,79,2,24,1,0,0,0,2048,2048,0,0,0,0,0,3333,3333,0,0,0,0,1599,0,0,0,7597,0,65536,2048,0,0,0,0,
126,127,635,578,11,14,-25,0,4,90,2,1,1,0,0,0,2081,2081,65536,0,0,0,158,469,469,0,0,0,0,31684,63,0,0,31748,63,65536,2081,0,0,0,0,
126,127,635,578,11,14,-25,0,5,98,2,1,1,0,0,0,2048,2048,-12346,0,0,0,156,299,299,0,0,0,0,107,1991,0,0,511,1991,-50920,2048,0,0,0,0,
126,127,635,578,11,14,-25,0,6,102,8,24,19,0,0,0,51882,51882,0,0,0,0,0,341995,302855,0,39140,22989,0,62024,0,0,0,334418,0,65536,52197,0,0,0,0,
126,127,635,578,11,14,-25,0,7,106,20,1,1,0,0,0,65536,65536,0,0,0,0,0,0,0,0,0,0,0,0,0,0,0,0,0,0,65536,0,0,0,0,
126,127,635,578,11,14,-25,0,8,203,20,18,18,36,36,0,65536,65536,65536,0,0,0,0,9000,9000,0,0,4500,0,7200000,0,4100040,4100040,7200000,4100040,61573,65536,3228120,3228120,871920,871920,
126,127,635,578,11,14,-25,0,9,238,12,24,3,0,0,0,8192,8192,65536,0,0,0,150,64800,58620,0,6180,10725,0,25260,10684,0,0,176009,10684,52317,10922,0,0,0,0,
126,127,635,578,11,14,-25,0,10,239,9,24,0,0,0,0,0,0,0,3,0,1,0,0,0,0,0,0,0,0,0,0,0,0,0,-58363,0,0,0,0,0,
126,127,635,578,11,14,-25,0,11,242,20,1,1,2,2,0,65536,65536,2981,0,0,0,0,12500,12500,0,0,2500,0,187500,0,179340,179340,187500,179340,-5953,65536,179340,179340,0,0,
126,127,635,578,11,14,-25,0,12,251,9,24,24,0,0,0,65536,65536,-1304,0,0,0,24000,216960,216960,0,0,13560,126000,1675573,1709592,0,0,2631240,1709592,26168,65536,0,0,0,0,
127,128,640,578,11,14,-25,0,0,30,9,1,1,0,0,0,65536,65536,65536,0,0,0,7500,9020,9020,0,0,0,0,1370910,28450,0,0,1371030,28450,65536,65536,0,0,0,0,
127,128,640,578,11,14,-25,0,1,65,9,24,1,0,0,0,2048,2048,0,0,0,0,0,14726,14726,0,0,735,0,1178,0,0,0,5580,0,65536,2048,0,0,0,0,
127,128,640,578,11,14,-25,0,2,69,9,24,23,0,0,0,62805,62805,0,0,0,0,0,643996,590096,0,53900,0,0,1200991,0,0,0,3002354,0,65536,65535,0,0,0,0,
127,128,640,578,11,14,-25,0,3,79,2,24,1,0,0,0,2048,2048,0,0,0,0,0,3333,3333,0,0,0,0,1599,0,0,0,7597,0,65536,2048,0,0,0,0,
127,128,640,578,11,14,-25,0,4,90,2,1,1,0,0,0,65536,65536,65536,0,0,0,5000,14775,14775,0,0,0,0,1031579,2000,0,0,1031630,2000,65536,65536,0,0,0,0,
127,128,640,578,11,14,-25,0,5,98,2,1,1,0,0,0,2048,2048,-12510,0,0,0,156,299,299,0,0,0,0,107,2016,0,0,511,2016,-51099,2048,0,0,0,0,
127,128,640,578,11,14,-25,0,6,102,8,24,17,0,0,0,46421,46421,0,0,0,0,0,305997,270977,0,35020,20569,0,54303,0,0,0,294118,0,65536,46926,0,0,0,0,
127,128,640,578,11,14,-25,0,7,106,20,1,1,0,0,0,65536,65536,0,0,0,0,0,0,0,0,0,0,0,0,0,0,0,0,0,0,65536,0,0,0,0,
127,128,640,578,11,14,-25,0,8,203,20,18,18,36,36,0,65536,65536,65536,0,0,0,0,9000,9000,0,0,4500,0,7200000,0,4100040,4100040,7200000,4100040,61573,65536,3228120,3228120,871920,871920,
127,128,640,578,11,14,-25,0,9,238,12,24,3,0,0,0,8192,8192,65536,0,0,0,150,64800,58620,0,6180,10725,0,24557,11024,0,0,170889,11024,50469,10922,0,0,0,0,
127,128,640,578,11,14,-25,0,10,239,9,24,0,0,0,0,0,0,0,3,0,1,0,0,0,0,0,0,0,0,0,0,0,0,0,-58584,0,0,0,0,0,
127,128,640,578,11,14,-25,0,11,242,20,1,1,2,2,0,65536,65536,2981,0,0,0,0,12500,12500,0,0,2500,0,187500,0,179340,179340,187500,179340,-5953,65536,179340,179340,0,0,
127,128,640,578,11,14,-25,0,12,251,9,24,24,0,0,0,23128,65536,-43810,0,0,0,8469,76566,76566,0,0,4785,44466,206345,622463,0,0,2663760,622463,24442,65536,0,0,0,0,
128,129,645,578,11,14,-25,0,0,30,9,1,1,0,0,0,65536,65536,65536,0,0,0,7500,9020,9020,0,0,0,0,1370910,28545,0,0,1371030,28545,65536,65536,0,0,0,0,
128,129,645,578,11,14,-25,0,1,65,9,24,1,0,0,0,2048,2048,0,0,0,0,0,14726,14726,0,0,735,0,1178,0,0,0,5580,0,65536,2048,0,0,0,0,
128,129,645,578,11,14,-25,0,2,69,9,24,23,0,0,0,62805,62805,0,0,0,0,0,643996,590096,0,53900,0,0,1189295,0,0,0,3012434,0,65536,65535,0,0,0,0,
128,129,645,578,11,14,-25,0,3,79,2,24,1,0,0,0,2048,2048,0,0,0,0,0,3333,3333,0,0,0,0,1599,0,0,0,7597,0,65536,2048,0,0,0,0,
128,129,645,578,11,14,-25,0,4,90,2,1,1,0,0,0,65536,65536,65536,0,0,0,5000,14775,14775,0,0,0,0,1158360,2000,0,0,1158360,2000,65536,65536,0,0,0,0,
128,129,645,578,11,14,-25,0,5,98,2,1,1,0,0,0,2048,2048,-12471,0,0,0,156,299,299,0,0,0,0,107,2010,0,0,511,2010,-51058,2048,0,0,0,0,
128,129,645,578,11,14,-25,0,6,102,8,24,15,0,0,0,40960,40960,0,0,0,0,0,270000,239100,0,30900,18150,0,47820,0,0,0,259108,0,65536,41425,0,0,0,0,
128,129,645,578,11,14,-25,0,7,106,20,1,1,0,0,0,65536,65536,0,0,0,0,0,0,0,0,0,0,0,0,0,0,0,0,0,0,65536,0,0,0,0,
128,129,645,578,11,14,-25,0,8,203,20,18,18,36,36,0,65536,65536,65536,0,0,0,0,9000,9000,0,0,4500,0,7200000,0,4100040,4100040,7200000,4100040,61573,65536,3228120,3228120,871920,871920,
128,129,645,578,11,14,-25,0,9,238,12,24,3,0,0,0,8192,8192,65536,0,0,0,150,64800,58620,0,6180,10725,0,64099,12379,0,0,171349,12379,49938,10922,0,0,0,0,
128,129,645,578,11,14,-25,0,10,239,9,24,0,0,0,0,0,0,0,3,0,1,0,0,0,0,0,0,0,0,0,0,0,0,0,-59345,0,0,0,0,0,
128,129,645,578,11,14,-25,0,11,242,20,1,1,2,2,0,65536,65536,2981,0,0,0,0,12500,12500,0,0,2500,0,187500,0,179340,179340,187500,179340,-5953,65536,179340,179340,0,0,
128,129,645,578,11,14,-25,0,12,251,9,24,24,0,0,0,39938,65536,-38367,1,0,0,14625,132216,132216,0,0,8263,76785,500346,1206957,0,0,2656200,1206957,14367,65536,0,0,0,0,
129,130,650,578,11,14,-25,0,0,30,9,1,1,0,0,0,65536,65536,65536,0,0,0,7500,9020,9020,0,0,0,0,1370910,28787,0,0,1371030,28787,65536,65536,0,0,0,0,
129,130,650,578,11,14,-25,0,1,65,9,24,1,0,0,0,2048,2048,0,0,0,0,0,14726,14726,0,0,735,0,1178,0,0,0,5580,0,65536,2048,0,0,0,0,
129,130,650,578,11,14,-25,0,2,69,9,24,23,0,0,0,62805,62805,0,0,0,0,0,643996,592296,0,51700,0,0,1166380,0,0,0,3017833,0,65536,65535,0,0,0,0,
129,130,650,578,11,14,-25,0,3,79,2,24,1,0,0,0,2048,2048,0,0,0,0,0,3333,3333,0,0,0,0,1599,0,0,0,7597,0,65536,2048,0,0,0,0,
129,130,650,578,11,14,-25,0,4,90,2,1,1,0,0,0,65536,65536,65536,0,0,0,5000,14775,14775,0,0,0,0,1263180,2000,0,0,1263245,2000,65536,65536,0,0,0,0,
129,130,650,578,11,14,-25,0,5,98,2,1,1,0,0,0,2048,2048,-12170,0,0,0,156,299,299,0,0,0,0,107,1964,0,0,511,1964,-50717,2048,0,0,0,0,
129,130,650,578,11,14,-25,0,6,102,8,24,13,0,0,0,35498,35498,0,0,0,0,0,233995,207215,0,26780,15729,0,41443,0,0,0,232750,0,65536,37211,0,0,0,0,
129,130,650,578,11,14,-25,0,7,106,20,1,1,0,0,0,65536,65536,0,0,0,0,0,0,0,0,0,0,0,0,0,0,0,0,0,0,65536,0,0,0,0,
129,130,650,578,11,14,-25,0,8,203,20,18,18,36,36,0,65536,65536,65536,0,0,0,0,9000,9000,0,0,4500,0,7200000,0,4100040,4100040,7200000,4100040,61573,65536,3228120,3228120,871920,871920,
129,130,650,578,11,14,-25,0,9,238,12,24,3,0,0,0,8192,8192,65536,0,0,0,150,64800,58620,0,6180,10725,0,89862,13500,0,0,176209,13500,50967,10922,0,0,0,0,
129,130,650,578,11,14,-25,0,10,239,9,24,0,0,0,0,0,0,0,3,0,1,0,0,0,0,0,0,0,0,0,0,0,0,0,-59859,0,0,0,0,0,
129,130,650,578,11,14,-25,0,11,242,20,1,1,2,2,0,65536,65536,2981,0,0,0,0,12500,12500,0,0,2500,0,187500,0,179340,179340,187500,179340,-5953,65536,179340,179340,0,0,
129,130,650,578,11,14,-25,0,12,251,9,24,22,0,0,0,39938,60074,-48957,2,0,0,14625,132216,132216,0,0,8263,76785,332972,1316250,0,0,2408208,1316250,6047,60813,0,0,0,0,
130,131,655,578,11,14,-25,0,0,30,9,1,1,0,0,0,65536,65536,65536,0,0,0,7500,9020,9020,0,0,0,0,1370910,29140,0,0,1371030,29140,65536,65536,0,0,0,0,
130,131,655,578,11,14,-25,0,1,65,9,24,1,0,0,0,2048,2048,0,0,0,0,0,14726,14726,0,0,735,0,1178,0,0,0,5580,0,65536,2048,0,0,0,0,
130,131,655,578,11,14,-25,0,2,69,9,24,23,0,0,0,62805,62805,0,0,0,0,0,643996,616496,0,27500,0,0,1156639,0,0,0,3017833,0,65536,65535,0,0,0,0,
130,131,655,578,11,14,-25,0,3,79,2,24,1,0,0,0,2048,2048,0,0,0,0,0,3333,3333,0,0,0,0,1599,0,0,0,7597,0,65536,2048,0,0,0,0,
130,131,655,578,11,14,-25,0,4,90,2,1,1,0,0,0,65536,65536,65536,0,0,0,5000,14775,14775,0,0,0,0,405200,2000,0,0,1263245,2000,65536,65536,0,0,0,0,
130,131,655,578,11,14,-25,0,5,98,2,1,1,0,0,0,2048,2048,-11586,0,0,0,156,299,299,0,0,0,0,107,1875,0,0,511,1875,-50017,2048,0,0,0,0,
130,131,655,578,11,14,-25,0,6,102,8,24,12,0,0,0,32768,32768,0,0,0,0,0,216000,191280,0,24720,14520,0,38256,0,0,0,220847,0,65536,35308,0,0,0,0,
130,131,655,578,11,14,-25,0,7,106,20,1,1,0,0,0,65536,65536,0,0,0,0,0,0,0,0,0,0,0,0,0,0,0,0,0,0,65536,0,0,0,0,
130,131,655,578,11,14,-25,0,8,203,20,18,18,36,36,0,65536,65536,65536,0,0,0,0,9000,9000,0,0,4500,0,7200000,0,4100040,4100040,7200000,4100040,61573,65536,3228120,3228120,871920,871920,
130,131,655,578,11,14,-25,0,9,238,12,24,3,0,0,0,8192,8192,65536,0,0,0,150,64800,58620,0,6180,10725,0,95424,13500,0,0,184708,13500,53752,10922,0,0,0,0,
130,131,655,578,11,14,-25,0,10,239,9,24,0,0,0,0,0,0,0,3,0,1,0,0,0,0,0,0,0,0,0,0,0,0,0,-59859,0,0,0,0,0,
130,131,655,578,11,14,-25,0,11,242,20,1,1,2,2,0,65536,65536,2981,0,0,0,0,12500,12500,0,0,2500,0,187500,0,179340,179340,187500,179340,-5953,65536,179340,179340,0,0,
130,131,655,578,11,14,-25,0,12,251,9,24,0,0,0,0,0,0,0,3,0,1,0,0,0,0,0,0,0,0,0,0,0,0,0,2810,0,0,0,0,0,
131,132,660,578,11,14,-25,0,0,30,9,1,1,0,0,0,65536,65536,65536,0,0,0,7500,9020,9020,0,0,0,0,1370910,29702,0,0,1371030,29702,65536,65536,0,0,0,0,
131,132,660,578,11,14,-25,0,1,65,9,24,1,0,0,0,2048,2048,0,0,0,0,0,14726,14726,0,0,735,0,1178,0,0,0,5580,0,65536,2048,0,0,0,0,
131,132,660,578,11,14,-25,0,2,69,9,24,23,0,0,0,62805,62805,0,0,0,0,0,643996,616496,0,27500,0,0,1094478,0,0,0,3006434,0,65536,65535,0,0,0,0,
131,132,660,578,11,14,-25,0,3,79,2,24,1,0,0,0,2048,2048,0,0,0,0,0,3333,3333,0,0,0,0,1599,0,0,0,7597,0,65536,2048,0,0,0,0,
131,132,660,578,11,14,-25,0,4,90,2,1,1,0,0,0,19098,19098,65536,0,0,0,1457,4305,4305,0,0,0,0,69911,582,0,0,332121,582,65536,19098,0,0,0,0,
131,132,660,578,11,14,-25,0,5,98,2,1,1,0,0,0,2048,2048,-11534,0,0,0,156,299,299,0,0,0,0,107,1867,0,0,511,1867,-49950,2048,0,0,0,0,
131,132,660,578,11,14,-25,0,6,102,8,24,18,0,0,0,49152,49152,0,0,0,0,0,324000,286920,0,37080,21780,0,65221,0,0,0,316399,0,65536,50422,0,0,0,0,
131,132,660,578,11,14,-25,0,7,106,20,1,1,0,0,0,65536,65536,0,0,0,0,0,0,0,0,0,0,0,0,0,0,0,0,0,0,65536,0,0,0,0,
131,132,660,578,11,14,-25,0,8,203,20,18,18,36,36,0,65536,65536,65536,0,0,0,0,9000,9000,0,0,4500,0,7200000,0,4100040,4100040,7200000,4100040,61573,65536,3228120,3228120,871920,871920,
131,132,660,578,11,14,-25,0,9,238,12,24,24,0,0,0,65536,65536,65536,0,0,0,1200,518400,468960,0,49440,85800,0,396624,97437,0,0,1203600,97437,59624,65536,0,0,0,0,
131,132,660,578,11,14,-25,0,10,239,9,24,0,0,0,0,0,0,0,3,0,1,0,0,0,0,0,0,0,0,0,0,0,0,0,-59243,0,0,0,0,0,
131,132,660,578,11,14,-25,0,11,242,20,1,1,2,2,0,65536,65536,2981,0,0,0,0,12500,12500,0,0,2500,0,187500,0,179340,179340,187500,179340,-5953,65536,179340,179340,0,0,
131,132,660,578,11,14,-25,0,12,251,9,24,0,0,0,0,0,0,0,3,1,1,0,0,0,0,0,0,0,0,0,0,0,0,0,9906,0,0,0,0,0,
132,133,665,578,11,14,-25,0,0,30,9,1,1,0,0,0,65536,65536,65536,0,0,0,7500,9020,9020,0,0,0,0,1370910,29170,0,0,1371030,29170,65536,65536,0,0,0,0,
132,133,665,578,11,14,-25,0,1,65,9,24,1,0,0,0,2048,2048,0,0,0,0,0,14726,14726,0,0,735,0,1178,0,0,0,5580,0,65536,2048,0,0,0,0,
132,133,665,578,11,14,-25,0,2,69,9,24,23,0,0,0,62805,62805,0,0,0,0,0,643996,590096,0,53900,0,0,1151550,0,0,0,3007154,0,65536,65535,0,0,0,0,
132,133,665,578,11,14,-25,0,3,79,2,24,1,0,0,0,2048,2048,0,0,0,0,0,3333,3333,0,0,0,0,1599,0,0,0,7597,0,65536,2048,0,0,0,0,
132,133,665,578,11,14,-25,0,4,90,2,1,1,0,0,0,2117,2117,65536,0,0,0,161,477,477,0,0,0,0,32266,64,0,0,32338,64,65536,2117,0,0,0,0,
132,133,665,578,11,14,-25,0,5,98,2,1,1,0,0,0,2048,2048,-12478,0,0,0,156,299,299,0,0,0,0,107,2011,0,0,511,2011,-51066,2048,0,0,0,0,
132,133,665,578,11,14,-25,0,6,102,8,24,21,0,0,0,57344,57344,0,0,0,0,0,378000,334740,0,43260,25410,0,86095,0,0,0,366473,0,65536,57979,0,0,0,0,
132,133,665,578,11,14,-25,0,7,106,20,1,1,0,0,0,65536,65536,0,0,0,0,0,0,0,0,0,0,0,0,0,0,0,0,0,0,65536,0,0,0,0,
132,133,665,578,11,14,-25,0,8,203,20,18,18,36,36,0,65536,65536,65536,0,0,0,0,9000,9000,0,0,4500,0,7200000,0,4100040,4100040,7200000,4100040,61573,65536,3228120,3228120,871920,871920,
132,133,665,578,11,14,-25,0,9,238,12,24,3,0,0,0,8192,8192,65536,0,0,0,150,64800,58620,0,6180,10725,0,26849,10698,0,0,187528,10698,56085,10922,0,0,0,0,
132,133,665,578,11,14,-25,0,10,239,9,24,0,0,0,0,0,0,0,3,0,1,0,0,0,0,0,0,0,0,0,0,0,0,0,-58372,0,0,0,0,0,
132,133,665,578,11,14,-25,0,11,242,20,1,1,2,2,0,65536,65536,2981,0,0,0,0,12500,12500,0,0,2500,0,187500,0,179340,179340,187500,179340,-5953,65536,179340,179340,0,0,
132,133,665,578,11,14,-25,0,12,251,9,24,24,0,0,0,65536,65536,3683,0,0,0,24000,216960,216960,0,0,13560,126000,1807997,1711776,0,0,2657760,1711776,26974,65536,0,0,0,0,
133,134,670,578,11,14,-25,0,0,30,9,1,1,0,0,0,65536,65536,65536,0,0,0,7500,9020,9020,0,0,0,0,1370910,28565,0,0,1371030,28565,65536,65536,0,0,0,0,
133,134,670,578,11,14,-25,0,1,65,9,24,1,0,0,0,2048,2048,0,0,0,0,0,14726,14726,0,0,735,0,1178,0,0,0,5580,0,65536,2048,0,0,0,0,
133,134,670,578,11,14,-25,0,2,69,9,24,23,0,0,0,62805,62805,0,0,0,0,0,643996,590096,0,53900,0,0,1067590,0,0,0,2995034,0,65536,65535,0,0,0,0,
133,134,670,578,11,14,-25,0,3,79,2,24,1,0,0,0,2048,2048,0,0,0,0,0,3333,3333,0,0,0,0,1599,0,0,0,7597,0,65536,2048,0,0,0,0,
133,134,670,578,11,14,-25,0,4,90,2,1,1,0,0,0,65536,65536,65536,0,0,0,5000,14775,14775,0,0,0,0,1034250,2000,0,0,1034250,2000,65536,65536,0,0,0,0,
133,134,670,578,11,14,-25,0,5,98,2,1,1,0,0,0,2048,2048,-12641,0,0,0,156,299,299,0,0,0,0,107,2036,0,0,511,2036,-51243,2048,0,0,0,0,
133,134,670,578,11,14,-25,0,6,102,8,24,19,0,0,0,51882,51882,0,0,0,0,0,341995,302855,0,39140,22989,0,60571,0,0,0,339690,0,65536,54308,0,0,0,0,
133,134,670,578,11,14,-25,0,7,106,20,1,1,0,0,0,65536,65536,0,0,0,0,0,0,0,0,0,0,0,0,0,0,0,0,0,0,65536,0,0,0,0,
133,134,670,578,11,14,-25,0,8,203,20,18,18,36,36,0,65536,65536,65536,0,0,0,0,9000,9000,0,0,4500,0,7200000,0,4100040,4100040,7200000,4100040,61573,65536,3228120,3228120,871920,871920,
133,134,670,578,11,14,-25,0,9,238,12,24,3,0,0,0,8192,8192,65536,0,0,0,150,64800,58620,0,6180,10725,0,25143,11052,0,0,175109,11052,51838,10922,0,0,0,0,
133,134,670,578,11,14,-25,0,10,239,9,24,0,0,0,0,0,0,0,3,0,1,0,0,0,0,0,0,0,0,0,0,0,0,0,-58602,0,0,0,0,0,
133,134,670,578,11,14,-25,0,11,242,20,1,1,2,2,0,65536,65536,2981,0,0,0,0,12500,12500,0,0,2500,0,187500,0,179340,179340,187500,179340,-5953,65536,179340,179340,0,0,
133,134,670,578,11,14,-25,0,12,251,9,24,24,0,0,0,22885,65536,-43601,0,0,0,8380,75761,75761,0,0,4735,43998,206666,617480,0,0,2690520,617480,25110,65536,0,0,0,0,
134,135,675,578,11,14,-25,0,0,30,9,1,1,0,0,0,65536,65536,65536,0,0,0,7500,9020,9020,0,0,0,0,1370910,28252,0,0,1371030,28252,65536,65536,0,0,0,0,
134,135,675,578,11,14,-25,0,1,65,9,24,1,0,0,0,2048,2048,0,0,0,0,0,14726,14726,0,0,735,0,1178,0,0,0,5580,0,65536,2048,0,0,0,0,
134,135,675,578,11,14,-25,0,2,69,9,24,23,0,0,0,62805,62805,0,0,0,0,0,643996,590096,0,53900,0,0,1047127,0,0,0,2980874,0,65536,65535,0,0,0,0,
134,135,675,578,11,14,-25,0,3,79,2,24,1,0,0,0,2048,2048,0,0,0,0,0,3333,3333,0,0,0,0,1599,0,0,0,7597,0,65536,2048,0,0,0,0,
134,135,675,578,11,14,-25,0,4,90,2,1,1,0,0,0,65536,65536,65536,0,0,0,5000,14775,14775,0,0,0,0,1162951,2000,0,0,1163010,2000,65536,65536,0,0,0,0,
134,135,675,578,11,14,-25,0,5,98,2,1,1,0,0,0,2048,2048,-12602,0,0,0,156,299,299,0,0,0,0,107,2030,0,0,511,2030,-51199,2048,0,0,0,0,
134,135,675,578,11,14,-25,0,6,102,8,24,17,0,0,0,46421,46421,0,0,0,0,0,305997,270977,0,35020,20569,0,54195,0,0,0,299996,0,65536,47962,0,0,0,0,
134,135,675,578,11,14,-25,0,7,106,20,1,1,0,0,0,65536,65536,0,0,0,0,0,0,0,0,0,0,0,0,0,0,0,0,0,0,65536,0,0,0,0,
134,135,675,578,11,14,-25,0,8,203,20,18,18,36,36,0,65536,65536,65536,0,0,0,0,9000,9000,0,0,4500,0,7200000,0,4100040,4100040,7200000,4100040,61573,65536,3228120,3228120,871920,871920,
134,135,675,578,11,14,-25,0,9,238,12,24,3,0,0,0,8192,8192,63474,0,0,0,150,64800,58620,0,6180,10725,0,24465,12428,0,0,170189,12428,49532,10922,0,0,0,0,
134,135,675,578,11,14,-25,0,10,239,9,24,0,0,0,0,0,0,0,3,0,1,0,0,0,0,0,0,0,0,0,0,0,0,0,-59369,0,0,0,0,0,
134,135,675,578,11,14,-25,0,11,242,20,1,1,2,2,0,65536,65536,2981,0,0,0,0,12500,12500,0,0,2500,0,187500,0,179340,179340,187500,179340,-5953,65536,179340,179340,0,0,
134,135,675,578,11,14,-25,0,12,251,9,24,24,0,0,0,39938,65536,-38232,1,0,0,14625,132216,132216,0,0,8263,76785,504872,1211812,0,0,2682240,1211812,14827,65536,0,0,0,0,
135,136,680,578,11,14,-25,0,0,30,9,1,1,0,0,0,65536,65536,65536,0,0,0,7500,9020,9020,0,0,0,0,1370910,28152,0,0,1371030,28152,65536,65536,0,0,0,0,
135,136,680,578,11,14,-25,0,1,65,9,24,1,0,0,0,2048,2048,0,0,0,0,0,14726,14726,0,0,735,0,1178,0,0,0,5580,0,65536,2048,0,0,0,0,
135,136,680,578,11,14,-25,0,2,69,9,24,23,0,0,0,62805,62805,0,0,0,0,0,643996,592296,0,51700,0,0,1021474,0,0,0,2963474,0,65536,65535,0,0,0,0,
135,136,680,578,11,14,-25,0,3,79,2,24,1,0,0,0,2048,2048,0,0,0,0,0,3333,3333,0,0,0,0,1599,0,0,0,7597,0,65536,2048,0,0,0,0,
135,136,680,578,11,14,-25,0,4,90,2,1,1,0,0,0,65536,65536,65536,0,0,0,5000,14775,14775,0,0,0,0,1263180,2000,0,0,1263245,2000,65536,65536,0,0,0,0,
135,136,680,578,11,14,-25,0,5,98,2,1,1,0,0,0,2048,2048,-12281,0,0,0,156,299,299,0,0,0,0,107,1981,0,0,511,1981,-50846,2048,0,0,0,0,
135,136,680,578,11,14,-25,0,6,102,8,24,15,0,0,0,40960,40960,0,0,0,0,0,270000,239100,0,30900,18150,0,47820,0,0,0,259139,0,65536,41430,0,0,0,0,
135,136,680,578,11,14,-25,0,7,106,20,1,1,0,0,0,65536,65536,0,0,0,0,0,0,0,0,0,0,0,0,0,0,0,0,0,0,65536,0,0,0,0,
135,136,680,578,11,14,-25,0,8,203,20,18,18,36,36,0,65536,65536,65536,0,0,0,0,9000,9000,0,0,4500,0,7200000,0,4100040,4100040,7200000,4100040,61573,65536,3228120,3228120,871920,871920,
135,136,680,578,11,14,-25,0,9,238,12,24,3,0,0,0,8192,8192,65536,0,0,0,150,64800,58620,0,6180,10725,0,72396,13500,0,0,171089,13500,49289,10922,0,0,0,0,
135,136,680,578,11,14,-25,0,10,239,9,24,0,0,0,0,0,0,0,3,0,1,0,0,0,0,0,0,0,0,0,0,0,0,0,-59859,0,0,0,0,0,
135,136,680,578,11,14,-25,0,11,242,20,1,1,2,2,0,65536,65536,2981,0,0,0,0,12500,12500,0,0,2500,0,187500,0,179340,179340,187500,179340,-5953,65536,179340,179340,0,0,
135,136,680,578,11,14,-25,0,12,251,9,24,22,0,0,0,39938,60074,-48812,2,0,0,14625,132216,132216,0,0,8263,76785,335881,1316250,0,0,2419915,1316250,6669,60582,0,0,0,0,
136,137,685,578,11,14,-25,0,0,30,9,1,1,0,0,0,65536,65536,65536,0,0,0,7500,9020,9020,0,0,0,0,1370910,28187,0,0,1371030,28187,65536,65536,0,0,0,0,
136,137,685,578,11,14,-25,0,1,65,9,24,1,0,0,0,2048,2048,0,0,0,0,0,14726,14726,0,0,735,0,1178,0,0,0,5580,0,65536,2048,0,0,0,0,
136,137,685,578,11,14,-25,0,2,69,9,24,23,0,0,0,62805,62805,0,0,0,0,0,643996,616496,0,27500,0,0,1014522,0,0,0,2941875,0,65536,65535,0,0,0,0,
136,137,685,578,11,14,-25,0,3,79,2,24,1,0,0,0,2048,2048,0,0,0,0,0,3333,3333,0,0,0,0,1599,0,0,0,7597,0,65536,2048,0,0,0,0,
136,137,685,578,11,14,-25,0,4,90,2,1,1,0,0,0,65536,65536,65536,0,0,0,5000,14775,14775,0,0,0,0,405875,2000,0,0,1263245,2000,65536,65536,0,0,0,0,
136,137,685,578,11,14,-25,0,5,98,2,1,1,0,0,0,2048,2048,-11671,0,0,0,156,299,299,0,0,0,0,107,1888,0,0,511,1888,-50122,2048,0,0,0,0,
136,137,685,578,11,14,-25,0,6,102,8,24,13,0,0,0,35498,35498,0,0,0,0,0,233995,207215,0,26780,15729,0,41443,0,0,0,225344,0,65536,36027,0,0,0,0,
136,137,685,578,11,14,-25,0,7,106,20,1,1,0,0,0,65536,65536,0,0,0,0,0,0,0,0,0,0,0,0,0,0,0,0,0,0,65536,0,0,0,0,
136,137,685,578,11,14,-25,0,8,203,20,18,18,36,36,0,65536,65536,65536,0,0,0,0,9000,9000,0,0,4500,0,7200000,0,4100040,4100040,7200000,4100040,61573,65536,3228120,3228120,871920,871920,
136,137,685,578,11,14,-25,0,9,238,12,24,3,0,0,0,8192,8192,65536,0,0,0,150,64800,58620,0,6180,10725,0,89779,13500,0,0,176069,13500,50921,10922,0,0,0,0,
136,137,685,578,11,14,-25,0,10,239,9,24,0,0,0,0,0,0,0,3,0,1,0,0,0,0,0,0,0,0,0,0,0,0,0,-59859,0,0,0,0,0,
136,137,685,578,11,14,-25,0,11,242,20,1,1,2,2,0,65536,65536,2981,0,0,0,0,12500,12500,0,0,2500,0,187500,0,179340,179340,187500,179340,-5953,65536,179340,179340,0,0,
136,137,685,578,11,14,-25,0,12,251,9,24,0,0,0,0,0,0,0,3,0,1,0,0,0,0,0,0,0,0,0,0,0,0,0,3283,0,0,0,0,0,
137,138,690,578,11,14,-25,0,0,30,9,1,1,0,0,0,65536,65536,65536,0,0,0,7500,9020,9020,0,0,0,0,1370910,28225,0,0,1371030,28225,65536,65536,0,0,0,0,
137,138,690,578,11,14,-25,0,1,65,9,24,1,0,0,0,2048,2048,0,0,0,0,0,14726,14726,0,0,735,0,1178,0,0,0,5580,0,65536,2048,0,0,0,0,
137,138,690,578,11,14,-25,0,2,69,9,24,23,0,0,0,62805,62805,0,0,0,0,0,643996,616496,0,27500,0,0,949010,0,0,0,2910315,0,65536,65535,0,0,0,0,
137,138,690,578,11,14,-25,0,3,79,2,24,1,0,0,0,2048,2048,0,0,0,0,0,3333,3333,0,0,0,0,1599,0,0,0,7597,0,65536,2048,0,0,0,0,
137,138,690,578,11,14,-25,0,4,90,2,1,1,0,0,0,19098,19098,65536,0,0,0,1457,4305,4305,0,0,0,0,69911,582,0,0,332121,582,65536,19098,0,0,0,0,
137,138,690,578,11,14,-25,0,5,98,2,1,1,0,0,0,2048,2048,-11586,0,0,0,156,299,299,0,0,0,0,107,1875,0,0,511,1875,-50019,2048,0,0,0,0,
137,138,690,578,11,14,-25,0,6,102,8,24,11,0,0,0,30037,30037,0,0,0,0,0,197997,175337,0,22660,13309,0,35067,0,0,0,188659,0,65536,30162,0,0,0,0,
137,138,690,578,11,14,-25,0,7,106,20,1,1,0,0,0,65536,65536,0,0,0,0,0,0,0,0,0,0,0,0,0,0,0,0,0,0,65536,0,0,0,0,
137,138,690,578,11,14,-25,0,8,203,20,18,18,36,36,0,65536,65536,65536,0,0,0,0,9000,9000,0,0,4500,0,7200000,0,4100040,4100040,7200000,4100040,61573,65536,3228120,3228120,871920,871920,
137,138,690,578,11,14,-25,0,9,238,12,24,3,0,0,0,8192,8192,65536,0,0,0,150,64800,58620,0,6180,10725,0,94337,12179,0,0,183048,12179,53877,10922,0,0,0,0,
137,138,690,578,11,14,-25,0,10,239,9,24,0,0,0,0,0,0,0,3,0,1,0,0,0,0,0,0,0,0,0,0,0,0,0,-59243,0,0,0,0,0,
137,138,690,578,11,14,-25,0,11,242,20,1,1,2,2,0,65536,65536,2981,0,0,0,0,12500,12500,0,0,2500,0,187500,0,179340,179340,187500,179340,-5953,65536,179340,179340,0,0,
137,138,690,578,11,14,-25,0,12,251,9,24,0,0,0,0,0,0,0,3,1,1,0,0,0,0,0,0,0,0,0,0,0,0,0,10236,0,0,0,0,0,
138,139,695,578,11,14,-25,0,0,30,9,1,1,0,0,0,65536,65536,65536,0,0,0,7500,9020,9020,0,0,0,0,1370910,28385,0,0,1371030,28385,65536,65536,0,0,0,0,
138,139,695,578,11,14,-25,0,1,65,9,24,1,0,0,0,2048,2048,0,0,0,0,0,14726,14726,0,0,735,0,1178,0,0,0,5580,0,65536,2048,0,0,0,0,
138,139,695,578,11,14,-25,0,2,69,9,24,23,0,0,0,62805,62805,0,0,0,0,0,643996,590096,0,53900,0,0,837045,0,0,0,2863276,0,65536,65535,0,0,0,0,
138,139,695,578,11,14,-25,0,3,79,2,24,1,0,0,0,2048,2048,0,0,0,0,0,3333,3333,0,0,0,0,1599,0,0,0,7597,0,65536,2048,0,0,0,0,
138,139,695,578,11,14,-25,0,4,90,2,1,1,0,0,0,2048,2048,65536,0,0,0,156,461,461,0,0,0,0,31179,62,0,0,31281,62,65536,2048,0,0,0,0,
138,139,695,578,11,14,-25,0,5,98,2,1,1,0,0,0,2048,2048,-12353,0,0,0,156,299,299,0,0,0,0,107,1992,0,0,511,1992,-50925,2048,0,0,0,0,
138,139,695,578,11,14,-25,0,6,102,8,24,10,0,0,0,27306,27306,0,0,0,0,0,179995,159395,0,20600,12099,0,31879,0,0,0,174504,0,65536,27899,0,0,0,0,
138,139,695,578,11,14,-25,0,7,106,20,1,1,0,0,0,65536,65536,0,0,0,0,0,0,0,0,0,0,0,0,0,0,0,0,0,0,65536,0,0,0,0,
138,139,695,578,11,14,-25,0,8,203,20,18,18,36,36,0,65536,65536,65536,0,0,0,0,9000,9000,0,0,4500,0,7200000,0,4100040,4100040,7200000,4100040,61573,65536,3228120,3228120,871920,871920,
138,139,695,578,11,14,-25,0,9,238,12,24,24,0,0,0,65536,65536,65536,0,0,0,1200,518400,468960,0,49440,85800,0,395752,85581,0,0,1174800,85581,58792,65536,0,0,0,0,
138,139,695,578,11,14,-25,0,10,239,9,24,0,0,0,0,0,0,0,3,0,1,0,0,0,0,0,0,0,0,0,0,0,0,0,-58372,0,0,0,0,0,
138,139,695,578,11,14,-25,0,11,242,20,1,1,2,2,0,65536,65536,2981,0,0,0,0,12500,12500,0,0,2500,0,187500,0,179340,179340,187500,179340,-5953,65536,179340,179340,0,0,
138,139,695,578,11,14,-25,0,12,251,9,24,24,0,0,0,65536,65536,-11722,0,0,0,24000,216960,216960,0,0,13560,126000,1405462,1711632,0,0,2632080,1711632,26086,65536,0,0,0,0,
139,140,700,578,11,14,-25,0,0,30,9,1,1,0,0,0,65536,65536,65536,0,0,0,7500,9020,9020,0,0,0,0,1370910,27462,0,0,1371030,27462,65536,65536,0,0,0,0,
139,140,700,578,11,14,-25,0,1,65,9,24,1,0,0,0,2048,2048,0,0,0,0,0,14726,14726,0,0,735,0,1178,0,0,0,5580,0,65536,2048,0,0,0,0,
139,140,700,578,11,14,-25,0,2,69,9,24,23,0,0,0,62805,62805,0,0,0,0,0,643996,592296,0,51700,0,0,781752,0,0,0,2810237,0,65536,65535,0,0,0,0,
139,140,700,578,11,14,-25,0,3,79,2,24,1,0,0,0,2048,2048,0,0,0,0,0,3333,3333,0,0,0,0,1599,0,0,0,7597,0,65536,2048,0,0,0,0,
139,140,700,578,11,14,-25,0,4,90,2,1,1,0,0,0,65536,65536,65536,0,0,0,5000,14775,14775,0,0,0,0,1032583,2000,0,0,1032635,2000,65536,65536,0,0,0,0,
139,140,700,578,11,14,-25,0,5,98,2,1,1,0,0,0,2048,2048,-12386,0,0,0,156,299,299,0,0,0,0,107,1997,0,0,511,1997,-50965,2048,0,0,0,0,
139,140,700,578,11,14,-25,0,6,102,8,24,17,0,0,0,46421,46421,0,0,0,0,0,305997,270977,0,35020,20569,0,185329,0,0,0,302645,0,65536,46717,0,0,0,0,
139,140,700,578,11,14,-25,0,7,106,20,1,1,0,0,0,65536,65536,0,0,0,0,0,0,0,0,0,0,0,0,0,0,0,0,0,0,65536,0,0,0,0,
139,140,700,578,11,14,-25,0,8,203,20,18,18,36,36,0,65536,65536,65536,0,0,0,0,9000,9000,0,0,4500,0,7200000,0,4100040,4100040,7200000,4100040,61573,65536,3228120,3228120,871920,871920,
139,140,700,578,11,14,-25,0,9,238,12,24,3,0,0,0,8192,8192,65536,0,0,0,150,64800,58620,0,6180,10725,0,26289,11035,0,0,183508,11035,54598,10922,0,0,0,0,
139,140,700,578,11,14,-25,0,10,239,9,24,0,0,0,0,0,0,0,3,0,1,0,0,0,0,0,0,0,0,0,0,0,0,0,-58591,0,0,0,0,0,
139,140,700,578,11,14,-25,0,11,242,20,1,1,2,2,0,65536,65536,2981,0,0,0,0,12500,12500,0,0,2500,0,187500,0,179340,179340,187500,179340,-5953,65536,179340,179340,0,0,
139,140,700,578,11,14,-25,0,12,251,9,24,22,0,0,0,22951,60074,-44909,0,0,0,8404,75980,75980,0,0,4748,44125,194599,618282,0,0,2499575,618282,23521,62067,0,0,0,0,
140,141,705,578,11,14,-25,0,0,30,9,1,1,0,0,0,65536,65536,65536,0,0,0,7500,9020,9020,0,0,0,0,1370910,26715,0,0,1371030,26715,65536,65536,0,0,0,0,
140,141,705,578,11,14,-25,0,1,65,9,24,1,0,0,0,2048,2048,0,0,0,0,0,14726,14726,0,0,735,0,1178,0,0,0,5580,0,65536,2048,0,0,0,0,
140,141,705,578,11,14,-25,0,2,69,9,24,23,0,0,0,62805,62805,0,0,0,0,0,643996,592296,0,51700,0,0,837073,0,0,0,2771237,0,65536,65535,0,0,0,0,
140,141,705,578,11,14,-25,0,3,79,2,24,1,0,0,0,2048,2048,0,0,0,0,0,3333,3333,0,0,0,0,1599,0,0,0,7597,0,65536,2048,0,0,0,0,
140,141,705,578,11,14,-25,0,4,90,2,1,1,0,0,0,65536,65536,65536,0,0,0,5000,14775,14775,0,0,0,0,1164458,2000,0,0,1164520,2000,65536,65536,0,0,0,0,
140,141,705,578,11,14,-25,0,5,98,2,1,1,0,0,0,2048,2048,-12189,0,0,0,156,299,299,0,0,0,0,107,1967,0,0,511,1967,-50742,2048,0,0,0,0,
140,141,705,578,11,14,-25,0,6,102,8,24,20,0,0,0,54613,54613,0,0,0,0,0,359997,318797,0,41200,24199,0,136516,0,0,0,371409,0,65536,56126,0,0,0,0,
140,141,705,578,11,14,-25,0,7,106,20,1,1,0,0,0,65536,65536,0,0,0,0,0,0,0,0,0,0,0,0,0,0,0,0,0,0,65536,0,0,0,0,
140,141,705,578,11,14,-25,0,8,203,20,18,18,36,36,0,65536,65536,65536,0,0,0,0,9000,9000,0,0,4500,0,7200000,0,4100040,4100040,7200000,4100040,61573,65536,3228120,3228120,871920,871920,
140,141,705,578,11,14,-25,0,9,238,12,24,3,0,0,0,8192,8192,65114,0,0,0,150,64800,58620,0,6180,10725,0,24808,12444,0,0,172689,12444,50344,10922,0,0,0,0,
140,141,705,578,11,14,-25,0,10,239,9,24,0,0,0,0,0,0,0,3,0,1,0,0,0,0,0,0,0,0,0,0,0,0,0,-59378,0,0,0,0,0,
140,141,705,578,11,14,-25,0,11,242,20,1,1,2,2,0,65536,65536,2981,0,0,0,0,12500,12500,0,0,2500,0,187500,0,179340,179340,187500,179340,-5953,65536,179340,179340,0,0,
140,141,705,578,11,14,-25,0,12,251,9,24,22,0,0,0,39938,60074,-47521,1,0,0,14625,132216,132216,0,0,8263,76785,333528,1213377,0,0,2420229,1213377,12247,61015,0,0,0,0,
141,142,710,578,11,14,-25,0,0,30,9,1,1,0,0,0,65536,65536,65536,0,0,0,7500,9020,9020,0,0,0,0,1370910,26372,0,0,1371030,26372,65536,65536,0,0,0,0,
141,142,710,578,11,14,-25,0,1,65,9,24,1,0,0,0,2048,2048,0,0,0,0,0,14726,14726,0,0,735,0,1178,0,0,0,5580,0,65536,2048,0,0,0,0,
141,142,710,578,11,14,-25,0,2,69,9,24,23,0,0,0,62805,62805,0,0,0,0,0,643996,595596,0,48400,0,0,878213,0,0,0,2743038,0,65536,65535,0,0,0,0,
141,142,710,578,11,14,-25,0,3,79,2,24,1,0,0,0,2048,2048,0,0,0,0,0,3333,3333,0,0,0,0,1599,0,0,0,7597,0,65536,2048,0,0,0,0,
141,142,710,578,11,14,-25,0,4,90,2,1,1,0,0,0,65536,65536,65536,0,0,0,5000,14775,14775,0,0,0,0,1263180,2000,0,0,1263245,2000,65536,65536,0,0,0,0,
141,142,710,578,11,14,-25,0,5,98,2,1,1,0,0,0,2048,2048,-11770,0,0,0,156,299,299,0,0,0,0,107,1903,0,0,511,1903,-50247,2048,0,0,0,0,
141,142,710,578,11,14,-25,0,6,102,8,24,20,0,0,0,54613,54613,0,0,0,0,0,359997,318797,0,41200,24199,0,67266,0,0,0,369805,0,65536,55992,0,0,0,0,
141,142,710,578,11,14,-25,0,7,106,20,1,1,0,0,0,65536,65536,0,0,0,0,0,0,0,0,0,0,0,0,0,0,0,0,0,0,65536,0,0,0,0,
141,142,710,578,11,14,-25,0,8,203,20,18,18,36,36,0,65536,65536,65536,0,0,0,0,9000,9000,0,0,4500,0,7200000,0,4100040,4100040,7200000,4100040,61573,65536,3228120,3228120,871920,871920,
141,142,710,578,11,14,-25,0,9,238,12,24,3,0,0,0,8192,8192,52987,0,0,0,150,64800,58620,0,6180,10725,0,24415,13500,0,0,169869,13500,48889,10922,0,0,0,0,
141,142,710,578,11,14,-25,0,10,239,9,24,0,0,0,0,0,0,0,3,0,1,0,0,0,0,0,0,0,0,0,0,0,0,0,-59859,0,0,0,0,0,
141,142,710,578,11,14,-25,0,11,242,20,1,1,2,2,0,65536,65536,2981,0,0,0,0,12500,12500,0,0,2500,0,187500,0,179340,179340,187500,179340,-5953,65536,179340,179340,0,0,
141,142,710,578,11,14,-25,0,12,251,9,24,19,0,0,0,39938,51882,-49468,2,0,0,14625,132216,132216,0,0,8263,76785,322712,1316250,0,0,2071578,1316250,3839,53977,0,0,0,0,
142,143,715,578,11,14,-25,0,0,30,9,1,1,0,0,0,65536,65536,65536,0,0,0,7500,9020,9020,0,0,0,0,1370910,26337,0,0,1371030,26337,65536,65536,0,0,0,0,
142,143,715,578,11,14,-25,0,1,65,9,24,1,0,0,0,2048,2048,0,0,0,0,0,14726,14726,0,0,735,0,1178,0,0,0,5580,0,65536,2048,0,0,0,0,
142,143,715,578,11,14,-25,0,2,69,9,24,23,0,0,0,62805,62805,0,0,0,0,0,643996,616496,0,27500,0,0,940537,0,0,0,2724918,0,65536,65535,0,0,0,0,
142,143,715,578,11,14,-25,0,3,79,2,24,1,0,0,0,2048,2048,0,0,0,0,0,3333,3333,0,0,0,0,1599,0,0,0,7597,0,65536,2048,0,0,0,0,
142,143,715,578,11,14,-25,0,4,90,2,1,1,0,0,0,65536,65536,65536,0,0,0,5000,14775,14775,0,0,0,0,265950,2000,0,0,1263245,2000,65536,65536,0,0,0,0,
142,143,715,578,11,14,-25,0,5,98,2,1,1,0,0,0,2048,2048,-11121,0,0,0,156,299,299,0,0,0,0,107,1804,0,0,511,1804,-49402,2048,0,0,0,0,
142,143,715,578,11,14,-25,0,6,102,8,24,18,0,0,0,49152,49152,0,0,0,0,0,324000,286920,0,37080,21780,0,59048,0,0,0,321565,0,65536,49934,0,0,0,0,
142,143,715,578,11,14,-25,0,7,106,20,1,1,0,0,0,65536,65536,0,0,0,0,0,0,0,0,0,0,0,0,0,0,0,0,0,0,65536,0,0,0,0,
142,143,715,578,11,14,-25,0,8,203,20,18,18,36,36,0,65536,65536,65536,0,0,0,0,9000,9000,0,0,4500,0,7200000,0,4100040,4100040,7200000,4100040,61573,65536,3228120,3228120,871920,871920,
142,143,715,578,11,14,-25,0,9,238,12,24,3,0,0,0,8192,8192,65536,0,0,0,150,64800,58620,0,6180,10725,0,87395,13500,0,0,172429,13500,49728,10922,0,0,0,0,
142,143,715,578,11,14,-25,0,10,239,9,24,0,0,0,0,0,0,0,3,0,1,0,0,0,0,0,0,0,0,0,0,0,0,0,-59859,0,0,0,0,0,
142,143,715,578,11,14,-25,0,11,242,20,1,1,2,2,0,65536,65536,2981,0,0,0,0,12500,12500,0,0,2500,0,187500,0,179340,179340,187500,179340,-5953,65536,179340,179340,0,0,
142,143,715,578,11,14,-25,0,12,251,9,24,0,0,0,0,0,0,0,3,0,1,0,0,0,0,0,0,0,0,0,0,0,0,0,205,0,0,0,0,0,
143,144,720,578,11,14,-25,0,0,30,9,1,1,0,0,0,65536,65536,65536,0,0,0,7500,9020,9020,0,0,0,0,1370910,26542,0,0,1371030,26542,65536,65536,0,0,0,0,
143,144,720,578,11,14,-25,0,1,65,9,24,1,0,0,0,2048,2048,0,0,0,0,0,14726,14726,0,0,735,0,1178,0,0,0,5580,0,65536,2048,0,0,0,0,
143,144,720,578,11,14,-25,0,2,69,9,24,23,0,0,0,62805,62805,0,0,0,0,0,643996,616496,0,27500,0,0,1026985,0,0,0,2723478,0,65536,65535,0,0,0,0,
143,144,720,578,11,14,-25,0,3,79,2,24,1,0,0,0,2048,2048,0,0,0,0,0,3333,3333,0,0,0,0,1599,0,0,0,7597,0,65536,2048,0,0,0,0,
143,144,720,578,11,14,-25,0,4,90,2,1,1,0,0,0,17015,17015,65536,0,0,0,1298,3836,3836,0,0,0,0,62010,519,0,0,294547,519,65536,17015,0,0,0,0,
143,144,720,578,11,14,-25,0,5,98,2,1,1,0,0,0,2048,2048,-11101,0,0,0,156,299,299,0,0,0,0,107,1801,0,0,511,1801,-49380,2048,0,0,0,0,
143,144,720,578,11,14,-25,0,6,102,8,24,14,0,0,0,38229,38229,0,0,0,0,0,251997,223157,0,28840,16939,0,44631,0,0,0,251221,0,65536,40164,0,0,0,0,
143,144,720,578,11,14,-25,0,7,106,20,1,1,0,0,0,65536,65536,0,0,0,0,0,0,0,0,0,0,0,0,0,0,0,0,0,0,65536,0,0,0,0,
143,144,720,578,11,14,-25,0,8,203,20,18,18,36,36,0,65536,65536,65536,0,0,0,0,9000,9000,0,0,4500,0,7200000,0,4100040,4100040,7200000,4100040,61573,65536,3228120,3228120,871920,871920,
143,144,720,578,11,14,-25,0,9,238,12,24,3,0,0,0,8192,8192,65536,0,0,0,150,64800,58620,0,6180,10725,0,90782,12124,0,0,177609,12124,52114,10922,0,0,0,0,
143,144,720,578,11,14,-25,0,10,239,9,24,0,0,0,0,0,0,0,3,0,1,0,0,0,0,0,0,0,0,0,0,0,0,0,-59214,0,0,0,0,0,
143,144,720,578,11,14,-25,0,11,242,20,1,1,2,2,0,65536,65536,2981,0,0,0,0,12500,12500,0,0,2500,0,187500,0,179340,179340,187500,179340,-5953,65536,179340,179340,0,0,
143,144,720,578,11,14,-25,0,12,251,9,24,0,0,0,0,0,0,0,3,1,1,0,0,0,0,0,0,0,0,0,0,0,0,0,7570,0,0,0,0,0,
144,145,725,578,11,14,-25,0,0,30,9,1,1,0,0,0,65536,65536,65536,0,0,0,7500,9020,9020,0,0,0,0,1370910,26892,0,0,1371030,26892,65536,65536,0,0,0,0,
144,145,725,578,11,14,-25,0,1,65,9,24,1,0,0,0,2048,2048,0,0,0,0,0,14726,14726,0,0,735,0,1178,0,0,0,5580,0,65536,2048,0,0,0,0,
144,145,725,578,11,14,-25,0,2,69,9,24,23,0,0,0,62805,62805,0,0,0,0,0,643996,590096,0,53900,0,0,1033585,0,0,0,2723478,0,65536,65535,0,0,0,0,
144,145,725,578,11,14,-25,0,3,79,2,24,1,0,0,0,2048,2048,0,0,0,0,0,3333,3333,0,0,0,0,1599,0,0,0,7597,0,65536,2048,0,0,0,0,
144,145,725,578,11,14,-25,0,4,90,2,1,1,0,0,0,2048,2048,65536,0,0,0,156,461,461,0,0,0,0,31002,62,0,0,31104,62,65536,2048,0,0,0,0,
144,145,725,578,11,14,-25,0,5,98,2,1,1,0,0,0,2048,2048,-11868,0,0,0,156,299,299,0,0,0,0,107,1918,0,0,511,1918,-50368,2048,0,0,0,0,
144,145,725,578,11,14,-25,0,6,102,8,24,11,0,0,0,30037,30037,0,0,0,0,0,197997,175337,0,22660,13309,0,35067,0,0,0,204659,0,65536,32720,0,0,0,0,
144,145,725,578,11,14,-25,0,7,106,20,1,1,0,0,0,65536,65536,0,0,0,0,0,0,0,0,0,0,0,0,0,0,0,0,0,0,65536,0,0,0,0,
144,145,725,578,11,14,-25,0,8,203,20,18,18,36,36,0,65536,65536,65536,0,0,0,0,9000,9000,0,0,4500,0,7200000,0,4100040,4100040,7200000,4100040,61573,65536,3228120,3228120,871920,871920,
144,145,725,578,11,14,-25,0,9,238,12,24,3,0,0,0,8192,8192,65536,0,0,0,150,64800,58620,0,6180,10725,0,96344,10636,0,0,186128,10636,55653,10922,0,0,0,0,
144,145,725,578,11,14,-25,0,10,239,9,24,0,0,0,0,0,0,0,3,0,1,0,0,0,0,0,0,0,0,0,0,0,0,0,-58331,0,0,0,0,0,
144,145,725,578,11,14,-25,0,11,242,20,1,1,2,2,0,65536,65536,2981,0,0,0,0,12500,12500,0,0,2500,0,187500,0,179340,179340,187500,179340,-5953,65536,179340,179340,0,0,
144,145,725,578,11,14,-25,0,12,251,9,24,24,0,0,0,65536,65536,-9974,0,0,0,24000,216960,216960,0,0,13560,126000,1442850,1701888,0,0,2535120,1701888,23214,65536,0,0,0,0,
145,146,730,578,11,14,-25,0,0,30,9,1,1,0,0,0,65536,65536,65536,0,0,0,7500,9020,9020,0,0,0,0,1370910,27607,0,0,1371030,27607,65536,65536,0,0,0,0,
145,146,730,578,11,14,-25,0,1,65,9,24,1,0,0,0,2048,2048,0,0,0,0,0,14726,14726,0,0,735,0,1178,0,0,0,5580,0,65536,2048,0,0,0,0,
145,146,730,578,11,14,-25,0,2,69,9,24,23,0,0,0,62805,62805,0,0,0,0,0,643996,593396,0,50600,0,0,984124,0,0,0,2716158,0,65536,65535,0,0,0,0,
145,146,730,578,11,14,-25,0,3,79,2,24,1,0,0,0,2048,2048,0,0,0,0,0,3333,3333,0,0,0,0,1599,0,0,0,7597,0,65536,2048,0,0,0,0,
145,146,730,578,11,14,-25,0,4,90,2,1,1,0,0,0,65536,65536,65536,0,0,0,5000,14775,14775,0,0,0,0,1026171,2000,0,0,1026225,2000,65536,65536,0,0,0,0,
145,146,730,578,11,14,-25,0,5,98,2,1,1,0,0,0,2048,2048,-11789,0,0,0,156,299,299,0,0,0,0,107,1906,0,0,511,1906,-50268,2048,0,0,0,0,
145,146,730,578,11,14,-25,0,6,102,8,24,17,0,0,0,46421,46421,0,0,0,0,0,305997,270977,0,35020,20569,0,82874,0,0,0,309898,0,65536,49128,0,0,0,0,
145,146,730,578,11,14,-25,0,7,106,20,1,1,0,0,0,65536,65536,0,0,0,0,0,0,0,0,0,0,0,0,0,0,0,0,0,0,65536,0,0,0,0,
145,146,730,578,11,14,-25,0,8,203,20,18,18,36,36,0,65536,65536,65536,0,0,0,0,9000,9000,0,0,4500,0,7200000,0,4100040,4100040,7200000,4100040,61573,65536,3228120,3228120,871920,871920,
145,146,730,578,11,14,-25,0,9,238,12,24,24,0,0,0,65536,65536,65536,0,0,0,1200,518400,468960,0,49440,85800,0,420838,87735,0,0,1230120,87735,61675,65536,0,0,0,0,
145,146,730,578,11,14,-25,0,10,239,9,24,0,0,0,0,0,0,0,3,0,1,0,0,0,0,0,0,0,0,0,0,0,0,0,-58548,0,0,0,0,0,
145,146,730,578,11,14,-25,0,11,242,20,1,1,2,2,0,65536,65536,2981,0,0,0,0,12500,12500,0,0,2500,0,187500,0,179340,179340,187500,179340,-5953,65536,179340,179340,0,0,
145,146,730,578,11,14,-25,0,12,251,9,24,21,0,0,0,21643,57344,-45728,0,0,0,7925,71650,71650,0,0,4478,41610,175126,579420,0,0,2278095,579420,19985,59276,0,0,0,0,
146,147,735,578,11,14,-25,0,0,30,9,1,1,0,0,0,65536,65536,65536,0,0,0,7500,9020,9020,0,0,0,0,1370910,27172,0,0,1371030,27172,65536,65536,0,0,0,0,
146,147,735,578,11,14,-25,0,1,65,9,24,1,0,0,0,2048,2048,0,0,0,0,0,14726,14726,0,0,735,0,1178,0,0,0,5580,0,65536,2048,0,0,0,0,
146,147,735,578,11,14,-25,0,2,69,9,24,23,0,0,0,62805,62805,0,0,0,0,0,643996,592296,0,51700,0,0,1109046,0,0,0,2730198,0,65536,65535,0,0,0,0,
146,147,735,578,11,14,-25,0,3,79,2,24,12,0,0,0,32768,32768,0,0,0,0,0,53340,53340,0,0,0,0,31259,0,0,0,128328,0,65536,33792,0,0,0,0,
146,147,735,578,11,14,-25,0,4,90,2,1,1,0,0,0,65536,65536,65536,0,0,0,5000,14775,14775,0,0,0,0,1151353,2000,0,0,1151415,2000,65536,65536,0,0,0,0,
146,147,735,578,11,14,-25,0,5,98,2,1,1,0,0,0,2048,2048,-11789,0,0,0,156,299,299,0,0,0,0,107,1906,0,0,511,1906,-50268,2048,0,0,0,0,
146,147,735,578,11,14,-25,0,6,102,8,24,20,0,0,0,54613,54613,0,0,0,0,0,359997,318797,0,41200,24199,0,118745,0,0,0,367318,0,65536,57332,0,0,0,0,
146,147,735,578,11,14,-25,0,7,106,20,1,1,0,0,0,65536,65536,0,0,0,0,0,0,0,0,0,0,0,0,0,0,0,0,0,0,65536,0,0,0,0,
146,147,735,578,11,14,-25,0,8,203,20,18,18,36,36,0,65536,65536,65536,0,0,0,0,9000,9000,0,0,4500,0,7200000,0,4100040,4100040,7200000,4100040,61573,65536,3228120,3228120,871920,871920,
146,147,735,578,11,14,-25,0,9,238,12,24,3,0,0,0,8192,8192,65536,0,0,0,150,64800,58620,0,6180,10725,0,27426,12304,0,0,191748,12304,56662,10922,0,0,0,0,
146,147,735,578,11,14,-25,0,10,239,9,24,0,0,0,0,0,0,0,3,0,1,0,0,0,0,0,0,0,0,0,0,0,0,0,-59307,0,0,0,0,0,
146,147,735,578,11,14,-25,0,11,242,20,1,1,2,2,0,65536,65536,2981,0,0,0,0,12500,12500,0,0,2500,0,187500,0,179340,179340,187500,179340,-5953,65536,179340,179340,0,0,
146,147,735,578,11,14,-25,0,12,251,9,24,22,0,0,0,39938,60074,-38508,1,0,0,14625,132216,132216,0,0,8263,76785,494772,1199718,0,0,2398387,1199718,10687,62406,0,0,0,0,
147,148,740,578,11,14,-25,0,0,30,9,1,1,0,0,0,65536,65536,65536,0,0,0,7500,9020,9020,0,0,0,0,1370910,26980,0,0,1371030,26980,65536,65536,0,0,0,0,
147,148,740,578,11,14,-25,0,1,65,9,24,1,0,0,0,2048,2048,0,0,0,0,0,14726,14726,0,0,735,0,1178,0,0,0,5580,0,65536,2048,0,0,0,0,
147,148,740,578,11,14,-25,0,2,69,9,24,23,0,0,0,62805,62805,0,0,0,0,0,643996,591196,0,52800,0,0,1219061,0,0,0,2762477,0,65536,65535,0,0,0,0,
147,148,740,578,11,14,-25,0,3,79,2,24,7,0,0,0,19114,19114,0,0,0,0,0,31113,31113,0,0,0,0,14934,0,0,0,75863,0,65536,20450,0,0,0,0,
147,148,740,578,11,14,-25,0,4,90,2,1,1,0,0,0,65536,65536,65536,0,0,0,5000,14775,14775,0,0,0,0,1263180,2000,0,0,1263245,2000,65536,65536,0,0,0,0,
147,148,740,578,11,14,-25,0,5,98,2,1,1,0,0,0,2048,2048,-11724,0,0,0,156,299,299,0,0,0,0,107,1896,0,0,511,1896,-50190,2048,0,0,0,0,
147,148,740,578,11,14,-25,0,6,102,8,24,22,0,0,0,60074,60074,0,0,0,0,0,395995,350675,0,45320,26619,0,99642,0,0,0,396411,0,65536,61434,0,0,0,0,
147,148,740,578,11,14,-25,0,7,106,20,1,1,0,0,0,65536,65536,0,0,0,0,0,0,0,0,0,0,0,0,0,0,0,0,0,0,65536,0,0,0,0,
147,148,740,578,11,14,-25,0,8,203,20,18,18,36,36,0,65536,65536,65536,0,0,0,0,9000,9000,0,0,4500,0,7200000,0,4100040,4100040,7200000,4100040,61573,65536,3228120,3228120,871920,871920,
147,148,740,578,11,14,-25,0,9,238,12,24,3,0,0,0,8192,8192,60336,0,0,0,150,64800,58620,0,6180,10725,0,25929,13500,0,0,180868,13500,52494,10922,0,0,0,0,
147,148,740,578,11,14,-25,0,10,239,9,24,0,0,0,0,0,0,0,3,0,1,0,0,0,0,0,0,0,0,0,0,0,0,0,-59859,0,0,0,0,0,
147,148,740,578,11,14,-25,0,11,242,20,1,1,2,2,0,65536,65536,2981,0,0,0,0,12500,12500,0,0,2500,0,187500,0,179340,179340,187500,179340,-5953,65536,179340,179340,0,0,
147,148,740,578,11,14,-25,0,12,251,9,24,23,0,0,0,39938,62805,-48766,2,0,0,14625,132216,132216,0,0,8263,76785,336815,1316250,0,0,2446234,1316250,3587,63971,0,0,0,0,
148,149,745,578,11,14,-25,0,0,30,9,1,1,0,0,0,65536,65536,65536,0,0,0,7500,9020,9020,0,0,0,0,1370910,27222,0,0,1371030,27222,65536,65536,0,0,0,0,
148,149,745,578,11,14,-25,0,1,65,9,24,1,0,0,0,2048,2048,0,0,0,0,0,14726,14726,0,0,735,0,1178,0,0,0,5580,0,65536,2048,0,0,0,0,
148,149,745,578,11,14,-25,0,2,69,9,24,23,0,0,0,62805,62805,0,0,0,0,0,643996,616496,0,27500,0,0,1364139,0,0,0,2812877,0,65536,65535,0,0,0,0,
148,149,745,578,11,14,-25,0,3,79,2,24,4,0,0,0,10922,10922,0,0,0,0,0,17778,17778,0,0,0,0,8533,0,0,0,43270,0,65536,11664,0,0,0,0,
148,149,745,578,11,14,-25,0,4,90,2,1,1,0,0,0,65536,65536,65536,0,0,0,5000,14775,14775,0,0,0,0,404525,2000,0,0,1263245,2000,65536,65536,0,0,0,0,
148,149,745,578,11,14,-25,0,5,98,2,1,1,0,0,0,2048,2048,-11416,0,0,0,156,299,299,0,0,0,0,107,1849,0,0,511,1849,-49800,2048,0,0,0,0,
148,149,745,578,11,14,-25,0,6,102,8,24,20,0,0,0,54613,54613,0,0,0,0,0,359997,318797,0,41200,24199,0,64652,0,0,0,357900,0,65536,56394,0,0,0,0,
148,149,745,578,11,14,-25,0,7,106,20,1,1,0,0,0,65536,65536,0,0,0,0,0,0,0,0,0,0,0,0,0,0,0,0,0,0,65536,0,0,0,0,
148,149,745,578,11,14,-25,0,8,203,20,18,18,36,36,0,65536,65536,65536,0,0,0,0,9000,9000,0,0,4500,0,7200000,0,4100040,4100040,7200000,4100040,61573,65536,3228120,3228120,871920,871920,
148,149,745,578,11,14,-25,0,9,238,12,24,3,0,0,0,8192,8192,57861,0,0,0,150,64800,58620,0,6180,10725,0,25419,13500,0,0,177169,13500,51281,10922,0,0,0,0,
148,149,745,578,11,14,-25,0,10,239,9,24,0,0,0,0,0,0,0,3,0,1,0,0,0,0,0,0,0,0,0,0,0,0,0,-59859,0,0,0,0,0,
148,149,745,578,11,14,-25,0,11,242,20,1,1,2,2,0,65536,65536,2981,0,0,0,0,12500,12500,0,0,2500,0,187500,0,179340,179340,187500,179340,-5953,65536,179340,179340,0,0,
148,149,745,578,11,14,-25,0,12,251,9,24,0,0,0,0,0,0,0,3,0,1,0,0,0,0,0,0,0,0,0,0,0,0,0,1876,0,0,0,0,0,
149,150,750,578,11,14,-25,0,0,30,9,1,1,0,0,0,65536,65536,65536,0,0,0,7500,9020,9020,0,0,0,0,1370910,27755,0,0,1371030,27755,65536,65536,0,0,0,0,
149,150,750,578,11,14,-25,0,1,65,9,24,1,0,0,0,2048,2048,0,0,0,0,0,14726,14726,0,0,735,0,1178,0,0,0,5580,0,65536,2048,0,0,0,0,
149,150,750,578,11,14,-25,0,2,69,9,24,23,0,0,0,62805,62805,0,0,0,0,0,643996,616496,0,27500,0,0,1519934,0,0,0,2884755,0,65536,65535,0,0,0,0,
149,150,750,578,11,14,-25,0,3,79,2,24,2,0,0,0,5461,5461,0,0,0,0,0,8889,8889,0,0,0,0,4266,0,0,0,23886,0,65536,6439,0,0,0,0,
149,150,750,578,11,14,-25,0,4,90,2,1,1,0,0,0,19105,19105,65536,0,0,0,1457,4307,4307,0,0,0,0,69943,582,0,0,332242,582,65536,19105,0,0,0,0,
149,150,750,578,11,14,-25,0,5,98,2,1,1,0,0,0,2048,2048,-11645,0,0,0,156,299,299,0,0,0,0,107,1884,0,0,511,1884,-50093,2048,0,0,0,0,
149,150,750,578,11,14,-25,0,6,102,8,24,16,0,0,0,43690,43690,0,0,0,0,0,287995,255035,0,32960,19359,0,51007,0,0,0,280068,0,65536,44776,0,0,0,0,
149,150,750,578,11,14,-25,0,7,106,20,1,1,0,0,0,65536,65536,0,0,0,0,0,0,0,0,0,0,0,0,0,0,0,0,0,0,65536,0,0,0,0,
149,150,750,578,11,14,-25,0,8,203,20,18,18,36,36,0,65536,65536,65536,0,0,0,0,9000,9000,0,0,4500,0,7200000,0,4100040,4100040,7200000,4100040,61573,65536,3228120,3228120,871920,871920,
149,150,750,578,11,14,-25,0,9,238,12,24,3,0,0,0,8192,8192,65536,0,0,0,150,64800,58620,0,6180,10725,0,48066,12179,0,0,176469,12179,51721,10922,0,0,0,0,
149,150,750,578,11,14,-25,0,10,239,9,24,0,0,0,0,0,0,0,3,0,1,0,0,0,0,0,0,0,0,0,0,0,0,0,-59243,0,0,0,0,0,
149,150,750,578,11,14,-25,0,11,242,20,1,1,2,2,0,65536,65536,2981,0,0,0,0,12500,12500,0,0,2500,0,187500,0,179340,179340,187500,179340,-5953,65536,179340,179340,0,0,
149,150,750,578,11,14,-25,0,12,251,9,24,0,0,0,0,0,0,0,3,1,1,0,0,0,0,0,0,0,0,0,0,0,0,0,10596,0,0,0,0,0,
150,151,755,578,11,14,-25,0,0,30,9,1,1,0,0,0,65536,65536,65536,0,0,0,7500,9020,9020,0,0,0,0,1370910,28475,0,0,1371030,28475,65536,65536,0,0,0,0,
150,151,755,578,11,14,-25,0,1,65,9,24,1,0,0,0,2048,2048,0,0,0,0,0,14726,14726,0,0,735,0,1178,0,0,0,5580,0,65536,2048,0,0,0,0,
150,151,755,578,11,14,-25,0,2,69,9,24,23,0,0,0,62805,62805,0,0,0,0,0,643996,590096,0,53900,0,0,1571993,0,0,0,2961434,0,65536,65535,0,0,0,0,
150,151,755,578,11,14,-25,0,3,79,2,24,1,0,0,0,2730,2730,0,0,0,0,0,4443,4443,0,0,0,0,2132,0,0,0,13095,0,65536,3530,0,0,0,0,
150,151,755,578,11,14,-25,0,4,90,2,1,1,0,0,0,2048,2048,65536,0,0,0,156,461,461,0,0,0,0,31179,62,0,0,31281,62,65536,2048,0,0,0,0,
150,151,755,578,11,14,-25,0,5,98,2,1,1,0,0,0,2048,2048,-12720,0,0,0,156,299,299,0,0,0,0,107,2048,0,0,511,2048,-51330,2048,0,0,0,0,
150,151,755,578,11,14,-25,0,6,102,8,24,12,0,0,0,32768,32768,0,0,0,0,0,216000,191280,0,24720,14520,0,38256,0,0,0,216944,0,65536,34684,0,0,0,0,
150,151,755,578,11,14,-25,0,7,106,20,1,1,0,0,0,65536,65536,0,0,0,0,0,0,0,0,0,0,0,0,0,0,0,0,0,0,65536,0,0,0,0,
150,151,755,578,11,14,-25,0,8,203,20,18,18,36,36,0,65536,65536,65536,0,0,0,0,9000,9000,0,0,4500,0,7200000,0,4100040,4100040,7200000,4100040,61573,65536,3228120,3228120,871920,871920,
150,151,755,578,11,14,-25,0,9,238,12,24,3,0,0,0,8192,8192,65536,0,0,0,150,64800,58620,0,6180,10725,0,91953,10697,0,0,179409,10697,53424,10922,0,0,0,0,
150,151,755,578,11,14,-25,0,10,239,9,24,0,0,0,0,0,0,0,3,0,1,0,0,0,0,0,0,0,0,0,0,0,0,0,-58372,0,0,0,0,0,
150,151,755,578,11,14,-25,0,11,242,20,1,1,2,2,0,65536,65536,2981,0,0,0,0,12500,12500,0,0,2500,0,187500,0,179340,179340,187500,179340,-5953,65536,179340,179340,0,0,
150,151,755,578,11,14,-25,0,12,251,9,24,24,0,0,0,65536,65536,2409,0,0,0,24000,216960,216960,0,0,13560,126000,1774550,1711632,0,0,2706960,1711632,28693,65536,0,0,0,0,
151,152,760,578,11,14,-25,0,0,30,9,1,1,0,0,0,65536,65536,65536,0,0,0,7500,9020,9020,0,0,0,0,1370910,29377,0,0,1371030,29377,65536,65536,0,0,0,0,
151,152,760,578,11,14,-25,0,1,65,9,24,1,0,0,0,2048,2048,0,0,0,0,0,14726,14726,0,0,735,0,1178,0,0,0,5580,0,65536,2048,0,0,0,0,
151,152,760,578,11,14,-25,0,2,69,9,24,23,0,0,0,62805,62805,0,0,0,0,0,643996,591196,0,52800,0,0,1565592,0,0,0,3035353,0,65536,65535,0,0,0,0,
151,152,760,578,11,14,-25,0,3,79,2,24,1,0,0,0,2048,2048,0,0,0,0,0,3333,3333,0,0,0,0,1599,0,0,0,7597,0,65536,2048,0,0,0,0,
151,152,760,578,11,14,-25,0,4,90,2,1,1,0,0,0,65536,65536,65536,0,0,0,5000,14775,14775,0,0,0,0,1032583,2000,0,0,1032635,2000,65536,65536,0,0,0,0,
151,152,760,578,11,14,-25,0,5,98,2,1,1,0,0,0,2048,2048,-12845,0,0,0,156,299,299,0,0,0,0,107,2067,0,0,511,2067,-51454,2048,0,0,0,0,
151,152,760,578,11,14,-25,0,6,102,8,24,10,0,0,0,27306,27306,0,0,0,0,0,179995,159395,0,20600,12099,0,31879,0,0,0,187577,0,65536,29989,0,0,0,0,
151,152,760,578,11,14,-25,0,7,106,20,1,1,0,0,0,65536,65536,0,0,0,0,0,0,0,0,0,0,0,0,0,0,0,0,0,0,65536,0,0,0,0,
151,152,760,578,11,14,-25,0,8,203,20,18,18,36,36,0,65536,65536,65536,0,0,0,0,9000,9000,0,0,4500,0,7200000,0,4100040,4100040,7200000,4100040,61573,65536,3228120,3228120,871920,871920,
151,152,760,578,11,14,-25,0,9,238,12,24,3,0,0,0,8192,8192,65536,0,0,0,150,64800,58620,0,6180,10725,0,97055,11035,0,0,187208,11035,55810,10922,0,0,0,0,
151,152,760,578,11,14,-25,0,10,239,9,24,0,0,0,0,0,0,0,3,0,1,0,0,0,0,0,0,0,0,0,0,0,0,0,-58591,0,0,0,0,0,
151,152,760,578,11,14,-25,0,11,242,20,1,1,2,2,0,65536,65536,2981,0,0,0,0,12500,12500,0,0,2500,0,187500,0,179340,179340,187500,179340,-5953,65536,179340,179340,0,0,
151,152,760,578,11,14,-25,0,12,251,9,24,23,0,0,0,25766,62805,-44194,0,0,0,9435,85299,85299,0,0,5331,49537,226042,694132,0,0,2688712,694132,26611,64525,0,0,0,0,
152,153,765,578,11,14,-25,0,0,30,9,1,1,0,0,0,65536,65536,65536,0,0,0,7500,9020,9020,0,0,0,0,1370910,30500,0,0,1371030,30500,65536,65536,0,0,0,0,
152,153,765,578,11,14,-25,0,1,65,9,24,1,0,0,0,2048,2048,0,0,0,0,0,14726,14726,0,0,735,0,1178,0,0,0,5580,0,65536,2048,0,0,0,0,
152,153,765,578,11,14,-25,0,2,69,9,24,23,0,0,0,62805,62805,0,0,0,0,0,643996,591196,0,52800,0,0,1494237,0,0,0,3097872,0,65536,65535,0,0,0,0,
152,153,765,578,11,14,-25,0,3,79,2,24,1,0,0,0,2048,2048,0,0,0,0,0,3333,3333,0,0,0,0,1599,0,0,0,7597,0,65536,2048,0,0,0,0,
152,153,765,578,11,14,-25,0,4,90,2,1,1,0,0,0,65536,65536,65536,0,0,0,5000,14775,14775,0,0,0,0,1159243,2000,0,0,1159305,2000,65536,65536,0,0,0,0,
152,153,765,578,11,14,-25,0,5,98,2,1,1,0,0,0,2048,2048,-12615,0,0,0,156,299,299,0,0,0,0,107,2032,0,0,511,2032,-51214,2048,0,0,0,0,
152,153,765,578,11,14,-25,0,6,102,8,24,17,0,0,0,46421,46421,0,0,0,0,0,305997,270977,0,35020,20569,0,76865,0,0,0,301281,0,65536,47762,0,0,0,0,
152,153,765,578,11,14,-25,0,7,106,20,1,1,0,0,0,65536,65536,0,0,0,0,0,0,0,0,0,0,0,0,0,0,0,0,0,0,65536,0,0,0,0,
152,153,765,578,11,14,-25,0,8,203,20,18,18,36,36,0,65536,65536,65536,0,0,0,0,9000,9000,0,0,4500,0,7200000,0,4100040,4100040,7200000,4100040,61573,65536,3228120,3228120,871920,871920,
152,153,765,578,11,14,-25,0,9,238,12,24,24,0,0,0,65536,65536,65536,0,0,0,1200,518400,468960,0,49440,85800,0,427432,99114,0,0,1215840,99114,60188,65536,0,0,0,0,
152,153,765,578,11,14,-25,0,10,239,9,24,0,0,0,0,0,0,0,3,0,1,0,0,0,0,0,0,0,0,0,0,0,0,0,-59350,0,0,0,0,0,
152,153,765,578,11,14,-25,0,11,242,20,1,1,2,2,0,65536,65536,2981,0,0,0,0,12500,12500,0,0,2500,0,187500,0,179340,179340,187500,179340,-5953,65536,179340,179340,0,0,
152,153,765,578,11,14,-25,0,12,251,9,24,23,0,0,0,37071,62805,-46845,1,0,0,13575,122725,122725,0,0,7670,71272,319772,1121227,0,0,2597570,1121227,15162,63402,0,0,0,0,
153,154,770,578,11,14,-25,0,0,30,9,1,1,0,0,0,65536,65536,65536,0,0,0,7500,9020,9020,0,0,0,0,1370910,30582,0,0,1371030,30582,65536,65536,0,0,0,0,
153,154,770,578,11,14,-25,0,1,65,9,24,1,0,0,0,2048,2048,0,0,0,0,0,14726,14726,0,0,735,0,1178,0,0,0,5580,0,65536,2048,0,0,0,0,
153,154,770,578,11,14,-25,0,2,69,9,24,23,0,0,0,62805,62805,0,0,0,0,0,643996,591196,0,52800,0,0,1637116,0,0,0,3175751,0,65536,65535,0,0,0,0,
153,154,770,578,11,14,-25,0,3,79,2,24,1,0,0,0,2048,2048,0,0,0,0,0,3333,3333,0,0,0,0,1599,0,0,0,7597,0,65536,2048,0,0,0,0,
153,154,770,578,11,14,-25,0,4,90,2,1,1,0,0,0,65536,65536,65536,0,0,0,5000,14775,14775,0,0,0,0,1263180,2000,0,0,1263245,2000,65536,65536,0,0,0,0,
153,154,770,578,11,14,-25,0,5,98,2,1,1,0,0,0,2048,2048,-12523,0,0,0,156,299,299,0,0,0,0,107,2018,0,0,511,2018,-51114,2048,0,0,0,0,
153,154,770,578,11,14,-25,0,6,102,8,24,20,0,0,0,54613,54613,0,0,0,0,0,359997,318797,0,41200,24199,0,152073,0,0,0,365950,0,65536,56649,0,0,0,0,
153,154,770,578,11,14,-25,0,7,106,20,1,1,0,0,0,65536,65536,0,0,0,0,0,0,0,0,0,0,0,0,0,0,0,0,0,0,65536,0,0,0,0,
153,154,770,578,11,14,-25,0,8,203,20,18,18,36,36,0,65536,65536,65536,0,0,0,0,9000,9000,0,0,4500,0,7200000,0,4100040,4100040,7200000,4100040,61573,65536,3228120,3228120,871920,871920,
153,154,770,578,11,14,-25,0,9,238,12,24,3,0,0,0,8192,8192,65536,0,0,0,150,64800,58620,0,6180,10725,0,27159,13500,0,0,189768,13500,55410,10922,0,0,0,0,
153,154,770,578,11,14,-25,0,10,239,9,24,0,0,0,0,0,0,0,3,0,1,0,0,0,0,0,0,0,0,0,0,0,0,0,-59859,0,0,0,0,0,
153,154,770,578,11,14,-25,0,11,242,20,1,1,2,2,0,65536,65536,2981,0,0,0,0,12500,12500,0,0,2500,0,187500,0,179340,179340,187500,179340,-5953,65536,179340,179340,0,0,
153,154,770,578,11,14,-25,0,12,251,9,24,23,0,0,0,39938,62805,-46071,2,0,0,14625,132216,132216,0,0,8263,76785,390929,1316250,0,0,2623224,1316250,8016,64469,0,0,0,0,
154,155,775,578,11,14,-25,0,0,30,9,1,1,0,0,0,65536,65536,65536,0,0,0,7500,9020,9020,0,0,0,0,1370910,30702,0,0,1371030,30702,65536,65536,0,0,0,0,
154,155,775,578,11,14,-25,0,1,65,9,24,1,0,0,0,2048,2048,0,0,0,0,0,14726,14726,0,0,735,0,1178,0,0,0,5580,0,65536,2048,0,0,0,0,
154,155,775,578,11,14,-25,0,2,69,9,24,23,0,0,0,62805,62805,0,0,0,0,0,643996,616496,0,27500,0,0,1655689,0,0,0,3249070,0,65536,65535,0,0,0,0,
154,155,775,578,11,14,-25,0,3,79,2,24,1,0,0,0,2048,2048,0,0,0,0,0,3333,3333,0,0,0,0,1599,0,0,0,7597,0,65536,2048,0,0,0,0,
154,155,775,578,11,14,-25,0,4,90,2,1,1,0,0,0,65536,65536,65536,0,0,0,5000,14775,14775,0,0,0,0,442324,2000,0,0,1263245,2000,65536,65536,0,0,0,0,
154,155,775,578,11,14,-25,0,5,98,2,1,1,0,0,0,2048,2048,-12071,0,0,0,156,299,299,0,0,0,0,107,1949,0,0,511,1949,-50607,2048,0,0,0,0,
154,155,775,578,11,14,-25,0,6,102,8,24,20,0,0,0,54613,54613,0,0,0,0,0,359997,318797,0,41200,24199,0,65799,0,0,0,363566,0,65536,56280,0,0,0,0,
154,155,775,578,11,14,-25,0,7,106,20,1,1,0,0,0,65536,65536,0,0,0,0,0,0,0,0,0,0,0,0,0,0,0,0,0,0,65536,0,0,0,0,
154,155,775,578,11,14,-25,0,8,203,20,18,18,36,36,0,65536,65536,65536,0,0,0,0,9000,9000,0,0,4500,0,7200000,0,4100040,4100040,7200000,4100040,61573,65536,3228120,3228120,871920,871920,
154,155,775,578,11,14,-25,0,9,238,12,24,3,0,0,0,8192,8192,58914,0,0,0,150,64800,58620,0,6180,10725,0,25636,13500,0,0,178709,13500,51786,10922,0,0,0,0,
154,155,775,578,11,14,-25,0,10,239,9,24,0,0,0,0,0,0,0,3,0,1,0,0,0,0,0,0,0,0,0,0,0,0,0,-59859,0,0,0,0,0,
154,155,775,578,11,14,-25,0,11,242,20,1,1,2,2,0,65536,65536,2981,0,0,0,0,12500,12500,0,0,2500,0,187500,0,179340,179340,187500,179340,-5953,65536,179340,179340,0,0,
154,155,775,578,11,14,-25,0,12,251,9,24,0,0,0,0,0,0,0,3,0,1,0,0,0,0,0,0,0,0,0,0,0,0,0,5520,0,0,0,0,0,
155,156,780,578,11,14,-25,0,0,30,9,1,1,0,0,0,65536,65536,65536,0,0,0,7500,9020,9020,0,0,0,0,1370910,31035,0,0,1371030,31035,65536,65536,0,0,0,0,
155,156,780,578,11,14,-25,0,1,65,9,24,1,0,0,0,2048,2048,0,0,0,0,0,14726,14726,0,0,735,0,1178,0,0,0,5580,0,65536,2048,0,0,0,0,
155,156,780,578,11,14,-25,0,2,69,9,24,23,0,0,0,62805,62805,0,0,0,0,0,643996,616496,0,27500,0,0,1706078,0,0,0,3324309,0,65536,65535,0,0,0,0,
155,156,780,578,11,14,-25,0,3,79,2,24,1,0,0,0,2048,2048,0,0,0,0,0,3333,3333,0,0,0,0,1599,0,0,0,7597,0,65536,2048,0,0,0,0,
155,156,780,578,11,14,-25,0,4,90,2,1,1,0,0,0,19585,19585,65536,0,0,0,1494,4415,4415,0,0,0,0,71757,597,0,0,340877,597,65536,19585,0,0,0,0,
155,156,780,578,11,14,-25,0,5,98,2,1,1,0,0,0,2048,2048,-12215,0,0,0,156,299,299,0,0,0,0,107,1971,0,0,511,1971,-50772,2048,0,0,0,0,
155,156,780,578,11,14,-25,0,6,102,8,24,17,0,0,0,46421,46421,0,0,0,0,0,305997,270977,0,35020,20569,0,54195,0,0,0,292228,0,65536,46720,0,0,0,0,
155,156,780,578,11,14,-25,0,7,106,20,1,1,0,0,0,65536,65536,0,0,0,0,0,0,0,0,0,0,0,0,0,0,0,0,0,0,65536,0,0,0,0,
155,156,780,578,11,14,-25,0,8,203,20,18,18,36,36,0,65536,65536,65536,0,0,0,0,9000,9000,0,0,4500,0,7200000,0,4100040,4100040,7200000,4100040,61573,65536,3228120,3228120,871920,871920,
155,156,780,578,11,14,-25,0,9,238,12,24,3,0,0,0,8192,8192,65536,0,0,0,150,64800,58620,0,6180,10725,0,24775,12189,0,0,172489,12189,50410,10922,0,0,0,0,
155,156,780,578,11,14,-25,0,10,239,9,24,0,0,0,0,0,0,0,3,0,1,0,0,0,0,0,0,0,0,0,0,0,0,0,-59249,0,0,0,0,0,
155,156,780,578,11,14,-25,0,11,242,20,1,1,2,2,0,65536,65536,2981,0,0,0,0,12500,12500,0,0,2500,0,187500,0,179340,179340,187500,179340,-5953,65536,179340,179340,0,0,
155,156,780,578,11,14,-25,0,12,251,9,24,0,0,0,0,0,0,0,3,1,1,0,0,0,0,0,0,0,0,0,0,0,0,0,14032,0,0,0,0,0,
156,157,785,578,11,14,-25,0,0,30,9,1,1,0,0,0,65536,65536,65536,0,0,0,7500,9020,9020,0,0,0,0,1370910,31460,0,0,1371030,31460,65536,65536,0,0,0,0,
156,157,785,578,11,14,-25,0,1,65,9,24,1,0,0,0,2048,2048,0,0,0,0,0,14726,14726,0,0,735,0,1178,0,0,0,5580,0,65536,2048,0,0,0,0,
156,157,785,578,11,14,-25,0,2,69,9,24,23,0,0,0,62805,62805,0,0,0,0,0,643996,590096,0,53900,0,0,1627767,0,0,0,3384068,0,65536,65535,0,0,0,0,
156,157,785,578,11,14,-25,0,3,79,2,24,1,0,0,0,2048,2048,0,0,0,0,0,3333,3333,0,0,0,0,1599,0,0,0,7597,0,65536,2048,0,0,0,0,
156,157,785,578,11,14,-25,0,4,90,2,1,1,0,0,0,2048,2048,65536,0,0,0,156,461,461,0,0,0,0,31213,62,0,0,31315,62,65536,2048,0,0,0,0,
156,157,785,578,11,14,-25,0,5,98,2,1,1,0,0,0,2048,2048,-13225,0,0,0,156,299,299,0,0,0,0,107,2125,0,0,511,2125,-51839,2048,0,0,0,0,
156,157,785,578,11,14,-25,0,6,102,8,24,13,0,0,0,35498,35498,0,0,0,0,0,233995,207215,0,26780,15729,0,41443,0,0,0,233713,0,65536,37365,0,0,0,0,
156,157,785,578,11,14,-25,0,7,106,20,1,1,0,0,0,65536,65536,0,0,0,0,0,0,0,0,0,0,0,0,0,0,0,0,0,0,65536,0,0,0,0,
156,157,785,578,11,14,-25,0,8,203,20,18,18,36,36,0,65536,65536,65536,0,0,0,0,9000,9000,0,0,4500,0,7200000,0,4100040,4100040,7200000,4100040,61573,65536,3228120,3228120,871920,871920,
156,157,785,578,11,14,-25,0,9,238,12,24,3,0,0,0,8192,8192,65536,0,0,0,150,64800,58620,0,6180,10725,0,36149,10709,0,0,171349,10709,50783,10922,0,0,0,0,
156,157,785,578,11,14,-25,0,10,239,9,24,0,0,0,0,0,0,0,3,0,1,0,0,0,0,0,0,0,0,0,0,0,0,0,-58379,0,0,0,0,0,
156,157,785,578,11,14,-25,0,11,242,20,1,1,2,2,0,65536,65536,2981,0,0,0,0,12500,12500,0,0,2500,0,187500,0,179340,179340,187500,179340,-5953,65536,179340,179340,0,0,
156,157,785,578,11,14,-25,0,12,251,9,24,24,0,0,0,65536,65536,3119,0,0,0,24000,216960,216960,0,0,13560,126000,1795060,1713504,0,0,2807640,1713504,32092,65536,0,0,0,0,
157,158,790,578,11,14,-25,0,0,30,9,1,1,0,0,0,65536,65536,65536,0,0,0,7500,9020,9020,0,0,0,0,1370910,31950,0,0,1371030,31950,65536,65536,0,0,0,0,
157,158,790,578,11,14,-25,0,1,65,9,24,1,0,0,0,2048,2048,0,0,0,0,0,14726,14726,0,0,735,0,1178,0,0,0,5580,0,65536,2048,0,0,0,0,
157,158,790,578,11,14,-25,0,2,69,9,24,23,0,0,0,62805,62805,0,0,0,0,0,643996,591196,0,52800,0,0,1482622,0,0,0,3421027,0,65536,65535,0,0,0,0,
157,158,790,578,11,14,-25,0,3,79,2,24,1,0,0,0,2048,2048,0,0,0,0,0,3333,3333,0,0,0,0,1599,0,0,0,7597,0,65536,2048,0,0,0,0,
157,158,790,578,11,14,-25,0,4,90,2,1,1,0,0,0,65536,65536,65536,0,0,0,5000,14775,14775,0,0,0,0,1033854,2000,0,0,1033910,2000,65536,65536,0,0,0,0,
157,158,790,578,11,14,-25,0,5,98,2,1,1,0,0,0,2048,2048,-13356,0,0,0,156,299,299,0,0,0,0,107,2145,0,0,511,2145,-51970,2048,0,0,0,0,
157,158,790,578,11,14,-25,0,6,102,8,24,12,0,0,0,32768,32768,0,0,0,0,0,216000,191280,0,24720,14520,0,38256,0,0,0,206942,0,65536,33085,0,0,0,0,
157,158,790,578,11,14,-25,0,7,106,20,1,1,0,0,0,65536,65536,0,0,0,0,0,0,0,0,0,0,0,0,0,0,0,0,0,0,65536,0,0,0,0,
157,158,790,578,11,14,-25,0,8,203,20,18,18,36,36,0,65536,65536,65536,0,0,0,0,9000,9000,0,0,4500,0,7200000,0,4100040,4100040,7200000,4100040,61573,65536,3228120,3228120,871920,871920,
157,158,790,578,11,14,-25,0,9,238,12,24,3,0,0,0,8192,8192,65536,0,0,0,150,64800,58620,0,6180,10725,0,89862,11049,0,0,176209,11049,52199,10922,0,0,0,0,
157,158,790,578,11,14,-25,0,10,239,9,24,0,0,0,0,0,0,0,3,0,1,0,0,0,0,0,0,0,0,0,0,0,0,0,-58600,0,0,0,0,0,
157,158,790,578,11,14,-25,0,11,242,20,1,1,2,2,0,65536,65536,2981,0,0,0,0,12500,12500,0,0,2500,0,187500,0,179340,179340,187500,179340,-5953,65536,179340,179340,0,0,
157,158,790,578,11,14,-25,0,12,251,9,24,23,0,0,0,26023,62805,-43409,0,0,0,9529,86150,86150,0,0,5384,50032,236981,701915,0,0,2805260,701915,29999,64854,0,0,0,0,
158,159,795,578,11,14,-25,0,0,30,9,1,1,0,0,0,65536,65536,65536,0,0,0,7500,9020,9020,0,0,0,0,1370910,32452,0,0,1371030,32452,65536,65536,0,0,0,0,
158,159,795,578,11,14,-25,0,1,65,9,24,1,0,0,0,2048,2048,0,0,0,0,0,14726,14726,0,0,735,0,1178,0,0,0,5580,0,65536,2048,0,0,0,0,
158,159,795,578,11,14,-25,0,2,69,9,24,23,0,0,0,62805,62805,0,0,0,0,0,643996,591196,0,52800,0,0,1381516,0,0,0,3439147,0,65536,65535,0,0,0,0,
158,159,795,578,11,14,-25,0,3,79,2,24,1,0,0,0,2048,2048,0,0,0,0,0,3333,3333,0,0,0,0,1599,0,0,0,7597,0,65536,2048,0,0,0,0,
158,159,795,578,11,14,-25,0,4,90,2,1,1,0,0,0,65536,65536,65536,0,0,0,5000,14775,14775,0,0,0,0,1160853,2000,0,0,1160915,2000,65536,65536,0,0,0,0,
158,159,795,578,11,14,-25,0,5,98,2,1,1,0,0,0,2048,2048,-13139,0,0,0,156,299,299,0,0,0,0,107,2112,0,0,511,2112,-51757,2048,0,0,0,0,
158,159,795,578,11,14,-25,0,6,102,8,24,11,0,0,0,30037,30037,0,0,0,0,0,197997,175337,0,22660,13309,0,35067,0,0,0,198461,0,65536,31729,0,0,0,0,
158,159,795,578,11,14,-25,0,7,106,20,1,1,0,0,0,65536,65536,0,0,0,0,0,0,0,0,0,0,0,0,0,0,0,0,0,0,65536,0,0,0,0,
158,159,795,578,11,14,-25,0,8,203,20,18,18,36,36,0,65536,65536,65536,0,0,0,0,9000,9000,0,0,4500,0,7200000,0,4100040,4100040,7200000,4100040,61573,65536,3228120,3228120,871920,871920,
158,159,795,578,11,14,-25,0,9,238,12,24,3,0,0,0,8192,8192,65536,0,0,0,150,64800,58620,0,6180,10725,0,95633,12406,0,0,185028,12406,54401,10922,0,0,0,0,
158,159,795,578,11,14,-25,0,10,239,9,24,0,0,0,0,0,0,0,3,0,1,0,0,0,0,0,0,0,0,0,0,0,0,0,-59358,0,0,0,0,0,
158,159,795,578,11,14,-25,0,11,242,20,1,1,2,2,0,65536,65536,2981,0,0,0,0,12500,12500,0,0,2500,0,187500,0,179340,179340,187500,179340,-5953,65536,179340,179340,0,0,
158,159,795,578,11,14,-25,0,12,251,9,24,23,0,0,0,39938,62805,-46136,1,0,0,14625,132216,132216,0,0,8263,76785,358067,1209619,0,0,2749755,1209619,18229,64574,0,0,0,0,
159,160,800,578,11,14,-25,0,0,30,9,1,1,0,0,0,65536,65536,65536,0,0,0,7500,9020,9020,0,0,0,0,1370910,33222,0,0,1371030,33222,65536,65536,0,0,0,0,
159,160,800,578,11,14,-25,0,1,65,9,24,1,0,0,0,2048,2048,0,0,0,0,0,14726,14726,0,0,735,0,1178,0,0,0,5580,0,65536,2048,0,0,0,0,
159,160,800,578,11,14,-25,0,2,69,9,24,23,0,0,0,62805,62805,0,0,0,0,0,643996,594496,0,49500,0,0,1263362,0,0,0,3434467,0,65536,65535,0,0,0,0,
159,160,800,578,11,14,-25,0,3,79,2,24,1,0,0,0,2048,2048,0,0,0,0,0,3333,3333,0,0,0,0,1599,0,0,0,7597,0,65536,2048,0,0,0,0,
159,160,800,578,11,14,-25,0,4,90,2,1,1,0,0,0,65536,65536,65536,0,0,0,5000,14775,14775,0,0,0,0,1263180,2000,0,0,1263245,2000,65536,65536,0,0,0,0,
159,160,800,578,11,14,-25,0,5,98,2,1,1,0,0,0,2048,2048,-12622,0,0,0,156,299,299,0,0,0,0,107,2033,0,0,511,2033,-51224,2048,0,0,0,0,
159,160,800,578,11,14,-25,0,6,102,8,24,17,0,0,0,46421,46421,0,0,0,0,0,305997,270977,0,35020,20569,0,184742,0,0,0,314427,0,65536,48632,0,0,0,0,
159,160,800,578,11,14,-25,0,7,106,20,1,1,0,0,0,65536,65536,0,0,0,0,0,0,0,0,0,0,0,0,0,0,0,0,0,0,65536,0,0,0,0,
159,160,800,578,11,14,-25,0,8,203,20,18,18,36,36,0,65536,65536,65536,0,0,0,0,9000,9000,0,0,4500,0,7200000,0,4100040,4100040,7200000,4100040,61573,65536,3228120,3228120,871920,871920,
159,160,800,578,11,14,-25,0,9,238,12,24,24,0,0,0,65536,65536,65536,0,0,0,1200,518400,468960,0,49440,85800,0,433451,108000,0,0,1227840,108000,60280,65536,0,0,0,0,
159,160,800,578,11,14,-25,0,10,239,9,24,0,0,0,0,0,0,0,3,0,1,0,0,0,0,0,0,0,0,0,0,0,0,0,-59859,0,0,0,0,0,
159,160,800,578,11,14,-25,0,11,242,20,1,1,2,2,0,65536,65536,2981,0,0,0,0,12500,12500,0,0,2500,0,187500,0,179340,179340,187500,179340,-5953,65536,179340,179340,0,0,
159,160,800,578,11,14,-25,0,12,251,9,24,20,0,0,0,37071,54613,-48371,2,0,0,13575,122725,122725,0,0,7670,71272,319993,1221750,0,0,2325370,1221750,8579,56715,0,0,0,0,
160,161,805,578,11,14,-25,0,0,30,9,1,1,0,0,0,65536,65536,65536,0,0,0,7500,9020,9020,0,0,0,0,1370910,32602,0,0,1371030,32602,65536,65536,0,0,0,0,
160,161,805,578,11,14,-25,0,1,65,9,24,1,0,0,0,2048,2048,0,0,0,0,0,14726,14726,0,0,735,0,1178,0,0,0,5580,0,65536,2048,0,0,0,0,
160,161,805,578,11,14,-25,0,2,69,9,24,23,0,0,0,62805,62805,0,0,0,0,0,643996,616496,0,27500,0,0,1259212,0,0,0,3423787,0,65536,65535,0,0,0,0,
160,161,805,578,11,14,-25,0,3,79,2,24,1,0,0,0,2048,2048,0,0,0,0,0,3333,3333,0,0,0,0,1599,0,0,0,7597,0,65536,2048,0,0,0,0,
160,161,805,578,11,14,-25,0,4,90,2,1,1,0,0,0,65536,65536,65536,0,0,0,5000,14775,14775,0,0,0,0,345463,2000,0,0,1263245,2000,65536,65536,0,0,0,0,
160,161,805,578,11,14,-25,0,5,98,2,1,1,0,0,0,2048,2048,-12202,0,0,0,156,299,299,0,0,0,0,107,1969,0,0,511,1969,-50758,2048,0,0,0,0,
160,161,805,578,11,14,-25,0,6,102,8,24,20,0,0,0,54613,54613,0,0,0,0,0,359997,318797,0,41200,24199,0,235233,0,0,0,384125,0,65536,57084,0,0,0,0,
160,161,805,578,11,14,-25,0,7,106,20,1,1,0,0,0,65536,65536,0,0,0,0,0,0,0,0,0,0,0,0,0,0,0,0,0,0,65536,0,0,0,0,
160,161,805,578,11,14,-25,0,8,203,20,18,18,36,36,0,65536,65536,65536,0,0,0,0,9000,9000,0,0,4500,0,7200000,0,4100040,4100040,7200000,4100040,61573,65536,3228120,3228120,871920,871920,
160,161,805,578,11,14,-25,0,9,238,12,24,3,0,0,0,8192,8192,65536,0,0,0,150,64800,58620,0,6180,10725,0,27409,13500,0,0,191628,13500,56020,10922,0,0,0,0,
160,161,805,578,11,14,-25,0,10,239,9,24,0,0,0,0,0,0,0,3,0,1,0,0,0,0,0,0,0,0,0,0,0,0,0,-59859,0,0,0,0,0,
160,161,805,578,11,14,-25,0,11,242,20,1,1,2,2,0,65536,65536,2981,0,0,0,0,12500,12500,0,0,2500,0,187500,0,179340,179340,187500,179340,-5953,65536,179340,179340,0,0,
160,161,805,578,11,14,-25,0,12,251,9,24,0,0,0,0,0,0,0,3,0,1,0,0,0,0,0,0,0,0,0,0,0,0,0,6242,0,0,0,0,0,
161,162,810,578,11,14,-25,0,0,30,9,1,1,0,0,0,65536,65536,65536,0,0,0,7500,9020,9020,0,0,0,0,1370910,31845,0,0,1371030,31845,65536,65536,0,0,0,0,
161,162,810,578,11,14,-25,0,1,65,9,24,1,0,0,0,2048,2048,0,0,0,0,0,14726,14726,0,0,735,0,1178,0,0,0,5580,0,65536,2048,0,0,0,0,
161,162,810,578,11,14,-25,0,2,69,9,24,23,0,0,0,62805,62805,0,0,0,0,0,643996,616496,0,27500,0,0,1198686,0,0,0,3400868,0,65536,65535,0,0,0,0,
161,162,810,578,11,14,-25,0,3,79,2,24,1,0,0,0,2048,2048,0,0,0,0,0,3333,3333,0,0,0,0,1599,0,0,0,7597,0,65536,2048,0,0,0,0,
161,162,810,578,11,14,-25,0,4,90,2,1,1,0,0,0,18365,18365,65536,0,0,0,1401,4140,4140,0,0,0,0,67123,560,0,0,318861,560,65536,18365,0,0,0,0,
161,162,810,578,11,14,-25,0,5,98,2,1,1,0,0,0,2048,2048,-12281,0,0,0,156,299,299,0,0,0,0,107,1981,0,0,511,1981,-50842,2048,0,0,0,0,
161,162,810,578,11,14,-25,0,6,102,8,24,22,0,0,0,60074,60074,0,0,0,0,0,395995,350675,0,45320,26619,0,78815,0,0,0,411776,0,65536,61310,0,0,0,0,
161,162,810,578,11,14,-25,0,7,106,20,1,1,0,0,0,65536,65536,0,0,0,0,0,0,0,0,0,0,0,0,0,0,0,0,0,0,65536,0,0,0,0,
161,162,810,578,11,14,-25,0,8,203,20,18,18,36,36,0,65536,65536,65536,0,0,0,0,9000,9000,0,0,4500,0,7200000,0,4100040,4100040,7200000,4100040,61573,65536,3228120,3228120,871920,871920,
161,162,810,578,11,14,-25,0,9,238,12,24,3,0,0,0,8192,8192,65536,0,0,0,150,64800,58620,0,6180,10725,0,25477,12160,0,0,177549,12160,52081,10922,0,0,0,0,
161,162,810,578,11,14,-25,0,10,239,9,24,0,0,0,0,0,0,0,3,0,1,0,0,0,0,0,0,0,0,0,0,0,0,0,-59233,0,0,0,0,0,
161,162,810,578,11,14,-25,0,11,242,20,1,1,2,2,0,65536,65536,2981,0,0,0,0,12500,12500,0,0,2500,0,187500,0,179340,179340,187500,179340,-5953,65536,179340,179340,0,0,
161,162,810,578,11,14,-25,0,12,251,9,24,0,0,0,0,0,0,0,3,1,1,0,0,0,0,0,0,0,0,0,0,0,0,0,14614,0,0,0,0,0,
162,163,815,578,11,14,-25,0,0,30,9,1,1,0,0,0,65536,65536,65536,0,0,0,7500,9020,9020,0,0,0,0,1370910,31325,0,0,1371030,31325,65536,65536,0,0,0,0,
162,163,815,578,11,14,-25,0,1,65,9,24,1,0,0,0,2048,2048,0,0,0,0,0,14726,14726,0,0,735,0,1178,0,0,0,5580,0,65536,2048,0,0,0,0,
162,163,815,578,11,14,-25,0,2,69,9,24,23,0,0,0,62805,62805,0,0,0,0,0,643996,590096,0,53900,0,0,1079224,0,0,0,3362588,0,65536,65535,0,0,0,0,
162,163,815,578,11,14,-25,0,3,79,2,24,1,0,0,0,2048,2048,0,0,0,0,0,3333,3333,0,0,0,0,1599,0,0,0,7597,0,65536,2048,0,0,0,0,
162,163,815,578,11,14,-25,0,4,90,2,1,1,0,0,0,2048,2048,65536,0,0,0,156,461,461,0,0,0,0,31118,62,0,0,31220,62,65536,2048,0,0,0,0,
162,163,815,578,11,14,-25,0,5,98,2,1,1,0,0,0,2048,2048,-13244,0,0,0,156,299,299,0,0,0,0,107,2128,0,0,511,2128,-51860,2048,0,0,0,0,
162,163,815,578,11,14,-25,0,6,102,8,24,19,0,0,0,51882,51882,0,0,0,0,0,341995,302855,0,39140,22989,0,62448,0,0,0,335220,0,65536,51951,0,0,0,0,
162,163,815,578,11,14,-25,0,7,106,20,1,1,0,0,0,65536,65536,0,0,0,0,0,0,0,0,0,0,0,0,0,0,0,0,0,0,65536,0,0,0,0,
162,163,815,578,11,14,-25,0,8,203,20,18,18,36,36,0,65536,65536,65536,0,0,0,0,9000,9000,0,0,4500,0,7200000,0,4100040,4100040,7200000,4100040,61573,65536,3228120,3228120,871920,871920,
162,163,815,578,11,14,-25,0,9,238,12,24,3,0,0,0,8192,8192,65536,0,0,0,150,64800,58620,0,6180,10725,0,24741,10676,0,0,172229,10676,51085,10922,0,0,0,0,
162,163,815,578,11,14,-25,0,10,239,9,24,0,0,0,0,0,0,0,3,0,1,0,0,0,0,0,0,0,0,0,0,0,0,0,-58357,0,0,0,0,0,
162,163,815,578,11,14,-25,0,11,242,20,1,1,2,2,0,65536,65536,2981,0,0,0,0,12500,12500,0,0,2500,0,187500,0,179340,179340,187500,179340,-5953,65536,179340,179340,0,0,
162,163,815,578,11,14,-25,0,12,251,9,24,24,0,0,0,65536,65536,1798,0,0,0,24000,216960,216960,0,0,13560,126000,1755164,1708272,0,0,2811960,1708272,32541,65536,0,0,0,0,
163,164,820,578,11,14,-25,0,0,30,9,1,1,0,0,0,65536,65536,65536,0,0,0,7500,9020,9020,0,0,0,0,1370910,30910,0,0,1371030,30910,65536,65536,0,0,0,0,
163,164,820,578,11,14,-25,0,1,65,9,24,1,0,0,0,2048,2048,0,0,0,0,0,14726,14726,0,0,735,0,1178,0,0,0,5580,0,65536,2048,0,0,0,0,
163,164,820,578,11,14,-25,0,2,69,9,24,23,0,0,0,62805,62805,0,0,0,0,0,643996,591196,0,52800,0,0,926461,0,0,0,3300069,0,65536,65535,0,0,0,0,
163,164,820,578,11,14,-25,0,3,79,2,24,1,0,0,0,2048,2048,0,0,0,0,0,3333,3333,0,0,0,0,1599,0,0,0,7597,0,65536,2048,0,0,0,0,
163,164,820,578,11,14,-25,0,4,90,2,1,1,0,0,0,65536,65536,65536,0,0,0,5000,14775,14775,0,0,0,0,1030323,2000,0,0,1030375,2000,65536,65536,0,0,0,0,
163,164,820,578,11,14,-25,0,5,98,2,1,1,0,0,0,2048,2048,-13356,0,0,0,156,299,299,0,0,0,0,107,2145,0,0,511,2145,-51968,2048,0,0,0,0,
163,164,820,578,11,14,-25,0,6,102,8,24,16,0,0,0,43690,43690,0,0,0,0,0,287995,255035,0,32960,19359,0,51007,0,0,0,280644,0,65536,44868,0,0,0,0,
163,164,820,578,11,14,-25,0,7,106,20,1,1,0,0,0,65536,65536,0,0,0,0,0,0,0,0,0,0,0,0,0,0,0,0,0,0,65536,0,0,0,0,
163,164,820,578,11,14,-25,0,8,203,20,18,18,36,36,0,65536,65536,65536,0,0,0,0,9000,9000,0,0,4500,0,7200000,0,4100040,4100040,7200000,4100040,61573,65536,3228120,3228120,871920,871920,
163,164,820,578,11,14,-25,0,9,238,12,24,3,0,0,0,8192,8192,65536,0,0,0,150,64800,58620,0,6180,10725,0,88441,11011,0,0,174029,11011,51498,10922,0,0,0,0,
163,164,820,578,11,14,-25,0,10,239,9,24,0,0,0,0,0,0,0,3,0,1,0,0,0,0,0,0,0,0,0,0,0,0,0,-58576,0,0,0,0,0,
163,164,820,578,11,14,-25,0,11,242,20,1,1,2,2,0,65536,65536,2981,0,0,0,0,12500,12500,0,0,2500,0,187500,0,179340,179340,187500,179340,-5953,65536,179340,179340,0,0,
163,164,820,578,11,14,-25,0,12,251,9,24,23,0,0,0,25245,62805,-43335,0,0,0,9244,83574,83574,0,0,5223,48536,229878,678592,0,0,2771762,678592,30322,64085,0,0,0,0,
164,165,825,578,11,14,-25,0,0,30,9,1,1,0,0,0,65536,65536,65536,0,0,0,7500,9020,9020,0,0,0,0,1370910,30587,0,0,1371030,30587,65536,65536,0,0,0,0,
164,165,825,578,11,14,-25,0,1,65,9,24,1,0,0,0,2048,2048,0,0,0,0,0,14726,14726,0,0,735,0,1178,0,0,0,5580,0,65536,2048,0,0,0,0,
164,165,825,578,11,14,-25,0,2,69,9,24,23,0,0,0,62805,62805,0,0,0,0,0,643996,591196,0,52800,0,0,848167,0,0,0,3228910,0,65536,65535,0,0,0,0,
164,165,825,578,11,14,-25,0,3,79,2,24,1,0,0,0,2048,2048,0,0,0,0,0,3333,3333,0,0,0,0,1599,0,0,0,7597,0,65536,2048,0,0,0,0,
164,165,825,578,11,14,-25,0,4,90,2,1,1,0,0,0,65536,65536,65536,0,0,0,5000,14775,14775,0,0,0,0,1156480,2000,0,0,1156540,2000,65536,65536,0,0,0,0,
164,165,825,578,11,14,-25,0,5,98,2,1,1,0,0,0,2048,2048,-13126,0,0,0,156,299,299,0,0,0,0,107,2110,0,0,511,2110,-51747,2048,0,0,0,0,
164,165,825,578,11,14,-25,0,6,102,8,24,14,0,0,0,38229,38229,0,0,0,0,0,251997,223157,0,28840,16939,0,44631,0,0,0,244615,0,65536,39108,0,0,0,0,
164,165,825,578,11,14,-25,0,7,106,20,1,1,0,0,0,65536,65536,0,0,0,0,0,0,0,0,0,0,0,0,0,0,0,0,0,0,65536,0,0,0,0,
164,165,825,578,11,14,-25,0,8,203,20,18,18,36,36,0,65536,65536,65536,0,0,0,0,9000,9000,0,0,4500,0,7200000,0,4100040,4100040,7200000,4100040,61573,65536,3228120,3228120,871920,871920,
164,165,825,578,11,14,-25,0,9,238,12,24,3,0,0,0,8192,8192,65536,0,0,0,150,64800,58620,0,6180,10725,0,92246,12359,0,0,179849,12359,52736,10922,0,0,0,0,
164,165,825,578,11,14,-25,0,10,239,9,24,0,0,0,0,0,0,0,3,0,1,0,0,0,0,0,0,0,0,0,0,0,0,0,-59335,0,0,0,0,0,
164,165,825,578,11,14,-25,0,11,242,20,1,1,2,2,0,65536,65536,2981,0,0,0,0,12500,12500,0,0,2500,0,187500,0,179340,179340,187500,179340,-5953,65536,179340,179340,0,0,
164,165,825,578,11,14,-25,0,12,251,9,24,23,0,0,0,39938,62805,-46075,1,0,0,14625,132216,132216,0,0,8263,76785,357829,1205070,0,0,2703936,1205070,18489,63539,0,0,0,0,
165,166,830,578,11,14,-25,0,0,30,9,1,1,0,0,0,65536,65536,65536,0,0,0,7500,9020,9020,0,0,0,0,1370910,30410,0,0,1371030,30410,65536,65536,0,0,0,0,
165,166,830,578,11,14,-25,0,1,65,9,24,1,0,0,0,2048,2048,0,0,0,0,0,14726,14726,0,0,735,0,1178,0,0,0,5580,0,65536,2048,0,0,0,0,
165,166,830,578,11,14,-25,0,2,69,9,24,23,0,0,0,62805,62805,0,0,0,0,0,643996,594496,0,49500,0,0,784800,0,0,0,3150191,0,65536,65535,0,0,0,0,
165,166,830,578,11,14,-25,0,3,79,2,24,1,0,0,0,2048,2048,0,0,0,0,0,3333,3333,0,0,0,0,1599,0,0,0,7597,0,65536,2048,0,0,0,0,
165,166,830,578,11,14,-25,0,4,90,2,1,1,0,0,0,65536,65536,65536,0,0,0,5000,14775,14775,0,0,0,0,1263180,2000,0,0,1263245,2000,65536,65536,0,0,0,0,
165,166,830,578,11,14,-25,0,5,98,2,1,1,0,0,0,2048,2048,-12602,0,0,0,156,299,299,0,0,0,0,107,2030,0,0,511,2030,-51201,2048,0,0,0,0,
165,166,830,578,11,14,-25,0,6,102,8,24,13,0,0,0,35498,35498,0,0,0,0,0,233995,207215,0,26780,15729,0,41443,0,0,0,226689,0,65536,36242,0,0,0,0,
165,166,830,578,11,14,-25,0,7,106,20,1,1,0,0,0,65536,65536,0,0,0,0,0,0,0,0,0,0,0,0,0,0,0,0,0,0,65536,0,0,0,0,
165,166,830,578,11,14,-25,0,8,203,20,18,18,36,36,0,65536,65536,65536,0,0,0,0,9000,9000,0,0,4500,0,7200000,0,4100040,4100040,7200000,4100040,61573,65536,3228120,3228120,871920,871920,
165,166,830,578,11,14,-25,0,9,238,12,24,3,0,0,0,8192,8192,65536,0,0,0,150,64800,58620,0,6180,10725,0,99188,13500,0,0,190468,13500,55640,10922,0,0,0,0,
165,166,830,578,11,14,-25,0,10,239,9,24,0,0,0,0,0,0,0,3,0,1,0,0,0,0,0,0,0,0,0,0,0,0,0,-59859,0,0,0,0,0,
165,166,830,578,11,14,-25,0,11,242,20,1,1,2,2,0,65536,65536,2981,0,0,0,0,12500,12500,0,0,2500,0,187500,0,179340,179340,187500,179340,-5953,65536,179340,179340,0,0,
165,166,830,578,11,14,-25,0,12,251,9,24,20,0,0,0,39938,54613,-48399,2,0,0,14625,132216,132216,0,0,8263,76785,344184,1316250,0,0,2274618,1316250,8456,55569,0,0,0,0,
166,167,835,578,11,14,-25,0,0,30,9,1,1,0,0,0,65536,65536,65536,0,0,0,7500,9020,9020,0,0,0,0,1370910,30637,0,0,1371030,30637,65536,65536,0,0,0,0,
166,167,835,578,11,14,-25,0,1,65,9,24,1,0,0,0,2048,2048,0,0,0,0,0,14726,14726,0,0,735,0,1178,0,0,0,5580,0,65536,2048,0,0,0,0,
166,167,835,578,11,14,-25,0,2,69,9,24,23,0,0,0,62805,62805,0,0,0,0,0,643996,616496,0,27500,0,0,765220,0,0,0,3069553,0,65536,65535,0,0,0,0,
166,167,835,578,11,14,-25,0,3,79,2,24,1,0,0,0,2048,2048,0,0,0,0,0,3333,3333,0,0,0,0,1599,0,0,0,7597,0,65536,2048,0,0,0,0,
166,167,835,578,11,14,-25,0,4,90,2,1,1,0,0,0,65536,65536,65536,0,0,0,5000,14775,14775,0,0,0,0,369763,2000,0,0,1263245,2000,65536,65536,0,0,0,0,
166,167,835,578,11,14,-25,0,5,98,2,1,1,0,0,0,2048,2048,-11796,0,0,0,156,299,299,0,0,0,0,107,1907,0,0,511,1907,-50278,2048,0,0,0,0,
166,167,835,578,11,14,-25,0,6,102,8,24,18,0,0,0,49152,49152,0,0,0,0,0,324000,286920,0,37080,21780,0,123080,0,0,0,323988,0,65536,50889,0,0,0,0,
166,167,835,578,11,14,-25,0,7,106,20,1,1,0,0,0,65536,65536,0,0,0,0,0,0,0,0,0,0,0,0,0,0,0,0,0,0,65536,0,0,0,0,
166,167,835,578,11,14,-25,0,8,203,20,18,18,36,36,0,65536,65536,65536,0,0,0,0,9000,9000,0,0,4500,0,7200000,0,4100040,4100040,7200000,4100040,61573,65536,3228120,3228120,871920,871920,
166,167,835,578,11,14,-25,0,9,238,12,24,24,0,0,0,65536,65536,65536,0,0,0,1200,518400,468960,0,49440,85800,0,435736,108000,0,0,1268160,108000,62482,65536,0,0,0,0,
166,167,835,578,11,14,-25,0,10,239,9,24,0,0,0,0,0,0,0,3,0,1,0,0,0,0,0,0,0,0,0,0,0,0,0,-59859,0,0,0,0,0,
166,167,835,578,11,14,-25,0,11,242,20,1,1,2,2,0,65536,65536,2981,0,0,0,0,12500,12500,0,0,2500,0,187500,0,179340,179340,187500,179340,-5953,65536,179340,179340,0,0,
166,167,835,578,11,14,-25,0,12,251,9,24,0,0,0,0,0,0,0,3,0,1,0,0,0,0,0,0,0,0,0,0,0,0,0,3981,0,0,0,0,0,
167,168,840,578,11,14,-25,0,0,30,9,1,1,0,0,0,65536,65536,65536,0,0,0,7500,9020,9020,0,0,0,0,1370910,29647,0,0,1371030,29647,65536,65536,0,0,0,0,
167,168,840,578,11,14,-25,0,1,65,9,24,1,0,0,0,2048,2048,0,0,0,0,0,14726,14726,0,0,735,0,1178,0,0,0,5580,0,65536,2048,0,0,0,0,
167,168,840,578,11,14,-25,0,2,69,9,24,23,0,0,0,62805,62805,0,0,0,0,0,643996,616496,0,27500,0,0,872515,0,0,0,3018553,0,65536,65535,0,0,0,0,
167,168,840,578,11,14,-25,0,3,79,2,24,1,0,0,0,2048,2048,0,0,0,0,0,3333,3333,0,0,0,0,1599,0,0,0,7597,0,65536,2048,0,0,0,0,
167,168,840,578,11,14,-25,0,4,90,2,1,1,0,0,0,19086,19086,65536,0,0,0,1456,4302,4302,0,0,0,0,69673,582,0,0,331014,582,65536,19086,0,0,0,0,
167,168,840,578,11,14,-25,0,5,98,2,1,1,0,0,0,2048,2048,-11888,0,0,0,156,299,299,0,0,0,0,107,1921,0,0,511,1921,-50390,2048,0,0,0,0,
167,168,840,578,11,14,-25,0,6,102,8,24,21,0,0,0,57344,57344,0,0,0,0,0,378000,334740,0,43260,25410,0,99708,0,0,0,373702,0,65536,58212,0,0,0,0,
167,168,840,578,11,14,-25,0,7,106,20,1,1,0,0,0,65536,65536,0,0,0,0,0,0,0,0,0,0,0,0,0,0,0,0,0,0,65536,0,0,0,0,
167,168,840,578,11,14,-25,0,8,203,20,18,18,36,36,0,65536,65536,65536,0,0,0,0,9000,9000,0,0,4500,0,7200000,0,4100040,4100040,7200000,4100040,61573,65536,3228120,3228120,871920,871920,
167,168,840,578,11,14,-25,0,9,238,12,24,3,0,0,0,8192,8192,65536,0,0,0,150,64800,58620,0,6180,10725,0,28145,12146,0,0,196947,12146,58445,10922,0,0,0,0,
167,168,840,578,11,14,-25,0,10,239,9,24,0,0,0,0,0,0,0,3,0,1,0,0,0,0,0,0,0,0,0,0,0,0,0,-59226,0,0,0,0,0,
167,168,840,578,11,14,-25,0,11,242,20,1,1,2,2,0,65536,65536,2981,0,0,0,0,12500,12500,0,0,2500,0,187500,0,179340,179340,187500,179340,-5953,65536,179340,179340,0,0,
167,168,840,578,11,14,-25,0,12,251,9,24,0,0,0,0,0,0,0,3,1,1,0,0,0,0,0,0,0,0,0,0,0,0,0,12305,0,0,0,0,0,
168,169,845,578,11,14,-25,0,0,30,9,1,1,0,0,0,65536,65536,65536,0,0,0,7500,9020,9020,0,0,0,0,1370910,28570,0,0,1371030,28570,65536,65536,0,0,0,0,
168,169,845,578,11,14,-25,0,1,65,9,24,1,0,0,0,2048,2048,0,0,0,0,0,14726,14726,0,0,735,0,1178,0,0,0,5580,0,65536,2048,0,0,0,0,
168,169,845,578,11,14,-25,0,2,69,9,24,23,0,0,0,62805,62805,0,0,0,0,0,643996,590096,0,53900,0,0,836287,0,0,0,2965394,0,65536,65535,0,0,0,0,
168,169,845,578,11,14,-25,0,3,79,2,24,1,0,0,0,2048,2048,0,0,0,0,0,3333,3333,0,0,0,0,1599,0,0,0,7597,0,65536,2048,0,0,0,0,
168,169,845,578,11,14,-25,0,4,90,2,1,1,0,0,0,2048,2048,65536,0,0,0,156,461,461,0,0,0,0,31100,62,0,0,31202,62,65536,2048,0,0,0,0,
168,169,845,578,11,14,-25,0,5,98,2,1,1,0,0,0,2048,2048,-12740,0,0,0,156,299,299,0,0,0,0,107,2051,0,0,511,2051,-51346,2048,0,0,0,0,
168,169,845,578,11,14,-25,0,6,102,8,24,18,0,0,0,49152,49152,0,0,0,0,0,324000,286920,0,37080,21780,0,57384,0,0,0,315727,0,65536,50477,0,0,0,0,
168,169,845,578,11,14,-25,0,7,106,20,1,1,0,0,0,65536,65536,0,0,0,0,0,0,0,0,0,0,0,0,0,0,0,0,0,0,65536,0,0,0,0,
168,169,845,578,11,14,-25,0,8,203,20,18,18,36,36,0,65536,65536,65536,0,0,0,0,9000,9000,0,0,4500,0,7200000,0,4100040,4100040,7200000,4100040,61573,65536,3228120,3228120,871920,871920,
168,169,845,578,11,14,-25,0,9,238,12,24,3,0,0,0,8192,8192,65536,0,0,0,150,64800,58620,0,6180,10725,0,25929,10670,0,0,180868,10670,53916,10922,0,0,0,0,
168,169,845,578,11,14,-25,0,10,239,9,24,0,0,0,0,0,0,0,3,0,1,0,0,0,0,0,0,0,0,0,0,0,0,0,-58353,0,0,0,0,0,
168,169,845,578,11,14,-25,0,11,242,20,1,1,2,2,0,65536,65536,2981,0,0,0,0,12500,12500,0,0,2500,0,187500,0,179340,179340,187500,179340,-5953,65536,179340,179340,0,0,
168,169,845,578,11,14,-25,0,12,251,9,24,24,0,0,0,65536,65536,-4511,0,0,0,24000,216960,216960,0,0,13560,126000,1589765,1707288,0,0,2709960,1707288,29038,65536,0,0,0,0,
169,170,850,578,11,14,-25,0,0,30,9,1,1,0,0,0,65536,65536,65536,0,0,0,7500,9020,9020,0,0,0,0,1370910,27807,0,0,1371030,27807,65536,65536,0,0,0,0,
169,170,850,578,11,14,-25,0,1,65,9,24,1,0,0,0,2048,2048,0,0,0,0,0,14726,14726,0,0,735,0,1178,0,0,0,5580,0,65536,2048,0,0,0,0,
169,170,850,578,11,14,-25,0,2,69,9,24,23,0,0,0,62805,62805,0,0,0,0,0,643996,592296,0,51700,0,0,797017,0,0,0,2907675,0,65536,65535,0,0,0,0,
169,170,850,578,11,14,-25,0,3,79,2,24,1,0,0,0,2048,2048,0,0,0,0,0,3333,3333,0,0,0,0,1599,0,0,0,7597,0,65536,2048,0,0,0,0,
169,170,850,578,11,14,-25,0,4,90,2,1,1,0,0,0,65536,65536,65536,0,0,0,5000,14775,14775,0,0,0,0,1030042,2000,0,0,1030095,2000,65536,65536,0,0,0,0,
169,170,850,578,11,14,-25,0,5,98,2,1,1,0,0,0,2048,2048,-12779,0,0,0,156,299,299,0,0,0,0,107,2057,0,0,511,2057,-51389,2048,0,0,0,0,
169,170,850,578,11,14,-25,0,6,102,8,24,16,0,0,0,43690,43690,0,0,0,0,0,287995,255035,0,32960,19359,0,51007,0,0,0,281069,0,65536,44936,0,0,0,0,
169,170,850,578,11,14,-25,0,7,106,20,1,1,0,0,0,65536,65536,0,0,0,0,0,0,0,0,0,0,0,0,0,0,0,0,0,0,65536,0,0,0,0,
169,170,850,578,11,14,-25,0,8,203,20,18,18,36,36,0,65536,65536,65536,0,0,0,0,9000,9000,0,0,4500,0,7200000,0,4100040,4100040,7200000,4100040,61573,65536,3228120,3228120,871920,871920,
169,170,850,578,11,14,-25,0,9,238,12,24,3,0,0,0,8192,8192,65536,0,0,0,150,64800,58620,0,6180,10725,0,24900,11008,0,0,173389,11008,51301,10922,0,0,0,0,
169,170,850,578,11,14,-25,0,10,239,9,24,0,0,0,0,0,0,0,3,0,1,0,0,0,0,0,0,0,0,0,0,0,0,0,-58574,0,0,0,0,0,
169,170,850,578,11,14,-25,0,11,242,20,1,1,2,2,0,65536,65536,2981,0,0,0,0,12500,12500,0,0,2500,0,187500,0,179340,179340,187500,179340,-5953,65536,179340,179340,0,0,
169,170,850,578,11,14,-25,0,12,251,9,24,22,0,0,0,22754,60074,-44240,0,0,0,8332,75328,75328,0,0,4708,43747,198700,611477,0,0,2583107,611477,26418,62278,0,0,0,0,
170,171,855,578,11,14,-25,0,0,30,9,1,1,0,0,0,65536,65536,65536,0,0,0,7500,9020,9020,0,0,0,0,1370910,27387,0,0,1371030,27387,65536,65536,0,0,0,0,
170,171,855,578,11,14,-25,0,1,65,9,24,1,0,0,0,2048,2048,0,0,0,0,0,14726,14726,0,0,735,0,1178,0,0,0,5580,0,65536,2048,0,0,0,0,
170,171,855,578,11,14,-25,0,2,69,9,24,23,0,0,0,62805,62805,0,0,0,0,0,643996,592296,0,51700,0,0,826198,0,0,0,2859316,0,65536,65535,0,0,0,0,
170,171,855,578,11,14,-25,0,3,79,2,24,1,0,0,0,2048,2048,0,0,0,0,0,3333,3333,0,0,0,0,1599,0,0,0,7597,0,65536,2048,0,0,0,0,
170,171,855,578,11,14,-25,0,4,90,2,1,1,0,0,0,65536,65536,65536,0,0,0,5000,14775,14775,0,0,0,0,1156406,2000,0,0,1156465,2000,65536,65536,0,0,0,0,
170,171,855,578,11,14,-25,0,5,98,2,1,1,0,0,0,2048,2048,-12596,0,0,0,156,299,299,0,0,0,0,107,2029,0,0,511,2029,-51190,2048,0,0,0,0,
170,171,855,578,11,14,-25,0,6,102,8,24,14,0,0,0,38229,38229,0,0,0,0,0,251997,223157,0,28840,16939,0,44631,0,0,0,246523,0,65536,39413,0,0,0,0,
170,171,855,578,11,14,-25,0,7,106,20,1,1,0,0,0,65536,65536,0,0,0,0,0,0,0,0,0,0,0,0,0,0,0,0,0,0,65536,0,0,0,0,
170,171,855,578,11,14,-25,0,8,203,20,18,18,36,36,0,65536,65536,65536,0,0,0,0,9000,9000,0,0,4500,0,7200000,0,4100040,4100040,7200000,4100040,61573,65536,3228120,3228120,871920,871920,
170,171,855,578,11,14,-25,0,9,238,12,24,3,0,0,0,8192,8192,65536,0,0,0,150,64800,58620,0,6180,10725,0,31573,12358,0,0,172309,12358,50266,10922,0,0,0,0,
170,171,855,578,11,14,-25,0,10,239,9,24,0,0,0,0,0,0,0,3,0,1,0,0,0,0,0,0,0,0,0,0,0,0,0,-59334,0,0,0,0,0,
170,171,855,578,11,14,-25,0,11,242,20,1,1,2,2,0,65536,65536,2981,0,0,0,0,12500,12500,0,0,2500,0,187500,0,179340,179340,187500,179340,-5953,65536,179340,179340,0,0,
170,171,855,578,11,14,-25,0,12,251,9,24,22,0,0,0,39938,60074,-46829,1,0,0,14625,132216,132216,0,0,8263,76785,343946,1204983,0,0,2540297,1204983,15236,62104,0,0,0,0,
171,172,860,578,11,14,-25,0,0,30,9,1,1,0,0,0,65536,65536,65536,0,0,0,7500,9020,9020,0,0,0,0,1370910,27225,0,0,1371030,27225,65536,65536,0,0,0,0,
171,172,860,578,11,14,-25,0,1,65,9,24,1,0,0,0,2048,2048,0,0,0,0,0,14726,14726,0,0,735,0,1178,0,0,0,5580,0,65536,2048,0,0,0,0,
171,172,860,578,11,14,-25,0,2,69,9,24,23,0,0,0,62805,62805,0,0,0,0,0,643996,594496,0,49500,0,0,858279,0,0,0,2820916,0,65536,65535,0,0,0,0,
171,172,860,578,11,14,-25,0,3,79,2,24,1,0,0,0,2048,2048,0,0,0,0,0,3333,3333,0,0,0,0,1599,0,0,0,7597,0,65536,2048,0,0,0,0,
171,172,860,578,11,14,-25,0,4,90,2,1,1,0,0,0,65536,65536,65536,0,0,0,5000,14775,14775,0,0,0,0,1263180,2000,0,0,1263245,2000,65536,65536,0,0,0,0,
171,172,860,578,11,14,-25,0,5,98,2,1,1,0,0,0,2048,2048,-12130,0,0,0,156,299,299,0,0,0,0,107,1958,0,0,511,1958,-50676,2048,0,0,0,0,
171,172,860,578,11,14,-25,0,6,102,8,24,13,0,0,0,35498,35498,0,0,0,0,0,233995,207215,0,26780,15729,0,41443,0,0,0,222235,0,65536,35530,0,0,0,0,
171,172,860,578,11,14,-25,0,7,106,20,1,1,0,0,0,65536,65536,0,0,0,0,0,0,0,0,0,0,0,0,0,0,0,0,0,0,65536,0,0,0,0,
171,172,860,578,11,14,-25,0,8,203,20,18,18,36,36,0,65536,65536,65536,0,0,0,0,9000,9000,0,0,4500,0,7200000,0,4100040,4100040,7200000,4100040,61573,65536,3228120,3228120,871920,871920,
171,172,860,578,11,14,-25,0,9,238,12,24,3,0,0,0,8192,8192,65536,0,0,0,150,64800,58620,0,6180,10725,0,89486,13500,0,0,175629,13500,50777,10922,0,0,0,0,
171,172,860,578,11,14,-25,0,10,239,9,24,0,0,0,0,0,0,0,3,0,1,0,0,0,0,0,0,0,0,0,0,0,0,0,-59859,0,0,0,0,0,
171,172,860,578,11,14,-25,0,11,242,20,1,1,2,2,0,65536,65536,2981,0,0,0,0,12500,12500,0,0,2500,0,187500,0,179340,179340,187500,179340,-5953,65536,179340,179340,0,0,
171,172,860,578,11,14,-25,0,12,251,9,24,20,0,0,0,39938,54613,-49003,2,0,0,14625,132216,132216,0,0,8263,76785,332047,1316250,0,0,2160991,1316250,5848,54722,0,0,0,0,
172,173,865,578,11,14,-25,0,0,30,9,1,1,0,0,0,65536,65536,65536,0,0,0,7500,9020,9020,0,0,0,0,1370910,27302,0,0,1371030,27302,65536,65536,0,0,0,0,
172,173,865,578,11,14,-25,0,1,65,9,24,1,0,0,0,2048,2048,0,0,0,0,0,14726,14726,0,0,735,0,1178,0,0,0,5580,0,65536,2048,0,0,0,0,
172,173,865,578,11,14,-25,0,2,69,9,24,23,0,0,0,62805,62805,0,0,0,0,0,643996,616496,0,27500,0,0,918167,0,0,0,2794037,0,65536,65535,0,0,0,0,
172,173,865,578,11,14,-25,0,3,79,2,24,1,0,0,0,2048,2048,0,0,0,0,0,3333,3333,0,0,0,0,1599,0,0,0,7597,0,65536,2048,0,0,0,0,
172,173,865,578,11,14,-25,0,4,90,2,1,1,0,0,0,65536,65536,65536,0,0,0,5000,14775,14775,0,0,0,0,277289,2000,0,0,1263245,2000,65536,65536,0,0,0,0,
172,173,865,578,11,14,-25,0,5,98,2,1,1,0,0,0,2048,2048,-11422,0,0,0,156,299,299,0,0,0,0,107,1850,0,0,511,1850,-49801,2048,0,0,0,0,
172,173,865,578,11,14,-25,0,6,102,8,24,12,0,0,0,32768,32768,0,0,0,0,0,216000,191280,0,24720,14520,0,38256,0,0,0,210458,0,65536,33647,0,0,0,0,
172,173,865,578,11,14,-25,0,7,106,20,1,1,0,0,0,65536,65536,0,0,0,0,0,0,0,0,0,0,0,0,0,0,0,0,0,0,65536,0,0,0,0,
172,173,865,578,11,14,-25,0,8,203,20,18,18,36,36,0,65536,65536,65536,0,0,0,0,9000,9000,0,0,4500,0,7200000,0,4100040,4100040,7200000,4100040,61573,65536,3228120,3228120,871920,871920,
172,173,865,578,11,14,-25,0,9,238,12,24,3,0,0,0,8192,8192,65536,0,0,0,150,64800,58620,0,6180,10725,0,94128,13500,0,0,182728,13500,53103,10922,0,0,0,0,
172,173,865,578,11,14,-25,0,10,239,9,24,0,0,0,0,0,0,0,3,0,1,0,0,0,0,0,0,0,0,0,0,0,0,0,-59859,0,0,0,0,0,
172,173,865,578,11,14,-25,0,11,242,20,1,1,2,2,0,65536,65536,2981,0,0,0,0,12500,12500,0,0,2500,0,187500,0,179340,179340,187500,179340,-5953,65536,179340,179340,0,0,
172,173,865,578,11,14,-25,0,12,251,9,24,0,0,0,0,0,0,0,3,0,1,0,0,0,0,0,0,0,0,0,0,0,0,0,1880,0,0,0,0,0,
173,174,870,578,11,14,-25,0,0,30,9,1,1,0,0,0,65536,65536,65536,0,0,0,7500,9020,9020,0,0,0,0,1370910,27692,0,0,1371030,27692,65536,65536,0,0,0,0,
173,174,870,578,11,14,-25,0,1,65,9,24,1,0,0,0,2048,2048,0,0,0,0,0,14726,14726,0,0,735,0,1178,0,0,0,5580,0,65536,2048,0,0,0,0,
173,174,870,578,11,14,-25,0,2,69,9,24,23,0,0,0,62805,62805,0,0,0,0,0,643996,616496,0,27500,0,0,1007838,0,0,0,2784677,0,65536,65535,0,0,0,0,
173,174,870,578,11,14,-25,0,3,79,2,24,1,0,0,0,2048,2048,0,0,0,0,0,3333,3333,0,0,0,0,1599,0,0,0,7597,0,65536,2048,0,0,0,0,
173,174,870,578,11,14,-25,0,4,90,2,1,1,0,0,0,17505,17505,65536,0,0,0,1335,3946,3946,0,0,0,0,63864,534,0,0,303388,534,65536,17505,0,0,0,0,
173,174,870,578,11,14,-25,0,5,98,2,1,1,0,0,0,2048,2048,-11344,0,0,0,156,299,299,0,0,0,0,107,1838,0,0,511,1838,-49705,2048,0,0,0,0,
173,174,870,578,11,14,-25,0,6,102,8,24,11,0,0,0,30037,30037,0,0,0,0,0,197997,175337,0,22660,13309,0,35067,0,0,0,203002,0,65536,32455,0,0,0,0,
173,174,870,578,11,14,-25,0,7,106,20,1,1,0,0,0,65536,65536,0,0,0,0,0,0,0,0,0,0,0,0,0,0,0,0,0,0,65536,0,0,0,0,
173,174,870,578,11,14,-25,0,8,203,20,18,18,36,36,0,65536,65536,65536,0,0,0,0,9000,9000,0,0,4500,0,7200000,0,4100040,4100040,7200000,4100040,61573,65536,3228120,3228120,871920,871920,
173,174,870,578,11,14,-25,0,9,238,12,24,3,0,0,0,8192,8192,65536,0,0,0,150,64800,58620,0,6180,10725,0,101446,12138,0,0,193928,12138,57455,10922,0,0,0,0,
173,174,870,578,11,14,-25,0,10,239,9,24,0,0,0,0,0,0,0,3,0,1,0,0,0,0,0,0,0,0,0,0,0,0,0,-59222,0,0,0,0,0,
173,174,870,578,11,14,-25,0,11,242,20,1,1,2,2,0,65536,65536,2981,0,0,0,0,12500,12500,0,0,2500,0,187500,0,179340,179340,187500,179340,-5953,65536,179340,179340,0,0,
173,174,870,578,11,14,-25,0,12,251,9,24,0,0,0,0,0,0,0,3,1,1,0,0,0,0,0,0,0,0,0,0,0,0,0,8989,0,0,0,0,0,
174,175,875,578,11,14,-25,0,0,30,9,1,1,0,0,0,65536,65536,65536,0,0,0,7500,9020,9020,0,0,0,0,1370910,28297,0,0,1371030,28297,65536,65536,0,0,0,0,
174,175,875,578,11,14,-25,0,1,65,9,24,1,0,0,0,2048,2048,0,0,0,0,0,14726,14726,0,0,735,0,1178,0,0,0,5580,0,65536,2048,0,0,0,0,
174,175,875,578,11,14,-25,0,2,69,9,24,23,0,0,0,62805,62805,0,0,0,0,0,643996,590096,0,53900,0,0,953601,0,0,0,2767877,0,65536,65535,0,0,0,0,
174,175,875,578,11,14,-25,0,3,79,2,24,1,0,0,0,2048,2048,0,0,0,0,0,3333,3333,0,0,0,0,1599,0,0,0,7597,0,65536,2048,0,0,0,0,
174,175,875,578,11,14,-25,0,4,90,2,1,1,0,0,0,2048,2048,65536,0,0,0,156,461,461,0,0,0,0,31046,62,0,0,31148,62,65536,2048,0,0,0,0,
174,175,875,578,11,14,-25,0,5,98,2,1,1,0,0,0,2048,2048,-12052,0,0,0,156,299,299,0,0,0,0,107,1946,0,0,511,1946,-50581,2048,0,0,0,0,
174,175,875,578,11,14,-25,0,6,102,8,24,17,0,0,0,46421,46421,0,0,0,0,0,305997,270977,0,35020,20569,0,127192,0,0,0,313276,0,65536,48995,0,0,0,0,
174,175,875,578,11,14,-25,0,7,106,20,1,1,0,0,0,65536,65536,0,0,0,0,0,0,0,0,0,0,0,0,0,0,0,0,0,0,65536,0,0,0,0,
174,175,875,578,11,14,-25,0,8,203,20,18,18,36,36,0,65536,65536,65536,0,0,0,0,9000,9000,0,0,4500,0,7200000,0,4100040,4100040,7200000,4100040,61573,65536,3228120,3228120,871920,871920,
174,175,875,578,11,14,-25,0,9,238,12,24,24,0,0,0,65536,65536,65536,0,0,0,1200,518400,468960,0,49440,85800,0,406561,85216,0,0,1271520,85216,64094,65536,0,0,0,0,
174,175,875,578,11,14,-25,0,10,239,9,24,0,0,0,0,0,0,0,3,0,1,0,0,0,0,0,0,0,0,0,0,0,0,0,-58341,0,0,0,0,0,
174,175,875,578,11,14,-25,0,11,242,20,1,1,2,2,0,65536,65536,2981,0,0,0,0,12500,12500,0,0,2500,0,187500,0,179340,179340,187500,179340,-5953,65536,179340,179340,0,0,
174,175,875,578,11,14,-25,0,12,251,9,24,24,0,0,0,65536,65536,-14176,0,0,0,24000,216960,216960,0,0,13560,126000,1335655,1704336,0,0,2571600,1704336,24365,65536,0,0,0,0,
175,176,880,578,11,14,-25,0,0,30,9,1,1,0,0,0,65536,65536,65536,0,0,0,7500,9020,9020,0,0,0,0,1370910,27730,0,0,1371030,27730,65536,65536,0,0,0,0,
175,176,880,578,11,14,-25,0,1,65,9,24,1,0,0,0,2048,2048,0,0,0,0,0,14726,14726,0,0,735,0,1178,0,0,0,5580,0,65536,2048,0,0,0,0,
175,176,880,578,11,14,-25,0,2,69,9,24,23,0,0,0,62805,62805,0,0,0,0,0,643996,590096,0,53900,0,0,1060587,0,0,0,2768597,0,65536,65535,0,0,0,0,
175,176,880,578,11,14,-25,0,3,79,2,24,1,0,0,0,2048,2048,0,0,0,0,0,3333,3333,0,0,0,0,1599,0,0,0,7597,0,65536,2048,0,0,0,0,
175,176,880,578,11,14,-25,0,4,90,2,1,1,0,0,0,65536,65536,65536,0,0,0,5000,14775,14775,0,0,0,0,1027722,2000,0,0,1027775,2000,65536,65536,0,0,0,0,
175,176,880,578,11,14,-25,0,5,98,2,1,1,0,0,0,2048,2048,-12235,0,0,0,156,299,299,0,0,0,0,107,1974,0,0,511,1974,-50791,2048,0,0,0,0,
175,176,880,578,11,14,-25,0,6,102,8,24,20,0,0,0,54613,54613,0,0,0,0,0,359997,318797,0,41200,24199,0,237766,0,0,0,381568,0,65536,57265,0,0,0,0,
175,176,880,578,11,14,-25,0,7,106,20,1,1,0,0,0,65536,65536,0,0,0,0,0,0,0,0,0,0,0,0,0,0,0,0,0,0,65536,0,0,0,0,
175,176,880,578,11,14,-25,0,8,203,20,18,18,36,36,0,65536,65536,65536,0,0,0,0,9000,9000,0,0,4500,0,7200000,0,4100040,4100040,7200000,4100040,61573,65536,3228120,3228120,871920,871920,
175,176,880,578,11,14,-25,0,9,238,12,24,3,0,0,0,8192,8192,65536,0,0,0,150,64800,58620,0,6180,10725,0,28288,10983,0,0,198027,10983,59382,10922,0,0,0,0,
175,176,880,578,11,14,-25,0,10,239,9,24,0,0,0,0,0,0,0,3,0,1,0,0,0,0,0,0,0,0,0,0,0,0,0,-58558,0,0,0,0,0,
175,176,880,578,11,14,-25,0,11,242,20,1,1,2,2,0,65536,65536,2981,0,0,0,0,12500,12500,0,0,2500,0,187500,0,179340,179340,187500,179340,-5953,65536,179340,179340,0,0,
175,176,880,578,11,14,-25,0,12,251,9,24,24,0,0,0,21960,65536,-42167,0,0,0,8041,72699,72699,0,0,4543,42220,209951,588794,0,0,2607960,588794,22885,65536,0,0,0,0,
176,177,885,578,11,14,-25,0,0,30,9,1,1,0,0,0,65536,65536,65536,0,0,0,7500,9020,9020,0,0,0,0,1370910,27262,0,0,1371030,27262,65536,65536,0,0,0,0,
176,177,885,578,11,14,-25,0,1,65,9,24,1,0,0,0,2048,2048,0,0,0,0,0,14726,14726,0,0,735,0,1178,0,0,0,5580,0,65536,2048,0,0,0,0,
176,177,885,578,11,14,-25,0,2,69,9,24,23,0,0,0,62805,62805,0,0,0,0,0,643996,590096,0,53900,0,0,1117050,0,0,0,2780597,0,65536,65535,0,0,0,0,
176,177,885,578,11,14,-25,0,3,79,2,24,1,0,0,0,2048,2048,0,0,0,0,0,3333,3333,0,0,0,0,1599,0,0,0,7597,0,65536,2048,0,0,0,0,
176,177,885,578,11,14,-25,0,4,90,2,1,1,0,0,0,65536,65536,65536,0,0,0,5000,14775,14775,0,0,0,0,1158504,2000,0,0,1158565,2000,65536,65536,0,0,0,0,
176,177,885,578,11,14,-25,0,5,98,2,1,1,0,0,0,2048,2048,-12183,0,0,0,156,299,299,0,0,0,0,107,1966,0,0,511,1966,-50734,2048,0,0,0,0,
176,177,885,578,11,14,-25,0,6,102,8,24,22,0,0,0,60074,60074,0,0,0,0,0,395995,350675,0,45320,26619,0,155903,0,0,0,416878,0,65536,61400,0,0,0,0,
176,177,885,578,11,14,-25,0,7,106,20,1,1,0,0,0,65536,65536,0,0,0,0,0,0,0,0,0,0,0,0,0,0,0,0,0,0,65536,0,0,0,0,
176,177,885,578,11,14,-25,0,8,203,20,18,18,36,36,0,65536,65536,65536,0,0,0,0,9000,9000,0,0,4500,0,7200000,0,4100040,4100040,7200000,4100040,61573,65536,3228120,3228120,871920,871920,
176,177,885,578,11,14,-25,0,9,238,12,24,3,0,0,0,8192,8192,65536,0,0,0,150,64800,58620,0,6180,10725,0,26406,12381,0,0,184328,12381,54191,10922,0,0,0,0,
176,177,885,578,11,14,-25,0,10,239,9,24,0,0,0,0,0,0,0,3,0,1,0,0,0,0,0,0,0,0,0,0,0,0,0,-59346,0,0,0,0,0,
176,177,885,578,11,14,-25,0,11,242,20,1,1,2,2,0,65536,65536,2981,0,0,0,0,12500,12500,0,0,2500,0,187500,0,179340,179340,187500,179340,-5953,65536,179340,179340,0,0,
176,177,885,578,11,14,-25,0,12,251,9,24,24,0,0,0,39938,65536,-40385,1,0,0,14625,132216,132216,0,0,8263,76785,463266,1207176,0,0,2598000,1207176,12603,65536,0,0,0,0,
177,178,890,578,11,14,-25,0,0,30,9,1,1,0,0,0,65536,65536,65536,0,0,0,7500,9020,9020,0,0,0,0,1370910,27275,0,0,1371030,27275,65536,65536,0,0,0,0,
177,178,890,578,11,14,-25,0,1,65,9,24,1,0,0,0,2048,2048,0,0,0,0,0,14726,14726,0,0,735,0,1178,0,0,0,5580,0,65536,2048,0,0,0,0,
177,178,890,578,11,14,-25,0,2,69,9,24,23,0,0,0,62805,62805,0,0,0,0,0,643996,592296,0,51700,0,0,1192306,0,0,0,2805557,0,65536,65535,0,0,0,0,
177,178,890,578,11,14,-25,0,3,79,2,24,1,0,0,0,2048,2048,0,0,0,0,0,3333,3333,0,0,0,0,1599,0,0,0,7597,0,65536,2048,0,0,0,0,
177,178,890,578,11,14,-25,0,4,90,2,1,1,0,0,0,65536,65536,65536,0,0,0,5000,14775,14775,0,0,0,0,1263180,2000,0,0,1263245,2000,65536,65536,0,0,0,0,
177,178,890,578,11,14,-25,0,5,98,2,1,1,0,0,0,2048,2048,-11934,0,0,0,156,299,299,0,0,0,0,107,1928,0,0,511,1928,-50438,2048,0,0,0,0,
177,178,890,578,11,14,-25,0,6,102,8,24,22,0,0,0,60074,60074,0,0,0,0,0,395995,350675,0,45320,26619,0,75605,0,0,0,408445,0,65536,60517,0,0,0,0,
177,178,890,578,11,14,-25,0,7,106,20,1,1,0,0,0,65536,65536,0,0,0,0,0,0,0,0,0,0,0,0,0,0,0,0,0,0,65536,0,0,0,0,
177,178,890,578,11,14,-25,0,8,203,20,18,18,36,36,0,65536,65536,65536,0,0,0,0,9000,9000,0,0,4500,0,7200000,0,4100040,4100040,7200000,4100040,61573,65536,3228120,3228120,871920,871920,
177,178,890,578,11,14,-25,0,9,238,12,24,3,0,0,0,8192,8192,59686,0,0,0,150,64800,58620,0,6180,10725,0,25795,13500,0,0,179849,13500,52160,10922,0,0,0,0,
177,178,890,578,11,14,-25,0,10,239,9,24,0,0,0,0,0,0,0,3,0,1,0,0,0,0,0,0,0,0,0,0,0,0,0,-59859,0,0,0,0,0,
177,178,890,578,11,14,-25,0,11,242,20,1,1,2,2,0,65536,65536,2981,0,0,0,0,12500,12500,0,0,2500,0,187500,0,179340,179340,187500,179340,-5953,65536,179340,179340,0,0,
177,178,890,578,11,14,-25,0,12,251,9,24,22,0,0,0,39938,60074,-49264,2,0,0,14625,132216,132216,0,0,8263,76785,326811,1316250,0,0,2389669,1316250,4723,61482,0,0,0,0,
178,179,895,578,11,14,-25,0,0,30,9,1,1,0,0,0,65536,65536,65536,0,0,0,7500,9020,9020,0,0,0,0,1370910,27612,0,0,1371030,27612,65536,65536,0,0,0,0,
178,179,895,578,11,14,-25,0,1,65,9,24,1,0,0,0,2048,2048,0,0,0,0,0,14726,14726,0,0,735,0,1178,0,0,0,5580,0,65536,2048,0,0,0,0,
178,179,895,578,11,14,-25,0,2,69,9,24,23,0,0,0,62805,62805,0,0,0,0,0,643996,616496,0,27500,0,0,1279668,0,0,0,2839756,0,65536,65535,0,0,0,0,
178,179,895,578,11,14,-25,0,3,79,2,24,1,0,0,0,2048,2048,0,0,0,0,0,3333,3333,0,0,0,0,1599,0,0,0,7597,0,65536,2048,0,0,0,0,
178,179,895,578,11,14,-25,0,4,90,2,1,1,0,0,0,65536,65536,65536,0,0,0,5000,14775,14775,0,0,0,0,407225,2000,0,0,1263245,2000,65536,65536,0,0,0,0,
178,179,895,578,11,14,-25,0,5,98,2,1,1,0,0,0,2048,2048,-11442,0,0,0,156,299,299,0,0,0,0,107,1853,0,0,511,1853,-49834,2048,0,0,0,0,
178,179,895,578,11,14,-25,0,6,102,8,24,19,0,0,0,51882,51882,0,0,0,0,0,341995,302855,0,39140,22989,0,63236,0,0,0,345587,0,65536,52912,0,0,0,0,
178,179,895,578,11,14,-25,0,7,106,20,1,1,0,0,0,65536,65536,0,0,0,0,0,0,0,0,0,0,0,0,0,0,0,0,0,0,65536,0,0,0,0,
178,179,895,578,11,14,-25,0,8,203,20,18,18,36,36,0,65536,65536,65536,0,0,0,0,9000,9000,0,0,4500,0,7200000,0,4100040,4100040,7200000,4100040,61573,65536,3228120,3228120,871920,871920,
178,179,895,578,11,14,-25,0,9,238,12,24,3,0,0,0,8192,8192,65536,0,0,0,150,64800,58620,0,6180,10725,0,93333,13500,0,0,181508,13500,52704,10922,0,0,0,0,
178,179,895,578,11,14,-25,0,10,239,9,24,0,0,0,0,0,0,0,3,0,1,0,0,0,0,0,0,0,0,0,0,0,0,0,-59859,0,0,0,0,0,
178,179,895,578,11,14,-25,0,11,242,20,1,1,2,2,0,65536,65536,2981,0,0,0,0,12500,12500,0,0,2500,0,187500,0,179340,179340,187500,179340,-5953,65536,179340,179340,0,0,
178,179,895,578,11,14,-25,0,12,251,9,24,0,0,0,0,0,0,0,3,0,1,0,0,0,0,0,0,0,0,0,0,0,0,0,2012,0,0,0,0,0,
179,180,900,578,11,14,-25,0,0,30,9,1,1,0,0,0,65536,65536,65536,0,0,0,7500,9020,9020,0,0,0,0,1370910,28155,0,0,1371030,28155,65536,65536,0,0,0,0,
179,180,900,578,11,14,-25,0,1,65,9,24,1,0,0,0,2048,2048,0,0,0,0,0,14726,14726,0,0,735,0,1178,0,0,0,5580,0,65536,2048,0,0,0,0,
179,180,900,578,11,14,-25,0,2,69,9,24,23,0,0,0,62805,62805,0,0,0,0,0,643996,616496,0,27500,0,0,1383557,0,0,0,2888115,0,65536,65535,0,0,0,0,
179,180,900,578,11,14,-25,0,3,79,2,24,1,0,0,0,2048,2048,0,0,0,0,0,3333,3333,0,0,0,0,1599,0,0,0,7597,0,65536,2048,0,0,0,0,
179,180,900,578,11,14,-25,0,4,90,2,1,1,0,0,0,19139,19139,65536,0,0,0,1460,4314,4314,0,0,0,0,70063,584,0,0,332864,584,65536,19139,0,0,0,0,
179,180,900,578,11,14,-25,0,5,98,2,1,1,0,0,0,2048,2048,-11540,0,0,0,156,299,299,0,0,0,0,107,1868,0,0,511,1868,-49956,2048,0,0,0,0,
179,180,900,578,11,14,-25,0,6,102,8,24,15,0,0,0,40960,40960,0,0,0,0,0,270000,239100,0,30900,18150,0,47820,0,0,0,259227,0,65536,41444,0,0,0,0,
179,180,900,578,11,14,-25,0,7,106,20,1,1,0,0,0,65536,65536,0,0,0,0,0,0,0,0,0,0,0,0,0,0,0,0,0,0,65536,0,0,0,0,
179,180,900,578,11,14,-25,0,8,203,20,18,18,36,36,0,65536,65536,65536,0,0,0,0,9000,9000,0,0,4500,0,7200000,0,4100040,4100040,7200000,4100040,61573,65536,3228120,3228120,871920,871920,
179,180,900,578,11,14,-25,0,9,238,12,24,3,0,0,0,8192,8192,65536,0,0,0,150,64800,58620,0,6180,10725,0,95926,12180,0,0,185488,12180,54670,10922,0,0,0,0,
179,180,900,578,11,14,-25,0,10,239,9,24,0,0,0,0,0,0,0,3,0,1,0,0,0,0,0,0,0,0,0,0,0,0,0,-59244,0,0,0,0,0,
179,180,900,578,11,14,-25,0,11,242,20,1,1,2,2,0,65536,65536,2981,0,0,0,0,12500,12500,0,0,2500,0,187500,0,179340,179340,187500,179340,-5953,65536,179340,179340,0,0,
179,180,900,578,11,14,-25,0,12,251,9,24,0,0,0,0,0,0,0,3,1,1,0,0,0,0,0,0,0,0,0,0,0,0,0,9919,0,0,0,0,0,
180,181,905,578,11,14,-25,0,0,30,9,1,1,0,0,0,65536,65536,65536,0,0,0,7500,9020,9020,0,0,0,0,1370910,28810,0,0,1371030,28810,65536,65536,0,0,0,0,
180,181,905,578,11,14,-25,0,1,65,9,24,1,0,0,0,2048,2048,0,0,0,0,0,14726,14726,0,0,735,0,1178,0,0,0,5580,0,65536,2048,0,0,0,0,
180,181,905,578,11,14,-25,0,2,69,9,24,23,0,0,0,62805,62805,0,0,0,0,0,643996,590096,0,53900,0,0,1386326,0,0,0,2935875,0,65536,65535,0,0,0,0,
180,181,905,578,11,14,-25,0,3,79,2,24,1,0,0,0,2048,2048,0,0,0,0,0,3333,3333,0,0,0,0,1599,0,0,0,7597,0,65536,2048,0,0,0,0,
180,181,905,578,11,14,-25,0,4,90,2,1,1,0,0,0,2048,2048,65536,0,0,0,156,461,461,0,0,0,0,31184,62,0,0,31287,62,65536,2048,0,0,0,0,
180,181,905,578,11,14,-25,0,5,98,2,1,1,0,0,0,2048,2048,-12445,0,0,0,156,299,299,0,0,0,0,107,2006,0,0,511,2006,-51032,2048,0,0,0,0,
180,181,905,578,11,14,-25,0,6,102,8,24,11,0,0,0,30037,30037,0,0,0,0,0,197997,175337,0,22660,13309,0,35067,0,0,0,204259,0,65536,32656,0,0,0,0,
180,181,905,578,11,14,-25,0,7,106,20,1,1,0,0,0,65536,65536,0,0,0,0,0,0,0,0,0,0,0,0,0,0,0,0,0,0,65536,0,0,0,0,
180,181,905,578,11,14,-25,0,8,203,20,18,18,36,36,0,65536,65536,65536,0,0,0,0,9000,9000,0,0,4500,0,7200000,0,4100040,4100040,7200000,4100040,61573,65536,3228120,3228120,871920,871920,
180,181,905,578,11,14,-25,0,9,238,12,24,3,0,0,0,8192,8192,65536,0,0,0,150,64800,58620,0,6180,10725,0,100443,10699,0,0,192388,10699,57678,10922,0,0,0,0,
180,181,905,578,11,14,-25,0,10,239,9,24,0,0,0,0,0,0,0,3,0,1,0,0,0,0,0,0,0,0,0,0,0,0,0,-58373,0,0,0,0,0,
180,181,905,578,11,14,-25,0,11,242,20,1,1,2,2,0,65536,65536,2981,0,0,0,0,12500,12500,0,0,2500,0,187500,0,179340,179340,187500,179340,-5953,65536,179340,179340,0,0,
180,181,905,578,11,14,-25,0,12,251,9,24,24,0,0,0,65536,65536,-2420,0,0,0,24000,216960,216960,0,0,13560,126000,1648683,1711920,0,0,2651400,1711920,26741,65536,0,0,0,0,
181,182,910,578,11,14,-25,0,0,30,9,1,1,0,0,0,65536,65536,65536,0,0,0,7500,9020,9020,0,0,0,0,1370910,29712,0,0,1371030,29712,65536,65536,0,0,0,0,
181,182,910,578,11,14,-25,0,1,65,9,24,1,0,0,0,2048,2048,0,0,0,0,0,14726,14726,0,0,735,0,1178,0,0,0,5580,0,65536,2048,0,0,0,0,
181,182,910,578,11,14,-25,0,2,69,9,24,23,0,0,0,62805,62805,0,0,0,0,0,643996,591196,0,52800,0,0,1340105,0,0,0,2974874,0,65536,65535,0,0,0,0,
181,182,910,578,11,14,-25,0,3,79,2,24,1,0,0,0,2048,2048,0,0,0,0,0,3333,3333,0,0,0,0,1599,0,0,0,7597,0,65536,2048,0,0,0,0,
181,182,910,578,11,14,-25,0,4,90,2,1,1,0,0,0,65536,65536,65536,0,0,0,5000,14775,14775,0,0,0,0,1032760,2000,0,0,1032815,2000,65536,65536,0,0,0,0,
181,182,910,578,11,14,-25,0,5,98,2,1,1,0,0,0,2048,2048,-12537,0,0,0,156,299,299,0,0,0,0,107,2020,0,0,511,2020,-51132,2048,0,0,0,0,
181,182,910,578,11,14,-25,0,6,102,8,24,11,0,0,0,30037,30037,0,0,0,0,0,197997,175337,0,22660,13309,0,35067,0,0,0,192975,0,65536,30852,0,0,0,0,
181,182,910,578,11,14,-25,0,7,106,20,1,1,0,0,0,65536,65536,0,0,0,0,0,0,0,0,0,0,0,0,0,0,0,0,0,0,65536,0,0,0,0,
181,182,910,578,11,14,-25,0,8,203,20,18,18,36,36,0,65536,65536,65536,0,0,0,0,9000,9000,0,0,4500,0,7200000,0,4100040,4100040,7200000,4100040,61573,65536,3228120,3228120,871920,871920,
181,182,910,578,11,14,-25,0,9,238,12,24,24,0,0,0,65536,65536,65536,0,0,0,1200,518400,468960,0,49440,85800,0,439165,88299,0,0,1240800,88299,62226,65536,0,0,0,0,
181,182,910,578,11,14,-25,0,10,239,9,24,0,0,0,0,0,0,0,3,0,1,0,0,0,0,0,0,0,0,0,0,0,0,0,-58592,0,0,0,0,0,
181,182,910,578,11,14,-25,0,11,242,20,1,1,2,2,0,65536,65536,2981,0,0,0,0,12500,12500,0,0,2500,0,187500,0,179340,179340,187500,179340,-5953,65536,179340,179340,0,0,
181,182,910,578,11,14,-25,0,12,251,9,24,23,0,0,0,22937,62805,-44674,0,0,0,8399,75934,75934,0,0,4745,44098,196729,618023,0,0,2592434,618023,24543,63635,0,0,0,0,
182,183,915,578,11,14,-25,0,0,30,9,1,1,0,0,0,65536,65536,65536,0,0,0,7500,9020,9020,0,0,0,0,1370910,29460,0,0,1371030,29460,65536,65536,0,0,0,0,
182,183,915,578,11,14,-25,0,1,65,9,24,1,0,0,0,2048,2048,0,0,0,0,0,14726,14726,0,0,735,0,1178,0,0,0,5580,0,65536,2048,0,0,0,0,
182,183,915,578,11,14,-25,0,2,69,9,24,23,0,0,0,62805,62805,0,0,0,0,0,643996,591196,0,52800,0,0,1353041,0,0,0,3014474,0,65536,65535,0,0,0,0,
182,183,915,578,11,14,-25,0,3,79,2,24,1,0,0,0,2048,2048,0,0,0,0,0,3333,3333,0,0,0,0,1599,0,0,0,7597,0,65536,2048,0,0,0,0,
182,183,915,578,11,14,-25,0,4,90,2,1,1,0,0,0,65536,65536,65536,0,0,0,5000,14775,14775,0,0,0,0,1159464,2000,0,0,1159525,2000,65536,65536,0,0,0,0,
182,183,915,578,11,14,-25,0,5,98,2,1,1,0,0,0,2048,2048,-12517,0,0,0,156,299,299,0,0,0,0,107,2017,0,0,511,2017,-51107,2048,0,0,0,0,
182,183,915,578,11,14,-25,0,6,102,8,24,17,0,0,0,46421,46421,0,0,0,0,0,305997,270977,0,35020,20569,0,148629,0,0,0,309036,0,65536,48194,0,0,0,0,
182,183,915,578,11,14,-25,0,7,106,20,1,1,0,0,0,65536,65536,0,0,0,0,0,0,0,0,0,0,0,0,0,0,0,0,0,0,65536,0,0,0,0,
182,183,915,578,11,14,-25,0,8,203,20,18,18,36,36,0,65536,65536,65536,0,0,0,0,9000,9000,0,0,4500,0,7200000,0,4100040,4100040,7200000,4100040,61573,65536,3228120,3228120,871920,871920,
182,183,915,578,11,14,-25,0,9,238,12,24,3,0,0,0,8192,8192,65536,0,0,0,150,64800,58620,0,6180,10725,0,27619,12391,0,0,193168,12391,57081,10922,0,0,0,0,
182,183,915,578,11,14,-25,0,10,239,9,24,0,0,0,0,0,0,0,3,0,1,0,0,0,0,0,0,0,0,0,0,0,0,0,-59351,0,0,0,0,0,
182,183,915,578,11,14,-25,0,11,242,20,1,1,2,2,0,65536,65536,2981,0,0,0,0,12500,12500,0,0,2500,0,187500,0,179340,179340,187500,179340,-5953,65536,179340,179340,0,0,
182,183,915,578,11,14,-25,0,12,251,9,24,23,0,0,0,39938,62805,-37272,1,0,0,14625,132216,132216,0,0,8263,76785,521047,1208171,0,0,2626643,1208171,14557,64585,0,0,0,0,
183,184,920,578,11,14,-25,0,0,30,9,1,1,0,0,0,65536,65536,65536,0,0,0,7500,9020,9020,0,0,0,0,1370910,29160,0,0,1371030,29160,65536,65536,0,0,0,0,
183,184,920,578,11,14,-25,0,1,65,9,24,1,0,0,0,2048,2048,0,0,0,0,0,14726,14726,0,0,735,0,1178,0,0,0,5580,0,65536,2048,0,0,0,0,
183,184,920,578,11,14,-25,0,2,69,9,24,23,0,0,0,62805,62805,0,0,0,0,0,643996,593396,0,50600,0,0,1350999,0,0,0,3051433,0,65536,65535,0,0,0,0,
183,184,920,578,11,14,-25,0,3,79,2,24,1,0,0,0,2048,2048,0,0,0,0,0,3333,3333,0,0,0,0,1599,0,0,0,7597,0,65536,2048,0,0,0,0,
183,184,920,578,11,14,-25,0,4,90,2,1,1,0,0,0,65536,65536,65536,0,0,0,5000,14775,14775,0,0,0,0,1263180,2000,0,0,1263245,2000,65536,65536,0,0,0,0,
183,184,920,578,11,14,-25,0,5,98,2,1,1,0,0,0,2048,2048,-12202,0,0,0,156,299,299,0,0,0,0,107,1969,0,0,511,1969,-50756,2048,0,0,0,0,
183,184,920,578,11,14,-25,0,6,102,8,24,20,0,0,0,54613,54613,0,0,0,0,0,359997,318797,0,41200,24199,0,111257,0,0,0,369948,0,65536,56865,0,0,0,0,
183,184,920,578,11,14,-25,0,7,106,20,1,1,0,0,0,65536,65536,0,0,0,0,0,0,0,0,0,0,0,0,0,0,0,0,0,0,65536,0,0,0,0,
183,184,920,578,11,14,-25,0,8,203,20,18,18,36,36,0,65536,65536,65536,0,0,0,0,9000,9000,0,0,4500,0,7200000,0,4100040,4100040,7200000,4100040,61573,65536,3228120,3228120,871920,871920,
183,184,920,578,11,14,-25,0,9,238,12,24,3,0,0,0,8192,8192,58958,0,0,0,150,64800,58620,0,6180,10725,0,25645,13500,0,0,178769,13500,51806,10922,0,0,0,0,
183,184,920,578,11,14,-25,0,10,239,9,24,0,0,0,0,0,0,0,3,0,1,0,0,0,0,0,0,0,0,0,0,0,0,0,-59859,0,0,0,0,0,
183,184,920,578,11,14,-25,0,11,242,20,1,1,2,2,0,65536,65536,2981,0,0,0,0,12500,12500,0,0,2500,0,187500,0,179340,179340,187500,179340,-5953,65536,179340,179340,0,0,
183,184,920,578,11,14,-25,0,12,251,9,24,21,0,0,0,39938,57344,-48913,2,0,0,14625,132216,132216,0,0,8263,76785,333845,1316250,0,0,2370095,1316250,6232,59696,0,0,0,0,
184,185,925,578,11,14,-25,0,0,30,9,1,1,0,0,0,65536,65536,65536,0,0,0,7500,9020,9020,0,0,0,0,1370910,29200,0,0,1371030,29200,65536,65536,0,0,0,0,
184,185,925,578,11,14,-25,0,1,65,9,24,1,0,0,0,2048,2048,0,0,0,0,0,14726,14726,0,0,735,0,1178,0,0,0,5580,0,65536,2048,0,0,0,0,
184,185,925,578,11,14,-25,0,2,69,9,24,23,0,0,0,62805,62805,0,0,0,0,0,643996,616496,0,27500,0,0,1362057,0,0,0,3084432,0,65536,65535,0,0,0,0,
184,185,925,578,11,14,-25,0,3,79,2,24,1,0,0,0,2048,2048,0,0,0,0,0,3333,3333,0,0,0,0,1599,0,0,0,7597,0,65536,2048,0,0,0,0,
184,185,925,578,11,14,-25,0,4,90,2,1,1,0,0,0,65536,65536,65536,0,0,0,5000,14775,14775,0,0,0,0,347488,2000,0,0,1263245,2000,65536,65536,0,0,0,0,
184,185,925,578,11,14,-25,0,5,98,2,1,1,0,0,0,2048,2048,-11645,0,0,0,156,299,299,0,0,0,0,107,1884,0,0,511,1884,-50093,2048,0,0,0,0,
184,185,925,578,11,14,-25,0,6,102,8,24,20,0,0,0,54613,54613,0,0,0,0,0,359997,318797,0,41200,24199,0,65863,0,0,0,354138,0,65536,54774,0,0,0,0,
184,185,925,578,11,14,-25,0,7,106,20,1,1,0,0,0,65536,65536,0,0,0,0,0,0,0,0,0,0,0,0,0,0,0,0,0,0,65536,0,0,0,0,
184,185,925,578,11,14,-25,0,8,203,20,18,18,36,36,0,65536,65536,65536,0,0,0,0,9000,9000,0,0,4500,0,7200000,0,4100040,4100040,7200000,4100040,61573,65536,3228120,3228120,871920,871920,
184,185,925,578,11,14,-25,0,9,238,12,24,3,0,0,0,8192,8192,55462,0,0,0,150,64800,58620,0,6180,10725,0,24925,13500,0,0,173589,13500,50108,10922,0,0,0,0,
184,185,925,578,11,14,-25,0,10,239,9,24,0,0,0,0,0,0,0,3,0,1,0,0,0,0,0,0,0,0,0,0,0,0,0,-59859,0,0,0,0,0,
184,185,925,578,11,14,-25,0,11,242,20,1,1,2,2,0,65536,65536,2981,0,0,0,0,12500,12500,0,0,2500,0,187500,0,179340,179340,187500,179340,-5953,65536,179340,179340,0,0,
184,185,925,578,11,14,-25,0,12,251,9,24,0,0,0,0,0,0,0,3,0,1,0,0,0,0,0,0,0,0,0,0,0,0,0,3144,0,0,0,0,0,
185,186,930,578,11,14,-25,0,0,30,9,1,1,0,0,0,65536,65536,65536,0,0,0,7500,9020,9020,0,0,0,0,1370910,29410,0,0,1371030,29410,65536,65536,0,0,0,0,
185,186,930,578,11,14,-25,0,1,65,9,24,1,0,0,0,2048,2048,0,0,0,0,0,14726,14726,0,0,735,0,1178,0,0,0,5580,0,65536,2048,0,0,0,0,
185,186,930,578,11,14,-25,0,2,69,9,24,23,0,0,0,62805,62805,0,0,0,0,0,643996,616496,0,27500,0,0,1389355,0,0,0,3118032,0,65536,65535,0,0,0,0,
185,186,930,578,11,14,-25,0,3,79,2,24,1,0,0,0,2048,2048,0,0,0,0,0,3333,3333,0,0,0,0,1599,0,0,0,7597,0,65536,2048,0,0,0,0,
185,186,930,578,11,14,-25,0,4,90,2,1,1,0,0,0,18389,18389,65536,0,0,0,1402,4145,4145,0,0,0,0,67216,560,0,0,319331,560,65536,18389,0,0,0,0,
185,186,930,578,11,14,-25,0,5,98,2,1,1,0,0,0,2048,2048,-11711,0,0,0,156,299,299,0,0,0,0,107,1894,0,0,511,1894,-50173,2048,0,0,0,0,
185,186,930,578,11,14,-25,0,6,102,8,24,16,0,0,0,43690,43690,0,0,0,0,0,287995,255035,0,32960,19359,0,51007,0,0,0,279674,0,65536,44713,0,0,0,0,
185,186,930,578,11,14,-25,0,7,106,20,1,1,0,0,0,65536,65536,0,0,0,0,0,0,0,0,0,0,0,0,0,0,0,0,0,0,65536,0,0,0,0,
185,186,930,578,11,14,-25,0,8,203,20,18,18,36,36,0,65536,65536,65536,0,0,0,0,9000,9000,0,0,4500,0,7200000,0,4100040,4100040,7200000,4100040,61573,65536,3228120,3228120,871920,871920,
185,186,930,578,11,14,-25,0,9,238,12,24,3,0,0,0,8192,8192,65536,0,0,0,150,64800,58620,0,6180,10725,0,30873,12162,0,0,172229,12162,50338,10922,0,0,0,0,
185,186,930,578,11,14,-25,0,10,239,9,24,0,0,0,0,0,0,0,3,0,1,0,0,0,0,0,0,0,0,0,0,0,0,0,-59234,0,0,0,0,0,
185,186,930,578,11,14,-25,0,11,242,20,1,1,2,2,0,65536,65536,2981,0,0,0,0,12500,12500,0,0,2500,0,187500,0,179340,179340,187500,179340,-5953,65536,179340,179340,0,0,
185,186,930,578,11,14,-25,0,12,251,9,24,0,0,0,0,0,0,0,3,1,1,0,0,0,0,0,0,0,0,0,0,0,0,0,11106,0,0,0,0,0,
186,187,935,578,11,14,-25,0,0,30,9,1,1,0,0,0,65536,65536,65536,0,0,0,7500,9020,9020,0,0,0,0,1370910,29655,0,0,1371030,29655,65536,65536,0,0,0,0,
186,187,935,578,11,14,-25,0,1,65,9,24,1,0,0,0,2048,2048,0,0,0,0,0,14726,14726,0,0,735,0,1178,0,0,0,5580,0,65536,2048,0,0,0,0,
186,187,935,578,11,14,-25,0,2,69,9,24,23,0,0,0,62805,62805,0,0,0,0,0,643996,590096,0,53900,0,0,1305582,0,0,0,3137472,0,65536,65535,0,0,0,0,
186,187,935,578,11,14,-25,0,3,79,2,24,1,0,0,0,2048,2048,0,0,0,0,0,3333,3333,0,0,0,0,1599,0,0,0,7597,0,65536,2048,0,0,0,0,
186,187,935,578,11,14,-25,0,4,90,2,1,1,0,0,0,2048,2048,65536,0,0,0,156,461,461,0,0,0,0,31123,62,0,0,31225,62,65536,2048,0,0,0,0,
186,187,935,578,11,14,-25,0,5,98,2,1,1,0,0,0,2048,2048,-12609,0,0,0,156,299,299,0,0,0,0,107,2031,0,0,511,2031,-51207,2048,0,0,0,0,
186,187,935,578,11,14,-25,0,6,102,8,24,13,0,0,0,35498,35498,0,0,0,0,0,233995,207215,0,26780,15729,0,41443,0,0,0,223680,0,65536,35761,0,0,0,0,
186,187,935,578,11,14,-25,0,7,106,20,1,1,0,0,0,65536,65536,0,0,0,0,0,0,0,0,0,0,0,0,0,0,0,0,0,0,65536,0,0,0,0,
186,187,935,578,11,14,-25,0,8,203,20,18,18,36,36,0,65536,65536,65536,0,0,0,0,9000,9000,0,0,4500,0,7200000,0,4100040,4100040,7200000,4100040,61573,65536,3228120,3228120,871920,871920,
186,187,935,578,11,14,-25,0,9,238,12,24,3,0,0,0,8192,8192,65536,0,0,0,150,64800,58620,0,6180,10725,0,88775,10678,0,0,174549,10678,51845,10922,0,0,0,0,
186,187,935,578,11,14,-25,0,10,239,9,24,0,0,0,0,0,0,0,3,0,1,0,0,0,0,0,0,0,0,0,0,0,0,0,-58359,0,0,0,0,0,
186,187,935,578,11,14,-25,0,11,242,20,1,1,2,2,0,65536,65536,2981,0,0,0,0,12500,12500,0,0,2500,0,187500,0,179340,179340,187500,179340,-5953,65536,179340,179340,0,0,
186,187,935,578,11,14,-25,0,12,251,9,24,24,0,0,0,65536,65536,-2899,0,0,0,24000,216960,216960,0,0,13560,126000,1632957,1708560,0,0,2683680,1708560,28049,65536,0,0,0,0,
187,188,940,578,11,14,-25,0,0,30,9,1,1,0,0,0,65536,65536,65536,0,0,0,7500,9020,9020,0,0,0,0,1370910,29952,0,0,1371030,29952,65536,65536,0,0,0,0,
187,188,940,578,11,14,-25,0,1,65,9,24,1,0,0,0,2048,2048,0,0,0,0,0,14726,14726,0,0,735,0,1178,0,0,0,5580,0,65536,2048,0,0,0,0,
187,188,940,578,11,14,-25,0,2,69,9,24,23,0,0,0,62805,62805,0,0,0,0,0,643996,592296,0,51700,0,0,1179745,0,0,0,3137472,0,65536,65535,0,0,0,0,
187,188,940,578,11,14,-25,0,3,79,2,24,1,0,0,0,2048,2048,0,0,0,0,0,3333,3333,0,0,0,0,1599,0,0,0,7597,0,65536,2048,0,0,0,0,
187,188,940,578,11,14,-25,0,4,90,2,1,1,0,0,0,65536,65536,65536,0,0,0,5000,14775,14775,0,0,0,0,1030574,2000,0,0,1030630,2000,65536,65536,0,0,0,0,
187,188,940,578,11,14,-25,0,5,98,2,1,1,0,0,0,2048,2048,-12668,0,0,0,156,299,299,0,0,0,0,107,2040,0,0,511,2040,-51270,2048,0,0,0,0,
187,188,940,578,11,14,-25,0,6,102,8,24,11,0,0,0,30037,30037,0,0,0,0,0,197997,175337,0,22660,13309,0,35067,0,0,0,197741,0,65536,31614,0,0,0,0,
187,188,940,578,11,14,-25,0,7,106,20,1,1,0,0,0,65536,65536,0,0,0,0,0,0,0,0,0,0,0,0,0,0,0,0,0,0,65536,0,0,0,0,
187,188,940,578,11,14,-25,0,8,203,20,18,18,36,36,0,65536,65536,65536,0,0,0,0,9000,9000,0,0,4500,0,7200000,0,4100040,4100040,7200000,4100040,61573,65536,3228120,3228120,871920,871920,
187,188,940,578,11,14,-25,0,9,238,12,24,3,0,0,0,8192,8192,65536,0,0,0,150,64800,58620,0,6180,10725,0,93501,11014,0,0,181768,11014,54034,10922,0,0,0,0,
187,188,940,578,11,14,-25,0,10,239,9,24,0,0,0,0,0,0,0,3,0,1,0,0,0,0,0,0,0,0,0,0,0,0,0,-58577,0,0,0,0,0,
187,188,940,578,11,14,-25,0,11,242,20,1,1,2,2,0,65536,65536,2981,0,0,0,0,12500,12500,0,0,2500,0,187500,0,179340,179340,187500,179340,-5953,65536,179340,179340,0,0,
187,188,940,578,11,14,-25,0,12,251,9,24,22,0,0,0,25343,60074,-44426,0,0,0,9280,83899,83899,0,0,5243,48724,219479,681402,0,0,2583099,681402,25605,62799,0,0,0,0,
188,189,945,578,11,14,-25,0,0,30,9,1,1,0,0,0,65536,65536,65536,0,0,0,7500,9020,9020,0,0,0,0,1370910,30272,0,0,1371030,30272,65536,65536,0,0,0,0,
188,189,945,578,11,14,-25,0,1,65,9,24,1,0,0,0,2048,2048,0,0,0,0,0,14726,14726,0,0,735,0,1178,0,0,0,5580,0,65536,2048,0,0,0,0,
188,189,945,578,11,14,-25,0,2,69,9,24,23,0,0,0,62805,62805,0,0,0,0,0,643996,593396,0,50600,0,0,1002242,0,0,0,3107232,0,65536,65535,0,0,0,0,
188,189,945,578,11,14,-25,0,3,79,2,24,1,0,0,0,2048,2048,0,0,0,0,0,3333,3333,0,0,0,0,1599,0,0,0,7597,0,65536,2048,0,0,0,0,
188,189,945,578,11,14,-25,0,4,90,2,1,1,0,0,0,65536,65536,65536,0,0,0,5000,14775,14775,0,0,0,0,1156761,2000,0,0,1156820,2000,65536,65536,0,0,0,0,
188,189,945,578,11,14,-25,0,5,98,2,1,1,0,0,0,2048,2048,-12340,0,0,0,156,299,299,0,0,0,0,107,1990,0,0,511,1990,-50915,2048,0,0,0,0,
188,189,945,578,11,14,-25,0,6,102,8,24,17,0,0,0,46421,46421,0,0,0,0,0,305997,270977,0,35020,20569,0,69040,0,0,0,305431,0,65536,48575,0,0,0,0,
188,189,945,578,11,14,-25,0,7,106,20,1,1,0,0,0,65536,65536,0,0,0,0,0,0,0,0,0,0,0,0,0,0,0,0,0,0,65536,0,0,0,0,
188,189,945,578,11,14,-25,0,8,203,20,18,18,36,36,0,65536,65536,65536,0,0,0,0,9000,9000,0,0,4500,0,7200000,0,4100040,4100040,7200000,4100040,61573,65536,3228120,3228120,871920,871920,
188,189,945,578,11,14,-25,0,9,238,12,24,24,0,0,0,65536,65536,65536,0,0,0,1200,518400,468960,0,49440,85800,0,419669,98901,0,0,1171680,98901,57783,65536,0,0,0,0,
188,189,945,578,11,14,-25,0,10,239,9,24,0,0,0,0,0,0,0,3,0,1,0,0,0,0,0,0,0,0,0,0,0,0,0,-59336,0,0,0,0,0,
188,189,945,578,11,14,-25,0,11,242,20,1,1,2,2,0,65536,65536,2981,0,0,0,0,12500,12500,0,0,2500,0,187500,0,179340,179340,187500,179340,-5953,65536,179340,179340,0,0,
188,189,945,578,11,14,-25,0,12,251,9,24,21,0,0,0,37071,57344,-47187,1,0,0,13575,122725,122725,0,0,7670,71272,313243,1118824,0,0,2368452,1118824,13688,59015,0,0,0,0,
189,190,950,578,11,14,-25,0,0,30,9,1,1,0,0,0,65536,65536,65536,0,0,0,7500,9020,9020,0,0,0,0,1370910,29605,0,0,1371030,29605,65536,65536,0,0,0,0,
189,190,950,578,11,14,-25,0,1,65,9,24,1,0,0,0,2048,2048,0,0,0,0,0,14726,14726,0,0,735,0,1178,0,0,0,5580,0,65536,2048,0,0,0,0,
189,190,950,578,11,14,-25,0,2,69,9,24,23,0,0,0,62805,62805,0,0,0,0,0,643996,594496,0,49500,0,0,1053114,0,0,0,3085752,0,65536,65535,0,0,0,0,
189,190,950,578,11,14,-25,0,3,79,2,24,1,0,0,0,2048,2048,0,0,0,0,0,3333,3333,0,0,0,0,1599,0,0,0,7597,0,65536,2048,0,0,0,0,
189,190,950,578,11,14,-25,0,4,90,2,1,1,0,0,0,65536,65536,65536,0,0,0,5000,14775,14775,0,0,0,0,1263180,2000,0,0,1263245,2000,65536,65536,0,0,0,0,
189,190,950,578,11,14,-25,0,5,98,2,1,1,0,0,0,2048,2048,-12097,0,0,0,156,299,299,0,0,0,0,107,1953,0,0,511,1953,-50638,2048,0,0,0,0,
189,190,950,578,11,14,-25,0,6,102,8,24,20,0,0,0,54613,54613,0,0,0,0,0,359997,318797,0,41200,24199,0,124832,0,0,0,365125,0,65536,57055,0,0,0,0,
189,190,950,578,11,14,-25,0,7,106,20,1,1,0,0,0,65536,65536,0,0,0,0,0,0,0,0,0,0,0,0,0,0,0,0,0,0,65536,0,0,0,0,
189,190,950,578,11,14,-25,0,8,203,20,18,18,36,36,0,65536,65536,65536,0,0,0,0,9000,9000,0,0,4500,0,7200000,0,4100040,4100040,7200000,4100040,61573,65536,3228120,3228120,871920,871920,
189,190,950,578,11,14,-25,0,9,238,12,24,3,0,0,0,8192,8192,61880,0,0,0,150,64800,58620,0,6180,10725,0,26247,13500,0,0,183188,13500,53254,10922,0,0,0,0,
189,190,950,578,11,14,-25,0,10,239,9,24,0,0,0,0,0,0,0,3,0,1,0,0,0,0,0,0,0,0,0,0,0,0,0,-59859,0,0,0,0,0,
189,190,950,578,11,14,-25,0,11,242,20,1,1,2,2,0,65536,65536,2981,0,0,0,0,12500,12500,0,0,2500,0,187500,0,179340,179340,187500,179340,-5953,65536,179340,179340,0,0,
189,190,950,578,11,14,-25,0,12,251,9,24,20,0,0,0,39938,54613,-49045,2,0,0,14625,132216,132216,0,0,8263,76785,331201,1316250,0,0,2199927,1316250,5663,55853,0,0,0,0,
190,191,955,578,11,14,-25,0,0,30,9,1,1,0,0,0,65536,65536,65536,0,0,0,7500,9020,9020,0,0,0,0,1370910,28930,0,0,1371030,28930,65536,65536,0,0,0,0,
190,191,955,578,11,14,-25,0,1,65,9,24,1,0,0,0,2048,2048,0,0,0,0,0,14726,14726,0,0,735,0,1178,0,0,0,5580,0,65536,2048,0,0,0,0,
190,191,955,578,11,14,-25,0,2,69,9,24,23,0,0,0,62805,62805,0,0,0,0,0,643996,616496,0,27500,0,0,1005877,0,0,0,3053473,0,65536,65535,0,0,0,0,
190,191,955,578,11,14,-25,0,3,79,2,24,1,0,0,0,2048,2048,0,0,0,0,0,3333,3333,0,0,0,0,1599,0,0,0,7597,0,65536,2048,0,0,0,0,
190,191,955,578,11,14,-25,0,4,90,2,1,1,0,0,0,65536,65536,65536,0,0,0,5000,14775,14775,0,0,0,0,277964,2000,0,0,1263245,2000,65536,65536,0,0,0,0,
190,191,955,578,11,14,-25,0,5,98,2,1,1,0,0,0,2048,2048,-11521,0,0,0,156,299,299,0,0,0,0,107,1865,0,0,511,1865,-49931,2048,0,0,0,0,
190,191,955,578,11,14,-25,0,6,102,8,24,19,0,0,0,51882,51882,0,0,0,0,0,341995,302855,0,39140,22989,0,61358,0,0,0,341738,0,65536,53894,0,0,0,0,
190,191,955,578,11,14,-25,0,7,106,20,1,1,0,0,0,65536,65536,0,0,0,0,0,0,0,0,0,0,0,0,0,0,0,0,0,0,65536,0,0,0,0,
190,191,955,578,11,14,-25,0,8,203,20,18,18,36,36,0,65536,65536,65536,0,0,0,0,9000,9000,0,0,4500,0,7200000,0,4100040,4100040,7200000,4100040,61573,65536,3228120,3228120,871920,871920,
190,191,955,578,11,14,-25,0,9,238,12,24,3,0,0,0,8192,8192,54977,0,0,0,150,64800,58620,0,6180,10725,0,24825,13500,0,0,172809,13500,49853,10922,0,0,0,0,
190,191,955,578,11,14,-25,0,10,239,9,24,0,0,0,0,0,0,0,3,0,1,0,0,0,0,0,0,0,0,0,0,0,0,0,-59859,0,0,0,0,0,
190,191,955,578,11,14,-25,0,11,242,20,1,1,2,2,0,65536,65536,2981,0,0,0,0,12500,12500,0,0,2500,0,187500,0,179340,179340,187500,179340,-5953,65536,179340,179340,0,0,
190,191,955,578,11,14,-25,0,12,251,9,24,0,0,0,0,0,0,0,3,0,1,0,0,0,0,0,0,0,0,0,0,0,0,0,2439,0,0,0,0,0,
191,192,960,578,11,14,-25,0,0,30,9,1,1,0,0,0,65536,65536,65536,0,0,0,7500,9020,9020,0,0,0,0,1370910,28472,0,0,1371030,28472,65536,65536,0,0,0,0,
191,192,960,578,11,14,-25,0,1,65,9,24,1,0,0,0,2048,2048,0,0,0,0,0,14726,14726,0,0,735,0,1178,0,0,0,5580,0,65536,2048,0,0,0,0,
191,192,960,578,11,14,-25,0,2,69,9,24,23,0,0,0,62805,62805,0,0,0,0,0,643996,616496,0,27500,0,0,1014240,0,0,0,3025873,0,65536,65535,0,0,0,0,
191,192,960,578,11,14,-25,0,3,79,2,24,1,0,0,0,2048,2048,0,0,0,0,0,3333,3333,0,0,0,0,1599,0,0,0,7597,0,65536,2048,0,0,0,0,
191,192,960,578,11,14,-25,0,4,90,2,1,1,0,0,0,17526,17526,65536,0,0,0,1337,3951,3951,0,0,0,0,63945,534,0,0,303752,534,65536,17526,0,0,0,0,
191,192,960,578,11,14,-25,0,5,98,2,1,1,0,0,0,2048,2048,-11560,0,0,0,156,299,299,0,0,0,0,107,1871,0,0,511,1871,-49981,2048,0,0,0,0,
191,192,960,578,11,14,-25,0,6,102,8,24,16,0,0,0,43690,43690,0,0,0,0,0,287995,255035,0,32960,19359,0,51007,0,0,0,274689,0,65536,43916,0,0,0,0,
191,192,960,578,11,14,-25,0,7,106,20,1,1,0,0,0,65536,65536,0,0,0,0,0,0,0,0,0,0,0,0,0,0,0,0,0,0,65536,0,0,0,0,
191,192,960,578,11,14,-25,0,8,203,20,18,18,36,36,0,65536,65536,65536,0,0,0,0,9000,9000,0,0,4500,0,7200000,0,4100040,4100040,7200000,4100040,61573,65536,3228120,3228120,871920,871920,
191,192,960,578,11,14,-25,0,9,238,12,24,3,0,0,0,8192,8192,64121,0,0,0,150,64800,58620,0,6180,10725,0,24014,12138,0,0,166929,12138,48608,10922,0,0,0,0,
191,192,960,578,11,14,-25,0,10,239,9,24,0,0,0,0,0,0,0,3,0,1,0,0,0,0,0,0,0,0,0,0,0,0,0,-59222,0,0,0,0,0,
191,192,960,578,11,14,-25,0,11,242,20,1,1,2,2,0,65536,65536,2981,0,0,0,0,12500,12500,0,0,2500,0,187500,0,179340,179340,187500,179340,-5953,65536,179340,179340,0,0,
191,192,960,578,11,14,-25,0,12,251,9,24,0,0,0,0,0,0,0,3,1,1,0,0,0,0,0,0,0,0,0,0,0,0,0,10307,0,0,0,0,0,
192,193,965,578,11,14,-25,0,0,30,9,1,1,0,0,0,65536,65536,65536,0,0,0,7500,9020,9020,0,0,0,0,1370910,28155,0,0,1371030,28155,65536,65536,0,0,0,0,
192,193,965,578,11,14,-25,0,1,65,9,24,1,0,0,0,2048,2048,0,0,0,0,0,14726,14726,0,0,735,0,1178,0,0,0,5580,0,65536,2048,0,0,0,0,
192,193,965,578,11,14,-25,0,2,69,9,24,23,0,0,0,62805,62805,0,0,0,0,0,643996,590096,0,53900,0,0,938104,0,0,0,2988914,0,65536,65535,0,0,0,0,
192,193,965,578,11,14,-25,0,3,79,2,24,1,0,0,0,2048,2048,0,0,0,0,0,3333,3333,0,0,0,0,1599,0,0,0,7597,0,65536,2048,0,0,0,0,
192,193,965,578,11,14,-25,0,4,90,2,1,1,0,0,0,2048,2048,65536,0,0,0,156,461,461,0,0,0,0,31046,62,0,0,31148,62,65536,2048,0,0,0,0,
192,193,965,578,11,14,-25,0,5,98,2,1,1,0,0,0,2048,2048,-12419,0,0,0,156,299,299,0,0,0,0,107,2002,0,0,511,2002,-51000,2048,0,0,0,0,
192,193,965,578,11,14,-25,0,6,102,8,24,12,0,0,0,32768,32768,0,0,0,0,0,216000,191280,0,24720,14520,0,38256,0,0,0,216650,0,65536,34637,0,0,0,0,
192,193,965,578,11,14,-25,0,7,106,20,1,1,0,0,0,65536,65536,0,0,0,0,0,0,0,0,0,0,0,0,0,0,0,0,0,0,65536,0,0,0,0,
192,193,965,578,11,14,-25,0,8,203,20,18,18,36,36,0,65536,65536,65536,0,0,0,0,9000,9000,0,0,4500,0,7200000,0,4100040,4100040,7200000,4100040,61573,65536,3228120,3228120,871920,871920,
192,193,965,578,11,14,-25,0,9,238,12,24,3,0,0,0,8192,8192,65536,0,0,0,150,64800,58620,0,6180,10725,0,39362,10652,0,0,166289,10652,49145,10922,0,0,0,0,
192,193,965,578,11,14,-25,0,10,239,9,24,0,0,0,0,0,0,0,3,0,1,0,0,0,0,0,0,0,0,0,0,0,0,0,-58341,0,0,0,0,0,
192,193,965,578,11,14,-25,0,11,242,20,1,1,2,2,0,65536,65536,2981,0,0,0,0,12500,12500,0,0,2500,0,187500,0,179340,179340,187500,179340,-5953,65536,179340,179340,0,0,
192,193,965,578,11,14,-25,0,12,251,9,24,24,0,0,0,65536,65536,-4841,0,0,0,24000,216960,216960,0,0,13560,126000,1578430,1704336,0,0,2645520,1704336,26949,65536,0,0,0,0,
193,194,970,578,11,14,-25,0,0,30,9,1,1,0,0,0,65536,65536,65536,0,0,0,7500,9020,9020,0,0,0,0,1370910,27937,0,0,1371030,27937,65536,65536,0,0,0,0,
193,194,970,578,11,14,-25,0,1,65,9,24,1,0,0,0,2048,2048,0,0,0,0,0,14726,14726,0,0,735,0,1178,0,0,0,5580,0,65536,2048,0,0,0,0,
193,194,970,578,11,14,-25,0,2,69,9,24,23,0,0,0,62805,62805,0,0,0,0,0,643996,593396,0,50600,0,0,839475,0,0,0,2937195,0,65536,65535,0,0,0,0,
193,194,970,578,11,14,-25,0,3,79,2,24,1,0,0,0,2048,2048,0,0,0,0,0,3333,3333,0,0,0,0,1599,0,0,0,7597,0,65536,2048,0,0,0,0,
193,194,970,578,11,14,-25,0,4,90,2,1,1,0,0,0,65536,65536,65536,0,0,0,5000,14775,14775,0,0,0,0,1027722,2000,0,0,1027775,2000,65536,65536,0,0,0,0,
193,194,970,578,11,14,-25,0,5,98,2,1,1,0,0,0,2048,2048,-12360,0,0,0,156,299,299,0,0,0,0,107,1993,0,0,511,1993,-50931,2048,0,0,0,0,
193,194,970,578,11,14,-25,0,6,102,8,24,11,0,0,0,30037,30037,0,0,0,0,0,197997,175337,0,22660,13309,0,35067,0,0,0,188359,0,65536,30114,0,0,0,0,
193,194,970,578,11,14,-25,0,7,106,20,1,1,0,0,0,65536,65536,0,0,0,0,0,0,0,0,0,0,0,0,0,0,0,0,0,0,65536,0,0,0,0,
193,194,970,578,11,14,-25,0,8,203,20,18,18,36,36,0,65536,65536,65536,0,0,0,0,9000,9000,0,0,4500,0,7200000,0,4100040,4100040,7200000,4100040,61573,65536,3228120,3228120,871920,871920,
193,194,970,578,11,14,-25,0,9,238,12,24,3,0,0,0,8192,8192,65536,0,0,0,150,64800,58620,0,6180,10725,0,86350,10983,0,0,170829,10983,50469,10922,0,0,0,0,
193,194,970,578,11,14,-25,0,10,239,9,24,0,0,0,0,0,0,0,3,0,1,0,0,0,0,0,0,0,0,0,0,0,0,0,-58558,0,0,0,0,0,
193,194,970,578,11,14,-25,0,11,242,20,1,1,2,2,0,65536,65536,2981,0,0,0,0,12500,12500,0,0,2500,0,187500,0,179340,179340,187500,179340,-5953,65536,179340,179340,0,0,
193,194,970,578,11,14,-25,0,12,251,9,24,21,0,0,0,24819,57344,-44860,0,0,0,9088,82164,82164,0,0,5135,47717,209945,665459,0,0,2406229,665459,23739,59888,0,0,0,0,
194,195,975,578,11,14,-25,0,0,30,9,1,1,0,0,0,65536,65536,65536,0,0,0,7500,9020,9020,0,0,0,0,1370910,27715,0,0,1371030,27715,65536,65536,0,0,0,0,
194,195,975,578,11,14,-25,0,1,65,9,24,1,0,0,0,2048,2048,0,0,0,0,0,14726,14726,0,0,735,0,1178,0,0,0,5580,0,65536,2048,0,0,0,0,
194,195,975,578,11,14,-25,0,2,69,9,24,23,0,0,0,62805,62805,0,0,0,0,0,643996,594496,0,49500,0,0,713893,0,0,0,2866636,0,65536,65535,0,0,0,0,
194,195,975,578,11,14,-25,0,3,79,2,24,1,0,0,0,2048,2048,0,0,0,0,0,3333,3333,0,0,0,0,1599,0,0,0,7597,0,65536,2048,0,0,0,0,
194,195,975,578,11,14,-25,0,4,90,2,1,1,0,0,0,65536,65536,65536,0,0,0,5000,14775,14775,0,0,0,0,1153333,2000,0,0,1153395,2000,65536,65536,0,0,0,0,
194,195,975,578,11,14,-25,0,5,98,2,1,1,0,0,0,2048,2048,-11999,0,0,0,156,299,299,0,0,0,0,107,1938,0,0,511,1938,-50520,2048,0,0,0,0,
194,195,975,578,11,14,-25,0,6,102,8,24,10,0,0,0,27306,27306,0,0,0,0,0,179995,159395,0,20600,12099,0,31879,0,0,0,176356,0,65536,28195,0,0,0,0,
194,195,975,578,11,14,-25,0,7,106,20,1,1,0,0,0,65536,65536,0,0,0,0,0,0,0,0,0,0,0,0,0,0,0,0,0,0,65536,0,0,0,0,
194,195,975,578,11,14,-25,0,8,203,20,18,18,36,36,0,65536,65536,65536,0,0,0,0,9000,9000,0,0,4500,0,7200000,0,4100040,4100040,7200000,4100040,61573,65536,3228120,3228120,871920,871920,
194,195,975,578,11,14,-25,0,9,238,12,24,3,0,0,0,8192,8192,65536,0,0,0,150,64800,58620,0,6180,10725,0,91619,12325,0,0,178889,12325,52435,10922,0,0,0,0,
194,195,975,578,11,14,-25,0,10,239,9,24,0,0,0,0,0,0,0,3,0,1,0,0,0,0,0,0,0,0,0,0,0,0,0,-59318,0,0,0,0,0,
194,195,975,578,11,14,-25,0,11,242,20,1,1,2,2,0,65536,65536,2981,0,0,0,0,12500,12500,0,0,2500,0,187500,0,179340,179340,187500,179340,-5953,65536,179340,179340,0,0,
194,195,975,578,11,14,-25,0,12,251,9,24,20,0,0,0,39938,54613,-47616,1,0,0,14625,132216,132216,0,0,8263,76785,328609,1201780,0,0,2158125,1201780,11840,55223,0,0,0,0,
195,196,980,578,11,14,-25,0,0,30,9,1,1,0,0,0,65536,65536,65536,0,0,0,7500,9020,9020,0,0,0,0,1370910,27817,0,0,1371030,27817,65536,65536,0,0,0,0,
195,196,980,578,11,14,-25,0,1,65,9,24,1,0,0,0,2048,2048,0,0,0,0,0,14726,14726,0,0,735,0,1178,0,0,0,5580,0,65536,2048,0,0,0,0,
195,196,980,578,11,14,-25,0,2,69,9,24,23,0,0,0,62805,62805,0,0,0,0,0,643996,598896,0,45100,0,0,652039,0,0,0,2788757,0,65536,65535,0,0,0,0,
195,196,980,578,11,14,-25,0,3,79,2,24,1,0,0,0,2048,2048,0,0,0,0,0,3333,3333,0,0,0,0,1599,0,0,0,7597,0,65536,2048,0,0,0,0,
195,196,980,578,11,14,-25,0,4,90,2,1,1,0,0,0,65536,65536,65536,0,0,0,5000,14775,14775,0,0,0,0,1263180,2000,0,0,1263245,2000,65536,65536,0,0,0,0,
195,196,980,578,11,14,-25,0,5,98,2,1,1,0,0,0,2048,2048,-11363,0,0,0,156,299,299,0,0,0,0,107,1841,0,0,511,1841,-49731,2048,0,0,0,0,
195,196,980,578,11,14,-25,0,6,102,8,24,17,0,0,0,46421,46421,0,0,0,0,0,305997,270977,0,35020,20569,0,154390,0,0,0,301458,0,65536,46865,0,0,0,0,
195,196,980,578,11,14,-25,0,7,106,20,1,1,0,0,0,65536,65536,0,0,0,0,0,0,0,0,0,0,0,0,0,0,0,0,0,0,65536,0,0,0,0,
195,196,980,578,11,14,-25,0,8,203,20,18,18,36,36,0,65536,65536,65536,0,0,0,0,9000,9000,0,0,4500,0,7200000,0,4100040,4100040,7200000,4100040,61573,65536,3228120,3228120,871920,871920,
195,196,980,578,11,14,-25,0,9,238,12,24,24,0,0,0,65536,65536,65536,0,0,0,1200,518400,468960,0,49440,85800,0,410985,108000,0,0,1177440,108000,57527,65536,0,0,0,0,
195,196,980,578,11,14,-25,0,10,239,9,24,0,0,0,0,0,0,0,3,0,1,0,0,0,0,0,0,0,0,0,0,0,0,0,-59859,0,0,0,0,0,
195,196,980,578,11,14,-25,0,11,242,20,1,1,2,2,0,65536,65536,2981,0,0,0,0,12500,12500,0,0,2500,0,187500,0,179340,179340,187500,179340,-5953,65536,179340,179340,0,0,
195,196,980,578,11,14,-25,0,12,251,9,24,16,0,0,0,37071,43690,-49991,2,0,0,13575,122725,122725,0,0,7670,71272,289778,1221750,0,0,1701245,1221750,1575,45823,0,0,0,0,
196,197,985,578,11,14,-25,0,0,30,9,1,1,0,0,0,65536,65536,65536,0,0,0,7500,9020,9020,0,0,0,0,1370910,26955,0,0,1371030,26955,65536,65536,0,0,0,0,
196,197,985,578,11,14,-25,0,1,65,9,24,1,0,0,0,2048,2048,0,0,0,0,0,14726,14726,0,0,735,0,1178,0,0,0,5580,0,65536,2048,0,0,0,0,
196,197,985,578,11,14,-25,0,2,69,9,24,23,0,0,0,62805,62805,0,0,0,0,0,643996,616496,0,27500,0,0,796199,0,0,0,2743038,0,65536,65535,0,0,0,0,
196,197,985,578,11,14,-25,0,3,79,2,24,1,0,0,0,2048,2048,0,0,0,0,0,3333,3333,0,0,0,0,1599,0,0,0,7597,0,65536,2048,0,0,0,0,
196,197,985,578,11,14,-25,0,4,90,2,1,1,0,0,0,65536,65536,65536,0,0,0,5000,14775,14775,0,0,0,0,265950,2000,0,0,1263245,2000,65536,65536,0,0,0,0,
196,197,985,578,11,14,-25,0,5,98,2,1,1,0,0,0,2048,2048,-10885,0,0,0,156,299,299,0,0,0,0,107,1768,0,0,511,1768,-49077,2048,0,0,0,0,
196,197,985,578,11,14,-25,0,6,102,8,24,20,0,0,0,54613,54613,0,0,0,0,0,359997,318797,0,41200,24199,0,180515,0,0,0,372619,0,65536,56200,0,0,0,0,
196,197,985,578,11,14,-25,0,7,106,20,1,1,0,0,0,65536,65536,0,0,0,0,0,0,0,0,0,0,0,0,0,0,0,0,0,0,65536,0,0,0,0,
196,197,985,578,11,14,-25,0,8,203,20,18,18,36,36,0,65536,65536,65536,0,0,0,0,9000,9000,0,0,4500,0,7200000,0,4100040,4100040,7200000,4100040,61573,65536,3228120,3228120,871920,871920,
196,197,985,578,11,14,-25,0,9,238,12,24,3,0,0,0,8192,8192,62448,0,0,0,150,64800,58620,0,6180,10725,0,26364,13500,0,0,184008,13500,53523,10922,0,0,0,0,
196,197,985,578,11,14,-25,0,10,239,9,24,0,0,0,0,0,0,0,3,0,1,0,0,0,0,0,0,0,0,0,0,0,0,0,-59859,0,0,0,0,0,
196,197,985,578,11,14,-25,0,11,242,20,1,1,2,2,0,65536,65536,2981,0,0,0,0,12500,12500,0,0,2500,0,187500,0,179340,179340,187500,179340,-5953,65536,179340,179340,0,0,
196,197,985,578,11,14,-25,0,12,251,9,24,0,0,0,0,0,0,0,3,0,1,0,0,0,0,0,0,0,0,0,0,0,0,0,-1085,0,0,0,0,0,
197,198,990,578,11,14,-25,0,0,30,9,1,1,0,0,0,65536,65536,65536,0,0,0,7500,9020,9020,0,0,0,0,1370910,26187,0,0,1371030,26187,65536,65536,0,0,0,0,
197,198,990,578,11,14,-25,0,1,65,9,24,1,0,0,0,2048,2048,0,0,0,0,0,14726,14726,0,0,735,0,1178,0,0,0,5580,0,65536,2048,0,0,0,0,
197,198,990,578,11,14,-25,0,2,69,9,24,23,0,0,0,62805,62805,0,0,0,0,0,643996,616496,0,27500,0,0,860831,0,0,0,2712078,0,65536,65535,0,0,0,0,
197,198,990,578,11,14,-25,0,3,79,2,24,1,0,0,0,2048,2048,0,0,0,0,0,3333,3333,0,0,0,0,1599,0,0,0,7597,0,65536,2048,0,0,0,0,
197,198,990,578,11,14,-25,0,4,90,2,1,1,0,0,0,15502,15502,65536,0,0,0,1182,3494,3494,0,0,0,0,56256,472,0,0,267282,472,65536,15502,0,0,0,0,
197,198,990,578,11,14,-25,0,5,98,2,1,1,0,0,0,2048,2048,-10937,0,0,0,156,299,299,0,0,0,0,107,1776,0,0,511,1776,-49148,2048,0,0,0,0,
197,198,990,578,11,14,-25,0,6,102,8,24,19,0,0,0,51882,51882,0,0,0,0,0,341995,302855,0,39140,22989,0,63357,0,0,0,344551,0,65536,52650,0,0,0,0,
197,198,990,578,11,14,-25,0,7,106,20,1,1,0,0,0,65536,65536,0,0,0,0,0,0,0,0,0,0,0,0,0,0,0,0,0,0,65536,0,0,0,0,
197,198,990,578,11,14,-25,0,8,203,20,18,18,36,36,0,65536,65536,65536,0,0,0,0,9000,9000,0,0,4500,0,7200000,0,4100040,4100040,7200000,4100040,61573,65536,3228120,3228120,871920,871920,
197,198,990,578,11,14,-25,0,9,238,12,24,3,0,0,0,8192,8192,65536,0,0,0,150,64800,58620,0,6180,10725,0,24599,12075,0,0,171209,12075,50043,10922,0,0,0,0,
197,198,990,578,11,14,-25,0,10,239,9,24,0,0,0,0,0,0,0,3,0,1,0,0,0,0,0,0,0,0,0,0,0,0,0,-59189,0,0,0,0,0,
197,198,990,578,11,14,-25,0,11,242,20,1,1,2,2,0,65536,65536,2981,0,0,0,0,12500,12500,0,0,2500,0,187500,0,179340,179340,187500,179340,-5953,65536,179340,179340,0,0,
197,198,990,578,11,14,-25,0,12,251,9,24,0,0,0,0,0,0,0,3,1,1,0,0,0,0,0,0,0,0,0,0,0,0,0,6827,0,0,0,0,0,
198,199,995,578,11,14,-25,0,0,30,9,1,1,0,0,0,65536,65536,65536,0,0,0,7500,9020,9020,0,0,0,0,1370910,25782,0,0,1371030,25782,65536,65536,0,0,0,0,
198,199,995,578,11,14,-25,0,1,65,9,24,1,0,0,0,2048,2048,0,0,0,0,0,14726,14726,0,0,735,0,1178,0,0,0,5580,0,65536,2048,0,0,0,0,
198,199,995,578,11,14,-25,0,2,69,9,24,23,0,0,0,62805,62805,0,0,0,0,0,643996,590096,0,53900,0,0,880332,0,0,0,2688558,0,65536,65535,0,0,0,0,
198,199,995,578,11,14,-25,0,3,79,2,24,1,0,0,0,2048,2048,0,0,0,0,0,3333,3333,0,0,0,0,1599,0,0,0,7597,0,65536,2048,0,0,0,0,
198,199,995,578,11,14,-25,0,4,90,2,1,1,0,0,0,2048,2048,65536,0,0,0,156,461,461,0,0,0,0,30851,62,0,0,30952,62,65536,2048,0,0,0,0,
198,199,995,578,11,14,-25,0,5,98,2,1,1,0,0,0,2048,2048,-11763,0,0,0,156,299,299,0,0,0,0,107,1902,0,0,511,1902,-50232,2048,0,0,0,0,
198,199,995,578,11,14,-25,0,6,102,8,24,16,0,0,0,43690,43690,0,0,0,0,0,287995,255035,0,32960,19359,0,51160,0,0,0,277243,0,65536,44182,0,0,0,0,
198,199,995,578,11,14,-25,0,7,106,20,1,1,0,0,0,65536,65536,0,0,0,0,0,0,0,0,0,0,0,0,0,0,0,0,0,0,65536,0,0,0,0,
198,199,995,578,11,14,-25,0,8,203,20,18,18,36,36,0,65536,65536,65536,0,0,0,0,9000,9000,0,0,4500,0,7200000,0,4100040,4100040,7200000,4100040,61573,65536,3228120,3228120,871920,871920,
198,199,995,578,11,14,-25,0,9,238,12,24,3,0,0,0,8192,8192,65536,0,0,0,150,64800,58620,0,6180,10725,0,23863,10585,0,0,165829,10585,49034,10922,0,0,0,0,
198,199,995,578,11,14,-25,0,10,239,9,24,0,0,0,0,0,0,0,3,0,1,0,0,0,0,0,0,0,0,0,0,0,0,0,-58295,0,0,0,0,0,
198,199,995,578,11,14,-25,0,11,242,20,1,1,2,2,0,65536,65536,2981,0,0,0,0,12500,12500,0,0,2500,0,187500,0,179340,179340,187500,179340,-5953,65536,179340,179340,0,0,
198,199,995,578,11,14,-25,0,12,251,9,24,24,0,0,0,65536,65536,-6307,0,0,0,24000,216960,216960,0,0,13560,126000,1530599,1693608,0,0,2513040,1693608,22872,65536,0,0,0,0,
199,200,1000,578,11,14,-25,0,0,30,9,1,1,0,0,0,65536,65536,65536,0,0,0,7500,9020,9020,0,0,0,0,1370910,25640,0,0,1371030,25640,65536,65536,0,0,0,0,
199,200,1000,578,11,14,-25,0,1,65,9,24,1,0,0,0,2048,2048,0,0,0,0,0,14726,14726,0,0,735,0,1178,0,0,0,5580,0,65536,2048,0,0,0,0,
199,200,1000,578,11,14,-25,0,2,69,9,24,23,0,0,0,62805,62805,0,0,0,0,0,643996,591196,0,52800,0,0,874781,0,0,0,2663719,0,65536,65535,0,0,0,0,
199,200,1000,578,11,14,-25,0,3,79,2,24,1,0,0,0,2048,2048,0,0,0,0,0,3333,3333,0,0,0,0,1599,0,0,0,7597,0,65536,2048,0,0,0,0,
199,200,1000,578,11,14,-25,0,4,90,2,1,1,0,0,0,65536,65536,65536,0,0,0,5000,14775,14775,0,0,0,0,1020720,2000,0,0,1020775,2000,65536,65536,0,0,0,0,
199,200,1000,578,11,14,-25,0,5,98,2,1,1,0,0,0,2048,2048,-11855,0,0,0,156,299,299,0,0,0,0,107,1916,0,0,511,1916,-50347,2048,0,0,0,0,
199,200,1000,578,11,14,-25,0,6,102,8,24,14,0,0,0,38229,38229,0,0,0,0,0,251997,223157,0,28840,16939,0,44631,0,0,0,242570,0,65536,38781,0,0,0,0,
199,200,1000,578,11,14,-25,0,7,106,20,1,1,0,0,0,65536,65536,0,0,0,0,0,0,0,0,0,0,0,0,0,0,0,0,0,0,65536,0,0,0,0,
199,200,1000,578,11,14,-25,0,8,203,20,18,18,36,36,0,65536,65536,65536,0,0,0,0,9000,9000,0,0,4500,0,7200000,0,4100040,4100040,7200000,4100040,61573,65536,3228120,3228120,871920,871920,
199,200,1000,578,11,14,-25,0,9,238,12,24,3,0,0,0,8192,8192,65536,0,0,0,150,64800,58620,0,6180,10725,0,78337,10908,0,0,167109,10908,49283,10922,0,0,0,0,
199,200,1000,578,11,14,-25,0,10,239,9,24,0,0,0,0,0,0,0,3,0,1,0,0,0,0,0,0,0,0,0,0,0,0,0,-58510,0,0,0,0,0,
199,200,1000,578,11,14,-25,0,11,242,20,1,1,2,2,0,65536,65536,2981,0,0,0,0,12500,12500,0,0,2500,0,187500,0,179340,179340,187500,179340,-5953,65536,179340,179340,0,0,
199,200,1000,578,11,14,-25,0,12,251,9,24,23,0,0,0,23543,62805,-45518,0,0,0,8621,77940,77940,0,0,4871,45263,191498,626962,0,0,2455424,626962,20890,63557,0,0,0,0,
200,201,1005,578,11,14,-25,0,0,30,9,1,1,0,0,0,65536,65536,65536,0,0,0,7500,9020,9020,0,0,0,0,1370910,25747,0,0,1371030,25747,65536,65536,0,0,0,0,
200,201,1005,578,11,14,-25,0,1,65,9,24,1,0,0,0,2048,2048,0,0,0,0,0,14726,14726,0,0,735,0,1178,0,0,0,5580,0,65536,2048,0,0,0,0,
200,201,1005,578,11,14,-25,0,2,69,9,24,23,0,0,0,62805,62805,0,0,0,0,0,643996,591196,0,52800,0,0,919443,0,0,0,2649559,0,65536,65535,0,0,0,0,
200,201,1005,578,11,14,-25,0,3,79,2,24,1,0,0,0,2048,2048,0,0,0,0,0,3333,3333,0,0,0,0,1599,0,0,0,7597,0,65536,2048,0,0,0,0,
200,201,1005,578,11,14,-25,0,4,90,2,1,1,0,0,0,65536,65536,65536,0,0,0,5000,14775,14775,0,0,0,0,1144853,2000,0,0,1144910,2000,65536,65536,0,0,0,0,
200,201,1005,578,11,14,-25,0,5,98,2,1,1,0,0,0,2048,2048,-11757,0,0,0,156,299,299,0,0,0,0,107,1901,0,0,511,1901,-50228,2048,0,0,0,0,
200,201,1005,578,11,14,-25,0,6,102,8,24,12,0,0,0,32768,32768,0,0,0,0,0,216000,191280,0,24720,14520,0,38256,0,0,0,217770,0,65536,34816,0,0,0,0,
200,201,1005,578,11,14,-25,0,7,106,20,1,1,0,0,0,65536,65536,0,0,0,0,0,0,0,0,0,0,0,0,0,0,0,0,0,0,65536,0,0,0,0,
200,201,1005,578,11,14,-25,0,8,203,20,18,18,36,36,0,65536,65536,65536,0,0,0,0,9000,9000,0,0,4500,0,7200000,0,4100040,4100040,7200000,4100040,61573,65536,3228120,3228120,871920,871920,
200,201,1005,578,11,14,-25,0,9,238,12,24,3,0,0,0,8192,8192,65536,0,0,0,150,64800,58620,0,6180,10725,0,87395,12235,0,0,172429,12235,50364,10922,0,0,0,0,
200,201,1005,578,11,14,-25,0,10,239,9,24,0,0,0,0,0,0,0,3,0,1,0,0,0,0,0,0,0,0,0,0,0,0,0,-59272,0,0,0,0,0,
200,201,1005,578,11,14,-25,0,11,242,20,1,1,2,2,0,65536,65536,2981,0,0,0,0,12500,12500,0,0,2500,0,187500,0,179340,179340,187500,179340,-5953,65536,179340,179340,0,0,
200,201,1005,578,11,14,-25,0,12,251,9,24,23,0,0,0,39938,62805,-45072,1,0,0,14625,132216,132216,0,0,8263,76785,372492,1192946,0,0,2474132,1192946,10920,64546,0,0,0,0,
201,202,1010,578,11,14,-25,0,0,30,9,1,1,0,0,0,65536,65536,65536,0,0,0,7500,9020,9020,0,0,0,0,1370910,26032,0,0,1371030,26032,65536,65536,0,0,0,0,
201,202,1010,578,11,14,-25,0,1,65,9,24,1,0,0,0,2048,2048,0,0,0,0,0,14726,14726,0,0,735,0,1178,0,0,0,5580,0,65536,2048,0,0,0,0,
201,202,1010,578,11,14,-25,0,2,69,9,24,23,0,0,0,62805,62805,0,0,0,0,0,643996,594496,0,49500,0,0,935490,0,0,0,2639479,0,65536,65535,0,0,0,0,
201,202,1010,578,11,14,-25,0,3,79,2,24,1,0,0,0,2048,2048,0,0,0,0,0,3333,3333,0,0,0,0,1599,0,0,0,7597,0,65536,2048,0,0,0,0,
201,202,1010,578,11,14,-25,0,4,90,2,1,1,0,0,0,65536,65536,65536,0,0,0,5000,14775,14775,0,0,0,0,1263180,2000,0,0,1263245,2000,65536,65536,0,0,0,0,
201,202,1010,578,11,14,-25,0,5,98,2,1,1,0,0,0,2048,2048,-11324,0,0,0,156,299,299,0,0,0,0,107,1835,0,0,511,1835,-49678,2048,0,0,0,0,
201,202,1010,578,11,14,-25,0,6,102,8,24,12,0,0,0,32768,32768,0,0,0,0,0,216000,191280,0,24720,14520,0,38256,0,0,0,211033,0,65536,33739,0,0,0,0,
201,202,1010,578,11,14,-25,0,7,106,20,1,1,0,0,0,65536,65536,0,0,0,0,0,0,0,0,0,0,0,0,0,0,0,0,0,0,65536,0,0,0,0,
201,202,1010,578,11,14,-25,0,8,203,20,18,18,36,36,0,65536,65536,65536,0,0,0,0,9000,9000,0,0,4500,0,7200000,0,4100040,4100040,7200000,4100040,61573,65536,3228120,3228120,871920,871920,
201,202,1010,578,11,14,-25,0,9,238,12,24,3,0,0,0,8192,8192,65536,0,0,0,150,64800,58620,0,6180,10725,0,93166,13500,0,0,181268,13500,52625,10922,0,0,0,0,
201,202,1010,578,11,14,-25,0,10,239,9,24,0,0,0,0,0,0,0,3,0,1,0,0,0,0,0,0,0,0,0,0,0,0,0,-59859,0,0,0,0,0,
201,202,1010,578,11,14,-25,0,11,242,20,1,1,2,2,0,65536,65536,2981,0,0,0,0,12500,12500,0,0,2500,0,187500,0,179340,179340,187500,179340,-5953,65536,179340,179340,0,0,
201,202,1010,578,11,14,-25,0,12,251,9,24,20,0,0,0,39938,54613,-50043,2,0,0,14625,132216,132216,0,0,8263,76785,311157,1316250,0,0,2091157,1316250,1353,56512,0,0,0,0,
202,203,1015,578,11,14,-25,0,0,30,9,1,1,0,0,0,65536,65536,65536,0,0,0,7500,9020,9020,0,0,0,0,1370910,26695,0,0,1371030,26695,65536,65536,0,0,0,0,
202,203,1015,578,11,14,-25,0,1,65,9,24,1,0,0,0,2048,2048,0,0,0,0,0,14726,14726,0,0,735,0,1178,0,0,0,5580,0,65536,2048,0,0,0,0,
202,203,1015,578,11,14,-25,0,2,69,9,24,23,0,0,0,62805,62805,0,0,0,0,0,643996,616496,0,27500,0,0,904104,0,0,0,2621360,0,65536,65535,0,0,0,0,
202,203,1015,578,11,14,-25,0,3,79,2,24,1,0,0,0,2048,2048,0,0,0,0,0,3333,3333,0,0,0,0,1599,0,0,0,7597,0,65536,2048,0,0,0,0,
202,203,1015,578,11,14,-25,0,4,90,2,1,1,0,0,0,65536,65536,65536,0,0,0,5000,14775,14775,0,0,0,0,369088,2000,0,0,1263245,2000,65536,65536,0,0,0,0,
202,203,1015,578,11,14,-25,0,5,98,2,1,1,0,0,0,2048,2048,-10643,0,0,0,156,299,299,0,0,0,0,107,1731,0,0,511,1731,-48721,2048,0,0,0,0,
202,203,1015,578,11,14,-25,0,6,102,8,24,18,0,0,0,49152,49152,0,0,0,0,0,324000,286920,0,37080,21780,0,164113,0,0,0,319653,0,65536,49637,0,0,0,0,
202,203,1015,578,11,14,-25,0,7,106,20,1,1,0,0,0,65536,65536,0,0,0,0,0,0,0,0,0,0,0,0,0,0,0,0,0,0,65536,0,0,0,0,
202,203,1015,578,11,14,-25,0,8,203,20,18,18,36,36,0,65536,65536,65536,0,0,0,0,9000,9000,0,0,4500,0,7200000,0,4100040,4100040,7200000,4100040,61573,65536,3228120,3228120,871920,871920,
202,203,1015,578,11,14,-25,0,9,238,12,24,24,0,0,0,65536,65536,65536,0,0,0,1200,518400,468960,0,49440,85800,0,411048,108000,0,0,1204800,108000,59021,65536,0,0,0,0,
202,203,1015,578,11,14,-25,0,10,239,9,24,0,0,0,0,0,0,0,3,0,1,0,0,0,0,0,0,0,0,0,0,0,0,0,-59859,0,0,0,0,0,
202,203,1015,578,11,14,-25,0,11,242,20,1,1,2,2,0,65536,65536,2981,0,0,0,0,12500,12500,0,0,2500,0,187500,0,179340,179340,187500,179340,-5953,65536,179340,179340,0,0,
202,203,1015,578,11,14,-25,0,12,251,9,24,0,0,0,0,0,0,0,3,0,1,0,0,0,0,0,0,0,0,0,0,0,0,0,-2452,0,0,0,0,0,
203,204,1020,578,11,14,-25,0,0,30,9,1,1,0,0,0,65536,65536,65536,0,0,0,7500,9020,9020,0,0,0,0,1370910,26317,0,0,1371030,26317,65536,65536,0,0,0,0,
203,204,1020,578,11,14,-25,0,1,65,9,24,1,0,0,0,2048,2048,0,0,0,0,0,14726,14726,0,0,735,0,1178,0,0,0,5580,0,65536,2048,0,0,0,0,
203,204,1020,578,11,14,-25,0,2,69,9,24,23,0,0,0,62805,62805,0,0,0,0,0,643996,616496,0,27500,0,0,1119993,0,0,0,2642239,0,65536,65535,0,0,0,0,
203,204,1020,578,11,14,-25,0,3,79,2,24,1,0,0,0,2048,2048,0,0,0,0,0,3333,3333,0,0,0,0,1599,0,0,0,7597,0,65536,2048,0,0,0,0,
203,204,1020,578,11,14,-25,0,4,90,2,1,1,0,0,0,19044,19044,65536,0,0,0,1452,4293,4293,0,0,0,0,69527,580,0,0,330285,580,65536,19044,0,0,0,0,
203,204,1020,578,11,14,-25,0,5,98,2,1,1,0,0,0,2048,2048,-10813,0,0,0,156,299,299,0,0,0,0,107,1757,0,0,511,1757,-48973,2048,0,0,0,0,
203,204,1020,578,11,14,-25,0,6,102,8,24,21,0,0,0,57344,57344,0,0,0,0,0,378000,334740,0,43260,25410,0,126238,0,0,0,376853,0,65536,57586,0,0,0,0,
203,204,1020,578,11,14,-25,0,7,106,20,1,1,0,0,0,65536,65536,0,0,0,0,0,0,0,0,0,0,0,0,0,0,0,0,0,0,65536,0,0,0,0,
203,204,1020,578,11,14,-25,0,8,203,20,18,18,36,36,0,65536,65536,65536,0,0,0,0,9000,9000,0,0,4500,0,7200000,0,4100040,4100040,7200000,4100040,61573,65536,3228120,3228120,871920,871920,
203,204,1020,578,11,14,-25,0,9,238,12,24,3,0,0,0,8192,8192,65536,0,0,0,150,64800,58620,0,6180,10725,0,26874,12146,0,0,187728,12146,55423,10922,0,0,0,0,
203,204,1020,578,11,14,-25,0,10,239,9,24,0,0,0,0,0,0,0,3,0,1,0,0,0,0,0,0,0,0,0,0,0,0,0,-59226,0,0,0,0,0,
203,204,1020,578,11,14,-25,0,11,242,20,1,1,2,2,0,65536,65536,2981,0,0,0,0,12500,12500,0,0,2500,0,187500,0,179340,179340,187500,179340,-5953,65536,179340,179340,0,0,
203,204,1020,578,11,14,-25,0,12,251,9,24,0,0,0,0,0,0,0,3,1,1,0,0,0,0,0,0,0,0,0,0,0,0,0,5647,0,0,0,0,0,
204,205,1025,578,11,14,-25,0,0,30,9,1,1,0,0,0,65536,65536,65536,0,0,0,7500,9020,9020,0,0,0,0,1370910,25895,0,0,1371030,25895,65536,65536,0,0,0,0,
204,205,1025,578,11,14,-25,0,1,65,9,24,1,0,0,0,2048,2048,0,0,0,0,0,14726,14726,0,0,735,0,1178,0,0,0,5580,0,65536,2048,0,0,0,0,
204,205,1025,578,11,14,-25,0,2,69,9,24,23,0,0,0,62805,62805,0,0,0,0,0,643996,590096,0,53900,0,0,1146664,0,0,0,2666359,0,65536,65535,0,0,0,0,
204,205,1025,578,11,14,-25,0,3,79,2,24,1,0,0,0,2048,2048,0,0,0,0,0,3333,3333,0,0,0,0,1599,0,0,0,7597,0,65536,2048,0,0,0,0,
204,205,1025,578,11,14,-25,0,4,90,2,1,1,0,0,0,2048,2048,65536,0,0,0,156,461,461,0,0,0,0,31098,62,0,0,31200,62,65536,2048,0,0,0,0,
204,205,1025,578,11,14,-25,0,5,98,2,1,1,0,0,0,2048,2048,-11685,0,0,0,156,299,299,0,0,0,0,107,1890,0,0,511,1890,-50137,2048,0,0,0,0,
204,205,1025,578,11,14,-25,0,6,102,8,24,18,0,0,0,49152,49152,0,0,0,0,0,324000,286920,0,37080,21780,0,58531,0,0,0,326516,0,65536,51183,0,0,0,0,
204,205,1025,578,11,14,-25,0,7,106,20,1,1,0,0,0,65536,65536,0,0,0,0,0,0,0,0,0,0,0,0,0,0,0,0,0,0,65536,0,0,0,0,
204,205,1025,578,11,14,-25,0,8,203,20,18,18,36,36,0,65536,65536,65536,0,0,0,0,9000,9000,0,0,4500,0,7200000,0,4100040,4100040,7200000,4100040,61573,65536,3228120,3228120,871920,871920,
204,205,1025,578,11,14,-25,0,9,238,12,24,3,0,0,0,8192,8192,65536,0,0,0,150,64800,58620,0,6180,10725,0,24825,10669,0,0,172809,10669,51275,10922,0,0,0,0,
204,205,1025,578,11,14,-25,0,10,239,9,24,0,0,0,0,0,0,0,3,0,1,0,0,0,0,0,0,0,0,0,0,0,0,0,-58353,0,0,0,0,0,
204,205,1025,578,11,14,-25,0,11,242,20,1,1,2,2,0,65536,65536,2981,0,0,0,0,12500,12500,0,0,2500,0,187500,0,179340,179340,187500,179340,-5953,65536,179340,179340,0,0,
204,205,1025,578,11,14,-25,0,12,251,9,24,24,0,0,0,65536,65536,-3711,0,0,0,24000,216960,216960,0,0,13560,126000,1610457,1707144,0,0,2497320,1707144,21623,65536,0,0,0,0,
205,206,1030,578,11,14,-25,0,0,30,9,1,1,0,0,0,65536,65536,65536,0,0,0,7500,9020,9020,0,0,0,0,1370910,25867,0,0,1371030,25867,65536,65536,0,0,0,0,
205,206,1030,578,11,14,-25,0,1,65,9,24,1,0,0,0,2048,2048,0,0,0,0,0,14726,14726,0,0,735,0,1178,0,0,0,5580,0,65536,2048,0,0,0,0,
205,206,1030,578,11,14,-25,0,2,69,9,24,23,0,0,0,62805,62805,0,0,0,0,0,643996,590096,0,53900,0,0,1149962,0,0,0,2689278,0,65536,65535,0,0,0,0,
205,206,1030,578,11,14,-25,0,3,79,2,24,1,0,0,0,2048,2048,0,0,0,0,0,3333,3333,0,0,0,0,1599,0,0,0,7597,0,65536,2048,0,0,0,0,
205,206,1030,578,11,14,-25,0,4,90,2,1,1,0,0,0,65536,65536,65536,0,0,0,5000,14775,14775,0,0,0,0,1029953,2000,0,0,1030005,2000,65536,65536,0,0,0,0,
205,206,1030,578,11,14,-25,0,5,98,2,1,1,0,0,0,2048,2048,-11842,0,0,0,156,299,299,0,0,0,0,107,1914,0,0,511,1914,-50334,2048,0,0,0,0,
205,206,1030,578,11,14,-25,0,6,102,8,24,16,0,0,0,43690,43690,0,0,0,0,0,287995,255035,0,32960,19359,0,51007,0,0,0,285347,0,65536,45620,0,0,0,0,
205,206,1030,578,11,14,-25,0,7,106,20,1,1,0,0,0,65536,65536,0,0,0,0,0,0,0,0,0,0,0,0,0,0,0,0,0,0,65536,0,0,0,0,
205,206,1030,578,11,14,-25,0,8,203,20,18,18,36,36,0,65536,65536,65536,0,0,0,0,9000,9000,0,0,4500,0,7200000,0,4100040,4100040,7200000,4100040,61573,65536,3228120,3228120,871920,871920,
205,206,1030,578,11,14,-25,0,9,238,12,24,3,0,0,0,8192,8192,65536,0,0,0,150,64800,58620,0,6180,10725,0,24131,11007,0,0,167749,11007,49453,10922,0,0,0,0,
205,206,1030,578,11,14,-25,0,10,239,9,24,0,0,0,0,0,0,0,3,0,1,0,0,0,0,0,0,0,0,0,0,0,0,0,-58573,0,0,0,0,0,
205,206,1030,578,11,14,-25,0,11,242,20,1,1,2,2,0,65536,65536,2981,0,0,0,0,12500,12500,0,0,2500,0,187500,0,179340,179340,187500,179340,-5953,65536,179340,179340,0,0,
205,206,1030,578,11,14,-25,0,12,251,9,24,24,0,0,0,22811,65536,-44493,0,0,0,8353,75516,75516,0,0,4719,43856,196818,612968,0,0,2529720,612968,20046,65536,0,0,0,0,
206,207,1035,578,11,14,-25,0,0,30,9,1,1,0,0,0,65536,65536,65536,0,0,0,7500,9020,9020,0,0,0,0,1370910,26112,0,0,1371030,26112,65536,65536,0,0,0,0,
206,207,1035,578,11,14,-25,0,1,65,9,24,1,0,0,0,2048,2048,0,0,0,0,0,14726,14726,0,0,735,0,1178,0,0,0,5580,0,65536,2048,0,0,0,0,
206,207,1035,578,11,14,-25,0,2,69,9,24,23,0,0,0,62805,62805,0,0,0,0,0,643996,590096,0,53900,0,0,1186352,0,0,0,2718798,0,65536,65535,0,0,0,0,
206,207,1035,578,11,14,-25,0,3,79,2,24,1,0,0,0,2048,2048,0,0,0,0,0,3333,3333,0,0,0,0,1599,0,0,0,7597,0,65536,2048,0,0,0,0,
206,207,1035,578,11,14,-25,0,4,90,2,1,1,0,0,0,65536,65536,65536,0,0,0,5000,14775,14775,0,0,0,0,1156391,2000,0,0,1156450,2000,65536,65536,0,0,0,0,
206,207,1035,578,11,14,-25,0,5,98,2,1,1,0,0,0,2048,2048,-11842,0,0,0,156,299,299,0,0,0,0,107,1914,0,0,511,1914,-50334,2048,0,0,0,0,
206,207,1035,578,11,14,-25,0,6,102,8,24,14,0,0,0,38229,38229,0,0,0,0,0,251997,223157,0,28840,16939,0,44631,0,0,0,251540,0,65536,40215,0,0,0,0,
206,207,1035,578,11,14,-25,0,7,106,20,1,1,0,0,0,65536,65536,0,0,0,0,0,0,0,0,0,0,0,0,0,0,0,0,0,0,65536,0,0,0,0,
206,207,1035,578,11,14,-25,0,8,203,20,18,18,36,36,0,65536,65536,65536,0,0,0,0,9000,9000,0,0,4500,0,7200000,0,4100040,4100040,7200000,4100040,61573,65536,3228120,3228120,871920,871920,
206,207,1035,578,11,14,-25,0,9,238,12,24,3,0,0,0,8192,8192,65536,0,0,0,150,64800,58620,0,6180,10725,0,60263,12358,0,0,168149,12358,48902,10922,0,0,0,0,
206,207,1035,578,11,14,-25,0,10,239,9,24,0,0,0,0,0,0,0,3,0,1,0,0,0,0,0,0,0,0,0,0,0,0,0,-59334,0,0,0,0,0,
206,207,1035,578,11,14,-25,0,11,242,20,1,1,2,2,0,65536,65536,2981,0,0,0,0,12500,12500,0,0,2500,0,187500,0,179340,179340,187500,179340,-5953,65536,179340,179340,0,0,
206,207,1035,578,11,14,-25,0,12,251,9,24,24,0,0,0,39938,65536,-38467,1,0,0,14625,132216,132216,0,0,8263,76785,497685,1204968,0,0,2529720,1204968,10688,65536,0,0,0,0,
207,208,1040,578,11,14,-25,0,0,30,9,1,1,0,0,0,65536,65536,65536,0,0,0,7500,9020,9020,0,0,0,0,1370910,26510,0,0,1371030,26510,65536,65536,0,0,0,0,
207,208,1040,578,11,14,-25,0,1,65,9,24,1,0,0,0,2048,2048,0,0,0,0,0,14726,14726,0,0,735,0,1178,0,0,0,5580,0,65536,2048,0,0,0,0,
207,208,1040,578,11,14,-25,0,2,69,9,24,23,0,0,0,62805,62805,0,0,0,0,0,643996,593396,0,50600,0,0,1196543,0,0,0,2747718,0,65536,65535,0,0,0,0,
207,208,1040,578,11,14,-25,0,3,79,2,24,1,0,0,0,2048,2048,0,0,0,0,0,3333,3333,0,0,0,0,1599,0,0,0,7597,0,65536,2048,0,0,0,0,
207,208,1040,578,11,14,-25,0,4,90,2,1,1,0,0,0,65536,65536,65536,0,0,0,5000,14775,14775,0,0,0,0,1263180,2000,0,0,1263245,2000,65536,65536,0,0,0,0,
207,208,1040,578,11,14,-25,0,5,98,2,1,1,0,0,0,2048,2048,-11501,0,0,0,156,299,299,0,0,0,0,107,1862,0,0,511,1862,-49903,2048,0,0,0,0,
207,208,1040,578,11,14,-25,0,6,102,8,24,13,0,0,0,35498,35498,0,0,0,0,0,233995,207215,0,26780,15729,0,41443,0,0,0,227483,0,65536,36369,0,0,0,0,
207,208,1040,578,11,14,-25,0,7,106,20,1,1,0,0,0,65536,65536,0,0,0,0,0,0,0,0,0,0,0,0,0,0,0,0,0,0,65536,0,0,0,0,
207,208,1040,578,11,14,-25,0,8,203,20,18,18,36,36,0,65536,65536,65536,0,0,0,0,9000,9000,0,0,4500,0,7200000,0,4100040,4100040,7200000,4100040,61573,65536,3228120,3228120,871920,871920,
207,208,1040,578,11,14,-25,0,9,238,12,24,3,0,0,0,8192,8192,65536,0,0,0,150,64800,58620,0,6180,10725,0,87270,13500,0,0,172229,13500,49663,10922,0,0,0,0,
207,208,1040,578,11,14,-25,0,10,239,9,24,0,0,0,0,0,0,0,3,0,1,0,0,0,0,0,0,0,0,0,0,0,0,0,-59859,0,0,0,0,0,
207,208,1040,578,11,14,-25,0,11,242,20,1,1,2,2,0,65536,65536,2981,0,0,0,0,12500,12500,0,0,2500,0,187500,0,179340,179340,187500,179340,-5953,65536,179340,179340,0,0,
207,208,1040,578,11,14,-25,0,12,251,9,24,21,0,0,0,39938,57344,-49821,2,0,0,14625,132216,132216,0,0,8263,76785,315626,1316250,0,0,2222055,1316250,2316,59197,0,0,0,0,
208,209,1045,578,11,14,-25,0,0,30,9,1,1,0,0,0,65536,65536,65536,0,0,0,7500,9020,9020,0,0,0,0,1370910,26927,0,0,1371030,26927,65536,65536,0,0,0,0,
208,209,1045,578,11,14,-25,0,1,65,9,24,1,0,0,0,2048,2048,0,0,0,0,0,14726,14726,0,0,735,0,1178,0,0,0,5580,0,65536,2048,0,0,0,0,
208,209,1045,578,11,14,-25,0,2,69,9,24,23,0,0,0,62805,62805,0,0,0,0,0,643996,616496,0,27500,0,0,1112792,0,0,0,2760437,0,65536,65535,0,0,0,0,
208,209,1045,578,11,14,-25,0,3,79,2,24,1,0,0,0,2048,2048,0,0,0,0,0,3333,3333,0,0,0,0,1601,0,0,0,7605,0,65536,2048,0,0,0,0,
208,209,1045,578,11,14,-25,0,4,90,2,1,1,0,0,0,65536,65536,65536,0,0,0,5000,14775,14775,0,0,0,0,363013,2000,0,0,1263245,2000,65536,65536,0,0,0,0,
208,209,1045,578,11,14,-25,0,5,98,2,1,1,0,0,0,2048,2048,-10872,0,0,0,156,299,299,0,0,0,0,107,1766,0,0,511,1766,-49058,2048,0,0,0,0,
208,209,1045,578,11,14,-25,0,6,102,8,24,12,0,0,0,32768,32768,0,0,0,0,0,216000,191280,0,24720,14520,0,38256,0,0,0,214805,0,65536,34342,0,0,0,0,
208,209,1045,578,11,14,-25,0,7,106,20,1,1,0,0,0,65536,65536,0,0,0,0,0,0,0,0,0,0,0,0,0,0,0,0,0,0,65536,0,0,0,0,
208,209,1045,578,11,14,-25,0,8,203,20,18,18,36,36,0,65536,65536,65536,0,0,0,0,9000,9000,0,0,4500,0,7200000,0,4100040,4100040,7200000,4100040,61573,65536,3228120,3228120,871920,871920,
208,209,1045,578,11,14,-25,0,9,238,12,24,3,0,0,0,8192,8192,65536,0,0,0,150,64800,58620,0,6180,10725,0,92288,13500,0,0,179909,13500,52179,10922,0,0,0,0,
208,209,1045,578,11,14,-25,0,10,239,9,24,0,0,0,0,0,0,0,3,0,1,0,0,0,0,0,0,0,0,0,0,0,0,0,-59859,0,0,0,0,0,
208,209,1045,578,11,14,-25,0,11,242,20,1,1,2,2,0,65536,65536,2981,0,0,0,0,12500,12500,0,0,2500,0,187500,0,179340,179340,187500,179340,-5953,65536,179340,179340,0,0,
208,209,1045,578,11,14,-25,0,12,251,9,24,0,0,0,0,0,0,0,3,0,1,0,0,0,0,0,0,0,0,0,0,0,0,0,-1165,0,0,0,0,0,
209,210,1050,578,11,14,-25,0,0,30,9,1,1,0,0,0,65536,65536,65536,0,0,0,7500,9020,9020,0,0,0,0,1370910,27555,0,0,1371030,27555,65536,65536,0,0,0,0,
209,210,1050,578,11,14,-25,0,1,65,9,24,1,0,0,0,2048,2048,0,0,0,0,0,14726,14726,0,0,735,0,1178,0,0,0,5580,0,65536,2048,0,0,0,0,
209,210,1050,578,11,14,-25,0,2,69,9,24,23,0,0,0,62805,62805,0,0,0,0,0,643996,616496,0,27500,0,0,1107144,0,0,0,2769197,0,65536,65535,0,0,0,0,
209,210,1050,578,11,14,-25,0,3,79,2,24,1,0,0,0,2048,2048,0,0,0,0,0,3333,3333,0,0,0,0,1602,0,0,0,7608,0,65536,2048,0,0,0,0,
209,210,1050,578,11,14,-25,0,4,90,2,1,1,0,0,0,18571,18571,65536,0,0,0,1416,4186,4186,0,0,0,0,67903,566,0,0,322600,566,65536,18571,0,0,0,0,
209,210,1050,578,11,14,-25,0,5,98,2,1,1,0,0,0,2048,2048,-10865,0,0,0,156,299,299,0,0,0,0,107,1765,0,0,511,1765,-49047,2048,0,0,0,0,
209,210,1050,578,11,14,-25,0,6,102,8,24,12,0,0,0,32768,32768,0,0,0,0,0,216000,191280,0,24720,14520,0,38256,0,0,0,213203,0,65536,34086,0,0,0,0,
209,210,1050,578,11,14,-25,0,7,106,20,1,1,0,0,0,65536,65536,0,0,0,0,0,0,0,0,0,0,0,0,0,0,0,0,0,0,65536,0,0,0,0,
209,210,1050,578,11,14,-25,0,8,203,20,18,18,36,36,0,65536,65536,65536,0,0,0,0,9000,9000,0,0,4500,0,7200000,0,4100040,4100040,7200000,4100040,61573,65536,3228120,3228120,871920,871920,
209,210,1050,578,11,14,-25,0,9,238,12,24,24,0,0,0,65536,65536,65536,0,0,0,1200,518400,468960,0,49440,85800,0,390292,97329,0,0,1161720,97329,57337,65536,0,0,0,0,
209,210,1050,578,11,14,-25,0,10,239,9,24,0,0,0,0,0,0,0,3,0,1,0,0,0,0,0,0,0,0,0,0,0,0,0,-59236,0,0,0,0,0,
209,210,1050,578,11,14,-25,0,11,242,20,1,1,2,2,0,65536,65536,2981,0,0,0,0,12500,12500,0,0,2500,0,187500,0,179340,179340,187500,179340,-5953,65536,179340,179340,0,0,
209,210,1050,578,11,14,-25,0,12,251,9,24,0,0,0,0,0,0,0,3,1,1,0,0,0,0,0,0,0,0,0,0,0,0,0,5850,0,0,0,0,0,
210,211,1055,578,11,14,-25,0,0,30,9,1,1,0,0,0,65536,65536,65536,0,0,0,7500,9020,9020,0,0,0,0,1370910,27055,0,0,1371030,27055,65536,65536,0,0,0,0,
210,211,1055,578,11,14,-25,0,1,65,9,24,1,0,0,0,2048,2048,0,0,0,0,0,14726,14726,0,0,735,0,1178,0,0,0,5580,0,65536,2048,0,0,0,0,
210,211,1055,578,11,14,-25,0,2,69,9,24,23,0,0,0,62805,62805,0,0,0,0,0,643996,590096,0,53900,0,0,1065295,0,0,0,2770517,0,65536,65535,0,0,0,0,
210,211,1055,578,11,14,-25,0,3,79,2,24,12,0,0,0,32768,32768,0,0,0,0,0,53340,53340,0,0,0,0,30606,0,0,0,128390,0,65536,33792,0,0,0,0,
210,211,1055,578,11,14,-25,0,4,90,2,1,1,0,0,0,2048,2048,65536,0,0,0,156,461,461,0,0,0,0,31136,62,0,0,31238,62,65536,2048,0,0,0,0,
210,211,1055,578,11,14,-25,0,5,98,2,1,1,0,0,0,2048,2048,-11711,0,0,0,156,299,299,0,0,0,0,107,1894,0,0,511,1894,-50171,2048,0,0,0,0,
210,211,1055,578,11,14,-25,0,6,102,8,24,18,0,0,0,49152,49152,0,0,0,0,0,324000,286920,0,37080,21780,0,131514,0,0,0,318493,0,65536,49811,0,0,0,0,
210,211,1055,578,11,14,-25,0,7,106,20,1,1,0,0,0,65536,65536,0,0,0,0,0,0,0,0,0,0,0,0,0,0,0,0,0,0,65536,0,0,0,0,
210,211,1055,578,11,14,-25,0,8,203,20,18,18,36,36,0,65536,65536,65536,0,0,0,0,9000,9000,0,0,4500,0,7200000,0,4100040,4100040,7200000,4100040,61573,65536,3228120,3228120,871920,871920,
210,211,1055,578,11,14,-25,0,9,238,12,24,3,0,0,0,8192,8192,65536,0,0,0,150,64800,58620,0,6180,10725,0,25962,10683,0,0,181068,10683,53975,10922,0,0,0,0,
210,211,1055,578,11,14,-25,0,10,239,9,24,0,0,0,0,0,0,0,3,0,1,0,0,0,0,0,0,0,0,0,0,0,0,0,-58362,0,0,0,0,0,
210,211,1055,578,11,14,-25,0,11,242,20,1,1,2,2,0,65536,65536,2981,0,0,0,0,12500,12500,0,0,2500,0,187500,0,179340,179340,187500,179340,-5953,65536,179340,179340,0,0,
210,211,1055,578,11,14,-25,0,12,251,9,24,24,0,0,0,65536,65536,-4900,0,0,0,24000,216960,216960,0,0,13560,126000,1581474,1709280,0,0,2502840,1709280,21704,65536,0,0,0,0,
211,212,1060,578,11,14,-25,0,0,30,9,1,1,0,0,0,65536,65536,65536,0,0,0,7500,9020,9020,0,0,0,0,1370910,26817,0,0,1371030,26817,65536,65536,0,0,0,0,
211,212,1060,578,11,14,-25,0,1,65,9,24,1,0,0,0,2048,2048,0,0,0,0,0,14726,14726,0,0,735,0,1178,0,0,0,5580,0,65536,2048,0,0,0,0,
211,212,1060,578,11,14,-25,0,2,69,9,24,23,0,0,0,62805,62805,0,0,0,0,0,643996,590096,0,53900,0,0,1146340,0,0,0,2785397,0,65536,65535,0,0,0,0,
211,212,1060,578,11,14,-25,0,3,79,2,24,7,0,0,0,19114,19114,0,0,0,0,0,31113,31113,0,0,0,0,14934,0,0,0,75737,0,65536,20416,0,0,0,0,
211,212,1060,578,11,14,-25,0,4,90,2,1,1,0,0,0,65536,65536,65536,0,0,0,5000,14775,14775,0,0,0,0,1032613,2000,0,0,1032665,2000,65536,65536,0,0,0,0,
211,212,1060,578,11,14,-25,0,5,98,2,1,1,0,0,0,2048,2048,-12025,0,0,0,156,299,299,0,0,0,0,107,1942,0,0,511,1942,-50549,2048,0,0,0,0,
211,212,1060,578,11,14,-25,0,6,102,8,24,21,0,0,0,57344,57344,0,0,0,0,0,378000,334740,0,43260,25410,0,170918,0,0,0,379007,0,65536,57673,0,0,0,0,
211,212,1060,578,11,14,-25,0,7,106,20,1,1,0,0,0,65536,65536,0,0,0,0,0,0,0,0,0,0,0,0,0,0,0,0,0,0,65536,0,0,0,0,
211,212,1060,578,11,14,-25,0,8,203,20,18,18,36,36,0,65536,65536,65536,0,0,0,0,9000,9000,0,0,4500,0,7200000,0,4100040,4100040,7200000,4100040,61573,65536,3228120,3228120,871920,871920,
211,212,1060,578,11,14,-25,0,9,238,12,24,3,0,0,0,8192,8192,65536,0,0,0,150,64800,58620,0,6180,10725,0,24783,11035,0,0,172549,11035,51006,10922,0,0,0,0,
211,212,1060,578,11,14,-25,0,10,239,9,24,0,0,0,0,0,0,0,3,0,1,0,0,0,0,0,0,0,0,0,0,0,0,0,-58591,0,0,0,0,0,
211,212,1060,578,11,14,-25,0,11,242,20,1,1,2,2,0,65536,65536,2981,0,0,0,0,12500,12500,0,0,2500,0,187500,0,179340,179340,187500,179340,-5953,65536,179340,179340,0,0,
211,212,1060,578,11,14,-25,0,12,251,9,24,24,0,0,0,22574,65536,-21760,0,0,0,8266,74732,74732,0,0,4670,43400,406220,608146,0,0,2565960,608146,21047,65536,0,0,0,0,
212,213,1065,578,11,14,-25,0,0,30,9,1,1,0,0,0,65536,65536,65536,0,0,0,7500,9020,9020,0,0,0,0,1370910,27022,0,0,1371030,27022,65536,65536,0,0,0,0,
212,213,1065,578,11,14,-25,0,1,65,9,24,1,0,0,0,2048,2048,0,0,0,0,0,14726,14726,0,0,735,0,1178,0,0,0,5580,0,65536,2048,0,0,0,0,
212,213,1065,578,11,14,-25,0,2,69,9,24,23,0,0,0,62805,62805,0,0,0,0,0,643996,590096,0,53900,0,0,1260824,0,0,0,2820916,0,65536,65535,0,0,0,0,
212,213,1065,578,11,14,-25,0,3,79,2,24,4,0,0,0,10922,10922,0,0,0,0,0,17778,17778,0,0,0,0,8533,0,0,0,43199,0,65536,11645,0,0,0,0,
212,213,1065,578,11,14,-25,0,4,90,2,1,1,0,0,0,65536,65536,65536,0,0,0,5000,14775,14775,0,0,0,0,1161326,2000,0,0,1161385,2000,65536,65536,0,0,0,0,
212,213,1065,578,11,14,-25,0,5,98,2,1,1,0,0,0,2048,2048,-12176,0,0,0,156,299,299,0,0,0,0,107,1965,0,0,511,1965,-50730,2048,0,0,0,0,
212,213,1065,578,11,14,-25,0,6,102,8,24,22,0,0,0,60074,60074,0,0,0,0,0,395995,350675,0,45320,26619,0,91793,0,0,0,406081,0,65536,61604,0,0,0,0,
212,213,1065,578,11,14,-25,0,7,106,20,1,1,0,0,0,65536,65536,0,0,0,0,0,0,0,0,0,0,0,0,0,0,0,0,0,0,65536,0,0,0,0,
212,213,1065,578,11,14,-25,0,8,203,20,18,18,36,36,0,65536,65536,65536,0,0,0,0,9000,9000,0,0,4500,0,7200000,0,4100040,4100040,7200000,4100040,61573,65536,3228120,3228120,871920,871920,
212,213,1065,578,11,14,-25,0,9,238,12,24,3,0,0,0,8192,8192,65536,0,0,0,150,64800,58620,0,6180,10725,0,43159,12411,0,0,170829,12411,49748,10922,0,0,0,0,
212,213,1065,578,11,14,-25,0,10,239,9,24,0,0,0,0,0,0,0,3,0,1,0,0,0,0,0,0,0,0,0,0,0,0,0,-59361,0,0,0,0,0,
212,213,1065,578,11,14,-25,0,11,242,20,1,1,2,2,0,65536,65536,2981,0,0,0,0,12500,12500,0,0,2500,0,187500,0,179340,179340,187500,179340,-5953,65536,179340,179340,0,0,
212,213,1065,578,11,14,-25,0,12,251,9,24,24,0,0,0,39938,65536,-26031,1,0,0,14625,132216,132216,0,0,8263,76785,729453,1210116,0,0,2597160,1210116,12389,65536,0,0,0,0,
213,214,1070,578,11,14,-25,0,0,30,9,1,1,0,0,0,65536,65536,65536,0,0,0,7500,9020,9020,0,0,0,0,1370910,27567,0,0,1371030,27567,65536,65536,0,0,0,0,
213,214,1070,578,11,14,-25,0,1,65,9,24,1,0,0,0,2048,2048,0,0,0,0,0,14726,14726,0,0,735,0,1178,0,0,0,5580,0,65536,2048,0,0,0,0,
213,214,1070,578,11,14,-25,0,2,69,9,24,23,0,0,0,62805,62805,0,0,0,0,0,643996,590096,0,53900,0,0,1357534,0,0,0,2870716,0,65536,65535,0,0,0,0,
213,214,1070,578,11,14,-25,0,3,79,2,24,2,0,0,0,5461,5461,0,0,0,0,0,8889,8889,0,0,0,0,4266,0,0,0,24168,0,65536,6515,0,0,0,0,
213,214,1070,578,11,14,-25,0,4,90,2,1,1,0,0,0,65536,65536,65536,0,0,0,5000,14775,14775,0,0,0,0,1263180,2000,0,0,1263245,2000,65536,65536,0,0,0,0,
213,214,1070,578,11,14,-25,0,5,98,2,1,1,0,0,0,2048,2048,-12091,0,0,0,156,299,299,0,0,0,0,107,1952,0,0,511,1952,-50627,2048,0,0,0,0,
213,214,1070,578,11,14,-25,0,6,102,8,24,20,0,0,0,54613,54613,0,0,0,0,0,359997,318797,0,41200,24199,0,65608,0,0,0,357203,0,65536,55468,0,0,0,0,
213,214,1070,578,11,14,-25,0,7,106,20,1,1,0,0,0,65536,65536,0,0,0,0,0,0,0,0,0,0,0,0,0,0,0,0,0,0,65536,0,0,0,0,
213,214,1070,578,11,14,-25,0,8,203,20,18,18,36,36,0,65536,65536,65536,0,0,0,0,9000,9000,0,0,4500,0,7200000,0,4100040,4100040,7200000,4100040,61573,65536,3228120,3228120,871920,871920,
213,214,1070,578,11,14,-25,0,9,238,12,24,3,0,0,0,8192,8192,65536,0,0,0,150,64800,58620,0,6180,10725,0,88817,13500,0,0,174609,13500,50443,10922,0,0,0,0,
213,214,1070,578,11,14,-25,0,10,239,9,24,0,0,0,0,0,0,0,3,0,1,0,0,0,0,0,0,0,0,0,0,0,0,0,-59859,0,0,0,0,0,
213,214,1070,578,11,14,-25,0,11,242,20,1,1,2,2,0,65536,65536,2981,0,0,0,0,12500,12500,0,0,2500,0,187500,0,179340,179340,187500,179340,-5953,65536,179340,179340,0,0,
213,214,1070,578,11,14,-25,0,12,251,9,24,24,0,0,0,39938,65536,-47579,2,0,0,14625,132216,132216,0,0,8263,76785,360642,1316250,0,0,2579400,1316250,5610,65536,0,0,0,0,
214,215,1075,578,11,14,-25,0,0,30,9,1,1,0,0,0,65536,65536,65536,0,0,0,7500,9020,9020,0,0,0,0,1370910,28360,0,0,1371030,28360,65536,65536,0,0,0,0,
214,215,1075,578,11,14,-25,0,1,65,9,24,1,0,0,0,2048,2048,0,0,0,0,0,14726,14726,0,0,735,0,1178,0,0,0,5580,0,65536,2048,0,0,0,0,
214,215,1075,578,11,14,-25,0,2,69,9,24,23,0,0,0,62805,62805,0,0,0,0,0,643996,616496,0,27500,0,0,1457699,0,0,0,2930475,0,65536,65535,0,0,0,0,
214,215,1075,578,11,14,-25,0,3,79,2,24,1,0,0,0,2730,2730,0,0,0,0,0,4443,4443,0,0,0,0,2132,0,0,0,13429,0,65536,3620,0,0,0,0,
214,215,1075,578,11,14,-25,0,4,90,2,1,1,0,0,0,65536,65536,65536,0,0,0,5000,14775,14775,0,0,0,0,490249,2000,0,0,1263245,2000,65536,65536,0,0,0,0,
214,215,1075,578,11,14,-25,0,5,98,2,1,1,0,0,0,2048,2048,-11704,0,0,0,156,299,299,0,0,0,0,107,1893,0,0,511,1893,-50162,2048,0,0,0,0,
214,215,1075,578,11,14,-25,0,6,102,8,24,17,0,0,0,46421,46421,0,0,0,0,0,305997,270977,0,35020,20569,0,54195,0,0,0,294773,0,65536,47127,0,0,0,0,
214,215,1075,578,11,14,-25,0,7,106,20,1,1,0,0,0,65536,65536,0,0,0,0,0,0,0,0,0,0,0,0,0,0,0,0,0,0,65536,0,0,0,0,
214,215,1075,578,11,14,-25,0,8,203,20,18,18,36,36,0,65536,65536,65536,0,0,0,0,9000,9000,0,0,4500,0,7200000,0,4100040,4100040,7200000,4100040,61573,65536,3228120,3228120,871920,871920,
214,215,1075,578,11,14,-25,0,9,238,12,24,3,0,0,0,8192,8192,65536,0,0,0,150,64800,58620,0,6180,10725,0,93919,13500,0,0,182408,13500,52998,10922,0,0,0,0,
214,215,1075,578,11,14,-25,0,10,239,9,24,0,0,0,0,0,0,0,3,0,1,0,0,0,0,0,0,0,0,0,0,0,0,0,-59859,0,0,0,0,0,
214,215,1075,578,11,14,-25,0,11,242,20,1,1,2,2,0,65536,65536,2981,0,0,0,0,12500,12500,0,0,2500,0,187500,0,179340,179340,187500,179340,-5953,65536,179340,179340,0,0,
214,215,1075,578,11,14,-25,0,12,251,9,24,0,0,0,0,0,0,0,3,0,1,0,0,0,0,0,0,0,0,0,0,0,0,0,3462,0,0,0,0,0,
215,216,1080,578,11,14,-25,0,0,30,9,1,1,0,0,0,65536,65536,65536,0,0,0,7500,9020,9020,0,0,0,0,1370910,29527,0,0,1371030,29527,65536,65536,0,0,0,0,
215,216,1080,578,11,14,-25,0,1,65,9,24,1,0,0,0,2048,2048,0,0,0,0,0,14726,14726,0,0,735,0,1178,0,0,0,5580,0,65536,2048,0,0,0,0,
215,216,1080,578,11,14,-25,0,2,69,9,24,23,0,0,0,62805,62805,0,0,0,0,0,643996,616496,0,27500,0,0,1572936,0,0,0,3003794,0,65536,65535,0,0,0,0,
215,216,1080,578,11,14,-25,0,3,79,2,24,1,0,0,0,2048,2048,0,0,0,0,0,3333,3333,0,0,0,0,1599,0,0,0,7597,0,65536,2048,0,0,0,0,
215,216,1080,578,11,14,-25,0,4,90,2,1,1,0,0,0,20158,20158,65536,0,0,0,1537,4544,4544,0,0,0,0,73936,614,0,0,351237,614,65536,20158,0,0,0,0,
215,216,1080,578,11,14,-25,0,5,98,2,1,1,0,0,0,2048,2048,-11881,0,0,0,156,299,299,0,0,0,0,107,1920,0,0,511,1920,-50384,2048,0,0,0,0,
215,216,1080,578,11,14,-25,0,6,102,8,24,14,0,0,0,38229,38229,0,0,0,0,0,251997,223157,0,28840,16939,0,44631,0,0,0,241638,0,65536,38632,0,0,0,0,
215,216,1080,578,11,14,-25,0,7,106,20,1,1,0,0,0,65536,65536,0,0,0,0,0,0,0,0,0,0,0,0,0,0,0,0,0,0,65536,0,0,0,0,
215,216,1080,578,11,14,-25,0,8,203,20,18,18,36,36,0,65536,65536,65536,0,0,0,0,9000,9000,0,0,4500,0,7200000,0,4100040,4100040,7200000,4100040,61573,65536,3228120,3228120,871920,871920,
215,216,1080,578,11,14,-25,0,9,238,12,24,24,0,0,0,65536,65536,65536,0,0,0,1200,518400,468960,0,49440,85800,0,404926,97627,0,0,1181280,97627,58392,65536,0,0,0,0,
215,216,1080,578,11,14,-25,0,10,239,9,24,0,0,0,0,0,0,0,3,0,1,0,0,0,0,0,0,0,0,0,0,0,0,0,-59256,0,0,0,0,0,
215,216,1080,578,11,14,-25,0,11,242,20,1,1,2,2,0,65536,65536,2981,0,0,0,0,12500,12500,0,0,2500,0,187500,0,179340,179340,187500,179340,-5953,65536,179340,179340,0,0,
215,216,1080,578,11,14,-25,0,12,251,9,24,0,0,0,0,0,0,0,3,1,1,0,0,0,0,0,0,0,0,0,0,0,0,0,11903,0,0,0,0,0,
216,217,1085,578,11,14,-25,0,0,30,9,1,1,0,0,0,65536,65536,65536,0,0,0,7500,9020,9020,0,0,0,0,1370910,29620,0,0,1371030,29620,65536,65536,0,0,0,0,
216,217,1085,578,11,14,-25,0,1,65,9,24,1,0,0,0,2048,2048,0,0,0,0,0,14726,14726,0,0,735,0,1178,0,0,0,5580,0,65536,2048,0,0,0,0,
216,217,1085,578,11,14,-25,0,2,69,9,24,23,0,0,0,62805,62805,0,0,0,0,0,643996,590096,0,53900,0,0,1639078,0,0,0,3083712,0,65536,65535,0,0,0,0,
216,217,1085,578,11,14,-25,0,3,79,2,24,1,0,0,0,2048,2048,0,0,0,0,0,3333,3333,0,0,0,0,1599,0,0,0,7597,0,65536,2048,0,0,0,0,
216,217,1085,578,11,14,-25,0,4,90,2,1,1,0,0,0,2329,2329,65536,0,0,0,177,525,525,0,0,0,0,35606,70,0,0,35664,70,65536,2329,0,0,0,0,
216,217,1085,578,11,14,-25,0,5,98,2,1,1,0,0,0,2048,2048,-13100,0,0,0,156,299,299,0,0,0,0,107,2106,0,0,511,2106,-51714,2048,0,0,0,0,
216,217,1085,578,11,14,-25,0,6,102,8,24,12,0,0,0,32768,32768,0,0,0,0,0,216000,191280,0,24720,14520,0,38256,0,0,0,216569,0,65536,34624,0,0,0,0,
216,217,1085,578,11,14,-25,0,7,106,20,1,1,0,0,0,65536,65536,0,0,0,0,0,0,0,0,0,0,0,0,0,0,0,0,0,0,65536,0,0,0,0,
216,217,1085,578,11,14,-25,0,8,203,20,18,18,36,36,0,65536,65536,65536,0,0,0,0,9000,9000,0,0,4500,0,7200000,0,4100040,4100040,7200000,4100040,61573,65536,3228120,3228120,871920,871920,
216,217,1085,578,11,14,-25,0,9,238,12,24,3,0,0,0,8192,8192,65536,0,0,0,150,64800,58620,0,6180,10725,0,26347,10725,0,0,183888,10725,54873,10922,0,0,0,0,
216,217,1085,578,11,14,-25,0,10,239,9,24,0,0,0,0,0,0,0,3,0,1,0,0,0,0,0,0,0,0,0,0,0,0,0,-58390,0,0,0,0,0,
216,217,1085,578,11,14,-25,0,11,242,20,1,1,2,2,0,65536,65536,2981,0,0,0,0,12500,12500,0,0,2500,0,187500,0,179340,179340,187500,179340,-5953,65536,179340,179340,0,0,
216,217,1085,578,11,14,-25,0,12,251,9,24,24,0,0,0,65536,65536,5717,0,0,0,24000,216960,216960,0,0,13560,126000,1865718,1716000,0,0,2782200,1716000,31059,65536,0,0,0,0,
217,218,1090,578,11,14,-25,0,0,30,9,1,1,0,0,0,65536,65536,65536,0,0,0,7500,9020,9020,0,0,0,0,1370910,29450,0,0,1371030,29450,65536,65536,0,0,0,0,
217,218,1090,578,11,14,-25,0,1,65,9,24,1,0,0,0,2048,2048,0,0,0,0,0,14726,14726,0,0,735,0,1178,0,0,0,5580,0,65536,2048,0,0,0,0,
217,218,1090,578,11,14,-25,0,2,69,9,24,23,0,0,0,62805,62805,0,0,0,0,0,643996,592296,0,51700,0,0,1446426,0,0,0,3135432,0,65536,65535,0,0,0,0,
217,218,1090,578,11,14,-25,0,3,79,2,24,1,0,0,0,2048,2048,0,0,0,0,0,3333,3333,0,0,0,0,1599,0,0,0,7597,0,65536,2048,0,0,0,0,
217,218,1090,578,11,14,-25,0,4,90,2,1,1,0,0,0,65536,65536,65536,0,0,0,5000,14775,14775,0,0,0,0,1036897,2000,0,0,1036950,2000,65536,65536,0,0,0,0,
217,218,1090,578,11,14,-25,0,5,98,2,1,1,0,0,0,2048,2048,-13146,0,0,0,156,299,299,0,0,0,0,107,2113,0,0,511,2113,-51764,2048,0,0,0,0,
217,218,1090,578,11,14,-25,0,6,102,8,24,12,0,0,0,32768,32768,0,0,0,0,0,216000,191280,0,24720,14520,0,38256,0,0,0,207199,0,65536,33126,0,0,0,0,
217,218,1090,578,11,14,-25,0,7,106,20,1,1,0,0,0,65536,65536,0,0,0,0,0,0,0,0,0,0,0,0,0,0,0,0,0,0,65536,0,0,0,0,
217,218,1090,578,11,14,-25,0,8,203,20,18,18,36,36,0,65536,65536,65536,0,0,0,0,9000,9000,0,0,4500,0,7200000,0,4100040,4100040,7200000,4100040,61573,65536,3228120,3228120,871920,871920,
217,218,1090,578,11,14,-25,0,9,238,12,24,3,0,0,0,8192,8192,65536,0,0,0,150,64800,58620,0,6180,10725,0,24423,11081,0,0,169929,11081,50128,10922,0,0,0,0,
217,218,1090,578,11,14,-25,0,10,239,9,24,0,0,0,0,0,0,0,3,0,1,0,0,0,0,0,0,0,0,0,0,0,0,0,-58620,0,0,0,0,0,
217,218,1090,578,11,14,-25,0,11,242,20,1,1,2,2,0,65536,65536,2981,0,0,0,0,12500,12500,0,0,2500,0,187500,0,179340,179340,187500,179340,-5953,65536,179340,179340,0,0,
217,218,1090,578,11,14,-25,0,12,251,9,24,22,0,0,0,23647,60074,-43805,0,0,0,8659,78284,78284,0,0,4892,45463,212118,639709,0,0,2672610,639709,28291,62730,0,0,0,0,
218,219,1095,578,11,14,-25,0,0,30,9,1,1,0,0,0,65536,65536,65536,0,0,0,7500,9020,9020,0,0,0,0,1370910,29472,0,0,1371030,29472,65536,65536,0,0,0,0,
218,219,1095,578,11,14,-25,0,1,65,9,24,1,0,0,0,2048,2048,0,0,0,0,0,14726,14726,0,0,735,0,1178,0,0,0,5580,0,65536,2048,0,0,0,0,
218,219,1095,578,11,14,-25,0,2,69,9,24,23,0,0,0,62805,62805,0,0,0,0,0,643996,592296,0,51700,0,0,1355571,0,0,0,3168431,0,65536,65535,0,0,0,0,
218,219,1095,578,11,14,-25,0,3,79,2,24,1,0,0,0,2048,2048,0,0,0,0,0,3333,3333,0,0,0,0,1599,0,0,0,7597,0,65536,2048,0,0,0,0,
218,219,1095,578,11,14,-25,0,4,90,2,1,1,0,0,0,65536,65536,65536,0,0,0,5000,14775,14775,0,0,0,0,1166246,2000,0,0,1166305,2000,65536,65536,0,0,0,0,
218,219,1095,578,11,14,-25,0,5,98,2,1,1,0,0,0,2048,2048,-12890,0,0,0,156,299,299,0,0,0,0,107,2074,0,0,511,2074,-51502,2048,0,0,0,0,
218,219,1095,578,11,14,-25,0,6,102,8,24,18,0,0,0,49152,49152,0,0,0,0,0,324000,286920,0,37080,21780,0,63316,0,0,0,309553,0,65536,49331,0,0,0,0,
218,219,1095,578,11,14,-25,0,7,106,20,1,1,0,0,0,65536,65536,0,0,0,0,0,0,0,0,0,0,0,0,0,0,0,0,0,0,65536,0,0,0,0,
218,219,1095,578,11,14,-25,0,8,203,20,18,18,36,36,0,65536,65536,65536,0,0,0,0,9000,9000,0,0,4500,0,7200000,0,4100040,4100040,7200000,4100040,61573,65536,3228120,3228120,871920,871920,
218,219,1095,578,11,14,-25,0,9,238,12,24,3,0,0,0,8192,8192,58715,0,0,0,150,64800,58620,0,6180,10725,0,23629,12463,0,0,164109,12463,47526,10922,0,0,0,0,
218,219,1095,578,11,14,-25,0,10,239,9,24,0,0,0,0,0,0,0,3,0,1,0,0,0,0,0,0,0,0,0,0,0,0,0,-59387,0,0,0,0,0,
218,219,1095,578,11,14,-25,0,11,242,20,1,1,2,2,0,65536,65536,2981,0,0,0,0,12500,12500,0,0,2500,0,187500,0,179340,179340,187500,179340,-5953,65536,179340,179340,0,0,
218,219,1095,578,11,14,-25,0,12,251,9,24,22,0,0,0,39938,60074,-46576,1,0,0,14625,132216,132216,0,0,8263,76785,351562,1215235,0,0,2560909,1215235,16334,61248,0,0,0,0,
219,220,1100,578,11,14,-25,0,0,30,9,1,1,0,0,0,65536,65536,65536,0,0,0,7500,9020,9020,0,0,0,0,1370910,29807,0,0,1371030,29807,65536,65536,0,0,0,0,
219,220,1100,578,11,14,-25,0,1,65,9,24,1,0,0,0,2048,2048,0,0,0,0,0,14726,14726,0,0,735,0,1178,0,0,0,5580,0,65536,2048,0,0,0,0,
219,220,1100,578,11,14,-25,0,2,69,9,24,23,0,0,0,62805,62805,0,0,0,0,0,643996,594496,0,49500,0,0,1404777,0,0,0,3203951,0,65536,65535,0,0,0,0,
219,220,1100,578,11,14,-25,0,3,79,2,24,1,0,0,0,2048,2048,0,0,0,0,0,3333,3333,0,0,0,0,1599,0,0,0,7597,0,65536,2048,0,0,0,0,
219,220,1100,578,11,14,-25,0,4,90,2,1,1,0,0,0,65536,65536,65536,0,0,0,5000,14775,14775,0,0,0,0,1263180,2000,0,0,1263245,2000,65536,65536,0,0,0,0,
219,220,1100,578,11,14,-25,0,5,98,2,1,1,0,0,0,2048,2048,-12451,0,0,0,156,299,299,0,0,0,0,107,2007,0,0,511,2007,-51034,2048,0,0,0,0,
219,220,1100,578,11,14,-25,0,6,102,8,24,17,0,0,0,46421,46421,0,0,0,0,0,305997,270977,0,35020,20569,0,54195,0,0,0,293035,0,65536,46849,0,0,0,0,
219,220,1100,578,11,14,-25,0,7,106,20,1,1,0,0,0,65536,65536,0,0,0,0,0,0,0,0,0,0,0,0,0,0,0,0,0,0,65536,0,0,0,0,
219,220,1100,578,11,14,-25,0,8,203,20,18,18,36,36,0,65536,65536,65536,0,0,0,0,9000,9000,0,0,4500,0,7200000,0,4100040,4100040,7200000,4100040,61573,65536,3228120,3228120,871920,871920,
219,220,1100,578,11,14,-25,0,9,238,12,24,3,0,0,0,8192,8192,65536,0,0,0,150,64800,58620,0,6180,10725,0,81974,13500,0,0,165589,13500,47487,10922,0,0,0,0,
219,220,1100,578,11,14,-25,0,10,239,9,24,0,0,0,0,0,0,0,3,0,1,0,0,0,0,0,0,0,0,0,0,0,0,0,-59859,0,0,0,0,0,
219,220,1100,578,11,14,-25,0,11,242,20,1,1,2,2,0,65536,65536,2981,0,0,0,0,12500,12500,0,0,2500,0,187500,0,179340,179340,187500,179340,-5953,65536,179340,179340,0,0,
219,220,1100,578,11,14,-25,0,12,251,9,24,20,0,0,0,39938,54613,-48595,2,0,0,14625,132216,132216,0,0,8263,76785,340244,1316250,0,0,2213528,1316250,7609,54703,0,0,0,0,
220,221,1105,578,11,14,-25,0,0,30,9,1,1,0,0,0,65536,65536,65536,0,0,0,7500,9020,9020,0,0,0,0,1370910,30260,0,0,1371030,30260,65536,65536,0,0,0,0,
220,221,1105,578,11,14,-25,0,1,65,9,24,1,0,0,0,2048,2048,0,0,0,0,0,14726,14726,0,0,735,0,1178,0,0,0,5580,0,65536,2048,0,0,0,0,
220,221,1105,578,11,14,-25,0,2,69,9,24,23,0,0,0,62805,62805,0,0,0,0,0,643996,616496,0,27500,0,0,1401001,0,0,0,3232270,0,65536,65535,0,0,0,0,
220,221,1105,578,11,14,-25,0,3,79,2,24,1,0,0,0,2048,2048,0,0,0,0,0,3333,3333,0,0,0,0,1599,0,0,0,7597,0,65536,2048,0,0,0,0,
220,221,1105,578,11,14,-25,0,4,90,2,1,1,0,0,0,65536,65536,65536,0,0,0,5000,14775,14775,0,0,0,0,278302,2000,0,0,1263245,2000,65536,65536,0,0,0,0,
220,221,1105,578,11,14,-25,0,5,98,2,1,1,0,0,0,2048,2048,-11757,0,0,0,156,299,299,0,0,0,0,107,1901,0,0,511,1901,-50225,2048,0,0,0,0,
220,221,1105,578,11,14,-25,0,6,102,8,24,15,0,0,0,40960,40960,0,0,0,0,0,270000,239100,0,30900,18150,0,47820,0,0,0,269898,0,65536,43150,0,0,0,0,
220,221,1105,578,11,14,-25,0,7,106,20,1,1,0,0,0,65536,65536,0,0,0,0,0,0,0,0,0,0,0,0,0,0,0,0,0,0,65536,0,0,0,0,
220,221,1105,578,11,14,-25,0,8,203,20,18,18,36,36,0,65536,65536,65536,0,0,0,0,9000,9000,0,0,4500,0,7200000,0,4100040,4100040,7200000,4100040,61573,65536,3228120,3228120,871920,871920,
220,221,1105,578,11,14,-25,0,9,238,12,24,3,0,0,0,8192,8192,65536,0,0,0,150,64800,58620,0,6180,10725,0,86559,13500,0,0,171149,13500,49309,10922,0,0,0,0,
220,221,1105,578,11,14,-25,0,10,239,9,24,0,0,0,0,0,0,0,3,0,1,0,0,0,0,0,0,0,0,0,0,0,0,0,-59859,0,0,0,0,0,
220,221,1105,578,11,14,-25,0,11,242,20,1,1,2,2,0,65536,65536,2981,0,0,0,0,12500,12500,0,0,2500,0,187500,0,179340,179340,187500,179340,-5953,65536,179340,179340,0,0,
220,221,1105,578,11,14,-25,0,12,251,9,24,0,0,0,0,0,0,0,3,0,1,0,0,0,0,0,0,0,0,0,0,0,0,0,3743,0,0,0,0,0,
221,222,1110,578,11,14,-25,0,0,30,9,1,1,0,0,0,65536,65536,65536,0,0,0,7500,9020,9020,0,0,0,0,1370910,30817,0,0,1371030,30817,65536,65536,0,0,0,0,
221,222,1110,578,11,14,-25,0,1,65,9,24,1,0,0,0,2048,2048,0,0,0,0,0,14726,14726,0,0,735,0,1178,0,0,0,5580,0,65536,2048,0,0,0,0,
221,222,1110,578,11,14,-25,0,2,69,9,24,23,0,0,0,62805,62805,0,0,0,0,0,643996,616496,0,27500,0,0,1408825,0,0,0,3259150,0,65536,65535,0,0,0,0,
221,222,1110,578,11,14,-25,0,3,79,2,24,1,0,0,0,2048,2048,0,0,0,0,0,3333,3333,0,0,0,0,1599,0,0,0,7597,0,65536,2048,0,0,0,0,
221,222,1110,578,11,14,-25,0,4,90,2,1,1,0,0,0,17538,17538,65536,0,0,0,1338,3953,3953,0,0,0,0,63977,535,0,0,303960,535,65536,17538,0,0,0,0,
221,222,1110,578,11,14,-25,0,5,98,2,1,1,0,0,0,2048,2048,-11704,0,0,0,156,299,299,0,0,0,0,107,1893,0,0,511,1893,-50160,2048,0,0,0,0,
221,222,1110,578,11,14,-25,0,6,102,8,24,13,0,0,0,35498,35498,0,0,0,0,0,233995,207215,0,26780,15729,0,41443,0,0,0,232343,0,65536,37146,0,0,0,0,
221,222,1110,578,11,14,-25,0,7,106,20,1,1,0,0,0,65536,65536,0,0,0,0,0,0,0,0,0,0,0,0,0,0,0,0,0,0,65536,0,0,0,0,
221,222,1110,578,11,14,-25,0,8,203,20,18,18,36,36,0,65536,65536,65536,0,0,0,0,9000,9000,0,0,4500,0,7200000,0,4100040,4100040,7200000,4100040,61573,65536,3228120,3228120,871920,871920,
221,222,1110,578,11,14,-25,0,9,238,12,24,3,0,0,0,8192,8192,65536,0,0,0,150,64800,58620,0,6180,10725,0,92079,12138,0,0,179589,12138,52756,10922,0,0,0,0,
221,222,1110,578,11,14,-25,0,10,239,9,24,0,0,0,0,0,0,0,3,0,1,0,0,0,0,0,0,0,0,0,0,0,0,0,-59222,0,0,0,0,0,
221,222,1110,578,11,14,-25,0,11,242,20,1,1,2,2,0,65536,65536,2981,0,0,0,0,12500,12500,0,0,2500,0,187500,0,179340,179340,187500,179340,-5953,65536,179340,179340,0,0,
221,222,1110,578,11,14,-25,0,12,251,9,24,0,0,0,0,0,0,0,3,1,1,0,0,0,0,0,0,0,0,0,0,0,0,0,11191,0,0,0,0,0,
222,223,1115,578,11,14,-25,0,0,30,9,1,1,0,0,0,65536,65536,65536,0,0,0,7500,9020,9020,0,0,0,0,1370910,31660,0,0,1371030,31660,65536,65536,0,0,0,0,
222,223,1115,578,11,14,-25,0,1,65,9,24,1,0,0,0,2048,2048,0,0,0,0,0,14726,14726,0,0,735,0,1178,0,0,0,5580,0,65536,2048,0,0,0,0,
222,223,1115,578,11,14,-25,0,2,69,9,24,23,0,0,0,62805,62805,0,0,0,0,0,643996,590096,0,53900,0,0,1317924,0,0,0,3271150,0,65536,65535,0,0,0,0,
222,223,1115,578,11,14,-25,0,3,79,2,24,1,0,0,0,2048,2048,0,0,0,0,0,3333,3333,0,0,0,0,1599,0,0,0,7597,0,65536,2048,0,0,0,0,
222,223,1115,578,11,14,-25,0,4,90,2,1,1,0,0,0,2048,2048,65536,0,0,0,156,461,461,0,0,0,0,31046,62,0,0,31148,62,65536,2048,0,0,0,0,
222,223,1115,578,11,14,-25,0,5,98,2,1,1,0,0,0,2048,2048,-12491,0,0,0,156,299,299,0,0,0,0,107,2013,0,0,511,2013,-51083,2048,0,0,0,0,
222,223,1115,578,11,14,-25,0,6,102,8,24,13,0,0,0,35498,35498,0,0,0,0,0,233995,207215,0,26780,15729,0,41443,0,0,0,230755,0,65536,36892,0,0,0,0,
222,223,1115,578,11,14,-25,0,7,106,20,1,1,0,0,0,65536,65536,0,0,0,0,0,0,0,0,0,0,0,0,0,0,0,0,0,0,65536,0,0,0,0,
222,223,1115,578,11,14,-25,0,8,203,20,18,18,36,36,0,65536,65536,65536,0,0,0,0,9000,9000,0,0,4500,0,7200000,0,4100040,4100040,7200000,4100040,61573,65536,3228120,3228120,871920,871920,
222,223,1115,578,11,14,-25,0,9,238,12,24,24,0,0,0,65536,65536,65536,0,0,0,1200,518400,468960,0,49440,85800,0,402321,85216,0,0,1186680,85216,59460,65536,0,0,0,0,
222,223,1115,578,11,14,-25,0,10,239,9,24,0,0,0,0,0,0,0,3,0,1,0,0,0,0,0,0,0,0,0,0,0,0,0,-58341,0,0,0,0,0,
222,223,1115,578,11,14,-25,0,11,242,20,1,1,2,2,0,65536,65536,2981,0,0,0,0,12500,12500,0,0,2500,0,187500,0,179340,179340,187500,179340,-5953,65536,179340,179340,0,0,
222,223,1115,578,11,14,-25,0,12,251,9,24,24,0,0,0,65536,65536,-8099,0,0,0,24000,216960,216960,0,0,13560,126000,1493700,1704336,0,0,2660760,1704336,27482,65536,0,0,0,0,
223,224,1120,578,11,14,-25,0,0,30,9,1,1,0,0,0,65536,65536,65536,0,0,0,7500,9020,9020,0,0,0,0,1370910,31155,0,0,1371030,31155,65536,65536,0,0,0,0,
223,224,1120,578,11,14,-25,0,1,65,9,24,1,0,0,0,2048,2048,0,0,0,0,0,14726,14726,0,0,735,0,1178,0,0,0,5580,0,65536,2048,0,0,0,0,
223,224,1120,578,11,14,-25,0,2,69,9,24,23,0,0,0,62805,62805,0,0,0,0,0,643996,590096,0,53900,0,0,1245174,0,0,0,3271870,0,65536,65535,0,0,0,0,
223,224,1120,578,11,14,-25,0,3,79,2,24,1,0,0,0,2048,2048,0,0,0,0,0,3333,3333,0,0,0,0,1599,0,0,0,7597,0,65536,2048,0,0,0,0,
223,224,1120,578,11,14,-25,0,4,90,2,1,1,0,0,0,65536,65536,65536,0,0,0,5000,14775,14775,0,0,0,0,1027885,2000,0,0,1027940,2000,65536,65536,0,0,0,0,
223,224,1120,578,11,14,-25,0,5,98,2,1,1,0,0,0,2048,2048,-12713,0,0,0,156,299,299,0,0,0,0,107,2047,0,0,511,2047,-51319,2048,0,0,0,0,
223,224,1120,578,11,14,-25,0,6,102,8,24,18,0,0,0,49152,49152,0,0,0,0,0,324000,286920,0,37080,21780,0,192352,0,0,0,331121,0,65536,51214,0,0,0,0,
223,224,1120,578,11,14,-25,0,7,106,20,1,1,0,0,0,65536,65536,0,0,0,0,0,0,0,0,0,0,0,0,0,0,0,0,0,0,65536,0,0,0,0,
223,224,1120,578,11,14,-25,0,8,203,20,18,18,36,36,0,65536,65536,65536,0,0,0,0,9000,9000,0,0,4500,0,7200000,0,4100040,4100040,7200000,4100040,61573,65536,3228120,3228120,871920,871920,
223,224,1120,578,11,14,-25,0,9,238,12,24,3,0,0,0,8192,8192,65536,0,0,0,150,64800,58620,0,6180,10725,0,26548,10985,0,0,185348,10985,55227,10922,0,0,0,0,
223,224,1120,578,11,14,-25,0,10,239,9,24,0,0,0,0,0,0,0,3,0,1,0,0,0,0,0,0,0,0,0,0,0,0,0,-58559,0,0,0,0,0,
223,224,1120,578,11,14,-25,0,11,242,20,1,1,2,2,0,65536,65536,2981,0,0,0,0,12500,12500,0,0,2500,0,187500,0,179340,179340,187500,179340,-5953,65536,179340,179340,0,0,
223,224,1120,578,11,14,-25,0,12,251,9,24,24,0,0,0,21946,65536,-35607,0,0,0,8036,72653,72653,0,0,4540,42193,268758,588516,0,0,2705040,588516,26159,65536,0,0,0,0,
224,225,1125,578,11,14,-25,0,0,30,9,1,1,0,0,0,65536,65536,65536,0,0,0,7500,9020,9020,0,0,0,0,1370910,30660,0,0,1371030,30660,65536,65536,0,0,0,0,
224,225,1125,578,11,14,-25,0,1,65,9,24,1,0,0,0,2048,2048,0,0,0,0,0,14726,14726,0,0,735,0,1178,0,0,0,5580,0,65536,2048,0,0,0,0,
224,225,1125,578,11,14,-25,0,2,69,9,24,23,0,0,0,62805,62805,0,0,0,0,0,643996,590096,0,53900,0,0,1172899,0,0,0,3261790,0,65536,65535,0,0,0,0,
224,225,1125,578,11,14,-25,0,3,79,2,24,1,0,0,0,2048,2048,0,0,0,0,0,3333,3333,0,0,0,0,1599,0,0,0,7597,0,65536,2048,0,0,0,0,
224,225,1125,578,11,14,-25,0,4,90,2,1,1,0,0,0,65536,65536,65536,0,0,0,5000,14775,14775,0,0,0,0,1158755,2000,0,0,1158815,2000,65536,65536,0,0,0,0,
224,225,1125,578,11,14,-25,0,5,98,2,1,1,0,0,0,2048,2048,-12674,0,0,0,156,299,299,0,0,0,0,107,2041,0,0,511,2041,-51277,2048,0,0,0,0,
224,225,1125,578,11,14,-25,0,6,102,8,24,21,0,0,0,57344,57344,0,0,0,0,0,378000,334740,0,43260,25410,0,137813,0,0,0,384368,0,65536,58375,0,0,0,0,
224,225,1125,578,11,14,-25,0,7,106,20,1,1,0,0,0,65536,65536,0,0,0,0,0,0,0,0,0,0,0,0,0,0,0,0,0,0,65536,0,0,0,0,
224,225,1125,578,11,14,-25,0,8,203,20,18,18,36,36,0,65536,65536,65536,0,0,0,0,9000,9000,0,0,4500,0,7200000,0,4100040,4100040,7200000,4100040,61573,65536,3228120,3228120,871920,871920,
224,225,1125,578,11,14,-25,0,9,238,12,24,3,0,0,0,8192,8192,65536,0,0,0,150,64800,58620,0,6180,10725,0,25160,12384,0,0,175249,12384,51216,10922,0,0,0,0,
224,225,1125,578,11,14,-25,0,10,239,9,24,0,0,0,0,0,0,0,3,0,1,0,0,0,0,0,0,0,0,0,0,0,0,0,-59347,0,0,0,0,0,
224,225,1125,578,11,14,-25,0,11,242,20,1,1,2,2,0,65536,65536,2981,0,0,0,0,12500,12500,0,0,2500,0,187500,0,179340,179340,187500,179340,-5953,65536,179340,179340,0,0,
224,225,1125,578,11,14,-25,0,12,251,9,24,24,0,0,0,39938,65536,-37734,1,0,0,14625,132216,132216,0,0,8263,76785,512222,1207440,0,0,2697000,1207440,15558,65536,0,0,0,0,
225,226,1130,578,11,14,-25,0,0,30,9,1,1,0,0,0,65536,65536,65536,0,0,0,7500,9020,9020,0,0,0,0,1370910,30422,0,0,1371030,30422,65536,65536,0,0,0,0,
225,226,1130,578,11,14,-25,0,1,65,9,24,1,0,0,0,2048,2048,0,0,0,0,0,14726,14726,0,0,735,0,1178,0,0,0,5580,0,65536,2048,0,0,0,0,
225,226,1130,578,11,14,-25,0,2,69,9,24,23,0,0,0,62805,62805,0,0,0,0,0,643996,592296,0,51700,0,0,1122256,0,0,0,3242950,0,65536,65535,0,0,0,0,
225,226,1130,578,11,14,-25,0,3,79,2,24,1,0,0,0,2048,2048,0,0,0,0,0,3333,3333,0,0,0,0,1599,0,0,0,7597,0,65536,2048,0,0,0,0,
225,226,1130,578,11,14,-25,0,4,90,2,1,1,0,0,0,65536,65536,65536,0,0,0,5000,14775,14775,0,0,0,0,1263180,2000,0,0,1263245,2000,65536,65536,0,0,0,0,
225,226,1130,578,11,14,-25,0,5,98,2,1,1,0,0,0,2048,2048,-12412,0,0,0,156,299,299,0,0,0,0,107,2001,0,0,511,2001,-50994,2048,0,0,0,0,
225,226,1130,578,11,14,-25,0,6,102,8,24,21,0,0,0,57344,57344,0,0,0,0,0,378000,334740,0,43260,25410,0,70228,0,0,0,380133,0,65536,57909,0,0,0,0,
225,226,1130,578,11,14,-25,0,7,106,20,1,1,0,0,0,65536,65536,0,0,0,0,0,0,0,0,0,0,0,0,0,0,0,0,0,0,65536,0,0,0,0,
225,226,1130,578,11,14,-25,0,8,203,20,18,18,36,36,0,65536,65536,65536,0,0,0,0,9000,9000,0,0,4500,0,7200000,0,4100040,4100040,7200000,4100040,61573,65536,3228120,3228120,871920,871920,
225,226,1130,578,11,14,-25,0,9,238,12,24,3,0,0,0,8192,8192,65536,0,0,0,150,64800,58620,0,6180,10725,0,33925,13500,0,0,173009,13500,49918,10922,0,0,0,0,
225,226,1130,578,11,14,-25,0,10,239,9,24,0,0,0,0,0,0,0,3,0,1,0,0,0,0,0,0,0,0,0,0,0,0,0,-59859,0,0,0,0,0,
225,226,1130,578,11,14,-25,0,11,242,20,1,1,2,2,0,65536,65536,2981,0,0,0,0,12500,12500,0,0,2500,0,187500,0,179340,179340,187500,179340,-5953,65536,179340,179340,0,0,
225,226,1130,578,11,14,-25,0,12,251,9,24,22,0,0,0,39938,60074,-48642,2,0,0,14625,132216,132216,0,0,8263,76785,339292,1316250,0,0,2497078,1316250,7404,61884,0,0,0,0,
226,227,1135,578,11,14,-25,0,0,30,9,1,1,0,0,0,65536,65536,65536,0,0,0,7500,9020,9020,0,0,0,0,1370910,30347,0,0,1371030,30347,65536,65536,0,0,0,0,
226,227,1135,578,11,14,-25,0,1,65,9,24,1,0,0,0,2048,2048,0,0,0,0,0,14726,14726,0,0,735,0,1178,0,0,0,5580,0,65536,2048,0,0,0,0,
226,227,1135,578,11,14,-25,0,2,69,9,24,23,0,0,0,62805,62805,0,0,0,0,0,643996,616496,0,27500,0,0,1093489,0,0,0,3216790,0,65536,65535,0,0,0,0,
226,227,1135,578,11,14,-25,0,3,79,2,24,1,0,0,0,2048,2048,0,0,0,0,0,3333,3333,0,0,0,0,1599,0,0,0,7597,0,65536,2048,0,0,0,0,
226,227,1135,578,11,14,-25,0,4,90,2,1,1,0,0,0,65536,65536,65536,0,0,0,5000,14775,14775,0,0,0,0,407225,2000,0,0,1263245,2000,65536,65536,0,0,0,0,
226,227,1135,578,11,14,-25,0,5,98,2,1,1,0,0,0,2048,2048,-11894,0,0,0,156,299,299,0,0,0,0,107,1922,0,0,511,1922,-50393,2048,0,0,0,0,
226,227,1135,578,11,14,-25,0,6,102,8,24,18,0,0,0,49152,49152,0,0,0,0,0,324000,286920,0,37080,21780,0,58703,0,0,0,331137,0,65536,51744,0,0,0,0,
226,227,1135,578,11,14,-25,0,7,106,20,1,1,0,0,0,65536,65536,0,0,0,0,0,0,0,0,0,0,0,0,0,0,0,0,0,0,65536,0,0,0,0,
226,227,1135,578,11,14,-25,0,8,203,20,18,18,36,36,0,65536,65536,65536,0,0,0,0,9000,9000,0,0,4500,0,7200000,0,4100040,4100040,7200000,4100040,61573,65536,3228120,3228120,871920,871920,
226,227,1135,578,11,14,-25,0,9,238,12,24,3,0,0,0,8192,8192,65536,0,0,0,150,64800,58620,0,6180,10725,0,89904,13500,0,0,176269,13500,50987,10922,0,0,0,0,
226,227,1135,578,11,14,-25,0,10,239,9,24,0,0,0,0,0,0,0,3,0,1,0,0,0,0,0,0,0,0,0,0,0,0,0,-59859,0,0,0,0,0,
226,227,1135,578,11,14,-25,0,11,242,20,1,1,2,2,0,65536,65536,2981,0,0,0,0,12500,12500,0,0,2500,0,187500,0,179340,179340,187500,179340,-5953,65536,179340,179340,0,0,
226,227,1135,578,11,14,-25,0,12,251,9,24,0,0,0,0,0,0,0,3,0,1,0,0,0,0,0,0,0,0,0,0,0,0,0,4508,0,0,0,0,0,
227,228,1140,578,11,14,-25,0,0,30,9,1,1,0,0,0,65536,65536,65536,0,0,0,7500,9020,9020,0,0,0,0,1370910,30395,0,0,1371030,30395,65536,65536,0,0,0,0,
227,228,1140,578,11,14,-25,0,1,65,9,24,1,0,0,0,2048,2048,0,0,0,0,0,14726,14726,0,0,735,0,1178,0,0,0,5580,0,65536,2048,0,0,0,0,
227,228,1140,578,11,14,-25,0,2,69,9,24,23,0,0,0,62805,62805,0,0,0,0,0,643996,616496,0,27500,0,0,1094527,0,0,0,3191231,0,65536,65535,0,0,0,0,
227,228,1140,578,11,14,-25,0,3,79,2,24,1,0,0,0,2048,2048,0,0,0,0,0,3333,3333,0,0,0,0,1599,0,0,0,7597,0,65536,2048,0,0,0,0,
227,228,1140,578,11,14,-25,0,4,90,2,1,1,0,0,0,19140,19140,65536,0,0,0,1460,4315,4315,0,0,0,0,70079,584,0,0,332882,584,65536,19140,0,0,0,0,
227,228,1140,578,11,14,-25,0,5,98,2,1,1,0,0,0,2048,2048,-11960,0,0,0,156,299,299,0,0,0,0,107,1932,0,0,511,1932,-50471,2048,0,0,0,0,
227,228,1140,578,11,14,-25,0,6,102,8,24,15,0,0,0,40960,40960,0,0,0,0,0,270000,239100,0,30900,18150,0,47820,0,0,0,260196,0,65536,41599,0,0,0,0,
227,228,1140,578,11,14,-25,0,7,106,20,1,1,0,0,0,65536,65536,0,0,0,0,0,0,0,0,0,0,0,0,0,0,0,0,0,0,65536,0,0,0,0,
227,228,1140,578,11,14,-25,0,8,203,20,18,18,36,36,0,65536,65536,65536,0,0,0,0,9000,9000,0,0,4500,0,7200000,0,4100040,4100040,7200000,4100040,61573,65536,3228120,3228120,871920,871920,
227,228,1140,578,11,14,-25,0,9,238,12,24,3,0,0,0,8192,8192,65536,0,0,0,150,64800,58620,0,6180,10725,0,93795,12180,0,0,182228,12180,53601,10922,0,0,0,0,
227,228,1140,578,11,14,-25,0,10,239,9,24,0,0,0,0,0,0,0,3,0,1,0,0,0,0,0,0,0,0,0,0,0,0,0,-59244,0,0,0,0,0,
227,228,1140,578,11,14,-25,0,11,242,20,1,1,2,2,0,65536,65536,2981,0,0,0,0,12500,12500,0,0,2500,0,187500,0,179340,179340,187500,179340,-5953,65536,179340,179340,0,0,
227,228,1140,578,11,14,-25,0,12,251,9,24,0,0,0,0,0,0,0,3,1,1,0,0,0,0,0,0,0,0,0,0,0,0,0,12498,0,0,0,0,0,
228,229,1145,578,11,14,-25,0,0,30,9,1,1,0,0,0,65536,65536,65536,0,0,0,7500,9020,9020,0,0,0,0,1370910,30512,0,0,1371030,30512,65536,65536,0,0,0,0,
228,229,1145,578,11,14,-25,0,1,65,9,24,1,0,0,0,2048,2048,0,0,0,0,0,14726,14726,0,0,735,0,1178,0,0,0,5580,0,65536,2048,0,0,0,0,
228,229,1145,578,11,14,-25,0,2,69,9,24,23,0,0,0,62805,62805,0,0,0,0,0,643996,590096,0,53900,0,0,1008033,0,0,0,3154991,0,65536,65535,0,0,0,0,
228,229,1145,578,11,14,-25,0,3,79,2,24,1,0,0,0,2048,2048,0,0,0,0,0,3333,3333,0,0,0,0,1599,0,0,0,7597,0,65536,2048,0,0,0,0,
228,229,1145,578,11,14,-25,0,4,90,2,1,1,0,0,0,2048,2048,65536,0,0,0,156,461,461,0,0,0,0,31184,62,0,0,31287,62,65536,2048,0,0,0,0,
228,229,1145,578,11,14,-25,0,5,98,2,1,1,0,0,0,2048,2048,-12871,0,0,0,156,299,299,0,0,0,0,107,2071,0,0,511,2071,-51488,2048,0,0,0,0,
228,229,1145,578,11,14,-25,0,6,102,8,24,12,0,0,0,32768,32768,0,0,0,0,0,216000,191280,0,24720,14520,0,38256,0,0,0,211415,0,65536,33800,0,0,0,0,
228,229,1145,578,11,14,-25,0,7,106,20,1,1,0,0,0,65536,65536,0,0,0,0,0,0,0,0,0,0,0,0,0,0,0,0,0,0,65536,0,0,0,0,
228,229,1145,578,11,14,-25,0,8,203,20,18,18,36,36,0,65536,65536,65536,0,0,0,0,9000,9000,0,0,4500,0,7200000,0,4100040,4100040,7200000,4100040,61573,65536,3228120,3228120,871920,871920,
228,229,1145,578,11,14,-25,0,9,238,12,24,3,0,0,0,8192,8192,65536,0,0,0,150,64800,58620,0,6180,10725,0,100192,10699,0,0,192008,10699,57553,10922,0,0,0,0,
228,229,1145,578,11,14,-25,0,10,239,9,24,0,0,0,0,0,0,0,3,0,1,0,0,0,0,0,0,0,0,0,0,0,0,0,-58373,0,0,0,0,0,
228,229,1145,578,11,14,-25,0,11,242,20,1,1,2,2,0,65536,65536,2981,0,0,0,0,12500,12500,0,0,2500,0,187500,0,179340,179340,187500,179340,-5953,65536,179340,179340,0,0,
228,229,1145,578,11,14,-25,0,12,251,9,24,24,0,0,0,65536,65536,-1840,0,0,0,24000,216960,216960,0,0,13560,126000,1663830,1711920,0,0,2737320,1711920,29731,65536,0,0,0,0,
229,230,1150,578,11,14,-25,0,0,30,9,1,1,0,0,0,65536,65536,65536,0,0,0,7500,9020,9020,0,0,0,0,1370910,30960,0,0,1371030,30960,65536,65536,0,0,0,0,
229,230,1150,578,11,14,-25,0,1,65,9,24,1,0,0,0,2048,2048,0,0,0,0,0,14726,14726,0,0,735,0,1178,0,0,0,5580,0,65536,2048,0,0,0,0,
229,230,1150,578,11,14,-25,0,2,69,9,24,23,0,0,0,62805,62805,0,0,0,0,0,643996,591196,0,52800,0,0,896298,0,0,0,3101832,0,65536,65535,0,0,0,0,
229,230,1150,578,11,14,-25,0,3,79,2,24,1,0,0,0,2048,2048,0,0,0,0,0,3333,3333,0,0,0,0,1599,0,0,0,7597,0,65536,2048,0,0,0,0,
229,230,1150,578,11,14,-25,0,4,90,2,1,1,0,0,0,65536,65536,65536,0,0,0,5000,14775,14775,0,0,0,0,1032760,2000,0,0,1032815,2000,65536,65536,0,0,0,0,
229,230,1150,578,11,14,-25,0,5,98,2,1,1,0,0,0,2048,2048,-12936,0,0,0,156,299,299,0,0,0,0,107,2081,0,0,511,2081,-51551,2048,0,0,0,0,
229,230,1150,578,11,14,-25,0,6,102,8,24,18,0,0,0,49152,49152,0,0,0,0,0,324000,286920,0,37080,21780,0,85335,0,0,0,313304,0,65536,49668,0,0,0,0,
229,230,1150,578,11,14,-25,0,7,106,20,1,1,0,0,0,65536,65536,0,0,0,0,0,0,0,0,0,0,0,0,0,0,0,0,0,0,65536,0,0,0,0,
229,230,1150,578,11,14,-25,0,8,203,20,18,18,36,36,0,65536,65536,65536,0,0,0,0,9000,9000,0,0,4500,0,7200000,0,4100040,4100040,7200000,4100040,61573,65536,3228120,3228120,871920,871920,
229,230,1150,578,11,14,-25,0,9,238,12,24,24,0,0,0,65536,65536,65536,0,0,0,1200,518400,468960,0,49440,85800,0,438654,88299,0,0,1277760,88299,64244,65536,0,0,0,0,
229,230,1150,578,11,14,-25,0,10,239,9,24,0,0,0,0,0,0,0,3,0,1,0,0,0,0,0,0,0,0,0,0,0,0,0,-58592,0,0,0,0,0,
229,230,1150,578,11,14,-25,0,11,242,20,1,1,2,2,0,65536,65536,2981,0,0,0,0,12500,12500,0,0,2500,0,187500,0,179340,179340,187500,179340,-5953,65536,179340,179340,0,0,
229,230,1150,578,11,14,-25,0,12,251,9,24,23,0,0,0,22932,62805,-44049,0,0,0,8397,75917,75917,0,0,4744,44089,202576,617876,0,0,2637907,617876,27235,62872,0,0,0,0,
230,231,1155,578,11,14,-25,0,0,30,9,1,1,0,0,0,65536,65536,65536,0,0,0,7500,9020,9020,0,0,0,0,1370910,30060,0,0,1371030,30060,65536,65536,0,0,0,0,
230,231,1155,578,11,14,-25,0,1,65,9,24,1,0,0,0,2048,2048,0,0,0,0,0,14726,14726,0,0,735,0,1178,0,0,0,5580,0,65536,2048,0,0,0,0,
230,231,1155,578,11,14,-25,0,2,69,9,24,23,0,0,0,62805,62805,0,0,0,0,0,643996,591196,0,52800,0,0,943792,0,0,0,3061513,0,65536,65535,0,0,0,0,
230,231,1155,578,11,14,-25,0,3,79,2,24,1,0,0,0,2048,2048,0,0,0,0,0,3333,3333,0,0,0,0,1599,0,0,0,7597,0,65536,2048,0,0,0,0,
230,231,1155,578,11,14,-25,0,4,90,2,1,1,0,0,0,65536,65536,65536,0,0,0,5000,14775,14775,0,0,0,0,1159775,2000,0,0,1159835,2000,65536,65536,0,0,0,0,
230,231,1155,578,11,14,-25,0,5,98,2,1,1,0,0,0,2048,2048,-12982,0,0,0,156,299,299,0,0,0,0,107,2088,0,0,511,2088,-51595,2048,0,0,0,0,
230,231,1155,578,11,14,-25,0,6,102,8,24,21,0,0,0,57344,57344,0,0,0,0,0,378000,334740,0,43260,25410,0,127692,0,0,0,369364,0,65536,57602,0,0,0,0,
230,231,1155,578,11,14,-25,0,7,106,20,1,1,0,0,0,65536,65536,0,0,0,0,0,0,0,0,0,0,0,0,0,0,0,0,0,0,65536,0,0,0,0,
230,231,1155,578,11,14,-25,0,8,203,20,18,18,36,36,0,65536,65536,65536,0,0,0,0,9000,9000,0,0,4500,0,7200000,0,4100040,4100040,7200000,4100040,61573,65536,3228120,3228120,871920,871920,
230,231,1155,578,11,14,-25,0,9,238,12,24,3,0,0,0,8192,8192,65536,0,0,0,150,64800,58620,0,6180,10725,0,28405,12394,0,0,198867,12394,58949,10922,0,0,0,0,
230,231,1155,578,11,14,-25,0,10,239,9,24,0,0,0,0,0,0,0,3,0,1,0,0,0,0,0,0,0,0,0,0,0,0,0,-59353,0,0,0,0,0,
230,231,1155,578,11,14,-25,0,11,242,20,1,1,2,2,0,65536,65536,2981,0,0,0,0,12500,12500,0,0,2500,0,187500,0,179340,179340,187500,179340,-5953,65536,179340,179340,0,0,
230,231,1155,578,11,14,-25,0,12,251,9,24,23,0,0,0,39938,62805,-30329,1,0,0,14625,132216,132216,0,0,8263,76785,649219,1208493,0,0,2702493,1208493,17341,64204,0,0,0,0,
231,232,1160,578,11,14,-25,0,0,30,9,1,1,0,0,0,65536,65536,65536,0,0,0,7500,9020,9020,0,0,0,0,1370910,29105,0,0,1371030,29105,65536,65536,0,0,0,0,
231,232,1160,578,11,14,-25,0,1,65,9,24,1,0,0,0,2048,2048,0,0,0,0,0,14726,14726,0,0,735,0,1178,0,0,0,5580,0,65536,2048,0,0,0,0,
231,232,1160,578,11,14,-25,0,2,69,9,24,23,0,0,0,62805,62805,0,0,0,0,0,643996,593396,0,50600,0,0,918956,0,0,0,3019153,0,65536,65535,0,0,0,0,
231,232,1160,578,11,14,-25,0,3,79,2,24,1,0,0,0,2048,2048,0,0,0,0,0,3333,3333,0,0,0,0,1599,0,0,0,7597,0,65536,2048,0,0,0,0,
231,232,1160,578,11,14,-25,0,4,90,2,1,1,0,0,0,65536,65536,65536,0,0,0,5000,14775,14775,0,0,0,0,1263180,2000,0,0,1263245,2000,65536,65536,0,0,0,0,
231,232,1160,578,11,14,-25,0,5,98,2,1,1,0,0,0,2048,2048,-12655,0,0,0,156,299,299,0,0,0,0,107,2038,0,0,511,2038,-51258,2048,0,0,0,0,
231,232,1160,578,11,14,-25,0,6,102,8,24,19,0,0,0,51882,51882,0,0,0,0,0,341995,302855,0,39140,22989,0,61479,0,0,0,345720,0,65536,54412,0,0,0,0,
231,232,1160,578,11,14,-25,0,7,106,20,1,1,0,0,0,65536,65536,0,0,0,0,0,0,0,0,0,0,0,0,0,0,0,0,0,0,65536,0,0,0,0,
231,232,1160,578,11,14,-25,0,8,203,20,18,18,36,36,0,65536,65536,65536,0,0,0,0,9000,9000,0,0,4500,0,7200000,0,4100040,4100040,7200000,4100040,61573,65536,3228120,3228120,871920,871920,
231,232,1160,578,11,14,-25,0,9,238,12,24,3,0,0,0,8192,8192,62205,0,0,0,150,64800,58620,0,6180,10725,0,26314,13500,0,0,183628,13500,53398,10922,0,0,0,0,
231,232,1160,578,11,14,-25,0,10,239,9,24,0,0,0,0,0,0,0,3,0,1,0,0,0,0,0,0,0,0,0,0,0,0,0,-59859,0,0,0,0,0,
231,232,1160,578,11,14,-25,0,11,242,20,1,1,2,2,0,65536,65536,2981,0,0,0,0,12500,12500,0,0,2500,0,187500,0,179340,179340,187500,179340,-5953,65536,179340,179340,0,0,
231,232,1160,578,11,14,-25,0,12,251,9,24,21,0,0,0,39938,57344,-48330,2,0,0,14625,132216,132216,0,0,8263,76785,345559,1316250,0,0,2452661,1316250,8751,59681,0,0,0,0,
232,233,1165,578,11,14,-25,0,0,30,9,1,1,0,0,0,65536,65536,65536,0,0,0,7500,9020,9020,0,0,0,0,1370910,28515,0,0,1371030,28515,65536,65536,0,0,0,0,
232,233,1165,578,11,14,-25,0,1,65,9,24,1,0,0,0,2048,2048,0,0,0,0,0,14726,14726,0,0,735,0,1178,0,0,0,5580,0,65536,2048,0,0,0,0,
232,233,1165,578,11,14,-25,0,2,69,9,24,23,0,0,0,62805,62805,0,0,0,0,0,643996,616496,0,27500,0,0,937833,0,0,0,2979554,0,65536,65535,0,0,0,0,
232,233,1165,578,11,14,-25,0,3,79,2,24,1,0,0,0,2048,2048,0,0,0,0,0,3333,3333,0,0,0,0,1599,0,0,0,7597,0,65536,2048,0,0,0,0,
232,233,1165,578,11,14,-25,0,4,90,2,1,1,0,0,0,65536,65536,65536,0,0,0,5000,14775,14775,0,0,0,0,347488,2000,0,0,1263245,2000,65536,65536,0,0,0,0,
232,233,1165,578,11,14,-25,0,5,98,2,1,1,0,0,0,2048,2048,-12025,0,0,0,156,299,299,0,0,0,0,107,1942,0,0,511,1942,-50554,2048,0,0,0,0,
232,233,1165,578,11,14,-25,0,6,102,8,24,17,0,0,0,46421,46421,0,0,0,0,0,305997,270977,0,35020,20569,0,54195,0,0,0,301635,0,65536,48224,0,0,0,0,
232,233,1165,578,11,14,-25,0,7,106,20,1,1,0,0,0,65536,65536,0,0,0,0,0,0,0,0,0,0,0,0,0,0,0,0,0,0,65536,0,0,0,0,
232,233,1165,578,11,14,-25,0,8,203,20,18,18,36,36,0,65536,65536,65536,0,0,0,0,9000,9000,0,0,4500,0,7200000,0,4100040,4100040,7200000,4100040,61573,65536,3228120,3228120,871920,871920,
232,233,1165,578,11,14,-25,0,9,238,12,24,3,0,0,0,8192,8192,57657,0,0,0,150,64800,58620,0,6180,10725,0,25377,13500,0,0,176849,13500,51177,10922,0,0,0,0,
232,233,1165,578,11,14,-25,0,10,239,9,24,0,0,0,0,0,0,0,3,0,1,0,0,0,0,0,0,0,0,0,0,0,0,0,-59859,0,0,0,0,0,
232,233,1165,578,11,14,-25,0,11,242,20,1,1,2,2,0,65536,65536,2981,0,0,0,0,12500,12500,0,0,2500,0,187500,0,179340,179340,187500,179340,-5953,65536,179340,179340,0,0,
232,233,1165,578,11,14,-25,0,12,251,9,24,0,0,0,0,0,0,0,3,0,1,0,0,0,0,0,0,0,0,0,0,0,0,0,5262,0,0,0,0,0,
233,234,1170,578,11,14,-25,0,0,30,9,1,1,0,0,0,65536,65536,65536,0,0,0,7500,9020,9020,0,0,0,0,1370910,28185,0,0,1371030,28185,65536,65536,0,0,0,0,
233,234,1170,578,11,14,-25,0,1,65,9,24,1,0,0,0,2048,2048,0,0,0,0,0,14726,14726,0,0,735,0,1178,0,0,0,5580,0,65536,2048,0,0,0,0,
233,234,1170,578,11,14,-25,0,2,69,9,24,23,0,0,0,62805,62805,0,0,0,0,0,643996,616496,0,27500,0,0,992752,0,0,0,2954714,0,65536,65535,0,0,0,0,
233,234,1170,578,11,14,-25,0,3,79,2,24,1,0,0,0,2048,2048,0,0,0,0,0,3333,3333,0,0,0,0,1599,0,0,0,7597,0,65536,2048,0,0,0,0,
233,234,1170,578,11,14,-25,0,4,90,2,1,1,0,0,0,18389,18389,65536,0,0,0,1402,4145,4145,0,0,0,0,67216,560,0,0,319331,560,65536,18389,0,0,0,0,
233,234,1170,578,11,14,-25,0,5,98,2,1,1,0,0,0,2048,2048,-12025,0,0,0,156,299,299,0,0,0,0,107,1942,0,0,511,1942,-50554,2048,0,0,0,0,
233,234,1170,578,11,14,-25,0,6,102,8,24,14,0,0,0,38229,38229,0,0,0,0,0,251997,223157,0,28840,16939,0,44631,0,0,0,241888,0,65536,38672,0,0,0,0,
233,234,1170,578,11,14,-25,0,7,106,20,1,1,0,0,0,65536,65536,0,0,0,0,0,0,0,0,0,0,0,0,0,0,0,0,0,0,65536,0,0,0,0,
233,234,1170,578,11,14,-25,0,8,203,20,18,18,36,36,0,65536,65536,65536,0,0,0,0,9000,9000,0,0,4500,0,7200000,0,4100040,4100040,7200000,4100040,61573,65536,3228120,3228120,871920,871920,
233,234,1170,578,11,14,-25,0,9,238,12,24,3,0,0,0,8192,8192,65536,0,0,0,150,64800,58620,0,6180,10725,0,24925,12162,0,0,173589,12162,50783,10922,0,0,0,0,
233,234,1170,578,11,14,-25,0,10,239,9,24,0,0,0,0,0,0,0,3,0,1,0,0,0,0,0,0,0,0,0,0,0,0,0,-59234,0,0,0,0,0,
233,234,1170,578,11,14,-25,0,11,242,20,1,1,2,2,0,65536,65536,2981,0,0,0,0,12500,12500,0,0,2500,0,187500,0,179340,179340,187500,179340,-5953,65536,179340,179340,0,0,
233,234,1170,578,11,14,-25,0,12,251,9,24,0,0,0,0,0,0,0,3,1,1,0,0,0,0,0,0,0,0,0,0,0,0,0,13054,0,0,0,0,0,
234,235,1175,578,11,14,-25,0,0,30,9,1,1,0,0,0,65536,65536,65536,0,0,0,7500,9020,9020,0,0,0,0,1370910,28027,0,0,1371030,28027,65536,65536,0,0,0,0,
234,235,1175,578,11,14,-25,0,1,65,9,24,1,0,0,0,2048,2048,0,0,0,0,0,14726,14726,0,0,735,0,1178,0,0,0,5580,0,65536,2048,0,0,0,0,
234,235,1175,578,11,14,-25,0,2,69,9,24,23,0,0,0,62805,62805,0,0,0,0,0,643996,590096,0,53900,0,0,967664,0,0,0,2928435,0,65536,65535,0,0,0,0,
234,235,1175,578,11,14,-25,0,3,79,2,24,1,0,0,0,2048,2048,0,0,0,0,0,3333,3333,0,0,0,0,1599,0,0,0,7597,0,65536,2048,0,0,0,0,
234,235,1175,578,11,14,-25,0,4,90,2,1,1,0,0,0,2048,2048,65536,0,0,0,156,461,461,0,0,0,0,31123,62,0,0,31225,62,65536,2048,0,0,0,0,
234,235,1175,578,11,14,-25,0,5,98,2,1,1,0,0,0,2048,2048,-12884,0,0,0,156,299,299,0,0,0,0,107,2073,0,0,511,2073,-51501,2048,0,0,0,0,
234,235,1175,578,11,14,-25,0,6,102,8,24,11,0,0,0,30037,30037,0,0,0,0,0,197997,175337,0,22660,13309,0,35067,0,0,0,193444,0,65536,30927,0,0,0,0,
234,235,1175,578,11,14,-25,0,7,106,20,1,1,0,0,0,65536,65536,0,0,0,0,0,0,0,0,0,0,0,0,0,0,0,0,0,0,65536,0,0,0,0,
234,235,1175,578,11,14,-25,0,8,203,20,18,18,36,36,0,65536,65536,65536,0,0,0,0,9000,9000,0,0,4500,0,7200000,0,4100040,4100040,7200000,4100040,61573,65536,3228120,3228120,871920,871920,
234,235,1175,578,11,14,-25,0,9,238,12,24,3,0,0,0,8192,8192,65536,0,0,0,150,64800,58620,0,6180,10725,0,68787,10678,0,0,174729,10678,51904,10922,0,0,0,0,
234,235,1175,578,11,14,-25,0,10,239,9,24,0,0,0,0,0,0,0,3,0,1,0,0,0,0,0,0,0,0,0,0,0,0,0,-58359,0,0,0,0,0,
234,235,1175,578,11,14,-25,0,11,242,20,1,1,2,2,0,65536,65536,2981,0,0,0,0,12500,12500,0,0,2500,0,187500,0,179340,179340,187500,179340,-5953,65536,179340,179340,0,0,
234,235,1175,578,11,14,-25,0,12,251,9,24,24,0,0,0,65536,65536,-5039,0,0,0,24000,216960,216960,0,0,13560,126000,1577182,1708560,0,0,2739960,1708560,30012,65536,0,0,0,0,
235,236,1180,578,11,14,-25,0,0,30,9,1,1,0,0,0,65536,65536,65536,0,0,0,7500,9020,9020,0,0,0,0,1370910,28022,0,0,1371030,28022,65536,65536,0,0,0,0,
235,236,1180,578,11,14,-25,0,1,65,9,24,1,0,0,0,2048,2048,0,0,0,0,0,14726,14726,0,0,735,0,1178,0,0,0,5580,0,65536,2048,0,0,0,0,
235,236,1180,578,11,14,-25,0,2,69,9,24,23,0,0,0,62805,62805,0,0,0,0,0,643996,592296,0,51700,0,0,918021,0,0,0,2894835,0,65536,65535,0,0,0,0,
235,236,1180,578,11,14,-25,0,3,79,2,24,1,0,0,0,2048,2048,0,0,0,0,0,3333,3333,0,0,0,0,1599,0,0,0,7597,0,65536,2048,0,0,0,0,
235,236,1180,578,11,14,-25,0,4,90,2,1,1,0,0,0,65536,65536,65536,0,0,0,5000,14775,14775,0,0,0,0,1030574,2000,0,0,1030630,2000,65536,65536,0,0,0,0,
235,236,1180,578,11,14,-25,0,5,98,2,1,1,0,0,0,2048,2048,-12858,0,0,0,156,299,299,0,0,0,0,107,2069,0,0,511,2069,-51468,2048,0,0,0,0,
235,236,1180,578,11,14,-25,0,6,102,8,24,10,0,0,0,27306,27306,0,0,0,0,0,179995,159395,0,20600,12099,0,31879,0,0,0,176375,0,65536,28198,0,0,0,0,
235,236,1180,578,11,14,-25,0,7,106,20,1,1,0,0,0,65536,65536,0,0,0,0,0,0,0,0,0,0,0,0,0,0,0,0,0,0,65536,0,0,0,0,
235,236,1180,578,11,14,-25,0,8,203,20,18,18,36,36,0,65536,65536,65536,0,0,0,0,9000,9000,0,0,4500,0,7200000,0,4100040,4100040,7200000,4100040,61573,65536,3228120,3228120,871920,871920,
235,236,1180,578,11,14,-25,0,9,238,12,24,3,0,0,0,8192,8192,65536,0,0,0,150,64800,58620,0,6180,10725,0,93041,11014,0,0,181068,11014,53805,10922,0,0,0,0,
235,236,1180,578,11,14,-25,0,10,239,9,24,0,0,0,0,0,0,0,3,0,1,0,0,0,0,0,0,0,0,0,0,0,0,0,-58577,0,0,0,0,0,
235,236,1180,578,11,14,-25,0,11,242,20,1,1,2,2,0,65536,65536,2981,0,0,0,0,12500,12500,0,0,2500,0,187500,0,179340,179340,187500,179340,-5953,65536,179340,179340,0,0,
235,236,1180,578,11,14,-25,0,12,251,9,24,22,0,0,0,25337,60074,-44130,0,0,0,9278,83879,83879,0,0,5242,48713,222514,681255,0,0,2529881,681255,26887,60652,0,0,0,0,
236,237,1185,578,11,14,-25,0,0,30,9,1,1,0,0,0,65536,65536,65536,0,0,0,7500,9020,9020,0,0,0,0,1370910,28202,0,0,1371030,28202,65536,65536,0,0,0,0,
236,237,1185,578,11,14,-25,0,1,65,9,24,1,0,0,0,2048,2048,0,0,0,0,0,14726,14726,0,0,735,0,1178,0,0,0,5580,0,65536,2048,0,0,0,0,
236,237,1185,578,11,14,-25,0,2,69,9,24,23,0,0,0,62805,62805,0,0,0,0,0,643996,594496,0,49500,0,0,909925,0,0,0,2861956,0,65536,65535,0,0,0,0,
236,237,1185,578,11,14,-25,0,3,79,2,24,1,0,0,0,2048,2048,0,0,0,0,0,3333,3333,0,0,0,0,1599,0,0,0,7597,0,65536,2048,0,0,0,0,
236,237,1185,578,11,14,-25,0,4,90,2,1,1,0,0,0,65536,65536,65536,0,0,0,5000,14775,14775,0,0,0,0,1156761,2000,0,0,1156820,2000,65536,65536,0,0,0,0,
236,237,1185,578,11,14,-25,0,5,98,2,1,1,0,0,0,2048,2048,-12432,0,0,0,156,299,299,0,0,0,0,107,2004,0,0,511,2004,-51014,2048,0,0,0,0,
236,237,1185,578,11,14,-25,0,6,102,8,24,17,0,0,0,46421,46421,0,0,0,0,0,305997,270977,0,35020,20569,0,83503,0,0,0,296236,0,65536,46867,0,0,0,0,
236,237,1185,578,11,14,-25,0,7,106,20,1,1,0,0,0,65536,65536,0,0,0,0,0,0,0,0,0,0,0,0,0,0,0,0,0,0,65536,0,0,0,0,
236,237,1185,578,11,14,-25,0,8,203,20,18,18,36,36,0,65536,65536,65536,0,0,0,0,9000,9000,0,0,4500,0,7200000,0,4100040,4100040,7200000,4100040,61573,65536,3228120,3228120,871920,871920,
236,237,1185,578,11,14,-25,0,9,238,12,24,3,0,0,0,8192,8192,65536,0,0,0,150,64800,58620,0,6180,10725,0,99941,12362,0,0,191628,12362,56590,10922,0,0,0,0,
236,237,1185,578,11,14,-25,0,10,239,9,24,0,0,0,0,0,0,0,3,0,1,0,0,0,0,0,0,0,0,0,0,0,0,0,-59336,0,0,0,0,0,
236,237,1185,578,11,14,-25,0,11,242,20,1,1,2,2,0,65536,65536,2981,0,0,0,0,12500,12500,0,0,2500,0,187500,0,179340,179340,187500,179340,-5953,65536,179340,179340,0,0,
236,237,1185,578,11,14,-25,0,12,251,9,24,20,0,0,0,39938,54613,-47062,1,0,0,14625,132216,132216,0,0,8263,76785,339768,1205363,0,0,2229818,1205363,14230,55183,0,0,0,0,
237,238,1190,578,11,14,-25,0,0,30,9,1,1,0,0,0,65536,65536,65536,0,0,0,7500,9020,9020,0,0,0,0,1370910,28935,0,0,1371030,28935,65536,65536,0,0,0,0,
237,238,1190,578,11,14,-25,0,1,65,9,24,1,0,0,0,2048,2048,0,0,0,0,0,14726,14726,0,0,735,0,1178,0,0,0,5580,0,65536,2048,0,0,0,0,
237,238,1190,578,11,14,-25,0,2,69,9,24,23,0,0,0,62805,62805,0,0,0,0,0,643996,597796,0,46200,0,0,972943,0,0,0,2843836,0,65536,65535,0,0,0,0,
237,238,1190,578,11,14,-25,0,3,79,2,24,1,0,0,0,2048,2048,0,0,0,0,0,3333,3333,0,0,0,0,1599,0,0,0,7597,0,65536,2048,0,0,0,0,
237,238,1190,578,11,14,-25,0,4,90,2,1,1,0,0,0,65536,65536,65536,0,0,0,5000,14775,14775,0,0,0,0,1263180,2000,0,0,1263245,2000,65536,65536,0,0,0,0,
237,238,1190,578,11,14,-25,0,5,98,2,1,1,0,0,0,2048,2048,-11855,0,0,0,156,299,299,0,0,0,0,107,1916,0,0,511,1916,-50345,2048,0,0,0,0,
237,238,1190,578,11,14,-25,0,6,102,8,24,20,0,0,0,54613,54613,0,0,0,0,0,359997,318797,0,41200,24199,0,164603,0,0,0,365217,0,65536,56201,0,0,0,0,
237,238,1190,578,11,14,-25,0,7,106,20,1,1,0,0,0,65536,65536,0,0,0,0,0,0,0,0,0,0,0,0,0,0,0,0,0,0,65536,0,0,0,0,
237,238,1190,578,11,14,-25,0,8,203,20,18,18,36,36,0,65536,65536,65536,0,0,0,0,9000,9000,0,0,4500,0,7200000,0,4100040,4100040,7200000,4100040,61573,65536,3228120,3228120,871920,871920,
237,238,1190,578,11,14,-25,0,9,238,12,24,24,0,0,0,65536,65536,65536,0,0,0,1200,518400,468960,0,49440,85800,0,442569,108000,0,0,1277760,108000,63006,65536,0,0,0,0,
237,238,1190,578,11,14,-25,0,10,239,9,24,0,0,0,0,0,0,0,3,0,1,0,0,0,0,0,0,0,0,0,0,0,0,0,-59859,0,0,0,0,0,
237,238,1190,578,11,14,-25,0,11,242,20,1,1,2,2,0,65536,65536,2981,0,0,0,0,12500,12500,0,0,2500,0,187500,0,179340,179340,187500,179340,-5953,65536,179340,179340,0,0,
237,238,1190,578,11,14,-25,0,12,251,9,24,17,0,0,0,37071,46421,-49363,2,0,0,13575,122725,122725,0,0,7670,71272,301486,1221750,0,0,1809594,1221750,4286,46849,0,0,0,0,
238,239,1195,578,11,14,-25,0,0,30,9,1,1,0,0,0,65536,65536,65536,0,0,0,7500,9020,9020,0,0,0,0,1370910,28367,0,0,1371030,28367,65536,65536,0,0,0,0,
238,239,1195,578,11,14,-25,0,1,65,9,24,1,0,0,0,2048,2048,0,0,0,0,0,14726,14726,0,0,735,0,1178,0,0,0,5580,0,65536,2048,0,0,0,0,
238,239,1195,578,11,14,-25,0,2,69,9,24,23,0,0,0,62805,62805,0,0,0,0,0,643996,616496,0,27500,0,0,1099345,0,0,0,2845156,0,65536,65535,0,0,0,0,
238,239,1195,578,11,14,-25,0,3,79,2,24,1,0,0,0,2048,2048,0,0,0,0,0,3333,3333,0,0,0,0,1599,0,0,0,7597,0,65536,2048,0,0,0,0,
238,239,1195,578,11,14,-25,0,4,90,2,1,1,0,0,0,65536,65536,65536,0,0,0,5000,14775,14775,0,0,0,0,265950,2000,0,0,1263245,2000,65536,65536,0,0,0,0,
238,239,1195,578,11,14,-25,0,5,98,2,1,1,0,0,0,2048,2048,-11377,0,0,0,156,299,299,0,0,0,0,107,1843,0,0,511,1843,-49747,2048,0,0,0,0,
238,239,1195,578,11,14,-25,0,6,102,8,24,22,0,0,0,60074,60074,0,0,0,0,0,395995,350675,0,45320,26619,0,158928,0,0,0,403569,0,65536,60868,0,0,0,0,
238,239,1195,578,11,14,-25,0,7,106,20,1,1,0,0,0,65536,65536,0,0,0,0,0,0,0,0,0,0,0,0,0,0,0,0,0,0,65536,0,0,0,0,
238,239,1195,578,11,14,-25,0,8,203,20,18,18,36,36,0,65536,65536,65536,0,0,0,0,9000,9000,0,0,4500,0,7200000,0,4100040,4100040,7200000,4100040,61573,65536,3228120,3228120,871920,871920,
238,239,1195,578,11,14,-25,0,9,238,12,24,3,0,0,0,8192,8192,65536,0,0,0,150,64800,58620,0,6180,10725,0,28413,13500,0,0,198927,13500,58412,10922,0,0,0,0,
238,239,1195,578,11,14,-25,0,10,239,9,24,0,0,0,0,0,0,0,3,0,1,0,0,0,0,0,0,0,0,0,0,0,0,0,-59859,0,0,0,0,0,
238,239,1195,578,11,14,-25,0,11,242,20,1,1,2,2,0,65536,65536,2981,0,0,0,0,12500,12500,0,0,2500,0,187500,0,179340,179340,187500,179340,-5953,65536,179340,179340,0,0,
238,239,1195,578,11,14,-25,0,12,251,9,24,0,0,0,0,0,0,0,3,0,1,0,0,0,0,0,0,0,0,0,0,0,0,0,1648,0,0,0,0,0,
239,240,1200,578,11,14,-25,0,0,30,9,1,1,0,0,0,65536,65536,65536,0,0,0,7500,9020,9020,0,0,0,0,1370910,27800,0,0,1371030,27800,65536,65536,0,0,0,0,
239,240,1200,578,11,14,-25,0,1,65,9,24,1,0,0,0,2048,2048,0,0,0,0,0,14726,14726,0,0,735,0,1178,0,0,0,5580,0,65536,2048,0,0,0,0,
239,240,1200,578,11,14,-25,0,2,69,9,24,23,0,0,0,62805,62805,0,0,0,0,0,643996,616496,0,27500,0,0,1173833,0,0,0,2858596,0,65536,65535,0,0,0,0,
239,240,1200,578,11,14,-25,0,3,79,2,24,1,0,0,0,2048,2048,0,0,0,0,0,3333,3333,0,0,0,0,1599,0,0,0,7597,0,65536,2048,0,0,0,0,
239,240,1200,578,11,14,-25,0,4,90,2,1,1,0,0,0,16105,16105,65536,0,0,0,1228,3630,3630,0,0,0,0,58546,491,0,0,278155,491,65536,16105,0,0,0,0,
239,240,1200,578,11,14,-25,0,5,98,2,1,1,0,0,0,2048,2048,-11409,0,0,0,156,299,299,0,0,0,0,107,1848,0,0,511,1848,-49789,2048,0,0,0,0,
239,240,1200,578,11,14,-25,0,6,102,8,24,19,0,0,0,51882,51882,0,0,0,0,0,341995,302855,0,39140,22989,0,62206,0,0,0,341646,0,65536,53158,0,0,0,0,
239,240,1200,578,11,14,-25,0,7,106,20,1,1,0,0,0,65536,65536,0,0,0,0,0,0,0,0,0,0,0,0,0,0,0,0,0,0,65536,0,0,0,0,
239,240,1200,578,11,14,-25,0,8,203,20,18,18,36,36,0,65536,65536,65536,0,0,0,0,9000,9000,0,0,4500,0,7200000,0,4100040,4100040,7200000,4100040,61573,65536,3228120,3228120,871920,871920,
239,240,1200,578,11,14,-25,0,9,238,12,24,3,0,0,0,8192,8192,65536,0,0,0,150,64800,58620,0,6180,10725,0,26163,12096,0,0,182548,12096,53752,10922,0,0,0,0,
239,240,1200,578,11,14,-25,0,10,239,9,24,0,0,0,0,0,0,0,3,0,1,0,0,0,0,0,0,0,0,0,0,0,0,0,-59200,0,0,0,0,0,
239,240,1200,578,11,14,-25,0,11,242,20,1,1,2,2,0,65536,65536,2981,0,0,0,0,12500,12500,0,0,2500,0,187500,0,179340,179340,187500,179340,-5953,65536,179340,179340,0,0,
239,240,1200,578,11,14,-25,0,12,251,9,24,0,0,0,0,0,0,0,3,1,1,0,0,0,0,0,0,0,0,0,0,0,0,0,9641,0,0,0,0,0,
240,241,1205,578,11,14,-25,0,0,30,9,1,1,0,0,0,65536,65536,65536,0,0,0,7500,9020,9020,0,0,0,0,1370910,27525,0,0,1371030,27525,65536,65536,0,0,0,0,
240,241,1205,578,11,14,-25,0,1,65,9,24,1,0,0,0,2048,2048,0,0,0,0,0,14726,14726,0,0,735,0,1178,0,0,0,5580,0,65536,2048,0,0,0,0,
240,241,1205,578,11,14,-25,0,2,69,9,24,23,0,0,0,62805,62805,0,0,0,0,0,643996,590096,0,53900,0,0,1186343,0,0,0,2874076,0,65536,65535,0,0,0,0,
240,241,1205,578,11,14,-25,0,3,79,2,24,1,0,0,0,2048,2048,0,0,0,0,0,3333,3333,0,0,0,0,1599,0,0,0,7597,0,65536,2048,0,0,0,0,
240,241,1205,578,11,14,-25,0,4,90,2,1,1,0,0,0,2048,2048,65536,0,0,0,156,461,461,0,0,0,0,30914,62,0,0,31016,62,65536,2048,0,0,0,0,
240,241,1205,578,11,14,-25,0,5,98,2,1,1,0,0,0,2048,2048,-12255,0,0,0,156,299,299,0,0,0,0,107,1977,0,0,511,1977,-50814,2048,0,0,0,0,
240,241,1205,578,11,14,-25,0,6,102,8,24,15,0,0,0,40960,40960,0,0,0,0,0,270000,239100,0,30900,18150,0,47820,0,0,0,269078,0,65536,43019,0,0,0,0,
240,241,1205,578,11,14,-25,0,7,106,20,1,1,0,0,0,65536,65536,0,0,0,0,0,0,0,0,0,0,0,0,0,0,0,0,0,0,65536,0,0,0,0,
240,241,1205,578,11,14,-25,0,8,203,20,18,18,36,36,0,65536,65536,65536,0,0,0,0,9000,9000,0,0,4500,0,7200000,0,4100040,4100040,7200000,4100040,61573,65536,3228120,3228120,871920,871920,
240,241,1205,578,11,14,-25,0,9,238,12,24,3,0,0,0,8192,8192,65536,0,0,0,150,64800,58620,0,6180,10725,0,24825,10606,0,0,172809,10606,51301,10922,0,0,0,0,
240,241,1205,578,11,14,-25,0,10,239,9,24,0,0,0,0,0,0,0,3,0,1,0,0,0,0,0,0,0,0,0,0,0,0,0,-58310,0,0,0,0,0,
240,241,1205,578,11,14,-25,0,11,242,20,1,1,2,2,0,65536,65536,2981,0,0,0,0,12500,12500,0,0,2500,0,187500,0,179340,179340,187500,179340,-5953,65536,179340,179340,0,0,
240,241,1205,578,11,14,-25,0,12,251,9,24,24,0,0,0,65536,65536,-5115,0,0,0,24000,216960,216960,0,0,13560,126000,1564610,1697088,0,0,2612160,1697088,26170,65536,0,0,0,0,
241,242,1210,578,11,14,-25,0,0,30,9,1,1,0,0,0,65536,65536,65536,0,0,0,7500,9020,9020,0,0,0,0,1370910,27567,0,0,1371030,27567,65536,65536,0,0,0,0,
241,242,1210,578,11,14,-25,0,1,65,9,24,1,0,0,0,2048,2048,0,0,0,0,0,14726,14726,0,0,735,0,1178,0,0,0,5580,0,65536,2048,0,0,0,0,
241,242,1210,578,11,14,-25,0,2,69,9,24,23,0,0,0,62805,62805,0,0,0,0,0,643996,591196,0,52800,0,0,1159726,0,0,0,2885475,0,65536,65535,0,0,0,0,
241,242,1210,578,11,14,-25,0,3,79,2,24,1,0,0,0,2048,2048,0,0,0,0,0,3333,3333,0,0,0,0,1599,0,0,0,7597,0,65536,2048,0,0,0,0,
241,242,1210,578,11,14,-25,0,4,90,2,1,1,0,0,0,65536,65536,65536,0,0,0,5000,14775,14775,0,0,0,0,1022980,2000,0,0,1023035,2000,65536,65536,0,0,0,0,
241,242,1210,578,11,14,-25,0,5,98,2,1,1,0,0,0,2048,2048,-12320,0,0,0,156,299,299,0,0,0,0,107,1987,0,0,511,1987,-50893,2048,0,0,0,0,
241,242,1210,578,11,14,-25,0,6,102,8,24,13,0,0,0,35498,35498,0,0,0,0,0,233995,207215,0,26780,15729,0,41443,0,0,0,231493,0,65536,37010,0,0,0,0,
241,242,1210,578,11,14,-25,0,7,106,20,1,1,0,0,0,65536,65536,0,0,0,0,0,0,0,0,0,0,0,0,0,0,0,0,0,0,65536,0,0,0,0,
241,242,1210,578,11,14,-25,0,8,203,20,18,18,36,36,0,65536,65536,65536,0,0,0,0,9000,9000,0,0,4500,0,7200000,0,4100040,4100040,7200000,4100040,61573,65536,3228120,3228120,871920,871920,
241,242,1210,578,11,14,-25,0,9,238,12,24,3,0,0,0,8192,8192,65536,0,0,0,150,64800,58620,0,6180,10725,0,29924,10932,0,0,171669,10932,50770,10922,0,0,0,0,
241,242,1210,578,11,14,-25,0,10,239,9,24,0,0,0,0,0,0,0,3,0,1,0,0,0,0,0,0,0,0,0,0,0,0,0,-58526,0,0,0,0,0,
241,242,1210,578,11,14,-25,0,11,242,20,1,1,2,2,0,65536,65536,2981,0,0,0,0,12500,12500,0,0,2500,0,187500,0,179340,179340,187500,179340,-5953,65536,179340,179340,0,0,
241,242,1210,578,11,14,-25,0,12,251,9,24,23,0,0,0,23893,62805,-44818,0,0,0,8749,79098,79098,0,0,4943,45936,201589,637679,0,0,2521610,637679,23914,62926,0,0,0,0,
242,243,1215,578,11,14,-25,0,0,30,9,1,1,0,0,0,65536,65536,65536,0,0,0,7500,9020,9020,0,0,0,0,1370910,27817,0,0,1371030,27817,65536,65536,0,0,0,0,
242,243,1215,578,11,14,-25,0,1,65,9,24,1,0,0,0,2048,2048,0,0,0,0,0,14726,14726,0,0,735,0,1178,0,0,0,5580,0,65536,2048,0,0,0,0,
242,243,1215,578,11,14,-25,0,2,69,9,24,23,0,0,0,62805,62805,0,0,0,0,0,643996,591196,0,52800,0,0,1178482,0,0,0,2900235,0,65536,65535,0,0,0,0,
242,243,1215,578,11,14,-25,0,3,79,2,24,1,0,0,0,2048,2048,0,0,0,0,0,3333,3333,0,0,0,0,1599,0,0,0,7597,0,65536,2048,0,0,0,0,
242,243,1215,578,11,14,-25,0,4,90,2,1,1,0,0,0,65536,65536,65536,0,0,0,5000,14775,14775,0,0,0,0,1147615,2000,0,0,1147675,2000,65536,65536,0,0,0,0,
242,243,1215,578,11,14,-25,0,5,98,2,1,1,0,0,0,2048,2048,-12170,0,0,0,156,299,299,0,0,0,0,107,1964,0,0,511,1964,-50721,2048,0,0,0,0,
242,243,1215,578,11,14,-25,0,6,102,8,24,12,0,0,0,32768,32768,0,0,0,0,0,216000,191280,0,24720,14520,0,38256,0,0,0,206936,0,65536,33084,0,0,0,0,
242,243,1215,578,11,14,-25,0,7,106,20,1,1,0,0,0,65536,65536,0,0,0,0,0,0,0,0,0,0,0,0,0,0,0,0,0,0,65536,0,0,0,0,
242,243,1215,578,11,14,-25,0,8,203,20,18,18,36,36,0,65536,65536,65536,0,0,0,0,9000,9000,0,0,4500,0,7200000,0,4100040,4100040,7200000,4100040,61573,65536,3228120,3228120,871920,871920,
242,243,1215,578,11,14,-25,0,9,238,12,24,3,0,0,0,8192,8192,65536,0,0,0,150,64800,58620,0,6180,10725,0,89068,12264,0,0,174989,12264,51190,10922,0,0,0,0,
242,243,1215,578,11,14,-25,0,10,239,9,24,0,0,0,0,0,0,0,3,0,1,0,0,0,0,0,0,0,0,0,0,0,0,0,-59287,0,0,0,0,0,
242,243,1215,578,11,14,-25,0,11,242,20,1,1,2,2,0,65536,65536,2981,0,0,0,0,12500,12500,0,0,2500,0,187500,0,179340,179340,187500,179340,-5953,65536,179340,179340,0,0,
242,243,1215,578,11,14,-25,0,12,251,9,24,23,0,0,0,39938,62805,-46804,1,0,0,14625,132216,132216,0,0,8263,76785,341799,1195827,0,0,2543914,1195827,13268,64231,0,0,0,0,
243,244,1220,578,11,14,-25,0,0,30,9,1,1,0,0,0,65536,65536,65536,0,0,0,7500,9020,9020,0,0,0,0,1370910,28230,0,0,1371030,28230,65536,65536,0,0,0,0,
243,244,1220,578,11,14,-25,0,1,65,9,24,1,0,0,0,2048,2048,0,0,0,0,0,14726,14726,0,0,735,0,1178,0,0,0,5580,0,65536,2048,0,0,0,0,
243,244,1220,578,11,14,-25,0,2,69,9,24,23,0,0,0,62805,62805,0,0,0,0,0,643996,594496,0,49500,0,0,1186407,0,0,0,2915715,0,65536,65535,0,0,0,0,
243,244,1220,578,11,14,-25,0,3,79,2,24,1,0,0,0,2048,2048,0,0,0,0,0,3333,3333,0,0,0,0,1599,0,0,0,7597,0,65536,2048,0,0,0,0,
243,244,1220,578,11,14,-25,0,4,90,2,1,1,0,0,0,65536,65536,65536,0,0,0,5000,14775,14775,0,0,0,0,1263180,2000,0,0,1263245,2000,65536,65536,0,0,0,0,
243,244,1220,578,11,14,-25,0,5,98,2,1,1,0,0,0,2048,2048,-11770,0,0,0,156,299,299,0,0,0,0,107,1903,0,0,511,1903,-50248,2048,0,0,0,0,
243,244,1220,578,11,14,-25,0,6,102,8,24,11,0,0,0,30037,30037,0,0,0,0,0,197997,175337,0,22660,13309,0,35067,0,0,0,199799,0,65536,31943,0,0,0,0,
243,244,1220,578,11,14,-25,0,7,106,20,1,1,0,0,0,65536,65536,0,0,0,0,0,0,0,0,0,0,0,0,0,0,0,0,0,0,65536,0,0,0,0,
243,244,1220,578,11,14,-25,0,8,203,20,18,18,36,36,0,65536,65536,65536,0,0,0,0,9000,9000,0,0,4500,0,7200000,0,4100040,4100040,7200000,4100040,61573,65536,3228120,3228120,871920,871920,
243,244,1220,578,11,14,-25,0,9,238,12,24,3,0,0,0,8192,8192,65536,0,0,0,150,64800,58620,0,6180,10725,0,93710,13500,0,0,182088,13500,52894,10922,0,0,0,0,
243,244,1220,578,11,14,-25,0,10,239,9,24,0,0,0,0,0,0,0,3,0,1,0,0,0,0,0,0,0,0,0,0,0,0,0,-59859,0,0,0,0,0,
243,244,1220,578,11,14,-25,0,11,242,20,1,1,2,2,0,65536,65536,2981,0,0,0,0,12500,12500,0,0,2500,0,187500,0,179340,179340,187500,179340,-5953,65536,179340,179340,0,0,
243,244,1220,578,11,14,-25,0,12,251,9,24,20,0,0,0,39938,54613,-49466,2,0,0,14625,132216,132216,0,0,8263,76785,322739,1316250,0,0,2198755,1316250,3842,57288,0,0,0,0,
244,245,1225,578,11,14,-25,0,0,30,9,1,1,0,0,0,65536,65536,65536,0,0,0,7500,9020,9020,0,0,0,0,1370910,28847,0,0,1371030,28847,65536,65536,0,0,0,0,
244,245,1225,578,11,14,-25,0,1,65,9,24,1,0,0,0,2048,2048,0,0,0,0,0,14726,14726,0,0,735,0,1178,0,0,0,5580,0,65536,2048,0,0,0,0,
244,245,1225,578,11,14,-25,0,2,69,9,24,23,0,0,0,62805,62805,0,0,0,0,0,643996,616496,0,27500,0,0,1182241,0,0,0,2926515,0,65536,65535,0,0,0,0,
244,245,1225,578,11,14,-25,0,3,79,2,24,1,0,0,0,2048,2048,0,0,0,0,0,3333,3333,0,0,0,0,1599,0,0,0,7597,0,65536,2048,0,0,0,0,
244,245,1225,578,11,14,-25,0,4,90,2,1,1,0,0,0,65536,65536,65536,0,0,0,5000,14775,14775,0,0,0,0,369088,2000,0,0,1263245,2000,65536,65536,0,0,0,0,
244,245,1225,578,11,14,-25,0,5,98,2,1,1,0,0,0,2048,2048,-11036,0,0,0,156,299,299,0,0,0,0,107,1791,0,0,511,1791,-49292,2048,0,0,0,0,
244,245,1225,578,11,14,-25,0,6,102,8,24,17,0,0,0,46421,46421,0,0,0,0,0,305997,270977,0,35020,20569,0,123813,0,0,0,311282,0,65536,48739,0,0,0,0,
244,245,1225,578,11,14,-25,0,7,106,20,1,1,0,0,0,65536,65536,0,0,0,0,0,0,0,0,0,0,0,0,0,0,0,0,0,0,65536,0,0,0,0,
244,245,1225,578,11,14,-25,0,8,203,20,18,18,36,36,0,65536,65536,65536,0,0,0,0,9000,9000,0,0,4500,0,7200000,0,4100040,4100040,7200000,4100040,61573,65536,3228120,3228120,871920,871920,
244,245,1225,578,11,14,-25,0,9,238,12,24,24,0,0,0,65536,65536,65536,0,0,0,1200,518400,468960,0,49440,85800,0,417926,108000,0,0,1170240,108000,57134,65536,0,0,0,0,
244,245,1225,578,11,14,-25,0,10,239,9,24,0,0,0,0,0,0,0,3,0,1,0,0,0,0,0,0,0,0,0,0,0,0,0,-59859,0,0,0,0,0,
244,245,1225,578,11,14,-25,0,11,242,20,1,1,2,2,0,65536,65536,2981,0,0,0,0,12500,12500,0,0,2500,0,187500,0,179340,179340,187500,179340,-5953,65536,179340,179340,0,0,
244,245,1225,578,11,14,-25,0,12,251,9,24,0,0,0,0,0,0,0,3,0,1,0,0,0,0,0,0,0,0,0,0,0,0,0,-238,0,0,0,0,0,
245,246,1230,578,11,14,-25,0,0,30,9,1,1,0,0,0,65536,65536,65536,0,0,0,7500,9020,9020,0,0,0,0,1370910,28600,0,0,1371030,28600,65536,65536,0,0,0,0,
245,246,1230,578,11,14,-25,0,1,65,9,24,1,0,0,0,2048,2048,0,0,0,0,0,14726,14726,0,0,735,0,1178,0,0,0,5580,0,65536,2048,0,0,0,0,
245,246,1230,578,11,14,-25,0,2,69,9,24,23,0,0,0,62805,62805,0,0,0,0,0,643996,616496,0,27500,0,0,1326098,0,0,0,2960114,0,65536,65535,0,0,0,0,
245,246,1230,578,11,14,-25,0,3,79,2,24,1,0,0,0,2048,2048,0,0,0,0,0,3333,3333,0,0,0,0,1599,0,0,0,7597,0,65536,2048,0,0,0,0,
245,246,1230,578,11,14,-25,0,4,90,2,1,1,0,0,0,19064,19064,65536,0,0,0,1454,4297,4297,0,0,0,0,69592,581,0,0,330632,581,65536,19064,0,0,0,0,
245,246,1230,578,11,14,-25,0,5,98,2,1,1,0,0,0,2048,2048,-11200,0,0,0,156,299,299,0,0,0,0,107,1816,0,0,511,1816,-49512,2048,0,0,0,0,
245,246,1230,578,11,14,-25,0,6,102,8,24,20,0,0,0,54613,54613,0,0,0,0,0,359997,318797,0,41200,24199,0,126288,0,0,0,371718,0,65536,57137,0,0,0,0,
245,246,1230,578,11,14,-25,0,7,106,20,1,1,0,0,0,65536,65536,0,0,0,0,0,0,0,0,0,0,0,0,0,0,0,0,0,0,65536,0,0,0,0,
245,246,1230,578,11,14,-25,0,8,203,20,18,18,36,36,0,65536,65536,65536,0,0,0,0,9000,9000,0,0,4500,0,7200000,0,4100040,4100040,7200000,4100040,61573,65536,3228120,3228120,871920,871920,
245,246,1230,578,11,14,-25,0,9,238,12,24,3,0,0,0,8192,8192,65536,0,0,0,150,64800,58620,0,6180,10725,0,26180,12146,0,0,182668,12146,53765,10922,0,0,0,0,
245,246,1230,578,11,14,-25,0,10,239,9,24,0,0,0,0,0,0,0,3,0,1,0,0,0,0,0,0,0,0,0,0,0,0,0,-59226,0,0,0,0,0,
245,246,1230,578,11,14,-25,0,11,242,20,1,1,2,2,0,65536,65536,2981,0,0,0,0,12500,12500,0,0,2500,0,187500,0,179340,179340,187500,179340,-5953,65536,179340,179340,0,0,
245,246,1230,578,11,14,-25,0,12,251,9,24,0,0,0,0,0,0,0,3,1,1,0,0,0,0,0,0,0,0,0,0,0,0,0,8042,0,0,0,0,0,
246,247,1235,578,11,14,-25,0,0,30,9,1,1,0,0,0,65536,65536,65536,0,0,0,7500,9020,9020,0,0,0,0,1370910,28275,0,0,1371030,28275,65536,65536,0,0,0,0,
246,247,1235,578,11,14,-25,0,1,65,9,24,1,0,0,0,2048,2048,0,0,0,0,0,14726,14726,0,0,735,0,1178,0,0,0,5580,0,65536,2048,0,0,0,0,
246,247,1235,578,11,14,-25,0,2,69,9,24,23,0,0,0,62805,62805,0,0,0,0,0,643996,590096,0,53900,0,0,1291711,0,0,0,2986994,0,65536,65535,0,0,0,0,
246,247,1235,578,11,14,-25,0,3,79,2,24,1,0,0,0,2048,2048,0,0,0,0,0,3333,3333,0,0,0,0,1599,0,0,0,7597,0,65536,2048,0,0,0,0,
246,247,1235,578,11,14,-25,0,4,90,2,1,1,0,0,0,2048,2048,65536,0,0,0,156,461,461,0,0,0,0,31098,62,0,0,31200,62,65536,2048,0,0,0,0,
246,247,1235,578,11,14,-25,0,5,98,2,1,1,0,0,0,2048,2048,-12078,0,0,0,156,299,299,0,0,0,0,107,1950,0,0,511,1950,-50614,2048,0,0,0,0,
246,247,1235,578,11,14,-25,0,6,102,8,24,18,0,0,0,49152,49152,0,0,0,0,0,324000,286920,0,37080,21780,0,58531,0,0,0,330191,0,65536,51759,0,0,0,0,
246,247,1235,578,11,14,-25,0,7,106,20,1,1,0,0,0,65536,65536,0,0,0,0,0,0,0,0,0,0,0,0,0,0,0,0,0,0,65536,0,0,0,0,
246,247,1235,578,11,14,-25,0,8,203,20,18,18,36,36,0,65536,65536,65536,0,0,0,0,9000,9000,0,0,4500,0,7200000,0,4100040,4100040,7200000,4100040,61573,65536,3228120,3228120,871920,871920,
246,247,1235,578,11,14,-25,0,9,238,12,24,3,0,0,0,8192,8192,65536,0,0,0,150,64800,58620,0,6180,10725,0,24390,10669,0,0,169669,10669,50246,10922,0,0,0,0,
246,247,1235,578,11,14,-25,0,10,239,9,24,0,0,0,0,0,0,0,3,0,1,0,0,0,0,0,0,0,0,0,0,0,0,0,-58353,0,0,0,0,0,
246,247,1235,578,11,14,-25,0,11,242,20,1,1,2,2,0,65536,65536,2981,0,0,0,0,12500,12500,0,0,2500,0,187500,0,179340,179340,187500,179340,-5953,65536,179340,179340,0,0,
246,247,1235,578,11,14,-25,0,12,251,9,24,24,0,0,0,65536,65536,-2926,0,0,0,24000,216960,216960,0,0,13560,126000,1630905,1707144,0,0,2577240,1707144,24412,65536,0,0,0,0,
247,248,1240,578,11,14,-25,0,0,30,9,1,1,0,0,0,65536,65536,65536,0,0,0,7500,9020,9020,0,0,0,0,1370910,28272,0,0,1371030,28272,65536,65536,0,0,0,0,
247,248,1240,578,11,14,-25,0,1,65,9,24,1,0,0,0,2048,2048,0,0,0,0,0,14726,14726,0,0,735,0,1178,0,0,0,5580,0,65536,2048,0,0,0,0,
247,248,1240,578,11,14,-25,0,2,69,9,24,23,0,0,0,62805,62805,0,0,0,0,0,643996,590096,0,53900,0,0,1230065,0,0,0,3003794,0,65536,65535,0,0,0,0,
247,248,1240,578,11,14,-25,0,3,79,2,24,1,0,0,0,2048,2048,0,0,0,0,0,3333,3333,0,0,0,0,1599,0,0,0,7597,0,65536,2048,0,0,0,0,
247,248,1240,578,11,14,-25,0,4,90,2,1,1,0,0,0,65536,65536,65536,0,0,0,5000,14775,14775,0,0,0,0,1029953,2000,0,0,1030005,2000,65536,65536,0,0,0,0,
247,248,1240,578,11,14,-25,0,5,98,2,1,1,0,0,0,2048,2048,-12235,0,0,0,156,299,299,0,0,0,0,107,1974,0,0,511,1974,-50794,2048,0,0,0,0,
247,248,1240,578,11,14,-25,0,6,102,8,24,17,0,0,0,46421,46421,0,0,0,0,0,305997,270977,0,35020,20569,0,54249,0,0,0,295651,0,65536,47212,0,0,0,0,
247,248,1240,578,11,14,-25,0,7,106,20,1,1,0,0,0,65536,65536,0,0,0,0,0,0,0,0,0,0,0,0,0,0,0,0,0,0,65536,0,0,0,0,
247,248,1240,578,11,14,-25,0,8,203,20,18,18,36,36,0,65536,65536,65536,0,0,0,0,9000,9000,0,0,4500,0,7200000,0,4100040,4100040,7200000,4100040,61573,65536,3228120,3228120,871920,871920,
247,248,1240,578,11,14,-25,0,9,238,12,24,3,0,0,0,8192,8192,65536,0,0,0,150,64800,58620,0,6180,10725,0,23930,11007,0,0,166349,11007,48994,10922,0,0,0,0,
247,248,1240,578,11,14,-25,0,10,239,9,24,0,0,0,0,0,0,0,3,0,1,0,0,0,0,0,0,0,0,0,0,0,0,0,-58573,0,0,0,0,0,
247,248,1240,578,11,14,-25,0,11,242,20,1,1,2,2,0,65536,65536,2981,0,0,0,0,12500,12500,0,0,2500,0,187500,0,179340,179340,187500,179340,-5953,65536,179340,179340,0,0,
247,248,1240,578,11,14,-25,0,12,251,9,24,24,0,0,0,22784,65536,-44863,0,0,0,8343,75427,75427,0,0,4714,43804,193118,612234,0,0,2608680,612234,22718,65536,0,0,0,0,
248,249,1245,578,11,14,-25,0,0,30,9,1,1,0,0,0,65536,65536,65536,0,0,0,7500,9020,9020,0,0,0,0,1370910,28455,0,0,1371030,28455,65536,65536,0,0,0,0,
248,249,1245,578,11,14,-25,0,1,65,9,24,1,0,0,0,2048,2048,0,0,0,0,0,14726,14726,0,0,735,0,1178,0,0,0,5580,0,65536,2048,0,0,0,0,
248,249,1245,578,11,14,-25,0,2,69,9,24,23,0,0,0,62805,62805,0,0,0,0,0,643996,590096,0,53900,0,0,1209189,0,0,0,3017233,0,65536,65535,0,0,0,0,
248,249,1245,578,11,14,-25,0,3,79,2,24,1,0,0,0,2048,2048,0,0,0,0,0,3333,3333,0,0,0,0,1599,0,0,0,7597,0,65536,2048,0,0,0,0,
248,249,1245,578,11,14,-25,0,4,90,2,1,1,0,0,0,65536,65536,65536,0,0,0,5000,14775,14775,0,0,0,0,1156391,2000,0,0,1156450,2000,65536,65536,0,0,0,0,
248,249,1245,578,11,14,-25,0,5,98,2,1,1,0,0,0,2048,2048,-12222,0,0,0,156,299,299,0,0,0,0,107,1972,0,0,511,1972,-50780,2048,0,0,0,0,
248,249,1245,578,11,14,-25,0,6,102,8,24,15,0,0,0,40960,40960,0,0,0,0,0,270000,239100,0,30900,18150,0,47820,0,0,0,263343,0,65536,42102,0,0,0,0,
248,249,1245,578,11,14,-25,0,7,106,20,1,1,0,0,0,65536,65536,0,0,0,0,0,0,0,0,0,0,0,0,0,0,0,0,0,0,65536,0,0,0,0,
248,249,1245,578,11,14,-25,0,8,203,20,18,18,36,36,0,65536,65536,65536,0,0,0,0,9000,9000,0,0,4500,0,7200000,0,4100040,4100040,7200000,4100040,61573,65536,3228120,3228120,871920,871920,
248,249,1245,578,11,14,-25,0,9,238,12,24,3,0,0,0,8192,8192,65536,0,0,0,150,64800,58620,0,6180,10725,0,84635,12358,0,0,168209,12358,48922,10922,0,0,0,0,
248,249,1245,578,11,14,-25,0,10,239,9,24,0,0,0,0,0,0,0,3,0,1,0,0,0,0,0,0,0,0,0,0,0,0,0,-59334,0,0,0,0,0,
248,249,1245,578,11,14,-25,0,11,242,20,1,1,2,2,0,65536,65536,2981,0,0,0,0,12500,12500,0,0,2500,0,187500,0,179340,179340,187500,179340,-5953,65536,179340,179340,0,0,
248,249,1245,578,11,14,-25,0,12,251,9,24,24,0,0,0,39938,65536,-37730,1,0,0,14625,132216,132216,0,0,8263,76785,511250,1204968,0,0,2606040,1204968,12987,65536,0,0,0,0,
249,250,1250,578,11,14,-25,0,0,30,9,1,1,0,0,0,65536,65536,65536,0,0,0,7500,9020,9020,0,0,0,0,1370910,28760,0,0,1371030,28760,65536,65536,0,0,0,0,
249,250,1250,578,11,14,-25,0,1,65,9,24,1,0,0,0,2048,2048,0,0,0,0,0,14726,14726,0,0,735,0,1178,0,0,0,5580,0,65536,2048,0,0,0,0,
249,250,1250,578,11,14,-25,0,2,69,9,24,23,0,0,0,62805,62805,0,0,0,0,0,643996,592296,0,51700,0,0,1174017,0,0,0,3024553,0,65536,65535,0,0,0,0,
249,250,1250,578,11,14,-25,0,3,79,2,24,1,0,0,0,2048,2048,0,0,0,0,0,3333,3333,0,0,0,0,1599,0,0,0,7597,0,65536,2048,0,0,0,0,
249,250,1250,578,11,14,-25,0,4,90,2,1,1,0,0,0,65536,65536,65536,0,0,0,5000,14775,14775,0,0,0,0,1263180,2000,0,0,1263245,2000,65536,65536,0,0,0,0,
249,250,1250,578,11,14,-25,0,5,98,2,1,1,0,0,0,2048,2048,-11960,0,0,0,156,299,299,0,0,0,0,107,1932,0,0,511,1932,-50474,2048,0,0,0,0,
249,250,1250,578,11,14,-25,0,6,102,8,24,13,0,0,0,35498,35498,0,0,0,0,0,233995,207215,0,26780,15729,0,41443,0,0,0,238811,0,65536,38180,0,0,0,0,
249,250,1250,578,11,14,-25,0,7,106,20,1,1,0,0,0,65536,65536,0,0,0,0,0,0,0,0,0,0,0,0,0,0,0,0,0,0,65536,0,0,0,0,
249,250,1250,578,11,14,-25,0,8,203,20,18,18,36,36,0,65536,65536,65536,0,0,0,0,9000,9000,0,0,4500,0,7200000,0,4100040,4100040,7200000,4100040,61573,65536,3228120,3228120,871920,871920,
249,250,1250,578,11,14,-25,0,9,238,12,24,3,0,0,0,8192,8192,65536,0,0,0,150,64800,58620,0,6180,10725,0,88608,13500,0,0,174289,13500,50338,10922,0,0,0,0,
249,250,1250,578,11,14,-25,0,10,239,9,24,0,0,0,0,0,0,0,3,0,1,0,0,0,0,0,0,0,0,0,0,0,0,0,-59859,0,0,0,0,0,
249,250,1250,578,11,14,-25,0,11,242,20,1,1,2,2,0,65536,65536,2981,0,0,0,0,12500,12500,0,0,2500,0,187500,0,179340,179340,187500,179340,-5953,65536,179340,179340,0,0,
249,250,1250,578,11,14,-25,0,12,251,9,24,22,0,0,0,39938,60074,-49225,2,0,0,14625,132216,132216,0,0,8263,76785,327578,1316250,0,0,2392615,1316250,4885,61416,0,0,0,0,
250,251,1255,578,11,14,-25,0,0,30,9,1,1,0,0,0,65536,65536,65536,0,0,0,7500,9020,9020,0,0,0,0,1370910,29230,0,0,1371030,29230,65536,65536,0,0,0,0,
250,251,1255,578,11,14,-25,0,1,65,9,24,1,0,0,0,2048,2048,0,0,0,0,0,14726,14726,0,0,735,0,1178,0,0,0,5580,0,65536,2048,0,0,0,0,
250,251,1255,578,11,14,-25,0,2,69,9,24,23,0,0,0,62805,62805,0,0,0,0,0,643996,616496,0,27500,0,0,1149494,0,0,0,3023233,0,65536,65535,0,0,0,0,
250,251,1255,578,11,14,-25,0,3,79,2,24,1,0,0,0,2048,2048,0,0,0,0,0,3333,3333,0,0,0,0,1599,0,0,0,7597,0,65536,2048,0,0,0,0,
250,251,1255,578,11,14,-25,0,4,90,2,1,1,0,0,0,65536,65536,65536,0,0,0,5000,14775,14775,0,0,0,0,476074,2000,0,0,1263245,2000,65536,65536,0,0,0,0,
250,251,1255,578,11,14,-25,0,5,98,2,1,1,0,0,0,2048,2048,-11370,0,0,0,156,299,299,0,0,0,0,107,1842,0,0,511,1842,-49738,2048,0,0,0,0,
250,251,1255,578,11,14,-25,0,6,102,8,24,13,0,0,0,35498,35498,0,0,0,0,0,233995,207215,0,26780,15729,0,41443,0,0,0,238454,0,65536,38123,0,0,0,0,
250,251,1255,578,11,14,-25,0,7,106,20,1,1,0,0,0,65536,65536,0,0,0,0,0,0,0,0,0,0,0,0,0,0,0,0,0,0,65536,0,0,0,0,
250,251,1255,578,11,14,-25,0,8,203,20,18,18,36,36,0,65536,65536,65536,0,0,0,0,9000,9000,0,0,4500,0,7200000,0,4100040,4100040,7200000,4100040,61573,65536,3228120,3228120,871920,871920,
250,251,1255,578,11,14,-25,0,9,238,12,24,24,0,0,0,65536,65536,65536,0,0,0,1200,518400,468960,0,49440,85800,0,420440,108000,0,0,1115640,108000,54152,65536,0,0,0,0,
250,251,1255,578,11,14,-25,0,10,239,9,24,0,0,0,0,0,0,0,3,0,1,0,0,0,0,0,0,0,0,0,0,0,0,0,-59859,0,0,0,0,0,
250,251,1255,578,11,14,-25,0,11,242,20,1,1,2,2,0,65536,65536,2981,0,0,0,0,12500,12500,0,0,2500,0,187500,0,179340,179340,187500,179340,-5953,65536,179340,179340,0,0,
250,251,1255,578,11,14,-25,0,12,251,9,24,0,0,0,0,0,0,0,3,0,1,0,0,0,0,0,0,0,0,0,0,0,0,0,1605,0,0,0,0,0,
251,252,1260,578,11,14,-25,0,0,30,9,1,1,0,0,0,65536,65536,65536,0,0,0,7500,9020,9020,0,0,0,0,1370910,28650,0,0,1371030,28650,65536,65536,0,0,0,0,
251,252,1260,578,11,14,-25,0,1,65,9,24,1,0,0,0,2048,2048,0,0,0,0,0,14726,14726,0,0,735,0,1178,0,0,0,5580,0,65536,2048,0,0,0,0,
251,252,1260,578,11,14,-25,0,2,69,9,24,23,0,0,0,62805,62805,0,0,0,0,0,643996,616496,0,27500,0,0,1091025,0,0,0,3010514,0,65536,65535,0,0,0,0,
251,252,1260,578,11,14,-25,0,3,79,2,24,1,0,0,0,2048,2048,0,0,0,0,0,3333,3333,0,0,0,0,1599,0,0,0,7597,0,65536,2048,0,0,0,0,
251,252,1260,578,11,14,-25,0,4,90,2,1,1,0,0,0,20418,20418,65536,0,0,0,1557,4603,4603,0,0,0,0,74750,622,0,0,355076,622,65536,20418,0,0,0,0,
251,252,1260,578,11,14,-25,0,5,98,2,1,1,0,0,0,2048,2048,-11514,0,0,0,156,299,299,0,0,0,0,107,1864,0,0,511,1864,-49922,2048,0,0,0,0,
251,252,1260,578,11,14,-25,0,6,102,8,24,18,0,0,0,49152,49152,0,0,0,0,0,324000,286920,0,37080,21780,0,91740,0,0,0,327600,0,65536,51829,0,0,0,0,
251,252,1260,578,11,14,-25,0,7,106,20,1,1,0,0,0,65536,65536,0,0,0,0,0,0,0,0,0,0,0,0,0,0,0,0,0,0,65536,0,0,0,0,
251,252,1260,578,11,14,-25,0,8,203,20,18,18,36,36,0,65536,65536,65536,0,0,0,0,9000,9000,0,0,4500,0,7200000,0,4100040,4100040,7200000,4100040,61573,65536,3228120,3228120,871920,871920,
251,252,1260,578,11,14,-25,0,9,238,12,24,3,0,0,0,8192,8192,65536,0,0,0,150,64800,58620,0,6180,10725,0,25026,12179,0,0,174289,12179,51006,10922,0,0,0,0,
251,252,1260,578,11,14,-25,0,10,239,9,24,0,0,0,0,0,0,0,3,0,1,0,0,0,0,0,0,0,0,0,0,0,0,0,-59243,0,0,0,0,0,
251,252,1260,578,11,14,-25,0,11,242,20,1,1,2,2,0,65536,65536,2981,0,0,0,0,12500,12500,0,0,2500,0,187500,0,179340,179340,187500,179340,-5953,65536,179340,179340,0,0,
251,252,1260,578,11,14,-25,0,12,251,9,24,0,0,0,0,0,0,0,3,1,1,0,0,0,0,0,0,0,0,0,0,0,0,0,9766,0,0,0,0,0,
252,253,1265,578,11,14,-25,0,0,30,9,1,1,0,0,0,65536,65536,65536,0,0,0,7500,9020,9020,0,0,0,0,1370910,28067,0,0,1371030,28067,65536,65536,0,0,0,0,
252,253,1265,578,11,14,-25,0,1,65,9,24,1,0,0,0,2048,2048,0,0,0,0,0,14726,14726,0,0,735,0,1178,0,0,0,5580,0,65536,2048,0,0,0,0,
252,253,1265,578,11,14,-25,0,2,69,9,24,23,0,0,0,62805,62805,0,0,0,0,0,643996,590096,0,53900,0,0,1071492,0,0,0,2997674,0,65536,65535,0,0,0,0,
252,253,1265,578,11,14,-25,0,3,79,2,24,1,0,0,0,2048,2048,0,0,0,0,0,3333,3333,0,0,0,0,1599,0,0,0,7597,0,65536,2048,0,0,0,0,
252,253,1265,578,11,14,-25,0,4,90,2,1,1,0,0,0,2233,2233,65536,0,0,0,170,503,503,0,0,0,0,34051,68,0,0,34134,68,65536,2233,0,0,0,0,
252,253,1265,578,11,14,-25,0,5,98,2,1,1,0,0,0,2048,2048,-12445,0,0,0,156,299,299,0,0,0,0,107,2006,0,0,511,2006,-51026,2048,0,0,0,0,
252,253,1265,578,11,14,-25,0,6,102,8,24,17,0,0,0,46421,46421,0,0,0,0,0,305997,270977,0,35020,20569,0,54195,0,0,0,292540,0,65536,46770,0,0,0,0,
252,253,1265,578,11,14,-25,0,7,106,20,1,1,0,0,0,65536,65536,0,0,0,0,0,0,0,0,0,0,0,0,0,0,0,0,0,0,65536,0,0,0,0,
252,253,1265,578,11,14,-25,0,8,203,20,18,18,36,36,0,65536,65536,65536,0,0,0,0,9000,9000,0,0,4500,0,7200000,0,4100040,4100040,7200000,4100040,61573,65536,3228120,3228120,871920,871920,
252,253,1265,578,11,14,-25,0,9,238,12,24,3,0,0,0,8192,8192,65536,0,0,0,150,64800,58620,0,6180,10725,0,23411,10705,0,0,162570,10705,47906,10922,0,0,0,0,
252,253,1265,578,11,14,-25,0,10,239,9,24,0,0,0,0,0,0,0,3,0,1,0,0,0,0,0,0,0,0,0,0,0,0,0,-58377,0,0,0,0,0,
252,253,1265,578,11,14,-25,0,11,242,20,1,1,2,2,0,65536,65536,2981,0,0,0,0,12500,12500,0,0,2500,0,187500,0,179340,179340,187500,179340,-5953,65536,179340,179340,0,0,
252,253,1265,578,11,14,-25,0,12,251,9,24,24,0,0,0,65536,65536,-943,0,0,0,24000,216960,216960,0,0,13560,126000,1688297,1712952,0,0,2650320,1712952,26651,65536,0,0,0,0,
253,254,1270,578,11,14,-25,0,0,30,9,1,1,0,0,0,65536,65536,65536,0,0,0,7500,9020,9020,0,0,0,0,1370910,27760,0,0,1371030,27760,65536,65536,0,0,0,0,
253,254,1270,578,11,14,-25,0,1,65,9,24,1,0,0,0,2048,2048,0,0,0,0,0,14726,14726,0,0,735,0,1178,0,0,0,5580,0,65536,2048,0,0,0,0,
253,254,1270,578,11,14,-25,0,2,69,9,24,23,0,0,0,62805,62805,0,0,0,0,0,643996,591196,0,52800,0,0,985784,0,0,0,2972114,0,65536,65535,0,0,0,0,
253,254,1270,578,11,14,-25,0,3,79,2,24,1,0,0,0,2048,2048,0,0,0,0,0,3333,3333,0,0,0,0,1599,0,0,0,7597,0,65536,2048,0,0,0,0,
253,254,1270,578,11,14,-25,0,4,90,2,1,1,0,0,0,65536,65536,65536,0,0,0,5000,14775,14775,0,0,0,0,1033765,2000,0,0,1033820,2000,65536,65536,0,0,0,0,
253,254,1270,578,11,14,-25,0,5,98,2,1,1,0,0,0,2048,2048,-12576,0,0,0,156,299,299,0,0,0,0,107,2026,0,0,511,2026,-51172,2048,0,0,0,0,
253,254,1270,578,11,14,-25,0,6,102,8,24,15,0,0,0,40960,40960,0,0,0,0,0,270000,239100,0,30900,18150,0,47820,0,0,0,268084,0,65536,42860,0,0,0,0,
253,254,1270,578,11,14,-25,0,7,106,20,1,1,0,0,0,65536,65536,0,0,0,0,0,0,0,0,0,0,0,0,0,0,0,0,0,0,65536,0,0,0,0,
253,254,1270,578,11,14,-25,0,8,203,20,18,18,36,36,0,65536,65536,65536,0,0,0,0,9000,9000,0,0,4500,0,7200000,0,4100040,4100040,7200000,4100040,61573,65536,3228120,3228120,871920,871920,
253,254,1270,578,11,14,-25,0,9,238,12,24,3,0,0,0,8192,8192,65536,0,0,0,150,64800,58620,0,6180,10725,0,23052,11048,0,0,159950,11048,46871,10922,0,0,0,0,
253,254,1270,578,11,14,-25,0,10,239,9,24,0,0,0,0,0,0,0,3,0,1,0,0,0,0,0,0,0,0,0,0,0,0,0,-58599,0,0,0,0,0,
253,254,1270,578,11,14,-25,0,11,242,20,1,1,2,2,0,65536,65536,2981,0,0,0,0,12500,12500,0,0,2500,0,187500,0,179340,179340,187500,179340,-5953,65536,179340,179340,0,0,
253,254,1270,578,11,14,-25,0,12,251,9,24,23,0,0,0,23786,62805,-44637,0,0,0,8710,78744,78744,0,0,4921,45731,204576,641526,0,0,2649911,641526,24700,64868,0,0,0,0,
254,255,1275,578,11,14,-25,0,0,30,9,1,1,0,0,0,65536,65536,65536,0,0,0,7500,9020,9020,0,0,0,0,1370910,27627,0,0,1371030,27627,65536,65536,0,0,0,0,
254,255,1275,578,11,14,-25,0,1,65,9,24,1,0,0,0,2048,2048,0,0,0,0,0,14726,14726,0,0,735,0,1178,0,0,0,5580,0,65536,2048,0,0,0,0,
254,255,1275,578,11,14,-25,0,2,69,9,24,23,0,0,0,62805,62805,0,0,0,0,0,643996,591196,0,52800,0,0,950615,0,0,0,2942595,0,65536,65535,0,0,0,0,
254,255,1275,578,11,14,-25,0,3,79,2,24,1,0,0,0,2048,2048,0,0,0,0,0,3333,3333,0,0,0,0,1599,0,0,0,7597,0,65536,2048,0,0,0,0,
254,255,1275,578,11,14,-25,0,4,90,2,1,1,0,0,0,65536,65536,65536,0,0,0,5000,14775,14775,0,0,0,0,1160897,2000,0,0,1160960,2000,65536,65536,0,0,0,0,
254,255,1275,578,11,14,-25,0,5,98,2,1,1,0,0,0,2048,2048,-12464,0,0,0,156,299,299,0,0,0,0,107,2009,0,0,511,2009,-51049,2048,0,0,0,0,
254,255,1275,578,11,14,-25,0,6,102,8,24,14,0,0,0,38229,38229,0,0,0,0,0,251997,223157,0,28840,16939,0,44631,0,0,0,244584,0,65536,39103,0,0,0,0,
254,255,1275,578,11,14,-25,0,7,106,20,1,1,0,0,0,65536,65536,0,0,0,0,0,0,0,0,0,0,0,0,0,0,0,0,0,0,65536,0,0,0,0,
254,255,1275,578,11,14,-25,0,8,203,20,18,18,36,36,0,65536,65536,65536,0,0,0,0,9000,9000,0,0,4500,0,7200000,0,4100040,4100040,7200000,4100040,61573,65536,3228120,3228120,871920,871920,
254,255,1275,578,11,14,-25,0,9,238,12,24,3,0,0,0,8192,8192,65536,0,0,0,150,64800,58620,0,6180,10725,0,80788,12406,0,0,162310,12406,46956,10922,0,0,0,0,
254,255,1275,578,11,14,-25,0,10,239,9,24,0,0,0,0,0,0,0,3,0,1,0,0,0,0,0,0,0,0,0,0,0,0,0,-59359,0,0,0,0,0,
254,255,1275,578,11,14,-25,0,11,242,20,1,1,2,2,0,65536,65536,2981,0,0,0,0,12500,12500,0,0,2500,0,187500,0,179340,179340,187500,179340,-5953,65536,179340,179340,0,0,
254,255,1275,578,11,14,-25,0,12,251,9,24,23,0,0,0,39938,62805,-43181,1,0,0,14625,132216,132216,0,0,8263,76785,412624,1209663,0,0,2640872,1209663,14132,65202,0,0,0,0,
255,256,1280,578,11,14,-25,0,0,30,9,1,1,0,0,0,65536,65536,65536,0,0,0,7500,9020,9020,0,0,0,0,1370910,27475,0,0,1371030,27475,65536,65536,0,0,0,0,
255,256,1280,578,11,14,-25,0,1,65,9,24,1,0,0,0,2048,2048,0,0,0,0,0,14726,14726,0,0,735,0,1178,0,0,0,5580,0,65536,2048,0,0,0,0,
255,256,1280,578,11,14,-25,0,2,69,9,24,23,0,0,0,62805,62805,0,0,0,0,0,643996,594496,0,49500,0,0,817666,0,0,0,2891475,0,65536,65535,0,0,0,0,
255,256,1280,578,11,14,-25,0,3,79,2,24,1,0,0,0,2048,2048,0,0,0,0,0,3333,3333,0,0,0,0,1599,0,0,0,7597,0,65536,2048,0,0,0,0,
255,256,1280,578,11,14,-25,0,4,90,2,1,1,0,0,0,65536,65536,65536,0,0,0,5000,14775,14775,0,0,0,0,1263180,2000,0,0,1263245,2000,65536,65536,0,0,0,0,
255,256,1280,578,11,14,-25,0,5,98,2,1,1,0,0,0,2048,2048,-11960,0,0,0,156,299,299,0,0,0,0,107,1932,0,0,511,1932,-50470,2048,0,0,0,0,
255,256,1280,578,11,14,-25,0,6,102,8,24,13,0,0,0,35498,35498,0,0,0,0,0,233995,207215,0,26780,15729,0,41443,0,0,0,229504,0,65536,36692,0,0,0,0,
255,256,1280,578,11,14,-25,0,7,106,20,1,1,0,0,0,65536,65536,0,0,0,0,0,0,0,0,0,0,0,0,0,0,0,0,0,0,65536,0,0,0,0,
255,256,1280,578,11,14,-25,0,8,203,20,18,18,36,36,0,65536,65536,65536,0,0,0,0,9000,9000,0,0,4500,0,7200000,0,4100040,4100040,7200000,4100040,61573,65536,3228120,3228120,871920,871920,
255,256,1280,578,11,14,-25,0,9,238,12,24,3,0,0,0,8192,8192,65536,0,0,0,150,64800,58620,0,6180,10725,0,84719,13500,0,0,168329,13500,48385,10922,0,0,0,0,
255,256,1280,578,11,14,-25,0,10,239,9,24,0,0,0,0,0,0,0,3,0,1,0,0,0,0,0,0,0,0,0,0,0,0,0,-59859,0,0,0,0,0,
255,256,1280,578,11,14,-25,0,11,242,20,1,1,2,2,0,65536,65536,2981,0,0,0,0,12500,12500,0,0,2500,0,187500,0,179340,179340,187500,179340,-5953,65536,179340,179340,0,0,
255,256,1280,578,11,14,-25,0,12,251,9,24,20,0,0,0,39938,54613,-49229,2,0,0,14625,132216,132216,0,0,8263,76785,327499,1316250,0,0,2206502,1316250,4868,56652,0,0,0,0,
256,257,1285,578,11,14,-25,0,0,30,9,1,1,0,0,0,65536,65536,65536,0,0,0,7500,9020,9020,0,0,0,0,1370910,27442,0,0,1371030,27442,65536,65536,0,0,0,0,
256,257,1285,578,11,14,-25,0,1,65,9,24,1,0,0,0,2048,2048,0,0,0,0,0,14726,14726,0,0,735,0,1178,0,0,0,5580,0,65536,2048,0,0,0,0,
256,257,1285,578,11,14,-25,0,2,69,9,24,23,0,0,0,62805,62805,0,0,0,0,0,643996,616496,0,27500,0,0,735182,0,0,0,2824276,0,65536,65535,0,0,0,0,
256,257,1285,578,11,14,-25,0,3,79,2,24,1,0,0,0,2048,2048,0,0,0,0,0,3333,3333,0,0,0,0,1599,0,0,0,7597,0,65536,2048,0,0,0,0,
256,257,1285,578,11,14,-25,0,4,90,2,1,1,0,0,0,65536,65536,65536,0,0,0,5000,14775,14775,0,0,0,0,370100,2000,0,0,1263245,2000,65536,65536,0,0,0,0,
256,257,1285,578,11,14,-25,0,5,98,2,1,1,0,0,0,2048,2048,-11160,0,0,0,156,299,299,0,0,0,0,107,1810,0,0,511,1810,-49457,2048,0,0,0,0,
256,257,1285,578,11,14,-25,0,6,102,8,24,18,0,0,0,49152,49152,0,0,0,0,0,324000,286920,0,37080,21780,0,80161,0,0,0,322051,0,65536,51114,0,0,0,0,
256,257,1285,578,11,14,-25,0,7,106,20,1,1,0,0,0,65536,65536,0,0,0,0,0,0,0,0,0,0,0,0,0,0,0,0,0,0,65536,0,0,0,0,
256,257,1285,578,11,14,-25,0,8,203,20,18,18,36,36,0,65536,65536,65536,0,0,0,0,9000,9000,0,0,4500,0,7200000,0,4100040,4100040,7200000,4100040,61573,65536,3228120,3228120,871920,871920,
256,257,1285,578,11,14,-25,0,9,238,12,24,24,0,0,0,65536,65536,65536,0,0,0,1200,518400,468960,0,49440,85800,0,402397,108000,0,0,1081920,108000,52310,65536,0,0,0,0,
256,257,1285,578,11,14,-25,0,10,239,9,24,0,0,0,0,0,0,0,3,0,1,0,0,0,0,0,0,0,0,0,0,0,0,0,-59859,0,0,0,0,0,
256,257,1285,578,11,14,-25,0,11,242,20,1,1,2,2,0,65536,65536,2981,0,0,0,0,12500,12500,0,0,2500,0,187500,0,179340,179340,187500,179340,-5953,65536,179340,179340,0,0,
256,257,1285,578,11,14,-25,0,12,251,9,24,0,0,0,0,0,0,0,3,0,1,0,0,0,0,0,0,0,0,0,0,0,0,0,433,0,0,0,0,0,
257,258,1290,578,11,14,-25,0,0,30,9,1,1,0,0,0,65536,65536,65536,0,0,0,7500,9020,9020,0,0,0,0,1370910,26785,0,0,1371030,26785,65536,65536,0,0,0,0,
257,258,1290,578,11,14,-25,0,1,65,9,24,1,0,0,0,2048,2048,0,0,0,0,0,14726,14726,0,0,735,0,1178,0,0,0,5580,0,65536,2048,0,0,0,0,
257,258,1290,578,11,14,-25,0,2,69,9,24,23,0,0,0,62805,62805,0,0,0,0,0,643996,616496,0,27500,0,0,907872,0,0,0,2796797,0,65536,65535,0,0,0,0,
257,258,1290,578,11,14,-25,0,3,79,2,24,1,0,0,0,2048,2048,0,0,0,0,0,3333,3333,0,0,0,0,1599,0,0,0,7597,0,65536,2048,0,0,0,0,
257,258,1290,578,11,14,-25,0,4,90,2,1,1,0,0,0,19057,19057,65536,0,0,0,1453,4296,4296,0,0,0,0,69576,581,0,0,330511,581,65536,19057,0,0,0,0,
257,258,1290,578,11,14,-25,0,5,98,2,1,1,0,0,0,2048,2048,-11285,0,0,0,156,299,299,0,0,0,0,107,1829,0,0,511,1829,-49622,2048,0,0,0,0,
257,258,1290,578,11,14,-25,0,6,102,8,24,18,0,0,0,49152,49152,0,0,0,0,0,324000,286920,0,37080,21780,0,57728,0,0,0,316325,0,65536,50249,0,0,0,0,
257,258,1290,578,11,14,-25,0,7,106,20,1,1,0,0,0,65536,65536,0,0,0,0,0,0,0,0,0,0,0,0,0,0,0,0,0,0,65536,0,0,0,0,
257,258,1290,578,11,14,-25,0,8,203,20,18,18,36,36,0,65536,65536,65536,0,0,0,0,9000,9000,0,0,4500,0,7200000,0,4100040,4100040,7200000,4100040,61573,65536,3228120,3228120,871920,871920,
257,258,1290,578,11,14,-25,0,9,238,12,24,3,0,0,0,8192,8192,65536,0,0,0,150,64800,58620,0,6180,10725,0,24373,12146,0,0,169549,12146,49466,10922,0,0,0,0,
257,258,1290,578,11,14,-25,0,10,239,9,24,0,0,0,0,0,0,0,3,0,1,0,0,0,0,0,0,0,0,0,0,0,0,0,-59226,0,0,0,0,0,
257,258,1290,578,11,14,-25,0,11,242,20,1,1,2,2,0,65536,65536,2981,0,0,0,0,12500,12500,0,0,2500,0,187500,0,179340,179340,187500,179340,-5953,65536,179340,179340,0,0,
257,258,1290,578,11,14,-25,0,12,251,9,24,0,0,0,0,0,0,0,3,1,1,0,0,0,0,0,0,0,0,0,0,0,0,0,8546,0,0,0,0,0,
258,259,1295,578,11,14,-25,0,0,30,9,1,1,0,0,0,65536,65536,65536,0,0,0,7500,9020,9020,0,0,0,0,1370910,26145,0,0,1371030,26145,65536,65536,0,0,0,0,
258,259,1295,578,11,14,-25,0,1,65,9,24,1,0,0,0,2048,2048,0,0,0,0,0,14726,14726,0,0,735,0,1178,0,0,0,5580,0,65536,2048,0,0,0,0,
258,259,1295,578,11,14,-25,0,2,69,9,24,23,0,0,0,62805,62805,0,0,0,0,0,643996,590096,0,53900,0,0,878881,0,0,0,2767157,0,65536,65535,0,0,0,0,
258,259,1295,578,11,14,-25,0,3,79,2,24,1,0,0,0,2048,2048,0,0,0,0,0,3333,3333,0,0,0,0,1599,0,0,0,7597,0,65536,2048,0,0,0,0,
258,259,1295,578,11,14,-25,0,4,90,2,1,1,0,0,0,2048,2048,65536,0,0,0,156,461,461,0,0,0,0,31098,62,0,0,31200,62,65536,2048,0,0,0,0,
258,259,1295,578,11,14,-25,0,5,98,2,1,1,0,0,0,2048,2048,-12124,0,0,0,156,299,299,0,0,0,0,107,1957,0,0,511,1957,-50664,2048,0,0,0,0,
258,259,1295,578,11,14,-25,0,6,102,8,24,15,0,0,0,40960,40960,0,0,0,0,0,270000,239100,0,30900,18150,0,47820,0,0,0,266439,0,65536,42597,0,0,0,0,
258,259,1295,578,11,14,-25,0,7,106,20,1,1,0,0,0,65536,65536,0,0,0,0,0,0,0,0,0,0,0,0,0,0,0,0,0,0,65536,0,0,0,0,
258,259,1295,578,11,14,-25,0,8,203,20,18,18,36,36,0,65536,65536,65536,0,0,0,0,9000,9000,0,0,4500,0,7200000,0,4100040,4100040,7200000,4100040,61573,65536,3228120,3228120,871920,871920,
258,259,1295,578,11,14,-25,0,9,238,12,24,3,0,0,0,8192,8192,65536,0,0,0,150,64800,58620,0,6180,10725,0,23018,10669,0,0,159690,10669,46976,10922,0,0,0,0,
258,259,1295,578,11,14,-25,0,10,239,9,24,0,0,0,0,0,0,0,3,0,1,0,0,0,0,0,0,0,0,0,0,0,0,0,-58353,0,0,0,0,0,
258,259,1295,578,11,14,-25,0,11,242,20,1,1,2,2,0,65536,65536,2981,0,0,0,0,12500,12500,0,0,2500,0,187500,0,179340,179340,187500,179340,-5953,65536,179340,179340,0,0,
258,259,1295,578,11,14,-25,0,12,251,9,24,24,0,0,0,65536,65536,-5785,0,0,0,24000,216960,216960,0,0,13560,126000,1556431,1707144,0,0,2585880,1707144,24714,65536,0,0,0,0,
259,260,1300,578,11,14,-25,0,0,30,9,1,1,0,0,0,65536,65536,65536,0,0,0,7500,9020,9020,0,0,0,0,1370910,25797,0,0,1371030,25797,65536,65536,0,0,0,0,
259,260,1300,578,11,14,-25,0,1,65,9,24,1,0,0,0,2048,2048,0,0,0,0,0,14726,14726,0,0,735,0,1178,0,0,0,5580,0,65536,2048,0,0,0,0,
259,260,1300,578,11,14,-25,0,2,69,9,24,23,0,0,0,62805,62805,0,0,0,0,0,643996,592296,0,51700,0,0,845210,0,0,0,2731638,0,65536,65535,0,0,0,0,
259,260,1300,578,11,14,-25,0,3,79,2,24,1,0,0,0,2048,2048,0,0,0,0,0,3333,3333,0,0,0,0,1599,0,0,0,7597,0,65536,2048,0,0,0,0,
259,260,1300,578,11,14,-25,0,4,90,2,1,1,0,0,0,65536,65536,65536,0,0,0,5000,14775,14775,0,0,0,0,1029953,2000,0,0,1030005,2000,65536,65536,0,0,0,0,
259,260,1300,578,11,14,-25,0,5,98,2,1,1,0,0,0,2048,2048,-12170,0,0,0,156,299,299,0,0,0,0,107,1964,0,0,511,1964,-50723,2048,0,0,0,0,
259,260,1300,578,11,14,-25,0,6,102,8,24,13,0,0,0,35498,35498,0,0,0,0,0,233995,207215,0,26780,15729,0,41443,0,0,0,235658,0,65536,37676,0,0,0,0,
259,260,1300,578,11,14,-25,0,7,106,20,1,1,0,0,0,65536,65536,0,0,0,0,0,0,0,0,0,0,0,0,0,0,0,0,0,0,65536,0,0,0,0,
259,260,1300,578,11,14,-25,0,8,203,20,18,18,36,36,0,65536,65536,65536,0,0,0,0,9000,9000,0,0,4500,0,7200000,0,4100040,4100040,7200000,4100040,61573,65536,3228120,3228120,871920,871920,
259,260,1300,578,11,14,-25,0,9,238,12,24,3,0,0,0,8192,8192,65536,0,0,0,150,64800,58620,0,6180,10725,0,29239,11007,0,0,157970,11007,46248,10922,0,0,0,0,
259,260,1300,578,11,14,-25,0,10,239,9,24,0,0,0,0,0,0,0,3,0,1,0,0,0,0,0,0,0,0,0,0,0,0,0,-58573,0,0,0,0,0,
259,260,1300,578,11,14,-25,0,11,242,20,1,1,2,2,0,65536,65536,2981,0,0,0,0,12500,12500,0,0,2500,0,187500,0,179340,179340,187500,179340,-5953,65536,179340,179340,0,0,
259,260,1300,578,11,14,-25,0,12,251,9,24,22,0,0,0,22822,60074,-45196,0,0,0,8357,75553,75553,0,0,4722,43877,190333,613261,0,0,2475418,613261,22291,62490,0,0,0,0,
260,261,1305,578,11,14,-25,0,0,30,9,1,1,0,0,0,65536,65536,65536,0,0,0,7500,9020,9020,0,0,0,0,1370910,25575,0,0,1371030,25575,65536,65536,0,0,0,0,
260,261,1305,578,11,14,-25,0,1,65,9,24,1,0,0,0,2048,2048,0,0,0,0,0,14726,14726,0,0,735,0,1178,0,0,0,5580,0,65536,2048,0,0,0,0,
260,261,1305,578,11,14,-25,0,2,69,9,24,23,0,0,0,62805,62805,0,0,0,0,0,643996,592296,0,51700,0,0,788909,0,0,0,2690598,0,65536,65535,0,0,0,0,
260,261,1305,578,11,14,-25,0,3,79,2,24,1,0,0,0,2048,2048,0,0,0,0,0,3333,3333,0,0,0,0,1599,0,0,0,7597,0,65536,2048,0,0,0,0,
260,261,1305,578,11,14,-25,0,4,90,2,1,1,0,0,0,65536,65536,65536,0,0,0,5000,14775,14775,0,0,0,0,1156391,2000,0,0,1156450,2000,65536,65536,0,0,0,0,
260,261,1305,578,11,14,-25,0,5,98,2,1,1,0,0,0,2048,2048,-11934,0,0,0,156,299,299,0,0,0,0,107,1928,0,0,511,1928,-50439,2048,0,0,0,0,
260,261,1305,578,11,14,-25,0,6,102,8,24,12,0,0,0,32768,32768,0,0,0,0,0,216000,191280,0,24720,14520,0,38256,0,0,0,213047,0,65536,34061,0,0,0,0,
260,261,1305,578,11,14,-25,0,7,106,20,1,1,0,0,0,65536,65536,0,0,0,0,0,0,0,0,0,0,0,0,0,0,0,0,0,0,65536,0,0,0,0,
260,261,1305,578,11,14,-25,0,8,203,20,18,18,36,36,0,65536,65536,65536,0,0,0,0,9000,9000,0,0,4500,0,7200000,0,4100040,4100040,7200000,4100040,61573,65536,3228120,3228120,871920,871920,
260,261,1305,578,11,14,-25,0,9,238,12,24,3,0,0,0,8192,8192,65536,0,0,0,150,64800,58620,0,6180,10725,0,79533,12358,0,0,160390,12358,46360,10922,0,0,0,0,
260,261,1305,578,11,14,-25,0,10,239,9,24,0,0,0,0,0,0,0,3,0,1,0,0,0,0,0,0,0,0,0,0,0,0,0,-59334,0,0,0,0,0,
260,261,1305,578,11,14,-25,0,11,242,20,1,1,2,2,0,65536,65536,2981,0,0,0,0,12500,12500,0,0,2500,0,187500,0,179340,179340,187500,179340,-5953,65536,179340,179340,0,0,
260,261,1305,578,11,14,-25,0,12,251,9,24,22,0,0,0,39938,60074,-47759,1,0,0,14625,132216,132216,0,0,8263,76785,326837,1204968,0,0,2337315,1204968,11216,60135,0,0,0,0,
261,262,1310,578,11,14,-25,0,0,30,9,1,1,0,0,0,65536,65536,65536,0,0,0,7500,9020,9020,0,0,0,0,1370910,25472,0,0,1371030,25472,65536,65536,0,0,0,0,
261,262,1310,578,11,14,-25,0,1,65,9,24,1,0,0,0,2048,2048,0,0,0,0,0,14726,14726,0,0,735,0,1178,0,0,0,5580,0,65536,2048,0,0,0,0,
261,262,1310,578,11,14,-25,0,2,69,9,24,23,0,0,0,62805,62805,0,0,0,0,0,643996,596696,0,47300,0,0,743060,0,0,0,2642839,0,65536,65535,0,0,0,0,
261,262,1310,578,11,14,-25,0,3,79,2,24,1,0,0,0,2048,2048,0,0,0,0,0,3333,3333,0,0,0,0,1599,0,0,0,7597,0,65536,2048,0,0,0,0,
261,262,1310,578,11,14,-25,0,4,90,2,1,1,0,0,0,65536,65536,65536,0,0,0,5000,14775,14775,0,0,0,0,1263180,2000,0,0,1263245,2000,65536,65536,0,0,0,0,
261,262,1310,578,11,14,-25,0,5,98,2,1,1,0,0,0,2048,2048,-11409,0,0,0,156,299,299,0,0,0,0,107,1848,0,0,511,1848,-49789,2048,0,0,0,0,
261,262,1310,578,11,14,-25,0,6,102,8,24,11,0,0,0,30037,30037,0,0,0,0,0,197997,175337,0,22660,13309,0,35067,0,0,0,204728,0,65536,32731,0,0,0,0,
261,262,1310,578,11,14,-25,0,7,106,20,1,1,0,0,0,65536,65536,0,0,0,0,0,0,0,0,0,0,0,0,0,0,0,0,0,0,65536,0,0,0,0,
261,262,1310,578,11,14,-25,0,8,203,20,18,18,36,36,0,65536,65536,65536,0,0,0,0,9000,9000,0,0,4500,0,7200000,0,4100040,4100040,7200000,4100040,61573,65536,3228120,3228120,871920,871920,
261,262,1310,578,11,14,-25,0,9,238,12,24,3,0,0,0,8192,8192,65536,0,0,0,150,64800,58620,0,6180,10725,0,83799,13500,0,0,166929,13500,47926,10922,0,0,0,0,
261,262,1310,578,11,14,-25,0,10,239,9,24,0,0,0,0,0,0,0,3,0,1,0,0,0,0,0,0,0,0,0,0,0,0,0,-59859,0,0,0,0,0,
261,262,1310,578,11,14,-25,0,11,242,20,1,1,2,2,0,65536,65536,2981,0,0,0,0,12500,12500,0,0,2500,0,187500,0,179340,179340,187500,179340,-5953,65536,179340,179340,0,0,
261,262,1310,578,11,14,-25,0,12,251,9,24,18,0,0,0,39938,49152,-49935,2,0,0,14625,132216,132216,0,0,8263,76785,313325,1316250,0,0,1913178,1316250,1820,51344,0,0,0,0,
262,263,1315,578,11,14,-25,0,0,30,9,1,1,0,0,0,65536,65536,65536,0,0,0,7500,9020,9020,0,0,0,0,1370910,25665,0,0,1371030,25665,65536,65536,0,0,0,0,
262,263,1315,578,11,14,-25,0,1,65,9,24,1,0,0,0,2048,2048,0,0,0,0,0,14726,14726,0,0,735,0,1178,0,0,0,5580,0,65536,2048,0,0,0,0,
262,263,1315,578,11,14,-25,0,2,69,9,24,23,0,0,0,62805,62805,0,0,0,0,0,643996,616496,0,27500,0,0,748396,0,0,0,2597240,0,65536,65535,0,0,0,0,
262,263,1315,578,11,14,-25,0,3,79,2,24,1,0,0,0,2048,2048,0,0,0,0,0,3333,3333,0,0,0,0,1599,0,0,0,7597,0,65536,2048,0,0,0,0,
262,263,1315,578,11,14,-25,0,4,90,2,1,1,0,0,0,65536,65536,65536,0,0,0,5000,14775,14775,0,0,0,0,265950,2000,0,0,1263245,2000,65536,65536,0,0,0,0,
262,263,1315,578,11,14,-25,0,5,98,2,1,1,0,0,0,2048,2048,-10623,0,0,0,156,299,299,0,0,0,0,107,1728,0,0,511,1728,-48698,2048,0,0,0,0,
262,263,1315,578,11,14,-25,0,6,102,8,24,17,0,0,0,46421,46421,0,0,0,0,0,305997,270977,0,35020,20569,0,125635,0,0,0,313798,0,65536,49133,0,0,0,0,
262,263,1315,578,11,14,-25,0,7,106,20,1,1,0,0,0,65536,65536,0,0,0,0,0,0,0,0,0,0,0,0,0,0,0,0,0,0,65536,0,0,0,0,
262,263,1315,578,11,14,-25,0,8,203,20,18,18,36,36,0,65536,65536,65536,0,0,0,0,9000,9000,0,0,4500,0,7200000,0,4100040,4100040,7200000,4100040,61573,65536,3228120,3228120,871920,871920,
262,263,1315,578,11,14,-25,0,9,238,12,24,24,0,0,0,65536,65536,65536,0,0,0,1200,518400,468960,0,49440,85800,0,396081,108000,0,0,1082280,108000,52330,65536,0,0,0,0,
262,263,1315,578,11,14,-25,0,10,239,9,24,0,0,0,0,0,0,0,3,0,1,0,0,0,0,0,0,0,0,0,0,0,0,0,-59859,0,0,0,0,0,
262,263,1315,578,11,14,-25,0,11,242,20,1,1,2,2,0,65536,65536,2981,0,0,0,0,12500,12500,0,0,2500,0,187500,0,179340,179340,187500,179340,-5953,65536,179340,179340,0,0,
262,263,1315,578,11,14,-25,0,12,251,9,24,0,0,0,0,0,0,0,3,0,1,0,0,0,0,0,0,0,0,0,0,0,0,0,-2545,0,0,0,0,0,
263,264,1320,578,11,14,-25,0,0,30,9,1,1,0,0,0,65536,65536,65536,0,0,0,7500,9020,9020,0,0,0,0,1370910,25192,0,0,1371030,25192,65536,65536,0,0,0,0,
263,264,1320,578,11,14,-25,0,1,65,9,24,1,0,0,0,2048,2048,0,0,0,0,0,14726,14726,0,0,735,0,1178,0,0,0,5580,0,65536,2048,0,0,0,0,
263,264,1320,578,11,14,-25,0,2,69,9,24,23,0,0,0,62805,62805,0,0,0,0,0,643996,616496,0,27500,0,0,955273,0,0,0,2593160,0,65536,65535,0,0,0,0,
263,264,1320,578,11,14,-25,0,3,79,2,24,1,0,0,0,2048,2048,0,0,0,0,0,3333,3333,0,0,0,0,1599,0,0,0,7597,0,65536,2048,0,0,0,0,
263,264,1320,578,11,14,-25,0,4,90,2,1,1,0,0,0,17684,17684,65536,0,0,0,1349,3986,3986,0,0,0,0,64353,539,0,0,305738,539,65536,17684,0,0,0,0,
263,264,1320,578,11,14,-25,0,5,98,2,1,1,0,0,0,2048,2048,-10741,0,0,0,156,299,299,0,0,0,0,107,1746,0,0,511,1746,-48869,2048,0,0,0,0,
263,264,1320,578,11,14,-25,0,6,102,8,24,20,0,0,0,54613,54613,0,0,0,0,0,359997,318797,0,41200,24199,0,108904,0,0,0,371425,0,65536,57334,0,0,0,0,
263,264,1320,578,11,14,-25,0,7,106,20,1,1,0,0,0,65536,65536,0,0,0,0,0,0,0,0,0,0,0,0,0,0,0,0,0,0,65536,0,0,0,0,
263,264,1320,578,11,14,-25,0,8,203,20,18,18,36,36,0,65536,65536,65536,0,0,0,0,9000,9000,0,0,4500,0,7200000,0,4100040,4100040,7200000,4100040,61573,65536,3228120,3228120,871920,871920,
263,264,1320,578,11,14,-25,0,9,238,12,24,3,0,0,0,8192,8192,65536,0,0,0,150,64800,58620,0,6180,10725,0,24382,12108,0,0,169609,12108,49499,10922,0,0,0,0,
263,264,1320,578,11,14,-25,0,10,239,9,24,0,0,0,0,0,0,0,3,0,1,0,0,0,0,0,0,0,0,0,0,0,0,0,-59206,0,0,0,0,0,
263,264,1320,578,11,14,-25,0,11,242,20,1,1,2,2,0,65536,65536,2981,0,0,0,0,12500,12500,0,0,2500,0,187500,0,179340,179340,187500,179340,-5953,65536,179340,179340,0,0,
263,264,1320,578,11,14,-25,0,12,251,9,24,0,0,0,0,0,0,0,3,1,1,0,0,0,0,0,0,0,0,0,0,0,0,0,5425,0,0,0,0,0,
264,265,1325,578,11,14,-25,0,0,30,9,1,1,0,0,0,65536,65536,65536,0,0,0,7500,9020,9020,0,0,0,0,1370910,24845,0,0,1371030,24845,65536,65536,0,0,0,0,
264,265,1325,578,11,14,-25,0,1,65,9,24,1,0,0,0,2048,2048,0,0,0,0,0,14726,14726,0,0,735,0,1178,0,0,0,5580,0,65536,2048,0,0,0,0,
264,265,1325,578,11,14,-25,0,2,69,9,24,23,0,0,0,62805,62805,0,0,0,0,0,643996,590096,0,53900,0,0,989152,0,0,0,2595200,0,65536,65535,0,0,0,0,
264,265,1325,578,11,14,-25,0,3,79,2,24,1,0,0,0,2048,2048,0,0,0,0,0,3333,3333,0,0,0,0,1599,0,0,0,7597,0,65536,2048,0,0,0,0,
264,265,1325,578,11,14,-25,0,4,90,2,1,1,0,0,0,2048,2048,65536,0,0,0,156,461,461,0,0,0,0,30978,62,0,0,31080,62,65536,2048,0,0,0,0,
264,265,1325,578,11,14,-25,0,5,98,2,1,1,0,0,0,2048,2048,-11547,0,0,0,156,299,299,0,0,0,0,107,1869,0,0,511,1869,-49966,2048,0,0,0,0,
264,265,1325,578,11,14,-25,0,6,102,8,24,18,0,0,0,49152,49152,0,0,0,0,0,324000,286920,0,37080,21780,0,57728,0,0,0,315457,0,65536,50111,0,0,0,0,
264,265,1325,578,11,14,-25,0,7,106,20,1,1,0,0,0,65536,65536,0,0,0,0,0,0,0,0,0,0,0,0,0,0,0,0,0,0,65536,0,0,0,0,
264,265,1325,578,11,14,-25,0,8,203,20,18,18,36,36,0,65536,65536,65536,0,0,0,0,9000,9000,0,0,4500,0,7200000,0,4100040,4100040,7200000,4100040,61573,65536,3228120,3228120,871920,871920,
264,265,1325,578,11,14,-25,0,9,238,12,24,3,0,0,0,8192,8192,65536,0,0,0,150,64800,58620,0,6180,10725,0,23169,10628,0,0,160790,10628,47356,10922,0,0,0,0,
264,265,1325,578,11,14,-25,0,10,239,9,24,0,0,0,0,0,0,0,3,0,1,0,0,0,0,0,0,0,0,0,0,0,0,0,-58325,0,0,0,0,0,
264,265,1325,578,11,14,-25,0,11,242,20,1,1,2,2,0,65536,65536,2981,0,0,0,0,12500,12500,0,0,2500,0,187500,0,179340,179340,187500,179340,-5953,65536,179340,179340,0,0,
264,265,1325,578,11,14,-25,0,12,251,9,24,24,0,0,0,65536,65536,-7250,0,0,0,24000,216960,216960,0,0,13560,126000,1512447,1700592,0,0,2469840,1700592,20996,65536,0,0,0,0,
265,266,1330,578,11,14,-25,0,0,30,9,1,1,0,0,0,65536,65536,65536,0,0,0,7500,9020,9020,0,0,0,0,1370910,24812,0,0,1371030,24812,65536,65536,0,0,0,0,
265,266,1330,578,11,14,-25,0,1,65,9,24,1,0,0,0,2048,2048,0,0,0,0,0,14726,14726,0,0,735,0,1178,0,0,0,5580,0,65536,2048,0,0,0,0,
265,266,1330,578,11,14,-25,0,2,69,9,24,23,0,0,0,62805,62805,0,0,0,0,0,643996,591196,0,52800,0,0,1009519,0,0,0,2598560,0,65536,65535,0,0,0,0,
265,266,1330,578,11,14,-25,0,3,79,2,24,1,0,0,0,2048,2048,0,0,0,0,0,3333,3333,0,0,0,0,1599,0,0,0,7597,0,65536,2048,0,0,0,0,
265,266,1330,578,11,14,-25,0,4,90,2,1,1,0,0,0,65536,65536,65536,0,0,0,5000,14775,14775,0,0,0,0,1025684,2000,0,0,1025735,2000,65536,65536,0,0,0,0,
265,266,1330,578,11,14,-25,0,5,98,2,1,1,0,0,0,2048,2048,-11652,0,0,0,156,299,299,0,0,0,0,107,1885,0,0,511,1885,-50101,2048,0,0,0,0,
265,266,1330,578,11,14,-25,0,6,102,8,24,16,0,0,0,43690,43690,0,0,0,0,0,287995,255035,0,32960,19359,0,51007,0,0,0,273425,0,65536,43714,0,0,0,0,
265,266,1330,578,11,14,-25,0,7,106,20,1,1,0,0,0,65536,65536,0,0,0,0,0,0,0,0,0,0,0,0,0,0,0,0,0,0,65536,0,0,0,0,
265,266,1330,578,11,14,-25,0,8,203,20,18,18,36,36,0,65536,65536,65536,0,0,0,0,9000,9000,0,0,4500,0,7200000,0,4100040,4100040,7200000,4100040,61573,65536,3228120,3228120,871920,871920,
265,266,1330,578,11,14,-25,0,9,238,12,24,3,0,0,0,8192,8192,65536,0,0,0,150,64800,58620,0,6180,10725,0,39052,10961,0,0,159370,10961,46727,10922,0,0,0,0,
265,266,1330,578,11,14,-25,0,10,239,9,24,0,0,0,0,0,0,0,3,0,1,0,0,0,0,0,0,0,0,0,0,0,0,0,-58544,0,0,0,0,0,
265,266,1330,578,11,14,-25,0,11,242,20,1,1,2,2,0,65536,65536,2981,0,0,0,0,12500,12500,0,0,2500,0,187500,0,179340,179340,187500,179340,-5953,65536,179340,179340,0,0,
265,266,1330,578,11,14,-25,0,12,251,9,24,23,0,0,0,21976,62805,-45933,0,0,0,8047,72752,72752,0,0,4547,42251,175899,588066,0,0,2435369,588066,19107,64058,0,0,0,0,
266,267,1335,578,11,14,-25,0,0,30,9,1,1,0,0,0,65536,65536,65536,0,0,0,7500,9020,9020,0,0,0,0,1370910,25077,0,0,1371030,25077,65536,65536,0,0,0,0,
266,267,1335,578,11,14,-25,0,1,65,9,24,1,0,0,0,2048,2048,0,0,0,0,0,14726,14726,0,0,735,0,1178,0,0,0,5580,0,65536,2048,0,0,0,0,
266,267,1335,578,11,14,-25,0,2,69,9,24,23,0,0,0,62805,62805,0,0,0,0,0,643996,591196,0,52800,0,0,1070677,0,0,0,2614640,0,65536,65535,0,0,0,0,
266,267,1335,578,11,14,-25,0,3,79,2,24,1,0,0,0,2048,2048,0,0,0,0,0,3333,3333,0,0,0,0,1599,0,0,0,7597,0,65536,2048,0,0,0,0,
266,267,1335,578,11,14,-25,0,4,90,2,1,1,0,0,0,65536,65536,65536,0,0,0,5000,14775,14775,0,0,0,0,1151268,2000,0,0,1151265,2000,65536,65536,0,0,0,0,
266,267,1335,578,11,14,-25,0,5,98,2,1,1,0,0,0,2048,2048,-11632,0,0,0,156,299,299,0,0,0,0,107,1882,0,0,511,1882,-50070,2048,0,0,0,0,
266,267,1335,578,11,14,-25,0,6,102,8,24,13,0,0,0,35498,35498,0,0,0,0,0,233995,207215,0,26780,15729,0,41443,0,0,0,233963,0,65536,37405,0,0,0,0,
266,267,1335,578,11,14,-25,0,7,106,20,1,1,0,0,0,65536,65536,0,0,0,0,0,0,0,0,0,0,0,0,0,0,0,0,0,0,65536,0,0,0,0,
266,267,1335,578,11,14,-25,0,8,203,20,18,18,36,36,0,65536,65536,65536,0,0,0,0,9000,9000,0,0,4500,0,7200000,0,4100040,4100040,7200000,4100040,61573,65536,3228120,3228120,871920,871920,
266,267,1335,578,11,14,-25,0,9,238,12,24,3,0,0,0,8192,8192,65536,0,0,0,150,64800,58620,0,6180,10725,0,81122,12303,0,0,162830,12303,47185,10922,0,0,0,0,
266,267,1335,578,11,14,-25,0,10,239,9,24,0,0,0,0,0,0,0,3,0,1,0,0,0,0,0,0,0,0,0,0,0,0,0,-59307,0,0,0,0,0,
266,267,1335,578,11,14,-25,0,11,242,20,1,1,2,2,0,65536,65536,2981,0,0,0,0,12500,12500,0,0,2500,0,187500,0,179340,179340,187500,179340,-5953,65536,179340,179340,0,0,
266,267,1335,578,11,14,-25,0,12,251,9,24,23,0,0,0,39938,62805,-41037,1,0,0,14625,132216,132216,0,0,8263,76785,448413,1199571,0,0,2458481,1199571,9722,64797,0,0,0,0,
267,268,1340,578,11,14,-25,0,0,30,9,1,1,0,0,0,65536,65536,65536,0,0,0,7500,9020,9020,0,0,0,0,1370910,25555,0,0,1371030,25555,65536,65536,0,0,0,0,
267,268,1340,578,11,14,-25,0,1,65,9,24,1,0,0,0,2048,2048,0,0,0,0,0,14726,14726,0,0,735,0,1178,0,0,0,5580,0,65536,2048,0,0,0,0,
267,268,1340,578,11,14,-25,0,2,69,9,24,23,0,0,0,62805,62805,0,0,0,0,0,643996,593396,0,50600,0,0,1113868,0,0,0,2636839,0,65536,65535,0,0,0,0,
267,268,1340,578,11,14,-25,0,3,79,2,24,1,0,0,0,2048,2048,0,0,0,0,0,3333,3333,0,0,0,0,1599,0,0,0,7597,0,65536,2048,0,0,0,0,
267,268,1340,578,11,14,-25,0,4,90,2,1,1,0,0,0,65536,65536,65536,0,0,0,5000,14775,14775,0,0,0,0,1263180,2000,0,0,1263245,2000,65536,65536,0,0,0,0,
267,268,1340,578,11,14,-25,0,5,98,2,1,1,0,0,0,2048,2048,-11285,0,0,0,156,299,299,0,0,0,0,107,1829,0,0,511,1829,-49623,2048,0,0,0,0,
267,268,1340,578,11,14,-25,0,6,102,8,24,12,0,0,0,32768,32768,0,0,0,0,0,216000,191280,0,24720,14520,0,38256,0,0,0,207993,0,65536,33253,0,0,0,0,
267,268,1340,578,11,14,-25,0,7,106,20,1,1,0,0,0,65536,65536,0,0,0,0,0,0,0,0,0,0,0,0,0,0,0,0,0,0,65536,0,0,0,0,
267,268,1340,578,11,14,-25,0,8,203,20,18,18,36,36,0,65536,65536,65536,0,0,0,0,9000,9000,0,0,4500,0,7200000,0,4100040,4100040,7200000,4100040,61573,65536,3228120,3228120,871920,871920,
267,268,1340,578,11,14,-25,0,9,238,12,24,3,0,0,0,8192,8192,65536,0,0,0,150,64800,58620,0,6180,10725,0,85890,13500,0,0,170129,13500,48975,10922,0,0,0,0,
267,268,1340,578,11,14,-25,0,10,239,9,24,0,0,0,0,0,0,0,3,0,1,0,0,0,0,0,0,0,0,0,0,0,0,0,-59859,0,0,0,0,0,
267,268,1340,578,11,14,-25,0,11,242,20,1,1,2,2,0,65536,65536,2981,0,0,0,0,12500,12500,0,0,2500,0,187500,0,179340,179340,187500,179340,-5953,65536,179340,179340,0,0,
267,268,1340,578,11,14,-25,0,12,251,9,24,21,0,0,0,39938,57344,-50097,2,0,0,14625,132216,132216,0,0,8263,76785,310072,1316250,0,0,2143947,1316250,1122,58140,0,0,0,0,
268,269,1345,578,11,14,-25,0,0,30,9,1,1,0,0,0,65536,65536,65536,0,0,0,7500,9020,9020,0,0,0,0,1370910,26297,0,0,1371030,26297,65536,65536,0,0,0,0,
268,269,1345,578,11,14,-25,0,1,65,9,24,1,0,0,0,2048,2048,0,0,0,0,0,14726,14726,0,0,735,0,1178,0,0,0,5580,0,65536,2048,0,0,0,0,
268,269,1345,578,11,14,-25,0,2,69,9,24,23,0,0,0,62805,62805,0,0,0,0,0,643996,616496,0,27500,0,0,1066451,0,0,0,2647639,0,65536,65535,0,0,0,0,
268,269,1345,578,11,14,-25,0,3,79,2,24,1,0,0,0,2048,2048,0,0,0,0,0,3333,3333,0,0,0,0,1599,0,0,0,7597,0,65536,2048,0,0,0,0,
268,269,1345,578,11,14,-25,0,4,90,2,1,1,0,0,0,65536,65536,65536,0,0,0,5000,14775,14775,0,0,0,0,411612,2000,0,0,1263245,2000,65536,65536,0,0,0,0,
268,269,1345,578,11,14,-25,0,5,98,2,1,1,0,0,0,2048,2048,-10669,0,0,0,156,299,299,0,0,0,0,107,1735,0,0,511,1735,-48766,2048,0,0,0,0,
268,269,1345,578,11,14,-25,0,6,102,8,24,18,0,0,0,49152,49152,0,0,0,0,0,324000,286920,0,37080,21780,0,91521,0,0,0,312209,0,65536,49394,0,0,0,0,
268,269,1345,578,11,14,-25,0,7,106,20,1,1,0,0,0,65536,65536,0,0,0,0,0,0,0,0,0,0,0,0,0,0,0,0,0,0,65536,0,0,0,0,
268,269,1345,578,11,14,-25,0,8,203,20,18,18,36,36,0,65536,65536,65536,0,0,0,0,9000,9000,0,0,4500,0,7200000,0,4100040,4100040,7200000,4100040,61573,65536,3228120,3228120,871920,871920,
268,269,1345,578,11,14,-25,0,9,238,12,24,24,0,0,0,65536,65536,65536,0,0,0,1200,518400,468960,0,49440,85800,0,401043,108000,0,0,1116840,108000,54217,65536,0,0,0,0,
268,269,1345,578,11,14,-25,0,10,239,9,24,0,0,0,0,0,0,0,3,0,1,0,0,0,0,0,0,0,0,0,0,0,0,0,-59859,0,0,0,0,0,
268,269,1345,578,11,14,-25,0,11,242,20,1,1,2,2,0,65536,65536,2981,0,0,0,0,12500,12500,0,0,2500,0,187500,0,179340,179340,187500,179340,-5953,65536,179340,179340,0,0,
268,269,1345,578,11,14,-25,0,12,251,9,24,0,0,0,0,0,0,0,3,0,1,0,0,0,0,0,0,0,0,0,0,0,0,0,-2283,0,0,0,0,0,
269,270,1350,578,11,14,-25,0,0,30,9,1,1,0,0,0,65536,65536,65536,0,0,0,7500,9020,9020,0,0,0,0,1370910,26167,0,0,1371030,26167,65536,65536,0,0,0,0,
269,270,1350,578,11,14,-25,0,1,65,9,24,1,0,0,0,2048,2048,0,0,0,0,0,14726,14726,0,0,735,0,1178,0,0,0,5580,0,65536,2048,0,0,0,0,
269,270,1350,578,11,14,-25,0,2,69,9,24,23,0,0,0,62805,62805,0,0,0,0,0,643996,616496,0,27500,0,0,1275559,0,0,0,2691318,0,65536,65535,0,0,0,0,
269,270,1350,578,11,14,-25,0,3,79,2,24,1,0,0,0,2048,2048,0,0,0,0,0,3333,3333,0,0,0,0,1599,0,0,0,7597,0,65536,2048,0,0,0,0,
269,270,1350,578,11,14,-25,0,4,90,2,1,1,0,0,0,19582,19582,65536,0,0,0,1493,4414,4414,0,0,0,0,71565,597,0,0,339991,597,65536,19582,0,0,0,0,
269,270,1350,578,11,14,-25,0,5,98,2,1,1,0,0,0,2048,2048,-10885,0,0,0,156,299,299,0,0,0,0,107,1768,0,0,511,1768,-49074,2048,0,0,0,0,
269,270,1350,578,11,14,-25,0,6,102,8,24,17,0,0,0,46421,46421,0,0,0,0,0,305997,270977,0,35020,20569,0,54574,0,0,0,302122,0,65536,47951,0,0,0,0,
269,270,1350,578,11,14,-25,0,7,106,20,1,1,0,0,0,65536,65536,0,0,0,0,0,0,0,0,0,0,0,0,0,0,0,0,0,0,65536,0,0,0,0,
269,270,1350,578,11,14,-25,0,8,203,20,18,18,36,36,0,65536,65536,65536,0,0,0,0,9000,9000,0,0,4500,0,7200000,0,4100040,4100040,7200000,4100040,61573,65536,3228120,3228120,871920,871920,
269,270,1350,578,11,14,-25,0,9,238,12,24,3,0,0,0,8192,8192,65536,0,0,0,150,64800,58620,0,6180,10725,0,25084,12160,0,0,174729,12160,51157,10922,0,0,0,0,
269,270,1350,578,11,14,-25,0,10,239,9,24,0,0,0,0,0,0,0,3,0,1,0,0,0,0,0,0,0,0,0,0,0,0,0,-59233,0,0,0,0,0,
269,270,1350,578,11,14,-25,0,11,242,20,1,1,2,2,0,65536,65536,2981,0,0,0,0,12500,12500,0,0,2500,0,187500,0,179340,179340,187500,179340,-5953,65536,179340,179340,0,0,
269,270,1350,578,11,14,-25,0,12,251,9,24,0,0,0,0,0,0,0,3,1,1,0,0,0,0,0,0,0,0,0,0,0,0,0,5997,0,0,0,0,0,
270,271,1355,578,11,14,-25,0,0,30,9,1,1,0,0,0,65536,65536,65536,0,0,0,7500,9020,9020,0,0,0,0,1370910,25990,0,0,1371030,25990,65536,65536,0,0,0,0,
270,271,1355,578,11,14,-25,0,1,65,9,24,1,0,0,0,2048,2048,0,0,0,0,0,14726,14726,0,0,735,0,1178,0,0,0,5580,0,65536,2048,0,0,0,0,
270,271,1355,578,11,14,-25,0,2,69,9,24,23,0,0,0,62805,62805,0,0,0,0,0,643996,590096,0,53900,0,0,1269114,0,0,0,2731638,0,65536,65535,0,0,0,0,
270,271,1355,578,11,14,-25,0,3,79,2,24,1,0,0,0,2048,2048,0,0,0,0,0,3333,3333,0,0,0,0,1599,0,0,0,7597,0,65536,2048,0,0,0,0,
270,271,1355,578,11,14,-25,0,4,90,2,1,1,0,0,0,2073,2073,65536,0,0,0,158,467,467,0,0,0,0,31548,63,0,0,31626,63,65536,2073,0,0,0,0,
270,271,1355,578,11,14,-25,0,5,98,2,1,1,0,0,0,2048,2048,-11789,0,0,0,156,299,299,0,0,0,0,107,1906,0,0,511,1906,-50270,2048,0,0,0,0,
270,271,1355,578,11,14,-25,0,6,102,8,24,15,0,0,0,40960,40960,0,0,0,0,0,270000,239100,0,30900,18150,0,47820,0,0,0,257613,0,65536,41186,0,0,0,0,
270,271,1355,578,11,14,-25,0,7,106,20,1,1,0,0,0,65536,65536,0,0,0,0,0,0,0,0,0,0,0,0,0,0,0,0,0,0,65536,0,0,0,0,
270,271,1355,578,11,14,-25,0,8,203,20,18,18,36,36,0,65536,65536,65536,0,0,0,0,9000,9000,0,0,4500,0,7200000,0,4100040,4100040,7200000,4100040,61573,65536,3228120,3228120,871920,871920,
270,271,1355,578,11,14,-25,0,9,238,12,24,3,0,0,0,8192,8192,65536,0,0,0,150,64800,58620,0,6180,10725,0,23420,10684,0,0,162630,10684,47933,10922,0,0,0,0,
270,271,1355,578,11,14,-25,0,10,239,9,24,0,0,0,0,0,0,0,3,0,1,0,0,0,0,0,0,0,0,0,0,0,0,0,-58363,0,0,0,0,0,
270,271,1355,578,11,14,-25,0,11,242,20,1,1,2,2,0,65536,65536,2981,0,0,0,0,12500,12500,0,0,2500,0,187500,0,179340,179340,187500,179340,-5953,65536,179340,179340,0,0,
270,271,1355,578,11,14,-25,0,12,251,9,24,24,0,0,0,65536,65536,-2292,0,0,0,24000,216960,216960,0,0,13560,126000,1649780,1709592,0,0,2519040,1709592,22257,65536,0,0,0,0,
271,272,1360,578,11,14,-25,0,0,30,9,1,1,0,0,0,65536,65536,65536,0,0,0,7500,9020,9020,0,0,0,0,1370910,26142,0,0,1371030,26142,65536,65536,0,0,0,0,
271,272,1360,578,11,14,-25,0,1,65,9,24,1,0,0,0,2048,2048,0,0,0,0,0,14726,14726,0,0,735,0,1178,0,0,0,5580,0,65536,2048,0,0,0,0,
271,272,1360,578,11,14,-25,0,2,69,9,24,23,0,0,0,62805,62805,0,0,0,0,0,643996,590096,0,53900,0,0,1238786,0,0,0,2767157,0,65536,65535,0,0,0,0,
271,272,1360,578,11,14,-25,0,3,79,2,24,1,0,0,0,2048,2048,0,0,0,0,0,3333,3333,0,0,0,0,1599,0,0,0,7597,0,65536,2048,0,0,0,0,
271,272,1360,578,11,14,-25,0,4,90,2,1,1,0,0,0,65536,65536,65536,0,0,0,5000,14775,14775,0,0,0,0,1031579,2000,0,0,1031630,2000,65536,65536,0,0,0,0,
271,272,1360,578,11,14,-25,0,5,98,2,1,1,0,0,0,2048,2048,-11947,0,0,0,156,299,299,0,0,0,0,107,1930,0,0,511,1930,-50461,2048,0,0,0,0,
271,272,1360,578,11,14,-25,0,6,102,8,24,13,0,0,0,35498,35498,0,0,0,0,0,233995,207215,0,26780,15729,0,41443,0,0,0,230567,0,65536,36862,0,0,0,0,
271,272,1360,578,11,14,-25,0,7,106,20,1,1,0,0,0,65536,65536,0,0,0,0,0,0,0,0,0,0,0,0,0,0,0,0,0,0,65536,0,0,0,0,
271,272,1360,578,11,14,-25,0,8,203,20,18,18,36,36,0,65536,65536,65536,0,0,0,0,9000,9000,0,0,4500,0,7200000,0,4100040,4100040,7200000,4100040,61573,65536,3228120,3228120,871920,871920,
271,272,1360,578,11,14,-25,0,9,238,12,24,3,0,0,0,8192,8192,65536,0,0,0,150,64800,58620,0,6180,10725,0,23010,11024,0,0,159630,11024,46779,10922,0,0,0,0,
271,272,1360,578,11,14,-25,0,10,239,9,24,0,0,0,0,0,0,0,3,0,1,0,0,0,0,0,0,0,0,0,0,0,0,0,-58584,0,0,0,0,0,
271,272,1360,578,11,14,-25,0,11,242,20,1,1,2,2,0,65536,65536,2981,0,0,0,0,12500,12500,0,0,2500,0,187500,0,179340,179340,187500,179340,-5953,65536,179340,179340,0,0,
271,272,1360,578,11,14,-25,0,12,251,9,24,24,0,0,0,23180,65536,-44512,0,0,0,8488,76738,76738,0,0,4796,44566,200128,623859,0,0,2551200,623859,20640,65536,0,0,0,0,
272,273,1365,578,11,14,-25,0,0,30,9,1,1,0,0,0,65536,65536,65536,0,0,0,7500,9020,9020,0,0,0,0,1370910,26340,0,0,1371030,26340,65536,65536,0,0,0,0,
272,273,1365,578,11,14,-25,0,1,65,9,24,1,0,0,0,2048,2048,0,0,0,0,0,14726,14726,0,0,735,0,1178,0,0,0,5580,0,65536,2048,0,0,0,0,
272,273,1365,578,11,14,-25,0,2,69,9,24,23,0,0,0,62805,62805,0,0,0,0,0,643996,590096,0,53900,0,0,1116638,0,0,0,2783357,0,65536,65535,0,0,0,0,
272,273,1365,578,11,14,-25,0,3,79,2,24,12,0,0,0,32768,32768,0,0,0,0,0,53340,53340,0,0,0,0,25946,0,0,0,125915,0,65536,33792,0,0,0,0,
272,273,1365,578,11,14,-25,0,4,90,2,1,1,0,0,0,65536,65536,65536,0,0,0,5000,14775,14775,0,0,0,0,1158360,2000,0,0,1158360,2000,65536,65536,0,0,0,0,
272,273,1365,578,11,14,-25,0,5,98,2,1,1,0,0,0,2048,2048,-11848,0,0,0,156,299,299,0,0,0,0,107,1915,0,0,511,1915,-50343,2048,0,0,0,0,
272,273,1365,578,11,14,-25,0,6,102,8,24,12,0,0,0,32768,32768,0,0,0,0,0,216000,191280,0,24720,14520,0,38256,0,0,0,212753,0,65536,34014,0,0,0,0,
272,273,1365,578,11,14,-25,0,7,106,20,1,1,0,0,0,65536,65536,0,0,0,0,0,0,0,0,0,0,0,0,0,0,0,0,0,0,65536,0,0,0,0,
272,273,1365,578,11,14,-25,0,8,203,20,18,18,36,36,0,65536,65536,65536,0,0,0,0,9000,9000,0,0,4500,0,7200000,0,4100040,4100040,7200000,4100040,61573,65536,3228120,3228120,871920,871920,
272,273,1365,578,11,14,-25,0,9,238,12,24,3,0,0,0,8192,8192,65536,0,0,0,150,64800,58620,0,6180,10725,0,80119,12379,0,0,161290,12379,46641,10922,0,0,0,0,
272,273,1365,578,11,14,-25,0,10,239,9,24,0,0,0,0,0,0,0,3,0,1,0,0,0,0,0,0,0,0,0,0,0,0,0,-59345,0,0,0,0,0,
272,273,1365,578,11,14,-25,0,11,242,20,1,1,2,2,0,65536,65536,2981,0,0,0,0,12500,12500,0,0,2500,0,187500,0,179340,179340,187500,179340,-5953,65536,179340,179340,0,0,
272,273,1365,578,11,14,-25,0,12,251,9,24,24,0,0,0,39938,65536,-44756,1,0,0,14625,132216,132216,0,0,8263,76785,382686,1206957,0,0,2531040,1206957,10601,65536,0,0,0,0,
273,274,1370,578,11,14,-25,0,0,30,9,1,1,0,0,0,65536,65536,65536,0,0,0,7500,9020,9020,0,0,0,0,1370910,26732,0,0,1371030,26732,65536,65536,0,0,0,0,
273,274,1370,578,11,14,-25,0,1,65,9,24,1,0,0,0,2048,2048,0,0,0,0,0,14726,14726,0,0,735,0,1178,0,0,0,5580,0,65536,2048,0,0,0,0,
273,274,1370,578,11,14,-25,0,2,69,9,24,23,0,0,0,62805,62805,0,0,0,0,0,643996,591196,0,52800,0,0,1122876,0,0,0,2797397,0,65536,65535,0,0,0,0,
273,274,1370,578,11,14,-25,0,3,79,2,24,7,0,0,0,19114,19114,0,0,0,0,0,31113,31113,0,0,0,0,14934,0,0,0,74977,0,65536,20211,0,0,0,0,
273,274,1370,578,11,14,-25,0,4,90,2,1,1,0,0,0,65536,65536,65536,0,0,0,5000,14775,14775,0,0,0,0,1263180,2000,0,0,1263245,2000,65536,65536,0,0,0,0,
273,274,1370,578,11,14,-25,0,5,98,2,1,1,0,0,0,2048,2048,-11698,0,0,0,156,299,299,0,0,0,0,107,1892,0,0,511,1892,-50157,2048,0,0,0,0,
273,274,1370,578,11,14,-25,0,6,102,8,24,18,0,0,0,49152,49152,0,0,0,0,0,324000,286920,0,37080,21780,0,105184,0,0,0,315893,0,65536,49775,0,0,0,0,
273,274,1370,578,11,14,-25,0,7,106,20,1,1,0,0,0,65536,65536,0,0,0,0,0,0,0,0,0,0,0,0,0,0,0,0,0,0,65536,0,0,0,0,
273,274,1370,578,11,14,-25,0,8,203,20,18,18,36,36,0,65536,65536,65536,0,0,0,0,9000,9000,0,0,4500,0,7200000,0,4100040,4100040,7200000,4100040,61573,65536,3228120,3228120,871920,871920,
273,274,1370,578,11,14,-25,0,9,238,12,24,3,0,0,0,8192,8192,65536,0,0,0,150,64800,58620,0,6180,10725,0,84593,13500,0,0,168149,13500,48326,10922,0,0,0,0,
273,274,1370,578,11,14,-25,0,10,239,9,24,0,0,0,0,0,0,0,3,0,1,0,0,0,0,0,0,0,0,0,0,0,0,0,-59859,0,0,0,0,0,
273,274,1370,578,11,14,-25,0,11,242,20,1,1,2,2,0,65536,65536,2981,0,0,0,0,12500,12500,0,0,2500,0,187500,0,179340,179340,187500,179340,-5953,65536,179340,179340,0,0,
273,274,1370,578,11,14,-25,0,12,251,9,24,23,0,0,0,39938,62805,-49561,2,0,0,14625,132216,132216,0,0,8263,76785,320835,1316250,0,0,2433675,1316250,3438,63780,0,0,0,0,
274,275,1375,578,11,14,-25,0,0,30,9,1,1,0,0,0,65536,65536,65536,0,0,0,7500,9020,9020,0,0,0,0,1370910,27690,0,0,1371030,27690,65536,65536,0,0,0,0,
274,275,1375,578,11,14,-25,0,1,65,9,24,1,0,0,0,2048,2048,0,0,0,0,0,14726,14726,0,0,735,0,1178,0,0,0,5580,0,65536,2048,0,0,0,0,
274,275,1375,578,11,14,-25,0,2,69,9,24,23,0,0,0,62805,62805,0,0,0,0,0,643996,616496,0,27500,0,0,1305103,0,0,0,2836396,0,65536,65535,0,0,0,0,
274,275,1375,578,11,14,-25,0,3,79,2,24,4,0,0,0,10922,10922,0,0,0,0,0,17778,17778,0,0,0,0,8533,0,0,0,42543,0,65536,11468,0,0,0,0,
274,275,1375,578,11,14,-25,0,4,90,2,1,1,0,0,0,65536,65536,65536,0,0,0,5000,14775,14775,0,0,0,0,519273,2000,0,0,1263245,2000,65536,65536,0,0,0,0,
274,275,1375,578,11,14,-25,0,5,98,2,1,1,0,0,0,2048,2048,-11357,0,0,0,156,299,299,0,0,0,0,107,1840,0,0,511,1840,-49720,2048,0,0,0,0,
274,275,1375,578,11,14,-25,0,6,102,8,24,21,0,0,0,57344,57344,0,0,0,0,0,378000,334740,0,43260,25410,0,161693,0,0,0,375088,0,65536,57655,0,0,0,0,
274,275,1375,578,11,14,-25,0,7,106,20,1,1,0,0,0,65536,65536,0,0,0,0,0,0,0,0,0,0,0,0,0,0,0,0,0,0,65536,0,0,0,0,
274,275,1375,578,11,14,-25,0,8,203,20,18,18,36,36,0,65536,65536,65536,0,0,0,0,9000,9000,0,0,4500,0,7200000,0,4100040,4100040,7200000,4100040,61573,65536,3228120,3228120,871920,871920,
274,275,1375,578,11,14,-25,0,9,238,12,24,24,0,0,0,65536,65536,65536,0,0,0,1200,518400,468960,0,49440,85800,0,434127,108000,0,0,1104120,108000,53523,65536,0,0,0,0,
274,275,1375,578,11,14,-25,0,10,239,9,24,0,0,0,0,0,0,0,3,0,1,0,0,0,0,0,0,0,0,0,0,0,0,0,-59859,0,0,0,0,0,
274,275,1375,578,11,14,-25,0,11,242,20,1,1,2,2,0,65536,65536,2981,0,0,0,0,12500,12500,0,0,2500,0,187500,0,179340,179340,187500,179340,-5953,65536,179340,179340,0,0,
274,275,1375,578,11,14,-25,0,12,251,9,24,0,0,0,0,0,0,0,3,0,1,0,0,0,0,0,0,0,0,0,0,0,0,0,1535,0,0,0,0,0,
275,276,1380,578,11,14,-25,0,0,30,9,1,1,0,0,0,65536,65536,65536,0,0,0,7500,9020,9020,0,0,0,0,1370910,27785,0,0,1371030,27785,65536,65536,0,0,0,0,
275,276,1380,578,11,14,-25,0,1,65,9,24,1,0,0,0,2048,2048,0,0,0,0,0,14726,14726,0,0,735,0,1178,0,0,0,5580,0,65536,2048,0,0,0,0,
275,276,1380,578,11,14,-25,0,2,69,9,24,23,0,0,0,62805,62805,0,0,0,0,0,643996,616496,0,27500,0,0,1520898,0,0,0,2906355,0,65536,65535,0,0,0,0,
275,276,1380,578,11,14,-25,0,3,79,2,24,2,0,0,0,5461,5461,0,0,0,0,0,8889,8889,0,0,0,0,4266,0,0,0,23831,0,65536,6424,0,0,0,0,
275,276,1380,578,11,14,-25,0,4,90,2,1,1,0,0,0,21026,21026,65536,0,0,0,1604,4740,4740,0,0,0,0,77053,641,0,0,366020,641,65536,21026,0,0,0,0,
275,276,1380,578,11,14,-25,0,5,98,2,1,1,0,0,0,2048,2048,-11737,0,0,0,156,299,299,0,0,0,0,107,1898,0,0,511,1898,-50206,2048,0,0,0,0,
275,276,1380,578,11,14,-25,0,6,102,8,24,22,0,0,0,60074,60074,0,0,0,0,0,395995,350675,0,45320,26619,0,74733,0,0,0,400720,0,65536,61595,0,0,0,0,
275,276,1380,578,11,14,-25,0,7,106,20,1,1,0,0,0,65536,65536,0,0,0,0,0,0,0,0,0,0,0,0,0,0,0,0,0,0,65536,0,0,0,0,
275,276,1380,578,11,14,-25,0,8,203,20,18,18,36,36,0,65536,65536,65536,0,0,0,0,9000,9000,0,0,4500,0,7200000,0,4100040,4100040,7200000,4100040,61573,65536,3228120,3228120,871920,871920,
275,276,1380,578,11,14,-25,0,9,238,12,24,3,0,0,0,8192,8192,65536,0,0,0,150,64800,58620,0,6180,10725,0,24858,12192,0,0,173069,12192,50600,10922,0,0,0,0,
275,276,1380,578,11,14,-25,0,10,239,9,24,0,0,0,0,0,0,0,3,0,1,0,0,0,0,0,0,0,0,0,0,0,0,0,-59250,0,0,0,0,0,
275,276,1380,578,11,14,-25,0,11,242,20,1,1,2,2,0,65536,65536,2981,0,0,0,0,12500,12500,0,0,2500,0,187500,0,179340,179340,187500,179340,-5953,65536,179340,179340,0,0,
275,276,1380,578,11,14,-25,0,12,251,9,24,0,0,0,0,0,0,0,3,1,1,0,0,0,0,0,0,0,0,0,0,0,0,0,11083,0,0,0,0,0,
276,277,1385,578,11,14,-25,0,0,30,9,1,1,0,0,0,65536,65536,65536,0,0,0,7500,9020,9020,0,0,0,0,1370910,28007,0,0,1371030,28007,65536,65536,0,0,0,0,
276,277,1385,578,11,14,-25,0,1,65,9,24,1,0,0,0,2048,2048,0,0,0,0,0,14726,14726,0,0,735,0,1178,0,0,0,5580,0,65536,2048,0,0,0,0,
276,277,1385,578,11,14,-25,0,2,69,9,24,23,0,0,0,62805,62805,0,0,0,0,0,643996,590096,0,53900,0,0,1561279,0,0,0,2979554,0,65536,65535,0,0,0,0,
276,277,1385,578,11,14,-25,0,3,79,2,24,1,0,0,0,2730,2730,0,0,0,0,0,4443,4443,0,0,0,0,2132,0,0,0,13039,0,65536,3515,0,0,0,0,
276,277,1385,578,11,14,-25,0,4,90,2,1,1,0,0,0,2354,2354,65536,0,0,0,179,530,530,0,0,0,0,35927,71,0,0,36029,71,65536,2354,0,0,0,0,
276,277,1385,578,11,14,-25,0,5,98,2,1,1,0,0,0,2048,2048,-12923,0,0,0,156,299,299,0,0,0,0,107,2079,0,0,511,2079,-51538,2048,0,0,0,0,
276,277,1385,578,11,14,-25,0,6,102,8,24,18,0,0,0,49152,49152,0,0,0,0,0,324000,286920,0,37080,21780,0,57384,0,0,0,311267,0,65536,49764,0,0,0,0,
276,277,1385,578,11,14,-25,0,7,106,20,1,1,0,0,0,65536,65536,0,0,0,0,0,0,0,0,0,0,0,0,0,0,0,0,0,0,65536,0,0,0,0,
276,277,1385,578,11,14,-25,0,8,203,20,18,18,36,36,0,65536,65536,65536,0,0,0,0,9000,9000,0,0,4500,0,7200000,0,4100040,4100040,7200000,4100040,61573,65536,3228120,3228120,871920,871920,
276,277,1385,578,11,14,-25,0,9,238,12,24,3,0,0,0,8192,8192,65536,0,0,0,150,64800,58620,0,6180,10725,0,23679,10719,0,0,164489,10719,48522,10922,0,0,0,0,
276,277,1385,578,11,14,-25,0,10,239,9,24,0,0,0,0,0,0,0,3,0,1,0,0,0,0,0,0,0,0,0,0,0,0,0,-58386,0,0,0,0,0,
276,277,1385,578,11,14,-25,0,11,242,20,1,1,2,2,0,65536,65536,2981,0,0,0,0,12500,12500,0,0,2500,0,187500,0,179340,179340,187500,179340,-5953,65536,179340,179340,0,0,
276,277,1385,578,11,14,-25,0,12,251,9,24,24,0,0,0,65536,65536,-354,0,0,0,24000,216960,216960,0,0,13560,126000,1705856,1715136,0,0,2747280,1715136,29902,65536,0,0,0,0,
277,278,1390,578,11,14,-25,0,0,30,9,1,1,0,0,0,65536,65536,65536,0,0,0,7500,9020,9020,0,0,0,0,1370910,28515,0,0,1371030,28515,65536,65536,0,0,0,0,
277,278,1390,578,11,14,-25,0,1,65,9,24,1,0,0,0,2048,2048,0,0,0,0,0,14726,14726,0,0,735,0,1178,0,0,0,5580,0,65536,2048,0,0,0,0,
277,278,1390,578,11,14,-25,0,2,69,9,24,23,0,0,0,62805,62805,0,0,0,0,0,643996,590096,0,53900,0,0,1558171,0,0,0,3050833,0,65536,65535,0,0,0,0,
277,278,1390,578,11,14,-25,0,3,79,2,24,1,0,0,0,2048,2048,0,0,0,0,0,3333,3333,0,0,0,0,1599,0,0,0,7597,0,65536,2048,0,0,0,0,
277,278,1390,578,11,14,-25,0,4,90,2,1,1,0,0,0,65536,65536,65536,0,0,0,5000,14775,14775,0,0,0,0,1035154,2000,0,0,1035210,2000,65536,65536,0,0,0,0,
277,278,1390,578,11,14,-25,0,5,98,2,1,1,0,0,0,2048,2048,-13113,0,0,0,156,299,299,0,0,0,0,107,2108,0,0,511,2108,-51729,2048,0,0,0,0,
277,278,1390,578,11,14,-25,0,6,102,8,24,15,0,0,0,40960,40960,0,0,0,0,0,270000,239100,0,30900,18150,0,47820,0,0,0,256744,0,65536,41047,0,0,0,0,
277,278,1390,578,11,14,-25,0,7,106,20,1,1,0,0,0,65536,65536,0,0,0,0,0,0,0,0,0,0,0,0,0,0,0,0,0,0,65536,0,0,0,0,
277,278,1390,578,11,14,-25,0,8,203,20,18,18,36,36,0,65536,65536,65536,0,0,0,0,9000,9000,0,0,4500,0,7200000,0,4100040,4100040,7200000,4100040,61573,65536,3228120,3228120,871920,871920,
277,278,1390,578,11,14,-25,0,9,238,12,24,3,0,0,0,8192,8192,65536,0,0,0,150,64800,58620,0,6180,10725,0,45345,11062,0,0,163210,11062,47933,10922,0,0,0,0,
277,278,1390,578,11,14,-25,0,10,239,9,24,0,0,0,0,0,0,0,3,0,1,0,0,0,0,0,0,0,0,0,0,0,0,0,-58608,0,0,0,0,0,
277,278,1390,578,11,14,-25,0,11,242,20,1,1,2,2,0,65536,65536,2981,0,0,0,0,12500,12500,0,0,2500,0,187500,0,179340,179340,187500,179340,-5953,65536,179340,179340,0,0,
277,278,1390,578,11,14,-25,0,12,251,9,24,24,0,0,0,24111,65536,-39831,0,0,0,8829,79820,79820,0,0,4988,46355,255396,651165,0,0,2785320,651165,28217,65536,0,0,0,0,
278,279,1395,578,11,14,-25,0,0,30,9,1,1,0,0,0,65536,65536,65536,0,0,0,7500,9020,9020,0,0,0,0,1370910,29245,0,0,1371030,29245,65536,65536,0,0,0,0,
278,279,1395,578,11,14,-25,0,1,65,9,24,1,0,0,0,2048,2048,0,0,0,0,0,14726,14726,0,0,735,0,1178,0,0,0,5580,0,65536,2048,0,0,0,0,
278,279,1395,578,11,14,-25,0,2,69,9,24,23,0,0,0,62805,62805,0,0,0,0,0,643996,590096,0,53900,0,0,1585213,0,0,0,3124752,0,65536,65535,0,0,0,0,
278,279,1395,578,11,14,-25,0,3,79,2,24,1,0,0,0,2048,2048,0,0,0,0,0,3333,3333,0,0,0,0,1599,0,0,0,7597,0,65536,2048,0,0,0,0,
278,279,1395,578,11,14,-25,0,4,90,2,1,1,0,0,0,65536,65536,65536,0,0,0,5000,14775,14775,0,0,0,0,1162537,2000,0,0,1162600,2000,65536,65536,0,0,0,0,
278,279,1395,578,11,14,-25,0,5,98,2,1,1,0,0,0,2048,2048,-13022,0,0,0,156,299,299,0,0,0,0,107,2094,0,0,511,2094,-51636,2048,0,0,0,0,
278,279,1395,578,11,14,-25,0,6,102,8,24,12,0,0,0,32768,32768,0,0,0,0,0,216000,191280,0,24720,14520,0,38256,0,0,0,213247,0,65536,34093,0,0,0,0,
278,279,1395,578,11,14,-25,0,7,106,20,1,1,0,0,0,65536,65536,0,0,0,0,0,0,0,0,0,0,0,0,0,0,0,0,0,0,65536,0,0,0,0,
278,279,1395,578,11,14,-25,0,8,203,20,18,18,36,36,0,65536,65536,65536,0,0,0,0,9000,9000,0,0,4500,0,7200000,0,4100040,4100040,7200000,4100040,61573,65536,3228120,3228120,871920,871920,
278,279,1395,578,11,14,-25,0,9,238,12,24,3,0,0,0,8192,8192,65536,0,0,0,150,64800,58620,0,6180,10725,0,83841,12424,0,0,166989,12424,48483,10922,0,0,0,0,
278,279,1395,578,11,14,-25,0,10,239,9,24,0,0,0,0,0,0,0,3,0,1,0,0,0,0,0,0,0,0,0,0,0,0,0,-59367,0,0,0,0,0,
278,279,1395,578,11,14,-25,0,11,242,20,1,1,2,2,0,65536,65536,2981,0,0,0,0,12500,12500,0,0,2500,0,187500,0,179340,179340,187500,179340,-5953,65536,179340,179340,0,0,
278,279,1395,578,11,14,-25,0,12,251,9,24,24,0,0,0,39938,65536,-39628,1,0,0,14625,132216,132216,0,0,8263,76785,478879,1211374,0,0,2766600,1211374,17386,65536,0,0,0,0,
279,280,1400,578,11,14,-25,0,0,30,9,1,1,0,0,0,65536,65536,65536,0,0,0,7500,9020,9020,0,0,0,0,1370910,30115,0,0,1371030,30115,65536,65536,0,0,0,0,
279,280,1400,578,11,14,-25,0,1,65,9,24,1,0,0,0,2048,2048,0,0,0,0,0,14726,14726,0,0,735,0,1178,0,0,0,5580,0,65536,2048,0,0,0,0,
279,280,1400,578,11,14,-25,0,2,69,9,24,23,0,0,0,62805,62805,0,0,0,0,0,643996,593396,0,50600,0,0,1584248,0,0,0,3193871,0,65536,65535,0,0,0,0,
279,280,1400,578,11,14,-25,0,3,79,2,24,1,0,0,0,2048,2048,0,0,0,0,0,3333,3333,0,0,0,0,1599,0,0,0,7597,0,65536,2048,0,0,0,0,
279,280,1400,578,11,14,-25,0,4,90,2,1,1,0,0,0,65536,65536,65536,0,0,0,5000,14775,14775,0,0,0,0,1263180,2000,0,0,1263245,2000,65536,65536,0,0,0,0,
279,280,1400,578,11,14,-25,0,5,98,2,1,1,0,0,0,2048,2048,-12609,0,0,0,156,299,299,0,0,0,0,107,2031,0,0,511,2031,-51209,2048,0,0,0,0,
279,280,1400,578,11,14,-25,0,6,102,8,24,10,0,0,0,27306,27306,0,0,0,0,0,179995,159395,0,20600,12099,0,31879,0,0,0,187821,0,65536,30028,0,0,0,0,
279,280,1400,578,11,14,-25,0,7,106,20,1,1,0,0,0,65536,65536,0,0,0,0,0,0,0,0,0,0,0,0,0,0,0,0,0,0,65536,0,0,0,0,
279,280,1400,578,11,14,-25,0,8,203,20,18,18,36,36,0,65536,65536,65536,0,0,0,0,9000,9000,0,0,4500,0,7200000,0,4100040,4100040,7200000,4100040,61573,65536,3228120,3228120,871920,871920,
279,280,1400,578,11,14,-25,0,9,238,12,24,3,0,0,0,8192,8192,65536,0,0,0,150,64800,58620,0,6180,10725,0,89026,13500,0,0,174929,13500,50547,10922,0,0,0,0,
279,280,1400,578,11,14,-25,0,10,239,9,24,0,0,0,0,0,0,0,3,0,1,0,0,0,0,0,0,0,0,0,0,0,0,0,-59859,0,0,0,0,0,
279,280,1400,578,11,14,-25,0,11,242,20,1,1,2,2,0,65536,65536,2981,0,0,0,0,12500,12500,0,0,2500,0,187500,0,179340,179340,187500,179340,-5953,65536,179340,179340,0,0,
279,280,1400,578,11,14,-25,0,12,251,9,24,21,0,0,0,39938,57344,-48388,2,0,0,14625,132216,132216,0,0,8263,76785,344396,1316250,0,0,2429898,1316250,8499,59328,0,0,0,0,
280,281,1405,578,11,14,-25,0,0,30,9,1,1,0,0,0,65536,65536,65536,0,0,0,7500,9020,9020,0,0,0,0,1370910,31330,0,0,1371030,31330,65536,65536,0,0,0,0,
280,281,1405,578,11,14,-25,0,1,65,9,24,1,0,0,0,2048,2048,0,0,0,0,0,14726,14726,0,0,735,0,1178,0,0,0,5580,0,65536,2048,0,0,0,0,
280,281,1405,578,11,14,-25,0,2,69,9,24,23,0,0,0,62805,62805,0,0,0,0,0,643996,616496,0,27500,0,0,1580316,0,0,0,3255070,0,65536,65535,0,0,0,0,
280,281,1405,578,11,14,-25,0,3,79,2,24,1,0,0,0,2048,2048,0,0,0,0,0,3333,3333,0,0,0,0,1599,0,0,0,7597,0,65536,2048,0,0,0,0,
280,281,1405,578,11,14,-25,0,4,90,2,1,1,0,0,0,65536,65536,65536,0,0,0,5000,14775,14775,0,0,0,0,434225,2000,0,0,1263245,2000,65536,65536,0,0,0,0,
280,281,1405,578,11,14,-25,0,5,98,2,1,1,0,0,0,2048,2048,-11888,0,0,0,156,299,299,0,0,0,0,107,1921,0,0,511,1921,-50388,2048,0,0,0,0,
280,281,1405,578,11,14,-25,0,6,102,8,24,17,0,0,0,46421,46421,0,0,0,0,0,305997,270977,0,35020,20569,0,121171,0,0,0,304820,0,65536,47782,0,0,0,0,
280,281,1405,578,11,14,-25,0,7,106,20,1,1,0,0,0,65536,65536,0,0,0,0,0,0,0,0,0,0,0,0,0,0,0,0,0,0,65536,0,0,0,0,
280,281,1405,578,11,14,-25,0,8,203,20,18,18,36,36,0,65536,65536,65536,0,0,0,0,9000,9000,0,0,4500,0,7200000,0,4100040,4100040,7200000,4100040,61573,65536,3228120,3228120,871920,871920,
280,281,1405,578,11,14,-25,0,9,238,12,24,24,0,0,0,65536,65536,65536,0,0,0,1200,518400,468960,0,49440,85800,0,416869,108000,0,0,1156800,108000,56400,65536,0,0,0,0,
280,281,1405,578,11,14,-25,0,10,239,9,24,0,0,0,0,0,0,0,3,0,1,0,0,0,0,0,0,0,0,0,0,0,0,0,-59859,0,0,0,0,0,
280,281,1405,578,11,14,-25,0,11,242,20,1,1,2,2,0,65536,65536,2981,0,0,0,0,12500,12500,0,0,2500,0,187500,0,179340,179340,187500,179340,-5953,65536,179340,179340,0,0,
280,281,1405,578,11,14,-25,0,12,251,9,24,0,0,0,0,0,0,0,3,0,1,0,0,0,0,0,0,0,0,0,0,0,0,0,4491,0,0,0,0,0,
281,282,1410,578,11,14,-25,0,0,30,9,1,1,0,0,0,65536,65536,65536,0,0,0,7500,9020,9020,0,0,0,0,1370910,31382,0,0,1371030,31382,65536,65536,0,0,0,0,
281,282,1410,578,11,14,-25,0,1,65,9,24,1,0,0,0,2048,2048,0,0,0,0,0,14726,14726,0,0,735,0,1178,0,0,0,5580,0,65536,2048,0,0,0,0,
281,282,1410,578,11,14,-25,0,2,69,9,24,23,0,0,0,62805,62805,0,0,0,0,0,643996,616496,0,27500,0,0,1682412,0,0,0,3325629,0,65536,65535,0,0,0,0,
281,282,1410,578,11,14,-25,0,3,79,2,24,1,0,0,0,2048,2048,0,0,0,0,0,3333,3333,0,0,0,0,1599,0,0,0,7597,0,65536,2048,0,0,0,0,
281,282,1410,578,11,14,-25,0,4,90,2,1,1,0,0,0,19933,19933,65536,0,0,0,1520,4493,4493,0,0,0,0,72889,608,0,0,346292,608,65536,19933,0,0,0,0,
281,282,1410,578,11,14,-25,0,5,98,2,1,1,0,0,0,2048,2048,-12071,0,0,0,156,299,299,0,0,0,0,107,1949,0,0,511,1949,-50606,2048,0,0,0,0,
281,282,1410,578,11,14,-25,0,6,102,8,24,20,0,0,0,54613,54613,0,0,0,0,0,359997,318797,0,41200,24199,0,102797,0,0,0,366014,0,65536,56659,0,0,0,0,
281,282,1410,578,11,14,-25,0,7,106,20,1,1,0,0,0,65536,65536,0,0,0,0,0,0,0,0,0,0,0,0,0,0,0,0,0,0,65536,0,0,0,0,
281,282,1410,578,11,14,-25,0,8,203,20,18,18,36,36,0,65536,65536,65536,0,0,0,0,9000,9000,0,0,4500,0,7200000,0,4100040,4100040,7200000,4100040,61573,65536,3228120,3228120,871920,871920,
281,282,1410,578,11,14,-25,0,9,238,12,24,3,0,0,0,8192,8192,65536,0,0,0,150,64800,58620,0,6180,10725,0,25904,12167,0,0,180688,12167,53103,10922,0,0,0,0,
281,282,1410,578,11,14,-25,0,10,239,9,24,0,0,0,0,0,0,0,3,0,1,0,0,0,0,0,0,0,0,0,0,0,0,0,-59237,0,0,0,0,0,
281,282,1410,578,11,14,-25,0,11,242,20,1,1,2,2,0,65536,65536,2981,0,0,0,0,12500,12500,0,0,2500,0,187500,0,179340,179340,187500,179340,-5953,65536,179340,179340,0,0,
281,282,1410,578,11,14,-25,0,12,251,9,24,0,0,0,0,0,0,0,3,1,1,0,0,0,0,0,0,0,0,0,0,0,0,0,13298,0,0,0,0,0,
282,283,1415,578,11,14,-25,0,0,30,9,1,1,0,0,0,65536,65536,65536,0,0,0,7500,9020,9020,0,0,0,0,1370910,31305,0,0,1371030,31305,65536,65536,0,0,0,0,
282,283,1415,578,11,14,-25,0,1,65,9,24,1,0,0,0,2048,2048,0,0,0,0,0,14726,14726,0,0,735,0,1178,0,0,0,5580,0,65536,2048,0,0,0,0,
282,283,1415,578,11,14,-25,0,2,69,9,24,23,0,0,0,62805,62805,0,0,0,0,0,643996,590096,0,53900,0,0,1583541,0,0,0,3378068,0,65536,65535,0,0,0,0,
282,283,1415,578,11,14,-25,0,3,79,2,24,1,0,0,0,2048,2048,0,0,0,0,0,3333,3333,0,0,0,0,1599,0,0,0,7597,0,65536,2048,0,0,0,0,
282,283,1415,578,11,14,-25,0,4,90,2,1,1,0,0,0,2141,2141,65536,0,0,0,163,482,482,0,0,0,0,32585,65,0,0,32685,65,65536,2141,0,0,0,0,
282,283,1415,578,11,14,-25,0,5,98,2,1,1,0,0,0,2048,2048,-13028,0,0,0,156,299,299,0,0,0,0,107,2095,0,0,511,2095,-51645,2048,0,0,0,0,
282,283,1415,578,11,14,-25,0,6,102,8,24,18,0,0,0,49152,49152,0,0,0,0,0,324000,286920,0,37080,21780,0,57613,0,0,0,311589,0,65536,49612,0,0,0,0,
282,283,1415,578,11,14,-25,0,7,106,20,1,1,0,0,0,65536,65536,0,0,0,0,0,0,0,0,0,0,0,0,0,0,0,0,0,0,65536,0,0,0,0,
282,283,1415,578,11,14,-25,0,8,203,20,18,18,36,36,0,65536,65536,65536,0,0,0,0,9000,9000,0,0,4500,0,7200000,0,4100040,4100040,7200000,4100040,61573,65536,3228120,3228120,871920,871920,
282,283,1415,578,11,14,-25,0,9,238,12,24,3,0,0,0,8192,8192,65536,0,0,0,150,64800,58620,0,6180,10725,0,24273,10692,0,0,168849,10692,49971,10922,0,0,0,0,
282,283,1415,578,11,14,-25,0,10,239,9,24,0,0,0,0,0,0,0,3,0,1,0,0,0,0,0,0,0,0,0,0,0,0,0,-58368,0,0,0,0,0,
282,283,1415,578,11,14,-25,0,11,242,20,1,1,2,2,0,65536,65536,2981,0,0,0,0,12500,12500,0,0,2500,0,187500,0,179340,179340,187500,179340,-5953,65536,179340,179340,0,0,
282,283,1415,578,11,14,-25,0,12,251,9,24,24,0,0,0,65536,65536,1369,0,0,0,24000,216960,216960,0,0,13560,126000,1746517,1710768,0,0,2768520,1710768,30885,65536,0,0,0,0,
283,284,1420,578,11,14,-25,0,0,30,9,1,1,0,0,0,65536,65536,65536,0,0,0,7500,9020,9020,0,0,0,0,1370910,31427,0,0,1371030,31427,65536,65536,0,0,0,0,
283,284,1420,578,11,14,-25,0,1,65,9,24,1,0,0,0,2048,2048,0,0,0,0,0,14726,14726,0,0,735,0,1178,0,0,0,5580,0,65536,2048,0,0,0,0,
283,284,1420,578,11,14,-25,0,2,69,9,24,23,0,0,0,62805,62805,0,0,0,0,0,643996,591196,0,52800,0,0,1441376,0,0,0,3408307,0,65536,65535,0,0,0,0,
283,284,1420,578,11,14,-25,0,3,79,2,24,1,0,0,0,2048,2048,0,0,0,0,0,3333,3333,0,0,0,0,1599,0,0,0,7597,0,65536,2048,0,0,0,0,
283,284,1420,578,11,14,-25,0,4,90,2,1,1,0,0,0,65536,65536,65536,0,0,0,5000,14775,14775,0,0,0,0,1032288,2000,0,0,1032340,2000,65536,65536,0,0,0,0,
283,284,1420,578,11,14,-25,0,5,98,2,1,1,0,0,0,2048,2048,-13159,0,0,0,156,299,299,0,0,0,0,107,2115,0,0,511,2115,-51780,2048,0,0,0,0,
283,284,1420,578,11,14,-25,0,6,102,8,24,16,0,0,0,43690,43690,0,0,0,0,0,287995,255035,0,32960,19359,0,51007,0,0,0,277660,0,65536,44391,0,0,0,0,
283,284,1420,578,11,14,-25,0,7,106,20,1,1,0,0,0,65536,65536,0,0,0,0,0,0,0,0,0,0,0,0,0,0,0,0,0,0,65536,0,0,0,0,
283,284,1420,578,11,14,-25,0,8,203,20,18,18,36,36,0,65536,65536,65536,0,0,0,0,9000,9000,0,0,4500,0,7200000,0,4100040,4100040,7200000,4100040,61573,65536,3228120,3228120,871920,871920,
283,284,1420,578,11,14,-25,0,9,238,12,24,3,0,0,0,8192,8192,65536,0,0,0,150,64800,58620,0,6180,10725,0,23897,11032,0,0,166089,11032,48889,10922,0,0,0,0,
283,284,1420,578,11,14,-25,0,10,239,9,24,0,0,0,0,0,0,0,3,0,1,0,0,0,0,0,0,0,0,0,0,0,0,0,-58589,0,0,0,0,0,
283,284,1420,578,11,14,-25,0,11,242,20,1,1,2,2,0,65536,65536,2981,0,0,0,0,12500,12500,0,0,2500,0,187500,0,179340,179340,187500,179340,-5953,65536,179340,179340,0,0,
283,284,1420,578,11,14,-25,0,12,251,9,24,23,0,0,0,23311,62805,-43682,0,0,0,8536,77172,77172,0,0,4823,44817,209352,627814,0,0,2764167,627814,28828,64801,0,0,0,0,
284,285,1425,578,11,14,-25,0,0,30,9,1,1,0,0,0,65536,65536,65536,0,0,0,7500,9020,9020,0,0,0,0,1370910,31617,0,0,1371030,31617,65536,65536,0,0,0,0,
284,285,1425,578,11,14,-25,0,1,65,9,24,1,0,0,0,2048,2048,0,0,0,0,0,14726,14726,0,0,735,0,1178,0,0,0,5580,0,65536,2048,0,0,0,0,
284,285,1425,578,11,14,-25,0,2,69,9,24,23,0,0,0,62805,62805,0,0,0,0,0,643996,591196,0,52800,0,0,1340518,0,0,0,3418987,0,65536,65535,0,0,0,0,
284,285,1425,578,11,14,-25,0,3,79,2,24,1,0,0,0,2048,2048,0,0,0,0,0,3333,3333,0,0,0,0,1599,0,0,0,7597,0,65536,2048,0,0,0,0,
284,285,1425,578,11,14,-25,0,4,90,2,1,1,0,0,0,65536,65536,65536,0,0,0,5000,14775,14775,0,0,0,0,1159154,2000,0,0,1159215,2000,65536,65536,0,0,0,0,
284,285,1425,578,11,14,-25,0,5,98,2,1,1,0,0,0,2048,2048,-13041,0,0,0,156,299,299,0,0,0,0,107,2097,0,0,511,2097,-51659,2048,0,0,0,0,
284,285,1425,578,11,14,-25,0,6,102,8,24,14,0,0,0,38229,38229,0,0,0,0,0,251997,223157,0,28840,16939,0,44631,0,0,0,246561,0,65536,39419,0,0,0,0,
284,285,1425,578,11,14,-25,0,7,106,20,1,1,0,0,0,65536,65536,0,0,0,0,0,0,0,0,0,0,0,0,0,0,0,0,0,0,65536,0,0,0,0,
284,285,1425,578,11,14,-25,0,8,203,20,18,18,36,36,0,65536,65536,65536,0,0,0,0,9000,9000,0,0,4500,0,7200000,0,4100040,4100040,7200000,4100040,61573,65536,3228120,3228120,871920,871920,
284,285,1425,578,11,14,-25,0,9,238,12,24,3,0,0,0,8192,8192,65536,0,0,0,150,64800,58620,0,6180,10725,0,84928,12388,0,0,168649,12388,49053,10922,0,0,0,0,
284,285,1425,578,11,14,-25,0,10,239,9,24,0,0,0,0,0,0,0,3,0,1,0,0,0,0,0,0,0,0,0,0,0,0,0,-59349,0,0,0,0,0,
284,285,1425,578,11,14,-25,0,11,242,20,1,1,2,2,0,65536,65536,2981,0,0,0,0,12500,12500,0,0,2500,0,187500,0,179340,179340,187500,179340,-5953,65536,179340,179340,0,0,
284,285,1425,578,11,14,-25,0,12,251,9,24,23,0,0,0,39938,62805,-41236,1,0,0,14625,132216,132216,0,0,8263,76785,447855,1207849,0,0,2755837,1207849,17772,65168,0,0,0,0,
285,286,1430,578,11,14,-25,0,0,30,9,1,1,0,0,0,65536,65536,65536,0,0,0,7500,9020,9020,0,0,0,0,1370910,31815,0,0,1371030,31815,65536,65536,0,0,0,0,
285,286,1430,578,11,14,-25,0,1,65,9,24,1,0,0,0,2048,2048,0,0,0,0,0,14726,14726,0,0,735,0,1178,0,0,0,5580,0,65536,2048,0,0,0,0,
285,286,1430,578,11,14,-25,0,2,69,9,24,23,0,0,0,62805,62805,0,0,0,0,0,643996,593396,0,50600,0,0,1223335,0,0,0,3408307,0,65536,65535,0,0,0,0,
285,286,1430,578,11,14,-25,0,3,79,2,24,1,0,0,0,2048,2048,0,0,0,0,0,3333,3333,0,0,0,0,1599,0,0,0,7597,0,65536,2048,0,0,0,0,
285,286,1430,578,11,14,-25,0,4,90,2,1,1,0,0,0,65536,65536,65536,0,0,0,5000,14775,14775,0,0,0,0,1263180,2000,0,0,1263245,2000,65536,65536,0,0,0,0,
285,286,1430,578,11,14,-25,0,5,98,2,1,1,0,0,0,2048,2048,-12628,0,0,0,156,299,299,0,0,0,0,107,2034,0,0,511,2034,-51229,2048,0,0,0,0,
285,286,1430,578,11,14,-25,0,6,102,8,24,13,0,0,0,35498,35498,0,0,0,0,0,233995,207215,0,26780,15729,0,41443,0,0,0,227258,0,65536,36333,0,0,0,0,
285,286,1430,578,11,14,-25,0,7,106,20,1,1,0,0,0,65536,65536,0,0,0,0,0,0,0,0,0,0,0,0,0,0,0,0,0,0,65536,0,0,0,0,
285,286,1430,578,11,14,-25,0,8,203,20,18,18,36,36,0,65536,65536,65536,0,0,0,0,9000,9000,0,0,4500,0,7200000,0,4100040,4100040,7200000,4100040,61573,65536,3228120,3228120,871920,871920,
285,286,1430,578,11,14,-25,0,9,238,12,24,3,0,0,0,8192,8192,65536,0,0,0,150,64800,58620,0,6180,10725,0,89319,13500,0,0,175369,13500,50692,10922,0,0,0,0,
285,286,1430,578,11,14,-25,0,10,239,9,24,0,0,0,0,0,0,0,3,0,1,0,0,0,0,0,0,0,0,0,0,0,0,0,-59859,0,0,0,0,0,
285,286,1430,578,11,14,-25,0,11,242,20,1,1,2,2,0,65536,65536,2981,0,0,0,0,12500,12500,0,0,2500,0,187500,0,179340,179340,187500,179340,-5953,65536,179340,179340,0,0,
285,286,1430,578,11,14,-25,0,12,251,9,24,21,0,0,0,39938,57344,-48364,2,0,0,14625,132216,132216,0,0,8263,76785,344872,1316250,0,0,2412964,1316250,8602,58833,0,0,0,0,
286,287,1435,578,11,14,-25,0,0,30,9,1,1,0,0,0,65536,65536,65536,0,0,0,7500,9020,9020,0,0,0,0,1370910,32145,0,0,1371030,32145,65536,65536,0,0,0,0,
286,287,1435,578,11,14,-25,0,1,65,9,24,1,0,0,0,2048,2048,0,0,0,0,0,14726,14726,0,0,735,0,1178,0,0,0,5580,0,65536,2048,0,0,0,0,
286,287,1435,578,11,14,-25,0,2,69,9,24,23,0,0,0,62805,62805,0,0,0,0,0,643996,616496,0,27500,0,0,1127681,0,0,0,3376748,0,65536,65535,0,0,0,0,
286,287,1435,578,11,14,-25,0,3,79,2,24,1,0,0,0,2048,2048,0,0,0,0,0,3333,3333,0,0,0,0,1599,0,0,0,7597,0,65536,2048,0,0,0,0,
286,287,1435,578,11,14,-25,0,4,90,2,1,1,0,0,0,65536,65536,65536,0,0,0,5000,14775,14775,0,0,0,0,412287,2000,0,0,1263245,2000,65536,65536,0,0,0,0,
286,287,1435,578,11,14,-25,0,5,98,2,1,1,0,0,0,2048,2048,-11934,0,0,0,156,299,299,0,0,0,0,107,1928,0,0,511,1928,-50441,2048,0,0,0,0,
286,287,1435,578,11,14,-25,0,6,102,8,24,18,0,0,0,49152,49152,0,0,0,0,0,324000,286920,0,37080,21780,0,91162,0,0,0,321943,0,65536,50934,0,0,0,0,
286,287,1435,578,11,14,-25,0,7,106,20,1,1,0,0,0,65536,65536,0,0,0,0,0,0,0,0,0,0,0,0,0,0,0,0,0,0,65536,0,0,0,0,
286,287,1435,578,11,14,-25,0,8,203,20,18,18,36,36,0,65536,65536,65536,0,0,0,0,9000,9000,0,0,4500,0,7200000,0,4100040,4100040,7200000,4100040,61573,65536,3228120,3228120,871920,871920,
286,287,1435,578,11,14,-25,0,9,238,12,24,24,0,0,0,65536,65536,65536,0,0,0,1200,518400,468960,0,49440,85800,0,425267,108000,0,0,1137120,108000,55325,65536,0,0,0,0,
286,287,1435,578,11,14,-25,0,10,239,9,24,0,0,0,0,0,0,0,3,0,1,0,0,0,0,0,0,0,0,0,0,0,0,0,-59859,0,0,0,0,0,
286,287,1435,578,11,14,-25,0,11,242,20,1,1,2,2,0,65536,65536,2981,0,0,0,0,12500,12500,0,0,2500,0,187500,0,179340,179340,187500,179340,-5953,65536,179340,179340,0,0,
286,287,1435,578,11,14,-25,0,12,251,9,24,0,0,0,0,0,0,0,3,0,1,0,0,0,0,0,0,0,0,0,0,0,0,0,4729,0,0,0,0,0,
287,288,1440,578,11,14,-25,0,0,30,9,1,1,0,0,0,65536,65536,65536,0,0,0,7500,9020,9020,0,0,0,0,1370910,31457,0,0,1371030,31457,65536,65536,0,0,0,0,
287,288,1440,578,11,14,-25,0,1,65,9,24,1,0,0,0,2048,2048,0,0,0,0,0,14726,14726,0,0,735,0,1178,0,0,0,5580,0,65536,2048,0,0,0,0,
287,288,1440,578,11,14,-25,0,2,69,9,24,23,0,0,0,62805,62805,0,0,0,0,0,643996,616496,0,27500,0,0,1155982,0,0,0,3350468,0,65536,65535,0,0,0,0,
287,288,1440,578,11,14,-25,0,3,79,2,24,1,0,0,0,2048,2048,0,0,0,0,0,3333,3333,0,0,0,0,1599,0,0,0,7597,0,65536,2048,0,0,0,0,
287,288,1440,578,11,14,-25,0,4,90,2,1,1,0,0,0,19644,19644,65536,0,0,0,1498,4428,4428,0,0,0,0,71792,599,0,0,341067,599,65536,19644,0,0,0,0,
287,288,1440,578,11,14,-25,0,5,98,2,1,1,0,0,0,2048,2048,-12097,0,0,0,156,299,299,0,0,0,0,107,1953,0,0,511,1953,-50632,2048,0,0,0,0,
287,288,1440,578,11,14,-25,0,6,102,8,24,21,0,0,0,57344,57344,0,0,0,0,0,378000,334740,0,43260,25410,0,73002,0,0,0,369264,0,65536,58235,0,0,0,0,
287,288,1440,578,11,14,-25,0,7,106,20,1,1,0,0,0,65536,65536,0,0,0,0,0,0,0,0,0,0,0,0,0,0,0,0,0,0,65536,0,0,0,0,
287,288,1440,578,11,14,-25,0,8,203,20,18,18,36,36,0,65536,65536,65536,0,0,0,0,9000,9000,0,0,4500,0,7200000,0,4100040,4100040,7200000,4100040,61573,65536,3228120,3228120,871920,871920,
287,288,1440,578,11,14,-25,0,9,238,12,24,3,0,0,0,8192,8192,65536,0,0,0,150,64800,58620,0,6180,10725,0,25502,12160,0,0,177749,12160,52146,10922,0,0,0,0,
287,288,1440,578,11,14,-25,0,10,239,9,24,0,0,0,0,0,0,0,3,0,1,0,0,0,0,0,0,0,0,0,0,0,0,0,-59233,0,0,0,0,0,
287,288,1440,578,11,14,-25,0,11,242,20,1,1,2,2,0,65536,65536,2981,0,0,0,0,12500,12500,0,0,2500,0,187500,0,179340,179340,187500,179340,-5953,65536,179340,179340,0,0,
287,288,1440,578,11,14,-25,0,12,251,9,24,0,0,0,0,0,0,0,3,1,1,0,0,0,0,0,0,0,0,0,0,0,0,0,13479,0,0,0,0,0,
288,289,1445,578,11,14,-25,0,0,30,9,1,1,0,0,0,65536,65536,65536,0,0,0,7500,9020,9020,0,0,0,0,1370910,30632,0,0,1371030,30632,65536,65536,0,0,0,0,
288,289,1445,578,11,14,-25,0,1,65,9,24,1,0,0,0,2048,2048,0,0,0,0,0,14726,14726,0,0,735,0,1178,0,0,0,5580,0,65536,2048,0,0,0,0,
288,289,1445,578,11,14,-25,0,2,69,9,24,23,0,0,0,62805,62805,0,0,0,0,0,643996,590096,0,53900,0,0,1017333,0,0,0,3304749,0,65536,65535,0,0,0,0,
288,289,1445,578,11,14,-25,0,3,79,2,24,1,0,0,0,2048,2048,0,0,0,0,0,3333,3333,0,0,0,0,1599,0,0,0,7597,0,65536,2048,0,0,0,0,
288,289,1445,578,11,14,-25,0,4,90,2,1,1,0,0,0,2086,2086,65536,0,0,0,159,470,470,0,0,0,0,31751,63,0,0,31824,63,65536,2086,0,0,0,0,
288,289,1445,578,11,14,-25,0,5,98,2,1,1,0,0,0,2048,2048,-13035,0,0,0,156,299,299,0,0,0,0,107,2096,0,0,511,2096,-51649,2048,0,0,0,0,
288,289,1445,578,11,14,-25,0,6,102,8,24,17,0,0,0,46421,46421,0,0,0,0,0,305997,270977,0,35020,20569,0,54195,0,0,0,302974,0,65536,48438,0,0,0,0,
288,289,1445,578,11,14,-25,0,7,106,20,1,1,0,0,0,65536,65536,0,0,0,0,0,0,0,0,0,0,0,0,0,0,0,0,0,0,65536,0,0,0,0,
288,289,1445,578,11,14,-25,0,8,203,20,18,18,36,36,0,65536,65536,65536,0,0,0,0,9000,9000,0,0,4500,0,7200000,0,4100040,4100040,7200000,4100040,61573,65536,3228120,3228120,871920,871920,
288,289,1445,578,11,14,-25,0,9,238,12,24,3,0,0,0,8192,8192,65536,0,0,0,150,64800,58620,0,6180,10725,0,23947,10684,0,0,166469,10684,49191,10922,0,0,0,0,
288,289,1445,578,11,14,-25,0,10,239,9,24,0,0,0,0,0,0,0,3,0,1,0,0,0,0,0,0,0,0,0,0,0,0,0,-58363,0,0,0,0,0,
288,289,1445,578,11,14,-25,0,11,242,20,1,1,2,2,0,65536,65536,2981,0,0,0,0,12500,12500,0,0,2500,0,187500,0,179340,179340,187500,179340,-5953,65536,179340,179340,0,0,
288,289,1445,578,11,14,-25,0,12,251,9,24,24,0,0,0,65536,65536,194,0,0,0,24000,216960,216960,0,0,13560,126000,1714658,1709592,0,0,2769240,1709592,30977,65536,0,0,0,0,
289,290,1450,578,11,14,-25,0,0,30,9,1,1,0,0,0,65536,65536,65536,0,0,0,7500,9020,9020,0,0,0,0,1370910,29990,0,0,1371030,29990,65536,65536,0,0,0,0,
289,290,1450,578,11,14,-25,0,1,65,9,24,1,0,0,0,2048,2048,0,0,0,0,0,14726,14726,0,0,735,0,1178,0,0,0,5580,0,65536,2048,0,0,0,0,
289,290,1450,578,11,14,-25,0,2,69,9,24,23,0,0,0,62805,62805,0,0,0,0,0,643996,591196,0,52800,0,0,868821,0,0,0,3235630,0,65536,65535,0,0,0,0,
289,290,1450,578,11,14,-25,0,3,79,2,24,1,0,0,0,2048,2048,0,0,0,0,0,3333,3333,0,0,0,0,1599,0,0,0,7597,0,65536,2048,0,0,0,0,
289,290,1450,578,11,14,-25,0,4,90,2,1,1,0,0,0,65536,65536,65536,0,0,0,5000,14775,14775,0,0,0,0,1031579,2000,0,0,1031630,2000,65536,65536,0,0,0,0,
289,290,1450,578,11,14,-25,0,5,98,2,1,1,0,0,0,2048,2048,-13120,0,0,0,156,299,299,0,0,0,0,107,2109,0,0,511,2109,-51740,2048,0,0,0,0,
289,290,1450,578,11,14,-25,0,6,102,8,24,15,0,0,0,40960,40960,0,0,0,0,0,270000,239100,0,30900,18150,0,47820,0,0,0,259834,0,65536,41541,0,0,0,0,
289,290,1450,578,11,14,-25,0,7,106,20,1,1,0,0,0,65536,65536,0,0,0,0,0,0,0,0,0,0,0,0,0,0,0,0,0,0,65536,0,0,0,0,
289,290,1450,578,11,14,-25,0,8,203,20,18,18,36,36,0,65536,65536,65536,0,0,0,0,9000,9000,0,0,4500,0,7200000,0,4100040,4100040,7200000,4100040,61573,65536,3228120,3228120,871920,871920,
289,290,1450,578,11,14,-25,0,9,238,12,24,3,0,0,0,8192,8192,65536,0,0,0,150,64800,58620,0,6180,10725,0,23604,11024,0,0,163989,11024,48208,10922,0,0,0,0,
289,290,1450,578,11,14,-25,0,10,239,9,24,0,0,0,0,0,0,0,3,0,1,0,0,0,0,0,0,0,0,0,0,0,0,0,-58584,0,0,0,0,0,
289,290,1450,578,11,14,-25,0,11,242,20,1,1,2,2,0,65536,65536,2981,0,0,0,0,12500,12500,0,0,2500,0,187500,0,179340,179340,187500,179340,-5953,65536,179340,179340,0,0,
289,290,1450,578,11,14,-25,0,12,251,9,24,23,0,0,0,23123,62805,-43730,0,0,0,8467,76549,76549,0,0,4784,44456,207065,622316,0,0,2706496,622316,28621,63632,0,0,0,0,
290,291,1455,578,11,14,-25,0,0,30,9,1,1,0,0,0,65536,65536,65536,0,0,0,7500,9020,9020,0,0,0,0,1370910,29502,0,0,1371030,29502,65536,65536,0,0,0,0,
290,291,1455,578,11,14,-25,0,1,65,9,24,1,0,0,0,2048,2048,0,0,0,0,0,14726,14726,0,0,735,0,1178,0,0,0,5580,0,65536,2048,0,0,0,0,
290,291,1455,578,11,14,-25,0,2,69,9,24,23,0,0,0,62805,62805,0,0,0,0,0,643996,591196,0,52800,0,0,797798,0,0,0,3158951,0,65536,65535,0,0,0,0,
290,291,1455,578,11,14,-25,0,3,79,2,24,1,0,0,0,2048,2048,0,0,0,0,0,3333,3333,0,0,0,0,1599,0,0,0,7597,0,65536,2048,0,0,0,0,
290,291,1455,578,11,14,-25,0,4,90,2,1,1,0,0,0,65536,65536,65536,0,0,0,5000,14775,14775,0,0,0,0,1158360,2000,0,0,1158360,2000,65536,65536,0,0,0,0,
290,291,1455,578,11,14,-25,0,5,98,2,1,1,0,0,0,2048,2048,-12956,0,0,0,156,299,299,0,0,0,0,107,2084,0,0,511,2084,-51573,2048,0,0,0,0,
290,291,1455,578,11,14,-25,0,6,102,8,24,13,0,0,0,35498,35498,0,0,0,0,0,233995,207215,0,26780,15729,0,41443,0,0,0,223393,0,65536,35715,0,0,0,0,
290,291,1455,578,11,14,-25,0,7,106,20,1,1,0,0,0,65536,65536,0,0,0,0,0,0,0,0,0,0,0,0,0,0,0,0,0,0,65536,0,0,0,0,
290,291,1455,578,11,14,-25,0,8,203,20,18,18,36,36,0,65536,65536,65536,0,0,0,0,9000,9000,0,0,4500,0,7200000,0,4100040,4100040,7200000,4100040,61573,65536,3228120,3228120,871920,871920,
290,291,1455,578,11,14,-25,0,9,238,12,24,3,0,0,0,8192,8192,65536,0,0,0,150,64800,58620,0,6180,10725,0,83631,12379,0,0,166669,12379,48404,10922,0,0,0,0,
290,291,1455,578,11,14,-25,0,10,239,9,24,0,0,0,0,0,0,0,3,0,1,0,0,0,0,0,0,0,0,0,0,0,0,0,-59345,0,0,0,0,0,
290,291,1455,578,11,14,-25,0,11,242,20,1,1,2,2,0,65536,65536,2981,0,0,0,0,12500,12500,0,0,2500,0,187500,0,179340,179340,187500,179340,-5953,65536,179340,179340,0,0,
290,291,1455,578,11,14,-25,0,12,251,9,24,23,0,0,0,39938,62805,-44291,1,0,0,14625,132216,132216,0,0,8263,76785,391260,1206957,0,0,2713994,1206957,17309,64584,0,0,0,0,
291,292,1460,578,11,14,-25,0,0,30,9,1,1,0,0,0,65536,65536,65536,0,0,0,7500,9020,9020,0,0,0,0,1370910,29145,0,0,1371030,29145,65536,65536,0,0,0,0,
291,292,1460,578,11,14,-25,0,1,65,9,24,1,0,0,0,2048,2048,0,0,0,0,0,14726,14726,0,0,735,0,1178,0,0,0,5580,0,65536,2048,0,0,0,0,
291,292,1460,578,11,14,-25,0,2,69,9,24,23,0,0,0,62805,62805,0,0,0,0,0,643996,594496,0,49500,0,0,742088,0,0,0,3076993,0,65536,65535,0,0,0,0,
291,292,1460,578,11,14,-25,0,3,79,2,24,1,0,0,0,2048,2048,0,0,0,0,0,3333,3333,0,0,0,0,1599,0,0,0,7597,0,65536,2048,0,0,0,0,
291,292,1460,578,11,14,-25,0,4,90,2,1,1,0,0,0,65536,65536,65536,0,0,0,5000,14775,14775,0,0,0,0,1263180,2000,0,0,1263245,2000,65536,65536,0,0,0,0,
291,292,1460,578,11,14,-25,0,5,98,2,1,1,0,0,0,2048,2048,-12491,0,0,0,156,299,299,0,0,0,0,107,2013,0,0,511,2013,-51078,2048,0,0,0,0,
291,292,1460,578,11,14,-25,0,6,102,8,24,11,0,0,0,30037,30037,0,0,0,0,0,197997,175337,0,22660,13309,0,35067,0,0,0,201025,0,65536,32139,0,0,0,0,
291,292,1460,578,11,14,-25,0,7,106,20,1,1,0,0,0,65536,65536,0,0,0,0,0,0,0,0,0,0,0,0,0,0,0,0,0,0,65536,0,0,0,0,
291,292,1460,578,11,14,-25,0,8,203,20,18,18,36,36,0,65536,65536,65536,0,0,0,0,9000,9000,0,0,4500,0,7200000,0,4100040,4100040,7200000,4100040,61573,65536,3228120,3228120,871920,871920,
291,292,1460,578,11,14,-25,0,9,238,12,24,3,0,0,0,8192,8192,65536,0,0,0,150,64800,58620,0,6180,10725,0,88148,13500,0,0,173589,13500,50108,10922,0,0,0,0,
291,292,1460,578,11,14,-25,0,10,239,9,24,0,0,0,0,0,0,0,3,0,1,0,0,0,0,0,0,0,0,0,0,0,0,0,-59859,0,0,0,0,0,
291,292,1460,578,11,14,-25,0,11,242,20,1,1,2,2,0,65536,65536,2981,0,0,0,0,12500,12500,0,0,2500,0,187500,0,179340,179340,187500,179340,-5953,65536,179340,179340,0,0,
291,292,1460,578,11,14,-25,0,12,251,9,24,20,0,0,0,39938,54613,-48543,2,0,0,14625,132216,132216,0,0,8263,76785,341275,1316250,0,0,2322965,1316250,7831,57234,0,0,0,0,
292,293,1465,578,11,14,-25,0,0,30,9,1,1,0,0,0,65536,65536,65536,0,0,0,7500,9020,9020,0,0,0,0,1370910,29095,0,0,1371030,29095,65536,65536,0,0,0,0,
292,293,1465,578,11,14,-25,0,1,65,9,24,1,0,0,0,2048,2048,0,0,0,0,0,14726,14726,0,0,735,0,1178,0,0,0,5580,0,65536,2048,0,0,0,0,
292,293,1465,578,11,14,-25,0,2,69,9,24,23,0,0,0,62805,62805,0,0,0,0,0,643996,616496,0,27500,0,0,728365,0,0,0,2995634,0,65536,65535,0,0,0,0,
292,293,1465,578,11,14,-25,0,3,79,2,24,1,0,0,0,2048,2048,0,0,0,0,0,3333,3333,0,0,0,0,1599,0,0,0,7597,0,65536,2048,0,0,0,0,
292,293,1465,578,11,14,-25,0,4,90,2,1,1,0,0,0,65536,65536,65536,0,0,0,5000,14775,14775,0,0,0,0,370100,2000,0,0,1263245,2000,65536,65536,0,0,0,0,
292,293,1465,578,11,14,-25,0,5,98,2,1,1,0,0,0,2048,2048,-11717,0,0,0,156,299,299,0,0,0,0,107,1895,0,0,511,1895,-50180,2048,0,0,0,0,
292,293,1465,578,11,14,-25,0,6,102,8,24,17,0,0,0,46421,46421,0,0,0,0,0,305997,270977,0,35020,20569,0,93214,0,0,0,309314,0,65536,48837,0,0,0,0,
292,293,1465,578,11,14,-25,0,7,106,20,1,1,0,0,0,65536,65536,0,0,0,0,0,0,0,0,0,0,0,0,0,0,0,0,0,0,65536,0,0,0,0,
292,293,1465,578,11,14,-25,0,8,203,20,18,18,36,36,0,65536,65536,65536,0,0,0,0,9000,9000,0,0,4500,0,7200000,0,4100040,4100040,7200000,4100040,61573,65536,3228120,3228120,871920,871920,
292,293,1465,578,11,14,-25,0,9,238,12,24,24,0,0,0,65536,65536,65536,0,0,0,1200,518400,468960,0,49440,85800,0,417539,108000,0,0,1127520,108000,54801,65536,0,0,0,0,
292,293,1465,578,11,14,-25,0,10,239,9,24,0,0,0,0,0,0,0,3,0,1,0,0,0,0,0,0,0,0,0,0,0,0,0,-59859,0,0,0,0,0,
292,293,1465,578,11,14,-25,0,11,242,20,1,1,2,2,0,65536,65536,2981,0,0,0,0,12500,12500,0,0,2500,0,187500,0,179340,179340,187500,179340,-5953,65536,179340,179340,0,0,
292,293,1465,578,11,14,-25,0,12,251,9,24,0,0,0,0,0,0,0,3,0,1,0,0,0,0,0,0,0,0,0,0,0,0,0,3538,0,0,0,0,0,
293,294,1470,578,11,14,-25,0,0,30,9,1,1,0,0,0,65536,65536,65536,0,0,0,7500,9020,9020,0,0,0,0,1370910,28222,0,0,1371030,28222,65536,65536,0,0,0,0,
293,294,1470,578,11,14,-25,0,1,65,9,24,1,0,0,0,2048,2048,0,0,0,0,0,14726,14726,0,0,735,0,1178,0,0,0,5580,0,65536,2048,0,0,0,0,
293,294,1470,578,11,14,-25,0,2,69,9,24,23,0,0,0,62805,62805,0,0,0,0,0,643996,616496,0,27500,0,0,845056,0,0,0,2945235,0,65536,65535,0,0,0,0,
293,294,1470,578,11,14,-25,0,3,79,2,24,1,0,0,0,2048,2048,0,0,0,0,0,3333,3333,0,0,0,0,1599,0,0,0,7597,0,65536,2048,0,0,0,0,
293,294,1470,578,11,14,-25,0,4,90,2,1,1,0,0,0,19087,19087,65536,0,0,0,1456,4303,4303,0,0,0,0,69689,582,0,0,331031,582,65536,19087,0,0,0,0,
293,294,1470,578,11,14,-25,0,5,98,2,1,1,0,0,0,2048,2048,-11829,0,0,0,156,299,299,0,0,0,0,107,1912,0,0,511,1912,-50318,2048,0,0,0,0,
293,294,1470,578,11,14,-25,0,6,102,8,24,20,0,0,0,54613,54613,0,0,0,0,0,359997,318797,0,41200,24199,0,84192,0,0,0,364812,0,65536,57186,0,0,0,0,
293,294,1470,578,11,14,-25,0,7,106,20,1,1,0,0,0,65536,65536,0,0,0,0,0,0,0,0,0,0,0,0,0,0,0,0,0,0,65536,0,0,0,0,
293,294,1470,578,11,14,-25,0,8,203,20,18,18,36,36,0,65536,65536,65536,0,0,0,0,9000,9000,0,0,4500,0,7200000,0,4100040,4100040,7200000,4100040,61573,65536,3228120,3228120,871920,871920,
293,294,1470,578,11,14,-25,0,9,238,12,24,3,0,0,0,8192,8192,65536,0,0,0,150,64800,58620,0,6180,10725,0,25302,12146,0,0,176269,12146,51668,10922,0,0,0,0,
293,294,1470,578,11,14,-25,0,10,239,9,24,0,0,0,0,0,0,0,3,0,1,0,0,0,0,0,0,0,0,0,0,0,0,0,-59226,0,0,0,0,0,
293,294,1470,578,11,14,-25,0,11,242,20,1,1,2,2,0,65536,65536,2981,0,0,0,0,12500,12500,0,0,2500,0,187500,0,179340,179340,187500,179340,-5953,65536,179340,179340,0,0,
293,294,1470,578,11,14,-25,0,12,251,9,24,0,0,0,0,0,0,0,3,1,1,0,0,0,0,0,0,0,0,0,0,0,0,0,11930,0,0,0,0,0,
294,295,1475,578,11,14,-25,0,0,30,9,1,1,0,0,0,65536,65536,65536,0,0,0,7500,9020,9020,0,0,0,0,1370910,27377,0,0,1371030,27377,65536,65536,0,0,0,0,
294,295,1475,578,11,14,-25,0,1,65,9,24,1,0,0,0,2048,2048,0,0,0,0,0,14726,14726,0,0,735,0,1178,0,0,0,5580,0,65536,2048,0,0,0,0,
294,295,1475,578,11,14,-25,0,2,69,9,24,23,0,0,0,62805,62805,0,0,0,0,0,643996,590096,0,53900,0,0,818730,0,0,0,2894835,0,65536,65535,0,0,0,0,
294,295,1475,578,11,14,-25,0,3,79,2,24,1,0,0,0,2048,2048,0,0,0,0,0,3333,3333,0,0,0,0,1599,0,0,0,7597,0,65536,2048,0,0,0,0,
294,295,1475,578,11,14,-25,0,4,90,2,1,1,0,0,0,2048,2048,65536,0,0,0,156,461,461,0,0,0,0,31100,62,0,0,31202,62,65536,2048,0,0,0,0,
294,295,1475,578,11,14,-25,0,5,98,2,1,1,0,0,0,2048,2048,-12700,0,0,0,156,299,299,0,0,0,0,107,2045,0,0,511,2045,-51302,2048,0,0,0,0,
294,295,1475,578,11,14,-25,0,6,102,8,24,17,0,0,0,46421,46421,0,0,0,0,0,305997,270977,0,35020,20569,0,54195,0,0,0,305557,0,65536,48851,0,0,0,0,
294,295,1475,578,11,14,-25,0,7,106,20,1,1,0,0,0,65536,65536,0,0,0,0,0,0,0,0,0,0,0,0,0,0,0,0,0,0,65536,0,0,0,0,
294,295,1475,578,11,14,-25,0,8,203,20,18,18,36,36,0,65536,65536,65536,0,0,0,0,9000,9000,0,0,4500,0,7200000,0,4100040,4100040,7200000,4100040,61573,65536,3228120,3228120,871920,871920,
294,295,1475,578,11,14,-25,0,9,238,12,24,3,0,0,0,8192,8192,65536,0,0,0,150,64800,58620,0,6180,10725,0,23796,10670,0,0,165329,10670,48824,10922,0,0,0,0,
294,295,1475,578,11,14,-25,0,10,239,9,24,0,0,0,0,0,0,0,3,0,1,0,0,0,0,0,0,0,0,0,0,0,0,0,-58353,0,0,0,0,0,
294,295,1475,578,11,14,-25,0,11,242,20,1,1,2,2,0,65536,65536,2981,0,0,0,0,12500,12500,0,0,2500,0,187500,0,179340,179340,187500,179340,-5953,65536,179340,179340,0,0,
294,295,1475,578,11,14,-25,0,12,251,9,24,24,0,0,0,65536,65536,-3828,0,0,0,24000,216960,216960,0,0,13560,126000,1607560,1707288,0,0,2701800,1707288,28753,65536,0,0,0,0,
295,296,1480,578,11,14,-25,0,0,30,9,1,1,0,0,0,65536,65536,65536,0,0,0,7500,9020,9020,0,0,0,0,1370910,26850,0,0,1371030,26850,65536,65536,0,0,0,0,
295,296,1480,578,11,14,-25,0,1,65,9,24,1,0,0,0,2048,2048,0,0,0,0,0,14726,14726,0,0,735,0,1178,0,0,0,5580,0,65536,2048,0,0,0,0,
295,296,1480,578,11,14,-25,0,2,69,9,24,23,0,0,0,62805,62805,0,0,0,0,0,643996,592296,0,51700,0,0,789126,0,0,0,2839756,0,65536,65535,0,0,0,0,
295,296,1480,578,11,14,-25,0,3,79,2,24,1,0,0,0,2048,2048,0,0,0,0,0,3333,3333,0,0,0,0,1599,0,0,0,7597,0,65536,2048,0,0,0,0,
295,296,1480,578,11,14,-25,0,4,90,2,1,1,0,0,0,65536,65536,65536,0,0,0,5000,14775,14775,0,0,0,0,1030042,2000,0,0,1030095,2000,65536,65536,0,0,0,0,
295,296,1480,578,11,14,-25,0,5,98,2,1,1,0,0,0,2048,2048,-12740,0,0,0,156,299,299,0,0,0,0,107,2051,0,0,511,2051,-51346,2048,0,0,0,0,
295,296,1480,578,11,14,-25,0,6,102,8,24,15,0,0,0,40960,40960,0,0,0,0,0,270000,239100,0,30900,18150,0,47820,0,0,0,268084,0,65536,42860,0,0,0,0,
295,296,1480,578,11,14,-25,0,7,106,20,1,1,0,0,0,65536,65536,0,0,0,0,0,0,0,0,0,0,0,0,0,0,0,0,0,0,65536,0,0,0,0,
295,296,1480,578,11,14,-25,0,8,203,20,18,18,36,36,0,65536,65536,65536,0,0,0,0,9000,9000,0,0,4500,0,7200000,0,4100040,4100040,7200000,4100040,61573,65536,3228120,3228120,871920,871920,
295,296,1480,578,11,14,-25,0,9,238,12,24,3,0,0,0,8192,8192,65536,0,0,0,150,64800,58620,0,6180,10725,0,23470,11008,0,0,162950,11008,47880,10922,0,0,0,0,
295,296,1480,578,11,14,-25,0,10,239,9,24,0,0,0,0,0,0,0,3,0,1,0,0,0,0,0,0,0,0,0,0,0,0,0,-58574,0,0,0,0,0,
295,296,1480,578,11,14,-25,0,11,242,20,1,1,2,2,0,65536,65536,2981,0,0,0,0,12500,12500,0,0,2500,0,187500,0,179340,179340,187500,179340,-5953,65536,179340,179340,0,0,
295,296,1480,578,11,14,-25,0,12,251,9,24,22,0,0,0,22776,60074,-44304,0,0,0,8340,75401,75401,0,0,4712,43789,198289,612064,0,0,2576190,612064,26138,62301,0,0,0,0,
296,297,1485,578,11,14,-25,0,0,30,9,1,1,0,0,0,65536,65536,65536,0,0,0,7500,9020,9020,0,0,0,0,1370910,26625,0,0,1371030,26625,65536,65536,0,0,0,0,
296,297,1485,578,11,14,-25,0,1,65,9,24,1,0,0,0,2048,2048,0,0,0,0,0,14726,14726,0,0,735,0,1178,0,0,0,5580,0,65536,2048,0,0,0,0,
296,297,1485,578,11,14,-25,0,2,69,9,24,23,0,0,0,62805,62805,0,0,0,0,0,643996,592296,0,51700,0,0,825834,0,0,0,2796797,0,65536,65535,0,0,0,0,
296,297,1485,578,11,14,-25,0,3,79,2,24,1,0,0,0,2048,2048,0,0,0,0,0,3333,3333,0,0,0,0,1599,0,0,0,7597,0,65536,2048,0,0,0,0,
296,297,1485,578,11,14,-25,0,4,90,2,1,1,0,0,0,65536,65536,65536,0,0,0,5000,14775,14775,0,0,0,0,1156480,2000,0,0,1156540,2000,65536,65536,0,0,0,0,
296,297,1485,578,11,14,-25,0,5,98,2,1,1,0,0,0,2048,2048,-12543,0,0,0,156,299,299,0,0,0,0,107,2021,0,0,511,2021,-51140,2048,0,0,0,0,
296,297,1485,578,11,14,-25,0,6,102,8,24,13,0,0,0,35498,35498,0,0,0,0,0,233995,207215,0,26780,15729,0,41443,0,0,0,234295,0,65536,37458,0,0,0,0,
296,297,1485,578,11,14,-25,0,7,106,20,1,1,0,0,0,65536,65536,0,0,0,0,0,0,0,0,0,0,0,0,0,0,0,0,0,0,65536,0,0,0,0,
296,297,1485,578,11,14,-25,0,8,203,20,18,18,36,36,0,65536,65536,65536,0,0,0,0,9000,9000,0,0,4500,0,7200000,0,4100040,4100040,7200000,4100040,61573,65536,3228120,3228120,871920,871920,
296,297,1485,578,11,14,-25,0,9,238,12,24,3,0,0,0,8192,8192,65536,0,0,0,150,64800,58620,0,6180,10725,0,82962,12359,0,0,165649,12359,48083,10922,0,0,0,0,
296,297,1485,578,11,14,-25,0,10,239,9,24,0,0,0,0,0,0,0,3,0,1,0,0,0,0,0,0,0,0,0,0,0,0,0,-59335,0,0,0,0,0,
296,297,1485,578,11,14,-25,0,11,242,20,1,1,2,2,0,65536,65536,2981,0,0,0,0,12500,12500,0,0,2500,0,187500,0,179340,179340,187500,179340,-5953,65536,179340,179340,0,0,
296,297,1485,578,11,14,-25,0,12,251,9,24,22,0,0,0,39938,60074,-46897,1,0,0,14625,132216,132216,0,0,8263,76785,342730,1205070,0,0,2524344,1205070,14942,61933,0,0,0,0,
297,298,1490,578,11,14,-25,0,0,30,9,1,1,0,0,0,65536,65536,65536,0,0,0,7500,9020,9020,0,0,0,0,1370910,26647,0,0,1371030,26647,65536,65536,0,0,0,0,
297,298,1490,578,11,14,-25,0,1,65,9,24,1,0,0,0,2048,2048,0,0,0,0,0,14726,14726,0,0,735,0,1178,0,0,0,5580,0,65536,2048,0,0,0,0,
297,298,1490,578,11,14,-25,0,2,69,9,24,23,0,0,0,62805,62805,0,0,0,0,0,643996,595596,0,48400,0,0,864988,0,0,0,2764517,0,65536,65535,0,0,0,0,
297,298,1490,578,11,14,-25,0,3,79,2,24,1,0,0,0,2048,2048,0,0,0,0,0,3333,3333,0,0,0,0,1599,0,0,0,7597,0,65536,2048,0,0,0,0,
297,298,1490,578,11,14,-25,0,4,90,2,1,1,0,0,0,65536,65536,65536,0,0,0,5000,14775,14775,0,0,0,0,1263180,2000,0,0,1263245,2000,65536,65536,0,0,0,0,
297,298,1490,578,11,14,-25,0,5,98,2,1,1,0,0,0,2048,2048,-12071,0,0,0,156,299,299,0,0,0,0,107,1949,0,0,511,1949,-50605,2048,0,0,0,0,
297,298,1490,578,11,14,-25,0,6,102,8,24,12,0,0,0,32768,32768,0,0,0,0,0,216000,191280,0,24720,14520,0,38256,0,0,0,213985,0,65536,34211,0,0,0,0,
297,298,1490,578,11,14,-25,0,7,106,20,1,1,0,0,0,65536,65536,0,0,0,0,0,0,0,0,0,0,0,0,0,0,0,0,0,0,65536,0,0,0,0,
297,298,1490,578,11,14,-25,0,8,203,20,18,18,36,36,0,65536,65536,65536,0,0,0,0,9000,9000,0,0,4500,0,7200000,0,4100040,4100040,7200000,4100040,61573,65536,3228120,3228120,871920,871920,
297,298,1490,578,11,14,-25,0,9,238,12,24,3,0,0,0,8192,8192,65536,0,0,0,150,64800,58620,0,6180,10725,0,87395,13500,0,0,172429,13500,49728,10922,0,0,0,0,
297,298,1490,578,11,14,-25,0,10,239,9,24,0,0,0,0,0,0,0,3,0,1,0,0,0,0,0,0,0,0,0,0,0,0,0,-59859,0,0,0,0,0,
297,298,1490,578,11,14,-25,0,11,242,20,1,1,2,2,0,65536,65536,2981,0,0,0,0,12500,12500,0,0,2500,0,187500,0,179340,179340,187500,179340,-5953,65536,179340,179340,0,0,
297,298,1490,578,11,14,-25,0,12,251,9,24,19,0,0,0,39938,51882,-49082,2,0,0,14625,132216,132216,0,0,8263,76785,330460,1316250,0,0,2133456,1316250,5507,54284,0,0,0,0,
298,299,1495,578,11,14,-25,0,0,30,9,1,1,0,0,0,65536,65536,65536,0,0,0,7500,9020,9020,0,0,0,0,1370910,27057,0,0,1371030,27057,65536,65536,0,0,0,0,
298,299,1495,578,11,14,-25,0,1,65,9,24,1,0,0,0,2048,2048,0,0,0,0,0,14726,14726,0,0,735,0,1178,0,0,0,5580,0,65536,2048,0,0,0,0,
298,299,1495,578,11,14,-25,0,2,69,9,24,23,0,0,0,62805,62805,0,0,0,0,0,643996,616496,0,27500,0,0,930140,0,0,0,2743038,0,65536,65535,0,0,0,0,
298,299,1495,578,11,14,-25,0,3,79,2,24,1,0,0,0,2048,2048,0,0,0,0,0,3333,3333,0,0,0,0,1599,0,0,0,7597,0,65536,2048,0,0,0,0,
298,299,1495,578,11,14,-25,0,4,90,2,1,1,0,0,0,65536,65536,65536,0,0,0,5000,14775,14775,0,0,0,0,305976,2000,0,0,1263245,2000,65536,65536,0,0,0,0,
298,299,1495,578,11,14,-25,0,5,98,2,1,1,0,0,0,2048,2048,-11324,0,0,0,156,299,299,0,0,0,0,107,1835,0,0,511,1835,-49678,2048,0,0,0,0,
298,299,1495,578,11,14,-25,0,6,102,8,24,18,0,0,0,49152,49152,0,0,0,0,0,324000,286920,0,37080,21780,0,91897,0,0,0,315237,0,65536,49873,0,0,0,0,
298,299,1495,578,11,14,-25,0,7,106,20,1,1,0,0,0,65536,65536,0,0,0,0,0,0,0,0,0,0,0,0,0,0,0,0,0,0,65536,0,0,0,0,
298,299,1495,578,11,14,-25,0,8,203,20,18,18,36,36,0,65536,65536,65536,0,0,0,0,9000,9000,0,0,4500,0,7200000,0,4100040,4100040,7200000,4100040,61573,65536,3228120,3228120,871920,871920,
298,299,1495,578,11,14,-25,0,9,238,12,24,24,0,0,0,65536,65536,65536,0,0,0,1200,518400,468960,0,49440,85800,0,414038,108000,0,0,1119120,108000,54342,65536,0,0,0,0,
298,299,1495,578,11,14,-25,0,10,239,9,24,0,0,0,0,0,0,0,3,0,1,0,0,0,0,0,0,0,0,0,0,0,0,0,-59859,0,0,0,0,0,
298,299,1495,578,11,14,-25,0,11,242,20,1,1,2,2,0,65536,65536,2981,0,0,0,0,12500,12500,0,0,2500,0,187500,0,179340,179340,187500,179340,-5953,65536,179340,179340,0,0,
298,299,1495,578,11,14,-25,0,12,251,9,24,0,0,0,0,0,0,0,3,0,1,0,0,0,0,0,0,0,0,0,0,0,0,0,1353,0,0,0,0,0,
299,300,1500,578,11,14,-25,0,0,30,9,1,1,0,0,0,65536,65536,65536,0,0,0,7500,9020,9020,0,0,0,0,1370910,26662,0,0,1371030,26662,65536,65536,0,0,0,0,
299,300,1500,578,11,14,-25,0,1,65,9,24,1,0,0,0,2048,2048,0,0,0,0,0,14726,14726,0,0,735,0,1178,0,0,0,5580,0,65536,2048,0,0,0,0,
299,300,1500,578,11,14,-25,0,2,69,9,24,23,0,0,0,62805,62805,0,0,0,0,0,643996,616496,0,27500,0,0,1103845,0,0,0,2752398,0,65536,65535,0,0,0,0,
299,300,1500,578,11,14,-25,0,3,79,2,24,1,0,0,0,2048,2048,0,0,0,0,0,3333,3333,0,0,0,0,1599,0,0,0,7597,0,65536,2048,0,0,0,0,
299,300,1500,578,11,14,-25,0,4,90,2,1,1,0,0,0,18252,18252,65536,0,0,0,1392,4114,4114,0,0,0,0,66504,556,0,0,315960,556,65536,18252,0,0,0,0,
299,300,1500,578,11,14,-25,0,5,98,2,1,1,0,0,0,2048,2048,-11449,0,0,0,156,299,299,0,0,0,0,107,1854,0,0,511,1854,-49841,2048,0,0,0,0,
299,300,1500,578,11,14,-25,0,6,102,8,24,21,0,0,0,57344,57344,0,0,0,0,0,378000,334740,0,43260,25410,0,70483,0,0,0,365475,0,65536,57704,0,0,0,0,
299,300,1500,578,11,14,-25,0,7,106,20,1,1,0,0,0,65536,65536,0,0,0,0,0,0,0,0,0,0,0,0,0,0,0,0,0,0,65536,0,0,0,0,
299,300,1500,578,11,14,-25,0,8,203,20,18,18,36,36,0,65536,65536,65536,0,0,0,0,9000,9000,0,0,4500,0,7200000,0,4100040,4100040,7200000,4100040,61573,65536,3228120,3228120,871920,871920,
299,300,1500,578,11,14,-25,0,9,238,12,24,3,0,0,0,8192,8192,65536,0,0,0,150,64800,58620,0,6180,10725,0,25134,12124,0,0,175049,12124,51275,10922,0,0,0,0,
299,300,1500,578,11,14,-25,0,10,239,9,24,0,0,0,0,0,0,0,3,0,1,0,0,0,0,0,0,0,0,0,0,0,0,0,-59214,0,0,0,0,0,
299,300,1500,578,11,14,-25,0,11,242,20,1,1,2,2,0,65536,65536,2981,0,0,0,0,12500,12500,0,0,2500,0,187500,0,179340,179340,187500,179340,-5953,65536,179340,179340,0,0,
299,300,1500,578,11,14,-25,0,12,251,9,24,0,0,0,0,0,0,0,3,1,1,0,0,0,0,0,0,0,0,0,0,0,0,0,9715,0,0,0,0,0,
300,301,1505,578,11,14,-25,0,0,30,9,1,1,0,0,0,65536,65536,65536,0,0,0,7500,9020,9020,0,0,0,0,1370910,26332,0,0,1371030,26332,65536,65536,0,0,0,0,
300,301,1505,578,11,14,-25,0,1,65,9,24,1,0,0,0,2048,2048,0,0,0,0,0,14726,14726,0,0,735,0,1178,0,0,0,5580,0,65536,2048,0,0,0,0,
300,301,1505,578,11,14,-25,0,2,69,9,24,23,0,0,0,62805,62805,0,0,0,0,0,643996,590096,0,53900,0,0,1131549,0,0,0,2767157,0,65536,65535,0,0,0,0,
300,301,1505,578,11,14,-25,0,3,79,2,24,1,0,0,0,2048,2048,0,0,0,0,0,3333,3333,0,0,0,0,1599,0,0,0,7597,0,65536,2048,0,0,0,0,
300,301,1505,578,11,14,-25,0,4,90,2,1,1,0,0,0,2048,2048,65536,0,0,0,156,461,461,0,0,0,0,31029,62,0,0,31130,62,65536,2048,0,0,0,0,
300,301,1505,578,11,14,-25,0,5,98,2,1,1,0,0,0,2048,2048,-12307,0,0,0,156,299,299,0,0,0,0,107,1985,0,0,511,1985,-50873,2048,0,0,0,0,
300,301,1505,578,11,14,-25,0,6,102,8,24,17,0,0,0,46421,46421,0,0,0,0,0,305997,270977,0,35020,20569,0,54195,0,0,0,298576,0,65536,47735,0,0,0,0,
300,301,1505,578,11,14,-25,0,7,106,20,1,1,0,0,0,65536,65536,0,0,0,0,0,0,0,0,0,0,0,0,0,0,0,0,0,0,65536,0,0,0,0,
300,301,1505,578,11,14,-25,0,8,203,20,18,18,36,36,0,65536,65536,65536,0,0,0,0,9000,9000,0,0,4500,0,7200000,0,4100040,4100040,7200000,4100040,61573,65536,3228120,3228120,871920,871920,
300,301,1505,578,11,14,-25,0,9,238,12,24,3,0,0,0,8192,8192,65536,0,0,0,150,64800,58620,0,6180,10725,0,23646,10645,0,0,164229,10645,48476,10922,0,0,0,0,
300,301,1505,578,11,14,-25,0,10,239,9,24,0,0,0,0,0,0,0,3,0,1,0,0,0,0,0,0,0,0,0,0,0,0,0,-58337,0,0,0,0,0,
300,301,1505,578,11,14,-25,0,11,242,20,1,1,2,2,0,65536,65536,2981,0,0,0,0,12500,12500,0,0,2500,0,187500,0,179340,179340,187500,179340,-5953,65536,179340,179340,0,0,
300,301,1505,578,11,14,-25,0,12,251,9,24,24,0,0,0,65536,65536,-4250,0,0,0,24000,216960,216960,0,0,13560,126000,1592880,1703352,0,0,2622720,1703352,26205,65536,0,0,0,0,
301,302,1510,578,11,14,-25,0,0,30,9,1,1,0,0,0,65536,65536,65536,0,0,0,7500,9020,9020,0,0,0,0,1370910,26345,0,0,1371030,26345,65536,65536,0,0,0,0,
301,302,1510,578,11,14,-25,0,1,65,9,24,1,0,0,0,2048,2048,0,0,0,0,0,14726,14726,0,0,735,0,1178,0,0,0,5580,0,65536,2048,0,0,0,0,
301,302,1510,578,11,14,-25,0,2,69,9,24,23,0,0,0,62805,62805,0,0,0,0,0,643996,591196,0,52800,0,0,1135872,0,0,0,2780597,0,65536,65535,0,0,0,0,
301,302,1510,578,11,14,-25,0,3,79,2,24,1,0,0,0,2048,2048,0,0,0,0,0,3333,3333,0,0,0,0,1599,0,0,0,7597,0,65536,2048,0,0,0,0,
301,302,1510,578,11,14,-25,0,4,90,2,1,1,0,0,0,65536,65536,65536,0,0,0,5000,14775,14775,0,0,0,0,1027427,2000,0,0,1027480,2000,65536,65536,0,0,0,0,
301,302,1510,578,11,14,-25,0,5,98,2,1,1,0,0,0,2048,2048,-12386,0,0,0,156,299,299,0,0,0,0,107,1997,0,0,511,1997,-50962,2048,0,0,0,0,
301,302,1510,578,11,14,-25,0,6,102,8,24,14,0,0,0,38229,38229,0,0,0,0,0,251997,223157,0,28840,16939,0,44631,0,0,0,252722,0,65536,40404,0,0,0,0,
301,302,1510,578,11,14,-25,0,7,106,20,1,1,0,0,0,65536,65536,0,0,0,0,0,0,0,0,0,0,0,0,0,0,0,0,0,0,65536,0,0,0,0,
301,302,1510,578,11,14,-25,0,8,203,20,18,18,36,36,0,65536,65536,65536,0,0,0,0,9000,9000,0,0,4500,0,7200000,0,4100040,4100040,7200000,4100040,61573,65536,3228120,3228120,871920,871920,
301,302,1510,578,11,14,-25,0,9,238,12,24,3,0,0,0,8192,8192,65536,0,0,0,150,64800,58620,0,6180,10725,0,23336,10980,0,0,161990,10980,47572,10922,0,0,0,0,
301,302,1510,578,11,14,-25,0,10,239,9,24,0,0,0,0,0,0,0,3,0,1,0,0,0,0,0,0,0,0,0,0,0,0,0,-58556,0,0,0,0,0,
301,302,1510,578,11,14,-25,0,11,242,20,1,1,2,2,0,65536,65536,2981,0,0,0,0,12500,12500,0,0,2500,0,187500,0,179340,179340,187500,179340,-5953,65536,179340,179340,0,0,
301,302,1510,578,11,14,-25,0,12,251,9,24,23,0,0,0,22276,62805,-44811,0,0,0,8157,73745,73745,0,0,4609,42828,188831,597116,0,0,2546563,597116,23945,63251,0,0,0,0,
302,303,1515,578,11,14,-25,0,0,30,9,1,1,0,0,0,65536,65536,65536,0,0,0,7500,9020,9020,0,0,0,0,1370910,26632,0,0,1371030,26632,65536,65536,0,0,0,0,
302,303,1515,578,11,14,-25,0,1,65,9,24,1,0,0,0,2048,2048,0,0,0,0,0,14726,14726,0,0,735,0,1178,0,0,0,5580,0,65536,2048,0,0,0,0,
302,303,1515,578,11,14,-25,0,2,69,9,24,23,0,0,0,62805,62805,0,0,0,0,0,643996,591196,0,52800,0,0,1183332,0,0,0,2802797,0,65536,65535,0,0,0,0,
302,303,1515,578,11,14,-25,0,3,79,2,24,1,0,0,0,2048,2048,0,0,0,0,0,3333,3333,0,0,0,0,1599,0,0,0,7597,0,65536,2048,0,0,0,0,
302,303,1515,578,11,14,-25,0,4,90,2,1,1,0,0,0,65536,65536,65536,0,0,0,5000,14775,14775,0,0,0,0,1153318,2000,0,0,1153380,2000,65536,65536,0,0,0,0,
302,303,1515,578,11,14,-25,0,5,98,2,1,1,0,0,0,2048,2048,-12274,0,0,0,156,299,299,0,0,0,0,107,1980,0,0,511,1980,-50837,2048,0,0,0,0,
302,303,1515,578,11,14,-25,0,6,102,8,24,12,0,0,0,32768,32768,0,0,0,0,0,216000,191280,0,24720,14520,0,38256,0,0,0,216556,0,65536,34622,0,0,0,0,
302,303,1515,578,11,14,-25,0,7,106,20,1,1,0,0,0,65536,65536,0,0,0,0,0,0,0,0,0,0,0,0,0,0,0,0,0,0,65536,0,0,0,0,
302,303,1515,578,11,14,-25,0,8,203,20,18,18,36,36,0,65536,65536,65536,0,0,0,0,9000,9000,0,0,4500,0,7200000,0,4100040,4100040,7200000,4100040,61573,65536,3228120,3228120,871920,871920,
302,303,1515,578,11,14,-25,0,9,238,12,24,3,0,0,0,8192,8192,65536,0,0,0,150,64800,58620,0,6180,10725,0,82377,12325,0,0,164749,12325,47801,10922,0,0,0,0,
302,303,1515,578,11,14,-25,0,10,239,9,24,0,0,0,0,0,0,0,3,0,1,0,0,0,0,0,0,0,0,0,0,0,0,0,-59318,0,0,0,0,0,
302,303,1515,578,11,14,-25,0,11,242,20,1,1,2,2,0,65536,65536,2981,0,0,0,0,12500,12500,0,0,2500,0,187500,0,179340,179340,187500,179340,-5953,65536,179340,179340,0,0,
302,303,1515,578,11,14,-25,0,12,251,9,24,23,0,0,0,39938,62805,-43784,1,0,0,14625,132216,132216,0,0,8263,76785,398864,1201765,0,0,2570610,1201765,13504,64393,0,0,0,0,
303,304,1520,578,11,14,-25,0,0,30,9,1,1,0,0,0,65536,65536,65536,0,0,0,7500,9020,9020,0,0,0,0,1370910,27130,0,0,1371030,27130,65536,65536,0,0,0,0,
303,304,1520,578,11,14,-25,0,1,65,9,24,1,0,0,0,2048,2048,0,0,0,0,0,14726,14726,0,0,735,0,1178,0,0,0,5580,0,65536,2048,0,0,0,0,
303,304,1520,578,11,14,-25,0,2,69,9,24,23,0,0,0,62805,62805,0,0,0,0,0,643996,593396,0,50600,0,0,1217835,0,0,0,2830396,0,65536,65535,0,0,0,0,
303,304,1520,578,11,14,-25,0,3,79,2,24,1,0,0,0,2048,2048,0,0,0,0,0,3333,3333,0,0,0,0,1599,0,0,0,7597,0,65536,2048,0,0,0,0,
303,304,1520,578,11,14,-25,0,4,90,2,1,1,0,0,0,65536,65536,65536,0,0,0,5000,14775,14775,0,0,0,0,1263180,2000,0,0,1263245,2000,65536,65536,0,0,0,0,
303,304,1520,578,11,14,-25,0,5,98,2,1,1,0,0,0,2048,2048,-11894,0,0,0,156,299,299,0,0,0,0,107,1922,0,0,511,1922,-50398,2048,0,0,0,0,
303,304,1520,578,11,14,-25,0,6,102,8,24,11,0,0,0,30037,30037,0,0,0,0,0,197997,175337,0,22660,13309,0,35067,0,0,0,196716,0,65536,31450,0,0,0,0,
303,304,1520,578,11,14,-25,0,7,106,20,1,1,0,0,0,65536,65536,0,0,0,0,0,0,0,0,0,0,0,0,0,0,0,0,0,0,65536,0,0,0,0,
303,304,1520,578,11,14,-25,0,8,203,20,18,18,36,36,0,65536,65536,65536,0,0,0,0,9000,9000,0,0,4500,0,7200000,0,4100040,4100040,7200000,4100040,61573,65536,3228120,3228120,871920,871920,
303,304,1520,578,11,14,-25,0,9,238,12,24,3,0,0,0,8192,8192,65536,0,0,0,150,64800,58620,0,6180,10725,0,86851,13500,0,0,171589,13500,49453,10922,0,0,0,0,
303,304,1520,578,11,14,-25,0,10,239,9,24,0,0,0,0,0,0,0,3,0,1,0,0,0,0,0,0,0,0,0,0,0,0,0,-59859,0,0,0,0,0,
303,304,1520,578,11,14,-25,0,11,242,20,1,1,2,2,0,65536,65536,2981,0,0,0,0,12500,12500,0,0,2500,0,187500,0,179340,179340,187500,179340,-5953,65536,179340,179340,0,0,
303,304,1520,578,11,14,-25,0,12,251,9,24,21,0,0,0,39938,57344,-49307,2,0,0,14625,132216,132216,0,0,8263,76785,325938,1316250,0,0,2245575,1316250,4531,57933,0,0,0,0,
304,305,1525,578,11,14,-25,0,0,30,9,1,1,0,0,0,65536,65536,65536,0,0,0,7500,9020,9020,0,0,0,0,1370910,27962,0,0,1371030,27962,65536,65536,0,0,0,0,
304,305,1525,578,11,14,-25,0,1,65,9,24,1,0,0,0,2048,2048,0,0,0,0,0,14726,14726,0,0,735,0,1178,0,0,0,5580,0,65536,2048,0,0,0,0,
304,305,1525,578,11,14,-25,0,2,69,9,24,23,0,0,0,62805,62805,0,0,0,0,0,643996,616496,0,27500,0,0,1261192,0,0,0,2859916,0,65536,65535,0,0,0,0,
304,305,1525,578,11,14,-25,0,3,79,2,24,1,0,0,0,2048,2048,0,0,0,0,0,3333,3333,0,0,0,0,1599,0,0,0,7597,0,65536,2048,0,0,0,0,
304,305,1525,578,11,14,-25,0,4,90,2,1,1,0,0,0,65536,65536,65536,0,0,0,5000,14775,14775,0,0,0,0,411950,2000,0,0,1263245,2000,65536,65536,0,0,0,0,
304,305,1525,578,11,14,-25,0,5,98,2,1,1,0,0,0,2048,2048,-11265,0,0,0,156,299,299,0,0,0,0,107,1826,0,0,511,1826,-49597,2048,0,0,0,0,
304,305,1525,578,11,14,-25,0,6,102,8,24,17,0,0,0,46421,46421,0,0,0,0,0,305997,270977,0,35020,20569,0,105841,0,0,0,308468,0,65536,48493,0,0,0,0,
304,305,1525,578,11,14,-25,0,7,106,20,1,1,0,0,0,65536,65536,0,0,0,0,0,0,0,0,0,0,0,0,0,0,0,0,0,0,65536,0,0,0,0,
304,305,1525,578,11,14,-25,0,8,203,20,18,18,36,36,0,65536,65536,65536,0,0,0,0,9000,9000,0,0,4500,0,7200000,0,4100040,4100040,7200000,4100040,61573,65536,3228120,3228120,871920,871920,
304,305,1525,578,11,14,-25,0,9,238,12,24,24,0,0,0,65536,65536,65536,0,0,0,1200,518400,468960,0,49440,85800,0,413549,108000,0,0,1116840,108000,54217,65536,0,0,0,0,
304,305,1525,578,11,14,-25,0,10,239,9,24,0,0,0,0,0,0,0,3,0,1,0,0,0,0,0,0,0,0,0,0,0,0,0,-59859,0,0,0,0,0,
304,305,1525,578,11,14,-25,0,11,242,20,1,1,2,2,0,65536,65536,2981,0,0,0,0,12500,12500,0,0,2500,0,187500,0,179340,179340,187500,179340,-5953,65536,179340,179340,0,0,
304,305,1525,578,11,14,-25,0,12,251,9,24,0,0,0,0,0,0,0,3,0,1,0,0,0,0,0,0,0,0,0,0,0,0,0,1012,0,0,0,0,0,
305,306,1530,578,11,14,-25,0,0,30,9,1,1,0,0,0,65536,65536,65536,0,0,0,7500,9020,9020,0,0,0,0,1370910,27905,0,0,1371030,27905,65536,65536,0,0,0,0,
305,306,1530,578,11,14,-25,0,1,65,9,24,1,0,0,0,2048,2048,0,0,0,0,0,14726,14726,0,0,735,0,1178,0,0,0,5580,0,65536,2048,0,0,0,0,
305,306,1530,578,11,14,-25,0,2,69,9,24,23,0,0,0,62805,62805,0,0,0,0,0,643996,616496,0,27500,0,0,1415445,0,0,0,2912355,0,65536,65535,0,0,0,0,
305,306,1530,578,11,14,-25,0,3,79,2,24,1,0,0,0,2048,2048,0,0,0,0,0,3333,3333,0,0,0,0,1599,0,0,0,7597,0,65536,2048,0,0,0,0,
305,306,1530,578,11,14,-25,0,4,90,2,1,1,0,0,0,19602,19602,65536,0,0,0,1495,4419,4419,0,0,0,0,71647,598,0,0,340338,598,65536,19602,0,0,0,0,
305,306,1530,578,11,14,-25,0,5,98,2,1,1,0,0,0,2048,2048,-11442,0,0,0,156,299,299,0,0,0,0,107,1853,0,0,511,1853,-49831,2048,0,0,0,0,
305,306,1530,578,11,14,-25,0,6,102,8,24,20,0,0,0,54613,54613,0,0,0,0,0,359997,318797,0,41200,24199,0,88960,0,0,0,365593,0,65536,57014,0,0,0,0,
305,306,1530,578,11,14,-25,0,7,106,20,1,1,0,0,0,65536,65536,0,0,0,0,0,0,0,0,0,0,0,0,0,0,0,0,0,0,65536,0,0,0,0,
305,306,1530,578,11,14,-25,0,8,203,20,18,18,36,36,0,65536,65536,65536,0,0,0,0,9000,9000,0,0,4500,0,7200000,0,4100040,4100040,7200000,4100040,61573,65536,3228120,3228120,871920,871920,
305,306,1530,578,11,14,-25,0,9,238,12,24,3,0,0,0,8192,8192,65536,0,0,0,150,64800,58620,0,6180,10725,0,25093,12160,0,0,174789,12160,51177,10922,0,0,0,0,
305,306,1530,578,11,14,-25,0,10,239,9,24,0,0,0,0,0,0,0,3,0,1,0,0,0,0,0,0,0,0,0,0,0,0,0,-59233,0,0,0,0,0,
305,306,1530,578,11,14,-25,0,11,242,20,1,1,2,2,0,65536,65536,2981,0,0,0,0,12500,12500,0,0,2500,0,187500,0,179340,179340,187500,179340,-5953,65536,179340,179340,0,0,
305,306,1530,578,11,14,-25,0,12,251,9,24,0,0,0,0,0,0,0,3,1,1,0,0,0,0,0,0,0,0,0,0,0,0,0,9447,0,0,0,0,0,
306,307,1535,578,11,14,-25,0,0,30,9,1,1,0,0,0,65536,65536,65536,0,0,0,7500,9020,9020,0,0,0,0,1370910,27842,0,0,1371030,27842,65536,65536,0,0,0,0,
306,307,1535,578,11,14,-25,0,1,65,9,24,1,0,0,0,2048,2048,0,0,0,0,0,14726,14726,0,0,735,0,1178,0,0,0,5580,0,65536,2048,0,0,0,0,
306,307,1535,578,11,14,-25,0,2,69,9,24,23,0,0,0,62805,62805,0,0,0,0,0,643996,590096,0,53900,0,0,1396035,0,0,0,2960114,0,65536,65535,0,0,0,0,
306,307,1535,578,11,14,-25,0,3,79,2,24,1,0,0,0,2048,2048,0,0,0,0,0,3333,3333,0,0,0,0,1599,0,0,0,7597,0,65536,2048,0,0,0,0,
306,307,1535,578,11,14,-25,0,4,90,2,1,1,0,0,0,2077,2077,65536,0,0,0,158,468,468,0,0,0,0,31616,63,0,0,31687,63,65536,2077,0,0,0,0,
306,307,1535,578,11,14,-25,0,5,98,2,1,1,0,0,0,2048,2048,-12360,0,0,0,156,299,299,0,0,0,0,107,1993,0,0,511,1993,-50933,2048,0,0,0,0,
306,307,1535,578,11,14,-25,0,6,102,8,24,17,0,0,0,46421,46421,0,0,0,0,0,305997,270977,0,35020,20569,0,54195,0,0,0,306395,0,65536,48985,0,0,0,0,
306,307,1535,578,11,14,-25,0,7,106,20,1,1,0,0,0,65536,65536,0,0,0,0,0,0,0,0,0,0,0,0,0,0,0,0,0,0,65536,0,0,0,0,
306,307,1535,578,11,14,-25,0,8,203,20,18,18,36,36,0,65536,65536,65536,0,0,0,0,9000,9000,0,0,4500,0,7200000,0,4100040,4100040,7200000,4100040,61573,65536,3228120,3228120,871920,871920,
306,307,1535,578,11,14,-25,0,9,238,12,24,3,0,0,0,8192,8192,65536,0,0,0,150,64800,58620,0,6180,10725,0,23646,10684,0,0,164229,10684,48457,10922,0,0,0,0,
306,307,1535,578,11,14,-25,0,10,239,9,24,0,0,0,0,0,0,0,3,0,1,0,0,0,0,0,0,0,0,0,0,0,0,0,-58363,0,0,0,0,0,
306,307,1535,578,11,14,-25,0,11,242,20,1,1,2,2,0,65536,65536,2981,0,0,0,0,12500,12500,0,0,2500,0,187500,0,179340,179340,187500,179340,-5953,65536,179340,179340,0,0,
306,307,1535,578,11,14,-25,0,12,251,9,24,24,0,0,0,65536,65536,-1212,0,0,0,24000,216960,216960,0,0,13560,126000,1677972,1709592,0,0,2633640,1709592,26252,65536,0,0,0,0,
307,308,1540,578,11,14,-25,0,0,30,9,1,1,0,0,0,65536,65536,65536,0,0,0,7500,9020,9020,0,0,0,0,1370910,28050,0,0,1371030,28050,65536,65536,0,0,0,0,
307,308,1540,578,11,14,-25,0,1,65,9,24,1,0,0,0,2048,2048,0,0,0,0,0,14726,14726,0,0,735,0,1178,0,0,0,5580,0,65536,2048,0,0,0,0,
307,308,1540,578,11,14,-25,0,2,69,9,24,23,0,0,0,62805,62805,0,0,0,0,0,643996,591196,0,52800,0,0,1342394,0,0,0,2998394,0,65536,65535,0,0,0,0,
307,308,1540,578,11,14,-25,0,3,79,2,24,1,0,0,0,2048,2048,0,0,0,0,0,3333,3333,0,0,0,0,1599,0,0,0,7597,0,65536,2048,0,0,0,0,
307,308,1540,578,11,14,-25,0,4,90,2,1,1,0,0,0,65536,65536,65536,0,0,0,5000,14775,14775,0,0,0,0,1031579,2000,0,0,1031630,2000,65536,65536,0,0,0,0,
307,308,1540,578,11,14,-25,0,5,98,2,1,1,0,0,0,2048,2048,-12497,0,0,0,156,299,299,0,0,0,0,107,2014,0,0,511,2014,-51086,2048,0,0,0,0,
307,308,1540,578,11,14,-25,0,6,102,8,24,15,0,0,0,40960,40960,0,0,0,0,0,270000,239100,0,30900,18150,0,47820,0,0,0,269766,0,65536,43129,0,0,0,0,
307,308,1540,578,11,14,-25,0,7,106,20,1,1,0,0,0,65536,65536,0,0,0,0,0,0,0,0,0,0,0,0,0,0,0,0,0,0,65536,0,0,0,0,
307,308,1540,578,11,14,-25,0,8,203,20,18,18,36,36,0,65536,65536,65536,0,0,0,0,9000,9000,0,0,4500,0,7200000,0,4100040,4100040,7200000,4100040,61573,65536,3228120,3228120,871920,871920,
307,308,1540,578,11,14,-25,0,9,238,12,24,3,0,0,0,8192,8192,65536,0,0,0,150,64800,58620,0,6180,10725,0,23336,11024,0,0,161990,11024,47552,10922,0,0,0,0,
307,308,1540,578,11,14,-25,0,10,239,9,24,0,0,0,0,0,0,0,3,0,1,0,0,0,0,0,0,0,0,0,0,0,0,0,-58584,0,0,0,0,0,
307,308,1540,578,11,14,-25,0,11,242,20,1,1,2,2,0,65536,65536,2981,0,0,0,0,12500,12500,0,0,2500,0,187500,0,179340,179340,187500,179340,-5953,65536,179340,179340,0,0,
307,308,1540,578,11,14,-25,0,12,251,9,24,23,0,0,0,23145,62805,-44716,0,0,0,8475,76622,76622,0,0,4788,44498,197883,622904,0,0,2639187,622904,24361,64990,0,0,0,0,
308,309,1545,578,11,14,-25,0,0,30,9,1,1,0,0,0,65536,65536,65536,0,0,0,7500,9020,9020,0,0,0,0,1370910,28430,0,0,1371030,28430,65536,65536,0,0,0,0,
308,309,1545,578,11,14,-25,0,1,65,9,24,1,0,0,0,2048,2048,0,0,0,0,0,14726,14726,0,0,735,0,1178,0,0,0,5580,0,65536,2048,0,0,0,0,
308,309,1545,578,11,14,-25,0,2,69,9,24,23,0,0,0,62805,62805,0,0,0,0,0,643996,591196,0,52800,0,0,1322357,0,0,0,3031993,0,65536,65535,0,0,0,0,
308,309,1545,578,11,14,-25,0,3,79,2,24,1,0,0,0,2048,2048,0,0,0,0,0,3333,3333,0,0,0,0,1599,0,0,0,7597,0,65536,2048,0,0,0,0,
308,309,1545,578,11,14,-25,0,4,90,2,1,1,0,0,0,65536,65536,65536,0,0,0,5000,14775,14775,0,0,0,0,1158360,2000,0,0,1158360,2000,65536,65536,0,0,0,0,
308,309,1545,578,11,14,-25,0,5,98,2,1,1,0,0,0,2048,2048,-12419,0,0,0,156,299,299,0,0,0,0,107,2002,0,0,511,2002,-51001,2048,0,0,0,0,
308,309,1545,578,11,14,-25,0,6,102,8,24,13,0,0,0,35498,35498,0,0,0,0,0,233995,207215,0,26780,15729,0,41443,0,0,0,237404,0,65536,37955,0,0,0,0,
308,309,1545,578,11,14,-25,0,7,106,20,1,1,0,0,0,65536,65536,0,0,0,0,0,0,0,0,0,0,0,0,0,0,0,0,0,0,65536,0,0,0,0,
308,309,1545,578,11,14,-25,0,8,203,20,18,18,36,36,0,65536,65536,65536,0,0,0,0,9000,9000,0,0,4500,0,7200000,0,4100040,4100040,7200000,4100040,61573,65536,3228120,3228120,871920,871920,
308,309,1545,578,11,14,-25,0,9,238,12,24,3,0,0,0,8192,8192,65536,0,0,0,150,64800,58620,0,6180,10725,0,82419,12379,0,0,164809,12379,47795,10922,0,0,0,0,
308,309,1545,578,11,14,-25,0,10,239,9,24,0,0,0,0,0,0,0,3,0,1,0,0,0,0,0,0,0,0,0,0,0,0,0,-59345,0,0,0,0,0,
308,309,1545,578,11,14,-25,0,11,242,20,1,1,2,2,0,65536,65536,2981,0,0,0,0,12500,12500,0,0,2500,0,187500,0,179340,179340,187500,179340,-5953,65536,179340,179340,0,0,
308,309,1545,578,11,14,-25,0,12,251,9,24,23,0,0,0,39938,62805,-41208,1,0,0,14625,132216,132216,0,0,8263,76785,448031,1206957,0,0,2634738,1206957,14052,65263,0,0,0,0,
309,310,1550,578,11,14,-25,0,0,30,9,1,1,0,0,0,65536,65536,65536,0,0,0,7500,9020,9020,0,0,0,0,1370910,28905,0,0,1371030,28905,65536,65536,0,0,0,0,
309,310,1550,578,11,14,-25,0,1,65,9,24,1,0,0,0,2048,2048,0,0,0,0,0,14726,14726,0,0,735,0,1178,0,0,0,5580,0,65536,2048,0,0,0,0,
309,310,1550,578,11,14,-25,0,2,69,9,24,23,0,0,0,62805,62805,0,0,0,0,0,643996,593396,0,50600,0,0,1278085,0,0,0,3056113,0,65536,65535,0,0,0,0,
309,310,1550,578,11,14,-25,0,3,79,2,24,1,0,0,0,2048,2048,0,0,0,0,0,3333,3333,0,0,0,0,1599,0,0,0,7597,0,65536,2048,0,0,0,0,
309,310,1550,578,11,14,-25,0,4,90,2,1,1,0,0,0,65536,65536,65536,0,0,0,5000,14775,14775,0,0,0,0,1263180,2000,0,0,1263245,2000,65536,65536,0,0,0,0,
309,310,1550,578,11,14,-25,0,5,98,2,1,1,0,0,0,2048,2048,-12065,0,0,0,156,299,299,0,0,0,0,107,1948,0,0,511,1948,-50597,2048,0,0,0,0,
309,310,1550,578,11,14,-25,0,6,102,8,24,12,0,0,0,32768,32768,0,0,0,0,0,216000,191280,0,24720,14520,0,38256,0,0,0,218952,0,65536,35005,0,0,0,0,
309,310,1550,578,11,14,-25,0,7,106,20,1,1,0,0,0,65536,65536,0,0,0,0,0,0,0,0,0,0,0,0,0,0,0,0,0,0,65536,0,0,0,0,
309,310,1550,578,11,14,-25,0,8,203,20,18,18,36,36,0,65536,65536,65536,0,0,0,0,9000,9000,0,0,4500,0,7200000,0,4100040,4100040,7200000,4100040,61573,65536,3228120,3228120,871920,871920,
309,310,1550,578,11,14,-25,0,9,238,12,24,3,0,0,0,8192,8192,65536,0,0,0,150,64800,58620,0,6180,10725,0,86935,13500,0,0,171729,13500,49499,10922,0,0,0,0,
309,310,1550,578,11,14,-25,0,10,239,9,24,0,0,0,0,0,0,0,3,0,1,0,0,0,0,0,0,0,0,0,0,0,0,0,-59859,0,0,0,0,0,
309,310,1550,578,11,14,-25,0,11,242,20,1,1,2,2,0,65536,65536,2981,0,0,0,0,12500,12500,0,0,2500,0,187500,0,179340,179340,187500,179340,-5953,65536,179340,179340,0,0,
309,310,1550,578,11,14,-25,0,12,251,9,24,21,0,0,0,39938,57344,-49091,2,0,0,14625,132216,132216,0,0,8263,76785,330275,1316250,0,0,2331971,1316250,5464,59371,0,0,0,0,
310,311,1555,578,11,14,-25,0,0,30,9,1,1,0,0,0,65536,65536,65536,0,0,0,7500,9020,9020,0,0,0,0,1370910,29530,0,0,1371030,29530,65536,65536,0,0,0,0,
310,311,1555,578,11,14,-25,0,1,65,9,24,1,0,0,0,2048,2048,0,0,0,0,0,14726,14726,0,0,735,0,1178,0,0,0,5580,0,65536,2048,0,0,0,0,
310,311,1555,578,11,14,-25,0,2,69,9,24,23,0,0,0,62805,62805,0,0,0,0,0,643996,616496,0,27500,0,0,1191785,0,0,0,3061513,0,65536,65535,0,0,0,0,
310,311,1555,578,11,14,-25,0,3,79,2,24,1,0,0,0,2048,2048,0,0,0,0,0,3333,3333,0,0,0,0,1599,0,0,0,7597,0,65536,2048,0,0,0,0,
310,311,1555,578,11,14,-25,0,4,90,2,1,1,0,0,0,65536,65536,65536,0,0,0,5000,14775,14775,0,0,0,0,412287,2000,0,0,1263245,2000,65536,65536,0,0,0,0,
310,311,1555,578,11,14,-25,0,5,98,2,1,1,0,0,0,2048,2048,-11337,0,0,0,156,299,299,0,0,0,0,107,1837,0,0,511,1837,-49698,2048,0,0,0,0,
310,311,1555,578,11,14,-25,0,6,102,8,24,18,0,0,0,49152,49152,0,0,0,0,0,324000,286920,0,37080,21780,0,104227,0,0,0,319035,0,65536,50270,0,0,0,0,
310,311,1555,578,11,14,-25,0,7,106,20,1,1,0,0,0,65536,65536,0,0,0,0,0,0,0,0,0,0,0,0,0,0,0,0,0,0,65536,0,0,0,0,
310,311,1555,578,11,14,-25,0,8,203,20,18,18,36,36,0,65536,65536,65536,0,0,0,0,9000,9000,0,0,4500,0,7200000,0,4100040,4100040,7200000,4100040,61573,65536,3228120,3228120,871920,871920,
310,311,1555,578,11,14,-25,0,9,238,12,24,24,0,0,0,65536,65536,65536,0,0,0,1200,518400,468960,0,49440,85800,0,407154,108000,0,0,1115640,108000,54152,65536,0,0,0,0,
310,311,1555,578,11,14,-25,0,10,239,9,24,0,0,0,0,0,0,0,3,0,1,0,0,0,0,0,0,0,0,0,0,0,0,0,-59859,0,0,0,0,0,
310,311,1555,578,11,14,-25,0,11,242,20,1,1,2,2,0,65536,65536,2981,0,0,0,0,12500,12500,0,0,2500,0,187500,0,179340,179340,187500,179340,-5953,65536,179340,179340,0,0,
310,311,1555,578,11,14,-25,0,12,251,9,24,0,0,0,0,0,0,0,3,0,1,0,0,0,0,0,0,0,0,0,0,0,0,0,1433,0,0,0,0,0,
311,312,1560,578,11,14,-25,0,0,30,9,1,1,0,0,0,65536,65536,65536,0,0,0,7500,9020,9020,0,0,0,0,1370910,29217,0,0,1371030,29217,65536,65536,0,0,0,0,
311,312,1560,578,11,14,-25,0,1,65,9,24,1,0,0,0,2048,2048,0,0,0,0,0,14726,14726,0,0,735,0,1178,0,0,0,5580,0,65536,2048,0,0,0,0,
311,312,1560,578,11,14,-25,0,2,69,9,24,23,0,0,0,62805,62805,0,0,0,0,0,643996,616496,0,27500,0,0,1295376,0,0,0,3081072,0,65536,65535,0,0,0,0,
311,312,1560,578,11,14,-25,0,3,79,2,24,1,0,0,0,2048,2048,0,0,0,0,0,3333,3333,0,0,0,0,1599,0,0,0,7597,0,65536,2048,0,0,0,0,
311,312,1560,578,11,14,-25,0,4,90,2,1,1,0,0,0,19613,19613,65536,0,0,0,1496,4421,4421,0,0,0,0,71679,598,0,0,340529,598,65536,19613,0,0,0,0,
311,312,1560,578,11,14,-25,0,5,98,2,1,1,0,0,0,2048,2048,-11508,0,0,0,156,299,299,0,0,0,0,107,1863,0,0,511,1863,-49916,2048,0,0,0,0,
311,312,1560,578,11,14,-25,0,6,102,8,24,21,0,0,0,57344,57344,0,0,0,0,0,378000,334740,0,43260,25410,0,75164,0,0,0,368643,0,65536,57903,0,0,0,0,
311,312,1560,578,11,14,-25,0,7,106,20,1,1,0,0,0,65536,65536,0,0,0,0,0,0,0,0,0,0,0,0,0,0,0,0,0,0,65536,0,0,0,0,
311,312,1560,578,11,14,-25,0,8,203,20,18,18,36,36,0,65536,65536,65536,0,0,0,0,9000,9000,0,0,4500,0,7200000,0,4100040,4100040,7200000,4100040,61573,65536,3228120,3228120,871920,871920,
311,312,1560,578,11,14,-25,0,9,238,12,24,3,0,0,0,8192,8192,65536,0,0,0,150,64800,58620,0,6180,10725,0,25068,12160,0,0,174609,12160,51118,10922,0,0,0,0,
311,312,1560,578,11,14,-25,0,10,239,9,24,0,0,0,0,0,0,0,3,0,1,0,0,0,0,0,0,0,0,0,0,0,0,0,-59233,0,0,0,0,0,
311,312,1560,578,11,14,-25,0,11,242,20,1,1,2,2,0,65536,65536,2981,0,0,0,0,12500,12500,0,0,2500,0,187500,0,179340,179340,187500,179340,-5953,65536,179340,179340,0,0,
311,312,1560,578,11,14,-25,0,12,251,9,24,0,0,0,0,0,0,0,3,1,1,0,0,0,0,0,0,0,0,0,0,0,0,0,9859,0,0,0,0,0,
312,313,1565,578,11,14,-25,0,0,30,9,1,1,0,0,0,65536,65536,65536,0,0,0,7500,9020,9020,0,0,0,0,1370910,28810,0,0,1371030,28810,65536,65536,0,0,0,0,
312,313,1565,578,11,14,-25,0,1,65,9,24,1,0,0,0,2048,2048,0,0,0,0,0,14726,14726,0,0,735,0,1178,0,0,0,5580,0,65536,2048,0,0,0,0,
312,313,1565,578,11,14,-25,0,2,69,9,24,23,0,0,0,62805,62805,0,0,0,0,0,643996,590096,0,53900,0,0,1202525,0,0,0,3085032,0,65536,65535,0,0,0,0,
312,313,1565,578,11,14,-25,0,3,79,2,24,1,0,0,0,2048,2048,0,0,0,0,0,3333,3333,0,0,0,0,1599,0,0,0,7597,0,65536,2048,0,0,0,0,
312,313,1565,578,11,14,-25,0,4,90,2,1,1,0,0,0,2078,2078,65536,0,0,0,158,468,468,0,0,0,0,31616,63,0,0,31702,63,65536,2078,0,0,0,0,
312,313,1565,578,11,14,-25,0,5,98,2,1,1,0,0,0,2048,2048,-12425,0,0,0,156,299,299,0,0,0,0,107,2003,0,0,511,2003,-51006,2048,0,0,0,0,
312,313,1565,578,11,14,-25,0,6,102,8,24,17,0,0,0,46421,46421,0,0,0,0,0,305997,270977,0,35020,20569,0,54195,0,0,0,301404,0,65536,48187,0,0,0,0,
312,313,1565,578,11,14,-25,0,7,106,20,1,1,0,0,0,65536,65536,0,0,0,0,0,0,0,0,0,0,0,0,0,0,0,0,0,0,65536,0,0,0,0,
312,313,1565,578,11,14,-25,0,8,203,20,18,18,36,36,0,65536,65536,65536,0,0,0,0,9000,9000,0,0,4500,0,7200000,0,4100040,4100040,7200000,4100040,61573,65536,3228120,3228120,871920,871920,
312,313,1565,578,11,14,-25,0,9,238,12,24,3,0,0,0,8192,8192,65536,0,0,0,150,64800,58620,0,6180,10725,0,23604,10684,0,0,163989,10684,48378,10922,0,0,0,0,
312,313,1565,578,11,14,-25,0,10,239,9,24,0,0,0,0,0,0,0,3,0,1,0,0,0,0,0,0,0,0,0,0,0,0,0,-58363,0,0,0,0,0,
312,313,1565,578,11,14,-25,0,11,242,20,1,1,2,2,0,65536,65536,2981,0,0,0,0,12500,12500,0,0,2500,0,187500,0,179340,179340,187500,179340,-5953,65536,179340,179340,0,0,
312,313,1565,578,11,14,-25,0,12,251,9,24,24,0,0,0,65536,65536,-1163,0,0,0,24000,216960,216960,0,0,13560,126000,1679233,1709592,0,0,2646600,1709592,26703,65536,0,0,0,0,
313,314,1570,578,11,14,-25,0,0,30,9,1,1,0,0,0,65536,65536,65536,0,0,0,7500,9020,9020,0,0,0,0,1370910,28610,0,0,1371030,28610,65536,65536,0,0,0,0,
313,314,1570,578,11,14,-25,0,1,65,9,24,1,0,0,0,2048,2048,0,0,0,0,0,14726,14726,0,0,735,0,1178,0,0,0,5580,0,65536,2048,0,0,0,0,
313,314,1570,578,11,14,-25,0,2,69,9,24,23,0,0,0,62805,62805,0,0,0,0,0,643996,591196,0,52800,0,0,1085898,0,0,0,3071593,0,65536,65535,0,0,0,0,
313,314,1570,578,11,14,-25,0,3,79,2,24,1,0,0,0,2048,2048,0,0,0,0,0,3333,3333,0,0,0,0,1599,0,0,0,7597,0,65536,2048,0,0,0,0,
313,314,1570,578,11,14,-25,0,4,90,2,1,1,0,0,0,65536,65536,65536,0,0,0,5000,14775,14775,0,0,0,0,1031579,2000,0,0,1031630,2000,65536,65536,0,0,0,0,
313,314,1570,578,11,14,-25,0,5,98,2,1,1,0,0,0,2048,2048,-12543,0,0,0,156,299,299,0,0,0,0,107,2021,0,0,511,2021,-51135,2048,0,0,0,0,
313,314,1570,578,11,14,-25,0,6,102,8,24,15,0,0,0,40960,40960,0,0,0,0,0,270000,239100,0,30900,18150,0,47820,0,0,0,256400,0,65536,40992,0,0,0,0,
313,314,1570,578,11,14,-25,0,7,106,20,1,1,0,0,0,65536,65536,0,0,0,0,0,0,0,0,0,0,0,0,0,0,0,0,0,0,65536,0,0,0,0,
313,314,1570,578,11,14,-25,0,8,203,20,18,18,36,36,0,65536,65536,65536,0,0,0,0,9000,9000,0,0,4500,0,7200000,0,4100040,4100040,7200000,4100040,61573,65536,3228120,3228120,871920,871920,
313,314,1570,578,11,14,-25,0,9,238,12,24,3,0,0,0,8192,8192,65536,0,0,0,150,64800,58620,0,6180,10725,0,23286,11024,0,0,161610,11024,47428,10922,0,0,0,0,
313,314,1570,578,11,14,-25,0,10,239,9,24,0,0,0,0,0,0,0,3,0,1,0,0,0,0,0,0,0,0,0,0,0,0,0,-58584,0,0,0,0,0,
313,314,1570,578,11,14,-25,0,11,242,20,1,1,2,2,0,65536,65536,2981,0,0,0,0,12500,12500,0,0,2500,0,187500,0,179340,179340,187500,179340,-5953,65536,179340,179340,0,0,
313,314,1570,578,11,14,-25,0,12,251,9,24,23,0,0,0,23161,62805,-44646,0,0,0,8481,76675,76675,0,0,4792,44529,198695,623345,0,0,2624149,623345,24669,64399,0,0,0,0,
314,315,1575,578,11,14,-25,0,0,30,9,1,1,0,0,0,65536,65536,65536,0,0,0,7500,9020,9020,0,0,0,0,1370910,28537,0,0,1371030,28537,65536,65536,0,0,0,0,
314,315,1575,578,11,14,-25,0,1,65,9,24,1,0,0,0,2048,2048,0,0,0,0,0,14726,14726,0,0,735,0,1178,0,0,0,5580,0,65536,2048,0,0,0,0,
314,315,1575,578,11,14,-25,0,2,69,9,24,23,0,0,0,62805,62805,0,0,0,0,0,643996,591196,0,52800,0,0,1019020,0,0,0,3048073,0,65536,65535,0,0,0,0,
314,315,1575,578,11,14,-25,0,3,79,2,24,1,0,0,0,2048,2048,0,0,0,0,0,3333,3333,0,0,0,0,1599,0,0,0,7597,0,65536,2048,0,0,0,0,
314,315,1575,578,11,14,-25,0,4,90,2,1,1,0,0,0,65536,65536,65536,0,0,0,5000,14775,14775,0,0,0,0,1158360,2000,0,0,1158360,2000,65536,65536,0,0,0,0,
314,315,1575,578,11,14,-25,0,5,98,2,1,1,0,0,0,2048,2048,-12438,0,0,0,156,299,299,0,0,0,0,107,2005,0,0,511,2005,-51020,2048,0,0,0,0,
314,315,1575,578,11,14,-25,0,6,102,8,24,12,0,0,0,32768,32768,0,0,0,0,0,216000,191280,0,24720,14520,0,38256,0,0,0,217638,0,65536,34795,0,0,0,0,
314,315,1575,578,11,14,-25,0,7,106,20,1,1,0,0,0,65536,65536,0,0,0,0,0,0,0,0,0,0,0,0,0,0,0,0,0,0,65536,0,0,0,0,
314,315,1575,578,11,14,-25,0,8,203,20,18,18,36,36,0,65536,65536,65536,0,0,0,0,9000,9000,0,0,4500,0,7200000,0,4100040,4100040,7200000,4100040,61573,65536,3228120,3228120,871920,871920,
314,315,1575,578,11,14,-25,0,9,238,12,24,3,0,0,0,8192,8192,65536,0,0,0,150,64800,58620,0,6180,10725,0,82126,12379,0,0,164369,12379,47651,10922,0,0,0,0,
314,315,1575,578,11,14,-25,0,10,239,9,24,0,0,0,0,0,0,0,3,0,1,0,0,0,0,0,0,0,0,0,0,0,0,0,-59345,0,0,0,0,0,
314,315,1575,578,11,14,-25,0,11,242,20,1,1,2,2,0,65536,65536,2981,0,0,0,0,12500,12500,0,0,2500,0,187500,0,179340,179340,187500,179340,-5953,65536,179340,179340,0,0,
314,315,1575,578,11,14,-25,0,12,251,9,24,23,0,0,0,39938,62805,-42833,1,0,0,14625,132216,132216,0,0,8263,76785,418110,1206957,0,0,2626238,1206957,14157,64967,0,0,0,0,
315,316,1580,578,11,14,-25,0,0,30,9,1,1,0,0,0,65536,65536,65536,0,0,0,7500,9020,9020,0,0,0,0,1370910,28535,0,0,1371030,28535,65536,65536,0,0,0,0,
315,316,1580,578,11,14,-25,0,1,65,9,24,1,0,0,0,2048,2048,0,0,0,0,0,14726,14726,0,0,735,0,1178,0,0,0,5580,0,65536,2048,0,0,0,0,
315,316,1580,578,11,14,-25,0,2,69,9,24,23,0,0,0,62805,62805,0,0,0,0,0,643996,594496,0,49500,0,0,943269,0,0,0,3012434,0,65536,65535,0,0,0,0,
315,316,1580,578,11,14,-25,0,3,79,2,24,1,0,0,0,2048,2048,0,0,0,0,0,3333,3333,0,0,0,0,1599,0,0,0,7597,0,65536,2048,0,0,0,0,
315,316,1580,578,11,14,-25,0,4,90,2,1,1,0,0,0,65536,65536,65536,0,0,0,5000,14775,14775,0,0,0,0,1263180,2000,0,0,1263245,2000,65536,65536,0,0,0,0,
315,316,1580,578,11,14,-25,0,5,98,2,1,1,0,0,0,2048,2048,-11947,0,0,0,156,299,299,0,0,0,0,107,1930,0,0,511,1930,-50454,2048,0,0,0,0,
315,316,1580,578,11,14,-25,0,6,102,8,24,11,0,0,0,30037,30037,0,0,0,0,0,197997,175337,0,22660,13309,0,35067,0,0,0,195227,0,65536,31212,0,0,0,0,
315,316,1580,578,11,14,-25,0,7,106,20,1,1,0,0,0,65536,65536,0,0,0,0,0,0,0,0,0,0,0,0,0,0,0,0,0,0,65536,0,0,0,0,
315,316,1580,578,11,14,-25,0,8,203,20,18,18,36,36,0,65536,65536,65536,0,0,0,0,9000,9000,0,0,4500,0,7200000,0,4100040,4100040,7200000,4100040,61573,65536,3228120,3228120,871920,871920,
315,316,1580,578,11,14,-25,0,9,238,12,24,3,0,0,0,8192,8192,65536,0,0,0,150,64800,58620,0,6180,10725,0,86559,13500,0,0,171149,13500,49309,10922,0,0,0,0,
315,316,1580,578,11,14,-25,0,10,239,9,24,0,0,0,0,0,0,0,3,0,1,0,0,0,0,0,0,0,0,0,0,0,0,0,-59859,0,0,0,0,0,
315,316,1580,578,11,14,-25,0,11,242,20,1,1,2,2,0,65536,65536,2981,0,0,0,0,12500,12500,0,0,2500,0,187500,0,179340,179340,187500,179340,-5953,65536,179340,179340,0,0,
315,316,1580,578,11,14,-25,0,12,251,9,24,20,0,0,0,39938,54613,-49246,2,0,0,14625,132216,132216,0,0,8263,76785,327155,1316250,0,0,2202430,1316250,4796,56606,0,0,0,0,
316,317,1585,578,11,14,-25,0,0,30,9,1,1,0,0,0,65536,65536,65536,0,0,0,7500,9020,9020,0,0,0,0,1370910,28597,0,0,1371030,28597,65536,65536,0,0,0,0,
316,317,1585,578,11,14,-25,0,1,65,9,24,1,0,0,0,2048,2048,0,0,0,0,0,14726,14726,0,0,735,0,1178,0,0,0,5580,0,65536,2048,0,0,0,0,
316,317,1585,578,11,14,-25,0,2,69,9,24,23,0,0,0,62805,62805,0,0,0,0,0,643996,616496,0,27500,0,0,796399,0,0,0,2948595,0,65536,65535,0,0,0,0,
316,317,1585,578,11,14,-25,0,3,79,2,24,1,0,0,0,2048,2048,0,0,0,0,0,3333,3333,0,0,0,0,1599,0,0,0,7597,0,65536,2048,0,0,0,0,
316,317,1585,578,11,14,-25,0,4,90,2,1,1,0,0,0,65536,65536,65536,0,0,0,5000,14775,14775,0,0,0,0,370100,2000,0,0,1263245,2000,65536,65536,0,0,0,0,
316,317,1585,578,11,14,-25,0,5,98,2,1,1,0,0,0,2048,2048,-11160,0,0,0,156,299,299,0,0,0,0,107,1810,0,0,511,1810,-49457,2048,0,0,0,0,
316,317,1585,578,11,14,-25,0,6,102,8,24,17,0,0,0,46421,46421,0,0,0,0,0,305997,270977,0,35020,20569,0,84320,0,0,0,305762,0,65536,48374,0,0,0,0,
316,317,1585,578,11,14,-25,0,7,106,20,1,1,0,0,0,65536,65536,0,0,0,0,0,0,0,0,0,0,0,0,0,0,0,0,0,0,65536,0,0,0,0,
316,317,1585,578,11,14,-25,0,8,203,20,18,18,36,36,0,65536,65536,65536,0,0,0,0,9000,9000,0,0,4500,0,7200000,0,4100040,4100040,7200000,4100040,61573,65536,3228120,3228120,871920,871920,
316,317,1585,578,11,14,-25,0,9,238,12,24,24,0,0,0,65536,65536,65536,0,0,0,1200,518400,468960,0,49440,85800,0,404783,108000,0,0,1108800,108000,53778,65536,0,0,0,0,
316,317,1585,578,11,14,-25,0,10,239,9,24,0,0,0,0,0,0,0,3,0,1,0,0,0,0,0,0,0,0,0,0,0,0,0,-59859,0,0,0,0,0,
316,317,1585,578,11,14,-25,0,11,242,20,1,1,2,2,0,65536,65536,2981,0,0,0,0,12500,12500,0,0,2500,0,187500,0,179340,179340,187500,179340,-5953,65536,179340,179340,0,0,
316,317,1585,578,11,14,-25,0,12,251,9,24,0,0,0,0,0,0,0,3,0,1,0,0,0,0,0,0,0,0,0,0,0,0,0,433,0,0,0,0,0,
317,318,1590,578,11,14,-25,0,0,30,9,1,1,0,0,0,65536,65536,65536,0,0,0,7500,9020,9020,0,0,0,0,1370910,27870,0,0,1371030,27870,65536,65536,0,0,0,0,
317,318,1590,578,11,14,-25,0,1,65,9,24,1,0,0,0,2048,2048,0,0,0,0,0,14726,14726,0,0,735,0,1178,0,0,0,5580,0,65536,2048,0,0,0,0,
317,318,1590,578,11,14,-25,0,2,69,9,24,23,0,0,0,62805,62805,0,0,0,0,0,643996,616496,0,27500,0,0,927156,0,0,0,2914395,0,65536,65535,0,0,0,0,
317,318,1590,578,11,14,-25,0,3,79,2,24,1,0,0,0,2048,2048,0,0,0,0,0,3333,3333,0,0,0,0,1599,0,0,0,7597,0,65536,2048,0,0,0,0,
317,318,1590,578,11,14,-25,0,4,90,2,1,1,0,0,0,19057,19057,65536,0,0,0,1453,4296,4296,0,0,0,0,69576,581,0,0,330511,581,65536,19057,0,0,0,0,
317,318,1590,578,11,14,-25,0,5,98,2,1,1,0,0,0,2048,2048,-11278,0,0,0,156,299,299,0,0,0,0,107,1828,0,0,511,1828,-49617,2048,0,0,0,0,
317,318,1590,578,11,14,-25,0,6,102,8,24,20,0,0,0,54613,54613,0,0,0,0,0,359997,318797,0,41200,24199,0,69214,0,0,0,361148,0,65536,56955,0,0,0,0,
317,318,1590,578,11,14,-25,0,7,106,20,1,1,0,0,0,65536,65536,0,0,0,0,0,0,0,0,0,0,0,0,0,0,0,0,0,0,65536,0,0,0,0,
317,318,1590,578,11,14,-25,0,8,203,20,18,18,36,36,0,65536,65536,65536,0,0,0,0,9000,9000,0,0,4500,0,7200000,0,4100040,4100040,7200000,4100040,61573,65536,3228120,3228120,871920,871920,
317,318,1590,578,11,14,-25,0,9,238,12,24,3,0,0,0,8192,8192,65536,0,0,0,150,64800,58620,0,6180,10725,0,24925,12146,0,0,173589,12146,50790,10922,0,0,0,0,
317,318,1590,578,11,14,-25,0,10,239,9,24,0,0,0,0,0,0,0,3,0,1,0,0,0,0,0,0,0,0,0,0,0,0,0,-59226,0,0,0,0,0,
317,318,1590,578,11,14,-25,0,11,242,20,1,1,2,2,0,65536,65536,2981,0,0,0,0,12500,12500,0,0,2500,0,187500,0,179340,179340,187500,179340,-5953,65536,179340,179340,0,0,
317,318,1590,578,11,14,-25,0,12,251,9,24,0,0,0,0,0,0,0,3,1,1,0,0,0,0,0,0,0,0,0,0,0,0,0,8520,0,0,0,0,0,
318,319,1595,578,11,14,-25,0,0,30,9,1,1,0,0,0,65536,65536,65536,0,0,0,7500,9020,9020,0,0,0,0,1370910,27105,0,0,1371030,27105,65536,65536,0,0,0,0,
318,319,1595,578,11,14,-25,0,1,65,9,24,1,0,0,0,2048,2048,0,0,0,0,0,14726,14726,0,0,735,0,1178,0,0,0,5580,0,65536,2048,0,0,0,0,
318,319,1595,578,11,14,-25,0,2,69,9,24,23,0,0,0,62805,62805,0,0,0,0,0,643996,590096,0,53900,0,0,866581,0,0,0,2872756,0,65536,65535,0,0,0,0,
318,319,1595,578,11,14,-25,0,3,79,2,24,1,0,0,0,2048,2048,0,0,0,0,0,3333,3333,0,0,0,0,1599,0,0,0,7597,0,65536,2048,0,0,0,0,
318,319,1595,578,11,14,-25,0,4,90,2,1,1,0,0,0,2048,2048,65536,0,0,0,156,461,461,0,0,0,0,31098,62,0,0,31200,62,65536,2048,0,0,0,0,
318,319,1595,578,11,14,-25,0,5,98,2,1,1,0,0,0,2048,2048,-12130,0,0,0,156,299,299,0,0,0,0,107,1958,0,0,511,1958,-50671,2048,0,0,0,0,
318,319,1595,578,11,14,-25,0,6,102,8,24,17,0,0,0,46421,46421,0,0,0,0,0,305997,270977,0,35020,20569,0,54195,0,0,0,299402,0,65536,47867,0,0,0,0,
318,319,1595,578,11,14,-25,0,7,106,20,1,1,0,0,0,65536,65536,0,0,0,0,0,0,0,0,0,0,0,0,0,0,0,0,0,0,65536,0,0,0,0,
318,319,1595,578,11,14,-25,0,8,203,20,18,18,36,36,0,65536,65536,65536,0,0,0,0,9000,9000,0,0,4500,0,7200000,0,4100040,4100040,7200000,4100040,61573,65536,3228120,3228120,871920,871920,
318,319,1595,578,11,14,-25,0,9,238,12,24,3,0,0,0,8192,8192,65536,0,0,0,150,64800,58620,0,6180,10725,0,23453,10669,0,0,162830,10669,48005,10922,0,0,0,0,
318,319,1595,578,11,14,-25,0,10,239,9,24,0,0,0,0,0,0,0,3,0,1,0,0,0,0,0,0,0,0,0,0,0,0,0,-58353,0,0,0,0,0,
318,319,1595,578,11,14,-25,0,11,242,20,1,1,2,2,0,65536,65536,2981,0,0,0,0,12500,12500,0,0,2500,0,187500,0,179340,179340,187500,179340,-5953,65536,179340,179340,0,0,
318,319,1595,578,11,14,-25,0,12,251,9,24,24,0,0,0,65536,65536,-5001,0,0,0,24000,216960,216960,0,0,13560,126000,1576866,1707144,0,0,2587200,1707144,24760,65536,0,0,0,0,
319,320,1600,578,11,14,-25,0,0,30,9,1,1,0,0,0,65536,65536,65536,0,0,0,7500,9020,9020,0,0,0,0,1370910,26615,0,0,1371030,26615,65536,65536,0,0,0,0,
319,320,1600,578,11,14,-25,0,1,65,9,24,1,0,0,0,2048,2048,0,0,0,0,0,14726,14726,0,0,735,0,1178,0,0,0,5580,0,65536,2048,0,0,0,0,
319,320,1600,578,11,14,-25,0,2,69,9,24,23,0,0,0,62805,62805,0,0,0,0,0,643996,591196,0,52800,0,0,801572,0,0,0,2822356,0,65536,65535,0,0,0,0,
319,320,1600,578,11,14,-25,0,3,79,2,24,1,0,0,0,2048,2048,0,0,0,0,0,3333,3333,0,0,0,0,1599,0,0,0,7597,0,65536,2048,0,0,0,0,
319,320,1600,578,11,14,-25,0,4,90,2,1,1,0,0,0,65536,65536,65536,0,0,0,5000,14775,14775,0,0,0,0,1029953,2000,0,0,1030005,2000,65536,65536,0,0,0,0,
319,320,1600,578,11,14,-25,0,5,98,2,1,1,0,0,0,2048,2048,-12196,0,0,0,156,299,299,0,0,0,0,107,1968,0,0,511,1968,-50752,2048,0,0,0,0,
319,320,1600,578,11,14,-25,0,6,102,8,24,14,0,0,0,38229,38229,0,0,0,0,0,251997,223157,0,28840,16939,0,44631,0,0,0,255699,0,65536,40880,0,0,0,0,
319,320,1600,578,11,14,-25,0,7,106,20,1,1,0,0,0,65536,65536,0,0,0,0,0,0,0,0,0,0,0,0,0,0,0,0,0,0,65536,0,0,0,0,
319,320,1600,578,11,14,-25,0,8,203,20,18,18,36,36,0,65536,65536,65536,0,0,0,0,9000,9000,0,0,4500,0,7200000,0,4100040,4100040,7200000,4100040,61573,65536,3228120,3228120,871920,871920,
319,320,1600,578,11,14,-25,0,9,238,12,24,3,0,0,0,8192,8192,65536,0,0,0,150,64800,58620,0,6180,10725,0,23135,11007,0,0,160530,11007,47087,10922,0,0,0,0,
319,320,1600,578,11,14,-25,0,10,239,9,24,0,0,0,0,0,0,0,3,0,1,0,0,0,0,0,0,0,0,0,0,0,0,0,-58573,0,0,0,0,0,
319,320,1600,578,11,14,-25,0,11,242,20,1,1,2,2,0,65536,65536,2981,0,0,0,0,12500,12500,0,0,2500,0,187500,0,179340,179340,187500,179340,-5953,65536,179340,179340,0,0,
319,320,1600,578,11,14,-25,0,12,251,9,24,23,0,0,0,22817,62805,-45155,0,0,0,8355,75536,75536,0,0,4721,43868,190667,613114,0,0,2500982,613114,22462,63013,0,0,0,0,
320,321,1605,578,11,14,-25,0,0,30,9,1,1,0,0,0,65536,65536,65536,0,0,0,7500,9020,9020,0,0,0,0,1370910,26347,0,0,1371030,26347,65536,65536,0,0,0,0,
320,321,1605,578,11,14,-25,0,1,65,9,24,1,0,0,0,2048,2048,0,0,0,0,0,14726,14726,0,0,735,0,1178,0,0,0,5580,0,65536,2048,0,0,0,0,
320,321,1605,578,11,14,-25,0,2,69,9,24,23,0,0,0,62805,62805,0,0,0,0,0,643996,591196,0,52800,0,0,792312,0,0,0,2774597,0,65536,65535,0,0,0,0,
320,321,1605,578,11,14,-25,0,3,79,2,24,1,0,0,0,2048,2048,0,0,0,0,0,3333,3333,0,0,0,0,1599,0,0,0,7597,0,65536,2048,0,0,0,0,
320,321,1605,578,11,14,-25,0,4,90,2,1,1,0,0,0,65536,65536,65536,0,0,0,5000,14775,14775,0,0,0,0,1156391,2000,0,0,1156450,2000,65536,65536,0,0,0,0,
320,321,1605,578,11,14,-25,0,5,98,2,1,1,0,0,0,2048,2048,-12065,0,0,0,156,299,299,0,0,0,0,107,1948,0,0,511,1948,-50600,2048,0,0,0,0,
320,321,1605,578,11,14,-25,0,6,102,8,24,12,0,0,0,32768,32768,0,0,0,0,0,216000,191280,0,24720,14520,0,38256,0,0,0,220246,0,65536,35212,0,0,0,0,
320,321,1605,578,11,14,-25,0,7,106,20,1,1,0,0,0,65536,65536,0,0,0,0,0,0,0,0,0,0,0,0,0,0,0,0,0,0,65536,0,0,0,0,
320,321,1605,578,11,14,-25,0,8,203,20,18,18,36,36,0,65536,65536,65536,0,0,0,0,9000,9000,0,0,4500,0,7200000,0,4100040,4100040,7200000,4100040,61573,65536,3228120,3228120,871920,871920,
320,321,1605,578,11,14,-25,0,9,238,12,24,3,0,0,0,8192,8192,65536,0,0,0,150,64800,58620,0,6180,10725,0,81331,12358,0,0,163150,12358,47264,10922,0,0,0,0,
320,321,1605,578,11,14,-25,0,10,239,9,24,0,0,0,0,0,0,0,3,0,1,0,0,0,0,0,0,0,0,0,0,0,0,0,-59334,0,0,0,0,0,
320,321,1605,578,11,14,-25,0,11,242,20,1,1,2,2,0,65536,65536,2981,0,0,0,0,12500,12500,0,0,2500,0,187500,0,179340,179340,187500,179340,-5953,65536,179340,179340,0,0,
320,321,1605,578,11,14,-25,0,12,251,9,24,23,0,0,0,39938,62805,-45951,1,0,0,14625,132216,132216,0,0,8263,76785,360083,1204968,0,0,2525257,1204968,12047,64274,0,0,0,0,
321,322,1610,578,11,14,-25,0,0,30,9,1,1,0,0,0,65536,65536,65536,0,0,0,7500,9020,9020,0,0,0,0,1370910,26215,0,0,1371030,26215,65536,65536,0,0,0,0,
321,322,1610,578,11,14,-25,0,1,65,9,24,1,0,0,0,2048,2048,0,0,0,0,0,14726,14726,0,0,735,0,1178,0,0,0,5580,0,65536,2048,0,0,0,0,
321,322,1610,578,11,14,-25,0,2,69,9,24,23,0,0,0,62805,62805,0,0,0,0,0,643996,594496,0,49500,0,0,763285,0,0,0,2724918,0,65536,65535,0,0,0,0,
321,322,1610,578,11,14,-25,0,3,79,2,24,1,0,0,0,2048,2048,0,0,0,0,0,3333,3333,0,0,0,0,1599,0,0,0,7597,0,65536,2048,0,0,0,0,
321,322,1610,578,11,14,-25,0,4,90,2,1,1,0,0,0,65536,65536,65536,0,0,0,5000,14775,14775,0,0,0,0,1263180,2000,0,0,1263245,2000,65536,65536,0,0,0,0,
321,322,1610,578,11,14,-25,0,5,98,2,1,1,0,0,0,2048,2048,-11573,0,0,0,156,299,299,0,0,0,0,107,1873,0,0,511,1873,-50000,2048,0,0,0,0,
321,322,1610,578,11,14,-25,0,6,102,8,24,11,0,0,0,30037,30037,0,0,0,0,0,197997,175337,0,22660,13309,0,35067,0,0,0,200362,0,65536,32033,0,0,0,0,
321,322,1610,578,11,14,-25,0,7,106,20,1,1,0,0,0,65536,65536,0,0,0,0,0,0,0,0,0,0,0,0,0,0,0,0,0,0,65536,0,0,0,0,
321,322,1610,578,11,14,-25,0,8,203,20,18,18,36,36,0,65536,65536,65536,0,0,0,0,9000,9000,0,0,4500,0,7200000,0,4100040,4100040,7200000,4100040,61573,65536,3228120,3228120,871920,871920,
321,322,1610,578,11,14,-25,0,9,238,12,24,3,0,0,0,8192,8192,65536,0,0,0,150,64800,58620,0,6180,10725,0,85431,13500,0,0,169429,13500,48745,10922,0,0,0,0,
321,322,1610,578,11,14,-25,0,10,239,9,24,0,0,0,0,0,0,0,3,0,1,0,0,0,0,0,0,0,0,0,0,0,0,0,-59859,0,0,0,0,0,
321,322,1610,578,11,14,-25,0,11,242,20,1,1,2,2,0,65536,65536,2981,0,0,0,0,12500,12500,0,0,2500,0,187500,0,179340,179340,187500,179340,-5953,65536,179340,179340,0,0,
321,322,1610,578,11,14,-25,0,12,251,9,24,20,0,0,0,39938,54613,-49723,2,0,0,14625,132216,132216,0,0,8263,76785,317582,1316250,0,0,2097208,1316250,2737,55527,0,0,0,0,
322,323,1615,578,11,14,-25,0,0,30,9,1,1,0,0,0,65536,65536,65536,0,0,0,7500,9020,9020,0,0,0,0,1370910,26262,0,0,1371030,26262,65536,65536,0,0,0,0,
322,323,1615,578,11,14,-25,0,1,65,9,24,1,0,0,0,2048,2048,0,0,0,0,0,14726,14726,0,0,735,0,1178,0,0,0,5580,0,65536,2048,0,0,0,0,
322,323,1615,578,11,14,-25,0,2,69,9,24,23,0,0,0,62805,62805,0,0,0,0,0,643996,616496,0,27500,0,0,704199,0,0,0,2665039,0,65536,65535,0,0,0,0,
322,323,1615,578,11,14,-25,0,3,79,2,24,1,0,0,0,2048,2048,0,0,0,0,0,3333,3333,0,0,0,0,1599,0,0,0,7597,0,65536,2048,0,0,0,0,
322,323,1615,578,11,14,-25,0,4,90,2,1,1,0,0,0,65536,65536,65536,0,0,0,5000,14775,14775,0,0,0,0,369763,2000,0,0,1263245,2000,65536,65536,0,0,0,0,
322,323,1615,578,11,14,-25,0,5,98,2,1,1,0,0,0,2048,2048,-10813,0,0,0,156,299,299,0,0,0,0,107,1757,0,0,511,1757,-48969,2048,0,0,0,0,
322,323,1615,578,11,14,-25,0,6,102,8,24,17,0,0,0,46421,46421,0,0,0,0,0,305997,270977,0,35020,20569,0,84488,0,0,0,308353,0,65536,48784,0,0,0,0,
322,323,1615,578,11,14,-25,0,7,106,20,1,1,0,0,0,65536,65536,0,0,0,0,0,0,0,0,0,0,0,0,0,0,0,0,0,0,65536,0,0,0,0,
322,323,1615,578,11,14,-25,0,8,203,20,18,18,36,36,0,65536,65536,65536,0,0,0,0,9000,9000,0,0,4500,0,7200000,0,4100040,4100040,7200000,4100040,61573,65536,3228120,3228120,871920,871920,
322,323,1615,578,11,14,-25,0,9,238,12,24,24,0,0,0,65536,65536,65536,0,0,0,1200,518400,468960,0,49440,85800,0,401386,108000,0,0,1092240,108000,52874,65536,0,0,0,0,
322,323,1615,578,11,14,-25,0,10,239,9,24,0,0,0,0,0,0,0,3,0,1,0,0,0,0,0,0,0,0,0,0,0,0,0,-59859,0,0,0,0,0,
322,323,1615,578,11,14,-25,0,11,242,20,1,1,2,2,0,65536,65536,2981,0,0,0,0,12500,12500,0,0,2500,0,187500,0,179340,179340,187500,179340,-5953,65536,179340,179340,0,0,
322,323,1615,578,11,14,-25,0,12,251,9,24,0,0,0,0,0,0,0,3,0,1,0,0,0,0,0,0,0,0,0,0,0,0,0,-1512,0,0,0,0,0,
323,324,1620,578,11,14,-25,0,0,30,9,1,1,0,0,0,65536,65536,65536,0,0,0,7500,9020,9020,0,0,0,0,1370910,25667,0,0,1371030,25667,65536,65536,0,0,0,0,
323,324,1620,578,11,14,-25,0,1,65,9,24,1,0,0,0,2048,2048,0,0,0,0,0,14726,14726,0,0,735,0,1178,0,0,0,5580,0,65536,2048,0,0,0,0,
323,324,1620,578,11,14,-25,0,2,69,9,24,23,0,0,0,62805,62805,0,0,0,0,0,643996,616496,0,27500,0,0,891590,0,0,0,2646199,0,65536,65535,0,0,0,0,
323,324,1620,578,11,14,-25,0,3,79,2,24,1,0,0,0,2048,2048,0,0,0,0,0,3333,3333,0,0,0,0,1599,0,0,0,7597,0,65536,2048,0,0,0,0,
323,324,1620,578,11,14,-25,0,4,90,2,1,1,0,0,0,19036,19036,65536,0,0,0,1452,4291,4291,0,0,0,0,69495,580,0,0,330146,580,65536,19036,0,0,0,0,
323,324,1620,578,11,14,-25,0,5,98,2,1,1,0,0,0,2048,2048,-10931,0,0,0,156,299,299,0,0,0,0,107,1775,0,0,511,1775,-49138,2048,0,0,0,0,
323,324,1620,578,11,14,-25,0,6,102,8,24,20,0,0,0,54613,54613,0,0,0,0,0,359997,318797,0,41200,24199,0,69684,0,0,0,362762,0,65536,57160,0,0,0,0,
323,324,1620,578,11,14,-25,0,7,106,20,1,1,0,0,0,65536,65536,0,0,0,0,0,0,0,0,0,0,0,0,0,0,0,0,0,0,65536,0,0,0,0,
323,324,1620,578,11,14,-25,0,8,203,20,18,18,36,36,0,65536,65536,65536,0,0,0,0,9000,9000,0,0,4500,0,7200000,0,4100040,4100040,7200000,4100040,61573,65536,3228120,3228120,871920,871920,
323,324,1620,578,11,14,-25,0,9,238,12,24,3,0,0,0,8192,8192,65536,0,0,0,150,64800,58620,0,6180,10725,0,24582,12146,0,0,171089,12146,49971,10922,0,0,0,0,
323,324,1620,578,11,14,-25,0,10,239,9,24,0,0,0,0,0,0,0,3,0,1,0,0,0,0,0,0,0,0,0,0,0,0,0,-59226,0,0,0,0,0,
323,324,1620,578,11,14,-25,0,11,242,20,1,1,2,2,0,65536,65536,2981,0,0,0,0,12500,12500,0,0,2500,0,187500,0,179340,179340,187500,179340,-5953,65536,179340,179340,0,0,
323,324,1620,578,11,14,-25,0,12,251,9,24,0,0,0,0,0,0,0,3,1,1,0,0,0,0,0,0,0,0,0,0,0,0,0,6364,0,0,0,0,0,
324,325,1625,578,11,14,-25,0,0,30,9,1,1,0,0,0,65536,65536,65536,0,0,0,7500,9020,9020,0,0,0,0,1370910,25130,0,0,1371030,25130,65536,65536,0,0,0,0,
324,325,1625,578,11,14,-25,0,1,65,9,24,1,0,0,0,2048,2048,0,0,0,0,0,14726,14726,0,0,735,0,1178,0,0,0,5580,0,65536,2048,0,0,0,0,
324,325,1625,578,11,14,-25,0,2,69,9,24,23,0,0,0,62805,62805,0,0,0,0,0,643996,590096,0,53900,0,0,898958,0,0,0,2630119,0,65536,65535,0,0,0,0,
324,325,1625,578,11,14,-25,0,3,79,2,24,1,0,0,0,2048,2048,0,0,0,0,0,3333,3333,0,0,0,0,1599,0,0,0,7597,0,65536,2048,0,0,0,0,
324,325,1625,578,11,14,-25,0,4,90,2,1,1,0,0,0,2048,2048,65536,0,0,0,156,461,461,0,0,0,0,31098,62,0,0,31200,62,65536,2048,0,0,0,0,
324,325,1625,578,11,14,-25,0,5,98,2,1,1,0,0,0,2048,2048,-11757,0,0,0,156,299,299,0,0,0,0,107,1901,0,0,511,1901,-50225,2048,0,0,0,0,
324,325,1625,578,11,14,-25,0,6,102,8,24,17,0,0,0,46421,46421,0,0,0,0,0,305997,270977,0,35020,20569,0,54195,0,0,0,299652,0,65536,47907,0,0,0,0,
324,325,1625,578,11,14,-25,0,7,106,20,1,1,0,0,0,65536,65536,0,0,0,0,0,0,0,0,0,0,0,0,0,0,0,0,0,0,65536,0,0,0,0,
324,325,1625,578,11,14,-25,0,8,203,20,18,18,36,36,0,65536,65536,65536,0,0,0,0,9000,9000,0,0,4500,0,7200000,0,4100040,4100040,7200000,4100040,61573,65536,3228120,3228120,871920,871920,
324,325,1625,578,11,14,-25,0,9,238,12,24,3,0,0,0,8192,8192,65536,0,0,0,150,64800,58620,0,6180,10725,0,23202,10669,0,0,161030,10669,47415,10922,0,0,0,0,
324,325,1625,578,11,14,-25,0,10,239,9,24,0,0,0,0,0,0,0,3,0,1,0,0,0,0,0,0,0,0,0,0,0,0,0,-58353,0,0,0,0,0,
324,325,1625,578,11,14,-25,0,11,242,20,1,1,2,2,0,65536,65536,2981,0,0,0,0,12500,12500,0,0,2500,0,187500,0,179340,179340,187500,179340,-5953,65536,179340,179340,0,0,
324,325,1625,578,11,14,-25,0,12,251,9,24,24,0,0,0,65536,65536,-6558,0,0,0,24000,216960,216960,0,0,13560,126000,1536303,1707144,0,0,2511720,1707144,22125,65536,0,0,0,0,
325,326,1630,578,11,14,-25,0,0,30,9,1,1,0,0,0,65536,65536,65536,0,0,0,7500,9020,9020,0,0,0,0,1370910,24912,0,0,1371030,24912,65536,65536,0,0,0,0,
325,326,1630,578,11,14,-25,0,1,65,9,24,1,0,0,0,2048,2048,0,0,0,0,0,14726,14726,0,0,735,0,1178,0,0,0,5580,0,65536,2048,0,0,0,0,
325,326,1630,578,11,14,-25,0,2,69,9,24,23,0,0,0,62805,62805,0,0,0,0,0,643996,591196,0,52800,0,0,895533,0,0,0,2613320,0,65536,65535,0,0,0,0,
325,326,1630,578,11,14,-25,0,3,79,2,24,1,0,0,0,2048,2048,0,0,0,0,0,3333,3333,0,0,0,0,1599,0,0,0,7597,0,65536,2048,0,0,0,0,
325,326,1630,578,11,14,-25,0,4,90,2,1,1,0,0,0,65536,65536,65536,0,0,0,5000,14775,14775,0,0,0,0,1029953,2000,0,0,1030005,2000,65536,65536,0,0,0,0,
325,326,1630,578,11,14,-25,0,5,98,2,1,1,0,0,0,2048,2048,-11835,0,0,0,156,299,299,0,0,0,0,107,1913,0,0,511,1913,-50324,2048,0,0,0,0,
325,326,1630,578,11,14,-25,0,6,102,8,24,14,0,0,0,38229,38229,0,0,0,0,0,251997,223157,0,28840,16939,0,44631,0,0,0,254098,0,65536,40624,0,0,0,0,
325,326,1630,578,11,14,-25,0,7,106,20,1,1,0,0,0,65536,65536,0,0,0,0,0,0,0,0,0,0,0,0,0,0,0,0,0,0,65536,0,0,0,0,
325,326,1630,578,11,14,-25,0,8,203,20,18,18,36,36,0,65536,65536,65536,0,0,0,0,9000,9000,0,0,4500,0,7200000,0,4100040,4100040,7200000,4100040,61573,65536,3228120,3228120,871920,871920,
325,326,1630,578,11,14,-25,0,9,238,12,24,3,0,0,0,8192,8192,65536,0,0,0,150,64800,58620,0,6180,10725,0,25131,11007,0,0,159050,11007,46602,10922,0,0,0,0,
325,326,1630,578,11,14,-25,0,10,239,9,24,0,0,0,0,0,0,0,3,0,1,0,0,0,0,0,0,0,0,0,0,0,0,0,-58573,0,0,0,0,0,
325,326,1630,578,11,14,-25,0,11,242,20,1,1,2,2,0,65536,65536,2981,0,0,0,0,12500,12500,0,0,2500,0,187500,0,179340,179340,187500,179340,-5953,65536,179340,179340,0,0,
325,326,1630,578,11,14,-25,0,12,251,9,24,23,0,0,0,22814,62805,-45728,0,0,0,8354,75526,75526,0,0,4720,43862,185280,613041,0,0,2441863,613041,19985,63305,0,0,0,0,
326,327,1635,578,11,14,-25,0,0,30,9,1,1,0,0,0,65536,65536,65536,0,0,0,7500,9020,9020,0,0,0,0,1370910,24967,0,0,1371030,24967,65536,65536,0,0,0,0,
326,327,1635,578,11,14,-25,0,1,65,9,24,1,0,0,0,2048,2048,0,0,0,0,0,14726,14726,0,0,735,0,1178,0,0,0,5580,0,65536,2048,0,0,0,0,
326,327,1635,578,11,14,-25,0,2,69,9,24,23,0,0,0,62805,62805,0,0,0,0,0,643996,591196,0,52800,0,0,934384,0,0,0,2605280,0,65536,65535,0,0,0,0,
326,327,1635,578,11,14,-25,0,3,79,2,24,1,0,0,0,2048,2048,0,0,0,0,0,3333,3333,0,0,0,0,1599,0,0,0,7597,0,65536,2048,0,0,0,0,
326,327,1635,578,11,14,-25,0,4,90,2,1,1,0,0,0,65536,65536,65536,0,0,0,5000,14775,14775,0,0,0,0,1156391,2000,0,0,1156450,2000,65536,65536,0,0,0,0,
326,327,1635,578,11,14,-25,0,5,98,2,1,1,0,0,0,2048,2048,-11737,0,0,0,156,299,299,0,0,0,0,107,1898,0,0,511,1898,-50206,2048,0,0,0,0,
326,327,1635,578,11,14,-25,0,6,102,8,24,12,0,0,0,32768,32768,0,0,0,0,0,216000,191280,0,24720,14520,0,38256,0,0,0,216769,0,65536,34656,0,0,0,0,
326,327,1635,578,11,14,-25,0,7,106,20,1,1,0,0,0,65536,65536,0,0,0,0,0,0,0,0,0,0,0,0,0,0,0,0,0,0,65536,0,0,0,0,
326,327,1635,578,11,14,-25,0,8,203,20,18,18,36,36,0,65536,65536,65536,0,0,0,0,9000,9000,0,0,4500,0,7200000,0,4100040,4100040,7200000,4100040,61573,65536,3228120,3228120,871920,871920,
326,327,1635,578,11,14,-25,0,9,238,12,24,3,0,0,0,8192,8192,65536,0,0,0,150,64800,58620,0,6180,10725,0,80453,12358,0,0,161810,12358,46825,10922,0,0,0,0,
326,327,1635,578,11,14,-25,0,10,239,9,24,0,0,0,0,0,0,0,3,0,1,0,0,0,0,0,0,0,0,0,0,0,0,0,-59334,0,0,0,0,0,
326,327,1635,578,11,14,-25,0,11,242,20,1,1,2,2,0,65536,65536,2981,0,0,0,0,12500,12500,0,0,2500,0,187500,0,179340,179340,187500,179340,-5953,65536,179340,179340,0,0,
326,327,1635,578,11,14,-25,0,12,251,9,24,23,0,0,0,39938,62805,-45245,1,0,0,14625,132216,132216,0,0,8263,76785,373077,1204968,0,0,2465881,1204968,10051,64420,0,0,0,0,
327,328,1640,578,11,14,-25,0,0,30,9,1,1,0,0,0,65536,65536,65536,0,0,0,7500,9020,9020,0,0,0,0,1370910,25102,0,0,1371030,25102,65536,65536,0,0,0,0,
327,328,1640,578,11,14,-25,0,1,65,9,24,1,0,0,0,2048,2048,0,0,0,0,0,14726,14726,0,0,735,0,1178,0,0,0,5580,0,65536,2048,0,0,0,0,
327,328,1640,578,11,14,-25,0,2,69,9,24,23,0,0,0,62805,62805,0,0,0,0,0,643996,594496,0,49500,0,0,880873,0,0,0,2589080,0,65536,65535,0,0,0,0,
327,328,1640,578,11,14,-25,0,3,79,2,24,1,0,0,0,2048,2048,0,0,0,0,0,3333,3333,0,0,0,0,1599,0,0,0,7597,0,65536,2048,0,0,0,0,
327,328,1640,578,11,14,-25,0,4,90,2,1,1,0,0,0,65536,65536,65536,0,0,0,5000,14775,14775,0,0,0,0,1263180,2000,0,0,1263245,2000,65536,65536,0,0,0,0,
327,328,1640,578,11,14,-25,0,5,98,2,1,1,0,0,0,2048,2048,-11298,0,0,0,156,299,299,0,0,0,0,107,1831,0,0,511,1831,-49647,2048,0,0,0,0,
327,328,1640,578,11,14,-25,0,6,102,8,24,11,0,0,0,30037,30037,0,0,0,0,0,197997,175337,0,22660,13309,0,35067,0,0,0,194601,0,65536,31112,0,0,0,0,
327,328,1640,578,11,14,-25,0,7,106,20,1,1,0,0,0,65536,65536,0,0,0,0,0,0,0,0,0,0,0,0,0,0,0,0,0,0,65536,0,0,0,0,
327,328,1640,578,11,14,-25,0,8,203,20,18,18,36,36,0,65536,65536,65536,0,0,0,0,9000,9000,0,0,4500,0,7200000,0,4100040,4100040,7200000,4100040,61573,65536,3228120,3228120,871920,871920,
327,328,1640,578,11,14,-25,0,9,238,12,24,3,0,0,0,8192,8192,65536,0,0,0,150,64800,58620,0,6180,10725,0,84677,13500,0,0,168269,13500,48365,10922,0,0,0,0,
327,328,1640,578,11,14,-25,0,10,239,9,24,0,0,0,0,0,0,0,3,0,1,0,0,0,0,0,0,0,0,0,0,0,0,0,-59859,0,0,0,0,0,
327,328,1640,578,11,14,-25,0,11,242,20,1,1,2,2,0,65536,65536,2981,0,0,0,0,12500,12500,0,0,2500,0,187500,0,179340,179340,187500,179340,-5953,65536,179340,179340,0,0,
327,328,1640,578,11,14,-25,0,12,251,9,24,20,0,0,0,39938,54613,-50075,2,0,0,14625,132216,132216,0,0,8263,76785,310522,1316250,0,0,2075652,1316250,1218,56207,0,0,0,0,
328,329,1645,578,11,14,-25,0,0,30,9,1,1,0,0,0,65536,65536,65536,0,0,0,7500,9020,9020,0,0,0,0,1370910,25502,0,0,1371030,25502,65536,65536,0,0,0,0,
328,329,1645,578,11,14,-25,0,1,65,9,24,1,0,0,0,2048,2048,0,0,0,0,0,14726,14726,0,0,735,0,1178,0,0,0,5580,0,65536,2048,0,0,0,0,
328,329,1645,578,11,14,-25,0,2,69,9,24,23,0,0,0,62805,62805,0,0,0,0,0,643996,616496,0,27500,0,0,875197,0,0,0,2569640,0,65536,65535,0,0,0,0,
328,329,1645,578,11,14,-25,0,3,79,2,24,1,0,0,0,2048,2048,0,0,0,0,0,3333,3333,0,0,0,0,1599,0,0,0,7597,0,65536,2048,0,0,0,0,
328,329,1645,578,11,14,-25,0,4,90,2,1,1,0,0,0,65536,65536,65536,0,0,0,5000,14775,14775,0,0,0,0,369763,2000,0,0,1263245,2000,65536,65536,0,0,0,0,
328,329,1645,578,11,14,-25,0,5,98,2,1,1,0,0,0,2048,2048,-10603,0,0,0,156,299,299,0,0,0,0,107,1725,0,0,511,1725,-48662,2048,0,0,0,0,
328,329,1645,578,11,14,-25,0,6,102,8,24,17,0,0,0,46421,46421,0,0,0,0,0,305997,270977,0,35020,20569,0,81995,0,0,0,305092,0,65536,48324,0,0,0,0,
328,329,1645,578,11,14,-25,0,7,106,20,1,1,0,0,0,65536,65536,0,0,0,0,0,0,0,0,0,0,0,0,0,0,0,0,0,0,65536,0,0,0,0,
328,329,1645,578,11,14,-25,0,8,203,20,18,18,36,36,0,65536,65536,65536,0,0,0,0,9000,9000,0,0,4500,0,7200000,0,4100040,4100040,7200000,4100040,61573,65536,3228120,3228120,871920,871920,
328,329,1645,578,11,14,-25,0,9,238,12,24,24,0,0,0,65536,65536,65536,0,0,0,1200,518400,468960,0,49440,85800,0,398540,108000,0,0,1089960,108000,52749,65536,0,0,0,0,
328,329,1645,578,11,14,-25,0,10,239,9,24,0,0,0,0,0,0,0,3,0,1,0,0,0,0,0,0,0,0,0,0,0,0,0,-59859,0,0,0,0,0,
328,329,1645,578,11,14,-25,0,11,242,20,1,1,2,2,0,65536,65536,2981,0,0,0,0,12500,12500,0,0,2500,0,187500,0,179340,179340,187500,179340,-5953,65536,179340,179340,0,0,
328,329,1645,578,11,14,-25,0,12,251,9,24,0,0,0,0,0,0,0,3,0,1,0,0,0,0,0,0,0,0,0,0,0,0,0,-2671,0,0,0,0,0,
329,330,1650,578,11,14,-25,0,0,30,9,1,1,0,0,0,65536,65536,65536,0,0,0,7500,9020,9020,0,0,0,0,1370910,25187,0,0,1371030,25187,65536,65536,0,0,0,0,
329,330,1650,578,11,14,-25,0,1,65,9,24,1,0,0,0,2048,2048,0,0,0,0,0,14726,14726,0,0,735,0,1178,0,0,0,5580,0,65536,2048,0,0,0,0,
329,330,1650,578,11,14,-25,0,2,69,9,24,23,0,0,0,62805,62805,0,0,0,0,0,643996,616496,0,27500,0,0,1078210,0,0,0,2587160,0,65536,65535,0,0,0,0,
329,330,1650,578,11,14,-25,0,3,79,2,24,1,0,0,0,2048,2048,0,0,0,0,0,3333,3333,0,0,0,0,1599,0,0,0,7597,0,65536,2048,0,0,0,0,
329,330,1650,578,11,14,-25,0,4,90,2,1,1,0,0,0,19033,19033,65536,0,0,0,1452,4290,4290,0,0,0,0,69479,580,0,0,330094,580,65536,19033,0,0,0,0,
329,330,1650,578,11,14,-25,0,5,98,2,1,1,0,0,0,2048,2048,-10747,0,0,0,156,299,299,0,0,0,0,107,1747,0,0,511,1747,-48881,2048,0,0,0,0,
329,330,1650,578,11,14,-25,0,6,102,8,24,17,0,0,0,46421,46421,0,0,0,0,0,305997,270977,0,35020,20569,0,54737,0,0,0,303802,0,65536,48064,0,0,0,0,
329,330,1650,578,11,14,-25,0,7,106,20,1,1,0,0,0,65536,65536,0,0,0,0,0,0,0,0,0,0,0,0,0,0,0,0,0,0,65536,0,0,0,0,
329,330,1650,578,11,14,-25,0,8,203,20,18,18,36,36,0,65536,65536,65536,0,0,0,0,9000,9000,0,0,4500,0,7200000,0,4100040,4100040,7200000,4100040,61573,65536,3228120,3228120,871920,871920,
329,330,1650,578,11,14,-25,0,9,238,12,24,3,0,0,0,8192,8192,65536,0,0,0,150,64800,58620,0,6180,10725,0,24532,12146,0,0,170709,12146,49846,10922,0,0,0,0,
329,330,1650,578,11,14,-25,0,10,239,9,24,0,0,0,0,0,0,0,3,0,1,0,0,0,0,0,0,0,0,0,0,0,0,0,-59226,0,0,0,0,0,
329,330,1650,578,11,14,-25,0,11,242,20,1,1,2,2,0,65536,65536,2981,0,0,0,0,12500,12500,0,0,2500,0,187500,0,179340,179340,187500,179340,-5953,65536,179340,179340,0,0,
329,330,1650,578,11,14,-25,0,12,251,9,24,0,0,0,0,0,0,0,3,1,1,0,0,0,0,0,0,0,0,0,0,0,0,0,5246,0,0,0,0,0,
330,331,1655,578,11,14,-25,0,0,30,9,1,1,0,0,0,65536,65536,65536,0,0,0,7500,9020,9020,0,0,0,0,1370910,24892,0,0,1371030,24892,65536,65536,0,0,0,0,
330,331,1655,578,11,14,-25,0,1,65,9,24,1,0,0,0,2048,2048,0,0,0,0,0,14726,14726,0,0,735,0,1178,0,0,0,5580,0,65536,2048,0,0,0,0,
330,331,1655,578,11,14,-25,0,2,69,9,24,23,0,0,0,62805,62805,0,0,0,0,0,643996,590096,0,53900,0,0,1086196,0,0,0,2604560,0,65536,65535,0,0,0,0,
330,331,1655,578,11,14,-25,0,3,79,2,24,1,0,0,0,2048,2048,0,0,0,0,0,3333,3333,0,0,0,0,1599,0,0,0,7597,0,65536,2048,0,0,0,0,
330,331,1655,578,11,14,-25,0,4,90,2,1,1,0,0,0,2048,2048,65536,0,0,0,156,461,461,0,0,0,0,31098,62,0,0,31200,62,65536,2048,0,0,0,0,
330,331,1655,578,11,14,-25,0,5,98,2,1,1,0,0,0,2048,2048,-11586,0,0,0,156,299,299,0,0,0,0,107,1875,0,0,511,1875,-50019,2048,0,0,0,0,
330,331,1655,578,11,14,-25,0,6,102,8,24,15,0,0,0,40960,40960,0,0,0,0,0,270000,239100,0,30900,18150,0,47820,0,0,0,261654,0,65536,41832,0,0,0,0,
330,331,1655,578,11,14,-25,0,7,106,20,1,1,0,0,0,65536,65536,0,0,0,0,0,0,0,0,0,0,0,0,0,0,0,0,0,0,65536,0,0,0,0,
330,331,1655,578,11,14,-25,0,8,203,20,18,18,36,36,0,65536,65536,65536,0,0,0,0,9000,9000,0,0,4500,0,7200000,0,4100040,4100040,7200000,4100040,61573,65536,3228120,3228120,871920,871920,
330,331,1655,578,11,14,-25,0,9,238,12,24,3,0,0,0,8192,8192,65536,0,0,0,150,64800,58620,0,6180,10725,0,23077,10669,0,0,160150,10669,47126,10922,0,0,0,0,
330,331,1655,578,11,14,-25,0,10,239,9,24,0,0,0,0,0,0,0,3,0,1,0,0,0,0,0,0,0,0,0,0,0,0,0,-58353,0,0,0,0,0,
330,331,1655,578,11,14,-25,0,11,242,20,1,1,2,2,0,65536,65536,2981,0,0,0,0,12500,12500,0,0,2500,0,187500,0,179340,179340,187500,179340,-5953,65536,179340,179340,0,0,
330,331,1655,578,11,14,-25,0,12,251,9,24,24,0,0,0,65536,65536,-6169,0,0,0,24000,216960,216960,0,0,13560,126000,1546440,1707144,0,0,2478240,1707144,20957,65536,0,0,0,0,
331,332,1660,578,11,14,-25,0,0,30,9,1,1,0,0,0,65536,65536,65536,0,0,0,7500,9020,9020,0,0,0,0,1370910,24920,0,0,1371030,24920,65536,65536,0,0,0,0,
331,332,1660,578,11,14,-25,0,1,65,9,24,1,0,0,0,2048,2048,0,0,0,0,0,14726,14726,0,0,735,0,1178,0,0,0,5580,0,65536,2048,0,0,0,0,
331,332,1660,578,11,14,-25,0,2,69,9,24,23,0,0,0,62805,62805,0,0,0,0,0,643996,591196,0,52800,0,0,1078413,0,0,0,2620040,0,65536,65535,0,0,0,0,
331,332,1660,578,11,14,-25,0,3,79,2,24,1,0,0,0,2048,2048,0,0,0,0,0,3333,3333,0,0,0,0,1599,0,0,0,7597,0,65536,2048,0,0,0,0,
331,332,1660,578,11,14,-25,0,4,90,2,1,1,0,0,0,65536,65536,65536,0,0,0,5000,14775,14775,0,0,0,0,1029953,2000,0,0,1030005,2000,65536,65536,0,0,0,0,
331,332,1660,578,11,14,-25,0,5,98,2,1,1,0,0,0,2048,2048,-11658,0,0,0,156,299,299,0,0,0,0,107,1886,0,0,511,1886,-50108,2048,0,0,0,0,
331,332,1660,578,11,14,-25,0,6,102,8,24,13,0,0,0,35498,35498,0,0,0,0,0,233995,207215,0,26780,15729,0,41443,0,0,0,236578,0,65536,37823,0,0,0,0,
331,332,1660,578,11,14,-25,0,7,106,20,1,1,0,0,0,65536,65536,0,0,0,0,0,0,0,0,0,0,0,0,0,0,0,0,0,0,65536,0,0,0,0,
331,332,1660,578,11,14,-25,0,8,203,20,18,18,36,36,0,65536,65536,65536,0,0,0,0,9000,9000,0,0,4500,0,7200000,0,4100040,4100040,7200000,4100040,61573,65536,3228120,3228120,871920,871920,
331,332,1660,578,11,14,-25,0,9,238,12,24,3,0,0,0,8192,8192,65536,0,0,0,150,64800,58620,0,6180,10725,0,22767,11007,0,0,157910,11007,46229,10922,0,0,0,0,
331,332,1660,578,11,14,-25,0,10,239,9,24,0,0,0,0,0,0,0,3,0,1,0,0,0,0,0,0,0,0,0,0,0,0,0,-58573,0,0,0,0,0,
331,332,1660,578,11,14,-25,0,11,242,20,1,1,2,2,0,65536,65536,2981,0,0,0,0,12500,12500,0,0,2500,0,187500,0,179340,179340,187500,179340,-5953,65536,179340,179340,0,0,
331,332,1660,578,11,14,-25,0,12,251,9,24,23,0,0,0,22833,62805,-46006,0,0,0,8361,75589,75589,0,0,4724,43898,182834,613555,0,0,2398123,613555,18792,63051,0,0,0,0,
332,333,1665,578,11,14,-25,0,0,30,9,1,1,0,0,0,65536,65536,65536,0,0,0,7500,9020,9020,0,0,0,0,1370910,25032,0,0,1371030,25032,65536,65536,0,0,0,0,
332,333,1665,578,11,14,-25,0,1,65,9,24,1,0,0,0,2048,2048,0,0,0,0,0,14726,14726,0,0,735,0,1178,0,0,0,5580,0,65536,2048,0,0,0,0,
332,333,1665,578,11,14,-25,0,2,69,9,24,23,0,0,0,62805,62805,0,0,0,0,0,643996,592296,0,51700,0,0,995282,0,0,0,2623399,0,65536,65535,0,0,0,0,
332,333,1665,578,11,14,-25,0,3,79,2,24,1,0,0,0,2048,2048,0,0,0,0,0,3333,3333,0,0,0,0,1599,0,0,0,7597,0,65536,2048,0,0,0,0,
332,333,1665,578,11,14,-25,0,4,90,2,1,1,0,0,0,65536,65536,65536,0,0,0,5000,14775,14775,0,0,0,0,1156391,2000,0,0,1156450,2000,65536,65536,0,0,0,0,
332,333,1665,578,11,14,-25,0,5,98,2,1,1,0,0,0,2048,2048,-11514,0,0,0,156,299,299,0,0,0,0,107,1864,0,0,511,1864,-49922,2048,0,0,0,0,
332,333,1665,578,11,14,-25,0,6,102,8,24,12,0,0,0,32768,32768,0,0,0,0,0,216000,191280,0,24720,14520,0,38256,0,0,0,219314,0,65536,35063,0,0,0,0,
332,333,1665,578,11,14,-25,0,7,106,20,1,1,0,0,0,65536,65536,0,0,0,0,0,0,0,0,0,0,0,0,0,0,0,0,0,0,65536,0,0,0,0,
332,333,1665,578,11,14,-25,0,8,203,20,18,18,36,36,0,65536,65536,65536,0,0,0,0,9000,9000,0,0,4500,0,7200000,0,4100040,4100040,7200000,4100040,61573,65536,3228120,3228120,871920,871920,
332,333,1665,578,11,14,-25,0,9,238,12,24,3,0,0,0,8192,8192,65536,0,0,0,150,64800,58620,0,6180,10725,0,79282,12358,0,0,160010,12358,46235,10922,0,0,0,0,
332,333,1665,578,11,14,-25,0,10,239,9,24,0,0,0,0,0,0,0,3,0,1,0,0,0,0,0,0,0,0,0,0,0,0,0,-59334,0,0,0,0,0,
332,333,1665,578,11,14,-25,0,11,242,20,1,1,2,2,0,65536,65536,2981,0,0,0,0,12500,12500,0,0,2500,0,187500,0,179340,179340,187500,179340,-5953,65536,179340,179340,0,0,
332,333,1665,578,11,14,-25,0,12,251,9,24,22,0,0,0,39938,60074,-48349,1,0,0,14625,132216,132216,0,0,8263,76785,315996,1204968,0,0,2353332,1204968,8674,62621,0,0,0,0,
333,334,1670,578,11,14,-25,0,0,30,9,1,1,0,0,0,65536,65536,65536,0,0,0,7500,9020,9020,0,0,0,0,1370910,25250,0,0,1371030,25250,65536,65536,0,0,0,0,
333,334,1670,578,11,14,-25,0,1,65,9,24,1,0,0,0,2048,2048,0,0,0,0,0,14726,14726,0,0,735,0,1178,0,0,0,5580,0,65536,2048,0,0,0,0,
333,334,1670,578,11,14,-25,0,2,69,9,24,23,0,0,0,62805,62805,0,0,0,0,0,643996,594496,0,49500,0,0,954341,0,0,0,2619320,0,65536,65535,0,0,0,0,
333,334,1670,578,11,14,-25,0,3,79,2,24,1,0,0,0,2048,2048,0,0,0,0,0,3333,3333,0,0,0,0,1599,0,0,0,7597,0,65536,2048,0,0,0,0,
333,334,1670,578,11,14,-25,0,4,90,2,1,1,0,0,0,65536,65536,65536,0,0,0,5000,14775,14775,0,0,0,0,1263180,2000,0,0,1263245,2000,65536,65536,0,0,0,0,
333,334,1670,578,11,14,-25,0,5,98,2,1,1,0,0,0,2048,2048,-11088,0,0,0,156,299,299,0,0,0,0,107,1799,0,0,511,1799,-49364,2048,0,0,0,0,
333,334,1670,578,11,14,-25,0,6,102,8,24,12,0,0,0,32768,32768,0,0,0,0,0,216000,191280,0,24720,14520,0,38256,0,0,0,215774,0,65536,34497,0,0,0,0,
333,334,1670,578,11,14,-25,0,7,106,20,1,1,0,0,0,65536,65536,0,0,0,0,0,0,0,0,0,0,0,0,0,0,0,0,0,0,65536,0,0,0,0,
333,334,1670,578,11,14,-25,0,8,203,20,18,18,36,36,0,65536,65536,65536,0,0,0,0,9000,9000,0,0,4500,0,7200000,0,4100040,4100040,7200000,4100040,61573,65536,3228120,3228120,871920,871920,
333,334,1670,578,11,14,-25,0,9,238,12,24,3,0,0,0,8192,8192,65536,0,0,0,150,64800,58620,0,6180,10725,0,83213,13500,0,0,166029,13500,47631,10922,0,0,0,0,
333,334,1670,578,11,14,-25,0,10,239,9,24,0,0,0,0,0,0,0,3,0,1,0,0,0,0,0,0,0,0,0,0,0,0,0,-59859,0,0,0,0,0,
333,334,1670,578,11,14,-25,0,11,242,20,1,1,2,2,0,65536,65536,2981,0,0,0,0,12500,12500,0,0,2500,0,187500,0,179340,179340,187500,179340,-5953,65536,179340,179340,0,0,
333,334,1670,578,11,14,-25,0,12,251,9,24,20,0,0,0,39938,54613,-50345,2,0,0,14625,132216,132216,0,0,8263,76785,305101,1316250,0,0,1983502,1316250,56,54663,0,0,0,0,
334,335,1675,578,11,14,-25,0,0,30,9,1,1,0,0,0,65536,65536,65536,0,0,0,7500,9020,9020,0,0,0,0,1370910,25655,0,0,1371030,25655,65536,65536,0,0,0,0,
334,335,1675,578,11,14,-25,0,1,65,9,24,1,0,0,0,2048,2048,0,0,0,0,0,14726,14726,0,0,735,0,1178,0,0,0,5580,0,65536,2048,0,0,0,0,
334,335,1675,578,11,14,-25,0,2,69,9,24,23,0,0,0,62805,62805,0,0,0,0,0,643996,616496,0,27500,0,0,923372,0,0,0,2607320,0,65536,65535,0,0,0,0,
334,335,1675,578,11,14,-25,0,3,79,2,24,1,0,0,0,2048,2048,0,0,0,0,0,3333,3333,0,0,0,0,1599,0,0,0,7597,0,65536,2048,0,0,0,0,
334,335,1675,578,11,14,-25,0,4,90,2,1,1,0,0,0,65536,65536,65536,0,0,0,5000,14775,14775,0,0,0,0,353901,2000,0,0,1263245,2000,65536,65536,0,0,0,0,
334,335,1675,578,11,14,-25,0,5,98,2,1,1,0,0,0,2048,2048,-10433,0,0,0,156,299,299,0,0,0,0,107,1699,0,0,511,1699,-48410,2048,0,0,0,0,
334,335,1675,578,11,14,-25,0,6,102,8,24,18,0,0,0,49152,49152,0,0,0,0,0,324000,286920,0,37080,21780,0,122289,0,0,0,319071,0,65536,50016,0,0,0,0,
334,335,1675,578,11,14,-25,0,7,106,20,1,1,0,0,0,65536,65536,0,0,0,0,0,0,0,0,0,0,0,0,0,0,0,0,0,0,65536,0,0,0,0,
334,335,1675,578,11,14,-25,0,8,203,20,18,18,36,36,0,65536,65536,65536,0,0,0,0,9000,9000,0,0,4500,0,7200000,0,4100040,4100040,7200000,4100040,61573,65536,3228120,3228120,871920,871920,
334,335,1675,578,11,14,-25,0,9,238,12,24,24,0,0,0,65536,65536,65536,0,0,0,1200,518400,468960,0,49440,85800,0,396362,108000,0,0,1069200,108000,51616,65536,0,0,0,0,
334,335,1675,578,11,14,-25,0,10,239,9,24,0,0,0,0,0,0,0,3,0,1,0,0,0,0,0,0,0,0,0,0,0,0,0,-59859,0,0,0,0,0,
334,335,1675,578,11,14,-25,0,11,242,20,1,1,2,2,0,65536,65536,2981,0,0,0,0,12500,12500,0,0,2500,0,187500,0,179340,179340,187500,179340,-5953,65536,179340,179340,0,0,
334,335,1675,578,11,14,-25,0,12,251,9,24,0,0,0,0,0,0,0,3,0,1,0,0,0,0,0,0,0,0,0,0,0,0,0,-3601,0,0,0,0,0,
335,336,1680,578,11,14,-25,0,0,30,9,1,1,0,0,0,65536,65536,65536,0,0,0,7500,9020,9020,0,0,0,0,1370910,25377,0,0,1371030,25377,65536,65536,0,0,0,0,
335,336,1680,578,11,14,-25,0,1,65,9,24,1,0,0,0,2048,2048,0,0,0,0,0,14726,14726,0,0,735,0,1178,0,0,0,5580,0,65536,2048,0,0,0,0,
335,336,1680,578,11,14,-25,0,2,69,9,24,23,0,0,0,62805,62805,0,0,0,0,0,643996,616496,0,27500,0,0,1113477,0,0,0,2627479,0,65536,65535,0,0,0,0,
335,336,1680,578,11,14,-25,0,3,79,2,24,1,0,0,0,2048,2048,0,0,0,0,0,3333,3333,0,0,0,0,1599,0,0,0,7597,0,65536,2048,0,0,0,0,
335,336,1680,578,11,14,-25,0,4,90,2,1,1,0,0,0,18828,18828,65536,0,0,0,1436,4244,4244,0,0,0,0,68699,574,0,0,326372,574,65536,18828,0,0,0,0,
335,336,1680,578,11,14,-25,0,5,98,2,1,1,0,0,0,2048,2048,-10603,0,0,0,156,299,299,0,0,0,0,107,1725,0,0,511,1725,-48662,2048,0,0,0,0,
335,336,1680,578,11,14,-25,0,6,102,8,24,21,0,0,0,57344,57344,0,0,0,0,0,378000,334740,0,43260,25410,0,88888,0,0,0,371326,0,65536,57776,0,0,0,0,
335,336,1680,578,11,14,-25,0,7,106,20,1,1,0,0,0,65536,65536,0,0,0,0,0,0,0,0,0,0,0,0,0,0,0,0,0,0,65536,0,0,0,0,
335,336,1680,578,11,14,-25,0,8,203,20,18,18,36,36,0,65536,65536,65536,0,0,0,0,9000,9000,0,0,4500,0,7200000,0,4100040,4100040,7200000,4100040,61573,65536,3228120,3228120,871920,871920,
335,336,1680,578,11,14,-25,0,9,238,12,24,3,0,0,0,8192,8192,64639,0,0,0,150,64800,58620,0,6180,10725,0,24114,12140,0,0,167689,12140,48857,10922,0,0,0,0,
335,336,1680,578,11,14,-25,0,10,239,9,24,0,0,0,0,0,0,0,3,0,1,0,0,0,0,0,0,0,0,0,0,0,0,0,-59223,0,0,0,0,0,
335,336,1680,578,11,14,-25,0,11,242,20,1,1,2,2,0,65536,65536,2981,0,0,0,0,12500,12500,0,0,2500,0,187500,0,179340,179340,187500,179340,-5953,65536,179340,179340,0,0,
335,336,1680,578,11,14,-25,0,12,251,9,24,0,0,0,0,0,0,0,3,1,1,0,0,0,0,0,0,0,0,0,0,0,0,0,4372,0,0,0,0,0,
336,337,1685,578,11,14,-25,0,0,30,9,1,1,0,0,0,65536,65536,65536,0,0,0,7500,9020,9020,0,0,0,0,1370910,25170,0,0,1371030,25170,65536,65536,0,0,0,0,
336,337,1685,578,11,14,-25,0,1,65,9,24,1,0,0,0,2048,2048,0,0,0,0,0,14726,14726,0,0,735,0,1178,0,0,0,5580,0,65536,2048,0,0,0,0,
336,337,1685,578,11,14,-25,0,2,69,9,24,23,0,0,0,62805,62805,0,0,0,0,0,643996,590096,0,53900,0,0,1107824,0,0,0,2645599,0,65536,65535,0,0,0,0,
336,337,1685,578,11,14,-25,0,3,79,2,24,1,0,0,0,2048,2048,0,0,0,0,0,3333,3333,0,0,0,0,1599,0,0,0,7597,0,65536,2048,0,0,0,0,
336,337,1685,578,11,14,-25,0,4,90,2,1,1,0,0,0,2048,2048,65536,0,0,0,156,461,461,0,0,0,0,31079,62,0,0,31181,62,65536,2048,0,0,0,0,
336,337,1685,578,11,14,-25,0,5,98,2,1,1,0,0,0,2048,2048,-11462,0,0,0,156,299,299,0,0,0,0,107,1856,0,0,511,1856,-49854,2048,0,0,0,0,
336,337,1685,578,11,14,-25,0,6,102,8,24,17,0,0,0,46421,46421,0,0,0,0,0,305997,270977,0,35020,20569,0,54195,0,0,0,302723,0,65536,48398,0,0,0,0,
336,337,1685,578,11,14,-25,0,7,106,20,1,1,0,0,0,65536,65536,0,0,0,0,0,0,0,0,0,0,0,0,0,0,0,0,0,0,65536,0,0,0,0,
336,337,1685,578,11,14,-25,0,8,203,20,18,18,36,36,0,65536,65536,65536,0,0,0,0,9000,9000,0,0,4500,0,7200000,0,4100040,4100040,7200000,4100040,61573,65536,3228120,3228120,871920,871920,
336,337,1685,578,11,14,-25,0,9,238,12,24,3,0,0,0,8192,8192,65536,0,0,0,150,64800,58620,0,6180,10725,0,22935,10663,0,0,159110,10663,46792,10922,0,0,0,0,
336,337,1685,578,11,14,-25,0,10,239,9,24,0,0,0,0,0,0,0,3,0,1,0,0,0,0,0,0,0,0,0,0,0,0,0,-58348,0,0,0,0,0,
336,337,1685,578,11,14,-25,0,11,242,20,1,1,2,2,0,65536,65536,2981,0,0,0,0,12500,12500,0,0,2500,0,187500,0,179340,179340,187500,179340,-5953,65536,179340,179340,0,0,
336,337,1685,578,11,14,-25,0,12,251,9,24,24,0,0,0,65536,65536,-4495,0,0,0,24000,216960,216960,0,0,13560,126000,1589081,1706112,0,0,2452440,1706112,20111,65536,0,0,0,0,
337,338,1690,578,11,14,-25,0,0,30,9,1,1,0,0,0,65536,65536,65536,0,0,0,7500,9020,9020,0,0,0,0,1370910,25215,0,0,1371030,25215,65536,65536,0,0,0,0,
337,338,1690,578,11,14,-25,0,1,65,9,24,1,0,0,0,2048,2048,0,0,0,0,0,14726,14726,0,0,735,0,1178,0,0,0,5580,0,65536,2048,0,0,0,0,
337,338,1690,578,11,14,-25,0,2,69,9,24,23,0,0,0,62805,62805,0,0,0,0,0,643996,590096,0,53900,0,0,1078223,0,0,0,2659039,0,65536,65535,0,0,0,0,
337,338,1690,578,11,14,-25,0,3,79,2,24,1,0,0,0,2048,2048,0,0,0,0,0,3333,3333,0,0,0,0,1599,0,0,0,7597,0,65536,2048,0,0,0,0,
337,338,1690,578,11,14,-25,0,4,90,2,1,1,0,0,0,65536,65536,65536,0,0,0,5000,14775,14775,0,0,0,0,1029259,2000,0,0,1029315,2000,65536,65536,0,0,0,0,
337,338,1690,578,11,14,-25,0,5,98,2,1,1,0,0,0,2048,2048,-11612,0,0,0,156,299,299,0,0,0,0,107,1879,0,0,511,1879,-50047,2048,0,0,0,0,
337,338,1690,578,11,14,-25,0,6,102,8,24,15,0,0,0,40960,40960,0,0,0,0,0,270000,239100,0,30900,18150,0,47820,0,0,0,256343,0,65536,40983,0,0,0,0,
337,338,1690,578,11,14,-25,0,7,106,20,1,1,0,0,0,65536,65536,0,0,0,0,0,0,0,0,0,0,0,0,0,0,0,0,0,0,65536,0,0,0,0,
337,338,1690,578,11,14,-25,0,8,203,20,18,18,36,36,0,65536,65536,65536,0,0,0,0,9000,9000,0,0,4500,0,7200000,0,4100040,4100040,7200000,4100040,61573,65536,3228120,3228120,871920,871920,
337,338,1690,578,11,14,-25,0,9,238,12,24,3,0,0,0,8192,8192,65536,0,0,0,150,64800,58620,0,6180,10725,0,35598,10999,0,0,157650,10999,46143,10922,0,0,0,0,
337,338,1690,578,11,14,-25,0,10,239,9,24,0,0,0,0,0,0,0,3,0,1,0,0,0,0,0,0,0,0,0,0,0,0,0,-58568,0,0,0,0,0,
337,338,1690,578,11,14,-25,0,11,242,20,1,1,2,2,0,65536,65536,2981,0,0,0,0,12500,12500,0,0,2500,0,187500,0,179340,179340,187500,179340,-5953,65536,179340,179340,0,0,
337,338,1690,578,11,14,-25,0,12,251,9,24,24,0,0,0,22708,65536,-45843,0,0,0,8315,75175,75175,0,0,4698,43658,183222,609763,0,0,2482800,609763,18516,65536,0,0,0,0,
338,339,1695,578,11,14,-25,0,0,30,9,1,1,0,0,0,65536,65536,65536,0,0,0,7500,9020,9020,0,0,0,0,1370910,25332,0,0,1371030,25332,65536,65536,0,0,0,0,
338,339,1695,578,11,14,-25,0,1,65,9,24,1,0,0,0,2048,2048,0,0,0,0,0,14726,14726,0,0,735,0,1178,0,0,0,5580,0,65536,2048,0,0,0,0,
338,339,1695,578,11,14,-25,0,2,69,9,24,23,0,0,0,62805,62805,0,0,0,0,0,643996,590096,0,53900,0,0,988558,0,0,0,2659039,0,65536,65535,0,0,0,0,
338,339,1695,578,11,14,-25,0,3,79,2,24,1,0,0,0,2048,2048,0,0,0,0,0,3333,3333,0,0,0,0,1599,0,0,0,7597,0,65536,2048,0,0,0,0,
338,339,1695,578,11,14,-25,0,4,90,2,1,1,0,0,0,65536,65536,65536,0,0,0,5000,14775,14775,0,0,0,0,1155520,2000,0,0,1155580,2000,65536,65536,0,0,0,0,
338,339,1695,578,11,14,-25,0,5,98,2,1,1,0,0,0,2048,2048,-11527,0,0,0,156,299,299,0,0,0,0,107,1866,0,0,511,1866,-49941,2048,0,0,0,0,
338,339,1695,578,11,14,-25,0,6,102,8,24,12,0,0,0,32768,32768,0,0,0,0,0,216000,191280,0,24720,14520,0,38256,0,0,0,215918,0,65536,34520,0,0,0,0,
338,339,1695,578,11,14,-25,0,7,106,20,1,1,0,0,0,65536,65536,0,0,0,0,0,0,0,0,0,0,0,0,0,0,0,0,0,0,65536,0,0,0,0,
338,339,1695,578,11,14,-25,0,8,203,20,18,18,36,36,0,65536,65536,65536,0,0,0,0,9000,9000,0,0,4500,0,7200000,0,4100040,4100040,7200000,4100040,61573,65536,3228120,3228120,871920,871920,
338,339,1695,578,11,14,-25,0,9,238,12,24,3,0,0,0,8192,8192,65536,0,0,0,150,64800,58620,0,6180,10725,0,79575,12349,0,0,160470,12349,46386,10922,0,0,0,0,
338,339,1695,578,11,14,-25,0,10,239,9,24,0,0,0,0,0,0,0,3,0,1,0,0,0,0,0,0,0,0,0,0,0,0,0,-59330,0,0,0,0,0,
338,339,1695,578,11,14,-25,0,11,242,20,1,1,2,2,0,65536,65536,2981,0,0,0,0,12500,12500,0,0,2500,0,187500,0,179340,179340,187500,179340,-5953,65536,179340,179340,0,0,
338,339,1695,578,11,14,-25,0,12,251,9,24,24,0,0,0,39938,65536,-45180,1,0,0,14625,132216,132216,0,0,8263,76785,373990,1204061,0,0,2465880,1204061,8822,65536,0,0,0,0,
339,340,1700,578,11,14,-25,0,0,30,9,1,1,0,0,0,65536,65536,65536,0,0,0,7500,9020,9020,0,0,0,0,1370910,25502,0,0,1371030,25502,65536,65536,0,0,0,0,
339,340,1700,578,11,14,-25,0,1,65,9,24,1,0,0,0,2048,2048,0,0,0,0,0,14726,14726,0,0,735,0,1178,0,0,0,5580,0,65536,2048,0,0,0,0,
339,340,1700,578,11,14,-25,0,2,69,9,24,23,0,0,0,62805,62805,0,0,0,0,0,643996,593396,0,50600,0,0,905284,0,0,0,2644879,0,65536,65535,0,0,0,0,
339,340,1700,578,11,14,-25,0,3,79,2,24,1,0,0,0,2048,2048,0,0,0,0,0,3333,3333,0,0,0,0,1599,0,0,0,7597,0,65536,2048,0,0,0,0,
339,340,1700,578,11,14,-25,0,4,90,2,1,1,0,0,0,65536,65536,65536,0,0,0,5000,14775,14775,0,0,0,0,1263180,2000,0,0,1263245,2000,65536,65536,0,0,0,0,
339,340,1700,578,11,14,-25,0,5,98,2,1,1,0,0,0,2048,2048,-11173,0,0,0,156,299,299,0,0,0,0,107,1812,0,0,511,1812,-49475,2048,0,0,0,0,
339,340,1700,578,11,14,-25,0,6,102,8,24,11,0,0,0,30037,30037,0,0,0,0,0,197997,175337,0,22660,13309,0,35067,0,0,0,190830,0,65536,30509,0,0,0,0,
339,340,1700,578,11,14,-25,0,7,106,20,1,1,0,0,0,65536,65536,0,0,0,0,0,0,0,0,0,0,0,0,0,0,0,0,0,0,65536,0,0,0,0,
339,340,1700,578,11,14,-25,0,8,203,20,18,18,36,36,0,65536,65536,65536,0,0,0,0,9000,9000,0,0,4500,0,7200000,0,4100040,4100040,7200000,4100040,61573,65536,3228120,3228120,871920,871920,
339,340,1700,578,11,14,-25,0,9,238,12,24,3,0,0,0,8192,8192,65536,0,0,0,150,64800,58620,0,6180,10725,0,84050,13500,0,0,167309,13500,48050,10922,0,0,0,0,
339,340,1700,578,11,14,-25,0,10,239,9,24,0,0,0,0,0,0,0,3,0,1,0,0,0,0,0,0,0,0,0,0,0,0,0,-59859,0,0,0,0,0,
339,340,1700,578,11,14,-25,0,11,242,20,1,1,2,2,0,65536,65536,2981,0,0,0,0,12500,12500,0,0,2500,0,187500,0,179340,179340,187500,179340,-5953,65536,179340,179340,0,0,
339,340,1700,578,11,14,-25,0,12,251,9,24,21,0,0,0,39938,57344,-50239,2,0,0,14625,132216,132216,0,0,8263,76785,307217,1316250,0,0,2138941,1316250,509,58542,0,0,0,0,
340,341,1705,578,11,14,-25,0,0,30,9,1,1,0,0,0,65536,65536,65536,0,0,0,7500,9020,9020,0,0,0,0,1370910,25902,0,0,1371030,25902,65536,65536,0,0,0,0,
340,341,1705,578,11,14,-25,0,1,65,9,24,1,0,0,0,2048,2048,0,0,0,0,0,14726,14726,0,0,735,0,1178,0,0,0,5580,0,65536,2048,0,0,0,0,
340,341,1705,578,11,14,-25,0,2,69,9,24,23,0,0,0,62805,62805,0,0,0,0,0,643996,616496,0,27500,0,0,858408,0,0,0,2619320,0,65536,65535,0,0,0,0,
340,341,1705,578,11,14,-25,0,3,79,2,24,1,0,0,0,2048,2048,0,0,0,0,0,3333,3333,0,0,0,0,1599,0,0,0,7597,0,65536,2048,0,0,0,0,
340,341,1705,578,11,14,-25,0,4,90,2,1,1,0,0,0,65536,65536,65536,0,0,0,5000,14775,14775,0,0,0,0,433887,2000,0,0,1263245,2000,65536,65536,0,0,0,0,
340,341,1705,578,11,14,-25,0,5,98,2,1,1,0,0,0,2048,2048,-10551,0,0,0,156,299,299,0,0,0,0,107,1717,0,0,511,1717,-48589,2048,0,0,0,0,
340,341,1705,578,11,14,-25,0,6,102,8,24,17,0,0,0,46421,46421,0,0,0,0,0,305997,270977,0,35020,20569,0,82898,0,0,0,303185,0,65536,48022,0,0,0,0,
340,341,1705,578,11,14,-25,0,7,106,20,1,1,0,0,0,65536,65536,0,0,0,0,0,0,0,0,0,0,0,0,0,0,0,0,0,0,65536,0,0,0,0,
340,341,1705,578,11,14,-25,0,8,203,20,18,18,36,36,0,65536,65536,65536,0,0,0,0,9000,9000,0,0,4500,0,7200000,0,4100040,4100040,7200000,4100040,61573,65536,3228120,3228120,871920,871920,
340,341,1705,578,11,14,-25,0,9,238,12,24,24,0,0,0,65536,65536,65536,0,0,0,1200,518400,468960,0,49440,85800,0,397158,108000,0,0,1091520,108000,52835,65536,0,0,0,0,
340,341,1705,578,11,14,-25,0,10,239,9,24,0,0,0,0,0,0,0,3,0,1,0,0,0,0,0,0,0,0,0,0,0,0,0,-59859,0,0,0,0,0,
340,341,1705,578,11,14,-25,0,11,242,20,1,1,2,2,0,65536,65536,2981,0,0,0,0,12500,12500,0,0,2500,0,187500,0,179340,179340,187500,179340,-5953,65536,179340,179340,0,0,
340,341,1705,578,11,14,-25,0,12,251,9,24,0,0,0,0,0,0,0,3,0,1,0,0,0,0,0,0,0,0,0,0,0,0,0,-2949,0,0,0,0,0,
341,342,1710,578,11,14,-25,0,0,30,9,1,1,0,0,0,65536,65536,65536,0,0,0,7500,9020,9020,0,0,0,0,1370910,25495,0,0,1371030,25495,65536,65536,0,0,0,0,
341,342,1710,578,11,14,-25,0,1,65,9,24,1,0,0,0,2048,2048,0,0,0,0,0,14726,14726,0,0,735,0,1178,0,0,0,5580,0,65536,2048,0,0,0,0,
341,342,1710,578,11,14,-25,0,2,69,9,24,23,0,0,0,62805,62805,0,0,0,0,0,643996,616496,0,27500,0,0,1030746,0,0,0,2625439,0,65536,65535,0,0,0,0,
341,342,1710,578,11,14,-25,0,3,79,2,24,1,0,0,0,2048,2048,0,0,0,0,0,3333,3333,0,0,0,0,1599,0,0,0,7597,0,65536,2048,0,0,0,0,
341,342,1710,578,11,14,-25,0,4,90,2,1,1,0,0,0,19860,19860,65536,0,0,0,1515,4477,4477,0,0,0,0,72630,606,0,0,345024,606,65536,19860,0,0,0,0,
341,342,1710,578,11,14,-25,0,5,98,2,1,1,0,0,0,2048,2048,-10734,0,0,0,156,299,299,0,0,0,0,107,1745,0,0,511,1745,-48861,2048,0,0,0,0,
341,342,1710,578,11,14,-25,0,6,102,8,24,17,0,0,0,46421,46421,0,0,0,0,0,305997,270977,0,35020,20569,0,54628,0,0,0,295850,0,65536,46901,0,0,0,0,
341,342,1710,578,11,14,-25,0,7,106,20,1,1,0,0,0,65536,65536,0,0,0,0,0,0,0,0,0,0,0,0,0,0,0,0,0,0,65536,0,0,0,0,
341,342,1710,578,11,14,-25,0,8,203,20,18,18,36,36,0,65536,65536,65536,0,0,0,0,9000,9000,0,0,4500,0,7200000,0,4100040,4100040,7200000,4100040,61573,65536,3228120,3228120,871920,871920,
341,342,1710,578,11,14,-25,0,9,238,12,24,3,0,0,0,8192,8192,65536,0,0,0,150,64800,58620,0,6180,10725,0,24557,12167,0,0,170889,12167,49892,10922,0,0,0,0,
341,342,1710,578,11,14,-25,0,10,239,9,24,0,0,0,0,0,0,0,3,0,1,0,0,0,0,0,0,0,0,0,0,0,0,0,-59237,0,0,0,0,0,
341,342,1710,578,11,14,-25,0,11,242,20,1,1,2,2,0,65536,65536,2981,0,0,0,0,12500,12500,0,0,2500,0,187500,0,179340,179340,187500,179340,-5953,65536,179340,179340,0,0,
341,342,1710,578,11,14,-25,0,12,251,9,24,0,0,0,0,0,0,0,3,1,1,0,0,0,0,0,0,0,0,0,0,0,0,0,5046,0,0,0,0,0,
342,343,1715,578,11,14,-25,0,0,30,9,1,1,0,0,0,65536,65536,65536,0,0,0,7500,9020,9020,0,0,0,0,1370910,25050,0,0,1371030,25050,65536,65536,0,0,0,0,
342,343,1715,578,11,14,-25,0,1,65,9,24,1,0,0,0,2048,2048,0,0,0,0,0,14726,14726,0,0,735,0,1178,0,0,0,5580,0,65536,2048,0,0,0,0,
342,343,1715,578,11,14,-25,0,2,69,9,24,23,0,0,0,62805,62805,0,0,0,0,0,643996,590096,0,53900,0,0,996442,0,0,0,2626039,0,65536,65535,0,0,0,0,
342,343,1715,578,11,14,-25,0,3,79,2,24,1,0,0,0,2048,2048,0,0,0,0,0,3333,3333,0,0,0,0,1599,0,0,0,7597,0,65536,2048,0,0,0,0,
342,343,1715,578,11,14,-25,0,4,90,2,1,1,0,0,0,2123,2123,65536,0,0,0,161,478,478,0,0,0,0,32315,64,0,0,32411,64,65536,2123,0,0,0,0,
342,343,1715,578,11,14,-25,0,5,98,2,1,1,0,0,0,2048,2048,-11619,0,0,0,156,299,299,0,0,0,0,107,1880,0,0,511,1880,-50054,2048,0,0,0,0,
342,343,1715,578,11,14,-25,0,6,102,8,24,14,0,0,0,38229,38229,0,0,0,0,0,251997,223157,0,28840,16939,0,44631,0,0,0,252478,0,65536,40365,0,0,0,0,
342,343,1715,578,11,14,-25,0,7,106,20,1,1,0,0,0,65536,65536,0,0,0,0,0,0,0,0,0,0,0,0,0,0,0,0,0,0,65536,0,0,0,0,
342,343,1715,578,11,14,-25,0,8,203,20,18,18,36,36,0,65536,65536,65536,0,0,0,0,9000,9000,0,0,4500,0,7200000,0,4100040,4100040,7200000,4100040,61573,65536,3228120,3228120,871920,871920,
342,343,1715,578,11,14,-25,0,9,238,12,24,3,0,0,0,8192,8192,65536,0,0,0,150,64800,58620,0,6180,10725,0,23052,10692,0,0,159950,10692,47054,10922,0,0,0,0,
342,343,1715,578,11,14,-25,0,10,239,9,24,0,0,0,0,0,0,0,3,0,1,0,0,0,0,0,0,0,0,0,0,0,0,0,-58368,0,0,0,0,0,
342,343,1715,578,11,14,-25,0,11,242,20,1,1,2,2,0,65536,65536,2981,0,0,0,0,12500,12500,0,0,2500,0,187500,0,179340,179340,187500,179340,-5953,65536,179340,179340,0,0,
342,343,1715,578,11,14,-25,0,12,251,9,24,24,0,0,0,65536,65536,-4133,0,0,0,24000,216960,216960,0,0,13560,126000,1602873,1710768,0,0,2483880,1710768,20971,65536,0,0,0,0,
343,344,1720,578,11,14,-25,0,0,30,9,1,1,0,0,0,65536,65536,65536,0,0,0,7500,9020,9020,0,0,0,0,1370910,24765,0,0,1371030,24765,65536,65536,0,0,0,0,
343,344,1720,578,11,14,-25,0,1,65,9,24,1,0,0,0,2048,2048,0,0,0,0,0,14726,14726,0,0,735,0,1178,0,0,0,5580,0,65536,2048,0,0,0,0,
343,344,1720,578,11,14,-25,0,2,69,9,24,23,0,0,0,62805,62805,0,0,0,0,0,643996,592296,0,51700,0,0,869998,0,0,0,2605880,0,65536,65535,0,0,0,0,
343,344,1720,578,11,14,-25,0,3,79,2,24,12,0,0,0,32768,32768,0,0,0,0,0,53340,53340,0,0,0,0,28329,0,0,0,127091,0,65536,33792,0,0,0,0,
343,344,1720,578,11,14,-25,0,4,90,2,1,1,0,0,0,65536,65536,65536,0,0,0,5000,14775,14775,0,0,0,0,1032288,2000,0,0,1032340,2000,65536,65536,0,0,0,0,
343,344,1720,578,11,14,-25,0,5,98,2,1,1,0,0,0,2048,2048,-11652,0,0,0,156,299,299,0,0,0,0,107,1885,0,0,511,1885,-50097,2048,0,0,0,0,
343,344,1720,578,11,14,-25,0,6,102,8,24,13,0,0,0,35498,35498,0,0,0,0,0,233995,207215,0,26780,15729,0,41443,0,0,0,228453,0,65536,36524,0,0,0,0,
343,344,1720,578,11,14,-25,0,7,106,20,1,1,0,0,0,65536,65536,0,0,0,0,0,0,0,0,0,0,0,0,0,0,0,0,0,0,65536,0,0,0,0,
343,344,1720,578,11,14,-25,0,8,203,20,18,18,36,36,0,65536,65536,65536,0,0,0,0,9000,9000,0,0,4500,0,7200000,0,4100040,4100040,7200000,4100040,61573,65536,3228120,3228120,871920,871920,
343,344,1720,578,11,14,-25,0,9,238,12,24,3,0,0,0,8192,8192,65536,0,0,0,150,64800,58620,0,6180,10725,0,22617,11032,0,0,156750,11032,45829,10922,0,0,0,0,
343,344,1720,578,11,14,-25,0,10,239,9,24,0,0,0,0,0,0,0,3,0,1,0,0,0,0,0,0,0,0,0,0,0,0,0,-58589,0,0,0,0,0,
343,344,1720,578,11,14,-25,0,11,242,20,1,1,2,2,0,65536,65536,2981,0,0,0,0,12500,12500,0,0,2500,0,187500,0,179340,179340,187500,179340,-5953,65536,179340,179340,0,0,
343,344,1720,578,11,14,-25,0,12,251,9,24,22,0,0,0,23410,60074,-46063,0,0,0,8572,77499,77499,0,0,4843,45008,187330,630462,0,0,2361691,630462,18544,62138,0,0,0,0,
344,345,1725,578,11,14,-25,0,0,30,9,1,1,0,0,0,65536,65536,65536,0,0,0,7500,9020,9020,0,0,0,0,1370910,24772,0,0,1371030,24772,65536,65536,0,0,0,0,
344,345,1725,578,11,14,-25,0,1,65,9,24,1,0,0,0,2048,2048,0,0,0,0,0,14726,14726,0,0,735,0,1178,0,0,0,5580,0,65536,2048,0,0,0,0,
344,345,1725,578,11,14,-25,0,2,69,9,24,23,0,0,0,62805,62805,0,0,0,0,0,643996,591196,0,52800,0,0,884224,0,0,0,2590520,0,65536,65535,0,0,0,0,
344,345,1725,578,11,14,-25,0,3,79,2,24,7,0,0,0,19114,19114,0,0,0,0,0,31113,31113,0,0,0,0,14934,0,0,0,74205,0,65536,20003,0,0,0,0,
344,345,1725,578,11,14,-25,0,4,90,2,1,1,0,0,0,65536,65536,65536,0,0,0,5000,14775,14775,0,0,0,0,1159538,2000,0,0,1159600,2000,65536,65536,0,0,0,0,
344,345,1725,578,11,14,-25,0,5,98,2,1,1,0,0,0,2048,2048,-11685,0,0,0,156,299,299,0,0,0,0,107,1890,0,0,511,1890,-50138,2048,0,0,0,0,
344,345,1725,578,11,14,-25,0,6,102,8,24,18,0,0,0,49152,49152,0,0,0,0,0,324000,286920,0,37080,21780,0,62958,0,0,0,319840,0,65536,51030,0,0,0,0,
344,345,1725,578,11,14,-25,0,7,106,20,1,1,0,0,0,65536,65536,0,0,0,0,0,0,0,0,0,0,0,0,0,0,0,0,0,0,65536,0,0,0,0,
344,345,1725,578,11,14,-25,0,8,203,20,18,18,36,36,0,65536,65536,65536,0,0,0,0,9000,9000,0,0,4500,0,7200000,0,4100040,4100040,7200000,4100040,61573,65536,3228120,3228120,871920,871920,
344,345,1725,578,11,14,-25,0,9,238,12,24,3,0,0,0,8192,8192,65536,0,0,0,150,64800,58620,0,6180,10725,0,79282,12392,0,0,160010,12392,46215,10922,0,0,0,0,
344,345,1725,578,11,14,-25,0,10,239,9,24,0,0,0,0,0,0,0,3,0,1,0,0,0,0,0,0,0,0,0,0,0,0,0,-59351,0,0,0,0,0,
344,345,1725,578,11,14,-25,0,11,242,20,1,1,2,2,0,65536,65536,2981,0,0,0,0,12500,12500,0,0,2500,0,187500,0,179340,179340,187500,179340,-5953,65536,179340,179340,0,0,
344,345,1725,578,11,14,-25,0,12,251,9,24,23,0,0,0,39938,62805,-36974,1,0,0,14625,132216,132216,0,0,8263,76785,526572,1208259,0,0,2432811,1208259,9512,63837,0,0,0,0,
345,346,1730,578,11,14,-25,0,0,30,9,1,1,0,0,0,65536,65536,65536,0,0,0,7500,9020,9020,0,0,0,0,1370910,25242,0,0,1371030,25242,65536,65536,0,0,0,0,
345,346,1730,578,11,14,-25,0,1,65,9,24,1,0,0,0,2048,2048,0,0,0,0,0,14726,14726,0,0,735,0,1178,0,0,0,5580,0,65536,2048,0,0,0,0,
345,346,1730,578,11,14,-25,0,2,69,9,24,23,0,0,0,62805,62805,0,0,0,0,0,643996,592296,0,51700,0,0,1087138,0,0,0,2609960,0,65536,65535,0,0,0,0,
345,346,1730,578,11,14,-25,0,3,79,2,24,4,0,0,0,10922,10922,0,0,0,0,0,17778,17778,0,0,0,0,8533,0,0,0,41804,0,65536,11269,0,0,0,0,
345,346,1730,578,11,14,-25,0,4,90,2,1,1,0,0,0,65536,65536,65536,0,0,0,5000,14775,14775,0,0,0,0,1263180,2000,0,0,1263245,2000,65536,65536,0,0,0,0,
345,346,1730,578,11,14,-25,0,5,98,2,1,1,0,0,0,2048,2048,-11540,0,0,0,156,299,299,0,0,0,0,107,1868,0,0,511,1868,-49955,2048,0,0,0,0,
345,346,1730,578,11,14,-25,0,6,102,8,24,17,0,0,0,46421,46421,0,0,0,0,0,305997,270977,0,35020,20569,0,54195,0,0,0,302504,0,65536,48363,0,0,0,0,
345,346,1730,578,11,14,-25,0,7,106,20,1,1,0,0,0,65536,65536,0,0,0,0,0,0,0,0,0,0,0,0,0,0,0,0,0,0,65536,0,0,0,0,
345,346,1730,578,11,14,-25,0,8,203,20,18,18,36,36,0,65536,65536,65536,0,0,0,0,9000,9000,0,0,4500,0,7200000,0,4100040,4100040,7200000,4100040,61573,65536,3228120,3228120,871920,871920,
345,346,1730,578,11,14,-25,0,9,238,12,24,3,0,0,0,8192,8192,65536,0,0,0,150,64800,58620,0,6180,10725,0,84301,13500,0,0,167689,13500,48175,10922,0,0,0,0,
345,346,1730,578,11,14,-25,0,10,239,9,24,0,0,0,0,0,0,0,3,0,1,0,0,0,0,0,0,0,0,0,0,0,0,0,-59859,0,0,0,0,0,
345,346,1730,578,11,14,-25,0,11,242,20,1,1,2,2,0,65536,65536,2981,0,0,0,0,12500,12500,0,0,2500,0,187500,0,179340,179340,187500,179340,-5953,65536,179340,179340,0,0,
345,346,1730,578,11,14,-25,0,12,251,9,24,22,0,0,0,39938,60074,-49769,2,0,0,14625,132216,132216,0,0,8263,76785,316657,1316250,0,0,2338266,1316250,2538,62090,0,0,0,0,
346,347,1735,578,11,14,-25,0,0,30,9,1,1,0,0,0,65536,65536,65536,0,0,0,7500,9020,9020,0,0,0,0,1370910,26280,0,0,1371030,26280,65536,65536,0,0,0,0,
346,347,1735,578,11,14,-25,0,1,65,9,24,1,0,0,0,2048,2048,0,0,0,0,0,14726,14726,0,0,735,0,1178,0,0,0,5580,0,65536,2048,0,0,0,0,
346,347,1735,578,11,14,-25,0,2,69,9,24,23,0,0,0,62805,62805,0,0,0,0,0,643996,616496,0,27500,0,0,1241046,0,0,0,2650279,0,65536,65535,0,0,0,0,
346,347,1735,578,11,14,-25,0,3,79,2,24,2,0,0,0,5461,5461,0,0,0,0,0,8889,8889,0,0,0,0,4266,0,0,0,23200,0,65536,6254,0,0,0,0,
346,347,1735,578,11,14,-25,0,4,90,2,1,1,0,0,0,65536,65536,65536,0,0,0,5000,14775,14775,0,0,0,0,449074,2000,0,0,1263245,2000,65536,65536,0,0,0,0,
346,347,1735,578,11,14,-25,0,5,98,2,1,1,0,0,0,2048,2048,-11114,0,0,0,156,299,299,0,0,0,0,107,1803,0,0,511,1803,-49394,2048,0,0,0,0,
346,347,1735,578,11,14,-25,0,6,102,8,24,20,0,0,0,54613,54613,0,0,0,0,0,359997,318797,0,41200,24199,0,101093,0,0,0,359963,0,65536,56949,0,0,0,0,
346,347,1735,578,11,14,-25,0,7,106,20,1,1,0,0,0,65536,65536,0,0,0,0,0,0,0,0,0,0,0,0,0,0,0,0,0,0,65536,0,0,0,0,
346,347,1735,578,11,14,-25,0,8,203,20,18,18,36,36,0,65536,65536,65536,0,0,0,0,9000,9000,0,0,4500,0,7200000,0,4100040,4100040,7200000,4100040,61573,65536,3228120,3228120,871920,871920,
346,347,1735,578,11,14,-25,0,9,238,12,24,24,0,0,0,65536,65536,65536,0,0,0,1200,518400,468960,0,49440,85800,0,415522,108000,0,0,1111440,108000,53923,65536,0,0,0,0,
346,347,1735,578,11,14,-25,0,10,239,9,24,0,0,0,0,0,0,0,3,0,1,0,0,0,0,0,0,0,0,0,0,0,0,0,-59859,0,0,0,0,0,
346,347,1735,578,11,14,-25,0,11,242,20,1,1,2,2,0,65536,65536,2981,0,0,0,0,12500,12500,0,0,2500,0,187500,0,179340,179340,187500,179340,-5953,65536,179340,179340,0,0,
346,347,1735,578,11,14,-25,0,12,251,9,24,0,0,0,0,0,0,0,3,0,1,0,0,0,0,0,0,0,0,0,0,0,0,0,175,0,0,0,0,0,
347,348,1740,578,11,14,-25,0,0,30,9,1,1,0,0,0,65536,65536,65536,0,0,0,7500,9020,9020,0,0,0,0,1370910,26412,0,0,1371030,26412,65536,65536,0,0,0,0,
347,348,1740,578,11,14,-25,0,1,65,9,24,1,0,0,0,2048,2048,0,0,0,0,0,14726,14726,0,0,735,0,1178,0,0,0,5580,0,65536,2048,0,0,0,0,
347,348,1740,578,11,14,-25,0,2,69,9,24,23,0,0,0,62805,62805,0,0,0,0,0,643996,616496,0,27500,0,0,1494848,0,0,0,2726238,0,65536,65535,0,0,0,0,
347,348,1740,578,11,14,-25,0,3,79,2,24,1,0,0,0,2730,2730,0,0,0,0,0,4443,4443,0,0,0,0,2132,0,0,0,12909,0,65536,3480,0,0,0,0,
347,348,1740,578,11,14,-25,0,4,90,2,1,1,0,0,0,20119,20119,65536,0,0,0,1534,4535,4535,0,0,0,0,73603,613,0,0,349672,613,65536,20119,0,0,0,0,
347,348,1740,578,11,14,-25,0,5,98,2,1,1,0,0,0,2048,2048,-11455,0,0,0,156,299,299,0,0,0,0,107,1855,0,0,511,1855,-49852,2048,0,0,0,0,
347,348,1740,578,11,14,-25,0,6,102,8,24,19,0,0,0,51882,51882,0,0,0,0,0,341995,302855,0,39140,22989,0,60571,0,0,0,334179,0,65536,53427,0,0,0,0,
347,348,1740,578,11,14,-25,0,7,106,20,1,1,0,0,0,65536,65536,0,0,0,0,0,0,0,0,0,0,0,0,0,0,0,0,0,0,65536,0,0,0,0,
347,348,1740,578,11,14,-25,0,8,203,20,18,18,36,36,0,65536,65536,65536,0,0,0,0,9000,9000,0,0,4500,0,7200000,0,4100040,4100040,7200000,4100040,61573,65536,3228120,3228120,871920,871920,
347,348,1740,578,11,14,-25,0,9,238,12,24,3,0,0,0,8192,8192,65536,0,0,0,150,64800,58620,0,6180,10725,0,24984,12172,0,0,173969,12172,50901,10922,0,0,0,0,
347,348,1740,578,11,14,-25,0,10,239,9,24,0,0,0,0,0,0,0,3,0,1,0,0,0,0,0,0,0,0,0,0,0,0,0,-59240,0,0,0,0,0,
347,348,1740,578,11,14,-25,0,11,242,20,1,1,2,2,0,65536,65536,2981,0,0,0,0,12500,12500,0,0,2500,0,187500,0,179340,179340,187500,179340,-5953,65536,179340,179340,0,0,
347,348,1740,578,11,14,-25,0,12,251,9,24,0,0,0,0,0,0,0,3,1,1,0,0,0,0,0,0,0,0,0,0,0,0,0,9474,0,0,0,0,0,
348,349,1745,578,11,14,-25,0,0,30,9,1,1,0,0,0,65536,65536,65536,0,0,0,7500,9020,9020,0,0,0,0,1370910,26622,0,0,1371030,26622,65536,65536,0,0,0,0,
348,349,1745,578,11,14,-25,0,1,65,9,24,1,0,0,0,2048,2048,0,0,0,0,0,14726,14726,0,0,735,0,1178,0,0,0,5580,0,65536,2048,0,0,0,0,
348,349,1745,578,11,14,-25,0,2,69,9,24,23,0,0,0,62805,62805,0,0,0,0,0,643996,590096,0,53900,0,0,1580389,0,0,0,2812277,0,65536,65535,0,0,0,0,
348,349,1745,578,11,14,-25,0,3,79,2,24,1,0,0,0,2048,2048,0,0,0,0,0,3333,3333,0,0,0,0,1599,0,0,0,7597,0,65536,2048,0,0,0,0,
348,349,1745,578,11,14,-25,0,4,90,2,1,1,0,0,0,2172,2172,65536,0,0,0,165,489,489,0,0,0,0,33076,66,0,0,33176,66,65536,2172,0,0,0,0,
348,349,1745,578,11,14,-25,0,5,98,2,1,1,0,0,0,2048,2048,-12504,0,0,0,156,299,299,0,0,0,0,107,2015,0,0,511,2015,-51096,2048,0,0,0,0,
348,349,1745,578,11,14,-25,0,6,102,8,24,15,0,0,0,40960,40960,0,0,0,0,0,270000,239100,0,30900,18150,0,47820,0,0,0,269479,0,65536,43083,0,0,0,0,
348,349,1745,578,11,14,-25,0,7,106,20,1,1,0,0,0,65536,65536,0,0,0,0,0,0,0,0,0,0,0,0,0,0,0,0,0,0,65536,0,0,0,0,
348,349,1745,578,11,14,-25,0,8,203,20,18,18,36,36,0,65536,65536,65536,0,0,0,0,9000,9000,0,0,4500,0,7200000,0,4100040,4100040,7200000,4100040,61573,65536,3228120,3228120,871920,871920,
348,349,1745,578,11,14,-25,0,9,238,12,24,3,0,0,0,8192,8192,65536,0,0,0,150,64800,58620,0,6180,10725,0,23428,10697,0,0,162710,10697,47952,10922,0,0,0,0,
348,349,1745,578,11,14,-25,0,10,239,9,24,0,0,0,0,0,0,0,3,0,1,0,0,0,0,0,0,0,0,0,0,0,0,0,-58372,0,0,0,0,0,
348,349,1745,578,11,14,-25,0,11,242,20,1,1,2,2,0,65536,65536,2981,0,0,0,0,12500,12500,0,0,2500,0,187500,0,179340,179340,187500,179340,-5953,65536,179340,179340,0,0,
348,349,1745,578,11,14,-25,0,12,251,9,24,24,0,0,0,65536,65536,-1507,0,0,0,24000,216960,216960,0,0,13560,126000,1672290,1711656,0,0,2663160,1711656,27168,65536,0,0,0,0,
349,350,1750,578,11,14,-25,0,0,30,9,1,1,0,0,0,65536,65536,65536,0,0,0,7500,9020,9020,0,0,0,0,1370910,27240,0,0,1371030,27240,65536,65536,0,0,0,0,
349,350,1750,578,11,14,-25,0,1,65,9,24,1,0,0,0,2048,2048,0,0,0,0,0,14726,14726,0,0,735,0,1178,0,0,0,5580,0,65536,2048,0,0,0,0,
349,350,1750,578,11,14,-25,0,2,69,9,24,23,0,0,0,62805,62805,0,0,0,0,0,643996,590096,0,53900,0,0,1627240,0,0,0,2902995,0,65536,65535,0,0,0,0,
349,350,1750,578,11,14,-25,0,3,79,2,24,1,0,0,0,2048,2048,0,0,0,0,0,3333,3333,0,0,0,0,1599,0,0,0,7597,0,65536,2048,0,0,0,0,
349,350,1750,578,11,14,-25,0,4,90,2,1,1,0,0,0,65536,65536,65536,0,0,0,5000,14775,14775,0,0,0,0,1032908,2000,0,0,1032960,2000,65536,65536,0,0,0,0,
349,350,1750,578,11,14,-25,0,5,98,2,1,1,0,0,0,2048,2048,-12700,0,0,0,156,299,299,0,0,0,0,107,2045,0,0,511,2045,-51309,2048,0,0,0,0,
349,350,1750,578,11,14,-25,0,6,102,8,24,13,0,0,0,35498,35498,0,0,0,0,0,233995,207215,0,26780,15729,0,41443,0,0,0,228415,0,65536,36518,0,0,0,0,
349,350,1750,578,11,14,-25,0,7,106,20,1,1,0,0,0,65536,65536,0,0,0,0,0,0,0,0,0,0,0,0,0,0,0,0,0,0,65536,0,0,0,0,
349,350,1750,578,11,14,-25,0,8,203,20,18,18,36,36,0,65536,65536,65536,0,0,0,0,9000,9000,0,0,4500,0,7200000,0,4100040,4100040,7200000,4100040,61573,65536,3228120,3228120,871920,871920,
349,350,1750,578,11,14,-25,0,9,238,12,24,3,0,0,0,8192,8192,65536,0,0,0,150,64800,58620,0,6180,10725,0,23119,11038,0,0,160390,11038,47022,10922,0,0,0,0,
349,350,1750,578,11,14,-25,0,10,239,9,24,0,0,0,0,0,0,0,3,0,1,0,0,0,0,0,0,0,0,0,0,0,0,0,-58593,0,0,0,0,0,
349,350,1750,578,11,14,-25,0,11,242,20,1,1,2,2,0,65536,65536,2981,0,0,0,0,12500,12500,0,0,2500,0,187500,0,179340,179340,187500,179340,-5953,65536,179340,179340,0,0,
349,350,1750,578,11,14,-25,0,12,251,9,24,24,0,0,0,23475,65536,-38868,0,0,0,8596,77715,77715,0,0,4857,45133,257412,632605,0,0,2703000,632605,25649,65536,0,0,0,0,
350,351,1755,578,11,14,-25,0,0,30,9,1,1,0,0,0,65536,65536,65536,0,0,0,7500,9020,9020,0,0,0,0,1370910,28142,0,0,1371030,28142,65536,65536,0,0,0,0,
350,351,1755,578,11,14,-25,0,1,65,9,24,1,0,0,0,2048,2048,0,0,0,0,0,14726,14726,0,0,735,0,1178,0,0,0,5580,0,65536,2048,0,0,0,0,
350,351,1755,578,11,14,-25,0,2,69,9,24,23,0,0,0,62805,62805,0,0,0,0,0,643996,590096,0,53900,0,0,1701636,0,0,0,3003074,0,65536,65535,0,0,0,0,
350,351,1755,578,11,14,-25,0,3,79,2,24,1,0,0,0,2048,2048,0,0,0,0,0,3333,3333,0,0,0,0,1599,0,0,0,7597,0,65536,2048,0,0,0,0,
350,351,1755,578,11,14,-25,0,4,90,2,1,1,0,0,0,65536,65536,65536,0,0,0,5000,14775,14775,0,0,0,0,1159848,2000,0,0,1159910,2000,65536,65536,0,0,0,0,
350,351,1755,578,11,14,-25,0,5,98,2,1,1,0,0,0,2048,2048,-12668,0,0,0,156,299,299,0,0,0,0,107,2040,0,0,511,2040,-51269,2048,0,0,0,0,
350,351,1755,578,11,14,-25,0,6,102,8,24,11,0,0,0,30037,30037,0,0,0,0,0,197997,175337,0,22660,13309,0,35067,0,0,0,199737,0,65536,31933,0,0,0,0,
350,351,1755,578,11,14,-25,0,7,106,20,1,1,0,0,0,65536,65536,0,0,0,0,0,0,0,0,0,0,0,0,0,0,0,0,0,0,65536,0,0,0,0,
350,351,1755,578,11,14,-25,0,8,203,20,18,18,36,36,0,65536,65536,65536,0,0,0,0,9000,9000,0,0,4500,0,7200000,0,4100040,4100040,7200000,4100040,61573,65536,3228120,3228120,871920,871920,
350,351,1755,578,11,14,-25,0,9,238,12,24,3,0,0,0,8192,8192,65536,0,0,0,150,64800,58620,0,6180,10725,0,81415,12395,0,0,163270,12395,47284,10922,0,0,0,0,
350,351,1755,578,11,14,-25,0,10,239,9,24,0,0,0,0,0,0,0,3,0,1,0,0,0,0,0,0,0,0,0,0,0,0,0,-59353,0,0,0,0,0,
350,351,1755,578,11,14,-25,0,11,242,20,1,1,2,2,0,65536,65536,2981,0,0,0,0,12500,12500,0,0,2500,0,187500,0,179340,179340,187500,179340,-5953,65536,179340,179340,0,0,
350,351,1755,578,11,14,-25,0,12,251,9,24,24,0,0,0,39938,65536,-37594,1,0,0,14625,132216,132216,0,0,8263,76785,515274,1208580,0,0,2695680,1208580,15447,65536,0,0,0,0,
351,352,1760,578,11,14,-25,0,0,30,9,1,1,0,0,0,65536,65536,65536,0,0,0,7500,9020,9020,0,0,0,0,1370910,29232,0,0,1371030,29232,65536,65536,0,0,0,0,
351,352,1760,578,11,14,-25,0,1,65,9,24,1,0,0,0,2048,2048,0,0,0,0,0,14726,14726,0,0,735,0,1178,0,0,0,5580,0,65536,2048,0,0,0,0,
351,352,1760,578,11,14,-25,0,2,69,9,24,23,0,0,0,62805,62805,0,0,0,0,0,643996,593396,0,50600,0,0,1743294,0,0,0,3105912,0,65536,65535,0,0,0,0,
351,352,1760,578,11,14,-25,0,3,79,2,24,1,0,0,0,2048,2048,0,0,0,0,0,3333,3333,0,0,0,0,1599,0,0,0,7597,0,65536,2048,0,0,0,0,
351,352,1760,578,11,14,-25,0,4,90,2,1,1,0,0,0,65536,65536,65536,0,0,0,5000,14775,14775,0,0,0,0,1263180,2000,0,0,1263245,2000,65536,65536,0,0,0,0,
351,352,1760,578,11,14,-25,0,5,98,2,1,1,0,0,0,2048,2048,-12288,0,0,0,156,299,299,0,0,0,0,107,1982,0,0,511,1982,-50856,2048,0,0,0,0,
351,352,1760,578,11,14,-25,0,6,102,8,24,11,0,0,0,30037,30037,0,0,0,0,0,197997,175337,0,22660,13309,0,35067,0,0,0,190173,0,65536,30404,0,0,0,0,
351,352,1760,578,11,14,-25,0,7,106,20,1,1,0,0,0,65536,65536,0,0,0,0,0,0,0,0,0,0,0,0,0,0,0,0,0,0,65536,0,0,0,0,
351,352,1760,578,11,14,-25,0,8,203,20,18,18,36,36,0,65536,65536,65536,0,0,0,0,9000,9000,0,0,4500,0,7200000,0,4100040,4100040,7200000,4100040,61573,65536,3228120,3228120,871920,871920,
351,352,1760,578,11,14,-25,0,9,238,12,24,3,0,0,0,8192,8192,65536,0,0,0,150,64800,58620,0,6180,10725,0,85931,13500,0,0,170189,13500,48994,10922,0,0,0,0,
351,352,1760,578,11,14,-25,0,10,239,9,24,0,0,0,0,0,0,0,3,0,1,0,0,0,0,0,0,0,0,0,0,0,0,0,-59859,0,0,0,0,0,
351,352,1760,578,11,14,-25,0,11,242,20,1,1,2,2,0,65536,65536,2981,0,0,0,0,12500,12500,0,0,2500,0,187500,0,179340,179340,187500,179340,-5953,65536,179340,179340,0,0,
351,352,1760,578,11,14,-25,0,12,251,9,24,21,0,0,0,39938,57344,-48800,2,0,0,14625,132216,132216,0,0,8263,76785,336119,1316250,0,0,2381116,1316250,6722,59567,0,0,0,0,
352,353,1765,578,11,14,-25,0,0,30,9,1,1,0,0,0,65536,65536,65536,0,0,0,7500,9020,9020,0,0,0,0,1370910,30495,0,0,1371030,30495,65536,65536,0,0,0,0,
352,353,1765,578,11,14,-25,0,1,65,9,24,1,0,0,0,2048,2048,0,0,0,0,0,14726,14726,0,0,735,0,1178,0,0,0,5580,0,65536,2048,0,0,0,0,
352,353,1765,578,11,14,-25,0,2,69,9,24,23,0,0,0,62805,62805,0,0,0,0,0,643996,616496,0,27500,0,0,1662927,0,0,0,3191231,0,65536,65535,0,0,0,0,
352,353,1765,578,11,14,-25,0,3,79,2,24,1,0,0,0,2048,2048,0,0,0,0,0,3333,3333,0,0,0,0,1599,0,0,0,7597,0,65536,2048,0,0,0,0,
352,353,1765,578,11,14,-25,0,4,90,2,1,1,0,0,0,65536,65536,65536,0,0,0,5000,14775,14775,0,0,0,0,433887,2000,0,0,1263245,2000,65536,65536,0,0,0,0,
352,353,1765,578,11,14,-25,0,5,98,2,1,1,0,0,0,2048,2048,-11567,0,0,0,156,299,299,0,0,0,0,107,1872,0,0,511,1872,-49994,2048,0,0,0,0,
352,353,1765,578,11,14,-25,0,6,102,8,24,17,0,0,0,46421,46421,0,0,0,0,0,305997,270977,0,35020,20569,0,138876,0,0,0,307600,0,65536,47970,0,0,0,0,
352,353,1765,578,11,14,-25,0,7,106,20,1,1,0,0,0,65536,65536,0,0,0,0,0,0,0,0,0,0,0,0,0,0,0,0,0,0,65536,0,0,0,0,
352,353,1765,578,11,14,-25,0,8,203,20,18,18,36,36,0,65536,65536,65536,0,0,0,0,9000,9000,0,0,4500,0,7200000,0,4100040,4100040,7200000,4100040,61573,65536,3228120,3228120,871920,871920,
352,353,1765,578,11,14,-25,0,9,238,12,24,24,0,0,0,65536,65536,65536,0,0,0,1200,518400,468960,0,49440,85800,0,406278,108000,0,0,1108320,108000,53752,65536,0,0,0,0,
352,353,1765,578,11,14,-25,0,10,239,9,24,0,0,0,0,0,0,0,3,0,1,0,0,0,0,0,0,0,0,0,0,0,0,0,-59859,0,0,0,0,0,
352,353,1765,578,11,14,-25,0,11,242,20,1,1,2,2,0,65536,65536,2981,0,0,0,0,12500,12500,0,0,2500,0,187500,0,179340,179340,187500,179340,-5953,65536,179340,179340,0,0,
352,353,1765,578,11,14,-25,0,12,251,9,24,0,0,0,0,0,0,0,3,0,1,0,0,0,0,0,0,0,0,0,0,0,0,0,2714,0,0,0,0,0,
353,354,1770,578,11,14,-25,0,0,30,9,1,1,0,0,0,65536,65536,65536,0,0,0,7500,9020,9020,0,0,0,0,1370910,30805,0,0,1371030,30805,65536,65536,0,0,0,0,
353,354,1770,578,11,14,-25,0,1,65,9,24,1,0,0,0,2048,2048,0,0,0,0,0,14726,14726,0,0,735,0,1178,0,0,0,5580,0,65536,2048,0,0,0,0,
353,354,1770,578,11,14,-25,0,2,69,9,24,23,0,0,0,62805,62805,0,0,0,0,0,643996,616496,0,27500,0,0,1833339,0,0,0,3289389,0,65536,65535,0,0,0,0,
353,354,1770,578,11,14,-25,0,3,79,2,24,1,0,0,0,2048,2048,0,0,0,0,0,3333,3333,0,0,0,0,1599,0,0,0,7597,0,65536,2048,0,0,0,0,
353,354,1770,578,11,14,-25,0,4,90,2,1,1,0,0,0,19924,19924,65536,0,0,0,1520,4491,4491,0,0,0,0,72857,608,0,0,346136,608,65536,19924,0,0,0,0,
353,354,1770,578,11,14,-25,0,5,98,2,1,1,0,0,0,2048,2048,-11789,0,0,0,156,299,299,0,0,0,0,107,1906,0,0,511,1906,-50265,2048,0,0,0,0,
353,354,1770,578,11,14,-25,0,6,102,8,24,20,0,0,0,54613,54613,0,0,0,0,0,359997,318797,0,41200,24199,0,128228,0,0,0,371090,0,65536,56753,0,0,0,0,
353,354,1770,578,11,14,-25,0,7,106,20,1,1,0,0,0,65536,65536,0,0,0,0,0,0,0,0,0,0,0,0,0,0,0,0,0,0,65536,0,0,0,0,
353,354,1770,578,11,14,-25,0,8,203,20,18,18,36,36,0,65536,65536,65536,0,0,0,0,9000,9000,0,0,4500,0,7200000,0,4100040,4100040,7200000,4100040,61573,65536,3228120,3228120,871920,871920,
353,354,1770,578,11,14,-25,0,9,238,12,24,3,0,0,0,8192,8192,65536,0,0,0,150,64800,58620,0,6180,10725,0,24925,12167,0,0,173589,12167,50777,10922,0,0,0,0,
353,354,1770,578,11,14,-25,0,10,239,9,24,0,0,0,0,0,0,0,3,0,1,0,0,0,0,0,0,0,0,0,0,0,0,0,-59237,0,0,0,0,0,
353,354,1770,578,11,14,-25,0,11,242,20,1,1,2,2,0,65536,65536,2981,0,0,0,0,12500,12500,0,0,2500,0,187500,0,179340,179340,187500,179340,-5953,65536,179340,179340,0,0,
353,354,1770,578,11,14,-25,0,12,251,9,24,0,0,0,0,0,0,0,3,1,1,0,0,0,0,0,0,0,0,0,0,0,0,0,11539,0,0,0,0,0,
354,355,1775,578,11,14,-25,0,0,30,9,1,1,0,0,0,65536,65536,65536,0,0,0,7500,9020,9020,0,0,0,0,1370910,31085,0,0,1371030,31085,65536,65536,0,0,0,0,
354,355,1775,578,11,14,-25,0,1,65,9,24,1,0,0,0,2048,2048,0,0,0,0,0,14726,14726,0,0,735,0,1178,0,0,0,5580,0,65536,2048,0,0,0,0,
354,355,1775,578,11,14,-25,0,2,69,9,24,23,0,0,0,62805,62805,0,0,0,0,0,643996,590096,0,53900,0,0,1754815,0,0,0,3371948,0,65536,65535,0,0,0,0,
354,355,1775,578,11,14,-25,0,3,79,2,24,1,0,0,0,2048,2048,0,0,0,0,0,3333,3333,0,0,0,0,1599,0,0,0,7597,0,65536,2048,0,0,0,0,
354,355,1775,578,11,14,-25,0,4,90,2,1,1,0,0,0,2139,2139,65536,0,0,0,163,482,482,0,0,0,0,32585,65,0,0,32655,65,65536,2139,0,0,0,0,
354,355,1775,578,11,14,-25,0,5,98,2,1,1,0,0,0,2048,2048,-12759,0,0,0,156,299,299,0,0,0,0,107,2054,0,0,511,2054,-51367,2048,0,0,0,0,
354,355,1775,578,11,14,-25,0,6,102,8,24,18,0,0,0,49152,49152,0,0,0,0,0,324000,286920,0,37080,21780,0,58646,0,0,0,325443,0,65536,50898,0,0,0,0,
354,355,1775,578,11,14,-25,0,7,106,20,1,1,0,0,0,65536,65536,0,0,0,0,0,0,0,0,0,0,0,0,0,0,0,0,0,0,65536,0,0,0,0,
354,355,1775,578,11,14,-25,0,8,203,20,18,18,36,36,0,65536,65536,65536,0,0,0,0,9000,9000,0,0,4500,0,7200000,0,4100040,4100040,7200000,4100040,61573,65536,3228120,3228120,871920,871920,
354,355,1775,578,11,14,-25,0,9,238,12,24,3,0,0,0,8192,8192,65536,0,0,0,150,64800,58620,0,6180,10725,0,23687,10692,0,0,164549,10692,48562,10922,0,0,0,0,
354,355,1775,578,11,14,-25,0,10,239,9,24,0,0,0,0,0,0,0,3,0,1,0,0,0,0,0,0,0,0,0,0,0,0,0,-58368,0,0,0,0,0,
354,355,1775,578,11,14,-25,0,11,242,20,1,1,2,2,0,65536,65536,2981,0,0,0,0,12500,12500,0,0,2500,0,187500,0,179340,179340,187500,179340,-5953,65536,179340,179340,0,0,
354,355,1775,578,11,14,-25,0,12,251,9,24,24,0,0,0,65536,65536,2118,0,0,0,24000,216960,216960,0,0,13560,126000,1766064,1710768,0,0,2714160,1710768,28991,65536,0,0,0,0,
355,356,1780,578,11,14,-25,0,0,30,9,1,1,0,0,0,65536,65536,65536,0,0,0,7500,9020,9020,0,0,0,0,1370910,31532,0,0,1371030,31532,65536,65536,0,0,0,0,
355,356,1780,578,11,14,-25,0,1,65,9,24,1,0,0,0,2048,2048,0,0,0,0,0,14726,14726,0,0,735,0,1178,0,0,0,5580,0,65536,2048,0,0,0,0,
355,356,1780,578,11,14,-25,0,2,69,9,24,23,0,0,0,62805,62805,0,0,0,0,0,643996,590096,0,53900,0,0,1620451,0,0,0,3434467,0,65536,65535,0,0,0,0,
355,356,1780,578,11,14,-25,0,3,79,2,24,1,0,0,0,2048,2048,0,0,0,0,0,3333,3333,0,0,0,0,1599,0,0,0,7597,0,65536,2048,0,0,0,0,
355,356,1780,578,11,14,-25,0,4,90,2,1,1,0,0,0,65536,65536,65536,0,0,0,5000,14775,14775,0,0,0,0,1032288,2000,0,0,1032340,2000,65536,65536,0,0,0,0,
355,356,1780,578,11,14,-25,0,5,98,2,1,1,0,0,0,2048,2048,-12949,0,0,0,156,299,299,0,0,0,0,107,2083,0,0,511,2083,-51565,2048,0,0,0,0,
355,356,1780,578,11,14,-25,0,6,102,8,24,16,0,0,0,43690,43690,0,0,0,0,0,287995,255035,0,32960,19359,0,51160,0,0,0,290665,0,65536,46321,0,0,0,0,
355,356,1780,578,11,14,-25,0,7,106,20,1,1,0,0,0,65536,65536,0,0,0,0,0,0,0,0,0,0,0,0,0,0,0,0,0,0,65536,0,0,0,0,
355,356,1780,578,11,14,-25,0,8,203,20,18,18,36,36,0,65536,65536,65536,0,0,0,0,9000,9000,0,0,4500,0,7200000,0,4100040,4100040,7200000,4100040,61573,65536,3228120,3228120,871920,871920,
355,356,1780,578,11,14,-25,0,9,238,12,24,3,0,0,0,8192,8192,65536,0,0,0,150,64800,58620,0,6180,10725,0,51043,11032,0,0,163530,11032,48050,10922,0,0,0,0,
355,356,1780,578,11,14,-25,0,10,239,9,24,0,0,0,0,0,0,0,3,0,1,0,0,0,0,0,0,0,0,0,0,0,0,0,-58589,0,0,0,0,0,
355,356,1780,578,11,14,-25,0,11,242,20,1,1,2,2,0,65536,65536,2981,0,0,0,0,12500,12500,0,0,2500,0,187500,0,179340,179340,187500,179340,-5953,65536,179340,179340,0,0,
355,356,1780,578,11,14,-25,0,12,251,9,24,24,0,0,0,23322,65536,-39579,0,0,0,8540,77208,77208,0,0,4825,44839,248770,628108,0,0,2752560,628108,27378,65536,0,0,0,0,
356,357,1785,578,11,14,-25,0,0,30,9,1,1,0,0,0,65536,65536,65536,0,0,0,7500,9020,9020,0,0,0,0,1370910,32012,0,0,1371030,32012,65536,65536,0,0,0,0,
356,357,1785,578,11,14,-25,0,1,65,9,24,1,0,0,0,2048,2048,0,0,0,0,0,14726,14726,0,0,735,0,1178,0,0,0,5580,0,65536,2048,0,0,0,0,
356,357,1785,578,11,14,-25,0,2,69,9,24,23,0,0,0,62805,62805,0,0,0,0,0,643996,590096,0,53900,0,0,1512525,0,0,0,3475506,0,65536,65535,0,0,0,0,
356,357,1785,578,11,14,-25,0,3,79,2,24,1,0,0,0,2048,2048,0,0,0,0,0,3333,3333,0,0,0,0,1599,0,0,0,7597,0,65536,2048,0,0,0,0,
356,357,1785,578,11,14,-25,0,4,90,2,1,1,0,0,0,65536,65536,65536,0,0,0,5000,14775,14775,0,0,0,0,1159154,2000,0,0,1159215,2000,65536,65536,0,0,0,0,
356,357,1785,578,11,14,-25,0,5,98,2,1,1,0,0,0,2048,2048,-12910,0,0,0,156,299,299,0,0,0,0,107,2077,0,0,511,2077,-51527,2048,0,0,0,0,
356,357,1785,578,11,14,-25,0,6,102,8,24,15,0,0,0,40960,40960,0,0,0,0,0,270000,239100,0,30900,18150,0,47820,0,0,0,263468,0,65536,42122,0,0,0,0,
356,357,1785,578,11,14,-25,0,7,106,20,1,1,0,0,0,65536,65536,0,0,0,0,0,0,0,0,0,0,0,0,0,0,0,0,0,0,65536,0,0,0,0,
356,357,1785,578,11,14,-25,0,8,203,20,18,18,36,36,0,65536,65536,65536,0,0,0,0,9000,9000,0,0,4500,0,7200000,0,4100040,4100040,7200000,4100040,61573,65536,3228120,3228120,871920,871920,
356,357,1785,578,11,14,-25,0,9,238,12,24,3,0,0,0,8192,8192,65536,0,0,0,150,64800,58620,0,6180,10725,0,84133,12388,0,0,167429,12388,48653,10922,0,0,0,0,
356,357,1785,578,11,14,-25,0,10,239,9,24,0,0,0,0,0,0,0,3,0,1,0,0,0,0,0,0,0,0,0,0,0,0,0,-59349,0,0,0,0,0,
356,357,1785,578,11,14,-25,0,11,242,20,1,1,2,2,0,65536,65536,2981,0,0,0,0,12500,12500,0,0,2500,0,187500,0,179340,179340,187500,179340,-5953,65536,179340,179340,0,0,
356,357,1785,578,11,14,-25,0,12,251,9,24,24,0,0,0,39938,65536,-36515,1,0,0,14625,132216,132216,0,0,8263,76785,534851,1207849,0,0,2745120,1207849,16982,65536,0,0,0,0,
357,358,1790,578,11,14,-25,0,0,30,9,1,1,0,0,0,65536,65536,65536,0,0,0,7500,9020,9020,0,0,0,0,1370910,32462,0,0,1371030,32462,65536,65536,0,0,0,0,
357,358,1790,578,11,14,-25,0,1,65,9,24,1,0,0,0,2048,2048,0,0,0,0,0,14726,14726,0,0,735,0,1178,0,0,0,5580,0,65536,2048,0,0,0,0,
357,358,1790,578,11,14,-25,0,2,69,9,24,23,0,0,0,62805,62805,0,0,0,0,0,643996,592296,0,51700,0,0,1380062,0,0,0,3490266,0,65536,65535,0,0,0,0,
357,358,1790,578,11,14,-25,0,3,79,2,24,1,0,0,0,2048,2048,0,0,0,0,0,3333,3333,0,0,0,0,1599,0,0,0,7597,0,65536,2048,0,0,0,0,
357,358,1790,578,11,14,-25,0,4,90,2,1,1,0,0,0,65536,65536,65536,0,0,0,5000,14775,14775,0,0,0,0,1263180,2000,0,0,1263245,2000,65536,65536,0,0,0,0,
357,358,1790,578,11,14,-25,0,5,98,2,1,1,0,0,0,2048,2048,-12602,0,0,0,156,299,299,0,0,0,0,107,2030,0,0,511,2030,-51199,2048,0,0,0,0,
357,358,1790,578,11,14,-25,0,6,102,8,24,14,0,0,0,38229,38229,0,0,0,0,0,251997,223157,0,28840,16939,0,44631,0,0,0,245873,0,65536,39309,0,0,0,0,
357,358,1790,578,11,14,-25,0,7,106,20,1,1,0,0,0,65536,65536,0,0,0,0,0,0,0,0,0,0,0,0,0,0,0,0,0,0,65536,0,0,0,0,
357,358,1790,578,11,14,-25,0,8,203,20,18,18,36,36,0,65536,65536,65536,0,0,0,0,9000,9000,0,0,4500,0,7200000,0,4100040,4100040,7200000,4100040,61573,65536,3228120,3228120,871920,871920,
357,358,1790,578,11,14,-25,0,9,238,12,24,3,0,0,0,8192,8192,65536,0,0,0,150,64800,58620,0,6180,10725,0,89444,13500,0,0,175569,13500,50757,10922,0,0,0,0,
357,358,1790,578,11,14,-25,0,10,239,9,24,0,0,0,0,0,0,0,3,0,1,0,0,0,0,0,0,0,0,0,0,0,0,0,-59859,0,0,0,0,0,
357,358,1790,578,11,14,-25,0,11,242,20,1,1,2,2,0,65536,65536,2981,0,0,0,0,12500,12500,0,0,2500,0,187500,0,179340,179340,187500,179340,-5953,65536,179340,179340,0,0,
357,358,1790,578,11,14,-25,0,12,251,9,24,22,0,0,0,39938,60074,-48401,2,0,0,14625,132216,132216,0,0,8263,76785,344131,1316250,0,0,2501503,1316250,8446,61120,0,0,0,0,
358,359,1795,578,11,14,-25,0,0,30,9,1,1,0,0,0,65536,65536,65536,0,0,0,7500,9020,9020,0,0,0,0,1370910,33137,0,0,1371030,33137,65536,65536,0,0,0,0,
358,359,1795,578,11,14,-25,0,1,65,9,24,1,0,0,0,2048,2048,0,0,0,0,0,14726,14726,0,0,735,0,1178,0,0,0,5580,0,65536,2048,0,0,0,0,
358,359,1795,578,11,14,-25,0,2,69,9,24,23,0,0,0,62805,62805,0,0,0,0,0,643996,616496,0,27500,0,0,1259006,0,0,0,3477546,0,65536,65535,0,0,0,0,
358,359,1795,578,11,14,-25,0,3,79,2,24,1,0,0,0,2048,2048,0,0,0,0,0,3333,3333,0,0,0,0,1599,0,0,0,7597,0,65536,2048,0,0,0,0,
358,359,1795,578,11,14,-25,0,4,90,2,1,1,0,0,0,65536,65536,65536,0,0,0,5000,14775,14775,0,0,0,0,476074,2000,0,0,1263245,2000,65536,65536,0,0,0,0,
358,359,1795,578,11,14,-25,0,5,98,2,1,1,0,0,0,2048,2048,-11999,0,0,0,156,299,299,0,0,0,0,107,1938,0,0,511,1938,-50520,2048,0,0,0,0,
358,359,1795,578,11,14,-25,0,6,102,8,24,19,0,0,0,51882,51882,0,0,0,0,0,341995,302855,0,39140,22989,0,135092,0,0,0,334420,0,65536,52422,0,0,0,0,
358,359,1795,578,11,14,-25,0,7,106,20,1,1,0,0,0,65536,65536,0,0,0,0,0,0,0,0,0,0,0,0,0,0,0,0,0,0,65536,0,0,0,0,
358,359,1795,578,11,14,-25,0,8,203,20,18,18,36,36,0,65536,65536,65536,0,0,0,0,9000,9000,0,0,4500,0,7200000,0,4100040,4100040,7200000,4100040,61573,65536,3228120,3228120,871920,871920,
358,359,1795,578,11,14,-25,0,9,238,12,24,24,0,0,0,65536,65536,65536,0,0,0,1200,518400,468960,0,49440,85800,0,423413,108000,0,0,1166760,108000,56944,65536,0,0,0,0,
358,359,1795,578,11,14,-25,0,10,239,9,24,0,0,0,0,0,0,0,3,0,1,0,0,0,0,0,0,0,0,0,0,0,0,0,-59859,0,0,0,0,0,
358,359,1795,578,11,14,-25,0,11,242,20,1,1,2,2,0,65536,65536,2981,0,0,0,0,12500,12500,0,0,2500,0,187500,0,179340,179340,187500,179340,-5953,65536,179340,179340,0,0,
358,359,1795,578,11,14,-25,0,12,251,9,24,0,0,0,0,0,0,0,3,0,1,0,0,0,0,0,0,0,0,0,0,0,0,0,5107,0,0,0,0,0,
359,360,1800,578,11,14,-25,0,0,30,9,1,1,0,0,0,65536,65536,65536,0,0,0,7500,9020,9020,0,0,0,0,1370910,32517,0,0,1371030,32517,65536,65536,0,0,0,0,
359,360,1800,578,11,14,-25,0,1,65,9,24,1,0,0,0,2048,2048,0,0,0,0,0,14726,14726,0,0,735,0,1178,0,0,0,5580,0,65536,2048,0,0,0,0,
359,360,1800,578,11,14,-25,0,2,69,9,24,23,0,0,0,62805,62805,0,0,0,0,0,643996,616496,0,27500,0,0,1262427,0,0,0,3462667,0,65536,65535,0,0,0,0,
359,360,1800,578,11,14,-25,0,3,79,2,24,1,0,0,0,2048,2048,0,0,0,0,0,3333,3333,0,0,0,0,1599,0,0,0,7597,0,65536,2048,0,0,0,0,
359,360,1800,578,11,14,-25,0,4,90,2,1,1,0,0,0,20469,20469,65536,0,0,0,1561,4614,4614,0,0,0,0,74935,624,0,0,355996,624,65536,20469,0,0,0,0,
359,360,1800,578,11,14,-25,0,5,98,2,1,1,0,0,0,2048,2048,-12222,0,0,0,156,299,299,0,0,0,0,107,1972,0,0,511,1972,-50782,2048,0,0,0,0,
359,360,1800,578,11,14,-25,0,6,102,8,24,21,0,0,0,57344,57344,0,0,0,0,0,378000,334740,0,43260,25410,0,79787,0,0,0,377114,0,65536,58979,0,0,0,0,
359,360,1800,578,11,14,-25,0,7,106,20,1,1,0,0,0,65536,65536,0,0,0,0,0,0,0,0,0,0,0,0,0,0,0,0,0,0,65536,0,0,0,0,
359,360,1800,578,11,14,-25,0,8,203,20,18,18,36,36,0,65536,65536,65536,0,0,0,0,9000,9000,0,0,4500,0,7200000,0,4100040,4100040,7200000,4100040,61573,65536,3228120,3228120,871920,871920,
359,360,1800,578,11,14,-25,0,9,238,12,24,3,0,0,0,8192,8192,65536,0,0,0,150,64800,58620,0,6180,10725,0,26105,12180,0,0,182148,12180,53575,10922,0,0,0,0,
359,360,1800,578,11,14,-25,0,10,239,9,24,0,0,0,0,0,0,0,3,0,1,0,0,0,0,0,0,0,0,0,0,0,0,0,-59244,0,0,0,0,0,
359,360,1800,578,11,14,-25,0,11,242,20,1,1,2,2,0,65536,65536,2981,0,0,0,0,12500,12500,0,0,2500,0,187500,0,179340,179340,187500,179340,-5953,65536,179340,179340,0,0,
359,360,1800,578,11,14,-25,0,12,251,9,24,0,0,0,0,0,0,0,3,1,1,0,0,0,0,0,0,0,0,0,0,0,0,0,14145,0,0,0,0,0,
360,361,1805,578,11,14,-25,0,0,30,9,1,1,0,0,0,65536,65536,65536,0,0,0,7500,9020,9020,0,0,0,0,1370910,31665,0,0,1371030,31665,65536,65536,0,0,0,0,
360,361,1805,578,11,14,-25,0,1,65,9,24,1,0,0,0,2048,2048,0,0,0,0,0,14726,14726,0,0,735,0,1178,0,0,0,5580,0,65536,2048,0,0,0,0,
360,361,1805,578,11,14,-25,0,2,69,9,24,23,0,0,0,62805,62805,0,0,0,0,0,643996,590096,0,53900,0,0,1082344,0,0,0,3421027,0,65536,65535,0,0,0,0,
360,361,1805,578,11,14,-25,0,3,79,2,24,1,0,0,0,2048,2048,0,0,0,0,0,3333,3333,0,0,0,0,1599,0,0,0,7597,0,65536,2048,0,0,0,0,
360,361,1805,578,11,14,-25,0,4,90,2,1,1,0,0,0,2244,2244,65536,0,0,0,171,505,505,0,0,0,0,34190,68,0,0,34305,68,65536,2244,0,0,0,0,
360,361,1805,578,11,14,-25,0,5,98,2,1,1,0,0,0,2048,2048,-13238,0,0,0,156,299,299,0,0,0,0,107,2127,0,0,511,2127,-51852,2048,0,0,0,0,
360,361,1805,578,11,14,-25,0,6,102,8,24,18,0,0,0,49152,49152,0,0,0,0,0,324000,286920,0,37080,21780,0,57384,0,0,0,309929,0,65536,49550,0,0,0,0,
360,361,1805,578,11,14,-25,0,7,106,20,1,1,0,0,0,65536,65536,0,0,0,0,0,0,0,0,0,0,0,0,0,0,0,0,0,0,65536,0,0,0,0,
360,361,1805,578,11,14,-25,0,8,203,20,18,18,36,36,0,65536,65536,65536,0,0,0,0,9000,9000,0,0,4500,0,7200000,0,4100040,4100040,7200000,4100040,61573,65536,3228120,3228120,871920,871920,
360,361,1805,578,11,14,-25,0,9,238,12,24,3,0,0,0,8192,8192,65536,0,0,0,150,64800,58620,0,6180,10725,0,24340,10707,0,0,169289,10707,50108,10922,0,0,0,0,
360,361,1805,578,11,14,-25,0,10,239,9,24,0,0,0,0,0,0,0,3,0,1,0,0,0,0,0,0,0,0,0,0,0,0,0,-58378,0,0,0,0,0,
360,361,1805,578,11,14,-25,0,11,242,20,1,1,2,2,0,65536,65536,2981,0,0,0,0,12500,12500,0,0,2500,0,187500,0,179340,179340,187500,179340,-5953,65536,179340,179340,0,0,
360,361,1805,578,11,14,-25,0,12,251,9,24,24,0,0,0,65536,65536,3934,0,0,0,24000,216960,216960,0,0,13560,126000,1815963,1713120,0,0,2810400,1713120,32206,65536,0,0,0,0,
361,362,1810,578,11,14,-25,0,0,30,9,1,1,0,0,0,65536,65536,65536,0,0,0,7500,9020,9020,0,0,0,0,1370910,30957,0,0,1371030,30957,65536,65536,0,0,0,0,
361,362,1810,578,11,14,-25,0,1,65,9,24,1,0,0,0,2048,2048,0,0,0,0,0,14726,14726,0,0,735,0,1178,0,0,0,5580,0,65536,2048,0,0,0,0,
361,362,1810,578,11,14,-25,0,2,69,9,24,23,0,0,0,62805,62805,0,0,0,0,0,643996,591196,0,52800,0,0,893292,0,0,0,3348428,0,65536,65535,0,0,0,0,
361,362,1810,578,11,14,-25,0,3,79,2,24,1,0,0,0,2048,2048,0,0,0,0,0,3333,3333,0,0,0,0,1599,0,0,0,7597,0,65536,2048,0,0,0,0,
361,362,1810,578,11,14,-25,0,4,90,2,1,1,0,0,0,65536,65536,65536,0,0,0,5000,14775,14775,0,0,0,0,1033854,2000,0,0,1033910,2000,65536,65536,0,0,0,0,
361,362,1810,578,11,14,-25,0,5,98,2,1,1,0,0,0,2048,2048,-13382,0,0,0,156,299,299,0,0,0,0,107,2149,0,0,511,2149,-51992,2048,0,0,0,0,
361,362,1810,578,11,14,-25,0,6,102,8,24,15,0,0,0,40960,40960,0,0,0,0,0,270000,239100,0,30900,18150,0,47820,0,0,0,265607,0,65536,42464,0,0,0,0,
361,362,1810,578,11,14,-25,0,7,106,20,1,1,0,0,0,65536,65536,0,0,0,0,0,0,0,0,0,0,0,0,0,0,0,0,0,0,65536,0,0,0,0,
361,362,1810,578,11,14,-25,0,8,203,20,18,18,36,36,0,65536,65536,65536,0,0,0,0,9000,9000,0,0,4500,0,7200000,0,4100040,4100040,7200000,4100040,61573,65536,3228120,3228120,871920,871920,
361,362,1810,578,11,14,-25,0,9,238,12,24,3,0,0,0,8192,8192,65536,0,0,0,150,64800,58620,0,6180,10725,0,23880,11049,0,0,165969,11049,48843,10922,0,0,0,0,
361,362,1810,578,11,14,-25,0,10,239,9,24,0,0,0,0,0,0,0,3,0,1,0,0,0,0,0,0,0,0,0,0,0,0,0,-58600,0,0,0,0,0,
361,362,1810,578,11,14,-25,0,11,242,20,1,1,2,2,0,65536,65536,2981,0,0,0,0,12500,12500,0,0,2500,0,187500,0,179340,179340,187500,179340,-5953,65536,179340,179340,0,0,
361,362,1810,578,11,14,-25,0,12,251,9,24,23,0,0,0,23740,62805,-43372,0,0,0,8693,78592,78592,0,0,4912,45642,216552,640335,0,0,2822575,640335,30161,65144,0,0,0,0,
362,363,1815,578,11,14,-25,0,0,30,9,1,1,0,0,0,65536,65536,65536,0,0,0,7500,9020,9020,0,0,0,0,1370910,30347,0,0,1371030,30347,65536,65536,0,0,0,0,
362,363,1815,578,11,14,-25,0,1,65,9,24,1,0,0,0,2048,2048,0,0,0,0,0,14726,14726,0,0,735,0,1178,0,0,0,5580,0,65536,2048,0,0,0,0,
362,363,1815,578,11,14,-25,0,2,69,9,24,23,0,0,0,62805,62805,0,0,0,0,0,643996,591196,0,52800,0,0,781902,0,0,0,3260470,0,65536,65535,0,0,0,0,
362,363,1815,578,11,14,-25,0,3,79,2,24,1,0,0,0,2048,2048,0,0,0,0,0,3333,3333,0,0,0,0,1599,0,0,0,7597,0,65536,2048,0,0,0,0,
362,363,1815,578,11,14,-25,0,4,90,2,1,1,0,0,0,65536,65536,65536,0,0,0,5000,14775,14775,0,0,0,0,1161001,2000,0,0,1161060,2000,65536,65536,0,0,0,0,
362,363,1815,578,11,14,-25,0,5,98,2,1,1,0,0,0,2048,2048,-13218,0,0,0,156,299,299,0,0,0,0,107,2124,0,0,511,2124,-51838,2048,0,0,0,0,
362,363,1815,578,11,14,-25,0,6,102,8,24,13,0,0,0,35498,35498,0,0,0,0,0,233995,207215,0,26780,15729,0,41443,0,0,0,228303,0,65536,36500,0,0,0,0,
362,363,1815,578,11,14,-25,0,7,106,20,1,1,0,0,0,65536,65536,0,0,0,0,0,0,0,0,0,0,0,0,0,0,0,0,0,0,65536,0,0,0,0,
362,363,1815,578,11,14,-25,0,8,203,20,18,18,36,36,0,65536,65536,65536,0,0,0,0,9000,9000,0,0,4500,0,7200000,0,4100040,4100040,7200000,4100040,61573,65536,3228120,3228120,871920,871920,
362,363,1815,578,11,14,-25,0,9,238,12,24,3,0,0,0,8192,8192,65536,0,0,0,150,64800,58620,0,6180,10725,0,84426,12408,0,0,167889,12408,48784,10922,0,0,0,0,
362,363,1815,578,11,14,-25,0,10,239,9,24,0,0,0,0,0,0,0,3,0,1,0,0,0,0,0,0,0,0,0,0,0,0,0,-59359,0,0,0,0,0,
362,363,1815,578,11,14,-25,0,11,242,20,1,1,2,2,0,65536,65536,2981,0,0,0,0,12500,12500,0,0,2500,0,187500,0,179340,179340,187500,179340,-5953,65536,179340,179340,0,0,
362,363,1815,578,11,14,-25,0,12,251,9,24,23,0,0,0,39938,62805,-42813,1,0,0,14625,132216,132216,0,0,8263,76785,419459,1209780,0,0,2798764,1209780,18708,65340,0,0,0,0,
363,364,1820,578,11,14,-25,0,0,30,9,1,1,0,0,0,65536,65536,65536,0,0,0,7500,9020,9020,0,0,0,0,1370910,29825,0,0,1371030,29825,65536,65536,0,0,0,0,
363,364,1820,578,11,14,-25,0,1,65,9,24,1,0,0,0,2048,2048,0,0,0,0,0,14726,14726,0,0,735,0,1178,0,0,0,5580,0,65536,2048,0,0,0,0,
363,364,1820,578,11,14,-25,0,2,69,9,24,23,0,0,0,62805,62805,0,0,0,0,0,643996,593396,0,50600,0,0,689506,0,0,0,3161711,0,65536,65535,0,0,0,0,
363,364,1820,578,11,14,-25,0,3,79,2,24,1,0,0,0,2048,2048,0,0,0,0,0,3333,3333,0,0,0,0,1599,0,0,0,7597,0,65536,2048,0,0,0,0,
363,364,1820,578,11,14,-25,0,4,90,2,1,1,0,0,0,65536,65536,65536,0,0,0,5000,14775,14775,0,0,0,0,1263180,2000,0,0,1263245,2000,65536,65536,0,0,0,0,
363,364,1820,578,11,14,-25,0,5,98,2,1,1,0,0,0,2048,2048,-12727,0,0,0,156,299,299,0,0,0,0,107,2049,0,0,511,2049,-51337,2048,0,0,0,0,
363,364,1820,578,11,14,-25,0,6,102,8,24,12,0,0,0,32768,32768,0,0,0,0,0,216000,191280,0,24720,14520,0,38256,0,0,0,205278,0,65536,32819,0,0,0,0,
363,364,1820,578,11,14,-25,0,7,106,20,1,1,0,0,0,65536,65536,0,0,0,0,0,0,0,0,0,0,0,0,0,0,0,0,0,0,65536,0,0,0,0,
363,364,1820,578,11,14,-25,0,8,203,20,18,18,36,36,0,65536,65536,65536,0,0,0,0,9000,9000,0,0,4500,0,7200000,0,4100040,4100040,7200000,4100040,61573,65536,3228120,3228120,871920,871920,
363,364,1820,578,11,14,-25,0,9,238,12,24,3,0,0,0,8192,8192,65536,0,0,0,150,64800,58620,0,6180,10725,0,88441,13500,0,0,174029,13500,50253,10922,0,0,0,0,
363,364,1820,578,11,14,-25,0,10,239,9,24,0,0,0,0,0,0,0,3,0,1,0,0,0,0,0,0,0,0,0,0,0,0,0,-59859,0,0,0,0,0,
363,364,1820,578,11,14,-25,0,11,242,20,1,1,2,2,0,65536,65536,2981,0,0,0,0,12500,12500,0,0,2500,0,187500,0,179340,179340,187500,179340,-5953,65536,179340,179340,0,0,
363,364,1820,578,11,14,-25,0,12,251,9,24,21,0,0,0,39938,57344,-48234,2,0,0,14625,132216,132216,0,0,8263,76785,347490,1316250,0,0,2391151,1316250,9165,57862,0,0,0,0,
364,365,1825,578,11,14,-25,0,0,30,9,1,1,0,0,0,65536,65536,65536,0,0,0,7500,9020,9020,0,0,0,0,1370910,29497,0,0,1371030,29497,65536,65536,0,0,0,0,
364,365,1825,578,11,14,-25,0,1,65,9,24,1,0,0,0,2048,2048,0,0,0,0,0,14726,14726,0,0,735,0,1178,0,0,0,5580,0,65536,2048,0,0,0,0,
364,365,1825,578,11,14,-25,0,2,69,9,24,23,0,0,0,62805,62805,0,0,0,0,0,643996,616496,0,27500,0,0,644318,0,0,0,3056833,0,65536,65535,0,0,0,0,
364,365,1825,578,11,14,-25,0,3,79,2,24,1,0,0,0,2048,2048,0,0,0,0,0,3333,3333,0,0,0,0,1599,0,0,0,7597,0,65536,2048,0,0,0,0,
364,365,1825,578,11,14,-25,0,4,90,2,1,1,0,0,0,65536,65536,65536,0,0,0,5000,14775,14775,0,0,0,0,412287,2000,0,0,1263245,2000,65536,65536,0,0,0,0,
364,365,1825,578,11,14,-25,0,5,98,2,1,1,0,0,0,2048,2048,-11888,0,0,0,156,299,299,0,0,0,0,107,1921,0,0,511,1921,-50387,2048,0,0,0,0,
364,365,1825,578,11,14,-25,0,6,102,8,24,18,0,0,0,49152,49152,0,0,0,0,0,324000,286920,0,37080,21780,0,64548,0,0,0,308586,0,65536,49177,0,0,0,0,
364,365,1825,578,11,14,-25,0,7,106,20,1,1,0,0,0,65536,65536,0,0,0,0,0,0,0,0,0,0,0,0,0,0,0,0,0,0,65536,0,0,0,0,
364,365,1825,578,11,14,-25,0,8,203,20,18,18,36,36,0,65536,65536,65536,0,0,0,0,9000,9000,0,0,4500,0,7200000,0,4100040,4100040,7200000,4100040,61573,65536,3228120,3228120,871920,871920,
364,365,1825,578,11,14,-25,0,9,238,12,24,24,0,0,0,65536,65536,65536,0,0,0,1200,518400,468960,0,49440,85800,0,419976,108000,0,0,1116000,108000,54172,65536,0,0,0,0,
364,365,1825,578,11,14,-25,0,10,239,9,24,0,0,0,0,0,0,0,3,0,1,0,0,0,0,0,0,0,0,0,0,0,0,0,-59859,0,0,0,0,0,
364,365,1825,578,11,14,-25,0,11,242,20,1,1,2,2,0,65536,65536,2981,0,0,0,0,12500,12500,0,0,2500,0,187500,0,179340,179340,187500,179340,-5953,65536,179340,179340,0,0,
364,365,1825,578,11,14,-25,0,12,251,9,24,0,0,0,0,0,0,0,3,0,1,0,0,0,0,0,0,0,0,0,0,0,0,0,4484,0,0,0,0,0,
365,366,1830,578,11,14,-25,0,0,30,9,1,1,0,0,0,65536,65536,65536,0,0,0,7500,9020,9020,0,0,0,0,1370910,28465,0,0,1371030,28465,65536,65536,0,0,0,0,
365,366,1830,578,11,14,-25,0,1,65,9,24,1,0,0,0,2048,2048,0,0,0,0,0,14726,14726,0,0,735,0,1178,0,0,0,5580,0,65536,2048,0,0,0,0,
365,366,1830,578,11,14,-25,0,2,69,9,24,23,0,0,0,62805,62805,0,0,0,0,0,643996,616496,0,27500,0,0,747923,0,0,0,2984954,0,65536,65535,0,0,0,0,
365,366,1830,578,11,14,-25,0,3,79,2,24,1,0,0,0,2048,2048,0,0,0,0,0,3333,3333,0,0,0,0,1599,0,0,0,7597,0,65536,2048,0,0,0,0,
365,366,1830,578,11,14,-25,0,4,90,2,1,1,0,0,0,19633,19633,65536,0,0,0,1497,4426,4426,0,0,0,0,71760,598,0,0,340876,598,65536,19633,0,0,0,0,
365,366,1830,578,11,14,-25,0,5,98,2,1,1,0,0,0,2048,2048,-11979,0,0,0,156,299,299,0,0,0,0,107,1935,0,0,511,1935,-50496,2048,0,0,0,0,
365,366,1830,578,11,14,-25,0,6,102,8,24,17,0,0,0,46421,46421,0,0,0,0,0,305997,270977,0,35020,20569,0,54303,0,0,0,300059,0,65536,47874,0,0,0,0,
365,366,1830,578,11,14,-25,0,7,106,20,1,1,0,0,0,65536,65536,0,0,0,0,0,0,0,0,0,0,0,0,0,0,0,0,0,0,65536,0,0,0,0,
365,366,1830,578,11,14,-25,0,8,203,20,18,18,36,36,0,65536,65536,65536,0,0,0,0,9000,9000,0,0,4500,0,7200000,0,4100040,4100040,7200000,4100040,61573,65536,3228120,3228120,871920,871920,
365,366,1830,578,11,14,-25,0,9,238,12,24,3,0,0,0,8192,8192,65536,0,0,0,150,64800,58620,0,6180,10725,0,25076,12160,0,0,174669,12160,51137,10922,0,0,0,0,
365,366,1830,578,11,14,-25,0,10,239,9,24,0,0,0,0,0,0,0,3,0,1,0,0,0,0,0,0,0,0,0,0,0,0,0,-59233,0,0,0,0,0,
365,366,1830,578,11,14,-25,0,11,242,20,1,1,2,2,0,65536,65536,2981,0,0,0,0,12500,12500,0,0,2500,0,187500,0,179340,179340,187500,179340,-5953,65536,179340,179340,0,0,
365,366,1830,578,11,14,-25,0,12,251,9,24,0,0,0,0,0,0,0,3,1,1,0,0,0,0,0,0,0,0,0,0,0,0,0,12769,0,0,0,0,0,
366,367,1835,578,11,14,-25,0,0,30,9,1,1,0,0,0,65536,65536,65536,0,0,0,7500,9020,9020,0,0,0,0,1370910,27397,0,0,1371030,27397,65536,65536,0,0,0,0,
366,367,1835,578,11,14,-25,0,1,65,9,24,1,0,0,0,2048,2048,0,0,0,0,0,14726,14726,0,0,735,0,1178,0,0,0,5580,0,65536,2048,0,0,0,0,
366,367,1835,578,11,14,-25,0,2,69,9,24,23,0,0,0,62805,62805,0,0,0,0,0,643996,590096,0,53900,0,0,695282,0,0,0,2908995,0,65536,65535,0,0,0,0,
366,367,1835,578,11,14,-25,0,3,79,2,24,1,0,0,0,2048,2048,0,0,0,0,0,3333,3333,0,0,0,0,1599,0,0,0,7597,0,65536,2048,0,0,0,0,
366,367,1835,578,11,14,-25,0,4,90,2,1,1,0,0,0,2080,2080,65536,0,0,0,158,468,468,0,0,0,0,31616,63,0,0,31733,63,65536,2080,0,0,0,0,
366,367,1835,578,11,14,-25,0,5,98,2,1,1,0,0,0,2048,2048,-12825,0,0,0,156,299,299,0,0,0,0,107,2064,0,0,511,2064,-51434,2048,0,0,0,0,
366,367,1835,578,11,14,-25,0,6,102,8,24,15,0,0,0,40960,40960,0,0,0,0,0,270000,239100,0,30900,18150,0,47820,0,0,0,256737,0,65536,41046,0,0,0,0,
366,367,1835,578,11,14,-25,0,7,106,20,1,1,0,0,0,65536,65536,0,0,0,0,0,0,0,0,0,0,0,0,0,0,0,0,0,0,65536,0,0,0,0,
366,367,1835,578,11,14,-25,0,8,203,20,18,18,36,36,0,65536,65536,65536,0,0,0,0,9000,9000,0,0,4500,0,7200000,0,4100040,4100040,7200000,4100040,61573,65536,3228120,3228120,871920,871920,
366,367,1835,578,11,14,-25,0,9,238,12,24,3,0,0,0,8192,8192,65536,0,0,0,150,64800,58620,0,6180,10725,0,23495,10684,0,0,163150,10684,48103,10922,0,0,0,0,
366,367,1835,578,11,14,-25,0,10,239,9,24,0,0,0,0,0,0,0,3,0,1,0,0,0,0,0,0,0,0,0,0,0,0,0,-58363,0,0,0,0,0,
366,367,1835,578,11,14,-25,0,11,242,20,1,1,2,2,0,65536,65536,2981,0,0,0,0,12500,12500,0,0,2500,0,187500,0,179340,179340,187500,179340,-5953,65536,179340,179340,0,0,
366,367,1835,578,11,14,-25,0,12,251,9,24,24,0,0,0,65536,65536,-5518,0,0,0,24000,216960,216960,0,0,13560,126000,1565639,1709592,0,0,2727120,1709592,29510,65536,0,0,0,0,
367,368,1840,578,11,14,-25,0,0,30,9,1,1,0,0,0,65536,65536,65536,0,0,0,7500,9020,9020,0,0,0,0,1370910,26675,0,0,1371030,26675,65536,65536,0,0,0,0,
367,368,1840,578,11,14,-25,0,1,65,9,24,1,0,0,0,2048,2048,0,0,0,0,0,14726,14726,0,0,735,0,1178,0,0,0,5580,0,65536,2048,0,0,0,0,
367,368,1840,578,11,14,-25,0,2,69,9,24,23,0,0,0,62805,62805,0,0,0,0,0,643996,592296,0,51700,0,0,654382,0,0,0,2829076,0,65536,65535,0,0,0,0,
367,368,1840,578,11,14,-25,0,3,79,2,24,1,0,0,0,2048,2048,0,0,0,0,0,3333,3333,0,0,0,0,1599,0,0,0,7597,0,65536,2048,0,0,0,0,
367,368,1840,578,11,14,-25,0,4,90,2,1,1,0,0,0,65536,65536,65536,0,0,0,5000,14775,14775,0,0,0,0,1031579,2000,0,0,1031630,2000,65536,65536,0,0,0,0,
367,368,1840,578,11,14,-25,0,5,98,2,1,1,0,0,0,2048,2048,-12805,0,0,0,156,299,299,0,0,0,0,107,2061,0,0,511,2061,-51413,2048,0,0,0,0,
367,368,1840,578,11,14,-25,0,6,102,8,24,13,0,0,0,35498,35498,0,0,0,0,0,233995,207215,0,26780,15729,0,41443,0,0,0,231618,0,65536,37030,0,0,0,0,
367,368,1840,578,11,14,-25,0,7,106,20,1,1,0,0,0,65536,65536,0,0,0,0,0,0,0,0,0,0,0,0,0,0,0,0,0,0,65536,0,0,0,0,
367,368,1840,578,11,14,-25,0,8,203,20,18,18,36,36,0,65536,65536,65536,0,0,0,0,9000,9000,0,0,4500,0,7200000,0,4100040,4100040,7200000,4100040,61573,65536,3228120,3228120,871920,871920,
367,368,1840,578,11,14,-25,0,9,238,12,24,3,0,0,0,8192,8192,65536,0,0,0,150,64800,58620,0,6180,10725,0,23169,11024,0,0,160790,11024,47159,10922,0,0,0,0,
367,368,1840,578,11,14,-25,0,10,239,9,24,0,0,0,0,0,0,0,3,0,1,0,0,0,0,0,0,0,0,0,0,0,0,0,-58584,0,0,0,0,0,
367,368,1840,578,11,14,-25,0,11,242,20,1,1,2,2,0,65536,65536,2981,0,0,0,0,12500,12500,0,0,2500,0,187500,0,179340,179340,187500,179340,-5953,65536,179340,179340,0,0,
367,368,1840,578,11,14,-25,0,12,251,9,24,22,0,0,0,23153,60074,-44234,0,0,0,8478,76649,76649,0,0,4790,44514,202537,623124,0,0,2527919,623124,26444,60840,0,0,0,0,
368,369,1845,578,11,14,-25,0,0,30,9,1,1,0,0,0,65536,65536,65536,0,0,0,7500,9020,9020,0,0,0,0,1370910,26250,0,0,1371030,26250,65536,65536,0,0,0,0,
368,369,1845,578,11,14,-25,0,1,65,9,24,1,0,0,0,2048,2048,0,0,0,0,0,14726,14726,0,0,735,0,1178,0,0,0,5580,0,65536,2048,0,0,0,0,
368,369,1845,578,11,14,-25,0,2,69,9,24,23,0,0,0,62805,62805,0,0,0,0,0,643996,593396,0,50600,0,0,685226,0,0,0,2761157,0,65536,65535,0,0,0,0,
368,369,1845,578,11,14,-25,0,3,79,2,24,1,0,0,0,2048,2048,0,0,0,0,0,3333,3333,0,0,0,0,1599,0,0,0,7597,0,65536,2048,0,0,0,0,
368,369,1845,578,11,14,-25,0,4,90,2,1,1,0,0,0,65536,65536,65536,0,0,0,5000,14775,14775,0,0,0,0,1158360,2000,0,0,1158360,2000,65536,65536,0,0,0,0,
368,369,1845,578,11,14,-25,0,5,98,2,1,1,0,0,0,2048,2048,-12530,0,0,0,156,299,299,0,0,0,0,107,2019,0,0,511,2019,-51120,2048,0,0,0,0,
368,369,1845,578,11,14,-25,0,6,102,8,24,12,0,0,0,32768,32768,0,0,0,0,0,216000,191280,0,24720,14520,0,38256,0,0,0,214961,0,65536,34367,0,0,0,0,
368,369,1845,578,11,14,-25,0,7,106,20,1,1,0,0,0,65536,65536,0,0,0,0,0,0,0,0,0,0,0,0,0,0,0,0,0,0,65536,0,0,0,0,
368,369,1845,578,11,14,-25,0,8,203,20,18,18,36,36,0,65536,65536,65536,0,0,0,0,9000,9000,0,0,4500,0,7200000,0,4100040,4100040,7200000,4100040,61573,65536,3228120,3228120,871920,871920,
368,369,1845,578,11,14,-25,0,9,238,12,24,3,0,0,0,8192,8192,65536,0,0,0,150,64800,58620,0,6180,10725,0,81457,12379,0,0,163350,12379,47316,10922,0,0,0,0,
368,369,1845,578,11,14,-25,0,10,239,9,24,0,0,0,0,0,0,0,3,0,1,0,0,0,0,0,0,0,0,0,0,0,0,0,-59345,0,0,0,0,0,
368,369,1845,578,11,14,-25,0,11,242,20,1,1,2,2,0,65536,65536,2981,0,0,0,0,12500,12500,0,0,2500,0,187500,0,179340,179340,187500,179340,-5953,65536,179340,179340,0,0,
368,369,1845,578,11,14,-25,0,12,251,9,24,21,0,0,0,39938,57344,-46952,1,0,0,14625,132216,132216,0,0,8263,76785,342254,1206957,0,0,2377963,1206957,14706,58423,0,0,0,0,
369,370,1850,578,11,14,-25,0,0,30,9,1,1,0,0,0,65536,65536,65536,0,0,0,7500,9020,9020,0,0,0,0,1370910,26092,0,0,1371030,26092,65536,65536,0,0,0,0,
369,370,1850,578,11,14,-25,0,1,65,9,24,1,0,0,0,2048,2048,0,0,0,0,0,14726,14726,0,0,735,0,1178,0,0,0,5580,0,65536,2048,0,0,0,0,
369,370,1850,578,11,14,-25,0,2,69,9,24,23,0,0,0,62805,62805,0,0,0,0,0,643996,596696,0,47300,0,0,726009,0,0,0,2706678,0,65536,65535,0,0,0,0,
369,370,1850,578,11,14,-25,0,3,79,2,24,1,0,0,0,2048,2048,0,0,0,0,0,3333,3333,0,0,0,0,1599,0,0,0,7597,0,65536,2048,0,0,0,0,
369,370,1850,578,11,14,-25,0,4,90,2,1,1,0,0,0,65536,65536,65536,0,0,0,5000,14775,14775,0,0,0,0,1263180,2000,0,0,1263245,2000,65536,65536,0,0,0,0,
369,370,1850,578,11,14,-25,0,5,98,2,1,1,0,0,0,2048,2048,-11927,0,0,0,156,299,299,0,0,0,0,107,1927,0,0,511,1927,-50434,2048,0,0,0,0,
369,370,1850,578,11,14,-25,0,6,102,8,24,12,0,0,0,32768,32768,0,0,0,0,0,216000,191280,0,24720,14520,0,38256,0,0,0,213522,0,65536,34137,0,0,0,0,
369,370,1850,578,11,14,-25,0,7,106,20,1,1,0,0,0,65536,65536,0,0,0,0,0,0,0,0,0,0,0,0,0,0,0,0,0,0,65536,0,0,0,0,
369,370,1850,578,11,14,-25,0,8,203,20,18,18,36,36,0,65536,65536,65536,0,0,0,0,9000,9000,0,0,4500,0,7200000,0,4100040,4100040,7200000,4100040,61573,65536,3228120,3228120,871920,871920,
369,370,1850,578,11,14,-25,0,9,238,12,24,3,0,0,0,8192,8192,65536,0,0,0,150,64800,58620,0,6180,10725,0,85722,13500,0,0,169869,13500,48889,10922,0,0,0,0,
369,370,1850,578,11,14,-25,0,10,239,9,24,0,0,0,0,0,0,0,3,0,1,0,0,0,0,0,0,0,0,0,0,0,0,0,-59859,0,0,0,0,0,
369,370,1850,578,11,14,-25,0,11,242,20,1,1,2,2,0,65536,65536,2981,0,0,0,0,12500,12500,0,0,2500,0,187500,0,179340,179340,187500,179340,-5953,65536,179340,179340,0,0,
369,370,1850,578,11,14,-25,0,12,251,9,24,18,0,0,0,39938,49152,-49269,2,0,0,14625,132216,132216,0,0,8263,76785,326705,1316250,0,0,1919436,1316250,4700,49400,0,0,0,0,
370,371,1855,578,11,14,-25,0,0,30,9,1,1,0,0,0,65536,65536,65536,0,0,0,7500,9020,9020,0,0,0,0,1370910,26145,0,0,1371030,26145,65536,65536,0,0,0,0,
370,371,1855,578,11,14,-25,0,1,65,9,24,1,0,0,0,2048,2048,0,0,0,0,0,14726,14726,0,0,735,0,1178,0,0,0,5580,0,65536,2048,0,0,0,0,
370,371,1855,578,11,14,-25,0,2,69,9,24,23,0,0,0,62805,62805,0,0,0,0,0,643996,616496,0,27500,0,0,692146,0,0,0,2645599,0,65536,65535,0,0,0,0,
370,371,1855,578,11,14,-25,0,3,79,2,24,1,0,0,0,2048,2048,0,0,0,0,0,3333,3333,0,0,0,0,1599,0,0,0,7597,0,65536,2048,0,0,0,0,
370,371,1855,578,11,14,-25,0,4,90,2,1,1,0,0,0,65536,65536,65536,0,0,0,5000,14775,14775,0,0,0,0,265950,2000,0,0,1263245,2000,65536,65536,0,0,0,0,
370,371,1855,578,11,14,-25,0,5,98,2,1,1,0,0,0,2048,2048,-11010,0,0,0,156,299,299,0,0,0,0,107,1787,0,0,511,1787,-49250,2048,0,0,0,0,
370,371,1855,578,11,14,-25,0,6,102,8,24,18,0,0,0,49152,49152,0,0,0,0,0,324000,286920,0,37080,21780,0,133111,0,0,0,318927,0,65536,49836,0,0,0,0,
370,371,1855,578,11,14,-25,0,7,106,20,1,1,0,0,0,65536,65536,0,0,0,0,0,0,0,0,0,0,0,0,0,0,0,0,0,0,65536,0,0,0,0,
370,371,1855,578,11,14,-25,0,8,203,20,18,18,36,36,0,65536,65536,65536,0,0,0,0,9000,9000,0,0,4500,0,7200000,0,4100040,4100040,7200000,4100040,61573,65536,3228120,3228120,871920,871920,
370,371,1855,578,11,14,-25,0,9,238,12,24,24,0,0,0,65536,65536,65536,0,0,0,1200,518400,468960,0,49440,85800,0,401468,108000,0,0,1096800,108000,53123,65536,0,0,0,0,
370,371,1855,578,11,14,-25,0,10,239,9,24,0,0,0,0,0,0,0,3,0,1,0,0,0,0,0,0,0,0,0,0,0,0,0,-59859,0,0,0,0,0,
370,371,1855,578,11,14,-25,0,11,242,20,1,1,2,2,0,65536,65536,2981,0,0,0,0,12500,12500,0,0,2500,0,187500,0,179340,179340,187500,179340,-5953,65536,179340,179340,0,0,
370,371,1855,578,11,14,-25,0,12,251,9,24,0,0,0,0,0,0,0,3,0,1,0,0,0,0,0,0,0,0,0,0,0,0,0,-403,0,0,0,0,0,
371,372,1860,578,11,14,-25,0,0,30,9,1,1,0,0,0,65536,65536,65536,0,0,0,7500,9020,9020,0,0,0,0,1370910,25600,0,0,1371030,25600,65536,65536,0,0,0,0,
371,372,1860,578,11,14,-25,0,1,65,9,24,1,0,0,0,2048,2048,0,0,0,0,0,14726,14726,0,0,735,0,1178,0,0,0,5580,0,65536,2048,0,0,0,0,
371,372,1860,578,11,14,-25,0,2,69,9,24,23,0,0,0,62805,62805,0,0,0,0,0,643996,616496,0,27500,0,0,921710,0,0,0,2633479,0,65536,65535,0,0,0,0,
371,372,1860,578,11,14,-25,0,3,79,2,24,1,0,0,0,2048,2048,0,0,0,0,0,3333,3333,0,0,0,0,1599,0,0,0,7597,0,65536,2048,0,0,0,0,
371,372,1860,578,11,14,-25,0,4,90,2,1,1,0,0,0,17496,17496,65536,0,0,0,1334,3944,3944,0,0,0,0,63642,533,0,0,302332,533,65536,17496,0,0,0,0,
371,372,1860,578,11,14,-25,0,5,98,2,1,1,0,0,0,2048,2048,-11082,0,0,0,156,299,299,0,0,0,0,107,1798,0,0,511,1798,-49347,2048,0,0,0,0,
371,372,1860,578,11,14,-25,0,6,102,8,24,21,0,0,0,57344,57344,0,0,0,0,0,378000,334740,0,43260,25410,0,113997,0,0,0,374550,0,65536,57686,0,0,0,0,
371,372,1860,578,11,14,-25,0,7,106,20,1,1,0,0,0,65536,65536,0,0,0,0,0,0,0,0,0,0,0,0,0,0,0,0,0,0,65536,0,0,0,0,
371,372,1860,578,11,14,-25,0,8,203,20,18,18,36,36,0,65536,65536,65536,0,0,0,0,9000,9000,0,0,4500,0,7200000,0,4100040,4100040,7200000,4100040,61573,65536,3228120,3228120,871920,871920,
371,372,1860,578,11,14,-25,0,9,238,12,24,3,0,0,0,8192,8192,65536,0,0,0,150,64800,58620,0,6180,10725,0,24691,12102,0,0,171849,12102,50246,10922,0,0,0,0,
371,372,1860,578,11,14,-25,0,10,239,9,24,0,0,0,0,0,0,0,3,0,1,0,0,0,0,0,0,0,0,0,0,0,0,0,-59203,0,0,0,0,0,
371,372,1860,578,11,14,-25,0,11,242,20,1,1,2,2,0,65536,65536,2981,0,0,0,0,12500,12500,0,0,2500,0,187500,0,179340,179340,187500,179340,-5953,65536,179340,179340,0,0,
371,372,1860,578,11,14,-25,0,12,251,9,24,0,0,0,0,0,0,0,3,1,1,0,0,0,0,0,0,0,0,0,0,0,0,0,7554,0,0,0,0,0,
372,373,1865,578,11,14,-25,0,0,30,9,1,1,0,0,0,65536,65536,65536,0,0,0,7500,9020,9020,0,0,0,0,1370910,25215,0,0,1371030,25215,65536,65536,0,0,0,0,
372,373,1865,578,11,14,-25,0,1,65,9,24,1,0,0,0,2048,2048,0,0,0,0,0,14726,14726,0,0,735,0,1178,0,0,0,5580,0,65536,2048,0,0,0,0,
372,373,1865,578,11,14,-25,0,2,69,9,24,23,0,0,0,62805,62805,0,0,0,0,0,643996,590096,0,53900,0,0,976359,0,0,0,2631439,0,65536,65535,0,0,0,0,
372,373,1865,578,11,14,-25,0,3,79,2,24,1,0,0,0,2048,2048,0,0,0,0,0,3333,3333,0,0,0,0,1599,0,0,0,7597,0,65536,2048,0,0,0,0,
372,373,1865,578,11,14,-25,0,4,90,2,1,1,0,0,0,2048,2048,65536,0,0,0,156,461,461,0,0,0,0,30960,62,0,0,31061,62,65536,2048,0,0,0,0,
372,373,1865,578,11,14,-25,0,5,98,2,1,1,0,0,0,2048,2048,-11855,0,0,0,156,299,299,0,0,0,0,107,1916,0,0,511,1916,-50346,2048,0,0,0,0,
372,373,1865,578,11,14,-25,0,6,102,8,24,18,0,0,0,49152,49152,0,0,0,0,0,324000,286920,0,37080,21780,0,57613,0,0,0,312173,0,65536,49705,0,0,0,0,
372,373,1865,578,11,14,-25,0,7,106,20,1,1,0,0,0,65536,65536,0,0,0,0,0,0,0,0,0,0,0,0,0,0,0,0,0,0,65536,0,0,0,0,
372,373,1865,578,11,14,-25,0,8,203,20,18,18,36,36,0,65536,65536,65536,0,0,0,0,9000,9000,0,0,4500,0,7200000,0,4100040,4100040,7200000,4100040,61573,65536,3228120,3228120,871920,871920,
372,373,1865,578,11,14,-25,0,9,238,12,24,3,0,0,0,8192,8192,65536,0,0,0,150,64800,58620,0,6180,10725,0,23453,10622,0,0,162830,10622,48024,10922,0,0,0,0,
372,373,1865,578,11,14,-25,0,10,239,9,24,0,0,0,0,0,0,0,3,0,1,0,0,0,0,0,0,0,0,0,0,0,0,0,-58321,0,0,0,0,0,
372,373,1865,578,11,14,-25,0,11,242,20,1,1,2,2,0,65536,65536,2981,0,0,0,0,12500,12500,0,0,2500,0,187500,0,179340,179340,187500,179340,-5953,65536,179340,179340,0,0,
372,373,1865,578,11,14,-25,0,12,251,9,24,24,0,0,0,65536,65536,-8641,0,0,0,24000,216960,216960,0,0,13560,126000,1475481,1699584,0,0,2531640,1699584,23212,65536,0,0,0,0,
373,374,1870,578,11,14,-25,0,0,30,9,1,1,0,0,0,65536,65536,65536,0,0,0,7500,9020,9020,0,0,0,0,1370910,25170,0,0,1371030,25170,65536,65536,0,0,0,0,
373,374,1870,578,11,14,-25,0,1,65,9,24,1,0,0,0,2048,2048,0,0,0,0,0,14726,14726,0,0,735,0,1178,0,0,0,5580,0,65536,2048,0,0,0,0,
373,374,1870,578,11,14,-25,0,2,69,9,24,23,0,0,0,62805,62805,0,0,0,0,0,643996,592296,0,51700,0,0,1016239,0,0,0,2633479,0,65536,65535,0,0,0,0,
373,374,1870,578,11,14,-25,0,3,79,2,24,1,0,0,0,2048,2048,0,0,0,0,0,3333,3333,0,0,0,0,1599,0,0,0,7597,0,65536,2048,0,0,0,0,
373,374,1870,578,11,14,-25,0,4,90,2,1,1,0,0,0,65536,65536,65536,0,0,0,5000,14775,14775,0,0,0,0,1025019,2000,0,0,1025070,2000,65536,65536,0,0,0,0,
373,374,1870,578,11,14,-25,0,5,98,2,1,1,0,0,0,2048,2048,-11914,0,0,0,156,299,299,0,0,0,0,107,1925,0,0,511,1925,-50419,2048,0,0,0,0,
373,374,1870,578,11,14,-25,0,6,102,8,24,15,0,0,0,40960,40960,0,0,0,0,0,270000,239100,0,30900,18150,0,47820,0,0,0,270248,0,65536,43206,0,0,0,0,
373,374,1870,578,11,14,-25,0,7,106,20,1,1,0,0,0,65536,65536,0,0,0,0,0,0,0,0,0,0,0,0,0,0,0,0,0,0,65536,0,0,0,0,
373,374,1870,578,11,14,-25,0,8,203,20,18,18,36,36,0,65536,65536,65536,0,0,0,0,9000,9000,0,0,4500,0,7200000,0,4100040,4100040,7200000,4100040,61573,65536,3228120,3228120,871920,871920,
373,374,1870,578,11,14,-25,0,9,238,12,24,3,0,0,0,8192,8192,65536,0,0,0,150,64800,58620,0,6180,10725,0,38505,10954,0,0,161430,10954,47402,10922,0,0,0,0,
373,374,1870,578,11,14,-25,0,10,239,9,24,0,0,0,0,0,0,0,3,0,1,0,0,0,0,0,0,0,0,0,0,0,0,0,-58540,0,0,0,0,0,
373,374,1870,578,11,14,-25,0,11,242,20,1,1,2,2,0,65536,65536,2981,0,0,0,0,12500,12500,0,0,2500,0,187500,0,179340,179340,187500,179340,-5953,65536,179340,179340,0,0,
373,374,1870,578,11,14,-25,0,12,251,9,24,22,0,0,0,21818,60074,-45507,0,0,0,7989,72229,72229,0,0,4514,41947,178304,583444,0,0,2431430,583444,20934,62642,0,0,0,0,
374,375,1875,578,11,14,-25,0,0,30,9,1,1,0,0,0,65536,65536,65536,0,0,0,7500,9020,9020,0,0,0,0,1370910,25450,0,0,1371030,25450,65536,65536,0,0,0,0,
374,375,1875,578,11,14,-25,0,1,65,9,24,1,0,0,0,2048,2048,0,0,0,0,0,14726,14726,0,0,735,0,1178,0,0,0,5580,0,65536,2048,0,0,0,0,
374,375,1875,578,11,14,-25,0,2,69,9,24,23,0,0,0,62805,62805,0,0,0,0,0,643996,591196,0,52800,0,0,1102333,0,0,0,2652319,0,65536,65535,0,0,0,0,
374,375,1875,578,11,14,-25,0,3,79,2,24,1,0,0,0,2048,2048,0,0,0,0,0,3333,3333,0,0,0,0,1599,0,0,0,7597,0,65536,2048,0,0,0,0,
374,375,1875,578,11,14,-25,0,4,90,2,1,1,0,0,0,65536,65536,65536,0,0,0,5000,14775,14775,0,0,0,0,1150452,2000,0,0,1150510,2000,65536,65536,0,0,0,0,
374,375,1875,578,11,14,-25,0,5,98,2,1,1,0,0,0,2048,2048,-11822,0,0,0,156,299,299,0,0,0,0,107,1911,0,0,511,1911,-50309,2048,0,0,0,0,
374,375,1875,578,11,14,-25,0,6,102,8,24,13,0,0,0,35498,35498,0,0,0,0,0,233995,207215,0,26780,15729,0,41443,0,0,0,233895,0,65536,37394,0,0,0,0,
374,375,1875,578,11,14,-25,0,7,106,20,1,1,0,0,0,65536,65536,0,0,0,0,0,0,0,0,0,0,0,0,0,0,0,0,0,0,65536,0,0,0,0,
374,375,1875,578,11,14,-25,0,8,203,20,18,18,36,36,0,65536,65536,65536,0,0,0,0,9000,9000,0,0,4500,0,7200000,0,4100040,4100040,7200000,4100040,61573,65536,3228120,3228120,871920,871920,
374,375,1875,578,11,14,-25,0,9,238,12,24,3,0,0,0,8192,8192,65536,0,0,0,150,64800,58620,0,6180,10725,0,82335,12295,0,0,164689,12295,47801,10922,0,0,0,0,
374,375,1875,578,11,14,-25,0,10,239,9,24,0,0,0,0,0,0,0,3,0,1,0,0,0,0,0,0,0,0,0,0,0,0,0,-59302,0,0,0,0,0,
374,375,1875,578,11,14,-25,0,11,242,20,1,1,2,2,0,65536,65536,2981,0,0,0,0,12500,12500,0,0,2500,0,187500,0,179340,179340,187500,179340,-5953,65536,179340,179340,0,0,
374,375,1875,578,11,14,-25,0,12,251,9,24,23,0,0,0,39938,62805,-44504,1,0,0,14625,132216,132216,0,0,8263,76785,384699,1198782,0,0,2469757,1198782,10954,64089,0,0,0,0,
375,376,1880,578,11,14,-25,0,0,30,9,1,1,0,0,0,65536,65536,65536,0,0,0,7500,9020,9020,0,0,0,0,1370910,25990,0,0,1371030,25990,65536,65536,0,0,0,0,
375,376,1880,578,11,14,-25,0,1,65,9,24,1,0,0,0,2048,2048,0,0,0,0,0,14726,14726,0,0,735,0,1178,0,0,0,5580,0,65536,2048,0,0,0,0,
375,376,1880,578,11,14,-25,0,2,69,9,24,23,0,0,0,62805,62805,0,0,0,0,0,643996,593396,0,50600,0,0,1175028,0,0,0,2681839,0,65536,65535,0,0,0,0,
375,376,1880,578,11,14,-25,0,3,79,2,24,1,0,0,0,2048,2048,0,0,0,0,0,3333,3333,0,0,0,0,1599,0,0,0,7597,0,65536,2048,0,0,0,0,
375,376,1880,578,11,14,-25,0,4,90,2,1,1,0,0,0,65536,65536,65536,0,0,0,5000,14775,14775,0,0,0,0,1263180,2000,0,0,1263245,2000,65536,65536,0,0,0,0,
375,376,1880,578,11,14,-25,0,5,98,2,1,1,0,0,0,2048,2048,-11508,0,0,0,156,299,299,0,0,0,0,107,1863,0,0,511,1863,-49913,2048,0,0,0,0,
375,376,1880,578,11,14,-25,0,6,102,8,24,12,0,0,0,32768,32768,0,0,0,0,0,216000,191280,0,24720,14520,0,38256,0,0,0,211884,0,65536,33875,0,0,0,0,
375,376,1880,578,11,14,-25,0,7,106,20,1,1,0,0,0,65536,65536,0,0,0,0,0,0,0,0,0,0,0,0,0,0,0,0,0,0,65536,0,0,0,0,
375,376,1880,578,11,14,-25,0,8,203,20,18,18,36,36,0,65536,65536,65536,0,0,0,0,9000,9000,0,0,4500,0,7200000,0,4100040,4100040,7200000,4100040,61573,65536,3228120,3228120,871920,871920,
375,376,1880,578,11,14,-25,0,9,238,12,24,3,0,0,0,8192,8192,65536,0,0,0,150,64800,58620,0,6180,10725,0,87186,13500,0,0,172109,13500,49623,10922,0,0,0,0,
375,376,1880,578,11,14,-25,0,10,239,9,24,0,0,0,0,0,0,0,3,0,1,0,0,0,0,0,0,0,0,0,0,0,0,0,-59859,0,0,0,0,0,
375,376,1880,578,11,14,-25,0,11,242,20,1,1,2,2,0,65536,65536,2981,0,0,0,0,12500,12500,0,0,2500,0,187500,0,179340,179340,187500,179340,-5953,65536,179340,179340,0,0,
375,376,1880,578,11,14,-25,0,12,251,9,24,21,0,0,0,39938,57344,-49811,2,0,0,14625,132216,132216,0,0,8263,76785,315811,1316250,0,0,2187418,1316250,2353,58243,0,0,0,0,
376,377,1885,578,11,14,-25,0,0,30,9,1,1,0,0,0,65536,65536,65536,0,0,0,7500,9020,9020,0,0,0,0,1370910,26967,0,0,1371030,26967,65536,65536,0,0,0,0,
376,377,1885,578,11,14,-25,0,1,65,9,24,1,0,0,0,2048,2048,0,0,0,0,0,14726,14726,0,0,735,0,1178,0,0,0,5580,0,65536,2048,0,0,0,0,
376,377,1885,578,11,14,-25,0,2,69,9,24,23,0,0,0,62805,62805,0,0,0,0,0,643996,616496,0,27500,0,0,1259364,0,0,0,2720838,0,65536,65535,0,0,0,0,
376,377,1885,578,11,14,-25,0,3,79,2,24,1,0,0,0,2048,2048,0,0,0,0,0,3333,3333,0,0,0,0,1599,0,0,0,7597,0,65536,2048,0,0,0,0,
376,377,1885,578,11,14,-25,0,4,90,2,1,1,0,0,0,65536,65536,65536,0,0,0,5000,14775,14775,0,0,0,0,405875,2000,0,0,1263245,2000,65536,65536,0,0,0,0,
376,377,1885,578,11,14,-25,0,5,98,2,1,1,0,0,0,2048,2048,-10951,0,0,0,156,299,299,0,0,0,0,107,1778,0,0,511,1778,-49170,2048,0,0,0,0,
376,377,1885,578,11,14,-25,0,6,102,8,24,18,0,0,0,49152,49152,0,0,0,0,0,324000,286920,0,37080,21780,0,110489,0,0,0,315813,0,65536,49705,0,0,0,0,
376,377,1885,578,11,14,-25,0,7,106,20,1,1,0,0,0,65536,65536,0,0,0,0,0,0,0,0,0,0,0,0,0,0,0,0,0,0,65536,0,0,0,0,
376,377,1885,578,11,14,-25,0,8,203,20,18,18,36,36,0,65536,65536,65536,0,0,0,0,9000,9000,0,0,4500,0,7200000,0,4100040,4100040,7200000,4100040,61573,65536,3228120,3228120,871920,871920,
376,377,1885,578,11,14,-25,0,9,238,12,24,24,0,0,0,65536,65536,65536,0,0,0,1200,518400,468960,0,49440,85800,0,412175,108000,0,0,1130640,108000,54971,65536,0,0,0,0,
376,377,1885,578,11,14,-25,0,10,239,9,24,0,0,0,0,0,0,0,3,0,1,0,0,0,0,0,0,0,0,0,0,0,0,0,-59859,0,0,0,0,0,
376,377,1885,578,11,14,-25,0,11,242,20,1,1,2,2,0,65536,65536,2981,0,0,0,0,12500,12500,0,0,2500,0,187500,0,179340,179340,187500,179340,-5953,65536,179340,179340,0,0,
376,377,1885,578,11,14,-25,0,12,251,9,24,0,0,0,0,0,0,0,3,0,1,0,0,0,0,0,0,0,0,0,0,0,0,0,-728,0,0,0,0,0,
377,378,1890,578,11,14,-25,0,0,30,9,1,1,0,0,0,65536,65536,65536,0,0,0,7500,9020,9020,0,0,0,0,1370910,27002,0,0,1371030,27002,65536,65536,0,0,0,0,
377,378,1890,578,11,14,-25,0,1,65,9,24,1,0,0,0,2048,2048,0,0,0,0,0,14726,14726,0,0,735,0,1178,0,0,0,5580,0,65536,2048,0,0,0,0,
377,378,1890,578,11,14,-25,0,2,69,9,24,23,0,0,0,62805,62805,0,0,0,0,0,643996,616496,0,27500,0,0,1451272,0,0,0,2786717,0,65536,65535,0,0,0,0,
377,378,1890,578,11,14,-25,0,3,79,2,24,1,0,0,0,2048,2048,0,0,0,0,0,3333,3333,0,0,0,0,1599,0,0,0,7597,0,65536,2048,0,0,0,0,
377,378,1890,578,11,14,-25,0,4,90,2,1,1,0,0,0,19532,19532,65536,0,0,0,1490,4403,4403,0,0,0,0,71381,596,0,0,339091,596,65536,19532,0,0,0,0,
377,378,1890,578,11,14,-25,0,5,98,2,1,1,0,0,0,2048,2048,-11173,0,0,0,156,299,299,0,0,0,0,107,1812,0,0,511,1812,-49480,2048,0,0,0,0,
377,378,1890,578,11,14,-25,0,6,102,8,24,21,0,0,0,57344,57344,0,0,0,0,0,378000,334740,0,43260,25410,0,74190,0,0,0,367264,0,65536,57620,0,0,0,0,
377,378,1890,578,11,14,-25,0,7,106,20,1,1,0,0,0,65536,65536,0,0,0,0,0,0,0,0,0,0,0,0,0,0,0,0,0,0,65536,0,0,0,0,
377,378,1890,578,11,14,-25,0,8,203,20,18,18,36,36,0,65536,65536,65536,0,0,0,0,9000,9000,0,0,4500,0,7200000,0,4100040,4100040,7200000,4100040,61573,65536,3228120,3228120,871920,871920,
377,378,1890,578,11,14,-25,0,9,238,12,24,3,0,0,0,8192,8192,65536,0,0,0,150,64800,58620,0,6180,10725,0,25369,12159,0,0,176789,12159,51832,10922,0,0,0,0,
377,378,1890,578,11,14,-25,0,10,239,9,24,0,0,0,0,0,0,0,3,0,1,0,0,0,0,0,0,0,0,0,0,0,0,0,-59233,0,0,0,0,0,
377,378,1890,578,11,14,-25,0,11,242,20,1,1,2,2,0,65536,65536,2981,0,0,0,0,12500,12500,0,0,2500,0,187500,0,179340,179340,187500,179340,-5953,65536,179340,179340,0,0,
377,378,1890,578,11,14,-25,0,12,251,9,24,0,0,0,0,0,0,0,3,1,1,0,0,0,0,0,0,0,0,0,0,0,0,0,7809,0,0,0,0,0,
378,379,1895,578,11,14,-25,0,0,30,9,1,1,0,0,0,65536,65536,65536,0,0,0,7500,9020,9020,0,0,0,0,1370910,27060,0,0,1371030,27060,65536,65536,0,0,0,0,
378,379,1895,578,11,14,-25,0,1,65,9,24,1,0,0,0,2048,2048,0,0,0,0,0,14726,14726,0,0,735,0,1178,0,0,0,5580,0,65536,2048,0,0,0,0,
378,379,1895,578,11,14,-25,0,2,69,9,24,23,0,0,0,62805,62805,0,0,0,0,0,643996,590096,0,53900,0,0,1475072,0,0,0,2854516,0,65536,65535,0,0,0,0,
378,379,1895,578,11,14,-25,0,3,79,2,24,1,0,0,0,2048,2048,0,0,0,0,0,3333,3333,0,0,0,0,1599,0,0,0,7597,0,65536,2048,0,0,0,0,
378,379,1895,578,11,14,-25,0,4,90,2,1,1,0,0,0,2065,2065,65536,0,0,0,157,465,465,0,0,0,0,31407,62,0,0,31498,62,65536,2065,0,0,0,0,
378,379,1895,578,11,14,-25,0,5,98,2,1,1,0,0,0,2048,2048,-12124,0,0,0,156,299,299,0,0,0,0,107,1957,0,0,511,1957,-50662,2048,0,0,0,0,
378,379,1895,578,11,14,-25,0,6,102,8,24,17,0,0,0,46421,46421,0,0,0,0,0,305997,270977,0,35020,20569,0,54195,0,0,0,299821,0,65536,47934,0,0,0,0,
378,379,1895,578,11,14,-25,0,7,106,20,1,1,0,0,0,65536,65536,0,0,0,0,0,0,0,0,0,0,0,0,0,0,0,0,0,0,65536,0,0,0,0,
378,379,1895,578,11,14,-25,0,8,203,20,18,18,36,36,0,65536,65536,65536,0,0,0,0,9000,9000,0,0,4500,0,7200000,0,4100040,4100040,7200000,4100040,61573,65536,3228120,3228120,871920,871920,
378,379,1895,578,11,14,-25,0,9,238,12,24,3,0,0,0,8192,8192,65536,0,0,0,150,64800,58620,0,6180,10725,0,23788,10683,0,0,165269,10683,48798,10922,0,0,0,0,
378,379,1895,578,11,14,-25,0,10,239,9,24,0,0,0,0,0,0,0,3,0,1,0,0,0,0,0,0,0,0,0,0,0,0,0,-58362,0,0,0,0,0,
378,379,1895,578,11,14,-25,0,11,242,20,1,1,2,2,0,65536,65536,2981,0,0,0,0,12500,12500,0,0,2500,0,187500,0,179340,179340,187500,179340,-5953,65536,179340,179340,0,0,
378,379,1895,578,11,14,-25,0,12,251,9,24,24,0,0,0,65536,65536,475,0,0,0,24000,216960,216960,0,0,13560,126000,1721707,1709304,0,0,2585400,1709304,24582,65536,0,0,0,0,
379,380,1900,578,11,14,-25,0,0,30,9,1,1,0,0,0,65536,65536,65536,0,0,0,7500,9020,9020,0,0,0,0,1370910,27447,0,0,1371030,27447,65536,65536,0,0,0,0,
379,380,1900,578,11,14,-25,0,1,65,9,24,1,0,0,0,2048,2048,0,0,0,0,0,14726,14726,0,0,735,0,1178,0,0,0,5580,0,65536,2048,0,0,0,0,
379,380,1900,578,11,14,-25,0,2,69,9,24,23,0,0,0,62805,62805,0,0,0,0,0,643996,590096,0,53900,0,0,1458077,0,0,0,2918355,0,65536,65535,0,0,0,0,
379,380,1900,578,11,14,-25,0,3,79,2,24,1,0,0,0,2048,2048,0,0,0,0,0,3333,3333,0,0,0,0,1599,0,0,0,7597,0,65536,2048,0,0,0,0,
379,380,1900,578,11,14,-25,0,4,90,2,1,1,0,0,0,65536,65536,65536,0,0,0,5000,14775,14775,0,0,0,0,1031327,2000,0,0,1031380,2000,65536,65536,0,0,0,0,
379,380,1900,578,11,14,-25,0,5,98,2,1,1,0,0,0,2048,2048,-12320,0,0,0,156,299,299,0,0,0,0,107,1987,0,0,511,1987,-50889,2048,0,0,0,0,
379,380,1900,578,11,14,-25,0,6,102,8,24,14,0,0,0,38229,38229,0,0,0,0,0,251997,223157,0,28840,16939,0,44631,0,0,0,255243,0,65536,40807,0,0,0,0,
379,380,1900,578,11,14,-25,0,7,106,20,1,1,0,0,0,65536,65536,0,0,0,0,0,0,0,0,0,0,0,0,0,0,0,0,0,0,65536,0,0,0,0,
379,380,1900,578,11,14,-25,0,8,203,20,18,18,36,36,0,65536,65536,65536,0,0,0,0,9000,9000,0,0,4500,0,7200000,0,4100040,4100040,7200000,4100040,61573,65536,3228120,3228120,871920,871920,
379,380,1900,578,11,14,-25,0,9,238,12,24,3,0,0,0,8192,8192,65536,0,0,0,150,64800,58620,0,6180,10725,0,23411,11022,0,0,162570,11022,47742,10922,0,0,0,0,
379,380,1900,578,11,14,-25,0,10,239,9,24,0,0,0,0,0,0,0,3,0,1,0,0,0,0,0,0,0,0,0,0,0,0,0,-58583,0,0,0,0,0,
379,380,1900,578,11,14,-25,0,11,242,20,1,1,2,2,0,65536,65536,2981,0,0,0,0,12500,12500,0,0,2500,0,187500,0,179340,179340,187500,179340,-5953,65536,179340,179340,0,0,
379,380,1900,578,11,14,-25,0,12,251,9,24,24,0,0,0,23098,65536,-38856,0,0,0,8458,76467,76467,0,0,4779,44408,253012,621502,0,0,2625600,621502,23169,65536,0,0,0,0,
380,381,1905,578,11,14,-25,0,0,30,9,1,1,0,0,0,65536,65536,65536,0,0,0,7500,9020,9020,0,0,0,0,1370910,28037,0,0,1371030,28037,65536,65536,0,0,0,0,
380,381,1905,578,11,14,-25,0,1,65,9,24,1,0,0,0,2048,2048,0,0,0,0,0,14726,14726,0,0,735,0,1178,0,0,0,5580,0,65536,2048,0,0,0,0,
380,381,1905,578,11,14,-25,0,2,69,9,24,23,0,0,0,62805,62805,0,0,0,0,0,643996,590096,0,53900,0,0,1463535,0,0,0,2980874,0,65536,65535,0,0,0,0,
380,381,1905,578,11,14,-25,0,3,79,2,24,1,0,0,0,2048,2048,0,0,0,0,0,3333,3333,0,0,0,0,1599,0,0,0,7597,0,65536,2048,0,0,0,0,
380,381,1905,578,11,14,-25,0,4,90,2,1,1,0,0,0,65536,65536,65536,0,0,0,5000,14775,14775,0,0,0,0,1158002,2000,0,0,1158060,2000,65536,65536,0,0,0,0,
380,381,1905,578,11,14,-25,0,5,98,2,1,1,0,0,0,2048,2048,-12320,0,0,0,156,299,299,0,0,0,0,107,1987,0,0,511,1987,-50889,2048,0,0,0,0,
380,381,1905,578,11,14,-25,0,6,102,8,24,12,0,0,0,32768,32768,0,0,0,0,0,216000,191280,0,24720,14520,0,38256,0,0,0,220878,0,65536,35313,0,0,0,0,
380,381,1905,578,11,14,-25,0,7,106,20,1,1,0,0,0,65536,65536,0,0,0,0,0,0,0,0,0,0,0,0,0,0,0,0,0,0,65536,0,0,0,0,
380,381,1905,578,11,14,-25,0,8,203,20,18,18,36,36,0,65536,65536,65536,0,0,0,0,9000,9000,0,0,4500,0,7200000,0,4100040,4100040,7200000,4100040,61573,65536,3228120,3228120,871920,871920,
380,381,1905,578,11,14,-25,0,9,238,12,24,3,0,0,0,8192,8192,65536,0,0,0,150,64800,58620,0,6180,10725,0,82544,12375,0,0,165009,12375,47860,10922,0,0,0,0,
380,381,1905,578,11,14,-25,0,10,239,9,24,0,0,0,0,0,0,0,3,0,1,0,0,0,0,0,0,0,0,0,0,0,0,0,-59343,0,0,0,0,0,
380,381,1905,578,11,14,-25,0,11,242,20,1,1,2,2,0,65536,65536,2981,0,0,0,0,12500,12500,0,0,2500,0,187500,0,179340,179340,187500,179340,-5953,65536,179340,179340,0,0,
380,381,1905,578,11,14,-25,0,12,251,9,24,24,0,0,0,39938,65536,-36667,1,0,0,14625,132216,132216,0,0,8263,76785,531519,1206650,0,0,2625600,1206650,13463,65536,0,0,0,0,
381,382,1910,578,11,14,-25,0,0,30,9,1,1,0,0,0,65536,65536,65536,0,0,0,7500,9020,9020,0,0,0,0,1370910,28747,0,0,1371030,28747,65536,65536,0,0,0,0,
381,382,1910,578,11,14,-25,0,1,65,9,24,1,0,0,0,2048,2048,0,0,0,0,0,14726,14726,0,0,735,0,1178,0,0,0,5580,0,65536,2048,0,0,0,0,
381,382,1910,578,11,14,-25,0,2,69,9,24,23,0,0,0,62805,62805,0,0,0,0,0,643996,592296,0,51700,0,0,1440005,0,0,0,3037393,0,65536,65535,0,0,0,0,
381,382,1910,578,11,14,-25,0,3,79,2,24,1,0,0,0,2048,2048,0,0,0,0,0,3333,3333,0,0,0,0,1599,0,0,0,7597,0,65536,2048,0,0,0,0,
381,382,1910,578,11,14,-25,0,4,90,2,1,1,0,0,0,65536,65536,65536,0,0,0,5000,14775,14775,0,0,0,0,1263180,2000,0,0,1263245,2000,65536,65536,0,0,0,0,
381,382,1910,578,11,14,-25,0,5,98,2,1,1,0,0,0,2048,2048,-12045,0,0,0,156,299,299,0,0,0,0,107,1945,0,0,511,1945,-50573,2048,0,0,0,0,
381,382,1910,578,11,14,-25,0,6,102,8,24,11,0,0,0,30037,30037,0,0,0,0,0,197997,175337,0,22660,13309,0,35067,0,0,0,203377,0,65536,32515,0,0,0,0,
381,382,1910,578,11,14,-25,0,7,106,20,1,1,0,0,0,65536,65536,0,0,0,0,0,0,0,0,0,0,0,0,0,0,0,0,0,0,65536,0,0,0,0,
381,382,1910,578,11,14,-25,0,8,203,20,18,18,36,36,0,65536,65536,65536,0,0,0,0,9000,9000,0,0,4500,0,7200000,0,4100040,4100040,7200000,4100040,61573,65536,3228120,3228120,871920,871920,
381,382,1910,578,11,14,-25,0,9,238,12,24,3,0,0,0,8192,8192,65536,0,0,0,150,64800,58620,0,6180,10725,0,86810,13500,0,0,171529,13500,49433,10922,0,0,0,0,
381,382,1910,578,11,14,-25,0,10,239,9,24,0,0,0,0,0,0,0,3,0,1,0,0,0,0,0,0,0,0,0,0,0,0,0,-59859,0,0,0,0,0,
381,382,1910,578,11,14,-25,0,11,242,20,1,1,2,2,0,65536,65536,2981,0,0,0,0,12500,12500,0,0,2500,0,187500,0,179340,179340,187500,179340,-5953,65536,179340,179340,0,0,
381,382,1910,578,11,14,-25,0,12,251,9,24,22,0,0,0,39938,60074,-49117,2,0,0,14625,132216,132216,0,0,8263,76785,329746,1316250,0,0,2403961,1316250,5352,61301,0,0,0,0,
382,383,1915,578,11,14,-25,0,0,30,9,1,1,0,0,0,65536,65536,65536,0,0,0,7500,9020,9020,0,0,0,0,1370910,29522,0,0,1371030,29522,65536,65536,0,0,0,0,
382,383,1915,578,11,14,-25,0,1,65,9,24,1,0,0,0,2048,2048,0,0,0,0,0,14726,14726,0,0,735,0,1178,0,0,0,5580,0,65536,2048,0,0,0,0,
382,383,1915,578,11,14,-25,0,2,69,9,24,23,0,0,0,62805,62805,0,0,0,0,0,643996,616496,0,27500,0,0,1317872,0,0,0,3067633,0,65536,65535,0,0,0,0,
382,383,1915,578,11,14,-25,0,3,79,2,24,1,0,0,0,2048,2048,0,0,0,0,0,3333,3333,0,0,0,0,1599,0,0,0,7597,0,65536,2048,0,0,0,0,
382,383,1915,578,11,14,-25,0,4,90,2,1,1,0,0,0,65536,65536,65536,0,0,0,5000,14775,14775,0,0,0,0,476074,2000,0,0,1263245,2000,65536,65536,0,0,0,0,
382,383,1915,578,11,14,-25,0,5,98,2,1,1,0,0,0,2048,2048,-11403,0,0,0,156,299,299,0,0,0,0,107,1847,0,0,511,1847,-49776,2048,0,0,0,0,
382,383,1915,578,11,14,-25,0,6,102,8,24,17,0,0,0,46421,46421,0,0,0,0,0,305997,270977,0,35020,20569,0,102402,0,0,0,311493,0,65536,49025,0,0,0,0,
382,383,1915,578,11,14,-25,0,7,106,20,1,1,0,0,0,65536,65536,0,0,0,0,0,0,0,0,0,0,0,0,0,0,0,0,0,0,65536,0,0,0,0,
382,383,1915,578,11,14,-25,0,8,203,20,18,18,36,36,0,65536,65536,65536,0,0,0,0,9000,9000,0,0,4500,0,7200000,0,4100040,4100040,7200000,4100040,61573,65536,3228120,3228120,871920,871920,
382,383,1915,578,11,14,-25,0,9,238,12,24,24,0,0,0,65536,65536,65536,0,0,0,1200,518400,468960,0,49440,85800,0,408778,108000,0,0,1107600,108000,53713,65536,0,0,0,0,
382,383,1915,578,11,14,-25,0,10,239,9,24,0,0,0,0,0,0,0,3,0,1,0,0,0,0,0,0,0,0,0,0,0,0,0,-59859,0,0,0,0,0,
382,383,1915,578,11,14,-25,0,11,242,20,1,1,2,2,0,65536,65536,2981,0,0,0,0,12500,12500,0,0,2500,0,187500,0,179340,179340,187500,179340,-5953,65536,179340,179340,0,0,
382,383,1915,578,11,14,-25,0,12,251,9,24,0,0,0,0,0,0,0,3,0,1,0,0,0,0,0,0,0,0,0,0,0,0,0,1767,0,0,0,0,0,
383,384,1920,578,11,14,-25,0,0,30,9,1,1,0,0,0,65536,65536,65536,0,0,0,7500,9020,9020,0,0,0,0,1370910,29407,0,0,1371030,29407,65536,65536,0,0,0,0,
383,384,1920,578,11,14,-25,0,1,65,9,24,1,0,0,0,2048,2048,0,0,0,0,0,14726,14726,0,0,735,0,1178,0,0,0,5580,0,65536,2048,0,0,0,0,
383,384,1920,578,11,14,-25,0,2,69,9,24,23,0,0,0,62805,62805,0,0,0,0,0,643996,616496,0,27500,0,0,1444427,0,0,0,3111912,0,65536,65535,0,0,0,0,
383,384,1920,578,11,14,-25,0,3,79,2,24,1,0,0,0,2048,2048,0,0,0,0,0,3333,3333,0,0,0,0,1599,0,0,0,7597,0,65536,2048,0,0,0,0,
383,384,1920,578,11,14,-25,0,4,90,2,1,1,0,0,0,20429,20429,65536,0,0,0,1558,4605,4605,0,0,0,0,74783,623,0,0,355267,623,65536,20429,0,0,0,0,
383,384,1920,578,11,14,-25,0,5,98,2,1,1,0,0,0,2048,2048,-11612,0,0,0,156,299,299,0,0,0,0,107,1879,0,0,511,1879,-50050,2048,0,0,0,0,
383,384,1920,578,11,14,-25,0,6,102,8,24,20,0,0,0,54613,54613,0,0,0,0,0,359997,318797,0,41200,24199,0,88186,0,0,0,366984,0,65536,57280,0,0,0,0,
383,384,1920,578,11,14,-25,0,7,106,20,1,1,0,0,0,65536,65536,0,0,0,0,0,0,0,0,0,0,0,0,0,0,0,0,0,0,65536,0,0,0,0,
383,384,1920,578,11,14,-25,0,8,203,20,18,18,36,36,0,65536,65536,65536,0,0,0,0,9000,9000,0,0,4500,0,7200000,0,4100040,4100040,7200000,4100040,61573,65536,3228120,3228120,871920,871920,
383,384,1920,578,11,14,-25,0,9,238,12,24,3,0,0,0,8192,8192,65536,0,0,0,150,64800,58620,0,6180,10725,0,24900,12179,0,0,173389,12179,50711,10922,0,0,0,0,
383,384,1920,578,11,14,-25,0,10,239,9,24,0,0,0,0,0,0,0,3,0,1,0,0,0,0,0,0,0,0,0,0,0,0,0,-59243,0,0,0,0,0,
383,384,1920,578,11,14,-25,0,11,242,20,1,1,2,2,0,65536,65536,2981,0,0,0,0,12500,12500,0,0,2500,0,187500,0,179340,179340,187500,179340,-5953,65536,179340,179340,0,0,
383,384,1920,578,11,14,-25,0,12,251,9,24,0,0,0,0,0,0,0,3,1,1,0,0,0,0,0,0,0,0,0,0,0,0,0,10390,0,0,0,0,0,
384,385,1925,578,11,14,-25,0,0,30,9,1,1,0,0,0,65536,65536,65536,0,0,0,7500,9020,9020,0,0,0,0,1370910,29202,0,0,1371030,29202,65536,65536,0,0,0,0,
384,385,1925,578,11,14,-25,0,1,65,9,24,1,0,0,0,2048,2048,0,0,0,0,0,14726,14726,0,0,735,0,1178,0,0,0,5580,0,65536,2048,0,0,0,0,
384,385,1925,578,11,14,-25,0,2,69,9,24,23,0,0,0,62805,62805,0,0,0,0,0,643996,590096,0,53900,0,0,1344931,0,0,0,3138792,0,65536,65535,0,0,0,0,
384,385,1925,578,11,14,-25,0,3,79,2,24,1,0,0,0,2048,2048,0,0,0,0,0,3333,3333,0,0,0,0,1599,0,0,0,7597,0,65536,2048,0,0,0,0,
384,385,1925,578,11,14,-25,0,4,90,2,1,1,0,0,0,2237,2237,65536,0,0,0,170,504,504,0,0,0,0,34119,68,0,0,34195,68,65536,2237,0,0,0,0,
384,385,1925,578,11,14,-25,0,5,98,2,1,1,0,0,0,2048,2048,-12589,0,0,0,156,299,299,0,0,0,0,107,2028,0,0,511,2028,-51184,2048,0,0,0,0,
384,385,1925,578,11,14,-25,0,6,102,8,24,18,0,0,0,49152,49152,0,0,0,0,0,324000,286920,0,37080,21780,0,57384,0,0,0,307583,0,65536,49175,0,0,0,0,
384,385,1925,578,11,14,-25,0,7,106,20,1,1,0,0,0,65536,65536,0,0,0,0,0,0,0,0,0,0,0,0,0,0,0,0,0,0,65536,0,0,0,0,
384,385,1925,578,11,14,-25,0,8,203,20,18,18,36,36,0,65536,65536,65536,0,0,0,0,9000,9000,0,0,4500,0,7200000,0,4100040,4100040,7200000,4100040,61573,65536,3228120,3228120,871920,871920,
384,385,1925,578,11,14,-25,0,9,238,12,24,3,0,0,0,8192,8192,65536,0,0,0,150,64800,58620,0,6180,10725,0,23512,10705,0,0,163270,10705,48136,10922,0,0,0,0,
384,385,1925,578,11,14,-25,0,10,239,9,24,0,0,0,0,0,0,0,3,0,1,0,0,0,0,0,0,0,0,0,0,0,0,0,-58377,0,0,0,0,0,
384,385,1925,578,11,14,-25,0,11,242,20,1,1,2,2,0,65536,65536,2981,0,0,0,0,12500,12500,0,0,2500,0,187500,0,179340,179340,187500,179340,-5953,65536,179340,179340,0,0,
384,385,1925,578,11,14,-25,0,12,251,9,24,24,0,0,0,65536,65536,1547,0,0,0,24000,216960,216960,0,0,13560,126000,1753400,1712952,0,0,2679360,1712952,27661,65536,0,0,0,0,
385,386,1930,578,11,14,-25,0,0,30,9,1,1,0,0,0,65536,65536,65536,0,0,0,7500,9020,9020,0,0,0,0,1370910,29172,0,0,1371030,29172,65536,65536,0,0,0,0,
385,386,1930,578,11,14,-25,0,1,65,9,24,1,0,0,0,2048,2048,0,0,0,0,0,14726,14726,0,0,735,0,1178,0,0,0,5580,0,65536,2048,0,0,0,0,
385,386,1930,578,11,14,-25,0,2,69,9,24,23,0,0,0,62805,62805,0,0,0,0,0,643996,590096,0,53900,0,0,1215292,0,0,0,3144912,0,65536,65535,0,0,0,0,
385,386,1930,578,11,14,-25,0,3,79,2,24,1,0,0,0,2048,2048,0,0,0,0,0,3333,3333,0,0,0,0,1599,0,0,0,7597,0,65536,2048,0,0,0,0,
385,386,1930,578,11,14,-25,0,4,90,2,1,1,0,0,0,65536,65536,65536,0,0,0,5000,14775,14775,0,0,0,0,1033765,2000,0,0,1033820,2000,65536,65536,0,0,0,0,
385,386,1930,578,11,14,-25,0,5,98,2,1,1,0,0,0,2048,2048,-12746,0,0,0,156,299,299,0,0,0,0,107,2052,0,0,511,2052,-51355,2048,0,0,0,0,
385,386,1930,578,11,14,-25,0,6,102,8,24,15,0,0,0,40960,40960,0,0,0,0,0,270000,239100,0,30900,18150,0,47820,0,0,0,266170,0,65536,42554,0,0,0,0,
385,386,1930,578,11,14,-25,0,7,106,20,1,1,0,0,0,65536,65536,0,0,0,0,0,0,0,0,0,0,0,0,0,0,0,0,0,0,65536,0,0,0,0,
385,386,1930,578,11,14,-25,0,8,203,20,18,18,36,36,0,65536,65536,65536,0,0,0,0,9000,9000,0,0,4500,0,7200000,0,4100040,4100040,7200000,4100040,61573,65536,3228120,3228120,871920,871920,
385,386,1930,578,11,14,-25,0,9,238,12,24,3,0,0,0,8192,8192,65536,0,0,0,150,64800,58620,0,6180,10725,0,28052,11048,0,0,161350,11048,47330,10922,0,0,0,0,
385,386,1930,578,11,14,-25,0,10,239,9,24,0,0,0,0,0,0,0,3,0,1,0,0,0,0,0,0,0,0,0,0,0,0,0,-58599,0,0,0,0,0,
385,386,1930,578,11,14,-25,0,11,242,20,1,1,2,2,0,65536,65536,2981,0,0,0,0,12500,12500,0,0,2500,0,187500,0,179340,179340,187500,179340,-5953,65536,179340,179340,0,0,
385,386,1930,578,11,14,-25,0,12,251,9,24,24,0,0,0,23770,65536,-43452,0,0,0,8704,78691,78691,0,0,4918,45700,216024,641084,0,0,2712000,641084,25873,65536,0,0,0,0,
386,387,1935,578,11,14,-25,0,0,30,9,1,1,0,0,0,65536,65536,65536,0,0,0,7500,9020,9020,0,0,0,0,1370910,29227,0,0,1371030,29227,65536,65536,0,0,0,0,
386,387,1935,578,11,14,-25,0,1,65,9,24,1,0,0,0,2048,2048,0,0,0,0,0,14726,14726,0,0,735,0,1178,0,0,0,5580,0,65536,2048,0,0,0,0,
386,387,1935,578,11,14,-25,0,2,69,9,24,23,0,0,0,62805,62805,0,0,0,0,0,643996,590096,0,53900,0,0,1122547,0,0,0,3136152,0,65536,65535,0,0,0,0,
386,387,1935,578,11,14,-25,0,3,79,2,24,1,0,0,0,2048,2048,0,0,0,0,0,3333,3333,0,0,0,0,1599,0,0,0,7597,0,65536,2048,0,0,0,0,
386,387,1935,578,11,14,-25,0,4,90,2,1,1,0,0,0,65536,65536,65536,0,0,0,5000,14775,14775,0,0,0,0,1160897,2000,0,0,1160960,2000,65536,65536,0,0,0,0,
386,387,1935,578,11,14,-25,0,5,98,2,1,1,0,0,0,2048,2048,-12655,0,0,0,156,299,299,0,0,0,0,107,2038,0,0,511,2038,-51259,2048,0,0,0,0,
386,387,1935,578,11,14,-25,0,6,102,8,24,13,0,0,0,35498,35498,0,0,0,0,0,233995,207215,0,26780,15729,0,41443,0,0,0,230886,0,65536,36913,0,0,0,0,
386,387,1935,578,11,14,-25,0,7,106,20,1,1,0,0,0,65536,65536,0,0,0,0,0,0,0,0,0,0,0,0,0,0,0,0,0,0,65536,0,0,0,0,
386,387,1935,578,11,14,-25,0,8,203,20,18,18,36,36,0,65536,65536,65536,0,0,0,0,9000,9000,0,0,4500,0,7200000,0,4100040,4100040,7200000,4100040,61573,65536,3228120,3228120,871920,871920,
386,387,1935,578,11,14,-25,0,9,238,12,24,3,0,0,0,8192,8192,65536,0,0,0,150,64800,58620,0,6180,10725,0,82126,12406,0,0,164369,12406,47631,10922,0,0,0,0,
386,387,1935,578,11,14,-25,0,10,239,9,24,0,0,0,0,0,0,0,3,0,1,0,0,0,0,0,0,0,0,0,0,0,0,0,-59359,0,0,0,0,0,
386,387,1935,578,11,14,-25,0,11,242,20,1,1,2,2,0,65536,65536,2981,0,0,0,0,12500,12500,0,0,2500,0,187500,0,179340,179340,187500,179340,-5953,65536,179340,179340,0,0,
386,387,1935,578,11,14,-25,0,12,251,9,24,24,0,0,0,39938,65536,-41046,1,0,0,14625,132216,132216,0,0,8263,76785,452026,1209663,0,0,2693520,1209663,15307,65536,0,0,0,0,
387,388,1940,578,11,14,-25,0,0,30,9,1,1,0,0,0,65536,65536,65536,0,0,0,7500,9020,9020,0,0,0,0,1370910,29305,0,0,1371030,29305,65536,65536,0,0,0,0,
387,388,1940,578,11,14,-25,0,1,65,9,24,1,0,0,0,2048,2048,0,0,0,0,0,14726,14726,0,0,735,0,1178,0,0,0,5580,0,65536,2048,0,0,0,0,
387,388,1940,578,11,14,-25,0,2,69,9,24,23,0,0,0,62805,62805,0,0,0,0,0,643996,593396,0,50600,0,0,1019107,0,0,0,3108552,0,65536,65535,0,0,0,0,
387,388,1940,578,11,14,-25,0,3,79,2,24,1,0,0,0,2048,2048,0,0,0,0,0,3333,3333,0,0,0,0,1599,0,0,0,7597,0,65536,2048,0,0,0,0,
387,388,1940,578,11,14,-25,0,4,90,2,1,1,0,0,0,65536,65536,65536,0,0,0,5000,14775,14775,0,0,0,0,1263180,2000,0,0,1263245,2000,65536,65536,0,0,0,0,
387,388,1940,578,11,14,-25,0,5,98,2,1,1,0,0,0,2048,2048,-12170,0,0,0,156,299,299,0,0,0,0,107,1964,0,0,511,1964,-50721,2048,0,0,0,0,
387,388,1940,578,11,14,-25,0,6,102,8,24,12,0,0,0,32768,32768,0,0,0,0,0,216000,191280,0,24720,14520,0,38256,0,0,0,209501,0,65536,33494,0,0,0,0,
387,388,1940,578,11,14,-25,0,7,106,20,1,1,0,0,0,65536,65536,0,0,0,0,0,0,0,0,0,0,0,0,0,0,0,0,0,0,65536,0,0,0,0,
387,388,1940,578,11,14,-25,0,8,203,20,18,18,36,36,0,65536,65536,65536,0,0,0,0,9000,9000,0,0,4500,0,7200000,0,4100040,4100040,7200000,4100040,61573,65536,3228120,3228120,871920,871920,
387,388,1940,578,11,14,-25,0,9,238,12,24,3,0,0,0,8192,8192,65536,0,0,0,150,64800,58620,0,6180,10725,0,86768,13500,0,0,171469,13500,49414,10922,0,0,0,0,
387,388,1940,578,11,14,-25,0,10,239,9,24,0,0,0,0,0,0,0,3,0,1,0,0,0,0,0,0,0,0,0,0,0,0,0,-59859,0,0,0,0,0,
387,388,1940,578,11,14,-25,0,11,242,20,1,1,2,2,0,65536,65536,2981,0,0,0,0,12500,12500,0,0,2500,0,187500,0,179340,179340,187500,179340,-5953,65536,179340,179340,0,0,
387,388,1940,578,11,14,-25,0,12,251,9,24,21,0,0,0,39938,57344,-48954,2,0,0,14625,132216,132216,0,0,8263,76785,333025,1316250,0,0,2278279,1316250,6057,57524,0,0,0,0,
388,389,1945,578,11,14,-25,0,0,30,9,1,1,0,0,0,65536,65536,65536,0,0,0,7500,9020,9020,0,0,0,0,1370910,29412,0,0,1371030,29412,65536,65536,0,0,0,0,
388,389,1945,578,11,14,-25,0,1,65,9,24,1,0,0,0,2048,2048,0,0,0,0,0,14726,14726,0,0,735,0,1178,0,0,0,5580,0,65536,2048,0,0,0,0,
388,389,1945,578,11,14,-25,0,2,69,9,24,23,0,0,0,62805,62805,0,0,0,0,0,643996,616496,0,27500,0,0,829303,0,0,0,3044113,0,65536,65535,0,0,0,0,
388,389,1945,578,11,14,-25,0,3,79,2,24,1,0,0,0,2048,2048,0,0,0,0,0,3333,3333,0,0,0,0,1599,0,0,0,7597,0,65536,2048,0,0,0,0,
388,389,1945,578,11,14,-25,0,4,90,2,1,1,0,0,0,65536,65536,65536,0,0,0,5000,14775,14775,0,0,0,0,434225,2000,0,0,1263245,2000,65536,65536,0,0,0,0,
388,389,1945,578,11,14,-25,0,5,98,2,1,1,0,0,0,2048,2048,-11370,0,0,0,156,299,299,0,0,0,0,107,1842,0,0,511,1842,-49738,2048,0,0,0,0,
388,389,1945,578,11,14,-25,0,6,102,8,24,18,0,0,0,49152,49152,0,0,0,0,0,324000,286920,0,37080,21780,0,95802,0,0,0,313337,0,65536,49515,0,0,0,0,
388,389,1945,578,11,14,-25,0,7,106,20,1,1,0,0,0,65536,65536,0,0,0,0,0,0,0,0,0,0,0,0,0,0,0,0,0,0,65536,0,0,0,0,
388,389,1945,578,11,14,-25,0,8,203,20,18,18,36,36,0,65536,65536,65536,0,0,0,0,9000,9000,0,0,4500,0,7200000,0,4100040,4100040,7200000,4100040,61573,65536,3228120,3228120,871920,871920,
388,389,1945,578,11,14,-25,0,9,238,12,24,24,0,0,0,65536,65536,65536,0,0,0,1200,518400,468960,0,49440,85800,0,405969,108000,0,0,1118400,108000,54303,65536,0,0,0,0,
388,389,1945,578,11,14,-25,0,10,239,9,24,0,0,0,0,0,0,0,3,0,1,0,0,0,0,0,0,0,0,0,0,0,0,0,-59859,0,0,0,0,0,
388,389,1945,578,11,14,-25,0,11,242,20,1,1,2,2,0,65536,65536,2981,0,0,0,0,12500,12500,0,0,2500,0,187500,0,179340,179340,187500,179340,-5953,65536,179340,179340,0,0,
388,389,1945,578,11,14,-25,0,12,251,9,24,0,0,0,0,0,0,0,3,0,1,0,0,0,0,0,0,0,0,0,0,0,0,0,1605,0,0,0,0,0,
389,390,1950,578,11,14,-25,0,0,30,9,1,1,0,0,0,65536,65536,65536,0,0,0,7500,9020,9020,0,0,0,0,1370910,28642,0,0,1371030,28642,65536,65536,0,0,0,0,
389,390,1950,578,11,14,-25,0,1,65,9,24,1,0,0,0,2048,2048,0,0,0,0,0,14726,14726,0,0,735,0,1178,0,0,0,5580,0,65536,2048,0,0,0,0,
389,390,1950,578,11,14,-25,0,2,69,9,24,23,0,0,0,62805,62805,0,0,0,0,0,643996,616496,0,27500,0,0,942362,0,0,0,3005714,0,65536,65535,0,0,0,0,
389,390,1950,578,11,14,-25,0,3,79,2,24,1,0,0,0,2048,2048,0,0,0,0,0,3333,3333,0,0,0,0,1599,0,0,0,7597,0,65536,2048,0,0,0,0,
389,390,1950,578,11,14,-25,0,4,90,2,1,1,0,0,0,19882,19882,65536,0,0,0,1516,4482,4482,0,0,0,0,72711,606,0,0,345406,606,65536,19882,0,0,0,0,
389,390,1950,578,11,14,-25,0,5,98,2,1,1,0,0,0,2048,2048,-11481,0,0,0,156,299,299,0,0,0,0,107,1859,0,0,511,1859,-49884,2048,0,0,0,0,
389,390,1950,578,11,14,-25,0,6,102,8,24,17,0,0,0,46421,46421,0,0,0,0,0,305997,270977,0,35020,20569,0,54791,0,0,0,310192,0,65536,49018,0,0,0,0,
389,390,1950,578,11,14,-25,0,7,106,20,1,1,0,0,0,65536,65536,0,0,0,0,0,0,0,0,0,0,0,0,0,0,0,0,0,0,65536,0,0,0,0,
389,390,1950,578,11,14,-25,0,8,203,20,18,18,36,36,0,65536,65536,65536,0,0,0,0,9000,9000,0,0,4500,0,7200000,0,4100040,4100040,7200000,4100040,61573,65536,3228120,3228120,871920,871920,
389,390,1950,578,11,14,-25,0,9,238,12,24,3,0,0,0,8192,8192,65536,0,0,0,150,64800,58620,0,6180,10725,0,25118,12167,0,0,174989,12167,51236,10922,0,0,0,0,
389,390,1950,578,11,14,-25,0,10,239,9,24,0,0,0,0,0,0,0,3,0,1,0,0,0,0,0,0,0,0,0,0,0,0,0,-59237,0,0,0,0,0,
389,390,1950,578,11,14,-25,0,11,242,20,1,1,2,2,0,65536,65536,2981,0,0,0,0,12500,12500,0,0,2500,0,187500,0,179340,179340,187500,179340,-5953,65536,179340,179340,0,0,
389,390,1950,578,11,14,-25,0,12,251,9,24,0,0,0,0,0,0,0,3,1,1,0,0,0,0,0,0,0,0,0,0,0,0,0,9651,0,0,0,0,0,
390,391,1955,578,11,14,-25,0,0,30,9,1,1,0,0,0,65536,65536,65536,0,0,0,7500,9020,9020,0,0,0,0,1370910,27745,0,0,1371030,27745,65536,65536,0,0,0,0,
390,391,1955,578,11,14,-25,0,1,65,9,24,1,0,0,0,2048,2048,0,0,0,0,0,14726,14726,0,0,735,0,1178,0,0,0,5580,0,65536,2048,0,0,0,0,
390,391,1955,578,11,14,-25,0,2,69,9,24,23,0,0,0,62805,62805,0,0,0,0,0,643996,590096,0,53900,0,0,840444,0,0,0,2952674,0,65536,65535,0,0,0,0,
390,391,1955,578,11,14,-25,0,3,79,2,24,1,0,0,0,2048,2048,0,0,0,0,0,3333,3333,0,0,0,0,1599,0,0,0,7597,0,65536,2048,0,0,0,0,
390,391,1955,578,11,14,-25,0,4,90,2,1,1,0,0,0,2128,2128,65536,0,0,0,162,479,479,0,0,0,0,32382,64,0,0,32487,64,65536,2128,0,0,0,0,
390,391,1955,578,11,14,-25,0,5,98,2,1,1,0,0,0,2048,2048,-12333,0,0,0,156,299,299,0,0,0,0,107,1989,0,0,511,1989,-50902,2048,0,0,0,0,
390,391,1955,578,11,14,-25,0,6,102,8,24,15,0,0,0,40960,40960,0,0,0,0,0,270000,239100,0,30900,18150,0,47820,0,0,0,266889,0,65536,42669,0,0,0,0,
390,391,1955,578,11,14,-25,0,7,106,20,1,1,0,0,0,65536,65536,0,0,0,0,0,0,0,0,0,0,0,0,0,0,0,0,0,0,65536,0,0,0,0,
390,391,1955,578,11,14,-25,0,8,203,20,18,18,36,36,0,65536,65536,65536,0,0,0,0,9000,9000,0,0,4500,0,7200000,0,4100040,4100040,7200000,4100040,61573,65536,3228120,3228120,871920,871920,
390,391,1955,578,11,14,-25,0,9,238,12,24,3,0,0,0,8192,8192,65536,0,0,0,150,64800,58620,0,6180,10725,0,23503,10692,0,0,163210,10692,48123,10922,0,0,0,0,
390,391,1955,578,11,14,-25,0,10,239,9,24,0,0,0,0,0,0,0,3,0,1,0,0,0,0,0,0,0,0,0,0,0,0,0,-58368,0,0,0,0,0,
390,391,1955,578,11,14,-25,0,11,242,20,1,1,2,2,0,65536,65536,2981,0,0,0,0,12500,12500,0,0,2500,0,187500,0,179340,179340,187500,179340,-5953,65536,179340,179340,0,0,
390,391,1955,578,11,14,-25,0,12,251,9,24,24,0,0,0,65536,65536,-5625,0,0,0,24000,216960,216960,0,0,13560,126000,1563926,1710768,0,0,2628000,1710768,25991,65536,0,0,0,0,
391,392,1960,578,11,14,-25,0,0,30,9,1,1,0,0,0,65536,65536,65536,0,0,0,7500,9020,9020,0,0,0,0,1370910,27110,0,0,1371030,27110,65536,65536,0,0,0,0,
391,392,1960,578,11,14,-25,0,1,65,9,24,1,0,0,0,2048,2048,0,0,0,0,0,14726,14726,0,0,735,0,1178,0,0,0,5580,0,65536,2048,0,0,0,0,
391,392,1960,578,11,14,-25,0,2,69,9,24,23,0,0,0,62805,62805,0,0,0,0,0,643996,592296,0,51700,0,0,744753,0,0,0,2886195,0,65536,65535,0,0,0,0,
391,392,1960,578,11,14,-25,0,3,79,2,24,1,0,0,0,2048,2048,0,0,0,0,0,3333,3333,0,0,0,0,1599,0,0,0,7597,0,65536,2048,0,0,0,0,
391,392,1960,578,11,14,-25,0,4,90,2,1,1,0,0,0,65536,65536,65536,0,0,0,5000,14775,14775,0,0,0,0,1032288,2000,0,0,1032340,2000,65536,65536,0,0,0,0,
391,392,1960,578,11,14,-25,0,5,98,2,1,1,0,0,0,2048,2048,-12353,0,0,0,156,299,299,0,0,0,0,107,1992,0,0,511,1992,-50929,2048,0,0,0,0,
391,392,1960,578,11,14,-25,0,6,102,8,24,14,0,0,0,38229,38229,0,0,0,0,0,251997,223157,0,28840,16939,0,44631,0,0,0,243339,0,65536,38904,0,0,0,0,
391,392,1960,578,11,14,-25,0,7,106,20,1,1,0,0,0,65536,65536,0,0,0,0,0,0,0,0,0,0,0,0,0,0,0,0,0,0,65536,0,0,0,0,
391,392,1960,578,11,14,-25,0,8,203,20,18,18,36,36,0,65536,65536,65536,0,0,0,0,9000,9000,0,0,4500,0,7200000,0,4100040,4100040,7200000,4100040,61573,65536,3228120,3228120,871920,871920,
391,392,1960,578,11,14,-25,0,9,238,12,24,3,0,0,0,8192,8192,65536,0,0,0,150,64800,58620,0,6180,10725,0,23119,11032,0,0,160390,11032,47022,10922,0,0,0,0,
391,392,1960,578,11,14,-25,0,10,239,9,24,0,0,0,0,0,0,0,3,0,1,0,0,0,0,0,0,0,0,0,0,0,0,0,-58589,0,0,0,0,0,
391,392,1960,578,11,14,-25,0,11,242,20,1,1,2,2,0,65536,65536,2981,0,0,0,0,12500,12500,0,0,2500,0,187500,0,179340,179340,187500,179340,-5953,65536,179340,179340,0,0,
391,392,1960,578,11,14,-25,0,12,251,9,24,22,0,0,0,23385,60074,-44954,0,0,0,8563,77417,77417,0,0,4838,44960,197784,629800,0,0,2484560,629800,23335,61846,0,0,0,0,
392,393,1965,578,11,14,-25,0,0,30,9,1,1,0,0,0,65536,65536,65536,0,0,0,7500,9020,9020,0,0,0,0,1370910,26575,0,0,1371030,26575,65536,65536,0,0,0,0,
392,393,1965,578,11,14,-25,0,1,65,9,24,1,0,0,0,2048,2048,0,0,0,0,0,14726,14726,0,0,735,0,1178,0,0,0,5580,0,65536,2048,0,0,0,0,
392,393,1965,578,11,14,-25,0,2,69,9,24,23,0,0,0,62805,62805,0,0,0,0,0,643996,593396,0,50600,0,0,662918,0,0,0,2809517,0,65536,65535,0,0,0,0,
392,393,1965,578,11,14,-25,0,3,79,2,24,1,0,0,0,2048,2048,0,0,0,0,0,3333,3333,0,0,0,0,1599,0,0,0,7597,0,65536,2048,0,0,0,0,
392,393,1965,578,11,14,-25,0,4,90,2,1,1,0,0,0,65536,65536,65536,0,0,0,5000,14775,14775,0,0,0,0,1159154,2000,0,0,1159215,2000,65536,65536,0,0,0,0,
392,393,1965,578,11,14,-25,0,5,98,2,1,1,0,0,0,2048,2048,-12052,0,0,0,156,299,299,0,0,0,0,107,1946,0,0,511,1946,-50582,2048,0,0,0,0,
392,393,1965,578,11,14,-25,0,6,102,8,24,13,0,0,0,35498,35498,0,0,0,0,0,233995,207215,0,26780,15729,0,41443,0,0,0,223330,0,65536,35705,0,0,0,0,
392,393,1965,578,11,14,-25,0,7,106,20,1,1,0,0,0,65536,65536,0,0,0,0,0,0,0,0,0,0,0,0,0,0,0,0,0,0,65536,0,0,0,0,
392,393,1965,578,11,14,-25,0,8,203,20,18,18,36,36,0,65536,65536,65536,0,0,0,0,9000,9000,0,0,4500,0,7200000,0,4100040,4100040,7200000,4100040,61573,65536,3228120,3228120,871920,871920,
392,393,1965,578,11,14,-25,0,9,238,12,24,3,0,0,0,8192,8192,65536,0,0,0,150,64800,58620,0,6180,10725,0,80579,12388,0,0,161990,12388,46871,10922,0,0,0,0,
392,393,1965,578,11,14,-25,0,10,239,9,24,0,0,0,0,0,0,0,3,0,1,0,0,0,0,0,0,0,0,0,0,0,0,0,-59349,0,0,0,0,0,
392,393,1965,578,11,14,-25,0,11,242,20,1,1,2,2,0,65536,65536,2981,0,0,0,0,12500,12500,0,0,2500,0,187500,0,179340,179340,187500,179340,-5953,65536,179340,179340,0,0,
392,393,1965,578,11,14,-25,0,12,251,9,24,21,0,0,0,39938,57344,-47632,1,0,0,14625,132216,132216,0,0,8263,76785,329958,1207849,0,0,2286228,1207849,11773,58258,0,0,0,0,
393,394,1970,578,11,14,-25,0,0,30,9,1,1,0,0,0,65536,65536,65536,0,0,0,7500,9020,9020,0,0,0,0,1370910,26087,0,0,1371030,26087,65536,65536,0,0,0,0,
393,394,1970,578,11,14,-25,0,1,65,9,24,1,0,0,0,2048,2048,0,0,0,0,0,14726,14726,0,0,735,0,1178,0,0,0,5580,0,65536,2048,0,0,0,0,
393,394,1970,578,11,14,-25,0,2,69,9,24,23,0,0,0,62805,62805,0,0,0,0,0,643996,597796,0,46200,0,0,558453,0,0,0,2718798,0,65536,65535,0,0,0,0,
393,394,1970,578,11,14,-25,0,3,79,2,24,1,0,0,0,2048,2048,0,0,0,0,0,3333,3333,0,0,0,0,1599,0,0,0,7597,0,65536,2048,0,0,0,0,
393,394,1970,578,11,14,-25,0,4,90,2,1,1,0,0,0,65536,65536,65536,0,0,0,5000,14775,14775,0,0,0,0,1263180,2000,0,0,1263245,2000,65536,65536,0,0,0,0,
393,394,1970,578,11,14,-25,0,5,98,2,1,1,0,0,0,2048,2048,-11449,0,0,0,156,299,299,0,0,0,0,107,1854,0,0,511,1854,-49843,2048,0,0,0,0,
393,394,1970,578,11,14,-25,0,6,102,8,24,12,0,0,0,32768,32768,0,0,0,0,0,216000,191280,0,24720,14520,0,38256,0,0,0,212728,0,65536,34010,0,0,0,0,
393,394,1970,578,11,14,-25,0,7,106,20,1,1,0,0,0,65536,65536,0,0,0,0,0,0,0,0,0,0,0,0,0,0,0,0,0,0,65536,0,0,0,0,
393,394,1970,578,11,14,-25,0,8,203,20,18,18,36,36,0,65536,65536,65536,0,0,0,0,9000,9000,0,0,4500,0,7200000,0,4100040,4100040,7200000,4100040,61573,65536,3228120,3228120,871920,871920,
393,394,1970,578,11,14,-25,0,9,238,12,24,3,0,0,0,8192,8192,65536,0,0,0,150,64800,58620,0,6180,10725,0,84217,13500,0,0,167569,13500,48136,10922,0,0,0,0,
393,394,1970,578,11,14,-25,0,10,239,9,24,0,0,0,0,0,0,0,3,0,1,0,0,0,0,0,0,0,0,0,0,0,0,0,-59859,0,0,0,0,0,
393,394,1970,578,11,14,-25,0,11,242,20,1,1,2,2,0,65536,65536,2981,0,0,0,0,12500,12500,0,0,2500,0,187500,0,179340,179340,187500,179340,-5953,65536,179340,179340,0,0,
393,394,1970,578,11,14,-25,0,12,251,9,24,17,0,0,0,39938,46421,-49881,2,0,0,14625,132216,132216,0,0,8263,76785,314409,1316250,0,0,1824578,1316250,2055,48796,0,0,0,0,
394,395,1975,578,11,14,-25,0,0,30,9,1,1,0,0,0,65536,65536,65536,0,0,0,7500,9020,9020,0,0,0,0,1370910,25787,0,0,1371030,25787,65536,65536,0,0,0,0,
394,395,1975,578,11,14,-25,0,1,65,9,24,1,0,0,0,2048,2048,0,0,0,0,0,14726,14726,0,0,735,0,1178,0,0,0,5580,0,65536,2048,0,0,0,0,
394,395,1975,578,11,14,-25,0,2,69,9,24,23,0,0,0,62805,62805,0,0,0,0,0,643996,616496,0,27500,0,0,531375,0,0,0,2626759,0,65536,65535,0,0,0,0,
394,395,1975,578,11,14,-25,0,3,79,2,24,1,0,0,0,2048,2048,0,0,0,0,0,3333,3333,0,0,0,0,1599,0,0,0,7597,0,65536,2048,0,0,0,0,
394,395,1975,578,11,14,-25,0,4,90,2,1,1,0,0,0,65536,65536,65536,0,0,0,5000,14775,14775,0,0,0,0,265950,2000,0,0,1263245,2000,65536,65536,0,0,0,0,
394,395,1975,578,11,14,-25,0,5,98,2,1,1,0,0,0,2048,2048,-10590,0,0,0,156,299,299,0,0,0,0,107,1723,0,0,511,1723,-48650,2048,0,0,0,0,
394,395,1975,578,11,14,-25,0,6,102,8,24,18,0,0,0,49152,49152,0,0,0,0,0,324000,286920,0,37080,21780,0,79021,0,0,0,313602,0,65536,49773,0,0,0,0,
394,395,1975,578,11,14,-25,0,7,106,20,1,1,0,0,0,65536,65536,0,0,0,0,0,0,0,0,0,0,0,0,0,0,0,0,0,0,65536,0,0,0,0,
394,395,1975,578,11,14,-25,0,8,203,20,18,18,36,36,0,65536,65536,65536,0,0,0,0,9000,9000,0,0,4500,0,7200000,0,4100040,4100040,7200000,4100040,61573,65536,3228120,3228120,871920,871920,
394,395,1975,578,11,14,-25,0,9,238,12,24,3,0,0,0,8192,8192,65536,0,0,0,150,64800,58620,0,6180,10725,0,90866,13500,0,0,177749,13500,51471,10922,0,0,0,0,
394,395,1975,578,11,14,-25,0,10,239,9,24,0,0,0,0,0,0,0,3,0,1,0,0,0,0,0,0,0,0,0,0,0,0,0,-59859,0,0,0,0,0,
394,395,1975,578,11,14,-25,0,11,242,20,1,1,2,2,0,65536,65536,2981,0,0,0,0,12500,12500,0,0,2500,0,187500,0,179340,179340,187500,179340,-5953,65536,179340,179340,0,0,
394,395,1975,578,11,14,-25,0,12,251,9,24,0,0,0,0,0,0,0,3,0,1,0,0,0,0,0,0,0,0,0,0,0,0,0,-2720,0,0,0,0,0,
395,396,1980,578,11,14,-25,0,0,30,9,1,1,0,0,0,65536,65536,65536,0,0,0,7500,9020,9020,0,0,0,0,1370910,26142,0,0,1371030,26142,65536,65536,0,0,0,0,
395,396,1980,578,11,14,-25,0,1,65,9,24,1,0,0,0,2048,2048,0,0,0,0,0,14726,14726,0,0,735,0,1178,0,0,0,5580,0,65536,2048,0,0,0,0,
395,396,1980,578,11,14,-25,0,2,69,9,24,23,0,0,0,62805,62805,0,0,0,0,0,643996,616496,0,27500,0,0,671826,0,0,0,2572280,0,65536,65535,0,0,0,0,
395,396,1980,578,11,14,-25,0,3,79,2,24,1,0,0,0,2048,2048,0,0,0,0,0,3333,3333,0,0,0,0,1599,0,0,0,7597,0,65536,2048,0,0,0,0,
395,396,1980,578,11,14,-25,0,4,90,2,1,1,0,0,0,15739,15739,65536,0,0,0,1200,3548,3548,0,0,0,0,57164,480,0,0,271553,480,65536,15739,0,0,0,0,
395,396,1980,578,11,14,-25,0,5,98,2,1,1,0,0,0,2048,2048,-10538,0,0,0,156,299,299,0,0,0,0,107,1715,0,0,511,1715,-48568,2048,0,0,0,0,
395,396,1980,578,11,14,-25,0,6,102,8,24,21,0,0,0,57344,57344,0,0,0,0,0,378000,334740,0,43260,25410,0,84251,0,0,0,365580,0,65536,57654,0,0,0,0,
395,396,1980,578,11,14,-25,0,7,106,20,1,1,0,0,0,65536,65536,0,0,0,0,0,0,0,0,0,0,0,0,0,0,0,0,0,0,65536,0,0,0,0,
395,396,1980,578,11,14,-25,0,8,203,20,18,18,36,36,0,65536,65536,65536,0,0,0,0,9000,9000,0,0,4500,0,7200000,0,4100040,4100040,7200000,4100040,61573,65536,3228120,3228120,871920,871920,
395,396,1980,578,11,14,-25,0,9,238,12,24,24,0,0,0,65536,65536,65536,0,0,0,1200,518400,468960,0,49440,85800,0,401310,96670,0,0,1180560,96670,58412,65536,0,0,0,0,
395,396,1980,578,11,14,-25,0,10,239,9,24,0,0,0,0,0,0,0,3,0,1,0,0,0,0,0,0,0,0,0,0,0,0,0,-59193,0,0,0,0,0,
395,396,1980,578,11,14,-25,0,11,242,20,1,1,2,2,0,65536,65536,2981,0,0,0,0,12500,12500,0,0,2500,0,187500,0,179340,179340,187500,179340,-5953,65536,179340,179340,0,0,
395,396,1980,578,11,14,-25,0,12,251,9,24,0,0,0,0,0,0,0,3,1,1,0,0,0,0,0,0,0,0,0,0,0,0,0,4311,0,0,0,0,0,
396,397,1985,578,11,14,-25,0,0,30,9,1,1,0,0,0,65536,65536,65536,0,0,0,7500,9020,9020,0,0,0,0,1370910,25380,0,0,1371030,25380,65536,65536,0,0,0,0,
396,397,1985,578,11,14,-25,0,1,65,9,24,1,0,0,0,2048,2048,0,0,0,0,0,14726,14726,0,0,735,0,1178,0,0,0,5580,0,65536,2048,0,0,0,0,
396,397,1985,578,11,14,-25,0,2,69,9,24,23,0,0,0,62805,62805,0,0,0,0,0,643996,590096,0,53900,0,0,768274,0,0,0,2540721,0,65536,65535,0,0,0,0,
396,397,1985,578,11,14,-25,0,3,79,2,24,1,0,0,0,2048,2048,0,0,0,0,0,3333,3333,0,0,0,0,1599,0,0,0,7597,0,65536,2048,0,0,0,0,
396,397,1985,578,11,14,-25,0,4,90,2,1,1,0,0,0,2048,2048,65536,0,0,0,156,461,461,0,0,0,0,30877,62,0,0,30978,62,65536,2048,0,0,0,0,
396,397,1985,578,11,14,-25,0,5,98,2,1,1,0,0,0,2048,2048,-11324,0,0,0,156,299,299,0,0,0,0,107,1835,0,0,511,1835,-49676,2048,0,0,0,0,
396,397,1985,578,11,14,-25,0,6,102,8,24,19,0,0,0,51882,51882,0,0,0,0,0,341995,302855,0,39140,22989,0,60752,0,0,0,340263,0,65536,54225,0,0,0,0,
396,397,1985,578,11,14,-25,0,7,106,20,1,1,0,0,0,65536,65536,0,0,0,0,0,0,0,0,0,0,0,0,0,0,0,0,0,0,65536,0,0,0,0,
396,397,1985,578,11,14,-25,0,8,203,20,18,18,36,36,0,65536,65536,65536,0,0,0,0,9000,9000,0,0,4500,0,7200000,0,4100040,4100040,7200000,4100040,61573,65536,3228120,3228120,871920,871920,
396,397,1985,578,11,14,-25,0,9,238,12,24,3,0,0,0,8192,8192,65536,0,0,0,150,64800,58620,0,6180,10725,0,26381,10594,0,0,184148,10594,55030,10922,0,0,0,0,
396,397,1985,578,11,14,-25,0,10,239,9,24,0,0,0,0,0,0,0,3,0,1,0,0,0,0,0,0,0,0,0,0,0,0,0,-58302,0,0,0,0,0,
396,397,1985,578,11,14,-25,0,11,242,20,1,1,2,2,0,65536,65536,2981,0,0,0,0,12500,12500,0,0,2500,0,187500,0,179340,179340,187500,179340,-5953,65536,179340,179340,0,0,
396,397,1985,578,11,14,-25,0,12,251,9,24,24,0,0,0,65536,65536,-5604,0,0,0,24000,216960,216960,0,0,13560,126000,1550093,1695048,0,0,2424720,1695048,19694,65536,0,0,0,0,
397,398,1990,578,11,14,-25,0,0,30,9,1,1,0,0,0,65536,65536,65536,0,0,0,7500,9020,9020,0,0,0,0,1370910,24607,0,0,1371030,24607,65536,65536,0,0,0,0,
397,398,1990,578,11,14,-25,0,1,65,9,24,1,0,0,0,2048,2048,0,0,0,0,0,14726,14726,0,0,735,0,1178,0,0,0,5580,0,65536,2048,0,0,0,0,
397,398,1990,578,11,14,-25,0,2,69,9,24,23,0,0,0,62805,62805,0,0,0,0,0,643996,591196,0,52800,0,0,772139,0,0,0,2508441,0,65536,65535,0,0,0,0,
397,398,1990,578,11,14,-25,0,3,79,2,24,1,0,0,0,2048,2048,0,0,0,0,0,3333,3333,0,0,0,0,1599,0,0,0,7597,0,65536,2048,0,0,0,0,
397,398,1990,578,11,14,-25,0,4,90,2,1,1,0,0,0,65536,65536,65536,0,0,0,5000,14775,14775,0,0,0,0,1023335,2000,0,0,1023390,2000,65536,65536,0,0,0,0,
397,398,1990,578,11,14,-25,0,5,98,2,1,1,0,0,0,2048,2048,-11409,0,0,0,156,299,299,0,0,0,0,107,1848,0,0,511,1848,-49792,2048,0,0,0,0,
397,398,1990,578,11,14,-25,0,6,102,8,24,17,0,0,0,46421,46421,0,0,0,0,0,305997,270977,0,35020,20569,0,54195,0,0,0,301641,0,65536,48225,0,0,0,0,
397,398,1990,578,11,14,-25,0,7,106,20,1,1,0,0,0,65536,65536,0,0,0,0,0,0,0,0,0,0,0,0,0,0,0,0,0,0,65536,0,0,0,0,
397,398,1990,578,11,14,-25,0,8,203,20,18,18,36,36,0,65536,65536,65536,0,0,0,0,9000,9000,0,0,4500,0,7200000,0,4100040,4100040,7200000,4100040,61573,65536,3228120,3228120,871920,871920,
397,398,1990,578,11,14,-25,0,9,238,12,24,3,0,0,0,8192,8192,65536,0,0,0,150,64800,58620,0,6180,10725,0,24649,10936,0,0,171529,10936,50718,10922,0,0,0,0,
397,398,1990,578,11,14,-25,0,10,239,9,24,0,0,0,0,0,0,0,3,0,1,0,0,0,0,0,0,0,0,0,0,0,0,0,-58528,0,0,0,0,0,
397,398,1990,578,11,14,-25,0,11,242,20,1,1,2,2,0,65536,65536,2981,0,0,0,0,12500,12500,0,0,2500,0,187500,0,179340,179340,187500,179340,-5953,65536,179340,179340,0,0,
397,398,1990,578,11,14,-25,0,12,251,9,24,23,0,0,0,20783,62805,-46272,0,0,0,7610,68803,68803,0,0,4300,39957,163090,554852,0,0,2365564,554852,17634,63466,0,0,0,0,
398,399,1995,578,11,14,-25,0,0,30,9,1,1,0,0,0,65536,65536,65536,0,0,0,7500,9020,9020,0,0,0,0,1370910,24272,0,0,1371030,24272,65536,65536,0,0,0,0,
398,399,1995,578,11,14,-25,0,1,65,9,24,1,0,0,0,2048,2048,0,0,0,0,0,14726,14726,0,0,735,0,1178,0,0,0,5580,0,65536,2048,0,0,0,0,
398,399,1995,578,11,14,-25,0,2,69,9,24,23,0,0,0,62805,62805,0,0,0,0,0,643996,591196,0,52800,0,0,840466,0,0,0,2492361,0,65536,65535,0,0,0,0,
398,399,1995,578,11,14,-25,0,3,79,2,24,1,0,0,0,2048,2048,0,0,0,0,0,3333,3333,0,0,0,0,1599,0,0,0,7597,0,65536,2048,0,0,0,0,
398,399,1995,578,11,14,-25,0,4,90,2,1,1,0,0,0,65536,65536,65536,0,0,0,5000,14775,14775,0,0,0,0,1149891,2000,0,0,1149950,2000,65536,65536,0,0,0,0,
398,399,1995,578,11,14,-25,0,5,98,2,1,1,0,0,0,2048,2048,-11409,0,0,0,156,299,299,0,0,0,0,107,1848,0,0,511,1848,-49792,2048,0,0,0,0,
398,399,1995,578,11,14,-25,0,6,102,8,24,15,0,0,0,40960,40960,0,0,0,0,0,270000,239100,0,30900,18150,0,47820,0,0,0,257920,0,65536,41235,0,0,0,0,
398,399,1995,578,11,14,-25,0,7,106,20,1,1,0,0,0,65536,65536,0,0,0,0,0,0,0,0,0,0,0,0,0,0,0,0,0,0,65536,0,0,0,0,
398,399,1995,578,11,14,-25,0,8,203,20,18,18,36,36,0,65536,65536,65536,0,0,0,0,9000,9000,0,0,4500,0,7200000,0,4100040,4100040,7200000,4100040,61573,65536,3228120,3228120,871920,871920,
398,399,1995,578,11,14,-25,0,9,238,12,24,3,0,0,0,8192,8192,62170,0,0,0,150,64800,58620,0,6180,10725,0,23947,12289,0,0,166469,12289,48385,10922,0,0,0,0,
398,399,1995,578,11,14,-25,0,10,239,9,24,0,0,0,0,0,0,0,3,0,1,0,0,0,0,0,0,0,0,0,0,0,0,0,-59299,0,0,0,0,0,
398,399,1995,578,11,14,-25,0,11,242,20,1,1,2,2,0,65536,65536,2981,0,0,0,0,12500,12500,0,0,2500,0,187500,0,179340,179340,187500,179340,-5953,65536,179340,179340,0,0,
398,399,1995,578,11,14,-25,0,12,251,9,24,23,0,0,0,39938,62805,-40353,1,0,0,14625,132216,132216,0,0,8263,76785,460421,1198197,0,0,2404142,1198197,8483,64501,0,0,0,0,
399,400,2000,578,11,14,-25,0,0,30,9,1,1,0,0,0,65536,65536,65536,0,0,0,7500,9020,9020,0,0,0,0,1370910,24077,0,0,1371030,24077,65536,65536,0,0,0,0,
399,400,2000,578,11,14,-25,0,1,65,9,24,1,0,0,0,2048,2048,0,0,0,0,0,14726,14726,0,0,735,0,1178,0,0,0,5580,0,65536,2048,0,0,0,0,
399,400,2000,578,11,14,-25,0,2,69,9,24,23,0,0,0,62805,62805,0,0,0,0,0,643996,593396,0,50600,0,0,792794,0,0,0,2468122,0,65536,65535,0,0,0,0,
399,400,2000,578,11,14,-25,0,3,79,2,24,1,0,0,0,2048,2048,0,0,0,0,0,3333,3333,0,0,0,0,1599,0,0,0,7597,0,65536,2048,0,0,0,0,
399,400,2000,578,11,14,-25,0,4,90,2,1,1,0,0,0,65536,65536,65536,0,0,0,5000,14775,14775,0,0,0,0,1263180,2000,0,0,1263245,2000,65536,65536,0,0,0,0,
399,400,2000,578,11,14,-25,0,5,98,2,1,1,0,0,0,2048,2048,-11088,0,0,0,156,299,299,0,0,0,0,107,1799,0,0,511,1799,-49359,2048,0,0,0,0,
399,400,2000,578,11,14,-25,0,6,102,8,24,12,0,0,0,32768,32768,0,0,0,0,0,216000,191280,0,24720,14520,0,38256,0,0,0,219508,0,65536,35094,0,0,0,0,
399,400,2000,578,11,14,-25,0,7,106,20,1,1,0,0,0,65536,65536,0,0,0,0,0,0,0,0,0,0,0,0,0,0,0,0,0,0,65536,0,0,0,0,
399,400,2000,578,11,14,-25,0,8,203,20,18,18,36,36,0,65536,65536,65536,0,0,0,0,9000,9000,0,0,4500,0,7200000,0,4100040,4100040,7200000,4100040,61573,65536,3228120,3228120,871920,871920,
399,400,2000,578,11,14,-25,0,9,238,12,24,3,0,0,0,8192,8192,65536,0,0,0,150,64800,58620,0,6180,10725,0,48256,13500,0,0,166349,13500,47736,10922,0,0,0,0,
399,400,2000,578,11,14,-25,0,10,239,9,24,0,0,0,0,0,0,0,3,0,1,0,0,0,0,0,0,0,0,0,0,0,0,0,-59859,0,0,0,0,0,
399,400,2000,578,11,14,-25,0,11,242,20,1,1,2,2,0,65536,65536,2981,0,0,0,0,12500,12500,0,0,2500,0,187500,0,179340,179340,187500,179340,-5953,65536,179340,179340,0,0,
399,400,2000,578,11,14,-25,0,12,251,9,24,21,0,0,0,39938,57344,-50350,2,0,0,14625,132216,132216,0,0,8263,76785,304995,1316250,0,0,2104062,1316250,33,58006,0,0,0,0,
400,401,2005,578,11,14,-25,0,0,30,9,1,1,0,0,0,65536,65536,65536,0,0,0,7500,9020,9020,0,0,0,0,1370910,24077,0,0,1371030,24077,65536,65536,0,0,0,0,
400,401,2005,578,11,14,-25,0,1,65,9,24,1,0,0,0,2048,2048,0,0,0,0,0,14726,14726,0,0,735,0,1178,0,0,0,5580,0,65536,2048,0,0,0,0,
400,401,2005,578,11,14,-25,0,2,69,9,24,23,0,0,0,62805,62805,0,0,0,0,0,643996,616496,0,27500,0,0,820321,0,0,0,2447962,0,65536,65535,0,0,0,0,
400,401,2005,578,11,14,-25,0,3,79,2,24,1,0,0,0,2048,2048,0,0,0,0,0,3333,3333,0,0,0,0,1599,0,0,0,7597,0,65536,2048,0,0,0,0,
400,401,2005,578,11,14,-25,0,4,90,2,1,1,0,0,0,65536,65536,65536,0,0,0,5000,14775,14775,0,0,0,0,341076,2000,0,0,1263245,2000,65536,65536,0,0,0,0,
400,401,2005,578,11,14,-25,0,5,98,2,1,1,0,0,0,2048,2048,-10505,0,0,0,156,299,299,0,0,0,0,107,1710,0,0,511,1710,-48515,2048,0,0,0,0,
400,401,2005,578,11,14,-25,0,6,102,8,24,11,0,0,0,30037,30037,0,0,0,0,0,197997,175337,0,22660,13309,0,35067,0,0,0,194176,0,65536,31044,0,0,0,0,
400,401,2005,578,11,14,-25,0,7,106,20,1,1,0,0,0,65536,65536,0,0,0,0,0,0,0,0,0,0,0,0,0,0,0,0,0,0,65536,0,0,0,0,
400,401,2005,578,11,14,-25,0,8,203,20,18,18,36,36,0,65536,65536,65536,0,0,0,0,9000,9000,0,0,4500,0,7200000,0,4100040,4100040,7200000,4100040,61573,65536,3228120,3228120,871920,871920,
400,401,2005,578,11,14,-25,0,9,238,12,24,3,0,0,0,8192,8192,65536,0,0,0,150,64800,58620,0,6180,10725,0,85931,13500,0,0,170189,13500,48994,10922,0,0,0,0,
400,401,2005,578,11,14,-25,0,10,239,9,24,0,0,0,0,0,0,0,3,0,1,0,0,0,0,0,0,0,0,0,0,0,0,0,-59859,0,0,0,0,0,
400,401,2005,578,11,14,-25,0,11,242,20,1,1,2,2,0,65536,65536,2981,0,0,0,0,12500,12500,0,0,2500,0,187500,0,179340,179340,187500,179340,-5953,65536,179340,179340,0,0,
400,401,2005,578,11,14,-25,0,12,251,9,24,0,0,0,0,0,0,0,3,0,1,0,0,0,0,0,0,0,0,0,0,0,0,0,-3223,0,0,0,0,0,
401,402,2010,578,11,14,-25,0,0,30,9,1,1,0,0,0,65536,65536,65536,0,0,0,7500,9020,9020,0,0,0,0,1370910,24295,0,0,1371030,24295,65536,65536,0,0,0,0,
401,402,2010,578,11,14,-25,0,1,65,9,24,1,0,0,0,2048,2048,0,0,0,0,0,14726,14726,0,0,735,0,1178,0,0,0,5580,0,65536,2048,0,0,0,0,
401,402,2010,578,11,14,-25,0,2,69,9,24,23,0,0,0,62805,62805,0,0,0,0,0,643996,616496,0,27500,0,0,893065,0,0,0,2442682,0,65536,65535,0,0,0,0,
401,402,2010,578,11,14,-25,0,3,79,2,24,1,0,0,0,2048,2048,0,0,0,0,0,3333,3333,0,0,0,0,1599,0,0,0,7597,0,65536,2048,0,0,0,0,
401,402,2010,578,11,14,-25,0,4,90,2,1,1,0,0,0,18291,18291,65536,0,0,0,1395,4123,4123,0,0,0,0,66847,558,0,0,317576,558,65536,18291,0,0,0,0,
401,402,2010,578,11,14,-25,0,5,98,2,1,1,0,0,0,2048,2048,-10518,0,0,0,156,299,299,0,0,0,0,107,1712,0,0,511,1712,-48539,2048,0,0,0,0,
401,402,2010,578,11,14,-25,0,6,102,8,24,9,0,0,0,24576,24576,0,0,0,0,0,162000,143460,0,18540,10890,0,28692,0,0,0,170658,0,65536,27284,0,0,0,0,
401,402,2010,578,11,14,-25,0,7,106,20,1,1,0,0,0,65536,65536,0,0,0,0,0,0,0,0,0,0,0,0,0,0,0,0,0,0,65536,0,0,0,0,
401,402,2010,578,11,14,-25,0,8,203,20,18,18,36,36,0,65536,65536,65536,0,0,0,0,9000,9000,0,0,4500,0,7200000,0,4100040,4100040,7200000,4100040,61573,65536,3228120,3228120,871920,871920,
401,402,2010,578,11,14,-25,0,9,238,12,24,3,0,0,0,8192,8192,65536,0,0,0,150,64800,58620,0,6180,10725,0,90030,12160,0,0,176469,12160,51727,10922,0,0,0,0,
401,402,2010,578,11,14,-25,0,10,239,9,24,0,0,0,0,0,0,0,3,0,1,0,0,0,0,0,0,0,0,0,0,0,0,0,-59233,0,0,0,0,0,
401,402,2010,578,11,14,-25,0,11,242,20,1,1,2,2,0,65536,65536,2981,0,0,0,0,12500,12500,0,0,2500,0,187500,0,179340,179340,187500,179340,-5953,65536,179340,179340,0,0,
401,402,2010,578,11,14,-25,0,12,251,9,24,0,0,0,0,0,0,0,3,1,1,0,0,0,0,0,0,0,0,0,0,0,0,0,3751,0,0,0,0,0,
402,403,2015,578,11,14,-25,0,0,30,9,1,1,0,0,0,65536,65536,65536,0,0,0,7500,9020,9020,0,0,0,0,1370910,24735,0,0,1371030,24735,65536,65536,0,0,0,0,
402,403,2015,578,11,14,-25,0,1,65,9,24,1,0,0,0,2048,2048,0,0,0,0,0,14726,14726,0,0,735,0,1178,0,0,0,5580,0,65536,2048,0,0,0,0,
402,403,2015,578,11,14,-25,0,2,69,9,24,23,0,0,0,62805,62805,0,0,0,0,0,643996,590096,0,53900,0,0,906724,0,0,0,2441242,0,65536,65535,0,0,0,0,
402,403,2015,578,11,14,-25,0,3,79,2,24,1,0,0,0,2048,2048,0,0,0,0,0,3333,3333,0,0,0,0,1599,0,0,0,7597,0,65536,2048,0,0,0,0,
402,403,2015,578,11,14,-25,0,4,90,2,1,1,0,0,0,2048,2048,65536,0,0,0,156,461,461,0,0,0,0,31115,62,0,0,31218,62,65536,2048,0,0,0,0,
402,403,2015,578,11,14,-25,0,5,98,2,1,1,0,0,0,2048,2048,-11285,0,0,0,156,299,299,0,0,0,0,107,1829,0,0,511,1829,-49624,2048,0,0,0,0,
402,403,2015,578,11,14,-25,0,6,102,8,24,16,0,0,0,43690,43690,0,0,0,0,0,287995,255035,0,32960,19359,0,57268,0,0,0,291223,0,65536,46410,0,0,0,0,
402,403,2015,578,11,14,-25,0,7,106,20,1,1,0,0,0,65536,65536,0,0,0,0,0,0,0,0,0,0,0,0,0,0,0,0,0,0,65536,0,0,0,0,
402,403,2015,578,11,14,-25,0,8,203,20,18,18,36,36,0,65536,65536,65536,0,0,0,0,9000,9000,0,0,4500,0,7200000,0,4100040,4100040,7200000,4100040,61573,65536,3228120,3228120,871920,871920,
402,403,2015,578,11,14,-25,0,9,238,12,24,3,0,0,0,8192,8192,65536,0,0,0,150,64800,58620,0,6180,10725,0,97181,10675,0,0,187408,10675,56059,10922,0,0,0,0,
402,403,2015,578,11,14,-25,0,10,239,9,24,0,0,0,0,0,0,0,3,0,1,0,0,0,0,0,0,0,0,0,0,0,0,0,-58357,0,0,0,0,0,
402,403,2015,578,11,14,-25,0,11,242,20,1,1,2,2,0,65536,65536,2981,0,0,0,0,12500,12500,0,0,2500,0,187500,0,179340,179340,187500,179340,-5953,65536,179340,179340,0,0,
402,403,2015,578,11,14,-25,0,12,251,9,24,24,0,0,0,65536,65536,-12058,0,0,0,24000,216960,216960,0,0,13560,126000,1393831,1708128,0,0,2416920,1708128,18768,65536,0,0,0,0,
403,404,2020,578,11,14,-25,0,0,30,9,1,1,0,0,0,65536,65536,65536,0,0,0,7500,9020,9020,0,0,0,0,1370910,25670,0,0,1371030,25670,65536,65536,0,0,0,0,
403,404,2020,578,11,14,-25,0,1,65,9,24,1,0,0,0,2048,2048,0,0,0,0,0,14726,14726,0,0,735,0,1178,0,0,0,5580,0,65536,2048,0,0,0,0,
403,404,2020,578,11,14,-25,0,2,69,9,24,23,0,0,0,62805,62805,0,0,0,0,0,643996,591196,0,52800,0,0,990443,0,0,0,2452042,0,65536,65535,0,0,0,0,
403,404,2020,578,11,14,-25,0,3,79,2,24,1,0,0,0,2048,2048,0,0,0,0,0,3333,3333,0,0,0,0,1599,0,0,0,7597,0,65536,2048,0,0,0,0,
403,404,2020,578,11,14,-25,0,4,90,2,1,1,0,0,0,65536,65536,65536,0,0,0,5000,14775,14775,0,0,0,0,1030234,2000,0,0,1030290,2000,65536,65536,0,0,0,0,
403,404,2020,578,11,14,-25,0,5,98,2,1,1,0,0,0,2048,2048,-11370,0,0,0,156,299,299,0,0,0,0,107,1842,0,0,511,1842,-49738,2048,0,0,0,0,
403,404,2020,578,11,14,-25,0,6,102,8,24,20,0,0,0,54613,54613,0,0,0,0,0,359997,318797,0,41200,24199,0,182779,0,0,0,363018,0,65536,55973,0,0,0,0,
403,404,2020,578,11,14,-25,0,7,106,20,1,1,0,0,0,65536,65536,0,0,0,0,0,0,0,0,0,0,0,0,0,0,0,0,0,0,65536,0,0,0,0,
403,404,2020,578,11,14,-25,0,8,203,20,18,18,36,36,0,65536,65536,65536,0,0,0,0,9000,9000,0,0,4500,0,7200000,0,4100040,4100040,7200000,4100040,61573,65536,3228120,3228120,871920,871920,
403,404,2020,578,11,14,-25,0,9,238,12,24,24,0,0,0,65536,65536,65536,0,0,0,1200,518400,468960,0,49440,85800,0,430951,88083,0,0,1248480,88083,62652,65536,0,0,0,0,
403,404,2020,578,11,14,-25,0,10,239,9,24,0,0,0,0,0,0,0,3,0,1,0,0,0,0,0,0,0,0,0,0,0,0,0,-58575,0,0,0,0,0,
403,404,2020,578,11,14,-25,0,11,242,20,1,1,2,2,0,65536,65536,2981,0,0,0,0,12500,12500,0,0,2500,0,187500,0,179340,179340,187500,179340,-5953,65536,179340,179340,0,0,
403,404,2020,578,11,14,-25,0,12,251,9,24,23,0,0,0,22457,62805,-46468,0,0,0,8223,74344,74344,0,0,4646,43175,175615,603592,0,0,2356125,603592,16789,63434,0,0,0,0,
404,405,2025,578,11,14,-25,0,0,30,9,1,1,0,0,0,65536,65536,65536,0,0,0,7500,9020,9020,0,0,0,0,1370910,25405,0,0,1371030,25405,65536,65536,0,0,0,0,
404,405,2025,578,11,14,-25,0,1,65,9,24,1,0,0,0,2048,2048,0,0,0,0,0,14726,14726,0,0,735,0,1178,0,0,0,5580,0,65536,2048,0,0,0,0,
404,405,2025,578,11,14,-25,0,2,69,9,24,23,0,0,0,62805,62805,0,0,0,0,0,643996,591196,0,52800,0,0,1141179,0,0,0,2489002,0,65536,65535,0,0,0,0,
404,405,2025,578,11,14,-25,0,3,79,2,24,1,0,0,0,2048,2048,0,0,0,0,0,3333,3333,0,0,0,0,1599,0,0,0,7597,0,65536,2048,0,0,0,0,
404,405,2025,578,11,14,-25,0,4,90,2,1,1,0,0,0,65536,65536,65536,0,0,0,5000,14775,14775,0,0,0,0,1156391,2000,0,0,1156450,2000,65536,65536,0,0,0,0,
404,405,2025,578,11,14,-25,0,5,98,2,1,1,0,0,0,2048,2048,-11462,0,0,0,156,299,299,0,0,0,0,107,1856,0,0,511,1856,-49856,2048,0,0,0,0,
404,405,2025,578,11,14,-25,0,6,102,8,24,22,0,0,0,60074,60074,0,0,0,0,0,395995,350675,0,45320,26619,0,167438,0,0,0,402814,0,65536,60754,0,0,0,0,
404,405,2025,578,11,14,-25,0,7,106,20,1,1,0,0,0,65536,65536,0,0,0,0,0,0,0,0,0,0,0,0,0,0,0,0,0,0,65536,0,0,0,0,
404,405,2025,578,11,14,-25,0,8,203,20,18,18,36,36,0,65536,65536,65536,0,0,0,0,9000,9000,0,0,4500,0,7200000,0,4100040,4100040,7200000,4100040,61573,65536,3228120,3228120,871920,871920,
404,405,2025,578,11,14,-25,0,9,238,12,24,3,0,0,0,8192,8192,65536,0,0,0,150,64800,58620,0,6180,10725,0,27819,12358,0,0,194568,12358,57560,10922,0,0,0,0,
404,405,2025,578,11,14,-25,0,10,239,9,24,0,0,0,0,0,0,0,3,0,1,0,0,0,0,0,0,0,0,0,0,0,0,0,-59334,0,0,0,0,0,
404,405,2025,578,11,14,-25,0,11,242,20,1,1,2,2,0,65536,65536,2981,0,0,0,0,12500,12500,0,0,2500,0,187500,0,179340,179340,187500,179340,-5953,65536,179340,179340,0,0,
404,405,2025,578,11,14,-25,0,12,251,9,24,23,0,0,0,39938,62805,-33523,1,0,0,14625,132216,132216,0,0,8263,76785,588595,1204968,0,0,2413110,1204968,8359,64485,0,0,0,0,
405,406,2030,578,11,14,-25,0,0,30,9,1,1,0,0,0,65536,65536,65536,0,0,0,7500,9020,9020,0,0,0,0,1370910,25202,0,0,1371030,25202,65536,65536,0,0,0,0,
405,406,2030,578,11,14,-25,0,1,65,9,24,1,0,0,0,2048,2048,0,0,0,0,0,14726,14726,0,0,735,0,1178,0,0,0,5580,0,65536,2048,0,0,0,0,
405,406,2030,578,11,14,-25,0,2,69,9,24,23,0,0,0,62805,62805,0,0,0,0,0,643996,592296,0,51700,0,0,1210678,0,0,0,2536041,0,65536,65535,0,0,0,0,
405,406,2030,578,11,14,-25,0,3,79,2,24,1,0,0,0,2048,2048,0,0,0,0,0,3333,3333,0,0,0,0,1599,0,0,0,7597,0,65536,2048,0,0,0,0,
405,406,2030,578,11,14,-25,0,4,90,2,1,1,0,0,0,65536,65536,65536,0,0,0,5000,14775,14775,0,0,0,0,1263180,2000,0,0,1263245,2000,65536,65536,0,0,0,0,
405,406,2030,578,11,14,-25,0,5,98,2,1,1,0,0,0,2048,2048,-11285,0,0,0,156,299,299,0,0,0,0,107,1829,0,0,511,1829,-49629,2048,0,0,0,0,
405,406,2030,578,11,14,-25,0,6,102,8,24,21,0,0,0,57344,57344,0,0,0,0,0,378000,334740,0,43260,25410,0,70362,0,0,0,385427,0,65536,58601,0,0,0,0,
405,406,2030,578,11,14,-25,0,7,106,20,1,1,0,0,0,65536,65536,0,0,0,0,0,0,0,0,0,0,0,0,0,0,0,0,0,0,65536,0,0,0,0,
405,406,2030,578,11,14,-25,0,8,203,20,18,18,36,36,0,65536,65536,65536,0,0,0,0,9000,9000,0,0,4500,0,7200000,0,4100040,4100040,7200000,4100040,61573,65536,3228120,3228120,871920,871920,
405,406,2030,578,11,14,-25,0,9,238,12,24,3,0,0,0,8192,8192,60297,0,0,0,150,64800,58620,0,6180,10725,0,25921,13500,0,0,180808,13500,52474,10922,0,0,0,0,
405,406,2030,578,11,14,-25,0,10,239,9,24,0,0,0,0,0,0,0,3,0,1,0,0,0,0,0,0,0,0,0,0,0,0,0,-59859,0,0,0,0,0,
405,406,2030,578,11,14,-25,0,11,242,20,1,1,2,2,0,65536,65536,2981,0,0,0,0,12500,12500,0,0,2500,0,187500,0,179340,179340,187500,179340,-5953,65536,179340,179340,0,0,
405,406,2030,578,11,14,-25,0,12,251,9,24,22,0,0,0,39938,60074,-50092,2,0,0,14625,132216,132216,0,0,8263,76785,310178,1316250,0,0,2275462,1316250,1145,61685,0,0,0,0,
406,407,2035,578,11,14,-25,0,0,30,9,1,1,0,0,0,65536,65536,65536,0,0,0,7500,9020,9020,0,0,0,0,1370910,25387,0,0,1371030,25387,65536,65536,0,0,0,0,
406,407,2035,578,11,14,-25,0,1,65,9,24,1,0,0,0,2048,2048,0,0,0,0,0,14726,14726,0,0,735,0,1178,0,0,0,5580,0,65536,2048,0,0,0,0,
406,407,2035,578,11,14,-25,0,2,69,9,24,23,0,0,0,62805,62805,0,0,0,0,0,643996,616496,0,27500,0,0,1292672,0,0,0,2590520,0,65536,65535,0,0,0,0,
406,407,2035,578,11,14,-25,0,3,79,2,24,1,0,0,0,2048,2048,0,0,0,0,0,3333,3333,0,0,0,0,1599,0,0,0,7597,0,65536,2048,0,0,0,0,
406,407,2035,578,11,14,-25,0,4,90,2,1,1,0,0,0,65536,65536,65536,0,0,0,5000,14775,14775,0,0,0,0,389338,2000,0,0,1263245,2000,65536,65536,0,0,0,0,
406,407,2035,578,11,14,-25,0,5,98,2,1,1,0,0,0,2048,2048,-10885,0,0,0,156,299,299,0,0,0,0,107,1768,0,0,511,1768,-49077,2048,0,0,0,0,
406,407,2035,578,11,14,-25,0,6,102,8,24,18,0,0,0,49152,49152,0,0,0,0,0,324000,286920,0,37080,21780,0,58302,0,0,0,322150,0,65536,50644,0,0,0,0,
406,407,2035,578,11,14,-25,0,7,106,20,1,1,0,0,0,65536,65536,0,0,0,0,0,0,0,0,0,0,0,0,0,0,0,0,0,0,65536,0,0,0,0,
406,407,2035,578,11,14,-25,0,8,203,20,18,18,36,36,0,65536,65536,65536,0,0,0,0,9000,9000,0,0,4500,0,7200000,0,4100040,4100040,7200000,4100040,61573,65536,3228120,3228120,871920,871920,
406,407,2035,578,11,14,-25,0,9,238,12,24,3,0,0,0,8192,8192,56399,0,0,0,150,64800,58620,0,6180,10725,0,25118,13500,0,0,174989,13500,50567,10922,0,0,0,0,
406,407,2035,578,11,14,-25,0,10,239,9,24,0,0,0,0,0,0,0,3,0,1,0,0,0,0,0,0,0,0,0,0,0,0,0,-59859,0,0,0,0,0,
406,407,2035,578,11,14,-25,0,11,242,20,1,1,2,2,0,65536,65536,2981,0,0,0,0,12500,12500,0,0,2500,0,187500,0,179340,179340,187500,179340,-5953,65536,179340,179340,0,0,
406,407,2035,578,11,14,-25,0,12,251,9,24,0,0,0,0,0,0,0,3,0,1,0,0,0,0,0,0,0,0,0,0,0,0,0,-1085,0,0,0,0,0,
407,408,2040,578,11,14,-25,0,0,30,9,1,1,0,0,0,65536,65536,65536,0,0,0,7500,9020,9020,0,0,0,0,1370910,25725,0,0,1371030,25725,65536,65536,0,0,0,0,
407,408,2040,578,11,14,-25,0,1,65,9,24,1,0,0,0,2048,2048,0,0,0,0,0,14726,14726,0,0,735,0,1178,0,0,0,5580,0,65536,2048,0,0,0,0,
407,408,2040,578,11,14,-25,0,2,69,9,24,23,0,0,0,62805,62805,0,0,0,0,0,643996,616496,0,27500,0,0,1381083,0,0,0,2654959,0,65536,65535,0,0,0,0,
407,408,2040,578,11,14,-25,0,3,79,2,24,1,0,0,0,2048,2048,0,0,0,0,0,3333,3333,0,0,0,0,1599,0,0,0,7597,0,65536,2048,0,0,0,0,
407,408,2040,578,11,14,-25,0,4,90,2,1,1,0,0,0,18895,18895,65536,0,0,0,1441,4259,4259,0,0,0,0,69134,576,0,0,328451,576,65536,18895,0,0,0,0,
407,408,2040,578,11,14,-25,0,5,98,2,1,1,0,0,0,2048,2048,-10964,0,0,0,156,299,299,0,0,0,0,107,1780,0,0,511,1780,-49186,2048,0,0,0,0,
407,408,2040,578,11,14,-25,0,6,102,8,24,14,0,0,0,38229,38229,0,0,0,0,0,251997,223157,0,28840,16939,0,44631,0,0,0,246386,0,65536,39391,0,0,0,0,
407,408,2040,578,11,14,-25,0,7,106,20,1,1,0,0,0,65536,65536,0,0,0,0,0,0,0,0,0,0,0,0,0,0,0,0,0,0,65536,0,0,0,0,
407,408,2040,578,11,14,-25,0,8,203,20,18,18,36,36,0,65536,65536,65536,0,0,0,0,9000,9000,0,0,4500,0,7200000,0,4100040,4100040,7200000,4100040,61573,65536,3228120,3228120,871920,871920,
407,408,2040,578,11,14,-25,0,9,238,12,24,3,0,0,0,8192,8192,65536,0,0,0,150,64800,58620,0,6180,10725,0,24557,12174,0,0,170889,12174,49892,10922,0,0,0,0,
407,408,2040,578,11,14,-25,0,10,239,9,24,0,0,0,0,0,0,0,3,0,1,0,0,0,0,0,0,0,0,0,0,0,0,0,-59241,0,0,0,0,0,
407,408,2040,578,11,14,-25,0,11,242,20,1,1,2,2,0,65536,65536,2981,0,0,0,0,12500,12500,0,0,2500,0,187500,0,179340,179340,187500,179340,-5953,65536,179340,179340,0,0,
407,408,2040,578,11,14,-25,0,12,251,9,24,0,0,0,0,0,0,0,3,1,1,0,0,0,0,0,0,0,0,0,0,0,0,0,6412,0,0,0,0,0,
408,409,2045,578,11,14,-25,0,0,30,9,1,1,0,0,0,65536,65536,65536,0,0,0,7500,9020,9020,0,0,0,0,1370910,26092,0,0,1371030,26092,65536,65536,0,0,0,0,
408,409,2045,578,11,14,-25,0,1,65,9,24,1,0,0,0,2048,2048,0,0,0,0,0,14726,14726,0,0,735,0,1178,0,0,0,5580,0,65536,2048,0,0,0,0,
408,409,2045,578,11,14,-25,0,2,69,9,24,23,0,0,0,62805,62805,0,0,0,0,0,643996,590096,0,53900,0,0,1264021,0,0,0,2699358,0,65536,65535,0,0,0,0,
408,409,2045,578,11,14,-25,0,3,79,2,24,1,0,0,0,2048,2048,0,0,0,0,0,3333,3333,0,0,0,0,1599,0,0,0,7597,0,65536,2048,0,0,0,0,
408,409,2045,578,11,14,-25,0,4,90,2,1,1,0,0,0,2048,2048,65536,0,0,0,156,461,461,0,0,0,0,31163,62,0,0,31265,62,65536,2048,0,0,0,0,
408,409,2045,578,11,14,-25,0,5,98,2,1,1,0,0,0,2048,2048,-11822,0,0,0,156,299,299,0,0,0,0,107,1911,0,0,511,1911,-50309,2048,0,0,0,0,
408,409,2045,578,11,14,-25,0,6,102,8,24,11,0,0,0,30037,30037,0,0,0,0,0,197997,175337,0,22660,13309,0,35067,0,0,0,190767,0,65536,30499,0,0,0,0,
408,409,2045,578,11,14,-25,0,7,106,20,1,1,0,0,0,65536,65536,0,0,0,0,0,0,0,0,0,0,0,0,0,0,0,0,0,0,65536,0,0,0,0,
408,409,2045,578,11,14,-25,0,8,203,20,18,18,36,36,0,65536,65536,65536,0,0,0,0,9000,9000,0,0,4500,0,7200000,0,4100040,4100040,7200000,4100040,61573,65536,3228120,3228120,871920,871920,
408,409,2045,578,11,14,-25,0,9,238,12,24,3,0,0,0,8192,8192,65536,0,0,0,150,64800,58620,0,6180,10725,0,53855,10692,0,0,171349,10692,50790,10922,0,0,0,0,
408,409,2045,578,11,14,-25,0,10,239,9,24,0,0,0,0,0,0,0,3,0,1,0,0,0,0,0,0,0,0,0,0,0,0,0,-58368,0,0,0,0,0,
408,409,2045,578,11,14,-25,0,11,242,20,1,1,2,2,0,65536,65536,2981,0,0,0,0,12500,12500,0,0,2500,0,187500,0,179340,179340,187500,179340,-5953,65536,179340,179340,0,0,
408,409,2045,578,11,14,-25,0,12,251,9,24,24,0,0,0,65536,65536,-7296,0,0,0,24000,216960,216960,0,0,13560,126000,1520287,1710744,0,0,2525520,1710744,22422,65536,0,0,0,0,
