Godot Engine v4.6.2.stable.official.71f334935 - https://godotengine.org

=== native building runtime test ===
  [PASS] building catalog compiles
  [PASS] coal mine type exists
  [PASS] role-rebuild country bootstraps
  [PASS] role-rebuild runtime configures
  [PASS] role-rebuild fixture bootstraps
  [PASS] role-rebuild expansion queues
  [PASS] same-key construction uses the count-only topology fast path
  [PASS] construction rebuild preserves incumbent employee fill
  [PASS] role-rebuild expansion conserves every ledger
  [PASS] zero-resource country bootstraps
  [PASS] zero-resource runtime configures
  [PASS] zero-resource fixture bootstraps
  [PASS] zero natural resource preserves assets, owner positions, and releases employees
  [PASS] zero-resource cycle conserves every ledger
  [PASS] owner-position country bootstraps
  [PASS] owner-position runtime configures
  [PASS] owner-position fixture bootstraps
  [PASS] ACTIVE owner positions stay at physical capacity while output scales
  [PASS] projected building income uses retained owners and includes retained livelihood
  [PASS] multi-building owner opportunity quote scales output and in-kind value
  [PASS] owner-position employment conserves every ledger
  [PASS] positive self-employment does not oscillate through suspension
  [PASS] birth-employment country bootstraps
  [PASS] birth-employment runtime configures
  [PASS] birth-employment fixture bootstraps
  [PASS] birth structural commit creates one unemployed cohort member
  [PASS] newborn does not fill the active owner opening in the same period
  [PASS] phase-order country bootstraps
  [PASS] phase-order runtime configures
  [PASS] phase-order population and plant bootstrap
  [PASS] phase-order cycle conserves all ledgers
  [PASS] zero-cash employees spend same-cycle wage income
  [PASS] same-cycle produced food is sold before household clearing
  [PASS] cost-floor country bootstraps
  [PASS] cost-floor runtime configures
  [PASS] cost-floor plant bootstraps
  [PASS] scarce output remains below its target inventory
  [PASS] scarce output price rises to the rate-limited producer cost floor
  [PASS] retention-cap country bootstraps
  [PASS] retention-cap runtime configures
  [PASS] retention-cap settlement bootstraps
  [PASS] survival retention is positive but capped below production
  [PASS] consumed retained output offsets livelihood without minting cash
  [PASS] retention-cap output reconciles sale, retention, and discard
  [PASS] retention-cap cycle conserves every ledger
  [PASS] survival-food production keeps the subsistence probe floor
  [PASS] rounding-tolerance cycle conserves every ledger
  [PASS] multi-food retention country bootstraps
  [PASS] multi-food retention runtime configures
  [PASS] multi-food retention settlement bootstraps
  [PASS] produce output remains retained beside a staple output
  [PASS] multi-food retention cycle conserves every ledger
  [PASS] flow-replacement country bootstraps
  [PASS] flow-replacement runtime configures
  [PASS] flow-replacement settlement bootstraps
  [PASS] flow-replacement stock band is scheduled
  [PASS] survival producer is paid while opening stock is above target
  [PASS] flow-replacement procurement conserves every ledger
  [PASS] open-access CPUE country bootstraps
  [PASS] open-access CPUE runtime configures
  [PASS] open-access CPUE fixture bootstraps
  [PASS] open-access CPUE country bootstraps
  [PASS] open-access CPUE runtime configures
  [PASS] open-access CPUE fixture bootstraps
  [PASS] open-access CPUE falls continuously with renewable stock density
  [PASS] renewable-budget country bootstraps
  [PASS] renewable-budget runtime configures
  [PASS] renewable-budget fixture bootstraps
  [PASS] renewable extractors share the five-day safe-harvest budget
  [PASS] hunter-subsistence country bootstraps
  [PASS] hunter-subsistence runtime configures
  [PASS] hunter-subsistence settlement bootstraps
SCRIPT ERROR: Invalid access to property or key 'working_capital_allocated' on a base object of type 'Dictionary'.
   at: _test_hunter_subsistence_and_working_capital (res://tests/building_runtime_test.gd:3860)
   GDScript backtrace (most recent call first):
       [0] _test_hunter_subsistence_and_working_capital (res://tests/building_runtime_test.gd:3860)
       [1] _run (res://tests/building_runtime_test.gd:70)
       [2] _init (res://tests/building_runtime_test.gd:9)
  [PASS] household-stock recovery country bootstraps
  [PASS] household-stock recovery runtime configures
  [PASS] household-stock recovery settlement bootstraps
  [PASS] non-survival hearth cannot reserve staple food ahead of households
  [PASS] household-stock recovery drain queues
  [PASS] one-unit raw stock does not block shortage recovery
  [PASS] business-demand recovery country bootstraps
  [PASS] business-demand recovery runtime configures
  [PASS] business-demand recovery fixture bootstraps
M7_BUSINESS { "util": 0, "business": 179, "stock": 5785, "intent": [0, 32768], "owners": [1, 3], "output": [0, 207] }
  [PASS] business-only tool demand remains visible to production planning
  [FAIL] business shortage keeps knapping above the industrial probe floor
  [PASS] business-demand recovery cycles conserve every ledger
  [PASS] shortage-propagation country bootstraps
  [PASS] shortage-propagation runtime configures
  [PASS] shortage-propagation fixture bootstraps
  [PASS] missing input keeps a bounded purchase intent
  [PASS] missing input publishes unfunded upstream demand
  [PASS] upstream demand reaches the business-demand EMA
  [PASS] flint quarry receives a production opportunity
  [PASS] flint stock recovers without synthetic goods
  [PASS] knapping eventually resumes after flint recovery
  [PASS] shortage-propagation cycles conserve every ledger
  [PASS] leontief-derived country bootstraps
  [PASS] leontief-derived runtime configures
  [PASS] leontief-derived fixture bootstraps
  [FAIL] vacant knapping remains unstaffed in derived-demand fixture
  [PASS] tool shortage derives flint shadow demand without knapping sales
  [FAIL] derived flint demand lifts flint price over cold-start cycles
  [PASS] leontief-derived cycles conserve every ledger
  [PASS] derived demand diagnostics are published
  [PASS] input-reserve country bootstraps
  [PASS] input-reserve runtime configures
  [PASS] input-reserve settlement bootstraps
  [PASS] tool stock protects the complete next-period hunting input
  [PASS] reserved tools start the next hunting period
  [PASS] input-reserve cycles conserve every ledger
  [PASS] soft-input country bootstraps 184
  [PASS] soft-input runtime configures 184
  [PASS] soft-input settlement bootstraps 184
  [PASS] soft-input country bootstraps 185
  [PASS] soft-input runtime configures 185
  [PASS] soft-input settlement bootstraps 185
  [PASS] soft hunting input keeps partial output without tools
  [PASS] soft hunting input still rewards available tools
  [PASS] soft-input shortage cycles conserve every ledger
  [PASS] producer-support country bootstraps
  [PASS] producer-support runtime configures
  [PASS] producer-support settlement bootstraps
  [PASS] producer-support trace target registers
  [PASS] zero-cash merchant spends nothing on producer output
  [PASS] bounded support accepts its quota and explicitly reports the remainder
  [PASS] support issuance uses exactly twenty percent of frozen retail value
  [PASS] support issuance is a distinct producer cashflow
  [PASS] support issuance is explicitly audited
  [PASS] cycle-flow clearing country bootstraps
  [PASS] cycle-flow clearing runtime configures
  [PASS] cycle-flow clearing settlement bootstraps
  [PASS] cycle-flow output receives low-price clearing before discard
  [PASS] cycle-flow clearing still discards transient stock at boundary
  [PASS] cycle-flow support cycle conserves every ledger
  [PASS] construction-shortage country bootstraps
  [PASS] construction-shortage runtime configures
  [PASS] construction-shortage settlement bootstraps
  [PASS] construction-shortage build command queues
  [PASS] construction shortage rejects the build command
  [PASS] rejected construction does not pollute business demand EMA
  [PASS] rejected construction preserves every ledger
  [PASS] owner-reconcile country bootstraps
  [PASS] owner-reconcile runtime configures
  [PASS] owner-reconcile fixture bootstraps
  [PASS] owner-reconcile artisan handle exists
  [PASS] owner-reconcile population loss queues
  [PASS] owner snapshot separates capacity, planned jobs, and openings
  [PASS] shared owner signature fill reconciles to cohort employment
  [PASS] released owner target hires from the unemployed pool
  [PASS] owner reconciliation conserves every ledger
  [PASS] last-demolition country bootstraps
  [PASS] last-demolition runtime configures
  [PASS] last-demolition fixture bootstraps
  [PASS] last-demolition mine initially employs miners
  [PASS] last-demolition command queues
  [PASS] last demolition removes the final building group
  [PASS] idle professions migrate into the unemployed cohort
  [PASS] last-demolition reconciliation conserves every ledger
  [PASS] non-due construction country bootstraps
  [PASS] non-due construction runtime configures
  [PASS] non-due construction fixture bootstraps
  [PASS] non-due construction command queues
  [PASS] non-due employment metrics atomically add the first cell contribution
  [PASS] non-due construction conserves every ledger
  [PASS] owner-job mobility country bootstraps
  [PASS] owner-job mobility runtime configures
  [PASS] owner-job mobility fixture bootstraps
M7_DERIVED_OWNER { "income": [0, 328697949], "opportunity": [32687, -9829], "filled": [0, 1], "pop": [1, 1], "signatures": [26, 3] }
  [PASS] higher owner income attracts the final low-income ACTIVE owner
  [PASS] cross-profession owner movement transfers population and funds proportionally
  [PASS] income-driven owner movement restores target production
  [PASS] owner-job mobility conserves every ledger
  [PASS] employee-owner mobility country bootstraps
  [PASS] employee-owner mobility runtime configures
  [PASS] employee-owner mobility fixture bootstraps
  employee-owner debug={ "gathering_income": 0, "gathering_filled": 0, "timber_filled": 2, "gathering_sold": 2140, "gathering_output": 14500, "realloc": 1, "profession_changes": 1 }
  [FAIL] higher food owner income attracts an incumbent mining employee
  [PASS] employee-owner mobility retains the final merchant and produces food
  [PASS] employee-owner mobility conserves every ledger
  [PASS] job-to-job country bootstraps
  [PASS] job-to-job runtime configures
  [PASS] job-to-job fixture bootstraps
  [PASS] zero-unemployment employee moves to higher collectible pay
  [PASS] unfunded new good cannot advertise its nominal contract
  [PASS] job-to-job transition conserves every ledger
  [PASS] merchant mobility country bootstraps
  [PASS] merchant mobility runtime configures
  [PASS] merchant mobility fixture bootstraps
  [PASS] surplus merchant changes profession while final merchant is retained
  [PASS] same-profession mobility country bootstraps
  [PASS] same-profession mobility runtime configures
  [PASS] same-profession mobility fixture bootstraps
  [PASS] same-profession owner movement only reallocates group fill
  [PASS] same-profession owner movement conserves every ledger
  [PASS] owner-job probability country bootstraps
  [PASS] owner-job probability runtime configures
  [PASS] owner-job probability fixture bootstraps
  probability fixture=[47847, 0]/[1, 0]/0/0
  [PASS] lower-income vacancy does not attract an incumbent owner
  [PASS] unemployed-first mobility country bootstraps
  [PASS] unemployed-first mobility runtime configures
  [PASS] unemployed-first mobility fixture bootstraps
  [PASS] unemployed owner hiring precedes ACTIVE owner attraction
  [PASS] unemployed-first owner hiring conserves every ledger
  [PASS] understaffed-raid country bootstraps
  [PASS] understaffed-raid runtime configures
  [PASS] understaffed-raid fixture bootstraps
M7_THRASH { "continued": 2, "filled": [0, 2, 0], "income": [0, 0, 0], "opportunity": [87357180, 160857227, 71845022] }
  [FAIL] understaffed owner lots do not thrash on a small opportunity gap
  [PASS] understaffed-raid conserves every ledger
  [PASS] understaffed-flow country bootstraps
  [PASS] understaffed-flow runtime configures
  [PASS] understaffed-flow fixture bootstraps
  [PASS] understaffed labor concentrates on the higher-opportunity lot
  [PASS] understaffed-flow conserves every ledger
  [PASS] unemployment-subsidy country configures
  [PASS] unemployment-subsidy country bootstraps
  [PASS] unemployment-subsidy policy commits
  [PASS] unemployment-subsidy economy configures
  [PASS] unemployment-subsidy fixture bootstraps
M7_SUBSIDY { "paid": 52200, "owner": 0, "unemployed": 1, "opportunity": 17516, "money": 0, "pop": 0, "goods": 0, "fiscal": { "ok": true, "country_handle": 4294967296, "sample_day": 0, "tax_policy_version": 1, "tax_kinds": ["income", "consumption", "business", "import", "export"], "tax_base": [52200, 0, 0, 0, 0], "assessed": [0, 0, 0, 0, 0], "collected": [0, 0, 0, 0, 0], "subsidy_requested": [52200, 0, 0, 0, 0], "subsidy_reserved": [52200, 0, 0, 0, 0], "subsidy_paid": [52200, 0, 0, 0, 0], "subsidy_unmet": [0, 0, 0, 0, 0], "fulfillment_q16": [65536, 0, 0, 0, 0], "cumulative_tax_base": [52200, 0, 0, 0, 0], "cumulative_collected": [0, 0, 0, 0, 0], "cumulative_subsidy_requested": [52200, 0, 0, 0, 0], "cumulative_subsidy_paid": [52200, 0, 0, 0, 0], "tariff_event_counts": [0, 0, 0, 0, 0], "tariff_events": 0, "tariffs_active": false }, "reserve_requested": 52200, "reserve_reserved": 52200 }
  [PASS] funded unemployment subsidy is job reservation income
  [PASS] funded unemployment subsidy remains a fiscal transfer
  [PASS] owner-investment country bootstraps
  [PASS] owner-investment runtime configures
  [PASS] owner-investment settlement bootstraps
  [PASS] owner-investment diagnostic trace registers
M7_OPENING { "report": { "starts": 0, "candidates": 0, "mobility": 0 }, "artisan": 1, "snapshot": { "cell_idx": 0, "committed": true, "busy": false, "snapshot_source": "rolling_committed", "ok": true, "state_day": 0, "age_days": 0, "settlement_generation": 1, "epoch_id": 1, "period_days": 5, "building_type_ids": ["adobe_yard", "advanced_chip_fab", "agricultural_machinery_plant", "aluminum_plant", "atmospheric_engine_workshop", "automated_farm", "automobiles_plant", "autonomous_systems_plant", "bakery", "bark_paper_workshop", "basic_electrical_equipment_works", "basic_semiconductor_fab", "bast_fiber_camp", "bast_wrap_shelter", "batteries_plant", "bauxite_collector", "beverages_plant", "bloomery", "bread_plant", "brewery", "bricks_plant", "brine_boiling_hearth", "brine_gathering_basin", "bronze_tool_workshop", "bunded_rice_field", "cabinetmaker_workshop", "cadastral_office", "canned_fish_plant", "canning_workshop", "cement_plant", "charcoal_pit", "chartered_university", "classical_academy", "classical_glass_kiln", "classical_masonry_yard", "classical_public_works", "classical_scriptorium", "classical_silica_pit", "clay_collector", "cloth_plant", "clothing_plant", "coal_adit", "coal_mine", "cobbler_shop", "coke_ovens", "communal_hearth", "composting_yard", "computers_plant", "computing_research_center", "concrete_plant", "construction_components_plant", "copper_ore_collector", "copper_plant", "copper_tool_workshop", "cottage_weaving", "cotton_collector", "cotton_garden", "cotton_ginning_shelter", "cotton_smallholding", "court_tailor", "creamery", "dairy_products_plant", "deadwood_gathering_camp", "detergent_plant", "digital_computer_workshop", "distillery", "dryland_wheat_field", "early_clay_pit", "early_copper_mine", "early_copper_smelter", "early_iron_mine", "early_knowledge_institution", "early_merchant_post", "early_oil_well", "early_tin_mine", "early_tin_smelter", "earth_digging_pit", "edible_oil_plant", "electric_motor_plant", "electrical_equipment_plant", "electricity_plant", "electrochemical_works", "electronic_components_plant", "engines_plant", "estate_paddy", "explosives_plant", "felt_making_tent", "fertile_soil_collector", "fertilizer_plant", "fine_clothing_plant", "fine_furniture_plant", "fired_brick_kiln", "flax_collector", "flax_retting_pit", "flint_quarry", "flood_calendar_shrine", "floodplain_maize_plot", "floodplain_wheat_plot", "footwear_plant", "freshwater_fishing_camp", "fur_sewing_shelter", "furniture_plant", "gas_power_plant", "gathering_ground", "geospatial_analysis_center", "glass_plant", "glassware_factory", "glassware_manufactory", "glassware_workshop", "gold_mine", "goldsmith_workshop", "guild_hall", "guild_weaving_house", "hide_scraping_shelter", "highland_tuber_plot", "horse_breeder", "horse_breeding_camp", "household_appliances_plant", "household_flax_plot", "household_loom", "household_tuber_garden", "household_weaving_shelter", "hydropower_station", "improved_domestic_loom", "improved_smallholding", "industrial_chemicals_plant", "industrial_machinery_plant", "industrial_research_laboratory", "industrial_salt_mine", "insulated_cable_plant", "intensive_farm", "iron_ore_collector", "iron_tool_workshop", "jewelry_plant", "knapping_workshop", "landed_estate", "latex_smoking_shelter", "lead_ore_collector", "lead_plant", "learned_society", "leather_goods_factory", "leather_goods_manufactory", "leather_goods_workshop", "leather_plant", "lime_plant", "limestone_collector", "lorekeeper_circle", "lubricants_plant", "lumber_plant", "machine_intelligence_institute", "machine_parts_plant", "maize_garden", "manganese_ore_collector", "manorial_pasture", "marine_fish_collector", "mechanized_cotton_gin", "mechanized_farm", "mechanized_slaughterhouse", "medicinal_herb_estate", "medicinal_herb_garden", "medicinal_herbs_collector", "merchant_post", "metal_housewares_factory", "metal_housewares_manufactory", "metal_housewares_workshop", "method_agricultural_machinery_plant_r9", "method_aluminum_plant_r10", "method_automated_port", "method_automobiles_plant_r10", "method_autonomous_forestry", "method_autonomous_shipping", "method_batteries_plant_r10", "method_bauxite_collector_r9", "method_bricks_plant_r6", "method_cement_plant_r9", "method_coke_ovens_r9", "method_concrete_plant_r9", "method_cotton_collector_r10", "method_cotton_collector_r6", "method_cotton_collector_r8", "method_detergent_plant_r10", "method_edible_oil_plant_r6", "method_electric_motor_plant_r10", "method_electronic_components_plant_r10", "method_engines_plant_r10", "method_explosives_plant_r10", "method_explosives_plant_r8", "method_flax_collector_r10", "method_flax_collector_r3", "method_flax_collector_r5", "method_flax_collector_r6", "method_flax_collector_r8", "method_flint_quarry_r1", "method_forest_remote_sensing", "method_gathering_ground_r1", "method_highland_precision_agriculture", "method_household_appliances_plant_r10", "method_industrial_machinery_plant_r9", "method_insulated_cable_plant_r10", "method_landed_estate_r6", "method_lead_ore_collector_r9", "method_lead_plant_r9", "method_lime_plant_r6", "method_limestone_collector_r6", "method_lubricants_plant_r9", "method_lumber_plant_r2", "method_lumber_plant_r4", "method_lumber_plant_r6", "method_machine_parts_plant_r9", "method_maize_farm_r10", "method_maize_farm_r8", "method_manganese_ore_collector_r10", "method_marine_fish_collector_r2", "method_marine_fish_collector_r4", "method_medicinal_herbs_collector_r10", "method_medicinal_herbs_collector_r7", "method_medicinal_herbs_collector_r8", "method_natural_gas_collector_r10", "method_nuclear_fuel_plant_r10", "method_oceanic_shipyard_r7", "method_packaging_plant_r7", "method_petrochemicals_plant_r10", "method_phosphate_rock_collector_r9", "method_plastics_plant_r10", "method_potato_collector_r6", "method_potato_farm_r10", "method_potato_farm_r5", "method_potato_farm_r8", "method_pottery_kiln_r3", "method_precision_tool_workshop_r10", "method_precision_tool_workshop_r8", "method_printed_materials_plant_r7", "method_radio_equipment_works_r10", "method_rare_earth_collector_r10", "method_rare_earth_metals_plant_r10", "method_reactor_component_works_r10", "method_refined_fuel_plant_r10", "method_rice_collector_r10", "method_rice_collector_r3", "method_rice_collector_r5", "method_rice_collector_r6", "method_rice_collector_r8", "method_rubber_tree_collector_r10", "method_rubber_tree_collector_r6", "method_rubber_tree_collector_r8", "method_saltpeter_collector_r10", "method_saltpeter_collector_r8", "method_scientific_instrument_works_r10", "method_scientific_instrument_works_r8", "method_smart_husbandry", "method_soap_plant_r6", "method_specialty_commodity_plantation", "method_spice_plants_collector_r10", "method_spice_plants_collector_r6", "method_spice_plants_collector_r8", "method_stainless_steel_plant_r10", "method_steam_engine_works_r9", "method_steam_shipping", "method_stone_age_hunting_camp_r4", "method_stone_collector_r2", "method_stone_collector_r4", "method_sulfur_collector_r10", "method_sulfur_collector_r8", "method_synthetic_fiber_plant_r10", "method_synthetic_rubber_plant_r10", "method_timber_collector_r2", "method_timber_collector_r4", "method_wheat_farm_r10", "method_wheat_farm_r3", "method_wheat_farm_r5", "method_wheat_farm_r6", "method_wheat_farm_r8", "method_wire_plant_r10", "method_wool_shed_r3", "method_wool_shed_r5", "method_zinc_ore_collector_r9", "method_zinc_plant_r9", "monastic_scriptorium", "movable_type_print_shop", "national_laboratory", "natural_copper_workshop", "natural_gas_collector", "nuclear_fuel_plant", "nuclear_medicine_center", "nuclear_power_plant", "oceanic_shipyard", "oil_collector", "oil_power_plant", "open_pottery_hearth", "oral_memory_circle", "ore_bronzesmith_camp", "packaging_plant", "paper_plant", "parchment_workshop", "pastoral_camp", "pastoral_council_tent", "petrochemicals_plant", "pharmaceuticals_plant", "phosphate_rock_collector", "placer_gold_working", "plant_fiber_paper_workshop", "plastics_plant", "polytechnic_institute", "potato_collector", "potato_estate", "pottery_kiln", "precision_farm", "precision_tool_workshop", "primitive_clay_pit", "primitive_gold_sluice", "printed_materials_plant", "printing_academy", "processed_food_plant", "radio_equipment_works", "rag_paper_workshop", "railway_equipment_plant", "rainfed_maize_field", "rainfed_wheat_plot", "ranching_station", "rare_earth_collector", "rare_earth_metals_plant", "reactor_component_works", "reed_cutting_camp", "refined_fuel_plant", "rice_collector", "rubber_tapping_camp", "rubber_tree_collector", "rubble_stone_working", "salt_collector", "saltpeter_collector", "scientific_instrument_works", "scribal_school", "seasonal_observation_shelter", "semiconductors_plant", "shallow_silver_working", "sharecrop_paddy", "silica_sand_collector", "silver_mine", "slaughterhouse", "small_game_trapline", "smart_glassware_factory", "smart_leather_goods_factory", "smart_metal_housewares_factory", "smart_water_network", "soap_plant", "solar_salt_pan", "spice_commercial_plantation", "spice_managed_garden", "spice_plants_collector", "spice_shade_garden", "stainless_steel_plant", "staple_food_plant", "staple_kitchen", "steam_coal_mine", "steam_engine_works", "steam_iron_mine", "steam_rail_works", "steam_steel_works", "steel_plant", "stone_age_hunting_camp", "stone_collector", "subsistence_farm", "sulfur_collector", "surface_coal_gathering", "surface_silver_working", "swidden_maize_plot", "synthetic_fiber_plant", "synthetic_rubber_plant", "synthetic_textile_mill", "tailor_shop", "tannery", "telecom_equipment_plant", "tenant_paddy", "tenant_potato_field", "tenant_rainfed_maize_field", "tenant_rainfed_wheat_field", "textile_mill", "three_field_smallholding", "tide_observation_hut", "timber_collector", "tin_ore_collector", "tin_plant", "tools_plant", "turf_cutting_ground", "upland_rice_plot", "watershed_governance_center", "wetland_rice_garden", "wheat_farm", "wild_cotton_stand", "wild_maize_stand", "wild_medicinal_herb_patch", "wild_rice_marsh", "wild_spice_grove", "wild_tuber_patch", "wild_wheat_stand", "wire_plant", "woodblock_printing_house", "wool_shed", "zinc_ore_collector", "zinc_plant"], "building_counts_by_type": [0, 0, 0, 0, 0, 0, 0, 0, 0, 0, 0, 0, 0, 0, 0, 0, 0, 0, 0, 0, 0, 0, 0, 0, 0, 0, 0, 0, 0, 0, 0, 0, 0, 0, 0, 0, 0, 0, 0, 0, 0, 0, 0, 0, 0, 0, 0, 0, 0, 0, 0, 0, 0, 0, 0, 0, 0, 0, 0, 0, 0, 0, 0, 0, 0, 0, 0, 0, 0, 0, 0, 0, 0, 0, 0, 0, 0, 0, 0, 0, 0, 0, 0, 0, 0, 0, 0, 0, 0, 0, 0, 0, 0, 0, 0, 0, 0, 0, 0, 0, 0, 0, 0, 0, 0, 0, 0, 0, 0, 0, 0, 0, 0, 0, 0, 0, 0, 0, 0, 0, 0, 0, 0, 0, 0, 0, 0, 0, 0, 0, 0, 0, 0, 0, 2, 0, 0, 0, 0, 0, 0, 0, 0, 0, 0, 0, 0, 0, 0, 0, 0, 0, 0, 0, 0, 0, 0, 0, 0, 0, 0, 0, 0, 0, 0, 0, 0, 0, 0, 0, 0, 0, 0, 0, 0, 0, 0, 0, 0, 0, 0, 0, 0, 0, 0, 0, 0, 0, 0, 0, 0, 0, 0, 0, 0, 0, 0, 0, 0, 0, 0, 0, 0, 0, 0, 0, 0, 0, 0, 0, 0, 0, 0, 0, 0, 0, 0, 0, 0, 0, 0, 0, 0, 0, 0, 0, 0, 0, 0, 0, 0, 0, 0, 0, 0, 0, 0, 0, 0, 0, 0, 0, 0, 0, 0, 0, 0, 0, 0, 0, 0, 0, 0, 0, 0, 0, 0, 0, 0, 0, 0, 0, 0, 0, 0, 0, 0, 0, 0, 0, 0, 0, 0, 0, 0, 0, 0, 0, 0, 0, 0, 0, 0, 0, 0, 0, 0, 0, 0, 0, 0, 0, 0, 0, 0, 0, 0, 0, 0, 0, 0, 0, 0, 0, 0, 0, 0, 0, 0, 0, 0, 0, 0, 0, 0, 0, 0, 0, 0, 0, 0, 0, 0, 0, 0, 0, 0, 0, 0, 0, 0, 0, 0, 0, 0, 0, 0, 0, 0, 0, 0, 0, 0, 0, 0, 0, 0, 0, 0, 0, 0, 0, 0, 0, 0, 0, 0, 0, 0, 10, 0, 0, 0, 0, 0, 0, 0, 0, 0, 0, 0, 0, 0, 0, 0, 0, 0, 0, 0, 3, 0, 0, 0, 0, 0, 0, 0, 0, 0, 0, 0, 0, 0, 0, 0, 0, 0, 0, 0, 0], "wage_per_employee_per_day_by_type": [0, 5000, 0, 0, 4600, 0, 0, 5000, 0, 0, 5000, 5000, 0, 0, 0, 0, 0, 0, 0, 0, 0, 9000, 0, 11936, 0, 0, 0, 0, 0, 0, 0, 0, 0, 11936, 11936, 11936, 11936, 11936, 0, 0, 0, 0, 0, 0, 5000, 0, 0, 0, 0, 0, 0, 0, 0, 11936, 0, 0, 0, 9000, 0, 0, 0, 0, 0, 0, 5000, 0, 0, 11936, 11936, 11936, 0, 0, 0, 0, 11936, 11936, 0, 0, 0, 0, 0, 0, 0, 0, 0, 0, 0, 0, 0, 0, 0, 0, 0, 0, 0, 0, 0, 0, 0, 0, 0, 0, 0, 0, 0, 0, 0, 0, 0, 0, 0, 1000, 0, 0, 0, 0, 0, 0, 0, 0, 0, 0, 0, 0, 0, 0, 0, 0, 0, 5000, 0, 0, 0, 0, 0, 0, 0, 0, 0, 0, 0, 0, 0, 0, 0, 0, 0, 0, 0, 0, 0, 0, 0, 0, 0, 15000, 0, 0, 0, 0, 0, 0, 0, 0, 0, 0, 0, 0, 0, 0, 0, 0, 0, 0, 0, 0, 0, 0, 0, 0, 0, 0, 0, 0, 0, 0, 0, 0, 0, 0, 0, 0, 0, 0, 0, 0, 0, 0, 0, 0, 0, 0, 0, 0, 0, 0, 0, 0, 0, 0, 0, 0, 0, 0, 0, 0, 0, 0, 0, 0, 0, 0, 0, 0, 0, 0, 0, 0, 0, 0, 0, 0, 0, 0, 0, 0, 0, 0, 0, 0, 0, 0, 0, 0, 0, 0, 0, 0, 0, 0, 0, 0, 0, 0, 0, 0, 0, 0, 0, 0, 0, 0, 0, 0, 0, 0, 0, 0, 0, 0, 0, 0, 0, 0, 0, 0, 0, 1000, 0, 0, 0, 0, 0, 5000, 0, 16222, 0, 0, 0, 0, 9000, 0, 0, 0, 0, 0, 0, 0, 0, 0, 0, 0, 0, 0, 0, 11936, 0, 16222, 0, 0, 0, 0, 0, 5000, 0, 0, 0, 0, 0, 0, 0, 5000, 0, 0, 0, 0, 0, 0, 0, 0, 5000, 0, 0, 0, 0, 0, 0, 0, 0, 0, 0, 0, 0, 0, 0, 0, 0, 0, 0, 0, 0, 0, 0, 5000, 5000, 5000, 5000, 5000, 0, 0, 0, 0, 0, 0, 0, 0, 0, 0, 0, 0, 0, 0, 0, 0, 0, 0, 0, 0, 0, 0, 0, 0, 0, 0, 0, 0, 0, 0, 0, 0, 0, 0, 0, 0, 0, 0, 0, 0, 0, 0], "target_operating_margin_q16_by_type": [9830, 9830, 9830, 9830, 9830, 6554, 9830, 9830, 9830, 9830, 9830, 9830, 9830, 9830, 9830, 6554, 9830, 9830, 9830, 9830, 9830, 9830, 9830, 9830, 9830, 13107, 9830, 9830, 9830, 9830, 9830, 9830, 9830, 9830, 9830, 9830, 9830, 9830, 6554, 9830, 9830, 9830, 6554, 9830, 9830, 9830, 9830, 9830, 9830, 9830, 9830, 6554, 9830, 9830, 6554, 6554, 9830, 9830, 9830, 13107, 9830, 9830, 9830, 9830, 9830, 9830, 9830, 9830, 9830, 9830, 6554, 9830, 9830, 6554, 9830, 9830, 9830, 9830, 9830, 9830, 5243, 9830, 9830, 9830, 9830, 9830, 9830, 6554, 9830, 13107, 13107, 9830, 6554, 9830, 9830, 9830, 9830, 9830, 9830, 6554, 9830, 9830, 5243, 6554, 9830, 9830, 9830, 9830, 9830, 6554, 13107, 9830, 9830, 9830, 9830, 6554, 6554, 9830, 9830, 6554, 9830, 6554, 5243, 6554, 6554, 9830, 9830, 9830, 6554, 9830, 6554, 6554, 9830, 13107, 9830, 6554, 9830, 6554, 9830, 9830, 9830, 9830, 9830, 9830, 9830, 6554, 9830, 9830, 9830, 9830, 9830, 9830, 6554, 6554, 6554, 9830, 6554, 9830, 6554, 9830, 6554, 9830, 9830, 9830, 9830, 9830, 9830, 6554, 9830, 6554, 6554, 9830, 6554, 9830, 9830, 9830, 9830, 6554, 6554, 6554, 9830, 9830, 9830, 9830, 9830, 9830, 9830, 6554, 6554, 6554, 6554, 6554, 6554, 6554, 6554, 6554, 9830, 9830, 9830, 6554, 6554, 9830, 9830, 6554, 9830, 9830, 9830, 9830, 9830, 6554, 6554, 6554, 6554, 6554, 6554, 6554, 6554, 6554, 9830, 9830, 9830, 9830, 6554, 9830, 6554, 6554, 6554, 6554, 9830, 9830, 9830, 9830, 9830, 6554, 9830, 9830, 9830, 6554, 6554, 6554, 6554, 6554, 6554, 6554, 6554, 6554, 6554, 9830, 9830, 6554, 9830, 6554, 6554, 6554, 6554, 9830, 9830, 6554, 6554, 6554, 6554, 6554, 6554, 9830, 9830, 6554, 6554, 6554, 6554, 6554, 6554, 6554, 9830, 9830, 9830, 6554, 9830, 9830, 9830, 9830, 9830, 6554, 9830, 9830, 5243, 9830, 6554, 5243, 9830, 9830, 9830, 9830, 9830, 9830, 6554, 9830, 9830, 9830, 6554, 9830, 9830, 9830, 9830, 6554, 6554, 9830, 6554, 9830, 9830, 9830, 9830, 9830, 9830, 9830, 9830, 9830, 9830, 9830, 6554, 6554, 9830, 9830, 9830, 9830, 6554, 9830, 6554, 9830, 6554, 6554, 9830, 9830, 9830, 9830, 9830, 9830, 6554, 6554, 9830, 9830, 9830, 9830, 9830, 9830, 9830, 9830, 6554, 6554, 6554, 9830, 9830, 9830, 9830, 9830, 9830, 9830, 9830, 9830, 9830, 9830, 6554, 6554, 6554, 9830, 9830, 9830, 9830, 9830, 9830, 9830, 9830, 9830, 9830, 9830, 9830, 9830, 9830, 6554, 9830, 6554, 6554, 9830, 9830, 9830, 9830, 9830, 9830, 6554, 9830, 9830, 9830, 9830, 9830, 9830, 9830, 9830, 9830, 9830, 6554, 9830], "supply_price_elasticity_q16_by_type": [65536, 65536, 65536, 65536, 65536, 32768, 65536, 65536, 65536, 65536, 65536, 65536, 65536, 65536, 65536, 32768, 65536, 65536, 65536, 65536, 65536, 65536, 65536, 65536, 65536, 65536, 65536, 65536, 65536, 65536, 65536, 65536, 65536, 65536, 65536, 65536, 65536, 65536, 32768, 65536, 65536, 65536, 32768, 65536, 65536, 65536, 65536, 65536, 65536, 65536, 65536, 32768, 65536, 65536, 32768, 32768, 65536, 65536, 65536, 65536, 65536, 65536, 65536, 65536, 65536, 65536, 65536, 65536, 65536, 65536, 32768, 65536, 65536, 32768, 65536, 65536, 65536, 65536, 65536, 65536, 16384, 65536, 65536, 65536, 65536, 65536, 65536, 32768, 65536, 65536, 65536, 65536, 32768, 65536, 65536, 65536, 65536, 65536, 65536, 32768, 65536, 65536, 16384, 32768, 65536, 65536, 65536, 65536, 65536, 32768, 65536, 65536, 65536, 65536, 65536, 32768, 32768, 65536, 65536, 32768, 65536, 32768, 16384, 32768, 32768, 65536, 65536, 65536, 32768, 65536, 32768, 32768, 65536, 65536, 65536, 32768, 65536, 32768, 65536, 65536, 65536, 65536, 65536, 65536, 65536, 32768, 65536, 65536, 65536, 65536, 65536, 65536, 32768, 32768, 32768, 65536, 32768, 65536, 32768, 65536, 32768, 65536, 65536, 65536, 65536, 65536, 65536, 32768, 65536, 32768, 32768, 65536, 32768, 65536, 65536, 65536, 65536, 32768, 32768, 32768, 65536, 65536, 65536, 65536, 65536, 65536, 65536, 32768, 32768, 32768, 32768, 32768, 32768, 32768, 32768, 32768, 65536, 65536, 65536, 32768, 32768, 65536, 65536, 32768, 65536, 65536, 65536, 65536, 65536, 32768, 32768, 32768, 32768, 32768, 32768, 32768, 32768, 32768, 65536, 65536, 65536, 65536, 32768, 65536, 32768, 32768, 32768, 32768, 65536, 65536, 65536, 65536, 65536, 32768, 65536, 65536, 65536, 32768, 32768, 32768, 32768, 32768, 32768, 32768, 32768, 32768, 32768, 65536, 65536, 32768, 65536, 32768, 32768, 32768, 32768, 65536, 65536, 32768, 32768, 32768, 32768, 32768, 32768, 65536, 65536, 32768, 32768, 32768, 32768, 32768, 32768, 32768, 65536, 65536, 65536, 32768, 65536, 65536, 65536, 65536, 65536, 32768, 65536, 65536, 16384, 65536, 32768, 16384, 65536, 65536, 65536, 65536, 65536, 65536, 32768, 65536, 65536, 65536, 32768, 65536, 65536, 65536, 65536, 32768, 32768, 65536, 32768, 65536, 65536, 65536, 65536, 65536, 65536, 65536, 65536, 65536, 65536, 65536, 32768, 32768, 65536, 65536, 65536, 65536, 32768, 65536, 32768, 65536, 32768, 32768, 65536, 65536, 65536, 65536, 65536, 65536, 32768, 32768, 65536, 65536, 65536, 65536, 65536, 65536, 65536, 65536, 32768, 32768, 32768, 65536, 65536, 65536, 65536, 65536, 65536, 65536, 65536, 65536, 65536, 65536, 32768, 32768, 32768, 65536, 65536, 65536, 65536, 65536, 65536, 65536, 65536, 65536, 65536, 65536, 65536, 65536, 65536, 32768, 65536, 32768, 32768, 65536, 65536, 65536, 65536, 65536, 65536, 32768, 65536, 65536, 65536, 65536, 65536, 65536, 65536, 65536, 65536, 65536, 32768, 65536], "building_kinds": [1, 1, 1, 1, 1, 0, 1, 1, 1, 1, 1, 1, 0, 1, 1, 0, 1, 1, 1, 1, 1, 1, 0, 1, 0, 1, 1, 1, 1, 1, 1, 1, 1, 1, 1, 1, 1, 0, 0, 1, 1, 0, 0, 1, 1, 1, 1, 1, 1, 1, 1, 0, 1, 1, 0, 0, 0, 1, 0, 1, 1, 1, 0, 1, 1, 1, 0, 0, 0, 1, 0, 1, 2, 0, 0, 1, 0, 1, 1, 1, 1, 1, 1, 1, 0, 1, 1, 0, 1, 1, 1, 1, 0, 1, 0, 1, 0, 0, 1, 0, 1, 1, 1, 0, 1, 1, 1, 1, 1, 0, 1, 1, 1, 1, 0, 0, 0, 1, 0, 1, 0, 1, 1, 0, 0, 1, 1, 1, 0, 1, 0, 0, 1, 1, 1, 0, 1, 0, 1, 1, 1, 1, 1, 1, 1, 0, 1, 1, 1, 1, 1, 0, 0, 0, 0, 1, 0, 1, 0, 0, 0, 2, 1, 1, 1, 1, 1, 1, 1, 0, 1, 1, 0, 1, 1, 1, 1, 0, 0, 0, 1, 1, 1, 1, 1, 1, 1, 0, 0, 0, 0, 0, 0, 0, 0, 0, 1, 1, 1, 0, 0, 1, 1, 0, 1, 1, 1, 1, 1, 0, 0, 0, 0, 0, 0, 0, 0, 0, 1, 1, 1, 1, 0, 1, 0, 0, 0, 0, 1, 1, 1, 1, 1, 0, 1, 1, 1, 0, 0, 0, 0, 0, 0, 0, 0, 0, 0, 1, 1, 0, 1, 0, 0, 0, 0, 1, 1, 1, 0, 0, 0, 0, 0, 1, 1, 0, 0, 0, 0, 0, 0, 0, 1, 1, 1, 0, 1, 1, 1, 1, 0, 0, 1, 1, 1, 1, 0, 1, 1, 1, 1, 1, 1, 1, 0, 1, 1, 1, 0, 0, 1, 1, 1, 0, 0, 1, 0, 1, 0, 0, 1, 1, 1, 1, 1, 1, 0, 0, 0, 0, 1, 1, 0, 1, 0, 0, 0, 0, 0, 0, 1, 1, 1, 1, 0, 0, 0, 0, 1, 0, 1, 1, 1, 1, 1, 1, 0, 0, 0, 0, 1, 1, 1, 0, 1, 0, 1, 1, 1, 0, 0, 0, 0, 0, 0, 0, 1, 1, 1, 1, 1, 1, 0, 0, 0, 0, 1, 0, 1, 0, 0, 1, 1, 0, 0, 1, 0, 0, 0, 0, 0, 0, 0, 0, 0, 1, 1, 1, 0, 1], "building_upgrade_family_ids": ["beverage_making", "bread_baking", "cadastral_institution", "chemical_industry", "clay_extraction", "cloth_weaving", "construction_methods", "copper_extraction", "cotton_ginning", "dairy_processing", "fertilizer_making", "field_crop_farming", "fine_clothing_making", "fine_furniture_making", "fish_canning", "footwear_making", "freshwater_fishing", "garment_making", "geospatial_analysis_institution", "glassmaking", "glassware_making", "gold_extraction", "highland_crop_farming", "horse_breeding", "household_cloth", "hunting", "iron_extraction", "jewelry_making", "leather_goods_making", "leather_processing", "livestock_husbandry", "maritime_operations", "meat_processing", "merchant_post", "metal_housewares_making", "metal_toolmaking", "oil_extraction", "paper_making", "precision_forestry", "railway_equipment_making", "renewable_power_generation", "research_institution", "salt_extraction", "silica_extraction", "silver_extraction", "smart_livestock_husbandry", "specialty_commodity_crops", "staple_preparation", "steelmaking", "subsistence_food", "tin_extraction", "wool_processing"], "building_upgrade_family_indices": [-1, -1, -1, -1, -1, 11, -1, -1, 1, -1, -1, -1, -1, -1, -1, -1, 0, -1, 1, 0, -1, -1, -1, -1, -1, 13, 2, 14, 14, -1, -1, 41, 41, 19, 6, 6, -1, 43, 4, 5, 17, -1, -1, 15, -1, -1, 10, -1, 41, -1, 6, 7, -1, -1, 24, -1, -1, -1, -1, 12, 9, 9, -1, -1, -1, 0, -1, 4, 7, -1, 26, -1, 33, 36, 50, -1, -1, -1, -1, -1, -1, 3, -1, -1, -1, -1, -1, -1, 10, 12, 13, -1, -1, -1, -1, -1, -1, -1, 15, 16, -1, -1, -1, -1, 18, 19, 20, 20, 20, 21, 27, -1, 5, -1, -1, 23, 23, -1, -1, 24, -1, 24, 40, 24, 49, 3, -1, 41, 42, -1, 11, 26, 35, 27, -1, -1, -1, -1, -1, 41, 28, 28, 28, 29, -1, -1, 41, -1, -1, 41, -1, -1, -1, 30, -1, 8, 11, 32, -1, -1, -1, 33, 34, 34, 34, -1, -1, 31, -1, 38, 31, -1, -1, -1, -1, -1, -1, -1, -1, -1, -1, -1, -1, -1, -1, -1, -1, -1, -1, -1, -1, -1, -1, 38, -1, 22, -1, -1, -1, -1, -1, -1, -1, -1, -1, -1, -1, -1, -1, -1, -1, -1, -1, -1, -1, -1, -1, -1, -1, -1, -1, -1, -1, -1, -1, -1, -1, -1, -1, -1, -1, -1, -1, -1, -1, -1, -1, -1, -1, -1, -1, -1, -1, -1, -1, -1, -1, -1, -1, 45, -1, 46, -1, -1, -1, -1, -1, 31, -1, -1, -1, -1, -1, -1, -1, -1, -1, -1, -1, -1, -1, -1, -1, -1, -1, -1, -1, -1, -1, 41, -1, -1, -1, -1, -1, -1, 36, -1, -1, -1, -1, -1, 37, -1, 30, -1, -1, -1, -1, 21, -1, -1, 41, -1, -1, -1, 11, -1, -1, -1, -1, 41, -1, -1, 37, 39, -1, -1, 30, -1, -1, -1, -1, -1, -1, -1, -1, -1, 42, -1, -1, 41, -1, -1, -1, -1, 43, 44, 32, -1, 20, 28, 34, -1, -1, -1, -1, -1, -1, -1, -1, 47, 47, -1, -1, -1, 39, 48, 48, 25, -1, 49, -1, -1, 44, -1, -1, -1, 5, 17, 29, -1, -1, -1, -1, -1, 5, 49, -1, -1, 50, -1, 35, -1, -1, -1, -1, -1, -1, -1, -1, -1, -1, -1, -1, -1, -1, 51, -1, -1], "building_upgrade_tiers": [0, 0, 0, 0, 0, 4, 0, 0, 1, 0, 0, 0, 0, 0, 0, 0, 3, 0, 2, 1, 0, 0, 0, 0, 0, 1, 6, 2, 1, 0, 0, 4, 3, 1, 1, 2, 0, 1, 2, 3, 2, 0, 0, 1, 0, 0, 1, 0, 10, 0, 3, 1, 0, 0, 3, 0, 0, 0, 0, 1, 1, 2, 0, 0, 0, 2, 0, 1, 2, 0, 2, 0, 1, 1, 1, 0, 0, 0, 0, 0, 0, 2, 0, 0, 0, 0, 0, 0, 2, 2, 2, 0, 0, 0, 0, 0, 0, 0, 2, 1, 0, 0, 0, 0, 10, 2, 3, 2, 1, 2, 1, 0, 1, 0, 0, 2, 1, 0, 0, 2, 0, 1, 1, 4, 3, 1, 0, 6, 2, 0, 2, 1, 1, 2, 0, 0, 0, 0, 0, 7, 3, 2, 1, 2, 0, 0, 1, 0, 0, 11, 0, 0, 0, 2, 0, 2, 1, 2, 0, 0, 0, 2, 3, 2, 1, 0, 0, 2, 0, 2, 3, 0, 0, 0, 0, 0, 0, 0, 0, 0, 0, 0, 0, 0, 0, 0, 0, 0, 0, 0, 0, 0, 0, 1, 0, 1, 0, 0, 0, 0, 0, 0, 0, 0, 0, 0, 0, 0, 0, 0, 0, 0, 0, 0, 0, 0, 0, 0, 0, 0, 0, 0, 0, 0, 0, 0, 0, 0, 0, 0, 0, 0, 0, 0, 0, 0, 0, 0, 0, 0, 0, 0, 0, 0, 0, 0, 0, 0, 0, 1, 0, 1, 0, 0, 0, 0, 0, 1, 0, 0, 0, 0, 0, 0, 0, 0, 0, 0, 0, 0, 0, 0, 0, 0, 0, 0, 0, 0, 0, 9, 0, 0, 0, 0, 0, 0, 2, 0, 0, 0, 0, 0, 2, 0, 1, 0, 0, 0, 0, 1, 0, 0, 8, 0, 0, 0, 3, 0, 0, 0, 0, 5, 0, 0, 1, 2, 0, 0, 3, 0, 0, 0, 0, 0, 0, 0, 0, 0, 1, 0, 0, 2, 0, 0, 0, 0, 2, 2, 1, 0, 4, 4, 4, 0, 0, 0, 0, 0, 0, 0, 0, 2, 1, 0, 0, 0, 1, 1, 2, 1, 0, 1, 0, 0, 1, 0, 0, 0, 4, 1, 1, 0, 0, 0, 0, 0, 2, 2, 0, 0, 2, 0, 2, 0, 0, 0, 0, 0, 0, 0, 0, 0, 0, 0, 0, 0, 0, 1, 0, 0], "building_highest_available_tiers": [0, 0, 0, 0, 0, 4, 0, 0, 2, 0, 0, 0, 0, 0, 0, 0, 3, 0, 2, 3, 0, 0, 0, 0, 0, 2, 6, 2, 2, 0, 0, 11, 11, 2, 3, 3, 0, 2, 2, 4, 2, 0, 0, 2, 0, 0, 2, 0, 11, 0, 3, 2, 0, 0, 4, 0, 0, 0, 0, 2, 2, 2, 0, 0, 0, 3, 0, 2, 2, 0, 2, 0, 2, 2, 2, 0, 0, 0, 0, 0, 0, 2, 0, 0, 0, 0, 0, 0, 2, 2, 2, 0, 0, 0, 0, 0, 0, 0, 2, 1, 0, 0, 0, 0, 10, 2, 4, 4, 4, 2, 2, 0, 4, 0, 0, 2, 2, 0, 0, 4, 0, 4, 1, 4, 3, 2, 0, 11, 2, 0, 4, 2, 2, 2, 0, 0, 0, 0, 0, 11, 4, 4, 4, 2, 0, 0, 11, 0, 0, 11, 0, 0, 0, 3, 0, 2, 4, 2, 0, 0, 0, 2, 4, 4, 4, 0, 0, 3, 0, 2, 3, 0, 0, 0, 0, 0, 0, 0, 0, 0, 0, 0, 0, 0, 0, 0, 0, 0, 0, 0, 0, 0, 0, 2, 0, 1, 0, 0, 0, 0, 0, 0, 0, 0, 0, 0, 0, 0, 0, 0, 0, 0, 0, 0, 0, 0, 0, 0, 0, 0, 0, 0, 0, 0, 0, 0, 0, 0, 0, 0, 0, 0, 0, 0, 0, 0, 0, 0, 0, 0, 0, 0, 0, 0, 0, 0, 0, 0, 0, 1, 0, 1, 0, 0, 0, 0, 0, 3, 0, 0, 0, 0, 0, 0, 0, 0, 0, 0, 0, 0, 0, 0, 0, 0, 0, 0, 0, 0, 0, 11, 0, 0, 0, 0, 0, 0, 2, 0, 0, 0, 0, 0, 2, 0, 3, 0, 0, 0, 0, 2, 0, 0, 11, 0, 0, 0, 4, 0, 0, 0, 0, 11, 0, 0, 2, 2, 0, 0, 3, 0, 0, 0, 0, 0, 0, 0, 0, 0, 2, 0, 0, 11, 0, 0, 0, 0, 2, 2, 2, 0, 4, 4, 4, 0, 0, 0, 0, 0, 0, 0, 0, 2, 2, 0, 0, 0, 2, 2, 2, 1, 0, 3, 0, 0, 2, 0, 0, 0, 4, 2, 2, 0, 0, 0, 0, 0, 4, 3, 0, 0, 2, 0, 2, 0, 0, 0, 0, 0, 0, 0, 0, 0, 0, 0, 0, 0, 0, 1, 0, 0], "building_technology_tag_offsets": [0, 1, 2, 3, 4, 5, 7, 8, 9, 10, 11, 12, 13, 14, 15, 16, 17, 18, 19, 20, 21, 22, 23, 24, 25, 26, 27, 28, 29, 30, 31, 32, 33, 34, 35, 36, 37, 38, 39, 40, 41, 42, 43, 44, 45, 46, 47, 48, 50, 52, 53, 54, 56, 58, 59, 60, 61, 62, 63, 64, 65, 66, 67, 68, 69, 70, 71, 72, 73, 74, 75, 76, 77, 78, 79, 80, 81, 82, 83, 84, 85, 86, 87, 88, 89, 90, 91, 92, 93, 94, 95, 96, 97, 98, 99, 100, 101, 102, 103, 104, 105, 106, 107, 108, 109, 110, 111, 112, 113, 114, 115, 116, 117, 118, 119, 120, 121, 123, 124, 125, 126, 127, 128, 129, 130, 131, 132, 133, 134, 135, 136, 138, 139, 140, 141, 142, 143, 144, 145, 146, 147, 148, 149, 150, 151, 152, 153, 154, 155, 157, 159, 160, 161, 162, 163, 165, 166, 167, 168, 169, 170, 171, 172, 173, 174, 175, 176, 178, 179, 180, 181, 182, 184, 185, 186, 187, 188, 189, 190, 191, 192, 193, 194, 196, 197, 198, 199, 200, 201, 202, 203, 204, 205, 206, 207, 208, 209, 210, 211, 212, 213, 214, 215, 216, 217, 218, 219, 220, 221, 222, 223, 224, 225, 226, 227, 228, 229, 230, 231, 232, 233, 234, 235, 236, 237, 238, 239, 240, 241, 242, 243, 244, 245, 246, 247, 248, 249, 250, 251, 252, 253, 254, 255, 256, 257, 258, 259, 260, 261, 262, 263, 264, 265, 266, 267, 268, 270, 271, 272, 273, 274, 275, 277, 278, 279, 280, 281, 282, 283, 284, 285, 286, 287, 288, 289, 290, 292, 293, 294, 295, 297, 298, 299, 300, 301, 302, 303, 304, 305, 306, 307, 308, 309, 310, 311, 312, 313, 314, 315, 316, 317, 318, 319, 320, 321, 322, 323, 324, 325, 326, 327, 328, 329, 330, 331, 332, 333, 334, 335, 336, 337, 338, 339, 340, 341, 342, 343, 344, 345, 346, 347, 348, 349, 350, 351, 352, 353, 354, 355, 356, 357, 358, 359, 360, 361, 362, 363, 364, 365, 366, 367, 368, 369, 370, 371, 372, 373, 374, 375, 376, 377, 379, 380, 381, 382, 383, 384, 385, 386, 387, 388, 389, 391, 392, 393, 394, 395, 396, 397, 398, 399, 400, 402, 403, 404, 405, 406, 407, 408, 409, 410, 411, 412, 413, 414, 415, 416, 417, 418, 419, 420], "building_technology_tags": ["tech.adobe_making", "tech.machine_learning", "tech.mechanized_agriculture", "tech.specialty_alloys", "tech.atmospheric_engine", "industry.food", "tech.automated_agriculture", "tech.internal_combustion", "tech.autonomous_systems", "tech.grain_baking", "tech.bark_paper_making", "tech.electrification", "tech.semiconductor_manufacturing", "tech.wild_flax_collection", "tech.fiber_twisting", "tech.electrochemistry", "tech.deep_geophysics", "tech.corporate_management", "tech.iron_smelting", "tech.grain_baking", "tech.fermentation", "tech.adobe_making", "tech.salt_preservation", "tech.brine_collection", "tech.bronze_casting", "tech.rice_water_control", "tech.guild_apprenticeship", "tech.property_cadastre", "tech.canning", "tech.canning", "tech.hydraulic_engineering", "tech.charcoal_burning", "tech.chartered_universities", "tech.scholarly_academies", "tech.early_glassmaking", "tech.road_engineering", "tech.manuscript_culture", "tech.writing", "tech.early_glassmaking", "tech.clay_preparation", "tech.mass_production", "tech.textile_machinery", "tech.coal_adit_mining", "tech.coal_mining", "tech.hide_tanning", "tech.coke_smelting", "tech.fire_control", "tech.crop_rotation", "industry.machinery", "tech.digital_computing", "industry.knowledge", "tech.software_engineering", "tech.synthetic_materials", "tech.mechanical_workshops", "industry.primary", "tech.copper_mine_engineering", "industry.metals", "tech.advanced_metallurgy", "tech.copper_annealing", "tech.hand_spinning", "tech.estate_plantation_management", "tech.cotton_gardening", "tech.cotton_ginning", "tech.cotton_gardening", "tech.guild_apprenticeship", "tech.dairy_processing", "tech.cold_chain", "tech.deadwood_collection", "tech.petrochemical_industry", "tech.digital_computing", "tech.fermentation", "tech.dryland_wheat_cultivation", "tech.clay_preparation", "tech.copper_metallurgy", "tech.copper_metallurgy", "tech.mine_timbering", "tech.early_knowledge_institution", "tech.early_trade", "tech.petroleum_extraction", "tech.tin_identification", "tech.kiln_firing", "tech.earth_building", "tech.crop_rotation", "tech.electric_motors", "tech.electrification", "tech.electric_generation", "tech.electrochemistry", "tech.radio", "tech.internal_combustion", "tech.estate_paddy_management", "tech.gunpowder_weapons", "tech.felt_making", "tech.household_landholding", "tech.synthetic_fertilizer", "tech.corporate_management", "tech.managerial_hierarchy", "tech.kiln_firing", "tech.flax_retting", "tech.flax_retting", "tech.stone_knapping", "tech.flood_calendar_practice", "tech.flood_recession_maize", "tech.flood_recession_wheat", "tech.labor_organization", "tech.freshwater_fishing", "tech.fur_sewing", "tech.managerial_hierarchy", "tech.electric_generation", "tech.gathering", "tech.geographic_information_systems", "tech.industrial_chemistry", "tech.early_glassmaking", "tech.early_glassmaking", "tech.early_glassmaking", "tech.shaft_sinking", "tech.ground_stone_tools", "tech.guild_organization", "tech.loom_weaving", "tech.hide_scraping", "tech.highland_tuber_farming", "tech.horse_domestication", "industry.primary", "tech.horse_domestication", "tech.assembly_line", "tech.crop_domestication", "tech.weaving", "tech.potato_propagation", "tech.weaving", "tech.water_power", "tech.mechanical_workshops", "tech.agricultural_improvement", "tech.industrial_chemistry", "tech.factory_system", "tech.public_education", "tech.mine_drainage", "tech.electric_grid", "industry.food", "tech.industrial_agronomy", "tech.surface_iron_collection", "tech.iron_smelting", "tech.currency", "tech.stone_knapping", "tech.estate_cereal_management", "tech.latex_smoke_coagulation", "tech.mine_ventilation", "tech.electrochemistry", "tech.learned_societies", "tech.hide_tanning", "tech.hide_tanning", "tech.hide_tanning", "tech.factory_system", "tech.masonry", "tech.canal_engineering", "tech.oral_tradition", "tech.industrial_ecology", "industry.forestry", "tech.timber_sawing", "industry.knowledge", "tech.machine_learning", "tech.machine_tools", "tech.maize_garden_horticulture", "tech.mechanized_mining", "tech.pastoral_networks", "industry.primary", "tech.coastal_fishing", "tech.textile_machinery", "tech.mechanical_reaping", "tech.meat_processing", "tech.crop_domestication", "tech.crop_domestication", "tech.commercial_estates", "tech.communal_specialization", "tech.iron_smelting", "tech.iron_smelting", "tech.iron_smelting", "tech.industrial_agronomy", "industry.metals", "tech.autonomous_labor_coordination", "tech.automated_logistics", "tech.robotic_manufacturing", "tech.autonomous_forestry_operations", "tech.autonomous_logistics", "industry.machinery", "tech.smart_grid", "tech.mineral_spectral_survey", "tech.industrial_organization", "tech.hydraulic_engineering", "tech.sensor_networks", "tech.sensor_networks", "tech.automated_agriculture", "tech.mechanized_agriculture", "tech.precision_agriculture", "tech.neural_networks", "tech.agricultural_improvement", "industry.machinery", "tech.smart_grid", "tech.distributed_intelligence", "tech.robotic_manufacturing", "tech.gunpowder_weapons", "tech.industrial_quality_control", "tech.automated_agriculture", "tech.indentured_contracts", "tech.long_term_leases", "tech.motorized_agriculture", "tech.precision_agriculture", "tech.stone_knapping", "tech.satellite_observation", "tech.permanent_settlements", "tech.highland_precision_agriculture", "tech.human_machine_collaboration", "tech.platform_coordination", "tech.electric_grid", "tech.mechanical_reaping", "tech.geological_prospecting", "tech.digital_control", "tech.industrial_organization", "tech.geographic_information_systems", "tech.industrial_ecology", "tech.timber_sawing", "tech.forest_management", "tech.steam_sawmilling", "tech.digital_control", "tech.automated_agriculture", "tech.precision_agriculture", "tech.mechanized_mining", "tech.fishing_boats", "tech.oceanic_provisioning", "tech.automated_agriculture", "tech.modern_medicine", "tech.precision_agriculture", "tech.petrochemical_cracking", "tech.nuclear_fuel_cycle", "tech.electric_motors", "tech.standardization", "tech.platform_coordination", "tech.fertilizer_processing", "tech.plastics_engineering", "tech.mechanical_reaping", "tech.automated_agriculture", "tech.ridge_tuber_cultivation", "tech.precision_agriculture", "tech.pottery", "tech.human_machine_collaboration", "tech.precision_engineering", "tech.standardization", "tech.distributed_intelligence", "tech.autonomous_mining", "tech.neural_networks", "tech.nuclear_fuel_cycle", "tech.petroleum_refining", "tech.automated_agriculture", "tech.rice_water_control", "tech.estate_paddy_management", "tech.motorized_agriculture", "tech.precision_agriculture", "tech.automated_agriculture", "tech.motorized_agriculture", "tech.precision_agriculture", "tech.autonomous_mining", "tech.state_enterprises", "tech.industrial_research", "tech.industrial_quality_control", "tech.modern_husbandry", "tech.urban_sanitation", "tech.commodity_crop_management", "tech.automated_agriculture", "tech.motorized_agriculture", "tech.precision_agriculture", "industry.metals", "tech.autonomous_labor_coordination", "tech.steam_power", "tech.steam_sealing", "tech.animal_tracking", "tech.canal_engineering", "tech.road_engineering", "industry.primary", "tech.scientific_agents", "tech.state_enterprises", "tech.algorithmic_management", "tech.algorithmic_management", "tech.composite_tools", "tech.forest_management", "tech.automated_agriculture", "tech.estate_cereal_management", "tech.crop_breeding", "tech.motorized_agriculture", "tech.precision_agriculture", "tech.electromagnetic_induction", "tech.loom_weaving", "tech.wool_husbandry", "industry.primary", "tech.scientific_agents", "tech.systems_engineering", "tech.manuscript_culture", "tech.movable_type_printing", "industry.knowledge", "tech.national_laboratories", "tech.natural_copper_working", "tech.petrochemical_cracking", "tech.nuclear_fission", "tech.nuclear_fission", "tech.nuclear_energy", "tech.oceanic_navigation", "tech.petroleum_drilling", "tech.petroleum_drilling", "tech.hand_pottery", "tech.oral_memory_practice", "tech.copper_annealing", "tech.screw_press_printing", "tech.mechanized_printing", "tech.parchment_making", "tech.herd_management", "tech.method.pastoral_council_tent", "tech.petrochemical_industry", "tech.modern_medicine", "tech.fertilizer_processing", "tech.gold_panning", "tech.plant_fiber_papermaking", "tech.plastics_engineering", "tech.public_education", "tech.ridge_tuber_cultivation", "tech.ridge_tuber_cultivation", "tech.kiln_firing", "tech.precision_agriculture", "tech.precision_engineering", "tech.earth_building", "tech.gold_panning", "tech.screw_press_printing", "tech.chartered_universities", "tech.cold_chain", "tech.radio", "tech.rag_paper_making", "tech.rail_logistics", "tech.rainfed_maize_cultivation", "tech.rainfed_wheat_cultivation", "tech.pastoral_networks", "tech.mineral_spectral_survey", "tech.systems_engineering", "tech.nuclear_energy", "tech.reed_harvesting", "tech.petroleum_refining", "tech.wetland_rice_gardening", "tech.wild_latex_tapping", "tech.commodity_crop_management", "tech.ground_stone_tools", "tech.salt_preservation", "tech.gunpowder_formulation", "tech.industrial_research", "tech.record_keeping", "tech.phenology_observation", "tech.semiconductor_manufacturing", "tech.surface_silver_collection", "tech.tenant_paddy_management", "tech.geological_prospecting", "tech.shaft_sinking", "tech.meat_processing", "tech.animal_tracking", "tech.early_glassmaking", "tech.hide_tanning", "tech.iron_smelting", "tech.algorithmic_governance", "tech.urban_sanitation", "tech.solar_evaporation", "tech.spice_shade_gardening", "tech.spice_shade_gardening", "tech.estate_plantation_management", "tech.spice_shade_gardening", "tech.specialty_alloys", "tech.mass_production", "tech.hearth_preservation", "tech.steam_pumping", "tech.steam_power", "tech.steam_pumping", "tech.rail_logistics", "tech.blast_furnace", "tech.coke_smelting", "tech.hunting", "industry.primary", "tech.ground_stone_tools", "tech.household_landholding", "tech.gunpowder_formulation", "tech.surface_coal_collection", "tech.surface_silver_collection", "tech.swidden_maize_cultivation", "tech.synthetic_fiber_engineering", "tech.synthetic_materials", "tech.synthetic_fiber_engineering", "tech.guild_organization", "tech.hide_tanning", "industry.machinery", "tech.networked_computing", "tech.tenant_paddy_management", "tech.ridge_tuber_cultivation", "tech.tenant_cereal_farming", "tech.tenant_cereal_farming", "tech.textile_machinery", "tech.intensive_crop_rotation", "tech.tide_observation", "tech.deadwood_collection", "tech.mine_drainage", "industry.metals", "tech.advanced_metallurgy", "tech.machine_tools", "tech.turf_cutting", "tech.upland_rice_propagation", "tech.hydrological_remote_sensing", "tech.wetland_rice_gardening", "tech.rainfed_wheat_cultivation", "tech.wild_cotton_collection", "tech.wild_maize_collection", "tech.wild_medicinal_herb_collection", "tech.wild_rice_collection", "tech.wild_spice_collection", "tech.wild_tuber_collection", "tech.wild_wheat_collection", "tech.electromagnetic_induction", "tech.woodblock_printing", "tech.wool_husbandry", "tech.mine_ventilation", "tech.electrochemistry"], "building_required_technology_tag_offsets": [0, 5, 6, 21, 50, 56, 56, 96, 131, 138, 140, 150, 159, 159, 159, 192, 201, 238, 241, 260, 268, 272, 274, 275, 279, 290, 295, 310, 326, 339, 349, 351, 357, 363, 366, 370, 377, 379, 381, 383, 413, 421, 426, 429, 432, 432, 432, 435, 438, 440, 452, 468, 468, 468, 468, 473, 478, 480, 481, 485, 493, 498, 516, 516, 550, 552, 566, 574, 578, 579, 579, 586, 586, 586, 589, 591, 594, 594, 598, 624, 658, 663, 689, 730, 763, 769, 773, 779, 783, 785, 817, 848, 852, 856, 860, 860, 862, 864, 866, 879, 879, 883, 891, 920, 921, 927, 934, 939, 942, 944, 945, 947, 950, 952, 953, 958, 960, 960, 996, 999, 1002, 1003, 1003, 1025, 1032, 1038, 1042, 1056, 1064, 1074, 1109, 1109, 1110, 1113, 1141, 1141, 1147, 1150, 1160, 1171, 1187, 1191, 1193, 1194, 1205, 1208, 1210, 1213, 1215, 1215, 1215, 1224, 1227, 1246, 1248, 1248, 1250, 1267, 1287, 1298, 1302, 1305, 1307, 1312, 1315, 1317, 1318, 1318, 1318, 1362, 1362, 1362, 1363, 1370, 1386, 1389, 1406, 1419, 1422, 1440, 1442, 1487, 1504, 1504, 1544, 1586, 1624, 1653, 1656, 1662, 1668, 1686, 1688, 1691, 1692, 1694, 1694, 1737, 1740, 1752, 1769, 1777, 1792, 1809, 1826, 1832, 1834, 1836, 1844, 1849, 1852, 1854, 1892, 1895, 1899, 1902, 1926, 1929, 1967, 2006, 2038, 2067, 2111, 2119, 2164, 2183, 2186, 2202, 2205, 2210, 2250, 2280, 2309, 2357, 2395, 2435, 2478, 2521, 2525, 2530, 2536, 2554, 2558, 2562, 2579, 2582, 2618, 2646, 2652, 2681, 2704, 2724, 2728, 2731, 2748, 2750, 2750, 2753, 2770, 2774, 2777, 2780, 2781, 2809, 2853, 2896, 2898, 2901, 2904, 2910, 2917, 2936, 2938, 2942, 2948, 2954, 2955, 2970, 2973, 2982, 2982, 2982, 3009, 3040, 3075, 3110, 3118, 3120, 3148, 3154, 3155, 3161, 3169, 3171, 3173, 3176, 3176, 3206, 3213, 3222, 3223, 3226, 3257, 3270, 3273, 3287, 3294, 3295, 3300, 3302, 3304, 3312, 3324, 3365, 3408, 3413, 3439, 3439, 3439, 3455, 3462, 3482, 3511, 3511, 3539, 3542, 3545, 3550, 3550, 3551, 3554, 3558, 3566, 3567, 3573, 3575, 3585, 3592, 3593, 3597, 3600, 3605, 3609, 3614, 3614, 3623, 3623, 3638, 3650, 3655, 3659, 3681, 3700, 3707, 3710, 3718, 3724, 3733, 3737, 3753, 3754, 3754, 3759, 3760, 3763, 3765, 3767, 3798, 3829, 3864, 3870, 3872, 3874, 3884, 3895, 3904, 3913, 3922, 3925, 3927, 3928, 3931, 3932, 3937, 3937, 3937, 3939, 3942, 3945, 3947, 3947, 3949, 3949, 3951, 3951, 3951, 3958, 3966, 3971, 3980, 3990], "building_required_technology_tags": ["tech.earth_building", "tech.deadwood_collection", "tech.clay_preparation", "tech.ground_stone_tools", "tech.gathering", "tech.electrochemistry", "tech.timber_sawing", "tech.ground_stone_tools", "tech.blast_furnace", "tech.coke_smelting", "tech.surface_iron_collection", "tech.factory_system", "tech.machine_tools", "tech.mass_production", "tech.mechanical_workshops", "tech.crop_rotation", "tech.rainfed_maize_cultivation", "tech.atmospheric_engine", "tech.surface_coal_collection", "tech.coal_outcrop_identification", "tech.surface_coal_use", "tech.synthetic_materials", "tech.hydraulic_engineering", "tech.mass_production", "tech.blast_furnace", "tech.timber_sawing", "tech.ground_stone_tools", "tech.coke_smelting", "tech.surface_iron_collection", "tech.masonry", "tech.deadwood_collection", "tech.canal_engineering", "tech.earth_building", "tech.clay_preparation", "tech.early_glassmaking", "tech.natural_observation", "tech.deep_geophysics", "tech.gunpowder_weapons", "tech.industrial_chemistry", "tech.gunpowder_formulation", "tech.electric_generation", "tech.atmospheric_engine", "tech.surface_coal_collection", "tech.coal_outcrop_identification", "tech.surface_coal_use", "tech.factory_system", "tech.machine_tools", "tech.mechanical_workshops", "tech.crop_rotation", "tech.rainfed_maize_cultivation", "tech.surface_coal_collection", "tech.coal_outcrop_identification", "tech.ground_stone_tools", "tech.surface_coal_use", "tech.iron_smelting", "tech.natural_copper_working", "tech.blast_furnace", "tech.timber_sawing", "tech.ground_stone_tools", "tech.coke_smelting", "tech.surface_iron_collection", "tech.synthetic_materials", "tech.hydraulic_engineering", "tech.mass_production", "tech.masonry", "tech.deadwood_collection", "tech.canal_engineering", "tech.earth_building", "tech.clay_preparation", "tech.early_glassmaking", "tech.natural_observation", "tech.specialty_alloys", "tech.deep_geophysics", "tech.gunpowder_weapons", "tech.industrial_chemistry", "tech.gunpowder_formulation", "tech.electric_generation", "tech.atmospheric_engine", "tech.surface_coal_collection", "tech.coal_outcrop_identification", "tech.surface_coal_use", "tech.factory_system", "tech.machine_tools", "tech.mechanical_workshops", "tech.crop_rotation", "tech.rainfed_maize_cultivation", "tech.industrial_ecology", "tech.digital_control", "tech.petroleum_refining", "tech.electrochemistry", "tech.advanced_metallurgy", "tech.mine_ventilation", "tech.deep_mining", "tech.solar_evaporation", "tech.wild_latex_tapping", "tech.rubber_identification", "tech.electric_motors", "tech.blast_furnace", "tech.timber_sawing", "tech.ground_stone_tools", "tech.coke_smelting", "tech.surface_iron_collection", "tech.synthetic_materials", "tech.hydraulic_engineering", "tech.mass_production", "tech.masonry", "tech.deadwood_collection", "tech.canal_engineering", "tech.earth_building", "tech.clay_preparation", "tech.early_glassmaking", "tech.natural_observation", "tech.electric_generation", "tech.atmospheric_engine", "tech.surface_coal_collection", "tech.coal_outcrop_identification", "tech.surface_coal_use", "tech.factory_system", "tech.machine_tools", "tech.mechanical_workshops", "tech.crop_rotation", "tech.rainfed_maize_cultivation", "tech.electrochemistry", "tech.deep_geophysics", "tech.advanced_metallurgy", "tech.mine_ventilation", "tech.gunpowder_weapons", "tech.industrial_chemistry", "tech.gunpowder_formulation", "tech.deep_mining", "tech.solar_evaporation", "tech.deadwood_collection", "tech.household_landholding", "tech.crop_domestication", "tech.rainfed_field_system", "tech.household_production", "tech.permanent_settlements", "tech.ground_stone_tools", "tech.writing", "tech.deadwood_collection", "tech.electromagnetic_induction", "tech.electric_generation", "tech.atmospheric_engine", "tech.surface_coal_collection", "tech.coal_outcrop_identification", "tech.ground_stone_tools", "tech.surface_coal_use", "tech.copper_metallurgy", "tech.blast_furnace", "tech.early_glassmaking", "tech.digital_computing", "tech.early_glassmaking", "tech.ground_stone_tools", "tech.natural_observation", "tech.industrial_chemistry", "tech.timber_sawing", "tech.gunpowder_formulation", "tech.solar_evaporation", "tech.advanced_metallurgy", "tech.blast_furnace", "tech.timber_sawing", "tech.ground_stone_tools", "tech.coke_smelting", "tech.surface_iron_collection", "tech.synthetic_materials", "tech.hydraulic_engineering", "tech.mass_production", "tech.masonry", "tech.deadwood_collection", "tech.canal_engineering", "tech.earth_building", "tech.clay_preparation", "tech.early_glassmaking", "tech.natural_observation", "tech.deep_geophysics", "tech.advanced_metallurgy", "tech.mine_ventilation", "tech.gunpowder_weapons", "tech.industrial_chemistry", "tech.gunpowder_formulation", "tech.deep_mining", "tech.solar_evaporation", "tech.electric_generation", "tech.atmospheric_engine", "tech.surface_coal_collection", "tech.coal_outcrop_identification", "tech.surface_coal_use", "tech.factory_system", "tech.machine_tools", "tech.mechanical_workshops", "tech.crop_rotation", "tech.rainfed_maize_cultivation", "tech.timber_sawing", "tech.ground_stone_tools", "tech.blast_furnace", "tech.coke_smelting", "tech.surface_iron_collection", "tech.gunpowder_weapons", "tech.industrial_chemistry", "tech.gunpowder_formulation", "tech.natural_observation", "tech.blast_furnace", "tech.timber_sawing", "tech.ground_stone_tools", "tech.coke_smelting", "tech.surface_iron_collection", "tech.synthetic_materials", "tech.hydraulic_engineering", "tech.mass_production", "tech.masonry", "tech.deadwood_collection", "tech.canal_engineering", "tech.earth_building", "tech.clay_preparation", "tech.early_glassmaking", "tech.natural_observation", "tech.household_landholding", "tech.crop_domestication", "tech.rainfed_field_system", "tech.household_production", "tech.permanent_settlements", "tech.screw_press_printing", "tech.standardization", "tech.guild_organization", "tech.plant_fiber_papermaking", "tech.writing", "tech.fiber_twisting", "tech.wild_flax_collection", "tech.electric_generation", "tech.atmospheric_engine", "tech.surface_coal_collection", "tech.coal_outcrop_identification", "tech.surface_coal_use", "tech.factory_system", "tech.machine_tools", "tech.mechanical_workshops", "tech.crop_rotation", "tech.rainfed_maize_cultivation", "tech.surface_iron_collection", "tech.ground_stone_tools", "tech.charcoal_burning", "tech.assembly_line", "tech.industrial_organization", "tech.timber_sawing", "tech.ground_stone_tools", "tech.blast_furnace", "tech.coke_smelting", "tech.surface_iron_collection", "tech.household_landholding", "tech.crop_domestication", "tech.rainfed_field_system", "tech.household_production", "tech.permanent_settlements", "tech.screw_press_printing", "tech.standardization", "tech.guild_organization", "tech.plant_fiber_papermaking", "tech.writing", "tech.fiber_twisting", "tech.wild_flax_collection", "tech.timber_sawing", "tech.ground_stone_tools", "tech.household_landholding", "tech.crop_domestication", "tech.rainfed_field_system", "tech.household_production", "tech.permanent_settlements", "tech.bronze_casting", "tech.earth_building", "tech.clay_preparation", "tech.kiln_firing", "tech.ground_stone_tools", "tech.adobe_making", "tech.deadwood_collection", "tech.fire_control", "tech.kiln_firing", "tech.tin_identification", "tech.ground_stone_tools", "tech.natural_copper_working", "tech.rice_seed_saving", "tech.paddy_bunding", "tech.wetland_rice_gardening", "tech.household_landholding", "tech.adobe_making", "tech.earth_building", "tech.deadwood_collection", "tech.clay_preparation", "tech.ground_stone_tools", "tech.gathering", "tech.reed_harvesting", "tech.timber_sawing", "tech.ground_stone_tools", "tech.weaving", "tech.hand_spinning", "tech.wild_flax_collection", "tech.cartography", "tech.long_term_leases", "tech.estate_accounting", "tech.weights_and_measures", "tech.timber_sawing", "tech.ground_stone_tools", "tech.woodblock_printing", "tech.manuscript_culture", "tech.composite_tools", "tech.plant_fiber_papermaking", "tech.writing", "tech.fiber_twisting", "tech.wild_flax_collection", "tech.industrial_research", "tech.scientific_classification", "tech.steam_power", "tech.industrial_organization", "tech.timber_sawing", "tech.ground_stone_tools", "tech.blast_furnace", "tech.coke_smelting", "tech.surface_iron_collection", "tech.freshwater_fishing", "tech.solar_evaporation", "tech.screw_press_printing", "tech.standardization", "tech.guild_organization", "tech.plant_fiber_papermaking", "tech.writing", "tech.fiber_twisting", "tech.wild_flax_collection", "tech.experimental_science", "tech.precision_engineering", "tech.timber_sawing", "tech.ground_stone_tools", "tech.freshwater_fishing", "tech.solar_evaporation", "tech.screw_press_printing", "tech.standardization", "tech.guild_organization", "tech.plant_fiber_papermaking", "tech.writing", "tech.fiber_twisting", "tech.wild_flax_collection", "tech.timber_sawing", "tech.ground_stone_tools", "tech.blast_furnace", "tech.coke_smelting", "tech.surface_iron_collection", "tech.masonry", "tech.deadwood_collection", "tech.canal_engineering", "tech.earth_building", "tech.clay_preparation", "tech.fire_control", "tech.deadwood_collection", "tech.timber_sawing", "tech.ground_stone_tools", "tech.early_glassmaking", "tech.natural_observation", "tech.writing", "tech.deadwood_collection", "tech.timber_sawing", "tech.ground_stone_tools", "tech.early_glassmaking", "tech.natural_observation", "tech.writing", "tech.deadwood_collection", "tech.ground_stone_tools", "tech.natural_observation", "tech.bronze_casting", "tech.masonry", "tech.adobe_making", "tech.ground_stone_tools", "tech.bronze_casting", "tech.timber_sawing", "tech.ground_stone_tools", "tech.masonry", "tech.deadwood_collection", "tech.canal_engineering", "tech.bronze_casting", "tech.adobe_making", "tech.deadwood_collection", "tech.ground_stone_tools", "tech.ground_stone_tools", "tech.natural_observation", "tech.ground_stone_tools", "tech.bronze_casting", "tech.textile_machinery", "tech.corporate_management", "tech.blast_furnace", "tech.timber_sawing", "tech.ground_stone_tools", "tech.coke_smelting", "tech.surface_iron_collection", "tech.synthetic_materials", "tech.hydraulic_engineering", "tech.masonry", "tech.deadwood_collection", "tech.canal_engineering", "tech.earth_building", "tech.clay_preparation", "tech.early_glassmaking", "tech.natural_observation", "tech.flax_retting", "tech.wild_flax_collection", "tech.rainfed_field_system", "tech.crop_domestication", "tech.electric_generation", "tech.atmospheric_engine", "tech.surface_coal_collection", "tech.coal_outcrop_identification", "tech.surface_coal_use", "tech.factory_system", "tech.machine_tools", "tech.mechanical_workshops", "tech.crop_rotation", "tech.rainfed_maize_cultivation", "tech.timber_sawing", "tech.ground_stone_tools", "tech.blast_furnace", "tech.coke_smelting", "tech.surface_iron_collection", "tech.weaving", "tech.hand_spinning", "tech.wild_flax_collection", "tech.surface_coal_collection", "tech.masonry", "tech.timber_sawing", "tech.ground_stone_tools", "tech.industrial_coal_mining", "tech.timber_sawing", "tech.ground_stone_tools", "tech.human_machine_collaboration", "tech.timber_sawing", "tech.ground_stone_tools", "tech.bronze_casting", "tech.mechanical_workshops", "tech.pastoralism", "tech.herd_management", "tech.adobe_making", "tech.distributed_intelligence", "tech.plastics_engineering", "tech.adobe_making", "tech.distributed_intelligence", "tech.hydraulic_engineering", "tech.mass_production", "tech.blast_furnace", "tech.timber_sawing", "tech.ground_stone_tools", "tech.coke_smelting", "tech.surface_iron_collection", "tech.masonry", "tech.deadwood_collection", "tech.canal_engineering", "tech.earth_building", "tech.clay_preparation", "tech.standardization", "tech.timber_sawing", "tech.ground_stone_tools", "tech.synthetic_materials", "tech.hydraulic_engineering", "tech.mass_production", "tech.blast_furnace", "tech.coke_smelting", "tech.surface_iron_collection", "tech.masonry", "tech.deadwood_collection", "tech.canal_engineering", "tech.earth_building", "tech.clay_preparation", "tech.early_glassmaking", "tech.natural_observation", "tech.weaving", "tech.loom_weaving", "tech.flax_retting", "tech.adobe_making", "tech.rainfed_field_system", "tech.cotton_gardening", "tech.indentured_contracts", "tech.commodity_crop_management", "tech.rainfed_field_system", "tech.adobe_making", "tech.crop_domestication", "tech.rainfed_field_system", "tech.wild_cotton_collection", "tech.crop_domestication", "tech.rainfed_field_system", "tech.cotton_ginning", "tech.customary_tenancy", "tech.timber_sawing", "tech.ground_stone_tools", "tech.weaving", "tech.hand_spinning", "tech.wild_flax_collection", "tech.animal_tracking", "tech.hunting", "tech.deadwood_collection", "tech.deadwood_collection", "tech.ground_stone_tools", "tech.herd_management", "tech.animal_husbandry", "tech.timber_sawing", "tech.refrigeration", "tech.assembly_line", "tech.industrial_organization", "tech.timber_sawing", "tech.ground_stone_tools", "tech.blast_furnace", "tech.coke_smelting", "tech.surface_iron_collection", "tech.herd_management", "tech.animal_husbandry", "tech.deadwood_collection", "tech.screw_press_printing", "tech.standardization", "tech.guild_organization", "tech.plant_fiber_papermaking", "tech.writing", "tech.fiber_twisting", "tech.wild_flax_collection", "tech.industrial_chemistry", "tech.electrochemistry", "tech.blast_furnace", "tech.timber_sawing", "tech.ground_stone_tools", "tech.coke_smelting", "tech.surface_iron_collection", "tech.synthetic_materials", "tech.hydraulic_engineering", "tech.mass_production", "tech.masonry", "tech.deadwood_collection", "tech.canal_engineering", "tech.earth_building", "tech.clay_preparation", "tech.early_glassmaking", "tech.natural_observation", "tech.petroleum_extraction", "tech.petroleum_drilling", "tech.steam_power", "tech.petrochemical_cracking", "tech.deep_geophysics", "tech.factory_system", "tech.machine_tools", "tech.mechanical_workshops", "tech.crop_rotation", "tech.rainfed_maize_cultivation", "tech.atmospheric_engine", "tech.surface_coal_collection", "tech.coal_outcrop_identification", "tech.surface_coal_use", "tech.electric_generation", "tech.gunpowder_formulation", "tech.solar_evaporation", "tech.adobe_making", "tech.advanced_metallurgy", "tech.timber_sawing", "tech.ground_stone_tools", "tech.household_landholding", "tech.crop_domestication", "tech.rainfed_field_system", "tech.household_production", "tech.permanent_settlements", "tech.hand_pottery", "tech.fire_control", "tech.clay_preparation", "tech.earth_building", "tech.charcoal_burning", "tech.deadwood_collection", "tech.human_machine_collaboration", "tech.wheat_propagation", "tech.dryland_water_retention", "tech.deadwood_collection", "tech.adobe_making", "tech.earth_building", "tech.clay_preparation", "tech.ground_stone_tools", "tech.gathering", "tech.earth_building", "tech.deadwood_collection", "tech.stone_knapping", "tech.ground_stone_tools", "tech.mine_timbering", "tech.surface_iron_collection", "tech.iron_smelting", "tech.timber_sawing", "tech.ground_stone_tools", "tech.blast_furnace", "tech.coke_smelting", "tech.iron_ore_identification", "tech.petroleum_drilling", "tech.steam_power", "tech.blast_furnace", "tech.ground_stone_tools", "tech.natural_copper_working", "tech.tin_identification", "tech.ground_stone_tools", "tech.natural_copper_working", "tech.timber_sawing", "tech.ground_stone_tools", "tech.rainfed_maize_cultivation", "tech.bronze_casting", "tech.blast_furnace", "tech.timber_sawing", "tech.ground_stone_tools", "tech.coke_smelting", "tech.surface_iron_collection", "tech.synthetic_materials", "tech.hydraulic_engineering", "tech.mass_production", "tech.masonry", "tech.deadwood_collection", "tech.canal_engineering", "tech.earth_building", "tech.clay_preparation", "tech.early_glassmaking", "tech.natural_observation", "tech.electric_generation", "tech.atmospheric_engine", "tech.surface_coal_collection", "tech.coal_outcrop_identification", "tech.surface_coal_use", "tech.factory_system", "tech.machine_tools", "tech.mechanical_workshops", "tech.crop_rotation", "tech.rainfed_maize_cultivation", "tech.advanced_metallurgy", "tech.blast_furnace", "tech.timber_sawing", "tech.ground_stone_tools", "tech.coke_smelting", "tech.surface_iron_collection", "tech.synthetic_materials", "tech.hydraulic_engineering", "tech.mass_production", "tech.masonry", "tech.deadwood_collection", "tech.canal_engineering", "tech.earth_building", "tech.clay_preparation", "tech.early_glassmaking", "tech.natural_observation", "tech.electromagnetic_induction", "tech.electric_generation", "tech.atmospheric_engine", "tech.surface_coal_collection", "tech.coal_outcrop_identification", "tech.surface_coal_use", "tech.copper_metallurgy", "tech.plastics_engineering", "tech.petrochemical_industry", "tech.petroleum_extraction", "tech.petroleum_drilling", "tech.steam_power", "tech.petrochemical_cracking", "tech.deep_geophysics", "tech.factory_system", "tech.machine_tools", "tech.mechanical_workshops", "tech.crop_rotation", "tech.rainfed_maize_cultivation", "tech.atmospheric_engine", "tech.surface_coal_collection", "tech.coal_outcrop_identification", "tech.ground_stone_tools", "tech.surface_coal_use", "tech.blast_furnace", "tech.timber_sawing", "tech.ground_stone_tools", "tech.coke_smelting", "tech.surface_iron_collection", "tech.synthetic_materials", "tech.hydraulic_engineering", "tech.mass_production", "tech.masonry", "tech.deadwood_collection", "tech.canal_engineering", "tech.earth_building", "tech.clay_preparation", "tech.early_glassmaking", "tech.natural_observation", "tech.solar_evaporation", "tech.electric_generation", "tech.atmospheric_engine", "tech.surface_coal_collection", "tech.coal_outcrop_identification", "tech.surface_coal_use", "tech.factory_system", "tech.machine_tools", "tech.mechanical_workshops", "tech.crop_rotation", "tech.rainfed_maize_cultivation", "tech.blast_furnace", "tech.timber_sawing", "tech.ground_stone_tools", "tech.coke_smelting", "tech.surface_iron_collection", "tech.synthetic_materials", "tech.hydraulic_engineering", "tech.mass_production", "tech.masonry", "tech.deadwood_collection", "tech.canal_engineering", "tech.earth_building", "tech.clay_preparation", "tech.early_glassmaking", "tech.natural_observation", "tech.kiln_firing", "tech.tin_identification", "tech.natural_copper_working", "tech.electronic_control", "tech.mine_ventilation", "tech.gunpowder_weapons", "tech.industrial_chemistry", "tech.gunpowder_formulation", "tech.plastics_engineering", "tech.petrochemical_industry", "tech.petroleum_extraction", "tech.petroleum_drilling", "tech.steam_power", "tech.petrochemical_cracking", "tech.deep_geophysics", "tech.factory_system", "tech.machine_tools", "tech.mechanical_workshops", "tech.crop_rotation", "tech.rainfed_maize_cultivation", "tech.atmospheric_engine", "tech.surface_coal_collection", "tech.coal_outcrop_identification", "tech.surface_coal_use", "tech.electric_generation", "tech.electrochemistry", "tech.blast_furnace", "tech.timber_sawing", "tech.ground_stone_tools", "tech.coke_smelting", "tech.surface_iron_collection", "tech.synthetic_materials", "tech.hydraulic_engineering", "tech.mass_production", "tech.masonry", "tech.deadwood_collection", "tech.canal_engineering", "tech.earth_building", "tech.clay_preparation", "tech.early_glassmaking", "tech.natural_observation", "tech.specialty_alloys", "tech.deep_geophysics", "tech.gunpowder_weapons", "tech.industrial_chemistry", "tech.gunpowder_formulation", "tech.electric_generation", "tech.atmospheric_engine", "tech.surface_coal_collection", "tech.coal_outcrop_identification", "tech.surface_coal_use", "tech.factory_system", "tech.machine_tools", "tech.mechanical_workshops", "tech.crop_rotation", "tech.rainfed_maize_cultivation", "tech.industrial_ecology", "tech.digital_control", "tech.petroleum_refining", "tech.rice_water_control", "tech.estate_accounting", "tech.serf_obligations", "tech.public_storehouses", "tech.timber_sawing", "tech.ground_stone_tools", "tech.timber_sawing", "tech.ground_stone_tools", "tech.gunpowder_formulation", "tech.natural_observation", "tech.deadwood_collection", "tech.wild_flax_collection", "tech.wool_husbandry", "tech.ground_stone_tools", "tech.herd_management", "tech.animal_husbandry", "tech.crop_domestication", "tech.rainfed_field_system", "tech.household_production", "tech.ground_stone_tools", "tech.fertilizer_processing", "tech.adobe_making", "tech.textile_machinery", "tech.blast_furnace", "tech.timber_sawing", "tech.ground_stone_tools", "tech.coke_smelting", "tech.surface_iron_collection", "tech.synthetic_materials", "tech.hydraulic_engineering", "tech.mass_production", "tech.masonry", "tech.deadwood_collection", "tech.canal_engineering", "tech.earth_building", "tech.clay_preparation", "tech.early_glassmaking", "tech.natural_observation", "tech.weaving", "tech.hand_spinning", "tech.wild_flax_collection", "tech.industrial_chemistry", "tech.gunpowder_formulation", "tech.solar_evaporation", "tech.electric_generation", "tech.atmospheric_engine", "tech.surface_coal_collection", "tech.coal_outcrop_identification", "tech.surface_coal_use", "tech.factory_system", "tech.machine_tools", "tech.mechanical_workshops", "tech.crop_rotation", "tech.rainfed_maize_cultivation", "tech.blast_furnace", "tech.timber_sawing", "tech.ground_stone_tools", "tech.coke_smelting", "tech.surface_iron_collection", "tech.synthetic_materials", "tech.hydraulic_engineering", "tech.mass_production", "tech.masonry", "tech.deadwood_collection", "tech.canal_engineering", "tech.earth_building", "tech.clay_preparation", "tech.early_glassmaking", "tech.natural_observation", "tech.weaving", "tech.hand_spinning", "tech.wild_flax_collection", "tech.industrial_chemistry", "tech.gunpowder_formulation", "tech.solar_evaporation", "tech.electric_generation", "tech.atmospheric_engine", "tech.surface_coal_collection", "tech.coal_outcrop_identification", "tech.surface_coal_use", "tech.factory_system", "tech.machine_tools", "tech.mechanical_workshops", "tech.crop_rotation", "tech.rainfed_maize_cultivation", "tech.adobe_making", "tech.clay_preparation", "tech.charcoal_burning", "tech.ground_stone_tools", "tech.wild_flax_collection", "tech.rainfed_field_system", "tech.crop_domestication", "tech.ground_stone_tools", "tech.wild_flax_collection", "tech.rainfed_field_system", "tech.crop_domestication", "tech.ground_stone_tools", "tech.wild_flax_collection", "tech.reed_harvesting", "tech.maize_propagation", "tech.irrigation_surveying", "tech.wheat_propagation", "tech.irrigation_surveying", "tech.hide_tanning", "tech.textile_machinery", "tech.interchangeable_parts", "tech.timber_sawing", "tech.ground_stone_tools", "tech.blast_furnace", "tech.coke_smelting", "tech.surface_iron_collection", "tech.weaving", "tech.hand_spinning", "tech.wild_flax_collection", "tech.wild_latex_tapping", "tech.rubber_identification", "tech.deadwood_collection", "tech.wild_flax_collection", "tech.animal_tracking", "tech.hunting", "tech.timber_sawing", "tech.ground_stone_tools", "tech.blast_furnace", "tech.coke_smelting", "tech.surface_iron_collection", "tech.weaving", "tech.hand_spinning", "tech.wild_flax_collection", "tech.electric_grid", "tech.petrochemical_cracking", "tech.internal_combustion", "tech.blast_furnace", "tech.timber_sawing", "tech.ground_stone_tools", "tech.coke_smelting", "tech.surface_iron_collection", "tech.synthetic_materials", "tech.hydraulic_engineering", "tech.mass_production", "tech.masonry", "tech.deadwood_collection", "tech.canal_engineering", "tech.earth_building", "tech.clay_preparation", "tech.early_glassmaking", "tech.natural_observation", "tech.deep_geophysics", "tech.petroleum_drilling", "tech.factory_system", "tech.machine_tools", "tech.mechanical_workshops", "tech.crop_rotation", "tech.rainfed_maize_cultivation", "tech.atmospheric_engine", "tech.surface_coal_collection", "tech.coal_outcrop_identification", "tech.surface_coal_use", "tech.deadwood_collection", "tech.cartography", "tech.digital_computing", "tech.probability_statistics", "tech.networked_computing", "tech.industrial_research", "tech.scientific_classification", "tech.blast_furnace", "tech.timber_sawing", "tech.ground_stone_tools", "tech.coke_smelting", "tech.surface_iron_collection", "tech.early_glassmaking", "tech.natural_observation", "tech.ground_stone_tools", "tech.natural_observation", "tech.oceanic_navigation", "tech.steam_power", "tech.electrification", "tech.ground_stone_tools", "tech.natural_observation", "tech.oceanic_navigation", "tech.ground_stone_tools", "tech.natural_observation", "tech.gold_panning", "tech.fire_control", "tech.gold_panning", "tech.timber_sawing", "tech.ground_stone_tools", "tech.bronze_casting", "tech.flax_retting", "tech.adobe_making", "tech.deadwood_collection", "tech.potato_propagation", "tech.frost_protected_storage", "tech.household_landholding", "tech.turf_cutting", "tech.rainfed_field_system", "tech.timber_sawing", "tech.ground_stone_tools", "tech.electric_motors", "tech.mass_production", "tech.blast_furnace", "tech.timber_sawing", "tech.ground_stone_tools", "tech.coke_smelting", "tech.surface_iron_collection", "tech.synthetic_materials", "tech.hydraulic_engineering", "tech.masonry", "tech.deadwood_collection", "tech.canal_engineering", "tech.earth_building", "tech.clay_preparation", "tech.early_glassmaking", "tech.natural_observation", "tech.electrification", "tech.electromagnetic_induction", "tech.electric_generation", "tech.atmospheric_engine", "tech.surface_coal_collection", "tech.coal_outcrop_identification", "tech.surface_coal_use", "tech.copper_metallurgy", "tech.plastics_engineering", "tech.petrochemical_industry", "tech.petroleum_extraction", "tech.petroleum_drilling", "tech.steam_power", "tech.petrochemical_cracking", "tech.deep_geophysics", "tech.factory_system", "tech.machine_tools", "tech.mechanical_workshops", "tech.crop_rotation", "tech.rainfed_maize_cultivation", "tech.wild_flax_collection", "tech.household_production", "tech.rainfed_field_system", "tech.hand_spinning", "tech.ground_stone_tools", "tech.wild_flax_collection", "tech.household_production", "tech.hydraulic_engineering", "tech.electric_generation", "tech.electric_grid", "tech.blast_furnace", "tech.timber_sawing", "tech.ground_stone_tools", "tech.coke_smelting", "tech.surface_iron_collection", "tech.synthetic_materials", "tech.mass_production", "tech.masonry", "tech.deadwood_collection", "tech.canal_engineering", "tech.earth_building", "tech.clay_preparation", "tech.electrification", "tech.electromagnetic_induction", "tech.atmospheric_engine", "tech.surface_coal_collection", "tech.coal_outcrop_identification", "tech.surface_coal_use", "tech.copper_metallurgy", "tech.textile_machinery", "tech.blast_furnace", "tech.timber_sawing", "tech.ground_stone_tools", "tech.coke_smelting", "tech.surface_iron_collection", "tech.rainfed_field_system", "tech.timber_sawing", "tech.ground_stone_tools", "tech.blast_furnace", "tech.coke_smelting", "tech.surface_iron_collection", "tech.rainfed_field_system", "tech.timber_sawing", "tech.ground_stone_tools", "tech.gunpowder_formulation", "tech.solar_evaporation", "tech.machine_tools", "tech.timber_sawing", "tech.ground_stone_tools", "tech.blast_furnace", "tech.coke_smelting", "tech.surface_iron_collection", "tech.mass_production", "tech.mechanical_workshops", "tech.crop_rotation", "tech.rainfed_maize_cultivation", "tech.atmospheric_engine", "tech.surface_coal_collection", "tech.coal_outcrop_identification", "tech.surface_coal_use", "tech.industrial_research", "tech.scientific_classification", "tech.electric_generation", "tech.atmospheric_engine", "tech.surface_coal_collection", "tech.coal_outcrop_identification", "tech.ground_stone_tools", "tech.surface_coal_use", "tech.timber_sawing", "tech.ground_stone_tools", "tech.blast_furnace", "tech.coke_smelting", "tech.surface_iron_collection", "tech.gunpowder_weapons", "tech.industrial_chemistry", "tech.gunpowder_formulation", "tech.natural_observation", "tech.brine_collection", "tech.blast_furnace", "tech.timber_sawing", "tech.ground_stone_tools", "tech.coke_smelting", "tech.surface_iron_collection", "tech.synthetic_materials", "tech.hydraulic_engineering", "tech.mass_production", "tech.masonry", "tech.deadwood_collection", "tech.canal_engineering", "tech.earth_building", "tech.clay_preparation", "tech.early_glassmaking", "tech.natural_observation", "tech.electromagnetic_induction", "tech.electric_generation", "tech.atmospheric_engine", "tech.surface_coal_collection", "tech.coal_outcrop_identification", "tech.surface_coal_use", "tech.copper_metallurgy", "tech.petrochemical_industry", "tech.petroleum_extraction", "tech.petroleum_drilling", "tech.steam_power", "tech.petrochemical_cracking", "tech.deep_geophysics", "tech.factory_system", "tech.machine_tools", "tech.mechanical_workshops", "tech.crop_rotation", "tech.rainfed_maize_cultivation", "tech.gunpowder_formulation", "tech.plastics_engineering", "tech.ground_stone_tools", "tech.surface_iron_collection", "tech.ground_stone_tools", "tech.charcoal_burning", "tech.industrial_quality_control", "tech.corporate_management", "tech.blast_furnace", "tech.timber_sawing", "tech.ground_stone_tools", "tech.coke_smelting", "tech.surface_iron_collection", "tech.synthetic_materials", "tech.hydraulic_engineering", "tech.mass_production", "tech.masonry", "tech.deadwood_collection", "tech.canal_engineering", "tech.earth_building", "tech.clay_preparation", "tech.early_glassmaking", "tech.natural_observation", "tech.gold_panning", "tech.electric_generation", "tech.atmospheric_engine", "tech.surface_coal_collection", "tech.coal_outcrop_identification", "tech.surface_coal_use", "tech.factory_system", "tech.machine_tools", "tech.mechanical_workshops", "tech.crop_rotation", "tech.rainfed_maize_cultivation", "tech.maize_propagation", "tech.rainfed_field_system", "tech.estate_accounting", "tech.serf_obligations", "tech.timber_sawing", "tech.ground_stone_tools", "tech.wild_latex_tapping", "tech.fire_control", "tech.rubber_identification", "tech.timber_sawing", "tech.ground_stone_tools", "tech.blast_furnace", "tech.coke_smelting", "tech.surface_iron_collection", "tech.gunpowder_weapons", "tech.industrial_chemistry", "tech.gunpowder_formulation", "tech.natural_observation", "tech.deep_mining", "tech.mine_ventilation", "tech.timber_sawing", "tech.ground_stone_tools", "tech.blast_furnace", "tech.coke_smelting", "tech.surface_iron_collection", "tech.gunpowder_weapons", "tech.industrial_chemistry", "tech.gunpowder_formulation", "tech.natural_observation", "tech.deep_mining", "tech.blast_furnace", "tech.timber_sawing", "tech.ground_stone_tools", "tech.coke_smelting", "tech.surface_iron_collection", "tech.early_glassmaking", "tech.natural_observation", "tech.woodblock_printing", "tech.manuscript_culture", "tech.composite_tools", "tech.plant_fiber_papermaking", "tech.writing", "tech.fiber_twisting", "tech.wild_flax_collection", "tech.industrial_research", "tech.scientific_classification", "tech.ground_stone_tools", "tech.oceanic_navigation", "tech.steam_power", "tech.electrification", "tech.ground_stone_tools", "tech.oceanic_navigation", "tech.ground_stone_tools", "tech.hide_tanning", "tech.industrial_chemistry", "tech.interchangeable_parts", "tech.timber_sawing", "tech.ground_stone_tools", "tech.blast_furnace", "tech.coke_smelting", "tech.surface_iron_collection", "tech.gunpowder_formulation", "tech.solar_evaporation", "tech.hunting", "tech.deadwood_collection", "tech.ground_stone_tools", "tech.canal_engineering", "tech.masonry", "tech.ground_stone_tools", "tech.fire_control", "tech.communal_specialization", "tech.ground_stone_tools", "tech.digital_control", "tech.petroleum_refining", "tech.mass_production", "tech.mechanical_workshops", "tech.timber_sawing", "tech.ground_stone_tools", "tech.blast_furnace", "tech.coke_smelting", "tech.surface_iron_collection", "tech.crop_rotation", "tech.rainfed_maize_cultivation", "tech.maize_propagation", "tech.household_production", "tech.rainfed_field_system", "tech.blast_furnace", "tech.timber_sawing", "tech.ground_stone_tools", "tech.coke_smelting", "tech.surface_iron_collection", "tech.synthetic_materials", "tech.hydraulic_engineering", "tech.mass_production", "tech.masonry", "tech.deadwood_collection", "tech.canal_engineering", "tech.earth_building", "tech.clay_preparation", "tech.early_glassmaking", "tech.natural_observation", "tech.gunpowder_weapons", "tech.industrial_chemistry", "tech.gunpowder_formulation", "tech.deep_geophysics", "tech.timber_sawing", "tech.ground_stone_tools", "tech.steam_power", "tech.automated_agriculture", "tech.timber_sawing", "tech.ground_stone_tools", "tech.blast_furnace", "tech.coke_smelting", "tech.surface_iron_collection", "tech.mechanized_agriculture", "tech.factory_system", "tech.machine_tools", "tech.mass_production", "tech.mechanical_workshops", "tech.crop_rotation", "tech.rainfed_maize_cultivation", "tech.atmospheric_engine", "tech.surface_coal_collection", "tech.coal_outcrop_identification", "tech.surface_coal_use", "tech.rainfed_field_system", "tech.industrial_organization", "tech.industrial_quality_control", "tech.mass_production", "tech.timber_sawing", "tech.ground_stone_tools", "tech.blast_furnace", "tech.coke_smelting", "tech.surface_iron_collection", "tech.herd_management", "tech.animal_husbandry", "tech.deadwood_collection", "tech.factory_system", "tech.machine_tools", "tech.mechanical_workshops", "tech.crop_rotation", "tech.rainfed_maize_cultivation", "tech.atmospheric_engine", "tech.surface_coal_collection", "tech.coal_outcrop_identification", "tech.surface_coal_use", "tech.household_production", "tech.spice_cultivation", "tech.spice_shade_gardening", "tech.wild_flax_collection", "tech.customary_tenancy", "tech.adobe_making", "tech.earth_building", "tech.deadwood_collection", "tech.clay_preparation", "tech.ground_stone_tools", "tech.gathering", "tech.household_production", "tech.spice_cultivation", "tech.spice_shade_gardening", "tech.wild_flax_collection", "tech.timber_sawing", "tech.ground_stone_tools", "tech.cotton_gardening", "tech.deadwood_collection", "tech.gathering", "tech.surface_iron_collection", "tech.ground_stone_tools", "tech.oceanic_navigation", "tech.steam_power", "tech.electrification", "tech.surface_iron_collection", "tech.ground_stone_tools", "tech.oceanic_navigation", "tech.surface_iron_collection", "tech.ground_stone_tools", "tech.digital_computing", "tech.internal_combustion", "tech.mass_production", "tech.digital_control", "tech.algorithmic_management", "tech.blast_furnace", "tech.timber_sawing", "tech.ground_stone_tools", "tech.coke_smelting", "tech.surface_iron_collection", "tech.synthetic_materials", "tech.hydraulic_engineering", "tech.masonry", "tech.deadwood_collection", "tech.canal_engineering", "tech.earth_building", "tech.clay_preparation", "tech.early_glassmaking", "tech.natural_observation", "tech.specialty_alloys", "tech.deep_geophysics", "tech.gunpowder_weapons", "tech.industrial_chemistry", "tech.gunpowder_formulation", "tech.electric_generation", "tech.atmospheric_engine", "tech.surface_coal_collection", "tech.coal_outcrop_identification", "tech.surface_coal_use", "tech.factory_system", "tech.machine_tools", "tech.mechanical_workshops", "tech.crop_rotation", "tech.rainfed_maize_cultivation", "tech.industrial_ecology", "tech.petroleum_refining", "tech.wild_latex_tapping", "tech.rubber_identification", "tech.autonomous_systems", "tech.electric_motors", "tech.electrochemistry", "tech.advanced_metallurgy", "tech.mine_ventilation", "tech.deep_mining", "tech.solar_evaporation", "tech.electrochemistry", "tech.gunpowder_weapons", "tech.industrial_chemistry", "tech.timber_sawing", "tech.ground_stone_tools", "tech.gunpowder_formulation", "tech.natural_observation", "tech.deep_geophysics", "tech.timber_sawing", "tech.ground_stone_tools", "tech.factory_system", "tech.machine_tools", "tech.blast_furnace", "tech.coke_smelting", "tech.surface_iron_collection", "tech.mass_production", "tech.mechanical_workshops", "tech.crop_rotation", "tech.rainfed_maize_cultivation", "tech.atmospheric_engine", "tech.surface_coal_collection", "tech.coal_outcrop_identification", "tech.surface_coal_use", "tech.earth_building", "tech.digital_control", "tech.sensor_networks", "tech.industrial_quality_control", "tech.coke_smelting", "tech.industrial_quality_control", "tech.blast_furnace", "tech.timber_sawing", "tech.ground_stone_tools", "tech.surface_iron_collection", "tech.synthetic_materials", "tech.hydraulic_engineering", "tech.mass_production", "tech.masonry", "tech.deadwood_collection", "tech.canal_engineering", "tech.earth_building", "tech.clay_preparation", "tech.early_glassmaking", "tech.natural_observation", "tech.digital_computing", "tech.industrial_quality_control", "tech.blast_furnace", "tech.timber_sawing", "tech.ground_stone_tools", "tech.coke_smelting", "tech.surface_iron_collection", "tech.hydraulic_engineering", "tech.masonry", "tech.deadwood_collection", "tech.canal_engineering", "tech.earth_building", "tech.clay_preparation", "tech.digital_computing", "tech.digital_computing", "tech.digital_control", "tech.cotton_gardening", "tech.cotton_gardening", "tech.mechanical_threshing", "tech.timber_sawing", "tech.ground_stone_tools", "tech.blast_furnace", "tech.coke_smelting", "tech.surface_iron_collection", "tech.factory_system", "tech.machine_tools", "tech.mass_production", "tech.mechanical_workshops", "tech.crop_rotation", "tech.rainfed_maize_cultivation", "tech.atmospheric_engine", "tech.surface_coal_collection", "tech.coal_outcrop_identification", "tech.surface_coal_use", "tech.rainfed_field_system", "tech.digital_computing", "tech.cotton_gardening", "tech.industrial_chemistry", "tech.electrochemistry", "tech.machine_learning", "tech.robotic_manufacturing", "tech.digital_control", "tech.algorithmic_management", "tech.petrochemical_industry", "tech.blast_furnace", "tech.timber_sawing", "tech.ground_stone_tools", "tech.coke_smelting", "tech.surface_iron_collection", "tech.synthetic_materials", "tech.hydraulic_engineering", "tech.mass_production", "tech.masonry", "tech.deadwood_collection", "tech.canal_engineering", "tech.earth_building", "tech.clay_preparation", "tech.early_glassmaking", "tech.natural_observation", "tech.petroleum_extraction", "tech.petroleum_drilling", "tech.steam_power", "tech.petrochemical_cracking", "tech.deep_geophysics", "tech.factory_system", "tech.machine_tools", "tech.mechanical_workshops", "tech.crop_rotation", "tech.rainfed_maize_cultivation", "tech.atmospheric_engine", "tech.surface_coal_collection", "tech.coal_outcrop_identification", "tech.surface_coal_use", "tech.electric_generation", "tech.autonomous_systems", "tech.electric_motors", "tech.advanced_metallurgy", "tech.mine_ventilation", "tech.gunpowder_weapons", "tech.gunpowder_formulation", "tech.deep_mining", "tech.solar_evaporation", "tech.crop_rotation", "tech.industrial_organization", "tech.industrial_quality_control", "tech.timber_sawing", "tech.ground_stone_tools", "tech.blast_furnace", "tech.coke_smelting", "tech.surface_iron_collection", "tech.rainfed_maize_cultivation", "tech.factory_system", "tech.machine_tools", "tech.mass_production", "tech.mechanical_workshops", "tech.atmospheric_engine", "tech.surface_coal_collection", "tech.coal_outcrop_identification", "tech.surface_coal_use", "tech.semiconductor_manufacturing", "tech.robotic_manufacturing", "tech.digital_control", "tech.autonomous_systems", "tech.electric_motors", "tech.blast_furnace", "tech.timber_sawing", "tech.ground_stone_tools", "tech.coke_smelting", "tech.surface_iron_collection", "tech.synthetic_materials", "tech.hydraulic_engineering", "tech.mass_production", "tech.masonry", "tech.deadwood_collection", "tech.canal_engineering", "tech.earth_building", "tech.clay_preparation", "tech.early_glassmaking", "tech.natural_observation", "tech.electric_generation", "tech.atmospheric_engine", "tech.surface_coal_collection", "tech.coal_outcrop_identification", "tech.surface_coal_use", "tech.factory_system", "tech.machine_tools", "tech.mechanical_workshops", "tech.crop_rotation", "tech.rainfed_maize_cultivation", "tech.electrochemistry", "tech.deep_geophysics", "tech.advanced_metallurgy", "tech.mine_ventilation", "tech.gunpowder_weapons", "tech.industrial_chemistry", "tech.gunpowder_formulation", "tech.deep_mining", "tech.solar_evaporation", "tech.plastics_engineering", "tech.internal_combustion", "tech.digital_control", "tech.algorithmic_management", "tech.specialty_alloys", "tech.synthetic_materials", "tech.hydraulic_engineering", "tech.mass_production", "tech.blast_furnace", "tech.timber_sawing", "tech.ground_stone_tools", "tech.coke_smelting", "tech.surface_iron_collection", "tech.masonry", "tech.deadwood_collection", "tech.canal_engineering", "tech.earth_building", "tech.clay_preparation", "tech.early_glassmaking", "tech.natural_observation", "tech.deep_geophysics", "tech.gunpowder_weapons", "tech.industrial_chemistry", "tech.gunpowder_formulation", "tech.electric_generation", "tech.atmospheric_engine", "tech.surface_coal_collection", "tech.coal_outcrop_identification", "tech.surface_coal_use", "tech.factory_system", "tech.machine_tools", "tech.mechanical_workshops", "tech.crop_rotation", "tech.rainfed_maize_cultivation", "tech.industrial_ecology", "tech.petroleum_refining", "tech.autonomous_systems", "tech.electric_motors", "tech.electrochemistry", "tech.advanced_metallurgy", "tech.mine_ventilation", "tech.deep_mining", "tech.solar_evaporation", "tech.robotic_manufacturing", "tech.digital_control", "tech.algorithmic_management", "tech.autonomous_systems", "tech.electric_motors", "tech.blast_furnace", "tech.timber_sawing", "tech.ground_stone_tools", "tech.coke_smelting", "tech.surface_iron_collection", "tech.synthetic_materials", "tech.hydraulic_engineering", "tech.mass_production", "tech.masonry", "tech.deadwood_collection", "tech.canal_engineering", "tech.earth_building", "tech.clay_preparation", "tech.early_glassmaking", "tech.natural_observation", "tech.electric_generation", "tech.atmospheric_engine", "tech.surface_coal_collection", "tech.coal_outcrop_identification", "tech.surface_coal_use", "tech.factory_system", "tech.machine_tools", "tech.mechanical_workshops", "tech.crop_rotation", "tech.rainfed_maize_cultivation", "tech.electrochemistry", "tech.deep_geophysics", "tech.advanced_metallurgy", "tech.mine_ventilation", "tech.industrial_chemistry", "tech.gunpowder_formulation", "tech.deep_mining", "tech.solar_evaporation", "tech.gunpowder_weapons", "tech.petrochemical_industry", "tech.synthetic_materials", "tech.blast_furnace", "tech.timber_sawing", "tech.ground_stone_tools", "tech.coke_smelting", "tech.surface_iron_collection", "tech.hydraulic_engineering", "tech.mass_production", "tech.masonry", "tech.deadwood_collection", "tech.canal_engineering", "tech.earth_building", "tech.clay_preparation", "tech.early_glassmaking", "tech.natural_observation", "tech.gunpowder_formulation", "tech.electric_motors", "tech.electric_generation", "tech.atmospheric_engine", "tech.surface_coal_collection", "tech.coal_outcrop_identification", "tech.surface_coal_use", "tech.factory_system", "tech.machine_tools", "tech.mechanical_workshops", "tech.crop_rotation", "tech.rainfed_maize_cultivation", "tech.digital_computing", "tech.digital_control", "tech.flax_retting", "tech.flax_retting", "tech.seed_selection", "tech.estate_accounting", "tech.timber_sawing", "tech.ground_stone_tools", "tech.rainfed_field_system", "tech.flax_retting", "tech.estate_accounting", "tech.crop_breeding", "tech.timber_sawing", "tech.ground_stone_tools", "tech.rainfed_field_system", "tech.mechanized_agriculture", "tech.flax_retting", "tech.timber_sawing", "tech.ground_stone_tools", "tech.blast_furnace", "tech.coke_smelting", "tech.surface_iron_collection", "tech.factory_system", "tech.machine_tools", "tech.mass_production", "tech.mechanical_workshops", "tech.crop_rotation", "tech.rainfed_maize_cultivation", "tech.atmospheric_engine", "tech.surface_coal_collection", "tech.coal_outcrop_identification", "tech.surface_coal_use", "tech.rainfed_field_system", "tech.digital_computing", "tech.flax_retting", "tech.flint_identification", "tech.ground_stone_tools", "tech.bronze_casting", "tech.adobe_making", "tech.ground_stone_tools", "tech.bronze_casting", "tech.electric_motors", "tech.robotic_manufacturing", "tech.digital_control", "tech.algorithmic_management", "tech.electrification", "tech.electromagnetic_induction", "tech.electric_generation", "tech.atmospheric_engine", "tech.surface_coal_collection", "tech.coal_outcrop_identification", "tech.ground_stone_tools", "tech.surface_coal_use", "tech.copper_metallurgy", "tech.autonomous_systems", "tech.blast_furnace", "tech.timber_sawing", "tech.coke_smelting", "tech.surface_iron_collection", "tech.synthetic_materials", "tech.hydraulic_engineering", "tech.mass_production", "tech.masonry", "tech.deadwood_collection", "tech.canal_engineering", "tech.earth_building", "tech.clay_preparation", "tech.early_glassmaking", "tech.natural_observation", "tech.factory_system", "tech.machine_tools", "tech.mechanical_workshops", "tech.crop_rotation", "tech.rainfed_maize_cultivation", "tech.electrochemistry", "tech.deep_geophysics", "tech.advanced_metallurgy", "tech.mine_ventilation", "tech.gunpowder_weapons", "tech.industrial_chemistry", "tech.gunpowder_formulation", "tech.deep_mining", "tech.solar_evaporation", "tech.plastics_engineering", "tech.digital_control", "tech.sensor_networks", "tech.industrial_quality_control", "tech.smart_grid", "tech.robotic_manufacturing", "tech.digital_control", "tech.electromagnetic_induction", "tech.electric_generation", "tech.atmospheric_engine", "tech.surface_coal_collection", "tech.coal_outcrop_identification", "tech.ground_stone_tools", "tech.surface_coal_use", "tech.copper_metallurgy", "tech.algorithmic_management", "tech.timber_sawing", "tech.ground_stone_tools", "tech.blast_furnace", "tech.coke_smelting", "tech.surface_iron_collection", "tech.mechanized_agriculture", "tech.factory_system", "tech.machine_tools", "tech.mass_production", "tech.mechanical_workshops", "tech.crop_rotation", "tech.rainfed_maize_cultivation", "tech.atmospheric_engine", "tech.surface_coal_collection", "tech.coal_outcrop_identification", "tech.surface_coal_use", "tech.rainfed_field_system", "tech.mineral_spectral_survey", "tech.gunpowder_weapons", "tech.industrial_chemistry", "tech.timber_sawing", "tech.ground_stone_tools", "tech.gunpowder_formulation", "tech.natural_observation", "tech.mine_ventilation", "tech.advanced_metallurgy", "tech.mineral_spectral_survey", "tech.sensor_networks", "tech.industrial_quality_control", "tech.mine_ventilation", "tech.timber_sawing", "tech.ground_stone_tools", "tech.blast_furnace", "tech.coke_smelting", "tech.surface_iron_collection", "tech.gunpowder_weapons", "tech.industrial_chemistry", "tech.gunpowder_formulation", "tech.natural_observation", "tech.deep_mining", "tech.timber_sawing", "tech.ground_stone_tools", "tech.blast_furnace", "tech.coke_smelting", "tech.surface_iron_collection", "tech.canal_engineering", "tech.masonry", "tech.factory_system", "tech.machine_tools", "tech.mass_production", "tech.mechanical_workshops", "tech.crop_rotation", "tech.rainfed_maize_cultivation", "tech.atmospheric_engine", "tech.surface_coal_collection", "tech.coal_outcrop_identification", "tech.surface_coal_use", "tech.industrial_organization", "tech.timber_sawing", "tech.ground_stone_tools", "tech.blast_furnace", "tech.coke_smelting", "tech.surface_iron_collection", "tech.factory_system", "tech.machine_tools", "tech.mass_production", "tech.mechanical_workshops", "tech.crop_rotation", "tech.rainfed_maize_cultivation", "tech.atmospheric_engine", "tech.surface_coal_collection", "tech.coal_outcrop_identification", "tech.surface_coal_use", "tech.masonry", "tech.electronic_control", "tech.digital_control", "tech.industrial_quality_control", "tech.petroleum_extraction", "tech.petroleum_drilling", "tech.steam_power", "tech.ground_stone_tools", "tech.bronze_casting", "tech.timber_sawing", "tech.human_machine_collaboration", "tech.timber_sawing", "tech.steam_power", "tech.machine_tools", "tech.atmospheric_engine", "tech.surface_coal_collection", "tech.coal_outcrop_identification", "tech.ground_stone_tools", "tech.surface_coal_use", "tech.machine_tools", "tech.industrial_quality_control", "tech.industrial_ecology", "tech.petroleum_refining", "tech.autonomous_labor_coordination", "tech.digital_computing", "tech.digital_control", "tech.maize_propagation", "tech.digital_computing", "tech.maize_propagation", "tech.autonomous_mining", "tech.mineral_spectral_survey", "tech.autonomous_systems", "tech.electric_motors", "tech.blast_furnace", "tech.timber_sawing", "tech.ground_stone_tools", "tech.coke_smelting", "tech.surface_iron_collection", "tech.synthetic_materials", "tech.hydraulic_engineering", "tech.mass_production", "tech.masonry", "tech.deadwood_collection", "tech.canal_engineering", "tech.earth_building", "tech.clay_preparation", "tech.early_glassmaking", "tech.natural_observation", "tech.electric_generation", "tech.atmospheric_engine", "tech.surface_coal_collection", "tech.coal_outcrop_identification", "tech.surface_coal_use", "tech.factory_system", "tech.machine_tools", "tech.mechanical_workshops", "tech.crop_rotation", "tech.rainfed_maize_cultivation", "tech.electrochemistry", "tech.deep_geophysics", "tech.advanced_metallurgy", "tech.mine_ventilation", "tech.gunpowder_weapons", "tech.industrial_chemistry", "tech.gunpowder_formulation", "tech.deep_mining", "tech.solar_evaporation", "tech.ground_stone_tools", "tech.coastal_fishing", "tech.bronze_casting", "tech.oceanic_navigation", "tech.timber_sawing", "tech.ground_stone_tools", "tech.coastal_fishing", "tech.digital_computing", "tech.digital_control", "tech.modern_medicine", "tech.blast_furnace", "tech.timber_sawing", "tech.ground_stone_tools", "tech.coke_smelting", "tech.surface_iron_collection", "tech.synthetic_materials", "tech.hydraulic_engineering", "tech.mass_production", "tech.masonry", "tech.deadwood_collection", "tech.canal_engineering", "tech.earth_building", "tech.clay_preparation", "tech.early_glassmaking", "tech.natural_observation", "tech.crop_rotation", "tech.mechanical_workshops", "tech.pastoralism", "tech.electric_generation", "tech.atmospheric_engine", "tech.surface_coal_collection", "tech.coal_outcrop_identification", "tech.surface_coal_use", "tech.cotton_gardening", "tech.digital_computing", "tech.modern_medicine", "tech.commodity_crop_management", "tech.autonomous_mining", "tech.mineral_spectral_survey", "tech.autonomous_systems", "tech.electric_motors", "tech.blast_furnace", "tech.timber_sawing", "tech.ground_stone_tools", "tech.coke_smelting", "tech.surface_iron_collection", "tech.synthetic_materials", "tech.hydraulic_engineering", "tech.mass_production", "tech.masonry", "tech.deadwood_collection", "tech.canal_engineering", "tech.earth_building", "tech.clay_preparation", "tech.early_glassmaking", "tech.natural_observation", "tech.electric_generation", "tech.atmospheric_engine", "tech.surface_coal_collection", "tech.coal_outcrop_identification", "tech.surface_coal_use", "tech.factory_system", "tech.machine_tools", "tech.mechanical_workshops", "tech.crop_rotation", "tech.rainfed_maize_cultivation", "tech.electrochemistry", "tech.deep_geophysics", "tech.advanced_metallurgy", "tech.mine_ventilation", "tech.gunpowder_weapons", "tech.industrial_chemistry", "tech.gunpowder_formulation", "tech.deep_mining", "tech.solar_evaporation", "tech.autonomous_systems", "tech.robotic_manufacturing", "tech.digital_control", "tech.electric_motors", "tech.blast_furnace", "tech.timber_sawing", "tech.ground_stone_tools", "tech.coke_smelting", "tech.surface_iron_collection", "tech.synthetic_materials", "tech.hydraulic_engineering", "tech.mass_production", "tech.masonry", "tech.deadwood_collection", "tech.canal_engineering", "tech.earth_building", "tech.clay_preparation", "tech.early_glassmaking", "tech.natural_observation", "tech.electric_generation", "tech.atmospheric_engine", "tech.surface_coal_collection", "tech.coal_outcrop_identification", "tech.surface_coal_use", "tech.factory_system", "tech.machine_tools", "tech.mechanical_workshops", "tech.crop_rotation", "tech.rainfed_maize_cultivation", "tech.electrochemistry", "tech.deep_geophysics", "tech.advanced_metallurgy", "tech.mine_ventilation", "tech.gunpowder_weapons", "tech.industrial_chemistry", "tech.gunpowder_formulation", "tech.deep_mining", "tech.solar_evaporation", "tech.systems_engineering", "tech.oceanic_ship_design", "tech.coastal_shipyards", "tech.mass_production", "tech.industrial_statistics", "tech.blast_furnace", "tech.timber_sawing", "tech.ground_stone_tools", "tech.coke_smelting", "tech.surface_iron_collection", "tech.synthetic_materials", "tech.hydraulic_engineering", "tech.masonry", "tech.deadwood_collection", "tech.canal_engineering", "tech.earth_building", "tech.clay_preparation", "tech.early_glassmaking", "tech.natural_observation", "tech.weaving", "tech.hand_spinning", "tech.wild_flax_collection", "tech.electric_generation", "tech.atmospheric_engine", "tech.surface_coal_collection", "tech.coal_outcrop_identification", "tech.surface_coal_use", "tech.factory_system", "tech.machine_tools", "tech.mechanical_workshops", "tech.crop_rotation", "tech.rainfed_maize_cultivation", "tech.advanced_metallurgy", "tech.blast_furnace", "tech.timber_sawing", "tech.ground_stone_tools", "tech.coke_smelting", "tech.surface_iron_collection", "tech.synthetic_materials", "tech.hydraulic_engineering", "tech.mass_production", "tech.masonry", "tech.deadwood_collection", "tech.canal_engineering", "tech.earth_building", "tech.clay_preparation", "tech.early_glassmaking", "tech.natural_observation", "tech.electric_generation", "tech.atmospheric_engine", "tech.surface_coal_collection", "tech.coal_outcrop_identification", "tech.surface_coal_use", "tech.factory_system", "tech.machine_tools", "tech.mechanical_workshops", "tech.crop_rotation", "tech.rainfed_maize_cultivation", "tech.plant_fiber_papermaking", "tech.writing", "tech.fiber_twisting", "tech.wild_flax_collection", "tech.machine_learning", "tech.robotic_manufacturing", "tech.digital_control", "tech.algorithmic_management", "tech.petroleum_extraction", "tech.petroleum_drilling", "tech.steam_power", "tech.petrochemical_cracking", "tech.deep_geophysics", "tech.blast_furnace", "tech.timber_sawing", "tech.ground_stone_tools", "tech.coke_smelting", "tech.surface_iron_collection", "tech.synthetic_materials", "tech.hydraulic_engineering", "tech.mass_production", "tech.masonry", "tech.deadwood_collection", "tech.canal_engineering", "tech.earth_building", "tech.clay_preparation", "tech.early_glassmaking", "tech.natural_observation", "tech.factory_system", "tech.machine_tools", "tech.mechanical_workshops", "tech.crop_rotation", "tech.rainfed_maize_cultivation", "tech.atmospheric_engine", "tech.surface_coal_collection", "tech.coal_outcrop_identification", "tech.surface_coal_use", "tech.electric_generation", "tech.autonomous_systems", "tech.electric_motors", "tech.electrochemistry", "tech.advanced_metallurgy", "tech.mine_ventilation", "tech.gunpowder_weapons", "tech.industrial_chemistry", "tech.gunpowder_formulation", "tech.deep_mining", "tech.solar_evaporation", "tech.mineral_spectral_survey", "tech.mechanized_mining", "tech.gunpowder_weapons", "tech.industrial_chemistry", "tech.timber_sawing", "tech.ground_stone_tools", "tech.gunpowder_formulation", "tech.natural_observation", "tech.machine_learning", "tech.robotic_manufacturing", "tech.digital_control", "tech.algorithmic_management", "tech.petrochemical_industry", "tech.blast_furnace", "tech.timber_sawing", "tech.ground_stone_tools", "tech.coke_smelting", "tech.surface_iron_collection", "tech.synthetic_materials", "tech.hydraulic_engineering", "tech.mass_production", "tech.masonry", "tech.deadwood_collection", "tech.canal_engineering", "tech.earth_building", "tech.clay_preparation", "tech.early_glassmaking", "tech.natural_observation", "tech.petroleum_extraction", "tech.petroleum_drilling", "tech.steam_power", "tech.petrochemical_cracking", "tech.deep_geophysics", "tech.factory_system", "tech.machine_tools", "tech.mechanical_workshops", "tech.crop_rotation", "tech.rainfed_maize_cultivation", "tech.atmospheric_engine", "tech.surface_coal_collection", "tech.coal_outcrop_identification", "tech.surface_coal_use", "tech.electric_generation", "tech.autonomous_systems", "tech.electric_motors", "tech.electrochemistry", "tech.advanced_metallurgy", "tech.mine_ventilation", "tech.gunpowder_weapons", "tech.industrial_chemistry", "tech.gunpowder_formulation", "tech.deep_mining", "tech.solar_evaporation", "tech.motorized_agriculture", "tech.mechanized_agriculture", "tech.potato_propagation", "tech.timber_sawing", "tech.ground_stone_tools", "tech.blast_furnace", "tech.coke_smelting", "tech.surface_iron_collection", "tech.factory_system", "tech.machine_tools", "tech.mass_production", "tech.mechanical_workshops", "tech.crop_rotation", "tech.rainfed_maize_cultivation", "tech.atmospheric_engine", "tech.surface_coal_collection", "tech.coal_outcrop_identification", "tech.surface_coal_use", "tech.rainfed_field_system", "tech.digital_computing", "tech.digital_control", "tech.potato_propagation", "tech.potato_propagation", "tech.rainfed_field_system", "tech.household_landholding", "tech.customary_tenancy", "tech.tenant_cereal_farming", "tech.adobe_making", "tech.earth_building", "tech.deadwood_collection", "tech.clay_preparation", "tech.ground_stone_tools", "tech.gathering", "tech.estate_accounting", "tech.intensive_crop_rotation", "tech.timber_sawing", "tech.crop_breeding", "tech.long_term_leases", "tech.digital_computing", "tech.geographic_information_systems", "tech.potato_propagation", "tech.kiln_firing", "tech.guild_organization", "tech.timber_sawing", "tech.ground_stone_tools", "tech.bronze_casting", "tech.robotic_manufacturing", "tech.digital_control", "tech.industrial_research", "tech.scientific_classification", "tech.autonomous_systems", "tech.electric_motors", "tech.blast_furnace", "tech.timber_sawing", "tech.ground_stone_tools", "tech.coke_smelting", "tech.surface_iron_collection", "tech.synthetic_materials", "tech.hydraulic_engineering", "tech.mass_production", "tech.masonry", "tech.deadwood_collection", "tech.canal_engineering", "tech.earth_building", "tech.clay_preparation", "tech.early_glassmaking", "tech.natural_observation", "tech.electric_generation", "tech.atmospheric_engine", "tech.surface_coal_collection", "tech.coal_outcrop_identification", "tech.surface_coal_use", "tech.factory_system", "tech.machine_tools", "tech.mechanical_workshops", "tech.crop_rotation", "tech.rainfed_maize_cultivation", "tech.electrochemistry", "tech.deep_geophysics", "tech.advanced_metallurgy", "tech.mine_ventilation", "tech.gunpowder_weapons", "tech.industrial_chemistry", "tech.gunpowder_formulation", "tech.deep_mining", "tech.solar_evaporation", "tech.electronic_control", "tech.industrial_quality_control", "tech.blast_furnace", "tech.timber_sawing", "tech.ground_stone_tools", "tech.coke_smelting", "tech.surface_iron_collection", "tech.synthetic_materials", "tech.hydraulic_engineering", "tech.mass_production", "tech.masonry", "tech.deadwood_collection", "tech.canal_engineering", "tech.earth_building", "tech.clay_preparation", "tech.early_glassmaking", "tech.natural_observation", "tech.industrial_research", "tech.scientific_classification", "tech.electric_motors", "tech.electric_generation", "tech.atmospheric_engine", "tech.surface_coal_collection", "tech.coal_outcrop_identification", "tech.surface_coal_use", "tech.factory_system", "tech.machine_tools", "tech.mechanical_workshops", "tech.crop_rotation", "tech.rainfed_maize_cultivation", "tech.blast_furnace", "tech.timber_sawing", "tech.ground_stone_tools", "tech.coke_smelting", "tech.surface_iron_collection", "tech.synthetic_materials", "tech.hydraulic_engineering", "tech.mass_production", "tech.masonry", "tech.deadwood_collection", "tech.canal_engineering", "tech.earth_building", "tech.clay_preparation", "tech.early_glassmaking", "tech.natural_observation", "tech.plant_fiber_papermaking", "tech.writing", "tech.fiber_twisting", "tech.wild_flax_collection", "tech.electric_generation", "tech.atmospheric_engine", "tech.surface_coal_collection", "tech.coal_outcrop_identification", "tech.surface_coal_use", "tech.factory_system", "tech.machine_tools", "tech.mechanical_workshops", "tech.crop_rotation", "tech.rainfed_maize_cultivation", "tech.radio", "tech.robotic_manufacturing", "tech.digital_control", "tech.electric_grid", "tech.blast_furnace", "tech.timber_sawing", "tech.ground_stone_tools", "tech.coke_smelting", "tech.surface_iron_collection", "tech.synthetic_materials", "tech.hydraulic_engineering", "tech.mass_production", "tech.masonry", "tech.deadwood_collection", "tech.canal_engineering", "tech.earth_building", "tech.clay_preparation", "tech.early_glassmaking", "tech.natural_observation", "tech.electromagnetic_induction", "tech.electric_generation", "tech.atmospheric_engine", "tech.surface_coal_collection", "tech.coal_outcrop_identification", "tech.surface_coal_use", "tech.copper_metallurgy", "tech.petrochemical_industry", "tech.petroleum_extraction", "tech.petroleum_drilling", "tech.steam_power", "tech.petrochemical_cracking", "tech.deep_geophysics", "tech.factory_system", "tech.machine_tools", "tech.mechanical_workshops", "tech.crop_rotation", "tech.rainfed_maize_cultivation", "tech.gunpowder_formulation", "tech.plastics_engineering", "tech.autonomous_systems", "tech.electric_motors", "tech.electrochemistry", "tech.advanced_metallurgy", "tech.mine_ventilation", "tech.gunpowder_weapons", "tech.industrial_chemistry", "tech.deep_mining", "tech.solar_evaporation", "tech.mineral_spectral_survey", "tech.digital_control", "tech.autonomous_systems", "tech.electric_motors", "tech.blast_furnace", "tech.timber_sawing", "tech.ground_stone_tools", "tech.coke_smelting", "tech.surface_iron_collection", "tech.synthetic_materials", "tech.hydraulic_engineering", "tech.mass_production", "tech.masonry", "tech.deadwood_collection", "tech.canal_engineering", "tech.earth_building", "tech.clay_preparation", "tech.early_glassmaking", "tech.natural_observation", "tech.electric_generation", "tech.atmospheric_engine", "tech.surface_coal_collection", "tech.coal_outcrop_identification", "tech.surface_coal_use", "tech.factory_system", "tech.machine_tools", "tech.mechanical_workshops", "tech.crop_rotation", "tech.rainfed_maize_cultivation", "tech.electrochemistry", "tech.deep_geophysics", "tech.advanced_metallurgy", "tech.mine_ventilation", "tech.gunpowder_weapons", "tech.industrial_chemistry", "tech.gunpowder_formulation", "tech.deep_mining", "tech.solar_evaporation", "tech.advanced_metallurgy", "tech.mineral_spectral_survey", "tech.digital_control", "tech.algorithmic_management", "tech.systems_engineering", "tech.deep_geophysics", "tech.gunpowder_weapons", "tech.industrial_chemistry", "tech.timber_sawing", "tech.ground_stone_tools", "tech.gunpowder_formulation", "tech.natural_observation", "tech.autonomous_systems", "tech.electric_motors", "tech.blast_furnace", "tech.coke_smelting", "tech.surface_iron_collection", "tech.synthetic_materials", "tech.hydraulic_engineering", "tech.mass_production", "tech.masonry", "tech.deadwood_collection", "tech.canal_engineering", "tech.earth_building", "tech.clay_preparation", "tech.early_glassmaking", "tech.electric_generation", "tech.atmospheric_engine", "tech.surface_coal_collection", "tech.coal_outcrop_identification", "tech.surface_coal_use", "tech.factory_system", "tech.machine_tools", "tech.mechanical_workshops", "tech.crop_rotation", "tech.rainfed_maize_cultivation", "tech.electrochemistry", "tech.mine_ventilation", "tech.deep_mining", "tech.solar_evaporation", "tech.nuclear_energy", "tech.autonomous_systems", "tech.digital_control", "tech.algorithmic_management", "tech.electrification", "tech.electromagnetic_induction", "tech.electric_generation", "tech.atmospheric_engine", "tech.surface_coal_collection", "tech.coal_outcrop_identification", "tech.ground_stone_tools", "tech.surface_coal_use", "tech.copper_metallurgy", "tech.electric_motors", "tech.blast_furnace", "tech.timber_sawing", "tech.coke_smelting", "tech.surface_iron_collection", "tech.synthetic_materials", "tech.hydraulic_engineering", "tech.mass_production", "tech.masonry", "tech.deadwood_collection", "tech.canal_engineering", "tech.earth_building", "tech.clay_preparation", "tech.early_glassmaking", "tech.natural_observation", "tech.factory_system", "tech.machine_tools", "tech.mechanical_workshops", "tech.crop_rotation", "tech.rainfed_maize_cultivation", "tech.electrochemistry", "tech.deep_geophysics", "tech.advanced_metallurgy", "tech.mine_ventilation", "tech.gunpowder_weapons", "tech.industrial_chemistry", "tech.gunpowder_formulation", "tech.deep_mining", "tech.solar_evaporation", "tech.systems_engineering", "tech.machine_learning", "tech.robotic_manufacturing", "tech.digital_control", "tech.algorithmic_management", "tech.petroleum_extraction", "tech.petroleum_drilling", "tech.steam_power", "tech.autonomous_systems", "tech.electric_motors", "tech.blast_furnace", "tech.timber_sawing", "tech.ground_stone_tools", "tech.coke_smelting", "tech.surface_iron_collection", "tech.synthetic_materials", "tech.hydraulic_engineering", "tech.mass_production", "tech.masonry", "tech.deadwood_collection", "tech.canal_engineering", "tech.earth_building", "tech.clay_preparation", "tech.early_glassmaking", "tech.natural_observation", "tech.electric_generation", "tech.atmospheric_engine", "tech.surface_coal_collection", "tech.coal_outcrop_identification", "tech.surface_coal_use", "tech.factory_system", "tech.machine_tools", "tech.mechanical_workshops", "tech.crop_rotation", "tech.rainfed_maize_cultivation", "tech.electrochemistry", "tech.deep_geophysics", "tech.advanced_metallurgy", "tech.mine_ventilation", "tech.gunpowder_weapons", "tech.industrial_chemistry", "tech.gunpowder_formulation", "tech.deep_mining", "tech.solar_evaporation", "tech.digital_computing", "tech.adaptive_irrigation", "tech.rice_water_control", "tech.rice_paddy_cultivation", "tech.rice_paddy_cultivation", "tech.customary_tenancy", "tech.timber_sawing", "tech.ground_stone_tools", "tech.bronze_casting", "tech.rice_water_control", "tech.estate_accounting", "tech.crop_breeding", "tech.long_term_leases", "tech.timber_sawing", "tech.ground_stone_tools", "tech.mechanized_agriculture", "tech.rice_water_control", "tech.rice_paddy_cultivation", "tech.timber_sawing", "tech.ground_stone_tools", "tech.blast_furnace", "tech.coke_smelting", "tech.surface_iron_collection", "tech.factory_system", "tech.machine_tools", "tech.mass_production", "tech.mechanical_workshops", "tech.crop_rotation", "tech.rainfed_maize_cultivation", "tech.atmospheric_engine", "tech.surface_coal_collection", "tech.coal_outcrop_identification", "tech.surface_coal_use", "tech.digital_computing", "tech.precision_irrigation", "tech.rice_water_control", "tech.rice_paddy_cultivation", "tech.digital_computing", "tech.digital_control", "tech.commodity_crop_management", "tech.rubber_working", "tech.commodity_crop_management", "tech.mechanized_agriculture", "tech.timber_sawing", "tech.ground_stone_tools", "tech.blast_furnace", "tech.coke_smelting", "tech.surface_iron_collection", "tech.factory_system", "tech.machine_tools", "tech.mass_production", "tech.mechanical_workshops", "tech.crop_rotation", "tech.rainfed_maize_cultivation", "tech.atmospheric_engine", "tech.surface_coal_collection", "tech.coal_outcrop_identification", "tech.surface_coal_use", "tech.digital_computing", "tech.commodity_crop_management", "tech.rubber_working", "tech.autonomous_systems", "tech.electric_motors", "tech.blast_furnace", "tech.timber_sawing", "tech.ground_stone_tools", "tech.coke_smelting", "tech.surface_iron_collection", "tech.synthetic_materials", "tech.hydraulic_engineering", "tech.mass_production", "tech.masonry", "tech.deadwood_collection", "tech.canal_engineering", "tech.earth_building", "tech.clay_preparation", "tech.early_glassmaking", "tech.natural_observation", "tech.electric_generation", "tech.atmospheric_engine", "tech.surface_coal_collection", "tech.coal_outcrop_identification", "tech.surface_coal_use", "tech.factory_system", "tech.machine_tools", "tech.mechanical_workshops", "tech.crop_rotation", "tech.rainfed_maize_cultivation", "tech.electrochemistry", "tech.deep_geophysics", "tech.advanced_metallurgy", "tech.mine_ventilation", "tech.gunpowder_weapons", "tech.industrial_chemistry", "tech.gunpowder_formulation", "tech.deep_mining", "tech.solar_evaporation", "tech.geological_prospecting", "tech.industrial_chemistry", "tech.blast_furnace", "tech.timber_sawing", "tech.ground_stone_tools", "tech.coke_smelting", "tech.surface_iron_collection", "tech.synthetic_materials", "tech.hydraulic_engineering", "tech.mass_production", "tech.masonry", "tech.deadwood_collection", "tech.canal_engineering", "tech.earth_building", "tech.clay_preparation", "tech.early_glassmaking", "tech.natural_observation", "tech.electric_motors", "tech.electric_generation", "tech.atmospheric_engine", "tech.surface_coal_collection", "tech.coal_outcrop_identification", "tech.surface_coal_use", "tech.factory_system", "tech.machine_tools", "tech.mechanical_workshops", "tech.crop_rotation", "tech.rainfed_maize_cultivation", "tech.distributed_intelligence", "tech.robotic_manufacturing", "tech.digital_control", "tech.scientific_agents", "tech.early_glassmaking", "tech.natural_copper_working", "tech.electronic_control", "tech.industrial_research", "tech.blast_furnace", "tech.timber_sawing", "tech.ground_stone_tools", "tech.coke_smelting", "tech.surface_iron_collection", "tech.synthetic_materials", "tech.hydraulic_engineering", "tech.mass_production", "tech.masonry", "tech.deadwood_collection", "tech.canal_engineering", "tech.earth_building", "tech.clay_preparation", "tech.early_glassmaking", "tech.natural_observation", "tech.electric_motors", "tech.electric_generation", "tech.atmospheric_engine", "tech.surface_coal_collection", "tech.coal_outcrop_identification", "tech.surface_coal_use", "tech.factory_system", "tech.machine_tools", "tech.mechanical_workshops", "tech.crop_rotation", "tech.rainfed_maize_cultivation", "tech.advanced_metallurgy", "tech.sensor_networks", "tech.autonomous_systems", "tech.smart_grid", "tech.electrification", "tech.electromagnetic_induction", "tech.electric_generation", "tech.atmospheric_engine", "tech.surface_coal_collection", "tech.coal_outcrop_identification", "tech.ground_stone_tools", "tech.surface_coal_use", "tech.copper_metallurgy", "tech.mechanized_agriculture", "tech.timber_sawing", "tech.blast_furnace", "tech.coke_smelting", "tech.surface_iron_collection", "tech.factory_system", "tech.machine_tools", "tech.mass_production", "tech.mechanical_workshops", "tech.crop_rotation", "tech.rainfed_maize_cultivation", "tech.industrial_chemistry", "tech.mass_production", "tech.timber_sawing", "tech.ground_stone_tools", "tech.blast_furnace", "tech.coke_smelting", "tech.surface_iron_collection", "tech.herd_management", "tech.animal_husbandry", "tech.deadwood_collection", "tech.solar_evaporation", "tech.factory_system", "tech.machine_tools", "tech.mechanical_workshops", "tech.crop_rotation", "tech.rainfed_maize_cultivation", "tech.atmospheric_engine", "tech.surface_coal_collection", "tech.coal_outcrop_identification", "tech.surface_coal_use", "tech.biotechnology", "tech.precision_agriculture", "tech.automated_agriculture", "tech.crop_rotation", "tech.digital_computing", "tech.digital_control", "tech.commodity_crop_management", "tech.commodity_crop_management", "tech.mechanized_agriculture", "tech.timber_sawing", "tech.ground_stone_tools", "tech.blast_furnace", "tech.coke_smelting", "tech.surface_iron_collection", "tech.factory_system", "tech.machine_tools", "tech.mass_production", "tech.mechanical_workshops", "tech.crop_rotation", "tech.rainfed_maize_cultivation", "tech.atmospheric_engine", "tech.surface_coal_collection", "tech.coal_outcrop_identification", "tech.surface_coal_use", "tech.digital_computing", "tech.commodity_crop_management", "tech.digital_control", "tech.industrial_quality_control", "tech.coke_smelting", "tech.oceanic_navigation", "tech.steam_power", "tech.coastal_shipyards", "tech.timber_sawing", "tech.ground_stone_tools", "tech.blast_furnace", "tech.coke_smelting", "tech.surface_iron_collection", "tech.atmospheric_engine", "tech.surface_coal_collection", "tech.coal_outcrop_identification", "tech.surface_coal_use", "tech.weaving", "tech.hand_spinning", "tech.wild_flax_collection", "tech.early_glassmaking", "tech.natural_observation", "tech.crop_rotation", "tech.fur_sewing", "tech.timber_sawing", "tech.ground_stone_tools", "tech.masonry", "tech.ground_stone_tools", "tech.bronze_casting", "tech.timber_sawing", "tech.ground_stone_tools", "tech.human_machine_collaboration", "tech.gunpowder_formulation", "tech.geological_prospecting", "tech.industrial_chemistry", "tech.blast_furnace", "tech.timber_sawing", "tech.ground_stone_tools", "tech.coke_smelting", "tech.surface_iron_collection", "tech.synthetic_materials", "tech.hydraulic_engineering", "tech.mass_production", "tech.masonry", "tech.deadwood_collection", "tech.canal_engineering", "tech.earth_building", "tech.clay_preparation", "tech.early_glassmaking", "tech.natural_observation", "tech.electric_motors", "tech.electric_generation", "tech.atmospheric_engine", "tech.surface_coal_collection", "tech.coal_outcrop_identification", "tech.surface_coal_use", "tech.factory_system", "tech.machine_tools", "tech.mechanical_workshops", "tech.crop_rotation", "tech.rainfed_maize_cultivation", "tech.synthetic_fiber_engineering", "tech.machine_learning", "tech.digital_control", "tech.petrochemical_industry", "tech.blast_furnace", "tech.timber_sawing", "tech.ground_stone_tools", "tech.coke_smelting", "tech.surface_iron_collection", "tech.synthetic_materials", "tech.hydraulic_engineering", "tech.mass_production", "tech.masonry", "tech.deadwood_collection", "tech.canal_engineering", "tech.earth_building", "tech.clay_preparation", "tech.early_glassmaking", "tech.natural_observation", "tech.petroleum_extraction", "tech.petroleum_drilling", "tech.steam_power", "tech.petrochemical_cracking", "tech.deep_geophysics", "tech.factory_system", "tech.machine_tools", "tech.mechanical_workshops", "tech.crop_rotation", "tech.rainfed_maize_cultivation", "tech.atmospheric_engine", "tech.surface_coal_collection", "tech.coal_outcrop_identification", "tech.surface_coal_use", "tech.electric_generation", "tech.autonomous_systems", "tech.electric_motors", "tech.electrochemistry", "tech.advanced_metallurgy", "tech.mine_ventilation", "tech.gunpowder_weapons", "tech.industrial_chemistry", "tech.gunpowder_formulation", "tech.deep_mining", "tech.solar_evaporation", "tech.synthetic_materials", "tech.machine_learning", "tech.digital_control", "tech.petrochemical_industry", "tech.blast_furnace", "tech.timber_sawing", "tech.ground_stone_tools", "tech.coke_smelting", "tech.surface_iron_collection", "tech.hydraulic_engineering", "tech.mass_production", "tech.masonry", "tech.deadwood_collection", "tech.canal_engineering", "tech.earth_building", "tech.clay_preparation", "tech.early_glassmaking", "tech.natural_observation", "tech.petroleum_extraction", "tech.petroleum_drilling", "tech.steam_power", "tech.petrochemical_cracking", "tech.deep_geophysics", "tech.factory_system", "tech.machine_tools", "tech.mechanical_workshops", "tech.crop_rotation", "tech.rainfed_maize_cultivation", "tech.atmospheric_engine", "tech.surface_coal_collection", "tech.coal_outcrop_identification", "tech.surface_coal_use", "tech.electric_generation", "tech.autonomous_systems", "tech.electric_motors", "tech.electrochemistry", "tech.advanced_metallurgy", "tech.mine_ventilation", "tech.gunpowder_weapons", "tech.industrial_chemistry", "tech.gunpowder_formulation", "tech.deep_mining", "tech.solar_evaporation", "tech.ground_stone_tools", "tech.bronze_casting", "tech.timber_sawing", "tech.ground_stone_tools", "tech.human_machine_collaboration", "tech.digital_computing", "tech.digital_control", "tech.wheat_propagation", "tech.wheat_propagation", "tech.rainfed_field_system", "tech.estate_accounting", "tech.intensive_crop_rotation", "tech.timber_sawing", "tech.ground_stone_tools", "tech.wheat_propagation", "tech.rainfed_field_system", "tech.estate_accounting", "tech.intensive_crop_rotation", "tech.long_term_leases", "tech.timber_sawing", "tech.ground_stone_tools", "tech.mechanized_agriculture", "tech.wheat_propagation", "tech.mechanical_reaping", "tech.timber_sawing", "tech.ground_stone_tools", "tech.blast_furnace", "tech.coke_smelting", "tech.surface_iron_collection", "tech.factory_system", "tech.machine_tools", "tech.mass_production", "tech.mechanical_workshops", "tech.crop_rotation", "tech.rainfed_maize_cultivation", "tech.atmospheric_engine", "tech.surface_coal_collection", "tech.coal_outcrop_identification", "tech.surface_coal_use", "tech.rainfed_field_system", "tech.digital_computing", "tech.wheat_propagation", "tech.smart_grid", "tech.robotic_manufacturing", "tech.digital_control", "tech.natural_copper_working", "tech.timber_sawing", "tech.ground_stone_tools", "tech.herd_management", "tech.animal_husbandry", "tech.deadwood_collection", "tech.bronze_casting", "tech.timber_sawing", "tech.ground_stone_tools", "tech.herd_management", "tech.animal_husbandry", "tech.deadwood_collection", "tech.human_machine_collaboration", "tech.gunpowder_weapons", "tech.advanced_metallurgy", "tech.mineral_spectral_survey", "tech.sensor_networks", "tech.industrial_quality_control", "tech.electrochemistry", "tech.mine_ventilation", "tech.timber_sawing", "tech.ground_stone_tools", "tech.blast_furnace", "tech.coke_smelting", "tech.surface_iron_collection", "tech.gunpowder_weapons", "tech.industrial_chemistry", "tech.gunpowder_formulation", "tech.natural_observation", "tech.timber_sawing", "tech.ground_stone_tools", "tech.animal_tracking", "tech.manuscript_culture", "tech.pottery", "tech.guild_apprenticeship", "tech.timber_sawing", "tech.ground_stone_tools", "tech.plant_fiber_papermaking", "tech.writing", "tech.fiber_twisting", "tech.wild_flax_collection", "tech.deep_geophysics", "tech.petroleum_drilling", "tech.blast_furnace", "tech.timber_sawing", "tech.ground_stone_tools", "tech.coke_smelting", "tech.surface_iron_collection", "tech.synthetic_materials", "tech.hydraulic_engineering", "tech.mass_production", "tech.masonry", "tech.deadwood_collection", "tech.canal_engineering", "tech.earth_building", "tech.clay_preparation", "tech.early_glassmaking", "tech.natural_observation", "tech.factory_system", "tech.machine_tools", "tech.mechanical_workshops", "tech.crop_rotation", "tech.rainfed_maize_cultivation", "tech.atmospheric_engine", "tech.surface_coal_collection", "tech.coal_outcrop_identification", "tech.surface_coal_use", "tech.electric_generation", "tech.blast_furnace", "tech.timber_sawing", "tech.ground_stone_tools", "tech.coke_smelting", "tech.surface_iron_collection", "tech.synthetic_materials", "tech.hydraulic_engineering", "tech.mass_production", "tech.masonry", "tech.deadwood_collection", "tech.canal_engineering", "tech.earth_building", "tech.clay_preparation", "tech.early_glassmaking", "tech.natural_observation", "tech.systems_engineering", "tech.mineral_spectral_survey", "tech.deep_geophysics", "tech.gunpowder_weapons", "tech.industrial_chemistry", "tech.gunpowder_formulation", "tech.electric_generation", "tech.atmospheric_engine", "tech.surface_coal_collection", "tech.coal_outcrop_identification", "tech.surface_coal_use", "tech.factory_system", "tech.machine_tools", "tech.mechanical_workshops", "tech.crop_rotation", "tech.rainfed_maize_cultivation", "tech.blast_furnace", "tech.timber_sawing", "tech.ground_stone_tools", "tech.coke_smelting", "tech.surface_iron_collection", "tech.synthetic_materials", "tech.hydraulic_engineering", "tech.mass_production", "tech.masonry", "tech.deadwood_collection", "tech.canal_engineering", "tech.earth_building", "tech.clay_preparation", "tech.early_glassmaking", "tech.natural_observation", "tech.systems_engineering", "tech.mineral_spectral_survey", "tech.deep_geophysics", "tech.gunpowder_weapons", "tech.industrial_chemistry", "tech.gunpowder_formulation", "tech.electric_generation", "tech.atmospheric_engine", "tech.surface_coal_collection", "tech.coal_outcrop_identification", "tech.surface_coal_use", "tech.factory_system", "tech.machine_tools", "tech.mechanical_workshops", "tech.crop_rotation", "tech.rainfed_maize_cultivation", "tech.nuclear_energy", "tech.electrification", "tech.electromagnetic_induction", "tech.copper_metallurgy", "tech.blast_furnace", "tech.timber_sawing", "tech.ground_stone_tools", "tech.coke_smelting", "tech.surface_iron_collection", "tech.synthetic_materials", "tech.hydraulic_engineering", "tech.mass_production", "tech.masonry", "tech.deadwood_collection", "tech.canal_engineering", "tech.earth_building", "tech.clay_preparation", "tech.early_glassmaking", "tech.natural_observation", "tech.nuclear_fission", "tech.systems_engineering", "tech.mineral_spectral_survey", "tech.deep_geophysics", "tech.gunpowder_weapons", "tech.industrial_chemistry", "tech.gunpowder_formulation", "tech.electric_generation", "tech.atmospheric_engine", "tech.surface_coal_collection", "tech.coal_outcrop_identification", "tech.surface_coal_use", "tech.factory_system", "tech.machine_tools", "tech.mechanical_workshops", "tech.crop_rotation", "tech.rainfed_maize_cultivation", "tech.electrification", "tech.electromagnetic_induction", "tech.copper_metallurgy", "tech.timber_sawing", "tech.ground_stone_tools", "tech.weaving", "tech.hand_spinning", "tech.wild_flax_collection", "tech.early_glassmaking", "tech.natural_observation", "tech.advanced_metallurgy", "tech.machine_tools", "tech.adobe_making", "tech.blast_furnace", "tech.timber_sawing", "tech.ground_stone_tools", "tech.coke_smelting", "tech.surface_iron_collection", "tech.synthetic_materials", "tech.hydraulic_engineering", "tech.mass_production", "tech.masonry", "tech.deadwood_collection", "tech.canal_engineering", "tech.earth_building", "tech.clay_preparation", "tech.early_glassmaking", "tech.natural_observation", "tech.petroleum_refining", "tech.petroleum_extraction", "tech.steam_power", "tech.electric_generation", "tech.atmospheric_engine", "tech.surface_coal_collection", "tech.coal_outcrop_identification", "tech.surface_coal_use", "tech.factory_system", "tech.machine_tools", "tech.mechanical_workshops", "tech.crop_rotation", "tech.rainfed_maize_cultivation", "tech.fire_control", "tech.clay_preparation", "tech.earth_building", "tech.ground_stone_tools", "tech.charcoal_burning", "tech.deadwood_collection", "tech.wild_flax_collection", "tech.bronze_casting", "tech.kiln_firing", "tech.tin_identification", "tech.ground_stone_tools", "tech.natural_copper_working", "tech.charcoal_burning", "tech.standardization", "tech.guild_organization", "tech.timber_sawing", "tech.ground_stone_tools", "tech.plant_fiber_papermaking", "tech.writing", "tech.fiber_twisting", "tech.wild_flax_collection", "tech.industrial_chemistry", "tech.factory_system", "tech.writing", "tech.hide_tanning", "tech.animal_husbandry", "tech.deadwood_collection", "tech.ground_stone_tools", "tech.blast_furnace", "tech.timber_sawing", "tech.ground_stone_tools", "tech.coke_smelting", "tech.surface_iron_collection", "tech.synthetic_materials", "tech.hydraulic_engineering", "tech.mass_production", "tech.masonry", "tech.deadwood_collection", "tech.canal_engineering", "tech.earth_building", "tech.clay_preparation", "tech.early_glassmaking", "tech.natural_observation", "tech.petroleum_extraction", "tech.petroleum_drilling", "tech.steam_power", "tech.petrochemical_cracking", "tech.deep_geophysics", "tech.factory_system", "tech.machine_tools", "tech.mechanical_workshops", "tech.crop_rotation", "tech.rainfed_maize_cultivation", "tech.atmospheric_engine", "tech.surface_coal_collection", "tech.coal_outcrop_identification", "tech.surface_coal_use", "tech.electric_generation", "tech.timber_sawing", "tech.ground_stone_tools", "tech.commercial_estates", "tech.cotton_gardening", "tech.industrial_chemistry", "tech.gunpowder_formulation", "tech.solar_evaporation", "tech.timber_sawing", "tech.ground_stone_tools", "tech.blast_furnace", "tech.coke_smelting", "tech.surface_iron_collection", "tech.gunpowder_weapons", "tech.industrial_chemistry", "tech.gunpowder_formulation", "tech.natural_observation", "tech.deadwood_collection", "tech.writing", "tech.fiber_twisting", "tech.wild_flax_collection", "tech.blast_furnace", "tech.timber_sawing", "tech.ground_stone_tools", "tech.coke_smelting", "tech.surface_iron_collection", "tech.synthetic_materials", "tech.hydraulic_engineering", "tech.mass_production", "tech.masonry", "tech.deadwood_collection", "tech.canal_engineering", "tech.earth_building", "tech.clay_preparation", "tech.early_glassmaking", "tech.natural_observation", "tech.petrochemical_industry", "tech.petroleum_extraction", "tech.petroleum_drilling", "tech.steam_power", "tech.petrochemical_cracking", "tech.deep_geophysics", "tech.factory_system", "tech.machine_tools", "tech.mechanical_workshops", "tech.crop_rotation", "tech.rainfed_maize_cultivation", "tech.atmospheric_engine", "tech.surface_coal_collection", "tech.coal_outcrop_identification", "tech.surface_coal_use", "tech.electric_generation", "tech.industrial_organization", "tech.blast_furnace", "tech.timber_sawing", "tech.ground_stone_tools", "tech.coke_smelting", "tech.surface_iron_collection", "tech.early_glassmaking", "tech.natural_observation", "tech.industrial_research", "tech.scientific_classification", "tech.surface_coal_collection", "tech.coal_outcrop_identification", "tech.surface_coal_use", "tech.potato_propagation", "tech.rainfed_field_system", "tech.household_landholding", "tech.potato_propagation", "tech.rainfed_field_system", "tech.household_landholding", "tech.customary_tenancy", "tech.tenant_cereal_farming", "tech.adobe_making", "tech.earth_building", "tech.deadwood_collection", "tech.clay_preparation", "tech.ground_stone_tools", "tech.gathering", "tech.estate_accounting", "tech.intensive_crop_rotation", "tech.timber_sawing", "tech.hand_pottery", "tech.clay_preparation", "tech.charcoal_burning", "tech.ground_stone_tools", "tech.earth_building", "tech.fire_control", "tech.deadwood_collection", "tech.digital_computing", "tech.timber_sawing", "tech.ground_stone_tools", "tech.industrial_research", "tech.scientific_classification", "tech.early_knowledge_institution", "tech.clay_preparation", "tech.ground_stone_tools", "tech.composite_tools", "tech.weights_and_measures", "tech.guild_organization", "tech.manuscript_culture", "tech.timber_sawing", "tech.ground_stone_tools", "tech.plant_fiber_papermaking", "tech.writing", "tech.fiber_twisting", "tech.wild_flax_collection", "tech.screw_press_printing", "tech.timber_sawing", "tech.ground_stone_tools", "tech.early_glassmaking", "tech.natural_observation", "tech.woodblock_printing", "tech.manuscript_culture", "tech.composite_tools", "tech.plant_fiber_papermaking", "tech.writing", "tech.fiber_twisting", "tech.wild_flax_collection", "tech.mass_production", "tech.industrial_quality_control", "tech.blast_furnace", "tech.timber_sawing", "tech.ground_stone_tools", "tech.coke_smelting", "tech.surface_iron_collection", "tech.synthetic_materials", "tech.hydraulic_engineering", "tech.masonry", "tech.deadwood_collection", "tech.canal_engineering", "tech.earth_building", "tech.clay_preparation", "tech.early_glassmaking", "tech.natural_observation", "tech.household_landholding", "tech.crop_domestication", "tech.rainfed_field_system", "tech.household_production", "tech.permanent_settlements", "tech.crop_rotation", "tech.rainfed_maize_cultivation", "tech.screw_press_printing", "tech.standardization", "tech.guild_organization", "tech.plant_fiber_papermaking", "tech.writing", "tech.fiber_twisting", "tech.wild_flax_collection", "tech.electric_generation", "tech.atmospheric_engine", "tech.surface_coal_collection", "tech.coal_outcrop_identification", "tech.surface_coal_use", "tech.factory_system", "tech.machine_tools", "tech.mechanical_workshops", "tech.meat_processing", "tech.herd_management", "tech.animal_husbandry", "tech.blast_furnace", "tech.timber_sawing", "tech.ground_stone_tools", "tech.coke_smelting", "tech.surface_iron_collection", "tech.synthetic_materials", "tech.hydraulic_engineering", "tech.mass_production", "tech.masonry", "tech.deadwood_collection", "tech.canal_engineering", "tech.earth_building", "tech.clay_preparation", "tech.early_glassmaking", "tech.natural_observation", "tech.electric_grid", "tech.electromagnetic_induction", "tech.electric_generation", "tech.atmospheric_engine", "tech.surface_coal_collection", "tech.coal_outcrop_identification", "tech.surface_coal_use", "tech.copper_metallurgy", "tech.petrochemical_industry", "tech.petroleum_extraction", "tech.petroleum_drilling", "tech.steam_power", "tech.petrochemical_cracking", "tech.deep_geophysics", "tech.factory_system", "tech.machine_tools", "tech.mechanical_workshops", "tech.crop_rotation", "tech.rainfed_maize_cultivation", "tech.gunpowder_formulation", "tech.plastics_engineering", "tech.kiln_firing", "tech.tin_identification", "tech.natural_copper_working", "tech.electronic_control", "tech.mine_ventilation", "tech.gunpowder_weapons", "tech.industrial_chemistry", "tech.flax_retting", "tech.wild_flax_collection", "tech.rainfed_field_system", "tech.crop_domestication", "tech.ground_stone_tools", "tech.blast_furnace", "tech.timber_sawing", "tech.ground_stone_tools", "tech.coke_smelting", "tech.surface_iron_collection", "tech.synthetic_materials", "tech.hydraulic_engineering", "tech.mass_production", "tech.masonry", "tech.deadwood_collection", "tech.canal_engineering", "tech.earth_building", "tech.clay_preparation", "tech.early_glassmaking", "tech.natural_observation", "tech.electric_motors", "tech.electric_generation", "tech.atmospheric_engine", "tech.surface_coal_collection", "tech.coal_outcrop_identification", "tech.surface_coal_use", "tech.factory_system", "tech.machine_tools", "tech.mechanical_workshops", "tech.crop_rotation", "tech.rainfed_maize_cultivation", "tech.timber_sawing", "tech.ground_stone_tools", "tech.blast_furnace", "tech.coke_smelting", "tech.surface_iron_collection", "tech.mechanized_agriculture", "tech.factory_system", "tech.machine_tools", "tech.mass_production", "tech.mechanical_workshops", "tech.crop_rotation", "tech.rainfed_maize_cultivation", "tech.atmospheric_engine", "tech.surface_coal_collection", "tech.coal_outcrop_identification", "tech.surface_coal_use", "tech.deep_geophysics", "tech.gunpowder_weapons", "tech.industrial_chemistry", "tech.timber_sawing", "tech.ground_stone_tools", "tech.gunpowder_formulation", "tech.natural_observation", "tech.blast_furnace", "tech.timber_sawing", "tech.ground_stone_tools", "tech.coke_smelting", "tech.surface_iron_collection", "tech.synthetic_materials", "tech.hydraulic_engineering", "tech.mass_production", "tech.masonry", "tech.deadwood_collection", "tech.canal_engineering", "tech.earth_building", "tech.clay_preparation", "tech.early_glassmaking", "tech.natural_observation", "tech.mineral_spectral_survey", "tech.deep_geophysics", "tech.gunpowder_weapons", "tech.industrial_chemistry", "tech.gunpowder_formulation", "tech.blast_furnace", "tech.timber_sawing", "tech.ground_stone_tools", "tech.coke_smelting", "tech.surface_iron_collection", "tech.synthetic_materials", "tech.hydraulic_engineering", "tech.mass_production", "tech.masonry", "tech.deadwood_collection", "tech.canal_engineering", "tech.earth_building", "tech.clay_preparation", "tech.early_glassmaking", "tech.natural_observation", "tech.systems_engineering", "tech.mineral_spectral_survey", "tech.deep_geophysics", "tech.gunpowder_weapons", "tech.industrial_chemistry", "tech.gunpowder_formulation", "tech.electrification", "tech.electromagnetic_induction", "tech.electric_generation", "tech.atmospheric_engine", "tech.surface_coal_collection", "tech.coal_outcrop_identification", "tech.surface_coal_use", "tech.copper_metallurgy", "tech.blast_furnace", "tech.timber_sawing", "tech.ground_stone_tools", "tech.coke_smelting", "tech.surface_iron_collection", "tech.synthetic_materials", "tech.hydraulic_engineering", "tech.mass_production", "tech.masonry", "tech.deadwood_collection", "tech.canal_engineering", "tech.earth_building", "tech.clay_preparation", "tech.early_glassmaking", "tech.natural_observation", "tech.petroleum_extraction", "tech.petroleum_drilling", "tech.steam_power", "tech.electric_generation", "tech.atmospheric_engine", "tech.surface_coal_collection", "tech.coal_outcrop_identification", "tech.surface_coal_use", "tech.factory_system", "tech.machine_tools", "tech.mechanical_workshops", "tech.crop_rotation", "tech.rainfed_maize_cultivation", "tech.rice_seed_saving", "tech.irrigation", "tech.reed_harvesting", "tech.rubber_identification", "tech.adobe_making", "tech.deadwood_collection", "tech.latex_smoke_coagulation", "tech.estate_plantation_management", "tech.indentured_contracts", "tech.timber_sawing", "tech.ground_stone_tools", "tech.ground_stone_tools", "tech.timber_sawing", "tech.ground_stone_tools", "tech.natural_observation", "tech.scientific_classification", "tech.adobe_making", "tech.early_glassmaking", "tech.natural_copper_working", "tech.timber_sawing", "tech.ground_stone_tools", "tech.hand_pottery", "tech.fire_control", "tech.clay_preparation", "tech.earth_building", "tech.charcoal_burning", "tech.deadwood_collection", "tech.wild_flax_collection", "tech.industrial_chemistry", "tech.timber_sawing", "tech.ground_stone_tools", "tech.gunpowder_formulation", "tech.solar_evaporation", "tech.early_glassmaking", "tech.deadwood_collection", "tech.ground_stone_tools", "tech.rice_water_control", "tech.sharecropping", "tech.paddy_bunding", "tech.adobe_making", "tech.earth_building", "tech.deadwood_collection", "tech.clay_preparation", "tech.ground_stone_tools", "tech.gathering", "tech.reed_harvesting", "tech.deep_mining", "tech.mine_drainage", "tech.timber_sawing", "tech.ground_stone_tools", "tech.blast_furnace", "tech.coke_smelting", "tech.surface_iron_collection", "tech.surface_silver_collection", "tech.deadwood_collection", "tech.ground_stone_tools", "tech.herd_management", "tech.animal_husbandry", "tech.hunting", "tech.deadwood_collection", "tech.wild_flax_collection", "tech.ground_stone_tools", "tech.natural_observation", "tech.oceanic_navigation", "tech.steam_power", "tech.robotic_manufacturing", "tech.ground_stone_tools", "tech.oceanic_navigation", "tech.steam_power", "tech.robotic_manufacturing", "tech.surface_iron_collection", "tech.ground_stone_tools", "tech.oceanic_navigation", "tech.steam_power", "tech.robotic_manufacturing", "tech.timber_sawing", "tech.ground_stone_tools", "tech.herd_management", "tech.animal_husbandry", "tech.deadwood_collection", "tech.solar_evaporation", "tech.crop_rotation", "tech.rainfed_maize_cultivation", "tech.bronze_casting", "tech.wild_spice_collection", "tech.crop_domestication", "tech.household_production", "tech.wild_flax_collection", "tech.spice_cultivation", "tech.customary_tenancy", "tech.adobe_making", "tech.earth_building", "tech.deadwood_collection", "tech.clay_preparation", "tech.ground_stone_tools", "tech.gathering", "tech.estate_plantation_management", "tech.commodity_crop_management", "tech.timber_sawing", "tech.wild_spice_collection", "tech.crop_domestication", "tech.household_production", "tech.wild_flax_collection", "tech.spice_cultivation", "tech.customary_tenancy", "tech.adobe_making", "tech.earth_building", "tech.deadwood_collection", "tech.clay_preparation", "tech.ground_stone_tools", "tech.gathering", "tech.spice_shade_gardening", "tech.indentured_contracts", "tech.commodity_crop_management", "tech.timber_sawing", "tech.ground_stone_tools", "tech.wild_spice_collection", "tech.crop_domestication", "tech.household_production", "tech.wild_flax_collection", "tech.synthetic_materials", "tech.hydraulic_engineering", "tech.mass_production", "tech.blast_furnace", "tech.timber_sawing", "tech.ground_stone_tools", "tech.coke_smelting", "tech.surface_iron_collection", "tech.masonry", "tech.deadwood_collection", "tech.canal_engineering", "tech.earth_building", "tech.clay_preparation", "tech.early_glassmaking", "tech.natural_observation", "tech.systems_engineering", "tech.mineral_spectral_survey", "tech.deep_geophysics", "tech.gunpowder_weapons", "tech.industrial_chemistry", "tech.gunpowder_formulation", "tech.mechanized_mining", "tech.factory_system", "tech.industrial_quality_control", "tech.timber_sawing", "tech.ground_stone_tools", "tech.blast_furnace", "tech.coke_smelting", "tech.surface_iron_collection", "tech.household_landholding", "tech.crop_domestication", "tech.rainfed_field_system", "tech.household_production", "tech.permanent_settlements", "tech.screw_press_printing", "tech.standardization", "tech.guild_organization", "tech.plant_fiber_papermaking", "tech.writing", "tech.fiber_twisting", "tech.wild_flax_collection", "tech.deadwood_collection", "tech.ground_stone_tools", "tech.household_landholding", "tech.crop_domestication", "tech.rainfed_field_system", "tech.household_production", "tech.permanent_settlements", "tech.timber_sawing", "tech.ground_stone_tools", "tech.coal_outcrop_identification", "tech.timber_sawing", "tech.ground_stone_tools", "tech.blast_furnace", "tech.coke_smelting", "tech.surface_iron_collection", "tech.precision_engineering", "tech.industrial_research", "tech.scientific_classification", "tech.timber_sawing", "tech.ground_stone_tools", "tech.blast_furnace", "tech.coke_smelting", "tech.surface_iron_collection", "tech.iron_ore_identification", "tech.timber_sawing", "tech.ground_stone_tools", "tech.blast_furnace", "tech.coke_smelting", "tech.surface_iron_collection", "tech.atmospheric_engine", "tech.surface_coal_collection", "tech.coal_outcrop_identification", "tech.surface_coal_use", "tech.timber_sawing", "tech.ground_stone_tools", "tech.coke_smelting", "tech.surface_iron_collection", "tech.electric_generation", "tech.atmospheric_engine", "tech.surface_coal_collection", "tech.coal_outcrop_identification", "tech.ground_stone_tools", "tech.surface_coal_use", "tech.factory_system", "tech.machine_tools", "tech.timber_sawing", "tech.blast_furnace", "tech.surface_iron_collection", "tech.mass_production", "tech.mechanical_workshops", "tech.crop_rotation", "tech.rainfed_maize_cultivation", "tech.rail_logistics", "tech.deadwood_collection", "tech.crop_domestication", "tech.rainfed_field_system", "tech.household_production", "tech.permanent_settlements", "tech.ground_stone_tools", "tech.ground_stone_tools", "tech.coal_outcrop_identification", "tech.ground_stone_tools", "tech.surface_coal_use", "tech.deadwood_collection", "tech.wild_flax_collection", "tech.maize_propagation", "tech.controlled_burning", "tech.blast_furnace", "tech.timber_sawing", "tech.ground_stone_tools", "tech.coke_smelting", "tech.surface_iron_collection", "tech.synthetic_materials", "tech.hydraulic_engineering", "tech.mass_production", "tech.masonry", "tech.deadwood_collection", "tech.canal_engineering", "tech.earth_building", "tech.clay_preparation", "tech.early_glassmaking", "tech.natural_observation", "tech.petrochemical_industry", "tech.petroleum_extraction", "tech.petroleum_drilling", "tech.steam_power", "tech.petrochemical_cracking", "tech.deep_geophysics", "tech.factory_system", "tech.machine_tools", "tech.mechanical_workshops", "tech.crop_rotation", "tech.rainfed_maize_cultivation", "tech.atmospheric_engine", "tech.surface_coal_collection", "tech.coal_outcrop_identification", "tech.surface_coal_use", "tech.electric_generation", "tech.blast_furnace", "tech.timber_sawing", "tech.ground_stone_tools", "tech.coke_smelting", "tech.surface_iron_collection", "tech.hydraulic_engineering", "tech.mass_production", "tech.masonry", "tech.deadwood_collection", "tech.canal_engineering", "tech.earth_building", "tech.clay_preparation", "tech.early_glassmaking", "tech.natural_observation", "tech.petrochemical_industry", "tech.petroleum_extraction", "tech.petroleum_drilling", "tech.steam_power", "tech.petrochemical_cracking", "tech.deep_geophysics", "tech.factory_system", "tech.machine_tools", "tech.mechanical_workshops", "tech.crop_rotation", "tech.rainfed_maize_cultivation", "tech.atmospheric_engine", "tech.surface_coal_collection", "tech.coal_outcrop_identification", "tech.surface_coal_use", "tech.electric_generation", "tech.gunpowder_formulation", "tech.blast_furnace", "tech.timber_sawing", "tech.ground_stone_tools", "tech.coke_smelting", "tech.surface_iron_collection", "tech.synthetic_materials", "tech.hydraulic_engineering", "tech.mass_production", "tech.masonry", "tech.deadwood_collection", "tech.canal_engineering", "tech.earth_building", "tech.clay_preparation", "tech.early_glassmaking", "tech.natural_observation", "tech.flax_retting", "tech.wild_flax_collection", "tech.rainfed_field_system", "tech.crop_domestication", "tech.electric_generation", "tech.atmospheric_engine", "tech.surface_coal_collection", "tech.coal_outcrop_identification", "tech.surface_coal_use", "tech.factory_system", "tech.machine_tools", "tech.mechanical_workshops", "tech.crop_rotation", "tech.rainfed_maize_cultivation", "tech.petrochemical_industry", "tech.petroleum_extraction", "tech.petroleum_drilling", "tech.steam_power", "tech.petrochemical_cracking", "tech.deep_geophysics", "tech.timber_sawing", "tech.ground_stone_tools", "tech.weaving", "tech.hand_spinning", "tech.wild_flax_collection", "tech.bronze_casting", "tech.ground_stone_tools", "tech.bronze_casting", "tech.electrochemistry", "tech.plastics_engineering", "tech.rice_water_control", "tech.customary_tenancy", "tech.paddy_bunding", "tech.adobe_making", "tech.earth_building", "tech.deadwood_collection", "tech.clay_preparation", "tech.ground_stone_tools", "tech.gathering", "tech.reed_harvesting", "tech.potato_propagation", "tech.rainfed_field_system", "tech.household_landholding", "tech.customary_tenancy", "tech.tenant_cereal_farming", "tech.adobe_making", "tech.earth_building", "tech.deadwood_collection", "tech.clay_preparation", "tech.ground_stone_tools", "tech.gathering", "tech.maize_propagation", "tech.rainfed_field_system", "tech.customary_tenancy", "tech.adobe_making", "tech.earth_building", "tech.deadwood_collection", "tech.clay_preparation", "tech.ground_stone_tools", "tech.gathering", "tech.wheat_propagation", "tech.rainfed_field_system", "tech.customary_tenancy", "tech.adobe_making", "tech.earth_building", "tech.deadwood_collection", "tech.clay_preparation", "tech.ground_stone_tools", "tech.gathering", "tech.timber_sawing", "tech.ground_stone_tools", "tech.blast_furnace", "tech.coke_smelting", "tech.surface_iron_collection", "tech.flax_retting", "tech.wild_flax_collection", "tech.rainfed_field_system", "tech.crop_domestication", "tech.timber_sawing", "tech.ground_stone_tools", "tech.rainfed_field_system", "tech.wild_flax_collection", "tech.reed_harvesting", "tech.ground_stone_tools", "tech.tin_identification", "tech.bronze_casting", "tech.kiln_firing", "tech.mine_drainage", "tech.timber_sawing", "tech.ground_stone_tools", "tech.blast_furnace", "tech.coke_smelting", "tech.surface_iron_collection", "tech.hydraulic_engineering", "tech.geographic_information_systems", "tech.rice_seed_saving", "tech.irrigation", "tech.reed_harvesting", "tech.wheat_propagation", "tech.rainfed_field_system", "tech.ground_stone_tools", "tech.gathering", "tech.deadwood_collection", "tech.gathering", "tech.deadwood_collection", "tech.gathering", "tech.deadwood_collection", "tech.electric_generation", "tech.atmospheric_engine", "tech.surface_coal_collection", "tech.coal_outcrop_identification", "tech.ground_stone_tools", "tech.surface_coal_use", "tech.copper_metallurgy", "tech.manuscript_culture", "tech.composite_tools", "tech.timber_sawing", "tech.ground_stone_tools", "tech.plant_fiber_papermaking", "tech.writing", "tech.fiber_twisting", "tech.wild_flax_collection", "tech.ground_stone_tools", "tech.herd_management", "tech.animal_husbandry", "tech.deadwood_collection", "tech.bronze_casting", "tech.timber_sawing", "tech.ground_stone_tools", "tech.blast_furnace", "tech.coke_smelting", "tech.surface_iron_collection", "tech.gunpowder_weapons", "tech.industrial_chemistry", "tech.gunpowder_formulation", "tech.natural_observation", "tech.timber_sawing", "tech.ground_stone_tools", "tech.blast_furnace", "tech.coke_smelting", "tech.surface_iron_collection", "tech.mine_ventilation", "tech.gunpowder_weapons", "tech.industrial_chemistry", "tech.gunpowder_formulation", "tech.natural_observation"], "building_technology_available": [1, 1, 1, 1, 1, 1, 1, 1, 1, 1, 1, 1, 1, 1, 1, 1, 1, 1, 1, 1, 1, 1, 1, 1, 1, 1, 1, 1, 1, 1, 1, 1, 1, 1, 1, 1, 1, 1, 1, 1, 1, 1, 1, 1, 1, 1, 1, 1, 1, 1, 1, 1, 1, 1, 1, 1, 1, 1, 1, 1, 1, 1, 1, 1, 1, 1, 1, 1, 1, 1, 1, 1, 1, 1, 1, 1, 1, 1, 1, 1, 1, 1, 1, 1, 1, 1, 1, 1, 1, 1, 1, 1, 1, 1, 1, 1, 1, 1, 1, 1, 1, 1, 1, 1, 1, 1, 1, 1, 1, 1, 1, 1, 1, 1, 1, 1, 1, 1, 1, 1, 1, 1, 1, 1, 1, 1, 1, 1, 1, 1, 1, 1, 1, 1, 1, 1, 1, 1, 1, 1, 1, 1, 1, 1, 1, 1, 1, 1, 1, 1, 1, 1, 1, 1, 1, 1, 1, 1, 1, 1, 1, 1, 1, 1, 1, 1, 1, 1, 1, 1, 1, 1, 1, 1, 1, 1, 1, 1, 1, 1, 1, 1, 1, 1, 1, 1, 1, 1, 1, 1, 1, 1, 1, 1, 1, 1, 1, 1, 1, 1, 1, 1, 1, 1, 1, 1, 1, 1, 1, 1, 1, 1, 1, 1, 1, 1, 1, 1, 1, 1, 1, 1, 1, 1, 1, 1, 1, 1, 1, 1, 1, 1, 1, 1, 1, 1, 1, 1, 1, 1, 1, 1, 1, 1, 1, 1, 1, 1, 1, 1, 1, 1, 1, 1, 1, 1, 1, 1, 1, 1, 1, 1, 1, 1, 1, 1, 1, 1, 1, 1, 1, 1, 1, 1, 1, 1, 1, 1, 1, 1, 1, 1, 1, 1, 1, 1, 1, 1, 1, 1, 1, 1, 1, 1, 1, 1, 1, 1, 1, 1, 1, 1, 1, 1, 1, 1, 1, 1, 1, 1, 1, 1, 1, 1, 1, 1, 1, 1, 1, 1, 1, 1, 1, 1, 1, 1, 1, 1, 1, 1, 1, 1, 1, 1, 1, 1, 1, 1, 1, 1, 1, 1, 1, 1, 1, 1, 1, 1, 1, 1, 1, 1, 1, 1, 1, 1, 1, 1, 1, 1, 1, 1, 1, 1, 1, 1, 1, 1, 1, 1, 1, 1, 1, 1, 1, 1, 1, 1, 1, 1, 1, 1, 1, 1, 1, 1, 1, 1, 1, 1, 1, 1, 1, 1, 1, 1, 1, 1, 1, 1], "building_construction_available": [1, 1, 1, 1, 1, 1, 1, 1, 1, 1, 1, 1, 1, 1, 1, 1, 1, 1, 1, 1, 1, 1, 1, 1, 1, 1, 1, 1, 1, 1, 1, 1, 1, 1, 1, 1, 1, 1, 1, 1, 1, 1, 1, 1, 1, 1, 1, 1, 1, 1, 1, 1, 1, 1, 1, 1, 1, 1, 1, 1, 1, 1, 1, 1, 1, 1, 1, 1, 1, 1, 1, 1, 1, 1, 1, 1, 1, 1, 1, 1, 1, 1, 1, 1, 1, 1, 1, 1, 1, 1, 1, 1, 1, 1, 1, 1, 1, 1, 1, 1, 1, 1, 1, 1, 1, 1, 1, 1, 1, 1, 1, 1, 1, 1, 1, 1, 1, 1, 1, 1, 1, 1, 1, 1, 1, 1, 1, 1, 1, 1, 1, 1, 1, 1, 1, 1, 1, 1, 1, 1, 1, 1, 1, 1, 1, 1, 1, 1, 1, 1, 1, 1, 1, 1, 1, 1, 1, 1, 1, 1, 1, 1, 1, 1, 1, 1, 1, 1, 1, 1, 1, 1, 1, 1, 1, 1, 1, 1, 1, 1, 1, 1, 1, 1, 1, 1, 1, 1, 1, 1, 1, 1, 1, 1, 1, 1, 1, 1, 1, 1, 1, 1, 1, 1, 1, 1, 1, 1, 1, 1, 1, 1, 1, 1, 1, 1, 1, 1, 1, 1, 1, 1, 1, 1, 1, 1, 1, 1, 1, 1, 1, 1, 1, 1, 1, 1, 1, 1, 1, 1, 1, 1, 1, 1, 1, 1, 1, 1, 1, 1, 1, 1, 1, 1, 1, 1, 1, 1, 1, 1, 1, 1, 1, 1, 1, 1, 1, 1, 1, 1, 1, 1, 1, 1, 1, 1, 1, 1, 1, 1, 1, 1, 1, 1, 1, 1, 1, 1, 1, 1, 1, 1, 1, 1, 1, 1, 1, 1, 1, 1, 1, 1, 1, 1, 1, 1, 1, 1, 1, 1, 1, 1, 1, 1, 1, 1, 1, 1, 1, 1, 1, 1, 1, 1, 1, 1, 1, 1, 1, 1, 1, 1, 1, 1, 1, 1, 1, 1, 1, 1, 1, 1, 1, 1, 1, 1, 1, 1, 1, 1, 1, 1, 1, 1, 1, 1, 1, 1, 1, 1, 1, 1, 1, 1, 1, 1, 1, 1, 1, 1, 1, 1, 1, 1, 1, 1, 1, 1, 1, 1, 1, 1, 1, 1, 1, 1, 1, 1, 1, 1, 1, 1, 1, 1, 1, 1, 1, 1, 1, 1], "group_type_ids": [134, 359, 379], "owner_signature_ids": [3, 17, 13], "group_counts": [2, 10, 3], "owner_capacity": [2, 10, 6], "owner_required": [2, 10, 6], "projected_owner_income_per_day": [2464150, 16316, 0], "opportunity_owner_income_per_day": [2251145, -121990429851, -68618879794], "opportunity_disposable_survival_power_per_day": [2251145, -121990429851, -68618879794], "opportunity_executable_capacity_q16": [65536, 65536, 65536], "opportunity_in_kind_retail_value": [0, 4236, 419], "survival_priority": [0, 0, 0], "survival_shortage_q16": [0, 0, 0], "monetary_quota_absorption_q16": [0, 0, 0], "monetary_quote_capped": [0, 0, 0], "employee_tax_retention_q16": [65536, 65536, 65536], "filled_owner": [1, 10, 3], "owner_openings": [1, 0, 3], "family_ownership_offsets": [0, 0, 0, 0], "family_ownership_handles": [], "family_owned_counts": [], "family_filled_owner": [], "employee_fill_offsets": [0, 0, 0, 0], "employee_profession_ids": [], "employee_required": [], "employee_filled": [], "employee_wage_policies": [], "employee_reference_wages_per_day": [], "employee_contract_wages_per_day": [], "employee_expected_wages_per_day": [], "employee_payment_credibility_q16": [], "employee_forecast_pay_ratio_q16": [], "employee_base_living_cost_per_day": [], "employee_role_living_cost_per_day": [], "employee_local_average_wage_per_day": [], "employee_base_wage_due": [], "employee_base_wage_paid": [], "employee_bonus_due": [], "employee_bonus_paid": [], "capacity_q16": [32768, 3276, 0], "last_temperature_fit_q16": [65536, 65536, 65536], "last_water_fit_q16": [65536, 65536, 65536], "last_climate_capacity_q16": [65536, 65536, 65536], "last_climate_lost_output": [0, 0, 0], "purchase_intent_capacity_q16": [32768, 34617, 0], "funded_capacity_q16": [32768, 3276, 0], "owner_working_capital_allocated": [4500, 9907500, 0], "owner_livelihood_in_kind_credit": [0, 81580, 0], "investment_score_q16": [0, 0, 0], "investment_payback_days": [0, 0, 0], "investment_rejection_reason": [0, 0, 0], "investment_driver_good_id": [-1, -1, -1], "investment_driver_pressure_q16": [0, 0, 0], "investment_driver_utilization_q16": [0, 0, 0], "investment_driver_sellable": [0, 0, 0], "investment_driver_merchant_sold": [0, 0, 0], "investment_driver_sell_through_q16": [0, 0, 0], "investment_driver_discard_q16": [0, 0, 0], "investment_stealable": [0, 0, 0], "investment_challenger_unit_cost": [0, 0, 0], "investment_incumbent_unit_cost": [0, 0, 0], "investment_return_on_capital_q16": [0, 0, 0], "investment_cost_advantage_q16": [0, 0, 0], "investment_candidate_diagnostic_day": -1, "investment_candidate_type_ids": [], "investment_candidate_rejection_reasons": [], "investment_candidate_shortage_q16": [], "investment_candidate_utilization_q16": [], "investment_candidate_score_q16": [], "investment_candidate_payback_days": [], "investment_candidate_required_capital": [], "investment_candidate_projected_profit_per_day": [], "investment_candidate_driver_good_id": [], "investment_candidate_driver_pressure_q16": [], "investment_candidate_driver_utilization_q16": [], "investment_candidate_driver_sellable": [], "investment_candidate_failed_material_group": [], "investment_candidate_selected_material_offsets": [0], "investment_candidate_selected_material_good_ids": [], "investment_candidate_selected_material_quantities": [], "investment_candidate_driver_merchant_sold": [], "investment_candidate_driver_sell_through_q16": [], "investment_candidate_driver_discard_q16": [], "investment_candidate_stealable": [], "investment_candidate_challenger_unit_cost": [], "investment_candidate_incumbent_unit_cost": [], "investment_candidate_return_on_capital_q16": [], "investment_candidate_cost_advantage_q16": [], "investment_candidate_monetary_quota_initial": [], "investment_candidate_monetary_quota_daily": [], "investment_candidate_monetary_units": [], "investment_candidate_monetary_candidate_slots": [], "investment_candidate_monetary_request_money_per_day": [], "investment_candidate_monetary_expected_revenue_per_day": [], "realized_profit_margin_q16": [65536, -65536, -65536], "severe_loss_cycles": [0, 0, 0], "recovery_cycles": [0, 0, 0], "pending_operating_state": [255, 255, 255], "recovery_cooldown_cycles": [0, 0, 0], "recovery_failed_reviews": [0, 0, 0], "operating_state": [0, 0, 0], "merchant_debt_principal": [0, 0, 0], "merchant_debt_premium": [0, 0, 0], "merchant_debt_term_cycles_left": [0, 0, 0], "merchant_debt_delinquent_cycles": [0, 0, 0], "last_in_kind_livelihood_value": [0, 81580, 0], "last_input": [1125, 250, 0], "last_output": [1730, 8516, 0], "last_sold": [1730, 0, 0], "last_discarded": [0, 568, 0], "last_retained": [0, 7948, 0], "last_resource": [0, 814, 0], "last_resource_generated": [0, 0, 0], "last_revenue": [6163105, 0, 0], "last_input_cost": [4500, 937500, 0], "last_wages_paid": [0, 0, 0], "last_wages_due": [0, 0, 0], "last_expected_revenue": [12326200, 956119, 0], "last_operating_cost": [5450, 57938400, 2708], "last_maintenance_cost": [950, 57000900, 2708], "last_market_receipt": [6163105, 0, 0], "last_bullion_mint_receipt": [0, 0, 0], "last_producer_support_receipt": [0, 0, 0], "last_business_tax_paid": [0, 0, 0], "last_business_subsidy_received": [0, 0, 0], "last_maintenance_due": [940, 520538812250, 292803084525], "last_observed_capacity_days_q16": [327680, 3276800, 491520], "last_quoted_market_receipt": [12326200, 956119, 0], "last_quoted_operating_cost": [147940, 274965825521, 0], "last_margin_gap_q16": [65536, -65535, -65535], "planned_utilization_q16": [65536, 34617, 0], "last_base_wages_due": [0, 0, 0], "last_base_wages_paid": [0, 0, 0], "last_bonus_due": [0, 0, 0], "last_bonus_paid": [0, 0, 0], "wage_suspended": [0, 0, 0], "group_input_selected_offsets": [0, 1, 2, 3], "group_input_selected_good_ids": [46, 17, -1], "labor_market_profession_ids": [], "labor_market_contract_wage_ema": [], "labor_market_paid_wage_ema": [], "labor_market_base_living_cost": [], "labor_market_role_living_cost": [], "labor_market_job_days": [], "labor_market_pay_ratio_q16": [], "construction_type_ids": [], "construction_owner_signature_ids": [], "construction_counts": [], "construction_ready_days": [], "construction_merchant_debt_principal": [], "construction_merchant_debt_premium": [], "construction_merchant_debt_term_cycles_left": [], "building_resource_current_reserve": [1000000, 1000000, 1000000, 1000000, 1000000, 1000000, 1000000, 250000000, 1000000, 1000000, 1000000, 1000000, 1000000, 500000000, 1000000, 1000000, 1000000, 1000000, 1000000, 1000000, 1000000, 1000000, 1000000, 1000000, 1000000, 1000000, 1000000, 10000000000, 1000000, 1000000000000, 1000000], "building_resource_pending_change": [0, 0, 0, 0, 0, 0, 0, 0, 0, 0, 0, 0, 0, 0, 0, 0, 0, 0, 0, 0, 0, 0, 0, 0, 0, 0, 0, 0, 0, -814, 0], "building_resource_effective_reserve": [1000000, 1000000, 1000000, 1000000, 1000000, 1000000, 1000000, 250000000, 1000000, 1000000, 1000000, 1000000, 1000000, 500000000, 1000000, 1000000, 1000000, 1000000, 1000000, 1000000, 1000000, 1000000, 1000000, 1000000, 1000000, 1000000, 1000000, 10000000000, 1000000, 1000000000000, 1000000], "building_resource_accessible_current_reserve": [1000000, 1000000, 1000000, 1000000, 1000000, 1000000, 1000000, 250000000, 1000000, 1000000, 1000000, 1000000, 1000000, 500000000, 1000000, 1000000, 1000000, 1000000, 1000000, 1000000, 1000000, 1000000, 1000000, 1000000, 1000000, 1000000, 1000000, 10000000000, 1000000, 1000000000000, 1000000], "building_resource_accessible_pending_change": [0, 0, 0, 0, 0, 0, 0, 0, 0, 0, 0, 0, 0, 0, 0, 0, 0, 0, 0, 0, 0, 0, 0, 0, 0, 0, 0, 0, 0, -814, 0], "building_resource_accessible_effective_reserve": [1000000, 1000000, 1000000, 1000000, 1000000, 1000000, 1000000, 250000000, 1000000, 1000000, 1000000, 1000000, 1000000, 500000000, 1000000, 1000000, 1000000, 1000000, 1000000, 1000000, 1000000, 1000000, 1000000, 1000000, 1000000, 1000000, 1000000, 10000000000, 1000000, 1000000000000, 1000000] } }
  [FAIL] employment fills the existing profitable owner opening first
  [PASS] existing owner-opening employment conserves every ledger
  [PASS] profitable unlocked-building investment transitions its sponsor and starts construction
  [PASS] investment v9 publishes one consistent marginal-output driver
  [PASS] legacy signal thresholds and sales ratios do not veto positive marginal demand
  [PASS] endogenous construction conserves every ledger
  [PASS] non-review day prevents repeat expansion
  [PASS] merit-order country bootstraps
  [PASS] merit-order runtime configures
  [PASS] merit-order settlement bootstraps
M7_MERIT { "types": [42, 353], "sold": [0, 23028], "output": [1000000, 5070000], "opcost": [1363619, 1635611], "owners": [1, 1], "employees": [14, 2, 12, 2], "planned": [65536, 65536], "funded": [65536, 65536], "capital": [], "intent": [65536, 65536], "state": [0, 0] }
  [PASS] low-cost plant captures merchant quota before high-cost leftover
  [PASS] merit-order offtake conserves every ledger
  [PASS] displacement country bootstraps
  [PASS] displacement runtime configures
  [PASS] displacement settlement bootstraps
  [PASS] displacement diagnostic trace registers
  displacement debug={ "steam_row": 353, "reject": 0, "stealable": 0, "pending": false, "starts": 0, "catchup_cells": 1, "cheap_count": 1 }
  [FAIL] cheaper unlocked type can displace covered high-cost incumbents
  [PASS] displacement investment conserves every ledger
  [PASS] first-research fixture catalog contains the required entries
  [PASS] first-research country configures
  [PASS] first-research country bootstraps
  [PASS] first-research queue and automatic procurement commit
  [PASS] first-research economy configures
  [PASS] first-research economy fixture bootstraps
  [PASS] first-research fixture starts without a research building
M7_RESEARCH { "row": 2, "reject": 0, "pressure": 65536, "util": 65536, "starts": 2, "report": { "path": "ECONOMY_GRAPH", "mode": "native", "report_mode": "full", "configured": true, "bootstrapped": true, "epoch_active": false, "epoch_id": 4, "committed_generation": 6, "settlement_mode": "locked_cycle", "market_cycle_days": 5, "epoch_days": 5, "epoch_elapsed_days_max": 5, "epoch_elapsed_days_spread_cells": 0, "epoch_elapsed_days_lost": 0, "total_elapsed_days_lost": 0, "peak_elapsed_days_spread_cells": 0, "tier_t0_cells": 0, "tier_t1_cells": 1, "tier_t2_cells": 0, "tier_t3_cells": 0, "tier_forced_wakes": 0, "tier_reasons": { "player_territory": 1, "visible": 0, "forced_wake": 0, "effect_shortage": 0, "essentials_shortage": 0, "construction": 0, "recent_change": 0, "quiet_short": 0, "quiet_with_buildings": 0, "dormant": 0, "out_of_range": 0 }, "tier_dormancy_cap_days": 30, "market_configured_cycle_days": 5, "market_min_cycle_days": 1, "market_max_cycle_days": 5, "locked_market_cycle_days": 5, "market_cycle_start_day": 15, "market_cycle_days_remaining": 0, "locked_slow_cycle_days": 10, "locked_plan_cycle_days": 10, "slow_cycle_start_day": 10, "plan_cycle_start_day": 10, "slow_cycle_days_remaining": 0, "plan_cycle_days_remaining": 0, "locked_investment_cycle_days": 10, "investment_cycle_start_day": 10, "investment_cycle_days_remaining": 0, "building_plan_days": 10, "investment_review_days": 10, "settlement_phase": 0, "settlement_phase_count": 5, "cadence_populated_knives": 7, "cadence_slow_knives": 1, "cadence_plan_knives": 1, "cadence_investment_knives": 1, "cadence_target_ms": 8.0, "cadence_market_ms_per_knife": 0.1, "cadence_slow_ms_per_knife": 0.1, "cadence_plan_ms_per_knife": 0.1, "cadence_investment_ms_per_knife": 0.1, "cadence_machine_knives_per_day": 80, "cadence_slow_knives_per_day": 80, "cadence_plan_knives_per_day": 80, "cadence_investment_knives_per_day": 80, "economy_live_cells": 1, "cadence_change_reason": "hold", "cadence_timing_injected": false, "cadence_forced": true, "estimated_market_slices_per_epoch": 2, "estimated_building_slices_per_epoch": 3, "estimated_total_slices_per_epoch": 5, "sample_day": 15, "current_day": 20, "commit_day": 15, "age_days": 0, "stage": "aggregate_publish", "next_stage": "aggregate_publish", "executed_stage": "aggregate_publish", "executed_substage": "", "progress_q16": 65535, "publish_phase": "done", "publish_entries_per_slice": 4096, "publish_audit_entries_per_slice": 131072, "building_review_groups_per_slice": 4096, "investment_cells_per_slice": 96, "building_finalize_cells_per_slice": 128, "building_plan_cells_per_slice": 128, "plan_evaluate_cells": 0, "household_post_building_cells_per_slice": 512, "epoch_available_building_type_count": 3, "household_market_phase": -1, "building_plan_phase": -1, "building_commit_phase": -1, "processed_cells": 1, "processed_cohorts": 3, "processed_rules": 3, "processed_commands": 0, "rejected_commands": 0, "formula_ms": 0.0098, "clear_ms": 0.0034, "ledger_ms": 0.0, "processed_needs": 3, "processed_variants": 24, "processed_components": 3, "carrying_old_resource_scan_steps": 0, "food_output_events": 0, "food_input_events": 0, "food_trade_events": 0, "food_access_events": 3, "fallback_ms": 0.0002, "merchant_settle_ms": 0.0068, "price_ms": 0.1304, "structure_ms": 0.0001, "prosperity_changed_cells": 0, "prosperity_promotions": 0, "prosperity_demotions": 0, "settlement_names_assigned": 0, "settlement_names_released": 0, "settlement_name_collision_probes": 0, "prosperity_update_ms": 0.0006, "settlement_revision": 1, "settlement_memory_bytes": 27, "publish_ms": 0.0275, "publish_commit_cells_ms": 0.0015, "publish_commit_prepare_ms": 0.0011, "publish_commit_finalize_ms": 0.0186, "class_opinion_revision": 4, "class_opinion_class_hash": 8141371772495636646, "class_opinion_country_count": 1, "class_opinion_class_count": 4, "class_opinion_cells": 4, "class_opinion_slots_scanned": 10, "class_opinion_zero_population_rows": 10, "class_opinion_last_cells_scanned": 1, "class_opinion_last_slots_scanned": 3, "class_opinion_last_zero_population_rows": 2, "class_opinion_ms": 0.0033, "publish_breakdown_ms": { "aggregate_publish.prepare": 0.0, "aggregate_publish.audit_population": 0.0, "aggregate_publish.audit_market": 0.0, "aggregate_publish.audit_transit": 0.0, "aggregate_publish.audit_escrow": 0.0, "aggregate_publish.audit_country": 0.0, "aggregate_publish.verify": 0.0, "aggregate_publish.watermark": 0.0, "aggregate_publish.trade_flow": 0.0, "aggregate_publish.trade_diagnostics": 0.0, "aggregate_publish.trade_init": 0.0, "aggregate_publish.commit": 0.0, "aggregate_publish.done": 0.0, "aggregate_publish.class_opinion": 0.0033, "aggregate_publish.commit_cells": 0.0, "aggregate_publish.commit_prepare": 0.0, "aggregate_publish.commit_finalize": 0.0 }, "publish_breakdown_work": { "aggregate_publish.prepare": 0, "aggregate_publish.audit_population": 0, "aggregate_publish.audit_market": 0, "aggregate_publish.audit_transit": 0, "aggregate_publish.audit_escrow": 0, "aggregate_publish.audit_country": 0, "aggregate_publish.verify": 0, "aggregate_publish.watermark": 0, "aggregate_publish.trade_flow": 0, "aggregate_publish.trade_diagnostics": 0, "aggregate_publish.trade_init": 0, "aggregate_publish.commit": 0, "aggregate_publish.done": 0, "aggregate_publish.class_opinion": 3, "aggregate_publish.commit_cells": 0, "aggregate_publish.commit_prepare": 0, "aggregate_publish.commit_finalize": 0 }, "publish_cumulative_breakdown_ms": { "aggregate_publish.prepare": 0.0035, "aggregate_publish.audit_population": 0.0, "aggregate_publish.audit_market": 0.0, "aggregate_publish.audit_transit": 0.0, "aggregate_publish.audit_escrow": 0.0, "aggregate_publish.audit_country": 0.0, "aggregate_publish.verify": 0.0008, "aggregate_publish.watermark": 0.0004, "aggregate_publish.trade_flow": 0.0002, "aggregate_publish.trade_diagnostics": 0.0006, "aggregate_publish.trade_init": 0.0006, "aggregate_publish.commit": 0.0214, "aggregate_publish.done": 0.0 }, "publish_cumulative_breakdown_work": { "aggregate_publish.prepare": 1, "aggregate_publish.audit_population": 0, "aggregate_publish.audit_market": 0, "aggregate_publish.audit_transit": 0, "aggregate_publish.audit_escrow": 0, "aggregate_publish.audit_country": 0, "aggregate_publish.verify": 1, "aggregate_publish.watermark": 1, "aggregate_publish.trade_flow": 0, "aggregate_publish.trade_diagnostics": 133, "aggregate_publish.trade_init": 0, "aggregate_publish.commit": 2, "aggregate_publish.done": 0 }, "household_market_breakdown_ms": { "household_market.settle.prepare": 0.0, "household_market.settle.worker": 0.0, "household_market.settle.merge_aggregate": 0.0, "household_market.settle.merge_trade": 0.0, "household_market.settle.trace": 0.0, "household_market.settle.other": 0.0, "household_market.post_buildings": 0.0, "household_market.reserve_shortfall": 0.0, "household_market.income_subsidy": 0.0, "household_market.structural_sort": 0.0 }, "household_market_breakdown_work": { "household_market.settle.prepare": 0, "household_market.settle.worker": 0, "household_market.settle.merge_aggregate": 0, "household_market.settle.merge_trade": 0, "household_market.settle.trace": 0, "household_market.settle.other": 0, "household_market.post_buildings": 0, "household_market.reserve_shortfall": 0, "household_market.income_subsidy": 0, "household_market.structural_sort": 0 }, "building_commit_breakdown_ms": { "building_commit.review_prepare": 0.0, "building_commit.special_reset": 0.0, "building_commit.recovery_review": 0.0, "building_commit.construction_commit": 0.0, "building_commit.investment_prepare": 0.0, "building_commit.investment": 0.0, "building_commit.finalize": 0.0 }, "building_commit_breakdown_work": { "building_commit.review_prepare": 0, "building_commit.special_reset": 0, "building_commit.recovery_review": 0, "building_commit.construction_commit": 0, "building_commit.investment_prepare": 0, "building_commit.investment": 0, "building_commit.finalize": 0 }, "building_employment_ms": 0.0402, "building_production_ms": 0.0357, "building_production_merge_ms": 0.0023, "building_production_worker_ms": 0.0324, "household_market_worker_ms": 0.1556, "household_market_prepare_ms": 0.0006, "household_market_merge_ms": 0.0187, "household_market_merge_aggregate_ms": 0.0015, "household_market_merge_trade_ms": 0.0149, "prepare_reuse_count": 15, "workset_cells_planned": 1, "workset_cells_executed": 1, "duplicate_range_count": 0, "market_result_allocation_growth_count": 1, "market_result_allocation_growth_bytes": 712, "production_result_allocation_growth_count": 1, "production_result_allocation_growth_bytes": 920, "building_plan_ms": 0.0024, "building_plan_evaluate_ms": 0.0017, "building_plan_reserve_ms": 0.0007, "building_structure_count_only_updates": 0, "building_structure_new_groups": 0, "building_structure_removed_groups": 0, "building_structure_topology_rebuilds": 0, "building_structure_role_span_reuses": 0, "building_structure_role_span_appends": 0, "building_structure_group_merge_ms": 0.0, "building_structure_market_cache_ms": 0.0, "building_structure_labor_cache_ms": 0.0, "market_signal_lookup_mode": "dense", "market_signal_lookup_entries": 134, "pending_construction_index_entries": 0, "building_investment_ms": 0.0032, "investment_evaluate_ms": 0.0, "investment_allocate_ms": 0.0, "working_capital_scale_error_bound_q16": 0, "market_signal_ms": 0.0045, "market_signal_insert_ms": 0.0, "market_signal_flush_ms": 0.0, "market_signal_insert_count": 0, "wage_plan_ms": 0.0003, "labor_signal_ms": 0.0, "trade_plan_ms": 0.0, "trade_plan_breakdown_ms": { "trade_planning.scan_body": 0.0, "trade_planning.scan_finalize": 0.0, "trade_planning.route_prepare": 0.0, "trade_planning.route_expand": 0.0, "trade_planning.route_finalize": 0.0, "trade_planning.other": 0.0 }, "trade_plan_breakdown_work": { "trade_planning.scan_pairs": 0, "trade_planning.route_sources_prepared": 0, "trade_planning.route_expansions": 0, "trade_planning.candidates_finalized": 0 }, "trade_plan_substage": "", "trade_settle_ms": 0.0001, "trade_dispatch_ms": 0.0114, "epoch_begin_ms": 0.0362, "epoch_begin_reset_ms": 0.0012, "epoch_begin_country_ms": 0.03, "epoch_begin_city_factor_ms": 0.0005, "epoch_begin_building_factor_ms": 0.0009, "scan_steps_stage_idle": 3, "scan_steps_stage_epoch_begin": 0, "scan_steps_stage_ledger_apply": 0, "scan_steps_stage_household_market": 0, "scan_steps_stage_structural_commit": 0, "scan_steps_stage_wait_commit": 0, "scan_steps_stage_building_employment": 0, "scan_steps_stage_building_production": 18, "scan_steps_stage_building_commit": 8, "scan_steps_stage_aggregate_publish": 0, "scan_steps_stage_fatal": 0, "scan_steps_stage_trade_settle": 0, "scan_steps_stage_trade_dispatch": 0, "scan_steps_stage_trade_planning": 0, "scan_steps_stage_building_plan": 0, "scan_steps_stage_government_research_procurement": 0, "scan_steps_stage_family_commit": 0, "scan_steps_stage_person_commit": 0, "scan_steps_find_building_group": 0, "scan_steps_find_signature": 29, "scan_steps_membership_fallback": 0, "scan_steps_person_linear": 0, "scan_steps_family_linear": 0, "scan_calls_find_building_group": 1, "scan_calls_find_signature": 10, "scan_calls_membership_fallback": 0, "family_commit_normalize_ms": 0.0, "family_commit_attribution_ms": 0.0, "family_commit_form_ms": 0.0, "family_commit_index_ms": 0.0, "family_commit_lifecycle_ms": 0.0, "family_commit_influence_ms": 0.0, "rebuild_family_membership_ms": 0.0, "rebuild_family_ownership_ms": 0.0, "rebuild_family_csr_ms": 0.0, "rebuild_family_cellindex_ms": 0.0, "rebuild_person_needs_ms": 0.0005, "rebuild_person_count_ms": 0.0004, "rebuild_person_fill_ms": 0.0009, "rebuild_person_sort_ms": 0.0001, "rebuild_person_needoffsets_ms": 0.0, "person_retire_call_ms": 0.0, "person_retire_calls": 0, "person_commit_retire_ms": 0.0, "person_commit_index_ms": 0.0022, "person_commit_bind_jobs_ms": 0.0008, "person_commit_claims_ms": 0.0003, "person_commit_equity_ms": 0.0002, "person_commit_promote_ms": 0.0, "epoch_begin_workset_ms": 0.0031, "epoch_begin_resource_lane_ms": 0.0009, "epoch_begin_fiscal_ms": 0.0011, "epoch_begin_construction_csr_ms": 0.0002, "epoch_begin_recovery_apply_ms": 0.0001, "epoch_begin_vector_init_ms": 0.0112, "epoch_begin_audit_lane_ms": 0.0, "epoch_begin_commands_ms": 0.0002, "epoch_preflight_ms": 0.0007, "prepare_ms": 0.0353, "audit_ms": 0.0012, "watermark_ms": 0.0004, "event_summary_ms": 0.0023, "event_detail_ms": 0.0, "event_publish_ms": 0.0075, "event_stream_hash": -2267376469848958515, "economy_event_newest_id": 26, "economy_event_last_batch_count": 8, "economy_trace_memory_bytes": 92065, "economy_trace_detail_truncated": 0, "worker_tasks": 1, "high_speed_batching_enabled": true, "high_speed_batch_multiplier": 1, "high_speed_market_dispatches_saved": 0, "high_speed_production_dispatches_saved": 0, "building_production_worker_tasks": 1, "market_worker_tasks_max": 1, "market_worker_task_sum": 1, "market_worker_dispatches": 1, "market_worker_parallel_dispatches": 0, "building_production_worker_tasks_max": 1, "building_production_worker_task_sum": 1, "building_production_worker_dispatches": 1, "building_production_worker_parallel_dispatches": 0, "building_production_worker_weight_total": 42, "building_production_worker_task_weight_min": 0, "building_production_worker_task_weight_max": 0, "building_production_worker_imbalance_q16_max": 0, "building_production_worker_cpu_ms": 0.0, "audit_worker_tasks_max": 1, "audit_worker_dispatches": 0, "audit_worker_cpu_ms": 0.0, "building_plan_worker_tasks_max": 1, "building_plan_worker_parallel_dispatches": 0, "building_plan_worker_cpu_ms": 0.001, "opening_audit_fast_paths": 1, "opening_audit_full_verifications": 0, "closing_audit_mode": "INCREMENTAL", "closing_audit_runtime_disabled": false, "closing_audit_fast_paths": 1, "closing_audit_full_verifications": 0, "closing_audit_mismatches": 0, "closing_audit_mismatch_ledger": "none", "closing_audit_mismatch_lane": -1, "closing_audit_population_touched_lanes": 3, "closing_audit_market_touched_lanes": 134, "closing_audit_population_full_scan_entries": 0, "closing_audit_market_full_scan_entries": 0, "closing_audit_incremental_this_epoch": true, "investment_scheduled_review_cells": 0, "investment_review_cells": 0, "investment_type_evaluations": 0, "investment_market_signal_rejections": 0, "investment_ethnicity_evaluations": 0, "investment_sparse_mode": "ACTIVE", "investment_sparse_runtime_disabled": false, "investment_sparse_considered_types": 0, "investment_sparse_selected_types": 0, "investment_sparse_skipped_types": 0, "investment_sparse_mismatches": 0, "investment_sparse_dense_fallbacks": 0, "investment_displacement_type_evaluations": 0, "investment_gate_capital_type_skips": 0, "approximation_probe_violations": 0, "approximation_probe_max_spend_error_q16": 0, "approximation_probe_max_demand_error_q16": 0, "approximation_cooldown_epochs_left": 7, "budgeted_building_commit_phase_fusions": 9, "budgeted_publish_phase_fusions": 6, "last_completed_price_numeric_floor_hits": 0, "last_completed_price_numeric_ceiling_hits": 0, "last_completed_price_min_tick_hits": 0, "last_completed_price_glut_cost_damp_hits": 0, "last_completed_small_payment_roundups": 0, "last_completed_price_ms": 0.1304, "last_completed_perf_valid": true, "last_completed_epoch_id": 4, "last_completed_sample_day": 15, "last_completed_continuation_slices": 17, "last_completed_market_worker_tasks_max": 1, "last_completed_market_worker_task_sum": 1, "last_completed_market_worker_dispatches": 1, "last_completed_market_worker_parallel_dispatches": 0, "last_completed_building_production_worker_tasks_max": 1, "last_completed_building_production_worker_task_sum": 1, "last_completed_building_production_worker_dispatches": 1, "last_completed_building_production_worker_parallel_dispatches": 0, "last_completed_building_production_worker_weight_total": 42, "last_completed_building_production_worker_task_weight_min": 0, "last_completed_building_production_worker_task_weight_max": 0, "last_completed_building_production_worker_imbalance_q16_max": 0, "last_completed_building_production_worker_cpu_ms": 0.0, "last_completed_audit_worker_tasks_max": 1, "last_completed_audit_worker_dispatches": 0, "last_completed_audit_worker_cpu_ms": 0.0, "last_completed_building_plan_worker_tasks_max": 1, "last_completed_building_plan_worker_parallel_dispatches": 0, "last_completed_building_plan_worker_cpu_ms": 0.001, "last_completed_opening_audit_fast_paths": 1, "last_completed_opening_audit_full_verifications": 0, "last_completed_closing_audit_fast_paths": 1, "last_completed_closing_audit_full_verifications": 0, "last_completed_closing_audit_mismatches": 0, "last_completed_closing_audit_mismatch_ledger": "none", "last_completed_closing_audit_mismatch_lane": -1, "last_completed_closing_audit_population_touched_lanes": 3, "last_completed_closing_audit_market_touched_lanes": 134, "last_completed_closing_audit_population_full_scan_entries": 0, "last_completed_closing_audit_market_full_scan_entries": 0, "last_completed_investment_scheduled_review_cells": 0, "last_completed_investment_review_cells": 0, "last_completed_investment_type_evaluations": 0, "last_completed_investment_market_signal_rejections": 0, "last_completed_investment_ethnicity_evaluations": 0, "last_completed_investment_sparse_considered_types": 0, "last_completed_investment_sparse_selected_types": 0, "last_completed_investment_sparse_skipped_types": 0, "last_completed_investment_sparse_mismatches": 0, "last_completed_investment_sparse_dense_fallbacks": 0, "last_completed_investment_displacement_type_evaluations": 0, "last_completed_building_investment_displacement_starts": 0, "last_completed_approximation_decisions": 0, "last_completed_approximation_exact_probes": 0, "last_completed_approximation_certificate_failures": 0, "last_completed_approximation_exact_fallbacks": 0, "last_completed_approximation_frontier_candidates": 0, "last_completed_approximation_frontier_pruned": 0, "last_completed_approximation_max_observed_regret_q16": 0, "last_completed_approximation_probe_violations": 0, "last_completed_approximation_probe_max_spend_error_q16": 0, "last_completed_approximation_probe_max_demand_error_q16": 0, "last_completed_approximation_cooldown_epochs_left": 7, "last_completed_high_speed_batch_multiplier": 1, "last_completed_high_speed_market_dispatches_saved": 0, "last_completed_high_speed_production_dispatches_saved": 0, "last_completed_budgeted_building_commit_phase_fusions": 9, "last_completed_budgeted_publish_phase_fusions": 6, "last_completed_building_plan_ms": 0.0024, "last_completed_building_plan_evaluate_ms": 0.0017, "last_completed_building_plan_reserve_ms": 0.0007, "last_completed_building_employment_ms": 0.0402, "last_completed_building_production_ms": 0.0357, "last_completed_building_production_worker_ms": 0.0324, "last_completed_building_production_merge_ms": 0.0023, "last_completed_household_market_worker_ms": 0.1556, "last_completed_household_market_prepare_ms": 0.0006, "last_completed_household_market_merge_ms": 0.0, "last_completed_household_market_merge_aggregate_ms": 0.0015, "last_completed_household_market_merge_trade_ms": 0.0149, "last_completed_prepare_reuse_count": 15, "last_completed_workset_cells_planned": 1, "last_completed_workset_cells_executed": 1, "last_completed_duplicate_range_count": 0, "last_completed_building_investment_ms": 0.0032, "last_completed_investment_evaluate_ms": 0.0, "last_completed_investment_allocate_ms": 0.0, "last_completed_investment_prepare_lanes_ms": 0.0013, "last_completed_investment_prepare_pending_ms": 0.0002, "last_completed_investment_prepare_groups_ms": 0.0002, "last_completed_startup_demand_prepare_ms": 0.0001, "last_completed_startup_demand_seed_count": 0, "last_completed_startup_demand_touched_lanes": 0, "last_completed_startup_demand_catalog_edges": 0, "last_completed_startup_demand_cycle_skips": 0, "last_completed_startup_demand_remote_lanes": 0, "last_completed_startup_demand_matched_review_cells": 0, "last_completed_startup_demand_buildings_started": 0, "last_completed_startup_demand_scratch_bytes": 1608, "last_completed_finalize_construction_ms": 0.0024, "last_completed_finalize_reconcile_ms": 0.0008, "last_completed_building_factor_refresh_ms": 0.0008, "last_completed_building_role_storage_ms": 0.0, "last_completed_building_factor_cache_hits": 2, "last_completed_building_factor_cache_misses": 0, "last_completed_building_factor_miss_modver": 0, "last_completed_building_factor_miss_country": 0, "last_completed_building_factor_miss_sector": 0, "last_completed_building_factor_miss_research": 0, "last_completed_building_factor_miss_identity": 0, "last_completed_aggregate_publish_ms": 0.0275, "last_completed_aggregate_audit_ms": 0.0012, "last_completed_market_result_allocation_growth_count": 1, "last_completed_market_result_allocation_growth_bytes": 712, "last_completed_production_result_allocation_growth_count": 1, "last_completed_production_result_allocation_growth_bytes": 920, "last_completed_building_structure_count_only_updates": 0, "last_completed_building_structure_new_groups": 0, "last_completed_building_structure_removed_groups": 0, "last_completed_building_structure_topology_rebuilds": 0, "last_completed_building_structure_role_span_reuses": 0, "last_completed_building_structure_role_span_appends": 0, "last_completed_building_structure_group_merge_ms": 0.0, "last_completed_building_structure_market_cache_ms": 0.0, "last_completed_building_structure_labor_cache_ms": 0.0, "due_cells": 1, "processed_due_cells": 1, "deferred_cells": 0, "settlement_watermark": 15, "newest_state_day": 15, "max_state_age_days": 0, "rolling_deadline_violations": 0, "worker_enabled": true, "worker_market_threshold": 64, "markets_per_slice": 1, "building_cells_per_slice": 256, "building_groups_per_slice": 512, "auto_slice_by_scale": true, "family_runtime_mode": "OFF", "family_count": 0, "family_membership_edge_count": 0, "family_ownership_edge_count": 0, "family_trait_roll_count": 0, "family_branch_count": 0, "family_modifier_binding_count": 0, "family_trigger_binding_count": 0, "family_effect_binding_count": 0, "family_owned_output_row_count": 0, "family_industry_stat_count": 0, "family_behavior_factor_row_count": 0, "family_behavior_class_row_count": 0, "family_behavior_cache_rebuilds": 0, "family_behavior_cache_skips": 0, "family_behavior_metric_contexts_built": 0, "family_behavior_condition_edges_evaluated": 0, "family_behavior_cache_ms": 0.0, "family_behavior_cache_dirty": true, "family_behavior_cache_last_dirty_reasons": 0, "family_expedition_active_count": 0, "family_expedition_due_heap_count": 0, "family_expedition_transit_population": 0, "colonization_route_query_ms": 0.0, "colonization_payload_split_ms": 0.0, "colonization_cross_domain_ms": 0.0002, "canal_quote_count": 0, "canal_active_quote_count": 0, "canal_project_count": 0, "canal_receipt_count": 0, "canal_project_building_count": 0, "canal_project_awaiting_effect_count": 0, "canal_project_completed_count": 0, "canal_project_failed_count": 0, "canal_topology_hash": 0, "canal_edge_count": 0, "family_membership_edges_processed": 0, "family_ownership_edges_processed": 0, "families_formed": 0, "families_dissolved": 0, "family_owner_jobs_filled": 0, "family_owner_jobs_vacant": 0, "notable_person_runtime_mode": "ACTIVE", "notable_person_count": 0, "person_need_edge_count": 0, "persons_promoted": 0, "persons_died": 0, "persons_migrated": 0, "person_jobs_bound": 0, "person_need_edges_processed": 0, "memory_bytes": 399353, "city_good_output_shared_count": 134, "city_good_output_non_neutral_shared_count": 0, "city_good_output_override_count": 0, "city_good_output_override_cell_count": 0, "city_good_output_cache_bytes": 544, "canal_next_project_id": 1, "cohort_count": 3, "market_count": 1, "good_count": 134, "building_type_count": 400, "building_group_count": 2, "pending_construction_count": 0, "processed_building_groups": 1, "climate_profiled_building_groups": 0, "climate_limited_building_groups": 0, "average_climate_capacity_q16": 65536, "filled_owner_jobs": 1, "filled_employee_jobs": 0, "unemployed_population": 30, "construction_goods_consumed": 0, "explicit_stock_delta": 0, "building_investment_model": "endogenous_owner_portfolio_v9", "startup_demand_runtime_mode": "OFF", "startup_demand_seed_count": 0, "startup_demand_touched_lanes": 0, "startup_demand_catalog_edges": 0, "startup_demand_cycle_skips": 0, "startup_demand_remote_lanes": 0, "startup_demand_matched_review_cells": 0, "startup_demand_buildings_started": 0, "startup_demand_prepare_ms": 0.0001, "startup_demand_scratch_bytes": 1608, "investment_gap_fill_share_q16": 16384, "investment_portfolio_max_types": 4, "investment_max_type_owner_share_q16": 32768, "investment_max_growth_share_q16": 16384, "investment_new_type_seed_buildings": 1, "investment_displacement_min_advantage_q16": 4096, "investment_merchant_transition_min_improvement_q16": 32768, "recovery_liquidation_max_share_q16": 16384, "building_investment_candidates": 0, "building_owner_mobility": 0, "building_owner_job_reallocations": 0, "building_owner_understaffed_reallocations": 0, "building_employee_job_reallocations": 0, "building_employee_job_profession_changes": 0, "building_employee_job_hurdle_rejections": 0, "building_employee_cold_start_forecasts": 0, "building_employee_funding_limited_forecasts": 0, "building_survival_priority_candidates": 0, "building_owner_opportunity_quotes": 1, "building_owner_opportunity_zero_feasible": 0, "building_owner_survival_reallocations": 0, "bullion_quota_pressure_clamps": 0, "bullion_quote_overallocation_prevented": 0, "building_owner_job_profession_changes": 0, "building_owner_job_probability_skips": 0, "building_employee_to_owner_reallocations": 0, "building_investments_started": 0, "building_investment_displacement_starts": 0, "building_investment_blocked_funds": 0, "building_investment_blocked_materials": 0, "building_investment_blocked_sponsor_capital": 0, "building_investment_blocked_resources": 0, "building_investment_probability_skips": 0, "building_investment_capital_transferred": 0, "building_investment_buildings_started": 0, "building_investment_portfolios_started": 0, "building_investment_types_started": 0, "building_investment_owner_population_moved": 0, "building_investment_max_type_owner_share_q16": 0, "building_investment_demand_limited": 0, "building_investment_material_limited": 0, "building_investment_capital_limited": 0, "building_investment_cost_envelope_trimmed": 0, "building_investment_owner_population_limited": 0, "building_investment_jobs_started": 0, "building_investment_employment_gap": 0, "building_investment_employment_catchup_cells": 0, "desired_business_demand": 0, "derived_business_demand_total": 0, "derived_business_demand_lanes": 0, "derived_business_demand_edges": 23, "derived_business_demand_weight_q16": 32768, "funded_business_demand": 0, "unfunded_business_demand": 0, "owner_working_capital_allocated": 0, "production_inputs_consumed": 0, "production_output_stock": 105710, "production_output_discarded": 0, "production_output_retained": 0, "production_output_supported": 0, "owner_output_consumed": 0, "producer_revenue": 1298225, "producer_support_money_issued": 0, "producer_support_price_numerator": 1, "producer_support_price_denominator": 5, "bullion_money_issued": 0, "bullion_stock_consumed": 0, "gold_accepted": 0, "silver_accepted": 0, "gold_money_issued": 0, "silver_money_issued": 0, "bullion_quota_initial": 6663004, "bullion_quota_remaining": 6663004, "bullion_quota_remainder_units": 0, "cycle_flow_produced": 0, "cycle_flow_consumed": 0, "cycle_flow_discarded": 0, "consumed_goods": 99922, "building_wages_paid": 0, "building_wages_unpaid": 0, "building_base_wages_due": 0, "building_base_wages_paid": 0, "building_bonus_due": 0, "building_bonus_paid": 0, "wage_suspended_building_groups": 0, "loss_suspended_building_groups": 0, "merchant_procurement_budget": 879990646, "merchant_procurement_opportunity": 1298225, "merchant_procurement_allocated": 1298225, "merchant_procurement_unspent_allocated": 0, "merchant_survival_procurement_required": 0, "merchant_survival_procurement_allocated": 0, "merchant_input_procurement_required": 0, "merchant_input_procurement_allocated": 0, "merchant_procurement_reserved": 125712950, "merchant_procurement_spent": 1298225, "merchant_cash": 1006225028, "merchant_inventory_retail_value": 3486766580380, "merchant_inventory_liquidation_value": 3312417610516, "merchant_economic_assets": 3313423835544, "merchant_procurement_margin_value": 68393, "merchant_trade_purchase_cash": 0, "merchant_trade_sale_cash": 0, "government_research_procured_points": 105710, "government_research_procurement_cash": 1447170, "government_research_procurement_orders": 1, "country_research_procurement_cursor": 1, "country_research_procurement_candidate_count": 1, "country_research_procurement_phase": 2, "country_research_procurement_done": true, "country_research_procurement_slices": 1, "country_research_procurement_transactions": 1, "country_research_procurement_rejections": 0, "country_research_procurement_continuation_active": false, "country_research_procurement_continuation_phase": 0, "country_research_procurement_continuation_candidate": -1, "country_research_procurement_continuation_country": -1, "country_research_procurement_continuation_market": -1, "country_research_procurement_continuation_good": -1, "country_research_procurement_continuation_quantity": 0, "country_research_procurement_continuation_cash": 0, "country_research_procurement_continuation_transaction_id": 0, "country_research_procurement_continuation_merchants": 0, "country_research_procurement_continuation_merchant_cursor": 0, "country_research_procurement_continuation_market_applied": false, "country_research_procurement_continuation_session_epoch": 0, "country_research_procurement_continuation_country_generation": 0, "country_research_procurement_continuation_peer_generation": 0, "country_research_procurement_last_error": "", "fiscal_settlement_continuation_active": false, "fiscal_settlement_continuation_phase": 2, "fiscal_settlement_country_cursor": 1, "fiscal_settlement_country_count": 1, "fiscal_settlement_last_unused": 0, "fiscal_settlement_last_collected": 0, "fiscal_settlement_last_error": "", "merchant_operating_outflow": 1298225, "merchant_liquidity_coverage_q16": 50795481, "merchant_effective_buy_factor_q16": 62259, "merchant_credit_runtime_mode": "ACTIVE", "merchant_credit_budget": 0, "merchant_credit_committed": 0, "merchant_credit_drawn": 0, "merchant_credit_repaid": 0, "merchant_credit_premium_repaid": 0, "merchant_credit_outstanding": 0, "merchant_credit_bad_debt": 0, "recovery_candidates": 0, "recovery_approved": 0, "recovery_restarted": 0, "recovery_failed": 0, "recovery_liquidated_buildings": 0, "recovery_partially_liquidated_buildings": 0, "recovery_fully_liquidated_groups": 0, "production_input_reserved": 0, "production_input_reserve_shortfall": 0, "construction_material_reserved": 395, "maintenance_goods_consumed": 395, "maintenance_unmet": 0, "maintenance_unpaid_value": 0, "owner_working_capital_reserved": 0, "building_severe_loss_threshold_q16": -16384, "building_severe_loss_cycles": 3, "building_restart_margin_q16": 6554, "building_restart_cycles": 2, "merchant_procurement_cash_reserve_q16": 8192, "merchant_market_making_days_q16": 1966080, "labor_signal_edges": 0, "labor_signal_updates": 0, "building_resource_generated": 0, "building_resource_consumed": 0, "building_resource_net_delta": 0, "building_resource_limited_groups": 0, "market_signal_edges": 9, "market_signal_updates": 9, "trade_runtime_mode": "ACTIVE", "trade_topology_ready": false, "trade_topology_generation": 0, "trade_topology_hash": 0, "trade_water_portal_count": 0, "trade_water_portal_edges": 0, "trade_country_generation": 0, "trade_country_topology_hash": 3554543661169652019, "trade_plan_phase": "IDLE", "trade_scan_cursor": 0, "trade_scan_total": 0, "trade_active_key_count": 133, "trade_scan_progress_q16": 0, "trade_completed_scans": 0, "trade_route_cursor": 0, "trade_route_total": 0, "trade_source_signals": 0, "trade_destination_signals": 0, "trade_route_current_source_cell": -1, "trade_route_current_source_good": -1, "trade_route_current_source_country": -1, "trade_route_search_active": false, "trade_route_search_source": -1, "trade_route_expansion_cursor": 0, "trade_route_expansions_per_slice": 256, "trade_route_pending_targets": 0, "trade_route_accepted_targets": 0, "trade_plan_reset_count": 0, "trade_topology_content_change_count": 0, "trade_last_plan_reset_reason": "none", "trade_ready_candidates": 0, "trade_signal_max_age_days": 0, "trade_first_dispatch_delay_max_days": 0, "trade_response_deadline_misses": 0, "trade_response_deadline_misses_cumulative": 0, "trade_unresolved_no_attempt": 0, "trade_unresolved_no_spread": 0, "trade_unresolved_margin": 0, "trade_unresolved_route": 0, "trade_unresolved_stock": 0, "trade_unresolved_capacity": 0, "trade_unresolved_cash": 0, "trade_unresolved_order_cap": 0, "trade_route_expansions": 0, "trade_route_cache_hits": 0, "trade_route_cache_misses": 0, "trade_candidates_generated": 0, "trade_candidates_accepted": 0, "trade_rejected_profit": 0, "trade_rejected_no_spread": 0, "trade_rejected_margin": 0, "trade_quantity_profit_clips": 0, "trade_relief_candidates": 0, "trade_rejected_capacity": 0, "trade_rejected_stock": 0, "trade_rejected_cash": 0, "trade_rejected_route": 0, "trade_rejected_vision": 0, "trade_vision_gated": false, "trade_rejected_order_cap": 0, "trade_active_keys_pruned": 0, "trade_deficit_episodes_started": 0, "trade_deficit_episodes_resolved": 0, "trade_candidates_stale_generation": 0, "trade_candidates_arbitrated_out": 0, "trade_true_source_stock_failures": 0, "trade_orders_in_flight": 0, "trade_arrival_bucket_count": 0, "trade_orders_dispatched": 0, "trade_orders_arrived": 0, "trade_unclaimed_orders": 0, "trade_capacity_available": 4194304, "trade_capacity_used": 0, "trade_capacity_utilization_q16": 0, "trade_tariff_lane_count": 0, "trade_country_good_aggregate_count": 0, "trade_country_partner_aggregate_count": 0, "trade_transit_goods": 0, "trade_escrow_cash": 0, "trade_settlement_lag_days": 0, "price_cost_anchor_hits": 0, "price_inactive_reversions": 0, "unprofitable_building_groups": 0, "zero_utilization_building_groups": 0, "average_planned_utilization_q16": 0, "building_resource_capacity_checks": 0, "building_resource_capacity_limited_groups": 0, "last_building_rejection_reason": "", "population_error": 0, "opening_population": 31, "closing_population": 31, "population_expected": 31, "external_population_delta": 0, "money_error": 0, "money_open": 4000000000, "money_close": 4000000000, "money_expected": 4000000000, "explicit_money_mint": 0, "explicit_money_burn": 0, "opening_cohort_funds": 3000000000, "closing_cohort_funds": 3001447170, "opening_country_cash": 1000000000, "closing_country_cash": 998552830, "opening_escrow_cash": 0, "closing_escrow_cash": 0, "opening_expedition_funds": 0, "closing_expedition_funds": 0, "opening_transit_population": 0, "closing_transit_population": 0, "opening_goods_stock": 131999143364, "closing_goods_stock": 131999148757, "opening_country_goods": 0, "closing_country_goods": 105710, "goods_expected": 131999148757, "goods_error": 0, "country_research_goods_consumed": 0, "saturation_count": 0, "fatal_reason": "", "fatal": false, "commit_lag_budget_days": 4, "commit_over_budget": false, "commit_due": false, "boundary_continuation_required": false, "fiscal_reservation_continuation_active": false, "fiscal_reservation_continuation_phase": 2, "fiscal_reservation_country_cursor": 1, "fiscal_reservation_country_count": 1, "fiscal_reservation_day": 15, "fiscal_reservation_last_requested": 0, "fiscal_reservation_last_reserved": 0, "fiscal_reservation_last_error": "", "epoch_begin_post_fiscal_pending": false, "epoch_begin_pending_day": -1, "fiscal_settlement_day": 15, "cycle_deadline_day": 15, "days_until_commit": 0, "market_target_cohorts_per_slice": 4000, "market_cells_per_slice": 1, "workload_deadline_feasible": true, "workload_cycle_clamped": false, "approximation_version": 19, "approximation_model": "rolling_cell_settlement_v19_class_good_elasticity", "economy_accuracy_preset": "BALANCED", "economy_approximation_runtime_mode": "ACTIVE", "approximation_large_world_scalar_guard": false, "approximation_authoritative": false, "accuracy_max_regret_q16": 1966, "accuracy_household_tail_share_q16": 655, "accuracy_candidate_top_k": 2, "accuracy_choice_temperature_q16": 983, "employment_mobility_daily_q16": 13107, "employment_understaffed_reallocation_hurdle_mult_q16": 131072, "employment_choice_temperature_q16": 6554, "accuracy_exact_probe_rate_q16": 655, "accuracy_fallback_cooldown_epochs": 10, "approximation_decisions": 0, "approximation_exact_probes": 0, "approximation_certificate_failures": 0, "approximation_exact_fallbacks": 0, "approximation_frontier_candidates": 0, "approximation_frontier_pruned": 0, "approximation_max_observed_regret_q16": 0, "starvation_satisfaction_threshold_q16": 32768, "survival_production_target_q16": 65536, "starvation_death_rate_q32": 0, "births": 0, "deaths": 0, "period_transactions": true, "max_command_latency_days": 5, "pending_commands": 0, "catalog_hash": 27676592241239068, "building_catalog_hash": 44241247762182233, "environment_day": 20, "environment_hash": 5969735340517827795, "country_schema_version": 13, "country_generation": 2, "country_state_hash": -117458212373512043, "country_commands_due": true, "merchant_count": 1, "merchant_repairs": 0, "price_cap_hits": 0, "price_rate_clamp_hits": 0, "price_ceiling_expansions": 0, "price_ceiling_recoveries": 0, "price_ceiling_blocked_rises": 0, "price_ceiling_active_states": 0, "price_ceiling_state_bytes": 0, "price_ceiling_confirm_days": 30, "price_ceiling_expand_bp": 50, "price_ceiling_recover_bp": 10, "price_numeric_floor_hits": 0, "price_numeric_ceiling_hits": 0, "price_ceiling_limit_hits": 0, "price_min_tick_hits": 0, "price_glut_cost_damp_hits": 0, "small_payment_roundups": 0, "price_rise_fade_hits": 0, "price_headroom_damp_hits": 0, "price_catalog_bound_hits": 0, "price_rise_fade_model": "disabled_price_v6", "price_runtime_bounds": "numeric_min_dynamic_ceiling", "price_model": "price_v6_dynamic_ceiling", "price_numeric_guard_min": 1, "price_numeric_guard_max": 2147483647, "continuation_slices": 17, "market_runtime_mode": "ACTIVE" }, "country": { "ok": true, "cell": 0, "country_slot": 0, "owned": true, "country_handle": 4294967296, "country_id": "country.first_research", "country_name": "First Research", "territory_count": 1, "cash": 998552830, "nonzero_good_count": 1, "technology_count": 4, "state_version": 4, "generation": 3 } }
  [PASS] automatic investment starts the first research building
  [PASS] first research building is committed after investment
  [PASS] research auto-investment preserves every ledger
  [PASS] employment-catchup country bootstraps
  [PASS] employment-catchup runtime configures
  [PASS] employment-catchup fixture injects 35 additional unemployed
M7_CATCHUP { "seen": true, "jobs": 0, "first": -1, "credit": 0, "unemployed": 46, "knap": 5, "hunt": 5, "timber": 5 }
  [FAIL] high unemployment activates catch-up and starts jobs within 30 days
  [FAIL] employment catch-up lowers unemployment strictly below 25 percent in 365 days
  [PASS] employment-catchup regression conserves every ledger
  [PASS] collector-investment country bootstraps
  [PASS] collector-investment runtime configures
  [PASS] collector-investment fixture bootstraps
  [PASS] collector-investment diagnostic trace registers
  [PASS] logs demand can fund and construct a local timber collector
  [PASS] collector investment conserves every ledger
  [PASS] substitute-price country bootstraps
  [PASS] substitute-price runtime configures
  [PASS] substitute-price fixture bootstraps
  [PASS] expensive construction substitute never aborts the economy runtime
  [PASS] investment batch stays within the funded construction invoice
  [PASS] substitute-capped investment conserves every ledger
  [PASS] non-starter producers consume positive explicit construction materials
  [PASS] maintenance CSR columns exist
  [PASS] farm and kiln maintenance recipes differ
  [PASS] ocean fishery has an executable oceanic-vessel replacement sink
  [PASS] installed-maintenance country bootstraps
  [PASS] installed-maintenance runtime configures
  [PASS] installed-maintenance fixture bootstraps
  [PASS] installed mine keeps construction-material buffer without new starts
  [PASS] maintenance is a paid operating cost
  [PASS] storable industrial continuity still conserves ledgers
  [PASS] existing-market entry country bootstraps
  [PASS] existing-market entry runtime configures
  [PASS] existing-market entry fixture bootstraps
  [PASS] existing-market investment diagnostics register
  [PASS] collector investment reaches economic gates alongside industrial reviews
  [PASS] existing-market entry review conserves every ledger
  [PASS] input-coverage country bootstraps
  [PASS] input-coverage runtime configures
  [PASS] input-coverage fixture bootstraps
  [PASS] missing input coverage blocks further entry
  [PASS] input-coverage review conserves every ledger
  [PASS] owner-livelihood country bootstraps
  [PASS] owner-livelihood runtime configures
  [PASS] owner-livelihood fixture bootstraps
  [PASS] shortage cannot approve a workshop that misses owner livelihood
  [PASS] realized workshop margin includes owner livelihood
  [PASS] incumbent-gathering country bootstraps
  [PASS] incumbent-gathering runtime configures
  [PASS] incumbent-gathering fixture bootstraps
  [PASS] incumbent-gathering diagnostic trace registers
  [PASS] incumbent gathering camps settled with positive livelihood
  [PASS] incumbent gathering expansion is not rejected for owner livelihood
  [PASS] incumbent gathering livelihood review conserves every ledger
  [PASS] owner-only loss country bootstraps
  [PASS] owner-only loss runtime configures
  [PASS] owner-only loss fixture bootstraps
  [PASS] installed loom keeps logs construction reserve
  [PASS] owner livelihood loss counts without input or payroll cost
  [PASS] third owner-only livelihood loss suspends the workshop
  [PASS] recovery-pending country bootstraps
  [PASS] recovery-pending runtime configures
  [PASS] recovery-pending fixture bootstraps
  [PASS] recovery-pending fixture reaches suspension with released owner
  [PASS] recovery-pending owner removal queues
  [PASS] failed restart remains fully suspended without a probe state
  [PASS] next due cycle keeps suspension without rehiring
  [PASS] suspended building has no recovery cooldown or probe capacity
  [PASS] recovery-pending cycles conserve every ledger
  [PASS] service lifecycle country bootstraps
  [PASS] service lifecycle runtime configures
  [PASS] service lifecycle fixture bootstraps
  [PASS] merchant post never enters producer loss suspension
  [PASS] dead-merchant investment country bootstraps
  [PASS] dead-merchant investment runtime configures
  [PASS] dead-merchant investment fixture bootstraps
  [PASS] structural commit repairs merchant before the capital review
  [PASS] repaired merchant supports the next endogenous construction review
  [PASS] dead-merchant construction conserves every ledger
  [PASS] continuation country bootstraps
  [PASS] continuation runtime configures
  [PASS] continuation fixture bootstraps
  [PASS] one-cell building budget enters bounded continuation
  [PASS] due rolling bucket completes through continuation slices
  [PASS] completed rolling transaction can save immediately
  [PASS] sliced building plan commits with exact conservation
  [PASS] reference continuation country bootstraps
  [PASS] reference continuation runtime configures
  [PASS] reference continuation fixture bootstraps
  [PASS] continuation slice budget preserves authoritative hash
  [PASS] production scalar country bootstraps
  [PASS] production worker country bootstraps
  [PASS] production scalar runtime configures
  [PASS] production worker runtime configures
  [PASS] production scalar fixture bootstraps
  [PASS] production worker fixture bootstraps
  [PASS] building production dispatches multiple worker tasks
  [PASS] sub-threshold production uses weighted parallel dispatch
  [PASS] building plan uses weighted parallel dispatch
  [PASS] building production worker and scalar hashes match
  [PASS] building production worker and scalar event hashes match
  [PASS] building production worker conserves all ledgers
  [PASS] weighted worker remains scalar-equivalent across rolling phases
  [PASS] incremental opening audit preserves exact rolling ledgers
  [PASS] opening audit exercises fast and full verification paths
  [PASS] INCREMENTAL closing audit exercises fast and full verification paths
  [PASS] INCREMENTAL closing audit remains enabled and exact
  [PASS] investment review list executes every scheduled cell exactly once
  [PASS] ACTIVE investment sparse filter evaluates a strict candidate subset
  [PASS] ACTIVE investment sparse filter reports no viable-candidate mismatch
  [PASS] merchant-finance country bootstraps
  [PASS] merchant-finance runtime configures
  [PASS] merchant-finance fixture bootstraps
  [PASS] cashless owner submits merchant-financed construction
  [PASS] merchant financing draws principal and records five-percent premium
  [PASS] last local merchant remains a merchant while financing construction
  [PASS] merchant-financed construction conserves all ledgers
  [PASS] all-technology test country bootstraps
  [PASS] building runtime configures
  [PASS] employment mobility policy is exposed deterministically
  [PASS] building population bootstraps
  [PASS] untracked settlement detail is unavailable
  [PASS] inspector trace target registers
  [PASS] new inspector trace reports pending until commit
  [PASS] industrialist owner handle exists
  [PASS] build command accepted
  [PASS] construction cycle commits
  [PASS] new building group triggers one batched topology rebuild
  [PASS] mine completes at cycle boundary
  [PASS] production cycle conserves population
  [PASS] production cycle conserves money
  [PASS] production cycle conserves market goods
  [PASS] building snapshot reports five-day production period
  [PASS] owner job filled
  [PASS] active utilization remains bounded and keeps jobs
  [PASS] mine produces output
  [PASS] merchant buys at least part of output
  [PASS] installed mine keeps construction-material buffer
  [PASS] maintenance is a paid operating cost
  [PASS] merchant procurement freezes a 12.5 percent reserve and stays in budget
  [PASS] shortage cannot lift merchant producer settlement above configured factor
  [PASS] merchant liquidity report reconciles assets and operating outflow
  [PASS] selected market exposes merchant economic assets instead of cohort funds only
  [PASS] ordinary non-survival coal enters the market instead of owner retention
  [PASS] building output reconciles sale, owner retention, and discard
  [PASS] adaptive contract wages respect each role living floor
  [PASS] building snapshot separates base wage and bonus
  [PASS] zero filled employee roles cannot carry paid base wages
  [PASS] owner-lot bonus is exact after fully funded base payroll
  [PASS] building snapshot reports priced tool input cost
  [PASS] worker cohort has real employee count
  [PASS] adaptive wages reach worker and manager cohorts
  [PASS] owner expense includes base payroll and bonus
  [PASS] committed settlement cashflow detail is available
  [PASS] worker cashflow sources reconcile to epoch ledger
  [PASS] manager cashflow sources reconcile to epoch ledger
  [PASS] owner cashflow sources reconcile to epoch ledger
  [PASS] settlement classifies wages and owner operations
  [PASS] settlement classifies merchant household and procurement flows
  [PASS] wage report is exact and fully funded
  [PASS] sold coal enters local stock
  [PASS] price v3 publishes sparse coal supply and cost anchor
  [PASS] market publishes realized withdrawals and merchant inventory targets
  [PASS] building snapshot publishes economic cost diagnostics
  [PASS] resource extraction publishes negative extra delta
  [PASS] extractive building reports no generated resource
  [PASS] building snapshot exposes current and effective resource reserves
  [PASS] building snapshot stays committed
  [PASS] merchant cash purchase and bounded support stop at the inventory target
  [PASS] owner cash drain command accepted
  [PASS] unfunded active employment keeps its payroll commitment
  [PASS] unpaid role lowers collectible expected wage below contract
  [PASS] producer-income inventory floor preserves the next active production plan
  [PASS] zero owner input funds preserve intent but suppress funded production
  [PASS] unfunded active contract remains explicitly wage-suspended
  [PASS] insolvent wage cycle conserves money and goods
  [PASS] cash-drained cycle preserves the prior profitable settlement once
  [PASS] treasury transfer is exposed as a settlement source
  [PASS] first execution-blocked cycle is not classified as a loss
  [PASS] repeated execution blockage remains active without loss accumulation
  [PASS] recovery fixture schedules cash drain and merchant input replenishment
  [PASS] third execution-blocked cycle remains active
  [PASS] blocked active building retains its owner and restart intent
  [PASS] blocked producer keeps explicit unfunded upstream demand
  [PASS] building PKCN save begins
  [PASS] building PKCN save completes
  [PASS] building v52 save begins
  [PASS] building save completes
  [PASS] building restore country configures first
  [PASS] building PKCN restore begins
  [PASS] building PKCN chunk accepted
  [PASS] building PKCN chunk accepted
  [PASS] building PKCN chunk accepted
  [PASS] building PKCN chunk accepted
  [PASS] building PKCN chunk accepted
  [PASS] building PKCN chunk accepted
  [PASS] building PKCN chunk accepted
  [PASS] building PKCN chunk accepted
  [PASS] building PKCN chunk accepted
  [PASS] building PKCN chunk accepted
  [PASS] building PKCN restore completes
  [PASS] building restore target configures
  [PASS] building restore begins
  [PASS] building restore chunk accepted
  [PASS] building restore chunk accepted
  [PASS] building restore chunk accepted
  [PASS] building restore chunk accepted
  [PASS] building restore chunk accepted
  [PASS] building restore chunk accepted
  [PASS] building restore chunk accepted
  [PASS] building restore chunk accepted
  [PASS] building restore chunk accepted
  [PASS] building restore chunk accepted
  [PASS] building restore chunk accepted
  [PASS] building restore chunk accepted
  [PASS] building restore chunk accepted
  [PASS] building restore chunk accepted
  [PASS] building restore chunk accepted
  [PASS] building restore chunk accepted
  [PASS] building restore chunk accepted
  [PASS] building restore chunk accepted
  [PASS] building restore chunk accepted
  [PASS] building restore chunk accepted
  [PASS] building restore chunk accepted
  [PASS] building restore chunk accepted
  [PASS] building restore chunk accepted
  [PASS] building restore chunk accepted
  [PASS] building restore chunk accepted
  [PASS] building restore chunk accepted
  [PASS] building restore chunk accepted
  [PASS] building restore chunk accepted
  [PASS] building restore chunk accepted
  [PASS] building restore chunk accepted
  [PASS] building restore chunk accepted
  [PASS] building restore chunk accepted
  [PASS] building restore chunk accepted
  [PASS] building restore chunk accepted
  [PASS] building restore completes
  [PASS] building save hash round-trips
  [PASS] restored mine preserves active blocked lifecycle classification
M7_RESTORE_DIFF { "hash": [6697136364536480085, 8161019862364221283], "building": [[0, 41, 0, 28840, 21540, 3844, 0, 0], [0, 41, 0, 28840, 21540, 3844, 0, 0], [0, 0, 0, 469, 625, 0, 0, 0], [0, 0, 0, 469, 625, 0, 0, 0], [0, 12916, 0, 57344, 65536, 14791, 65536, 0], [0, 12916, 0, 57344, 65536, 14791, 65536, 0]], "pop": [[0, 76336505, 29588420, 894570, 313370, 469523, 390422, 963930], [0, 76336505, 29588420, 894570, 313370, 469523, 390422, 963930], <null>, <null>, [1, 0, 0, 2, 2, 1, 2, 2], [1, 0, 0, 2, 2, 1, 2, 2]], "market": [[9997914, 10000000, 10000000, 10000000, 9989934, 9996572, 9999251, 9997677, 10000000, 9990424, 9674030, 9998236, 10000000, 9976747, 9740345, 9998692, 9951394, 9998883, 10000000, 9996823, 9995858, 874904, 10000000, 9991904, 9998505, 9997284, 10000000, 10000000, 10000000, 9699088, 10000000, 10000000, 9611757, 9978935, 9807729, 10000000, 10000000, 0, 10000000, 10000000, 10000000, 10000000, 9996954, 9996947, 9612022, 10000000, 10000000, 9995845, 9991860, 9993268, 9688457, 9794886, 9999002, 9996467, 10000000, 9699056, 9991025, 9996586, 10000000, 10000000, 10000000, 10000000, 9995093, 10000000, 10000000, 10000000, 10000000, 9991178, 9999006, 10000000, 10000000, 9904627, 10000000, 9998076, 10000000, 10000000, 9998006, 9601450, 9994533, 9996551, 9965090, 10000000, 10000000, 10000000, 10000000, 9998003, 10000000, 9994522, 10000000, 10000000, 9696011, 9997768, 10988654, 9674045, 9998002, 9016944, 9997869, 10000000, 10000000, 10000000, 10000000, 4455098, 10000000, 6669363, 9957930, 9699093, 9970805, 10000000, 10000000, 10000000, 10000000, 10000000, 10000000, 9978946, 9996518, 10000000, 10000000, 9998740, 10000000, 10000000, 10000000, 9999901, 9997504, 10000000, 10000000, 9998223, 9998160, 8560546, 9699088, 10000000, 10000000, 10000000, 10000000, 10000000], [9997914, 10000000, 10000000, 10000000, 9989934, 9996572, 9999251, 9997677, 10000000, 9990424, 9674030, 9998236, 10000000, 9976747, 9740345, 9998692, 9951394, 9998883, 10000000, 9996823, 9995858, 874904, 10000000, 9991904, 9998505, 9997284, 10000000, 10000000, 10000000, 9699088, 10000000, 10000000, 9611757, 9978935, 9807729, 10000000, 10000000, 0, 10000000, 10000000, 10000000, 10000000, 9996954, 9996947, 9612022, 10000000, 10000000, 9995845, 9991860, 9993268, 9688457, 9794886, 9999002, 9996467, 10000000, 9699056, 9991025, 9996586, 10000000, 10000000, 10000000, 10000000, 9995093, 10000000, 10000000, 10000000, 10000000, 9991178, 9999006, 10000000, 10000000, 9904627, 10000000, 9998076, 10000000, 10000000, 9998006, 9601450, 9994533, 9996551, 9965090, 10000000, 10000000, 10000000, 10000000, 9998003, 10000000, 9994522, 10000000, 10000000, 9696011, 9997768, 10988654, 9674045, 9998002, 9016944, 9997869, 10000000, 10000000, 10000000, 10000000, 4455098, 10000000, 6669363, 9957930, 9699093, 9970805, 10000000, 10000000, 10000000, 10000000, 10000000, 10000000, 9978946, 9996518, 10000000, 10000000, 9998740, 10000000, 10000000, 10000000, 9999901, 9997504, 10000000, 10000000, 9998223, 9998160, 8560546, 9699088, 10000000, 10000000, 10000000, 10000000, 10000000], [3508, 62252, 29445, 20374, 30716, 126333, 4160, 29729, 5661, 9412, 10492, 13271, 2266, 16687, 10420, 12747, 5764, 42653, 5684, 13771, 13827, 6303, 7359, 30582, 13571, 12599, 20513, 5661, 25466, 6557, 5661, 5664, 10488, 18467, 10376, 29445, 29445, 18215, 29445, 29445, 16988, 16988, 13764, 34405, 6556, 5661, 2268, 13828, 13966, 10485, 6232, 3280, 12925, 19853, 5668, 10491, 5879, 29862, 16990, 29466, 14715, 5665, 34676, 5667, 20374, 5661, 13595, 21337, 13032, 5661, 10270, 6556, 16988, 9057, 29445, 5661, 14086, 10488, 5793, 25167, 6346, 7955, 16988, 67904, 10267, 10605, 16988, 17383, 5661, 16990, 6075, 6288, 32603, 10492, 10585, 10488, 37127, 29445, 20374, 5661, 13409, 5988, 73563, 2636, 19081, 6557, 6429, 5661, 32854, 3682, 29445, 5661, 5665, 18467, 5744, 20374, 45271, 21256, 5661, 13591, 16988, 5671, 29750, 20418, 5665, 29737, 2938, 6556, 6557, 20374, 13591, 15867, 20374, 5661], [3508, 62252, 29445, 20374, 30716, 126333, 4156, 29729, 5661, 9412, 10492, 13271, 2266, 16687, 10420, 12747, 5763, 42653, 5682, 13771, 13827, 6303, 7359, 30582, 13571, 12599, 20513, 5661, 25466, 6557, 5661, 5664, 10488, 18467, 10370, 29445, 29445, 18181, 29445, 29445, 16988, 16988, 13764, 34405, 6556, 5661, 2268, 13828, 13966, 10485, 6232, 3280, 12925, 19853, 5668, 10491, 5879, 29862, 16990, 29463, 14715, 5665, 34676, 5667, 20374, 5661, 13595, 21337, 13032, 5661, 10057, 6556, 16988, 9057, 29445, 5661, 14086, 10488, 5793, 25167, 6346, 7955, 16988, 67904, 10261, 10604, 16988, 17383, 5661, 16990, 6075, 6288, 32603, 10492, 10585, 10488, 37127, 29445, 20374, 5661, 13409, 5988, 73563, 2636, 19081, 6557, 6426, 5661, 32854, 3682, 29445, 5661, 5664, 18467, 5744, 20374, 45271, 21256, 5661, 13591, 16988, 5671, 29750, 20418, 5665, 29737, 2938, 6556, 6557, 20374, 13591, 15867, 20374, 5661]], "report": [[7, 9, 5969735340517827795], [7, 4, 5969735340517827795]] }
  [FAIL] restored building input spans survive the first production cycle
  [PASS] restored inputs resume through the active path without a recovery probe
  [PASS] first recovery cycle conserves all ledgers
  [PASS] profitable alternative coexists with the active blocked building
  [PASS] restart cycle conserves all ledgers
  [PASS] blocked building remains retryable without losing either building group
  [PASS] resumed production conserves all ledgers
=== native building runtime FAIL ===
ERROR: 11 RID allocations of type 'PN13RendererDummy14TextureStorage12DummyTextureE' were leaked at exit.
ERROR: 1 RID allocations of type 'PN18TextServerAdvanced12FontAdvancedE' were leaked at exit.
WARNING: ObjectDB instances leaked at exit (run with --verbose for details).
   at: cleanup (core/object/object.cpp:2641)
ERROR: 276 resources still in use at exit (run with --verbose for details).
   at: clear (core/io/resource.cpp:810)
