WorkerThreadPool: 32 threads, 9 max low-priority.
Godot Engine v4.6.2.stable.official.71f334935 - https://godotengine.org
TextServer: Added interface "Dummy"
TextServer: Added interface "ICU / HarfBuzz / Graphite (Built-in)"
Unrecognized output string "misc2" in mapping:
030000008a2e0000dd10000000000000,Hand Held Legend GC Ultimate,a:b0,b:b2,back:b17,dpdown:b5,dpleft:b6,dpright:b7,dpup:b4,guide:b18,leftshoulder:b10,leftstick:b8,lefttrigger:a3,leftx:a0,lefty:a1,misc1:b19,misc2:b24,paddle1:b13,paddle2:b12,rightshoulder:b11,rightstick:b9,righttrigger:a4,rightx:a2,righty:a5,start:b16,x:b1,y:b3,platform:Windows,
Unrecognized output string "misc2" in mapping:
030000000d0f00000202000000000000,Horipad O Nintendo Switch 2 Controller,a:b1,b:b0,back:b8,dpdown:h0.4,dpleft:h0.8,dpright:h0.2,dpup:h0.1,guide:b12,leftshoulder:b4,leftstick:b10,lefttrigger:b6,leftx:a0,lefty:a1,misc1:b13,misc2:b14,rightshoulder:b5,rightstick:b11,righttrigger:b7,rightx:a2,righty:a3,start:b9,x:b3,y:b2,platform:Windows,
Unrecognized output string "misc2" in mapping:
030000000d0f00009601000000000000,Horipad Steam,a:b0,b:b1,back:b10,dpdown:h0.4,dpleft:h0.8,dpright:h0.2,dpup:h0.1,guide:b12,leftshoulder:b6,leftstick:b13,lefttrigger:b8,leftx:a0,lefty:a1,misc2:b2,paddle1:b5,paddle2:b15,paddle3:b18,paddle4:b19,rightshoulder:b7,rightstick:b14,righttrigger:b9,rightx:a3,righty:a4,start:b11,x:b3,y:b4,platform:Windows,
Unrecognized output string "misc2" in mapping:
030000007e0500006920000000000000,Nintendo Switch 2 Pro Controller,a:b0,b:b1,back:b14,dpdown:b8,dpleft:b10,dpright:b9,dpup:b11,guide:b16,leftshoulder:b12,leftstick:b15,lefttrigger:b13,leftx:a0,lefty:a1~,misc1:b17,misc2:b20,paddle1:b18,paddle2:b19,rightshoulder:b4,rightstick:b7,righttrigger:b5,rightx:a2,righty:a3~,start:b6,x:b2,y:b3,platform:Windows,
Using "default" pen tablet driver...

TextServer: Primary interface set to: "ICU / HarfBuzz / Graphite (Built-in)".
CORE API HASH: 4039755037
EDITOR API HASH: 223528947
Loading resource: res://tests/income_tax_settlement_regression_test.gd
Loading resource: res://assets/fonts/fontawesome/fa-solid-900.woff2
Loading resource: res://.godot/imported/fa-solid-900.woff2-4df2b9ac1f0a2dcdc24e425e47923ff2.fontdata
Loading resource: res://assets/icons/tabler/affairs.svg
Loading resource: res://.godot/imported/affairs.svg-8646c7ababd8199f6bfe39ccf68a2de1.ctex
Loading resource: res://assets/icons/lucide/diplomacy.svg
Loading resource: res://.godot/imported/diplomacy.svg-58a734cec1a2e2a6abec7288e5521804.ctex
Loading resource: res://assets/icons/lucide/military.svg
Loading resource: res://.godot/imported/military.svg-c1a321977f131c20de2d7a4f3deffe36.ctex
Loading resource: res://assets/icons/lucide/politics.svg
Loading resource: res://.godot/imported/politics.svg-28342428837ac6b0fccc1cf2e91fd0e9.ctex
Loading resource: res://assets/icons/tabler/treasury.svg
Loading resource: res://.godot/imported/treasury.svg-af45a851f959263cc97ba70bb7776edb.ctex
Loading resource: res://assets/icons/lucide/technology.svg
Loading resource: res://.godot/imported/technology.svg-09f037e9a28f3501ebc316cd88a4170e.ctex
Loading resource: res://assets/ui/family_workspace/bitmap/crest_bitmap.tres
Loading resource: res://assets/ui/family_workspace/bitmap/family_icons_atlas_v2.png
Loading resource: res://.godot/imported/family_icons_atlas_v2.png-8cbd63ba79b2100df983bae8ebbb73fc.ctex
Loading resource: res://assets/ui/family_workspace/bitmap/prestige_bitmap.tres
Loading resource: res://assets/ui/family_workspace/bitmap/person_bitmap.tres
Loading resource: res://assets/ui/family_workspace/bitmap/nav_overview_bitmap.tres
Loading resource: res://assets/ui/family_workspace/bitmap/nav_traits_bitmap.tres
Loading resource: res://assets/ui/family_workspace/bitmap/nav_preferences_bitmap.tres
Loading resource: res://assets/ui/family_workspace/bitmap/nav_effects_bitmap.tres
Loading resource: res://assets/ui/family_workspace/bitmap/nav_people_bitmap.tres
Loading resource: res://assets/ui/family_workspace/bitmap/nav_branches_bitmap.tres
Loading resource: res://assets/ui/family_workspace/bitmap/metric_population_bitmap.tres
Loading resource: res://assets/ui/family_workspace/bitmap/metric_wealth_bitmap.tres
Loading resource: res://assets/ui/family_workspace/bitmap/metric_buildings_bitmap.tres
Loading resource: res://assets/ui/family_workspace/bitmap/metric_time_bitmap.tres
Loading resource: res://assets/icons/tabler/goods.svg
Loading resource: res://.godot/imported/goods.svg-e55663730df1b69b8aec518e4ccff804.ctex
Loading resource: res://assets/icons/tabler/technology.svg
Loading resource: res://.godot/imported/technology.svg-bc2787a0678e74777f9ca455ff97bb29.ctex
Loading resource: res://assets/icons/tabler/territory.svg
Loading resource: res://.godot/imported/territory.svg-b2f5c91185bc1bd8e279dd17ca418aca.ctex
Loading resource: res://assets/icons/lucide/taxation.svg
Loading resource: res://.godot/imported/taxation.svg-ed2a0f6a5208f66e0263f67237f2d789.ctex
SceneTreeFTI: traversal method DEFAULT
Loading resource: res://data/economy/professions/agricultural_worker.tres
Loading resource: res://scripts/data/profession_profile.gd
Loading resource: res://data/economy/professions/ai_researcher.tres
Loading resource: res://data/economy/professions/apprentice.tres
Loading resource: res://data/economy/professions/artisan.tres
Loading resource: res://data/economy/professions/chemist.tres
Loading resource: res://data/economy/professions/construction_worker.tres
Loading resource: res://data/economy/professions/cooperative_member.tres
Loading resource: res://data/economy/professions/corvee_worker.tres
Loading resource: res://data/economy/professions/data_scientist.tres
Loading resource: res://data/economy/professions/electrician.tres
Loading resource: res://data/economy/professions/engineer.tres
Loading resource: res://data/economy/professions/enslaved_laborer.tres
Loading resource: res://data/economy/professions/fisher.tres
Loading resource: res://data/economy/professions/forager.tres
Loading resource: res://data/economy/professions/forestry_worker.tres
Loading resource: res://data/economy/professions/guild_master.tres
Loading resource: res://data/economy/professions/household_farmer.tres
Loading resource: res://data/economy/professions/hunter.tres
Loading resource: res://data/economy/professions/indentured_laborer.tres
Loading resource: res://data/economy/professions/industrial_worker.tres
Loading resource: res://data/economy/professions/industrialist.tres
Loading resource: res://data/economy/professions/journeyman.tres
Loading resource: res://data/economy/professions/landlord.tres
Loading resource: res://data/economy/professions/lorekeeper.tres
Loading resource: res://data/economy/professions/machinist.tres
Loading resource: res://data/economy/professions/manager.tres
Loading resource: res://data/economy/professions/merchant.tres
Loading resource: res://data/economy/professions/metallurgist.tres
Loading resource: res://data/economy/professions/miner.tres
Loading resource: res://data/economy/professions/natural_philosopher.tres
Loading resource: res://data/economy/professions/pastoralist.tres
Loading resource: res://data/economy/professions/petroleum_worker.tres
Loading resource: res://data/economy/professions/research_scientist.tres
Loading resource: res://data/economy/professions/researcher.tres
Loading resource: res://data/economy/professions/scholar.tres
Loading resource: res://data/economy/professions/scientist.tres
Loading resource: res://data/economy/professions/scribe.tres
Loading resource: res://data/economy/professions/serf.tres
Loading resource: res://data/economy/professions/sharecropper.tres
Loading resource: res://data/economy/professions/subsistence_farmer.tres
Loading resource: res://data/economy/professions/technician.tres
Loading resource: res://data/economy/professions/tenant_farmer.tres
Loading resource: res://data/economy/professions/transport_worker.tres
Loading resource: res://data/economy/professions/unemployed.tres
Loading resource: res://data/economy/professions/worker.tres
Loading resource: res://data/economy/ethnicities/default.tres
Loading resource: res://scripts/data/ethnicity_profile.gd
Loading resource: res://data/economy/consumption_plans/agrarian_household.tres
Loading resource: res://scripts/data/consumption_plan_profile.gd
Loading resource: res://data/economy/consumption_plans/artisan_household.tres
Loading resource: res://data/economy/consumption_plans/extractive_household.tres
Loading resource: res://data/economy/consumption_plans/hunter_household.tres
Loading resource: res://data/economy/consumption_plans/industrial_worker_household.tres
Loading resource: res://data/economy/consumption_plans/merchant_household.tres
Loading resource: res://data/economy/consumption_plans/owner_household.tres
Loading resource: res://data/economy/consumption_plans/plan_unemployed.tres
Loading resource: res://data/economy/consumption_plans/scholarly_household.tres
Loading resource: res://data/economy/consumption_plans/survival_household.tres
Loading resource: res://data/economy/consumption_plans/technical_household.tres
Loading resource: res://data/economy/needs/clothing.tres
Loading resource: res://scripts/data/need_profile.gd
Loading resource: res://data/economy/needs/communication.tres
Loading resource: res://data/economy/needs/domestic_wares.tres
Loading resource: res://data/economy/needs/durable_goods.tres
Loading resource: res://data/economy/needs/education_culture.tres
Loading resource: res://data/economy/needs/food_fat.tres
Loading resource: res://data/economy/needs/healthcare.tres
Loading resource: res://data/economy/needs/home_energy.tres
Loading resource: res://data/economy/needs/household_goods.tres
Loading resource: res://data/economy/needs/housing.tres
Loading resource: res://data/economy/needs/hygiene.tres
Loading resource: res://data/economy/needs/luxury.tres
Loading resource: res://data/economy/needs/produce.tres
Loading resource: res://data/economy/needs/protein.tres
Loading resource: res://data/economy/needs/recreation.tres
Loading resource: res://data/economy/needs/seasoning.tres
Loading resource: res://data/economy/needs/staple_food.tres
Loading resource: res://data/economy/needs/status_goods.tres
Loading resource: res://data/economy/needs/transport.tres
Loading resource: res://data/economy/needs/work_equipment.tres
Loading resource: res://data/economy/environment_curves/cold_clothing_quantity.tres
Loading resource: res://scripts/data/environment_demand_curve_profile.gd
Loading resource: res://data/economy/environment_curves/cold_fur_preference.tres
Loading resource: res://data/economy/environment_curves/warm_cloth_preference.tres
Loading resource: res://data/goods/adobe_brick.tres
Loading resource: res://data/goods/advanced_chips.tres
Loading resource: res://data/goods/agricultural_machinery.tres
Loading resource: res://data/goods/aluminum.tres
Loading resource: res://data/goods/automobiles.tres
Loading resource: res://data/goods/autonomous_systems.tres
Loading resource: res://data/goods/bast_fiber.tres
Loading resource: res://data/goods/batteries.tres
Loading resource: res://data/goods/bauxite.tres
Loading resource: res://data/goods/beverages.tres
Loading resource: res://data/goods/bread.tres
Loading resource: res://data/goods/bricks.tres
Loading resource: res://data/goods/brine.tres
Loading resource: res://data/goods/bronze_tools.tres
Loading resource: res://data/goods/canned_fish.tres
Loading resource: res://data/goods/cement.tres
Loading resource: res://data/goods/charcoal.tres
Loading resource: res://data/goods/chipped_stone_tools.tres
Loading resource: res://data/goods/clay.tres
Loading resource: res://data/goods/cloth.tres
Loading resource: res://data/goods/clothing.tres
Loading resource: res://data/goods/coal.tres
Loading resource: res://data/goods/coke.tres
Loading resource: res://data/goods/computers.tres
Loading resource: res://data/goods/concrete.tres
Loading resource: res://data/goods/construction_components.tres
Loading resource: res://data/goods/copper.tres
Loading resource: res://data/goods/copper_ore.tres
Loading resource: res://data/goods/copper_tools.tres
Loading resource: res://data/goods/corn_grain.tres
Loading resource: res://data/goods/cotton_fiber.tres
Loading resource: res://data/goods/crude_oil.tres
Loading resource: res://data/goods/dairy_products.tres
Loading resource: res://data/goods/detergent.tres
Loading resource: res://data/goods/edible_oil.tres
Loading resource: res://data/goods/electric_motor.tres
Loading resource: res://data/goods/electrical_equipment.tres
Loading resource: res://data/goods/electricity.tres
Loading resource: res://data/goods/electronic_components.tres
Loading resource: res://data/goods/engines.tres
Loading resource: res://data/goods/explosives.tres
Loading resource: res://data/goods/fertilizer.tres
Loading resource: res://data/goods/fine_clothing.tres
Loading resource: res://data/goods/fine_furniture.tres
Loading resource: res://data/goods/fish.tres
Loading resource: res://data/goods/flax_fiber.tres
Loading resource: res://data/goods/flint.tres
Loading resource: res://data/goods/footwear.tres
Loading resource: res://data/goods/fur.tres
Loading resource: res://data/goods/furniture.tres
Loading resource: res://data/goods/game_meat.tres
Loading resource: res://data/goods/gathered_plants.tres
Loading resource: res://data/goods/glass.tres
Loading resource: res://data/goods/glassware.tres
Loading resource: res://data/goods/gold.tres
Loading resource: res://data/goods/grain.tres
Loading resource: res://data/goods/horses.tres
Loading resource: res://data/goods/household_appliances.tres
Loading resource: res://data/goods/industrial_chemicals.tres
Loading resource: res://data/goods/industrial_machinery.tres
Loading resource: res://data/goods/insulated_cable.tres
Loading resource: res://data/goods/iron_ore.tres
Loading resource: res://data/goods/jewelry.tres
Loading resource: res://data/goods/latex.tres
Loading resource: res://data/goods/lead.tres
Loading resource: res://data/goods/lead_ore.tres
Loading resource: res://data/goods/leather.tres
Loading resource: res://data/goods/leather_goods.tres
Loading resource: res://data/goods/lime.tres
Loading resource: res://data/goods/limestone.tres
Loading resource: res://data/goods/livestock_products.tres
Loading resource: res://data/goods/logs.tres
Loading resource: res://data/goods/lubricants.tres
Loading resource: res://data/goods/lumber.tres
Loading resource: res://data/goods/machine_parts.tres
Loading resource: res://data/goods/manganese_ore.tres
Loading resource: res://data/goods/manuscripts.tres
Loading resource: res://data/goods/meat.tres
Loading resource: res://data/goods/medicinal_herbs.tres
Loading resource: res://data/goods/metal_housewares.tres
Loading resource: res://data/goods/natural_gas.tres
Loading resource: res://data/goods/natural_rubber.tres
Loading resource: res://data/goods/nuclear_fuel.tres
Loading resource: res://data/goods/oceanic_vessels.tres
Loading resource: res://data/goods/packaging.tres
Loading resource: res://data/goods/paper.tres
Loading resource: res://data/goods/petrochemicals.tres
Loading resource: res://data/goods/pharmaceuticals.tres
Loading resource: res://data/goods/phosphate_rock.tres
Loading resource: res://data/goods/plastics.tres
Loading resource: res://data/goods/potatoes.tres
Loading resource: res://data/goods/pottery.tres
Loading resource: res://data/goods/precision_tools.tres
Loading resource: res://data/goods/prepared_staples.tres
Loading resource: res://data/goods/printed_materials.tres
Loading resource: res://data/goods/processed_food.tres
Loading resource: res://data/goods/radio_equipment.tres
Loading resource: res://data/goods/railway_equipment.tres
Loading resource: res://data/goods/rare_earth_metals.tres
Loading resource: res://data/goods/rare_earth_ore.tres
Loading resource: res://data/goods/raw_hide.tres
Loading resource: res://data/goods/raw_stone.tres
Loading resource: res://data/goods/reactor_components.tres
Loading resource: res://data/goods/reed_bundle.tres
Loading resource: res://data/goods/refined_fuel.tres
Loading resource: res://data/goods/rice_grain.tres
Loading resource: res://data/goods/salt.tres
Loading resource: res://data/goods/saltpeter.tres
Loading resource: res://data/goods/scientific_instruments.tres
Loading resource: res://data/goods/seed_cotton.tres
Loading resource: res://data/goods/semiconductors.tres
Loading resource: res://data/goods/silica_sand.tres
Loading resource: res://data/goods/silver.tres
Loading resource: res://data/goods/soap.tres
Loading resource: res://data/goods/spices.tres
Loading resource: res://data/goods/stainless_steel.tres
Loading resource: res://data/goods/steam_engines.tres
Loading resource: res://data/goods/steel.tres
Loading resource: res://data/goods/sulfur.tres
Loading resource: res://data/goods/synthetic_fiber.tres
Loading resource: res://data/goods/synthetic_rubber.tres
Loading resource: res://data/goods/technology_points.tres
Loading resource: res://data/goods/telecom_equipment.tres
Loading resource: res://data/goods/tin.tres
Loading resource: res://data/goods/tin_ore.tres
Loading resource: res://data/goods/tools.tres
Loading resource: res://data/goods/turf_block.tres
Loading resource: res://data/goods/vegetables.tres
Loading resource: res://data/goods/wheat_grain.tres
Loading resource: res://data/goods/wire.tres
Loading resource: res://data/goods/wool.tres
Loading resource: res://data/goods/wrought_iron.tres
Loading resource: res://data/goods/zinc.tres
Loading resource: res://data/goods/zinc_ore.tres
Loading resource: res://data/economy/buildings/adobe_yard.tres
Loading resource: res://scripts/data/building_profile.gd
Loading resource: res://data/economy/buildings/advanced_chip_fab.tres
Loading resource: res://data/economy/buildings/agricultural_machinery_plant.tres
Loading resource: res://data/economy/buildings/aluminum_plant.tres
Loading resource: res://data/economy/buildings/atmospheric_engine_workshop.tres
Loading resource: res://data/economy/buildings/automated_farm.tres
Loading resource: res://data/economy/buildings/automobiles_plant.tres
Loading resource: res://data/economy/buildings/autonomous_systems_plant.tres
Loading resource: res://data/economy/buildings/bakery.tres
Loading resource: res://data/economy/buildings/bark_paper_workshop.tres
Loading resource: res://data/economy/buildings/basic_electrical_equipment_works.tres
Loading resource: res://data/economy/buildings/basic_semiconductor_fab.tres
Loading resource: res://data/economy/buildings/bast_fiber_camp.tres
Loading resource: res://data/economy/buildings/bast_wrap_shelter.tres
Loading resource: res://data/economy/buildings/batteries_plant.tres
Loading resource: res://data/economy/buildings/bauxite_collector.tres
Loading resource: res://data/economy/buildings/beverages_plant.tres
Loading resource: res://data/economy/buildings/bloomery.tres
Loading resource: res://data/economy/buildings/bread_plant.tres
Loading resource: res://data/economy/buildings/brewery.tres
Loading resource: res://data/economy/buildings/bricks_plant.tres
Loading resource: res://data/economy/buildings/brine_boiling_hearth.tres
Loading resource: res://data/economy/buildings/brine_gathering_basin.tres
Loading resource: res://data/economy/buildings/bronze_tool_workshop.tres
Loading resource: res://data/economy/buildings/bunded_rice_field.tres
Loading resource: res://data/economy/buildings/cabinetmaker_workshop.tres
Loading resource: res://data/economy/buildings/cadastral_office.tres
Loading resource: res://data/economy/buildings/canned_fish_plant.tres
Loading resource: res://data/economy/buildings/canning_workshop.tres
Loading resource: res://data/economy/buildings/cement_plant.tres
Loading resource: res://data/economy/buildings/charcoal_pit.tres
Loading resource: res://data/economy/buildings/chartered_university.tres
Loading resource: res://data/economy/buildings/classical_academy.tres
Loading resource: res://data/economy/buildings/classical_glass_kiln.tres
Loading resource: res://data/economy/buildings/classical_masonry_yard.tres
Loading resource: res://data/economy/buildings/classical_public_works.tres
Loading resource: res://data/economy/buildings/classical_scriptorium.tres
Loading resource: res://data/economy/buildings/classical_silica_pit.tres
Loading resource: res://data/economy/buildings/clay_collector.tres
Loading resource: res://data/economy/buildings/cloth_plant.tres
Loading resource: res://data/economy/buildings/clothing_plant.tres
Loading resource: res://data/economy/buildings/coal_adit.tres
Loading resource: res://data/economy/buildings/coal_mine.tres
Loading resource: res://data/economy/buildings/cobbler_shop.tres
Loading resource: res://data/economy/buildings/coke_ovens.tres
Loading resource: res://data/economy/buildings/communal_hearth.tres
Loading resource: res://data/economy/buildings/composting_yard.tres
Loading resource: res://data/economy/buildings/computers_plant.tres
Loading resource: res://data/economy/buildings/computing_research_center.tres
Loading resource: res://data/economy/buildings/concrete_plant.tres
Loading resource: res://data/economy/buildings/construction_components_plant.tres
Loading resource: res://data/economy/buildings/copper_ore_collector.tres
Loading resource: res://data/economy/buildings/copper_plant.tres
Loading resource: res://data/economy/buildings/copper_tool_workshop.tres
Loading resource: res://data/economy/buildings/cottage_weaving.tres
Loading resource: res://data/economy/buildings/cotton_collector.tres
Loading resource: res://data/economy/buildings/cotton_garden.tres
Loading resource: res://data/economy/buildings/cotton_ginning_shelter.tres
Loading resource: res://data/economy/buildings/cotton_smallholding.tres
Loading resource: res://data/economy/buildings/court_tailor.tres
Loading resource: res://data/economy/buildings/creamery.tres
Loading resource: res://data/economy/buildings/dairy_products_plant.tres
Loading resource: res://data/economy/buildings/deadwood_gathering_camp.tres
Loading resource: res://data/economy/buildings/detergent_plant.tres
Loading resource: res://data/economy/buildings/digital_computer_workshop.tres
Loading resource: res://data/economy/buildings/distillery.tres
Loading resource: res://data/economy/buildings/dryland_wheat_field.tres
Loading resource: res://data/economy/buildings/early_clay_pit.tres
Loading resource: res://data/economy/buildings/early_copper_mine.tres
Loading resource: res://data/economy/buildings/early_copper_smelter.tres
Loading resource: res://data/economy/buildings/early_iron_mine.tres
Loading resource: res://data/economy/buildings/early_knowledge_institution.tres
Loading resource: res://data/economy/buildings/early_merchant_post.tres
Loading resource: res://data/economy/buildings/early_oil_well.tres
Loading resource: res://data/economy/buildings/early_tin_mine.tres
Loading resource: res://data/economy/buildings/early_tin_smelter.tres
Loading resource: res://data/economy/buildings/earth_digging_pit.tres
Loading resource: res://data/economy/buildings/edible_oil_plant.tres
Loading resource: res://data/economy/buildings/electric_motor_plant.tres
Loading resource: res://data/economy/buildings/electrical_equipment_plant.tres
Loading resource: res://data/economy/buildings/electricity_plant.tres
Loading resource: res://data/economy/buildings/electrochemical_works.tres
Loading resource: res://data/economy/buildings/electronic_components_plant.tres
Loading resource: res://data/economy/buildings/engines_plant.tres
Loading resource: res://data/economy/buildings/estate_paddy.tres
Loading resource: res://data/economy/buildings/explosives_plant.tres
Loading resource: res://data/economy/buildings/felt_making_tent.tres
Loading resource: res://data/economy/buildings/fertile_soil_collector.tres
Loading resource: res://data/economy/buildings/fertilizer_plant.tres
Loading resource: res://data/economy/buildings/fine_clothing_plant.tres
Loading resource: res://data/economy/buildings/fine_furniture_plant.tres
Loading resource: res://data/economy/buildings/fired_brick_kiln.tres
Loading resource: res://data/economy/buildings/flax_collector.tres
Loading resource: res://data/economy/buildings/flax_retting_pit.tres
Loading resource: res://data/economy/buildings/flint_quarry.tres
Loading resource: res://data/economy/buildings/flood_calendar_shrine.tres
Loading resource: res://data/economy/buildings/floodplain_maize_plot.tres
Loading resource: res://data/economy/buildings/floodplain_wheat_plot.tres
Loading resource: res://data/economy/buildings/footwear_plant.tres
Loading resource: res://data/economy/buildings/freshwater_fishing_camp.tres
Loading resource: res://data/economy/buildings/fur_sewing_shelter.tres
Loading resource: res://data/economy/buildings/furniture_plant.tres
Loading resource: res://data/economy/buildings/gas_power_plant.tres
Loading resource: res://data/economy/buildings/gathering_ground.tres
Loading resource: res://data/economy/buildings/geospatial_analysis_center.tres
Loading resource: res://data/economy/buildings/glass_plant.tres
Loading resource: res://data/economy/buildings/glassware_factory.tres
Loading resource: res://data/economy/buildings/glassware_manufactory.tres
Loading resource: res://data/economy/buildings/glassware_workshop.tres
Loading resource: res://data/economy/buildings/gold_mine.tres
Loading resource: res://data/economy/buildings/goldsmith_workshop.tres
Loading resource: res://data/economy/buildings/guild_hall.tres
Loading resource: res://data/economy/buildings/guild_weaving_house.tres
Loading resource: res://data/economy/buildings/hide_scraping_shelter.tres
Loading resource: res://data/economy/buildings/highland_tuber_plot.tres
Loading resource: res://data/economy/buildings/horse_breeder.tres
Loading resource: res://data/economy/buildings/horse_breeding_camp.tres
Loading resource: res://data/economy/buildings/household_appliances_plant.tres
Loading resource: res://data/economy/buildings/household_flax_plot.tres
Loading resource: res://data/economy/buildings/household_loom.tres
Loading resource: res://data/economy/buildings/household_tuber_garden.tres
Loading resource: res://data/economy/buildings/household_weaving_shelter.tres
Loading resource: res://data/economy/buildings/hydropower_station.tres
Loading resource: res://data/economy/buildings/improved_domestic_loom.tres
Loading resource: res://data/economy/buildings/improved_smallholding.tres
Loading resource: res://data/economy/buildings/industrial_chemicals_plant.tres
Loading resource: res://data/economy/buildings/industrial_machinery_plant.tres
Loading resource: res://data/economy/buildings/industrial_research_laboratory.tres
Loading resource: res://data/economy/buildings/industrial_salt_mine.tres
Loading resource: res://data/economy/buildings/insulated_cable_plant.tres
Loading resource: res://data/economy/buildings/intensive_farm.tres
Loading resource: res://data/economy/buildings/iron_ore_collector.tres
Loading resource: res://data/economy/buildings/iron_tool_workshop.tres
Loading resource: res://data/economy/buildings/jewelry_plant.tres
Loading resource: res://data/economy/buildings/knapping_workshop.tres
Loading resource: res://data/economy/buildings/landed_estate.tres
Loading resource: res://data/economy/buildings/latex_smoking_shelter.tres
Loading resource: res://data/economy/buildings/lead_ore_collector.tres
Loading resource: res://data/economy/buildings/lead_plant.tres
Loading resource: res://data/economy/buildings/learned_society.tres
Loading resource: res://data/economy/buildings/leather_goods_factory.tres
Loading resource: res://data/economy/buildings/leather_goods_manufactory.tres
Loading resource: res://data/economy/buildings/leather_goods_workshop.tres
Loading resource: res://data/economy/buildings/leather_plant.tres
Loading resource: res://data/economy/buildings/lime_plant.tres
Loading resource: res://data/economy/buildings/limestone_collector.tres
Loading resource: res://data/economy/buildings/lorekeeper_circle.tres
Loading resource: res://data/economy/buildings/lubricants_plant.tres
Loading resource: res://data/economy/buildings/lumber_plant.tres
Loading resource: res://data/economy/buildings/machine_intelligence_institute.tres
Loading resource: res://data/economy/buildings/machine_parts_plant.tres
Loading resource: res://data/economy/buildings/maize_garden.tres
Loading resource: res://data/economy/buildings/manganese_ore_collector.tres
Loading resource: res://data/economy/buildings/manorial_pasture.tres
Loading resource: res://data/economy/buildings/marine_fish_collector.tres
Loading resource: res://data/economy/buildings/mechanized_cotton_gin.tres
Loading resource: res://data/economy/buildings/mechanized_farm.tres
Loading resource: res://data/economy/buildings/mechanized_slaughterhouse.tres
Loading resource: res://data/economy/buildings/medicinal_herb_estate.tres
Loading resource: res://data/economy/buildings/medicinal_herb_garden.tres
Loading resource: res://data/economy/buildings/medicinal_herbs_collector.tres
Loading resource: res://data/economy/buildings/merchant_post.tres
Loading resource: res://data/economy/buildings/metal_housewares_factory.tres
Loading resource: res://data/economy/buildings/metal_housewares_manufactory.tres
Loading resource: res://data/economy/buildings/metal_housewares_workshop.tres
Loading resource: res://data/economy/buildings/method_agricultural_machinery_plant_r9.tres
Loading resource: res://data/economy/buildings/method_aluminum_plant_r10.tres
Loading resource: res://data/economy/buildings/method_automated_port.tres
Loading resource: res://data/economy/buildings/method_automobiles_plant_r10.tres
Loading resource: res://data/economy/buildings/method_autonomous_forestry.tres
Loading resource: res://data/economy/buildings/method_autonomous_shipping.tres
Loading resource: res://data/economy/buildings/method_batteries_plant_r10.tres
Loading resource: res://data/economy/buildings/method_bauxite_collector_r9.tres
Loading resource: res://data/economy/buildings/method_bricks_plant_r6.tres
Loading resource: res://data/economy/buildings/method_cement_plant_r9.tres
Loading resource: res://data/economy/buildings/method_coke_ovens_r9.tres
Loading resource: res://data/economy/buildings/method_concrete_plant_r9.tres
Loading resource: res://data/economy/buildings/method_cotton_collector_r10.tres
Loading resource: res://data/economy/buildings/method_cotton_collector_r6.tres
Loading resource: res://data/economy/buildings/method_cotton_collector_r8.tres
Loading resource: res://data/economy/buildings/method_detergent_plant_r10.tres
Loading resource: res://data/economy/buildings/method_edible_oil_plant_r6.tres
Loading resource: res://data/economy/buildings/method_electric_motor_plant_r10.tres
Loading resource: res://data/economy/buildings/method_electronic_components_plant_r10.tres
Loading resource: res://data/economy/buildings/method_engines_plant_r10.tres
Loading resource: res://data/economy/buildings/method_explosives_plant_r10.tres
Loading resource: res://data/economy/buildings/method_explosives_plant_r8.tres
Loading resource: res://data/economy/buildings/method_flax_collector_r10.tres
Loading resource: res://data/economy/buildings/method_flax_collector_r3.tres
Loading resource: res://data/economy/buildings/method_flax_collector_r5.tres
Loading resource: res://data/economy/buildings/method_flax_collector_r6.tres
Loading resource: res://data/economy/buildings/method_flax_collector_r8.tres
Loading resource: res://data/economy/buildings/method_flint_quarry_r1.tres
Loading resource: res://data/economy/buildings/method_forest_remote_sensing.tres
Loading resource: res://data/economy/buildings/method_gathering_ground_r1.tres
Loading resource: res://data/economy/buildings/method_highland_precision_agriculture.tres
Loading resource: res://data/economy/buildings/method_household_appliances_plant_r10.tres
Loading resource: res://data/economy/buildings/method_industrial_machinery_plant_r9.tres
Loading resource: res://data/economy/buildings/method_insulated_cable_plant_r10.tres
Loading resource: res://data/economy/buildings/method_landed_estate_r6.tres
Loading resource: res://data/economy/buildings/method_lead_ore_collector_r9.tres
Loading resource: res://data/economy/buildings/method_lead_plant_r9.tres
Loading resource: res://data/economy/buildings/method_lime_plant_r6.tres
Loading resource: res://data/economy/buildings/method_limestone_collector_r6.tres
Loading resource: res://data/economy/buildings/method_lubricants_plant_r9.tres
Loading resource: res://data/economy/buildings/method_lumber_plant_r2.tres
Loading resource: res://data/economy/buildings/method_lumber_plant_r4.tres
Loading resource: res://data/economy/buildings/method_lumber_plant_r6.tres
Loading resource: res://data/economy/buildings/method_machine_parts_plant_r9.tres
Loading resource: res://data/economy/buildings/method_maize_farm_r10.tres
Loading resource: res://data/economy/buildings/method_maize_farm_r8.tres
Loading resource: res://data/economy/buildings/method_manganese_ore_collector_r10.tres
Loading resource: res://data/economy/buildings/method_marine_fish_collector_r2.tres
Loading resource: res://data/economy/buildings/method_marine_fish_collector_r4.tres
Loading resource: res://data/economy/buildings/method_medicinal_herbs_collector_r10.tres
Loading resource: res://data/economy/buildings/method_medicinal_herbs_collector_r7.tres
Loading resource: res://data/economy/buildings/method_medicinal_herbs_collector_r8.tres
Loading resource: res://data/economy/buildings/method_natural_gas_collector_r10.tres
Loading resource: res://data/economy/buildings/method_nuclear_fuel_plant_r10.tres
Loading resource: res://data/economy/buildings/method_oceanic_shipyard_r7.tres
Loading resource: res://data/economy/buildings/method_packaging_plant_r7.tres
Loading resource: res://data/economy/buildings/method_petrochemicals_plant_r10.tres
Loading resource: res://data/economy/buildings/method_phosphate_rock_collector_r9.tres
Loading resource: res://data/economy/buildings/method_plastics_plant_r10.tres
Loading resource: res://data/economy/buildings/method_potato_collector_r6.tres
Loading resource: res://data/economy/buildings/method_potato_farm_r10.tres
Loading resource: res://data/economy/buildings/method_potato_farm_r5.tres
Loading resource: res://data/economy/buildings/method_potato_farm_r8.tres
Loading resource: res://data/economy/buildings/method_pottery_kiln_r3.tres
Loading resource: res://data/economy/buildings/method_precision_tool_workshop_r10.tres
Loading resource: res://data/economy/buildings/method_precision_tool_workshop_r8.tres
Loading resource: res://data/economy/buildings/method_printed_materials_plant_r7.tres
Loading resource: res://data/economy/buildings/method_radio_equipment_works_r10.tres
Loading resource: res://data/economy/buildings/method_rare_earth_collector_r10.tres
Loading resource: res://data/economy/buildings/method_rare_earth_metals_plant_r10.tres
Loading resource: res://data/economy/buildings/method_reactor_component_works_r10.tres
Loading resource: res://data/economy/buildings/method_refined_fuel_plant_r10.tres
Loading resource: res://data/economy/buildings/method_rice_collector_r10.tres
Loading resource: res://data/economy/buildings/method_rice_collector_r3.tres
Loading resource: res://data/economy/buildings/method_rice_collector_r5.tres
Loading resource: res://data/economy/buildings/method_rice_collector_r6.tres
Loading resource: res://data/economy/buildings/method_rice_collector_r8.tres
Loading resource: res://data/economy/buildings/method_rubber_tree_collector_r10.tres
Loading resource: res://data/economy/buildings/method_rubber_tree_collector_r6.tres
Loading resource: res://data/economy/buildings/method_rubber_tree_collector_r8.tres
Loading resource: res://data/economy/buildings/method_saltpeter_collector_r10.tres
Loading resource: res://data/economy/buildings/method_saltpeter_collector_r8.tres
Loading resource: res://data/economy/buildings/method_scientific_instrument_works_r10.tres
Loading resource: res://data/economy/buildings/method_scientific_instrument_works_r8.tres
Loading resource: res://data/economy/buildings/method_smart_husbandry.tres
Loading resource: res://data/economy/buildings/method_soap_plant_r6.tres
Loading resource: res://data/economy/buildings/method_specialty_commodity_plantation.tres
Loading resource: res://data/economy/buildings/method_spice_plants_collector_r10.tres
Loading resource: res://data/economy/buildings/method_spice_plants_collector_r6.tres
Loading resource: res://data/economy/buildings/method_spice_plants_collector_r8.tres
Loading resource: res://data/economy/buildings/method_stainless_steel_plant_r10.tres
Loading resource: res://data/economy/buildings/method_steam_engine_works_r9.tres
Loading resource: res://data/economy/buildings/method_steam_shipping.tres
Loading resource: res://data/economy/buildings/method_stone_age_hunting_camp_r4.tres
Loading resource: res://data/economy/buildings/method_stone_collector_r2.tres
Loading resource: res://data/economy/buildings/method_stone_collector_r4.tres
Loading resource: res://data/economy/buildings/method_sulfur_collector_r10.tres
Loading resource: res://data/economy/buildings/method_sulfur_collector_r8.tres
Loading resource: res://data/economy/buildings/method_synthetic_fiber_plant_r10.tres
Loading resource: res://data/economy/buildings/method_synthetic_rubber_plant_r10.tres
Loading resource: res://data/economy/buildings/method_timber_collector_r2.tres
Loading resource: res://data/economy/buildings/method_timber_collector_r4.tres
Loading resource: res://data/economy/buildings/method_wheat_farm_r10.tres
Loading resource: res://data/economy/buildings/method_wheat_farm_r3.tres
Loading resource: res://data/economy/buildings/method_wheat_farm_r5.tres
Loading resource: res://data/economy/buildings/method_wheat_farm_r6.tres
Loading resource: res://data/economy/buildings/method_wheat_farm_r8.tres
Loading resource: res://data/economy/buildings/method_wire_plant_r10.tres
Loading resource: res://data/economy/buildings/method_wool_shed_r3.tres
Loading resource: res://data/economy/buildings/method_wool_shed_r5.tres
Loading resource: res://data/economy/buildings/method_zinc_ore_collector_r9.tres
Loading resource: res://data/economy/buildings/method_zinc_plant_r9.tres
Loading resource: res://data/economy/buildings/monastic_scriptorium.tres
Loading resource: res://data/economy/buildings/movable_type_print_shop.tres
Loading resource: res://data/economy/buildings/national_laboratory.tres
Loading resource: res://data/economy/buildings/natural_copper_workshop.tres
Loading resource: res://data/economy/buildings/natural_gas_collector.tres
Loading resource: res://data/economy/buildings/nuclear_fuel_plant.tres
Loading resource: res://data/economy/buildings/nuclear_medicine_center.tres
Loading resource: res://data/economy/buildings/nuclear_power_plant.tres
Loading resource: res://data/economy/buildings/oceanic_shipyard.tres
Loading resource: res://data/economy/buildings/oil_collector.tres
Loading resource: res://data/economy/buildings/oil_power_plant.tres
Loading resource: res://data/economy/buildings/open_pottery_hearth.tres
Loading resource: res://data/economy/buildings/oral_memory_circle.tres
Loading resource: res://data/economy/buildings/ore_bronzesmith_camp.tres
Loading resource: res://data/economy/buildings/packaging_plant.tres
Loading resource: res://data/economy/buildings/paper_plant.tres
Loading resource: res://data/economy/buildings/parchment_workshop.tres
Loading resource: res://data/economy/buildings/pastoral_camp.tres
Loading resource: res://data/economy/buildings/pastoral_council_tent.tres
Loading resource: res://data/economy/buildings/petrochemicals_plant.tres
Loading resource: res://data/economy/buildings/pharmaceuticals_plant.tres
Loading resource: res://data/economy/buildings/phosphate_rock_collector.tres
Loading resource: res://data/economy/buildings/placer_gold_working.tres
Loading resource: res://data/economy/buildings/plant_fiber_paper_workshop.tres
Loading resource: res://data/economy/buildings/plastics_plant.tres
Loading resource: res://data/economy/buildings/polytechnic_institute.tres
Loading resource: res://data/economy/buildings/potato_collector.tres
Loading resource: res://data/economy/buildings/potato_estate.tres
Loading resource: res://data/economy/buildings/pottery_kiln.tres
Loading resource: res://data/economy/buildings/precision_farm.tres
Loading resource: res://data/economy/buildings/precision_tool_workshop.tres
Loading resource: res://data/economy/buildings/primitive_clay_pit.tres
Loading resource: res://data/economy/buildings/primitive_gold_sluice.tres
Loading resource: res://data/economy/buildings/printed_materials_plant.tres
Loading resource: res://data/economy/buildings/printing_academy.tres
Loading resource: res://data/economy/buildings/processed_food_plant.tres
Loading resource: res://data/economy/buildings/radio_equipment_works.tres
Loading resource: res://data/economy/buildings/rag_paper_workshop.tres
Loading resource: res://data/economy/buildings/railway_equipment_plant.tres
Loading resource: res://data/economy/buildings/rainfed_maize_field.tres
Loading resource: res://data/economy/buildings/rainfed_wheat_plot.tres
Loading resource: res://data/economy/buildings/ranching_station.tres
Loading resource: res://data/economy/buildings/rare_earth_collector.tres
Loading resource: res://data/economy/buildings/rare_earth_metals_plant.tres
Loading resource: res://data/economy/buildings/reactor_component_works.tres
Loading resource: res://data/economy/buildings/reed_cutting_camp.tres
Loading resource: res://data/economy/buildings/refined_fuel_plant.tres
Loading resource: res://data/economy/buildings/rice_collector.tres
Loading resource: res://data/economy/buildings/rubber_tapping_camp.tres
Loading resource: res://data/economy/buildings/rubber_tree_collector.tres
Loading resource: res://data/economy/buildings/rubble_stone_working.tres
Loading resource: res://data/economy/buildings/salt_collector.tres
Loading resource: res://data/economy/buildings/saltpeter_collector.tres
Loading resource: res://data/economy/buildings/scientific_instrument_works.tres
Loading resource: res://data/economy/buildings/scribal_school.tres
Loading resource: res://data/economy/buildings/seasonal_observation_shelter.tres
Loading resource: res://data/economy/buildings/semiconductors_plant.tres
Loading resource: res://data/economy/buildings/shallow_silver_working.tres
Loading resource: res://data/economy/buildings/sharecrop_paddy.tres
Loading resource: res://data/economy/buildings/silica_sand_collector.tres
Loading resource: res://data/economy/buildings/silver_mine.tres
Loading resource: res://data/economy/buildings/slaughterhouse.tres
Loading resource: res://data/economy/buildings/small_game_trapline.tres
Loading resource: res://data/economy/buildings/smart_glassware_factory.tres
Loading resource: res://data/economy/buildings/smart_leather_goods_factory.tres
Loading resource: res://data/economy/buildings/smart_metal_housewares_factory.tres
Loading resource: res://data/economy/buildings/smart_water_network.tres
Loading resource: res://data/economy/buildings/soap_plant.tres
Loading resource: res://data/economy/buildings/solar_salt_pan.tres
Loading resource: res://data/economy/buildings/spice_commercial_plantation.tres
Loading resource: res://data/economy/buildings/spice_managed_garden.tres
Loading resource: res://data/economy/buildings/spice_plants_collector.tres
Loading resource: res://data/economy/buildings/spice_shade_garden.tres
Loading resource: res://data/economy/buildings/stainless_steel_plant.tres
Loading resource: res://data/economy/buildings/staple_food_plant.tres
Loading resource: res://data/economy/buildings/staple_kitchen.tres
Loading resource: res://data/economy/buildings/steam_coal_mine.tres
Loading resource: res://data/economy/buildings/steam_engine_works.tres
Loading resource: res://data/economy/buildings/steam_iron_mine.tres
Loading resource: res://data/economy/buildings/steam_rail_works.tres
Loading resource: res://data/economy/buildings/steam_steel_works.tres
Loading resource: res://data/economy/buildings/steel_plant.tres
Loading resource: res://data/economy/buildings/stone_age_hunting_camp.tres
Loading resource: res://data/economy/buildings/stone_collector.tres
Loading resource: res://data/economy/buildings/subsistence_farm.tres
Loading resource: res://data/economy/buildings/sulfur_collector.tres
Loading resource: res://data/economy/buildings/surface_coal_gathering.tres
Loading resource: res://data/economy/buildings/surface_silver_working.tres
Loading resource: res://data/economy/buildings/swidden_maize_plot.tres
Loading resource: res://data/economy/buildings/synthetic_fiber_plant.tres
Loading resource: res://data/economy/buildings/synthetic_rubber_plant.tres
Loading resource: res://data/economy/buildings/synthetic_textile_mill.tres
Loading resource: res://data/economy/buildings/tailor_shop.tres
Loading resource: res://data/economy/buildings/tannery.tres
Loading resource: res://data/economy/buildings/telecom_equipment_plant.tres
Loading resource: res://data/economy/buildings/tenant_paddy.tres
Loading resource: res://data/economy/buildings/tenant_potato_field.tres
Loading resource: res://data/economy/buildings/tenant_rainfed_maize_field.tres
Loading resource: res://data/economy/buildings/tenant_rainfed_wheat_field.tres
Loading resource: res://data/economy/buildings/textile_mill.tres
Loading resource: res://data/economy/buildings/three_field_smallholding.tres
Loading resource: res://data/economy/buildings/tide_observation_hut.tres
Loading resource: res://data/economy/buildings/timber_collector.tres
Loading resource: res://data/economy/buildings/tin_ore_collector.tres
Loading resource: res://data/economy/buildings/tin_plant.tres
Loading resource: res://data/economy/buildings/tools_plant.tres
Loading resource: res://data/economy/buildings/turf_cutting_ground.tres
Loading resource: res://data/economy/buildings/upland_rice_plot.tres
Loading resource: res://data/economy/buildings/watershed_governance_center.tres
Loading resource: res://data/economy/buildings/wetland_rice_garden.tres
Loading resource: res://data/economy/buildings/wheat_farm.tres
Loading resource: res://data/economy/buildings/wild_cotton_stand.tres
Loading resource: res://data/economy/buildings/wild_maize_stand.tres
Loading resource: res://data/economy/buildings/wild_medicinal_herb_patch.tres
Loading resource: res://data/economy/buildings/wild_rice_marsh.tres
Loading resource: res://data/economy/buildings/wild_spice_grove.tres
Loading resource: res://data/economy/buildings/wild_tuber_patch.tres
Loading resource: res://data/economy/buildings/wild_wheat_stand.tres
Loading resource: res://data/economy/buildings/wire_plant.tres
Loading resource: res://data/economy/buildings/woodblock_printing_house.tres
Loading resource: res://data/economy/buildings/wool_shed.tres
Loading resource: res://data/economy/buildings/zinc_ore_collector.tres
Loading resource: res://data/economy/buildings/zinc_plant.tres
Loading resource: res://data/economy/production_climates/dryland_crop.tres
Loading resource: res://scripts/data/production_climate_profile.gd
Loading resource: res://data/economy/production_climates/foraging_plants.tres
Loading resource: res://data/economy/production_climates/paddy_crop.tres
Loading resource: res://data/economy/production_climates/pasture_livestock.tres
Loading resource: res://data/economy/production_climates/phenology_observation.tres
Loading resource: res://data/economy/production_climates/plantation_crop.tres
Loading resource: res://data/resources/timber.tres
Loading resource: res://data/resources/stone.tres
Loading resource: res://data/resources/fertile_soil.tres
Loading resource: res://data/resources/arable_land.tres
Loading resource: res://data/resources/paddy_land.tres
Loading resource: res://data/resources/plantation_land.tres
Loading resource: res://data/resources/pasture.tres
Loading resource: res://data/resources/coal.tres
Loading resource: res://data/resources/oil.tres
Loading resource: res://data/resources/natural_gas.tres
Loading resource: res://data/resources/copper_ore.tres
Loading resource: res://data/resources/iron_ore.tres
Loading resource: res://data/resources/gold_ore.tres
Loading resource: res://data/resources/silver_ore.tres
Loading resource: res://data/resources/salt.tres
Loading resource: res://data/resources/saltpeter.tres
Loading resource: res://data/resources/rare_earth.tres
Loading resource: res://data/resources/clay.tres
Loading resource: res://data/resources/wild_game.tres
Loading resource: res://data/resources/marine_fish.tres
Loading resource: res://data/resources/bauxite.tres
Loading resource: res://data/resources/limestone.tres
Loading resource: res://data/resources/silica_sand.tres
Loading resource: res://data/resources/phosphate_rock.tres
Loading resource: res://data/resources/tin_ore.tres
Loading resource: res://data/resources/lead_ore.tres
Loading resource: res://data/resources/zinc_ore.tres
Loading resource: res://data/resources/manganese_ore.tres
Loading resource: res://data/resources/sulfur.tres
Loading resource: res://data/resources/flint.tres
Loading resource: res://data/resources/freshwater_fish.tres
Loading resource: res://data/triggers/default_trigger_catalog.tres
Loading resource: res://data/economy/default_settlement.tres
Loading resource: res://scripts/data/settlement_profile.gd
Loading resource: res://data/economy/default_settlement_name_pack.tres
Loading resource: res://data/economy/default_family_surnames.tres
Loading resource: res://scripts/data/family_surname_pack_profile.gd
Loading resource: res://data/economy/default_person_given_names.tres
Loading resource: res://scripts/data/person_given_name_pack_profile.gd
Loading resource: res://data/economy/default_family_traits.tres
Loading resource: res://data/economy/default_family_effects.tres
  [PASS] catalog compiles
Loading resource: res://data/economy/default_economy.tres
Loading resource: res://scripts/data/economy_profile.gd
  [PASS] country configures
  [PASS] economy configures
  [PASS] ten local markets bootstrap
  [PASS] income-only policy commits mode=0
  [PASS] day 0 uses bounded multi-chunk continuation
  [PASS] compact slice keeps scheduler fields without full diagnostics
  [PASS] day 0 exposes bounded investment continuation
  [PASS] day 0 exposes sliced household finalization
  [PASS] day 0 exposes household slice timing breakdown
  [PASS] day 0 exposes baked building review phases
  [PASS] day 0 exposes isolated investment prepare timing
  [PASS] day 0 slices building finalize reconciliation
  [PASS] day 0 commits one rolling phase
  [PASS] day 0 preserves completed-epoch performance diagnostics
  [PASS] day 0 conserves all ledgers
  [PASS] day 0 cell 0 state date
  [PASS] day 0 cell 1 state date
  [PASS] day 0 cell 2 state date
  [PASS] day 0 cell 3 state date
  [PASS] day 0 cell 4 state date
  [PASS] day 0 cell 5 state date
  [PASS] day 0 cell 6 state date
  [PASS] day 0 cell 7 state date
  [PASS] day 0 cell 8 state date
  [PASS] day 0 cell 9 state date
  [PASS] day 1 uses bounded multi-chunk continuation
  [PASS] day 1 exposes bounded investment continuation
  [PASS] day 1 exposes sliced household finalization
  [PASS] day 1 exposes household slice timing breakdown
  [PASS] day 1 exposes baked building review phases
  [PASS] day 1 exposes isolated investment prepare timing
  [PASS] day 1 slices building finalize reconciliation
  [PASS] day 1 commits one rolling phase
  [PASS] day 1 preserves completed-epoch performance diagnostics
  [PASS] day 1 conserves all ledgers
  [PASS] day 1 cell 0 state date
  [PASS] day 1 cell 1 state date
  [PASS] day 1 cell 2 state date
  [PASS] day 1 cell 3 state date
  [PASS] day 1 cell 4 state date
  [PASS] day 1 cell 5 state date
  [PASS] day 1 cell 6 state date
  [PASS] day 1 cell 7 state date
  [PASS] day 1 cell 8 state date
  [PASS] day 1 cell 9 state date
  [PASS] day 2 uses bounded multi-chunk continuation
  [PASS] day 2 exposes bounded investment continuation
  [PASS] day 2 exposes sliced household finalization
  [PASS] day 2 exposes household slice timing breakdown
  [PASS] day 2 exposes baked building review phases
  [PASS] day 2 exposes isolated investment prepare timing
  [PASS] day 2 slices building finalize reconciliation
  [PASS] day 2 commits one rolling phase
  [PASS] day 2 preserves completed-epoch performance diagnostics
  [PASS] day 2 conserves all ledgers
  [PASS] day 2 cell 0 state date
  [PASS] day 2 cell 1 state date
  [PASS] day 2 cell 2 state date
  [PASS] day 2 cell 3 state date
  [PASS] day 2 cell 4 state date
  [PASS] day 2 cell 5 state date
  [PASS] day 2 cell 6 state date
  [PASS] day 2 cell 7 state date
  [PASS] day 2 cell 8 state date
  [PASS] day 2 cell 9 state date
  [PASS] day 3 uses bounded multi-chunk continuation
  [PASS] day 3 exposes bounded investment continuation
  [PASS] day 3 exposes sliced household finalization
  [PASS] day 3 exposes household slice timing breakdown
  [PASS] day 3 exposes baked building review phases
  [PASS] day 3 exposes isolated investment prepare timing
  [PASS] day 3 slices building finalize reconciliation
  [PASS] day 3 commits one rolling phase
  [PASS] day 3 preserves completed-epoch performance diagnostics
  [PASS] day 3 conserves all ledgers
  [PASS] day 3 cell 0 state date
  [PASS] day 3 cell 1 state date
  [PASS] day 3 cell 2 state date
  [PASS] day 3 cell 3 state date
  [PASS] day 3 cell 4 state date
  [PASS] day 3 cell 5 state date
  [PASS] day 3 cell 6 state date
  [PASS] day 3 cell 7 state date
  [PASS] day 3 cell 8 state date
  [PASS] day 3 cell 9 state date
  [PASS] day 4 uses bounded multi-chunk continuation
  [PASS] day 4 exposes bounded investment continuation
  [PASS] day 4 exposes sliced household finalization
  [PASS] day 4 exposes household slice timing breakdown
  [PASS] day 4 exposes baked building review phases
  [PASS] day 4 exposes isolated investment prepare timing
  [PASS] day 4 slices building finalize reconciliation
  [PASS] day 4 commits one rolling phase
  [PASS] day 4 preserves completed-epoch performance diagnostics
  [PASS] day 4 conserves all ledgers
  [PASS] day 4 cell 0 state date
  [PASS] day 4 cell 1 state date
  [PASS] day 4 cell 2 state date
  [PASS] day 4 cell 3 state date
  [PASS] day 4 cell 4 state date
  [PASS] day 4 cell 5 state date
  [PASS] day 4 cell 6 state date
  [PASS] day 4 cell 7 state date
  [PASS] day 4 cell 8 state date
  [PASS] day 4 cell 9 state date
  [PASS] day 5 uses bounded multi-chunk continuation
  [PASS] day 5 exposes bounded investment continuation
  [PASS] day 5 exposes sliced household finalization
  [PASS] day 5 exposes household slice timing breakdown
  [PASS] day 5 exposes baked building review phases
  [PASS] day 5 exposes isolated investment prepare timing
  [PASS] day 5 slices building finalize reconciliation
  [PASS] day 5 commits one rolling phase
  [PASS] day 5 preserves completed-epoch performance diagnostics
  [PASS] day 5 conserves all ledgers
  [PASS] day 5 cell 0 state date
  [PASS] day 5 cell 1 state date
  [PASS] day 5 cell 2 state date
  [PASS] day 5 cell 3 state date
  [PASS] day 5 cell 4 state date
  [PASS] day 5 cell 5 state date
  [PASS] day 5 cell 6 state date
  [PASS] day 5 cell 7 state date
  [PASS] day 5 cell 8 state date
  [PASS] day 5 cell 9 state date
  [PASS] day 6 uses bounded multi-chunk continuation
  [PASS] day 6 exposes bounded investment continuation
  [PASS] day 6 exposes sliced household finalization
  [PASS] day 6 exposes household slice timing breakdown
  [PASS] day 6 exposes baked building review phases
  [PASS] day 6 exposes isolated investment prepare timing
  [PASS] day 6 slices building finalize reconciliation
  [PASS] day 6 commits one rolling phase
  [PASS] day 6 preserves completed-epoch performance diagnostics
  [PASS] day 6 conserves all ledgers
  [PASS] day 6 cell 0 state date
  [PASS] day 6 cell 1 state date
  [PASS] day 6 cell 2 state date
  [PASS] day 6 cell 3 state date
  [PASS] day 6 cell 4 state date
  [PASS] day 6 cell 5 state date
  [PASS] day 6 cell 6 state date
  [PASS] day 6 cell 7 state date
  [PASS] day 6 cell 8 state date
  [PASS] day 6 cell 9 state date
  [PASS] day 7 uses bounded multi-chunk continuation
  [PASS] day 7 exposes bounded investment continuation
  [PASS] day 7 exposes sliced household finalization
  [PASS] day 7 exposes household slice timing breakdown
  [PASS] day 7 exposes baked building review phases
  [PASS] day 7 exposes isolated investment prepare timing
  [PASS] day 7 slices building finalize reconciliation
  [PASS] day 7 commits one rolling phase
  [PASS] day 7 preserves completed-epoch performance diagnostics
  [PASS] day 7 conserves all ledgers
  [PASS] day 7 cell 0 state date
  [PASS] day 7 cell 1 state date
  [PASS] day 7 cell 2 state date
  [PASS] day 7 cell 3 state date
  [PASS] day 7 cell 4 state date
  [PASS] day 7 cell 5 state date
  [PASS] day 7 cell 6 state date
  [PASS] day 7 cell 7 state date
  [PASS] day 7 cell 8 state date
  [PASS] day 7 cell 9 state date
  [PASS] day 8 uses bounded multi-chunk continuation
  [PASS] day 8 exposes bounded investment continuation
  [PASS] day 8 exposes sliced household finalization
  [PASS] day 8 exposes household slice timing breakdown
  [PASS] day 8 exposes baked building review phases
  [PASS] day 8 exposes isolated investment prepare timing
  [PASS] day 8 slices building finalize reconciliation
  [PASS] day 8 commits one rolling phase
  [PASS] day 8 preserves completed-epoch performance diagnostics
  [PASS] day 8 conserves all ledgers
  [PASS] day 8 cell 0 state date
  [PASS] day 8 cell 1 state date
  [PASS] day 8 cell 2 state date
  [PASS] day 8 cell 3 state date
  [PASS] day 8 cell 4 state date
  [PASS] day 8 cell 5 state date
  [PASS] day 8 cell 6 state date
  [PASS] day 8 cell 7 state date
  [PASS] day 8 cell 8 state date
  [PASS] day 8 cell 9 state date
  [PASS] day 9 uses bounded multi-chunk continuation
  [PASS] day 9 exposes bounded investment continuation
  [PASS] day 9 exposes sliced household finalization
  [PASS] day 9 exposes household slice timing breakdown
  [PASS] day 9 exposes baked building review phases
  [PASS] day 9 exposes isolated investment prepare timing
  [PASS] day 9 slices building finalize reconciliation
  [PASS] day 9 commits one rolling phase
  [PASS] day 9 preserves completed-epoch performance diagnostics
  [PASS] day 9 conserves all ledgers
  [PASS] day 9 cell 0 state date
  [PASS] day 9 cell 1 state date
  [PASS] day 9 cell 2 state date
  [PASS] day 9 cell 3 state date
  [PASS] day 9 cell 4 state date
  [PASS] day 9 cell 5 state date
  [PASS] day 9 cell 6 state date
  [PASS] day 9 cell 7 state date
  [PASS] day 9 cell 8 state date
  [PASS] day 9 cell 9 state date
  [PASS] day 10 uses bounded multi-chunk continuation
  [PASS] day 10 exposes bounded investment continuation
  [PASS] day 10 exposes sliced household finalization
  [PASS] day 10 exposes household slice timing breakdown
  [PASS] day 10 exposes baked building review phases
  [PASS] day 10 exposes isolated investment prepare timing
  [PASS] day 10 slices building finalize reconciliation
  [PASS] day 10 commits one rolling phase
  [PASS] day 10 preserves completed-epoch performance diagnostics
  [PASS] day 10 conserves all ledgers
  [PASS] day 10 cell 0 state date
  [PASS] day 10 cell 1 state date
  [PASS] day 10 cell 2 state date
  [PASS] day 10 cell 3 state date
  [PASS] day 10 cell 4 state date
  [PASS] day 10 cell 5 state date
  [PASS] day 10 cell 6 state date
  [PASS] day 10 cell 7 state date
  [PASS] day 10 cell 8 state date
  [PASS] day 10 cell 9 state date
  [PASS] day 11 uses bounded multi-chunk continuation
  [PASS] day 11 exposes bounded investment continuation
  [PASS] day 11 exposes sliced household finalization
  [PASS] day 11 exposes household slice timing breakdown
  [PASS] day 11 exposes baked building review phases
  [PASS] day 11 exposes isolated investment prepare timing
  [PASS] day 11 slices building finalize reconciliation
  [PASS] day 11 commits one rolling phase
  [PASS] day 11 preserves completed-epoch performance diagnostics
  [PASS] day 11 conserves all ledgers
  [PASS] day 11 cell 0 state date
  [PASS] day 11 cell 1 state date
  [PASS] day 11 cell 2 state date
  [PASS] day 11 cell 3 state date
  [PASS] day 11 cell 4 state date
  [PASS] day 11 cell 5 state date
  [PASS] day 11 cell 6 state date
  [PASS] day 11 cell 7 state date
  [PASS] day 11 cell 8 state date
  [PASS] day 11 cell 9 state date
  [PASS] income reaches treasury exactly once mode=0
  [PASS] other tax lanes remain zero mode=0
  [PASS] country configures
  [PASS] economy configures
  [PASS] ten local markets bootstrap
  [PASS] income-only policy commits mode=1
  [PASS] day 0 uses bounded multi-chunk continuation
  [PASS] compact slice keeps scheduler fields without full diagnostics
  [PASS] day 0 exposes bounded investment continuation
  [PASS] day 0 exposes sliced household finalization
  [PASS] day 0 exposes household slice timing breakdown
  [PASS] day 0 exposes baked building review phases
  [PASS] day 0 exposes isolated investment prepare timing
  [PASS] day 0 slices building finalize reconciliation
  [PASS] day 0 commits one rolling phase
  [PASS] day 0 preserves completed-epoch performance diagnostics
  [PASS] day 0 conserves all ledgers
  [PASS] day 0 cell 0 state date
  [PASS] day 0 cell 1 state date
  [PASS] day 0 cell 2 state date
  [PASS] day 0 cell 3 state date
  [PASS] day 0 cell 4 state date
  [PASS] day 0 cell 5 state date
  [PASS] day 0 cell 6 state date
  [PASS] day 0 cell 7 state date
  [PASS] day 0 cell 8 state date
  [PASS] day 0 cell 9 state date
  [PASS] day 1 uses bounded multi-chunk continuation
  [PASS] day 1 exposes bounded investment continuation
  [PASS] day 1 exposes sliced household finalization
  [PASS] day 1 exposes household slice timing breakdown
  [PASS] day 1 exposes baked building review phases
  [PASS] day 1 exposes isolated investment prepare timing
  [PASS] day 1 slices building finalize reconciliation
  [PASS] day 1 commits one rolling phase
  [PASS] day 1 preserves completed-epoch performance diagnostics
  [PASS] day 1 conserves all ledgers
  [PASS] day 1 cell 0 state date
  [PASS] day 1 cell 1 state date
  [PASS] day 1 cell 2 state date
  [PASS] day 1 cell 3 state date
  [PASS] day 1 cell 4 state date
  [PASS] day 1 cell 5 state date
  [PASS] day 1 cell 6 state date
  [PASS] day 1 cell 7 state date
  [PASS] day 1 cell 8 state date
  [PASS] day 1 cell 9 state date
  [PASS] day 2 uses bounded multi-chunk continuation
  [PASS] day 2 exposes bounded investment continuation
  [PASS] day 2 exposes sliced household finalization
  [PASS] day 2 exposes household slice timing breakdown
  [PASS] day 2 exposes baked building review phases
  [PASS] day 2 exposes isolated investment prepare timing
  [PASS] day 2 slices building finalize reconciliation
  [PASS] day 2 commits one rolling phase
  [PASS] day 2 preserves completed-epoch performance diagnostics
  [PASS] day 2 conserves all ledgers
  [PASS] day 2 cell 0 state date
  [PASS] day 2 cell 1 state date
  [PASS] day 2 cell 2 state date
  [PASS] day 2 cell 3 state date
  [PASS] day 2 cell 4 state date
  [PASS] day 2 cell 5 state date
  [PASS] day 2 cell 6 state date
  [PASS] day 2 cell 7 state date
  [PASS] day 2 cell 8 state date
  [PASS] day 2 cell 9 state date
  [PASS] day 3 uses bounded multi-chunk continuation
  [PASS] day 3 exposes bounded investment continuation
  [PASS] day 3 exposes sliced household finalization
  [PASS] day 3 exposes household slice timing breakdown
  [PASS] day 3 exposes baked building review phases
  [PASS] day 3 exposes isolated investment prepare timing
  [PASS] day 3 slices building finalize reconciliation
  [PASS] day 3 commits one rolling phase
  [PASS] day 3 preserves completed-epoch performance diagnostics
  [PASS] day 3 conserves all ledgers
  [PASS] day 3 cell 0 state date
  [PASS] day 3 cell 1 state date
  [PASS] day 3 cell 2 state date
  [PASS] day 3 cell 3 state date
  [PASS] day 3 cell 4 state date
  [PASS] day 3 cell 5 state date
  [PASS] day 3 cell 6 state date
  [PASS] day 3 cell 7 state date
  [PASS] day 3 cell 8 state date
  [PASS] day 3 cell 9 state date
  [PASS] day 4 uses bounded multi-chunk continuation
  [PASS] day 4 exposes bounded investment continuation
  [PASS] day 4 exposes sliced household finalization
  [PASS] day 4 exposes household slice timing breakdown
  [PASS] day 4 exposes baked building review phases
  [PASS] day 4 exposes isolated investment prepare timing
  [PASS] day 4 slices building finalize reconciliation
  [PASS] day 4 commits one rolling phase
  [PASS] day 4 preserves completed-epoch performance diagnostics
  [PASS] day 4 conserves all ledgers
  [PASS] day 4 cell 0 state date
  [PASS] day 4 cell 1 state date
  [PASS] day 4 cell 2 state date
  [PASS] day 4 cell 3 state date
  [PASS] day 4 cell 4 state date
  [PASS] day 4 cell 5 state date
  [PASS] day 4 cell 6 state date
  [PASS] day 4 cell 7 state date
  [PASS] day 4 cell 8 state date
  [PASS] day 4 cell 9 state date
  [PASS] day 5 uses bounded multi-chunk continuation
  [PASS] day 5 exposes bounded investment continuation
  [PASS] day 5 exposes sliced household finalization
  [PASS] day 5 exposes household slice timing breakdown
  [PASS] day 5 exposes baked building review phases
  [PASS] day 5 exposes isolated investment prepare timing
  [PASS] day 5 slices building finalize reconciliation
  [PASS] day 5 commits one rolling phase
  [PASS] day 5 preserves completed-epoch performance diagnostics
  [PASS] day 5 conserves all ledgers
  [PASS] day 5 cell 0 state date
  [PASS] day 5 cell 1 state date
  [PASS] day 5 cell 2 state date
  [PASS] day 5 cell 3 state date
  [PASS] day 5 cell 4 state date
  [PASS] day 5 cell 5 state date
  [PASS] day 5 cell 6 state date
  [PASS] day 5 cell 7 state date
  [PASS] day 5 cell 8 state date
  [PASS] day 5 cell 9 state date
  [PASS] day 6 uses bounded multi-chunk continuation
  [PASS] day 6 exposes bounded investment continuation
  [PASS] day 6 exposes sliced household finalization
  [PASS] day 6 exposes household slice timing breakdown
  [PASS] day 6 exposes baked building review phases
  [PASS] day 6 exposes isolated investment prepare timing
  [PASS] day 6 slices building finalize reconciliation
  [PASS] day 6 commits one rolling phase
  [PASS] day 6 preserves completed-epoch performance diagnostics
  [PASS] day 6 conserves all ledgers
  [PASS] day 6 cell 0 state date
  [PASS] day 6 cell 1 state date
  [PASS] day 6 cell 2 state date
  [PASS] day 6 cell 3 state date
  [PASS] day 6 cell 4 state date
  [PASS] day 6 cell 5 state date
  [PASS] day 6 cell 6 state date
  [PASS] day 6 cell 7 state date
  [PASS] day 6 cell 8 state date
  [PASS] day 6 cell 9 state date
  [PASS] day 7 uses bounded multi-chunk continuation
  [PASS] day 7 exposes bounded investment continuation
  [PASS] day 7 exposes sliced household finalization
  [PASS] day 7 exposes household slice timing breakdown
  [PASS] day 7 exposes baked building review phases
  [PASS] day 7 exposes isolated investment prepare timing
  [PASS] day 7 slices building finalize reconciliation
  [PASS] day 7 commits one rolling phase
  [PASS] day 7 preserves completed-epoch performance diagnostics
  [PASS] day 7 conserves all ledgers
  [PASS] day 7 cell 0 state date
  [PASS] day 7 cell 1 state date
  [PASS] day 7 cell 2 state date
  [PASS] day 7 cell 3 state date
  [PASS] day 7 cell 4 state date
  [PASS] day 7 cell 5 state date
  [PASS] day 7 cell 6 state date
  [PASS] day 7 cell 7 state date
  [PASS] day 7 cell 8 state date
  [PASS] day 7 cell 9 state date
  [PASS] day 8 uses bounded multi-chunk continuation
  [PASS] day 8 exposes bounded investment continuation
  [PASS] day 8 exposes sliced household finalization
  [PASS] day 8 exposes household slice timing breakdown
  [PASS] day 8 exposes baked building review phases
  [PASS] day 8 exposes isolated investment prepare timing
  [PASS] day 8 slices building finalize reconciliation
  [PASS] day 8 commits one rolling phase
  [PASS] day 8 preserves completed-epoch performance diagnostics
  [PASS] day 8 conserves all ledgers
  [PASS] day 8 cell 0 state date
  [PASS] day 8 cell 1 state date
  [PASS] day 8 cell 2 state date
  [PASS] day 8 cell 3 state date
  [PASS] day 8 cell 4 state date
  [PASS] day 8 cell 5 state date
  [PASS] day 8 cell 6 state date
  [PASS] day 8 cell 7 state date
  [PASS] day 8 cell 8 state date
  [PASS] day 8 cell 9 state date
  [PASS] day 9 uses bounded multi-chunk continuation
  [PASS] day 9 exposes bounded investment continuation
  [PASS] day 9 exposes sliced household finalization
  [PASS] day 9 exposes household slice timing breakdown
  [PASS] day 9 exposes baked building review phases
  [PASS] day 9 exposes isolated investment prepare timing
  [PASS] day 9 slices building finalize reconciliation
  [PASS] day 9 commits one rolling phase
  [PASS] day 9 preserves completed-epoch performance diagnostics
  [PASS] day 9 conserves all ledgers
  [PASS] day 9 cell 0 state date
  [PASS] day 9 cell 1 state date
  [PASS] day 9 cell 2 state date
  [PASS] day 9 cell 3 state date
  [PASS] day 9 cell 4 state date
  [PASS] day 9 cell 5 state date
  [PASS] day 9 cell 6 state date
  [PASS] day 9 cell 7 state date
  [PASS] day 9 cell 8 state date
  [PASS] day 9 cell 9 state date
  [PASS] day 10 uses bounded multi-chunk continuation
  [PASS] day 10 exposes bounded investment continuation
  [PASS] day 10 exposes sliced household finalization
  [PASS] day 10 exposes household slice timing breakdown
  [PASS] day 10 exposes baked building review phases
  [PASS] day 10 exposes isolated investment prepare timing
  [PASS] day 10 slices building finalize reconciliation
  [PASS] day 10 commits one rolling phase
  [PASS] day 10 preserves completed-epoch performance diagnostics
  [PASS] day 10 conserves all ledgers
  [PASS] day 10 cell 0 state date
  [PASS] day 10 cell 1 state date
  [PASS] day 10 cell 2 state date
  [PASS] day 10 cell 3 state date
  [PASS] day 10 cell 4 state date
  [PASS] day 10 cell 5 state date
  [PASS] day 10 cell 6 state date
  [PASS] day 10 cell 7 state date
  [PASS] day 10 cell 8 state date
  [PASS] day 10 cell 9 state date
  [PASS] day 11 uses bounded multi-chunk continuation
  [PASS] day 11 exposes bounded investment continuation
  [PASS] day 11 exposes sliced household finalization
  [PASS] day 11 exposes household slice timing breakdown
  [PASS] day 11 exposes baked building review phases
  [PASS] day 11 exposes isolated investment prepare timing
  [PASS] day 11 slices building finalize reconciliation
  [PASS] day 11 commits one rolling phase
  [PASS] day 11 preserves completed-epoch performance diagnostics
  [PASS] day 11 conserves all ledgers
  [PASS] day 11 cell 0 state date
  [PASS] day 11 cell 1 state date
  [PASS] day 11 cell 2 state date
  [PASS] day 11 cell 3 state date
  [PASS] day 11 cell 4 state date
  [PASS] day 11 cell 5 state date
  [PASS] day 11 cell 6 state date
  [PASS] day 11 cell 7 state date
  [PASS] day 11 cell 8 state date
  [PASS] day 11 cell 9 state date
  [PASS] income reaches treasury exactly once mode=1
  [PASS] other tax lanes remain zero mode=1
=== income tax settlement PASS ===
Loading resource: res://scripts/game/game_settings_service.gd
Loading resource: res://scripts/game/game_save_coordinator.gd
Loading resource: res://assets/textures/terrain_micro_data.png
Loading resource: res://.godot/imported/terrain_micro_data.png-d01ac90bec731ae5f69b9ee019dbe6f6.ctex
Loading resource: res://materials/world_map_material.tres
Loading resource: res://shaders/world_map.gdshader
Loading resource: res://shaders/include/shader_quality.gdshaderinc
Loading resource: res://shaders/include/uniforms.gdshaderinc
Loading resource: res://shaders/include/visual_tile_sampling.gdshaderinc
Loading resource: res://shaders/include/earth_daylight.gdshaderinc
Loading resource: res://shaders/include/material_constants.gdshaderinc
Loading resource: res://shaders/include/cell_indirect.gdshaderinc
Loading resource: res://shaders/include/common_noise.gdshaderinc
Loading resource: res://shaders/include/height.gdshaderinc
Loading resource: res://shaders/include/climate_season.gdshaderinc
Loading resource: res://shaders/include/biome_color.gdshaderinc
Loading resource: res://shaders/include/vegetation.gdshaderinc
Loading resource: res://shaders/include/weather_front.gdshaderinc
Loading resource: res://shaders/include/snow_cover.gdshaderinc
Loading resource: res://shaders/include/biome_detail.gdshaderinc
Loading resource: res://shaders/include/hillshade_tod.gdshaderinc
Loading resource: res://shaders/include/water.gdshaderinc
Loading resource: res://shaders/include/surface_params.gdshaderinc
Loading resource: res://shaders/include/terrain_surface_detail.gdshaderinc
Loading resource: res://shaders/include/tonemap.gdshaderinc
Loading resource: res://shaders/include/shore_common.gdshaderinc
Loading resource: res://shaders/include/terrain_horizon.gdshaderinc
Loading resource: res://shaders/include/brdf.gdshaderinc
Loading resource: res://shaders/include/land_pipeline.gdshaderinc
Loading resource: res://shaders/include/water_pipeline.gdshaderinc
Loading resource: res://shaders/include/global_adjustments.gdshaderinc
Loading resource: res://data/visual/shrub_default.tres
Loading resource: res://scripts/data/shrub_visual_profile.gd
Loading resource: res://data/visual/tree_default.tres
Loading resource: res://data/visual/grass_default.tres
Loading resource: res://data/visual/world_decoration_manifest.tres
Loading resource: res://scripts/data/decoration_manifest.gd
Loading resource: res://data/visual/conifer_default.tres
Loading resource: res://data/visual/palm_default.tres
Loading resource: res://data/visual/cactus_default.tres
Loading resource: res://data/visual/reed_default.tres
Loading resource: res://data/visual/alpine_flower_default.tres
Loading resource: res://data/visual/rock_default.tres
Loading resource: res://data/visual/snow_mound_default.tres
Loading resource: res://data/visual/dead_snag_default.tres
Loading resource: res://data/visual/cloud_forest_tree_default.tres
Loading resource: res://data/visual/monsoon_tree_default.tres
Loading resource: res://data/visual/peat_bog_tuft_default.tres
Loading resource: res://data/visual/mangrove_root_default.tres
Loading resource: res://data/visual/tundra_lichen_default.tres
Loading resource: res://data/visual/scree_rock_default.tres
Loading resource: res://data/visual/fallen_log_default.tres
Loading resource: res://data/visual/kelp_frond_default.tres
Loading resource: res://data/visual/coral_detail_default.tres
Loaded system CA certificates
XR: Clearing primary interface
XR: Removed interface "Native mobile"
XR: Removed interface "OpenXR"
Leaked instance: GDScriptNativeClass:9223372042257039645 - Reference count: 1
Leaked instance: GDScriptNativeClass:9223372046199685640 - Reference count: 1
Leaked instance: GDScriptNativeClass:9223372047508308566 - Reference count: 3
Leaked instance: GDScriptNativeClass:9223372047608971868 - Reference count: 1
Leaked instance: GDScriptNativeClass:9223372047659303519 - Reference count: 1
Leaked instance: GDScriptNativeClass:9223372048900817577 - Reference count: 1
Leaked instance: GDScriptNativeClass:9223372049689346776 - Reference count: 1
Leaked instance: GDScriptNativeClass:9223372049823564512 - Reference count: 1
Leaked instance: GDScriptNativeClass:9223372052675691402 - Reference count: 3
Leaked instance: GDScriptNativeClass:9223372052759577487 - Reference count: 66
Leaked instance: GDScriptNativeClass:9223372052809909138 - Reference count: 2
Leaked instance: GDScriptNativeClass:9223372053078344610 - Reference count: 32
Leaked instance: GDScriptNativeClass:9223372053665547205 - Reference count: 2
Leaked instance: GDScriptNativeClass:9223372053950759894 - Reference count: 1
Leaked instance: GDScriptNativeClass:9223372054017868762 - Reference count: 1
Leaked instance: GDScriptNativeClass:9223372054856729612 - Reference count: 1
Leaked instance: GDScriptNativeClass:9223372055410377773 - Reference count: 2
Leaked instance: GDScriptNativeClass:9223372055427154990 - Reference count: 5
Leaked instance: GDScript:9223372063144674741 - Reference count: 2
Leaked instance: GDScript:9223372064033867194 - Reference count: 13
Leaked instance: GDScript:9223372064319079868 - Reference count: 4
Leaked instance: GDScript:9223372064604292542 - Reference count: 3
Leaked instance: GDScript:9223372064889505216 - Reference count: 7
Leaked instance: GDScript:9223372065174717890 - Reference count: 4
Leaked instance: GDScript:9223372065459930564 - Reference count: 4
Leaked instance: GDScript:9223372065745143238 - Reference count: 7
Leaked instance: GDScript:9223372231185270215 - Reference count: 4
Leaked instance: GDScript:9223372066030355912 - Reference count: 1
Leaked instance: GDScript:9223372066382677451 - Reference count: 7
Leaked instance: GDScript:9223372066600781260 - Reference count: 43
Leaked instance: GDScript:9223372066835662286 - Reference count: 7
Leaked instance: GDScript:9223372067489973711 - Reference count: 11
Leaked instance: GDScript:9223372067171206608 - Reference count: 18
Leaked instance: GDScript:9223372072003044817 - Reference count: 7
Leaked instance: GDScript:9223372067775186386 - Reference count: 2
Leaked instance: GDScript:9223372072909014483 - Reference count: 4
Leaked instance: GDScript:9223372068060399060 - Reference count: 2
Leaked instance: GDScript:9223372072288257493 - Reference count: 6
Leaked instance: GDScript:9223372068345611734 - Reference count: 1
Leaked instance: GDScript:9223372076667110871 - Reference count: 13
Leaked instance: GDScript:9223372068647601624 - Reference count: 1
Leaked instance: GDScript:9223372069167695321 - Reference count: 2
Leaked instance: GDScript:9223372073194227162 - Reference count: 4
Leaked instance: GDScript:9223372069452907995 - Reference count: 2
Leaked instance: GDScript:9223372077673743836 - Reference count: 136
Leaked instance: GDScript:9223372069738120669 - Reference count: 2
Leaked instance: GDScript:9223372073479439838 - Reference count: 2
Leaked instance: GDScript:9223372070023333343 - Reference count: 3
Leaked instance: GDScript:9223372076901991904 - Reference count: 7
Leaked instance: GDScript:9223372070308546017 - Reference count: 2
Leaked instance: GDScript:9223372073764652514 - Reference count: 2
Leaked instance: GDScript:9223372070593758691 - Reference count: 4
Leaked instance: GDScript:9223372070878971365 - Reference count: 3
Leaked instance: GDScript:9223372074049865190 - Reference count: 4
Leaked instance: GDScript:9223372071164184039 - Reference count: 4
Leaked instance: GDScript:9223372077942179304 - Reference count: 1
Leaked instance: GDScript:9223372074335077865 - Reference count: 4
Leaked instance: GDScript:9223372074972612075 - Reference count: 4
Leaked instance: CompressedTexture2D:9223372078479050220 - Reference count: 1
Leaked instance: FontFile:9223372078260946414 - Reference count: 1
Leaked instance: Image:9223372078562936303 - Reference count: 1
Leaked instance: CompressedTexture2D:9223372078781040112 - Reference count: 1
Leaked instance: Image:9223372078864926193 - Reference count: 1
Leaked instance: CompressedTexture2D:9223372079083030002 - Reference count: 1
Leaked instance: Image:9223372079166916083 - Reference count: 1
Leaked instance: CompressedTexture2D:9223372079385019892 - Reference count: 1
Leaked instance: Image:9223372079468905973 - Reference count: 1
Leaked instance: CompressedTexture2D:9223372079687009782 - Reference count: 2
Leaked instance: Image:9223372079770895863 - Reference count: 1
Leaked instance: CompressedTexture2D:9223372079988999672 - Reference count: 1
Leaked instance: Image:9223372080072885753 - Reference count: 1
Leaked instance: CompressedTexture2D:9223372082891458042 - Reference count: 1
Leaked instance: CompressedTexture2D:9223372080324543995 - Reference count: 13
Leaked instance: AtlasTexture:9223372080643311100 - Reference count: 1
Leaked instance: Image:9223372080408430077 - Reference count: 1
Leaked instance: AtlasTexture:9223372080458761726 - Reference count: 1
Leaked instance: AtlasTexture:9223372080827860479 - Reference count: 1
Leaked instance: AtlasTexture:9223372081012409856 - Reference count: 1
Leaked instance: AtlasTexture:9223372081196959233 - Reference count: 1
Leaked instance: AtlasTexture:9223372081381508610 - Reference count: 1
Leaked instance: AtlasTexture:9223372081566057987 - Reference count: 1
Leaked instance: AtlasTexture:9223372081750607364 - Reference count: 1
Leaked instance: AtlasTexture:9223372081935156741 - Reference count: 1
Leaked instance: AtlasTexture:9223372082119706118 - Reference count: 1
Leaked instance: AtlasTexture:9223372082304255495 - Reference count: 1
Leaked instance: AtlasTexture:9223372082488804872 - Reference count: 1
Leaked instance: AtlasTexture:9223372082673354249 - Reference count: 1
Leaked instance: Image:9223372082975344138 - Reference count: 1
Leaked instance: CompressedTexture2D:9223372083193447947 - Reference count: 1
Leaked instance: Image:9223372083277334028 - Reference count: 1
Leaked instance: CompressedTexture2D:9223372083495437837 - Reference count: 1
Leaked instance: Image:9223372083579323918 - Reference count: 1
Leaked instance: CompressedTexture2D:9223372083847759375 - Reference count: 1
Leaked instance: Image:9223372083931645456 - Reference count: 1
Leaked instance: Resource:9223372097990952547 - Reference count: 2
Leaked instance: Resource:9223372098125170276 - Reference count: 2
Leaked instance: Resource:9223372098259388005 - Reference count: 2
Leaked instance: Resource:9223372098393605734 - Reference count: 2
Leaked instance: Resource:9223372098527823463 - Reference count: 2
Leaked instance: Resource:9223372098662041192 - Reference count: 2
Leaked instance: Resource:9223372098796258921 - Reference count: 2
Leaked instance: Resource:9223372098930476650 - Reference count: 2
Leaked instance: Resource:9223372099064694379 - Reference count: 2
Leaked instance: Resource:9223372099198912108 - Reference count: 2
Leaked instance: Resource:9223372099333129837 - Reference count: 2
Leaked instance: Resource:9223372099467347566 - Reference count: 2
Leaked instance: Resource:9223372099601565295 - Reference count: 2
Leaked instance: Resource:9223372099735783024 - Reference count: 2
Leaked instance: Resource:9223372099870000753 - Reference count: 2
Leaked instance: Resource:9223372100004218482 - Reference count: 2
Leaked instance: Resource:9223372100138436211 - Reference count: 2
Leaked instance: Resource:9223372100272653940 - Reference count: 2
Leaked instance: Resource:9223372100406871669 - Reference count: 2
Leaked instance: Resource:9223372100541089398 - Reference count: 2
Leaked instance: Resource:9223372100675307127 - Reference count: 2
Leaked instance: Resource:9223372100809524856 - Reference count: 2
Leaked instance: Resource:9223372100943742585 - Reference count: 2
Leaked instance: Resource:9223372101077960314 - Reference count: 2
Leaked instance: Resource:9223372101212178043 - Reference count: 2
Leaked instance: Resource:9223372101346395772 - Reference count: 2
Leaked instance: Resource:9223372101480613501 - Reference count: 2
Leaked instance: Resource:9223372101614831230 - Reference count: 2
Leaked instance: Resource:9223372101749048959 - Reference count: 2
Leaked instance: Resource:9223372101883266688 - Reference count: 2
Leaked instance: Resource:9223372102017484417 - Reference count: 2
Leaked instance: Resource:9223372102151702146 - Reference count: 2
Leaked instance: Resource:9223372102285919875 - Reference count: 2
Leaked instance: Resource:9223372102420137604 - Reference count: 2
Leaked instance: Resource:9223372102554355333 - Reference count: 2
Leaked instance: Resource:9223372102688573062 - Reference count: 2
Leaked instance: Resource:9223372102822790791 - Reference count: 2
Leaked instance: Resource:9223372102957008520 - Reference count: 2
Leaked instance: Resource:9223372103091226249 - Reference count: 2
Leaked instance: Resource:9223372103225443978 - Reference count: 2
Leaked instance: Resource:9223372103359661707 - Reference count: 2
Leaked instance: Resource:9223372103493879436 - Reference count: 2
Leaked instance: Resource:9223372103628097165 - Reference count: 2
Leaked instance: Resource:9223372103762314894 - Reference count: 2
Leaked instance: Resource:9223372103896532623 - Reference count: 2
Leaked instance: Resource:9223372104030750352 - Reference count: 2
Leaked instance: Resource:9223372104164968081 - Reference count: 2
Leaked instance: Resource:9223372104299185810 - Reference count: 2
Leaked instance: Resource:9223372104433403539 - Reference count: 2
Leaked instance: Resource:9223372104567621268 - Reference count: 2
Leaked instance: Resource:9223372104701838997 - Reference count: 2
Leaked instance: Resource:9223372104836056726 - Reference count: 2
Leaked instance: Resource:9223372104970274455 - Reference count: 2
Leaked instance: Resource:9223372105104492184 - Reference count: 2
Leaked instance: Resource:9223372105238709913 - Reference count: 2
Leaked instance: Resource:9223372105372927642 - Reference count: 2
Leaked instance: Resource:9223372105507145371 - Reference count: 2
Leaked instance: Resource:9223372105641363100 - Reference count: 2
Leaked instance: Resource:9223372105775580829 - Reference count: 2
Leaked instance: Resource:9223372105909798558 - Reference count: 2
Leaked instance: Resource:9223372106044016287 - Reference count: 2
Leaked instance: Resource:9223372106178234016 - Reference count: 2
Leaked instance: Resource:9223372106312451745 - Reference count: 2
Leaked instance: Resource:9223372106446669474 - Reference count: 2
Leaked instance: Resource:9223372106580887203 - Reference count: 2
Leaked instance: Resource:9223372106715104932 - Reference count: 2
Leaked instance: Resource:9223372106849322661 - Reference count: 2
Leaked instance: Resource:9223372106983540390 - Reference count: 2
Leaked instance: Resource:9223372107117758119 - Reference count: 2
Leaked instance: Resource:9223372107251975848 - Reference count: 2
Leaked instance: Resource:9223372107386193577 - Reference count: 2
Leaked instance: Resource:9223372107520411306 - Reference count: 2
Leaked instance: Resource:9223372107654629035 - Reference count: 2
Leaked instance: Resource:9223372107788846764 - Reference count: 2
Leaked instance: Resource:9223372107923064493 - Reference count: 2
Leaked instance: Resource:9223372108057282222 - Reference count: 2
Leaked instance: Resource:9223372108191499951 - Reference count: 2
Leaked instance: Resource:9223372108325717680 - Reference count: 2
Leaked instance: Resource:9223372108459935409 - Reference count: 2
Leaked instance: Resource:9223372108594153138 - Reference count: 2
Leaked instance: Resource:9223372108728370867 - Reference count: 2
Leaked instance: Resource:9223372108862588596 - Reference count: 2
Leaked instance: Resource:9223372108996806325 - Reference count: 2
Leaked instance: Resource:9223372109131024054 - Reference count: 2
Leaked instance: Resource:9223372109265241783 - Reference count: 2
Leaked instance: Resource:9223372109399459512 - Reference count: 2
Leaked instance: Resource:9223372109533677241 - Reference count: 2
Leaked instance: Resource:9223372109667894970 - Reference count: 2
Leaked instance: Resource:9223372109802112699 - Reference count: 2
Leaked instance: Resource:9223372109936330428 - Reference count: 2
Leaked instance: Resource:9223372110070548157 - Reference count: 2
Leaked instance: Resource:9223372110204765886 - Reference count: 2
Leaked instance: Resource:9223372110338983615 - Reference count: 2
Leaked instance: Resource:9223372110473201344 - Reference count: 2
Leaked instance: Resource:9223372110607419073 - Reference count: 2
Leaked instance: Resource:9223372110741636802 - Reference count: 2
Leaked instance: Resource:9223372110875854531 - Reference count: 2
Leaked instance: Resource:9223372111010072260 - Reference count: 2
Leaked instance: Resource:9223372111144289989 - Reference count: 2
Leaked instance: Resource:9223372111278507718 - Reference count: 2
Leaked instance: Resource:9223372111412725447 - Reference count: 2
Leaked instance: Resource:9223372111546943176 - Reference count: 2
Leaked instance: Resource:9223372111681160905 - Reference count: 2
Leaked instance: Resource:9223372111815378634 - Reference count: 2
Leaked instance: Resource:9223372111949596363 - Reference count: 2
Leaked instance: Resource:9223372112083814092 - Reference count: 2
Leaked instance: Resource:9223372112218031821 - Reference count: 2
Leaked instance: Resource:9223372112352249550 - Reference count: 2
Leaked instance: Resource:9223372112486467279 - Reference count: 2
Leaked instance: Resource:9223372112620685008 - Reference count: 2
Leaked instance: Resource:9223372112754902737 - Reference count: 2
Leaked instance: Resource:9223372112889120466 - Reference count: 2
Leaked instance: Resource:9223372113023338195 - Reference count: 2
Leaked instance: Resource:9223372113157555924 - Reference count: 2
Leaked instance: Resource:9223372113291773653 - Reference count: 2
Leaked instance: Resource:9223372113425991382 - Reference count: 2
Leaked instance: Resource:9223372113560209111 - Reference count: 2
Leaked instance: Resource:9223372113694426840 - Reference count: 2
Leaked instance: Resource:9223372113828644569 - Reference count: 2
Leaked instance: Resource:9223372113962862298 - Reference count: 2
Leaked instance: Resource:9223372114097080027 - Reference count: 2
Leaked instance: Resource:9223372114231297756 - Reference count: 2
Leaked instance: Resource:9223372114365515485 - Reference count: 2
Leaked instance: Resource:9223372114499733214 - Reference count: 2
Leaked instance: Resource:9223372114633950943 - Reference count: 2
Leaked instance: Resource:9223372114768168672 - Reference count: 2
Leaked instance: Resource:9223372114902386401 - Reference count: 2
Leaked instance: Resource:9223372115036604130 - Reference count: 2
Leaked instance: Resource:9223372115170821859 - Reference count: 2
Leaked instance: Resource:9223372115305039588 - Reference count: 2
Leaked instance: Resource:9223372115439257317 - Reference count: 2
Leaked instance: Resource:9223372115573475046 - Reference count: 2
Leaked instance: Resource:9223372115707692775 - Reference count: 2
Leaked instance: Resource:9223372115841910504 - Reference count: 2
Leaked instance: GDScript:9223372116093568745 - Reference count: 2
Leaked instance: GDScript:9223372234087728875 - Reference count: 7
Leaked instance: GDScript:9223372236654642927 - Reference count: 6
Leaked instance: GDScript:9223372236805637872 - Reference count: 3
Leaked instance: GDScript:9223372237594167025 - Reference count: 3
Leaked instance: GDScript:9223372238164592371 - Reference count: 2
Leaked instance: GDScript:9223372252609775348 - Reference count: 1
Leaked instance: GDScript:9223372238449805045 - Reference count: 3
Leaked instance: GDScript:9223372237879379702 - Reference count: 2
Leaked instance: GDScript:9223372238735017719 - Reference count: 4
Leaked instance: GDScript:9223372239020230393 - Reference count: 8
Leaked instance: GDScript:9223372239439660796 - Reference count: 3
Leaked instance: GDScript:9223372241822025470 - Reference count: 1
Leaked instance: GDScript:9223372242845435647 - Reference count: 1
Leaked instance: GDScript:9223372239305443072 - Reference count: 2
Leaked instance: GDScript:9223372259807201027 - Reference count: 1
Leaked instance: GDScript:9223372253079537413 - Reference count: 11
Leaked instance: GDScript:9223372258012038918 - Reference count: 3
Leaked instance: GDScript:9223372258129479434 - Reference count: 13
Leaked instance: GDScript:9223372278446688014 - Reference count: 2
Leaked instance: GDScript:9223372231520815229 - Reference count: 8
Leaked instance: GDScript:9223372232762329214 - Reference count: 1
Leaked instance: GDScript:9223372231420151935 - Reference count: 4
Leaked instance: GDScript:9223372234238724224 - Reference count: 12
Leaked instance: Resource:9223372177850501249 - Reference count: 1
Leaked instance: Resource:9223372177984718978 - Reference count: 1
Leaked instance: Resource:9223372178118936707 - Reference count: 1
Leaked instance: Resource:9223372178253154436 - Reference count: 1
Leaked instance: Resource:9223372178387372165 - Reference count: 1
Leaked instance: Resource:9223372178521589894 - Reference count: 1
Leaked instance: Resource:9223372178655807623 - Reference count: 1
Leaked instance: Resource:9223372178790025352 - Reference count: 1
Leaked instance: Resource:9223372178924243081 - Reference count: 1
Leaked instance: Resource:9223372179058460810 - Reference count: 1
Leaked instance: Resource:9223372179192678539 - Reference count: 1
Leaked instance: Resource:9223372179326896268 - Reference count: 1
Leaked instance: Resource:9223372179461113997 - Reference count: 1
Leaked instance: Resource:9223372179595331726 - Reference count: 1
Leaked instance: Resource:9223372179729549455 - Reference count: 1
Leaked instance: Resource:9223372179863767184 - Reference count: 1
Leaked instance: Resource:9223372179997984913 - Reference count: 1
Leaked instance: Resource:9223372180132202642 - Reference count: 1
Leaked instance: Resource:9223372180266420371 - Reference count: 1
Leaked instance: Resource:9223372180400638100 - Reference count: 1
Leaked instance: Resource:9223372180534855829 - Reference count: 1
Leaked instance: Resource:9223372180669073558 - Reference count: 1
Leaked instance: Resource:9223372180803291287 - Reference count: 1
Leaked instance: Resource:9223372180937509016 - Reference count: 1
Leaked instance: Resource:9223372181071726745 - Reference count: 1
Leaked instance: Resource:9223372181205944474 - Reference count: 1
Leaked instance: Resource:9223372181340162203 - Reference count: 1
Leaked instance: Resource:9223372181474379932 - Reference count: 1
Leaked instance: Resource:9223372181608597661 - Reference count: 1
Leaked instance: Resource:9223372181742815390 - Reference count: 1
Leaked instance: Resource:9223372181877033119 - Reference count: 1
Leaked instance: GDScript:9223372222008133858 - Reference count: 9
Leaked instance: GDScript:9223372221806807267 - Reference count: 2
Leaked instance: GDScript:9223372221840361700 - Reference count: 2
Leaked instance: GDScript:9223372221823584485 - Reference count: 2
Leaked instance: GDScript:9223372221790030055 - Reference count: 2
Leaked instance: GDScript:9223372221773252840 - Reference count: 2
Leaked instance: GDScript:9223372221756475625 - Reference count: 2
Leaked instance: GDScript:9223372221622257898 - Reference count: 6
Leaked instance: GDScript:9223372220246526195 - Reference count: 5
Leaked instance: GDScript:9223372216723310850 - Reference count: 1
Leaked instance: GDScript:9223372217679612164 - Reference count: 6
Leaked instance: GDScript:9223372217394399494 - Reference count: 5
Leaked instance: GDScript:9223372215481796872 - Reference count: 4
Leaked instance: GDScript:9223372216438098185 - Reference count: 4
Leaked instance: GDScript:9223372216287103242 - Reference count: 23
Leaked instance: GDScript:9223372216035445003 - Reference count: 13
Leaked instance: GDScript:9223372215884450060 - Reference count: 17
Leaked instance: GDScript:9223372215632791821 - Reference count: 2
Leaked instance: GDScript:9223372214777153806 - Reference count: 2
Leaked instance: GDScript:9223372215364356367 - Reference count: 5
Leaked instance: GDScript:9223372215213361424 - Reference count: 11
Leaked instance: GDScript:9223372214928148753 - Reference count: 21
Leaked instance: GDScript:9223372214508718356 - Reference count: 78
Leaked instance: GDScript:9223372214391277845 - Reference count: 105
Leaked instance: GDScript:9223372213988624666 - Reference count: 2
Leaked instance: GDScript:9223372213971847451 - Reference count: 2
Leaked instance: GDScript:9223372213871184156 - Reference count: 10
Leaked instance: GDScript:9223372211337824564 - Reference count: 1
Leaked instance: GDScript:9223372210566072634 - Reference count: 1
Leaked instance: GDScript:9223372210331191615 - Reference count: 171
Leaked instance: GDScript:9223372208653470028 - Reference count: 1
Leaked instance: GDScript:9223372208368257358 - Reference count: 3
Hint: Leaked instances typically happen when nodes are removed from the scene tree (with `remove_child()`) but not freed (with `free()` or `queue_free()`).
Resource still in use: res://scripts/data/resource_profile.gd (GDScript)
Resource still in use: res://scripts/data_core/component_ids.gd (GDScript)
Resource still in use: res://scripts/data_core/component_schema.gd (GDScript)
Resource still in use: res://scripts/data/resource_profile_registry.gd (GDScript)
Resource still in use: res://scripts/research/research_signal_definition.gd (GDScript)
Resource still in use: res://scripts/research/development_achievement_catalog.gd (GDScript)
Resource still in use: res://scripts/research/research_signal_catalog.gd (GDScript)
Resource still in use: res://scripts/research/research_condition.gd (GDScript)
Resource still in use: res://scripts/research/research_predicate.gd (GDScript)
Resource still in use: res://scripts/effect/era_reward_pool.gd (GDScript)
Resource still in use: res://scripts/effect/era_reward_option.gd (GDScript)
Resource still in use: res://scripts/effect/era_reward_target_selector.gd (GDScript)
Resource still in use: res://scripts/effect/era_reward_weight_rule.gd (GDScript)
Resource still in use: res://scripts/effect/era_reward_command_template.gd (GDScript)
Resource still in use: res://scripts/effect/effect_command.gd (GDScript)
Resource still in use: res://scripts/effect/effect_definition.gd (GDScript)
Resource still in use: res://scripts/effect/effect_instruction.gd (GDScript)
Resource still in use: res://scripts/effect/era_reward_catalog.gd (GDScript)
Resource still in use: res://scripts/economy/technology_catalog.gd (GDScript)
Resource still in use: res://scripts/trigger/trigger_definition.gd (GDScript)
Resource still in use: res://scripts/trigger/trigger_effect.gd (GDScript)
Resource still in use: res://scripts/trigger/trigger_catalog.gd (GDScript)
Resource still in use: res://scripts/family/family_trait_definition.gd (GDScript)
Resource still in use: res://scripts/family/family_behavior_preference.gd (GDScript)
Resource still in use: res://scripts/family/family_effect_definition.gd (GDScript)
Resource still in use: res://scripts/family/family_effect_catalog.gd (GDScript)
Resource still in use: res://scripts/effect/effect_condition.gd (GDScript)
Resource still in use: res://scripts/family/family_official_catalog.gd (GDScript)
Resource still in use: res://scripts/family/family_modifier_effect.gd (GDScript)
Resource still in use: res://scripts/family/family_trigger_binding.gd (GDScript)
Resource still in use: res://scripts/family/family_trait_catalog.gd (GDScript)
Resource still in use: res://scripts/data/terrain_profile.gd (GDScript)
Resource still in use: res://scripts/data/terrain_profile_registry.gd (GDScript)
Resource still in use: res://scripts/geography/terrain_type.gd (GDScript)
Resource still in use: res://scripts/geography/landform_type.gd (GDScript)
Resource still in use: res://scripts/data/good_profile.gd (GDScript)
Resource still in use: res://assets/fonts/fontawesome/fa-solid-900.woff2 (FontFile)
Resource still in use: res://assets/icons/tabler/affairs.svg (CompressedTexture2D)
Resource still in use: res://assets/icons/lucide/diplomacy.svg (CompressedTexture2D)
Resource still in use: res://assets/icons/lucide/military.svg (CompressedTexture2D)
Resource still in use: res://assets/icons/lucide/politics.svg (CompressedTexture2D)
Resource still in use: res://assets/icons/tabler/treasury.svg (CompressedTexture2D)
Resource still in use: res://assets/icons/lucide/technology.svg (CompressedTexture2D)
Resource still in use: res://assets/ui/family_workspace/bitmap/family_icons_atlas_v2.png (CompressedTexture2D)
Resource still in use: res://assets/ui/family_workspace/bitmap/crest_bitmap.tres (AtlasTexture)
Resource still in use: res://assets/ui/family_workspace/bitmap/prestige_bitmap.tres (AtlasTexture)
Resource still in use: res://assets/ui/family_workspace/bitmap/person_bitmap.tres (AtlasTexture)
Resource still in use: res://assets/ui/family_workspace/bitmap/nav_overview_bitmap.tres (AtlasTexture)
Resource still in use: res://assets/ui/family_workspace/bitmap/nav_traits_bitmap.tres (AtlasTexture)
Resource still in use: res://assets/ui/family_workspace/bitmap/nav_preferences_bitmap.tres (AtlasTexture)
Resource still in use: res://assets/ui/family_workspace/bitmap/nav_effects_bitmap.tres (AtlasTexture)
Resource still in use: res://assets/ui/family_workspace/bitmap/nav_people_bitmap.tres (AtlasTexture)
Resource still in use: res://assets/ui/family_workspace/bitmap/nav_branches_bitmap.tres (AtlasTexture)
Resource still in use: res://assets/ui/family_workspace/bitmap/metric_population_bitmap.tres (AtlasTexture)
Resource still in use: res://assets/ui/family_workspace/bitmap/metric_wealth_bitmap.tres (AtlasTexture)
Resource still in use: res://assets/ui/family_workspace/bitmap/metric_buildings_bitmap.tres (AtlasTexture)
Resource still in use: res://assets/ui/family_workspace/bitmap/metric_time_bitmap.tres (AtlasTexture)
Resource still in use: res://assets/icons/tabler/goods.svg (CompressedTexture2D)
Resource still in use: res://assets/icons/tabler/technology.svg (CompressedTexture2D)
Resource still in use: res://assets/icons/tabler/territory.svg (CompressedTexture2D)
Resource still in use: res://assets/icons/lucide/taxation.svg (CompressedTexture2D)
Resource still in use: res://scripts/ui/icon_catalog.gd (GDScript)
Resource still in use: res://scripts/data/good_profile_registry.gd (GDScript)
Resource still in use: res://scripts/economy/economy_catalog.gd (GDScript)
Resource still in use: res://data/goods/adobe_brick.tres (Resource)
Resource still in use: res://data/goods/advanced_chips.tres (Resource)
Resource still in use: res://data/goods/agricultural_machinery.tres (Resource)
Resource still in use: res://data/goods/aluminum.tres (Resource)
Resource still in use: res://data/goods/automobiles.tres (Resource)
Resource still in use: res://data/goods/autonomous_systems.tres (Resource)
Resource still in use: res://data/goods/bast_fiber.tres (Resource)
Resource still in use: res://data/goods/batteries.tres (Resource)
Resource still in use: res://data/goods/bauxite.tres (Resource)
Resource still in use: res://data/goods/beverages.tres (Resource)
Resource still in use: res://data/goods/bread.tres (Resource)
Resource still in use: res://data/goods/bricks.tres (Resource)
Resource still in use: res://data/goods/brine.tres (Resource)
Resource still in use: res://data/goods/bronze_tools.tres (Resource)
Resource still in use: res://data/goods/canned_fish.tres (Resource)
Resource still in use: res://data/goods/cement.tres (Resource)
Resource still in use: res://data/goods/charcoal.tres (Resource)
Resource still in use: res://data/goods/chipped_stone_tools.tres (Resource)
Resource still in use: res://data/goods/clay.tres (Resource)
Resource still in use: res://data/goods/cloth.tres (Resource)
Resource still in use: res://data/goods/clothing.tres (Resource)
Resource still in use: res://data/goods/coal.tres (Resource)
Resource still in use: res://data/goods/coke.tres (Resource)
Resource still in use: res://data/goods/computers.tres (Resource)
Resource still in use: res://data/goods/concrete.tres (Resource)
Resource still in use: res://data/goods/construction_components.tres (Resource)
Resource still in use: res://data/goods/copper.tres (Resource)
Resource still in use: res://data/goods/copper_ore.tres (Resource)
Resource still in use: res://data/goods/copper_tools.tres (Resource)
Resource still in use: res://data/goods/corn_grain.tres (Resource)
Resource still in use: res://data/goods/cotton_fiber.tres (Resource)
Resource still in use: res://data/goods/crude_oil.tres (Resource)
Resource still in use: res://data/goods/dairy_products.tres (Resource)
Resource still in use: res://data/goods/detergent.tres (Resource)
Resource still in use: res://data/goods/edible_oil.tres (Resource)
Resource still in use: res://data/goods/electric_motor.tres (Resource)
Resource still in use: res://data/goods/electrical_equipment.tres (Resource)
Resource still in use: res://data/goods/electricity.tres (Resource)
Resource still in use: res://data/goods/electronic_components.tres (Resource)
Resource still in use: res://data/goods/engines.tres (Resource)
Resource still in use: res://data/goods/explosives.tres (Resource)
Resource still in use: res://data/goods/fertilizer.tres (Resource)
Resource still in use: res://data/goods/fine_clothing.tres (Resource)
Resource still in use: res://data/goods/fine_furniture.tres (Resource)
Resource still in use: res://data/goods/fish.tres (Resource)
Resource still in use: res://data/goods/flax_fiber.tres (Resource)
Resource still in use: res://data/goods/flint.tres (Resource)
Resource still in use: res://data/goods/footwear.tres (Resource)
Resource still in use: res://data/goods/fur.tres (Resource)
Resource still in use: res://data/goods/furniture.tres (Resource)
Resource still in use: res://data/goods/game_meat.tres (Resource)
Resource still in use: res://data/goods/gathered_plants.tres (Resource)
Resource still in use: res://data/goods/glass.tres (Resource)
Resource still in use: res://data/goods/glassware.tres (Resource)
Resource still in use: res://data/goods/gold.tres (Resource)
Resource still in use: res://data/goods/grain.tres (Resource)
Resource still in use: res://data/goods/horses.tres (Resource)
Resource still in use: res://data/goods/household_appliances.tres (Resource)
Resource still in use: res://data/goods/industrial_chemicals.tres (Resource)
Resource still in use: res://data/goods/industrial_machinery.tres (Resource)
Resource still in use: res://data/goods/insulated_cable.tres (Resource)
Resource still in use: res://data/goods/iron_ore.tres (Resource)
Resource still in use: res://data/goods/jewelry.tres (Resource)
Resource still in use: res://data/goods/latex.tres (Resource)
Resource still in use: res://data/goods/lead.tres (Resource)
Resource still in use: res://data/goods/lead_ore.tres (Resource)
Resource still in use: res://data/goods/leather.tres (Resource)
Resource still in use: res://data/goods/leather_goods.tres (Resource)
Resource still in use: res://data/goods/lime.tres (Resource)
Resource still in use: res://data/goods/limestone.tres (Resource)
Resource still in use: res://data/goods/livestock_products.tres (Resource)
Resource still in use: res://data/goods/logs.tres (Resource)
Resource still in use: res://data/goods/lubricants.tres (Resource)
Resource still in use: res://data/goods/lumber.tres (Resource)
Resource still in use: res://data/goods/machine_parts.tres (Resource)
Resource still in use: res://data/goods/manganese_ore.tres (Resource)
Resource still in use: res://data/goods/manuscripts.tres (Resource)
Resource still in use: res://data/goods/meat.tres (Resource)
Resource still in use: res://data/goods/medicinal_herbs.tres (Resource)
Resource still in use: res://data/goods/metal_housewares.tres (Resource)
Resource still in use: res://data/goods/natural_gas.tres (Resource)
Resource still in use: res://data/goods/natural_rubber.tres (Resource)
Resource still in use: res://data/goods/nuclear_fuel.tres (Resource)
Resource still in use: res://data/goods/oceanic_vessels.tres (Resource)
Resource still in use: res://data/goods/packaging.tres (Resource)
Resource still in use: res://data/goods/paper.tres (Resource)
Resource still in use: res://data/goods/petrochemicals.tres (Resource)
Resource still in use: res://data/goods/pharmaceuticals.tres (Resource)
Resource still in use: res://data/goods/phosphate_rock.tres (Resource)
Resource still in use: res://data/goods/plastics.tres (Resource)
Resource still in use: res://data/goods/potatoes.tres (Resource)
Resource still in use: res://data/goods/pottery.tres (Resource)
Resource still in use: res://data/goods/precision_tools.tres (Resource)
Resource still in use: res://data/goods/prepared_staples.tres (Resource)
Resource still in use: res://data/goods/printed_materials.tres (Resource)
Resource still in use: res://data/goods/processed_food.tres (Resource)
Resource still in use: res://data/goods/radio_equipment.tres (Resource)
Resource still in use: res://data/goods/railway_equipment.tres (Resource)
Resource still in use: res://data/goods/rare_earth_metals.tres (Resource)
Resource still in use: res://data/goods/rare_earth_ore.tres (Resource)
Resource still in use: res://data/goods/raw_hide.tres (Resource)
Resource still in use: res://data/goods/raw_stone.tres (Resource)
Resource still in use: res://data/goods/reactor_components.tres (Resource)
Resource still in use: res://data/goods/reed_bundle.tres (Resource)
Resource still in use: res://data/goods/refined_fuel.tres (Resource)
Resource still in use: res://data/goods/rice_grain.tres (Resource)
Resource still in use: res://data/goods/salt.tres (Resource)
Resource still in use: res://data/goods/saltpeter.tres (Resource)
Resource still in use: res://data/goods/scientific_instruments.tres (Resource)
Resource still in use: res://data/goods/seed_cotton.tres (Resource)
Resource still in use: res://data/goods/semiconductors.tres (Resource)
Resource still in use: res://data/goods/silica_sand.tres (Resource)
Resource still in use: res://data/goods/silver.tres (Resource)
Resource still in use: res://data/goods/soap.tres (Resource)
Resource still in use: res://data/goods/spices.tres (Resource)
Resource still in use: res://data/goods/stainless_steel.tres (Resource)
Resource still in use: res://data/goods/steam_engines.tres (Resource)
Resource still in use: res://data/goods/steel.tres (Resource)
Resource still in use: res://data/goods/sulfur.tres (Resource)
Resource still in use: res://data/goods/synthetic_fiber.tres (Resource)
Resource still in use: res://data/goods/synthetic_rubber.tres (Resource)
Resource still in use: res://data/goods/technology_points.tres (Resource)
Resource still in use: res://data/goods/telecom_equipment.tres (Resource)
Resource still in use: res://data/goods/tin.tres (Resource)
Resource still in use: res://data/goods/tin_ore.tres (Resource)
Resource still in use: res://data/goods/tools.tres (Resource)
Resource still in use: res://data/goods/turf_block.tres (Resource)
Resource still in use: res://data/goods/vegetables.tres (Resource)
Resource still in use: res://data/goods/wheat_grain.tres (Resource)
Resource still in use: res://data/goods/wire.tres (Resource)
Resource still in use: res://data/goods/wool.tres (Resource)
Resource still in use: res://data/goods/wrought_iron.tres (Resource)
Resource still in use: res://data/goods/zinc.tres (Resource)
Resource still in use: res://data/goods/zinc_ore.tres (Resource)
Resource still in use: res://scripts/data/building_profile.gd (GDScript)
Resource still in use: res://data/resources/timber.tres (Resource)
Resource still in use: res://data/resources/stone.tres (Resource)
Resource still in use: res://data/resources/fertile_soil.tres (Resource)
Resource still in use: res://data/resources/arable_land.tres (Resource)
Resource still in use: res://data/resources/paddy_land.tres (Resource)
Resource still in use: res://data/resources/plantation_land.tres (Resource)
Resource still in use: res://data/resources/pasture.tres (Resource)
Resource still in use: res://data/resources/coal.tres (Resource)
Resource still in use: res://data/resources/oil.tres (Resource)
Resource still in use: res://data/resources/natural_gas.tres (Resource)
Resource still in use: res://data/resources/copper_ore.tres (Resource)
Resource still in use: res://data/resources/iron_ore.tres (Resource)
Resource still in use: res://data/resources/gold_ore.tres (Resource)
Resource still in use: res://data/resources/silver_ore.tres (Resource)
Resource still in use: res://data/resources/salt.tres (Resource)
Resource still in use: res://data/resources/saltpeter.tres (Resource)
Resource still in use: res://data/resources/rare_earth.tres (Resource)
Resource still in use: res://data/resources/clay.tres (Resource)
Resource still in use: res://data/resources/wild_game.tres (Resource)
Resource still in use: res://data/resources/marine_fish.tres (Resource)
Resource still in use: res://data/resources/bauxite.tres (Resource)
Resource still in use: res://data/resources/limestone.tres (Resource)
Resource still in use: res://data/resources/silica_sand.tres (Resource)
Resource still in use: res://data/resources/phosphate_rock.tres (Resource)
Resource still in use: res://data/resources/tin_ore.tres (Resource)
Resource still in use: res://data/resources/lead_ore.tres (Resource)
Resource still in use: res://data/resources/zinc_ore.tres (Resource)
Resource still in use: res://data/resources/manganese_ore.tres (Resource)
Resource still in use: res://data/resources/sulfur.tres (Resource)
Resource still in use: res://data/resources/flint.tres (Resource)
Resource still in use: res://data/resources/freshwater_fish.tres (Resource)
Resource still in use: res://scripts/game/save_repository.gd (GDScript)
Resource still in use: res://scripts/game/runtime_state_provider.gd (GDScript)
Resource still in use: res://scripts/data/climate_profile.gd (GDScript)
Resource still in use: res://scripts/geography/map_config.gd (GDScript)
Resource still in use: res://scripts/data/vegetation_profile.gd (GDScript)
Resource still in use: res://scripts/data/vegetation_profile_registry.gd (GDScript)
Resource still in use: res://scripts/data/weather_profile.gd (GDScript)
Resource still in use: res://scripts/data/weather_profile_registry.gd (GDScript)
Resource still in use: res://scripts/geography/vegetation_type.gd (GDScript)
Resource still in use: res://scripts/geography/hex_cell.gd (GDScript)
Resource still in use: res://scripts/geography/hex_utils.gd (GDScript)
Resource still in use: res://scripts/simulation/climate/climate_math.gd (GDScript)
Resource still in use: res://scripts/geography/map_data.gd (GDScript)
Resource still in use: res://scripts/geography/world_data.gd (GDScript)
Resource still in use: res://scripts/weather/wind_belt.gd (GDScript)
Resource still in use: res://scripts/rendering/visual_tile_layout.gd (GDScript)
Resource still in use: res://scripts/data_core/feature_flags.gd (GDScript)
Resource still in use: res://scripts/rendering/bakers/atlas_encoders.gd (GDScript)
Resource still in use: res://scripts/rendering/visual_tile_set.gd (GDScript)
Resource still in use: res://scripts/rendering/bakers/climate_baker.gd (GDScript)
Resource still in use: res://scripts/rendering/bakers/terrain_geometry_utils.gd (GDScript)
Resource still in use: res://scripts/data_core/view_adapter.gd (GDScript)
Resource still in use: res://scripts/rendering/bakers/baker_context.gd (GDScript)
Resource still in use: res://scripts/rendering/bakers/terrain_baker.gd (GDScript)
Resource still in use: res://scripts/rendering/bakers/terrain_index_baker.gd (GDScript)
Resource still in use: res://scripts/weather/weather_front.gd (GDScript)
Resource still in use: res://scripts/weather/field_solver.gd (GDScript)
Resource still in use: res://scripts/rendering/physical_circulation_solver.gd (GDScript)
Resource still in use: res://scripts/geography/vision_solver.gd (GDScript)
Resource still in use: res://scripts/util/pk_log.gd (GDScript)
Resource still in use: res://scripts/rendering/map_baker.gd (GDScript)
Resource still in use: res://scripts/game/start_location_profile.gd (GDScript)
Resource still in use: res://scripts/economy/starter_economy_planner.gd (GDScript)
Resource still in use: res://scripts/geography/pkmap_io.gd (GDScript)
Resource still in use: res://scripts/game/new_game_config.gd (GDScript)
Resource still in use: res://scripts/game/start_location_policy.gd (GDScript)
Resource still in use: res://scripts/simulation/sus/sus_tick_context.gd (GDScript)
Resource still in use: res://scripts/simulation/sus/sus_policy.gd (GDScript)
Resource still in use: res://scripts/data_core/command_buffer.gd (GDScript)
Resource still in use: res://scripts/data_core/world.gd (GDScript)
Resource still in use: res://scripts/data_core/query.gd (GDScript)
Resource still in use: res://scripts/rendering/bakers/baker_dirty_helpers.gd (GDScript)
Resource still in use: res://scripts/rendering/building_visual_intel_cache.gd (GDScript)
Resource still in use: res://scripts/rendering/country_border_layer.gd (GDScript)
Resource still in use: res://scripts/rendering/overlay_mode.gd (GDScript)
Resource still in use: res://scripts/rendering/data_overlay_baker.gd (GDScript)
Orphan StringName: write_i32_dense (static: 0, total: 3)
Orphan StringName: good_monetary_issue_values (static: 0, total: 1)
Orphan StringName: _rasterize_wind_slice_from_hex (static: 0, total: 7)
Orphan StringName: natural_rubber (static: 0, total: 2)
Orphan StringName: @weather_instability_setter (static: 0, total: 3)
Orphan StringName: bake_report (static: 0, total: 4)
Orphan StringName: @group_31_模拟频率与预算 (static: 0, total: 2)
Orphan StringName: _trade_passable_lut_cache (static: 0, total: 2)
Orphan StringName: need_display_names (static: 0, total: 3)
Orphan StringName: fog_solved (static: 0, total: 7)
Orphan StringName: res://scripts/data_core/feature_flags.gd (static: 0, total: 22)
Orphan StringName: moisture_itcz_wet_strength (static: 0, total: 5)
Orphan StringName: get_empty_texture (static: 0, total: 5)
Orphan StringName: lut_dims (static: 0, total: 10)
Orphan StringName: satisfaction_weight_q16 (static: 0, total: 1)
Orphan StringName: LEGACY_FORMAT_REASON (static: 0, total: 2)
Orphan StringName: res://scripts/rendering/bakers/climate_baker.gd (static: 0, total: 2)
Orphan StringName: summary.overview (static: 0, total: 4)
Orphan StringName: _BOUNCE_FALLBACK (static: 0, total: 2)
Orphan StringName: _compile_explicit_modifier_term_ir (static: 0, total: 4)
Orphan StringName: trigger_keys (static: 0, total: 1)
Orphan StringName: BuildingProfileScript (static: 0, total: 2)
Orphan StringName: MAX_COMMANDS_PER_OPTION (static: 0, total: 2)
Orphan StringName: FRONT_AGE (static: 0, total: 2)
Orphan StringName: _eco_active_decay_set (static: 0, total: 3)
Orphan StringName: res://scripts/rendering/bakers/baker_context.gd (static: 0, total: 5)
Orphan StringName: _field_slice_wrap_width_x (static: 0, total: 4)
Orphan StringName: res://scripts/weather/field_solver.gd (static: 0, total: 29)
Orphan StringName: fallback (static: 0, total: 9)
Orphan StringName: @group_413_统一气候场(生成) (static: 0, total: 2)
Orphan StringName: @group_202_局地气候耦合 (static: 0, total: 2)
Orphan StringName: _WIND_TERRAIN_MOUNTAIN_DAMP (static: 0, total: 2)
Orphan StringName: run_psi_solver_pass (static: 0, total: 1)
Orphan StringName: native_daily_finalizer_sparse_max_dirty_ratio (static: 0, total: 5)
Orphan StringName: _cell_array (static: 0, total: 3)
Orphan StringName: arr_f32_y_prev (static: 0, total: 7)
Orphan StringName: vitality_high_streak_arr (static: 0, total: 3)
Orphan StringName: DEFAULT_FAMILY_EFFECT_CATALOG_PATH (static: 0, total: 2)
Orphan StringName: _cell_has_signal (static: 0, total: 4)
Orphan StringName: profession_semantic (static: 0, total: 4)
Orphan StringName: terrain_edge_distance_tex (static: 0, total: 4)
Orphan StringName: _sea_ice_path_logged (static: 0, total: 4)
Orphan StringName: TERRAIN_TO_BIOME_GROUP (static: 0, total: 1)
Orphan StringName: hydrology.current (static: 0, total: 3)
Orphan StringName: _weather_field_initialized_backing (static: 0, total: 4)
Orphan StringName: native_daily_finalizer_slice_enabled (static: 0, total: 5)
Orphan StringName: res://scripts/geography/map_data.gd (static: 0, total: 53)
Orphan StringName: multiplier_q16 (static: 0, total: 8)
Orphan StringName: mark_all_visible (static: 0, total: 3)
Orphan StringName: lead (static: 0, total: 5)
Orphan StringName: corn_grain (static: 0, total: 3)
Orphan StringName: _same_size (static: 0, total: 6)
Orphan StringName: resource.precious (static: 0, total: 3)
Orphan StringName: CONDITION_ALL_OF (static: 0, total: 2)
Orphan StringName: _UPWELLING_EKMAN_GAIN (static: 0, total: 2)
Orphan StringName: _wf_diag_dirty_sum (static: 0, total: 4)
Orphan StringName: res_silica_sand_reserve_arr (static: 0, total: 3)
Orphan StringName: need_quantity_factors_q16 (static: 0, total: 1)
Orphan StringName: category_id (static: 0, total: 140)
Orphan StringName: FRONT_DIAG_NONE (static: 0, total: 2)
Orphan StringName: ocean_depth_curl_damp (static: 0, total: 6)
Orphan StringName: ALBEDO_OCEAN (static: 0, total: 2)
Orphan StringName: wind_min_flux_for_dir_update (static: 0, total: 8)
Orphan StringName: cell.res_natural_gas_reserve (static: 0, total: 3)
Orphan StringName: CONDITION_PUSH_SIGNAL_COUNT (static: 0, total: 2)
Orphan StringName: CELL_RES_SALT_EXTRA_CHANGE (static: 0, total: 2)
Orphan StringName: sea_ice_atlas_upload_stride (static: 0, total: 5)
Orphan StringName: OCCUPANCY_HABITAT_WETLAND_FOOD (static: 0, total: 2)
Orphan StringName: modes (static: 0, total: 1)
Orphan StringName: call (static: 0, total: 17)
Orphan StringName: soap (static: 0, total: 4)
Orphan StringName: temp_baseline_arr (static: 0, total: 4)
Orphan StringName: newly_visible_cells (static: 0, total: 1)
Orphan StringName: hydro_infiltration_rate (static: 0, total: 5)
Orphan StringName: _climate_profile (static: 0, total: 4)
Orphan StringName: FamilyTraitDefinition (static: 0, total: 3)
Orphan StringName: _CID_VEG_VITALITY (static: 0, total: 2)
Orphan StringName: @temp_30d_mean_getter (static: 0, total: 3)
Orphan StringName: vegetation_vitality_arr (static: 0, total: 7)
Orphan StringName: construction_days (static: 0, total: 7)
Orphan StringName: glassware (static: 0, total: 3)
Orphan StringName: _mix (static: 0, total: 5)
Orphan StringName: lerp (static: 0, total: 1)
Orphan StringName: diagnostic_report (static: 0, total: 4)
Orphan StringName: _append_precious_route (static: 0, total: 4)
Orphan StringName: VALUE_I64 (static: 0, total: 2)
Orphan StringName: _QUERY_POOL_INITIAL (static: 0, total: 2)
Orphan StringName: sim_stagger_bucket_stride (static: 0, total: 5)
Orphan StringName: _has_coastal_water (static: 0, total: 4)
Orphan StringName: Mesh (static: 0, total: 2)
Orphan StringName: SATISFACTION_DEVELOPMENT_INPUT_COUNT (static: 0, total: 2)
Orphan StringName: hunter (static: 0, total: 1)
Orphan StringName: ttl_days (static: 0, total: 5)
Orphan StringName: _CMD_DESTROY (static: 0, total: 2)
Orphan StringName: LEGACY_TECHNOLOGY_INDUSTRY_REVISION (static: 0, total: 2)
Orphan StringName: set_river_atlas_probe_enabled (static: 0, total: 3)
Orphan StringName: trend.up (static: 0, total: 3)
Orphan StringName: use_pixel_lists (static: 0, total: 4)
Orphan StringName: POOL_WEATHER_FRONTS (static: 0, total: 2)
Orphan StringName: SusTickContext (static: 0, total: 12)
Orphan StringName: ArrayMesh (static: 0, total: 1)
Orphan StringName: bake_cell_lut (static: 0, total: 3)
Orphan StringName: upwelling_strength_arr (static: 0, total: 4)
Orphan StringName: ENABLE_DIRTY_MARK_STACK_DIAG (static: 0, total: 2)
Orphan StringName: Tween (static: 0, total: 2)
Orphan StringName: CELL_VEGETATION_DROUGHT_STRESS (static: 0, total: 2)
Orphan StringName: _load_resources (static: 0, total: 6)
Orphan StringName: slice (static: 0, total: 1)
Orphan StringName: TraitCatalogScript (static: 0, total: 2)
Orphan StringName: building_input_required_q16 (static: 0, total: 1)
Orphan StringName: age_days (static: 0, total: 6)
Orphan StringName: @group_0_世界生成 (static: 0, total: 2)
Orphan StringName: get_wind_delta_p95 (static: 0, total: 3)
Orphan StringName: res://scripts/data/vegetation_profile_registry.gd (static: 0, total: 7)
Orphan StringName: cloud_shadow_color (static: 0, total: 5)
Orphan StringName: _field_ocean_evap_gain (static: 0, total: 1)
Orphan StringName: contact.discover (static: 0, total: 1)
Orphan StringName: LAND_LAYOUT_PRESETS (static: 0, total: 2)
Orphan StringName: native_daily_split_weather_node_enabled (static: 0, total: 5)
Orphan StringName: var_to_str (static: 0, total: 1)
Orphan StringName: @air_mass_temp_anomaly_setter (static: 0, total: 3)
Orphan StringName: ResourceRegistryScript (static: 0, total: 2)
Orphan StringName: is_lake_seed_arr (static: 0, total: 4)
Orphan StringName: _BOUNCE_DRY (static: 0, total: 2)
Orphan StringName: res://scripts/rendering/bakers/atlas_encoders.gd (static: 0, total: 21)
Orphan StringName: ocean_density_cold_weight (static: 0, total: 9)
Orphan StringName: _probe_has_signal (static: 0, total: 3)
Orphan StringName: WARP_FREQ (static: 0, total: 2)
Orphan StringName: lead_ore (static: 0, total: 6)
Orphan StringName: hydro_moisture_response_rate (static: 0, total: 5)
Orphan StringName: CELL_POS_X (static: 0, total: 2)
Orphan StringName: CELL_POS_Y (static: 0, total: 2)
Orphan StringName: world_idx (static: 0, total: 5)
Orphan StringName: ResourceProfileRegistry (static: 0, total: 5)
Orphan StringName: slp_snow_high_weight (static: 0, total: 10)
Orphan StringName: res://scripts/family/family_modifier_effect.gd (static: 0, total: 1)
Orphan StringName: res://scripts/rendering/bakers/baker_dirty_helpers.gd (static: 0, total: 5)
Orphan StringName: resource_limits (static: 0, total: 1)
Orphan StringName: res://scripts/rendering/data_overlay_baker.gd (static: 0, total: 13)
Orphan StringName: res_coal_extra_change_arr (static: 0, total: 3)
Orphan StringName: get_cell_by_cube (static: 0, total: 10)
Orphan StringName: era_reward_selector_rankings (static: 0, total: 1)
Orphan StringName: system.target (static: 0, total: 3)
Orphan StringName: furniture (static: 0, total: 4)
Orphan StringName: DCQuery (static: 0, total: 14)
Orphan StringName: domain_weights_bp (static: 0, total: 1)
Orphan StringName: wage_per_employee_per_day (static: 0, total: 6)
Orphan StringName: res_oil_extra_change_arr (static: 0, total: 3)
Orphan StringName: VegetationProfileRegistry (static: 0, total: 3)
Orphan StringName: transpiration_outflow_rate (static: 0, total: 5)
Orphan StringName: weather_refresh_stride (static: 0, total: 5)
Orphan StringName: BASE_BUDGET (static: 0, total: 2)
Orphan StringName: season_refresh_period_ticks (static: 0, total: 5)
Orphan StringName: resource (static: 0, total: 14)
Orphan StringName: @static_initializer (static: 1, total: 17)
Orphan StringName: print (static: 0, total: 20)
Orphan StringName: breakthrough.discover (static: 0, total: 1)
Orphan StringName: veg_feedback_elev_decay (static: 0, total: 5)
Orphan StringName: _VIEW_BLOCK_BY_VEGETATION (static: 0, total: 2)
Orphan StringName: res://scripts/trigger/trigger_effect.gd (static: 0, total: 1)
Orphan StringName: compute_day_length_norm (static: 0, total: 3)
Orphan StringName: _sample_noise_raw (static: 0, total: 4)
Orphan StringName: _encode_upwelling_tex (static: 0, total: 3)
Orphan StringName: refresh_cell_luts_daily (static: 0, total: 3)
Orphan StringName: radius (static: 0, total: 5)
Orphan StringName: _ensure_sea_ice_pixel_to_cell_index (static: 0, total: 4)
Orphan StringName: development_metric_qualifier_thresholds (static: 0, total: 1)
Orphan StringName: death_rate_factor_q16 (static: 0, total: 1)
Orphan StringName: rebuild (static: 0, total: 3)
Orphan StringName: SIGNAL_ROWS (static: 0, total: 2)
Orphan StringName: profile_count (static: 0, total: 9)
Orphan StringName: res_arable_land_extra_change_arr (static: 0, total: 3)
Orphan StringName: set_cell_indirection (static: 0, total: 3)
Orphan StringName: electrical_equipment (static: 0, total: 4)
Orphan StringName: grain (static: 0, total: 3)
Orphan StringName: init_climate_fit (static: 0, total: 37)
Orphan StringName: _bake_geometry_fields_native (static: 0, total: 4)
Orphan StringName: action.save (static: 0, total: 3)
Orphan StringName: spl_area_exp (static: 0, total: 5)
Orphan StringName: initial_seed (static: 0, total: 3)
Orphan StringName: elastomer (static: 0, total: 2)
Orphan StringName: BakerDirtyHelpers (static: 0, total: 3)
Orphan StringName: speed_scale (static: 0, total: 5)
Orphan StringName: _CID_AIR_MASS_TEMP_ANOM (static: 0, total: 2)
Orphan StringName: _runtime_physics_knobs_reported (static: 0, total: 4)
Orphan StringName: pastoralist (static: 0, total: 1)
Orphan StringName: geography.elevation (static: 0, total: 3)
Orphan StringName: passable_sea (static: 0, total: 13)
Orphan StringName: wind_momentum_advect_w (static: 0, total: 8)
Orphan StringName: RIBBON_WIDTH_RATIO (static: 0, total: 2)
Orphan StringName: <anonymous lambda> (static: 0, total: 20)
Orphan StringName: arable_land (static: 0, total: 1)
Orphan StringName: upgrade_family_id (static: 0, total: 6)
Orphan StringName: CELL_VEGETATION_COLD_STRESS (static: 0, total: 2)
Orphan StringName: native_result_from_payload (static: 0, total: 3)
Orphan StringName: wind_belt_only_debug (static: 0, total: 10)
Orphan StringName: technology_points (static: 0, total: 3)
Orphan StringName: _THERMOHALINE_DEFAULT (static: 0, total: 2)
Orphan StringName: cells_size_hint (static: 0, total: 4)
Orphan StringName: occupancy_overlay_entries (static: 0, total: 3)
Orphan StringName: BAY_CELL_EARLY_BUILDING_TARGET (static: 0, total: 2)
Orphan StringName: country.economy (static: 0, total: 3)
Orphan StringName: enslaved_laborer (static: 0, total: 1)
Orphan StringName: @wind_speed_getter (static: 0, total: 3)
Orphan StringName: encode_height_tex (static: 0, total: 4)
Orphan StringName: EffectInstructionScript (static: 0, total: 4)
Orphan StringName: effect_value_modes (static: 0, total: 1)
Orphan StringName: development_metric_signal_indices (static: 0, total: 1)
Orphan StringName: res://scripts/rendering/bakers/terrain_baker.gd (static: 0, total: 9)
Orphan StringName: enso_temp_anomaly_cap (static: 0, total: 5)
Orphan StringName: enso_integration_substep_days (static: 0, total: 5)
Orphan StringName: set_diag_logs_enabled (static: 0, total: 1)
Orphan StringName: EntityType (static: 0, total: 2)
Orphan StringName: gathered_plants (static: 0, total: 4)
Orphan StringName: cube_to_offset (static: 0, total: 14)
Orphan StringName: name (static: 0, total: 199)
Orphan StringName: run_bake_river_sdf_pass (static: 0, total: 2)
Orphan StringName: aluminum (static: 0, total: 4)
Orphan StringName: cpp_name (static: 0, total: 152)
Orphan StringName: ecology_stress_mortality_rate (static: 0, total: 37)
Orphan StringName: type_indices (static: 0, total: 2)
Orphan StringName: map_field (static: 0, total: 150)
Orphan StringName: outputs (static: 0, total: 1)
Orphan StringName: family.city.trade_output_boost (static: 0, total: 1)
Orphan StringName: res://scripts/effect/effect_definition.gd (static: 0, total: 1)
Orphan StringName: temp_land_continentality (static: 0, total: 5)
Orphan StringName: _precious_for_cell (static: 0, total: 4)
Orphan StringName: technology_domain_indices (static: 0, total: 1)
Orphan StringName: load_document (static: 0, total: 5)
Orphan StringName: @sea_ice_fraction_getter (static: 0, total: 3)
Orphan StringName: _deprecated_warned (static: 0, total: 3)
Orphan StringName: Profile (static: 0, total: 2)
Orphan StringName: Shader (static: 0, total: 3)
Orphan StringName: get_wind_dir_flip_count (static: 0, total: 3)
Orphan StringName: DEFAULT_SETTLEMENT_PROFILE_PATH (static: 0, total: 2)
Orphan StringName: weather_prev_type (static: 0, total: 7)
Orphan StringName: rebake_vegetation_tex_only (static: 0, total: 3)
Orphan StringName: good_substitution_category_ids (static: 0, total: 1)
Orphan StringName: _configured_mode (static: 0, total: 4)
Orphan StringName: terrain_horizon_gpu_pending (static: 0, total: 5)
Orphan StringName: hydro_lake_release_rate (static: 0, total: 5)
Orphan StringName: VegetationType.VEG (static: 0, total: 18)
Orphan StringName: cell.res_salt_reserve (static: 0, total: 3)
Orphan StringName: EROSION_INERTIA (static: 0, total: 2)
Orphan StringName: cell.res_oil_reserve (static: 0, total: 3)
Orphan StringName: progression_step (static: 0, total: 6)
Orphan StringName: weather_convergence_arr (static: 0, total: 7)
Orphan StringName: scribe (static: 0, total: 1)
Orphan StringName: required_resource_ids (static: 0, total: 6)
Orphan StringName: ema_initialized_arr (static: 0, total: 4)
Orphan StringName: _temp_dev_from_annual_backing (static: 0, total: 4)
Orphan StringName: _ready (static: 1, total: 4)
Orphan StringName: weather_field_advect_steps (static: 0, total: 5)
Orphan StringName: cell.weather_target_type (static: 0, total: 4)
Orphan StringName: RENEWABLE_MIN_RESERVE_Q16 (static: 0, total: 2)
Orphan StringName: temp_365d_arr (static: 0, total: 4)
Orphan StringName: gutter_px (static: 0, total: 7)
Orphan StringName: researcher (static: 0, total: 1)
Orphan StringName: _ensure_directory (static: 0, total: 5)
Orphan StringName: WINTER_COOL_KNEE (static: 0, total: 2)
Orphan StringName: prime_mover (static: 0, total: 3)
Orphan StringName: lut_snow_source (static: 0, total: 1)
Orphan StringName: profile_by_id (static: 0, total: 3)
Orphan StringName: dissolve_amount (static: 0, total: 6)
Orphan StringName: dyn_atlas_smooth_tex (static: 0, total: 4)
Orphan StringName: suitability_score (static: 0, total: 4)
Orphan StringName: resource.arable_land (static: 0, total: 3)
Orphan StringName: CELL_OCEAN_THERMAL_ANOMALY (static: 0, total: 2)
Orphan StringName: building_progression_steps (static: 0, total: 1)
Orphan StringName: remove_component (static: 0, total: 3)
Orphan StringName: map_index (static: 0, total: 3)
Orphan StringName: K_CREST (static: 0, total: 2)
Orphan StringName: CELL_RES_FLINT_EXTRA_CHANGE (static: 0, total: 2)
Orphan StringName: cell.res_tin_ore_extra_change (static: 0, total: 2)
Orphan StringName: water_cells (static: 0, total: 6)
Orphan StringName: cooldown_days (static: 0, total: 6)
Orphan StringName: rain_shadow_factor (static: 0, total: 5)
Orphan StringName: technology_state_semantic (static: 0, total: 3)
Orphan StringName: BAKE_RIVER_INCISE (static: 0, total: 2)
Orphan StringName: _texture_format (static: 0, total: 5)
Orphan StringName: cell.res_phosphate_rock_extra_change (static: 0, total: 2)
Orphan StringName: effect_duration_days (static: 0, total: 1)
Orphan StringName: _visual_tile_quality_setting (static: 0, total: 4)
Orphan StringName: max_stacks (static: 0, total: 14)
Orphan StringName: erosion_droplet_factor (static: 0, total: 5)
Orphan StringName: _soil_moisture_backing (static: 0, total: 4)
Orphan StringName: HexUtilsScript (static: 0, total: 2)
Orphan StringName: _free_rows (static: 0, total: 4)
Orphan StringName: action.fit (static: 0, total: 3)
Orphan StringName: felsic (static: 0, total: 2)
Orphan StringName: _compile_building_dependency_columns (static: 0, total: 4)
Orphan StringName: get_white_texture (static: 0, total: 4)
Orphan StringName: _try_cpp_dyn_smooth_atlas_encode (static: 0, total: 4)
Orphan StringName: compute_daily_insolation (static: 0, total: 5)
Orphan StringName: refresh_visible_cells (static: 0, total: 3)
Orphan StringName: solve_wind_field (static: 0, total: 4)
Orphan StringName: trend.down (static: 0, total: 3)
Orphan StringName: get_weather_target_type (static: 0, total: 9)
Orphan StringName: res://scripts/family/family_trigger_binding.gd (static: 0, total: 1)
Orphan StringName: satellite_radius_max (static: 0, total: 5)
Orphan StringName: _VegetationProfileRegistryScript (static: 0, total: 2)
Orphan StringName: set_sea_ice_atlas (static: 0, total: 3)
Orphan StringName: resource.sulfur (static: 0, total: 2)
Orphan StringName: dirty_rows_weather (static: 0, total: 3)
Orphan StringName: slp_moist_low_weight (static: 0, total: 8)
Orphan StringName: good_storage_modes (static: 0, total: 1)
Orphan StringName: _pct (static: 0, total: 4)
Orphan StringName: observed_era_index (static: 0, total: 1)
Orphan StringName: effective_texels_per_hex (static: 0, total: 4)
Orphan StringName: eco_score (static: 0, total: 10)
Orphan StringName: _field_slice_next_intensity (static: 0, total: 3)
Orphan StringName: _apply_frontal_convergence_boost (static: 0, total: 1)
Orphan StringName: topology_neighbors_packed (static: 0, total: 3)
Orphan StringName: technology.milestone (static: 0, total: 2)
Orphan StringName: _conditions_met (static: 0, total: 7)
Orphan StringName: ocean_current_x_arr (static: 0, total: 7)
Orphan StringName: rebind_arrays (static: 0, total: 3)
Orphan StringName: ranking (static: 0, total: 7)
Orphan StringName: satellite_radius_min (static: 0, total: 5)
Orphan StringName: CELL_RES_SALT_RESERVE (static: 0, total: 2)
Orphan StringName: water_balance_30d_arr (static: 0, total: 3)
Orphan StringName: public_definitions (static: 0, total: 3)
Orphan StringName: quantity_env_curve_ids (static: 0, total: 1)
Orphan StringName: building_dependency_tags (static: 0, total: 1)
Orphan StringName: _provider_id (static: 0, total: 3)
Orphan StringName: _MAX_BLOCK (static: 0, total: 2)
Orphan StringName: CELL_LANDFORM (static: 0, total: 2)
Orphan StringName: maturity_display_name (static: 0, total: 6)
Orphan StringName: _bake_terrain_index_native_legacy (static: 0, total: 3)
Orphan StringName: CELL_RES_PLANTATION_LAND_RESERVE (static: 0, total: 2)
Orphan StringName: SPEED_TRADE (static: 0, total: 2)
Orphan StringName: demo_complex_kernel_radius (static: 0, total: 5)
Orphan StringName: hydro_river_min_length (static: 0, total: 5)
Orphan StringName: @vegetation_vitality_getter (static: 0, total: 3)
Orphan StringName: _PHYS_WIND_RASTER_PIXELS_PER_STEP (static: 0, total: 2)
Orphan StringName: building_dependency_branch_technologies (static: 0, total: 1)
Orphan StringName: WeightRuleScript (static: 0, total: 2)
Orphan StringName: _starter_route_better (static: 0, total: 3)
Orphan StringName: create_default (static: 0, total: 3)
Orphan StringName: _neighbor_indices (static: 0, total: 3)
Orphan StringName: best_degrade_target (static: 0, total: 3)
Orphan StringName: native_daily_sim_mode (static: 0, total: 5)
Orphan StringName: cell_pos (static: 0, total: 1)
Orphan StringName: bauxite (static: 0, total: 5)
Orphan StringName: CELL_WEATHER_DIRTY (static: 0, total: 2)
Orphan StringName: CONSTRUCTION_BACKBONE (static: 0, total: 2)
Orphan StringName: metric.technology (static: 0, total: 2)
Orphan StringName: OCCUPANCY_FLAG_NEED_ARID (static: 0, total: 2)
Orphan StringName: TERRAIN_NORMAL_HEIGHT_SCALE_HEX (static: 0, total: 2)
Orphan StringName: building_input_candidate_good_ids (static: 0, total: 1)
Orphan StringName: _world_bounds (static: 0, total: 2)
Orphan StringName: init_noise (static: 0, total: 37)
Orphan StringName: weather_to_base_moisture_gain (static: 0, total: 5)
Orphan StringName: TERRAIN_HORIZON_STEP_PX (static: 0, total: 2)
Orphan StringName: @group_320_气候天气预算治理 (static: 0, total: 2)
Orphan StringName: @group_319_DOTS 优化开关 (static: 0, total: 2)
Orphan StringName: dtype_name (static: 0, total: 20)
Orphan StringName: compute_visible_for_sources (static: 0, total: 6)
Orphan StringName: ImageTexture (static: 0, total: 143)
Orphan StringName: SHADER_PATH (static: 0, total: 2)
Orphan StringName: destroy_entity (static: 0, total: 3)
Orphan StringName: construction_candidate_efficiency_q16 (static: 0, total: 6)
Orphan StringName: vegetation (static: 0, total: 20)
Orphan StringName: _psi_residual_final_last (static: 0, total: 4)
Orphan StringName: technology_tags (static: 0, total: 145)
Orphan StringName: resource.lead (static: 0, total: 2)
Orphan StringName: modifier_definition_key (static: 0, total: 4)
Orphan StringName: commit_round (static: 0, total: 3)
Orphan StringName: _wind_momentum_advect_w_eff_last (static: 0, total: 4)
Orphan StringName: core_trait_max (static: 0, total: 6)
Orphan StringName: POLAR_Y_AMP (static: 0, total: 2)
Orphan StringName: ecology_visual_atlas_chunk_begin (static: 0, total: 4)
Orphan StringName: _phys_last_wind_rc_ms (static: 0, total: 4)
Orphan StringName: culture_group_id (static: 0, total: 1)
Orphan StringName: plateau_min_cells (static: 0, total: 5)
Orphan StringName: validate_all (static: 0, total: 4)
Orphan StringName: condition_opcodes (static: 0, total: 6)
Orphan StringName: good_production_efficiency_q16 (static: 0, total: 1)
Orphan StringName: children (static: 0, total: 5)
Orphan StringName: _resource_profiles (static: 0, total: 2)
Orphan StringName: cell.snow_cover (static: 0, total: 3)
Orphan StringName: vegetation_drought_stress (static: 0, total: 6)
Orphan StringName: building_progression_predecessor_indices (static: 0, total: 1)
Orphan StringName: read_set (static: 0, total: 3)
Orphan StringName: CELL_RES_COPPER_ORE_RESERVE (static: 0, total: 2)
Orphan StringName: daily_wind_split_passes (static: 0, total: 5)
Orphan StringName: bronze_tools (static: 0, total: 3)
Orphan StringName: dynamic_cell_atlas_chunk_step (static: 0, total: 4)
Orphan StringName: explosives (static: 0, total: 4)
Orphan StringName: ceil (static: 0, total: 6)
Orphan StringName: CELL_AREA_RESOURCE_SCALE (static: 0, total: 2)
Orphan StringName: has_volcano (static: 0, total: 5)
Orphan StringName: _rendering_method (static: 0, total: 4)
Orphan StringName: MINIMUM_RESERVES (static: 0, total: 2)
Orphan StringName: core_trait_min (static: 0, total: 6)
Orphan StringName: _ensure_river_atlas_probe_cells (static: 0, total: 4)
Orphan StringName: cell (static: 0, total: 5)
Orphan StringName: res_silver_ore_extra_change_arr (static: 0, total: 3)
Orphan StringName: _field_slice_results_in_soa (static: 0, total: 4)
Orphan StringName: _raw_reserve (static: 0, total: 8)
Orphan StringName: occupancy_bit_for_signal (static: 0, total: 3)
Orphan StringName: _phys_wind_raster_idx (static: 0, total: 4)
Orphan StringName: strict_source_cursors (static: 0, total: 5)
Orphan StringName: good.wool (static: 0, total: 1)
Orphan StringName: phosphate_rock (static: 0, total: 5)
Orphan StringName: effective_world_units_per_texel (static: 0, total: 4)
Orphan StringName: weather_instability_arr (static: 0, total: 6)
Orphan StringName: CELL_RES_SALTPETER_EXTRA_CHANGE (static: 0, total: 2)
Orphan StringName: lime (static: 0, total: 4)
Orphan StringName: CELL_RES_LIMESTONE_RESERVE (static: 0, total: 2)
Orphan StringName: index (static: 0, total: 26)
Orphan StringName: priority (static: 0, total: 12)
Orphan StringName: _cell_neighbors (static: 0, total: 6)
Orphan StringName: hydro_baseflow_recession (static: 0, total: 5)
Orphan StringName: signal_cells (static: 0, total: 1)
Orphan StringName: join (static: 0, total: 1)
Orphan StringName: res_gold_ore_reserve_arr (static: 0, total: 3)
Orphan StringName: moisture_arr_prev (static: 0, total: 4)
Orphan StringName: @vegetation_drought_stress_getter (static: 0, total: 3)
Orphan StringName: ecology_visual_atlas_tex (static: 0, total: 4)
Orphan StringName: starter_building_counts (static: 0, total: 1)
Orphan StringName: _CID_WIND_X (static: 0, total: 2)
Orphan StringName: _CID_WIND_Y (static: 0, total: 2)
Orphan StringName: wealth_min_q16 (static: 0, total: 1)
Orphan StringName: _carve_river_into_height (static: 0, total: 4)
Orphan StringName: CONDITION_PUSH_TECH_COMPLETED (static: 0, total: 2)
Orphan StringName: ALLOWED_SHARED_IMPLEMENTATIONS (static: 0, total: 2)
Orphan StringName: technology_prerequisite_offsets (static: 0, total: 1)
Orphan StringName: write_u8 (static: 0, total: 9)
Orphan StringName: hex_sextant_barycentric (static: 0, total: 4)
Orphan StringName: _build_terrain_material_tex (static: 0, total: 4)
Orphan StringName: final_pool (static: 0, total: 7)
Orphan StringName: get_weather_field_init (static: 0, total: 10)
Orphan StringName: native_daily_sim_stride (static: 0, total: 5)
Orphan StringName: maintenance_quantities_per_day (static: 0, total: 5)
Orphan StringName: trade_passable_lut (static: 0, total: 4)
Orphan StringName: _cell_eco_lut_bytes_cache (static: 0, total: 3)
Orphan StringName: POOL_COUNT (static: 0, total: 2)
Orphan StringName: _constraint_failure (static: 0, total: 4)
Orphan StringName: cell_pos_x_arr (static: 0, total: 8)
Orphan StringName: cell.is_water (static: 0, total: 2)
Orphan StringName: moisture_coastal_floor (static: 0, total: 5)
Orphan StringName: _psi_path_str_last (static: 0, total: 4)
Orphan StringName: EROSION_DEPOSIT_SPEED (static: 0, total: 2)
Orphan StringName: tropical_cyclone_max_lat (static: 0, total: 5)
Orphan StringName: saltpeter (static: 0, total: 6)
Orphan StringName: moisture_itcz_width (static: 0, total: 5)
Orphan StringName: _gdext_field_commit_warned_fallback (static: 0, total: 1)
Orphan StringName: cell_view_block (static: 0, total: 7)
Orphan StringName: era_reward_option_weights (static: 0, total: 1)
Orphan StringName: cell_view_height (static: 0, total: 7)
Orphan StringName: moisture_stormtrack_width (static: 0, total: 5)
Orphan StringName: water_idx (static: 0, total: 4)
Orphan StringName: CELL_RES_TIN_ORE_RESERVE (static: 0, total: 2)
Orphan StringName: temperature_transport_anomaly_blend_rate (static: 0, total: 5)
Orphan StringName: _build_option (static: 0, total: 4)
Orphan StringName: native_daily_max_slices_per_tick (static: 0, total: 5)
Orphan StringName: BuildingProfile (static: 0, total: 3)
Orphan StringName: from_hsv (static: 0, total: 1)
Orphan StringName: ecology_immigration (static: 0, total: 37)
Orphan StringName: cell.res_marine_fish_reserve (static: 0, total: 3)
Orphan StringName: slp_synoptic_amp (static: 0, total: 8)
Orphan StringName: header (static: 0, total: 1)
Orphan StringName: SHORE_CARVE_AMP (static: 0, total: 2)
Orphan StringName: _phys_wind_done_by_cpp (static: 0, total: 4)
Orphan StringName: @weather_instability_getter (static: 0, total: 3)
Orphan StringName: @upwelling_strength_setter (static: 0, total: 3)
Orphan StringName: CELL_GROUNDWATER_STORAGE (static: 0, total: 2)
Orphan StringName: cell.res_sulfur_extra_change (static: 0, total: 2)
Orphan StringName: aggregator (static: 0, total: 11)
Orphan StringName: wind_circulation_period_ticks (static: 0, total: 5)
Orphan StringName: ResearchSignalDefinition (static: 0, total: 3)
Orphan StringName: MapConfig (static: 0, total: 24)
Orphan StringName: fisher (static: 0, total: 1)
Orphan StringName: has_offset (static: 0, total: 3)
Orphan StringName: get_lat_norm (static: 0, total: 9)
Orphan StringName: trend.flat (static: 0, total: 4)
Orphan StringName: _ecology_visual_atlas_buf (static: 0, total: 3)
Orphan StringName: main_radius_max (static: 0, total: 5)
Orphan StringName: @group_188_海冰 (static: 0, total: 2)
Orphan StringName: ResearchSignalDefinition.Kind (static: 0, total: 2)
Orphan StringName: _sync_weather_distribute_cache_to_cells (static: 0, total: 1)
Orphan StringName: research_signal_display_names (static: 0, total: 1)
Orphan StringName: substitution_category_ids (static: 0, total: 139)
Orphan StringName: ocean_visual_rebake_drop_stale (static: 0, total: 5)
Orphan StringName: _store_row (static: 0, total: 4)
Orphan StringName: get_psi_residual_final (static: 0, total: 3)
Orphan StringName: weather_prev_type_arr (static: 0, total: 6)
Orphan StringName: _ensure_pending_upwelling_size (static: 0, total: 5)
Orphan StringName: enso_wind_coupling (static: 0, total: 5)
Orphan StringName: building_construction_offsets (static: 0, total: 1)
Orphan StringName: biome_history (static: 0, total: 3)
Orphan StringName: _verify_gdext_distribute_against_gdscript (static: 0, total: 1)
Orphan StringName: technology_era_ids (static: 0, total: 1)
Orphan StringName: use_water_lists (static: 0, total: 2)
Orphan StringName: _PHYS_STAGE_NONE (static: 0, total: 2)
Orphan StringName: weather_cloud_arr (static: 0, total: 9)
Orphan StringName: SusPolicy (static: 0, total: 11)
Orphan StringName: main_radius_min (static: 0, total: 5)
Orphan StringName: v3_to_offset (static: 0, total: 3)
Orphan StringName: dirty (static: 0, total: 4)
Orphan StringName: SOURCE_GDSCRIPT (static: 0, total: 2)
Orphan StringName: ice_state_tex (static: 0, total: 4)
Orphan StringName: @_vitality_low_streak_setter (static: 0, total: 3)
Orphan StringName: estimated_peak_bytes (static: 0, total: 4)
Orphan StringName: get_weather_type (static: 0, total: 10)
Orphan StringName: PkmapIO (static: 0, total: 3)
Orphan StringName: get_slp_path_str (static: 0, total: 3)
Orphan StringName: _WIND_PRESSURE_BASE_W (static: 0, total: 2)
Orphan StringName: development_metric_duration_days (static: 0, total: 1)
Orphan StringName: PKLog (static: 0, total: 3)
Orphan StringName: research_signal_kinds (static: 0, total: 1)
Orphan StringName: window_days (static: 0, total: 22)
Orphan StringName: ETHNICITY_DIR (static: 0, total: 2)
Orphan StringName: _rng (static: 0, total: 3)
Orphan StringName: surface_absorbed_factor (static: 0, total: 3)
Orphan StringName: _compile_building_columns (static: 0, total: 4)
Orphan StringName: cell.vegetation_vitality (static: 0, total: 3)
Orphan StringName: _is_unselected_precious_profile (static: 0, total: 4)
Orphan StringName: res://scripts/data/resource_profile.gd (static: 0, total: 1)
Orphan StringName: _indices_built (static: 0, total: 4)
Orphan StringName: owner_of (static: 0, total: 3)
Orphan StringName: _PHYS_LANE_KNOB_KEYS (static: 0, total: 2)
Orphan StringName: foreign_count (static: 0, total: 2)
Orphan StringName: _signed_hash32 (static: 0, total: 4)
Orphan StringName: nearest_display_world (static: 0, total: 3)
Orphan StringName: CELL_WIND_STRESS_CURL (static: 0, total: 2)
Orphan StringName: resource.paddy_land (static: 0, total: 3)
Orphan StringName: _psi_breakdown_log_count (static: 0, total: 4)
Orphan StringName: _write_set (static: 0, total: 3)
Orphan StringName: next_richer (static: 0, total: 7)
Orphan StringName: family.free_building (static: 0, total: 1)
Orphan StringName: construction_components (static: 0, total: 4)
Orphan StringName: MainLoop (static: 0, total: 2)
Orphan StringName: _slp_backing (static: 0, total: 4)
Orphan StringName: apply_dict_to_fronts (static: 0, total: 3)
Orphan StringName: _field_slice_native_convergence_boost (static: 0, total: 4)
Orphan StringName: dyn_lut_tex (static: 0, total: 5)
Orphan StringName: weather_target_type (static: 0, total: 7)
Orphan StringName: res_plantation_land_reserve_arr (static: 0, total: 3)
Orphan StringName: research (static: 0, total: 4)
Orphan StringName: @group_379_海冰阈值 (static: 0, total: 2)
Orphan StringName: employee_slots_per_building (static: 0, total: 7)
Orphan StringName: weather_lut_prev_tex (static: 0, total: 4)
Orphan StringName: technology_runtime_capability_offsets (static: 0, total: 1)
Orphan StringName: rebuild_soa_from_cells (static: 0, total: 4)
Orphan StringName: lat_temp_bell (static: 0, total: 7)
Orphan StringName: publish_weather_lut_bytes_from_native (static: 0, total: 3)
Orphan StringName: _BOUNCE_SNOW (static: 0, total: 2)
Orphan StringName: native_daily_node_range_nodes (static: 0, total: 4)
Orphan StringName: get_wrapped_cell_by_cube (static: 0, total: 6)
Orphan StringName: system.calendar (static: 0, total: 3)
Orphan StringName: country.military (static: 0, total: 4)
Orphan StringName: layer_count (static: 0, total: 10)
Orphan StringName: cell.moisture (static: 0, total: 3)
Orphan StringName: agricultural_worker (static: 0, total: 1)
Orphan StringName: technology.domain.agriculture (static: 0, total: 1)
Orphan StringName: UPWELLING_NORM_RANGE (static: 0, total: 2)
Orphan StringName: wrap_period_cell_pos_x (static: 0, total: 7)
Orphan StringName: _build_trade_luts (static: 0, total: 5)
Orphan StringName: technology_node_roles (static: 0, total: 1)
Orphan StringName: population.heart (static: 0, total: 2)
Orphan StringName: height_buffer (static: 0, total: 12)
Orphan StringName: _neighbor_dir_index (static: 0, total: 5)
Orphan StringName: _append_many_unique (static: 0, total: 3)
Orphan StringName: _phys_last_wind_speed_out_size (static: 0, total: 4)
Orphan StringName: weather_field_cloud_reevap (static: 0, total: 5)
Orphan StringName: _SLOW_LAYER_FIELDS (static: 0, total: 2)
Orphan StringName: ecology_growth_rate (static: 0, total: 40)
Orphan StringName: _orographic_lift_from_upstream_idx (static: 0, total: 4)
Orphan StringName: resource.saltpeter (static: 0, total: 3)
Orphan StringName: temperature_tolerance (static: 0, total: 2)
Orphan StringName: is_valid_dtype (static: 0, total: 4)
Orphan StringName: cell.canal_water (static: 0, total: 2)
Orphan StringName: get_ocean_delta_p95 (static: 0, total: 3)
Orphan StringName: _set (static: 0, total: 3)
Orphan StringName: wind_speed (static: 0, total: 12)
Orphan StringName: CELL_TEMP_ANOMALY (static: 0, total: 2)
Orphan StringName: wire (static: 0, total: 4)
Orphan StringName: base_color (static: 0, total: 8)
Orphan StringName: cell.canal_edge_mask (static: 0, total: 2)
Orphan StringName: terrain_is_water (static: 0, total: 10)
Orphan StringName: with (static: 0, total: 3)
Orphan StringName: _cpp_atlas_encode_active (static: 0, total: 3)
Orphan StringName: _river_atlas_probe_cells (static: 0, total: 3)
Orphan StringName: strength_max_q16 (static: 0, total: 7)
Orphan StringName: runtime_temperature_signal (static: 0, total: 38)
Orphan StringName: _hexcell_facade_on (static: 0, total: 2)
Orphan StringName: PoolScript (static: 0, total: 2)
Orphan StringName: weather_intensity (static: 0, total: 10)
Orphan StringName: CELL_RES_FRESHWATER_FISH_RESERVE (static: 0, total: 2)
Orphan StringName: OCCUPANCY_MAX_SPECIES (static: 0, total: 2)
Orphan StringName: FIXED_BUILDING_IDS (static: 0, total: 2)
Orphan StringName: economy.building.shipyard (static: 0, total: 1)
Orphan StringName: shared_terrain_material_error (static: 0, total: 4)
Orphan StringName: write_u8_dense (static: 0, total: 3)
Orphan StringName: cell.res_silica_sand_reserve (static: 0, total: 3)
Orphan StringName: _bake_visual_tiles (static: 0, total: 4)
Orphan StringName: @air_mass_temp_anomaly_getter (static: 0, total: 3)
Orphan StringName: begin_sub_pass (static: 0, total: 3)
Orphan StringName: COASTAL_HEAT_LEAK (static: 0, total: 4)
Orphan StringName: sea_level (static: 0, total: 23)
Orphan StringName: FamilyOfficialCatalog (static: 0, total: 3)
Orphan StringName: moisture_continental_dry (static: 0, total: 5)
Orphan StringName: ideal_temp (static: 0, total: 7)
Orphan StringName: EROSION_DROPS (static: 0, total: 2)
Orphan StringName: _wind_dir_flip_count_last (static: 0, total: 4)
Orphan StringName: _CMD_DESTROY_TO_POOL (static: 0, total: 2)
Orphan StringName: terrain_material_tex_bound (static: 0, total: 5)
Orphan StringName: _phys_solve_rt_diag_count (static: 0, total: 4)
Orphan StringName: _CID_OCEAN_CURRENT_X (static: 0, total: 2)
Orphan StringName: _CID_OCEAN_CURRENT_Y (static: 0, total: 2)
Orphan StringName: _arr_f32 (static: 0, total: 40)
Orphan StringName: _reveal_condition_met (static: 0, total: 4)
Orphan StringName: EffectCommand (static: 0, total: 3)
Orphan StringName: production_efficiency_q16 (static: 0, total: 140)
Orphan StringName: wild_game (static: 0, total: 1)
Orphan StringName: clampf (static: 0, total: 2)
Orphan StringName: coastal_heat_leak_winter_boost (static: 0, total: 5)
Orphan StringName: init_temp (static: 0, total: 37)
Orphan StringName: rift_min_axis (static: 0, total: 5)
Orphan StringName: snapshot_weather_summary_state (static: 0, total: 1)
Orphan StringName: _dirty_cell_mask (static: 0, total: 3)
Orphan StringName: supply_ema_alpha_q16 (static: 0, total: 139)
Orphan StringName: RandomNumberGenerator (static: 0, total: 5)
Orphan StringName: shader (static: 0, total: 1)
Orphan StringName: rare_earth_metals (static: 0, total: 5)
Orphan StringName: validate (static: 0, total: 7)
Orphan StringName: selector_tags (static: 0, total: 4)
Orphan StringName: development.discover (static: 0, total: 1)
Orphan StringName: decay_temp (static: 0, total: 39)
Orphan StringName: _psi_native_ms_last (static: 0, total: 4)
Orphan StringName: _useful_count_limit (static: 0, total: 4)
Orphan StringName: res://scripts/simulation/climate/climate_math.gd (static: 0, total: 13)
Orphan StringName: demo_complex_iterations (static: 0, total: 5)
Orphan StringName: OCCUPANCY_GUILD_FOOD (static: 0, total: 2)
Orphan StringName: _cube_round (static: 0, total: 4)
Orphan StringName: major_scale (static: 0, total: 5)
Orphan StringName: EROSION_EVAPORATION (static: 0, total: 2)
Orphan StringName: OCEAN_CURRENT_ICE_DELAY (static: 0, total: 4)
Orphan StringName: ticks_per_slice (static: 0, total: 4)
Orphan StringName: _field_slice_world (static: 0, total: 4)
Orphan StringName: _field_slice_native_knobs (static: 0, total: 3)
Orphan StringName: res://scripts/family/family_trait_catalog.gd (static: 0, total: 8)
Orphan StringName: temperature_transport_anomaly_arr (static: 0, total: 5)
Orphan StringName: runtime_moisture_water_balance_dry_weight (static: 0, total: 5)
Orphan StringName: TERRAIN_DETAIL_BAKE_MAX (static: 0, total: 2)
Orphan StringName: river_headwater_min_land_h (static: 0, total: 5)
Orphan StringName: T_ICE_HI (static: 0, total: 2)
Orphan StringName: resource.manganese (static: 0, total: 2)
Orphan StringName: TargetSelectorKind (static: 0, total: 2)
Orphan StringName: cell.groundwater_storage (static: 0, total: 2)
Orphan StringName: building_required_technology_tags (static: 0, total: 2)
Orphan StringName: default_of (static: 0, total: 4)
Orphan StringName: bake_ocean_currents_slice (static: 0, total: 3)
Orphan StringName: _pull_gdext_field_results_to_next (static: 0, total: 1)
Orphan StringName: _upload_compute_layer (static: 0, total: 5)
Orphan StringName: _tick_cell_neighbors (static: 0, total: 2)
Orphan StringName: Noise (static: 0, total: 2)
Orphan StringName: WEB_MAX_MAP_HEIGHT (static: 0, total: 2)
Orphan StringName: T_ICE_LO (static: 0, total: 2)
Orphan StringName: _cell_idx (static: 0, total: 8)
Orphan StringName: synthetic_fiber (static: 0, total: 3)
Orphan StringName: scalar_atlas_tex (static: 0, total: 4)
Orphan StringName: cell.weather_prev_type (static: 0, total: 4)
Orphan StringName: TERRAIN_DETAIL_BAKE_MIN (static: 0, total: 2)
Orphan StringName: temp_season_offset_arr (static: 0, total: 4)
Orphan StringName: _alloc_soa (static: 0, total: 4)
Orphan StringName: texture_for_key (static: 0, total: 3)
Orphan StringName: concrete (static: 0, total: 4)
Orphan StringName: write_i32_range (static: 0, total: 4)
Orphan StringName: variant_class_wealth_elasticity_delta_q16 (static: 0, total: 1)
Orphan StringName: COMPUTE_FIELDS (static: 0, total: 2)
Orphan StringName: development_era_indices (static: 0, total: 1)
Orphan StringName: technology_flags (static: 0, total: 2)
Orphan StringName: CELL_WEATHER_TARGET_TYPE (static: 0, total: 2)
Orphan StringName: res_phosphate_rock_extra_change_arr (static: 0, total: 3)
Orphan StringName: map_source (static: 0, total: 5)
Orphan StringName: _phys_scalar_knob_projection (static: 0, total: 4)
Orphan StringName: weather_ocean_evap_gain (static: 0, total: 5)
Orphan StringName: create_in_pool (static: 0, total: 3)
Orphan StringName: DOMAIN_IDS (static: 0, total: 2)
Orphan StringName: _compatible (static: 0, total: 7)
Orphan StringName: _profile_outputs (static: 0, total: 6)
Orphan StringName: _foliage_biomass_table_cache (static: 0, total: 2)
Orphan StringName: @group_1_大陆形态 (static: 0, total: 2)
Orphan StringName: _hash_callback (static: 0, total: 3)
Orphan StringName: OCCUPANCY_HABITAT_FIBER_WET (static: 0, total: 2)
Orphan StringName: CELL_RES_WILD_GAME_EXTRA_CHANGE (static: 0, total: 2)
Orphan StringName: for_each_index (static: 0, total: 3)
Orphan StringName: World (static: 0, total: 4)
Orphan StringName: oceanic_vessels (static: 0, total: 4)
Orphan StringName: cube_coords (static: 0, total: 3)
Orphan StringName: compute_insolation_dev_from_values (static: 0, total: 4)
Orphan StringName: landform_diurnal_amp (static: 0, total: 5)
Orphan StringName: _field_stratiform_gain (static: 0, total: 1)
Orphan StringName: family.metric.population (static: 0, total: 1)
Orphan StringName: restore_sections (static: 0, total: 3)
Orphan StringName: _dirty_mask (static: 0, total: 3)
Orphan StringName: reserve_map_field (static: 0, total: 7)
Orphan StringName: SusPolicy.AccumulatorPolicy (static: 0, total: 1)
Orphan StringName: MAP_SOURCE_PKMAP (static: 0, total: 2)
Orphan StringName: TriangleMesh (static: 0, total: 2)
Orphan StringName: _try_run_weather_field_commit_gdext (static: 0, total: 1)
Orphan StringName: get_pos_x (static: 0, total: 10)
Orphan StringName: get_pos_y (static: 0, total: 10)
Orphan StringName: res://scripts/family/family_effect_definition.gd (static: 0, total: 3)
Orphan StringName: _field_verify_enabled (static: 0, total: 1)
Orphan StringName: @slp_setter (static: 0, total: 3)
Orphan StringName: feedback_decay (static: 0, total: 5)
Orphan StringName: _world_to_uv (static: 0, total: 8)
Orphan StringName: _wf_diag_total_cells (static: 0, total: 4)
Orphan StringName: OCCUPANCY_GUILD_SPECIALTY (static: 0, total: 2)
Orphan StringName: cell.ocean_current_x (static: 0, total: 3)
Orphan StringName: cell.ocean_current_y (static: 0, total: 3)
Orphan StringName: coastal_temp_scale (static: 0, total: 5)
Orphan StringName: is_compatibility_renderer (static: 0, total: 4)
Orphan StringName: runtime_climate_fit_weight (static: 0, total: 38)
Orphan StringName: production_climate_profile_id (static: 0, total: 7)
Orphan StringName: _dynamic_cell_signature (static: 0, total: 6)
Orphan StringName: OCCUPANCY_HABITAT_TROPICAL (static: 0, total: 2)
Orphan StringName: cell.res_paddy_land_reserve (static: 0, total: 3)
Orphan StringName: _network_payload_cache (static: 0, total: 2)
Orphan StringName: footwear (static: 0, total: 4)
Orphan StringName: _ocean_delta_p95_last (static: 0, total: 4)
Orphan StringName: CELL_RES_SILICA_SAND_EXTRA_CHANGE (static: 0, total: 2)
Orphan StringName: _ARCH_NONE (static: 0, total: 2)
Orphan StringName: value_q16 (static: 0, total: 19)
Orphan StringName: _is_near_zero_sample (static: 0, total: 4)
Orphan StringName: TerrainType.TERRAIN (static: 0, total: 13)
Orphan StringName: _WIND_W_GRAD (static: 0, total: 2)
Orphan StringName: cell.wind_stress_curl (static: 0, total: 2)
Orphan StringName: @group_42_气候与天气频率 (static: 0, total: 2)
Orphan StringName: public_domain_metadata (static: 0, total: 3)
Orphan StringName: pit_fill_max_iters (static: 0, total: 5)
Orphan StringName: flow_buffer (static: 0, total: 7)
Orphan StringName: _landform_bytes_for_map (static: 0, total: 5)
Orphan StringName: res://scripts/rendering/country_border_layer.gd (static: 0, total: 16)
Orphan StringName: input_good_ids (static: 0, total: 9)
Orphan StringName: country.politics (static: 0, total: 3)
Orphan StringName: has_cell (static: 0, total: 5)
Orphan StringName: era_reward_rule_codes (static: 0, total: 1)
Orphan StringName: front.age (static: 0, total: 1)
Orphan StringName: particle_gravity (static: 0, total: 5)
Orphan StringName: moisture_arr (static: 0, total: 14)
Orphan StringName: _entity_archetype (static: 0, total: 6)
Orphan StringName: RIVER_CR_STEP (static: 0, total: 2)
Orphan StringName: cell.river_discharge (static: 0, total: 2)
Orphan StringName: game_meat (static: 0, total: 4)
Orphan StringName: res://scripts/data/resource_profile_registry.gd (static: 0, total: 16)
Orphan StringName: _WIND_LAND_FRICTION (static: 0, total: 2)
Orphan StringName: _primary_building_first (static: 0, total: 5)
Orphan StringName: DCWorldExt (static: 0, total: 5)
Orphan StringName: development_era_index (static: 0, total: 7)
Orphan StringName: tax.tariff (static: 0, total: 1)
Orphan StringName: ClimateProfile (static: 0, total: 13)
Orphan StringName: _CMD_SET_ARCH (static: 0, total: 2)
Orphan StringName: thermal_daily_delta_cap (static: 0, total: 5)
Orphan StringName: _lat_signed_for (static: 0, total: 9)
Orphan StringName: vegetation_vitality (static: 0, total: 14)
Orphan StringName: _PHYS_PSI_TOTAL_ITERS (static: 0, total: 2)
Orphan StringName: technology_route_tag_offsets (static: 0, total: 1)
Orphan StringName: sea_ice_edge_mix_rate (static: 0, total: 5)
Orphan StringName: _world_ext (static: 0, total: 8)
Orphan StringName: thermal_inertia_water (static: 0, total: 5)
Orphan StringName: duration_fields (static: 0, total: 1)
Orphan StringName: TRADE_TOP (static: 0, total: 2)
Orphan StringName: _builtin_cell_ids (static: 0, total: 3)
Orphan StringName: random_pool_eligible (static: 0, total: 7)
Orphan StringName: typeof (static: 0, total: 43)
Orphan StringName: sample_moisture (static: 0, total: 3)
Orphan StringName: technology.domain.engineering (static: 0, total: 1)
Orphan StringName: program_key (static: 0, total: 3)
Orphan StringName: border_width_zoom_exp (static: 0, total: 5)
Orphan StringName: weather_lut_update_usec (static: 0, total: 5)
Orphan StringName: big_endian (static: 0, total: 1)
Orphan StringName: VEG (static: 0, total: 4)
Orphan StringName: res://scripts/effect/era_reward_command_template.gd (static: 0, total: 1)
Orphan StringName: ocean_current_y_arr (static: 0, total: 7)
Orphan StringName: _compile_condition_specs (static: 0, total: 4)
Orphan StringName: TRADE_Y_AMP (static: 0, total: 2)
Orphan StringName: _PHYS_STAGE_PSI_FINALIZE (static: 0, total: 2)
Orphan StringName: merchant (static: 0, total: 1)
Orphan StringName: _TerrainProfileRegistryScript (static: 0, total: 2)
Orphan StringName: cube_range (static: 0, total: 3)
Orphan StringName: res_limestone_reserve_arr (static: 0, total: 3)
Orphan StringName: cell.res_lead_ore_extra_change (static: 0, total: 2)
Orphan StringName: building_production_resource_ids (static: 0, total: 1)
Orphan StringName: moisture_coastal_scale (static: 0, total: 5)
Orphan StringName: get_air_mass_temp_anomaly (static: 0, total: 9)
Orphan StringName: target_selector_id (static: 0, total: 14)
Orphan StringName: distinct_fields (static: 0, total: 1)
Orphan StringName: silver_ore (static: 0, total: 1)
Orphan StringName: telecom_equipment (static: 0, total: 4)
Orphan StringName: HYPSO_LAYER_A_MIX (static: 0, total: 2)
Orphan StringName: _last_ecology_veg_bytes (static: 0, total: 3)
Orphan StringName: Lifecycle (static: 0, total: 2)
Orphan StringName: icon_key (static: 0, total: 6)
Orphan StringName: era_reward_pool_ids (static: 0, total: 1)
Orphan StringName: CELL_RES_BAUXITE_RESERVE (static: 0, total: 2)
Orphan StringName: enum_atlas_upload_stride (static: 0, total: 5)
Orphan StringName: arr_f32_z_prev (static: 0, total: 6)
Orphan StringName: sea_ice_terrain_threshold (static: 0, total: 5)
Orphan StringName: mark_climate_dirty_indexed (static: 0, total: 3)
Orphan StringName: @group_254_物理风场与洋流 (static: 0, total: 2)
Orphan StringName: _psi_iters_run_last (static: 0, total: 4)
Orphan StringName: air_mass_temp_anomaly_arr (static: 0, total: 5)
Orphan StringName: Persistence (static: 0, total: 2)
Orphan StringName: family.metric.time (static: 0, total: 1)
Orphan StringName: resources (static: 0, total: 1)
Orphan StringName: _phys_take_wind_elapsed_days (static: 0, total: 6)
Orphan StringName: economy.building.transport (static: 0, total: 1)
Orphan StringName: InputEvent (static: 0, total: 2)
Orphan StringName: vegetation_cold_stress (static: 0, total: 6)
Orphan StringName: CELL_RES_MANGANESE_ORE_EXTRA_CHANGE (static: 0, total: 2)
Orphan StringName: _distribute_weather_field_to_cells (static: 0, total: 1)
Orphan StringName: DataOverlayBaker (static: 0, total: 3)
Orphan StringName: excess_demand_weight_q16 (static: 0, total: 139)
Orphan StringName: resource_id (static: 0, total: 1)
Orphan StringName: use_sparse_climate (static: 0, total: 6)
Orphan StringName: category_tags (static: 0, total: 4)
Orphan StringName: building_input_good_ids (static: 0, total: 1)
Orphan StringName: native_daily_finalizer_temp_epsilon (static: 0, total: 5)
Orphan StringName: technology.state.queued (static: 0, total: 3)
Orphan StringName: resource.silver (static: 0, total: 3)
Orphan StringName: SaveRepository (static: 0, total: 3)
Orphan StringName: _WIND_CORIOLIS_MAX_RAD (static: 0, total: 2)
Orphan StringName: _bind_register_and_attach_i32 (static: 0, total: 4)
Orphan StringName: _pending_passes (static: 0, total: 4)
Orphan StringName: land_layout (static: 0, total: 2)
Orphan StringName: edge_distance (static: 0, total: 3)
Orphan StringName: family.population_reward (static: 0, total: 1)
Orphan StringName: _last_breakdown (static: 0, total: 1)
Orphan StringName: vegetation_buffer (static: 0, total: 12)
Orphan StringName: economy.building.factory (static: 0, total: 1)
Orphan StringName: research_signal_persistence (static: 0, total: 1)
Orphan StringName: substr (static: 0, total: 2)
Orphan StringName: TerrainProfile (static: 0, total: 6)
Orphan StringName: building_dependency_branch_offsets (static: 0, total: 1)
Orphan StringName: cell.ocean_psi (static: 0, total: 2)
Orphan StringName: res_pasture_reserve_arr (static: 0, total: 3)
Orphan StringName: ocean_upwelling_buffer (static: 0, total: 6)
Orphan StringName: EffectDefinition (static: 0, total: 3)
Orphan StringName: _build_field_summary_fronts (static: 0, total: 1)
Orphan StringName: electrician (static: 0, total: 1)
Orphan StringName: _append_pooled_construction (static: 0, total: 4)
Orphan StringName: logs (static: 0, total: 4)
Orphan StringName: min_price (static: 0, total: 1)
Orphan StringName: native_environment_runtime_enabled (static: 0, total: 5)
Orphan StringName: tectonic_plate_count (static: 0, total: 5)
Orphan StringName: SusPolicy.AlwaysPolicy (static: 0, total: 1)
Orphan StringName: wind_momentum_diffuse_w_daily (static: 0, total: 8)
Orphan StringName: CELL_WEATHER_FIELD_INIT (static: 0, total: 2)
Orphan StringName: runtime_moisture_precip_weight (static: 0, total: 5)
Orphan StringName: continent_size (static: 0, total: 6)
Orphan StringName: StackPolicy (static: 0, total: 2)
Orphan StringName: @group_214_天气场求解 (static: 0, total: 2)
Orphan StringName: _shared_noise_tex (static: 0, total: 3)
Orphan StringName: _cached_cell_pos_hex_size (static: 0, total: 4)
Orphan StringName: TERRAIN_HORIZON_MAX_ANGLE (static: 0, total: 2)
Orphan StringName: LandformTypeScript (static: 0, total: 2)
Orphan StringName: _weather_convergence_backing (static: 0, total: 4)
Orphan StringName: default_price (static: 0, total: 139)
Orphan StringName: has_method (static: 0, total: 21)
Orphan StringName: climate_q16 (static: 0, total: 1)
Orphan StringName: terrain_name_cn (static: 0, total: 3)
Orphan StringName: res_natural_gas_extra_change_arr (static: 0, total: 3)
Orphan StringName: res://scripts/rendering/building_visual_intel_cache.gd (static: 0, total: 16)
Orphan StringName: adapter (static: 0, total: 4)
Orphan StringName: _mesh_inst (static: 0, total: 3)
Orphan StringName: cell_pos_y_arr (static: 0, total: 8)
Orphan StringName: get_temp_season_offset (static: 0, total: 9)
Orphan StringName: origin_landforms (static: 0, total: 6)
Orphan StringName: _runtime_physics_visual_view (static: 0, total: 3)
Orphan StringName: _PSI_SOURCE_SCALE (static: 0, total: 2)
Orphan StringName: building (static: 0, total: 1)
Orphan StringName: normalize_height_flow_bundle (static: 0, total: 4)
Orphan StringName: _fanout_cell_bytes_soa (static: 0, total: 4)
Orphan StringName: observed_country_slot (static: 0, total: 1)
Orphan StringName: BREAKTHROUGH_RULES (static: 0, total: 2)
Orphan StringName: _SLP_LAT_AMP (static: 0, total: 2)
Orphan StringName: _ensure_fallback (static: 0, total: 12)
Orphan StringName: electricity (static: 0, total: 4)
Orphan StringName: vegetation_regen_score_arr (static: 0, total: 4)
Orphan StringName: _debug_check_write (static: 0, total: 3)
Orphan StringName: family_surname_weights (static: 0, total: 1)
Orphan StringName: cell.terrain (static: 0, total: 2)
Orphan StringName: sim_stagger_ocean_phase (static: 0, total: 5)
Orphan StringName: _CID_VEG_COLD_STRESS (static: 0, total: 2)
Orphan StringName: _append_precious_route_values (static: 0, total: 4)
Orphan StringName: res_bauxite_extra_change_arr (static: 0, total: 3)
Orphan StringName: cell.ocean_thermal_anomaly (static: 0, total: 2)
Orphan StringName: _CMD_REMOVE_COMP (static: 0, total: 2)
Orphan StringName: set_climate_profile (static: 0, total: 3)
Orphan StringName: target_operating_margin_q16 (static: 0, total: 6)
Orphan StringName: @upwelling_strength_getter (static: 0, total: 3)
Orphan StringName: clay (static: 0, total: 5)
Orphan StringName: CELL_BASE_MOISTURE (static: 0, total: 2)
Orphan StringName: TERRAIN_HORIZON_STEPS (static: 0, total: 2)
Orphan StringName: values_q16 (static: 0, total: 2)
Orphan StringName: init_base (static: 0, total: 37)
Orphan StringName: res_limestone_extra_change_arr (static: 0, total: 3)
Orphan StringName: weather_type (static: 0, total: 16)
Orphan StringName: _wind_traj_stale_count_last (static: 0, total: 4)
Orphan StringName: printed_materials (static: 0, total: 4)
Orphan StringName: res://scripts/geography/vegetation_type.gd (static: 0, total: 19)
Orphan StringName: _fallback (static: 0, total: 9)
Orphan StringName: effect_target_resolvers (static: 0, total: 1)
Orphan StringName: _starter_initial_goods (static: 0, total: 6)
Orphan StringName: EconomyCatalogScript (static: 0, total: 2)
Orphan StringName: LEGACY_INDUSTRY_REASON (static: 0, total: 2)
Orphan StringName: variant_preference_env_curve_ids (static: 0, total: 1)
Orphan StringName: CELL_SNOWPACK (static: 0, total: 2)
Orphan StringName: manifest_entry (static: 0, total: 3)
Orphan StringName: scope (static: 0, total: 16)
Orphan StringName: encode_bake_upwelling_tex_data (static: 0, total: 1)
Orphan StringName: decay_base (static: 0, total: 39)
Orphan StringName: arg0 (static: 0, total: 13)
Orphan StringName: arg1 (static: 0, total: 5)
Orphan StringName: get_profile (static: 0, total: 29)
Orphan StringName: ice_state_atlas_chunk_step (static: 0, total: 4)
Orphan StringName: coverage_at (static: 0, total: 3)
Orphan StringName: construction_category_ids (static: 0, total: 6)
Orphan StringName: water_opt (static: 0, total: 2)
Orphan StringName: score (static: 0, total: 1)
Orphan StringName: land_layout_by_id (static: 0, total: 5)
Orphan StringName: _reason_for (static: 0, total: 4)
Orphan StringName: _VEG_WETLAND (static: 0, total: 2)
Orphan StringName: cell_research_signal_ids (static: 0, total: 5)
Orphan StringName: STARTER_TREASURY_TECHNOLOGY_POINTS (static: 0, total: 2)
Orphan StringName: has_river_arr (static: 0, total: 7)
Orphan StringName: CELL_RES_RARE_EARTH_EXTRA_CHANGE (static: 0, total: 2)
Orphan StringName: @_vitality_low_streak_getter (static: 0, total: 3)
Orphan StringName: noise_weight (static: 0, total: 5)
Orphan StringName: entity_count (static: 0, total: 8)
Orphan StringName: base_moisture_arr (static: 0, total: 4)
Orphan StringName: _CID_WEATHER_TARGET_TYPE (static: 0, total: 2)
Orphan StringName: world_controls (static: 0, total: 4)
Orphan StringName: _has_freshwater_access (static: 0, total: 4)
Orphan StringName: _ny_for_cell (static: 0, total: 9)
Orphan StringName: _yield_generation_frame (static: 0, total: 6)
Orphan StringName: beta_abs (static: 0, total: 4)
Orphan StringName: SATISFACTION_DIMENSION_COUNT (static: 0, total: 2)
Orphan StringName: economy.crop (static: 0, total: 21)
Orphan StringName: _calendar_days_per_year (static: 0, total: 8)
Orphan StringName: _weather_target_type_backing (static: 0, total: 4)
Orphan StringName: demand_price_elasticity_q16 (static: 0, total: 139)
Orphan StringName: _effect_from_row (static: 0, total: 4)
Orphan StringName: @temp_dev_from_annual_setter (static: 0, total: 4)
Orphan StringName: household_appliances (static: 0, total: 4)
Orphan StringName: _weather_lut_bytes_cache (static: 0, total: 3)
Orphan StringName: MODE_ONE_SHOT (static: 0, total: 2)
Orphan StringName: get_pos (static: 0, total: 3)
Orphan StringName: effective_budget_px (static: 0, total: 4)
Orphan StringName: construction_good_ids (static: 0, total: 8)
Orphan StringName: RELIEF_AMP (static: 0, total: 2)
Orphan StringName: snowpack_accum_gain (static: 0, total: 5)
Orphan StringName: encode_terrain_normal_tex (static: 0, total: 4)
Orphan StringName: _publish_weather_lut_bytes (static: 0, total: 7)
Orphan StringName: sea_ice_independent_system_enabled (static: 0, total: 5)
Orphan StringName: temp_dev_from_annual (static: 0, total: 7)
Orphan StringName: _active_fronts (static: 0, total: 1)
Orphan StringName: qualifier_threshold (static: 0, total: 9)
Orphan StringName: temperature_transport_anomaly_zero_current_decay (static: 0, total: 5)
Orphan StringName: _configured_cap_mb (static: 0, total: 4)
Orphan StringName: pack_into_dict (static: 0, total: 3)
Orphan StringName: _configured_budget_mp_cap (static: 0, total: 4)
Orphan StringName: OCCUPANCY_HABITAT_DRY_GRAZER (static: 0, total: 2)
Orphan StringName: weather_field_buffer (static: 0, total: 4)
Orphan StringName: instructions (static: 0, total: 12)
Orphan StringName: _diag_gd_smo_dumped (static: 0, total: 1)
Orphan StringName: manuscripts (static: 0, total: 4)
Orphan StringName: compute_insolation_dev (static: 0, total: 4)
Orphan StringName: _candidate_allowed (static: 0, total: 4)
Orphan StringName: world (static: 0, total: 4)
Orphan StringName: geography.terrain (static: 0, total: 6)
Orphan StringName: assign_archetype (static: 0, total: 5)
Orphan StringName: dynamic_visual_atlas_upload_stride (static: 0, total: 5)
Orphan StringName: VisualTileSetScript (static: 0, total: 2)
Orphan StringName: pasture (static: 0, total: 1)
Orphan StringName: cell.weather_intensity (static: 0, total: 4)
Orphan StringName: solve_slp_field (static: 0, total: 4)
Orphan StringName: is_water_render_lut (static: 0, total: 5)
Orphan StringName: manganese_ore (static: 0, total: 6)
Orphan StringName: sea_ice_freeze_insol_low (static: 0, total: 5)
Orphan StringName: temp_365d_mean (static: 0, total: 6)
Orphan StringName: accumulated_snow_days (static: 0, total: 5)
Orphan StringName: cell_indirection_active (static: 0, total: 7)
Orphan StringName: normalized_axis (static: 0, total: 5)
Orphan StringName: prerequisite_technology_keys (static: 0, total: 12)
Orphan StringName: thermal_inertia_land (static: 0, total: 5)
Orphan StringName: CATEGORY_KIND (static: 0, total: 1)
Orphan StringName: LEGACY_SCHEMA_VERSION (static: 0, total: 2)
Orphan StringName: dist_field_weight (static: 0, total: 5)
Orphan StringName: get_ocean_psi (static: 0, total: 10)
Orphan StringName: MAX_TARGETS (static: 0, total: 2)
Orphan StringName: pkmap_path (static: 0, total: 5)
Orphan StringName: moisture_polar_dry_strength (static: 0, total: 5)
Orphan StringName: _starter_route_for_cell (static: 0, total: 5)
Orphan StringName: cell.ema_initialized (static: 0, total: 3)
Orphan StringName: EROSION_ERODE_SPEED (static: 0, total: 2)
Orphan StringName: _limit_ocean_current (static: 0, total: 5)
Orphan StringName: wind_x_arr (static: 0, total: 11)
Orphan StringName: psi_to_ocean_current (static: 0, total: 4)
Orphan StringName: _phys_last_sim_day (static: 0, total: 4)
Orphan StringName: get_snow_cover (static: 0, total: 9)
Orphan StringName: exposure_q16 (static: 0, total: 2)
Orphan StringName: event_types (static: 0, total: 1)
Orphan StringName: AGG_SNAPSHOT_DIFF (static: 0, total: 2)
Orphan StringName: dirty_rows_overlay (static: 0, total: 3)
Orphan StringName: DEFAULT_PERSON_GIVEN_NAME_PACK_PATH (static: 0, total: 2)
Orphan StringName: spl_erodibility (static: 0, total: 5)
Orphan StringName: _TerrainProfileScript (static: 0, total: 2)
Orphan StringName: _section_ids (static: 0, total: 3)
Orphan StringName: wool (static: 0, total: 3)
Orphan StringName: CELL_RES_SILVER_ORE_EXTRA_CHANGE (static: 0, total: 2)
Orphan StringName: ResearchCondition.Operator (static: 0, total: 2)
Orphan StringName: clear_climate_dirty (static: 0, total: 3)
Orphan StringName: snowpack_cover_full (static: 0, total: 5)
Orphan StringName: CELL_OCEAN_PSI (static: 0, total: 2)
Orphan StringName: max_count (static: 0, total: 2)
Orphan StringName: _publish_bounce_lut (static: 0, total: 5)
Orphan StringName: _employee_slot_count (static: 0, total: 4)
Orphan StringName: metric.treasury (static: 0, total: 3)
Orphan StringName: albedo (static: 0, total: 10)
Orphan StringName: cell.vegetation_growth_pressure (static: 0, total: 3)
Orphan StringName: is_bound (static: 0, total: 3)
Orphan StringName: PAYLOAD_CONSTRUCTION_COMPLETED_V1 (static: 0, total: 2)
Orphan StringName: horizon_ready (static: 0, total: 5)
Orphan StringName: weather_vapor_relax_rate (static: 0, total: 5)
Orphan StringName: continent_warp_amp (static: 0, total: 5)
Orphan StringName: _VEG_WARM_CROP (static: 0, total: 2)
Orphan StringName: biome_envelope_weight (static: 0, total: 5)
Orphan StringName: COMPUTE_TEMP_BYTES_PER_TEXEL (static: 0, total: 2)
Orphan StringName: upload_prepared_sea_ice_fraction_atlas (static: 0, total: 4)
Orphan StringName: bake_lat_temp_year_lut (static: 0, total: 3)
Orphan StringName: day_index (static: 0, total: 5)
Orphan StringName: need_ids (static: 0, total: 2)
Orphan StringName: plant_available_water_arr (static: 0, total: 4)
Orphan StringName: sim_stagger_dynamic_visual_phase (static: 0, total: 5)
Orphan StringName: wind_thermal_slp_weight (static: 0, total: 10)
Orphan StringName: ALBEDO_ICE (static: 0, total: 2)
Orphan StringName: res_clay_extra_change_arr (static: 0, total: 3)
Orphan StringName: _get_native_ext (static: 0, total: 4)
Orphan StringName: Shape3D (static: 0, total: 2)
Orphan StringName: cell.res_saltpeter_reserve (static: 0, total: 3)
Orphan StringName: SPEED_POLAR (static: 0, total: 2)
Orphan StringName: _phys_last_slp_commit_ok (static: 0, total: 4)
Orphan StringName: set_player_slot (static: 0, total: 3)
Orphan StringName: solar_gain (static: 0, total: 5)
Orphan StringName: CELL_ELEVATION (static: 0, total: 2)
Orphan StringName: native_daily_spread_across_ticks (static: 0, total: 5)
Orphan StringName: lat_temp_bell_from_ny (static: 0, total: 4)
Orphan StringName: enable_local_climate_coupling (static: 0, total: 6)
Orphan StringName: _restore_callback (static: 0, total: 3)
Orphan StringName: water_depth (static: 0, total: 9)
Orphan StringName: destroy_in_pool (static: 0, total: 3)
Orphan StringName: weather_orographic_lift_cap (static: 0, total: 5)
Orphan StringName: terrain_horizon_gpu_bake_active (static: 0, total: 4)
Orphan StringName: CELL_SLP (static: 0, total: 2)
Orphan StringName: ocean_currents_period_ticks (static: 0, total: 5)
Orphan StringName: OCCUPANCY_HABITAT_CLASS_MAX (static: 0, total: 2)
Orphan StringName: DCViewAdapter (static: 0, total: 7)
Orphan StringName: _error (static: 0, total: 46)
Orphan StringName: action.pin (static: 0, total: 1)
Orphan StringName: DEFAULT_LAYER_CAP (static: 0, total: 2)
Orphan StringName: push_warning (static: 0, total: 37)
Orphan StringName: aggregators (static: 0, total: 1)
Orphan StringName: _indirection_skip_atlas_report (static: 0, total: 7)
Orphan StringName: thresholds (static: 0, total: 1)
Orphan StringName: @group_39_慢变量刷新 (static: 0, total: 2)
Orphan StringName: _technology_available (static: 0, total: 5)
Orphan StringName: seasonal_moisture_scale (static: 0, total: 4)
Orphan StringName: erosion_erode_rate (static: 0, total: 5)
Orphan StringName: res_manganese_ore_extra_change_arr (static: 0, total: 3)
Orphan StringName: rain_shadow_lookback (static: 0, total: 5)
Orphan StringName: chipped_stone_tools (static: 0, total: 3)
Orphan StringName: Q16_ONE (static: 0, total: 10)
Orphan StringName: component_good_ids (static: 0, total: 2)
Orphan StringName: ordered_modes (static: 0, total: 1)
Orphan StringName: _slots (static: 0, total: 3)
Orphan StringName: railway_equipment (static: 0, total: 4)
Orphan StringName: country (static: 0, total: 4)
Orphan StringName: _soa_built (static: 0, total: 4)
Orphan StringName: native_daily_finalizer_write_mode (static: 0, total: 5)
Orphan StringName: cell.sea_ice_frac (static: 0, total: 3)
Orphan StringName: overproduction_quantity (static: 0, total: 1)
Orphan StringName: MAGIC (static: 0, total: 2)
Orphan StringName: effect_definitions (static: 0, total: 3)
Orphan StringName: EVENT_WEATHER_OBSERVED (static: 0, total: 2)
Orphan StringName: _day_counter (static: 0, total: 1)
Orphan StringName: weather_lut_changed (static: 0, total: 1)
Orphan StringName: mountain_min_land_h (static: 0, total: 5)
Orphan StringName: sim_stagger_climate_stride (static: 0, total: 5)
Orphan StringName: _read_snow_cover (static: 0, total: 4)
Orphan StringName: dyn_atlas_smooth_chunk_begin (static: 0, total: 4)
Orphan StringName: cell.base_moisture (static: 0, total: 2)
Orphan StringName: _last_ecology_visual_sigs (static: 0, total: 3)
Orphan StringName: ocean_current_visual_enabled (static: 0, total: 2)
Orphan StringName: _slot_path (static: 0, total: 8)
Orphan StringName: cell.res_pasture_extra_change (static: 0, total: 2)
Orphan StringName: CELL_RES_PASTURE_EXTRA_CHANGE (static: 0, total: 2)
Orphan StringName: view_f32_prev (static: 0, total: 3)
Orphan StringName: river_headwater_init_cells (static: 0, total: 5)
Orphan StringName: base_moisture (static: 0, total: 6)
Orphan StringName: sea_ice_fraction_buffer (static: 0, total: 6)
Orphan StringName: DTYPE_NAMES (static: 0, total: 2)
Orphan StringName: _precious_good_id (static: 0, total: 5)
Orphan StringName: FONT_AWESOME (static: 0, total: 2)
Orphan StringName: _gdext_field_fallbacks (static: 0, total: 1)
Orphan StringName: _WIND_SEA_BREEZE_W (static: 0, total: 2)
Orphan StringName: res://scripts/research/research_signal_definition.gd (static: 0, total: 1)
Orphan StringName: building_semantic (static: 0, total: 3)
Orphan StringName: atom (static: 0, total: 5)
Orphan StringName: cell.res_iron_ore_reserve (static: 0, total: 3)
Orphan StringName: run_sea_ice_atlas_prepare (static: 0, total: 1)
Orphan StringName: SCOPE_ENTITY (static: 0, total: 2)
Orphan StringName: vegetation_arr (static: 0, total: 7)
Orphan StringName: vitality_change_rate (static: 0, total: 5)
Orphan StringName: res://scripts/game/save_repository.gd (static: 0, total: 18)
Orphan StringName: get_landform (static: 0, total: 10)
Orphan StringName: _bilinear_float (static: 0, total: 6)
Orphan StringName: sim_upload_slice_budget_ms (static: 0, total: 5)
Orphan StringName: SEA_ICE_ATLAS_META (static: 0, total: 2)
Orphan StringName: velocity (static: 0, total: 6)
Orphan StringName: cell.explored (static: 0, total: 2)
Orphan StringName: moisture_precip_gain (static: 0, total: 5)
Orphan StringName: cell_research_signal_offsets (static: 0, total: 5)
Orphan StringName: _bake_initial_vector_buffers (static: 0, total: 5)
Orphan StringName: OCCUPANCY_HABITAT_NONE (static: 0, total: 2)
Orphan StringName: _last_ice_state_cell_bytes (static: 0, total: 3)
Orphan StringName: WARP_HIGH_FREQ_MUL (static: 0, total: 2)
Orphan StringName: _validate_facade (static: 0, total: 4)
Orphan StringName: _device_limit (static: 0, total: 4)
Orphan StringName: river_downstream_arr (static: 0, total: 3)
Orphan StringName: _debug_end_pass (static: 0, total: 3)
Orphan StringName: floor_q16 (static: 0, total: 2)
Orphan StringName: coal (static: 0, total: 5)
Orphan StringName: hydro_snowmelt_scale (static: 0, total: 5)
Orphan StringName: _append_unique (static: 0, total: 6)
Orphan StringName: _cmds (static: 0, total: 3)
Orphan StringName: has_lat_lut (static: 0, total: 3)
Orphan StringName: max_work (static: 0, total: 6)
Orphan StringName: run_ocean_field_rasterize (static: 0, total: 1)
Orphan StringName: _init_noise (static: 0, total: 8)
Orphan StringName: CONDITION_NOT (static: 0, total: 2)
Orphan StringName: _float_buffer_stats (static: 0, total: 5)
Orphan StringName: _slp_path_log_count (static: 0, total: 4)
Orphan StringName: @slp_getter (static: 0, total: 3)
Orphan StringName: OCCUPANCY_ORIGIN_UNIQUE_LANDMASS (static: 0, total: 2)
Orphan StringName: end_sub_pass (static: 0, total: 3)
Orphan StringName: CELL_RES_FLINT_RESERVE (static: 0, total: 2)
Orphan StringName: DCTerrainBaker (static: 0, total: 3)
Orphan StringName: _prev_weather_lut_bytes (static: 0, total: 3)
Orphan StringName: NETWORK_DATA_PATH (static: 0, total: 2)
Orphan StringName: NEED_DIR (static: 0, total: 2)
Orphan StringName: _condition_from_row (static: 0, total: 5)
Orphan StringName: coke (static: 0, total: 4)
Orphan StringName: temperature_transport_anomaly (static: 0, total: 9)
Orphan StringName: @soil_moisture_setter (static: 0, total: 3)
Orphan StringName: _ocean_current_preclamp_p95_last (static: 0, total: 4)
Orphan StringName: weather_lut_reason (static: 0, total: 2)
Orphan StringName: dirty_rows_climate (static: 0, total: 3)
Orphan StringName: res://scripts/weather/weather_front.gd (static: 0, total: 13)
Orphan StringName: SAVE_DIR (static: 0, total: 2)
Orphan StringName: threshold (static: 0, total: 22)
Orphan StringName: moisture_subtropical_dry_strength (static: 0, total: 5)
Orphan StringName: _align_up (static: 0, total: 4)
Orphan StringName: values (static: 0, total: 2)
Orphan StringName: _field_slice_snow_cover_read (static: 0, total: 3)
Orphan StringName: dtype (static: 0, total: 179)
Orphan StringName: _cell_range (static: 0, total: 12)
Orphan StringName: res://scripts/game/new_game_config.gd (static: 0, total: 15)
Orphan StringName: res_bauxite_reserve_arr (static: 0, total: 3)
Orphan StringName: push_dist_perf_sample (static: 0, total: 1)
Orphan StringName: SAVE_VERSION (static: 0, total: 2)
Orphan StringName: vegetables (static: 0, total: 4)
Orphan StringName: TerrainBakerScript (static: 0, total: 2)
Orphan StringName: cell.slp (static: 0, total: 3)
Orphan StringName: _use_gdext_weather_summary (static: 0, total: 1)
Orphan StringName: get_slp (static: 0, total: 10)
Orphan StringName: sample_wind (static: 0, total: 3)
Orphan StringName: rag_paper_fiber (static: 0, total: 1)
Orphan StringName: _production_climate_q16 (static: 0, total: 6)
Orphan StringName: particle_lifetime (static: 0, total: 5)
Orphan StringName: pre_snow_cover (static: 0, total: 5)
Orphan StringName: action.confirm (static: 0, total: 4)
Orphan StringName: MITER_INSET_RATIO (static: 0, total: 2)
Orphan StringName: ocean_current_visual_active (static: 0, total: 6)
Orphan StringName: _use_gdext_weather_field (static: 0, total: 2)
Orphan StringName: _byte_buffer_stats (static: 0, total: 5)
Orphan StringName: edge_falloff_start (static: 0, total: 5)
Orphan StringName: erosion_capacity (static: 0, total: 5)
Orphan StringName: _has_dirty_mask (static: 0, total: 4)
Orphan StringName: cell.res_flint_reserve (static: 0, total: 3)
Orphan StringName: @vegetation_cold_stress_setter (static: 0, total: 3)
Orphan StringName: _field_slice_fast_indexed (static: 0, total: 4)
Orphan StringName: cover_arr (static: 0, total: 5)
Orphan StringName: gen_self (static: 0, total: 39)
Orphan StringName: STARTING_IDS (static: 0, total: 2)
Orphan StringName: modifier_terms_for_option (static: 0, total: 3)
Orphan StringName: sea_ice_melt_threshold (static: 0, total: 5)
Orphan StringName: scientific_instruments (static: 0, total: 4)
Orphan StringName: validate_domain_bindings (static: 0, total: 3)
Orphan StringName: weather_field_cloud_inertia (static: 0, total: 5)
Orphan StringName: _terrain_detail_is_forest_like (static: 0, total: 3)
Orphan StringName: _SEA_BREEZE_SEA_MAX_DIST (static: 0, total: 2)
Orphan StringName: mark_climate_dirty (static: 0, total: 3)
Orphan StringName: bake_static_fields (static: 0, total: 6)
Orphan StringName: init_belt (static: 0, total: 37)
Orphan StringName: strength_step_q16 (static: 0, total: 7)
Orphan StringName: _prepare_sea_ice_fraction_atlas_gd (static: 0, total: 4)
Orphan StringName: _slp_commit_diag_count (static: 0, total: 4)
Orphan StringName: rice_grain (static: 0, total: 3)
Orphan StringName: season_color_lut (static: 0, total: 4)
Orphan StringName: _bind_register_and_attach (static: 0, total: 4)
Orphan StringName: _GoodProfileScript (static: 0, total: 2)
Orphan StringName: _wind_vector_backing (static: 0, total: 4)
Orphan StringName: resource.clay (static: 0, total: 3)
Orphan StringName: DCViewAdapter.World (static: 0, total: 1)
Orphan StringName: _resize_dirty_mask (static: 0, total: 5)
Orphan StringName: paddy_land (static: 0, total: 1)
Orphan StringName: mark_terrain_row_dirty (static: 0, total: 3)
Orphan StringName: dynamic_binding (static: 0, total: 8)
Orphan StringName: snow_cover_arr (static: 0, total: 8)
Orphan StringName: electronic_components (static: 0, total: 4)
Orphan StringName: _field_slice_next_convergence (static: 0, total: 3)
Orphan StringName: _construction_physical_quantity (static: 0, total: 5)
Orphan StringName: cell.res_zinc_ore_reserve (static: 0, total: 3)
Orphan StringName: _field_precip_inertia (static: 0, total: 1)
Orphan StringName: pottery (static: 0, total: 4)
Orphan StringName: _byte_array (static: 0, total: 4)
Orphan StringName: slp_mobile_low_amp (static: 0, total: 7)
Orphan StringName: cell.res_flint_extra_change (static: 0, total: 2)
Orphan StringName: @group_111_洋流频率 (static: 0, total: 2)
Orphan StringName: veg_salt_flat_donor (static: 0, total: 5)
Orphan StringName: has_overlay (static: 0, total: 5)
Orphan StringName: building_type_ids (static: 0, total: 2)
Orphan StringName: write_bool (static: 0, total: 3)
Orphan StringName: write_u8_range (static: 0, total: 5)
Orphan StringName: cell.temp_30d (static: 0, total: 3)
Orphan StringName: BUILDING_DIR (static: 0, total: 4)
Orphan StringName: CONDITION_AT_LEAST (static: 0, total: 2)
Orphan StringName: last_r8_upload_verify (static: 0, total: 2)
Orphan StringName: terrain (static: 0, total: 38)
Orphan StringName: settlement_core_buckets (static: 0, total: 3)
Orphan StringName: stacks (static: 0, total: 14)
Orphan StringName: reference_albedo (static: 0, total: 5)
Orphan StringName: water_cell_pixel_lists (static: 0, total: 7)
Orphan StringName: SLOT_IDS (static: 0, total: 2)
Orphan StringName: spices (static: 0, total: 4)
Orphan StringName: weather_condensation_gain (static: 0, total: 5)
Orphan StringName: CELL_VITALITY_LOW_STREAK (static: 0, total: 2)
Orphan StringName: wrap_period_x (static: 0, total: 22)
Orphan StringName: res://scripts/data/good_profile.gd (static: 0, total: 2)
Orphan StringName: ocean_psi_arr (static: 0, total: 5)
Orphan StringName: @_ema_initialized_setter (static: 0, total: 3)
Orphan StringName: fertilizer (static: 0, total: 4)
Orphan StringName: archetype_count (static: 0, total: 3)
Orphan StringName: economy.resource (static: 0, total: 7)
Orphan StringName: badlands_max_land_ratio (static: 0, total: 5)
Orphan StringName: _phys_ensure_knob_cache (static: 0, total: 5)
Orphan StringName: terrain_arr (static: 0, total: 12)
Orphan StringName: bind_world (static: 0, total: 3)
Orphan StringName: _read_set (static: 0, total: 3)
Orphan StringName: thermal_inertia_snow (static: 0, total: 5)
Orphan StringName: building_resource_technology_tag_offsets (static: 0, total: 1)
Orphan StringName: stable_axis (static: 0, total: 6)
Orphan StringName: _field_intensity_for_type (static: 0, total: 1)
Orphan StringName: cell.res_sulfur_reserve (static: 0, total: 3)
Orphan StringName: population.living.affluent (static: 0, total: 3)
Orphan StringName: @group_23_水汽与降水 (static: 0, total: 2)
Orphan StringName: TRADE_X (static: 0, total: 2)
Orphan StringName: res_oil_reserve_arr (static: 0, total: 3)
Orphan StringName: get_base_moisture (static: 0, total: 9)
Orphan StringName: NETWORK_SIGNAL_ROWS (static: 0, total: 2)
Orphan StringName: good.game_meat (static: 0, total: 1)
Orphan StringName: set_from_cube (static: 0, total: 3)
Orphan StringName: closure_missing_count (static: 0, total: 1)
Orphan StringName: patch_enum_atlas_axes (static: 0, total: 2)
Orphan StringName: slp_mobile_low_period_days (static: 0, total: 7)
Orphan StringName: _THERMOHALINE_WEIGHT (static: 0, total: 2)
Orphan StringName: enso_period_days (static: 0, total: 5)
Orphan StringName: res_sulfur_reserve_arr (static: 0, total: 3)
Orphan StringName: use_tags (static: 0, total: 1)
Orphan StringName: AccumulatorPolicy (static: 0, total: 4)
Orphan StringName: steam_engines (static: 0, total: 3)
Orphan StringName: texture (static: 0, total: 2)
Orphan StringName: daily_climate_interpolation (static: 0, total: 6)
Orphan StringName: get_temp_anomaly (static: 0, total: 9)
Orphan StringName: sea_ice_frac_arr (static: 0, total: 6)
Orphan StringName: leather_goods (static: 0, total: 3)
Orphan StringName: EROSION_MIN_CAPACITY (static: 0, total: 2)
Orphan StringName: landlord (static: 0, total: 1)
Orphan StringName: satellites_per_main (static: 0, total: 5)
Orphan StringName: split (static: 0, total: 1)
Orphan StringName: get_weather_transition_alpha (static: 0, total: 9)
Orphan StringName: ribbon_world_width (static: 0, total: 2)
Orphan StringName: _try_cpp_ecology_visual_atlas_encode (static: 0, total: 4)
Orphan StringName: CELL_RES_STONE_RESERVE (static: 0, total: 2)
Orphan StringName: discovery_context_tags (static: 0, total: 4)
Orphan StringName: PKMAP_MAGIC (static: 0, total: 2)
Orphan StringName: phys_field_nan_guard (static: 0, total: 2)
Orphan StringName: clothing_demand (static: 0, total: 1)
Orphan StringName: technology_layout_lanes (static: 0, total: 1)
Orphan StringName: _slp_rt_diag_count (static: 0, total: 4)
Orphan StringName: move_cost (static: 0, total: 11)
Orphan StringName: effect_payload_i0 (static: 0, total: 1)
Orphan StringName: effect_payload_i1 (static: 0, total: 1)
Orphan StringName: effect_payload_i2 (static: 0, total: 1)
Orphan StringName: effect_payload_i3 (static: 0, total: 1)
Orphan StringName: @weather_type_setter (static: 0, total: 3)
Orphan StringName: glyph_for_key (static: 0, total: 3)
Orphan StringName: climate.moon (static: 0, total: 4)
Orphan StringName: owner_profession_id (static: 0, total: 6)
Orphan StringName: solve_ocean_current_fallback (static: 0, total: 4)
Orphan StringName: climate_temp_opt (static: 0, total: 38)
Orphan StringName: weather_field_omega_ascent_gain (static: 0, total: 5)
Orphan StringName: cell.res_stone_reserve (static: 0, total: 3)
Orphan StringName: resource.wood (static: 0, total: 5)
Orphan StringName: _field_slice_next_vapor (static: 0, total: 3)
Orphan StringName: sea_ice_form_threshold (static: 0, total: 5)
Orphan StringName: CELL_HYDRO_PARENT (static: 0, total: 2)
Orphan StringName: processor_component (static: 0, total: 2)
Orphan StringName: _network_payload (static: 0, total: 9)
Orphan StringName: StarterEconomyPlannerScript (static: 0, total: 2)
Orphan StringName: is_alive (static: 0, total: 4)
Orphan StringName: append (static: 0, total: 86)
Orphan StringName: state_hash (static: 0, total: 4)
Orphan StringName: read_and_clear_dirty_mask (static: 0, total: 3)
Orphan StringName: DOMAIN_HINT (static: 0, total: 1)
Orphan StringName: res_flint_extra_change_arr (static: 0, total: 3)
Orphan StringName: _VEG_POTATO (static: 0, total: 2)
Orphan StringName: _dirty_mark_range (static: 0, total: 7)
Orphan StringName: coastal_temp_moderation (static: 0, total: 5)
Orphan StringName: FLAG_ERA_KEY (static: 0, total: 2)
Orphan StringName: scholar (static: 0, total: 1)
Orphan StringName: vision_revision (static: 0, total: 6)
Orphan StringName: cell.res_silver_ore_extra_change (static: 0, total: 2)
Orphan StringName: _research_signal_occupancy_bit (static: 0, total: 2)
Orphan StringName: COUNTRY_DOMAIN (static: 0, total: 2)
Orphan StringName: primitive_construction (static: 0, total: 3)
Orphan StringName: RIVER_ATLAS_PROBE_SAMPLE_LIMIT (static: 0, total: 2)
Orphan StringName: _world_wrap_width_x (static: 0, total: 5)
Orphan StringName: operator (static: 0, total: 6)
Orphan StringName: CELL_COUNTRY_SLOT (static: 0, total: 2)
Orphan StringName: weather_cool_season_vapor_floor (static: 0, total: 5)
Orphan StringName: _cell_world_pos (static: 0, total: 2)
Orphan StringName: rebind_map_data (static: 0, total: 3)
Orphan StringName: TriggerEffectScript (static: 0, total: 2)
Orphan StringName: _precious_for_raw_cell (static: 0, total: 4)
Orphan StringName: _field_slice_solve_ms (static: 0, total: 4)
Orphan StringName: pool_id (static: 0, total: 4)
Orphan StringName: resolve_semantic (static: 0, total: 6)
Orphan StringName: _diag_dump_caller_one (static: 0, total: 4)
Orphan StringName: _SLP_INTERIOR_BOOST (static: 0, total: 2)
Orphan StringName: _read_section (static: 0, total: 4)
Orphan StringName: _entity_count (static: 0, total: 4)
Orphan StringName: development_metric_id (static: 0, total: 7)
Orphan StringName: ROUTE_VALUE_NAMES_ZH (static: 0, total: 2)
Orphan StringName: lifecycle (static: 0, total: 13)
Orphan StringName: AGG_STATE_LEVEL (static: 0, total: 2)
Orphan StringName: @temperature_transport_anomaly_setter (static: 0, total: 3)
Orphan StringName: CELL_SEA_ICE_FRAC (static: 0, total: 2)
Orphan StringName: weather_cloud_water_arr (static: 0, total: 8)
Orphan StringName: _CID_MOISTURE (static: 0, total: 2)
Orphan StringName: _cid_array (static: 0, total: 3)
Orphan StringName: res_tin_ore_extra_change_arr (static: 0, total: 3)
Orphan StringName: FLAG_STARTING (static: 0, total: 2)
Orphan StringName: _wrap_period_x (static: 0, total: 4)
Orphan StringName: era_reward_rule_route_technology_offsets (static: 0, total: 1)
Orphan StringName: _country_signal_command_key (static: 0, total: 4)
Orphan StringName: vector_atlas_tex (static: 0, total: 7)
Orphan StringName: res_natural_gas_reserve_arr (static: 0, total: 3)
Orphan StringName: _ResourceProfileScript (static: 0, total: 2)
Orphan StringName: plant_soil_buffer_weight (static: 0, total: 5)
Orphan StringName: era_reward_option_fallback (static: 0, total: 1)
Orphan StringName: route_tag_prefix (static: 0, total: 6)
Orphan StringName: PAYLOAD_KEYS (static: 0, total: 2)
Orphan StringName: _enum_atlas_cpp_pack_disabled_reason (static: 0, total: 6)
Orphan StringName: _bind_map_source (static: 0, total: 4)
Orphan StringName: economy.building.fishing (static: 0, total: 2)
Orphan StringName: res://scripts/economy/economy_catalog.gd (static: 0, total: 28)
Orphan StringName: res://scripts/geography/pkmap_io.gd (static: 0, total: 12)
Orphan StringName: weather_transition_alpha_arr (static: 0, total: 6)
Orphan StringName: VALLEY_BIAS (static: 0, total: 2)
Orphan StringName: @temp_dev_from_annual_getter (static: 0, total: 3)
Orphan StringName: _physical_stage_name (static: 0, total: 4)
Orphan StringName: tabler (static: 0, total: 7)
Orphan StringName: axis (static: 0, total: 14)
Orphan StringName: _VegetationProfileScript (static: 0, total: 2)
Orphan StringName: _last_pushed_world_width (static: 0, total: 4)
Orphan StringName: resource_habitat_mask_arr (static: 0, total: 4)
Orphan StringName: action (static: 0, total: 20)
Orphan StringName: init_reserve_scale (static: 0, total: 37)
Orphan StringName: SusPolicy.ContinuousSlicedPolicy (static: 0, total: 1)
Orphan StringName: ResearchCondition (static: 0, total: 3)
Orphan StringName: building_resource_generation_ids (static: 0, total: 1)
Orphan StringName: cell.thermal_energy (static: 0, total: 2)
Orphan StringName: ocean_psi_source_scale (static: 0, total: 8)
Orphan StringName: resource.copper (static: 0, total: 2)
Orphan StringName: soa_begin_climate_transaction (static: 0, total: 3)
Orphan StringName: cell.res_pasture_reserve (static: 0, total: 3)
Orphan StringName: @ocean_current_setter (static: 0, total: 3)
Orphan StringName: _world (static: 0, total: 15)
Orphan StringName: forager (static: 0, total: 1)
Orphan StringName: flat_px_indices_arr (static: 0, total: 13)
Orphan StringName: compute_insolation (static: 0, total: 3)
Orphan StringName: plant_drought_penalty (static: 0, total: 5)
Orphan StringName: is_discrete (static: 0, total: 3)
Orphan StringName: wind_stress_curl_arr (static: 0, total: 5)
Orphan StringName: HISTORY_LEN (static: 0, total: 2)
Orphan StringName: upload_layer_bundle (static: 0, total: 5)
Orphan StringName: _cell_enum_lut_bytes_cache (static: 0, total: 3)
Orphan StringName: terrain_detail (static: 0, total: 3)
Orphan StringName: _encode_flow_tex (static: 0, total: 3)
Orphan StringName: _serialize_fronts_dict (static: 0, total: 4)
Orphan StringName: TechnologyCatalogScript (static: 0, total: 4)
Orphan StringName: Operation (static: 0, total: 2)
Orphan StringName: orographic_boost (static: 0, total: 5)
Orphan StringName: _last_enum_atlas_upload_report (static: 0, total: 3)
Orphan StringName: sea_ice_frac_arr_prev (static: 0, total: 3)
Orphan StringName: CELL_RIVER_DISCHARGE (static: 0, total: 2)
Orphan StringName: structural_metal (static: 0, total: 1)
Orphan StringName: _WIND_LAT_GRAD_SUPPRESS (static: 0, total: 2)
Orphan StringName: _thermal_current_p95_last (static: 0, total: 4)
Orphan StringName: weather_field_initialized (static: 0, total: 8)
Orphan StringName: resource.coal (static: 0, total: 3)
Orphan StringName: build_pass_knobs (static: 0, total: 3)
Orphan StringName: enum_lut_tex (static: 0, total: 5)
Orphan StringName: _rasterize_wind_field_from_hex (static: 0, total: 3)
Orphan StringName: _field_slice_season_idx (static: 0, total: 4)
Orphan StringName: CELL_RES_RARE_EARTH_RESERVE (static: 0, total: 2)
Orphan StringName: ObservationMode (static: 0, total: 2)
Orphan StringName: cell.res_manganese_ore_extra_change (static: 0, total: 2)
Orphan StringName: push_biome_history (static: 0, total: 3)
Orphan StringName: res://scripts/data_core/world.gd (static: 0, total: 94)
Orphan StringName: hydrate_trait_catalog (static: 0, total: 4)
Orphan StringName: emit (static: 0, total: 1)
Orphan StringName: resource_access_modes (static: 0, total: 5)
Orphan StringName: ARCH_WEATHER_FRONT (static: 0, total: 2)
Orphan StringName: @weather_prev_type_setter (static: 0, total: 3)
Orphan StringName: good.horses (static: 0, total: 1)
Orphan StringName: wind_y_arr (static: 0, total: 11)
Orphan StringName: weather_snow_classification_margin (static: 0, total: 5)
Orphan StringName: CELL_RES_TIN_ORE_EXTRA_CHANGE (static: 0, total: 2)
Orphan StringName: tech_id (static: 0, total: 1)
Orphan StringName: _compile_food_categories (static: 0, total: 4)
Orphan StringName: _SLP_COAST_DAMP (static: 0, total: 2)
Orphan StringName: native_daily_legacy_daily_production_retired (static: 0, total: 5)
Orphan StringName: noise_tex (static: 0, total: 4)
Orphan StringName: get_last_enum_atlas_upload_report (static: 0, total: 3)
Orphan StringName: eco_score_clamp (static: 0, total: 5)
Orphan StringName: _slp_first_run_logged (static: 0, total: 4)
Orphan StringName: process_frame (static: 1, total: 2)
Orphan StringName: options (static: 0, total: 7)
Orphan StringName: pixel_to_cell_lookup (static: 0, total: 16)
Orphan StringName: run_daily_wind_field_update (static: 0, total: 3)
Orphan StringName: succession_min_compat_gain (static: 0, total: 5)
Orphan StringName: CELL_OCEAN_CURRENT_X (static: 0, total: 2)
Orphan StringName: CELL_OCEAN_CURRENT_Y (static: 0, total: 2)
Orphan StringName: _VEG_RUBBER (static: 0, total: 2)
Orphan StringName: intensity (static: 0, total: 6)
Orphan StringName: effect_domains (static: 0, total: 1)
Orphan StringName: FALLBACK_KNOWLEDGE_TECH_ID (static: 0, total: 2)
Orphan StringName: LAT_TEMP_CURVE_EXP (static: 0, total: 2)
Orphan StringName: cloud_amount (static: 0, total: 6)
Orphan StringName: init_excluded_vegetation_ids (static: 0, total: 35)
Orphan StringName: SOURCE_NATIVE (static: 0, total: 2)
Orphan StringName: BIOME_RECONCILE_WEIGHT_THRESHOLD (static: 0, total: 2)
Orphan StringName: ResearchPredicate.Kind (static: 0, total: 2)
Orphan StringName: _rasterize_ocean_current_slice_from_hex (static: 0, total: 6)
Orphan StringName: cell.weather_transition_alpha (static: 0, total: 4)
Orphan StringName: res://scripts/rendering/physical_circulation_solver.gd (static: 0, total: 26)
Orphan StringName: weather_precip_carryover_max (static: 0, total: 5)
Orphan StringName: sea_ice_solar_melt_start (static: 0, total: 5)
Orphan StringName: _migrate_typed_fields_from_dict (static: 0, total: 3)
Orphan StringName: solve_upwelling (static: 0, total: 4)
Orphan StringName: _vegetation_growth_pressure_backing (static: 0, total: 4)
Orphan StringName: res_wild_game_extra_change_arr (static: 0, total: 3)
Orphan StringName: _foreign_candidate_better (static: 0, total: 4)
Orphan StringName: res://scripts/data_core/command_buffer.gd (static: 0, total: 12)
Orphan StringName: _command_whitelisted (static: 0, total: 4)
Orphan StringName: _wind_dir_delta_p95_last (static: 0, total: 4)
Orphan StringName: plan (static: 0, total: 4)
Orphan StringName: AGG_WINDOW_COUNT (static: 0, total: 2)
Orphan StringName: action.reset (static: 0, total: 1)
Orphan StringName: economy.building.service (static: 0, total: 2)
Orphan StringName: requires_provenance (static: 0, total: 5)
Orphan StringName: veg_swamp_donor (static: 0, total: 5)
Orphan StringName: SusPolicy.StridePolicy (static: 0, total: 1)
Orphan StringName: slp_mobile_low_count (static: 0, total: 7)
Orphan StringName: ecology_capacity (static: 0, total: 41)
Orphan StringName: temp_delta (static: 0, total: 5)
Orphan StringName: apply_default_season_lut (static: 0, total: 4)
Orphan StringName: TerrainIndexBakerScript (static: 0, total: 2)
Orphan StringName: moisture_subtropical_dry_center (static: 0, total: 5)
Orphan StringName: @vegetation_heat_stress_setter (static: 0, total: 3)
Orphan StringName: population.profession.owner (static: 0, total: 3)
Orphan StringName: _CID_VITALITY_LOW_STREAK (static: 0, total: 2)
Orphan StringName: encode_bake_terrain_normal_tex_data (static: 0, total: 1)
Orphan StringName: max_price_fall_q16 (static: 0, total: 139)
Orphan StringName: res_iron_ore_extra_change_arr (static: 0, total: 3)
Orphan StringName: _with_overlay_resource_signals (static: 0, total: 4)
Orphan StringName: serialize (static: 0, total: 3)
Orphan StringName: neighbor_indices (static: 0, total: 1)
Orphan StringName: OCEAN_CURRENT_VISUAL_META (static: 0, total: 2)
Orphan StringName: elevation (static: 0, total: 13)
Orphan StringName: view_vec2 (static: 0, total: 3)
Orphan StringName: reactor_components (static: 0, total: 4)
Orphan StringName: _CID_VEG_GROWTH_PRESSURE (static: 0, total: 2)
Orphan StringName: satellite_placement_max (static: 0, total: 5)
Orphan StringName: starter_route (static: 0, total: 2)
Orphan StringName: cell_at (static: 0, total: 10)
Orphan StringName: NewGameConfig (static: 0, total: 4)
Orphan StringName: _phys_last_wind_map_speed_size (static: 0, total: 4)
Orphan StringName: starting_country_cash (static: 0, total: 1)
Orphan StringName: cell.res_timber_extra_change (static: 0, total: 2)
Orphan StringName: payload_schema (static: 0, total: 11)
Orphan StringName: pixels_written (static: 0, total: 8)
Orphan StringName: LandformType.LF (static: 0, total: 5)
Orphan StringName: CELL_CANAL_EDGE_MASK (static: 0, total: 2)
Orphan StringName: temperature_transport_anomaly_source_cap (static: 0, total: 5)
Orphan StringName: default (static: 0, total: 14)
Orphan StringName: psi_warm_start (static: 0, total: 3)
Orphan StringName: CUBE_DIRECTIONS (static: 0, total: 2)
Orphan StringName: res://scripts/simulation/sus/sus_policy.gd (static: 0, total: 21)
Orphan StringName: AGG_WINDOW_SUM (static: 0, total: 2)
Orphan StringName: weather_lut_published (static: 0, total: 1)
Orphan StringName: _save_dir (static: 0, total: 3)
Orphan StringName: _weather_cloud_backing (static: 0, total: 4)
Orphan StringName: satellite_placement_min (static: 0, total: 5)
Orphan StringName: era_reward_option_eligibility_thresholds (static: 0, total: 1)
Orphan StringName: variant_preference_q16 (static: 0, total: 1)
Orphan StringName: is_empty (static: 0, total: 15)
Orphan StringName: building_progression_roles (static: 0, total: 1)
Orphan StringName: CELL_RES_IRON_ORE_RESERVE (static: 0, total: 2)
Orphan StringName: CYCLONE_WAKE_DAYS (static: 0, total: 4)
Orphan StringName: slp_mobile_low_sigma (static: 0, total: 7)
Orphan StringName: PsiSolverState (static: 0, total: 4)
Orphan StringName: CELL_VEGETATION_REGEN_SCORE (static: 0, total: 2)
Orphan StringName: display_name (static: 0, total: 220)
Orphan StringName: CONDITION_ANY_OF (static: 0, total: 2)
Orphan StringName: selector_kind (static: 0, total: 7)
Orphan StringName: CELL_WATER_BALANCE_30D (static: 0, total: 2)
Orphan StringName: res_silica_sand_extra_change_arr (static: 0, total: 3)
Orphan StringName: tax.section (static: 0, total: 1)
Orphan StringName: action.chevron_down (static: 0, total: 3)
Orphan StringName: DEFAULT_TILE_EDGE (static: 0, total: 2)
Orphan StringName: _is_candidate (static: 0, total: 4)
Orphan StringName: _field_precip_base_frac (static: 0, total: 1)
Orphan StringName: _ensure_arrays (static: 0, total: 5)
Orphan StringName: sunset_hour_angle (static: 0, total: 5)
Orphan StringName: by_owner (static: 0, total: 3)
Orphan StringName: material (static: 0, total: 1)
Orphan StringName: tin_ore (static: 0, total: 6)
Orphan StringName: sea_ice_freeze_rate (static: 0, total: 5)
Orphan StringName: get_thermal_current_p95 (static: 0, total: 3)
Orphan StringName: release_query (static: 0, total: 3)
Orphan StringName: OCCUPANCY_HABITAT_FOREST_GRAZER (static: 0, total: 2)
Orphan StringName: encode_bake_height_tex_data (static: 0, total: 2)
Orphan StringName: moisture_humidity_cap (static: 0, total: 5)
Orphan StringName: precious_metal (static: 0, total: 2)
Orphan StringName: _field_advect_steps (static: 0, total: 5)
Orphan StringName: traits (static: 0, total: 5)
Orphan StringName: border_screen_width_max (static: 0, total: 5)
Orphan StringName: _upstream_vapor_idx_from_first (static: 0, total: 4)
Orphan StringName: crude_oil (static: 0, total: 4)
Orphan StringName: res_copper_ore_extra_change_arr (static: 0, total: 3)
Orphan StringName: SPEED_ITCZ (static: 0, total: 2)
Orphan StringName: ResearchSignalDefinition.ObservationMode (static: 0, total: 2)
Orphan StringName: economy.building.market (static: 0, total: 1)
Orphan StringName: signal_rows (static: 0, total: 4)
Orphan StringName: hydro_channel_release_rate (static: 0, total: 5)
Orphan StringName: ResearchSignalDefinitionScript (static: 0, total: 2)
Orphan StringName: sample_biome (static: 0, total: 3)
Orphan StringName: build (static: 0, total: 3)
Orphan StringName: RuntimeStateProvider (static: 0, total: 4)
Orphan StringName: slp_response_rate (static: 0, total: 8)
Orphan StringName: EVENT_TECHNOLOGY_CONTACT (static: 0, total: 2)
Orphan StringName: border_screen_width_min (static: 0, total: 5)
Orphan StringName: ACTION_ECONOMY_COMMAND (static: 0, total: 2)
Orphan StringName: succession_upgrade_days (static: 0, total: 5)
Orphan StringName: _push_border_width (static: 0, total: 5)
Orphan StringName: family_surname_text (static: 0, total: 1)
Orphan StringName: icon (static: 0, total: 180)
Orphan StringName: _edge_noise (static: 0, total: 4)
Orphan StringName: magnitude_by_prestige_q16 (static: 0, total: 11)
Orphan StringName: init_target_mean_reserve (static: 0, total: 37)
Orphan StringName: value (static: 0, total: 16)
Orphan StringName: @group_147_生态活力与演替 (static: 0, total: 2)
Orphan StringName: day_length_arr (static: 0, total: 3)
Orphan StringName: res_silver_ore_reserve_arr (static: 0, total: 3)
Orphan StringName: selector_key (static: 0, total: 6)
Orphan StringName: snow_albedo_cooling (static: 0, total: 5)
Orphan StringName: era_reward_option_eligibility_codes (static: 0, total: 1)
Orphan StringName: cell.res_fertile_soil_extra_change (static: 0, total: 2)
Orphan StringName: res_coal_reserve_arr (static: 0, total: 3)
Orphan StringName: CELL_RES_OIL_RESERVE (static: 0, total: 2)
Orphan StringName: fertile_soil (static: 0, total: 1)
Orphan StringName: RELIEF_HI (static: 0, total: 2)
Orphan StringName: _phys_knobs_base_wind (static: 0, total: 3)
Orphan StringName: CommandTemplateScript (static: 0, total: 2)
Orphan StringName: heat_input_arr (static: 0, total: 3)
Orphan StringName: technology_reveal_condition_ops (static: 0, total: 1)
Orphan StringName: @soil_moisture_getter (static: 0, total: 3)
Orphan StringName: _bound (static: 0, total: 4)
Orphan StringName: variant_price_elasticity_q16 (static: 0, total: 1)
Orphan StringName: good_semantic (static: 0, total: 7)
Orphan StringName: RELIEF_LO (static: 0, total: 2)
Orphan StringName: encode_bake_flow_tex_data (static: 0, total: 2)
Orphan StringName: count (static: 0, total: 12)
Orphan StringName: tectonic_drift_speed (static: 0, total: 5)
Orphan StringName: _ocean_current_clamp_count_last (static: 0, total: 4)
Orphan StringName: queue_canal_visual_refresh (static: 0, total: 3)
Orphan StringName: business_demand_ema_alpha_q16 (static: 0, total: 139)
Orphan StringName: Font (static: 0, total: 3)
Orphan StringName: RIVER_STROKE_HEX_FACTOR (static: 0, total: 2)
Orphan StringName: temp_arr_prev (static: 0, total: 4)
Orphan StringName: temp_30d_mean (static: 0, total: 6)
Orphan StringName: cell.vegetation_regen_score (static: 0, total: 3)
Orphan StringName: posmod (static: 0, total: 1)
Orphan StringName: steel (static: 0, total: 3)
Orphan StringName: _resource_building_count_cap (static: 0, total: 7)
Orphan StringName: petrochemicals (static: 0, total: 4)
Orphan StringName: terrain_type (static: 0, total: 6)
Orphan StringName: init_soa_from_bake (static: 0, total: 3)
Orphan StringName: duration_days (static: 0, total: 27)
Orphan StringName: _MIN_BLOCK (static: 0, total: 2)
Orphan StringName: @vegetation_regen_score_setter (static: 0, total: 3)
Orphan StringName: base_weight (static: 0, total: 7)
Orphan StringName: @vegetation_cold_stress_getter (static: 0, total: 3)
Orphan StringName: view_vec2_prev (static: 0, total: 3)
Orphan StringName: bake_height_biome_moisture (static: 0, total: 4)
Orphan StringName: obsolete_max_price (static: 0, total: 2)
Orphan StringName: _cell_index (static: 0, total: 3)
Orphan StringName: veg_oasis_donor (static: 0, total: 5)
Orphan StringName: succession_degrade_days (static: 0, total: 5)
Orphan StringName: _schema_version (static: 0, total: 4)
Orphan StringName: cell.country_slot (static: 0, total: 2)
Orphan StringName: @moisture_setter (static: 0, total: 4)
Orphan StringName: cube_to_world (static: 0, total: 8)
Orphan StringName: enso_tropical_lat_limit (static: 0, total: 5)
Orphan StringName: flush_command_buffer (static: 0, total: 3)
Orphan StringName: _temp_30d_mean_backing (static: 0, total: 4)
Orphan StringName: archetype_id (static: 0, total: 3)
Orphan StringName: validate_building_progression_profiles (static: 0, total: 4)
Orphan StringName: technology_effect_summaries (static: 0, total: 1)
Orphan StringName: @group_131_植被水汽反馈 (static: 0, total: 2)
Orphan StringName: technology_reveal_condition_offsets (static: 0, total: 2)
Orphan StringName: CELL_RES_ZINC_ORE_RESERVE (static: 0, total: 2)
Orphan StringName: _reset (static: 0, total: 4)
Orphan StringName: res://scripts/economy/starter_economy_planner.gd (static: 0, total: 53)
Orphan StringName: snowpack_melt_sun_gain (static: 0, total: 5)
Orphan StringName: wind_traj_table_enabled (static: 0, total: 7)
Orphan StringName: _physical_solve_step_one (static: 0, total: 4)
Orphan StringName: selector_field (static: 0, total: 11)
Orphan StringName: _field_slice_next_cloud_water (static: 0, total: 3)
Orphan StringName: satellite_separation_factor (static: 0, total: 5)
Orphan StringName: edge_neighbor (static: 0, total: 3)
Orphan StringName: cell.res_clay_extra_change (static: 0, total: 2)
Orphan StringName: find_by_name (static: 0, total: 7)
Orphan StringName: cover (static: 0, total: 15)
Orphan StringName: detergent (static: 0, total: 4)
Orphan StringName: family_surname_pack_id (static: 0, total: 1)
Orphan StringName: EraRewardTargetSelector.Ranking (static: 0, total: 2)
Orphan StringName: use_soa_pipeline (static: 0, total: 6)
Orphan StringName: pool_range (static: 0, total: 4)
Orphan StringName: DISPLAY_NAME (static: 0, total: 1)
Orphan StringName: CELL_TEMP_SEASON_OFFSET (static: 0, total: 2)
Orphan StringName: engines (static: 0, total: 3)
Orphan StringName: _diag_dump_caller (static: 0, total: 5)
Orphan StringName: base_terrain_arr (static: 0, total: 3)
Orphan StringName: quantity (static: 0, total: 3)
Orphan StringName: CELL_SNOW_COVER (static: 0, total: 2)
Orphan StringName: building_construction_good_ids (static: 0, total: 1)
Orphan StringName: offset_to_cube (static: 0, total: 10)
Orphan StringName: gi_occluder_ready (static: 0, total: 4)
Orphan StringName: _diag_one_count (static: 0, total: 4)
Orphan StringName: native_active (static: 0, total: 6)
Orphan StringName: hydrology.water (static: 0, total: 8)
Orphan StringName: manager (static: 0, total: 1)
Orphan StringName: good_ids (static: 0, total: 2)
Orphan StringName: raw_stone (static: 0, total: 4)
Orphan StringName: _evaluate_counts (static: 0, total: 4)
Orphan StringName: @_ema_initialized_getter (static: 0, total: 3)
Orphan StringName: abs (static: 0, total: 3)
Orphan StringName: cell.res_coal_reserve (static: 0, total: 3)
Orphan StringName: value_fields (static: 0, total: 1)
Orphan StringName: CELL_VEGETATION_HEAT_STRESS (static: 0, total: 2)
Orphan StringName: OPTIONS_PER_POOL (static: 0, total: 2)
Orphan StringName: subject_kind (static: 0, total: 1)
Orphan StringName: requested_tile_world_span (static: 0, total: 5)
Orphan StringName: terrain_horizon_gpu_bake_enabled (static: 0, total: 3)
Orphan StringName: _cached_cell_pos (static: 0, total: 3)
Orphan StringName: _resource_is_renewable (static: 0, total: 5)
Orphan StringName: MODE_PROBE (static: 0, total: 2)
Orphan StringName: climate_temp_tol (static: 0, total: 38)
Orphan StringName: run_slice (static: 0, total: 4)
Orphan StringName: sea_ice_atlas_enabled (static: 0, total: 2)
Orphan StringName: prepared (static: 0, total: 4)
Orphan StringName: OptionScript (static: 0, total: 2)
Orphan StringName: res://scripts/research/development_achievement_catalog.gd (static: 0, total: 5)
Orphan StringName: CELL_RES_STONE_EXTRA_CHANGE (static: 0, total: 2)
Orphan StringName: CELL_RES_WILD_GAME_RESERVE (static: 0, total: 2)
Orphan StringName: TERRAIN_HORIZON_MAX_DISTANCE_HEX (static: 0, total: 2)
Orphan StringName: weather_classification_temp_arr (static: 0, total: 4)
Orphan StringName: res://scripts/data/vegetation_profile.gd (static: 0, total: 3)
Orphan StringName: TERRAIN_NORMAL_SAMPLE_RADIUS_HEX (static: 0, total: 2)
Orphan StringName: _building_profiles (static: 0, total: 2)
Orphan StringName: validate_against (static: 0, total: 3)
Orphan StringName: inventory_weight_q16 (static: 0, total: 139)
Orphan StringName: _field_solve_tick (static: 0, total: 2)
Orphan StringName: weather_transition_enabled (static: 0, total: 7)
Orphan StringName: _stable_hash (static: 0, total: 3)
Orphan StringName: refined_fuel (static: 0, total: 4)
Orphan StringName: _technology_industry_revision (static: 0, total: 7)
Orphan StringName: CELL_RES_ARABLE_LAND_EXTRA_CHANGE (static: 0, total: 2)
Orphan StringName: _verify_gdext_field_against_gdscript (static: 0, total: 1)
Orphan StringName: _pending_create_count (static: 0, total: 4)
Orphan StringName: artisan (static: 0, total: 1)
Orphan StringName: _dynamic_cell_atlas_cache_size (static: 0, total: 4)
Orphan StringName: ice_state_atlas_default_cell_source (static: 0, total: 4)
Orphan StringName: rebake_dynamic_cell_atlas_only (static: 0, total: 3)
Orphan StringName: _WEATHER_RESISTANCE (static: 0, total: 2)
Orphan StringName: apply_terrain (static: 0, total: 5)
Orphan StringName: CELL_RES_SULFUR_EXTRA_CHANGE (static: 0, total: 2)
Orphan StringName: _dynamic_cell_atlas_buf (static: 0, total: 3)
Orphan StringName: FOG_EXPLORED (static: 0, total: 2)
Orphan StringName: temperature_breakdown (static: 0, total: 3)
Orphan StringName: _collect_authoring_hard_ancestors (static: 0, total: 5)
Orphan StringName: _profile_relevant (static: 0, total: 3)
Orphan StringName: configure (static: 0, total: 7)
Orphan StringName: CELL_WIND_X (static: 0, total: 2)
Orphan StringName: CELL_WIND_Y (static: 0, total: 2)
Orphan StringName: _shared_terrain_material_tex_by_size (static: 0, total: 2)
Orphan StringName: ocean_decoupled_visual_raster (static: 0, total: 5)
Orphan StringName: CELL_WEATHER_VAPOR (static: 0, total: 2)
Orphan StringName: vegetation_none_hysteresis (static: 0, total: 5)
Orphan StringName: mafic (static: 0, total: 2)
Orphan StringName: economy.building.forestry (static: 0, total: 2)
Orphan StringName: res://scripts/data/climate_profile.gd (static: 0, total: 1)
Orphan StringName: CELL_BASE_TERRAIN (static: 0, total: 2)
Orphan StringName: sample_height (static: 0, total: 3)
Orphan StringName: _use_gdext_weather_field_commit (static: 0, total: 1)
Orphan StringName: @temperature_setter (static: 0, total: 4)
Orphan StringName: _terrain_detail_is_desert_like (static: 0, total: 3)
Orphan StringName: cell.res_plantation_land_reserve (static: 0, total: 3)
Orphan StringName: OVERLAY_ICON_BY_ID (static: 0, total: 2)
Orphan StringName: @weather_type_getter (static: 0, total: 3)
Orphan StringName: cell.air_mass_temp_anomaly (static: 0, total: 3)
Orphan StringName: adobe_brick (static: 0, total: 2)
Orphan StringName: init_river (static: 0, total: 37)
Orphan StringName: research_signal_ids (static: 0, total: 3)
Orphan StringName: OrPolicy (static: 0, total: 4)
Orphan StringName: badlands_max_arid_ratio (static: 0, total: 5)
Orphan StringName: r_factor (static: 0, total: 5)
Orphan StringName: CELL_RES_COAL_RESERVE (static: 0, total: 2)
Orphan StringName: temperature (static: 0, total: 11)
Orphan StringName: vegetation_cooling (static: 0, total: 5)
Orphan StringName: world_to_wrapped_cell (static: 0, total: 3)
Orphan StringName: batteries (static: 0, total: 4)
Orphan StringName: _ensure_nodes (static: 0, total: 5)
Orphan StringName: upgrade_tier (static: 0, total: 6)
Orphan StringName: SusPolicy.OrPolicy (static: 0, total: 1)
Orphan StringName: ridge_boost_amp (static: 0, total: 5)
Orphan StringName: _field_lake_evap_scale (static: 0, total: 1)
Orphan StringName: _wind_momentum_delta_p95_last (static: 0, total: 4)
Orphan StringName: set_hex_size (static: 0, total: 3)
Orphan StringName: setup (static: 0, total: 4)
Orphan StringName: prepare_sea_ice_fraction_atlas (static: 0, total: 4)
Orphan StringName: _wf_diag_skipped_full (static: 0, total: 4)
Orphan StringName: technology.state.completed (static: 0, total: 3)
Orphan StringName: dump_river_atlas_probe (static: 0, total: 3)
Orphan StringName: force_flush_enum_atlas_throttle (static: 0, total: 4)
Orphan StringName: PAYLOAD_WEATHER_OBSERVED_V1 (static: 0, total: 2)
Orphan StringName: _WIND_W_LAT (static: 0, total: 2)
Orphan StringName: _CID_VITALITY_HIGH_STREAK (static: 0, total: 2)
Orphan StringName: _VIEW_BLOCK_BY_LANDFORM (static: 0, total: 2)
Orphan StringName: slp_ice_high_weight (static: 0, total: 10)
Orphan StringName: GI_HORIZON_DIRECTIONS (static: 0, total: 1)
Orphan StringName: climate.sun (static: 0, total: 4)
Orphan StringName: cost_anchor_weight_q16 (static: 0, total: 139)
Orphan StringName: CELL_RES_MARINE_FISH_RESERVE (static: 0, total: 2)
Orphan StringName: public_visual_edges (static: 0, total: 3)
Orphan StringName: reserve_cpp_name (static: 0, total: 5)
Orphan StringName: mark_dirty_range (static: 0, total: 3)
Orphan StringName: erosion_gravity (static: 0, total: 5)
Orphan StringName: res_rare_earth_reserve_arr (static: 0, total: 3)
Orphan StringName: _wind_momentum_diffuse_w_eff_last (static: 0, total: 4)
Orphan StringName: VegetationProfile (static: 0, total: 6)
Orphan StringName: _data_core_world (static: 0, total: 1)
Orphan StringName: BYTES_PER_PHYSICAL_TEXEL (static: 0, total: 2)
Orphan StringName: TerrainProfileRegistry (static: 0, total: 3)
Orphan StringName: cell.water_balance_30d (static: 0, total: 2)
Orphan StringName: terrain_detail_noise01 (static: 0, total: 4)
Orphan StringName: cell_research_signal_values (static: 0, total: 5)
Orphan StringName: maintenance_good_ids (static: 0, total: 5)
Orphan StringName: _create_arch_ids (static: 0, total: 3)
Orphan StringName: AGG_COUNT (static: 0, total: 2)
Orphan StringName: _slp_native_ms_last (static: 0, total: 4)
Orphan StringName: res://scripts/family/family_official_catalog.gd (static: 0, total: 10)
Orphan StringName: sample_slow_layer (static: 0, total: 3)
Orphan StringName: _phys_last_season_phase (static: 0, total: 4)
Orphan StringName: @temperature_transport_anomaly_getter (static: 0, total: 3)
Orphan StringName: get_vegetation_drought_stress (static: 0, total: 9)
Orphan StringName: WEST_X (static: 0, total: 2)
Orphan StringName: reference_max_price (static: 0, total: 139)
Orphan StringName: upload_gi_occluder_layer (static: 0, total: 3)
Orphan StringName: cell.weather_instability (static: 0, total: 4)
Orphan StringName: _drain_canal_visual_refresh (static: 0, total: 4)
Orphan StringName: has_indices (static: 0, total: 16)
Orphan StringName: technology.domain.science (static: 0, total: 1)
Orphan StringName: cell.river_flow (static: 0, total: 2)
Orphan StringName: cell.has_river (static: 0, total: 2)
Orphan StringName: get_neighbors (static: 0, total: 9)
Orphan StringName: _gdext_field_runs (static: 0, total: 1)
Orphan StringName: PhysicalCirculationSolver.PsiSolverState (static: 0, total: 1)
Orphan StringName: ecology_visual_atlas_chunk_step (static: 0, total: 4)
Orphan StringName: set_archetype (static: 0, total: 3)
Orphan StringName: CELL_RES_LEAD_ORE_EXTRA_CHANGE (static: 0, total: 2)
Orphan StringName: DCWeatherFieldSolver (static: 0, total: 3)
Orphan StringName: copper_tools (static: 0, total: 2)
Orphan StringName: route_display_name (static: 0, total: 4)
Orphan StringName: cell.temp_baseline_year (static: 0, total: 2)
Orphan StringName: THEMES (static: 0, total: 2)
Orphan StringName: _neighbor_for_dir (static: 0, total: 6)
Orphan StringName: metal_housewares (static: 0, total: 3)
Orphan StringName: CELL_BASE_VEGETATION (static: 0, total: 2)
Orphan StringName: vegetation_drought_stress_arr (static: 0, total: 5)
Orphan StringName: add_component (static: 0, total: 3)
Orphan StringName: dirty_cells (static: 0, total: 12)
Orphan StringName: @weather_intensity_setter (static: 0, total: 3)
Orphan StringName: _hash_noise_2d (static: 0, total: 4)
Orphan StringName: get_psi_mode (static: 0, total: 3)
Orphan StringName: _matching_csr_ids (static: 0, total: 4)
Orphan StringName: FOG_UNEXPLORED (static: 0, total: 2)
Orphan StringName: tectonic_uplift_amp (static: 0, total: 5)
Orphan StringName: native_daily_perf_target_ms (static: 0, total: 5)
Orphan StringName: init_upwelling (static: 0, total: 37)
Orphan StringName: predecessor_building_ids (static: 0, total: 5)
Orphan StringName: get_psi_native_ms (static: 0, total: 3)
Orphan StringName: _field_cloud_reevap (static: 0, total: 1)
Orphan StringName: _read_sea_ice_frac (static: 0, total: 5)
Orphan StringName: get_psi_early_exit (static: 0, total: 3)
Orphan StringName: building_dependency_ids (static: 0, total: 1)
Orphan StringName: arch.weather_front (static: 0, total: 1)
Orphan StringName: fog_k_arr (static: 0, total: 7)
Orphan StringName: OfficialCatalogScript (static: 0, total: 4)
Orphan StringName: NEIGHBOR_DIRS (static: 0, total: 2)
Orphan StringName: _vegetation_cold_stress_backing (static: 0, total: 4)
Orphan StringName: to_effect_definition (static: 0, total: 4)
Orphan StringName: get_weather_instability (static: 0, total: 9)
Orphan StringName: _update_visibility (static: 0, total: 6)
Orphan StringName: foliage_biomass_table (static: 0, total: 3)
Orphan StringName: cell.climate_dirty_mask (static: 0, total: 2)
Orphan StringName: @ocean_current_getter (static: 0, total: 3)
Orphan StringName: _cell_latitude (static: 0, total: 4)
Orphan StringName: _sea_ice_fraction_backing (static: 0, total: 4)
Orphan StringName: base_vegetation_arr (static: 0, total: 3)
Orphan StringName: technology_network_roles (static: 0, total: 1)
Orphan StringName: VegetationType (static: 0, total: 3)
Orphan StringName: res://scripts/data/building_profile.gd (static: 0, total: 1)
Orphan StringName: counts (static: 0, total: 5)
Orphan StringName: snowline_band (static: 0, total: 5)
Orphan StringName: cell.lat_norm (static: 0, total: 2)
Orphan StringName: anomaly_color_shift (static: 0, total: 5)
Orphan StringName: _CID_WIND_SPEED (static: 0, total: 2)
Orphan StringName: _pool_free_lists (static: 0, total: 3)
Orphan StringName: schema_version (static: 0, total: 3)
Orphan StringName: in_pool (static: 0, total: 3)
Orphan StringName: WIND_CURRENT_ICE_DELAY (static: 0, total: 4)
Orphan StringName: _compile_starter_construction_contract (static: 0, total: 5)
Orphan StringName: _last_sea_ice_cell_bytes_packed (static: 0, total: 3)
Orphan StringName: tax.consumption (static: 0, total: 1)
Orphan StringName: rebuild_adapter (static: 0, total: 3)
Orphan StringName: tropical_cyclone_min_lat (static: 0, total: 5)
Orphan StringName: CELL_WEATHER_TYPE (static: 0, total: 2)
Orphan StringName: bake_weather_field_only (static: 0, total: 3)
Orphan StringName: industrial_worker (static: 0, total: 1)
Orphan StringName: AGG_DISTINCT_COUNT (static: 0, total: 2)
Orphan StringName: value_field (static: 0, total: 11)
Orphan StringName: _ENUM_ATLAS_THROTTLE_DIRTY_THRESHOLD (static: 0, total: 2)
Orphan StringName: hydro_lake_min_cells (static: 0, total: 5)
Orphan StringName: _eco_transition_age_arr (static: 0, total: 3)
Orphan StringName: ScoreTerm (static: 0, total: 2)
Orphan StringName: _validate_starter_technologies (static: 0, total: 4)
Orphan StringName: @weather_prev_type_getter (static: 0, total: 3)
Orphan StringName: _query_pool (static: 0, total: 3)
Orphan StringName: moisture_wind_evap (static: 0, total: 5)
Orphan StringName: write_f32_indexed (static: 0, total: 3)
Orphan StringName: sea_ice_neighbor_contagion (static: 0, total: 5)
Orphan StringName: era_reward_selector_top_n (static: 0, total: 1)
Orphan StringName: tick_cyclone_wake (static: 0, total: 1)
Orphan StringName: _weather_type_backing (static: 0, total: 4)
Orphan StringName: volcano_min_dist (static: 0, total: 5)
Orphan StringName: terrain_soft_weight (static: 0, total: 4)
Orphan StringName: _CID_COUNT (static: 0, total: 2)
Orphan StringName: _VEG_FLAX (static: 0, total: 2)
Orphan StringName: find_by_cpp_name (static: 0, total: 3)
Orphan StringName: rift_min_length_cells (static: 0, total: 5)
Orphan StringName: advanced_chips (static: 0, total: 3)
Orphan StringName: offshore_amp (static: 0, total: 5)
Orphan StringName: _configured_texels_per_hex (static: 0, total: 4)
Orphan StringName: snow_accum_days_req (static: 0, total: 5)
Orphan StringName: gen_moisture (static: 0, total: 39)
Orphan StringName: condition_values (static: 0, total: 6)
Orphan StringName: fast_slow_layering_enabled (static: 0, total: 5)
Orphan StringName: Eligibility (static: 0, total: 2)
Orphan StringName: badlands_min_relief (static: 0, total: 5)
Orphan StringName: CELL_RES_SILICA_SAND_RESERVE (static: 0, total: 2)
Orphan StringName: ocean_current_buffer (static: 0, total: 7)
Orphan StringName: eligibility_code (static: 0, total: 7)
Orphan StringName: clear_weather_dirty (static: 0, total: 3)
Orphan StringName: set_cell (static: 0, total: 3)
Orphan StringName: _derive_grid_from_density (static: 0, total: 4)
Orphan StringName: CELL_WEATHER_INSTABILITY (static: 0, total: 2)
Orphan StringName: WeightCondition (static: 0, total: 2)
Orphan StringName: employee_profession_ids (static: 0, total: 6)
Orphan StringName: CELL_RES_PHOSPHATE_ROCK_EXTRA_CHANGE (static: 0, total: 2)
Orphan StringName: begin_slice (static: 0, total: 4)
Orphan StringName: technology_prerequisites (static: 0, total: 1)
Orphan StringName: get_slp_thermal_p95 (static: 0, total: 3)
Orphan StringName: natural_precious (static: 0, total: 2)
Orphan StringName: @group_378_特殊功能 (static: 0, total: 2)
Orphan StringName: _index_list (static: 0, total: 3)
Orphan StringName: _sha256 (static: 0, total: 12)
Orphan StringName: load_slot (static: 0, total: 3)
Orphan StringName: CELL_RES_NATURAL_GAS_EXTRA_CHANGE (static: 0, total: 2)
Orphan StringName: _cmd_buffer (static: 0, total: 4)
Orphan StringName: WEST_Y_AMP (static: 0, total: 2)
Orphan StringName: _COMP_NAMES (static: 0, total: 2)
Orphan StringName: has_icon (static: 0, total: 3)
Orphan StringName: _carrying_category_goods (static: 0, total: 4)
Orphan StringName: hydro_soil_capacity (static: 0, total: 5)
Orphan StringName: native_ocean_physical_active_owner_enabled (static: 0, total: 5)
Orphan StringName: _WIND_W_COAST_THERMAL (static: 0, total: 2)
Orphan StringName: era_reward_rule_offsets (static: 0, total: 1)
Orphan StringName: economy.building (static: 0, total: 7)
Orphan StringName: moisture_delta (static: 0, total: 5)
Orphan StringName: CELL_TEMP_365D (static: 0, total: 2)
Orphan StringName: _cell_lut_active_transition_count (static: 0, total: 4)
Orphan StringName: technology_era_reward_pool_ids (static: 0, total: 1)
Orphan StringName: runtime_moisture_base_relax_rate (static: 0, total: 5)
Orphan StringName: event_type_span (static: 0, total: 5)
Orphan StringName: _river_atlas_probe_context (static: 0, total: 3)
Orphan StringName: init_micro_coverage (static: 0, total: 37)
Orphan StringName: _neighbor_aligned (static: 0, total: 6)
Orphan StringName: @vegetation_heat_stress_getter (static: 0, total: 3)
Orphan StringName: EROSION_CAPACITY_FACTOR (static: 0, total: 2)
Orphan StringName: processed_food (static: 0, total: 4)
Orphan StringName: phase (static: 0, total: 4)
Orphan StringName: ocean_current_response_rate (static: 0, total: 9)
Orphan StringName: _int32_array (static: 0, total: 4)
Orphan StringName: _sea_ice_only_buf (static: 0, total: 3)
Orphan StringName: resize_all (static: 0, total: 4)
Orphan StringName: _compile_search_context (static: 0, total: 4)
Orphan StringName: version (static: 0, total: 42)
Orphan StringName: validate_application_intersections (static: 0, total: 4)
Orphan StringName: CLOTHING_CURVE_PATH (static: 0, total: 2)
Orphan StringName: config (static: 0, total: 1)
Orphan StringName: Image (static: 0, total: 7)
Orphan StringName: candidates (static: 0, total: 5)
Orphan StringName: building_technology_tag_offsets (static: 0, total: 2)
Orphan StringName: tropical_cyclone_max_radius_cells (static: 0, total: 5)
Orphan StringName: _QUERY_POOL_MAX (static: 0, total: 2)
Orphan StringName: era_reward_rule_route_technology_indices (static: 0, total: 1)
Orphan StringName: get_has_river (static: 0, total: 9)
Orphan StringName: terrain_stats (static: 0, total: 3)
Orphan StringName: encode_horizon_tex (static: 0, total: 4)
Orphan StringName: variant_ids (static: 0, total: 1)
Orphan StringName: CELL_VITALITY_HIGH_STREAK (static: 0, total: 2)
Orphan StringName: EKMAN_DEFLECTION_RAD (static: 0, total: 2)
Orphan StringName: Resource (static: 1, total: 158)
Orphan StringName: progression_role (static: 0, total: 6)
Orphan StringName: cell.res_freshwater_fish_reserve (static: 0, total: 3)
Orphan StringName: _ocean_current_max_magnitude_last (static: 0, total: 4)
Orphan StringName: with_archetype (static: 0, total: 3)
Orphan StringName: res://scripts/family/family_effect_catalog.gd (static: 0, total: 6)
Orphan StringName: target_selector_kind (static: 0, total: 14)
Orphan StringName: res_fertile_soil_reserve_arr (static: 0, total: 3)
Orphan StringName: food_categories (static: 0, total: 1)
Orphan StringName: get_vegetation_regen_score (static: 0, total: 9)
Orphan StringName: clear (static: 0, total: 11)
Orphan StringName: get_weather_prev_type (static: 0, total: 9)
Orphan StringName: silica_sand (static: 0, total: 6)
Orphan StringName: shortage_weight_q16 (static: 0, total: 139)
Orphan StringName: jewelry (static: 0, total: 4)
Orphan StringName: _visual_intensity (static: 0, total: 4)
Orphan StringName: sea_ice_albedo_cooling (static: 0, total: 5)
Orphan StringName: cache_valid (static: 0, total: 5)
Orphan StringName: encode_r8_tex (static: 0, total: 8)
Orphan StringName: resolve (static: 0, total: 4)
Orphan StringName: _SLP_SMOOTH_PASSES (static: 0, total: 2)
Orphan StringName: force_atlas_quarter_size (static: 0, total: 1)
Orphan StringName: condition_code (static: 0, total: 8)
Orphan StringName: native_generation_mode (static: 0, total: 5)
Orphan StringName: discovery_visible (static: 0, total: 3)
Orphan StringName: FLAG_MILESTONE (static: 0, total: 2)
Orphan StringName: cadence_days (static: 0, total: 13)
Orphan StringName: _field_slice_lat_te_norm (static: 0, total: 4)
Orphan StringName: _ensure_cpp_dilate_used_warning (static: 0, total: 5)
Orphan StringName: provider_id (static: 0, total: 3)
Orphan StringName: run_bake_visual_tile_layer_pass (static: 0, total: 2)
Orphan StringName: bake_sea_ice_fraction_only (static: 0, total: 3)
Orphan StringName: ocean_pixel_subslice_count (static: 0, total: 5)
Orphan StringName: operation (static: 0, total: 14)
Orphan StringName: get_neighbors_by_cube (static: 0, total: 3)
Orphan StringName: behavior_id (static: 0, total: 11)
Orphan StringName: iter_cells (static: 0, total: 15)
Orphan StringName: _field_land_evapotranspiration_gain (static: 0, total: 1)
Orphan StringName: strength_min_q16 (static: 0, total: 7)
Orphan StringName: get_ocean_current_clamp_ratio (static: 0, total: 3)
Orphan StringName: TERRAIN (static: 0, total: 2)
Orphan StringName: COUNTRY_DISTANCE_MAP_RATIO (static: 0, total: 2)
Orphan StringName: _build_weather_field_knobs (static: 0, total: 1)
Orphan StringName: precip_amount (static: 0, total: 6)
Orphan StringName: resource_generation_quantities_per_day (static: 0, total: 5)
Orphan StringName: _create_empty_array (static: 0, total: 4)
Orphan StringName: get_cell (static: 0, total: 3)
Orphan StringName: modifiers (static: 0, total: 5)
Orphan StringName: required_count (static: 0, total: 6)
Orphan StringName: _ocean_pixel_to_cell_idx (static: 0, total: 3)
Orphan StringName: elapsed_ms (static: 0, total: 7)
Orphan StringName: psi_early_exit_mode (static: 0, total: 8)
Orphan StringName: TERRAIN_TO_LANDFORM (static: 0, total: 1)
Orphan StringName: minor_scale (static: 0, total: 5)
Orphan StringName: ecology.growth (static: 0, total: 6)
Orphan StringName: compress_season_cooling (static: 0, total: 3)
Orphan StringName: _built (static: 0, total: 4)
Orphan StringName: _PHYS_STAGE_UPWELLING (static: 0, total: 2)
Orphan StringName: res://scripts/rendering/bakers/terrain_geometry_utils.gd (static: 0, total: 10)
Orphan StringName: birth_rate_q32 (static: 0, total: 1)
Orphan StringName: _shader_mat (static: 0, total: 3)
Orphan StringName: WEB_MAX_MAP_WIDTH (static: 0, total: 2)
Orphan StringName: subsolar_lat_rad (static: 0, total: 6)
Orphan StringName: building_industry_chain_ids (static: 0, total: 1)
Orphan StringName: _ENUM_ATLAS_THROTTLE_SKIP_THRESHOLD (static: 0, total: 2)
Orphan StringName: inventory_target_ratio_q16 (static: 0, total: 139)
Orphan StringName: moisture_subtropical_dry_width (static: 0, total: 5)
Orphan StringName: ResourceProfile (static: 0, total: 13)
Orphan StringName: ocean_topo_steer_w (static: 0, total: 6)
Orphan StringName: JSON_PATH (static: 0, total: 2)
Orphan StringName: is_known (static: 0, total: 3)
Orphan StringName: res://scripts/data/weather_profile.gd (static: 0, total: 1)
Orphan StringName: _target_size_for_density (static: 0, total: 5)
Orphan StringName: secondary (static: 0, total: 1)
Orphan StringName: TARGET_SUPPLY_MAX_Q16 (static: 0, total: 2)
Orphan StringName: erosion_max_lifetime (static: 0, total: 5)
Orphan StringName: particle_scale_max (static: 0, total: 5)
Orphan StringName: _weather_definitions (static: 0, total: 4)
Orphan StringName: _vegetation_transpiration_factor (static: 0, total: 1)
Orphan StringName: family.city.staple_consumption_cut (static: 0, total: 1)
Orphan StringName: thermal_monsoon_deadband (static: 0, total: 8)
Orphan StringName: EnvironmentRuntime (static: 0, total: 2)
Orphan StringName: _tick_cell_pos (static: 0, total: 2)
Orphan StringName: run_bake_geometry_fields_pass (static: 0, total: 1)
Orphan StringName: SATISFACTION_TIER_COUNT (static: 0, total: 2)
Orphan StringName: FALLBACK_KNOWLEDGE_BUILDING_ID (static: 0, total: 2)
Orphan StringName: cell_count (static: 0, total: 45)
Orphan StringName: compile_native_catalog (static: 0, total: 35)
Orphan StringName: THEME_SIGNAL_HINTS (static: 0, total: 2)
Orphan StringName: weather_field_tex (static: 0, total: 4)
Orphan StringName: top_level (static: 0, total: 1)
Orphan StringName: gold (static: 0, total: 4)
Orphan StringName: lucide (static: 0, total: 6)
Orphan StringName: res://scripts/geography/vision_solver.gd (static: 0, total: 11)
Orphan StringName: output_quantities_per_day (static: 0, total: 7)
Orphan StringName: CELL_THERMAL_ENERGY (static: 0, total: 2)
Orphan StringName: DCWorld._Slot (static: 0, total: 1)
Orphan StringName: _append_predicate (static: 0, total: 4)
Orphan StringName: particle_amount_max (static: 0, total: 5)
Orphan StringName: _pool_by_name (static: 0, total: 3)
Orphan StringName: particle_scale_min (static: 0, total: 5)
Orphan StringName: conditions (static: 0, total: 17)
Orphan StringName: resource.silica_sand (static: 0, total: 2)
Orphan StringName: family.house (static: 0, total: 1)
Orphan StringName: weather_instability (static: 0, total: 7)
Orphan StringName: _s_vector_mode (static: 0, total: 3)
Orphan StringName: passable_land (static: 0, total: 12)
Orphan StringName: CELL_RES_COAL_EXTRA_CHANGE (static: 0, total: 2)
Orphan StringName: cell.res_salt_extra_change (static: 0, total: 2)
Orphan StringName: climate.humidity (static: 0, total: 3)
Orphan StringName: _native_data (static: 0, total: 11)
Orphan StringName: _archetype_id (static: 0, total: 4)
Orphan StringName: river_discharge_30d_arr (static: 0, total: 4)
Orphan StringName: @vegetation_regen_score_getter (static: 0, total: 3)
Orphan StringName: _enum_atlas_cpp_pack_enabled (static: 0, total: 3)
Orphan StringName: sulfur (static: 0, total: 6)
Orphan StringName: @group_386_板块构造(生成) (static: 0, total: 2)
Orphan StringName: particle_amount_min (static: 0, total: 5)
Orphan StringName: _pending_upwelling_row_built (static: 0, total: 3)
Orphan StringName: _ocean_pixel_cache_size (static: 0, total: 4)
Orphan StringName: THERMOHALINE_WEIGHT (static: 0, total: 6)
Orphan StringName: @moisture_getter (static: 0, total: 3)
Orphan StringName: TARGET_SNAPSHOT (static: 0, total: 2)
Orphan StringName: front.vel_x (static: 0, total: 1)
Orphan StringName: front.vel_y (static: 0, total: 1)
Orphan StringName: @wind_vector_setter (static: 0, total: 3)
Orphan StringName: VECTOR_KIND (static: 0, total: 1)
Orphan StringName: apply_land_layout (static: 0, total: 4)
Orphan StringName: readwrite (static: 0, total: 3)
Orphan StringName: _player_slot (static: 0, total: 4)
Orphan StringName: write_u8_indexed (static: 0, total: 3)
Orphan StringName: describe (static: 0, total: 23)
Orphan StringName: terminal_reason (static: 0, total: 6)
Orphan StringName: neighbor_index (static: 0, total: 3)
Orphan StringName: weather_rain_shadow_drying (static: 0, total: 5)
Orphan StringName: _to_string (static: 0, total: 3)
Orphan StringName: _last_cover_cell_bytes_packed (static: 0, total: 3)
Orphan StringName: cell.heat_input (static: 0, total: 2)
Orphan StringName: get_ocean_current_preclamp_max (static: 0, total: 3)
Orphan StringName: mark_weather_dirty (static: 0, total: 3)
Orphan StringName: RIDGE_SMEAR_HEX (static: 0, total: 2)
Orphan StringName: _pending_size (static: 0, total: 4)
Orphan StringName: payload_from_native_result (static: 0, total: 3)
Orphan StringName: MapBaker (static: 0, total: 3)
Orphan StringName: vegetation_stress_memory_days (static: 0, total: 5)
Orphan StringName: target_selector (static: 0, total: 6)
Orphan StringName: res://scripts/rendering/bakers/terrain_index_baker.gd (static: 0, total: 8)
Orphan StringName: _solve_visible_from_sources (static: 0, total: 4)
Orphan StringName: weather_lut_tex (static: 0, total: 4)
Orphan StringName: apprentice (static: 0, total: 1)
Orphan StringName: _enum_atlas_throttle_should_flush (static: 0, total: 4)
Orphan StringName: fur (static: 0, total: 4)
Orphan StringName: arr_f32 (static: 0, total: 17)
Orphan StringName: _peek_format_version (static: 0, total: 4)
Orphan StringName: LF (static: 0, total: 4)
Orphan StringName: _CID_TEMP_ANOMALY (static: 0, total: 2)
Orphan StringName: _wind_b_commit_diag_count (static: 0, total: 4)
Orphan StringName: climate.temperature (static: 0, total: 2)
Orphan StringName: starter_building_total (static: 0, total: 1)
Orphan StringName: habitat_code (static: 0, total: 5)
Orphan StringName: compute_annual_insolation_mean (static: 0, total: 4)
Orphan StringName: entries (static: 0, total: 4)
Orphan StringName: insolation_season_gain (static: 0, total: 5)
Orphan StringName: res://scripts/weather/wind_belt.gd (static: 0, total: 5)
Orphan StringName: POOL_CELLS (static: 0, total: 2)
Orphan StringName: fractal_octaves (static: 0, total: 1)
Orphan StringName: _rotate_axis_toward (static: 0, total: 4)
Orphan StringName: _ice_state_cache_size (static: 0, total: 4)
Orphan StringName: knobs (static: 0, total: 1)
Orphan StringName: read_u8 (static: 0, total: 9)
Orphan StringName: EffectDefinitionScript (static: 0, total: 6)
Orphan StringName: FamilyBehaviorPreference (static: 0, total: 3)
Orphan StringName: country_slot_arr (static: 0, total: 5)
Orphan StringName: _encode_r8_tex (static: 0, total: 3)
Orphan StringName: peak_min_land_h (static: 0, total: 5)
Orphan StringName: _cp_for_front_flag (static: 0, total: 2)
Orphan StringName: thermal_monsoon_breeze_floor (static: 0, total: 8)
Orphan StringName: signal_index (static: 0, total: 4)
Orphan StringName: all_names (static: 0, total: 3)
Orphan StringName: U8 (static: 0, total: 4)
Orphan StringName: exclusion_keys (static: 0, total: 12)
Orphan StringName: SLP_OVERLAY_NORM_RANGE (static: 0, total: 2)
Orphan StringName: _Slot (static: 0, total: 4)
Orphan StringName: OCCUPANCY_HABITAT_COLD_GRAZER (static: 0, total: 2)
Orphan StringName: cell.weather_vapor (static: 0, total: 4)
Orphan StringName: _by_id (static: 0, total: 2)
Orphan StringName: _ensure_ocean_pixel_to_cell_index (static: 0, total: 6)
Orphan StringName: cell.upwelling_strength (static: 0, total: 3)
Orphan StringName: prevailing_wind (static: 0, total: 5)
Orphan StringName: effect_static_targets (static: 0, total: 1)
Orphan StringName: GOOD_LABELS (static: 0, total: 2)
Orphan StringName: Viewport (static: 0, total: 2)
Orphan StringName: building_output_good_ids (static: 0, total: 2)
Orphan StringName: _cache (static: 0, total: 6)
Orphan StringName: degradation_reason (static: 0, total: 5)
Orphan StringName: with_dirty_mask (static: 0, total: 3)
Orphan StringName: weather_vapor (static: 0, total: 10)
Orphan StringName: explored_arr (static: 0, total: 7)
Orphan StringName: get (static: 1, total: 244)
Orphan StringName: next_harsher (static: 0, total: 7)
Orphan StringName: _carrying_need_goods (static: 0, total: 4)
Orphan StringName: dynamic_cell_atlas_chunk_finalize (static: 0, total: 4)
Orphan StringName: cell.weather_dirty_mask (static: 0, total: 2)
Orphan StringName: cell.province_id (static: 0, total: 2)
Orphan StringName: veg_desert_donor (static: 0, total: 5)
Orphan StringName: _last_dyn_smooth_cell_sigs (static: 0, total: 3)
Orphan StringName: _f (static: 0, total: 40)
Orphan StringName: VisionSolver (static: 0, total: 3)
Orphan StringName: _u (static: 0, total: 14)
Orphan StringName: _ema_initialized (static: 0, total: 6)
Orphan StringName: OCEAN_CURRENT_NORM_MAX (static: 0, total: 2)
Orphan StringName: decay_stress (static: 0, total: 37)
Orphan StringName: building_maturity_display_names (static: 0, total: 1)
Orphan StringName: EraRewardCatalog (static: 0, total: 3)
Orphan StringName: prime_physical_solve_from_current_wind (static: 0, total: 3)
Orphan StringName: source_tags (static: 0, total: 4)
Orphan StringName: bio_occupancy_bits_arr (static: 0, total: 6)
Orphan StringName: bake (static: 0, total: 7)
Orphan StringName: _CID_WEATHER_VAPOR (static: 0, total: 2)
Orphan StringName: _survival_score (static: 0, total: 4)
Orphan StringName: sync_runtime_terrain_facade_from_soa (static: 0, total: 3)
Orphan StringName: cell.weather_type (static: 0, total: 4)
Orphan StringName: DENSITY_DEGRADE_FACTOR (static: 0, total: 2)
Orphan StringName: cell.res_phosphate_rock_reserve (static: 0, total: 3)
Orphan StringName: _PROFILE_PATHS (static: 0, total: 8)
Orphan StringName: POLAR_X (static: 0, total: 2)
Orphan StringName: _CMD_ADD_COMP (static: 0, total: 2)
Orphan StringName: runtime_moisture_signal (static: 0, total: 38)
Orphan StringName: family.workspace.person (static: 0, total: 1)
Orphan StringName: id (static: 0, total: 211)
Orphan StringName: @temperature_getter (static: 0, total: 3)
Orphan StringName: wrap_min_image_dx (static: 0, total: 3)
Orphan StringName: trade_enabled (static: 0, total: 139)
Orphan StringName: _weather_field_cache_size (static: 0, total: 4)
Orphan StringName: sim_stagger_enabled (static: 0, total: 5)
Orphan StringName: base (static: 0, total: 5)
Orphan StringName: neighbor_dir (static: 0, total: 4)
Orphan StringName: _CID_WEATHER_INSTABILITY (static: 0, total: 2)
Orphan StringName: cell.res_bauxite_reserve (static: 0, total: 3)
Orphan StringName: ok (static: 0, total: 3)
Orphan StringName: op (static: 0, total: 14)
Orphan StringName: init_min_reserve (static: 0, total: 37)
Orphan StringName: _s_intensity (static: 0, total: 3)
Orphan StringName: weather_extreme_precip_soft_cap (static: 0, total: 5)
Orphan StringName: requested_budget_px (static: 0, total: 5)
Orphan StringName: _encode_enum_atlas (static: 0, total: 5)
Orphan StringName: @weather_precip_setter (static: 0, total: 3)
Orphan StringName: @weather_vapor_setter (static: 0, total: 3)
Orphan StringName: autonomous_systems (static: 0, total: 4)
Orphan StringName: front.pos_x (static: 0, total: 1)
Orphan StringName: AlwaysPolicy (static: 0, total: 4)
Orphan StringName: front.pos_y (static: 0, total: 1)
Orphan StringName: _insolation_dev_for (static: 0, total: 4)
Orphan StringName: ferrous_stock (static: 0, total: 3)
Orphan StringName: Ranking (static: 0, total: 2)
Orphan StringName: _phys_knobs_base_psi (static: 0, total: 3)
Orphan StringName: CELL_UPWELLING_STRENGTH (static: 0, total: 2)
Orphan StringName: root (static: 0, total: 1)
Orphan StringName: employee_professions (static: 0, total: 1)
Orphan StringName: read_bool (static: 0, total: 3)
Orphan StringName: arr_u8 (static: 0, total: 14)
Orphan StringName: MultiplayerAPI (static: 0, total: 2)
Orphan StringName: _cid_array_ext (static: 0, total: 3)
Orphan StringName: TERRAIN_HORIZON_GPU_META (static: 0, total: 2)
Orphan StringName: has (static: 0, total: 86)
Orphan StringName: native_daily_commit_lag_budget_days (static: 0, total: 5)
Orphan StringName: stack_policy (static: 0, total: 13)
Orphan StringName: FamilyTraitCatalogScript (static: 0, total: 2)
Orphan StringName: cell.visible (static: 0, total: 2)
Orphan StringName: _write_reserve (static: 0, total: 4)
Orphan StringName: sim_strict_budget_enabled (static: 0, total: 5)
Orphan StringName: cell.res_gold_ore_extra_change (static: 0, total: 2)
Orphan StringName: bake_world (static: 0, total: 3)
Orphan StringName: fontawesome (static: 0, total: 138)
Orphan StringName: position (static: 0, total: 4)
Orphan StringName: _last_cover_cell_bytes (static: 0, total: 3)
Orphan StringName: _wind_div_damp_alpha_eff_last (static: 0, total: 4)
Orphan StringName: ModifierEffectScript (static: 0, total: 2)
Orphan StringName: get_ocean_current_preclamp_p95 (static: 0, total: 3)
Orphan StringName: veg_jungle_donor (static: 0, total: 5)
Orphan StringName: particle_spread (static: 0, total: 5)
Orphan StringName: on_job_completed (static: 0, total: 6)
Orphan StringName: _CID_VEG_REGEN_SCORE (static: 0, total: 2)
Orphan StringName: res_salt_reserve_arr (static: 0, total: 3)
Orphan StringName: prerequisite_technology_any (static: 0, total: 14)
Orphan StringName: cell.res_manganese_ore_reserve (static: 0, total: 3)
Orphan StringName: OCEAN_HEAT_ADVECT_STEPS (static: 0, total: 4)
Orphan StringName: cell.res_rare_earth_reserve (static: 0, total: 3)
Orphan StringName: cell.res_silica_sand_extra_change (static: 0, total: 2)
Orphan StringName: DETAIL_FREQ_BASE (static: 0, total: 2)
Orphan StringName: ensure_loaded (static: 0, total: 29)
Orphan StringName: rebake_terrain_detail_texture (static: 0, total: 5)
Orphan StringName: _field_slice_next_cloud (static: 0, total: 3)
Orphan StringName: wind_response_rate (static: 0, total: 10)
Orphan StringName: COMPATIBILITY_ALIASES (static: 0, total: 2)
Orphan StringName: _building_profile_by_id (static: 0, total: 4)
Orphan StringName: particle_texture (static: 0, total: 5)
Orphan StringName: country.affairs (static: 0, total: 2)
Orphan StringName: resource.bauxite (static: 0, total: 2)
Orphan StringName: _psi_early_exit_last (static: 0, total: 4)
Orphan StringName: COAST_SDF_MAX_DIST_PX (static: 0, total: 2)
Orphan StringName: run_wind_field_pass (static: 0, total: 2)
Orphan StringName: vegetation_history (static: 0, total: 3)
Orphan StringName: read_pkauth (static: 0, total: 3)
Orphan StringName: macro_relief_weight (static: 0, total: 5)
Orphan StringName: best_suitability_target (static: 0, total: 3)
Orphan StringName: sim_stagger_sea_ice_phase (static: 0, total: 5)
Orphan StringName: component_count (static: 0, total: 4)
Orphan StringName: _core_buckets (static: 0, total: 4)
Orphan StringName: _candidate_ids (static: 0, total: 4)
Orphan StringName: BuildingVisualIntelCache (static: 0, total: 3)
Orphan StringName: wind_vector (static: 0, total: 15)
Orphan StringName: particle_density_per_px2 (static: 0, total: 5)
Orphan StringName: OCCUPANCY_HABITAT_OPEN_FOOD (static: 0, total: 2)
Orphan StringName: horizon (static: 0, total: 3)
Orphan StringName: system.seed (static: 0, total: 2)
Orphan StringName: @weather_transition_alpha_setter (static: 0, total: 3)
Orphan StringName: CELL_RES_SULFUR_RESERVE (static: 0, total: 2)
Orphan StringName: usage_audit (static: 0, total: 3)
Orphan StringName: LandformType (static: 0, total: 3)
Orphan StringName: res://scripts/ui/icon_catalog.gd (static: 0, total: 19)
Orphan StringName: economic_sector_id (static: 0, total: 6)
Orphan StringName: _last_biome_cell_bytes_packed (static: 0, total: 3)
Orphan StringName: runtime_hydrology_enabled (static: 0, total: 5)
Orphan StringName: _VEG_TROPICAL_FOREST (static: 0, total: 2)
Orphan StringName: good_technology_tags (static: 0, total: 2)
Orphan StringName: DisplayServer (static: 0, total: 2)
Orphan StringName: STARTER_POPULATION (static: 0, total: 2)
Orphan StringName: vegetation_heat_stress (static: 0, total: 6)
Orphan StringName: @weather_intensity_getter (static: 0, total: 3)
Orphan StringName: _BOUNCE_ALBEDO (static: 0, total: 2)
Orphan StringName: _last_sea_ice_cell_bytes (static: 0, total: 3)
Orphan StringName: event_type (static: 0, total: 11)
Orphan StringName: climate_dirty_mask (static: 0, total: 3)
Orphan StringName: machinist (static: 0, total: 1)
Orphan StringName: OCCUPANCY_FLAG_FORBID_WARM (static: 0, total: 2)
Orphan StringName: temp_anomaly_arr (static: 0, total: 6)
Orphan StringName: cell.river_storage (static: 0, total: 2)
Orphan StringName: _floor_log2 (static: 0, total: 5)
Orphan StringName: _terrain_detail_is_rock_like (static: 0, total: 3)
Orphan StringName: hydro_lake_min_volume (static: 0, total: 5)
Orphan StringName: FLAGS (static: 0, total: 2)
Orphan StringName: vitality_low_streak_arr (static: 0, total: 3)
Orphan StringName: is_data_core_ready (static: 0, total: 3)
Orphan StringName: res_stone_reserve_arr (static: 0, total: 3)
Orphan StringName: encode_height_flow_tex (static: 0, total: 4)
Orphan StringName: use_partial_atlas_upload (static: 0, total: 6)
Orphan StringName: slice_count (static: 0, total: 4)
Orphan StringName: WEATHER_NAMES (static: 0, total: 1)
Orphan StringName: HashingContext (static: 0, total: 1)
Orphan StringName: _gdext_dist_runs (static: 0, total: 1)
Orphan StringName: weather_lake_evap_scale (static: 0, total: 5)
Orphan StringName: ids (static: 0, total: 2)
Orphan StringName: erosion_thermal_talus (static: 0, total: 5)
Orphan StringName: get_weather_vapor (static: 0, total: 9)
Orphan StringName: _field_cloud_inertia (static: 0, total: 1)
Orphan StringName: PRECIOUS_RESOURCE_IDS (static: 0, total: 2)
Orphan StringName: source_priority (static: 0, total: 7)
Orphan StringName: min_count (static: 0, total: 2)
Orphan StringName: _current_map_for_tick (static: 0, total: 2)
Orphan StringName: encode_bake_horizon_tex_data (static: 0, total: 1)
Orphan StringName: get_weather_intensity (static: 0, total: 10)
Orphan StringName: CELL_RES_MARINE_FISH_EXTRA_CHANGE (static: 0, total: 2)
Orphan StringName: CELL_TEMP_BASELINE (static: 0, total: 2)
Orphan StringName: _orographic_lift_for_cell (static: 0, total: 4)
Orphan StringName: native_daily_sea_ice_spread_dt_cap_days (static: 0, total: 5)
Orphan StringName: transport_load_per_unit_q16 (static: 0, total: 139)
Orphan StringName: @group_33_兼容字段 (static: 0, total: 2)
Orphan StringName: ResearchPredicateScript (static: 0, total: 2)
Orphan StringName: cell.wind_x (static: 0, total: 3)
Orphan StringName: cell.wind_y (static: 0, total: 3)
Orphan StringName: make (static: 0, total: 6)
Orphan StringName: _read_f32_array (static: 0, total: 4)
Orphan StringName: building_maturity_ranks (static: 0, total: 1)
Orphan StringName: _append_building_goods (static: 0, total: 4)
Orphan StringName: FileAccess (static: 0, total: 2)
Orphan StringName: hydro_riparian_moisture_floor (static: 0, total: 5)
Orphan StringName: veg_type (static: 0, total: 6)
Orphan StringName: system.settings (static: 0, total: 4)
Orphan StringName: MAX_SEED (static: 0, total: 2)
Orphan StringName: daily_climate_refresh_stride (static: 0, total: 5)
Orphan StringName: EffectCommandScript (static: 0, total: 4)
Orphan StringName: IconCatalog (static: 0, total: 3)
Orphan StringName: terrain_horizon_tex (static: 0, total: 4)
Orphan StringName: _eco_vitality_bytes_arr (static: 0, total: 3)
Orphan StringName: technology_effect_recipe_ids (static: 0, total: 1)
Orphan StringName: weakest_supply_coverage_q16 (static: 0, total: 1)
Orphan StringName: tectonic_lloyd_iters (static: 0, total: 5)
Orphan StringName: ELEVATION_MAX (static: 0, total: 2)
Orphan StringName: tile_world_span (static: 0, total: 4)
Orphan StringName: weather_lut_dirty_count (static: 0, total: 1)
Orphan StringName: temp_arr (static: 0, total: 14)
Orphan StringName: res_manganese_ore_reserve_arr (static: 0, total: 3)
Orphan StringName: emergent_season_enabled (static: 0, total: 5)
Orphan StringName: @temp_365d_mean_setter (static: 0, total: 4)
Orphan StringName: builtin_cell (static: 0, total: 3)
Orphan StringName: input_category_ids (static: 0, total: 6)
Orphan StringName: bast_fiber (static: 0, total: 2)
Orphan StringName: arr_i32 (static: 0, total: 14)
Orphan StringName: pool_free_count (static: 0, total: 3)
Orphan StringName: temperature_opt (static: 0, total: 2)
Orphan StringName: maxf (static: 0, total: 1)
Orphan StringName: _DATA (static: 0, total: 2)
Orphan StringName: medicinal_herbs (static: 0, total: 4)
Orphan StringName: maritime_season_damp (static: 0, total: 5)
Orphan StringName: economy.building.gathering (static: 0, total: 1)
Orphan StringName: ELEVATION_MIN (static: 0, total: 2)
Orphan StringName: moisture_buffer (static: 0, total: 6)
Orphan StringName: resource.gold (static: 0, total: 2)
Orphan StringName: building_required_technology_tag_offsets (static: 0, total: 2)
Orphan StringName: _ecology_visual_atlas_cache_size (static: 0, total: 4)
Orphan StringName: technology.state.unknown (static: 0, total: 3)
Orphan StringName: latitude_buffer (static: 0, total: 7)
Orphan StringName: CELL_INDIRECTION_META (static: 0, total: 2)
Orphan StringName: thermal_monsoon_enabled (static: 0, total: 8)
Orphan StringName: n_cells (static: 0, total: 1)
Orphan StringName: front_diagnostic_kind (static: 0, total: 4)
Orphan StringName: thermal_monsoon_gain (static: 0, total: 8)
Orphan StringName: _CID_TEMP_TRANSPORT_ANOM (static: 0, total: 2)
Orphan StringName: get_trade_move_cost (static: 0, total: 3)
Orphan StringName: res_gold_ore_extra_change_arr (static: 0, total: 3)
Orphan StringName: WindBelt (static: 0, total: 3)
Orphan StringName: latex (static: 0, total: 3)
Orphan StringName: enso_basin_modes_enabled (static: 0, total: 5)
Orphan StringName: groundwater_storage_arr (static: 0, total: 3)
Orphan StringName: CELL_TERRAIN (static: 0, total: 2)
Orphan StringName: to_pkfg_fields (static: 0, total: 3)
Orphan StringName: cell.res_timber_reserve (static: 0, total: 3)
Orphan StringName: cell.res_iron_ore_extra_change (static: 0, total: 2)
Orphan StringName: _vector_atlas_data (static: 0, total: 3)
Orphan StringName: coastal_moisture_boost (static: 0, total: 5)
Orphan StringName: _weather_vapor_backing (static: 0, total: 4)
Orphan StringName: CELL_RESOURCE_HABITAT_MASK (static: 0, total: 2)
Orphan StringName: _CID_VEG_HEAT_STRESS (static: 0, total: 2)
Orphan StringName: lubricants (static: 0, total: 4)
Orphan StringName: RIVER_ATLAS_PROBE_SCAN_LIMIT (static: 0, total: 2)
Orphan StringName: forestry_worker (static: 0, total: 1)
Orphan StringName: Texture2DArray (static: 0, total: 25)
Orphan StringName: AGG_MAX (static: 0, total: 2)
Orphan StringName: _compile_pending_knowledge_construction (static: 0, total: 4)
Orphan StringName: _map_data (static: 0, total: 8)
Orphan StringName: laterite (static: 0, total: 1)
Orphan StringName: bake_ocean_upwelling_slice (static: 0, total: 3)
Orphan StringName: _rows (static: 0, total: 4)
Orphan StringName: write_sections (static: 0, total: 3)
Orphan StringName: sample_vegetation (static: 0, total: 3)
Orphan StringName: _get_slot (static: 0, total: 27)
Orphan StringName: _try_run_weather_field_solve_gdext (static: 0, total: 1)
Orphan StringName: GOOD_GLYPHS (static: 0, total: 2)
Orphan StringName: _q01_byte (static: 0, total: 10)
Orphan StringName: @group_116_地表与生态 (static: 0, total: 2)
Orphan StringName: _upload_r8 (static: 0, total: 7)
Orphan StringName: wind_at (static: 0, total: 5)
Orphan StringName: _upwelling_path_logged (static: 0, total: 4)
Orphan StringName: SIZE_PRESETS (static: 0, total: 2)
Orphan StringName: res_zinc_ore_reserve_arr (static: 0, total: 3)
Orphan StringName: selector_values (static: 0, total: 1)
Orphan StringName: tropical_cyclone_min_instability (static: 0, total: 5)
Orphan StringName: CUSTOM_LAND_LAYOUT (static: 0, total: 2)
Orphan StringName: _bake_cell_luts_gd (static: 0, total: 4)
Orphan StringName: AGG_MIN (static: 0, total: 2)
Orphan StringName: _signals_for_visible_cells (static: 0, total: 5)
Orphan StringName: _pending_upwelling_buf (static: 0, total: 3)
Orphan StringName: apply_snapshot (static: 0, total: 5)
Orphan StringName: survival_score (static: 0, total: 2)
Orphan StringName: native_season_refresh_active_owner_enabled (static: 0, total: 5)
Orphan StringName: _visual_tile_generation_id (static: 0, total: 4)
Orphan StringName: stone (static: 0, total: 1)
Orphan StringName: reference_reserve (static: 0, total: 4)
Orphan StringName: OCCUPANCY_GUILD_NONE (static: 0, total: 2)
Orphan StringName: _catalog_hash (static: 0, total: 4)
Orphan StringName: scientist (static: 0, total: 1)
Orphan StringName: push_summary_perf_sample (static: 0, total: 1)
Orphan StringName: _has_index_list (static: 0, total: 4)
Orphan StringName: _neighbor_average_vapor (static: 0, total: 3)
Orphan StringName: enable_ocean_heat_transport (static: 0, total: 14)
Orphan StringName: _phys_knobs_base_slp (static: 0, total: 3)
Orphan StringName: _s_bucket (static: 0, total: 3)
Orphan StringName: tier_magnitude_q16 (static: 0, total: 5)
Orphan StringName: CELL_WEATHER_PREV_TYPE (static: 0, total: 2)
Orphan StringName: uses_shader_quality_tier (static: 0, total: 3)
Orphan StringName: climate_compat_score (static: 0, total: 5)
Orphan StringName: population.profession.worker (static: 0, total: 2)
Orphan StringName: peak_min_prominence (static: 0, total: 5)
Orphan StringName: strip_edges (static: 0, total: 22)
Orphan StringName: DEFAULT_FAMILY_TRAIT_CATALOG_PATH (static: 0, total: 2)
Orphan StringName: era_reward_pool_titles (static: 0, total: 1)
Orphan StringName: scopes (static: 0, total: 1)
Orphan StringName: moisture_stormtrack_wet_strength (static: 0, total: 5)
Orphan StringName: industrial_chemicals (static: 0, total: 4)
Orphan StringName: native_daily_ocean_thread_variant_enabled (static: 0, total: 5)
Orphan StringName: selector_negated (static: 0, total: 6)
Orphan StringName: technology_milestone_candidates (static: 0, total: 1)
Orphan StringName: @weather_target_type_setter (static: 0, total: 3)
Orphan StringName: CELL_WEATHER_INTENSITY (static: 0, total: 2)
Orphan StringName: _clear_weather_field_slice_state (static: 0, total: 2)
Orphan StringName: key (static: 0, total: 35)
Orphan StringName: public_application_intersections (static: 0, total: 4)
Orphan StringName: res://scripts/research/research_condition.gd (static: 0, total: 1)
Orphan StringName: res_lead_ore_reserve_arr (static: 0, total: 3)
Orphan StringName: EffectConditionScript (static: 0, total: 4)
Orphan StringName: res://scripts/effect/era_reward_target_selector.gd (static: 0, total: 1)
Orphan StringName: command_key (static: 0, total: 18)
Orphan StringName: _mark_weather_commit_tick (static: 0, total: 1)
Orphan StringName: DCWorld (static: 0, total: 7)
Orphan StringName: ConcavePolygonShape3D (static: 0, total: 2)
Orphan StringName: definitions (static: 0, total: 11)
Orphan StringName: init_micro_min_reserve (static: 0, total: 37)
Orphan StringName: moisture_smooth (static: 0, total: 5)
Orphan StringName: write_i32_indexed (static: 0, total: 3)
Orphan StringName: push_error (static: 0, total: 51)
Orphan StringName: slp_arr (static: 0, total: 8)
Orphan StringName: @group_464_热力梯度演示 (static: 0, total: 2)
Orphan StringName: is_water (static: 0, total: 3)
Orphan StringName: SHORE_CARVE_BAND (static: 0, total: 2)
Orphan StringName: NATIVE_MODE_SHADOW (static: 0, total: 2)
Orphan StringName: CELL_RIVER_DISCHARGE_30D (static: 0, total: 2)
Orphan StringName: res://scripts/research/research_predicate.gd (static: 0, total: 1)
Orphan StringName: compatibility_hash (static: 0, total: 8)
Orphan StringName: height (static: 0, total: 29)
Orphan StringName: Cell (static: 0, total: 8)
Orphan StringName: resource.rock (static: 0, total: 5)
Orphan StringName: TERRAIN_HORIZON_LOWPASS_RADIUS (static: 0, total: 2)
Orphan StringName: write_slot (static: 0, total: 3)
Orphan StringName: res_arable_land_reserve_arr (static: 0, total: 3)
Orphan StringName: system.clock (static: 0, total: 4)
Orphan StringName: death_rate_q32 (static: 0, total: 1)
Orphan StringName: vegetation_min_suitability (static: 0, total: 5)
Orphan StringName: _field_slice_temp_anom (static: 0, total: 3)
Orphan StringName: kind (static: 0, total: 11)
Orphan StringName: tax.income (static: 0, total: 1)
Orphan StringName: cell.temp_baseline (static: 0, total: 3)
Orphan StringName: run_ocean_field_rasterize_full (static: 0, total: 4)
Orphan StringName: best (static: 0, total: 2)
Orphan StringName: auto_purchase_enabled (static: 0, total: 1)
Orphan StringName: veg_forest_donor (static: 0, total: 5)
Orphan StringName: res://scripts/data_core/component_ids.gd (static: 0, total: 3)
Orphan StringName: res_clay_reserve_arr (static: 0, total: 3)
Orphan StringName: temp_baseline (static: 0, total: 7)
Orphan StringName: opcode (static: 0, total: 20)
Orphan StringName: _season_phase_to_day_of_year (static: 0, total: 4)
Orphan StringName: TOPOLOGY_HEX_NEIGHBORS (static: 0, total: 2)
Orphan StringName: _CID_TEMP_30D (static: 0, total: 2)
Orphan StringName: res_marine_fish_reserve_arr (static: 0, total: 3)
Orphan StringName: _wind_speed_backing (static: 0, total: 4)
Orphan StringName: EffectCondition (static: 0, total: 3)
Orphan StringName: cell.landform (static: 0, total: 2)
Orphan StringName: terrain_edge_neighbor_tex (static: 0, total: 4)
Orphan StringName: hydro_quickflow_fraction (static: 0, total: 5)
Orphan StringName: OCCUPANCY_HABITAT_HIGHLAND_FOOD (static: 0, total: 2)
Orphan StringName: is_passable (static: 0, total: 3)
Orphan StringName: effect_keys (static: 0, total: 5)
Orphan StringName: river_storage_arr (static: 0, total: 3)
Orphan StringName: veg_taiga_donor (static: 0, total: 5)
Orphan StringName: _vitality_low_streak (static: 0, total: 5)
Orphan StringName: init_floor_reserve (static: 0, total: 37)
Orphan StringName: cell.vegetation_cold_stress (static: 0, total: 3)
Orphan StringName: breakthrough_effect_rows (static: 0, total: 3)
Orphan StringName: _vegetation_regen_score_backing (static: 0, total: 4)
Orphan StringName: technology.state.locked (static: 0, total: 2)
Orphan StringName: @wind_vector_getter (static: 0, total: 3)
Orphan StringName: static_target (static: 0, total: 17)
Orphan StringName: spl_iters (static: 0, total: 5)
Orphan StringName: commit_psi_to_cells (static: 0, total: 4)
Orphan StringName: _vitality_high_streak (static: 0, total: 5)
Orphan StringName: initialize_empty (static: 0, total: 4)
Orphan StringName: tropical_cyclone_max_shear (static: 0, total: 5)
Orphan StringName: init_vegetation_weights (static: 0, total: 36)
Orphan StringName: marine_fish (static: 0, total: 1)
Orphan StringName: triggers (static: 0, total: 5)
Orphan StringName: origin_adjacent_water (static: 0, total: 7)
Orphan StringName: habitat_tags (static: 0, total: 4)
Orphan StringName: machine_parts (static: 0, total: 4)
Orphan StringName: good_substitution_category_offsets (static: 0, total: 1)
Orphan StringName: ClimateProfile.DemoTGPath (static: 0, total: 2)
Orphan StringName: _field_slice_map (static: 0, total: 4)
Orphan StringName: EVENT_TECHNOLOGY_PRACTICE (static: 0, total: 2)
Orphan StringName: append_array (static: 0, total: 1)
Orphan StringName: FastNoiseLite (static: 0, total: 31)
Orphan StringName: public_cube_row_norm (static: 0, total: 1)
Orphan StringName: _CMD_CREATE (static: 0, total: 2)
Orphan StringName: track_prev (static: 0, total: 157)
Orphan StringName: run_physical_circulation_pass (static: 0, total: 1)
Orphan StringName: CELL_TEMP_BASELINE_YEAR (static: 0, total: 2)
Orphan StringName: native_climate_round_active_owner_enabled (static: 0, total: 5)
Orphan StringName: _rewrite_axis_buffers (static: 0, total: 4)
Orphan StringName: @group_382_火山 (static: 0, total: 2)
Orphan StringName: TargetDomain (static: 0, total: 2)
Orphan StringName: distinct_field (static: 0, total: 6)
Orphan StringName: __vitality_high_streak_backing (static: 0, total: 4)
Orphan StringName: CELL_WEATHER_TRANSITION_ALPHA (static: 0, total: 2)
Orphan StringName: visible (static: 0, total: 6)
Orphan StringName: rebake_biome_axes_only (static: 0, total: 4)
Orphan StringName: eco_drift_amp (static: 0, total: 5)
Orphan StringName: stainless_steel (static: 0, total: 3)
Orphan StringName: public_lane_metadata (static: 0, total: 3)
Orphan StringName: encode_overlay_atlas (static: 0, total: 2)
Orphan StringName: upwelling_strength (static: 0, total: 9)
Orphan StringName: _VEG_COOL_GRASS (static: 0, total: 2)
Orphan StringName: economy.building.mine (static: 0, total: 2)
Orphan StringName: _init (static: 0, total: 42)
Orphan StringName: freshwater_fish (static: 0, total: 1)
Orphan StringName: cell.insolation_dev (static: 0, total: 2)
Orphan StringName: CELL_BIO_OCCUPANCY_BITS (static: 0, total: 2)
Orphan StringName: Comparator (static: 0, total: 2)
Orphan StringName: cell.vegetation (static: 0, total: 2)
Orphan StringName: climate.snow (static: 0, total: 3)
Orphan StringName: _phys_last_slp_out_size (static: 0, total: 4)
Orphan StringName: price_quantity_floor_q16 (static: 0, total: 1)
Orphan StringName: moisture (static: 0, total: 15)
Orphan StringName: silver (static: 0, total: 4)
Orphan StringName: weather_dirty_mask (static: 0, total: 7)
Orphan StringName: grid_size (static: 0, total: 7)
Orphan StringName: mountain_min_relief (static: 0, total: 5)
Orphan StringName: hm_size (static: 0, total: 17)
Orphan StringName: get_physical_circulation_diag (static: 0, total: 3)
Orphan StringName: TriggerCatalog (static: 0, total: 3)
Orphan StringName: _WIND_MOUNTAIN_DEFLECT_W (static: 0, total: 2)
Orphan StringName: _slp_delta_p95_last (static: 0, total: 4)
Orphan StringName: prerequisite_keys (static: 0, total: 5)
Orphan StringName: res://scripts/game/start_location_profile.gd (static: 0, total: 1)
Orphan StringName: TerrainGeometryScript (static: 0, total: 4)
Orphan StringName: layer_size (static: 0, total: 9)
Orphan StringName: DCTerrainGeometryUtils (static: 0, total: 3)
Orphan StringName: DevelopmentAchievementCatalogScript (static: 0, total: 6)
Orphan StringName: _localized_route_names (static: 0, total: 4)
Orphan StringName: WIND_SPEED_NORM_MAX (static: 0, total: 2)
Orphan StringName: excess (static: 0, total: 1)
Orphan StringName: moisture_noise_amp (static: 0, total: 5)
Orphan StringName: _terrain_detail_is_wetland_like (static: 0, total: 3)
Orphan StringName: building_output_offsets (static: 0, total: 2)
Orphan StringName: _visual_tile_refresh_layers (static: 0, total: 3)
Orphan StringName: target_resolvers (static: 0, total: 1)
Orphan StringName: border_world_width (static: 0, total: 2)
Orphan StringName: meat (static: 0, total: 4)
Orphan StringName: CanvasItem (static: 0, total: 2)
Orphan StringName: map (static: 0, total: 4)
Orphan StringName: max (static: 0, total: 5)
Orphan StringName: cell.plant_available_water (static: 0, total: 2)
Orphan StringName: res://scripts/geography/terrain_type.gd (static: 0, total: 10)
Orphan StringName: EraRewardCatalogScript (static: 0, total: 2)
Orphan StringName: resource.marine_fish (static: 0, total: 3)
Orphan StringName: _PHYS_STAGE_PSI_ITERS (static: 0, total: 2)
Orphan StringName: name_cn (static: 0, total: 6)
Orphan StringName: _diag_one_callers_seen (static: 0, total: 3)
Orphan StringName: _advect (static: 0, total: 1)
Orphan StringName: to_dictionary (static: 0, total: 3)
Orphan StringName: Node2D (static: 0, total: 1)
Orphan StringName: hydro_flood_threshold (static: 0, total: 5)
Orphan StringName: reset_physical_solve_state (static: 0, total: 4)
Orphan StringName: _UPWELLING_COLD_SINK_GAIN (static: 0, total: 2)
Orphan StringName: canned_fish (static: 0, total: 4)
Orphan StringName: run_bake_erosion_pass (static: 0, total: 2)
Orphan StringName: _debug_pass_active (static: 0, total: 4)
Orphan StringName: _record_enum_atlas_upload_report (static: 0, total: 7)
Orphan StringName: _wind_traj_gen_last (static: 0, total: 4)
Orphan StringName: min (static: 0, total: 1)
Orphan StringName: ecology_visual_atlas_buffer (static: 0, total: 4)
Orphan StringName: push_back (static: 0, total: 1)
Orphan StringName: action.play (static: 0, total: 3)
Orphan StringName: DOMAIN_NAMES (static: 0, total: 2)
Orphan StringName: ocean_moisture_drift_gain (static: 0, total: 5)
Orphan StringName: view_f32 (static: 0, total: 4)
Orphan StringName: GoodProfile (static: 0, total: 3)
Orphan StringName: front.radius (static: 0, total: 1)
Orphan StringName: MIN_TEXELS_PER_HEX (static: 0, total: 2)
Orphan StringName: demo_thermal_gradient_enabled (static: 0, total: 6)
Orphan StringName: for_each_chunk (static: 0, total: 3)
Orphan StringName: weather_field_slice_cells (static: 0, total: 5)
Orphan StringName: ERA_IDS (static: 0, total: 2)
Orphan StringName: _ecology_transition_age_bytes (static: 0, total: 3)
Orphan StringName: rebake_cover_tex_only (static: 0, total: 3)
Orphan StringName: development_metric_era_indices (static: 0, total: 1)
Orphan StringName: cell.res_stone_extra_change (static: 0, total: 2)
Orphan StringName: soil_moisture_arr (static: 0, total: 4)
Orphan StringName: _orographic_lift_idx (static: 0, total: 3)
Orphan StringName: weather_vapor_transport_gain (static: 0, total: 5)
Orphan StringName: mesh (static: 0, total: 2)
Orphan StringName: _dirty_mark_one (static: 0, total: 7)
Orphan StringName: @weather_precip_getter (static: 0, total: 3)
Orphan StringName: @weather_vapor_getter (static: 0, total: 3)
Orphan StringName: _last_vegetation_cell_bytes (static: 0, total: 3)
Orphan StringName: res_pasture_extra_change_arr (static: 0, total: 3)
Orphan StringName: run_wind_field_rasterize (static: 0, total: 1)
Orphan StringName: _weather_intensity_backing (static: 0, total: 4)
Orphan StringName: variant_class_savings_threshold_factor_q16 (static: 0, total: 1)
Orphan StringName: rebake_ocean_currents (static: 0, total: 3)
Orphan StringName: @group_93_每帧预算 (static: 0, total: 2)
Orphan StringName: hydro_lake_min_depth (static: 0, total: 5)
Orphan StringName: select_construction_backbone (static: 0, total: 4)
Orphan StringName: _rasterize_upwelling_slice_from_hex (static: 0, total: 5)
Orphan StringName: tax.import (static: 0, total: 1)
Orphan StringName: ocean_thermal_anomaly_arr (static: 0, total: 3)
Orphan StringName: river_count (static: 0, total: 5)
Orphan StringName: _vegetation_cache_size (static: 0, total: 4)
Orphan StringName: CELL_WEATHER_CLOUD (static: 0, total: 2)
Orphan StringName: FOG_VISIBLE (static: 0, total: 2)
Orphan StringName: OCCUPANCY_HABITAT_FIBER_OPEN (static: 0, total: 2)
Orphan StringName: cell.weather_field_init (static: 0, total: 4)
Orphan StringName: TERRAIN_MATERIAL_SIZE_DESKTOP (static: 0, total: 2)
Orphan StringName: get_temp_baseline (static: 0, total: 9)
Orphan StringName: radio_equipment (static: 0, total: 4)
Orphan StringName: weather_ocean_precip_suppression (static: 0, total: 5)
Orphan StringName: _climate_profiles (static: 0, total: 2)
Orphan StringName: _wind_convergence_for_cell (static: 0, total: 4)
Orphan StringName: NATIVE_MODE_OFF (static: 0, total: 2)
Orphan StringName: mark_dirty_all (static: 0, total: 3)
Orphan StringName: _EKMAN_DEFLECTION_RAD (static: 0, total: 2)
Orphan StringName: _cover_cache_size (static: 0, total: 4)
Orphan StringName: cells_of_terrain (static: 0, total: 3)
Orphan StringName: res_paddy_land_extra_change_arr (static: 0, total: 3)
Orphan StringName: dyn_atlas_smooth_chunk_step (static: 0, total: 4)
Orphan StringName: cell.res_bauxite_extra_change (static: 0, total: 2)
Orphan StringName: section_ids (static: 0, total: 3)
Orphan StringName: research_habitat_tags (static: 0, total: 4)
Orphan StringName: CELL_RES_BAUXITE_EXTRA_CHANGE (static: 0, total: 2)
Orphan StringName: input_required_q16 (static: 0, total: 8)
Orphan StringName: CELL_RES_OIL_EXTRA_CHANGE (static: 0, total: 2)
Orphan StringName: SourceKind (static: 0, total: 2)
Orphan StringName: profession_class_id (static: 0, total: 1)
Orphan StringName: PAYLOAD_TRADE_ARRIVED_V1 (static: 0, total: 2)
Orphan StringName: get_river_atlas_probe_state (static: 0, total: 4)
Orphan StringName: _CID_WEATHER_FIELD_INIT (static: 0, total: 2)
Orphan StringName: snow_cover_arr_prev (static: 0, total: 4)
Orphan StringName: era_reward_option_descriptions (static: 0, total: 1)
Orphan StringName: EROSION_RADIUS (static: 0, total: 2)
Orphan StringName: new (static: 4, total: 20)
Orphan StringName: technology_primary_route_tags (static: 0, total: 1)
Orphan StringName: _wrapped_delta (static: 0, total: 7)
Orphan StringName: economy_trade_move_cost_lut (static: 0, total: 3)
Orphan StringName: res_plantation_land_extra_change_arr (static: 0, total: 3)
Orphan StringName: supply_price_elasticity_q16 (static: 0, total: 6)
Orphan StringName: prepared_staples (static: 0, total: 4)
Orphan StringName: arch.cell (static: 0, total: 1)
Orphan StringName: plateau_min_land_h (static: 0, total: 5)
Orphan StringName: @weather_transition_alpha_getter (static: 0, total: 3)
Orphan StringName: CELL_VEGETATION_VITALITY (static: 0, total: 2)
Orphan StringName: _river_atlas_probe_rows (static: 0, total: 3)
Orphan StringName: get_ocean_current_max_magnitude (static: 0, total: 3)
Orphan StringName: decay_self (static: 0, total: 39)
Orphan StringName: _relax_minimum_distances (static: 0, total: 4)
Orphan StringName: SCHEMA_VERSION (static: 0, total: 2)
Orphan StringName: badlands_max_patch_cells (static: 0, total: 5)
Orphan StringName: _row_generation (static: 0, total: 4)
Orphan StringName: run_deferred_initial_cell_luts (static: 0, total: 3)
Orphan StringName: bake_hydraulic_erosion (static: 0, total: 4)
Orphan StringName: EVENT_TRADE_ARRIVED (static: 0, total: 2)
Orphan StringName: economy.building.farm (static: 0, total: 2)
Orphan StringName: _pools (static: 0, total: 3)
Orphan StringName: family_surname_ids (static: 0, total: 1)
Orphan StringName: DEFAULT_LAND_LAYOUT (static: 0, total: 2)
Orphan StringName: OCCUPANCY_ORIGIN_COSMOPOLITAN (static: 0, total: 2)
Orphan StringName: automobiles (static: 0, total: 4)
Orphan StringName: _enabled (static: 0, total: 4)
Orphan StringName: init_noise_scale (static: 0, total: 36)
Orphan StringName: cell.res_lead_ore_reserve (static: 0, total: 3)
Orphan StringName: family.workspace.preferences (static: 0, total: 1)
Orphan StringName: dyn_atlas_smooth_chunk_finalize (static: 0, total: 4)
Orphan StringName: _condition_signal (static: 0, total: 4)
Orphan StringName: employee_slots (static: 0, total: 1)
Orphan StringName: stage_progress (static: 0, total: 3)
Orphan StringName: all_cells (static: 0, total: 28)
Orphan StringName: native_daily_finalizer_native_publish_enabled (static: 0, total: 5)
Orphan StringName: domain_hint (static: 0, total: 1)
Orphan StringName: hydro_curve_number_dry (static: 0, total: 5)
Orphan StringName: enable_terrain_aware_wind (static: 0, total: 10)
Orphan StringName: vegetation_tie_epsilon (static: 0, total: 5)
Orphan StringName: _upload_edge_textures (static: 0, total: 5)
Orphan StringName: _compile_carrying_columns (static: 0, total: 4)
Orphan StringName: spl_uplift_rate (static: 0, total: 5)
Orphan StringName: era_reward_selector_filter_codes (static: 0, total: 1)
Orphan StringName: zinc_ore (static: 0, total: 6)
Orphan StringName: physical (static: 0, total: 4)
Orphan StringName: vegetation_cold_stress_arr (static: 0, total: 4)
Orphan StringName: res_wild_game_reserve_arr (static: 0, total: 3)
Orphan StringName: EraRewardCommandTemplate (static: 0, total: 3)
Orphan StringName: _plan_better (static: 0, total: 4)
Orphan StringName: _CID_TEMP_BASELINE (static: 0, total: 2)
Orphan StringName: condition_reference_ids (static: 0, total: 6)
Orphan StringName: cell.res_arable_land_reserve (static: 0, total: 3)
Orphan StringName: _latitude_hint (static: 0, total: 4)
Orphan StringName: resource_quantities_per_day (static: 0, total: 7)
Orphan StringName: hydro_river_evap_gain (static: 0, total: 5)
Orphan StringName: SQRT3_HALF (static: 0, total: 2)
Orphan StringName: _last_weather_field_cell_sigs (static: 0, total: 3)
Orphan StringName: technology.state.pending (static: 0, total: 3)
Orphan StringName: external_ref (static: 0, total: 12)
Orphan StringName: dynamic_bindings (static: 0, total: 1)
Orphan StringName: init_volcano (static: 0, total: 37)
Orphan StringName: StartLocationPolicy (static: 0, total: 3)
Orphan StringName: _csv_escape (static: 0, total: 4)
Orphan StringName: vegetation_degrade_reset_target (static: 0, total: 5)
Orphan StringName: score_term (static: 0, total: 7)
Orphan StringName: synthetic_rubber (static: 0, total: 3)
Orphan StringName: res://scripts/rendering/map_baker.gd (static: 0, total: 177)
Orphan StringName: birth_rate_factor_q16 (static: 0, total: 1)
Orphan StringName: era_reward_option_offsets (static: 0, total: 1)
Orphan StringName: cell.wind_speed (static: 0, total: 3)
Orphan StringName: prev_slp_arr (static: 0, total: 1)
Orphan StringName: _field_rain_shadow_drying (static: 0, total: 1)
Orphan StringName: days_per_year (static: 0, total: 1)
Orphan StringName: country.technology (static: 0, total: 6)
Orphan StringName: cell.vitality_high_streak (static: 0, total: 3)
Orphan StringName: semiconductors (static: 0, total: 4)
Orphan StringName: _empty_tex (static: 0, total: 3)
Orphan StringName: description_template (static: 0, total: 6)
Orphan StringName: oil (static: 0, total: 1)
Orphan StringName: _gdext_dist_fallbacks (static: 0, total: 1)
Orphan StringName: WARP_HIGH_AMP_RATIO (static: 0, total: 2)
Orphan StringName: sim_stagger_native_environment_phase (static: 0, total: 5)
Orphan StringName: WeatherProfile (static: 0, total: 6)
Orphan StringName: load_default (static: 0, total: 10)
Orphan StringName: @snow_cover_setter (static: 0, total: 4)
Orphan StringName: command (static: 0, total: 7)
Orphan StringName: @temp_365d_mean_getter (static: 0, total: 3)
Orphan StringName: cell.res_silver_ore_reserve (static: 0, total: 3)
Orphan StringName: _s_dir_intensity (static: 0, total: 3)
Orphan StringName: get_psi_iters_run (static: 0, total: 3)
Orphan StringName: _upload_rgba8 (static: 0, total: 6)
Orphan StringName: demo_thermal_gradient_elevation_gain (static: 0, total: 5)
Orphan StringName: res://scripts/effect/era_reward_catalog.gd (static: 0, total: 10)
Orphan StringName: weather_component_summary_limit (static: 0, total: 5)
Orphan StringName: apply_result (static: 0, total: 5)
Orphan StringName: snow_cover (static: 0, total: 9)
Orphan StringName: effect_definition_keys (static: 0, total: 1)
Orphan StringName: solve_psi_one_shot (static: 0, total: 3)
Orphan StringName: period_ticks (static: 0, total: 4)
Orphan StringName: construction_min_quality_levels (static: 0, total: 6)
Orphan StringName: _neighbor_aligned_idx (static: 0, total: 7)
Orphan StringName: _profile_float (static: 0, total: 4)
Orphan StringName: CELL_RES_TIMBER_EXTRA_CHANGE (static: 0, total: 2)
Orphan StringName: unbind_map_data (static: 0, total: 4)
Orphan StringName: enable_cyclone_wake (static: 0, total: 4)
Orphan StringName: monsoon_offset_at (static: 0, total: 3)
Orphan StringName: set_terrain_horizon_gpu_bake (static: 0, total: 3)
Orphan StringName: init_ocean_current (static: 0, total: 37)
Orphan StringName: main_separation_factor (static: 0, total: 5)
Orphan StringName: cloth (static: 0, total: 3)
Orphan StringName: has_particles (static: 0, total: 5)
Orphan StringName: RENEWABLE_SAFE_HARVEST_Q16 (static: 0, total: 2)
Orphan StringName: _signature (static: 0, total: 4)
Orphan StringName: _upstream_vapor_idx (static: 0, total: 3)
Orphan StringName: production_quality_level (static: 0, total: 140)
Orphan StringName: cell.temperature_transport_anomaly (static: 0, total: 3)
Orphan StringName: encode_rg8_tex (static: 0, total: 4)
Orphan StringName: OCEAN_HEAT_MIX (static: 0, total: 4)
Orphan StringName: hydro_flood_decay (static: 0, total: 5)
Orphan StringName: SceneTree (static: 0, total: 4)
Orphan StringName: starter_eligible_set (static: 0, total: 1)
Orphan StringName: _WIND_COAST_THERMAL_MAX_DIST (static: 0, total: 2)
Orphan StringName: MIN_FOREIGN_COUNT (static: 0, total: 2)
Orphan StringName: _is_unselected_knowledge_profile (static: 0, total: 4)
Orphan StringName: wind_traj_weather_share (static: 0, total: 7)
Orphan StringName: rebake_dyn_atlas_smooth (static: 0, total: 3)
Orphan StringName: _build_indices (static: 0, total: 4)
Orphan StringName: flax_fiber (static: 0, total: 3)
Orphan StringName: cell.res_gold_ore_reserve (static: 0, total: 3)
Orphan StringName: weather.discover (static: 0, total: 1)
Orphan StringName: _process (static: 2, total: 5)
Orphan StringName: set_horizontal_wrap (static: 0, total: 3)
Orphan StringName: require_tax_or_subsidy (static: 0, total: 7)
Orphan StringName: HEAT_TRANSPORT_NORM_RANGE (static: 0, total: 2)
Orphan StringName: weather_feedback_stride (static: 0, total: 5)
Orphan StringName: subject_ids (static: 0, total: 1)
Orphan StringName: sea_ice_melt_rate (static: 0, total: 5)
Orphan StringName: _field_slice_refresh_convergence (static: 0, total: 4)
Orphan StringName: TARGET_STATIC (static: 0, total: 2)
Orphan StringName: petroleum_worker (static: 0, total: 1)
Orphan StringName: LANDFORM_NAMES (static: 0, total: 1)
Orphan StringName: res_salt_extra_change_arr (static: 0, total: 3)
Orphan StringName: canyon_min_wall (static: 0, total: 5)
Orphan StringName: SECTOR_NAMES (static: 0, total: 2)
Orphan StringName: _enum_atlas_cpp_skip_reason (static: 0, total: 4)
Orphan StringName: owner_slots_per_building (static: 0, total: 7)
Orphan StringName: sim_slice_budget_ms (static: 0, total: 5)
Orphan StringName: indentured_laborer (static: 0, total: 1)
Orphan StringName: weather_land_evapotranspiration_gain (static: 0, total: 5)
Orphan StringName: veg_delta_donor (static: 0, total: 5)
Orphan StringName: StridePolicy (static: 0, total: 4)
Orphan StringName: EffectInstruction (static: 0, total: 3)
Orphan StringName: procurement_budget_per_day (static: 0, total: 1)
Orphan StringName: front.strength (static: 0, total: 1)
Orphan StringName: view_i32 (static: 0, total: 4)
Orphan StringName: _append_condition_postfix (static: 0, total: 6)
Orphan StringName: weather_target_type_arr (static: 0, total: 6)
Orphan StringName: soa_size (static: 0, total: 8)
Orphan StringName: metric_type (static: 0, total: 1)
Orphan StringName: _arr_u8 (static: 0, total: 14)
Orphan StringName: base_terrain (static: 0, total: 5)
Orphan StringName: _trade_move_cost_lut_cache (static: 0, total: 2)
Orphan StringName: get_component_array (static: 0, total: 3)
Orphan StringName: PhysCircSolverScript (static: 0, total: 2)
Orphan StringName: minimum_targets (static: 0, total: 7)
Orphan StringName: ocean_weather_spawn_bias (static: 0, total: 5)
Orphan StringName: psi (static: 0, total: 7)
Orphan StringName: mark_all_climate_dirty (static: 0, total: 3)
Orphan StringName: _is_water_render_lut_built (static: 0, total: 3)
Orphan StringName: resource.pasture (static: 0, total: 3)
Orphan StringName: _PHYS_STAGE_DONE (static: 0, total: 2)
Orphan StringName: ecology_visual_atlas_chunk_finalize (static: 0, total: 4)
Orphan StringName: FamilyTriggerBinding (static: 0, total: 3)
Orphan StringName: demo_thermal_gradient_path (static: 0, total: 5)
Orphan StringName: CELL_BASE_LANDFORM (static: 0, total: 2)
Orphan StringName: requested_texels_per_hex (static: 0, total: 5)
Orphan StringName: _gdext_dist_first_attempt_logged (static: 0, total: 1)
Orphan StringName: native_daily_finalizer_thermal_epsilon (static: 0, total: 5)
Orphan StringName: era_reward_command_definition_keys (static: 0, total: 1)
Orphan StringName: selector_value (static: 0, total: 11)
Orphan StringName: _last_ecology_vitality_bytes (static: 0, total: 3)
Orphan StringName: AGG_SUM (static: 0, total: 2)
Orphan StringName: family.workspace.crest (static: 0, total: 1)
Orphan StringName: CELL_RES_SALTPETER_RESERVE (static: 0, total: 2)
Orphan StringName: get_vegetation_cold_stress (static: 0, total: 9)
Orphan StringName: bread (static: 0, total: 4)
Orphan StringName: condition_compares (static: 0, total: 6)
Orphan StringName: use_world_view_adapter (static: 0, total: 1)
Orphan StringName: semantic_tags (static: 0, total: 180)
Orphan StringName: goods (static: 0, total: 1)
Orphan StringName: sedimentary (static: 0, total: 7)
Orphan StringName: _wind_delta_p95_last (static: 0, total: 4)
Orphan StringName: _phys_slp_cursor (static: 0, total: 4)
Orphan StringName: base_qty_per_person (static: 0, total: 2)
Orphan StringName: @weather_target_type_getter (static: 0, total: 3)
Orphan StringName: rebake_ecology_visual_atlas_only (static: 0, total: 3)
Orphan StringName: cell.weather_precip (static: 0, total: 4)
Orphan StringName: effects (static: 0, total: 15)
Orphan StringName: _field_slice_moisture_read (static: 0, total: 3)
Orphan StringName: _ordered (static: 0, total: 4)
Orphan StringName: @_vitality_high_streak_setter (static: 0, total: 3)
Orphan StringName: native_daily_coarse_spread_yield_enabled (static: 0, total: 5)
Orphan StringName: get_slp_delta_p95 (static: 0, total: 3)
Orphan StringName: horses (static: 0, total: 4)
Orphan StringName: base_vegetation (static: 0, total: 5)
Orphan StringName: _is_water_terrain (static: 0, total: 13)
Orphan StringName: deserialize (static: 0, total: 3)
Orphan StringName: res://scripts/effect/effect_command.gd (static: 0, total: 1)
Orphan StringName: PAYLOAD_I0 (static: 0, total: 2)
Orphan StringName: PAYLOAD_I1 (static: 0, total: 2)
Orphan StringName: _temp_season_offset_backing (static: 0, total: 4)
Orphan StringName: _classify_field_weather_at (static: 0, total: 1)
Orphan StringName: EVENT_CONSTRUCTION_COMPLETED (static: 0, total: 2)
Orphan StringName: water_depth_buffer (static: 0, total: 6)
Orphan StringName: cell_px_count_arr (static: 0, total: 13)
Orphan StringName: _build_noise_tex (static: 0, total: 4)
Orphan StringName: encode_cell_luts (static: 0, total: 1)
Orphan StringName: _weight_rule (static: 0, total: 4)
Orphan StringName: demo_complex_terrain_drag (static: 0, total: 5)
Orphan StringName: _SLP_WATER_DAMP (static: 0, total: 2)
Orphan StringName: _CID_SEA_ICE_FRAC (static: 0, total: 2)
Orphan StringName: obsolete_min_price (static: 0, total: 2)
Orphan StringName: _DIAG_SAMPLE_TARGET (static: 0, total: 2)
Orphan StringName: technology_display_names (static: 0, total: 1)
Orphan StringName: sea_ice_freeze_insol_high (static: 0, total: 5)
Orphan StringName: OCCUPANCY_FLAG_FORBID_TROPICAL_FOREST (static: 0, total: 2)
Orphan StringName: demo (static: 0, total: 1)
Orphan StringName: TECHNOLOGY_INDUSTRY_REVISION (static: 0, total: 2)
Orphan StringName: _weather_transition_alpha_backing (static: 0, total: 4)
Orphan StringName: population.living.comfortable (static: 0, total: 2)
Orphan StringName: _clothing_demand (static: 0, total: 4)
Orphan StringName: inputs (static: 0, total: 2)
Orphan StringName: MODE (static: 0, total: 1)
Orphan StringName: enables_rain_streak (static: 0, total: 5)
Orphan StringName: RENEWABLE_GROWTH_DIVISOR (static: 0, total: 2)
Orphan StringName: _format_stride (static: 0, total: 4)
Orphan StringName: evaluate_starter_route (static: 0, total: 3)
Orphan StringName: _psi_first_run_logged (static: 0, total: 4)
Orphan StringName: minf (static: 0, total: 1)
Orphan StringName: mini (static: 0, total: 6)
Orphan StringName: demo_thermal_gradient_normalize_k (static: 0, total: 5)
Orphan StringName: _debug_pass_writes (static: 0, total: 3)
Orphan StringName: init_richness_exponent (static: 0, total: 36)
Orphan StringName: res_rare_earth_extra_change_arr (static: 0, total: 3)
Orphan StringName: SIGNAL_IDS (static: 0, total: 2)
Orphan StringName: weather_resistance (static: 0, total: 3)
Orphan StringName: _WIND_TERRAIN_HILL_DAMP (static: 0, total: 2)
Orphan StringName: _tiered_family_buff_triggers (static: 0, total: 4)
Orphan StringName: cell.temp_anomaly (static: 0, total: 3)
Orphan StringName: effect_offsets (static: 0, total: 1)
Orphan StringName: _field_diffusion (static: 0, total: 1)
Orphan StringName: effect_command_keys (static: 0, total: 1)
Orphan StringName: misc (static: 0, total: 3)
Orphan StringName: terrain_material_tex (static: 0, total: 4)
Orphan StringName: EraRewardPool (static: 0, total: 3)
Orphan StringName: noise_type (static: 0, total: 1)
Orphan StringName: qty (static: 0, total: 1)
Orphan StringName: _field_slice_cells (static: 0, total: 3)
Orphan StringName: resource_generation_floor_q16 (static: 0, total: 6)
Orphan StringName: neighbor_indices_packed (static: 0, total: 20)
Orphan StringName: PhysicalCirculationSolver (static: 0, total: 3)
Orphan StringName: _WIND_PRESSURE_GRAD_W (static: 0, total: 2)
Orphan StringName: init_min_coverage (static: 0, total: 36)
Orphan StringName: vegetation_stress_enabled (static: 0, total: 5)
Orphan StringName: edge_seed (static: 0, total: 5)
Orphan StringName: world_to_wrapped_cube (static: 0, total: 4)
Orphan StringName: building_resource_technology_tags (static: 0, total: 1)
Orphan StringName: sample_ocean_current (static: 0, total: 3)
Orphan StringName: _bake_terrain_index_native (static: 0, total: 4)
Orphan StringName: behaviors (static: 0, total: 6)
Orphan StringName: HM_MAX_DIM_DESKTOP (static: 0, total: 2)
Orphan StringName: _read_container (static: 0, total: 6)
Orphan StringName: main_placement_max (static: 0, total: 5)
Orphan StringName: res_timber_reserve_arr (static: 0, total: 3)
Orphan StringName: _eco_soa_initialized (static: 0, total: 4)
Orphan StringName: ecology.vegetation (static: 0, total: 11)
Orphan StringName: erosion_evaporation (static: 0, total: 5)
Orphan StringName: var_to_bytes (static: 0, total: 2)
Orphan StringName: _has_geometry (static: 0, total: 4)
Orphan StringName: display_name_cn (static: 0, total: 14)
Orphan StringName: DEFAULT_FOREIGN_COUNT (static: 0, total: 2)
Orphan StringName: CELL_MOISTURE (static: 0, total: 2)
Orphan StringName: owner_slots (static: 0, total: 4)
Orphan StringName: max_price_rise_q16 (static: 0, total: 139)
Orphan StringName: edible_oil (static: 0, total: 4)
Orphan StringName: _pending_psi_state (static: 0, total: 4)
Orphan StringName: _try_cpp_enum_axes_patch (static: 0, total: 4)
Orphan StringName: refresh_slots_from_map (static: 0, total: 7)
Orphan StringName: run_physical_solve_pass (static: 0, total: 1)
Orphan StringName: main_placement_min (static: 0, total: 5)
Orphan StringName: has_meta (static: 0, total: 1)
Orphan StringName: profile (static: 0, total: 6)
Orphan StringName: _sample_byte (static: 0, total: 6)
Orphan StringName: _validate_content_effects (static: 0, total: 4)
Orphan StringName: reward_target (static: 0, total: 6)
Orphan StringName: metric.territory (static: 0, total: 2)
Orphan StringName: EraRewardTargetSelector.EntityType (static: 0, total: 2)
Orphan StringName: _is_water_render_lut_cache (static: 0, total: 2)
Orphan StringName: _bake_wind_field (static: 0, total: 5)
Orphan StringName: public_application_visual_edges (static: 0, total: 3)
Orphan StringName: rfind (static: 0, total: 1)
Orphan StringName: _pack_csr_for_cells (static: 0, total: 7)
Orphan StringName: copper_ore (static: 0, total: 6)
Orphan StringName: _veg_history_idx (static: 0, total: 4)
Orphan StringName: CELL_INSOLATION_DEV (static: 0, total: 2)
Orphan StringName: journeyman (static: 0, total: 1)
Orphan StringName: _detail_noise (static: 0, total: 3)
Orphan StringName: resize (static: 0, total: 1)
Orphan StringName: building_technology_tags (static: 0, total: 2)
Orphan StringName: has_river_downstream (static: 0, total: 5)
Orphan StringName: _field_slice_cell_pos (static: 0, total: 3)
Orphan StringName: snowpack_cover_low (static: 0, total: 5)
Orphan StringName: cell.res_zinc_ore_extra_change (static: 0, total: 2)
Orphan StringName: _CID_TEMP (static: 0, total: 2)
Orphan StringName: development_metric_ids (static: 0, total: 2)
Orphan StringName: technology_milestone_required_counts (static: 0, total: 1)
Orphan StringName: _string_array (static: 0, total: 5)
Orphan StringName: erosion_thermal_rate (static: 0, total: 5)
Orphan StringName: sea_ice_tex (static: 0, total: 7)
Orphan StringName: target_domain (static: 0, total: 14)
Orphan StringName: res://scripts/geography/world_data.gd (static: 0, total: 14)
Orphan StringName: nuclear_fuel (static: 0, total: 4)
Orphan StringName: sim_stagger_climate_phase (static: 0, total: 5)
Orphan StringName: _MAX_AXIS_TURN_RADIANS (static: 0, total: 2)
Orphan StringName: weather_frontogenesis_gain (static: 0, total: 5)
Orphan StringName: terrain_normal_tex (static: 0, total: 4)
Orphan StringName: res://scripts/data/weather_profile_registry.gd (static: 0, total: 7)
Orphan StringName: status.hidden (static: 0, total: 3)
Orphan StringName: _daily_inputs_are_all_soft (static: 0, total: 4)
Orphan StringName: TriggerEffect (static: 0, total: 3)
Orphan StringName: _wind_convergence_idx (static: 0, total: 4)
Orphan StringName: terrain_detail_tex (static: 0, total: 6)
Orphan StringName: target_resolver (static: 0, total: 24)
Orphan StringName: res://scripts/geography/map_config.gd (static: 0, total: 3)
Orphan StringName: _gdext_summary_first_attempt_logged (static: 0, total: 1)
Orphan StringName: THEME_ROUTE_PREFIXES (static: 0, total: 2)
Orphan StringName: _renewable_safe_yield_per_day (static: 0, total: 5)
Orphan StringName: CATEGORY (static: 0, total: 1)
Orphan StringName: natural_philosopher (static: 0, total: 1)
Orphan StringName: native_daily_ocean_thread_tasks (static: 0, total: 5)
Orphan StringName: weather_temp_anomaly_cap (static: 0, total: 5)
Orphan StringName: select_pending_knowledge (static: 0, total: 4)
Orphan StringName: temp_hi (static: 0, total: 39)
Orphan StringName: res://scripts/game/runtime_state_provider.gd (static: 0, total: 11)
Orphan StringName: MeshInstance2D (static: 0, total: 3)
Orphan StringName: _field_slice_neighbor_indices (static: 0, total: 3)
Orphan StringName: CELL_RIVER_FLOW (static: 0, total: 2)
Orphan StringName: unemployed (static: 0, total: 1)
Orphan StringName: DemoTGPath (static: 0, total: 2)
Orphan StringName: resource.iron (static: 0, total: 3)
Orphan StringName: era_reward_rule_reasons (static: 0, total: 1)
Orphan StringName: EconomyCatalog (static: 0, total: 3)
Orphan StringName: _noise_raw_at (static: 0, total: 4)
Orphan StringName: _rebuild_vector_atlas_data_from_buffers (static: 0, total: 6)
Orphan StringName: input_quantities_per_day (static: 0, total: 7)
Orphan StringName: derived_size (static: 0, total: 44)
Orphan StringName: BIOME_GROUP_NAMES (static: 0, total: 1)
Orphan StringName: temp_lo (static: 0, total: 39)
Orphan StringName: sea_ice_solar_gate_enabled (static: 0, total: 5)
Orphan StringName: native_daily_node_range_enabled (static: 0, total: 5)
Orphan StringName: refresh_weather_lut_from_weather (static: 0, total: 3)
Orphan StringName: trigger_definition_keys_by_tier (static: 0, total: 6)
Orphan StringName: CELL_VEGETATION_GROWTH_PRESSURE (static: 0, total: 2)
Orphan StringName: _PSI_DEFAULT_ITERS (static: 0, total: 2)
Orphan StringName: construction_candidate_offsets (static: 0, total: 6)
Orphan StringName: terrain_name (static: 0, total: 5)
Orphan StringName: CELL_PROVINCE_ID (static: 0, total: 2)
Orphan StringName: research_scientist (static: 0, total: 1)
Orphan StringName: hydro_parent_arr (static: 0, total: 3)
Orphan StringName: CONTACT_RULES (static: 0, total: 2)
Orphan StringName: cell.weather_cloud (static: 0, total: 4)
Orphan StringName: _phys_knob_cache_hex (static: 0, total: 4)
Orphan StringName: init_moisture (static: 0, total: 37)
Orphan StringName: cell.base_landform (static: 0, total: 2)
Orphan StringName: _range_end (static: 0, total: 4)
Orphan StringName: signal_id (static: 0, total: 10)
Orphan StringName: dilate_dirty_one_hop (static: 0, total: 3)
Orphan StringName: _trait_from_row (static: 0, total: 4)
Orphan StringName: weather_cloud (static: 0, total: 10)
Orphan StringName: _upstream_vapor_cached (static: 0, total: 4)
Orphan StringName: hydro_precip_scale (static: 0, total: 5)
Orphan StringName: climate_profile (static: 0, total: 10)
Orphan StringName: RANGE_LABEL (static: 0, total: 1)
Orphan StringName: base_landform (static: 0, total: 5)
Orphan StringName: _optional_index (static: 0, total: 4)
Orphan StringName: set (static: 1, total: 2)
Orphan StringName: MAX_VIEW_HEIGHT (static: 0, total: 2)
Orphan StringName: resource.phosphate_rock (static: 0, total: 2)
Orphan StringName: sea_ice_solar_melt_gain (static: 0, total: 5)
Orphan StringName: input_candidate_offsets (static: 0, total: 6)
Orphan StringName: peek_pkmap (static: 0, total: 5)
Orphan StringName: @temp_baseline_setter (static: 0, total: 4)
Orphan StringName: natural_resource_daily_stride (static: 0, total: 5)
Orphan StringName: map_width (static: 0, total: 2)
Orphan StringName: stack_key (static: 0, total: 12)
Orphan StringName: resource.salt_deposit (static: 0, total: 2)
Orphan StringName: res_lead_ore_extra_change_arr (static: 0, total: 3)
Orphan StringName: implementation_signature (static: 0, total: 4)
Orphan StringName: cell.vitality_low_streak (static: 0, total: 3)
Orphan StringName: climate.wind (static: 0, total: 3)
Orphan StringName: title (static: 0, total: 6)
Orphan StringName: _encode_height_tex (static: 0, total: 3)
Orphan StringName: action.close (static: 0, total: 2)
Orphan StringName: slp (static: 0, total: 9)
Orphan StringName: PKAUTH_MAGIC (static: 0, total: 2)
Orphan StringName: _CID_WEATHER_CLOUD (static: 0, total: 2)
Orphan StringName: res_marine_fish_extra_change_arr (static: 0, total: 3)
Orphan StringName: VisualTileLayout (static: 0, total: 3)
Orphan StringName: _VEG_FOREST (static: 0, total: 2)
Orphan StringName: cell.snowpack (static: 0, total: 2)
Orphan StringName: source_kind (static: 0, total: 13)
Orphan StringName: wind_stress_curl (static: 0, total: 9)
Orphan StringName: tile_world_area (static: 0, total: 4)
Orphan StringName: upload_single_channel (static: 0, total: 6)
Orphan StringName: DefinitionScript (static: 0, total: 2)
Orphan StringName: __ema_initialized_backing (static: 0, total: 4)
Orphan StringName: _building_product_id (static: 0, total: 5)
Orphan StringName: OCCUPANCY_FLAG_NEED_DRY_OR_HIGHLAND (static: 0, total: 2)
Orphan StringName: satisfaction_dimension_weights_q16 (static: 0, total: 1)
Orphan StringName: weather_orographic_lift_gain (static: 0, total: 5)
Orphan StringName: native_daily_sparse_visual_publish_enabled (static: 0, total: 5)
Orphan StringName: str (static: 0, total: 40)
Orphan StringName: resource_ids (static: 0, total: 8)
Orphan StringName: demand_ema_alpha_q16 (static: 0, total: 139)
Orphan StringName: encode_dynamic_cell_atlas (static: 0, total: 1)
Orphan StringName: good_technology_tag_offsets (static: 0, total: 2)
Orphan StringName: use_low_freq_ocean_psi (static: 0, total: 6)
Orphan StringName: cell.temp_season_offset (static: 0, total: 3)
Orphan StringName: bake_river_sdf (static: 0, total: 4)
Orphan StringName: _mixi (static: 0, total: 4)
Orphan StringName: source_count (static: 0, total: 5)
Orphan StringName: PRECIOUS_GOOD_IDS (static: 0, total: 2)
Orphan StringName: SelectorKind (static: 0, total: 2)
Orphan StringName: _hm_max_dim (static: 0, total: 4)
Orphan StringName: entity_type (static: 0, total: 7)
Orphan StringName: _gdext_field_total_ms (static: 0, total: 1)
Orphan StringName: veg_savanna_donor (static: 0, total: 5)
Orphan StringName: _WIND_MOUNTAIN_UPSTREAM_DAMP (static: 0, total: 2)
Orphan StringName: lerpf (static: 0, total: 1)
Orphan StringName: native_runtime_graph_mode (static: 0, total: 5)
Orphan StringName: vitality_low_threshold (static: 0, total: 5)
Orphan StringName: _temperature_transport_anomaly_backing (static: 0, total: 4)
Orphan StringName: plantation_land (static: 0, total: 1)
Orphan StringName: resource.freshwater_fish (static: 0, total: 3)
Orphan StringName: _matching_string_ids (static: 0, total: 4)
Orphan StringName: cell.res_wild_game_extra_change (static: 0, total: 2)
Orphan StringName: write_f32_dense (static: 0, total: 3)
Orphan StringName: cell.cover (static: 0, total: 2)
Orphan StringName: TARGET_SOURCE_ENTITY (static: 0, total: 2)
Orphan StringName: init_psi_solver (static: 0, total: 5)
Orphan StringName: temperature_transport_anomaly_daily_cap (static: 0, total: 5)
Orphan StringName: cell_q_arr (static: 0, total: 1)
Orphan StringName: seed_cotton (static: 0, total: 2)
Orphan StringName: compute_world_bounds (static: 0, total: 5)
Orphan StringName: Texture (static: 0, total: 2)
Orphan StringName: wind_speed_arr (static: 0, total: 11)
Orphan StringName: _bind_register_and_attach_u8 (static: 0, total: 4)
Orphan StringName: PAYLOAD_COUNTRY_DEVELOPMENT_V1 (static: 0, total: 2)
Orphan StringName: set_pending_generation_ecology (static: 0, total: 3)
Orphan StringName: @group_56_原生管线 (static: 0, total: 2)
Orphan StringName: Operator (static: 0, total: 2)
Orphan StringName: map_height (static: 0, total: 2)
Orphan StringName: fog_state (static: 0, total: 3)
Orphan StringName: run_slp_field_pass (static: 0, total: 2)
Orphan StringName: CELL_RES_LEAD_ORE_RESERVE (static: 0, total: 2)
Orphan StringName: cell.landmass_id (static: 0, total: 2)
Orphan StringName: _PHYS_PSI_ITERS_PER_STEP (static: 0, total: 2)
Orphan StringName: write_f32 (static: 0, total: 33)
Orphan StringName: _WIND_PRESSURE_GRAD_WEAK (static: 0, total: 2)
Orphan StringName: ai_researcher (static: 0, total: 1)
Orphan StringName: _temp_365d_mean_backing (static: 0, total: 4)
Orphan StringName: apply_pending_generation_ecology (static: 0, total: 4)
Orphan StringName: get_all_profiles (static: 0, total: 9)
Orphan StringName: prewarm_dynamic_axis_caches (static: 0, total: 6)
Orphan StringName: tin (static: 0, total: 5)
Orphan StringName: data_array (static: 0, total: 1)
Orphan StringName: GameSettings (static: 0, total: 2)
Orphan StringName: source_ids (static: 0, total: 1)
Orphan StringName: weight_rules (static: 0, total: 6)
Orphan StringName: explored (static: 0, total: 1)
Orphan StringName: weather_precip (static: 0, total: 7)
Orphan StringName: stride (static: 0, total: 10)
Orphan StringName: temp_baseline_year_arr (static: 0, total: 4)
Orphan StringName: cell.surface_runoff (static: 0, total: 2)
Orphan StringName: terrain_detail_bake_scalar (static: 0, total: 4)
Orphan StringName: _CID_VEG_DROUGHT_STRESS (static: 0, total: 2)
Orphan StringName: _bake_initial_physical_circulation (static: 0, total: 4)
Orphan StringName: _validate_explicit_input_candidates (static: 0, total: 4)
Orphan StringName: weather_refresh_auto_stride_by_speed (static: 0, total: 5)
Orphan StringName: definition_keys_by_tier (static: 0, total: 5)
Orphan StringName: compat_harshness (static: 0, total: 5)
Orphan StringName: era_title (static: 0, total: 6)
Orphan StringName: solid_fuel (static: 0, total: 1)
Orphan StringName: MapDataScript (static: 0, total: 2)
Orphan StringName: demo_complex_coriolis_strength (static: 0, total: 5)
Orphan StringName: copper (static: 0, total: 5)
Orphan StringName: index_of (static: 0, total: 7)
Orphan StringName: _dirty_cell_mask_size (static: 0, total: 4)
Orphan StringName: _gdext_dist_total_ms (static: 0, total: 1)
Orphan StringName: ERA_SPECS (static: 0, total: 2)
Orphan StringName: fallback_reason (static: 0, total: 10)
Orphan StringName: hydro_discharge_ema (static: 0, total: 5)
Orphan StringName: packaging (static: 0, total: 4)
Orphan StringName: WindBeltScript (static: 0, total: 6)
Orphan StringName: cell.res_limestone_reserve (static: 0, total: 3)
Orphan StringName: country_color (static: 0, total: 4)
Orphan StringName: CELL_RES_PHOSPHATE_ROCK_RESERVE (static: 0, total: 2)
Orphan StringName: demo_thermal_gradient_arr (static: 0, total: 4)
Orphan StringName: native_daily_spread_starve_ticks (static: 0, total: 5)
Orphan StringName: _index_ids (static: 0, total: 5)
Orphan StringName: beverages (static: 0, total: 4)
Orphan StringName: CanvasLayer (static: 0, total: 2)
Orphan StringName: FAMILY_TABLER (static: 0, total: 2)
Orphan StringName: TERRAIN_HORIZON_HEIGHT_SCALE_HEX (static: 0, total: 2)
Orphan StringName: _is_water_biome_id (static: 0, total: 3)
Orphan StringName: initial_stock (static: 0, total: 139)
Orphan StringName: population.profession.merchant (static: 0, total: 3)
Orphan StringName: employee_reference_wages_per_day (static: 0, total: 5)
Orphan StringName: _world_clock_ref (static: 0, total: 4)
Orphan StringName: _resolve_selectors (static: 0, total: 4)
Orphan StringName: width (static: 0, total: 28)
Orphan StringName: num_continents (static: 0, total: 6)
Orphan StringName: building_resource_ids (static: 0, total: 1)
Orphan StringName: canal_water_arr (static: 0, total: 3)
Orphan StringName: plateau_max_relief (static: 0, total: 5)
Orphan StringName: construction_quantities (static: 0, total: 6)
Orphan StringName: CELL_TEMPERATURE_TRANSPORT_ANOMALY (static: 0, total: 2)
Orphan StringName: sim_stagger_enum_atlas_phase (static: 0, total: 5)
Orphan StringName: get_vegetation (static: 0, total: 10)
Orphan StringName: MODE_REPEAT (static: 0, total: 2)
Orphan StringName: HexCell (static: 0, total: 31)
Orphan StringName: cost_ema_alpha_q16 (static: 0, total: 139)
Orphan StringName: building_resource_offsets (static: 0, total: 1)
Orphan StringName: refresh_visual_lifecycle (static: 0, total: 4)
Orphan StringName: era_reward_pool_final (static: 0, total: 1)
Orphan StringName: encode_enum_atlas_payload (static: 0, total: 4)
Orphan StringName: cell.res_limestone_extra_change (static: 0, total: 2)
Orphan StringName: get_ocean_current_clamp_count (static: 0, total: 3)
Orphan StringName: building_kind (static: 0, total: 7)
Orphan StringName: stable_id (static: 0, total: 12)
Orphan StringName: technology_reveal_condition_values (static: 0, total: 1)
Orphan StringName: _try_run_weather_distribute_gdext (static: 0, total: 1)
Orphan StringName: _verify_gdext_summary_against_gdscript (static: 0, total: 1)
Orphan StringName: ResearchSignalCatalog (static: 0, total: 3)
Orphan StringName: @snow_cover_getter (static: 0, total: 4)
Orphan StringName: status.warning (static: 0, total: 4)
Orphan StringName: _weather_precip_backing (static: 0, total: 4)
Orphan StringName: brine (static: 0, total: 3)
Orphan StringName: _topo_built (static: 0, total: 4)
Orphan StringName: comparator (static: 0, total: 6)
Orphan StringName: @group_53_视觉上传频率 (static: 0, total: 2)
Orphan StringName: cell.res_arable_land_extra_change (static: 0, total: 2)
Orphan StringName: get_weather_cloud (static: 0, total: 9)
Orphan StringName: _phys_knob_cache_profile (static: 0, total: 4)
Orphan StringName: _pending_phase (static: 0, total: 4)
Orphan StringName: land_only (static: 0, total: 37)
Orphan StringName: revision (static: 0, total: 3)
Orphan StringName: center (static: 0, total: 6)
Orphan StringName: cell.weather_convergence (static: 0, total: 4)
Orphan StringName: res://scripts/family/family_behavior_preference.gd (static: 0, total: 1)
Orphan StringName: @group_440_特征点缀(生成) (static: 0, total: 2)
Orphan StringName: has_pending_pass (static: 0, total: 3)
Orphan StringName: air_mass_temp_anomaly (static: 0, total: 7)
Orphan StringName: label_for_key (static: 0, total: 3)
Orphan StringName: CELL_IS_WATER (static: 0, total: 2)
Orphan StringName: _passable_sea_lut_built (static: 0, total: 3)
Orphan StringName: layout (static: 0, total: 6)
Orphan StringName: _ridge_noise (static: 0, total: 3)
Orphan StringName: economy.livestock (static: 0, total: 10)
Orphan StringName: World2D (static: 0, total: 2)
Orphan StringName: res_timber_extra_change_arr (static: 0, total: 3)
Orphan StringName: EraRewardWeightRule (static: 0, total: 3)
Orphan StringName: _field_slice_temp_read (static: 0, total: 3)
Orphan StringName: _slot_resize (static: 0, total: 5)
Orphan StringName: _construction_category_candidates (static: 0, total: 4)
Orphan StringName: can_form_flood (static: 0, total: 5)
Orphan StringName: _archetype_by_name (static: 0, total: 3)
Orphan StringName: guild_master (static: 0, total: 1)
Orphan StringName: effect_values (static: 0, total: 1)
Orphan StringName: _VEG_COLD_HIGHLAND (static: 0, total: 2)
Orphan StringName: set_runtime_terrain (static: 0, total: 3)
Orphan StringName: max_map_width (static: 0, total: 4)
Orphan StringName: NATIVE_MODE_ACTIVE (static: 0, total: 2)
Orphan StringName: CELL_RES_GOLD_ORE_RESERVE (static: 0, total: 2)
Orphan StringName: _OCEAN_CURRENT_SCALE (static: 0, total: 2)
Orphan StringName: peak_land_cells_per_peak (static: 0, total: 5)
Orphan StringName: construction_candidate_good_ids (static: 0, total: 6)
Orphan StringName: _PSI_R_BASE (static: 0, total: 2)
Orphan StringName: _slp_path_str_last (static: 0, total: 4)
Orphan StringName: _CID_EMA_INITIALIZED (static: 0, total: 2)
Orphan StringName: condition_signals (static: 0, total: 6)
Orphan StringName: _empty_stats (static: 0, total: 5)
Orphan StringName: era_reward_command_effect_keys (static: 0, total: 1)
Orphan StringName: eligibility_threshold (static: 0, total: 7)
Orphan StringName: range_text (static: 0, total: 6)
Orphan StringName: CELL_RES_GOLD_ORE_EXTRA_CHANGE (static: 0, total: 2)
Orphan StringName: duplicate (static: 0, total: 14)
Orphan StringName: get_weather_convergence (static: 0, total: 9)
Orphan StringName: OCCUPANCY_FLAG_FORBID_ARID (static: 0, total: 2)
Orphan StringName: habitat_available (static: 0, total: 4)
Orphan StringName: construction_worker (static: 0, total: 1)
Orphan StringName: river_flow_percentile (static: 0, total: 5)
Orphan StringName: step_psi_solver (static: 0, total: 5)
Orphan StringName: encode_dyn_smooth_atlas (static: 0, total: 1)
Orphan StringName: wind_synoptic_amp (static: 0, total: 8)
Orphan StringName: commit_ocean_buffers (static: 0, total: 3)
Orphan StringName: row_for_cell (static: 0, total: 5)
Orphan StringName: action.back (static: 0, total: 3)
Orphan StringName: EraRewardTargetSelector (static: 0, total: 3)
Orphan StringName: decay_per_day (static: 0, total: 5)
Orphan StringName: swap_double_buffer (static: 0, total: 4)
Orphan StringName: _WIND_PRESSURE_GRAD_STRONG (static: 0, total: 2)
Orphan StringName: barycentric (static: 0, total: 4)
Orphan StringName: snowpack_melt_temp_gain (static: 0, total: 5)
Orphan StringName: _VEG_DRY (static: 0, total: 2)
Orphan StringName: @weather_convergence_setter (static: 0, total: 3)
Orphan StringName: weather_field_precip_base_frac (static: 0, total: 5)
Orphan StringName: particle_velocity_max (static: 0, total: 5)
Orphan StringName: tax.business (static: 0, total: 1)
Orphan StringName: H (static: 0, total: 4)
Orphan StringName: MAX_FOREIGN_COUNT (static: 0, total: 2)
Orphan StringName: W (static: 0, total: 4)
Orphan StringName: a (static: 0, total: 8)
Orphan StringName: b (static: 0, total: 8)
Orphan StringName: n (static: 0, total: 8)
Orphan StringName: q (static: 0, total: 17)
Orphan StringName: r (static: 0, total: 18)
Orphan StringName: cells (static: 0, total: 4)
Orphan StringName: s (static: 0, total: 5)
Orphan StringName: x (static: 0, total: 9)
Orphan StringName: y (static: 0, total: 11)
Orphan StringName: _history_idx (static: 0, total: 4)
Orphan StringName: query (static: 0, total: 3)
Orphan StringName: sea_ice_atlas_active (static: 0, total: 7)
Orphan StringName: _shared_terrain_material_error_by_size (static: 0, total: 2)
Orphan StringName: @group_99_调度错峰 (static: 0, total: 2)
Orphan StringName: native_daily_node_range_cells (static: 0, total: 5)
Orphan StringName: _lat_lut_baked (static: 0, total: 4)
Orphan StringName: _phys_stage (static: 0, total: 4)
Orphan StringName: particle_velocity_min (static: 0, total: 5)
Orphan StringName: init_target_coverage (static: 0, total: 38)
Orphan StringName: weather_to_vegetation_gain (static: 0, total: 5)
Orphan StringName: edge_falloff_end (static: 0, total: 5)
Orphan StringName: set_river_atlas_probe_context (static: 0, total: 3)
Orphan StringName: wind_traj_dt_days (static: 0, total: 8)
Orphan StringName: _phys_last_wind_sim_day (static: 0, total: 4)
Orphan StringName: res_sulfur_extra_change_arr (static: 0, total: 3)
Orphan StringName: front.kind (static: 0, total: 1)
Orphan StringName: vegetation_weather_penalty_scale (static: 0, total: 5)
Orphan StringName: satisfaction_tier (static: 0, total: 1)
Orphan StringName: get_or_build_shared_noise_tex (static: 0, total: 4)
Orphan StringName: effect_stacks (static: 0, total: 1)
Orphan StringName: maintenance_horizon_days (static: 0, total: 6)
Orphan StringName: create_pool (static: 0, total: 4)
Orphan StringName: effect_opcodes (static: 0, total: 1)
Orphan StringName: CELL_DAY_LENGTH (static: 0, total: 2)
Orphan StringName: encode_bake_enum_atlas_payload (static: 0, total: 1)
Orphan StringName: _reserve (static: 0, total: 11)
Orphan StringName: _vegetation_heat_stress_backing (static: 0, total: 4)
Orphan StringName: OverlayMode (static: 0, total: 3)
Orphan StringName: BorderMesh (static: 0, total: 1)
Orphan StringName: era_reward_option_icons (static: 0, total: 1)
Orphan StringName: create_entities (static: 0, total: 5)
Orphan StringName: FRONT_DIAG_WARM (static: 0, total: 2)
Orphan StringName: climate_dirty_ratio (static: 0, total: 3)
Orphan StringName: ice_state_atlas_chunk_begin (static: 0, total: 4)
Orphan StringName: pool_count (static: 0, total: 3)
Orphan StringName: run_wind_field_rasterize_full (static: 0, total: 5)
Orphan StringName: _diag_mark_count (static: 0, total: 4)
Orphan StringName: weather_to_soil_gain (static: 0, total: 5)
Orphan StringName: era_reward_option_titles (static: 0, total: 1)
Orphan StringName: get_move_cost (static: 0, total: 3)
Orphan StringName: _is_water (static: 0, total: 10)
Orphan StringName: CELL_WEATHER_CONVERGENCE (static: 0, total: 2)
Orphan StringName: price_quantity_elasticity_q16 (static: 0, total: 1)
Orphan StringName: ShaderMaterial (static: 0, total: 3)
Orphan StringName: @_vitality_high_streak_getter (static: 0, total: 3)
Orphan StringName: visibility_changed_cells (static: 0, total: 1)
Orphan StringName: output_cost_shares_q16 (static: 0, total: 5)
Orphan StringName: insolation_dev_clamp_max (static: 0, total: 5)
Orphan StringName: HexUtils (static: 0, total: 3)
Orphan StringName: _upstream_vapor (static: 0, total: 3)
Orphan StringName: temperature_transport_anomaly_decay_rate (static: 0, total: 5)
Orphan StringName: meso_weight (static: 0, total: 5)
Orphan StringName: dyn_atlas_smooth_buffer (static: 0, total: 4)
Orphan StringName: unbind_world (static: 0, total: 3)
Orphan StringName: satisfaction_birth_weight_q16 (static: 0, total: 1)
Orphan StringName: rain_shadow_threshold (static: 0, total: 5)
Orphan StringName: cover_buffer (static: 0, total: 12)
Orphan StringName: insolation_daylen_amp (static: 0, total: 9)
Orphan StringName: era_reward_selector_minimum (static: 0, total: 1)
Orphan StringName: random_seed (static: 0, total: 4)
Orphan StringName: OCCUPANCY_FLAG_NEED_WETLAND_OR_RIVER (static: 0, total: 2)
Orphan StringName: Material (static: 0, total: 2)
Orphan StringName: OCCUPANCY_FLAG_NEED_WETLAND (static: 0, total: 2)
Orphan StringName: insolation_dev_clamp_min (static: 0, total: 5)
Orphan StringName: cell.insolation_now (static: 0, total: 2)
Orphan StringName: OCCUPANCY_HABITAT_FIBER_FOREST (static: 0, total: 2)
Orphan StringName: cell.res_tin_ore_reserve (static: 0, total: 3)
Orphan StringName: family.workspace.branches (static: 0, total: 1)
Orphan StringName: load_preview (static: 0, total: 3)
Orphan StringName: _passable_sea_lut_cache (static: 0, total: 2)
Orphan StringName: _visual_tile_base_knobs (static: 0, total: 3)
Orphan StringName: @temp_season_offset_setter (static: 0, total: 4)
Orphan StringName: native_shadow_diff_enabled (static: 0, total: 5)
Orphan StringName: OUTER_BLEED_RATIO (static: 0, total: 2)
Orphan StringName: mode (static: 0, total: 19)
Orphan StringName: need_modifier_ids (static: 0, total: 1)
Orphan StringName: with_index_list (static: 0, total: 3)
Orphan StringName: _ocean_depth_curl_damp_eff_last (static: 0, total: 4)
Orphan StringName: CRAG_FREQ_MUL (static: 0, total: 2)
Orphan StringName: upwind_hex_dir (static: 0, total: 3)
Orphan StringName: _river_atlas_probe_enabled (static: 0, total: 4)
Orphan StringName: _field_slice_climate_anomaly (static: 0, total: 4)
Orphan StringName: CELL_RES_TIMBER_RESERVE (static: 0, total: 2)
Orphan StringName: Node (static: 1, total: 3)
Orphan StringName: z_index (static: 0, total: 1)
Orphan StringName: native_daily_compact_state_capsule_enabled (static: 0, total: 5)
Orphan StringName: _last_map_for_query (static: 0, total: 1)
Orphan StringName: res://scripts/data/good_profile_registry.gd (static: 0, total: 9)
Orphan StringName: write_i32 (static: 0, total: 5)
Orphan StringName: economy.building.hearth (static: 0, total: 2)
Orphan StringName: frequency (static: 0, total: 1)
Orphan StringName: weather_precip_rh_threshold (static: 0, total: 5)
Orphan StringName: building_dependency_branch_group_offsets (static: 0, total: 1)
Orphan StringName: cube_all_neighbors (static: 0, total: 3)
Orphan StringName: ResearchPredicate.Comparator (static: 0, total: 2)
Orphan StringName: ResearchConditionScript (static: 0, total: 2)
Orphan StringName: cell.base_vegetation (static: 0, total: 2)
Orphan StringName: insulated_cable (static: 0, total: 4)
Orphan StringName: solve (static: 0, total: 6)
Orphan StringName: CELL_HEAT_INPUT (static: 0, total: 2)
Orphan StringName: CELL_LOCAL_THERMAL_ANOMALY (static: 0, total: 2)
Orphan StringName: building_resource_generation_offsets (static: 0, total: 1)
Orphan StringName: get_wind_speed (static: 0, total: 10)
Orphan StringName: is_vector (static: 0, total: 1)
Orphan StringName: technology_anchor_kinds (static: 0, total: 1)
Orphan StringName: cell_lat_norm_arr (static: 0, total: 4)
Orphan StringName: weather_field_init_arr (static: 0, total: 8)
Orphan StringName: computers (static: 0, total: 4)
Orphan StringName: TARGET_EVENT_ENTITY (static: 0, total: 2)
Orphan StringName: @vegetation_growth_pressure_setter (static: 0, total: 3)
Orphan StringName: _density_proxy (static: 0, total: 4)
Orphan StringName: _field_slice_next_type (static: 0, total: 3)
Orphan StringName: cell.elevation (static: 0, total: 2)
Orphan StringName: weather_field_stratiform_gain (static: 0, total: 5)
Orphan StringName: clear_dirty_mask (static: 0, total: 3)
Orphan StringName: _weather_system (static: 0, total: 3)
Orphan StringName: river_discharge_arr (static: 0, total: 4)
Orphan StringName: _matching_scalar_ids (static: 0, total: 4)
Orphan StringName: TriggerCatalogScript (static: 0, total: 2)
Orphan StringName: required_realms (static: 0, total: 4)
Orphan StringName: _pending_upwelling_mask (static: 0, total: 3)
Orphan StringName: weather_advect_use_wind_vector (static: 0, total: 6)
Orphan StringName: wind_traj_pos_scale (static: 0, total: 8)
Orphan StringName: cell.resource_habitat_mask (static: 0, total: 2)
Orphan StringName: CELL_RES_IRON_ORE_EXTRA_CHANGE (static: 0, total: 2)
Orphan StringName: is_facade_enabled (static: 0, total: 3)
Orphan StringName: weather_field_diffusion (static: 0, total: 5)
Orphan StringName: init_micro_reserve_share (static: 0, total: 37)
Orphan StringName: cell.res_rare_earth_extra_change (static: 0, total: 2)
Orphan StringName: type (static: 0, total: 5)
Orphan StringName: _last_biome_cell_bytes (static: 0, total: 3)
Orphan StringName: MODE_LEGACY (static: 0, total: 2)
Orphan StringName: _compute_fog_k (static: 0, total: 4)
Orphan StringName: _has_valid_shader (static: 0, total: 4)
Orphan StringName: industrialist (static: 0, total: 1)
Orphan StringName: PROFESSION_GLYPHS (static: 0, total: 2)
Orphan StringName: true_insolation_enabled (static: 0, total: 5)
Orphan StringName: _CID_WEATHER_TYPE (static: 0, total: 2)
Orphan StringName: _debug (static: 0, total: 3)
Orphan StringName: arr_f32_prev (static: 0, total: 9)
Orphan StringName: _daily_wind_refresh_keys (static: 0, total: 3)
Orphan StringName: _cell_dyn_lut_bytes_cache (static: 0, total: 3)
Orphan StringName: _phys_knob_cache_map (static: 0, total: 4)
Orphan StringName: weather_extreme_precip_softness (static: 0, total: 5)
Orphan StringName: _sea_ice_cache_size (static: 0, total: 4)
Orphan StringName: _daily_wind_diag_last (static: 0, total: 3)
Orphan StringName: _bake_ocean_currents (static: 0, total: 5)
Orphan StringName: max_pending_events (static: 0, total: 5)
Orphan StringName: TARGET_FOOD_MAX_Q16 (static: 0, total: 2)
Orphan StringName: cell.demo.thermal_gradient (static: 0, total: 2)
Orphan StringName: ROUTE_CATEGORY_NAMES_ZH (static: 0, total: 2)
Orphan StringName: moisture_itcz_recycle_strength (static: 0, total: 5)
Orphan StringName: HM_MAX_DIM_MOBILE (static: 0, total: 2)
Orphan StringName: sim_frame_budget_ms (static: 0, total: 5)
Orphan StringName: snowline_temp_threshold (static: 0, total: 5)
Orphan StringName: ACTION_MODIFIER_APPLY (static: 0, total: 2)
Orphan StringName: _distribute_verify_enabled (static: 0, total: 1)
Orphan StringName: action.history (static: 0, total: 3)
Orphan StringName: climate (static: 0, total: 4)
Orphan StringName: _append_construction_candidates (static: 0, total: 4)
Orphan StringName: spinnable_fiber (static: 0, total: 5)
Orphan StringName: lake_seed_min_interior (static: 0, total: 5)
Orphan StringName: weather_precip_decay (static: 0, total: 5)
Orphan StringName: _serialize_cells_dict (static: 0, total: 4)
Orphan StringName: @group_469_复杂扩散演示 (static: 0, total: 2)
Orphan StringName: erosion_thermal_iters (static: 0, total: 5)
Orphan StringName: climate_moisture_opt (static: 0, total: 38)
Orphan StringName: known_cells (static: 0, total: 5)
Orphan StringName: res_freshwater_fish_reserve_arr (static: 0, total: 3)
Orphan StringName: hex_size (static: 0, total: 9)
Orphan StringName: nb_idx (static: 0, total: 6)
Orphan StringName: _vector_atlas_data_size (static: 0, total: 4)
Orphan StringName: cell.temp (static: 0, total: 3)
Orphan StringName: population.living.luxury (static: 0, total: 3)
Orphan StringName: _count_fingerprint (static: 0, total: 4)
Orphan StringName: water_terrain_ids (static: 0, total: 1)
Orphan StringName: is_on (static: 0, total: 3)
Orphan StringName: OCCUPANCY_HABITAT_OPEN_GRAZER (static: 0, total: 2)
Orphan StringName: population.profession.fisher (static: 0, total: 3)
Orphan StringName: _prev_vapor_cached (static: 0, total: 2)
Orphan StringName: system.unknown (static: 0, total: 8)
Orphan StringName: WIND_HEAT_ADVECT_STEPS (static: 0, total: 4)
Orphan StringName: res_tin_ore_reserve_arr (static: 0, total: 3)
Orphan StringName: behavior_version (static: 0, total: 6)
Orphan StringName: technology_milestone_offsets (static: 0, total: 1)
Orphan StringName: _field_thermal_conv_precip (static: 0, total: 1)
Orphan StringName: vegetation_succession_cooldown_days (static: 0, total: 5)
Orphan StringName: @group_315_真实日照 (static: 0, total: 2)
Orphan StringName: vector_kind (static: 0, total: 1)
Orphan StringName: DCCommandBuffer (static: 0, total: 5)
Orphan StringName: extra_change_map_field (static: 0, total: 3)
Orphan StringName: use_climate_round_async (static: 0, total: 6)
Orphan StringName: _phys_psi_iters_done (static: 0, total: 4)
Orphan StringName: _cover_dirty (static: 0, total: 1)
Orphan StringName: SusSchedulerExt (static: 0, total: 2)
Orphan StringName: _resetter (static: 0, total: 4)
Orphan StringName: weather_convergence (static: 0, total: 7)
Orphan StringName: era_reward_option_ids (static: 0, total: 1)
Orphan StringName: Axis (static: 0, total: 2)
Orphan StringName: canal_edge_mask_arr (static: 0, total: 5)
Orphan StringName: erosion_min_slope (static: 0, total: 5)
Orphan StringName: FRONT_RADIUS (static: 0, total: 2)
Orphan StringName: selector_fields (static: 0, total: 1)
Orphan StringName: enables_lightning (static: 0, total: 5)
Orphan StringName: topology_neighbor_index (static: 0, total: 3)
Orphan StringName: WEST_TOP (static: 0, total: 2)
Orphan StringName: glass (static: 0, total: 4)
Orphan StringName: runtime_moisture_soil_dry_weight (static: 0, total: 5)
Orphan StringName: price_adjust_q16 (static: 0, total: 139)
Orphan StringName: _development_definitions (static: 0, total: 4)
Orphan StringName: _compare_condition (static: 0, total: 4)
Orphan StringName: _phys_cell_slice_divisor (static: 0, total: 4)
Orphan StringName: _CID_TEMP_SEASON_OFFSET (static: 0, total: 2)
Orphan StringName: OCCUPANCY_FLAG_FORBID_COLD (static: 0, total: 2)
Orphan StringName: _phys_abs_sim_day (static: 0, total: 4)
Orphan StringName: _weather_commit_visible (static: 0, total: 4)
Orphan StringName: is_passable_in_season (static: 0, total: 3)
Orphan StringName: _food_coverage_compiled (static: 0, total: 4)
Orphan StringName: _initial_physical_deferred (static: 0, total: 4)
Orphan StringName: tectonic_ridge_width (static: 0, total: 5)
Orphan StringName: get_wind_vector (static: 0, total: 4)
Orphan StringName: get_temp (static: 0, total: 10)
Orphan StringName: population.profession.scholar (static: 0, total: 2)
Orphan StringName: CELL_VEGETATION (static: 0, total: 2)
Orphan StringName: _align_down (static: 0, total: 4)
Orphan StringName: trade_move_cost_lut (static: 0, total: 4)
Orphan StringName: cell.res_natural_gas_extra_change (static: 0, total: 2)
Orphan StringName: _archetypes (static: 0, total: 3)
Orphan StringName: TextServer (static: 0, total: 2)
Orphan StringName: erosion_deposit_rate (static: 0, total: 5)
Orphan StringName: commands (static: 0, total: 19)
Orphan StringName: _ensure_weather_commit_arrays (static: 0, total: 4)
Orphan StringName: @temp_baseline_getter (static: 0, total: 3)
Orphan StringName: family.metric.buildings (static: 0, total: 1)
Orphan StringName: owner (static: 0, total: 161)
Orphan StringName: visible_arr (static: 0, total: 7)
Orphan StringName: has_soa (static: 0, total: 6)
Orphan StringName: _field_ocean_precip_suppression (static: 0, total: 1)
Orphan StringName: _active_reserve_overlay (static: 0, total: 4)
Orphan StringName: res://scripts/geography/hex_utils.gd (static: 0, total: 18)
Orphan StringName: hash (static: 0, total: 3)
Orphan StringName: FRONT_KIND (static: 0, total: 2)
Orphan StringName: zinc (static: 0, total: 5)
Orphan StringName: bricks (static: 0, total: 4)
Orphan StringName: SECTOR_IDS (static: 0, total: 2)
Orphan StringName: _VIEW_HEIGHT_BY_LANDFORM (static: 0, total: 2)
Orphan StringName: BehaviorScript (static: 0, total: 4)
Orphan StringName: duration_field (static: 0, total: 8)
Orphan StringName: cube_distance (static: 0, total: 3)
Orphan StringName: runtime_moisture_weather_vapor_weight (static: 0, total: 5)
Orphan StringName: volcano_min_land_h (static: 0, total: 5)
Orphan StringName: res://scripts/geography/landform_type.gd (static: 0, total: 6)
Orphan StringName: MODE_TILED (static: 0, total: 2)
Orphan StringName: temp_season_offset (static: 0, total: 6)
Orphan StringName: _getter (static: 0, total: 4)
Orphan StringName: _probe_float (static: 0, total: 4)
Orphan StringName: _ensure_profiles_loaded (static: 0, total: 7)
Orphan StringName: tenant_farmer (static: 0, total: 1)
Orphan StringName: enables_fog_breathe (static: 0, total: 5)
Orphan StringName: CELL_WEATHER_PRECIP (static: 0, total: 2)
Orphan StringName: _phys_last_slp_rc_ms (static: 0, total: 4)
Orphan StringName: badlands_min_rugged_neighbors (static: 0, total: 5)
Orphan StringName: bounding_radius (static: 0, total: 3)
Orphan StringName: merge (static: 0, total: 2)
Orphan StringName: component_qty_per_need (static: 0, total: 1)
Orphan StringName: hydrothermal (static: 0, total: 6)
Orphan StringName: derive_climate (static: 0, total: 4)
Orphan StringName: native_daily_finalizer_tta_epsilon (static: 0, total: 5)
Orphan StringName: weather_fronts (static: 0, total: 1)
Orphan StringName: res://scripts/economy/technology_catalog.gd (static: 0, total: 28)
Orphan StringName: _compile_research_conditions (static: 0, total: 4)
Orphan StringName: _phys_last_wind_wx_size (static: 0, total: 4)
Orphan StringName: init_elevation (static: 0, total: 37)
Orphan StringName: ARCH_CELL (static: 0, total: 2)
Orphan StringName: good_id (static: 0, total: 8)
Orphan StringName: cyl_noise (static: 0, total: 7)
Orphan StringName: get_elevation (static: 0, total: 10)
Orphan StringName: _bake_ocean_upwelling (static: 0, total: 5)
Orphan StringName: bake_seed (static: 0, total: 13)
Orphan StringName: CELL_EXPLORED (static: 0, total: 2)
Orphan StringName: _debug_pass_id (static: 0, total: 4)
Orphan StringName: resolve_key (static: 0, total: 3)
Orphan StringName: dirty_rows_terrain (static: 0, total: 3)
Orphan StringName: OCCUPANCY_FLAG_NEED_HIGHLAND (static: 0, total: 2)
Orphan StringName: _vegetation_drought_stress_backing (static: 0, total: 4)
Orphan StringName: tropical_cyclone_min_temp (static: 0, total: 5)
Orphan StringName: cell.temp_365d (static: 0, total: 3)
Orphan StringName: _weather_field_buf (static: 0, total: 3)
Orphan StringName: _starter_catalog_cache (static: 0, total: 2)
Orphan StringName: res://scripts/simulation/sus/sus_tick_context.gd (static: 0, total: 2)
Orphan StringName: action.chevron_right (static: 0, total: 3)
Orphan StringName: PROFESSION_DIR (static: 0, total: 2)
Orphan StringName: _avg_ocean_anomaly_at_idx (static: 0, total: 4)
Orphan StringName: weather_lake_precip_damping (static: 0, total: 5)
Orphan StringName: DCAtlasEncoders (static: 0, total: 3)
Orphan StringName: ocean_psi (static: 0, total: 10)
Orphan StringName: fractal_type (static: 0, total: 1)
Orphan StringName: res://scripts/data_core/query.gd (static: 0, total: 15)
Orphan StringName: thermal_energy_arr (static: 0, total: 3)
Orphan StringName: @weather_cloud_setter (static: 0, total: 3)
Orphan StringName: trade_move_cost (static: 0, total: 9)
Orphan StringName: bake_latitude_buffer (static: 0, total: 4)
Orphan StringName: observation_mode (static: 0, total: 5)
Orphan StringName: family.workspace.people (static: 0, total: 1)
Orphan StringName: technology_route_tags (static: 0, total: 1)
Orphan StringName: TriggerDefinition (static: 0, total: 3)
Orphan StringName: is_water_arr (static: 0, total: 9)
Orphan StringName: cell_r_arr (static: 0, total: 1)
Orphan StringName: StartLocationProfile (static: 0, total: 3)
Orphan StringName: entries_demo (static: 0, total: 3)
Orphan StringName: KnobsHandle (static: 0, total: 2)
Orphan StringName: technology.domain.society (static: 0, total: 1)
Orphan StringName: _weight_rules (static: 0, total: 4)
Orphan StringName: BIO_OCCUPANCY_BY_ID (static: 0, total: 2)
Orphan StringName: resource_caps (static: 0, total: 1)
Orphan StringName: SPEED_WEST (static: 0, total: 2)
Orphan StringName: hypso_eval (static: 0, total: 4)
Orphan StringName: readonly (static: 0, total: 3)
Orphan StringName: _wind_b_first_run_logged (static: 0, total: 4)
Orphan StringName: CURVE_DIR (static: 0, total: 2)
Orphan StringName: technology_domain_semantic (static: 0, total: 3)
Orphan StringName: res://scripts/effect/era_reward_weight_rule.gd (static: 0, total: 1)
Orphan StringName: wealth_max_q16 (static: 0, total: 1)
Orphan StringName: interior_size (static: 0, total: 6)
Orphan StringName: _ribbon_width (static: 0, total: 4)
Orphan StringName: write_pkmap (static: 0, total: 3)
Orphan StringName: RefCounted (static: 1, total: 369)
Orphan StringName: _ensure_query_pool (static: 0, total: 4)
Orphan StringName: evaporation_gain (static: 0, total: 5)
Orphan StringName: _slp_thermal_p95_last (static: 0, total: 4)
Orphan StringName: needs_biome_reconciliation (static: 0, total: 3)
Orphan StringName: wind_field_buffer (static: 0, total: 11)
Orphan StringName: AndPolicy (static: 0, total: 4)
Orphan StringName: coverage_q16 (static: 0, total: 2)
Orphan StringName: _weather_prev_type_backing (static: 0, total: 4)
Orphan StringName: economy.building.hunting (static: 0, total: 2)
Orphan StringName: HexCellScript (static: 0, total: 2)
Orphan StringName: evaluated (static: 0, total: 2)
Orphan StringName: _temp_baseline_backing (static: 0, total: 4)
Orphan StringName: merchant_buy_price_factor_q16 (static: 0, total: 139)
Orphan StringName: description (static: 0, total: 42)
Orphan StringName: _CID_WEATHER_CONVERGENCE (static: 0, total: 2)
Orphan StringName: origin_temperature_max_q16 (static: 0, total: 7)
Orphan StringName: cell.res_wild_game_reserve (static: 0, total: 3)
Orphan StringName: weather_lut_full_rebuild (static: 0, total: 1)
Orphan StringName: ocean_current_scale (static: 0, total: 10)
Orphan StringName: is_season_lut_default (static: 0, total: 4)
Orphan StringName: entity_archetype_array (static: 0, total: 4)
Orphan StringName: init_landform_weights (static: 0, total: 36)
Orphan StringName: VisionSolverScript (static: 0, total: 2)
Orphan StringName: chaparral_max_dist_ocean (static: 0, total: 5)
Orphan StringName: DCViewAdapter.Cell (static: 0, total: 1)
Orphan StringName: res://scripts/trigger/trigger_definition.gd (static: 0, total: 1)
Orphan StringName: EROSION_MAX_STEPS (static: 0, total: 2)
Orphan StringName: weather_convergence_gain (static: 0, total: 5)
Orphan StringName: CONDITION_PUSH_SIGNAL_PRESENT (static: 0, total: 2)
Orphan StringName: round (static: 0, total: 25)
Orphan StringName: native_environment_runtime_stride (static: 0, total: 5)
Orphan StringName: _apply_csr (static: 0, total: 4)
Orphan StringName: ACTION_COUNTRY_COMMAND (static: 0, total: 2)
Orphan StringName: input_min_quality_levels (static: 0, total: 5)
Orphan StringName: relief_thresh_scale_exp (static: 0, total: 5)
Orphan StringName: get_ocean_current_x (static: 0, total: 10)
Orphan StringName: get_ocean_current_y (static: 0, total: 10)
Orphan StringName: cell.res_copper_ore_reserve (static: 0, total: 3)
Orphan StringName: charcoal (static: 0, total: 2)
Orphan StringName: era_id (static: 0, total: 7)
Orphan StringName: topology.hex_neighbors (static: 0, total: 1)
Orphan StringName: _field_slice_next_precip (static: 0, total: 3)
Orphan StringName: thermal_monsoon_lat_limit (static: 0, total: 8)
Orphan StringName: trigger_technology_id (static: 0, total: 6)
Orphan StringName: MIN_FOOD_COVERAGE_Q16 (static: 0, total: 2)
Orphan StringName: runtime_physics_knobs (static: 0, total: 3)
Orphan StringName: _pending_wind_buf (static: 0, total: 3)
Orphan StringName: tectonic_blend (static: 0, total: 5)
Orphan StringName: application_intersections (static: 0, total: 1)
Orphan StringName: sea_ice_min_thick_ice_solar_exposure (static: 0, total: 5)
Orphan StringName: industry_chain_id (static: 0, total: 6)
Orphan StringName: eco_lut_tex (static: 0, total: 5)
Orphan StringName: encode_bake_r8_tex_data (static: 0, total: 2)
Orphan StringName: flint (static: 0, total: 5)
Orphan StringName: CELL_RES_NATURAL_GAS_RESERVE (static: 0, total: 2)
Orphan StringName: get_is_water (static: 0, total: 9)
Orphan StringName: dirty_mask_size (static: 0, total: 3)
Orphan StringName: salt (static: 0, total: 6)
Orphan StringName: CRAG_AMP (static: 0, total: 2)
Orphan StringName: orbital_days_per_year (static: 0, total: 5)
Orphan StringName: _moderate_field_precip_for_terrain (static: 0, total: 1)
Orphan StringName: _last_vegetation_cell_bytes_packed (static: 0, total: 3)
Orphan StringName: _neighbor_average_vapor_idx (static: 0, total: 4)
Orphan StringName: era_reward_command_offsets (static: 0, total: 1)
Orphan StringName: Object (static: 1, total: 46)
Orphan StringName: cell.weather_cloud_water (static: 0, total: 3)
Orphan StringName: natural_gas (static: 0, total: 5)
Orphan StringName: encode_ice_state_atlas (static: 0, total: 1)
Orphan StringName: _deserialize_cells_dict (static: 0, total: 4)
Orphan StringName: archetype_none (static: 0, total: 4)
Orphan StringName: _psi_commit_diag_count (static: 0, total: 4)
Orphan StringName: _write_callback (static: 0, total: 3)
Orphan StringName: landform_arr (static: 0, total: 8)
Orphan StringName: clothing (static: 0, total: 4)
Orphan StringName: _CID_SLP (static: 0, total: 2)
Orphan StringName: signal_ids (static: 0, total: 1)
Orphan StringName: find (static: 0, total: 23)
Orphan StringName: cell_pixel_lists (static: 0, total: 22)
Orphan StringName: technology_reveal_condition_refs (static: 0, total: 1)
Orphan StringName: PRECIPITATION_NORM_MAX (static: 0, total: 2)
Orphan StringName: @group_117_水文 (static: 0, total: 2)
Orphan StringName: _visual_tile_refresh_running (static: 0, total: 4)
Orphan StringName: resource.plantation_land (static: 0, total: 3)
Orphan StringName: _field_frontogenesis_gain (static: 0, total: 1)
Orphan StringName: livestock_products (static: 0, total: 4)
Orphan StringName: fish (static: 0, total: 4)
Orphan StringName: CELL_VISIBLE (static: 0, total: 2)
Orphan StringName: selector_id (static: 0, total: 8)
Orphan StringName: get_color (static: 0, total: 3)
Orphan StringName: public_metadata (static: 0, total: 3)
Orphan StringName: get_current_rendering_method (static: 0, total: 2)
Orphan StringName: native_render_prepare_mode (static: 0, total: 5)
Orphan StringName: sea_ice_daily_delta_cap (static: 0, total: 5)
Orphan StringName: MAP_SOURCE_PROCEDURAL (static: 0, total: 2)
Orphan StringName: _front_diagnostic_counts (static: 0, total: 1)
Orphan StringName: tectonic_continental_fraction (static: 0, total: 5)
Orphan StringName: wage_policy_id (static: 0, total: 6)
Orphan StringName: bounce_lut_tex (static: 0, total: 5)
Orphan StringName: iron_ore (static: 0, total: 6)
Orphan StringName: _read_temp_anomaly (static: 0, total: 5)
Orphan StringName: _lut_tex_from_data (static: 0, total: 7)
Orphan StringName: get_weather_cloud_water (static: 0, total: 9)
Orphan StringName: _UPWELLING_HIGHLAT_ABS_SOLVER (static: 0, total: 2)
Orphan StringName: create_entity (static: 0, total: 3)
Orphan StringName: _enum_atlas_data_size (static: 0, total: 4)
Orphan StringName: single_channel_format (static: 0, total: 5)
Orphan StringName: payload_i0 (static: 0, total: 16)
Orphan StringName: payload_i1 (static: 0, total: 12)
Orphan StringName: payload_i2 (static: 0, total: 12)
Orphan StringName: payload_i3 (static: 0, total: 12)
Orphan StringName: _weather_instability_backing (static: 0, total: 4)
Orphan StringName: res://scripts/trigger/trigger_catalog.gd (static: 0, total: 12)
Orphan StringName: delete_manual_slot (static: 0, total: 3)
Orphan StringName: init_target_reserve_density (static: 0, total: 37)
Orphan StringName: _apply_start_resource_topups (static: 0, total: 4)
Orphan StringName: _construction_groups (static: 0, total: 7)
Orphan StringName: SOURCE_KIND_TRIGGER_OUTPUT (static: 0, total: 2)
Orphan StringName: res://scripts/effect/effect_condition.gd (static: 0, total: 1)
Orphan StringName: gen_temp (static: 0, total: 39)
Orphan StringName: player_color (static: 0, total: 5)
Orphan StringName: Theme (static: 0, total: 2)
Orphan StringName: get_temp_365d (static: 0, total: 9)
Orphan StringName: should_run (static: 0, total: 20)
Orphan StringName: project_keynes (static: 0, total: 13)
Orphan StringName: technology_costs (static: 0, total: 1)
Orphan StringName: _physical_solve_for_phase (static: 0, total: 6)
Orphan StringName: @weather_convergence_getter (static: 0, total: 3)
Orphan StringName: __vitality_low_streak_backing (static: 0, total: 4)
Orphan StringName: _cells (static: 0, total: 6)
Orphan StringName: core_eligible (static: 0, total: 7)
Orphan StringName: _warp_noise_hi (static: 0, total: 3)
Orphan StringName: precious_resource (static: 0, total: 1)
Orphan StringName: terrain_is_water_u8 (static: 0, total: 8)
Orphan StringName: _resolve_hm_size (static: 0, total: 4)
Orphan StringName: _pending_currents_buf (static: 0, total: 3)
Orphan StringName: _terrain_materials_supported (static: 0, total: 4)
Orphan StringName: RESOURCE_RUNWAY_DAYS (static: 0, total: 2)
Orphan StringName: MIN_COUNTRY_DISTANCE (static: 0, total: 2)
Orphan StringName: era_reward_rule_signal_indices (static: 0, total: 1)
Orphan StringName: _warp_noise_lo (static: 0, total: 3)
Orphan StringName: resource.natural_gas (static: 0, total: 3)
Orphan StringName: total_iters (static: 0, total: 5)
Orphan StringName: wind_max_turn_deg_per_day (static: 0, total: 8)
Orphan StringName: transport_worker (static: 0, total: 1)
Orphan StringName: lumber (static: 0, total: 4)
Orphan StringName: _slot_is_hard_input (static: 0, total: 4)
Orphan StringName: lorekeeper (static: 0, total: 1)
Orphan StringName: _white_tex (static: 0, total: 3)
Orphan StringName: StreamPeerBuffer (static: 0, total: 1)
Orphan StringName: read_pkmap (static: 0, total: 3)
Orphan StringName: _field_cool_season_vapor_floor (static: 0, total: 1)
Orphan StringName: res://scripts/data/terrain_profile.gd (static: 0, total: 1)
Orphan StringName: qualifier_thresholds (static: 0, total: 1)
Orphan StringName: rift_min_wall (static: 0, total: 5)
Orphan StringName: _CID_WEATHER_TRANS_ALPHA (static: 0, total: 2)
Orphan StringName: get_or_build_shared_terrain_material_tex (static: 0, total: 4)
Orphan StringName: get_moisture (static: 0, total: 10)
Orphan StringName: population.living.secure (static: 0, total: 3)
Orphan StringName: MIN_SEED (static: 0, total: 2)
Orphan StringName: COLD_SINK_TEMP (static: 0, total: 11)
Orphan StringName: tropical_cyclone_capacity (static: 0, total: 5)
Orphan StringName: bake_cell_luts (static: 0, total: 6)
Orphan StringName: AIR_MASS_HEAT_LEAK (static: 0, total: 4)
Orphan StringName: technician (static: 0, total: 1)
Orphan StringName: is_web (static: 0, total: 8)
Orphan StringName: _temperature_backing (static: 0, total: 4)
Orphan StringName: max_volcanoes (static: 0, total: 5)
Orphan StringName: push_vegetation_history (static: 0, total: 3)
Orphan StringName: bind_map_data (static: 0, total: 5)
Orphan StringName: _phys_cell_slice_enabled (static: 0, total: 4)
Orphan StringName: economy.building.food (static: 0, total: 2)
Orphan StringName: public_era_metadata (static: 0, total: 3)
Orphan StringName: ClimateBakerScript (static: 0, total: 2)
Orphan StringName: cell.hydro_parent (static: 0, total: 2)
Orphan StringName: _field_convergence_refresh_stride (static: 0, total: 2)
Orphan StringName: @weather_field_initialized_setter (static: 0, total: 3)
Orphan StringName: write_f32_range (static: 0, total: 5)
Orphan StringName: encode_ecology_visual_atlas (static: 0, total: 1)
Orphan StringName: runtime_moisture_soil_weight (static: 0, total: 5)
Orphan StringName: _last_dynamic_cell_sigs (static: 0, total: 3)
Orphan StringName: get_terrain (static: 0, total: 10)
Orphan StringName: living_cost_weight_q16 (static: 0, total: 1)
Orphan StringName: list_slots (static: 0, total: 3)
Orphan StringName: res_flint_reserve_arr (static: 0, total: 3)
Orphan StringName: fine_furniture (static: 0, total: 4)
Orphan StringName: _add (static: 0, total: 4)
Orphan StringName: CELL_INSOLATION_NOW (static: 0, total: 2)
Orphan StringName: _field_slice_last_ms (static: 0, total: 4)
Orphan StringName: allows_starter_employee_roles (static: 0, total: 5)
Orphan StringName: CELL_SOIL_MOISTURE (static: 0, total: 2)
Orphan StringName: flow_tex (static: 0, total: 4)
Orphan StringName: get_wind_x (static: 0, total: 10)
Orphan StringName: get_wind_y (static: 0, total: 10)
Orphan StringName: family.workspace.prestige (static: 0, total: 1)
Orphan StringName: metallurgist (static: 0, total: 1)
Orphan StringName: @temp_season_offset_getter (static: 0, total: 3)
Orphan StringName: icon_id (static: 0, total: 6)
Orphan StringName: _report_inc (static: 0, total: 11)
Orphan StringName: CELL_SURFACE_RUNOFF (static: 0, total: 2)
Orphan StringName: TechnologyCatalog (static: 0, total: 3)
Orphan StringName: resource.rare_earth (static: 0, total: 3)
Orphan StringName: CELL_COVER (static: 0, total: 2)
Orphan StringName: res://scripts/rendering/visual_tile_layout.gd (static: 0, total: 16)
Orphan StringName: decay_moisture (static: 0, total: 39)
Orphan StringName: weather_vapor_precip_sink (static: 0, total: 5)
Orphan StringName: cell.res_marine_fish_extra_change (static: 0, total: 2)
Orphan StringName: persistence (static: 0, total: 5)
Orphan StringName: paper (static: 0, total: 4)
Orphan StringName: get_weather_precip (static: 0, total: 10)
Orphan StringName: _edge_seed (static: 0, total: 4)
Orphan StringName: is_trade_passable (static: 0, total: 3)
Orphan StringName: last_flow_encode_info (static: 0, total: 2)
Orphan StringName: wrought_iron (static: 0, total: 2)
Orphan StringName: newly_hidden_cells (static: 0, total: 1)
Orphan StringName: reed_bundle (static: 0, total: 2)
Orphan StringName: resource.zinc (static: 0, total: 2)
Orphan StringName: climate_moisture_tol (static: 0, total: 38)
Orphan StringName: res_saltpeter_extra_change_arr (static: 0, total: 3)
Orphan StringName: WEATHER_RULES (static: 0, total: 2)
Orphan StringName: DCTerrainIndexBaker (static: 0, total: 3)
Orphan StringName: engineer (static: 0, total: 1)
Orphan StringName: _moisture_backing (static: 0, total: 4)
Orphan StringName: dynamic_cell_atlas_chunk_begin (static: 0, total: 4)
Orphan StringName: cell_indirection_enabled (static: 0, total: 2)
Orphan StringName: _loaded (static: 0, total: 15)
Orphan StringName: @vegetation_growth_pressure_getter (static: 0, total: 3)
Orphan StringName: climate.weather (static: 0, total: 3)
Orphan StringName: _ENUM_ATLAS_THROTTLE_HEAL_TICKS (static: 0, total: 2)
Orphan StringName: _field_slice_prev_vapor (static: 0, total: 3)
Orphan StringName: cell_first_px_arr (static: 0, total: 13)
Orphan StringName: FAMILY_LUCIDE (static: 0, total: 2)
Orphan StringName: prev_field (static: 0, total: 150)
Orphan StringName: init_estuary (static: 0, total: 37)
Orphan StringName: res_zinc_ore_extra_change_arr (static: 0, total: 3)
Orphan StringName: _sample_reset (static: 0, total: 4)
Orphan StringName: _psi_mode_last (static: 0, total: 4)
Orphan StringName: DEFAULT_FAMILY_SURNAME_PACK_PATH (static: 0, total: 2)
Orphan StringName: GOODS_SCALE (static: 0, total: 4)
Orphan StringName: UNREACHABLE_DISTANCE (static: 0, total: 2)
Orphan StringName: emergent_weather_coupling (static: 0, total: 5)
Orphan StringName: upwelling_tex (static: 0, total: 7)
Orphan StringName: COUNTRY_NAME_PACK_PATH (static: 0, total: 2)
Orphan StringName: _breakthrough_definitions (static: 0, total: 4)
Orphan StringName: is_passable_land (static: 0, total: 6)
Orphan StringName: technology_runtime_capability_tags (static: 0, total: 1)
Orphan StringName: _biome_cache_size (static: 0, total: 4)
Orphan StringName: _phys_knobs_base_up (static: 0, total: 3)
Orphan StringName: merge_with_eco_decay (static: 0, total: 3)
Orphan StringName: FamilyEffectCatalogScript (static: 0, total: 2)
Orphan StringName: _hex_box_blur (static: 0, total: 4)
Orphan StringName: base_landform_arr (static: 0, total: 3)
Orphan StringName: axial_tilt_deg (static: 0, total: 9)
Orphan StringName: TraitDefinitionScript (static: 0, total: 4)
Orphan StringName: is_external_component (static: 0, total: 4)
Orphan StringName: sample_cover (static: 0, total: 3)
Orphan StringName: variant_component_offsets (static: 0, total: 2)
Orphan StringName: read_f32 (static: 0, total: 33)
Orphan StringName: signal_named_by_completed_technologies (static: 0, total: 3)
Orphan StringName: _data_core_world_ext (static: 0, total: 3)
Orphan StringName: tax.default (static: 0, total: 1)
Orphan StringName: population.profession.artisan (static: 0, total: 3)
Orphan StringName: FamilyTraitCatalog (static: 0, total: 3)
Orphan StringName: _rebake_canal_visual_layer (static: 0, total: 4)
Orphan StringName: building_dependency_tag_offsets (static: 0, total: 1)
Orphan StringName: world_to_cube (static: 0, total: 4)
Orphan StringName: need_variant_offsets (static: 0, total: 2)
Orphan StringName: _ice_state_buf (static: 0, total: 3)
Orphan StringName: SURVIVAL_PLAN_PATH (static: 0, total: 2)
Orphan StringName: _array_value (static: 0, total: 6)
Orphan StringName: employee_wage_policy_ids (static: 0, total: 5)
Orphan StringName: minimum_country_distance (static: 0, total: 4)
Orphan StringName: edge_falloff_depth (static: 0, total: 5)
Orphan StringName: view_u8 (static: 0, total: 4)
Orphan StringName: ocean_current (static: 0, total: 12)
Orphan StringName: tectonic_oceanic_base (static: 0, total: 5)
Orphan StringName: ConvexPolygonShape3D (static: 0, total: 2)
Orphan StringName: pharmaceuticals (static: 0, total: 4)
Orphan StringName: sim_stagger_weather_phase (static: 0, total: 5)
Orphan StringName: TARGET_EVENT_GROUP (static: 0, total: 2)
Orphan StringName: registered_keys (static: 0, total: 4)
Orphan StringName: get_ema_initialized (static: 0, total: 9)
Orphan StringName: get_ocean_current_field (static: 0, total: 3)
Orphan StringName: _field_slice_prev_precip (static: 0, total: 3)
Orphan StringName: _compile_reveal_reverse_index (static: 0, total: 4)
Orphan StringName: occupancy_signal_indices (static: 0, total: 4)
Orphan StringName: cell.vegetation_drought_stress (static: 0, total: 3)
Orphan StringName: _debug_pass_reads (static: 0, total: 3)
Orphan StringName: EVENT_COUNTRY_DEVELOPMENT_METRIC (static: 0, total: 2)
Orphan StringName: border_screen_width (static: 0, total: 5)
Orphan StringName: entries_production (static: 0, total: 5)
Orphan StringName: EROSION_GRAVITY (static: 0, total: 2)
Orphan StringName: _route_option (static: 0, total: 3)
Orphan StringName: _field_slice_active (static: 0, total: 4)
Orphan StringName: FamilyEffectDefinition (static: 0, total: 3)
Orphan StringName: _facade_enabled (static: 0, total: 4)
Orphan StringName: hydro_river_moisture_floor (static: 0, total: 5)
Orphan StringName: lake_seed_freq (static: 0, total: 5)
Orphan StringName: max_state_instances (static: 0, total: 5)
Orphan StringName: get_building_visual_snapshot (static: 0, total: 2)
Orphan StringName: era_reward.modifier (static: 0, total: 1)
Orphan StringName: _field_slice_cell_pos_scale (static: 0, total: 4)
Orphan StringName: _CID_WEATHER_PRECIP (static: 0, total: 2)
Orphan StringName: can_form_snow (static: 0, total: 5)
Orphan StringName: dynamic_cell_atlas_buffer (static: 0, total: 4)
Orphan StringName: spec_for (static: 0, total: 9)
Orphan StringName: rare_earth_ore (static: 0, total: 5)
Orphan StringName: FamilyModifierEffect (static: 0, total: 3)
Orphan StringName: hypso_make_tangents (static: 0, total: 4)
Orphan StringName: runtime_hydrology_stride (static: 0, total: 5)
Orphan StringName: erase (static: 0, total: 11)
Orphan StringName: seed (static: 0, total: 9)
Orphan StringName: metric.goods (static: 0, total: 2)
Orphan StringName: GoodProfileRegistry (static: 0, total: 3)
Orphan StringName: population.living.poor (static: 0, total: 2)
Orphan StringName: has_cloud_shadow (static: 0, total: 5)
Orphan StringName: set_ocean_current_visual (static: 0, total: 3)
Orphan StringName: weather_dirty_ratio (static: 0, total: 3)
Orphan StringName: height_tex (static: 0, total: 4)
Orphan StringName: mark_dirty (static: 0, total: 3)
Orphan StringName: _PassableSeaLUT_TerrainTypeScript (static: 0, total: 2)
Orphan StringName: resource.salt (static: 0, total: 3)
Orphan StringName: terrain_horizon_gpu_params (static: 0, total: 4)
Orphan StringName: resource_pressure_q16 (static: 0, total: 1)
Orphan StringName: effect_actions (static: 0, total: 1)
Orphan StringName: _air_mass_temp_anomaly_backing (static: 0, total: 4)
Orphan StringName: weather_vegetation_dynamics_stride (static: 0, total: 5)
Orphan StringName: _enum_atlas_data (static: 0, total: 3)
Orphan StringName: _upwelling_strength_backing (static: 0, total: 4)
Orphan StringName: ocean_moisture_coupling_gain (static: 0, total: 5)
Orphan StringName: _sample_cell (static: 0, total: 5)
Orphan StringName: chemist (static: 0, total: 1)
Orphan StringName: discovery_technology_tags (static: 0, total: 38)
Orphan StringName: _ocean_current_clamp_ratio_last (static: 0, total: 4)
Orphan StringName: origin_population_max (static: 0, total: 7)
Orphan StringName: FIELD_FORMATS (static: 0, total: 2)
Orphan StringName: serf (static: 0, total: 1)
Orphan StringName: cell.soil_moisture (static: 0, total: 3)
Orphan StringName: CELL_CANAL_WATER (static: 0, total: 2)
Orphan StringName: _BOUNCE_WATER_TERRAINS (static: 0, total: 2)
Orphan StringName: MOISTURE_MAX (static: 0, total: 2)
Orphan StringName: res://scripts/data_core/view_adapter.gd (static: 0, total: 160)
Orphan StringName: turf_block (static: 0, total: 2)
Orphan StringName: soil_moisture (static: 0, total: 6)
Orphan StringName: thermal_final_delta_cap_enabled (static: 0, total: 5)
Orphan StringName: building_job_spec (static: 0, total: 1)
Orphan StringName: tick_index (static: 0, total: 7)
Orphan StringName: _preferred_knowledge_for_region (static: 0, total: 3)
Orphan StringName: rebake_biome_tex_only (static: 0, total: 3)
Orphan StringName: payload_schemas (static: 0, total: 1)
Orphan StringName: plastics (static: 0, total: 4)
Orphan StringName: family.workspace.traits (static: 0, total: 1)
Orphan StringName: lake_seed_depth (static: 0, total: 5)
Orphan StringName: _cached_cell_pos_n (static: 0, total: 4)
Orphan StringName: _PHYS_STAGE_WIND_RASTER (static: 0, total: 2)
Orphan StringName: resource.fire (static: 0, total: 3)
Orphan StringName: cell.vegetation_heat_stress (static: 0, total: 3)
Orphan StringName: resource.fish (static: 0, total: 3)
Orphan StringName: set_world_ext (static: 0, total: 3)
Orphan StringName: _PSI_BETA_FLOOR (static: 0, total: 2)
Orphan StringName: maturity_rank (static: 0, total: 6)
Orphan StringName: _initial_cell_luts_deferred (static: 0, total: 4)
Orphan StringName: MOISTURE_MIN (static: 0, total: 2)
Orphan StringName: biome_buffer (static: 0, total: 15)
Orphan StringName: TEMPERATURE_MAX (static: 0, total: 2)
Orphan StringName: set_world_clock_ref (static: 0, total: 3)
Orphan StringName: foliage_biomass (static: 0, total: 3)
Orphan StringName: weather_direct_moisture_enabled (static: 0, total: 5)
Orphan StringName: cell.local_thermal_anomaly (static: 0, total: 2)
Orphan StringName: technology_entry_milestone_indices (static: 0, total: 1)
Orphan StringName: transpiration (static: 0, total: 12)
Orphan StringName: WeatherFront (static: 0, total: 3)
Orphan StringName: _vicinity_has_signal (static: 0, total: 3)
Orphan StringName: validate_entry (static: 0, total: 4)
Orphan StringName: _topo_neighbors (static: 0, total: 3)
Orphan StringName: _field_omega_ascent_gain (static: 0, total: 1)
Orphan StringName: _enum_atlas_throttle_pending_dirty (static: 0, total: 3)
Orphan StringName: @weather_cloud_getter (static: 0, total: 3)
Orphan StringName: TEMPERATURE_MIN (static: 0, total: 2)
Orphan StringName: cell.pos_x (static: 0, total: 2)
Orphan StringName: cell.pos_y (static: 0, total: 2)
Orphan StringName: salt_flat_min_dist_ocean (static: 0, total: 5)
Orphan StringName: population.living.struggling (static: 0, total: 2)
Orphan StringName: HYPSO_XS (static: 0, total: 2)
Orphan StringName: visual_domain (static: 0, total: 7)
Orphan StringName: TERRAIN_MATERIAL_TEXTURE_PATHS (static: 0, total: 2)
Orphan StringName: HYPSO_YS (static: 0, total: 2)
Orphan StringName: get_sea_ice_frac (static: 0, total: 9)
Orphan StringName: resource.fertile_soil (static: 0, total: 3)
Orphan StringName: res_phosphate_rock_reserve_arr (static: 0, total: 3)
Orphan StringName: gen_base (static: 0, total: 39)
Orphan StringName: _modifier_definition_keys (static: 0, total: 4)
Orphan StringName: get_wind_dir_delta_p95 (static: 0, total: 3)
Orphan StringName: SusPolicy.AndPolicy (static: 0, total: 1)
Orphan StringName: weather_precip_inertia (static: 0, total: 5)
Orphan StringName: _SEA_ICE_TERRAIN_INT (static: 0, total: 2)
Orphan StringName: run_bake_terrain_index_pass (static: 0, total: 3)
Orphan StringName: building_dependency_branch_technology_offsets (static: 0, total: 1)
Orphan StringName: _CID_UPWELLING_STRENGTH (static: 0, total: 2)
Orphan StringName: CELL_RES_COPPER_ORE_EXTRA_CHANGE (static: 0, total: 2)
Orphan StringName: technology.state.available (static: 0, total: 2)
Orphan StringName: CELL_RES_PADDY_LAND_EXTRA_CHANGE (static: 0, total: 2)
Orphan StringName: ideal_moist (static: 0, total: 7)
Orphan StringName: tools (static: 0, total: 8)
Orphan StringName: _is_water_lut_built (static: 0, total: 3)
Orphan StringName: cell.res_fertile_soil_reserve (static: 0, total: 3)
Orphan StringName: worker (static: 0, total: 1)
Orphan StringName: river_flow_arr (static: 0, total: 3)
Orphan StringName: cloud_shadow_alpha_scale (static: 0, total: 5)
Orphan StringName: res://scripts/data/terrain_profile_registry.gd (static: 0, total: 7)
Orphan StringName: DCComponentIds (static: 0, total: 3)
Orphan StringName: dairy_products (static: 0, total: 4)
Orphan StringName: CELL_LANDMASS_ID (static: 0, total: 2)
Orphan StringName: cell.res_coal_extra_change (static: 0, total: 2)
Orphan StringName: res_iron_ore_reserve_arr (static: 0, total: 3)
Orphan StringName: _ensure_pending_wind_size (static: 0, total: 9)
Orphan StringName: _ocean_topo_steer_w_eff_last (static: 0, total: 4)
Orphan StringName: vegetation_low_vitality_damping_threshold (static: 0, total: 5)
Orphan StringName: DCClimateBaker (static: 0, total: 3)
Orphan StringName: weather_transition_alpha_rate (static: 0, total: 6)
Orphan StringName: MultiMesh (static: 0, total: 2)
Orphan StringName: res_paddy_land_reserve_arr (static: 0, total: 3)
Orphan StringName: sea_ice_daily_stride (static: 0, total: 5)
Orphan StringName: CELL_RES_ZINC_ORE_EXTRA_CHANGE (static: 0, total: 2)
Orphan StringName: front_temperature_advection (static: 0, total: 4)
Orphan StringName: _dirty_mark_indexed (static: 0, total: 4)
Orphan StringName: res_copper_ore_reserve_arr (static: 0, total: 3)
Orphan StringName: CELL_WIND_SPEED (static: 0, total: 2)
Orphan StringName: _sample_terrain_wind (static: 0, total: 1)
Orphan StringName: next_in_succession (static: 0, total: 4)
Orphan StringName: get_ocean_current (static: 0, total: 4)
Orphan StringName: PAYLOAD_TECHNOLOGY_PRACTICE_V1 (static: 0, total: 2)
Orphan StringName: CELL_CLIMATE_DIRTY (static: 0, total: 2)
Orphan StringName: temp_30d_arr (static: 0, total: 4)
Orphan StringName: res://scripts/effect/era_reward_option.gd (static: 0, total: 1)
Orphan StringName: native_weather_transaction_active_owner_enabled (static: 0, total: 5)
Orphan StringName: DCComponentSchema (static: 0, total: 3)
Orphan StringName: _VEG_GRASS (static: 0, total: 2)
Orphan StringName: _ocean_current_preclamp_max_last (static: 0, total: 4)
Orphan StringName: _cell_to_row (static: 0, total: 4)
Orphan StringName: ResearchSignalDefinition.Persistence (static: 0, total: 2)
Orphan StringName: FAMILY_FONT_AWESOME (static: 0, total: 2)
Orphan StringName: compile_native_columns (static: 0, total: 8)
Orphan StringName: feedback_per_day_clamp (static: 0, total: 5)
Orphan StringName: VisualTileLayoutScript (static: 0, total: 4)
Orphan StringName: generation_vegetation_arr (static: 0, total: 3)
Orphan StringName: CELL_RES_ARABLE_LAND_RESERVE (static: 0, total: 2)
Orphan StringName: CELL_SCHEMA (static: 0, total: 2)
Orphan StringName: has_volcano_arr (static: 0, total: 3)
Orphan StringName: cell.res_saltpeter_extra_change (static: 0, total: 2)
Orphan StringName: VEC2_F32 (static: 0, total: 2)
Orphan StringName: OCCUPANCY_GUILD_FIBER (static: 0, total: 2)
Orphan StringName: _ecology_visual_signature (static: 0, total: 5)
Orphan StringName: register_component (static: 0, total: 6)
Orphan StringName: top_n (static: 0, total: 7)
Orphan StringName: _PROFILE_DIR (static: 0, total: 2)
Orphan StringName: season_temp_amp (static: 0, total: 5)
Orphan StringName: cell.bio_occupancy_bits (static: 0, total: 2)
Orphan StringName: dirty_mask_enabled (static: 0, total: 4)
Orphan StringName: vegetation_growth_pressure (static: 0, total: 5)
Orphan StringName: wheat_grain (static: 0, total: 3)
Orphan StringName: _ensure_upwelling_rows_mask (static: 0, total: 4)
Orphan StringName: era_reward_rule_multipliers_q16 (static: 0, total: 1)
Orphan StringName: river_downstream (static: 0, total: 5)
Orphan StringName: economy.building.workshop (static: 0, total: 2)
Orphan StringName: tropical_cyclone_births_per_commit (static: 0, total: 5)
Orphan StringName: cell.river_discharge_30d (static: 0, total: 2)
Orphan StringName: _contact_definitions (static: 0, total: 4)
Orphan StringName: technology_starter_capability_tags (static: 0, total: 2)
Orphan StringName: _CID_SNOW_COVER (static: 0, total: 2)
Orphan StringName: input_candidate_good_ids (static: 0, total: 6)
Orphan StringName: weather_classification_moisture_arr (static: 0, total: 4)
Orphan StringName: _revision (static: 0, total: 5)
Orphan StringName: season_phase (static: 0, total: 5)
Orphan StringName: need_id (static: 0, total: 2)
Orphan StringName: cell.res_plantation_land_extra_change (static: 0, total: 2)
Orphan StringName: encode_upwelling_tex (static: 0, total: 4)
Orphan StringName: static_ready (static: 0, total: 5)
Orphan StringName: OCCUPANCY_GUILD_GRAZER (static: 0, total: 2)
Orphan StringName: with_range (static: 0, total: 3)
Orphan StringName: gi_occluder (static: 0, total: 3)
Orphan StringName: cell.res_freshwater_fish_extra_change (static: 0, total: 2)
Orphan StringName: read_i32 (static: 0, total: 5)
Orphan StringName: ice_state_atlas_chunk_finalize (static: 0, total: 4)
Orphan StringName: _search_counts (static: 0, total: 5)
Orphan StringName: floor (static: 0, total: 7)
Orphan StringName: CELL_RES_FERTILE_SOIL_RESERVE (static: 0, total: 2)
Orphan StringName: F32 (static: 0, total: 4)
Orphan StringName: era_reward_selector_entity_types (static: 0, total: 1)
Orphan StringName: @group_32_轨道相位与日气候 (static: 0, total: 2)
Orphan StringName: build_cell_inputs (static: 0, total: 5)
Orphan StringName: CELL_TEMP_30D (static: 0, total: 2)
Orphan StringName: moisture_rainout_base (static: 0, total: 5)
Orphan StringName: enum_atlas_tex (static: 0, total: 6)
Orphan StringName: _starter_buffered_goods (static: 0, total: 4)
Orphan StringName: _starter_technologies_revealed (static: 0, total: 4)
Orphan StringName: TERRAIN_HORIZON_STEP_GROWTH (static: 0, total: 2)
Orphan StringName: visual_tiles (static: 0, total: 7)
Orphan StringName: select (static: 0, total: 2)
Orphan StringName: _CID_TEMP_365D (static: 0, total: 2)
Orphan StringName: requested_world_units_per_texel (static: 0, total: 5)
Orphan StringName: output_good_ids (static: 0, total: 12)
Orphan StringName: cell.base_terrain (static: 0, total: 2)
Orphan StringName: veg_grassland_donor (static: 0, total: 5)
Orphan StringName: RewardTarget (static: 0, total: 2)
Orphan StringName: _gdext_field_first_attempt_logged (static: 0, total: 1)
Orphan StringName: generation_id (static: 0, total: 7)
Orphan StringName: miner (static: 0, total: 1)
Orphan StringName: vegetation_growth_pressure_arr (static: 0, total: 3)
Orphan StringName: _estimate_memory (static: 0, total: 4)
Orphan StringName: plateau_max_land_ratio (static: 0, total: 5)
Orphan StringName: economy.fuel (static: 0, total: 5)
Orphan StringName: init_excluded_terrain_ids (static: 0, total: 35)
Orphan StringName: _research_signal_index_by_id (static: 0, total: 2)
Orphan StringName: _use_physical_circulation (static: 0, total: 9)
Orphan StringName: factor_q16 (static: 0, total: 7)
Orphan StringName: MetricType (static: 0, total: 2)
Orphan StringName: CELL_EMA_INITIALIZED (static: 0, total: 2)
Orphan StringName: PLAN_DIR (static: 0, total: 2)
Orphan StringName: priorities (static: 0, total: 1)
Orphan StringName: _enum_atlas_throttle_ticks_since_flush (static: 0, total: 3)
Orphan StringName: NOISE_TEX_SEED (static: 0, total: 2)
Orphan StringName: CELL_WEATHER_CLOUD_WATER (static: 0, total: 2)
Orphan StringName: food (static: 0, total: 1)
Orphan StringName: _cached_cell_pos_map_id (static: 0, total: 4)
Orphan StringName: objective_text (static: 0, total: 1)
Orphan StringName: _try_run_weather_summary_fronts_gdext (static: 0, total: 1)
Orphan StringName: _ocean_current_backing (static: 0, total: 4)
Orphan StringName: _rebake_single_axis (static: 0, total: 5)
Orphan StringName: estimated_resident_bytes (static: 0, total: 4)
Orphan StringName: CELL_RES_LIMESTONE_EXTRA_CHANGE (static: 0, total: 2)
Orphan StringName: hydro_curve_number_wet (static: 0, total: 5)
Orphan StringName: transpiration_self_rate (static: 0, total: 5)
Orphan StringName: DOMAIN_COLORS (static: 0, total: 2)
Orphan StringName: _ensure_cell_lut_dims (static: 0, total: 7)
Orphan StringName: CELL_RES_SILVER_ORE_RESERVE (static: 0, total: 2)
Orphan StringName: CELL_PLANT_AVAILABLE_WATER (static: 0, total: 2)
Orphan StringName: weather_field_enabled (static: 0, total: 5)
Orphan StringName: _starter_catalog (static: 0, total: 5)
Orphan StringName: TerrainTypeScript (static: 0, total: 2)
Orphan StringName: _sea_ice_pixel_to_cell_idx (static: 0, total: 3)
Orphan StringName: moist_tolerance (static: 0, total: 7)
Orphan StringName: weather_precip_arr (static: 0, total: 8)
Orphan StringName: res_saltpeter_reserve_arr (static: 0, total: 3)
Orphan StringName: _max_positive_weight (static: 0, total: 4)
Orphan StringName: arr_f32_y (static: 0, total: 7)
Orphan StringName: arr_f32_z (static: 0, total: 6)
Orphan StringName: terrain_detail_to_byte (static: 0, total: 4)
Orphan StringName: CELL_DEMO_THERMAL_GRADIENT (static: 0, total: 2)
Orphan StringName: _is_water_lut_cache (static: 0, total: 2)
Orphan StringName: mark_dirty_indexed (static: 0, total: 3)
Orphan StringName: res://scripts/data_core/component_schema.gd (static: 0, total: 9)
Orphan StringName: SDF_MAX_DIST_PX (static: 0, total: 2)
Orphan StringName: weather_transition_alpha (static: 0, total: 7)
Orphan StringName: @implicit_new (static: 0, total: 95)
Orphan StringName: initial_terrain_from_elevation (static: 0, total: 3)
Orphan StringName: _force_territory_ring_visible (static: 0, total: 4)
Orphan StringName: is_passable_sea (static: 0, total: 8)
Orphan StringName: temp_tolerance (static: 0, total: 7)
Orphan StringName: max_price (static: 0, total: 1)
Orphan StringName: FALLBACKS_PER_POOL (static: 0, total: 2)
Orphan StringName: secondary_qty (static: 0, total: 1)
Orphan StringName: resource.oil (static: 0, total: 3)
Orphan StringName: vitality_high_threshold (static: 0, total: 5)
Orphan StringName: DevelopmentAchievementCatalog (static: 0, total: 3)
Orphan StringName: res://scripts/util/pk_log.gd (static: 0, total: 3)
Orphan StringName: moisture_orographic_gain (static: 0, total: 5)
Orphan StringName: efficiency_q16 (static: 0, total: 3)
Orphan StringName: resource_interaction_modes (static: 0, total: 7)
Orphan StringName: dynamic_cell_atlas_tex (static: 0, total: 4)
Orphan StringName: resource_path (static: 0, total: 1)
Orphan StringName: cement (static: 0, total: 4)
Orphan StringName: overlay_base_alpha (static: 0, total: 5)
Orphan StringName: _pool_alloc (static: 0, total: 4)
Orphan StringName: from_dictionary (static: 0, total: 3)
Orphan StringName: _use_gdext_weather_distribute (static: 0, total: 1)
Orphan StringName: _UPWELLING_HIGHLAT_ABS (static: 0, total: 2)
Orphan StringName: economy.building.science (static: 0, total: 2)
Orphan StringName: _cyclone_wake_enabled (static: 0, total: 1)
Orphan StringName: FamilyEffectCatalog (static: 0, total: 3)
Orphan StringName: PRODUCTION_CLIMATE_DIR (static: 0, total: 4)
Orphan StringName: maritime_decay_cells (static: 0, total: 5)
Orphan StringName: _knowledge_building_operable (static: 0, total: 4)
Orphan StringName: _INITIAL_PHYSICAL_SEASON_PHASE (static: 0, total: 2)
Orphan StringName: tectonic_continental_base (static: 0, total: 5)
Orphan StringName: weather_intensity_arr (static: 0, total: 8)
Orphan StringName: _can_save_callback (static: 0, total: 3)
Orphan StringName: weather_convergence_refresh_stride (static: 0, total: 5)
Orphan StringName: geology_family_id (static: 0, total: 36)
Orphan StringName: _range_begin (static: 0, total: 4)
Orphan StringName: prestige_descriptions (static: 0, total: 5)
Orphan StringName: get_temp_baseline_year (static: 0, total: 9)
Orphan StringName: physical_cell_slice_divisor (static: 0, total: 7)
Orphan StringName: _phase_offset (static: 0, total: 4)
Orphan StringName: vegetation_heat_stress_arr (static: 0, total: 5)
Orphan StringName: population.living.destitute (static: 0, total: 3)
Orphan StringName: ITCZ_HALF_WIDTH (static: 0, total: 2)
Orphan StringName: @group_463_调试与演示 (static: 0, total: 2)
Orphan StringName: knowledge (static: 0, total: 1)
Orphan StringName: get_slp_native_ms (static: 0, total: 3)
Orphan StringName: component_id (static: 0, total: 7)
Orphan StringName: Target (static: 0, total: 2)
Orphan StringName: @weather_field_initialized_getter (static: 0, total: 3)
Orphan StringName: electric_motor (static: 0, total: 3)
Orphan StringName: raw_hide (static: 0, total: 4)
Orphan StringName: technology_ids (static: 0, total: 4)
Orphan StringName: enabled (static: 0, total: 16)
Orphan StringName: _CID_SOIL_MOISTURE (static: 0, total: 2)
Orphan StringName: raw_latex_feedstock (static: 0, total: 1)
Orphan StringName: river_flow (static: 0, total: 6)
Orphan StringName: Texture2D (static: 0, total: 13)
Orphan StringName: insolation_dev_arr (static: 0, total: 3)
Orphan StringName: data_scientist (static: 0, total: 1)
Orphan StringName: _condition_references_technology (static: 0, total: 5)
Orphan StringName: _neighbor_average_vapor_cached (static: 0, total: 4)
Orphan StringName: lake_seed_threshold (static: 0, total: 5)
Orphan StringName: world_to_tile_address (static: 0, total: 4)
Orphan StringName: TriggerBindingScript (static: 0, total: 2)
Orphan StringName: moisture_land_base (static: 0, total: 5)
Orphan StringName: Window (static: 0, total: 2)
Orphan StringName: _veg_masks (static: 0, total: 4)
Orphan StringName: weight (static: 0, total: 14)
Orphan StringName: _physical_cell_slice_divisor (static: 0, total: 4)
Orphan StringName: WIND_HEAT_MIX (static: 0, total: 4)
Orphan StringName: _dyn_atlas_smooth_buf (static: 0, total: 3)
Orphan StringName: StyleBox (static: 0, total: 2)
Orphan StringName: UNEMPLOYED_PROFESSION_ID (static: 0, total: 2)
Orphan StringName: water_depth_tex (static: 0, total: 4)
Orphan StringName: StarterEconomyPlanner (static: 0, total: 3)
Orphan StringName: wrap_x (static: 0, total: 6)
Orphan StringName: can_save (static: 0, total: 3)
Orphan StringName: distinct_capacity (static: 0, total: 5)
Orphan StringName: land_layout_index (static: 0, total: 3)
Orphan StringName: efficiency (static: 0, total: 1)
Orphan StringName: res_freshwater_fish_extra_change_arr (static: 0, total: 3)
Orphan StringName: extra_change_cpp_name (static: 0, total: 5)
Orphan StringName: build_knobs (static: 0, total: 4)
Orphan StringName: world_to_cube_f (static: 0, total: 8)
Orphan StringName: hydrate_effect_catalog (static: 0, total: 4)
Orphan StringName: sea_ice_fraction (static: 0, total: 12)
Orphan StringName: water_tolerance (static: 0, total: 2)
Orphan StringName: advance_one_day (static: 0, total: 3)
Orphan StringName: _PHYS_STAGE_PSI_INIT (static: 0, total: 2)
Orphan StringName: get_data (static: 0, total: 3)
Orphan StringName: VITALITY_MIN (static: 0, total: 2)
Orphan StringName: DEFAULT_TRIGGER_CATALOG_PATH (static: 0, total: 2)
Orphan StringName: _wind_b_path_log_count (static: 0, total: 4)
Orphan StringName: ocean_daily_wind_period_ticks (static: 0, total: 5)
Orphan StringName: cell.day_length (static: 0, total: 2)
Orphan StringName: thermal_inertia_high_mountain (static: 0, total: 5)
Orphan StringName: write_set (static: 0, total: 3)
Orphan StringName: hydro_bank_moisture_gain (static: 0, total: 5)
Orphan StringName: country.world (static: 0, total: 3)
Orphan StringName: _validate_starter_construction_closure (static: 0, total: 4)
Orphan StringName: good_production_quality_levels (static: 0, total: 1)
Orphan StringName: Time (static: 0, total: 2)
Orphan StringName: @temp_30d_mean_setter (static: 0, total: 4)
Orphan StringName: _lat_temp_for (static: 0, total: 6)
Orphan StringName: starchy_staple (static: 0, total: 5)
Orphan StringName: offset_neighbors_in_bounds (static: 0, total: 3)
Orphan StringName: enso_max_basins (static: 0, total: 5)
Orphan StringName: _debug_begin_pass (static: 0, total: 3)
Orphan StringName: cell.res_paddy_land_extra_change (static: 0, total: 2)
Orphan StringName: _pool_free (static: 0, total: 4)
Orphan StringName: monetary_issue_value (static: 0, total: 139)
Orphan StringName: _ensure_world_cell_pixel_csr (static: 0, total: 5)
Orphan StringName: _phys_last_wind_wy_size (static: 0, total: 4)
Orphan StringName: subsistence_farmer (static: 0, total: 1)
Orphan StringName: snowpack_arr (static: 0, total: 3)
Orphan StringName: CELL_RES_CLAY_EXTRA_CHANGE (static: 0, total: 2)
Orphan StringName: geography.surface (static: 0, total: 4)
Orphan StringName: moisture_itcz_convergence (static: 0, total: 5)
Orphan StringName: household_savings_threshold_months_q16 (static: 0, total: 139)
Orphan StringName: season_refresh_legacy_signal (static: 0, total: 5)
Orphan StringName: coast_wave_erosion (static: 0, total: 5)
Orphan StringName: ITCZ_X (static: 0, total: 2)
Orphan StringName: size (static: 0, total: 43)
Orphan StringName: moisture_tropical_evap_boost (static: 0, total: 5)
Orphan StringName: refresh_slots_from_map_keys (static: 0, total: 2)
Orphan StringName: TriggerDefinitionScript (static: 0, total: 2)
Orphan StringName: wind_speed_at (static: 0, total: 4)
Orphan StringName: @group_354_运行期水文 (static: 0, total: 2)
Orphan StringName: weather_albedo_stride (static: 0, total: 5)
Orphan StringName: upload_horizon_layer (static: 0, total: 3)
Orphan StringName: canyon_min_axis (static: 0, total: 5)
Orphan StringName: timber (static: 0, total: 1)
Orphan StringName: OCCUPANCY_ORIGIN_UNIQUE_HEARTH (static: 0, total: 2)
Orphan StringName: _append_predicate_dict (static: 0, total: 5)
Orphan StringName: sources (static: 0, total: 1)
Orphan StringName: effect_source_priorities (static: 0, total: 1)
Orphan StringName: CountryBorderLayer (static: 0, total: 3)
Orphan StringName: technology_modifier_term_offsets (static: 0, total: 2)
Orphan StringName: res://scripts/geography/hex_cell.gd (static: 0, total: 88)
Orphan StringName: CELL_TEMP (static: 0, total: 2)
Orphan StringName: _NAME_CN (static: 0, total: 2)
Orphan StringName: _hex_size (static: 0, total: 6)
Orphan StringName: starter_eligible_technology_ids (static: 0, total: 2)
Orphan StringName: _UPWELLING_COAST_TANGENT_MIN (static: 0, total: 2)
Orphan StringName: family_for_key (static: 0, total: 3)
Orphan StringName: _phys_resolve_abs_sim_day (static: 0, total: 6)
Orphan StringName: rebake_ice_state_atlas (static: 0, total: 3)
Orphan StringName: DEFAULT_PATH (static: 0, total: 6)
Orphan StringName: CELL_RIVER_STORAGE (static: 0, total: 2)
Orphan StringName: reason (static: 0, total: 13)
Orphan StringName: starter_building_ids (static: 0, total: 2)
Orphan StringName: I32 (static: 0, total: 4)
Orphan StringName: @group_169_气候与天气模型 (static: 0, total: 2)
Orphan StringName: AtlasEncodersScript (static: 0, total: 4)
Orphan StringName: habitat_mode (static: 0, total: 37)
Orphan StringName: family.workspace.overview (static: 0, total: 1)
Orphan StringName: _PHYS_STAGE_WIND (static: 0, total: 2)
Orphan StringName: res://scripts/rendering/visual_tile_set.gd (static: 0, total: 11)
Orphan StringName: gi_occluder_tex (static: 0, total: 3)
Orphan StringName: _close_candidate_route (static: 0, total: 4)
Orphan StringName: building_dependency_kinds (static: 0, total: 1)
Orphan StringName: logical_size (static: 0, total: 6)
Orphan StringName: weather_type_arr (static: 0, total: 8)
Orphan StringName: technology_effect_profile_ids (static: 0, total: 1)
Orphan StringName: _pending_generation_ecology (static: 0, total: 3)
Orphan StringName: condition_ops (static: 0, total: 10)
Orphan StringName: cell.res_copper_ore_extra_change (static: 0, total: 2)
Orphan StringName: DCClimateMath (static: 0, total: 5)
Orphan StringName: @group_396_侵蚀(生成) (static: 0, total: 2)
Orphan StringName: get_vegetation_heat_stress (static: 0, total: 9)
Orphan StringName: passable_sea_lut (static: 0, total: 3)
Orphan StringName: FRONT_STRENGTH (static: 0, total: 2)
Orphan StringName: cotton_fiber (static: 0, total: 3)
Orphan StringName: cube_neighbor (static: 0, total: 3)
Orphan StringName: definition_key (static: 0, total: 27)
Orphan StringName: EraRewardOption (static: 0, total: 3)
Orphan StringName: input_candidate_efficiency_q16 (static: 0, total: 6)
Orphan StringName: household_wealth_elasticity_q16 (static: 0, total: 139)
Orphan StringName: limestone (static: 0, total: 5)
Orphan StringName: technology_starter_capability_offsets (static: 0, total: 2)
Orphan StringName: run_bake_latitude_field_pass (static: 0, total: 2)
Orphan StringName: building_input_offsets (static: 0, total: 1)
Orphan StringName: _slot_by_name (static: 0, total: 3)
Orphan StringName: get_archetype (static: 0, total: 3)
Orphan StringName: ocean_current_max_magnitude (static: 0, total: 12)
Orphan StringName: WARP_AMP (static: 0, total: 2)
Orphan StringName: DEFAULT_GUTTER_PX (static: 0, total: 2)
Orphan StringName: EffectCatalogScript (static: 0, total: 2)
Orphan StringName: MAX_COUNTRY_DISTANCE (static: 0, total: 2)
Orphan StringName: _cell_bounce_lut_bytes_cache (static: 0, total: 3)
Orphan StringName: run_deferred_initial_physical_circulation (static: 0, total: 3)
Orphan StringName: runtime_moisture_water_balance_weight (static: 0, total: 5)
Orphan StringName: required_technology_tags (static: 0, total: 6)
Orphan StringName: ClassDB (static: 0, total: 2)
Orphan StringName: building_progression_terminal_reasons (static: 0, total: 1)
Orphan StringName: ResearchPredicate (static: 0, total: 3)
Orphan StringName: _pending_phys_solved_phase (static: 0, total: 4)
Orphan StringName: trigger_reward_target (static: 0, total: 7)
Orphan StringName: COMMAND_DISCOVER_COUNTRY_SIGNAL (static: 0, total: 2)
Orphan StringName: terrain_normal (static: 0, total: 3)
Orphan StringName: @wind_speed_setter (static: 0, total: 3)
Orphan StringName: building_progression_predecessor_offsets (static: 0, total: 1)
Orphan StringName: leather (static: 0, total: 4)
Orphan StringName: odd_r_qr_arrays (static: 0, total: 3)
Orphan StringName: value_mode (static: 0, total: 18)
Orphan StringName: era_reward_trigger_technology_indices (static: 0, total: 1)
Orphan StringName: encode_flow_tex (static: 0, total: 4)
Orphan StringName: init_province (static: 0, total: 37)
Orphan StringName: _phys_last_wind_commit_ok (static: 0, total: 4)
Orphan StringName: moisture_itcz_center (static: 0, total: 5)
Orphan StringName: res_fertile_soil_extra_change_arr (static: 0, total: 3)
Orphan StringName: _query_in_use (static: 0, total: 3)
Orphan StringName: ocean_density_ice_weight (static: 0, total: 9)
Orphan StringName: build_pools (static: 0, total: 5)
Orphan StringName: _try_cpp_dynamic_cell_atlas_encode (static: 0, total: 4)
Orphan StringName: domain (static: 0, total: 20)
Orphan StringName: HM_MAX_DIM (static: 0, total: 2)
Orphan StringName: agricultural_machinery (static: 0, total: 4)
Orphan StringName: _q01_byte_ice (static: 0, total: 6)
Orphan StringName: ordered (static: 0, total: 12)
Orphan StringName: _avg_ocean_anomaly_at (static: 0, total: 4)
Orphan StringName: TERRAIN_MATERIAL_SIZE_MOBILE (static: 0, total: 2)
Orphan StringName: init_province_scale (static: 0, total: 36)
Orphan StringName: _field_slice_next_instability (static: 0, total: 3)
Orphan StringName: PROTOCOL_VERSION (static: 0, total: 2)
Orphan StringName: _field_slice_cursor (static: 0, total: 4)
Orphan StringName: industrial_machinery (static: 0, total: 4)
Orphan StringName: _deserialize_fronts_dict (static: 0, total: 4)
Orphan StringName: enables_snow_grain (static: 0, total: 5)
Orphan StringName: max_map_height (static: 0, total: 4)
Orphan StringName: VisualTileSet (static: 0, total: 3)
Orphan StringName: res://scripts/research/research_signal_catalog.gd (static: 0, total: 9)
Orphan StringName: @sea_ice_fraction_setter (static: 0, total: 3)
Orphan StringName: FRONT_VEL_X (static: 0, total: 2)
Orphan StringName: FRONT_VEL_Y (static: 0, total: 2)
Orphan StringName: res://scripts/game/start_location_policy.gd (static: 0, total: 41)
Orphan StringName: is_water_lut (static: 0, total: 5)
Orphan StringName: _vegetation_vitality_backing (static: 0, total: 4)
Orphan StringName: ocean_thermal_current_weight (static: 0, total: 9)
Orphan StringName: native_daily_finalizer_slice_cells (static: 0, total: 5)
Orphan StringName: overlay_color (static: 0, total: 5)
Orphan StringName: select_and_prepare (static: 0, total: 3)
Orphan StringName: CELL_RES_MANGANESE_ORE_RESERVE (static: 0, total: 2)
Orphan StringName: _SLP_LAND_AMP (static: 0, total: 2)
Orphan StringName: _remove_cell (static: 0, total: 4)
Orphan StringName: resource.flint (static: 0, total: 4)
Orphan StringName: get_cover (static: 0, total: 9)
Orphan StringName: _enum_atlas_throttle_skipped_uploads (static: 0, total: 3)
Orphan StringName: thermal_monsoon_full_contrast (static: 0, total: 8)
Orphan StringName: DCBakerContext (static: 0, total: 4)
Orphan StringName: source_id (static: 0, total: 11)
Orphan StringName: CELL_HAS_RIVER (static: 0, total: 2)
Orphan StringName: overlay_icon_key (static: 0, total: 4)
Orphan StringName: ready (static: 0, total: 6)
Orphan StringName: albedo_temp_gain (static: 0, total: 5)
Orphan StringName: _phys_last_slp_published_to_slot (static: 0, total: 4)
Orphan StringName: versions (static: 0, total: 1)
Orphan StringName: get_temp_30d (static: 0, total: 9)
Orphan StringName: static_targets (static: 0, total: 1)
Orphan StringName: set_enabled (static: 0, total: 6)
Orphan StringName: cube_round (static: 0, total: 8)
Orphan StringName: CELL_AIR_MASS_TEMP_ANOMALY (static: 0, total: 2)
Orphan StringName: _percentile_abs_from_array (static: 0, total: 1)
Orphan StringName: ALBEDO_LAND (static: 0, total: 2)
Orphan StringName: economy_trade_passable_lut (static: 0, total: 3)
Orphan StringName: plant_water_balance_weight (static: 0, total: 5)
Orphan StringName: enable_archetype_sorting (static: 0, total: 4)
Orphan StringName: allows_zero_cost_construction (static: 0, total: 4)
Orphan StringName: MapData (static: 0, total: 154)
Orphan StringName: hypso_remap_elev (static: 0, total: 4)
Orphan StringName: CELL_RES_PLANTATION_LAND_EXTRA_CHANGE (static: 0, total: 2)
Orphan StringName: SelectorScript (static: 0, total: 2)
Orphan StringName: era_reward_rule_thresholds (static: 0, total: 1)
Orphan StringName: ocean_period_scale_weak (static: 0, total: 5)
Orphan StringName: init_belt_scale (static: 0, total: 36)
Orphan StringName: resource.metal (static: 0, total: 3)
Orphan StringName: CELL_RES_PADDY_LAND_RESERVE (static: 0, total: 2)
Orphan StringName: CELL_RES_FRESHWATER_FISH_EXTRA_CHANGE (static: 0, total: 2)
Orphan StringName: _summary_verify_enabled (static: 0, total: 1)
Orphan StringName: _cpp_atlas_encode_disabled_reason (static: 0, total: 8)
Orphan StringName: reserve_component (static: 0, total: 41)
Orphan StringName: potatoes (static: 0, total: 3)
Orphan StringName: @group_375_运行时诊断 (static: 0, total: 2)
Orphan StringName: sample_upwelling (static: 0, total: 3)
Orphan StringName: AGG_CONSECUTIVE_DURATION (static: 0, total: 2)
Orphan StringName: surface_runoff_arr (static: 0, total: 3)
Orphan StringName: life_progress (static: 0, total: 6)
Orphan StringName: cell_lut_active_transition_pending (static: 0, total: 3)
Orphan StringName: particle_angular_velocity_max (static: 0, total: 5)
Orphan StringName: _upload_rg8 (static: 0, total: 6)
Orphan StringName: wealth_elasticity_q16 (static: 0, total: 1)
Orphan StringName: weather_vapor_arr (static: 0, total: 9)
Orphan StringName: insolation_now_arr (static: 0, total: 3)
Orphan StringName: raw_fiber_crop (static: 0, total: 1)
Orphan StringName: physical_cell_slice_enabled (static: 0, total: 7)
Orphan StringName: _building_kind_glyph (static: 0, total: 4)
Orphan StringName: resource.limestone (static: 0, total: 3)
Orphan StringName: _try_cpp_enum_axis_patch (static: 0, total: 4)
Orphan StringName: res://scripts/effect/effect_instruction.gd (static: 0, total: 1)
Orphan StringName: BLUR_ITERATIONS (static: 0, total: 2)
Orphan StringName: wind_div_damp_alpha (static: 0, total: 7)
Orphan StringName: NOISE_TEX_SIZE (static: 0, total: 2)
Orphan StringName: _starter_resource_overlay (static: 0, total: 4)
Orphan StringName: _snow_cover_backing (static: 0, total: 4)
Orphan StringName: _terrain_materials_supported_for_renderer (static: 0, total: 3)
Orphan StringName: food_output (static: 0, total: 1)
Orphan StringName: enable_wind_heat_transport (static: 0, total: 5)
Orphan StringName: soa_swap_double_buffer (static: 0, total: 4)
Orphan StringName: building_input_candidate_offsets (static: 0, total: 1)
Orphan StringName: physical_circulation_enabled (static: 0, total: 7)
Orphan StringName: particle_angular_velocity_min (static: 0, total: 5)
Orphan StringName: family.metric.wealth (static: 0, total: 1)
Orphan StringName: _physical_solve_native_oneshot (static: 0, total: 4)
Orphan StringName: inactive_reversion_weight_q16 (static: 0, total: 139)
Orphan StringName: _trade_luts_built (static: 0, total: 3)
Orphan StringName: WeatherProfileRegistry (static: 0, total: 3)
Orphan StringName: DCFeatureFlags (static: 0, total: 3)
Orphan StringName: _is_precip_weather_type (static: 0, total: 1)
Orphan StringName: action.refresh (static: 0, total: 3)
Orphan StringName: rare_earth (static: 0, total: 1)
Orphan StringName: _construction_groups_reachable (static: 0, total: 4)
Orphan StringName: WorldData (static: 0, total: 105)
Orphan StringName: local_thermal_anomaly_arr (static: 0, total: 3)
Orphan StringName: @vegetation_vitality_setter (static: 0, total: 3)
Orphan StringName: vegetation_regen_score (static: 0, total: 6)
Orphan StringName: get_upwelling_strength (static: 0, total: 10)
Orphan StringName: _physical_cell_slice_enabled (static: 0, total: 4)
Orphan StringName: action.add (static: 0, total: 4)
Orphan StringName: TerrainType (static: 0, total: 3)
Orphan StringName: province_id_arr (static: 0, total: 3)
Orphan StringName: VEC3_F32 (static: 0, total: 2)
Orphan StringName: cell.res_clay_reserve (static: 0, total: 3)
Orphan StringName: wind_synoptic_period_days (static: 0, total: 8)
Orphan StringName: _season_phase (static: 0, total: 3)
Orphan StringName: current_state (static: 0, total: 4)
Orphan StringName: _dyn_atlas_smooth_cache_size (static: 0, total: 4)
Orphan StringName: RenderingDevice.Limit (static: 0, total: 1)
Orphan StringName: begin_runtime_physics_visual (static: 0, total: 3)
Orphan StringName: ice_state_buffer (static: 0, total: 4)
Orphan StringName: action.pause (static: 0, total: 2)
Orphan StringName: _ensure_pending_currents_size (static: 0, total: 8)
Orphan StringName: _record_river_atlas_probe (static: 0, total: 4)
Orphan StringName: peek_dirty_count (static: 0, total: 3)
Orphan StringName: action.more (static: 0, total: 1)
Orphan StringName: discard_ocean_buffers (static: 0, total: 3)
Orphan StringName: preferred_good_id (static: 0, total: 1)
Orphan StringName: FRONT_POS_X (static: 0, total: 2)
Orphan StringName: FRONT_POS_Y (static: 0, total: 2)
Orphan StringName: sample_flow (static: 0, total: 3)
Orphan StringName: precision_tools (static: 0, total: 3)
Orphan StringName: FRONT_DIAG_COLD (static: 0, total: 2)
Orphan StringName: RegEx (static: 0, total: 1)
Orphan StringName: weather_cold_precip_as_blizzard (static: 0, total: 5)
Orphan StringName: _complementary_floor_q16 (static: 0, total: 4)
Orphan StringName: _phys_water_ids_cache (static: 0, total: 3)
Orphan StringName: has_river (static: 0, total: 8)
Orphan StringName: sync_is_water_arr_from_terrain (static: 0, total: 3)
Orphan StringName: get_wind_stress_curl (static: 0, total: 10)
Orphan StringName: _try_cpp_ice_state_atlas_encode (static: 0, total: 4)
Orphan StringName: _family_buff_definitions (static: 0, total: 4)
Orphan StringName: surface (static: 0, total: 2)
Orphan StringName: world_bounds (static: 0, total: 22)
Orphan StringName: landform (static: 0, total: 10)
Orphan StringName: @group_170_涌现气候耦合 (static: 0, total: 2)
Orphan StringName: resource.earth (static: 0, total: 3)
Orphan StringName: CLIMATE_ZONE_NAMES (static: 0, total: 1)
Orphan StringName: climate_pass_diagnostics_enabled (static: 0, total: 5)
Orphan StringName: PRECIOUS_STARTER_BUILDING_IDS (static: 0, total: 2)
Orphan StringName: TERRAIN_HORIZON_BIAS (static: 0, total: 2)
Orphan StringName: cell.res_oil_extra_change (static: 0, total: 2)
Orphan StringName: sim_budget_warn_ms (static: 0, total: 5)
Orphan StringName: family.workspace.effects (static: 0, total: 1)
Orphan StringName: _PSI_SOR_OMEGA (static: 0, total: 2)
Orphan StringName: _starter_technology_revealed (static: 0, total: 6)
Orphan StringName: _s_hue (static: 0, total: 3)
Orphan StringName: resource.tin (static: 0, total: 3)
Orphan StringName: evaporite (static: 0, total: 2)
Orphan StringName: trade_passable (static: 0, total: 9)
Orphan StringName: res://scripts/family/family_trait_definition.gd (static: 0, total: 1)
Orphan StringName: reference_id (static: 0, total: 6)
Orphan StringName: rebake_upwelling_tex_for_debug (static: 0, total: 3)
Orphan StringName: _wf_diag_calls (static: 0, total: 4)
Orphan StringName: restore_pkfg (static: 0, total: 3)
Orphan StringName: ResearchSignalCatalogScript (static: 0, total: 6)
Orphan StringName: _research_routes_reference_technology (static: 0, total: 4)
Orphan StringName: ContinuousSlicedPolicy (static: 0, total: 4)
Orphan StringName: is_lake_seed (static: 0, total: 5)
Orphan StringName: _CID_WEATHER_PREV_TYPE (static: 0, total: 2)
Orphan StringName: Kind (static: 0, total: 4)
Orphan StringName: _last_bake_map (static: 0, total: 4)
Orphan StringName: use_sparse_weather (static: 0, total: 6)
Orphan StringName: elevation_arr (static: 0, total: 10)
Orphan StringName: storage_mode (static: 0, total: 139)
Orphan StringName: _psi_path_log_count (static: 0, total: 4)
Orphan StringName: flush (static: 0, total: 4)
Orphan StringName: target (static: 0, total: 6)
Orphan StringName: plan_fingerprint (static: 0, total: 1)
Orphan StringName: tax.export (static: 0, total: 1)
Orphan StringName: res_stone_extra_change_arr (static: 0, total: 3)
Orphan StringName: _s_valid (static: 0, total: 3)
Orphan StringName: @vegetation_drought_stress_setter (static: 0, total: 3)
Orphan StringName: weather_wet_terrain_precip_damping (static: 0, total: 5)
Orphan StringName: _convective_inhib (static: 0, total: 3)
Orphan StringName: moisture_stormtrack_center (static: 0, total: 5)
Orphan StringName: river_channel_init_cells (static: 0, total: 5)
Orphan StringName: _upwelling_diag_count (static: 0, total: 4)
Orphan StringName: res://scripts/effect/era_reward_pool.gd (static: 0, total: 1)
Orphan StringName: gold_ore (static: 0, total: 1)
Orphan StringName: population.profession.unemployed (static: 0, total: 2)
Orphan StringName: CELL_RES_FERTILE_SOIL_EXTRA_CHANGE (static: 0, total: 2)
Orphan StringName: commit (static: 0, total: 4)
Orphan StringName: CELL_RES_CLAY_RESERVE (static: 0, total: 2)
Orphan StringName: _phys_wind_cursor (static: 0, total: 4)
Orphan StringName: _phys_upwelling_cursor (static: 0, total: 4)
Orphan StringName: SubjectKind (static: 0, total: 2)
Orphan StringName: _PHYS_STAGE_SLP (static: 0, total: 2)
Orphan StringName: country.diplomacy (static: 0, total: 3)
Orphan StringName: economy.building.power (static: 0, total: 2)
Orphan StringName: resource_generation_ids (static: 0, total: 5)
Orphan StringName: weather_field_thermal_conv_precip (static: 0, total: 5)
Orphan StringName: default_consumption_plan_id (static: 0, total: 1)
Orphan StringName: CELL_LAT_NORM (static: 0, total: 2)
Orphan StringName: SPECS (static: 0, total: 2)
Orphan StringName: _CID_WEATHER_INTENSITY (static: 0, total: 2)
Orphan StringName: particle_direction (static: 0, total: 5)
Orphan StringName: _eco_veg_bytes_arr (static: 0, total: 3)
Orphan StringName: command_buffer (static: 0, total: 3)
Orphan StringName: condition_offsets (static: 0, total: 1)
Orphan StringName: cell_biogeographic_realm_arr (static: 0, total: 3)
Orphan StringName: demand (static: 0, total: 1)
Orphan StringName: _s_value (static: 0, total: 3)
Orphan StringName: RIVER_ATLAS_PROBE_CELL_LIMIT (static: 0, total: 2)
Orphan StringName: clothing_good_id (static: 0, total: 1)
Orphan StringName: COAST_BEACH (static: 0, total: 2)
Orphan StringName: create_archetype (static: 0, total: 3)
Orphan StringName: native_tropical_cyclone_enabled (static: 0, total: 5)
Orphan StringName: filter_code (static: 0, total: 6)
Orphan StringName: _is_wet_type (static: 0, total: 5)
Orphan StringName: FORMAT_VERSION (static: 0, total: 4)
Orphan StringName: source (static: 0, total: 11)
Orphan StringName: _validate_knowledge_basis (static: 0, total: 4)
Orphan StringName: particle_base_color (static: 0, total: 5)
Orphan StringName: get_psi_path_str (static: 0, total: 3)
Orphan StringName: ocean_currents_slice_count (static: 0, total: 5)
Orphan StringName: landmass_id_arr (static: 0, total: 3)
Orphan StringName: CELL_RES_PASTURE_RESERVE (static: 0, total: 2)
Orphan StringName: sea_ice_terrain_hysteresis (static: 0, total: 5)
Orphan StringName: OPENING_TOPUP_RESOURCE_IDS (static: 0, total: 2)
Orphan StringName: resource.animal (static: 0, total: 4)
Orphan StringName: fine_clothing (static: 0, total: 4)
StringName: 4663 unclaimed string names at exit.
