Godot Engine v4.6.2.stable.official.71f334935 - https://godotengine.org

[ui-layout-diag/bind_ui] is_web=false viewport_visible_rect=[P: (0.0, 0.0), S: (51.2, 51.2)] window_size=(64, 64) content_scale_factor=1.250 content_scale_mode=0 device_pixel_ratio=-1.000 top_bar_rect=[P: (0.0, 0.0), S: (543.0, 56.0)] right_panel_rect=[P: (-408.8, 68.0), S: (460.0, 366.0)] country_action_bar_rect=[P: (8.0, -30.8), S: (336.0, 74.0)]
[stage-c] authority=ACTIVE worker=ACTIVE
[building-visual] queue_probe ticks=1 queued=0 chunk=-1 camera_rect=[P: (-25.6, -25.6), S: (51.2, 51.2)] prefetch=false zoom=1.000
[building-visual] queue_probe ticks=2 queued=0 chunk=-1 camera_rect=[P: (-25.6, -25.6), S: (51.2, 51.2)] prefetch=false zoom=1.000
[native_generation/base] path=gdext algorithm=post_base_priority_flood_hydrology_v3 n=320 native_ms=1.411 water=269 land=51
[native_generation/post_base] path=gdext algorithm=post_base_priority_flood_hydrology_v3 n=320 native_ms=0.326 lakes=0 rivers=2 volcanoes=0
[native_generation/vegetation] native_ms=0.086 candidates=51 none=176 score=[0.000,2.352,1.070] plant_water_land=51 river_adjacent_desert=0 coastal_highland_desert=0 terrain_weight=[0.180,1.200]
[native_generation/qa] single_water=0 tiny<=3=0 small<=5=0 bodies=1 largest=269 | land_below_sea=0.0% | terr_distinct=17 entropy=2.548bit | river_ratio=0.625%
MapGenerator v7: per-cell 46ms (320 cells, path=gdext)
[building-visual] queue_probe ticks=3 queued=0 chunk=-1 camera_rect=[P: (-25.6, -25.6), S: (51.2, 51.2)] prefetch=false zoom=1.000
MapBaker v6: hm=(1024, 738) seed=20260718
    [fused] terrain=86.9ms erosion=3.2ms(ok=true) river=13.2ms(ok=true) latitude=0.1ms coast_sdf=4.4ms(ok=true)
  geometry fields (fused C++): 192ms
  physical circulation hex solve: deferred until DCWorldExt bind (ext=true idx=true soa=false)
  wind/ocean pixel buffers: skipped (ocean_current_visual off)
  visual tiles: {"degradation_reason":"","effective_budget_px":255360,"effective_texels_per_hex":16.0826901849157,"effective_world_units_per_texel":"(1.360897, 1.375)","estimated_peak_bytes":10189920,"estimated_resident_bytes":6009440,"fallback_reason":"","generation_id":1,"grid_size":"(2, 1)","gutter_px":2,"hex_size":22.0,"horizon_path":"neutral_pending","interior_size":"(280, 456)","layer_size":"(284, 460)","layers":[{"bake_ms":46.7995,"coast_sdf_max_dist_px":4.96626868823088,"distance_scale":0.62078358602886,"edge_distance_saturate_hex":0.9,"edge_distance_units":"normalized_hex_center_gap","hashes":{"edge_distance":4117019335631200031,"edge_neighbor":919021057428289162,"height":-8800743714212646449,"map_index":-2194409292266785029,"terrain_detail":-9075344650900555935,"terrain_normal":-6939716920289599007,"water_depth":-1976974195221576943},"layer":0,"normal_radius_px":"(22, 22)","raster_scale":"(0.623695, 0.617886)","river_sdf_max_dist_px":2.17274255110101,"shore_carve_band_px":4,"upload_ms":0.086,"wall_ms":47.033},{"bake_ms":53.9909,"coast_sdf_max_dist_px":4.96626868823088,"distance_scale":0.62078358602886,"edge_distance_saturate_hex":0.9,"edge_distance_units":"normalized_hex_center_gap","hashes":{"edge_distance":5582210515394553007,"edge_neighbor":1062449716310298789,"height":-2651321620170856454,"map_index":7774650290978600816,"terrain_detail":-8540588005700088722,"terrain_normal":19747473872498606,"water_depth":-7701759240399189842},"layer":1,"normal_radius_px":"(22, 22)","raster_scale":"(0.623695, 0.617886)","river_sdf_max_dist_px":2.17274255110101,"shore_carve_band_px":4,"upload_ms":0.064,"wall_ms":54.186}],"logical_size":"(560, 456)","mode":"tiled","path":"visual_tiled_static","profile":"desktop_high","renderer":"mobile","requested_budget_px":253080,"requested_texels_per_hex":16.0,"requested_tile_world_span":"(704.0, 704.0)","requested_world_units_per_texel":1.375,"tile_world_area":238919.088592529,"tile_world_span":"(381.0512, 627.0)","total_ms":101.86,"visual_domain":"[P: (0.0, -44.0), S: (762.1024, 627.0)]","wrap_period_x":762.102355330306,"wrap_x":true}
WARNING: Loaded resource as image file, this will not work on export: 'res://assets/textures/terrain_materials/organic.png'. Instead, import the image file as an Image resource and load it normally as a resource.
   at: load (core/io/image.cpp:2756)
   GDScript backtrace (most recent call first):
       [0] _build_terrain_material_tex (res://scripts/rendering/map_baker.gd:360)
       [1] get_or_build_shared_terrain_material_tex (res://scripts/rendering/map_baker.gd:343)
       [2] bake_world (res://scripts/rendering/map_baker.gd:1187)
       [3] _yield_generation_frame (res://scripts/rendering/map_baker.gd:1225)
WARNING: Loaded resource as image file, this will not work on export: 'res://assets/textures/terrain_materials/dry_sand.png'. Instead, import the image file as an Image resource and load it normally as a resource.
   at: load (core/io/image.cpp:2756)
   GDScript backtrace (most recent call first):
       [0] _build_terrain_material_tex (res://scripts/rendering/map_baker.gd:360)
       [1] get_or_build_shared_terrain_material_tex (res://scripts/rendering/map_baker.gd:343)
       [2] bake_world (res://scripts/rendering/map_baker.gd:1187)
       [3] _yield_generation_frame (res://scripts/rendering/map_baker.gd:1225)
WARNING: Loaded resource as image file, this will not work on export: 'res://assets/textures/terrain_materials/rock.png'. Instead, import the image file as an Image resource and load it normally as a resource.
   at: load (core/io/image.cpp:2756)
   GDScript backtrace (most recent call first):
       [0] _build_terrain_material_tex (res://scripts/rendering/map_baker.gd:360)
       [1] get_or_build_shared_terrain_material_tex (res://scripts/rendering/map_baker.gd:343)
       [2] bake_world (res://scripts/rendering/map_baker.gd:1187)
       [3] _yield_generation_frame (res://scripts/rendering/map_baker.gd:1225)
WARNING: Loaded resource as image file, this will not work on export: 'res://assets/textures/terrain_materials/snow_wet.png'. Instead, import the image file as an Image resource and load it normally as a resource.
   at: load (core/io/image.cpp:2756)
   GDScript backtrace (most recent call first):
       [0] _build_terrain_material_tex (res://scripts/rendering/map_baker.gd:360)
       [1] get_or_build_shared_terrain_material_tex (res://scripts/rendering/map_baker.gd:343)
       [2] bake_world (res://scripts/rendering/map_baker.gd:1187)
       [3] _yield_generation_frame (res://scripts/rendering/map_baker.gd:1225)
  cell LUT encode: deferred until DCWorldExt bind
  encode: 3770ms
MapBaker v6: total 3969ms
MapGenerator v7: bake 3974ms
MapGenerator: skip _compute_ocean_currents (physical-hex path writes per-cell directly)
MapGenerator: skip _compute_terrain_perturbed_wind (physical-hex solver writes per-cell)
[SUS] sim budget strict=false frame=8.00ms warn=2.00ms slice=0.75ms upload=1.50ms scheduler=DCSystemScheduler native_sus=auto
[DCWorldExt] bind_map_data: 148 components bound (auto-registered=148; snapshot model; see world_ext.cpp comment & charter Â§11)
[DataCore] _data_core_world_ext bound=true (climate co-processor; class=DCWorldExt)
[native_world] configure rc=0 reason=configured cells=320 wrap_period_x=34.641
[native_generation] path=gdext n=320 published=9 native_ms=0.044 compute_ms=0.009 flush_ms=0.035
[hex_cell] facade ENABLED (320 cells bound; ext=true)
[DataCore] _baker climate_profile injected=true (fixes WorldData.config==null sea_ice prepare path)
[phys_solve][oneshot] OK slp=0.79ms wind=0.11ms psi=0.07ms(ran=true) upwelling=0.01ms total=1.14ms
PhysicalCirculation solve@phase=1.50 total=1ms (C++ one-shot run_physical_solve_pass)
  wind/ocean pixel buffers: skipped (ocean_current_visual off)
[physical_init] deferred native refresh complete: 1ms
[cell_lut] deferred encode: 0ms path=gdext
[bio-occupancy] seed landmasses=7 provinces=7 species=20 secondary_hearths=0
[bio-occupancy]   bio.maize envelope=4 hearth=2 seeded_landmasses=1 primary_landmass=1 primary_envelope=4 occupied=2 occupied/envelope=0.50
[bio-occupancy]   bio.wheat envelope=7 hearth=3 seeded_landmasses=1 primary_landmass=1 primary_envelope=5 occupied=3 occupied/envelope=0.60
[bio-occupancy]   bio.rice envelope=10 hearth=1 seeded_landmasses=1 primary_landmass=1 primary_envelope=4 occupied=1 occupied/envelope=0.25
[bio-occupancy]   bio.potato envelope=4 hearth=1 seeded_landmasses=1 primary_landmass=5 primary_envelope=2 occupied=1 occupied/envelope=0.50
[bio-occupancy]   bio.horse envelope=9 hearth=3 seeded_landmasses=1 primary_landmass=1 primary_envelope=7 occupied=3 occupied/envelope=0.43
[bio-occupancy]   bio.cotton envelope=8 hearth=4 seeded_landmasses=1 primary_landmass=1 primary_envelope=8 occupied=4 occupied/envelope=0.50
[bio-occupancy]   bio.flax envelope=7 hearth=3 seeded_landmasses=1 primary_landmass=1 primary_envelope=5 occupied=3 occupied/envelope=0.60
[bio-occupancy]   bio.spice envelope=6 hearth=1 seeded_landmasses=1 primary_landmass=1 primary_envelope=5 occupied=1 occupied/envelope=0.20
[bio-occupancy]   bio.rubber envelope=4 hearth=2 seeded_landmasses=1 primary_landmass=1 primary_envelope=4 occupied=2 occupied/envelope=0.50
[bio-occupancy]   bio.sheep envelope=2 hearth=1 seeded_landmasses=1 primary_landmass=1 primary_envelope=2 occupied=1 occupied/envelope=0.50
[bio-occupancy]   bio.goat envelope=23 hearth=1 seeded_landmasses=1 primary_landmass=1 primary_envelope=13 occupied=1 occupied/envelope=0.08
[bio-occupancy]   bio.cattle envelope=0 hearth=0 seeded_landmasses=0 primary_landmass=0 primary_envelope=0 occupied=0 occupied/envelope=0.00
[bio-occupancy]   bio.pig envelope=13 hearth=1 seeded_landmasses=1 primary_landmass=1 primary_envelope=9 occupied=1 occupied/envelope=0.11
[bio-occupancy]   bio.camel envelope=3 hearth=1 seeded_landmasses=1 primary_landmass=1 primary_envelope=3 occupied=1 occupied/envelope=0.33
[bio-occupancy]   bio.yak envelope=5 hearth=2 seeded_landmasses=1 primary_landmass=7 primary_envelope=3 occupied=2 occupied/envelope=0.67
[bio-occupancy]   bio.silkworm envelope=6 hearth=1 seeded_landmasses=1 primary_landmass=1 primary_envelope=4 occupied=1 occupied/envelope=0.25
[bio-occupancy]   bio.reed envelope=8 hearth=1 seeded_landmasses=1 primary_landmass=1 primary_envelope=2 occupied=1 occupied/envelope=0.50
[bio-occupancy]   bio.bast_fiber envelope=10 hearth=2 seeded_landmasses=1 primary_landmass=1 primary_envelope=7 occupied=2 occupied/envelope=0.29
[bio-occupancy]   bio.dye_plant envelope=8 hearth=2 seeded_landmasses=1 primary_landmass=1 primary_envelope=8 occupied=2 occupied/envelope=0.25
[bio-occupancy]   bio.medicinal_herb envelope=20 hearth=1 seeded_landmasses=1 primary_landmass=1 primary_envelope=9 occupied=1 occupied/envelope=0.11
[bio-occupancy]   landmass 1 classes=open_food, open_grazer, fiber_open, fiber_wet, forest_grazer, fiber_forest, dry_grazer, wetland_food, tropical foods=wheat, maize, rice
[bio-occupancy]   landmass 2 classes=none foods=none
[bio-occupancy]   landmass 3 classes=none foods=none
[bio-occupancy]   landmass 4 classes=none foods=none
[bio-occupancy]   landmass 5 classes=highland_food foods=potato
[bio-occupancy]   landmass 6 classes=none foods=none
[bio-occupancy]   landmass 7 classes=cold_grazer foods=none
[weather] gdext acceleration ON (class=DCWorldExt)
[weather] gdext field commit ON
[weather] gdext distribute ON
[weather] gdext summary ON
[weather] hexcell facade ON (skip AoS double-write in hot loop)
[weather] gdext resident knobs ON (class=KnobsHandle)
[economy] ACTIVE native graph cells=320 goods=134 cohorts=4 epoch_days=1 trade=ACTIVE topology_ready=true topology_generation=1 bootstrap=starter_settlement_bootstrap_v9 founder_families=1 founder_people=1
[country] ACTIVE native authority countries=1 cells=320 generation=1
[weather/knobs] resident KnobsHandle path ACTIVE — first to_*_knobs_dict hit (field_rebuild_count=1 expected ≤1; stable Hz target ≤1 Hz)
[native_daily] ACTIVE: registered native_daily_sim + natural_resource_daily + bio_occupancy_daily; retained season_refresh + ocean_currents boundary jobs
[DCSystemScheduler] topology: ["season_refresh", "trigger_runtime", "ideology_runtime", "effect_runtime", "modifier_daily", "gameplay_effect", "natural_resource_daily", "bio_occupancy_daily", "enum_atlas_upload", "ocean_currents", "native_daily_sim", "dynamic_visual_atlas_upload", "country_daily", "economy_daily"]
WARNING: [runtime-climate-round] no ClimateDailySystem; SHADOW capture carries no shared pass input
   at: push_warning (core/variant/variant_utility.cpp:1034)
   GDScript backtrace (most recent call first):
       [0] _build_runtime_climate_round_input (res://scripts/geography/map_generator.gd:4651)
       [1] capture_runtime_inputs_for_worker (res://scripts/geography/map_generator.gd:2351)
       [2] generate_world (res://scripts/game/world_runtime_host.gd:609)
       [3] generate (res://scripts/geography/map_generator.gd:1606)
       [4] _yield_generation_frame (res://scripts/geography/map_generator.gd:19867)
WARNING: [runtime-worker] Ideology opinion publish deferred: ideology_opinion_snapshot_invalid
   at: push_warning (core/variant/variant_utility.cpp:1034)
   GDScript backtrace (most recent call first):
       [0] _start_production_shadow_worker (res://scripts/game/world_runtime_host.gd:700)
       [1] generate_world (res://scripts/game/world_runtime_host.gd:618)
       [2] generate (res://scripts/geography/map_generator.gd:1606)
       [3] _yield_generation_frame (res://scripts/geography/map_generator.gd:19867)
[runtime-worker] production ACTIVE started mask=4095 auto_pod=true
[runtime-day-wait] day=1 env_day=0 missing=0x3ff economy_input=-1
[building-visual] intel_refresh requested=58 changed=1 known=1 catalog=400 resident=0 body=0 queued=0 zoom=1.000
[DCSystemScheduler][RT] ocean_skip#1 tick=1 reason=policy_gated slices=0 elapsed=0.000 progress=0.000 source=day_changed
[climate][publish] day=0 round_ran=1 prod_stage=0xff scalar_mask=0x7f alb=0 veg=0 fb=0 weather=0 sr=0 ok=1
[climate/worker][b8] physics_knobs day=1 ready=0 missing=physics_knobs
[climate-kernel][round] shared=1 ok=1 n_cells=320 mask=0x1FF ran=0x1FF starved=0x0 knobs_cells=320
[country][parity] worker_day=1 uncompared reference_range=-1..-1 depth=0
[DCSystemScheduler][RT] ocean_skip#2 tick=2 reason=policy_gated slices=0 elapsed=0.000 progress=0.000 source=day_changed
[climate/writeback][b8] day=1 vapor store0=0 map0=0 dirty_fields=42 applied=42
[phys/knobs] projection ready: slp=31 wind=33 psi=26 up=10
[climate/worker][b8] physics_knobs day=2 ready=1 missing=
[climate/worker][b8] paw day=2 cell=71 moisture=0.703517 wb30=0 soil=0 paw=0.703517 zeros(water=269 land=0) nonzero=51 weights(wb=0.35 soil=0.25 dry=0.65) round=1 distribute=0 hydrology=0
[country][parity] worker_day=2 uncompared reference_range=-1..-1 depth=0
[economy-mirror-cost] day=2 capture_ms=0.758 import_ms=1.192
[climate/writeback][b8] day=2 vapor store0=0 map0=0 dirty_fields=52 applied=52
[climate/worker][b8] physics_knobs day=3 ready=1 missing=
[climate/worker][b8] paw day=3 cell=71 moisture=0.701015 wb30=0 soil=0 paw=0.701015 zeros(water=269 land=0) nonzero=51 weights(wb=0.35 soil=0.25 dry=0.65) round=1 distribute=0 hydrology=0
[country][parity] worker_day=3 uncompared reference_range=-1..-1 depth=0
[climate/writeback][b8] day=3 vapor store0=0 map0=0 dirty_fields=52 applied=52
[climate/worker][b8] physics_knobs day=4 ready=1 missing=
[climate/worker][b8] paw day=4 cell=71 moisture=0.700592 wb30=0 soil=0 paw=0.700592 zeros(water=269 land=0) nonzero=51 weights(wb=0.35 soil=0.25 dry=0.65) round=1 distribute=1 hydrology=0
[climate/worker][b8] cyclone_gate day=4 input_enabled=0 force_env=0 effective=0
[climate/worker][b8] weather_solve day=4 cells=320 psi=1 vapor0=0.108018 precip0=0 cloud0=0.0415912 type0=0 field_init0=1
[country][parity] worker_day=4 uncompared reference_range=-1..-1 depth=0
[climate/writeback][b8] day=4 vapor store0=0.108018 map0=0.108018 dirty_fields=54 applied=54
[climate/worker][b8] physics_knobs day=5 ready=1 missing=
[climate/worker][b8] paw day=5 cell=71 moisture=0.699646 wb30=-0.000232768 soil=-0.000558643 paw=0.699495 zeros(water=269 land=0) nonzero=51 weights(wb=0.35 soil=0.25 dry=0.65) round=1 distribute=0 hydrology=0
[country][parity] worker_day=5 uncompared reference_range=-1..-1 depth=0
[climate/worker][b8] physics_knobs day=6 ready=1 missing=
[climate/worker][b8] paw day=6 cell=71 moisture=0.703034 wb30=-0.000232768 soil=-0.000558643 paw=0.702883 zeros(water=269 land=0) nonzero=51 weights(wb=0.35 soil=0.25 dry=0.65) round=1 distribute=0 hydrology=0
[country][parity] worker_day=6 uncompared reference_range=-1..-1 depth=0
[climate/worker][b8] paw day=7 cell=71 moisture=0.705463 wb30=-0.000232768 soil=-0.000558643 paw=0.705312 zeros(water=269 land=0) nonzero=51 weights(wb=0.35 soil=0.25 dry=0.65) round=1 distribute=0 hydrology=0
[country][parity] worker_day=7 uncompared reference_range=-1..-1 depth=0
[climate/worker][b8] paw day=8 cell=71 moisture=0.707274 wb30=-0.000232768 soil=-0.000558643 paw=0.707123 zeros(water=269 land=0) nonzero=51 weights(wb=0.35 soil=0.25 dry=0.65) round=1 distribute=0 hydrology=0
[country][parity] worker_day=8 uncompared reference_range=-1..-1 depth=0
[climate/worker][b8] paw day=9 cell=71 moisture=0.70862 wb30=-0.000232768 soil=-0.000558643 paw=0.708469 zeros(water=269 land=0) nonzero=51 weights(wb=0.35 soil=0.25 dry=0.65) round=1 distribute=0 hydrology=0
[climate/worker][b8] paw day=10 cell=71 moisture=0.709626 wb30=-0.000232768 soil=-0.000558643 paw=0.709475 zeros(water=269 land=0) nonzero=51 weights(wb=0.35 soil=0.25 dry=0.65) round=1 distribute=0 hydrology=0
[climate/worker][b8] paw day=11 cell=71 moisture=0.710377 wb30=-0.000232768 soil=-0.000558643 paw=0.710225 zeros(water=269 land=0) nonzero=51 weights(wb=0.35 soil=0.25 dry=0.65) round=1 distribute=0 hydrology=0
[climate/worker][b8] paw day=12 cell=71 moisture=0.710952 wb30=-0.000232768 soil=-0.000558643 paw=0.7108 zeros(water=269 land=0) nonzero=51 weights(wb=0.35 soil=0.25 dry=0.65) round=1 distribute=1 hydrology=0
[climate/worker][b8] cyclone_gate day=12 input_enabled=0 force_env=0 effective=0
[climate/worker][b8] weather_solve day=12 cells=320 psi=1 vapor0=0.0352721 precip0=0.0393987 cloud0=0.0494748 type0=0 field_init0=1
[climate/worker][b8] paw day=13 cell=71 moisture=0.711414 wb30=-0.000460904 soil=-0.00110803 paw=0.711114 zeros(water=269 land=0) nonzero=51 weights(wb=0.35 soil=0.25 dry=0.65) round=1 distribute=0 hydrology=0
[climate/worker][b8] weather_solve day=20 cells=320 psi=1 vapor0=0.0252998 precip0=0.0429599 cloud0=0.0443573 type0=0 field_init0=1
[climate/worker][b8] weather_solve day=28 cells=320 psi=1 vapor0=0.0679184 precip0=0 cloud0=0.0335336 type0=0 field_init0=1
[clock/step] delta=6.9ms speed=50x target=0.34d cap=2.65d/f cost=3.02ms ran=0 pulse=0.00ms loop=0.00ms full=0.57ms carry=0.52 barrier=
[clock/step] delta=6.9ms speed=50x target=0.35d cap=2.25d/f cost=3.56ms ran=0 pulse=0.00ms loop=0.00ms full=0.45ms carry=0.92 barrier=
[regression] before={ "ok": true, "country_handle": 4294967296, "technology_states": [5, 5, 1, 1, 1, 1, 5, 0, 0, 0, 1, 1, 0, 1, 0, 1, 5, 1, 0, 5, 2, 1, 0, 0, 1, 1, 0, 1, 0, 0, 0, 1, 0, 0, 0, 1, 0, 0, 0, 0, 1, 0, 1, 0, 1, 1, 1, 1, 0, 1, 0, 0, 0, 1, 1, 1, 0, 0, 0, 0, 0, 1, 1, 1, 1, 0, 0, 0, 1, 1, 0, 0, 1, 1, 1, 0, 0, 1, 0, 0, 0, 1, 1, 1, 0, 0, 1, 0, 1, 1, 1, 0, 0, 1, 1, 1, 1, 1, 0, 1, 1, 1, 1, 1, 1, 1, 1, 0, 0, 1, 1, 0, 1, 0, 1, 1, 1, 0, 1, 0, 1, 1, 1, 1, 1, 1, 0, 1, 1, 1, 1, 1, 1, 1, 0, 1, 0, 0, 0, 0, 0, 0, 0, 0, 0, 0, 0, 0, 0, 0, 0, 0, 0, 0, 0, 0, 0, 0, 0, 0, 0, 0, 0, 1, 0, 0, 1, 0, 0, 0, 0, 0, 0, 0, 0, 0, 0, 0, 0, 0, 0, 0, 0, 0, 0, 0, 0, 0, 0, 0, 0, 0, 0, 0, 0, 0, 0, 0, 0, 0, 0, 0, 0, 0, 0, 0, 0, 0, 0, 0, 0, 0, 0, 0, 0, 0, 0, 0, 0, 0, 0, 0, 0, 0, 0, 0, 0, 0, 0, 0, 0, 0, 0, 0, 0, 0, 0, 0, 0, 0, 0, 0, 0, 0, 0, 0, 1, 0, 0, 0, 0, 0, 0, 0, 0, 0, 0, 0, 0, 0, 0, 0, 0, 0, 0, 0, 0, 0, 0, 0, 0, 0, 0, 0, 0, 0, 0, 0, 0, 0, 0, 0, 0, 0, 0, 0, 0, 0, 0, 0, 0, 0, 0, 0, 0, 0, 0, 0, 0, 0, 0, 0, 0, 0, 0, 0, 0, 0, 0, 0, 0, 0, 0, 0, 0, 0, 0, 0, 0, 0, 0, 0, 0, 0, 0, 0, 0, 0, 0, 0, 0, 0, 0, 0, 0, 0, 0, 0, 0, 0, 0, 0, 0, 0, 0, 0, 0, 0, 0, 0, 0, 0, 0, 0, 0, 0, 0, 0, 0, 0, 0, 0, 0, 0, 0, 0, 0, 0, 0], "technology_progress": [0, 0, 0, 0, 0, 0, 0, 0, 0, 0, 0, 0, 0, 0, 0, 0, 0, 0, 0, 0, 0, 0, 0, 0, 0, 0, 0, 0, 0, 0, 0, 0, 0, 0, 0, 0, 0, 0, 0, 0, 0, 0, 0, 0, 0, 0, 0, 0, 0, 0, 0, 0, 0, 0, 0, 0, 0, 0, 0, 0, 0, 0, 0, 0, 0, 0, 0, 0, 0, 0, 0, 0, 0, 0, 0, 0, 0, 0, 0, 0, 0, 0, 0, 0, 0, 0, 0, 0, 0, 0, 0, 0, 0, 0, 0, 0, 0, 0, 0, 0, 0, 0, 0, 0, 0, 0, 0, 0, 0, 0, 0, 0, 0, 0, 0, 0, 0, 0, 0, 0, 0, 0, 0, 0, 0, 0, 0, 0, 0, 0, 0, 0, 0, 0, 0, 0, 0, 0, 0, 0, 0, 0, 0, 0, 0, 0, 0, 0, 0, 0, 0, 0, 0, 0, 0, 0, 0, 0, 0, 0, 0, 0, 0, 0, 0, 0, 0, 0, 0, 0, 0, 0, 0, 0, 0, 0, 0, 0, 0, 0, 0, 0, 0, 0, 0, 0, 0, 0, 0, 0, 0, 0, 0, 0, 0, 0, 0, 0, 0, 0, 0, 0, 0, 0, 0, 0, 0, 0, 0, 0, 0, 0, 0, 0, 0, 0, 0, 0, 0, 0, 0, 0, 0, 0, 0, 0, 0, 0, 0, 0, 0, 0, 0, 0, 0, 0, 0, 0, 0, 0, 0, 0, 0, 0, 0, 0, 0, 0, 0, 0, 0, 0, 0, 0, 0, 0, 0, 0, 0, 0, 0, 0, 0, 0, 0, 0, 0, 0, 0, 0, 0, 0, 0, 0, 0, 0, 0, 0, 0, 0, 0, 0, 0, 0, 0, 0, 0, 0, 0, 0, 0, 0, 0, 0, 0, 0, 0, 0, 0, 0, 0, 0, 0, 0, 0, 0, 0, 0, 0, 0, 0, 0, 0, 0, 0, 0, 0, 0, 0, 0, 0, 0, 0, 0, 0, 0, 0, 0, 0, 0, 0, 0, 0, 0, 0, 0, 0, 0, 0, 0, 0, 0, 0, 0, 0, 0, 0, 0, 0, 0, 0, 0, 0, 0, 0, 0, 0, 0, 0, 0, 0, 0, 0, 0, 0, 0, 0, 0, 0], "queue_offsets": [0, 0, 0, 0, 0], "queue_technology_indices": [], "domain_weights_bp": [2500, 2500, 2500, 2500], "auto_purchase_enabled": true, "daily_procurement_budget": 10000000, "technology_points_stock": 3000000, "deferred_unallocated_points": 0, "purchased_total": 0, "consumed_total": 0, "progress_total": 0, "completed_total": 0, "last_research_day": -1, "generation": 1 }
SCRIPT ERROR: Invalid access to property or key 'technology_domains' on a base object of type 'Dictionary'.
   at: _start_recording (res://tests/authority_player_regression_probe.gd:13)
   GDScript backtrace (most recent call first):
       [0] _start_recording (res://tests/authority_player_regression_probe.gd:13)
       [1] _on_world_ready (res://tests/authority_stage_c_client_runner.gd:170)
       [2] _wait_realtime (res://tests/authority_stage_c_client_runner.gd:492)
[economy-open-finish] day=100 country=0.134 workset=0.009 fiscal=0.012 csr=0.001 recovery=0.000 vectors=0.247 audit=0.183 commands=0.001
[economy-prelude-cost] day=100 ms=0.722 pending=0
[economy-aggregate-cost] day=100 publish_ms=0.452 native_hash_ms=0.138
[economy-ledger-cost] day=100 copy_ms=0.063 validate_ms=0.018 hash_ms=0.064 cohorts=64 markets=42880
[economy-boundary-cost] day=100 formulas_ms=1.814 stages_ms=1.046 mirror_ms=0.318
[runtime-day-cost] day=100 ok=1 ms=2.906
[clock/step] delta=6.9ms speed=50x target=0.34d cap=2.73d/f cost=2.92ms ran=1 pulse=0.00ms loop=2.84ms full=3.16ms carry=0.30 barrier=
[clock/step] delta=6.9ms speed=50x target=0.35d cap=3.95d/f cost=2.03ms ran=0 pulse=0.00ms loop=0.00ms full=0.56ms carry=0.70 barrier=
[economy-open-finish] day=200 country=0.080 workset=0.006 fiscal=0.006 csr=0.001 recovery=0.000 vectors=0.088 audit=0.060 commands=0.001
[economy-prelude-cost] day=200 ms=0.333 pending=0
[economy-aggregate-cost] day=200 publish_ms=0.427 native_hash_ms=0.221
[economy-ledger-cost] day=200 copy_ms=0.285 validate_ms=0.038 hash_ms=0.151 cohorts=64 markets=42880
[economy-boundary-cost] day=200 formulas_ms=1.502 stages_ms=1.120 mirror_ms=0.950
[runtime-day-cost] day=200 ok=1 ms=3.119
[clock/step] delta=6.9ms speed=50x target=0.34d cap=3.33d/f cost=2.48ms ran=1 pulse=0.00ms loop=2.77ms full=3.09ms carry=0.08 barrier=
[clock/step] delta=6.9ms speed=50x target=0.34d cap=3.94d/f cost=2.03ms ran=0 pulse=0.00ms loop=0.00ms full=0.28ms carry=0.46 barrier=
[clock/step] delta=6.9ms speed=50x target=0.34d cap=4.03d/f cost=1.98ms ran=0 pulse=0.00ms loop=0.00ms full=0.39ms carry=0.83 barrier=
[economy-open-finish] day=300 country=0.197 workset=0.010 fiscal=0.005 csr=0.001 recovery=0.000 vectors=0.177 audit=0.173 commands=0.001
[economy-prelude-cost] day=300 ms=0.769 pending=0
[economy-aggregate-cost] day=300 publish_ms=0.726 native_hash_ms=0.344
[economy-ledger-cost] day=300 copy_ms=0.201 validate_ms=0.043 hash_ms=0.139 cohorts=64 markets=42880
[economy-boundary-cost] day=300 formulas_ms=2.931 stages_ms=2.104 mirror_ms=0.642
[runtime-day-cost] day=300 ok=1 ms=5.224
[clock/step] delta=6.9ms speed=50x target=0.34d cap=2.61d/f cost=3.09ms ran=1 pulse=0.00ms loop=3.22ms full=3.60ms carry=0.21 barrier=
[clock/step] delta=7.4ms speed=50x target=0.37d cap=1.96d/f cost=3.82ms ran=1 pulse=0.00ms loop=2.75ms full=2.94ms carry=0.14 barrier=
[economy-open-finish] day=400 country=0.176 workset=0.009 fiscal=0.012 csr=0.001 recovery=0.000 vectors=0.162 audit=0.147 commands=0.001
[economy-prelude-cost] day=400 ms=0.712 pending=0
[economy-aggregate-cost] day=400 publish_ms=0.417 native_hash_ms=0.141
[economy-ledger-cost] day=400 copy_ms=0.070 validate_ms=0.022 hash_ms=0.076 cohorts=64 markets=42880
[economy-boundary-cost] day=400 formulas_ms=1.893 stages_ms=1.083 mirror_ms=0.363
[runtime-day-cost] day=400 ok=1 ms=3.402
[clock/step] delta=6.9ms speed=50x target=0.34d cap=3.88d/f cost=2.06ms ran=0 pulse=0.00ms loop=0.00ms full=0.37ms carry=0.65 barrier=
[clock/step] delta=6.9ms speed=50x target=0.34d cap=4.00d/f cost=1.97ms ran=1 pulse=0.00ms loop=1.82ms full=1.98ms carry=0.02 barrier=
[clock/step] delta=6.9ms speed=50x target=0.34d cap=2.59d/f cost=3.09ms ran=0 pulse=0.00ms loop=0.00ms full=0.40ms carry=0.40 barrier=
[economy-open-finish] day=500 country=0.140 workset=0.011 fiscal=0.005 csr=0.001 recovery=0.000 vectors=0.161 audit=0.077 commands=0.001
[economy-prelude-cost] day=500 ms=0.513 pending=0
[economy-aggregate-cost] day=500 publish_ms=0.457 native_hash_ms=0.154
[economy-ledger-cost] day=500 copy_ms=0.085 validate_ms=0.020 hash_ms=0.081 cohorts=64 markets=42880
[economy-boundary-cost] day=500 formulas_ms=1.756 stages_ms=1.144 mirror_ms=0.386
[runtime-day-cost] day=500 ok=1 ms=3.069
[clock/step] delta=6.9ms speed=50x target=0.34d cap=3.08d/f cost=2.60ms ran=0 pulse=0.00ms loop=0.00ms full=0.45ms carry=0.78 barrier=
[clock/step] delta=6.9ms speed=50x target=0.34d cap=2.96d/f cost=2.68ms ran=1 pulse=0.00ms loop=2.59ms full=2.87ms carry=0.15 barrier=
[economy-open-finish] day=600 country=0.075 workset=0.006 fiscal=0.005 csr=0.001 recovery=0.000 vectors=0.085 audit=0.057 commands=0.001
[economy-prelude-cost] day=600 ms=0.310 pending=0
[economy-aggregate-cost] day=600 publish_ms=0.465 native_hash_ms=0.144
[economy-ledger-cost] day=600 copy_ms=0.069 validate_ms=0.018 hash_ms=0.065 cohorts=64 markets=42880
[economy-boundary-cost] day=600 formulas_ms=1.441 stages_ms=1.087 mirror_ms=0.331
[runtime-day-cost] day=600 ok=1 ms=2.982
[clock/step] delta=6.9ms speed=50x target=0.34d cap=3.28d/f cost=2.44ms ran=0 pulse=0.00ms loop=0.00ms full=0.47ms carry=0.53 barrier=
[clock/step] delta=6.9ms speed=50x target=0.34d cap=3.36d/f cost=2.38ms ran=0 pulse=0.00ms loop=0.00ms full=0.55ms carry=0.90 barrier=
[economy-open-finish] day=700 country=0.133 workset=0.008 fiscal=0.011 csr=0.001 recovery=0.000 vectors=0.168 audit=0.121 commands=0.001
[economy-prelude-cost] day=700 ms=0.585 pending=0
[economy-aggregate-cost] day=700 publish_ms=0.455 native_hash_ms=0.145
[economy-ledger-cost] day=700 copy_ms=0.072 validate_ms=0.019 hash_ms=0.070 cohorts=64 markets=42880
[economy-boundary-cost] day=700 formulas_ms=2.256 stages_ms=1.583 mirror_ms=0.350
[runtime-day-cost] day=700 ok=1 ms=3.691
[clock/step] delta=6.9ms speed=50x target=0.35d cap=2.69d/f cost=2.97ms ran=0 pulse=0.00ms loop=0.00ms full=0.26ms carry=0.45 barrier=
[clock/step] delta=6.9ms speed=50x target=0.34d cap=2.67d/f cost=3.01ms ran=1 pulse=0.00ms loop=3.06ms full=3.42ms carry=0.00 barrier=
[clock/step] delta=6.9ms speed=50x target=0.34d cap=3.91d/f cost=2.05ms ran=0 pulse=0.00ms loop=0.00ms full=0.27ms carry=0.38 barrier=
[economy-open-finish] day=800 country=0.071 workset=0.005 fiscal=0.005 csr=0.001 recovery=0.000 vectors=0.081 audit=0.055 commands=0.000
[economy-prelude-cost] day=800 ms=0.294 pending=0
[economy-aggregate-cost] day=800 publish_ms=0.289 native_hash_ms=0.136
[economy-ledger-cost] day=800 copy_ms=0.062 validate_ms=0.018 hash_ms=0.063 cohorts=64 markets=42880
[economy-boundary-cost] day=800 formulas_ms=1.379 stages_ms=1.043 mirror_ms=0.312
[runtime-day-cost] day=800 ok=1 ms=2.259
[clock/step] delta=6.9ms speed=50x target=0.34d cap=2.69d/f cost=2.97ms ran=0 pulse=0.00ms loop=0.00ms full=0.55ms carry=0.75 barrier=
[clock/step] delta=6.9ms speed=50x target=0.34d cap=2.53d/f cost=3.18ms ran=1 pulse=0.00ms loop=3.27ms full=3.65ms carry=0.13 barrier=
[economy-open-finish] day=900 country=0.146 workset=0.011 fiscal=0.014 csr=0.001 recovery=0.000 vectors=0.225 audit=0.135 commands=0.001
[economy-prelude-cost] day=900 ms=0.815 pending=0
[economy-aggregate-cost] day=900 publish_ms=0.482 native_hash_ms=0.192
[economy-ledger-cost] day=900 copy_ms=0.093 validate_ms=0.025 hash_ms=0.107 cohorts=64 markets=42880
[economy-boundary-cost] day=900 formulas_ms=2.780 stages_ms=1.853 mirror_ms=0.440
[runtime-day-cost] day=900 ok=1 ms=5.603
[clock/step] delta=6.9ms speed=50x target=0.35d cap=2.05d/f cost=3.90ms ran=0 pulse=0.00ms loop=0.00ms full=0.81ms carry=0.58 barrier=
[clock/step] delta=6.9ms speed=50x target=0.34d cap=2.74d/f cost=2.79ms ran=1 pulse=0.00ms loop=2.29ms full=2.61ms carry=0.23 barrier=
[clock/step] delta=6.9ms speed=50x target=0.34d cap=2.49d/f cost=3.21ms ran=0 pulse=0.00ms loop=0.00ms full=0.42ms carry=0.60 barrier=
[economy-open-finish] day=1000 country=0.076 workset=0.006 fiscal=0.005 csr=0.001 recovery=0.000 vectors=0.090 audit=0.062 commands=0.000
[economy-prelude-cost] day=1000 ms=0.362 pending=0
[economy-aggregate-cost] day=1000 publish_ms=0.405 native_hash_ms=0.148
[economy-ledger-cost] day=1000 copy_ms=0.070 validate_ms=0.020 hash_ms=0.070 cohorts=64 markets=42880
[economy-boundary-cost] day=1000 formulas_ms=1.955 stages_ms=1.542 mirror_ms=0.351
[runtime-day-cost] day=1000 ok=1 ms=3.455
[clock/step] delta=6.9ms speed=50x target=0.34d cap=2.46d/f cost=3.25ms ran=0 pulse=0.00ms loop=0.00ms full=0.41ms carry=0.98 barrier=
[clock/step] delta=6.9ms speed=50x target=0.34d cap=2.49d/f cost=3.21ms ran=0 pulse=0.00ms loop=0.00ms full=0.66ms carry=0.35 barrier=
[economy-open-finish] day=1100 country=0.160 workset=0.009 fiscal=0.012 csr=0.001 recovery=0.000 vectors=0.245 audit=0.120 commands=0.001
[economy-prelude-cost] day=1100 ms=0.708 pending=0
[economy-aggregate-cost] day=1100 publish_ms=0.752 native_hash_ms=0.313
[economy-ledger-cost] day=1100 copy_ms=0.208 validate_ms=0.038 hash_ms=0.114 cohorts=64 markets=42880
[economy-boundary-cost] day=1100 formulas_ms=2.942 stages_ms=2.149 mirror_ms=0.741
[runtime-day-cost] day=1100 ok=1 ms=4.765
[clock/step] delta=6.9ms speed=50x target=0.35d cap=2.89d/f cost=2.77ms ran=0 pulse=0.00ms loop=0.00ms full=0.50ms carry=0.99 barrier=
[clock/step] delta=6.9ms speed=50x target=0.35d cap=2.24d/f cost=3.57ms ran=0 pulse=0.00ms loop=0.00ms full=0.22ms carry=0.62 barrier=
[clock/step] delta=6.9ms speed=50x target=0.34d cap=2.32d/f cost=3.48ms ran=1 pulse=0.00ms loop=3.57ms full=4.02ms carry=0.17 barrier=
[economy-open-finish] day=1200 country=0.078 workset=0.006 fiscal=0.005 csr=0.001 recovery=0.000 vectors=0.089 audit=0.061 commands=0.000
[economy-prelude-cost] day=1200 ms=0.323 pending=0
[economy-aggregate-cost] day=1200 publish_ms=0.512 native_hash_ms=0.154
[economy-ledger-cost] day=1200 copy_ms=0.073 validate_ms=0.021 hash_ms=0.072 cohorts=64 markets=42880
[economy-boundary-cost] day=1200 formulas_ms=1.718 stages_ms=1.345 mirror_ms=0.365
[runtime-day-cost] day=1200 ok=1 ms=4.252
[clock/step] delta=6.9ms speed=50x target=0.34d cap=3.04d/f cost=2.63ms ran=0 pulse=0.00ms loop=0.00ms full=0.62ms carry=0.55 barrier=
[clock/step] delta=6.9ms speed=50x target=0.35d cap=2.53d/f cost=2.91ms ran=1 pulse=0.00ms loop=1.93ms full=2.12ms carry=0.06 barrier=
[economy-open-finish] day=1300 country=0.083 workset=0.006 fiscal=0.007 csr=0.001 recovery=0.000 vectors=0.093 audit=0.063 commands=0.001
[economy-prelude-cost] day=1300 ms=0.342 pending=0
[economy-aggregate-cost] day=1300 publish_ms=0.431 native_hash_ms=0.157
[economy-ledger-cost] day=1300 copy_ms=0.081 validate_ms=0.021 hash_ms=0.078 cohorts=64 markets=42880
[economy-boundary-cost] day=1300 formulas_ms=1.647 stages_ms=1.218 mirror_ms=0.399
[runtime-day-cost] day=1300 ok=1 ms=3.004
[clock/step] delta=6.9ms speed=50x target=0.34d cap=3.30d/f cost=2.43ms ran=0 pulse=0.00ms loop=0.00ms full=0.26ms carry=0.64 barrier=
[clock/step] delta=6.9ms speed=50x target=0.34d cap=3.45d/f cost=2.26ms ran=1 pulse=0.00ms loop=2.02ms full=2.19ms carry=0.02 barrier=
[economy-open-finish] day=1400 country=0.082 workset=0.006 fiscal=0.006 csr=0.001 recovery=0.000 vectors=0.109 audit=0.064 commands=0.001
[economy-prelude-cost] day=1400 ms=0.367 pending=0
[economy-aggregate-cost] day=1400 publish_ms=0.370 native_hash_ms=0.163
[economy-ledger-cost] day=1400 copy_ms=0.073 validate_ms=0.019 hash_ms=0.074 cohorts=64 markets=42880
[economy-boundary-cost] day=1400 formulas_ms=1.575 stages_ms=1.158 mirror_ms=0.353
[runtime-day-cost] day=1400 ok=1 ms=2.567
[clock/step] delta=6.9ms speed=50x target=0.34d cap=3.27d/f cost=2.45ms ran=0 pulse=0.00ms loop=0.00ms full=0.20ms carry=0.40 barrier=
[clock/step] delta=6.9ms speed=50x target=0.34d cap=2.68d/f cost=2.98ms ran=0 pulse=0.00ms loop=0.00ms full=0.49ms carry=0.77 barrier=
[clock/step] delta=6.9ms speed=50x target=0.35d cap=2.97d/f cost=2.69ms ran=0 pulse=0.00ms loop=0.00ms full=0.40ms carry=0.35 barrier=
[economy-open-finish] day=1500 country=0.072 workset=0.006 fiscal=0.005 csr=0.001 recovery=0.000 vectors=0.105 audit=0.056 commands=0.001
[economy-prelude-cost] day=1500 ms=0.322 pending=0
[economy-aggregate-cost] day=1500 publish_ms=0.342 native_hash_ms=0.135
[economy-ledger-cost] day=1500 copy_ms=0.064 validate_ms=0.021 hash_ms=0.071 cohorts=64 markets=42880
[economy-boundary-cost] day=1500 formulas_ms=1.406 stages_ms=1.038 mirror_ms=0.332
[runtime-day-cost] day=1500 ok=1 ms=3.014
[clock/step] delta=6.9ms speed=50x target=0.34d cap=3.62d/f cost=2.21ms ran=0 pulse=0.00ms loop=0.00ms full=0.46ms carry=0.87 barrier=
[clock/step] delta=6.9ms speed=50x target=0.34d cap=4.10d/f cost=1.88ms ran=1 pulse=0.00ms loop=1.59ms full=1.76ms carry=0.25 barrier=
[economy-open-finish] day=1600 country=0.075 workset=0.005 fiscal=0.005 csr=0.001 recovery=0.000 vectors=0.212 audit=0.064 commands=0.000
[economy-prelude-cost] day=1600 ms=0.446 pending=0
[economy-aggregate-cost] day=1600 publish_ms=0.380 native_hash_ms=0.142
[economy-ledger-cost] day=1600 copy_ms=0.067 validate_ms=0.018 hash_ms=0.065 cohorts=64 markets=42880
[economy-boundary-cost] day=1600 formulas_ms=1.594 stages_ms=1.101 mirror_ms=0.330
[runtime-day-cost] day=1600 ok=1 ms=2.544
[clock/step] delta=6.9ms speed=50x target=0.34d cap=2.67d/f cost=3.00ms ran=0 pulse=0.00ms loop=0.00ms full=0.34ms carry=0.62 barrier=
[clock/step] delta=6.9ms speed=50x target=0.34d cap=2.78d/f cost=2.88ms ran=0 pulse=0.00ms loop=0.00ms full=0.40ms carry=1.00 barrier=
[clock/step] delta=6.9ms speed=50x target=0.34d cap=3.42d/f cost=2.34ms ran=0 pulse=0.00ms loop=0.00ms full=0.34ms carry=0.37 barrier=
[economy-open-finish] day=1700 country=0.100 workset=0.007 fiscal=0.006 csr=0.001 recovery=0.000 vectors=0.166 audit=0.083 commands=0.001
[economy-prelude-cost] day=1700 ms=0.459 pending=0
[economy-aggregate-cost] day=1700 publish_ms=0.547 native_hash_ms=0.185
[economy-ledger-cost] day=1700 copy_ms=0.072 validate_ms=0.027 hash_ms=0.085 cohorts=64 markets=42880
[economy-boundary-cost] day=1700 formulas_ms=2.082 stages_ms=1.559 mirror_ms=0.454
[runtime-day-cost] day=1700 ok=1 ms=3.729
[clock/step] delta=6.9ms speed=50x target=0.35d cap=2.57d/f cost=3.11ms ran=0 pulse=0.00ms loop=0.00ms full=0.31ms carry=0.88 barrier=
[clock/step] delta=6.9ms speed=50x target=0.34d cap=3.30d/f cost=2.43ms ran=0 pulse=0.00ms loop=0.00ms full=0.41ms carry=0.47 barrier=
[economy-open-finish] day=1800 country=0.152 workset=0.014 fiscal=0.012 csr=0.001 recovery=0.000 vectors=0.210 audit=0.118 commands=0.001
[economy-prelude-cost] day=1800 ms=0.647 pending=0
[economy-aggregate-cost] day=1800 publish_ms=0.388 native_hash_ms=0.146
[economy-ledger-cost] day=1800 copy_ms=0.189 validate_ms=0.036 hash_ms=0.150 cohorts=64 markets=42880
[economy-boundary-cost] day=1800 formulas_ms=2.150 stages_ms=1.448 mirror_ms=0.735
[runtime-day-cost] day=1800 ok=1 ms=4.109
[clock/step] delta=6.9ms speed=50x target=0.34d cap=2.67d/f cost=2.99ms ran=0 pulse=0.00ms loop=0.00ms full=0.40ms carry=0.85 barrier=
[clock/step] delta=6.9ms speed=50x target=0.34d cap=3.72d/f cost=2.18ms ran=1 pulse=0.00ms loop=2.30ms full=2.58ms carry=0.22 barrier=
[economy-open-finish] day=1900 country=0.074 workset=0.006 fiscal=0.006 csr=0.001 recovery=0.000 vectors=0.105 audit=0.058 commands=0.001
[economy-prelude-cost] day=1900 ms=0.339 pending=0
[economy-aggregate-cost] day=1900 publish_ms=0.706 native_hash_ms=0.212
[economy-ledger-cost] day=1900 copy_ms=0.078 validate_ms=0.021 hash_ms=0.072 cohorts=64 markets=42880
[economy-boundary-cost] day=1900 formulas_ms=1.895 stages_ms=1.510 mirror_ms=0.355
[runtime-day-cost] day=1900 ok=1 ms=2.990
[clock/step] delta=6.9ms speed=50x target=0.34d cap=2.82d/f cost=2.84ms ran=0 pulse=0.00ms loop=0.00ms full=0.22ms carry=0.60 barrier=
[clock/step] delta=6.9ms speed=50x target=0.35d cap=3.01d/f cost=2.73ms ran=1 pulse=0.00ms loop=3.02ms full=3.37ms carry=0.17 barrier=
[clock/step] delta=6.9ms speed=50x target=0.34d cap=2.86d/f cost=2.80ms ran=0 pulse=0.00ms loop=0.00ms full=0.41ms carry=0.70 barrier=
[economy-open-finish] day=2000 country=0.074 workset=0.006 fiscal=0.005 csr=0.001 recovery=0.000 vectors=0.083 audit=0.057 commands=0.000
[economy-prelude-cost] day=2000 ms=0.304 pending=0
[economy-aggregate-cost] day=2000 publish_ms=0.409 native_hash_ms=0.140
[economy-ledger-cost] day=2000 copy_ms=0.079 validate_ms=0.019 hash_ms=0.083 cohorts=64 markets=42880
[economy-boundary-cost] day=2000 formulas_ms=1.405 stages_ms=1.054 mirror_ms=0.366
[runtime-day-cost] day=2000 ok=1 ms=2.361
[clock/step] delta=6.9ms speed=50x target=0.34d cap=3.68d/f cost=2.24ms ran=1 pulse=0.00ms loop=2.52ms full=2.72ms carry=0.07 barrier=
[clock/step] delta=6.9ms speed=50x target=0.34d cap=3.99d/f cost=2.01ms ran=0 pulse=0.00ms loop=0.00ms full=0.28ms carry=0.45 barrier=
[economy-open-finish] day=2100 country=0.094 workset=0.006 fiscal=0.006 csr=0.001 recovery=0.000 vectors=0.086 audit=0.076 commands=0.001
[economy-prelude-cost] day=2100 ms=0.367 pending=0
[economy-aggregate-cost] day=2100 publish_ms=0.534 native_hash_ms=0.290
[economy-ledger-cost] day=2100 copy_ms=0.146 validate_ms=0.036 hash_ms=0.110 cohorts=64 markets=42880
[economy-boundary-cost] day=2100 formulas_ms=1.978 stages_ms=1.556 mirror_ms=0.652
[runtime-day-cost] day=2100 ok=1 ms=5.094
[clock/step] delta=6.9ms speed=50x target=0.34d cap=3.06d/f cost=2.61ms ran=0 pulse=0.00ms loop=0.00ms full=0.35ms carry=0.82 barrier=
[clock/step] delta=6.9ms speed=50x target=0.34d cap=2.89d/f cost=2.73ms ran=1 pulse=0.00ms loop=2.54ms full=2.83ms carry=0.20 barrier=
[clock/step] delta=6.9ms speed=50x target=0.34d cap=2.56d/f cost=3.12ms ran=0 pulse=0.00ms loop=0.00ms full=0.49ms carry=0.58 barrier=
[economy-open-finish] day=2200 country=0.080 workset=0.006 fiscal=0.006 csr=0.001 recovery=0.000 vectors=0.085 audit=0.059 commands=0.000
[economy-prelude-cost] day=2200 ms=0.327 pending=0
[economy-aggregate-cost] day=2200 publish_ms=0.462 native_hash_ms=0.143
[economy-ledger-cost] day=2200 copy_ms=0.071 validate_ms=0.018 hash_ms=0.068 cohorts=64 markets=42880
[economy-boundary-cost] day=2200 formulas_ms=1.597 stages_ms=1.220 mirror_ms=0.339
[runtime-day-cost] day=2200 ok=1 ms=2.626
[clock/step] delta=6.9ms speed=50x target=0.34d cap=3.62d/f cost=2.21ms ran=0 pulse=0.00ms loop=0.00ms full=0.26ms carry=0.95 barrier=
[clock/step] delta=6.9ms speed=50x target=0.34d cap=3.22d/f cost=2.48ms ran=1 pulse=0.00ms loop=2.46ms full=2.73ms carry=0.33 barrier=
[economy-open-finish] day=2300 country=0.078 workset=0.007 fiscal=0.006 csr=0.001 recovery=0.000 vectors=0.108 audit=0.058 commands=0.001
[economy-prelude-cost] day=2300 ms=0.344 pending=0
[economy-aggregate-cost] day=2300 publish_ms=0.544 native_hash_ms=0.142
[economy-ledger-cost] day=2300 copy_ms=0.066 validate_ms=0.019 hash_ms=0.067 cohorts=64 markets=42880
[economy-boundary-cost] day=2300 formulas_ms=1.741 stages_ms=1.350 mirror_ms=0.342
[runtime-day-cost] day=2300 ok=1 ms=2.796
[clock/step] delta=6.9ms speed=50x target=0.34d cap=3.06d/f cost=2.61ms ran=0 pulse=0.00ms loop=0.00ms full=0.40ms carry=0.70 barrier=
[clock/step] delta=6.9ms speed=50x target=0.34d cap=2.55d/f cost=2.97ms ran=1 pulse=0.00ms loop=2.34ms full=2.73ms carry=0.08 barrier=
[clock/step] delta=6.9ms speed=50x target=0.34d cap=3.98d/f cost=2.01ms ran=0 pulse=0.00ms loop=0.00ms full=0.26ms carry=0.46 barrier=
[economy-open-finish] day=2400 country=0.074 workset=0.006 fiscal=0.006 csr=0.001 recovery=0.000 vectors=0.104 audit=0.056 commands=0.001
[economy-prelude-cost] day=2400 ms=0.334 pending=0
[economy-aggregate-cost] day=2400 publish_ms=0.297 native_hash_ms=0.144
[economy-ledger-cost] day=2400 copy_ms=0.065 validate_ms=0.021 hash_ms=0.070 cohorts=64 markets=42880
[economy-boundary-cost] day=2400 formulas_ms=1.402 stages_ms=1.022 mirror_ms=0.332
[runtime-day-cost] day=2400 ok=1 ms=2.890
[clock/step] delta=6.9ms speed=50x target=0.34d cap=3.26d/f cost=2.45ms ran=0 pulse=0.00ms loop=0.00ms full=0.44ms carry=0.83 barrier=
[clock/step] delta=6.9ms speed=50x target=0.34d cap=3.12d/f cost=2.65ms ran=1 pulse=0.00ms loop=2.99ms full=3.34ms carry=0.21 barrier=
[economy-open-finish] day=2500 country=0.073 workset=0.006 fiscal=0.005 csr=0.001 recovery=0.000 vectors=0.103 audit=0.064 commands=0.001
[economy-prelude-cost] day=2500 ms=0.335 pending=0
[economy-aggregate-cost] day=2500 publish_ms=0.368 native_hash_ms=0.153
[economy-ledger-cost] day=2500 copy_ms=0.067 validate_ms=0.018 hash_ms=0.065 cohorts=64 markets=42880
[economy-boundary-cost] day=2500 formulas_ms=1.472 stages_ms=1.091 mirror_ms=0.328
[runtime-day-cost] day=2500 ok=1 ms=2.501
[clock/step] delta=6.9ms speed=50x target=0.34d cap=3.91d/f cost=2.05ms ran=0 pulse=0.00ms loop=0.00ms full=0.34ms carry=0.58 barrier=
[clock/step] delta=6.9ms speed=50x target=0.34d cap=3.24d/f cost=2.47ms ran=0 pulse=0.00ms loop=0.00ms full=0.30ms carry=0.96 barrier=
[economy-open-finish] day=2600 country=0.096 workset=0.009 fiscal=0.007 csr=0.001 recovery=0.000 vectors=0.161 audit=0.147 commands=0.001
[economy-prelude-cost] day=2600 ms=0.535 pending=0
[economy-aggregate-cost] day=2600 publish_ms=0.582 native_hash_ms=0.292
[economy-ledger-cost] day=2600 copy_ms=0.198 validate_ms=0.039 hash_ms=0.114 cohorts=64 markets=42880
[economy-boundary-cost] day=2600 formulas_ms=2.389 stages_ms=1.785 mirror_ms=0.719
[runtime-day-cost] day=2600 ok=1 ms=3.873
[clock/step] delta=6.9ms speed=50x target=0.35d cap=3.10d/f cost=2.58ms ran=0 pulse=0.00ms loop=0.00ms full=0.48ms carry=0.43 barrier=
[clock/step] delta=6.9ms speed=50x target=0.34d cap=2.51d/f cost=3.24ms ran=1 pulse=0.00ms loop=3.48ms full=3.93ms carry=0.06 barrier=
[clock/step] delta=6.9ms speed=50x target=0.34d cap=2.84d/f cost=2.82ms ran=0 pulse=0.00ms loop=0.00ms full=0.25ms carry=0.43 barrier=
[economy-open-finish] day=2700 country=0.092 workset=0.010 fiscal=0.012 csr=0.001 recovery=0.000 vectors=0.206 audit=0.088 commands=0.000
[economy-prelude-cost] day=2700 ms=0.551 pending=0
[economy-aggregate-cost] day=2700 publish_ms=0.365 native_hash_ms=0.497
[economy-ledger-cost] day=2700 copy_ms=0.206 validate_ms=0.022 hash_ms=0.081 cohorts=64 markets=42880
[economy-boundary-cost] day=2700 formulas_ms=2.531 stages_ms=1.933 mirror_ms=0.597
[runtime-day-cost] day=2700 ok=1 ms=4.743
[clock/step] delta=6.9ms speed=50x target=0.34d cap=3.45d/f cost=2.32ms ran=0 pulse=0.00ms loop=0.00ms full=0.47ms carry=0.81 barrier=
[clock/step] delta=6.9ms speed=50x target=0.34d cap=3.04d/f cost=2.63ms ran=1 pulse=0.00ms loop=2.62ms full=2.94ms carry=0.18 barrier=
[economy-open-finish] day=2800 country=0.110 workset=0.006 fiscal=0.005 csr=0.001 recovery=0.000 vectors=0.110 audit=0.059 commands=0.001
[economy-prelude-cost] day=2800 ms=0.436 pending=0
[economy-aggregate-cost] day=2800 publish_ms=0.422 native_hash_ms=0.169
[economy-ledger-cost] day=2800 copy_ms=0.077 validate_ms=0.022 hash_ms=0.081 cohorts=64 markets=42880
[economy-boundary-cost] day=2800 formulas_ms=1.770 stages_ms=1.236 mirror_ms=0.380
[runtime-day-cost] day=2800 ok=1 ms=3.043
[clock/step] delta=6.7ms speed=50x target=0.33d cap=2.20d/f cost=3.63ms ran=0 pulse=0.00ms loop=0.00ms full=0.28ms carry=0.51 barrier=
[clock/step] delta=6.9ms speed=50x target=0.35d cap=3.68d/f cost=2.17ms ran=0 pulse=0.00ms loop=0.00ms full=0.29ms carry=0.83 barrier=
[clock/step] delta=6.9ms speed=50x target=0.34d cap=3.54d/f cost=2.26ms ran=0 pulse=0.00ms loop=0.00ms full=0.23ms carry=0.36 barrier=
[economy-open-finish] day=2900 country=0.078 workset=0.006 fiscal=0.005 csr=0.001 recovery=0.000 vectors=0.107 audit=0.058 commands=0.001
[economy-prelude-cost] day=2900 ms=0.340 pending=0
[economy-aggregate-cost] day=2900 publish_ms=0.376 native_hash_ms=0.136
[economy-ledger-cost] day=2900 copy_ms=0.064 validate_ms=0.018 hash_ms=0.062 cohorts=64 markets=42880
[economy-boundary-cost] day=2900 formulas_ms=1.517 stages_ms=1.130 mirror_ms=0.315
[runtime-day-cost] day=2900 ok=1 ms=2.570
[clock/step] delta=6.9ms speed=50x target=0.34d cap=2.69d/f cost=2.98ms ran=0 pulse=0.00ms loop=0.00ms full=0.50ms carry=0.74 barrier=
[clock/step] delta=6.9ms speed=50x target=0.34d cap=2.84d/f cost=2.81ms ran=1 pulse=0.00ms loop=2.82ms full=3.15ms carry=0.11 barrier=
[economy-open-finish] day=3000 country=0.120 workset=0.008 fiscal=0.010 csr=0.001 recovery=0.000 vectors=0.198 audit=0.111 commands=0.001
[economy-prelude-cost] day=3000 ms=0.585 pending=0
[economy-aggregate-cost] day=3000 publish_ms=0.515 native_hash_ms=0.253
[economy-ledger-cost] day=3000 copy_ms=0.126 validate_ms=0.035 hash_ms=0.105 cohorts=64 markets=42880
[economy-boundary-cost] day=3000 formulas_ms=2.529 stages_ms=1.863 mirror_ms=0.596
[runtime-day-cost] day=3000 ok=1 ms=5.186
[clock/step] delta=6.9ms speed=50x target=0.34d cap=3.63d/f cost=2.20ms ran=0 pulse=0.00ms loop=0.00ms full=0.29ms carry=0.49 barrier=
[clock/step] delta=6.9ms speed=50x target=0.34d cap=3.86d/f cost=2.07ms ran=0 pulse=0.00ms loop=0.00ms full=0.22ms carry=0.86 barrier=
[economy-open-finish] day=3100 country=0.132 workset=0.008 fiscal=0.011 csr=0.001 recovery=0.000 vectors=0.221 audit=0.120 commands=0.001
[economy-prelude-cost] day=3100 ms=0.644 pending=0
[economy-aggregate-cost] day=3100 publish_ms=0.579 native_hash_ms=0.294
[economy-ledger-cost] day=3100 copy_ms=0.153 validate_ms=0.037 hash_ms=0.111 cohorts=64 markets=42880
[economy-boundary-cost] day=3100 formulas_ms=2.850 stages_ms=2.115 mirror_ms=0.670
[runtime-day-cost] day=3100 ok=1 ms=4.663
[clock/step] delta=6.9ms speed=50x target=0.35d cap=2.03d/f cost=3.94ms ran=0 pulse=0.00ms loop=0.00ms full=0.27ms carry=0.35 barrier=
[clock/step] delta=6.9ms speed=50x target=0.34d cap=2.52d/f cost=3.18ms ran=0 pulse=0.00ms loop=0.00ms full=0.47ms carry=0.96 barrier=
[clock/step] delta=6.9ms speed=50x target=0.34d cap=2.63d/f cost=2.83ms ran=1 pulse=0.00ms loop=1.97ms full=2.15ms carry=0.34 barrier=
[economy-open-finish] day=3200 country=0.122 workset=0.009 fiscal=0.012 csr=0.001 recovery=0.000 vectors=0.212 audit=0.117 commands=0.001
[economy-prelude-cost] day=3200 ms=0.613 pending=0
[economy-aggregate-cost] day=3200 publish_ms=0.463 native_hash_ms=0.273
[economy-ledger-cost] day=3200 copy_ms=0.136 validate_ms=0.037 hash_ms=0.108 cohorts=64 markets=42880
[economy-boundary-cost] day=3200 formulas_ms=2.103 stages_ms=1.425 mirror_ms=0.628
[runtime-day-cost] day=3200 ok=1 ms=3.913
[clock/step] delta=6.9ms speed=50x target=0.34d cap=3.11d/f cost=2.57ms ran=0 pulse=0.00ms loop=0.00ms full=0.50ms carry=0.71 barrier=
[clock/step] delta=6.9ms speed=50x target=0.34d cap=2.45d/f cost=3.34ms ran=1 pulse=0.00ms loop=3.63ms full=4.07ms carry=0.09 barrier=
[economy-open-finish] day=3300 country=0.073 workset=0.005 fiscal=0.005 csr=0.001 recovery=0.000 vectors=0.107 audit=0.058 commands=0.000
[economy-prelude-cost] day=3300 ms=0.340 pending=0
[economy-aggregate-cost] day=3300 publish_ms=0.427 native_hash_ms=0.146
[economy-ledger-cost] day=3300 copy_ms=0.063 validate_ms=0.018 hash_ms=0.067 cohorts=64 markets=42880
[economy-boundary-cost] day=3300 formulas_ms=1.603 stages_ms=1.217 mirror_ms=0.338
[runtime-day-cost] day=3300 ok=1 ms=3.242
[clock/step] delta=6.9ms speed=50x target=0.35d cap=3.36d/f cost=2.38ms ran=0 pulse=0.00ms loop=0.00ms full=0.50ms carry=0.65 barrier=
[clock/step] delta=6.9ms speed=50x target=0.34d cap=2.94d/f cost=2.51ms ran=1 pulse=0.00ms loop=1.68ms full=1.85ms carry=0.19 barrier=
[clock/step] delta=6.9ms speed=50x target=0.34d cap=4.18d/f cost=1.92ms ran=0 pulse=0.00ms loop=0.00ms full=0.24ms carry=0.56 barrier=
[economy-open-finish] day=3400 country=0.133 workset=0.009 fiscal=0.007 csr=0.001 recovery=0.000 vectors=0.137 audit=0.064 commands=0.001
[economy-prelude-cost] day=3400 ms=0.457 pending=0
[economy-aggregate-cost] day=3400 publish_ms=0.553 native_hash_ms=0.167
[economy-ledger-cost] day=3400 copy_ms=0.074 validate_ms=0.025 hash_ms=0.088 cohorts=64 markets=42880
[economy-boundary-cost] day=3400 formulas_ms=2.271 stages_ms=1.730 mirror_ms=0.395
[runtime-day-cost] day=3400 ok=1 ms=3.548
[clock/step] delta=6.9ms speed=50x target=0.34d cap=2.98d/f cost=2.68ms ran=0 pulse=0.00ms loop=0.00ms full=0.62ms carry=0.94 barrier=
[clock/step] delta=6.9ms speed=50x target=0.34d cap=3.31d/f cost=2.35ms ran=1 pulse=0.00ms loop=2.09ms full=2.28ms carry=0.31 barrier=
[economy-open-finish] day=3500 country=0.102 workset=0.006 fiscal=0.006 csr=0.001 recovery=0.000 vectors=0.159 audit=0.060 commands=0.001
[economy-prelude-cost] day=3500 ms=0.457 pending=0
[economy-aggregate-cost] day=3500 publish_ms=0.521 native_hash_ms=0.163
[economy-ledger-cost] day=3500 copy_ms=0.064 validate_ms=0.019 hash_ms=0.066 cohorts=64 markets=42880
[economy-boundary-cost] day=3500 formulas_ms=1.898 stages_ms=1.375 mirror_ms=0.331
[runtime-day-cost] day=3500 ok=1 ms=3.266
[clock/step] delta=6.9ms speed=50x target=0.34d cap=3.73d/f cost=2.15ms ran=0 pulse=0.00ms loop=0.00ms full=0.29ms carry=0.69 barrier=
[clock/step] delta=6.9ms speed=50x target=0.34d cap=2.68d/f cost=2.72ms ran=1 pulse=0.00ms loop=1.67ms full=1.84ms carry=0.07 barrier=
[economy-open-finish] day=3600 country=0.130 workset=0.008 fiscal=0.008 csr=0.001 recovery=0.000 vectors=0.210 audit=0.118 commands=0.001
[economy-prelude-cost] day=3600 ms=0.632 pending=0
[economy-aggregate-cost] day=3600 publish_ms=0.544 native_hash_ms=0.317
[clock/step] delta=6.9ms speed=50x target=0.34d cap=2.88d/f cost=2.77ms ran=0 pulse=0.00ms loop=0.00ms full=0.37ms carry=0.44 barrier=
[economy-ledger-cost] day=3600 copy_ms=0.121 validate_ms=0.038 hash_ms=0.218 cohorts=64 markets=42880
[economy-boundary-cost] day=3600 formulas_ms=2.863 stages_ms=2.130 mirror_ms=0.835
[runtime-day-cost] day=3600 ok=1 ms=5.750
[clock/step] delta=6.9ms speed=50x target=0.34d cap=2.87d/f cost=2.79ms ran=0 pulse=0.00ms loop=0.00ms full=0.64ms carry=0.82 barrier=
[clock/step] delta=6.9ms speed=50x target=0.35d cap=3.84d/f cost=2.09ms ran=0 pulse=0.00ms loop=0.00ms full=0.45ms carry=0.43 barrier=
[economy-open-finish] day=3700 country=0.076 workset=0.006 fiscal=0.005 csr=0.001 recovery=0.000 vectors=0.104 audit=0.057 commands=0.000
[economy-prelude-cost] day=3700 ms=0.333 pending=0
[economy-aggregate-cost] day=3700 publish_ms=0.353 native_hash_ms=0.276
[economy-ledger-cost] day=3700 copy_ms=0.113 validate_ms=0.019 hash_ms=0.065 cohorts=64 markets=42880
[economy-boundary-cost] day=3700 formulas_ms=1.664 stages_ms=1.261 mirror_ms=0.410
[runtime-day-cost] day=3700 ok=1 ms=2.798
[clock/step] delta=6.9ms speed=50x target=0.34d cap=3.91d/f cost=2.05ms ran=0 pulse=0.00ms loop=0.00ms full=0.37ms carry=0.92 barrier=
[clock/step] delta=6.9ms speed=50x target=0.34d cap=3.66d/f cost=2.37ms ran=1 pulse=0.00ms loop=3.07ms full=3.48ms carry=0.29 barrier=
[economy-open-finish] day=3800 country=0.183 workset=0.014 fiscal=0.018 csr=0.002 recovery=0.000 vectors=0.234 audit=0.196 commands=0.001
[economy-prelude-cost] day=3800 ms=0.947 pending=0
[economy-aggregate-cost] day=3800 publish_ms=0.418 native_hash_ms=0.147
[economy-ledger-cost] day=3800 copy_ms=0.073 validate_ms=0.019 hash_ms=0.073 cohorts=64 markets=42880
[economy-boundary-cost] day=3800 formulas_ms=3.014 stages_ms=1.973 mirror_ms=0.425
[runtime-day-cost] day=3800 ok=1 ms=4.384
[clock/step] delta=6.9ms speed=50x target=0.34d cap=3.24d/f cost=2.47ms ran=0 pulse=0.00ms loop=0.00ms full=0.41ms carry=0.67 barrier=
[clock/step] delta=6.9ms speed=50x target=0.34d cap=3.39d/f cost=2.33ms ran=1 pulse=0.00ms loop=2.22ms full=2.45ms carry=0.04 barrier=
[clock/step] delta=6.9ms speed=50x target=0.34d cap=3.58d/f cost=2.23ms ran=0 pulse=0.00ms loop=0.00ms full=0.53ms carry=0.42 barrier=
[economy-open-finish] day=3900 country=0.074 workset=0.006 fiscal=0.005 csr=0.001 recovery=0.000 vectors=0.103 audit=0.056 commands=0.001
[economy-prelude-cost] day=3900 ms=0.332 pending=0
[economy-aggregate-cost] day=3900 publish_ms=0.391 native_hash_ms=0.146
[economy-ledger-cost] day=3900 copy_ms=0.074 validate_ms=0.021 hash_ms=0.077 cohorts=64 markets=42880
[economy-boundary-cost] day=3900 formulas_ms=1.637 stages_ms=1.258 mirror_ms=0.353
[runtime-day-cost] day=3900 ok=1 ms=3.929
[clock/step] delta=6.9ms speed=50x target=0.34d cap=3.61d/f cost=2.21ms ran=0 pulse=0.00ms loop=0.00ms full=0.28ms carry=0.80 barrier=
[clock/step] delta=6.9ms speed=50x target=0.34d cap=2.30d/f cost=3.45ms ran=1 pulse=0.00ms loop=3.33ms full=3.71ms carry=0.17 barrier=
[economy-open-finish] day=4000 country=0.090 workset=0.007 fiscal=0.006 csr=0.001 recovery=0.000 vectors=0.112 audit=0.061 commands=0.000
[economy-prelude-cost] day=4000 ms=0.361 pending=0
[economy-aggregate-cost] day=4000 publish_ms=0.407 native_hash_ms=0.147
[economy-ledger-cost] day=4000 copy_ms=0.071 validate_ms=0.019 hash_ms=0.068 cohorts=64 markets=42880
[economy-boundary-cost] day=4000 formulas_ms=1.649 stages_ms=1.240 mirror_ms=0.343
[runtime-day-cost] day=4000 ok=1 ms=2.862
[clock/step] delta=6.9ms speed=50x target=0.35d cap=1.53d/f cost=5.21ms ran=0 pulse=0.00ms loop=0.00ms full=0.21ms carry=0.55 barrier=
[clock/step] delta=6.9ms speed=50x target=0.35d cap=3.25d/f cost=2.53ms ran=1 pulse=0.00ms loop=2.76ms full=3.08ms carry=0.22 barrier=
[clock/step] delta=6.9ms speed=50x target=0.34d cap=3.38d/f cost=2.37ms ran=0 pulse=0.00ms loop=0.00ms full=0.21ms carry=0.64 barrier=
[economy-open-finish] day=4100 country=0.074 workset=0.006 fiscal=0.005 csr=0.001 recovery=0.000 vectors=0.105 audit=0.057 commands=0.001
[economy-prelude-cost] day=4100 ms=0.327 pending=0
[economy-aggregate-cost] day=4100 publish_ms=0.340 native_hash_ms=0.138
[economy-ledger-cost] day=4100 copy_ms=0.066 validate_ms=0.021 hash_ms=0.067 cohorts=64 markets=42880
[economy-boundary-cost] day=4100 formulas_ms=1.486 stages_ms=1.112 mirror_ms=0.329
[runtime-day-cost] day=4100 ok=1 ms=2.888
[clock/step] delta=6.9ms speed=50x target=0.34d cap=3.25d/f cost=2.36ms ran=1 pulse=0.00ms loop=1.96ms full=2.13ms carry=0.02 barrier=
[clock/step] delta=6.9ms speed=50x target=0.34d cap=2.74d/f cost=2.92ms ran=0 pulse=0.00ms loop=0.00ms full=0.33ms carry=0.40 barrier=
[economy-open-finish] day=4200 country=0.142 workset=0.010 fiscal=0.012 csr=0.001 recovery=0.000 vectors=0.222 audit=0.124 commands=0.001
[economy-prelude-cost] day=4200 ms=0.670 pending=0
[economy-aggregate-cost] day=4200 publish_ms=0.581 native_hash_ms=0.290
[economy-ledger-cost] day=4200 copy_ms=0.162 validate_ms=0.038 hash_ms=0.114 cohorts=64 markets=42880
[economy-boundary-cost] day=4200 formulas_ms=2.977 stages_ms=2.212 mirror_ms=0.686
[runtime-day-cost] day=4200 ok=1 ms=5.506
[clock/step] delta=6.9ms speed=50x target=0.34d cap=2.53d/f cost=3.16ms ran=0 pulse=0.00ms loop=0.00ms full=0.35ms carry=0.77 barrier=
[clock/step] delta=6.9ms speed=50x target=0.34d cap=3.62d/f cost=2.32ms ran=1 pulse=0.00ms loop=2.75ms full=3.09ms carry=0.15 barrier=
[economy-open-finish] day=4300 country=0.099 workset=0.010 fiscal=0.011 csr=0.001 recovery=0.000 vectors=0.206 audit=0.107 commands=0.001
[economy-prelude-cost] day=4300 ms=0.531 pending=0
[economy-aggregate-cost] day=4300 publish_ms=0.503 native_hash_ms=0.152
[economy-ledger-cost] day=4300 copy_ms=0.101 validate_ms=0.029 hash_ms=0.088 cohorts=64 markets=42880
[economy-boundary-cost] day=4300 formulas_ms=2.113 stages_ms=1.530 mirror_ms=0.434
[runtime-day-cost] day=4300 ok=1 ms=3.654
[clock/step] delta=6.9ms speed=50x target=0.34d cap=2.52d/f cost=3.17ms ran=0 pulse=0.00ms loop=0.00ms full=0.40ms carry=0.52 barrier=
[clock/step] delta=6.9ms speed=50x target=0.34d cap=3.74d/f cost=2.14ms ran=0 pulse=0.00ms loop=0.00ms full=0.30ms carry=0.90 barrier=
[clock/step] delta=6.9ms speed=50x target=0.35d cap=3.08d/f cost=2.62ms ran=1 pulse=0.00ms loop=2.70ms full=3.00ms carry=0.33 barrier=
[economy-open-finish] day=4400 country=0.074 workset=0.006 fiscal=0.005 csr=0.001 recovery=0.000 vectors=0.107 audit=0.059 commands=0.001
[economy-prelude-cost] day=4400 ms=0.338 pending=0
[economy-aggregate-cost] day=4400 publish_ms=0.426 native_hash_ms=0.144
[economy-ledger-cost] day=4400 copy_ms=0.067 validate_ms=0.018 hash_ms=0.066 cohorts=64 markets=42880
[economy-boundary-cost] day=4400 formulas_ms=1.622 stages_ms=1.239 mirror_ms=0.332
[runtime-day-cost] day=4400 ok=1 ms=2.580
[clock/step] delta=6.9ms speed=50x target=0.34d cap=2.51d/f cost=3.19ms ran=0 pulse=0.00ms loop=0.00ms full=0.31ms carry=1.00 barrier=
[clock/step] delta=6.9ms speed=50x target=0.34d cap=2.77d/f cost=2.89ms ran=0 pulse=0.00ms loop=0.00ms full=0.30ms carry=0.37 barrier=
[economy-open-finish] day=4500 country=0.102 workset=0.009 fiscal=0.007 csr=0.001 recovery=0.000 vectors=0.146 audit=0.060 commands=0.000
[economy-prelude-cost] day=4500 ms=0.425 pending=0
[economy-aggregate-cost] day=4500 publish_ms=0.455 native_hash_ms=0.143
[economy-ledger-cost] day=4500 copy_ms=0.080 validate_ms=0.021 hash_ms=0.081 cohorts=64 markets=42880
[economy-boundary-cost] day=4500 formulas_ms=1.812 stages_ms=1.320 mirror_ms=0.383
[runtime-day-cost] day=4500 ok=1 ms=4.646
[clock/step] delta=6.9ms speed=50x target=0.34d cap=3.64d/f cost=2.20ms ran=0 pulse=0.00ms loop=0.00ms full=0.35ms carry=0.75 barrier=
[clock/step] delta=6.9ms speed=50x target=0.34d cap=3.05d/f cost=2.47ms ran=1 pulse=0.00ms loop=1.86ms full=2.21ms carry=0.12 barrier=
[clock/step] delta=6.9ms speed=50x target=0.34d cap=2.94d/f cost=2.72ms ran=0 pulse=0.00ms loop=0.00ms full=0.27ms carry=0.50 barrier=
[economy-open-finish] day=4600 country=0.114 workset=0.009 fiscal=0.007 csr=0.001 recovery=0.000 vectors=0.191 audit=0.123 commands=0.001
[economy-prelude-cost] day=4600 ms=0.554 pending=0
[economy-aggregate-cost] day=4600 publish_ms=0.572 native_hash_ms=0.186
[economy-ledger-cost] day=4600 copy_ms=0.077 validate_ms=0.027 hash_ms=0.101 cohorts=64 markets=42880
[economy-boundary-cost] day=4600 formulas_ms=2.438 stages_ms=1.804 mirror_ms=0.424
[runtime-day-cost] day=4600 ok=1 ms=3.675
[clock/step] delta=6.9ms speed=50x target=0.34d cap=2.85d/f cost=2.80ms ran=0 pulse=0.00ms loop=0.00ms full=0.48ms carry=0.88 barrier=
[clock/step] delta=6.9ms speed=50x target=0.34d cap=3.24d/f cost=2.52ms ran=1 pulse=0.00ms loop=2.74ms full=2.94ms carry=0.25 barrier=
[economy-open-finish] day=4700 country=0.170 workset=0.011 fiscal=0.013 csr=0.001 recovery=0.000 vectors=0.275 audit=0.124 commands=0.001
[economy-prelude-cost] day=4700 ms=0.804 pending=0
[economy-aggregate-cost] day=4700 publish_ms=0.573 native_hash_ms=0.321
[economy-ledger-cost] day=4700 copy_ms=0.169 validate_ms=0.038 hash_ms=0.115 cohorts=64 markets=42880
[economy-boundary-cost] day=4700 formulas_ms=2.809 stages_ms=1.885 mirror_ms=0.692
[runtime-day-cost] day=4700 ok=1 ms=4.301
[clock/step] delta=6.9ms speed=50x target=0.34d cap=3.35d/f cost=2.39ms ran=0 pulse=0.00ms loop=0.00ms full=0.26ms carry=0.63 barrier=
[clock/step] delta=6.9ms speed=50x target=0.35d cap=2.55d/f cost=3.30ms ran=1 pulse=0.00ms loop=3.92ms full=4.25ms carry=0.14 barrier=
[economy-open-finish] day=4800 country=0.078 workset=0.006 fiscal=0.006 csr=0.001 recovery=0.000 vectors=0.106 audit=0.059 commands=0.000
[economy-prelude-cost] day=4800 ms=0.347 pending=0
[economy-aggregate-cost] day=4800 publish_ms=0.359 native_hash_ms=0.261
[economy-ledger-cost] day=4800 copy_ms=0.077 validate_ms=0.022 hash_ms=0.086 cohorts=64 markets=42880
[economy-boundary-cost] day=4800 formulas_ms=1.753 stages_ms=1.357 mirror_ms=0.402
[runtime-day-cost] day=4800 ok=1 ms=3.723
[clock/step] delta=6.9ms speed=50x target=0.34d cap=3.02d/f cost=2.65ms ran=0 pulse=0.00ms loop=0.00ms full=0.25ms carry=0.73 barrier=
[clock/step] delta=6.9ms speed=50x target=0.34d cap=2.77d/f cost=2.79ms ran=1 pulse=0.00ms loop=2.39ms full=2.58ms carry=0.10 barrier=
[clock/step] delta=6.9ms speed=50x target=0.34d cap=3.15d/f cost=2.54ms ran=0 pulse=0.00ms loop=0.00ms full=0.36ms carry=0.48 barrier=
[economy-open-finish] day=4900 country=0.176 workset=0.025 fiscal=0.043 csr=0.001 recovery=0.002 vectors=0.225 audit=0.165 commands=0.001
[economy-prelude-cost] day=4900 ms=0.863 pending=0
[economy-aggregate-cost] day=4900 publish_ms=0.559 native_hash_ms=0.387
[economy-ledger-cost] day=4900 copy_ms=0.074 validate_ms=0.022 hash_ms=0.079 cohorts=64 markets=42880
[economy-boundary-cost] day=4900 formulas_ms=3.035 stages_ms=2.057 mirror_ms=0.406
[runtime-day-cost] day=4900 ok=1 ms=4.601
[clock/step] delta=6.9ms speed=50x target=0.34d cap=3.40d/f cost=2.35ms ran=0 pulse=0.00ms loop=0.00ms full=0.39ms carry=0.85 barrier=
[clock/step] delta=6.9ms speed=50x target=0.35d cap=2.57d/f cost=3.11ms ran=0 pulse=0.00ms loop=0.00ms full=0.48ms carry=0.51 barrier=
[economy-open-finish] day=5000 country=0.076 workset=0.006 fiscal=0.005 csr=0.001 recovery=0.000 vectors=0.235 audit=0.121 commands=0.001
[economy-prelude-cost] day=5000 ms=0.572 pending=0
[economy-aggregate-cost] day=5000 publish_ms=0.551 native_hash_ms=0.275
[economy-ledger-cost] day=5000 copy_ms=0.181 validate_ms=0.037 hash_ms=0.110 cohorts=64 markets=42880
[economy-boundary-cost] day=5000 formulas_ms=2.909 stages_ms=2.275 mirror_ms=0.713
[runtime-day-cost] day=5000 ok=1 ms=4.250
[clock/step] delta=6.9ms speed=50x target=0.34d cap=2.64d/f cost=3.03ms ran=0 pulse=0.00ms loop=0.00ms full=0.43ms carry=0.95 barrier=
[clock/step] delta=6.9ms speed=50x target=0.34d cap=3.65d/f cost=2.20ms ran=1 pulse=0.00ms loop=2.20ms full=2.49ms carry=0.33 barrier=
[clock/step] delta=6.9ms speed=50x target=0.34d cap=2.97d/f cost=2.69ms ran=0 pulse=0.00ms loop=0.00ms full=0.58ms carry=0.70 barrier=
[economy-open-finish] day=5100 country=0.142 workset=0.009 fiscal=0.012 csr=0.001 recovery=0.000 vectors=0.220 audit=0.122 commands=0.001
[economy-prelude-cost] day=5100 ms=0.693 pending=0
[economy-aggregate-cost] day=5100 publish_ms=0.901 native_hash_ms=0.293
[economy-ledger-cost] day=5100 copy_ms=0.200 validate_ms=0.037 hash_ms=0.112 cohorts=64 markets=42880
[economy-boundary-cost] day=5100 formulas_ms=3.596 stages_ms=2.750 mirror_ms=0.744
[runtime-day-cost] day=5100 ok=1 ms=6.804
[clock/step] delta=6.9ms speed=50x target=0.35d cap=3.18d/f cost=2.61ms ran=1 pulse=0.00ms loop=2.96ms full=3.21ms carry=0.26 barrier=
[clock/step] delta=6.9ms speed=50x target=0.34d cap=2.72d/f cost=2.94ms ran=0 pulse=0.00ms loop=0.00ms full=0.66ms carry=0.80 barrier=
[economy-open-finish] day=5200 country=0.160 workset=0.010 fiscal=0.013 csr=0.001 recovery=0.000 vectors=0.222 audit=0.165 commands=0.001
[economy-prelude-cost] day=5200 ms=0.797 pending=0
[economy-aggregate-cost] day=5200 publish_ms=0.540 native_hash_ms=0.297
[economy-ledger-cost] day=5200 copy_ms=0.203 validate_ms=0.038 hash_ms=0.112 cohorts=64 markets=42880
[economy-boundary-cost] day=5200 formulas_ms=2.734 stages_ms=1.847 mirror_ms=0.775
[runtime-day-cost] day=5200 ok=1 ms=4.359
[clock/step] delta=6.9ms speed=50x target=0.34d cap=2.92d/f cost=2.57ms ran=1 pulse=0.00ms loop=1.91ms full=2.09ms carry=0.18 barrier=
[clock/step] delta=6.9ms speed=50x target=0.34d cap=2.65d/f cost=3.02ms ran=0 pulse=0.00ms loop=0.00ms full=0.50ms carry=0.55 barrier=
[clock/step] delta=6.9ms speed=50x target=0.35d cap=2.64d/f cost=2.85ms ran=1 pulse=0.00ms loop=2.15ms full=2.38ms carry=0.09 barrier=
[economy-open-finish] day=5300 country=0.134 workset=0.008 fiscal=0.012 csr=0.001 recovery=0.000 vectors=0.216 audit=0.121 commands=0.001
[economy-prelude-cost] day=5300 ms=0.638 pending=0
[economy-aggregate-cost] day=5300 publish_ms=0.571 native_hash_ms=0.289
[economy-ledger-cost] day=5300 copy_ms=0.178 validate_ms=0.037 hash_ms=0.112 cohorts=64 markets=42880
[economy-boundary-cost] day=5300 formulas_ms=2.912 stages_ms=2.184 mirror_ms=0.692
[runtime-day-cost] day=5300 ok=1 ms=4.707
[clock/step] delta=6.9ms speed=50x target=0.34d cap=2.58d/f cost=3.10ms ran=0 pulse=0.00ms loop=0.00ms full=0.41ms carry=0.65 barrier=
[clock/step] delta=6.9ms speed=50x target=0.34d cap=2.99d/f cost=2.69ms ran=1 pulse=0.00ms loop=2.74ms full=3.12ms carry=0.02 barrier=
[economy-open-finish] day=5400 country=0.077 workset=0.007 fiscal=0.006 csr=0.001 recovery=0.000 vectors=0.105 audit=0.059 commands=0.001
[economy-prelude-cost] day=5400 ms=0.353 pending=0
[economy-aggregate-cost] day=5400 publish_ms=0.390 native_hash_ms=0.204
[economy-ledger-cost] day=5400 copy_ms=0.188 validate_ms=0.036 hash_ms=0.105 cohorts=64 markets=42880
[economy-boundary-cost] day=5400 formulas_ms=1.745 stages_ms=1.341 mirror_ms=0.685
[runtime-day-cost] day=5400 ok=1 ms=3.658
[clock/step] delta=6.9ms speed=50x target=0.34d cap=3.51d/f cost=2.28ms ran=0 pulse=0.00ms loop=0.00ms full=0.42ms carry=0.40 barrier=
[clock/step] delta=6.9ms speed=50x target=0.35d cap=2.33d/f cost=3.43ms ran=0 pulse=0.00ms loop=0.00ms full=0.50ms carry=0.82 barrier=
[economy-open-finish] day=5500 country=0.134 workset=0.008 fiscal=0.005 csr=0.001 recovery=0.000 vectors=0.117 audit=0.063 commands=0.000
[economy-prelude-cost] day=5500 ms=0.427 pending=0
[economy-aggregate-cost] day=5500 publish_ms=0.623 native_hash_ms=0.319
[economy-ledger-cost] day=5500 copy_ms=0.087 validate_ms=0.019 hash_ms=0.091 cohorts=64 markets=42880
[economy-boundary-cost] day=5500 formulas_ms=2.384 stages_ms=1.903 mirror_ms=0.399
[runtime-day-cost] day=5500 ok=1 ms=3.935
[clock/step] delta=6.9ms speed=50x target=0.35d cap=2.78d/f cost=2.88ms ran=0 pulse=0.00ms loop=0.00ms full=0.26ms carry=0.49 barrier=
[clock/step] delta=6.9ms speed=50x target=0.34d cap=2.75d/f cost=2.91ms ran=0 pulse=0.00ms loop=0.00ms full=0.41ms carry=0.87 barrier=
[clock/step] delta=6.9ms speed=50x target=0.34d cap=2.82d/f cost=2.65ms ran=1 pulse=0.00ms loop=1.89ms full=2.25ms carry=0.25 barrier=
[economy-open-finish] day=5600 country=0.076 workset=0.006 fiscal=0.037 csr=0.001 recovery=0.000 vectors=0.112 audit=0.060 commands=0.001
[economy-prelude-cost] day=5600 ms=0.386 pending=0
[economy-aggregate-cost] day=5600 publish_ms=0.469 native_hash_ms=0.148
[economy-ledger-cost] day=5600 copy_ms=0.071 validate_ms=0.019 hash_ms=0.068 cohorts=64 markets=42880
[economy-boundary-cost] day=5600 formulas_ms=1.829 stages_ms=1.394 mirror_ms=0.349
[runtime-day-cost] day=5600 ok=1 ms=3.082
[clock/step] delta=6.9ms speed=50x target=0.34d cap=2.91d/f cost=2.75ms ran=0 pulse=0.00ms loop=0.00ms full=0.34ms carry=0.62 barrier=
[clock/step] delta=6.9ms speed=50x target=0.34d cap=2.80d/f cost=2.70ms ran=1 pulse=0.00ms loop=2.07ms full=2.28ms carry=0.00 barrier=
[economy-open-finish] day=5700 country=0.077 workset=0.006 fiscal=0.005 csr=0.001 recovery=0.000 vectors=0.110 audit=0.060 commands=0.001
[economy-prelude-cost] day=5700 ms=0.354 pending=0
[economy-aggregate-cost] day=5700 publish_ms=0.415 native_hash_ms=0.187
[economy-ledger-cost] day=5700 copy_ms=0.081 validate_ms=0.019 hash_ms=0.072 cohorts=64 markets=42880
[economy-boundary-cost] day=5700 formulas_ms=1.749 stages_ms=1.346 mirror_ms=0.358
[runtime-day-cost] day=5700 ok=1 ms=4.089
[clock/step] delta=6.9ms speed=50x target=0.34d cap=3.71d/f cost=2.15ms ran=0 pulse=0.00ms loop=0.00ms full=0.48ms carry=0.38 barrier=
[clock/step] delta=6.9ms speed=50x target=0.35d cap=2.00d/f cost=4.00ms ran=0 pulse=0.00ms loop=0.00ms full=0.60ms carry=0.91 barrier=
[clock/step] delta=6.9ms speed=50x target=0.34d cap=1.90d/f cost=4.04ms ran=1 pulse=0.00ms loop=3.36ms full=3.71ms carry=0.16 barrier=
[economy-open-finish] day=5800 country=0.134 workset=0.009 fiscal=0.007 csr=0.001 recovery=0.000 vectors=0.210 audit=0.135 commands=0.001
[economy-prelude-cost] day=5800 ms=0.633 pending=0
[economy-aggregate-cost] day=5800 publish_ms=0.801 native_hash_ms=0.278
[economy-ledger-cost] day=5800 copy_ms=0.205 validate_ms=0.047 hash_ms=0.138 cohorts=64 markets=42880
[economy-boundary-cost] day=5800 formulas_ms=3.132 stages_ms=2.411 mirror_ms=0.822
[runtime-day-cost] day=5800 ok=1 ms=5.116
[clock/step] delta=6.9ms speed=50x target=0.34d cap=2.63d/f cost=3.04ms ran=0 pulse=0.00ms loop=0.00ms full=0.31ms carry=0.54 barrier=
[clock/step] delta=6.7ms speed=50x target=0.33d cap=2.51d/f cost=3.18ms ran=0 pulse=0.00ms loop=0.00ms full=0.28ms carry=0.65 barrier=
[economy-open-finish] day=5900 country=0.108 workset=0.009 fiscal=0.007 csr=0.001 recovery=0.000 vectors=0.197 audit=0.126 commands=0.001
[economy-prelude-cost] day=5900 ms=0.604 pending=0
[economy-aggregate-cost] day=5900 publish_ms=0.440 native_hash_ms=0.155
[economy-ledger-cost] day=5900 copy_ms=0.070 validate_ms=0.020 hash_ms=0.073 cohorts=64 markets=42880
[economy-boundary-cost] day=5900 formulas_ms=2.695 stages_ms=2.016 mirror_ms=0.361
[runtime-day-cost] day=5900 ok=1 ms=4.030
[clock/step] delta=6.9ms speed=50x target=0.34d cap=3.22d/f cost=2.49ms ran=0 pulse=0.00ms loop=0.00ms full=0.32ms carry=0.98 barrier=
[clock/step] delta=6.9ms speed=50x target=0.34d cap=2.54d/f cost=3.14ms ran=0 pulse=0.00ms loop=0.00ms full=0.52ms carry=0.36 barrier=
[economy-open-finish] day=6000 country=0.075 workset=0.006 fiscal=0.005 csr=0.001 recovery=0.000 vectors=0.108 audit=0.060 commands=0.001
[economy-prelude-cost] day=6000 ms=0.348 pending=0
[economy-aggregate-cost] day=6000 publish_ms=0.548 native_hash_ms=0.281
[economy-ledger-cost] day=6000 copy_ms=0.132 validate_ms=0.037 hash_ms=0.110 cohorts=64 markets=42880
[economy-boundary-cost] day=6000 formulas_ms=1.963 stages_ms=1.567 mirror_ms=0.558
[runtime-day-cost] day=6000 ok=1 ms=3.921
[clock/step] delta=6.9ms speed=50x target=0.34d cap=2.57d/f cost=3.11ms ran=0 pulse=0.00ms loop=0.00ms full=0.44ms carry=0.73 barrier=
[clock/step] delta=6.9ms speed=50x target=0.34d cap=3.82d/f cost=2.01ms ran=1 pulse=0.00ms loop=1.67ms full=1.86ms carry=0.11 barrier=
[clock/step] delta=6.9ms speed=50x target=0.34d cap=3.52d/f cost=2.27ms ran=0 pulse=0.00ms loop=0.00ms full=0.61ms carry=0.48 barrier=
[economy-open-finish] day=6100 country=0.072 workset=0.006 fiscal=0.005 csr=0.001 recovery=0.000 vectors=0.105 audit=0.057 commands=0.001
[economy-prelude-cost] day=6100 ms=0.335 pending=0
[economy-aggregate-cost] day=6100 publish_ms=0.365 native_hash_ms=0.138
[economy-ledger-cost] day=6100 copy_ms=0.061 validate_ms=0.018 hash_ms=0.064 cohorts=64 markets=42880
[economy-boundary-cost] day=6100 formulas_ms=1.699 stages_ms=1.316 mirror_ms=0.316
[runtime-day-cost] day=6100 ok=1 ms=2.715
[clock/step] delta=6.9ms speed=50x target=0.34d cap=3.34d/f cost=2.40ms ran=0 pulse=0.00ms loop=0.00ms full=0.24ms carry=0.86 barrier=
[clock/step] delta=6.9ms speed=50x target=0.34d cap=2.88d/f cost=2.80ms ran=1 pulse=0.00ms loop=2.87ms full=3.19ms carry=0.24 barrier=
[economy-open-finish] day=6200 country=0.131 workset=0.008 fiscal=0.011 csr=0.001 recovery=0.000 vectors=0.216 audit=0.122 commands=0.001
[economy-prelude-cost] day=6200 ms=0.660 pending=0
[economy-aggregate-cost] day=6200 publish_ms=0.473 native_hash_ms=0.141
[economy-ledger-cost] day=6200 copy_ms=0.063 validate_ms=0.019 hash_ms=0.067 cohorts=64 markets=42880
[economy-boundary-cost] day=6200 formulas_ms=2.303 stages_ms=1.545 mirror_ms=0.332
[runtime-day-cost] day=6200 ok=1 ms=3.562
[clock/step] delta=6.9ms speed=50x target=0.34d cap=3.50d/f cost=2.29ms ran=0 pulse=0.00ms loop=0.00ms full=0.29ms carry=0.61 barrier=
[clock/step] delta=6.9ms speed=50x target=0.34d cap=3.54d/f cost=2.26ms ran=0 pulse=0.00ms loop=0.00ms full=0.37ms carry=0.99 barrier=
[clock/step] delta=6.9ms speed=50x target=0.34d cap=3.61d/f cost=2.21ms ran=0 pulse=0.00ms loop=0.00ms full=0.26ms carry=0.36 barrier=
[economy-open-finish] day=6300 country=0.073 workset=0.006 fiscal=0.005 csr=0.001 recovery=0.000 vectors=0.102 audit=0.056 commands=0.001
[economy-prelude-cost] day=6300 ms=0.330 pending=0
[economy-aggregate-cost] day=6300 publish_ms=0.390 native_hash_ms=0.293
[economy-ledger-cost] day=6300 copy_ms=0.148 validate_ms=0.036 hash_ms=0.108 cohorts=64 markets=42880
[economy-boundary-cost] day=6300 formulas_ms=2.396 stages_ms=1.988 mirror_ms=0.641
[runtime-day-cost] day=6300 ok=1 ms=5.378
[clock/step] delta=6.9ms speed=50x target=0.34d cap=2.77d/f cost=2.89ms ran=0 pulse=0.00ms loop=0.00ms full=0.37ms carry=0.74 barrier=
[clock/step] delta=6.9ms speed=50x target=0.35d cap=2.50d/f cost=3.15ms ran=1 pulse=0.00ms loop=2.92ms full=3.25ms carry=0.16 barrier=
[economy-open-finish] day=6400 country=0.124 workset=0.006 fiscal=0.005 csr=0.001 recovery=0.000 vectors=0.108 audit=0.058 commands=0.001
[economy-prelude-cost] day=6400 ms=0.410 pending=0
[economy-aggregate-cost] day=6400 publish_ms=0.374 native_hash_ms=0.135
[economy-ledger-cost] day=6400 copy_ms=0.063 validate_ms=0.018 hash_ms=0.064 cohorts=64 markets=42880
[economy-boundary-cost] day=6400 formulas_ms=1.724 stages_ms=1.224 mirror_ms=0.330
[runtime-day-cost] day=6400 ok=1 ms=2.827
[clock/step] delta=6.9ms speed=50x target=0.35d cap=3.64d/f cost=2.20ms ran=0 pulse=0.00ms loop=0.00ms full=0.28ms carry=0.82 barrier=
[clock/step] delta=6.9ms speed=50x target=0.34d cap=4.27d/f cost=2.11ms ran=1 pulse=0.00ms loop=3.03ms full=3.45ms carry=0.21 barrier=
[economy-open-finish] day=6500 country=0.145 workset=0.009 fiscal=0.012 csr=0.001 recovery=0.000 vectors=0.212 audit=0.118 commands=0.001
[economy-prelude-cost] day=6500 ms=0.677 pending=0
[economy-aggregate-cost] day=6500 publish_ms=0.507 native_hash_ms=0.147
[economy-ledger-cost] day=6500 copy_ms=0.067 validate_ms=0.019 hash_ms=0.068 cohorts=64 markets=42880
[economy-boundary-cost] day=6500 formulas_ms=2.942 stages_ms=2.168 mirror_ms=0.340
[runtime-day-cost] day=6500 ok=1 ms=4.475
[clock/step] delta=6.9ms speed=50x target=0.35d cap=3.73d/f cost=2.14ms ran=0 pulse=0.00ms loop=0.00ms full=0.45ms carry=0.75 barrier=
[clock/step] delta=6.9ms speed=50x target=0.34d cap=3.32d/f cost=2.55ms ran=1 pulse=0.00ms loop=3.12ms full=3.46ms carry=0.31 barrier=
[clock/step] delta=6.9ms speed=50x target=0.34d cap=3.26d/f cost=2.45ms ran=0 pulse=0.00ms loop=0.00ms full=0.19ms carry=0.69 barrier=
[economy-open-finish] day=6600 country=0.078 workset=0.006 fiscal=0.006 csr=0.001 recovery=0.000 vectors=0.107 audit=0.058 commands=0.001
[economy-prelude-cost] day=6600 ms=0.346 pending=0
[economy-aggregate-cost] day=6600 publish_ms=0.382 native_hash_ms=0.149
[economy-ledger-cost] day=6600 copy_ms=0.061 validate_ms=0.018 hash_ms=0.065 cohorts=64 markets=42880
[economy-boundary-cost] day=6600 formulas_ms=1.673 stages_ms=1.278 mirror_ms=0.324
[runtime-day-cost] day=6600 ok=1 ms=3.588
[clock/step] delta=6.9ms speed=50x target=0.34d cap=3.73d/f cost=2.18ms ran=1 pulse=0.00ms loop=2.30ms full=2.51ms carry=0.06 barrier=
[clock/step] delta=6.9ms speed=50x target=0.35d cap=2.56d/f cost=3.12ms ran=0 pulse=0.00ms loop=0.00ms full=0.41ms carry=0.60 barrier=
[economy-open-finish] day=6700 country=0.139 workset=0.010 fiscal=0.013 csr=0.001 recovery=0.000 vectors=0.215 audit=0.123 commands=0.001
[economy-prelude-cost] day=6700 ms=0.682 pending=0
[economy-aggregate-cost] day=6700 publish_ms=0.583 native_hash_ms=0.288
[economy-ledger-cost] day=6700 copy_ms=0.153 validate_ms=0.037 hash_ms=0.110 cohorts=64 markets=42880
[economy-boundary-cost] day=6700 formulas_ms=2.995 stages_ms=2.219 mirror_ms=0.682
[runtime-day-cost] day=6700 ok=1 ms=4.813
[clock/step] delta=6.9ms speed=50x target=0.34d cap=2.81d/f cost=2.93ms ran=1 pulse=0.00ms loop=3.27ms full=3.49ms carry=0.16 barrier=
[clock/step] delta=6.9ms speed=50x target=0.34d cap=3.56d/f cost=2.25ms ran=0 pulse=0.00ms loop=0.00ms full=0.20ms carry=0.54 barrier=
[clock/step] delta=6.9ms speed=50x target=0.34d cap=2.91d/f cost=2.75ms ran=0 pulse=0.00ms loop=0.00ms full=0.36ms carry=0.91 barrier=
[economy-open-finish] day=6800 country=0.080 workset=0.007 fiscal=0.006 csr=0.001 recovery=0.000 vectors=0.115 audit=0.060 commands=0.001
[economy-prelude-cost] day=6800 ms=0.369 pending=0
[economy-aggregate-cost] day=6800 publish_ms=0.426 native_hash_ms=0.185
[economy-ledger-cost] day=6800 copy_ms=0.071 validate_ms=0.024 hash_ms=0.097 cohorts=64 markets=42880
[economy-boundary-cost] day=6800 formulas_ms=1.846 stages_ms=1.427 mirror_ms=0.392
[runtime-day-cost] day=6800 ok=1 ms=2.870
[clock/step] delta=6.9ms speed=50x target=0.34d cap=2.51d/f cost=3.06ms ran=1 pulse=0.00ms loop=2.56ms full=2.94ms carry=0.29 barrier=
[clock/step] delta=6.9ms speed=50x target=0.34d cap=2.87d/f cost=2.79ms ran=0 pulse=0.00ms loop=0.00ms full=0.28ms carry=0.66 barrier=
[economy-open-finish] day=6900 country=0.106 workset=0.008 fiscal=0.006 csr=0.001 recovery=0.000 vectors=0.169 audit=0.112 commands=0.001
[economy-prelude-cost] day=6900 ms=0.508 pending=0
[economy-aggregate-cost] day=6900 publish_ms=0.388 native_hash_ms=0.139
[economy-ledger-cost] day=6900 copy_ms=0.066 validate_ms=0.019 hash_ms=0.066 cohorts=64 markets=42880
[economy-boundary-cost] day=6900 formulas_ms=1.909 stages_ms=1.350 mirror_ms=0.331
[runtime-day-cost] day=6900 ok=1 ms=4.239
[clock/step] delta=6.9ms speed=50x target=0.34d cap=4.49d/f cost=1.97ms ran=1 pulse=0.00ms loop=2.73ms full=2.99ms carry=0.04 barrier=
[clock/step] delta=6.9ms speed=50x target=0.34d cap=4.32d/f cost=1.85ms ran=0 pulse=0.00ms loop=0.00ms full=0.35ms carry=0.42 barrier=
[clock/step] delta=6.9ms speed=50x target=0.34d cap=2.92d/f cost=2.74ms ran=0 pulse=0.00ms loop=0.00ms full=0.27ms carry=0.79 barrier=
[economy-open-finish] day=7000 country=0.077 workset=0.006 fiscal=0.006 csr=0.001 recovery=0.000 vectors=0.111 audit=0.059 commands=0.001
[economy-prelude-cost] day=7000 ms=0.364 pending=0
[economy-aggregate-cost] day=7000 publish_ms=0.552 native_hash_ms=0.283
[economy-ledger-cost] day=7000 copy_ms=0.138 validate_ms=0.037 hash_ms=0.110 cohorts=64 markets=42880
[economy-boundary-cost] day=7000 formulas_ms=2.098 stages_ms=1.685 mirror_ms=0.642
[runtime-day-cost] day=7000 ok=1 ms=3.371
[clock/step] delta=6.9ms speed=50x target=0.34d cap=2.92d/f cost=2.93ms ran=1 pulse=0.00ms loop=3.65ms full=4.12ms carry=0.17 barrier=
[clock/step] delta=6.9ms speed=50x target=0.34d cap=3.87d/f cost=2.07ms ran=0 pulse=0.00ms loop=0.00ms full=0.42ms carry=0.54 barrier=
[economy-open-finish] day=7100 country=0.074 workset=0.006 fiscal=0.006 csr=0.001 recovery=0.000 vectors=0.104 audit=0.057 commands=0.000
[economy-prelude-cost] day=7100 ms=0.335 pending=0
[economy-aggregate-cost] day=7100 publish_ms=0.347 native_hash_ms=0.133
[economy-ledger-cost] day=7100 copy_ms=0.061 validate_ms=0.018 hash_ms=0.061 cohorts=64 markets=42880
[economy-boundary-cost] day=7100 formulas_ms=1.568 stages_ms=1.186 mirror_ms=0.312
[runtime-day-cost] day=7100 ok=1 ms=2.945
[clock/step] delta=6.9ms speed=50x target=0.34d cap=3.08d/f cost=2.59ms ran=0 pulse=0.00ms loop=0.00ms full=0.36ms carry=0.92 barrier=
[clock/step] delta=6.9ms speed=50x target=0.34d cap=2.84d/f cost=3.02ms ran=1 pulse=0.00ms loop=3.82ms full=4.14ms carry=0.30 barrier=
[economy-open-finish] day=7200 country=0.157 workset=0.009 fiscal=0.011 csr=0.001 recovery=0.000 vectors=0.218 audit=0.120 commands=0.001
[economy-prelude-cost] day=7200 ms=0.698 pending=0
[economy-aggregate-cost] day=7200 publish_ms=0.552 native_hash_ms=0.221
[economy-ledger-cost] day=7200 copy_ms=0.145 validate_ms=0.037 hash_ms=0.111 cohorts=64 markets=42880
[economy-boundary-cost] day=7200 formulas_ms=2.986 stages_ms=2.195 mirror_ms=0.662
[runtime-day-cost] day=7200 ok=1 ms=5.908
[clock/step] delta=6.9ms speed=50x target=0.34d cap=2.74d/f cost=2.92ms ran=0 pulse=0.00ms loop=0.00ms full=0.44ms carry=0.67 barrier=
[clock/step] delta=6.9ms speed=50x target=0.34d cap=3.86d/f cost=1.98ms ran=1 pulse=0.00ms loop=1.63ms full=1.80ms carry=0.05 barrier=
[clock/step] delta=6.9ms speed=50x target=0.34d cap=3.16d/f cost=2.53ms ran=0 pulse=0.00ms loop=0.00ms full=0.47ms carry=0.42 barrier=
[economy-open-finish] day=7300 country=0.076 workset=0.007 fiscal=0.006 csr=0.001 recovery=0.000 vectors=0.106 audit=0.058 commands=0.001
[economy-prelude-cost] day=7300 ms=0.346 pending=0
[economy-aggregate-cost] day=7300 publish_ms=0.332 native_hash_ms=0.141
[economy-ledger-cost] day=7300 copy_ms=0.069 validate_ms=0.018 hash_ms=0.066 cohorts=64 markets=42880
[economy-boundary-cost] day=7300 formulas_ms=1.667 stages_ms=1.272 mirror_ms=0.330
[runtime-day-cost] day=7300 ok=1 ms=2.681
[clock/step] delta=6.9ms speed=50x target=0.34d cap=2.94d/f cost=2.72ms ran=0 pulse=0.00ms loop=0.00ms full=0.28ms carry=0.80 barrier=
[clock/step] delta=6.9ms speed=50x target=0.34d cap=3.19d/f cost=2.36ms ran=1 pulse=0.00ms loop=1.75ms full=1.93ms carry=0.18 barrier=
[economy-open-finish] day=7400 country=0.136 workset=0.009 fiscal=0.010 csr=0.001 recovery=0.000 vectors=0.224 audit=0.125 commands=0.001
[economy-prelude-cost] day=7400 ms=0.684 pending=0
[economy-aggregate-cost] day=7400 publish_ms=0.493 native_hash_ms=0.288
[economy-ledger-cost] day=7400 copy_ms=0.183 validate_ms=0.038 hash_ms=0.114 cohorts=64 markets=42880
[economy-boundary-cost] day=7400 formulas_ms=3.184 stages_ms=2.407 mirror_ms=0.703
[runtime-day-cost] day=7400 ok=1 ms=4.860
[clock/step] delta=6.9ms speed=50x target=0.35d cap=3.58d/f cost=2.23ms ran=0 pulse=0.00ms loop=0.00ms full=0.42ms carry=0.70 barrier=
[clock/step] delta=6.9ms speed=50x target=0.34d cap=2.69d/f cost=3.09ms ran=1 pulse=0.00ms loop=3.55ms full=3.98ms carry=0.27 barrier=
[clock/step] delta=6.9ms speed=50x target=0.34d cap=2.46d/f cost=3.25ms ran=0 pulse=0.00ms loop=0.00ms full=0.38ms carry=0.65 barrier=
[economy-open-finish] day=7500 country=0.138 workset=0.009 fiscal=0.010 csr=0.001 recovery=0.000 vectors=0.226 audit=0.124 commands=0.001
[economy-prelude-cost] day=7500 ms=0.688 pending=0
[economy-aggregate-cost] day=7500 publish_ms=0.612 native_hash_ms=0.302
[economy-ledger-cost] day=7500 copy_ms=0.156 validate_ms=0.037 hash_ms=0.112 cohorts=64 markets=42880
[economy-boundary-cost] day=7500 formulas_ms=3.183 stages_ms=2.397 mirror_ms=0.665
[runtime-day-cost] day=7500 ok=1 ms=6.255
[clock/step] delta=6.9ms speed=50x target=0.34d cap=2.74d/f cost=2.98ms ran=1 pulse=0.00ms loop=3.24ms full=3.57ms carry=0.02 barrier=
[clock/step] delta=6.9ms speed=50x target=0.34d cap=2.90d/f cost=2.76ms ran=0 pulse=0.00ms loop=0.00ms full=0.28ms carry=0.40 barrier=
[economy-open-finish] day=7600 country=0.079 workset=0.006 fiscal=0.005 csr=0.001 recovery=0.000 vectors=0.116 audit=0.062 commands=0.001
[economy-prelude-cost] day=7600 ms=0.363 pending=0
[economy-aggregate-cost] day=7600 publish_ms=0.328 native_hash_ms=0.140
[economy-ledger-cost] day=7600 copy_ms=0.066 validate_ms=0.019 hash_ms=0.065 cohorts=64 markets=42880
[economy-boundary-cost] day=7600 formulas_ms=1.675 stages_ms=1.262 mirror_ms=0.328
[runtime-day-cost] day=7600 ok=1 ms=2.631
[clock/step] delta=6.9ms speed=50x target=0.34d cap=3.91d/f cost=2.04ms ran=0 pulse=0.00ms loop=0.00ms full=0.19ms carry=0.78 barrier=
[clock/step] delta=6.9ms speed=50x target=0.34d cap=2.26d/f cost=3.45ms ran=1 pulse=0.00ms loop=3.12ms full=3.46ms carry=0.15 barrier=
[economy-open-finish] day=7700 country=0.127 workset=0.008 fiscal=0.012 csr=0.001 recovery=0.000 vectors=0.212 audit=0.117 commands=0.001
[economy-prelude-cost] day=7700 ms=0.641 pending=0
[economy-aggregate-cost] day=7700 publish_ms=0.468 native_hash_ms=0.149
[economy-ledger-cost] day=7700 copy_ms=0.072 validate_ms=0.022 hash_ms=0.072 cohorts=64 markets=42880
[economy-boundary-cost] day=7700 formulas_ms=2.738 stages_ms=2.008 mirror_ms=0.351
[runtime-day-cost] day=7700 ok=1 ms=4.172
[clock/step] delta=6.9ms speed=50x target=0.34d cap=2.28d/f cost=3.50ms ran=0 pulse=0.00ms loop=0.00ms full=0.20ms carry=0.53 barrier=
[clock/step] delta=6.9ms speed=50x target=0.34d cap=2.88d/f cost=2.78ms ran=0 pulse=0.00ms loop=0.00ms full=0.20ms carry=0.90 barrier=
[clock/step] delta=6.9ms speed=50x target=0.34d cap=3.68d/f cost=2.20ms ran=1 pulse=0.00ms loop=2.26ms full=2.49ms carry=0.28 barrier=
[economy-open-finish] day=7800 country=0.073 workset=0.006 fiscal=0.005 csr=0.001 recovery=0.000 vectors=0.175 audit=0.115 commands=0.001
[economy-prelude-cost] day=7800 ms=0.499 pending=0
[economy-aggregate-cost] day=7800 publish_ms=0.401 native_hash_ms=0.144
[economy-ledger-cost] day=7800 copy_ms=0.067 validate_ms=0.018 hash_ms=0.067 cohorts=64 markets=42880
[economy-boundary-cost] day=7800 formulas_ms=1.935 stages_ms=1.387 mirror_ms=0.325
[runtime-day-cost] day=7800 ok=1 ms=3.526
[clock/step] delta=6.9ms speed=50x target=0.34d cap=2.61d/f cost=3.07ms ran=0 pulse=0.00ms loop=0.00ms full=0.50ms carry=0.66 barrier=
[clock/step] delta=6.9ms speed=50x target=0.34d cap=3.07d/f cost=2.67ms ran=1 pulse=0.00ms loop=2.93ms full=3.23ms carry=0.03 barrier=
[economy-open-finish] day=7900 country=0.074 workset=0.006 fiscal=0.006 csr=0.001 recovery=0.000 vectors=0.104 audit=0.057 commands=0.000
[economy-prelude-cost] day=7900 ms=0.340 pending=0
[economy-aggregate-cost] day=7900 publish_ms=0.303 native_hash_ms=0.139
[economy-ledger-cost] day=7900 copy_ms=0.064 validate_ms=0.018 hash_ms=0.067 cohorts=64 markets=42880
[economy-boundary-cost] day=7900 formulas_ms=1.627 stages_ms=1.241 mirror_ms=0.324
[runtime-day-cost] day=7900 ok=1 ms=2.742
[clock/step] delta=6.9ms speed=50x target=0.34d cap=3.45d/f cost=2.32ms ran=0 pulse=0.00ms loop=0.00ms full=0.44ms carry=0.41 barrier=
[clock/step] delta=6.9ms speed=50x target=0.34d cap=3.85d/f cost=2.08ms ran=0 pulse=0.00ms loop=0.00ms full=0.19ms carry=0.78 barrier=
[clock/step] delta=6.9ms speed=50x target=0.34d cap=2.54d/f cost=3.06ms ran=1 pulse=0.00ms loop=2.69ms full=2.99ms carry=0.16 barrier=
[economy-open-finish] day=8000 country=0.088 workset=0.007 fiscal=0.006 csr=0.001 recovery=0.000 vectors=0.153 audit=0.062 commands=0.001
[economy-prelude-cost] day=8000 ms=0.419 pending=0
[economy-aggregate-cost] day=8000 publish_ms=0.578 native_hash_ms=0.157
[economy-ledger-cost] day=8000 copy_ms=0.084 validate_ms=0.020 hash_ms=0.079 cohorts=64 markets=42880
[economy-boundary-cost] day=8000 formulas_ms=2.199 stages_ms=1.722 mirror_ms=0.390
[runtime-day-cost] day=8000 ok=1 ms=3.288
[clock/step] delta=6.9ms speed=50x target=0.35d cap=2.32d/f cost=3.44ms ran=0 pulse=0.00ms loop=0.00ms full=0.24ms carry=0.68 barrier=
[clock/step] delta=6.9ms speed=50x target=0.34d cap=3.25d/f cost=2.34ms ran=1 pulse=0.00ms loop=1.88ms full=2.05ms carry=0.26 barrier=
[economy-open-finish] day=8100 country=0.072 workset=0.006 fiscal=0.005 csr=0.001 recovery=0.000 vectors=0.100 audit=0.055 commands=0.001
[economy-prelude-cost] day=8100 ms=0.327 pending=0
[economy-aggregate-cost] day=8100 publish_ms=0.383 native_hash_ms=0.136
[economy-ledger-cost] day=8100 copy_ms=0.062 validate_ms=0.018 hash_ms=0.063 cohorts=64 markets=42880
[economy-boundary-cost] day=8100 formulas_ms=1.644 stages_ms=1.270 mirror_ms=0.319
[runtime-day-cost] day=8100 ok=1 ms=3.229
[clock/step] delta=6.9ms speed=50x target=0.34d cap=3.92d/f cost=2.04ms ran=0 pulse=0.00ms loop=0.00ms full=0.53ms carry=0.63 barrier=
[clock/step] delta=6.9ms speed=50x target=0.34d cap=2.65d/f cost=2.92ms ran=1 pulse=0.00ms loop=2.52ms full=2.76ms carry=0.01 barrier=
[clock/step] delta=6.9ms speed=50x target=0.34d cap=3.57d/f cost=2.24ms ran=0 pulse=0.00ms loop=0.00ms full=0.48ms carry=0.38 barrier=
[economy-open-finish] day=8200 country=0.131 workset=0.008 fiscal=0.011 csr=0.001 recovery=0.000 vectors=0.250 audit=0.121 commands=0.001
[economy-prelude-cost] day=8200 ms=0.688 pending=0
[economy-aggregate-cost] day=8200 publish_ms=0.450 native_hash_ms=0.145
[economy-ledger-cost] day=8200 copy_ms=0.071 validate_ms=0.021 hash_ms=0.069 cohorts=64 markets=42880
[economy-boundary-cost] day=8200 formulas_ms=2.972 stages_ms=2.191 mirror_ms=0.350
[runtime-day-cost] day=8200 ok=1 ms=4.468
[clock/step] delta=6.9ms speed=50x target=0.35d cap=3.60d/f cost=2.22ms ran=0 pulse=0.00ms loop=0.00ms full=0.22ms carry=0.52 barrier=
[clock/step] delta=6.9ms speed=50x target=0.35d cap=2.78d/f cost=2.94ms ran=1 pulse=0.00ms loop=3.19ms full=3.53ms carry=0.18 barrier=
[economy-open-finish] day=8300 country=0.075 workset=0.006 fiscal=0.005 csr=0.001 recovery=0.000 vectors=0.109 audit=0.058 commands=0.001
[economy-prelude-cost] day=8300 ms=0.344 pending=0
[economy-aggregate-cost] day=8300 publish_ms=0.423 native_hash_ms=0.142
[economy-ledger-cost] day=8300 copy_ms=0.065 validate_ms=0.018 hash_ms=0.065 cohorts=64 markets=42880
[economy-boundary-cost] day=8300 formulas_ms=1.811 stages_ms=1.419 mirror_ms=0.326
[runtime-day-cost] day=8300 ok=1 ms=2.844
[clock/step] delta=6.9ms speed=50x target=0.34d cap=2.56d/f cost=3.13ms ran=0 pulse=0.00ms loop=0.00ms full=0.42ms carry=0.56 barrier=
[clock/step] delta=6.9ms speed=50x target=0.34d cap=3.37d/f cost=2.38ms ran=0 pulse=0.00ms loop=0.00ms full=0.26ms carry=0.94 barrier=
[economy-open-finish] day=8400 country=0.076 workset=0.006 fiscal=0.005 csr=0.001 recovery=0.000 vectors=0.108 audit=0.059 commands=0.001
[economy-prelude-cost] day=8400 ms=0.350 pending=0
[economy-aggregate-cost] day=8400 publish_ms=0.458 native_hash_ms=0.153
[economy-ledger-cost] day=8400 copy_ms=0.070 validate_ms=0.021 hash_ms=0.087 cohorts=64 markets=42880
[economy-boundary-cost] day=8400 formulas_ms=2.527 stages_ms=2.127 mirror_ms=0.363
[runtime-day-cost] day=8400 ok=1 ms=4.139
[clock/step] delta=6.9ms speed=50x target=0.35d cap=3.18d/f cost=2.52ms ran=0 pulse=0.00ms loop=0.00ms full=0.42ms carry=0.40 barrier=
[clock/step] delta=6.9ms speed=50x target=0.34d cap=4.16d/f cost=2.05ms ran=1 pulse=0.00ms loop=2.54ms full=2.73ms carry=0.03 barrier=
[clock/step] delta=6.9ms speed=50x target=0.35d cap=2.20d/f cost=3.64ms ran=0 pulse=0.00ms loop=0.00ms full=0.38ms carry=0.45 barrier=
[economy-open-finish] day=8500 country=0.133 workset=0.008 fiscal=0.011 csr=0.001 recovery=0.000 vectors=0.220 audit=0.123 commands=0.001
[economy-prelude-cost] day=8500 ms=0.663 pending=0
[economy-aggregate-cost] day=8500 publish_ms=0.622 native_hash_ms=0.296
[economy-ledger-cost] day=8500 copy_ms=0.154 validate_ms=0.038 hash_ms=0.114 cohorts=64 markets=42880
[economy-boundary-cost] day=8500 formulas_ms=3.174 stages_ms=2.420 mirror_ms=0.679
[runtime-day-cost] day=8500 ok=1 ms=4.966
[clock/step] delta=6.9ms speed=50x target=0.35d cap=2.42d/f cost=3.29ms ran=1 pulse=0.00ms loop=3.20ms full=3.58ms carry=0.11 barrier=
[clock/step] delta=6.9ms speed=50x target=0.34d cap=3.31d/f cost=2.42ms ran=0 pulse=0.00ms loop=0.00ms full=0.61ms carry=0.51 barrier=
[economy-open-finish] day=8600 country=0.124 workset=0.011 fiscal=0.012 csr=0.001 recovery=0.000 vectors=0.301 audit=0.120 commands=0.001
[economy-prelude-cost] day=8600 ms=0.707 pending=0
[economy-aggregate-cost] day=8600 publish_ms=0.716 native_hash_ms=0.277
[economy-ledger-cost] day=8600 copy_ms=0.133 validate_ms=0.036 hash_ms=0.108 cohorts=64 markets=42880
[economy-boundary-cost] day=8600 formulas_ms=3.401 stages_ms=2.562 mirror_ms=0.633
[runtime-day-cost] day=8600 ok=1 ms=5.124
[clock/step] delta=6.9ms speed=50x target=0.34d cap=3.43d/f cost=2.33ms ran=0 pulse=0.00ms loop=0.00ms full=0.27ms carry=0.88 barrier=
[clock/step] delta=6.9ms speed=50x target=0.34d cap=3.10d/f cost=2.72ms ran=1 pulse=0.00ms loop=3.27ms full=3.65ms carry=0.26 barrier=
[clock/step] delta=6.9ms speed=50x target=0.34d cap=2.92d/f cost=2.74ms ran=0 pulse=0.00ms loop=0.00ms full=0.43ms carry=0.63 barrier=
[economy-open-finish] day=8700 country=0.156 workset=0.009 fiscal=0.011 csr=0.001 recovery=0.000 vectors=0.246 audit=0.122 commands=0.001
[economy-prelude-cost] day=8700 ms=0.712 pending=0
[economy-aggregate-cost] day=8700 publish_ms=0.496 native_hash_ms=0.280
[economy-ledger-cost] day=8700 copy_ms=0.139 validate_ms=0.036 hash_ms=0.110 cohorts=64 markets=42880
[economy-boundary-cost] day=8700 formulas_ms=2.898 stages_ms=2.112 mirror_ms=0.643
[runtime-day-cost] day=8700 ok=1 ms=5.182
[clock/step] delta=6.9ms speed=50x target=0.34d cap=2.66d/f cost=2.99ms ran=1 pulse=0.00ms loop=2.90ms full=3.27ms carry=0.01 barrier=
[clock/step] delta=6.9ms speed=50x target=0.35d cap=3.63d/f cost=2.20ms ran=0 pulse=0.00ms loop=0.00ms full=0.23ms carry=0.53 barrier=
[economy-open-finish] day=8800 country=0.118 workset=0.011 fiscal=0.005 csr=0.001 recovery=0.000 vectors=0.172 audit=0.114 commands=0.001
[economy-prelude-cost] day=8800 ms=0.537 pending=0
[economy-aggregate-cost] day=8800 publish_ms=0.562 native_hash_ms=0.177
[economy-ledger-cost] day=8800 copy_ms=0.081 validate_ms=0.022 hash_ms=0.084 cohorts=64 markets=42880
[economy-boundary-cost] day=8800 formulas_ms=2.657 stages_ms=2.042 mirror_ms=0.383
[runtime-day-cost] day=8800 ok=1 ms=4.060
[clock/step] delta=6.9ms speed=50x target=0.34d cap=3.64d/f cost=2.12ms ran=1 pulse=0.00ms loop=1.79ms full=1.99ms carry=0.11 barrier=
[clock/step] delta=6.9ms speed=50x target=0.34d cap=2.89d/f cost=2.77ms ran=0 pulse=0.00ms loop=0.00ms full=0.42ms carry=0.48 barrier=
[economy-open-finish] day=8900 country=0.080 workset=0.007 fiscal=0.005 csr=0.001 recovery=0.000 vectors=0.110 audit=0.061 commands=0.001
[economy-prelude-cost] day=8900 ms=0.390 pending=0
[economy-aggregate-cost] day=8900 publish_ms=0.542 native_hash_ms=0.172
[economy-ledger-cost] day=8900 copy_ms=0.079 validate_ms=0.025 hash_ms=0.086 cohorts=64 markets=42880
[economy-boundary-cost] day=8900 formulas_ms=2.078 stages_ms=1.582 mirror_ms=0.390
[runtime-day-cost] day=8900 ok=1 ms=3.468
[clock/step] delta=6.9ms speed=50x target=0.34d cap=2.77d/f cost=2.89ms ran=0 pulse=0.00ms loop=0.00ms full=0.38ms carry=0.86 barrier=
[clock/step] delta=6.9ms speed=50x target=0.34d cap=2.89d/f cost=2.70ms ran=1 pulse=0.00ms loop=2.42ms full=2.62ms carry=0.23 barrier=
[clock/step] delta=6.9ms speed=50x target=0.34d cap=3.11d/f cost=2.57ms ran=0 pulse=0.00ms loop=0.00ms full=0.67ms carry=0.61 barrier=
[economy-open-finish] day=9000 country=0.082 workset=0.006 fiscal=0.006 csr=0.001 recovery=0.000 vectors=0.113 audit=0.061 commands=0.001
[economy-prelude-cost] day=9000 ms=0.367 pending=0
[economy-aggregate-cost] day=9000 publish_ms=0.526 native_hash_ms=0.153
[economy-ledger-cost] day=9000 copy_ms=0.073 validate_ms=0.019 hash_ms=0.067 cohorts=64 markets=42880
[economy-boundary-cost] day=9000 formulas_ms=1.970 stages_ms=1.553 mirror_ms=0.348
[runtime-day-cost] day=9000 ok=1 ms=4.366
[clock/step] delta=6.9ms speed=50x target=0.34d cap=2.71d/f cost=2.95ms ran=0 pulse=0.00ms loop=0.00ms full=0.25ms carry=0.99 barrier=
[clock/step] delta=6.9ms speed=50x target=0.34d cap=2.44d/f cost=3.28ms ran=0 pulse=0.00ms loop=0.00ms full=0.37ms carry=0.36 barrier=
[economy-open-finish] day=9100 country=0.076 workset=0.006 fiscal=0.005 csr=0.001 recovery=0.000 vectors=0.105 audit=0.058 commands=0.000
[economy-prelude-cost] day=9100 ms=0.346 pending=0
[economy-aggregate-cost] day=9100 publish_ms=0.532 native_hash_ms=0.169
[economy-ledger-cost] day=9100 copy_ms=0.070 validate_ms=0.018 hash_ms=0.067 cohorts=64 markets=42880
[economy-boundary-cost] day=9100 formulas_ms=1.941 stages_ms=1.535 mirror_ms=0.335
[runtime-day-cost] day=9100 ok=1 ms=3.143
[clock/step] delta=6.9ms speed=50x target=0.34d cap=3.10d/f cost=2.58ms ran=0 pulse=0.00ms loop=0.00ms full=0.25ms carry=0.74 barrier=
[clock/step] delta=6.9ms speed=50x target=0.35d cap=3.59d/f cost=2.39ms ran=1 pulse=0.00ms loop=3.02ms full=3.37ms carry=0.31 barrier=
[clock/step] delta=6.9ms speed=50x target=0.34d cap=2.71d/f cost=2.95ms ran=0 pulse=0.00ms loop=0.00ms full=0.40ms carry=0.83 barrier=
[economy-open-finish] day=9200 country=0.123 workset=0.008 fiscal=0.009 csr=0.001 recovery=0.000 vectors=0.211 audit=0.120 commands=0.001
[economy-prelude-cost] day=9200 ms=0.653 pending=0
[economy-aggregate-cost] day=9200 publish_ms=0.459 native_hash_ms=0.144
[economy-ledger-cost] day=9200 copy_ms=0.066 validate_ms=0.019 hash_ms=0.067 cohorts=64 markets=42880
[economy-boundary-cost] day=9200 formulas_ms=2.808 stages_ms=2.071 mirror_ms=0.338
[runtime-day-cost] day=9200 ok=1 ms=4.009
[clock/step] delta=6.9ms speed=50x target=0.34d cap=2.91d/f cost=2.84ms ran=1 pulse=0.00ms loop=3.23ms full=3.63ms carry=0.21 barrier=
[clock/step] delta=6.9ms speed=50x target=0.34d cap=4.16d/f cost=1.92ms ran=0 pulse=0.00ms loop=0.00ms full=0.37ms carry=0.59 barrier=
[economy-open-finish] day=9300 country=0.073 workset=0.006 fiscal=0.005 csr=0.001 recovery=0.000 vectors=0.102 audit=0.056 commands=0.001
[economy-prelude-cost] day=9300 ms=0.334 pending=0
[economy-aggregate-cost] day=9300 publish_ms=0.340 native_hash_ms=0.136
[economy-ledger-cost] day=9300 copy_ms=0.062 validate_ms=0.018 hash_ms=0.063 cohorts=64 markets=42880
[economy-boundary-cost] day=9300 formulas_ms=1.670 stages_ms=1.286 mirror_ms=0.316
[runtime-day-cost] day=9300 ok=1 ms=3.734
[clock/step] delta=6.9ms speed=50x target=0.34d cap=3.83d/f cost=2.09ms ran=0 pulse=0.00ms loop=0.00ms full=0.45ms carry=0.96 barrier=
[clock/step] delta=6.9ms speed=50x target=0.34d cap=2.42d/f cost=3.16ms ran=1 pulse=0.00ms loop=2.59ms full=2.97ms carry=0.34 barrier=
[economy-open-finish] day=9400 country=0.130 workset=0.008 fiscal=0.009 csr=0.001 recovery=0.000 vectors=0.214 audit=0.120 commands=0.001
[economy-prelude-cost] day=9400 ms=0.646 pending=0
[economy-aggregate-cost] day=9400 publish_ms=0.540 native_hash_ms=0.276
[economy-ledger-cost] day=9400 copy_ms=0.140 validate_ms=0.037 hash_ms=0.110 cohorts=64 markets=42880
[economy-boundary-cost] day=9400 formulas_ms=3.062 stages_ms=2.329 mirror_ms=0.639
[runtime-day-cost] day=9400 ok=1 ms=4.637
[clock/step] delta=6.9ms speed=50x target=0.34d cap=2.34d/f cost=3.43ms ran=0 pulse=0.00ms loop=0.00ms full=0.37ms carry=0.71 barrier=
[clock/step] delta=6.9ms speed=50x target=0.34d cap=3.37d/f cost=2.40ms ran=1 pulse=0.00ms loop=2.54ms full=2.83ms carry=0.09 barrier=
[clock/step] delta=6.9ms speed=50x target=0.34d cap=3.98d/f cost=2.01ms ran=0 pulse=0.00ms loop=0.00ms full=0.30ms carry=0.47 barrier=
[economy-open-finish] day=9500 country=0.082 workset=0.007 fiscal=0.006 csr=0.001 recovery=0.000 vectors=0.134 audit=0.065 commands=0.001
[economy-prelude-cost] day=9500 ms=0.401 pending=0
[economy-aggregate-cost] day=9500 publish_ms=0.439 native_hash_ms=0.343
[economy-ledger-cost] day=9500 copy_ms=0.212 validate_ms=0.037 hash_ms=0.106 cohorts=64 markets=42880
[economy-boundary-cost] day=9500 formulas_ms=2.425 stages_ms=1.971 mirror_ms=0.715
[runtime-day-cost] day=9500 ok=1 ms=3.938
[clock/step] delta=6.9ms speed=50x target=0.34d cap=2.53d/f cost=3.16ms ran=0 pulse=0.00ms loop=0.00ms full=0.43ms carry=0.55 barrier=
[clock/step] delta=6.9ms speed=50x target=0.35d cap=2.64d/f cost=2.79ms ran=1 pulse=0.00ms loop=1.83ms full=2.03ms carry=0.20 barrier=
[economy-open-finish] day=9600 country=0.103 workset=0.008 fiscal=0.007 csr=0.001 recovery=0.000 vectors=0.179 audit=0.063 commands=0.001
[economy-prelude-cost] day=9600 ms=0.487 pending=0
[economy-aggregate-cost] day=9600 publish_ms=0.470 native_hash_ms=0.281
[economy-ledger-cost] day=9600 copy_ms=0.087 validate_ms=0.021 hash_ms=0.083 cohorts=64 markets=42880
[economy-boundary-cost] day=9600 formulas_ms=2.290 stages_ms=1.740 mirror_ms=0.370
[runtime-day-cost] day=9600 ok=1 ms=4.177
[clock/step] delta=6.9ms speed=50x target=0.34d cap=3.88d/f cost=2.06ms ran=0 pulse=0.00ms loop=0.00ms full=0.33ms carry=0.64 barrier=
[clock/step] delta=6.9ms speed=50x target=0.34d cap=4.44d/f cost=1.79ms ran=1 pulse=0.00ms loop=1.74ms full=1.93ms carry=0.02 barrier=
[clock/step] delta=6.9ms speed=50x target=0.34d cap=2.87d/f cost=2.79ms ran=0 pulse=0.00ms loop=0.00ms full=0.31ms carry=0.39 barrier=
[economy-open-finish] day=9700 country=0.076 workset=0.006 fiscal=0.006 csr=0.001 recovery=0.000 vectors=0.108 audit=0.060 commands=0.001
[economy-prelude-cost] day=9700 ms=0.353 pending=0
[economy-aggregate-cost] day=9700 publish_ms=0.504 native_hash_ms=0.152
[economy-ledger-cost] day=9700 copy_ms=0.074 validate_ms=0.019 hash_ms=0.072 cohorts=64 markets=42880
[economy-boundary-cost] day=9700 formulas_ms=2.289 stages_ms=1.887 mirror_ms=0.352
[runtime-day-cost] day=9700 ok=1 ms=3.378
[clock/step] delta=6.9ms speed=50x target=0.35d cap=3.44d/f cost=2.33ms ran=0 pulse=0.00ms loop=0.00ms full=0.30ms carry=0.92 barrier=
[clock/step] delta=6.9ms speed=50x target=0.34d cap=3.45d/f cost=2.32ms ran=0 pulse=0.00ms loop=0.00ms full=0.28ms carry=0.49 barrier=
[economy-open-finish] day=9800 country=0.108 workset=0.007 fiscal=0.005 csr=0.001 recovery=0.000 vectors=0.161 audit=0.104 commands=0.001
[economy-prelude-cost] day=9800 ms=0.503 pending=0
[economy-aggregate-cost] day=9800 publish_ms=0.552 native_hash_ms=0.140
[economy-ledger-cost] day=9800 copy_ms=0.068 validate_ms=0.018 hash_ms=0.064 cohorts=64 markets=42880
[economy-boundary-cost] day=9800 formulas_ms=2.261 stages_ms=1.688 mirror_ms=0.341
[runtime-day-cost] day=9800 ok=1 ms=3.578
[clock/step] delta=6.9ms speed=50x target=0.34d cap=4.27d/f cost=1.87ms ran=0 pulse=0.00ms loop=0.00ms full=0.18ms carry=0.87 barrier=
[clock/step] delta=6.9ms speed=50x target=0.34d cap=1.81d/f cost=4.29ms ran=1 pulse=0.00ms loop=3.78ms full=4.37ms carry=0.24 barrier=
[clock/step] delta=6.9ms speed=50x target=0.34d cap=3.20d/f cost=2.50ms ran=0 pulse=0.00ms loop=0.00ms full=0.52ms carry=0.62 barrier=
[economy-open-finish] day=9900 country=0.124 workset=0.008 fiscal=0.011 csr=0.001 recovery=0.000 vectors=0.207 audit=0.117 commands=0.001
[economy-prelude-cost] day=9900 ms=0.632 pending=0
[economy-aggregate-cost] day=9900 publish_ms=0.498 native_hash_ms=0.264
[economy-ledger-cost] day=9900 copy_ms=0.126 validate_ms=0.036 hash_ms=0.108 cohorts=64 markets=42880
[economy-boundary-cost] day=9900 formulas_ms=2.939 stages_ms=2.223 mirror_ms=0.611
[runtime-day-cost] day=9900 ok=1 ms=5.300
[clock/step] delta=6.9ms speed=50x target=0.34d cap=4.25d/f cost=1.88ms ran=0 pulse=0.00ms loop=0.00ms full=0.31ms carry=1.00 barrier=
[clock/step] delta=6.9ms speed=50x target=0.34d cap=3.87d/f cost=2.07ms ran=0 pulse=0.00ms loop=0.00ms full=0.19ms carry=0.37 barrier=
[economy-open-finish] day=10000 country=0.074 workset=0.006 fiscal=0.006 csr=0.001 recovery=0.000 vectors=0.109 audit=0.124 commands=0.001
[economy-prelude-cost] day=10000 ms=0.418 pending=0
[economy-aggregate-cost] day=10000 publish_ms=0.353 native_hash_ms=0.135
[economy-ledger-cost] day=10000 copy_ms=0.065 validate_ms=0.025 hash_ms=0.083 cohorts=64 markets=42880
[economy-boundary-cost] day=10000 formulas_ms=2.176 stages_ms=1.708 mirror_ms=0.357
[runtime-day-cost] day=10000 ok=1 ms=3.130
[clock/step] delta=6.9ms speed=50x target=0.34d cap=2.78d/f cost=2.88ms ran=0 pulse=0.00ms loop=0.00ms full=0.30ms carry=0.75 barrier=
[clock/step] delta=6.9ms speed=50x target=0.35d cap=3.27d/f cost=2.44ms ran=0 pulse=0.00ms loop=0.00ms full=0.29ms carry=0.41 barrier=
[economy-open-finish] day=10100 country=0.099 workset=0.008 fiscal=0.006 csr=0.001 recovery=0.000 vectors=0.162 audit=0.104 commands=0.001
[economy-prelude-cost] day=10100 ms=0.499 pending=0
[economy-aggregate-cost] day=10100 publish_ms=0.398 native_hash_ms=0.142
[economy-ledger-cost] day=10100 copy_ms=0.070 validate_ms=0.021 hash_ms=0.074 cohorts=64 markets=42880
[economy-boundary-cost] day=10100 formulas_ms=2.183 stages_ms=1.618 mirror_ms=0.357
[runtime-day-cost] day=10100 ok=1 ms=3.530
[clock/step] delta=6.9ms speed=50x target=0.34d cap=3.74d/f cost=2.14ms ran=0 pulse=0.00ms loop=0.00ms full=0.31ms carry=0.84 barrier=
[clock/step] delta=6.9ms speed=50x target=0.34d cap=4.40d/f cost=1.79ms ran=1 pulse=0.00ms loop=1.66ms full=1.85ms carry=0.22 barrier=
[clock/step] delta=6.9ms speed=50x target=0.34d cap=2.68d/f cost=2.99ms ran=0 pulse=0.00ms loop=0.00ms full=0.45ms carry=0.60 barrier=
[economy-open-finish] day=10200 country=0.132 workset=0.009 fiscal=0.013 csr=0.001 recovery=0.000 vectors=0.210 audit=0.118 commands=0.001
[economy-prelude-cost] day=10200 ms=0.668 pending=0
[economy-aggregate-cost] day=10200 publish_ms=0.484 native_hash_ms=0.145
[economy-ledger-cost] day=10200 copy_ms=0.068 validate_ms=0.018 hash_ms=0.066 cohorts=64 markets=42880
[economy-boundary-cost] day=10200 formulas_ms=2.774 stages_ms=2.016 mirror_ms=0.334
[runtime-day-cost] day=10200 ok=1 ms=5.273
[clock/step] delta=6.9ms speed=50x target=0.34d cap=2.74d/f cost=2.92ms ran=0 pulse=0.00ms loop=0.00ms full=0.38ms carry=0.97 barrier=
[clock/step] delta=6.9ms speed=50x target=0.34d cap=3.32d/f cost=2.41ms ran=0 pulse=0.00ms loop=0.00ms full=0.19ms carry=0.35 barrier=
[economy-open-finish] day=10300 country=0.103 workset=0.005 fiscal=0.005 csr=0.001 recovery=0.000 vectors=0.118 audit=0.058 commands=0.001
[economy-prelude-cost] day=10300 ms=0.404 pending=0
[economy-aggregate-cost] day=10300 publish_ms=0.546 native_hash_ms=0.170
[economy-ledger-cost] day=10300 copy_ms=0.066 validate_ms=0.018 hash_ms=0.063 cohorts=64 markets=42880
[economy-boundary-cost] day=10300 formulas_ms=2.069 stages_ms=1.617 mirror_ms=0.462
[runtime-day-cost] day=10300 ok=1 ms=3.344
[clock/step] delta=6.9ms speed=50x target=0.34d cap=3.05d/f cost=2.62ms ran=0 pulse=0.00ms loop=0.00ms full=0.31ms carry=0.72 barrier=
[clock/step] delta=6.9ms speed=50x target=0.34d cap=2.88d/f cost=3.02ms ran=1 pulse=0.00ms loop=3.98ms full=4.51ms carry=0.10 barrier=
[clock/step] delta=6.9ms speed=50x target=0.34d cap=3.57d/f cost=2.24ms ran=0 pulse=0.00ms loop=0.00ms full=0.26ms carry=0.48 barrier=
[economy-open-finish] day=10400 country=0.142 workset=0.009 fiscal=0.012 csr=0.001 recovery=0.000 vectors=0.212 audit=0.136 commands=0.002
[economy-prelude-cost] day=10400 ms=0.793 pending=0
[economy-aggregate-cost] day=10400 publish_ms=0.566 native_hash_ms=0.276
[economy-ledger-cost] day=10400 copy_ms=0.130 validate_ms=0.035 hash_ms=0.105 cohorts=64 markets=42880
[economy-boundary-cost] day=10400 formulas_ms=3.822 stages_ms=2.819 mirror_ms=0.615
[runtime-day-cost] day=10400 ok=1 ms=5.337
[clock/step] delta=6.9ms speed=50x target=0.34d cap=3.83d/f cost=2.09ms ran=0 pulse=0.00ms loop=0.00ms full=0.23ms carry=0.85 barrier=
[clock/step] delta=6.9ms speed=50x target=0.34d cap=3.96d/f cost=2.66ms ran=1 pulse=0.00ms loop=5.21ms full=5.39ms carry=0.23 barrier=
[economy-open-finish] day=10500 country=0.079 workset=0.007 fiscal=0.006 csr=0.001 recovery=0.000 vectors=0.171 audit=0.089 commands=0.001
[economy-prelude-cost] day=10500 ms=0.472 pending=0
[economy-aggregate-cost] day=10500 publish_ms=0.555 native_hash_ms=0.318
[economy-ledger-cost] day=10500 copy_ms=0.308 validate_ms=0.036 hash_ms=0.108 cohorts=64 markets=42880
[economy-boundary-cost] day=10500 formulas_ms=2.519 stages_ms=1.991 mirror_ms=0.818
[runtime-day-cost] day=10500 ok=1 ms=4.872
[clock/step] delta=6.9ms speed=50x target=0.34d cap=2.47d/f cost=3.23ms ran=0 pulse=0.00ms loop=0.00ms full=0.39ms carry=0.60 barrier=
[clock/step] delta=6.9ms speed=50x target=0.34d cap=3.12d/f cost=2.57ms ran=0 pulse=0.00ms loop=0.00ms full=0.61ms carry=0.98 barrier=
[economy-open-finish] day=10600 country=0.076 workset=0.006 fiscal=0.005 csr=0.001 recovery=0.000 vectors=0.082 audit=0.057 commands=0.000
[economy-prelude-cost] day=10600 ms=0.328 pending=0
[economy-aggregate-cost] day=10600 publish_ms=0.459 native_hash_ms=0.139
[economy-ledger-cost] day=10600 copy_ms=0.069 validate_ms=0.018 hash_ms=0.065 cohorts=64 markets=42880
[economy-boundary-cost] day=10600 formulas_ms=1.990 stages_ms=1.615 mirror_ms=0.326
[runtime-day-cost] day=10600 ok=1 ms=2.926
[clock/step] delta=6.9ms speed=50x target=0.34d cap=3.48d/f cost=2.30ms ran=0 pulse=0.00ms loop=0.00ms full=0.32ms carry=0.41 barrier=
[clock/step] delta=6.9ms speed=50x target=0.34d cap=3.46d/f cost=2.32ms ran=0 pulse=0.00ms loop=0.00ms full=0.55ms carry=0.89 barrier=
[clock/step] delta=6.9ms speed=50x target=0.34d cap=2.32d/f cost=3.44ms ran=0 pulse=0.00ms loop=0.00ms full=0.47ms carry=0.85 barrier=
[economy-open-finish] day=10700 country=0.080 workset=0.007 fiscal=0.007 csr=0.001 recovery=0.000 vectors=0.089 audit=0.063 commands=0.001
[economy-prelude-cost] day=10700 ms=0.364 pending=0
[economy-aggregate-cost] day=10700 publish_ms=0.489 native_hash_ms=0.164
[economy-ledger-cost] day=10700 copy_ms=0.117 validate_ms=0.021 hash_ms=0.089 cohorts=64 markets=42880
[economy-boundary-cost] day=10700 formulas_ms=2.136 stages_ms=1.722 mirror_ms=0.419
[runtime-day-cost] day=10700 ok=1 ms=3.303
[clock/step] delta=6.9ms speed=50x target=0.34d cap=3.44d/f cost=2.40ms ran=1 pulse=0.00ms loop=2.71ms full=2.91ms carry=0.22 barrier=
[clock/step] delta=6.9ms speed=50x target=0.34d cap=2.19d/f cost=3.65ms ran=0 pulse=0.00ms loop=0.00ms full=0.33ms carry=0.60 barrier=
[economy-open-finish] day=10800 country=0.072 workset=0.006 fiscal=0.005 csr=0.001 recovery=0.000 vectors=0.081 audit=0.056 commands=0.001
[economy-prelude-cost] day=10800 ms=0.313 pending=0
[economy-aggregate-cost] day=10800 publish_ms=0.338 native_hash_ms=0.137
[economy-ledger-cost] day=10800 copy_ms=0.075 validate_ms=0.020 hash_ms=0.072 cohorts=64 markets=42880
[economy-boundary-cost] day=10800 formulas_ms=1.630 stages_ms=1.273 mirror_ms=0.357
[runtime-day-cost] day=10800 ok=1 ms=3.138
[clock/step] delta=6.9ms speed=50x target=0.34d cap=3.15d/f cost=2.54ms ran=0 pulse=0.00ms loop=0.00ms full=0.22ms carry=0.97 barrier=
[clock/step] delta=6.9ms speed=50x target=0.34d cap=2.54d/f cost=3.16ms ran=0 pulse=0.00ms loop=0.00ms full=0.36ms carry=0.35 barrier=
[clock/step] delta=6.9ms speed=50x target=0.34d cap=3.30d/f cost=2.42ms ran=0 pulse=0.00ms loop=0.00ms full=0.47ms carry=0.73 barrier=
[economy-open-finish] day=10900 country=0.120 workset=0.009 fiscal=0.010 csr=0.001 recovery=0.000 vectors=0.172 audit=0.131 commands=0.010
[economy-prelude-cost] day=10900 ms=0.611 pending=0
[economy-aggregate-cost] day=10900 publish_ms=0.427 native_hash_ms=0.150
[economy-ledger-cost] day=10900 copy_ms=0.069 validate_ms=0.022 hash_ms=0.067 cohorts=64 markets=42880
[economy-boundary-cost] day=10900 formulas_ms=3.164 stages_ms=2.502 mirror_ms=0.348
[runtime-day-cost] day=10900 ok=1 ms=4.355
[clock/step] delta=6.9ms speed=50x target=0.34d cap=3.70d/f cost=2.07ms ran=1 pulse=0.00ms loop=1.69ms full=1.87ms carry=0.10 barrier=
[clock/step] delta=6.9ms speed=50x target=0.34d cap=3.94d/f cost=2.03ms ran=0 pulse=0.00ms loop=0.00ms full=0.28ms carry=0.48 barrier=
[economy-open-finish] day=11000 country=0.071 workset=0.005 fiscal=0.005 csr=0.001 recovery=0.000 vectors=0.081 audit=0.055 commands=0.000
[economy-prelude-cost] day=11000 ms=0.316 pending=0
[economy-aggregate-cost] day=11000 publish_ms=0.390 native_hash_ms=0.136
[economy-ledger-cost] day=11000 copy_ms=0.062 validate_ms=0.017 hash_ms=0.062 cohorts=64 markets=42880
[economy-boundary-cost] day=11000 formulas_ms=1.941 stages_ms=1.578 mirror_ms=0.313
[runtime-day-cost] day=11000 ok=1 ms=2.837
[clock/step] delta=6.9ms speed=50x target=0.34d cap=2.63d/f cost=3.04ms ran=0 pulse=0.00ms loop=0.00ms full=0.50ms carry=0.85 barrier=
[clock/step] delta=6.9ms speed=50x target=0.34d cap=3.30d/f cost=2.44ms ran=1 pulse=0.00ms loop=2.51ms full=2.79ms carry=0.23 barrier=
[clock/step] delta=6.9ms speed=50x target=0.34d cap=3.60d/f cost=2.22ms ran=0 pulse=0.00ms loop=0.00ms full=0.29ms carry=0.61 barrier=
[economy-open-finish] day=11100 country=0.078 workset=0.007 fiscal=0.006 csr=0.001 recovery=0.000 vectors=0.086 audit=0.059 commands=0.001
[economy-prelude-cost] day=11100 ms=0.336 pending=0
[economy-aggregate-cost] day=11100 publish_ms=0.381 native_hash_ms=0.143
[economy-ledger-cost] day=11100 copy_ms=0.065 validate_ms=0.019 hash_ms=0.066 cohorts=64 markets=42880
[economy-boundary-cost] day=11100 formulas_ms=1.857 stages_ms=1.454 mirror_ms=0.340
[runtime-day-cost] day=11100 ok=1 ms=3.570
[clock/step] delta=6.9ms speed=50x target=0.34d cap=3.77d/f cost=2.12ms ran=0 pulse=0.00ms loop=0.00ms full=0.29ms carry=0.98 barrier=
[clock/step] delta=6.9ms speed=50x target=0.34d cap=2.59d/f cost=3.09ms ran=0 pulse=0.00ms loop=0.00ms full=0.31ms carry=0.36 barrier=
[economy-open-finish] day=11200 country=0.134 workset=0.009 fiscal=0.012 csr=0.001 recovery=0.000 vectors=0.173 audit=0.126 commands=0.001
[economy-prelude-cost] day=11200 ms=0.625 pending=0
[economy-aggregate-cost] day=11200 publish_ms=0.401 native_hash_ms=0.311
[economy-ledger-cost] day=11200 copy_ms=0.173 validate_ms=0.039 hash_ms=0.115 cohorts=64 markets=42880
[economy-boundary-cost] day=11200 formulas_ms=3.089 stages_ms=2.368 mirror_ms=0.726
[runtime-day-cost] day=11200 ok=1 ms=4.921
[clock/step] delta=6.9ms speed=50x target=0.34d cap=3.47d/f cost=2.30ms ran=0 pulse=0.00ms loop=0.00ms full=0.28ms carry=0.73 barrier=
[clock/step] delta=6.9ms speed=50x target=0.34d cap=3.66d/f cost=2.11ms ran=1 pulse=0.00ms loop=1.83ms full=2.03ms carry=0.11 barrier=
[economy-open-finish] day=11300 country=0.126 workset=0.007 fiscal=0.011 csr=0.001 recovery=0.000 vectors=0.160 audit=0.116 commands=0.001
[economy-prelude-cost] day=11300 ms=0.584 pending=0
[economy-aggregate-cost] day=11300 publish_ms=0.480 native_hash_ms=0.151
[economy-ledger-cost] day=11300 copy_ms=0.073 validate_ms=0.018 hash_ms=0.070 cohorts=64 markets=42880
[economy-boundary-cost] day=11300 formulas_ms=3.003 stages_ms=2.331 mirror_ms=0.348
[runtime-day-cost] day=11300 ok=1 ms=4.434
[clock/step] delta=6.9ms speed=50x target=0.34d cap=3.42d/f cost=2.34ms ran=0 pulse=0.00ms loop=0.00ms full=0.38ms carry=0.49 barrier=
[clock/step] delta=6.9ms speed=50x target=0.35d cap=3.03d/f cost=2.46ms ran=1 pulse=0.00ms loop=1.74ms full=1.92ms carry=0.09 barrier=
[clock/step] delta=6.9ms speed=50x target=0.34d cap=2.98d/f cost=2.68ms ran=0 pulse=0.00ms loop=0.00ms full=0.33ms carry=0.58 barrier=
[economy-open-finish] day=11400 country=0.074 workset=0.006 fiscal=0.005 csr=0.001 recovery=0.000 vectors=0.080 audit=0.057 commands=0.001
[economy-prelude-cost] day=11400 ms=0.326 pending=0
[economy-aggregate-cost] day=11400 publish_ms=0.326 native_hash_ms=0.154
[economy-ledger-cost] day=11400 copy_ms=0.069 validate_ms=0.018 hash_ms=0.062 cohorts=64 markets=42880
[economy-boundary-cost] day=11400 formulas_ms=1.694 stages_ms=1.324 mirror_ms=0.353
[runtime-day-cost] day=11400 ok=1 ms=3.527
[clock/step] delta=6.9ms speed=50x target=0.34d cap=3.59d/f cost=2.23ms ran=0 pulse=0.00ms loop=0.00ms full=0.49ms carry=0.96 barrier=
[clock/step] delta=6.9ms speed=50x target=0.34d cap=3.94d/f cost=1.95ms ran=1 pulse=0.00ms loop=1.65ms full=1.83ms carry=0.34 barrier=
[economy-open-finish] day=11500 country=0.143 workset=0.010 fiscal=0.014 csr=0.001 recovery=0.001 vectors=0.210 audit=0.064 commands=0.000
[economy-prelude-cost] day=11500 ms=0.595 pending=0
[economy-aggregate-cost] day=11500 publish_ms=0.457 native_hash_ms=0.396
[economy-ledger-cost] day=11500 copy_ms=0.194 validate_ms=0.022 hash_ms=0.157 cohorts=64 markets=42880
[economy-boundary-cost] day=11500 formulas_ms=3.234 stages_ms=2.543 mirror_ms=0.787
[runtime-day-cost] day=11500 ok=1 ms=5.377
[clock/step] delta=6.9ms speed=50x target=0.34d cap=3.35d/f cost=2.39ms ran=0 pulse=0.00ms loop=0.00ms full=0.24ms carry=0.71 barrier=
[clock/step] delta=6.9ms speed=50x target=0.34d cap=2.91d/f cost=2.67ms ran=1 pulse=0.00ms loop=2.35ms full=2.54ms carry=0.09 barrier=
[clock/step] delta=6.9ms speed=50x target=0.34d cap=2.67d/f cost=2.99ms ran=0 pulse=0.00ms loop=0.00ms full=0.34ms carry=0.46 barrier=
[economy-open-finish] day=11600 country=0.134 workset=0.008 fiscal=0.010 csr=0.001 recovery=0.000 vectors=0.174 audit=0.124 commands=0.001
[economy-prelude-cost] day=11600 ms=0.617 pending=0
[economy-aggregate-cost] day=11600 publish_ms=0.623 native_hash_ms=0.285
[economy-ledger-cost] day=11600 copy_ms=0.147 validate_ms=0.037 hash_ms=0.113 cohorts=64 markets=42880
[economy-boundary-cost] day=11600 formulas_ms=3.167 stages_ms=2.462 mirror_ms=0.671
[runtime-day-cost] day=11600 ok=1 ms=4.790
[clock/step] delta=6.9ms speed=50x target=0.34d cap=3.21d/f cost=2.49ms ran=0 pulse=0.00ms loop=0.00ms full=0.34ms carry=0.84 barrier=
[clock/step] delta=6.9ms speed=50x target=0.34d cap=3.93d/f cost=1.99ms ran=1 pulse=0.00ms loop=1.79ms full=1.97ms carry=0.22 barrier=
[economy-open-finish] day=11700 country=0.076 workset=0.006 fiscal=0.006 csr=0.001 recovery=0.000 vectors=0.108 audit=0.060 commands=0.001
[economy-prelude-cost] day=11700 ms=0.362 pending=0
[economy-aggregate-cost] day=11700 publish_ms=0.452 native_hash_ms=0.148
[economy-ledger-cost] day=11700 copy_ms=0.074 validate_ms=0.018 hash_ms=0.069 cohorts=64 markets=42880
[economy-boundary-cost] day=11700 formulas_ms=2.077 stages_ms=1.667 mirror_ms=0.340
[runtime-day-cost] day=11700 ok=1 ms=3.768
[clock/step] delta=6.9ms speed=50x target=0.34d cap=2.19d/f cost=3.65ms ran=0 pulse=0.00ms loop=0.00ms full=0.31ms carry=0.59 barrier=
[clock/step] delta=6.9ms speed=50x target=0.35d cap=2.62d/f cost=2.80ms ran=1 pulse=0.00ms loop=1.77ms full=1.96ms carry=0.01 barrier=
[economy-open-finish] day=11800 country=0.107 workset=0.009 fiscal=0.006 csr=0.001 recovery=0.000 vectors=0.171 audit=0.115 commands=0.001
[economy-prelude-cost] day=11800 ms=0.538 pending=0
[economy-aggregate-cost] day=11800 publish_ms=0.361 native_hash_ms=0.139
[economy-ledger-cost] day=11800 copy_ms=0.063 validate_ms=0.018 hash_ms=0.062 cohorts=64 markets=42880
[economy-boundary-cost] day=11800 formulas_ms=2.423 stages_ms=1.812 mirror_ms=0.333
[runtime-day-cost] day=11800 ok=1 ms=3.719
[clock/step] delta=6.9ms speed=50x target=0.35d cap=3.88d/f cost=2.06ms ran=0 pulse=0.00ms loop=0.00ms full=0.31ms carry=0.68 barrier=
[clock/step] delta=6.9ms speed=50x target=0.34d cap=3.87d/f cost=2.22ms ran=1 pulse=0.00ms loop=2.81ms full=3.00ms carry=0.06 barrier=
[clock/step] delta=6.9ms speed=50x target=0.34d cap=2.53d/f cost=3.17ms ran=0 pulse=0.00ms loop=0.00ms full=0.41ms carry=0.44 barrier=
[economy-open-finish] day=11900 country=0.110 workset=0.009 fiscal=0.007 csr=0.001 recovery=0.000 vectors=0.181 audit=0.123 commands=0.001
[economy-prelude-cost] day=11900 ms=0.570 pending=0
[economy-aggregate-cost] day=11900 publish_ms=0.483 native_hash_ms=0.290
[economy-ledger-cost] day=11900 copy_ms=0.161 validate_ms=0.037 hash_ms=0.111 cohorts=64 markets=42880
[economy-boundary-cost] day=11900 formulas_ms=2.637 stages_ms=1.988 mirror_ms=0.669
[runtime-day-cost] day=11900 ok=1 ms=4.338
[clock/step] delta=6.9ms speed=50x target=0.34d cap=2.87d/f cost=2.78ms ran=0 pulse=0.00ms loop=0.00ms full=0.47ms carry=0.82 barrier=
[clock/step] delta=6.9ms speed=50x target=0.34d cap=3.40d/f cost=2.45ms ran=1 pulse=0.00ms loop=2.83ms full=3.23ms carry=0.19 barrier=
[economy-open-finish] day=12000 country=0.089 workset=0.007 fiscal=0.007 csr=0.001 recovery=0.000 vectors=0.104 audit=0.059 commands=0.000
[economy-prelude-cost] day=12000 ms=0.381 pending=0
[economy-aggregate-cost] day=12000 publish_ms=0.408 native_hash_ms=0.222
[economy-ledger-cost] day=12000 copy_ms=0.099 validate_ms=0.024 hash_ms=0.096 cohorts=64 markets=42880
[economy-boundary-cost] day=12000 formulas_ms=2.270 stages_ms=1.837 mirror_ms=0.453
[runtime-day-cost] day=12000 ok=1 ms=4.073
[clock/step] delta=6.9ms speed=50x target=0.34d cap=3.75d/f cost=2.13ms ran=0 pulse=0.00ms loop=0.00ms full=0.37ms carry=0.57 barrier=
[clock/step] delta=7.4ms speed=50x target=0.37d cap=2.00d/f cost=3.99ms ran=0 pulse=0.00ms loop=0.00ms full=0.55ms carry=0.80 barrier=
[clock/step] delta=6.9ms speed=50x target=0.34d cap=3.07d/f cost=2.45ms ran=1 pulse=0.00ms loop=1.82ms full=2.02ms carry=0.01 barrier=
[economy-open-finish] day=12100 country=0.128 workset=0.007 fiscal=0.010 csr=0.001 recovery=0.000 vectors=0.162 audit=0.117 commands=0.001
[economy-prelude-cost] day=12100 ms=0.595 pending=0
[economy-aggregate-cost] day=12100 publish_ms=0.746 native_hash_ms=0.259
[economy-ledger-cost] day=12100 copy_ms=0.131 validate_ms=0.036 hash_ms=0.107 cohorts=64 markets=42880
[economy-boundary-cost] day=12100 formulas_ms=2.853 stages_ms=2.171 mirror_ms=0.616
[runtime-day-cost] day=12100 ok=1 ms=4.572
[clock/step] delta=6.9ms speed=50x target=0.34d cap=3.46d/f cost=2.31ms ran=0 pulse=0.00ms loop=0.00ms full=0.33ms carry=0.39 barrier=
[clock/step] delta=6.9ms speed=50x target=0.34d cap=3.22d/f cost=2.49ms ran=0 pulse=0.00ms loop=0.00ms full=0.47ms carry=0.76 barrier=
[economy-open-finish] day=12200 country=0.127 workset=0.009 fiscal=0.012 csr=0.001 recovery=0.000 vectors=0.172 audit=0.134 commands=0.004
[economy-prelude-cost] day=12200 ms=0.651 pending=0
[economy-aggregate-cost] day=12200 publish_ms=0.322 native_hash_ms=0.155
[economy-ledger-cost] day=12200 copy_ms=0.065 validate_ms=0.020 hash_ms=0.067 cohorts=64 markets=42880
[economy-boundary-cost] day=12200 formulas_ms=2.024 stages_ms=1.285 mirror_ms=0.320
[runtime-day-cost] day=12200 ok=1 ms=3.220
[clock/step] delta=6.9ms speed=50x target=0.34d cap=2.62d/f cost=2.97ms ran=1 pulse=0.00ms loop=2.64ms full=3.00ms carry=0.14 barrier=
[clock/step] delta=6.9ms speed=50x target=0.34d cap=3.15d/f cost=2.54ms ran=0 pulse=0.00ms loop=0.00ms full=0.25ms carry=0.51 barrier=
[clock/step] delta=6.9ms speed=50x target=0.34d cap=3.99d/f cost=2.01ms ran=0 pulse=0.00ms loop=0.00ms full=0.51ms carry=0.89 barrier=
[economy-open-finish] day=12300 country=0.097 workset=0.009 fiscal=0.007 csr=0.010 recovery=0.000 vectors=0.087 audit=0.059 commands=0.001
[economy-prelude-cost] day=12300 ms=0.381 pending=0
[economy-aggregate-cost] day=12300 publish_ms=0.372 native_hash_ms=0.139
[economy-ledger-cost] day=12300 copy_ms=0.077 validate_ms=0.021 hash_ms=0.081 cohorts=64 markets=42880
[economy-boundary-cost] day=12300 formulas_ms=1.867 stages_ms=1.421 mirror_ms=0.375
[runtime-day-cost] day=12300 ok=1 ms=3.875
[clock/step] delta=6.9ms speed=50x target=0.34d cap=3.31d/f cost=2.26ms ran=1 pulse=0.00ms loop=1.64ms full=1.84ms carry=0.27 barrier=
[clock/step] delta=6.9ms speed=50x target=0.34d cap=2.52d/f cost=3.18ms ran=0 pulse=0.00ms loop=0.00ms full=0.48ms carry=0.64 barrier=
[economy-open-finish] day=12400 country=0.083 workset=0.007 fiscal=0.006 csr=0.001 recovery=0.000 vectors=0.106 audit=0.058 commands=0.001
[economy-prelude-cost] day=12400 ms=0.379 pending=0
[economy-aggregate-cost] day=12400 publish_ms=0.434 native_hash_ms=0.149
[economy-ledger-cost] day=12400 copy_ms=0.077 validate_ms=0.019 hash_ms=0.070 cohorts=64 markets=42880
[economy-boundary-cost] day=12400 formulas_ms=2.164 stages_ms=1.730 mirror_ms=0.354
[runtime-day-cost] day=12400 ok=1 ms=3.157
[clock/step] delta=6.9ms speed=50x target=0.35d cap=3.15d/f cost=2.65ms ran=1 pulse=0.00ms loop=3.08ms full=3.52ms carry=0.12 barrier=
[clock/step] delta=6.9ms speed=50x target=0.34d cap=4.06d/f cost=1.97ms ran=0 pulse=0.00ms loop=0.00ms full=0.24ms carry=0.74 barrier=
[economy-open-finish] day=12500 country=0.101 workset=0.008 fiscal=0.006 csr=0.001 recovery=0.000 vectors=0.196 audit=0.106 commands=0.001
[economy-prelude-cost] day=12500 ms=0.588 pending=0
[economy-aggregate-cost] day=12500 publish_ms=0.383 native_hash_ms=0.141
[economy-ledger-cost] day=12500 copy_ms=0.067 validate_ms=0.018 hash_ms=0.066 cohorts=64 markets=42880
[economy-boundary-cost] day=12500 formulas_ms=2.151 stages_ms=1.516 mirror_ms=0.332
[runtime-day-cost] day=12500 ok=1 ms=3.186
[clock/step] delta=6.9ms speed=50x target=0.34d cap=3.96d/f cost=1.97ms ran=1 pulse=0.00ms loop=1.77ms full=1.95ms carry=0.11 barrier=
[clock/step] delta=6.9ms speed=50x target=0.34d cap=2.25d/f cost=3.56ms ran=0 pulse=0.00ms loop=0.00ms full=0.37ms carry=0.49 barrier=
[clock/step] delta=6.9ms speed=50x target=0.34d cap=2.99d/f cost=2.67ms ran=0 pulse=0.00ms loop=0.00ms full=0.57ms carry=0.87 barrier=
[economy-open-finish] day=12600 country=0.129 workset=0.009 fiscal=0.012 csr=0.001 recovery=0.000 vectors=0.164 audit=0.118 commands=0.001
[economy-prelude-cost] day=12600 ms=0.608 pending=0
[economy-aggregate-cost] day=12600 publish_ms=0.588 native_hash_ms=0.265
[economy-ledger-cost] day=12600 copy_ms=0.174 validate_ms=0.036 hash_ms=0.118 cohorts=64 markets=42880
[economy-boundary-cost] day=12600 formulas_ms=3.306 stages_ms=2.614 mirror_ms=0.705
[runtime-day-cost] day=12600 ok=1 ms=6.237
[clock/step] delta=6.9ms speed=50x target=0.34d cap=2.75d/f cost=2.68ms ran=1 pulse=0.00ms loop=1.76ms full=1.95ms carry=0.24 barrier=
[clock/step] delta=6.9ms speed=50x target=0.34d cap=3.37d/f cost=2.38ms ran=0 pulse=0.00ms loop=0.00ms full=0.28ms carry=0.62 barrier=
[economy-open-finish] day=12700 country=0.074 workset=0.006 fiscal=0.005 csr=0.001 recovery=0.000 vectors=0.081 audit=0.056 commands=0.000
[economy-prelude-cost] day=12700 ms=0.320 pending=0
[economy-aggregate-cost] day=12700 publish_ms=0.445 native_hash_ms=0.242
[economy-ledger-cost] day=12700 copy_ms=0.065 validate_ms=0.020 hash_ms=0.071 cohorts=64 markets=42880
[economy-boundary-cost] day=12700 formulas_ms=2.043 stages_ms=1.676 mirror_ms=0.351
[runtime-day-cost] day=12700 ok=1 ms=3.123
[clock/step] delta=6.9ms speed=50x target=0.34d cap=2.82d/f cost=2.84ms ran=0 pulse=0.00ms loop=0.00ms full=0.50ms carry=0.99 barrier=
[clock/step] delta=6.9ms speed=50x target=0.34d cap=2.96d/f cost=2.70ms ran=0 pulse=0.00ms loop=0.00ms full=0.23ms carry=0.37 barrier=
[clock/step] delta=6.9ms speed=50x target=0.35d cap=3.92d/f cost=2.04ms ran=0 pulse=0.00ms loop=0.00ms full=0.23ms carry=0.90 barrier=
[economy-open-finish] day=12800 country=0.134 workset=0.009 fiscal=0.012 csr=0.001 recovery=0.000 vectors=0.168 audit=0.093 commands=0.001
[economy-prelude-cost] day=12800 ms=0.522 pending=0
[economy-aggregate-cost] day=12800 publish_ms=0.468 native_hash_ms=0.344
[economy-ledger-cost] day=12800 copy_ms=0.099 validate_ms=0.027 hash_ms=0.096 cohorts=64 markets=42880
[economy-boundary-cost] day=12800 formulas_ms=2.320 stages_ms=1.742 mirror_ms=0.427
[runtime-day-cost] day=12800 ok=1 ms=3.398
[clock/step] delta=6.9ms speed=50x target=0.34d cap=3.64d/f cost=2.20ms ran=0 pulse=0.00ms loop=0.00ms full=0.32ms carry=0.47 barrier=
[clock/step] delta=6.9ms speed=50x target=0.34d cap=2.67d/f cost=3.00ms ran=0 pulse=0.00ms loop=0.00ms full=0.56ms carry=0.84 barrier=
[economy-open-finish] day=12900 country=0.075 workset=0.006 fiscal=0.005 csr=0.001 recovery=0.000 vectors=0.086 audit=0.061 commands=0.000
[economy-prelude-cost] day=12900 ms=0.339 pending=0
[economy-aggregate-cost] day=12900 publish_ms=0.344 native_hash_ms=0.159
[economy-ledger-cost] day=12900 copy_ms=0.070 validate_ms=0.021 hash_ms=0.075 cohorts=64 markets=42880
[economy-boundary-cost] day=12900 formulas_ms=2.170 stages_ms=1.781 mirror_ms=0.364
[runtime-day-cost] day=12900 ok=1 ms=4.165
[clock/step] delta=6.9ms speed=50x target=0.34d cap=3.96d/f cost=2.10ms ran=1 pulse=0.00ms loop=2.42ms full=2.67ms carry=0.22 barrier=
[clock/step] delta=6.9ms speed=50x target=0.34d cap=3.54d/f cost=2.26ms ran=0 pulse=0.00ms loop=0.00ms full=0.59ms carry=0.60 barrier=
[economy-open-finish] day=13000 country=0.075 workset=0.006 fiscal=0.005 csr=0.001 recovery=0.000 vectors=0.081 audit=0.056 commands=0.000
[economy-prelude-cost] day=13000 ms=0.324 pending=0
[economy-aggregate-cost] day=13000 publish_ms=0.311 native_hash_ms=0.133
[economy-ledger-cost] day=13000 copy_ms=0.061 validate_ms=0.018 hash_ms=0.061 cohorts=64 markets=42880
[economy-boundary-cost] day=13000 formulas_ms=1.753 stages_ms=1.316 mirror_ms=0.309
[runtime-day-cost] day=13000 ok=1 ms=2.822
[clock/step] delta=6.9ms speed=50x target=0.34d cap=4.32d/f cost=1.85ms ran=0 pulse=0.00ms loop=0.00ms full=0.23ms carry=0.97 barrier=
[clock/step] delta=6.9ms speed=50x target=0.34d cap=2.45d/f cost=3.27ms ran=0 pulse=0.00ms loop=0.00ms full=0.21ms carry=0.35 barrier=
[clock/step] delta=6.9ms speed=50x target=0.34d cap=2.57d/f cost=3.11ms ran=0 pulse=0.00ms loop=0.00ms full=0.35ms carry=0.72 barrier=
[economy-open-finish] day=13100 country=0.077 workset=0.006 fiscal=0.005 csr=0.001 recovery=0.000 vectors=0.108 audit=0.060 commands=0.001
[economy-prelude-cost] day=13100 ms=0.361 pending=0
[economy-aggregate-cost] day=13100 publish_ms=0.509 native_hash_ms=0.147
[economy-ledger-cost] day=13100 copy_ms=0.065 validate_ms=0.019 hash_ms=0.066 cohorts=64 markets=42880
[economy-boundary-cost] day=13100 formulas_ms=2.101 stages_ms=1.689 mirror_ms=0.333
[runtime-day-cost] day=13100 ok=1 ms=3.151
[clock/step] delta=6.9ms speed=50x target=0.34d cap=3.48d/f cost=2.41ms ran=1 pulse=0.00ms loop=2.83ms full=3.19ms carry=0.10 barrier=
[clock/step] delta=6.9ms speed=50x target=0.34d cap=4.26d/f cost=1.88ms ran=0 pulse=0.00ms loop=0.00ms full=0.30ms carry=0.48 barrier=
[economy-open-finish] day=13200 country=0.146 workset=0.017 fiscal=0.017 csr=0.001 recovery=0.000 vectors=0.176 audit=0.115 commands=0.001
[economy-prelude-cost] day=13200 ms=0.642 pending=0
[economy-aggregate-cost] day=13200 publish_ms=0.704 native_hash_ms=0.277
[economy-ledger-cost] day=13200 copy_ms=0.145 validate_ms=0.035 hash_ms=0.105 cohorts=64 markets=42880
[economy-boundary-cost] day=13200 formulas_ms=3.329 stages_ms=2.601 mirror_ms=0.638
[runtime-day-cost] day=13200 ok=1 ms=6.249
[clock/step] delta=6.9ms speed=50x target=0.34d cap=2.59d/f cost=3.09ms ran=0 pulse=0.00ms loop=0.00ms full=0.49ms carry=0.85 barrier=
[clock/step] delta=6.9ms speed=50x target=0.34d cap=4.03d/f cost=2.17ms ran=1 pulse=0.00ms loop=2.89ms full=3.13ms carry=0.23 barrier=
[clock/step] delta=6.9ms speed=50x target=0.34d cap=3.43d/f cost=2.33ms ran=0 pulse=0.00ms loop=0.00ms full=0.27ms carry=0.60 barrier=
[economy-open-finish] day=13300 country=0.074 workset=0.006 fiscal=0.005 csr=0.001 recovery=0.000 vectors=0.082 audit=0.057 commands=0.000
[economy-prelude-cost] day=13300 ms=0.317 pending=0
[economy-aggregate-cost] day=13300 publish_ms=0.390 native_hash_ms=0.140
[economy-ledger-cost] day=13300 copy_ms=0.152 validate_ms=0.036 hash_ms=0.105 cohorts=64 markets=42880
[economy-boundary-cost] day=13300 formulas_ms=1.738 stages_ms=1.374 mirror_ms=0.639
[runtime-day-cost] day=13300 ok=1 ms=3.441
[clock/step] delta=6.9ms speed=50x target=0.34d cap=3.91d/f cost=2.05ms ran=0 pulse=0.00ms loop=0.00ms full=0.40ms carry=0.98 barrier=
[clock/step] delta=6.9ms speed=50x target=0.35d cap=2.33d/f cost=3.43ms ran=0 pulse=0.00ms loop=0.00ms full=0.46ms carry=0.47 barrier=
[economy-open-finish] day=13400 country=0.129 workset=0.009 fiscal=0.009 csr=0.001 recovery=0.000 vectors=0.163 audit=0.116 commands=0.001
[economy-prelude-cost] day=13400 ms=0.593 pending=0
[economy-aggregate-cost] day=13400 publish_ms=0.491 native_hash_ms=0.266
[economy-ledger-cost] day=13400 copy_ms=0.142 validate_ms=0.036 hash_ms=0.134 cohorts=64 markets=42880
[economy-boundary-cost] day=13400 formulas_ms=3.223 stages_ms=2.546 mirror_ms=0.671
[runtime-day-cost] day=13400 ok=1 ms=4.536
[clock/step] delta=6.9ms speed=50x target=0.34d cap=2.55d/f cost=3.02ms ran=1 pulse=0.00ms loop=2.53ms full=2.70ms carry=0.08 barrier=
[clock/step] delta=6.9ms speed=50x target=0.34d cap=2.87d/f cost=2.79ms ran=0 pulse=0.00ms loop=0.00ms full=0.36ms carry=0.45 barrier=
[economy-open-finish] day=13500 country=0.138 workset=0.009 fiscal=0.011 csr=0.001 recovery=0.000 vectors=0.164 audit=0.117 commands=0.001
[economy-prelude-cost] day=13500 ms=0.624 pending=0
[economy-aggregate-cost] day=13500 publish_ms=0.567 native_hash_ms=0.349
[economy-ledger-cost] day=13500 copy_ms=0.207 validate_ms=0.020 hash_ms=0.065 cohorts=64 markets=42880
[economy-boundary-cost] day=13500 formulas_ms=3.008 stages_ms=2.286 mirror_ms=0.505
[runtime-day-cost] day=13500 ok=1 ms=5.907
[clock/step] delta=6.9ms speed=50x target=0.34d cap=2.96d/f cost=2.71ms ran=0 pulse=0.00ms loop=0.00ms full=0.51ms carry=0.83 barrier=
[clock/step] delta=6.9ms speed=50x target=0.35d cap=1.92d/f cost=4.18ms ran=0 pulse=0.00ms loop=0.00ms full=0.38ms carry=0.47 barrier=
[clock/step] delta=6.9ms speed=50x target=0.34d cap=2.73d/f cost=2.93ms ran=0 pulse=0.00ms loop=0.00ms full=0.25ms carry=0.93 barrier=
[economy-open-finish] day=13600 country=0.133 workset=0.009 fiscal=0.012 csr=0.001 recovery=0.000 vectors=0.169 audit=0.121 commands=0.001
[economy-prelude-cost] day=13600 ms=0.626 pending=0
[economy-aggregate-cost] day=13600 publish_ms=0.405 native_hash_ms=0.269
[economy-ledger-cost] day=13600 copy_ms=0.158 validate_ms=0.037 hash_ms=0.146 cohorts=64 markets=42880
[economy-boundary-cost] day=13600 formulas_ms=3.390 stages_ms=2.669 mirror_ms=0.639
[runtime-day-cost] day=13600 ok=1 ms=4.973
[clock/step] delta=6.9ms speed=50x target=0.34d cap=3.69d/f cost=2.09ms ran=1 pulse=0.00ms loop=1.75ms full=1.97ms carry=0.30 barrier=
[clock/step] delta=6.9ms speed=50x target=0.34d cap=4.47d/f cost=1.79ms ran=0 pulse=0.00ms loop=0.00ms full=0.26ms carry=0.68 barrier=
[economy-open-finish] day=13700 country=0.102 workset=0.006 fiscal=0.006 csr=0.001 recovery=0.000 vectors=0.204 audit=0.059 commands=0.000
[economy-prelude-cost] day=13700 ms=0.487 pending=0
[economy-aggregate-cost] day=13700 publish_ms=0.312 native_hash_ms=0.139
[economy-ledger-cost] day=13700 copy_ms=0.060 validate_ms=0.019 hash_ms=0.065 cohorts=64 markets=42880
[economy-boundary-cost] day=13700 formulas_ms=2.002 stages_ms=1.459 mirror_ms=0.324
[runtime-day-cost] day=13700 ok=1 ms=3.272
[clock/step] delta=6.9ms speed=50x target=0.34d cap=3.53d/f cost=2.43ms ran=1 pulse=0.00ms loop=3.09ms full=3.55ms carry=0.05 barrier=
[clock/step] delta=6.9ms speed=50x target=0.34d cap=3.40d/f cost=2.35ms ran=0 pulse=0.00ms loop=0.00ms full=0.28ms carry=0.43 barrier=
[clock/step] delta=6.9ms speed=50x target=0.34d cap=2.68d/f cost=2.99ms ran=0 pulse=0.00ms loop=0.00ms full=0.28ms carry=0.51 barrier=
[economy-open-finish] day=13800 country=0.126 workset=0.008 fiscal=0.010 csr=0.001 recovery=0.000 vectors=0.204 audit=0.114 commands=0.001
[economy-prelude-cost] day=13800 ms=0.634 pending=0
[economy-aggregate-cost] day=13800 publish_ms=0.489 native_hash_ms=0.149
[economy-ledger-cost] day=13800 copy_ms=0.068 validate_ms=0.018 hash_ms=0.119 cohorts=64 markets=42880
[economy-boundary-cost] day=13800 formulas_ms=3.051 stages_ms=2.332 mirror_ms=0.609
[runtime-day-cost] day=13800 ok=1 ms=4.933
[clock/step] delta=6.9ms speed=50x target=0.35d cap=3.93d/f cost=1.92ms ran=1 pulse=0.00ms loop=1.46ms full=1.61ms carry=0.00 barrier=
[clock/step] delta=6.9ms speed=50x target=0.34d cap=2.71d/f cost=2.96ms ran=0 pulse=0.00ms loop=0.00ms full=0.29ms carry=0.61 barrier=
[economy-open-finish] day=13900 country=0.141 workset=0.009 fiscal=0.013 csr=0.001 recovery=0.000 vectors=0.222 audit=0.125 commands=0.001
[economy-prelude-cost] day=13900 ms=0.727 pending=0
[economy-aggregate-cost] day=13900 publish_ms=0.535 native_hash_ms=0.297
[economy-ledger-cost] day=13900 copy_ms=0.159 validate_ms=0.038 hash_ms=0.113 cohorts=64 markets=42880
[economy-boundary-cost] day=13900 formulas_ms=3.530 stages_ms=2.712 mirror_ms=0.621
[runtime-day-cost] day=13900 ok=1 ms=5.358
[clock/step] delta=6.9ms speed=50x target=0.34d cap=3.29d/f cost=2.43ms ran=0 pulse=0.00ms loop=0.00ms full=0.28ms carry=0.98 barrier=
[clock/step] delta=6.9ms speed=50x target=0.34d cap=2.72d/f cost=2.94ms ran=0 pulse=0.00ms loop=0.00ms full=0.24ms carry=0.36 barrier=
[clock/step] delta=6.9ms speed=50x target=0.34d cap=3.96d/f cost=2.02ms ran=0 pulse=0.00ms loop=0.00ms full=0.30ms carry=0.73 barrier=
[economy-open-finish] day=14000 country=0.076 workset=0.006 fiscal=0.006 csr=0.001 recovery=0.000 vectors=0.103 audit=0.057 commands=0.000
[economy-prelude-cost] day=14000 ms=0.362 pending=0
[economy-aggregate-cost] day=14000 publish_ms=0.414 native_hash_ms=0.141
[economy-ledger-cost] day=14000 copy_ms=0.092 validate_ms=0.019 hash_ms=0.073 cohorts=64 markets=42880
[economy-boundary-cost] day=14000 formulas_ms=2.136 stages_ms=1.729 mirror_ms=0.370
[runtime-day-cost] day=14000 ok=1 ms=3.119
[clock/step] delta=6.9ms speed=50x target=0.34d cap=2.69d/f cost=2.69ms ran=1 pulse=0.00ms loop=1.55ms full=1.70ms carry=0.11 barrier=
[clock/step] delta=6.7ms speed=50x target=0.33d cap=2.81d/f cost=2.64ms ran=1 pulse=0.00ms loop=1.79ms full=2.00ms carry=0.32 barrier=
[economy-open-finish] day=14100 country=0.080 workset=0.012 fiscal=0.006 csr=0.001 recovery=0.000 vectors=0.107 audit=0.060 commands=0.001
[economy-prelude-cost] day=14100 ms=0.376 pending=0
[economy-aggregate-cost] day=14100 publish_ms=0.460 native_hash_ms=0.140
[economy-ledger-cost] day=14100 copy_ms=0.065 validate_ms=0.018 hash_ms=0.065 cohorts=64 markets=42880
[economy-boundary-cost] day=14100 formulas_ms=2.871 stages_ms=2.444 mirror_ms=0.328
[runtime-day-cost] day=14100 ok=1 ms=4.728
[clock/step] delta=6.9ms speed=50x target=0.34d cap=3.01d/f cost=2.66ms ran=0 pulse=0.00ms loop=0.00ms full=0.39ms carry=0.55 barrier=
[clock/step] delta=6.9ms speed=50x target=0.34d cap=4.17d/f cost=1.92ms ran=0 pulse=0.00ms loop=0.00ms full=0.21ms carry=0.93 barrier=
[economy-open-finish] day=14200 country=0.078 workset=0.006 fiscal=0.006 csr=0.001 recovery=0.000 vectors=0.084 audit=0.070 commands=0.001
[economy-prelude-cost] day=14200 ms=0.348 pending=0
[economy-aggregate-cost] day=14200 publish_ms=0.386 native_hash_ms=0.138
[economy-ledger-cost] day=14200 copy_ms=0.063 validate_ms=0.018 hash_ms=0.065 cohorts=64 markets=42880
[economy-boundary-cost] day=14200 formulas_ms=2.529 stages_ms=2.133 mirror_ms=0.328
[runtime-day-cost] day=14200 ok=1 ms=3.442
[clock/step] delta=6.9ms speed=50x target=0.34d cap=4.07d/f cost=2.23ms ran=1 pulse=0.00ms loop=3.29ms full=3.65ms carry=0.30 barrier=
[clock/step] delta=6.9ms speed=50x target=0.35d cap=2.82d/f cost=2.84ms ran=0 pulse=0.00ms loop=0.00ms full=0.30ms carry=0.77 barrier=
[clock/step] delta=6.9ms speed=50x target=0.34d cap=3.02d/f cost=2.65ms ran=0 pulse=0.00ms loop=0.00ms full=0.55ms carry=0.40 barrier=
[economy-open-finish] day=14300 country=0.107 workset=0.011 fiscal=0.005 csr=0.001 recovery=0.000 vectors=0.125 audit=0.098 commands=0.001
[economy-prelude-cost] day=14300 ms=0.496 pending=0
[economy-aggregate-cost] day=14300 publish_ms=0.522 native_hash_ms=0.180
[economy-ledger-cost] day=14300 copy_ms=0.103 validate_ms=0.022 hash_ms=0.084 cohorts=64 markets=42880
[economy-boundary-cost] day=14300 formulas_ms=2.691 stages_ms=2.130 mirror_ms=0.407
[runtime-day-cost] day=14300 ok=1 ms=4.000
[clock/step] delta=6.9ms speed=50x target=0.34d cap=2.79d/f cost=2.87ms ran=0 pulse=0.00ms loop=0.00ms full=0.36ms carry=0.78 barrier=
[clock/step] delta=6.9ms speed=50x target=0.34d cap=3.36d/f cost=2.29ms ran=1 pulse=0.00ms loop=1.93ms full=2.11ms carry=0.15 barrier=
[economy-open-finish] day=14400 country=0.134 workset=0.009 fiscal=0.010 csr=0.001 recovery=0.000 vectors=0.171 audit=0.124 commands=0.001
[economy-prelude-cost] day=14400 ms=0.621 pending=0
[economy-aggregate-cost] day=14400 publish_ms=0.347 native_hash_ms=0.150
[economy-ledger-cost] day=14400 copy_ms=0.075 validate_ms=0.019 hash_ms=0.070 cohorts=64 markets=42880
[economy-boundary-cost] day=14400 formulas_ms=2.429 stages_ms=1.718 mirror_ms=0.355
[runtime-day-cost] day=14400 ok=1 ms=4.474
[clock/step] delta=6.9ms speed=50x target=0.34d cap=3.49d/f cost=2.29ms ran=0 pulse=0.00ms loop=0.00ms full=0.26ms carry=0.53 barrier=
[clock/step] delta=6.9ms speed=50x target=0.34d cap=2.88d/f cost=2.78ms ran=0 pulse=0.00ms loop=0.00ms full=0.60ms carry=0.91 barrier=
[clock/step] delta=6.9ms speed=50x target=0.35d cap=1.98d/f cost=3.87ms ran=1 pulse=0.00ms loop=3.22ms full=3.47ms carry=0.30 barrier=
[economy-open-finish] day=14500 country=0.157 workset=0.010 fiscal=0.013 csr=0.001 recovery=0.000 vectors=0.185 audit=0.134 commands=0.001
[economy-prelude-cost] day=14500 ms=0.707 pending=0
[economy-aggregate-cost] day=14500 publish_ms=0.585 native_hash_ms=0.182
[economy-ledger-cost] day=14500 copy_ms=0.091 validate_ms=0.026 hash_ms=0.087 cohorts=64 markets=42880
[economy-boundary-cost] day=14500 formulas_ms=3.399 stages_ms=2.610 mirror_ms=0.419
[runtime-day-cost] day=14500 ok=1 ms=4.809
[clock/step] delta=6.9ms speed=50x target=0.35d cap=2.45d/f cost=3.26ms ran=0 pulse=0.00ms loop=0.00ms full=0.49ms carry=0.97 barrier=
[clock/step] delta=6.9ms speed=50x target=0.34d cap=2.92d/f cost=2.74ms ran=0 pulse=0.00ms loop=0.00ms full=0.42ms carry=0.38 barrier=
[economy-open-finish] day=14600 country=0.135 workset=0.009 fiscal=0.017 csr=0.001 recovery=0.000 vectors=0.168 audit=0.121 commands=0.001
[economy-prelude-cost] day=14600 ms=0.656 pending=0
[economy-aggregate-cost] day=14600 publish_ms=0.456 native_hash_ms=0.141
[economy-ledger-cost] day=14600 copy_ms=0.062 validate_ms=0.018 hash_ms=0.064 cohorts=64 markets=42880
[economy-boundary-cost] day=14600 formulas_ms=2.996 stages_ms=2.245 mirror_ms=0.325
[runtime-day-cost] day=14600 ok=1 ms=4.228
[clock/step] delta=6.9ms speed=50x target=0.34d cap=3.14d/f cost=2.55ms ran=0 pulse=0.00ms loop=0.00ms full=0.21ms carry=0.75 barrier=
[clock/step] delta=6.9ms speed=50x target=0.34d cap=2.85d/f cost=2.64ms ran=1 pulse=0.00ms loop=1.95ms full=2.12ms carry=0.13 barrier=
[economy-open-finish] day=14700 country=0.077 workset=0.006 fiscal=0.006 csr=0.001 recovery=0.000 vectors=0.092 audit=0.072 commands=0.000
[economy-prelude-cost] day=14700 ms=0.369 pending=0
[economy-aggregate-cost] day=14700 publish_ms=0.426 native_hash_ms=0.144
[economy-ledger-cost] day=14700 copy_ms=0.064 validate_ms=0.018 hash_ms=0.065 cohorts=64 markets=42880
[economy-boundary-cost] day=14700 formulas_ms=2.329 stages_ms=1.910 mirror_ms=0.329
[runtime-day-cost] day=14700 ok=1 ms=4.308
[clock/step] delta=6.9ms speed=50x target=0.34d cap=3.41d/f cost=2.35ms ran=0 pulse=0.00ms loop=0.00ms full=0.28ms carry=0.51 barrier=
[clock/step] delta=6.9ms speed=50x target=0.34d cap=3.83d/f cost=2.09ms ran=0 pulse=0.00ms loop=0.00ms full=0.25ms carry=0.88 barrier=
[clock/step] delta=6.9ms speed=50x target=0.34d cap=3.05d/f cost=2.56ms ran=1 pulse=0.00ms loop=2.31ms full=2.64ms carry=0.26 barrier=
[economy-open-finish] day=14800 country=0.292 workset=0.012 fiscal=0.029 csr=0.001 recovery=0.000 vectors=0.170 audit=0.072 commands=0.000
[economy-prelude-cost] day=14800 ms=0.904 pending=0
[economy-aggregate-cost] day=14800 publish_ms=0.511 native_hash_ms=0.151
[economy-ledger-cost] day=14800 copy_ms=0.072 validate_ms=0.019 hash_ms=0.070 cohorts=64 markets=42880
[economy-boundary-cost] day=14800 formulas_ms=3.390 stages_ms=2.379 mirror_ms=0.354
[runtime-day-cost] day=14800 ok=1 ms=4.758
[clock/step] delta=6.9ms speed=50x target=0.34d cap=2.98d/f cost=2.68ms ran=0 pulse=0.00ms loop=0.00ms full=0.42ms carry=0.63 barrier=
[clock/step] delta=6.9ms speed=50x target=0.34d cap=2.84d/f cost=2.83ms ran=1 pulse=0.00ms loop=2.87ms full=3.22ms carry=0.01 barrier=
[economy-open-finish] day=14900 country=0.070 workset=0.006 fiscal=0.005 csr=0.001 recovery=0.000 vectors=0.213 audit=0.115 commands=0.001
[economy-prelude-cost] day=14900 ms=0.536 pending=0
[economy-aggregate-cost] day=14900 publish_ms=0.412 native_hash_ms=0.135
[economy-ledger-cost] day=14900 copy_ms=0.060 validate_ms=0.018 hash_ms=0.132 cohorts=64 markets=42880
[economy-boundary-cost] day=14900 formulas_ms=2.804 stages_ms=2.220 mirror_ms=0.526
[runtime-day-cost] day=14900 ok=1 ms=4.031
[clock/step] delta=6.9ms speed=50x target=0.34d cap=3.17d/f cost=2.53ms ran=0 pulse=0.00ms loop=0.00ms full=0.32ms carry=0.39 barrier=
[clock/step] delta=6.9ms speed=50x target=0.34d cap=3.29d/f cost=2.44ms ran=0 pulse=0.00ms loop=0.00ms full=0.23ms carry=0.76 barrier=
[clock/step] delta=6.9ms speed=50x target=0.35d cap=2.51d/f cost=3.16ms ran=1 pulse=0.00ms loop=3.04ms full=3.41ms carry=0.33 barrier=
[economy-open-finish] day=15000 country=0.076 workset=0.006 fiscal=0.006 csr=0.001 recovery=0.000 vectors=0.108 audit=0.060 commands=0.000
[economy-prelude-cost] day=15000 ms=0.367 pending=0
[economy-aggregate-cost] day=15000 publish_ms=0.437 native_hash_ms=0.335
[economy-ledger-cost] day=15000 copy_ms=0.133 validate_ms=0.037 hash_ms=0.111 cohorts=64 markets=42880
[economy-boundary-cost] day=15000 formulas_ms=2.296 stages_ms=1.878 mirror_ms=0.641
[runtime-day-cost] day=15000 ok=1 ms=4.738
[clock/step] delta=6.9ms speed=50x target=0.34d cap=2.58d/f cost=3.11ms ran=0 pulse=0.00ms loop=0.00ms full=0.41ms carry=0.86 barrier=
[clock/step] delta=6.9ms speed=50x target=0.34d cap=3.83d/f cost=2.01ms ran=1 pulse=0.00ms loop=1.71ms full=1.92ms carry=0.23 barrier=
[economy-open-finish] day=15100 country=0.113 workset=0.007 fiscal=0.016 csr=0.001 recovery=0.000 vectors=0.108 audit=0.059 commands=0.001
[economy-prelude-cost] day=15100 ms=0.417 pending=0
[economy-aggregate-cost] day=15100 publish_ms=0.531 native_hash_ms=0.141
[economy-ledger-cost] day=15100 copy_ms=0.068 validate_ms=0.018 hash_ms=0.067 cohorts=64 markets=42880
[economy-boundary-cost] day=15100 formulas_ms=2.163 stages_ms=1.694 mirror_ms=0.384
[runtime-day-cost] day=15100 ok=1 ms=3.267
[clock/step] delta=6.9ms speed=50x target=0.34d cap=4.11d/f cost=1.95ms ran=0 pulse=0.00ms loop=0.00ms full=0.32ms carry=0.61 barrier=
[clock/step] delta=6.9ms speed=50x target=0.34d cap=3.35d/f cost=2.39ms ran=0 pulse=0.00ms loop=0.00ms full=0.71ms carry=0.99 barrier=
[clock/step] delta=6.9ms speed=50x target=0.34d cap=4.19d/f cost=1.91ms ran=0 pulse=0.00ms loop=0.00ms full=0.32ms carry=0.36 barrier=
[economy-open-finish] day=15200 country=0.092 workset=0.008 fiscal=0.005 csr=0.001 recovery=0.000 vectors=0.105 audit=0.083 commands=0.001
[economy-prelude-cost] day=15200 ms=0.416 pending=0
[economy-aggregate-cost] day=15200 publish_ms=0.414 native_hash_ms=0.156
[economy-ledger-cost] day=15200 copy_ms=0.068 validate_ms=0.021 hash_ms=0.073 cohorts=64 markets=42880
[economy-boundary-cost] day=15200 formulas_ms=2.442 stages_ms=1.969 mirror_ms=0.353
[runtime-day-cost] day=15200 ok=1 ms=3.585
[clock/step] delta=6.9ms speed=50x target=0.34d cap=3.16d/f cost=2.53ms ran=0 pulse=0.00ms loop=0.00ms full=0.30ms carry=0.74 barrier=
[clock/step] delta=6.9ms speed=50x target=0.34d cap=3.93d/f cost=1.96ms ran=1 pulse=0.00ms loop=1.65ms full=1.83ms carry=0.11 barrier=
[economy-open-finish] day=15300 country=0.071 workset=0.006 fiscal=0.005 csr=0.001 recovery=0.000 vectors=0.100 audit=0.056 commands=0.000
[economy-prelude-cost] day=15300 ms=0.335 pending=0
[economy-aggregate-cost] day=15300 publish_ms=0.309 native_hash_ms=0.138
[economy-ledger-cost] day=15300 copy_ms=0.068 validate_ms=0.018 hash_ms=0.062 cohorts=64 markets=42880
[economy-boundary-cost] day=15300 formulas_ms=1.759 stages_ms=1.376 mirror_ms=0.321
[runtime-day-cost] day=15300 ok=1 ms=3.352
[clock/step] delta=6.9ms speed=50x target=0.34d cap=3.91d/f cost=2.05ms ran=0 pulse=0.00ms loop=0.00ms full=0.58ms carry=0.49 barrier=
[clock/step] delta=6.9ms speed=50x target=0.34d cap=3.56d/f cost=2.25ms ran=0 pulse=0.00ms loop=0.00ms full=0.33ms carry=0.87 barrier=
[economy-open-finish] day=15400 country=0.075 workset=0.006 fiscal=0.005 csr=0.001 recovery=0.000 vectors=0.084 audit=0.060 commands=0.000
[economy-prelude-cost] day=15400 ms=0.334 pending=0
[economy-aggregate-cost] day=15400 publish_ms=0.323 native_hash_ms=0.142
[economy-ledger-cost] day=15400 copy_ms=0.067 validate_ms=0.018 hash_ms=0.064 cohorts=64 markets=42880
[economy-boundary-cost] day=15400 formulas_ms=1.776 stages_ms=1.392 mirror_ms=0.325
[runtime-day-cost] day=15400 ok=1 ms=2.705
[clock/step] delta=6.9ms speed=50x target=0.34d cap=2.83d/f cost=2.59ms ran=1 pulse=0.00ms loop=1.61ms full=1.79ms carry=0.24 barrier=
[clock/step] delta=6.9ms speed=50x target=0.34d cap=4.03d/f cost=1.99ms ran=0 pulse=0.00ms loop=0.00ms full=0.40ms carry=0.62 barrier=
[clock/step] delta=6.9ms speed=50x target=0.34d cap=4.08d/f cost=1.96ms ran=0 pulse=0.00ms loop=0.00ms full=0.31ms carry=0.99 barrier=
[economy-open-finish] day=15500 country=0.155 workset=0.010 fiscal=0.013 csr=0.001 recovery=0.000 vectors=0.180 audit=0.127 commands=0.001
[economy-prelude-cost] day=15500 ms=0.712 pending=0
[economy-aggregate-cost] day=15500 publish_ms=0.985 native_hash_ms=0.303
[economy-ledger-cost] day=15500 copy_ms=0.187 validate_ms=0.039 hash_ms=0.118 cohorts=64 markets=42880
[economy-boundary-cost] day=15500 formulas_ms=4.232 stages_ms=3.414 mirror_ms=0.733
[runtime-day-cost] day=15500 ok=1 ms=6.564
[clock/step] delta=6.9ms speed=50x target=0.34d cap=3.38d/f cost=2.36ms ran=0 pulse=0.00ms loop=0.00ms full=0.23ms carry=0.37 barrier=
[clock/step] delta=6.9ms speed=50x target=0.34d cap=4.25d/f cost=1.88ms ran=0 pulse=0.00ms loop=0.00ms full=0.34ms carry=0.75 barrier=
[economy-open-finish] day=15600 country=0.073 workset=0.006 fiscal=0.005 csr=0.001 recovery=0.000 vectors=0.084 audit=0.060 commands=0.000
[economy-prelude-cost] day=15600 ms=0.330 pending=0
[economy-aggregate-cost] day=15600 publish_ms=0.320 native_hash_ms=0.138
[economy-ledger-cost] day=15600 copy_ms=0.061 validate_ms=0.018 hash_ms=0.063 cohorts=64 markets=42880
[economy-boundary-cost] day=15600 formulas_ms=1.753 stages_ms=1.376 mirror_ms=0.317
[runtime-day-cost] day=15600 ok=1 ms=3.276
[clock/step] delta=6.9ms speed=50x target=0.34d cap=3.78d/f cost=2.03ms ran=1 pulse=0.00ms loop=1.69ms full=1.88ms carry=0.12 barrier=
[clock/step] delta=6.9ms speed=50x target=0.34d cap=3.98d/f cost=2.01ms ran=0 pulse=0.00ms loop=0.00ms full=0.30ms carry=0.50 barrier=
[clock/step] delta=6.9ms speed=50x target=0.35d cap=2.40d/f cost=3.33ms ran=0 pulse=0.00ms loop=0.00ms full=0.33ms carry=0.90 barrier=
[economy-open-finish] day=15700 country=0.077 workset=0.007 fiscal=0.006 csr=0.001 recovery=0.000 vectors=0.085 audit=0.059 commands=0.000
[economy-prelude-cost] day=15700 ms=0.345 pending=0
[economy-aggregate-cost] day=15700 publish_ms=0.305 native_hash_ms=0.143
[economy-ledger-cost] day=15700 copy_ms=0.067 validate_ms=0.018 hash_ms=0.066 cohorts=64 markets=42880
[economy-boundary-cost] day=15700 formulas_ms=1.873 stages_ms=1.479 mirror_ms=0.334
[runtime-day-cost] day=15700 ok=1 ms=2.928
[clock/step] delta=6.9ms speed=50x target=0.34d cap=2.89d/f cost=2.77ms ran=1 pulse=0.00ms loop=2.79ms full=3.10ms carry=0.30 barrier=
[clock/step] delta=6.9ms speed=50x target=0.34d cap=3.82d/f cost=2.09ms ran=0 pulse=0.00ms loop=0.00ms full=0.27ms carry=0.68 barrier=
[economy-open-finish] day=15800 country=0.072 workset=0.006 fiscal=0.005 csr=0.001 recovery=0.000 vectors=0.078 audit=0.055 commands=0.000
[economy-prelude-cost] day=15800 ms=0.319 pending=0
[economy-aggregate-cost] day=15800 publish_ms=0.316 native_hash_ms=0.136
[economy-ledger-cost] day=15800 copy_ms=0.064 validate_ms=0.020 hash_ms=0.072 cohorts=64 markets=42880
[economy-boundary-cost] day=15800 formulas_ms=1.726 stages_ms=1.361 mirror_ms=0.333
[runtime-day-cost] day=15800 ok=1 ms=2.640
[clock/step] delta=6.9ms speed=50x target=0.34d cap=4.01d/f cost=1.98ms ran=1 pulse=0.00ms loop=1.90ms full=2.13ms carry=0.05 barrier=
[clock/step] delta=6.9ms speed=50x target=0.34d cap=3.17d/f cost=2.52ms ran=0 pulse=0.00ms loop=0.00ms full=0.34ms carry=0.43 barrier=
[economy-open-finish] day=15900 country=0.081 workset=0.006 fiscal=0.006 csr=0.001 recovery=0.000 vectors=0.091 audit=0.062 commands=0.000
[economy-prelude-cost] day=15900 ms=0.363 pending=0
[economy-aggregate-cost] day=15900 publish_ms=0.353 native_hash_ms=0.153
[economy-ledger-cost] day=15900 copy_ms=0.069 validate_ms=0.020 hash_ms=0.070 cohorts=64 markets=42880
[economy-boundary-cost] day=15900 formulas_ms=1.998 stages_ms=1.583 mirror_ms=0.353
[runtime-day-cost] day=15900 ok=1 ms=3.825
[clock/step] delta=6.9ms speed=50x target=0.35d cap=3.44d/f cost=2.63ms ran=1 pulse=0.00ms loop=3.84ms full=4.22ms carry=0.09 barrier=
[clock/step] delta=6.9ms speed=50x target=0.34d cap=3.53d/f cost=2.27ms ran=0 pulse=0.00ms loop=0.00ms full=0.25ms carry=0.52 barrier=
[clock/step] delta=6.9ms speed=50x target=0.34d cap=4.42d/f cost=1.81ms ran=0 pulse=0.00ms loop=0.00ms full=0.32ms carry=0.90 barrier=
[economy-open-finish] day=16000 country=0.143 workset=0.009 fiscal=0.006 csr=0.001 recovery=0.000 vectors=0.096 audit=0.066 commands=0.001
[economy-prelude-cost] day=16000 ms=0.465 pending=0
[economy-aggregate-cost] day=16000 publish_ms=0.302 native_hash_ms=0.139
[economy-ledger-cost] day=16000 copy_ms=0.074 validate_ms=0.018 hash_ms=0.069 cohorts=64 markets=42880
[economy-boundary-cost] day=16000 formulas_ms=2.140 stages_ms=1.583 mirror_ms=0.334
[runtime-day-cost] day=16000 ok=1 ms=3.149
[clock/step] delta=6.9ms speed=50x target=0.34d cap=4.00d/f cost=2.20ms ran=1 pulse=0.00ms loop=2.97ms full=3.52ms carry=0.28 barrier=
[clock/step] delta=6.9ms speed=50x target=0.35d cap=3.04d/f cost=2.63ms ran=0 pulse=0.00ms loop=0.00ms full=0.31ms carry=0.72 barrier=
[economy-open-finish] day=16100 country=0.078 workset=0.006 fiscal=0.006 csr=0.001 recovery=0.000 vectors=0.085 audit=0.060 commands=0.001
[economy-prelude-cost] day=16100 ms=0.349 pending=0
[economy-aggregate-cost] day=16100 publish_ms=0.370 native_hash_ms=0.145
[economy-ledger-cost] day=16100 copy_ms=0.068 validate_ms=0.019 hash_ms=0.068 cohorts=64 markets=42880
[economy-boundary-cost] day=16100 formulas_ms=1.966 stages_ms=1.566 mirror_ms=0.341
[runtime-day-cost] day=16100 ok=1 ms=3.048
[clock/step] delta=6.9ms speed=50x target=0.34d cap=4.02d/f cost=1.99ms ran=0 pulse=0.00ms loop=0.00ms full=0.28ms carry=0.37 barrier=
[clock/step] delta=6.9ms speed=50x target=0.34d cap=2.92d/f cost=2.74ms ran=0 pulse=0.00ms loop=0.00ms full=0.79ms carry=0.75 barrier=
[clock/step] delta=6.9ms speed=50x target=0.34d cap=3.96d/f cost=2.03ms ran=1 pulse=0.00ms loop=2.08ms full=2.40ms carry=0.13 barrier=
[economy-open-finish] day=16200 country=0.101 workset=0.007 fiscal=0.006 csr=0.001 recovery=0.000 vectors=0.118 audit=0.064 commands=0.001
[economy-prelude-cost] day=16200 ms=0.422 pending=0
[economy-aggregate-cost] day=16200 publish_ms=0.528 native_hash_ms=0.168
[economy-ledger-cost] day=16200 copy_ms=0.090 validate_ms=0.023 hash_ms=0.097 cohorts=64 markets=42880
[economy-boundary-cost] day=16200 formulas_ms=2.442 stages_ms=1.967 mirror_ms=0.426
[runtime-day-cost] day=16200 ok=1 ms=5.109
[clock/step] delta=6.9ms speed=50x target=0.34d cap=3.24d/f cost=2.47ms ran=0 pulse=0.00ms loop=0.00ms full=0.36ms carry=0.50 barrier=
[clock/step] delta=6.9ms speed=50x target=0.34d cap=4.40d/f cost=1.82ms ran=0 pulse=0.00ms loop=0.00ms full=0.23ms carry=0.88 barrier=
[economy-open-finish] day=16300 country=0.074 workset=0.006 fiscal=0.006 csr=0.001 recovery=0.000 vectors=0.084 audit=0.058 commands=0.000
[economy-prelude-cost] day=16300 ms=0.345 pending=0
[economy-aggregate-cost] day=16300 publish_ms=0.296 native_hash_ms=0.145
[economy-ledger-cost] day=16300 copy_ms=0.070 validate_ms=0.018 hash_ms=0.065 cohorts=64 markets=42880
[economy-boundary-cost] day=16300 formulas_ms=2.149 stages_ms=1.750 mirror_ms=0.351
[runtime-day-cost] day=16300 ok=1 ms=3.352
[clock/step] delta=6.9ms speed=50x target=0.34d cap=4.31d/f cost=2.53ms ran=1 pulse=0.00ms loop=5.23ms full=5.41ms carry=0.25 barrier=
[clock/step] delta=6.9ms speed=50x target=0.34d cap=4.29d/f cost=1.87ms ran=0 pulse=0.00ms loop=0.00ms full=0.28ms carry=0.63 barrier=
[economy-open-finish] day=16400 country=0.126 workset=0.010 fiscal=0.008 csr=0.001 recovery=0.000 vectors=0.144 audit=0.113 commands=0.001
[economy-prelude-cost] day=16400 ms=0.576 pending=0
[clock/step] delta=6.9ms speed=50x target=0.34d cap=3.39d/f cost=2.49ms ran=1 pulse=0.00ms loop=3.00ms full=3.41ms carry=0.01 barrier=
[economy-aggregate-cost] day=16400 publish_ms=0.404 native_hash_ms=0.171
[economy-ledger-cost] day=16400 copy_ms=0.089 validate_ms=0.028 hash_ms=0.082 cohorts=64 markets=42880
[economy-boundary-cost] day=16400 formulas_ms=2.711 stages_ms=2.039 mirror_ms=0.414
[runtime-day-cost] day=16400 ok=1 ms=4.417
[clock/step] delta=6.9ms speed=50x target=0.35d cap=3.78d/f cost=2.11ms ran=0 pulse=0.00ms loop=0.00ms full=0.46ms carry=0.53 barrier=
[clock/step] delta=6.9ms speed=50x target=0.34d cap=4.06d/f cost=1.91ms ran=1 pulse=0.00ms loop=1.67ms full=1.85ms carry=0.10 barrier=
[economy-open-finish] day=16500 country=0.162 workset=0.007 fiscal=0.005 csr=0.001 recovery=0.000 vectors=0.217 audit=0.160 commands=0.001
[economy-prelude-cost] day=16500 ms=0.676 pending=0
[economy-aggregate-cost] day=16500 publish_ms=0.283 native_hash_ms=0.138
[economy-ledger-cost] day=16500 copy_ms=0.064 validate_ms=0.017 hash_ms=0.063 cohorts=64 markets=42880
[economy-boundary-cost] day=16500 formulas_ms=2.904 stages_ms=2.130 mirror_ms=0.319
[runtime-day-cost] day=16500 ok=1 ms=5.551
[clock/step] delta=6.9ms speed=50x target=0.34d cap=3.56d/f cost=2.25ms ran=0 pulse=0.00ms loop=0.00ms full=0.28ms carry=0.48 barrier=
[clock/step] delta=6.9ms speed=50x target=0.34d cap=3.46d/f cost=2.31ms ran=0 pulse=0.00ms loop=0.00ms full=0.37ms carry=0.85 barrier=
[economy-open-finish] day=16600 country=0.094 workset=0.009 fiscal=0.006 csr=0.001 recovery=0.000 vectors=0.160 audit=0.070 commands=0.001
[economy-prelude-cost] day=16600 ms=0.487 pending=0
[economy-aggregate-cost] day=16600 publish_ms=0.502 native_hash_ms=0.173
[economy-ledger-cost] day=16600 copy_ms=0.089 validate_ms=0.023 hash_ms=0.096 cohorts=64 markets=42880
[economy-boundary-cost] day=16600 formulas_ms=3.394 stages_ms=2.853 mirror_ms=0.431
[runtime-day-cost] day=16600 ok=1 ms=4.600
[clock/step] delta=6.9ms speed=50x target=0.34d cap=3.42d/f cost=2.97ms ran=1 pulse=0.00ms loop=5.47ms full=5.67ms carry=0.23 barrier=
[clock/step] delta=6.9ms speed=50x target=0.34d cap=3.46d/f cost=2.31ms ran=0 pulse=0.00ms loop=0.00ms full=0.26ms carry=0.61 barrier=
[clock/step] delta=6.9ms speed=50x target=0.34d cap=4.05d/f cost=1.98ms ran=0 pulse=0.00ms loop=0.00ms full=0.23ms carry=0.98 barrier=
[economy-open-finish] day=16700 country=0.075 workset=0.007 fiscal=0.006 csr=0.001 recovery=0.000 vectors=0.104 audit=0.056 commands=0.000
[economy-prelude-cost] day=16700 ms=0.355 pending=0
[economy-aggregate-cost] day=16700 publish_ms=0.297 native_hash_ms=0.135
[economy-ledger-cost] day=16700 copy_ms=0.067 validate_ms=0.017 hash_ms=0.062 cohorts=64 markets=42880
[economy-boundary-cost] day=16700 formulas_ms=1.896 stages_ms=1.494 mirror_ms=0.318
[runtime-day-cost] day=16700 ok=1 ms=2.938
[clock/step] delta=6.9ms speed=50x target=0.34d cap=3.09d/f cost=2.59ms ran=0 pulse=0.00ms loop=0.00ms full=0.46ms carry=0.36 barrier=
[clock/step] delta=6.9ms speed=50x target=0.34d cap=3.08d/f cost=2.60ms ran=0 pulse=0.00ms loop=0.00ms full=0.75ms carry=0.73 barrier=
[economy-open-finish] day=16800 country=0.078 workset=0.006 fiscal=0.006 csr=0.001 recovery=0.000 vectors=0.109 audit=0.058 commands=0.000
[economy-prelude-cost] day=16800 ms=0.362 pending=0
[economy-aggregate-cost] day=16800 publish_ms=0.363 native_hash_ms=0.143
[economy-ledger-cost] day=16800 copy_ms=0.061 validate_ms=0.018 hash_ms=0.064 cohorts=64 markets=42880
[economy-boundary-cost] day=16800 formulas_ms=1.948 stages_ms=1.538 mirror_ms=0.324
[runtime-day-cost] day=16800 ok=1 ms=3.501
[clock/step] delta=6.9ms speed=50x target=0.35d cap=4.10d/f cost=1.96ms ran=1 pulse=0.00ms loop=1.99ms full=2.18ms carry=0.31 barrier=
[clock/step] delta=6.9ms speed=50x target=0.34d cap=4.18d/f cost=1.92ms ran=0 pulse=0.00ms loop=0.00ms full=0.30ms carry=0.83 barrier=
[clock/step] delta=6.9ms speed=50x target=0.34d cap=3.93d/f cost=1.98ms ran=1 pulse=0.00ms loop=1.74ms full=1.93ms carry=0.21 barrier=
[economy-open-finish] day=16900 country=0.092 workset=0.007 fiscal=0.006 csr=0.001 recovery=0.000 vectors=0.120 audit=0.067 commands=0.001
[economy-prelude-cost] day=16900 ms=0.439 pending=0
[economy-aggregate-cost] day=16900 publish_ms=0.364 native_hash_ms=0.162
[economy-ledger-cost] day=16900 copy_ms=0.082 validate_ms=0.020 hash_ms=0.075 cohorts=64 markets=42880
[economy-boundary-cost] day=16900 formulas_ms=2.367 stages_ms=1.872 mirror_ms=0.379
[runtime-day-cost] day=16900 ok=1 ms=3.560
[clock/step] delta=6.9ms speed=50x target=0.34d cap=3.67d/f cost=2.18ms ran=0 pulse=0.00ms loop=0.00ms full=0.27ms carry=0.58 barrier=
[clock/step] delta=6.9ms speed=50x target=0.34d cap=3.51d/f cost=2.28ms ran=0 pulse=0.00ms loop=0.00ms full=0.22ms carry=0.96 barrier=
[economy-open-finish] day=17000 country=0.072 workset=0.006 fiscal=0.005 csr=0.001 recovery=0.000 vectors=0.103 audit=0.056 commands=0.000
[economy-prelude-cost] day=17000 ms=0.346 pending=0
[economy-aggregate-cost] day=17000 publish_ms=0.292 native_hash_ms=0.136
[economy-ledger-cost] day=17000 copy_ms=0.065 validate_ms=0.018 hash_ms=0.064 cohorts=64 markets=42880
[economy-boundary-cost] day=17000 formulas_ms=1.834 stages_ms=1.440 mirror_ms=0.320
[runtime-day-cost] day=17000 ok=1 ms=2.750
[clock/step] delta=6.9ms speed=50x target=0.34d cap=4.14d/f cost=1.87ms ran=1 pulse=0.00ms loop=1.62ms full=1.79ms carry=0.34 barrier=
[clock/step] delta=6.9ms speed=50x target=0.34d cap=4.02d/f cost=1.99ms ran=0 pulse=0.00ms loop=0.00ms full=0.31ms carry=0.71 barrier=
[economy-open-finish] day=17100 country=0.077 workset=0.006 fiscal=0.005 csr=0.001 recovery=0.000 vectors=0.109 audit=0.060 commands=0.001
[economy-prelude-cost] day=17100 ms=0.364 pending=0
[economy-aggregate-cost] day=17100 publish_ms=0.493 native_hash_ms=0.151
[economy-ledger-cost] day=17100 copy_ms=0.068 validate_ms=0.019 hash_ms=0.072 cohorts=64 markets=42880
[economy-boundary-cost] day=17100 formulas_ms=2.213 stages_ms=1.800 mirror_ms=0.347
[runtime-day-cost] day=17100 ok=1 ms=3.938
[clock/step] delta=6.9ms speed=50x target=0.34d cap=3.95d/f cost=2.00ms ran=1 pulse=0.00ms loop=1.90ms full=2.10ms carry=0.09 barrier=
[clock/step] delta=6.9ms speed=50x target=0.34d cap=3.83d/f cost=2.09ms ran=0 pulse=0.00ms loop=0.00ms full=0.23ms carry=0.46 barrier=
[clock/step] delta=6.9ms speed=50x target=0.34d cap=3.99d/f cost=2.00ms ran=0 pulse=0.00ms loop=0.00ms full=0.53ms carry=0.84 barrier=
[economy-open-finish] day=17200 country=0.075 workset=0.006 fiscal=0.006 csr=0.001 recovery=0.000 vectors=0.106 audit=0.058 commands=0.000
[economy-prelude-cost] day=17200 ms=0.361 pending=0
[economy-aggregate-cost] day=17200 publish_ms=0.314 native_hash_ms=0.137
[economy-ledger-cost] day=17200 copy_ms=0.065 validate_ms=0.018 hash_ms=0.064 cohorts=64 markets=42880
[economy-boundary-cost] day=17200 formulas_ms=1.931 stages_ms=1.523 mirror_ms=0.321
[runtime-day-cost] day=17200 ok=1 ms=2.848
[clock/step] delta=6.9ms speed=50x target=0.34d cap=4.07d/f cost=2.01ms ran=1 pulse=0.00ms loop=2.19ms full=2.40ms carry=0.22 barrier=
[clock/step] delta=6.9ms speed=50x target=0.34d cap=2.75d/f cost=2.91ms ran=0 pulse=0.00ms loop=0.00ms full=0.20ms carry=0.59 barrier=
[economy-open-finish] day=17300 country=0.077 workset=0.006 fiscal=0.006 csr=0.001 recovery=0.000 vectors=0.115 audit=0.062 commands=0.001
[economy-prelude-cost] day=17300 ms=0.377 pending=0
[economy-aggregate-cost] day=17300 publish_ms=0.443 native_hash_ms=0.156
[economy-ledger-cost] day=17300 copy_ms=0.075 validate_ms=0.020 hash_ms=0.075 cohorts=64 markets=42880
[economy-boundary-cost] day=17300 formulas_ms=2.124 stages_ms=1.697 mirror_ms=0.365
[runtime-day-cost] day=17300 ok=1 ms=3.253
[clock/step] delta=6.9ms speed=50x target=0.34d cap=3.86d/f cost=2.07ms ran=0 pulse=0.00ms loop=0.00ms full=0.28ms carry=0.97 barrier=
[clock/step] delta=6.9ms speed=50x target=0.34d cap=3.30d/f cost=2.30ms ran=1 pulse=0.00ms loop=1.81ms full=2.00ms carry=0.34 barrier=
[clock/step] delta=6.9ms speed=50x target=0.34d cap=3.77d/f cost=2.12ms ran=0 pulse=0.00ms loop=0.00ms full=0.17ms carry=0.72 barrier=
[economy-open-finish] day=17400 country=0.071 workset=0.006 fiscal=0.005 csr=0.001 recovery=0.000 vectors=0.104 audit=0.057 commands=0.000
[economy-prelude-cost] day=17400 ms=0.346 pending=0
[economy-aggregate-cost] day=17400 publish_ms=0.522 native_hash_ms=0.144
[economy-ledger-cost] day=17400 copy_ms=0.071 validate_ms=0.018 hash_ms=0.066 cohorts=64 markets=42880
[economy-boundary-cost] day=17400 formulas_ms=2.230 stages_ms=1.837 mirror_ms=0.334
[runtime-day-cost] day=17400 ok=1 ms=3.740
[clock/step] delta=6.9ms speed=50x target=0.34d cap=3.72d/f cost=2.28ms ran=1 pulse=0.00ms loop=2.79ms full=3.11ms carry=0.10 barrier=
[clock/step] delta=6.9ms speed=50x target=0.34d cap=3.91d/f cost=2.05ms ran=0 pulse=0.00ms loop=0.00ms full=0.24ms carry=0.47 barrier=
[economy-open-finish] day=17500 country=0.072 workset=0.006 fiscal=0.005 csr=0.001 recovery=0.000 vectors=0.103 audit=0.057 commands=0.001
[economy-prelude-cost] day=17500 ms=0.355 pending=0
[economy-aggregate-cost] day=17500 publish_ms=0.328 native_hash_ms=0.143
[economy-ledger-cost] day=17500 copy_ms=0.073 validate_ms=0.018 hash_ms=0.067 cohorts=64 markets=42880
[economy-boundary-cost] day=17500 formulas_ms=2.166 stages_ms=1.764 mirror_ms=0.335
[runtime-day-cost] day=17500 ok=1 ms=3.184
[clock/step] delta=6.9ms speed=50x target=0.34d cap=4.22d/f cost=1.90ms ran=0 pulse=0.00ms loop=0.00ms full=0.30ms carry=0.85 barrier=
[clock/step] delta=6.9ms speed=50x target=0.35d cap=4.19d/f cost=1.91ms ran=0 pulse=0.00ms loop=0.00ms full=0.43ms carry=0.50 barrier=
[economy-open-finish] day=17600 country=0.076 workset=0.006 fiscal=0.005 csr=0.001 recovery=0.000 vectors=0.110 audit=0.060 commands=0.000
[economy-prelude-cost] day=17600 ms=0.366 pending=0
[economy-aggregate-cost] day=17600 publish_ms=0.347 native_hash_ms=0.150
[economy-ledger-cost] day=17600 copy_ms=0.065 validate_ms=0.019 hash_ms=0.069 cohorts=64 markets=42880
[economy-boundary-cost] day=17600 formulas_ms=2.724 stages_ms=2.308 mirror_ms=0.342
[runtime-day-cost] day=17600 ok=1 ms=3.681
[clock/step] delta=6.9ms speed=50x target=0.34d cap=3.18d/f cost=2.51ms ran=0 pulse=0.00ms loop=0.00ms full=0.29ms carry=0.94 barrier=
[clock/step] delta=6.9ms speed=50x target=0.34d cap=3.59d/f cost=2.15ms ran=1 pulse=0.00ms loop=1.84ms full=2.04ms carry=0.32 barrier=
[clock/step] delta=6.9ms speed=50x target=0.34d cap=4.44d/f cost=1.80ms ran=0 pulse=0.00ms loop=0.00ms full=0.26ms carry=0.70 barrier=
[economy-open-finish] day=17700 country=0.073 workset=0.006 fiscal=0.005 csr=0.001 recovery=0.000 vectors=0.103 audit=0.057 commands=0.000
[economy-prelude-cost] day=17700 ms=0.348 pending=0
[economy-aggregate-cost] day=17700 publish_ms=0.315 native_hash_ms=0.142
[economy-ledger-cost] day=17700 copy_ms=0.065 validate_ms=0.018 hash_ms=0.067 cohorts=64 markets=42880
[economy-boundary-cost] day=17700 formulas_ms=1.932 stages_ms=1.537 mirror_ms=0.330
[runtime-day-cost] day=17700 ok=1 ms=3.613
[clock/step] delta=6.9ms speed=50x target=0.34d cap=4.43d/f cost=1.85ms ran=1 pulse=0.00ms loop=2.04ms full=2.27ms carry=0.07 barrier=
[clock/step] delta=6.9ms speed=50x target=0.34d cap=3.57d/f cost=2.24ms ran=0 pulse=0.00ms loop=0.00ms full=0.32ms carry=0.45 barrier=
[economy-open-finish] day=17800 country=0.113 workset=0.011 fiscal=0.008 csr=0.001 recovery=0.000 vectors=0.162 audit=0.096 commands=0.001
[economy-prelude-cost] day=17800 ms=0.533 pending=0
[economy-aggregate-cost] day=17800 publish_ms=0.497 native_hash_ms=0.178
[economy-ledger-cost] day=17800 copy_ms=0.093 validate_ms=0.026 hash_ms=0.092 cohorts=64 markets=42880
[economy-boundary-cost] day=17800 formulas_ms=2.713 stages_ms=2.097 mirror_ms=0.431
[runtime-day-cost] day=17800 ok=1 ms=3.986
[clock/step] delta=6.9ms speed=50x target=0.34d cap=3.46d/f cost=2.31ms ran=0 pulse=0.00ms loop=0.00ms full=0.38ms carry=0.82 barrier=
[clock/step] delta=6.9ms speed=50x target=0.34d cap=4.22d/f cost=2.05ms ran=1 pulse=0.00ms loop=2.65ms full=2.97ms carry=0.20 barrier=
[clock/step] delta=6.9ms speed=50x target=0.34d cap=3.70d/f cost=2.16ms ran=0 pulse=0.00ms loop=0.00ms full=0.29ms carry=0.58 barrier=
[economy-open-finish] day=17900 country=0.070 workset=0.005 fiscal=0.005 csr=0.001 recovery=0.000 vectors=0.119 audit=0.055 commands=0.000
[economy-prelude-cost] day=17900 ms=0.357 pending=0
[economy-aggregate-cost] day=17900 publish_ms=0.380 native_hash_ms=0.138
[economy-ledger-cost] day=17900 copy_ms=0.061 validate_ms=0.018 hash_ms=0.062 cohorts=64 markets=42880
[economy-boundary-cost] day=17900 formulas_ms=1.936 stages_ms=1.533 mirror_ms=0.320
[runtime-day-cost] day=17900 ok=1 ms=2.934
[clock/step] delta=6.9ms speed=50x target=0.34d cap=3.85d/f cost=2.08ms ran=0 pulse=0.00ms loop=0.00ms full=0.29ms carry=0.95 barrier=
[clock/step] delta=6.9ms speed=50x target=0.34d cap=3.06d/f cost=2.62ms ran=1 pulse=0.00ms loop=2.62ms full=2.88ms carry=0.33 barrier=
[economy-open-finish] day=18000 country=0.077 workset=0.006 fiscal=0.005 csr=0.001 recovery=0.000 vectors=0.112 audit=0.061 commands=0.000
[economy-prelude-cost] day=18000 ms=0.366 pending=0
[economy-aggregate-cost] day=18000 publish_ms=0.409 native_hash_ms=0.158
[economy-ledger-cost] day=18000 copy_ms=0.055 validate_ms=0.023 hash_ms=0.087 cohorts=64 markets=42880
[economy-boundary-cost] day=18000 formulas_ms=2.123 stages_ms=1.707 mirror_ms=0.358
[runtime-day-cost] day=18000 ok=1 ms=3.738
[clock/step] delta=6.9ms speed=50x target=0.34d cap=4.08d/f cost=1.96ms ran=0 pulse=0.00ms loop=0.00ms full=0.29ms carry=0.70 barrier=
[clock/step] delta=6.9ms speed=50x target=0.34d cap=3.36d/f cost=2.38ms ran=1 pulse=0.00ms loop=2.36ms full=2.56ms carry=0.08 barrier=
[clock/step] delta=6.9ms speed=50x target=0.34d cap=4.31d/f cost=1.86ms ran=0 pulse=0.00ms loop=0.00ms full=0.24ms carry=0.46 barrier=
[economy-open-finish] day=18100 country=0.074 workset=0.006 fiscal=0.005 csr=0.001 recovery=0.000 vectors=0.105 audit=0.058 commands=0.000
[economy-prelude-cost] day=18100 ms=0.359 pending=0
[economy-aggregate-cost] day=18100 publish_ms=0.488 native_hash_ms=0.149
[economy-ledger-cost] day=18100 copy_ms=0.075 validate_ms=0.028 hash_ms=0.079 cohorts=64 markets=42880
[economy-boundary-cost] day=18100 formulas_ms=2.209 stages_ms=1.804 mirror_ms=0.363
[runtime-day-cost] day=18100 ok=1 ms=3.288
[clock/step] delta=6.9ms speed=50x target=0.34d cap=3.76d/f cost=2.13ms ran=0 pulse=0.00ms loop=0.00ms full=0.48ms carry=0.83 barrier=
[clock/step] delta=6.9ms speed=50x target=0.35d cap=3.85d/f cost=2.08ms ran=0 pulse=0.00ms loop=0.00ms full=0.28ms carry=0.36 barrier=
[economy-open-finish] day=18200 country=0.079 workset=0.007 fiscal=0.006 csr=0.001 recovery=0.000 vectors=0.111 audit=0.061 commands=0.001
[economy-prelude-cost] day=18200 ms=0.380 pending=0
[economy-aggregate-cost] day=18200 publish_ms=0.348 native_hash_ms=0.152
[economy-ledger-cost] day=18200 copy_ms=0.071 validate_ms=0.019 hash_ms=0.072 cohorts=64 markets=42880
[economy-boundary-cost] day=18200 formulas_ms=2.199 stages_ms=1.769 mirror_ms=0.351
[runtime-day-cost] day=18200 ok=1 ms=3.187
[clock/step] delta=6.9ms speed=50x target=0.34d cap=3.24d/f cost=2.47ms ran=0 pulse=0.00ms loop=0.00ms full=0.51ms carry=0.93 barrier=
[clock/step] delta=6.9ms speed=50x target=0.35d cap=3.51d/f cost=2.28ms ran=0 pulse=0.00ms loop=0.00ms full=0.26ms carry=0.40 barrier=
[economy-open-finish] day=18300 country=0.147 workset=0.013 fiscal=0.006 csr=0.001 recovery=0.000 vectors=0.242 audit=0.107 commands=0.001
[economy-prelude-cost] day=18300 ms=0.789 pending=0
[economy-aggregate-cost] day=18300 publish_ms=0.410 native_hash_ms=0.166
[economy-ledger-cost] day=18300 copy_ms=0.079 validate_ms=0.021 hash_ms=0.077 cohorts=64 markets=42880
[economy-boundary-cost] day=18300 formulas_ms=4.735 stages_ms=3.881 mirror_ms=0.380
[runtime-day-cost] day=18300 ok=1 ms=6.603
[clock/step] delta=6.9ms speed=50x target=0.34d cap=2.98d/f cost=2.61ms ran=1 pulse=0.00ms loop=2.28ms full=2.50ms carry=0.03 barrier=
[clock/step] delta=6.9ms speed=50x target=0.34d cap=2.60d/f cost=3.07ms ran=0 pulse=0.00ms loop=0.00ms full=0.27ms carry=0.40 barrier=
[clock/step] delta=6.9ms speed=50x target=0.34d cap=3.17d/f cost=2.53ms ran=0 pulse=0.00ms loop=0.00ms full=0.28ms carry=0.78 barrier=
[economy-open-finish] day=18400 country=0.080 workset=0.007 fiscal=0.006 csr=0.001 recovery=0.000 vectors=0.108 audit=0.061 commands=0.001
[economy-prelude-cost] day=18400 ms=0.391 pending=0
[economy-aggregate-cost] day=18400 publish_ms=0.414 native_hash_ms=0.148
[economy-ledger-cost] day=18400 copy_ms=0.079 validate_ms=0.019 hash_ms=0.069 cohorts=64 markets=42880
[economy-boundary-cost] day=18400 formulas_ms=2.405 stages_ms=1.962 mirror_ms=0.352
[runtime-day-cost] day=18400 ok=1 ms=3.398
[clock/step] delta=6.9ms speed=50x target=0.34d cap=3.43d/f cost=2.25ms ran=1 pulse=0.00ms loop=1.91ms full=2.13ms carry=0.15 barrier=
[clock/step] delta=6.9ms speed=50x target=0.34d cap=3.99d/f cost=2.01ms ran=0 pulse=0.00ms loop=0.00ms full=0.28ms carry=0.53 barrier=
[economy-open-finish] day=18500 country=0.080 workset=0.006 fiscal=0.006 csr=0.001 recovery=0.000 vectors=0.114 audit=0.062 commands=0.001
[economy-prelude-cost] day=18500 ms=0.384 pending=0
[economy-aggregate-cost] day=18500 publish_ms=0.465 native_hash_ms=0.153
[economy-ledger-cost] day=18500 copy_ms=0.070 validate_ms=0.020 hash_ms=0.070 cohorts=64 markets=42880
[economy-boundary-cost] day=18500 formulas_ms=2.339 stages_ms=1.904 mirror_ms=0.371
[runtime-day-cost] day=18500 ok=1 ms=3.574
[clock/step] delta=6.9ms speed=50x target=0.34d cap=3.06d/f cost=2.62ms ran=0 pulse=0.00ms loop=0.00ms full=0.59ms carry=0.91 barrier=
[clock/step] delta=6.9ms speed=50x target=0.34d cap=2.98d/f cost=2.52ms ran=1 pulse=0.00ms loop=1.87ms full=2.07ms carry=0.28 barrier=
[clock/step] delta=6.9ms speed=50x target=0.34d cap=4.04d/f cost=1.98ms ran=0 pulse=0.00ms loop=0.00ms full=0.25ms carry=0.66 barrier=
[economy-open-finish] day=18600 country=0.075 workset=0.006 fiscal=0.005 csr=0.001 recovery=0.000 vectors=0.105 audit=0.058 commands=0.000
[economy-prelude-cost] day=18600 ms=0.357 pending=0
[economy-aggregate-cost] day=18600 publish_ms=0.311 native_hash_ms=0.143
[economy-ledger-cost] day=18600 copy_ms=0.063 validate_ms=0.018 hash_ms=0.065 cohorts=64 markets=42880
[economy-boundary-cost] day=18600 formulas_ms=1.956 stages_ms=1.551 mirror_ms=0.325
[runtime-day-cost] day=18600 ok=1 ms=3.493
[clock/step] delta=6.9ms speed=50x target=0.35d cap=3.91d/f cost=2.07ms ran=1 pulse=0.00ms loop=2.14ms full=2.31ms carry=0.19 barrier=
[clock/step] delta=6.9ms speed=50x target=0.34d cap=3.31d/f cost=2.42ms ran=0 pulse=0.00ms loop=0.00ms full=0.31ms carry=0.75 barrier=
[economy-open-finish] day=18700 country=0.078 workset=0.007 fiscal=0.006 csr=0.001 recovery=0.000 vectors=0.112 audit=0.062 commands=0.001
[economy-prelude-cost] day=18700 ms=0.391 pending=0
[economy-aggregate-cost] day=18700 publish_ms=0.408 native_hash_ms=0.149
[economy-ledger-cost] day=18700 copy_ms=0.074 validate_ms=0.022 hash_ms=0.079 cohorts=64 markets=42880
[economy-boundary-cost] day=18700 formulas_ms=2.804 stages_ms=2.363 mirror_ms=0.371
[runtime-day-cost] day=18700 ok=1 ms=4.003
[clock/step] delta=6.9ms speed=50x target=0.34d cap=3.64d/f cost=2.45ms ran=1 pulse=0.00ms loop=3.44ms full=3.83ms carry=0.13 barrier=
[clock/step] delta=6.9ms speed=50x target=0.34d cap=3.89d/f cost=2.06ms ran=0 pulse=0.00ms loop=0.00ms full=0.24ms carry=0.51 barrier=
[economy-open-finish] day=18800 country=0.074 workset=0.006 fiscal=0.020 csr=0.001 recovery=0.000 vectors=0.107 audit=0.058 commands=0.000
[economy-prelude-cost] day=18800 ms=0.374 pending=0
[economy-aggregate-cost] day=18800 publish_ms=0.418 native_hash_ms=0.164
[economy-ledger-cost] day=18800 copy_ms=0.080 validate_ms=0.022 hash_ms=0.079 cohorts=64 markets=42880
[economy-boundary-cost] day=18800 formulas_ms=2.116 stages_ms=1.695 mirror_ms=0.373
[runtime-day-cost] day=18800 ok=1 ms=3.092
[clock/step] delta=6.9ms speed=50x target=0.34d cap=3.32d/f cost=2.41ms ran=0 pulse=0.00ms loop=0.00ms full=0.46ms carry=0.88 barrier=
[clock/step] delta=6.9ms speed=50x target=0.34d cap=3.18d/f cost=2.45ms ran=1 pulse=0.00ms loop=2.17ms full=2.38ms carry=0.26 barrier=
[clock/step] delta=6.9ms speed=50x target=0.34d cap=3.37d/f cost=2.38ms ran=0 pulse=0.00ms loop=0.00ms full=0.28ms carry=0.63 barrier=
[economy-open-finish] day=18900 country=0.122 workset=0.009 fiscal=0.008 csr=0.001 recovery=0.000 vectors=0.186 audit=0.125 commands=0.001
[economy-prelude-cost] day=18900 ms=0.616 pending=0
[economy-aggregate-cost] day=18900 publish_ms=0.482 native_hash_ms=0.167
[economy-ledger-cost] day=18900 copy_ms=0.214 validate_ms=0.040 hash_ms=0.122 cohorts=64 markets=42880
[economy-boundary-cost] day=18900 formulas_ms=3.111 stages_ms=2.409 mirror_ms=0.806
[runtime-day-cost] day=18900 ok=1 ms=5.951
[clock/step] delta=6.9ms speed=50x target=0.34d cap=3.35d/f cost=2.26ms ran=1 pulse=0.00ms loop=1.75ms full=1.95ms carry=0.01 barrier=
[clock/step] delta=6.9ms speed=50x target=0.34d cap=3.40d/f cost=2.35ms ran=0 pulse=0.00ms loop=0.00ms full=0.65ms carry=0.39 barrier=
[economy-open-finish] day=19000 country=0.080 workset=0.006 fiscal=0.006 csr=0.001 recovery=0.000 vectors=0.103 audit=0.058 commands=0.001
[economy-prelude-cost] day=19000 ms=0.371 pending=0
[economy-aggregate-cost] day=19000 publish_ms=0.427 native_hash_ms=0.137
[economy-ledger-cost] day=19000 copy_ms=0.065 validate_ms=0.021 hash_ms=0.069 cohorts=64 markets=42880
[economy-boundary-cost] day=19000 formulas_ms=2.107 stages_ms=1.686 mirror_ms=0.332
[runtime-day-cost] day=19000 ok=1 ms=3.302
[clock/step] delta=6.9ms speed=50x target=0.34d cap=3.72d/f cost=2.15ms ran=0 pulse=0.00ms loop=0.00ms full=0.35ms carry=0.76 barrier=
[clock/step] delta=6.9ms speed=50x target=0.34d cap=3.51d/f cost=2.42ms ran=1 pulse=0.00ms loop=2.96ms full=3.14ms carry=0.14 barrier=
[clock/step] delta=6.9ms speed=50x target=0.34d cap=2.40d/f cost=3.33ms ran=0 pulse=0.00ms loop=0.00ms full=0.51ms carry=0.51 barrier=
[economy-open-finish] day=19100 country=0.127 workset=0.008 fiscal=0.011 csr=0.001 recovery=0.000 vectors=0.205 audit=0.117 commands=0.001
[economy-prelude-cost] day=19100 ms=0.676 pending=0
[economy-aggregate-cost] day=19100 publish_ms=0.401 native_hash_ms=0.141
[economy-ledger-cost] day=19100 copy_ms=0.068 validate_ms=0.018 hash_ms=0.067 cohorts=64 markets=42880
[economy-boundary-cost] day=19100 formulas_ms=2.774 stages_ms=2.008 mirror_ms=0.334
[runtime-day-cost] day=19100 ok=1 ms=4.252
[clock/step] delta=6.9ms speed=50x target=0.34d cap=2.96d/f cost=2.70ms ran=0 pulse=0.00ms loop=0.00ms full=0.37ms carry=0.89 barrier=
[clock/step] delta=6.9ms speed=50x target=0.34d cap=3.38d/f cost=2.39ms ran=1 pulse=0.00ms loop=2.44ms full=2.80ms carry=0.27 barrier=
[economy-open-finish] day=19200 country=0.157 workset=0.010 fiscal=0.014 csr=0.001 recovery=0.000 vectors=0.232 audit=0.130 commands=0.001
[economy-prelude-cost] day=19200 ms=0.786 pending=0
[economy-aggregate-cost] day=19200 publish_ms=0.553 native_hash_ms=0.297
[economy-ledger-cost] day=19200 copy_ms=0.153 validate_ms=0.039 hash_ms=0.117 cohorts=64 markets=42880
[economy-boundary-cost] day=19200 formulas_ms=4.067 stages_ms=3.173 mirror_ms=0.688
[runtime-day-cost] day=19200 ok=1 ms=7.138
[clock/step] delta=6.9ms speed=50x target=0.34d cap=2.80d/f cost=2.86ms ran=0 pulse=0.00ms loop=0.00ms full=0.48ms carry=0.64 barrier=
[clock/step] delta=6.9ms speed=50x target=0.34d cap=2.34d/f cost=3.32ms ran=1 pulse=0.00ms loop=2.92ms full=3.49ms carry=0.02 barrier=
[clock/step] delta=6.9ms speed=50x target=0.34d cap=2.33d/f cost=3.44ms ran=0 pulse=0.00ms loop=0.00ms full=0.44ms carry=0.39 barrier=
[economy-open-finish] day=19300 country=0.110 workset=0.010 fiscal=0.013 csr=0.001 recovery=0.001 vectors=0.168 audit=0.139 commands=0.001
[economy-prelude-cost] day=19300 ms=0.629 pending=0
[economy-aggregate-cost] day=19300 publish_ms=0.681 native_hash_ms=0.319
[economy-ledger-cost] day=19300 copy_ms=0.188 validate_ms=0.042 hash_ms=0.118 cohorts=64 markets=42880
[economy-boundary-cost] day=19300 formulas_ms=4.423 stages_ms=3.703 mirror_ms=0.736
[runtime-day-cost] day=19300 ok=1 ms=6.606
[clock/step] delta=6.9ms speed=50x target=0.34d cap=3.21d/f cost=2.49ms ran=0 pulse=0.00ms loop=0.00ms full=0.32ms carry=0.77 barrier=
[clock/step] delta=6.9ms speed=50x target=0.35d cap=3.06d/f cost=2.61ms ran=0 pulse=0.00ms loop=0.00ms full=0.42ms carry=0.41 barrier=
[economy-open-finish] day=19400 country=0.134 workset=0.008 fiscal=0.012 csr=0.001 recovery=0.000 vectors=0.216 audit=0.120 commands=0.001
[economy-prelude-cost] day=19400 ms=0.696 pending=0
[economy-aggregate-cost] day=19400 publish_ms=0.581 native_hash_ms=0.294
[economy-ledger-cost] day=19400 copy_ms=0.147 validate_ms=0.038 hash_ms=0.165 cohorts=64 markets=42880
[economy-boundary-cost] day=19400 formulas_ms=3.861 stages_ms=3.076 mirror_ms=0.754
[runtime-day-cost] day=19400 ok=1 ms=5.661
[clock/step] delta=6.9ms speed=50x target=0.34d cap=2.50d/f cost=3.21ms ran=0 pulse=0.00ms loop=0.00ms full=0.33ms carry=0.87 barrier=
[clock/step] delta=6.9ms speed=50x target=0.35d cap=2.78d/f cost=2.88ms ran=0 pulse=0.00ms loop=0.00ms full=0.29ms carry=0.45 barrier=
[economy-open-finish] day=19500 country=0.076 workset=0.006 fiscal=0.006 csr=0.001 recovery=0.000 vectors=0.104 audit=0.058 commands=0.001
[economy-prelude-cost] day=19500 ms=0.366 pending=0
[economy-aggregate-cost] day=19500 publish_ms=0.641 native_hash_ms=0.478
[economy-ledger-cost] day=19500 copy_ms=0.161 validate_ms=0.035 hash_ms=0.108 cohorts=64 markets=42880
[economy-boundary-cost] day=19500 formulas_ms=3.010 stages_ms=2.595 mirror_ms=0.524
[runtime-day-cost] day=19500 ok=1 ms=4.846
[clock/step] delta=6.9ms speed=50x target=0.34d cap=3.92d/f cost=2.04ms ran=0 pulse=0.00ms loop=0.00ms full=0.54ms carry=0.96 barrier=
[clock/step] delta=6.9ms speed=50x target=0.34d cap=2.65d/f cost=3.21ms ran=1 pulse=0.00ms loop=3.96ms full=4.50ms carry=0.34 barrier=
[clock/step] delta=6.9ms speed=50x target=0.34d cap=3.15d/f cost=2.54ms ran=0 pulse=0.00ms loop=0.00ms full=0.49ms carry=0.72 barrier=
[economy-open-finish] day=19600 country=0.137 workset=0.008 fiscal=0.010 csr=0.001 recovery=0.000 vectors=0.223 audit=0.124 commands=0.001
[economy-prelude-cost] day=19600 ms=0.720 pending=0
[economy-aggregate-cost] day=19600 publish_ms=0.579 native_hash_ms=0.311
[economy-ledger-cost] day=19600 copy_ms=0.176 validate_ms=0.038 hash_ms=0.115 cohorts=64 markets=42880
[economy-boundary-cost] day=19600 formulas_ms=4.050 stages_ms=3.234 mirror_ms=0.717
[runtime-day-cost] day=19600 ok=1 ms=5.731
[clock/step] delta=6.9ms speed=50x target=0.34d cap=2.66d/f cost=3.04ms ran=1 pulse=0.00ms loop=3.16ms full=3.58ms carry=0.09 barrier=
[clock/step] delta=6.9ms speed=50x target=0.34d cap=3.32d/f cost=2.41ms ran=0 pulse=0.00ms loop=0.00ms full=0.59ms carry=0.47 barrier=
[economy-open-finish] day=19700 country=0.076 workset=0.008 fiscal=0.006 csr=0.001 recovery=0.000 vectors=0.110 audit=0.059 commands=0.001
[economy-prelude-cost] day=19700 ms=0.380 pending=0
[economy-aggregate-cost] day=19700 publish_ms=0.410 native_hash_ms=0.144
[economy-ledger-cost] day=19700 copy_ms=0.069 validate_ms=0.022 hash_ms=0.075 cohorts=64 markets=42880
[economy-boundary-cost] day=19700 formulas_ms=2.198 stages_ms=1.767 mirror_ms=0.362
[runtime-day-cost] day=19700 ok=1 ms=3.293
[clock/step] delta=6.9ms speed=50x target=0.34d cap=1.99d/f cost=4.02ms ran=0 pulse=0.00ms loop=0.00ms full=0.59ms carry=0.84 barrier=
[clock/step] delta=6.9ms speed=50x target=0.34d cap=2.57d/f cost=3.03ms ran=1 pulse=0.00ms loop=2.69ms full=2.91ms carry=0.22 barrier=
[clock/step] delta=6.9ms speed=50x target=0.35d cap=2.60d/f cost=3.08ms ran=0 pulse=0.00ms loop=0.00ms full=0.52ms carry=0.67 barrier=
[economy-open-finish] day=19800 country=0.091 workset=0.007 fiscal=0.006 csr=0.001 recovery=0.000 vectors=0.146 audit=0.127 commands=0.011
[economy-prelude-cost] day=19800 ms=0.707 pending=0
[economy-aggregate-cost] day=19800 publish_ms=0.520 native_hash_ms=0.306
[economy-ledger-cost] day=19800 copy_ms=0.177 validate_ms=0.037 hash_ms=0.124 cohorts=64 markets=42880
[economy-boundary-cost] day=19800 formulas_ms=3.321 stages_ms=2.552 mirror_ms=0.703
[runtime-day-cost] day=19800 ok=1 ms=6.316
[clock/step] delta=6.9ms speed=50x target=0.34d cap=2.96d/f cost=2.50ms ran=1 pulse=0.00ms loop=1.68ms full=1.87ms carry=0.32 barrier=
[clock/step] delta=6.9ms speed=50x target=0.34d cap=2.65d/f cost=3.02ms ran=0 pulse=0.00ms loop=0.00ms full=0.65ms carry=0.69 barrier=
[economy-open-finish] day=19900 country=0.116 workset=0.009 fiscal=0.007 csr=0.001 recovery=0.000 vectors=0.183 audit=0.114 commands=0.001
[economy-prelude-cost] day=19900 ms=0.585 pending=0
[economy-aggregate-cost] day=19900 publish_ms=0.545 native_hash_ms=0.196
[economy-ledger-cost] day=19900 copy_ms=0.121 validate_ms=0.023 hash_ms=0.096 cohorts=64 markets=42880
[economy-boundary-cost] day=19900 formulas_ms=3.821 stages_ms=3.154 mirror_ms=0.512
[runtime-day-cost] day=19900 ok=1 ms=5.618
[clock/step] delta=6.9ms speed=50x target=0.34d cap=3.13d/f cost=2.44ms ran=1 pulse=0.00ms loop=1.96ms full=2.14ms carry=0.07 barrier=
[clock/step] delta=6.9ms speed=50x target=0.34d cap=3.00d/f cost=2.67ms ran=0 pulse=0.00ms loop=0.00ms full=0.42ms carry=0.44 barrier=
[economy-open-finish] day=20000 country=0.126 workset=0.007 fiscal=0.006 csr=0.001 recovery=0.000 vectors=0.110 audit=0.061 commands=0.001
[economy-prelude-cost] day=20000 ms=0.480 pending=0
[economy-aggregate-cost] day=20000 publish_ms=0.453 native_hash_ms=0.145
[economy-ledger-cost] day=20000 copy_ms=0.073 validate_ms=0.020 hash_ms=0.069 cohorts=64 markets=42880
[economy-boundary-cost] day=20000 formulas_ms=2.425 stages_ms=1.854 mirror_ms=0.452
[runtime-day-cost] day=20000 ok=1 ms=3.974
[clock/step] delta=6.9ms speed=50x target=0.34d cap=3.03d/f cost=2.64ms ran=0 pulse=0.00ms loop=0.00ms full=0.30ms carry=0.82 barrier=
[clock/step] delta=6.9ms speed=50x target=0.34d cap=3.89d/f cost=2.29ms ran=1 pulse=0.00ms loop=3.24ms full=3.46ms carry=0.20 barrier=
[clock/step] delta=7.1ms speed=50x target=0.36d cap=2.56d/f cost=3.13ms ran=0 pulse=0.00ms loop=0.00ms full=0.30ms carry=0.42 barrier=
[economy-open-finish] day=20100 country=0.189 workset=0.013 fiscal=0.005 csr=0.001 recovery=0.000 vectors=0.119 audit=0.063 commands=0.001
[economy-prelude-cost] day=20100 ms=0.521 pending=0
[economy-aggregate-cost] day=20100 publish_ms=0.443 native_hash_ms=0.150
[economy-ledger-cost] day=20100 copy_ms=0.069 validate_ms=0.018 hash_ms=0.066 cohorts=64 markets=42880
[economy-boundary-cost] day=20100 formulas_ms=3.303 stages_ms=2.731 mirror_ms=0.340
[runtime-day-cost] day=20100 ok=1 ms=4.952
[clock/step] delta=6.9ms speed=50x target=0.34d cap=2.70d/f cost=2.97ms ran=0 pulse=0.00ms loop=0.00ms full=0.46ms carry=0.64 barrier=
[clock/step] delta=6.9ms speed=50x target=0.34d cap=2.99d/f cost=2.71ms ran=1 pulse=0.00ms loop=2.88ms full=3.21ms carry=0.01 barrier=
[economy-open-finish] day=20200 country=0.097 workset=0.006 fiscal=0.006 csr=0.001 recovery=0.000 vectors=0.119 audit=0.061 commands=0.000
[economy-prelude-cost] day=20200 ms=0.456 pending=0
[economy-aggregate-cost] day=20200 publish_ms=0.500 native_hash_ms=0.216
[economy-ledger-cost] day=20200 copy_ms=0.082 validate_ms=0.019 hash_ms=0.076 cohorts=64 markets=42880
[economy-boundary-cost] day=20200 formulas_ms=2.494 stages_ms=1.983 mirror_ms=0.377
[runtime-day-cost] day=20200 ok=1 ms=3.858
[clock/step] delta=6.9ms speed=50x target=0.34d cap=2.53d/f cost=3.16ms ran=0 pulse=0.00ms loop=0.00ms full=0.20ms carry=0.39 barrier=
[clock/step] delta=6.9ms speed=50x target=0.34d cap=2.72d/f cost=2.94ms ran=0 pulse=0.00ms loop=0.00ms full=0.47ms carry=0.77 barrier=
[clock/step] delta=6.9ms speed=50x target=0.34d cap=3.23d/f cost=2.35ms ran=1 pulse=0.00ms loop=1.84ms full=2.04ms carry=0.14 barrier=
[economy-open-finish] day=20300 country=0.149 workset=0.010 fiscal=0.013 csr=0.001 recovery=0.000 vectors=0.213 audit=0.125 commands=0.001
[economy-prelude-cost] day=20300 ms=0.755 pending=0
[economy-aggregate-cost] day=20300 publish_ms=0.547 native_hash_ms=0.267
[economy-ledger-cost] day=20300 copy_ms=0.120 validate_ms=0.036 hash_ms=0.108 cohorts=64 markets=42880
[economy-boundary-cost] day=20300 formulas_ms=4.633 stages_ms=3.782 mirror_ms=0.610
[runtime-day-cost] day=20300 ok=1 ms=6.548
[clock/step] delta=6.9ms speed=50x target=0.34d cap=3.05d/f cost=2.62ms ran=0 pulse=0.00ms loop=0.00ms full=0.38ms carry=0.52 barrier=
[clock/step] delta=6.9ms speed=50x target=0.35d cap=4.00d/f cost=2.01ms ran=1 pulse=0.00ms loop=2.06ms full=2.23ms carry=0.11 barrier=
[economy-open-finish] day=20400 country=0.109 workset=0.009 fiscal=0.007 csr=0.001 recovery=0.000 vectors=0.182 audit=0.125 commands=0.001
[economy-prelude-cost] day=20400 ms=0.616 pending=0
[economy-aggregate-cost] day=20400 publish_ms=0.797 native_hash_ms=0.263
[economy-ledger-cost] day=20400 copy_ms=0.123 validate_ms=0.027 hash_ms=0.107 cohorts=64 markets=42880
[economy-boundary-cost] day=20400 formulas_ms=4.184 stages_ms=3.493 mirror_ms=0.483
[runtime-day-cost] day=20400 ok=1 ms=6.491
[clock/step] delta=6.9ms speed=50x target=0.34d cap=2.69d/f cost=2.98ms ran=0 pulse=0.00ms loop=0.00ms full=0.33ms carry=0.62 barrier=
[clock/step] delta=6.9ms speed=50x target=0.35d cap=2.58d/f cost=3.20ms ran=1 pulse=0.00ms loop=3.57ms full=3.91ms carry=0.13 barrier=
[economy-open-finish] day=20500 country=0.092 workset=0.006 fiscal=0.006 csr=0.001 recovery=0.000 vectors=0.084 audit=0.087 commands=0.001
[economy-prelude-cost] day=20500 ms=0.390 pending=0
[economy-aggregate-cost] day=20500 publish_ms=0.330 native_hash_ms=0.141
[economy-ledger-cost] day=20500 copy_ms=0.075 validate_ms=0.019 hash_ms=0.095 cohorts=64 markets=42880
[economy-boundary-cost] day=20500 formulas_ms=2.261 stages_ms=1.822 mirror_ms=0.378
[runtime-day-cost] day=20500 ok=1 ms=3.705
[clock/step] delta=6.9ms speed=50x target=0.34d cap=3.62d/f cost=2.21ms ran=0 pulse=0.00ms loop=0.00ms full=0.33ms carry=0.71 barrier=
[clock/step] delta=6.9ms speed=50x target=0.34d cap=2.77d/f cost=2.79ms ran=1 pulse=0.00ms loop=2.39ms full=2.61ms carry=0.09 barrier=
[clock/step] delta=6.9ms speed=50x target=0.34d cap=2.85d/f cost=2.81ms ran=0 pulse=0.00ms loop=0.00ms full=0.49ms carry=0.46 barrier=
[economy-open-finish] day=20600 country=0.075 workset=0.006 fiscal=0.005 csr=0.001 recovery=0.000 vectors=0.084 audit=0.059 commands=0.000
[economy-prelude-cost] day=20600 ms=0.340 pending=0
[economy-aggregate-cost] day=20600 publish_ms=0.391 native_hash_ms=0.143
[economy-ledger-cost] day=20600 copy_ms=0.065 validate_ms=0.019 hash_ms=0.066 cohorts=64 markets=42880
[economy-boundary-cost] day=20600 formulas_ms=2.054 stages_ms=1.668 mirror_ms=0.333
[runtime-day-cost] day=20600 ok=1 ms=3.018
[clock/step] delta=6.9ms speed=50x target=0.34d cap=2.19d/f cost=3.66ms ran=0 pulse=0.00ms loop=0.00ms full=0.33ms carry=0.84 barrier=
[clock/step] delta=6.9ms speed=50x target=0.34d cap=4.00d/f cost=1.99ms ran=1 pulse=0.00ms loop=1.96ms full=2.30ms carry=0.22 barrier=
[economy-open-finish] day=20700 country=0.078 workset=0.007 fiscal=0.006 csr=0.001 recovery=0.000 vectors=0.082 audit=0.061 commands=0.001
[economy-prelude-cost] day=20700 ms=0.354 pending=0
[economy-aggregate-cost] day=20700 publish_ms=0.572 native_hash_ms=0.173
[economy-ledger-cost] day=20700 copy_ms=0.084 validate_ms=0.023 hash_ms=0.079 cohorts=64 markets=42880
[economy-boundary-cost] day=20700 formulas_ms=2.899 stages_ms=2.494 mirror_ms=0.376
[runtime-day-cost] day=20700 ok=1 ms=4.580
[clock/step] delta=6.9ms speed=50x target=0.34d cap=3.79d/f cost=2.11ms ran=0 pulse=0.00ms loop=0.00ms full=0.28ms carry=0.59 barrier=
[clock/step] delta=6.9ms speed=50x target=0.34d cap=2.47d/f cost=3.24ms ran=0 pulse=0.00ms loop=0.00ms full=0.56ms carry=0.97 barrier=
[clock/step] delta=6.9ms speed=50x target=0.34d cap=2.14d/f cost=3.56ms ran=1 pulse=0.00ms loop=2.84ms full=3.25ms carry=0.34 barrier=
[economy-open-finish] day=20800 country=0.172 workset=0.010 fiscal=0.013 csr=0.001 recovery=0.000 vectors=0.176 audit=0.128 commands=0.001
[economy-prelude-cost] day=20800 ms=0.745 pending=0
[economy-aggregate-cost] day=20800 publish_ms=0.566 native_hash_ms=0.213
[economy-ledger-cost] day=20800 copy_ms=0.085 validate_ms=0.023 hash_ms=0.106 cohorts=64 markets=42880
[economy-boundary-cost] day=20800 formulas_ms=3.960 stages_ms=3.116 mirror_ms=0.437
[runtime-day-cost] day=20800 ok=1 ms=5.463
[clock/step] delta=6.9ms speed=50x target=0.35d cap=3.23d/f cost=2.48ms ran=0 pulse=0.00ms loop=0.00ms full=0.29ms carry=0.91 barrier=
[clock/step] delta=6.9ms speed=50x target=0.34d cap=3.44d/f cost=2.33ms ran=0 pulse=0.00ms loop=0.00ms full=0.27ms carry=0.44 barrier=
[economy-open-finish] day=20900 country=0.070 workset=0.005 fiscal=0.005 csr=0.001 recovery=0.000 vectors=0.080 audit=0.056 commands=0.000
[economy-prelude-cost] day=20900 ms=0.324 pending=0
[economy-aggregate-cost] day=20900 publish_ms=0.315 native_hash_ms=0.139
[economy-ledger-cost] day=20900 copy_ms=0.062 validate_ms=0.018 hash_ms=0.063 cohorts=64 markets=42880
[economy-boundary-cost] day=20900 formulas_ms=2.267 stages_ms=1.897 mirror_ms=0.315
[runtime-day-cost] day=20900 ok=1 ms=3.606
[clock/step] delta=6.9ms speed=50x target=0.34d cap=3.88d/f cost=2.06ms ran=0 pulse=0.00ms loop=0.00ms full=0.47ms carry=0.82 barrier=
[clock/step] delta=6.9ms speed=50x target=0.34d cap=4.16d/f cost=1.95ms ran=1 pulse=0.00ms loop=2.04ms full=2.22ms carry=0.19 barrier=
[clock/step] delta=6.9ms speed=50x target=0.34d cap=2.64d/f cost=3.03ms ran=0 pulse=0.00ms loop=0.00ms full=0.51ms carry=0.57 barrier=
[economy-open-finish] day=21000 country=0.166 workset=0.011 fiscal=0.016 csr=0.001 recovery=0.000 vectors=0.180 audit=0.150 commands=0.001
[economy-prelude-cost] day=21000 ms=1.086 pending=0
[economy-aggregate-cost] day=21000 publish_ms=0.689 native_hash_ms=0.311
[economy-ledger-cost] day=21000 copy_ms=0.175 validate_ms=0.027 hash_ms=0.090 cohorts=64 markets=42880
[economy-boundary-cost] day=21000 formulas_ms=4.703 stages_ms=3.497 mirror_ms=0.613
[runtime-day-cost] day=21000 ok=1 ms=7.712
[clock/step] delta=6.9ms speed=50x target=0.34d cap=3.28d/f cost=2.44ms ran=0 pulse=0.00ms loop=0.00ms full=0.46ms carry=0.94 barrier=
[clock/step] delta=6.9ms speed=50x target=0.34d cap=2.60d/f cost=2.79ms ran=1 pulse=0.00ms loop=1.68ms full=1.85ms carry=0.32 barrier=
[economy-open-finish] day=21100 country=0.072 workset=0.006 fiscal=0.005 csr=0.001 recovery=0.000 vectors=0.080 audit=0.055 commands=0.000
[economy-prelude-cost] day=21100 ms=0.323 pending=0
[economy-aggregate-cost] day=21100 publish_ms=0.479 native_hash_ms=0.148
[economy-ledger-cost] day=21100 copy_ms=0.074 validate_ms=0.018 hash_ms=0.068 cohorts=64 markets=42880
[economy-boundary-cost] day=21100 formulas_ms=2.349 stages_ms=1.980 mirror_ms=0.342
[runtime-day-cost] day=21100 ok=1 ms=3.383
[clock/step] delta=6.9ms speed=50x target=0.34d cap=3.77d/f cost=2.12ms ran=0 pulse=0.00ms loop=0.00ms full=0.27ms carry=0.70 barrier=
[clock/step] delta=6.9ms speed=50x target=0.34d cap=3.24d/f cost=2.64ms ran=1 pulse=0.00ms loop=3.30ms full=3.65ms carry=0.07 barrier=
[economy-open-finish] day=21200 country=0.076 workset=0.006 fiscal=0.006 csr=0.001 recovery=0.000 vectors=0.348 audit=0.109 commands=0.001
[economy-prelude-cost] day=21200 ms=0.665 pending=0
[economy-aggregate-cost] day=21200 publish_ms=0.332 native_hash_ms=0.154
[economy-ledger-cost] day=21200 copy_ms=0.073 validate_ms=0.020 hash_ms=0.071 cohorts=64 markets=42880
[economy-boundary-cost] day=21200 formulas_ms=2.551 stages_ms=1.834 mirror_ms=0.351
[runtime-day-cost] day=21200 ok=1 ms=3.525
[clock/step] delta=6.9ms speed=50x target=0.34d cap=3.00d/f cost=2.67ms ran=0 pulse=0.00ms loop=0.00ms full=0.27ms carry=0.48 barrier=
[clock/step] delta=6.9ms speed=50x target=0.34d cap=2.65d/f cost=3.02ms ran=0 pulse=0.00ms loop=0.00ms full=0.48ms carry=0.86 barrier=
[clock/step] delta=6.9ms speed=50x target=0.34d cap=3.92d/f cost=2.05ms ran=1 pulse=0.00ms loop=2.08ms full=2.25ms carry=0.24 barrier=
[economy-open-finish] day=21300 country=0.074 workset=0.006 fiscal=0.005 csr=0.001 recovery=0.000 vectors=0.080 audit=0.057 commands=0.001
[economy-prelude-cost] day=21300 ms=0.339 pending=0
[economy-aggregate-cost] day=21300 publish_ms=0.303 native_hash_ms=0.143
[economy-ledger-cost] day=21300 copy_ms=0.071 validate_ms=0.021 hash_ms=0.073 cohorts=64 markets=42880
[economy-boundary-cost] day=21300 formulas_ms=2.186 stages_ms=1.800 mirror_ms=0.356
[runtime-day-cost] day=21300 ok=1 ms=3.969
[clock/step] delta=6.9ms speed=50x target=0.34d cap=2.53d/f cost=3.16ms ran=0 pulse=0.00ms loop=0.00ms full=0.51ms carry=0.61 barrier=
[clock/step] delta=6.9ms speed=50x target=0.34d cap=2.56d/f cost=3.12ms ran=0 pulse=0.00ms loop=0.00ms full=0.56ms carry=0.99 barrier=
[economy-open-finish] day=21400 country=0.135 workset=0.008 fiscal=0.011 csr=0.001 recovery=0.000 vectors=0.176 audit=0.127 commands=0.001
[economy-prelude-cost] day=21400 ms=0.661 pending=0
[economy-aggregate-cost] day=21400 publish_ms=0.593 native_hash_ms=0.281
[economy-ledger-cost] day=21400 copy_ms=0.129 validate_ms=0.039 hash_ms=0.117 cohorts=64 markets=42880
[economy-boundary-cost] day=21400 formulas_ms=3.764 stages_ms=3.010 mirror_ms=0.653
[runtime-day-cost] day=21400 ok=1 ms=5.317
[clock/step] delta=6.9ms speed=50x target=0.34d cap=2.62d/f cost=3.05ms ran=0 pulse=0.00ms loop=0.00ms full=0.45ms carry=0.36 barrier=
[clock/step] delta=6.9ms speed=50x target=0.35d cap=2.43d/f cost=3.30ms ran=0 pulse=0.00ms loop=0.00ms full=0.59ms carry=0.82 barrier=
[clock/step] delta=6.9ms speed=50x target=0.34d cap=2.38d/f cost=3.36ms ran=0 pulse=0.00ms loop=0.00ms full=0.29ms carry=0.46 barrier=
[economy-open-finish] day=21500 country=0.186 workset=0.007 fiscal=0.006 csr=0.001 recovery=0.000 vectors=0.096 audit=0.063 commands=0.001
[economy-prelude-cost] day=21500 ms=0.593 pending=0
[economy-aggregate-cost] day=21500 publish_ms=0.565 native_hash_ms=0.297
[economy-ledger-cost] day=21500 copy_ms=0.145 validate_ms=0.038 hash_ms=0.113 cohorts=64 markets=42880
[economy-boundary-cost] day=21500 formulas_ms=3.835 stages_ms=3.149 mirror_ms=0.617
[runtime-day-cost] day=21500 ok=1 ms=5.574
[clock/step] delta=6.9ms speed=50x target=0.35d cap=1.64d/f cost=4.89ms ran=0 pulse=0.00ms loop=0.00ms full=0.57ms carry=0.86 barrier=
[clock/step] delta=6.9ms speed=50x target=0.35d cap=2.34d/f cost=3.41ms ran=0 pulse=0.00ms loop=0.00ms full=0.74ms carry=0.52 barrier=
[economy-open-finish] day=21600 country=0.175 workset=0.010 fiscal=0.007 csr=0.001 recovery=0.000 vectors=0.346 audit=0.136 commands=0.001
[economy-prelude-cost] day=21600 ms=0.859 pending=0
[economy-aggregate-cost] day=21600 publish_ms=0.638 native_hash_ms=0.210
[economy-ledger-cost] day=21600 copy_ms=0.103 validate_ms=0.029 hash_ms=0.147 cohorts=64 markets=42880
[economy-boundary-cost] day=21600 formulas_ms=3.957 stages_ms=3.000 mirror_ms=0.533
[runtime-day-cost] day=21600 ok=1 ms=6.754
[clock/step] delta=6.9ms speed=50x target=0.34d cap=2.42d/f cost=3.31ms ran=0 pulse=0.00ms loop=0.00ms full=0.26ms carry=0.93 barrier=
[clock/step] delta=6.9ms speed=50x target=0.34d cap=2.74d/f cost=2.70ms ran=1 pulse=0.00ms loop=1.80ms full=1.98ms carry=0.31 barrier=
[economy-open-finish] day=21700 country=0.078 workset=0.006 fiscal=0.006 csr=0.001 recovery=0.000 vectors=0.090 audit=0.061 commands=0.001
[economy-prelude-cost] day=21700 ms=0.368 pending=0
[economy-aggregate-cost] day=21700 publish_ms=0.753 native_hash_ms=0.466
[economy-ledger-cost] day=21700 copy_ms=0.225 validate_ms=0.039 hash_ms=0.116 cohorts=64 markets=42880
[economy-boundary-cost] day=21700 formulas_ms=3.469 stages_ms=3.038 mirror_ms=0.801
[runtime-day-cost] day=21700 ok=1 ms=5.301
[clock/step] delta=6.9ms speed=50x target=0.34d cap=3.15d/f cost=2.54ms ran=0 pulse=0.00ms loop=0.00ms full=0.36ms carry=0.68 barrier=
[clock/step] delta=6.9ms speed=50x target=0.34d cap=2.77d/f cost=3.00ms ran=1 pulse=0.00ms loop=3.43ms full=3.86ms carry=0.06 barrier=
[clock/step] delta=6.9ms speed=50x target=0.34d cap=3.20d/f cost=2.50ms ran=0 pulse=0.00ms loop=0.00ms full=0.27ms carry=0.44 barrier=
[economy-open-finish] day=21800 country=0.286 workset=0.018 fiscal=0.015 csr=0.001 recovery=0.000 vectors=0.169 audit=0.064 commands=0.001
[economy-prelude-cost] day=21800 ms=0.718 pending=0
[economy-aggregate-cost] day=21800 publish_ms=0.544 native_hash_ms=0.291
[economy-ledger-cost] day=21800 copy_ms=0.186 validate_ms=0.039 hash_ms=0.122 cohorts=64 markets=42880
[economy-boundary-cost] day=21800 formulas_ms=3.769 stages_ms=2.957 mirror_ms=0.720
[runtime-day-cost] day=21800 ok=1 ms=5.531
[clock/step] delta=6.9ms speed=50x target=0.34d cap=3.67d/f cost=2.18ms ran=0 pulse=0.00ms loop=0.00ms full=0.33ms carry=0.81 barrier=
[clock/step] delta=6.9ms speed=50x target=0.34d cap=3.25d/f cost=2.51ms ran=1 pulse=0.00ms loop=2.72ms full=2.91ms carry=0.19 barrier=
[economy-open-finish] day=21900 country=0.133 workset=0.008 fiscal=0.009 csr=0.001 recovery=0.000 vectors=0.215 audit=0.121 commands=0.001
[economy-prelude-cost] day=21900 ms=0.701 pending=0
[economy-aggregate-cost] day=21900 publish_ms=0.401 native_hash_ms=0.306
[economy-ledger-cost] day=21900 copy_ms=0.153 validate_ms=0.023 hash_ms=0.094 cohorts=64 markets=42880
[economy-boundary-cost] day=21900 formulas_ms=4.346 stages_ms=3.558 mirror_ms=0.505
[runtime-day-cost] day=21900 ok=1 ms=7.258
[clock/step] delta=6.9ms speed=50x target=0.35d cap=3.33d/f cost=2.40ms ran=0 pulse=0.00ms loop=0.00ms full=0.39ms carry=0.74 barrier=
[clock/step] delta=6.9ms speed=50x target=0.34d cap=2.82d/f cost=2.81ms ran=1 pulse=0.00ms loop=2.71ms full=2.90ms carry=0.29 barrier=
[clock/step] delta=6.9ms speed=50x target=0.34d cap=2.31d/f cost=3.46ms ran=0 pulse=0.00ms loop=0.00ms full=0.21ms carry=0.66 barrier=
[economy-open-finish] day=22000 country=0.114 workset=0.008 fiscal=0.007 csr=0.001 recovery=0.000 vectors=0.121 audit=0.062 commands=0.001
[economy-prelude-cost] day=22000 ms=0.456 pending=0
[economy-aggregate-cost] day=22000 publish_ms=0.575 native_hash_ms=0.194
[economy-ledger-cost] day=22000 copy_ms=0.064 validate_ms=0.025 hash_ms=0.094 cohorts=64 markets=42880
[economy-boundary-cost] day=22000 formulas_ms=2.574 stages_ms=2.038 mirror_ms=0.411
[runtime-day-cost] day=22000 ok=1 ms=3.780
[clock/step] delta=6.9ms speed=50x target=0.34d cap=2.62d/f cost=3.06ms ran=0 pulse=0.00ms loop=0.00ms full=0.66ms carry=0.49 barrier=
[clock/step] delta=6.9ms speed=50x target=0.34d cap=2.57d/f cost=3.11ms ran=0 pulse=0.00ms loop=0.00ms full=0.25ms carry=0.45 barrier=
[economy-open-finish] day=22100 country=0.287 workset=0.013 fiscal=0.006 csr=0.001 recovery=0.000 vectors=0.095 audit=0.117 commands=0.002
[economy-prelude-cost] day=22100 ms=0.705 pending=0
[economy-aggregate-cost] day=22100 publish_ms=0.388 native_hash_ms=0.143
[economy-ledger-cost] day=22100 copy_ms=0.069 validate_ms=0.018 hash_ms=0.065 cohorts=64 markets=42880
[economy-boundary-cost] day=22100 formulas_ms=3.425 stages_ms=2.631 mirror_ms=0.373
[runtime-day-cost] day=22100 ok=1 ms=4.644
[clock/step] delta=6.9ms speed=50x target=0.34d cap=2.91d/f cost=2.75ms ran=0 pulse=0.00ms loop=0.00ms full=0.27ms carry=0.82 barrier=
[clock/step] delta=6.9ms speed=50x target=0.34d cap=2.40d/f cost=3.22ms ran=1 pulse=0.00ms loop=2.77ms full=2.95ms carry=0.20 barrier=
[economy-open-finish] day=22200 country=0.251 workset=0.013 fiscal=0.030 csr=0.001 recovery=0.000 vectors=0.260 audit=0.133 commands=0.001
[economy-prelude-cost] day=22200 ms=0.899 pending=0
[clock/step] delta=6.9ms speed=50x target=0.34d cap=2.42d/f cost=3.30ms ran=0 pulse=0.00ms loop=0.00ms full=0.46ms carry=0.58 barrier=
[economy-aggregate-cost] day=22200 publish_ms=0.573 native_hash_ms=0.224
[economy-ledger-cost] day=22200 copy_ms=0.103 validate_ms=0.025 hash_ms=0.089 cohorts=64 markets=42880
[economy-boundary-cost] day=22200 formulas_ms=4.648 stages_ms=3.604 mirror_ms=0.436
[runtime-day-cost] day=22200 ok=1 ms=8.124
[clock/step] delta=6.9ms speed=50x target=0.34d cap=2.36d/f cost=3.39ms ran=0 pulse=0.00ms loop=0.00ms full=0.41ms carry=0.95 barrier=
[clock/step] delta=6.9ms speed=50x target=0.35d cap=2.93d/f cost=2.73ms ran=0 pulse=0.00ms loop=0.00ms full=0.51ms carry=0.46 barrier=
[economy-open-finish] day=22300 country=0.130 workset=0.008 fiscal=0.011 csr=0.001 recovery=0.000 vectors=0.171 audit=0.123 commands=0.001
[economy-prelude-cost] day=22300 ms=0.647 pending=0
[economy-aggregate-cost] day=22300 publish_ms=0.569 native_hash_ms=0.278
[economy-ledger-cost] day=22300 copy_ms=0.129 validate_ms=0.038 hash_ms=0.113 cohorts=64 markets=42880
[economy-boundary-cost] day=22300 formulas_ms=3.682 stages_ms=2.946 mirror_ms=0.641
[runtime-day-cost] day=22300 ok=1 ms=5.360
[clock/step] delta=6.9ms speed=50x target=0.34d cap=3.34d/f cost=2.41ms ran=1 pulse=0.00ms loop=2.48ms full=3.00ms carry=0.05 barrier=
[clock/step] delta=6.9ms speed=50x target=0.34d cap=3.04d/f cost=2.63ms ran=0 pulse=0.00ms loop=0.00ms full=0.20ms carry=0.42 barrier=
[economy-open-finish] day=22400 country=0.074 workset=0.006 fiscal=0.004 csr=0.001 recovery=0.000 vectors=0.082 audit=0.057 commands=0.000
[economy-prelude-cost] day=22400 ms=0.369 pending=0
[economy-aggregate-cost] day=22400 publish_ms=0.390 native_hash_ms=0.228
[economy-ledger-cost] day=22400 copy_ms=0.068 validate_ms=0.021 hash_ms=0.074 cohorts=64 markets=42880
[economy-boundary-cost] day=22400 formulas_ms=2.416 stages_ms=1.999 mirror_ms=0.433
[runtime-day-cost] day=22400 ok=1 ms=3.688
[clock/step] delta=6.9ms speed=50x target=0.35d cap=3.31d/f cost=2.41ms ran=0 pulse=0.00ms loop=0.00ms full=0.30ms carry=0.90 barrier=
[clock/step] delta=6.9ms speed=50x target=0.34d cap=2.64d/f cost=3.04ms ran=0 pulse=0.00ms loop=0.00ms full=0.42ms carry=0.52 barrier=
[clock/step] delta=6.9ms speed=50x target=0.34d cap=2.81d/f cost=2.85ms ran=0 pulse=0.00ms loop=0.00ms full=0.51ms carry=0.90 barrier=
[economy-open-finish] day=22500 country=0.074 workset=0.006 fiscal=0.005 csr=0.001 recovery=0.000 vectors=0.085 audit=0.059 commands=0.000
[economy-prelude-cost] day=22500 ms=0.339 pending=0
[economy-aggregate-cost] day=22500 publish_ms=0.669 native_hash_ms=0.142
[economy-ledger-cost] day=22500 copy_ms=0.064 validate_ms=0.021 hash_ms=0.074 cohorts=64 markets=42880
[economy-boundary-cost] day=22500 formulas_ms=2.364 stages_ms=1.979 mirror_ms=0.351
[runtime-day-cost] day=22500 ok=1 ms=4.463
[clock/step] delta=6.9ms speed=50x target=0.34d cap=3.39d/f cost=2.56ms ran=1 pulse=0.00ms loop=3.36ms full=3.58ms carry=0.27 barrier=
[clock/step] delta=6.9ms speed=50x target=0.34d cap=3.35d/f cost=2.39ms ran=0 pulse=0.00ms loop=0.00ms full=0.74ms carry=0.65 barrier=
[economy-open-finish] day=22600 country=0.077 workset=0.009 fiscal=0.011 csr=0.001 recovery=0.000 vectors=0.106 audit=0.060 commands=0.000
[economy-prelude-cost] day=22600 ms=0.401 pending=0
[economy-aggregate-cost] day=22600 publish_ms=0.492 native_hash_ms=0.139
[economy-ledger-cost] day=22600 copy_ms=0.063 validate_ms=0.018 hash_ms=0.065 cohorts=64 markets=42880
[economy-boundary-cost] day=22600 formulas_ms=2.620 stages_ms=2.161 mirror_ms=0.323
[runtime-day-cost] day=22600 ok=1 ms=3.847
[clock/step] delta=6.9ms speed=50x target=0.34d cap=2.66d/f cost=2.91ms ran=1 pulse=0.00ms loop=2.47ms full=2.66ms carry=0.03 barrier=
[clock/step] delta=6.9ms speed=50x target=0.35d cap=3.09d/f cost=2.59ms ran=0 pulse=0.00ms loop=0.00ms full=0.32ms carry=0.60 barrier=
[clock/step] delta=6.9ms speed=50x target=0.34d cap=3.27d/f cost=2.48ms ran=1 pulse=0.00ms loop=2.59ms full=2.90ms carry=0.12 barrier=
[economy-open-finish] day=22700 country=0.076 workset=0.006 fiscal=0.005 csr=0.001 recovery=0.000 vectors=0.086 audit=0.058 commands=0.001
[economy-prelude-cost] day=22700 ms=0.347 pending=0
[economy-aggregate-cost] day=22700 publish_ms=0.505 native_hash_ms=0.141
[economy-ledger-cost] day=22700 copy_ms=0.061 validate_ms=0.018 hash_ms=0.066 cohorts=64 markets=42880
[economy-boundary-cost] day=22700 formulas_ms=2.187 stages_ms=1.790 mirror_ms=0.325
[runtime-day-cost] day=22700 ok=1 ms=3.236
[clock/step] delta=6.9ms speed=50x target=0.34d cap=2.93d/f cost=2.73ms ran=0 pulse=0.00ms loop=0.00ms full=0.35ms carry=0.50 barrier=
[clock/step] delta=6.9ms speed=50x target=0.34d cap=2.31d/f cost=3.47ms ran=0 pulse=0.00ms loop=0.00ms full=0.50ms carry=0.87 barrier=
[economy-open-finish] day=22800 country=0.075 workset=0.006 fiscal=0.005 csr=0.001 recovery=0.000 vectors=0.104 audit=0.059 commands=0.000
[economy-prelude-cost] day=22800 ms=0.367 pending=0
[economy-aggregate-cost] day=22800 publish_ms=0.349 native_hash_ms=0.140
[economy-ledger-cost] day=22800 copy_ms=0.067 validate_ms=0.018 hash_ms=0.064 cohorts=64 markets=42880
[economy-boundary-cost] day=22800 formulas_ms=2.121 stages_ms=1.706 mirror_ms=0.329
[runtime-day-cost] day=22800 ok=1 ms=3.645
[clock/step] delta=6.9ms speed=50x target=0.35d cap=2.48d/f cost=3.16ms ran=1 pulse=0.00ms loop=2.92ms full=3.25ms carry=0.32 barrier=
[clock/step] delta=6.9ms speed=50x target=0.34d cap=2.31d/f cost=3.47ms ran=0 pulse=0.00ms loop=0.00ms full=0.51ms carry=0.97 barrier=
[economy-open-finish] day=22900 country=0.075 workset=0.006 fiscal=0.005 csr=0.001 recovery=0.000 vectors=0.106 audit=0.058 commands=0.000
[economy-prelude-cost] day=22900 ms=0.371 pending=0
[economy-aggregate-cost] day=22900 publish_ms=0.344 native_hash_ms=0.140
[economy-ledger-cost] day=22900 copy_ms=0.063 validate_ms=0.018 hash_ms=0.065 cohorts=64 markets=42880
[economy-boundary-cost] day=22900 formulas_ms=2.107 stages_ms=1.688 mirror_ms=0.326
[runtime-day-cost] day=22900 ok=1 ms=3.151
[clock/step] delta=6.9ms speed=50x target=0.34d cap=3.12d/f cost=2.56ms ran=0 pulse=0.00ms loop=0.00ms full=0.26ms carry=0.35 barrier=
[clock/step] delta=6.9ms speed=50x target=0.34d cap=2.49d/f cost=3.21ms ran=0 pulse=0.00ms loop=0.00ms full=0.44ms carry=0.72 barrier=
[clock/step] delta=6.9ms speed=50x target=0.34d cap=3.12d/f cost=2.73ms ran=1 pulse=0.00ms loop=3.41ms full=3.87ms carry=0.10 barrier=
[economy-open-finish] day=23000 country=0.113 workset=0.010 fiscal=0.007 csr=0.001 recovery=0.001 vectors=0.179 audit=0.109 commands=0.001
[economy-prelude-cost] day=23000 ms=0.577 pending=0
[economy-aggregate-cost] day=23000 publish_ms=0.585 native_hash_ms=0.180
[economy-ledger-cost] day=23000 copy_ms=0.087 validate_ms=0.026 hash_ms=0.088 cohorts=64 markets=42880
[economy-boundary-cost] day=23000 formulas_ms=3.490 stages_ms=2.838 mirror_ms=0.420
[runtime-day-cost] day=23000 ok=1 ms=4.707
[clock/step] delta=6.9ms speed=50x target=0.35d cap=3.03d/f cost=2.64ms ran=0 pulse=0.00ms loop=0.00ms full=0.30ms carry=0.72 barrier=
[clock/step] delta=6.9ms speed=50x target=0.34d cap=2.77d/f cost=2.95ms ran=1 pulse=0.00ms loop=3.21ms full=3.52ms carry=0.20 barrier=
[economy-open-finish] day=23100 country=0.077 workset=0.006 fiscal=0.006 csr=0.001 recovery=0.000 vectors=0.106 audit=0.058 commands=0.001
[economy-prelude-cost] day=23100 ms=0.367 pending=0
[economy-aggregate-cost] day=23100 publish_ms=0.310 native_hash_ms=0.136
[economy-ledger-cost] day=23100 copy_ms=0.059 validate_ms=0.018 hash_ms=0.062 cohorts=64 markets=42880
[economy-boundary-cost] day=23100 formulas_ms=2.037 stages_ms=1.622 mirror_ms=0.312
[runtime-day-cost] day=23100 ok=1 ms=3.680
[clock/step] delta=6.9ms speed=50x target=0.34d cap=3.56d/f cost=2.25ms ran=0 pulse=0.00ms loop=0.00ms full=0.29ms carry=0.57 barrier=
[clock/step] delta=6.9ms speed=50x target=0.34d cap=3.94d/f cost=2.03ms ran=0 pulse=0.00ms loop=0.00ms full=0.51ms carry=0.95 barrier=
[clock/step] delta=6.9ms speed=50x target=0.34d cap=2.92d/f cost=2.74ms ran=1 pulse=0.00ms loop=2.72ms full=3.04ms carry=0.32 barrier=
[economy-open-finish] day=23200 country=0.133 workset=0.009 fiscal=0.012 csr=0.001 recovery=0.000 vectors=0.214 audit=0.120 commands=0.001
[economy-prelude-cost] day=23200 ms=0.720 pending=0
[economy-aggregate-cost] day=23200 publish_ms=0.382 native_hash_ms=0.283
[economy-ledger-cost] day=23200 copy_ms=0.131 validate_ms=0.037 hash_ms=0.110 cohorts=64 markets=42880
[economy-boundary-cost] day=23200 formulas_ms=3.263 stages_ms=2.451 mirror_ms=0.630
[runtime-day-cost] day=23200 ok=1 ms=4.561
[clock/step] delta=6.9ms speed=50x target=0.34d cap=3.01d/f cost=2.65ms ran=0 pulse=0.00ms loop=0.00ms full=0.21ms carry=0.70 barrier=
[clock/step] delta=6.9ms speed=50x target=0.34d cap=3.55d/f cost=2.27ms ran=1 pulse=0.00ms loop=2.34ms full=2.52ms carry=0.08 barrier=
[economy-open-finish] day=23300 country=0.073 workset=0.006 fiscal=0.005 csr=0.001 recovery=0.000 vectors=0.091 audit=0.057 commands=0.000
[economy-prelude-cost] day=23300 ms=0.344 pending=0
[economy-aggregate-cost] day=23300 publish_ms=0.402 native_hash_ms=0.134
[economy-ledger-cost] day=23300 copy_ms=0.063 validate_ms=0.020 hash_ms=0.071 cohorts=64 markets=42880
[economy-boundary-cost] day=23300 formulas_ms=2.090 stages_ms=1.698 mirror_ms=0.335
[runtime-day-cost] day=23300 ok=1 ms=3.149
[clock/step] delta=6.9ms speed=50x target=0.34d cap=4.11d/f cost=1.95ms ran=0 pulse=0.00ms loop=0.00ms full=0.26ms carry=0.45 barrier=
[clock/step] delta=7.4ms speed=50x target=0.37d cap=1.82d/f cost=3.86ms ran=1 pulse=0.00ms loop=1.71ms full=1.89ms carry=0.18 barrier=
[economy-open-finish] day=23400 country=0.096 workset=0.009 fiscal=0.007 csr=0.001 recovery=0.000 vectors=0.089 audit=0.072 commands=0.001
[economy-prelude-cost] day=23400 ms=0.439 pending=0
[economy-aggregate-cost] day=23400 publish_ms=0.502 native_hash_ms=0.267
[economy-ledger-cost] day=23400 copy_ms=0.176 validate_ms=0.037 hash_ms=0.108 cohorts=64 markets=42880
[economy-boundary-cost] day=23400 formulas_ms=4.768 stages_ms=4.274 mirror_ms=0.684
[runtime-day-cost] day=23400 ok=1 ms=6.733
[clock/step] delta=6.9ms speed=50x target=0.34d cap=2.65d/f cost=3.02ms ran=0 pulse=0.00ms loop=0.00ms full=0.23ms carry=0.89 barrier=
[clock/step] delta=6.9ms speed=50x target=0.34d cap=3.11d/f cost=2.68ms ran=1 pulse=0.00ms loop=3.14ms full=3.43ms carry=0.27 barrier=
[clock/step] delta=6.9ms speed=50x target=0.34d cap=3.83d/f cost=2.09ms ran=0 pulse=0.00ms loop=0.00ms full=0.27ms carry=0.65 barrier=
[economy-open-finish] day=23500 country=0.084 workset=0.007 fiscal=0.007 csr=0.001 recovery=0.000 vectors=0.088 audit=0.083 commands=0.001
[economy-prelude-cost] day=23500 ms=0.445 pending=0
[economy-aggregate-cost] day=23500 publish_ms=0.289 native_hash_ms=0.136
[economy-ledger-cost] day=23500 copy_ms=0.064 validate_ms=0.027 hash_ms=0.077 cohorts=64 markets=42880
[economy-boundary-cost] day=23500 formulas_ms=2.212 stages_ms=1.693 mirror_ms=0.350
[runtime-day-cost] day=23500 ok=1 ms=3.468
[clock/step] delta=6.9ms speed=50x target=0.34d cap=2.66d/f cost=2.94ms ran=1 pulse=0.00ms loop=2.65ms full=2.98ms carry=0.02 barrier=
[clock/step] delta=6.9ms speed=50x target=0.34d cap=3.06d/f cost=2.62ms ran=0 pulse=0.00ms loop=0.00ms full=0.30ms carry=0.40 barrier=
[economy-open-finish] day=23600 country=0.079 workset=0.006 fiscal=0.006 csr=0.001 recovery=0.000 vectors=0.085 audit=0.061 commands=0.001
[economy-prelude-cost] day=23600 ms=0.378 pending=0
[economy-aggregate-cost] day=23600 publish_ms=0.460 native_hash_ms=0.145
[economy-ledger-cost] day=23600 copy_ms=0.073 validate_ms=0.021 hash_ms=0.070 cohorts=64 markets=42880
[economy-boundary-cost] day=23600 formulas_ms=4.065 stages_ms=3.615 mirror_ms=0.347
[runtime-day-cost] day=23600 ok=1 ms=5.398
[clock/step] delta=6.9ms speed=50x target=0.34d cap=3.19d/f cost=2.51ms ran=0 pulse=0.00ms loop=0.00ms full=0.42ms carry=0.77 barrier=
[clock/step] delta=6.9ms speed=50x target=0.34d cap=3.62d/f cost=2.24ms ran=1 pulse=0.00ms loop=2.35ms full=2.63ms carry=0.15 barrier=
[clock/step] delta=6.9ms speed=50x target=0.34d cap=2.69d/f cost=2.98ms ran=0 pulse=0.00ms loop=0.00ms full=0.38ms carry=0.53 barrier=
[economy-open-finish] day=23700 country=0.075 workset=0.006 fiscal=0.006 csr=0.001 recovery=0.000 vectors=0.086 audit=0.060 commands=0.000
[economy-prelude-cost] day=23700 ms=0.349 pending=0
[economy-aggregate-cost] day=23700 publish_ms=0.490 native_hash_ms=0.144
[economy-ledger-cost] day=23700 copy_ms=0.063 validate_ms=0.018 hash_ms=0.065 cohorts=64 markets=42880
[economy-boundary-cost] day=23700 formulas_ms=2.248 stages_ms=1.850 mirror_ms=0.329
[runtime-day-cost] day=23700 ok=1 ms=4.268
[clock/step] delta=6.9ms speed=50x target=0.34d cap=3.06d/f cost=2.61ms ran=0 pulse=0.00ms loop=0.00ms full=0.28ms carry=0.90 barrier=
[clock/step] delta=6.9ms speed=50x target=0.34d cap=3.59d/f cost=2.38ms ran=1 pulse=0.00ms loop=2.98ms full=3.36ms carry=0.28 barrier=
[economy-open-finish] day=23800 country=0.076 workset=0.007 fiscal=0.006 csr=0.001 recovery=0.000 vectors=0.103 audit=0.067 commands=0.000
[economy-prelude-cost] day=23800 ms=0.385 pending=0
[economy-aggregate-cost] day=23800 publish_ms=0.541 native_hash_ms=0.279
[economy-ledger-cost] day=23800 copy_ms=0.145 validate_ms=0.035 hash_ms=0.107 cohorts=64 markets=42880
[economy-boundary-cost] day=23800 formulas_ms=2.641 stages_ms=2.206 mirror_ms=0.637
[runtime-day-cost] day=23800 ok=1 ms=4.441
[clock/step] delta=6.9ms speed=50x target=0.34d cap=2.77d/f cost=2.89ms ran=0 pulse=0.00ms loop=0.00ms full=0.18ms carry=0.65 barrier=
[clock/step] delta=6.9ms speed=50x target=0.34d cap=2.50d/f cost=3.17ms ran=1 pulse=0.00ms loop=3.07ms full=3.43ms carry=0.03 barrier=
[clock/step] delta=6.9ms speed=50x target=0.34d cap=2.95d/f cost=2.71ms ran=0 pulse=0.00ms loop=0.00ms full=0.40ms carry=0.41 barrier=
[economy-open-finish] day=23900 country=0.136 workset=0.009 fiscal=0.011 csr=0.001 recovery=0.000 vectors=0.215 audit=0.119 commands=0.001
[economy-prelude-cost] day=23900 ms=0.700 pending=0
[economy-aggregate-cost] day=23900 publish_ms=0.595 native_hash_ms=0.311
[economy-ledger-cost] day=23900 copy_ms=0.178 validate_ms=0.045 hash_ms=0.083 cohorts=64 markets=42880
[economy-boundary-cost] day=23900 formulas_ms=3.979 stages_ms=3.190 mirror_ms=0.529
[runtime-day-cost] day=23900 ok=1 ms=5.708
[clock/step] delta=6.9ms speed=50x target=0.34d cap=3.26d/f cost=2.46ms ran=0 pulse=0.00ms loop=0.00ms full=0.27ms carry=0.78 barrier=
[clock/step] delta=6.9ms speed=50x target=0.34d cap=3.68d/f cost=2.29ms ran=1 pulse=0.00ms loop=2.74ms full=3.07ms carry=0.16 barrier=
[economy-open-finish] day=24000 country=0.085 workset=0.008 fiscal=0.007 csr=0.001 recovery=0.000 vectors=0.109 audit=0.061 commands=0.001
[economy-prelude-cost] day=24000 ms=0.419 pending=0
[economy-aggregate-cost] day=24000 publish_ms=0.404 native_hash_ms=0.159
[economy-ledger-cost] day=24000 copy_ms=0.089 validate_ms=0.019 hash_ms=0.072 cohorts=64 markets=42880
[economy-boundary-cost] day=24000 formulas_ms=2.790 stages_ms=2.319 mirror_ms=0.368
[runtime-day-cost] day=24000 ok=1 ms=4.964
[clock/step] delta=6.9ms speed=50x target=0.35d cap=2.80d/f cost=2.86ms ran=0 pulse=0.00ms loop=0.00ms full=0.29ms carry=0.71 barrier=
[clock/step] delta=6.9ms speed=50x target=0.34d cap=3.03d/f cost=2.58ms ran=1 pulse=0.00ms loop=2.34ms full=2.55ms carry=0.25 barrier=
[economy-open-finish] day=24100 country=0.075 workset=0.006 fiscal=0.005 csr=0.001 recovery=0.000 vectors=0.108 audit=0.059 commands=0.000
[economy-prelude-cost] day=24100 ms=0.368 pending=0
[economy-aggregate-cost] day=24100 publish_ms=0.375 native_hash_ms=0.145
[economy-ledger-cost] day=24100 copy_ms=0.062 validate_ms=0.019 hash_ms=0.064 cohorts=64 markets=42880
[economy-boundary-cost] day=24100 formulas_ms=2.214 stages_ms=1.798 mirror_ms=0.329
[runtime-day-cost] day=24100 ok=1 ms=3.271
[clock/step] delta=6.9ms speed=50x target=0.34d cap=3.91d/f cost=2.09ms ran=1 pulse=0.00ms loop=2.27ms full=2.44ms carry=0.33 barrier=
[clock/step] delta=6.9ms speed=50x target=0.34d cap=3.89d/f cost=2.06ms ran=0 pulse=0.00ms loop=0.00ms full=0.23ms carry=0.71 barrier=
[clock/step] delta=6.9ms speed=50x target=0.35d cap=2.19d/f cost=3.49ms ran=1 pulse=0.00ms loop=2.86ms full=3.22ms carry=0.14 barrier=
[economy-open-finish] day=24200 country=0.163 workset=0.007 fiscal=0.006 csr=0.001 recovery=0.000 vectors=0.086 audit=0.059 commands=0.000
[economy-prelude-cost] day=24200 ms=0.453 pending=0
[economy-aggregate-cost] day=24200 publish_ms=0.436 native_hash_ms=0.146
[economy-ledger-cost] day=24200 copy_ms=0.067 validate_ms=0.018 hash_ms=0.065 cohorts=64 markets=42880
[economy-boundary-cost] day=24200 formulas_ms=3.012 stages_ms=2.506 mirror_ms=0.335
[runtime-day-cost] day=24200 ok=1 ms=3.994
[clock/step] delta=6.9ms speed=50x target=0.35d cap=2.94d/f cost=2.72ms ran=0 pulse=0.00ms loop=0.00ms full=0.38ms carry=0.81 barrier=
[clock/step] delta=6.9ms speed=50x target=0.34d cap=3.69d/f cost=3.17ms ran=1 pulse=0.00ms loop=7.16ms full=7.35ms carry=0.18 barrier=
[economy-open-finish] day=24300 country=0.074 workset=0.006 fiscal=0.006 csr=0.001 recovery=0.000 vectors=0.100 audit=0.056 commands=0.000
[economy-prelude-cost] day=24300 ms=0.357 pending=0
[economy-aggregate-cost] day=24300 publish_ms=0.369 native_hash_ms=0.140
[economy-ledger-cost] day=24300 copy_ms=0.065 validate_ms=0.019 hash_ms=0.065 cohorts=64 markets=42880
[economy-boundary-cost] day=24300 formulas_ms=2.267 stages_ms=1.863 mirror_ms=0.324
[runtime-day-cost] day=24300 ok=1 ms=4.165
[clock/step] delta=6.9ms speed=50x target=0.34d cap=3.80d/f cost=2.10ms ran=0 pulse=0.00ms loop=0.00ms full=0.29ms carry=0.56 barrier=
[clock/step] delta=6.9ms speed=50x target=0.35d cap=2.74d/f cost=2.92ms ran=0 pulse=0.00ms loop=0.00ms full=0.52ms carry=0.99 barrier=
[clock/step] delta=6.9ms speed=50x target=0.35d cap=2.92d/f cost=2.74ms ran=0 pulse=0.00ms loop=0.00ms full=0.47ms carry=0.65 barrier=
[economy-open-finish] day=24400 country=0.148 workset=0.010 fiscal=0.012 csr=0.001 recovery=0.000 vectors=0.191 audit=0.120 commands=0.001
[economy-prelude-cost] day=24400 ms=0.774 pending=0
[economy-aggregate-cost] day=24400 publish_ms=0.734 native_hash_ms=0.336
[economy-ledger-cost] day=24400 copy_ms=0.141 validate_ms=0.037 hash_ms=0.111 cohorts=64 markets=42880
[economy-boundary-cost] day=24400 formulas_ms=4.448 stages_ms=3.564 mirror_ms=0.658
[runtime-day-cost] day=24400 ok=1 ms=6.115
[clock/step] delta=6.9ms speed=50x target=0.34d cap=3.86d/f cost=2.18ms ran=1 pulse=0.00ms loop=2.63ms full=2.95ms carry=0.03 barrier=
[clock/step] delta=6.9ms speed=50x target=0.34d cap=3.83d/f cost=2.03ms ran=1 pulse=0.00ms loop=1.82ms full=2.02ms carry=0.11 barrier=
[economy-open-finish] day=24500 country=0.074 workset=0.006 fiscal=0.005 csr=0.001 recovery=0.000 vectors=0.091 audit=0.057 commands=0.000
[economy-prelude-cost] day=24500 ms=0.358 pending=0
[economy-aggregate-cost] day=24500 publish_ms=0.394 native_hash_ms=0.377
[economy-ledger-cost] day=24500 copy_ms=0.099 validate_ms=0.027 hash_ms=0.157 cohorts=64 markets=42880
[economy-boundary-cost] day=24500 formulas_ms=2.473 stages_ms=2.069 mirror_ms=0.584
[runtime-day-cost] day=24500 ok=1 ms=3.924
[clock/step] delta=6.9ms speed=50x target=0.34d cap=2.33d/f cost=3.44ms ran=0 pulse=0.00ms loop=0.00ms full=0.44ms carry=0.48 barrier=
[clock/step] delta=6.9ms speed=50x target=0.35d cap=3.52d/f cost=2.36ms ran=1 pulse=0.00ms loop=2.67ms full=3.04ms carry=0.08 barrier=
[economy-open-finish] day=24600 country=0.081 workset=0.006 fiscal=0.006 csr=0.001 recovery=0.000 vectors=0.105 audit=0.059 commands=0.001
[economy-prelude-cost] day=24600 ms=0.454 pending=0
[economy-aggregate-cost] day=24600 publish_ms=0.565 native_hash_ms=0.214
[economy-ledger-cost] day=24600 copy_ms=0.102 validate_ms=0.023 hash_ms=0.083 cohorts=64 markets=42880
[economy-boundary-cost] day=24600 formulas_ms=2.800 stages_ms=2.258 mirror_ms=0.405
[runtime-day-cost] day=24600 ok=1 ms=4.853
[clock/step] delta=6.9ms speed=50x target=0.34d cap=3.88d/f cost=2.06ms ran=0 pulse=0.00ms loop=0.00ms full=0.26ms carry=0.58 barrier=
[clock/step] delta=6.9ms speed=50x target=0.34d cap=3.55d/f cost=2.26ms ran=0 pulse=0.00ms loop=0.00ms full=0.45ms carry=0.95 barrier=
[clock/step] delta=6.9ms speed=50x target=0.34d cap=2.63d/f cost=3.22ms ran=1 pulse=0.00ms loop=3.90ms full=4.39ms carry=0.33 barrier=
[economy-open-finish] day=24700 country=0.130 workset=0.008 fiscal=0.009 csr=0.001 recovery=0.000 vectors=0.168 audit=0.124 commands=0.001
[economy-prelude-cost] day=24700 ms=0.647 pending=0
[economy-aggregate-cost] day=24700 publish_ms=0.560 native_hash_ms=0.347
[economy-ledger-cost] day=24700 copy_ms=0.188 validate_ms=0.031 hash_ms=0.070 cohorts=64 markets=42880
[economy-boundary-cost] day=24700 formulas_ms=3.840 stages_ms=3.104 mirror_ms=0.608
[runtime-day-cost] day=24700 ok=1 ms=5.730
[clock/step] delta=6.9ms speed=50x target=0.34d cap=3.26d/f cost=2.45ms ran=0 pulse=0.00ms loop=0.00ms full=0.45ms carry=0.71 barrier=
[clock/step] delta=6.9ms speed=50x target=0.34d cap=4.02d/f cost=2.14ms ran=1 pulse=0.00ms loop=2.70ms full=3.01ms carry=0.08 barrier=
[economy-open-finish] day=24800 country=0.100 workset=0.007 fiscal=0.006 csr=0.001 recovery=0.000 vectors=0.127 audit=0.095 commands=0.001
[economy-prelude-cost] day=24800 ms=0.481 pending=0
[economy-aggregate-cost] day=24800 publish_ms=0.360 native_hash_ms=0.136
[economy-ledger-cost] day=24800 copy_ms=0.061 validate_ms=0.018 hash_ms=0.063 cohorts=64 markets=42880
[economy-boundary-cost] day=24800 formulas_ms=2.585 stages_ms=2.036 mirror_ms=0.317
[runtime-day-cost] day=24800 ok=1 ms=3.685
[clock/step] delta=6.9ms speed=50x target=0.34d cap=3.90d/f cost=2.05ms ran=0 pulse=0.00ms loop=0.00ms full=0.25ms carry=0.46 barrier=
[clock/step] delta=6.9ms speed=50x target=0.34d cap=3.57d/f cost=2.24ms ran=0 pulse=0.00ms loop=0.00ms full=0.50ms carry=0.83 barrier=
[clock/step] delta=6.9ms speed=50x target=0.34d cap=3.30d/f cost=2.28ms ran=1 pulse=0.00ms loop=1.73ms full=1.91ms carry=0.21 barrier=
[economy-open-finish] day=24900 country=0.076 workset=0.006 fiscal=0.005 csr=0.001 recovery=0.000 vectors=0.107 audit=0.058 commands=0.000
[economy-prelude-cost] day=24900 ms=0.367 pending=0
[economy-aggregate-cost] day=24900 publish_ms=0.423 native_hash_ms=0.144
[economy-ledger-cost] day=24900 copy_ms=0.065 validate_ms=0.018 hash_ms=0.065 cohorts=64 markets=42880
[economy-boundary-cost] day=24900 formulas_ms=2.321 stages_ms=1.906 mirror_ms=0.326
[runtime-day-cost] day=24900 ok=1 ms=4.018
[clock/step] delta=6.9ms speed=50x target=0.35d cap=3.25d/f cost=2.46ms ran=0 pulse=0.00ms loop=0.00ms full=0.26ms carry=0.75 barrier=
[clock/step] delta=6.9ms speed=50x target=0.34d cap=3.43d/f cost=2.22ms ran=1 pulse=0.00ms loop=1.77ms full=1.94ms carry=0.31 barrier=
[economy-open-finish] day=25000 country=0.074 workset=0.006 fiscal=0.005 csr=0.001 recovery=0.000 vectors=0.092 audit=0.057 commands=0.008
[economy-prelude-cost] day=25000 ms=0.357 pending=0
[economy-aggregate-cost] day=25000 publish_ms=0.334 native_hash_ms=0.141
[economy-ledger-cost] day=25000 copy_ms=0.188 validate_ms=0.039 hash_ms=0.115 cohorts=64 markets=42880
[economy-boundary-cost] day=25000 formulas_ms=3.108 stages_ms=2.703 mirror_ms=0.624
[runtime-day-cost] day=25000 ok=1 ms=4.404
[clock/step] delta=6.9ms speed=50x target=0.34d cap=3.38d/f cost=2.36ms ran=0 pulse=0.00ms loop=0.00ms full=0.48ms carry=0.68 barrier=
[clock/step] delta=6.9ms speed=50x target=0.34d cap=3.51d/f cost=2.14ms ran=1 pulse=0.00ms loop=1.56ms full=1.73ms carry=0.06 barrier=
[economy-open-finish] day=25100 country=0.081 workset=0.007 fiscal=0.006 csr=0.001 recovery=0.000 vectors=0.082 audit=0.059 commands=0.001
[economy-prelude-cost] day=25100 ms=0.367 pending=0
[economy-aggregate-cost] day=25100 publish_ms=0.445 native_hash_ms=0.180
[economy-ledger-cost] day=25100 copy_ms=0.084 validate_ms=0.018 hash_ms=0.115 cohorts=64 markets=42880
[economy-boundary-cost] day=25100 formulas_ms=3.322 stages_ms=2.903 mirror_ms=0.441
[runtime-day-cost] day=25100 ok=1 ms=4.538
[clock/step] delta=6.9ms speed=50x target=0.34d cap=3.16d/f cost=2.53ms ran=0 pulse=0.00ms loop=0.00ms full=0.28ms carry=0.44 barrier=
[clock/step] delta=6.9ms speed=50x target=0.34d cap=3.77d/f cost=2.12ms ran=0 pulse=0.00ms loop=0.00ms full=0.47ms carry=0.81 barrier=
[clock/step] delta=6.9ms speed=50x target=0.34d cap=3.65d/f cost=2.40ms ran=1 pulse=0.00ms loop=3.21ms full=3.58ms carry=0.19 barrier=
[economy-open-finish] day=25200 country=0.129 workset=0.008 fiscal=0.011 csr=0.001 recovery=0.000 vectors=0.165 audit=0.119 commands=0.001
[economy-prelude-cost] day=25200 ms=0.659 pending=0
[economy-aggregate-cost] day=25200 publish_ms=0.599 native_hash_ms=0.145
[economy-ledger-cost] day=25200 copy_ms=0.064 validate_ms=0.023 hash_ms=0.076 cohorts=64 markets=42880
[economy-boundary-cost] day=25200 formulas_ms=2.928 stages_ms=2.173 mirror_ms=0.349
[runtime-day-cost] day=25200 ok=1 ms=5.470
[clock/step] delta=6.7ms speed=50x target=0.33d cap=2.49d/f cost=3.21ms ran=0 pulse=0.00ms loop=0.00ms full=0.25ms carry=0.75 barrier=
[clock/step] delta=6.9ms speed=50x target=0.34d cap=4.16d/f cost=1.92ms ran=0 pulse=0.00ms loop=0.00ms full=0.42ms carry=0.99 barrier=
[economy-open-finish] day=25300 country=0.071 workset=0.006 fiscal=0.005 csr=0.001 recovery=0.000 vectors=0.079 audit=0.063 commands=0.000
[economy-prelude-cost] day=25300 ms=0.337 pending=0
[economy-aggregate-cost] day=25300 publish_ms=0.448 native_hash_ms=0.137
[economy-ledger-cost] day=25300 copy_ms=0.065 validate_ms=0.017 hash_ms=0.064 cohorts=64 markets=42880
[economy-boundary-cost] day=25300 formulas_ms=2.129 stages_ms=1.745 mirror_ms=0.320
[runtime-day-cost] day=25300 ok=1 ms=3.126
[clock/step] delta=6.9ms speed=50x target=0.34d cap=4.30d/f cost=1.86ms ran=0 pulse=0.00ms loop=0.00ms full=0.29ms carry=0.36 barrier=
[clock/step] delta=6.9ms speed=50x target=0.34d cap=3.59d/f cost=2.23ms ran=0 pulse=0.00ms loop=0.00ms full=0.28ms carry=0.74 barrier=
[clock/step] delta=6.9ms speed=50x target=0.35d cap=2.86d/f cost=2.80ms ran=0 pulse=0.00ms loop=0.00ms full=0.50ms carry=0.38 barrier=
[economy-open-finish] day=25400 country=0.131 workset=0.009 fiscal=0.011 csr=0.001 recovery=0.000 vectors=0.164 audit=0.111 commands=0.001
[economy-prelude-cost] day=25400 ms=0.618 pending=0
[economy-aggregate-cost] day=25400 publish_ms=0.406 native_hash_ms=0.165
[economy-ledger-cost] day=25400 copy_ms=0.066 validate_ms=0.019 hash_ms=0.067 cohorts=64 markets=42880
[economy-boundary-cost] day=25400 formulas_ms=2.820 stages_ms=2.113 mirror_ms=0.335
[runtime-day-cost] day=25400 ok=1 ms=4.062
[clock/step] delta=6.9ms speed=50x target=0.34d cap=3.77d/f cost=2.12ms ran=0 pulse=0.00ms loop=0.00ms full=0.29ms carry=0.84 barrier=
[clock/step] delta=6.9ms speed=50x target=0.34d cap=4.10d/f cost=1.92ms ran=1 pulse=0.00ms loop=1.78ms full=1.96ms carry=0.21 barrier=
[economy-open-finish] day=25500 country=0.103 workset=0.008 fiscal=0.007 csr=0.001 recovery=0.000 vectors=0.125 audit=0.103 commands=0.001
[economy-prelude-cost] day=25500 ms=0.503 pending=0
[economy-aggregate-cost] day=25500 publish_ms=0.391 native_hash_ms=0.142
[economy-ledger-cost] day=25500 copy_ms=0.064 validate_ms=0.018 hash_ms=0.063 cohorts=64 markets=42880
[economy-boundary-cost] day=25500 formulas_ms=2.528 stages_ms=1.954 mirror_ms=0.325
[runtime-day-cost] day=25500 ok=1 ms=4.614
[clock/step] delta=6.9ms speed=50x target=0.34d cap=3.20d/f cost=2.50ms ran=0 pulse=0.00ms loop=0.00ms full=0.30ms carry=0.59 barrier=
[clock/step] delta=6.9ms speed=50x target=0.35d cap=2.47d/f cost=3.29ms ran=1 pulse=0.00ms loop=3.44ms full=3.71ms carry=0.01 barrier=
[clock/step] delta=6.9ms speed=50x target=0.35d cap=3.13d/f cost=2.55ms ran=0 pulse=0.00ms loop=0.00ms full=0.35ms carry=0.68 barrier=
[economy-open-finish] day=25600 country=0.082 workset=0.007 fiscal=0.006 csr=0.001 recovery=0.000 vectors=0.104 audit=0.057 commands=0.001
[economy-prelude-cost] day=25600 ms=0.398 pending=0
[economy-aggregate-cost] day=25600 publish_ms=0.499 native_hash_ms=0.143
[economy-ledger-cost] day=25600 copy_ms=0.080 validate_ms=0.018 hash_ms=0.065 cohorts=64 markets=42880
[economy-boundary-cost] day=25600 formulas_ms=3.093 stages_ms=2.640 mirror_ms=0.340
[runtime-day-cost] day=25600 ok=1 ms=4.069
[clock/step] delta=6.9ms speed=50x target=0.34d cap=3.72d/f cost=2.35ms ran=1 pulse=0.00ms loop=3.15ms full=3.35ms carry=0.06 barrier=
[clock/step] delta=6.9ms speed=50x target=0.34d cap=2.68d/f cost=2.98ms ran=0 pulse=0.00ms loop=0.00ms full=0.35ms carry=0.44 barrier=
[economy-open-finish] day=25700 country=0.241 workset=0.009 fiscal=0.012 csr=0.001 recovery=0.000 vectors=0.186 audit=0.120 commands=0.001
[economy-prelude-cost] day=25700 ms=0.768 pending=0
[economy-aggregate-cost] day=25700 publish_ms=0.522 native_hash_ms=0.284
[economy-ledger-cost] day=25700 copy_ms=0.154 validate_ms=0.037 hash_ms=0.111 cohorts=64 markets=42880
[economy-boundary-cost] day=25700 formulas_ms=3.833 stages_ms=3.001 mirror_ms=0.663
[runtime-day-cost] day=25700 ok=1 ms=5.367
[clock/step] delta=6.9ms speed=50x target=0.34d cap=3.23d/f cost=2.48ms ran=0 pulse=0.00ms loop=0.00ms full=0.30ms carry=0.81 barrier=
[clock/step] delta=6.9ms speed=50x target=0.34d cap=4.25d/f cost=1.97ms ran=1 pulse=0.00ms loop=2.33ms full=2.53ms carry=0.19 barrier=
[economy-open-finish] day=25800 country=0.074 workset=0.006 fiscal=0.005 csr=0.001 recovery=0.000 vectors=0.103 audit=0.057 commands=0.001
[economy-prelude-cost] day=25800 ms=0.370 pending=0
[economy-aggregate-cost] day=25800 publish_ms=0.485 native_hash_ms=0.174
[economy-ledger-cost] day=25800 copy_ms=0.074 validate_ms=0.018 hash_ms=0.064 cohorts=64 markets=42880
[economy-boundary-cost] day=25800 formulas_ms=2.367 stages_ms=1.938 mirror_ms=0.333
[runtime-day-cost] day=25800 ok=1 ms=4.808
[clock/step] delta=6.9ms speed=50x target=0.34d cap=3.86d/f cost=2.07ms ran=0 pulse=0.00ms loop=0.00ms full=0.25ms carry=0.56 barrier=
[clock/step] delta=6.9ms speed=50x target=0.34d cap=3.45d/f cost=2.32ms ran=0 pulse=0.00ms loop=0.00ms full=0.29ms carry=0.94 barrier=
[clock/step] delta=6.9ms speed=50x target=0.34d cap=3.08d/f cost=2.45ms ran=1 pulse=0.00ms loop=1.87ms full=2.06ms carry=0.32 barrier=
[economy-open-finish] day=25900 country=0.099 workset=0.006 fiscal=0.006 csr=0.001 recovery=0.000 vectors=0.116 audit=0.064 commands=0.001
[economy-prelude-cost] day=25900 ms=0.429 pending=0
[economy-aggregate-cost] day=25900 publish_ms=0.541 native_hash_ms=0.281
[economy-ledger-cost] day=25900 copy_ms=0.151 validate_ms=0.051 hash_ms=0.135 cohorts=64 markets=42880
[economy-boundary-cost] day=25900 formulas_ms=3.990 stages_ms=3.504 mirror_ms=0.596
[runtime-day-cost] day=25900 ok=1 ms=5.703
[clock/step] delta=6.9ms speed=50x target=0.35d cap=3.29d/f cost=2.43ms ran=0 pulse=0.00ms loop=0.00ms full=0.22ms carry=0.79 barrier=
[clock/step] delta=6.9ms speed=50x target=0.34d cap=4.18d/f cost=1.91ms ran=0 pulse=0.00ms loop=0.00ms full=0.25ms carry=0.41 barrier=
[economy-open-finish] day=26000 country=0.075 workset=0.006 fiscal=0.006 csr=0.001 recovery=0.000 vectors=0.108 audit=0.058 commands=0.000
[economy-prelude-cost] day=26000 ms=0.379 pending=0
[economy-aggregate-cost] day=26000 publish_ms=0.489 native_hash_ms=0.149
[economy-ledger-cost] day=26000 copy_ms=0.068 validate_ms=0.018 hash_ms=0.065 cohorts=64 markets=42880
[economy-boundary-cost] day=26000 formulas_ms=3.068 stages_ms=2.642 mirror_ms=0.339
[runtime-day-cost] day=26000 ok=1 ms=4.024
[clock/step] delta=6.9ms speed=50x target=0.34d cap=3.49d/f cost=2.29ms ran=0 pulse=0.00ms loop=0.00ms full=0.25ms carry=0.79 barrier=
[clock/step] delta=6.9ms speed=50x target=0.34d cap=3.30d/f cost=2.29ms ran=1 pulse=0.00ms loop=1.76ms full=1.94ms carry=0.16 barrier=
[clock/step] delta=6.9ms speed=50x target=0.34d cap=3.64d/f cost=2.20ms ran=0 pulse=0.00ms loop=0.00ms full=0.30ms carry=0.54 barrier=
[economy-open-finish] day=26100 country=0.082 workset=0.006 fiscal=0.006 csr=0.001 recovery=0.000 vectors=0.109 audit=0.069 commands=0.001
[economy-prelude-cost] day=26100 ms=0.419 pending=0
[economy-aggregate-cost] day=26100 publish_ms=0.410 native_hash_ms=0.161
[economy-ledger-cost] day=26100 copy_ms=0.079 validate_ms=0.018 hash_ms=0.076 cohorts=64 markets=42880
[economy-boundary-cost] day=26100 formulas_ms=2.774 stages_ms=2.302 mirror_ms=0.357
[runtime-day-cost] day=26100 ok=1 ms=4.518
[clock/step] delta=6.9ms speed=50x target=0.34d cap=3.00d/f cost=2.67ms ran=0 pulse=0.00ms loop=0.00ms full=0.25ms carry=0.92 barrier=
[clock/step] delta=6.9ms speed=50x target=0.34d cap=3.02d/f cost=2.68ms ran=1 pulse=0.00ms loop=2.79ms full=3.11ms carry=0.29 barrier=
[economy-open-finish] day=26200 country=0.135 workset=0.008 fiscal=0.011 csr=0.001 recovery=0.000 vectors=0.171 audit=0.123 commands=0.001
[economy-prelude-cost] day=26200 ms=0.686 pending=0
[economy-aggregate-cost] day=26200 publish_ms=0.520 native_hash_ms=0.291
[economy-ledger-cost] day=26200 copy_ms=0.141 validate_ms=0.037 hash_ms=0.113 cohorts=64 markets=42880
[economy-boundary-cost] day=26200 formulas_ms=4.066 stages_ms=3.290 mirror_ms=0.659
[runtime-day-cost] day=26200 ok=1 ms=5.671
[clock/step] delta=6.9ms speed=50x target=0.34d cap=3.23d/f cost=2.48ms ran=0 pulse=0.00ms loop=0.00ms full=0.40ms carry=0.67 barrier=
[clock/step] delta=6.9ms speed=50x target=0.34d cap=3.56d/f cost=2.35ms ran=1 pulse=0.00ms loop=2.76ms full=2.96ms carry=0.04 barrier=
[economy-open-finish] day=26300 country=0.078 workset=0.006 fiscal=0.006 csr=0.001 recovery=0.000 vectors=0.086 audit=0.059 commands=0.001
[economy-prelude-cost] day=26300 ms=0.361 pending=0
[economy-aggregate-cost] day=26300 publish_ms=0.546 native_hash_ms=0.148
[economy-ledger-cost] day=26300 copy_ms=0.093 validate_ms=0.037 hash_ms=0.109 cohorts=64 markets=42880
[economy-boundary-cost] day=26300 formulas_ms=2.554 stages_ms=2.145 mirror_ms=0.428
[runtime-day-cost] day=26300 ok=1 ms=3.736
[clock/step] delta=6.9ms speed=50x target=0.34d cap=2.92d/f cost=2.74ms ran=0 pulse=0.00ms loop=0.00ms full=0.47ms carry=0.42 barrier=
[clock/step] delta=6.9ms speed=50x target=0.34d cap=2.71d/f cost=2.96ms ran=0 pulse=0.00ms loop=0.00ms full=0.47ms carry=0.80 barrier=
[clock/step] delta=6.9ms speed=50x target=0.35d cap=2.46d/f cost=3.16ms ran=1 pulse=0.00ms loop=2.83ms full=3.18ms carry=0.26 barrier=
[economy-open-finish] day=26400 country=0.140 workset=0.009 fiscal=0.010 csr=0.001 recovery=0.000 vectors=0.173 audit=0.138 commands=0.001
[economy-prelude-cost] day=26400 ms=0.709 pending=0
[economy-aggregate-cost] day=26400 publish_ms=0.536 native_hash_ms=0.152
[economy-ledger-cost] day=26400 copy_ms=0.069 validate_ms=0.019 hash_ms=0.071 cohorts=64 markets=42880
[economy-boundary-cost] day=26400 formulas_ms=4.163 stages_ms=3.361 mirror_ms=0.351
[runtime-day-cost] day=26400 ok=1 ms=5.916
[clock/step] delta=6.9ms speed=50x target=0.34d cap=2.78d/f cost=2.88ms ran=0 pulse=0.00ms loop=0.00ms full=0.41ms carry=0.89 barrier=
[clock/step] delta=6.9ms speed=50x target=0.34d cap=2.87d/f cost=2.66ms ran=1 pulse=0.00ms loop=2.15ms full=2.34ms carry=0.27 barrier=
[economy-open-finish] day=26500 country=0.137 workset=0.009 fiscal=0.012 csr=0.001 recovery=0.000 vectors=0.164 audit=0.122 commands=0.001
[economy-prelude-cost] day=26500 ms=0.674 pending=0
[economy-aggregate-cost] day=26500 publish_ms=0.448 native_hash_ms=0.152
[economy-ledger-cost] day=26500 copy_ms=0.070 validate_ms=0.019 hash_ms=0.069 cohorts=64 markets=42880
[economy-boundary-cost] day=26500 formulas_ms=3.980 stages_ms=3.219 mirror_ms=0.346
[runtime-day-cost] day=26500 ok=1 ms=5.137
[clock/step] delta=6.9ms speed=50x target=0.34d cap=2.82d/f cost=2.83ms ran=0 pulse=0.00ms loop=0.00ms full=0.22ms carry=0.65 barrier=
[clock/step] delta=6.9ms speed=50x target=0.34d cap=2.50d/f cost=3.14ms ran=1 pulse=0.00ms loop=2.92ms full=3.27ms carry=0.02 barrier=
[clock/step] delta=6.9ms speed=50x target=0.34d cap=2.87d/f cost=2.79ms ran=0 pulse=0.00ms loop=0.00ms full=0.24ms carry=0.40 barrier=
[economy-open-finish] day=26600 country=0.148 workset=0.009 fiscal=0.013 csr=0.001 recovery=0.001 vectors=0.222 audit=0.143 commands=0.001
[economy-prelude-cost] day=26600 ms=0.808 pending=0
[economy-aggregate-cost] day=26600 publish_ms=0.406 native_hash_ms=0.159
[economy-ledger-cost] day=26600 copy_ms=0.082 validate_ms=0.020 hash_ms=0.076 cohorts=64 markets=42880
[economy-boundary-cost] day=26600 formulas_ms=4.840 stages_ms=3.930 mirror_ms=0.376
[runtime-day-cost] day=26600 ok=1 ms=6.377
[clock/step] delta=6.9ms speed=50x target=0.34d cap=2.73d/f cost=2.93ms ran=0 pulse=0.00ms loop=0.00ms full=0.30ms carry=0.77 barrier=
[clock/step] delta=6.9ms speed=50x target=0.35d cap=3.66d/f cost=2.19ms ran=0 pulse=0.00ms loop=0.00ms full=0.30ms carry=0.38 barrier=
[economy-open-finish] day=26700 country=0.134 workset=0.008 fiscal=0.009 csr=0.001 recovery=0.000 vectors=0.165 audit=0.122 commands=0.001
[economy-prelude-cost] day=26700 ms=0.659 pending=0
[economy-aggregate-cost] day=26700 publish_ms=0.556 native_hash_ms=0.279
[economy-ledger-cost] day=26700 copy_ms=0.372 validate_ms=0.040 hash_ms=0.122 cohorts=64 markets=42880
[economy-boundary-cost] day=26700 formulas_ms=4.046 stages_ms=3.299 mirror_ms=0.903
[runtime-day-cost] day=26700 ok=1 ms=7.469
[clock/step] delta=6.9ms speed=50x target=0.34d cap=2.24d/f cost=3.57ms ran=0 pulse=0.00ms loop=0.00ms full=0.43ms carry=0.87 barrier=
[clock/step] delta=6.9ms speed=50x target=0.34d cap=2.48d/f cost=3.15ms ran=1 pulse=0.00ms loop=2.83ms full=3.40ms carry=0.25 barrier=
[clock/step] delta=6.9ms speed=50x target=0.34d cap=2.73d/f cost=2.93ms ran=0 pulse=0.00ms loop=0.00ms full=0.52ms carry=0.62 barrier=
[economy-open-finish] day=26800 country=0.183 workset=0.026 fiscal=0.007 csr=0.001 recovery=0.001 vectors=0.176 audit=0.133 commands=0.001
[economy-prelude-cost] day=26800 ms=0.771 pending=0
[economy-aggregate-cost] day=26800 publish_ms=0.541 native_hash_ms=0.161
[economy-ledger-cost] day=26800 copy_ms=0.079 validate_ms=0.024 hash_ms=0.089 cohorts=64 markets=42880
[economy-boundary-cost] day=26800 formulas_ms=3.445 stages_ms=2.579 mirror_ms=0.404
[runtime-day-cost] day=26800 ok=1 ms=4.524
[clock/step] delta=6.9ms speed=50x target=0.34d cap=2.46d/f cost=3.25ms ran=0 pulse=0.00ms loop=0.00ms full=0.41ms carry=1.00 barrier=
[clock/step] delta=6.9ms speed=50x target=0.34d cap=2.08d/f cost=3.84ms ran=0 pulse=0.00ms loop=0.00ms full=0.42ms carry=0.37 barrier=
[economy-open-finish] day=26900 country=0.108 workset=0.009 fiscal=0.005 csr=0.001 recovery=0.000 vectors=0.125 audit=0.096 commands=0.001
[economy-prelude-cost] day=26900 ms=0.528 pending=0
[economy-aggregate-cost] day=26900 publish_ms=0.990 native_hash_ms=0.392
[economy-ledger-cost] day=26900 copy_ms=0.250 validate_ms=0.042 hash_ms=0.123 cohorts=64 markets=42880
[economy-boundary-cost] day=26900 formulas_ms=6.071 stages_ms=5.471 mirror_ms=0.841
[runtime-day-cost] day=26900 ok=1 ms=8.047
[clock/step] delta=6.9ms speed=50x target=0.35d cap=2.15d/f cost=3.72ms ran=0 pulse=0.00ms loop=0.00ms full=0.56ms carry=0.78 barrier=
[clock/step] delta=6.9ms speed=50x target=0.35d cap=2.27d/f cost=3.52ms ran=0 pulse=0.00ms loop=0.00ms full=0.34ms carry=0.45 barrier=
[economy-open-finish] day=27000 country=0.115 workset=0.011 fiscal=0.008 csr=0.001 recovery=0.000 vectors=0.144 audit=0.091 commands=0.001
[economy-prelude-cost] day=27000 ms=0.555 pending=0
[economy-aggregate-cost] day=27000 publish_ms=0.482 native_hash_ms=0.172
[economy-ledger-cost] day=27000 copy_ms=0.093 validate_ms=0.025 hash_ms=0.091 cohorts=64 markets=42880
[economy-boundary-cost] day=27000 formulas_ms=3.670 stages_ms=3.035 mirror_ms=0.426
[runtime-day-cost] day=27000 ok=1 ms=5.694
[clock/step] delta=6.9ms speed=50x target=0.34d cap=2.22d/f cost=3.60ms ran=0 pulse=0.00ms loop=0.00ms full=0.70ms carry=0.85 barrier=
[clock/step] delta=6.9ms speed=50x target=0.35d cap=1.40d/f cost=5.72ms ran=0 pulse=0.00ms loop=0.00ms full=0.43ms carry=0.50 barrier=
[clock/step] delta=6.9ms speed=50x target=0.35d cap=1.81d/f cost=4.20ms ran=1 pulse=0.00ms loop=3.33ms full=3.83ms carry=0.17 barrier=
[economy-open-finish] day=27100 country=0.136 workset=0.010 fiscal=0.007 csr=0.001 recovery=0.000 vectors=0.202 audit=0.124 commands=0.001
[economy-prelude-cost] day=27100 ms=0.676 pending=0
[economy-aggregate-cost] day=27100 publish_ms=0.649 native_hash_ms=0.417
[economy-ledger-cost] day=27100 copy_ms=0.107 validate_ms=0.025 hash_ms=0.182 cohorts=64 markets=42880
[economy-boundary-cost] day=27100 formulas_ms=4.737 stages_ms=3.913 mirror_ms=0.614
[runtime-day-cost] day=27100 ok=1 ms=6.655
[clock/step] delta=6.9ms speed=50x target=0.35d cap=1.78d/f cost=4.49ms ran=0 pulse=0.00ms loop=0.00ms full=0.64ms carry=0.83 barrier=
[clock/step] delta=6.9ms speed=50x target=0.35d cap=2.08d/f cost=3.85ms ran=0 pulse=0.00ms loop=0.00ms full=0.33ms carry=0.57 barrier=
[economy-open-finish] day=27200 country=0.109 workset=0.010 fiscal=0.005 csr=0.001 recovery=0.000 vectors=0.124 audit=0.090 commands=0.001
[economy-prelude-cost] day=27200 ms=0.535 pending=0
[economy-aggregate-cost] day=27200 publish_ms=0.636 native_hash_ms=0.259
[economy-ledger-cost] day=27200 copy_ms=0.125 validate_ms=0.025 hash_ms=0.155 cohorts=64 markets=42880
[economy-boundary-cost] day=27200 formulas_ms=5.070 stages_ms=4.459 mirror_ms=0.555
[runtime-day-cost] day=27200 ok=1 ms=6.547
[clock/step] delta=6.9ms speed=50x target=0.34d cap=2.11d/f cost=3.63ms ran=1 pulse=0.00ms loop=3.02ms full=3.40ms carry=0.11 barrier=
[clock/step] delta=6.9ms speed=50x target=0.35d cap=2.35d/f cost=3.40ms ran=0 pulse=0.00ms loop=0.00ms full=0.60ms carry=0.66 barrier=
[clock/step] delta=6.9ms speed=50x target=0.34d cap=2.25d/f cost=3.48ms ran=1 pulse=0.00ms loop=3.19ms full=3.57ms carry=0.20 barrier=
[economy-open-finish] day=27300 country=0.122 workset=0.009 fiscal=0.008 csr=0.001 recovery=0.000 vectors=0.187 audit=0.105 commands=0.001
[economy-prelude-cost] day=27300 ms=0.722 pending=0
[economy-aggregate-cost] day=27300 publish_ms=0.641 native_hash_ms=0.328
[economy-ledger-cost] day=27300 copy_ms=0.179 validate_ms=0.040 hash_ms=0.121 cohorts=64 markets=42880
[economy-boundary-cost] day=27300 formulas_ms=4.504 stages_ms=3.699 mirror_ms=0.739
[runtime-day-cost] day=27300 ok=1 ms=7.144
[clock/step] delta=6.9ms speed=50x target=0.34d cap=2.30d/f cost=3.48ms ran=0 pulse=0.00ms loop=0.00ms full=0.57ms carry=0.58 barrier=
[clock/step] delta=6.9ms speed=50x target=0.34d cap=1.84d/f cost=4.34ms ran=0 pulse=0.00ms loop=0.00ms full=0.57ms carry=0.41 barrier=
[economy-open-finish] day=27400 country=0.194 workset=0.016 fiscal=0.019 csr=0.001 recovery=0.000 vectors=0.187 audit=0.134 commands=0.001
[economy-prelude-cost] day=27400 ms=0.859 pending=0
[economy-aggregate-cost] day=27400 publish_ms=0.624 native_hash_ms=0.302
[economy-ledger-cost] day=27400 copy_ms=0.151 validate_ms=0.039 hash_ms=0.116 cohorts=64 markets=42880
[economy-boundary-cost] day=27400 formulas_ms=5.115 stages_ms=4.157 mirror_ms=0.685
[runtime-day-cost] day=27400 ok=1 ms=6.826
[clock/step] delta=6.9ms speed=50x target=0.34d cap=2.51d/f cost=3.19ms ran=0 pulse=0.00ms loop=0.00ms full=0.27ms carry=0.37 barrier=
[clock/step] delta=6.9ms speed=50x target=0.34d cap=2.34d/f cost=3.42ms ran=0 pulse=0.00ms loop=0.00ms full=0.42ms carry=0.74 barrier=
[economy-open-finish] day=27500 country=0.094 workset=0.009 fiscal=0.007 csr=0.001 recovery=0.000 vectors=0.094 audit=0.066 commands=0.001
[economy-prelude-cost] day=27500 ms=0.433 pending=0
[economy-aggregate-cost] day=27500 publish_ms=0.623 native_hash_ms=0.326
[economy-ledger-cost] day=27500 copy_ms=0.188 validate_ms=0.044 hash_ms=0.120 cohorts=64 markets=42880
[economy-boundary-cost] day=27500 formulas_ms=5.429 stages_ms=4.890 mirror_ms=0.741
[runtime-day-cost] day=27500 ok=1 ms=7.460
[clock/step] delta=6.9ms speed=50x target=0.34d cap=2.24d/f cost=3.51ms ran=1 pulse=0.00ms loop=3.29ms full=3.74ms carry=0.12 barrier=
[clock/step] delta=7.4ms speed=50x target=0.37d cap=1.46d/f cost=5.33ms ran=1 pulse=0.00ms loop=4.74ms full=5.28ms carry=0.01 barrier=
[clock/step] delta=6.9ms speed=50x target=0.34d cap=2.12d/f cost=3.77ms ran=0 pulse=0.00ms loop=0.00ms full=0.44ms carry=0.56 barrier=
[economy-open-finish] day=27600 country=0.205 workset=0.011 fiscal=0.006 csr=0.001 recovery=0.000 vectors=0.176 audit=0.106 commands=0.001
[economy-prelude-cost] day=27600 ms=0.715 pending=0
[economy-aggregate-cost] day=27600 publish_ms=0.691 native_hash_ms=0.229
[economy-ledger-cost] day=27600 copy_ms=0.268 validate_ms=0.043 hash_ms=0.155 cohorts=64 markets=42880
[economy-boundary-cost] day=27600 formulas_ms=4.995 stages_ms=4.192 mirror_ms=0.844
[runtime-day-cost] day=27600 ok=1 ms=8.040
[clock/step] delta=6.9ms speed=50x target=0.35d cap=2.34d/f cost=3.43ms ran=1 pulse=0.00ms loop=3.44ms full=3.85ms carry=0.18 barrier=
[clock/step] delta=6.9ms speed=50x target=0.34d cap=2.31d/f cost=3.47ms ran=0 pulse=0.00ms loop=0.00ms full=0.49ms carry=0.66 barrier=
[economy-open-finish] day=27700 country=0.118 workset=0.009 fiscal=0.007 csr=0.001 recovery=0.000 vectors=0.177 audit=0.111 commands=0.001
[economy-prelude-cost] day=27700 ms=0.603 pending=0
[economy-aggregate-cost] day=27700 publish_ms=0.532 native_hash_ms=0.198
[economy-ledger-cost] day=27700 copy_ms=0.095 validate_ms=0.024 hash_ms=0.110 cohorts=64 markets=42880
[economy-boundary-cost] day=27700 formulas_ms=3.858 stages_ms=3.171 mirror_ms=0.465
[runtime-day-cost] day=27700 ok=1 ms=5.343
[clock/step] delta=6.9ms speed=50x target=0.34d cap=2.52d/f cost=3.32ms ran=1 pulse=0.00ms loop=3.86ms full=4.26ms carry=0.03 barrier=
[clock/step] delta=7.1ms speed=50x target=0.36d cap=1.68d/f cost=4.75ms ran=0 pulse=0.00ms loop=0.00ms full=0.58ms carry=0.39 barrier=
[clock/step] delta=6.9ms speed=50x target=0.34d cap=2.34d/f cost=3.42ms ran=0 pulse=0.00ms loop=0.00ms full=0.29ms carry=0.47 barrier=
[economy-open-finish] day=27800 country=0.184 workset=0.011 fiscal=0.015 csr=0.001 recovery=0.000 vectors=0.198 audit=0.170 commands=0.001
[economy-prelude-cost] day=27800 ms=0.900 pending=0
[economy-aggregate-cost] day=27800 publish_ms=0.668 native_hash_ms=0.340
[economy-ledger-cost] day=27800 copy_ms=0.189 validate_ms=0.041 hash_ms=0.126 cohorts=64 markets=42880
[economy-boundary-cost] day=27800 formulas_ms=6.304 stages_ms=5.287 mirror_ms=0.765
[runtime-day-cost] day=27800 ok=1 ms=8.167
[clock/step] delta=6.9ms speed=50x target=0.34d cap=2.06d/f cost=3.89ms ran=0 pulse=0.00ms loop=0.00ms full=0.62ms carry=0.85 barrier=
[clock/step] delta=6.9ms speed=50x target=0.34d cap=2.24d/f cost=3.54ms ran=1 pulse=0.00ms loop=3.41ms full=3.84ms carry=0.23 barrier=
[economy-open-finish] day=27900 country=0.169 workset=0.011 fiscal=0.014 csr=0.001 recovery=0.000 vectors=0.179 audit=0.126 commands=0.001
[economy-prelude-cost] day=27900 ms=0.754 pending=0
[economy-aggregate-cost] day=27900 publish_ms=0.609 native_hash_ms=0.196
[economy-ledger-cost] day=27900 copy_ms=0.110 validate_ms=0.028 hash_ms=0.101 cohorts=64 markets=42880
[economy-boundary-cost] day=27900 formulas_ms=4.945 stages_ms=4.089 mirror_ms=0.462
[runtime-day-cost] day=27900 ok=1 ms=8.012
[clock/step] delta=6.9ms speed=50x target=0.34d cap=2.66d/f cost=3.01ms ran=0 pulse=0.00ms loop=0.00ms full=0.38ms carry=0.60 barrier=
[clock/step] delta=6.9ms speed=50x target=0.34d cap=2.58d/f cost=3.10ms ran=0 pulse=0.00ms loop=0.00ms full=0.51ms carry=0.98 barrier=
[economy-open-finish] day=28000 country=0.142 workset=0.009 fiscal=0.011 csr=0.001 recovery=0.000 vectors=0.228 audit=0.128 commands=0.001
[economy-prelude-cost] day=28000 ms=0.788 pending=0
[economy-aggregate-cost] day=28000 publish_ms=0.619 native_hash_ms=0.309
[economy-ledger-cost] day=28000 copy_ms=0.180 validate_ms=0.039 hash_ms=0.116 cohorts=64 markets=42880
[economy-boundary-cost] day=28000 formulas_ms=5.905 stages_ms=5.022 mirror_ms=0.719
[runtime-day-cost] day=28000 ok=1 ms=7.612
[clock/step] delta=6.9ms speed=50x target=0.35d cap=2.48d/f cost=3.23ms ran=0 pulse=0.00ms loop=0.00ms full=0.42ms carry=0.39 barrier=
[clock/step] delta=6.9ms speed=50x target=0.35d cap=2.27d/f cost=3.40ms ran=1 pulse=0.00ms loop=2.92ms full=3.29ms carry=0.06 barrier=
[clock/step] delta=6.9ms speed=50x target=0.34d cap=2.35d/f cost=3.40ms ran=0 pulse=0.00ms loop=0.00ms full=0.28ms carry=0.45 barrier=
[economy-open-finish] day=28100 country=0.116 workset=0.009 fiscal=0.007 csr=0.001 recovery=0.000 vectors=0.113 audit=0.100 commands=0.001
[economy-prelude-cost] day=28100 ms=0.520 pending=0
[economy-aggregate-cost] day=28100 publish_ms=0.486 native_hash_ms=0.164
[economy-ledger-cost] day=28100 copy_ms=0.091 validate_ms=0.022 hash_ms=0.091 cohorts=64 markets=42880
[economy-boundary-cost] day=28100 formulas_ms=2.997 stages_ms=2.414 mirror_ms=0.416
[runtime-day-cost] day=28100 ok=1 ms=4.415
[clock/step] delta=6.9ms speed=50x target=0.35d cap=2.26d/f cost=3.54ms ran=0 pulse=0.00ms loop=0.00ms full=0.61ms carry=0.99 barrier=
[clock/step] delta=7.8ms speed=50x target=0.39d cap=1.95d/f cost=4.11ms ran=0 pulse=0.00ms loop=0.00ms full=0.51ms carry=1.00 barrier=
[economy-open-finish] day=28200 country=0.096 workset=0.008 fiscal=0.007 csr=0.001 recovery=0.000 vectors=0.141 audit=0.072 commands=0.001
[economy-prelude-cost] day=28200 ms=0.480 pending=0
[economy-aggregate-cost] day=28200 publish_ms=0.911 native_hash_ms=0.365
[economy-ledger-cost] day=28200 copy_ms=0.215 validate_ms=0.041 hash_ms=0.124 cohorts=64 markets=42880
[economy-boundary-cost] day=28200 formulas_ms=4.432 stages_ms=3.890 mirror_ms=0.787
[runtime-day-cost] day=28200 ok=1 ms=6.977
[clock/step] delta=6.9ms speed=50x target=0.34d cap=2.37d/f cost=3.54ms ran=1 pulse=0.00ms loop=4.18ms full=4.57ms carry=0.30 barrier=
[clock/step] delta=6.9ms speed=50x target=0.34d cap=2.78d/f cost=2.88ms ran=0 pulse=0.00ms loop=0.00ms full=0.52ms carry=0.68 barrier=
[clock/step] delta=6.9ms speed=50x target=0.35d cap=2.13d/f cost=3.63ms ran=1 pulse=0.00ms loop=3.15ms full=3.55ms carry=0.11 barrier=
[economy-open-finish] day=28300 country=0.162 workset=0.012 fiscal=0.039 csr=0.001 recovery=0.000 vectors=0.206 audit=0.108 commands=0.001
[economy-prelude-cost] day=28300 ms=0.739 pending=0
[economy-aggregate-cost] day=28300 publish_ms=0.899 native_hash_ms=0.309
[economy-ledger-cost] day=28300 copy_ms=0.177 validate_ms=0.040 hash_ms=0.120 cohorts=64 markets=42880
[economy-boundary-cost] day=28300 formulas_ms=4.938 stages_ms=4.102 mirror_ms=0.731
[runtime-day-cost] day=28300 ok=1 ms=6.882
[clock/step] delta=6.9ms speed=50x target=0.35d cap=2.04d/f cost=3.93ms ran=0 pulse=0.00ms loop=0.00ms full=0.64ms carry=0.78 barrier=
[clock/step] delta=6.9ms speed=50x target=0.34d cap=1.76d/f cost=7.05ms ran=1 pulse=0.00ms loop=17.08ms full=17.56ms carry=0.15 barrier=
[clock/fat-day] loop=17.08ms largest=0.00ms job= stage= over_budget=false native_stage=
[economy-open-finish] day=28400 country=0.242 workset=0.011 fiscal=0.016 csr=0.001 recovery=0.000 vectors=0.190 audit=0.132 commands=0.001
[economy-prelude-cost] day=28400 ms=0.912 pending=0
[economy-aggregate-cost] day=28400 publish_ms=0.970 native_hash_ms=0.376
[economy-ledger-cost] day=28400 copy_ms=0.194 validate_ms=0.040 hash_ms=0.121 cohorts=64 markets=42880
[economy-boundary-cost] day=28400 formulas_ms=5.822 stages_ms=4.802 mirror_ms=0.760
[runtime-day-cost] day=28400 ok=1 ms=7.646
[clock/step] delta=6.9ms speed=50x target=0.35d cap=1.93d/f cost=3.98ms ran=1 pulse=0.00ms loop=3.31ms full=3.69ms carry=0.25 barrier=
[clock/step] delta=6.9ms speed=50x target=0.35d cap=2.56d/f cost=3.13ms ran=0 pulse=0.00ms loop=0.00ms full=0.66ms carry=0.91 barrier=
[economy-open-finish] day=28500 country=0.176 workset=0.011 fiscal=0.015 csr=0.001 recovery=0.000 vectors=0.233 audit=0.163 commands=0.003
[economy-prelude-cost] day=28500 ms=0.930 pending=0
[economy-aggregate-cost] day=28500 publish_ms=0.666 native_hash_ms=0.344
[economy-ledger-cost] day=28500 copy_ms=0.199 validate_ms=0.042 hash_ms=0.129 cohorts=64 markets=42880
[economy-boundary-cost] day=28500 formulas_ms=5.746 stages_ms=4.694 mirror_ms=0.856
[runtime-day-cost] day=28500 ok=1 ms=9.496
[clock/step] delta=6.7ms speed=50x target=0.33d cap=1.77d/f cost=4.24ms ran=1 pulse=0.00ms loop=3.14ms full=3.46ms carry=0.33 barrier=
[clock/step] delta=6.9ms speed=50x target=0.34d cap=2.27d/f cost=3.52ms ran=0 pulse=0.00ms loop=0.00ms full=0.46ms carry=0.38 barrier=
[clock/step] delta=6.9ms speed=50x target=0.34d cap=2.36d/f cost=3.40ms ran=0 pulse=0.00ms loop=0.00ms full=0.71ms carry=0.76 barrier=
[economy-open-finish] day=28600 country=0.095 workset=0.010 fiscal=0.007 csr=0.001 recovery=0.000 vectors=0.096 audit=0.070 commands=0.001
[economy-prelude-cost] day=28600 ms=0.486 pending=0
[economy-aggregate-cost] day=28600 publish_ms=0.818 native_hash_ms=0.308
[economy-ledger-cost] day=28600 copy_ms=0.168 validate_ms=0.047 hash_ms=0.147 cohorts=64 markets=42880
[economy-boundary-cost] day=28600 formulas_ms=3.704 stages_ms=3.112 mirror_ms=0.761
[runtime-day-cost] day=28600 ok=1 ms=5.648
[clock/step] delta=6.9ms speed=50x target=0.34d cap=2.76d/f cost=3.05ms ran=1 pulse=0.00ms loop=3.64ms full=4.03ms carry=0.13 barrier=
[clock/step] delta=6.9ms speed=50x target=0.34d cap=2.26d/f cost=3.53ms ran=0 pulse=0.00ms loop=0.00ms full=0.44ms carry=0.51 barrier=
[economy-open-finish] day=28700 country=0.094 workset=0.007 fiscal=0.006 csr=0.001 recovery=0.000 vectors=0.128 audit=0.104 commands=0.001
[economy-prelude-cost] day=28700 ms=0.519 pending=0
[economy-aggregate-cost] day=28700 publish_ms=0.651 native_hash_ms=0.319
[economy-ledger-cost] day=28700 copy_ms=0.189 validate_ms=0.041 hash_ms=0.150 cohorts=64 markets=42880
[economy-boundary-cost] day=28700 formulas_ms=3.713 stages_ms=3.129 mirror_ms=0.788
[runtime-day-cost] day=28700 ok=1 ms=5.485
[clock/step] delta=6.9ms speed=50x target=0.34d cap=2.35d/f cost=3.40ms ran=0 pulse=0.00ms loop=0.00ms full=0.57ms carry=0.88 barrier=
[clock/step] delta=6.9ms speed=50x target=0.35d cap=2.41d/f cost=3.25ms ran=1 pulse=0.00ms loop=2.93ms full=3.28ms carry=0.32 barrier=
[clock/step] delta=6.9ms speed=50x target=0.34d cap=2.58d/f cost=3.10ms ran=0 pulse=0.00ms loop=0.00ms full=0.35ms carry=0.98 barrier=
[economy-open-finish] day=28800 country=0.145 workset=0.008 fiscal=0.012 csr=0.001 recovery=0.000 vectors=0.180 audit=0.127 commands=0.001
[economy-prelude-cost] day=28800 ms=0.735 pending=0
[economy-aggregate-cost] day=28800 publish_ms=0.539 native_hash_ms=0.208
[economy-ledger-cost] day=28800 copy_ms=0.150 validate_ms=0.031 hash_ms=0.073 cohorts=64 markets=42880
[economy-boundary-cost] day=28800 formulas_ms=4.410 stages_ms=3.582 mirror_ms=0.496
[runtime-day-cost] day=28800 ok=1 ms=7.261
[clock/step] delta=7.1ms speed=50x target=0.36d cap=1.41d/f cost=5.69ms ran=0 pulse=0.00ms loop=0.00ms full=0.61ms carry=0.67 barrier=
[clock/step] delta=6.9ms speed=50x target=0.35d cap=2.62d/f cost=3.05ms ran=0 pulse=0.00ms loop=0.00ms full=0.54ms carry=0.64 barrier=
[economy-open-finish] day=28900 country=0.158 workset=0.010 fiscal=0.013 csr=0.001 recovery=0.000 vectors=0.174 audit=0.126 commands=0.001
[economy-prelude-cost] day=28900 ms=0.760 pending=0
[economy-aggregate-cost] day=28900 publish_ms=0.473 native_hash_ms=0.163
[economy-ledger-cost] day=28900 copy_ms=0.059 validate_ms=0.021 hash_ms=0.086 cohorts=64 markets=42880
[economy-boundary-cost] day=28900 formulas_ms=5.548 stages_ms=4.689 mirror_ms=0.473
[runtime-day-cost] day=28900 ok=1 ms=7.231
[clock/step] delta=6.7ms speed=50x target=0.33d cap=2.52d/f cost=3.22ms ran=1 pulse=0.00ms loop=3.40ms full=3.76ms carry=0.16 barrier=
[clock/step] delta=6.9ms speed=50x target=0.34d cap=2.82d/f cost=2.84ms ran=0 pulse=0.00ms loop=0.00ms full=0.49ms carry=0.52 barrier=
[economy-open-finish] day=29000 country=0.143 workset=0.009 fiscal=0.010 csr=0.001 recovery=0.000 vectors=0.182 audit=0.132 commands=0.001
[economy-prelude-cost] day=29000 ms=0.723 pending=0
[economy-aggregate-cost] day=29000 publish_ms=0.684 native_hash_ms=0.185
[economy-ledger-cost] day=29000 copy_ms=0.093 validate_ms=0.026 hash_ms=0.100 cohorts=64 markets=42880
[economy-boundary-cost] day=29000 formulas_ms=4.428 stages_ms=3.609 mirror_ms=0.447
[runtime-day-cost] day=29000 ok=1 ms=5.923
[clock/step] delta=6.9ms speed=50x target=0.34d cap=2.58d/f cost=3.10ms ran=0 pulse=0.00ms loop=0.00ms full=0.34ms carry=0.89 barrier=
[clock/step] delta=6.9ms speed=50x target=0.35d cap=2.27d/f cost=3.53ms ran=0 pulse=0.00ms loop=0.00ms full=0.48ms carry=0.37 barrier=
[clock/step] delta=6.9ms speed=50x target=0.34d cap=2.29d/f cost=3.49ms ran=0 pulse=0.00ms loop=0.00ms full=0.50ms carry=0.99 barrier=
[economy-open-finish] day=29100 country=0.184 workset=0.011 fiscal=0.014 csr=0.001 recovery=0.000 vectors=0.187 audit=0.129 commands=0.001
[economy-prelude-cost] day=29100 ms=0.807 pending=0
[economy-aggregate-cost] day=29100 publish_ms=0.718 native_hash_ms=0.399
[economy-ledger-cost] day=29100 copy_ms=0.248 validate_ms=0.041 hash_ms=0.120 cohorts=64 markets=42880
[economy-boundary-cost] day=29100 formulas_ms=6.561 stages_ms=5.645 mirror_ms=0.849
[runtime-day-cost] day=29100 ok=1 ms=10.158
[clock/step] delta=6.9ms speed=50x target=0.35d cap=2.24d/f cost=3.58ms ran=0 pulse=0.00ms loop=0.00ms full=0.49ms carry=0.50 barrier=
[clock/step] delta=6.9ms speed=50x target=0.34d cap=2.31d/f cost=3.45ms ran=1 pulse=0.00ms loop=3.37ms full=3.81ms carry=0.09 barrier=
[economy-open-finish] day=29200 country=0.143 workset=0.009 fiscal=0.012 csr=0.001 recovery=0.000 vectors=0.180 audit=0.128 commands=0.001
[economy-prelude-cost] day=29200 ms=0.739 pending=0
[economy-aggregate-cost] day=29200 publish_ms=0.775 native_hash_ms=0.323
[economy-ledger-cost] day=29200 copy_ms=0.169 validate_ms=0.039 hash_ms=0.117 cohorts=64 markets=42880
[economy-boundary-cost] day=29200 formulas_ms=4.985 stages_ms=4.148 mirror_ms=0.716
[runtime-day-cost] day=29200 ok=1 ms=6.685
[clock/step] delta=7.1ms speed=50x target=0.36d cap=2.19d/f cost=3.57ms ran=1 pulse=0.00ms loop=3.23ms full=3.64ms carry=0.29 barrier=
[clock/step] delta=6.9ms speed=50x target=0.34d cap=2.58d/f cost=3.10ms ran=0 pulse=0.00ms loop=0.00ms full=0.28ms carry=0.53 barrier=
[clock/step] delta=6.9ms speed=50x target=0.34d cap=1.53d/f cost=5.22ms ran=0 pulse=0.00ms loop=0.00ms full=0.50ms carry=0.91 barrier=
[economy-open-finish] day=29300 country=0.079 workset=0.006 fiscal=0.006 csr=0.001 recovery=0.000 vectors=0.151 audit=0.061 commands=0.001
[economy-prelude-cost] day=29300 ms=0.442 pending=0
[economy-aggregate-cost] day=29300 publish_ms=0.494 native_hash_ms=0.146
[economy-ledger-cost] day=29300 copy_ms=0.065 validate_ms=0.019 hash_ms=0.068 cohorts=64 markets=42880
[economy-boundary-cost] day=29300 formulas_ms=2.628 stages_ms=2.092 mirror_ms=0.337
[runtime-day-cost] day=29300 ok=1 ms=3.931
[clock/step] delta=6.9ms speed=50x target=0.34d cap=2.59d/f cost=3.11ms ran=1 pulse=0.00ms loop=3.19ms full=3.39ms carry=0.28 barrier=
[clock/step] delta=6.9ms speed=50x target=0.35d cap=1.53d/f cost=5.22ms ran=0 pulse=0.00ms loop=0.00ms full=0.51ms carry=0.72 barrier=
[economy-open-finish] day=29400 country=0.166 workset=0.011 fiscal=0.012 csr=0.001 recovery=0.000 vectors=0.186 audit=0.148 commands=0.001
[economy-prelude-cost] day=29400 ms=0.824 pending=0
[economy-aggregate-cost] day=29400 publish_ms=0.529 native_hash_ms=0.180
[economy-ledger-cost] day=29400 copy_ms=0.091 validate_ms=0.021 hash_ms=0.119 cohorts=64 markets=42880
[economy-boundary-cost] day=29400 formulas_ms=4.590 stages_ms=3.686 mirror_ms=0.466
[runtime-day-cost] day=29400 ok=1 ms=6.829
[clock/step] delta=6.9ms speed=50x target=0.34d cap=2.44d/f cost=3.27ms ran=0 pulse=0.00ms loop=0.00ms full=0.45ms carry=0.38 barrier=
[clock/step] delta=6.9ms speed=50x target=0.34d cap=2.32d/f cost=3.45ms ran=0 pulse=0.00ms loop=0.00ms full=0.85ms carry=0.75 barrier=
[clock/step] delta=6.9ms speed=50x target=0.34d cap=2.47d/f cost=3.31ms ran=1 pulse=0.00ms loop=3.57ms full=3.93ms carry=0.13 barrier=
[economy-open-finish] day=29500 country=0.114 workset=0.008 fiscal=0.007 csr=0.001 recovery=0.000 vectors=0.153 audit=0.129 commands=0.001
[economy-prelude-cost] day=29500 ms=0.597 pending=0
[economy-aggregate-cost] day=29500 publish_ms=0.514 native_hash_ms=0.192
[economy-ledger-cost] day=29500 copy_ms=0.098 validate_ms=0.023 hash_ms=0.097 cohorts=64 markets=42880
[economy-boundary-cost] day=29500 formulas_ms=3.686 stages_ms=3.008 mirror_ms=0.444
[runtime-day-cost] day=29500 ok=1 ms=5.129
[clock/step] delta=6.9ms speed=50x target=0.35d cap=2.39d/f cost=3.34ms ran=0 pulse=0.00ms loop=0.00ms full=0.55ms carry=0.74 barrier=
[clock/step] delta=6.9ms speed=50x target=0.34d cap=2.41d/f cost=3.24ms ran=1 pulse=0.00ms loop=2.94ms full=3.28ms carry=0.23 barrier=
[economy-open-finish] day=29600 country=0.092 workset=0.008 fiscal=0.007 csr=0.001 recovery=0.000 vectors=0.088 audit=0.066 commands=0.001
[economy-prelude-cost] day=29600 ms=0.470 pending=0
[economy-aggregate-cost] day=29600 publish_ms=0.518 native_hash_ms=0.155
[economy-ledger-cost] day=29600 copy_ms=0.078 validate_ms=0.022 hash_ms=0.079 cohorts=64 markets=42880
[economy-boundary-cost] day=29600 formulas_ms=2.985 stages_ms=2.441 mirror_ms=0.383
[runtime-day-cost] day=29600 ok=1 ms=4.492
[clock/step] delta=6.9ms speed=50x target=0.34d cap=2.80d/f cost=2.86ms ran=0 pulse=0.00ms loop=0.00ms full=0.35ms carry=0.60 barrier=
[clock/step] delta=6.9ms speed=50x target=0.34d cap=2.53d/f cost=3.17ms ran=0 pulse=0.00ms loop=0.00ms full=0.40ms carry=0.98 barrier=
[economy-open-finish] day=29700 country=0.180 workset=0.011 fiscal=0.015 csr=0.001 recovery=0.000 vectors=0.188 audit=0.161 commands=0.001
[economy-prelude-cost] day=29700 ms=0.869 pending=0
[economy-aggregate-cost] day=29700 publish_ms=0.958 native_hash_ms=0.326
[economy-ledger-cost] day=29700 copy_ms=0.198 validate_ms=0.039 hash_ms=0.116 cohorts=64 markets=42880
[economy-boundary-cost] day=29700 formulas_ms=6.798 stages_ms=5.817 mirror_ms=0.747
[runtime-day-cost] day=29700 ok=1 ms=10.205
[clock/step] delta=6.9ms speed=50x target=0.34d cap=2.41d/f cost=3.32ms ran=0 pulse=0.00ms loop=0.00ms full=0.58ms carry=0.36 barrier=
[clock/step] delta=6.9ms speed=50x target=0.34d cap=2.44d/f cost=3.28ms ran=0 pulse=0.00ms loop=0.00ms full=0.27ms carry=0.73 barrier=
[clock/step] delta=6.9ms speed=50x target=0.34d cap=2.70d/f cost=2.91ms ran=1 pulse=0.00ms loop=2.70ms full=2.86ms carry=0.11 barrier=
[economy-open-finish] day=29800 country=0.073 workset=0.006 fiscal=0.005 csr=0.001 recovery=0.000 vectors=0.080 audit=0.057 commands=0.000
[economy-prelude-cost] day=29800 ms=0.344 pending=0
[economy-aggregate-cost] day=29800 publish_ms=0.312 native_hash_ms=0.140
[economy-ledger-cost] day=29800 copy_ms=0.064 validate_ms=0.017 hash_ms=0.063 cohorts=64 markets=42880
[economy-boundary-cost] day=29800 formulas_ms=2.594 stages_ms=2.201 mirror_ms=0.316
[runtime-day-cost] day=29800 ok=1 ms=3.523
[clock/step] delta=6.9ms speed=50x target=0.34d cap=2.68d/f cost=2.98ms ran=0 pulse=0.00ms loop=0.00ms full=0.32ms carry=0.48 barrier=
[clock/step] delta=6.9ms speed=50x target=0.35d cap=3.37d/f cost=2.29ms ran=1 pulse=0.00ms loop=1.93ms full=2.31ms carry=0.10 barrier=
[economy-open-finish] day=29900 country=0.137 workset=0.012 fiscal=0.015 csr=0.001 recovery=0.000 vectors=0.167 audit=0.126 commands=0.001
[economy-prelude-cost] day=29900 ms=0.718 pending=0
[economy-aggregate-cost] day=29900 publish_ms=0.700 native_hash_ms=0.251
[economy-ledger-cost] day=29900 copy_ms=0.074 validate_ms=0.027 hash_ms=0.090 cohorts=64 markets=42880
[economy-boundary-cost] day=29900 formulas_ms=4.600 stages_ms=3.832 mirror_ms=0.396
[runtime-day-cost] day=29900 ok=1 ms=5.748
[clock/step] delta=6.9ms speed=50x target=0.34d cap=2.65d/f cost=3.02ms ran=0 pulse=0.00ms loop=0.00ms full=0.20ms carry=0.58 barrier=
[clock/step] delta=6.9ms speed=50x target=0.34d cap=4.23d/f cost=1.89ms ran=0 pulse=0.00ms loop=0.00ms full=0.23ms carry=0.96 barrier=
[clock/step] delta=6.9ms speed=50x target=0.34d cap=2.69d/f cost=2.95ms ran=1 pulse=0.00ms loop=2.85ms full=3.18ms carry=0.33 barrier=
[economy-open-finish] day=30000 country=0.204 workset=0.009 fiscal=0.011 csr=0.001 recovery=0.000 vectors=0.173 audit=0.111 commands=0.001
[economy-prelude-cost] day=30000 ms=0.754 pending=0
[economy-aggregate-cost] day=30000 publish_ms=0.564 native_hash_ms=0.290
[economy-ledger-cost] day=30000 copy_ms=0.154 validate_ms=0.038 hash_ms=0.113 cohorts=64 markets=42880
[economy-boundary-cost] day=30000 formulas_ms=4.099 stages_ms=3.242 mirror_ms=0.672
[runtime-day-cost] day=30000 ok=1 ms=6.866
[clock/step] delta=6.9ms speed=50x target=0.34d cap=3.02d/f cost=2.65ms ran=0 pulse=0.00ms loop=0.00ms full=0.41ms carry=0.71 barrier=
[clock/step] delta=6.9ms speed=50x target=0.34d cap=3.76d/f cost=2.09ms ran=1 pulse=0.00ms loop=1.92ms full=2.36ms carry=0.08 barrier=
[economy-open-finish] day=30100 country=0.088 workset=0.007 fiscal=0.006 csr=0.001 recovery=0.000 vectors=0.099 audit=0.069 commands=0.001
[economy-prelude-cost] day=30100 ms=0.409 pending=0
[economy-aggregate-cost] day=30100 publish_ms=0.412 native_hash_ms=0.141
[economy-ledger-cost] day=30100 copy_ms=0.063 validate_ms=0.018 hash_ms=0.064 cohorts=64 markets=42880
[economy-boundary-cost] day=30100 formulas_ms=2.428 stages_ms=1.924 mirror_ms=0.325
[runtime-day-cost] day=30100 ok=1 ms=3.792
[clock/step] delta=6.9ms speed=50x target=0.34d cap=3.24d/f cost=2.47ms ran=0 pulse=0.00ms loop=0.00ms full=0.28ms carry=0.46 barrier=
[clock/step] delta=6.9ms speed=50x target=0.34d cap=2.52d/f cost=3.17ms ran=0 pulse=0.00ms loop=0.00ms full=0.44ms carry=0.84 barrier=
[economy-open-finish] day=30200 country=0.117 workset=0.006 fiscal=0.006 csr=0.001 recovery=0.000 vectors=0.123 audit=0.074 commands=0.001
[economy-prelude-cost] day=30200 ms=0.476 pending=0
[economy-aggregate-cost] day=30200 publish_ms=0.435 native_hash_ms=0.151
[economy-ledger-cost] day=30200 copy_ms=0.089 validate_ms=0.018 hash_ms=0.073 cohorts=64 markets=42880
[economy-boundary-cost] day=30200 formulas_ms=3.136 stages_ms=2.609 mirror_ms=0.371
[runtime-day-cost] day=30200 ok=1 ms=4.429
[clock/step] delta=6.9ms speed=50x target=0.34d cap=2.28d/f cost=3.51ms ran=1 pulse=0.00ms loop=3.48ms full=3.81ms carry=0.21 barrier=
[clock/step] delta=6.9ms speed=50x target=0.34d cap=2.74d/f cost=2.92ms ran=0 pulse=0.00ms loop=0.00ms full=0.40ms carry=0.59 barrier=
[clock/step] delta=6.9ms speed=50x target=0.34d cap=3.42d/f cost=2.34ms ran=0 pulse=0.00ms loop=0.00ms full=0.31ms carry=0.96 barrier=
[economy-open-finish] day=30300 country=0.070 workset=0.005 fiscal=0.006 csr=0.001 recovery=0.000 vectors=0.078 audit=0.054 commands=0.001
[economy-prelude-cost] day=30300 ms=0.331 pending=0
[economy-aggregate-cost] day=30300 publish_ms=0.365 native_hash_ms=0.136
[economy-ledger-cost] day=30300 copy_ms=0.062 validate_ms=0.018 hash_ms=0.089 cohorts=64 markets=42880
[economy-boundary-cost] day=30300 formulas_ms=2.219 stages_ms=1.830 mirror_ms=0.343
[runtime-day-cost] day=30300 ok=1 ms=3.852
[clock/step] delta=6.9ms speed=50x target=0.35d cap=2.54d/f cost=3.15ms ran=0 pulse=0.00ms loop=0.00ms full=0.48ms carry=0.58 barrier=
[clock/step] delta=6.9ms speed=50x target=0.34d cap=3.35d/f cost=2.35ms ran=1 pulse=0.00ms loop=2.18ms full=2.44ms carry=0.06 barrier=
[economy-open-finish] day=30400 country=0.074 workset=0.006 fiscal=0.005 csr=0.001 recovery=0.000 vectors=0.081 audit=0.058 commands=0.001
[economy-prelude-cost] day=30400 ms=0.361 pending=0
[economy-aggregate-cost] day=30400 publish_ms=0.446 native_hash_ms=0.198
[economy-ledger-cost] day=30400 copy_ms=0.168 validate_ms=0.021 hash_ms=0.113 cohorts=64 markets=42880
[economy-boundary-cost] day=30400 formulas_ms=2.855 stages_ms=2.444 mirror_ms=0.531
[runtime-day-cost] day=30400 ok=1 ms=3.982
[clock/step] delta=6.9ms speed=50x target=0.34d cap=3.75d/f cost=2.14ms ran=0 pulse=0.00ms loop=0.00ms full=0.24ms carry=0.44 barrier=
[clock/step] delta=6.9ms speed=50x target=0.34d cap=3.95d/f cost=2.03ms ran=0 pulse=0.00ms loop=0.00ms full=0.25ms carry=0.81 barrier=
[clock/step] delta=6.9ms speed=50x target=0.34d cap=3.12d/f cost=2.53ms ran=1 pulse=0.00ms loop=2.39ms full=2.57ms carry=0.19 barrier=
[economy-open-finish] day=30500 country=0.688 workset=0.009 fiscal=0.007 csr=0.001 recovery=0.000 vectors=0.244 audit=0.084 commands=0.001
[economy-prelude-cost] day=30500 ms=1.205 pending=0
[economy-aggregate-cost] day=30500 publish_ms=0.570 native_hash_ms=0.289
[economy-ledger-cost] day=30500 copy_ms=0.145 validate_ms=0.041 hash_ms=0.113 cohorts=64 markets=42880
[economy-boundary-cost] day=30500 formulas_ms=4.154 stages_ms=2.877 mirror_ms=0.615
[runtime-day-cost] day=30500 ok=1 ms=5.846
[clock/step] delta=6.9ms speed=50x target=0.34d cap=2.85d/f cost=2.81ms ran=0 pulse=0.00ms loop=0.00ms full=0.26ms carry=0.56 barrier=
[clock/step] delta=6.9ms speed=50x target=0.34d cap=3.61d/f cost=2.22ms ran=0 pulse=0.00ms loop=0.00ms full=0.27ms carry=0.94 barrier=
[economy-open-finish] day=30600 country=0.073 workset=0.006 fiscal=0.005 csr=0.001 recovery=0.000 vectors=0.104 audit=0.059 commands=0.001
[economy-prelude-cost] day=30600 ms=0.379 pending=0
[economy-aggregate-cost] day=30600 publish_ms=0.320 native_hash_ms=0.135
[economy-ledger-cost] day=30600 copy_ms=0.065 validate_ms=0.018 hash_ms=0.062 cohorts=64 markets=42880
[economy-boundary-cost] day=30600 formulas_ms=2.309 stages_ms=1.882 mirror_ms=0.337
[runtime-day-cost] day=30600 ok=1 ms=4.177
[clock/step] delta=6.9ms speed=50x target=0.34d cap=3.75d/f cost=2.21ms ran=1 pulse=0.00ms loop=2.53ms full=2.77ms carry=0.32 barrier=
[clock/step] delta=6.9ms speed=50x target=0.34d cap=2.08d/f cost=3.85ms ran=0 pulse=0.00ms loop=0.00ms full=0.14ms carry=0.69 barrier=
[economy-open-finish] day=30700 country=0.134 workset=0.008 fiscal=0.010 csr=0.001 recovery=0.000 vectors=0.215 audit=0.121 commands=0.001
[economy-prelude-cost] day=30700 ms=0.750 pending=0
[economy-aggregate-cost] day=30700 publish_ms=0.620 native_hash_ms=0.274
[economy-ledger-cost] day=30700 copy_ms=0.137 validate_ms=0.037 hash_ms=0.111 cohorts=64 markets=42880
[economy-boundary-cost] day=30700 formulas_ms=4.959 stages_ms=4.119 mirror_ms=0.645
[runtime-day-cost] day=30700 ok=1 ms=6.737
[clock/step] delta=6.9ms speed=50x target=0.34d cap=2.74d/f cost=3.01ms ran=1 pulse=0.00ms loop=3.34ms full=3.93ms carry=0.07 barrier=
[clock/step] delta=6.9ms speed=50x target=0.34d cap=3.62d/f cost=2.21ms ran=0 pulse=0.00ms loop=0.00ms full=0.30ms carry=0.44 barrier=
[clock/step] delta=6.9ms speed=50x target=0.34d cap=3.54d/f cost=2.26ms ran=0 pulse=0.00ms loop=0.00ms full=0.42ms carry=0.82 barrier=
[economy-open-finish] day=30800 country=0.115 workset=0.008 fiscal=0.006 csr=0.001 recovery=0.000 vectors=0.162 audit=0.111 commands=0.001
[economy-prelude-cost] day=30800 ms=0.540 pending=0
[economy-aggregate-cost] day=30800 publish_ms=0.428 native_hash_ms=0.167
[economy-ledger-cost] day=30800 copy_ms=0.070 validate_ms=0.020 hash_ms=0.079 cohorts=64 markets=42880
[economy-boundary-cost] day=30800 formulas_ms=3.106 stages_ms=2.518 mirror_ms=0.358
[runtime-day-cost] day=30800 ok=1 ms=4.049
[clock/step] delta=6.9ms speed=50x target=0.34d cap=3.54d/f cost=2.26ms ran=1 pulse=0.00ms loop=2.27ms full=2.47ms carry=0.20 barrier=
[clock/step] delta=6.9ms speed=50x target=0.35d cap=3.15d/f cost=2.54ms ran=0 pulse=0.00ms loop=0.00ms full=0.49ms carry=0.86 barrier=
[economy-open-finish] day=30900 country=0.168 workset=0.012 fiscal=0.015 csr=0.001 recovery=0.000 vectors=0.255 audit=0.139 commands=0.001
[economy-prelude-cost] day=30900 ms=0.901 pending=0
[economy-aggregate-cost] day=30900 publish_ms=0.636 native_hash_ms=0.307
[economy-ledger-cost] day=30900 copy_ms=0.154 validate_ms=0.038 hash_ms=0.110 cohorts=64 markets=42880
[economy-boundary-cost] day=30900 formulas_ms=5.966 stages_ms=4.959 mirror_ms=0.711
[runtime-day-cost] day=30900 ok=1 ms=9.286
[clock/step] delta=6.9ms speed=50x target=0.34d cap=3.61d/f cost=2.17ms ran=1 pulse=0.00ms loop=1.98ms full=2.16ms carry=0.29 barrier=
[clock/step] delta=6.9ms speed=50x target=0.34d cap=4.11d/f cost=1.95ms ran=0 pulse=0.00ms loop=0.00ms full=0.24ms carry=0.67 barrier=
[clock/step] delta=6.9ms speed=50x target=0.34d cap=3.92d/f cost=2.03ms ran=1 pulse=0.00ms loop=2.01ms full=2.19ms carry=0.05 barrier=
[economy-open-finish] day=31000 country=0.133 workset=0.008 fiscal=0.009 csr=0.001 recovery=0.000 vectors=0.216 audit=0.121 commands=0.001
[economy-prelude-cost] day=31000 ms=0.728 pending=0
[economy-aggregate-cost] day=31000 publish_ms=0.554 native_hash_ms=0.306
[economy-ledger-cost] day=31000 copy_ms=0.152 validate_ms=0.037 hash_ms=0.111 cohorts=64 markets=42880
[economy-boundary-cost] day=31000 formulas_ms=5.136 stages_ms=4.321 mirror_ms=0.678
[runtime-day-cost] day=31000 ok=1 ms=6.720
[clock/step] delta=6.9ms speed=50x target=0.35d cap=3.00d/f cost=2.67ms ran=0 pulse=0.00ms loop=0.00ms full=0.30ms carry=0.50 barrier=
[clock/step] delta=6.9ms speed=50x target=0.34d cap=2.85d/f cost=2.74ms ran=1 pulse=0.00ms loop=2.46ms full=2.75ms carry=0.14 barrier=
[economy-open-finish] day=31100 country=0.073 workset=0.006 fiscal=0.005 csr=0.001 recovery=0.000 vectors=0.104 audit=0.058 commands=0.000
[economy-prelude-cost] day=31100 ms=0.379 pending=0
[economy-aggregate-cost] day=31100 publish_ms=0.366 native_hash_ms=0.141
[economy-ledger-cost] day=31100 copy_ms=0.061 validate_ms=0.018 hash_ms=0.064 cohorts=64 markets=42880
[economy-boundary-cost] day=31100 formulas_ms=2.486 stages_ms=2.061 mirror_ms=0.323
[runtime-day-cost] day=31100 ok=1 ms=3.981
[clock/step] delta=6.9ms speed=50x target=0.34d cap=3.84d/f cost=2.08ms ran=0 pulse=0.00ms loop=0.00ms full=0.23ms carry=0.52 barrier=
[clock/step] delta=6.9ms speed=50x target=0.34d cap=2.81d/f cost=2.84ms ran=0 pulse=0.00ms loop=0.00ms full=0.42ms carry=0.89 barrier=
[clock/step] delta=6.9ms speed=50x target=0.34d cap=2.47d/f cost=3.20ms ran=1 pulse=0.00ms loop=3.04ms full=3.42ms carry=0.27 barrier=
[economy-open-finish] day=31200 country=0.134 workset=0.008 fiscal=0.010 csr=0.001 recovery=0.000 vectors=0.264 audit=0.123 commands=0.001
[economy-prelude-cost] day=31200 ms=0.802 pending=0
[economy-aggregate-cost] day=31200 publish_ms=0.492 native_hash_ms=0.159
[economy-ledger-cost] day=31200 copy_ms=0.071 validate_ms=0.020 hash_ms=0.077 cohorts=64 markets=42880
[economy-boundary-cost] day=31200 formulas_ms=4.860 stages_ms=3.966 mirror_ms=0.364
[runtime-day-cost] day=31200 ok=1 ms=7.515
[clock/step] delta=6.9ms speed=50x target=0.34d cap=3.24d/f cost=2.47ms ran=0 pulse=0.00ms loop=0.00ms full=0.27ms carry=0.65 barrier=
[clock/step] delta=6.9ms speed=50x target=0.34d cap=3.68d/f cost=2.31ms ran=1 pulse=0.00ms loop=2.86ms full=3.26ms carry=0.02 barrier=
[economy-open-finish] day=31300 country=0.130 workset=0.008 fiscal=0.012 csr=0.001 recovery=0.000 vectors=0.182 audit=0.059 commands=0.001
[economy-prelude-cost] day=31300 ms=0.696 pending=0
[economy-aggregate-cost] day=31300 publish_ms=0.406 native_hash_ms=0.186
[economy-ledger-cost] day=31300 copy_ms=0.143 validate_ms=0.048 hash_ms=0.139 cohorts=64 markets=42880
[economy-boundary-cost] day=31300 formulas_ms=3.396 stages_ms=2.614 mirror_ms=0.642
[runtime-day-cost] day=31300 ok=1 ms=5.162
[clock/step] delta=6.9ms speed=50x target=0.34d cap=3.87d/f cost=2.06ms ran=0 pulse=0.00ms loop=0.00ms full=0.24ms carry=0.40 barrier=
[clock/step] delta=6.9ms speed=50x target=0.34d cap=2.86d/f cost=2.80ms ran=0 pulse=0.00ms loop=0.00ms full=0.46ms carry=0.77 barrier=
[economy-open-finish] day=31400 country=0.174 workset=0.011 fiscal=0.018 csr=0.001 recovery=0.001 vectors=0.266 audit=0.133 commands=0.001
[economy-prelude-cost] day=31400 ms=0.972 pending=0
[economy-aggregate-cost] day=31400 publish_ms=0.691 native_hash_ms=0.365
[economy-ledger-cost] day=31400 copy_ms=0.248 validate_ms=0.043 hash_ms=0.220 cohorts=64 markets=42880
[economy-boundary-cost] day=31400 formulas_ms=7.669 stages_ms=6.573 mirror_ms=0.918
[runtime-day-cost] day=31400 ok=1 ms=9.879
[clock/step] delta=7.1ms speed=50x target=0.36d cap=2.41d/f cost=3.27ms ran=1 pulse=0.00ms loop=3.11ms full=3.47ms carry=0.14 barrier=
[clock/step] delta=6.9ms speed=50x target=0.34d cap=2.62d/f cost=3.02ms ran=1 pulse=0.00ms loop=2.88ms full=3.21ms carry=0.22 barrier=
[clock/step] delta=6.9ms speed=50x target=0.34d cap=3.17d/f cost=2.52ms ran=0 pulse=0.00ms loop=0.00ms full=0.50ms carry=0.59 barrier=
[economy-open-finish] day=31500 country=0.076 workset=0.006 fiscal=0.005 csr=0.001 recovery=0.000 vectors=0.136 audit=0.059 commands=0.001
[economy-prelude-cost] day=31500 ms=0.416 pending=0
[economy-aggregate-cost] day=31500 publish_ms=0.335 native_hash_ms=0.142
[economy-ledger-cost] day=31500 copy_ms=0.062 validate_ms=0.018 hash_ms=0.066 cohorts=64 markets=42880
[economy-boundary-cost] day=31500 formulas_ms=2.479 stages_ms=2.016 mirror_ms=0.327
[runtime-day-cost] day=31500 ok=1 ms=4.228
[clock/step] delta=6.9ms speed=50x target=0.34d cap=3.22d/f cost=2.49ms ran=0 pulse=0.00ms loop=0.00ms full=0.57ms carry=0.97 barrier=
[clock/step] delta=6.9ms speed=50x target=0.34d cap=3.09d/f cost=2.56ms ran=1 pulse=0.00ms loop=2.42ms full=2.75ms carry=0.34 barrier=
[economy-open-finish] day=31600 country=0.129 workset=0.008 fiscal=0.011 csr=0.001 recovery=0.000 vectors=0.249 audit=0.116 commands=0.001
[economy-prelude-cost] day=31600 ms=0.756 pending=0
[economy-aggregate-cost] day=31600 publish_ms=0.496 native_hash_ms=0.141
[economy-ledger-cost] day=31600 copy_ms=0.154 validate_ms=0.036 hash_ms=0.108 cohorts=64 markets=42880
[economy-boundary-cost] day=31600 formulas_ms=4.170 stages_ms=3.327 mirror_ms=0.635
[runtime-day-cost] day=31600 ok=1 ms=5.752
[clock/step] delta=6.9ms speed=50x target=0.34d cap=3.63d/f cost=2.21ms ran=0 pulse=0.00ms loop=0.00ms full=0.32ms carry=0.72 barrier=
[clock/step] delta=6.9ms speed=50x target=0.34d cap=3.21d/f cost=2.41ms ran=1 pulse=0.00ms loop=2.06ms full=2.25ms carry=0.10 barrier=
[clock/step] delta=6.9ms speed=50x target=0.34d cap=4.35d/f cost=1.84ms ran=0 pulse=0.00ms loop=0.00ms full=0.22ms carry=0.47 barrier=
[economy-open-finish] day=31700 country=0.086 workset=0.007 fiscal=0.006 csr=0.001 recovery=0.000 vectors=0.124 audit=0.059 commands=0.001
[economy-prelude-cost] day=31700 ms=0.502 pending=0
[economy-aggregate-cost] day=31700 publish_ms=0.416 native_hash_ms=0.141
[economy-ledger-cost] day=31700 copy_ms=0.067 validate_ms=0.018 hash_ms=0.064 cohorts=64 markets=42880
[economy-boundary-cost] day=31700 formulas_ms=2.698 stages_ms=2.124 mirror_ms=0.327
[runtime-day-cost] day=31700 ok=1 ms=4.301
[clock/step] delta=6.9ms speed=50x target=0.34d cap=3.19d/f cost=2.51ms ran=0 pulse=0.00ms loop=0.00ms full=0.58ms carry=0.85 barrier=
[clock/step] delta=6.9ms speed=50x target=0.35d cap=2.97d/f cost=2.69ms ran=0 pulse=0.00ms loop=0.00ms full=0.24ms carry=0.40 barrier=
[economy-open-finish] day=31800 country=0.074 workset=0.006 fiscal=0.005 csr=0.001 recovery=0.000 vectors=0.120 audit=0.055 commands=0.001
[economy-prelude-cost] day=31800 ms=0.401 pending=0
[economy-aggregate-cost] day=31800 publish_ms=0.318 native_hash_ms=0.135
[economy-ledger-cost] day=31800 copy_ms=0.063 validate_ms=0.021 hash_ms=0.087 cohorts=64 markets=42880
[economy-boundary-cost] day=31800 formulas_ms=2.374 stages_ms=1.927 mirror_ms=0.346
[runtime-day-cost] day=31800 ok=1 ms=4.067
[clock/step] delta=6.9ms speed=50x target=0.34d cap=4.29d/f cost=1.86ms ran=0 pulse=0.00ms loop=0.00ms full=0.29ms carry=0.94 barrier=
[clock/step] delta=6.9ms speed=50x target=0.34d cap=3.96d/f cost=2.13ms ran=1 pulse=0.00ms loop=2.57ms full=2.92ms carry=0.32 barrier=
[economy-open-finish] day=31900 country=0.080 workset=0.006 fiscal=0.006 csr=0.001 recovery=0.000 vectors=0.125 audit=0.061 commands=0.001
[economy-prelude-cost] day=31900 ms=0.431 pending=0
[economy-aggregate-cost] day=31900 publish_ms=0.517 native_hash_ms=0.282
[economy-ledger-cost] day=31900 copy_ms=0.161 validate_ms=0.037 hash_ms=0.110 cohorts=64 markets=42880
[economy-boundary-cost] day=31900 formulas_ms=3.020 stages_ms=2.536 mirror_ms=0.670
[runtime-day-cost] day=31900 ok=1 ms=4.604
[clock/step] delta=6.9ms speed=50x target=0.34d cap=3.06d/f cost=2.61ms ran=0 pulse=0.00ms loop=0.00ms full=0.41ms carry=0.70 barrier=
[clock/step] delta=6.9ms speed=50x target=0.34d cap=2.81d/f cost=2.82ms ran=1 pulse=0.00ms loop=2.68ms full=3.04ms carry=0.07 barrier=
[clock/step] delta=6.9ms speed=50x target=0.34d cap=3.79d/f cost=2.11ms ran=0 pulse=0.00ms loop=0.00ms full=0.24ms carry=0.45 barrier=
[economy-open-finish] day=32000 country=0.075 workset=0.006 fiscal=0.005 csr=0.001 recovery=0.000 vectors=0.120 audit=0.088 commands=0.000
[economy-prelude-cost] day=32000 ms=0.441 pending=0
[economy-aggregate-cost] day=32000 publish_ms=0.371 native_hash_ms=0.146
[economy-ledger-cost] day=32000 copy_ms=0.072 validate_ms=0.019 hash_ms=0.103 cohorts=64 markets=42880
[economy-boundary-cost] day=32000 formulas_ms=2.721 stages_ms=2.231 mirror_ms=0.408
[runtime-day-cost] day=32000 ok=1 ms=3.742
[clock/step] delta=6.9ms speed=50x target=0.34d cap=3.89d/f cost=2.06ms ran=0 pulse=0.00ms loop=0.00ms full=0.28ms carry=0.82 barrier=
[clock/step] delta=6.9ms speed=50x target=0.34d cap=2.60d/f cost=3.04ms ran=1 pulse=0.00ms loop=2.89ms full=3.10ms carry=0.20 barrier=
[economy-open-finish] day=32100 country=0.116 workset=0.008 fiscal=0.005 csr=0.001 recovery=0.000 vectors=0.169 audit=0.061 commands=0.001
[economy-prelude-cost] day=32100 ms=0.514 pending=0
[economy-aggregate-cost] day=32100 publish_ms=0.559 native_hash_ms=0.275
[economy-ledger-cost] day=32100 copy_ms=0.116 validate_ms=0.038 hash_ms=0.120 cohorts=64 markets=42880
[economy-boundary-cost] day=32100 formulas_ms=3.150 stages_ms=2.587 mirror_ms=0.637
[runtime-day-cost] day=32100 ok=1 ms=5.723
[clock/step] delta=6.9ms speed=50x target=0.34d cap=2.96d/f cost=2.71ms ran=0 pulse=0.00ms loop=0.00ms full=0.45ms carry=0.58 barrier=
[clock/step] delta=6.9ms speed=50x target=0.34d cap=3.66d/f cost=2.25ms ran=1 pulse=0.00ms loop=2.47ms full=2.79ms carry=0.00 barrier=
[clock/step] delta=6.9ms speed=50x target=0.35d cap=3.69d/f cost=2.17ms ran=0 pulse=0.00ms loop=0.00ms full=0.32ms carry=0.62 barrier=
[economy-open-finish] day=32200 country=0.072 workset=0.005 fiscal=0.005 csr=0.001 recovery=0.000 vectors=0.121 audit=0.056 commands=0.001
[economy-prelude-cost] day=32200 ms=0.392 pending=0
[economy-aggregate-cost] day=32200 publish_ms=0.310 native_hash_ms=0.134
[economy-ledger-cost] day=32200 copy_ms=0.062 validate_ms=0.017 hash_ms=0.060 cohorts=64 markets=42880
[economy-boundary-cost] day=32200 formulas_ms=2.325 stages_ms=1.887 mirror_ms=0.310
[runtime-day-cost] day=32200 ok=1 ms=3.223
[clock/step] delta=6.9ms speed=50x target=0.35d cap=2.93d/f cost=2.54ms ran=1 pulse=0.00ms loop=1.77ms full=1.96ms carry=0.26 barrier=
[clock/step] delta=6.9ms speed=50x target=0.34d cap=3.11d/f cost=2.57ms ran=0 pulse=0.00ms loop=0.00ms full=0.35ms carry=0.82 barrier=
[economy-open-finish] day=32300 country=0.105 workset=0.009 fiscal=0.007 csr=0.001 recovery=0.000 vectors=0.153 audit=0.067 commands=0.001
[economy-prelude-cost] day=32300 ms=0.538 pending=0
[economy-aggregate-cost] day=32300 publish_ms=0.410 native_hash_ms=0.169
[economy-ledger-cost] day=32300 copy_ms=0.089 validate_ms=0.024 hash_ms=0.070 cohorts=64 markets=42880
[economy-boundary-cost] day=32300 formulas_ms=2.973 stages_ms=2.361 mirror_ms=0.372
[runtime-day-cost] day=32300 ok=1 ms=4.462
[clock/step] delta=6.9ms speed=50x target=0.34d cap=3.65d/f cost=2.20ms ran=1 pulse=0.00ms loop=2.23ms full=2.48ms carry=0.19 barrier=
[clock/step] delta=6.9ms speed=50x target=0.34d cap=3.50d/f cost=2.28ms ran=0 pulse=0.00ms loop=0.00ms full=0.25ms carry=0.57 barrier=
[clock/step] delta=6.9ms speed=50x target=0.34d cap=3.18d/f cost=2.51ms ran=0 pulse=0.00ms loop=0.00ms full=0.57ms carry=0.95 barrier=
[economy-open-finish] day=32400 country=0.080 workset=0.006 fiscal=0.006 csr=0.001 recovery=0.000 vectors=0.132 audit=0.060 commands=0.001
[economy-prelude-cost] day=32400 ms=0.436 pending=0
[economy-aggregate-cost] day=32400 publish_ms=0.444 native_hash_ms=0.148
[economy-ledger-cost] day=32400 copy_ms=0.071 validate_ms=0.021 hash_ms=0.069 cohorts=64 markets=42880
[economy-boundary-cost] day=32400 formulas_ms=2.751 stages_ms=2.266 mirror_ms=0.351
[runtime-day-cost] day=32400 ok=1 ms=4.367
[clock/step] delta=6.9ms speed=50x target=0.34d cap=3.18d/f cost=2.40ms ran=1 pulse=0.00ms loop=1.95ms full=2.23ms carry=0.32 barrier=
[clock/step] delta=6.9ms speed=50x target=0.34d cap=3.87d/f cost=2.07ms ran=0 pulse=0.00ms loop=0.00ms full=0.28ms carry=0.70 barrier=
[economy-open-finish] day=32500 country=0.075 workset=0.005 fiscal=0.005 csr=0.001 recovery=0.000 vectors=0.128 audit=0.059 commands=0.000
[economy-prelude-cost] day=32500 ms=0.413 pending=0
[economy-aggregate-cost] day=32500 publish_ms=0.292 native_hash_ms=0.134
[economy-ledger-cost] day=32500 copy_ms=0.061 validate_ms=0.017 hash_ms=0.061 cohorts=64 markets=42880
[economy-boundary-cost] day=32500 formulas_ms=2.335 stages_ms=1.875 mirror_ms=0.309
[runtime-day-cost] day=32500 ok=1 ms=3.367
[clock/step] delta=6.9ms speed=50x target=0.34d cap=3.31d/f cost=2.53ms ran=1 pulse=0.00ms loop=2.96ms full=3.31ms carry=0.07 barrier=
[clock/step] delta=6.9ms speed=50x target=0.34d cap=2.79d/f cost=2.87ms ran=0 pulse=0.00ms loop=0.00ms full=0.29ms carry=0.45 barrier=
[economy-open-finish] day=32600 country=0.127 workset=0.007 fiscal=0.010 csr=0.001 recovery=0.000 vectors=0.251 audit=0.117 commands=0.001
[economy-prelude-cost] day=32600 ms=0.753 pending=0
[economy-aggregate-cost] day=32600 publish_ms=0.855 native_hash_ms=0.273
[economy-ledger-cost] day=32600 copy_ms=0.150 validate_ms=0.037 hash_ms=0.108 cohorts=64 markets=42880
[economy-boundary-cost] day=32600 formulas_ms=4.829 stages_ms=3.992 mirror_ms=0.644
[runtime-day-cost] day=32600 ok=1 ms=6.305
[clock/step] delta=6.9ms speed=50x target=0.34d cap=3.03d/f cost=2.64ms ran=0 pulse=0.00ms loop=0.00ms full=0.55ms carry=0.83 barrier=
[clock/step] delta=6.9ms speed=50x target=0.34d cap=3.74d/f cost=2.08ms ran=1 pulse=0.00ms loop=1.87ms full=2.04ms carry=0.20 barrier=
[clock/step] delta=6.9ms speed=50x target=0.34d cap=3.68d/f cost=2.17ms ran=0 pulse=0.00ms loop=0.00ms full=0.40ms carry=0.58 barrier=
[economy-open-finish] day=32700 country=0.126 workset=0.008 fiscal=0.011 csr=0.001 recovery=0.000 vectors=0.209 audit=0.058 commands=0.000
[economy-prelude-cost] day=32700 ms=0.627 pending=0
[economy-aggregate-cost] day=32700 publish_ms=0.429 native_hash_ms=0.294
[economy-ledger-cost] day=32700 copy_ms=0.137 validate_ms=0.034 hash_ms=0.095 cohorts=64 markets=42880
[economy-boundary-cost] day=32700 formulas_ms=3.070 stages_ms=2.359 mirror_ms=0.472
[runtime-day-cost] day=32700 ok=1 ms=4.817
[clock/step] delta=6.9ms speed=50x target=0.34d cap=2.95d/f cost=2.71ms ran=0 pulse=0.00ms loop=0.00ms full=0.26ms carry=0.95 barrier=
[clock/step] delta=6.9ms speed=50x target=0.34d cap=3.14d/f cost=2.75ms ran=1 pulse=0.00ms loop=3.53ms full=3.72ms carry=0.33 barrier=
[economy-open-finish] day=32800 country=0.138 workset=0.009 fiscal=0.011 csr=0.001 recovery=0.000 vectors=0.321 audit=0.123 commands=0.001
[economy-prelude-cost] day=32800 ms=0.910 pending=0
[economy-aggregate-cost] day=32800 publish_ms=0.497 native_hash_ms=0.309
[economy-ledger-cost] day=32800 copy_ms=0.203 validate_ms=0.037 hash_ms=0.108 cohorts=64 markets=42880
[economy-boundary-cost] day=32800 formulas_ms=3.857 stages_ms=2.847 mirror_ms=0.700
[runtime-day-cost] day=32800 ok=1 ms=5.582
[clock/step] delta=6.9ms speed=50x target=0.34d cap=3.64d/f cost=2.20ms ran=0 pulse=0.00ms loop=0.00ms full=0.20ms carry=0.71 barrier=
[clock/step] delta=6.9ms speed=50x target=0.34d cap=3.24d/f cost=2.37ms ran=1 pulse=0.00ms loop=1.97ms full=2.17ms carry=0.08 barrier=
[clock/step] delta=6.9ms speed=50x target=0.35d cap=2.68d/f cost=2.99ms ran=0 pulse=0.00ms loop=0.00ms full=0.48ms carry=0.53 barrier=
[economy-open-finish] day=32900 country=0.137 workset=0.008 fiscal=0.010 csr=0.001 recovery=0.000 vectors=0.261 audit=0.133 commands=0.001
[economy-prelude-cost] day=32900 ms=0.789 pending=0
[economy-aggregate-cost] day=32900 publish_ms=0.500 native_hash_ms=0.147
[economy-ledger-cost] day=32900 copy_ms=0.067 validate_ms=0.019 hash_ms=0.067 cohorts=64 markets=42880
[economy-boundary-cost] day=32900 formulas_ms=3.208 stages_ms=2.329 mirror_ms=0.341
[runtime-day-cost] day=32900 ok=1 ms=4.343
[clock/step] delta=6.9ms speed=50x target=0.34d cap=3.21d/f cost=2.65ms ran=1 pulse=0.00ms loop=3.26ms full=3.63ms carry=0.18 barrier=
[clock/step] delta=6.9ms speed=50x target=0.34d cap=2.90d/f cost=2.76ms ran=0 pulse=0.00ms loop=0.00ms full=0.20ms carry=0.55 barrier=
[economy-open-finish] day=33000 country=0.077 workset=0.006 fiscal=0.006 csr=0.001 recovery=0.000 vectors=0.123 audit=0.056 commands=0.000
[economy-prelude-cost] day=33000 ms=0.416 pending=0
[economy-aggregate-cost] day=33000 publish_ms=0.417 native_hash_ms=0.137
[economy-ledger-cost] day=33000 copy_ms=0.070 validate_ms=0.020 hash_ms=0.072 cohorts=64 markets=42880
[economy-boundary-cost] day=33000 formulas_ms=2.711 stages_ms=2.246 mirror_ms=0.347
[runtime-day-cost] day=33000 ok=1 ms=4.242
[clock/step] delta=6.9ms speed=50x target=0.34d cap=3.36d/f cost=2.38ms ran=0 pulse=0.00ms loop=0.00ms full=0.30ms carry=0.93 barrier=
[clock/step] delta=6.9ms speed=50x target=0.34d cap=2.59d/f cost=3.01ms ran=1 pulse=0.00ms loop=2.69ms full=3.07ms carry=0.31 barrier=
[economy-open-finish] day=33100 country=0.128 workset=0.009 fiscal=0.011 csr=0.001 recovery=0.000 vectors=0.243 audit=0.114 commands=0.001
[economy-prelude-cost] day=33100 ms=0.768 pending=0
[economy-aggregate-cost] day=33100 publish_ms=0.549 native_hash_ms=0.262
[economy-ledger-cost] day=33100 copy_ms=0.137 validate_ms=0.035 hash_ms=0.104 cohorts=64 markets=42880
[economy-boundary-cost] day=33100 formulas_ms=3.606 stages_ms=2.749 mirror_ms=0.615
[runtime-day-cost] day=33100 ok=1 ms=5.308
[clock/step] delta=6.9ms speed=50x target=0.34d cap=3.71d/f cost=2.16ms ran=0 pulse=0.00ms loop=0.00ms full=0.22ms carry=0.68 barrier=
[clock/step] delta=6.9ms speed=50x target=0.34d cap=3.15d/f cost=2.37ms ran=1 pulse=0.00ms loop=1.69ms full=1.88ms carry=0.06 barrier=
[clock/step] delta=6.9ms speed=50x target=0.34d cap=4.23d/f cost=1.89ms ran=0 pulse=0.00ms loop=0.00ms full=0.24ms carry=0.43 barrier=
[economy-open-finish] day=33200 country=0.073 workset=0.006 fiscal=0.005 csr=0.001 recovery=0.000 vectors=0.121 audit=0.056 commands=0.000
[economy-prelude-cost] day=33200 ms=0.400 pending=0
[economy-aggregate-cost] day=33200 publish_ms=0.333 native_hash_ms=0.136
[economy-ledger-cost] day=33200 copy_ms=0.062 validate_ms=0.018 hash_ms=0.063 cohorts=64 markets=42880
[economy-boundary-cost] day=33200 formulas_ms=2.410 stages_ms=1.963 mirror_ms=0.315
[runtime-day-cost] day=33200 ok=1 ms=3.329
[clock/step] delta=6.9ms speed=50x target=0.35d cap=2.37d/f cost=3.38ms ran=0 pulse=0.00ms loop=0.00ms full=0.54ms carry=0.91 barrier=
[clock/step] delta=6.9ms speed=50x target=0.34d cap=3.11d/f cost=2.58ms ran=0 pulse=0.01ms loop=0.00ms full=0.39ms carry=0.53 barrier=
[economy-open-finish] day=33300 country=0.073 workset=0.006 fiscal=0.005 csr=0.001 recovery=0.000 vectors=0.119 audit=0.057 commands=0.001
[economy-prelude-cost] day=33300 ms=0.401 pending=0
[economy-aggregate-cost] day=33300 publish_ms=0.441 native_hash_ms=0.135
[economy-ledger-cost] day=33300 copy_ms=0.062 validate_ms=0.017 hash_ms=0.062 cohorts=64 markets=42880
[economy-boundary-cost] day=33300 formulas_ms=2.471 stages_ms=2.024 mirror_ms=0.331
[runtime-day-cost] day=33300 ok=1 ms=4.515
[clock/step] delta=6.9ms speed=50x target=0.34d cap=3.33d/f cost=2.40ms ran=0 pulse=0.00ms loop=0.00ms full=0.23ms carry=0.91 barrier=
[clock/step] delta=6.9ms speed=50x target=0.34d cap=4.18d/f cost=1.86ms ran=1 pulse=0.00ms loop=1.63ms full=1.81ms carry=0.28 barrier=
[clock/step] delta=6.9ms speed=50x target=0.34d cap=2.59d/f cost=3.09ms ran=0 pulse=0.00ms loop=0.00ms full=0.38ms carry=0.66 barrier=
[economy-open-finish] day=33400 country=0.138 workset=0.010 fiscal=0.013 csr=0.001 recovery=0.000 vectors=0.271 audit=0.128 commands=0.001
[economy-prelude-cost] day=33400 ms=0.851 pending=0
[economy-aggregate-cost] day=33400 publish_ms=0.592 native_hash_ms=0.302
[economy-ledger-cost] day=33400 copy_ms=0.176 validate_ms=0.040 hash_ms=0.118 cohorts=64 markets=42880
[economy-boundary-cost] day=33400 formulas_ms=4.283 stages_ms=3.340 mirror_ms=0.714
[runtime-day-cost] day=33400 ok=1 ms=5.958
[clock/step] delta=6.9ms speed=50x target=0.34d cap=3.05d/f cost=3.32ms ran=1 pulse=0.00ms loop=6.12ms full=6.30ms carry=0.04 barrier=
[clock/step] delta=6.9ms speed=50x target=0.34d cap=3.47d/f cost=2.31ms ran=0 pulse=0.00ms loop=0.00ms full=0.24ms carry=0.41 barrier=
[economy-open-finish] day=33500 country=0.074 workset=0.006 fiscal=0.005 csr=0.001 recovery=0.000 vectors=0.126 audit=0.058 commands=0.001
[economy-prelude-cost] day=33500 ms=0.414 pending=0
[economy-aggregate-cost] day=33500 publish_ms=0.390 native_hash_ms=0.149
[economy-ledger-cost] day=33500 copy_ms=0.066 validate_ms=0.021 hash_ms=0.063 cohorts=64 markets=42880
[economy-boundary-cost] day=33500 formulas_ms=2.622 stages_ms=2.162 mirror_ms=0.328
[runtime-day-cost] day=33500 ok=1 ms=3.791
[clock/step] delta=6.9ms speed=50x target=0.34d cap=4.24d/f cost=1.89ms ran=0 pulse=0.00ms loop=0.00ms full=0.24ms carry=0.79 barrier=
[clock/step] delta=6.9ms speed=50x target=0.34d cap=2.85d/f cost=2.89ms ran=1 pulse=0.00ms loop=3.21ms full=3.66ms carry=0.16 barrier=
[economy-open-finish] day=33600 country=0.133 workset=0.007 fiscal=0.010 csr=0.001 recovery=0.000 vectors=0.254 audit=0.120 commands=0.001
[economy-prelude-cost] day=33600 ms=0.817 pending=0
[economy-aggregate-cost] day=33600 publish_ms=0.520 native_hash_ms=0.145
[economy-ledger-cost] day=33600 copy_ms=0.064 validate_ms=0.019 hash_ms=0.067 cohorts=64 markets=42880
[economy-boundary-cost] day=33600 formulas_ms=4.534 stages_ms=3.625 mirror_ms=0.333
[runtime-day-cost] day=33600 ok=1 ms=6.695
[clock/step] delta=6.9ms speed=50x target=0.35d cap=3.35d/f cost=2.39ms ran=0 pulse=0.00ms loop=0.00ms full=0.47ms carry=0.70 barrier=
[clock/step] delta=6.9ms speed=50x target=0.34d cap=4.21d/f cost=1.89ms ran=1 pulse=0.00ms loop=1.83ms full=2.02ms carry=0.26 barrier=
[clock/step] delta=6.9ms speed=50x target=0.34d cap=3.72d/f cost=2.15ms ran=0 pulse=0.00ms loop=0.00ms full=0.30ms carry=0.64 barrier=
[economy-open-finish] day=33700 country=0.087 workset=0.008 fiscal=0.009 csr=0.001 recovery=0.000 vectors=0.124 audit=0.058 commands=0.001
[economy-prelude-cost] day=33700 ms=0.458 pending=0
[economy-aggregate-cost] day=33700 publish_ms=0.294 native_hash_ms=0.141
[economy-ledger-cost] day=33700 copy_ms=0.073 validate_ms=0.018 hash_ms=0.064 cohorts=64 markets=42880
[economy-boundary-cost] day=33700 formulas_ms=2.663 stages_ms=2.156 mirror_ms=0.331
[runtime-day-cost] day=33700 ok=1 ms=3.699
[clock/step] delta=6.9ms speed=50x target=0.34d cap=3.10d/f cost=2.63ms ran=1 pulse=0.00ms loop=2.82ms full=3.15ms carry=0.01 barrier=
[clock/step] delta=6.9ms speed=50x target=0.34d cap=2.49d/f cost=3.21ms ran=0 pulse=0.00ms loop=0.00ms full=0.47ms carry=0.39 barrier=
[economy-open-finish] day=33800 country=0.131 workset=0.009 fiscal=0.012 csr=0.001 recovery=0.000 vectors=0.254 audit=0.122 commands=0.001
[economy-prelude-cost] day=33800 ms=0.796 pending=0
[economy-aggregate-cost] day=33800 publish_ms=0.412 native_hash_ms=0.151
[economy-ledger-cost] day=33800 copy_ms=0.072 validate_ms=0.019 hash_ms=0.069 cohorts=64 markets=42880
[economy-boundary-cost] day=33800 formulas_ms=4.708 stages_ms=3.822 mirror_ms=0.351
[runtime-day-cost] day=33800 ok=1 ms=6.003
[clock/step] delta=6.9ms speed=50x target=0.34d cap=3.21d/f cost=2.50ms ran=0 pulse=0.00ms loop=0.00ms full=0.38ms carry=0.76 barrier=
[clock/step] delta=6.9ms speed=50x target=0.34d cap=3.07d/f cost=2.58ms ran=1 pulse=0.00ms loop=2.47ms full=2.72ms carry=0.14 barrier=
[clock/step] delta=6.9ms speed=50x target=0.34d cap=2.64d/f cost=3.03ms ran=0 pulse=0.00ms loop=0.00ms full=0.37ms carry=0.52 barrier=
[economy-open-finish] day=33900 country=0.145 workset=0.009 fiscal=0.013 csr=0.001 recovery=0.000 vectors=0.235 audit=0.088 commands=0.001
[economy-prelude-cost] day=33900 ms=0.794 pending=0
[economy-aggregate-cost] day=33900 publish_ms=0.531 native_hash_ms=0.289
[economy-ledger-cost] day=33900 copy_ms=0.164 validate_ms=0.037 hash_ms=0.109 cohorts=64 markets=42880
[economy-boundary-cost] day=33900 formulas_ms=5.064 stages_ms=4.176 mirror_ms=0.667
[runtime-day-cost] day=33900 ok=1 ms=8.165
[clock/step] delta=6.9ms speed=50x target=0.35d cap=2.67d/f cost=3.00ms ran=0 pulse=0.00ms loop=0.00ms full=0.36ms carry=0.92 barrier=
[clock/step] delta=6.9ms speed=50x target=0.35d cap=2.96d/f cost=2.70ms ran=0 pulse=0.00ms loop=0.00ms full=0.40ms carry=0.58 barrier=
[economy-open-finish] day=34000 country=0.105 workset=0.008 fiscal=0.006 csr=0.001 recovery=0.000 vectors=0.148 audit=0.058 commands=0.000
[economy-prelude-cost] day=34000 ms=0.503 pending=0
[economy-aggregate-cost] day=34000 publish_ms=0.554 native_hash_ms=0.307
[economy-ledger-cost] day=34000 copy_ms=0.163 validate_ms=0.036 hash_ms=0.127 cohorts=64 markets=42880
[economy-boundary-cost] day=34000 formulas_ms=3.255 stages_ms=2.685 mirror_ms=0.676
[runtime-day-cost] day=34000 ok=1 ms=4.822
[clock/step] delta=6.9ms speed=50x target=0.34d cap=4.00d/f cost=2.00ms ran=0 pulse=0.00ms loop=0.00ms full=0.69ms carry=0.99 barrier=
[clock/step] delta=6.9ms speed=50x target=0.34d cap=2.98d/f cost=2.68ms ran=0 pulse=0.00ms loop=0.00ms full=0.28ms carry=0.37 barrier=
[clock/step] delta=6.9ms speed=50x target=0.35d cap=3.44d/f cost=2.33ms ran=0 pulse=0.00ms loop=0.00ms full=0.43ms carry=0.92 barrier=
[economy-open-finish] day=34100 country=0.117 workset=0.008 fiscal=0.007 csr=0.001 recovery=0.000 vectors=0.222 audit=0.126 commands=0.001
[economy-prelude-cost] day=34100 ms=0.763 pending=0
[economy-aggregate-cost] day=34100 publish_ms=0.526 native_hash_ms=0.286
[economy-ledger-cost] day=34100 copy_ms=0.141 validate_ms=0.037 hash_ms=0.130 cohorts=64 markets=42880
[economy-boundary-cost] day=34100 formulas_ms=4.998 stages_ms=4.146 mirror_ms=0.565
[runtime-day-cost] day=34100 ok=1 ms=6.421
[clock/step] delta=6.9ms speed=50x target=0.34d cap=3.00d/f cost=2.67ms ran=0 pulse=0.00ms loop=0.00ms full=0.54ms carry=0.46 barrier=
[clock/step] delta=6.9ms speed=50x target=0.34d cap=3.41d/f cost=2.35ms ran=0 pulse=0.00ms loop=0.00ms full=0.17ms carry=0.84 barrier=
[economy-open-finish] day=34200 country=0.173 workset=0.007 fiscal=0.006 csr=0.001 recovery=0.000 vectors=0.135 audit=0.065 commands=0.001
[economy-prelude-cost] day=34200 ms=0.550 pending=0
[economy-aggregate-cost] day=34200 publish_ms=0.339 native_hash_ms=0.138
[economy-ledger-cost] day=34200 copy_ms=0.076 validate_ms=0.017 hash_ms=0.066 cohorts=64 markets=42880
[economy-boundary-cost] day=34200 formulas_ms=2.933 stages_ms=2.334 mirror_ms=0.334
[runtime-day-cost] day=34200 ok=1 ms=4.669
[clock/step] delta=6.9ms speed=50x target=0.34d cap=2.84d/f cost=2.68ms ran=1 pulse=0.00ms loop=2.15ms full=2.33ms carry=0.21 barrier=
[clock/step] delta=6.9ms speed=50x target=0.34d cap=3.40d/f cost=2.35ms ran=0 pulse=0.00ms loop=0.00ms full=0.69ms carry=0.59 barrier=
[economy-open-finish] day=34300 country=0.074 workset=0.005 fiscal=0.006 csr=0.001 recovery=0.000 vectors=0.124 audit=0.059 commands=0.001
[economy-prelude-cost] day=34300 ms=0.417 pending=0
[economy-aggregate-cost] day=34300 publish_ms=0.590 native_hash_ms=0.301
[economy-ledger-cost] day=34300 copy_ms=0.174 validate_ms=0.037 hash_ms=0.130 cohorts=64 markets=42880
[economy-boundary-cost] day=34300 formulas_ms=4.071 stages_ms=3.605 mirror_ms=0.555
[runtime-day-cost] day=34300 ok=1 ms=5.385
[clock/step] delta=6.9ms speed=50x target=0.34d cap=3.37d/f cost=2.38ms ran=0 pulse=0.00ms loop=0.00ms full=0.36ms carry=0.97 barrier=
[clock/step] delta=6.9ms speed=50x target=0.34d cap=4.18d/f cost=1.85ms ran=1 pulse=0.00ms loop=1.59ms full=1.93ms carry=0.05 barrier=
[clock/step] delta=6.9ms speed=50x target=0.34d cap=2.96d/f cost=2.70ms ran=0 pulse=0.00ms loop=0.00ms full=0.30ms carry=0.42 barrier=
[economy-open-finish] day=34400 country=0.075 workset=0.005 fiscal=0.006 csr=0.001 recovery=0.000 vectors=0.474 audit=0.070 commands=0.000
[economy-prelude-cost] day=34400 ms=0.787 pending=0
[economy-aggregate-cost] day=34400 publish_ms=0.412 native_hash_ms=0.138
[economy-ledger-cost] day=34400 copy_ms=0.063 validate_ms=0.018 hash_ms=0.063 cohorts=64 markets=42880
[economy-boundary-cost] day=34400 formulas_ms=4.432 stages_ms=3.595 mirror_ms=0.319
[runtime-day-cost] day=34400 ok=1 ms=5.450
[clock/step] delta=6.9ms speed=50x target=0.34d cap=2.86d/f cost=2.80ms ran=0 pulse=0.00ms loop=0.00ms full=0.30ms carry=0.80 barrier=
[clock/step] delta=6.9ms speed=50x target=0.35d cap=2.96d/f cost=2.70ms ran=0 pulse=0.00ms loop=0.00ms full=0.36ms carry=0.42 barrier=
[economy-open-finish] day=34500 country=0.074 workset=0.005 fiscal=0.005 csr=0.001 recovery=0.000 vectors=0.123 audit=0.057 commands=0.000
[economy-prelude-cost] day=34500 ms=0.419 pending=0
[economy-aggregate-cost] day=34500 publish_ms=0.413 native_hash_ms=0.138
[economy-ledger-cost] day=34500 copy_ms=0.064 validate_ms=0.018 hash_ms=0.063 cohorts=64 markets=42880
[economy-boundary-cost] day=34500 formulas_ms=2.733 stages_ms=2.264 mirror_ms=0.320
[runtime-day-cost] day=34500 ok=1 ms=4.528
[clock/step] delta=6.9ms speed=50x target=0.34d cap=3.88d/f cost=2.06ms ran=0 pulse=0.00ms loop=0.00ms full=0.27ms carry=0.89 barrier=
[clock/step] delta=6.9ms speed=50x target=0.34d cap=3.04d/f cost=2.46ms ran=1 pulse=0.00ms loop=1.76ms full=1.93ms carry=0.27 barrier=
[clock/step] delta=6.9ms speed=50x target=0.34d cap=2.90d/f cost=2.76ms ran=0 pulse=0.00ms loop=0.00ms full=0.44ms carry=0.65 barrier=
[economy-open-finish] day=34600 country=0.132 workset=0.008 fiscal=0.012 csr=0.001 recovery=0.000 vectors=0.249 audit=0.117 commands=0.001
[economy-prelude-cost] day=34600 ms=0.826 pending=0
[economy-aggregate-cost] day=34600 publish_ms=0.486 native_hash_ms=0.154
[economy-ledger-cost] day=34600 copy_ms=0.080 validate_ms=0.019 hash_ms=0.069 cohorts=64 markets=42880
[economy-boundary-cost] day=34600 formulas_ms=4.849 stages_ms=3.932 mirror_ms=0.356
[runtime-day-cost] day=34600 ok=1 ms=6.136
[clock/step] delta=6.9ms speed=50x target=0.34d cap=2.92d/f cost=2.97ms ran=1 pulse=0.00ms loop=3.88ms full=4.24ms carry=0.02 barrier=
[clock/step] delta=6.9ms speed=50x target=0.35d cap=2.18d/f cost=3.67ms ran=0 pulse=0.00ms loop=0.00ms full=0.71ms carry=0.43 barrier=
[economy-open-finish] day=34700 country=0.143 workset=0.009 fiscal=0.012 csr=0.001 recovery=0.000 vectors=0.272 audit=0.131 commands=0.001
[economy-prelude-cost] day=34700 ms=0.886 pending=0
[economy-aggregate-cost] day=34700 publish_ms=0.571 native_hash_ms=0.191
[economy-ledger-cost] day=34700 copy_ms=0.105 validate_ms=0.023 hash_ms=0.107 cohorts=64 markets=42880
[economy-boundary-cost] day=34700 formulas_ms=5.519 stages_ms=4.535 mirror_ms=0.477
[runtime-day-cost] day=34700 ok=1 ms=7.240
[clock/step] delta=6.9ms speed=50x target=0.35d cap=2.55d/f cost=3.12ms ran=1 pulse=0.00ms loop=3.04ms full=3.40ms carry=0.10 barrier=
[clock/step] delta=6.9ms speed=50x target=0.34d cap=2.20d/f cost=3.64ms ran=0 pulse=0.00ms loop=0.00ms full=0.37ms carry=0.49 barrier=
[economy-open-finish] day=34800 country=0.153 workset=0.009 fiscal=0.014 csr=0.001 recovery=0.001 vectors=0.262 audit=0.127 commands=0.001
[economy-prelude-cost] day=34800 ms=0.903 pending=0
[economy-aggregate-cost] day=34800 publish_ms=0.468 native_hash_ms=0.152
[economy-ledger-cost] day=34800 copy_ms=0.068 validate_ms=0.020 hash_ms=0.071 cohorts=64 markets=42880
[economy-boundary-cost] day=34800 formulas_ms=5.074 stages_ms=4.079 mirror_ms=0.356
[runtime-day-cost] day=34800 ok=1 ms=7.588
[clock/step] delta=6.9ms speed=50x target=0.35d cap=2.90d/f cost=2.69ms ran=1 pulse=0.00ms loop=2.42ms full=2.71ms carry=0.12 barrier=
[clock/step] delta=6.9ms speed=50x target=0.34d cap=2.39d/f cost=3.35ms ran=0 pulse=0.00ms loop=0.00ms full=0.37ms carry=0.59 barrier=
[clock/step] delta=6.9ms speed=50x target=0.34d cap=2.53d/f cost=3.17ms ran=0 pulse=0.00ms loop=0.00ms full=0.33ms carry=0.97 barrier=
[economy-open-finish] day=34900 country=0.137 workset=0.007 fiscal=0.010 csr=0.001 recovery=0.000 vectors=0.262 audit=0.124 commands=0.001
[economy-prelude-cost] day=34900 ms=0.832 pending=0
[economy-aggregate-cost] day=34900 publish_ms=0.410 native_hash_ms=0.306
[economy-ledger-cost] day=34900 copy_ms=0.177 validate_ms=0.037 hash_ms=0.117 cohorts=64 markets=42880
[economy-boundary-cost] day=34900 formulas_ms=4.802 stages_ms=3.877 mirror_ms=0.726
[runtime-day-cost] day=34900 ok=1 ms=6.869
[clock/step] delta=6.9ms speed=50x target=0.34d cap=2.70d/f cost=3.10ms ran=1 pulse=0.00ms loop=3.63ms full=3.83ms carry=0.34 barrier=
[clock/step] delta=6.9ms speed=50x target=0.34d cap=2.75d/f cost=2.91ms ran=0 pulse=0.00ms loop=0.00ms full=0.30ms carry=0.72 barrier=
[economy-open-finish] day=35000 country=0.106 workset=0.007 fiscal=0.007 csr=0.001 recovery=0.000 vectors=0.203 audit=0.109 commands=0.001
[economy-prelude-cost] day=35000 ms=0.653 pending=0
[economy-aggregate-cost] day=35000 publish_ms=0.583 native_hash_ms=0.274
[economy-ledger-cost] day=35000 copy_ms=0.117 validate_ms=0.036 hash_ms=0.110 cohorts=64 markets=42880
[economy-boundary-cost] day=35000 formulas_ms=3.720 stages_ms=3.002 mirror_ms=0.581
[runtime-day-cost] day=35000 ok=1 ms=5.170
[clock/step] delta=6.9ms speed=50x target=0.34d cap=2.86d/f cost=2.81ms ran=1 pulse=0.00ms loop=2.88ms full=3.21ms carry=0.10 barrier=
[clock/step] delta=6.9ms speed=50x target=0.34d cap=3.59d/f cost=2.23ms ran=0 pulse=0.00ms loop=0.00ms full=0.46ms carry=0.47 barrier=
[clock/step] delta=6.9ms speed=50x target=0.34d cap=3.92d/f cost=2.04ms ran=0 pulse=0.00ms loop=0.00ms full=0.27ms carry=0.85 barrier=
[economy-open-finish] day=35100 country=0.075 workset=0.006 fiscal=0.006 csr=0.001 recovery=0.000 vectors=0.122 audit=0.057 commands=0.000
[economy-prelude-cost] day=35100 ms=0.448 pending=0
[economy-aggregate-cost] day=35100 publish_ms=0.404 native_hash_ms=0.135
[economy-ledger-cost] day=35100 copy_ms=0.065 validate_ms=0.020 hash_ms=0.069 cohorts=64 markets=42880
[economy-boundary-cost] day=35100 formulas_ms=2.655 stages_ms=2.151 mirror_ms=0.328
[runtime-day-cost] day=35100 ok=1 ms=4.434
[clock/step] delta=6.9ms speed=50x target=0.34d cap=2.20d/f cost=3.49ms ran=1 pulse=0.00ms loop=2.93ms full=3.27ms carry=0.22 barrier=
[clock/step] delta=6.9ms speed=50x target=0.34d cap=2.47d/f cost=3.23ms ran=0 pulse=0.00ms loop=0.00ms full=0.43ms carry=0.60 barrier=
[economy-open-finish] day=35200 country=0.143 workset=0.008 fiscal=0.013 csr=0.001 recovery=0.000 vectors=0.252 audit=0.123 commands=0.001
[economy-prelude-cost] day=35200 ms=0.840 pending=0
[economy-aggregate-cost] day=35200 publish_ms=0.406 native_hash_ms=0.287
[economy-ledger-cost] day=35200 copy_ms=0.146 validate_ms=0.038 hash_ms=0.113 cohorts=64 markets=42880
[economy-boundary-cost] day=35200 formulas_ms=4.499 stages_ms=3.565 mirror_ms=0.664
[runtime-day-cost] day=35200 ok=1 ms=6.122
[clock/step] delta=6.9ms speed=50x target=0.34d cap=2.67d/f cost=2.99ms ran=0 pulse=0.00ms loop=0.00ms full=0.58ms carry=0.98 barrier=
[clock/step] delta=6.9ms speed=50x target=0.35d cap=3.38d/f cost=2.37ms ran=0 pulse=0.00ms loop=0.00ms full=0.53ms carry=0.60 barrier=
[clock/step] delta=6.9ms speed=50x target=0.34d cap=2.51d/f cost=3.26ms ran=1 pulse=0.00ms loop=3.58ms full=4.26ms carry=0.07 barrier=
[economy-open-finish] day=35300 country=0.116 workset=0.008 fiscal=0.007 csr=0.001 recovery=0.000 vectors=0.231 audit=0.104 commands=0.001
[economy-prelude-cost] day=35300 ms=0.695 pending=0
[economy-aggregate-cost] day=35300 publish_ms=0.542 native_hash_ms=0.172
[economy-ledger-cost] day=35300 copy_ms=0.084 validate_ms=0.024 hash_ms=0.076 cohorts=64 markets=42880
[economy-boundary-cost] day=35300 formulas_ms=4.131 stages_ms=3.358 mirror_ms=0.397
[runtime-day-cost] day=35300 ok=1 ms=5.442
[clock/step] delta=6.9ms speed=50x target=0.34d cap=2.63d/f cost=3.04ms ran=0 pulse=0.00ms loop=0.00ms full=0.30ms carry=0.45 barrier=
[clock/step] delta=6.9ms speed=50x target=0.34d cap=2.68d/f cost=2.99ms ran=0 pulse=0.00ms loop=0.00ms full=0.52ms carry=0.82 barrier=
[economy-open-finish] day=35400 country=0.078 workset=0.006 fiscal=0.006 csr=0.001 recovery=0.000 vectors=0.132 audit=0.063 commands=0.001
[economy-prelude-cost] day=35400 ms=0.446 pending=0
[economy-aggregate-cost] day=35400 publish_ms=0.608 native_hash_ms=0.304
[economy-ledger-cost] day=35400 copy_ms=0.154 validate_ms=0.037 hash_ms=0.114 cohorts=64 markets=42880
[economy-boundary-cost] day=35400 formulas_ms=4.573 stages_ms=4.073 mirror_ms=0.680
[runtime-day-cost] day=35400 ok=1 ms=7.112
[clock/step] delta=6.9ms speed=50x target=0.35d cap=2.45d/f cost=3.18ms ran=1 pulse=0.00ms loop=2.84ms full=3.13ms carry=0.33 barrier=
[clock/step] delta=6.9ms speed=50x target=0.34d cap=2.46d/f cost=3.25ms ran=0 pulse=0.00ms loop=0.00ms full=0.56ms carry=0.92 barrier=
