Godot Engine v4.6.2.stable.official.71f334935 - https://godotengine.org
D3D12 12_0 - Forward Mobile - Using Device #0: NVIDIA - NVIDIA GeForce RTX 4080

[ui-layout-diag/bind_ui] is_web=false viewport_visible_rect=[P: (0.0, 0.0), S: (1092.8, 614.4)] window_size=(1366, 768) content_scale_factor=1.250 content_scale_mode=0 device_pixel_ratio=-1.000 top_bar_rect=[P: (0.0, 0.0), S: (1092.8, 56.0)] right_panel_rect=[P: (632.8, 68.0), S: (460.0, 534.4)] country_action_bar_rect=[P: (380.4, 532.4), S: (400.0, 74.0)]
[building-visual] queue_probe ticks=1 queued=0 chunk=-1 camera_rect=[P: (-546.4, -307.2), S: (1092.8, 614.4)] prefetch=false zoom=1.000
[clock/step] delta=133.3ms speed=1x target=0.13d cap=8.00d/f cost=0.00ms ran=0 pulse=0.00ms loop=0.00ms full=0.39ms carry=0.13 barrier=
[building-visual] queue_probe ticks=2 queued=0 chunk=-1 camera_rect=[P: (-546.4, -307.2), S: (1092.8, 614.4)] prefetch=false zoom=1.000
[native_generation/base] path=gdext algorithm=post_base_priority_flood_hydrology_v3 n=2400 native_ms=6.650 water=1619 land=781
[native_generation/post_base] path=gdext algorithm=post_base_priority_flood_hydrology_v3 n=2400 native_ms=1.368 lakes=0 rivers=92 volcanoes=0
[native_generation/vegetation] native_ms=0.456 candidates=777 none=1233 score=[0.000,1.251,1.130] plant_water_land=779 river_adjacent_desert=0 coastal_highland_desert=0 terrain_weight=[0.180,1.200]
[native_generation/qa] single_water=0 tiny<=3=0 small<=5=0 bodies=1 largest=1619 | land_below_sea=0.0% | terr_distinct=20 entropy=3.015bit | river_ratio=3.833%
MapGenerator v7: per-cell 62ms (2400 cells, path=gdext)
[building-visual] queue_probe ticks=3 queued=0 chunk=-1 camera_rect=[P: (-546.4, -307.2), S: (1092.8, 614.4)] prefetch=false zoom=1.000
MapBaker v6: hm=(1024, 606) seed=647054954
    [fused] terrain=75.9ms valley=123.8ms erosion=2.2ms(ok=true) river=11.8ms(ok=true) latitude=0.1ms coast_sdf=3.5ms(ok=true)
  geometry fields (fused C++): 275ms
  physical circulation hex solve: deferred until DCWorldExt bind (ext=true idx=true soa=false)
  wind/ocean pixel buffers: skipped (ocean_current_visual off)
  visual tiles: {"degradation_reason":"","effective_budget_px":1717248,"effective_texels_per_hex":16.0059221751742,"effective_world_units_per_texel":"(1.373983, 1.375)","estimated_peak_bytes":110496960,"estimated_resident_bytes":82434240,"fallback_reason":"","generation_id":1,"grid_size":"(4, 3)","gutter_px":2,"hex_size":22.0,"horizon_path":"neutral_pending","interior_size":"(416, 344)","layer_size":"(420, 348)","layers":[{"bake_ms":148.2985,"coast_sdf_max_dist_px":13.6162309214075,"distance_scale":1.70202886517594,"edge_distance_saturate_hex":0.9,"edge_distance_units":"normalized_hex_center_gap","hashes":{"edge_distance":-1938572349745614082,"edge_neighbor":7160464096673839586,"height":-2495253325596883168,"map_index":-5838202059016417895,"terrain_detail":-944693273472157570,"terrain_normal":7958952428394079615,"terrain_relief":2339279162444023199,"water_depth":-2685885275846448895},"layer":0,"normal_radius_px":"(6, 6)","raster_scale":"(1.701088, 1.70297)","river_sdf_max_dist_px":5.9571010281158,"shore_carve_band_px":10,"upload_ms":0.576,"wall_ms":149.241},{"bake_ms":142.6862,"coast_sdf_max_dist_px":13.6162309214075,"distance_scale":1.70202886517594,"edge_distance_saturate_hex":0.9,"edge_distance_units":"normalized_hex_center_gap","hashes":{"edge_distance":-1475504897352727208,"edge_neighbor":-2409475316245319604,"height":-2496926021390324079,"map_index":-5376357667134752215,"terrain_detail":-7996542674883046922,"terrain_normal":4365946151920370898,"terrain_relief":-2811186097097565097,"water_depth":1803592427619840998},"layer":1,"normal_radius_px":"(6, 6)","raster_scale":"(1.701088, 1.70297)","river_sdf_max_dist_px":5.9571010281158,"shore_carve_band_px":10,"upload_ms":0.468,"wall_ms":143.613},{"bake_ms":148.2092,"coast_sdf_max_dist_px":13.6162309214075,"distance_scale":1.70202886517594,"edge_distance_saturate_hex":0.9,"edge_distance_units":"normalized_hex_center_gap","hashes":{"edge_distance":4381754074524304028,"edge_neighbor":1542459659549519308,"height":3321379428787445940,"map_index":8712297460316992970,"terrain_detail":-1925830605752303809,"terrain_normal":-3302250243168972951,"terrain_relief":-4314716508579520110,"water_depth":-4710149416527863454},"layer":2,"normal_radius_px":"(6, 6)","raster_scale":"(1.701088, 1.70297)","river_sdf_max_dist_px":5.9571010281158,"shore_carve_band_px":10,"upload_ms":0.466,"wall_ms":149.125},{"bake_ms":104.7522,"coast_sdf_max_dist_px":13.6162309214075,"distance_scale":1.70202886517594,"edge_distance_saturate_hex":0.9,"edge_distance_units":"normalized_hex_center_gap","hashes":{"edge_distance":1894509825560523265,"edge_neighbor":6358687224136555298,"height":-6504642209739831948,"map_index":6069295778792953194,"terrain_detail":-6607639083325416810,"terrain_normal":-6253908949044824559,"terrain_relief":2310592029082528361,"water_depth":-937751162966319633},"layer":3,"normal_radius_px":"(6, 6)","raster_scale":"(1.701088, 1.70297)","river_sdf_max_dist_px":5.9571010281158,"shore_carve_band_px":10,"upload_ms":0.443,"wall_ms":105.657},{"bake_ms":113.7231,"coast_sdf_max_dist_px":13.6162309214075,"distance_scale":1.70202886517594,"edge_distance_saturate_hex":0.9,"edge_distance_units":"normalized_hex_center_gap","hashes":{"edge_distance":3324248576037803551,"edge_neighbor":8046638924216296058,"height":-4317651926147809898,"map_index":3946511896773400967,"terrain_detail":-4871654074403931021,"terrain_normal":8826592709818952652,"terrain_relief":-440871614892820968,"water_depth":-5483667563975296021},"layer":4,"normal_radius_px":"(6, 6)","raster_scale":"(1.701088, 1.70297)","river_sdf_max_dist_px":5.9571010281158,"shore_carve_band_px":10,"upload_ms":0.501,"wall_ms":114.735},{"bake_ms":152.0855,"coast_sdf_max_dist_px":13.6162309214075,"distance_scale":1.70202886517594,"edge_distance_saturate_hex":0.9,"edge_distance_units":"normalized_hex_center_gap","hashes":{"edge_distance":4399737650070817593,"edge_neighbor":3636667713506066090,"height":-2403430136720270746,"map_index":-6151564940255681168,"terrain_detail":651895419712285111,"terrain_normal":6324904858898654448,"terrain_relief":8573599556216045245,"water_depth":7769230196368662495},"layer":5,"normal_radius_px":"(6, 6)","raster_scale":"(1.701088, 1.70297)","river_sdf_max_dist_px":5.9571010281158,"shore_carve_band_px":10,"upload_ms":0.466,"wall_ms":152.992},{"bake_ms":208.2924,"coast_sdf_max_dist_px":13.6162309214075,"distance_scale":1.70202886517594,"edge_distance_saturate_hex":0.9,"edge_distance_units":"normalized_hex_center_gap","hashes":{"edge_distance":-5409587914296585289,"edge_neighbor":2724227783011723352,"height":-3226439938202988862,"map_index":1866082557591787292,"terrain_detail":-5207383344905822324,"terrain_normal":2819018793240642938,"terrain_relief":-4178757868875645310,"water_depth":-7862515164660564161},"layer":6,"normal_radius_px":"(6, 6)","raster_scale":"(1.701088, 1.70297)","river_sdf_max_dist_px":5.9571010281158,"shore_carve_band_px":10,"upload_ms":0.486,"wall_ms":209.241},{"bake_ms":60.4388,"coast_sdf_max_dist_px":13.6162309214075,"distance_scale":1.70202886517594,"edge_distance_saturate_hex":0.9,"edge_distance_units":"normalized_hex_center_gap","hashes":{"edge_distance":-5700545552185161687,"edge_neighbor":7357171249966413679,"height":7279994565625318376,"map_index":-3330109524613663115,"terrain_detail":-5441320502601630405,"terrain_normal":-6800755337045877000,"terrain_relief":6038040812797693202,"water_depth":1682904267892007497},"layer":7,"normal_radius_px":"(6, 6)","raster_scale":"(1.701088, 1.70297)","river_sdf_max_dist_px":5.9571010281158,"shore_carve_band_px":10,"upload_ms":0.465,"wall_ms":61.377},{"bake_ms":102.6272,"coast_sdf_max_dist_px":13.6162309214075,"distance_scale":1.70202886517594,"edge_distance_saturate_hex":0.9,"edge_distance_units":"normalized_hex_center_gap","hashes":{"edge_distance":8382759937023110071,"edge_neighbor":659747904386094117,"height":-2461172521951409457,"map_index":-2188740852747864163,"terrain_detail":6457232499472384748,"terrain_normal":8235013275749548075,"terrain_relief":-7675476747419744821,"water_depth":1193951581916298973},"layer":8,"normal_radius_px":"(6, 6)","raster_scale":"(1.701088, 1.70297)","river_sdf_max_dist_px":5.9571010281158,"shore_carve_band_px":10,"upload_ms":0.46,"wall_ms":103.53},{"bake_ms":93.2734,"coast_sdf_max_dist_px":13.6162309214075,"distance_scale":1.70202886517594,"edge_distance_saturate_hex":0.9,"edge_distance_units":"normalized_hex_center_gap","hashes":{"edge_distance":-8955563116545943291,"edge_neighbor":-9038666090385797610,"height":-2987803651139635896,"map_index":5134983360836808068,"terrain_detail":109020254150959080,"terrain_normal":-6660350536824038853,"terrain_relief":-2586665572059755003,"water_depth":832081127190597362},"layer":9,"normal_radius_px":"(6, 6)","raster_scale":"(1.701088, 1.70297)","river_sdf_max_dist_px":5.9571010281158,"shore_carve_band_px":10,"upload_ms":0.493,"wall_ms":94.263},{"bake_ms":129.2471,"coast_sdf_max_dist_px":13.6162309214075,"distance_scale":1.70202886517594,"edge_distance_saturate_hex":0.9,"edge_distance_units":"normalized_hex_center_gap","hashes":{"edge_distance":-5957456809932124063,"edge_neighbor":6208826244111293805,"height":5551196903600190480,"map_index":8894570189773854476,"terrain_detail":-5294103201672322706,"terrain_normal":4718053483638880001,"terrain_relief":6805770437608474877,"water_depth":-6361224970549979342},"layer":10,"normal_radius_px":"(6, 6)","raster_scale":"(1.701088, 1.70297)","river_sdf_max_dist_px":5.9571010281158,"shore_carve_band_px":10,"upload_ms":0.481,"wall_ms":130.196},{"bake_ms":45.1308,"coast_sdf_max_dist_px":13.6162309214075,"distance_scale":1.70202886517594,"edge_distance_saturate_hex":0.9,"edge_distance_units":"normalized_hex_center_gap","hashes":{"edge_distance":1911943943805561009,"edge_neighbor":-7676646868827661579,"height":1804171153791573338,"map_index":-1985012950706407067,"terrain_detail":3212607048708170880,"terrain_normal":-2648633776627146226,"terrain_relief":4957144052540556938,"water_depth":-3803414547967157983},"layer":11,"normal_radius_px":"(6, 6)","raster_scale":"(1.701088, 1.70297)","river_sdf_max_dist_px":5.9571010281158,"shore_carve_band_px":10,"upload_ms":0.465,"wall_ms":46.068}],"logical_size":"(1664, 1032)","mode":"tiled","path":"visual_tiled_static","profile":"desktop_high","relief_scale":2,"renderer":"mobile","requested_budget_px":1716216,"requested_texels_per_hex":16.0,"requested_tile_world_span":"(704.0, 704.0)","requested_world_units_per_texel":1.375,"tile_world_area":270355.817993164,"tile_world_span":"(571.5768, 473.0)","total_ms":1487.438,"visual_domain":"[P: (0.0, -44.0), S: (2286.307, 1419.0)]","wrap_period_x":2286.30706599092,"wrap_x":true}
  cell LUT encode: deferred until DCWorldExt bind
  encode: 3749ms
MapBaker v6: total 4038ms
MapGenerator v7: bake 4075ms
MapGenerator: skip _compute_ocean_currents (physical-hex path writes per-cell directly)
MapGenerator: skip _compute_terrain_perturbed_wind (physical-hex solver writes per-cell)
[SUS] sim budget strict=false frame=8.00ms warn=2.00ms slice=0.75ms upload=1.50ms scheduler=DCSystemScheduler native_sus=auto
[DCWorldExt] bind_map_data: 148 components bound (auto-registered=148; snapshot model; see world_ext.cpp comment & charter Â§11)
[DataCore] _data_core_world_ext bound=true (climate co-processor; class=DCWorldExt)
[native_world] configure rc=0 reason=configured cells=2400 wrap_period_x=103.923
[native_generation] path=gdext n=2400 published=9 native_ms=0.100 compute_ms=0.050 flush_ms=0.049
[hex_cell] facade ENABLED (2400 cells bound; ext=true)
[DataCore] _baker climate_profile injected=true (fixes WorldData.config==null sea_ice prepare path)
[phys_solve][oneshot] OK slp=0.75ms wind=0.30ms psi=0.28ms(ran=true) upwelling=0.03ms total=1.77ms
PhysicalCirculation solve@phase=1.50 total=3ms (C++ one-shot run_physical_solve_pass)
  wind/ocean pixel buffers: skipped (ocean_current_visual off)
[physical_init] deferred native refresh complete: 4ms
[cell_lut] deferred encode: 2ms path=gdext
[bio-occupancy] seed landmasses=9 provinces=9 species=20 secondary_hearths=0
[bio-occupancy]   bio.maize envelope=58 hearth=3 seeded_landmasses=1 primary_landmass=1 primary_envelope=49 occupied=3 occupied/envelope=0.06
[bio-occupancy]   bio.wheat envelope=218 hearth=61 seeded_landmasses=1 primary_landmass=1 primary_envelope=197 occupied=61 occupied/envelope=0.31
[bio-occupancy]   bio.rice envelope=71 hearth=5 seeded_landmasses=1 primary_landmass=1 primary_envelope=61 occupied=5 occupied/envelope=0.08
[bio-occupancy]   bio.potato envelope=144 hearth=61 seeded_landmasses=1 primary_landmass=1 primary_envelope=118 occupied=61 occupied/envelope=0.52
[bio-occupancy]   bio.horse envelope=259 hearth=111 seeded_landmasses=1 primary_landmass=1 primary_envelope=230 occupied=111 occupied/envelope=0.48
[bio-occupancy]   bio.cotton envelope=125 hearth=59 seeded_landmasses=1 primary_landmass=1 primary_envelope=107 occupied=59 occupied/envelope=0.55
[bio-occupancy]   bio.flax envelope=211 hearth=100 seeded_landmasses=1 primary_landmass=1 primary_envelope=190 occupied=100 occupied/envelope=0.53
[bio-occupancy]   bio.spice envelope=94 hearth=3 seeded_landmasses=1 primary_landmass=1 primary_envelope=81 occupied=3 occupied/envelope=0.04
[bio-occupancy]   bio.rubber envelope=75 hearth=23 seeded_landmasses=1 primary_landmass=1 primary_envelope=67 occupied=23 occupied/envelope=0.34
[bio-occupancy]   bio.sheep envelope=51 hearth=8 seeded_landmasses=1 primary_landmass=1 primary_envelope=43 occupied=8 occupied/envelope=0.19
[bio-occupancy]   bio.goat envelope=401 hearth=9 seeded_landmasses=1 primary_landmass=1 primary_envelope=326 occupied=9 occupied/envelope=0.03
[bio-occupancy]   bio.cattle envelope=10 hearth=5 seeded_landmasses=1 primary_landmass=1 primary_envelope=10 occupied=5 occupied/envelope=0.50
[bio-occupancy]   bio.pig envelope=269 hearth=59 seeded_landmasses=1 primary_landmass=1 primary_envelope=230 occupied=59 occupied/envelope=0.26
[bio-occupancy]   bio.camel envelope=70 hearth=24 seeded_landmasses=1 primary_landmass=1 primary_envelope=63 occupied=24 occupied/envelope=0.38
[bio-occupancy]   bio.yak envelope=124 hearth=37 seeded_landmasses=1 primary_landmass=1 primary_envelope=74 occupied=37 occupied/envelope=0.50
[bio-occupancy]   bio.silkworm envelope=142 hearth=47 seeded_landmasses=1 primary_landmass=1 primary_envelope=130 occupied=47 occupied/envelope=0.36
[bio-occupancy]   bio.reed envelope=133 hearth=11 seeded_landmasses=1 primary_landmass=1 primary_envelope=109 occupied=11 occupied/envelope=0.10
[bio-occupancy]   bio.bast_fiber envelope=239 hearth=21 seeded_landmasses=1 primary_landmass=1 primary_envelope=204 occupied=21 occupied/envelope=0.10
[bio-occupancy]   bio.dye_plant envelope=126 hearth=9 seeded_landmasses=1 primary_landmass=1 primary_envelope=108 occupied=9 occupied/envelope=0.08
[bio-occupancy]   bio.medicinal_herb envelope=338 hearth=74 seeded_landmasses=1 primary_landmass=1 primary_envelope=277 occupied=74 occupied/envelope=0.27
[bio-occupancy]   landmass 1 classes=cold_grazer, dry_grazer, fiber_forest, fiber_wet, open_grazer, highland_food, fiber_open, forest_grazer, open_food, wetland_food, tropical foods=potato, wheat, rice, maize
[bio-occupancy]   landmass 2 classes=none foods=none
[bio-occupancy]   landmass 3 classes=none foods=none
[bio-occupancy]   landmass 4 classes=none foods=none
[bio-occupancy]   landmass 5 classes=none foods=none
[bio-occupancy]   landmass 6 classes=none foods=none
[bio-occupancy]   landmass 7 classes=none foods=none
[bio-occupancy]   landmass 8 classes=none foods=none
[bio-occupancy]   landmass 9 classes=none foods=none
[weather] gdext acceleration ON (class=DCWorldExt)
[weather] gdext field commit ON
[weather] gdext distribute ON
[weather] gdext summary ON
[weather] hexcell facade ON (skip AoS double-write in hot loop)
[weather] gdext resident knobs ON (class=KnobsHandle)
[economy] ACTIVE native graph cells=2400 goods=134 cohorts=24 epoch_days=1 trade=ACTIVE topology_ready=true topology_generation=1 bootstrap=starter_settlement_bootstrap_v9 founder_families=6 founder_people=6
[country] ACTIVE native authority countries=6 cells=2400 generation=1
[weather/knobs] resident KnobsHandle path ACTIVE — first to_*_knobs_dict hit (field_rebuild_count=1 expected ≤1; stable Hz target ≤1 Hz)
[native_daily] ACTIVE: registered native_daily_sim + natural_resource_daily + bio_occupancy_daily; retained season_refresh + ocean_currents boundary jobs
[DCSystemScheduler] topology: ["season_refresh", "trigger_runtime", "ideology_runtime", "effect_runtime", "modifier_daily", "gameplay_effect", "natural_resource_daily", "bio_occupancy_daily", "enum_atlas_upload", "ocean_currents", "native_daily_sim", "dynamic_visual_atlas_upload", "country_daily", "economy_daily"]
[hex_renderer/variant] tiled=true quality= web_texture_budget=false shader=res://shaders/world_map.gdshader
[visual-tiles/horizon] compute start generation=1 layers=12
[hex-renderer] set_weather_fronts(n=0) layer=WeatherLayer
[building-visual] intel_refresh requested=60 changed=1 known=1 catalog=400 resident=0 body=0 queued=0 zoom=1.000
[vision] fog=ON player_slot=0 early_out=OFF visible=60 explored=60/2400 solve_ms=0.085 border_edges=36
[DIAG pass_a_entry] day=0 phase=0.001 gdext_pass_a=true use_data_core_climate=true use_soa_pipeline=true use_sparse_climate=true ext_bound=true
[DIAG pass_a_cpp] day=0 rc=0.0000 cpp_taken_over=true dirty_count_after_cpp=2400
[climate_b/F.3] precondition probe (one-time):
  active ClimateProfile = <in-memory ClimateProfile>
  cp.use_gdext_climate_pass_b = true (flag removed; constant true)
  cp.use_sparse_climate = true（C++ 会跑 full path 等价结果，不阻止）
  _data_core_world_ext != null = true
  ext.has_method('run_climate_pass_b') = true
  fast_indexed = true (need n_cells*6=14400, got nb_size=14400)
  rs_lookback = 3, t_freeze = 0.0800, coupling_gain = 1.5000
  verdict = OK → will try C++
[gdext sig] run_climate_pass_b match[0]: args.size()=1 names=[knobs] flags=1 id=15370
[gdext sig] run_climate_pass_b: probe PASS (found match with 1 args)
[climate_b/F.3] sig probe result = true（仅作诊断）
[climate_b/F.3] DEBUG call#1: path=simd rc=0.0754 n_cells=2400 rs_lookback=3
[climate_b/F.3] gdext path ACTIVE (dispatch=simd) — first run elapsed=0.08ms (legacy GDScript baseline ≈ 5.2ms; charter §7 target < 0.5ms)
[ocean_water/F.2a] precondition probe (one-time):
  active ClimateProfile = <in-memory>
  cp.use_gdext_ocean_water = true (flag removed; constant true)
  _data_core_world_ext != null = true
  ext.has_method('run_ocean_water_pass') = true
  fast_indexed = true (n=2400 nb=14400)
  advect_steps=3 heat_mix=0.5500
  verdict = OK → will try C++
[gdext sig] run_ocean_water_pass match[0]: args.size()=1 names=[knobs] flags=1 id=15361
[gdext sig] run_ocean_water_pass: probe PASS (found match with 1 args)
[ocean_water/F.2a] sig probe result = true（仅作诊断）
[ocean_water/F.2a] DEBUG call#1: path=scalar rc=0.1839 n=2400 advect=3
[ocean_water/F.2a] gdext path ACTIVE — first run elapsed=0.18ms (legacy GDScript baseline ≈ 3.4ms; charter §7 target < 0.5ms)
[ocean_land/F.2b] precondition probe (one-time):
  active ClimateProfile = <in-memory>
  cp.use_gdext_ocean_land = true (flag removed; constant true)
  _data_core_world_ext != null = true
  ext.has_method('run_ocean_land_pass') = true
  fast_indexed = true (n=2400 nb=14400)
  effective_leak=0.5500 (coast_leak=0.5500 winter_boost=1.0000)
  verdict = OK → will try C++
[gdext sig] run_ocean_land_pass match[0]: args.size()=1 names=[knobs] flags=1 id=15362
[gdext sig] run_ocean_land_pass: probe PASS (found match with 1 args)
[ocean_land/F.2b] sig probe result = true（仅作诊断）
[ocean_land/F.2b] DEBUG call#1: path=scalar rc=0.0294 n=2400 effective_leak=0.5500
[ocean_land/F.2b] gdext path ACTIVE — first run elapsed=0.03ms (legacy GDScript baseline ≈ 3.4ms; charter §7 target < 0.5ms)
[sea_ice/F.4] precondition probe (one-time):
  active ClimateProfile = <in-memory ClimateProfile>
  cp.use_gdext_sea_ice = true (flag removed; constant true)
  _data_core_world_ext != null = true
  ext.has_method('run_sea_ice_daily_pass') = true
  fast_indexed = true (need n_cells*6=14400, got neighbor_indices.size()=14400)
  verdict = OK → will try C++
[gdext sig] run_sea_ice_daily_pass match[0]: args.size()=2 names=[knobs, season_phase] flags=1 id=15373
[gdext sig] run_sea_ice_daily_pass: probe PASS (found match with 2 args)
[sea_ice/F.4] sig probe result = true（仅作诊断，不阻止下方 C++ 调用）
[sea_ice/F.4] DEBUG call#1: path=scalar rc=0.0772 n_cells=2400 enable_oht=true
[sea_ice/F.4] gdext path ACTIVE (dispatch=scalar) — first run elapsed=0.08ms (legacy GDScript baseline ≈ 5.1ms; charter §7 target < 0.5ms)
_apply_sea_ice_daily_pass[F.4]: 0.08ms (water=1619, flipped=0, phase=0.001)
[sea_ice/DIAG] thr_eff t_form=0.080 t_melt=0.130 flip_thr=0.720 | temp all min=0.000 max=0.993 avg=0.515 | water n=1619 t_min_w=0.000 below_form=305 (18.8%) | SIF pos=353 max=0.402 avg_w=0.0517 near_thr=120 | climate_anom=0.000
[sea_ice/slow-dump] tick=0 path=gdext total_wall=10.74ms (pack=0.03 refresh=0.00 native=0.08 native_wall=0.11 sync=0.07 flip=0.01) water=1619 flipped=0
[transp/F.5] precondition probe (one-time):
  active ClimateProfile = <in-memory ClimateProfile>
  cp.use_gdext_transpiration = true (flag removed; constant true)
  _data_core_world_ext != null = true
  ext.has_method('run_transpiration_pass') = true
  fast_indexed = true (need n_cells*6=14400, got neighbor_indices.size()=14400)
  verdict = OK → will try C++
[gdext sig] run_transpiration_pass match[0]: args.size()=1 names=[knobs] flags=1 id=15375
[gdext sig] run_transpiration_pass: probe PASS (found match with 1 args)
[transp/F.5] sig probe result = true（仅作诊断，不阻止下方 C++ 调用）
[transp/F.5] DEBUG call#1: rc=0.0582 donor_table.size()=28 n_cells=2400 outflow=0.0250 self=0.0150
[transp/F.5] gdext path ACTIVE — first run elapsed=0.06ms (legacy GDScript baseline ≈ 3.2ms; charter §7 target < 0.3ms)
refresh_climate_daily #1: 130ms (cells=2400, phase=0.001) | A=3.3 B=10.1 ocean=17.9 wind=78.6 sea_ice=11.2 ice_bake=0.0 transp=9.4 path=data_core_cells_only
[runtime-worker] production ACTIVE started mask=4095 auto_pod=true
[economy-climate-gate] day=1 climate_ok=0 stall=0x10 ring=0
[tech-ui-diag/query] apply ok gen=1 day=-1 view_gen=1 progress_total=0 pending_words=36
[runtime-day-wait] day=1 env_day=0 missing=0x3ff stall=0x10 economy_input=-1 ring=0 country=
[weather-layer][lut] #1 update_usec=13899115 last_usec=13899115 lerp=0.000 prev_tex=true curr_tex=true dims=(2048, 2) visible=true
[weather-layer][lut] #2 update_usec=13899115 last_usec=13899115 lerp=0.616 prev_tex=true curr_tex=true dims=(2048, 2) visible=true
[weather-layer][lut] #3 update_usec=13899115 last_usec=13899115 lerp=0.633 prev_tex=true curr_tex=true dims=(2048, 2) visible=true
[hex-renderer] set_weather_fronts(n=0) layer=WeatherLayer
[visual-tiles/horizon] published {"command_record_ms":0.051,"compile_ms":175.212,"conservative_tail_ratio":0.0,"conservative_tail_rays":0,"gi_occluder_ok":true,"global_fallback_rays":0,"gpu_wait_ms":124.937,"hash":3204554991,"height_pyramid_bytes":9159292,"height_world_scale":352.0,"max_horizon_angle":1.309,"mip_levels":12,"non_converged_rays":0,"occluder_hash":4025558740,"occluder_output_bytes":7015680,"occluder_sentinel_ratio":0.0932596697682905,"occluder_sentinel_texels":163570,"ok":true,"path":"gpu_compute_hierarchical","physical_output_bytes":7015680,"readback_ms":9.677,"resource_setup_ms":103.778,"sea_level":0.5,"submit_ms":3.506,"total_ms":454.79,"total_rays":14031360,"upload_ms":3.016}
[weather-layer][lut] #4 update_usec=13899115 last_usec=13899115 lerp=0.994 prev_tex=true curr_tex=true dims=(2048, 2) visible=true
[weather-layer][lut] #5 update_usec=13899115 last_usec=13899115 lerp=1.000 prev_tex=true curr_tex=true dims=(2048, 2) visible=true
[weather-layer][lut] #6 update_usec=13899115 last_usec=13899115 lerp=1.000 prev_tex=true curr_tex=true dims=(2048, 2) visible=true
[weather-layer][lut] #7 update_usec=13899115 last_usec=13899115 lerp=1.000 prev_tex=true curr_tex=true dims=(2048, 2) visible=true
[weather-layer][lut] #8 update_usec=13899115 last_usec=13899115 lerp=1.000 prev_tex=true curr_tex=true dims=(2048, 2) visible=true
[weather-layer][lut] #9 update_usec=13899115 last_usec=13899115 lerp=1.000 prev_tex=true curr_tex=true dims=(2048, 2) visible=true
[weather-layer][lut] #10 update_usec=13899115 last_usec=13899115 lerp=1.000 prev_tex=true curr_tex=true dims=(2048, 2) visible=true
[weather-layer][lut] #11 update_usec=13899115 last_usec=13899115 lerp=1.000 prev_tex=true curr_tex=true dims=(2048, 2) visible=true
[weather-layer][lut] #12 update_usec=13899115 last_usec=13899115 lerp=1.000 prev_tex=true curr_tex=true dims=(2048, 2) visible=true
[clock/step] delta=2.8ms speed=1x target=0.00d cap=8.00d/f cost=0.00ms ran=0 pulse=0.00ms loop=0.00ms full=0.20ms carry=0.96 barrier=
[DCSystemScheduler][RT] ocean_skip#1 tick=1 reason=policy_gated slices=0 elapsed=0.000 progress=0.000 source=day_changed
[clock/step] delta=2.4ms speed=1x target=0.00d cap=0.68d/f cost=11.78ms ran=0 pulse=0.00ms loop=0.00ms full=0.16ms carry=0.30 barrier=
[clock/step] delta=2.2ms speed=1x target=0.00d cap=0.68d/f cost=11.78ms ran=0 pulse=0.00ms loop=0.00ms full=0.16ms carry=0.56 barrier=
[clock/step] delta=2.1ms speed=1x target=0.00d cap=0.68d/f cost=11.78ms ran=0 pulse=0.00ms loop=0.00ms full=0.16ms carry=0.84 barrier=
[climate][publish] day=0 round_ran=1 prod_stage=0xff scalar_mask=0x7f alb=0 veg=0 fb=0 weather=0 sr=0 ok=1
[DCSystemScheduler][RT] ocean_skip#2 tick=2 reason=policy_gated slices=0 elapsed=0.000 progress=0.000 source=day_changed
[tech-ui-diag/query] apply ok gen=1 day=1 view_gen=1 progress_total=0 pending_words=36
[hex_renderer] dyn_lut rebind (material held a stale LUT texture object)
[hex_renderer] dyn_lut rebind (material held a stale LUT texture object)
[clock/step] delta=3.3ms speed=1x target=0.00d cap=0.39d/f cost=20.65ms ran=0 pulse=0.00ms loop=0.00ms full=0.15ms carry=0.28 barrier=
[clock/step] delta=2.8ms speed=1x target=0.00d cap=0.39d/f cost=20.65ms ran=0 pulse=0.00ms loop=0.00ms full=0.28ms carry=0.59 barrier=
[weather-layer][lut] #13 update_usec=13899115 last_usec=13899115 lerp=1.000 prev_tex=true curr_tex=true dims=(2048, 2) visible=true
[clock/step] delta=2.1ms speed=1x target=0.00d cap=0.39d/f cost=20.65ms ran=0 pulse=0.00ms loop=0.00ms full=0.15ms carry=0.91 barrier=
[weather-layer][lut] #14 update_usec=13899115 last_usec=13899115 lerp=1.000 prev_tex=true curr_tex=true dims=(2048, 2) visible=true
[weather-layer][lut] #15 update_usec=13899115 last_usec=13899115 lerp=1.000 prev_tex=true curr_tex=true dims=(2048, 2) visible=true
[weather-layer][lut] #16 update_usec=13899115 last_usec=13899115 lerp=1.000 prev_tex=true curr_tex=true dims=(2048, 2) visible=true
[building-visual] native_probe chunk=6 ok=true instances=0 buffer=0 reason=
[weather-layer][lut] #17 update_usec=13899115 last_usec=13899115 lerp=1.000 prev_tex=true curr_tex=true dims=(2048, 2) visible=true
[phys/knobs] projection ready: slp=31 wind=33 psi=26 up=10
[hex_renderer] dyn_lut rebind (material held a stale LUT texture object)
[hex_renderer] dyn_lut rebind (material held a stale LUT texture object)
[hex_renderer] dyn_lut rebind (material held a stale LUT texture object)
[tech-ui-diag/query] apply ok gen=1 day=5 view_gen=1 progress_total=0 pending_words=36
[hex_renderer] dyn_lut rebind (material held a stale LUT texture object)
[hex_renderer] dyn_lut rebind (material held a stale LUT texture object)
[hex_renderer] dyn_lut rebind (material held a stale LUT texture object)
[hex_renderer] dyn_lut rebind (material held a stale LUT texture object)
[hex_renderer] dyn_lut rebind (material held a stale LUT texture object)
[tech-ui-diag/query] apply ok gen=1 day=10 view_gen=1 progress_total=0 pending_words=36
[hex_renderer] dyn_lut rebind (material held a stale LUT texture object)
[hex_renderer] dyn_lut rebind (material held a stale LUT texture object)
[hex_renderer] dyn_lut rebind (material held a stale LUT texture object)
[hex_renderer] dyn_lut rebind (material held a stale LUT texture object)
[weather-layer][lut] #18 update_usec=37596658 last_usec=37596658 lerp=0.000 prev_tex=true curr_tex=true dims=(2048, 2) visible=true
[hex_renderer] dyn_lut rebind (material held a stale LUT texture object)
[hex_renderer] dyn_lut rebind (material held a stale LUT texture object)
[tech-ui-diag/query] apply ok gen=1 day=15 view_gen=1 progress_total=0 pending_words=36
[hex_renderer] dyn_lut rebind (material held a stale LUT texture object)
[hex_renderer] dyn_lut rebind (material held a stale LUT texture object)
[hex_renderer] dyn_lut rebind (material held a stale LUT texture object)
[hex_renderer] dyn_lut rebind (material held a stale LUT texture object)
[hex_renderer] dyn_lut rebind (material held a stale LUT texture object)
[tech-ui-diag/query] apply ok gen=1 day=21 view_gen=1 progress_total=0 pending_words=36
[hex_renderer] dyn_lut rebind (material held a stale LUT texture object)
[hex_renderer] dyn_lut rebind (material held a stale LUT texture object)
[hex_renderer] dyn_lut rebind (material held a stale LUT texture object)
[hex_renderer] dyn_lut rebind (material held a stale LUT texture object)
[hex_renderer] dyn_lut rebind (material held a stale LUT texture object)
[tech-ui-diag/query] apply ok gen=1 day=26 view_gen=1 progress_total=0 pending_words=36
[hex_renderer] dyn_lut rebind (material held a stale LUT texture object)
[hex_renderer] dyn_lut rebind (material held a stale LUT texture object)
[hex_renderer] dyn_lut rebind (material held a stale LUT texture object)
[hex_renderer] dyn_lut rebind (material held a stale LUT texture object)
[hex_renderer] dyn_lut rebind (material held a stale LUT texture object)
[hex_renderer] dyn_lut rebind (material held a stale LUT texture object)
[tech-ui-diag/query] apply ok gen=1 day=31 view_gen=1 progress_total=0 pending_words=36
[hex_renderer] dyn_lut rebind (material held a stale LUT texture object)
[hex_renderer] dyn_lut rebind (material held a stale LUT texture object)
[hex_renderer] dyn_lut rebind (material held a stale LUT texture object)
[hex_renderer] dyn_lut rebind (material held a stale LUT texture object)
[hex_renderer] dyn_lut rebind (material held a stale LUT texture object)
[clock/step] delta=6.9ms speed=50x target=0.35d cap=1.90d/f cost=4.20ms ran=0 pulse=0.00ms loop=0.00ms full=0.33ms carry=0.53 barrier=
[hex_renderer] dyn_lut rebind (material held a stale LUT texture object)
[hex_renderer] dyn_lut rebind (material held a stale LUT texture object)
[hex_renderer] dyn_lut rebind (material held a stale LUT texture object)
[hex_renderer] dyn_lut rebind (material held a stale LUT texture object)
[hex_renderer] dyn_lut rebind (material held a stale LUT texture object)
[hex_renderer] dyn_lut rebind (material held a stale LUT texture object)
[hex_renderer] dyn_lut rebind (material held a stale LUT texture object)
[hex_renderer] dyn_lut rebind (material held a stale LUT texture object)
[hex_renderer] dyn_lut rebind (material held a stale LUT texture object)
[hex_renderer] dyn_lut rebind (material held a stale LUT texture object)
[hex_renderer] dyn_lut rebind (material held a stale LUT texture object)
[hex_renderer] dyn_lut rebind (material held a stale LUT texture object)
[hex_renderer] dyn_lut rebind (material held a stale LUT texture object)
[hex_renderer] dyn_lut rebind (material held a stale LUT texture object)
[hex_renderer] dyn_lut rebind (material held a stale LUT texture object)
[hex_renderer] dyn_lut rebind (material held a stale LUT texture object)
[hex_renderer] dyn_lut rebind (material held a stale LUT texture object)
[hex_renderer] dyn_lut rebind (material held a stale LUT texture object)
[hex_renderer] dyn_lut rebind (material held a stale LUT texture object)
[hex_renderer] dyn_lut rebind (material held a stale LUT texture object)
[hex_renderer] dyn_lut rebind (material held a stale LUT texture object)
[hex_renderer] dyn_lut rebind (material held a stale LUT texture object)
[hex_renderer] dyn_lut rebind (material held a stale LUT texture object)
[hex_renderer] dyn_lut rebind (material held a stale LUT texture object)
[hex_renderer] dyn_lut rebind (material held a stale LUT texture object)
[hex_renderer] dyn_lut rebind (material held a stale LUT texture object)
[hex_renderer] dyn_lut rebind (material held a stale LUT texture object)
[hex_renderer] dyn_lut rebind (material held a stale LUT texture object)
[hex_renderer] dyn_lut rebind (material held a stale LUT texture object)
[hex_renderer] dyn_lut rebind (material held a stale LUT texture object)
[hex_renderer] dyn_lut rebind (material held a stale LUT texture object)
[hex_renderer] dyn_lut rebind (material held a stale LUT texture object)
[hex_renderer] dyn_lut rebind (material held a stale LUT texture object)
[hex_renderer] dyn_lut rebind (material held a stale LUT texture object)
[hex_renderer] dyn_lut rebind (material held a stale LUT texture object)
[hex_renderer] dyn_lut rebind (material held a stale LUT texture object)
[hex_renderer] dyn_lut rebind (material held a stale LUT texture object)
[hex_renderer] dyn_lut rebind (material held a stale LUT texture object)
[clock/step] delta=6.1ms speed=50x target=0.30d cap=1.67d/f cost=4.78ms ran=0 pulse=0.00ms loop=0.00ms full=0.28ms carry=0.99 barrier=
[hex_renderer] dyn_lut rebind (material held a stale LUT texture object)
[hex_renderer] dyn_lut rebind (material held a stale LUT texture object)
[hex_renderer] dyn_lut rebind (material held a stale LUT texture object)
[hex_renderer] dyn_lut rebind (material held a stale LUT texture object)
[hex_renderer] dyn_lut rebind (material held a stale LUT texture object)
[hex_renderer] dyn_lut rebind (material held a stale LUT texture object)
[hex_renderer] dyn_lut rebind (material held a stale LUT texture object)
[hex_renderer] dyn_lut rebind (material held a stale LUT texture object)
[hex_renderer] dyn_lut rebind (material held a stale LUT texture object)
[hex_renderer] dyn_lut rebind (material held a stale LUT texture object)
[hex_renderer] dyn_lut rebind (material held a stale LUT texture object)
[hex_renderer] dyn_lut rebind (material held a stale LUT texture object)
[hex_renderer] dyn_lut rebind (material held a stale LUT texture object)
[hex_renderer] dyn_lut rebind (material held a stale LUT texture object)
[hex_renderer] dyn_lut rebind (material held a stale LUT texture object)
[hex_renderer] dyn_lut rebind (material held a stale LUT texture object)
[hex_renderer] dyn_lut rebind (material held a stale LUT texture object)
[hex_renderer] dyn_lut rebind (material held a stale LUT texture object)
[hex_renderer] dyn_lut rebind (material held a stale LUT texture object)
[hex_renderer] dyn_lut rebind (material held a stale LUT texture object)
[hex_renderer] dyn_lut rebind (material held a stale LUT texture object)
[hex_renderer] dyn_lut rebind (material held a stale LUT texture object)
[hex_renderer] dyn_lut rebind (material held a stale LUT texture object)
[hex_renderer] dyn_lut rebind (material held a stale LUT texture object)
[hex_renderer] dyn_lut rebind (material held a stale LUT texture object)
[hex_renderer] dyn_lut rebind (material held a stale LUT texture object)
[hex_renderer] dyn_lut rebind (material held a stale LUT texture object)
[hex_renderer] dyn_lut rebind (material held a stale LUT texture object)
[hex_renderer] dyn_lut rebind (material held a stale LUT texture object)
[hex_renderer] dyn_lut rebind (material held a stale LUT texture object)
[hex_renderer] dyn_lut rebind (material held a stale LUT texture object)
[hex_renderer] dyn_lut rebind (material held a stale LUT texture object)
[hex_renderer] dyn_lut rebind (material held a stale LUT texture object)
[hex_renderer] dyn_lut rebind (material held a stale LUT texture object)
[clock/step] delta=6.7ms speed=50x target=0.33d cap=1.97d/f cost=4.05ms ran=0 pulse=0.00ms loop=0.00ms full=0.21ms carry=0.95 barrier=
[hex_renderer] dyn_lut rebind (material held a stale LUT texture object)
[hex_renderer] dyn_lut rebind (material held a stale LUT texture object)
[hex_renderer] dyn_lut rebind (material held a stale LUT texture object)
[hex_renderer] dyn_lut rebind (material held a stale LUT texture object)
[hex_renderer] dyn_lut rebind (material held a stale LUT texture object)
[hex_renderer] dyn_lut rebind (material held a stale LUT texture object)
[hex_renderer] dyn_lut rebind (material held a stale LUT texture object)
[weather-layer][lut] #19 update_usec=39594505 last_usec=39594505 lerp=0.409 prev_tex=true curr_tex=true dims=(2048, 2) visible=true
[hex_renderer] dyn_lut rebind (material held a stale LUT texture object)
[hex_renderer] dyn_lut rebind (material held a stale LUT texture object)
[hex_renderer] dyn_lut rebind (material held a stale LUT texture object)
[hex_renderer] dyn_lut rebind (material held a stale LUT texture object)
[hex_renderer] dyn_lut rebind (material held a stale LUT texture object)
[hex_renderer] dyn_lut rebind (material held a stale LUT texture object)
[hex_renderer] dyn_lut rebind (material held a stale LUT texture object)
[hex_renderer] dyn_lut rebind (material held a stale LUT texture object)
[hex_renderer] dyn_lut rebind (material held a stale LUT texture object)
[hex_renderer] dyn_lut rebind (material held a stale LUT texture object)
[hex_renderer] dyn_lut rebind (material held a stale LUT texture object)
[hex_renderer] dyn_lut rebind (material held a stale LUT texture object)
[hex_renderer] dyn_lut rebind (material held a stale LUT texture object)
[hex_renderer] dyn_lut rebind (material held a stale LUT texture object)
[hex_renderer] dyn_lut rebind (material held a stale LUT texture object)
[hex_renderer] dyn_lut rebind (material held a stale LUT texture object)
[hex_renderer] dyn_lut rebind (material held a stale LUT texture object)
[hex_renderer] dyn_lut rebind (material held a stale LUT texture object)
[hex_renderer] dyn_lut rebind (material held a stale LUT texture object)
[hex_renderer] dyn_lut rebind (material held a stale LUT texture object)
[hex_renderer] dyn_lut rebind (material held a stale LUT texture object)
[hex_renderer] dyn_lut rebind (material held a stale LUT texture object)
[hex_renderer] dyn_lut rebind (material held a stale LUT texture object)
[hex_renderer] dyn_lut rebind (material held a stale LUT texture object)
[hex_renderer] dyn_lut rebind (material held a stale LUT texture object)
[hex_renderer] dyn_lut rebind (material held a stale LUT texture object)
[hex_renderer] dyn_lut rebind (material held a stale LUT texture object)
[hex_renderer] dyn_lut rebind (material held a stale LUT texture object)
[hex_renderer] dyn_lut rebind (material held a stale LUT texture object)
[hex_renderer] dyn_lut rebind (material held a stale LUT texture object)
[hex_renderer] dyn_lut rebind (material held a stale LUT texture object)
[hex_renderer] dyn_lut rebind (material held a stale LUT texture object)
[hex_renderer] dyn_lut rebind (material held a stale LUT texture object)
[hex_renderer] dyn_lut rebind (material held a stale LUT texture object)
[hex_renderer] dyn_lut rebind (material held a stale LUT texture object)
[hex_renderer] dyn_lut rebind (material held a stale LUT texture object)
[hex_renderer] dyn_lut rebind (material held a stale LUT texture object)
[hex_renderer] dyn_lut rebind (material held a stale LUT texture object)
[clock/step] delta=8.3ms speed=50x target=0.42d cap=1.92d/f cost=4.17ms ran=0 pulse=0.00ms loop=0.00ms full=0.31ms carry=0.99 barrier=
[hex_renderer] dyn_lut rebind (material held a stale LUT texture object)
[hex_renderer] dyn_lut rebind (material held a stale LUT texture object)
[hex_renderer] dyn_lut rebind (material held a stale LUT texture object)
[hex_renderer] dyn_lut rebind (material held a stale LUT texture object)
[hex_renderer] dyn_lut rebind (material held a stale LUT texture object)
[hex_renderer] dyn_lut rebind (material held a stale LUT texture object)
[hex_renderer] dyn_lut rebind (material held a stale LUT texture object)
[hex_renderer] dyn_lut rebind (material held a stale LUT texture object)
[hex_renderer] dyn_lut rebind (material held a stale LUT texture object)
[hex_renderer] dyn_lut rebind (material held a stale LUT texture object)
[hex_renderer] dyn_lut rebind (material held a stale LUT texture object)
[hex_renderer] dyn_lut rebind (material held a stale LUT texture object)
[hex_renderer] dyn_lut rebind (material held a stale LUT texture object)
[hex_renderer] dyn_lut rebind (material held a stale LUT texture object)
[hex_renderer] dyn_lut rebind (material held a stale LUT texture object)
[hex_renderer] dyn_lut rebind (material held a stale LUT texture object)
[hex_renderer] dyn_lut rebind (material held a stale LUT texture object)
[hex_renderer] dyn_lut rebind (material held a stale LUT texture object)
[hex_renderer] dyn_lut rebind (material held a stale LUT texture object)
[hex_renderer] dyn_lut rebind (material held a stale LUT texture object)
[hex_renderer] dyn_lut rebind (material held a stale LUT texture object)
[hex_renderer] dyn_lut rebind (material held a stale LUT texture object)
[hex_renderer] dyn_lut rebind (material held a stale LUT texture object)
[hex_renderer] dyn_lut rebind (material held a stale LUT texture object)
[hex_renderer] dyn_lut rebind (material held a stale LUT texture object)
[hex_renderer] dyn_lut rebind (material held a stale LUT texture object)
[hex_renderer] dyn_lut rebind (material held a stale LUT texture object)
[hex_renderer] dyn_lut rebind (material held a stale LUT texture object)
[hex_renderer] dyn_lut rebind (material held a stale LUT texture object)
[hex_renderer] dyn_lut rebind (material held a stale LUT texture object)
[hex_renderer] dyn_lut rebind (material held a stale LUT texture object)
[hex_renderer] dyn_lut rebind (material held a stale LUT texture object)
[hex_renderer] dyn_lut rebind (material held a stale LUT texture object)
[hex_renderer] dyn_lut rebind (material held a stale LUT texture object)
[hex_renderer] dyn_lut rebind (material held a stale LUT texture object)
[hex_renderer] dyn_lut rebind (material held a stale LUT texture object)
[hex_renderer] dyn_lut rebind (material held a stale LUT texture object)
[hex_renderer] dyn_lut rebind (material held a stale LUT texture object)
[hex_renderer] dyn_lut rebind (material held a stale LUT texture object)
[hex_renderer] dyn_lut rebind (material held a stale LUT texture object)
[hex_renderer] dyn_lut rebind (material held a stale LUT texture object)
[hex_renderer] dyn_lut rebind (material held a stale LUT texture object)
[hex_renderer] dyn_lut rebind (material held a stale LUT texture object)
[hex_renderer] dyn_lut rebind (material held a stale LUT texture object)
[clock/step] delta=9.1ms speed=50x target=0.45d cap=1.67d/f cost=4.79ms ran=0 pulse=0.00ms loop=0.00ms full=0.64ms carry=0.77 barrier=
[hex_renderer] dyn_lut rebind (material held a stale LUT texture object)
[hex_renderer] dyn_lut rebind (material held a stale LUT texture object)
[hex_renderer] dyn_lut rebind (material held a stale LUT texture object)
[hex_renderer] dyn_lut rebind (material held a stale LUT texture object)
[hex_renderer] dyn_lut rebind (material held a stale LUT texture object)
[hex_renderer] dyn_lut rebind (material held a stale LUT texture object)
[hex_renderer] dyn_lut rebind (material held a stale LUT texture object)
[hex_renderer] dyn_lut rebind (material held a stale LUT texture object)
[hex_renderer] dyn_lut rebind (material held a stale LUT texture object)
[hex_renderer] dyn_lut rebind (material held a stale LUT texture object)
[hex_renderer] dyn_lut rebind (material held a stale LUT texture object)
[hex_renderer] dyn_lut rebind (material held a stale LUT texture object)
[hex_renderer] dyn_lut rebind (material held a stale LUT texture object)
[hex_renderer] dyn_lut rebind (material held a stale LUT texture object)
[weather-layer][lut] #20 update_usec=41610380 last_usec=41610380 lerp=0.000 prev_tex=true curr_tex=true dims=(2048, 2) visible=true
[hex_renderer] dyn_lut rebind (material held a stale LUT texture object)
[hex_renderer] dyn_lut rebind (material held a stale LUT texture object)
[hex_renderer] dyn_lut rebind (material held a stale LUT texture object)
[hex_renderer] dyn_lut rebind (material held a stale LUT texture object)
[hex_renderer] dyn_lut rebind (material held a stale LUT texture object)
[hex_renderer] dyn_lut rebind (material held a stale LUT texture object)
[hex_renderer] dyn_lut rebind (material held a stale LUT texture object)
[hex_renderer] dyn_lut rebind (material held a stale LUT texture object)
[hex_renderer] dyn_lut rebind (material held a stale LUT texture object)
[hex_renderer] dyn_lut rebind (material held a stale LUT texture object)
[hex_renderer] dyn_lut rebind (material held a stale LUT texture object)
[hex_renderer] dyn_lut rebind (material held a stale LUT texture object)
[hex_renderer] dyn_lut rebind (material held a stale LUT texture object)
[hex_renderer] dyn_lut rebind (material held a stale LUT texture object)
[hex_renderer] dyn_lut rebind (material held a stale LUT texture object)
[hex_renderer] dyn_lut rebind (material held a stale LUT texture object)
[hex_renderer] dyn_lut rebind (material held a stale LUT texture object)
[hex_renderer] dyn_lut rebind (material held a stale LUT texture object)
[hex_renderer] dyn_lut rebind (material held a stale LUT texture object)
[hex_renderer] dyn_lut rebind (material held a stale LUT texture object)
[hex_renderer] dyn_lut rebind (material held a stale LUT texture object)
[hex_renderer] dyn_lut rebind (material held a stale LUT texture object)
[hex_renderer] dyn_lut rebind (material held a stale LUT texture object)
[hex_renderer] dyn_lut rebind (material held a stale LUT texture object)
[hex_renderer] dyn_lut rebind (material held a stale LUT texture object)
[hex_renderer] dyn_lut rebind (material held a stale LUT texture object)
[hex_renderer] dyn_lut rebind (material held a stale LUT texture object)
[hex_renderer] dyn_lut rebind (material held a stale LUT texture object)
[hex_renderer] dyn_lut rebind (material held a stale LUT texture object)
[hex_renderer] dyn_lut rebind (material held a stale LUT texture object)
[hex_renderer] dyn_lut rebind (material held a stale LUT texture object)
[hex_renderer] dyn_lut rebind (material held a stale LUT texture object)
[hex_renderer] dyn_lut rebind (material held a stale LUT texture object)
[hex_renderer] dyn_lut rebind (material held a stale LUT texture object)
[hex_renderer] dyn_lut rebind (material held a stale LUT texture object)
[hex_renderer] dyn_lut rebind (material held a stale LUT texture object)
[hex_renderer] dyn_lut rebind (material held a stale LUT texture object)
[hex_renderer] dyn_lut rebind (material held a stale LUT texture object)
[hex_renderer] dyn_lut rebind (material held a stale LUT texture object)
[hex_renderer] dyn_lut rebind (material held a stale LUT texture object)
[clock/step] delta=9.1ms speed=50x target=0.45d cap=1.85d/f cost=4.33ms ran=1 pulse=0.00ms loop=4.30ms full=4.56ms carry=0.18 barrier=
[hex_renderer] dyn_lut rebind (material held a stale LUT texture object)
[hex_renderer] dyn_lut rebind (material held a stale LUT texture object)
[hex_renderer] dyn_lut rebind (material held a stale LUT texture object)
[hex_renderer] dyn_lut rebind (material held a stale LUT texture object)
[hex_renderer] dyn_lut rebind (material held a stale LUT texture object)
[hex_renderer] dyn_lut rebind (material held a stale LUT texture object)
[hex_renderer] dyn_lut rebind (material held a stale LUT texture object)
[hex_renderer] dyn_lut rebind (material held a stale LUT texture object)
[hex_renderer] dyn_lut rebind (material held a stale LUT texture object)
[hex_renderer] dyn_lut rebind (material held a stale LUT texture object)
[hex_renderer] dyn_lut rebind (material held a stale LUT texture object)
[hex_renderer] dyn_lut rebind (material held a stale LUT texture object)
[hex_renderer] dyn_lut rebind (material held a stale LUT texture object)
[hex_renderer] dyn_lut rebind (material held a stale LUT texture object)
[hex_renderer] dyn_lut rebind (material held a stale LUT texture object)
[hex_renderer] dyn_lut rebind (material held a stale LUT texture object)
[hex_renderer] dyn_lut rebind (material held a stale LUT texture object)
[hex_renderer] dyn_lut rebind (material held a stale LUT texture object)
[hex_renderer] dyn_lut rebind (material held a stale LUT texture object)
[hex_renderer] dyn_lut rebind (material held a stale LUT texture object)
[hex_renderer] dyn_lut rebind (material held a stale LUT texture object)
[hex_renderer] dyn_lut rebind (material held a stale LUT texture object)
[hex_renderer] dyn_lut rebind (material held a stale LUT texture object)
[hex_renderer] dyn_lut rebind (material held a stale LUT texture object)
[hex_renderer] dyn_lut rebind (material held a stale LUT texture object)
[hex_renderer] dyn_lut rebind (material held a stale LUT texture object)
[hex_renderer] dyn_lut rebind (material held a stale LUT texture object)
[hex_renderer] dyn_lut rebind (material held a stale LUT texture object)
[hex_renderer] dyn_lut rebind (material held a stale LUT texture object)
[hex_renderer] dyn_lut rebind (material held a stale LUT texture object)
[hex_renderer] dyn_lut rebind (material held a stale LUT texture object)
[hex_renderer] dyn_lut rebind (material held a stale LUT texture object)
[hex_renderer] dyn_lut rebind (material held a stale LUT texture object)
[hex_renderer] dyn_lut rebind (material held a stale LUT texture object)
[hex_renderer] dyn_lut rebind (material held a stale LUT texture object)
[hex_renderer] dyn_lut rebind (material held a stale LUT texture object)
[hex_renderer] dyn_lut rebind (material held a stale LUT texture object)
[hex_renderer] dyn_lut rebind (material held a stale LUT texture object)
[hex_renderer] dyn_lut rebind (material held a stale LUT texture object)
[hex_renderer] dyn_lut rebind (material held a stale LUT texture object)
[hex_renderer] dyn_lut rebind (material held a stale LUT texture object)
[hex_renderer] dyn_lut rebind (material held a stale LUT texture object)
[hex_renderer] dyn_lut rebind (material held a stale LUT texture object)
[hex_renderer] dyn_lut rebind (material held a stale LUT texture object)
[hex_renderer] dyn_lut rebind (material held a stale LUT texture object)
[hex_renderer] dyn_lut rebind (material held a stale LUT texture object)
[hex_renderer] dyn_lut rebind (material held a stale LUT texture object)
[hex_renderer] dyn_lut rebind (material held a stale LUT texture object)
[hex_renderer] dyn_lut rebind (material held a stale LUT texture object)
[hex_renderer] dyn_lut rebind (material held a stale LUT texture object)
[hex_renderer] dyn_lut rebind (material held a stale LUT texture object)
[hex_renderer] dyn_lut rebind (material held a stale LUT texture object)
[hex_renderer] dyn_lut rebind (material held a stale LUT texture object)
[hex_renderer] dyn_lut rebind (material held a stale LUT texture object)
[hex_renderer] dyn_lut rebind (material held a stale LUT texture object)
[hex_renderer] dyn_lut rebind (material held a stale LUT texture object)
[hex_renderer] dyn_lut rebind (material held a stale LUT texture object)
[weather-layer][lut] #21 update_usec=43611720 last_usec=43611720 lerp=0.000 prev_tex=true curr_tex=true dims=(2048, 2) visible=true
[hex_renderer] dyn_lut rebind (material held a stale LUT texture object)
[hex_renderer] dyn_lut rebind (material held a stale LUT texture object)
[hex_renderer] dyn_lut rebind (material held a stale LUT texture object)
[hex_renderer] dyn_lut rebind (material held a stale LUT texture object)
[hex_renderer] dyn_lut rebind (material held a stale LUT texture object)
[hex_renderer] dyn_lut rebind (material held a stale LUT texture object)
[hex_renderer] dyn_lut rebind (material held a stale LUT texture object)
[hex_renderer] dyn_lut rebind (material held a stale LUT texture object)
[hex_renderer] dyn_lut rebind (material held a stale LUT texture object)
[hex_renderer] dyn_lut rebind (material held a stale LUT texture object)
[hex_renderer] dyn_lut rebind (material held a stale LUT texture object)
[clock/step] delta=6.1ms speed=50x target=0.30d cap=1.70d/f cost=4.70ms ran=0 pulse=0.00ms loop=0.00ms full=0.20ms carry=0.85 barrier=
[hex_renderer] dyn_lut rebind (material held a stale LUT texture object)
[hex_renderer] dyn_lut rebind (material held a stale LUT texture object)
[hex_renderer] dyn_lut rebind (material held a stale LUT texture object)
[hex_renderer] dyn_lut rebind (material held a stale LUT texture object)
[hex_renderer] dyn_lut rebind (material held a stale LUT texture object)
[hex_renderer] dyn_lut rebind (material held a stale LUT texture object)
[hex_renderer] dyn_lut rebind (material held a stale LUT texture object)
[hex_renderer] dyn_lut rebind (material held a stale LUT texture object)
[hex_renderer] dyn_lut rebind (material held a stale LUT texture object)
[hex_renderer] dyn_lut rebind (material held a stale LUT texture object)
[hex_renderer] dyn_lut rebind (material held a stale LUT texture object)
[hex_renderer] dyn_lut rebind (material held a stale LUT texture object)
[hex_renderer] dyn_lut rebind (material held a stale LUT texture object)
[hex_renderer] dyn_lut rebind (material held a stale LUT texture object)
[hex_renderer] dyn_lut rebind (material held a stale LUT texture object)
[hex_renderer] dyn_lut rebind (material held a stale LUT texture object)
[hex_renderer] dyn_lut rebind (material held a stale LUT texture object)
[hex_renderer] dyn_lut rebind (material held a stale LUT texture object)
[hex_renderer] dyn_lut rebind (material held a stale LUT texture object)
[hex_renderer] dyn_lut rebind (material held a stale LUT texture object)
[hex_renderer] dyn_lut rebind (material held a stale LUT texture object)
[hex_renderer] dyn_lut rebind (material held a stale LUT texture object)
[hex_renderer] dyn_lut rebind (material held a stale LUT texture object)
[hex_renderer] dyn_lut rebind (material held a stale LUT texture object)
[hex_renderer] dyn_lut rebind (material held a stale LUT texture object)
[hex_renderer] dyn_lut rebind (material held a stale LUT texture object)
[hex_renderer] dyn_lut rebind (material held a stale LUT texture object)
[hex_renderer] dyn_lut rebind (material held a stale LUT texture object)
[hex_renderer] dyn_lut rebind (material held a stale LUT texture object)
[hex_renderer] dyn_lut rebind (material held a stale LUT texture object)
[hex_renderer] dyn_lut rebind (material held a stale LUT texture object)
[hex_renderer] dyn_lut rebind (material held a stale LUT texture object)
[hex_renderer] dyn_lut rebind (material held a stale LUT texture object)
[hex_renderer] dyn_lut rebind (material held a stale LUT texture object)
[hex_renderer] dyn_lut rebind (material held a stale LUT texture object)
[hex_renderer] dyn_lut rebind (material held a stale LUT texture object)
[hex_renderer] dyn_lut rebind (material held a stale LUT texture object)
[hex_renderer] dyn_lut rebind (material held a stale LUT texture object)
[hex_renderer] dyn_lut rebind (material held a stale LUT texture object)
[hex_renderer] dyn_lut rebind (material held a stale LUT texture object)
[hex_renderer] dyn_lut rebind (material held a stale LUT texture object)
[hex_renderer] dyn_lut rebind (material held a stale LUT texture object)
[hex_renderer] dyn_lut rebind (material held a stale LUT texture object)
[clock/step] delta=5.0ms speed=50x target=0.25d cap=1.69d/f cost=4.73ms ran=0 pulse=0.00ms loop=0.00ms full=0.21ms carry=0.70 barrier=
[hex_renderer] dyn_lut rebind (material held a stale LUT texture object)
[hex_renderer] dyn_lut rebind (material held a stale LUT texture object)
[hex_renderer] dyn_lut rebind (material held a stale LUT texture object)
[hex_renderer] dyn_lut rebind (material held a stale LUT texture object)
[hex_renderer] dyn_lut rebind (material held a stale LUT texture object)
[hex_renderer] dyn_lut rebind (material held a stale LUT texture object)
[hex_renderer] dyn_lut rebind (material held a stale LUT texture object)
[hex_renderer] dyn_lut rebind (material held a stale LUT texture object)
[hex_renderer] dyn_lut rebind (material held a stale LUT texture object)
[hex_renderer] dyn_lut rebind (material held a stale LUT texture object)
[hex_renderer] dyn_lut rebind (material held a stale LUT texture object)
[hex_renderer] dyn_lut rebind (material held a stale LUT texture object)
[hex_renderer] dyn_lut rebind (material held a stale LUT texture object)
[hex_renderer] dyn_lut rebind (material held a stale LUT texture object)
[hex_renderer] dyn_lut rebind (material held a stale LUT texture object)
[hex_renderer] dyn_lut rebind (material held a stale LUT texture object)
[hex_renderer] dyn_lut rebind (material held a stale LUT texture object)
[hex_renderer] dyn_lut rebind (material held a stale LUT texture object)
[hex_renderer] dyn_lut rebind (material held a stale LUT texture object)
[hex_renderer] dyn_lut rebind (material held a stale LUT texture object)
[hex_renderer] dyn_lut rebind (material held a stale LUT texture object)
[hex_renderer] dyn_lut rebind (material held a stale LUT texture object)
[hex_renderer] dyn_lut rebind (material held a stale LUT texture object)
[hex_renderer] dyn_lut rebind (material held a stale LUT texture object)
[hex_renderer] dyn_lut rebind (material held a stale LUT texture object)
[hex_renderer] dyn_lut rebind (material held a stale LUT texture object)
[hex_renderer] dyn_lut rebind (material held a stale LUT texture object)
[hex_renderer] dyn_lut rebind (material held a stale LUT texture object)
[hex_renderer] dyn_lut rebind (material held a stale LUT texture object)
[hex_renderer] dyn_lut rebind (material held a stale LUT texture object)
[hex_renderer] dyn_lut rebind (material held a stale LUT texture object)
[hex_renderer] dyn_lut rebind (material held a stale LUT texture object)
[hex_renderer] dyn_lut rebind (material held a stale LUT texture object)
[hex_renderer] dyn_lut rebind (material held a stale LUT texture object)
[hex_renderer] dyn_lut rebind (material held a stale LUT texture object)
[hex_renderer] dyn_lut rebind (material held a stale LUT texture object)
[hex_renderer] dyn_lut rebind (material held a stale LUT texture object)
[hex_renderer] dyn_lut rebind (material held a stale LUT texture object)
[hex_renderer] dyn_lut rebind (material held a stale LUT texture object)
[hex_renderer] dyn_lut rebind (material held a stale LUT texture object)
[hex_renderer] dyn_lut rebind (material held a stale LUT texture object)
[hex_renderer] dyn_lut rebind (material held a stale LUT texture object)
[hex_renderer] dyn_lut rebind (material held a stale LUT texture object)
[hex_renderer] dyn_lut rebind (material held a stale LUT texture object)
[clock/step] delta=7.6ms speed=50x target=0.38d cap=1.73d/f cost=4.63ms ran=0 pulse=0.00ms loop=0.00ms full=0.34ms carry=0.91 barrier=
[hex_renderer] dyn_lut rebind (material held a stale LUT texture object)
[weather-layer][lut] #22 update_usec=45619883 last_usec=45619883 lerp=0.000 prev_tex=true curr_tex=true dims=(2048, 2) visible=true
[hex_renderer] dyn_lut rebind (material held a stale LUT texture object)
[hex_renderer] dyn_lut rebind (material held a stale LUT texture object)
[hex_renderer] dyn_lut rebind (material held a stale LUT texture object)
[hex_renderer] dyn_lut rebind (material held a stale LUT texture object)
[hex_renderer] dyn_lut rebind (material held a stale LUT texture object)
[hex_renderer] dyn_lut rebind (material held a stale LUT texture object)
[hex_renderer] dyn_lut rebind (material held a stale LUT texture object)
[hex_renderer] dyn_lut rebind (material held a stale LUT texture object)
[hex_renderer] dyn_lut rebind (material held a stale LUT texture object)
[hex_renderer] dyn_lut rebind (material held a stale LUT texture object)
[hex_renderer] dyn_lut rebind (material held a stale LUT texture object)
[hex_renderer] dyn_lut rebind (material held a stale LUT texture object)
[hex_renderer] dyn_lut rebind (material held a stale LUT texture object)
[hex_renderer] dyn_lut rebind (material held a stale LUT texture object)
[hex_renderer] dyn_lut rebind (material held a stale LUT texture object)
[hex_renderer] dyn_lut rebind (material held a stale LUT texture object)
[hex_renderer] dyn_lut rebind (material held a stale LUT texture object)
[hex_renderer] dyn_lut rebind (material held a stale LUT texture object)
[hex_renderer] dyn_lut rebind (material held a stale LUT texture object)
[hex_renderer] dyn_lut rebind (material held a stale LUT texture object)
[hex_renderer] dyn_lut rebind (material held a stale LUT texture object)
[hex_renderer] dyn_lut rebind (material held a stale LUT texture object)
[hex_renderer] dyn_lut rebind (material held a stale LUT texture object)
[hex_renderer] dyn_lut rebind (material held a stale LUT texture object)
[hex_renderer] dyn_lut rebind (material held a stale LUT texture object)
[hex_renderer] dyn_lut rebind (material held a stale LUT texture object)
[hex_renderer] dyn_lut rebind (material held a stale LUT texture object)
[hex_renderer] dyn_lut rebind (material held a stale LUT texture object)
[hex_renderer] dyn_lut rebind (material held a stale LUT texture object)
[hex_renderer] dyn_lut rebind (material held a stale LUT texture object)
[hex_renderer] dyn_lut rebind (material held a stale LUT texture object)
[hex_renderer] dyn_lut rebind (material held a stale LUT texture object)
[hex_renderer] dyn_lut rebind (material held a stale LUT texture object)
[hex_renderer] dyn_lut rebind (material held a stale LUT texture object)
[hex_renderer] dyn_lut rebind (material held a stale LUT texture object)
[clock/step] delta=6.1ms speed=50x target=0.30d cap=1.76d/f cost=4.55ms ran=0 pulse=0.00ms loop=0.00ms full=0.36ms carry=0.71 barrier=
[hex_renderer] dyn_lut rebind (material held a stale LUT texture object)
[hex_renderer] dyn_lut rebind (material held a stale LUT texture object)
[hex_renderer] dyn_lut rebind (material held a stale LUT texture object)
[hex_renderer] dyn_lut rebind (material held a stale LUT texture object)
[hex_renderer] dyn_lut rebind (material held a stale LUT texture object)
[hex_renderer] dyn_lut rebind (material held a stale LUT texture object)
[hex_renderer] dyn_lut rebind (material held a stale LUT texture object)
[hex_renderer] dyn_lut rebind (material held a stale LUT texture object)
[hex_renderer] dyn_lut rebind (material held a stale LUT texture object)
[hex_renderer] dyn_lut rebind (material held a stale LUT texture object)
[hex_renderer] dyn_lut rebind (material held a stale LUT texture object)
[hex_renderer] dyn_lut rebind (material held a stale LUT texture object)
[hex_renderer] dyn_lut rebind (material held a stale LUT texture object)
[hex_renderer] dyn_lut rebind (material held a stale LUT texture object)
[hex_renderer] dyn_lut rebind (material held a stale LUT texture object)
[hex_renderer] dyn_lut rebind (material held a stale LUT texture object)
[hex_renderer] dyn_lut rebind (material held a stale LUT texture object)
[hex_renderer] dyn_lut rebind (material held a stale LUT texture object)
[hex_renderer] dyn_lut rebind (material held a stale LUT texture object)
[hex_renderer] dyn_lut rebind (material held a stale LUT texture object)
[hex_renderer] dyn_lut rebind (material held a stale LUT texture object)
[hex_renderer] dyn_lut rebind (material held a stale LUT texture object)
[hex_renderer] dyn_lut rebind (material held a stale LUT texture object)
[hex_renderer] dyn_lut rebind (material held a stale LUT texture object)
[hex_renderer] dyn_lut rebind (material held a stale LUT texture object)
[hex_renderer] dyn_lut rebind (material held a stale LUT texture object)
[hex_renderer] dyn_lut rebind (material held a stale LUT texture object)
[hex_renderer] dyn_lut rebind (material held a stale LUT texture object)
[hex_renderer] dyn_lut rebind (material held a stale LUT texture object)
[hex_renderer] dyn_lut rebind (material held a stale LUT texture object)
[hex_renderer] dyn_lut rebind (material held a stale LUT texture object)
[hex_renderer] dyn_lut rebind (material held a stale LUT texture object)
[hex_renderer] dyn_lut rebind (material held a stale LUT texture object)
[hex_renderer] dyn_lut rebind (material held a stale LUT texture object)
[hex_renderer] dyn_lut rebind (material held a stale LUT texture object)
[hex_renderer] dyn_lut rebind (material held a stale LUT texture object)
[hex_renderer] dyn_lut rebind (material held a stale LUT texture object)
[hex_renderer] dyn_lut rebind (material held a stale LUT texture object)
[hex_renderer] dyn_lut rebind (material held a stale LUT texture object)
[hex_renderer] dyn_lut rebind (material held a stale LUT texture object)
[hex_renderer] dyn_lut rebind (material held a stale LUT texture object)
[hex_renderer] dyn_lut rebind (material held a stale LUT texture object)
[hex_renderer] dyn_lut rebind (material held a stale LUT texture object)
[hex_renderer] dyn_lut rebind (material held a stale LUT texture object)
[hex_renderer] dyn_lut rebind (material held a stale LUT texture object)
[hex_renderer] dyn_lut rebind (material held a stale LUT texture object)
[hex_renderer] dyn_lut rebind (material held a stale LUT texture object)
[hex_renderer] dyn_lut rebind (material held a stale LUT texture object)
[hex_renderer] dyn_lut rebind (material held a stale LUT texture object)
[hex_renderer] dyn_lut rebind (material held a stale LUT texture object)
[hex_renderer] dyn_lut rebind (material held a stale LUT texture object)
[hex_renderer] dyn_lut rebind (material held a stale LUT texture object)
[hex_renderer] dyn_lut rebind (material held a stale LUT texture object)
[hex_renderer] dyn_lut rebind (material held a stale LUT texture object)
[hex_renderer] dyn_lut rebind (material held a stale LUT texture object)
[hex_renderer] dyn_lut rebind (material held a stale LUT texture object)
[hex_renderer] dyn_lut rebind (material held a stale LUT texture object)
[hex_renderer] dyn_lut rebind (material held a stale LUT texture object)
[hex_renderer] dyn_lut rebind (material held a stale LUT texture object)
[hex_renderer] dyn_lut rebind (material held a stale LUT texture object)
[hex_renderer] dyn_lut rebind (material held a stale LUT texture object)
[hex_renderer] dyn_lut rebind (material held a stale LUT texture object)
[hex_renderer] dyn_lut rebind (material held a stale LUT texture object)
[hex_renderer] dyn_lut rebind (material held a stale LUT texture object)
[clock/step] delta=5.9ms speed=50x target=0.29d cap=1.70d/f cost=4.61ms ran=1 pulse=0.00ms loop=4.19ms full=4.42ms carry=0.05 barrier=
[hex_renderer] dyn_lut rebind (material held a stale LUT texture object)
[weather-layer][lut] #23 update_usec=47619016 last_usec=47619016 lerp=0.421 prev_tex=true curr_tex=true dims=(2048, 2) visible=true
[hex_renderer] dyn_lut rebind (material held a stale LUT texture object)
[hex_renderer] dyn_lut rebind (material held a stale LUT texture object)
[hex_renderer] dyn_lut rebind (material held a stale LUT texture object)
[hex_renderer] dyn_lut rebind (material held a stale LUT texture object)
[hex_renderer] dyn_lut rebind (material held a stale LUT texture object)
[hex_renderer] dyn_lut rebind (material held a stale LUT texture object)
[hex_renderer] dyn_lut rebind (material held a stale LUT texture object)
[hex_renderer] dyn_lut rebind (material held a stale LUT texture object)
[hex_renderer] dyn_lut rebind (material held a stale LUT texture object)
[hex_renderer] dyn_lut rebind (material held a stale LUT texture object)
[hex_renderer] dyn_lut rebind (material held a stale LUT texture object)
[hex_renderer] dyn_lut rebind (material held a stale LUT texture object)
[hex_renderer] dyn_lut rebind (material held a stale LUT texture object)
[hex_renderer] dyn_lut rebind (material held a stale LUT texture object)
[hex_renderer] dyn_lut rebind (material held a stale LUT texture object)
[hex_renderer] dyn_lut rebind (material held a stale LUT texture object)
[hex_renderer] dyn_lut rebind (material held a stale LUT texture object)
[hex_renderer] dyn_lut rebind (material held a stale LUT texture object)
[hex_renderer] dyn_lut rebind (material held a stale LUT texture object)
[hex_renderer] dyn_lut rebind (material held a stale LUT texture object)
[hex_renderer] dyn_lut rebind (material held a stale LUT texture object)
[hex_renderer] dyn_lut rebind (material held a stale LUT texture object)
[hex_renderer] dyn_lut rebind (material held a stale LUT texture object)
[hex_renderer] dyn_lut rebind (material held a stale LUT texture object)
[hex_renderer] dyn_lut rebind (material held a stale LUT texture object)
[hex_renderer] dyn_lut rebind (material held a stale LUT texture object)
[hex_renderer] dyn_lut rebind (material held a stale LUT texture object)
[hex_renderer] dyn_lut rebind (material held a stale LUT texture object)
[hex_renderer] dyn_lut rebind (material held a stale LUT texture object)
[hex_renderer] dyn_lut rebind (material held a stale LUT texture object)
[hex_renderer] dyn_lut rebind (material held a stale LUT texture object)
[hex_renderer] dyn_lut rebind (material held a stale LUT texture object)
[hex_renderer] dyn_lut rebind (material held a stale LUT texture object)
[hex_renderer] dyn_lut rebind (material held a stale LUT texture object)
[hex_renderer] dyn_lut rebind (material held a stale LUT texture object)
[hex_renderer] dyn_lut rebind (material held a stale LUT texture object)
[hex_renderer] dyn_lut rebind (material held a stale LUT texture object)
[hex_renderer] dyn_lut rebind (material held a stale LUT texture object)
[hex_renderer] dyn_lut rebind (material held a stale LUT texture object)
[hex_renderer] dyn_lut rebind (material held a stale LUT texture object)
[hex_renderer] dyn_lut rebind (material held a stale LUT texture object)
[hex_renderer] dyn_lut rebind (material held a stale LUT texture object)
[hex_renderer] dyn_lut rebind (material held a stale LUT texture object)
[hex_renderer] dyn_lut rebind (material held a stale LUT texture object)
[hex_renderer] dyn_lut rebind (material held a stale LUT texture object)
[hex_renderer] dyn_lut rebind (material held a stale LUT texture object)
[hex_renderer] dyn_lut rebind (material held a stale LUT texture object)
[hex_renderer] dyn_lut rebind (material held a stale LUT texture object)
[hex_renderer] dyn_lut rebind (material held a stale LUT texture object)
[hex_renderer] dyn_lut rebind (material held a stale LUT texture object)
[clock/step] delta=5.6ms speed=50x target=0.28d cap=1.94d/f cost=4.13ms ran=0 pulse=0.00ms loop=0.00ms full=0.32ms carry=0.80 barrier=
[hex_renderer] dyn_lut rebind (material held a stale LUT texture object)
[hex_renderer] dyn_lut rebind (material held a stale LUT texture object)
[hex_renderer] dyn_lut rebind (material held a stale LUT texture object)
[hex_renderer] dyn_lut rebind (material held a stale LUT texture object)
[hex_renderer] dyn_lut rebind (material held a stale LUT texture object)
[hex_renderer] dyn_lut rebind (material held a stale LUT texture object)
[hex_renderer] dyn_lut rebind (material held a stale LUT texture object)
[hex_renderer] dyn_lut rebind (material held a stale LUT texture object)
[hex_renderer] dyn_lut rebind (material held a stale LUT texture object)
[hex_renderer] dyn_lut rebind (material held a stale LUT texture object)
[hex_renderer] dyn_lut rebind (material held a stale LUT texture object)
[hex_renderer] dyn_lut rebind (material held a stale LUT texture object)
[hex_renderer] dyn_lut rebind (material held a stale LUT texture object)
[hex_renderer] dyn_lut rebind (material held a stale LUT texture object)
[hex_renderer] dyn_lut rebind (material held a stale LUT texture object)
[hex_renderer] dyn_lut rebind (material held a stale LUT texture object)
[hex_renderer] dyn_lut rebind (material held a stale LUT texture object)
[hex_renderer] dyn_lut rebind (material held a stale LUT texture object)
[hex_renderer] dyn_lut rebind (material held a stale LUT texture object)
[hex_renderer] dyn_lut rebind (material held a stale LUT texture object)
[hex_renderer] dyn_lut rebind (material held a stale LUT texture object)
[hex_renderer] dyn_lut rebind (material held a stale LUT texture object)
[hex_renderer] dyn_lut rebind (material held a stale LUT texture object)
[hex_renderer] dyn_lut rebind (material held a stale LUT texture object)
[hex_renderer] dyn_lut rebind (material held a stale LUT texture object)
[hex_renderer] dyn_lut rebind (material held a stale LUT texture object)
[hex_renderer] dyn_lut rebind (material held a stale LUT texture object)
[hex_renderer] dyn_lut rebind (material held a stale LUT texture object)
[hex_renderer] dyn_lut rebind (material held a stale LUT texture object)
[hex_renderer] dyn_lut rebind (material held a stale LUT texture object)
[hex_renderer] dyn_lut rebind (material held a stale LUT texture object)
[hex_renderer] dyn_lut rebind (material held a stale LUT texture object)
[hex_renderer] dyn_lut rebind (material held a stale LUT texture object)
[hex_renderer] dyn_lut rebind (material held a stale LUT texture object)
[hex_renderer] dyn_lut rebind (material held a stale LUT texture object)
[hex_renderer] dyn_lut rebind (material held a stale LUT texture object)
[hex_renderer] dyn_lut rebind (material held a stale LUT texture object)
[hex_renderer] dyn_lut rebind (material held a stale LUT texture object)
[hex_renderer] dyn_lut rebind (material held a stale LUT texture object)
[hex_renderer] dyn_lut rebind (material held a stale LUT texture object)
[hex_renderer] dyn_lut rebind (material held a stale LUT texture object)
[hex_renderer] dyn_lut rebind (material held a stale LUT texture object)
[hex_renderer] dyn_lut rebind (material held a stale LUT texture object)
[hex_renderer] dyn_lut rebind (material held a stale LUT texture object)
[hex_renderer] dyn_lut rebind (material held a stale LUT texture object)
[weather-layer][lut] #24 update_usec=49626676 last_usec=49626676 lerp=0.000 prev_tex=true curr_tex=true dims=(2048, 2) visible=true
[hex_renderer] dyn_lut rebind (material held a stale LUT texture object)
[hex_renderer] dyn_lut rebind (material held a stale LUT texture object)
[hex_renderer] dyn_lut rebind (material held a stale LUT texture object)
[hex_renderer] dyn_lut rebind (material held a stale LUT texture object)
[hex_renderer] dyn_lut rebind (material held a stale LUT texture object)
[hex_renderer] dyn_lut rebind (material held a stale LUT texture object)
[hex_renderer] dyn_lut rebind (material held a stale LUT texture object)
[hex_renderer] dyn_lut rebind (material held a stale LUT texture object)
[clock/step] delta=8.3ms speed=50x target=0.42d cap=1.78d/f cost=4.48ms ran=0 pulse=0.00ms loop=0.00ms full=0.36ms carry=0.65 barrier=
[hex_renderer] dyn_lut rebind (material held a stale LUT texture object)
[hex_renderer] dyn_lut rebind (material held a stale LUT texture object)
[hex_renderer] dyn_lut rebind (material held a stale LUT texture object)
[hex_renderer] dyn_lut rebind (material held a stale LUT texture object)
[hex_renderer] dyn_lut rebind (material held a stale LUT texture object)
[hex_renderer] dyn_lut rebind (material held a stale LUT texture object)
[hex_renderer] dyn_lut rebind (material held a stale LUT texture object)
[hex_renderer] dyn_lut rebind (material held a stale LUT texture object)
[hex_renderer] dyn_lut rebind (material held a stale LUT texture object)
[hex_renderer] dyn_lut rebind (material held a stale LUT texture object)
[hex_renderer] dyn_lut rebind (material held a stale LUT texture object)
[hex_renderer] dyn_lut rebind (material held a stale LUT texture object)
[hex_renderer] dyn_lut rebind (material held a stale LUT texture object)
[hex_renderer] dyn_lut rebind (material held a stale LUT texture object)
[hex_renderer] dyn_lut rebind (material held a stale LUT texture object)
[hex_renderer] dyn_lut rebind (material held a stale LUT texture object)
[hex_renderer] dyn_lut rebind (material held a stale LUT texture object)
[hex_renderer] dyn_lut rebind (material held a stale LUT texture object)
[hex_renderer] dyn_lut rebind (material held a stale LUT texture object)
[hex_renderer] dyn_lut rebind (material held a stale LUT texture object)
[hex_renderer] dyn_lut rebind (material held a stale LUT texture object)
[hex_renderer] dyn_lut rebind (material held a stale LUT texture object)
[hex_renderer] dyn_lut rebind (material held a stale LUT texture object)
[hex_renderer] dyn_lut rebind (material held a stale LUT texture object)
[hex_renderer] dyn_lut rebind (material held a stale LUT texture object)
[hex_renderer] dyn_lut rebind (material held a stale LUT texture object)
[hex_renderer] dyn_lut rebind (material held a stale LUT texture object)
[hex_renderer] dyn_lut rebind (material held a stale LUT texture object)
[hex_renderer] dyn_lut rebind (material held a stale LUT texture object)
[hex_renderer] dyn_lut rebind (material held a stale LUT texture object)
[hex_renderer] dyn_lut rebind (material held a stale LUT texture object)
[hex_renderer] dyn_lut rebind (material held a stale LUT texture object)
[hex_renderer] dyn_lut rebind (material held a stale LUT texture object)
[hex_renderer] dyn_lut rebind (material held a stale LUT texture object)
[hex_renderer] dyn_lut rebind (material held a stale LUT texture object)
[hex_renderer] dyn_lut rebind (material held a stale LUT texture object)
[hex_renderer] dyn_lut rebind (material held a stale LUT texture object)
[hex_renderer] dyn_lut rebind (material held a stale LUT texture object)
[clock/step] delta=4.8ms speed=50x target=0.24d cap=1.97d/f cost=4.06ms ran=0 pulse=0.00ms loop=0.00ms full=0.24ms carry=0.65 barrier=
[hex_renderer] dyn_lut rebind (material held a stale LUT texture object)
[hex_renderer] dyn_lut rebind (material held a stale LUT texture object)
[hex_renderer] dyn_lut rebind (material held a stale LUT texture object)
[hex_renderer] dyn_lut rebind (material held a stale LUT texture object)
[hex_renderer] dyn_lut rebind (material held a stale LUT texture object)
[hex_renderer] dyn_lut rebind (material held a stale LUT texture object)
[hex_renderer] dyn_lut rebind (material held a stale LUT texture object)
[hex_renderer] dyn_lut rebind (material held a stale LUT texture object)
[hex_renderer] dyn_lut rebind (material held a stale LUT texture object)
[hex_renderer] dyn_lut rebind (material held a stale LUT texture object)
[hex_renderer] dyn_lut rebind (material held a stale LUT texture object)
[hex_renderer] dyn_lut rebind (material held a stale LUT texture object)
[hex_renderer] dyn_lut rebind (material held a stale LUT texture object)
[hex_renderer] dyn_lut rebind (material held a stale LUT texture object)
[hex_renderer] dyn_lut rebind (material held a stale LUT texture object)
[hex_renderer] dyn_lut rebind (material held a stale LUT texture object)
[hex_renderer] dyn_lut rebind (material held a stale LUT texture object)
[hex_renderer] dyn_lut rebind (material held a stale LUT texture object)
[hex_renderer] dyn_lut rebind (material held a stale LUT texture object)
[hex_renderer] dyn_lut rebind (material held a stale LUT texture object)
[hex_renderer] dyn_lut rebind (material held a stale LUT texture object)
[hex_renderer] dyn_lut rebind (material held a stale LUT texture object)
[hex_renderer] dyn_lut rebind (material held a stale LUT texture object)
[hex_renderer] dyn_lut rebind (material held a stale LUT texture object)
[hex_renderer] dyn_lut rebind (material held a stale LUT texture object)
[hex_renderer] dyn_lut rebind (material held a stale LUT texture object)
[hex_renderer] dyn_lut rebind (material held a stale LUT texture object)
[hex_renderer] dyn_lut rebind (material held a stale LUT texture object)
[hex_renderer] dyn_lut rebind (material held a stale LUT texture object)
[hex_renderer] dyn_lut rebind (material held a stale LUT texture object)
[hex_renderer] dyn_lut rebind (material held a stale LUT texture object)
[clock/step] delta=7.4ms speed=50x target=0.37d cap=1.85d/f cost=4.33ms ran=0 pulse=0.00ms loop=0.00ms full=0.36ms carry=0.83 barrier=
[hex_renderer] dyn_lut rebind (material held a stale LUT texture object)
[hex_renderer] dyn_lut rebind (material held a stale LUT texture object)
[hex_renderer] dyn_lut rebind (material held a stale LUT texture object)
[hex_renderer] dyn_lut rebind (material held a stale LUT texture object)
[hex_renderer] dyn_lut rebind (material held a stale LUT texture object)
[hex_renderer] dyn_lut rebind (material held a stale LUT texture object)
[hex_renderer] dyn_lut rebind (material held a stale LUT texture object)
[hex_renderer] dyn_lut rebind (material held a stale LUT texture object)
[hex_renderer] dyn_lut rebind (material held a stale LUT texture object)
[hex_renderer] dyn_lut rebind (material held a stale LUT texture object)
[hex_renderer] dyn_lut rebind (material held a stale LUT texture object)
[hex_renderer] dyn_lut rebind (material held a stale LUT texture object)
[hex_renderer] dyn_lut rebind (material held a stale LUT texture object)
[hex_renderer] dyn_lut rebind (material held a stale LUT texture object)
[hex_renderer] dyn_lut rebind (material held a stale LUT texture object)
[hex_renderer] dyn_lut rebind (material held a stale LUT texture object)
[hex_renderer] dyn_lut rebind (material held a stale LUT texture object)
[hex_renderer] dyn_lut rebind (material held a stale LUT texture object)
[hex_renderer] dyn_lut rebind (material held a stale LUT texture object)
[weather-layer][lut] #25 update_usec=51630759 last_usec=51630759 lerp=0.000 prev_tex=true curr_tex=true dims=(2048, 2) visible=true
[hex_renderer] dyn_lut rebind (material held a stale LUT texture object)
[hex_renderer] dyn_lut rebind (material held a stale LUT texture object)
[hex_renderer] dyn_lut rebind (material held a stale LUT texture object)
[hex_renderer] dyn_lut rebind (material held a stale LUT texture object)
[hex_renderer] dyn_lut rebind (material held a stale LUT texture object)
[hex_renderer] dyn_lut rebind (material held a stale LUT texture object)
[hex_renderer] dyn_lut rebind (material held a stale LUT texture object)
[hex_renderer] dyn_lut rebind (material held a stale LUT texture object)
[hex_renderer] dyn_lut rebind (material held a stale LUT texture object)
[hex_renderer] dyn_lut rebind (material held a stale LUT texture object)
[hex_renderer] dyn_lut rebind (material held a stale LUT texture object)
[hex_renderer] dyn_lut rebind (material held a stale LUT texture object)
[hex_renderer] dyn_lut rebind (material held a stale LUT texture object)
[hex_renderer] dyn_lut rebind (material held a stale LUT texture object)
[hex_renderer] dyn_lut rebind (material held a stale LUT texture object)
[hex_renderer] dyn_lut rebind (material held a stale LUT texture object)
[hex_renderer] dyn_lut rebind (material held a stale LUT texture object)
[hex_renderer] dyn_lut rebind (material held a stale LUT texture object)
[hex_renderer] dyn_lut rebind (material held a stale LUT texture object)
[hex_renderer] dyn_lut rebind (material held a stale LUT texture object)
[hex_renderer] dyn_lut rebind (material held a stale LUT texture object)
[hex_renderer] dyn_lut rebind (material held a stale LUT texture object)
[hex_renderer] dyn_lut rebind (material held a stale LUT texture object)
[hex_renderer] dyn_lut rebind (material held a stale LUT texture object)
[hex_renderer] dyn_lut rebind (material held a stale LUT texture object)
[hex_renderer] dyn_lut rebind (material held a stale LUT texture object)
[hex_renderer] dyn_lut rebind (material held a stale LUT texture object)
[hex_renderer] dyn_lut rebind (material held a stale LUT texture object)
[hex_renderer] dyn_lut rebind (material held a stale LUT texture object)
[hex_renderer] dyn_lut rebind (material held a stale LUT texture object)
[hex_renderer] dyn_lut rebind (material held a stale LUT texture object)
[hex_renderer] dyn_lut rebind (material held a stale LUT texture object)
[hex_renderer] dyn_lut rebind (material held a stale LUT texture object)
[hex_renderer] dyn_lut rebind (material held a stale LUT texture object)
[clock/step] delta=7.1ms speed=50x target=0.36d cap=1.90d/f cost=4.22ms ran=0 pulse=0.00ms loop=0.00ms full=0.22ms carry=0.99 barrier=
[hex_renderer] dyn_lut rebind (material held a stale LUT texture object)
[hex_renderer] dyn_lut rebind (material held a stale LUT texture object)
[hex_renderer] dyn_lut rebind (material held a stale LUT texture object)
[hex_renderer] dyn_lut rebind (material held a stale LUT texture object)
[hex_renderer] dyn_lut rebind (material held a stale LUT texture object)
[hex_renderer] dyn_lut rebind (material held a stale LUT texture object)
[hex_renderer] dyn_lut rebind (material held a stale LUT texture object)
[hex_renderer] dyn_lut rebind (material held a stale LUT texture object)
[hex_renderer] dyn_lut rebind (material held a stale LUT texture object)
[hex_renderer] dyn_lut rebind (material held a stale LUT texture object)
[hex_renderer] dyn_lut rebind (material held a stale LUT texture object)
[hex_renderer] dyn_lut rebind (material held a stale LUT texture object)
[hex_renderer] dyn_lut rebind (material held a stale LUT texture object)
[hex_renderer] dyn_lut rebind (material held a stale LUT texture object)
[hex_renderer] dyn_lut rebind (material held a stale LUT texture object)
[hex_renderer] dyn_lut rebind (material held a stale LUT texture object)
[hex_renderer] dyn_lut rebind (material held a stale LUT texture object)
[hex_renderer] dyn_lut rebind (material held a stale LUT texture object)
[hex_renderer] dyn_lut rebind (material held a stale LUT texture object)
[hex_renderer] dyn_lut rebind (material held a stale LUT texture object)
[hex_renderer] dyn_lut rebind (material held a stale LUT texture object)
[hex_renderer] dyn_lut rebind (material held a stale LUT texture object)
[hex_renderer] dyn_lut rebind (material held a stale LUT texture object)
[hex_renderer] dyn_lut rebind (material held a stale LUT texture object)
[hex_renderer] dyn_lut rebind (material held a stale LUT texture object)
[hex_renderer] dyn_lut rebind (material held a stale LUT texture object)
[hex_renderer] dyn_lut rebind (material held a stale LUT texture object)
[hex_renderer] dyn_lut rebind (material held a stale LUT texture object)
[hex_renderer] dyn_lut rebind (material held a stale LUT texture object)
[hex_renderer] dyn_lut rebind (material held a stale LUT texture object)
[hex_renderer] dyn_lut rebind (material held a stale LUT texture object)
[clock/step] delta=4.8ms speed=50x target=0.24d cap=2.01d/f cost=3.97ms ran=0 pulse=0.00ms loop=0.00ms full=0.16ms carry=0.56 barrier=
[hex_renderer] dyn_lut rebind (material held a stale LUT texture object)
[hex_renderer] dyn_lut rebind (material held a stale LUT texture object)
[hex_renderer] dyn_lut rebind (material held a stale LUT texture object)
[hex_renderer] dyn_lut rebind (material held a stale LUT texture object)
[hex_renderer] dyn_lut rebind (material held a stale LUT texture object)
[hex_renderer] dyn_lut rebind (material held a stale LUT texture object)
[hex_renderer] dyn_lut rebind (material held a stale LUT texture object)
[hex_renderer] dyn_lut rebind (material held a stale LUT texture object)
[hex_renderer] dyn_lut rebind (material held a stale LUT texture object)
[hex_renderer] dyn_lut rebind (material held a stale LUT texture object)
[hex_renderer] dyn_lut rebind (material held a stale LUT texture object)
[hex_renderer] dyn_lut rebind (material held a stale LUT texture object)
[hex_renderer] dyn_lut rebind (material held a stale LUT texture object)
[hex_renderer] dyn_lut rebind (material held a stale LUT texture object)
[hex_renderer] dyn_lut rebind (material held a stale LUT texture object)
[hex_renderer] dyn_lut rebind (material held a stale LUT texture object)
[hex_renderer] dyn_lut rebind (material held a stale LUT texture object)
[hex_renderer] dyn_lut rebind (material held a stale LUT texture object)
[hex_renderer] dyn_lut rebind (material held a stale LUT texture object)
[hex_renderer] dyn_lut rebind (material held a stale LUT texture object)
[hex_renderer] dyn_lut rebind (material held a stale LUT texture object)
[hex_renderer] dyn_lut rebind (material held a stale LUT texture object)
[hex_renderer] dyn_lut rebind (material held a stale LUT texture object)
[hex_renderer] dyn_lut rebind (material held a stale LUT texture object)
[hex_renderer] dyn_lut rebind (material held a stale LUT texture object)
[hex_renderer] dyn_lut rebind (material held a stale LUT texture object)
[hex_renderer] dyn_lut rebind (material held a stale LUT texture object)
[hex_renderer] dyn_lut rebind (material held a stale LUT texture object)
[hex_renderer] dyn_lut rebind (material held a stale LUT texture object)
[hex_renderer] dyn_lut rebind (material held a stale LUT texture object)
[hex_renderer] dyn_lut rebind (material held a stale LUT texture object)
[hex_renderer] dyn_lut rebind (material held a stale LUT texture object)
[hex_renderer] dyn_lut rebind (material held a stale LUT texture object)
[weather-layer][lut] #26 update_usec=53636833 last_usec=53636833 lerp=0.000 prev_tex=true curr_tex=true dims=(2048, 2) visible=true
[hex_renderer] dyn_lut rebind (material held a stale LUT texture object)
[hex_renderer] dyn_lut rebind (material held a stale LUT texture object)
[hex_renderer] dyn_lut rebind (material held a stale LUT texture object)
[hex_renderer] dyn_lut rebind (material held a stale LUT texture object)
[hex_renderer] dyn_lut rebind (material held a stale LUT texture object)
[hex_renderer] dyn_lut rebind (material held a stale LUT texture object)
[hex_renderer] dyn_lut rebind (material held a stale LUT texture object)
[hex_renderer] dyn_lut rebind (material held a stale LUT texture object)
[hex_renderer] dyn_lut rebind (material held a stale LUT texture object)
[hex_renderer] dyn_lut rebind (material held a stale LUT texture object)
[hex_renderer] dyn_lut rebind (material held a stale LUT texture object)
[hex_renderer] dyn_lut rebind (material held a stale LUT texture object)
[hex_renderer] dyn_lut rebind (material held a stale LUT texture object)
[hex_renderer] dyn_lut rebind (material held a stale LUT texture object)
[clock/step] delta=11.6ms speed=50x target=0.58d cap=1.74d/f cost=4.47ms ran=1 pulse=0.00ms loop=3.99ms full=4.22ms carry=0.16 barrier=
[hex_renderer] dyn_lut rebind (material held a stale LUT texture object)
[hex_renderer] dyn_lut rebind (material held a stale LUT texture object)
[hex_renderer] dyn_lut rebind (material held a stale LUT texture object)
[hex_renderer] dyn_lut rebind (material held a stale LUT texture object)
[hex_renderer] dyn_lut rebind (material held a stale LUT texture object)
[hex_renderer] dyn_lut rebind (material held a stale LUT texture object)
[hex_renderer] dyn_lut rebind (material held a stale LUT texture object)
[hex_renderer] dyn_lut rebind (material held a stale LUT texture object)
[hex_renderer] dyn_lut rebind (material held a stale LUT texture object)
[hex_renderer] dyn_lut rebind (material held a stale LUT texture object)
[hex_renderer] dyn_lut rebind (material held a stale LUT texture object)
[hex_renderer] dyn_lut rebind (material held a stale LUT texture object)
[hex_renderer] dyn_lut rebind (material held a stale LUT texture object)
[hex_renderer] dyn_lut rebind (material held a stale LUT texture object)
[hex_renderer] dyn_lut rebind (material held a stale LUT texture object)
[hex_renderer] dyn_lut rebind (material held a stale LUT texture object)
[hex_renderer] dyn_lut rebind (material held a stale LUT texture object)
[hex_renderer] dyn_lut rebind (material held a stale LUT texture object)
[hex_renderer] dyn_lut rebind (material held a stale LUT texture object)
[hex_renderer] dyn_lut rebind (material held a stale LUT texture object)
[hex_renderer] dyn_lut rebind (material held a stale LUT texture object)
[hex_renderer] dyn_lut rebind (material held a stale LUT texture object)
[hex_renderer] dyn_lut rebind (material held a stale LUT texture object)
[hex_renderer] dyn_lut rebind (material held a stale LUT texture object)
[hex_renderer] dyn_lut rebind (material held a stale LUT texture object)
[hex_renderer] dyn_lut rebind (material held a stale LUT texture object)
[hex_renderer] dyn_lut rebind (material held a stale LUT texture object)
[hex_renderer] dyn_lut rebind (material held a stale LUT texture object)
[hex_renderer] dyn_lut rebind (material held a stale LUT texture object)
[hex_renderer] dyn_lut rebind (material held a stale LUT texture object)
[hex_renderer] dyn_lut rebind (material held a stale LUT texture object)
[hex_renderer] dyn_lut rebind (material held a stale LUT texture object)
[hex_renderer] dyn_lut rebind (material held a stale LUT texture object)
[hex_renderer] dyn_lut rebind (material held a stale LUT texture object)
[hex_renderer] dyn_lut rebind (material held a stale LUT texture object)
[hex_renderer] dyn_lut rebind (material held a stale LUT texture object)
[hex_renderer] dyn_lut rebind (material held a stale LUT texture object)
[hex_renderer] dyn_lut rebind (material held a stale LUT texture object)
[hex_renderer] dyn_lut rebind (material held a stale LUT texture object)
[hex_renderer] dyn_lut rebind (material held a stale LUT texture object)
[hex_renderer] dyn_lut rebind (material held a stale LUT texture object)
[hex_renderer] dyn_lut rebind (material held a stale LUT texture object)
[hex_renderer] dyn_lut rebind (material held a stale LUT texture object)
[hex_renderer] dyn_lut rebind (material held a stale LUT texture object)
[hex_renderer] dyn_lut rebind (material held a stale LUT texture object)
[hex_renderer] dyn_lut rebind (material held a stale LUT texture object)
[clock/step] delta=8.3ms speed=50x target=0.42d cap=1.99d/f cost=4.13ms ran=1 pulse=0.00ms loop=4.57ms full=4.82ms carry=0.02 barrier=
[hex_renderer] dyn_lut rebind (material held a stale LUT texture object)
[hex_renderer] dyn_lut rebind (material held a stale LUT texture object)
[hex_renderer] dyn_lut rebind (material held a stale LUT texture object)
[hex_renderer] dyn_lut rebind (material held a stale LUT texture object)
[hex_renderer] dyn_lut rebind (material held a stale LUT texture object)
[hex_renderer] dyn_lut rebind (material held a stale LUT texture object)
[hex_renderer] dyn_lut rebind (material held a stale LUT texture object)
[hex_renderer] dyn_lut rebind (material held a stale LUT texture object)
[hex_renderer] dyn_lut rebind (material held a stale LUT texture object)
[hex_renderer] dyn_lut rebind (material held a stale LUT texture object)
[hex_renderer] dyn_lut rebind (material held a stale LUT texture object)
[hex_renderer] dyn_lut rebind (material held a stale LUT texture object)
[hex_renderer] dyn_lut rebind (material held a stale LUT texture object)
[hex_renderer] dyn_lut rebind (material held a stale LUT texture object)
[hex_renderer] dyn_lut rebind (material held a stale LUT texture object)
[hex_renderer] dyn_lut rebind (material held a stale LUT texture object)
[hex_renderer] dyn_lut rebind (material held a stale LUT texture object)
[hex_renderer] dyn_lut rebind (material held a stale LUT texture object)
[hex_renderer] dyn_lut rebind (material held a stale LUT texture object)
[hex_renderer] dyn_lut rebind (material held a stale LUT texture object)
[hex_renderer] dyn_lut rebind (material held a stale LUT texture object)
[hex_renderer] dyn_lut rebind (material held a stale LUT texture object)
[hex_renderer] dyn_lut rebind (material held a stale LUT texture object)
[hex_renderer] dyn_lut rebind (material held a stale LUT texture object)
[hex_renderer] dyn_lut rebind (material held a stale LUT texture object)
[hex_renderer] dyn_lut rebind (material held a stale LUT texture object)
[hex_renderer] dyn_lut rebind (material held a stale LUT texture object)
[hex_renderer] dyn_lut rebind (material held a stale LUT texture object)
[hex_renderer] dyn_lut rebind (material held a stale LUT texture object)
[hex_renderer] dyn_lut rebind (material held a stale LUT texture object)
[hex_renderer] dyn_lut rebind (material held a stale LUT texture object)
[hex_renderer] dyn_lut rebind (material held a stale LUT texture object)
[hex_renderer] dyn_lut rebind (material held a stale LUT texture object)
[hex_renderer] dyn_lut rebind (material held a stale LUT texture object)
[hex_renderer] dyn_lut rebind (material held a stale LUT texture object)
[hex_renderer] dyn_lut rebind (material held a stale LUT texture object)
[weather-layer][lut] #27 update_usec=55650772 last_usec=55650772 lerp=0.000 prev_tex=true curr_tex=true dims=(2048, 2) visible=true
[hex_renderer] dyn_lut rebind (material held a stale LUT texture object)
[hex_renderer] dyn_lut rebind (material held a stale LUT texture object)
[hex_renderer] dyn_lut rebind (material held a stale LUT texture object)
[hex_renderer] dyn_lut rebind (material held a stale LUT texture object)
[hex_renderer] dyn_lut rebind (material held a stale LUT texture object)
[hex_renderer] dyn_lut rebind (material held a stale LUT texture object)
[hex_renderer] dyn_lut rebind (material held a stale LUT texture object)
[hex_renderer] dyn_lut rebind (material held a stale LUT texture object)
[clock/step] delta=10.0ms speed=50x target=0.50d cap=1.82d/f cost=4.30ms ran=1 pulse=0.00ms loop=3.96ms full=4.23ms carry=0.08 barrier=
[hex_renderer] dyn_lut rebind (material held a stale LUT texture object)
[hex_renderer] dyn_lut rebind (material held a stale LUT texture object)
[hex_renderer] dyn_lut rebind (material held a stale LUT texture object)
[hex_renderer] dyn_lut rebind (material held a stale LUT texture object)
[hex_renderer] dyn_lut rebind (material held a stale LUT texture object)
[hex_renderer] dyn_lut rebind (material held a stale LUT texture object)
[hex_renderer] dyn_lut rebind (material held a stale LUT texture object)
[hex_renderer] dyn_lut rebind (material held a stale LUT texture object)
[hex_renderer] dyn_lut rebind (material held a stale LUT texture object)
[hex_renderer] dyn_lut rebind (material held a stale LUT texture object)
[hex_renderer] dyn_lut rebind (material held a stale LUT texture object)
[hex_renderer] dyn_lut rebind (material held a stale LUT texture object)
[hex_renderer] dyn_lut rebind (material held a stale LUT texture object)
[hex_renderer] dyn_lut rebind (material held a stale LUT texture object)
[hex_renderer] dyn_lut rebind (material held a stale LUT texture object)
[hex_renderer] dyn_lut rebind (material held a stale LUT texture object)
[hex_renderer] dyn_lut rebind (material held a stale LUT texture object)
[hex_renderer] dyn_lut rebind (material held a stale LUT texture object)
[hex_renderer] dyn_lut rebind (material held a stale LUT texture object)
[hex_renderer] dyn_lut rebind (material held a stale LUT texture object)
[hex_renderer] dyn_lut rebind (material held a stale LUT texture object)
[hex_renderer] dyn_lut rebind (material held a stale LUT texture object)
[hex_renderer] dyn_lut rebind (material held a stale LUT texture object)
[hex_renderer] dyn_lut rebind (material held a stale LUT texture object)
[hex_renderer] dyn_lut rebind (material held a stale LUT texture object)
[hex_renderer] dyn_lut rebind (material held a stale LUT texture object)
[hex_renderer] dyn_lut rebind (material held a stale LUT texture object)
[hex_renderer] dyn_lut rebind (material held a stale LUT texture object)
[hex_renderer] dyn_lut rebind (material held a stale LUT texture object)
[hex_renderer] dyn_lut rebind (material held a stale LUT texture object)
[hex_renderer] dyn_lut rebind (material held a stale LUT texture object)
[hex_renderer] dyn_lut rebind (material held a stale LUT texture object)
[hex_renderer] dyn_lut rebind (material held a stale LUT texture object)
[hex_renderer] dyn_lut rebind (material held a stale LUT texture object)
[hex_renderer] dyn_lut rebind (material held a stale LUT texture object)
[hex_renderer] dyn_lut rebind (material held a stale LUT texture object)
[hex_renderer] dyn_lut rebind (material held a stale LUT texture object)
[hex_renderer] dyn_lut rebind (material held a stale LUT texture object)
[hex_renderer] dyn_lut rebind (material held a stale LUT texture object)
[hex_renderer] dyn_lut rebind (material held a stale LUT texture object)
[hex_renderer] dyn_lut rebind (material held a stale LUT texture object)
[hex_renderer] dyn_lut rebind (material held a stale LUT texture object)
[clock/step] delta=5.6ms speed=50x target=0.28d cap=2.00d/f cost=4.00ms ran=0 pulse=0.00ms loop=0.00ms full=0.20ms carry=0.46 barrier=
[hex_renderer] dyn_lut rebind (material held a stale LUT texture object)
[hex_renderer] dyn_lut rebind (material held a stale LUT texture object)
[hex_renderer] dyn_lut rebind (material held a stale LUT texture object)
[hex_renderer] dyn_lut rebind (material held a stale LUT texture object)
[hex_renderer] dyn_lut rebind (material held a stale LUT texture object)
[hex_renderer] dyn_lut rebind (material held a stale LUT texture object)
[hex_renderer] dyn_lut rebind (material held a stale LUT texture object)
[hex_renderer] dyn_lut rebind (material held a stale LUT texture object)
[hex_renderer] dyn_lut rebind (material held a stale LUT texture object)
[hex_renderer] dyn_lut rebind (material held a stale LUT texture object)
[hex_renderer] dyn_lut rebind (material held a stale LUT texture object)
[hex_renderer] dyn_lut rebind (material held a stale LUT texture object)
[hex_renderer] dyn_lut rebind (material held a stale LUT texture object)
[hex_renderer] dyn_lut rebind (material held a stale LUT texture object)
[hex_renderer] dyn_lut rebind (material held a stale LUT texture object)
[hex_renderer] dyn_lut rebind (material held a stale LUT texture object)
[hex_renderer] dyn_lut rebind (material held a stale LUT texture object)
[hex_renderer] dyn_lut rebind (material held a stale LUT texture object)
[hex_renderer] dyn_lut rebind (material held a stale LUT texture object)
[hex_renderer] dyn_lut rebind (material held a stale LUT texture object)
[hex_renderer] dyn_lut rebind (material held a stale LUT texture object)
[hex_renderer] dyn_lut rebind (material held a stale LUT texture object)
[hex_renderer] dyn_lut rebind (material held a stale LUT texture object)
[hex_renderer] dyn_lut rebind (material held a stale LUT texture object)
[hex_renderer] dyn_lut rebind (material held a stale LUT texture object)
[hex_renderer] dyn_lut rebind (material held a stale LUT texture object)
[hex_renderer] dyn_lut rebind (material held a stale LUT texture object)
[hex_renderer] dyn_lut rebind (material held a stale LUT texture object)
[hex_renderer] dyn_lut rebind (material held a stale LUT texture object)
[hex_renderer] dyn_lut rebind (material held a stale LUT texture object)
[hex_renderer] dyn_lut rebind (material held a stale LUT texture object)
[hex_renderer] dyn_lut rebind (material held a stale LUT texture object)
[hex_renderer] dyn_lut rebind (material held a stale LUT texture object)
[hex_renderer] dyn_lut rebind (material held a stale LUT texture object)
[clock/step] delta=8.3ms speed=50x target=0.42d cap=1.82d/f cost=4.39ms ran=0 pulse=0.00ms loop=0.00ms full=0.30ms carry=0.63 barrier=
[hex_renderer] dyn_lut rebind (material held a stale LUT texture object)
[hex_renderer] dyn_lut rebind (material held a stale LUT texture object)
[hex_renderer] dyn_lut rebind (material held a stale LUT texture object)
[hex_renderer] dyn_lut rebind (material held a stale LUT texture object)
[hex_renderer] dyn_lut rebind (material held a stale LUT texture object)
[hex_renderer] dyn_lut rebind (material held a stale LUT texture object)
[hex_renderer] dyn_lut rebind (material held a stale LUT texture object)
[hex_renderer] dyn_lut rebind (material held a stale LUT texture object)
[hex_renderer] dyn_lut rebind (material held a stale LUT texture object)
[hex_renderer] dyn_lut rebind (material held a stale LUT texture object)
[hex_renderer] dyn_lut rebind (material held a stale LUT texture object)
[hex_renderer] dyn_lut rebind (material held a stale LUT texture object)
[hex_renderer] dyn_lut rebind (material held a stale LUT texture object)
[hex_renderer] dyn_lut rebind (material held a stale LUT texture object)
[hex_renderer] dyn_lut rebind (material held a stale LUT texture object)
[weather-layer][lut] #28 update_usec=57641993 last_usec=57641993 lerp=0.645 prev_tex=true curr_tex=true dims=(2048, 2) visible=true
[hex_renderer] dyn_lut rebind (material held a stale LUT texture object)
[hex_renderer] dyn_lut rebind (material held a stale LUT texture object)
[hex_renderer] dyn_lut rebind (material held a stale LUT texture object)
[hex_renderer] dyn_lut rebind (material held a stale LUT texture object)
[hex_renderer] dyn_lut rebind (material held a stale LUT texture object)
[hex_renderer] dyn_lut rebind (material held a stale LUT texture object)
[hex_renderer] dyn_lut rebind (material held a stale LUT texture object)
[hex_renderer] dyn_lut rebind (material held a stale LUT texture object)
[hex_renderer] dyn_lut rebind (material held a stale LUT texture object)
[hex_renderer] dyn_lut rebind (material held a stale LUT texture object)
[hex_renderer] dyn_lut rebind (material held a stale LUT texture object)
[hex_renderer] dyn_lut rebind (material held a stale LUT texture object)
[hex_renderer] dyn_lut rebind (material held a stale LUT texture object)
[hex_renderer] dyn_lut rebind (material held a stale LUT texture object)
[hex_renderer] dyn_lut rebind (material held a stale LUT texture object)
[hex_renderer] dyn_lut rebind (material held a stale LUT texture object)
[hex_renderer] dyn_lut rebind (material held a stale LUT texture object)
[hex_renderer] dyn_lut rebind (material held a stale LUT texture object)
[hex_renderer] dyn_lut rebind (material held a stale LUT texture object)
[hex_renderer] dyn_lut rebind (material held a stale LUT texture object)
[hex_renderer] dyn_lut rebind (material held a stale LUT texture object)
[hex_renderer] dyn_lut rebind (material held a stale LUT texture object)
[hex_renderer] dyn_lut rebind (material held a stale LUT texture object)
[hex_renderer] dyn_lut rebind (material held a stale LUT texture object)
[hex_renderer] dyn_lut rebind (material held a stale LUT texture object)
[hex_renderer] dyn_lut rebind (material held a stale LUT texture object)
[hex_renderer] dyn_lut rebind (material held a stale LUT texture object)
[hex_renderer] dyn_lut rebind (material held a stale LUT texture object)
[hex_renderer] dyn_lut rebind (material held a stale LUT texture object)
[clock/step] delta=6.1ms speed=50x target=0.30d cap=1.61d/f cost=4.96ms ran=0 pulse=0.00ms loop=0.00ms full=0.26ms carry=0.78 barrier=
[hex_renderer] dyn_lut rebind (material held a stale LUT texture object)
[hex_renderer] dyn_lut rebind (material held a stale LUT texture object)
[hex_renderer] dyn_lut rebind (material held a stale LUT texture object)
[hex_renderer] dyn_lut rebind (material held a stale LUT texture object)
[hex_renderer] dyn_lut rebind (material held a stale LUT texture object)
[hex_renderer] dyn_lut rebind (material held a stale LUT texture object)
[hex_renderer] dyn_lut rebind (material held a stale LUT texture object)
[hex_renderer] dyn_lut rebind (material held a stale LUT texture object)
[hex_renderer] dyn_lut rebind (material held a stale LUT texture object)
[hex_renderer] dyn_lut rebind (material held a stale LUT texture object)
[hex_renderer] dyn_lut rebind (material held a stale LUT texture object)
[hex_renderer] dyn_lut rebind (material held a stale LUT texture object)
[hex_renderer] dyn_lut rebind (material held a stale LUT texture object)
[hex_renderer] dyn_lut rebind (material held a stale LUT texture object)
[hex_renderer] dyn_lut rebind (material held a stale LUT texture object)
[hex_renderer] dyn_lut rebind (material held a stale LUT texture object)
[hex_renderer] dyn_lut rebind (material held a stale LUT texture object)
[hex_renderer] dyn_lut rebind (material held a stale LUT texture object)
[hex_renderer] dyn_lut rebind (material held a stale LUT texture object)
[hex_renderer] dyn_lut rebind (material held a stale LUT texture object)
[hex_renderer] dyn_lut rebind (material held a stale LUT texture object)
[hex_renderer] dyn_lut rebind (material held a stale LUT texture object)
[hex_renderer] dyn_lut rebind (material held a stale LUT texture object)
[hex_renderer] dyn_lut rebind (material held a stale LUT texture object)
[hex_renderer] dyn_lut rebind (material held a stale LUT texture object)
[hex_renderer] dyn_lut rebind (material held a stale LUT texture object)
[hex_renderer] dyn_lut rebind (material held a stale LUT texture object)
[hex_renderer] dyn_lut rebind (material held a stale LUT texture object)
[hex_renderer] dyn_lut rebind (material held a stale LUT texture object)
[hex_renderer] dyn_lut rebind (material held a stale LUT texture object)
[hex_renderer] dyn_lut rebind (material held a stale LUT texture object)
[hex_renderer] dyn_lut rebind (material held a stale LUT texture object)
[hex_renderer] dyn_lut rebind (material held a stale LUT texture object)
[hex_renderer] dyn_lut rebind (material held a stale LUT texture object)
[hex_renderer] dyn_lut rebind (material held a stale LUT texture object)
[hex_renderer] dyn_lut rebind (material held a stale LUT texture object)
[hex_renderer] dyn_lut rebind (material held a stale LUT texture object)
[hex_renderer] dyn_lut rebind (material held a stale LUT texture object)
[hex_renderer] dyn_lut rebind (material held a stale LUT texture object)
[hex_renderer] dyn_lut rebind (material held a stale LUT texture object)
[hex_renderer] dyn_lut rebind (material held a stale LUT texture object)
[hex_renderer] dyn_lut rebind (material held a stale LUT texture object)
[clock/step] delta=7.4ms speed=50x target=0.37d cap=1.72d/f cost=4.65ms ran=0 pulse=0.00ms loop=0.00ms full=0.24ms carry=0.75 barrier=
[hex_renderer] dyn_lut rebind (material held a stale LUT texture object)
[hex_renderer] dyn_lut rebind (material held a stale LUT texture object)
[hex_renderer] dyn_lut rebind (material held a stale LUT texture object)
[hex_renderer] dyn_lut rebind (material held a stale LUT texture object)
[hex_renderer] dyn_lut rebind (material held a stale LUT texture object)
[hex_renderer] dyn_lut rebind (material held a stale LUT texture object)
[hex_renderer] dyn_lut rebind (material held a stale LUT texture object)
[hex_renderer] dyn_lut rebind (material held a stale LUT texture object)
[hex_renderer] dyn_lut rebind (material held a stale LUT texture object)
[hex_renderer] dyn_lut rebind (material held a stale LUT texture object)
[hex_renderer] dyn_lut rebind (material held a stale LUT texture object)
[hex_renderer] dyn_lut rebind (material held a stale LUT texture object)
[hex_renderer] dyn_lut rebind (material held a stale LUT texture object)
[hex_renderer] dyn_lut rebind (material held a stale LUT texture object)
[hex_renderer] dyn_lut rebind (material held a stale LUT texture object)
[hex_renderer] dyn_lut rebind (material held a stale LUT texture object)
[hex_renderer] dyn_lut rebind (material held a stale LUT texture object)
[hex_renderer] dyn_lut rebind (material held a stale LUT texture object)
[hex_renderer] dyn_lut rebind (material held a stale LUT texture object)
[hex_renderer] dyn_lut rebind (material held a stale LUT texture object)
[hex_renderer] dyn_lut rebind (material held a stale LUT texture object)
[hex_renderer] dyn_lut rebind (material held a stale LUT texture object)
[hex_renderer] dyn_lut rebind (material held a stale LUT texture object)
[hex_renderer] dyn_lut rebind (material held a stale LUT texture object)
[hex_renderer] dyn_lut rebind (material held a stale LUT texture object)
[hex_renderer] dyn_lut rebind (material held a stale LUT texture object)
[weather-layer][lut] #29 update_usec=59661019 last_usec=59661019 lerp=0.000 prev_tex=true curr_tex=true dims=(2048, 2) visible=true
[hex_renderer] dyn_lut rebind (material held a stale LUT texture object)
[hex_renderer] dyn_lut rebind (material held a stale LUT texture object)
[hex_renderer] dyn_lut rebind (material held a stale LUT texture object)
[hex_renderer] dyn_lut rebind (material held a stale LUT texture object)
[hex_renderer] dyn_lut rebind (material held a stale LUT texture object)
[hex_renderer] dyn_lut rebind (material held a stale LUT texture object)
[hex_renderer] dyn_lut rebind (material held a stale LUT texture object)
[hex_renderer] dyn_lut rebind (material held a stale LUT texture object)
[hex_renderer] dyn_lut rebind (material held a stale LUT texture object)
[clock/step] delta=5.5ms speed=50x target=0.28d cap=1.98d/f cost=4.01ms ran=1 pulse=0.00ms loop=3.93ms full=4.15ms carry=0.14 barrier=
[hex_renderer] dyn_lut rebind (material held a stale LUT texture object)
[hex_renderer] dyn_lut rebind (material held a stale LUT texture object)
[hex_renderer] dyn_lut rebind (material held a stale LUT texture object)
[hex_renderer] dyn_lut rebind (material held a stale LUT texture object)
[hex_renderer] dyn_lut rebind (material held a stale LUT texture object)
[hex_renderer] dyn_lut rebind (material held a stale LUT texture object)
[hex_renderer] dyn_lut rebind (material held a stale LUT texture object)
[hex_renderer] dyn_lut rebind (material held a stale LUT texture object)
[hex_renderer] dyn_lut rebind (material held a stale LUT texture object)
[hex_renderer] dyn_lut rebind (material held a stale LUT texture object)
[hex_renderer] dyn_lut rebind (material held a stale LUT texture object)
[hex_renderer] dyn_lut rebind (material held a stale LUT texture object)
[hex_renderer] dyn_lut rebind (material held a stale LUT texture object)
[hex_renderer] dyn_lut rebind (material held a stale LUT texture object)
[hex_renderer] dyn_lut rebind (material held a stale LUT texture object)
[hex_renderer] dyn_lut rebind (material held a stale LUT texture object)
[hex_renderer] dyn_lut rebind (material held a stale LUT texture object)
[hex_renderer] dyn_lut rebind (material held a stale LUT texture object)
[hex_renderer] dyn_lut rebind (material held a stale LUT texture object)
[hex_renderer] dyn_lut rebind (material held a stale LUT texture object)
[hex_renderer] dyn_lut rebind (material held a stale LUT texture object)
[hex_renderer] dyn_lut rebind (material held a stale LUT texture object)
[hex_renderer] dyn_lut rebind (material held a stale LUT texture object)
[hex_renderer] dyn_lut rebind (material held a stale LUT texture object)
[hex_renderer] dyn_lut rebind (material held a stale LUT texture object)
[hex_renderer] dyn_lut rebind (material held a stale LUT texture object)
[hex_renderer] dyn_lut rebind (material held a stale LUT texture object)
[hex_renderer] dyn_lut rebind (material held a stale LUT texture object)
[hex_renderer] dyn_lut rebind (material held a stale LUT texture object)
[hex_renderer] dyn_lut rebind (material held a stale LUT texture object)
[hex_renderer] dyn_lut rebind (material held a stale LUT texture object)
[hex_renderer] dyn_lut rebind (material held a stale LUT texture object)
[hex_renderer] dyn_lut rebind (material held a stale LUT texture object)
[hex_renderer] dyn_lut rebind (material held a stale LUT texture object)
[hex_renderer] dyn_lut rebind (material held a stale LUT texture object)
[hex_renderer] dyn_lut rebind (material held a stale LUT texture object)
[hex_renderer] dyn_lut rebind (material held a stale LUT texture object)
[hex_renderer] dyn_lut rebind (material held a stale LUT texture object)
[clock/step] delta=8.4ms speed=50x target=0.42d cap=1.86d/f cost=4.31ms ran=0 pulse=0.00ms loop=0.00ms full=0.30ms carry=0.68 barrier=
[hex_renderer] dyn_lut rebind (material held a stale LUT texture object)
[hex_renderer] dyn_lut rebind (material held a stale LUT texture object)
[hex_renderer] dyn_lut rebind (material held a stale LUT texture object)
[hex_renderer] dyn_lut rebind (material held a stale LUT texture object)
[hex_renderer] dyn_lut rebind (material held a stale LUT texture object)
[hex_renderer] dyn_lut rebind (material held a stale LUT texture object)
[hex_renderer] dyn_lut rebind (material held a stale LUT texture object)
[hex_renderer] dyn_lut rebind (material held a stale LUT texture object)
[hex_renderer] dyn_lut rebind (material held a stale LUT texture object)
[hex_renderer] dyn_lut rebind (material held a stale LUT texture object)
[hex_renderer] dyn_lut rebind (material held a stale LUT texture object)
[hex_renderer] dyn_lut rebind (material held a stale LUT texture object)
[hex_renderer] dyn_lut rebind (material held a stale LUT texture object)
[hex_renderer] dyn_lut rebind (material held a stale LUT texture object)
[hex_renderer] dyn_lut rebind (material held a stale LUT texture object)
[hex_renderer] dyn_lut rebind (material held a stale LUT texture object)
[hex_renderer] dyn_lut rebind (material held a stale LUT texture object)
[hex_renderer] dyn_lut rebind (material held a stale LUT texture object)
[hex_renderer] dyn_lut rebind (material held a stale LUT texture object)
[hex_renderer] dyn_lut rebind (material held a stale LUT texture object)
[hex_renderer] dyn_lut rebind (material held a stale LUT texture object)
[hex_renderer] dyn_lut rebind (material held a stale LUT texture object)
[hex_renderer] dyn_lut rebind (material held a stale LUT texture object)
[hex_renderer] dyn_lut rebind (material held a stale LUT texture object)
[hex_renderer] dyn_lut rebind (material held a stale LUT texture object)
[hex_renderer] dyn_lut rebind (material held a stale LUT texture object)
[hex_renderer] dyn_lut rebind (material held a stale LUT texture object)
[hex_renderer] dyn_lut rebind (material held a stale LUT texture object)
[hex_renderer] dyn_lut rebind (material held a stale LUT texture object)
[hex_renderer] dyn_lut rebind (material held a stale LUT texture object)
[hex_renderer] dyn_lut rebind (material held a stale LUT texture object)
[hex_renderer] dyn_lut rebind (material held a stale LUT texture object)
[hex_renderer] dyn_lut rebind (material held a stale LUT texture object)
[clock/step] delta=4.8ms speed=50x target=0.24d cap=1.92d/f cost=4.17ms ran=0 pulse=0.00ms loop=0.00ms full=0.22ms carry=0.50 barrier=
[hex_renderer] dyn_lut rebind (material held a stale LUT texture object)
[hex_renderer] dyn_lut rebind (material held a stale LUT texture object)
[hex_renderer] dyn_lut rebind (material held a stale LUT texture object)
[hex_renderer] dyn_lut rebind (material held a stale LUT texture object)
[hex_renderer] dyn_lut rebind (material held a stale LUT texture object)
[hex_renderer] dyn_lut rebind (material held a stale LUT texture object)
[hex_renderer] dyn_lut rebind (material held a stale LUT texture object)
[hex_renderer] dyn_lut rebind (material held a stale LUT texture object)
[hex_renderer] dyn_lut rebind (material held a stale LUT texture object)
[hex_renderer] dyn_lut rebind (material held a stale LUT texture object)
[hex_renderer] dyn_lut rebind (material held a stale LUT texture object)
[hex_renderer] dyn_lut rebind (material held a stale LUT texture object)
[hex_renderer] dyn_lut rebind (material held a stale LUT texture object)
[hex_renderer] dyn_lut rebind (material held a stale LUT texture object)
[hex_renderer] dyn_lut rebind (material held a stale LUT texture object)
[hex_renderer] dyn_lut rebind (material held a stale LUT texture object)
[hex_renderer] dyn_lut rebind (material held a stale LUT texture object)
[hex_renderer] dyn_lut rebind (material held a stale LUT texture object)
[hex_renderer] dyn_lut rebind (material held a stale LUT texture object)
[weather-layer][lut] #30 update_usec=61661446 last_usec=61661446 lerp=0.000 prev_tex=true curr_tex=true dims=(2048, 2) visible=true
[hex_renderer] dyn_lut rebind (material held a stale LUT texture object)
[hex_renderer] dyn_lut rebind (material held a stale LUT texture object)
[hex_renderer] dyn_lut rebind (material held a stale LUT texture object)
[hex_renderer] dyn_lut rebind (material held a stale LUT texture object)
[hex_renderer] dyn_lut rebind (material held a stale LUT texture object)
[hex_renderer] dyn_lut rebind (material held a stale LUT texture object)
[hex_renderer] dyn_lut rebind (material held a stale LUT texture object)
[clock/step] delta=4.8ms speed=50x target=0.24d cap=2.03d/f cost=3.89ms ran=1 pulse=0.00ms loop=3.69ms full=3.86ms carry=0.11 barrier=
[hex_renderer] dyn_lut rebind (material held a stale LUT texture object)
[hex_renderer] dyn_lut rebind (material held a stale LUT texture object)
[hex_renderer] dyn_lut rebind (material held a stale LUT texture object)
[hex_renderer] dyn_lut rebind (material held a stale LUT texture object)
[hex_renderer] dyn_lut rebind (material held a stale LUT texture object)
[hex_renderer] dyn_lut rebind (material held a stale LUT texture object)
[hex_renderer] dyn_lut rebind (material held a stale LUT texture object)
[hex_renderer] dyn_lut rebind (material held a stale LUT texture object)
[hex_renderer] dyn_lut rebind (material held a stale LUT texture object)
[hex_renderer] dyn_lut rebind (material held a stale LUT texture object)
[hex_renderer] dyn_lut rebind (material held a stale LUT texture object)
[hex_renderer] dyn_lut rebind (material held a stale LUT texture object)
[hex_renderer] dyn_lut rebind (material held a stale LUT texture object)
[hex_renderer] dyn_lut rebind (material held a stale LUT texture object)
[hex_renderer] dyn_lut rebind (material held a stale LUT texture object)
[hex_renderer] dyn_lut rebind (material held a stale LUT texture object)
[hex_renderer] dyn_lut rebind (material held a stale LUT texture object)
[hex_renderer] dyn_lut rebind (material held a stale LUT texture object)
[hex_renderer] dyn_lut rebind (material held a stale LUT texture object)
[hex_renderer] dyn_lut rebind (material held a stale LUT texture object)
[hex_renderer] dyn_lut rebind (material held a stale LUT texture object)
[hex_renderer] dyn_lut rebind (material held a stale LUT texture object)
[hex_renderer] dyn_lut rebind (material held a stale LUT texture object)
[hex_renderer] dyn_lut rebind (material held a stale LUT texture object)
[hex_renderer] dyn_lut rebind (material held a stale LUT texture object)
[hex_renderer] dyn_lut rebind (material held a stale LUT texture object)
[hex_renderer] dyn_lut rebind (material held a stale LUT texture object)
[hex_renderer] dyn_lut rebind (material held a stale LUT texture object)
[hex_renderer] dyn_lut rebind (material held a stale LUT texture object)
[hex_renderer] dyn_lut rebind (material held a stale LUT texture object)
[hex_renderer] dyn_lut rebind (material held a stale LUT texture object)
[hex_renderer] dyn_lut rebind (material held a stale LUT texture object)
[hex_renderer] dyn_lut rebind (material held a stale LUT texture object)
[hex_renderer] dyn_lut rebind (material held a stale LUT texture object)
[hex_renderer] dyn_lut rebind (material held a stale LUT texture object)
[hex_renderer] dyn_lut rebind (material held a stale LUT texture object)
[clock/step] delta=4.5ms speed=50x target=0.23d cap=1.89d/f cost=4.22ms ran=0 pulse=0.00ms loop=0.00ms full=0.33ms carry=0.57 barrier=
[hex_renderer] dyn_lut rebind (material held a stale LUT texture object)
[hex_renderer] dyn_lut rebind (material held a stale LUT texture object)
[hex_renderer] dyn_lut rebind (material held a stale LUT texture object)
[hex_renderer] dyn_lut rebind (material held a stale LUT texture object)
[hex_renderer] dyn_lut rebind (material held a stale LUT texture object)
[hex_renderer] dyn_lut rebind (material held a stale LUT texture object)
[hex_renderer] dyn_lut rebind (material held a stale LUT texture object)
[hex_renderer] dyn_lut rebind (material held a stale LUT texture object)
[hex_renderer] dyn_lut rebind (material held a stale LUT texture object)
[hex_renderer] dyn_lut rebind (material held a stale LUT texture object)
[hex_renderer] dyn_lut rebind (material held a stale LUT texture object)
[hex_renderer] dyn_lut rebind (material held a stale LUT texture object)
[hex_renderer] dyn_lut rebind (material held a stale LUT texture object)
[hex_renderer] dyn_lut rebind (material held a stale LUT texture object)
[hex_renderer] dyn_lut rebind (material held a stale LUT texture object)
[hex_renderer] dyn_lut rebind (material held a stale LUT texture object)
[hex_renderer] dyn_lut rebind (material held a stale LUT texture object)
[hex_renderer] dyn_lut rebind (material held a stale LUT texture object)
[hex_renderer] dyn_lut rebind (material held a stale LUT texture object)
[hex_renderer] dyn_lut rebind (material held a stale LUT texture object)
[hex_renderer] dyn_lut rebind (material held a stale LUT texture object)
[hex_renderer] dyn_lut rebind (material held a stale LUT texture object)
[hex_renderer] dyn_lut rebind (material held a stale LUT texture object)
[hex_renderer] dyn_lut rebind (material held a stale LUT texture object)
[hex_renderer] dyn_lut rebind (material held a stale LUT texture object)
[hex_renderer] dyn_lut rebind (material held a stale LUT texture object)
[hex_renderer] dyn_lut rebind (material held a stale LUT texture object)
[hex_renderer] dyn_lut rebind (material held a stale LUT texture object)
[hex_renderer] dyn_lut rebind (material held a stale LUT texture object)
[hex_renderer] dyn_lut rebind (material held a stale LUT texture object)
[hex_renderer] dyn_lut rebind (material held a stale LUT texture object)
[hex_renderer] dyn_lut rebind (material held a stale LUT texture object)
[hex_renderer] dyn_lut rebind (material held a stale LUT texture object)
[hex_renderer] dyn_lut rebind (material held a stale LUT texture object)
[hex_renderer] dyn_lut rebind (material held a stale LUT texture object)
[hex_renderer] dyn_lut rebind (material held a stale LUT texture object)
[hex_renderer] dyn_lut rebind (material held a stale LUT texture object)
[hex_renderer] dyn_lut rebind (material held a stale LUT texture object)
[hex_renderer] dyn_lut rebind (material held a stale LUT texture object)
[hex_renderer] dyn_lut rebind (material held a stale LUT texture object)
[hex_renderer] dyn_lut rebind (material held a stale LUT texture object)
[hex_renderer] dyn_lut rebind (material held a stale LUT texture object)
[hex_renderer] dyn_lut rebind (material held a stale LUT texture object)
[hex_renderer] dyn_lut rebind (material held a stale LUT texture object)
[hex_renderer] dyn_lut rebind (material held a stale LUT texture object)
[hex_renderer] dyn_lut rebind (material held a stale LUT texture object)
[hex_renderer] dyn_lut rebind (material held a stale LUT texture object)
[hex_renderer] dyn_lut rebind (material held a stale LUT texture object)
[hex_renderer] dyn_lut rebind (material held a stale LUT texture object)
[clock/step] delta=7.4ms speed=50x target=0.37d cap=1.75d/f cost=4.45ms ran=1 pulse=0.00ms loop=3.98ms full=4.21ms carry=0.12 barrier=
[hex_renderer] dyn_lut rebind (material held a stale LUT texture object)
[hex_renderer] dyn_lut rebind (material held a stale LUT texture object)
[hex_renderer] dyn_lut rebind (material held a stale LUT texture object)
[hex_renderer] dyn_lut rebind (material held a stale LUT texture object)
[hex_renderer] dyn_lut rebind (material held a stale LUT texture object)
[hex_renderer] dyn_lut rebind (material held a stale LUT texture object)
[hex_renderer] dyn_lut rebind (material held a stale LUT texture object)
[weather-layer][lut] #31 update_usec=63661087 last_usec=63661087 lerp=0.000 prev_tex=true curr_tex=true dims=(2048, 2) visible=true
[hex_renderer] dyn_lut rebind (material held a stale LUT texture object)
[hex_renderer] dyn_lut rebind (material held a stale LUT texture object)
[hex_renderer] dyn_lut rebind (material held a stale LUT texture object)
[hex_renderer] dyn_lut rebind (material held a stale LUT texture object)
[hex_renderer] dyn_lut rebind (material held a stale LUT texture object)
[hex_renderer] dyn_lut rebind (material held a stale LUT texture object)
[hex_renderer] dyn_lut rebind (material held a stale LUT texture object)
[hex_renderer] dyn_lut rebind (material held a stale LUT texture object)
[hex_renderer] dyn_lut rebind (material held a stale LUT texture object)
[hex_renderer] dyn_lut rebind (material held a stale LUT texture object)
[hex_renderer] dyn_lut rebind (material held a stale LUT texture object)
[hex_renderer] dyn_lut rebind (material held a stale LUT texture object)
[hex_renderer] dyn_lut rebind (material held a stale LUT texture object)
[hex_renderer] dyn_lut rebind (material held a stale LUT texture object)
[hex_renderer] dyn_lut rebind (material held a stale LUT texture object)
[hex_renderer] dyn_lut rebind (material held a stale LUT texture object)
[hex_renderer] dyn_lut rebind (material held a stale LUT texture object)
[hex_renderer] dyn_lut rebind (material held a stale LUT texture object)
[hex_renderer] dyn_lut rebind (material held a stale LUT texture object)
[hex_renderer] dyn_lut rebind (material held a stale LUT texture object)
[hex_renderer] dyn_lut rebind (material held a stale LUT texture object)
[hex_renderer] dyn_lut rebind (material held a stale LUT texture object)
[hex_renderer] dyn_lut rebind (material held a stale LUT texture object)
[hex_renderer] dyn_lut rebind (material held a stale LUT texture object)
[hex_renderer] dyn_lut rebind (material held a stale LUT texture object)
[hex_renderer] dyn_lut rebind (material held a stale LUT texture object)
[hex_renderer] dyn_lut rebind (material held a stale LUT texture object)
[hex_renderer] dyn_lut rebind (material held a stale LUT texture object)
[hex_renderer] dyn_lut rebind (material held a stale LUT texture object)
[hex_renderer] dyn_lut rebind (material held a stale LUT texture object)
[hex_renderer] dyn_lut rebind (material held a stale LUT texture object)
[hex_renderer] dyn_lut rebind (material held a stale LUT texture object)
[clock/step] delta=8.3ms speed=50x target=0.42d cap=1.54d/f cost=5.34ms ran=1 pulse=0.00ms loop=5.95ms full=6.34ms carry=0.20 barrier=
[hex_renderer] dyn_lut rebind (material held a stale LUT texture object)
[hex_renderer] dyn_lut rebind (material held a stale LUT texture object)
[hex_renderer] dyn_lut rebind (material held a stale LUT texture object)
[hex_renderer] dyn_lut rebind (material held a stale LUT texture object)
[hex_renderer] dyn_lut rebind (material held a stale LUT texture object)
[hex_renderer] dyn_lut rebind (material held a stale LUT texture object)
[hex_renderer] dyn_lut rebind (material held a stale LUT texture object)
[hex_renderer] dyn_lut rebind (material held a stale LUT texture object)
[hex_renderer] dyn_lut rebind (material held a stale LUT texture object)
[hex_renderer] dyn_lut rebind (material held a stale LUT texture object)
[hex_renderer] dyn_lut rebind (material held a stale LUT texture object)
[hex_renderer] dyn_lut rebind (material held a stale LUT texture object)
[hex_renderer] dyn_lut rebind (material held a stale LUT texture object)
[hex_renderer] dyn_lut rebind (material held a stale LUT texture object)
[hex_renderer] dyn_lut rebind (material held a stale LUT texture object)
[hex_renderer] dyn_lut rebind (material held a stale LUT texture object)
[hex_renderer] dyn_lut rebind (material held a stale LUT texture object)
[hex_renderer] dyn_lut rebind (material held a stale LUT texture object)
[hex_renderer] dyn_lut rebind (material held a stale LUT texture object)
[hex_renderer] dyn_lut rebind (material held a stale LUT texture object)
[hex_renderer] dyn_lut rebind (material held a stale LUT texture object)
[hex_renderer] dyn_lut rebind (material held a stale LUT texture object)
[hex_renderer] dyn_lut rebind (material held a stale LUT texture object)
[hex_renderer] dyn_lut rebind (material held a stale LUT texture object)
[hex_renderer] dyn_lut rebind (material held a stale LUT texture object)
[hex_renderer] dyn_lut rebind (material held a stale LUT texture object)
[hex_renderer] dyn_lut rebind (material held a stale LUT texture object)
[hex_renderer] dyn_lut rebind (material held a stale LUT texture object)
[hex_renderer] dyn_lut rebind (material held a stale LUT texture object)
[hex_renderer] dyn_lut rebind (material held a stale LUT texture object)
[hex_renderer] dyn_lut rebind (material held a stale LUT texture object)
[hex_renderer] dyn_lut rebind (material held a stale LUT texture object)
[hex_renderer] dyn_lut rebind (material held a stale LUT texture object)
[hex_renderer] dyn_lut rebind (material held a stale LUT texture object)
[hex_renderer] dyn_lut rebind (material held a stale LUT texture object)
[hex_renderer] dyn_lut rebind (material held a stale LUT texture object)
[hex_renderer] dyn_lut rebind (material held a stale LUT texture object)
[hex_renderer] dyn_lut rebind (material held a stale LUT texture object)
[hex_renderer] dyn_lut rebind (material held a stale LUT texture object)
[hex_renderer] dyn_lut rebind (material held a stale LUT texture object)
[hex_renderer] dyn_lut rebind (material held a stale LUT texture object)
[hex_renderer] dyn_lut rebind (material held a stale LUT texture object)
[hex_renderer] dyn_lut rebind (material held a stale LUT texture object)
[hex_renderer] dyn_lut rebind (material held a stale LUT texture object)
[hex_renderer] dyn_lut rebind (material held a stale LUT texture object)
[hex_renderer] dyn_lut rebind (material held a stale LUT texture object)
[hex_renderer] dyn_lut rebind (material held a stale LUT texture object)
[hex_renderer] dyn_lut rebind (material held a stale LUT texture object)
[hex_renderer] dyn_lut rebind (material held a stale LUT texture object)
[hex_renderer] dyn_lut rebind (material held a stale LUT texture object)
[hex_renderer] dyn_lut rebind (material held a stale LUT texture object)
[hex_renderer] dyn_lut rebind (material held a stale LUT texture object)
[hex_renderer] dyn_lut rebind (material held a stale LUT texture object)
[clock/step] delta=7.3ms speed=50x target=0.37d cap=1.33d/f cost=5.82ms ran=1 pulse=0.00ms loop=5.10ms full=5.40ms carry=0.14 barrier=
[hex_renderer] dyn_lut rebind (material held a stale LUT texture object)
[hex_renderer] dyn_lut rebind (material held a stale LUT texture object)
[hex_renderer] dyn_lut rebind (material held a stale LUT texture object)
[hex_renderer] dyn_lut rebind (material held a stale LUT texture object)
[hex_renderer] dyn_lut rebind (material held a stale LUT texture object)
[hex_renderer] dyn_lut rebind (material held a stale LUT texture object)
[hex_renderer] dyn_lut rebind (material held a stale LUT texture object)
[hex_renderer] dyn_lut rebind (material held a stale LUT texture object)
[hex_renderer] dyn_lut rebind (material held a stale LUT texture object)
[hex_renderer] dyn_lut rebind (material held a stale LUT texture object)
[hex_renderer] dyn_lut rebind (material held a stale LUT texture object)
[hex_renderer] dyn_lut rebind (material held a stale LUT texture object)
[hex_renderer] dyn_lut rebind (material held a stale LUT texture object)
[hex_renderer] dyn_lut rebind (material held a stale LUT texture object)
[weather-layer][lut] #32 update_usec=65666285 last_usec=65666285 lerp=0.000 prev_tex=true curr_tex=true dims=(2048, 2) visible=true
[hex_renderer] dyn_lut rebind (material held a stale LUT texture object)
[hex_renderer] dyn_lut rebind (material held a stale LUT texture object)
[hex_renderer] dyn_lut rebind (material held a stale LUT texture object)
[hex_renderer] dyn_lut rebind (material held a stale LUT texture object)
[hex_renderer] dyn_lut rebind (material held a stale LUT texture object)
[hex_renderer] dyn_lut rebind (material held a stale LUT texture object)
[hex_renderer] dyn_lut rebind (material held a stale LUT texture object)
[hex_renderer] dyn_lut rebind (material held a stale LUT texture object)
[hex_renderer] dyn_lut rebind (material held a stale LUT texture object)
[hex_renderer] dyn_lut rebind (material held a stale LUT texture object)
[hex_renderer] dyn_lut rebind (material held a stale LUT texture object)
[hex_renderer] dyn_lut rebind (material held a stale LUT texture object)
[hex_renderer] dyn_lut rebind (material held a stale LUT texture object)
[hex_renderer] dyn_lut rebind (material held a stale LUT texture object)
[hex_renderer] dyn_lut rebind (material held a stale LUT texture object)
[hex_renderer] dyn_lut rebind (material held a stale LUT texture object)
[hex_renderer] dyn_lut rebind (material held a stale LUT texture object)
[hex_renderer] dyn_lut rebind (material held a stale LUT texture object)
[hex_renderer] dyn_lut rebind (material held a stale LUT texture object)
[hex_renderer] dyn_lut rebind (material held a stale LUT texture object)
[hex_renderer] dyn_lut rebind (material held a stale LUT texture object)
[hex_renderer] dyn_lut rebind (material held a stale LUT texture object)
[hex_renderer] dyn_lut rebind (material held a stale LUT texture object)
[hex_renderer] dyn_lut rebind (material held a stale LUT texture object)
[hex_renderer] dyn_lut rebind (material held a stale LUT texture object)
[hex_renderer] dyn_lut rebind (material held a stale LUT texture object)
[hex_renderer] dyn_lut rebind (material held a stale LUT texture object)
[hex_renderer] dyn_lut rebind (material held a stale LUT texture object)
[hex_renderer] dyn_lut rebind (material held a stale LUT texture object)
[hex_renderer] dyn_lut rebind (material held a stale LUT texture object)
[hex_renderer] dyn_lut rebind (material held a stale LUT texture object)
[hex_renderer] dyn_lut rebind (material held a stale LUT texture object)
[hex_renderer] dyn_lut rebind (material held a stale LUT texture object)
[hex_renderer] dyn_lut rebind (material held a stale LUT texture object)
[hex_renderer] dyn_lut rebind (material held a stale LUT texture object)
[hex_renderer] dyn_lut rebind (material held a stale LUT texture object)
[hex_renderer] dyn_lut rebind (material held a stale LUT texture object)
[hex_renderer] dyn_lut rebind (material held a stale LUT texture object)
[hex_renderer] dyn_lut rebind (material held a stale LUT texture object)
[hex_renderer] dyn_lut rebind (material held a stale LUT texture object)
[hex_renderer] dyn_lut rebind (material held a stale LUT texture object)
[hex_renderer] dyn_lut rebind (material held a stale LUT texture object)
[hex_renderer] dyn_lut rebind (material held a stale LUT texture object)
[hex_renderer] dyn_lut rebind (material held a stale LUT texture object)
[hex_renderer] dyn_lut rebind (material held a stale LUT texture object)
[clock/step] delta=16.7ms speed=50x target=0.83d cap=1.25d/f cost=8.33ms ran=1 pulse=0.00ms loop=16.14ms full=16.44ms carry=0.16 barrier=
[clock/fat-day] loop=16.14ms largest=0.00ms job= stage= over_budget=false native_stage=
[hex_renderer] dyn_lut rebind (material held a stale LUT texture object)
[hex_renderer] dyn_lut rebind (material held a stale LUT texture object)
[hex_renderer] dyn_lut rebind (material held a stale LUT texture object)
[hex_renderer] dyn_lut rebind (material held a stale LUT texture object)
[hex_renderer] dyn_lut rebind (material held a stale LUT texture object)
[hex_renderer] dyn_lut rebind (material held a stale LUT texture object)
[hex_renderer] dyn_lut rebind (material held a stale LUT texture object)
[hex_renderer] dyn_lut rebind (material held a stale LUT texture object)
[hex_renderer] dyn_lut rebind (material held a stale LUT texture object)
[hex_renderer] dyn_lut rebind (material held a stale LUT texture object)
[hex_renderer] dyn_lut rebind (material held a stale LUT texture object)
[hex_renderer] dyn_lut rebind (material held a stale LUT texture object)
[hex_renderer] dyn_lut rebind (material held a stale LUT texture object)
[hex_renderer] dyn_lut rebind (material held a stale LUT texture object)
[hex_renderer] dyn_lut rebind (material held a stale LUT texture object)
[hex_renderer] dyn_lut rebind (material held a stale LUT texture object)
[hex_renderer] dyn_lut rebind (material held a stale LUT texture object)
[hex_renderer] dyn_lut rebind (material held a stale LUT texture object)
[hex_renderer] dyn_lut rebind (material held a stale LUT texture object)
[hex_renderer] dyn_lut rebind (material held a stale LUT texture object)
[hex_renderer] dyn_lut rebind (material held a stale LUT texture object)
[hex_renderer] dyn_lut rebind (material held a stale LUT texture object)
[hex_renderer] dyn_lut rebind (material held a stale LUT texture object)
[hex_renderer] dyn_lut rebind (material held a stale LUT texture object)
[hex_renderer] dyn_lut rebind (material held a stale LUT texture object)
[hex_renderer] dyn_lut rebind (material held a stale LUT texture object)
[hex_renderer] dyn_lut rebind (material held a stale LUT texture object)
[hex_renderer] dyn_lut rebind (material held a stale LUT texture object)
[hex_renderer] dyn_lut rebind (material held a stale LUT texture object)
[hex_renderer] dyn_lut rebind (material held a stale LUT texture object)
[hex_renderer] dyn_lut rebind (material held a stale LUT texture object)
[hex_renderer] dyn_lut rebind (material held a stale LUT texture object)
[hex_renderer] dyn_lut rebind (material held a stale LUT texture object)
[hex_renderer] dyn_lut rebind (material held a stale LUT texture object)
[hex_renderer] dyn_lut rebind (material held a stale LUT texture object)
[hex_renderer] dyn_lut rebind (material held a stale LUT texture object)
[hex_renderer] dyn_lut rebind (material held a stale LUT texture object)
[hex_renderer] dyn_lut rebind (material held a stale LUT texture object)
[clock/step] delta=4.8ms speed=50x target=0.24d cap=1.74d/f cost=4.59ms ran=0 pulse=0.00ms loop=0.00ms full=0.28ms carry=0.36 barrier=
[hex_renderer] dyn_lut rebind (material held a stale LUT texture object)
[hex_renderer] dyn_lut rebind (material held a stale LUT texture object)
[hex_renderer] dyn_lut rebind (material held a stale LUT texture object)
[hex_renderer] dyn_lut rebind (material held a stale LUT texture object)
[hex_renderer] dyn_lut rebind (material held a stale LUT texture object)
[hex_renderer] dyn_lut rebind (material held a stale LUT texture object)
[hex_renderer] dyn_lut rebind (material held a stale LUT texture object)
[hex_renderer] dyn_lut rebind (material held a stale LUT texture object)
[hex_renderer] dyn_lut rebind (material held a stale LUT texture object)
[hex_renderer] dyn_lut rebind (material held a stale LUT texture object)
[hex_renderer] dyn_lut rebind (material held a stale LUT texture object)
[hex_renderer] dyn_lut rebind (material held a stale LUT texture object)
[hex_renderer] dyn_lut rebind (material held a stale LUT texture object)
[hex_renderer] dyn_lut rebind (material held a stale LUT texture object)
[hex_renderer] dyn_lut rebind (material held a stale LUT texture object)
[weather-layer][lut] #33 update_usec=67673871 last_usec=67673871 lerp=0.000 prev_tex=true curr_tex=true dims=(2048, 2) visible=true
[hex_renderer] dyn_lut rebind (material held a stale LUT texture object)
[hex_renderer] dyn_lut rebind (material held a stale LUT texture object)
[hex_renderer] dyn_lut rebind (material held a stale LUT texture object)
[hex_renderer] dyn_lut rebind (material held a stale LUT texture object)
[hex_renderer] dyn_lut rebind (material held a stale LUT texture object)
[hex_renderer] dyn_lut rebind (material held a stale LUT texture object)
[hex_renderer] dyn_lut rebind (material held a stale LUT texture object)
[hex_renderer] dyn_lut rebind (material held a stale LUT texture object)
[hex_renderer] dyn_lut rebind (material held a stale LUT texture object)
[hex_renderer] dyn_lut rebind (material held a stale LUT texture object)
[hex_renderer] dyn_lut rebind (material held a stale LUT texture object)
[hex_renderer] dyn_lut rebind (material held a stale LUT texture object)
[hex_renderer] dyn_lut rebind (material held a stale LUT texture object)
[hex_renderer] dyn_lut rebind (material held a stale LUT texture object)
[hex_renderer] dyn_lut rebind (material held a stale LUT texture object)
[hex_renderer] dyn_lut rebind (material held a stale LUT texture object)
[hex_renderer] dyn_lut rebind (material held a stale LUT texture object)
[hex_renderer] dyn_lut rebind (material held a stale LUT texture object)
[hex_renderer] dyn_lut rebind (material held a stale LUT texture object)
[hex_renderer] dyn_lut rebind (material held a stale LUT texture object)
[hex_renderer] dyn_lut rebind (material held a stale LUT texture object)
[hex_renderer] dyn_lut rebind (material held a stale LUT texture object)
[hex_renderer] dyn_lut rebind (material held a stale LUT texture object)
[hex_renderer] dyn_lut rebind (material held a stale LUT texture object)
[hex_renderer] dyn_lut rebind (material held a stale LUT texture object)
[hex_renderer] dyn_lut rebind (material held a stale LUT texture object)
[hex_renderer] dyn_lut rebind (material held a stale LUT texture object)
[hex_renderer] dyn_lut rebind (material held a stale LUT texture object)
[clock/step] delta=7.6ms speed=50x target=0.38d cap=1.67d/f cost=4.80ms ran=0 pulse=0.00ms loop=0.00ms full=0.32ms carry=0.91 barrier=
[hex_renderer] dyn_lut rebind (material held a stale LUT texture object)
[hex_renderer] dyn_lut rebind (material held a stale LUT texture object)
[hex_renderer] dyn_lut rebind (material held a stale LUT texture object)
[hex_renderer] dyn_lut rebind (material held a stale LUT texture object)
[hex_renderer] dyn_lut rebind (material held a stale LUT texture object)
[hex_renderer] dyn_lut rebind (material held a stale LUT texture object)
[hex_renderer] dyn_lut rebind (material held a stale LUT texture object)
[hex_renderer] dyn_lut rebind (material held a stale LUT texture object)
[hex_renderer] dyn_lut rebind (material held a stale LUT texture object)
[hex_renderer] dyn_lut rebind (material held a stale LUT texture object)
[hex_renderer] dyn_lut rebind (material held a stale LUT texture object)
[hex_renderer] dyn_lut rebind (material held a stale LUT texture object)
[hex_renderer] dyn_lut rebind (material held a stale LUT texture object)
[hex_renderer] dyn_lut rebind (material held a stale LUT texture object)
[hex_renderer] dyn_lut rebind (material held a stale LUT texture object)
[hex_renderer] dyn_lut rebind (material held a stale LUT texture object)
[hex_renderer] dyn_lut rebind (material held a stale LUT texture object)
[hex_renderer] dyn_lut rebind (material held a stale LUT texture object)
[hex_renderer] dyn_lut rebind (material held a stale LUT texture object)
[hex_renderer] dyn_lut rebind (material held a stale LUT texture object)
[hex_renderer] dyn_lut rebind (material held a stale LUT texture object)
[hex_renderer] dyn_lut rebind (material held a stale LUT texture object)
[hex_renderer] dyn_lut rebind (material held a stale LUT texture object)
[hex_renderer] dyn_lut rebind (material held a stale LUT texture object)
[hex_renderer] dyn_lut rebind (material held a stale LUT texture object)
[hex_renderer] dyn_lut rebind (material held a stale LUT texture object)
[hex_renderer] dyn_lut rebind (material held a stale LUT texture object)
[hex_renderer] dyn_lut rebind (material held a stale LUT texture object)
[hex_renderer] dyn_lut rebind (material held a stale LUT texture object)
[hex_renderer] dyn_lut rebind (material held a stale LUT texture object)
[hex_renderer] dyn_lut rebind (material held a stale LUT texture object)
[hex_renderer] dyn_lut rebind (material held a stale LUT texture object)
[hex_renderer] dyn_lut rebind (material held a stale LUT texture object)
[hex_renderer] dyn_lut rebind (material held a stale LUT texture object)
[clock/step] delta=6.7ms speed=50x target=0.33d cap=1.76d/f cost=4.86ms ran=1 pulse=0.00ms loop=6.04ms full=6.31ms carry=0.15 barrier=
[hex_renderer] dyn_lut rebind (material held a stale LUT texture object)
[hex_renderer] dyn_lut rebind (material held a stale LUT texture object)
[hex_renderer] dyn_lut rebind (material held a stale LUT texture object)
[hex_renderer] dyn_lut rebind (material held a stale LUT texture object)
[hex_renderer] dyn_lut rebind (material held a stale LUT texture object)
[hex_renderer] dyn_lut rebind (material held a stale LUT texture object)
[hex_renderer] dyn_lut rebind (material held a stale LUT texture object)
[hex_renderer] dyn_lut rebind (material held a stale LUT texture object)
[hex_renderer] dyn_lut rebind (material held a stale LUT texture object)
[hex_renderer] dyn_lut rebind (material held a stale LUT texture object)
[hex_renderer] dyn_lut rebind (material held a stale LUT texture object)
[hex_renderer] dyn_lut rebind (material held a stale LUT texture object)
[hex_renderer] dyn_lut rebind (material held a stale LUT texture object)
[hex_renderer] dyn_lut rebind (material held a stale LUT texture object)
[hex_renderer] dyn_lut rebind (material held a stale LUT texture object)
[hex_renderer] dyn_lut rebind (material held a stale LUT texture object)
[hex_renderer] dyn_lut rebind (material held a stale LUT texture object)
[hex_renderer] dyn_lut rebind (material held a stale LUT texture object)
[hex_renderer] dyn_lut rebind (material held a stale LUT texture object)
[hex_renderer] dyn_lut rebind (material held a stale LUT texture object)
[hex_renderer] dyn_lut rebind (material held a stale LUT texture object)
[hex_renderer] dyn_lut rebind (material held a stale LUT texture object)
[hex_renderer] dyn_lut rebind (material held a stale LUT texture object)
[hex_renderer] dyn_lut rebind (material held a stale LUT texture object)
[hex_renderer] dyn_lut rebind (material held a stale LUT texture object)
[hex_renderer] dyn_lut rebind (material held a stale LUT texture object)
[hex_renderer] dyn_lut rebind (material held a stale LUT texture object)
[hex_renderer] dyn_lut rebind (material held a stale LUT texture object)
[hex_renderer] dyn_lut rebind (material held a stale LUT texture object)
[hex_renderer] dyn_lut rebind (material held a stale LUT texture object)
[hex_renderer] dyn_lut rebind (material held a stale LUT texture object)
[hex_renderer] dyn_lut rebind (material held a stale LUT texture object)
[hex_renderer] dyn_lut rebind (material held a stale LUT texture object)
[hex_renderer] dyn_lut rebind (material held a stale LUT texture object)
[hex_renderer] dyn_lut rebind (material held a stale LUT texture object)
[hex_renderer] dyn_lut rebind (material held a stale LUT texture object)
[hex_renderer] dyn_lut rebind (material held a stale LUT texture object)
[weather-layer][lut] #34 update_usec=69672317 last_usec=69672317 lerp=0.320 prev_tex=true curr_tex=true dims=(2048, 2) visible=true
[hex_renderer] dyn_lut rebind (material held a stale LUT texture object)
[hex_renderer] dyn_lut rebind (material held a stale LUT texture object)
[hex_renderer] dyn_lut rebind (material held a stale LUT texture object)
[hex_renderer] dyn_lut rebind (material held a stale LUT texture object)
[hex_renderer] dyn_lut rebind (material held a stale LUT texture object)
[hex_renderer] dyn_lut rebind (material held a stale LUT texture object)
[hex_renderer] dyn_lut rebind (material held a stale LUT texture object)
[hex_renderer] dyn_lut rebind (material held a stale LUT texture object)
[hex_renderer] dyn_lut rebind (material held a stale LUT texture object)
[hex_renderer] dyn_lut rebind (material held a stale LUT texture object)
[hex_renderer] dyn_lut rebind (material held a stale LUT texture object)
[hex_renderer] dyn_lut rebind (material held a stale LUT texture object)
[clock/step] delta=9.9ms speed=50x target=0.49d cap=1.62d/f cost=4.95ms ran=0 pulse=0.00ms loop=0.00ms full=0.35ms carry=0.78 barrier=
[hex_renderer] dyn_lut rebind (material held a stale LUT texture object)
[hex_renderer] dyn_lut rebind (material held a stale LUT texture object)
[hex_renderer] dyn_lut rebind (material held a stale LUT texture object)
[hex_renderer] dyn_lut rebind (material held a stale LUT texture object)
[hex_renderer] dyn_lut rebind (material held a stale LUT texture object)
[hex_renderer] dyn_lut rebind (material held a stale LUT texture object)
[hex_renderer] dyn_lut rebind (material held a stale LUT texture object)
[hex_renderer] dyn_lut rebind (material held a stale LUT texture object)
[hex_renderer] dyn_lut rebind (material held a stale LUT texture object)
[hex_renderer] dyn_lut rebind (material held a stale LUT texture object)
[hex_renderer] dyn_lut rebind (material held a stale LUT texture object)
[hex_renderer] dyn_lut rebind (material held a stale LUT texture object)
[hex_renderer] dyn_lut rebind (material held a stale LUT texture object)
[hex_renderer] dyn_lut rebind (material held a stale LUT texture object)
[hex_renderer] dyn_lut rebind (material held a stale LUT texture object)
[hex_renderer] dyn_lut rebind (material held a stale LUT texture object)
[hex_renderer] dyn_lut rebind (material held a stale LUT texture object)
[hex_renderer] dyn_lut rebind (material held a stale LUT texture object)
[hex_renderer] dyn_lut rebind (material held a stale LUT texture object)
[hex_renderer] dyn_lut rebind (material held a stale LUT texture object)
[hex_renderer] dyn_lut rebind (material held a stale LUT texture object)
[hex_renderer] dyn_lut rebind (material held a stale LUT texture object)
[hex_renderer] dyn_lut rebind (material held a stale LUT texture object)
[hex_renderer] dyn_lut rebind (material held a stale LUT texture object)
[hex_renderer] dyn_lut rebind (material held a stale LUT texture object)
[hex_renderer] dyn_lut rebind (material held a stale LUT texture object)
[hex_renderer] dyn_lut rebind (material held a stale LUT texture object)
[hex_renderer] dyn_lut rebind (material held a stale LUT texture object)
[hex_renderer] dyn_lut rebind (material held a stale LUT texture object)
[hex_renderer] dyn_lut rebind (material held a stale LUT texture object)
[hex_renderer] dyn_lut rebind (material held a stale LUT texture object)
[hex_renderer] dyn_lut rebind (material held a stale LUT texture object)
[hex_renderer] dyn_lut rebind (material held a stale LUT texture object)
[hex_renderer] dyn_lut rebind (material held a stale LUT texture object)
[hex_renderer] dyn_lut rebind (material held a stale LUT texture object)
[hex_renderer] dyn_lut rebind (material held a stale LUT texture object)
[hex_renderer] dyn_lut rebind (material held a stale LUT texture object)
[hex_renderer] dyn_lut rebind (material held a stale LUT texture object)
[hex_renderer] dyn_lut rebind (material held a stale LUT texture object)
[hex_renderer] dyn_lut rebind (material held a stale LUT texture object)
[hex_renderer] dyn_lut rebind (material held a stale LUT texture object)
[hex_renderer] dyn_lut rebind (material held a stale LUT texture object)
[hex_renderer] dyn_lut rebind (material held a stale LUT texture object)
[hex_renderer] dyn_lut rebind (material held a stale LUT texture object)
[hex_renderer] dyn_lut rebind (material held a stale LUT texture object)
[hex_renderer] dyn_lut rebind (material held a stale LUT texture object)
[hex_renderer] dyn_lut rebind (material held a stale LUT texture object)
[hex_renderer] dyn_lut rebind (material held a stale LUT texture object)
[hex_renderer] dyn_lut rebind (material held a stale LUT texture object)
[hex_renderer] dyn_lut rebind (material held a stale LUT texture object)
[clock/step] delta=7.1ms speed=50x target=0.36d cap=1.65d/f cost=5.31ms ran=1 pulse=0.00ms loop=7.13ms full=7.50ms carry=0.02 barrier=
[hex_renderer] dyn_lut rebind (material held a stale LUT texture object)
[hex_renderer] dyn_lut rebind (material held a stale LUT texture object)
[hex_renderer] dyn_lut rebind (material held a stale LUT texture object)
[hex_renderer] dyn_lut rebind (material held a stale LUT texture object)
[hex_renderer] dyn_lut rebind (material held a stale LUT texture object)
[hex_renderer] dyn_lut rebind (material held a stale LUT texture object)
[hex_renderer] dyn_lut rebind (material held a stale LUT texture object)
[hex_renderer] dyn_lut rebind (material held a stale LUT texture object)
[hex_renderer] dyn_lut rebind (material held a stale LUT texture object)
[hex_renderer] dyn_lut rebind (material held a stale LUT texture object)
[hex_renderer] dyn_lut rebind (material held a stale LUT texture object)
[hex_renderer] dyn_lut rebind (material held a stale LUT texture object)
[hex_renderer] dyn_lut rebind (material held a stale LUT texture object)
[hex_renderer] dyn_lut rebind (material held a stale LUT texture object)
[hex_renderer] dyn_lut rebind (material held a stale LUT texture object)
[hex_renderer] dyn_lut rebind (material held a stale LUT texture object)
[hex_renderer] dyn_lut rebind (material held a stale LUT texture object)
[hex_renderer] dyn_lut rebind (material held a stale LUT texture object)
[hex_renderer] dyn_lut rebind (material held a stale LUT texture object)
[hex_renderer] dyn_lut rebind (material held a stale LUT texture object)
[hex_renderer] dyn_lut rebind (material held a stale LUT texture object)
[hex_renderer] dyn_lut rebind (material held a stale LUT texture object)
[hex_renderer] dyn_lut rebind (material held a stale LUT texture object)
[hex_renderer] dyn_lut rebind (material held a stale LUT texture object)
[hex_renderer] dyn_lut rebind (material held a stale LUT texture object)
[hex_renderer] dyn_lut rebind (material held a stale LUT texture object)
[hex_renderer] dyn_lut rebind (material held a stale LUT texture object)
[hex_renderer] dyn_lut rebind (material held a stale LUT texture object)
[hex_renderer] dyn_lut rebind (material held a stale LUT texture object)
[hex_renderer] dyn_lut rebind (material held a stale LUT texture object)
[hex_renderer] dyn_lut rebind (material held a stale LUT texture object)
[hex_renderer] dyn_lut rebind (material held a stale LUT texture object)
[hex_renderer] dyn_lut rebind (material held a stale LUT texture object)
[hex_renderer] dyn_lut rebind (material held a stale LUT texture object)
[hex_renderer] dyn_lut rebind (material held a stale LUT texture object)
[hex_renderer] dyn_lut rebind (material held a stale LUT texture object)
[hex_renderer] dyn_lut rebind (material held a stale LUT texture object)
[hex_renderer] dyn_lut rebind (material held a stale LUT texture object)
[hex_renderer] dyn_lut rebind (material held a stale LUT texture object)
[weather-layer][lut] #35 update_usec=71683965 last_usec=71683965 lerp=0.000 prev_tex=true curr_tex=true dims=(2048, 2) visible=true
[hex_renderer] dyn_lut rebind (material held a stale LUT texture object)
[hex_renderer] dyn_lut rebind (material held a stale LUT texture object)
[hex_renderer] dyn_lut rebind (material held a stale LUT texture object)
[hex_renderer] dyn_lut rebind (material held a stale LUT texture object)
[hex_renderer] dyn_lut rebind (material held a stale LUT texture object)
[hex_renderer] dyn_lut rebind (material held a stale LUT texture object)
[hex_renderer] dyn_lut rebind (material held a stale LUT texture object)
[hex_renderer] dyn_lut rebind (material held a stale LUT texture object)
[hex_renderer] dyn_lut rebind (material held a stale LUT texture object)
[hex_renderer] dyn_lut rebind (material held a stale LUT texture object)
[hex_renderer] dyn_lut rebind (material held a stale LUT texture object)
[clock/step] delta=16.0ms speed=50x target=0.80d cap=1.28d/f cost=6.27ms ran=0 pulse=0.00ms loop=0.00ms full=0.52ms carry=0.88 barrier=
[hex_renderer] dyn_lut rebind (material held a stale LUT texture object)
[hex_renderer] dyn_lut rebind (material held a stale LUT texture object)
[hex_renderer] dyn_lut rebind (material held a stale LUT texture object)
[hex_renderer] dyn_lut rebind (material held a stale LUT texture object)
[hex_renderer] dyn_lut rebind (material held a stale LUT texture object)
[hex_renderer] dyn_lut rebind (material held a stale LUT texture object)
[hex_renderer] dyn_lut rebind (material held a stale LUT texture object)
[hex_renderer] dyn_lut rebind (material held a stale LUT texture object)
[hex_renderer] dyn_lut rebind (material held a stale LUT texture object)
[hex_renderer] dyn_lut rebind (material held a stale LUT texture object)
[hex_renderer] dyn_lut rebind (material held a stale LUT texture object)
[hex_renderer] dyn_lut rebind (material held a stale LUT texture object)
[hex_renderer] dyn_lut rebind (material held a stale LUT texture object)
[hex_renderer] dyn_lut rebind (material held a stale LUT texture object)
[hex_renderer] dyn_lut rebind (material held a stale LUT texture object)
[hex_renderer] dyn_lut rebind (material held a stale LUT texture object)
[hex_renderer] dyn_lut rebind (material held a stale LUT texture object)
[hex_renderer] dyn_lut rebind (material held a stale LUT texture object)
[hex_renderer] dyn_lut rebind (material held a stale LUT texture object)
[hex_renderer] dyn_lut rebind (material held a stale LUT texture object)
[hex_renderer] dyn_lut rebind (material held a stale LUT texture object)
[hex_renderer] dyn_lut rebind (material held a stale LUT texture object)
[hex_renderer] dyn_lut rebind (material held a stale LUT texture object)
[hex_renderer] dyn_lut rebind (material held a stale LUT texture object)
[hex_renderer] dyn_lut rebind (material held a stale LUT texture object)
[hex_renderer] dyn_lut rebind (material held a stale LUT texture object)
[hex_renderer] dyn_lut rebind (material held a stale LUT texture object)
[hex_renderer] dyn_lut rebind (material held a stale LUT texture object)
[hex_renderer] dyn_lut rebind (material held a stale LUT texture object)
[hex_renderer] dyn_lut rebind (material held a stale LUT texture object)
[hex_renderer] dyn_lut rebind (material held a stale LUT texture object)
[hex_renderer] dyn_lut rebind (material held a stale LUT texture object)
[hex_renderer] dyn_lut rebind (material held a stale LUT texture object)
[hex_renderer] dyn_lut rebind (material held a stale LUT texture object)
[hex_renderer] dyn_lut rebind (material held a stale LUT texture object)
[hex_renderer] dyn_lut rebind (material held a stale LUT texture object)
[hex_renderer] dyn_lut rebind (material held a stale LUT texture object)
[hex_renderer] dyn_lut rebind (material held a stale LUT texture object)
[hex_renderer] dyn_lut rebind (material held a stale LUT texture object)
[hex_renderer] dyn_lut rebind (material held a stale LUT texture object)
[hex_renderer] dyn_lut rebind (material held a stale LUT texture object)
[hex_renderer] dyn_lut rebind (material held a stale LUT texture object)
[hex_renderer] dyn_lut rebind (material held a stale LUT texture object)
[hex_renderer] dyn_lut rebind (material held a stale LUT texture object)
[hex_renderer] dyn_lut rebind (material held a stale LUT texture object)
[hex_renderer] dyn_lut rebind (material held a stale LUT texture object)
[hex_renderer] dyn_lut rebind (material held a stale LUT texture object)
[hex_renderer] dyn_lut rebind (material held a stale LUT texture object)
[hex_renderer] dyn_lut rebind (material held a stale LUT texture object)
[hex_renderer] dyn_lut rebind (material held a stale LUT texture object)
[hex_renderer] dyn_lut rebind (material held a stale LUT texture object)
[clock/step] delta=3.8ms speed=50x target=0.19d cap=1.59d/f cost=5.00ms ran=1 pulse=0.00ms loop=4.92ms full=5.16ms carry=0.06 barrier=
[hex_renderer] dyn_lut rebind (material held a stale LUT texture object)
[hex_renderer] dyn_lut rebind (material held a stale LUT texture object)
[hex_renderer] dyn_lut rebind (material held a stale LUT texture object)
[hex_renderer] dyn_lut rebind (material held a stale LUT texture object)
[hex_renderer] dyn_lut rebind (material held a stale LUT texture object)
[hex_renderer] dyn_lut rebind (material held a stale LUT texture object)
[hex_renderer] dyn_lut rebind (material held a stale LUT texture object)
[hex_renderer] dyn_lut rebind (material held a stale LUT texture object)
[hex_renderer] dyn_lut rebind (material held a stale LUT texture object)
[hex_renderer] dyn_lut rebind (material held a stale LUT texture object)
[hex_renderer] dyn_lut rebind (material held a stale LUT texture object)
[hex_renderer] dyn_lut rebind (material held a stale LUT texture object)
[hex_renderer] dyn_lut rebind (material held a stale LUT texture object)
[hex_renderer] dyn_lut rebind (material held a stale LUT texture object)
[hex_renderer] dyn_lut rebind (material held a stale LUT texture object)
[hex_renderer] dyn_lut rebind (material held a stale LUT texture object)
[hex_renderer] dyn_lut rebind (material held a stale LUT texture object)
[hex_renderer] dyn_lut rebind (material held a stale LUT texture object)
[hex_renderer] dyn_lut rebind (material held a stale LUT texture object)
[hex_renderer] dyn_lut rebind (material held a stale LUT texture object)
[hex_renderer] dyn_lut rebind (material held a stale LUT texture object)
[hex_renderer] dyn_lut rebind (material held a stale LUT texture object)
[hex_renderer] dyn_lut rebind (material held a stale LUT texture object)
[hex_renderer] dyn_lut rebind (material held a stale LUT texture object)
[hex_renderer] dyn_lut rebind (material held a stale LUT texture object)
[hex_renderer] dyn_lut rebind (material held a stale LUT texture object)
[hex_renderer] dyn_lut rebind (material held a stale LUT texture object)
[hex_renderer] dyn_lut rebind (material held a stale LUT texture object)
[hex_renderer] dyn_lut rebind (material held a stale LUT texture object)
[hex_renderer] dyn_lut rebind (material held a stale LUT texture object)
[hex_renderer] dyn_lut rebind (material held a stale LUT texture object)
[hex_renderer] dyn_lut rebind (material held a stale LUT texture object)
[hex_renderer] dyn_lut rebind (material held a stale LUT texture object)
[clock/step] delta=6.1ms speed=50x target=0.30d cap=1.70d/f cost=4.72ms ran=0 pulse=0.00ms loop=0.00ms full=0.34ms carry=0.41 barrier=
[hex_renderer] dyn_lut rebind (material held a stale LUT texture object)
[hex_renderer] dyn_lut rebind (material held a stale LUT texture object)
[hex_renderer] dyn_lut rebind (material held a stale LUT texture object)
[weather-layer][lut] #36 update_usec=73676691 last_usec=73676691 lerp=0.366 prev_tex=true curr_tex=true dims=(2048, 2) visible=true
[hex_renderer] dyn_lut rebind (material held a stale LUT texture object)
[hex_renderer] dyn_lut rebind (material held a stale LUT texture object)
[hex_renderer] dyn_lut rebind (material held a stale LUT texture object)
[hex_renderer] dyn_lut rebind (material held a stale LUT texture object)
[hex_renderer] dyn_lut rebind (material held a stale LUT texture object)
[hex_renderer] dyn_lut rebind (material held a stale LUT texture object)
[hex_renderer] dyn_lut rebind (material held a stale LUT texture object)
[hex_renderer] dyn_lut rebind (material held a stale LUT texture object)
[hex_renderer] dyn_lut rebind (material held a stale LUT texture object)
[hex_renderer] dyn_lut rebind (material held a stale LUT texture object)
[hex_renderer] dyn_lut rebind (material held a stale LUT texture object)
[hex_renderer] dyn_lut rebind (material held a stale LUT texture object)
[hex_renderer] dyn_lut rebind (material held a stale LUT texture object)
[hex_renderer] dyn_lut rebind (material held a stale LUT texture object)
[hex_renderer] dyn_lut rebind (material held a stale LUT texture object)
[hex_renderer] dyn_lut rebind (material held a stale LUT texture object)
[hex_renderer] dyn_lut rebind (material held a stale LUT texture object)
[hex_renderer] dyn_lut rebind (material held a stale LUT texture object)
[hex_renderer] dyn_lut rebind (material held a stale LUT texture object)
[hex_renderer] dyn_lut rebind (material held a stale LUT texture object)
[hex_renderer] dyn_lut rebind (material held a stale LUT texture object)
[hex_renderer] dyn_lut rebind (material held a stale LUT texture object)
[hex_renderer] dyn_lut rebind (material held a stale LUT texture object)
[hex_renderer] dyn_lut rebind (material held a stale LUT texture object)
[hex_renderer] dyn_lut rebind (material held a stale LUT texture object)
[hex_renderer] dyn_lut rebind (material held a stale LUT texture object)
[hex_renderer] dyn_lut rebind (material held a stale LUT texture object)
[hex_renderer] dyn_lut rebind (material held a stale LUT texture object)
[hex_renderer] dyn_lut rebind (material held a stale LUT texture object)
[hex_renderer] dyn_lut rebind (material held a stale LUT texture object)
[hex_renderer] dyn_lut rebind (material held a stale LUT texture object)
[hex_renderer] dyn_lut rebind (material held a stale LUT texture object)
[hex_renderer] dyn_lut rebind (material held a stale LUT texture object)
[hex_renderer] dyn_lut rebind (material held a stale LUT texture object)
[hex_renderer] dyn_lut rebind (material held a stale LUT texture object)
[hex_renderer] dyn_lut rebind (material held a stale LUT texture object)
[clock/step] delta=6.7ms speed=50x target=0.33d cap=1.80d/f cost=4.46ms ran=0 pulse=0.00ms loop=0.00ms full=0.38ms carry=0.43 barrier=
[hex_renderer] dyn_lut rebind (material held a stale LUT texture object)
[hex_renderer] dyn_lut rebind (material held a stale LUT texture object)
[hex_renderer] dyn_lut rebind (material held a stale LUT texture object)
[hex_renderer] dyn_lut rebind (material held a stale LUT texture object)
[hex_renderer] dyn_lut rebind (material held a stale LUT texture object)
[hex_renderer] dyn_lut rebind (material held a stale LUT texture object)
[hex_renderer] dyn_lut rebind (material held a stale LUT texture object)
[hex_renderer] dyn_lut rebind (material held a stale LUT texture object)
[hex_renderer] dyn_lut rebind (material held a stale LUT texture object)
[hex_renderer] dyn_lut rebind (material held a stale LUT texture object)
[hex_renderer] dyn_lut rebind (material held a stale LUT texture object)
[hex_renderer] dyn_lut rebind (material held a stale LUT texture object)
[hex_renderer] dyn_lut rebind (material held a stale LUT texture object)
[hex_renderer] dyn_lut rebind (material held a stale LUT texture object)
[hex_renderer] dyn_lut rebind (material held a stale LUT texture object)
[hex_renderer] dyn_lut rebind (material held a stale LUT texture object)
[hex_renderer] dyn_lut rebind (material held a stale LUT texture object)
[hex_renderer] dyn_lut rebind (material held a stale LUT texture object)
[hex_renderer] dyn_lut rebind (material held a stale LUT texture object)
[hex_renderer] dyn_lut rebind (material held a stale LUT texture object)
[hex_renderer] dyn_lut rebind (material held a stale LUT texture object)
[hex_renderer] dyn_lut rebind (material held a stale LUT texture object)
[hex_renderer] dyn_lut rebind (material held a stale LUT texture object)
[hex_renderer] dyn_lut rebind (material held a stale LUT texture object)
[hex_renderer] dyn_lut rebind (material held a stale LUT texture object)
[hex_renderer] dyn_lut rebind (material held a stale LUT texture object)
[hex_renderer] dyn_lut rebind (material held a stale LUT texture object)
[hex_renderer] dyn_lut rebind (material held a stale LUT texture object)
[hex_renderer] dyn_lut rebind (material held a stale LUT texture object)
[hex_renderer] dyn_lut rebind (material held a stale LUT texture object)
[hex_renderer] dyn_lut rebind (material held a stale LUT texture object)
[hex_renderer] dyn_lut rebind (material held a stale LUT texture object)
[hex_renderer] dyn_lut rebind (material held a stale LUT texture object)
[hex_renderer] dyn_lut rebind (material held a stale LUT texture object)
[hex_renderer] dyn_lut rebind (material held a stale LUT texture object)
[hex_renderer] dyn_lut rebind (material held a stale LUT texture object)
[hex_renderer] dyn_lut rebind (material held a stale LUT texture object)
[hex_renderer] dyn_lut rebind (material held a stale LUT texture object)
[clock/step] delta=5.0ms speed=50x target=0.25d cap=1.93d/f cost=4.14ms ran=0 pulse=0.00ms loop=0.00ms full=0.27ms carry=0.62 barrier=
[hex_renderer] dyn_lut rebind (material held a stale LUT texture object)
[hex_renderer] dyn_lut rebind (material held a stale LUT texture object)
[hex_renderer] dyn_lut rebind (material held a stale LUT texture object)
[hex_renderer] dyn_lut rebind (material held a stale LUT texture object)
[hex_renderer] dyn_lut rebind (material held a stale LUT texture object)
[hex_renderer] dyn_lut rebind (material held a stale LUT texture object)
[hex_renderer] dyn_lut rebind (material held a stale LUT texture object)
[hex_renderer] dyn_lut rebind (material held a stale LUT texture object)
[hex_renderer] dyn_lut rebind (material held a stale LUT texture object)
[hex_renderer] dyn_lut rebind (material held a stale LUT texture object)
[hex_renderer] dyn_lut rebind (material held a stale LUT texture object)
[hex_renderer] dyn_lut rebind (material held a stale LUT texture object)
[hex_renderer] dyn_lut rebind (material held a stale LUT texture object)
[hex_renderer] dyn_lut rebind (material held a stale LUT texture object)
[hex_renderer] dyn_lut rebind (material held a stale LUT texture object)
[hex_renderer] dyn_lut rebind (material held a stale LUT texture object)
[hex_renderer] dyn_lut rebind (material held a stale LUT texture object)
[hex_renderer] dyn_lut rebind (material held a stale LUT texture object)
[hex_renderer] dyn_lut rebind (material held a stale LUT texture object)
[hex_renderer] dyn_lut rebind (material held a stale LUT texture object)
[hex_renderer] dyn_lut rebind (material held a stale LUT texture object)
[hex_renderer] dyn_lut rebind (material held a stale LUT texture object)
[hex_renderer] dyn_lut rebind (material held a stale LUT texture object)
[hex_renderer] dyn_lut rebind (material held a stale LUT texture object)
[hex_renderer] dyn_lut rebind (material held a stale LUT texture object)
[weather-layer][lut] #37 update_usec=75678641 last_usec=75678641 lerp=0.484 prev_tex=true curr_tex=true dims=(2048, 2) visible=true
[hex_renderer] dyn_lut rebind (material held a stale LUT texture object)
[hex_renderer] dyn_lut rebind (material held a stale LUT texture object)
[hex_renderer] dyn_lut rebind (material held a stale LUT texture object)
[hex_renderer] dyn_lut rebind (material held a stale LUT texture object)
[hex_renderer] dyn_lut rebind (material held a stale LUT texture object)
[hex_renderer] dyn_lut rebind (material held a stale LUT texture object)
[hex_renderer] dyn_lut rebind (material held a stale LUT texture object)
[hex_renderer] dyn_lut rebind (material held a stale LUT texture object)
[hex_renderer] dyn_lut rebind (material held a stale LUT texture object)
[hex_renderer] dyn_lut rebind (material held a stale LUT texture object)
[hex_renderer] dyn_lut rebind (material held a stale LUT texture object)
[hex_renderer] dyn_lut rebind (material held a stale LUT texture object)
[hex_renderer] dyn_lut rebind (material held a stale LUT texture object)
[hex_renderer] dyn_lut rebind (material held a stale LUT texture object)
[hex_renderer] dyn_lut rebind (material held a stale LUT texture object)
[hex_renderer] dyn_lut rebind (material held a stale LUT texture object)
[hex_renderer] dyn_lut rebind (material held a stale LUT texture object)
[hex_renderer] dyn_lut rebind (material held a stale LUT texture object)
[hex_renderer] dyn_lut rebind (material held a stale LUT texture object)
[hex_renderer] dyn_lut rebind (material held a stale LUT texture object)
[hex_renderer] dyn_lut rebind (material held a stale LUT texture object)
[hex_renderer] dyn_lut rebind (material held a stale LUT texture object)
[hex_renderer] dyn_lut rebind (material held a stale LUT texture object)
[hex_renderer] dyn_lut rebind (material held a stale LUT texture object)
[hex_renderer] dyn_lut rebind (material held a stale LUT texture object)
[hex_renderer] dyn_lut rebind (material held a stale LUT texture object)
[hex_renderer] dyn_lut rebind (material held a stale LUT texture object)
[clock/step] delta=26.6ms speed=50x target=1.33d cap=1.11d/f cost=7.20ms ran=1 pulse=0.00ms loop=7.15ms full=7.55ms carry=0.63 barrier=
[hex_renderer] dyn_lut rebind (material held a stale LUT texture object)
[hex_renderer] dyn_lut rebind (material held a stale LUT texture object)
[hex_renderer] dyn_lut rebind (material held a stale LUT texture object)
[hex_renderer] dyn_lut rebind (material held a stale LUT texture object)
[hex_renderer] dyn_lut rebind (material held a stale LUT texture object)
[hex_renderer] dyn_lut rebind (material held a stale LUT texture object)
[hex_renderer] dyn_lut rebind (material held a stale LUT texture object)
[hex_renderer] dyn_lut rebind (material held a stale LUT texture object)
[hex_renderer] dyn_lut rebind (material held a stale LUT texture object)
[hex_renderer] dyn_lut rebind (material held a stale LUT texture object)
[hex_renderer] dyn_lut rebind (material held a stale LUT texture object)
[hex_renderer] dyn_lut rebind (material held a stale LUT texture object)
[hex_renderer] dyn_lut rebind (material held a stale LUT texture object)
[hex_renderer] dyn_lut rebind (material held a stale LUT texture object)
[hex_renderer] dyn_lut rebind (material held a stale LUT texture object)
[hex_renderer] dyn_lut rebind (material held a stale LUT texture object)
[hex_renderer] dyn_lut rebind (material held a stale LUT texture object)
[hex_renderer] dyn_lut rebind (material held a stale LUT texture object)
[hex_renderer] dyn_lut rebind (material held a stale LUT texture object)
[hex_renderer] dyn_lut rebind (material held a stale LUT texture object)
[hex_renderer] dyn_lut rebind (material held a stale LUT texture object)
[hex_renderer] dyn_lut rebind (material held a stale LUT texture object)
[hex_renderer] dyn_lut rebind (material held a stale LUT texture object)
[hex_renderer] dyn_lut rebind (material held a stale LUT texture object)
[hex_renderer] dyn_lut rebind (material held a stale LUT texture object)
[hex_renderer] dyn_lut rebind (material held a stale LUT texture object)
[hex_renderer] dyn_lut rebind (material held a stale LUT texture object)
[hex_renderer] dyn_lut rebind (material held a stale LUT texture object)
[hex_renderer] dyn_lut rebind (material held a stale LUT texture object)
[hex_renderer] dyn_lut rebind (material held a stale LUT texture object)
[hex_renderer] dyn_lut rebind (material held a stale LUT texture object)
[hex_renderer] dyn_lut rebind (material held a stale LUT texture object)
[hex_renderer] dyn_lut rebind (material held a stale LUT texture object)
[hex_renderer] dyn_lut rebind (material held a stale LUT texture object)
[hex_renderer] dyn_lut rebind (material held a stale LUT texture object)
[hex_renderer] dyn_lut rebind (material held a stale LUT texture object)
[hex_renderer] dyn_lut rebind (material held a stale LUT texture object)
[hex_renderer] dyn_lut rebind (material held a stale LUT texture object)
[hex_renderer] dyn_lut rebind (material held a stale LUT texture object)
[hex_renderer] dyn_lut rebind (material held a stale LUT texture object)
[hex_renderer] dyn_lut rebind (material held a stale LUT texture object)
[hex_renderer] dyn_lut rebind (material held a stale LUT texture object)
[hex_renderer] dyn_lut rebind (material held a stale LUT texture object)
[hex_renderer] dyn_lut rebind (material held a stale LUT texture object)
[hex_renderer] dyn_lut rebind (material held a stale LUT texture object)
[hex_renderer] dyn_lut rebind (material held a stale LUT texture object)
[hex_renderer] dyn_lut rebind (material held a stale LUT texture object)
[hex_renderer] dyn_lut rebind (material held a stale LUT texture object)
[hex_renderer] dyn_lut rebind (material held a stale LUT texture object)
[weather-layer][lut] #38 update_usec=77674236 last_usec=77674236 lerp=0.742 prev_tex=true curr_tex=true dims=(2048, 2) visible=true
[hex_renderer] dyn_lut rebind (material held a stale LUT texture object)
[hex_renderer] dyn_lut rebind (material held a stale LUT texture object)
[hex_renderer] dyn_lut rebind (material held a stale LUT texture object)
[hex_renderer] dyn_lut rebind (material held a stale LUT texture object)
[hex_renderer] dyn_lut rebind (material held a stale LUT texture object)
[hex_renderer] dyn_lut rebind (material held a stale LUT texture object)
[hex_renderer] dyn_lut rebind (material held a stale LUT texture object)
[hex_renderer] dyn_lut rebind (material held a stale LUT texture object)
[hex_renderer] dyn_lut rebind (material held a stale LUT texture object)
[hex_renderer] dyn_lut rebind (material held a stale LUT texture object)
[hex_renderer] dyn_lut rebind (material held a stale LUT texture object)
[hex_renderer] dyn_lut rebind (material held a stale LUT texture object)
[hex_renderer] dyn_lut rebind (material held a stale LUT texture object)
[hex_renderer] dyn_lut rebind (material held a stale LUT texture object)
[hex_renderer] dyn_lut rebind (material held a stale LUT texture object)
[hex_renderer] dyn_lut rebind (material held a stale LUT texture object)
[hex_renderer] dyn_lut rebind (material held a stale LUT texture object)
[hex_renderer] dyn_lut rebind (material held a stale LUT texture object)
[hex_renderer] dyn_lut rebind (material held a stale LUT texture object)
[hex_renderer] dyn_lut rebind (material held a stale LUT texture object)
[hex_renderer] dyn_lut rebind (material held a stale LUT texture object)
[hex_renderer] dyn_lut rebind (material held a stale LUT texture object)
[hex_renderer] dyn_lut rebind (material held a stale LUT texture object)
[hex_renderer] dyn_lut rebind (material held a stale LUT texture object)
[hex_renderer] dyn_lut rebind (material held a stale LUT texture object)
[hex_renderer] dyn_lut rebind (material held a stale LUT texture object)
[hex_renderer] dyn_lut rebind (material held a stale LUT texture object)
[hex_renderer] dyn_lut rebind (material held a stale LUT texture object)
[hex_renderer] dyn_lut rebind (material held a stale LUT texture object)
[hex_renderer] dyn_lut rebind (material held a stale LUT texture object)
[hex_renderer] dyn_lut rebind (material held a stale LUT texture object)
[clock/step] delta=15.3ms speed=50x target=0.76d cap=1.60d/f cost=5.06ms ran=1 pulse=0.00ms loop=5.34ms full=5.60ms carry=0.23 barrier=
[hex_renderer] dyn_lut rebind (material held a stale LUT texture object)
[hex_renderer] dyn_lut rebind (material held a stale LUT texture object)
[hex_renderer] dyn_lut rebind (material held a stale LUT texture object)
[hex_renderer] dyn_lut rebind (material held a stale LUT texture object)
[hex_renderer] dyn_lut rebind (material held a stale LUT texture object)
[hex_renderer] dyn_lut rebind (material held a stale LUT texture object)
[hex_renderer] dyn_lut rebind (material held a stale LUT texture object)
[hex_renderer] dyn_lut rebind (material held a stale LUT texture object)
[hex_renderer] dyn_lut rebind (material held a stale LUT texture object)
[hex_renderer] dyn_lut rebind (material held a stale LUT texture object)
[hex_renderer] dyn_lut rebind (material held a stale LUT texture object)
[hex_renderer] dyn_lut rebind (material held a stale LUT texture object)
[hex_renderer] dyn_lut rebind (material held a stale LUT texture object)
[hex_renderer] dyn_lut rebind (material held a stale LUT texture object)
[hex_renderer] dyn_lut rebind (material held a stale LUT texture object)
[hex_renderer] dyn_lut rebind (material held a stale LUT texture object)
[hex_renderer] dyn_lut rebind (material held a stale LUT texture object)
[hex_renderer] dyn_lut rebind (material held a stale LUT texture object)
[hex_renderer] dyn_lut rebind (material held a stale LUT texture object)
[hex_renderer] dyn_lut rebind (material held a stale LUT texture object)
[hex_renderer] dyn_lut rebind (material held a stale LUT texture object)
[hex_renderer] dyn_lut rebind (material held a stale LUT texture object)
[hex_renderer] dyn_lut rebind (material held a stale LUT texture object)
[hex_renderer] dyn_lut rebind (material held a stale LUT texture object)
[hex_renderer] dyn_lut rebind (material held a stale LUT texture object)
[hex_renderer] dyn_lut rebind (material held a stale LUT texture object)
[hex_renderer] dyn_lut rebind (material held a stale LUT texture object)
[hex_renderer] dyn_lut rebind (material held a stale LUT texture object)
[hex_renderer] dyn_lut rebind (material held a stale LUT texture object)
[hex_renderer] dyn_lut rebind (material held a stale LUT texture object)
[hex_renderer] dyn_lut rebind (material held a stale LUT texture object)
[hex_renderer] dyn_lut rebind (material held a stale LUT texture object)
[hex_renderer] dyn_lut rebind (material held a stale LUT texture object)
[hex_renderer] dyn_lut rebind (material held a stale LUT texture object)
[hex_renderer] dyn_lut rebind (material held a stale LUT texture object)
[hex_renderer] dyn_lut rebind (material held a stale LUT texture object)
[hex_renderer] dyn_lut rebind (material held a stale LUT texture object)
[hex_renderer] dyn_lut rebind (material held a stale LUT texture object)
[hex_renderer] dyn_lut rebind (material held a stale LUT texture object)
[hex_renderer] dyn_lut rebind (material held a stale LUT texture object)
[hex_renderer] dyn_lut rebind (material held a stale LUT texture object)
[hex_renderer] dyn_lut rebind (material held a stale LUT texture object)
[hex_renderer] dyn_lut rebind (material held a stale LUT texture object)
[hex_renderer] dyn_lut rebind (material held a stale LUT texture object)
[hex_renderer] dyn_lut rebind (material held a stale LUT texture object)
[hex_renderer] dyn_lut rebind (material held a stale LUT texture object)
[hex_renderer] dyn_lut rebind (material held a stale LUT texture object)
[hex_renderer] dyn_lut rebind (material held a stale LUT texture object)
[hex_renderer] dyn_lut rebind (material held a stale LUT texture object)
[hex_renderer] dyn_lut rebind (material held a stale LUT texture object)
[hex_renderer] dyn_lut rebind (material held a stale LUT texture object)
[hex_renderer] dyn_lut rebind (material held a stale LUT texture object)
[hex_renderer] dyn_lut rebind (material held a stale LUT texture object)
[hex_renderer] dyn_lut rebind (material held a stale LUT texture object)
[hex_renderer] dyn_lut rebind (material held a stale LUT texture object)
[hex_renderer] dyn_lut rebind (material held a stale LUT texture object)
[hex_renderer] dyn_lut rebind (material held a stale LUT texture object)
[hex_renderer] dyn_lut rebind (material held a stale LUT texture object)
[hex_renderer] dyn_lut rebind (material held a stale LUT texture object)
[hex_renderer] dyn_lut rebind (material held a stale LUT texture object)
[hex_renderer] dyn_lut rebind (material held a stale LUT texture object)
[hex_renderer] dyn_lut rebind (material held a stale LUT texture object)
[hex_renderer] dyn_lut rebind (material held a stale LUT texture object)
[hex_renderer] dyn_lut rebind (material held a stale LUT texture object)
[hex_renderer] dyn_lut rebind (material held a stale LUT texture object)
[hex_renderer] dyn_lut rebind (material held a stale LUT texture object)
[weather-layer][lut] #39 update_usec=79691984 last_usec=79691984 lerp=0.000 prev_tex=true curr_tex=true dims=(2048, 2) visible=true
[hex_renderer] dyn_lut rebind (material held a stale LUT texture object)
[hex_renderer] dyn_lut rebind (material held a stale LUT texture object)
[hex_renderer] dyn_lut rebind (material held a stale LUT texture object)
[hex_renderer] dyn_lut rebind (material held a stale LUT texture object)
[hex_renderer] dyn_lut rebind (material held a stale LUT texture object)
[hex_renderer] dyn_lut rebind (material held a stale LUT texture object)
[hex_renderer] dyn_lut rebind (material held a stale LUT texture object)
[hex_renderer] dyn_lut rebind (material held a stale LUT texture object)
[hex_renderer] dyn_lut rebind (material held a stale LUT texture object)
[hex_renderer] dyn_lut rebind (material held a stale LUT texture object)
[hex_renderer] dyn_lut rebind (material held a stale LUT texture object)
[hex_renderer] dyn_lut rebind (material held a stale LUT texture object)
[hex_renderer] dyn_lut rebind (material held a stale LUT texture object)
[hex_renderer] dyn_lut rebind (material held a stale LUT texture object)
[hex_renderer] dyn_lut rebind (material held a stale LUT texture object)
[hex_renderer] dyn_lut rebind (material held a stale LUT texture object)
[hex_renderer] dyn_lut rebind (material held a stale LUT texture object)
[hex_renderer] dyn_lut rebind (material held a stale LUT texture object)
[hex_renderer] dyn_lut rebind (material held a stale LUT texture object)
[hex_renderer] dyn_lut rebind (material held a stale LUT texture object)
[hex_renderer] dyn_lut rebind (material held a stale LUT texture object)
[hex_renderer] dyn_lut rebind (material held a stale LUT texture object)
[hex_renderer] dyn_lut rebind (material held a stale LUT texture object)
[hex_renderer] dyn_lut rebind (material held a stale LUT texture object)
[hex_renderer] dyn_lut rebind (material held a stale LUT texture object)
[hex_renderer] dyn_lut rebind (material held a stale LUT texture object)
[hex_renderer] dyn_lut rebind (material held a stale LUT texture object)
[hex_renderer] dyn_lut rebind (material held a stale LUT texture object)
[hex_renderer] dyn_lut rebind (material held a stale LUT texture object)
[hex_renderer] dyn_lut rebind (material held a stale LUT texture object)
[clock/step] delta=15.9ms speed=50x target=0.80d cap=1.38d/f cost=5.61ms ran=1 pulse=0.00ms loop=4.78ms full=5.19ms carry=0.76 barrier=
[hex_renderer] dyn_lut rebind (material held a stale LUT texture object)
[hex_renderer] dyn_lut rebind (material held a stale LUT texture object)
[hex_renderer] dyn_lut rebind (material held a stale LUT texture object)
[hex_renderer] dyn_lut rebind (material held a stale LUT texture object)
[hex_renderer] dyn_lut rebind (material held a stale LUT texture object)
[hex_renderer] dyn_lut rebind (material held a stale LUT texture object)
[hex_renderer] dyn_lut rebind (material held a stale LUT texture object)
[hex_renderer] dyn_lut rebind (material held a stale LUT texture object)
[hex_renderer] dyn_lut rebind (material held a stale LUT texture object)
[hex_renderer] dyn_lut rebind (material held a stale LUT texture object)
[hex_renderer] dyn_lut rebind (material held a stale LUT texture object)
[hex_renderer] dyn_lut rebind (material held a stale LUT texture object)
[hex_renderer] dyn_lut rebind (material held a stale LUT texture object)
[hex_renderer] dyn_lut rebind (material held a stale LUT texture object)
[hex_renderer] dyn_lut rebind (material held a stale LUT texture object)
[hex_renderer] dyn_lut rebind (material held a stale LUT texture object)
[hex_renderer] dyn_lut rebind (material held a stale LUT texture object)
[hex_renderer] dyn_lut rebind (material held a stale LUT texture object)
[hex_renderer] dyn_lut rebind (material held a stale LUT texture object)
[hex_renderer] dyn_lut rebind (material held a stale LUT texture object)
[hex_renderer] dyn_lut rebind (material held a stale LUT texture object)
[hex_renderer] dyn_lut rebind (material held a stale LUT texture object)
[hex_renderer] dyn_lut rebind (material held a stale LUT texture object)
[hex_renderer] dyn_lut rebind (material held a stale LUT texture object)
[hex_renderer] dyn_lut rebind (material held a stale LUT texture object)
[hex_renderer] dyn_lut rebind (material held a stale LUT texture object)
[hex_renderer] dyn_lut rebind (material held a stale LUT texture object)
[hex_renderer] dyn_lut rebind (material held a stale LUT texture object)
[hex_renderer] dyn_lut rebind (material held a stale LUT texture object)
[hex_renderer] dyn_lut rebind (material held a stale LUT texture object)
[hex_renderer] dyn_lut rebind (material held a stale LUT texture object)
[hex_renderer] dyn_lut rebind (material held a stale LUT texture object)
[hex_renderer] dyn_lut rebind (material held a stale LUT texture object)
[hex_renderer] dyn_lut rebind (material held a stale LUT texture object)
[hex_renderer] dyn_lut rebind (material held a stale LUT texture object)
[hex_renderer] dyn_lut rebind (material held a stale LUT texture object)
[hex_renderer] dyn_lut rebind (material held a stale LUT texture object)
[hex_renderer] dyn_lut rebind (material held a stale LUT texture object)
[hex_renderer] dyn_lut rebind (material held a stale LUT texture object)
[hex_renderer] dyn_lut rebind (material held a stale LUT texture object)
[hex_renderer] dyn_lut rebind (material held a stale LUT texture object)
[hex_renderer] dyn_lut rebind (material held a stale LUT texture object)
[hex_renderer] dyn_lut rebind (material held a stale LUT texture object)
[hex_renderer] dyn_lut rebind (material held a stale LUT texture object)
[hex_renderer] dyn_lut rebind (material held a stale LUT texture object)
[hex_renderer] dyn_lut rebind (material held a stale LUT texture object)
[hex_renderer] dyn_lut rebind (material held a stale LUT texture object)
[hex_renderer] dyn_lut rebind (material held a stale LUT texture object)
[hex_renderer] dyn_lut rebind (material held a stale LUT texture object)
[hex_renderer] dyn_lut rebind (material held a stale LUT texture object)
[hex_renderer] dyn_lut rebind (material held a stale LUT texture object)
[hex_renderer] dyn_lut rebind (material held a stale LUT texture object)
[hex_renderer] dyn_lut rebind (material held a stale LUT texture object)
[hex_renderer] dyn_lut rebind (material held a stale LUT texture object)
[hex_renderer] dyn_lut rebind (material held a stale LUT texture object)
[clock/step] delta=4.2ms speed=50x target=0.21d cap=1.99d/f cost=4.02ms ran=0 pulse=0.00ms loop=0.00ms full=0.23ms carry=0.31 barrier=
[hex_renderer] dyn_lut rebind (material held a stale LUT texture object)
[hex_renderer] dyn_lut rebind (material held a stale LUT texture object)
[weather-layer][lut] #40 update_usec=81770245 last_usec=81770245 lerp=0.000 prev_tex=true curr_tex=true dims=(2048, 2) visible=true
