Godot Engine v4.6.2.stable.official.71f334935 - https://godotengine.org

[save-repository] slot directory overridden to C:\Users\HKINGH~1\AppData\Local\Temp\pk-roundtrip-scratch
  [PASS] game flow autoload is available
  [PASS] game save autoload is available
  [PASS] new game request accepted
[ui-layout-diag/bind_ui] is_web=false viewport_visible_rect=[P: (0.0, 0.0), S: (51.2, 51.2)] window_size=(64, 64) content_scale_factor=1.250 content_scale_mode=0 device_pixel_ratio=-1.000 top_bar_rect=[P: (0.0, 0.0), S: (543.0, 56.0)] right_panel_rect=[P: (-408.8, 68.0), S: (460.0, 366.0)] country_action_bar_rect=[P: (8.0, -30.8), S: (336.0, 74.0)]
[building-visual] queue_probe ticks=1 queued=0 chunk=-1 camera_rect=[P: (-25.6, -25.6), S: (51.2, 51.2)] prefetch=false zoom=1.000
[building-visual] queue_probe ticks=2 queued=0 chunk=-1 camera_rect=[P: (-25.6, -25.6), S: (51.2, 51.2)] prefetch=false zoom=1.000
[native_generation/base] path=gdext algorithm=post_base_priority_flood_hydrology_v3 n=1120 native_ms=5.699 water=504 land=616
[native_generation/post_base] path=gdext algorithm=post_base_priority_flood_hydrology_v3 n=1120 native_ms=1.558 lakes=9 rivers=103 volcanoes=0
[native_generation/vegetation] native_ms=0.625 candidates=608 none=357 score=[0.272,1.023,1.090] plant_water_land=615 river_adjacent_desert=0 coastal_highland_desert=2 terrain_weight=[0.180,1.200]
[native_generation/qa] single_water=0 tiny<=3=0 small<=5=0 bodies=3 largest=389 | land_below_sea=0.0% | terr_distinct=24 entropy=3.584bit | river_ratio=9.196%
MapGenerator v7: per-cell 74ms (1120 cells, path=gdext)
[building-visual] queue_probe ticks=3 queued=0 chunk=-1 camera_rect=[P: (-25.6, -25.6), S: (51.2, 51.2)] prefetch=false zoom=1.000
MapBaker v6: hm=(1024, 642) seed=20260727
    [fused] terrain=120.6ms erosion=2.6ms(ok=true) river=13.9ms(ok=true) latitude=0.1ms coast_sdf=7.7ms(ok=true)
  geometry fields (fused C++): 226ms
  physical circulation hex solve: deferred until DCWorldExt bind (ext=true idx=true soa=false)
  wind/ocean pixel buffers: skipped (ocean_current_visual off)
  visual tiles: {"degradation_reason":"","effective_budget_px":848256,"effective_texels_per_hex":16.2265688080802,"effective_world_units_per_texel":"(1.351245, 1.360372)","estimated_peak_bytes":33789600,"estimated_resident_bytes":19927200,"fallback_reason":"","generation_id":1,"grid_size":"(3, 2)","gutter_px":2,"hex_size":22.0,"horizon_path":"neutral_pending","interior_size":"(376, 376)","layer_size":"(380, 380)","layers":[{"bake_ms":68.0658,"coast_sdf_max_dist_px":9.40103277785189,"distance_scale":1.17512909723149,"edge_distance_saturate_hex":0.9,"edge_distance_units":"normalized_hex_center_gap","hashes":{"edge_distance":1331980989861818153,"edge_neighbor":-3517305477631569988,"height":-7734456765340829180,"map_index":2471150391189411876,"terrain_detail":-7896135271980547499,"terrain_normal":-7630767749991322152,"water_depth":2076619412556309755},"layer":0,"normal_radius_px":"(22, 22)","raster_scale":"(1.178931, 1.17134)","river_sdf_max_dist_px":4.1129518403102,"shore_carve_band_px":7,"upload_ms":0.099,"wall_ms":68.339},{"bake_ms":107.0849,"coast_sdf_max_dist_px":9.40103277785189,"distance_scale":1.17512909723149,"edge_distance_saturate_hex":0.9,"edge_distance_units":"normalized_hex_center_gap","hashes":{"edge_distance":-4404186102207389821,"edge_neighbor":8031397941280547614,"height":-5112742647955150763,"map_index":-162998467747474203,"terrain_detail":-91899755108792190,"terrain_normal":-2429532485970796889,"water_depth":2746268769570086758},"layer":1,"normal_radius_px":"(22, 22)","raster_scale":"(1.178931, 1.17134)","river_sdf_max_dist_px":4.1129518403102,"shore_carve_band_px":7,"upload_ms":0.074,"wall_ms":107.289},{"bake_ms":79.1555,"coast_sdf_max_dist_px":9.40103277785189,"distance_scale":1.17512909723149,"edge_distance_saturate_hex":0.9,"edge_distance_units":"normalized_hex_center_gap","hashes":{"edge_distance":7048720510494367534,"edge_neighbor":-1582934492763185784,"height":-4698155937780020362,"map_index":3963826210735776191,"terrain_detail":-1744931525476400408,"terrain_normal":-6832414917448938308,"water_depth":-4425523581872067304},"layer":2,"normal_radius_px":"(22, 22)","raster_scale":"(1.178931, 1.17134)","river_sdf_max_dist_px":4.1129518403102,"shore_carve_band_px":7,"upload_ms":0.069,"wall_ms":79.343},{"bake_ms":99.7414,"coast_sdf_max_dist_px":9.40103277785189,"distance_scale":1.17512909723149,"edge_distance_saturate_hex":0.9,"edge_distance_units":"normalized_hex_center_gap","hashes":{"edge_distance":-6571001341703980542,"edge_neighbor":72796547103075503,"height":73997928745604571,"map_index":8369754197168460167,"terrain_detail":5867828221263733156,"terrain_normal":-3874874967494667562,"water_depth":4946403991976629452},"layer":3,"normal_radius_px":"(22, 22)","raster_scale":"(1.178931, 1.17134)","river_sdf_max_dist_px":4.1129518403102,"shore_carve_band_px":7,"upload_ms":0.076,"wall_ms":99.947},{"bake_ms":111.9257,"coast_sdf_max_dist_px":9.40103277785189,"distance_scale":1.17512909723149,"edge_distance_saturate_hex":0.9,"edge_distance_units":"normalized_hex_center_gap","hashes":{"edge_distance":-3778547524298188173,"edge_neighbor":8179792630409943932,"height":7330316109307143672,"map_index":7674762573241441093,"terrain_detail":-3970662104026916362,"terrain_normal":-3249071958028052071,"water_depth":-1419113809059234939},"layer":4,"normal_radius_px":"(22, 22)","raster_scale":"(1.178931, 1.17134)","river_sdf_max_dist_px":4.1129518403102,"shore_carve_band_px":7,"upload_ms":0.076,"wall_ms":112.118},{"bake_ms":83.1651,"coast_sdf_max_dist_px":9.40103277785189,"distance_scale":1.17512909723149,"edge_distance_saturate_hex":0.9,"edge_distance_units":"normalized_hex_center_gap","hashes":{"edge_distance":-7229601916608515461,"edge_neighbor":245592255026156022,"height":-4977902427230268184,"map_index":7662757603411044879,"terrain_detail":963001483344456992,"terrain_normal":-7187680349342004486,"water_depth":-642644595805670792},"layer":5,"normal_radius_px":"(22, 22)","raster_scale":"(1.178931, 1.17134)","river_sdf_max_dist_px":4.1129518403102,"shore_carve_band_px":7,"upload_ms":0.079,"wall_ms":83.377}],"logical_size":"(1128, 752)","mode":"tiled","path":"visual_tiled_static","profile":"desktop_high","renderer":"mobile","requested_budget_px":825096,"requested_texels_per_hex":16.0,"requested_tile_world_span":"(704.0, 704.0)","requested_world_units_per_texel":1.375,"tile_world_area":259876.903381348,"tile_world_span":"(508.0682, 511.5)","total_ms":552.607,"visual_domain":"[P: (0.0, -44.0), S: (1524.205, 1023.0)]","wrap_period_x":1524.20471066061,"wrap_x":true}
Godot_v4.6.2-stable_win64_console.exe : WARNING: Loaded resource as image file, this will not work on export: 'res://as
sets/textures/terrain_materials/organic.png'. Instead, import the image file as an Image resource and load it normally 
as a resource.
所在位置 C:\Users\hkinghuang\AppData\Local\Temp\ps-script-65499d03-52e3-43d5-8ce6-b5417be37883.ps1:96 字符: 1
+ & 'D:\Godot\Godot_v4.6.2-stable_win64.exe\Godot_v4.6.2-stable_win64_c ...
+ ~~~~~~~~~~~~~~~~~~~~~~~~~~~~~~~~~~~~~~~~~~~~~~~~~~~~~~~~~~~~~~~~~~~~~
    + CategoryInfo          : NotSpecified: (WARNING: Loaded... as a resource.:String) [], RemoteException
    + FullyQualifiedErrorId : NativeCommandError
 
   at: load (core/io/image.cpp:2756)
   GDScript backtrace (most recent call first):
       [0] _build_terrain_material_tex (res://scripts/rendering/map_baker.gd:360)
       [1] get_or_build_shared_terrain_material_tex (res://scripts/rendering/map_baker.gd:343)
       [2] bake_world (res://scripts/rendering/map_baker.gd:1187)
       [3] _yield_generation_frame (res://scripts/rendering/map_baker.gd:1225)
WARNING: Loaded resource as image file, this will not work on export: 'res://assets/textures/terrain_materials/dry_sand
.png'. Instead, import the image file as an Image resource and load it normally as a resource.
   at: load (core/io/image.cpp:2756)
   GDScript backtrace (most recent call first):
       [0] _build_terrain_material_tex (res://scripts/rendering/map_baker.gd:360)
       [1] get_or_build_shared_terrain_material_tex (res://scripts/rendering/map_baker.gd:343)
       [2] bake_world (res://scripts/rendering/map_baker.gd:1187)
       [3] _yield_generation_frame (res://scripts/rendering/map_baker.gd:1225)
WARNING: Loaded resource as image file, this will not work on export: 'res://assets/textures/terrain_materials/rock.png
'. Instead, import the image file as an Image resource and load it normally as a resource.
   at: load (core/io/image.cpp:2756)
   GDScript backtrace (most recent call first):
       [0] _build_terrain_material_tex (res://scripts/rendering/map_baker.gd:360)
       [1] get_or_build_shared_terrain_material_tex (res://scripts/rendering/map_baker.gd:343)
       [2] bake_world (res://scripts/rendering/map_baker.gd:1187)
       [3] _yield_generation_frame (res://scripts/rendering/map_baker.gd:1225)
WARNING: Loaded resource as image file, this will not work on export: 'res://assets/textures/terrain_materials/snow_wet
.png'. Instead, import the image file as an Image resource and load it normally as a resource.
   at: load (core/io/image.cpp:2756)
   GDScript backtrace (most recent call first):
       [0] _build_terrain_material_tex (res://scripts/rendering/map_baker.gd:360)
       [1] get_or_build_shared_terrain_material_tex (res://scripts/rendering/map_baker.gd:343)
       [2] bake_world (res://scripts/rendering/map_baker.gd:1187)
       [3] _yield_generation_frame (res://scripts/rendering/map_baker.gd:1225)
  cell LUT encode: deferred until DCWorldExt bind
  encode: 3672ms
MapBaker v6: total 3907ms
MapGenerator v7: bake 3930ms
MapGenerator: skip _compute_ocean_currents (physical-hex path writes per-cell directly)
MapGenerator: skip _compute_terrain_perturbed_wind (physical-hex solver writes per-cell)
[SUS] sim budget strict=false frame=8.00ms warn=2.00ms slice=0.75ms upload=1.50ms scheduler=DCSystemScheduler native_sus=auto
[DCWorldExt] bind_map_data: 148 components bound (auto-registered=148; snapshot model; see world_ext.cpp comment & charter 脗搂11)
[DataCore] _data_core_world_ext bound=true (climate co-processor; class=DCWorldExt)
[native_world] configure rc=0 reason=configured cells=1120 wrap_period_x=69.282
[native_generation] path=gdext n=1120 published=9 native_ms=0.129 compute_ms=0.056 flush_ms=0.073
[hex_cell] facade ENABLED (1120 cells bound; ext=true)
[DataCore] _baker climate_profile injected=true (fixes WorldData.config==null sea_ice prepare path)
[phys_solve][oneshot] OK slp=0.82ms wind=0.25ms psi=0.13ms(ran=true) upwelling=0.05ms total=1.51ms
PhysicalCirculation solve@phase=1.50 total=2ms (C++ one-shot run_physical_solve_pass)
  wind/ocean pixel buffers: skipped (ocean_current_visual off)
[physical_init] deferred native refresh complete: 2ms
[cell_lut] deferred encode: 0ms path=gdext
[bio-occupancy] seed landmasses=5 provinces=5 species=20 secondary_hearths=0
[bio-occupancy]   bio.maize envelope=131 hearth=71 seeded_landmasses=1 primary_landmass=1 primary_envelope=130 occupied=71 occupied/envelope=0.55
[bio-occupancy]   bio.wheat envelope=147 hearth=15 seeded_landmasses=1 primary_landmass=1 primary_envelope=134 occupied=15 occupied/envelope=0.11
[bio-occupancy]   bio.rice envelope=40 hearth=3 seeded_landmasses=1 primary_landmass=1 primary_envelope=37 occupied=3 occupied/envelope=0.08
[bio-occupancy]   bio.potato envelope=119 hearth=55 seeded_landmasses=1 primary_landmass=1 primary_envelope=106 occupied=55 occupied/envelope=0.52
[bio-occupancy]   bio.horse envelope=169 hearth=73 seeded_landmasses=1 primary_landmass=1 primary_envelope=155 occupied=73 occupied/envelope=0.47
[bio-occupancy]   bio.cotton envelope=157 hearth=86 seeded_landmasses=1 primary_landmass=1 primary_envelope=157 occupied=86 occupied/envelope=0.55
[bio-occupancy]   bio.flax envelope=143 hearth=64 seeded_landmasses=1 primary_landmass=1 primary_envelope=130 occupied=64 occupied/envelope=0.49
[bio-occupancy]   bio.spice envelope=68 hearth=3 seeded_landmasses=1 primary_landmass=1 primary_envelope=68 occupied=3 occupied/envelope=0.04
[bio-occupancy]   bio.rubber envelope=42 hearth=19 seeded_landmasses=1 primary_landmass=1 primary_envelope=42 occupied=19 occupied/envelope=0.45
[bio-occupancy]   bio.sheep envelope=69 hearth=4 seeded_landmasses=1 primary_landmass=1 primary_envelope=63 occupied=4 occupied/envelope=0.06
[bio-occupancy]   bio.goat envelope=313 hearth=54 seeded_landmasses=1 primary_landmass=1 primary_envelope=289 occupied=54 occupied/envelope=0.19
[bio-occupancy]   bio.cattle envelope=48 hearth=25 seeded_landmasses=1 primary_landmass=1 primary_envelope=48 occupied=25 occupied/envelope=0.52
[bio-occupancy]   bio.pig envelope=126 hearth=12 seeded_landmasses=1 primary_landmass=1 primary_envelope=119 occupied=12 occupied/envelope=0.10
[bio-occupancy]   bio.camel envelope=68 hearth=15 seeded_landmasses=1 primary_landmass=1 primary_envelope=68 occupied=15 occupied/envelope=0.22
[bio-occupancy]   bio.yak envelope=100 hearth=44 seeded_landmasses=1 primary_landmass=1 primary_envelope=87 occupied=44 occupied/envelope=0.51
[bio-occupancy]   bio.silkworm envelope=74 hearth=15 seeded_landmasses=1 primary_landmass=1 primary_envelope=74 occupied=15 occupied/envelope=0.20
[bio-occupancy]   bio.reed envelope=103 hearth=9 seeded_landmasses=1 primary_landmass=1 primary_envelope=98 occupied=9 occupied/envelope=0.09
[bio-occupancy]   bio.bast_fiber envelope=132 hearth=11 seeded_landmasses=1 primary_landmass=1 primary_envelope=119 occupied=11 occupied/envelope=0.09
[bio-occupancy]   bio.dye_plant envelope=163 hearth=28 seeded_landmasses=1 primary_landmass=1 primary_envelope=163 occupied=28 occupied/envelope=0.17
[bio-occupancy]   bio.medicinal_herb envelope=164 hearth=34 seeded_landmasses=1 primary_landmass=1 primary_envelope=149 occupied=34 occupied/envelope=0.23
[bio-occupancy]   landmass 1 classes=cold_grazer, fiber_forest, fiber_wet, dry_grazer, highland_food, open_grazer, fiber_open, open_food, wetland_food, tropical, forest_grazer foods=potato, wheat, rice, maize
[bio-occupancy]   landmass 2 classes=none foods=none
[bio-occupancy]   landmass 3 classes=none foods=none
[bio-occupancy]   landmass 4 classes=none foods=none
[bio-occupancy]   landmass 5 classes=none foods=none
[weather] gdext acceleration ON (class=DCWorldExt)
[weather] gdext field commit ON
[weather] gdext distribute ON
[weather] gdext summary ON
[weather] hexcell facade ON (skip AoS double-write in hot loop)
[weather] gdext resident knobs ON (class=KnobsHandle)
[economy] ACTIVE native graph cells=1120 goods=134 cohorts=16 epoch_days=1 trade=ACTIVE topology_ready=true topology_generation=1 bootstrap=starter_settlement_bootstrap_v9 founder_families=4 founder_people=4
[country] ACTIVE native authority countries=4 cells=1120 generation=1
[weather/knobs] resident KnobsHandle path ACTIVE 鈥?first to_*_knobs_dict hit (field_rebuild_count=1 expected 鈮?; stable Hz target 鈮? Hz)
[native_daily] ACTIVE: registered native_daily_sim + natural_resource_daily + bio_occupancy_daily; retained season_refresh + ocean_currents boundary jobs
[DCSystemScheduler] topology: ["season_refresh", "trigger_runtime", "ideology_runtime", "effect_runtime", "modifier_daily", "gameplay_effect", "natural_resource_daily", "bio_occupancy_daily", "enum_atlas_upload", "ocean_currents", "native_daily_sim", "dynamic_visual_atlas_upload", "country_daily", "economy_daily"]
WARNING: [runtime-climate-round] no ClimateDailySystem; SHADOW capture carries no shared pass input
   at: push_warning (core/variant/variant_utility.cpp:1034)
   GDScript backtrace (most recent call first):
       [0] _build_runtime_climate_round_input (res://scripts/geography/map_generator.gd:4666)
       [1] capture_runtime_inputs_for_worker (res://scripts/geography/map_generator.gd:2356)
       [2] generate_world (res://scripts/game/world_runtime_host.gd:715)
       [3] generate (res://scripts/geography/map_generator.gd:1606)
       [4] _yield_generation_frame (res://scripts/geography/map_generator.gd:19913)
WARNING: [runtime-worker] Ideology opinion publish deferred: ideology_opinion_snapshot_invalid
   at: push_warning (core/variant/variant_utility.cpp:1034)
   GDScript backtrace (most recent call first):
       [0] _start_production_shadow_worker (res://scripts/game/world_runtime_host.gd:806)
       [1] generate_world (res://scripts/game/world_runtime_host.gd:724)
       [2] generate (res://scripts/geography/map_generator.gd:1606)
       [3] _yield_generation_frame (res://scripts/geography/map_generator.gd:19913)
[runtime-worker] production ACTIVE started mask=4095 auto_pod=true
[runtime-day-wait] day=1 env_day=0 missing=0x3ff economy_input=-1
[building-visual] intel_refresh requested=61 changed=1 known=1 catalog=400 resident=0 body=0 queued=0 zoom=1.000
  [PASS] new game reached ready runtime
  [PASS] new game binds a valid player country for vision
  [PASS] new game has non-empty explored progress
  [PASS] save before first settlement is rejected with its own code
  [PASS] rejected early save leaves the worker healthy
[DCSystemScheduler][RT] ocean_skip#1 tick=1 reason=policy_gated slices=0 elapsed=0.000 progress=0.000 source=day_changed
[climate][publish] day=0 round_ran=1 prod_stage=0xff scalar_mask=0x7f alb=0 veg=0 fb=0 weather=0 sr=0 ok=1
[climate/worker][b8] physics_knobs day=1 ready=0 missing=physics_knobs
[climate-kernel][round] shared=1 ok=1 n_cells=1120 mask=0x1FF ran=0x1FF starved=0x0 knobs_cells=1120
[country][parity] worker_day=1 uncompared reference_range=-1..-1 depth=0
[DCSystemScheduler][RT] ocean_skip#2 tick=2 reason=policy_gated slices=0 elapsed=0.000 progress=0.000 source=day_changed
[climate/writeback][b8] day=1 vapor store0=0 map0=0 dirty_fields=42 applied=42
[phys/knobs] projection ready: slp=31 wind=33 psi=26 up=10
[climate/worker][b8] physics_knobs day=2 ready=1 missing=
[climate/worker][b8] paw day=2 cell=18 moisture=0.537441 wb30=0 soil=0 paw=0.537441 zeros(water=504 land=1) nonzero=615
 weights(wb=0.35 soil=0.25 dry=0.65) round=1 distribute=1 hydrology=0
[climate/worker][b8] cyclone_gate day=2 input_enabled=0 force_env=0 effective=0
[climate/worker][b8] weather_solve day=2 cells=1120 psi=1 vapor0=0.101275 precip0=0 cloud0=0.0415725 type0=0 field_init
0=1
[country][parity] worker_day=2 uncompared reference_range=-1..-1 depth=0
  [PASS] new game reaches its first economy settlement
  [PASS] income tax change is admitted
[economy-mirror-cost] day=2 capture_ms=2.317 import_ms=4.332
[climate/writeback][b8] day=2 vapor store0=0.101275 map0=0.101275 dirty_fields=54 applied=54
[clock/step] delta=6.7ms speed=8x target=0.05d cap=0.45d/f cost=17.91ms ran=0 pulse=0.00ms loop=0.00ms full=0.35ms carry=0.37 barrier=
[climate/worker][b8] physics_knobs day=3 ready=1 missing=
[climate/worker][b8] paw day=3 cell=18 moisture=0.510051 wb30=-8.94949e-05 soil=-0.000214788 paw=0.509993 zeros(water=5
04 land=1) nonzero=615 weights(wb=0.35 soil=0.25 dry=0.65) round=1 distribute=1 hydrology=0
[climate/worker][b8] cyclone_gate day=3 input_enabled=0 force_env=0 effective=0
[climate/worker][b8] weather_solve day=3 cells=1120 psi=1 vapor0=0.0938431 precip0=0 cloud0=0.0499095 type0=0 field_ini
t0=1
[country][parity] worker_day=3 uncompared reference_range=-1..-1 depth=0
[economy-mirror-cost] day=3 capture_ms=1.796 import_ms=5.017
[climate/writeback][b8] day=3 vapor store0=0.0938431 map0=0.0938431 dirty_fields=54 applied=54
[climate/worker][b8] physics_knobs day=4 ready=1 missing=
[climate/worker][b8] paw day=4 cell=18 moisture=0.50633 wb30=-0.00017516 soil=-0.0004211 paw=0.506216 zeros(water=504 l
and=1) nonzero=615 weights(wb=0.35 soil=0.25 dry=0.65) round=1 distribute=1 hydrology=0
[climate/worker][b8] weather_solve day=4 cells=1120 psi=1 vapor0=0.0919391 precip0=0 cloud0=0.0493098 type0=0 field_ini
t0=1
[country][parity] worker_day=4 uncompared reference_range=-1..-1 depth=0
[country][parity] worker_day=4 uncompared reference_range=-1..-1 depth=0
[economy-mirror-cost] day=4 capture_ms=1.396 import_ms=3.995
[climate/writeback][b8] day=4 vapor store0=0.0919391 map0=0.0919391 dirty_fields=54 applied=54
[climate/worker][b8] physics_knobs day=5 ready=1 missing=
[climate/worker][b8] paw day=5 cell=18 moisture=0.502617 wb30=-0.000257125 soil=-0.000619196 paw=0.50245 zeros(water=50
4 land=2) nonzero=614 weights(wb=0.35 soil=0.25 dry=0.65) round=1 distribute=1 hydrology=0
[climate/worker][b8] weather_solve day=5 cells=1120 psi=1 vapor0=0.0915698 precip0=0 cloud0=0.0474557 type0=0 field_ini
t0=1
[country][parity] worker_day=5 uncompared reference_range=-1..-1 depth=0
[country][parity] worker_day=5 uncompared reference_range=-1..-1 depth=0
[climate/worker][b8] physics_knobs day=6 ready=1 missing=
[climate/worker][b8] paw day=6 cell=18 moisture=0.499782 wb30=-0.000335713 soil=-0.000809801 paw=0.499563 zeros(water=5
04 land=1) nonzero=615 weights(wb=0.35 soil=0.25 dry=0.65) round=1 distribute=1 hydrology=0
[country][parity] worker_day=6 uncompared reference_range=-1..-1 depth=0
[climate/worker][b8] paw day=7 cell=18 moisture=0.49739 wb30=-0.000411137 soil=-0.000993382 paw=0.497123 zeros(water=50
4 land=1) nonzero=615 weights(wb=0.35 soil=0.25 dry=0.65) round=1 distribute=1 hydrology=0
[climate/worker][b8] paw day=8 cell=18 moisture=0.491735 wb30=-0.000482761 soil=-0.00116837 paw=0.491422 zeros(water=50
4 land=1) nonzero=615 weights(wb=0.35 soil=0.25 dry=0.65) round=1 distribute=1 hydrology=0
[climate/worker][b8] paw day=9 cell=18 moisture=0.491141 wb30=-0.000551862 soil=-0.00133778 paw=0.490782 zeros(water=50
4 land=1) nonzero=615 weights(wb=0.35 soil=0.25 dry=0.65) round=1 distribute=1 hydrology=0
[climate/worker][b8] paw day=10 cell=18 moisture=0.490453 wb30=-0.000618503 soil=-0.00150173 paw=0.490051 zeros(water=5
04 land=1) nonzero=615 weights(wb=0.35 soil=0.25 dry=0.65) round=1 distribute=1 hydrology=0
[climate/worker][b8] paw day=11 cell=18 moisture=0.490149 wb30=-0.000682853 soil=-0.0016606 paw=0.489706 zeros(water=50
4 land=1) nonzero=615 weights(wb=0.35 soil=0.25 dry=0.65) round=1 distribute=1 hydrology=0
[climate/worker][b8] paw day=12 cell=18 moisture=0.489519 wb30=-0.000744916 soil=-0.00181436 paw=0.489035 zeros(water=5
04 land=1) nonzero=615 weights(wb=0.35 soil=0.25 dry=0.65) round=1 distribute=1 hydrology=0
[climate/worker][b8] paw day=13 cell=18 moisture=0.489244 wb30=-0.000804846 soil=-0.00196336 paw=0.488721 zeros(water=5
04 land=1) nonzero=615 weights(wb=0.35 soil=0.25 dry=0.65) round=1 distribute=1 hydrology=0
[clock/step] delta=8.3ms speed=8x target=0.07d cap=2.02d/f cost=3.96ms ran=0 pulse=0.00ms loop=0.00ms full=0.24ms carry=0.08 barrier=
  [PASS] country state actually changed on the worker before saving
  [PASS] PKSV manual save completed
  [PASS] save header declares technology industry revision 2
  [PASS] provider manifest declares technology industry revision 2
  [PASS] saved slot is visible and loadable
  [PASS] save restores request-time pause state
  [PASS] save never persists an empty explored bitmap
  [PASS] load request accepted
[ui-layout-diag/bind_ui] is_web=false viewport_visible_rect=[P: (0.0, 0.0), S: (51.2, 51.2)] window_size=(64, 64) content_scale_factor=1.250 content_scale_mode=0 device_pixel_ratio=-1.000 top_bar_rect=[P: (0.0, 0.0), S: (543.0, 56.0)] right_panel_rect=[P: (-408.8, 68.0), S: (460.0, 366.0)] country_action_bar_rect=[P: (8.0, -30.8), S: (336.0, 74.0)]
[building-visual] queue_probe ticks=1 queued=0 chunk=-1 camera_rect=[P: (-25.6, -25.6), S: (51.2, 51.2)] prefetch=false zoom=1.000
[building-visual] queue_probe ticks=2 queued=0 chunk=-1 camera_rect=[P: (-25.6, -25.6), S: (51.2, 51.2)] prefetch=false zoom=1.000
[native_generation/base] path=gdext algorithm=post_base_priority_flood_hydrology_v3 n=1120 native_ms=4.409 water=504 land=616
[native_generation/post_base] path=gdext algorithm=post_base_priority_flood_hydrology_v3 n=1120 native_ms=1.097 lakes=9 rivers=103 volcanoes=0
[native_generation/vegetation] native_ms=0.476 candidates=608 none=357 score=[0.272,1.023,1.090] plant_water_land=615 river_adjacent_desert=0 coastal_highland_desert=2 terrain_weight=[0.180,1.200]
[native_generation/qa] single_water=0 tiny<=3=0 small<=5=0 bodies=3 largest=389 | land_below_sea=0.0% | terr_distinct=24 entropy=3.584bit | river_ratio=9.196%
MapGenerator v7: per-cell 30ms (1120 cells, path=gdext)
[building-visual] queue_probe ticks=3 queued=0 chunk=-1 camera_rect=[P: (-25.6, -25.6), S: (51.2, 51.2)] prefetch=false zoom=1.000
MapBaker v6: hm=(1024, 642) seed=20260727
    [fused] terrain=88.4ms erosion=2.8ms(ok=true) river=14.2ms(ok=true) latitude=0.1ms coast_sdf=5.6ms(ok=true)
  geometry fields (fused C++): 184ms
  physical circulation hex solve: deferred until DCWorldExt bind (ext=true idx=true soa=false)
  wind/ocean pixel buffers: skipped (ocean_current_visual off)
  visual tiles: {"degradation_reason":"","effective_budget_px":848256,"effective_texels_per_hex":16.2265688080802,"effective_world_units_per_texel":"(1.351245, 1.360372)","estimated_peak_bytes":33789600,"estimated_resident_bytes":19927200,"fallback_reason":"","generation_id":1,"grid_size":"(3, 2)","gutter_px":2,"hex_size":22.0,"horizon_path":"neutral_pending","interior_size":"(376, 376)","layer_size":"(380, 380)","layers":[{"bake_ms":70.5807,"coast_sdf_max_dist_px":9.40103277785189,"distance_scale":1.17512909723149,"edge_distance_saturate_hex":0.9,"edge_distance_units":"normalized_hex_center_gap","hashes":{"edge_distance":1331980989861818153,"edge_neighbor":-3517305477631569988,"height":-7734456765340829180,"map_index":2471150391189411876,"terrain_detail":-7896135271980547499,"terrain_normal":-7630767749991322152,"water_depth":2076619412556309755},"layer":0,"normal_radius_px":"(22, 22)","raster_scale":"(1.178931, 1.17134)","river_sdf_max_dist_px":4.1129518403102,"shore_carve_band_px":7,"upload_ms":0.144,"wall_ms":70.84},{"bake_ms":108.7529,"coast_sdf_max_dist_px":9.40103277785189,"distance_scale":1.17512909723149,"edge_distance_saturate_hex":0.9,"edge_distance_units":"normalized_hex_center_gap","hashes":{"edge_distance":-4404186102207389821,"edge_neighbor":8031397941280547614,"height":-5112742647955150763,"map_index":-162998467747474203,"terrain_detail":-91899755108792190,"terrain_normal":-2429532485970796889,"water_depth":2746268769570086758},"layer":1,"normal_radius_px":"(22, 22)","raster_scale":"(1.178931, 1.17134)","river_sdf_max_dist_px":4.1129518403102,"shore_carve_band_px":7,"upload_ms":0.082,"wall_ms":108.96},{"bake_ms":77.3686,"coast_sdf_max_dist_px":9.40103277785189,"distance_scale":1.17512909723149,"edge_distance_saturate_hex":0.9,"edge_distance_units":"normalized_hex_center_gap","hashes":{"edge_distance":7048720510494367534,"edge_neighbor":-1582934492763185784,"height":-4698155937780020362,"map_index":3963826210735776191,"terrain_detail":-1744931525476400408,"terrain_normal":-6832414917448938308,"water_depth":-4425523581872067304},"layer":2,"normal_radius_px":"(22, 22)","raster_scale":"(1.178931, 1.17134)","river_sdf_max_dist_px":4.1129518403102,"shore_carve_band_px":7,"upload_ms":0.083,"wall_ms":77.555},{"bake_ms":101.9719,"coast_sdf_max_dist_px":9.40103277785189,"distance_scale":1.17512909723149,"edge_distance_saturate_hex":0.9,"edge_distance_units":"normalized_hex_center_gap","hashes":{"edge_distance":-6571001341703980542,"edge_neighbor":72796547103075503,"height":73997928745604571,"map_index":8369754197168460167,"terrain_detail":5867828221263733156,"terrain_normal":-3874874967494667562,"water_depth":4946403991976629452},"layer":3,"normal_radius_px":"(22, 22)","raster_scale":"(1.178931, 1.17134)","river_sdf_max_dist_px":4.1129518403102,"shore_carve_band_px":7,"upload_ms":0.082,"wall_ms":102.173},{"bake_ms":112.7,"coast_sdf_max_dist_px":9.40103277785189,"distance_scale":1.17512909723149,"edge_distance_saturate_hex":0.9,"edge_distance_units":"normalized_hex_center_gap","hashes":{"edge_distance":-3778547524298188173,"edge_neighbor":8179792630409943932,"height":7330316109307143672,"map_index":7674762573241441093,"terrain_detail":-3970662104026916362,"terrain_normal":-3249071958028052071,"water_depth":-1419113809059234939},"layer":4,"normal_radius_px":"(22, 22)","raster_scale":"(1.178931, 1.17134)","river_sdf_max_dist_px":4.1129518403102,"shore_carve_band_px":7,"upload_ms":0.079,"wall_ms":112.926},{"bake_ms":93.0755,"coast_sdf_max_dist_px":9.40103277785189,"distance_scale":1.17512909723149,"edge_distance_saturate_hex":0.9,"edge_distance_units":"normalized_hex_center_gap","hashes":{"edge_distance":-7229601916608515461,"edge_neighbor":245592255026156022,"height":-4977902427230268184,"map_index":7662757603411044879,"terrain_detail":963001483344456992,"terrain_normal":-7187680349342004486,"water_depth":-642644595805670792},"layer":5,"normal_radius_px":"(22, 22)","raster_scale":"(1.178931, 1.17134)","river_sdf_max_dist_px":4.1129518403102,"shore_carve_band_px":7,"upload_ms":0.078,"wall_ms":93.284}],"logical_size":"(1128, 752)","mode":"tiled","path":"visual_tiled_static","profile":"desktop_high","renderer":"mobile","requested_budget_px":825096,"requested_texels_per_hex":16.0,"requested_tile_world_span":"(704.0, 704.0)","requested_world_units_per_texel":1.375,"tile_world_area":259876.903381348,"tile_world_span":"(508.0682, 511.5)","total_ms":568.04,"visual_domain":"[P: (0.0, -44.0), S: (1524.205, 1023.0)]","wrap_period_x":1524.20471066061,"wrap_x":true}
  cell LUT encode: deferred until DCWorldExt bind
  encode: 3296ms
MapBaker v6: total 3489ms
MapGenerator v7: bake 3514ms
MapGenerator: skip _compute_ocean_currents (physical-hex path writes per-cell directly)
MapGenerator: skip _compute_terrain_perturbed_wind (physical-hex solver writes per-cell)
[SUS] sim budget strict=false frame=8.00ms warn=2.00ms slice=0.75ms upload=1.50ms scheduler=DCSystemScheduler native_sus=auto
[DCWorldExt] bind_map_data: 148 components bound (auto-registered=148; snapshot model; see world_ext.cpp comment & charter 脗搂11)
[DataCore] _data_core_world_ext bound=true (climate co-processor; class=DCWorldExt)
[native_world] configure rc=0 reason=configured cells=1120 wrap_period_x=69.282
[native_generation] path=gdext n=1120 published=9 native_ms=0.062 compute_ms=0.027 flush_ms=0.034
[hex_cell] facade ENABLED (1120 cells bound; ext=true)
[DataCore] _baker climate_profile injected=true (fixes WorldData.config==null sea_ice prepare path)
[phys_solve][oneshot] OK slp=1.12ms wind=0.21ms psi=0.15ms(ran=true) upwelling=0.03ms total=1.76ms
PhysicalCirculation solve@phase=1.50 total=2ms (C++ one-shot run_physical_solve_pass)
  wind/ocean pixel buffers: skipped (ocean_current_visual off)
[physical_init] deferred native refresh complete: 2ms
[cell_lut] deferred encode: 1ms path=gdext
[bio-occupancy] seed landmasses=5 provinces=5 species=20 secondary_hearths=0
[bio-occupancy]   bio.maize envelope=131 hearth=71 seeded_landmasses=1 primary_landmass=1 primary_envelope=130 occupied=71 occupied/envelope=0.55
[bio-occupancy]   bio.wheat envelope=147 hearth=15 seeded_landmasses=1 primary_landmass=1 primary_envelope=134 occupied=15 occupied/envelope=0.11
[bio-occupancy]   bio.rice envelope=40 hearth=3 seeded_landmasses=1 primary_landmass=1 primary_envelope=37 occupied=3 occupied/envelope=0.08
[bio-occupancy]   bio.potato envelope=119 hearth=55 seeded_landmasses=1 primary_landmass=1 primary_envelope=106 occupied=55 occupied/envelope=0.52
[bio-occupancy]   bio.horse envelope=169 hearth=73 seeded_landmasses=1 primary_landmass=1 primary_envelope=155 occupied=73 occupied/envelope=0.47
[bio-occupancy]   bio.cotton envelope=157 hearth=86 seeded_landmasses=1 primary_landmass=1 primary_envelope=157 occupied=86 occupied/envelope=0.55
[bio-occupancy]   bio.flax envelope=143 hearth=64 seeded_landmasses=1 primary_landmass=1 primary_envelope=130 occupied=64 occupied/envelope=0.49
[bio-occupancy]   bio.spice envelope=68 hearth=3 seeded_landmasses=1 primary_landmass=1 primary_envelope=68 occupied=3 occupied/envelope=0.04
[bio-occupancy]   bio.rubber envelope=42 hearth=19 seeded_landmasses=1 primary_landmass=1 primary_envelope=42 occupied=19 occupied/envelope=0.45
[bio-occupancy]   bio.sheep envelope=69 hearth=4 seeded_landmasses=1 primary_landmass=1 primary_envelope=63 occupied=4 occupied/envelope=0.06
[bio-occupancy]   bio.goat envelope=313 hearth=54 seeded_landmasses=1 primary_landmass=1 primary_envelope=289 occupied=54 occupied/envelope=0.19
[bio-occupancy]   bio.cattle envelope=48 hearth=25 seeded_landmasses=1 primary_landmass=1 primary_envelope=48 occupied=25 occupied/envelope=0.52
[bio-occupancy]   bio.pig envelope=126 hearth=12 seeded_landmasses=1 primary_landmass=1 primary_envelope=119 occupied=12 occupied/envelope=0.10
[bio-occupancy]   bio.camel envelope=68 hearth=15 seeded_landmasses=1 primary_landmass=1 primary_envelope=68 occupied=15 occupied/envelope=0.22
[bio-occupancy]   bio.yak envelope=100 hearth=44 seeded_landmasses=1 primary_landmass=1 primary_envelope=87 occupied=44 occupied/envelope=0.51
[bio-occupancy]   bio.silkworm envelope=74 hearth=15 seeded_landmasses=1 primary_landmass=1 primary_envelope=74 occupied=15 occupied/envelope=0.20
[bio-occupancy]   bio.reed envelope=103 hearth=9 seeded_landmasses=1 primary_landmass=1 primary_envelope=98 occupied=9 occupied/envelope=0.09
[bio-occupancy]   bio.bast_fiber envelope=132 hearth=11 seeded_landmasses=1 primary_landmass=1 primary_envelope=119 occupied=11 occupied/envelope=0.09
[bio-occupancy]   bio.dye_plant envelope=163 hearth=28 seeded_landmasses=1 primary_landmass=1 primary_envelope=163 occupied=28 occupied/envelope=0.17
[bio-occupancy]   bio.medicinal_herb envelope=164 hearth=34 seeded_landmasses=1 primary_landmass=1 primary_envelope=149 occupied=34 occupied/envelope=0.23
[bio-occupancy]   landmass 1 classes=cold_grazer, fiber_forest, fiber_wet, dry_grazer, highland_food, open_grazer, fiber_open, open_food, wetland_food, tropical, forest_grazer foods=potato, wheat, rice, maize
[bio-occupancy]   landmass 2 classes=none foods=none
[bio-occupancy]   landmass 3 classes=none foods=none
[bio-occupancy]   landmass 4 classes=none foods=none
[bio-occupancy]   landmass 5 classes=none foods=none
[weather] gdext acceleration ON (class=DCWorldExt)
[weather] gdext field commit ON
[weather] gdext distribute ON
[weather] gdext summary ON
[weather] hexcell facade ON (skip AoS double-write in hot loop)
[weather] gdext resident knobs ON (class=KnobsHandle)
[save/restore] country configured without bootstrap; awaiting PKCN
[weather/knobs] resident KnobsHandle path ACTIVE 鈥?first to_*_knobs_dict hit (field_rebuild_count=1 expected 鈮?; stable Hz target 鈮? Hz)
[native_daily] ACTIVE: registered native_daily_sim + natural_resource_daily + bio_occupancy_daily; retained season_refresh + ocean_currents boundary jobs
[DCSystemScheduler] topology: ["season_refresh", "effect_runtime", "gameplay_effect", "natural_resource_daily", "bio_occupancy_daily", "enum_atlas_upload", "ocean_currents", "native_daily_sim", "dynamic_visual_atlas_upload"]
[save/restore] PKCN restored; economy configured and awaiting PKEC
[DCSystemScheduler] topology: ["trigger_runtime", "ideology_runtime", "modifier_daily", "season_refresh", "effect_runtime", "gameplay_effect", "natural_resource_daily", "bio_occupancy_daily", "enum_atlas_upload", "ocean_currents", "native_daily_sim", "dynamic_visual_atlas_upload", "country_daily", "economy_daily"]
[save/restore] PKCN and PKEC restored; country/economy systems registered
[building-visual] intel_refresh requested=61 changed=0 known=1 catalog=400 resident=0 body=0 queued=0 zoom=1.000
WARNING: [runtime-climate-round] no ClimateDailySystem; SHADOW capture carries no shared pass input
   at: push_warning (core/variant/variant_utility.cpp:1034)
   GDScript backtrace (most recent call first):
       [0] _build_runtime_climate_round_input (res://scripts/geography/map_generator.gd:4666)
       [1] capture_runtime_inputs_for_worker (res://scripts/geography/map_generator.gd:2356)
       [2] generate_world (res://scripts/game/world_runtime_host.gd:715)
       [3] generate (res://scripts/geography/map_generator.gd:1606)
       [4] _yield_generation_frame (res://scripts/geography/map_generator.gd:19913)
WARNING: [runtime-worker] Ideology opinion publish deferred: ideology_opinion_snapshot_invalid
   at: push_warning (core/variant/variant_utility.cpp:1034)
   GDScript backtrace (most recent call first):
       [0] _start_production_shadow_worker (res://scripts/game/world_runtime_host.gd:806)
       [1] generate_world (res://scripts/game/world_runtime_host.gd:724)
       [2] generate (res://scripts/geography/map_generator.gd:1606)
       [3] _yield_generation_frame (res://scripts/geography/map_generator.gd:19913)
[runtime-worker] production ACTIVE started mask=4095 auto_pod=true
[runtime-day-wait] day=23 env_day=23 missing=0x100 economy_input=23
  [PASS] load reached ready runtime
  [PASS] load finalized restore-only country/economy bootstrap
  [PASS] restored native authorities are bootstrapped
  [PASS] restored economy trade topology is ready
[economy-mirror-cost] day=23 capture_ms=1.388 import_ms=2.610
  [PASS] round-trip hash clock
  [PASS] round-trip hash dynamic_world
  [PASS] round-trip hash environment
  [PASS] round-trip hash country
  [PASS] round-trip hash economy
  [PASS] round-trip hash session
  [PASS] round-trip hash explored
  [PASS] loaded country starts from the saved generation (21 -> 22)
  [PASS] capital country country_handle survives save/load (4294967296 -> 4294967296)
  [PASS] capital country technology_count survives save/load (5 -> 5)
  [PASS] capital country territory_count survives save/load (1 -> 1)
  [PASS] capital country nonzero_good_count survives save/load (1 -> 1)
  [PASS] capital country cash continues from the saved treasury (2500000486010 -> 2500000511332)
  [PASS] country tax policy survives save/load
  [PASS] load rebinds a valid player country for vision
  [PASS] load preserves non-empty explored progress
  [PASS] loaded clock retains unpaused zero-speed mode
[save-roundtrip/post-restore] before cycle clock={"climate_anomaly":0.0,"current_day":23.018954025563,"day_carry":0.0189540255630358,"last_day":23,"last_emit_day_phase":-1.0,"last_emit_season_phase":-1.0,"last_season":0,"last_year":0,"paused":false,"rng_seed":-651642349407062129,"rng_state":-5163191303543025995,"schema":"WorldClock","speed_multiplier":0.0,"version":1,"visual_day_phase":0.279960374999999} country={"aggregate_publish_ms":0.0521,"bootstrapped":true,"cell_count":1120,"cell_tax_authoritative_policy_count":0,"cell_tax_override_count":0,"cell_tax_shared_policy_count":0,"changed_cells":1120,"changed_countries":4,"command_apply_ms":0.0,"command_preflight_ms":0.0,"configured":true,"country_count":4,"country_day_barrier":false,"country_light_report_enabled":true,"country_report_build_ms":0.0372,"country_report_mode":"LIGHT","country_state_hash_ms":0.0009,"cursor_end":1124,"cursor_start":0,"day_index":22,"done":true,"economy_asset_ledger_failures":0,"economy_asset_transactions":{"commit_decisions":0,"complete":0,"completed":0,"created":0,"faulted":0,"history_size":0,"in_flight":0,"ledger_failures":0,"next_transaction_id":1,"operation_sequence":0,"prepared":0,"rejected":0,"reserved_cash":0,"reserved_goods":0,"reserved_research_points":0},"fail_stage":"","fallback":false,"fallback_reason":"","generation":21,"last_committed_day":22,"memory_bytes":0,"native_ms":0.0521,"path":"native_active","peer_async_mode":false,"peer_cached_results":0,"peer_intents_emitted":0,"peer_pending_intents":0,"peer_queued_intents":0,"peer_results_consumed":0,"pending_commands":0,"pending_latency_days":0,"published_to_slot":true,"report_build_ms":0.0372,"report_mode":"LIGHT","research_activation_ms":0.0,"research_active_countries":0,"research_allocation_ms":0.0,"research_countries_scanned":0,"research_discovery_checks":0,"research_discovery_frontier_mismatches":0,"research_discovery_ms":0.0,"research_effect_ack_ms":0.0,"research_full_scan_fallbacks":0,"research_generation":1,"research_modifier_cache_hits":0,"research_modifier_ms":0.0,"research_modifier_queries":0,"research_pending_checks":0,"research_pending_queue_enabled":true,"research_queue_rebuilds":0,"research_queue_size":-1,"research_remainder_iterations":0,"research_report_ms":0.0372,"runtime_mode":"ACTIVE","schema_version":13,"slot_publish_ms":0.0122,"stage":"aggregate_publish","state_generation":21,"state_hash":0,"state_hash_ms":0.0009,"state_hash_stale":true,"territory_generation":1,"visual_generation":0} economy={"accuracy_candidate_top_k":2,"accuracy_choice_temperature_q16":983,"accuracy_exact_probe_rate_q16":655,"accuracy_fallback_cooldown_epochs":10,"accuracy_household_tail_share_q16":655,"accuracy_max_regret_q16":1966,"active_unfunded_building_groups":1,"age_days":0,"approximation_authoritative":false,"approximation_certificate_failures":160,"approximation_cooldown_epochs_left":10,"approximation_decisions":200,"approximation_exact_fallbacks":160,"approximation_exact_probes":10,"approximation_frontier_candidates":980,"approximation_frontier_pruned":160,"approximation_large_world_scalar_guard":false,"approximation_max_observed_regret_q16":0,"approximation_model":"rolling_cell_settlement_v19_class_good_elasticity","approximation_probe_max_demand_error_q16":0,"approximation_probe_max_spend_error_q16":0,"approximation_probe_violations":0,"approximation_version":19,"audit_incomplete":false,"audit_incomplete_reason":"","audit_ms":0.7211,"audit_worker_cpu_ms":1.9037,"audit_worker_dispatches":2,"audit_worker_tasks_max":4,"auto_slice_by_scale":true,"average_climate_capacity_q16":48128,"average_planned_utilization_q16":0,"births":0,"bootstrapped":true,"boundary_continuation_required":false,"budgeted_building_commit_phase_fusions":9,"budgeted_publish_phase_fusions":0,"building_base_wages_due":169812,"building_base_wages_paid":169812,"building_bonus_due":111179,"building_bonus_paid":111179,"building_catalog_hash":14745432013114872,"building_cells_per_slice":256,"building_commit_breakdown_ms":{"building_commit.construction_commit":0.0023,"building_commit.finalize":0.0044,"building_commit.investment":0.0801,"building_commit.investment_prepare":0.1183,"building_commit.recovery_review":0.0009,"building_commit.review_prepare":0.0012,"building_commit.special_reset":0.0002},"building_commit_breakdown_work":{"building_commit.construction_commit":1,"building_commit.finalize":2,"building_commit.investment":1,"building_commit.investment_prepare":1,"building_commit.recovery_review":16,"building_commit.review_prepare":1,"building_commit.special_reset":4},"building_commit_phase":-1,"building_employee_cold_start_forecasts":0,"building_employee_funding_limited_forecasts":1,"building_employee_job_hurdle_rejections":0,"building_employee_job_profession_changes":0,"building_employee_job_reallocations":0,"building_employee_to_owner_reallocations":0,"building_employment_ms":0.0,"building_finalize_cells_per_slice":128,"building_group_count":20,"building_groups_per_slice":512,"building_investment_blocked_funds":0,"building_investment_blocked_materials":2,"building_investment_blocked_resources":0,"building_investment_blocked_sponsor_capital":0,"building_investment_buildings_started":0,"building_investment_candidates":0,"building_investment_capital_limited":0,"building_investment_capital_transferred":0,"building_investment_cost_envelope_trimmed":0,"building_investment_demand_limited":0,"building_investment_displacement_starts":0,"building_investment_employment_catchup_cells":0,"building_investment_employment_gap":0,"building_investment_jobs_started":0,"building_investment_material_limited":0,"building_investment_max_type_owner_share_q16":0,"building_investment_model":"endogenous_owner_portfolio_v9","building_investment_ms":0.1984,"building_investment_owner_population_limited":0,"building_investment_owner_population_moved":0,"building_investment_portfolios_started":0,"building_investment_probability_skips":0,"building_investment_types_started":0,"building_investments_started":0,"building_owner_job_probability_skips":0,"building_owner_job_profession_changes":0,"building_owner_job_reallocations":0,"building_owner_mobility":0,"building_owner_opportunity_quotes":10,"building_owner_opportunity_zero_feasible":2,"building_owner_survival_reallocations":0,"building_owner_understaffed_reallocations":0,"building_plan_cells_per_slice":128,"building_plan_days":5,"building_plan_evaluate_ms":0.0,"building_plan_ms":0.0,"building_plan_phase":-1,"building_plan_reserve_ms":0.0,"building_plan_worker_cpu_ms":0.0,"building_plan_worker_parallel_dispatches":0,"building_plan_worker_tasks_max":1,"building_production_merge_ms":0.0,"building_production_ms":0.0,"building_production_worker_cpu_ms":0.0,"building_production_worker_dispatches":0,"building_production_worker_imbalance_q16_max":0,"building_production_worker_ms":0.0,"building_production_worker_parallel_dispatches":0,"building_production_worker_task_sum":0,"building_production_worker_task_weight_max":0,"building_production_worker_task_weight_min":0,"building_production_worker_tasks":1,"building_production_worker_tasks_max":1,"building_production_worker_weight_total":0,"building_resource_capacity_checks":4,"building_resource_capacity_limited_groups":0,"building_resource_consumed":6197,"building_resource_generated":0,"building_resource_limited_groups":4,"building_resource_net_delta":-6197,"building_restart_cycles":2,"building_restart_margin_q16":6554,"building_review_groups_per_slice":4096,"building_severe_loss_cycles":3,"building_severe_loss_threshold_q16":-16384,"building_structure_count_only_updates":0,"building_structure_group_merge_ms":0.0,"building_structure_labor_cache_ms":0.0,"building_structure_market_cache_ms":0.0,"building_structure_new_groups":0,"building_structure_removed_groups":0,"building_structure_role_span_appends":0,"building_structure_role_span_reuses":0,"building_structure_topology_rebuilds":0,"building_survival_priority_candidates":4,"building_type_count":400,"building_wages_paid":280991,"building_wages_unpaid":0,"bullion_money_issued":640000,"bullion_quota_initial":3331541136,"bullion_quota_pressure_clamps":0,"bullion_quota_remainder_units":1,"bullion_quota_remaining":3330901136,"bullion_quote_overallocation_prevented":0,"bullion_stock_consumed":800,"cadence_change_reason":"hold","cadence_forced":false,"cadence_investment_knives":1,"cadence_investment_knives_per_day":64,"cadence_investment_ms_per_knife":0.0,"cadence_machine_knives_per_day":64,"cadence_market_ms_per_knife":0.0,"cadence_plan_knives":1,"cadence_plan_knives_per_day":64,"cadence_plan_ms_per_knife":0.0,"cadence_populated_knives":7,"cadence_slow_knives":1,"cadence_slow_knives_per_day":64,"cadence_slow_ms_per_knife":0.0,"cadence_target_ms":8.0,"cadence_timing_injected":false,"canal_active_quote_count":0,"canal_edge_count":0,"canal_next_project_id":1,"canal_project_awaiting_effect_count":0,"canal_project_building_count":0,"canal_project_completed_count":0,"canal_project_count":0,"canal_project_failed_count":0,"canal_quote_count":0,"canal_receipt_count":0,"canal_topology_hash":3917825449530135131,"carrying_old_resource_scan_steps":0,"catalog_hash":50502878346613604,"city_good_output_cache_bytes":5020,"city_good_output_non_neutral_shared_count":0,"city_good_output_override_cell_count":0,"city_good_output_override_count":0,"city_good_output_shared_count":134,"class_opinion_cells":1120,"class_opinion_class_count":4,"class_opinion_class_hash":8141371772495636646,"class_opinion_country_count":4,"class_opinion_last_cells_scanned":1120,"class_opinion_last_slots_scanned":19,"class_opinion_last_zero_population_rows":12,"class_opinion_ms":0.0049,"class_opinion_revision":1,"class_opinion_slots_scanned":19,"class_opinion_zero_population_rows":12,"clear_ms":0.0299,"climate_limited_building_groups":4,"climate_profiled_building_groups":4,"closing_audit_fast_paths":0,"closing_audit_full_verifications":1,"closing_audit_incremental_this_epoch":false,"closing_audit_market_full_scan_entries":150080,"closing_audit_market_touched_lanes":536,"closing_audit_mismatch_lane":-1,"closing_audit_mismatch_ledger":"none","closing_audit_mismatches":0,"closing_audit_mode":"INCREMENTAL","closing_audit_population_full_scan_entries":256,"closing_audit_population_touched_lanes":20,"closing_audit_runtime_disabled":false,"closing_cohort_funds":116767068,"closing_country_cash":10000000511332,"closing_country_goods":12000000,"closing_escrow_cash":0,"closing_expedition_funds":0,"closing_goods_stock":12681055,"closing_population":80,"closing_transit_population":0,"cohort_count":19,"colonization_cross_domain_ms":0.0002,"colonization_payload_split_ms":0.0,"colonization_route_query_ms":0.0,"commit_day":23,"commit_due":false,"commit_lag_budget_days":0,"commit_over_budget":false,"committed_generation":24,"configured":true,"construction_goods_consumed":0,"construction_material_reserved":106,"consumed_goods":49150,"continuation_slices":0,"country_commands_due":false,"country_generation":21,"country_research_goods_consumed":0,"country_research_procurement_candidate_count":4,"country_research_procurement_continuation_active":false,"country_research_procurement_continuation_candidate":-1,"country_research_procurement_continuation_cash":0,"country_research_procurement_continuation_country":-1,"country_research_procurement_continuation_country_generation":0,"country_research_procurement_continuation_good":-1,"country_research_procurement_continuation_market":-1,"country_research_procurement_continuation_market_applied":false,"country_research_procurement_continuation_merchant_cursor":0,"country_research_procurement_continuation_merchants":0,"country_research_procurement_continuation_peer_generation":0,"country_research_procurement_continuation_phase":0,"country_research_procurement_continuation_quantity":0,"country_research_procurement_continuation_session_epoch":0,"country_research_procurement_continuation_transaction_id":0,"country_research_procurement_cursor":4,"country_research_procurement_done":true,"country_research_procurement_last_error":"","country_research_procurement_phase":2,"country_research_procurement_rejections":0,"country_research_procurement_slices":0,"country_research_procurement_transactions":0,"country_schema_version":13,"country_state_hash":-1501583742560878340,"current_day":23,"cycle_deadline_day":23,"cycle_flow_consumed":0,"cycle_flow_discarded":0,"cycle_flow_produced":0,"days_until_commit":0,"deaths":0,"deferred_cells":0,"derived_business_demand_edges":116,"derived_business_demand_lanes":4,"derived_business_demand_total":1225,"derived_business_demand_weight_q16":32768,"desired_business_demand":29901,"due_cells":4,"duplicate_range_count":0,"economy_accuracy_preset":"BALANCED","economy_approximation_runtime_mode":"ACTIVE","economy_event_last_batch_count":39,"economy_event_newest_id":892,"economy_live_cells":4,"economy_trace_detail_truncated":0,"economy_trace_memory_bytes":243448,"employment_choice_temperature_q16":6554,"employment_mobility_daily_q16":13107,"employment_understaffed_reallocation_hurdle_mult_q16":131072,"environment_day":23,"environment_hash":6871211267430429715,"epoch_active":false,"epoch_available_building_type_count":20,"epoch_begin_audit_lane_ms":0.0,"epoch_begin_building_factor_ms":0.0068,"epoch_begin_city_factor_ms":0.0242,"epoch_begin_commands_ms":0.0006,"epoch_begin_construction_csr_ms":0.002,"epoch_begin_country_ms":0.2124,"epoch_begin_fiscal_ms":0.0525,"epoch_begin_ms":0.5289,"epoch_begin_pending_day":-1,"epoch_begin_post_fiscal_pending":false,"epoch_begin_recovery_apply_ms":0.0003,"epoch_begin_reset_ms":0.245,"epoch_begin_resource_lane_ms":0.0063,"epoch_begin_vector_init_ms":2.1369,"epoch_begin_workset_ms":0.0136,"epoch_days":1,"epoch_elapsed_days_lost":0,"epoch_elapsed_days_max":1,"epoch_elapsed_days_spread_cells":0,"epoch_id":22,"epoch_preflight_ms":0.0058,"estimated_building_slices_per_epoch":4,"estimated_market_slices_per_epoch":7,"estimated_total_slices_per_epoch":11,"event_detail_ms":0.0,"event_publish_ms":0.0093,"event_stream_hash":5686186889539666494,"event_summary_ms":0.0019,"executed_stage":"fiscal_settlement","executed_substage":"commit","explicit_money_burn":0,"explicit_money_mint":640000,"explicit_stock_delta":0,"external_population_delta":0,"fallback_ms":0.0144,"families_dissolved":0,"families_formed":0,"family_behavior_cache_dirty":false,"family_behavior_cache_last_dirty_reasons":16,"family_behavior_cache_ms":0.0237,"family_behavior_cache_rebuilds":1,"family_behavior_cache_skips":0,"family_behavior_class_row_count":0,"family_behavior_condition_edges_evaluated":45,"family_behavior_factor_row_count":133,"family_behavior_metric_contexts_built":1,"family_branch_count":4,"family_commit_attribution_ms":0.0015,"family_commit_form_ms":0.0034,"family_commit_index_ms":0.0,"family_commit_influence_ms":0.0,"family_commit_lifecycle_ms":0.0045,"family_commit_normalize_ms":0.0231,"family_count":4,"family_effect_binding_count":0,"family_expedition_active_count":0,"family_expedition_due_heap_count":0,"family_expedition_transit_population":0,"family_industry_stat_count":4,"family_membership_edge_count":5,"family_membership_edges_processed":5,"family_modifier_binding_count":0,"family_owned_output_row_count":0,"family_owner_jobs_filled":21,"family_owner_jobs_vacant":0,"family_ownership_edge_count":4,"family_ownership_edges_processed":4,"family_runtime_mode":"ACTIVE","family_trait_roll_count":9,"family_trigger_binding_count":0,"fatal":false,"fatal_context":{"valid":false},"fatal_reason":"","filled_employee_jobs":4,"filled_owner_jobs":48,"fiscal_reservation_continuation_active":false,"fiscal_reservation_continuation_phase":2,"fiscal_reservation_country_count":4,"fiscal_reservation_country_cursor":4,"fiscal_reservation_day":23,"fiscal_reservation_last_error":"","fiscal_reservation_last_requested":0,"fiscal_reservation_last_reserved":0,"fiscal_settlement_continuation_active":false,"fiscal_settlement_continuation_phase":2,"fiscal_settlement_country_count":4,"fiscal_settlement_country_cursor":4,"fiscal_settlement_day":23,"fiscal_settlement_last_collected":0,"fiscal_settlement_last_error":"","fiscal_settlement_last_unused":0,"fiscal_settlement_return_completed":false,"food_access_events":46,"food_input_events":0,"food_output_events":8,"food_trade_events":0,"formula_ms":0.1244,"funded_business_demand":1692,"gold_accepted":800,"gold_money_issued":640000,"good_count":134,"goods_error":0,"goods_expected":12681055,"government_research_procured_points":0,"government_research_procurement_cash":0,"government_research_procurement_orders":0,"high_speed_batch_multiplier":1,"high_speed_batching_enabled":true,"high_speed_market_dispatches_saved":0,"high_speed_production_dispatches_saved":0,"household_market_breakdown_ms":{"household_market.income_subsidy":0.0001,"household_market.post_buildings":0.0824,"household_market.reserve_shortfall":0.0196,"household_market.settle.merge_aggregate":0.0088,"household_market.settle.merge_trade":0.0079,"household_market.settle.other":0.00059999999999994,"household_market.settle.prepare":0.0033,"household_market.settle.trace":0.0019,"household_market.settle.worker":0.3874,"household_market.structural_sort":0.0001},"household_market_breakdown_work":{"household_market.income_subsidy":4,"household_market.post_buildings":4,"household_market.reserve_shortfall":4,"household_market.settle.merge_aggregate":4,"household_market.settle.merge_trade":4,"household_market.settle.other":4,"household_market.settle.prepare":4,"household_market.settle.trace":4,"household_market.settle.worker":4,"household_market.structural_sort":0},"household_market_merge_aggregate_ms":0.0088,"household_market_merge_ms":0.019,"household_market_merge_trade_ms":0.0079,"household_market_phase":-1,"household_market_prepare_ms":0.0033,"household_market_worker_ms":0.3874,"household_post_building_cells_per_slice":512,"investment_allocate_ms":0.0,"investment_cells_per_slice":96,"investment_cycle_days_remaining":7,"investment_cycle_start_day":20,"investment_displacement_min_advantage_q16":4096,"investment_displacement_type_evaluations":0,"investment_ethnicity_evaluations":3,"investment_evaluate_ms":0.0795,"investment_gap_fill_share_q16":16384,"investment_gate_capital_type_skips":0,"investment_market_signal_rejections":1,"investment_max_growth_share_q16":16384,"investment_max_type_owner_share_q16":32768,"investment_merchant_transition_min_improvement_q16":32768,"investment_new_type_seed_buildings":1,"investment_portfolio_max_types":4,"investment_review_cells":1,"investment_review_days":10,"investment_scheduled_review_cells":1,"investment_sparse_considered_types":5,"investment_sparse_dense_fallbacks":1,"investment_sparse_mismatches":0,"investment_sparse_mode":"ACTIVE","investment_sparse_runtime_disabled":false,"investment_sparse_selected_types":5,"investment_sparse_skipped_types":0,"investment_type_evaluations":5,"labor_signal_edges":4,"labor_signal_ms":0.0004,"labor_signal_updates":3,"last_building_rejection_reason":"","last_committed_day":23,"last_completed_aggregate_audit_ms":0.7211,"last_completed_aggregate_publish_ms":1.024,"last_completed_approximation_certificate_failures":160,"last_completed_approximation_cooldown_epochs_left":10,"last_completed_approximation_decisions":200,"last_completed_approximation_exact_fallbacks":160,"last_completed_approximation_exact_probes":10,"last_completed_approximation_frontier_candidates":980,"last_completed_approximation_frontier_pruned":160,"last_completed_approximation_max_observed_regret_q16":0,"last_completed_approximation_probe_max_demand_error_q16":0,"last_completed_approximation_probe_max_spend_error_q16":0,"last_completed_approximation_probe_violations":0,"last_completed_audit_worker_cpu_ms":1.9037,"last_completed_audit_worker_dispatches":2,"last_completed_audit_worker_tasks_max":4,"last_completed_budgeted_building_commit_phase_fusions":9,"last_completed_budgeted_publish_phase_fusions":0,"last_completed_building_employment_ms":0.0,"last_completed_building_factor_cache_hits":0,"last_completed_building_factor_cache_misses":20,"last_completed_building_factor_miss_country":0,"last_completed_building_factor_miss_identity":0,"last_completed_building_factor_miss_modver":0,"last_completed_building_factor_miss_research":0,"last_completed_building_factor_miss_sector":0,"last_completed_building_factor_refresh_ms":0.0067,"last_completed_building_investment_displacement_starts":0,"last_completed_building_investment_ms":0.1984,"last_completed_building_plan_evaluate_ms":0.0,"last_completed_building_plan_ms":0.0,"last_completed_building_plan_reserve_ms":0.0,"last_completed_building_plan_worker_cpu_ms":0.0,"last_completed_building_plan_worker_parallel_dispatches":0,"last_completed_building_plan_worker_tasks_max":1,"last_completed_building_production_merge_ms":0.0,"last_completed_building_production_ms":0.0,"last_completed_building_production_worker_cpu_ms":0.0,"last_completed_building_production_worker_dispatches":0,"last_completed_building_production_worker_imbalance_q16_max":0,"last_completed_building_production_worker_ms":0.0,"last_completed_building_production_worker_parallel_dispatches":0,"last_completed_building_production_worker_task_sum":0,"last_completed_building_production_worker_task_weight_max":0,"last_completed_building_production_worker_task_weight_min":0,"last_completed_building_production_worker_tasks_max":1,"last_completed_building_production_worker_weight_total":0,"last_completed_building_role_storage_ms":0.0,"last_completed_building_structure_count_only_updates":0,"last_completed_building_structure_group_merge_ms":0.0,"last_completed_building_structure_labor_cache_ms":0.0,"last_completed_building_structure_market_cache_ms":0.0,"last_completed_building_structure_new_groups":0,"last_completed_building_structure_removed_groups":0,"last_completed_building_structure_role_span_appends":0,"last_completed_building_structure_role_span_reuses":0,"last_completed_building_structure_topology_rebuilds":0,"last_completed_closing_audit_fast_paths":0,"last_completed_closing_audit_full_verifications":1,"last_completed_closing_audit_market_full_scan_entries":150080,"last_completed_closing_audit_market_touched_lanes":536,"last_completed_closing_audit_mismatch_lane":-1,"last_completed_closing_audit_mismatch_ledger":"none","last_completed_closing_audit_mismatches":0,"last_completed_closing_audit_population_full_scan_entries":256,"last_completed_closing_audit_population_touched_lanes":20,"last_completed_continuation_slices":0,"last_completed_duplicate_range_count":0,"last_completed_epoch_id":22,"last_completed_finalize_construction_ms":0.0014,"last_completed_finalize_reconcile_ms":0.0005,"last_completed_high_speed_batch_multiplier":1,"last_completed_high_speed_market_dispatches_saved":0,"last_completed_high_speed_production_dispatches_saved":0,"last_completed_household_market_merge_aggregate_ms":0.0088,"last_completed_household_market_merge_ms":0.0,"last_completed_household_market_merge_trade_ms":0.0079,"last_completed_household_market_prepare_ms":0.0033,"last_completed_household_market_worker_ms":0.3874,"last_completed_investment_allocate_ms":0.0,"last_completed_investment_displacement_type_evaluations":0,"last_completed_investment_ethnicity_evaluations":3,"last_completed_investment_evaluate_ms":0.0795,"last_completed_investment_market_signal_rejections":1,"last_completed_investment_prepare_groups_ms":0.0026,"last_completed_investment_prepare_lanes_ms":0.0985,"last_completed_investment_prepare_pending_ms":0.0002,"last_completed_investment_review_cells":1,"last_completed_investment_scheduled_review_cells":1,"last_completed_investment_sparse_considered_types":5,"last_completed_investment_sparse_dense_fallbacks":1,"last_completed_investment_sparse_mismatches":0,"last_completed_investment_sparse_selected_types":5,"last_completed_investment_sparse_skipped_types":0,"last_completed_investment_type_evaluations":5,"last_completed_market_result_allocation_growth_bytes":18128,"last_completed_market_result_allocation_growth_count":4,"last_completed_market_worker_dispatches":1,"last_completed_market_worker_parallel_dispatches":1,"last_completed_market_worker_task_sum":2,"last_completed_market_worker_tasks_max":2,"last_completed_opening_audit_fast_paths":1,"last_completed_opening_audit_full_verifications":0,"last_completed_perf_valid":true,"last_completed_prepare_reuse_count":0,"last_completed_price_glut_cost_damp_hits":8,"last_completed_price_min_tick_hits":0,"last_completed_price_ms":0.2809,"last_completed_price_numeric_ceiling_hits":0,"last_completed_price_numeric_floor_hits":0,"last_completed_production_result_allocation_growth_bytes":0,"last_completed_production_result_allocation_growth_count":0,"last_completed_sample_day":23,"last_completed_small_payment_roundups":0,"last_completed_startup_demand_buildings_started":0,"last_completed_startup_demand_catalog_edges":33,"last_completed_startup_demand_cycle_skips":25,"last_completed_startup_demand_matched_review_cells":1,"last_completed_startup_demand_prepare_ms":0.0164,"last_completed_startup_demand_remote_lanes":33,"last_completed_startup_demand_scratch_bytes":1803568,"last_completed_startup_demand_seed_count":9,"last_completed_startup_demand_touched_lanes":9,"last_completed_workset_cells_executed":4,"last_completed_workset_cells_planned":4,"last_merchant_protected_rejects":0,"ledger_ms":0.0,"locked_investment_cycle_days":10,"locked_market_cycle_days":1,"locked_plan_cycle_days":5,"locked_slow_cycle_days":5,"loss_suspended_building_groups":0,"maintenance_goods_consumed":106,"maintenance_unmet":0,"maintenance_unpaid_value":0,"market_cells_per_slice":128,"market_configured_cycle_days":5,"market_count":1120,"market_cycle_days":1,"market_cycle_days_remaining":1,"market_cycle_start_day":23,"market_max_cycle_days":5,"market_min_cycle_days":1,"market_result_allocation_growth_bytes":18128,"market_result_allocation_growth_count":4,"market_runtime_mode":"ACTIVE","market_signal_edges":44,"market_signal_flush_ms":0.0,"market_signal_insert_count":0,"market_signal_insert_ms":0.0,"market_signal_lookup_entries":150080,"market_signal_lookup_mode":"dense","market_signal_ms":0.0631,"market_signal_updates":44,"market_target_cohorts_per_slice":30000,"market_worker_dispatches":1,"market_worker_parallel_dispatches":1,"market_worker_task_sum":2,"market_worker_tasks_max":2,"markets_per_slice":128,"max_command_latency_days":1,"max_state_age_days":0,"memory_bytes":27240196,"merchant_cash":27825402,"merchant_count":4,"merchant_credit_bad_debt":0,"merchant_credit_budget":0,"merchant_credit_committed":0,"merchant_credit_drawn":0,"merchant_credit_outstanding":0,"merchant_credit_premium_repaid":0,"merchant_credit_repaid":0,"merchant_credit_runtime_mode":"ACTIVE","merchant_economic_assets":34752097,"merchant_effective_buy_factor_q16":62259,"merchant_input_procurement_allocated":10048,"merchant_input_procurement_required":10048,"merchant_inventory_liquidation_value":6926695,"merchant_inventory_retail_value":7291291,"merchant_liquidity_coverage_q16":4546626,"merchant_market_making_days_q16":3932160,"merchant_operating_outflow":401081,"merchant_procurement_allocated":401081,"merchant_procurement_budget":24189528,"merchant_procurement_cash_reserve_q16":8192,"merchant_procurement_margin_value":21122,"merchant_procurement_opportunity":401081,"merchant_procurement_reserved":3455648,"merchant_procurement_spent":401081,"merchant_procurement_unspent_allocated":0,"merchant_repairs":0,"merchant_settle_ms":0.0479,"merchant_survival_procurement_allocated":294875,"merchant_survival_procurement_required":294875,"merchant_trade_purchase_cash":0,"merchant_trade_sale_cash":0,"mode":"native","money_close":10000117278400,"money_error":0,"money_expected":10000117278400,"money_open":10000116638400,"newest_state_day":23,"next_stage":"trade_planning","notable_person_count":4,"notable_person_runtime_mode":"ACTIVE","opening_audit_fast_paths":1,"opening_audit_full_verifications":0,"opening_cohort_funds":116152390,"opening_country_cash":10000000486010,"opening_country_goods":12000000,"opening_escrow_cash":0,"opening_expedition_funds":0,"opening_goods_stock":12685965,"opening_population":80,"opening_transit_population":0,"owner_output_consumed":29679,"owner_working_capital_allocated":247776,"owner_working_capital_reserved":59444,"path":"ECONOMY_GRAPH","peak_elapsed_days_spread_cells":0,"pending_commands":0,"pending_construction_count":0,"pending_construction_index_entries":0,"period_transactions":true,"person_commit_bind_jobs_ms":0.002,"person_commit_claims_ms":0.0009,"person_commit_equity_ms":0.0001,"person_commit_index_ms":0.0047,"person_commit_promote_ms":0.0004,"person_commit_retire_ms":0.002,"person_jobs_bound":4,"person_need_edge_count":16,"person_need_edges_processed":16,"person_retire_call_ms":0.0,"person_retire_calls":0,"persons_died":0,"persons_migrated":0,"persons_promoted":0,"plan_cycle_days_remaining":2,"plan_cycle_start_day":20,"plan_evaluate_cells":0,"population_error":0,"population_expected":80,"prepare_ms":0.5231,"prepare_reuse_count":0,"price_cap_hits":0,"price_catalog_bound_hits":0,"price_ceiling_active_states":0,"price_ceiling_blocked_rises":0,"price_ceiling_confirm_days":30,"price_ceiling_expand_bp":50,"price_ceiling_expansions":0,"price_ceiling_limit_hits":0,"price_ceiling_recover_bp":10,"price_ceiling_recoveries":0,"price_ceiling_state_bytes":0,"price_cost_anchor_hits":13,"price_glut_cost_damp_hits":8,"price_headroom_damp_hits":0,"price_inactive_reversions":0,"price_min_tick_hits":0,"price_model":"price_v6_dynamic_ceiling","price_ms":0.2809,"price_numeric_ceiling_hits":0,"price_numeric_floor_hits":0,"price_numeric_guard_max":2147483647,"price_numeric_guard_min":1,"price_rate_clamp_hits":0,"price_rise_fade_hits":0,"price_rise_fade_model":"disabled_price_v6","price_runtime_bounds":"numeric_min_dynamic_ceiling","processed_building_groups":20,"processed_cells":4,"processed_cohorts":19,"processed_commands":0,"processed_components":64,"processed_due_cells":4,"processed_needs":72,"processed_rules":64,"processed_variants":405,"producer_revenue":1041081,"producer_support_money_issued":0,"producer_support_price_denominator":5,"producer_support_price_numerator":1,"production_input_reserve_shortfall":2115,"production_input_reserved":2115,"production_inputs_consumed":0,"production_output_discarded":1512,"production_output_retained":29679,"production_output_stock":45146,"production_output_supported":0,"production_result_allocation_growth_bytes":0,"production_result_allocation_growth_count":0,"progress_q16":65535,"prosperity_changed_cells":0,"prosperity_demotions":0,"prosperity_promotions":0,"prosperity_update_ms":0.0005,"publish_audit_entries_per_slice":131072,"publish_breakdown_ms":{"aggregate_publish.audit_country":0.0028,"aggregate_publish.audit_escrow":0.0002,"aggregate_publish.audit_market":0.0742,"aggregate_publish.audit_population":0.0006,"aggregate_publish.audit_transit":0.0001,"aggregate_publish.class_opinion":0.0049,"aggregate_publish.commit":0.2507,"aggregate_publish.commit_cells":0.0053,"aggregate_publish.commit_finalize":0.2431,"aggregate_publish.commit_prepare":0.002,"aggregate_publish.done":0.0,"aggregate_publish.prepare":0.0064,"aggregate_publish.trade_diagnostics":0.0006,"aggregate_publish.trade_flow":0.0001,"aggregate_publish.trade_init":0.0359,"aggregate_publish.verify":0.0003,"aggregate_publish.watermark":0.003},"publish_breakdown_work":{"aggregate_publish.audit_country":134,"aggregate_publish.audit_escrow":0,"aggregate_publish.audit_market":19008,"aggregate_publish.audit_population":256,"aggregate_publish.audit_transit":0,"aggregate_publish.class_opinion":19,"aggregate_publish.commit":5,"aggregate_publish.commit_cells":5,"aggregate_publish.commit_finalize":1,"aggregate_publish.commit_prepare":1,"aggregate_publish.done":0,"aggregate_publish.prepare":2,"aggregate_publish.trade_diagnostics":48,"aggregate_publish.trade_flow":0,"aggregate_publish.trade_init":16384,"aggregate_publish.verify":1,"aggregate_publish.watermark":1120},"publish_commit_cells_ms":0.0053,"publish_commit_finalize_ms":0.2431,"publish_commit_prepare_ms":0.002,"publish_cumulative_breakdown_ms":{"aggregate_publish.audit_country":0.0028,"aggregate_publish.audit_escrow":0.0002,"aggregate_publish.audit_market":0.7132,"aggregate_publish.audit_population":0.0006,"aggregate_publish.audit_transit":0.0001,"aggregate_publish.commit":0.2507,"aggregate_publish.done":0.0,"aggregate_publish.prepare":0.0064,"aggregate_publish.trade_diagnostics":0.0006,"aggregate_publish.trade_flow":0.0001,"aggregate_publish.trade_init":0.046,"aggregate_publish.verify":0.0003,"aggregate_publish.watermark":0.003},"publish_cumulative_breakdown_work":{"aggregate_publish.audit_country":134,"aggregate_publish.audit_escrow":0,"aggregate_publish.audit_market":150080,"aggregate_publish.audit_population":256,"aggregate_publish.audit_transit":0,"aggregate_publish.commit":5,"aggregate_publish.done":0,"aggregate_publish.prepare":2,"aggregate_publish.trade_diagnostics":48,"aggregate_publish.trade_flow":0,"aggregate_publish.trade_init":17601,"aggregate_publish.verify":1,"aggregate_publish.watermark":1120},"publish_entries_per_slice":4096,"publish_ms":1.024,"publish_phase":"done","rebuild_family_cellindex_ms":0.0044,"rebuild_family_csr_ms":0.001,"rebuild_family_membership_ms":0.0013,"rebuild_family_ownership_ms":0.0049,"rebuild_person_count_ms":0.0028,"rebuild_person_fill_ms":0.0005,"rebuild_person_needoffsets_ms":0.0,"rebuild_person_needs_ms":0.001,"rebuild_person_sort_ms":0.0002,"recovery_approved":0,"recovery_candidates":0,"recovery_failed":0,"recovery_fully_liquidated_groups":0,"recovery_liquidated_buildings":0,"recovery_liquidation_max_share_q16":16384,"recovery_partially_liquidated_buildings":0,"recovery_restarted":0,"rejected_commands":0,"report_mode":"full","restore_rejected_reason":"","rolling_deadline_violations":0,"sample_day":23,"saturation_count":0,"scan_calls_find_building_group":0,"scan_calls_find_signature":236,"scan_calls_membership_fallback":8,"scan_steps_family_linear":0,"scan_steps_find_building_group":0,"scan_steps_find_signature":1103,"scan_steps_membership_fallback":22,"scan_steps_person_linear":0,"scan_steps_stage_aggregate_publish":0,"scan_steps_stage_building_commit":52,"scan_steps_stage_building_employment":0,"scan_steps_stage_building_plan":0,"scan_steps_stage_building_production":0,"scan_steps_stage_epoch_begin":659,"scan_steps_stage_family_commit":0,"scan_steps_stage_fatal":0,"scan_steps_stage_government_research_procurement":0,"scan_steps_stage_household_market":138,"scan_steps_stage_idle":162,"scan_steps_stage_ledger_apply":0,"scan_steps_stage_person_commit":0,"scan_steps_stage_structural_commit":0,"scan_steps_stage_trade_dispatch":0,"scan_steps_stage_trade_planning":0,"scan_steps_stage_trade_settle":0,"scan_steps_stage_wait_commit":0,"settlement_memory_bytes":30460,"settlement_mode":"locked_cycle","settlement_name_collision_probes":0,"settlement_names_assigned":0,"settlement_names_released":0,"settlement_phase":0,"settlement_phase_count":1,"settlement_revision":1,"settlement_watermark":23,"silver_accepted":0,"silver_money_issued":0,"slow_cycle_days_remaining":2,"slow_cycle_start_day":20,"small_payment_roundups":0,"stage":"trade_planning","startup_demand_buildings_started":0,"startup_demand_catalog_edges":33,"startup_demand_cycle_skips":25,"startup_demand_matched_review_cells":1,"startup_demand_prepare_ms":0.0164,"startup_demand_remote_lanes":33,"startup_demand_runtime_mode":"ACTIVE","startup_demand_scratch_bytes":1803568,"startup_demand_seed_count":9,"startup_demand_touched_lanes":9,"starvation_death_rate_q32":21474836,"starvation_satisfaction_threshold_q16":32768,"structure_ms":0.0,"survival_production_target_q16":65536,"tier_dormancy_cap_days":30,"tier_forced_wakes":0,"tier_reasons":{"construction":0,"dormant":0,"effect_shortage":0,"essentials_shortage":4,"forced_wake":0,"out_of_range":0,"player_territory":0,"quiet_short":0,"quiet_with_buildings":0,"recent_change":0,"visible":0},"tier_t0_cells":0,"tier_t1_cells":4,"tier_t2_cells":0,"tier_t3_cells":0,"total_elapsed_days_lost":0,"trade_active_key_count":48,"trade_active_keys_pruned":0,"trade_arrival_bucket_count":0,"trade_candidates_accepted":0,"trade_candidates_arbitrated_out":0,"trade_candidates_generated":0,"trade_candidates_stale_generation":0,"trade_capacity_available":41943040,"trade_capacity_used":0,"trade_capacity_utilization_q16":0,"trade_completed_scans":0,"trade_country_generation":3917825449530135131,"trade_country_good_aggregate_count":0,"trade_country_partner_aggregate_count":0,"trade_country_topology_hash":347598385105892451,"trade_deficit_episodes_resolved":0,"trade_deficit_episodes_started":32,"trade_destination_signals":0,"trade_dispatch_ms":0.0034,"trade_escrow_cash":0,"trade_first_dispatch_delay_max_days":0,"trade_last_plan_reset_reason":"initial_topology_capture","trade_orders_arrived":0,"trade_orders_dispatched":0,"trade_orders_in_flight":0,"trade_plan_breakdown_ms":{"trade_planning.other":0.0,"trade_planning.route_expand":0.0,"trade_planning.route_finalize":0.0,"trade_planning.route_prepare":0.0,"trade_planning.scan_body":0.0,"trade_planning.scan_finalize":0.0},"trade_plan_breakdown_work":{"trade_planning.candidates_finalized":0,"trade_planning.route_expansions":0,"trade_planning.route_sources_prepared":0,"trade_planning.scan_pairs":0},"trade_plan_ms":0.0,"trade_plan_phase":"SCAN","trade_plan_reset_count":0,"trade_plan_substage":"","trade_quantity_profit_clips":0,"trade_ready_candidates":0,"trade_rejected_capacity":0,"trade_rejected_cash":0,"trade_rejected_margin":0,"trade_rejected_no_spread":0,"trade_rejected_order_cap":0,"trade_rejected_profit":0,"trade_rejected_route":0,"trade_rejected_stock":0,"trade_rejected_vision":0,"trade_relief_candidates":0,"trade_response_deadline_misses":0,"trade_response_deadline_misses_cumulative":0,"trade_route_accepted_targets":0,"trade_route_cache_hits":0,"trade_route_cache_misses":0,"trade_route_current_source_cell":-1,"trade_route_current_source_country":-1,"trade_route_current_source_good":-1,"trade_route_cursor":0,"trade_route_expansion_cursor":0,"trade_route_expansions":0,"trade_route_expansions_per_slice":256,"trade_route_pending_targets":0,"trade_route_search_active":false,"trade_route_search_source":-1,"trade_route_total":0,"trade_runtime_mode":"ACTIVE","trade_scan_cursor":0,"trade_scan_progress_q16":0,"trade_scan_total":48,"trade_settle_ms":0.0001,"trade_settlement_lag_days":0,"trade_signal_max_age_days":0,"trade_source_signals":0,"trade_tariff_lane_count":0,"trade_topology_content_change_count":0,"trade_topology_generation":1,"trade_topology_hash":3917825449530135131,"trade_topology_ready":true,"trade_transit_goods":0,"trade_true_source_stock_failures":0,"trade_unclaimed_orders":0,"trade_unresolved_capacity":0,"trade_unresolved_cash":0,"trade_unresolved_margin":0,"trade_unresolved_no_attempt":0,"trade_unresolved_no_spread":0,"trade_unresolved_order_cap":0,"trade_unresolved_route":0,"trade_unresolved_stock":0,"trade_vision_gated":true,"trade_water_portal_count":640,"trade_water_portal_edges":66264,"unemployed_population":28,"unfunded_business_demand":28209,"unprofitable_building_groups":0,"wage_plan_ms":0.0065,"wage_suspended_building_groups":0,"watermark_ms":0.003,"worker_enabled":true,"worker_market_threshold":64,"worker_tasks":2,"working_capital_scale_error_bound_q16":0,"workload_cycle_clamped":false,"workload_deadline_feasible":true,"workset_cells_executed":4,"workset_cells_planned":4,"zero_utilization_building_groups":0}
[clock/step] delta=6.7ms speed=1x target=0.01d cap=8.00d/f cost=0.00ms ran=0 pulse=0.00ms loop=0.00ms full=0.33ms carry=0.37 barrier=
[clock/step] delta=6.9ms speed=1x target=0.01d cap=1.30d/f cost=6.15ms ran=0 pulse=0.00ms loop=0.00ms full=0.29ms carry=0.20 barrier=
[phys/knobs] projection ready: slp=31 wind=33 psi=26 up=10
[clock/step] delta=3.9ms speed=1x target=0.00d cap=1.25d/f cost=6.40ms ran=0 pulse=0.00ms loop=0.00ms full=0.24ms carry=0.10 barrier=
[clock/step] delta=6.9ms speed=1x target=0.01d cap=1.25d/f cost=6.40ms ran=0 pulse=0.00ms loop=0.00ms full=0.31ms carry=0.93 barrier=
[clock/step] delta=6.9ms speed=1x target=0.01d cap=1.09d/f cost=7.35ms ran=0 pulse=0.00ms loop=0.00ms full=0.28ms carry=0.83 barrier=
[clock/step] delta=6.9ms speed=1x target=0.01d cap=1.04d/f cost=7.69ms ran=0 pulse=0.00ms loop=0.00ms full=0.47ms carry=0.75 barrier=
[clock/step] delta=6.9ms speed=1x target=0.01d cap=1.04d/f cost=7.66ms ran=0 pulse=0.00ms loop=0.00ms full=0.30ms carry=0.65 barrier=
[save-roundtrip/post-restore] cycle completed day=29 frame=820 economy={"accuracy_candidate_top_k":2,"accuracy_choice_temperature_q16":983,"accuracy_exact_probe_rate_q16":655,"accuracy_fallback_cooldown_epochs":10,"accuracy_household_tail_share_q16":655,"accuracy_max_regret_q16":1966,"active_unfunded_building_groups":0,"age_days":0,"approximation_authoritative":false,"approximation_certificate_failures":0,"approximation_cooldown_epochs_left":5,"approximation_decisions":0,"approximation_exact_fallbacks":0,"approximation_exact_probes":0,"approximation_frontier_candidates":0,"approximation_frontier_pruned":0,"approximation_large_world_scalar_guard":false,"approximation_max_observed_regret_q16":0,"approximation_model":"rolling_cell_settlement_v19_class_good_elasticity","approximation_probe_max_demand_error_q16":0,"approximation_probe_max_spend_error_q16":0,"approximation_probe_violations":0,"approximation_version":19,"audit_incomplete":false,"audit_incomplete_reason":"","audit_ms":0.0048,"audit_worker_cpu_ms":0.0,"audit_worker_dispatches":0,"audit_worker_tasks_max":1,"auto_slice_by_scale":true,"average_climate_capacity_q16":41540,"average_planned_utilization_q16":0,"births":0,"bootstrapped":true,"boundary_continuation_required":false,"budgeted_building_commit_phase_fusions":9,"budgeted_publish_phase_fusions":0,"building_base_wages_due":393176,"building_base_wages_paid":393176,"building_bonus_due":246961,"building_bonus_paid":246961,"building_catalog_hash":14745432013114872,"building_cells_per_slice":256,"building_commit_breakdown_ms":{"building_commit.construction_commit":0.0084,"building_commit.finalize":0.1207,"building_commit.investment":0.3914,"building_commit.investment_prepare":0.2375,"building_commit.recovery_review":0.0036,"building_commit.review_prepare":0.0048,"building_commit.special_reset":0.0017},"building_commit_breakdown_work":{"building_commit.construction_commit":6,"building_commit.finalize":14,"building_commit.investment":3,"building_commit.investment_prepare":6,"building_commit.recovery_review":96,"building_commit.review_prepare":6,"building_commit.special_reset":24},"building_commit_phase":-1,"building_employee_cold_start_forecasts":0,"building_employee_funding_limited_forecasts":0,"building_employee_job_hurdle_rejections":0,"building_employee_job_profession_changes":2,"building_employee_job_reallocations":2,"building_employee_to_owner_reallocations":0,"building_employment_ms":0.0,"building_finalize_cells_per_slice":128,"building_group_count":20,"building_groups_per_slice":512,"building_investment_blocked_funds":0,"building_investment_blocked_materials":0,"building_investment_blocked_resources":0,"building_investment_blocked_sponsor_capital":0,"building_investment_buildings_started":0,"building_investment_candidates":0,"building_investment_capital_limited":0,"building_investment_capital_transferred":0,"building_investment_cost_envelope_trimmed":0,"building_investment_demand_limited":0,"building_investment_displacement_starts":0,"building_investment_employment_catchup_cells":0,"building_investment_employment_gap":0,"building_investment_jobs_started":0,"building_investment_material_limited":0,"building_investment_max_type_owner_share_q16":0,"building_investment_model":"endogenous_owner_portfolio_v9","building_investment_ms":0.0198,"building_investment_owner_population_limited":0,"building_investment_owner_population_moved":0,"building_investment_portfolios_started":0,"building_investment_probability_skips":0,"building_investment_types_started":0,"building_investments_started":0,"building_owner_job_probability_skips":0,"building_owner_job_profession_changes":0,"building_owner_job_reallocations":0,"building_owner_mobility":0,"building_owner_opportunity_quotes":15,"building_owner_opportunity_zero_feasible":3,"building_owner_survival_reallocations":0,"building_owner_understaffed_reallocations":0,"building_plan_cells_per_slice":128,"building_plan_days":5,"building_plan_evaluate_ms":0.0,"building_plan_ms":0.0,"building_plan_phase":-1,"building_plan_reserve_ms":0.0,"building_plan_worker_cpu_ms":0.0,"building_plan_worker_parallel_dispatches":0,"building_plan_worker_tasks_max":1,"building_production_merge_ms":0.0,"building_production_ms":0.0,"building_production_worker_cpu_ms":0.0,"building_production_worker_dispatches":0,"building_production_worker_imbalance_q16_max":0,"building_production_worker_ms":0.0,"building_production_worker_parallel_dispatches":0,"building_production_worker_task_sum":0,"building_production_worker_task_weight_max":0,"building_production_worker_task_weight_min":0,"building_production_worker_tasks":1,"building_production_worker_tasks_max":1,"building_production_worker_weight_total":0,"building_resource_capacity_checks":4,"building_resource_capacity_limited_groups":0,"building_resource_consumed":6447,"building_resource_generated":0,"building_resource_limited_groups":3,"building_resource_net_delta":-6447,"building_restart_cycles":2,"building_restart_margin_q16":6554,"building_review_groups_per_slice":4096,"building_severe_loss_cycles":3,"building_severe_loss_threshold_q16":-16384,"building_structure_count_only_updates":0,"building_structure_group_merge_ms":0.0,"building_structure_labor_cache_ms":0.0,"building_structure_market_cache_ms":0.0,"building_structure_new_groups":0,"building_structure_removed_groups":0,"building_structure_role_span_appends":0,"building_structure_role_span_reuses":0,"building_structure_topology_rebuilds":0,"building_survival_priority_candidates":4,"building_type_count":400,"building_wages_paid":640137,"building_wages_unpaid":0,"bullion_money_issued":1440000,"bullion_quota_initial":3331542157,"bullion_quota_pressure_clamps":0,"bullion_quota_remainder_units":3,"bullion_quota_remaining":3330102157,"bullion_quote_overallocation_prevented":0,"bullion_stock_consumed":1800,"cadence_change_reason":"hold","cadence_forced":false,"cadence_investment_knives":1,"cadence_investment_knives_per_day":64,"cadence_investment_ms_per_knife":0.0,"cadence_machine_knives_per_day":39,"cadence_market_ms_per_knife":0.20027625,"cadence_plan_knives":1,"cadence_plan_knives_per_day":64,"cadence_plan_ms_per_knife":0.0,"cadence_populated_knives":7,"cadence_slow_knives":1,"cadence_slow_knives_per_day":64,"cadence_slow_ms_per_knife":0.0,"cadence_target_ms":8.0,"cadence_timing_injected":false,"canal_active_quote_count":0,"canal_edge_count":0,"canal_next_project_id":1,"canal_project_awaiting_effect_count":0,"canal_project_building_count":0,"canal_project_completed_count":0,"canal_project_count":0,"canal_project_failed_count":0,"canal_quote_count":0,"canal_receipt_count":0,"canal_topology_hash":3917825449530135131,"carrying_old_resource_scan_steps":0,"catalog_hash":50502878346613604,"city_good_output_cache_bytes":5020,"city_good_output_non_neutral_shared_count":0,"city_good_output_override_cell_count":0,"city_good_output_override_count":0,"city_good_output_shared_count":134,"class_opinion_cells":6720,"class_opinion_class_count":4,"class_opinion_class_hash":8141371772495636646,"class_opinion_country_count":4,"class_opinion_last_cells_scanned":1120,"class_opinion_last_slots_scanned":20,"class_opinion_last_zero_population_rows":12,"class_opinion_ms":0.0057,"class_opinion_revision":6,"class_opinion_slots_scanned":119,"class_opinion_zero_population_rows":72,"clear_ms":0.0257,"climate_limited_building_groups":4,"climate_profiled_building_groups":4,"closing_audit_fast_paths":1,"closing_audit_full_verifications":0,"closing_audit_incremental_this_epoch":true,"closing_audit_market_full_scan_entries":0,"closing_audit_market_touched_lanes":536,"closing_audit_mismatch_lane":-1,"closing_audit_mismatch_ledger":"none","closing_audit_mismatches":0,"closing_audit_mode":"INCREMENTAL","closing_audit_population_full_scan_entries":0,"closing_audit_population_touched_lanes":20,"closing_audit_runtime_disabled":false,"closing_cohort_funds":121427045,"closing_country_cash":10000000651355,"closing_country_goods":12000000,"closing_escrow_cash":0,"closing_expedition_funds":0,"closing_goods_stock":12629618,"closing_population":80,"closing_transit_population":0,"cohort_count":20,"colonization_cross_domain_ms":0.0001,"colonization_payload_split_ms":0.0,"colonization_route_query_ms":0.0,"commit_day":28,"commit_due":false,"commit_lag_budget_days":0,"commit_over_budget":false,"committed_generation":29,"configured":true,"construction_goods_consumed":0,"construction_material_reserved":108,"consumed_goods":52900,"continuation_slices":0,"country_commands_due":false,"country_generation":26,"country_research_goods_consumed":0,"country_research_procurement_candidate_count":4,"country_research_procurement_continuation_active":false,"country_research_procurement_continuation_candidate":-1,"country_research_procurement_continuation_cash":0,"country_research_procurement_continuation_country":-1,"country_research_procurement_continuation_country_generation":0,"country_research_procurement_continuation_good":-1,"country_research_procurement_continuation_market":-1,"country_research_procurement_continuation_market_applied":false,"country_research_procurement_continuation_merchant_cursor":0,"country_research_procurement_continuation_merchants":0,"country_research_procurement_continuation_peer_generation":0,"country_research_procurement_continuation_phase":0,"country_research_procurement_continuation_quantity":0,"country_research_procurement_continuation_session_epoch":0,"country_research_procurement_continuation_transaction_id":0,"country_research_procurement_cursor":4,"country_research_procurement_done":true,"country_research_procurement_last_error":"","country_research_procurement_phase":2,"country_research_procurement_rejections":0,"country_research_procurement_slices":0,"country_research_procurement_transactions":0,"country_schema_version":13,"country_state_hash":-7615389560939868498,"current_day":28,"cycle_deadline_day":28,"cycle_flow_consumed":0,"cycle_flow_discarded":0,"cycle_flow_produced":0,"days_until_commit":0,"deaths":0,"deferred_cells":0,"derived_business_demand_edges":116,"derived_business_demand_lanes":4,"derived_business_demand_total":1303,"derived_business_demand_weight_q16":32768,"desired_business_demand":3112,"due_cells":4,"duplicate_range_count":0,"economy_accuracy_preset":"BALANCED","economy_approximation_runtime_mode":"ACTIVE","economy_event_last_batch_count":43,"economy_event_newest_id":1094,"economy_live_cells":4,"economy_trace_detail_truncated":0,"economy_trace_memory_bytes":906488,"employment_choice_temperature_q16":6554,"employment_mobility_daily_q16":13107,"employment_understaffed_reallocation_hurdle_mult_q16":131072,"environment_day":28,"environment_hash":4723919399855131493,"epoch_active":false,"epoch_available_building_type_count":20,"epoch_begin_audit_lane_ms":0.0,"epoch_begin_building_factor_ms":0.0035,"epoch_begin_city_factor_ms":0.0019,"epoch_begin_commands_ms":0.0004,"epoch_begin_construction_csr_ms":0.0021,"epoch_begin_country_ms":0.161,"epoch_begin_fiscal_ms":0.0178,"epoch_begin_ms":0.208,"epoch_begin_pending_day":-1,"epoch_begin_post_fiscal_pending":false,"epoch_begin_recovery_apply_ms":0.0005,"epoch_begin_reset_ms":0.0107,"epoch_begin_resource_lane_ms":0.0085,"epoch_begin_vector_init_ms":2.591,"epoch_begin_workset_ms":0.0133,"epoch_days":1,"epoch_elapsed_days_lost":0,"epoch_elapsed_days_max":1,"epoch_elapsed_days_spread_cells":0,"epoch_id":27,"epoch_preflight_ms":0.0056,"estimated_building_slices_per_epoch":4,"estimated_market_slices_per_epoch":7,"estimated_total_slices_per_epoch":11,"event_detail_ms":0.0,"event_publish_ms":0.0078,"event_stream_hash":-3028318076541466006,"event_summary_ms":0.0017,"executed_stage":"fiscal_settlement","executed_substage":"commit","explicit_money_burn":0,"explicit_money_mint":1440000,"explicit_stock_delta":0,"external_population_delta":0,"fallback_ms":0.0107,"families_dissolved":0,"families_formed":0,"family_behavior_cache_dirty":false,"family_behavior_cache_last_dirty_reasons":16,"family_behavior_cache_ms":0.0312,"family_behavior_cache_rebuilds":1,"family_behavior_cache_skips":0,"family_behavior_class_row_count":0,"family_behavior_condition_edges_evaluated":45,"family_behavior_factor_row_count":133,"family_behavior_metric_contexts_built":1,"family_branch_count":4,"family_commit_attribution_ms":0.0018,"family_commit_form_ms":0.0049,"family_commit_index_ms":0.0001,"family_commit_influence_ms":0.0,"family_commit_lifecycle_ms":0.0019,"family_commit_normalize_ms":0.0188,"family_count":4,"family_effect_binding_count":0,"family_expedition_active_count":0,"family_expedition_due_heap_count":0,"family_expedition_transit_population":0,"family_industry_stat_count":4,"family_membership_edge_count":5,"family_membership_edges_processed":5,"family_modifier_binding_count":0,"family_owned_output_row_count":0,"family_owner_jobs_filled":21,"family_owner_jobs_vacant":0,"family_ownership_edge_count":4,"family_ownership_edges_processed":4,"family_runtime_mode":"ACTIVE","family_trait_roll_count":9,"family_trigger_binding_count":0,"fatal":false,"fatal_context":{"valid":false},"fatal_reason":"","filled_employee_jobs":9,"filled_owner_jobs":48,"fiscal_reservation_continuation_active":false,"fiscal_reservation_continuation_phase":2,"fiscal_reservation_country_count":4,"fiscal_reservation_country_cursor":4,"fiscal_reservation_day":28,"fiscal_reservation_last_error":"","fiscal_reservation_last_requested":0,"fiscal_reservation_last_reserved":0,"fiscal_settlement_continuation_active":false,"fiscal_settlement_continuation_phase":2,"fiscal_settlement_country_count":4,"fiscal_settlement_country_cursor":4,"fiscal_settlement_day":28,"fiscal_settlement_last_collected":0,"fiscal_settlement_last_error":"","fiscal_settlement_last_unused":0,"fiscal_settlement_return_completed":false,"food_access_events":48,"food_input_events":0,"food_output_events":8,"food_trade_events":0,"formula_ms":0.0976,"funded_business_demand":1693,"gold_accepted":1800,"gold_money_issued":1440000,"good_count":134,"goods_error":0,"goods_expected":12629618,"government_research_procured_points":0,"government_research_procurement_cash":0,"government_research_procurement_orders":0,"high_speed_batch_multiplier":1,"high_speed_batching_enabled":true,"high_speed_market_dispatches_saved":0,"high_speed_production_dispatches_saved":0,"household_market_breakdown_ms":{"household_market.income_subsidy":0.0006,"household_market.post_buildings":0.3672,"household_market.reserve_shortfall":0.1436,"household_market.settle.merge_aggregate":0.0542,"household_market.settle.merge_trade":0.0394,"household_market.settle.other":0.0032999999999999,"household_market.settle.prepare":0.0125,"household_market.settle.trace":0.0109,"household_market.settle.worker":2.6927,"household_market.structural_sort":0.0007},"household_market_breakdown_work":{"household_market.income_subsidy":24,"household_market.post_buildings":24,"household_market.reserve_shortfall":24,"household_market.settle.merge_aggregate":24,"household_market.settle.merge_trade":24,"household_market.settle.other":24,"household_market.settle.prepare":24,"household_market.settle.trace":24,"household_market.settle.worker":24,"household_market.structural_sort":0},"household_market_merge_aggregate_ms":0.0083,"household_market_merge_ms":0.0162,"household_market_merge_trade_ms":0.0059,"household_market_phase":-1,"household_market_prepare_ms":0.0014,"household_market_worker_ms":0.4835,"household_post_building_cells_per_slice":512,"investment_allocate_ms":0.0,"investment_cells_per_slice":96,"investment_cycle_days_remaining":2,"investment_cycle_start_day":20,"investment_displacement_min_advantage_q16":4096,"investment_displacement_type_evaluations":0,"investment_ethnicity_evaluations":0,"investment_evaluate_ms":0.0,"investment_gap_fill_share_q16":16384,"investment_gate_capital_type_skips":0,"investment_market_signal_rejections":0,"investment_max_growth_share_q16":16384,"investment_max_type_owner_share_q16":32768,"investment_merchant_transition_min_improvement_q16":32768,"investment_new_type_seed_buildings":1,"investment_portfolio_max_types":4,"investment_review_cells":0,"investment_review_days":10,"investment_scheduled_review_cells":0,"investment_sparse_considered_types":0,"investment_sparse_dense_fallbacks":0,"investment_sparse_mismatches":0,"investment_sparse_mode":"ACTIVE","investment_sparse_runtime_disabled":false,"investment_sparse_selected_types":0,"investment_sparse_skipped_types":0,"investment_type_evaluations":0,"labor_signal_edges":4,"labor_signal_ms":0.0004,"labor_signal_updates":4,"last_building_rejection_reason":"","last_committed_day":28,"last_completed_aggregate_audit_ms":0.0048,"last_completed_aggregate_publish_ms":0.3963,"last_completed_approximation_certificate_failures":0,"last_completed_approximation_cooldown_epochs_left":5,"last_completed_approximation_decisions":0,"last_completed_approximation_exact_fallbacks":0,"last_completed_approximation_exact_probes":0,"last_completed_approximation_frontier_candidates":0,"last_completed_approximation_frontier_pruned":0,"last_completed_approximation_max_observed_regret_q16":0,"last_completed_approximation_probe_max_demand_error_q16":0,"last_completed_approximation_probe_max_spend_error_q16":0,"last_completed_approximation_probe_violations":0,"last_completed_audit_worker_cpu_ms":0.0,"last_completed_audit_worker_dispatches":0,"last_completed_audit_worker_tasks_max":1,"last_completed_budgeted_building_commit_phase_fusions":9,"last_completed_budgeted_publish_phase_fusions":0,"last_completed_building_employment_ms":0.0,"last_completed_building_factor_cache_hits":20,"last_completed_building_factor_cache_misses":0,"last_completed_building_factor_miss_country":0,"last_completed_building_factor_miss_identity":0,"last_completed_building_factor_miss_modver":0,"last_completed_building_factor_miss_research":0,"last_completed_building_factor_miss_sector":0,"last_completed_building_factor_refresh_ms":0.0034,"last_completed_building_investment_displacement_starts":0,"last_completed_building_investment_ms":0.0198,"last_completed_building_plan_evaluate_ms":0.0,"last_completed_building_plan_ms":0.0,"last_completed_building_plan_reserve_ms":0.0,"last_completed_building_plan_worker_cpu_ms":0.0,"last_completed_building_plan_worker_parallel_dispatches":0,"last_completed_building_plan_worker_tasks_max":1,"last_completed_building_production_merge_ms":0.0,"last_completed_building_production_ms":0.0,"last_completed_building_production_worker_cpu_ms":0.0,"last_completed_building_production_worker_dispatches":0,"last_completed_building_production_worker_imbalance_q16_max":0,"last_completed_building_production_worker_ms":0.0,"last_completed_building_production_worker_parallel_dispatches":0,"last_completed_building_production_worker_task_sum":0,"last_completed_building_production_worker_task_weight_max":0,"last_completed_building_production_worker_task_weight_min":0,"last_completed_building_production_worker_tasks_max":1,"last_completed_building_production_worker_weight_total":0,"last_completed_building_role_storage_ms":0.0,"last_completed_building_structure_count_only_updates":0,"last_completed_building_structure_group_merge_ms":0.0,"last_completed_building_structure_labor_cache_ms":0.0,"last_completed_building_structure_market_cache_ms":0.0,"last_completed_building_structure_new_groups":0,"last_completed_building_structure_removed_groups":0,"last_completed_building_structure_role_span_appends":0,"last_completed_building_structure_role_span_reuses":0,"last_completed_building_structure_topology_rebuilds":0,"last_completed_closing_audit_fast_paths":1,"last_completed_closing_audit_full_verifications":0,"last_completed_closing_audit_market_full_scan_entries":0,"last_completed_closing_audit_market_touched_lanes":536,"last_completed_closing_audit_mismatch_lane":-1,"last_completed_closing_audit_mismatch_ledger":"none","last_completed_closing_audit_mismatches":0,"last_completed_closing_audit_population_full_scan_entries":0,"last_completed_closing_audit_population_touched_lanes":20,"last_completed_continuation_slices":0,"last_completed_duplicate_range_count":0,"last_completed_epoch_id":27,"last_completed_finalize_construction_ms":0.001,"last_completed_finalize_reconcile_ms":0.0003,"last_completed_high_speed_batch_multiplier":1,"last_completed_high_speed_market_dispatches_saved":0,"last_completed_high_speed_production_dispatches_saved":0,"last_completed_household_market_merge_aggregate_ms":0.0083,"last_completed_household_market_merge_ms":0.0,"last_completed_household_market_merge_trade_ms":0.0059,"last_completed_household_market_prepare_ms":0.0014,"last_completed_household_market_worker_ms":0.4835,"last_completed_investment_allocate_ms":0.0,"last_completed_investment_displacement_type_evaluations":0,"last_completed_investment_ethnicity_evaluations":0,"last_completed_investment_evaluate_ms":0.0,"last_completed_investment_market_signal_rejections":0,"last_completed_investment_prepare_groups_ms":0.0003,"last_completed_investment_prepare_lanes_ms":0.0027,"last_completed_investment_prepare_pending_ms":0.0002,"last_completed_investment_review_cells":0,"last_completed_investment_scheduled_review_cells":0,"last_completed_investment_sparse_considered_types":0,"last_completed_investment_sparse_dense_fallbacks":0,"last_completed_investment_sparse_mismatches":0,"last_completed_investment_sparse_selected_types":0,"last_completed_investment_sparse_skipped_types":0,"last_completed_investment_type_evaluations":0,"last_completed_market_result_allocation_growth_bytes":1120,"last_completed_market_result_allocation_growth_count":1,"last_completed_market_worker_dispatches":1,"last_completed_market_worker_parallel_dispatches":1,"last_completed_market_worker_task_sum":2,"last_completed_market_worker_tasks_max":2,"last_completed_opening_audit_fast_paths":1,"last_completed_opening_audit_full_verifications":0,"last_completed_perf_valid":true,"last_completed_prepare_reuse_count":0,"last_completed_price_glut_cost_damp_hits":8,"last_completed_price_min_tick_hits":0,"last_completed_price_ms":0.3892,"last_completed_price_numeric_ceiling_hits":0,"last_completed_price_numeric_floor_hits":0,"last_completed_production_result_allocation_growth_bytes":0,"last_completed_production_result_allocation_growth_count":0,"last_completed_sample_day":28,"last_completed_small_payment_roundups":0,"last_completed_startup_demand_buildings_started":0,"last_completed_startup_demand_catalog_edges":0,"last_completed_startup_demand_cycle_skips":0,"last_completed_startup_demand_matched_review_cells":0,"last_completed_startup_demand_prepare_ms":0.0155,"last_completed_startup_demand_remote_lanes":35,"last_completed_startup_demand_scratch_bytes":1803640,"last_completed_startup_demand_seed_count":0,"last_completed_startup_demand_touched_lanes":0,"last_completed_workset_cells_executed":4,"last_completed_workset_cells_planned":4,"last_merchant_protected_rejects":0,"ledger_ms":0.0,"locked_investment_cycle_days":10,"locked_market_cycle_days":1,"locked_plan_cycle_days":5,"locked_slow_cycle_days":5,"loss_suspended_building_groups":0,"maintenance_goods_consumed":108,"maintenance_unmet":0,"maintenance_unpaid_value":0,"market_cells_per_slice":128,"market_configured_cycle_days":5,"market_count":1120,"market_cycle_days":1,"market_cycle_days_remaining":1,"market_cycle_start_day":28,"market_max_cycle_days":5,"market_min_cycle_days":1,"market_result_allocation_growth_bytes":1120,"market_result_allocation_growth_count":1,"market_runtime_mode":"ACTIVE","market_signal_edges":44,"market_signal_flush_ms":0.0,"market_signal_insert_count":0,"market_signal_insert_ms":0.0,"market_signal_lookup_entries":150080,"market_signal_lookup_mode":"dense","market_signal_ms":0.066,"market_signal_updates":44,"market_target_cohorts_per_slice":30000,"market_worker_dispatches":1,"market_worker_parallel_dispatches":1,"market_worker_task_sum":2,"market_worker_tasks_max":2,"markets_per_slice":128,"max_command_latency_days":1,"max_state_age_days":0,"memory_bytes":27914382,"merchant_cash":26396016,"merchant_count":4,"merchant_credit_bad_debt":0,"merchant_credit_budget":0,"merchant_credit_committed":0,"merchant_credit_drawn":0,"merchant_credit_outstanding":0,"merchant_credit_premium_repaid":0,"merchant_credit_repaid":0,"merchant_credit_runtime_mode":"ACTIVE","merchant_economic_assets":33091381,"merchant_effective_buy_factor_q16":62259,"merchant_input_procurement_allocated":13910,"merchant_input_procurement_required":13910,"merchant_inventory_liquidation_value":6695365,"merchant_inventory_retail_value":7047780,"merchant_liquidity_coverage_q16":4110992,"merchant_market_making_days_q16":3932160,"merchant_operating_outflow":420796,"merchant_procurement_allocated":420796,"merchant_procurement_budget":22549218,"merchant_procurement_cash_reserve_q16":8192,"merchant_procurement_margin_value":22165,"merchant_procurement_opportunity":420796,"merchant_procurement_reserved":3221318,"merchant_procurement_spent":420796,"merchant_procurement_unspent_allocated":0,"merchant_repairs":0,"merchant_settle_ms":0.0334,"merchant_survival_procurement_allocated":317755,"merchant_survival_procurement_required":317755,"merchant_trade_purchase_cash":0,"merchant_trade_sale_cash":0,"mode":"native","money_close":10000122078400,"money_error":0,"money_expected":10000122078400,"money_open":10000120638400,"newest_state_day":28,"next_stage":"trade_planning","notable_person_count":4,"notable_person_runtime_mode":"ACTIVE","opening_audit_fast_paths":1,"opening_audit_full_verifications":0,"opening_cohort_funds":120028506,"opening_country_cash":10000000609894,"opening_country_goods":12000000,"opening_escrow_cash":0,"opening_expedition_funds":0,"opening_goods_stock":12638301,"opening_population":80,"opening_transit_population":0,"owner_output_consumed":29698,"owner_working_capital_allocated":271972,"owner_working_capital_reserved":201228,"path":"ECONOMY_GRAPH","peak_elapsed_days_spread_cells":0,"pending_commands":0,"pending_construction_count":0,"pending_construction_index_entries":0,"period_transactions":true,"person_commit_bind_jobs_ms":0.0012,"person_commit_claims_ms":0.0008,"person_commit_equity_ms":0.0002,"person_commit_index_ms":0.0084,"person_commit_promote_ms":0.0001,"person_commit_retire_ms":0.002,"person_jobs_bound":4,"person_need_edge_count":16,"person_need_edges_processed":16,"person_retire_call_ms":0.0,"person_retire_calls":0,"persons_died":0,"persons_migrated":0,"persons_promoted":0,"plan_cycle_days_remaining":2,"plan_cycle_start_day":25,"plan_evaluate_cells":0,"population_error":0,"population_expected":80,"prepare_ms":0.2024,"prepare_reuse_count":0,"price_cap_hits":0,"price_catalog_bound_hits":0,"price_ceiling_active_states":0,"price_ceiling_blocked_rises":0,"price_ceiling_confirm_days":30,"price_ceiling_expand_bp":50,"price_ceiling_expansions":0,"price_ceiling_limit_hits":0,"price_ceiling_recover_bp":10,"price_ceiling_recoveries":0,"price_ceiling_state_bytes":0,"price_cost_anchor_hits":13,"price_glut_cost_damp_hits":8,"price_headroom_damp_hits":0,"price_inactive_reversions":0,"price_min_tick_hits":0,"price_model":"price_v6_dynamic_ceiling","price_ms":0.3892,"price_numeric_ceiling_hits":0,"price_numeric_floor_hits":0,"price_numeric_guard_max":2147483647,"price_numeric_guard_min":1,"price_rate_clamp_hits":0,"price_rise_fade_hits":0,"price_rise_fade_model":"disabled_price_v6","price_runtime_bounds":"numeric_min_dynamic_ceiling","processed_building_groups":20,"processed_cells":4,"processed_cohorts":20,"processed_commands":0,"processed_components":68,"processed_due_cells":4,"processed_needs":76,"processed_rules":68,"processed_variants":428,"producer_revenue":1860796,"producer_support_money_issued":0,"producer_support_price_denominator":5,"producer_support_price_numerator":1,"production_input_reserve_shortfall":2218,"production_input_reserved":2218,"production_inputs_consumed":0,"production_output_discarded":1512,"production_output_retained":29698,"production_output_stock":46125,"production_output_supported":0,"production_result_allocation_growth_bytes":0,"production_result_allocation_growth_count":0,"progress_q16":65535,"prosperity_changed_cells":0,"prosperity_demotions":0,"prosperity_promotions":0,"prosperity_update_ms":0.0006,"publish_audit_entries_per_slice":131072,"publish_breakdown_ms":{"aggregate_publish.audit_country":0.0,"aggregate_publish.audit_escrow":0.0,"aggregate_publish.audit_market":0.0,"aggregate_publish.audit_population":0.0,"aggregate_publish.audit_transit":0.0,"aggregate_publish.class_opinion":0.0057,"aggregate_publish.commit":0.3828,"aggregate_publish.commit_cells":0.0079,"aggregate_publish.commit_finalize":0.3729,"aggregate_publish.commit_prepare":0.0018,"aggregate_publish.done":0.0,"aggregate_publish.prepare":0.0077,"aggregate_publish.trade_diagnostics":0.0006,"aggregate_publish.trade_flow":0.0001,"aggregate_publish.trade_init":0.0006,"aggregate_publish.verify":0.001,"aggregate_publish.watermark":0.0035},"publish_breakdown_work":{"aggregate_publish.audit_country":0,"aggregate_publish.audit_escrow":0,"aggregate_publish.audit_market":0,"aggregate_publish.audit_population":0,"aggregate_publish.audit_transit":0,"aggregate_publish.class_opinion":20,"aggregate_publish.commit":5,"aggregate_publish.commit_cells":5,"aggregate_publish.commit_finalize":1,"aggregate_publish.commit_prepare":1,"aggregate_publish.done":0,"aggregate_publish.prepare":3,"aggregate_publish.trade_diagnostics":48,"aggregate_publish.trade_flow":0,"aggregate_publish.trade_init":0,"aggregate_publish.verify":1,"aggregate_publish.watermark":1120},"publish_commit_cells_ms":0.0079,"publish_commit_finalize_ms":0.3729,"publish_commit_prepare_ms":0.0018,"publish_cumulative_breakdown_ms":{"aggregate_publish.audit_country":0.0,"aggregate_publish.audit_escrow":0.0,"aggregate_publish.audit_market":0.0,"aggregate_publish.audit_population":0.0,"aggregate_publish.audit_transit":0.0,"aggregate_publish.commit":0.3828,"aggregate_publish.done":0.0,"aggregate_publish.prepare":0.0077,"aggregate_publish.trade_diagnostics":0.0006,"aggregate_publish.trade_flow":0.0001,"aggregate_publish.trade_init":0.0006,"aggregate_publish.verify":0.001,"aggregate_publish.watermark":0.0035},"publish_cumulative_breakdown_work":{"aggregate_publish.audit_country":0,"aggregate_publish.audit_escrow":0,"aggregate_publish.audit_market":0,"aggregate_publish.audit_population":0,"aggregate_publish.audit_transit":0,"aggregate_publish.commit":5,"aggregate_publish.done":0,"aggregate_publish.prepare":3,"aggregate_publish.trade_diagnostics":48,"aggregate_publish.trade_flow":0,"aggregate_publish.trade_init":0,"aggregate_publish.verify":1,"aggregate_publish.watermark":1120},"publish_entries_per_slice":4096,"publish_ms":0.3963,"publish_phase":"done","rebuild_family_cellindex_ms":0.0032,"rebuild_family_csr_ms":0.0014,"rebuild_family_membership_ms":0.0018,"rebuild_family_ownership_ms":0.0024,"rebuild_person_count_ms":0.003,"rebuild_person_fill_ms":0.0007,"rebuild_person_needoffsets_ms":0.0,"rebuild_person_needs_ms":0.0042,"rebuild_person_sort_ms":0.0004,"recovery_approved":0,"recovery_candidates":0,"recovery_failed":0,"recovery_fully_liquidated_groups":0,"recovery_liquidated_buildings":0,"recovery_liquidation_max_share_q16":16384,"recovery_partially_liquidated_buildings":0,"recovery_restarted":0,"rejected_commands":0,"report_mode":"full","restore_rejected_reason":"","rolling_deadline_violations":0,"sample_day":28,"saturation_count":0,"scan_calls_find_building_group":0,"scan_calls_find_signature":1377,"scan_calls_membership_fallback":8,"scan_steps_family_linear":0,"scan_steps_find_building_group":0,"scan_steps_find_signature":6803,"scan_steps_membership_fallback":22,"scan_steps_person_linear":0,"scan_steps_stage_aggregate_publish":0,"scan_steps_stage_building_commit":352,"scan_steps_stage_building_employment":0,"scan_steps_stage_building_plan":0,"scan_steps_stage_building_production":0,"scan_steps_stage_epoch_begin":4279,"scan_steps_stage_family_commit":0,"scan_steps_stage_fatal":0,"scan_steps_stage_government_research_procurement":0,"scan_steps_stage_household_market":688,"scan_steps_stage_idle":162,"scan_steps_stage_ledger_apply":0,"scan_steps_stage_person_commit":0,"scan_steps_stage_structural_commit":0,"scan_steps_stage_trade_dispatch":0,"scan_steps_stage_trade_planning":0,"scan_steps_stage_trade_settle":0,"scan_steps_stage_wait_commit":0,"settlement_memory_bytes":30460,"settlement_mode":"locked_cycle","settlement_name_collision_probes":0,"settlement_names_assigned":0,"settlement_names_released":0,"settlement_phase":0,"settlement_phase_count":1,"settlement_revision":1,"settlement_watermark":28,"silver_accepted":0,"silver_money_issued":0,"slow_cycle_days_remaining":2,"slow_cycle_start_day":25,"small_payment_roundups":0,"stage":"trade_planning","startup_demand_buildings_started":0,"startup_demand_catalog_edges":0,"startup_demand_cycle_skips":0,"startup_demand_matched_review_cells":0,"startup_demand_prepare_ms":0.0155,"startup_demand_remote_lanes":35,"startup_demand_runtime_mode":"ACTIVE","startup_demand_scratch_bytes":1803640,"startup_demand_seed_count":0,"startup_demand_touched_lanes":0,"starvation_death_rate_q32":21474836,"starvation_satisfaction_threshold_q16":32768,"structure_ms":0.0,"survival_production_target_q16":65536,"tier_dormancy_cap_days":30,"tier_forced_wakes":0,"tier_reasons":{"construction":0,"dormant":0,"effect_shortage":0,"essentials_shortage":4,"forced_wake":0,"out_of_range":0,"player_territory":0,"quiet_short":0,"quiet_with_buildings":0,"recent_change":0,"visible":0},"tier_t0_cells":0,"tier_t1_cells":4,"tier_t2_cells":0,"tier_t3_cells":0,"total_elapsed_days_lost":0,"trade_active_key_count":48,"trade_active_keys_pruned":0,"trade_arrival_bucket_count":0,"trade_candidates_accepted":0,"trade_candidates_arbitrated_out":0,"trade_candidates_generated":0,"trade_candidates_stale_generation":0,"trade_capacity_available":50331648,"trade_capacity_used":0,"trade_capacity_utilization_q16":0,"trade_completed_scans":2,"trade_country_generation":3917825449530135131,"trade_country_good_aggregate_count":0,"trade_country_partner_aggregate_count":0,"trade_country_topology_hash":347598385105892451,"trade_deficit_episodes_resolved":0,"trade_deficit_episodes_started":0,"trade_destination_signals":32,"trade_dispatch_ms":0.0041,"trade_escrow_cash":0,"trade_first_dispatch_delay_max_days":0,"trade_last_plan_reset_reason":"initial_topology_capture","trade_orders_arrived":0,"trade_orders_dispatched":0,"trade_orders_in_flight":0,"trade_plan_breakdown_ms":{"trade_planning.other":0.0017,"trade_planning.route_expand":0.0,"trade_planning.route_finalize":0.0005,"trade_planning.route_prepare":0.0055,"trade_planning.scan_body":0.0417,"trade_planning.scan_finalize":0.009},"trade_plan_breakdown_work":{"trade_planning.candidates_finalized":0,"trade_planning.route_expansions":0,"trade_planning.route_sources_prepared":16,"trade_planning.scan_pairs":140},"trade_plan_ms":0.0584,"trade_plan_phase":"ROUTE","trade_plan_reset_count":0,"trade_plan_substage":"scan_body","trade_quantity_profit_clips":0,"trade_ready_candidates":0,"trade_rejected_capacity":0,"trade_rejected_cash":0,"trade_rejected_margin":0,"trade_rejected_no_spread":0,"trade_rejected_order_cap":0,"trade_rejected_profit":0,"trade_rejected_route":0,"trade_rejected_stock":0,"trade_rejected_vision":0,"trade_relief_candidates":0,"trade_response_deadline_misses":0,"trade_response_deadline_misses_cumulative":0,"trade_route_accepted_targets":0,"trade_route_cache_hits":0,"trade_route_cache_misses":0,"trade_route_current_source_cell":247,"trade_route_current_source_country":0,"trade_route_current_source_good":20,"trade_route_cursor":0,"trade_route_expansion_cursor":0,"trade_route_expansions":0,"trade_route_expansions_per_slice":256,"trade_route_pending_targets":0,"trade_route_search_active":false,"trade_route_search_source":-1,"trade_route_total":8,"trade_runtime_mode":"ACTIVE","trade_scan_cursor":48,"trade_scan_progress_q16":65536,"trade_scan_total":48,"trade_settle_ms":0.0001,"trade_settlement_lag_days":0,"trade_signal_max_age_days":5,"trade_source_signals":8,"trade_tariff_lane_count":0,"trade_topology_content_change_count":0,"trade_topology_generation":1,"trade_topology_hash":3917825449530135131,"trade_topology_ready":true,"trade_transit_goods":0,"trade_true_source_stock_failures":0,"trade_unclaimed_orders":0,"trade_unresolved_capacity":0,"trade_unresolved_cash":0,"trade_unresolved_margin":0,"trade_unresolved_no_attempt":0,"trade_unresolved_no_spread":0,"trade_unresolved_order_cap":0,"trade_unresolved_route":0,"trade_unresolved_stock":0,"trade_vision_gated":true,"trade_water_portal_count":640,"trade_water_portal_edges":66264,"unemployed_population":23,"unfunded_business_demand":1419,"unprofitable_building_groups":0,"wage_plan_ms":0.0073,"wage_suspended_building_groups":0,"watermark_ms":0.0035,"worker_enabled":true,"worker_market_threshold":64,"worker_tasks":2,"working_capital_scale_error_bound_q16":0,"workload_cycle_clamped":false,"workload_deadline_feasible":true,"workset_cells_executed":4,"workset_cells_planned":4,"zero_utilization_building_groups":0}
  [PASS] loaded runtime advances through a full economy settlement cycle
  [PASS] loaded economy remains non-fatal after its first settlement cycle
game save round-trip: 0 failures
ERROR: 68 RID allocations of type 'PN13RendererDummy14TextureStorage12DummyTextureE' were leaked at exit.
ERROR: 16 RID allocations of type 'PN18TextServerAdvanced22ShapedTextDataAdvancedE' were leaked at exit.
ERROR: 1 RID allocations of type 'PN18TextServerAdvanced12FontAdvancedE' were leaked at exit.
WARNING: ObjectDB instances leaked at exit (run with --verbose for details).
   at: cleanup (core/object/object.cpp:2641)
ERROR: 986 resources still in use at exit (run with --verbose for details).
   at: clear (core/io/resource.cpp:810)
