Godot Engine v4.6.2.stable.official.71f334935 - https://godotengine.org

[ui-layout-diag/bind_ui] is_web=false viewport_visible_rect=[P: (0.0, 0.0), S: (51.2, 51.2)] window_size=(64, 64) content_scale_factor=1.250 content_scale_mode=0 device_pixel_ratio=-1.000 top_bar_rect=[P: (0.0, 0.0), S: (543.0, 56.0)] right_panel_rect=[P: (-408.8, 68.0), S: (460.0, 366.0)] country_action_bar_rect=[P: (8.0, -30.8), S: (336.0, 74.0)]
[stage-c] authority=ACTIVE worker=ACTIVE
[building-visual] queue_probe ticks=1 queued=0 chunk=-1 camera_rect=[P: (-25.6, -25.6), S: (51.2, 51.2)] prefetch=false zoom=1.000
[building-visual] queue_probe ticks=2 queued=0 chunk=-1 camera_rect=[P: (-25.6, -25.6), S: (51.2, 51.2)] prefetch=false zoom=1.000
[native_generation/base] path=gdext algorithm=post_base_priority_flood_hydrology_v3 n=2400 native_ms=6.733 water=1553 land=847
[native_generation/post_base] path=gdext algorithm=post_base_priority_flood_hydrology_v3 n=2400 native_ms=1.752 lakes=4 rivers=105 volcanoes=0
[native_generation/vegetation] native_ms=0.841 candidates=841 none=1169 score=[0.000,1.236,1.114] plant_water_land=856 river_adjacent_desert=0 coastal_highland_desert=0 terrain_weight=[0.180,1.200]
[native_generation/qa] single_water=0 tiny<=3=0 small<=5=0 bodies=1 largest=1544 | land_below_sea=0.7% | terr_distinct=21 entropy=3.183bit | river_ratio=4.375%
MapGenerator v7: per-cell 66ms (2400 cells, path=gdext)
[building-visual] queue_probe ticks=3 queued=0 chunk=-1 camera_rect=[P: (-25.6, -25.6), S: (51.2, 51.2)] prefetch=false zoom=1.000
MapBaker v6: hm=(1024, 606) seed=1735228708
    [fused] terrain=73.2ms erosion=2.6ms(ok=true) river=12.1ms(ok=true) latitude=0.1ms coast_sdf=4.0ms(ok=true)
  geometry fields (fused C++): 150ms
  physical circulation hex solve: deferred until DCWorldExt bind (ext=true idx=true soa=false)
  wind/ocean pixel buffers: skipped (ocean_current_visual off)
  visual tiles: {"degradation_reason":"","effective_budget_px":1717248,"effective_texels_per_hex":16.0059221751742,"effective_world_units_per_texel":"(1.373983, 1.375)","estimated_peak_bytes":68402880,"estimated_resident_bytes":40340160,"fallback_reason":"","generation_id":1,"grid_size":"(4, 3)","gutter_px":2,"hex_size":22.0,"horizon_path":"neutral_pending","interior_size":"(416, 344)","layer_size":"(420, 348)","layers":[{"bake_ms":48.6426,"coast_sdf_max_dist_px":13.6162309214075,"distance_scale":1.70202886517594,"edge_distance_saturate_hex":0.9,"edge_distance_units":"normalized_hex_center_gap","hashes":{"edge_distance":-4603098080143260562,"edge_neighbor":4057764273350575789,"height":-9124830669634210576,"map_index":1015450256520461008,"terrain_detail":1415298026641868910,"terrain_normal":4240255112308713771,"water_depth":2330624858830770480},"layer":0,"normal_radius_px":"(22, 22)","raster_scale":"(1.701088, 1.70297)","river_sdf_max_dist_px":5.9571010281158,"shore_carve_band_px":10,"upload_ms":0.068,"wall_ms":48.825},{"bake_ms":62.0632,"coast_sdf_max_dist_px":13.6162309214075,"distance_scale":1.70202886517594,"edge_distance_saturate_hex":0.9,"edge_distance_units":"normalized_hex_center_gap","hashes":{"edge_distance":4583573183968817086,"edge_neighbor":6466940111421570636,"height":5790856781181676511,"map_index":5990047724644026299,"terrain_detail":1806575389526097655,"terrain_normal":3908465376956190299,"water_depth":2547432928052609473},"layer":1,"normal_radius_px":"(22, 22)","raster_scale":"(1.701088, 1.70297)","river_sdf_max_dist_px":5.9571010281158,"shore_carve_band_px":10,"upload_ms":0.06,"wall_ms":62.216},{"bake_ms":60.6989,"coast_sdf_max_dist_px":13.6162309214075,"distance_scale":1.70202886517594,"edge_distance_saturate_hex":0.9,"edge_distance_units":"normalized_hex_center_gap","hashes":{"edge_distance":-2526323355750389439,"edge_neighbor":7015029410290978361,"height":-8150332218754556700,"map_index":329090656303652193,"terrain_detail":-392433696576850044,"terrain_normal":-4965863177888236808,"water_depth":-7217348512352819415},"layer":2,"normal_radius_px":"(22, 22)","raster_scale":"(1.701088, 1.70297)","river_sdf_max_dist_px":5.9571010281158,"shore_carve_band_px":10,"upload_ms":0.074,"wall_ms":60.911},{"bake_ms":91.9475,"coast_sdf_max_dist_px":13.6162309214075,"distance_scale":1.70202886517594,"edge_distance_saturate_hex":0.9,"edge_distance_units":"normalized_hex_center_gap","hashes":{"edge_distance":-4179826732684646787,"edge_neighbor":-5337848294581530626,"height":-7426228563537643593,"map_index":1239439826928151201,"terrain_detail":-8513326582372265254,"terrain_normal":8092780547537771097,"water_depth":-6092640318278072007},"layer":3,"normal_radius_px":"(22, 22)","raster_scale":"(1.701088, 1.70297)","river_sdf_max_dist_px":5.9571010281158,"shore_carve_band_px":10,"upload_ms":0.059,"wall_ms":92.096},{"bake_ms":53.4223,"coast_sdf_max_dist_px":13.6162309214075,"distance_scale":1.70202886517594,"edge_distance_saturate_hex":0.9,"edge_distance_units":"normalized_hex_center_gap","hashes":{"edge_distance":2136869506241081992,"edge_neighbor":-8797880867138963685,"height":-4924567352001132959,"map_index":-4231209514887179977,"terrain_detail":8772909128008927660,"terrain_normal":-6784207502925496102,"water_depth":-7492134226470272506},"layer":4,"normal_radius_px":"(22, 22)","raster_scale":"(1.701088, 1.70297)","river_sdf_max_dist_px":5.9571010281158,"shore_carve_band_px":10,"upload_ms":0.062,"wall_ms":53.576},{"bake_ms":96.3209,"coast_sdf_max_dist_px":13.6162309214075,"distance_scale":1.70202886517594,"edge_distance_saturate_hex":0.9,"edge_distance_units":"normalized_hex_center_gap","hashes":{"edge_distance":6673149775916606392,"edge_neighbor":-8413630352766524385,"height":-6889378239635599087,"map_index":-3551392040916973266,"terrain_detail":1687709548716503895,"terrain_normal":3946453442722986154,"water_depth":6600269933117438995},"layer":5,"normal_radius_px":"(22, 22)","raster_scale":"(1.701088, 1.70297)","river_sdf_max_dist_px":5.9571010281158,"shore_carve_band_px":10,"upload_ms":0.062,"wall_ms":96.479},{"bake_ms":62.0639,"coast_sdf_max_dist_px":13.6162309214075,"distance_scale":1.70202886517594,"edge_distance_saturate_hex":0.9,"edge_distance_units":"normalized_hex_center_gap","hashes":{"edge_distance":361706081270387103,"edge_neighbor":-8688139845739281855,"height":699499231114171702,"map_index":-2682228531129457940,"terrain_detail":-8811551234231146331,"terrain_normal":-265631937775218288,"water_depth":6856409090380917935},"layer":6,"normal_radius_px":"(22, 22)","raster_scale":"(1.701088, 1.70297)","river_sdf_max_dist_px":5.9571010281158,"shore_carve_band_px":10,"upload_ms":0.063,"wall_ms":62.215},{"bake_ms":64.7582,"coast_sdf_max_dist_px":13.6162309214075,"distance_scale":1.70202886517594,"edge_distance_saturate_hex":0.9,"edge_distance_units":"normalized_hex_center_gap","hashes":{"edge_distance":-6250500223095183093,"edge_neighbor":5418444607076768559,"height":1419229568066409352,"map_index":4380956599171502337,"terrain_detail":-894743883384344824,"terrain_normal":4459428523621274975,"water_depth":-6366031586637808975},"layer":7,"normal_radius_px":"(22, 22)","raster_scale":"(1.701088, 1.70297)","river_sdf_max_dist_px":5.9571010281158,"shore_carve_band_px":10,"upload_ms":0.061,"wall_ms":64.908},{"bake_ms":66.5504,"coast_sdf_max_dist_px":13.6162309214075,"distance_scale":1.70202886517594,"edge_distance_saturate_hex":0.9,"edge_distance_units":"normalized_hex_center_gap","hashes":{"edge_distance":8492285698888321900,"edge_neighbor":3199635046979891388,"height":4828838600007938123,"map_index":-7514139010467297966,"terrain_detail":-8950604297692130837,"terrain_normal":-3593785506946687824,"water_depth":5761060537573716235},"layer":8,"normal_radius_px":"(22, 22)","raster_scale":"(1.701088, 1.70297)","river_sdf_max_dist_px":5.9571010281158,"shore_carve_band_px":10,"upload_ms":0.061,"wall_ms":66.704},{"bake_ms":93.7419,"coast_sdf_max_dist_px":13.6162309214075,"distance_scale":1.70202886517594,"edge_distance_saturate_hex":0.9,"edge_distance_units":"normalized_hex_center_gap","hashes":{"edge_distance":9117926548072241235,"edge_neighbor":-7557104988675294500,"height":618468365387938347,"map_index":-5885543932102826664,"terrain_detail":3877245088374033799,"terrain_normal":-6778421208245397131,"water_depth":2200779154463963187},"layer":9,"normal_radius_px":"(22, 22)","raster_scale":"(1.701088, 1.70297)","river_sdf_max_dist_px":5.9571010281158,"shore_carve_band_px":10,"upload_ms":0.072,"wall_ms":93.924},{"bake_ms":49.5077,"coast_sdf_max_dist_px":13.6162309214075,"distance_scale":1.70202886517594,"edge_distance_saturate_hex":0.9,"edge_distance_units":"normalized_hex_center_gap","hashes":{"edge_distance":-3745585455065177449,"edge_neighbor":2404961067888014635,"height":-3115442796632843800,"map_index":-6211809985430628861,"terrain_detail":1161812488860344551,"terrain_normal":6456972146840247766,"water_depth":1987210436922770546},"layer":10,"normal_radius_px":"(22, 22)","raster_scale":"(1.701088, 1.70297)","river_sdf_max_dist_px":5.9571010281158,"shore_carve_band_px":10,"upload_ms":0.063,"wall_ms":49.673},{"bake_ms":39.3492,"coast_sdf_max_dist_px":13.6162309214075,"distance_scale":1.70202886517594,"edge_distance_saturate_hex":0.9,"edge_distance_units":"normalized_hex_center_gap","hashes":{"edge_distance":-1470570636688572573,"edge_neighbor":-6057560351645416949,"height":-5827593206795043862,"map_index":-2248414732901839783,"terrain_detail":7630543887994105174,"terrain_normal":8582387156502791927,"water_depth":-6103088449435849452},"layer":11,"normal_radius_px":"(22, 22)","raster_scale":"(1.701088, 1.70297)","river_sdf_max_dist_px":5.9571010281158,"shore_carve_band_px":10,"upload_ms":0.061,"wall_ms":39.505}],"logical_size":"(1664, 1032)","mode":"tiled","path":"visual_tiled_static","profile":"desktop_high","renderer":"mobile","requested_budget_px":1716216,"requested_texels_per_hex":16.0,"requested_tile_world_span":"(704.0, 704.0)","requested_world_units_per_texel":1.375,"tile_world_area":270355.817993164,"tile_world_span":"(571.5768, 473.0)","total_ms":794.328,"visual_domain":"[P: (0.0, -44.0), S: (2286.307, 1419.0)]","wrap_period_x":2286.30706599092,"wrap_x":true}
WARNING: Loaded resource as image file, this will not work on export: 'res://assets/textures/terrain_materials/organic.png'. Instead, import the image file as an Image resource and load it normally as a resource.
   at: load (core/io/image.cpp:2756)
   GDScript backtrace (most recent call first):
       [0] _build_terrain_material_tex (res://scripts/rendering/map_baker.gd:360)
       [1] get_or_build_shared_terrain_material_tex (res://scripts/rendering/map_baker.gd:343)
       [2] bake_world (res://scripts/rendering/map_baker.gd:1187)
       [3] _yield_generation_frame (res://scripts/rendering/map_baker.gd:1225)
WARNING: Loaded resource as image file, this will not work on export: 'res://assets/textures/terrain_materials/dry_sand.png'. Instead, import the image file as an Image resource and load it normally as a resource.
   at: load (core/io/image.cpp:2756)
   GDScript backtrace (most recent call first):
       [0] _build_terrain_material_tex (res://scripts/rendering/map_baker.gd:360)
       [1] get_or_build_shared_terrain_material_tex (res://scripts/rendering/map_baker.gd:343)
       [2] bake_world (res://scripts/rendering/map_baker.gd:1187)
       [3] _yield_generation_frame (res://scripts/rendering/map_baker.gd:1225)
WARNING: Loaded resource as image file, this will not work on export: 'res://assets/textures/terrain_materials/rock.png'. Instead, import the image file as an Image resource and load it normally as a resource.
   at: load (core/io/image.cpp:2756)
   GDScript backtrace (most recent call first):
       [0] _build_terrain_material_tex (res://scripts/rendering/map_baker.gd:360)
       [1] get_or_build_shared_terrain_material_tex (res://scripts/rendering/map_baker.gd:343)
       [2] bake_world (res://scripts/rendering/map_baker.gd:1187)
       [3] _yield_generation_frame (res://scripts/rendering/map_baker.gd:1225)
WARNING: Loaded resource as image file, this will not work on export: 'res://assets/textures/terrain_materials/snow_wet.png'. Instead, import the image file as an Image resource and load it normally as a resource.
   at: load (core/io/image.cpp:2756)
   GDScript backtrace (most recent call first):
       [0] _build_terrain_material_tex (res://scripts/rendering/map_baker.gd:360)
       [1] get_or_build_shared_terrain_material_tex (res://scripts/rendering/map_baker.gd:343)
       [2] bake_world (res://scripts/rendering/map_baker.gd:1187)
       [3] _yield_generation_frame (res://scripts/rendering/map_baker.gd:1225)
  cell LUT encode: deferred until DCWorldExt bind
  encode: 3217ms
MapBaker v6: total 3376ms
MapGenerator v7: bake 3404ms
MapGenerator: skip _compute_ocean_currents (physical-hex path writes per-cell directly)
MapGenerator: skip _compute_terrain_perturbed_wind (physical-hex solver writes per-cell)
[SUS] sim budget strict=false frame=8.00ms warn=2.00ms slice=0.75ms upload=1.50ms scheduler=DCSystemScheduler native_sus=auto
[DCWorldExt] bind_map_data: 148 components bound (auto-registered=148; snapshot model; see world_ext.cpp comment & charter Â§11)
[DataCore] _data_core_world_ext bound=true (climate co-processor; class=DCWorldExt)
[native_world] configure rc=0 reason=configured cells=2400 wrap_period_x=103.923
[native_generation] path=gdext n=2400 published=9 native_ms=0.095 compute_ms=0.052 flush_ms=0.043
[hex_cell] facade ENABLED (2400 cells bound; ext=true)
[DataCore] _baker climate_profile injected=true (fixes WorldData.config==null sea_ice prepare path)
[phys_solve][oneshot] OK slp=0.78ms wind=0.33ms psi=0.29ms(ran=true) upwelling=0.03ms total=1.87ms
PhysicalCirculation solve@phase=1.50 total=2ms (C++ one-shot run_physical_solve_pass)
  wind/ocean pixel buffers: skipped (ocean_current_visual off)
[physical_init] deferred native refresh complete: 2ms
[cell_lut] deferred encode: 1ms path=gdext
[bio-occupancy] seed landmasses=10 provinces=10 species=20 secondary_hearths=22
[bio-occupancy]   bio.maize envelope=56 hearth=17 seeded_landmasses=1 primary_landmass=8 primary_envelope=31 occupied=17 occupied/envelope=0.55
[bio-occupancy]   bio.wheat envelope=225 hearth=58 seeded_landmasses=3 primary_landmass=1 primary_envelope=21 occupied=58 occupied/envelope=2.76
[bio-occupancy]   bio.rice envelope=71 hearth=19 seeded_landmasses=4 primary_landmass=2 primary_envelope=23 occupied=19 occupied/envelope=0.83
[bio-occupancy]   bio.potato envelope=163 hearth=55 seeded_landmasses=3 primary_landmass=8 primary_envelope=86 occupied=55 occupied/envelope=0.64
[bio-occupancy]   bio.horse envelope=242 hearth=48 seeded_landmasses=4 primary_landmass=2 primary_envelope=70 occupied=48 occupied/envelope=0.69
[bio-occupancy]   bio.cotton envelope=119 hearth=12 seeded_landmasses=1 primary_landmass=7 primary_envelope=22 occupied=12 occupied/envelope=0.55
[bio-occupancy]   bio.flax envelope=212 hearth=17 seeded_landmasses=2 primary_landmass=1 primary_envelope=21 occupied=17 occupied/envelope=0.81
[bio-occupancy]   bio.spice envelope=100 hearth=8 seeded_landmasses=2 primary_landmass=2 primary_envelope=26 occupied=8 occupied/envelope=0.31
[bio-occupancy]   bio.rubber envelope=56 hearth=7 seeded_landmasses=1 primary_landmass=7 primary_envelope=15 occupied=7 occupied/envelope=0.47
[bio-occupancy]   bio.sheep envelope=34 hearth=8 seeded_landmasses=1 primary_landmass=8 primary_envelope=17 occupied=8 occupied/envelope=0.47
[bio-occupancy]   bio.goat envelope=405 hearth=98 seeded_landmasses=4 primary_landmass=8 primary_envelope=187 occupied=98 occupied/envelope=0.52
[bio-occupancy]   bio.cattle envelope=13 hearth=5 seeded_landmasses=1 primary_landmass=8 primary_envelope=11 occupied=5 occupied/envelope=0.45
[bio-occupancy]   bio.pig envelope=287 hearth=89 seeded_landmasses=5 primary_landmass=8 primary_envelope=129 occupied=89 occupied/envelope=0.69
[bio-occupancy]   bio.camel envelope=45 hearth=6 seeded_landmasses=1 primary_landmass=6 primary_envelope=13 occupied=6 occupied/envelope=0.46
[bio-occupancy]   bio.yak envelope=192 hearth=68 seeded_landmasses=3 primary_landmass=2 primary_envelope=83 occupied=68 occupied/envelope=0.82
[bio-occupancy]   bio.silkworm envelope=144 hearth=23 seeded_landmasses=1 primary_landmass=8 primary_envelope=57 occupied=23 occupied/envelope=0.40
[bio-occupancy]   bio.reed envelope=148 hearth=31 seeded_landmasses=4 primary_landmass=8 primary_envelope=60 occupied=31 occupied/envelope=0.52
[bio-occupancy]   bio.bast_fiber envelope=279 hearth=65 seeded_landmasses=1 primary_landmass=8 primary_envelope=136 occupied=65 occupied/envelope=0.48
[bio-occupancy]   bio.dye_plant envelope=122 hearth=38 seeded_landmasses=2 primary_landmass=8 primary_envelope=53 occupied=38 occupied/envelope=0.72
[bio-occupancy]   bio.medicinal_herb envelope=371 hearth=151 seeded_landmasses=5 primary_landmass=8 primary_envelope=168 occupied=151 occupied/envelope=0.90
[bio-occupancy]   landmass 1 classes=cold_grazer, fiber_forest, dry_grazer, highland_food, open_food, open_grazer, fiber_open, forest_grazer foods=potato, wheat
[bio-occupancy]   landmass 2 classes=cold_grazer, fiber_forest, dry_grazer, open_grazer, fiber_wet, forest_grazer, open_food, highland_food, fiber_open, wetland_food, tropical foods=wheat, potato, rice
[bio-occupancy]   landmass 3 classes=none foods=none
[bio-occupancy]   landmass 4 classes=none foods=none
[bio-occupancy]   landmass 5 classes=none foods=none
[bio-occupancy]   landmass 6 classes=wetland_food, forest_grazer, fiber_wet, fiber_forest, open_grazer, dry_grazer, fiber_open, tropical foods=rice
[bio-occupancy]   landmass 7 classes=fiber_open, tropical, dry_grazer, open_food, open_grazer, fiber_forest, wetland_food, forest_grazer, fiber_wet foods=wheat, rice
[bio-occupancy]   landmass 8 classes=tropical, fiber_open, forest_grazer, dry_grazer, open_food, fiber_forest, wetland_food, open_grazer, highland_food, fiber_wet, cold_grazer foods=maize, rice, potato
[bio-occupancy]   landmass 9 classes=none foods=none
[bio-occupancy]   landmass 10 classes=none foods=none
[weather] gdext acceleration ON (class=DCWorldExt)
[weather] gdext field commit ON
[weather] gdext distribute ON
[weather] gdext summary ON
[weather] hexcell facade ON (skip AoS double-write in hot loop)
[weather] gdext resident knobs ON (class=KnobsHandle)
[economy] ACTIVE native graph cells=2400 goods=134 cohorts=24 epoch_days=1 trade=ACTIVE topology_ready=true topology_generation=1 bootstrap=starter_settlement_bootstrap_v9 founder_families=6 founder_people=6
[country] ACTIVE native authority countries=6 cells=2400 generation=1
[weather/knobs] resident KnobsHandle path ACTIVE — first to_*_knobs_dict hit (field_rebuild_count=1 expected ≤1; stable Hz target ≤1 Hz)
[native_daily] ACTIVE: registered native_daily_sim + natural_resource_daily + bio_occupancy_daily; retained season_refresh + ocean_currents boundary jobs
[DCSystemScheduler] topology: ["season_refresh", "trigger_runtime", "ideology_runtime", "effect_runtime", "modifier_daily", "gameplay_effect", "natural_resource_daily", "bio_occupancy_daily", "enum_atlas_upload", "ocean_currents", "native_daily_sim", "dynamic_visual_atlas_upload", "country_daily", "economy_daily"]
WARNING: [runtime-climate-round] no ClimateDailySystem; SHADOW capture carries no shared pass input
   at: push_warning (core/variant/variant_utility.cpp:1034)
   GDScript backtrace (most recent call first):
       [0] _build_runtime_climate_round_input (res://scripts/geography/map_generator.gd:4627)
       [1] capture_runtime_inputs_for_worker (res://scripts/geography/map_generator.gd:2351)
       [2] generate_world (res://scripts/game/world_runtime_host.gd:609)
       [3] generate (res://scripts/geography/map_generator.gd:1606)
       [4] _yield_generation_frame (res://scripts/geography/map_generator.gd:19841)
WARNING: [runtime-worker] Ideology opinion publish deferred: ideology_opinion_snapshot_invalid
   at: push_warning (core/variant/variant_utility.cpp:1034)
   GDScript backtrace (most recent call first):
       [0] _start_production_shadow_worker (res://scripts/game/world_runtime_host.gd:700)
       [1] generate_world (res://scripts/game/world_runtime_host.gd:618)
       [2] generate (res://scripts/geography/map_generator.gd:1606)
       [3] _yield_generation_frame (res://scripts/geography/map_generator.gd:19841)
[runtime-day-wait] day=1 env_day=0 missing=0x3ff economy_input=-1
[runtime-worker] production ACTIVE started mask=4095 auto_pod=false
[building-visual] intel_refresh requested=32 changed=1 known=1 catalog=400 resident=0 body=0 queued=0 zoom=1.000
[DCSystemScheduler][RT] ocean_skip#1 tick=1 reason=policy_gated slices=0 elapsed=0.000 progress=0.000 source=day_changed
[climate][publish] day=0 round_ran=1 prod_stage=0xff scalar_mask=0x7f alb=0 veg=0 fb=0 weather=0 sr=0 ok=1
[climate/worker][b8] physics_knobs day=1 ready=0 missing=physics_knobs
[climate-kernel][round] shared=1 ok=1 n_cells=2400 mask=0x1FF ran=0x1FF starved=0x0 knobs_cells=2400
[DCSystemScheduler][RT] ocean_skip#2 tick=2 reason=policy_gated slices=0 elapsed=0.000 progress=0.000 source=day_changed
[country][parity] worker_day=1 uncompared reference_range=-1..-1 depth=0
[climate/worker][b8] physics_knobs day=2 ready=0 missing=physics_knobs
[climate/worker][b8] paw day=2 cell=68 moisture=0.717273 wb30=0 soil=0 paw=0.717273 zeros(water=1544 land=5) nonzero=851 weights(wb=0.35 soil=0.25 dry=0.65) round=1 distribute=0 hydrology=0
[climate/writeback][b8] day=1 vapor store0=0 map0=0 dirty_fields=42 applied=42
[runtime-day-wait] day=2 env_day=2 missing=0x100 economy_input=2
[economy-mirror-cost] day=2 capture_ms=2.714 import_ms=4.671
[climate/writeback][b8] day=2 vapor store0=0 map0=0 dirty_fields=42 applied=42
[climate/worker][b8] physics_knobs day=3 ready=0 missing=physics_knobs
[climate/worker][b8] paw day=3 cell=68 moisture=0.714968 wb30=0 soil=0 paw=0.714968 zeros(water=1544 land=7) nonzero=849 weights(wb=0.35 soil=0.25 dry=0.65) round=1 distribute=0 hydrology=0
[country][parity] worker_day=3 uncompared reference_range=2..2 depth=1
[runtime-day-wait] day=3 env_day=3 missing=0x100 economy_input=3
[economy-mirror-cost] day=3 capture_ms=2.674 import_ms=6.458
[climate/worker][b8] physics_knobs day=4 ready=0 missing=physics_knobs
[climate/worker][b8] paw day=4 cell=68 moisture=0.713328 wb30=0 soil=0 paw=0.713328 zeros(water=1544 land=7) nonzero=849 weights(wb=0.35 soil=0.25 dry=0.65) round=1 distribute=1 hydrology=0
[climate/worker][b8] cyclone_gate day=4 input_enabled=0 force_env=0 effective=0
[climate/worker][b8] weather_solve day=4 cells=2400 psi=1 vapor0=0.110977 precip0=0 cloud0=0.0436987 type0=0 field_init0=1
[country][parity] worker_day=4 uncompared reference_range=2..2 depth=1
[runtime-day-wait] day=4 env_day=4 missing=0x100 economy_input=4
[climate/writeback][b8] day=3 vapor store0=0 map0=0 dirty_fields=42 applied=42
[economy-mirror-cost] day=4 capture_ms=2.664 import_ms=5.883
[climate/worker][b8] physics_knobs day=5 ready=0 missing=physics_knobs
[climate/worker][b8] paw day=5 cell=68 moisture=0.714024 wb30=-0.000135899 soil=0 paw=0.713935 zeros(water=1544 land=7) nonzero=849 weights(wb=0.35 soil=0.25 dry=0.65) round=1 distribute=0 hydrology=0
[country][parity] worker_day=5 uncompared reference_range=2..2 depth=1
[runtime-day-wait] day=5 env_day=5 missing=0x100 economy_input=5
[climate/writeback][b8] day=4 vapor store0=0.110977 map0=0.110977 dirty_fields=44 applied=44
[economy-mirror-cost] day=5 capture_ms=2.637 import_ms=5.270
[climate/worker][b8] physics_knobs day=6 ready=0 missing=physics_knobs
[climate/worker][b8] paw day=6 cell=68 moisture=0.712746 wb30=-0.000135899 soil=0 paw=0.712657 zeros(water=1544 land=7) nonzero=849 weights(wb=0.35 soil=0.25 dry=0.65) round=1 distribute=0 hydrology=0
[country][parity] worker_day=6 uncompared reference_range=2..2 depth=1
[runtime-day-wait] day=6 env_day=6 missing=0x100 economy_input=6
[economy-mirror-cost] day=6 capture_ms=2.922 import_ms=5.923
[climate/worker][b8] paw day=7 cell=68 moisture=0.712778 wb30=-0.000135899 soil=-0.000326157 paw=0.71269 zeros(water=1544 land=7) nonzero=849 weights(wb=0.35 soil=0.25 dry=0.65) round=1 distribute=0 hydrology=0
[country][parity] worker_day=7 uncompared reference_range=2..2 depth=1
[runtime-day-wait] day=7 env_day=7 missing=0x100 economy_input=7
[economy-mirror-cost] day=7 capture_ms=2.651 import_ms=5.364
[climate/worker][b8] paw day=8 cell=68 moisture=0.715943 wb30=-0.000135899 soil=-0.000326157 paw=0.715855 zeros(water=1544 land=7) nonzero=849 weights(wb=0.35 soil=0.25 dry=0.65) round=1 distribute=0 hydrology=0
[country][parity] worker_day=8 uncompared reference_range=2..2 depth=1
[runtime-day-wait] day=8 env_day=8 missing=0x100 economy_input=8
[economy-mirror-cost] day=8 capture_ms=2.650 import_ms=5.023
[climate/worker][b8] paw day=9 cell=68 moisture=0.714972 wb30=-0.000135899 soil=-0.000326157 paw=0.714884 zeros(water=1544 land=7) nonzero=849 weights(wb=0.35 soil=0.25 dry=0.65) round=1 distribute=0 hydrology=0
[country][parity] worker_day=9 uncompared reference_range=2..2 depth=1
[runtime-day-wait] day=9 env_day=9 missing=0x100 economy_input=9
[economy-mirror-cost] day=9 capture_ms=2.638 import_ms=5.032
[climate/worker][b8] paw day=10 cell=68 moisture=0.715028 wb30=-0.000135899 soil=-0.000326157 paw=0.714939 zeros(water=1544 land=7) nonzero=849 weights(wb=0.35 soil=0.25 dry=0.65) round=1 distribute=0 hydrology=0
[runtime-day-wait] day=10 env_day=10 missing=0x100 economy_input=10
[climate/worker][b8] paw day=11 cell=68 moisture=0.715058 wb30=-0.000135899 soil=-0.000326157 paw=0.71497 zeros(water=1544 land=7) nonzero=849 weights(wb=0.35 soil=0.25 dry=0.65) round=1 distribute=0 hydrology=0
[runtime-day-wait] day=11 env_day=11 missing=0x100 economy_input=11
[climate/worker][b8] paw day=12 cell=68 moisture=0.717439 wb30=-0.000135899 soil=-0.000326157 paw=0.71735 zeros(water=1544 land=7) nonzero=849 weights(wb=0.35 soil=0.25 dry=0.65) round=1 distribute=1 hydrology=0
[climate/worker][b8] cyclone_gate day=12 input_enabled=0 force_env=0 effective=0
[climate/worker][b8] weather_solve day=12 cells=2400 psi=1 vapor0=0.0517589 precip0=0.0368362 cloud0=0.0513718 type0=0 field_init0=1
[runtime-day-wait] day=12 env_day=12 missing=0x100 economy_input=12
[climate/worker][b8] paw day=13 cell=68 moisture=0.71671 wb30=-0.000267879 soil=-0.000326157 paw=0.716536 zeros(water=1544 land=7) nonzero=849 weights(wb=0.35 soil=0.25 dry=0.65) round=1 distribute=0 hydrology=0
[runtime-day-wait] day=13 env_day=13 missing=0x100 economy_input=13
[runtime-day-wait] day=14 env_day=14 missing=0x100 economy_input=14
[runtime-day-wait] day=15 env_day=15 missing=0x100 economy_input=15
[runtime-day-wait] day=16 env_day=16 missing=0x100 economy_input=16
[runtime-day-wait] day=17 env_day=17 missing=0x100 economy_input=17
[runtime-day-wait] day=18 env_day=18 missing=0x100 economy_input=18
[runtime-day-wait] day=19 env_day=19 missing=0x100 economy_input=19
[climate/worker][b8] weather_solve day=20 cells=2400 psi=1 vapor0=0.0390531 precip0=0.0506637 cloud0=0.0600347 type0=0 field_init0=1
[runtime-day-wait] day=20 env_day=20 missing=0x100 economy_input=20
[runtime-day-wait] day=21 env_day=21 missing=0x100 economy_input=21
[runtime-day-wait] day=22 env_day=22 missing=0x100 economy_input=22
[clock/step] delta=6.9ms speed=50x target=0.35d cap=8.00d/f cost=0.80ms ran=0 pulse=1.23ms loop=0.00ms full=1.72ms carry=0.12 barrier=climate_input_capacity_day_barrier
[runtime-day-wait] day=23 env_day=23 missing=0x100 economy_input=23
[runtime-day-wait] day=24 env_day=24 missing=0x100 economy_input=24
[runtime-day-wait] day=25 env_day=25 missing=0x100 economy_input=25
[runtime-day-wait] day=26 env_day=26 missing=0x100 economy_input=26
[runtime-day-wait] day=27 env_day=27 missing=0x100 economy_input=27
[climate/worker][b8] weather_solve day=28 cells=2400 psi=1 vapor0=0.0342825 precip0=0.0548014 cloud0=0.0806413 type0=3 field_init0=1
[runtime-day-wait] day=28 env_day=28 missing=0x100 economy_input=28
[runtime-day-wait] day=29 env_day=29 missing=0x100 economy_input=29
[runtime-day-wait] day=30 env_day=30 missing=0x100 economy_input=30
[runtime-day-wait] day=31 env_day=31 missing=0x100 economy_input=31
[runtime-day-wait] day=32 env_day=32 missing=0x100 economy_input=32
[runtime-day-wait] day=33 env_day=33 missing=0x100 economy_input=33
[runtime-day-wait] day=34 env_day=34 missing=0x100 economy_input=34
[runtime-day-wait] day=35 env_day=35 missing=0x100 economy_input=35
[runtime-day-wait] day=36 env_day=36 missing=0x100 economy_input=36
[runtime-day-wait] day=37 env_day=37 missing=0x100 economy_input=37
[runtime-day-wait] day=38 env_day=38 missing=0x100 economy_input=38
[runtime-day-wait] day=39 env_day=39 missing=0x100 economy_input=39
[runtime-day-wait] day=40 env_day=40 missing=0x100 economy_input=40
[runtime-day-wait] day=41 env_day=41 missing=0x100 economy_input=41
[runtime-day-wait] day=42 env_day=42 missing=0x100 economy_input=42
[runtime-day-wait] day=43 env_day=43 missing=0x100 economy_input=43
[runtime-day-wait] day=44 env_day=44 missing=0x100 economy_input=44
[runtime-day-wait] day=45 env_day=45 missing=0x100 economy_input=45
[runtime-day-wait] day=46 env_day=46 missing=0x100 economy_input=46
[runtime-day-wait] day=47 env_day=47 missing=0x100 economy_input=47
[runtime-day-wait] day=48 env_day=48 missing=0x100 economy_input=48
[runtime-day-wait] day=49 env_day=49 missing=0x100 economy_input=49
[runtime-day-wait] day=50 env_day=50 missing=0x100 economy_input=50
[clock/step] delta=6.9ms speed=50x target=0.35d cap=8.00d/f cost=0.48ms ran=0 pulse=0.00ms loop=0.00ms full=0.27ms carry=0.90 barrier=
[runtime-day-wait] day=51 env_day=51 missing=0x100 economy_input=51
[runtime-day-wait] day=52 env_day=52 missing=0x100 economy_input=52
[runtime-day-wait] day=53 env_day=53 missing=0x100 economy_input=53
[runtime-day-wait] day=54 env_day=54 missing=0x100 economy_input=54
[runtime-day-wait] day=55 env_day=55 missing=0x100 economy_input=55
[runtime-day-wait] day=56 env_day=56 missing=0x100 economy_input=56
[runtime-day-wait] day=57 env_day=57 missing=0x100 economy_input=57
[runtime-day-wait] day=58 env_day=58 missing=0x100 economy_input=58
[runtime-day-wait] day=59 env_day=59 missing=0x100 economy_input=59
[runtime-day-wait] day=60 env_day=60 missing=0x100 economy_input=60
[perf-record] start (start_tick=2 mode=CORE detail_period=1)
[stage-c/client] recording mode=ACTIVE worker=ACTIVE seconds=90.00 output=D:/Godot/ProjectKeynes/Project.Keynes/tmp/soak_owned_long
[runtime-day-wait] day=61 env_day=61 missing=0x100 economy_input=61
[runtime-day-wait] day=62 env_day=62 missing=0x100 economy_input=62
[runtime-day-wait] day=63 env_day=63 missing=0x100 economy_input=63
[runtime-day-wait] day=64 env_day=64 missing=0x100 economy_input=64
[runtime-day-wait] day=65 env_day=65 missing=0x100 economy_input=65
[runtime-day-wait] day=66 env_day=66 missing=0x100 economy_input=66
[runtime-day-wait] day=67 env_day=67 missing=0x100 economy_input=67
[runtime-day-wait] day=68 env_day=68 missing=0x100 economy_input=68
[runtime-day-wait] day=69 env_day=69 missing=0x100 economy_input=69
[runtime-day-wait] day=70 env_day=70 missing=0x100 economy_input=70
[runtime-day-wait] day=71 env_day=71 missing=0x100 economy_input=71
[runtime-day-wait] day=72 env_day=72 missing=0x100 economy_input=72
[runtime-day-wait] day=73 env_day=73 missing=0x100 economy_input=73
[runtime-day-wait] day=74 env_day=74 missing=0x100 economy_input=74
[runtime-day-wait] day=75 env_day=75 missing=0x100 economy_input=75
[runtime-day-wait] day=76 env_day=76 missing=0x100 economy_input=76
[runtime-day-wait] day=77 env_day=77 missing=0x100 economy_input=77
[runtime-day-wait] day=78 env_day=78 missing=0x100 economy_input=78
[runtime-day-wait] day=79 env_day=79 missing=0x100 economy_input=79
[clock/step] delta=6.9ms speed=50x target=0.34d cap=8.00d/f cost=0.41ms ran=0 pulse=0.00ms loop=0.00ms full=0.52ms carry=0.86 barrier=
[runtime-day-wait] day=80 env_day=80 missing=0x100 economy_input=80
[runtime-day-wait] day=81 env_day=81 missing=0x100 economy_input=81
[runtime-day-wait] day=82 env_day=82 missing=0x100 economy_input=82
[runtime-day-wait] day=83 env_day=83 missing=0x100 economy_input=83
[runtime-day-wait] day=84 env_day=84 missing=0x100 economy_input=84
[runtime-day-wait] day=85 env_day=85 missing=0x100 economy_input=85
[runtime-day-wait] day=86 env_day=86 missing=0x100 economy_input=86
[runtime-day-wait] day=87 env_day=87 missing=0x100 economy_input=87
[runtime-day-wait] day=88 env_day=88 missing=0x100 economy_input=88
[runtime-day-wait] day=89 env_day=89 missing=0x100 economy_input=89
[runtime-day-wait] day=90 env_day=90 missing=0x100 economy_input=90
[runtime-day-wait] day=91 env_day=91 missing=0x100 economy_input=91
[runtime-day-wait] day=92 env_day=92 missing=0x100 economy_input=92
[runtime-day-wait] day=93 env_day=93 missing=0x100 economy_input=93
[runtime-day-wait] day=94 env_day=94 missing=0x100 economy_input=94
[runtime-day-wait] day=95 env_day=95 missing=0x100 economy_input=95
[runtime-day-wait] day=96 env_day=96 missing=0x100 economy_input=96
[runtime-day-wait] day=97 env_day=97 missing=0x100 economy_input=97
[runtime-day-wait] day=98 env_day=98 missing=0x100 economy_input=98
[runtime-day-wait] day=99 env_day=99 missing=0x100 economy_input=99
[economy-prelude-cost] day=100 ms=0.033 pending=1
[runtime-day-cost] day=100 ok=0 ms=3.646
[runtime-day-wait] day=100 env_day=100 missing=0x100 economy_input=100
[economy-prelude-cost] day=100 ms=0.006 pending=1
[runtime-day-cost] day=100 ok=0 ms=0.095
[economy-open-finish] day=100 country=0.306 workset=0.020 fiscal=0.029 csr=0.004 recovery=0.001 vectors=0.613 audit=0.407 commands=0.000
[economy-prelude-cost] day=100 ms=1.604 pending=0
[economy-boundary-cost] day=100 formulas_ms=6.437 stages_ms=4.827 mirror_ms=9.025
[runtime-day-cost] day=100 ok=1 ms=15.579
[runtime-day-wait] day=101 env_day=101 missing=0x100 economy_input=101
[runtime-day-wait] day=102 env_day=102 missing=0x100 economy_input=102
[runtime-day-wait] day=103 env_day=103 missing=0x100 economy_input=103
[runtime-day-wait] day=104 env_day=104 missing=0x100 economy_input=104
[runtime-day-wait] day=105 env_day=105 missing=0x100 economy_input=105
[runtime-day-wait] day=106 env_day=106 missing=0x100 economy_input=106
[runtime-day-wait] day=107 env_day=107 missing=0x100 economy_input=107
[runtime-day-wait] day=108 env_day=108 missing=0x100 economy_input=108
[runtime-day-wait] day=109 env_day=109 missing=0x100 economy_input=109
[clock/step] delta=6.9ms speed=50x target=0.34d cap=8.00d/f cost=0.54ms ran=0 pulse=0.12ms loop=0.00ms full=0.84ms carry=0.17 barrier=climate_input_capacity_day_barrier
[runtime-day-wait] day=110 env_day=110 missing=0x100 economy_input=110
[runtime-day-wait] day=111 env_day=111 missing=0x100 economy_input=111
[runtime-day-wait] day=112 env_day=112 missing=0x100 economy_input=112
[runtime-day-wait] day=113 env_day=113 missing=0x100 economy_input=113
[runtime-day-wait] day=114 env_day=114 missing=0x100 economy_input=114
[runtime-day-wait] day=115 env_day=115 missing=0x100 economy_input=115
[runtime-day-wait] day=116 env_day=116 missing=0x100 economy_input=116
[runtime-day-wait] day=117 env_day=117 missing=0x100 economy_input=117
[runtime-day-wait] day=118 env_day=118 missing=0x100 economy_input=118
[runtime-day-wait] day=119 env_day=119 missing=0x100 economy_input=119
[runtime-day-wait] day=120 env_day=120 missing=0x100 economy_input=120
[runtime-day-wait] day=121 env_day=121 missing=0x100 economy_input=121
[runtime-day-wait] day=122 env_day=122 missing=0x100 economy_input=122
[runtime-day-wait] day=123 env_day=123 missing=0x100 economy_input=123
[runtime-day-wait] day=124 env_day=124 missing=0x100 economy_input=124
[runtime-day-wait] day=125 env_day=125 missing=0x100 economy_input=125
[runtime-day-wait] day=126 env_day=126 missing=0x100 economy_input=126
[runtime-day-wait] day=127 env_day=127 missing=0x100 economy_input=127
[runtime-day-wait] day=128 env_day=128 missing=0x100 economy_input=128
[runtime-day-wait] day=129 env_day=129 missing=0x100 economy_input=129
[runtime-day-wait] day=130 env_day=130 missing=0x100 economy_input=130
[runtime-day-wait] day=131 env_day=131 missing=0x100 economy_input=131
[runtime-day-wait] day=132 env_day=132 missing=0x100 economy_input=132
[runtime-day-wait] day=133 env_day=133 missing=0x100 economy_input=133
[runtime-day-wait] day=134 env_day=134 missing=0x100 economy_input=134
[runtime-day-wait] day=135 env_day=135 missing=0x100 economy_input=135
[runtime-day-wait] day=136 env_day=136 missing=0x100 economy_input=136
[clock/step] delta=6.9ms speed=50x target=0.35d cap=8.00d/f cost=0.41ms ran=0 pulse=0.00ms loop=0.00ms full=0.27ms carry=0.57 barrier=
[runtime-day-wait] day=137 env_day=137 missing=0x100 economy_input=137
[runtime-day-wait] day=138 env_day=138 missing=0x100 economy_input=138
[runtime-day-wait] day=139 env_day=139 missing=0x100 economy_input=139
[runtime-day-wait] day=140 env_day=140 missing=0x100 economy_input=140
[runtime-day-wait] day=141 env_day=141 missing=0x100 economy_input=141
[runtime-day-wait] day=142 env_day=142 missing=0x100 economy_input=142
[runtime-day-wait] day=143 env_day=143 missing=0x100 economy_input=143
[runtime-day-wait] day=144 env_day=144 missing=0x100 economy_input=144
[runtime-day-wait] day=145 env_day=145 missing=0x100 economy_input=145
[runtime-day-wait] day=146 env_day=146 missing=0x100 economy_input=146
[runtime-day-wait] day=147 env_day=147 missing=0x100 economy_input=147
[runtime-day-wait] day=148 env_day=148 missing=0x100 economy_input=148
[runtime-day-wait] day=149 env_day=149 missing=0x100 economy_input=149
[runtime-day-wait] day=150 env_day=150 missing=0x100 economy_input=150
[runtime-day-wait] day=151 env_day=151 missing=0x100 economy_input=151
[runtime-day-wait] day=152 env_day=152 missing=0x100 economy_input=152
[runtime-day-wait] day=153 env_day=153 missing=0x100 economy_input=153
[runtime-day-wait] day=154 env_day=154 missing=0x100 economy_input=154
[runtime-day-wait] day=155 env_day=155 missing=0x100 economy_input=155
[runtime-day-wait] day=156 env_day=156 missing=0x100 economy_input=156
[runtime-day-wait] day=157 env_day=157 missing=0x100 economy_input=157
[runtime-day-wait] day=158 env_day=158 missing=0x100 economy_input=158
[runtime-day-wait] day=159 env_day=159 missing=0x100 economy_input=159
[runtime-day-wait] day=160 env_day=160 missing=0x100 economy_input=160
[runtime-day-wait] day=161 env_day=161 missing=0x100 economy_input=161
[runtime-day-wait] day=162 env_day=162 missing=0x100 economy_input=162
[runtime-day-wait] day=163 env_day=163 missing=0x100 economy_input=163
[runtime-day-wait] day=164 env_day=164 missing=0x100 economy_input=164
[runtime-day-wait] day=165 env_day=165 missing=0x100 economy_input=165
[runtime-day-wait] day=166 env_day=166 missing=0x100 economy_input=166
[clock/step] delta=6.9ms speed=50x target=0.34d cap=8.00d/f cost=0.34ms ran=0 pulse=0.00ms loop=0.00ms full=0.20ms carry=0.99 barrier=
[runtime-day-wait] day=167 env_day=167 missing=0x100 economy_input=167
[runtime-day-wait] day=168 env_day=168 missing=0x100 economy_input=168
[runtime-day-wait] day=169 env_day=169 missing=0x100 economy_input=169
[runtime-day-wait] day=170 env_day=170 missing=0x100 economy_input=170
[runtime-day-wait] day=171 env_day=171 missing=0x100 economy_input=171
[runtime-day-wait] day=172 env_day=172 missing=0x100 economy_input=172
[runtime-day-wait] day=173 env_day=173 missing=0x100 economy_input=173
[runtime-day-wait] day=174 env_day=174 missing=0x100 economy_input=174
[runtime-day-wait] day=175 env_day=175 missing=0x100 economy_input=175
[runtime-day-wait] day=176 env_day=176 missing=0x100 economy_input=176
[runtime-day-wait] day=177 env_day=177 missing=0x100 economy_input=177
[runtime-day-wait] day=178 env_day=178 missing=0x100 economy_input=178
[runtime-day-wait] day=179 env_day=179 missing=0x100 economy_input=179
[runtime-day-wait] day=180 env_day=180 missing=0x100 economy_input=180
[runtime-day-wait] day=181 env_day=181 missing=0x100 economy_input=181
[runtime-day-wait] day=182 env_day=182 missing=0x100 economy_input=182
[runtime-day-wait] day=183 env_day=183 missing=0x100 economy_input=183
[runtime-day-wait] day=184 env_day=184 missing=0x100 economy_input=184
[runtime-day-wait] day=185 env_day=185 missing=0x100 economy_input=185
[runtime-day-wait] day=186 env_day=186 missing=0x100 economy_input=186
[runtime-day-wait] day=187 env_day=187 missing=0x100 economy_input=187
[runtime-day-wait] day=188 env_day=188 missing=0x100 economy_input=188
[runtime-day-wait] day=189 env_day=189 missing=0x100 economy_input=189
[runtime-day-wait] day=190 env_day=190 missing=0x100 economy_input=190
[runtime-day-wait] day=191 env_day=191 missing=0x100 economy_input=191
[runtime-day-wait] day=192 env_day=192 missing=0x100 economy_input=192
[runtime-day-wait] day=193 env_day=193 missing=0x100 economy_input=193
[runtime-day-wait] day=194 env_day=194 missing=0x100 economy_input=194
[runtime-day-wait] day=195 env_day=195 missing=0x100 economy_input=195
[clock/step] delta=6.9ms speed=50x target=0.34d cap=8.00d/f cost=0.52ms ran=0 pulse=0.08ms loop=0.00ms full=0.40ms carry=0.29 barrier=climate_input_capacity_day_barrier
[runtime-day-wait] day=196 env_day=196 missing=0x100 economy_input=196
[runtime-day-wait] day=197 env_day=197 missing=0x100 economy_input=197
[runtime-day-wait] day=198 env_day=198 missing=0x100 economy_input=198
[runtime-day-wait] day=199 env_day=199 missing=0x100 economy_input=199
[economy-prelude-cost] day=200 ms=0.043 pending=1
[runtime-day-cost] day=200 ok=0 ms=2.811
[runtime-day-wait] day=200 env_day=200 missing=0x100 economy_input=200
[economy-prelude-cost] day=200 ms=0.006 pending=1
[runtime-day-cost] day=200 ok=0 ms=0.099
[economy-open-finish] day=200 country=0.542 workset=0.058 fiscal=0.040 csr=0.006 recovery=0.001 vectors=0.827 audit=0.479 commands=0.000
[economy-prelude-cost] day=200 ms=2.335 pending=0
[economy-boundary-cost] day=200 formulas_ms=8.117 stages_ms=5.773 mirror_ms=9.123
[runtime-day-cost] day=200 ok=1 ms=17.409
[runtime-day-wait] day=201 env_day=201 missing=0x100 economy_input=201
[runtime-day-wait] day=202 env_day=202 missing=0x100 economy_input=202
[runtime-day-wait] day=203 env_day=203 missing=0x100 economy_input=203
[runtime-day-wait] day=204 env_day=204 missing=0x100 economy_input=204
[runtime-day-wait] day=205 env_day=205 missing=0x100 economy_input=205
[runtime-day-wait] day=206 env_day=206 missing=0x100 economy_input=206
[runtime-day-wait] day=207 env_day=207 missing=0x100 economy_input=207
[runtime-day-wait] day=208 env_day=208 missing=0x100 economy_input=208
[runtime-day-wait] day=209 env_day=209 missing=0x100 economy_input=209
[runtime-day-wait] day=210 env_day=210 missing=0x100 economy_input=210
[runtime-day-wait] day=211 env_day=211 missing=0x100 economy_input=211
[runtime-day-wait] day=212 env_day=212 missing=0x100 economy_input=212
[runtime-day-wait] day=213 env_day=213 missing=0x100 economy_input=213
[runtime-day-wait] day=214 env_day=214 missing=0x100 economy_input=214
[runtime-day-wait] day=215 env_day=215 missing=0x100 economy_input=215
[runtime-day-wait] day=216 env_day=216 missing=0x100 economy_input=216
[runtime-day-wait] day=217 env_day=217 missing=0x100 economy_input=217
[runtime-day-wait] day=218 env_day=218 missing=0x100 economy_input=218
[runtime-day-wait] day=219 env_day=219 missing=0x100 economy_input=219
[runtime-day-wait] day=220 env_day=220 missing=0x100 economy_input=220
[runtime-day-wait] day=221 env_day=221 missing=0x100 economy_input=221
[runtime-day-wait] day=222 env_day=222 missing=0x100 economy_input=222
[runtime-day-wait] day=223 env_day=223 missing=0x100 economy_input=223
[runtime-day-wait] day=224 env_day=224 missing=0x100 economy_input=224
[clock/step] delta=6.9ms speed=50x target=0.34d cap=8.00d/f cost=0.42ms ran=0 pulse=0.00ms loop=0.00ms full=0.29ms carry=0.91 barrier=
[runtime-day-wait] day=225 env_day=225 missing=0x100 economy_input=225
[runtime-day-wait] day=226 env_day=226 missing=0x100 economy_input=226
[runtime-day-wait] day=227 env_day=227 missing=0x100 economy_input=227
[runtime-day-wait] day=228 env_day=228 missing=0x100 economy_input=228
[runtime-day-wait] day=229 env_day=229 missing=0x100 economy_input=229
[runtime-day-wait] day=230 env_day=230 missing=0x100 economy_input=230
[runtime-day-wait] day=231 env_day=231 missing=0x100 economy_input=231
[runtime-day-wait] day=232 env_day=232 missing=0x100 economy_input=232
[runtime-day-wait] day=233 env_day=233 missing=0x100 economy_input=233
[runtime-day-wait] day=234 env_day=234 missing=0x100 economy_input=234
[runtime-day-wait] day=235 env_day=235 missing=0x100 economy_input=235
[runtime-day-wait] day=236 env_day=236 missing=0x100 economy_input=236
[runtime-day-wait] day=237 env_day=237 missing=0x100 economy_input=237
[runtime-day-wait] day=238 env_day=238 missing=0x100 economy_input=238
[runtime-day-wait] day=239 env_day=239 missing=0x100 economy_input=239
[runtime-day-wait] day=240 env_day=240 missing=0x100 economy_input=240
[runtime-day-wait] day=241 env_day=241 missing=0x100 economy_input=241
[runtime-day-wait] day=242 env_day=242 missing=0x100 economy_input=242
[runtime-day-wait] day=243 env_day=243 missing=0x100 economy_input=243
[runtime-day-wait] day=244 env_day=244 missing=0x100 economy_input=244
[runtime-day-wait] day=245 env_day=245 missing=0x100 economy_input=245
[runtime-day-wait] day=246 env_day=246 missing=0x100 economy_input=246
[runtime-day-wait] day=247 env_day=247 missing=0x100 economy_input=247
[runtime-day-wait] day=248 env_day=248 missing=0x100 economy_input=248
[runtime-day-wait] day=249 env_day=249 missing=0x100 economy_input=249
[runtime-day-wait] day=250 env_day=250 missing=0x100 economy_input=250
[runtime-day-wait] day=251 env_day=251 missing=0x100 economy_input=251
[runtime-day-wait] day=252 env_day=252 missing=0x100 economy_input=252
[runtime-day-wait] day=253 env_day=253 missing=0x100 economy_input=253
[runtime-day-wait] day=254 env_day=254 missing=0x100 economy_input=254
[clock/step] delta=6.9ms speed=50x target=0.34d cap=8.00d/f cost=0.43ms ran=0 pulse=0.38ms loop=0.00ms full=0.66ms carry=0.22 barrier=climate_input_capacity_day_barrier
[runtime-day-wait] day=255 env_day=255 missing=0x100 economy_input=255
[runtime-day-wait] day=256 env_day=256 missing=0x100 economy_input=256
[runtime-day-wait] day=257 env_day=257 missing=0x100 economy_input=257
[runtime-day-wait] day=258 env_day=258 missing=0x100 economy_input=258
[runtime-day-wait] day=259 env_day=259 missing=0x100 economy_input=259
[runtime-day-wait] day=260 env_day=260 missing=0x100 economy_input=260
[runtime-day-wait] day=261 env_day=261 missing=0x100 economy_input=261
[runtime-day-wait] day=262 env_day=262 missing=0x100 economy_input=262
[runtime-day-wait] day=263 env_day=263 missing=0x100 economy_input=263
[runtime-day-wait] day=264 env_day=264 missing=0x100 economy_input=264
[runtime-day-wait] day=265 env_day=265 missing=0x100 economy_input=265
[runtime-day-wait] day=266 env_day=266 missing=0x100 economy_input=266
[runtime-day-wait] day=267 env_day=267 missing=0x100 economy_input=267
[runtime-day-wait] day=268 env_day=268 missing=0x100 economy_input=268
[runtime-day-wait] day=269 env_day=269 missing=0x100 economy_input=269
[runtime-day-wait] day=270 env_day=270 missing=0x100 economy_input=270
[runtime-day-wait] day=271 env_day=271 missing=0x100 economy_input=271
[runtime-day-wait] day=272 env_day=272 missing=0x100 economy_input=272
[runtime-day-wait] day=273 env_day=273 missing=0x100 economy_input=273
[runtime-day-wait] day=274 env_day=274 missing=0x100 economy_input=274
[runtime-day-wait] day=275 env_day=275 missing=0x100 economy_input=275
[runtime-day-wait] day=276 env_day=276 missing=0x100 economy_input=276
[runtime-day-wait] day=277 env_day=277 missing=0x100 economy_input=277
[runtime-day-wait] day=278 env_day=278 missing=0x100 economy_input=278
[runtime-day-wait] day=279 env_day=279 missing=0x100 economy_input=279
[runtime-day-wait] day=280 env_day=280 missing=0x100 economy_input=280
[runtime-day-wait] day=281 env_day=281 missing=0x100 economy_input=281
[runtime-day-wait] day=282 env_day=282 missing=0x100 economy_input=282
[runtime-day-wait] day=283 env_day=283 missing=0x100 economy_input=283
[clock/step] delta=6.9ms speed=50x target=0.34d cap=8.00d/f cost=0.60ms ran=0 pulse=0.41ms loop=0.00ms full=0.73ms carry=0.18 barrier=climate_input_capacity_day_barrier
[runtime-day-wait] day=284 env_day=284 missing=0x100 economy_input=284
[runtime-day-wait] day=285 env_day=285 missing=0x100 economy_input=285
[runtime-day-wait] day=286 env_day=286 missing=0x100 economy_input=286
[runtime-day-wait] day=287 env_day=287 missing=0x100 economy_input=287
[runtime-day-wait] day=288 env_day=288 missing=0x100 economy_input=288
[runtime-day-wait] day=289 env_day=289 missing=0x100 economy_input=289
[runtime-day-wait] day=290 env_day=290 missing=0x100 economy_input=290
[runtime-day-wait] day=291 env_day=291 missing=0x100 economy_input=291
[runtime-day-wait] day=292 env_day=292 missing=0x100 economy_input=292
[runtime-day-wait] day=293 env_day=293 missing=0x100 economy_input=293
[runtime-day-wait] day=294 env_day=294 missing=0x100 economy_input=294
[runtime-day-wait] day=295 env_day=295 missing=0x100 economy_input=295
[runtime-day-wait] day=296 env_day=296 missing=0x100 economy_input=296
[runtime-day-wait] day=297 env_day=297 missing=0x100 economy_input=297
[runtime-day-wait] day=298 env_day=298 missing=0x100 economy_input=298
[runtime-day-wait] day=299 env_day=299 missing=0x100 economy_input=299
[economy-prelude-cost] day=300 ms=0.036 pending=1
[runtime-day-cost] day=300 ok=0 ms=4.211
[runtime-day-wait] day=300 env_day=300 missing=0x100 economy_input=300
[economy-prelude-cost] day=300 ms=0.006 pending=1
[runtime-day-cost] day=300 ok=0 ms=0.097
[economy-open-finish] day=300 country=0.329 workset=0.020 fiscal=0.029 csr=0.004 recovery=0.001 vectors=0.626 audit=0.401 commands=0.000
[economy-prelude-cost] day=300 ms=1.639 pending=0
[economy-boundary-cost] day=300 formulas_ms=6.527 stages_ms=4.881 mirror_ms=8.832
[runtime-day-cost] day=300 ok=1 ms=15.489
[runtime-day-wait] day=301 env_day=301 missing=0x100 economy_input=301
[runtime-day-wait] day=302 env_day=302 missing=0x100 economy_input=302
[runtime-day-wait] day=303 env_day=303 missing=0x100 economy_input=303
[runtime-day-wait] day=304 env_day=304 missing=0x100 economy_input=304
[runtime-day-wait] day=305 env_day=305 missing=0x100 economy_input=305
[runtime-day-wait] day=306 env_day=306 missing=0x100 economy_input=306
[runtime-day-wait] day=307 env_day=307 missing=0x100 economy_input=307
[runtime-day-wait] day=308 env_day=308 missing=0x100 economy_input=308
[runtime-day-wait] day=309 env_day=309 missing=0x100 economy_input=309
[runtime-day-wait] day=310 env_day=310 missing=0x100 economy_input=310
[runtime-day-wait] day=311 env_day=311 missing=0x100 economy_input=311
[runtime-day-wait] day=312 env_day=312 missing=0x100 economy_input=312
[runtime-day-wait] day=313 env_day=313 missing=0x100 economy_input=313
[clock/step] delta=6.9ms speed=50x target=0.34d cap=8.00d/f cost=0.45ms ran=0 pulse=0.36ms loop=0.00ms full=0.57ms carry=0.18 barrier=climate_input_capacity_day_barrier
[runtime-day-wait] day=314 env_day=314 missing=0x100 economy_input=314
[runtime-day-wait] day=315 env_day=315 missing=0x100 economy_input=315
[runtime-day-wait] day=316 env_day=316 missing=0x100 economy_input=316
[runtime-day-wait] day=317 env_day=317 missing=0x100 economy_input=317
[runtime-day-wait] day=318 env_day=318 missing=0x100 economy_input=318
[runtime-day-wait] day=319 env_day=319 missing=0x100 economy_input=319
[runtime-day-wait] day=320 env_day=320 missing=0x100 economy_input=320
[runtime-day-wait] day=321 env_day=321 missing=0x100 economy_input=321
[runtime-day-wait] day=322 env_day=322 missing=0x100 economy_input=322
[runtime-day-wait] day=323 env_day=323 missing=0x100 economy_input=323
[runtime-day-wait] day=324 env_day=324 missing=0x100 economy_input=324
[runtime-day-wait] day=325 env_day=325 missing=0x100 economy_input=325
[runtime-day-wait] day=326 env_day=326 missing=0x100 economy_input=326
[runtime-day-wait] day=327 env_day=327 missing=0x100 economy_input=327
[runtime-day-wait] day=328 env_day=328 missing=0x100 economy_input=328
[runtime-day-wait] day=329 env_day=329 missing=0x100 economy_input=329
[runtime-day-wait] day=330 env_day=330 missing=0x100 economy_input=330
[runtime-day-wait] day=331 env_day=331 missing=0x100 economy_input=331
[runtime-day-wait] day=332 env_day=332 missing=0x100 economy_input=332
[runtime-day-wait] day=333 env_day=333 missing=0x100 economy_input=333
[runtime-day-wait] day=334 env_day=334 missing=0x100 economy_input=334
[runtime-day-wait] day=335 env_day=335 missing=0x100 economy_input=335
[runtime-day-wait] day=336 env_day=336 missing=0x100 economy_input=336
[runtime-day-wait] day=337 env_day=337 missing=0x100 economy_input=337
[runtime-day-wait] day=338 env_day=338 missing=0x100 economy_input=338
[runtime-day-wait] day=339 env_day=339 missing=0x100 economy_input=339
[runtime-day-wait] day=340 env_day=340 missing=0x100 economy_input=340
[runtime-day-wait] day=341 env_day=341 missing=0x100 economy_input=341
[runtime-day-wait] day=342 env_day=342 missing=0x100 economy_input=342
[clock/step] delta=6.9ms speed=50x target=0.34d cap=8.00d/f cost=0.39ms ran=0 pulse=0.00ms loop=0.00ms full=0.25ms carry=0.83 barrier=
[runtime-day-wait] day=343 env_day=343 missing=0x100 economy_input=343
[runtime-day-wait] day=344 env_day=344 missing=0x100 economy_input=344
[runtime-day-wait] day=345 env_day=345 missing=0x100 economy_input=345
[runtime-day-wait] day=346 env_day=346 missing=0x100 economy_input=346
[runtime-day-wait] day=347 env_day=347 missing=0x100 economy_input=347
[runtime-day-wait] day=348 env_day=348 missing=0x100 economy_input=348
[runtime-day-wait] day=349 env_day=349 missing=0x100 economy_input=349
[runtime-day-wait] day=350 env_day=350 missing=0x100 economy_input=350
[runtime-day-wait] day=351 env_day=351 missing=0x100 economy_input=351
[runtime-day-wait] day=352 env_day=352 missing=0x100 economy_input=352
[runtime-day-wait] day=353 env_day=353 missing=0x100 economy_input=353
[runtime-day-wait] day=354 env_day=354 missing=0x100 economy_input=354
[runtime-day-wait] day=355 env_day=355 missing=0x100 economy_input=355
[runtime-day-wait] day=356 env_day=356 missing=0x100 economy_input=356
[runtime-day-wait] day=357 env_day=357 missing=0x100 economy_input=357
[runtime-day-wait] day=358 env_day=358 missing=0x100 economy_input=358
[runtime-day-wait] day=359 env_day=359 missing=0x100 economy_input=359
[runtime-day-wait] day=360 env_day=360 missing=0x100 economy_input=360
[runtime-day-wait] day=361 env_day=361 missing=0x100 economy_input=361
[runtime-day-wait] day=362 env_day=362 missing=0x100 economy_input=362
[runtime-day-wait] day=363 env_day=363 missing=0x100 economy_input=363
[runtime-day-wait] day=364 env_day=364 missing=0x100 economy_input=364
[runtime-day-wait] day=365 env_day=365 missing=0x100 economy_input=365
[runtime-day-wait] day=366 env_day=366 missing=0x100 economy_input=366
[clock/step] delta=8.3ms speed=50x target=0.42d cap=2.44d/f cost=3.21ms ran=1 pulse=0.00ms loop=2.94ms full=3.09ms carry=0.05 barrier=
[runtime-day-wait] day=367 env_day=367 missing=0x100 economy_input=367
[runtime-day-wait] day=368 env_day=368 missing=0x100 economy_input=368
[runtime-day-wait] day=369 env_day=369 missing=0x100 economy_input=369
[runtime-day-wait] day=370 env_day=370 missing=0x100 economy_input=370
[runtime-day-wait] day=371 env_day=371 missing=0x100 economy_input=371
[runtime-day-wait] day=372 env_day=372 missing=0x100 economy_input=372
[runtime-day-wait] day=373 env_day=373 missing=0x100 economy_input=373
[runtime-day-wait] day=374 env_day=374 missing=0x100 economy_input=374
[runtime-day-wait] day=375 env_day=375 missing=0x100 economy_input=375
[runtime-day-wait] day=376 env_day=376 missing=0x100 economy_input=376
[runtime-day-wait] day=377 env_day=377 missing=0x100 economy_input=377
[runtime-day-wait] day=378 env_day=378 missing=0x100 economy_input=378
[runtime-day-wait] day=379 env_day=379 missing=0x100 economy_input=379
[runtime-day-wait] day=380 env_day=380 missing=0x100 economy_input=380
[runtime-day-wait] day=381 env_day=381 missing=0x100 economy_input=381
[runtime-day-wait] day=382 env_day=382 missing=0x100 economy_input=382
[runtime-day-wait] day=383 env_day=383 missing=0x100 economy_input=383
[runtime-day-wait] day=384 env_day=384 missing=0x100 economy_input=384
[runtime-day-wait] day=385 env_day=385 missing=0x100 economy_input=385
[runtime-day-wait] day=386 env_day=386 missing=0x100 economy_input=386
[runtime-day-wait] day=387 env_day=387 missing=0x100 economy_input=387
[runtime-day-wait] day=388 env_day=388 missing=0x100 economy_input=388
[runtime-day-wait] day=389 env_day=389 missing=0x100 economy_input=389
[runtime-day-wait] day=390 env_day=390 missing=0x100 economy_input=390
[runtime-day-wait] day=391 env_day=391 missing=0x100 economy_input=391
[runtime-day-wait] day=392 env_day=392 missing=0x100 economy_input=392
[runtime-day-wait] day=393 env_day=393 missing=0x100 economy_input=393
[runtime-day-wait] day=394 env_day=394 missing=0x100 economy_input=394
[runtime-day-wait] day=395 env_day=395 missing=0x100 economy_input=395
[runtime-day-wait] day=396 env_day=396 missing=0x100 economy_input=396
[clock/step] delta=6.9ms speed=50x target=0.34d cap=8.00d/f cost=0.34ms ran=0 pulse=0.00ms loop=0.00ms full=0.20ms carry=0.62 barrier=
[runtime-day-wait] day=397 env_day=397 missing=0x100 economy_input=397
[runtime-day-wait] day=398 env_day=398 missing=0x100 economy_input=398
[runtime-day-wait] day=399 env_day=399 missing=0x100 economy_input=399
[economy-prelude-cost] day=400 ms=0.039 pending=1
[runtime-day-cost] day=400 ok=0 ms=3.370
[runtime-day-wait] day=400 env_day=400 missing=0x100 economy_input=400
[economy-prelude-cost] day=400 ms=0.007 pending=1
[runtime-day-cost] day=400 ok=0 ms=0.112
[economy-open-finish] day=400 country=0.315 workset=0.020 fiscal=0.032 csr=0.004 recovery=0.001 vectors=0.478 audit=0.412 commands=0.000
[economy-prelude-cost] day=400 ms=1.534 pending=0
[economy-boundary-cost] day=400 formulas_ms=6.684 stages_ms=5.143 mirror_ms=8.601
[runtime-day-cost] day=400 ok=1 ms=15.400
[runtime-day-wait] day=401 env_day=401 missing=0x100 economy_input=401
[runtime-day-wait] day=402 env_day=402 missing=0x100 economy_input=402
[runtime-day-wait] day=403 env_day=403 missing=0x100 economy_input=403
[runtime-day-wait] day=404 env_day=404 missing=0x100 economy_input=404
[runtime-day-wait] day=405 env_day=405 missing=0x100 economy_input=405
[runtime-day-wait] day=406 env_day=406 missing=0x100 economy_input=406
[runtime-day-wait] day=407 env_day=407 missing=0x100 economy_input=407
[runtime-day-wait] day=408 env_day=408 missing=0x100 economy_input=408
[runtime-day-wait] day=409 env_day=409 missing=0x100 economy_input=409
[runtime-day-wait] day=410 env_day=410 missing=0x100 economy_input=410
[runtime-day-wait] day=411 env_day=411 missing=0x100 economy_input=411
[runtime-day-wait] day=412 env_day=412 missing=0x100 economy_input=412
[runtime-day-wait] day=413 env_day=413 missing=0x100 economy_input=413
[runtime-day-wait] day=414 env_day=414 missing=0x100 economy_input=414
[runtime-day-wait] day=415 env_day=415 missing=0x100 economy_input=415
[runtime-day-wait] day=416 env_day=416 missing=0x100 economy_input=416
[runtime-day-wait] day=417 env_day=417 missing=0x100 economy_input=417
[runtime-day-wait] day=418 env_day=418 missing=0x100 economy_input=418
[runtime-day-wait] day=419 env_day=419 missing=0x100 economy_input=419
[runtime-day-wait] day=420 env_day=420 missing=0x100 economy_input=420
[runtime-day-wait] day=421 env_day=421 missing=0x100 economy_input=421
[runtime-day-wait] day=422 env_day=422 missing=0x100 economy_input=422
[runtime-day-wait] day=423 env_day=423 missing=0x100 economy_input=423
[runtime-day-wait] day=424 env_day=424 missing=0x100 economy_input=424
[runtime-day-wait] day=425 env_day=425 missing=0x100 economy_input=425
[clock/step] delta=6.9ms speed=50x target=0.34d cap=8.00d/f cost=0.66ms ran=0 pulse=0.00ms loop=0.00ms full=0.42ms carry=0.93 barrier=
[runtime-day-wait] day=426 env_day=426 missing=0x100 economy_input=426
[runtime-day-wait] day=427 env_day=427 missing=0x100 economy_input=427
[runtime-day-wait] day=428 env_day=428 missing=0x100 economy_input=428
[runtime-day-wait] day=429 env_day=429 missing=0x100 economy_input=429
[runtime-day-wait] day=430 env_day=430 missing=0x100 economy_input=430
[runtime-day-wait] day=431 env_day=431 missing=0x100 economy_input=431
[runtime-day-wait] day=432 env_day=432 missing=0x100 economy_input=432
[runtime-day-wait] day=433 env_day=433 missing=0x100 economy_input=433
[runtime-day-wait] day=434 env_day=434 missing=0x100 economy_input=434
[runtime-day-wait] day=435 env_day=435 missing=0x100 economy_input=435
[runtime-day-wait] day=436 env_day=436 missing=0x100 economy_input=436
[runtime-day-wait] day=437 env_day=437 missing=0x100 economy_input=437
[runtime-day-wait] day=438 env_day=438 missing=0x100 economy_input=438
[runtime-day-wait] day=439 env_day=439 missing=0x100 economy_input=439
[runtime-day-wait] day=440 env_day=440 missing=0x100 economy_input=440
[runtime-day-wait] day=441 env_day=441 missing=0x100 economy_input=441
[runtime-day-wait] day=442 env_day=442 missing=0x100 economy_input=442
[runtime-day-wait] day=443 env_day=443 missing=0x100 economy_input=443
[runtime-day-wait] day=444 env_day=444 missing=0x100 economy_input=444
[runtime-day-wait] day=445 env_day=445 missing=0x100 economy_input=445
[runtime-day-wait] day=446 env_day=446 missing=0x100 economy_input=446
[runtime-day-wait] day=447 env_day=447 missing=0x100 economy_input=447
[runtime-day-wait] day=448 env_day=448 missing=0x100 economy_input=448
[runtime-day-wait] day=449 env_day=449 missing=0x100 economy_input=449
[runtime-day-wait] day=450 env_day=450 missing=0x100 economy_input=450
[runtime-day-wait] day=451 env_day=451 missing=0x100 economy_input=451
[runtime-day-wait] day=452 env_day=452 missing=0x100 economy_input=452
[runtime-day-wait] day=453 env_day=453 missing=0x100 economy_input=453
[runtime-day-wait] day=454 env_day=454 missing=0x100 economy_input=454
[runtime-day-wait] day=455 env_day=455 missing=0x100 economy_input=455
[clock/step] delta=6.9ms speed=50x target=0.34d cap=8.00d/f cost=0.82ms ran=1 pulse=0.00ms loop=0.38ms full=0.55ms carry=0.27 barrier=climate_input_capacity_day_barrier
[runtime-day-wait] day=456 env_day=456 missing=0x100 economy_input=456
[runtime-day-wait] day=457 env_day=457 missing=0x100 economy_input=457
[runtime-day-wait] day=458 env_day=458 missing=0x100 economy_input=458
[runtime-day-wait] day=459 env_day=459 missing=0x100 economy_input=459
[runtime-day-wait] day=460 env_day=460 missing=0x100 economy_input=460
[runtime-day-wait] day=461 env_day=461 missing=0x100 economy_input=461
[runtime-day-wait] day=462 env_day=462 missing=0x100 economy_input=462
[runtime-day-wait] day=463 env_day=463 missing=0x100 economy_input=463
[runtime-day-wait] day=464 env_day=464 missing=0x100 economy_input=464
[runtime-day-wait] day=465 env_day=465 missing=0x100 economy_input=465
[runtime-day-wait] day=466 env_day=466 missing=0x100 economy_input=466
[runtime-day-wait] day=467 env_day=467 missing=0x100 economy_input=467
[runtime-day-wait] day=468 env_day=468 missing=0x100 economy_input=468
[runtime-day-wait] day=469 env_day=469 missing=0x100 economy_input=469
[runtime-day-wait] day=470 env_day=470 missing=0x100 economy_input=470
[runtime-day-wait] day=471 env_day=471 missing=0x100 economy_input=471
[runtime-day-wait] day=472 env_day=472 missing=0x100 economy_input=472
[runtime-day-wait] day=473 env_day=473 missing=0x100 economy_input=473
[runtime-day-wait] day=474 env_day=474 missing=0x100 economy_input=474
[runtime-day-wait] day=475 env_day=475 missing=0x100 economy_input=475
[runtime-day-wait] day=476 env_day=476 missing=0x100 economy_input=476
[runtime-day-wait] day=477 env_day=477 missing=0x100 economy_input=477
[runtime-day-wait] day=478 env_day=478 missing=0x100 economy_input=478
[runtime-day-wait] day=479 env_day=479 missing=0x100 economy_input=479
[runtime-day-wait] day=480 env_day=480 missing=0x100 economy_input=480
[runtime-day-wait] day=481 env_day=481 missing=0x100 economy_input=481
[runtime-day-wait] day=482 env_day=482 missing=0x100 economy_input=482
[runtime-day-wait] day=483 env_day=483 missing=0x100 economy_input=483
[runtime-day-wait] day=484 env_day=484 missing=0x100 economy_input=484
[runtime-day-wait] day=485 env_day=485 missing=0x100 economy_input=485
[clock/step] delta=6.9ms speed=50x target=0.34d cap=8.00d/f cost=0.42ms ran=0 pulse=0.00ms loop=0.00ms full=0.32ms carry=0.58 barrier=
[runtime-day-wait] day=486 env_day=486 missing=0x100 economy_input=486
[runtime-day-wait] day=487 env_day=487 missing=0x100 economy_input=487
[runtime-day-wait] day=488 env_day=488 missing=0x100 economy_input=488
[runtime-day-wait] day=489 env_day=489 missing=0x100 economy_input=489
[runtime-day-wait] day=490 env_day=490 missing=0x100 economy_input=490
[runtime-day-wait] day=491 env_day=491 missing=0x100 economy_input=491
[runtime-day-wait] day=492 env_day=492 missing=0x100 economy_input=492
[runtime-day-wait] day=493 env_day=493 missing=0x100 economy_input=493
[runtime-day-wait] day=494 env_day=494 missing=0x100 economy_input=494
[runtime-day-wait] day=495 env_day=495 missing=0x100 economy_input=495
[runtime-day-wait] day=496 env_day=496 missing=0x100 economy_input=496
[runtime-day-wait] day=497 env_day=497 missing=0x100 economy_input=497
[runtime-day-wait] day=498 env_day=498 missing=0x100 economy_input=498
[runtime-day-wait] day=499 env_day=499 missing=0x100 economy_input=499
[economy-prelude-cost] day=500 ms=0.035 pending=1
[runtime-day-cost] day=500 ok=0 ms=3.938
[runtime-day-wait] day=500 env_day=500 missing=0x100 economy_input=500
[economy-prelude-cost] day=500 ms=0.006 pending=1
[runtime-day-cost] day=500 ok=0 ms=0.098
[economy-open-finish] day=500 country=0.316 workset=0.019 fiscal=0.029 csr=0.004 recovery=0.000 vectors=0.457 audit=0.402 commands=0.000
[economy-prelude-cost] day=500 ms=1.458 pending=0
[economy-boundary-cost] day=500 formulas_ms=5.723 stages_ms=4.258 mirror_ms=7.770
[runtime-day-cost] day=500 ok=1 ms=13.613
[runtime-day-wait] day=501 env_day=501 missing=0x100 economy_input=501
[runtime-day-wait] day=502 env_day=502 missing=0x100 economy_input=502
[runtime-day-wait] day=503 env_day=503 missing=0x100 economy_input=503
[runtime-day-wait] day=504 env_day=504 missing=0x100 economy_input=504
[runtime-day-wait] day=505 env_day=505 missing=0x100 economy_input=505
[runtime-day-wait] day=506 env_day=506 missing=0x100 economy_input=506
[runtime-day-wait] day=507 env_day=507 missing=0x100 economy_input=507
[runtime-day-wait] day=508 env_day=508 missing=0x100 economy_input=508
[runtime-day-wait] day=509 env_day=509 missing=0x100 economy_input=509
[runtime-day-wait] day=510 env_day=510 missing=0x100 economy_input=510
[runtime-day-wait] day=511 env_day=511 missing=0x100 economy_input=511
[runtime-day-wait] day=512 env_day=512 missing=0x100 economy_input=512
[runtime-day-wait] day=513 env_day=513 missing=0x100 economy_input=513
[runtime-day-wait] day=514 env_day=514 missing=0x100 economy_input=514
[clock/step] delta=6.9ms speed=50x target=0.34d cap=8.00d/f cost=0.57ms ran=1 pulse=0.00ms loop=0.53ms full=0.70ms carry=0.23 barrier=climate_input_capacity_day_barrier
[runtime-day-wait] day=515 env_day=515 missing=0x100 economy_input=515
[runtime-day-wait] day=516 env_day=516 missing=0x100 economy_input=516
[runtime-day-wait] day=517 env_day=517 missing=0x100 economy_input=517
[runtime-day-wait] day=518 env_day=518 missing=0x100 economy_input=518
[runtime-day-wait] day=519 env_day=519 missing=0x100 economy_input=519
[runtime-day-wait] day=520 env_day=520 missing=0x100 economy_input=520
[runtime-day-wait] day=521 env_day=521 missing=0x100 economy_input=521
[runtime-day-wait] day=522 env_day=522 missing=0x100 economy_input=522
[runtime-day-wait] day=523 env_day=523 missing=0x100 economy_input=523
[runtime-day-wait] day=524 env_day=524 missing=0x100 economy_input=524
[runtime-day-wait] day=525 env_day=525 missing=0x100 economy_input=525
[runtime-day-wait] day=526 env_day=526 missing=0x100 economy_input=526
[runtime-day-wait] day=527 env_day=527 missing=0x100 economy_input=527
[runtime-day-wait] day=528 env_day=528 missing=0x100 economy_input=528
[runtime-day-wait] day=529 env_day=529 missing=0x100 economy_input=529
[runtime-day-wait] day=530 env_day=530 missing=0x100 economy_input=530
[runtime-day-wait] day=531 env_day=531 missing=0x100 economy_input=531
[runtime-day-wait] day=532 env_day=532 missing=0x100 economy_input=532
[runtime-day-wait] day=533 env_day=533 missing=0x100 economy_input=533
[runtime-day-wait] day=534 env_day=534 missing=0x100 economy_input=534
[runtime-day-wait] day=535 env_day=535 missing=0x100 economy_input=535
[runtime-day-wait] day=536 env_day=536 missing=0x100 economy_input=536
[runtime-day-wait] day=537 env_day=537 missing=0x100 economy_input=537
[runtime-day-wait] day=538 env_day=538 missing=0x100 economy_input=538
[runtime-day-wait] day=539 env_day=539 missing=0x100 economy_input=539
[runtime-day-wait] day=540 env_day=540 missing=0x100 economy_input=540
[runtime-day-wait] day=541 env_day=541 missing=0x100 economy_input=541
[runtime-day-wait] day=542 env_day=542 missing=0x100 economy_input=542
[runtime-day-wait] day=543 env_day=543 missing=0x100 economy_input=543
[runtime-day-wait] day=544 env_day=544 missing=0x100 economy_input=544
[clock/step] delta=6.9ms speed=50x target=0.34d cap=6.67d/f cost=1.04ms ran=1 pulse=0.00ms loop=0.39ms full=0.56ms carry=0.23 barrier=climate_input_capacity_day_barrier
[runtime-day-wait] day=545 env_day=545 missing=0x100 economy_input=545
[runtime-day-wait] day=546 env_day=546 missing=0x100 economy_input=546
[runtime-day-wait] day=547 env_day=547 missing=0x100 economy_input=547
[runtime-day-wait] day=548 env_day=548 missing=0x100 economy_input=548
[runtime-day-wait] day=549 env_day=549 missing=0x100 economy_input=549
[runtime-day-wait] day=550 env_day=550 missing=0x100 economy_input=550
[runtime-day-wait] day=551 env_day=551 missing=0x100 economy_input=551
[runtime-day-wait] day=552 env_day=552 missing=0x100 economy_input=552
[runtime-day-wait] day=553 env_day=553 missing=0x100 economy_input=553
[runtime-day-wait] day=554 env_day=554 missing=0x100 economy_input=554
[runtime-day-wait] day=555 env_day=555 missing=0x100 economy_input=555
[runtime-day-wait] day=556 env_day=556 missing=0x100 economy_input=556
[runtime-day-wait] day=557 env_day=557 missing=0x100 economy_input=557
[runtime-day-wait] day=558 env_day=558 missing=0x100 economy_input=558
[runtime-day-wait] day=559 env_day=559 missing=0x100 economy_input=559
[runtime-day-wait] day=560 env_day=560 missing=0x100 economy_input=560
[runtime-day-wait] day=561 env_day=561 missing=0x100 economy_input=561
[runtime-day-wait] day=562 env_day=562 missing=0x100 economy_input=562
[runtime-day-wait] day=563 env_day=563 missing=0x100 economy_input=563
[runtime-day-wait] day=564 env_day=564 missing=0x100 economy_input=564
[runtime-day-wait] day=565 env_day=565 missing=0x100 economy_input=565
[runtime-day-wait] day=566 env_day=566 missing=0x100 economy_input=566
[runtime-day-wait] day=567 env_day=567 missing=0x100 economy_input=567
[runtime-day-wait] day=568 env_day=568 missing=0x100 economy_input=568
[runtime-day-wait] day=569 env_day=569 missing=0x100 economy_input=569
[runtime-day-wait] day=570 env_day=570 missing=0x100 economy_input=570
[runtime-day-wait] day=571 env_day=571 missing=0x100 economy_input=571
[runtime-day-wait] day=572 env_day=572 missing=0x100 economy_input=572
[runtime-day-wait] day=573 env_day=573 missing=0x100 economy_input=573
[runtime-day-wait] day=574 env_day=574 missing=0x100 economy_input=574
[clock/step] delta=6.9ms speed=50x target=0.34d cap=8.00d/f cost=0.68ms ran=1 pulse=0.00ms loop=0.37ms full=0.54ms carry=0.22 barrier=climate_input_capacity_day_barrier
[runtime-day-wait] day=575 env_day=575 missing=0x100 economy_input=575
[runtime-day-wait] day=576 env_day=576 missing=0x100 economy_input=576
[runtime-day-wait] day=577 env_day=577 missing=0x100 economy_input=577
[runtime-day-wait] day=578 env_day=578 missing=0x100 economy_input=578
[runtime-day-wait] day=579 env_day=579 missing=0x100 economy_input=579
[runtime-day-wait] day=580 env_day=580 missing=0x100 economy_input=580
[runtime-day-wait] day=581 env_day=581 missing=0x100 economy_input=581
[runtime-day-wait] day=582 env_day=582 missing=0x100 economy_input=582
[runtime-day-wait] day=583 env_day=583 missing=0x100 economy_input=583
[runtime-day-wait] day=584 env_day=584 missing=0x100 economy_input=584
[runtime-day-wait] day=585 env_day=585 missing=0x100 economy_input=585
[runtime-day-wait] day=586 env_day=586 missing=0x100 economy_input=586
[runtime-day-wait] day=587 env_day=587 missing=0x100 economy_input=587
[runtime-day-wait] day=588 env_day=588 missing=0x100 economy_input=588
[runtime-day-wait] day=589 env_day=589 missing=0x100 economy_input=589
[runtime-day-wait] day=590 env_day=590 missing=0x100 economy_input=590
[runtime-day-wait] day=591 env_day=591 missing=0x100 economy_input=591
[runtime-day-wait] day=592 env_day=592 missing=0x100 economy_input=592
[runtime-day-wait] day=593 env_day=593 missing=0x100 economy_input=593
[runtime-day-wait] day=594 env_day=594 missing=0x100 economy_input=594
[runtime-day-wait] day=595 env_day=595 missing=0x100 economy_input=595
[runtime-day-wait] day=596 env_day=596 missing=0x100 economy_input=596
[runtime-day-wait] day=597 env_day=597 missing=0x100 economy_input=597
[runtime-day-wait] day=598 env_day=598 missing=0x100 economy_input=598
[runtime-day-wait] day=599 env_day=599 missing=0x100 economy_input=599
[economy-prelude-cost] day=600 ms=0.055 pending=1
[runtime-day-cost] day=600 ok=0 ms=3.188
[runtime-day-wait] day=600 env_day=600 missing=0x100 economy_input=600
[economy-prelude-cost] day=600 ms=0.026 pending=1
[runtime-day-cost] day=600 ok=0 ms=0.286
[economy-prelude-cost] day=600 ms=0.014 pending=1
[runtime-day-cost] day=600 ok=0 ms=0.153
[economy-open-finish] day=600 country=0.469 workset=0.034 fiscal=0.078 csr=0.005 recovery=0.001 vectors=0.592 audit=0.871 commands=0.001
[economy-prelude-cost] day=600 ms=2.577 pending=0
[economy-boundary-cost] day=600 formulas_ms=9.815 stages_ms=7.225 mirror_ms=8.299
[runtime-day-cost] day=600 ok=1 ms=18.305
[runtime-day-wait] day=601 env_day=601 missing=0x100 economy_input=601
[runtime-day-wait] day=602 env_day=602 missing=0x100 economy_input=602
[runtime-day-wait] day=603 env_day=603 missing=0x100 economy_input=603
[runtime-day-wait] day=604 env_day=604 missing=0x100 economy_input=604
[clock/step] delta=6.9ms speed=50x target=0.34d cap=8.00d/f cost=0.57ms ran=0 pulse=0.00ms loop=0.00ms full=0.19ms carry=0.53 barrier=
[runtime-day-wait] day=605 env_day=605 missing=0x100 economy_input=605
[runtime-day-wait] day=606 env_day=606 missing=0x100 economy_input=606
[runtime-day-wait] day=607 env_day=607 missing=0x100 economy_input=607
[runtime-day-wait] day=608 env_day=608 missing=0x100 economy_input=608
[runtime-day-wait] day=609 env_day=609 missing=0x100 economy_input=609
[runtime-day-wait] day=610 env_day=610 missing=0x100 economy_input=610
[runtime-day-wait] day=611 env_day=611 missing=0x100 economy_input=611
[runtime-day-wait] day=612 env_day=612 missing=0x100 economy_input=612
[runtime-day-wait] day=613 env_day=613 missing=0x100 economy_input=613
[runtime-day-wait] day=614 env_day=614 missing=0x100 economy_input=614
[runtime-day-wait] day=615 env_day=615 missing=0x100 economy_input=615
[runtime-day-wait] day=616 env_day=616 missing=0x100 economy_input=616
[runtime-day-wait] day=617 env_day=617 missing=0x100 economy_input=617
[runtime-day-wait] day=618 env_day=618 missing=0x100 economy_input=618
[runtime-day-wait] day=619 env_day=619 missing=0x100 economy_input=619
[runtime-day-wait] day=620 env_day=620 missing=0x100 economy_input=620
[runtime-day-wait] day=621 env_day=621 missing=0x100 economy_input=621
[runtime-day-wait] day=622 env_day=622 missing=0x100 economy_input=622
[runtime-day-wait] day=623 env_day=623 missing=0x100 economy_input=623
[runtime-day-wait] day=624 env_day=624 missing=0x100 economy_input=624
[runtime-day-wait] day=625 env_day=625 missing=0x100 economy_input=625
[runtime-day-wait] day=626 env_day=626 missing=0x100 economy_input=626
[runtime-day-wait] day=627 env_day=627 missing=0x100 economy_input=627
[runtime-day-wait] day=628 env_day=628 missing=0x100 economy_input=628
[runtime-day-wait] day=629 env_day=629 missing=0x100 economy_input=629
[runtime-day-wait] day=630 env_day=630 missing=0x100 economy_input=630
[runtime-day-wait] day=631 env_day=631 missing=0x100 economy_input=631
[runtime-day-wait] day=632 env_day=632 missing=0x100 economy_input=632
[runtime-day-wait] day=633 env_day=633 missing=0x100 economy_input=633
[runtime-day-wait] day=634 env_day=634 missing=0x100 economy_input=634
[clock/step] delta=6.9ms speed=50x target=0.35d cap=4.62d/f cost=1.73ms ran=0 pulse=0.00ms loop=0.00ms full=0.25ms carry=0.53 barrier=
[runtime-day-wait] day=635 env_day=635 missing=0x100 economy_input=635
[runtime-day-wait] day=636 env_day=636 missing=0x100 economy_input=636
[runtime-day-wait] day=637 env_day=637 missing=0x100 economy_input=637
[runtime-day-wait] day=638 env_day=638 missing=0x100 economy_input=638
[runtime-day-wait] day=639 env_day=639 missing=0x100 economy_input=639
[runtime-day-wait] day=640 env_day=640 missing=0x100 economy_input=640
[runtime-day-wait] day=641 env_day=641 missing=0x100 economy_input=641
[runtime-day-wait] day=642 env_day=642 missing=0x100 economy_input=642
[runtime-day-wait] day=643 env_day=643 missing=0x100 economy_input=643
[runtime-day-wait] day=644 env_day=644 missing=0x100 economy_input=644
[runtime-day-wait] day=645 env_day=645 missing=0x100 economy_input=645
[runtime-day-wait] day=646 env_day=646 missing=0x100 economy_input=646
[runtime-day-wait] day=647 env_day=647 missing=0x100 economy_input=647
[runtime-day-wait] day=648 env_day=648 missing=0x100 economy_input=648
[runtime-day-wait] day=649 env_day=649 missing=0x100 economy_input=649
[runtime-day-wait] day=650 env_day=650 missing=0x100 economy_input=650
[runtime-day-wait] day=651 env_day=651 missing=0x100 economy_input=651
[runtime-day-wait] day=652 env_day=652 missing=0x100 economy_input=652
[runtime-day-wait] day=653 env_day=653 missing=0x100 economy_input=653
[runtime-day-wait] day=654 env_day=654 missing=0x100 economy_input=654
[runtime-day-wait] day=655 env_day=655 missing=0x100 economy_input=655
[runtime-day-wait] day=656 env_day=656 missing=0x100 economy_input=656
[runtime-day-wait] day=657 env_day=657 missing=0x100 economy_input=657
[runtime-day-wait] day=658 env_day=658 missing=0x100 economy_input=658
[runtime-day-wait] day=659 env_day=659 missing=0x100 economy_input=659
[runtime-day-wait] day=660 env_day=660 missing=0x100 economy_input=660
[runtime-day-wait] day=661 env_day=661 missing=0x100 economy_input=661
[runtime-day-wait] day=662 env_day=662 missing=0x100 economy_input=662
[runtime-day-wait] day=663 env_day=663 missing=0x100 economy_input=663
[clock/step] delta=6.9ms speed=50x target=0.35d cap=8.00d/f cost=0.41ms ran=0 pulse=0.07ms loop=0.00ms full=0.30ms carry=0.05 barrier=climate_input_capacity_day_barrier
[runtime-day-wait] day=664 env_day=664 missing=0x100 economy_input=664
[runtime-day-wait] day=665 env_day=665 missing=0x100 economy_input=665
[runtime-day-wait] day=666 env_day=666 missing=0x100 economy_input=666
[runtime-day-wait] day=667 env_day=667 missing=0x100 economy_input=667
[runtime-day-wait] day=668 env_day=668 missing=0x100 economy_input=668
[runtime-day-wait] day=669 env_day=669 missing=0x100 economy_input=669
[runtime-day-wait] day=670 env_day=670 missing=0x100 economy_input=670
[runtime-day-wait] day=671 env_day=671 missing=0x100 economy_input=671
[runtime-day-wait] day=672 env_day=672 missing=0x100 economy_input=672
[runtime-day-wait] day=673 env_day=673 missing=0x100 economy_input=673
[runtime-day-wait] day=674 env_day=674 missing=0x100 economy_input=674
[runtime-day-wait] day=675 env_day=675 missing=0x100 economy_input=675
[runtime-day-wait] day=676 env_day=676 missing=0x100 economy_input=676
[runtime-day-wait] day=677 env_day=677 missing=0x100 economy_input=677
[runtime-day-wait] day=678 env_day=678 missing=0x100 economy_input=678
[runtime-day-wait] day=679 env_day=679 missing=0x100 economy_input=679
[runtime-day-wait] day=680 env_day=680 missing=0x100 economy_input=680
[runtime-day-wait] day=681 env_day=681 missing=0x100 economy_input=681
[runtime-day-wait] day=682 env_day=682 missing=0x100 economy_input=682
[runtime-day-wait] day=683 env_day=683 missing=0x100 economy_input=683
[runtime-day-wait] day=684 env_day=684 missing=0x100 economy_input=684
[runtime-day-wait] day=685 env_day=685 missing=0x100 economy_input=685
[runtime-day-wait] day=686 env_day=686 missing=0x100 economy_input=686
[runtime-day-wait] day=687 env_day=687 missing=0x100 economy_input=687
[runtime-day-wait] day=688 env_day=688 missing=0x100 economy_input=688
[runtime-day-wait] day=689 env_day=689 missing=0x100 economy_input=689
[runtime-day-wait] day=690 env_day=690 missing=0x100 economy_input=690
[runtime-day-wait] day=691 env_day=691 missing=0x100 economy_input=691
[runtime-day-wait] day=692 env_day=692 missing=0x100 economy_input=692
[clock/step] delta=6.9ms speed=50x target=0.34d cap=8.00d/f cost=0.50ms ran=0 pulse=0.00ms loop=0.00ms full=0.23ms carry=0.70 barrier=
[runtime-day-wait] day=693 env_day=693 missing=0x100 economy_input=693
[runtime-day-wait] day=694 env_day=694 missing=0x100 economy_input=694
[runtime-day-wait] day=695 env_day=695 missing=0x100 economy_input=695
[runtime-day-wait] day=696 env_day=696 missing=0x100 economy_input=696
[runtime-day-wait] day=697 env_day=697 missing=0x100 economy_input=697
[runtime-day-wait] day=698 env_day=698 missing=0x100 economy_input=698
[runtime-day-wait] day=699 env_day=699 missing=0x100 economy_input=699
[economy-prelude-cost] day=700 ms=0.035 pending=1
[runtime-day-cost] day=700 ok=0 ms=3.817
[runtime-day-wait] day=700 env_day=700 missing=0x100 economy_input=700
[economy-prelude-cost] day=700 ms=0.007 pending=1
[runtime-day-cost] day=700 ok=0 ms=0.095
[economy-open-finish] day=700 country=0.325 workset=0.023 fiscal=0.036 csr=0.004 recovery=0.001 vectors=0.382 audit=0.405 commands=0.001
[economy-prelude-cost] day=700 ms=1.450 pending=0
[economy-boundary-cost] day=700 formulas_ms=7.238 stages_ms=5.779 mirror_ms=8.164
[runtime-day-cost] day=700 ok=1 ms=15.536
[runtime-day-wait] day=701 env_day=701 missing=0x100 economy_input=701
[runtime-day-wait] day=702 env_day=702 missing=0x100 economy_input=702
[runtime-day-wait] day=703 env_day=703 missing=0x100 economy_input=703
[runtime-day-wait] day=704 env_day=704 missing=0x100 economy_input=704
[runtime-day-wait] day=705 env_day=705 missing=0x100 economy_input=705
[runtime-day-wait] day=706 env_day=706 missing=0x100 economy_input=706
[runtime-day-wait] day=707 env_day=707 missing=0x100 economy_input=707
[runtime-day-wait] day=708 env_day=708 missing=0x100 economy_input=708
[runtime-day-wait] day=709 env_day=709 missing=0x100 economy_input=709
[runtime-day-wait] day=710 env_day=710 missing=0x100 economy_input=710
[runtime-day-wait] day=711 env_day=711 missing=0x100 economy_input=711
[runtime-day-wait] day=712 env_day=712 missing=0x100 economy_input=712
[runtime-day-wait] day=713 env_day=713 missing=0x100 economy_input=713
[runtime-day-wait] day=714 env_day=714 missing=0x100 economy_input=714
[runtime-day-wait] day=715 env_day=715 missing=0x100 economy_input=715
[runtime-day-wait] day=716 env_day=716 missing=0x100 economy_input=716
[runtime-day-wait] day=717 env_day=717 missing=0x100 economy_input=717
[runtime-day-wait] day=718 env_day=718 missing=0x100 economy_input=718
[runtime-day-wait] day=719 env_day=719 missing=0x100 economy_input=719
[runtime-day-wait] day=720 env_day=720 missing=0x100 economy_input=720
[runtime-day-wait] day=721 env_day=721 missing=0x100 economy_input=721
[runtime-day-wait] day=722 env_day=722 missing=0x100 economy_input=722
[clock/step] delta=6.9ms speed=50x target=0.34d cap=8.00d/f cost=0.42ms ran=1 pulse=0.00ms loop=0.35ms full=0.51ms carry=0.05 barrier=climate_input_capacity_day_barrier
[runtime-day-wait] day=723 env_day=723 missing=0x100 economy_input=723
[runtime-day-wait] day=724 env_day=724 missing=0x100 economy_input=724
[runtime-day-wait] day=725 env_day=725 missing=0x100 economy_input=725
[runtime-day-wait] day=726 env_day=726 missing=0x100 economy_input=726
[runtime-day-wait] day=727 env_day=727 missing=0x100 economy_input=727
[runtime-day-wait] day=728 env_day=728 missing=0x100 economy_input=728
[runtime-day-wait] day=729 env_day=729 missing=0x100 economy_input=729
[runtime-day-wait] day=730 env_day=730 missing=0x100 economy_input=730
[runtime-day-wait] day=731 env_day=731 missing=0x100 economy_input=731
[runtime-day-wait] day=732 env_day=732 missing=0x100 economy_input=732
[runtime-day-wait] day=733 env_day=733 missing=0x100 economy_input=733
[runtime-day-wait] day=734 env_day=734 missing=0x100 economy_input=734
[runtime-day-wait] day=735 env_day=735 missing=0x100 economy_input=735
[runtime-day-wait] day=736 env_day=736 missing=0x100 economy_input=736
[runtime-day-wait] day=737 env_day=737 missing=0x100 economy_input=737
[runtime-day-wait] day=738 env_day=738 missing=0x100 economy_input=738
[runtime-day-wait] day=739 env_day=739 missing=0x100 economy_input=739
[runtime-day-wait] day=740 env_day=740 missing=0x100 economy_input=740
[runtime-day-wait] day=741 env_day=741 missing=0x100 economy_input=741
[runtime-day-wait] day=742 env_day=742 missing=0x100 economy_input=742
[runtime-day-wait] day=743 env_day=743 missing=0x100 economy_input=743
[runtime-day-wait] day=744 env_day=744 missing=0x100 economy_input=744
[runtime-day-wait] day=745 env_day=745 missing=0x100 economy_input=745
[clock/step] delta=6.9ms speed=50x target=0.34d cap=8.00d/f cost=0.58ms ran=0 pulse=0.06ms loop=0.00ms full=0.28ms carry=0.02 barrier=climate_input_capacity_day_barrier
[runtime-day-wait] day=746 env_day=746 missing=0x100 economy_input=746
[runtime-day-wait] day=747 env_day=747 missing=0x100 economy_input=747
[runtime-day-wait] day=748 env_day=748 missing=0x100 economy_input=748
[runtime-day-wait] day=749 env_day=749 missing=0x100 economy_input=749
[runtime-day-wait] day=750 env_day=750 missing=0x100 economy_input=750
[runtime-day-wait] day=751 env_day=751 missing=0x100 economy_input=751
[runtime-day-wait] day=752 env_day=752 missing=0x100 economy_input=752
[runtime-day-wait] day=753 env_day=753 missing=0x100 economy_input=753
[runtime-day-wait] day=754 env_day=754 missing=0x100 economy_input=754
[runtime-day-wait] day=755 env_day=755 missing=0x100 economy_input=755
[runtime-day-wait] day=756 env_day=756 missing=0x100 economy_input=756
[runtime-day-wait] day=757 env_day=757 missing=0x100 economy_input=757
[runtime-day-wait] day=758 env_day=758 missing=0x100 economy_input=758
[runtime-day-wait] day=759 env_day=759 missing=0x100 economy_input=759
[runtime-day-wait] day=760 env_day=760 missing=0x100 economy_input=760
[runtime-day-wait] day=761 env_day=761 missing=0x100 economy_input=761
[runtime-day-wait] day=762 env_day=762 missing=0x100 economy_input=762
[runtime-day-wait] day=763 env_day=763 missing=0x100 economy_input=763
[runtime-day-wait] day=764 env_day=764 missing=0x100 economy_input=764
[runtime-day-wait] day=765 env_day=765 missing=0x100 economy_input=765
[runtime-day-wait] day=766 env_day=766 missing=0x100 economy_input=766
[runtime-day-wait] day=767 env_day=767 missing=0x100 economy_input=767
[runtime-day-wait] day=768 env_day=768 missing=0x100 economy_input=768
[runtime-day-wait] day=769 env_day=769 missing=0x100 economy_input=769
[runtime-day-wait] day=770 env_day=770 missing=0x100 economy_input=770
[runtime-day-wait] day=771 env_day=771 missing=0x100 economy_input=771
[runtime-day-wait] day=772 env_day=772 missing=0x100 economy_input=772
[runtime-day-wait] day=773 env_day=773 missing=0x100 economy_input=773
[runtime-day-wait] day=774 env_day=774 missing=0x100 economy_input=774
[runtime-day-wait] day=775 env_day=775 missing=0x100 economy_input=775
[runtime-day-wait] day=776 env_day=776 missing=0x100 economy_input=776
[clock/step] delta=6.9ms speed=50x target=0.34d cap=8.00d/f cost=0.37ms ran=0 pulse=0.39ms loop=0.00ms full=0.68ms carry=0.03 barrier=climate_input_capacity_day_barrier
[runtime-day-wait] day=777 env_day=777 missing=0x100 economy_input=777
[runtime-day-wait] day=778 env_day=778 missing=0x100 economy_input=778
[runtime-day-wait] day=779 env_day=779 missing=0x100 economy_input=779
[runtime-day-wait] day=780 env_day=780 missing=0x100 economy_input=780
[runtime-day-wait] day=781 env_day=781 missing=0x100 economy_input=781
[runtime-day-wait] day=782 env_day=782 missing=0x100 economy_input=782
[runtime-day-wait] day=783 env_day=783 missing=0x100 economy_input=783
[runtime-day-wait] day=784 env_day=784 missing=0x100 economy_input=784
[runtime-day-wait] day=785 env_day=785 missing=0x100 economy_input=785
[runtime-day-wait] day=786 env_day=786 missing=0x100 economy_input=786
[runtime-day-wait] day=787 env_day=787 missing=0x100 economy_input=787
[runtime-day-wait] day=788 env_day=788 missing=0x100 economy_input=788
[runtime-day-wait] day=789 env_day=789 missing=0x100 economy_input=789
[runtime-day-wait] day=790 env_day=790 missing=0x100 economy_input=790
[runtime-day-wait] day=791 env_day=791 missing=0x100 economy_input=791
[runtime-day-wait] day=792 env_day=792 missing=0x100 economy_input=792
[runtime-day-wait] day=793 env_day=793 missing=0x100 economy_input=793
[runtime-day-wait] day=794 env_day=794 missing=0x100 economy_input=794
[runtime-day-wait] day=795 env_day=795 missing=0x100 economy_input=795
[runtime-day-wait] day=796 env_day=796 missing=0x100 economy_input=796
[runtime-day-wait] day=797 env_day=797 missing=0x100 economy_input=797
[runtime-day-wait] day=798 env_day=798 missing=0x100 economy_input=798
[runtime-day-wait] day=799 env_day=799 missing=0x100 economy_input=799
[economy-prelude-cost] day=800 ms=0.037 pending=1
[runtime-day-cost] day=800 ok=0 ms=2.915
[runtime-day-wait] day=800 env_day=800 missing=0x100 economy_input=800
[economy-prelude-cost] day=800 ms=0.008 pending=1
[runtime-day-cost] day=800 ok=0 ms=0.098
[economy-open-finish] day=800 country=0.305 workset=0.021 fiscal=0.030 csr=0.004 recovery=0.000 vectors=0.348 audit=0.402 commands=0.000
[economy-prelude-cost] day=800 ms=1.360 pending=0
[economy-boundary-cost] day=800 formulas_ms=5.774 stages_ms=4.407 mirror_ms=8.892
[runtime-day-cost] day=800 ok=1 ms=14.790
[runtime-day-wait] day=801 env_day=801 missing=0x100 economy_input=801
[runtime-day-wait] day=802 env_day=802 missing=0x100 economy_input=802
[runtime-day-wait] day=803 env_day=803 missing=0x100 economy_input=803
[runtime-day-wait] day=804 env_day=804 missing=0x100 economy_input=804
[runtime-day-wait] day=805 env_day=805 missing=0x100 economy_input=805
[runtime-day-wait] day=806 env_day=806 missing=0x100 economy_input=806
[clock/step] delta=6.9ms speed=50x target=0.34d cap=8.00d/f cost=0.48ms ran=1 pulse=0.00ms loop=0.34ms full=0.51ms carry=0.13 barrier=climate_input_capacity_day_barrier
[runtime-day-wait] day=807 env_day=807 missing=0x100 economy_input=807
[runtime-day-wait] day=808 env_day=808 missing=0x100 economy_input=808
[runtime-day-wait] day=809 env_day=809 missing=0x100 economy_input=809
[runtime-day-wait] day=810 env_day=810 missing=0x100 economy_input=810
[runtime-day-wait] day=811 env_day=811 missing=0x100 economy_input=811
[runtime-day-wait] day=812 env_day=812 missing=0x100 economy_input=812
[runtime-day-wait] day=813 env_day=813 missing=0x100 economy_input=813
[runtime-day-wait] day=814 env_day=814 missing=0x100 economy_input=814
[runtime-day-wait] day=815 env_day=815 missing=0x100 economy_input=815
[runtime-day-wait] day=816 env_day=816 missing=0x100 economy_input=816
[runtime-day-wait] day=817 env_day=817 missing=0x100 economy_input=817
[runtime-day-wait] day=818 env_day=818 missing=0x100 economy_input=818
[runtime-day-wait] day=819 env_day=819 missing=0x100 economy_input=819
[runtime-day-wait] day=820 env_day=820 missing=0x100 economy_input=820
[runtime-day-wait] day=821 env_day=821 missing=0x100 economy_input=821
[runtime-day-wait] day=822 env_day=822 missing=0x100 economy_input=822
[runtime-day-wait] day=823 env_day=823 missing=0x100 economy_input=823
[runtime-day-wait] day=824 env_day=824 missing=0x100 economy_input=824
[runtime-day-wait] day=825 env_day=825 missing=0x100 economy_input=825
[runtime-day-wait] day=826 env_day=826 missing=0x100 economy_input=826
[runtime-day-wait] day=827 env_day=827 missing=0x100 economy_input=827
[runtime-day-wait] day=828 env_day=828 missing=0x100 economy_input=828
[runtime-day-wait] day=829 env_day=829 missing=0x100 economy_input=829
[runtime-day-wait] day=830 env_day=830 missing=0x100 economy_input=830
[runtime-day-wait] day=831 env_day=831 missing=0x100 economy_input=831
[runtime-day-wait] day=832 env_day=832 missing=0x100 economy_input=832
[runtime-day-wait] day=833 env_day=833 missing=0x100 economy_input=833
[runtime-day-wait] day=834 env_day=834 missing=0x100 economy_input=834
[runtime-day-wait] day=835 env_day=835 missing=0x100 economy_input=835
[clock/step] delta=6.9ms speed=50x target=0.34d cap=8.00d/f cost=0.40ms ran=0 pulse=0.07ms loop=0.00ms full=0.27ms carry=0.10 barrier=climate_input_capacity_day_barrier
[runtime-day-wait] day=836 env_day=836 missing=0x100 economy_input=836
[runtime-day-wait] day=837 env_day=837 missing=0x100 economy_input=837
[runtime-day-wait] day=838 env_day=838 missing=0x100 economy_input=838
[runtime-day-wait] day=839 env_day=839 missing=0x100 economy_input=839
[runtime-day-wait] day=840 env_day=840 missing=0x100 economy_input=840
[runtime-day-wait] day=841 env_day=841 missing=0x100 economy_input=841
[runtime-day-wait] day=842 env_day=842 missing=0x100 economy_input=842
[runtime-day-wait] day=843 env_day=843 missing=0x100 economy_input=843
[runtime-day-wait] day=844 env_day=844 missing=0x100 economy_input=844
[runtime-day-wait] day=845 env_day=845 missing=0x100 economy_input=845
[runtime-day-wait] day=846 env_day=846 missing=0x100 economy_input=846
[runtime-day-wait] day=847 env_day=847 missing=0x100 economy_input=847
[runtime-day-wait] day=848 env_day=848 missing=0x100 economy_input=848
[runtime-day-wait] day=849 env_day=849 missing=0x100 economy_input=849
[runtime-day-wait] day=850 env_day=850 missing=0x100 economy_input=850
[runtime-day-wait] day=851 env_day=851 missing=0x100 economy_input=851
[runtime-day-wait] day=852 env_day=852 missing=0x100 economy_input=852
[runtime-day-wait] day=853 env_day=853 missing=0x100 economy_input=853
[runtime-day-wait] day=854 env_day=854 missing=0x100 economy_input=854
[runtime-day-wait] day=855 env_day=855 missing=0x100 economy_input=855
[runtime-day-wait] day=856 env_day=856 missing=0x100 economy_input=856
[runtime-day-wait] day=857 env_day=857 missing=0x100 economy_input=857
[runtime-day-wait] day=858 env_day=858 missing=0x100 economy_input=858
[runtime-day-wait] day=859 env_day=859 missing=0x100 economy_input=859
[runtime-day-wait] day=860 env_day=860 missing=0x100 economy_input=860
[runtime-day-wait] day=861 env_day=861 missing=0x100 economy_input=861
[runtime-day-wait] day=862 env_day=862 missing=0x100 economy_input=862
[runtime-day-wait] day=863 env_day=863 missing=0x100 economy_input=863
[runtime-day-wait] day=864 env_day=864 missing=0x100 economy_input=864
[runtime-day-wait] day=865 env_day=865 missing=0x100 economy_input=865
[runtime-day-wait] day=866 env_day=866 missing=0x100 economy_input=866
[clock/step] delta=6.7ms speed=50x target=0.33d cap=8.00d/f cost=0.68ms ran=0 pulse=0.04ms loop=0.00ms full=0.18ms carry=0.30 barrier=climate_input_capacity_day_barrier
[runtime-day-wait] day=867 env_day=867 missing=0x100 economy_input=867
[runtime-day-wait] day=868 env_day=868 missing=0x100 economy_input=868
[runtime-day-wait] day=869 env_day=869 missing=0x100 economy_input=869
[runtime-day-wait] day=870 env_day=870 missing=0x100 economy_input=870
[runtime-day-wait] day=871 env_day=871 missing=0x100 economy_input=871
[runtime-day-wait] day=872 env_day=872 missing=0x100 economy_input=872
[runtime-day-wait] day=873 env_day=873 missing=0x100 economy_input=873
[runtime-day-wait] day=874 env_day=874 missing=0x100 economy_input=874
[runtime-day-wait] day=875 env_day=875 missing=0x100 economy_input=875
[runtime-day-wait] day=876 env_day=876 missing=0x100 economy_input=876
[runtime-day-wait] day=877 env_day=877 missing=0x100 economy_input=877
[runtime-day-wait] day=878 env_day=878 missing=0x100 economy_input=878
[runtime-day-wait] day=879 env_day=879 missing=0x100 economy_input=879
[runtime-day-wait] day=880 env_day=880 missing=0x100 economy_input=880
[runtime-day-wait] day=881 env_day=881 missing=0x100 economy_input=881
[runtime-day-wait] day=882 env_day=882 missing=0x100 economy_input=882
[runtime-day-wait] day=883 env_day=883 missing=0x100 economy_input=883
[runtime-day-wait] day=884 env_day=884 missing=0x100 economy_input=884
[runtime-day-wait] day=885 env_day=885 missing=0x100 economy_input=885
[runtime-day-wait] day=886 env_day=886 missing=0x100 economy_input=886
[runtime-day-wait] day=887 env_day=887 missing=0x100 economy_input=887
[runtime-day-wait] day=888 env_day=888 missing=0x100 economy_input=888
[runtime-day-wait] day=889 env_day=889 missing=0x100 economy_input=889
[runtime-day-wait] day=890 env_day=890 missing=0x100 economy_input=890
[runtime-day-wait] day=891 env_day=891 missing=0x100 economy_input=891
[runtime-day-wait] day=892 env_day=892 missing=0x100 economy_input=892
[runtime-day-wait] day=893 env_day=893 missing=0x100 economy_input=893
[runtime-day-wait] day=894 env_day=894 missing=0x100 economy_input=894
[runtime-day-wait] day=895 env_day=895 missing=0x100 economy_input=895
[runtime-day-wait] day=896 env_day=896 missing=0x100 economy_input=896
[runtime-day-wait] day=897 env_day=897 missing=0x100 economy_input=897
[clock/step] delta=6.7ms speed=50x target=0.33d cap=7.85d/f cost=1.02ms ran=0 pulse=0.42ms loop=0.00ms full=0.77ms carry=0.02 barrier=climate_input_capacity_day_barrier
[runtime-day-wait] day=898 env_day=898 missing=0x100 economy_input=898
[runtime-day-wait] day=899 env_day=899 missing=0x100 economy_input=899
[economy-prelude-cost] day=900 ms=0.042 pending=1
[runtime-day-cost] day=900 ok=0 ms=3.891
[runtime-day-wait] day=900 env_day=900 missing=0x100 economy_input=900
[economy-prelude-cost] day=900 ms=0.009 pending=1
[runtime-day-cost] day=900 ok=0 ms=0.106
[economy-prelude-cost] day=900 ms=0.020 pending=1
[runtime-day-cost] day=900 ok=0 ms=0.144
[economy-open-finish] day=900 country=0.339 workset=0.023 fiscal=0.032 csr=0.004 recovery=0.001 vectors=0.358 audit=0.440 commands=0.000
[economy-prelude-cost] day=900 ms=1.499 pending=0
[economy-boundary-cost] day=900 formulas_ms=7.030 stages_ms=5.523 mirror_ms=9.565
[runtime-day-cost] day=900 ok=1 ms=16.735
[runtime-day-wait] day=901 env_day=901 missing=0x100 economy_input=901
[runtime-day-wait] day=902 env_day=902 missing=0x100 economy_input=902
[runtime-day-wait] day=903 env_day=903 missing=0x100 economy_input=903
[runtime-day-wait] day=904 env_day=904 missing=0x100 economy_input=904
[runtime-day-wait] day=905 env_day=905 missing=0x100 economy_input=905
[runtime-day-wait] day=906 env_day=906 missing=0x100 economy_input=906
[runtime-day-wait] day=907 env_day=907 missing=0x100 economy_input=907
[runtime-day-wait] day=908 env_day=908 missing=0x100 economy_input=908
[runtime-day-wait] day=909 env_day=909 missing=0x100 economy_input=909
[runtime-day-wait] day=910 env_day=910 missing=0x100 economy_input=910
[runtime-day-wait] day=911 env_day=911 missing=0x100 economy_input=911
[runtime-day-wait] day=912 env_day=912 missing=0x100 economy_input=912
[runtime-day-wait] day=913 env_day=913 missing=0x100 economy_input=913
[runtime-day-wait] day=914 env_day=914 missing=0x100 economy_input=914
[runtime-day-wait] day=915 env_day=915 missing=0x100 economy_input=915
[runtime-day-wait] day=916 env_day=916 missing=0x100 economy_input=916
[runtime-day-wait] day=917 env_day=917 missing=0x100 economy_input=917
[runtime-day-wait] day=918 env_day=918 missing=0x100 economy_input=918
[runtime-day-wait] day=919 env_day=919 missing=0x100 economy_input=919
[runtime-day-wait] day=920 env_day=920 missing=0x100 economy_input=920
[runtime-day-wait] day=921 env_day=921 missing=0x100 economy_input=921
[runtime-day-wait] day=922 env_day=922 missing=0x100 economy_input=922
[runtime-day-wait] day=923 env_day=923 missing=0x100 economy_input=923
[runtime-day-wait] day=924 env_day=924 missing=0x100 economy_input=924
[runtime-day-wait] day=925 env_day=925 missing=0x100 economy_input=925
[runtime-day-wait] day=926 env_day=926 missing=0x100 economy_input=926
[clock/step] delta=6.7ms speed=50x target=0.33d cap=8.00d/f cost=0.48ms ran=1 pulse=0.00ms loop=0.36ms full=0.52ms carry=0.12 barrier=climate_input_capacity_day_barrier
[runtime-day-wait] day=927 env_day=927 missing=0x100 economy_input=927
[runtime-day-wait] day=928 env_day=928 missing=0x100 economy_input=928
[runtime-day-wait] day=929 env_day=929 missing=0x100 economy_input=929
[runtime-day-wait] day=930 env_day=930 missing=0x100 economy_input=930
[runtime-day-wait] day=931 env_day=931 missing=0x100 economy_input=931
[runtime-day-wait] day=932 env_day=932 missing=0x100 economy_input=932
[runtime-day-wait] day=933 env_day=933 missing=0x100 economy_input=933
[runtime-day-wait] day=934 env_day=934 missing=0x100 economy_input=934
[runtime-day-wait] day=935 env_day=935 missing=0x100 economy_input=935
[runtime-day-wait] day=936 env_day=936 missing=0x100 economy_input=936
[runtime-day-wait] day=937 env_day=937 missing=0x100 economy_input=937
[runtime-day-wait] day=938 env_day=938 missing=0x100 economy_input=938
[runtime-day-wait] day=939 env_day=939 missing=0x100 economy_input=939
[runtime-day-wait] day=940 env_day=940 missing=0x100 economy_input=940
[runtime-day-wait] day=941 env_day=941 missing=0x100 economy_input=941
[runtime-day-wait] day=942 env_day=942 missing=0x100 economy_input=942
[runtime-day-wait] day=943 env_day=943 missing=0x100 economy_input=943
[runtime-day-wait] day=944 env_day=944 missing=0x100 economy_input=944
[runtime-day-wait] day=945 env_day=945 missing=0x100 economy_input=945
[runtime-day-wait] day=946 env_day=946 missing=0x100 economy_input=946
[runtime-day-wait] day=947 env_day=947 missing=0x100 economy_input=947
[runtime-day-wait] day=948 env_day=948 missing=0x100 economy_input=948
[runtime-day-wait] day=949 env_day=949 missing=0x100 economy_input=949
[runtime-day-wait] day=950 env_day=950 missing=0x100 economy_input=950
[runtime-day-wait] day=951 env_day=951 missing=0x100 economy_input=951
[runtime-day-wait] day=952 env_day=952 missing=0x100 economy_input=952
[runtime-day-wait] day=953 env_day=953 missing=0x100 economy_input=953
[runtime-day-wait] day=954 env_day=954 missing=0x100 economy_input=954
[runtime-day-wait] day=955 env_day=955 missing=0x100 economy_input=955
[runtime-day-wait] day=956 env_day=956 missing=0x100 economy_input=956
[clock/step] delta=6.9ms speed=50x target=0.34d cap=8.00d/f cost=0.41ms ran=0 pulse=0.07ms loop=0.00ms full=0.32ms carry=0.01 barrier=climate_input_capacity_day_barrier
[runtime-day-wait] day=957 env_day=957 missing=0x100 economy_input=957
[runtime-day-wait] day=958 env_day=958 missing=0x100 economy_input=958
[runtime-day-wait] day=959 env_day=959 missing=0x100 economy_input=959
[runtime-day-wait] day=960 env_day=960 missing=0x100 economy_input=960
[runtime-day-wait] day=961 env_day=961 missing=0x100 economy_input=961
[runtime-day-wait] day=962 env_day=962 missing=0x100 economy_input=962
[runtime-day-wait] day=963 env_day=963 missing=0x100 economy_input=963
[runtime-day-wait] day=964 env_day=964 missing=0x100 economy_input=964
[runtime-day-wait] day=965 env_day=965 missing=0x100 economy_input=965
[runtime-day-wait] day=966 env_day=966 missing=0x100 economy_input=966
[runtime-day-wait] day=967 env_day=967 missing=0x100 economy_input=967
[runtime-day-wait] day=968 env_day=968 missing=0x100 economy_input=968
[runtime-day-wait] day=969 env_day=969 missing=0x100 economy_input=969
[runtime-day-wait] day=970 env_day=970 missing=0x100 economy_input=970
[runtime-day-wait] day=971 env_day=971 missing=0x100 economy_input=971
[runtime-day-wait] day=972 env_day=972 missing=0x100 economy_input=972
[runtime-day-wait] day=973 env_day=973 missing=0x100 economy_input=973
[runtime-day-wait] day=974 env_day=974 missing=0x100 economy_input=974
[runtime-day-wait] day=975 env_day=975 missing=0x100 economy_input=975
[runtime-day-wait] day=976 env_day=976 missing=0x100 economy_input=976
[runtime-day-wait] day=977 env_day=977 missing=0x100 economy_input=977
[runtime-day-wait] day=978 env_day=978 missing=0x100 economy_input=978
[runtime-day-wait] day=979 env_day=979 missing=0x100 economy_input=979
[runtime-day-wait] day=980 env_day=980 missing=0x100 economy_input=980
[runtime-day-wait] day=981 env_day=981 missing=0x100 economy_input=981
[runtime-day-wait] day=982 env_day=982 missing=0x100 economy_input=982
[runtime-day-wait] day=983 env_day=983 missing=0x100 economy_input=983
[runtime-day-wait] day=984 env_day=984 missing=0x100 economy_input=984
[runtime-day-wait] day=985 env_day=985 missing=0x100 economy_input=985
[runtime-day-wait] day=986 env_day=986 missing=0x100 economy_input=986
[clock/step] delta=6.9ms speed=50x target=0.34d cap=8.00d/f cost=0.63ms ran=0 pulse=0.08ms loop=0.00ms full=0.35ms carry=0.25 barrier=climate_input_capacity_day_barrier
[runtime-day-wait] day=987 env_day=987 missing=0x100 economy_input=987
[runtime-day-wait] day=988 env_day=988 missing=0x100 economy_input=988
[runtime-day-wait] day=989 env_day=989 missing=0x100 economy_input=989
[runtime-day-wait] day=990 env_day=990 missing=0x100 economy_input=990
[runtime-day-wait] day=991 env_day=991 missing=0x100 economy_input=991
[runtime-day-wait] day=992 env_day=992 missing=0x100 economy_input=992
[runtime-day-wait] day=993 env_day=993 missing=0x100 economy_input=993
[runtime-day-wait] day=994 env_day=994 missing=0x100 economy_input=994
[runtime-day-wait] day=995 env_day=995 missing=0x100 economy_input=995
[runtime-day-wait] day=996 env_day=996 missing=0x100 economy_input=996
[runtime-day-wait] day=997 env_day=997 missing=0x100 economy_input=997
[runtime-day-wait] day=998 env_day=998 missing=0x100 economy_input=998
[runtime-day-wait] day=999 env_day=999 missing=0x100 economy_input=999
[economy-prelude-cost] day=1000 ms=0.036 pending=1
[runtime-day-cost] day=1000 ok=0 ms=2.797
[runtime-day-wait] day=1000 env_day=1000 missing=0x100 economy_input=1000
[economy-prelude-cost] day=1000 ms=0.008 pending=1
[runtime-day-cost] day=1000 ok=0 ms=0.098
[economy-open-finish] day=1000 country=0.338 workset=0.022 fiscal=0.031 csr=0.004 recovery=0.001 vectors=0.313 audit=0.445 commands=0.000
[economy-prelude-cost] day=1000 ms=1.400 pending=0
[economy-boundary-cost] day=1000 formulas_ms=6.049 stages_ms=4.641 mirror_ms=7.785
[runtime-day-cost] day=1000 ok=1 ms=13.961
[runtime-day-wait] day=1001 env_day=1001 missing=0x100 economy_input=1001
[runtime-day-wait] day=1002 env_day=1002 missing=0x100 economy_input=1002
[runtime-day-wait] day=1003 env_day=1003 missing=0x100 economy_input=1003
[runtime-day-wait] day=1004 env_day=1004 missing=0x100 economy_input=1004
[runtime-day-wait] day=1005 env_day=1005 missing=0x100 economy_input=1005
[runtime-day-wait] day=1006 env_day=1006 missing=0x100 economy_input=1006
[runtime-day-wait] day=1007 env_day=1007 missing=0x100 economy_input=1007
[runtime-day-wait] day=1008 env_day=1008 missing=0x100 economy_input=1008
[runtime-day-wait] day=1009 env_day=1009 missing=0x100 economy_input=1009
[runtime-day-wait] day=1010 env_day=1010 missing=0x100 economy_input=1010
[runtime-day-wait] day=1011 env_day=1011 missing=0x100 economy_input=1011
[runtime-day-wait] day=1012 env_day=1012 missing=0x100 economy_input=1012
[runtime-day-wait] day=1013 env_day=1013 missing=0x100 economy_input=1013
[runtime-day-wait] day=1014 env_day=1014 missing=0x100 economy_input=1014
[runtime-day-wait] day=1015 env_day=1015 missing=0x100 economy_input=1015
[runtime-day-wait] day=1016 env_day=1016 missing=0x100 economy_input=1016
[clock/step] delta=6.9ms speed=50x target=0.34d cap=8.00d/f cost=0.48ms ran=0 pulse=0.00ms loop=0.00ms full=0.32ms carry=0.60 barrier=
[runtime-day-wait] day=1017 env_day=1017 missing=0x100 economy_input=1017
[runtime-day-wait] day=1018 env_day=1018 missing=0x100 economy_input=1018
[runtime-day-wait] day=1019 env_day=1019 missing=0x100 economy_input=1019
[runtime-day-wait] day=1020 env_day=1020 missing=0x100 economy_input=1020
[runtime-day-wait] day=1021 env_day=1021 missing=0x100 economy_input=1021
[runtime-day-wait] day=1022 env_day=1022 missing=0x100 economy_input=1022
[runtime-day-wait] day=1023 env_day=1023 missing=0x100 economy_input=1023
[runtime-day-wait] day=1024 env_day=1024 missing=0x100 economy_input=1024
[runtime-day-wait] day=1025 env_day=1025 missing=0x100 economy_input=1025
[runtime-day-wait] day=1026 env_day=1026 missing=0x100 economy_input=1026
[runtime-day-wait] day=1027 env_day=1027 missing=0x100 economy_input=1027
[runtime-day-wait] day=1028 env_day=1028 missing=0x100 economy_input=1028
[runtime-day-wait] day=1029 env_day=1029 missing=0x100 economy_input=1029
[runtime-day-wait] day=1030 env_day=1030 missing=0x100 economy_input=1030
[runtime-day-wait] day=1031 env_day=1031 missing=0x100 economy_input=1031
[runtime-day-wait] day=1032 env_day=1032 missing=0x100 economy_input=1032
[runtime-day-wait] day=1033 env_day=1033 missing=0x100 economy_input=1033
[runtime-day-wait] day=1034 env_day=1034 missing=0x100 economy_input=1034
[runtime-day-wait] day=1035 env_day=1035 missing=0x100 economy_input=1035
[runtime-day-wait] day=1036 env_day=1036 missing=0x100 economy_input=1036
[runtime-day-wait] day=1037 env_day=1037 missing=0x100 economy_input=1037
[runtime-day-wait] day=1038 env_day=1038 missing=0x100 economy_input=1038
[runtime-day-wait] day=1039 env_day=1039 missing=0x100 economy_input=1039
[runtime-day-wait] day=1040 env_day=1040 missing=0x100 economy_input=1040
[runtime-day-wait] day=1041 env_day=1041 missing=0x100 economy_input=1041
[runtime-day-wait] day=1042 env_day=1042 missing=0x100 economy_input=1042
[runtime-day-wait] day=1043 env_day=1043 missing=0x100 economy_input=1043
[runtime-day-wait] day=1044 env_day=1044 missing=0x100 economy_input=1044
[runtime-day-wait] day=1045 env_day=1045 missing=0x100 economy_input=1045
[runtime-day-wait] day=1046 env_day=1046 missing=0x100 economy_input=1046
[clock/step] delta=6.9ms speed=50x target=0.34d cap=8.00d/f cost=0.47ms ran=0 pulse=0.07ms loop=0.00ms full=0.35ms carry=0.29 barrier=climate_input_capacity_day_barrier
[runtime-day-wait] day=1047 env_day=1047 missing=0x100 economy_input=1047
[runtime-day-wait] day=1048 env_day=1048 missing=0x100 economy_input=1048
[runtime-day-wait] day=1049 env_day=1049 missing=0x100 economy_input=1049
[runtime-day-wait] day=1050 env_day=1050 missing=0x100 economy_input=1050
[runtime-day-wait] day=1051 env_day=1051 missing=0x100 economy_input=1051
[runtime-day-wait] day=1052 env_day=1052 missing=0x100 economy_input=1052
[runtime-day-wait] day=1053 env_day=1053 missing=0x100 economy_input=1053
[runtime-day-wait] day=1054 env_day=1054 missing=0x100 economy_input=1054
[runtime-day-wait] day=1055 env_day=1055 missing=0x100 economy_input=1055
[runtime-day-wait] day=1056 env_day=1056 missing=0x100 economy_input=1056
[runtime-day-wait] day=1057 env_day=1057 missing=0x100 economy_input=1057
[runtime-day-wait] day=1058 env_day=1058 missing=0x100 economy_input=1058
[runtime-day-wait] day=1059 env_day=1059 missing=0x100 economy_input=1059
[runtime-day-wait] day=1060 env_day=1060 missing=0x100 economy_input=1060
[runtime-day-wait] day=1061 env_day=1061 missing=0x100 economy_input=1061
[runtime-day-wait] day=1062 env_day=1062 missing=0x100 economy_input=1062
[runtime-day-wait] day=1063 env_day=1063 missing=0x100 economy_input=1063
[runtime-day-wait] day=1064 env_day=1064 missing=0x100 economy_input=1064
[runtime-day-wait] day=1065 env_day=1065 missing=0x100 economy_input=1065
[runtime-day-wait] day=1066 env_day=1066 missing=0x100 economy_input=1066
[runtime-day-wait] day=1067 env_day=1067 missing=0x100 economy_input=1067
[runtime-day-wait] day=1068 env_day=1068 missing=0x100 economy_input=1068
[runtime-day-wait] day=1069 env_day=1069 missing=0x100 economy_input=1069
[runtime-day-wait] day=1070 env_day=1070 missing=0x100 economy_input=1070
[runtime-day-wait] day=1071 env_day=1071 missing=0x100 economy_input=1071
[runtime-day-wait] day=1072 env_day=1072 missing=0x100 economy_input=1072
[runtime-day-wait] day=1073 env_day=1073 missing=0x100 economy_input=1073
[runtime-day-wait] day=1074 env_day=1074 missing=0x100 economy_input=1074
[runtime-day-wait] day=1075 env_day=1075 missing=0x100 economy_input=1075
[runtime-day-wait] day=1076 env_day=1076 missing=0x100 economy_input=1076
[runtime-day-wait] day=1077 env_day=1077 missing=0x100 economy_input=1077
[clock/step] delta=6.9ms speed=50x target=0.34d cap=8.00d/f cost=0.48ms ran=0 pulse=0.07ms loop=0.00ms full=0.49ms carry=0.19 barrier=climate_input_capacity_day_barrier
[runtime-day-wait] day=1078 env_day=1078 missing=0x100 economy_input=1078
[runtime-day-wait] day=1079 env_day=1079 missing=0x100 economy_input=1079
[runtime-day-wait] day=1080 env_day=1080 missing=0x100 economy_input=1080
[runtime-day-wait] day=1081 env_day=1081 missing=0x100 economy_input=1081
[runtime-day-wait] day=1082 env_day=1082 missing=0x100 economy_input=1082
[runtime-day-wait] day=1083 env_day=1083 missing=0x100 economy_input=1083
[runtime-day-wait] day=1084 env_day=1084 missing=0x100 economy_input=1084
[runtime-day-wait] day=1085 env_day=1085 missing=0x100 economy_input=1085
[runtime-day-wait] day=1086 env_day=1086 missing=0x100 economy_input=1086
[runtime-day-wait] day=1087 env_day=1087 missing=0x100 economy_input=1087
[runtime-day-wait] day=1088 env_day=1088 missing=0x100 economy_input=1088
[runtime-day-wait] day=1089 env_day=1089 missing=0x100 economy_input=1089
[runtime-day-wait] day=1090 env_day=1090 missing=0x100 economy_input=1090
[runtime-day-wait] day=1091 env_day=1091 missing=0x100 economy_input=1091
[runtime-day-wait] day=1092 env_day=1092 missing=0x100 economy_input=1092
[runtime-day-wait] day=1093 env_day=1093 missing=0x100 economy_input=1093
[runtime-day-wait] day=1094 env_day=1094 missing=0x100 economy_input=1094
[runtime-day-wait] day=1095 env_day=1095 missing=0x100 economy_input=1095
[runtime-day-wait] day=1096 env_day=1096 missing=0x100 economy_input=1096
[runtime-day-wait] day=1097 env_day=1097 missing=0x100 economy_input=1097
[runtime-day-wait] day=1098 env_day=1098 missing=0x100 economy_input=1098
[runtime-day-wait] day=1099 env_day=1099 missing=0x100 economy_input=1099
[economy-prelude-cost] day=1100 ms=0.061 pending=1
[runtime-day-cost] day=1100 ok=0 ms=3.899
[runtime-day-wait] day=1100 env_day=1100 missing=0x100 economy_input=1100
[economy-prelude-cost] day=1100 ms=0.020 pending=1
[runtime-day-cost] day=1100 ok=0 ms=0.143
[economy-open-finish] day=1100 country=0.328 workset=0.021 fiscal=0.030 csr=0.004 recovery=0.001 vectors=0.260 audit=0.409 commands=0.000
[economy-prelude-cost] day=1100 ms=1.297 pending=0
[economy-boundary-cost] day=1100 formulas_ms=5.689 stages_ms=4.386 mirror_ms=8.199
[runtime-day-cost] day=1100 ok=1 ms=14.016
[runtime-day-wait] day=1101 env_day=1101 missing=0x100 economy_input=1101
[runtime-day-wait] day=1102 env_day=1102 missing=0x100 economy_input=1102
[clock/step] delta=6.7ms speed=50x target=0.33d cap=4.91d/f cost=1.37ms ran=1 pulse=0.00ms loop=0.33ms full=0.50ms carry=0.31 barrier=climate_input_capacity_day_barrier
[runtime-day-wait] day=1103 env_day=1103 missing=0x100 economy_input=1103
[runtime-day-wait] day=1104 env_day=1104 missing=0x100 economy_input=1104
[runtime-day-wait] day=1105 env_day=1105 missing=0x100 economy_input=1105
[runtime-day-wait] day=1106 env_day=1106 missing=0x100 economy_input=1106
[runtime-day-wait] day=1107 env_day=1107 missing=0x100 economy_input=1107
[runtime-day-wait] day=1108 env_day=1108 missing=0x100 economy_input=1108
[runtime-day-wait] day=1109 env_day=1109 missing=0x100 economy_input=1109
[runtime-day-wait] day=1110 env_day=1110 missing=0x100 economy_input=1110
[runtime-day-wait] day=1111 env_day=1111 missing=0x100 economy_input=1111
[runtime-day-wait] day=1112 env_day=1112 missing=0x100 economy_input=1112
[runtime-day-wait] day=1113 env_day=1113 missing=0x100 economy_input=1113
[runtime-day-wait] day=1114 env_day=1114 missing=0x100 economy_input=1114
[runtime-day-wait] day=1115 env_day=1115 missing=0x100 economy_input=1115
[runtime-day-wait] day=1116 env_day=1116 missing=0x100 economy_input=1116
[runtime-day-wait] day=1117 env_day=1117 missing=0x100 economy_input=1117
[runtime-day-wait] day=1118 env_day=1118 missing=0x100 economy_input=1118
[runtime-day-wait] day=1119 env_day=1119 missing=0x100 economy_input=1119
[runtime-day-wait] day=1120 env_day=1120 missing=0x100 economy_input=1120
[runtime-day-wait] day=1121 env_day=1121 missing=0x100 economy_input=1121
[runtime-day-wait] day=1122 env_day=1122 missing=0x100 economy_input=1122
[runtime-day-wait] day=1123 env_day=1123 missing=0x100 economy_input=1123
[runtime-day-wait] day=1124 env_day=1124 missing=0x100 economy_input=1124
[runtime-day-wait] day=1125 env_day=1125 missing=0x100 economy_input=1125
[runtime-day-wait] day=1126 env_day=1126 missing=0x100 economy_input=1126
[runtime-day-wait] day=1127 env_day=1127 missing=0x100 economy_input=1127
[runtime-day-wait] day=1128 env_day=1128 missing=0x100 economy_input=1128
[runtime-day-wait] day=1129 env_day=1129 missing=0x100 economy_input=1129
[runtime-day-wait] day=1130 env_day=1130 missing=0x100 economy_input=1130
[runtime-day-wait] day=1131 env_day=1131 missing=0x100 economy_input=1131
[runtime-day-wait] day=1132 env_day=1132 missing=0x100 economy_input=1132
[runtime-day-wait] day=1133 env_day=1133 missing=0x100 economy_input=1133
[clock/step] delta=6.9ms speed=50x target=0.34d cap=8.00d/f cost=0.50ms ran=0 pulse=0.00ms loop=0.00ms full=0.19ms carry=0.48 barrier=
[runtime-day-wait] day=1134 env_day=1134 missing=0x100 economy_input=1134
[runtime-day-wait] day=1135 env_day=1135 missing=0x100 economy_input=1135
[runtime-day-wait] day=1136 env_day=1136 missing=0x100 economy_input=1136
[runtime-day-wait] day=1137 env_day=1137 missing=0x100 economy_input=1137
[runtime-day-wait] day=1138 env_day=1138 missing=0x100 economy_input=1138
[runtime-day-wait] day=1139 env_day=1139 missing=0x100 economy_input=1139
[runtime-day-wait] day=1140 env_day=1140 missing=0x100 economy_input=1140
[runtime-day-wait] day=1141 env_day=1141 missing=0x100 economy_input=1141
[runtime-day-wait] day=1142 env_day=1142 missing=0x100 economy_input=1142
[runtime-day-wait] day=1143 env_day=1143 missing=0x100 economy_input=1143
[runtime-day-wait] day=1144 env_day=1144 missing=0x100 economy_input=1144
[runtime-day-wait] day=1145 env_day=1145 missing=0x100 economy_input=1145
[runtime-day-wait] day=1146 env_day=1146 missing=0x100 economy_input=1146
[runtime-day-wait] day=1147 env_day=1147 missing=0x100 economy_input=1147
[runtime-day-wait] day=1148 env_day=1148 missing=0x100 economy_input=1148
[runtime-day-wait] day=1149 env_day=1149 missing=0x100 economy_input=1149
[runtime-day-wait] day=1150 env_day=1150 missing=0x100 economy_input=1150
[runtime-day-wait] day=1151 env_day=1151 missing=0x100 economy_input=1151
[runtime-day-wait] day=1152 env_day=1152 missing=0x100 economy_input=1152
[runtime-day-wait] day=1153 env_day=1153 missing=0x100 economy_input=1153
[runtime-day-wait] day=1154 env_day=1154 missing=0x100 economy_input=1154
[runtime-day-wait] day=1155 env_day=1155 missing=0x100 economy_input=1155
[runtime-day-wait] day=1156 env_day=1156 missing=0x100 economy_input=1156
[runtime-day-wait] day=1157 env_day=1157 missing=0x100 economy_input=1157
[runtime-day-wait] day=1158 env_day=1158 missing=0x100 economy_input=1158
[runtime-day-wait] day=1159 env_day=1159 missing=0x100 economy_input=1159
[runtime-day-wait] day=1160 env_day=1160 missing=0x100 economy_input=1160
[runtime-day-wait] day=1161 env_day=1161 missing=0x100 economy_input=1161
[runtime-day-wait] day=1162 env_day=1162 missing=0x100 economy_input=1162
[runtime-day-wait] day=1163 env_day=1163 missing=0x100 economy_input=1163
[clock/step] delta=6.9ms speed=50x target=0.34d cap=8.00d/f cost=0.43ms ran=0 pulse=0.00ms loop=0.00ms full=0.27ms carry=0.85 barrier=
[runtime-day-wait] day=1164 env_day=1164 missing=0x100 economy_input=1164
[runtime-day-wait] day=1165 env_day=1165 missing=0x100 economy_input=1165
[runtime-day-wait] day=1166 env_day=1166 missing=0x100 economy_input=1166
[runtime-day-wait] day=1167 env_day=1167 missing=0x100 economy_input=1167
[runtime-day-wait] day=1168 env_day=1168 missing=0x100 economy_input=1168
[runtime-day-wait] day=1169 env_day=1169 missing=0x100 economy_input=1169
[runtime-day-wait] day=1170 env_day=1170 missing=0x100 economy_input=1170
[runtime-day-wait] day=1171 env_day=1171 missing=0x100 economy_input=1171
[runtime-day-wait] day=1172 env_day=1172 missing=0x100 economy_input=1172
[runtime-day-wait] day=1173 env_day=1173 missing=0x100 economy_input=1173
[runtime-day-wait] day=1174 env_day=1174 missing=0x100 economy_input=1174
[runtime-day-wait] day=1175 env_day=1175 missing=0x100 economy_input=1175
[runtime-day-wait] day=1176 env_day=1176 missing=0x100 economy_input=1176
[runtime-day-wait] day=1177 env_day=1177 missing=0x100 economy_input=1177
[runtime-day-wait] day=1178 env_day=1178 missing=0x100 economy_input=1178
[runtime-day-wait] day=1179 env_day=1179 missing=0x100 economy_input=1179
[runtime-day-wait] day=1180 env_day=1180 missing=0x100 economy_input=1180
[runtime-day-wait] day=1181 env_day=1181 missing=0x100 economy_input=1181
[runtime-day-wait] day=1182 env_day=1182 missing=0x100 economy_input=1182
[runtime-day-wait] day=1183 env_day=1183 missing=0x100 economy_input=1183
[runtime-day-wait] day=1184 env_day=1184 missing=0x100 economy_input=1184
[runtime-day-wait] day=1185 env_day=1185 missing=0x100 economy_input=1185
[runtime-day-wait] day=1186 env_day=1186 missing=0x100 economy_input=1186
[runtime-day-wait] day=1187 env_day=1187 missing=0x100 economy_input=1187
[runtime-day-wait] day=1188 env_day=1188 missing=0x100 economy_input=1188
[runtime-day-wait] day=1189 env_day=1189 missing=0x100 economy_input=1189
[runtime-day-wait] day=1190 env_day=1190 missing=0x100 economy_input=1190
[runtime-day-wait] day=1191 env_day=1191 missing=0x100 economy_input=1191
[runtime-day-wait] day=1192 env_day=1192 missing=0x100 economy_input=1192
[runtime-day-wait] day=1193 env_day=1193 missing=0x100 economy_input=1193
[clock/step] delta=6.9ms speed=50x target=0.34d cap=8.00d/f cost=0.51ms ran=0 pulse=0.00ms loop=0.00ms full=0.29ms carry=0.85 barrier=
[runtime-day-wait] day=1194 env_day=1194 missing=0x100 economy_input=1194
[runtime-day-wait] day=1195 env_day=1195 missing=0x100 economy_input=1195
[runtime-day-wait] day=1196 env_day=1196 missing=0x100 economy_input=1196
[runtime-day-wait] day=1197 env_day=1197 missing=0x100 economy_input=1197
[runtime-day-wait] day=1198 env_day=1198 missing=0x100 economy_input=1198
[runtime-day-wait] day=1199 env_day=1199 missing=0x100 economy_input=1199
[economy-prelude-cost] day=1200 ms=0.041 pending=1
[runtime-day-cost] day=1200 ok=0 ms=3.065
[runtime-day-wait] day=1200 env_day=1200 missing=0x100 economy_input=1200
[economy-prelude-cost] day=1200 ms=0.009 pending=1
[runtime-day-cost] day=1200 ok=0 ms=0.113
[economy-open-finish] day=1200 country=0.321 workset=0.021 fiscal=0.032 csr=0.004 recovery=0.001 vectors=0.220 audit=0.405 commands=0.000
[economy-prelude-cost] day=1200 ms=1.263 pending=0
[economy-boundary-cost] day=1200 formulas_ms=5.676 stages_ms=4.407 mirror_ms=8.433
[runtime-day-cost] day=1200 ok=1 ms=14.227
[runtime-day-wait] day=1201 env_day=1201 missing=0x100 economy_input=1201
[runtime-day-wait] day=1202 env_day=1202 missing=0x100 economy_input=1202
[runtime-day-wait] day=1203 env_day=1203 missing=0x100 economy_input=1203
[runtime-day-wait] day=1204 env_day=1204 missing=0x100 economy_input=1204
[runtime-day-wait] day=1205 env_day=1205 missing=0x100 economy_input=1205
[runtime-day-wait] day=1206 env_day=1206 missing=0x100 economy_input=1206
[runtime-day-wait] day=1207 env_day=1207 missing=0x100 economy_input=1207
[runtime-day-wait] day=1208 env_day=1208 missing=0x100 economy_input=1208
[runtime-day-wait] day=1209 env_day=1209 missing=0x100 economy_input=1209
[runtime-day-wait] day=1210 env_day=1210 missing=0x100 economy_input=1210
[runtime-day-wait] day=1211 env_day=1211 missing=0x100 economy_input=1211
[runtime-day-wait] day=1212 env_day=1212 missing=0x100 economy_input=1212
[runtime-day-wait] day=1213 env_day=1213 missing=0x100 economy_input=1213
[runtime-day-wait] day=1214 env_day=1214 missing=0x100 economy_input=1214
[runtime-day-wait] day=1215 env_day=1215 missing=0x100 economy_input=1215
[runtime-day-wait] day=1216 env_day=1216 missing=0x100 economy_input=1216
[runtime-day-wait] day=1217 env_day=1217 missing=0x100 economy_input=1217
[runtime-day-wait] day=1218 env_day=1218 missing=0x100 economy_input=1218
[runtime-day-wait] day=1219 env_day=1219 missing=0x100 economy_input=1219
[runtime-day-wait] day=1220 env_day=1220 missing=0x100 economy_input=1220
[runtime-day-wait] day=1221 env_day=1221 missing=0x100 economy_input=1221
[runtime-day-wait] day=1222 env_day=1222 missing=0x100 economy_input=1222
[clock/step] delta=6.9ms speed=50x target=0.34d cap=8.00d/f cost=0.53ms ran=0 pulse=0.00ms loop=0.00ms full=0.25ms carry=0.46 barrier=
[runtime-day-wait] day=1223 env_day=1223 missing=0x100 economy_input=1223
[runtime-day-wait] day=1224 env_day=1224 missing=0x100 economy_input=1224
[runtime-day-wait] day=1225 env_day=1225 missing=0x100 economy_input=1225
[runtime-day-wait] day=1226 env_day=1226 missing=0x100 economy_input=1226
[runtime-day-wait] day=1227 env_day=1227 missing=0x100 economy_input=1227
[runtime-day-wait] day=1228 env_day=1228 missing=0x100 economy_input=1228
[runtime-day-wait] day=1229 env_day=1229 missing=0x100 economy_input=1229
[runtime-day-wait] day=1230 env_day=1230 missing=0x100 economy_input=1230
[runtime-day-wait] day=1231 env_day=1231 missing=0x100 economy_input=1231
[runtime-day-wait] day=1232 env_day=1232 missing=0x100 economy_input=1232
[runtime-day-wait] day=1233 env_day=1233 missing=0x100 economy_input=1233
[runtime-day-wait] day=1234 env_day=1234 missing=0x100 economy_input=1234
[runtime-day-wait] day=1235 env_day=1235 missing=0x100 economy_input=1235
[runtime-day-wait] day=1236 env_day=1236 missing=0x100 economy_input=1236
[runtime-day-wait] day=1237 env_day=1237 missing=0x100 economy_input=1237
[runtime-day-wait] day=1238 env_day=1238 missing=0x100 economy_input=1238
[runtime-day-wait] day=1239 env_day=1239 missing=0x100 economy_input=1239
[runtime-day-wait] day=1240 env_day=1240 missing=0x100 economy_input=1240
[runtime-day-wait] day=1241 env_day=1241 missing=0x100 economy_input=1241
[runtime-day-wait] day=1242 env_day=1242 missing=0x100 economy_input=1242
[runtime-day-wait] day=1243 env_day=1243 missing=0x100 economy_input=1243
[runtime-day-wait] day=1244 env_day=1244 missing=0x100 economy_input=1244
[runtime-day-wait] day=1245 env_day=1245 missing=0x100 economy_input=1245
[runtime-day-wait] day=1246 env_day=1246 missing=0x100 economy_input=1246
[runtime-day-wait] day=1247 env_day=1247 missing=0x100 economy_input=1247
[runtime-day-wait] day=1248 env_day=1248 missing=0x100 economy_input=1248
[runtime-day-wait] day=1249 env_day=1249 missing=0x100 economy_input=1249
[runtime-day-wait] day=1250 env_day=1250 missing=0x100 economy_input=1250
[runtime-day-wait] day=1251 env_day=1251 missing=0x100 economy_input=1251
[runtime-day-wait] day=1252 env_day=1252 missing=0x100 economy_input=1252
[clock/step] delta=6.7ms speed=50x target=0.33d cap=8.00d/f cost=0.48ms ran=1 pulse=0.00ms loop=0.31ms full=0.47ms carry=0.16 barrier=climate_input_capacity_day_barrier
[runtime-day-wait] day=1253 env_day=1253 missing=0x100 economy_input=1253
[runtime-day-wait] day=1254 env_day=1254 missing=0x100 economy_input=1254
[runtime-day-wait] day=1255 env_day=1255 missing=0x100 economy_input=1255
[runtime-day-wait] day=1256 env_day=1256 missing=0x100 economy_input=1256
[runtime-day-wait] day=1257 env_day=1257 missing=0x100 economy_input=1257
[runtime-day-wait] day=1258 env_day=1258 missing=0x100 economy_input=1258
[runtime-day-wait] day=1259 env_day=1259 missing=0x100 economy_input=1259
[runtime-day-wait] day=1260 env_day=1260 missing=0x100 economy_input=1260
[runtime-day-wait] day=1261 env_day=1261 missing=0x100 economy_input=1261
[runtime-day-wait] day=1262 env_day=1262 missing=0x100 economy_input=1262
[runtime-day-wait] day=1263 env_day=1263 missing=0x100 economy_input=1263
[runtime-day-wait] day=1264 env_day=1264 missing=0x100 economy_input=1264
[runtime-day-wait] day=1265 env_day=1265 missing=0x100 economy_input=1265
[runtime-day-wait] day=1266 env_day=1266 missing=0x100 economy_input=1266
[runtime-day-wait] day=1267 env_day=1267 missing=0x100 economy_input=1267
[runtime-day-wait] day=1268 env_day=1268 missing=0x100 economy_input=1268
[runtime-day-wait] day=1269 env_day=1269 missing=0x100 economy_input=1269
[runtime-day-wait] day=1270 env_day=1270 missing=0x100 economy_input=1270
[runtime-day-wait] day=1271 env_day=1271 missing=0x100 economy_input=1271
[runtime-day-wait] day=1272 env_day=1272 missing=0x100 economy_input=1272
[runtime-day-wait] day=1273 env_day=1273 missing=0x100 economy_input=1273
[runtime-day-wait] day=1274 env_day=1274 missing=0x100 economy_input=1274
[runtime-day-wait] day=1275 env_day=1275 missing=0x100 economy_input=1275
[runtime-day-wait] day=1276 env_day=1276 missing=0x100 economy_input=1276
[runtime-day-wait] day=1277 env_day=1277 missing=0x100 economy_input=1277
[runtime-day-wait] day=1278 env_day=1278 missing=0x100 economy_input=1278
[runtime-day-wait] day=1279 env_day=1279 missing=0x100 economy_input=1279
[runtime-day-wait] day=1280 env_day=1280 missing=0x100 economy_input=1280
[runtime-day-wait] day=1281 env_day=1281 missing=0x100 economy_input=1281
[runtime-day-wait] day=1282 env_day=1282 missing=0x100 economy_input=1282
[clock/step] delta=6.9ms speed=50x target=0.34d cap=8.00d/f cost=0.71ms ran=1 pulse=0.00ms loop=0.44ms full=0.66ms carry=0.32 barrier=climate_input_capacity_day_barrier
[runtime-day-wait] day=1283 env_day=1283 missing=0x100 economy_input=1283
[runtime-day-wait] day=1284 env_day=1284 missing=0x100 economy_input=1284
[runtime-day-wait] day=1285 env_day=1285 missing=0x100 economy_input=1285
[runtime-day-wait] day=1286 env_day=1286 missing=0x100 economy_input=1286
[runtime-day-wait] day=1287 env_day=1287 missing=0x100 economy_input=1287
[runtime-day-wait] day=1288 env_day=1288 missing=0x100 economy_input=1288
[runtime-day-wait] day=1289 env_day=1289 missing=0x100 economy_input=1289
[runtime-day-wait] day=1290 env_day=1290 missing=0x100 economy_input=1290
[runtime-day-wait] day=1291 env_day=1291 missing=0x100 economy_input=1291
[runtime-day-wait] day=1292 env_day=1292 missing=0x100 economy_input=1292
[runtime-day-wait] day=1293 env_day=1293 missing=0x100 economy_input=1293
[runtime-day-wait] day=1294 env_day=1294 missing=0x100 economy_input=1294
[runtime-day-wait] day=1295 env_day=1295 missing=0x100 economy_input=1295
[runtime-day-wait] day=1296 env_day=1296 missing=0x100 economy_input=1296
[runtime-day-wait] day=1297 env_day=1297 missing=0x100 economy_input=1297
[runtime-day-wait] day=1298 env_day=1298 missing=0x100 economy_input=1298
[runtime-day-wait] day=1299 env_day=1299 missing=0x100 economy_input=1299
[economy-prelude-cost] day=1300 ms=0.037 pending=1
[runtime-day-cost] day=1300 ok=0 ms=3.739
[runtime-day-wait] day=1300 env_day=1300 missing=0x100 economy_input=1300
[economy-prelude-cost] day=1300 ms=0.009 pending=1
[runtime-day-cost] day=1300 ok=0 ms=0.099
[economy-open-finish] day=1300 country=0.308 workset=0.019 fiscal=0.028 csr=0.004 recovery=0.001 vectors=0.221 audit=0.417 commands=0.000
[economy-prelude-cost] day=1300 ms=1.218 pending=0
[economy-boundary-cost] day=1300 formulas_ms=5.494 stages_ms=4.269 mirror_ms=8.585
[runtime-day-cost] day=1300 ok=1 ms=14.206
[runtime-day-wait] day=1301 env_day=1301 missing=0x100 economy_input=1301
[runtime-day-wait] day=1302 env_day=1302 missing=0x100 economy_input=1302
[runtime-day-wait] day=1303 env_day=1303 missing=0x100 economy_input=1303
[runtime-day-wait] day=1304 env_day=1304 missing=0x100 economy_input=1304
[runtime-day-wait] day=1305 env_day=1305 missing=0x100 economy_input=1305
[runtime-day-wait] day=1306 env_day=1306 missing=0x100 economy_input=1306
[runtime-day-wait] day=1307 env_day=1307 missing=0x100 economy_input=1307
[runtime-day-wait] day=1308 env_day=1308 missing=0x100 economy_input=1308
[runtime-day-wait] day=1309 env_day=1309 missing=0x100 economy_input=1309
[runtime-day-wait] day=1310 env_day=1310 missing=0x100 economy_input=1310
[runtime-day-wait] day=1311 env_day=1311 missing=0x100 economy_input=1311
[runtime-day-wait] day=1312 env_day=1312 missing=0x100 economy_input=1312
[clock/step] delta=6.9ms speed=50x target=0.34d cap=8.00d/f cost=0.54ms ran=1 pulse=0.00ms loop=0.39ms full=0.57ms carry=0.32 barrier=climate_input_capacity_day_barrier
[runtime-day-wait] day=1313 env_day=1313 missing=0x100 economy_input=1313
[runtime-day-wait] day=1314 env_day=1314 missing=0x100 economy_input=1314
[runtime-day-wait] day=1315 env_day=1315 missing=0x100 economy_input=1315
[runtime-day-wait] day=1316 env_day=1316 missing=0x100 economy_input=1316
[runtime-day-wait] day=1317 env_day=1317 missing=0x100 economy_input=1317
[runtime-day-wait] day=1318 env_day=1318 missing=0x100 economy_input=1318
[runtime-day-wait] day=1319 env_day=1319 missing=0x100 economy_input=1319
[runtime-day-wait] day=1320 env_day=1320 missing=0x100 economy_input=1320
[runtime-day-wait] day=1321 env_day=1321 missing=0x100 economy_input=1321
[runtime-day-wait] day=1322 env_day=1322 missing=0x100 economy_input=1322
[runtime-day-wait] day=1323 env_day=1323 missing=0x100 economy_input=1323
[runtime-day-wait] day=1324 env_day=1324 missing=0x100 economy_input=1324
[runtime-day-wait] day=1325 env_day=1325 missing=0x100 economy_input=1325
[runtime-day-wait] day=1326 env_day=1326 missing=0x100 economy_input=1326
[runtime-day-wait] day=1327 env_day=1327 missing=0x100 economy_input=1327
[runtime-day-wait] day=1328 env_day=1328 missing=0x100 economy_input=1328
[runtime-day-wait] day=1329 env_day=1329 missing=0x100 economy_input=1329
[runtime-day-wait] day=1330 env_day=1330 missing=0x100 economy_input=1330
[runtime-day-wait] day=1331 env_day=1331 missing=0x100 economy_input=1331
[runtime-day-wait] day=1332 env_day=1332 missing=0x100 economy_input=1332
[runtime-day-wait] day=1333 env_day=1333 missing=0x100 economy_input=1333
[runtime-day-wait] day=1334 env_day=1334 missing=0x100 economy_input=1334
[runtime-day-wait] day=1335 env_day=1335 missing=0x100 economy_input=1335
[runtime-day-wait] day=1336 env_day=1336 missing=0x100 economy_input=1336
[runtime-day-wait] day=1337 env_day=1337 missing=0x100 economy_input=1337
[runtime-day-wait] day=1338 env_day=1338 missing=0x100 economy_input=1338
[runtime-day-wait] day=1339 env_day=1339 missing=0x100 economy_input=1339
[runtime-day-wait] day=1340 env_day=1340 missing=0x100 economy_input=1340
[runtime-day-wait] day=1341 env_day=1341 missing=0x100 economy_input=1341
[runtime-day-wait] day=1342 env_day=1342 missing=0x100 economy_input=1342
[clock/step] delta=6.9ms speed=50x target=0.34d cap=8.00d/f cost=0.38ms ran=0 pulse=0.00ms loop=0.00ms full=0.27ms carry=0.97 barrier=
[runtime-day-wait] day=1343 env_day=1343 missing=0x100 economy_input=1343
[runtime-day-wait] day=1344 env_day=1344 missing=0x100 economy_input=1344
[runtime-day-wait] day=1345 env_day=1345 missing=0x100 economy_input=1345
[runtime-day-wait] day=1346 env_day=1346 missing=0x100 economy_input=1346
[runtime-day-wait] day=1347 env_day=1347 missing=0x100 economy_input=1347
[runtime-day-wait] day=1348 env_day=1348 missing=0x100 economy_input=1348
[runtime-day-wait] day=1349 env_day=1349 missing=0x100 economy_input=1349
[runtime-day-wait] day=1350 env_day=1350 missing=0x100 economy_input=1350
[runtime-day-wait] day=1351 env_day=1351 missing=0x100 economy_input=1351
[runtime-day-wait] day=1352 env_day=1352 missing=0x100 economy_input=1352
[runtime-day-wait] day=1353 env_day=1353 missing=0x100 economy_input=1353
[runtime-day-wait] day=1354 env_day=1354 missing=0x100 economy_input=1354
[runtime-day-wait] day=1355 env_day=1355 missing=0x100 economy_input=1355
[runtime-day-wait] day=1356 env_day=1356 missing=0x100 economy_input=1356
[runtime-day-wait] day=1357 env_day=1357 missing=0x100 economy_input=1357
[runtime-day-wait] day=1358 env_day=1358 missing=0x100 economy_input=1358
[runtime-day-wait] day=1359 env_day=1359 missing=0x100 economy_input=1359
[runtime-day-wait] day=1360 env_day=1360 missing=0x100 economy_input=1360
[runtime-day-wait] day=1361 env_day=1361 missing=0x100 economy_input=1361
[runtime-day-wait] day=1362 env_day=1362 missing=0x100 economy_input=1362
[runtime-day-wait] day=1363 env_day=1363 missing=0x100 economy_input=1363
[runtime-day-wait] day=1364 env_day=1364 missing=0x100 economy_input=1364
[runtime-day-wait] day=1365 env_day=1365 missing=0x100 economy_input=1365
[runtime-day-wait] day=1366 env_day=1366 missing=0x100 economy_input=1366
[runtime-day-wait] day=1367 env_day=1367 missing=0x100 economy_input=1367
[runtime-day-wait] day=1368 env_day=1368 missing=0x100 economy_input=1368
[runtime-day-wait] day=1369 env_day=1369 missing=0x100 economy_input=1369
[runtime-day-wait] day=1370 env_day=1370 missing=0x100 economy_input=1370
[runtime-day-wait] day=1371 env_day=1371 missing=0x100 economy_input=1371
[runtime-day-wait] day=1372 env_day=1372 missing=0x100 economy_input=1372
[clock/step] delta=6.9ms speed=50x target=0.34d cap=8.00d/f cost=0.67ms ran=0 pulse=0.43ms loop=0.00ms full=0.90ms carry=0.28 barrier=climate_input_capacity_day_barrier
[runtime-day-wait] day=1373 env_day=1373 missing=0x100 economy_input=1373
[runtime-day-wait] day=1374 env_day=1374 missing=0x100 economy_input=1374
[runtime-day-wait] day=1375 env_day=1375 missing=0x100 economy_input=1375
[runtime-day-wait] day=1376 env_day=1376 missing=0x100 economy_input=1376
[runtime-day-wait] day=1377 env_day=1377 missing=0x100 economy_input=1377
[runtime-day-wait] day=1378 env_day=1378 missing=0x100 economy_input=1378
[runtime-day-wait] day=1379 env_day=1379 missing=0x100 economy_input=1379
[runtime-day-wait] day=1380 env_day=1380 missing=0x100 economy_input=1380
[runtime-day-wait] day=1381 env_day=1381 missing=0x100 economy_input=1381
[runtime-day-wait] day=1382 env_day=1382 missing=0x100 economy_input=1382
[runtime-day-wait] day=1383 env_day=1383 missing=0x100 economy_input=1383
[runtime-day-wait] day=1384 env_day=1384 missing=0x100 economy_input=1384
[runtime-day-wait] day=1385 env_day=1385 missing=0x100 economy_input=1385
[runtime-day-wait] day=1386 env_day=1386 missing=0x100 economy_input=1386
[runtime-day-wait] day=1387 env_day=1387 missing=0x100 economy_input=1387
[runtime-day-wait] day=1388 env_day=1388 missing=0x100 economy_input=1388
[runtime-day-wait] day=1389 env_day=1389 missing=0x100 economy_input=1389
[runtime-day-wait] day=1390 env_day=1390 missing=0x100 economy_input=1390
[runtime-day-wait] day=1391 env_day=1391 missing=0x100 economy_input=1391
[runtime-day-wait] day=1392 env_day=1392 missing=0x100 economy_input=1392
[runtime-day-wait] day=1393 env_day=1393 missing=0x100 economy_input=1393
[runtime-day-wait] day=1394 env_day=1394 missing=0x100 economy_input=1394
[runtime-day-wait] day=1395 env_day=1395 missing=0x100 economy_input=1395
[runtime-day-wait] day=1396 env_day=1396 missing=0x100 economy_input=1396
[runtime-day-wait] day=1397 env_day=1397 missing=0x100 economy_input=1397
[runtime-day-wait] day=1398 env_day=1398 missing=0x100 economy_input=1398
[runtime-day-wait] day=1399 env_day=1399 missing=0x100 economy_input=1399
[economy-prelude-cost] day=1400 ms=0.034 pending=1
[runtime-day-cost] day=1400 ok=0 ms=2.800
[runtime-day-wait] day=1400 env_day=1400 missing=0x100 economy_input=1400
[economy-prelude-cost] day=1400 ms=0.009 pending=1
[runtime-day-cost] day=1400 ok=0 ms=0.095
[economy-prelude-cost] day=1400 ms=0.013 pending=1
[runtime-day-cost] day=1400 ok=0 ms=0.108
[economy-open-finish] day=1400 country=0.312 workset=0.019 fiscal=0.029 csr=0.003 recovery=0.001 vectors=0.215 audit=0.400 commands=0.001
[economy-prelude-cost] day=1400 ms=1.181 pending=0
[economy-boundary-cost] day=1400 formulas_ms=5.793 stages_ms=4.607 mirror_ms=7.888
[runtime-day-cost] day=1400 ok=1 ms=13.822
[runtime-day-wait] day=1401 env_day=1401 missing=0x100 economy_input=1401
[runtime-day-wait] day=1402 env_day=1402 missing=0x100 economy_input=1402
[clock/step] delta=6.9ms speed=50x target=0.34d cap=8.00d/f cost=0.48ms ran=0 pulse=0.00ms loop=0.00ms full=0.29ms carry=0.97 barrier=
[runtime-day-wait] day=1403 env_day=1403 missing=0x100 economy_input=1403
[runtime-day-wait] day=1404 env_day=1404 missing=0x100 economy_input=1404
[runtime-day-wait] day=1405 env_day=1405 missing=0x100 economy_input=1405
[runtime-day-wait] day=1406 env_day=1406 missing=0x100 economy_input=1406
[runtime-day-wait] day=1407 env_day=1407 missing=0x100 economy_input=1407
[runtime-day-wait] day=1408 env_day=1408 missing=0x100 economy_input=1408
[runtime-day-wait] day=1409 env_day=1409 missing=0x100 economy_input=1409
[runtime-day-wait] day=1410 env_day=1410 missing=0x100 economy_input=1410
[runtime-day-wait] day=1411 env_day=1411 missing=0x100 economy_input=1411
[runtime-day-wait] day=1412 env_day=1412 missing=0x100 economy_input=1412
[runtime-day-wait] day=1413 env_day=1413 missing=0x100 economy_input=1413
[runtime-day-wait] day=1414 env_day=1414 missing=0x100 economy_input=1414
[runtime-day-wait] day=1415 env_day=1415 missing=0x100 economy_input=1415
[runtime-day-wait] day=1416 env_day=1416 missing=0x100 economy_input=1416
[runtime-day-wait] day=1417 env_day=1417 missing=0x100 economy_input=1417
[runtime-day-wait] day=1418 env_day=1418 missing=0x100 economy_input=1418
[runtime-day-wait] day=1419 env_day=1419 missing=0x100 economy_input=1419
[runtime-day-wait] day=1420 env_day=1420 missing=0x100 economy_input=1420
[runtime-day-wait] day=1421 env_day=1421 missing=0x100 economy_input=1421
[runtime-day-wait] day=1422 env_day=1422 missing=0x100 economy_input=1422
[runtime-day-wait] day=1423 env_day=1423 missing=0x100 economy_input=1423
[runtime-day-wait] day=1424 env_day=1424 missing=0x100 economy_input=1424
[runtime-day-wait] day=1425 env_day=1425 missing=0x100 economy_input=1425
[runtime-day-wait] day=1426 env_day=1426 missing=0x100 economy_input=1426
[runtime-day-wait] day=1427 env_day=1427 missing=0x100 economy_input=1427
[runtime-day-wait] day=1428 env_day=1428 missing=0x100 economy_input=1428
[runtime-day-wait] day=1429 env_day=1429 missing=0x100 economy_input=1429
[runtime-day-wait] day=1430 env_day=1430 missing=0x100 economy_input=1430
[runtime-day-wait] day=1431 env_day=1431 missing=0x100 economy_input=1431
[runtime-day-wait] day=1432 env_day=1432 missing=0x100 economy_input=1432
[clock/step] delta=6.9ms speed=50x target=0.34d cap=8.00d/f cost=0.60ms ran=0 pulse=0.00ms loop=0.00ms full=0.28ms carry=0.96 barrier=
[runtime-day-wait] day=1433 env_day=1433 missing=0x100 economy_input=1433
[runtime-day-wait] day=1434 env_day=1434 missing=0x100 economy_input=1434
[runtime-day-wait] day=1435 env_day=1435 missing=0x100 economy_input=1435
[runtime-day-wait] day=1436 env_day=1436 missing=0x100 economy_input=1436
[runtime-day-wait] day=1437 env_day=1437 missing=0x100 economy_input=1437
[runtime-day-wait] day=1438 env_day=1438 missing=0x100 economy_input=1438
[runtime-day-wait] day=1439 env_day=1439 missing=0x100 economy_input=1439
[runtime-day-wait] day=1440 env_day=1440 missing=0x100 economy_input=1440
[runtime-day-wait] day=1441 env_day=1441 missing=0x100 economy_input=1441
[runtime-day-wait] day=1442 env_day=1442 missing=0x100 economy_input=1442
[runtime-day-wait] day=1443 env_day=1443 missing=0x100 economy_input=1443
[runtime-day-wait] day=1444 env_day=1444 missing=0x100 economy_input=1444
[runtime-day-wait] day=1445 env_day=1445 missing=0x100 economy_input=1445
[runtime-day-wait] day=1446 env_day=1446 missing=0x100 economy_input=1446
[runtime-day-wait] day=1447 env_day=1447 missing=0x100 economy_input=1447
[runtime-day-wait] day=1448 env_day=1448 missing=0x100 economy_input=1448
[runtime-day-wait] day=1449 env_day=1449 missing=0x100 economy_input=1449
[runtime-day-wait] day=1450 env_day=1450 missing=0x100 economy_input=1450
[runtime-day-wait] day=1451 env_day=1451 missing=0x100 economy_input=1451
[runtime-day-wait] day=1452 env_day=1452 missing=0x100 economy_input=1452
[runtime-day-wait] day=1453 env_day=1453 missing=0x100 economy_input=1453
[runtime-day-wait] day=1454 env_day=1454 missing=0x100 economy_input=1454
[runtime-day-wait] day=1455 env_day=1455 missing=0x100 economy_input=1455
[runtime-day-wait] day=1456 env_day=1456 missing=0x100 economy_input=1456
[runtime-day-wait] day=1457 env_day=1457 missing=0x100 economy_input=1457
[runtime-day-wait] day=1458 env_day=1458 missing=0x100 economy_input=1458
[runtime-day-wait] day=1459 env_day=1459 missing=0x100 economy_input=1459
[runtime-day-wait] day=1460 env_day=1460 missing=0x100 economy_input=1460
[runtime-day-wait] day=1461 env_day=1461 missing=0x100 economy_input=1461
[runtime-day-wait] day=1462 env_day=1462 missing=0x100 economy_input=1462
[runtime-day-wait] day=1463 env_day=1463 missing=0x100 economy_input=1463
[runtime-day-wait] day=1464 env_day=1464 missing=0x100 economy_input=1464
[runtime-day-wait] day=1465 env_day=1465 missing=0x100 economy_input=1465
[runtime-day-wait] day=1466 env_day=1466 missing=0x100 economy_input=1466
[runtime-day-wait] day=1467 env_day=1467 missing=0x100 economy_input=1467
[runtime-day-wait] day=1468 env_day=1468 missing=0x100 economy_input=1468
[runtime-day-wait] day=1469 env_day=1469 missing=0x100 economy_input=1469
[runtime-day-wait] day=1470 env_day=1470 missing=0x100 economy_input=1470
[runtime-day-wait] day=1471 env_day=1471 missing=0x100 economy_input=1471
[runtime-day-wait] day=1472 env_day=1472 missing=0x100 economy_input=1472
[runtime-day-wait] day=1473 env_day=1473 missing=0x100 economy_input=1473
[runtime-day-wait] day=1474 env_day=1474 missing=0x100 economy_input=1474
[runtime-day-wait] day=1475 env_day=1475 missing=0x100 economy_input=1475
[runtime-day-wait] day=1476 env_day=1476 missing=0x100 economy_input=1476
[runtime-day-wait] day=1477 env_day=1477 missing=0x100 economy_input=1477
[runtime-day-wait] day=1478 env_day=1478 missing=0x100 economy_input=1478
[runtime-day-wait] day=1479 env_day=1479 missing=0x100 economy_input=1479
[runtime-day-wait] day=1480 env_day=1480 missing=0x100 economy_input=1480
[runtime-day-wait] day=1481 env_day=1481 missing=0x100 economy_input=1481
[runtime-day-wait] day=1482 env_day=1482 missing=0x100 economy_input=1482
[runtime-day-wait] day=1483 env_day=1483 missing=0x100 economy_input=1483
[runtime-day-wait] day=1484 env_day=1484 missing=0x100 economy_input=1484
[runtime-day-wait] day=1485 env_day=1485 missing=0x100 economy_input=1485
[clock/step] delta=6.9ms speed=50x target=0.34d cap=8.00d/f cost=0.43ms ran=0 pulse=0.00ms loop=0.00ms full=0.33ms carry=0.78 barrier=
[runtime-day-wait] day=1486 env_day=1486 missing=0x100 economy_input=1486
[runtime-day-wait] day=1487 env_day=1487 missing=0x100 economy_input=1487
[runtime-day-wait] day=1488 env_day=1488 missing=0x100 economy_input=1488
[runtime-day-wait] day=1489 env_day=1489 missing=0x100 economy_input=1489
[runtime-day-wait] day=1490 env_day=1490 missing=0x100 economy_input=1490
[runtime-day-wait] day=1491 env_day=1491 missing=0x100 economy_input=1491
[runtime-day-wait] day=1492 env_day=1492 missing=0x100 economy_input=1492
[runtime-day-wait] day=1493 env_day=1493 missing=0x100 economy_input=1493
[runtime-day-wait] day=1494 env_day=1494 missing=0x100 economy_input=1494
[runtime-day-wait] day=1495 env_day=1495 missing=0x100 economy_input=1495
[runtime-day-wait] day=1496 env_day=1496 missing=0x100 economy_input=1496
[runtime-day-wait] day=1497 env_day=1497 missing=0x100 economy_input=1497
[runtime-day-wait] day=1498 env_day=1498 missing=0x100 economy_input=1498
[runtime-day-wait] day=1499 env_day=1499 missing=0x100 economy_input=1499
[economy-prelude-cost] day=1500 ms=0.041 pending=1
[runtime-day-cost] day=1500 ok=0 ms=4.052
[runtime-day-wait] day=1500 env_day=1500 missing=0x100 economy_input=1500
[economy-prelude-cost] day=1500 ms=0.009 pending=1
[runtime-day-cost] day=1500 ok=0 ms=0.099
[economy-open-finish] day=1500 country=0.331 workset=0.021 fiscal=0.030 csr=0.004 recovery=0.001 vectors=0.221 audit=0.417 commands=0.000
[economy-prelude-cost] day=1500 ms=1.264 pending=0
[economy-boundary-cost] day=1500 formulas_ms=5.774 stages_ms=4.502 mirror_ms=8.771
[runtime-day-cost] day=1500 ok=1 ms=14.658
[runtime-day-wait] day=1501 env_day=1501 missing=0x100 economy_input=1501
[runtime-day-wait] day=1502 env_day=1502 missing=0x100 economy_input=1502
[runtime-day-wait] day=1503 env_day=1503 missing=0x100 economy_input=1503
[runtime-day-wait] day=1504 env_day=1504 missing=0x100 economy_input=1504
[runtime-day-wait] day=1505 env_day=1505 missing=0x100 economy_input=1505
[runtime-day-wait] day=1506 env_day=1506 missing=0x100 economy_input=1506
[runtime-day-wait] day=1507 env_day=1507 missing=0x100 economy_input=1507
[runtime-day-wait] day=1508 env_day=1508 missing=0x100 economy_input=1508
[runtime-day-wait] day=1509 env_day=1509 missing=0x100 economy_input=1509
[runtime-day-wait] day=1510 env_day=1510 missing=0x100 economy_input=1510
[runtime-day-wait] day=1511 env_day=1511 missing=0x100 economy_input=1511
[runtime-day-wait] day=1512 env_day=1512 missing=0x100 economy_input=1512
[runtime-day-wait] day=1513 env_day=1513 missing=0x100 economy_input=1513
[runtime-day-wait] day=1514 env_day=1514 missing=0x100 economy_input=1514
[clock/step] delta=6.9ms speed=50x target=0.34d cap=8.00d/f cost=0.54ms ran=0 pulse=0.11ms loop=0.00ms full=0.50ms carry=0.09 barrier=climate_input_capacity_day_barrier
[runtime-day-wait] day=1515 env_day=1515 missing=0x100 economy_input=1515
[runtime-day-wait] day=1516 env_day=1516 missing=0x100 economy_input=1516
[runtime-day-wait] day=1517 env_day=1517 missing=0x100 economy_input=1517
[runtime-day-wait] day=1518 env_day=1518 missing=0x100 economy_input=1518
[runtime-day-wait] day=1519 env_day=1519 missing=0x100 economy_input=1519
[runtime-day-wait] day=1520 env_day=1520 missing=0x100 economy_input=1520
[runtime-day-wait] day=1521 env_day=1521 missing=0x100 economy_input=1521
[runtime-day-wait] day=1522 env_day=1522 missing=0x100 economy_input=1522
[runtime-day-wait] day=1523 env_day=1523 missing=0x100 economy_input=1523
[runtime-day-wait] day=1524 env_day=1524 missing=0x100 economy_input=1524
[runtime-day-wait] day=1525 env_day=1525 missing=0x100 economy_input=1525
[runtime-day-wait] day=1526 env_day=1526 missing=0x100 economy_input=1526
[runtime-day-wait] day=1527 env_day=1527 missing=0x100 economy_input=1527
[runtime-day-wait] day=1528 env_day=1528 missing=0x100 economy_input=1528
[runtime-day-wait] day=1529 env_day=1529 missing=0x100 economy_input=1529
[runtime-day-wait] day=1530 env_day=1530 missing=0x100 economy_input=1530
[runtime-day-wait] day=1531 env_day=1531 missing=0x100 economy_input=1531
[runtime-day-wait] day=1532 env_day=1532 missing=0x100 economy_input=1532
[runtime-day-wait] day=1533 env_day=1533 missing=0x100 economy_input=1533
[runtime-day-wait] day=1534 env_day=1534 missing=0x100 economy_input=1534
[runtime-day-wait] day=1535 env_day=1535 missing=0x100 economy_input=1535
[runtime-day-wait] day=1536 env_day=1536 missing=0x100 economy_input=1536
[runtime-day-wait] day=1537 env_day=1537 missing=0x100 economy_input=1537
[runtime-day-wait] day=1538 env_day=1538 missing=0x100 economy_input=1538
[runtime-day-wait] day=1539 env_day=1539 missing=0x100 economy_input=1539
[runtime-day-wait] day=1540 env_day=1540 missing=0x100 economy_input=1540
[runtime-day-wait] day=1541 env_day=1541 missing=0x100 economy_input=1541
[runtime-day-wait] day=1542 env_day=1542 missing=0x100 economy_input=1542
[runtime-day-wait] day=1543 env_day=1543 missing=0x100 economy_input=1543
[runtime-day-wait] day=1544 env_day=1544 missing=0x100 economy_input=1544
[clock/step] delta=6.9ms speed=50x target=0.34d cap=8.00d/f cost=0.48ms ran=0 pulse=0.08ms loop=0.00ms full=0.33ms carry=0.09 barrier=climate_input_capacity_day_barrier
[runtime-day-wait] day=1545 env_day=1545 missing=0x100 economy_input=1545
[runtime-day-wait] day=1546 env_day=1546 missing=0x100 economy_input=1546
[runtime-day-wait] day=1547 env_day=1547 missing=0x100 economy_input=1547
[runtime-day-wait] day=1548 env_day=1548 missing=0x100 economy_input=1548
[runtime-day-wait] day=1549 env_day=1549 missing=0x100 economy_input=1549
[runtime-day-wait] day=1550 env_day=1550 missing=0x100 economy_input=1550
[runtime-day-wait] day=1551 env_day=1551 missing=0x100 economy_input=1551
[runtime-day-wait] day=1552 env_day=1552 missing=0x100 economy_input=1552
[runtime-day-wait] day=1553 env_day=1553 missing=0x100 economy_input=1553
[runtime-day-wait] day=1554 env_day=1554 missing=0x100 economy_input=1554
[runtime-day-wait] day=1555 env_day=1555 missing=0x100 economy_input=1555
[runtime-day-wait] day=1556 env_day=1556 missing=0x100 economy_input=1556
[runtime-day-wait] day=1557 env_day=1557 missing=0x100 economy_input=1557
[runtime-day-wait] day=1558 env_day=1558 missing=0x100 economy_input=1558
[runtime-day-wait] day=1559 env_day=1559 missing=0x100 economy_input=1559
[runtime-day-wait] day=1560 env_day=1560 missing=0x100 economy_input=1560
[runtime-day-wait] day=1561 env_day=1561 missing=0x100 economy_input=1561
[runtime-day-wait] day=1562 env_day=1562 missing=0x100 economy_input=1562
[runtime-day-wait] day=1563 env_day=1563 missing=0x100 economy_input=1563
[runtime-day-wait] day=1564 env_day=1564 missing=0x100 economy_input=1564
[runtime-day-wait] day=1565 env_day=1565 missing=0x100 economy_input=1565
[runtime-day-wait] day=1566 env_day=1566 missing=0x100 economy_input=1566
[runtime-day-wait] day=1567 env_day=1567 missing=0x100 economy_input=1567
[runtime-day-wait] day=1568 env_day=1568 missing=0x100 economy_input=1568
[runtime-day-wait] day=1569 env_day=1569 missing=0x100 economy_input=1569
[runtime-day-wait] day=1570 env_day=1570 missing=0x100 economy_input=1570
[runtime-day-wait] day=1571 env_day=1571 missing=0x100 economy_input=1571
[runtime-day-wait] day=1572 env_day=1572 missing=0x100 economy_input=1572
[runtime-day-wait] day=1573 env_day=1573 missing=0x100 economy_input=1573
[runtime-day-wait] day=1574 env_day=1574 missing=0x100 economy_input=1574
[clock/step] delta=6.9ms speed=50x target=0.34d cap=8.00d/f cost=0.37ms ran=0 pulse=0.08ms loop=0.00ms full=0.36ms carry=0.09 barrier=climate_input_capacity_day_barrier
[runtime-day-wait] day=1575 env_day=1575 missing=0x100 economy_input=1575
[runtime-day-wait] day=1576 env_day=1576 missing=0x100 economy_input=1576
[runtime-day-wait] day=1577 env_day=1577 missing=0x100 economy_input=1577
[runtime-day-wait] day=1578 env_day=1578 missing=0x100 economy_input=1578
[runtime-day-wait] day=1579 env_day=1579 missing=0x100 economy_input=1579
[runtime-day-wait] day=1580 env_day=1580 missing=0x100 economy_input=1580
[runtime-day-wait] day=1581 env_day=1581 missing=0x100 economy_input=1581
[runtime-day-wait] day=1582 env_day=1582 missing=0x100 economy_input=1582
[runtime-day-wait] day=1583 env_day=1583 missing=0x100 economy_input=1583
[runtime-day-wait] day=1584 env_day=1584 missing=0x100 economy_input=1584
[runtime-day-wait] day=1585 env_day=1585 missing=0x100 economy_input=1585
[runtime-day-wait] day=1586 env_day=1586 missing=0x100 economy_input=1586
[runtime-day-wait] day=1587 env_day=1587 missing=0x100 economy_input=1587
[runtime-day-wait] day=1588 env_day=1588 missing=0x100 economy_input=1588
[runtime-day-wait] day=1589 env_day=1589 missing=0x100 economy_input=1589
[runtime-day-wait] day=1590 env_day=1590 missing=0x100 economy_input=1590
[runtime-day-wait] day=1591 env_day=1591 missing=0x100 economy_input=1591
[runtime-day-wait] day=1592 env_day=1592 missing=0x100 economy_input=1592
[runtime-day-wait] day=1593 env_day=1593 missing=0x100 economy_input=1593
[runtime-day-wait] day=1594 env_day=1594 missing=0x100 economy_input=1594
[runtime-day-wait] day=1595 env_day=1595 missing=0x100 economy_input=1595
[runtime-day-wait] day=1596 env_day=1596 missing=0x100 economy_input=1596
[runtime-day-wait] day=1597 env_day=1597 missing=0x100 economy_input=1597
[runtime-day-wait] day=1598 env_day=1598 missing=0x100 economy_input=1598
[runtime-day-wait] day=1599 env_day=1599 missing=0x100 economy_input=1599
[economy-prelude-cost] day=1600 ms=0.038 pending=1
[runtime-day-cost] day=1600 ok=0 ms=3.592
[runtime-day-wait] day=1600 env_day=1600 missing=0x100 economy_input=1600
[economy-prelude-cost] day=1600 ms=0.009 pending=1
[runtime-day-cost] day=1600 ok=0 ms=0.096
[economy-prelude-cost] day=1600 ms=0.017 pending=1
[runtime-day-cost] day=1600 ok=0 ms=0.177
[economy-open-finish] day=1600 country=0.327 workset=0.021 fiscal=0.033 csr=0.004 recovery=0.001 vectors=0.223 audit=0.418 commands=0.000
[economy-prelude-cost] day=1600 ms=1.292 pending=0
[economy-boundary-cost] day=1600 formulas_ms=5.688 stages_ms=4.388 mirror_ms=8.488
[runtime-day-cost] day=1600 ok=1 ms=14.284
[runtime-day-wait] day=1601 env_day=1601 missing=0x100 economy_input=1601
[runtime-day-wait] day=1602 env_day=1602 missing=0x100 economy_input=1602
[runtime-day-wait] day=1603 env_day=1603 missing=0x100 economy_input=1603
[runtime-day-wait] day=1604 env_day=1604 missing=0x100 economy_input=1604
[clock/step] delta=6.9ms speed=50x target=0.34d cap=8.00d/f cost=0.47ms ran=0 pulse=0.00ms loop=0.00ms full=0.23ms carry=0.39 barrier=
[runtime-day-wait] day=1605 env_day=1605 missing=0x100 economy_input=1605
[runtime-day-wait] day=1606 env_day=1606 missing=0x100 economy_input=1606
[runtime-day-wait] day=1607 env_day=1607 missing=0x100 economy_input=1607
[runtime-day-wait] day=1608 env_day=1608 missing=0x100 economy_input=1608
[runtime-day-wait] day=1609 env_day=1609 missing=0x100 economy_input=1609
[runtime-day-wait] day=1610 env_day=1610 missing=0x100 economy_input=1610
[runtime-day-wait] day=1611 env_day=1611 missing=0x100 economy_input=1611
[runtime-day-wait] day=1612 env_day=1612 missing=0x100 economy_input=1612
[runtime-day-wait] day=1613 env_day=1613 missing=0x100 economy_input=1613
[runtime-day-wait] day=1614 env_day=1614 missing=0x100 economy_input=1614
[runtime-day-wait] day=1615 env_day=1615 missing=0x100 economy_input=1615
[runtime-day-wait] day=1616 env_day=1616 missing=0x100 economy_input=1616
[runtime-day-wait] day=1617 env_day=1617 missing=0x100 economy_input=1617
[runtime-day-wait] day=1618 env_day=1618 missing=0x100 economy_input=1618
[runtime-day-wait] day=1619 env_day=1619 missing=0x100 economy_input=1619
[runtime-day-wait] day=1620 env_day=1620 missing=0x100 economy_input=1620
[runtime-day-wait] day=1621 env_day=1621 missing=0x100 economy_input=1621
[runtime-day-wait] day=1622 env_day=1622 missing=0x100 economy_input=1622
[runtime-day-wait] day=1623 env_day=1623 missing=0x100 economy_input=1623
[runtime-day-wait] day=1624 env_day=1624 missing=0x100 economy_input=1624
[runtime-day-wait] day=1625 env_day=1625 missing=0x100 economy_input=1625
[runtime-day-wait] day=1626 env_day=1626 missing=0x100 economy_input=1626
[runtime-day-wait] day=1627 env_day=1627 missing=0x100 economy_input=1627
[runtime-day-wait] day=1628 env_day=1628 missing=0x100 economy_input=1628
[runtime-day-wait] day=1629 env_day=1629 missing=0x100 economy_input=1629
[runtime-day-wait] day=1630 env_day=1630 missing=0x100 economy_input=1630
[runtime-day-wait] day=1631 env_day=1631 missing=0x100 economy_input=1631
[runtime-day-wait] day=1632 env_day=1632 missing=0x100 economy_input=1632
[runtime-day-wait] day=1633 env_day=1633 missing=0x100 economy_input=1633
[runtime-day-wait] day=1634 env_day=1634 missing=0x100 economy_input=1634
[clock/step] delta=6.9ms speed=50x target=0.34d cap=8.00d/f cost=0.39ms ran=0 pulse=0.00ms loop=0.00ms full=0.28ms carry=0.74 barrier=
[runtime-day-wait] day=1635 env_day=1635 missing=0x100 economy_input=1635
[runtime-day-wait] day=1636 env_day=1636 missing=0x100 economy_input=1636
[runtime-day-wait] day=1637 env_day=1637 missing=0x100 economy_input=1637
[runtime-day-wait] day=1638 env_day=1638 missing=0x100 economy_input=1638
[runtime-day-wait] day=1639 env_day=1639 missing=0x100 economy_input=1639
[runtime-day-wait] day=1640 env_day=1640 missing=0x100 economy_input=1640
[runtime-day-wait] day=1641 env_day=1641 missing=0x100 economy_input=1641
[runtime-day-wait] day=1642 env_day=1642 missing=0x100 economy_input=1642
[runtime-day-wait] day=1643 env_day=1643 missing=0x100 economy_input=1643
[runtime-day-wait] day=1644 env_day=1644 missing=0x100 economy_input=1644
[runtime-day-wait] day=1645 env_day=1645 missing=0x100 economy_input=1645
[runtime-day-wait] day=1646 env_day=1646 missing=0x100 economy_input=1646
[runtime-day-wait] day=1647 env_day=1647 missing=0x100 economy_input=1647
[runtime-day-wait] day=1648 env_day=1648 missing=0x100 economy_input=1648
[runtime-day-wait] day=1649 env_day=1649 missing=0x100 economy_input=1649
[runtime-day-wait] day=1650 env_day=1650 missing=0x100 economy_input=1650
[runtime-day-wait] day=1651 env_day=1651 missing=0x100 economy_input=1651
[runtime-day-wait] day=1652 env_day=1652 missing=0x100 economy_input=1652
[runtime-day-wait] day=1653 env_day=1653 missing=0x100 economy_input=1653
[runtime-day-wait] day=1654 env_day=1654 missing=0x100 economy_input=1654
[runtime-day-wait] day=1655 env_day=1655 missing=0x100 economy_input=1655
[runtime-day-wait] day=1656 env_day=1656 missing=0x100 economy_input=1656
[runtime-day-wait] day=1657 env_day=1657 missing=0x100 economy_input=1657
[runtime-day-wait] day=1658 env_day=1658 missing=0x100 economy_input=1658
[runtime-day-wait] day=1659 env_day=1659 missing=0x100 economy_input=1659
[runtime-day-wait] day=1660 env_day=1660 missing=0x100 economy_input=1660
[runtime-day-wait] day=1661 env_day=1661 missing=0x100 economy_input=1661
[runtime-day-wait] day=1662 env_day=1662 missing=0x100 economy_input=1662
[runtime-day-wait] day=1663 env_day=1663 missing=0x100 economy_input=1663
[runtime-day-wait] day=1664 env_day=1664 missing=0x100 economy_input=1664
[clock/step] delta=6.9ms speed=50x target=0.34d cap=8.00d/f cost=0.41ms ran=1 pulse=0.00ms loop=0.40ms full=0.58ms carry=0.09 barrier=climate_input_capacity_day_barrier
[runtime-day-wait] day=1665 env_day=1665 missing=0x100 economy_input=1665
[runtime-day-wait] day=1666 env_day=1666 missing=0x100 economy_input=1666
[runtime-day-wait] day=1667 env_day=1667 missing=0x100 economy_input=1667
[runtime-day-wait] day=1668 env_day=1668 missing=0x100 economy_input=1668
[runtime-day-wait] day=1669 env_day=1669 missing=0x100 economy_input=1669
[runtime-day-wait] day=1670 env_day=1670 missing=0x100 economy_input=1670
[runtime-day-wait] day=1671 env_day=1671 missing=0x100 economy_input=1671
[runtime-day-wait] day=1672 env_day=1672 missing=0x100 economy_input=1672
[runtime-day-wait] day=1673 env_day=1673 missing=0x100 economy_input=1673
[runtime-day-wait] day=1674 env_day=1674 missing=0x100 economy_input=1674
[runtime-day-wait] day=1675 env_day=1675 missing=0x100 economy_input=1675
[runtime-day-wait] day=1676 env_day=1676 missing=0x100 economy_input=1676
[runtime-day-wait] day=1677 env_day=1677 missing=0x100 economy_input=1677
[runtime-day-wait] day=1678 env_day=1678 missing=0x100 economy_input=1678
[runtime-day-wait] day=1679 env_day=1679 missing=0x100 economy_input=1679
[runtime-day-wait] day=1680 env_day=1680 missing=0x100 economy_input=1680
[runtime-day-wait] day=1681 env_day=1681 missing=0x100 economy_input=1681
[runtime-day-wait] day=1682 env_day=1682 missing=0x100 economy_input=1682
[runtime-day-wait] day=1683 env_day=1683 missing=0x100 economy_input=1683
[runtime-day-wait] day=1684 env_day=1684 missing=0x100 economy_input=1684
[runtime-day-wait] day=1685 env_day=1685 missing=0x100 economy_input=1685
[runtime-day-wait] day=1686 env_day=1686 missing=0x100 economy_input=1686
[runtime-day-wait] day=1687 env_day=1687 missing=0x100 economy_input=1687
[runtime-day-wait] day=1688 env_day=1688 missing=0x100 economy_input=1688
[runtime-day-wait] day=1689 env_day=1689 missing=0x100 economy_input=1689
[runtime-day-wait] day=1690 env_day=1690 missing=0x100 economy_input=1690
[runtime-day-wait] day=1691 env_day=1691 missing=0x100 economy_input=1691
[runtime-day-wait] day=1692 env_day=1692 missing=0x100 economy_input=1692
[runtime-day-wait] day=1693 env_day=1693 missing=0x100 economy_input=1693
[runtime-day-wait] day=1694 env_day=1694 missing=0x100 economy_input=1694
[clock/step] delta=6.9ms speed=50x target=0.34d cap=8.00d/f cost=0.47ms ran=0 pulse=0.00ms loop=0.00ms full=0.25ms carry=0.40 barrier=
[runtime-day-wait] day=1695 env_day=1695 missing=0x100 economy_input=1695
[runtime-day-wait] day=1696 env_day=1696 missing=0x100 economy_input=1696
[runtime-day-wait] day=1697 env_day=1697 missing=0x100 economy_input=1697
[runtime-day-wait] day=1698 env_day=1698 missing=0x100 economy_input=1698
[runtime-day-wait] day=1699 env_day=1699 missing=0x100 economy_input=1699
[economy-prelude-cost] day=1700 ms=0.055 pending=1
[runtime-day-cost] day=1700 ok=0 ms=5.392
[runtime-day-wait] day=1700 env_day=1700 missing=0x100 economy_input=1700
[economy-prelude-cost] day=1700 ms=0.014 pending=1
[runtime-day-cost] day=1700 ok=0 ms=0.131
[economy-open-finish] day=1700 country=0.337 workset=0.021 fiscal=0.029 csr=0.015 recovery=0.001 vectors=0.217 audit=0.428 commands=0.001
[economy-prelude-cost] day=1700 ms=1.291 pending=0
[economy-boundary-cost] day=1700 formulas_ms=6.420 stages_ms=5.123 mirror_ms=7.989
[runtime-day-cost] day=1700 ok=1 ms=14.557
[runtime-day-wait] day=1701 env_day=1701 missing=0x100 economy_input=1701
[runtime-day-wait] day=1702 env_day=1702 missing=0x100 economy_input=1702
[runtime-day-wait] day=1703 env_day=1703 missing=0x100 economy_input=1703
[runtime-day-wait] day=1704 env_day=1704 missing=0x100 economy_input=1704
[runtime-day-wait] day=1705 env_day=1705 missing=0x100 economy_input=1705
[runtime-day-wait] day=1706 env_day=1706 missing=0x100 economy_input=1706
[runtime-day-wait] day=1707 env_day=1707 missing=0x100 economy_input=1707
[runtime-day-wait] day=1708 env_day=1708 missing=0x100 economy_input=1708
[runtime-day-wait] day=1709 env_day=1709 missing=0x100 economy_input=1709
[runtime-day-wait] day=1710 env_day=1710 missing=0x100 economy_input=1710
[runtime-day-wait] day=1711 env_day=1711 missing=0x100 economy_input=1711
[runtime-day-wait] day=1712 env_day=1712 missing=0x100 economy_input=1712
[runtime-day-wait] day=1713 env_day=1713 missing=0x100 economy_input=1713
[runtime-day-wait] day=1714 env_day=1714 missing=0x100 economy_input=1714
[runtime-day-wait] day=1715 env_day=1715 missing=0x100 economy_input=1715
[runtime-day-wait] day=1716 env_day=1716 missing=0x100 economy_input=1716
[runtime-day-wait] day=1717 env_day=1717 missing=0x100 economy_input=1717
[runtime-day-wait] day=1718 env_day=1718 missing=0x100 economy_input=1718
[runtime-day-wait] day=1719 env_day=1719 missing=0x100 economy_input=1719
[runtime-day-wait] day=1720 env_day=1720 missing=0x100 economy_input=1720
[runtime-day-wait] day=1721 env_day=1721 missing=0x100 economy_input=1721
[runtime-day-wait] day=1722 env_day=1722 missing=0x100 economy_input=1722
[runtime-day-wait] day=1723 env_day=1723 missing=0x100 economy_input=1723
[clock/step] delta=6.9ms speed=50x target=0.34d cap=8.00d/f cost=0.40ms ran=1 pulse=0.00ms loop=0.41ms full=0.62ms carry=0.05 barrier=climate_input_capacity_day_barrier
[runtime-day-wait] day=1724 env_day=1724 missing=0x100 economy_input=1724
[runtime-day-wait] day=1725 env_day=1725 missing=0x100 economy_input=1725
[runtime-day-wait] day=1726 env_day=1726 missing=0x100 economy_input=1726
[runtime-day-wait] day=1727 env_day=1727 missing=0x100 economy_input=1727
[runtime-day-wait] day=1728 env_day=1728 missing=0x100 economy_input=1728
[runtime-day-wait] day=1729 env_day=1729 missing=0x100 economy_input=1729
[runtime-day-wait] day=1730 env_day=1730 missing=0x100 economy_input=1730
[runtime-day-wait] day=1731 env_day=1731 missing=0x100 economy_input=1731
[runtime-day-wait] day=1732 env_day=1732 missing=0x100 economy_input=1732
[runtime-day-wait] day=1733 env_day=1733 missing=0x100 economy_input=1733
[runtime-day-wait] day=1734 env_day=1734 missing=0x100 economy_input=1734
[runtime-day-wait] day=1735 env_day=1735 missing=0x100 economy_input=1735
[runtime-day-wait] day=1736 env_day=1736 missing=0x100 economy_input=1736
[runtime-day-wait] day=1737 env_day=1737 missing=0x100 economy_input=1737
[runtime-day-wait] day=1738 env_day=1738 missing=0x100 economy_input=1738
[runtime-day-wait] day=1739 env_day=1739 missing=0x100 economy_input=1739
[runtime-day-wait] day=1740 env_day=1740 missing=0x100 economy_input=1740
[runtime-day-wait] day=1741 env_day=1741 missing=0x100 economy_input=1741
[runtime-day-wait] day=1742 env_day=1742 missing=0x100 economy_input=1742
[runtime-day-wait] day=1743 env_day=1743 missing=0x100 economy_input=1743
[runtime-day-wait] day=1744 env_day=1744 missing=0x100 economy_input=1744
[runtime-day-wait] day=1745 env_day=1745 missing=0x100 economy_input=1745
[runtime-day-wait] day=1746 env_day=1746 missing=0x100 economy_input=1746
[runtime-day-wait] day=1747 env_day=1747 missing=0x100 economy_input=1747
[runtime-day-wait] day=1748 env_day=1748 missing=0x100 economy_input=1748
[runtime-day-wait] day=1749 env_day=1749 missing=0x100 economy_input=1749
[runtime-day-wait] day=1750 env_day=1750 missing=0x100 economy_input=1750
[runtime-day-wait] day=1751 env_day=1751 missing=0x100 economy_input=1751
[runtime-day-wait] day=1752 env_day=1752 missing=0x100 economy_input=1752
[runtime-day-wait] day=1753 env_day=1753 missing=0x100 economy_input=1753
[runtime-day-wait] day=1754 env_day=1754 missing=0x100 economy_input=1754
[clock/step] delta=6.9ms speed=50x target=0.34d cap=6.16d/f cost=1.30ms ran=0 pulse=0.00ms loop=0.00ms full=0.17ms carry=0.40 barrier=
[runtime-day-wait] day=1755 env_day=1755 missing=0x100 economy_input=1755
[runtime-day-wait] day=1756 env_day=1756 missing=0x100 economy_input=1756
[runtime-day-wait] day=1757 env_day=1757 missing=0x100 economy_input=1757
[runtime-day-wait] day=1758 env_day=1758 missing=0x100 economy_input=1758
[runtime-day-wait] day=1759 env_day=1759 missing=0x100 economy_input=1759
[runtime-day-wait] day=1760 env_day=1760 missing=0x100 economy_input=1760
[runtime-day-wait] day=1761 env_day=1761 missing=0x100 economy_input=1761
[runtime-day-wait] day=1762 env_day=1762 missing=0x100 economy_input=1762
[runtime-day-wait] day=1763 env_day=1763 missing=0x100 economy_input=1763
[runtime-day-wait] day=1764 env_day=1764 missing=0x100 economy_input=1764
[runtime-day-wait] day=1765 env_day=1765 missing=0x100 economy_input=1765
[runtime-day-wait] day=1766 env_day=1766 missing=0x100 economy_input=1766
[runtime-day-wait] day=1767 env_day=1767 missing=0x100 economy_input=1767
[runtime-day-wait] day=1768 env_day=1768 missing=0x100 economy_input=1768
[runtime-day-wait] day=1769 env_day=1769 missing=0x100 economy_input=1769
[runtime-day-wait] day=1770 env_day=1770 missing=0x100 economy_input=1770
[runtime-day-wait] day=1771 env_day=1771 missing=0x100 economy_input=1771
[runtime-day-wait] day=1772 env_day=1772 missing=0x100 economy_input=1772
[runtime-day-wait] day=1773 env_day=1773 missing=0x100 economy_input=1773
[runtime-day-wait] day=1774 env_day=1774 missing=0x100 economy_input=1774
[runtime-day-wait] day=1775 env_day=1775 missing=0x100 economy_input=1775
[runtime-day-wait] day=1776 env_day=1776 missing=0x100 economy_input=1776
[runtime-day-wait] day=1777 env_day=1777 missing=0x100 economy_input=1777
[runtime-day-wait] day=1778 env_day=1778 missing=0x100 economy_input=1778
[runtime-day-wait] day=1779 env_day=1779 missing=0x100 economy_input=1779
[runtime-day-wait] day=1780 env_day=1780 missing=0x100 economy_input=1780
[runtime-day-wait] day=1781 env_day=1781 missing=0x100 economy_input=1781
[runtime-day-wait] day=1782 env_day=1782 missing=0x100 economy_input=1782
[runtime-day-wait] day=1783 env_day=1783 missing=0x100 economy_input=1783
[runtime-day-wait] day=1784 env_day=1784 missing=0x100 economy_input=1784
[clock/step] delta=6.9ms speed=50x target=0.34d cap=7.13d/f cost=1.12ms ran=0 pulse=0.00ms loop=0.00ms full=0.22ms carry=0.39 barrier=
[runtime-day-wait] day=1785 env_day=1785 missing=0x100 economy_input=1785
[runtime-day-wait] day=1786 env_day=1786 missing=0x100 economy_input=1786
[runtime-day-wait] day=1787 env_day=1787 missing=0x100 economy_input=1787
[runtime-day-wait] day=1788 env_day=1788 missing=0x100 economy_input=1788
[runtime-day-wait] day=1789 env_day=1789 missing=0x100 economy_input=1789
[runtime-day-wait] day=1790 env_day=1790 missing=0x100 economy_input=1790
[runtime-day-wait] day=1791 env_day=1791 missing=0x100 economy_input=1791
[runtime-day-wait] day=1792 env_day=1792 missing=0x100 economy_input=1792
[runtime-day-wait] day=1793 env_day=1793 missing=0x100 economy_input=1793
[runtime-day-wait] day=1794 env_day=1794 missing=0x100 economy_input=1794
[runtime-day-wait] day=1795 env_day=1795 missing=0x100 economy_input=1795
[runtime-day-wait] day=1796 env_day=1796 missing=0x100 economy_input=1796
[runtime-day-wait] day=1797 env_day=1797 missing=0x100 economy_input=1797
[runtime-day-wait] day=1798 env_day=1798 missing=0x100 economy_input=1798
[runtime-day-wait] day=1799 env_day=1799 missing=0x100 economy_input=1799
[economy-prelude-cost] day=1800 ms=0.040 pending=1
[runtime-day-cost] day=1800 ok=0 ms=2.939
[runtime-day-wait] day=1800 env_day=1800 missing=0x100 economy_input=1800
[economy-prelude-cost] day=1800 ms=0.009 pending=1
[runtime-day-cost] day=1800 ok=0 ms=0.103
[economy-prelude-cost] day=1800 ms=0.019 pending=1
[runtime-day-cost] day=1800 ok=0 ms=0.139
[economy-open-finish] day=1800 country=0.322 workset=0.022 fiscal=0.030 csr=0.004 recovery=0.001 vectors=0.205 audit=0.409 commands=0.000
[economy-prelude-cost] day=1800 ms=1.239 pending=0
[economy-boundary-cost] day=1800 formulas_ms=5.633 stages_ms=4.386 mirror_ms=8.172
[runtime-day-cost] day=1800 ok=1 ms=13.934
[runtime-day-wait] day=1801 env_day=1801 missing=0x100 economy_input=1801
[runtime-day-wait] day=1802 env_day=1802 missing=0x100 economy_input=1802
[runtime-day-wait] day=1803 env_day=1803 missing=0x100 economy_input=1803
[runtime-day-wait] day=1804 env_day=1804 missing=0x100 economy_input=1804
[runtime-day-wait] day=1805 env_day=1805 missing=0x100 economy_input=1805
[runtime-day-wait] day=1806 env_day=1806 missing=0x100 economy_input=1806
[runtime-day-wait] day=1807 env_day=1807 missing=0x100 economy_input=1807
[runtime-day-wait] day=1808 env_day=1808 missing=0x100 economy_input=1808
[runtime-day-wait] day=1809 env_day=1809 missing=0x100 economy_input=1809
[runtime-day-wait] day=1810 env_day=1810 missing=0x100 economy_input=1810
[runtime-day-wait] day=1811 env_day=1811 missing=0x100 economy_input=1811
[runtime-day-wait] day=1812 env_day=1812 missing=0x100 economy_input=1812
[runtime-day-wait] day=1813 env_day=1813 missing=0x100 economy_input=1813
[clock/step] delta=6.9ms speed=50x target=0.34d cap=8.00d/f cost=0.40ms ran=0 pulse=0.08ms loop=0.00ms full=0.36ms carry=0.05 barrier=climate_input_capacity_day_barrier
[runtime-day-wait] day=1814 env_day=1814 missing=0x100 economy_input=1814
[runtime-day-wait] day=1815 env_day=1815 missing=0x100 economy_input=1815
[runtime-day-wait] day=1816 env_day=1816 missing=0x100 economy_input=1816
[runtime-day-wait] day=1817 env_day=1817 missing=0x100 economy_input=1817
[runtime-day-wait] day=1818 env_day=1818 missing=0x100 economy_input=1818
[runtime-day-wait] day=1819 env_day=1819 missing=0x100 economy_input=1819
[runtime-day-wait] day=1820 env_day=1820 missing=0x100 economy_input=1820
[runtime-day-wait] day=1821 env_day=1821 missing=0x100 economy_input=1821
[runtime-day-wait] day=1822 env_day=1822 missing=0x100 economy_input=1822
[runtime-day-wait] day=1823 env_day=1823 missing=0x100 economy_input=1823
[runtime-day-wait] day=1824 env_day=1824 missing=0x100 economy_input=1824
[runtime-day-wait] day=1825 env_day=1825 missing=0x100 economy_input=1825
[runtime-day-wait] day=1826 env_day=1826 missing=0x100 economy_input=1826
[runtime-day-wait] day=1827 env_day=1827 missing=0x100 economy_input=1827
[runtime-day-wait] day=1828 env_day=1828 missing=0x100 economy_input=1828
[runtime-day-wait] day=1829 env_day=1829 missing=0x100 economy_input=1829
[runtime-day-wait] day=1830 env_day=1830 missing=0x100 economy_input=1830
[runtime-day-wait] day=1831 env_day=1831 missing=0x100 economy_input=1831
[runtime-day-wait] day=1832 env_day=1832 missing=0x100 economy_input=1832
[runtime-day-wait] day=1833 env_day=1833 missing=0x100 economy_input=1833
[runtime-day-wait] day=1834 env_day=1834 missing=0x100 economy_input=1834
[runtime-day-wait] day=1835 env_day=1835 missing=0x100 economy_input=1835
[runtime-day-wait] day=1836 env_day=1836 missing=0x100 economy_input=1836
[runtime-day-wait] day=1837 env_day=1837 missing=0x100 economy_input=1837
[clock/step] delta=6.7ms speed=50x target=0.33d cap=8.00d/f cost=0.90ms ran=0 pulse=0.00ms loop=0.00ms full=0.35ms carry=0.61 barrier=
[runtime-day-wait] day=1838 env_day=1838 missing=0x100 economy_input=1838
[runtime-day-wait] day=1839 env_day=1839 missing=0x100 economy_input=1839
[runtime-day-wait] day=1840 env_day=1840 missing=0x100 economy_input=1840
[runtime-day-wait] day=1841 env_day=1841 missing=0x100 economy_input=1841
[runtime-day-wait] day=1842 env_day=1842 missing=0x100 economy_input=1842
[runtime-day-wait] day=1843 env_day=1843 missing=0x100 economy_input=1843
[runtime-day-wait] day=1844 env_day=1844 missing=0x100 economy_input=1844
[runtime-day-wait] day=1845 env_day=1845 missing=0x100 economy_input=1845
[runtime-day-wait] day=1846 env_day=1846 missing=0x100 economy_input=1846
[runtime-day-wait] day=1847 env_day=1847 missing=0x100 economy_input=1847
[runtime-day-wait] day=1848 env_day=1848 missing=0x100 economy_input=1848
[runtime-day-wait] day=1849 env_day=1849 missing=0x100 economy_input=1849
[runtime-day-wait] day=1850 env_day=1850 missing=0x100 economy_input=1850
[runtime-day-wait] day=1851 env_day=1851 missing=0x100 economy_input=1851
[runtime-day-wait] day=1852 env_day=1852 missing=0x100 economy_input=1852
[runtime-day-wait] day=1853 env_day=1853 missing=0x100 economy_input=1853
[runtime-day-wait] day=1854 env_day=1854 missing=0x100 economy_input=1854
[runtime-day-wait] day=1855 env_day=1855 missing=0x100 economy_input=1855
[runtime-day-wait] day=1856 env_day=1856 missing=0x100 economy_input=1856
[runtime-day-wait] day=1857 env_day=1857 missing=0x100 economy_input=1857
[runtime-day-wait] day=1858 env_day=1858 missing=0x100 economy_input=1858
[runtime-day-wait] day=1859 env_day=1859 missing=0x100 economy_input=1859
[runtime-day-wait] day=1860 env_day=1860 missing=0x100 economy_input=1860
[runtime-day-wait] day=1861 env_day=1861 missing=0x100 economy_input=1861
[runtime-day-wait] day=1862 env_day=1862 missing=0x100 economy_input=1862
[runtime-day-wait] day=1863 env_day=1863 missing=0x100 economy_input=1863
[runtime-day-wait] day=1864 env_day=1864 missing=0x100 economy_input=1864
[clock/step] delta=6.9ms speed=50x target=0.34d cap=8.00d/f cost=0.54ms ran=0 pulse=0.08ms loop=0.00ms full=0.40ms carry=0.05 barrier=climate_input_capacity_day_barrier
[runtime-day-wait] day=1865 env_day=1865 missing=0x100 economy_input=1865
[runtime-day-wait] day=1866 env_day=1866 missing=0x100 economy_input=1866
[runtime-day-wait] day=1867 env_day=1867 missing=0x100 economy_input=1867
[runtime-day-wait] day=1868 env_day=1868 missing=0x100 economy_input=1868
[runtime-day-wait] day=1869 env_day=1869 missing=0x100 economy_input=1869
[runtime-day-wait] day=1870 env_day=1870 missing=0x100 economy_input=1870
[runtime-day-wait] day=1871 env_day=1871 missing=0x100 economy_input=1871
[runtime-day-wait] day=1872 env_day=1872 missing=0x100 economy_input=1872
[runtime-day-wait] day=1873 env_day=1873 missing=0x100 economy_input=1873
[runtime-day-wait] day=1874 env_day=1874 missing=0x100 economy_input=1874
[runtime-day-wait] day=1875 env_day=1875 missing=0x100 economy_input=1875
[runtime-day-wait] day=1876 env_day=1876 missing=0x100 economy_input=1876
[runtime-day-wait] day=1877 env_day=1877 missing=0x100 economy_input=1877
[runtime-day-wait] day=1878 env_day=1878 missing=0x100 economy_input=1878
[runtime-day-wait] day=1879 env_day=1879 missing=0x100 economy_input=1879
[runtime-day-wait] day=1880 env_day=1880 missing=0x100 economy_input=1880
[runtime-day-wait] day=1881 env_day=1881 missing=0x100 economy_input=1881
[runtime-day-wait] day=1882 env_day=1882 missing=0x100 economy_input=1882
[runtime-day-wait] day=1883 env_day=1883 missing=0x100 economy_input=1883
[runtime-day-wait] day=1884 env_day=1884 missing=0x100 economy_input=1884
[runtime-day-wait] day=1885 env_day=1885 missing=0x100 economy_input=1885
[runtime-day-wait] day=1886 env_day=1886 missing=0x100 economy_input=1886
[runtime-day-wait] day=1887 env_day=1887 missing=0x100 economy_input=1887
[runtime-day-wait] day=1888 env_day=1888 missing=0x100 economy_input=1888
[clock/step] delta=6.9ms speed=50x target=0.34d cap=8.00d/f cost=0.55ms ran=0 pulse=0.00ms loop=0.00ms full=0.42ms carry=0.50 barrier=
[runtime-day-wait] day=1889 env_day=1889 missing=0x100 economy_input=1889
[runtime-day-wait] day=1890 env_day=1890 missing=0x100 economy_input=1890
[runtime-day-wait] day=1891 env_day=1891 missing=0x100 economy_input=1891
[runtime-day-wait] day=1892 env_day=1892 missing=0x100 economy_input=1892
[runtime-day-wait] day=1893 env_day=1893 missing=0x100 economy_input=1893
[runtime-day-wait] day=1894 env_day=1894 missing=0x100 economy_input=1894
[runtime-day-wait] day=1895 env_day=1895 missing=0x100 economy_input=1895
[runtime-day-wait] day=1896 env_day=1896 missing=0x100 economy_input=1896
[runtime-day-wait] day=1897 env_day=1897 missing=0x100 economy_input=1897
[runtime-day-wait] day=1898 env_day=1898 missing=0x100 economy_input=1898
[runtime-day-wait] day=1899 env_day=1899 missing=0x100 economy_input=1899
[economy-prelude-cost] day=1900 ms=0.053 pending=1
[runtime-day-cost] day=1900 ok=0 ms=4.348
[runtime-day-wait] day=1900 env_day=1900 missing=0x100 economy_input=1900
[economy-prelude-cost] day=1900 ms=0.012 pending=1
[runtime-day-cost] day=1900 ok=0 ms=0.114
[economy-prelude-cost] day=1900 ms=0.020 pending=1
[runtime-day-cost] day=1900 ok=0 ms=0.148
[economy-open-finish] day=1900 country=0.338 workset=0.026 fiscal=0.038 csr=0.005 recovery=0.001 vectors=0.236 audit=0.442 commands=0.000
[economy-prelude-cost] day=1900 ms=1.382 pending=0
[economy-boundary-cost] day=1900 formulas_ms=7.798 stages_ms=6.409 mirror_ms=9.915
[runtime-day-cost] day=1900 ok=1 ms=17.865
[runtime-day-wait] day=1901 env_day=1901 missing=0x100 economy_input=1901
[runtime-day-wait] day=1902 env_day=1902 missing=0x100 economy_input=1902
[runtime-day-wait] day=1903 env_day=1903 missing=0x100 economy_input=1903
[runtime-day-wait] day=1904 env_day=1904 missing=0x100 economy_input=1904
[runtime-day-wait] day=1905 env_day=1905 missing=0x100 economy_input=1905
[runtime-day-wait] day=1906 env_day=1906 missing=0x100 economy_input=1906
[runtime-day-wait] day=1907 env_day=1907 missing=0x100 economy_input=1907
[runtime-day-wait] day=1908 env_day=1908 missing=0x100 economy_input=1908
[runtime-day-wait] day=1909 env_day=1909 missing=0x100 economy_input=1909
[runtime-day-wait] day=1910 env_day=1910 missing=0x100 economy_input=1910
[runtime-day-wait] day=1911 env_day=1911 missing=0x100 economy_input=1911
[runtime-day-wait] day=1912 env_day=1912 missing=0x100 economy_input=1912
[runtime-day-wait] day=1913 env_day=1913 missing=0x100 economy_input=1913
[clock/step] delta=6.9ms speed=50x target=0.34d cap=8.00d/f cost=0.99ms ran=0 pulse=0.08ms loop=0.00ms full=0.38ms carry=0.01 barrier=climate_input_capacity_day_barrier
[runtime-day-wait] day=1914 env_day=1914 missing=0x100 economy_input=1914
[runtime-day-wait] day=1915 env_day=1915 missing=0x100 economy_input=1915
[runtime-day-wait] day=1916 env_day=1916 missing=0x100 economy_input=1916
[runtime-day-wait] day=1917 env_day=1917 missing=0x100 economy_input=1917
[runtime-day-wait] day=1918 env_day=1918 missing=0x100 economy_input=1918
[runtime-day-wait] day=1919 env_day=1919 missing=0x100 economy_input=1919
[runtime-day-wait] day=1920 env_day=1920 missing=0x100 economy_input=1920
[runtime-day-wait] day=1921 env_day=1921 missing=0x100 economy_input=1921
[runtime-day-wait] day=1922 env_day=1922 missing=0x100 economy_input=1922
[runtime-day-wait] day=1923 env_day=1923 missing=0x100 economy_input=1923
[runtime-day-wait] day=1924 env_day=1924 missing=0x100 economy_input=1924
[runtime-day-wait] day=1925 env_day=1925 missing=0x100 economy_input=1925
[runtime-day-wait] day=1926 env_day=1926 missing=0x100 economy_input=1926
[runtime-day-wait] day=1927 env_day=1927 missing=0x100 economy_input=1927
[runtime-day-wait] day=1928 env_day=1928 missing=0x100 economy_input=1928
[runtime-day-wait] day=1929 env_day=1929 missing=0x100 economy_input=1929
[runtime-day-wait] day=1930 env_day=1930 missing=0x100 economy_input=1930
[runtime-day-wait] day=1931 env_day=1931 missing=0x100 economy_input=1931
[runtime-day-wait] day=1932 env_day=1932 missing=0x100 economy_input=1932
[runtime-day-wait] day=1933 env_day=1933 missing=0x100 economy_input=1933
[runtime-day-wait] day=1934 env_day=1934 missing=0x100 economy_input=1934
[runtime-day-wait] day=1935 env_day=1935 missing=0x100 economy_input=1935
[runtime-day-wait] day=1936 env_day=1936 missing=0x100 economy_input=1936
[runtime-day-wait] day=1937 env_day=1937 missing=0x100 economy_input=1937
[runtime-day-wait] day=1938 env_day=1938 missing=0x100 economy_input=1938
[runtime-day-wait] day=1939 env_day=1939 missing=0x100 economy_input=1939
[runtime-day-wait] day=1940 env_day=1940 missing=0x100 economy_input=1940
[runtime-day-wait] day=1941 env_day=1941 missing=0x100 economy_input=1941
[runtime-day-wait] day=1942 env_day=1942 missing=0x100 economy_input=1942
[runtime-day-wait] day=1943 env_day=1943 missing=0x100 economy_input=1943
[clock/step] delta=6.9ms speed=50x target=0.34d cap=8.00d/f cost=0.62ms ran=0 pulse=0.00ms loop=0.00ms full=0.23ms carry=0.67 barrier=
[runtime-day-wait] day=1944 env_day=1944 missing=0x100 economy_input=1944
[runtime-day-wait] day=1945 env_day=1945 missing=0x100 economy_input=1945
[runtime-day-wait] day=1946 env_day=1946 missing=0x100 economy_input=1946
[runtime-day-wait] day=1947 env_day=1947 missing=0x100 economy_input=1947
[runtime-day-wait] day=1948 env_day=1948 missing=0x100 economy_input=1948
[runtime-day-wait] day=1949 env_day=1949 missing=0x100 economy_input=1949
[runtime-day-wait] day=1950 env_day=1950 missing=0x100 economy_input=1950
[runtime-day-wait] day=1951 env_day=1951 missing=0x100 economy_input=1951
[runtime-day-wait] day=1952 env_day=1952 missing=0x100 economy_input=1952
[runtime-day-wait] day=1953 env_day=1953 missing=0x100 economy_input=1953
[runtime-day-wait] day=1954 env_day=1954 missing=0x100 economy_input=1954
[runtime-day-wait] day=1955 env_day=1955 missing=0x100 economy_input=1955
[runtime-day-wait] day=1956 env_day=1956 missing=0x100 economy_input=1956
[runtime-day-wait] day=1957 env_day=1957 missing=0x100 economy_input=1957
[runtime-day-wait] day=1958 env_day=1958 missing=0x100 economy_input=1958
[runtime-day-wait] day=1959 env_day=1959 missing=0x100 economy_input=1959
[runtime-day-wait] day=1960 env_day=1960 missing=0x100 economy_input=1960
[runtime-day-wait] day=1961 env_day=1961 missing=0x100 economy_input=1961
[runtime-day-wait] day=1962 env_day=1962 missing=0x100 economy_input=1962
[runtime-day-wait] day=1963 env_day=1963 missing=0x100 economy_input=1963
[runtime-day-wait] day=1964 env_day=1964 missing=0x100 economy_input=1964
[runtime-day-wait] day=1965 env_day=1965 missing=0x100 economy_input=1965
[runtime-day-wait] day=1966 env_day=1966 missing=0x100 economy_input=1966
[runtime-day-wait] day=1967 env_day=1967 missing=0x100 economy_input=1967
[runtime-day-wait] day=1968 env_day=1968 missing=0x100 economy_input=1968
[runtime-day-wait] day=1969 env_day=1969 missing=0x100 economy_input=1969
[runtime-day-wait] day=1970 env_day=1970 missing=0x100 economy_input=1970
[clock/step] delta=6.9ms speed=50x target=0.34d cap=8.00d/f cost=0.69ms ran=0 pulse=0.09ms loop=0.00ms full=0.37ms carry=0.25 barrier=climate_input_capacity_day_barrier
[runtime-day-wait] day=1971 env_day=1971 missing=0x100 economy_input=1971
[runtime-day-wait] day=1972 env_day=1972 missing=0x100 economy_input=1972
[runtime-day-wait] day=1973 env_day=1973 missing=0x100 economy_input=1973
[runtime-day-wait] day=1974 env_day=1974 missing=0x100 economy_input=1974
[runtime-day-wait] day=1975 env_day=1975 missing=0x100 economy_input=1975
[runtime-day-wait] day=1976 env_day=1976 missing=0x100 economy_input=1976
[runtime-day-wait] day=1977 env_day=1977 missing=0x100 economy_input=1977
[runtime-day-wait] day=1978 env_day=1978 missing=0x100 economy_input=1978
[runtime-day-wait] day=1979 env_day=1979 missing=0x100 economy_input=1979
[runtime-day-wait] day=1980 env_day=1980 missing=0x100 economy_input=1980
[runtime-day-wait] day=1981 env_day=1981 missing=0x100 economy_input=1981
[runtime-day-wait] day=1982 env_day=1982 missing=0x100 economy_input=1982
[runtime-day-wait] day=1983 env_day=1983 missing=0x100 economy_input=1983
[runtime-day-wait] day=1984 env_day=1984 missing=0x100 economy_input=1984
[runtime-day-wait] day=1985 env_day=1985 missing=0x100 economy_input=1985
[runtime-day-wait] day=1986 env_day=1986 missing=0x100 economy_input=1986
[runtime-day-wait] day=1987 env_day=1987 missing=0x100 economy_input=1987
[runtime-day-wait] day=1988 env_day=1988 missing=0x100 economy_input=1988
[runtime-day-wait] day=1989 env_day=1989 missing=0x100 economy_input=1989
[runtime-day-wait] day=1990 env_day=1990 missing=0x100 economy_input=1990
[runtime-day-wait] day=1991 env_day=1991 missing=0x100 economy_input=1991
[runtime-day-wait] day=1992 env_day=1992 missing=0x100 economy_input=1992
[runtime-day-wait] day=1993 env_day=1993 missing=0x100 economy_input=1993
[runtime-day-wait] day=1994 env_day=1994 missing=0x100 economy_input=1994
[runtime-day-wait] day=1995 env_day=1995 missing=0x100 economy_input=1995
[runtime-day-wait] day=1996 env_day=1996 missing=0x100 economy_input=1996
[runtime-day-wait] day=1997 env_day=1997 missing=0x100 economy_input=1997
[clock/step] delta=6.9ms speed=50x target=0.34d cap=8.00d/f cost=0.44ms ran=0 pulse=0.00ms loop=0.00ms full=0.27ms carry=0.45 barrier=
[runtime-day-wait] day=1998 env_day=1998 missing=0x100 economy_input=1998
[runtime-day-wait] day=1999 env_day=1999 missing=0x100 economy_input=1999
[economy-prelude-cost] day=2000 ms=0.035 pending=1
[runtime-day-cost] day=2000 ok=0 ms=3.072
[runtime-day-wait] day=2000 env_day=2000 missing=0x100 economy_input=2000
[economy-prelude-cost] day=2000 ms=0.009 pending=1
[runtime-day-cost] day=2000 ok=0 ms=0.101
[economy-prelude-cost] day=2000 ms=0.019 pending=1
[runtime-day-cost] day=2000 ok=0 ms=0.141
[economy-open-finish] day=2000 country=0.517 workset=0.021 fiscal=0.031 csr=0.004 recovery=0.001 vectors=0.212 audit=0.418 commands=0.001
[economy-prelude-cost] day=2000 ms=1.478 pending=0
[economy-boundary-cost] day=2000 formulas_ms=6.767 stages_ms=5.282 mirror_ms=8.952
[runtime-day-cost] day=2000 ok=1 ms=15.932
[runtime-day-wait] day=2001 env_day=2001 missing=0x100 economy_input=2001
[runtime-day-wait] day=2002 env_day=2002 missing=0x100 economy_input=2002
[runtime-day-wait] day=2003 env_day=2003 missing=0x100 economy_input=2003
[runtime-day-wait] day=2004 env_day=2004 missing=0x100 economy_input=2004
[runtime-day-wait] day=2005 env_day=2005 missing=0x100 economy_input=2005
[runtime-day-wait] day=2006 env_day=2006 missing=0x100 economy_input=2006
[runtime-day-wait] day=2007 env_day=2007 missing=0x100 economy_input=2007
[runtime-day-wait] day=2008 env_day=2008 missing=0x100 economy_input=2008
[runtime-day-wait] day=2009 env_day=2009 missing=0x100 economy_input=2009
[runtime-day-wait] day=2010 env_day=2010 missing=0x100 economy_input=2010
[runtime-day-wait] day=2011 env_day=2011 missing=0x100 economy_input=2011
[runtime-day-wait] day=2012 env_day=2012 missing=0x100 economy_input=2012
[runtime-day-wait] day=2013 env_day=2013 missing=0x100 economy_input=2013
[runtime-day-wait] day=2014 env_day=2014 missing=0x100 economy_input=2014
[runtime-day-wait] day=2015 env_day=2015 missing=0x100 economy_input=2015
[runtime-day-wait] day=2016 env_day=2016 missing=0x100 economy_input=2016
[runtime-day-wait] day=2017 env_day=2017 missing=0x100 economy_input=2017
[runtime-day-wait] day=2018 env_day=2018 missing=0x100 economy_input=2018
[runtime-day-wait] day=2019 env_day=2019 missing=0x100 economy_input=2019
[runtime-day-wait] day=2020 env_day=2020 missing=0x100 economy_input=2020
[runtime-day-wait] day=2021 env_day=2021 missing=0x100 economy_input=2021
[runtime-day-wait] day=2022 env_day=2022 missing=0x100 economy_input=2022
[runtime-day-wait] day=2023 env_day=2023 missing=0x100 economy_input=2023
[runtime-day-wait] day=2024 env_day=2024 missing=0x100 economy_input=2024
[runtime-day-wait] day=2025 env_day=2025 missing=0x100 economy_input=2025
[runtime-day-wait] day=2026 env_day=2026 missing=0x100 economy_input=2026
[clock/step] delta=6.9ms speed=50x target=0.34d cap=8.00d/f cost=0.50ms ran=0 pulse=0.00ms loop=0.00ms full=0.34ms carry=0.42 barrier=
[runtime-day-wait] day=2027 env_day=2027 missing=0x100 economy_input=2027
[runtime-day-wait] day=2028 env_day=2028 missing=0x100 economy_input=2028
[runtime-day-wait] day=2029 env_day=2029 missing=0x100 economy_input=2029
[runtime-day-wait] day=2030 env_day=2030 missing=0x100 economy_input=2030
[runtime-day-wait] day=2031 env_day=2031 missing=0x100 economy_input=2031
[runtime-day-wait] day=2032 env_day=2032 missing=0x100 economy_input=2032
[runtime-day-wait] day=2033 env_day=2033 missing=0x100 economy_input=2033
[runtime-day-wait] day=2034 env_day=2034 missing=0x100 economy_input=2034
[runtime-day-wait] day=2035 env_day=2035 missing=0x100 economy_input=2035
[runtime-day-wait] day=2036 env_day=2036 missing=0x100 economy_input=2036
[runtime-day-wait] day=2037 env_day=2037 missing=0x100 economy_input=2037
[runtime-day-wait] day=2038 env_day=2038 missing=0x100 economy_input=2038
[runtime-day-wait] day=2039 env_day=2039 missing=0x100 economy_input=2039
[runtime-day-wait] day=2040 env_day=2040 missing=0x100 economy_input=2040
[runtime-day-wait] day=2041 env_day=2041 missing=0x100 economy_input=2041
[runtime-day-wait] day=2042 env_day=2042 missing=0x100 economy_input=2042
[runtime-day-wait] day=2043 env_day=2043 missing=0x100 economy_input=2043
[runtime-day-wait] day=2044 env_day=2044 missing=0x100 economy_input=2044
[runtime-day-wait] day=2045 env_day=2045 missing=0x100 economy_input=2045
[runtime-day-wait] day=2046 env_day=2046 missing=0x100 economy_input=2046
[runtime-day-wait] day=2047 env_day=2047 missing=0x100 economy_input=2047
[runtime-day-wait] day=2048 env_day=2048 missing=0x100 economy_input=2048
[runtime-day-wait] day=2049 env_day=2049 missing=0x100 economy_input=2049
[runtime-day-wait] day=2050 env_day=2050 missing=0x100 economy_input=2050
[runtime-day-wait] day=2051 env_day=2051 missing=0x100 economy_input=2051
[runtime-day-wait] day=2052 env_day=2052 missing=0x100 economy_input=2052
[runtime-day-wait] day=2053 env_day=2053 missing=0x100 economy_input=2053
[runtime-day-wait] day=2054 env_day=2054 missing=0x100 economy_input=2054
[runtime-day-wait] day=2055 env_day=2055 missing=0x100 economy_input=2055
[clock/step] delta=6.9ms speed=50x target=0.34d cap=8.00d/f cost=0.52ms ran=0 pulse=0.43ms loop=0.00ms full=0.76ms carry=0.04 barrier=climate_input_capacity_day_barrier
[runtime-day-wait] day=2056 env_day=2056 missing=0x100 economy_input=2056
[runtime-day-wait] day=2057 env_day=2057 missing=0x100 economy_input=2057
[runtime-day-wait] day=2058 env_day=2058 missing=0x100 economy_input=2058
[runtime-day-wait] day=2059 env_day=2059 missing=0x100 economy_input=2059
[runtime-day-wait] day=2060 env_day=2060 missing=0x100 economy_input=2060
[runtime-day-wait] day=2061 env_day=2061 missing=0x100 economy_input=2061
[runtime-day-wait] day=2062 env_day=2062 missing=0x100 economy_input=2062
[runtime-day-wait] day=2063 env_day=2063 missing=0x100 economy_input=2063
[runtime-day-wait] day=2064 env_day=2064 missing=0x100 economy_input=2064
[runtime-day-wait] day=2065 env_day=2065 missing=0x100 economy_input=2065
[runtime-day-wait] day=2066 env_day=2066 missing=0x100 economy_input=2066
[runtime-day-wait] day=2067 env_day=2067 missing=0x100 economy_input=2067
[runtime-day-wait] day=2068 env_day=2068 missing=0x100 economy_input=2068
[runtime-day-wait] day=2069 env_day=2069 missing=0x100 economy_input=2069
[runtime-day-wait] day=2070 env_day=2070 missing=0x100 economy_input=2070
[runtime-day-wait] day=2071 env_day=2071 missing=0x100 economy_input=2071
[runtime-day-wait] day=2072 env_day=2072 missing=0x100 economy_input=2072
[runtime-day-wait] day=2073 env_day=2073 missing=0x100 economy_input=2073
[runtime-day-wait] day=2074 env_day=2074 missing=0x100 economy_input=2074
[runtime-day-wait] day=2075 env_day=2075 missing=0x100 economy_input=2075
[runtime-day-wait] day=2076 env_day=2076 missing=0x100 economy_input=2076
[runtime-day-wait] day=2077 env_day=2077 missing=0x100 economy_input=2077
[runtime-day-wait] day=2078 env_day=2078 missing=0x100 economy_input=2078
[runtime-day-wait] day=2079 env_day=2079 missing=0x100 economy_input=2079
[runtime-day-wait] day=2080 env_day=2080 missing=0x100 economy_input=2080
[runtime-day-wait] day=2081 env_day=2081 missing=0x100 economy_input=2081
[clock/step] delta=6.9ms speed=50x target=0.35d cap=8.00d/f cost=0.48ms ran=0 pulse=0.00ms loop=0.00ms full=0.56ms carry=0.77 barrier=
[runtime-day-wait] day=2082 env_day=2082 missing=0x100 economy_input=2082
[runtime-day-wait] day=2083 env_day=2083 missing=0x100 economy_input=2083
[runtime-day-wait] day=2084 env_day=2084 missing=0x100 economy_input=2084
[runtime-day-wait] day=2085 env_day=2085 missing=0x100 economy_input=2085
[runtime-day-wait] day=2086 env_day=2086 missing=0x100 economy_input=2086
[runtime-day-wait] day=2087 env_day=2087 missing=0x100 economy_input=2087
[runtime-day-wait] day=2088 env_day=2088 missing=0x100 economy_input=2088
[runtime-day-wait] day=2089 env_day=2089 missing=0x100 economy_input=2089
[runtime-day-wait] day=2090 env_day=2090 missing=0x100 economy_input=2090
[runtime-day-wait] day=2091 env_day=2091 missing=0x100 economy_input=2091
[runtime-day-wait] day=2092 env_day=2092 missing=0x100 economy_input=2092
[runtime-day-wait] day=2093 env_day=2093 missing=0x100 economy_input=2093
[runtime-day-wait] day=2094 env_day=2094 missing=0x100 economy_input=2094
[runtime-day-wait] day=2095 env_day=2095 missing=0x100 economy_input=2095
[runtime-day-wait] day=2096 env_day=2096 missing=0x100 economy_input=2096
[runtime-day-wait] day=2097 env_day=2097 missing=0x100 economy_input=2097
[runtime-day-wait] day=2098 env_day=2098 missing=0x100 economy_input=2098
[runtime-day-wait] day=2099 env_day=2099 missing=0x100 economy_input=2099
[economy-prelude-cost] day=2100 ms=0.059 pending=1
[runtime-day-cost] day=2100 ok=0 ms=4.386
[runtime-day-wait] day=2100 env_day=2100 missing=0x100 economy_input=2100
[economy-prelude-cost] day=2100 ms=0.017 pending=1
[runtime-day-cost] day=2100 ok=0 ms=0.159
[economy-prelude-cost] day=2100 ms=0.013 pending=1
[runtime-day-cost] day=2100 ok=0 ms=0.124
[economy-open-finish] day=2100 country=0.366 workset=0.019 fiscal=0.029 csr=0.005 recovery=0.001 vectors=0.217 audit=0.491 commands=0.000
[economy-prelude-cost] day=2100 ms=1.409 pending=0
[economy-boundary-cost] day=2100 formulas_ms=7.738 stages_ms=6.321 mirror_ms=10.723
[runtime-day-cost] day=2100 ok=1 ms=18.588
[runtime-day-wait] day=2101 env_day=2101 missing=0x100 economy_input=2101
[runtime-day-wait] day=2102 env_day=2102 missing=0x100 economy_input=2102
[runtime-day-wait] day=2103 env_day=2103 missing=0x100 economy_input=2103
[runtime-day-wait] day=2104 env_day=2104 missing=0x100 economy_input=2104
[runtime-day-wait] day=2105 env_day=2105 missing=0x100 economy_input=2105
[runtime-day-wait] day=2106 env_day=2106 missing=0x100 economy_input=2106
[runtime-day-wait] day=2107 env_day=2107 missing=0x100 economy_input=2107
[runtime-day-wait] day=2108 env_day=2108 missing=0x100 economy_input=2108
[runtime-day-wait] day=2109 env_day=2109 missing=0x100 economy_input=2109
[clock/step] delta=6.9ms speed=50x target=0.34d cap=8.00d/f cost=0.51ms ran=0 pulse=0.00ms loop=0.00ms full=0.38ms carry=0.74 barrier=
[runtime-day-wait] day=2110 env_day=2110 missing=0x100 economy_input=2110
[runtime-day-wait] day=2111 env_day=2111 missing=0x100 economy_input=2111
[runtime-day-wait] day=2112 env_day=2112 missing=0x100 economy_input=2112
[runtime-day-wait] day=2113 env_day=2113 missing=0x100 economy_input=2113
[runtime-day-wait] day=2114 env_day=2114 missing=0x100 economy_input=2114
[runtime-day-wait] day=2115 env_day=2115 missing=0x100 economy_input=2115
[runtime-day-wait] day=2116 env_day=2116 missing=0x100 economy_input=2116
[runtime-day-wait] day=2117 env_day=2117 missing=0x100 economy_input=2117
[runtime-day-wait] day=2118 env_day=2118 missing=0x100 economy_input=2118
[runtime-day-wait] day=2119 env_day=2119 missing=0x100 economy_input=2119
[runtime-day-wait] day=2120 env_day=2120 missing=0x100 economy_input=2120
[runtime-day-wait] day=2121 env_day=2121 missing=0x100 economy_input=2121
[runtime-day-wait] day=2122 env_day=2122 missing=0x100 economy_input=2122
[runtime-day-wait] day=2123 env_day=2123 missing=0x100 economy_input=2123
[runtime-day-wait] day=2124 env_day=2124 missing=0x100 economy_input=2124
[runtime-day-wait] day=2125 env_day=2125 missing=0x100 economy_input=2125
[runtime-day-wait] day=2126 env_day=2126 missing=0x100 economy_input=2126
[runtime-day-wait] day=2127 env_day=2127 missing=0x100 economy_input=2127
[runtime-day-wait] day=2128 env_day=2128 missing=0x100 economy_input=2128
[runtime-day-wait] day=2129 env_day=2129 missing=0x100 economy_input=2129
[runtime-day-wait] day=2130 env_day=2130 missing=0x100 economy_input=2130
[runtime-day-wait] day=2131 env_day=2131 missing=0x100 economy_input=2131
[runtime-day-wait] day=2132 env_day=2132 missing=0x100 economy_input=2132
[runtime-day-wait] day=2133 env_day=2133 missing=0x100 economy_input=2133
[runtime-day-wait] day=2134 env_day=2134 missing=0x100 economy_input=2134
[runtime-day-wait] day=2135 env_day=2135 missing=0x100 economy_input=2135
[runtime-day-wait] day=2136 env_day=2136 missing=0x100 economy_input=2136
[runtime-day-wait] day=2137 env_day=2137 missing=0x100 economy_input=2137
[clock/step] delta=6.9ms speed=50x target=0.34d cap=8.00d/f cost=0.49ms ran=0 pulse=0.09ms loop=0.00ms full=0.66ms carry=0.01 barrier=climate_input_capacity_day_barrier
[runtime-day-wait] day=2138 env_day=2138 missing=0x100 economy_input=2138
[runtime-day-wait] day=2139 env_day=2139 missing=0x100 economy_input=2139
[runtime-day-wait] day=2140 env_day=2140 missing=0x100 economy_input=2140
[runtime-day-wait] day=2141 env_day=2141 missing=0x100 economy_input=2141
[runtime-day-wait] day=2142 env_day=2142 missing=0x100 economy_input=2142
[runtime-day-wait] day=2143 env_day=2143 missing=0x100 economy_input=2143
[runtime-day-wait] day=2144 env_day=2144 missing=0x100 economy_input=2144
[runtime-day-wait] day=2145 env_day=2145 missing=0x100 economy_input=2145
[runtime-day-wait] day=2146 env_day=2146 missing=0x100 economy_input=2146
[runtime-day-wait] day=2147 env_day=2147 missing=0x100 economy_input=2147
[runtime-day-wait] day=2148 env_day=2148 missing=0x100 economy_input=2148
[runtime-day-wait] day=2149 env_day=2149 missing=0x100 economy_input=2149
[runtime-day-wait] day=2150 env_day=2150 missing=0x100 economy_input=2150
[runtime-day-wait] day=2151 env_day=2151 missing=0x100 economy_input=2151
[runtime-day-wait] day=2152 env_day=2152 missing=0x100 economy_input=2152
[runtime-day-wait] day=2153 env_day=2153 missing=0x100 economy_input=2153
[runtime-day-wait] day=2154 env_day=2154 missing=0x100 economy_input=2154
[runtime-day-wait] day=2155 env_day=2155 missing=0x100 economy_input=2155
[runtime-day-wait] day=2156 env_day=2156 missing=0x100 economy_input=2156
[runtime-day-wait] day=2157 env_day=2157 missing=0x100 economy_input=2157
[runtime-day-wait] day=2158 env_day=2158 missing=0x100 economy_input=2158
[runtime-day-wait] day=2159 env_day=2159 missing=0x100 economy_input=2159
[runtime-day-wait] day=2160 env_day=2160 missing=0x100 economy_input=2160
[runtime-day-wait] day=2161 env_day=2161 missing=0x100 economy_input=2161
[runtime-day-wait] day=2162 env_day=2162 missing=0x100 economy_input=2162
[runtime-day-wait] day=2163 env_day=2163 missing=0x100 economy_input=2163
[runtime-day-wait] day=2164 env_day=2164 missing=0x100 economy_input=2164
[runtime-day-wait] day=2165 env_day=2165 missing=0x100 economy_input=2165
[clock/step] delta=6.9ms speed=50x target=0.34d cap=8.00d/f cost=0.49ms ran=0 pulse=0.47ms loop=0.00ms full=0.81ms carry=0.25 barrier=climate_input_capacity_day_barrier
[runtime-day-wait] day=2166 env_day=2166 missing=0x100 economy_input=2166
[runtime-day-wait] day=2167 env_day=2167 missing=0x100 economy_input=2167
[runtime-day-wait] day=2168 env_day=2168 missing=0x100 economy_input=2168
[runtime-day-wait] day=2169 env_day=2169 missing=0x100 economy_input=2169
[runtime-day-wait] day=2170 env_day=2170 missing=0x100 economy_input=2170
[runtime-day-wait] day=2171 env_day=2171 missing=0x100 economy_input=2171
[runtime-day-wait] day=2172 env_day=2172 missing=0x100 economy_input=2172
[runtime-day-wait] day=2173 env_day=2173 missing=0x100 economy_input=2173
[runtime-day-wait] day=2174 env_day=2174 missing=0x100 economy_input=2174
[runtime-day-wait] day=2175 env_day=2175 missing=0x100 economy_input=2175
[runtime-day-wait] day=2176 env_day=2176 missing=0x100 economy_input=2176
[runtime-day-wait] day=2177 env_day=2177 missing=0x100 economy_input=2177
[runtime-day-wait] day=2178 env_day=2178 missing=0x100 economy_input=2178
[runtime-day-wait] day=2179 env_day=2179 missing=0x100 economy_input=2179
[runtime-day-wait] day=2180 env_day=2180 missing=0x100 economy_input=2180
[runtime-day-wait] day=2181 env_day=2181 missing=0x100 economy_input=2181
[runtime-day-wait] day=2182 env_day=2182 missing=0x100 economy_input=2182
[runtime-day-wait] day=2183 env_day=2183 missing=0x100 economy_input=2183
[runtime-day-wait] day=2184 env_day=2184 missing=0x100 economy_input=2184
[runtime-day-wait] day=2185 env_day=2185 missing=0x100 economy_input=2185
[runtime-day-wait] day=2186 env_day=2186 missing=0x100 economy_input=2186
[runtime-day-wait] day=2187 env_day=2187 missing=0x100 economy_input=2187
[runtime-day-wait] day=2188 env_day=2188 missing=0x100 economy_input=2188
[runtime-day-wait] day=2189 env_day=2189 missing=0x100 economy_input=2189
[runtime-day-wait] day=2190 env_day=2190 missing=0x100 economy_input=2190
[runtime-day-wait] day=2191 env_day=2191 missing=0x100 economy_input=2191
[runtime-day-wait] day=2192 env_day=2192 missing=0x100 economy_input=2192
[runtime-day-wait] day=2193 env_day=2193 missing=0x100 economy_input=2193
[runtime-day-wait] day=2194 env_day=2194 missing=0x100 economy_input=2194
[runtime-day-wait] day=2195 env_day=2195 missing=0x100 economy_input=2195
[runtime-day-wait] day=2196 env_day=2196 missing=0x100 economy_input=2196
[runtime-day-wait] day=2197 env_day=2197 missing=0x100 economy_input=2197
[runtime-day-wait] day=2198 env_day=2198 missing=0x100 economy_input=2198
[runtime-day-wait] day=2199 env_day=2199 missing=0x100 economy_input=2199
[economy-prelude-cost] day=2200 ms=0.085 pending=1
[runtime-day-cost] day=2200 ok=0 ms=4.851
[runtime-day-wait] day=2200 env_day=2200 missing=0x100 economy_input=2200
[economy-prelude-cost] day=2200 ms=0.025 pending=1
[runtime-day-cost] day=2200 ok=0 ms=0.350
[economy-prelude-cost] day=2200 ms=0.028 pending=1
[runtime-day-cost] day=2200 ok=0 ms=0.265
[economy-open-finish] day=2200 country=0.679 workset=0.030 fiscal=0.078 csr=0.004 recovery=0.001 vectors=0.492 audit=0.731 commands=0.001
[economy-prelude-cost] day=2200 ms=2.521 pending=0
[economy-boundary-cost] day=2200 formulas_ms=11.029 stages_ms=8.483 mirror_ms=11.300
[runtime-day-cost] day=2200 ok=1 ms=22.534
[runtime-day-wait] day=2201 env_day=2201 missing=0x100 economy_input=2201
[runtime-day-wait] day=2202 env_day=2202 missing=0x100 economy_input=2202
[runtime-day-wait] day=2203 env_day=2203 missing=0x100 economy_input=2203
[runtime-day-wait] day=2204 env_day=2204 missing=0x100 economy_input=2204
[runtime-day-wait] day=2205 env_day=2205 missing=0x100 economy_input=2205
[runtime-day-wait] day=2206 env_day=2206 missing=0x100 economy_input=2206
[clock/step] delta=6.9ms speed=50x target=0.34d cap=8.00d/f cost=0.60ms ran=1 pulse=0.00ms loop=0.30ms full=0.44ms carry=0.27 barrier=climate_input_capacity_day_barrier
[runtime-day-wait] day=2207 env_day=2207 missing=0x100 economy_input=2207
[runtime-day-wait] day=2208 env_day=2208 missing=0x100 economy_input=2208
[runtime-day-wait] day=2209 env_day=2209 missing=0x100 economy_input=2209
[runtime-day-wait] day=2210 env_day=2210 missing=0x100 economy_input=2210
[runtime-day-wait] day=2211 env_day=2211 missing=0x100 economy_input=2211
[runtime-day-wait] day=2212 env_day=2212 missing=0x100 economy_input=2212
[runtime-day-wait] day=2213 env_day=2213 missing=0x100 economy_input=2213
[runtime-day-wait] day=2214 env_day=2214 missing=0x100 economy_input=2214
[runtime-day-wait] day=2215 env_day=2215 missing=0x100 economy_input=2215
[runtime-day-wait] day=2216 env_day=2216 missing=0x100 economy_input=2216
[runtime-day-wait] day=2217 env_day=2217 missing=0x100 economy_input=2217
[runtime-day-wait] day=2218 env_day=2218 missing=0x100 economy_input=2218
[runtime-day-wait] day=2219 env_day=2219 missing=0x100 economy_input=2219
[runtime-day-wait] day=2220 env_day=2220 missing=0x100 economy_input=2220
[runtime-day-wait] day=2221 env_day=2221 missing=0x100 economy_input=2221
[runtime-day-wait] day=2222 env_day=2222 missing=0x100 economy_input=2222
[runtime-day-wait] day=2223 env_day=2223 missing=0x100 economy_input=2223
[runtime-day-wait] day=2224 env_day=2224 missing=0x100 economy_input=2224
[runtime-day-wait] day=2225 env_day=2225 missing=0x100 economy_input=2225
[runtime-day-wait] day=2226 env_day=2226 missing=0x100 economy_input=2226
[runtime-day-wait] day=2227 env_day=2227 missing=0x100 economy_input=2227
[runtime-day-wait] day=2228 env_day=2228 missing=0x100 economy_input=2228
[runtime-day-wait] day=2229 env_day=2229 missing=0x100 economy_input=2229
[runtime-day-wait] day=2230 env_day=2230 missing=0x100 economy_input=2230
[runtime-day-wait] day=2231 env_day=2231 missing=0x100 economy_input=2231
[runtime-day-wait] day=2232 env_day=2232 missing=0x100 economy_input=2232
[runtime-day-wait] day=2233 env_day=2233 missing=0x100 economy_input=2233
[clock/step] delta=6.9ms speed=50x target=0.34d cap=8.00d/f cost=0.44ms ran=0 pulse=0.07ms loop=0.00ms full=0.26ms carry=0.17 barrier=climate_input_capacity_day_barrier
[runtime-day-wait] day=2234 env_day=2234 missing=0x100 economy_input=2234
[runtime-day-wait] day=2235 env_day=2235 missing=0x100 economy_input=2235
[runtime-day-wait] day=2236 env_day=2236 missing=0x100 economy_input=2236
[runtime-day-wait] day=2237 env_day=2237 missing=0x100 economy_input=2237
[runtime-day-wait] day=2238 env_day=2238 missing=0x100 economy_input=2238
[runtime-day-wait] day=2239 env_day=2239 missing=0x100 economy_input=2239
[runtime-day-wait] day=2240 env_day=2240 missing=0x100 economy_input=2240
[runtime-day-wait] day=2241 env_day=2241 missing=0x100 economy_input=2241
[runtime-day-wait] day=2242 env_day=2242 missing=0x100 economy_input=2242
[runtime-day-wait] day=2243 env_day=2243 missing=0x100 economy_input=2243
[runtime-day-wait] day=2244 env_day=2244 missing=0x100 economy_input=2244
[runtime-day-wait] day=2245 env_day=2245 missing=0x100 economy_input=2245
[runtime-day-wait] day=2246 env_day=2246 missing=0x100 economy_input=2246
[runtime-day-wait] day=2247 env_day=2247 missing=0x100 economy_input=2247
[runtime-day-wait] day=2248 env_day=2248 missing=0x100 economy_input=2248
[runtime-day-wait] day=2249 env_day=2249 missing=0x100 economy_input=2249
[runtime-day-wait] day=2250 env_day=2250 missing=0x100 economy_input=2250
[runtime-day-wait] day=2251 env_day=2251 missing=0x100 economy_input=2251
[runtime-day-wait] day=2252 env_day=2252 missing=0x100 economy_input=2252
[runtime-day-wait] day=2253 env_day=2253 missing=0x100 economy_input=2253
[runtime-day-wait] day=2254 env_day=2254 missing=0x100 economy_input=2254
[runtime-day-wait] day=2255 env_day=2255 missing=0x100 economy_input=2255
[runtime-day-wait] day=2256 env_day=2256 missing=0x100 economy_input=2256
[runtime-day-wait] day=2257 env_day=2257 missing=0x100 economy_input=2257
[runtime-day-wait] day=2258 env_day=2258 missing=0x100 economy_input=2258
[runtime-day-wait] day=2259 env_day=2259 missing=0x100 economy_input=2259
[runtime-day-wait] day=2260 env_day=2260 missing=0x100 economy_input=2260
[runtime-day-wait] day=2261 env_day=2261 missing=0x100 economy_input=2261
[runtime-day-wait] day=2262 env_day=2262 missing=0x100 economy_input=2262
[runtime-day-wait] day=2263 env_day=2263 missing=0x100 economy_input=2263
[clock/step] delta=6.9ms speed=50x target=0.34d cap=8.00d/f cost=0.37ms ran=1 pulse=0.00ms loop=0.39ms full=0.54ms carry=0.17 barrier=climate_input_capacity_day_barrier
[runtime-day-wait] day=2264 env_day=2264 missing=0x100 economy_input=2264
[runtime-day-wait] day=2265 env_day=2265 missing=0x100 economy_input=2265
[runtime-day-wait] day=2266 env_day=2266 missing=0x100 economy_input=2266
[runtime-day-wait] day=2267 env_day=2267 missing=0x100 economy_input=2267
[runtime-day-wait] day=2268 env_day=2268 missing=0x100 economy_input=2268
[runtime-day-wait] day=2269 env_day=2269 missing=0x100 economy_input=2269
[runtime-day-wait] day=2270 env_day=2270 missing=0x100 economy_input=2270
[runtime-day-wait] day=2271 env_day=2271 missing=0x100 economy_input=2271
[runtime-day-wait] day=2272 env_day=2272 missing=0x100 economy_input=2272
[runtime-day-wait] day=2273 env_day=2273 missing=0x100 economy_input=2273
[runtime-day-wait] day=2274 env_day=2274 missing=0x100 economy_input=2274
[runtime-day-wait] day=2275 env_day=2275 missing=0x100 economy_input=2275
[runtime-day-wait] day=2276 env_day=2276 missing=0x100 economy_input=2276
[runtime-day-wait] day=2277 env_day=2277 missing=0x100 economy_input=2277
[runtime-day-wait] day=2278 env_day=2278 missing=0x100 economy_input=2278
[runtime-day-wait] day=2279 env_day=2279 missing=0x100 economy_input=2279
[runtime-day-wait] day=2280 env_day=2280 missing=0x100 economy_input=2280
[runtime-day-wait] day=2281 env_day=2281 missing=0x100 economy_input=2281
[runtime-day-wait] day=2282 env_day=2282 missing=0x100 economy_input=2282
[runtime-day-wait] day=2283 env_day=2283 missing=0x100 economy_input=2283
[runtime-day-wait] day=2284 env_day=2284 missing=0x100 economy_input=2284
[runtime-day-wait] day=2285 env_day=2285 missing=0x100 economy_input=2285
[runtime-day-wait] day=2286 env_day=2286 missing=0x100 economy_input=2286
[runtime-day-wait] day=2287 env_day=2287 missing=0x100 economy_input=2287
[runtime-day-wait] day=2288 env_day=2288 missing=0x100 economy_input=2288
[runtime-day-wait] day=2289 env_day=2289 missing=0x100 economy_input=2289
[clock/step] delta=6.9ms speed=50x target=0.34d cap=8.00d/f cost=0.56ms ran=0 pulse=0.11ms loop=0.00ms full=0.55ms carry=0.03 barrier=climate_input_capacity_day_barrier
[runtime-day-wait] day=2290 env_day=2290 missing=0x100 economy_input=2290
[runtime-day-wait] day=2291 env_day=2291 missing=0x100 economy_input=2291
[runtime-day-wait] day=2292 env_day=2292 missing=0x100 economy_input=2292
[runtime-day-wait] day=2293 env_day=2293 missing=0x100 economy_input=2293
[runtime-day-wait] day=2294 env_day=2294 missing=0x100 economy_input=2294
[runtime-day-wait] day=2295 env_day=2295 missing=0x100 economy_input=2295
[runtime-day-wait] day=2296 env_day=2296 missing=0x100 economy_input=2296
[runtime-day-wait] day=2297 env_day=2297 missing=0x100 economy_input=2297
[runtime-day-wait] day=2298 env_day=2298 missing=0x100 economy_input=2298
[runtime-day-wait] day=2299 env_day=2299 missing=0x100 economy_input=2299
[economy-prelude-cost] day=2300 ms=0.040 pending=1
[runtime-day-cost] day=2300 ok=0 ms=3.898
[runtime-day-wait] day=2300 env_day=2300 missing=0x100 economy_input=2300
[economy-prelude-cost] day=2300 ms=0.008 pending=1
[runtime-day-cost] day=2300 ok=0 ms=0.098
[economy-open-finish] day=2300 country=0.607 workset=0.035 fiscal=0.072 csr=0.004 recovery=0.001 vectors=0.423 audit=0.765 commands=0.001
[economy-prelude-cost] day=2300 ms=2.372 pending=0
[economy-boundary-cost] day=2300 formulas_ms=8.142 stages_ms=5.760 mirror_ms=9.475
[runtime-day-cost] day=2300 ok=1 ms=17.794
[runtime-day-wait] day=2301 env_day=2301 missing=0x100 economy_input=2301
[runtime-day-wait] day=2302 env_day=2302 missing=0x100 economy_input=2302
[runtime-day-wait] day=2303 env_day=2303 missing=0x100 economy_input=2303
[runtime-day-wait] day=2304 env_day=2304 missing=0x100 economy_input=2304
[runtime-day-wait] day=2305 env_day=2305 missing=0x100 economy_input=2305
[runtime-day-wait] day=2306 env_day=2306 missing=0x100 economy_input=2306
[runtime-day-wait] day=2307 env_day=2307 missing=0x100 economy_input=2307
[runtime-day-wait] day=2308 env_day=2308 missing=0x100 economy_input=2308
[runtime-day-wait] day=2309 env_day=2309 missing=0x100 economy_input=2309
[runtime-day-wait] day=2310 env_day=2310 missing=0x100 economy_input=2310
[runtime-day-wait] day=2311 env_day=2311 missing=0x100 economy_input=2311
[runtime-day-wait] day=2312 env_day=2312 missing=0x100 economy_input=2312
[runtime-day-wait] day=2313 env_day=2313 missing=0x100 economy_input=2313
[runtime-day-wait] day=2314 env_day=2314 missing=0x100 economy_input=2314
[runtime-day-wait] day=2315 env_day=2315 missing=0x100 economy_input=2315
[clock/step] delta=6.9ms speed=50x target=0.34d cap=8.00d/f cost=0.51ms ran=0 pulse=0.00ms loop=0.00ms full=0.32ms carry=0.89 barrier=
[runtime-day-wait] day=2316 env_day=2316 missing=0x100 economy_input=2316
[runtime-day-wait] day=2317 env_day=2317 missing=0x100 economy_input=2317
[runtime-day-wait] day=2318 env_day=2318 missing=0x100 economy_input=2318
[runtime-day-wait] day=2319 env_day=2319 missing=0x100 economy_input=2319
[runtime-day-wait] day=2320 env_day=2320 missing=0x100 economy_input=2320
[runtime-day-wait] day=2321 env_day=2321 missing=0x100 economy_input=2321
[runtime-day-wait] day=2322 env_day=2322 missing=0x100 economy_input=2322
[runtime-day-wait] day=2323 env_day=2323 missing=0x100 economy_input=2323
[runtime-day-wait] day=2324 env_day=2324 missing=0x100 economy_input=2324
[runtime-day-wait] day=2325 env_day=2325 missing=0x100 economy_input=2325
[runtime-day-wait] day=2326 env_day=2326 missing=0x100 economy_input=2326
[runtime-day-wait] day=2327 env_day=2327 missing=0x100 economy_input=2327
[runtime-day-wait] day=2328 env_day=2328 missing=0x100 economy_input=2328
[runtime-day-wait] day=2329 env_day=2329 missing=0x100 economy_input=2329
[runtime-day-wait] day=2330 env_day=2330 missing=0x100 economy_input=2330
[runtime-day-wait] day=2331 env_day=2331 missing=0x100 economy_input=2331
[runtime-day-wait] day=2332 env_day=2332 missing=0x100 economy_input=2332
[runtime-day-wait] day=2333 env_day=2333 missing=0x100 economy_input=2333
[runtime-day-wait] day=2334 env_day=2334 missing=0x100 economy_input=2334
[runtime-day-wait] day=2335 env_day=2335 missing=0x100 economy_input=2335
[runtime-day-wait] day=2336 env_day=2336 missing=0x100 economy_input=2336
[runtime-day-wait] day=2337 env_day=2337 missing=0x100 economy_input=2337
[runtime-day-wait] day=2338 env_day=2338 missing=0x100 economy_input=2338
[runtime-day-wait] day=2339 env_day=2339 missing=0x100 economy_input=2339
[runtime-day-wait] day=2340 env_day=2340 missing=0x100 economy_input=2340
[runtime-day-wait] day=2341 env_day=2341 missing=0x100 economy_input=2341
[clock/step] delta=6.9ms speed=50x target=0.34d cap=8.00d/f cost=0.45ms ran=0 pulse=0.09ms loop=0.00ms full=0.44ms carry=0.10 barrier=climate_input_capacity_day_barrier
[runtime-day-wait] day=2342 env_day=2342 missing=0x100 economy_input=2342
[runtime-day-wait] day=2343 env_day=2343 missing=0x100 economy_input=2343
[runtime-day-wait] day=2344 env_day=2344 missing=0x100 economy_input=2344
[runtime-day-wait] day=2345 env_day=2345 missing=0x100 economy_input=2345
[runtime-day-wait] day=2346 env_day=2346 missing=0x100 economy_input=2346
[runtime-day-wait] day=2347 env_day=2347 missing=0x100 economy_input=2347
[runtime-day-wait] day=2348 env_day=2348 missing=0x100 economy_input=2348
[runtime-day-wait] day=2349 env_day=2349 missing=0x100 economy_input=2349
[runtime-day-wait] day=2350 env_day=2350 missing=0x100 economy_input=2350
[runtime-day-wait] day=2351 env_day=2351 missing=0x100 economy_input=2351
[runtime-day-wait] day=2352 env_day=2352 missing=0x100 economy_input=2352
[runtime-day-wait] day=2353 env_day=2353 missing=0x100 economy_input=2353
[runtime-day-wait] day=2354 env_day=2354 missing=0x100 economy_input=2354
[runtime-day-wait] day=2355 env_day=2355 missing=0x100 economy_input=2355
[runtime-day-wait] day=2356 env_day=2356 missing=0x100 economy_input=2356
[runtime-day-wait] day=2357 env_day=2357 missing=0x100 economy_input=2357
[runtime-day-wait] day=2358 env_day=2358 missing=0x100 economy_input=2358
[runtime-day-wait] day=2359 env_day=2359 missing=0x100 economy_input=2359
[runtime-day-wait] day=2360 env_day=2360 missing=0x100 economy_input=2360
[runtime-day-wait] day=2361 env_day=2361 missing=0x100 economy_input=2361
[runtime-day-wait] day=2362 env_day=2362 missing=0x100 economy_input=2362
[runtime-day-wait] day=2363 env_day=2363 missing=0x100 economy_input=2363
[runtime-day-wait] day=2364 env_day=2364 missing=0x100 economy_input=2364
[runtime-day-wait] day=2365 env_day=2365 missing=0x100 economy_input=2365
[runtime-day-wait] day=2366 env_day=2366 missing=0x100 economy_input=2366
[runtime-day-wait] day=2367 env_day=2367 missing=0x100 economy_input=2367
[runtime-day-wait] day=2368 env_day=2368 missing=0x100 economy_input=2368
[runtime-day-wait] day=2369 env_day=2369 missing=0x100 economy_input=2369
[runtime-day-wait] day=2370 env_day=2370 missing=0x100 economy_input=2370
[clock/step] delta=6.9ms speed=50x target=0.34d cap=8.00d/f cost=0.82ms ran=0 pulse=0.00ms loop=0.00ms full=0.30ms carry=0.72 barrier=
[runtime-day-wait] day=2371 env_day=2371 missing=0x100 economy_input=2371
[runtime-day-wait] day=2372 env_day=2372 missing=0x100 economy_input=2372
[runtime-day-wait] day=2373 env_day=2373 missing=0x100 economy_input=2373
[runtime-day-wait] day=2374 env_day=2374 missing=0x100 economy_input=2374
[runtime-day-wait] day=2375 env_day=2375 missing=0x100 economy_input=2375
[runtime-day-wait] day=2376 env_day=2376 missing=0x100 economy_input=2376
[runtime-day-wait] day=2377 env_day=2377 missing=0x100 economy_input=2377
[runtime-day-wait] day=2378 env_day=2378 missing=0x100 economy_input=2378
[runtime-day-wait] day=2379 env_day=2379 missing=0x100 economy_input=2379
[runtime-day-wait] day=2380 env_day=2380 missing=0x100 economy_input=2380
[runtime-day-wait] day=2381 env_day=2381 missing=0x100 economy_input=2381
[runtime-day-wait] day=2382 env_day=2382 missing=0x100 economy_input=2382
[runtime-day-wait] day=2383 env_day=2383 missing=0x100 economy_input=2383
[runtime-day-wait] day=2384 env_day=2384 missing=0x100 economy_input=2384
[runtime-day-wait] day=2385 env_day=2385 missing=0x100 economy_input=2385
[runtime-day-wait] day=2386 env_day=2386 missing=0x100 economy_input=2386
[runtime-day-wait] day=2387 env_day=2387 missing=0x100 economy_input=2387
[runtime-day-wait] day=2388 env_day=2388 missing=0x100 economy_input=2388
[runtime-day-wait] day=2389 env_day=2389 missing=0x100 economy_input=2389
[runtime-day-wait] day=2390 env_day=2390 missing=0x100 economy_input=2390
[runtime-day-wait] day=2391 env_day=2391 missing=0x100 economy_input=2391
[runtime-day-wait] day=2392 env_day=2392 missing=0x100 economy_input=2392
[runtime-day-wait] day=2393 env_day=2393 missing=0x100 economy_input=2393
[runtime-day-wait] day=2394 env_day=2394 missing=0x100 economy_input=2394
[runtime-day-wait] day=2395 env_day=2395 missing=0x100 economy_input=2395
[runtime-day-wait] day=2396 env_day=2396 missing=0x100 economy_input=2396
[runtime-day-wait] day=2397 env_day=2397 missing=0x100 economy_input=2397
[runtime-day-wait] day=2398 env_day=2398 missing=0x100 economy_input=2398
[runtime-day-wait] day=2399 env_day=2399 missing=0x100 economy_input=2399
[clock/step] delta=6.9ms speed=50x target=0.34d cap=8.00d/f cost=0.60ms ran=0 pulse=0.20ms loop=0.00ms full=0.63ms carry=0.02 barrier=climate_input_capacity_day_barrier
[economy-prelude-cost] day=2400 ms=0.037 pending=1
[runtime-day-cost] day=2400 ok=0 ms=3.036
[runtime-day-wait] day=2400 env_day=2400 missing=0x100 economy_input=2400
[economy-prelude-cost] day=2400 ms=0.008 pending=1
[runtime-day-cost] day=2400 ok=0 ms=0.104
[economy-open-finish] day=2400 country=0.326 workset=0.022 fiscal=0.031 csr=0.004 recovery=0.001 vectors=0.214 audit=0.420 commands=0.000
[economy-prelude-cost] day=2400 ms=1.274 pending=0
[economy-boundary-cost] day=2400 formulas_ms=6.016 stages_ms=4.735 mirror_ms=9.435
[runtime-day-cost] day=2400 ok=1 ms=15.575
[runtime-day-wait] day=2401 env_day=2401 missing=0x100 economy_input=2401
[runtime-day-wait] day=2402 env_day=2402 missing=0x100 economy_input=2402
[runtime-day-wait] day=2403 env_day=2403 missing=0x100 economy_input=2403
[runtime-day-wait] day=2404 env_day=2404 missing=0x100 economy_input=2404
[runtime-day-wait] day=2405 env_day=2405 missing=0x100 economy_input=2405
[runtime-day-wait] day=2406 env_day=2406 missing=0x100 economy_input=2406
[runtime-day-wait] day=2407 env_day=2407 missing=0x100 economy_input=2407
[runtime-day-wait] day=2408 env_day=2408 missing=0x100 economy_input=2408
[runtime-day-wait] day=2409 env_day=2409 missing=0x100 economy_input=2409
[runtime-day-wait] day=2410 env_day=2410 missing=0x100 economy_input=2410
[runtime-day-wait] day=2411 env_day=2411 missing=0x100 economy_input=2411
[runtime-day-wait] day=2412 env_day=2412 missing=0x100 economy_input=2412
[runtime-day-wait] day=2413 env_day=2413 missing=0x100 economy_input=2413
[runtime-day-wait] day=2414 env_day=2414 missing=0x100 economy_input=2414
[runtime-day-wait] day=2415 env_day=2415 missing=0x100 economy_input=2415
[runtime-day-wait] day=2416 env_day=2416 missing=0x100 economy_input=2416
[runtime-day-wait] day=2417 env_day=2417 missing=0x100 economy_input=2417
[runtime-day-wait] day=2418 env_day=2418 missing=0x100 economy_input=2418
[runtime-day-wait] day=2419 env_day=2419 missing=0x100 economy_input=2419
[runtime-day-wait] day=2420 env_day=2420 missing=0x100 economy_input=2420
[runtime-day-wait] day=2421 env_day=2421 missing=0x100 economy_input=2421
[runtime-day-wait] day=2422 env_day=2422 missing=0x100 economy_input=2422
[runtime-day-wait] day=2423 env_day=2423 missing=0x100 economy_input=2423
[runtime-day-wait] day=2424 env_day=2424 missing=0x100 economy_input=2424
[runtime-day-wait] day=2425 env_day=2425 missing=0x100 economy_input=2425
[runtime-day-wait] day=2426 env_day=2426 missing=0x100 economy_input=2426
[runtime-day-wait] day=2427 env_day=2427 missing=0x100 economy_input=2427
[runtime-day-wait] day=2428 env_day=2428 missing=0x100 economy_input=2428
[runtime-day-wait] day=2429 env_day=2429 missing=0x100 economy_input=2429
[runtime-day-wait] day=2430 env_day=2430 missing=0x100 economy_input=2430
[clock/step] delta=6.9ms speed=50x target=0.34d cap=8.00d/f cost=0.53ms ran=0 pulse=0.00ms loop=0.00ms full=0.19ms carry=0.37 barrier=
[runtime-day-wait] day=2431 env_day=2431 missing=0x100 economy_input=2431
[runtime-day-wait] day=2432 env_day=2432 missing=0x100 economy_input=2432
[runtime-day-wait] day=2433 env_day=2433 missing=0x100 economy_input=2433
[runtime-day-wait] day=2434 env_day=2434 missing=0x100 economy_input=2434
[runtime-day-wait] day=2435 env_day=2435 missing=0x100 economy_input=2435
[runtime-day-wait] day=2436 env_day=2436 missing=0x100 economy_input=2436
[runtime-day-wait] day=2437 env_day=2437 missing=0x100 economy_input=2437
[runtime-day-wait] day=2438 env_day=2438 missing=0x100 economy_input=2438
[runtime-day-wait] day=2439 env_day=2439 missing=0x100 economy_input=2439
[runtime-day-wait] day=2440 env_day=2440 missing=0x100 economy_input=2440
[runtime-day-wait] day=2441 env_day=2441 missing=0x100 economy_input=2441
[runtime-day-wait] day=2442 env_day=2442 missing=0x100 economy_input=2442
[runtime-day-wait] day=2443 env_day=2443 missing=0x100 economy_input=2443
[runtime-day-wait] day=2444 env_day=2444 missing=0x100 economy_input=2444
[runtime-day-wait] day=2445 env_day=2445 missing=0x100 economy_input=2445
[runtime-day-wait] day=2446 env_day=2446 missing=0x100 economy_input=2446
[runtime-day-wait] day=2447 env_day=2447 missing=0x100 economy_input=2447
[runtime-day-wait] day=2448 env_day=2448 missing=0x100 economy_input=2448
[runtime-day-wait] day=2449 env_day=2449 missing=0x100 economy_input=2449
[runtime-day-wait] day=2450 env_day=2450 missing=0x100 economy_input=2450
[runtime-day-wait] day=2451 env_day=2451 missing=0x100 economy_input=2451
[runtime-day-wait] day=2452 env_day=2452 missing=0x100 economy_input=2452
[runtime-day-wait] day=2453 env_day=2453 missing=0x100 economy_input=2453
[runtime-day-wait] day=2454 env_day=2454 missing=0x100 economy_input=2454
[runtime-day-wait] day=2455 env_day=2455 missing=0x100 economy_input=2455
[runtime-day-wait] day=2456 env_day=2456 missing=0x100 economy_input=2456
[runtime-day-wait] day=2457 env_day=2457 missing=0x100 economy_input=2457
[clock/step] delta=6.9ms speed=50x target=0.34d cap=8.00d/f cost=0.45ms ran=0 pulse=0.10ms loop=0.00ms full=0.40ms carry=0.29 barrier=climate_input_capacity_day_barrier
[runtime-day-wait] day=2458 env_day=2458 missing=0x100 economy_input=2458
[runtime-day-wait] day=2459 env_day=2459 missing=0x100 economy_input=2459
[runtime-day-wait] day=2460 env_day=2460 missing=0x100 economy_input=2460
[runtime-day-wait] day=2461 env_day=2461 missing=0x100 economy_input=2461
[runtime-day-wait] day=2462 env_day=2462 missing=0x100 economy_input=2462
[runtime-day-wait] day=2463 env_day=2463 missing=0x100 economy_input=2463
[runtime-day-wait] day=2464 env_day=2464 missing=0x100 economy_input=2464
[runtime-day-wait] day=2465 env_day=2465 missing=0x100 economy_input=2465
[runtime-day-wait] day=2466 env_day=2466 missing=0x100 economy_input=2466
[runtime-day-wait] day=2467 env_day=2467 missing=0x100 economy_input=2467
[runtime-day-wait] day=2468 env_day=2468 missing=0x100 economy_input=2468
[runtime-day-wait] day=2469 env_day=2469 missing=0x100 economy_input=2469
[runtime-day-wait] day=2470 env_day=2470 missing=0x100 economy_input=2470
[runtime-day-wait] day=2471 env_day=2471 missing=0x100 economy_input=2471
[runtime-day-wait] day=2472 env_day=2472 missing=0x100 economy_input=2472
[runtime-day-wait] day=2473 env_day=2473 missing=0x100 economy_input=2473
[runtime-day-wait] day=2474 env_day=2474 missing=0x100 economy_input=2474
[runtime-day-wait] day=2475 env_day=2475 missing=0x100 economy_input=2475
[runtime-day-wait] day=2476 env_day=2476 missing=0x100 economy_input=2476
[runtime-day-wait] day=2477 env_day=2477 missing=0x100 economy_input=2477
[runtime-day-wait] day=2478 env_day=2478 missing=0x100 economy_input=2478
[runtime-day-wait] day=2479 env_day=2479 missing=0x100 economy_input=2479
[runtime-day-wait] day=2480 env_day=2480 missing=0x100 economy_input=2480
[runtime-day-wait] day=2481 env_day=2481 missing=0x100 economy_input=2481
[runtime-day-wait] day=2482 env_day=2482 missing=0x100 economy_input=2482
[runtime-day-wait] day=2483 env_day=2483 missing=0x100 economy_input=2483
[runtime-day-wait] day=2484 env_day=2484 missing=0x100 economy_input=2484
[runtime-day-wait] day=2485 env_day=2485 missing=0x100 economy_input=2485
[runtime-day-wait] day=2486 env_day=2486 missing=0x100 economy_input=2486
[runtime-day-wait] day=2487 env_day=2487 missing=0x100 economy_input=2487
[clock/step] delta=6.9ms speed=50x target=0.34d cap=8.00d/f cost=0.95ms ran=0 pulse=0.40ms loop=0.00ms full=0.67ms carry=0.26 barrier=climate_input_capacity_day_barrier
[runtime-day-wait] day=2488 env_day=2488 missing=0x100 economy_input=2488
[runtime-day-wait] day=2489 env_day=2489 missing=0x100 economy_input=2489
[runtime-day-wait] day=2490 env_day=2490 missing=0x100 economy_input=2490
[runtime-day-wait] day=2491 env_day=2491 missing=0x100 economy_input=2491
[runtime-day-wait] day=2492 env_day=2492 missing=0x100 economy_input=2492
[runtime-day-wait] day=2493 env_day=2493 missing=0x100 economy_input=2493
[runtime-day-wait] day=2494 env_day=2494 missing=0x100 economy_input=2494
[runtime-day-wait] day=2495 env_day=2495 missing=0x100 economy_input=2495
[runtime-day-wait] day=2496 env_day=2496 missing=0x100 economy_input=2496
[runtime-day-wait] day=2497 env_day=2497 missing=0x100 economy_input=2497
[runtime-day-wait] day=2498 env_day=2498 missing=0x100 economy_input=2498
[runtime-day-wait] day=2499 env_day=2499 missing=0x100 economy_input=2499
[economy-prelude-cost] day=2500 ms=0.038 pending=1
[runtime-day-cost] day=2500 ok=0 ms=3.506
[runtime-day-wait] day=2500 env_day=2500 missing=0x100 economy_input=2500
[economy-prelude-cost] day=2500 ms=0.008 pending=1
[runtime-day-cost] day=2500 ok=0 ms=0.096
[economy-open-finish] day=2500 country=0.329 workset=0.020 fiscal=0.027 csr=0.004 recovery=0.001 vectors=0.216 audit=0.417 commands=0.000
[economy-prelude-cost] day=2500 ms=1.266 pending=0
[economy-boundary-cost] day=2500 formulas_ms=5.746 stages_ms=4.473 mirror_ms=8.206
[runtime-day-cost] day=2500 ok=1 ms=14.080
[runtime-day-wait] day=2501 env_day=2501 missing=0x100 economy_input=2501
[runtime-day-wait] day=2502 env_day=2502 missing=0x100 economy_input=2502
[runtime-day-wait] day=2503 env_day=2503 missing=0x100 economy_input=2503
[runtime-day-wait] day=2504 env_day=2504 missing=0x100 economy_input=2504
[runtime-day-wait] day=2505 env_day=2505 missing=0x100 economy_input=2505
[runtime-day-wait] day=2506 env_day=2506 missing=0x100 economy_input=2506
[runtime-day-wait] day=2507 env_day=2507 missing=0x100 economy_input=2507
[runtime-day-wait] day=2508 env_day=2508 missing=0x100 economy_input=2508
[runtime-day-wait] day=2509 env_day=2509 missing=0x100 economy_input=2509
[runtime-day-wait] day=2510 env_day=2510 missing=0x100 economy_input=2510
[runtime-day-wait] day=2511 env_day=2511 missing=0x100 economy_input=2511
[runtime-day-wait] day=2512 env_day=2512 missing=0x100 economy_input=2512
[runtime-day-wait] day=2513 env_day=2513 missing=0x100 economy_input=2513
[runtime-day-wait] day=2514 env_day=2514 missing=0x100 economy_input=2514
[runtime-day-wait] day=2515 env_day=2515 missing=0x100 economy_input=2515
[runtime-day-wait] day=2516 env_day=2516 missing=0x100 economy_input=2516
[runtime-day-wait] day=2517 env_day=2517 missing=0x100 economy_input=2517
[clock/step] delta=6.9ms speed=50x target=0.34d cap=7.46d/f cost=1.07ms ran=0 pulse=0.00ms loop=0.00ms full=0.23ms carry=0.94 barrier=
[runtime-day-wait] day=2518 env_day=2518 missing=0x100 economy_input=2518
[runtime-day-wait] day=2519 env_day=2519 missing=0x100 economy_input=2519
[runtime-day-wait] day=2520 env_day=2520 missing=0x100 economy_input=2520
[runtime-day-wait] day=2521 env_day=2521 missing=0x100 economy_input=2521
[runtime-day-wait] day=2522 env_day=2522 missing=0x100 economy_input=2522
[runtime-day-wait] day=2523 env_day=2523 missing=0x100 economy_input=2523
[runtime-day-wait] day=2524 env_day=2524 missing=0x100 economy_input=2524
[runtime-day-wait] day=2525 env_day=2525 missing=0x100 economy_input=2525
[runtime-day-wait] day=2526 env_day=2526 missing=0x100 economy_input=2526
[runtime-day-wait] day=2527 env_day=2527 missing=0x100 economy_input=2527
[runtime-day-wait] day=2528 env_day=2528 missing=0x100 economy_input=2528
[runtime-day-wait] day=2529 env_day=2529 missing=0x100 economy_input=2529
[runtime-day-wait] day=2530 env_day=2530 missing=0x100 economy_input=2530
[runtime-day-wait] day=2531 env_day=2531 missing=0x100 economy_input=2531
[runtime-day-wait] day=2532 env_day=2532 missing=0x100 economy_input=2532
[runtime-day-wait] day=2533 env_day=2533 missing=0x100 economy_input=2533
[runtime-day-wait] day=2534 env_day=2534 missing=0x100 economy_input=2534
[runtime-day-wait] day=2535 env_day=2535 missing=0x100 economy_input=2535
[runtime-day-wait] day=2536 env_day=2536 missing=0x100 economy_input=2536
[runtime-day-wait] day=2537 env_day=2537 missing=0x100 economy_input=2537
[runtime-day-wait] day=2538 env_day=2538 missing=0x100 economy_input=2538
[runtime-day-wait] day=2539 env_day=2539 missing=0x100 economy_input=2539
[runtime-day-wait] day=2540 env_day=2540 missing=0x100 economy_input=2540
[runtime-day-wait] day=2541 env_day=2541 missing=0x100 economy_input=2541
[runtime-day-wait] day=2542 env_day=2542 missing=0x100 economy_input=2542
[runtime-day-wait] day=2543 env_day=2543 missing=0x100 economy_input=2543
[runtime-day-wait] day=2544 env_day=2544 missing=0x100 economy_input=2544
[runtime-day-wait] day=2545 env_day=2545 missing=0x100 economy_input=2545
[clock/step] delta=6.9ms speed=50x target=0.34d cap=8.00d/f cost=0.49ms ran=1 pulse=0.00ms loop=0.47ms full=0.87ms carry=0.22 barrier=climate_input_capacity_day_barrier
[runtime-day-wait] day=2546 env_day=2546 missing=0x100 economy_input=2546
[runtime-day-wait] day=2547 env_day=2547 missing=0x100 economy_input=2547
[runtime-day-wait] day=2548 env_day=2548 missing=0x100 economy_input=2548
[runtime-day-wait] day=2549 env_day=2549 missing=0x100 economy_input=2549
[runtime-day-wait] day=2550 env_day=2550 missing=0x100 economy_input=2550
[runtime-day-wait] day=2551 env_day=2551 missing=0x100 economy_input=2551
[runtime-day-wait] day=2552 env_day=2552 missing=0x100 economy_input=2552
[runtime-day-wait] day=2553 env_day=2553 missing=0x100 economy_input=2553
[runtime-day-wait] day=2554 env_day=2554 missing=0x100 economy_input=2554
[runtime-day-wait] day=2555 env_day=2555 missing=0x100 economy_input=2555
[runtime-day-wait] day=2556 env_day=2556 missing=0x100 economy_input=2556
[runtime-day-wait] day=2557 env_day=2557 missing=0x100 economy_input=2557
[runtime-day-wait] day=2558 env_day=2558 missing=0x100 economy_input=2558
[runtime-day-wait] day=2559 env_day=2559 missing=0x100 economy_input=2559
[runtime-day-wait] day=2560 env_day=2560 missing=0x100 economy_input=2560
[runtime-day-wait] day=2561 env_day=2561 missing=0x100 economy_input=2561
[runtime-day-wait] day=2562 env_day=2562 missing=0x100 economy_input=2562
[runtime-day-wait] day=2563 env_day=2563 missing=0x100 economy_input=2563
[runtime-day-wait] day=2564 env_day=2564 missing=0x100 economy_input=2564
[runtime-day-wait] day=2565 env_day=2565 missing=0x100 economy_input=2565
[runtime-day-wait] day=2566 env_day=2566 missing=0x100 economy_input=2566
[runtime-day-wait] day=2567 env_day=2567 missing=0x100 economy_input=2567
[runtime-day-wait] day=2568 env_day=2568 missing=0x100 economy_input=2568
[clock/step] delta=6.7ms speed=50x target=0.33d cap=8.00d/f cost=0.73ms ran=0 pulse=0.00ms loop=0.00ms full=0.28ms carry=0.76 barrier=
[runtime-day-wait] day=2569 env_day=2569 missing=0x100 economy_input=2569
[runtime-day-wait] day=2570 env_day=2570 missing=0x100 economy_input=2570
[runtime-day-wait] day=2571 env_day=2571 missing=0x100 economy_input=2571
[runtime-day-wait] day=2572 env_day=2572 missing=0x100 economy_input=2572
[runtime-day-wait] day=2573 env_day=2573 missing=0x100 economy_input=2573
[runtime-day-wait] day=2574 env_day=2574 missing=0x100 economy_input=2574
[runtime-day-wait] day=2575 env_day=2575 missing=0x100 economy_input=2575
[runtime-day-wait] day=2576 env_day=2576 missing=0x100 economy_input=2576
[runtime-day-wait] day=2577 env_day=2577 missing=0x100 economy_input=2577
[runtime-day-wait] day=2578 env_day=2578 missing=0x100 economy_input=2578
[runtime-day-wait] day=2579 env_day=2579 missing=0x100 economy_input=2579
[runtime-day-wait] day=2580 env_day=2580 missing=0x100 economy_input=2580
[runtime-day-wait] day=2581 env_day=2581 missing=0x100 economy_input=2581
[runtime-day-wait] day=2582 env_day=2582 missing=0x100 economy_input=2582
[runtime-day-wait] day=2583 env_day=2583 missing=0x100 economy_input=2583
[runtime-day-wait] day=2584 env_day=2584 missing=0x100 economy_input=2584
[runtime-day-wait] day=2585 env_day=2585 missing=0x100 economy_input=2585
[runtime-day-wait] day=2586 env_day=2586 missing=0x100 economy_input=2586
[runtime-day-wait] day=2587 env_day=2587 missing=0x100 economy_input=2587
[runtime-day-wait] day=2588 env_day=2588 missing=0x100 economy_input=2588
[runtime-day-wait] day=2589 env_day=2589 missing=0x100 economy_input=2589
[runtime-day-wait] day=2590 env_day=2590 missing=0x100 economy_input=2590
[runtime-day-wait] day=2591 env_day=2591 missing=0x100 economy_input=2591
[runtime-day-wait] day=2592 env_day=2592 missing=0x100 economy_input=2592
[runtime-day-wait] day=2593 env_day=2593 missing=0x100 economy_input=2593
[runtime-day-wait] day=2594 env_day=2594 missing=0x100 economy_input=2594
[runtime-day-wait] day=2595 env_day=2595 missing=0x100 economy_input=2595
[runtime-day-wait] day=2596 env_day=2596 missing=0x100 economy_input=2596
[runtime-day-wait] day=2597 env_day=2597 missing=0x100 economy_input=2597
[clock/step] delta=6.9ms speed=50x target=0.34d cap=8.00d/f cost=0.48ms ran=0 pulse=0.00ms loop=0.00ms full=0.24ms carry=0.36 barrier=
[runtime-day-wait] day=2598 env_day=2598 missing=0x100 economy_input=2598
[runtime-day-wait] day=2599 env_day=2599 missing=0x100 economy_input=2599
[economy-prelude-cost] day=2600 ms=0.049 pending=1
[runtime-day-cost] day=2600 ok=0 ms=3.216
[runtime-day-wait] day=2600 env_day=2600 missing=0x100 economy_input=2600
[economy-prelude-cost] day=2600 ms=0.009 pending=1
[runtime-day-cost] day=2600 ok=0 ms=0.106
[economy-open-finish] day=2600 country=0.347 workset=0.025 fiscal=0.038 csr=0.004 recovery=0.001 vectors=0.213 audit=0.448 commands=0.001
[economy-prelude-cost] day=2600 ms=1.402 pending=0
[economy-boundary-cost] day=2600 formulas_ms=6.718 stages_ms=5.308 mirror_ms=9.749
[runtime-day-cost] day=2600 ok=1 ms=16.600
[runtime-day-wait] day=2601 env_day=2601 missing=0x100 economy_input=2601
[runtime-day-wait] day=2602 env_day=2602 missing=0x100 economy_input=2602
[runtime-day-wait] day=2603 env_day=2603 missing=0x100 economy_input=2603
[runtime-day-wait] day=2604 env_day=2604 missing=0x100 economy_input=2604
[runtime-day-wait] day=2605 env_day=2605 missing=0x100 economy_input=2605
[runtime-day-wait] day=2606 env_day=2606 missing=0x100 economy_input=2606
[runtime-day-wait] day=2607 env_day=2607 missing=0x100 economy_input=2607
[runtime-day-wait] day=2608 env_day=2608 missing=0x100 economy_input=2608
[runtime-day-wait] day=2609 env_day=2609 missing=0x100 economy_input=2609
[runtime-day-wait] day=2610 env_day=2610 missing=0x100 economy_input=2610
[runtime-day-wait] day=2611 env_day=2611 missing=0x100 economy_input=2611
[runtime-day-wait] day=2612 env_day=2612 missing=0x100 economy_input=2612
[runtime-day-wait] day=2613 env_day=2613 missing=0x100 economy_input=2613
[runtime-day-wait] day=2614 env_day=2614 missing=0x100 economy_input=2614
[runtime-day-wait] day=2615 env_day=2615 missing=0x100 economy_input=2615
[runtime-day-wait] day=2616 env_day=2616 missing=0x100 economy_input=2616
[runtime-day-wait] day=2617 env_day=2617 missing=0x100 economy_input=2617
[runtime-day-wait] day=2618 env_day=2618 missing=0x100 economy_input=2618
[runtime-day-wait] day=2619 env_day=2619 missing=0x100 economy_input=2619
[runtime-day-wait] day=2620 env_day=2620 missing=0x100 economy_input=2620
[runtime-day-wait] day=2621 env_day=2621 missing=0x100 economy_input=2621
[runtime-day-wait] day=2622 env_day=2622 missing=0x100 economy_input=2622
[runtime-day-wait] day=2623 env_day=2623 missing=0x100 economy_input=2623
[runtime-day-wait] day=2624 env_day=2624 missing=0x100 economy_input=2624
[runtime-day-wait] day=2625 env_day=2625 missing=0x100 economy_input=2625
[runtime-day-wait] day=2626 env_day=2626 missing=0x100 economy_input=2626
[clock/step] delta=6.9ms speed=50x target=0.34d cap=8.00d/f cost=0.40ms ran=0 pulse=0.08ms loop=0.00ms full=0.36ms carry=0.02 barrier=climate_input_capacity_day_barrier
[runtime-day-wait] day=2627 env_day=2627 missing=0x100 economy_input=2627
[runtime-day-wait] day=2628 env_day=2628 missing=0x100 economy_input=2628
[runtime-day-wait] day=2629 env_day=2629 missing=0x100 economy_input=2629
[runtime-day-wait] day=2630 env_day=2630 missing=0x100 economy_input=2630
[runtime-day-wait] day=2631 env_day=2631 missing=0x100 economy_input=2631
[runtime-day-wait] day=2632 env_day=2632 missing=0x100 economy_input=2632
[runtime-day-wait] day=2633 env_day=2633 missing=0x100 economy_input=2633
[runtime-day-wait] day=2634 env_day=2634 missing=0x100 economy_input=2634
[runtime-day-wait] day=2635 env_day=2635 missing=0x100 economy_input=2635
[runtime-day-wait] day=2636 env_day=2636 missing=0x100 economy_input=2636
[runtime-day-wait] day=2637 env_day=2637 missing=0x100 economy_input=2637
[runtime-day-wait] day=2638 env_day=2638 missing=0x100 economy_input=2638
[runtime-day-wait] day=2639 env_day=2639 missing=0x100 economy_input=2639
[runtime-day-wait] day=2640 env_day=2640 missing=0x100 economy_input=2640
[runtime-day-wait] day=2641 env_day=2641 missing=0x100 economy_input=2641
[runtime-day-wait] day=2642 env_day=2642 missing=0x100 economy_input=2642
[runtime-day-wait] day=2643 env_day=2643 missing=0x100 economy_input=2643
[runtime-day-wait] day=2644 env_day=2644 missing=0x100 economy_input=2644
[runtime-day-wait] day=2645 env_day=2645 missing=0x100 economy_input=2645
[runtime-day-wait] day=2646 env_day=2646 missing=0x100 economy_input=2646
[runtime-day-wait] day=2647 env_day=2647 missing=0x100 economy_input=2647
[runtime-day-wait] day=2648 env_day=2648 missing=0x100 economy_input=2648
[runtime-day-wait] day=2649 env_day=2649 missing=0x100 economy_input=2649
[runtime-day-wait] day=2650 env_day=2650 missing=0x100 economy_input=2650
[runtime-day-wait] day=2651 env_day=2651 missing=0x100 economy_input=2651
[runtime-day-wait] day=2652 env_day=2652 missing=0x100 economy_input=2652
[runtime-day-wait] day=2653 env_day=2653 missing=0x100 economy_input=2653
[runtime-day-wait] day=2654 env_day=2654 missing=0x100 economy_input=2654
[runtime-day-wait] day=2655 env_day=2655 missing=0x100 economy_input=2655
[runtime-day-wait] day=2656 env_day=2656 missing=0x100 economy_input=2656
[clock/step] delta=6.9ms speed=50x target=0.34d cap=8.00d/f cost=0.43ms ran=0 pulse=0.07ms loop=0.00ms full=0.31ms carry=0.01 barrier=climate_input_capacity_day_barrier
[runtime-day-wait] day=2657 env_day=2657 missing=0x100 economy_input=2657
[runtime-day-wait] day=2658 env_day=2658 missing=0x100 economy_input=2658
[runtime-day-wait] day=2659 env_day=2659 missing=0x100 economy_input=2659
[runtime-day-wait] day=2660 env_day=2660 missing=0x100 economy_input=2660
[runtime-day-wait] day=2661 env_day=2661 missing=0x100 economy_input=2661
[runtime-day-wait] day=2662 env_day=2662 missing=0x100 economy_input=2662
[runtime-day-wait] day=2663 env_day=2663 missing=0x100 economy_input=2663
[runtime-day-wait] day=2664 env_day=2664 missing=0x100 economy_input=2664
[runtime-day-wait] day=2665 env_day=2665 missing=0x100 economy_input=2665
[runtime-day-wait] day=2666 env_day=2666 missing=0x100 economy_input=2666
[runtime-day-wait] day=2667 env_day=2667 missing=0x100 economy_input=2667
[runtime-day-wait] day=2668 env_day=2668 missing=0x100 economy_input=2668
[runtime-day-wait] day=2669 env_day=2669 missing=0x100 economy_input=2669
[runtime-day-wait] day=2670 env_day=2670 missing=0x100 economy_input=2670
[runtime-day-wait] day=2671 env_day=2671 missing=0x100 economy_input=2671
[runtime-day-wait] day=2672 env_day=2672 missing=0x100 economy_input=2672
[runtime-day-wait] day=2673 env_day=2673 missing=0x100 economy_input=2673
[runtime-day-wait] day=2674 env_day=2674 missing=0x100 economy_input=2674
[runtime-day-wait] day=2675 env_day=2675 missing=0x100 economy_input=2675
[runtime-day-wait] day=2676 env_day=2676 missing=0x100 economy_input=2676
[runtime-day-wait] day=2677 env_day=2677 missing=0x100 economy_input=2677
[runtime-day-wait] day=2678 env_day=2678 missing=0x100 economy_input=2678
[runtime-day-wait] day=2679 env_day=2679 missing=0x100 economy_input=2679
[runtime-day-wait] day=2680 env_day=2680 missing=0x100 economy_input=2680
[runtime-day-wait] day=2681 env_day=2681 missing=0x100 economy_input=2681
[runtime-day-wait] day=2682 env_day=2682 missing=0x100 economy_input=2682
[runtime-day-wait] day=2683 env_day=2683 missing=0x100 economy_input=2683
[runtime-day-wait] day=2684 env_day=2684 missing=0x100 economy_input=2684
[runtime-day-wait] day=2685 env_day=2685 missing=0x100 economy_input=2685
[clock/step] delta=6.9ms speed=50x target=0.34d cap=8.00d/f cost=0.53ms ran=0 pulse=0.46ms loop=0.00ms full=0.90ms carry=0.29 barrier=climate_input_capacity_day_barrier
[runtime-day-wait] day=2686 env_day=2686 missing=0x100 economy_input=2686
[runtime-day-wait] day=2687 env_day=2687 missing=0x100 economy_input=2687
[runtime-day-wait] day=2688 env_day=2688 missing=0x100 economy_input=2688
[runtime-day-wait] day=2689 env_day=2689 missing=0x100 economy_input=2689
[runtime-day-wait] day=2690 env_day=2690 missing=0x100 economy_input=2690
[runtime-day-wait] day=2691 env_day=2691 missing=0x100 economy_input=2691
[runtime-day-wait] day=2692 env_day=2692 missing=0x100 economy_input=2692
[runtime-day-wait] day=2693 env_day=2693 missing=0x100 economy_input=2693
[runtime-day-wait] day=2694 env_day=2694 missing=0x100 economy_input=2694
[runtime-day-wait] day=2695 env_day=2695 missing=0x100 economy_input=2695
[runtime-day-wait] day=2696 env_day=2696 missing=0x100 economy_input=2696
[runtime-day-wait] day=2697 env_day=2697 missing=0x100 economy_input=2697
[runtime-day-wait] day=2698 env_day=2698 missing=0x100 economy_input=2698
[runtime-day-wait] day=2699 env_day=2699 missing=0x100 economy_input=2699
[economy-prelude-cost] day=2700 ms=0.061 pending=1
[runtime-day-cost] day=2700 ok=0 ms=4.056
[runtime-day-wait] day=2700 env_day=2700 missing=0x100 economy_input=2700
[economy-prelude-cost] day=2700 ms=0.008 pending=1
[runtime-day-cost] day=2700 ok=0 ms=0.114
[economy-open-finish] day=2700 country=0.331 workset=0.021 fiscal=0.032 csr=0.004 recovery=0.001 vectors=0.213 audit=0.436 commands=0.000
[economy-prelude-cost] day=2700 ms=1.297 pending=0
[economy-boundary-cost] day=2700 formulas_ms=6.714 stages_ms=5.410 mirror_ms=8.803
[runtime-day-cost] day=2700 ok=1 ms=15.656
[runtime-day-wait] day=2701 env_day=2701 missing=0x100 economy_input=2701
[runtime-day-wait] day=2702 env_day=2702 missing=0x100 economy_input=2702
[runtime-day-wait] day=2703 env_day=2703 missing=0x100 economy_input=2703
[runtime-day-wait] day=2704 env_day=2704 missing=0x100 economy_input=2704
[runtime-day-wait] day=2705 env_day=2705 missing=0x100 economy_input=2705
[runtime-day-wait] day=2706 env_day=2706 missing=0x100 economy_input=2706
[runtime-day-wait] day=2707 env_day=2707 missing=0x100 economy_input=2707
[runtime-day-wait] day=2708 env_day=2708 missing=0x100 economy_input=2708
[runtime-day-wait] day=2709 env_day=2709 missing=0x100 economy_input=2709
[runtime-day-wait] day=2710 env_day=2710 missing=0x100 economy_input=2710
[runtime-day-wait] day=2711 env_day=2711 missing=0x100 economy_input=2711
[runtime-day-wait] day=2712 env_day=2712 missing=0x100 economy_input=2712
[runtime-day-wait] day=2713 env_day=2713 missing=0x100 economy_input=2713
[clock/step] delta=6.9ms speed=50x target=0.34d cap=8.00d/f cost=0.45ms ran=0 pulse=0.00ms loop=0.00ms full=0.53ms carry=0.56 barrier=
[runtime-day-wait] day=2714 env_day=2714 missing=0x100 economy_input=2714
[runtime-day-wait] day=2715 env_day=2715 missing=0x100 economy_input=2715
[runtime-day-wait] day=2716 env_day=2716 missing=0x100 economy_input=2716
[runtime-day-wait] day=2717 env_day=2717 missing=0x100 economy_input=2717
[runtime-day-wait] day=2718 env_day=2718 missing=0x100 economy_input=2718
[runtime-day-wait] day=2719 env_day=2719 missing=0x100 economy_input=2719
[runtime-day-wait] day=2720 env_day=2720 missing=0x100 economy_input=2720
[runtime-day-wait] day=2721 env_day=2721 missing=0x100 economy_input=2721
[runtime-day-wait] day=2722 env_day=2722 missing=0x100 economy_input=2722
[runtime-day-wait] day=2723 env_day=2723 missing=0x100 economy_input=2723
[runtime-day-wait] day=2724 env_day=2724 missing=0x100 economy_input=2724
[runtime-day-wait] day=2725 env_day=2725 missing=0x100 economy_input=2725
[runtime-day-wait] day=2726 env_day=2726 missing=0x100 economy_input=2726
[runtime-day-wait] day=2727 env_day=2727 missing=0x100 economy_input=2727
[runtime-day-wait] day=2728 env_day=2728 missing=0x100 economy_input=2728
[runtime-day-wait] day=2729 env_day=2729 missing=0x100 economy_input=2729
[runtime-day-wait] day=2730 env_day=2730 missing=0x100 economy_input=2730
[runtime-day-wait] day=2731 env_day=2731 missing=0x100 economy_input=2731
[runtime-day-wait] day=2732 env_day=2732 missing=0x100 economy_input=2732
[runtime-day-wait] day=2733 env_day=2733 missing=0x100 economy_input=2733
[runtime-day-wait] day=2734 env_day=2734 missing=0x100 economy_input=2734
[runtime-day-wait] day=2735 env_day=2735 missing=0x100 economy_input=2735
[runtime-day-wait] day=2736 env_day=2736 missing=0x100 economy_input=2736
[runtime-day-wait] day=2737 env_day=2737 missing=0x100 economy_input=2737
[runtime-day-wait] day=2738 env_day=2738 missing=0x100 economy_input=2738
[runtime-day-wait] day=2739 env_day=2739 missing=0x100 economy_input=2739
[runtime-day-wait] day=2740 env_day=2740 missing=0x100 economy_input=2740
[runtime-day-wait] day=2741 env_day=2741 missing=0x100 economy_input=2741
[runtime-day-wait] day=2742 env_day=2742 missing=0x100 economy_input=2742
[clock/step] delta=6.9ms speed=50x target=0.34d cap=8.00d/f cost=0.50ms ran=0 pulse=0.09ms loop=0.00ms full=0.43ms carry=0.21 barrier=climate_input_capacity_day_barrier
[runtime-day-wait] day=2743 env_day=2743 missing=0x100 economy_input=2743
[runtime-day-wait] day=2744 env_day=2744 missing=0x100 economy_input=2744
[runtime-day-wait] day=2745 env_day=2745 missing=0x100 economy_input=2745
[runtime-day-wait] day=2746 env_day=2746 missing=0x100 economy_input=2746
[runtime-day-wait] day=2747 env_day=2747 missing=0x100 economy_input=2747
[runtime-day-wait] day=2748 env_day=2748 missing=0x100 economy_input=2748
[runtime-day-wait] day=2749 env_day=2749 missing=0x100 economy_input=2749
[runtime-day-wait] day=2750 env_day=2750 missing=0x100 economy_input=2750
[runtime-day-wait] day=2751 env_day=2751 missing=0x100 economy_input=2751
[runtime-day-wait] day=2752 env_day=2752 missing=0x100 economy_input=2752
[runtime-day-wait] day=2753 env_day=2753 missing=0x100 economy_input=2753
[runtime-day-wait] day=2754 env_day=2754 missing=0x100 economy_input=2754
[runtime-day-wait] day=2755 env_day=2755 missing=0x100 economy_input=2755
[runtime-day-wait] day=2756 env_day=2756 missing=0x100 economy_input=2756
[runtime-day-wait] day=2757 env_day=2757 missing=0x100 economy_input=2757
[runtime-day-wait] day=2758 env_day=2758 missing=0x100 economy_input=2758
[runtime-day-wait] day=2759 env_day=2759 missing=0x100 economy_input=2759
[runtime-day-wait] day=2760 env_day=2760 missing=0x100 economy_input=2760
[runtime-day-wait] day=2761 env_day=2761 missing=0x100 economy_input=2761
[runtime-day-wait] day=2762 env_day=2762 missing=0x100 economy_input=2762
[runtime-day-wait] day=2763 env_day=2763 missing=0x100 economy_input=2763
[runtime-day-wait] day=2764 env_day=2764 missing=0x100 economy_input=2764
[runtime-day-wait] day=2765 env_day=2765 missing=0x100 economy_input=2765
[runtime-day-wait] day=2766 env_day=2766 missing=0x100 economy_input=2766
[runtime-day-wait] day=2767 env_day=2767 missing=0x100 economy_input=2767
[runtime-day-wait] day=2768 env_day=2768 missing=0x100 economy_input=2768
[runtime-day-wait] day=2769 env_day=2769 missing=0x100 economy_input=2769
[runtime-day-wait] day=2770 env_day=2770 missing=0x100 economy_input=2770
[runtime-day-wait] day=2771 env_day=2771 missing=0x100 economy_input=2771
[clock/step] delta=6.9ms speed=50x target=0.34d cap=8.00d/f cost=0.48ms ran=0 pulse=0.11ms loop=0.00ms full=0.53ms carry=0.18 barrier=climate_input_capacity_day_barrier
[runtime-day-wait] day=2772 env_day=2772 missing=0x100 economy_input=2772
[runtime-day-wait] day=2773 env_day=2773 missing=0x100 economy_input=2773
[runtime-day-wait] day=2774 env_day=2774 missing=0x100 economy_input=2774
[runtime-day-wait] day=2775 env_day=2775 missing=0x100 economy_input=2775
[runtime-day-wait] day=2776 env_day=2776 missing=0x100 economy_input=2776
[runtime-day-wait] day=2777 env_day=2777 missing=0x100 economy_input=2777
[runtime-day-wait] day=2778 env_day=2778 missing=0x100 economy_input=2778
[runtime-day-wait] day=2779 env_day=2779 missing=0x100 economy_input=2779
[runtime-day-wait] day=2780 env_day=2780 missing=0x100 economy_input=2780
[runtime-day-wait] day=2781 env_day=2781 missing=0x100 economy_input=2781
[runtime-day-wait] day=2782 env_day=2782 missing=0x100 economy_input=2782
[runtime-day-wait] day=2783 env_day=2783 missing=0x100 economy_input=2783
[runtime-day-wait] day=2784 env_day=2784 missing=0x100 economy_input=2784
[runtime-day-wait] day=2785 env_day=2785 missing=0x100 economy_input=2785
[runtime-day-wait] day=2786 env_day=2786 missing=0x100 economy_input=2786
[runtime-day-wait] day=2787 env_day=2787 missing=0x100 economy_input=2787
[runtime-day-wait] day=2788 env_day=2788 missing=0x100 economy_input=2788
[runtime-day-wait] day=2789 env_day=2789 missing=0x100 economy_input=2789
[runtime-day-wait] day=2790 env_day=2790 missing=0x100 economy_input=2790
[runtime-day-wait] day=2791 env_day=2791 missing=0x100 economy_input=2791
[runtime-day-wait] day=2792 env_day=2792 missing=0x100 economy_input=2792
[runtime-day-wait] day=2793 env_day=2793 missing=0x100 economy_input=2793
[runtime-day-wait] day=2794 env_day=2794 missing=0x100 economy_input=2794
[runtime-day-wait] day=2795 env_day=2795 missing=0x100 economy_input=2795
[runtime-day-wait] day=2796 env_day=2796 missing=0x100 economy_input=2796
[runtime-day-wait] day=2797 env_day=2797 missing=0x100 economy_input=2797
[runtime-day-wait] day=2798 env_day=2798 missing=0x100 economy_input=2798
[runtime-day-wait] day=2799 env_day=2799 missing=0x100 economy_input=2799
[economy-prelude-cost] day=2800 ms=0.039 pending=1
[runtime-day-cost] day=2800 ok=0 ms=3.047
[runtime-day-wait] day=2800 env_day=2800 missing=0x100 economy_input=2800
[economy-prelude-cost] day=2800 ms=0.009 pending=1
[runtime-day-cost] day=2800 ok=0 ms=0.101
[economy-open-finish] day=2800 country=0.344 workset=0.026 fiscal=0.038 csr=0.004 recovery=0.001 vectors=0.211 audit=0.445 commands=0.001
[economy-prelude-cost] day=2800 ms=1.391 pending=0
[economy-boundary-cost] day=2800 formulas_ms=6.745 stages_ms=5.346 mirror_ms=9.963
[runtime-day-cost] day=2800 ok=1 ms=16.864
[runtime-day-wait] day=2801 env_day=2801 missing=0x100 economy_input=2801
[clock/step] delta=6.9ms speed=50x target=0.34d cap=8.00d/f cost=0.43ms ran=0 pulse=0.00ms loop=0.00ms full=0.25ms carry=0.48 barrier=
[runtime-day-wait] day=2802 env_day=2802 missing=0x100 economy_input=2802
[runtime-day-wait] day=2803 env_day=2803 missing=0x100 economy_input=2803
[runtime-day-wait] day=2804 env_day=2804 missing=0x100 economy_input=2804
[runtime-day-wait] day=2805 env_day=2805 missing=0x100 economy_input=2805
[runtime-day-wait] day=2806 env_day=2806 missing=0x100 economy_input=2806
[runtime-day-wait] day=2807 env_day=2807 missing=0x100 economy_input=2807
[runtime-day-wait] day=2808 env_day=2808 missing=0x100 economy_input=2808
[runtime-day-wait] day=2809 env_day=2809 missing=0x100 economy_input=2809
[runtime-day-wait] day=2810 env_day=2810 missing=0x100 economy_input=2810
[runtime-day-wait] day=2811 env_day=2811 missing=0x100 economy_input=2811
[runtime-day-wait] day=2812 env_day=2812 missing=0x100 economy_input=2812
[runtime-day-wait] day=2813 env_day=2813 missing=0x100 economy_input=2813
[runtime-day-wait] day=2814 env_day=2814 missing=0x100 economy_input=2814
[runtime-day-wait] day=2815 env_day=2815 missing=0x100 economy_input=2815
[runtime-day-wait] day=2816 env_day=2816 missing=0x100 economy_input=2816
[runtime-day-wait] day=2817 env_day=2817 missing=0x100 economy_input=2817
[runtime-day-wait] day=2818 env_day=2818 missing=0x100 economy_input=2818
[runtime-day-wait] day=2819 env_day=2819 missing=0x100 economy_input=2819
[runtime-day-wait] day=2820 env_day=2820 missing=0x100 economy_input=2820
[runtime-day-wait] day=2821 env_day=2821 missing=0x100 economy_input=2821
[runtime-day-wait] day=2822 env_day=2822 missing=0x100 economy_input=2822
[runtime-day-wait] day=2823 env_day=2823 missing=0x100 economy_input=2823
[runtime-day-wait] day=2824 env_day=2824 missing=0x100 economy_input=2824
[runtime-day-wait] day=2825 env_day=2825 missing=0x100 economy_input=2825
[runtime-day-wait] day=2826 env_day=2826 missing=0x100 economy_input=2826
[runtime-day-wait] day=2827 env_day=2827 missing=0x100 economy_input=2827
[runtime-day-wait] day=2828 env_day=2828 missing=0x100 economy_input=2828
[runtime-day-wait] day=2829 env_day=2829 missing=0x100 economy_input=2829
[runtime-day-wait] day=2830 env_day=2830 missing=0x100 economy_input=2830
[runtime-day-wait] day=2831 env_day=2831 missing=0x100 economy_input=2831
[clock/step] delta=6.9ms speed=50x target=0.34d cap=8.00d/f cost=0.57ms ran=0 pulse=0.00ms loop=0.00ms full=0.30ms carry=0.83 barrier=
[runtime-day-wait] day=2832 env_day=2832 missing=0x100 economy_input=2832
[runtime-day-wait] day=2833 env_day=2833 missing=0x100 economy_input=2833
[runtime-day-wait] day=2834 env_day=2834 missing=0x100 economy_input=2834
[runtime-day-wait] day=2835 env_day=2835 missing=0x100 economy_input=2835
[runtime-day-wait] day=2836 env_day=2836 missing=0x100 economy_input=2836
[runtime-day-wait] day=2837 env_day=2837 missing=0x100 economy_input=2837
[runtime-day-wait] day=2838 env_day=2838 missing=0x100 economy_input=2838
[runtime-day-wait] day=2839 env_day=2839 missing=0x100 economy_input=2839
[runtime-day-wait] day=2840 env_day=2840 missing=0x100 economy_input=2840
[runtime-day-wait] day=2841 env_day=2841 missing=0x100 economy_input=2841
[runtime-day-wait] day=2842 env_day=2842 missing=0x100 economy_input=2842
[runtime-day-wait] day=2843 env_day=2843 missing=0x100 economy_input=2843
[runtime-day-wait] day=2844 env_day=2844 missing=0x100 economy_input=2844
[runtime-day-wait] day=2845 env_day=2845 missing=0x100 economy_input=2845
[runtime-day-wait] day=2846 env_day=2846 missing=0x100 economy_input=2846
[runtime-day-wait] day=2847 env_day=2847 missing=0x100 economy_input=2847
[runtime-day-wait] day=2848 env_day=2848 missing=0x100 economy_input=2848
[runtime-day-wait] day=2849 env_day=2849 missing=0x100 economy_input=2849
[runtime-day-wait] day=2850 env_day=2850 missing=0x100 economy_input=2850
[runtime-day-wait] day=2851 env_day=2851 missing=0x100 economy_input=2851
[runtime-day-wait] day=2852 env_day=2852 missing=0x100 economy_input=2852
[runtime-day-wait] day=2853 env_day=2853 missing=0x100 economy_input=2853
[runtime-day-wait] day=2854 env_day=2854 missing=0x100 economy_input=2854
[runtime-day-wait] day=2855 env_day=2855 missing=0x100 economy_input=2855
[runtime-day-wait] day=2856 env_day=2856 missing=0x100 economy_input=2856
[runtime-day-wait] day=2857 env_day=2857 missing=0x100 economy_input=2857
[runtime-day-wait] day=2858 env_day=2858 missing=0x100 economy_input=2858
[runtime-day-wait] day=2859 env_day=2859 missing=0x100 economy_input=2859
[runtime-day-wait] day=2860 env_day=2860 missing=0x100 economy_input=2860
[clock/step] delta=6.9ms speed=50x target=0.34d cap=8.00d/f cost=0.42ms ran=0 pulse=0.00ms loop=0.00ms full=0.26ms carry=0.45 barrier=
[runtime-day-wait] day=2861 env_day=2861 missing=0x100 economy_input=2861
[runtime-day-wait] day=2862 env_day=2862 missing=0x100 economy_input=2862
[runtime-day-wait] day=2863 env_day=2863 missing=0x100 economy_input=2863
[runtime-day-wait] day=2864 env_day=2864 missing=0x100 economy_input=2864
[runtime-day-wait] day=2865 env_day=2865 missing=0x100 economy_input=2865
[runtime-day-wait] day=2866 env_day=2866 missing=0x100 economy_input=2866
[runtime-day-wait] day=2867 env_day=2867 missing=0x100 economy_input=2867
[runtime-day-wait] day=2868 env_day=2868 missing=0x100 economy_input=2868
[runtime-day-wait] day=2869 env_day=2869 missing=0x100 economy_input=2869
[runtime-day-wait] day=2870 env_day=2870 missing=0x100 economy_input=2870
[runtime-day-wait] day=2871 env_day=2871 missing=0x100 economy_input=2871
[runtime-day-wait] day=2872 env_day=2872 missing=0x100 economy_input=2872
[runtime-day-wait] day=2873 env_day=2873 missing=0x100 economy_input=2873
[runtime-day-wait] day=2874 env_day=2874 missing=0x100 economy_input=2874
[runtime-day-wait] day=2875 env_day=2875 missing=0x100 economy_input=2875
[runtime-day-wait] day=2876 env_day=2876 missing=0x100 economy_input=2876
[runtime-day-wait] day=2877 env_day=2877 missing=0x100 economy_input=2877
[runtime-day-wait] day=2878 env_day=2878 missing=0x100 economy_input=2878
[runtime-day-wait] day=2879 env_day=2879 missing=0x100 economy_input=2879
[runtime-day-wait] day=2880 env_day=2880 missing=0x100 economy_input=2880
[runtime-day-wait] day=2881 env_day=2881 missing=0x100 economy_input=2881
[runtime-day-wait] day=2882 env_day=2882 missing=0x100 economy_input=2882
[runtime-day-wait] day=2883 env_day=2883 missing=0x100 economy_input=2883
[runtime-day-wait] day=2884 env_day=2884 missing=0x100 economy_input=2884
[runtime-day-wait] day=2885 env_day=2885 missing=0x100 economy_input=2885
[runtime-day-wait] day=2886 env_day=2886 missing=0x100 economy_input=2886
[runtime-day-wait] day=2887 env_day=2887 missing=0x100 economy_input=2887
[runtime-day-wait] day=2888 env_day=2888 missing=0x100 economy_input=2888
[clock/step] delta=6.9ms speed=50x target=0.34d cap=8.00d/f cost=0.55ms ran=0 pulse=0.39ms loop=0.00ms full=0.75ms carry=0.03 barrier=climate_input_capacity_day_barrier
[runtime-day-wait] day=2889 env_day=2889 missing=0x100 economy_input=2889
[runtime-day-wait] day=2890 env_day=2890 missing=0x100 economy_input=2890
[runtime-day-wait] day=2891 env_day=2891 missing=0x100 economy_input=2891
[runtime-day-wait] day=2892 env_day=2892 missing=0x100 economy_input=2892
[runtime-day-wait] day=2893 env_day=2893 missing=0x100 economy_input=2893
[runtime-day-wait] day=2894 env_day=2894 missing=0x100 economy_input=2894
[runtime-day-wait] day=2895 env_day=2895 missing=0x100 economy_input=2895
[runtime-day-wait] day=2896 env_day=2896 missing=0x100 economy_input=2896
[runtime-day-wait] day=2897 env_day=2897 missing=0x100 economy_input=2897
[runtime-day-wait] day=2898 env_day=2898 missing=0x100 economy_input=2898
[runtime-day-wait] day=2899 env_day=2899 missing=0x100 economy_input=2899
[economy-prelude-cost] day=2900 ms=0.039 pending=1
[runtime-day-cost] day=2900 ok=0 ms=3.677
[runtime-day-wait] day=2900 env_day=2900 missing=0x100 economy_input=2900
[economy-prelude-cost] day=2900 ms=0.008 pending=1
[runtime-day-cost] day=2900 ok=0 ms=0.100
[economy-prelude-cost] day=2900 ms=0.012 pending=1
[runtime-day-cost] day=2900 ok=0 ms=0.114
[economy-open-finish] day=2900 country=0.330 workset=0.019 fiscal=0.030 csr=0.005 recovery=0.001 vectors=0.201 audit=0.403 commands=0.000
[economy-prelude-cost] day=2900 ms=1.243 pending=0
[economy-boundary-cost] day=2900 formulas_ms=5.605 stages_ms=4.355 mirror_ms=9.300
[runtime-day-cost] day=2900 ok=1 ms=15.060
[runtime-day-wait] day=2901 env_day=2901 missing=0x100 economy_input=2901
[runtime-day-wait] day=2902 env_day=2902 missing=0x100 economy_input=2902
[runtime-day-wait] day=2903 env_day=2903 missing=0x100 economy_input=2903
[runtime-day-wait] day=2904 env_day=2904 missing=0x100 economy_input=2904
[runtime-day-wait] day=2905 env_day=2905 missing=0x100 economy_input=2905
[runtime-day-wait] day=2906 env_day=2906 missing=0x100 economy_input=2906
[runtime-day-wait] day=2907 env_day=2907 missing=0x100 economy_input=2907
[runtime-day-wait] day=2908 env_day=2908 missing=0x100 economy_input=2908
[runtime-day-wait] day=2909 env_day=2909 missing=0x100 economy_input=2909
[runtime-day-wait] day=2910 env_day=2910 missing=0x100 economy_input=2910
[runtime-day-wait] day=2911 env_day=2911 missing=0x100 economy_input=2911
[runtime-day-wait] day=2912 env_day=2912 missing=0x100 economy_input=2912
[runtime-day-wait] day=2913 env_day=2913 missing=0x100 economy_input=2913
[runtime-day-wait] day=2914 env_day=2914 missing=0x100 economy_input=2914
[runtime-day-wait] day=2915 env_day=2915 missing=0x100 economy_input=2915
[runtime-day-wait] day=2916 env_day=2916 missing=0x100 economy_input=2916
[runtime-day-wait] day=2917 env_day=2917 missing=0x100 economy_input=2917
[runtime-day-wait] day=2918 env_day=2918 missing=0x100 economy_input=2918
[runtime-day-wait] day=2919 env_day=2919 missing=0x100 economy_input=2919
[runtime-day-wait] day=2920 env_day=2920 missing=0x100 economy_input=2920
[runtime-day-wait] day=2921 env_day=2921 missing=0x100 economy_input=2921
[runtime-day-wait] day=2922 env_day=2922 missing=0x100 economy_input=2922
[runtime-day-wait] day=2923 env_day=2923 missing=0x100 economy_input=2923
[runtime-day-wait] day=2924 env_day=2924 missing=0x100 economy_input=2924
[runtime-day-wait] day=2925 env_day=2925 missing=0x100 economy_input=2925
[runtime-day-wait] day=2926 env_day=2926 missing=0x100 economy_input=2926
[runtime-day-wait] day=2927 env_day=2927 missing=0x100 economy_input=2927
[runtime-day-wait] day=2928 env_day=2928 missing=0x100 economy_input=2928
[runtime-day-wait] day=2929 env_day=2929 missing=0x100 economy_input=2929
[runtime-day-wait] day=2930 env_day=2930 missing=0x100 economy_input=2930
[runtime-day-wait] day=2931 env_day=2931 missing=0x100 economy_input=2931
[runtime-day-wait] day=2932 env_day=2932 missing=0x100 economy_input=2932
[runtime-day-wait] day=2933 env_day=2933 missing=0x100 economy_input=2933
[runtime-day-wait] day=2934 env_day=2934 missing=0x100 economy_input=2934
[runtime-day-wait] day=2935 env_day=2935 missing=0x100 economy_input=2935
[runtime-day-wait] day=2936 env_day=2936 missing=0x100 economy_input=2936
[runtime-day-wait] day=2937 env_day=2937 missing=0x100 economy_input=2937
[runtime-day-wait] day=2938 env_day=2938 missing=0x100 economy_input=2938
[runtime-day-wait] day=2939 env_day=2939 missing=0x100 economy_input=2939
[clock/step] delta=6.9ms speed=50x target=0.34d cap=8.00d/f cost=0.55ms ran=0 pulse=0.00ms loop=0.00ms full=0.31ms carry=0.75 barrier=
[runtime-day-wait] day=2940 env_day=2940 missing=0x100 economy_input=2940
[runtime-day-wait] day=2941 env_day=2941 missing=0x100 economy_input=2941
[runtime-day-wait] day=2942 env_day=2942 missing=0x100 economy_input=2942
[runtime-day-wait] day=2943 env_day=2943 missing=0x100 economy_input=2943
[runtime-day-wait] day=2944 env_day=2944 missing=0x100 economy_input=2944
[runtime-day-wait] day=2945 env_day=2945 missing=0x100 economy_input=2945
[runtime-day-wait] day=2946 env_day=2946 missing=0x100 economy_input=2946
[runtime-day-wait] day=2947 env_day=2947 missing=0x100 economy_input=2947
[runtime-day-wait] day=2948 env_day=2948 missing=0x100 economy_input=2948
[runtime-day-wait] day=2949 env_day=2949 missing=0x100 economy_input=2949
[runtime-day-wait] day=2950 env_day=2950 missing=0x100 economy_input=2950
[runtime-day-wait] day=2951 env_day=2951 missing=0x100 economy_input=2951
[runtime-day-wait] day=2952 env_day=2952 missing=0x100 economy_input=2952
[runtime-day-wait] day=2953 env_day=2953 missing=0x100 economy_input=2953
[runtime-day-wait] day=2954 env_day=2954 missing=0x100 economy_input=2954
[runtime-day-wait] day=2955 env_day=2955 missing=0x100 economy_input=2955
[runtime-day-wait] day=2956 env_day=2956 missing=0x100 economy_input=2956
[runtime-day-wait] day=2957 env_day=2957 missing=0x100 economy_input=2957
[runtime-day-wait] day=2958 env_day=2958 missing=0x100 economy_input=2958
[runtime-day-wait] day=2959 env_day=2959 missing=0x100 economy_input=2959
[runtime-day-wait] day=2960 env_day=2960 missing=0x100 economy_input=2960
[runtime-day-wait] day=2961 env_day=2961 missing=0x100 economy_input=2961
[runtime-day-wait] day=2962 env_day=2962 missing=0x100 economy_input=2962
[runtime-day-wait] day=2963 env_day=2963 missing=0x100 economy_input=2963
[runtime-day-wait] day=2964 env_day=2964 missing=0x100 economy_input=2964
[runtime-day-wait] day=2965 env_day=2965 missing=0x100 economy_input=2965
[runtime-day-wait] day=2966 env_day=2966 missing=0x100 economy_input=2966
[runtime-day-wait] day=2967 env_day=2967 missing=0x100 economy_input=2967
[clock/step] delta=6.9ms speed=50x target=0.34d cap=8.00d/f cost=0.38ms ran=0 pulse=0.00ms loop=0.00ms full=0.22ms carry=0.68 barrier=
[runtime-day-wait] day=2968 env_day=2968 missing=0x100 economy_input=2968
[runtime-day-wait] day=2969 env_day=2969 missing=0x100 economy_input=2969
[runtime-day-wait] day=2970 env_day=2970 missing=0x100 economy_input=2970
[runtime-day-wait] day=2971 env_day=2971 missing=0x100 economy_input=2971
[runtime-day-wait] day=2972 env_day=2972 missing=0x100 economy_input=2972
[runtime-day-wait] day=2973 env_day=2973 missing=0x100 economy_input=2973
[runtime-day-wait] day=2974 env_day=2974 missing=0x100 economy_input=2974
[runtime-day-wait] day=2975 env_day=2975 missing=0x100 economy_input=2975
[runtime-day-wait] day=2976 env_day=2976 missing=0x100 economy_input=2976
[runtime-day-wait] day=2977 env_day=2977 missing=0x100 economy_input=2977
[runtime-day-wait] day=2978 env_day=2978 missing=0x100 economy_input=2978
[perf-record] stop: no rows captured, skip export
[stage-c/client] complete mode=ACTIVE frames=12242 fast_ticks=0 perf=
[runtime-day-wait] day=2979 env_day=2979 missing=0x100 economy_input=2979
ERROR: 44 RID allocations of type 'PN13RendererDummy14TextureStorage12DummyTextureE' were leaked at exit.
ERROR: 16 RID allocations of type 'PN18TextServerAdvanced22ShapedTextDataAdvancedE' were leaked at exit.
ERROR: 1 RID allocations of type 'PN18TextServerAdvanced12FontAdvancedE' were leaked at exit.
WARNING: ObjectDB instances leaked at exit (run with --verbose for details).
   at: cleanup (core/object/object.cpp:2641)
ERROR: 986 resources still in use at exit (run with --verbose for details).
   at: clear (core/io/resource.cpp:810)
