Godot Engine v4.6.2.stable.official.71f334935 - https://godotengine.org

  [PASS] shared player theme loads
  [PASS] theme defines PKPanel
  [PASS] theme defines PKInsetPanel
  [PASS] theme defines PKDialog
  [PASS] theme defines PKHUDPanel
  [PASS] theme defines PKPrimaryButton
  [PASS] theme defines PKIconButton
  [PASS] theme defines PKTabButton
  [PASS] theme defines PKMetricCard
  [PASS] theme defines PKTitle
  [PASS] theme defines PKSectionTitle
  [PASS] theme defines PKMutedLabel
  [PASS] theme styles OptionButton normal
  [PASS] theme styles OptionButton hover
  [PASS] theme styles OptionButton pressed
  [PASS] theme styles OptionButton disabled
  [PASS] theme styles OptionButton focus
  [PASS] theme styles CheckBox normal
  [PASS] theme styles CheckBox hover
  [PASS] theme styles CheckBox pressed
  [PASS] theme styles CheckBox disabled
  [PASS] theme styles CheckBox focus
  [PASS] theme styles HSlider slider
  [PASS] theme styles HSlider grabber_area
  [PASS] theme styles HSlider grabber_area_highlight
  [PASS] theme styles VScrollBar scroll
  [PASS] theme styles VScrollBar scroll_focus
  [PASS] theme styles VScrollBar grabber
  [PASS] theme styles VScrollBar grabber_highlight
  [PASS] theme styles VScrollBar grabber_pressed
  [PASS] main menu inherits shared theme
  [PASS] main menu has static page stack
  [PASS] main menu has HomePage
  [PASS] main menu has NewGamePage
  [PASS] main menu has LoadGamePage
  [PASS] main menu has SettingsPage
  [PASS] main menu keeps four static pages
  [PASS] world setup inherits shared theme
  [PASS] world setup has static header
  [PASS] world setup has static responsive body
  [PASS] world setup creates reusable field rows
  [PASS] player UI root inherits shared theme
  [PASS] player UI has HUDLayer
  [PASS] player UI has PanelLayer
  [PASS] player UI has ModalLayer
  [PASS] player UI has DebugLayer
  [PASS] player UI has static HUDLayer/PlayerTopBar
  [PASS] player UI has static HUDLayer/PerfMiniHUD
  [PASS] player UI has static HUDLayer/MapOverlayToolbar
  [PASS] player UI has static HUDLayer/CountryActionBar
  [PASS] player UI has static HUDLayer/MapOverlayLegend
  [PASS] player UI has static PanelLayer/RightPanel
  [PASS] player UI has static PanelLayer/CountryPanel
  [PASS] player UI has static ModalLayer/DemandDetailDialog
  [PASS] player UI has static ModalLayer/ObjectDetailDialog
  [PASS] player UI has static ModalLayer/WorldLoadingOverlay
  [PASS] player UI has static ModalLayer/PauseMenu
  [PASS] modal layer renders above panel layer
[ui-layout-diag/bind_ui] is_web=false viewport_visible_rect=[P: (0.0, 0.0), S: (51.2, 51.2)] window_size=(64, 64) content_scale_factor=1.250 content_scale_mode=0 device_pixel_ratio=-1.000 top_bar_rect=[P: (-252.9, 0.0), S: (557.0, 52.0)] right_panel_rect=[P: (-408.8, 68.0), S: (460.0, 361.0)] country_action_bar_rect=[P: (-124.4, -16.8), S: (300.0, 60.0)]
[detail_scatter/DRAIN_CFG] budget_ms=2.50 chunks_per_frame=4 plan_items=16 cells_per_batch=32 chunk_size=16
  [PASS] player UI keeps one fixed UIRoot
  [PASS] res://scenes/ui/inspector_panel.tscn has complete fixed tree
  [PASS] res://scenes/ui/country_panel.tscn has complete fixed tree
  [PASS] res://scenes/ui/economy_workspace.tscn has complete fixed tree
  [PASS] res://scenes/ui/technology_workspace.tscn has complete fixed tree
  [PASS] res://scenes/ui/technology_overview_view.tscn has complete fixed tree
  [PASS] res://scenes/ui/demand_detail_dialog.tscn has complete fixed tree
  [PASS] res://scenes/ui/object_detail_dialog.tscn has complete fixed tree
  [PASS] res://scenes/ui/world_loading_overlay.tscn has complete fixed tree
  [PASS] res://scenes/ui/map_overlay_toolbar.tscn has complete fixed tree
  [PASS] res://scenes/ui/map_overlay_legend.tscn has complete fixed tree
  [PASS] res://scenes/ui/pause_menu.tscn has complete fixed tree
  [PASS] res://scripts/ui/cell_inspector_view_model.gd does not construct Control at runtime
  [PASS] res://scripts/ui/cell_inspector_view_model.gd does not construct PanelContainer at runtime
  [PASS] res://scripts/ui/cell_inspector_view_model.gd does not construct VBoxContainer at runtime
  [PASS] res://scripts/ui/cell_inspector_view_model.gd does not construct HBoxContainer at runtime
  [PASS] res://scripts/ui/cell_inspector_view_model.gd does not construct GridContainer at runtime
  [PASS] res://scripts/ui/cell_inspector_view_model.gd does not construct MarginContainer at runtime
  [PASS] res://scripts/ui/cell_inspector_view_model.gd does not construct ScrollContainer at runtime
  [PASS] res://scripts/ui/cell_inspector_view_model.gd does not construct Label at runtime
  [PASS] res://scripts/ui/cell_inspector_view_model.gd does not construct Button at runtime
  [PASS] res://scripts/ui/cell_inspector_view_model.gd does not construct TextureRect at runtime
  [PASS] res://scripts/ui/cell_inspector_view_model.gd does not construct ColorRect at runtime
  [PASS] res://scripts/ui/cell_inspector_view_model.gd does not construct ProgressBar at runtime
  [PASS] res://scripts/ui/cell_inspector_view_model.gd does not construct LineEdit at runtime
  [PASS] res://scripts/ui/cell_inspector_view_model.gd does not construct TextEdit at runtime
  [PASS] res://scripts/ui/cell_inspector_view_model.gd does not construct OptionButton at runtime
  [PASS] res://scripts/ui/cell_inspector_view_model.gd does not construct CheckBox at runtime
  [PASS] res://scripts/ui/cell_inspector_view_model.gd does not construct HSlider at runtime
  [PASS] res://scripts/ui/cell_inspector_view_model.gd does not construct VSlider at runtime
  [PASS] res://scripts/ui/cell_inspector_view_model.gd does not construct SpinBox at runtime
  [PASS] res://scripts/ui/cell_inspector_view_model.gd does not construct TabContainer at runtime
  [PASS] res://scripts/ui/cell_inspector_view_model.gd does not construct CenterContainer at runtime
  [PASS] res://scripts/ui/cell_inspector_view_model.gd does not construct AspectRatioContainer at runtime
  [PASS] res://scripts/ui/cell_inspector_view_model.gd does not construct RichTextLabel at runtime
  [PASS] res://scripts/ui/chart_adapter.gd does not construct Control at runtime
  [PASS] res://scripts/ui/chart_adapter.gd does not construct PanelContainer at runtime
  [PASS] res://scripts/ui/chart_adapter.gd does not construct VBoxContainer at runtime
  [PASS] res://scripts/ui/chart_adapter.gd does not construct HBoxContainer at runtime
  [PASS] res://scripts/ui/chart_adapter.gd does not construct GridContainer at runtime
  [PASS] res://scripts/ui/chart_adapter.gd does not construct MarginContainer at runtime
  [PASS] res://scripts/ui/chart_adapter.gd does not construct ScrollContainer at runtime
  [PASS] res://scripts/ui/chart_adapter.gd does not construct Label at runtime
  [PASS] res://scripts/ui/chart_adapter.gd does not construct Button at runtime
  [PASS] res://scripts/ui/chart_adapter.gd does not construct TextureRect at runtime
  [PASS] res://scripts/ui/chart_adapter.gd does not construct ColorRect at runtime
  [PASS] res://scripts/ui/chart_adapter.gd does not construct ProgressBar at runtime
  [PASS] res://scripts/ui/chart_adapter.gd does not construct LineEdit at runtime
  [PASS] res://scripts/ui/chart_adapter.gd does not construct TextEdit at runtime
  [PASS] res://scripts/ui/chart_adapter.gd does not construct OptionButton at runtime
  [PASS] res://scripts/ui/chart_adapter.gd does not construct CheckBox at runtime
  [PASS] res://scripts/ui/chart_adapter.gd does not construct HSlider at runtime
  [PASS] res://scripts/ui/chart_adapter.gd does not construct VSlider at runtime
  [PASS] res://scripts/ui/chart_adapter.gd does not construct SpinBox at runtime
  [PASS] res://scripts/ui/chart_adapter.gd does not construct TabContainer at runtime
  [PASS] res://scripts/ui/chart_adapter.gd does not construct CenterContainer at runtime
  [PASS] res://scripts/ui/chart_adapter.gd does not construct AspectRatioContainer at runtime
  [PASS] res://scripts/ui/chart_adapter.gd does not construct RichTextLabel at runtime
  [PASS] res://scripts/ui/components/badge_row.gd does not construct Control at runtime
  [PASS] res://scripts/ui/components/badge_row.gd does not construct PanelContainer at runtime
  [PASS] res://scripts/ui/components/badge_row.gd does not construct VBoxContainer at runtime
  [PASS] res://scripts/ui/components/badge_row.gd does not construct HBoxContainer at runtime
  [PASS] res://scripts/ui/components/badge_row.gd does not construct GridContainer at runtime
  [PASS] res://scripts/ui/components/badge_row.gd does not construct MarginContainer at runtime
  [PASS] res://scripts/ui/components/badge_row.gd does not construct ScrollContainer at runtime
  [PASS] res://scripts/ui/components/badge_row.gd does not construct Label at runtime
  [PASS] res://scripts/ui/components/badge_row.gd does not construct Button at runtime
  [PASS] res://scripts/ui/components/badge_row.gd does not construct TextureRect at runtime
  [PASS] res://scripts/ui/components/badge_row.gd does not construct ColorRect at runtime
  [PASS] res://scripts/ui/components/badge_row.gd does not construct ProgressBar at runtime
  [PASS] res://scripts/ui/components/badge_row.gd does not construct LineEdit at runtime
  [PASS] res://scripts/ui/components/badge_row.gd does not construct TextEdit at runtime
  [PASS] res://scripts/ui/components/badge_row.gd does not construct OptionButton at runtime
  [PASS] res://scripts/ui/components/badge_row.gd does not construct CheckBox at runtime
  [PASS] res://scripts/ui/components/badge_row.gd does not construct HSlider at runtime
  [PASS] res://scripts/ui/components/badge_row.gd does not construct VSlider at runtime
  [PASS] res://scripts/ui/components/badge_row.gd does not construct SpinBox at runtime
  [PASS] res://scripts/ui/components/badge_row.gd does not construct TabContainer at runtime
  [PASS] res://scripts/ui/components/badge_row.gd does not construct CenterContainer at runtime
  [PASS] res://scripts/ui/components/badge_row.gd does not construct AspectRatioContainer at runtime
  [PASS] res://scripts/ui/components/badge_row.gd does not construct RichTextLabel at runtime
  [PASS] res://scripts/ui/components/building_list.gd does not construct Control at runtime
  [PASS] res://scripts/ui/components/building_list.gd does not construct PanelContainer at runtime
  [PASS] res://scripts/ui/components/building_list.gd does not construct VBoxContainer at runtime
  [PASS] res://scripts/ui/components/building_list.gd does not construct HBoxContainer at runtime
  [PASS] res://scripts/ui/components/building_list.gd does not construct GridContainer at runtime
  [PASS] res://scripts/ui/components/building_list.gd does not construct MarginContainer at runtime
  [PASS] res://scripts/ui/components/building_list.gd does not construct ScrollContainer at runtime
  [PASS] res://scripts/ui/components/building_list.gd does not construct Label at runtime
  [PASS] res://scripts/ui/components/building_list.gd does not construct Button at runtime
  [PASS] res://scripts/ui/components/building_list.gd does not construct TextureRect at runtime
  [PASS] res://scripts/ui/components/building_list.gd does not construct ColorRect at runtime
  [PASS] res://scripts/ui/components/building_list.gd does not construct ProgressBar at runtime
  [PASS] res://scripts/ui/components/building_list.gd does not construct LineEdit at runtime
  [PASS] res://scripts/ui/components/building_list.gd does not construct TextEdit at runtime
  [PASS] res://scripts/ui/components/building_list.gd does not construct OptionButton at runtime
  [PASS] res://scripts/ui/components/building_list.gd does not construct CheckBox at runtime
  [PASS] res://scripts/ui/components/building_list.gd does not construct HSlider at runtime
  [PASS] res://scripts/ui/components/building_list.gd does not construct VSlider at runtime
  [PASS] res://scripts/ui/components/building_list.gd does not construct SpinBox at runtime
  [PASS] res://scripts/ui/components/building_list.gd does not construct TabContainer at runtime
  [PASS] res://scripts/ui/components/building_list.gd does not construct CenterContainer at runtime
  [PASS] res://scripts/ui/components/building_list.gd does not construct AspectRatioContainer at runtime
  [PASS] res://scripts/ui/components/building_list.gd does not construct RichTextLabel at runtime
  [PASS] res://scripts/ui/components/category_tabs.gd does not construct Control at runtime
  [PASS] res://scripts/ui/components/category_tabs.gd does not construct PanelContainer at runtime
  [PASS] res://scripts/ui/components/category_tabs.gd does not construct VBoxContainer at runtime
  [PASS] res://scripts/ui/components/category_tabs.gd does not construct HBoxContainer at runtime
  [PASS] res://scripts/ui/components/category_tabs.gd does not construct GridContainer at runtime
  [PASS] res://scripts/ui/components/category_tabs.gd does not construct MarginContainer at runtime
  [PASS] res://scripts/ui/components/category_tabs.gd does not construct ScrollContainer at runtime
  [PASS] res://scripts/ui/components/category_tabs.gd does not construct Label at runtime
  [PASS] res://scripts/ui/components/category_tabs.gd does not construct Button at runtime
  [PASS] res://scripts/ui/components/category_tabs.gd does not construct TextureRect at runtime
  [PASS] res://scripts/ui/components/category_tabs.gd does not construct ColorRect at runtime
  [PASS] res://scripts/ui/components/category_tabs.gd does not construct ProgressBar at runtime
  [PASS] res://scripts/ui/components/category_tabs.gd does not construct LineEdit at runtime
  [PASS] res://scripts/ui/components/category_tabs.gd does not construct TextEdit at runtime
  [PASS] res://scripts/ui/components/category_tabs.gd does not construct OptionButton at runtime
  [PASS] res://scripts/ui/components/category_tabs.gd does not construct CheckBox at runtime
  [PASS] res://scripts/ui/components/category_tabs.gd does not construct HSlider at runtime
  [PASS] res://scripts/ui/components/category_tabs.gd does not construct VSlider at runtime
  [PASS] res://scripts/ui/components/category_tabs.gd does not construct SpinBox at runtime
  [PASS] res://scripts/ui/components/category_tabs.gd does not construct TabContainer at runtime
  [PASS] res://scripts/ui/components/category_tabs.gd does not construct CenterContainer at runtime
  [PASS] res://scripts/ui/components/category_tabs.gd does not construct AspectRatioContainer at runtime
  [PASS] res://scripts/ui/components/category_tabs.gd does not construct RichTextLabel at runtime
  [FAIL] res://scripts/ui/components/cell_tax_workspace.gd does not construct Control at runtime
  [FAIL] res://scripts/ui/components/cell_tax_workspace.gd does not construct PanelContainer at runtime
  [PASS] res://scripts/ui/components/cell_tax_workspace.gd does not construct VBoxContainer at runtime
  [FAIL] res://scripts/ui/components/cell_tax_workspace.gd does not construct HBoxContainer at runtime
  [PASS] res://scripts/ui/components/cell_tax_workspace.gd does not construct GridContainer at runtime
  [PASS] res://scripts/ui/components/cell_tax_workspace.gd does not construct MarginContainer at runtime
  [FAIL] res://scripts/ui/components/cell_tax_workspace.gd does not construct ScrollContainer at runtime
  [FAIL] res://scripts/ui/components/cell_tax_workspace.gd does not construct Label at runtime
  [FAIL] res://scripts/ui/components/cell_tax_workspace.gd does not construct Button at runtime
  [PASS] res://scripts/ui/components/cell_tax_workspace.gd does not construct TextureRect at runtime
  [PASS] res://scripts/ui/components/cell_tax_workspace.gd does not construct ColorRect at runtime
  [PASS] res://scripts/ui/components/cell_tax_workspace.gd does not construct ProgressBar at runtime
  [FAIL] res://scripts/ui/components/cell_tax_workspace.gd does not construct LineEdit at runtime
  [PASS] res://scripts/ui/components/cell_tax_workspace.gd does not construct TextEdit at runtime
  [FAIL] res://scripts/ui/components/cell_tax_workspace.gd does not construct OptionButton at runtime
  [PASS] res://scripts/ui/components/cell_tax_workspace.gd does not construct CheckBox at runtime
  [PASS] res://scripts/ui/components/cell_tax_workspace.gd does not construct HSlider at runtime
  [PASS] res://scripts/ui/components/cell_tax_workspace.gd does not construct VSlider at runtime
  [FAIL] res://scripts/ui/components/cell_tax_workspace.gd does not construct SpinBox at runtime
  [PASS] res://scripts/ui/components/cell_tax_workspace.gd does not construct TabContainer at runtime
  [PASS] res://scripts/ui/components/cell_tax_workspace.gd does not construct CenterContainer at runtime
  [PASS] res://scripts/ui/components/cell_tax_workspace.gd does not construct AspectRatioContainer at runtime
  [PASS] res://scripts/ui/components/cell_tax_workspace.gd does not construct RichTextLabel at runtime
  [PASS] res://scripts/ui/components/cohort_list.gd does not construct Control at runtime
  [PASS] res://scripts/ui/components/cohort_list.gd does not construct PanelContainer at runtime
  [PASS] res://scripts/ui/components/cohort_list.gd does not construct VBoxContainer at runtime
  [PASS] res://scripts/ui/components/cohort_list.gd does not construct HBoxContainer at runtime
  [PASS] res://scripts/ui/components/cohort_list.gd does not construct GridContainer at runtime
  [PASS] res://scripts/ui/components/cohort_list.gd does not construct MarginContainer at runtime
  [PASS] res://scripts/ui/components/cohort_list.gd does not construct ScrollContainer at runtime
  [PASS] res://scripts/ui/components/cohort_list.gd does not construct Label at runtime
  [PASS] res://scripts/ui/components/cohort_list.gd does not construct Button at runtime
  [PASS] res://scripts/ui/components/cohort_list.gd does not construct TextureRect at runtime
  [PASS] res://scripts/ui/components/cohort_list.gd does not construct ColorRect at runtime
  [PASS] res://scripts/ui/components/cohort_list.gd does not construct ProgressBar at runtime
  [PASS] res://scripts/ui/components/cohort_list.gd does not construct LineEdit at runtime
  [PASS] res://scripts/ui/components/cohort_list.gd does not construct TextEdit at runtime
  [PASS] res://scripts/ui/components/cohort_list.gd does not construct OptionButton at runtime
  [PASS] res://scripts/ui/components/cohort_list.gd does not construct CheckBox at runtime
  [PASS] res://scripts/ui/components/cohort_list.gd does not construct HSlider at runtime
  [PASS] res://scripts/ui/components/cohort_list.gd does not construct VSlider at runtime
  [PASS] res://scripts/ui/components/cohort_list.gd does not construct SpinBox at runtime
  [PASS] res://scripts/ui/components/cohort_list.gd does not construct TabContainer at runtime
  [PASS] res://scripts/ui/components/cohort_list.gd does not construct CenterContainer at runtime
  [PASS] res://scripts/ui/components/cohort_list.gd does not construct AspectRatioContainer at runtime
  [PASS] res://scripts/ui/components/cohort_list.gd does not construct RichTextLabel at runtime
  [PASS] res://scripts/ui/components/colonization_planner_panel.gd does not construct Control at runtime
  [PASS] res://scripts/ui/components/colonization_planner_panel.gd does not construct PanelContainer at runtime
  [FAIL] res://scripts/ui/components/colonization_planner_panel.gd does not construct VBoxContainer at runtime
  [FAIL] res://scripts/ui/components/colonization_planner_panel.gd does not construct HBoxContainer at runtime
  [PASS] res://scripts/ui/components/colonization_planner_panel.gd does not construct GridContainer at runtime
  [FAIL] res://scripts/ui/components/colonization_planner_panel.gd does not construct MarginContainer at runtime
  [FAIL] res://scripts/ui/components/colonization_planner_panel.gd does not construct ScrollContainer at runtime
  [FAIL] res://scripts/ui/components/colonization_planner_panel.gd does not construct Label at runtime
  [FAIL] res://scripts/ui/components/colonization_planner_panel.gd does not construct Button at runtime
  [PASS] res://scripts/ui/components/colonization_planner_panel.gd does not construct TextureRect at runtime
  [PASS] res://scripts/ui/components/colonization_planner_panel.gd does not construct ColorRect at runtime
  [PASS] res://scripts/ui/components/colonization_planner_panel.gd does not construct ProgressBar at runtime
  [PASS] res://scripts/ui/components/colonization_planner_panel.gd does not construct LineEdit at runtime
  [PASS] res://scripts/ui/components/colonization_planner_panel.gd does not construct TextEdit at runtime
  [PASS] res://scripts/ui/components/colonization_planner_panel.gd does not construct OptionButton at runtime
  [PASS] res://scripts/ui/components/colonization_planner_panel.gd does not construct CheckBox at runtime
  [PASS] res://scripts/ui/components/colonization_planner_panel.gd does not construct HSlider at runtime
  [PASS] res://scripts/ui/components/colonization_planner_panel.gd does not construct VSlider at runtime
  [FAIL] res://scripts/ui/components/colonization_planner_panel.gd does not construct SpinBox at runtime
  [PASS] res://scripts/ui/components/colonization_planner_panel.gd does not construct TabContainer at runtime
  [PASS] res://scripts/ui/components/colonization_planner_panel.gd does not construct CenterContainer at runtime
  [PASS] res://scripts/ui/components/colonization_planner_panel.gd does not construct AspectRatioContainer at runtime
  [PASS] res://scripts/ui/components/colonization_planner_panel.gd does not construct RichTextLabel at runtime
  [PASS] res://scripts/ui/components/construction_picker.gd does not construct Control at runtime
  [PASS] res://scripts/ui/components/construction_picker.gd does not construct PanelContainer at runtime
  [PASS] res://scripts/ui/components/construction_picker.gd does not construct VBoxContainer at runtime
  [PASS] res://scripts/ui/components/construction_picker.gd does not construct HBoxContainer at runtime
  [PASS] res://scripts/ui/components/construction_picker.gd does not construct GridContainer at runtime
  [PASS] res://scripts/ui/components/construction_picker.gd does not construct MarginContainer at runtime
  [PASS] res://scripts/ui/components/construction_picker.gd does not construct ScrollContainer at runtime
  [PASS] res://scripts/ui/components/construction_picker.gd does not construct Label at runtime
  [FAIL] res://scripts/ui/components/construction_picker.gd does not construct Button at runtime
  [PASS] res://scripts/ui/components/construction_picker.gd does not construct TextureRect at runtime
  [PASS] res://scripts/ui/components/construction_picker.gd does not construct ColorRect at runtime
  [PASS] res://scripts/ui/components/construction_picker.gd does not construct ProgressBar at runtime
  [PASS] res://scripts/ui/components/construction_picker.gd does not construct LineEdit at runtime
  [PASS] res://scripts/ui/components/construction_picker.gd does not construct TextEdit at runtime
  [PASS] res://scripts/ui/components/construction_picker.gd does not construct OptionButton at runtime
  [PASS] res://scripts/ui/components/construction_picker.gd does not construct CheckBox at runtime
  [PASS] res://scripts/ui/components/construction_picker.gd does not construct HSlider at runtime
  [PASS] res://scripts/ui/components/construction_picker.gd does not construct VSlider at runtime
  [PASS] res://scripts/ui/components/construction_picker.gd does not construct SpinBox at runtime
  [PASS] res://scripts/ui/components/construction_picker.gd does not construct TabContainer at runtime
  [PASS] res://scripts/ui/components/construction_picker.gd does not construct CenterContainer at runtime
  [PASS] res://scripts/ui/components/construction_picker.gd does not construct AspectRatioContainer at runtime
  [PASS] res://scripts/ui/components/construction_picker.gd does not construct RichTextLabel at runtime
  [PASS] res://scripts/ui/components/country_action_bar.gd does not construct Control at runtime
  [PASS] res://scripts/ui/components/country_action_bar.gd does not construct PanelContainer at runtime
  [PASS] res://scripts/ui/components/country_action_bar.gd does not construct VBoxContainer at runtime
  [PASS] res://scripts/ui/components/country_action_bar.gd does not construct HBoxContainer at runtime
  [PASS] res://scripts/ui/components/country_action_bar.gd does not construct GridContainer at runtime
  [PASS] res://scripts/ui/components/country_action_bar.gd does not construct MarginContainer at runtime
  [PASS] res://scripts/ui/components/country_action_bar.gd does not construct ScrollContainer at runtime
  [PASS] res://scripts/ui/components/country_action_bar.gd does not construct Label at runtime
  [PASS] res://scripts/ui/components/country_action_bar.gd does not construct Button at runtime
  [PASS] res://scripts/ui/components/country_action_bar.gd does not construct TextureRect at runtime
  [PASS] res://scripts/ui/components/country_action_bar.gd does not construct ColorRect at runtime
  [PASS] res://scripts/ui/components/country_action_bar.gd does not construct ProgressBar at runtime
  [PASS] res://scripts/ui/components/country_action_bar.gd does not construct LineEdit at runtime
  [PASS] res://scripts/ui/components/country_action_bar.gd does not construct TextEdit at runtime
  [PASS] res://scripts/ui/components/country_action_bar.gd does not construct OptionButton at runtime
  [PASS] res://scripts/ui/components/country_action_bar.gd does not construct CheckBox at runtime
  [PASS] res://scripts/ui/components/country_action_bar.gd does not construct HSlider at runtime
  [PASS] res://scripts/ui/components/country_action_bar.gd does not construct VSlider at runtime
  [PASS] res://scripts/ui/components/country_action_bar.gd does not construct SpinBox at runtime
  [PASS] res://scripts/ui/components/country_action_bar.gd does not construct TabContainer at runtime
  [PASS] res://scripts/ui/components/country_action_bar.gd does not construct CenterContainer at runtime
  [PASS] res://scripts/ui/components/country_action_bar.gd does not construct AspectRatioContainer at runtime
  [PASS] res://scripts/ui/components/country_action_bar.gd does not construct RichTextLabel at runtime
  [PASS] res://scripts/ui/components/country_panel.gd does not construct Control at runtime
  [PASS] res://scripts/ui/components/country_panel.gd does not construct PanelContainer at runtime
  [PASS] res://scripts/ui/components/country_panel.gd does not construct VBoxContainer at runtime
  [PASS] res://scripts/ui/components/country_panel.gd does not construct HBoxContainer at runtime
  [PASS] res://scripts/ui/components/country_panel.gd does not construct GridContainer at runtime
  [PASS] res://scripts/ui/components/country_panel.gd does not construct MarginContainer at runtime
  [PASS] res://scripts/ui/components/country_panel.gd does not construct ScrollContainer at runtime
  [PASS] res://scripts/ui/components/country_panel.gd does not construct Label at runtime
  [PASS] res://scripts/ui/components/country_panel.gd does not construct Button at runtime
  [PASS] res://scripts/ui/components/country_panel.gd does not construct TextureRect at runtime
  [PASS] res://scripts/ui/components/country_panel.gd does not construct ColorRect at runtime
  [PASS] res://scripts/ui/components/country_panel.gd does not construct ProgressBar at runtime
  [PASS] res://scripts/ui/components/country_panel.gd does not construct LineEdit at runtime
  [PASS] res://scripts/ui/components/country_panel.gd does not construct TextEdit at runtime
  [PASS] res://scripts/ui/components/country_panel.gd does not construct OptionButton at runtime
  [PASS] res://scripts/ui/components/country_panel.gd does not construct CheckBox at runtime
  [PASS] res://scripts/ui/components/country_panel.gd does not construct HSlider at runtime
  [PASS] res://scripts/ui/components/country_panel.gd does not construct VSlider at runtime
  [PASS] res://scripts/ui/components/country_panel.gd does not construct SpinBox at runtime
  [PASS] res://scripts/ui/components/country_panel.gd does not construct TabContainer at runtime
  [PASS] res://scripts/ui/components/country_panel.gd does not construct CenterContainer at runtime
  [PASS] res://scripts/ui/components/country_panel.gd does not construct AspectRatioContainer at runtime
  [PASS] res://scripts/ui/components/country_panel.gd does not construct RichTextLabel at runtime
  [PASS] res://scripts/ui/components/demand_detail_dialog.gd does not construct Control at runtime
  [PASS] res://scripts/ui/components/demand_detail_dialog.gd does not construct PanelContainer at runtime
  [PASS] res://scripts/ui/components/demand_detail_dialog.gd does not construct VBoxContainer at runtime
  [PASS] res://scripts/ui/components/demand_detail_dialog.gd does not construct HBoxContainer at runtime
  [PASS] res://scripts/ui/components/demand_detail_dialog.gd does not construct GridContainer at runtime
  [PASS] res://scripts/ui/components/demand_detail_dialog.gd does not construct MarginContainer at runtime
  [PASS] res://scripts/ui/components/demand_detail_dialog.gd does not construct ScrollContainer at runtime
  [PASS] res://scripts/ui/components/demand_detail_dialog.gd does not construct Label at runtime
  [PASS] res://scripts/ui/components/demand_detail_dialog.gd does not construct Button at runtime
  [PASS] res://scripts/ui/components/demand_detail_dialog.gd does not construct TextureRect at runtime
  [PASS] res://scripts/ui/components/demand_detail_dialog.gd does not construct ColorRect at runtime
  [PASS] res://scripts/ui/components/demand_detail_dialog.gd does not construct ProgressBar at runtime
  [PASS] res://scripts/ui/components/demand_detail_dialog.gd does not construct LineEdit at runtime
  [PASS] res://scripts/ui/components/demand_detail_dialog.gd does not construct TextEdit at runtime
  [PASS] res://scripts/ui/components/demand_detail_dialog.gd does not construct OptionButton at runtime
  [PASS] res://scripts/ui/components/demand_detail_dialog.gd does not construct CheckBox at runtime
  [PASS] res://scripts/ui/components/demand_detail_dialog.gd does not construct HSlider at runtime
  [PASS] res://scripts/ui/components/demand_detail_dialog.gd does not construct VSlider at runtime
  [PASS] res://scripts/ui/components/demand_detail_dialog.gd does not construct SpinBox at runtime
  [PASS] res://scripts/ui/components/demand_detail_dialog.gd does not construct TabContainer at runtime
  [PASS] res://scripts/ui/components/demand_detail_dialog.gd does not construct CenterContainer at runtime
  [PASS] res://scripts/ui/components/demand_detail_dialog.gd does not construct AspectRatioContainer at runtime
  [PASS] res://scripts/ui/components/demand_detail_dialog.gd does not construct RichTextLabel at runtime
  [PASS] res://scripts/ui/components/economy_workspace.gd does not construct Control at runtime
  [PASS] res://scripts/ui/components/economy_workspace.gd does not construct PanelContainer at runtime
  [PASS] res://scripts/ui/components/economy_workspace.gd does not construct VBoxContainer at runtime
  [PASS] res://scripts/ui/components/economy_workspace.gd does not construct HBoxContainer at runtime
  [PASS] res://scripts/ui/components/economy_workspace.gd does not construct GridContainer at runtime
  [PASS] res://scripts/ui/components/economy_workspace.gd does not construct MarginContainer at runtime
  [PASS] res://scripts/ui/components/economy_workspace.gd does not construct ScrollContainer at runtime
  [PASS] res://scripts/ui/components/economy_workspace.gd does not construct Label at runtime
  [PASS] res://scripts/ui/components/economy_workspace.gd does not construct Button at runtime
  [PASS] res://scripts/ui/components/economy_workspace.gd does not construct TextureRect at runtime
  [PASS] res://scripts/ui/components/economy_workspace.gd does not construct ColorRect at runtime
  [PASS] res://scripts/ui/components/economy_workspace.gd does not construct ProgressBar at runtime
  [PASS] res://scripts/ui/components/economy_workspace.gd does not construct LineEdit at runtime
  [PASS] res://scripts/ui/components/economy_workspace.gd does not construct TextEdit at runtime
  [PASS] res://scripts/ui/components/economy_workspace.gd does not construct OptionButton at runtime
  [PASS] res://scripts/ui/components/economy_workspace.gd does not construct CheckBox at runtime
  [PASS] res://scripts/ui/components/economy_workspace.gd does not construct HSlider at runtime
  [PASS] res://scripts/ui/components/economy_workspace.gd does not construct VSlider at runtime
  [PASS] res://scripts/ui/components/economy_workspace.gd does not construct SpinBox at runtime
  [PASS] res://scripts/ui/components/economy_workspace.gd does not construct TabContainer at runtime
  [PASS] res://scripts/ui/components/economy_workspace.gd does not construct CenterContainer at runtime
  [PASS] res://scripts/ui/components/economy_workspace.gd does not construct AspectRatioContainer at runtime
  [PASS] res://scripts/ui/components/economy_workspace.gd does not construct RichTextLabel at runtime
  [PASS] res://scripts/ui/components/family_list.gd does not construct Control at runtime
  [PASS] res://scripts/ui/components/family_list.gd does not construct PanelContainer at runtime
  [PASS] res://scripts/ui/components/family_list.gd does not construct VBoxContainer at runtime
  [PASS] res://scripts/ui/components/family_list.gd does not construct HBoxContainer at runtime
  [PASS] res://scripts/ui/components/family_list.gd does not construct GridContainer at runtime
  [PASS] res://scripts/ui/components/family_list.gd does not construct MarginContainer at runtime
  [PASS] res://scripts/ui/components/family_list.gd does not construct ScrollContainer at runtime
  [PASS] res://scripts/ui/components/family_list.gd does not construct Label at runtime
  [PASS] res://scripts/ui/components/family_list.gd does not construct Button at runtime
  [PASS] res://scripts/ui/components/family_list.gd does not construct TextureRect at runtime
  [PASS] res://scripts/ui/components/family_list.gd does not construct ColorRect at runtime
  [PASS] res://scripts/ui/components/family_list.gd does not construct ProgressBar at runtime
  [PASS] res://scripts/ui/components/family_list.gd does not construct LineEdit at runtime
  [PASS] res://scripts/ui/components/family_list.gd does not construct TextEdit at runtime
  [PASS] res://scripts/ui/components/family_list.gd does not construct OptionButton at runtime
  [PASS] res://scripts/ui/components/family_list.gd does not construct CheckBox at runtime
  [PASS] res://scripts/ui/components/family_list.gd does not construct HSlider at runtime
  [PASS] res://scripts/ui/components/family_list.gd does not construct VSlider at runtime
  [PASS] res://scripts/ui/components/family_list.gd does not construct SpinBox at runtime
  [PASS] res://scripts/ui/components/family_list.gd does not construct TabContainer at runtime
  [PASS] res://scripts/ui/components/family_list.gd does not construct CenterContainer at runtime
  [PASS] res://scripts/ui/components/family_list.gd does not construct AspectRatioContainer at runtime
  [PASS] res://scripts/ui/components/family_list.gd does not construct RichTextLabel at runtime
  [PASS] res://scripts/ui/components/gauge_bar.gd does not construct Control at runtime
  [PASS] res://scripts/ui/components/gauge_bar.gd does not construct PanelContainer at runtime
  [PASS] res://scripts/ui/components/gauge_bar.gd does not construct VBoxContainer at runtime
  [PASS] res://scripts/ui/components/gauge_bar.gd does not construct HBoxContainer at runtime
  [PASS] res://scripts/ui/components/gauge_bar.gd does not construct GridContainer at runtime
  [PASS] res://scripts/ui/components/gauge_bar.gd does not construct MarginContainer at runtime
  [PASS] res://scripts/ui/components/gauge_bar.gd does not construct ScrollContainer at runtime
  [PASS] res://scripts/ui/components/gauge_bar.gd does not construct Label at runtime
  [PASS] res://scripts/ui/components/gauge_bar.gd does not construct Button at runtime
  [PASS] res://scripts/ui/components/gauge_bar.gd does not construct TextureRect at runtime
  [PASS] res://scripts/ui/components/gauge_bar.gd does not construct ColorRect at runtime
  [PASS] res://scripts/ui/components/gauge_bar.gd does not construct ProgressBar at runtime
  [PASS] res://scripts/ui/components/gauge_bar.gd does not construct LineEdit at runtime
  [PASS] res://scripts/ui/components/gauge_bar.gd does not construct TextEdit at runtime
  [PASS] res://scripts/ui/components/gauge_bar.gd does not construct OptionButton at runtime
  [PASS] res://scripts/ui/components/gauge_bar.gd does not construct CheckBox at runtime
  [PASS] res://scripts/ui/components/gauge_bar.gd does not construct HSlider at runtime
  [PASS] res://scripts/ui/components/gauge_bar.gd does not construct VSlider at runtime
  [PASS] res://scripts/ui/components/gauge_bar.gd does not construct SpinBox at runtime
  [PASS] res://scripts/ui/components/gauge_bar.gd does not construct TabContainer at runtime
  [PASS] res://scripts/ui/components/gauge_bar.gd does not construct CenterContainer at runtime
  [PASS] res://scripts/ui/components/gauge_bar.gd does not construct AspectRatioContainer at runtime
  [PASS] res://scripts/ui/components/gauge_bar.gd does not construct RichTextLabel at runtime
  [PASS] res://scripts/ui/components/icon_badge.gd does not construct Control at runtime
  [PASS] res://scripts/ui/components/icon_badge.gd does not construct PanelContainer at runtime
  [PASS] res://scripts/ui/components/icon_badge.gd does not construct VBoxContainer at runtime
  [PASS] res://scripts/ui/components/icon_badge.gd does not construct HBoxContainer at runtime
  [PASS] res://scripts/ui/components/icon_badge.gd does not construct GridContainer at runtime
  [PASS] res://scripts/ui/components/icon_badge.gd does not construct MarginContainer at runtime
  [PASS] res://scripts/ui/components/icon_badge.gd does not construct ScrollContainer at runtime
  [PASS] res://scripts/ui/components/icon_badge.gd does not construct Label at runtime
  [PASS] res://scripts/ui/components/icon_badge.gd does not construct Button at runtime
  [PASS] res://scripts/ui/components/icon_badge.gd does not construct TextureRect at runtime
  [PASS] res://scripts/ui/components/icon_badge.gd does not construct ColorRect at runtime
  [PASS] res://scripts/ui/components/icon_badge.gd does not construct ProgressBar at runtime
  [PASS] res://scripts/ui/components/icon_badge.gd does not construct LineEdit at runtime
  [PASS] res://scripts/ui/components/icon_badge.gd does not construct TextEdit at runtime
  [PASS] res://scripts/ui/components/icon_badge.gd does not construct OptionButton at runtime
  [PASS] res://scripts/ui/components/icon_badge.gd does not construct CheckBox at runtime
  [PASS] res://scripts/ui/components/icon_badge.gd does not construct HSlider at runtime
  [PASS] res://scripts/ui/components/icon_badge.gd does not construct VSlider at runtime
  [PASS] res://scripts/ui/components/icon_badge.gd does not construct SpinBox at runtime
  [PASS] res://scripts/ui/components/icon_badge.gd does not construct TabContainer at runtime
  [PASS] res://scripts/ui/components/icon_badge.gd does not construct CenterContainer at runtime
  [PASS] res://scripts/ui/components/icon_badge.gd does not construct AspectRatioContainer at runtime
  [PASS] res://scripts/ui/components/icon_badge.gd does not construct RichTextLabel at runtime
  [PASS] res://scripts/ui/components/icon_button.gd does not construct Control at runtime
  [PASS] res://scripts/ui/components/icon_button.gd does not construct PanelContainer at runtime
  [PASS] res://scripts/ui/components/icon_button.gd does not construct VBoxContainer at runtime
  [PASS] res://scripts/ui/components/icon_button.gd does not construct HBoxContainer at runtime
  [PASS] res://scripts/ui/components/icon_button.gd does not construct GridContainer at runtime
  [PASS] res://scripts/ui/components/icon_button.gd does not construct MarginContainer at runtime
  [PASS] res://scripts/ui/components/icon_button.gd does not construct ScrollContainer at runtime
  [PASS] res://scripts/ui/components/icon_button.gd does not construct Label at runtime
  [PASS] res://scripts/ui/components/icon_button.gd does not construct Button at runtime
  [PASS] res://scripts/ui/components/icon_button.gd does not construct TextureRect at runtime
  [PASS] res://scripts/ui/components/icon_button.gd does not construct ColorRect at runtime
  [PASS] res://scripts/ui/components/icon_button.gd does not construct ProgressBar at runtime
  [PASS] res://scripts/ui/components/icon_button.gd does not construct LineEdit at runtime
  [PASS] res://scripts/ui/components/icon_button.gd does not construct TextEdit at runtime
  [PASS] res://scripts/ui/components/icon_button.gd does not construct OptionButton at runtime
  [PASS] res://scripts/ui/components/icon_button.gd does not construct CheckBox at runtime
  [PASS] res://scripts/ui/components/icon_button.gd does not construct HSlider at runtime
  [PASS] res://scripts/ui/components/icon_button.gd does not construct VSlider at runtime
  [PASS] res://scripts/ui/components/icon_button.gd does not construct SpinBox at runtime
  [PASS] res://scripts/ui/components/icon_button.gd does not construct TabContainer at runtime
  [PASS] res://scripts/ui/components/icon_button.gd does not construct CenterContainer at runtime
  [PASS] res://scripts/ui/components/icon_button.gd does not construct AspectRatioContainer at runtime
  [PASS] res://scripts/ui/components/icon_button.gd does not construct RichTextLabel at runtime
  [PASS] res://scripts/ui/components/ideology_workspace.gd does not construct Control at runtime
  [FAIL] res://scripts/ui/components/ideology_workspace.gd does not construct PanelContainer at runtime
  [FAIL] res://scripts/ui/components/ideology_workspace.gd does not construct VBoxContainer at runtime
  [FAIL] res://scripts/ui/components/ideology_workspace.gd does not construct HBoxContainer at runtime
  [PASS] res://scripts/ui/components/ideology_workspace.gd does not construct GridContainer at runtime
  [PASS] res://scripts/ui/components/ideology_workspace.gd does not construct MarginContainer at runtime
  [PASS] res://scripts/ui/components/ideology_workspace.gd does not construct ScrollContainer at runtime
  [FAIL] res://scripts/ui/components/ideology_workspace.gd does not construct Label at runtime
  [FAIL] res://scripts/ui/components/ideology_workspace.gd does not construct Button at runtime
  [PASS] res://scripts/ui/components/ideology_workspace.gd does not construct TextureRect at runtime
  [PASS] res://scripts/ui/components/ideology_workspace.gd does not construct ColorRect at runtime
  [FAIL] res://scripts/ui/components/ideology_workspace.gd does not construct ProgressBar at runtime
  [PASS] res://scripts/ui/components/ideology_workspace.gd does not construct LineEdit at runtime
  [PASS] res://scripts/ui/components/ideology_workspace.gd does not construct TextEdit at runtime
  [PASS] res://scripts/ui/components/ideology_workspace.gd does not construct OptionButton at runtime
  [PASS] res://scripts/ui/components/ideology_workspace.gd does not construct CheckBox at runtime
  [PASS] res://scripts/ui/components/ideology_workspace.gd does not construct HSlider at runtime
  [PASS] res://scripts/ui/components/ideology_workspace.gd does not construct VSlider at runtime
  [PASS] res://scripts/ui/components/ideology_workspace.gd does not construct SpinBox at runtime
  [PASS] res://scripts/ui/components/ideology_workspace.gd does not construct TabContainer at runtime
  [PASS] res://scripts/ui/components/ideology_workspace.gd does not construct CenterContainer at runtime
  [PASS] res://scripts/ui/components/ideology_workspace.gd does not construct AspectRatioContainer at runtime
  [PASS] res://scripts/ui/components/ideology_workspace.gd does not construct RichTextLabel at runtime
  [PASS] res://scripts/ui/components/insight_list.gd does not construct Control at runtime
  [PASS] res://scripts/ui/components/insight_list.gd does not construct PanelContainer at runtime
  [PASS] res://scripts/ui/components/insight_list.gd does not construct VBoxContainer at runtime
  [PASS] res://scripts/ui/components/insight_list.gd does not construct HBoxContainer at runtime
  [PASS] res://scripts/ui/components/insight_list.gd does not construct GridContainer at runtime
  [PASS] res://scripts/ui/components/insight_list.gd does not construct MarginContainer at runtime
  [PASS] res://scripts/ui/components/insight_list.gd does not construct ScrollContainer at runtime
  [PASS] res://scripts/ui/components/insight_list.gd does not construct Label at runtime
  [PASS] res://scripts/ui/components/insight_list.gd does not construct Button at runtime
  [PASS] res://scripts/ui/components/insight_list.gd does not construct TextureRect at runtime
  [PASS] res://scripts/ui/components/insight_list.gd does not construct ColorRect at runtime
  [PASS] res://scripts/ui/components/insight_list.gd does not construct ProgressBar at runtime
  [PASS] res://scripts/ui/components/insight_list.gd does not construct LineEdit at runtime
  [PASS] res://scripts/ui/components/insight_list.gd does not construct TextEdit at runtime
  [PASS] res://scripts/ui/components/insight_list.gd does not construct OptionButton at runtime
  [PASS] res://scripts/ui/components/insight_list.gd does not construct CheckBox at runtime
  [PASS] res://scripts/ui/components/insight_list.gd does not construct HSlider at runtime
  [PASS] res://scripts/ui/components/insight_list.gd does not construct VSlider at runtime
  [PASS] res://scripts/ui/components/insight_list.gd does not construct SpinBox at runtime
  [PASS] res://scripts/ui/components/insight_list.gd does not construct TabContainer at runtime
  [PASS] res://scripts/ui/components/insight_list.gd does not construct CenterContainer at runtime
  [PASS] res://scripts/ui/components/insight_list.gd does not construct AspectRatioContainer at runtime
  [PASS] res://scripts/ui/components/insight_list.gd does not construct RichTextLabel at runtime
  [PASS] res://scripts/ui/components/inspector_panel.gd does not construct Control at runtime
  [PASS] res://scripts/ui/components/inspector_panel.gd does not construct PanelContainer at runtime
  [PASS] res://scripts/ui/components/inspector_panel.gd does not construct VBoxContainer at runtime
  [PASS] res://scripts/ui/components/inspector_panel.gd does not construct HBoxContainer at runtime
  [PASS] res://scripts/ui/components/inspector_panel.gd does not construct GridContainer at runtime
  [PASS] res://scripts/ui/components/inspector_panel.gd does not construct MarginContainer at runtime
  [PASS] res://scripts/ui/components/inspector_panel.gd does not construct ScrollContainer at runtime
  [PASS] res://scripts/ui/components/inspector_panel.gd does not construct Label at runtime
  [FAIL] res://scripts/ui/components/inspector_panel.gd does not construct Button at runtime
  [PASS] res://scripts/ui/components/inspector_panel.gd does not construct TextureRect at runtime
  [PASS] res://scripts/ui/components/inspector_panel.gd does not construct ColorRect at runtime
  [PASS] res://scripts/ui/components/inspector_panel.gd does not construct ProgressBar at runtime
  [PASS] res://scripts/ui/components/inspector_panel.gd does not construct LineEdit at runtime
  [PASS] res://scripts/ui/components/inspector_panel.gd does not construct TextEdit at runtime
  [PASS] res://scripts/ui/components/inspector_panel.gd does not construct OptionButton at runtime
  [PASS] res://scripts/ui/components/inspector_panel.gd does not construct CheckBox at runtime
  [PASS] res://scripts/ui/components/inspector_panel.gd does not construct HSlider at runtime
  [PASS] res://scripts/ui/components/inspector_panel.gd does not construct VSlider at runtime
  [PASS] res://scripts/ui/components/inspector_panel.gd does not construct SpinBox at runtime
  [PASS] res://scripts/ui/components/inspector_panel.gd does not construct TabContainer at runtime
  [PASS] res://scripts/ui/components/inspector_panel.gd does not construct CenterContainer at runtime
  [PASS] res://scripts/ui/components/inspector_panel.gd does not construct AspectRatioContainer at runtime
  [PASS] res://scripts/ui/components/inspector_panel.gd does not construct RichTextLabel at runtime
  [PASS] res://scripts/ui/components/loading_atlas_backdrop.gd does not construct Control at runtime
  [PASS] res://scripts/ui/components/loading_atlas_backdrop.gd does not construct PanelContainer at runtime
  [PASS] res://scripts/ui/components/loading_atlas_backdrop.gd does not construct VBoxContainer at runtime
  [PASS] res://scripts/ui/components/loading_atlas_backdrop.gd does not construct HBoxContainer at runtime
  [PASS] res://scripts/ui/components/loading_atlas_backdrop.gd does not construct GridContainer at runtime
  [PASS] res://scripts/ui/components/loading_atlas_backdrop.gd does not construct MarginContainer at runtime
  [PASS] res://scripts/ui/components/loading_atlas_backdrop.gd does not construct ScrollContainer at runtime
  [PASS] res://scripts/ui/components/loading_atlas_backdrop.gd does not construct Label at runtime
  [PASS] res://scripts/ui/components/loading_atlas_backdrop.gd does not construct Button at runtime
  [PASS] res://scripts/ui/components/loading_atlas_backdrop.gd does not construct TextureRect at runtime
  [PASS] res://scripts/ui/components/loading_atlas_backdrop.gd does not construct ColorRect at runtime
  [PASS] res://scripts/ui/components/loading_atlas_backdrop.gd does not construct ProgressBar at runtime
  [PASS] res://scripts/ui/components/loading_atlas_backdrop.gd does not construct LineEdit at runtime
  [PASS] res://scripts/ui/components/loading_atlas_backdrop.gd does not construct TextEdit at runtime
  [PASS] res://scripts/ui/components/loading_atlas_backdrop.gd does not construct OptionButton at runtime
  [PASS] res://scripts/ui/components/loading_atlas_backdrop.gd does not construct CheckBox at runtime
  [PASS] res://scripts/ui/components/loading_atlas_backdrop.gd does not construct HSlider at runtime
  [PASS] res://scripts/ui/components/loading_atlas_backdrop.gd does not construct VSlider at runtime
  [PASS] res://scripts/ui/components/loading_atlas_backdrop.gd does not construct SpinBox at runtime
  [PASS] res://scripts/ui/components/loading_atlas_backdrop.gd does not construct TabContainer at runtime
  [PASS] res://scripts/ui/components/loading_atlas_backdrop.gd does not construct CenterContainer at runtime
  [PASS] res://scripts/ui/components/loading_atlas_backdrop.gd does not construct AspectRatioContainer at runtime
  [PASS] res://scripts/ui/components/loading_atlas_backdrop.gd does not construct RichTextLabel at runtime
  [PASS] res://scripts/ui/components/map_overlay_toolbar.gd does not construct Control at runtime
  [PASS] res://scripts/ui/components/map_overlay_toolbar.gd does not construct PanelContainer at runtime
  [PASS] res://scripts/ui/components/map_overlay_toolbar.gd does not construct VBoxContainer at runtime
  [PASS] res://scripts/ui/components/map_overlay_toolbar.gd does not construct HBoxContainer at runtime
  [PASS] res://scripts/ui/components/map_overlay_toolbar.gd does not construct GridContainer at runtime
  [PASS] res://scripts/ui/components/map_overlay_toolbar.gd does not construct MarginContainer at runtime
  [PASS] res://scripts/ui/components/map_overlay_toolbar.gd does not construct ScrollContainer at runtime
  [PASS] res://scripts/ui/components/map_overlay_toolbar.gd does not construct Label at runtime
  [PASS] res://scripts/ui/components/map_overlay_toolbar.gd does not construct Button at runtime
  [PASS] res://scripts/ui/components/map_overlay_toolbar.gd does not construct TextureRect at runtime
  [PASS] res://scripts/ui/components/map_overlay_toolbar.gd does not construct ColorRect at runtime
  [PASS] res://scripts/ui/components/map_overlay_toolbar.gd does not construct ProgressBar at runtime
  [PASS] res://scripts/ui/components/map_overlay_toolbar.gd does not construct LineEdit at runtime
  [PASS] res://scripts/ui/components/map_overlay_toolbar.gd does not construct TextEdit at runtime
  [PASS] res://scripts/ui/components/map_overlay_toolbar.gd does not construct OptionButton at runtime
  [PASS] res://scripts/ui/components/map_overlay_toolbar.gd does not construct CheckBox at runtime
  [PASS] res://scripts/ui/components/map_overlay_toolbar.gd does not construct HSlider at runtime
  [PASS] res://scripts/ui/components/map_overlay_toolbar.gd does not construct VSlider at runtime
  [PASS] res://scripts/ui/components/map_overlay_toolbar.gd does not construct SpinBox at runtime
  [PASS] res://scripts/ui/components/map_overlay_toolbar.gd does not construct TabContainer at runtime
  [PASS] res://scripts/ui/components/map_overlay_toolbar.gd does not construct CenterContainer at runtime
  [PASS] res://scripts/ui/components/map_overlay_toolbar.gd does not construct AspectRatioContainer at runtime
  [PASS] res://scripts/ui/components/map_overlay_toolbar.gd does not construct RichTextLabel at runtime
  [PASS] res://scripts/ui/components/market_list.gd does not construct Control at runtime
  [PASS] res://scripts/ui/components/market_list.gd does not construct PanelContainer at runtime
  [PASS] res://scripts/ui/components/market_list.gd does not construct VBoxContainer at runtime
  [PASS] res://scripts/ui/components/market_list.gd does not construct HBoxContainer at runtime
  [PASS] res://scripts/ui/components/market_list.gd does not construct GridContainer at runtime
  [PASS] res://scripts/ui/components/market_list.gd does not construct MarginContainer at runtime
  [PASS] res://scripts/ui/components/market_list.gd does not construct ScrollContainer at runtime
  [PASS] res://scripts/ui/components/market_list.gd does not construct Label at runtime
  [PASS] res://scripts/ui/components/market_list.gd does not construct Button at runtime
  [PASS] res://scripts/ui/components/market_list.gd does not construct TextureRect at runtime
  [PASS] res://scripts/ui/components/market_list.gd does not construct ColorRect at runtime
  [PASS] res://scripts/ui/components/market_list.gd does not construct ProgressBar at runtime
  [PASS] res://scripts/ui/components/market_list.gd does not construct LineEdit at runtime
  [PASS] res://scripts/ui/components/market_list.gd does not construct TextEdit at runtime
  [PASS] res://scripts/ui/components/market_list.gd does not construct OptionButton at runtime
  [PASS] res://scripts/ui/components/market_list.gd does not construct CheckBox at runtime
  [PASS] res://scripts/ui/components/market_list.gd does not construct HSlider at runtime
  [PASS] res://scripts/ui/components/market_list.gd does not construct VSlider at runtime
  [PASS] res://scripts/ui/components/market_list.gd does not construct SpinBox at runtime
  [PASS] res://scripts/ui/components/market_list.gd does not construct TabContainer at runtime
  [PASS] res://scripts/ui/components/market_list.gd does not construct CenterContainer at runtime
  [PASS] res://scripts/ui/components/market_list.gd does not construct AspectRatioContainer at runtime
  [PASS] res://scripts/ui/components/market_list.gd does not construct RichTextLabel at runtime
  [PASS] res://scripts/ui/components/metric_card.gd does not construct Control at runtime
  [PASS] res://scripts/ui/components/metric_card.gd does not construct PanelContainer at runtime
  [PASS] res://scripts/ui/components/metric_card.gd does not construct VBoxContainer at runtime
  [PASS] res://scripts/ui/components/metric_card.gd does not construct HBoxContainer at runtime
  [PASS] res://scripts/ui/components/metric_card.gd does not construct GridContainer at runtime
  [PASS] res://scripts/ui/components/metric_card.gd does not construct MarginContainer at runtime
  [PASS] res://scripts/ui/components/metric_card.gd does not construct ScrollContainer at runtime
  [PASS] res://scripts/ui/components/metric_card.gd does not construct Label at runtime
  [PASS] res://scripts/ui/components/metric_card.gd does not construct Button at runtime
  [PASS] res://scripts/ui/components/metric_card.gd does not construct TextureRect at runtime
  [PASS] res://scripts/ui/components/metric_card.gd does not construct ColorRect at runtime
  [PASS] res://scripts/ui/components/metric_card.gd does not construct ProgressBar at runtime
  [PASS] res://scripts/ui/components/metric_card.gd does not construct LineEdit at runtime
  [PASS] res://scripts/ui/components/metric_card.gd does not construct TextEdit at runtime
  [PASS] res://scripts/ui/components/metric_card.gd does not construct OptionButton at runtime
  [PASS] res://scripts/ui/components/metric_card.gd does not construct CheckBox at runtime
  [PASS] res://scripts/ui/components/metric_card.gd does not construct HSlider at runtime
  [PASS] res://scripts/ui/components/metric_card.gd does not construct VSlider at runtime
  [PASS] res://scripts/ui/components/metric_card.gd does not construct SpinBox at runtime
  [PASS] res://scripts/ui/components/metric_card.gd does not construct TabContainer at runtime
  [PASS] res://scripts/ui/components/metric_card.gd does not construct CenterContainer at runtime
  [PASS] res://scripts/ui/components/metric_card.gd does not construct AspectRatioContainer at runtime
  [PASS] res://scripts/ui/components/metric_card.gd does not construct RichTextLabel at runtime
  [PASS] res://scripts/ui/components/object_detail_dialog.gd does not construct Control at runtime
  [PASS] res://scripts/ui/components/object_detail_dialog.gd does not construct PanelContainer at runtime
  [PASS] res://scripts/ui/components/object_detail_dialog.gd does not construct VBoxContainer at runtime
  [PASS] res://scripts/ui/components/object_detail_dialog.gd does not construct HBoxContainer at runtime
  [PASS] res://scripts/ui/components/object_detail_dialog.gd does not construct GridContainer at runtime
  [PASS] res://scripts/ui/components/object_detail_dialog.gd does not construct MarginContainer at runtime
  [PASS] res://scripts/ui/components/object_detail_dialog.gd does not construct ScrollContainer at runtime
  [PASS] res://scripts/ui/components/object_detail_dialog.gd does not construct Label at runtime
  [FAIL] res://scripts/ui/components/object_detail_dialog.gd does not construct Button at runtime
  [PASS] res://scripts/ui/components/object_detail_dialog.gd does not construct TextureRect at runtime
  [PASS] res://scripts/ui/components/object_detail_dialog.gd does not construct ColorRect at runtime
  [PASS] res://scripts/ui/components/object_detail_dialog.gd does not construct ProgressBar at runtime
  [PASS] res://scripts/ui/components/object_detail_dialog.gd does not construct LineEdit at runtime
  [PASS] res://scripts/ui/components/object_detail_dialog.gd does not construct TextEdit at runtime
  [PASS] res://scripts/ui/components/object_detail_dialog.gd does not construct OptionButton at runtime
  [PASS] res://scripts/ui/components/object_detail_dialog.gd does not construct CheckBox at runtime
  [PASS] res://scripts/ui/components/object_detail_dialog.gd does not construct HSlider at runtime
  [PASS] res://scripts/ui/components/object_detail_dialog.gd does not construct VSlider at runtime
  [PASS] res://scripts/ui/components/object_detail_dialog.gd does not construct SpinBox at runtime
  [PASS] res://scripts/ui/components/object_detail_dialog.gd does not construct TabContainer at runtime
  [PASS] res://scripts/ui/components/object_detail_dialog.gd does not construct CenterContainer at runtime
  [PASS] res://scripts/ui/components/object_detail_dialog.gd does not construct AspectRatioContainer at runtime
  [PASS] res://scripts/ui/components/object_detail_dialog.gd does not construct RichTextLabel at runtime
  [PASS] res://scripts/ui/components/pause_menu.gd does not construct Control at runtime
  [PASS] res://scripts/ui/components/pause_menu.gd does not construct PanelContainer at runtime
  [PASS] res://scripts/ui/components/pause_menu.gd does not construct VBoxContainer at runtime
  [PASS] res://scripts/ui/components/pause_menu.gd does not construct HBoxContainer at runtime
  [PASS] res://scripts/ui/components/pause_menu.gd does not construct GridContainer at runtime
  [PASS] res://scripts/ui/components/pause_menu.gd does not construct MarginContainer at runtime
  [PASS] res://scripts/ui/components/pause_menu.gd does not construct ScrollContainer at runtime
  [PASS] res://scripts/ui/components/pause_menu.gd does not construct Label at runtime
  [PASS] res://scripts/ui/components/pause_menu.gd does not construct Button at runtime
  [PASS] res://scripts/ui/components/pause_menu.gd does not construct TextureRect at runtime
  [PASS] res://scripts/ui/components/pause_menu.gd does not construct ColorRect at runtime
  [PASS] res://scripts/ui/components/pause_menu.gd does not construct ProgressBar at runtime
  [PASS] res://scripts/ui/components/pause_menu.gd does not construct LineEdit at runtime
  [PASS] res://scripts/ui/components/pause_menu.gd does not construct TextEdit at runtime
  [PASS] res://scripts/ui/components/pause_menu.gd does not construct OptionButton at runtime
  [PASS] res://scripts/ui/components/pause_menu.gd does not construct CheckBox at runtime
  [PASS] res://scripts/ui/components/pause_menu.gd does not construct HSlider at runtime
  [PASS] res://scripts/ui/components/pause_menu.gd does not construct VSlider at runtime
  [PASS] res://scripts/ui/components/pause_menu.gd does not construct SpinBox at runtime
  [PASS] res://scripts/ui/components/pause_menu.gd does not construct TabContainer at runtime
  [PASS] res://scripts/ui/components/pause_menu.gd does not construct CenterContainer at runtime
  [PASS] res://scripts/ui/components/pause_menu.gd does not construct AspectRatioContainer at runtime
  [PASS] res://scripts/ui/components/pause_menu.gd does not construct RichTextLabel at runtime
  [PASS] res://scripts/ui/components/player_top_bar.gd does not construct Control at runtime
  [PASS] res://scripts/ui/components/player_top_bar.gd does not construct PanelContainer at runtime
  [PASS] res://scripts/ui/components/player_top_bar.gd does not construct VBoxContainer at runtime
  [PASS] res://scripts/ui/components/player_top_bar.gd does not construct HBoxContainer at runtime
  [PASS] res://scripts/ui/components/player_top_bar.gd does not construct GridContainer at runtime
  [PASS] res://scripts/ui/components/player_top_bar.gd does not construct MarginContainer at runtime
  [PASS] res://scripts/ui/components/player_top_bar.gd does not construct ScrollContainer at runtime
  [PASS] res://scripts/ui/components/player_top_bar.gd does not construct Label at runtime
  [PASS] res://scripts/ui/components/player_top_bar.gd does not construct Button at runtime
  [PASS] res://scripts/ui/components/player_top_bar.gd does not construct TextureRect at runtime
  [PASS] res://scripts/ui/components/player_top_bar.gd does not construct ColorRect at runtime
  [PASS] res://scripts/ui/components/player_top_bar.gd does not construct ProgressBar at runtime
  [PASS] res://scripts/ui/components/player_top_bar.gd does not construct LineEdit at runtime
  [PASS] res://scripts/ui/components/player_top_bar.gd does not construct TextEdit at runtime
  [PASS] res://scripts/ui/components/player_top_bar.gd does not construct OptionButton at runtime
  [PASS] res://scripts/ui/components/player_top_bar.gd does not construct CheckBox at runtime
  [PASS] res://scripts/ui/components/player_top_bar.gd does not construct HSlider at runtime
  [PASS] res://scripts/ui/components/player_top_bar.gd does not construct VSlider at runtime
  [PASS] res://scripts/ui/components/player_top_bar.gd does not construct SpinBox at runtime
  [PASS] res://scripts/ui/components/player_top_bar.gd does not construct TabContainer at runtime
  [PASS] res://scripts/ui/components/player_top_bar.gd does not construct CenterContainer at runtime
  [PASS] res://scripts/ui/components/player_top_bar.gd does not construct AspectRatioContainer at runtime
  [PASS] res://scripts/ui/components/player_top_bar.gd does not construct RichTextLabel at runtime
  [PASS] res://scripts/ui/components/procurement_budget_slider.gd does not construct Control at runtime
  [PASS] res://scripts/ui/components/procurement_budget_slider.gd does not construct PanelContainer at runtime
  [PASS] res://scripts/ui/components/procurement_budget_slider.gd does not construct VBoxContainer at runtime
  [PASS] res://scripts/ui/components/procurement_budget_slider.gd does not construct HBoxContainer at runtime
  [PASS] res://scripts/ui/components/procurement_budget_slider.gd does not construct GridContainer at runtime
  [PASS] res://scripts/ui/components/procurement_budget_slider.gd does not construct MarginContainer at runtime
  [PASS] res://scripts/ui/components/procurement_budget_slider.gd does not construct ScrollContainer at runtime
  [PASS] res://scripts/ui/components/procurement_budget_slider.gd does not construct Label at runtime
  [PASS] res://scripts/ui/components/procurement_budget_slider.gd does not construct Button at runtime
  [PASS] res://scripts/ui/components/procurement_budget_slider.gd does not construct TextureRect at runtime
  [PASS] res://scripts/ui/components/procurement_budget_slider.gd does not construct ColorRect at runtime
  [PASS] res://scripts/ui/components/procurement_budget_slider.gd does not construct ProgressBar at runtime
  [PASS] res://scripts/ui/components/procurement_budget_slider.gd does not construct LineEdit at runtime
  [PASS] res://scripts/ui/components/procurement_budget_slider.gd does not construct TextEdit at runtime
  [PASS] res://scripts/ui/components/procurement_budget_slider.gd does not construct OptionButton at runtime
  [PASS] res://scripts/ui/components/procurement_budget_slider.gd does not construct CheckBox at runtime
  [PASS] res://scripts/ui/components/procurement_budget_slider.gd does not construct HSlider at runtime
  [PASS] res://scripts/ui/components/procurement_budget_slider.gd does not construct VSlider at runtime
  [PASS] res://scripts/ui/components/procurement_budget_slider.gd does not construct SpinBox at runtime
  [PASS] res://scripts/ui/components/procurement_budget_slider.gd does not construct TabContainer at runtime
  [PASS] res://scripts/ui/components/procurement_budget_slider.gd does not construct CenterContainer at runtime
  [PASS] res://scripts/ui/components/procurement_budget_slider.gd does not construct AspectRatioContainer at runtime
  [PASS] res://scripts/ui/components/procurement_budget_slider.gd does not construct RichTextLabel at runtime
  [PASS] res://scripts/ui/components/radial_gauge.gd does not construct Control at runtime
  [PASS] res://scripts/ui/components/radial_gauge.gd does not construct PanelContainer at runtime
  [PASS] res://scripts/ui/components/radial_gauge.gd does not construct VBoxContainer at runtime
  [PASS] res://scripts/ui/components/radial_gauge.gd does not construct HBoxContainer at runtime
  [PASS] res://scripts/ui/components/radial_gauge.gd does not construct GridContainer at runtime
  [PASS] res://scripts/ui/components/radial_gauge.gd does not construct MarginContainer at runtime
  [PASS] res://scripts/ui/components/radial_gauge.gd does not construct ScrollContainer at runtime
  [PASS] res://scripts/ui/components/radial_gauge.gd does not construct Label at runtime
  [PASS] res://scripts/ui/components/radial_gauge.gd does not construct Button at runtime
  [PASS] res://scripts/ui/components/radial_gauge.gd does not construct TextureRect at runtime
  [PASS] res://scripts/ui/components/radial_gauge.gd does not construct ColorRect at runtime
  [PASS] res://scripts/ui/components/radial_gauge.gd does not construct ProgressBar at runtime
  [PASS] res://scripts/ui/components/radial_gauge.gd does not construct LineEdit at runtime
  [PASS] res://scripts/ui/components/radial_gauge.gd does not construct TextEdit at runtime
  [PASS] res://scripts/ui/components/radial_gauge.gd does not construct OptionButton at runtime
  [PASS] res://scripts/ui/components/radial_gauge.gd does not construct CheckBox at runtime
  [PASS] res://scripts/ui/components/radial_gauge.gd does not construct HSlider at runtime
  [PASS] res://scripts/ui/components/radial_gauge.gd does not construct VSlider at runtime
  [PASS] res://scripts/ui/components/radial_gauge.gd does not construct SpinBox at runtime
  [PASS] res://scripts/ui/components/radial_gauge.gd does not construct TabContainer at runtime
  [PASS] res://scripts/ui/components/radial_gauge.gd does not construct CenterContainer at runtime
  [PASS] res://scripts/ui/components/radial_gauge.gd does not construct AspectRatioContainer at runtime
  [PASS] res://scripts/ui/components/radial_gauge.gd does not construct RichTextLabel at runtime
  [PASS] res://scripts/ui/components/research_weight_dial.gd does not construct Control at runtime
  [PASS] res://scripts/ui/components/research_weight_dial.gd does not construct PanelContainer at runtime
  [PASS] res://scripts/ui/components/research_weight_dial.gd does not construct VBoxContainer at runtime
  [PASS] res://scripts/ui/components/research_weight_dial.gd does not construct HBoxContainer at runtime
  [PASS] res://scripts/ui/components/research_weight_dial.gd does not construct GridContainer at runtime
  [PASS] res://scripts/ui/components/research_weight_dial.gd does not construct MarginContainer at runtime
  [PASS] res://scripts/ui/components/research_weight_dial.gd does not construct ScrollContainer at runtime
  [PASS] res://scripts/ui/components/research_weight_dial.gd does not construct Label at runtime
  [PASS] res://scripts/ui/components/research_weight_dial.gd does not construct Button at runtime
  [PASS] res://scripts/ui/components/research_weight_dial.gd does not construct TextureRect at runtime
  [PASS] res://scripts/ui/components/research_weight_dial.gd does not construct ColorRect at runtime
  [PASS] res://scripts/ui/components/research_weight_dial.gd does not construct ProgressBar at runtime
  [PASS] res://scripts/ui/components/research_weight_dial.gd does not construct LineEdit at runtime
  [PASS] res://scripts/ui/components/research_weight_dial.gd does not construct TextEdit at runtime
  [PASS] res://scripts/ui/components/research_weight_dial.gd does not construct OptionButton at runtime
  [PASS] res://scripts/ui/components/research_weight_dial.gd does not construct CheckBox at runtime
  [PASS] res://scripts/ui/components/research_weight_dial.gd does not construct HSlider at runtime
  [PASS] res://scripts/ui/components/research_weight_dial.gd does not construct VSlider at runtime
  [PASS] res://scripts/ui/components/research_weight_dial.gd does not construct SpinBox at runtime
  [PASS] res://scripts/ui/components/research_weight_dial.gd does not construct TabContainer at runtime
  [PASS] res://scripts/ui/components/research_weight_dial.gd does not construct CenterContainer at runtime
  [PASS] res://scripts/ui/components/research_weight_dial.gd does not construct AspectRatioContainer at runtime
  [PASS] res://scripts/ui/components/research_weight_dial.gd does not construct RichTextLabel at runtime
  [PASS] res://scripts/ui/components/resource_list.gd does not construct Control at runtime
  [PASS] res://scripts/ui/components/resource_list.gd does not construct PanelContainer at runtime
  [PASS] res://scripts/ui/components/resource_list.gd does not construct VBoxContainer at runtime
  [PASS] res://scripts/ui/components/resource_list.gd does not construct HBoxContainer at runtime
  [PASS] res://scripts/ui/components/resource_list.gd does not construct GridContainer at runtime
  [PASS] res://scripts/ui/components/resource_list.gd does not construct MarginContainer at runtime
  [PASS] res://scripts/ui/components/resource_list.gd does not construct ScrollContainer at runtime
  [PASS] res://scripts/ui/components/resource_list.gd does not construct Label at runtime
  [PASS] res://scripts/ui/components/resource_list.gd does not construct Button at runtime
  [PASS] res://scripts/ui/components/resource_list.gd does not construct TextureRect at runtime
  [PASS] res://scripts/ui/components/resource_list.gd does not construct ColorRect at runtime
  [PASS] res://scripts/ui/components/resource_list.gd does not construct ProgressBar at runtime
  [PASS] res://scripts/ui/components/resource_list.gd does not construct LineEdit at runtime
  [PASS] res://scripts/ui/components/resource_list.gd does not construct TextEdit at runtime
  [PASS] res://scripts/ui/components/resource_list.gd does not construct OptionButton at runtime
  [PASS] res://scripts/ui/components/resource_list.gd does not construct CheckBox at runtime
  [PASS] res://scripts/ui/components/resource_list.gd does not construct HSlider at runtime
  [PASS] res://scripts/ui/components/resource_list.gd does not construct VSlider at runtime
  [PASS] res://scripts/ui/components/resource_list.gd does not construct SpinBox at runtime
  [PASS] res://scripts/ui/components/resource_list.gd does not construct TabContainer at runtime
  [PASS] res://scripts/ui/components/resource_list.gd does not construct CenterContainer at runtime
  [PASS] res://scripts/ui/components/resource_list.gd does not construct AspectRatioContainer at runtime
  [PASS] res://scripts/ui/components/resource_list.gd does not construct RichTextLabel at runtime
  [PASS] res://scripts/ui/components/section_placeholder_screen.gd does not construct Control at runtime
  [PASS] res://scripts/ui/components/section_placeholder_screen.gd does not construct PanelContainer at runtime
  [PASS] res://scripts/ui/components/section_placeholder_screen.gd does not construct VBoxContainer at runtime
  [PASS] res://scripts/ui/components/section_placeholder_screen.gd does not construct HBoxContainer at runtime
  [PASS] res://scripts/ui/components/section_placeholder_screen.gd does not construct GridContainer at runtime
  [PASS] res://scripts/ui/components/section_placeholder_screen.gd does not construct MarginContainer at runtime
  [PASS] res://scripts/ui/components/section_placeholder_screen.gd does not construct ScrollContainer at runtime
  [PASS] res://scripts/ui/components/section_placeholder_screen.gd does not construct Label at runtime
  [PASS] res://scripts/ui/components/section_placeholder_screen.gd does not construct Button at runtime
  [PASS] res://scripts/ui/components/section_placeholder_screen.gd does not construct TextureRect at runtime
  [PASS] res://scripts/ui/components/section_placeholder_screen.gd does not construct ColorRect at runtime
  [PASS] res://scripts/ui/components/section_placeholder_screen.gd does not construct ProgressBar at runtime
  [PASS] res://scripts/ui/components/section_placeholder_screen.gd does not construct LineEdit at runtime
  [PASS] res://scripts/ui/components/section_placeholder_screen.gd does not construct TextEdit at runtime
  [PASS] res://scripts/ui/components/section_placeholder_screen.gd does not construct OptionButton at runtime
  [PASS] res://scripts/ui/components/section_placeholder_screen.gd does not construct CheckBox at runtime
  [PASS] res://scripts/ui/components/section_placeholder_screen.gd does not construct HSlider at runtime
  [PASS] res://scripts/ui/components/section_placeholder_screen.gd does not construct VSlider at runtime
  [PASS] res://scripts/ui/components/section_placeholder_screen.gd does not construct SpinBox at runtime
  [PASS] res://scripts/ui/components/section_placeholder_screen.gd does not construct TabContainer at runtime
  [PASS] res://scripts/ui/components/section_placeholder_screen.gd does not construct CenterContainer at runtime
  [PASS] res://scripts/ui/components/section_placeholder_screen.gd does not construct AspectRatioContainer at runtime
  [PASS] res://scripts/ui/components/section_placeholder_screen.gd does not construct RichTextLabel at runtime
  [PASS] res://scripts/ui/components/setup_field_row.gd does not construct Control at runtime
  [PASS] res://scripts/ui/components/setup_field_row.gd does not construct PanelContainer at runtime
  [PASS] res://scripts/ui/components/setup_field_row.gd does not construct VBoxContainer at runtime
  [PASS] res://scripts/ui/components/setup_field_row.gd does not construct HBoxContainer at runtime
  [PASS] res://scripts/ui/components/setup_field_row.gd does not construct GridContainer at runtime
  [PASS] res://scripts/ui/components/setup_field_row.gd does not construct MarginContainer at runtime
  [PASS] res://scripts/ui/components/setup_field_row.gd does not construct ScrollContainer at runtime
  [PASS] res://scripts/ui/components/setup_field_row.gd does not construct Label at runtime
  [PASS] res://scripts/ui/components/setup_field_row.gd does not construct Button at runtime
  [PASS] res://scripts/ui/components/setup_field_row.gd does not construct TextureRect at runtime
  [PASS] res://scripts/ui/components/setup_field_row.gd does not construct ColorRect at runtime
  [PASS] res://scripts/ui/components/setup_field_row.gd does not construct ProgressBar at runtime
  [PASS] res://scripts/ui/components/setup_field_row.gd does not construct LineEdit at runtime
  [PASS] res://scripts/ui/components/setup_field_row.gd does not construct TextEdit at runtime
  [PASS] res://scripts/ui/components/setup_field_row.gd does not construct OptionButton at runtime
  [PASS] res://scripts/ui/components/setup_field_row.gd does not construct CheckBox at runtime
  [PASS] res://scripts/ui/components/setup_field_row.gd does not construct HSlider at runtime
  [PASS] res://scripts/ui/components/setup_field_row.gd does not construct VSlider at runtime
  [PASS] res://scripts/ui/components/setup_field_row.gd does not construct SpinBox at runtime
  [PASS] res://scripts/ui/components/setup_field_row.gd does not construct TabContainer at runtime
  [PASS] res://scripts/ui/components/setup_field_row.gd does not construct CenterContainer at runtime
  [PASS] res://scripts/ui/components/setup_field_row.gd does not construct AspectRatioContainer at runtime
  [PASS] res://scripts/ui/components/setup_field_row.gd does not construct RichTextLabel at runtime
  [PASS] res://scripts/ui/components/sparkline_chart.gd does not construct Control at runtime
  [PASS] res://scripts/ui/components/sparkline_chart.gd does not construct PanelContainer at runtime
  [PASS] res://scripts/ui/components/sparkline_chart.gd does not construct VBoxContainer at runtime
  [PASS] res://scripts/ui/components/sparkline_chart.gd does not construct HBoxContainer at runtime
  [PASS] res://scripts/ui/components/sparkline_chart.gd does not construct GridContainer at runtime
  [PASS] res://scripts/ui/components/sparkline_chart.gd does not construct MarginContainer at runtime
  [PASS] res://scripts/ui/components/sparkline_chart.gd does not construct ScrollContainer at runtime
  [PASS] res://scripts/ui/components/sparkline_chart.gd does not construct Label at runtime
  [PASS] res://scripts/ui/components/sparkline_chart.gd does not construct Button at runtime
  [PASS] res://scripts/ui/components/sparkline_chart.gd does not construct TextureRect at runtime
  [PASS] res://scripts/ui/components/sparkline_chart.gd does not construct ColorRect at runtime
  [PASS] res://scripts/ui/components/sparkline_chart.gd does not construct ProgressBar at runtime
  [PASS] res://scripts/ui/components/sparkline_chart.gd does not construct LineEdit at runtime
  [PASS] res://scripts/ui/components/sparkline_chart.gd does not construct TextEdit at runtime
  [PASS] res://scripts/ui/components/sparkline_chart.gd does not construct OptionButton at runtime
  [PASS] res://scripts/ui/components/sparkline_chart.gd does not construct CheckBox at runtime
  [PASS] res://scripts/ui/components/sparkline_chart.gd does not construct HSlider at runtime
  [PASS] res://scripts/ui/components/sparkline_chart.gd does not construct VSlider at runtime
  [PASS] res://scripts/ui/components/sparkline_chart.gd does not construct SpinBox at runtime
  [PASS] res://scripts/ui/components/sparkline_chart.gd does not construct TabContainer at runtime
  [PASS] res://scripts/ui/components/sparkline_chart.gd does not construct CenterContainer at runtime
  [PASS] res://scripts/ui/components/sparkline_chart.gd does not construct AspectRatioContainer at runtime
  [PASS] res://scripts/ui/components/sparkline_chart.gd does not construct RichTextLabel at runtime
  [PASS] res://scripts/ui/components/technology_detail_card.gd does not construct Control at runtime
  [PASS] res://scripts/ui/components/technology_detail_card.gd does not construct PanelContainer at runtime
  [PASS] res://scripts/ui/components/technology_detail_card.gd does not construct VBoxContainer at runtime
  [PASS] res://scripts/ui/components/technology_detail_card.gd does not construct HBoxContainer at runtime
  [PASS] res://scripts/ui/components/technology_detail_card.gd does not construct GridContainer at runtime
  [PASS] res://scripts/ui/components/technology_detail_card.gd does not construct MarginContainer at runtime
  [PASS] res://scripts/ui/components/technology_detail_card.gd does not construct ScrollContainer at runtime
  [PASS] res://scripts/ui/components/technology_detail_card.gd does not construct Label at runtime
  [PASS] res://scripts/ui/components/technology_detail_card.gd does not construct Button at runtime
  [PASS] res://scripts/ui/components/technology_detail_card.gd does not construct TextureRect at runtime
  [PASS] res://scripts/ui/components/technology_detail_card.gd does not construct ColorRect at runtime
  [PASS] res://scripts/ui/components/technology_detail_card.gd does not construct ProgressBar at runtime
  [PASS] res://scripts/ui/components/technology_detail_card.gd does not construct LineEdit at runtime
  [PASS] res://scripts/ui/components/technology_detail_card.gd does not construct TextEdit at runtime
  [PASS] res://scripts/ui/components/technology_detail_card.gd does not construct OptionButton at runtime
  [PASS] res://scripts/ui/components/technology_detail_card.gd does not construct CheckBox at runtime
  [PASS] res://scripts/ui/components/technology_detail_card.gd does not construct HSlider at runtime
  [PASS] res://scripts/ui/components/technology_detail_card.gd does not construct VSlider at runtime
  [PASS] res://scripts/ui/components/technology_detail_card.gd does not construct SpinBox at runtime
  [PASS] res://scripts/ui/components/technology_detail_card.gd does not construct TabContainer at runtime
  [PASS] res://scripts/ui/components/technology_detail_card.gd does not construct CenterContainer at runtime
  [PASS] res://scripts/ui/components/technology_detail_card.gd does not construct AspectRatioContainer at runtime
  [PASS] res://scripts/ui/components/technology_detail_card.gd does not construct RichTextLabel at runtime
  [PASS] res://scripts/ui/components/technology_overview_view.gd does not construct Control at runtime
  [PASS] res://scripts/ui/components/technology_overview_view.gd does not construct PanelContainer at runtime
  [PASS] res://scripts/ui/components/technology_overview_view.gd does not construct VBoxContainer at runtime
  [PASS] res://scripts/ui/components/technology_overview_view.gd does not construct HBoxContainer at runtime
  [PASS] res://scripts/ui/components/technology_overview_view.gd does not construct GridContainer at runtime
  [PASS] res://scripts/ui/components/technology_overview_view.gd does not construct MarginContainer at runtime
  [PASS] res://scripts/ui/components/technology_overview_view.gd does not construct ScrollContainer at runtime
  [PASS] res://scripts/ui/components/technology_overview_view.gd does not construct Label at runtime
  [PASS] res://scripts/ui/components/technology_overview_view.gd does not construct Button at runtime
  [PASS] res://scripts/ui/components/technology_overview_view.gd does not construct TextureRect at runtime
  [PASS] res://scripts/ui/components/technology_overview_view.gd does not construct ColorRect at runtime
  [PASS] res://scripts/ui/components/technology_overview_view.gd does not construct ProgressBar at runtime
  [PASS] res://scripts/ui/components/technology_overview_view.gd does not construct LineEdit at runtime
  [PASS] res://scripts/ui/components/technology_overview_view.gd does not construct TextEdit at runtime
  [PASS] res://scripts/ui/components/technology_overview_view.gd does not construct OptionButton at runtime
  [PASS] res://scripts/ui/components/technology_overview_view.gd does not construct CheckBox at runtime
  [PASS] res://scripts/ui/components/technology_overview_view.gd does not construct HSlider at runtime
  [PASS] res://scripts/ui/components/technology_overview_view.gd does not construct VSlider at runtime
  [PASS] res://scripts/ui/components/technology_overview_view.gd does not construct SpinBox at runtime
  [PASS] res://scripts/ui/components/technology_overview_view.gd does not construct TabContainer at runtime
  [PASS] res://scripts/ui/components/technology_overview_view.gd does not construct CenterContainer at runtime
  [PASS] res://scripts/ui/components/technology_overview_view.gd does not construct AspectRatioContainer at runtime
  [PASS] res://scripts/ui/components/technology_overview_view.gd does not construct RichTextLabel at runtime
  [PASS] res://scripts/ui/components/technology_queue_drop_zone.gd does not construct Control at runtime
  [PASS] res://scripts/ui/components/technology_queue_drop_zone.gd does not construct PanelContainer at runtime
  [PASS] res://scripts/ui/components/technology_queue_drop_zone.gd does not construct VBoxContainer at runtime
  [PASS] res://scripts/ui/components/technology_queue_drop_zone.gd does not construct HBoxContainer at runtime
  [PASS] res://scripts/ui/components/technology_queue_drop_zone.gd does not construct GridContainer at runtime
  [PASS] res://scripts/ui/components/technology_queue_drop_zone.gd does not construct MarginContainer at runtime
  [PASS] res://scripts/ui/components/technology_queue_drop_zone.gd does not construct ScrollContainer at runtime
  [PASS] res://scripts/ui/components/technology_queue_drop_zone.gd does not construct Label at runtime
  [PASS] res://scripts/ui/components/technology_queue_drop_zone.gd does not construct Button at runtime
  [PASS] res://scripts/ui/components/technology_queue_drop_zone.gd does not construct TextureRect at runtime
  [PASS] res://scripts/ui/components/technology_queue_drop_zone.gd does not construct ColorRect at runtime
  [PASS] res://scripts/ui/components/technology_queue_drop_zone.gd does not construct ProgressBar at runtime
  [PASS] res://scripts/ui/components/technology_queue_drop_zone.gd does not construct LineEdit at runtime
  [PASS] res://scripts/ui/components/technology_queue_drop_zone.gd does not construct TextEdit at runtime
  [PASS] res://scripts/ui/components/technology_queue_drop_zone.gd does not construct OptionButton at runtime
  [PASS] res://scripts/ui/components/technology_queue_drop_zone.gd does not construct CheckBox at runtime
  [PASS] res://scripts/ui/components/technology_queue_drop_zone.gd does not construct HSlider at runtime
  [PASS] res://scripts/ui/components/technology_queue_drop_zone.gd does not construct VSlider at runtime
  [PASS] res://scripts/ui/components/technology_queue_drop_zone.gd does not construct SpinBox at runtime
  [PASS] res://scripts/ui/components/technology_queue_drop_zone.gd does not construct TabContainer at runtime
  [PASS] res://scripts/ui/components/technology_queue_drop_zone.gd does not construct CenterContainer at runtime
  [PASS] res://scripts/ui/components/technology_queue_drop_zone.gd does not construct AspectRatioContainer at runtime
  [PASS] res://scripts/ui/components/technology_queue_drop_zone.gd does not construct RichTextLabel at runtime
  [PASS] res://scripts/ui/components/technology_queue_row.gd does not construct Control at runtime
  [PASS] res://scripts/ui/components/technology_queue_row.gd does not construct PanelContainer at runtime
  [PASS] res://scripts/ui/components/technology_queue_row.gd does not construct VBoxContainer at runtime
  [PASS] res://scripts/ui/components/technology_queue_row.gd does not construct HBoxContainer at runtime
  [PASS] res://scripts/ui/components/technology_queue_row.gd does not construct GridContainer at runtime
  [PASS] res://scripts/ui/components/technology_queue_row.gd does not construct MarginContainer at runtime
  [PASS] res://scripts/ui/components/technology_queue_row.gd does not construct ScrollContainer at runtime
  [PASS] res://scripts/ui/components/technology_queue_row.gd does not construct Label at runtime
  [PASS] res://scripts/ui/components/technology_queue_row.gd does not construct Button at runtime
  [PASS] res://scripts/ui/components/technology_queue_row.gd does not construct TextureRect at runtime
  [PASS] res://scripts/ui/components/technology_queue_row.gd does not construct ColorRect at runtime
  [PASS] res://scripts/ui/components/technology_queue_row.gd does not construct ProgressBar at runtime
  [PASS] res://scripts/ui/components/technology_queue_row.gd does not construct LineEdit at runtime
  [PASS] res://scripts/ui/components/technology_queue_row.gd does not construct TextEdit at runtime
  [PASS] res://scripts/ui/components/technology_queue_row.gd does not construct OptionButton at runtime
  [PASS] res://scripts/ui/components/technology_queue_row.gd does not construct CheckBox at runtime
  [PASS] res://scripts/ui/components/technology_queue_row.gd does not construct HSlider at runtime
  [PASS] res://scripts/ui/components/technology_queue_row.gd does not construct VSlider at runtime
  [PASS] res://scripts/ui/components/technology_queue_row.gd does not construct SpinBox at runtime
  [PASS] res://scripts/ui/components/technology_queue_row.gd does not construct TabContainer at runtime
  [PASS] res://scripts/ui/components/technology_queue_row.gd does not construct CenterContainer at runtime
  [PASS] res://scripts/ui/components/technology_queue_row.gd does not construct AspectRatioContainer at runtime
  [PASS] res://scripts/ui/components/technology_queue_row.gd does not construct RichTextLabel at runtime
  [PASS] res://scripts/ui/components/technology_tree_view.gd does not construct Control at runtime
  [PASS] res://scripts/ui/components/technology_tree_view.gd does not construct PanelContainer at runtime
  [PASS] res://scripts/ui/components/technology_tree_view.gd does not construct VBoxContainer at runtime
  [PASS] res://scripts/ui/components/technology_tree_view.gd does not construct HBoxContainer at runtime
  [PASS] res://scripts/ui/components/technology_tree_view.gd does not construct GridContainer at runtime
  [PASS] res://scripts/ui/components/technology_tree_view.gd does not construct MarginContainer at runtime
  [PASS] res://scripts/ui/components/technology_tree_view.gd does not construct ScrollContainer at runtime
  [PASS] res://scripts/ui/components/technology_tree_view.gd does not construct Label at runtime
  [PASS] res://scripts/ui/components/technology_tree_view.gd does not construct Button at runtime
  [PASS] res://scripts/ui/components/technology_tree_view.gd does not construct TextureRect at runtime
  [PASS] res://scripts/ui/components/technology_tree_view.gd does not construct ColorRect at runtime
  [PASS] res://scripts/ui/components/technology_tree_view.gd does not construct ProgressBar at runtime
  [PASS] res://scripts/ui/components/technology_tree_view.gd does not construct LineEdit at runtime
  [PASS] res://scripts/ui/components/technology_tree_view.gd does not construct TextEdit at runtime
  [PASS] res://scripts/ui/components/technology_tree_view.gd does not construct OptionButton at runtime
  [PASS] res://scripts/ui/components/technology_tree_view.gd does not construct CheckBox at runtime
  [PASS] res://scripts/ui/components/technology_tree_view.gd does not construct HSlider at runtime
  [PASS] res://scripts/ui/components/technology_tree_view.gd does not construct VSlider at runtime
  [PASS] res://scripts/ui/components/technology_tree_view.gd does not construct SpinBox at runtime
  [PASS] res://scripts/ui/components/technology_tree_view.gd does not construct TabContainer at runtime
  [PASS] res://scripts/ui/components/technology_tree_view.gd does not construct CenterContainer at runtime
  [PASS] res://scripts/ui/components/technology_tree_view.gd does not construct AspectRatioContainer at runtime
  [PASS] res://scripts/ui/components/technology_tree_view.gd does not construct RichTextLabel at runtime
  [PASS] res://scripts/ui/components/technology_workspace.gd does not construct Control at runtime
  [PASS] res://scripts/ui/components/technology_workspace.gd does not construct PanelContainer at runtime
  [PASS] res://scripts/ui/components/technology_workspace.gd does not construct VBoxContainer at runtime
  [PASS] res://scripts/ui/components/technology_workspace.gd does not construct HBoxContainer at runtime
  [PASS] res://scripts/ui/components/technology_workspace.gd does not construct GridContainer at runtime
  [PASS] res://scripts/ui/components/technology_workspace.gd does not construct MarginContainer at runtime
  [PASS] res://scripts/ui/components/technology_workspace.gd does not construct ScrollContainer at runtime
  [PASS] res://scripts/ui/components/technology_workspace.gd does not construct Label at runtime
  [PASS] res://scripts/ui/components/technology_workspace.gd does not construct Button at runtime
  [PASS] res://scripts/ui/components/technology_workspace.gd does not construct TextureRect at runtime
  [PASS] res://scripts/ui/components/technology_workspace.gd does not construct ColorRect at runtime
  [PASS] res://scripts/ui/components/technology_workspace.gd does not construct ProgressBar at runtime
  [PASS] res://scripts/ui/components/technology_workspace.gd does not construct LineEdit at runtime
  [PASS] res://scripts/ui/components/technology_workspace.gd does not construct TextEdit at runtime
  [PASS] res://scripts/ui/components/technology_workspace.gd does not construct OptionButton at runtime
  [PASS] res://scripts/ui/components/technology_workspace.gd does not construct CheckBox at runtime
  [PASS] res://scripts/ui/components/technology_workspace.gd does not construct HSlider at runtime
  [PASS] res://scripts/ui/components/technology_workspace.gd does not construct VSlider at runtime
  [PASS] res://scripts/ui/components/technology_workspace.gd does not construct SpinBox at runtime
  [PASS] res://scripts/ui/components/technology_workspace.gd does not construct TabContainer at runtime
  [PASS] res://scripts/ui/components/technology_workspace.gd does not construct CenterContainer at runtime
  [PASS] res://scripts/ui/components/technology_workspace.gd does not construct AspectRatioContainer at runtime
  [PASS] res://scripts/ui/components/technology_workspace.gd does not construct RichTextLabel at runtime
  [PASS] res://scripts/ui/components/world_loading_overlay.gd does not construct Control at runtime
  [PASS] res://scripts/ui/components/world_loading_overlay.gd does not construct PanelContainer at runtime
  [PASS] res://scripts/ui/components/world_loading_overlay.gd does not construct VBoxContainer at runtime
  [PASS] res://scripts/ui/components/world_loading_overlay.gd does not construct HBoxContainer at runtime
  [PASS] res://scripts/ui/components/world_loading_overlay.gd does not construct GridContainer at runtime
  [PASS] res://scripts/ui/components/world_loading_overlay.gd does not construct MarginContainer at runtime
  [PASS] res://scripts/ui/components/world_loading_overlay.gd does not construct ScrollContainer at runtime
  [PASS] res://scripts/ui/components/world_loading_overlay.gd does not construct Label at runtime
  [PASS] res://scripts/ui/components/world_loading_overlay.gd does not construct Button at runtime
  [PASS] res://scripts/ui/components/world_loading_overlay.gd does not construct TextureRect at runtime
  [PASS] res://scripts/ui/components/world_loading_overlay.gd does not construct ColorRect at runtime
  [PASS] res://scripts/ui/components/world_loading_overlay.gd does not construct ProgressBar at runtime
  [PASS] res://scripts/ui/components/world_loading_overlay.gd does not construct LineEdit at runtime
  [PASS] res://scripts/ui/components/world_loading_overlay.gd does not construct TextEdit at runtime
  [PASS] res://scripts/ui/components/world_loading_overlay.gd does not construct OptionButton at runtime
  [PASS] res://scripts/ui/components/world_loading_overlay.gd does not construct CheckBox at runtime
  [PASS] res://scripts/ui/components/world_loading_overlay.gd does not construct HSlider at runtime
  [PASS] res://scripts/ui/components/world_loading_overlay.gd does not construct VSlider at runtime
  [PASS] res://scripts/ui/components/world_loading_overlay.gd does not construct SpinBox at runtime
  [PASS] res://scripts/ui/components/world_loading_overlay.gd does not construct TabContainer at runtime
  [PASS] res://scripts/ui/components/world_loading_overlay.gd does not construct CenterContainer at runtime
  [PASS] res://scripts/ui/components/world_loading_overlay.gd does not construct AspectRatioContainer at runtime
  [PASS] res://scripts/ui/components/world_loading_overlay.gd does not construct RichTextLabel at runtime
  [PASS] res://scripts/ui/country_view_model.gd does not construct Control at runtime
  [PASS] res://scripts/ui/country_view_model.gd does not construct PanelContainer at runtime
  [PASS] res://scripts/ui/country_view_model.gd does not construct VBoxContainer at runtime
  [PASS] res://scripts/ui/country_view_model.gd does not construct HBoxContainer at runtime
  [PASS] res://scripts/ui/country_view_model.gd does not construct GridContainer at runtime
  [PASS] res://scripts/ui/country_view_model.gd does not construct MarginContainer at runtime
  [PASS] res://scripts/ui/country_view_model.gd does not construct ScrollContainer at runtime
  [PASS] res://scripts/ui/country_view_model.gd does not construct Label at runtime
  [PASS] res://scripts/ui/country_view_model.gd does not construct Button at runtime
  [PASS] res://scripts/ui/country_view_model.gd does not construct TextureRect at runtime
  [PASS] res://scripts/ui/country_view_model.gd does not construct ColorRect at runtime
  [PASS] res://scripts/ui/country_view_model.gd does not construct ProgressBar at runtime
  [PASS] res://scripts/ui/country_view_model.gd does not construct LineEdit at runtime
  [PASS] res://scripts/ui/country_view_model.gd does not construct TextEdit at runtime
  [PASS] res://scripts/ui/country_view_model.gd does not construct OptionButton at runtime
  [PASS] res://scripts/ui/country_view_model.gd does not construct CheckBox at runtime
  [PASS] res://scripts/ui/country_view_model.gd does not construct HSlider at runtime
  [PASS] res://scripts/ui/country_view_model.gd does not construct VSlider at runtime
  [PASS] res://scripts/ui/country_view_model.gd does not construct SpinBox at runtime
  [PASS] res://scripts/ui/country_view_model.gd does not construct TabContainer at runtime
  [PASS] res://scripts/ui/country_view_model.gd does not construct CenterContainer at runtime
  [PASS] res://scripts/ui/country_view_model.gd does not construct AspectRatioContainer at runtime
  [PASS] res://scripts/ui/country_view_model.gd does not construct RichTextLabel at runtime
  [PASS] res://scripts/ui/economy_data_recorder.gd does not construct Control at runtime
  [PASS] res://scripts/ui/economy_data_recorder.gd does not construct PanelContainer at runtime
  [PASS] res://scripts/ui/economy_data_recorder.gd does not construct VBoxContainer at runtime
  [PASS] res://scripts/ui/economy_data_recorder.gd does not construct HBoxContainer at runtime
  [PASS] res://scripts/ui/economy_data_recorder.gd does not construct GridContainer at runtime
  [PASS] res://scripts/ui/economy_data_recorder.gd does not construct MarginContainer at runtime
  [PASS] res://scripts/ui/economy_data_recorder.gd does not construct ScrollContainer at runtime
  [PASS] res://scripts/ui/economy_data_recorder.gd does not construct Label at runtime
  [PASS] res://scripts/ui/economy_data_recorder.gd does not construct Button at runtime
  [PASS] res://scripts/ui/economy_data_recorder.gd does not construct TextureRect at runtime
  [PASS] res://scripts/ui/economy_data_recorder.gd does not construct ColorRect at runtime
  [PASS] res://scripts/ui/economy_data_recorder.gd does not construct ProgressBar at runtime
  [PASS] res://scripts/ui/economy_data_recorder.gd does not construct LineEdit at runtime
  [PASS] res://scripts/ui/economy_data_recorder.gd does not construct TextEdit at runtime
  [PASS] res://scripts/ui/economy_data_recorder.gd does not construct OptionButton at runtime
  [PASS] res://scripts/ui/economy_data_recorder.gd does not construct CheckBox at runtime
  [PASS] res://scripts/ui/economy_data_recorder.gd does not construct HSlider at runtime
  [PASS] res://scripts/ui/economy_data_recorder.gd does not construct VSlider at runtime
  [PASS] res://scripts/ui/economy_data_recorder.gd does not construct SpinBox at runtime
  [PASS] res://scripts/ui/economy_data_recorder.gd does not construct TabContainer at runtime
  [PASS] res://scripts/ui/economy_data_recorder.gd does not construct CenterContainer at runtime
  [PASS] res://scripts/ui/economy_data_recorder.gd does not construct AspectRatioContainer at runtime
  [PASS] res://scripts/ui/economy_data_recorder.gd does not construct RichTextLabel at runtime
  [PASS] res://scripts/ui/era_reward_dialog.gd does not construct Control at runtime
  [PASS] res://scripts/ui/era_reward_dialog.gd does not construct PanelContainer at runtime
  [PASS] res://scripts/ui/era_reward_dialog.gd does not construct VBoxContainer at runtime
  [PASS] res://scripts/ui/era_reward_dialog.gd does not construct HBoxContainer at runtime
  [PASS] res://scripts/ui/era_reward_dialog.gd does not construct GridContainer at runtime
  [PASS] res://scripts/ui/era_reward_dialog.gd does not construct MarginContainer at runtime
  [PASS] res://scripts/ui/era_reward_dialog.gd does not construct ScrollContainer at runtime
  [PASS] res://scripts/ui/era_reward_dialog.gd does not construct Label at runtime
  [PASS] res://scripts/ui/era_reward_dialog.gd does not construct Button at runtime
  [PASS] res://scripts/ui/era_reward_dialog.gd does not construct TextureRect at runtime
  [PASS] res://scripts/ui/era_reward_dialog.gd does not construct ColorRect at runtime
  [PASS] res://scripts/ui/era_reward_dialog.gd does not construct ProgressBar at runtime
  [PASS] res://scripts/ui/era_reward_dialog.gd does not construct LineEdit at runtime
  [PASS] res://scripts/ui/era_reward_dialog.gd does not construct TextEdit at runtime
  [PASS] res://scripts/ui/era_reward_dialog.gd does not construct OptionButton at runtime
  [PASS] res://scripts/ui/era_reward_dialog.gd does not construct CheckBox at runtime
  [PASS] res://scripts/ui/era_reward_dialog.gd does not construct HSlider at runtime
  [PASS] res://scripts/ui/era_reward_dialog.gd does not construct VSlider at runtime
  [PASS] res://scripts/ui/era_reward_dialog.gd does not construct SpinBox at runtime
  [PASS] res://scripts/ui/era_reward_dialog.gd does not construct TabContainer at runtime
  [PASS] res://scripts/ui/era_reward_dialog.gd does not construct CenterContainer at runtime
  [PASS] res://scripts/ui/era_reward_dialog.gd does not construct AspectRatioContainer at runtime
  [PASS] res://scripts/ui/era_reward_dialog.gd does not construct RichTextLabel at runtime
  [PASS] res://scripts/ui/game_ui_manager.gd does not construct Control at runtime
  [PASS] res://scripts/ui/game_ui_manager.gd does not construct PanelContainer at runtime
  [PASS] res://scripts/ui/game_ui_manager.gd does not construct VBoxContainer at runtime
  [PASS] res://scripts/ui/game_ui_manager.gd does not construct HBoxContainer at runtime
  [PASS] res://scripts/ui/game_ui_manager.gd does not construct GridContainer at runtime
  [PASS] res://scripts/ui/game_ui_manager.gd does not construct MarginContainer at runtime
  [PASS] res://scripts/ui/game_ui_manager.gd does not construct ScrollContainer at runtime
  [PASS] res://scripts/ui/game_ui_manager.gd does not construct Label at runtime
  [PASS] res://scripts/ui/game_ui_manager.gd does not construct Button at runtime
  [PASS] res://scripts/ui/game_ui_manager.gd does not construct TextureRect at runtime
  [PASS] res://scripts/ui/game_ui_manager.gd does not construct ColorRect at runtime
  [PASS] res://scripts/ui/game_ui_manager.gd does not construct ProgressBar at runtime
  [PASS] res://scripts/ui/game_ui_manager.gd does not construct LineEdit at runtime
  [PASS] res://scripts/ui/game_ui_manager.gd does not construct TextEdit at runtime
  [PASS] res://scripts/ui/game_ui_manager.gd does not construct OptionButton at runtime
  [PASS] res://scripts/ui/game_ui_manager.gd does not construct CheckBox at runtime
  [PASS] res://scripts/ui/game_ui_manager.gd does not construct HSlider at runtime
  [PASS] res://scripts/ui/game_ui_manager.gd does not construct VSlider at runtime
  [PASS] res://scripts/ui/game_ui_manager.gd does not construct SpinBox at runtime
  [PASS] res://scripts/ui/game_ui_manager.gd does not construct TabContainer at runtime
  [PASS] res://scripts/ui/game_ui_manager.gd does not construct CenterContainer at runtime
  [PASS] res://scripts/ui/game_ui_manager.gd does not construct AspectRatioContainer at runtime
  [PASS] res://scripts/ui/game_ui_manager.gd does not construct RichTextLabel at runtime
  [PASS] res://scripts/ui/gm_panel_view_model.gd does not construct Control at runtime
  [PASS] res://scripts/ui/gm_panel_view_model.gd does not construct PanelContainer at runtime
  [PASS] res://scripts/ui/gm_panel_view_model.gd does not construct VBoxContainer at runtime
  [PASS] res://scripts/ui/gm_panel_view_model.gd does not construct HBoxContainer at runtime
  [PASS] res://scripts/ui/gm_panel_view_model.gd does not construct GridContainer at runtime
  [PASS] res://scripts/ui/gm_panel_view_model.gd does not construct MarginContainer at runtime
  [PASS] res://scripts/ui/gm_panel_view_model.gd does not construct ScrollContainer at runtime
  [PASS] res://scripts/ui/gm_panel_view_model.gd does not construct Label at runtime
  [PASS] res://scripts/ui/gm_panel_view_model.gd does not construct Button at runtime
  [PASS] res://scripts/ui/gm_panel_view_model.gd does not construct TextureRect at runtime
  [PASS] res://scripts/ui/gm_panel_view_model.gd does not construct ColorRect at runtime
  [PASS] res://scripts/ui/gm_panel_view_model.gd does not construct ProgressBar at runtime
  [PASS] res://scripts/ui/gm_panel_view_model.gd does not construct LineEdit at runtime
  [PASS] res://scripts/ui/gm_panel_view_model.gd does not construct TextEdit at runtime
  [PASS] res://scripts/ui/gm_panel_view_model.gd does not construct OptionButton at runtime
  [PASS] res://scripts/ui/gm_panel_view_model.gd does not construct CheckBox at runtime
  [PASS] res://scripts/ui/gm_panel_view_model.gd does not construct HSlider at runtime
  [PASS] res://scripts/ui/gm_panel_view_model.gd does not construct VSlider at runtime
  [PASS] res://scripts/ui/gm_panel_view_model.gd does not construct SpinBox at runtime
  [PASS] res://scripts/ui/gm_panel_view_model.gd does not construct TabContainer at runtime
  [PASS] res://scripts/ui/gm_panel_view_model.gd does not construct CenterContainer at runtime
  [PASS] res://scripts/ui/gm_panel_view_model.gd does not construct AspectRatioContainer at runtime
  [PASS] res://scripts/ui/gm_panel_view_model.gd does not construct RichTextLabel at runtime
  [PASS] res://scripts/ui/icon_catalog.gd does not construct Control at runtime
  [PASS] res://scripts/ui/icon_catalog.gd does not construct PanelContainer at runtime
  [PASS] res://scripts/ui/icon_catalog.gd does not construct VBoxContainer at runtime
  [PASS] res://scripts/ui/icon_catalog.gd does not construct HBoxContainer at runtime
  [PASS] res://scripts/ui/icon_catalog.gd does not construct GridContainer at runtime
  [PASS] res://scripts/ui/icon_catalog.gd does not construct MarginContainer at runtime
  [PASS] res://scripts/ui/icon_catalog.gd does not construct ScrollContainer at runtime
  [PASS] res://scripts/ui/icon_catalog.gd does not construct Label at runtime
  [PASS] res://scripts/ui/icon_catalog.gd does not construct Button at runtime
  [PASS] res://scripts/ui/icon_catalog.gd does not construct TextureRect at runtime
  [PASS] res://scripts/ui/icon_catalog.gd does not construct ColorRect at runtime
  [PASS] res://scripts/ui/icon_catalog.gd does not construct ProgressBar at runtime
  [PASS] res://scripts/ui/icon_catalog.gd does not construct LineEdit at runtime
  [PASS] res://scripts/ui/icon_catalog.gd does not construct TextEdit at runtime
  [PASS] res://scripts/ui/icon_catalog.gd does not construct OptionButton at runtime
  [PASS] res://scripts/ui/icon_catalog.gd does not construct CheckBox at runtime
  [PASS] res://scripts/ui/icon_catalog.gd does not construct HSlider at runtime
  [PASS] res://scripts/ui/icon_catalog.gd does not construct VSlider at runtime
  [PASS] res://scripts/ui/icon_catalog.gd does not construct SpinBox at runtime
  [PASS] res://scripts/ui/icon_catalog.gd does not construct TabContainer at runtime
  [PASS] res://scripts/ui/icon_catalog.gd does not construct CenterContainer at runtime
  [PASS] res://scripts/ui/icon_catalog.gd does not construct AspectRatioContainer at runtime
  [PASS] res://scripts/ui/icon_catalog.gd does not construct RichTextLabel at runtime
  [PASS] res://scripts/ui/icon_presenter.gd does not construct Control at runtime
  [PASS] res://scripts/ui/icon_presenter.gd does not construct PanelContainer at runtime
  [PASS] res://scripts/ui/icon_presenter.gd does not construct VBoxContainer at runtime
  [PASS] res://scripts/ui/icon_presenter.gd does not construct HBoxContainer at runtime
  [PASS] res://scripts/ui/icon_presenter.gd does not construct GridContainer at runtime
  [PASS] res://scripts/ui/icon_presenter.gd does not construct MarginContainer at runtime
  [PASS] res://scripts/ui/icon_presenter.gd does not construct ScrollContainer at runtime
  [PASS] res://scripts/ui/icon_presenter.gd does not construct Label at runtime
  [PASS] res://scripts/ui/icon_presenter.gd does not construct Button at runtime
  [PASS] res://scripts/ui/icon_presenter.gd does not construct TextureRect at runtime
  [PASS] res://scripts/ui/icon_presenter.gd does not construct ColorRect at runtime
  [PASS] res://scripts/ui/icon_presenter.gd does not construct ProgressBar at runtime
  [PASS] res://scripts/ui/icon_presenter.gd does not construct LineEdit at runtime
  [PASS] res://scripts/ui/icon_presenter.gd does not construct TextEdit at runtime
  [PASS] res://scripts/ui/icon_presenter.gd does not construct OptionButton at runtime
  [PASS] res://scripts/ui/icon_presenter.gd does not construct CheckBox at runtime
  [PASS] res://scripts/ui/icon_presenter.gd does not construct HSlider at runtime
  [PASS] res://scripts/ui/icon_presenter.gd does not construct VSlider at runtime
  [PASS] res://scripts/ui/icon_presenter.gd does not construct SpinBox at runtime
  [PASS] res://scripts/ui/icon_presenter.gd does not construct TabContainer at runtime
  [PASS] res://scripts/ui/icon_presenter.gd does not construct CenterContainer at runtime
  [PASS] res://scripts/ui/icon_presenter.gd does not construct AspectRatioContainer at runtime
  [PASS] res://scripts/ui/icon_presenter.gd does not construct RichTextLabel at runtime
  [PASS] res://scripts/ui/main_menu.gd does not construct Control at runtime
  [PASS] res://scripts/ui/main_menu.gd does not construct PanelContainer at runtime
  [PASS] res://scripts/ui/main_menu.gd does not construct VBoxContainer at runtime
  [PASS] res://scripts/ui/main_menu.gd does not construct HBoxContainer at runtime
  [PASS] res://scripts/ui/main_menu.gd does not construct GridContainer at runtime
  [PASS] res://scripts/ui/main_menu.gd does not construct MarginContainer at runtime
  [PASS] res://scripts/ui/main_menu.gd does not construct ScrollContainer at runtime
  [PASS] res://scripts/ui/main_menu.gd does not construct Label at runtime
  [PASS] res://scripts/ui/main_menu.gd does not construct Button at runtime
  [PASS] res://scripts/ui/main_menu.gd does not construct TextureRect at runtime
  [PASS] res://scripts/ui/main_menu.gd does not construct ColorRect at runtime
  [PASS] res://scripts/ui/main_menu.gd does not construct ProgressBar at runtime
  [PASS] res://scripts/ui/main_menu.gd does not construct LineEdit at runtime
  [PASS] res://scripts/ui/main_menu.gd does not construct TextEdit at runtime
  [PASS] res://scripts/ui/main_menu.gd does not construct OptionButton at runtime
  [PASS] res://scripts/ui/main_menu.gd does not construct CheckBox at runtime
  [PASS] res://scripts/ui/main_menu.gd does not construct HSlider at runtime
  [PASS] res://scripts/ui/main_menu.gd does not construct VSlider at runtime
  [PASS] res://scripts/ui/main_menu.gd does not construct SpinBox at runtime
  [PASS] res://scripts/ui/main_menu.gd does not construct TabContainer at runtime
  [PASS] res://scripts/ui/main_menu.gd does not construct CenterContainer at runtime
  [PASS] res://scripts/ui/main_menu.gd does not construct AspectRatioContainer at runtime
  [PASS] res://scripts/ui/main_menu.gd does not construct RichTextLabel at runtime
  [PASS] res://scripts/ui/overlay_legend.gd does not construct Control at runtime
  [PASS] res://scripts/ui/overlay_legend.gd does not construct PanelContainer at runtime
  [PASS] res://scripts/ui/overlay_legend.gd does not construct VBoxContainer at runtime
  [PASS] res://scripts/ui/overlay_legend.gd does not construct HBoxContainer at runtime
  [PASS] res://scripts/ui/overlay_legend.gd does not construct GridContainer at runtime
  [PASS] res://scripts/ui/overlay_legend.gd does not construct MarginContainer at runtime
  [PASS] res://scripts/ui/overlay_legend.gd does not construct ScrollContainer at runtime
  [PASS] res://scripts/ui/overlay_legend.gd does not construct Label at runtime
  [PASS] res://scripts/ui/overlay_legend.gd does not construct Button at runtime
  [PASS] res://scripts/ui/overlay_legend.gd does not construct TextureRect at runtime
  [PASS] res://scripts/ui/overlay_legend.gd does not construct ColorRect at runtime
  [PASS] res://scripts/ui/overlay_legend.gd does not construct ProgressBar at runtime
  [PASS] res://scripts/ui/overlay_legend.gd does not construct LineEdit at runtime
  [PASS] res://scripts/ui/overlay_legend.gd does not construct TextEdit at runtime
  [PASS] res://scripts/ui/overlay_legend.gd does not construct OptionButton at runtime
  [PASS] res://scripts/ui/overlay_legend.gd does not construct CheckBox at runtime
  [PASS] res://scripts/ui/overlay_legend.gd does not construct HSlider at runtime
  [PASS] res://scripts/ui/overlay_legend.gd does not construct VSlider at runtime
  [PASS] res://scripts/ui/overlay_legend.gd does not construct SpinBox at runtime
  [PASS] res://scripts/ui/overlay_legend.gd does not construct TabContainer at runtime
  [PASS] res://scripts/ui/overlay_legend.gd does not construct CenterContainer at runtime
  [PASS] res://scripts/ui/overlay_legend.gd does not construct AspectRatioContainer at runtime
  [PASS] res://scripts/ui/overlay_legend.gd does not construct RichTextLabel at runtime
  [PASS] res://scripts/ui/technology_tree_layout.gd does not construct Control at runtime
  [PASS] res://scripts/ui/technology_tree_layout.gd does not construct PanelContainer at runtime
  [PASS] res://scripts/ui/technology_tree_layout.gd does not construct VBoxContainer at runtime
  [PASS] res://scripts/ui/technology_tree_layout.gd does not construct HBoxContainer at runtime
  [PASS] res://scripts/ui/technology_tree_layout.gd does not construct GridContainer at runtime
  [PASS] res://scripts/ui/technology_tree_layout.gd does not construct MarginContainer at runtime
  [PASS] res://scripts/ui/technology_tree_layout.gd does not construct ScrollContainer at runtime
  [PASS] res://scripts/ui/technology_tree_layout.gd does not construct Label at runtime
  [PASS] res://scripts/ui/technology_tree_layout.gd does not construct Button at runtime
  [PASS] res://scripts/ui/technology_tree_layout.gd does not construct TextureRect at runtime
  [PASS] res://scripts/ui/technology_tree_layout.gd does not construct ColorRect at runtime
  [PASS] res://scripts/ui/technology_tree_layout.gd does not construct ProgressBar at runtime
  [PASS] res://scripts/ui/technology_tree_layout.gd does not construct LineEdit at runtime
  [PASS] res://scripts/ui/technology_tree_layout.gd does not construct TextEdit at runtime
  [PASS] res://scripts/ui/technology_tree_layout.gd does not construct OptionButton at runtime
  [PASS] res://scripts/ui/technology_tree_layout.gd does not construct CheckBox at runtime
  [PASS] res://scripts/ui/technology_tree_layout.gd does not construct HSlider at runtime
  [PASS] res://scripts/ui/technology_tree_layout.gd does not construct VSlider at runtime
  [PASS] res://scripts/ui/technology_tree_layout.gd does not construct SpinBox at runtime
  [PASS] res://scripts/ui/technology_tree_layout.gd does not construct TabContainer at runtime
  [PASS] res://scripts/ui/technology_tree_layout.gd does not construct CenterContainer at runtime
  [PASS] res://scripts/ui/technology_tree_layout.gd does not construct AspectRatioContainer at runtime
  [PASS] res://scripts/ui/technology_tree_layout.gd does not construct RichTextLabel at runtime
  [PASS] res://scripts/ui/ui_animation.gd does not construct Control at runtime
  [PASS] res://scripts/ui/ui_animation.gd does not construct PanelContainer at runtime
  [PASS] res://scripts/ui/ui_animation.gd does not construct VBoxContainer at runtime
  [PASS] res://scripts/ui/ui_animation.gd does not construct HBoxContainer at runtime
  [PASS] res://scripts/ui/ui_animation.gd does not construct GridContainer at runtime
  [PASS] res://scripts/ui/ui_animation.gd does not construct MarginContainer at runtime
  [PASS] res://scripts/ui/ui_animation.gd does not construct ScrollContainer at runtime
  [PASS] res://scripts/ui/ui_animation.gd does not construct Label at runtime
  [PASS] res://scripts/ui/ui_animation.gd does not construct Button at runtime
  [PASS] res://scripts/ui/ui_animation.gd does not construct TextureRect at runtime
  [PASS] res://scripts/ui/ui_animation.gd does not construct ColorRect at runtime
  [PASS] res://scripts/ui/ui_animation.gd does not construct ProgressBar at runtime
  [PASS] res://scripts/ui/ui_animation.gd does not construct LineEdit at runtime
  [PASS] res://scripts/ui/ui_animation.gd does not construct TextEdit at runtime
  [PASS] res://scripts/ui/ui_animation.gd does not construct OptionButton at runtime
  [PASS] res://scripts/ui/ui_animation.gd does not construct CheckBox at runtime
  [PASS] res://scripts/ui/ui_animation.gd does not construct HSlider at runtime
  [PASS] res://scripts/ui/ui_animation.gd does not construct VSlider at runtime
  [PASS] res://scripts/ui/ui_animation.gd does not construct SpinBox at runtime
  [PASS] res://scripts/ui/ui_animation.gd does not construct TabContainer at runtime
  [PASS] res://scripts/ui/ui_animation.gd does not construct CenterContainer at runtime
  [PASS] res://scripts/ui/ui_animation.gd does not construct AspectRatioContainer at runtime
  [PASS] res://scripts/ui/ui_animation.gd does not construct RichTextLabel at runtime
  [PASS] res://scripts/ui/ui_tokens.gd does not construct Control at runtime
  [PASS] res://scripts/ui/ui_tokens.gd does not construct PanelContainer at runtime
  [PASS] res://scripts/ui/ui_tokens.gd does not construct VBoxContainer at runtime
  [PASS] res://scripts/ui/ui_tokens.gd does not construct HBoxContainer at runtime
  [PASS] res://scripts/ui/ui_tokens.gd does not construct GridContainer at runtime
  [PASS] res://scripts/ui/ui_tokens.gd does not construct MarginContainer at runtime
  [PASS] res://scripts/ui/ui_tokens.gd does not construct ScrollContainer at runtime
  [PASS] res://scripts/ui/ui_tokens.gd does not construct Label at runtime
  [PASS] res://scripts/ui/ui_tokens.gd does not construct Button at runtime
  [PASS] res://scripts/ui/ui_tokens.gd does not construct TextureRect at runtime
  [PASS] res://scripts/ui/ui_tokens.gd does not construct ColorRect at runtime
  [PASS] res://scripts/ui/ui_tokens.gd does not construct ProgressBar at runtime
  [PASS] res://scripts/ui/ui_tokens.gd does not construct LineEdit at runtime
  [PASS] res://scripts/ui/ui_tokens.gd does not construct TextEdit at runtime
  [PASS] res://scripts/ui/ui_tokens.gd does not construct OptionButton at runtime
  [PASS] res://scripts/ui/ui_tokens.gd does not construct CheckBox at runtime
  [PASS] res://scripts/ui/ui_tokens.gd does not construct HSlider at runtime
  [PASS] res://scripts/ui/ui_tokens.gd does not construct VSlider at runtime
  [PASS] res://scripts/ui/ui_tokens.gd does not construct SpinBox at runtime
  [PASS] res://scripts/ui/ui_tokens.gd does not construct TabContainer at runtime
  [PASS] res://scripts/ui/ui_tokens.gd does not construct CenterContainer at runtime
  [PASS] res://scripts/ui/ui_tokens.gd does not construct AspectRatioContainer at runtime
  [PASS] res://scripts/ui/ui_tokens.gd does not construct RichTextLabel at runtime
  [PASS] res://scripts/ui/world_setup.gd does not construct Control at runtime
  [PASS] res://scripts/ui/world_setup.gd does not construct PanelContainer at runtime
  [PASS] res://scripts/ui/world_setup.gd does not construct VBoxContainer at runtime
  [PASS] res://scripts/ui/world_setup.gd does not construct HBoxContainer at runtime
  [PASS] res://scripts/ui/world_setup.gd does not construct GridContainer at runtime
  [PASS] res://scripts/ui/world_setup.gd does not construct MarginContainer at runtime
  [PASS] res://scripts/ui/world_setup.gd does not construct ScrollContainer at runtime
  [PASS] res://scripts/ui/world_setup.gd does not construct Label at runtime
  [PASS] res://scripts/ui/world_setup.gd does not construct Button at runtime
  [PASS] res://scripts/ui/world_setup.gd does not construct TextureRect at runtime
  [PASS] res://scripts/ui/world_setup.gd does not construct ColorRect at runtime
  [PASS] res://scripts/ui/world_setup.gd does not construct ProgressBar at runtime
  [PASS] res://scripts/ui/world_setup.gd does not construct LineEdit at runtime
  [PASS] res://scripts/ui/world_setup.gd does not construct TextEdit at runtime
  [PASS] res://scripts/ui/world_setup.gd does not construct OptionButton at runtime
  [PASS] res://scripts/ui/world_setup.gd does not construct CheckBox at runtime
  [PASS] res://scripts/ui/world_setup.gd does not construct HSlider at runtime
  [PASS] res://scripts/ui/world_setup.gd does not construct VSlider at runtime
  [PASS] res://scripts/ui/world_setup.gd does not construct SpinBox at runtime
  [PASS] res://scripts/ui/world_setup.gd does not construct TabContainer at runtime
  [PASS] res://scripts/ui/world_setup.gd does not construct CenterContainer at runtime
  [PASS] res://scripts/ui/world_setup.gd does not construct AspectRatioContainer at runtime
  [PASS] res://scripts/ui/world_setup.gd does not construct RichTextLabel at runtime
ui scene structure: 25 failures
Godot_v4.6.2-stable_win64_console.exe : ERROR: 20 RID allocations of type 'PN13RendererDummy14TextureStorage12DummyText
ureE' were leaked at exit.
所在位置 C:\Users\hkinghuang\AppData\Local\Temp\ps-script-363f3644-7aa2-4623-bad8-483e97d7110b.ps1:93 字符: 1
+ & $godot --headless --path $project --script res://tests/ui_scene_str ...
+ ~~~~~~~~~~~~~~~~~~~~~~~~~~~~~~~~~~~~~~~~~~~~~~~~~~~~~~~~~~~~~~~~~~~~~
    + CategoryInfo          : NotSpecified: (ERROR: 20 RID a...leaked at exit.:String) [], RemoteException
    + FullyQualifiedErrorId : NativeCommandError
 
ERROR: 1 RID allocations of type 'PN18TextServerAdvanced22ShapedTextDataAdvancedE' were leaked at exit.
ERROR: 1 RID allocations of type 'PN18TextServerAdvanced12FontAdvancedE' were leaked at exit.
WARNING: ObjectDB instances leaked at exit (run with --verbose for details).
   at: cleanup (core/object/object.cpp:2641)
ERROR: 96 resources still in use at exit (run with --verbose for details).
   at: clear (core/io/resource.cpp:810)
