Godot Engine v4.6.2.stable.official.71f334935 - https://godotengine.org

[   0% ] [90m[1mfirst_scan_filesystem[22m | Started 椤圭洰鍒濆鍖?(5 steps)[39m[0m
[   0% ] [90m[1mfirst_scan_filesystem[22m | 姝ｅ湪鎵弿鏂囦欢缁撴瀯鈥︹€?[39m[0m
[  16% ] [90m[1mfirst_scan_filesystem[22m | 姝ｅ湪鍔犺浇鍏ㄥ眬绫诲悕鈥︹€?[39m[0m
[  33% ] [90m[1mfirst_scan_filesystem[22m | 姝ｅ湪鏍￠獙 GDExtension鈥︹€?[39m[0m
[  50% ] [90m[1mfirst_scan_filesystem[22m | 姝ｅ湪鍒涘缓鑷姩鍔犺浇鑴氭湰鈥︹€?[39m[0m
[  66% ] [90m[1mfirst_scan_filesystem[22m | 姝ｅ湪鍒濆鍖栨彃浠垛€︹€?[39m[0m
[  83% ] [90m[1mfirst_scan_filesystem[22m | 姝ｅ湪鍚姩鏂囦欢鎵弿鈥︹€?[39m[0m
[92m[ DONE ][39m [1mfirst_scan_filesystem[22m
[0m
[   0% ] [90m[1msavepack[22m | Started 鎵撳寘涓?(102 steps)[39m[0m
[   1% ] [90m[1msavepack[22m | 淇濆瓨鏂囦欢锛歳es://.godot/imported/dyn_lut.png-54508364bcaa28b67c4fb4f0c1eed500.ctex[39m[0m
[   1% ] [90m[1msavepack[22m | 淇濆瓨鏂囦欢锛歳es://_debug_atlas/dyn_lut.png.import[39m[0m
[   1% ] [90m[1msavepack[22m | 淇濆瓨鏂囦欢锛歳es://.godot/imported/enum_lut.png-8ece78a9bc6a269dd7cd2ac0d8bbfa4f.ctex[39m[0m
[   1% ] [90m[1msavepack[22m | 淇濆瓨鏂囦欢锛歳es://_debug_atlas/enum_lut.png.import[39m[0m
[   1% ] [90m[1msavepack[22m | 淇濆瓨鏂囦欢锛歳es://addons/climate_profile_inspector/climate_profile_inspector_plugin.gdc[39m[0m
[   1% ] [90m[1msavepack[22m | 淇濆瓨鏂囦欢锛歳es://addons/climate_profile_inspector/climate_profile_property.gdc[39m[0m
[   1% ] [90m[1msavepack[22m | 淇濆瓨鏂囦欢锛歳es://addons/climate_profile_inspector/plugin.gdc[39m[0m
[   1% ] [90m[1msavepack[22m | 淇濆瓨鏂囦欢锛歳es://addons/dots_ext/dots_ext.gdextension[39m[0m
[   1% ] [90m[1msavepack[22m | 淇濆瓨鏂囦欢锛歳es://.godot/imported/fa-solid-900.woff2-4df2b9ac1f0a2dcdc24e425e47923ff2.fontdata[39m[0m
[   1% ] [90m[1msavepack[22m | 淇濆瓨鏂囦欢锛歳es://assets/fonts/fontawesome/fa-solid-900.woff2.import[39m[0m
[   1% ] [90m[1msavepack[22m | 淇濆瓨鏂囦欢锛歳es://.godot/imported/SourceHanSansCN-VF.woff2-fb35493858adca2fecc480c8634fb6ab.fontdata[39m[0m
[   1% ] [90m[1msavepack[22m | 淇濆瓨鏂囦欢锛歳es://assets/fonts/source_han/SourceHanSansCN-VF.woff2.import[39m[0m
[   1% ] [90m[1msavepack[22m | 淇濆瓨鏂囦欢锛歳es://.godot/imported/diplomacy.svg-58a734cec1a2e2a6abec7288e5521804.ctex[39m[0m
[   1% ] [90m[1msavepack[22m | 淇濆瓨鏂囦欢锛歳es://assets/icons/lucide/diplomacy.svg.import[39m[0m
[   1% ] [90m[1msavepack[22m | 淇濆瓨鏂囦欢锛歳es://.godot/imported/military.svg-c1a321977f131c20de2d7a4f3deffe36.ctex[39m[0m
[   1% ] [90m[1msavepack[22m | 淇濆瓨鏂囦欢锛歳es://assets/icons/lucide/military.svg.import[39m[0m
[   1% ] [90m[1msavepack[22m | 淇濆瓨鏂囦欢锛歳es://.godot/imported/politics.svg-28342428837ac6b0fccc1cf2e91fd0e9.ctex[39m[0m
[   1% ] [90m[1msavepack[22m | 淇濆瓨鏂囦欢锛歳es://assets/icons/lucide/politics.svg.import[39m[0m
[   1% ] [90m[1msavepack[22m | 淇濆瓨鏂囦欢锛歳es://.godot/imported/taxation.svg-ed2a0f6a5208f66e0263f67237f2d789.ctex[39m[0m
[   1% ] [90m[1msavepack[22m | 淇濆瓨鏂囦欢锛歳es://assets/icons/lucide/taxation.svg.import[39m[0m
[   2% ] [90m[1msavepack[22m | 淇濆瓨鏂囦欢锛歳es://.godot/imported/technology.svg-09f037e9a28f3501ebc316cd88a4170e.ctex[39m[0m
[   2% ] [90m[1msavepack[22m | 淇濆瓨鏂囦欢锛歳es://assets/icons/lucide/technology.svg.import[39m[0m
[   2% ] [90m[1msavepack[22m | 淇濆瓨鏂囦欢锛歳es://.godot/imported/affairs.svg-8646c7ababd8199f6bfe39ccf68a2de1.ctex[39m[0m
[   2% ] [90m[1msavepack[22m | 淇濆瓨鏂囦欢锛歳es://assets/icons/tabler/affairs.svg.import[39m[0m
[   2% ] [90m[1msavepack[22m | 淇濆瓨鏂囦欢锛歳es://.godot/imported/goods.svg-e55663730df1b69b8aec518e4ccff804.ctex[39m[0m
[   2% ] [90m[1msavepack[22m | 淇濆瓨鏂囦欢锛歳es://assets/icons/tabler/goods.svg.import[39m[0m
[   2% ] [90m[1msavepack[22m | 淇濆瓨鏂囦欢锛歳es://.godot/imported/technology.svg-bc2787a0678e74777f9ca455ff97bb29.ctex[39m[0m
[   2% ] [90m[1msavepack[22m | 淇濆瓨鏂囦欢锛歳es://assets/icons/tabler/technology.svg.import[39m[0m
[   2% ] [90m[1msavepack[22m | 淇濆瓨鏂囦欢锛歳es://.godot/imported/territory.svg-b2f5c91185bc1bd8e279dd17ca418aca.ctex[39m[0m
[   2% ] [90m[1msavepack[22m | 淇濆瓨鏂囦欢锛歳es://assets/icons/tabler/territory.svg.import[39m[0m
[   2% ] [90m[1msavepack[22m | 淇濆瓨鏂囦欢锛歳es://.godot/imported/treasury.svg-af45a851f959263cc97ba70bb7776edb.ctex[39m[0m
[   2% ] [90m[1msavepack[22m | 淇濆瓨鏂囦欢锛歳es://assets/icons/tabler/treasury.svg.import[39m[0m
[   2% ] [90m[1msavepack[22m | 淇濆瓨鏂囦欢锛歳es://.godot/imported/dry_sand.png-b95be720936baacedd9c782a17b7e24b.ctex[39m[0m
[   2% ] [90m[1msavepack[22m | 淇濆瓨鏂囦欢锛歳es://assets/textures/terrain_materials/dry_sand.png.import[39m[0m
[   2% ] [90m[1msavepack[22m | 淇濆瓨鏂囦欢锛歳es://.godot/imported/organic.png-735ceaa7739833b564d7c845f5bb533e.ctex[39m[0m
[   2% ] [90m[1msavepack[22m | 淇濆瓨鏂囦欢锛歳es://assets/textures/terrain_materials/organic.png.import[39m[0m
[   2% ] [90m[1msavepack[22m | 淇濆瓨鏂囦欢锛歳es://.godot/imported/rock.png-112595315f3f3e4c957c9b216020a67a.ctex[39m[0m
[   2% ] [90m[1msavepack[22m | 淇濆瓨鏂囦欢锛歳es://assets/textures/terrain_materials/rock.png.import[39m[0m
[   2% ] [90m[1msavepack[22m | 淇濆瓨鏂囦欢锛歳es://.godot/imported/snow_wet.png-02e0143dc2576a40396d839baa3c7c3b.ctex[39m[0m
[   2% ] [90m[1msavepack[22m | 淇濆瓨鏂囦欢锛歳es://assets/textures/terrain_materials/snow_wet.png.import[39m[0m
[   2% ] [90m[1msavepack[22m | 淇濆瓨鏂囦欢锛歳es://.godot/imported/terrain_micro_data.png-d01ac90bec731ae5f69b9ee019dbe6f6.ctex[39m[0m
[   2% ] [90m[1msavepack[22m | 淇濆瓨鏂囦欢锛歳es://assets/textures/terrain_micro_data.png.import[39m[0m
[   2% ] [90m[1msavepack[22m | 淇濆瓨鏂囦欢锛歳es://.godot/exported/133200997/export-16e86a7baff3c87e43d085b611d171d4-player_ui_theme.res[39m[0m
[   3% ] [90m[1msavepack[22m | 淇濆瓨鏂囦欢锛歳es://.godot/exported/133200997/export-382c82f8cc386b3eb163b961375ff375-default_country.res[39m[0m
[   3% ] [90m[1msavepack[22m | 淇濆瓨鏂囦欢锛歳es://.godot/exported/133200997/export-0afc818bb7afad024241a6015c27d267-default_country_names.res[39m[0m
[   3% ] [90m[1msavepack[22m | 淇濆瓨鏂囦欢锛歳es://.godot/exported/133200997/export-c26c4e952b6e23bfbc9c33d40728a71c-advanced_chip_fab.res[39m[0m
[   3% ] [90m[1msavepack[22m | 淇濆瓨鏂囦欢锛歳es://.godot/exported/133200997/export-b33939222f3c15a8bef3ecc06e7b856e-agricultural_machinery_plant.res[39m[0m
[   3% ] [90m[1msavepack[22m | 淇濆瓨鏂囦欢锛歳es://.godot/exported/133200997/export-479edbf89337d7b2b82f87791b457d73-aluminum_plant.res[39m[0m
[   3% ] [90m[1msavepack[22m | 淇濆瓨鏂囦欢锛歳es://.godot/exported/133200997/export-ee449d2d2389fa6d82808e0e6cb8f9f1-automobiles_plant.res[39m[0m
[   3% ] [90m[1msavepack[22m | 淇濆瓨鏂囦欢锛歳es://.godot/exported/133200997/export-714e4a55b9c1322ae3461296d906e8bf-autonomous_systems_plant.res[39m[0m
[   3% ] [90m[1msavepack[22m | 淇濆瓨鏂囦欢锛歳es://.godot/exported/133200997/export-f29003bbb231a7cf0a30cecdab587808-bakery.res[39m[0m
[   3% ] [90m[1msavepack[22m | 淇濆瓨鏂囦欢锛歳es://.godot/exported/133200997/export-30b96cf596a2885baa604d8a5d99032b-basic_electrical_equipment_works.res[39m[0m
[   3% ] [90m[1msavepack[22m | 淇濆瓨鏂囦欢锛歳es://.godot/exported/133200997/export-2b7660ac527287a1e05a6e0056d2cbe9-basic_semiconductor_fab.res[39m[0m
[   3% ] [90m[1msavepack[22m | 淇濆瓨鏂囦欢锛歳es://.godot/exported/133200997/export-e0186c10495251575e608a8fdebdcd3c-batteries_plant.res[39m[0m
[   3% ] [90m[1msavepack[22m | 淇濆瓨鏂囦欢锛歳es://.godot/exported/133200997/export-9525c0f14960387ce477e2a11fdd323b-bauxite_collector.res[39m[0m
[   4% ] [90m[1msavepack[22m | 淇濆瓨鏂囦欢锛歳es://.godot/exported/133200997/export-2e1d13e874f7a3d5c703e969a5912d05-beverages_plant.res[39m[0m
[   4% ] [90m[1msavepack[22m | 淇濆瓨鏂囦欢锛歳es://.godot/exported/133200997/export-7923a33458219de603bd7a3c0990e9e4-bread_plant.res[39m[0m
[   4% ] [90m[1msavepack[22m | 淇濆瓨鏂囦欢锛歳es://.godot/exported/133200997/export-a7a18b0734193e74a1db4dadb8370e47-brewery.res[39m[0m
[   4% ] [90m[1msavepack[22m | 淇濆瓨鏂囦欢锛歳es://.godot/exported/133200997/export-acd35bc9298464915645a3c6450e40e9-bricks_plant.res[39m[0m
[   4% ] [90m[1msavepack[22m | 淇濆瓨鏂囦欢锛歳es://.godot/exported/133200997/export-bc2f7883e00f0d9e632b99863f4f5bd8-bronze_tool_workshop.res[39m[0m
[   4% ] [90m[1msavepack[22m | 淇濆瓨鏂囦欢锛歳es://.godot/exported/133200997/export-de0537905092234f8978a5f740d2298e-cabinetmaker_workshop.res[39m[0m
[   4% ] [90m[1msavepack[22m | 淇濆瓨鏂囦欢锛歳es://.godot/exported/133200997/export-a45d038dbcac1d920b855e3b07411863-canned_fish_plant.res[39m[0m
[   4% ] [90m[1msavepack[22m | 淇濆瓨鏂囦欢锛歳es://.godot/exported/133200997/export-5e1df1f9c39622220f4d70c7a384ce8b-canning_workshop.res[39m[0m
[   4% ] [90m[1msavepack[22m | 淇濆瓨鏂囦欢锛歳es://.godot/exported/133200997/export-bede5a3f7a0e5dba33913471be34ae32-cement_plant.res[39m[0m
[   4% ] [90m[1msavepack[22m | 淇濆瓨鏂囦欢锛歳es://.godot/exported/133200997/export-848dba8a4744aa85c91ffb89f767ad39-chartered_university.res[39m[0m
[   4% ] [90m[1msavepack[22m | 淇濆瓨鏂囦欢锛歳es://.godot/exported/133200997/export-f20c8d35fc6b59a852868b031f5f1309-classical_academy.res[39m[0m
[   4% ] [90m[1msavepack[22m | 淇濆瓨鏂囦欢锛歳es://.godot/exported/133200997/export-5077e408fc975943c7cb8a30027d3106-classical_glass_kiln.res[39m[0m
[   5% ] [90m[1msavepack[22m | 淇濆瓨鏂囦欢锛歳es://.godot/exported/133200997/export-e12742b25e551f7dade24931dacf77f7-classical_masonry_yard.res[39m[0m
[   5% ] [90m[1msavepack[22m | 淇濆瓨鏂囦欢锛歳es://.godot/exported/133200997/export-e164695ca48e6e49799117471998386e-classical_public_works.res[39m[0m
[   5% ] [90m[1msavepack[22m | 淇濆瓨鏂囦欢锛歳es://.godot/exported/133200997/export-1ed1b67a0cea02b61db3c81d8142b0a4-classical_scriptorium.res[39m[0m
[   5% ] [90m[1msavepack[22m | 淇濆瓨鏂囦欢锛歳es://.godot/exported/133200997/export-4aca869a78039c01ab5684ab652718fe-classical_silica_pit.res[39m[0m
[   5% ] [90m[1msavepack[22m | 淇濆瓨鏂囦欢锛歳es://.godot/exported/133200997/export-afce5c706a23cbb65aa462cab3a2f37c-clay_collector.res[39m[0m
[   5% ] [90m[1msavepack[22m | 淇濆瓨鏂囦欢锛歳es://.godot/exported/133200997/export-479a1af34e18817f31cdb2ee19f246e1-clothing_plant.res[39m[0m
[   5% ] [90m[1msavepack[22m | 淇濆瓨鏂囦欢锛歳es://.godot/exported/133200997/export-0e7cb43496b77c99be16cf8c2461e957-cloth_plant.res[39m[0m
[   5% ] [90m[1msavepack[22m | 淇濆瓨鏂囦欢锛歳es://.godot/exported/133200997/export-915fe35365db8fe8f9353423a4bcb3fb-coal_mine.res[39m[0m
[   5% ] [90m[1msavepack[22m | 淇濆瓨鏂囦欢锛歳es://.godot/exported/133200997/export-898a05d578e6c3bf43c3d88f3311145a-cobbler_shop.res[39m[0m
[   5% ] [90m[1msavepack[22m | 淇濆瓨鏂囦欢锛歳es://.godot/exported/133200997/export-eb00ca66d48839ea81321915649b3281-coke_ovens.res[39m[0m
[   5% ] [90m[1msavepack[22m | 淇濆瓨鏂囦欢锛歳es://.godot/exported/133200997/export-1bc504f143324e33783c61ea02d8c33c-communal_hearth.res[39m[0m
[   5% ] [90m[1msavepack[22m | 淇濆瓨鏂囦欢锛歳es://.godot/exported/133200997/export-2bce546833b37e084a9a13d0afeda173-composting_yard.res[39m[0m
[   6% ] [90m[1msavepack[22m | 淇濆瓨鏂囦欢锛歳es://.godot/exported/133200997/export-d3be40c1277915262280697027a2a920-computers_plant.res[39m[0m
[   6% ] [90m[1msavepack[22m | 淇濆瓨鏂囦欢锛歳es://.godot/exported/133200997/export-4dafbdeb788cd4174d040d4142e86cc9-computing_research_center.res[39m[0m
[   6% ] [90m[1msavepack[22m | 淇濆瓨鏂囦欢锛歳es://.godot/exported/133200997/export-cd4d5e414001048f80b508dc482b1e3a-concrete_plant.res[39m[0m
[   6% ] [90m[1msavepack[22m | 淇濆瓨鏂囦欢锛歳es://.godot/exported/133200997/export-b75e8d2d56e7ea323d497589d00f05dd-construction_components_plant.res[39m[0m
[   6% ] [90m[1msavepack[22m | 淇濆瓨鏂囦欢锛歳es://.godot/exported/133200997/export-ac838ca52bcec97717bb7411dd509a83-copper_ore_collector.res[39m[0m
[   6% ] [90m[1msavepack[22m | 淇濆瓨鏂囦欢锛歳es://.godot/exported/133200997/export-17af96d4d71c8a2e42466d644dda9971-copper_plant.res[39m[0m
[   6% ] [90m[1msavepack[22m | 淇濆瓨鏂囦欢锛歳es://.godot/exported/133200997/export-030035d75478090ad1e81673cebcd993-cottage_weaving.res[39m[0m
[   6% ] [90m[1msavepack[22m | 淇濆瓨鏂囦欢锛歳es://.godot/exported/133200997/export-0883caad6168a37e29981029f0b684fb-cotton_collector.res[39m[0m
[   6% ] [90m[1msavepack[22m | 淇濆瓨鏂囦欢锛歳es://.godot/exported/133200997/export-b0f33b2892d8047db4de8bc182752d1d-court_tailor.res[39m[0m
[   6% ] [90m[1msavepack[22m | 淇濆瓨鏂囦欢锛歳es://.godot/exported/133200997/export-496ffb5bb1ae4752fdb3651b6c8ee68f-creamery.res[39m[0m
[   6% ] [90m[1msavepack[22m | 淇濆瓨鏂囦欢锛歳es://.godot/exported/133200997/export-8b4d64ef2b11b4d3fd51f5bb820c75c0-dairy_products_plant.res[39m[0m
[   6% ] [90m[1msavepack[22m | 淇濆瓨鏂囦欢锛歳es://.godot/exported/133200997/export-e7749597747fb79f8d4fea0291367636-detergent_plant.res[39m[0m
[   7% ] [90m[1msavepack[22m | 淇濆瓨鏂囦欢锛歳es://.godot/exported/133200997/export-53c036e0540170621667f75727995c9e-digital_computer_workshop.res[39m[0m
[   7% ] [90m[1msavepack[22m | 淇濆瓨鏂囦欢锛歳es://.godot/exported/133200997/export-38a025c3b7675f0969915fbfd6070fe7-distillery.res[39m[0m
[   7% ] [90m[1msavepack[22m | 淇濆瓨鏂囦欢锛歳es://.godot/exported/133200997/export-f7b7fdb7f51d5ea6b38a3f90ab076776-early_clay_pit.res[39m[0m
[   7% ] [90m[1msavepack[22m | 淇濆瓨鏂囦欢锛歳es://.godot/exported/133200997/export-deee883f69b3310e6c6599bc2f1923ef-early_copper_mine.res[39m[0m
[   7% ] [90m[1msavepack[22m | 淇濆瓨鏂囦欢锛歳es://.godot/exported/133200997/export-f5005188d2509bcba251fc3f903bbf49-early_copper_smelter.res[39m[0m
[   7% ] [90m[1msavepack[22m | 淇濆瓨鏂囦欢锛歳es://.godot/exported/133200997/export-2f52aeb683165ddb1e47d47dd04bf4ee-early_iron_mine.res[39m[0m
[   7% ] [90m[1msavepack[22m | 淇濆瓨鏂囦欢锛歳es://.godot/exported/133200997/export-f0d179cf4680a0ab85c2e46b8b65c806-early_oil_well.res[39m[0m
[   7% ] [90m[1msavepack[22m | 淇濆瓨鏂囦欢锛歳es://.godot/exported/133200997/export-b9aacb1c4f462211700eebf1ace1aba8-early_tin_mine.res[39m[0m
[   7% ] [90m[1msavepack[22m | 淇濆瓨鏂囦欢锛歳es://.godot/exported/133200997/export-111977ccf59b622fdfc7dd451a2bccf6-early_tin_smelter.res[39m[0m
[   7% ] [90m[1msavepack[22m | 淇濆瓨鏂囦欢锛歳es://.godot/exported/133200997/export-a36ed04372a7631a260f8a599b4e239f-edible_oil_plant.res[39m[0m
[   7% ] [90m[1msavepack[22m | 淇濆瓨鏂囦欢锛歳es://.godot/exported/133200997/export-52f0bd66f4540ce34fb38a5631488638-electrical_equipment_plant.res[39m[0m
[   7% ] [90m[1msavepack[22m | 淇濆瓨鏂囦欢锛歳es://.godot/exported/133200997/export-39ae5c541c863d26c0f376e83ca7f94d-electricity_plant.res[39m[0m
[   8% ] [90m[1msavepack[22m | 淇濆瓨鏂囦欢锛歳es://.godot/exported/133200997/export-79d4bfadb0efe4dc535de726c01a4c53-electric_motor_plant.res[39m[0m
[   8% ] [90m[1msavepack[22m | 淇濆瓨鏂囦欢锛歳es://.godot/exported/133200997/export-9d89840181007236096d9229c3232f23-electrochemical_works.res[39m[0m
[   8% ] [90m[1msavepack[22m | 淇濆瓨鏂囦欢锛歳es://.godot/exported/133200997/export-3ddb3511360b620a42bf8d596213b1c7-electronic_components_plant.res[39m[0m
[   8% ] [90m[1msavepack[22m | 淇濆瓨鏂囦欢锛歳es://.godot/exported/133200997/export-489382fecfbc041b646ec8b32ee987d4-engines_plant.res[39m[0m
[   8% ] [90m[1msavepack[22m | 淇濆瓨鏂囦欢锛歳es://.godot/exported/133200997/export-8387626ceb4bc6d0fd2923665af8891b-explosives_plant.res[39m[0m
[   8% ] [90m[1msavepack[22m | 淇濆瓨鏂囦欢锛歳es://.godot/exported/133200997/export-99aaf080896121a26a1bb461d2c80fbd-fertile_soil_collector.res[39m[0m
[   8% ] [90m[1msavepack[22m | 淇濆瓨鏂囦欢锛歳es://.godot/exported/133200997/export-1179cf5e37625af68b819c6d1adb222c-fertilizer_plant.res[39m[0m
[   8% ] [90m[1msavepack[22m | 淇濆瓨鏂囦欢锛歳es://.godot/exported/133200997/export-17f904089f1f5791d410f101b66590e4-fine_clothing_plant.res[39m[0m
[   8% ] [90m[1msavepack[22m | 淇濆瓨鏂囦欢锛歳es://.godot/exported/133200997/export-27fbfbac4479d5ffa97fc27397f1fd24-fine_furniture_plant.res[39m[0m
[   8% ] [90m[1msavepack[22m | 淇濆瓨鏂囦欢锛歳es://.godot/exported/133200997/export-8c14e55c35e32dbf2ee171ffb1d94a4c-flax_collector.res[39m[0m
[   8% ] [90m[1msavepack[22m | 淇濆瓨鏂囦欢锛歳es://.godot/exported/133200997/export-4fd845011d49b2c4a1f9365cee6b9991-flint_quarry.res[39m[0m
[   9% ] [90m[1msavepack[22m | 淇濆瓨鏂囦欢锛歳es://.godot/exported/133200997/export-65f662d4cbd28e553ca42c94a477a50e-footwear_plant.res[39m[0m
[   9% ] [90m[1msavepack[22m | 淇濆瓨鏂囦欢锛歳es://.godot/exported/133200997/export-814c3c3e72ec88d1b386b89bcf3b6b1a-freshwater_fishing_camp.res[39m[0m
[   9% ] [90m[1msavepack[22m | 淇濆瓨鏂囦欢锛歳es://.godot/exported/133200997/export-d064e1ce661f5023dbf566ddad13caae-furniture_plant.res[39m[0m
[   9% ] [90m[1msavepack[22m | 淇濆瓨鏂囦欢锛歳es://.godot/exported/133200997/export-7c78843801b20b3b92f94bb439c68a71-gas_power_plant.res[39m[0m
[   9% ] [90m[1msavepack[22m | 淇濆瓨鏂囦欢锛歳es://.godot/exported/133200997/export-802bd36da7a676212c7c218a58a6faf0-gathering_ground.res[39m[0m
[   9% ] [90m[1msavepack[22m | 淇濆瓨鏂囦欢锛歳es://.godot/exported/133200997/export-e54f79d43aed798fc1847205b96959bf-glass_plant.res[39m[0m
[   9% ] [90m[1msavepack[22m | 淇濆瓨鏂囦欢锛歳es://.godot/exported/133200997/export-4c4a8046a9b8587be8e72d4b6eb30bd4-goldsmith_workshop.res[39m[0m
[   9% ] [90m[1msavepack[22m | 淇濆瓨鏂囦欢锛歳es://.godot/exported/133200997/export-c29a1b7d14105826514d01f53965fdf8-gold_mine.res[39m[0m
[   9% ] [90m[1msavepack[22m | 淇濆瓨鏂囦欢锛歳es://.godot/exported/133200997/export-7e39ccee67d9f3acb926734cbf264950-guild_hall.res[39m[0m
[   9% ] [90m[1msavepack[22m | 淇濆瓨鏂囦欢锛歳es://.godot/exported/133200997/export-3560a8cbb4019ccaa5549bcb6b72e5b0-guild_weaving_house.res[39m[0m
[   9% ] [90m[1msavepack[22m | 淇濆瓨鏂囦欢锛歳es://.godot/exported/133200997/export-09e0b5020fc01974ddf304b3ee7ce797-horse_breeder.res[39m[0m
[   9% ] [90m[1msavepack[22m | 淇濆瓨鏂囦欢锛歳es://.godot/exported/133200997/export-f35ec3c03b28bb2ca91c495c67671c21-horse_breeding_camp.res[39m[0m
[  10% ] [90m[1msavepack[22m | 淇濆瓨鏂囦欢锛歳es://.godot/exported/133200997/export-2635c920dbd295ca29a65133eaf0a905-household_appliances_plant.res[39m[0m
[  10% ] [90m[1msavepack[22m | 淇濆瓨鏂囦欢锛歳es://.godot/exported/133200997/export-480a6c3c4638ea1390bdbcf304264a27-household_loom.res[39m[0m
[  10% ] [90m[1msavepack[22m | 淇濆瓨鏂囦欢锛歳es://.godot/exported/133200997/export-4c4b13710b38879cf8b9599074523482-household_weaving_shelter.res[39m[0m
[  10% ] [90m[1msavepack[22m | 淇濆瓨鏂囦欢锛歳es://.godot/exported/133200997/export-7f10691f658a95de042d2c12d30e033e-improved_domestic_loom.res[39m[0m
[  10% ] [90m[1msavepack[22m | 淇濆瓨鏂囦欢锛歳es://.godot/exported/133200997/export-cf5dd160d58f002a387d09f4aad13cf8-improved_smallholding.res[39m[0m
[  10% ] [90m[1msavepack[22m | 淇濆瓨鏂囦欢锛歳es://.godot/exported/133200997/export-659533ba328e8ecb8eef5defce2dfcdd-industrial_chemicals_plant.res[39m[0m
[  10% ] [90m[1msavepack[22m | 淇濆瓨鏂囦欢锛歳es://.godot/exported/133200997/export-abbb2b9711453b7e6c4ff57e2a105a91-industrial_machinery_plant.res[39m[0m
[  10% ] [90m[1msavepack[22m | 淇濆瓨鏂囦欢锛歳es://.godot/exported/133200997/export-90d69efe091c3e2ded98c564a088f06b-industrial_research_laboratory.res[39m[0m
[  10% ] [90m[1msavepack[22m | 淇濆瓨鏂囦欢锛歳es://.godot/exported/133200997/export-5deaeb8bcf395269706aecb6425ec7c5-industrial_salt_mine.res[39m[0m
[  10% ] [90m[1msavepack[22m | 淇濆瓨鏂囦欢锛歳es://.godot/exported/133200997/export-23f75c32678d4b8cbc8020e1f8dc7173-insulated_cable_plant.res[39m[0m
[  10% ] [90m[1msavepack[22m | 淇濆瓨鏂囦欢锛歳es://.godot/exported/133200997/export-2ebf0f9ee7a9152be9afad8c3b7718c7-intensive_farm.res[39m[0m
[  10% ] [90m[1msavepack[22m | 淇濆瓨鏂囦欢锛歳es://.godot/exported/133200997/export-76e22fedb97a72b7c8e349aa49d2b758-iron_ore_collector.res[39m[0m
[  11% ] [90m[1msavepack[22m | 淇濆瓨鏂囦欢锛歳es://.godot/exported/133200997/export-633c9860194bd300b4aa6c6da436cd17-iron_tool_workshop.res[39m[0m
[  11% ] [90m[1msavepack[22m | 淇濆瓨鏂囦欢锛歳es://.godot/exported/133200997/export-374ef82e2789b7655587d41ca3d7d856-jewelry_plant.res[39m[0m
[  11% ] [90m[1msavepack[22m | 淇濆瓨鏂囦欢锛歳es://.godot/exported/133200997/export-1214d5cebbea02ec93e2008fed1d1329-knapping_workshop.res[39m[0m
[  11% ] [90m[1msavepack[22m | 淇濆瓨鏂囦欢锛歳es://.godot/exported/133200997/export-056caa4b80d4aa0ee2edd4351289e6cc-landed_estate.res[39m[0m
[  11% ] [90m[1msavepack[22m | 淇濆瓨鏂囦欢锛歳es://.godot/exported/133200997/export-f5040f0ffd17f79bde6881ce1ed14f6f-lead_ore_collector.res[39m[0m
[  11% ] [90m[1msavepack[22m | 淇濆瓨鏂囦欢锛歳es://.godot/exported/133200997/export-30b18e3d1f07f7a3835232f82928ca85-lead_plant.res[39m[0m
[  11% ] [90m[1msavepack[22m | 淇濆瓨鏂囦欢锛歳es://.godot/exported/133200997/export-44949f55c9a129006b4ed5f86ee9d5c8-learned_society.res[39m[0m
[  11% ] [90m[1msavepack[22m | 淇濆瓨鏂囦欢锛歳es://.godot/exported/133200997/export-09f3da51f91764b81c63ccf774289196-leather_plant.res[39m[0m
[  11% ] [90m[1msavepack[22m | 淇濆瓨鏂囦欢锛歳es://.godot/exported/133200997/export-e5e76685ce1b65f68c767805dbe23892-limestone_collector.res[39m[0m
[  11% ] [90m[1msavepack[22m | 淇濆瓨鏂囦欢锛歳es://.godot/exported/133200997/export-34a8748e368dd88783f23787acf30f5e-lime_plant.res[39m[0m
[  11% ] [90m[1msavepack[22m | 淇濆瓨鏂囦欢锛歳es://.godot/exported/133200997/export-41463c2ec40e1bb101fd9471f8b1000f-lorekeeper_circle.res[39m[0m
[  11% ] [90m[1msavepack[22m | 淇濆瓨鏂囦欢锛歳es://.godot/exported/133200997/export-d711d33abd74eea4e66b292c0a6d5943-lubricants_plant.res[39m[0m
[  12% ] [90m[1msavepack[22m | 淇濆瓨鏂囦欢锛歳es://.godot/exported/133200997/export-50e67e0dc322934b0713c23277044f43-lumber_plant.res[39m[0m
[  12% ] [90m[1msavepack[22m | 淇濆瓨鏂囦欢锛歳es://.godot/exported/133200997/export-55b25bdb0bbc73e1aa091b581e582bb4-machine_intelligence_institute.res[39m[0m
[  12% ] [90m[1msavepack[22m | 淇濆瓨鏂囦欢锛歳es://.godot/exported/133200997/export-2252160bebff509f0d193d61ec4b4854-machine_parts_plant.res[39m[0m
[  12% ] [90m[1msavepack[22m | 淇濆瓨鏂囦欢锛歳es://.godot/exported/133200997/export-0f6c9a7b5cfa07b2df1d20b2b11210f9-manganese_ore_collector.res[39m[0m
[  12% ] [90m[1msavepack[22m | 淇濆瓨鏂囦欢锛歳es://.godot/exported/133200997/export-a8902c5209b3288b0c3dfe97d51ebf50-manorial_pasture.res[39m[0m
[  12% ] [90m[1msavepack[22m | 淇濆瓨鏂囦欢锛歳es://.godot/exported/133200997/export-cff00e7b3c1e35e79c045757ec3f2ac4-marine_fish_collector.res[39m[0m
[  12% ] [90m[1msavepack[22m | 淇濆瓨鏂囦欢锛歳es://.godot/exported/133200997/export-0cc4dcb86c18820ac6ed1025f946c3de-mechanized_farm.res[39m[0m
[  12% ] [90m[1msavepack[22m | 淇濆瓨鏂囦欢锛歳es://.godot/exported/133200997/export-ccbea8faa4099d22986890a66a5cf2dd-mechanized_slaughterhouse.res[39m[0m
[  12% ] [90m[1msavepack[22m | 淇濆瓨鏂囦欢锛歳es://.godot/exported/133200997/export-4b2119d5ab3d82fcaa66b8154eda70c5-medicinal_herbs_collector.res[39m[0m
[  12% ] [90m[1msavepack[22m | 淇濆瓨鏂囦欢锛歳es://.godot/exported/133200997/export-ccdc38d839fb8118b1e75bc703599fe7-merchant_post.res[39m[0m
[  12% ] [90m[1msavepack[22m | 淇濆瓨鏂囦欢锛歳es://.godot/exported/133200997/export-e05e170e8c156978b0413a7dbafc57c5-method_agricultural_machinery_plant_r9.res[39m[0m
[  12% ] [90m[1msavepack[22m | 淇濆瓨鏂囦欢锛歳es://.godot/exported/133200997/export-a2c23ca351446f81ceb5b542faea3da8-method_aluminum_plant_r10.res[39m[0m
[  13% ] [90m[1msavepack[22m | 淇濆瓨鏂囦欢锛歳es://.godot/exported/133200997/export-da40297006e5bd6426bec91adcfdc80b-method_automobiles_plant_r10.res[39m[0m
[  13% ] [90m[1msavepack[22m | 淇濆瓨鏂囦欢锛歳es://.godot/exported/133200997/export-726f6eed559a60a6aa27b2c3fa4f8ea0-method_batteries_plant_r10.res[39m[0m
[  13% ] [90m[1msavepack[22m | 淇濆瓨鏂囦欢锛歳es://.godot/exported/133200997/export-9f3828a2dcf4edc9678ecd63a328759c-method_bauxite_collector_r9.res[39m[0m
[  13% ] [90m[1msavepack[22m | 淇濆瓨鏂囦欢锛歳es://.godot/exported/133200997/export-762e07bbdcccfff633d74a99611e9bac-method_bricks_plant_r6.res[39m[0m
[  13% ] [90m[1msavepack[22m | 淇濆瓨鏂囦欢锛歳es://.godot/exported/133200997/export-cb82a74f5323de789846d6533af8f03b-method_cement_plant_r9.res[39m[0m
[  13% ] [90m[1msavepack[22m | 淇濆瓨鏂囦欢锛歳es://.godot/exported/133200997/export-d171a391098949f799b320bed41621e9-method_coke_ovens_r9.res[39m[0m
[  13% ] [90m[1msavepack[22m | 淇濆瓨鏂囦欢锛歳es://.godot/exported/133200997/export-c8798ba752cbb2fcac22c3294e4274de-method_concrete_plant_r9.res[39m[0m
[  13% ] [90m[1msavepack[22m | 淇濆瓨鏂囦欢锛歳es://.godot/exported/133200997/export-f297577842347bcaf304d3e09fe54435-method_cotton_collector_r6.res[39m[0m
[  13% ] [90m[1msavepack[22m | 淇濆瓨鏂囦欢锛歳es://.godot/exported/133200997/export-e0275f3ea5968994df817e01a5ab2b8b-method_detergent_plant_r10.res[39m[0m
[  13% ] [90m[1msavepack[22m | 淇濆瓨鏂囦欢锛歳es://.godot/exported/133200997/export-ee864cfa7dbbfb2eaf0fb9f7a44501ae-method_edible_oil_plant_r6.res[39m[0m
[  13% ] [90m[1msavepack[22m | 淇濆瓨鏂囦欢锛歳es://.godot/exported/133200997/export-2e575c9cf1e5030525541fe6b2bdf63e-method_electric_motor_plant_r10.res[39m[0m
[  13% ] [90m[1msavepack[22m | 淇濆瓨鏂囦欢锛歳es://.godot/exported/133200997/export-14dd064ed967cffc0439b87486775170-method_electronic_components_plant_r10.res[39m[0m
[  14% ] [90m[1msavepack[22m | 淇濆瓨鏂囦欢锛歳es://.godot/exported/133200997/export-e1131a643270cde3315d56a1a8b8d9e9-method_engines_plant_r10.res[39m[0m
[  14% ] [90m[1msavepack[22m | 淇濆瓨鏂囦欢锛歳es://.godot/exported/133200997/export-9bfa16b7a6d6caa763ffea850b4538a7-method_explosives_plant_r8.res[39m[0m
[  14% ] [90m[1msavepack[22m | 淇濆瓨鏂囦欢锛歳es://.godot/exported/133200997/export-bb8a58d6b0fb1cd627c5af95b4902ae9-method_explosives_plant_r10.res[39m[0m
[  14% ] [90m[1msavepack[22m | 淇濆瓨鏂囦欢锛歳es://.godot/exported/133200997/export-225863eb9af925b1d13efecfe0265b7d-method_flax_collector_r3.res[39m[0m
[  14% ] [90m[1msavepack[22m | 淇濆瓨鏂囦欢锛歳es://.godot/exported/133200997/export-6c8e7e9b92749fe49518e3933e32c9b5-method_flax_collector_r5.res[39m[0m
[  14% ] [90m[1msavepack[22m | 淇濆瓨鏂囦欢锛歳es://.godot/exported/133200997/export-d18d0bf6b6a32913434a81ba6f4a220f-method_flint_quarry_r1.res[39m[0m
[  14% ] [90m[1msavepack[22m | 淇濆瓨鏂囦欢锛歳es://.godot/exported/133200997/export-4f485d17ecec18ca44cdc59fb354cee5-method_gathering_ground_r1.res[39m[0m
[  14% ] [90m[1msavepack[22m | 淇濆瓨鏂囦欢锛歳es://.godot/exported/133200997/export-12e444a04133363aca714f818a2d301c-method_household_appliances_plant_r10.res[39m[0m
[  14% ] [90m[1msavepack[22m | 淇濆瓨鏂囦欢锛歳es://.godot/exported/133200997/export-4d2692b2757880e4f11481d9086a567e-method_industrial_machinery_plant_r9.res[39m[0m
[  14% ] [90m[1msavepack[22m | 淇濆瓨鏂囦欢锛歳es://.godot/exported/133200997/export-874ce85228b6084f63a3e04e479b6c47-method_insulated_cable_plant_r10.res[39m[0m
[  14% ] [90m[1msavepack[22m | 淇濆瓨鏂囦欢锛歳es://.godot/exported/133200997/export-70b728e0627519b6b9e1170a425d1597-method_landed_estate_r6.res[39m[0m
[  14% ] [90m[1msavepack[22m | 淇濆瓨鏂囦欢锛歳es://.godot/exported/133200997/export-57f562389f56f08dcac898c0282d8938-method_lead_ore_collector_r9.res[39m[0m
[  15% ] [90m[1msavepack[22m | 淇濆瓨鏂囦欢锛歳es://.godot/exported/133200997/export-932f50127436535dcf7c1d1cf92a521b-method_lead_plant_r9.res[39m[0m
[  15% ] [90m[1msavepack[22m | 淇濆瓨鏂囦欢锛歳es://.godot/exported/133200997/export-29c43efa72bdbfd00edf739453e7712c-method_limestone_collector_r6.res[39m[0m
[  15% ] [90m[1msavepack[22m | 淇濆瓨鏂囦欢锛歳es://.godot/exported/133200997/export-088506414c1eee90299dd586faa3a5af-method_lime_plant_r6.res[39m[0m
[  15% ] [90m[1msavepack[22m | 淇濆瓨鏂囦欢锛歳es://.godot/exported/133200997/export-43a5dcb8d7f2c612b0a6c2a9309ddef5-method_lubricants_plant_r9.res[39m[0m
[  15% ] [90m[1msavepack[22m | 淇濆瓨鏂囦欢锛歳es://.godot/exported/133200997/export-46ce8fb3e1820977f6105ffff66526b8-method_lumber_plant_r2.res[39m[0m
[  15% ] [90m[1msavepack[22m | 淇濆瓨鏂囦欢锛歳es://.godot/exported/133200997/export-41131b78a80e629f833c90fd572120fa-method_lumber_plant_r4.res[39m[0m
[  15% ] [90m[1msavepack[22m | 淇濆瓨鏂囦欢锛歳es://.godot/exported/133200997/export-7caffc74e256556b8c4451b9b4479f77-method_machine_parts_plant_r9.res[39m[0m
[  15% ] [90m[1msavepack[22m | 淇濆瓨鏂囦欢锛歳es://.godot/exported/133200997/export-883adecc421afb3d9389fcd8f0354dab-method_manganese_ore_collector_r10.res[39m[0m
[  15% ] [90m[1msavepack[22m | 淇濆瓨鏂囦欢锛歳es://.godot/exported/133200997/export-bdc863314f08d99d558fe2382198891b-method_marine_fish_collector_r2.res[39m[0m
[  15% ] [90m[1msavepack[22m | 淇濆瓨鏂囦欢锛歳es://.godot/exported/133200997/export-ade92ef19a5b45f791cc0349f5cf35fd-method_marine_fish_collector_r4.res[39m[0m
[  15% ] [90m[1msavepack[22m | 淇濆瓨鏂囦欢锛歳es://.godot/exported/133200997/export-793cf8b52b2eded3bdda5a4f859e8539-method_medicinal_herbs_collector_r7.res[39m[0m
[  15% ] [90m[1msavepack[22m | 淇濆瓨鏂囦欢锛歳es://.godot/exported/133200997/export-0d9d3625a252b09e46196ce410269c27-method_natural_gas_collector_r10.res[39m[0m
[  16% ] [90m[1msavepack[22m | 淇濆瓨鏂囦欢锛歳es://.godot/exported/133200997/export-9e558850a18c76bcfb409fe75cc20d49-method_nuclear_fuel_plant_r10.res[39m[0m
[  16% ] [90m[1msavepack[22m | 淇濆瓨鏂囦欢锛歳es://.godot/exported/133200997/export-c41ff09b5cd000590aeb8e2d697a6f05-method_oceanic_shipyard_r7.res[39m[0m
[  16% ] [90m[1msavepack[22m | 淇濆瓨鏂囦欢锛歳es://.godot/exported/133200997/export-7668ca33ee95e23ab56d0a50c8b2da88-method_packaging_plant_r7.res[39m[0m
[  16% ] [90m[1msavepack[22m | 淇濆瓨鏂囦欢锛歳es://.godot/exported/133200997/export-7fa759f7372dcdecb672ce036e6fad9e-method_petrochemicals_plant_r10.res[39m[0m
[  16% ] [90m[1msavepack[22m | 淇濆瓨鏂囦欢锛歳es://.godot/exported/133200997/export-761358230ae8cf36cf891162ba0bfe79-method_phosphate_rock_collector_r9.res[39m[0m
[  16% ] [90m[1msavepack[22m | 淇濆瓨鏂囦欢锛歳es://.godot/exported/133200997/export-0ba2ad496e31811c40e2f832bc73c27a-method_plastics_plant_r10.res[39m[0m
[  16% ] [90m[1msavepack[22m | 淇濆瓨鏂囦欢锛歳es://.godot/exported/133200997/export-390db5123534903d667a521418b06b95-method_potato_collector_r6.res[39m[0m
[  16% ] [90m[1msavepack[22m | 淇濆瓨鏂囦欢锛歳es://.godot/exported/133200997/export-494400d58b73051863f4058913b51f34-method_pottery_kiln_r3.res[39m[0m
[  16% ] [90m[1msavepack[22m | 淇濆瓨鏂囦欢锛歳es://.godot/exported/133200997/export-ae0b0f06ebc136022f0c7e520508f623-method_precision_tool_workshop_r8.res[39m[0m
[  16% ] [90m[1msavepack[22m | 淇濆瓨鏂囦欢锛歳es://.godot/exported/133200997/export-8a8f1ccd739c0a29072ca0238db110ea-method_precision_tool_workshop_r10.res[39m[0m
[  16% ] [90m[1msavepack[22m | 淇濆瓨鏂囦欢锛歳es://.godot/exported/133200997/export-e1990677017a071acc730efb9c61daaa-method_printed_materials_plant_r7.res[39m[0m
[  17% ] [90m[1msavepack[22m | 淇濆瓨鏂囦欢锛歳es://.godot/exported/133200997/export-a43d8f1a8470c4484b43f419fb514933-method_radio_equipment_works_r10.res[39m[0m
[  17% ] [90m[1msavepack[22m | 淇濆瓨鏂囦欢锛歳es://.godot/exported/133200997/export-d17a9f02893d61a23f94d8a3a20c3d45-method_rare_earth_collector_r10.res[39m[0m
[  17% ] [90m[1msavepack[22m | 淇濆瓨鏂囦欢锛歳es://.godot/exported/133200997/export-314b753b1b6017ff7100ba4b5293e58c-method_rare_earth_metals_plant_r10.res[39m[0m
[  17% ] [90m[1msavepack[22m | 淇濆瓨鏂囦欢锛歳es://.godot/exported/133200997/export-8c49f7645503acf9cd22f1774b441aa2-method_reactor_component_works_r10.res[39m[0m
[  17% ] [90m[1msavepack[22m | 淇濆瓨鏂囦欢锛歳es://.godot/exported/133200997/export-8259cdbeb0229e1075d18f10637c20cf-method_refined_fuel_plant_r10.res[39m[0m
[  17% ] [90m[1msavepack[22m | 淇濆瓨鏂囦欢锛歳es://.godot/exported/133200997/export-d3dd52ff59c91621518e1b717cdc5358-method_rice_collector_r3.res[39m[0m
[  17% ] [90m[1msavepack[22m | 淇濆瓨鏂囦欢锛歳es://.godot/exported/133200997/export-24dfa6c6f10fabada6e5601e6e368ad1-method_rice_collector_r5.res[39m[0m
[  17% ] [90m[1msavepack[22m | 淇濆瓨鏂囦欢锛歳es://.godot/exported/133200997/export-4674ba2ac9d788ea04dfb50b27e45a2f-method_rubber_tree_collector_r6.res[39m[0m
[  17% ] [90m[1msavepack[22m | 淇濆瓨鏂囦欢锛歳es://.godot/exported/133200997/export-c0f77eadd2dc96048a10a72de723435c-method_saltpeter_collector_r8.res[39m[0m
[  17% ] [90m[1msavepack[22m | 淇濆瓨鏂囦欢锛歳es://.godot/exported/133200997/export-e6b05a907aea35a895be02cedb430a96-method_saltpeter_collector_r10.res[39m[0m
[  17% ] [90m[1msavepack[22m | 淇濆瓨鏂囦欢锛歳es://.godot/exported/133200997/export-002bd151ed3601e4f610904a6b0eafa6-method_scientific_instrument_works_r8.res[39m[0m
[  17% ] [90m[1msavepack[22m | 淇濆瓨鏂囦欢锛歳es://.godot/exported/133200997/export-7ff44c3d2b8f8ff2bc0af920c7b12127-method_scientific_instrument_works_r10.res[39m[0m
[  18% ] [90m[1msavepack[22m | 淇濆瓨鏂囦欢锛歳es://.godot/exported/133200997/export-7886c6a6f2565c867771e7ed4c3b8ad8-method_soap_plant_r6.res[39m[0m
[  18% ] [90m[1msavepack[22m | 淇濆瓨鏂囦欢锛歳es://.godot/exported/133200997/export-481474405845b6e7a12d64198acc82cf-method_spice_plants_collector_r6.res[39m[0m
[  18% ] [90m[1msavepack[22m | 淇濆瓨鏂囦欢锛歳es://.godot/exported/133200997/export-606bbe5c8059a805798cf254829c45eb-method_stainless_steel_plant_r10.res[39m[0m
[  18% ] [90m[1msavepack[22m | 淇濆瓨鏂囦欢锛歳es://.godot/exported/133200997/export-74600328314499ca660b597ea6ee97de-method_steam_engine_works_r9.res[39m[0m
[  18% ] [90m[1msavepack[22m | 淇濆瓨鏂囦欢锛歳es://.godot/exported/133200997/export-69a0a856a2bda422f60b5c7d6ec99b48-method_stone_age_hunting_camp_r4.res[39m[0m
[  18% ] [90m[1msavepack[22m | 淇濆瓨鏂囦欢锛歳es://.godot/exported/133200997/export-47bb04e6f3f7452a2737c9b6d58b4ba9-method_stone_collector_r2.res[39m[0m
[  18% ] [90m[1msavepack[22m | 淇濆瓨鏂囦欢锛歳es://.godot/exported/133200997/export-85548c92a2b4b1ed8fddf976df85498e-method_stone_collector_r4.res[39m[0m
[  18% ] [90m[1msavepack[22m | 淇濆瓨鏂囦欢锛歳es://.godot/exported/133200997/export-fd40a7e33f87fd8b8fcf9d6896a8a635-method_sulfur_collector_r8.res[39m[0m
[  18% ] [90m[1msavepack[22m | 淇濆瓨鏂囦欢锛歳es://.godot/exported/133200997/export-261bfcd1051715829c2f4fa0da70a3ae-method_sulfur_collector_r10.res[39m[0m
[  18% ] [90m[1msavepack[22m | 淇濆瓨鏂囦欢锛歳es://.godot/exported/133200997/export-efb1adf6e333d13116003b61a1d83576-method_synthetic_fiber_plant_r10.res[39m[0m
[  18% ] [90m[1msavepack[22m | 淇濆瓨鏂囦欢锛歳es://.godot/exported/133200997/export-62a25a6b36d3901b1f6c0a0610724260-method_synthetic_rubber_plant_r10.res[39m[0m
[  18% ] [90m[1msavepack[22m | 淇濆瓨鏂囦欢锛歳es://.godot/exported/133200997/export-c7121a180d8da001770d291fff0cc82f-method_timber_collector_r2.res[39m[0m
[  19% ] [90m[1msavepack[22m | 淇濆瓨鏂囦欢锛歳es://.godot/exported/133200997/export-17432bc4fce49dc7ba0e252d77e48823-method_timber_collector_r4.res[39m[0m
[  19% ] [90m[1msavepack[22m | 淇濆瓨鏂囦欢锛歳es://.godot/exported/133200997/export-cf9d6c2776f5cd7534661f2a1cf4de47-method_wheat_farm_r3.res[39m[0m
[  19% ] [90m[1msavepack[22m | 淇濆瓨鏂囦欢锛歳es://.godot/exported/133200997/export-60d7e3bb96da5b3db0b7d99c5924fd82-method_wheat_farm_r5.res[39m[0m
[  19% ] [90m[1msavepack[22m | 淇濆瓨鏂囦欢锛歳es://.godot/exported/133200997/export-993f78a990b189eb03cc1f9cf9f6a396-method_wire_plant_r10.res[39m[0m
[  19% ] [90m[1msavepack[22m | 淇濆瓨鏂囦欢锛歳es://.godot/exported/133200997/export-f79201d72c38fc13d59fef580d0aba21-method_wool_shed_r3.res[39m[0m
[  19% ] [90m[1msavepack[22m | 淇濆瓨鏂囦欢锛歳es://.godot/exported/133200997/export-92f8b167ea8c7b471bb710f2c2ebe24d-method_wool_shed_r5.res[39m[0m
[  19% ] [90m[1msavepack[22m | 淇濆瓨鏂囦欢锛歳es://.godot/exported/133200997/export-a0e4df23e353f6e9df087dfbdb09976f-method_zinc_ore_collector_r9.res[39m[0m
[  19% ] [90m[1msavepack[22m | 淇濆瓨鏂囦欢锛歳es://.godot/exported/133200997/export-fd5b5893edee301889faa94ad9c1f93f-method_zinc_plant_r9.res[39m[0m
[  19% ] [90m[1msavepack[22m | 淇濆瓨鏂囦欢锛歳es://.godot/exported/133200997/export-fd637ebc5946911fe963bce85fbefd6e-monastic_scriptorium.res[39m[0m
[  19% ] [90m[1msavepack[22m | 淇濆瓨鏂囦欢锛歳es://.godot/exported/133200997/export-567f5731136e23876c4795b4b7bdfb91-national_laboratory.res[39m[0m
[  19% ] [90m[1msavepack[22m | 淇濆瓨鏂囦欢锛歳es://.godot/exported/133200997/export-2ac3e9e6f030948a182ef05370e932ce-natural_gas_collector.res[39m[0m
[  19% ] [90m[1msavepack[22m | 淇濆瓨鏂囦欢锛歳es://.godot/exported/133200997/export-71c6e5c5714c6eeae04d4efa667f0e1d-nuclear_fuel_plant.res[39m[0m
[  20% ] [90m[1msavepack[22m | 淇濆瓨鏂囦欢锛歳es://.godot/exported/133200997/export-6ba348e5dc8933b869a23606f22cf7f8-nuclear_medicine_center.res[39m[0m
[  20% ] [90m[1msavepack[22m | 淇濆瓨鏂囦欢锛歳es://.godot/exported/133200997/export-e7237a99aba428fd9c9a0d89396362cb-nuclear_power_plant.res[39m[0m
[  20% ] [90m[1msavepack[22m | 淇濆瓨鏂囦欢锛歳es://.godot/exported/133200997/export-5a0024e8b9e6654b31bed728344b43dd-oceanic_shipyard.res[39m[0m
[  20% ] [90m[1msavepack[22m | 淇濆瓨鏂囦欢锛歳es://.godot/exported/133200997/export-6d6a7c78f11b6b0192709b7b3184b4aa-oil_collector.res[39m[0m
[  20% ] [90m[1msavepack[22m | 淇濆瓨鏂囦欢锛歳es://.godot/exported/133200997/export-dbfc98c92054f6cef0a201d33de15421-oil_power_plant.res[39m[0m
[  20% ] [90m[1msavepack[22m | 淇濆瓨鏂囦欢锛歳es://.godot/exported/133200997/export-792211eb57205cff8eddbd0cb5d69e15-ore_bronzesmith_camp.res[39m[0m
[  20% ] [90m[1msavepack[22m | 淇濆瓨鏂囦欢锛歳es://.godot/exported/133200997/export-5cb5d97ba5065433dd96118538c37704-packaging_plant.res[39m[0m
[  20% ] [90m[1msavepack[22m | 淇濆瓨鏂囦欢锛歳es://.godot/exported/133200997/export-df4e1112572bb1065900534bed97d7ec-paper_plant.res[39m[0m
[  20% ] [90m[1msavepack[22m | 淇濆瓨鏂囦欢锛歳es://.godot/exported/133200997/export-4a916ed1c40170d11fb0d22b931cd99a-pastoral_camp.res[39m[0m
[  20% ] [90m[1msavepack[22m | 淇濆瓨鏂囦欢锛歳es://.godot/exported/133200997/export-e1989e04fa73dbf76e518a40559fddec-petrochemicals_plant.res[39m[0m
[  20% ] [90m[1msavepack[22m | 淇濆瓨鏂囦欢锛歳es://.godot/exported/133200997/export-7d2a9be4e963bb412aae22cae8afe8fd-pharmaceuticals_plant.res[39m[0m
[  20% ] [90m[1msavepack[22m | 淇濆瓨鏂囦欢锛歳es://.godot/exported/133200997/export-9a15193c6d55b45c24e06aa9e70ab936-phosphate_rock_collector.res[39m[0m
[  21% ] [90m[1msavepack[22m | 淇濆瓨鏂囦欢锛歳es://.godot/exported/133200997/export-d88a7bf85a23ffdc50ef89f01f266b3d-placer_gold_working.res[39m[0m
[  21% ] [90m[1msavepack[22m | 淇濆瓨鏂囦欢锛歳es://.godot/exported/133200997/export-20c5ccb925143757a2340f27f722d075-plastics_plant.res[39m[0m
[  21% ] [90m[1msavepack[22m | 淇濆瓨鏂囦欢锛歳es://.godot/exported/133200997/export-eb9442d44b3bc8a89deea5c96ef18dc2-polytechnic_institute.res[39m[0m
[  21% ] [90m[1msavepack[22m | 淇濆瓨鏂囦欢锛歳es://.godot/exported/133200997/export-580dcdba1abbe38d2128156633a1ec3d-potato_collector.res[39m[0m
[  21% ] [90m[1msavepack[22m | 淇濆瓨鏂囦欢锛歳es://.godot/exported/133200997/export-03f29c9f915a87e9153a74e53e93e31c-pottery_kiln.res[39m[0m
[  21% ] [90m[1msavepack[22m | 淇濆瓨鏂囦欢锛歳es://.godot/exported/133200997/export-9f3cfcbb5c2853beb1cf7dfe9ffc7429-precision_tool_workshop.res[39m[0m
[  21% ] [90m[1msavepack[22m | 淇濆瓨鏂囦欢锛歳es://.godot/exported/133200997/export-e691ec5951a7d9c25e50b2d2352c8772-printed_materials_plant.res[39m[0m
[  21% ] [90m[1msavepack[22m | 淇濆瓨鏂囦欢锛歳es://.godot/exported/133200997/export-a244afaed51a09ba7a41439d3c4dc6da-printing_academy.res[39m[0m
[  21% ] [90m[1msavepack[22m | 淇濆瓨鏂囦欢锛歳es://.godot/exported/133200997/export-72703a3e6a442377748343c2be97187e-processed_food_plant.res[39m[0m
[  21% ] [90m[1msavepack[22m | 淇濆瓨鏂囦欢锛歳es://.godot/exported/133200997/export-30b5b578b9e0380ed90afdf3136fe83f-radio_equipment_works.res[39m[0m
[  21% ] [90m[1msavepack[22m | 淇濆瓨鏂囦欢锛歳es://.godot/exported/133200997/export-4e3dadd639d724c1bfbe3101e1d963d5-rag_paper_workshop.res[39m[0m
[  21% ] [90m[1msavepack[22m | 淇濆瓨鏂囦欢锛歳es://.godot/exported/133200997/export-7603e9cdbd5e4f95f39bca1c97ca9994-railway_equipment_plant.res[39m[0m
[  22% ] [90m[1msavepack[22m | 淇濆瓨鏂囦欢锛歳es://.godot/exported/133200997/export-bcc71fb8b83fcdcd62524b635ba905bb-ranching_station.res[39m[0m
[  22% ] [90m[1msavepack[22m | 淇濆瓨鏂囦欢锛歳es://.godot/exported/133200997/export-69092cab610886b849a97b5f26518361-rare_earth_collector.res[39m[0m
[  22% ] [90m[1msavepack[22m | 淇濆瓨鏂囦欢锛歳es://.godot/exported/133200997/export-81f1b60d81f85f79f6f9c1a5f10bc651-rare_earth_metals_plant.res[39m[0m
[  22% ] [90m[1msavepack[22m | 淇濆瓨鏂囦欢锛歳es://.godot/exported/133200997/export-db6270ce6209e871ee04f619e10c3a10-reactor_component_works.res[39m[0m
[  22% ] [90m[1msavepack[22m | 淇濆瓨鏂囦欢锛歳es://.godot/exported/133200997/export-c1a33264921c171eac5f85dc35fe2ee9-refined_fuel_plant.res[39m[0m
[  22% ] [90m[1msavepack[22m | 淇濆瓨鏂囦欢锛歳es://.godot/exported/133200997/export-bcc92aee96c4f199bffee647e16c53f5-rice_collector.res[39m[0m
[  22% ] [90m[1msavepack[22m | 淇濆瓨鏂囦欢锛歳es://.godot/exported/133200997/export-4b8b167126c32707c158ef1520affd27-rubber_tree_collector.res[39m[0m
[  22% ] [90m[1msavepack[22m | 淇濆瓨鏂囦欢锛歳es://.godot/exported/133200997/export-1d008c3b5c8f20d501cb76248ef1ed6d-saltpeter_collector.res[39m[0m
[  22% ] [90m[1msavepack[22m | 淇濆瓨鏂囦欢锛歳es://.godot/exported/133200997/export-71c123f2a5d07e3cd94ae44eeeb4ac8e-salt_collector.res[39m[0m
[  22% ] [90m[1msavepack[22m | 淇濆瓨鏂囦欢锛歳es://.godot/exported/133200997/export-4a58911e5b000a370ca4a71c783f4176-scientific_instrument_works.res[39m[0m
[  22% ] [90m[1msavepack[22m | 淇濆瓨鏂囦欢锛歳es://.godot/exported/133200997/export-f313fc7f677e877f5cc2d1c52d645c31-scribal_school.res[39m[0m
[  22% ] [90m[1msavepack[22m | 淇濆瓨鏂囦欢锛歳es://.godot/exported/133200997/export-40b5a0d19a6d2cc6b6f5ed602fe7c8c6-semiconductors_plant.res[39m[0m
[  23% ] [90m[1msavepack[22m | 淇濆瓨鏂囦欢锛歳es://.godot/exported/133200997/export-2713bfa086501edd2d20149895e56a4c-silica_sand_collector.res[39m[0m
[  23% ] [90m[1msavepack[22m | 淇濆瓨鏂囦欢锛歳es://.godot/exported/133200997/export-acb1bbd9730a6d024f89d295fefc13ce-silver_mine.res[39m[0m
[  23% ] [90m[1msavepack[22m | 淇濆瓨鏂囦欢锛歳es://.godot/exported/133200997/export-4cdc05e79502f2d7f2ce2cde54368cdb-slaughterhouse.res[39m[0m
[  23% ] [90m[1msavepack[22m | 淇濆瓨鏂囦欢锛歳es://.godot/exported/133200997/export-6818e18fe90481329e33c835c1d5af2e-soap_plant.res[39m[0m
[  23% ] [90m[1msavepack[22m | 淇濆瓨鏂囦欢锛歳es://.godot/exported/133200997/export-d24506e759a38838e6d5c2f379e78773-spice_plants_collector.res[39m[0m
[  23% ] [90m[1msavepack[22m | 淇濆瓨鏂囦欢锛歳es://.godot/exported/133200997/export-565c1aea59423e857df682f895f2531b-stainless_steel_plant.res[39m[0m
[  23% ] [90m[1msavepack[22m | 淇濆瓨鏂囦欢锛歳es://.godot/exported/133200997/export-e5f12967a391f5d82dcd6765ebcf5fa1-staple_food_plant.res[39m[0m
[  23% ] [90m[1msavepack[22m | 淇濆瓨鏂囦欢锛歳es://.godot/exported/133200997/export-94152a7c78e2def43d476d83ed5c191d-staple_kitchen.res[39m[0m
[  23% ] [90m[1msavepack[22m | 淇濆瓨鏂囦欢锛歳es://.godot/exported/133200997/export-513d0eefba4d0cc1f7687ef1507da448-steam_coal_mine.res[39m[0m
[  23% ] [90m[1msavepack[22m | 淇濆瓨鏂囦欢锛歳es://.godot/exported/133200997/export-c6b7f8d8e190715af9e7b4222e858b87-steam_engine_works.res[39m[0m
[  23% ] [90m[1msavepack[22m | 淇濆瓨鏂囦欢锛歳es://.godot/exported/133200997/export-2664d84c836a93f58723063cff39ced4-steam_iron_mine.res[39m[0m
[  23% ] [90m[1msavepack[22m | 淇濆瓨鏂囦欢锛歳es://.godot/exported/133200997/export-85259e1bcd32684895c8ef4720c02c19-steam_rail_works.res[39m[0m
[  24% ] [90m[1msavepack[22m | 淇濆瓨鏂囦欢锛歳es://.godot/exported/133200997/export-a15409046ab0effccaebb3843c6a40be-steam_steel_works.res[39m[0m
[  24% ] [90m[1msavepack[22m | 淇濆瓨鏂囦欢锛歳es://.godot/exported/133200997/export-2cac2be0ec62bc82e6df059cc3a7f8f4-steel_plant.res[39m[0m
[  24% ] [90m[1msavepack[22m | 淇濆瓨鏂囦欢锛歳es://.godot/exported/133200997/export-e05e666fcd7b8323052ac05d948bd587-stone_age_hunting_camp.res[39m[0m
[  24% ] [90m[1msavepack[22m | 淇濆瓨鏂囦欢锛歳es://.godot/exported/133200997/export-4c1d4c6869cf9d9b1119dc013aabe3b9-stone_collector.res[39m[0m
[  24% ] [90m[1msavepack[22m | 淇濆瓨鏂囦欢锛歳es://.godot/exported/133200997/export-05c6fb72a7c9474a4abff96b134cdabf-subsistence_farm.res[39m[0m
[  24% ] [90m[1msavepack[22m | 淇濆瓨鏂囦欢锛歳es://.godot/exported/133200997/export-5eab8706e80ed17500f5e22cfb2333c3-sulfur_collector.res[39m[0m
[  24% ] [90m[1msavepack[22m | 淇濆瓨鏂囦欢锛歳es://.godot/exported/133200997/export-b724cad91c15c817cf76fb268f97e1ad-surface_silver_working.res[39m[0m
[  24% ] [90m[1msavepack[22m | 淇濆瓨鏂囦欢锛歳es://.godot/exported/133200997/export-27068856eba07c50f65bbd6acf0b5f2b-synthetic_fiber_plant.res[39m[0m
[  24% ] [90m[1msavepack[22m | 淇濆瓨鏂囦欢锛歳es://.godot/exported/133200997/export-1bcd2676b248c74eff263aa63ba9a00e-synthetic_rubber_plant.res[39m[0m
[  24% ] [90m[1msavepack[22m | 淇濆瓨鏂囦欢锛歳es://.godot/exported/133200997/export-cbbfa22c7a0b9593924bf34aa1071b88-synthetic_textile_mill.res[39m[0m
[  24% ] [90m[1msavepack[22m | 淇濆瓨鏂囦欢锛歳es://.godot/exported/133200997/export-c54f800570904ff4bdd9cbb9dfe94902-tailor_shop.res[39m[0m
[  25% ] [90m[1msavepack[22m | 淇濆瓨鏂囦欢锛歳es://.godot/exported/133200997/export-70ba1eafd04c947339b4f1a92cb56639-tannery.res[39m[0m
[  25% ] [90m[1msavepack[22m | 淇濆瓨鏂囦欢锛歳es://.godot/exported/133200997/export-f021366336022b71e6b61c4092b860fb-telecom_equipment_plant.res[39m[0m
[  25% ] [90m[1msavepack[22m | 淇濆瓨鏂囦欢锛歳es://.godot/exported/133200997/export-38cf0eae2cc3002a2617fb28cac6de5e-textile_mill.res[39m[0m
[  25% ] [90m[1msavepack[22m | 淇濆瓨鏂囦欢锛歳es://.godot/exported/133200997/export-c1cbf002462beebdb391938e0ea6724f-three_field_smallholding.res[39m[0m
[  25% ] [90m[1msavepack[22m | 淇濆瓨鏂囦欢锛歳es://.godot/exported/133200997/export-362ec5de8b243c74abe5d18250f01b49-timber_collector.res[39m[0m
[  25% ] [90m[1msavepack[22m | 淇濆瓨鏂囦欢锛歳es://.godot/exported/133200997/export-01712732e218fa74f51e5aa961c1f44e-tin_ore_collector.res[39m[0m
[  25% ] [90m[1msavepack[22m | 淇濆瓨鏂囦欢锛歳es://.godot/exported/133200997/export-4ef580bdd78eae4b99308a9ac5f65b1c-tin_plant.res[39m[0m
[  25% ] [90m[1msavepack[22m | 淇濆瓨鏂囦欢锛歳es://.godot/exported/133200997/export-8818869fec36eb95057c67c421dc680a-tools_plant.res[39m[0m
[  25% ] [90m[1msavepack[22m | 淇濆瓨鏂囦欢锛歳es://.godot/exported/133200997/export-928a8aea62f3435a6dcf718a96eceadc-wheat_farm.res[39m[0m
[  25% ] [90m[1msavepack[22m | 淇濆瓨鏂囦欢锛歳es://.godot/exported/133200997/export-4b16354366dc0276818bfeed5127403b-wire_plant.res[39m[0m
[  25% ] [90m[1msavepack[22m | 淇濆瓨鏂囦欢锛歳es://.godot/exported/133200997/export-b78b3aab031587eaeeee29e341b433e3-wool_shed.res[39m[0m
[  25% ] [90m[1msavepack[22m | 淇濆瓨鏂囦欢锛歳es://.godot/exported/133200997/export-c9871e486088f83b74fbe7879f50b7f5-zinc_ore_collector.res[39m[0m
[  26% ] [90m[1msavepack[22m | 淇濆瓨鏂囦欢锛歳es://.godot/exported/133200997/export-f57457dde791dfbf0d64d4e6bd0c7f4b-zinc_plant.res[39m[0m
[  26% ] [90m[1msavepack[22m | 淇濆瓨鏂囦欢锛歳es://.godot/exported/133200997/export-eb22d08923396c140df2cf8a6f80e8fd-agrarian_household.res[39m[0m
[  26% ] [90m[1msavepack[22m | 淇濆瓨鏂囦欢锛歳es://.godot/exported/133200997/export-2c478fcdb5bc24dc43e9a96b922a2881-artisan_household.res[39m[0m
[  26% ] [90m[1msavepack[22m | 淇濆瓨鏂囦欢锛歳es://.godot/exported/133200997/export-5e3d2ff75daeb56a79923e68c2e5709b-extractive_household.res[39m[0m
[  26% ] [90m[1msavepack[22m | 淇濆瓨鏂囦欢锛歳es://.godot/exported/133200997/export-cc4375f525870064252c1d89635957a9-hunter_household.res[39m[0m
[  26% ] [90m[1msavepack[22m | 淇濆瓨鏂囦欢锛歳es://.godot/exported/133200997/export-102460b1d4b38b7b68bf11fad8407a59-industrial_worker_household.res[39m[0m
[  26% ] [90m[1msavepack[22m | 淇濆瓨鏂囦欢锛歳es://.godot/exported/133200997/export-d4369b29a163e4760f7d7d510b059b88-merchant_household.res[39m[0m
[  26% ] [90m[1msavepack[22m | 淇濆瓨鏂囦欢锛歳es://.godot/exported/133200997/export-4b9c6a578a6770a4ceaeb6b9428b6c93-owner_household.res[39m[0m
[  26% ] [90m[1msavepack[22m | 淇濆瓨鏂囦欢锛歳es://.godot/exported/133200997/export-473dde362212424b45f620f9d756366a-plan_unemployed.res[39m[0m
[  26% ] [90m[1msavepack[22m | 淇濆瓨鏂囦欢锛歳es://.godot/exported/133200997/export-4795396670b453b31cef290d04c1916d-scholarly_household.res[39m[0m
[  26% ] [90m[1msavepack[22m | 淇濆瓨鏂囦欢锛歳es://.godot/exported/133200997/export-cf6d1599ec498ba8f7aa287ee1f0b298-survival_household.res[39m[0m
[  26% ] [90m[1msavepack[22m | 淇濆瓨鏂囦欢锛歳es://.godot/exported/133200997/export-b2a68f1c51778edf5ef136ad917fe8ea-technical_household.res[39m[0m
[  27% ] [90m[1msavepack[22m | 淇濆瓨鏂囦欢锛歳es://.godot/exported/133200997/export-95354100bddf51a255112c858bd66ade-cold_clothing_quantity.res[39m[0m
[  27% ] [90m[1msavepack[22m | 淇濆瓨鏂囦欢锛歳es://.godot/exported/133200997/export-32931d78e8e937bbf7453654912e265e-cold_fur_preference.res[39m[0m
[  27% ] [90m[1msavepack[22m | 淇濆瓨鏂囦欢锛歳es://.godot/exported/133200997/export-6d9005efb56a012c9778eec054c8f3ab-warm_cloth_preference.res[39m[0m
[  27% ] [90m[1msavepack[22m | 淇濆瓨鏂囦欢锛歳es://.godot/exported/133200997/export-f77ce2e956facf50afc692c12c23fbb1-default.res[39m[0m
[  27% ] [90m[1msavepack[22m | 淇濆瓨鏂囦欢锛歳es://.godot/exported/133200997/export-9d4e988a9e33ae466da1ee876300454e-clothing.res[39m[0m
[  27% ] [90m[1msavepack[22m | 淇濆瓨鏂囦欢锛歳es://.godot/exported/133200997/export-d7b44f411a956443ae4ec9275a5fa62b-communication.res[39m[0m
[  27% ] [90m[1msavepack[22m | 淇濆瓨鏂囦欢锛歳es://.godot/exported/133200997/export-9cd433c257563ef8d0dcc13ab1a55bd5-durable_goods.res[39m[0m
[  27% ] [90m[1msavepack[22m | 淇濆瓨鏂囦欢锛歳es://.godot/exported/133200997/export-c3c3f2da868dc48b1274865f7dfe299a-education_culture.res[39m[0m
[  27% ] [90m[1msavepack[22m | 淇濆瓨鏂囦欢锛歳es://.godot/exported/133200997/export-e72a06e0e6e489b7cfa756c449c21a32-healthcare.res[39m[0m
[  27% ] [90m[1msavepack[22m | 淇濆瓨鏂囦欢锛歳es://.godot/exported/133200997/export-c9294d6d19590f4d9d227aedd21f8b7e-home_energy.res[39m[0m
[  27% ] [90m[1msavepack[22m | 淇濆瓨鏂囦欢锛歳es://.godot/exported/133200997/export-e3fb424d03f0862de5b66bb14736e192-household_goods.res[39m[0m
[  27% ] [90m[1msavepack[22m | 淇濆瓨鏂囦欢锛歳es://.godot/exported/133200997/export-a41babfa47bec8fbde864f37a0163f8b-housing.res[39m[0m
[  28% ] [90m[1msavepack[22m | 淇濆瓨鏂囦欢锛歳es://.godot/exported/133200997/export-38de5a55b9cfed7d243f5007367c5162-hygiene.res[39m[0m
[  28% ] [90m[1msavepack[22m | 淇濆瓨鏂囦欢锛歳es://.godot/exported/133200997/export-de4d0ab9a1b08c4d5fee68661a546581-luxury.res[39m[0m
[  28% ] [90m[1msavepack[22m | 淇濆瓨鏂囦欢锛歳es://.godot/exported/133200997/export-77dd71d918ca239776b4d7c2e602ef02-produce.res[39m[0m
[  28% ] [90m[1msavepack[22m | 淇濆瓨鏂囦欢锛歳es://.godot/exported/133200997/export-fa8e11a2f161fdd63907add93ce668a2-protein.res[39m[0m
[  28% ] [90m[1msavepack[22m | 淇濆瓨鏂囦欢锛歳es://.godot/exported/133200997/export-3167bd2c089f6740310565e20b104671-recreation.res[39m[0m
[  28% ] [90m[1msavepack[22m | 淇濆瓨鏂囦欢锛歳es://.godot/exported/133200997/export-d3e7f43ec5e353277a241ca55a09ebde-staple_food.res[39m[0m
[  28% ] [90m[1msavepack[22m | 淇濆瓨鏂囦欢锛歳es://.godot/exported/133200997/export-87256468be3cfbd990605bb65afa0218-status_goods.res[39m[0m
[  28% ] [90m[1msavepack[22m | 淇濆瓨鏂囦欢锛歳es://.godot/exported/133200997/export-baf402d36f23241b75ad17509d0a7d11-transport.res[39m[0m
[  28% ] [90m[1msavepack[22m | 淇濆瓨鏂囦欢锛歳es://.godot/exported/133200997/export-4512c26d1ef218132b17d1074fb639fa-work_equipment.res[39m[0m
[  28% ] [90m[1msavepack[22m | 淇濆瓨鏂囦欢锛歳es://.godot/exported/133200997/export-7f675b5cf4cad940168f435f638a518e-dryland_crop.res[39m[0m
[  28% ] [90m[1msavepack[22m | 淇濆瓨鏂囦欢锛歳es://.godot/exported/133200997/export-857e629b64c87c4f1528e0583c100b7d-foraging_plants.res[39m[0m
[  28% ] [90m[1msavepack[22m | 淇濆瓨鏂囦欢锛歳es://.godot/exported/133200997/export-ee78d5f7e72a5a37356f52191399bfbd-paddy_crop.res[39m[0m
[  29% ] [90m[1msavepack[22m | 淇濆瓨鏂囦欢锛歳es://.godot/exported/133200997/export-fc2fbe268b7c6a0f8952a5a05eb8dc2a-pasture_livestock.res[39m[0m
[  29% ] [90m[1msavepack[22m | 淇濆瓨鏂囦欢锛歳es://.godot/exported/133200997/export-e086320bedf242cb03998b9a9ceb2b92-plantation_crop.res[39m[0m
[  29% ] [90m[1msavepack[22m | 淇濆瓨鏂囦欢锛歳es://.godot/exported/133200997/export-1cb3a059089b1cfe2fca492e5dcb4bd3-agricultural_worker.res[39m[0m
[  29% ] [90m[1msavepack[22m | 淇濆瓨鏂囦欢锛歳es://.godot/exported/133200997/export-fe80df88f8f36340d23a11bcee4f5334-ai_researcher.res[39m[0m
[  29% ] [90m[1msavepack[22m | 淇濆瓨鏂囦欢锛歳es://.godot/exported/133200997/export-b951b8841096ed7b594db64e839bbbb3-apprentice.res[39m[0m
[  29% ] [90m[1msavepack[22m | 淇濆瓨鏂囦欢锛歳es://.godot/exported/133200997/export-dd3d0e0bdc23145ee57cf479c9b91d77-artisan.res[39m[0m
[  29% ] [90m[1msavepack[22m | 淇濆瓨鏂囦欢锛歳es://.godot/exported/133200997/export-f8f3c251ba67d61fa40e05ed9ab02732-chemist.res[39m[0m
[  29% ] [90m[1msavepack[22m | 淇濆瓨鏂囦欢锛歳es://.godot/exported/133200997/export-fdc26ee3b8fd5359f193d7c25d160b1c-construction_worker.res[39m[0m
[  29% ] [90m[1msavepack[22m | 淇濆瓨鏂囦欢锛歳es://.godot/exported/133200997/export-27bc8be5a5798d90370f0ea589e68f24-data_scientist.res[39m[0m
[  29% ] [90m[1msavepack[22m | 淇濆瓨鏂囦欢锛歳es://.godot/exported/133200997/export-dadc7417e9f8eb9c012f29a3365610d9-electrician.res[39m[0m
[  29% ] [90m[1msavepack[22m | 淇濆瓨鏂囦欢锛歳es://.godot/exported/133200997/export-7b889a13759a8b2e1b406a133a7e0201-engineer.res[39m[0m
[  29% ] [90m[1msavepack[22m | 淇濆瓨鏂囦欢锛歳es://.godot/exported/133200997/export-c1b0dbad36a21fcb8b82d6f431e37489-enslaved_laborer.res[39m[0m
[  30% ] [90m[1msavepack[22m | 淇濆瓨鏂囦欢锛歳es://.godot/exported/133200997/export-ea140be8b534870e2e6ac81002373f6c-fisher.res[39m[0m
[  30% ] [90m[1msavepack[22m | 淇濆瓨鏂囦欢锛歳es://.godot/exported/133200997/export-2422b860247cd071af7ec4379e459d28-forager.res[39m[0m
[  30% ] [90m[1msavepack[22m | 淇濆瓨鏂囦欢锛歳es://.godot/exported/133200997/export-0d6514f0fd027c374840b84982dd6864-forestry_worker.res[39m[0m
[  30% ] [90m[1msavepack[22m | 淇濆瓨鏂囦欢锛歳es://.godot/exported/133200997/export-70fee21d49b71c46c1f9228eb3edd6ff-guild_master.res[39m[0m
[  30% ] [90m[1msavepack[22m | 淇濆瓨鏂囦欢锛歳es://.godot/exported/133200997/export-a4631441bbb645a7e64fd07f20e76541-hunter.res[39m[0m
[  30% ] [90m[1msavepack[22m | 淇濆瓨鏂囦欢锛歳es://.godot/exported/133200997/export-87161a221a1315c57a11b41004e874e6-indentured_laborer.res[39m[0m
[  30% ] [90m[1msavepack[22m | 淇濆瓨鏂囦欢锛歳es://.godot/exported/133200997/export-86d6915eb47a2cc7c80e276d444bc5aa-industrialist.res[39m[0m
[  30% ] [90m[1msavepack[22m | 淇濆瓨鏂囦欢锛歳es://.godot/exported/133200997/export-4affa2cb4686aae48aeb1fa84ff18740-industrial_worker.res[39m[0m
[  30% ] [90m[1msavepack[22m | 淇濆瓨鏂囦欢锛歳es://.godot/exported/133200997/export-3e4aee79eeb4217c309291c8bceaa8e0-journeyman.res[39m[0m
[  30% ] [90m[1msavepack[22m | 淇濆瓨鏂囦欢锛歳es://.godot/exported/133200997/export-a75b3f775d89666ccdbcc01f0208dad1-landlord.res[39m[0m
[  30% ] [90m[1msavepack[22m | 淇濆瓨鏂囦欢锛歳es://.godot/exported/133200997/export-7d7a0ba53d92d359bfa4b884f09a9acd-lorekeeper.res[39m[0m
[  30% ] [90m[1msavepack[22m | 淇濆瓨鏂囦欢锛歳es://.godot/exported/133200997/export-d1a263df60a2f55bb9ba3461d3c3b460-machinist.res[39m[0m
[  31% ] [90m[1msavepack[22m | 淇濆瓨鏂囦欢锛歳es://.godot/exported/133200997/export-f15a4e9681f10b9eea918bc6caa3007e-manager.res[39m[0m
[  31% ] [90m[1msavepack[22m | 淇濆瓨鏂囦欢锛歳es://.godot/exported/133200997/export-415be7b9fbabab7bdea6bf2680cb9fac-merchant.res[39m[0m
[  31% ] [90m[1msavepack[22m | 淇濆瓨鏂囦欢锛歳es://.godot/exported/133200997/export-a7b115a0ed4d7d63a5b5cd1c8f5d5f0a-metallurgist.res[39m[0m
[  31% ] [90m[1msavepack[22m | 淇濆瓨鏂囦欢锛歳es://.godot/exported/133200997/export-1bd89a2f7cc00c5de0319a4c17f5d27e-miner.res[39m[0m
[  31% ] [90m[1msavepack[22m | 淇濆瓨鏂囦欢锛歳es://.godot/exported/133200997/export-cc020278283a4e92b669d8b84455be92-natural_philosopher.res[39m[0m
[  31% ] [90m[1msavepack[22m | 淇濆瓨鏂囦欢锛歳es://.godot/exported/133200997/export-9c97262d9af11eb7ad226f9c7b9cdd54-pastoralist.res[39m[0m
[  31% ] [90m[1msavepack[22m | 淇濆瓨鏂囦欢锛歳es://.godot/exported/133200997/export-4a8679bc75b34a8326b4b3987cfe7eb6-petroleum_worker.res[39m[0m
[  31% ] [90m[1msavepack[22m | 淇濆瓨鏂囦欢锛歳es://.godot/exported/133200997/export-bf00d54747f0f3e2963acfba6a8b5e17-researcher.res[39m[0m
[  31% ] [90m[1msavepack[22m | 淇濆瓨鏂囦欢锛歳es://.godot/exported/133200997/export-172aaf09454f5271728db45af41a9a8b-research_scientist.res[39m[0m
[  31% ] [90m[1msavepack[22m | 淇濆瓨鏂囦欢锛歳es://.godot/exported/133200997/export-b14b1789218407051d6ddd55e5691754-scholar.res[39m[0m
[  31% ] [90m[1msavepack[22m | 淇濆瓨鏂囦欢锛歳es://.godot/exported/133200997/export-a886e1a2a26ddf5fe909ee27c5ce61b5-scientist.res[39m[0m
[  32% ] [90m[1msavepack[22m | 淇濆瓨鏂囦欢锛歳es://.godot/exported/133200997/export-a5c87c3b9e4d243f640a4cafa386a3c2-scribe.res[39m[0m
[  32% ] [90m[1msavepack[22m | 淇濆瓨鏂囦欢锛歳es://.godot/exported/133200997/export-b37a18146de5ffa8370275b6ac44c316-serf.res[39m[0m
[  32% ] [90m[1msavepack[22m | 淇濆瓨鏂囦欢锛歳es://.godot/exported/133200997/export-5340a38b74c31aff20e3d5e7aef39631-subsistence_farmer.res[39m[0m
[  32% ] [90m[1msavepack[22m | 淇濆瓨鏂囦欢锛歳es://.godot/exported/133200997/export-c859a8215eaa908b101766a9dfc8c850-technician.res[39m[0m
[  32% ] [90m[1msavepack[22m | 淇濆瓨鏂囦欢锛歳es://.godot/exported/133200997/export-c3e10152d3c7cd33bfdf6ff1c1ac3a71-tenant_farmer.res[39m[0m
[  32% ] [90m[1msavepack[22m | 淇濆瓨鏂囦欢锛歳es://.godot/exported/133200997/export-b49f75624b5fb6db8662a44e95663e54-transport_worker.res[39m[0m
[  32% ] [90m[1msavepack[22m | 淇濆瓨鏂囦欢锛歳es://.godot/exported/133200997/export-898ead8a67863de58d4fa7c3f8da0953-unemployed.res[39m[0m
[  32% ] [90m[1msavepack[22m | 淇濆瓨鏂囦欢锛歳es://.godot/exported/133200997/export-cddaff12aea747f81d9167ebe5c9dadb-worker.res[39m[0m
[  32% ] [90m[1msavepack[22m | 淇濆瓨鏂囦欢锛歳es://.godot/exported/133200997/export-4051917d21beddd85cdf40f14368f0b1-default_economy.res[39m[0m
[  32% ] [90m[1msavepack[22m | 淇濆瓨鏂囦欢锛歳es://.godot/exported/133200997/export-c1d80399621927ca9c14f4cbca47f4fd-default_family_surnames.res[39m[0m
[  32% ] [90m[1msavepack[22m | 淇濆瓨鏂囦欢锛歳es://.godot/exported/133200997/export-8a830d3f9be96a35a0435762506e67d8-default_family_traits.res[39m[0m
[  32% ] [90m[1msavepack[22m | 淇濆瓨鏂囦欢锛歳es://.godot/exported/133200997/export-2b7d9c4b52fc09b77e0e165174474aec-default_person_given_names.res[39m[0m
[  33% ] [90m[1msavepack[22m | 淇濆瓨鏂囦欢锛歳es://.godot/exported/133200997/export-d39e87bc878597d5c1bdc9d87de63829-default_settlement.res[39m[0m
[  33% ] [90m[1msavepack[22m | 淇濆瓨鏂囦欢锛歳es://.godot/exported/133200997/export-2302457f8c0164d98f782e3a1d749c6f-default_settlement_name_pack.res[39m[0m
[  33% ] [90m[1msavepack[22m | 淇濆瓨鏂囦欢锛歳es://.godot/exported/133200997/export-9ebbdc638af379b37dad1a3a43e8ca19-advanced_chips.res[39m[0m
[  33% ] [90m[1msavepack[22m | 淇濆瓨鏂囦欢锛歳es://.godot/exported/133200997/export-d3e57be2a66833042969728c6d82e4ee-agricultural_machinery.res[39m[0m
[  33% ] [90m[1msavepack[22m | 淇濆瓨鏂囦欢锛歳es://.godot/exported/133200997/export-51ef7ffc5486c9ace59502e8fab6cd29-aluminum.res[39m[0m
[  33% ] [90m[1msavepack[22m | 淇濆瓨鏂囦欢锛歳es://.godot/exported/133200997/export-c0040c2a0b3366e9e357ba214c01547e-automobiles.res[39m[0m
[  33% ] [90m[1msavepack[22m | 淇濆瓨鏂囦欢锛歳es://.godot/exported/133200997/export-3d480d4c14619253cc5dc88b31584c10-autonomous_systems.res[39m[0m
[  33% ] [90m[1msavepack[22m | 淇濆瓨鏂囦欢锛歳es://.godot/exported/133200997/export-9b245a34f05e06f0742f7368a7e0ab14-batteries.res[39m[0m
[  33% ] [90m[1msavepack[22m | 淇濆瓨鏂囦欢锛歳es://.godot/exported/133200997/export-8383d42ef653fab1b04e8b6b7dee6690-bauxite.res[39m[0m
[  33% ] [90m[1msavepack[22m | 淇濆瓨鏂囦欢锛歳es://.godot/exported/133200997/export-64feb3d3dab4448fcf7ad572979ffb22-beverages.res[39m[0m
[  33% ] [90m[1msavepack[22m | 淇濆瓨鏂囦欢锛歳es://.godot/exported/133200997/export-79d48d36e06f9362d6efe2fc6ea0119d-bread.res[39m[0m
[  33% ] [90m[1msavepack[22m | 淇濆瓨鏂囦欢锛歳es://.godot/exported/133200997/export-e3455e1bc062c20566106e92fc4d32e7-bricks.res[39m[0m
[  33% ] [90m[1msavepack[22m | 淇濆瓨鏂囦欢锛歳es://.godot/exported/133200997/export-dea501a7ddb6dafd7aca7019d38667ad-bronze_tools.res[39m[0m
[  33% ] [90m[1msavepack[22m | 淇濆瓨鏂囦欢锛歳es://.godot/exported/133200997/export-6e1136d5937e9efd47baa743cceec18e-canned_fish.res[39m[0m
[  33% ] [90m[1msavepack[22m | 淇濆瓨鏂囦欢锛歳es://.godot/exported/133200997/export-a9190491ba5718f724bd458eae048a8c-cement.res[39m[0m
[  33% ] [90m[1msavepack[22m | 淇濆瓨鏂囦欢锛歳es://.godot/exported/133200997/export-cb9191ae53371fed734ff85496c14e43-chipped_stone_tools.res[39m[0m
[  33% ] [90m[1msavepack[22m | 淇濆瓨鏂囦欢锛歳es://.godot/exported/133200997/export-8ad9572ef7a76111d8f4491d6388cf33-clay.res[39m[0m
[  33% ] [90m[1msavepack[22m | 淇濆瓨鏂囦欢锛歳es://.godot/exported/133200997/export-36bfff264191e7454d104108c01d7e69-cloth.res[39m[0m
[  33% ] [90m[1msavepack[22m | 淇濆瓨鏂囦欢锛歳es://.godot/exported/133200997/export-91a5c98e65a33ab9a48b511997eefeb9-clothing.res[39m[0m
[  33% ] [90m[1msavepack[22m | 淇濆瓨鏂囦欢锛歳es://.godot/exported/133200997/export-21628cc2ee4bba814fdab24c4de5b53c-coal.res[39m[0m
[  33% ] [90m[1msavepack[22m | 淇濆瓨鏂囦欢锛歳es://.godot/exported/133200997/export-79e857be8da2c0fc75650748692f943b-coke.res[39m[0m
[  33% ] [90m[1msavepack[22m | 淇濆瓨鏂囦欢锛歳es://.godot/exported/133200997/export-f21c78cd543cf423090b6e8a72e6e9ee-computers.res[39m[0m
[  33% ] [90m[1msavepack[22m | 淇濆瓨鏂囦欢锛歳es://.godot/exported/133200997/export-b4dc6d81b8f85ea2bc9b4566802e2daf-concrete.res[39m[0m
[  33% ] [90m[1msavepack[22m | 淇濆瓨鏂囦欢锛歳es://.godot/exported/133200997/export-eadddbebafefcdc2a5a07533e1eec1c4-construction_components.res[39m[0m
[  34% ] [90m[1msavepack[22m | 淇濆瓨鏂囦欢锛歳es://.godot/exported/133200997/export-d1be1905d9cc1b4b69027a89abc67f82-copper.res[39m[0m
[  34% ] [90m[1msavepack[22m | 淇濆瓨鏂囦欢锛歳es://.godot/exported/133200997/export-2ead712a08722f81e0dda1e2ace9575c-copper_ore.res[39m[0m
[  34% ] [90m[1msavepack[22m | 淇濆瓨鏂囦欢锛歳es://.godot/exported/133200997/export-cc6f320891fc3e3fc4e98b1b7653c61a-corn_grain.res[39m[0m
[  34% ] [90m[1msavepack[22m | 淇濆瓨鏂囦欢锛歳es://.godot/exported/133200997/export-96afae4561a9d79374a60e29721225c9-cotton_fiber.res[39m[0m
[  34% ] [90m[1msavepack[22m | 淇濆瓨鏂囦欢锛歳es://.godot/exported/133200997/export-3cfd7a92f451034714edea03bf12e194-crude_oil.res[39m[0m
[  34% ] [90m[1msavepack[22m | 淇濆瓨鏂囦欢锛歳es://.godot/exported/133200997/export-cacaa4cbeacf6ea57849dc366ec1ab6d-dairy_products.res[39m[0m
[  34% ] [90m[1msavepack[22m | 淇濆瓨鏂囦欢锛歳es://.godot/exported/133200997/export-09fe6bd4445db0d2291316244fc46344-detergent.res[39m[0m
[  34% ] [90m[1msavepack[22m | 淇濆瓨鏂囦欢锛歳es://.godot/exported/133200997/export-7f4540aec8d4a38681defe53a35a72ba-edible_oil.res[39m[0m
[  34% ] [90m[1msavepack[22m | 淇濆瓨鏂囦欢锛歳es://.godot/exported/133200997/export-cdbe4fad6aae052d644871a9f73d66ad-electrical_equipment.res[39m[0m
[  34% ] [90m[1msavepack[22m | 淇濆瓨鏂囦欢锛歳es://.godot/exported/133200997/export-9f77cbfaeeccb3e5e30e14d8b7713939-electricity.res[39m[0m
[  34% ] [90m[1msavepack[22m | 淇濆瓨鏂囦欢锛歳es://.godot/exported/133200997/export-bee08f9dd5fd999e2c73a67df5f89124-electric_motor.res[39m[0m
[  34% ] [90m[1msavepack[22m | 淇濆瓨鏂囦欢锛歳es://.godot/exported/133200997/export-dd6cb4e0596ca9196a5de192d25d1e81-electronic_components.res[39m[0m
[  35% ] [90m[1msavepack[22m | 淇濆瓨鏂囦欢锛歳es://.godot/exported/133200997/export-3d1a410e98af79c6b5b7f4ea1d14afce-engines.res[39m[0m
[  35% ] [90m[1msavepack[22m | 淇濆瓨鏂囦欢锛歳es://.godot/exported/133200997/export-e755f01b3bfc3137f01ff025e69a355d-explosives.res[39m[0m
[  35% ] [90m[1msavepack[22m | 淇濆瓨鏂囦欢锛歳es://.godot/exported/133200997/export-89b99ccfc9edccbf3b3e01ac38984f7d-fertilizer.res[39m[0m
[  35% ] [90m[1msavepack[22m | 淇濆瓨鏂囦欢锛歳es://.godot/exported/133200997/export-b1ac2ba1da76b9d39e6efff331b81268-fine_clothing.res[39m[0m
[  35% ] [90m[1msavepack[22m | 淇濆瓨鏂囦欢锛歳es://.godot/exported/133200997/export-862b7827a3e1537bc81d942255125fef-fine_furniture.res[39m[0m
[  35% ] [90m[1msavepack[22m | 淇濆瓨鏂囦欢锛歳es://.godot/exported/133200997/export-e9921aee6a3809c9241b59a48caa250c-fish.res[39m[0m
[  35% ] [90m[1msavepack[22m | 淇濆瓨鏂囦欢锛歳es://.godot/exported/133200997/export-e54cc1a75ac9d94105e26224e75660cb-flax_fiber.res[39m[0m
[  35% ] [90m[1msavepack[22m | 淇濆瓨鏂囦欢锛歳es://.godot/exported/133200997/export-64923e2a461fe90679c6d760a81089df-flint.res[39m[0m
[  35% ] [90m[1msavepack[22m | 淇濆瓨鏂囦欢锛歳es://.godot/exported/133200997/export-5ce870fba2813c7ab1881316769e82f0-footwear.res[39m[0m
[  35% ] [90m[1msavepack[22m | 淇濆瓨鏂囦欢锛歳es://.godot/exported/133200997/export-17fdf798328ff7a7ae53ad8f3406b647-fur.res[39m[0m
[  35% ] [90m[1msavepack[22m | 淇濆瓨鏂囦欢锛歳es://.godot/exported/133200997/export-c66ce91f851e350217b3fc054d1a7f0a-furniture.res[39m[0m
[  35% ] [90m[1msavepack[22m | 淇濆瓨鏂囦欢锛歳es://.godot/exported/133200997/export-9d33f06c42bc791a86b485f52cd8aa2a-game_meat.res[39m[0m
[  36% ] [90m[1msavepack[22m | 淇濆瓨鏂囦欢锛歳es://.godot/exported/133200997/export-9d623e499d3216bf8f608a605336a75e-gathered_plants.res[39m[0m
[  36% ] [90m[1msavepack[22m | 淇濆瓨鏂囦欢锛歳es://.godot/exported/133200997/export-6be6ac489899bc9c51d0b8071048b80e-glass.res[39m[0m
[  36% ] [90m[1msavepack[22m | 淇濆瓨鏂囦欢锛歳es://.godot/exported/133200997/export-9b54a0508e66883262fc09661810f65b-gold.res[39m[0m
[  36% ] [90m[1msavepack[22m | 淇濆瓨鏂囦欢锛歳es://.godot/exported/133200997/export-0ea161722c3cb253c4656e0df2868559-grain.res[39m[0m
[  36% ] [90m[1msavepack[22m | 淇濆瓨鏂囦欢锛歳es://.godot/exported/133200997/export-79fc9a81ee6fd60145f7669408facaba-horses.res[39m[0m
[  36% ] [90m[1msavepack[22m | 淇濆瓨鏂囦欢锛歳es://.godot/exported/133200997/export-a75fda05385f8a7d3bee03bda2fa86a9-household_appliances.res[39m[0m
[  36% ] [90m[1msavepack[22m | 淇濆瓨鏂囦欢锛歳es://.godot/exported/133200997/export-62cef07cb2e67c683ff0b7f399d516ce-industrial_chemicals.res[39m[0m
[  36% ] [90m[1msavepack[22m | 淇濆瓨鏂囦欢锛歳es://.godot/exported/133200997/export-35557823d62263acec3d060e15cdeb97-industrial_machinery.res[39m[0m
[  36% ] [90m[1msavepack[22m | 淇濆瓨鏂囦欢锛歳es://.godot/exported/133200997/export-1f558223657444c41edbfa8a21c6bd81-insulated_cable.res[39m[0m
[  36% ] [90m[1msavepack[22m | 淇濆瓨鏂囦欢锛歳es://.godot/exported/133200997/export-60b4a9fd3be5f1f96862a48462f6e2eb-iron_ore.res[39m[0m
[  36% ] [90m[1msavepack[22m | 淇濆瓨鏂囦欢锛歳es://.godot/exported/133200997/export-15d8f08a29c37755c871b7f4814b39cb-jewelry.res[39m[0m
[  36% ] [90m[1msavepack[22m | 淇濆瓨鏂囦欢锛歳es://.godot/exported/133200997/export-49628c54b8518a5cd1dbd16af0e6d314-latex.res[39m[0m
[  37% ] [90m[1msavepack[22m | 淇濆瓨鏂囦欢锛歳es://.godot/exported/133200997/export-060a975f56d3fe0b050348075b38e2cd-lead.res[39m[0m
[  37% ] [90m[1msavepack[22m | 淇濆瓨鏂囦欢锛歳es://.godot/exported/133200997/export-be9da293d9eb099c494f19539664f04c-lead_ore.res[39m[0m
[  37% ] [90m[1msavepack[22m | 淇濆瓨鏂囦欢锛歳es://.godot/exported/133200997/export-12a766beb98be30ecf0e099f948a8003-leather.res[39m[0m
[  37% ] [90m[1msavepack[22m | 淇濆瓨鏂囦欢锛歳es://.godot/exported/133200997/export-bda021ac9e744a64faaa0f85978631d0-lime.res[39m[0m
[  37% ] [90m[1msavepack[22m | 淇濆瓨鏂囦欢锛歳es://.godot/exported/133200997/export-1c8e6b3d3214c76abf69a909c2db94b3-limestone.res[39m[0m
[  37% ] [90m[1msavepack[22m | 淇濆瓨鏂囦欢锛歳es://.godot/exported/133200997/export-62d70611019dad4d0b5c052751a64f5f-livestock_products.res[39m[0m
[  37% ] [90m[1msavepack[22m | 淇濆瓨鏂囦欢锛歳es://.godot/exported/133200997/export-b09e4bbda362d2b0c3ea0a354f60b816-logs.res[39m[0m
[  37% ] [90m[1msavepack[22m | 淇濆瓨鏂囦欢锛歳es://.godot/exported/133200997/export-4a92dd1d4d79a8ff6503488e9b629c38-lubricants.res[39m[0m
[  37% ] [90m[1msavepack[22m | 淇濆瓨鏂囦欢锛歳es://.godot/exported/133200997/export-788f1bc9e728c87938396baf5dfa6a0e-lumber.res[39m[0m
[  37% ] [90m[1msavepack[22m | 淇濆瓨鏂囦欢锛歳es://.godot/exported/133200997/export-2bf0909504a103be887ba40785c68f5f-machine_parts.res[39m[0m
[  37% ] [90m[1msavepack[22m | 淇濆瓨鏂囦欢锛歳es://.godot/exported/133200997/export-a71053bae7aed3d39a79b7040005d44a-manganese_ore.res[39m[0m
[  37% ] [90m[1msavepack[22m | 淇濆瓨鏂囦欢锛歳es://.godot/exported/133200997/export-554c6d922621e616ec64e22918e336e1-manuscripts.res[39m[0m
[  38% ] [90m[1msavepack[22m | 淇濆瓨鏂囦欢锛歳es://.godot/exported/133200997/export-0045d419d81cf561104df78cb992097d-meat.res[39m[0m
[  38% ] [90m[1msavepack[22m | 淇濆瓨鏂囦欢锛歳es://.godot/exported/133200997/export-e5883bb0387a6e59a11e2b95697ed655-medicinal_herbs.res[39m[0m
[  38% ] [90m[1msavepack[22m | 淇濆瓨鏂囦欢锛歳es://.godot/exported/133200997/export-596ee896e386ac9df22232e38b55bb65-natural_gas.res[39m[0m
[  38% ] [90m[1msavepack[22m | 淇濆瓨鏂囦欢锛歳es://.godot/exported/133200997/export-fd3a4aa36b0070e2a0e73802d648b077-nuclear_fuel.res[39m[0m
[  38% ] [90m[1msavepack[22m | 淇濆瓨鏂囦欢锛歳es://.godot/exported/133200997/export-0bf552f5ac2f4f2d37acd119f7521aa2-oceanic_vessels.res[39m[0m
[  38% ] [90m[1msavepack[22m | 淇濆瓨鏂囦欢锛歳es://.godot/exported/133200997/export-a453f535b15e6ab96b39078ae4681096-packaging.res[39m[0m
[  38% ] [90m[1msavepack[22m | 淇濆瓨鏂囦欢锛歳es://.godot/exported/133200997/export-d81cf3dc65c6a0cdea850084fc145109-paper.res[39m[0m
[  38% ] [90m[1msavepack[22m | 淇濆瓨鏂囦欢锛歳es://.godot/exported/133200997/export-d7f8542e578e81a618eeecdf5beecc49-petrochemicals.res[39m[0m
[  38% ] [90m[1msavepack[22m | 淇濆瓨鏂囦欢锛歳es://.godot/exported/133200997/export-673da5f7d14b22edbf30eb7d64bb94f0-pharmaceuticals.res[39m[0m
[  38% ] [90m[1msavepack[22m | 淇濆瓨鏂囦欢锛歳es://.godot/exported/133200997/export-2f9427f813b5ef1fead945bbafd64cd9-phosphate_rock.res[39m[0m
[  38% ] [90m[1msavepack[22m | 淇濆瓨鏂囦欢锛歳es://.godot/exported/133200997/export-fd7714e6309283908b4a880b6bd43b44-plastics.res[39m[0m
[  39% ] [90m[1msavepack[22m | 淇濆瓨鏂囦欢锛歳es://.godot/exported/133200997/export-9e06023d104e011c462d9b64d81b6c78-potatoes.res[39m[0m
[  39% ] [90m[1msavepack[22m | 淇濆瓨鏂囦欢锛歳es://.godot/exported/133200997/export-793a42c8aa0f63daea86a623e66fe158-pottery.res[39m[0m
[  39% ] [90m[1msavepack[22m | 淇濆瓨鏂囦欢锛歳es://.godot/exported/133200997/export-052da193ef4b20ea0b3292bb864e0bec-precision_tools.res[39m[0m
[  39% ] [90m[1msavepack[22m | 淇濆瓨鏂囦欢锛歳es://.godot/exported/133200997/export-de8160e08ccca443d837f0d6cfa2fc4f-prepared_staples.res[39m[0m
[  39% ] [90m[1msavepack[22m | 淇濆瓨鏂囦欢锛歳es://.godot/exported/133200997/export-113ec3ce0a88cba64c6118641e160351-printed_materials.res[39m[0m
[  39% ] [90m[1msavepack[22m | 淇濆瓨鏂囦欢锛歳es://.godot/exported/133200997/export-10e399826998737c61a6efeb1062897b-processed_food.res[39m[0m
[  39% ] [90m[1msavepack[22m | 淇濆瓨鏂囦欢锛歳es://.godot/exported/133200997/export-6d42c57e347e5d5dd0b8fb90c40d8037-radio_equipment.res[39m[0m
[  39% ] [90m[1msavepack[22m | 淇濆瓨鏂囦欢锛歳es://.godot/exported/133200997/export-3a18e38f2630f4cb989ddf98dd10be60-railway_equipment.res[39m[0m
[  39% ] [90m[1msavepack[22m | 淇濆瓨鏂囦欢锛歳es://.godot/exported/133200997/export-d6c5f7d451dee209b880d4f023c9f1df-rare_earth_metals.res[39m[0m
[  39% ] [90m[1msavepack[22m | 淇濆瓨鏂囦欢锛歳es://.godot/exported/133200997/export-c4ffd29b2e8da4e34967df6b99a61e7c-rare_earth_ore.res[39m[0m
[  39% ] [90m[1msavepack[22m | 淇濆瓨鏂囦欢锛歳es://.godot/exported/133200997/export-b0a9f0a7b6dec82043015479ab5a622d-raw_hide.res[39m[0m
[  39% ] [90m[1msavepack[22m | 淇濆瓨鏂囦欢锛歳es://.godot/exported/133200997/export-c2ed062b904abb7670e7cfb9e32847d0-raw_stone.res[39m[0m
[  40% ] [90m[1msavepack[22m | 淇濆瓨鏂囦欢锛歳es://.godot/exported/133200997/export-0cf05f6b713660b583ea6e3ada67231a-reactor_components.res[39m[0m
[  40% ] [90m[1msavepack[22m | 淇濆瓨鏂囦欢锛歳es://.godot/exported/133200997/export-fc40c5ceabf9f67932fe9cdb4695cdb0-refined_fuel.res[39m[0m
[  40% ] [90m[1msavepack[22m | 淇濆瓨鏂囦欢锛歳es://.godot/exported/133200997/export-0fe8cfccda35cfaf1cc1f0bd49c06fe6-rice_grain.res[39m[0m
[  40% ] [90m[1msavepack[22m | 淇濆瓨鏂囦欢锛歳es://.godot/exported/133200997/export-c50718bf309aabbabf0d37275501e209-salt.res[39m[0m
[  40% ] [90m[1msavepack[22m | 淇濆瓨鏂囦欢锛歳es://.godot/exported/133200997/export-7b5b1d62d8a974f3c1549f7312007c45-saltpeter.res[39m[0m
[  40% ] [90m[1msavepack[22m | 淇濆瓨鏂囦欢锛歳es://.godot/exported/133200997/export-b3d8310ef9c13adfdbcb749e300d4022-scientific_instruments.res[39m[0m
[  40% ] [90m[1msavepack[22m | 淇濆瓨鏂囦欢锛歳es://.godot/exported/133200997/export-580ecb81901a342f569622786894f54b-semiconductors.res[39m[0m
[  40% ] [90m[1msavepack[22m | 淇濆瓨鏂囦欢锛歳es://.godot/exported/133200997/export-d4d07beafd82ea46427d163475de4f1d-silica_sand.res[39m[0m
[  40% ] [90m[1msavepack[22m | 淇濆瓨鏂囦欢锛歳es://.godot/exported/133200997/export-14d72f807c880c03e35e10d50b2a94ca-silver.res[39m[0m
[  40% ] [90m[1msavepack[22m | 淇濆瓨鏂囦欢锛歳es://.godot/exported/133200997/export-3e382b756b33d0beb04bb0ae4d6c16c8-soap.res[39m[0m
[  40% ] [90m[1msavepack[22m | 淇濆瓨鏂囦欢锛歳es://.godot/exported/133200997/export-69f638cdcc8af02308f6253857c0f49e-spices.res[39m[0m
[  40% ] [90m[1msavepack[22m | 淇濆瓨鏂囦欢锛歳es://.godot/exported/133200997/export-8145b269dffb54a31e1576dd8651a905-stainless_steel.res[39m[0m
[  41% ] [90m[1msavepack[22m | 淇濆瓨鏂囦欢锛歳es://.godot/exported/133200997/export-0da2730070674639de3b2f55ed4cd462-steam_engines.res[39m[0m
[  41% ] [90m[1msavepack[22m | 淇濆瓨鏂囦欢锛歳es://.godot/exported/133200997/export-1902a91e929d890f0b6e8770b10e036b-steel.res[39m[0m
[  41% ] [90m[1msavepack[22m | 淇濆瓨鏂囦欢锛歳es://.godot/exported/133200997/export-ae3d0d213d5500819c46ed80ee4b0d52-sulfur.res[39m[0m
[  41% ] [90m[1msavepack[22m | 淇濆瓨鏂囦欢锛歳es://.godot/exported/133200997/export-704157fec78104f8d7dbb7b2fb0932ea-synthetic_fiber.res[39m[0m
[  41% ] [90m[1msavepack[22m | 淇濆瓨鏂囦欢锛歳es://.godot/exported/133200997/export-6a777f3b50ac1bf48859e5f5bff7e8c7-synthetic_rubber.res[39m[0m
[  41% ] [90m[1msavepack[22m | 淇濆瓨鏂囦欢锛歳es://.godot/exported/133200997/export-2348fb3325cd04970913ab85837ea412-technology_points.res[39m[0m
[  41% ] [90m[1msavepack[22m | 淇濆瓨鏂囦欢锛歳es://.godot/exported/133200997/export-2a4fdcb5c5e150678c26bf4bd5c9c3d1-telecom_equipment.res[39m[0m
[  41% ] [90m[1msavepack[22m | 淇濆瓨鏂囦欢锛歳es://.godot/exported/133200997/export-f10a30aa582e931181dc481c930b91a6-tin.res[39m[0m
[  41% ] [90m[1msavepack[22m | 淇濆瓨鏂囦欢锛歳es://.godot/exported/133200997/export-030dd096af719aed3af52f4180685fb5-tin_ore.res[39m[0m
[  41% ] [90m[1msavepack[22m | 淇濆瓨鏂囦欢锛歳es://.godot/exported/133200997/export-36861f8fd3d78bba8a768683fdd197ef-tools.res[39m[0m
[  41% ] [90m[1msavepack[22m | 淇濆瓨鏂囦欢锛歳es://.godot/exported/133200997/export-4febd981ad777d60acf91b665aeb4165-vegetables.res[39m[0m
[  41% ] [90m[1msavepack[22m | 淇濆瓨鏂囦欢锛歳es://.godot/exported/133200997/export-23b67dc1ce482324230921f428d4a3b1-wheat_grain.res[39m[0m
[  42% ] [90m[1msavepack[22m | 淇濆瓨鏂囦欢锛歳es://.godot/exported/133200997/export-bb528611fa145e46c419c5c779c706e1-wire.res[39m[0m
[  42% ] [90m[1msavepack[22m | 淇濆瓨鏂囦欢锛歳es://.godot/exported/133200997/export-c4c71aa2782603856078fbebd33e27c4-wool.res[39m[0m
[  42% ] [90m[1msavepack[22m | 淇濆瓨鏂囦欢锛歳es://.godot/exported/133200997/export-4634c924fa134ed7ac86ad429a6c0c81-zinc.res[39m[0m
[  42% ] [90m[1msavepack[22m | 淇濆瓨鏂囦欢锛歳es://.godot/exported/133200997/export-17d8f592c5759a65433aca980105e4a4-zinc_ore.res[39m[0m
[  42% ] [90m[1msavepack[22m | 淇濆瓨鏂囦欢锛歳es://.godot/exported/133200997/export-685fdee18642ba7539e8cb9cdfe394e6-default_modifier_catalog.res[39m[0m
[  42% ] [90m[1msavepack[22m | 淇濆瓨鏂囦欢锛歳es://.godot/exported/133200997/export-acaaac588986307a4149a2f2ee22d9b8-arable_land.res[39m[0m
[  42% ] [90m[1msavepack[22m | 淇濆瓨鏂囦欢锛歳es://.godot/exported/133200997/export-5e5c123f00ef77273206578766f91aa9-bauxite.res[39m[0m
[  42% ] [90m[1msavepack[22m | 淇濆瓨鏂囦欢锛歳es://.godot/exported/133200997/export-2fd91f6037d291d5cbe30e1c9638c5af-clay.res[39m[0m
[  42% ] [90m[1msavepack[22m | 淇濆瓨鏂囦欢锛歳es://.godot/exported/133200997/export-12992dc513889f69d9d4251fc6f510f9-coal.res[39m[0m
[  42% ] [90m[1msavepack[22m | 淇濆瓨鏂囦欢锛歳es://.godot/exported/133200997/export-82a5f23a6562119b742e1cb669df265e-copper_ore.res[39m[0m
[  42% ] [90m[1msavepack[22m | 淇濆瓨鏂囦欢锛歳es://.godot/exported/133200997/export-9e45a6c3724a8acf3e1a940df07d440c-fertile_soil.res[39m[0m
[  42% ] [90m[1msavepack[22m | 淇濆瓨鏂囦欢锛歳es://.godot/exported/133200997/export-9470d266d5323e6d1890cc35f6a51fa8-flint.res[39m[0m
[  43% ] [90m[1msavepack[22m | 淇濆瓨鏂囦欢锛歳es://.godot/exported/133200997/export-4c7e8a42a221dffc02603111cd299e15-freshwater_fish.res[39m[0m
[  43% ] [90m[1msavepack[22m | 淇濆瓨鏂囦欢锛歳es://.godot/exported/133200997/export-aeaf9d2966c1f59f371d2ae300805369-gold_ore.res[39m[0m
[  43% ] [90m[1msavepack[22m | 淇濆瓨鏂囦欢锛歳es://.godot/exported/133200997/export-9368a391cde962a7338694f212f2825f-iron_ore.res[39m[0m
[  43% ] [90m[1msavepack[22m | 淇濆瓨鏂囦欢锛歳es://.godot/exported/133200997/export-c7c2142d14840c8ce1dec34c65f66b39-lead_ore.res[39m[0m
[  43% ] [90m[1msavepack[22m | 淇濆瓨鏂囦欢锛歳es://.godot/exported/133200997/export-059f82f8277cd6ba4aa7612d8cfc43cb-limestone.res[39m[0m
[  43% ] [90m[1msavepack[22m | 淇濆瓨鏂囦欢锛歳es://.godot/exported/133200997/export-66a2e7fb8a5166c566383d0916f032a7-manganese_ore.res[39m[0m
[  43% ] [90m[1msavepack[22m | 淇濆瓨鏂囦欢锛歳es://.godot/exported/133200997/export-83f094824fda5f3f42f345c84a3b7ddf-marine_fish.res[39m[0m
[  43% ] [90m[1msavepack[22m | 淇濆瓨鏂囦欢锛歳es://.godot/exported/133200997/export-751297159f4c559d8f04f05b24cd0aec-natural_gas.res[39m[0m
[  43% ] [90m[1msavepack[22m | 淇濆瓨鏂囦欢锛歳es://.godot/exported/133200997/export-dbc1d9baabf0e0bbd8899d583fc2910c-oil.res[39m[0m
[  43% ] [90m[1msavepack[22m | 淇濆瓨鏂囦欢锛歳es://.godot/exported/133200997/export-da4c8724d1f62aae9d2b6f57a59f3ffe-paddy_land.res[39m[0m
[  43% ] [90m[1msavepack[22m | 淇濆瓨鏂囦欢锛歳es://.godot/exported/133200997/export-c5878cfaada1e1f3ef99f8f5dc824478-pasture.res[39m[0m
[  43% ] [90m[1msavepack[22m | 淇濆瓨鏂囦欢锛歳es://.godot/exported/133200997/export-981573c213ab32bb1761b7e860bf5dbf-phosphate_rock.res[39m[0m
[  44% ] [90m[1msavepack[22m | 淇濆瓨鏂囦欢锛歳es://.godot/exported/133200997/export-170d79a3a7a82eafd84868f2fbe270db-plantation_land.res[39m[0m
[  44% ] [90m[1msavepack[22m | 淇濆瓨鏂囦欢锛歳es://.godot/exported/133200997/export-a22afcd0002328e06d5753a8b5195505-rare_earth.res[39m[0m
[  44% ] [90m[1msavepack[22m | 淇濆瓨鏂囦欢锛歳es://.godot/exported/133200997/export-70b33903638bcddba0f81d6e7ffdb9da-salt.res[39m[0m
[  44% ] [90m[1msavepack[22m | 淇濆瓨鏂囦欢锛歳es://.godot/exported/133200997/export-6140827f18d2e13c40782dab0776db1c-saltpeter.res[39m[0m
[  44% ] [90m[1msavepack[22m | 淇濆瓨鏂囦欢锛歳es://.godot/exported/133200997/export-37182517816707089430ffbc85740d6e-silica_sand.res[39m[0m
[  44% ] [90m[1msavepack[22m | 淇濆瓨鏂囦欢锛歳es://.godot/exported/133200997/export-53f6559146df244ca9b24238e462adab-silver_ore.res[39m[0m
[  44% ] [90m[1msavepack[22m | 淇濆瓨鏂囦欢锛歳es://.godot/exported/133200997/export-98bae490de0c5b00993122057acdadb5-stone.res[39m[0m
[  44% ] [90m[1msavepack[22m | 淇濆瓨鏂囦欢锛歳es://.godot/exported/133200997/export-df9d760466d10fa2fdf18b95dee44de4-sulfur.res[39m[0m
[  44% ] [90m[1msavepack[22m | 淇濆瓨鏂囦欢锛歳es://.godot/exported/133200997/export-6624c765283248b17b148899562f1919-timber.res[39m[0m
[  44% ] [90m[1msavepack[22m | 淇濆瓨鏂囦欢锛歳es://.godot/exported/133200997/export-b02ca1345af2b7b04eec9c83ec4f4fb6-tin_ore.res[39m[0m
[  44% ] [90m[1msavepack[22m | 淇濆瓨鏂囦欢锛歳es://.godot/exported/133200997/export-3405ff6bddf994ca0d633c14fbcc8569-wild_game.res[39m[0m
[  44% ] [90m[1msavepack[22m | 淇濆瓨鏂囦欢锛歳es://.godot/exported/133200997/export-5f1d4e96ad18928df0454601a75ca7c0-zinc_ore.res[39m[0m
[  45% ] [90m[1msavepack[22m | 淇濆瓨鏂囦欢锛歳es://.godot/exported/133200997/export-b87eb6b40bd8d479302cf688a3813cdf-badlands.res[39m[0m
[  45% ] [90m[1msavepack[22m | 淇濆瓨鏂囦欢锛歳es://.godot/exported/133200997/export-a99373c4e187f9a8118072ff6e0514c3-chaparral.res[39m[0m
[  45% ] [90m[1msavepack[22m | 淇濆瓨鏂囦欢锛歳es://.godot/exported/133200997/export-1c531b83e9d9f5509abf886f44010185-coast.res[39m[0m
[  45% ] [90m[1msavepack[22m | 淇濆瓨鏂囦欢锛歳es://.godot/exported/133200997/export-8ce1736fc6c3de6d2abe1b359adcc25a-cold_desert.res[39m[0m
[  45% ] [90m[1msavepack[22m | 淇濆瓨鏂囦欢锛歳es://.godot/exported/133200997/export-b89f8ad4e7fedc269f49dc9fd9311c44-delta.res[39m[0m
[  45% ] [90m[1msavepack[22m | 淇濆瓨鏂囦欢锛歳es://.godot/exported/133200997/export-6077451526c375ecc3c3dd8078403ab0-desert.res[39m[0m
[  45% ] [90m[1msavepack[22m | 淇濆瓨鏂囦欢锛歳es://.godot/exported/133200997/export-fc25a363ef7deef2bb2aad57a192ca4b-floodplain.res[39m[0m
[  45% ] [90m[1msavepack[22m | 淇濆瓨鏂囦欢锛歳es://.godot/exported/133200997/export-30936c2254ea665e9fc8fd5eac6dcef7-forest.res[39m[0m
[  45% ] [90m[1msavepack[22m | 淇濆瓨鏂囦欢锛歳es://.godot/exported/133200997/export-715e626a662c1ee7b3b1653df4abd5f7-glacier.res[39m[0m
[  45% ] [90m[1msavepack[22m | 淇濆瓨鏂囦欢锛歳es://.godot/exported/133200997/export-8f3e0f4fb3ba4f1785f0dfe48dd5e371-grassland.res[39m[0m
[  45% ] [90m[1msavepack[22m | 淇濆瓨鏂囦欢锛歳es://.godot/exported/133200997/export-05283661c48c6328db3565281230c5fc-hill.res[39m[0m
[  45% ] [90m[1msavepack[22m | 淇濆瓨鏂囦欢锛歳es://.godot/exported/133200997/export-c03b5a27dc9aa03fbf7e58c40f9fa0bf-jungle.res[39m[0m
[  46% ] [90m[1msavepack[22m | 淇濆瓨鏂囦欢锛歳es://.godot/exported/133200997/export-8182837320ec41e30fc3d8acf839e4c4-kelp.res[39m[0m
[  46% ] [90m[1msavepack[22m | 淇濆瓨鏂囦欢锛歳es://.godot/exported/133200997/export-2bae7fca69b1985127d0f0c03e2e0bfb-lake.res[39m[0m
[  46% ] [90m[1msavepack[22m | 淇濆瓨鏂囦欢锛歳es://.godot/exported/133200997/export-ecdf6b2f1fcc55d04ad0663d113fc9e1-mangrove.res[39m[0m
[  46% ] [90m[1msavepack[22m | 淇濆瓨鏂囦欢锛歳es://.godot/exported/133200997/export-f79e0ad676adc19be98bb0fd2548cda5-mesa.res[39m[0m
[  46% ] [90m[1msavepack[22m | 淇濆瓨鏂囦欢锛歳es://.godot/exported/133200997/export-cdf84e921309b95139a5c0cc32e23770-moor.res[39m[0m
[  46% ] [90m[1msavepack[22m | 淇濆瓨鏂囦欢锛歳es://.godot/exported/133200997/export-9feea00c23d6681afa88191e9952de9f-mountain.res[39m[0m
[  46% ] [90m[1msavepack[22m | 淇濆瓨鏂囦欢锛歳es://.godot/exported/133200997/export-c04232960209bab2cbd07f7781cd4f33-oasis.res[39m[0m
[  46% ] [90m[1msavepack[22m | 淇濆瓨鏂囦欢锛歳es://.godot/exported/133200997/export-15da2e5ae1de5aa1564f0d3d68eee2fa-ocean.res[39m[0m
[  46% ] [90m[1msavepack[22m | 淇濆瓨鏂囦欢锛歳es://.godot/exported/133200997/export-d91b40aeccc7bccfb7a82e6ee0801612-plain.res[39m[0m
[  46% ] [90m[1msavepack[22m | 淇濆瓨鏂囦欢锛歳es://.godot/exported/133200997/export-9b910b0f122e89c4e54a13f959bb3e15-reef.res[39m[0m
[  46% ] [90m[1msavepack[22m | 淇濆瓨鏂囦欢锛歳es://.godot/exported/133200997/export-aa7aeea63e4be159b1524909af827fa5-salt_flat.res[39m[0m
[  47% ] [90m[1msavepack[22m | 淇濆瓨鏂囦欢锛歳es://.godot/exported/133200997/export-17ede3a3af46e3d99298c7417b394401-savanna.res[39m[0m
[  47% ] [90m[1msavepack[22m | 淇濆瓨鏂囦欢锛歳es://.godot/exported/133200997/export-77106acb48af552c8c9753a42ad55879-sea_ice.res[39m[0m
[  47% ] [90m[1msavepack[22m | 淇濆瓨鏂囦欢锛歳es://.godot/exported/133200997/export-fc6bad30007cc24e77c9db85eb0dd820-shrubland.res[39m[0m
[  47% ] [90m[1msavepack[22m | 淇濆瓨鏂囦欢锛歳es://.godot/exported/133200997/export-ab3f3e307117d1e919690ad006ce7bbe-snow.res[39m[0m
[  47% ] [90m[1msavepack[22m | 淇濆瓨鏂囦欢锛歳es://.godot/exported/133200997/export-fe94d2872ac451305c70c3f7319b021c-steppe.res[39m[0m
[  47% ] [90m[1msavepack[22m | 淇濆瓨鏂囦欢锛歳es://.godot/exported/133200997/export-6cf57eb2dd869e4d68e44268b8b13957-swamp.res[39m[0m
[  47% ] [90m[1msavepack[22m | 淇濆瓨鏂囦欢锛歳es://.godot/exported/133200997/export-9d848213a041b992ffda57c5a888cafd-taiga.res[39m[0m
[  47% ] [90m[1msavepack[22m | 淇濆瓨鏂囦欢锛歳es://.godot/exported/133200997/export-109d2e128a8604c0b21315e1649c0fed-tundra.res[39m[0m
[  47% ] [90m[1msavepack[22m | 淇濆瓨鏂囦欢锛歳es://.godot/exported/133200997/export-0a2ccf41f3bd547c8b8dd4e661bbb39c-default_trigger_catalog.res[39m[0m
[  47% ] [90m[1msavepack[22m | 淇濆瓨鏂囦欢锛歳es://.godot/exported/133200997/export-09ad7219f50bbbef63032ccf56eaaa30-alpine_meadow.res[39m[0m
[  47% ] [90m[1msavepack[22m | 淇濆瓨鏂囦欢锛歳es://.godot/exported/133200997/export-e4daef9fbefa0091d5a4df15a27abca6-alpine_tundra.res[39m[0m
[  47% ] [90m[1msavepack[22m | 淇濆瓨鏂囦欢锛歳es://.godot/exported/133200997/export-5a2996cd9341e0ebaff551e70c8bd30b-boreal_shrub.res[39m[0m
[  48% ] [90m[1msavepack[22m | 淇濆瓨鏂囦欢锛歳es://.godot/exported/133200997/export-b6bfa7c60a0a987dbb5fbf571b1ee5c7-cloud_forest.res[39m[0m
[  48% ] [90m[1msavepack[22m | 淇濆瓨鏂囦欢锛歳es://.godot/exported/133200997/export-58fc5653afebe6e87e869ee8a7757280-coral_reef.res[39m[0m
[  48% ] [90m[1msavepack[22m | 淇濆瓨鏂囦欢锛歳es://.godot/exported/133200997/export-8d72b488a3b5f32b5c1cf2e100083644-desert_scrub.res[39m[0m
[  48% ] [90m[1msavepack[22m | 淇濆瓨鏂囦欢锛歳es://.godot/exported/133200997/export-b16c02ec73d39c4db18e7393cf882622-kelp_forest.res[39m[0m
[  48% ] [90m[1msavepack[22m | 淇濆瓨鏂囦欢锛歳es://.godot/exported/133200997/export-82ac6c3807b939726bb53cf2eca0445f-mangrove.res[39m[0m
[  48% ] [90m[1msavepack[22m | 淇濆瓨鏂囦欢锛歳es://.godot/exported/133200997/export-9b72cb6c7060e916780fe2c568bcc9f1-marsh.res[39m[0m
[  48% ] [90m[1msavepack[22m | 淇濆瓨鏂囦欢锛歳es://.godot/exported/133200997/export-a512c1e02e0a86655c548f99ad5d6f5a-mediterranean_shrub.res[39m[0m
[  48% ] [90m[1msavepack[22m | 淇濆瓨鏂囦欢锛歳es://.godot/exported/133200997/export-6af5a0f813970a3527814a6441db6724-monsoon_forest.res[39m[0m
[  48% ] [90m[1msavepack[22m | 淇濆瓨鏂囦欢锛歳es://.godot/exported/133200997/export-741590dd35b94bc5ace5cff424638da4-none.res[39m[0m
[  48% ] [90m[1msavepack[22m | 淇濆瓨鏂囦欢锛歳es://.godot/exported/133200997/export-8827ac75e9573d8b07508412816dbf56-oasis_veg.res[39m[0m
[  48% ] [90m[1msavepack[22m | 淇濆瓨鏂囦欢锛歳es://.godot/exported/133200997/export-7cf3e2198a7093b1de8018701eb0adc2-peat_bog.res[39m[0m
[  48% ] [90m[1msavepack[22m | 淇濆瓨鏂囦欢锛歳es://.godot/exported/133200997/export-ce1ee8ddf64b3641e44240cac9b429db-polar_desert.res[39m[0m
[  49% ] [90m[1msavepack[22m | 淇濆瓨鏂囦欢锛歳es://.godot/exported/133200997/export-a28c0c46e27d9392779a4490d02c7fc0-savanna.res[39m[0m
[  49% ] [90m[1msavepack[22m | 淇濆瓨鏂囦欢锛歳es://.godot/exported/133200997/export-a6227884caf0c37e17fbf7bbdba41cbd-seagrass.res[39m[0m
[  49% ] [90m[1msavepack[22m | 淇濆瓨鏂囦欢锛歳es://.godot/exported/133200997/export-19a452fca937ef261260b184151488bd-subtropical_forest.res[39m[0m
[  49% ] [90m[1msavepack[22m | 淇濆瓨鏂囦欢锛歳es://.godot/exported/133200997/export-5eb25314e647e86643b27b9663688189-swamp.res[39m[0m
[  49% ] [90m[1msavepack[22m | 淇濆瓨鏂囦欢锛歳es://.godot/exported/133200997/export-f611b5e992688e8dd19d7458e6b9807d-taiga.res[39m[0m
[  49% ] [90m[1msavepack[22m | 淇濆瓨鏂囦欢锛歳es://.godot/exported/133200997/export-d676e862d474d49c23a87ab86235129c-temperate_conifer.res[39m[0m
[  49% ] [90m[1msavepack[22m | 淇濆瓨鏂囦欢锛歳es://.godot/exported/133200997/export-7b512bfdb86f0416c7f80f199fb57e3a-temperate_deciduous.res[39m[0m
[  49% ] [90m[1msavepack[22m | 淇濆瓨鏂囦欢锛歳es://.godot/exported/133200997/export-3144fbea68d563e975f8e9539a5e37db-temperate_grassland.res[39m[0m
[  49% ] [90m[1msavepack[22m | 淇濆瓨鏂囦欢锛歳es://.godot/exported/133200997/export-85f6fa90da67051f871e62e18cac3031-temperate_steppe.res[39m[0m
[  49% ] [90m[1msavepack[22m | 淇濆瓨鏂囦欢锛歳es://.godot/exported/133200997/export-db391fb456976714a54e4c6d6ad2b575-tropical_dry_forest.res[39m[0m
[  49% ] [90m[1msavepack[22m | 淇濆瓨鏂囦欢锛歳es://.godot/exported/133200997/export-fde9615559397bf8d0781c21a54ed6ed-tropical_rainforest.res[39m[0m
[  49% ] [90m[1msavepack[22m | 淇濆瓨鏂囦欢锛歳es://.godot/exported/133200997/export-ff72d3f63edc48c835c68f704719730f-tundra.res[39m[0m
[  50% ] [90m[1msavepack[22m | 淇濆瓨鏂囦欢锛歳es://.godot/exported/133200997/export-336f0534b316dbe1c711580f0eeb25ee-xeric_desert.res[39m[0m
[  50% ] [90m[1msavepack[22m | 淇濆瓨鏂囦欢锛歳es://.godot/exported/133200997/export-af36acd9643c1d56e30e98346cc806e6-alpine_flower_default.res[39m[0m
[  50% ] [90m[1msavepack[22m | 淇濆瓨鏂囦欢锛歳es://.godot/exported/133200997/export-6ebe285972eb044c3a975fe95d3a2174-cactus_default.res[39m[0m
[  50% ] [90m[1msavepack[22m | 淇濆瓨鏂囦欢锛歳es://.godot/exported/133200997/export-713a19534f9d58acb0707c6770f561ac-cloud_forest_tree_default.res[39m[0m
[  50% ] [90m[1msavepack[22m | 淇濆瓨鏂囦欢锛歳es://.godot/exported/133200997/export-b9479f9f2715ae7e53736b45a6541f4c-conifer_default.res[39m[0m
[  50% ] [90m[1msavepack[22m | 淇濆瓨鏂囦欢锛歳es://.godot/exported/133200997/export-ca2104e1293d5d60b2aa4cbf06dbd743-coral_detail_default.res[39m[0m
[  50% ] [90m[1msavepack[22m | 淇濆瓨鏂囦欢锛歳es://.godot/exported/133200997/export-9c158df685af62eb9ed0e60016d21ed2-dead_snag_default.res[39m[0m
[  50% ] [90m[1msavepack[22m | 淇濆瓨鏂囦欢锛歳es://.godot/exported/133200997/export-13fe64a86ecbc7352cccd824137af15d-fallen_log_default.res[39m[0m
[  50% ] [90m[1msavepack[22m | 淇濆瓨鏂囦欢锛歳es://.godot/exported/133200997/export-93f7a039640e973b0aeb19138aeb2dd8-grass_default.res[39m[0m
[  50% ] [90m[1msavepack[22m | 淇濆瓨鏂囦欢锛歳es://.godot/exported/133200997/export-dc91773119bce93381207a10b6d2f2f0-kelp_frond_default.res[39m[0m
[  50% ] [90m[1msavepack[22m | 淇濆瓨鏂囦欢锛歳es://.godot/exported/133200997/export-39ddd1b8fa718520e037245654eb58b4-mangrove_root_default.res[39m[0m
[  50% ] [90m[1msavepack[22m | 淇濆瓨鏂囦欢锛歳es://.godot/exported/133200997/export-47ec56d0e5792fd96e531b108b874ac3-monsoon_tree_default.res[39m[0m
[  51% ] [90m[1msavepack[22m | 淇濆瓨鏂囦欢锛歳es://.godot/exported/133200997/export-264ca4a30a64f9823eeef005569dcd04-palm_default.res[39m[0m
[  51% ] [90m[1msavepack[22m | 淇濆瓨鏂囦欢锛歳es://.godot/exported/133200997/export-0c146d2489d89977f1f8fab1a55292fd-peat_bog_tuft_default.res[39m[0m
[  51% ] [90m[1msavepack[22m | 淇濆瓨鏂囦欢锛歳es://.godot/exported/133200997/export-807a8a1f2a9e44df8243db3c60fc025f-reed_default.res[39m[0m
[  51% ] [90m[1msavepack[22m | 淇濆瓨鏂囦欢锛歳es://.godot/exported/133200997/export-1acac1556b968465084d9fdb7d643b4c-rock_default.res[39m[0m
[  51% ] [90m[1msavepack[22m | 淇濆瓨鏂囦欢锛歳es://.godot/exported/133200997/export-a8a4669c442cf91d3ccc0757b190a83a-scree_rock_default.res[39m[0m
[  51% ] [90m[1msavepack[22m | 淇濆瓨鏂囦欢锛歳es://.godot/exported/133200997/export-e0806ba07ed071683809af20f8b90f58-seagrass_default.res[39m[0m
[  51% ] [90m[1msavepack[22m | 淇濆瓨鏂囦欢锛歳es://.godot/exported/133200997/export-5e686feb5886969f5858be59c1d8255a-shrub_default.res[39m[0m
[  51% ] [90m[1msavepack[22m | 淇濆瓨鏂囦欢锛歳es://.godot/exported/133200997/export-f125df2d32d69bb9bf2df295281dd3e6-snow_mound_default.res[39m[0m
[  51% ] [90m[1msavepack[22m | 淇濆瓨鏂囦欢锛歳es://.godot/exported/133200997/export-e3ea2f1ff5fbb7ad280684d8885212c3-tree_default.res[39m[0m
[  51% ] [90m[1msavepack[22m | 淇濆瓨鏂囦欢锛歳es://.godot/exported/133200997/export-c6d910ab1f0c2c43c0fa99e4f2a22616-tundra_lichen_default.res[39m[0m
[  51% ] [90m[1msavepack[22m | 淇濆瓨鏂囦欢锛歳es://.godot/exported/133200997/export-5fa61cc9f49fc57f630218e38ca9639b-world_decoration_manifest.res[39m[0m
[  51% ] [90m[1msavepack[22m | 淇濆瓨鏂囦欢锛歳es://.godot/exported/133200997/export-a48fa0403795d8360bb9b9f02c0d2084-blizzard.res[39m[0m
[  52% ] [90m[1msavepack[22m | 淇濆瓨鏂囦欢锛歳es://.godot/exported/133200997/export-748aa7c0bbc41464868e7a2dacbd46fa-clear.res[39m[0m
[  52% ] [90m[1msavepack[22m | 淇濆瓨鏂囦欢锛歳es://.godot/exported/133200997/export-5f692dffcf01a589f8e0ea2dc1d1e10a-drought.res[39m[0m
[  52% ] [90m[1msavepack[22m | 淇濆瓨鏂囦欢锛歳es://.godot/exported/133200997/export-477c55a74fd0df5f30d0b96bc330c08d-fog.res[39m[0m
[  52% ] [90m[1msavepack[22m | 淇濆瓨鏂囦欢锛歳es://.godot/exported/133200997/export-d715aed9cff87154c40ec46d7bb15ccf-heatwave.res[39m[0m
[  52% ] [90m[1msavepack[22m | 淇濆瓨鏂囦欢锛歳es://.godot/exported/133200997/export-12dc3dab35470dff059baa507e6c85ed-monsoon.res[39m[0m
[  52% ] [90m[1msavepack[22m | 淇濆瓨鏂囦欢锛歳es://.godot/exported/133200997/export-9d68fb1dda7f9faa82f08f43df02e01b-rain.res[39m[0m
[  52% ] [90m[1msavepack[22m | 淇濆瓨鏂囦欢锛歳es://.godot/exported/133200997/export-2a4adc4aac6fab2199c7ec9b3eaaa809-storm.res[39m[0m
[  52% ] [90m[1msavepack[22m | 淇濆瓨鏂囦欢锛歳es://.godot/exported/133200997/export-d9f63abaf457d51b7cdf9c33e6bbd394-earth_like.res[39m[0m
[  52% ] [90m[1msavepack[22m | 淇濆瓨鏂囦欢锛歳es://.godot/exported/133200997/export-fcd89f63a064748d32673c0b92f1a7d9-earth_like_mobile_complex.res[39m[0m
[  52% ] [90m[1msavepack[22m | 淇濆瓨鏂囦欢锛歳es://.godot/exported/133200997/export-b178d113d4395364559fd70625dc8730-world_map_material.res[39m[0m
[  52% ] [90m[1msavepack[22m | 淇濆瓨鏂囦欢锛歳es://.godot/exported/133200997/export-e4fb6c3468849a11072d7e0995e292eb-advanced_field_label.scn[39m[0m
[  52% ] [90m[1msavepack[22m | 淇濆瓨鏂囦欢锛歳es://.godot/exported/133200997/export-566c9f57ef098c3d0bc566084be62b88-advanced_field_spin.scn[39m[0m
[  53% ] [90m[1msavepack[22m | 淇濆瓨鏂囦欢锛歳es://.godot/exported/133200997/export-ad5d44b75c687659cfca75af9d7600a4-badge_label.scn[39m[0m
[  53% ] [90m[1msavepack[22m | 淇濆瓨鏂囦欢锛歳es://.godot/exported/133200997/export-abdccbc7dc3d0383d7f62b272ef5db46-badge_row.scn[39m[0m
[  53% ] [90m[1msavepack[22m | 淇濆瓨鏂囦欢锛歳es://.godot/exported/133200997/export-bd6b18efb007f41f428ba3fbc03b595d-building_detail_row.scn[39m[0m
[  53% ] [90m[1msavepack[22m | 淇濆瓨鏂囦欢锛歳es://.godot/exported/133200997/export-c3b6021deb3e0e56097dfa5e9ee397e3-building_list.scn[39m[0m
[  53% ] [90m[1msavepack[22m | 淇濆瓨鏂囦欢锛歳es://.godot/exported/133200997/export-71ae75744592c35b45a7b3422973b718-building_row.scn[39m[0m
[  53% ] [90m[1msavepack[22m | 淇濆瓨鏂囦欢锛歳es://.godot/exported/133200997/export-da1c91ee176e783fa6dbc824a87797b9-category_tabs.scn[39m[0m
[  53% ] [90m[1msavepack[22m | 淇濆瓨鏂囦欢锛歳es://.godot/exported/133200997/export-e32beb7458e0242e3209d67ce42088c3-category_tab_button.scn[39m[0m
[  53% ] [90m[1msavepack[22m | 淇濆瓨鏂囦欢锛歳es://.godot/exported/133200997/export-9ff509a402d83f00a4742b177e35cbd7-cohort_list.scn[39m[0m
[  53% ] [90m[1msavepack[22m | 淇濆瓨鏂囦欢锛歳es://.godot/exported/133200997/export-7714fdd8be63be5de5bdc9dc118fa054-cohort_row.scn[39m[0m
[  53% ] [90m[1msavepack[22m | 淇濆瓨鏂囦欢锛歳es://.godot/exported/133200997/export-42476f942b5240b56d555b1be58c6fdf-country_action_bar.scn[39m[0m
[  53% ] [90m[1msavepack[22m | 淇濆瓨鏂囦欢锛歳es://.godot/exported/133200997/export-1d523eeb30daa3acc85fc8db4c1a7ee3-country_panel.scn[39m[0m
[  54% ] [90m[1msavepack[22m | 淇濆瓨鏂囦欢锛歳es://.godot/exported/133200997/export-4d38cac331f8a4a72988c35408c22a17-demand_detail_dialog.scn[39m[0m
[  54% ] [90m[1msavepack[22m | 淇濆瓨鏂囦欢锛歳es://.godot/exported/133200997/export-ab9a0913b22e6e92c6ce66cae5ad3441-demand_product_cell.scn[39m[0m
[  54% ] [90m[1msavepack[22m | 淇濆瓨鏂囦欢锛歳es://.godot/exported/133200997/export-66012521320e4018ed73631e31967abf-demand_value_cell.scn[39m[0m
[  54% ] [90m[1msavepack[22m | 淇濆瓨鏂囦欢锛歳es://.godot/exported/133200997/export-8bd8ba0a3ac8bad5a8a3780ac43ab312-economy_tax_card.scn[39m[0m
[  54% ] [90m[1msavepack[22m | 淇濆瓨鏂囦欢锛歳es://.godot/exported/133200997/export-2b8e0b2d576a6b3a5e6a938e91bbbd56-economy_tax_lane.scn[39m[0m
[  54% ] [90m[1msavepack[22m | 淇濆瓨鏂囦欢锛歳es://.godot/exported/133200997/export-5e7f0a4126be00783f8b0afc197fd479-economy_workspace.scn[39m[0m
[  54% ] [90m[1msavepack[22m | 淇濆瓨鏂囦欢锛歳es://.godot/exported/133200997/export-ad83e6742db4c83ff9ac66bc1e083c98-family_list.scn[39m[0m
[  54% ] [90m[1msavepack[22m | 淇濆瓨鏂囦欢锛歳es://.godot/exported/133200997/export-a484a2fc5dbce918024e915f448976b9-family_row.scn[39m[0m
[  54% ] [90m[1msavepack[22m | 淇濆瓨鏂囦欢锛歳es://.godot/exported/133200997/export-1abd265100c5306a8172b36311681b6c-gauge_bar.scn[39m[0m
[  54% ] [90m[1msavepack[22m | 淇濆瓨鏂囦欢锛歳es://.godot/exported/133200997/export-990b9f97b91ae09af770c94802893a61-group_separator.scn[39m[0m
[  54% ] [90m[1msavepack[22m | 淇濆瓨鏂囦欢锛歳es://.godot/exported/133200997/export-d44a990bad961a3c4c37f573c0f97b15-icon_badge.scn[39m[0m
[  54% ] [90m[1msavepack[22m | 淇濆瓨鏂囦欢锛歳es://.godot/exported/133200997/export-e812dfc26d8284c3c3b96f006ff03797-insight_list.scn[39m[0m
[  55% ] [90m[1msavepack[22m | 淇濆瓨鏂囦欢锛歳es://.godot/exported/133200997/export-ee25bead8e0ae38fd8aceb7ad3c1c426-insight_row.scn[39m[0m
[  55% ] [90m[1msavepack[22m | 淇濆瓨鏂囦欢锛歳es://.godot/exported/133200997/export-c3e16daf775cff4c4083302cc78a0b51-insight_shell.scn[39m[0m
[  55% ] [90m[1msavepack[22m | 淇濆瓨鏂囦欢锛歳es://.godot/exported/133200997/export-ec614fc0a0d21ab3616b811f0b134502-inspector_panel.scn[39m[0m
[  55% ] [90m[1msavepack[22m | 淇濆瓨鏂囦欢锛歳es://.godot/exported/133200997/export-c602f83d4ee8c7541d426543e95f7d01-ledger_row.scn[39m[0m
[  55% ] [90m[1msavepack[22m | 淇濆瓨鏂囦欢锛歳es://.godot/exported/133200997/export-749ba7af49355a72e8ccccdf778f99e3-main_menu_button.scn[39m[0m
[  55% ] [90m[1msavepack[22m | 淇濆瓨鏂囦欢锛歳es://.godot/exported/133200997/export-c52a5716d98b16a2d3d88653c2bf288e-main_menu_button_content.scn[39m[0m
[  55% ] [90m[1msavepack[22m | 淇濆瓨鏂囦欢锛歳es://.godot/exported/133200997/export-775a107c5f860ae487e58e5307328de8-map_overlay_icon_button.scn[39m[0m
[  55% ] [90m[1msavepack[22m | 淇濆瓨鏂囦欢锛歳es://.godot/exported/133200997/export-c083b8967503faf371b42cb20382f59c-map_overlay_legend.scn[39m[0m
[  55% ] [90m[1msavepack[22m | 淇濆瓨鏂囦欢锛歳es://.godot/exported/133200997/export-8e5dffd3a9e24c7de7fde04045d9e3ad-map_overlay_toolbar.scn[39m[0m
[  55% ] [90m[1msavepack[22m | 淇濆瓨鏂囦欢锛歳es://.godot/exported/133200997/export-1becd4d15942f3f533904a91ab99315f-market_detail_row.scn[39m[0m
[  55% ] [90m[1msavepack[22m | 淇濆瓨鏂囦欢锛歳es://.godot/exported/133200997/export-30c96195174b41ff3ef0c0d78af7ffbc-market_list.scn[39m[0m
[  55% ] [90m[1msavepack[22m | 淇濆瓨鏂囦欢锛歳es://.godot/exported/133200997/export-d40308a5dae3024aa903f04123c54c58-market_row.scn[39m[0m
[  56% ] [90m[1msavepack[22m | 淇濆瓨鏂囦欢锛歳es://.godot/exported/133200997/export-36168d9f9f05e6d981c9108c52e507db-metric_card.scn[39m[0m
[  56% ] [90m[1msavepack[22m | 淇濆瓨鏂囦欢锛歳es://.godot/exported/133200997/export-87fb92af01a6072a53c6b7fd1007db61-metric_grid.scn[39m[0m
[  56% ] [90m[1msavepack[22m | 淇濆瓨鏂囦欢锛歳es://.godot/exported/133200997/export-325a9515ba56b532c95fee155d1a11e6-object_detail_dialog.scn[39m[0m
[  56% ] [90m[1msavepack[22m | 淇濆瓨鏂囦欢锛歳es://.godot/exported/133200997/export-564fb3a143fd614d227b4c454eb4e046-object_detail_line.scn[39m[0m
[  56% ] [90m[1msavepack[22m | 淇濆瓨鏂囦欢锛歳es://.godot/exported/133200997/export-d2e16d749270a298c447a805f7c87d86-object_fact_cell.scn[39m[0m
[  56% ] [90m[1msavepack[22m | 淇濆瓨鏂囦欢锛歳es://.godot/exported/133200997/export-7ec3e1520e68e77064d9d98a6bca52c4-object_fact_grid.scn[39m[0m
[  56% ] [90m[1msavepack[22m | 淇濆瓨鏂囦欢锛歳es://.godot/exported/133200997/export-5d2539fdcb83ec3454d617312096dd10-object_note.scn[39m[0m
[  56% ] [90m[1msavepack[22m | 淇濆瓨鏂囦欢锛歳es://.godot/exported/133200997/export-2d5ea027d702a979f415fa8cf4e6d066-object_rows_card.scn[39m[0m
[  56% ] [90m[1msavepack[22m | 淇濆瓨鏂囦欢锛歳es://.godot/exported/133200997/export-dfab971db23fc6462dd9a2c79fc70066-object_state_card.scn[39m[0m
[  56% ] [90m[1msavepack[22m | 淇濆瓨鏂囦欢锛歳es://.godot/exported/133200997/export-a166b3b2d2d5f28e3980321ca9a26568-object_tax_lane.scn[39m[0m
[  56% ] [90m[1msavepack[22m | 淇濆瓨鏂囦欢锛歳es://.godot/exported/133200997/export-13a1aa4085115066c26b6d697788ff32-object_tax_section.scn[39m[0m
[  56% ] [90m[1msavepack[22m | 淇濆瓨鏂囦欢锛歳es://.godot/exported/133200997/export-c77a9eb3cab644f05c32025b634c3cb7-overlay_legend_row.scn[39m[0m
[  57% ] [90m[1msavepack[22m | 淇濆瓨鏂囦欢锛歳es://.godot/exported/133200997/export-14114c379f76b1c04097459e2387a1e6-pause_menu.scn[39m[0m
[  57% ] [90m[1msavepack[22m | 淇濆瓨鏂囦欢锛歳es://.godot/exported/133200997/export-e49e4d91930c99e8728c6c9382741973-pause_menu_button.scn[39m[0m
[  57% ] [90m[1msavepack[22m | 淇濆瓨鏂囦欢锛歳es://.godot/exported/133200997/export-a664a172c49f8adaa7ebef8610ee0d96-pause_settings_form.scn[39m[0m
[  57% ] [90m[1msavepack[22m | 淇濆瓨鏂囦欢锛歳es://.godot/exported/133200997/export-7c5acbc776dea048de2d4b2ddb3378fd-perf_mini_hud.scn[39m[0m
[  57% ] [90m[1msavepack[22m | 淇濆瓨鏂囦欢锛歳es://.godot/exported/133200997/export-9620827c96ba9b5d31908b2029975e45-player_top_bar.scn[39m[0m
[  57% ] [90m[1msavepack[22m | 淇濆瓨鏂囦欢锛歳es://.godot/exported/133200997/export-575c853ee8437e6ea13bad13f6ea1b12-procurement_budget_slider.scn[39m[0m
[  57% ] [90m[1msavepack[22m | 淇濆瓨鏂囦欢锛歳es://.godot/exported/133200997/export-b240345eb716ad1c5d4ec966f970552e-radial_gauge.scn[39m[0m
[  57% ] [90m[1msavepack[22m | 淇濆瓨鏂囦欢锛歳es://.godot/exported/133200997/export-c5cf9b40d6be4b0aaae96e09c58b5582-research_weight_dial.scn[39m[0m
[  57% ] [90m[1msavepack[22m | 淇濆瓨鏂囦欢锛歳es://.godot/exported/133200997/export-57ed7d7bf4570fec11be8714c7bf9e6b-resource_list.scn[39m[0m
[  57% ] [90m[1msavepack[22m | 淇濆瓨鏂囦欢锛歳es://.godot/exported/133200997/export-d1ea0dded67fd20ebd91b96c22e8cbff-resource_row.scn[39m[0m
[  57% ] [90m[1msavepack[22m | 淇濆瓨鏂囦欢锛歳es://.godot/exported/133200997/export-2a68d042a6f026157e453c68e403ebdf-save_slot_row.scn[39m[0m
[  57% ] [90m[1msavepack[22m | 淇濆瓨鏂囦欢锛歳es://.godot/exported/133200997/export-075042a193cedbd160561b0a16f7d0d9-section_header.scn[39m[0m
[  58% ] [90m[1msavepack[22m | 淇濆瓨鏂囦欢锛歳es://.godot/exported/133200997/export-6eceb3598970e3a6b9acef31726ee9b4-section_placeholder_screen.scn[39m[0m
[  58% ] [90m[1msavepack[22m | 淇濆瓨鏂囦欢锛歳es://.godot/exported/133200997/export-8ec58f6768229dfc0d36e6288e20df0d-setup_bool.scn[39m[0m
[  58% ] [90m[1msavepack[22m | 淇濆瓨鏂囦欢锛歳es://.godot/exported/133200997/export-a64bbef875c43a0c31e23e987b6de315-setup_cell_count.scn[39m[0m
[  58% ] [90m[1msavepack[22m | 淇濆瓨鏂囦欢锛歳es://.godot/exported/133200997/export-5ae776c844fbe5be7bf3e89fdc2b93ac-setup_field_row.scn[39m[0m
[  58% ] [90m[1msavepack[22m | 淇濆瓨鏂囦欢锛歳es://.godot/exported/133200997/export-702c37bd4624ca3bb8d665d4f7349a97-setup_foldout.scn[39m[0m
[  58% ] [90m[1msavepack[22m | 淇濆瓨鏂囦欢锛歳es://.godot/exported/133200997/export-b386a47ecddc62b8c815e9bb9ab77ab5-setup_option.scn[39m[0m
[  58% ] [90m[1msavepack[22m | 淇濆瓨鏂囦欢锛歳es://.godot/exported/133200997/export-b931064f1d1f24ab5dad73aeaa7f2908-setup_section_title.scn[39m[0m
[  58% ] [90m[1msavepack[22m | 淇濆瓨鏂囦欢锛歳es://.godot/exported/133200997/export-d296c935a7b90aa1b4b96a007db3cee6-setup_seed_actions.scn[39m[0m
[  58% ] [90m[1msavepack[22m | 淇濆瓨鏂囦欢锛歳es://.godot/exported/133200997/export-9ed0275c857ef3a2c3b7df8a40c2c7a4-setup_slider_spin.scn[39m[0m
[  58% ] [90m[1msavepack[22m | 淇濆瓨鏂囦欢锛歳es://.godot/exported/133200997/export-47aea10eaee667ecd6ff043c60de6105-setup_spin.scn[39m[0m
[  58% ] [90m[1msavepack[22m | 淇濆瓨鏂囦欢锛歳es://.godot/exported/133200997/export-f2b8b148cc19c967580867946e8badd1-sparkline_chart.scn[39m[0m
[  58% ] [90m[1msavepack[22m | 淇濆瓨鏂囦欢锛歳es://.godot/exported/133200997/export-b445e0dacad824a0445bf580bdbce1ff-technology_detail_card.scn[39m[0m
[  59% ] [90m[1msavepack[22m | 淇濆瓨鏂囦欢锛歳es://.godot/exported/133200997/export-44d027728708ca38ca1ddd856b47f58d-technology_drag_preview.scn[39m[0m
[  59% ] [90m[1msavepack[22m | 淇濆瓨鏂囦欢锛歳es://.godot/exported/133200997/export-fb36c608680339482c72899ed6b49b79-technology_queue_drop_zone.scn[39m[0m
[  59% ] [90m[1msavepack[22m | 淇濆瓨鏂囦欢锛歳es://.godot/exported/133200997/export-3d574f0fae309f1def45e51b26058dd9-technology_queue_row.scn[39m[0m
[  59% ] [90m[1msavepack[22m | 淇濆瓨鏂囦欢锛歳es://.godot/exported/133200997/export-83ef8c695cd52c4e8d4339ae6388ac32-technology_relation_row.scn[39m[0m
[  59% ] [90m[1msavepack[22m | 淇濆瓨鏂囦欢锛歳es://.godot/exported/133200997/export-3896fd458d971b9d1800de7e67555196-technology_tree_view.scn[39m[0m
[  59% ] [90m[1msavepack[22m | 淇濆瓨鏂囦欢锛歳es://.godot/exported/133200997/export-42ddc83082f61b7dfbe055cbc41518bf-technology_workspace.scn[39m[0m
[  59% ] [90m[1msavepack[22m | 淇濆瓨鏂囦欢锛歳es://.godot/exported/133200997/export-229d202d0d05248e426a49337d838a85-treasury_good_card.scn[39m[0m
[  59% ] [90m[1msavepack[22m | 淇濆瓨鏂囦欢锛歳es://.godot/exported/133200997/export-e29efa0dfdf125bcd57216258e8c48c4-world_loading_overlay.scn[39m[0m
[  59% ] [90m[1msavepack[22m | 淇濆瓨鏂囦欢锛歳es://.godot/exported/133200997/export-3ad5c15c4f3250da0cc7c1af1770d85f-main.scn[39m[0m
[  59% ] [90m[1msavepack[22m | 淇濆瓨鏂囦欢锛歳es://.godot/exported/133200997/export-ea5c6ad4629af728dc514cefde332394-main_menu.scn[39m[0m
[  59% ] [90m[1msavepack[22m | 淇濆瓨鏂囦欢锛歳es://.godot/exported/133200997/export-61f9af7fed8434eac2d437aa0752ec94-player_game.scn[39m[0m
[  59% ] [90m[1msavepack[22m | 淇濆瓨鏂囦欢锛歳es://.godot/exported/133200997/export-45ebf998460e713fe3e88dbed3f0bb37-world_setup.scn[39m[0m
[  60% ] [90m[1msavepack[22m | 淇濆瓨鏂囦欢锛歳es://scripts/bootstrap/demo_bootstrap.gdc[39m[0m
[  60% ] [90m[1msavepack[22m | 淇濆瓨鏂囦欢锛歳es://scripts/bootstrap/dots_bootstrap.gdc[39m[0m
[  60% ] [90m[1msavepack[22m | 淇濆瓨鏂囦欢锛歳es://scripts/bootstrap/sus_systems_bootstrap.gdc[39m[0m
[  60% ] [90m[1msavepack[22m | 淇濆瓨鏂囦欢锛歳es://scripts/bootstrap/visual_bootstrap.gdc[39m[0m
[  60% ] [90m[1msavepack[22m | 淇濆瓨鏂囦欢锛歳es://scripts/country/country_facade.gdc[39m[0m
[  60% ] [90m[1msavepack[22m | 淇濆瓨鏂囦欢锛歳es://scripts/data/_registry_self_check.gdc[39m[0m
[  60% ] [90m[1msavepack[22m | 淇濆瓨鏂囦欢锛歳es://scripts/data/building_profile.gdc[39m[0m
[  60% ] [90m[1msavepack[22m | 淇濆瓨鏂囦欢锛歳es://scripts/data/climate_profile.gdc[39m[0m
[  60% ] [90m[1msavepack[22m | 淇濆瓨鏂囦欢锛歳es://scripts/data/consumption_plan_profile.gdc[39m[0m
[  60% ] [90m[1msavepack[22m | 淇濆瓨鏂囦欢锛歳es://scripts/data/country_name_pack_profile.gdc[39m[0m
[  60% ] [90m[1msavepack[22m | 淇濆瓨鏂囦欢锛歳es://scripts/data/country_profile.gdc[39m[0m
[  60% ] [90m[1msavepack[22m | 淇濆瓨鏂囦欢锛歳es://scripts/data/decoration_manifest.gdc[39m[0m
[  61% ] [90m[1msavepack[22m | 淇濆瓨鏂囦欢锛歳es://scripts/data/detail_scatter_change_set.gdc[39m[0m
[  61% ] [90m[1msavepack[22m | 淇濆瓨鏂囦欢锛歳es://scripts/data/economy_profile.gdc[39m[0m
[  61% ] [90m[1msavepack[22m | 淇濆瓨鏂囦欢锛歳es://scripts/data/environment_demand_curve_profile.gdc[39m[0m
[  61% ] [90m[1msavepack[22m | 淇濆瓨鏂囦欢锛歳es://scripts/data/ethnicity_profile.gdc[39m[0m
[  61% ] [90m[1msavepack[22m | 淇濆瓨鏂囦欢锛歳es://scripts/data/family_surname_pack_profile.gdc[39m[0m
[  61% ] [90m[1msavepack[22m | 淇濆瓨鏂囦欢锛歳es://scripts/data/good_profile.gdc[39m[0m
[  61% ] [90m[1msavepack[22m | 淇濆瓨鏂囦欢锛歳es://scripts/data/good_profile_registry.gdc[39m[0m
[  61% ] [90m[1msavepack[22m | 淇濆瓨鏂囦欢锛歳es://scripts/data/need_profile.gdc[39m[0m
[  61% ] [90m[1msavepack[22m | 淇濆瓨鏂囦欢锛歳es://scripts/data/person_given_name_pack_profile.gdc[39m[0m
[  61% ] [90m[1msavepack[22m | 淇濆瓨鏂囦欢锛歳es://scripts/data/production_climate_profile.gdc[39m[0m
[  61% ] [90m[1msavepack[22m | 淇濆瓨鏂囦欢锛歳es://scripts/data/profession_profile.gdc[39m[0m
[  62% ] [90m[1msavepack[22m | 淇濆瓨鏂囦欢锛歳es://scripts/data/resource_profile.gdc[39m[0m
[  62% ] [90m[1msavepack[22m | 淇濆瓨鏂囦欢锛歳es://scripts/data/resource_profile_registry.gdc[39m[0m
[  62% ] [90m[1msavepack[22m | 淇濆瓨鏂囦欢锛歳es://scripts/data/settlement_name_pack_profile.gdc[39m[0m
[  62% ] [90m[1msavepack[22m | 淇濆瓨鏂囦欢锛歳es://scripts/data/settlement_profile.gdc[39m[0m
[  62% ] [90m[1msavepack[22m | 淇濆瓨鏂囦欢锛歳es://scripts/data/shrub_visual_profile.gdc[39m[0m
[  62% ] [90m[1msavepack[22m | 淇濆瓨鏂囦欢锛歳es://scripts/data/technology_domain_profile.gdc[39m[0m
[  62% ] [90m[1msavepack[22m | 淇濆瓨鏂囦欢锛歳es://scripts/data/technology_era_profile.gdc[39m[0m
[  62% ] [90m[1msavepack[22m | 淇濆瓨鏂囦欢锛歳es://scripts/data/technology_profile.gdc[39m[0m
[  62% ] [90m[1msavepack[22m | 淇濆瓨鏂囦欢锛歳es://scripts/data/terrain_profile.gdc[39m[0m
[  62% ] [90m[1msavepack[22m | 淇濆瓨鏂囦欢锛歳es://scripts/data/terrain_profile_registry.gdc[39m[0m
[  62% ] [90m[1msavepack[22m | 淇濆瓨鏂囦欢锛歳es://scripts/data/vegetation_profile.gdc[39m[0m
[  62% ] [90m[1msavepack[22m | 淇濆瓨鏂囦欢锛歳es://scripts/data/vegetation_profile_registry.gdc[39m[0m
[  63% ] [90m[1msavepack[22m | 淇濆瓨鏂囦欢锛歳es://scripts/data/weather_profile.gdc[39m[0m
[  63% ] [90m[1msavepack[22m | 淇濆瓨鏂囦欢锛歳es://scripts/data/weather_profile_registry.gdc[39m[0m
[  63% ] [90m[1msavepack[22m | 淇濆瓨鏂囦欢锛歳es://scripts/data_core/command_buffer.gdc[39m[0m
[  63% ] [90m[1msavepack[22m | 淇濆瓨鏂囦欢锛歳es://scripts/data_core/component_ids.gdc[39m[0m
[  63% ] [90m[1msavepack[22m | 淇濆瓨鏂囦欢锛歳es://scripts/data_core/component_schema.gdc[39m[0m
[  63% ] [90m[1msavepack[22m | 淇濆瓨鏂囦欢锛歳es://scripts/data_core/dc_system.gdc[39m[0m
[  63% ] [90m[1msavepack[22m | 淇濆瓨鏂囦欢锛歳es://scripts/data_core/dc_system_scheduler.gdc[39m[0m
[  63% ] [90m[1msavepack[22m | 淇濆瓨鏂囦欢锛歳es://scripts/data_core/dots_completion_gate.gdc[39m[0m
[  63% ] [90m[1msavepack[22m | 淇濆瓨鏂囦欢锛歳es://scripts/data_core/dots_final_frontier_perf_verdict.gdc[39m[0m
[  63% ] [90m[1msavepack[22m | 淇濆瓨鏂囦欢锛歳es://scripts/data_core/dots_final_push_perf_verdict.gdc[39m[0m
[  63% ] [90m[1msavepack[22m | 淇濆瓨鏂囦欢锛歳es://scripts/data_core/dots_total_cpp_perf_verdict.gdc[39m[0m
[  63% ] [90m[1msavepack[22m | 淇濆瓨鏂囦欢锛歳es://scripts/data_core/feature_flags.gdc[39m[0m
[  64% ] [90m[1msavepack[22m | 淇濆瓨鏂囦欢锛歳es://scripts/data_core/flag_bus.gdc[39m[0m
[  64% ] [90m[1msavepack[22m | 淇濆瓨鏂囦欢锛歳es://scripts/data_core/fronts_schema.gdc[39m[0m
[  64% ] [90m[1msavepack[22m | 淇濆瓨鏂囦欢锛歳es://scripts/data_core/gameplay_event_bus.gdc[39m[0m
[  64% ] [90m[1msavepack[22m | 淇濆瓨鏂囦欢锛歳es://scripts/data_core/module_manifest.gdc[39m[0m
[  64% ] [90m[1msavepack[22m | 淇濆瓨鏂囦欢锛歳es://scripts/data_core/query.gdc[39m[0m
[  64% ] [90m[1msavepack[22m | 淇濆瓨鏂囦欢锛歳es://scripts/data_core/view_adapter.gdc[39m[0m
[  64% ] [90m[1msavepack[22m | 淇濆瓨鏂囦欢锛歳es://scripts/data_core/world.gdc[39m[0m
[  64% ] [90m[1msavepack[22m | 淇濆瓨鏂囦欢锛歳es://scripts/economy/economy_catalog.gdc[39m[0m
[  64% ] [90m[1msavepack[22m | 淇濆瓨鏂囦欢锛歳es://scripts/economy/economy_facade.gdc[39m[0m
[  64% ] [90m[1msavepack[22m | 淇濆瓨鏂囦欢锛歳es://scripts/economy/economy_test_bootstrap.gdc[39m[0m
[  64% ] [90m[1msavepack[22m | 淇濆瓨鏂囦欢锛歳es://scripts/economy/starter_settlement_bootstrap.gdc[39m[0m
[  64% ] [90m[1msavepack[22m | 淇濆瓨鏂囦欢锛歳es://scripts/economy/technology_catalog.gdc[39m[0m
[  65% ] [90m[1msavepack[22m | 淇濆瓨鏂囦欢锛歳es://scripts/ecs/dc_ecs_job.gdc[39m[0m
[  65% ] [90m[1msavepack[22m | 淇濆瓨鏂囦欢锛歳es://scripts/ecs/dc_ecs_scheduler.gdc[39m[0m
[  65% ] [90m[1msavepack[22m | 淇濆瓨鏂囦欢锛歳es://scripts/family/family_behavior_preference.gdc[39m[0m
[  65% ] [90m[1msavepack[22m | 淇濆瓨鏂囦欢锛歳es://scripts/family/family_modifier_effect.gdc[39m[0m
[  65% ] [90m[1msavepack[22m | 淇濆瓨鏂囦欢锛歳es://scripts/family/family_trait_catalog.gdc[39m[0m
[  65% ] [90m[1msavepack[22m | 淇濆瓨鏂囦欢锛歳es://scripts/family/family_trait_definition.gdc[39m[0m
[  65% ] [90m[1msavepack[22m | 淇濆瓨鏂囦欢锛歳es://scripts/family/family_trigger_binding.gdc[39m[0m
[  65% ] [90m[1msavepack[22m | 淇濆瓨鏂囦欢锛歳es://scripts/game/game_flow_service.gdc[39m[0m
[  65% ] [90m[1msavepack[22m | 淇濆瓨鏂囦欢锛歳es://scripts/game/game_save_coordinator.gdc[39m[0m
[  65% ] [90m[1msavepack[22m | 淇濆瓨鏂囦欢锛歳es://scripts/game/game_settings_service.gdc[39m[0m
[  65% ] [90m[1msavepack[22m | 淇濆瓨鏂囦欢锛歳es://scripts/game/map_interaction_controller.gdc[39m[0m
[  65% ] [90m[1msavepack[22m | 淇濆瓨鏂囦欢锛歳es://scripts/game/new_game_config.gdc[39m[0m
[  66% ] [90m[1msavepack[22m | 淇濆瓨鏂囦欢锛歳es://scripts/game/player_game.gdc[39m[0m
[  66% ] [90m[1msavepack[22m | 淇濆瓨鏂囦欢锛歳es://scripts/game/runtime_state_provider.gdc[39m[0m
[  66% ] [90m[1msavepack[22m | 淇濆瓨鏂囦欢锛歳es://scripts/game/save_repository.gdc[39m[0m
[  66% ] [90m[1msavepack[22m | 淇濆瓨鏂囦欢锛歳es://scripts/game/selection_controller.gdc[39m[0m
[  66% ] [90m[1msavepack[22m | 淇濆瓨鏂囦欢锛歳es://scripts/game/start_location_policy.gdc[39m[0m
[  66% ] [90m[1msavepack[22m | 淇濆瓨鏂囦欢锛歳es://scripts/game/start_location_profile.gdc[39m[0m
[  66% ] [90m[1msavepack[22m | 淇濆瓨鏂囦欢锛歳es://scripts/game/time_controls_controller.gdc[39m[0m
[  66% ] [90m[1msavepack[22m | 淇濆瓨鏂囦欢锛歳es://scripts/game/world_runtime_host.gdc[39m[0m
[  66% ] [90m[1msavepack[22m | 淇濆瓨鏂囦欢锛歳es://scripts/geography/map_generation/terrain_gen.gdc[39m[0m
[  66% ] [90m[1msavepack[22m | 淇濆瓨鏂囦欢锛歳es://scripts/geography/cover_type.gdc[39m[0m
[  66% ] [90m[1msavepack[22m | 淇濆瓨鏂囦欢锛歳es://scripts/geography/diagnostics_bus.gdc[39m[0m
[  66% ] [90m[1msavepack[22m | 淇濆瓨鏂囦欢锛歳es://scripts/geography/hex_cell.gdc[39m[0m
[  66% ] [90m[1msavepack[22m | 淇濆瓨鏂囦欢锛歳es://scripts/geography/hex_utils.gdc[39m[0m
[  66% ] [90m[1msavepack[22m | 淇濆瓨鏂囦欢锛歳es://scripts/geography/landform_type.gdc[39m[0m
[  66% ] [90m[1msavepack[22m | 淇濆瓨鏂囦欢锛歳es://scripts/geography/map_config.gdc[39m[0m
[  66% ] [90m[1msavepack[22m | 淇濆瓨鏂囦欢锛歳es://scripts/geography/map_data.gdc[39m[0m
[  66% ] [90m[1msavepack[22m | 淇濆瓨鏂囦欢锛歳es://scripts/geography/map_generator.gdc[39m[0m
[  66% ] [90m[1msavepack[22m | 淇濆瓨鏂囦欢锛歳es://scripts/geography/terrain_type.gdc[39m[0m
[  66% ] [90m[1msavepack[22m | 淇濆瓨鏂囦欢锛歳es://scripts/geography/tod_profile.gdc[39m[0m
[  66% ] [90m[1msavepack[22m | 淇濆瓨鏂囦欢锛歳es://scripts/geography/vegetation_type.gdc[39m[0m
[  66% ] [90m[1msavepack[22m | 淇濆瓨鏂囦欢锛歳es://scripts/geography/vision_solver.gdc[39m[0m
[  66% ] [90m[1msavepack[22m | 淇濆瓨鏂囦欢锛歳es://scripts/geography/weather_type.gdc[39m[0m
[  66% ] [90m[1msavepack[22m | 淇濆瓨鏂囦欢锛歳es://scripts/geography/world_clock.gdc[39m[0m
[  66% ] [90m[1msavepack[22m | 淇濆瓨鏂囦欢锛歳es://scripts/geography/world_data.gdc[39m[0m
[  67% ] [90m[1msavepack[22m | 淇濆瓨鏂囦欢锛歳es://scripts/modifier/modifier_catalog.gdc[39m[0m
[  67% ] [90m[1msavepack[22m | 淇濆瓨鏂囦欢锛歳es://scripts/modifier/modifier_definition.gdc[39m[0m
[  67% ] [90m[1msavepack[22m | 淇濆瓨鏂囦欢锛歳es://scripts/modifier/modifier_facade.gdc[39m[0m
[  67% ] [90m[1msavepack[22m | 淇濆瓨鏂囦欢锛歳es://scripts/modifier/modifier_stat_definition.gdc[39m[0m
[  67% ] [90m[1msavepack[22m | 淇濆瓨鏂囦欢锛歳es://scripts/modifier/modifier_term.gdc[39m[0m
[  67% ] [90m[1msavepack[22m | 淇濆瓨鏂囦欢锛歳es://scripts/rendering/bakers/atlas_encoders.gdc[39m[0m
[  67% ] [90m[1msavepack[22m | 淇濆瓨鏂囦欢锛歳es://scripts/rendering/bakers/baker_context.gdc[39m[0m
[  67% ] [90m[1msavepack[22m | 淇濆瓨鏂囦欢锛歳es://scripts/rendering/bakers/baker_dirty_helpers.gdc[39m[0m
[  67% ] [90m[1msavepack[22m | 淇濆瓨鏂囦欢锛歳es://scripts/rendering/bakers/climate_baker.gdc[39m[0m
[  67% ] [90m[1msavepack[22m | 淇濆瓨鏂囦欢锛歳es://scripts/rendering/bakers/overlay_baker.gdc[39m[0m
[  67% ] [90m[1msavepack[22m | 淇濆瓨鏂囦欢锛歳es://scripts/rendering/bakers/terrain_baker.gdc[39m[0m
[  67% ] [90m[1msavepack[22m | 淇濆瓨鏂囦欢锛歳es://scripts/rendering/bakers/weather_baker.gdc[39m[0m
[  68% ] [90m[1msavepack[22m | 淇濆瓨鏂囦欢锛歳es://scripts/rendering/cell_highlight.gdc[39m[0m
[  68% ] [90m[1msavepack[22m | 淇濆瓨鏂囦欢锛歳es://scripts/rendering/country_border_layer.gdc[39m[0m
[  68% ] [90m[1msavepack[22m | 淇濆瓨鏂囦欢锛歳es://scripts/rendering/data_overlay_baker.gdc[39m[0m
[  68% ] [90m[1msavepack[22m | 淇濆瓨鏂囦欢锛歳es://scripts/rendering/data_overlay_layer.gdc[39m[0m
[  68% ] [90m[1msavepack[22m | 淇濆瓨鏂囦欢锛歳es://scripts/rendering/fog_of_war_layer.gdc[39m[0m
[  68% ] [90m[1msavepack[22m | 淇濆瓨鏂囦欢锛歳es://scripts/rendering/hex_renderer.gdc[39m[0m
[  68% ] [90m[1msavepack[22m | 淇濆瓨鏂囦欢锛歳es://scripts/rendering/map_baker.gdc[39m[0m
[  68% ] [90m[1msavepack[22m | 淇濆瓨鏂囦欢锛歳es://scripts/rendering/map_camera.gdc[39m[0m
[  68% ] [90m[1msavepack[22m | 淇濆瓨鏂囦欢锛歳es://scripts/rendering/overlay_mode.gdc[39m[0m
[  68% ] [90m[1msavepack[22m | 淇濆瓨鏂囦欢锛歳es://scripts/rendering/physical_circulation_solver.gdc[39m[0m
[  68% ] [90m[1msavepack[22m | 淇濆瓨鏂囦欢锛歳es://scripts/rendering/settlement_label_layer.gdc[39m[0m
[  69% ] [90m[1msavepack[22m | 淇濆瓨鏂囦欢锛歳es://scripts/rendering/shrub_layer.gdc[39m[0m
[  69% ] [90m[1msavepack[22m | 淇濆瓨鏂囦欢锛歳es://scripts/rendering/vegetation_family_layer.gdc[39m[0m
[  69% ] [90m[1msavepack[22m | 淇濆瓨鏂囦欢锛歳es://scripts/rendering/visual_tile_horizon_baker.gdc[39m[0m
[  69% ] [90m[1msavepack[22m | 淇濆瓨鏂囦欢锛歳es://scripts/rendering/visual_tile_layout.gdc[39m[0m
[  69% ] [90m[1msavepack[22m | 淇濆瓨鏂囦欢锛歳es://scripts/rendering/visual_tile_set.gdc[39m[0m
[  69% ] [90m[1msavepack[22m | 淇濆瓨鏂囦欢锛歳es://scripts/rendering/weather_layer.gdc[39m[0m
[  69% ] [90m[1msavepack[22m | 淇濆瓨鏂囦欢锛歳es://scripts/simulation/biology/transpiration_pass.gdc[39m[0m
[  69% ] [90m[1msavepack[22m | 淇濆瓨鏂囦欢锛歳es://scripts/simulation/climate/climate_math.gdc[39m[0m
[  69% ] [90m[1msavepack[22m | 淇濆瓨鏂囦欢锛歳es://scripts/simulation/climate/pass_a.gdc[39m[0m
[  69% ] [90m[1msavepack[22m | 淇濆瓨鏂囦欢锛歳es://scripts/simulation/climate/pass_b.gdc[39m[0m
[  69% ] [90m[1msavepack[22m | 淇濆瓨鏂囦欢锛歳es://scripts/simulation/climate/wind_heat_transport.gdc[39m[0m
[  69% ] [90m[1msavepack[22m | 淇濆瓨鏂囦欢锛歳es://scripts/simulation/ocean/land_pass.gdc[39m[0m
[  70% ] [90m[1msavepack[22m | 淇濆瓨鏂囦欢锛歳es://scripts/simulation/ocean/water_pass.gdc[39m[0m
[  70% ] [90m[1msavepack[22m | 淇濆瓨鏂囦欢锛歳es://scripts/simulation/sea_ice/daily_pass.gdc[39m[0m
[  70% ] [90m[1msavepack[22m | 淇濆瓨鏂囦欢锛歳es://scripts/simulation/sus/jobs/native_daily_sim_job.gdc[39m[0m
[  70% ] [90m[1msavepack[22m | 淇濆瓨鏂囦欢锛歳es://scripts/simulation/sus/jobs/ocean_currents_job.gdc[39m[0m
[  70% ] [90m[1msavepack[22m | 淇濆瓨鏂囦欢锛歳es://scripts/simulation/sus/jobs/weather_refresh_job.gdc[39m[0m
[  70% ] [90m[1msavepack[22m | 淇濆瓨鏂囦欢锛歳es://scripts/simulation/sus/sus_job.gdc[39m[0m
[  70% ] [90m[1msavepack[22m | 淇濆瓨鏂囦欢锛歳es://scripts/simulation/sus/sus_policy.gdc[39m[0m
[  70% ] [90m[1msavepack[22m | 淇濆瓨鏂囦欢锛歳es://scripts/simulation/sus/sus_scheduler.gdc[39m[0m
[  70% ] [90m[1msavepack[22m | 淇濆瓨鏂囦欢锛歳es://scripts/simulation/sus/sus_tick_context.gdc[39m[0m
[  70% ] [90m[1msavepack[22m | 淇濆瓨鏂囦欢锛歳es://scripts/simulation/systems/climate_daily_system.gdc[39m[0m
[  70% ] [90m[1msavepack[22m | 淇濆瓨鏂囦欢锛歳es://scripts/simulation/systems/country_daily_system.gdc[39m[0m
[  70% ] [90m[1msavepack[22m | 淇濆瓨鏂囦欢锛歳es://scripts/simulation/systems/dynamic_visual_atlas_upload_system.gdc[39m[0m
[  71% ] [90m[1msavepack[22m | 淇濆瓨鏂囦欢锛歳es://scripts/simulation/systems/economy_daily_system.gdc[39m[0m
[  71% ] [90m[1msavepack[22m | 淇濆瓨鏂囦欢锛歳es://scripts/simulation/systems/enum_atlas_upload_system.gdc[39m[0m
[  71% ] [90m[1msavepack[22m | 淇濆瓨鏂囦欢锛歳es://scripts/simulation/systems/modifier_daily_system.gdc[39m[0m
[  71% ] [90m[1msavepack[22m | 淇濆瓨鏂囦欢锛歳es://scripts/simulation/systems/native_environment_runtime_system.gdc[39m[0m
[  71% ] [90m[1msavepack[22m | 淇濆瓨鏂囦欢锛歳es://scripts/simulation/systems/natural_resource_daily_system.gdc[39m[0m
[  71% ] [90m[1msavepack[22m | 淇濆瓨鏂囦欢锛歳es://scripts/simulation/systems/ocean_currents_system.gdc[39m[0m
[  71% ] [90m[1msavepack[22m | 淇濆瓨鏂囦欢锛歳es://scripts/simulation/systems/season_refresh_system.gdc[39m[0m
[  71% ] [90m[1msavepack[22m | 淇濆瓨鏂囦欢锛歳es://scripts/simulation/systems/sea_ice_daily_system.gdc[39m[0m
[  71% ] [90m[1msavepack[22m | 淇濆瓨鏂囦欢锛歳es://scripts/simulation/systems/trigger_daily_system.gdc[39m[0m
[  71% ] [90m[1msavepack[22m | 淇濆瓨鏂囦欢锛歳es://scripts/simulation/systems/weather_system.gdc[39m[0m
[  71% ] [90m[1msavepack[22m | 淇濆瓨鏂囦欢锛歳es://scripts/tools/dots_soak_ab_runner.gdc[39m[0m
[  71% ] [90m[1msavepack[22m | 淇濆瓨鏂囦欢锛歳es://scripts/tools/dots_soak_dump.gdc[39m[0m
[  72% ] [90m[1msavepack[22m | 淇濆瓨鏂囦欢锛歳es://scripts/trigger/trigger_catalog.gdc[39m[0m
[  72% ] [90m[1msavepack[22m | 淇濆瓨鏂囦欢锛歳es://scripts/trigger/trigger_definition.gdc[39m[0m
[  72% ] [90m[1msavepack[22m | 淇濆瓨鏂囦欢锛歳es://scripts/trigger/trigger_effect.gdc[39m[0m
[  72% ] [90m[1msavepack[22m | 淇濆瓨鏂囦欢锛歳es://scripts/trigger/trigger_facade.gdc[39m[0m
[  72% ] [90m[1msavepack[22m | 淇濆瓨鏂囦欢锛歳es://scripts/ui/components/badge_row.gdc[39m[0m
[  72% ] [90m[1msavepack[22m | 淇濆瓨鏂囦欢锛歳es://scripts/ui/components/building_list.gdc[39m[0m
[  72% ] [90m[1msavepack[22m | 淇濆瓨鏂囦欢锛歳es://scripts/ui/components/category_tabs.gdc[39m[0m
[  72% ] [90m[1msavepack[22m | 淇濆瓨鏂囦欢锛歳es://scripts/ui/components/cohort_list.gdc[39m[0m
[  72% ] [90m[1msavepack[22m | 淇濆瓨鏂囦欢锛歳es://scripts/ui/components/country_action_bar.gdc[39m[0m
[  72% ] [90m[1msavepack[22m | 淇濆瓨鏂囦欢锛歳es://scripts/ui/components/country_panel.gdc[39m[0m
[  72% ] [90m[1msavepack[22m | 淇濆瓨鏂囦欢锛歳es://scripts/ui/components/demand_detail_dialog.gdc[39m[0m
[  72% ] [90m[1msavepack[22m | 淇濆瓨鏂囦欢锛歳es://scripts/ui/components/economy_workspace.gdc[39m[0m
[  73% ] [90m[1msavepack[22m | 淇濆瓨鏂囦欢锛歳es://scripts/ui/components/family_list.gdc[39m[0m
[  73% ] [90m[1msavepack[22m | 淇濆瓨鏂囦欢锛歳es://scripts/ui/components/gauge_bar.gdc[39m[0m
[  73% ] [90m[1msavepack[22m | 淇濆瓨鏂囦欢锛歳es://scripts/ui/components/icon_badge.gdc[39m[0m
[  73% ] [90m[1msavepack[22m | 淇濆瓨鏂囦欢锛歳es://scripts/ui/components/icon_button.gdc[39m[0m
[  73% ] [90m[1msavepack[22m | 淇濆瓨鏂囦欢锛歳es://scripts/ui/components/insight_list.gdc[39m[0m
[  73% ] [90m[1msavepack[22m | 淇濆瓨鏂囦欢锛歳es://scripts/ui/components/inspector_panel.gdc[39m[0m
[  73% ] [90m[1msavepack[22m | 淇濆瓨鏂囦欢锛歳es://scripts/ui/components/loading_atlas_backdrop.gdc[39m[0m
[  73% ] [90m[1msavepack[22m | 淇濆瓨鏂囦欢锛歳es://scripts/ui/components/map_overlay_toolbar.gdc[39m[0m
[  73% ] [90m[1msavepack[22m | 淇濆瓨鏂囦欢锛歳es://scripts/ui/components/market_list.gdc[39m[0m
[  73% ] [90m[1msavepack[22m | 淇濆瓨鏂囦欢锛歳es://scripts/ui/components/metric_card.gdc[39m[0m
[  73% ] [90m[1msavepack[22m | 淇濆瓨鏂囦欢锛歳es://scripts/ui/components/object_detail_dialog.gdc[39m[0m
[  73% ] [90m[1msavepack[22m | 淇濆瓨鏂囦欢锛歳es://scripts/ui/components/pause_menu.gdc[39m[0m
[  74% ] [90m[1msavepack[22m | 淇濆瓨鏂囦欢锛歳es://scripts/ui/components/player_top_bar.gdc[39m[0m
[  74% ] [90m[1msavepack[22m | 淇濆瓨鏂囦欢锛歳es://scripts/ui/components/procurement_budget_slider.gdc[39m[0m
[  74% ] [90m[1msavepack[22m | 淇濆瓨鏂囦欢锛歳es://scripts/ui/components/radial_gauge.gdc[39m[0m
[  74% ] [90m[1msavepack[22m | 淇濆瓨鏂囦欢锛歳es://scripts/ui/components/research_weight_dial.gdc[39m[0m
[  74% ] [90m[1msavepack[22m | 淇濆瓨鏂囦欢锛歳es://scripts/ui/components/resource_list.gdc[39m[0m
[  74% ] [90m[1msavepack[22m | 淇濆瓨鏂囦欢锛歳es://scripts/ui/components/section_placeholder_screen.gdc[39m[0m
[  74% ] [90m[1msavepack[22m | 淇濆瓨鏂囦欢锛歳es://scripts/ui/components/setup_field_row.gdc[39m[0m
[  74% ] [90m[1msavepack[22m | 淇濆瓨鏂囦欢锛歳es://scripts/ui/components/sparkline_chart.gdc[39m[0m
[  74% ] [90m[1msavepack[22m | 淇濆瓨鏂囦欢锛歳es://scripts/ui/components/technology_detail_card.gdc[39m[0m
[  74% ] [90m[1msavepack[22m | 淇濆瓨鏂囦欢锛歳es://scripts/ui/components/technology_queue_drop_zone.gdc[39m[0m
[  74% ] [90m[1msavepack[22m | 淇濆瓨鏂囦欢锛歳es://scripts/ui/components/technology_queue_row.gdc[39m[0m
[  74% ] [90m[1msavepack[22m | 淇濆瓨鏂囦欢锛歳es://scripts/ui/components/technology_tree_view.gdc[39m[0m
[  75% ] [90m[1msavepack[22m | 淇濆瓨鏂囦欢锛歳es://scripts/ui/components/technology_workspace.gdc[39m[0m
[  75% ] [90m[1msavepack[22m | 淇濆瓨鏂囦欢锛歳es://scripts/ui/components/world_loading_overlay.gdc[39m[0m
[  75% ] [90m[1msavepack[22m | 淇濆瓨鏂囦欢锛歳es://scripts/ui/cell_inspector_view_model.gdc[39m[0m
[  75% ] [90m[1msavepack[22m | 淇濆瓨鏂囦欢锛歳es://scripts/ui/chart_adapter.gdc[39m[0m
[  75% ] [90m[1msavepack[22m | 淇濆瓨鏂囦欢锛歳es://scripts/ui/country_view_model.gdc[39m[0m
[  75% ] [90m[1msavepack[22m | 淇濆瓨鏂囦欢锛歳es://scripts/ui/debug_console.gdc[39m[0m
[  75% ] [90m[1msavepack[22m | 淇濆瓨鏂囦欢锛歳es://scripts/ui/economy_data_recorder.gdc[39m[0m
[  75% ] [90m[1msavepack[22m | 淇濆瓨鏂囦欢锛歳es://scripts/ui/game_ui_manager.gdc[39m[0m
[  75% ] [90m[1msavepack[22m | 淇濆瓨鏂囦欢锛歳es://scripts/ui/gm_panel_view_model.gdc[39m[0m
[  75% ] [90m[1msavepack[22m | 淇濆瓨鏂囦欢锛歳es://scripts/ui/icon_catalog.gdc[39m[0m
[  75% ] [90m[1msavepack[22m | 淇濆瓨鏂囦欢锛歳es://scripts/ui/icon_presenter.gdc[39m[0m
[  76% ] [90m[1msavepack[22m | 淇濆瓨鏂囦欢锛歳es://scripts/ui/info_panel_controller.gdc[39m[0m
[  76% ] [90m[1msavepack[22m | 淇濆瓨鏂囦欢锛歳es://scripts/ui/main_menu.gdc[39m[0m
[  76% ] [90m[1msavepack[22m | 淇濆瓨鏂囦欢锛歳es://scripts/ui/overlay_legend.gdc[39m[0m
[  76% ] [90m[1msavepack[22m | 淇濆瓨鏂囦欢锛歳es://scripts/ui/perf_mini_hud.gdc[39m[0m
[  76% ] [90m[1msavepack[22m | 淇濆瓨鏂囦欢锛歳es://scripts/ui/perf_recorder.gdc[39m[0m
[  76% ] [90m[1msavepack[22m | 淇濆瓨鏂囦欢锛歳es://scripts/ui/technology_tree_layout.gdc[39m[0m
[  76% ] [90m[1msavepack[22m | 淇濆瓨鏂囦欢锛歳es://scripts/ui/tile_data_recorder.gdc[39m[0m
[  76% ] [90m[1msavepack[22m | 淇濆瓨鏂囦欢锛歳es://scripts/ui/ui_animation.gdc[39m[0m
[  76% ] [90m[1msavepack[22m | 淇濆瓨鏂囦欢锛歳es://scripts/ui/ui_tokens.gdc[39m[0m
[  76% ] [90m[1msavepack[22m | 淇濆瓨鏂囦欢锛歳es://scripts/ui/world_setup.gdc[39m[0m
[  76% ] [90m[1msavepack[22m | 淇濆瓨鏂囦欢锛歳es://scripts/util/pk_log.gdc[39m[0m
[  76% ] [90m[1msavepack[22m | 淇濆瓨鏂囦欢锛歳es://scripts/weather/feedback.gdc[39m[0m
[  77% ] [90m[1msavepack[22m | 淇濆瓨鏂囦欢锛歳es://scripts/weather/field_solver.gdc[39m[0m
[  77% ] [90m[1msavepack[22m | 淇濆瓨鏂囦欢锛歳es://scripts/weather/front_advect.gdc[39m[0m
[  77% ] [90m[1msavepack[22m | 淇濆瓨鏂囦欢锛歳es://scripts/weather/front_spawn.gdc[39m[0m
[  77% ] [90m[1msavepack[22m | 淇濆瓨鏂囦欢锛歳es://scripts/weather/summary_builder.gdc[39m[0m
[  77% ] [90m[1msavepack[22m | 淇濆瓨鏂囦欢锛歳es://scripts/weather/weather_front.gdc[39m[0m
[  77% ] [90m[1msavepack[22m | 淇濆瓨鏂囦欢锛歳es://scripts/weather/weather_system.gdc[39m[0m
[  77% ] [90m[1msavepack[22m | 淇濆瓨鏂囦欢锛歳es://scripts/weather/wind_belt.gdc[39m[0m
[  77% ] [90m[1msavepack[22m | 淇濆瓨鏂囦欢锛歳es://scripts/main.gdc[39m[0m
[  77% ] [90m[1msavepack[22m | 淇濆瓨鏂囦欢锛歳es://shaders/bake/terrain_horizon_bake.gdshader[39m[0m
[  77% ] [90m[1msavepack[22m | 淇濆瓨鏂囦欢锛歳es://.godot/imported/visual_tile_horizon_decode.glsl-1577aaa30240e923c927900303c9e7b2.res[39m[0m
[  77% ] [90m[1msavepack[22m | 淇濆瓨鏂囦欢锛歳es://shaders/compute/visual_tile_horizon_decode.glsl.import[39m[0m
[  77% ] [90m[1msavepack[22m | 淇濆瓨鏂囦欢锛歳es://.godot/imported/visual_tile_horizon_pyramid.glsl-5dff41461411a39a4364806605fd0e84.res[39m[0m
[  77% ] [90m[1msavepack[22m | 淇濆瓨鏂囦欢锛歳es://shaders/compute/visual_tile_horizon_pyramid.glsl.import[39m[0m
[  77% ] [90m[1msavepack[22m | 淇濆瓨鏂囦欢锛歳es://.godot/imported/visual_tile_horizon_trace.glsl-842e430ff182820682341d2fe7431be6.res[39m[0m
[  77% ] [90m[1msavepack[22m | 淇濆瓨鏂囦欢锛歳es://shaders/compute/visual_tile_horizon_trace.glsl.import[39m[0m
[  78% ] [90m[1msavepack[22m | 淇濆瓨鏂囦欢锛歳es://shaders/include/biome_color.gdshaderinc[39m[0m
[  78% ] [90m[1msavepack[22m | 淇濆瓨鏂囦欢锛歳es://shaders/include/biome_detail.gdshaderinc[39m[0m
[  78% ] [90m[1msavepack[22m | 淇濆瓨鏂囦欢锛歳es://shaders/include/brdf.gdshaderinc[39m[0m
[  78% ] [90m[1msavepack[22m | 淇濆瓨鏂囦欢锛歳es://shaders/include/cell_indirect.gdshaderinc[39m[0m
[  78% ] [90m[1msavepack[22m | 淇濆瓨鏂囦欢锛歳es://shaders/include/climate_season.gdshaderinc[39m[0m
[  78% ] [90m[1msavepack[22m | 淇濆瓨鏂囦欢锛歳es://shaders/include/cloud_noise.gdshaderinc[39m[0m
[  78% ] [90m[1msavepack[22m | 淇濆瓨鏂囦欢锛歳es://shaders/include/cloud_volume.gdshaderinc[39m[0m
[  78% ] [90m[1msavepack[22m | 淇濆瓨鏂囦欢锛歳es://shaders/include/common_noise.gdshaderinc[39m[0m
[  78% ] [90m[1msavepack[22m | 淇濆瓨鏂囦欢锛歳es://shaders/include/earth_daylight.gdshaderinc[39m[0m
[  78% ] [90m[1msavepack[22m | 淇濆瓨鏂囦欢锛歳es://shaders/include/global_adjustments.gdshaderinc[39m[0m
[  78% ] [90m[1msavepack[22m | 淇濆瓨鏂囦欢锛歳es://shaders/include/height.gdshaderinc[39m[0m
[  78% ] [90m[1msavepack[22m | 淇濆瓨鏂囦欢锛歳es://shaders/include/hillshade_tod.gdshaderinc[39m[0m
[  79% ] [90m[1msavepack[22m | 淇濆瓨鏂囦欢锛歳es://shaders/include/land_pipeline.gdshaderinc[39m[0m
[  79% ] [90m[1msavepack[22m | 淇濆瓨鏂囦欢锛歳es://shaders/include/material_constants.gdshaderinc[39m[0m
[  79% ] [90m[1msavepack[22m | 淇濆瓨鏂囦欢锛歳es://shaders/include/shader_quality.gdshaderinc[39m[0m
[  79% ] [90m[1msavepack[22m | 淇濆瓨鏂囦欢锛歳es://shaders/include/shore_common.gdshaderinc[39m[0m
[  79% ] [90m[1msavepack[22m | 淇濆瓨鏂囦欢锛歳es://shaders/include/snow_cover.gdshaderinc[39m[0m
[  79% ] [90m[1msavepack[22m | 淇濆瓨鏂囦欢锛歳es://shaders/include/surface_params.gdshaderinc[39m[0m
[  79% ] [90m[1msavepack[22m | 淇濆瓨鏂囦欢锛歳es://shaders/include/terrain_horizon.gdshaderinc[39m[0m
[  79% ] [90m[1msavepack[22m | 淇濆瓨鏂囦欢锛歳es://shaders/include/terrain_surface_detail.gdshaderinc[39m[0m
[  79% ] [90m[1msavepack[22m | 淇濆瓨鏂囦欢锛歳es://shaders/include/tonemap.gdshaderinc[39m[0m
[  79% ] [90m[1msavepack[22m | 淇濆瓨鏂囦欢锛歳es://shaders/include/uniforms.gdshaderinc[39m[0m
[  79% ] [90m[1msavepack[22m | 淇濆瓨鏂囦欢锛歳es://shaders/include/vegetation.gdshaderinc[39m[0m
[  79% ] [90m[1msavepack[22m | 淇濆瓨鏂囦欢锛歳es://shaders/include/visual_tile_sampling.gdshaderinc[39m[0m
[  80% ] [90m[1msavepack[22m | 淇濆瓨鏂囦欢锛歳es://shaders/include/water.gdshaderinc[39m[0m
[  80% ] [90m[1msavepack[22m | 淇濆瓨鏂囦欢锛歳es://shaders/include/water_pipeline.gdshaderinc[39m[0m
[  80% ] [90m[1msavepack[22m | 淇濆瓨鏂囦欢锛歳es://shaders/include/weather_front.gdshaderinc[39m[0m
[  80% ] [90m[1msavepack[22m | 淇濆瓨鏂囦欢锛歳es://shaders/country_border.gdshader[39m[0m
[  80% ] [90m[1msavepack[22m | 淇濆瓨鏂囦欢锛歳es://shaders/data_overlay.gdshader[39m[0m
[  80% ] [90m[1msavepack[22m | 淇濆瓨鏂囦欢锛歳es://shaders/fog_of_war.gdshader[39m[0m
[  80% ] [90m[1msavepack[22m | 淇濆瓨鏂囦欢锛歳es://shaders/hex_edge_overlay.gdshader[39m[0m
[  80% ] [90m[1msavepack[22m | 淇濆瓨鏂囦欢锛歳es://shaders/hex_terrain.gdshader[39m[0m
[  80% ] [90m[1msavepack[22m | 淇濆瓨鏂囦欢锛歳es://shaders/weather_cell_curtain.gdshader[39m[0m
[  80% ] [90m[1msavepack[22m | 淇濆瓨鏂囦欢锛歳es://shaders/weather_overlay.gdshader[39m[0m
[  80% ] [90m[1msavepack[22m | 淇濆瓨鏂囦欢锛歳es://shaders/world_map.gdshader[39m[0m
[  80% ] [90m[1msavepack[22m | 淇濆瓨鏂囦欢锛歳es://tests/dots_completion/baseline.json[39m[0m
[  81% ] [90m[1msavepack[22m | 淇濆瓨鏂囦欢锛歳es://tests/dots_completion/dots_completion_gate.gdc[39m[0m
[  81% ] [90m[1msavepack[22m | 淇濆瓨鏂囦欢锛歳es://tests/dots_completion/record_baseline.gdc[39m[0m
[  81% ] [90m[1msavepack[22m | 淇濆瓨鏂囦欢锛歳es://tests/_tmp_csv_alignment_audit.gdc[39m[0m
[  81% ] [90m[1msavepack[22m | 淇濆瓨鏂囦欢锛歳es://tests/_tmp_live_veg_repro.gdc[39m[0m
[  81% ] [90m[1msavepack[22m | 淇濆瓨鏂囦欢锛歳es://tests/_tmp_map_snapshot.gdc[39m[0m
[  81% ] [90m[1msavepack[22m | 淇濆瓨鏂囦欢锛歳es://tests/_tmp_player_flow_probe.gdc[39m[0m
[  81% ] [90m[1msavepack[22m | 淇濆瓨鏂囦欢锛歳es://.godot/exported/133200997/export-d1cef0cb9b98a1e99dcb4e14a9d6ce0f-_tmp_player_flow_probe.scn[39m[0m
[  81% ] [90m[1msavepack[22m | 淇濆瓨鏂囦欢锛歳es://tests/_tmp_probe.gdc[39m[0m
[  81% ] [90m[1msavepack[22m | 淇濆瓨鏂囦欢锛歳es://tests/_tmp_render_backend_probe.gdc[39m[0m
[  81% ] [90m[1msavepack[22m | 淇濆瓨鏂囦欢锛歳es://.godot/exported/133200997/export-caa511330ff6a0b15857adf63b2073b2-_tmp_render_backend_probe.scn[39m[0m
[  81% ] [90m[1msavepack[22m | 淇濆瓨鏂囦欢锛歳es://tests/_tmp_save_probe.gdc[39m[0m
[  81% ] [90m[1msavepack[22m | 淇濆瓨鏂囦欢锛歳es://tests/_tmp_scatter_sync_bench.gdc[39m[0m
[  82% ] [90m[1msavepack[22m | 淇濆瓨鏂囦欢锛歳es://tests/_tmp_scatter_veg_audit.gdc[39m[0m
[  82% ] [90m[1msavepack[22m | 淇濆瓨鏂囦欢锛歳es://tests/_tmp_succession_soak.gdc[39m[0m
[  82% ] [90m[1msavepack[22m | 淇濆瓨鏂囦欢锛歳es://tests/_tmp_terrain_material_probe.gdc[39m[0m
[  82% ] [90m[1msavepack[22m | 淇濆瓨鏂囦欢锛歳es://tests/_tmp_zonal_probe.gdc[39m[0m
[  82% ] [90m[1msavepack[22m | 淇濆瓨鏂囦欢锛歳es://tests/badlands_density_test.gdc[39m[0m
[  82% ] [90m[1msavepack[22m | 淇濆瓨鏂囦欢锛歳es://tests/baker_atlas_section_verdict_test.gdc[39m[0m
[  82% ] [90m[1msavepack[22m | 淇濆瓨鏂囦欢锛歳es://tests/bake_encoder_cpp_parity_test.gdc[39m[0m
[  82% ] [90m[1msavepack[22m | 淇濆瓨鏂囦欢锛歳es://tests/biome_climate_timescale_test.gdc[39m[0m
[  82% ] [90m[1msavepack[22m | 淇濆瓨鏂囦欢锛歳es://tests/biome_vegetation_alignment_test.gdc[39m[0m
[  82% ] [90m[1msavepack[22m | 淇濆瓨鏂囦欢锛歳es://tests/building_inspector_state_test.gdc[39m[0m
[  82% ] [90m[1msavepack[22m | 淇濆瓨鏂囦欢锛歳es://tests/building_resource_chain_test.gdc[39m[0m
[  82% ] [90m[1msavepack[22m | 淇濆瓨鏂囦欢锛歳es://tests/building_runtime_bench.gdc[39m[0m
[  83% ] [90m[1msavepack[22m | 淇濆瓨鏂囦欢锛歳es://tests/building_runtime_test.gdc[39m[0m
[  83% ] [90m[1msavepack[22m | 淇濆瓨鏂囦欢锛歳es://tests/camera_detail_lod_test.gdc[39m[0m
[  83% ] [90m[1msavepack[22m | 淇濆瓨鏂囦欢锛歳es://tests/cell_lut_incremental_test.gdc[39m[0m
[  83% ] [90m[1msavepack[22m | 淇濆瓨鏂囦欢锛歳es://tests/climate_pass_bench.gdc[39m[0m
[  83% ] [90m[1msavepack[22m | 淇濆瓨鏂囦欢锛歳es://tests/climate_pipeline_spike_reduction_test.gdc[39m[0m
[  83% ] [90m[1msavepack[22m | 淇濆瓨鏂囦欢锛歳es://tests/cooperative_world_generation_test.gdc[39m[0m
[  83% ] [90m[1msavepack[22m | 淇濆瓨鏂囦欢锛歳es://tests/country_border_mesh_test.gdc[39m[0m
[  83% ] [90m[1msavepack[22m | 淇濆瓨鏂囦欢锛歳es://tests/country_runtime_bench.gdc[39m[0m
[  83% ] [90m[1msavepack[22m | 淇濆瓨鏂囦欢锛歳es://tests/country_runtime_test.gdc[39m[0m
[  83% ] [90m[1msavepack[22m | 淇濆瓨鏂囦欢锛歳es://tests/country_test_helper.gdc[39m[0m
[  83% ] [90m[1msavepack[22m | 淇濆瓨鏂囦欢锛歳es://tests/day_night_default_test.gdc[39m[0m
[  84% ] [90m[1msavepack[22m | 淇濆瓨鏂囦欢锛歳es://tests/dc_system_test.gdc[39m[0m
[  84% ] [90m[1msavepack[22m | 淇濆瓨鏂囦欢锛歳es://tests/debug_console_format_test.gdc[39m[0m
[  84% ] [90m[1msavepack[22m | 淇濆瓨鏂囦欢锛歳es://tests/detail_scatter_budget_slice_test.gdc[39m[0m
[  84% ] [90m[1msavepack[22m | 淇濆瓨鏂囦欢锛歳es://tests/detail_scatter_lod_order_test.gdc[39m[0m
[  84% ] [90m[1msavepack[22m | 淇濆瓨鏂囦欢锛歳es://tests/detail_scatter_visibility_test.gdc[39m[0m
[  84% ] [90m[1msavepack[22m | 淇濆瓨鏂囦欢锛歳es://tests/detail_scatter_wrap_mirror_test.gdc[39m[0m
[  84% ] [90m[1msavepack[22m | 淇濆瓨鏂囦欢锛歳es://tests/dirty_mask_test.gdc[39m[0m
[  84% ] [90m[1msavepack[22m | 淇濆瓨鏂囦欢锛歳es://tests/dynamic_eternal_day_direction_test.gdc[39m[0m
[  84% ] [90m[1msavepack[22m | 淇濆瓨鏂囦欢锛歳es://tests/economy_backpressure_timebox_test.gdc[39m[0m
[  84% ] [90m[1msavepack[22m | 淇濆瓨鏂囦欢锛歳es://tests/economy_birth_runtime_test.gdc[39m[0m
[  84% ] [90m[1msavepack[22m | 淇濆瓨鏂囦欢锛歳es://tests/economy_data_recorder_test.gdc[39m[0m
[  84% ] [90m[1msavepack[22m | 淇濆瓨鏂囦欢锛歳es://tests/economy_map_generation_test.gdc[39m[0m
[  85% ] [90m[1msavepack[22m | 淇濆瓨鏂囦欢锛歳es://tests/economy_rolling_runtime_test.gdc[39m[0m
[  85% ] [90m[1msavepack[22m | 淇濆瓨鏂囦欢锛歳es://tests/economy_runtime_bench.gdc[39m[0m
[  85% ] [90m[1msavepack[22m | 淇濆瓨鏂囦欢锛歳es://tests/economy_test_bootstrap_test.gdc[39m[0m
[  85% ] [90m[1msavepack[22m | 淇濆瓨鏂囦欢锛歳es://tests/economy_trade_runtime_test.gdc[39m[0m
[  85% ] [90m[1msavepack[22m | 淇濆瓨鏂囦欢锛歳es://tests/environment_runtime_smoke_test.gdc[39m[0m
[  85% ] [90m[1msavepack[22m | 淇濆瓨鏂囦欢锛歳es://tests/family_runtime_test.gdc[39m[0m
[  85% ] [90m[1msavepack[22m | 淇濆瓨鏂囦欢锛歳es://tests/gameplay_start_matrix_test.gdc[39m[0m
[  85% ] [90m[1msavepack[22m | 淇濆瓨鏂囦欢锛歳es://tests/gameplay_start_runtime_test.gdc[39m[0m
[  85% ] [90m[1msavepack[22m | 淇濆瓨鏂囦欢锛歳es://tests/game_save_roundtrip_test.gdc[39m[0m
[  85% ] [90m[1msavepack[22m | 淇濆瓨鏂囦欢锛歳es://tests/game_settings_service_test.gdc[39m[0m
[  85% ] [90m[1msavepack[22m | 淇濆瓨鏂囦欢锛歳es://tests/generation_riparian_biome_test.gdc[39m[0m
[  85% ] [90m[1msavepack[22m | 淇濆瓨鏂囦欢锛歳es://tests/generation_zonal_moisture_test.gdc[39m[0m
[  86% ] [90m[1msavepack[22m | 淇濆瓨鏂囦欢锛歳es://tests/geomorph_diversity_test.gdc[39m[0m
[  86% ] [90m[1msavepack[22m | 淇濆瓨鏂囦欢锛歳es://tests/gm_panel_runtime_test.gdc[39m[0m
[  86% ] [90m[1msavepack[22m | 淇濆瓨鏂囦欢锛歳es://tests/gm_panel_view_model_test.gdc[39m[0m
[  86% ] [90m[1msavepack[22m | 淇濆瓨鏂囦欢锛歳es://tests/gm_panel_visual_smoke.gdc[39m[0m
[  86% ] [90m[1msavepack[22m | 淇濆瓨鏂囦欢锛歳es://tests/gm_runtime_host_test.gdc[39m[0m
[  86% ] [90m[1msavepack[22m | 淇濆瓨鏂囦欢锛歳es://tests/goods_storage_schema_test.gdc[39m[0m
[  86% ] [90m[1msavepack[22m | 淇濆瓨鏂囦欢锛歳es://tests/headless_ns_climate_probe.gdc[39m[0m
[  86% ] [90m[1msavepack[22m | 淇濆瓨鏂囦欢锛歳es://tests/headless_perf_record.gdc[39m[0m
[  86% ] [90m[1msavepack[22m | 淇濆瓨鏂囦欢锛歳es://tests/icon_catalog_audit_test.gdc[39m[0m
[  86% ] [90m[1msavepack[22m | 淇濆瓨鏂囦欢锛歳es://tests/info_panel_resource_lines_test.gdc[39m[0m
[  86% ] [90m[1msavepack[22m | 淇濆瓨鏂囦欢锛歳es://tests/inspector_geography_semantics_test.gdc[39m[0m
[  86% ] [90m[1msavepack[22m | 淇濆瓨鏂囦欢锛歳es://tests/inspector_live_patch_test.gdc[39m[0m
[  87% ] [90m[1msavepack[22m | 淇濆瓨鏂囦欢锛歳es://tests/main_menu_capture_test.gdc[39m[0m
[  87% ] [90m[1msavepack[22m | 淇濆瓨鏂囦欢锛歳es://tests/main_menu_foreign_count_test.gdc[39m[0m
[  87% ] [90m[1msavepack[22m | 淇濆瓨鏂囦欢锛歳es://tests/map_overlay_cell_lut_test.gdc[39m[0m
[  87% ] [90m[1msavepack[22m | 淇濆瓨鏂囦欢锛歳es://tests/marine_fish_habitat_test.gdc[39m[0m
[  87% ] [90m[1msavepack[22m | 淇濆瓨鏂囦欢锛歳es://tests/market_list_diff_test.gdc[39m[0m
[  87% ] [90m[1msavepack[22m | 淇濆瓨鏂囦欢锛歳es://tests/modern_economy_catalog_test.gdc[39m[0m
[  87% ] [90m[1msavepack[22m | 淇濆瓨鏂囦欢锛歳es://tests/modern_economy_runtime_test.gdc[39m[0m
[  87% ] [90m[1msavepack[22m | 淇濆瓨鏂囦欢锛歳es://tests/modifier_runtime_test.gdc[39m[0m
[  87% ] [90m[1msavepack[22m | 淇濆瓨鏂囦欢锛歳es://tests/native_daily_active_bootstrap_test.gdc[39m[0m
[  87% ] [90m[1msavepack[22m | 淇濆瓨鏂囦欢锛歳es://tests/native_daily_graph_order_test.gdc[39m[0m
[  87% ] [90m[1msavepack[22m | 淇濆瓨鏂囦欢锛歳es://tests/native_daily_hydrology_graph_test.gdc[39m[0m
[  87% ] [90m[1msavepack[22m | 淇濆瓨鏂囦欢锛歳es://tests/native_daily_shadow_runtime_test.gdc[39m[0m
[  88% ] [90m[1msavepack[22m | 淇濆瓨鏂囦欢锛歳es://tests/native_daily_shadow_soak_test.gdc[39m[0m
[  88% ] [90m[1msavepack[22m | 淇濆瓨鏂囦欢锛歳es://tests/native_daily_shadow_test.gdc[39m[0m
[  88% ] [90m[1msavepack[22m | 淇濆瓨鏂囦欢锛歳es://tests/native_daily_weather_split_graph_test.gdc[39m[0m
[  88% ] [90m[1msavepack[22m | 淇濆瓨鏂囦欢锛歳es://tests/native_dt_compensation_probe_test.gdc[39m[0m
[  88% ] [90m[1msavepack[22m | 淇濆瓨鏂囦欢锛歳es://tests/native_generation_equivalence_test.gdc[39m[0m
[  88% ] [90m[1msavepack[22m | 淇濆瓨鏂囦欢锛歳es://tests/native_initial_vegetation_ecology_test.gdc[39m[0m
[  88% ] [90m[1msavepack[22m | 淇濆瓨鏂囦欢锛歳es://tests/native_ocean_water_sea_ice_suppression_test.gdc[39m[0m
[  88% ] [90m[1msavepack[22m | 淇濆瓨鏂囦欢锛歳es://tests/native_pass_a_legacy_season_offset_test.gdc[39m[0m
[  88% ] [90m[1msavepack[22m | 淇濆瓨鏂囦欢锛歳es://tests/native_sea_ice_state_machine_test.gdc[39m[0m
[  88% ] [90m[1msavepack[22m | 淇濆瓨鏂囦欢锛歳es://tests/native_weather_daily_readiness_test.gdc[39m[0m
[  88% ] [90m[1msavepack[22m | 淇濆瓨鏂囦欢锛歳es://tests/native_wind_surface_transport_budget_test.gdc[39m[0m
[  88% ] [90m[1msavepack[22m | 淇濆瓨鏂囦欢锛歳es://tests/native_wind_surface_zero_baseline_test.gdc[39m[0m
[  89% ] [90m[1msavepack[22m | 淇濆瓨鏂囦欢锛歳es://tests/native_wind_traj_momentum_test.gdc[39m[0m
[  89% ] [90m[1msavepack[22m | 淇濆瓨鏂囦欢锛歳es://tests/natural_resource_daily_schedule_test.gdc[39m[0m
[  89% ] [90m[1msavepack[22m | 淇濆瓨鏂囦欢锛歳es://tests/natural_resource_distribution_capacity_test.gdc[39m[0m
[  89% ] [90m[1msavepack[22m | 淇濆瓨鏂囦欢锛歳es://tests/natural_resource_init_deposit_test.gdc[39m[0m
[  89% ] [90m[1msavepack[22m | 淇濆瓨鏂囦欢锛歳es://tests/natural_resource_pass_bench.gdc[39m[0m
[  89% ] [90m[1msavepack[22m | 淇濆瓨鏂囦欢锛歳es://tests/natural_resource_pass_test.gdc[39m[0m
[  89% ] [90m[1msavepack[22m | 淇濆瓨鏂囦欢锛歳es://tests/new_game_config_test.gdc[39m[0m
[  89% ] [90m[1msavepack[22m | 淇濆瓨鏂囦欢锛歳es://tests/overlay_edge_transition_shader_test.gdc[39m[0m
[  89% ] [90m[1msavepack[22m | 淇濆瓨鏂囦欢锛歳es://tests/perf_recorder_test.gdc[39m[0m
[  89% ] [90m[1msavepack[22m | 淇濆瓨鏂囦欢锛歳es://tests/physical_synoptic_wrap_test.gdc[39m[0m
[  89% ] [90m[1msavepack[22m | 淇濆瓨鏂囦欢锛歳es://tests/player_country_ui_smoke_test.gdc[39m[0m
[  89% ] [90m[1msavepack[22m | 淇濆瓨鏂囦欢锛歳es://tests/player_map_overlay_smoke_test.gdc[39m[0m
[  90% ] [90m[1msavepack[22m | 淇濆瓨鏂囦欢锛歳es://tests/player_top_bar_day_night_test.gdc[39m[0m
[  90% ] [90m[1msavepack[22m | 淇濆瓨鏂囦欢锛歳es://tests/player_ui_view_model_test.gdc[39m[0m
[  90% ] [90m[1msavepack[22m | 淇濆瓨鏂囦欢锛歳es://tests/population_cell_summary_test.gdc[39m[0m
[  90% ] [90m[1msavepack[22m | 淇濆瓨鏂囦欢锛歳es://tests/production_climate_math_test.gdc[39m[0m
[  90% ] [90m[1msavepack[22m | 淇濆瓨鏂囦欢锛歳es://tests/production_climate_runtime_test.gdc[39m[0m
[  90% ] [90m[1msavepack[22m | 淇濆瓨鏂囦欢锛歳es://tests/rift_emergence_test.gdc[39m[0m
[  90% ] [90m[1msavepack[22m | 淇濆瓨鏂囦欢锛歳es://tests/satisfaction_runtime_test.gdc[39m[0m
[  90% ] [90m[1msavepack[22m | 淇濆瓨鏂囦欢锛歳es://tests/save_repository_test.gdc[39m[0m
[  90% ] [90m[1msavepack[22m | 淇濆瓨鏂囦欢锛歳es://tests/schema_migration_test.gdc[39m[0m
[  90% ] [90m[1msavepack[22m | 淇濆瓨鏂囦欢锛歳es://tests/sea_ice_atlas_unify_test.gdc[39m[0m
[  90% ] [90m[1msavepack[22m | 淇濆瓨鏂囦欢锛歳es://tests/sea_ice_solar_gate_formula_test.gdc[39m[0m
[  90% ] [90m[1msavepack[22m | 淇濆瓨鏂囦欢锛歳es://tests/settlement_label_layer_test.gdc[39m[0m
[  91% ] [90m[1msavepack[22m | 淇濆瓨鏂囦欢锛歳es://tests/settlement_runtime_test.gdc[39m[0m
[  91% ] [90m[1msavepack[22m | 淇濆瓨鏂囦欢锛歳es://tests/sim_2ms_ulp_tolerant_test.gdc[39m[0m
[  91% ] [90m[1msavepack[22m | 淇濆瓨鏂囦欢锛歳es://tests/starter_settlement_soak_test.gdc[39m[0m
[  91% ] [90m[1msavepack[22m | 淇濆瓨鏂囦欢锛歳es://tests/technology_catalog_test.gdc[39m[0m
[  91% ] [90m[1msavepack[22m | 淇濆瓨鏂囦欢锛歳es://tests/technology_modifier_activation_test.gdc[39m[0m
[  91% ] [90m[1msavepack[22m | 淇濆瓨鏂囦欢锛歳es://tests/technology_procurement_runtime_test.gdc[39m[0m
[  91% ] [90m[1msavepack[22m | 淇濆瓨鏂囦欢锛歳es://tests/technology_research_runtime_test.gdc[39m[0m
[  91% ] [90m[1msavepack[22m | 淇濆瓨鏂囦欢锛歳es://tests/technology_workspace_smoke_test.gdc[39m[0m
[  91% ] [90m[1msavepack[22m | 淇濆瓨鏂囦欢锛歳es://tests/temperature_band_ui_test.gdc[39m[0m
[  91% ] [90m[1msavepack[22m | 淇濆瓨鏂囦欢锛歳es://tests/terrain_detail_continuity_test.gdc[39m[0m
[  91% ] [90m[1msavepack[22m | 淇濆瓨鏂囦欢锛歳es://tests/terrain_gi_test.gdc[39m[0m
[  92% ] [90m[1msavepack[22m | 淇濆瓨鏂囦欢锛歳es://tests/terrain_index_edge_bake_test.gdc[39m[0m
[  92% ] [90m[1msavepack[22m | 淇濆瓨鏂囦欢锛歳es://tests/terrain_material_tile_test.gdc[39m[0m
[  92% ] [90m[1msavepack[22m | 淇濆瓨鏂囦欢锛歳es://tests/terrain_shader_variant_test.gdc[39m[0m
[  92% ] [90m[1msavepack[22m | 淇濆瓨鏂囦欢锛歳es://tests/tile_data_recorder_test.gdc[39m[0m
[  92% ] [90m[1msavepack[22m | 淇濆瓨鏂囦欢锛歳es://tests/tmp_biome_eval.gdc[39m[0m
[  92% ] [90m[1msavepack[22m | 淇濆瓨鏂囦欢锛歳es://tests/tmp_economy_two_year_50x_probe.gdc[39m[0m
[  92% ] [90m[1msavepack[22m | 淇濆瓨鏂囦欢锛歳es://tests/tmp_maritime_eval.gdc[39m[0m
[  92% ] [90m[1msavepack[22m | 淇濆瓨鏂囦欢锛歳es://tests/tmp_native_batch_bitequal_test.gdc[39m[0m
[  92% ] [90m[1msavepack[22m | 淇濆瓨鏂囦欢锛歳es://tests/tmp_native_perf_breakdown.gdc[39m[0m
[  92% ] [90m[1msavepack[22m | 淇濆瓨鏂囦欢锛歳es://tests/tmp_native_spread_validate.gdc[39m[0m
[  92% ] [90m[1msavepack[22m | 淇濆瓨鏂囦欢锛歳es://tests/tmp_seaice_visual_eval.gdc[39m[0m
[  92% ] [90m[1msavepack[22m | 淇濆瓨鏂囦欢锛歳es://tests/tmp_wx_eval.gdc[39m[0m
[  93% ] [90m[1msavepack[22m | 淇濆瓨鏂囦欢锛歳es://tests/trigger_aggregators_test.gdc[39m[0m
[  93% ] [90m[1msavepack[22m | 淇濆瓨鏂囦欢锛歳es://tests/trigger_conditions_test.gdc[39m[0m
[  93% ] [90m[1msavepack[22m | 淇濆瓨鏂囦欢锛歳es://tests/trigger_family_branch_test.gdc[39m[0m
[  93% ] [90m[1msavepack[22m | 淇濆瓨鏂囦欢锛歳es://tests/trigger_runtime_test.gdc[39m[0m
[  93% ] [90m[1msavepack[22m | 淇濆瓨鏂囦欢锛歳es://tests/ui_scene_structure_test.gdc[39m[0m
[  93% ] [90m[1msavepack[22m | 淇濆瓨鏂囦欢锛歳es://tests/vegetation_climate_loop_formula_test.gdc[39m[0m
[  93% ] [90m[1msavepack[22m | 淇濆瓨鏂囦欢锛歳es://tests/vegetation_family_layer_test.gdc[39m[0m
[  93% ] [90m[1msavepack[22m | 淇濆瓨鏂囦欢锛歳es://tests/vegetation_manifest_perf_test.gdc[39m[0m
[  93% ] [90m[1msavepack[22m | 淇濆瓨鏂囦欢锛歳es://tests/view_adapter_test.gdc[39m[0m
[  93% ] [90m[1msavepack[22m | 淇濆瓨鏂囦欢锛歳es://tests/vision_solver_test.gdc[39m[0m
[  93% ] [90m[1msavepack[22m | 淇濆瓨鏂囦欢锛歳es://tests/visual_tile_horizon_shader_test.gdc[39m[0m
[  93% ] [90m[1msavepack[22m | 淇濆瓨鏂囦欢锛歳es://tests/visual_tile_horizon_smoke_test.gdc[39m[0m
[  94% ] [90m[1msavepack[22m | 淇濆瓨鏂囦欢锛歳es://tests/visual_tile_layout_test.gdc[39m[0m
[  94% ] [90m[1msavepack[22m | 淇濆瓨鏂囦欢锛歳es://tests/visual_tile_native_bake_test.gdc[39m[0m
[  94% ] [90m[1msavepack[22m | 淇濆瓨鏂囦欢锛歳es://tests/visual_tile_renderer_variant_lifecycle_test.gdc[39m[0m
[  94% ] [90m[1msavepack[22m | 淇濆瓨鏂囦欢锛歳es://tests/weather_field_solver_test.gdc[39m[0m
[  94% ] [90m[1msavepack[22m | 淇濆瓨鏂囦欢锛歳es://tests/weather_front_shape_test.gdc[39m[0m
[  94% ] [90m[1msavepack[22m | 淇濆瓨鏂囦欢锛歳es://tests/weather_profile_regression_test.gdc[39m[0m
[  94% ] [90m[1msavepack[22m | 淇濆瓨鏂囦欢锛歳es://tests/world_serialize_test.gdc[39m[0m
[  94% ] [90m[1msavepack[22m | 淇濆瓨鏂囦欢锛歳es://tests/world_write_indexed_test.gdc[39m[0m
[  94% ] [90m[1msavepack[22m | 淇濆瓨鏂囦欢锛歳es://.godot/imported/main_menu_home_640x480.png-f51e5e83c33ad32950980211504768de.ctex[39m[0m
[  94% ] [90m[1msavepack[22m | 淇濆瓨鏂囦欢锛歳es://test_output/ui_refactor/main_menu_home_640x480.png.import[39m[0m
[  94% ] [90m[1msavepack[22m | 淇濆瓨鏂囦欢锛歳es://.godot/imported/main_menu_home_1280x720.png-f544c59659d02695fbe5eefe3860af36.ctex[39m[0m
[  94% ] [90m[1msavepack[22m | 淇濆瓨鏂囦欢锛歳es://test_output/ui_refactor/main_menu_home_1280x720.png.import[39m[0m
[  94% ] [90m[1msavepack[22m | 淇濆瓨鏂囦欢锛歳es://.godot/imported/main_menu_home_1600x960.png-0334f67633a0bb824d555f1cdae96392.ctex[39m[0m
[  94% ] [90m[1msavepack[22m | 淇濆瓨鏂囦欢锛歳es://test_output/ui_refactor/main_menu_home_1600x960.png.import[39m[0m
[  94% ] [90m[1msavepack[22m | 淇濆瓨鏂囦欢锛歳es://.godot/imported/main_menu_load_640x480.png-3f36ff4b0e984646b039bf84248ea366.ctex[39m[0m
[  94% ] [90m[1msavepack[22m | 淇濆瓨鏂囦欢锛歳es://test_output/ui_refactor/main_menu_load_640x480.png.import[39m[0m
[  95% ] [90m[1msavepack[22m | 淇濆瓨鏂囦欢锛歳es://.godot/imported/main_menu_load_1280x720.png-ed12a7bf9fd7749508924271fdb30296.ctex[39m[0m
[  95% ] [90m[1msavepack[22m | 淇濆瓨鏂囦欢锛歳es://test_output/ui_refactor/main_menu_load_1280x720.png.import[39m[0m
[  95% ] [90m[1msavepack[22m | 淇濆瓨鏂囦欢锛歳es://.godot/imported/main_menu_load_1600x960.png-4a5b5ddc085aa8ef4ad8598bc176d26f.ctex[39m[0m
[  95% ] [90m[1msavepack[22m | 淇濆瓨鏂囦欢锛歳es://test_output/ui_refactor/main_menu_load_1600x960.png.import[39m[0m
[  95% ] [90m[1msavepack[22m | 淇濆瓨鏂囦欢锛歳es://.godot/imported/main_menu_new_640x480.png-fd244597e91a93fa3609331dadb903b4.ctex[39m[0m
[  95% ] [90m[1msavepack[22m | 淇濆瓨鏂囦欢锛歳es://test_output/ui_refactor/main_menu_new_640x480.png.import[39m[0m
[  95% ] [90m[1msavepack[22m | 淇濆瓨鏂囦欢锛歳es://.godot/imported/main_menu_new_1280x720.png-1a0f9e96dda2dbfc97250baa9f566433.ctex[39m[0m
[  95% ] [90m[1msavepack[22m | 淇濆瓨鏂囦欢锛歳es://test_output/ui_refactor/main_menu_new_1280x720.png.import[39m[0m
[  95% ] [90m[1msavepack[22m | 淇濆瓨鏂囦欢锛歳es://.godot/imported/main_menu_new_1600x960.png-d058ca1c96433f758c4044e839e8b79e.ctex[39m[0m
[  95% ] [90m[1msavepack[22m | 淇濆瓨鏂囦欢锛歳es://test_output/ui_refactor/main_menu_new_1600x960.png.import[39m[0m
[  95% ] [90m[1msavepack[22m | 淇濆瓨鏂囦欢锛歳es://.godot/imported/main_menu_settings_640x480.png-1342614d7f4366da7caddcde90b14cab.ctex[39m[0m
[  95% ] [90m[1msavepack[22m | 淇濆瓨鏂囦欢锛歳es://test_output/ui_refactor/main_menu_settings_640x480.png.import[39m[0m
[  95% ] [90m[1msavepack[22m | 淇濆瓨鏂囦欢锛歳es://.godot/imported/main_menu_settings_1280x720.png-95afeac62f9fafde59ac30a46b81cd96.ctex[39m[0m
[  95% ] [90m[1msavepack[22m | 淇濆瓨鏂囦欢锛歳es://test_output/ui_refactor/main_menu_settings_1280x720.png.import[39m[0m
[  95% ] [90m[1msavepack[22m | 淇濆瓨鏂囦欢锛歳es://.godot/imported/main_menu_settings_1600x960.png-10cbb91a1584b626b27289143635db8b.ctex[39m[0m
[  95% ] [90m[1msavepack[22m | 淇濆瓨鏂囦欢锛歳es://test_output/ui_refactor/main_menu_settings_1600x960.png.import[39m[0m
[  95% ] [90m[1msavepack[22m | 淇濆瓨鏂囦欢锛歳es://.godot/imported/player_country_economy_1280x720.png-2b44ebc98053623279b9e7c1d3f0f5b3.ctex[39m[0m
[  95% ] [90m[1msavepack[22m | 淇濆瓨鏂囦欢锛歳es://test_output/ui_refactor/player_country_economy_1280x720.png.import[39m[0m
[  95% ] [90m[1msavepack[22m | 淇濆瓨鏂囦欢锛歳es://.godot/imported/world_setup_640x480.png-81ec530f7b88dcba17950e49dc257b90.ctex[39m[0m
[  95% ] [90m[1msavepack[22m | 淇濆瓨鏂囦欢锛歳es://test_output/ui_refactor/world_setup_640x480.png.import[39m[0m
[  95% ] [90m[1msavepack[22m | 淇濆瓨鏂囦欢锛歳es://.godot/imported/world_setup_1280x720.png-f449fcab5eec399f9f8e5b6da8765d2e.ctex[39m[0m
[  95% ] [90m[1msavepack[22m | 淇濆瓨鏂囦欢锛歳es://test_output/ui_refactor/world_setup_1280x720.png.import[39m[0m
[  95% ] [90m[1msavepack[22m | 淇濆瓨鏂囦欢锛歳es://.godot/imported/world_setup_1600x960.png-13b7238d01facd3b3d82b4cd10d6b43e.ctex[39m[0m
[  95% ] [90m[1msavepack[22m | 淇濆瓨鏂囦欢锛歳es://test_output/ui_refactor/world_setup_1600x960.png.import[39m[0m
[  96% ] [90m[1msavepack[22m | 淇濆瓨鏂囦欢锛歳es://.godot/imported/rain_drop.png-869106b2f54a3eaa718cc8245a919149.ctex[39m[0m
[  96% ] [90m[1msavepack[22m | 淇濆瓨鏂囦欢锛歳es://textures/weather/rain_drop.png.import[39m[0m
[  96% ] [90m[1msavepack[22m | 淇濆瓨鏂囦欢锛歳es://.godot/imported/snow_flake.png-59b7e11947beb415d7584cd0f913ec3a.ctex[39m[0m
[  96% ] [90m[1msavepack[22m | 淇濆瓨鏂囦欢锛歳es://textures/weather/snow_flake.png.import[39m[0m
[  96% ] [90m[1msavepack[22m | 淇濆瓨鏂囦欢锛歳es://tmp/bench_archetype_filter.gdc[39m[0m
[  96% ] [90m[1msavepack[22m | 淇濆瓨鏂囦欢锛歳es://tmp/bench_async_demo_complex.gdc[39m[0m
[  96% ] [90m[1msavepack[22m | 淇濆瓨鏂囦欢锛歳es://tmp/bench_demo_complex.gdc[39m[0m
[  96% ] [90m[1msavepack[22m | 淇濆瓨鏂囦欢锛歳es://tmp/bench_dots_vs_dict.gdc[39m[0m
[  96% ] [90m[1msavepack[22m | 淇濆瓨鏂囦欢锛歳es://tmp/bench_ecs_scheduler_realjobs.gdc[39m[0m
[  96% ] [90m[1msavepack[22m | 淇濆瓨鏂囦欢锛歳es://tmp/bench_ecs_scheduler_stress.gdc[39m[0m
[  96% ] [90m[1msavepack[22m | 淇濆瓨鏂囦欢锛歳es://tmp/bench_pass_a_methods.gdc[39m[0m
[  96% ] [90m[1msavepack[22m | 淇濆瓨鏂囦欢锛歳es://tmp/bench_soa_chunk_repack.gdc[39m[0m
[  96% ] [90m[1msavepack[22m | 淇濆瓨鏂囦欢锛歳es://tmp/bench_temp_drift.gdc[39m[0m
[  96% ] [90m[1msavepack[22m | 淇濆瓨鏂囦欢锛歳es://tmp/bench_thermal_gradient.gdc[39m[0m
[  97% ] [90m[1msavepack[22m | 淇濆瓨鏂囦欢锛歳es://tmp/bench_thermal_gradient_paths.gdc[39m[0m
[  97% ] [90m[1msavepack[22m | 淇濆瓨鏂囦欢锛歳es://tmp/demo_ecs_job.gdc[39m[0m
[  97% ] [90m[1msavepack[22m | 淇濆瓨鏂囦欢锛歳es://tmp/demo_ecs_run.gdc[39m[0m
[  97% ] [90m[1msavepack[22m | 淇濆瓨鏂囦欢锛歳es://tmp/demo_ecs_scheduler.gdc[39m[0m
[  97% ] [90m[1msavepack[22m | 淇濆瓨鏂囦欢锛歳es://tmp/perf_snapshot_20260629_102030.json[39m[0m
[  97% ] [90m[1msavepack[22m | 淇濆瓨鏂囦欢锛歳es://tmp/perf_snapshot_20260629_102033.json[39m[0m
[  97% ] [90m[1msavepack[22m | 淇濆瓨鏂囦欢锛歳es://tmp/perf_snapshot_20260629_102036.json[39m[0m
[  97% ] [90m[1msavepack[22m | 淇濆瓨鏂囦欢锛歳es://tmp/perf_snapshot_20260730_003314.json[39m[0m
[  97% ] [90m[1msavepack[22m | 淇濆瓨鏂囦欢锛歳es://tmp/perf_snapshot_20260730_003317.json[39m[0m
[  97% ] [90m[1msavepack[22m | 淇濆瓨鏂囦欢锛歳es://tmp/spike_alias.gdc[39m[0m
[  97% ] [90m[1msavepack[22m | 淇濆瓨鏂囦欢锛歳es://tmp/test_bind_alias.gdc[39m[0m
[  97% ] [90m[1msavepack[22m | 淇濆瓨鏂囦欢锛歳es://tmp/test_dots_ext.gdc[39m[0m
[  98% ] [90m[1msavepack[22m | 淇濆瓨鏂囦欢锛歳es://tmp/ui_layout_probe.gdc[39m[0m
[  98% ] [90m[1msavepack[22m | 淇濆瓨鏂囦欢锛歳es://.godot/exported/133200997/export-750c47b35db59543b7228b7bafcd981d-ui_layout_probe.scn[39m[0m
[  98% ] [90m[1msavepack[22m | 淇濆瓨鏂囦欢锛歳es://tools/migration_harness/template_bench.gdc[39m[0m
[  98% ] [90m[1msavepack[22m | 淇濆瓨鏂囦欢锛歳es://tools/migration_harness/template_module_test.gdc[39m[0m
[  98% ] [90m[1msavepack[22m | 淇濆瓨鏂囦欢锛歳es://tools/migration_harness/template_overlay.gdc[39m[0m
[  98% ] [90m[1msavepack[22m | 淇濆瓨鏂囦欢锛歳es://tools/migration_harness/template_soak_test.gdc[39m[0m
[  98% ] [90m[1msavepack[22m | 淇濆瓨鏂囦欢锛歳es://tools/schema_migrations/_migration_ops.gdc[39m[0m
[  98% ] [90m[1msavepack[22m | 淇濆瓨鏂囦欢锛歳es://tools/schema_migrations/_schema_migrations.gdc[39m[0m
[  98% ] [90m[1msavepack[22m | 淇濆瓨鏂囦欢锛歳es://tools/schema_migrations/_template_v_to_next.gdc[39m[0m
[  98% ] [90m[1msavepack[22m | 淇濆瓨鏂囦欢锛歳es://tools/generate_terrain_micro_texture.gdc[39m[0m
[  98% ] [90m[1msavepack[22m | 淇濆瓨鏂囦欢锛歳es://.godot/imported/icon.svg-218a8f2b3041327d8a5756f3a245f83b.ctex[39m[0m
[  98% ] [90m[1msavepack[22m | 淇濆瓨鏂囦欢锛歳es://icon.svg.import[39m[0m
[  98% ] [90m[1msavepack[22m | 淇濆瓨鏂囦欢锛歳es://addons/climate_profile_inspector/climate_profile_inspector_plugin.gd.remap[39m[0m
[  98% ] [90m[1msavepack[22m | 淇濆瓨鏂囦欢锛歳es://addons/climate_profile_inspector/climate_profile_property.gd.remap[39m[0m
[  98% ] [90m[1msavepack[22m | 淇濆瓨鏂囦欢锛歳es://addons/climate_profile_inspector/plugin.gd.remap[39m[0m
[  98% ] [90m[1msavepack[22m | 淇濆瓨鏂囦欢锛歳es://assets/themes/player_ui_theme.tres.remap[39m[0m
[  98% ] [90m[1msavepack[22m | 淇濆瓨鏂囦欢锛歳es://data/country/default_country.tres.remap[39m[0m
[  98% ] [90m[1msavepack[22m | 淇濆瓨鏂囦欢锛歳es://data/country/default_country_names.tres.remap[39m[0m
[  98% ] [90m[1msavepack[22m | 淇濆瓨鏂囦欢锛歳es://data/economy/buildings/advanced_chip_fab.tres.remap[39m[0m
[  98% ] [90m[1msavepack[22m | 淇濆瓨鏂囦欢锛歳es://data/economy/buildings/agricultural_machinery_plant.tres.remap[39m[0m
[  98% ] [90m[1msavepack[22m | 淇濆瓨鏂囦欢锛歳es://data/economy/buildings/aluminum_plant.tres.remap[39m[0m
[  98% ] [90m[1msavepack[22m | 淇濆瓨鏂囦欢锛歳es://data/economy/buildings/automobiles_plant.tres.remap[39m[0m
[  98% ] [90m[1msavepack[22m | 淇濆瓨鏂囦欢锛歳es://data/economy/buildings/autonomous_systems_plant.tres.remap[39m[0m
[  98% ] [90m[1msavepack[22m | 淇濆瓨鏂囦欢锛歳es://data/economy/buildings/bakery.tres.remap[39m[0m
[  98% ] [90m[1msavepack[22m | 淇濆瓨鏂囦欢锛歳es://data/economy/buildings/basic_electrical_equipment_works.tres.remap[39m[0m
[  98% ] [90m[1msavepack[22m | 淇濆瓨鏂囦欢锛歳es://data/economy/buildings/basic_semiconductor_fab.tres.remap[39m[0m
[  98% ] [90m[1msavepack[22m | 淇濆瓨鏂囦欢锛歳es://data/economy/buildings/batteries_plant.tres.remap[39m[0m
[  98% ] [90m[1msavepack[22m | 淇濆瓨鏂囦欢锛歳es://data/economy/buildings/bauxite_collector.tres.remap[39m[0m
[  98% ] [90m[1msavepack[22m | 淇濆瓨鏂囦欢锛歳es://data/economy/buildings/beverages_plant.tres.remap[39m[0m
[  98% ] [90m[1msavepack[22m | 淇濆瓨鏂囦欢锛歳es://data/economy/buildings/bread_plant.tres.remap[39m[0m
[  98% ] [90m[1msavepack[22m | 淇濆瓨鏂囦欢锛歳es://data/economy/buildings/brewery.tres.remap[39m[0m
[  98% ] [90m[1msavepack[22m | 淇濆瓨鏂囦欢锛歳es://data/economy/buildings/bricks_plant.tres.remap[39m[0m
[  98% ] [90m[1msavepack[22m | 淇濆瓨鏂囦欢锛歳es://data/economy/buildings/bronze_tool_workshop.tres.remap[39m[0m
[  98% ] [90m[1msavepack[22m | 淇濆瓨鏂囦欢锛歳es://data/economy/buildings/cabinetmaker_workshop.tres.remap[39m[0m
[  98% ] [90m[1msavepack[22m | 淇濆瓨鏂囦欢锛歳es://data/economy/buildings/canned_fish_plant.tres.remap[39m[0m
[  98% ] [90m[1msavepack[22m | 淇濆瓨鏂囦欢锛歳es://data/economy/buildings/canning_workshop.tres.remap[39m[0m
[  98% ] [90m[1msavepack[22m | 淇濆瓨鏂囦欢锛歳es://data/economy/buildings/cement_plant.tres.remap[39m[0m
[  98% ] [90m[1msavepack[22m | 淇濆瓨鏂囦欢锛歳es://data/economy/buildings/chartered_university.tres.remap[39m[0m
[  98% ] [90m[1msavepack[22m | 淇濆瓨鏂囦欢锛歳es://data/economy/buildings/classical_academy.tres.remap[39m[0m
[  98% ] [90m[1msavepack[22m | 淇濆瓨鏂囦欢锛歳es://data/economy/buildings/classical_glass_kiln.tres.remap[39m[0m
[  98% ] [90m[1msavepack[22m | 淇濆瓨鏂囦欢锛歳es://data/economy/buildings/classical_masonry_yard.tres.remap[39m[0m
[  98% ] [90m[1msavepack[22m | 淇濆瓨鏂囦欢锛歳es://data/economy/buildings/classical_public_works.tres.remap[39m[0m
[  98% ] [90m[1msavepack[22m | 淇濆瓨鏂囦欢锛歳es://data/economy/buildings/classical_scriptorium.tres.remap[39m[0m
[  98% ] [90m[1msavepack[22m | 淇濆瓨鏂囦欢锛歳es://data/economy/buildings/classical_silica_pit.tres.remap[39m[0m
[  98% ] [90m[1msavepack[22m | 淇濆瓨鏂囦欢锛歳es://data/economy/buildings/clay_collector.tres.remap[39m[0m
[  98% ] [90m[1msavepack[22m | 淇濆瓨鏂囦欢锛歳es://data/economy/buildings/clothing_plant.tres.remap[39m[0m
[  98% ] [90m[1msavepack[22m | 淇濆瓨鏂囦欢锛歳es://data/economy/buildings/cloth_plant.tres.remap[39m[0m
[  98% ] [90m[1msavepack[22m | 淇濆瓨鏂囦欢锛歳es://data/economy/buildings/coal_mine.tres.remap[39m[0m
[  98% ] [90m[1msavepack[22m | 淇濆瓨鏂囦欢锛歳es://data/economy/buildings/cobbler_shop.tres.remap[39m[0m
[  98% ] [90m[1msavepack[22m | 淇濆瓨鏂囦欢锛歳es://data/economy/buildings/coke_ovens.tres.remap[39m[0m
[  98% ] [90m[1msavepack[22m | 淇濆瓨鏂囦欢锛歳es://data/economy/buildings/communal_hearth.tres.remap[39m[0m
[  98% ] [90m[1msavepack[22m | 淇濆瓨鏂囦欢锛歳es://data/economy/buildings/composting_yard.tres.remap[39m[0m
[  98% ] [90m[1msavepack[22m | 淇濆瓨鏂囦欢锛歳es://data/economy/buildings/computers_plant.tres.remap[39m[0m
[  98% ] [90m[1msavepack[22m | 淇濆瓨鏂囦欢锛歳es://data/economy/buildings/computing_research_center.tres.remap[39m[0m
[  98% ] [90m[1msavepack[22m | 淇濆瓨鏂囦欢锛歳es://data/economy/buildings/concrete_plant.tres.remap[39m[0m
[  98% ] [90m[1msavepack[22m | 淇濆瓨鏂囦欢锛歳es://data/economy/buildings/construction_components_plant.tres.remap[39m[0m
[  98% ] [90m[1msavepack[22m | 淇濆瓨鏂囦欢锛歳es://data/economy/buildings/copper_ore_collector.tres.remap[39m[0m
[  98% ] [90m[1msavepack[22m | 淇濆瓨鏂囦欢锛歳es://data/economy/buildings/copper_plant.tres.remap[39m[0m
[  98% ] [90m[1msavepack[22m | 淇濆瓨鏂囦欢锛歳es://data/economy/buildings/cottage_weaving.tres.remap[39m[0m
[  98% ] [90m[1msavepack[22m | 淇濆瓨鏂囦欢锛歳es://data/economy/buildings/cotton_collector.tres.remap[39m[0m
[  98% ] [90m[1msavepack[22m | 淇濆瓨鏂囦欢锛歳es://data/economy/buildings/court_tailor.tres.remap[39m[0m
[  98% ] [90m[1msavepack[22m | 淇濆瓨鏂囦欢锛歳es://data/economy/buildings/creamery.tres.remap[39m[0m
[  98% ] [90m[1msavepack[22m | 淇濆瓨鏂囦欢锛歳es://data/economy/buildings/dairy_products_plant.tres.remap[39m[0m
[  98% ] [90m[1msavepack[22m | 淇濆瓨鏂囦欢锛歳es://data/economy/buildings/detergent_plant.tres.remap[39m[0m
[  98% ] [90m[1msavepack[22m | 淇濆瓨鏂囦欢锛歳es://data/economy/buildings/digital_computer_workshop.tres.remap[39m[0m
[  98% ] [90m[1msavepack[22m | 淇濆瓨鏂囦欢锛歳es://data/economy/buildings/distillery.tres.remap[39m[0m
[  98% ] [90m[1msavepack[22m | 淇濆瓨鏂囦欢锛歳es://data/economy/buildings/early_clay_pit.tres.remap[39m[0m
[  98% ] [90m[1msavepack[22m | 淇濆瓨鏂囦欢锛歳es://data/economy/buildings/early_copper_mine.tres.remap[39m[0m
[  98% ] [90m[1msavepack[22m | 淇濆瓨鏂囦欢锛歳es://data/economy/buildings/early_copper_smelter.tres.remap[39m[0m
[  98% ] [90m[1msavepack[22m | 淇濆瓨鏂囦欢锛歳es://data/economy/buildings/early_iron_mine.tres.remap[39m[0m
[  98% ] [90m[1msavepack[22m | 淇濆瓨鏂囦欢锛歳es://data/economy/buildings/early_oil_well.tres.remap[39m[0m
[  98% ] [90m[1msavepack[22m | 淇濆瓨鏂囦欢锛歳es://data/economy/buildings/early_tin_mine.tres.remap[39m[0m
[  98% ] [90m[1msavepack[22m | 淇濆瓨鏂囦欢锛歳es://data/economy/buildings/early_tin_smelter.tres.remap[39m[0m
[  98% ] [90m[1msavepack[22m | 淇濆瓨鏂囦欢锛歳es://data/economy/buildings/edible_oil_plant.tres.remap[39m[0m
[  98% ] [90m[1msavepack[22m | 淇濆瓨鏂囦欢锛歳es://data/economy/buildings/electrical_equipment_plant.tres.remap[39m[0m
[  98% ] [90m[1msavepack[22m | 淇濆瓨鏂囦欢锛歳es://data/economy/buildings/electricity_plant.tres.remap[39m[0m
[  98% ] [90m[1msavepack[22m | 淇濆瓨鏂囦欢锛歳es://data/economy/buildings/electric_motor_plant.tres.remap[39m[0m
[  98% ] [90m[1msavepack[22m | 淇濆瓨鏂囦欢锛歳es://data/economy/buildings/electrochemical_works.tres.remap[39m[0m
[  98% ] [90m[1msavepack[22m | 淇濆瓨鏂囦欢锛歳es://data/economy/buildings/electronic_components_plant.tres.remap[39m[0m
[  98% ] [90m[1msavepack[22m | 淇濆瓨鏂囦欢锛歳es://data/economy/buildings/engines_plant.tres.remap[39m[0m
[  98% ] [90m[1msavepack[22m | 淇濆瓨鏂囦欢锛歳es://data/economy/buildings/explosives_plant.tres.remap[39m[0m
[  98% ] [90m[1msavepack[22m | 淇濆瓨鏂囦欢锛歳es://data/economy/buildings/fertile_soil_collector.tres.remap[39m[0m
[  98% ] [90m[1msavepack[22m | 淇濆瓨鏂囦欢锛歳es://data/economy/buildings/fertilizer_plant.tres.remap[39m[0m
[  98% ] [90m[1msavepack[22m | 淇濆瓨鏂囦欢锛歳es://data/economy/buildings/fine_clothing_plant.tres.remap[39m[0m
[  98% ] [90m[1msavepack[22m | 淇濆瓨鏂囦欢锛歳es://data/economy/buildings/fine_furniture_plant.tres.remap[39m[0m
[  98% ] [90m[1msavepack[22m | 淇濆瓨鏂囦欢锛歳es://data/economy/buildings/flax_collector.tres.remap[39m[0m
[  98% ] [90m[1msavepack[22m | 淇濆瓨鏂囦欢锛歳es://data/economy/buildings/flint_quarry.tres.remap[39m[0m
[  98% ] [90m[1msavepack[22m | 淇濆瓨鏂囦欢锛歳es://data/economy/buildings/footwear_plant.tres.remap[39m[0m
[  98% ] [90m[1msavepack[22m | 淇濆瓨鏂囦欢锛歳es://data/economy/buildings/freshwater_fishing_camp.tres.remap[39m[0m
[  98% ] [90m[1msavepack[22m | 淇濆瓨鏂囦欢锛歳es://data/economy/buildings/furniture_plant.tres.remap[39m[0m
[  98% ] [90m[1msavepack[22m | 淇濆瓨鏂囦欢锛歳es://data/economy/buildings/gas_power_plant.tres.remap[39m[0m
[  98% ] [90m[1msavepack[22m | 淇濆瓨鏂囦欢锛歳es://data/economy/buildings/gathering_ground.tres.remap[39m[0m
[  98% ] [90m[1msavepack[22m | 淇濆瓨鏂囦欢锛歳es://data/economy/buildings/glass_plant.tres.remap[39m[0m
[  98% ] [90m[1msavepack[22m | 淇濆瓨鏂囦欢锛歳es://data/economy/buildings/goldsmith_workshop.tres.remap[39m[0m
[  98% ] [90m[1msavepack[22m | 淇濆瓨鏂囦欢锛歳es://data/economy/buildings/gold_mine.tres.remap[39m[0m
[  98% ] [90m[1msavepack[22m | 淇濆瓨鏂囦欢锛歳es://data/economy/buildings/guild_hall.tres.remap[39m[0m
[  98% ] [90m[1msavepack[22m | 淇濆瓨鏂囦欢锛歳es://data/economy/buildings/guild_weaving_house.tres.remap[39m[0m
[  98% ] [90m[1msavepack[22m | 淇濆瓨鏂囦欢锛歳es://data/economy/buildings/horse_breeder.tres.remap[39m[0m
[  98% ] [90m[1msavepack[22m | 淇濆瓨鏂囦欢锛歳es://data/economy/buildings/horse_breeding_camp.tres.remap[39m[0m
[  98% ] [90m[1msavepack[22m | 淇濆瓨鏂囦欢锛歳es://data/economy/buildings/household_appliances_plant.tres.remap[39m[0m
[  98% ] [90m[1msavepack[22m | 淇濆瓨鏂囦欢锛歳es://data/economy/buildings/household_loom.tres.remap[39m[0m
[  98% ] [90m[1msavepack[22m | 淇濆瓨鏂囦欢锛歳es://data/economy/buildings/household_weaving_shelter.tres.remap[39m[0m
[  98% ] [90m[1msavepack[22m | 淇濆瓨鏂囦欢锛歳es://data/economy/buildings/improved_domestic_loom.tres.remap[39m[0m
[  98% ] [90m[1msavepack[22m | 淇濆瓨鏂囦欢锛歳es://data/economy/buildings/improved_smallholding.tres.remap[39m[0m
[  98% ] [90m[1msavepack[22m | 淇濆瓨鏂囦欢锛歳es://data/economy/buildings/industrial_chemicals_plant.tres.remap[39m[0m
[  98% ] [90m[1msavepack[22m | 淇濆瓨鏂囦欢锛歳es://data/economy/buildings/industrial_machinery_plant.tres.remap[39m[0m
[  98% ] [90m[1msavepack[22m | 淇濆瓨鏂囦欢锛歳es://data/economy/buildings/industrial_research_laboratory.tres.remap[39m[0m
[  98% ] [90m[1msavepack[22m | 淇濆瓨鏂囦欢锛歳es://data/economy/buildings/industrial_salt_mine.tres.remap[39m[0m
[  98% ] [90m[1msavepack[22m | 淇濆瓨鏂囦欢锛歳es://data/economy/buildings/insulated_cable_plant.tres.remap[39m[0m
[  98% ] [90m[1msavepack[22m | 淇濆瓨鏂囦欢锛歳es://data/economy/buildings/intensive_farm.tres.remap[39m[0m
[  98% ] [90m[1msavepack[22m | 淇濆瓨鏂囦欢锛歳es://data/economy/buildings/iron_ore_collector.tres.remap[39m[0m
[  98% ] [90m[1msavepack[22m | 淇濆瓨鏂囦欢锛歳es://data/economy/buildings/iron_tool_workshop.tres.remap[39m[0m
[  98% ] [90m[1msavepack[22m | 淇濆瓨鏂囦欢锛歳es://data/economy/buildings/jewelry_plant.tres.remap[39m[0m
[  98% ] [90m[1msavepack[22m | 淇濆瓨鏂囦欢锛歳es://data/economy/buildings/knapping_workshop.tres.remap[39m[0m
[  98% ] [90m[1msavepack[22m | 淇濆瓨鏂囦欢锛歳es://data/economy/buildings/landed_estate.tres.remap[39m[0m
[  98% ] [90m[1msavepack[22m | 淇濆瓨鏂囦欢锛歳es://data/economy/buildings/lead_ore_collector.tres.remap[39m[0m
[  98% ] [90m[1msavepack[22m | 淇濆瓨鏂囦欢锛歳es://data/economy/buildings/lead_plant.tres.remap[39m[0m
[  98% ] [90m[1msavepack[22m | 淇濆瓨鏂囦欢锛歳es://data/economy/buildings/learned_society.tres.remap[39m[0m
[  98% ] [90m[1msavepack[22m | 淇濆瓨鏂囦欢锛歳es://data/economy/buildings/leather_plant.tres.remap[39m[0m
[  98% ] [90m[1msavepack[22m | 淇濆瓨鏂囦欢锛歳es://data/economy/buildings/limestone_collector.tres.remap[39m[0m
[  98% ] [90m[1msavepack[22m | 淇濆瓨鏂囦欢锛歳es://data/economy/buildings/lime_plant.tres.remap[39m[0m
[  98% ] [90m[1msavepack[22m | 淇濆瓨鏂囦欢锛歳es://data/economy/buildings/lorekeeper_circle.tres.remap[39m[0m
[  98% ] [90m[1msavepack[22m | 淇濆瓨鏂囦欢锛歳es://data/economy/buildings/lubricants_plant.tres.remap[39m[0m
[  98% ] [90m[1msavepack[22m | 淇濆瓨鏂囦欢锛歳es://data/economy/buildings/lumber_plant.tres.remap[39m[0m
[  98% ] [90m[1msavepack[22m | 淇濆瓨鏂囦欢锛歳es://data/economy/buildings/machine_intelligence_institute.tres.remap[39m[0m
[  98% ] [90m[1msavepack[22m | 淇濆瓨鏂囦欢锛歳es://data/economy/buildings/machine_parts_plant.tres.remap[39m[0m
[  98% ] [90m[1msavepack[22m | 淇濆瓨鏂囦欢锛歳es://data/economy/buildings/manganese_ore_collector.tres.remap[39m[0m
[  98% ] [90m[1msavepack[22m | 淇濆瓨鏂囦欢锛歳es://data/economy/buildings/manorial_pasture.tres.remap[39m[0m
[  98% ] [90m[1msavepack[22m | 淇濆瓨鏂囦欢锛歳es://data/economy/buildings/marine_fish_collector.tres.remap[39m[0m
[  98% ] [90m[1msavepack[22m | 淇濆瓨鏂囦欢锛歳es://data/economy/buildings/mechanized_farm.tres.remap[39m[0m
[  98% ] [90m[1msavepack[22m | 淇濆瓨鏂囦欢锛歳es://data/economy/buildings/mechanized_slaughterhouse.tres.remap[39m[0m
[  98% ] [90m[1msavepack[22m | 淇濆瓨鏂囦欢锛歳es://data/economy/buildings/medicinal_herbs_collector.tres.remap[39m[0m
[  98% ] [90m[1msavepack[22m | 淇濆瓨鏂囦欢锛歳es://data/economy/buildings/merchant_post.tres.remap[39m[0m
[  98% ] [90m[1msavepack[22m | 淇濆瓨鏂囦欢锛歳es://data/economy/buildings/method_agricultural_machinery_plant_r9.tres.remap[39m[0m
[  98% ] [90m[1msavepack[22m | 淇濆瓨鏂囦欢锛歳es://data/economy/buildings/method_aluminum_plant_r10.tres.remap[39m[0m
[  98% ] [90m[1msavepack[22m | 淇濆瓨鏂囦欢锛歳es://data/economy/buildings/method_automobiles_plant_r10.tres.remap[39m[0m
[  98% ] [90m[1msavepack[22m | 淇濆瓨鏂囦欢锛歳es://data/economy/buildings/method_batteries_plant_r10.tres.remap[39m[0m
[  98% ] [90m[1msavepack[22m | 淇濆瓨鏂囦欢锛歳es://data/economy/buildings/method_bauxite_collector_r9.tres.remap[39m[0m
[  98% ] [90m[1msavepack[22m | 淇濆瓨鏂囦欢锛歳es://data/economy/buildings/method_bricks_plant_r6.tres.remap[39m[0m
[  98% ] [90m[1msavepack[22m | 淇濆瓨鏂囦欢锛歳es://data/economy/buildings/method_cement_plant_r9.tres.remap[39m[0m
[  98% ] [90m[1msavepack[22m | 淇濆瓨鏂囦欢锛歳es://data/economy/buildings/method_coke_ovens_r9.tres.remap[39m[0m
[  98% ] [90m[1msavepack[22m | 淇濆瓨鏂囦欢锛歳es://data/economy/buildings/method_concrete_plant_r9.tres.remap[39m[0m
[  98% ] [90m[1msavepack[22m | 淇濆瓨鏂囦欢锛歳es://data/economy/buildings/method_cotton_collector_r6.tres.remap[39m[0m
[  98% ] [90m[1msavepack[22m | 淇濆瓨鏂囦欢锛歳es://data/economy/buildings/method_detergent_plant_r10.tres.remap[39m[0m
[  98% ] [90m[1msavepack[22m | 淇濆瓨鏂囦欢锛歳es://data/economy/buildings/method_edible_oil_plant_r6.tres.remap[39m[0m
[  98% ] [90m[1msavepack[22m | 淇濆瓨鏂囦欢锛歳es://data/economy/buildings/method_electric_motor_plant_r10.tres.remap[39m[0m
[  98% ] [90m[1msavepack[22m | 淇濆瓨鏂囦欢锛歳es://data/economy/buildings/method_electronic_components_plant_r10.tres.remap[39m[0m
[  98% ] [90m[1msavepack[22m | 淇濆瓨鏂囦欢锛歳es://data/economy/buildings/method_engines_plant_r10.tres.remap[39m[0m
[  98% ] [90m[1msavepack[22m | 淇濆瓨鏂囦欢锛歳es://data/economy/buildings/method_explosives_plant_r8.tres.remap[39m[0m
[  98% ] [90m[1msavepack[22m | 淇濆瓨鏂囦欢锛歳es://data/economy/buildings/method_explosives_plant_r10.tres.remap[39m[0m
[  98% ] [90m[1msavepack[22m | 淇濆瓨鏂囦欢锛歳es://data/economy/buildings/method_flax_collector_r3.tres.remap[39m[0m
[  98% ] [90m[1msavepack[22m | 淇濆瓨鏂囦欢锛歳es://data/economy/buildings/method_flax_collector_r5.tres.remap[39m[0m
[  98% ] [90m[1msavepack[22m | 淇濆瓨鏂囦欢锛歳es://data/economy/buildings/method_flint_quarry_r1.tres.remap[39m[0m
[  98% ] [90m[1msavepack[22m | 淇濆瓨鏂囦欢锛歳es://data/economy/buildings/method_gathering_ground_r1.tres.remap[39m[0m
[  98% ] [90m[1msavepack[22m | 淇濆瓨鏂囦欢锛歳es://data/economy/buildings/method_household_appliances_plant_r10.tres.remap[39m[0m
[  98% ] [90m[1msavepack[22m | 淇濆瓨鏂囦欢锛歳es://data/economy/buildings/method_industrial_machinery_plant_r9.tres.remap[39m[0m
[  98% ] [90m[1msavepack[22m | 淇濆瓨鏂囦欢锛歳es://data/economy/buildings/method_insulated_cable_plant_r10.tres.remap[39m[0m
[  98% ] [90m[1msavepack[22m | 淇濆瓨鏂囦欢锛歳es://data/economy/buildings/method_landed_estate_r6.tres.remap[39m[0m
[  98% ] [90m[1msavepack[22m | 淇濆瓨鏂囦欢锛歳es://data/economy/buildings/method_lead_ore_collector_r9.tres.remap[39m[0m
[  98% ] [90m[1msavepack[22m | 淇濆瓨鏂囦欢锛歳es://data/economy/buildings/method_lead_plant_r9.tres.remap[39m[0m
[  98% ] [90m[1msavepack[22m | 淇濆瓨鏂囦欢锛歳es://data/economy/buildings/method_limestone_collector_r6.tres.remap[39m[0m
[  98% ] [90m[1msavepack[22m | 淇濆瓨鏂囦欢锛歳es://data/economy/buildings/method_lime_plant_r6.tres.remap[39m[0m
[  98% ] [90m[1msavepack[22m | 淇濆瓨鏂囦欢锛歳es://data/economy/buildings/method_lubricants_plant_r9.tres.remap[39m[0m
[  98% ] [90m[1msavepack[22m | 淇濆瓨鏂囦欢锛歳es://data/economy/buildings/method_lumber_plant_r2.tres.remap[39m[0m
[  98% ] [90m[1msavepack[22m | 淇濆瓨鏂囦欢锛歳es://data/economy/buildings/method_lumber_plant_r4.tres.remap[39m[0m
[  98% ] [90m[1msavepack[22m | 淇濆瓨鏂囦欢锛歳es://data/economy/buildings/method_machine_parts_plant_r9.tres.remap[39m[0m
[  98% ] [90m[1msavepack[22m | 淇濆瓨鏂囦欢锛歳es://data/economy/buildings/method_manganese_ore_collector_r10.tres.remap[39m[0m
[  98% ] [90m[1msavepack[22m | 淇濆瓨鏂囦欢锛歳es://data/economy/buildings/method_marine_fish_collector_r2.tres.remap[39m[0m
[  98% ] [90m[1msavepack[22m | 淇濆瓨鏂囦欢锛歳es://data/economy/buildings/method_marine_fish_collector_r4.tres.remap[39m[0m
[  98% ] [90m[1msavepack[22m | 淇濆瓨鏂囦欢锛歳es://data/economy/buildings/method_medicinal_herbs_collector_r7.tres.remap[39m[0m
[  98% ] [90m[1msavepack[22m | 淇濆瓨鏂囦欢锛歳es://data/economy/buildings/method_natural_gas_collector_r10.tres.remap[39m[0m
[  98% ] [90m[1msavepack[22m | 淇濆瓨鏂囦欢锛歳es://data/economy/buildings/method_nuclear_fuel_plant_r10.tres.remap[39m[0m
[  98% ] [90m[1msavepack[22m | 淇濆瓨鏂囦欢锛歳es://data/economy/buildings/method_oceanic_shipyard_r7.tres.remap[39m[0m
[  98% ] [90m[1msavepack[22m | 淇濆瓨鏂囦欢锛歳es://data/economy/buildings/method_packaging_plant_r7.tres.remap[39m[0m
[  98% ] [90m[1msavepack[22m | 淇濆瓨鏂囦欢锛歳es://data/economy/buildings/method_petrochemicals_plant_r10.tres.remap[39m[0m
[  98% ] [90m[1msavepack[22m | 淇濆瓨鏂囦欢锛歳es://data/economy/buildings/method_phosphate_rock_collector_r9.tres.remap[39m[0m
[  98% ] [90m[1msavepack[22m | 淇濆瓨鏂囦欢锛歳es://data/economy/buildings/method_plastics_plant_r10.tres.remap[39m[0m
[  98% ] [90m[1msavepack[22m | 淇濆瓨鏂囦欢锛歳es://data/economy/buildings/method_potato_collector_r6.tres.remap[39m[0m
[  98% ] [90m[1msavepack[22m | 淇濆瓨鏂囦欢锛歳es://data/economy/buildings/method_pottery_kiln_r3.tres.remap[39m[0m
[  98% ] [90m[1msavepack[22m | 淇濆瓨鏂囦欢锛歳es://data/economy/buildings/method_precision_tool_workshop_r8.tres.remap[39m[0m
[  98% ] [90m[1msavepack[22m | 淇濆瓨鏂囦欢锛歳es://data/economy/buildings/method_precision_tool_workshop_r10.tres.remap[39m[0m
[  98% ] [90m[1msavepack[22m | 淇濆瓨鏂囦欢锛歳es://data/economy/buildings/method_printed_materials_plant_r7.tres.remap[39m[0m
[  98% ] [90m[1msavepack[22m | 淇濆瓨鏂囦欢锛歳es://data/economy/buildings/method_radio_equipment_works_r10.tres.remap[39m[0m
[  98% ] [90m[1msavepack[22m | 淇濆瓨鏂囦欢锛歳es://data/economy/buildings/method_rare_earth_collector_r10.tres.remap[39m[0m
[  98% ] [90m[1msavepack[22m | 淇濆瓨鏂囦欢锛歳es://data/economy/buildings/method_rare_earth_metals_plant_r10.tres.remap[39m[0m
[  98% ] [90m[1msavepack[22m | 淇濆瓨鏂囦欢锛歳es://data/economy/buildings/method_reactor_component_works_r10.tres.remap[39m[0m
[  98% ] [90m[1msavepack[22m | 淇濆瓨鏂囦欢锛歳es://data/economy/buildings/method_refined_fuel_plant_r10.tres.remap[39m[0m
[  98% ] [90m[1msavepack[22m | 淇濆瓨鏂囦欢锛歳es://data/economy/buildings/method_rice_collector_r3.tres.remap[39m[0m
[  98% ] [90m[1msavepack[22m | 淇濆瓨鏂囦欢锛歳es://data/economy/buildings/method_rice_collector_r5.tres.remap[39m[0m
[  98% ] [90m[1msavepack[22m | 淇濆瓨鏂囦欢锛歳es://data/economy/buildings/method_rubber_tree_collector_r6.tres.remap[39m[0m
[  98% ] [90m[1msavepack[22m | 淇濆瓨鏂囦欢锛歳es://data/economy/buildings/method_saltpeter_collector_r8.tres.remap[39m[0m
[  98% ] [90m[1msavepack[22m | 淇濆瓨鏂囦欢锛歳es://data/economy/buildings/method_saltpeter_collector_r10.tres.remap[39m[0m
[  98% ] [90m[1msavepack[22m | 淇濆瓨鏂囦欢锛歳es://data/economy/buildings/method_scientific_instrument_works_r8.tres.remap[39m[0m
[  98% ] [90m[1msavepack[22m | 淇濆瓨鏂囦欢锛歳es://data/economy/buildings/method_scientific_instrument_works_r10.tres.remap[39m[0m
[  98% ] [90m[1msavepack[22m | 淇濆瓨鏂囦欢锛歳es://data/economy/buildings/method_soap_plant_r6.tres.remap[39m[0m
[  98% ] [90m[1msavepack[22m | 淇濆瓨鏂囦欢锛歳es://data/economy/buildings/method_spice_plants_collector_r6.tres.remap[39m[0m
[  98% ] [90m[1msavepack[22m | 淇濆瓨鏂囦欢锛歳es://data/economy/buildings/method_stainless_steel_plant_r10.tres.remap[39m[0m
[  98% ] [90m[1msavepack[22m | 淇濆瓨鏂囦欢锛歳es://data/economy/buildings/method_steam_engine_works_r9.tres.remap[39m[0m
[  98% ] [90m[1msavepack[22m | 淇濆瓨鏂囦欢锛歳es://data/economy/buildings/method_stone_age_hunting_camp_r4.tres.remap[39m[0m
[  98% ] [90m[1msavepack[22m | 淇濆瓨鏂囦欢锛歳es://data/economy/buildings/method_stone_collector_r2.tres.remap[39m[0m
[  98% ] [90m[1msavepack[22m | 淇濆瓨鏂囦欢锛歳es://data/economy/buildings/method_stone_collector_r4.tres.remap[39m[0m
[  98% ] [90m[1msavepack[22m | 淇濆瓨鏂囦欢锛歳es://data/economy/buildings/method_sulfur_collector_r8.tres.remap[39m[0m
[  98% ] [90m[1msavepack[22m | 淇濆瓨鏂囦欢锛歳es://data/economy/buildings/method_sulfur_collector_r10.tres.remap[39m[0m
[  98% ] [90m[1msavepack[22m | 淇濆瓨鏂囦欢锛歳es://data/economy/buildings/method_synthetic_fiber_plant_r10.tres.remap[39m[0m
[  98% ] [90m[1msavepack[22m | 淇濆瓨鏂囦欢锛歳es://data/economy/buildings/method_synthetic_rubber_plant_r10.tres.remap[39m[0m
[  98% ] [90m[1msavepack[22m | 淇濆瓨鏂囦欢锛歳es://data/economy/buildings/method_timber_collector_r2.tres.remap[39m[0m
[  98% ] [90m[1msavepack[22m | 淇濆瓨鏂囦欢锛歳es://data/economy/buildings/method_timber_collector_r4.tres.remap[39m[0m
[  98% ] [90m[1msavepack[22m | 淇濆瓨鏂囦欢锛歳es://data/economy/buildings/method_wheat_farm_r3.tres.remap[39m[0m
[  98% ] [90m[1msavepack[22m | 淇濆瓨鏂囦欢锛歳es://data/economy/buildings/method_wheat_farm_r5.tres.remap[39m[0m
[  98% ] [90m[1msavepack[22m | 淇濆瓨鏂囦欢锛歳es://data/economy/buildings/method_wire_plant_r10.tres.remap[39m[0m
[  98% ] [90m[1msavepack[22m | 淇濆瓨鏂囦欢锛歳es://data/economy/buildings/method_wool_shed_r3.tres.remap[39m[0m
[  98% ] [90m[1msavepack[22m | 淇濆瓨鏂囦欢锛歳es://data/economy/buildings/method_wool_shed_r5.tres.remap[39m[0m
[  98% ] [90m[1msavepack[22m | 淇濆瓨鏂囦欢锛歳es://data/economy/buildings/method_zinc_ore_collector_r9.tres.remap[39m[0m
[  98% ] [90m[1msavepack[22m | 淇濆瓨鏂囦欢锛歳es://data/economy/buildings/method_zinc_plant_r9.tres.remap[39m[0m
[  98% ] [90m[1msavepack[22m | 淇濆瓨鏂囦欢锛歳es://data/economy/buildings/monastic_scriptorium.tres.remap[39m[0m
[  98% ] [90m[1msavepack[22m | 淇濆瓨鏂囦欢锛歳es://data/economy/buildings/national_laboratory.tres.remap[39m[0m
[  98% ] [90m[1msavepack[22m | 淇濆瓨鏂囦欢锛歳es://data/economy/buildings/natural_gas_collector.tres.remap[39m[0m
[  98% ] [90m[1msavepack[22m | 淇濆瓨鏂囦欢锛歳es://data/economy/buildings/nuclear_fuel_plant.tres.remap[39m[0m
[  98% ] [90m[1msavepack[22m | 淇濆瓨鏂囦欢锛歳es://data/economy/buildings/nuclear_medicine_center.tres.remap[39m[0m
[  98% ] [90m[1msavepack[22m | 淇濆瓨鏂囦欢锛歳es://data/economy/buildings/nuclear_power_plant.tres.remap[39m[0m
[  98% ] [90m[1msavepack[22m | 淇濆瓨鏂囦欢锛歳es://data/economy/buildings/oceanic_shipyard.tres.remap[39m[0m
[  98% ] [90m[1msavepack[22m | 淇濆瓨鏂囦欢锛歳es://data/economy/buildings/oil_collector.tres.remap[39m[0m
[  98% ] [90m[1msavepack[22m | 淇濆瓨鏂囦欢锛歳es://data/economy/buildings/oil_power_plant.tres.remap[39m[0m
[  98% ] [90m[1msavepack[22m | 淇濆瓨鏂囦欢锛歳es://data/economy/buildings/ore_bronzesmith_camp.tres.remap[39m[0m
[  98% ] [90m[1msavepack[22m | 淇濆瓨鏂囦欢锛歳es://data/economy/buildings/packaging_plant.tres.remap[39m[0m
[  98% ] [90m[1msavepack[22m | 淇濆瓨鏂囦欢锛歳es://data/economy/buildings/paper_plant.tres.remap[39m[0m
[  98% ] [90m[1msavepack[22m | 淇濆瓨鏂囦欢锛歳es://data/economy/buildings/pastoral_camp.tres.remap[39m[0m
[  98% ] [90m[1msavepack[22m | 淇濆瓨鏂囦欢锛歳es://data/economy/buildings/petrochemicals_plant.tres.remap[39m[0m
[  98% ] [90m[1msavepack[22m | 淇濆瓨鏂囦欢锛歳es://data/economy/buildings/pharmaceuticals_plant.tres.remap[39m[0m
[  98% ] [90m[1msavepack[22m | 淇濆瓨鏂囦欢锛歳es://data/economy/buildings/phosphate_rock_collector.tres.remap[39m[0m
[  98% ] [90m[1msavepack[22m | 淇濆瓨鏂囦欢锛歳es://data/economy/buildings/placer_gold_working.tres.remap[39m[0m
[  98% ] [90m[1msavepack[22m | 淇濆瓨鏂囦欢锛歳es://data/economy/buildings/plastics_plant.tres.remap[39m[0m
[  98% ] [90m[1msavepack[22m | 淇濆瓨鏂囦欢锛歳es://data/economy/buildings/polytechnic_institute.tres.remap[39m[0m
[  98% ] [90m[1msavepack[22m | 淇濆瓨鏂囦欢锛歳es://data/economy/buildings/potato_collector.tres.remap[39m[0m
[  98% ] [90m[1msavepack[22m | 淇濆瓨鏂囦欢锛歳es://data/economy/buildings/pottery_kiln.tres.remap[39m[0m
[  98% ] [90m[1msavepack[22m | 淇濆瓨鏂囦欢锛歳es://data/economy/buildings/precision_tool_workshop.tres.remap[39m[0m
[  98% ] [90m[1msavepack[22m | 淇濆瓨鏂囦欢锛歳es://data/economy/buildings/printed_materials_plant.tres.remap[39m[0m
[  98% ] [90m[1msavepack[22m | 淇濆瓨鏂囦欢锛歳es://data/economy/buildings/printing_academy.tres.remap[39m[0m
[  98% ] [90m[1msavepack[22m | 淇濆瓨鏂囦欢锛歳es://data/economy/buildings/processed_food_plant.tres.remap[39m[0m
[  98% ] [90m[1msavepack[22m | 淇濆瓨鏂囦欢锛歳es://data/economy/buildings/radio_equipment_works.tres.remap[39m[0m
[  98% ] [90m[1msavepack[22m | 淇濆瓨鏂囦欢锛歳es://data/economy/buildings/rag_paper_workshop.tres.remap[39m[0m
[  98% ] [90m[1msavepack[22m | 淇濆瓨鏂囦欢锛歳es://data/economy/buildings/railway_equipment_plant.tres.remap[39m[0m
[  98% ] [90m[1msavepack[22m | 淇濆瓨鏂囦欢锛歳es://data/economy/buildings/ranching_station.tres.remap[39m[0m
[  98% ] [90m[1msavepack[22m | 淇濆瓨鏂囦欢锛歳es://data/economy/buildings/rare_earth_collector.tres.remap[39m[0m
[  98% ] [90m[1msavepack[22m | 淇濆瓨鏂囦欢锛歳es://data/economy/buildings/rare_earth_metals_plant.tres.remap[39m[0m
[  98% ] [90m[1msavepack[22m | 淇濆瓨鏂囦欢锛歳es://data/economy/buildings/reactor_component_works.tres.remap[39m[0m
[  98% ] [90m[1msavepack[22m | 淇濆瓨鏂囦欢锛歳es://data/economy/buildings/refined_fuel_plant.tres.remap[39m[0m
[  98% ] [90m[1msavepack[22m | 淇濆瓨鏂囦欢锛歳es://data/economy/buildings/rice_collector.tres.remap[39m[0m
[  98% ] [90m[1msavepack[22m | 淇濆瓨鏂囦欢锛歳es://data/economy/buildings/rubber_tree_collector.tres.remap[39m[0m
[  98% ] [90m[1msavepack[22m | 淇濆瓨鏂囦欢锛歳es://data/economy/buildings/saltpeter_collector.tres.remap[39m[0m
[  98% ] [90m[1msavepack[22m | 淇濆瓨鏂囦欢锛歳es://data/economy/buildings/salt_collector.tres.remap[39m[0m
[  98% ] [90m[1msavepack[22m | 淇濆瓨鏂囦欢锛歳es://data/economy/buildings/scientific_instrument_works.tres.remap[39m[0m
[  98% ] [90m[1msavepack[22m | 淇濆瓨鏂囦欢锛歳es://data/economy/buildings/scribal_school.tres.remap[39m[0m
[  98% ] [90m[1msavepack[22m | 淇濆瓨鏂囦欢锛歳es://data/economy/buildings/semiconductors_plant.tres.remap[39m[0m
[  98% ] [90m[1msavepack[22m | 淇濆瓨鏂囦欢锛歳es://data/economy/buildings/silica_sand_collector.tres.remap[39m[0m
[  98% ] [90m[1msavepack[22m | 淇濆瓨鏂囦欢锛歳es://data/economy/buildings/silver_mine.tres.remap[39m[0m
[  98% ] [90m[1msavepack[22m | 淇濆瓨鏂囦欢锛歳es://data/economy/buildings/slaughterhouse.tres.remap[39m[0m
[  98% ] [90m[1msavepack[22m | 淇濆瓨鏂囦欢锛歳es://data/economy/buildings/soap_plant.tres.remap[39m[0m
[  98% ] [90m[1msavepack[22m | 淇濆瓨鏂囦欢锛歳es://data/economy/buildings/spice_plants_collector.tres.remap[39m[0m
[  98% ] [90m[1msavepack[22m | 淇濆瓨鏂囦欢锛歳es://data/economy/buildings/stainless_steel_plant.tres.remap[39m[0m
[  98% ] [90m[1msavepack[22m | 淇濆瓨鏂囦欢锛歳es://data/economy/buildings/staple_food_plant.tres.remap[39m[0m
[  98% ] [90m[1msavepack[22m | 淇濆瓨鏂囦欢锛歳es://data/economy/buildings/staple_kitchen.tres.remap[39m[0m
[  98% ] [90m[1msavepack[22m | 淇濆瓨鏂囦欢锛歳es://data/economy/buildings/steam_coal_mine.tres.remap[39m[0m
[  98% ] [90m[1msavepack[22m | 淇濆瓨鏂囦欢锛歳es://data/economy/buildings/steam_engine_works.tres.remap[39m[0m
[  98% ] [90m[1msavepack[22m | 淇濆瓨鏂囦欢锛歳es://data/economy/buildings/steam_iron_mine.tres.remap[39m[0m
[  98% ] [90m[1msavepack[22m | 淇濆瓨鏂囦欢锛歳es://data/economy/buildings/steam_rail_works.tres.remap[39m[0m
[  98% ] [90m[1msavepack[22m | 淇濆瓨鏂囦欢锛歳es://data/economy/buildings/steam_steel_works.tres.remap[39m[0m
[  98% ] [90m[1msavepack[22m | 淇濆瓨鏂囦欢锛歳es://data/economy/buildings/steel_plant.tres.remap[39m[0m
[  98% ] [90m[1msavepack[22m | 淇濆瓨鏂囦欢锛歳es://data/economy/buildings/stone_age_hunting_camp.tres.remap[39m[0m
[  98% ] [90m[1msavepack[22m | 淇濆瓨鏂囦欢锛歳es://data/economy/buildings/stone_collector.tres.remap[39m[0m
[  98% ] [90m[1msavepack[22m | 淇濆瓨鏂囦欢锛歳es://data/economy/buildings/subsistence_farm.tres.remap[39m[0m
[  98% ] [90m[1msavepack[22m | 淇濆瓨鏂囦欢锛歳es://data/economy/buildings/sulfur_collector.tres.remap[39m[0m
[  98% ] [90m[1msavepack[22m | 淇濆瓨鏂囦欢锛歳es://data/economy/buildings/surface_silver_working.tres.remap[39m[0m
[  98% ] [90m[1msavepack[22m | 淇濆瓨鏂囦欢锛歳es://data/economy/buildings/synthetic_fiber_plant.tres.remap[39m[0m
[  98% ] [90m[1msavepack[22m | 淇濆瓨鏂囦欢锛歳es://data/economy/buildings/synthetic_rubber_plant.tres.remap[39m[0m
[  98% ] [90m[1msavepack[22m | 淇濆瓨鏂囦欢锛歳es://data/economy/buildings/synthetic_textile_mill.tres.remap[39m[0m
[  98% ] [90m[1msavepack[22m | 淇濆瓨鏂囦欢锛歳es://data/economy/buildings/tailor_shop.tres.remap[39m[0m
[  98% ] [90m[1msavepack[22m | 淇濆瓨鏂囦欢锛歳es://data/economy/buildings/tannery.tres.remap[39m[0m
[  98% ] [90m[1msavepack[22m | 淇濆瓨鏂囦欢锛歳es://data/economy/buildings/telecom_equipment_plant.tres.remap[39m[0m
[  98% ] [90m[1msavepack[22m | 淇濆瓨鏂囦欢锛歳es://data/economy/buildings/textile_mill.tres.remap[39m[0m
[  98% ] [90m[1msavepack[22m | 淇濆瓨鏂囦欢锛歳es://data/economy/buildings/three_field_smallholding.tres.remap[39m[0m
[  98% ] [90m[1msavepack[22m | 淇濆瓨鏂囦欢锛歳es://data/economy/buildings/timber_collector.tres.remap[39m[0m
[  98% ] [90m[1msavepack[22m | 淇濆瓨鏂囦欢锛歳es://data/economy/buildings/tin_ore_collector.tres.remap[39m[0m
[  98% ] [90m[1msavepack[22m | 淇濆瓨鏂囦欢锛歳es://data/economy/buildings/tin_plant.tres.remap[39m[0m
[  98% ] [90m[1msavepack[22m | 淇濆瓨鏂囦欢锛歳es://data/economy/buildings/tools_plant.tres.remap[39m[0m
[  98% ] [90m[1msavepack[22m | 淇濆瓨鏂囦欢锛歳es://data/economy/buildings/wheat_farm.tres.remap[39m[0m
[  98% ] [90m[1msavepack[22m | 淇濆瓨鏂囦欢锛歳es://data/economy/buildings/wire_plant.tres.remap[39m[0m
[  98% ] [90m[1msavepack[22m | 淇濆瓨鏂囦欢锛歳es://data/economy/buildings/wool_shed.tres.remap[39m[0m
[  98% ] [90m[1msavepack[22m | 淇濆瓨鏂囦欢锛歳es://data/economy/buildings/zinc_ore_collector.tres.remap[39m[0m
[  98% ] [90m[1msavepack[22m | 淇濆瓨鏂囦欢锛歳es://data/economy/buildings/zinc_plant.tres.remap[39m[0m
[  98% ] [90m[1msavepack[22m | 淇濆瓨鏂囦欢锛歳es://data/economy/consumption_plans/agrarian_household.tres.remap[39m[0m
[  98% ] [90m[1msavepack[22m | 淇濆瓨鏂囦欢锛歳es://data/economy/consumption_plans/artisan_household.tres.remap[39m[0m
[  98% ] [90m[1msavepack[22m | 淇濆瓨鏂囦欢锛歳es://data/economy/consumption_plans/extractive_household.tres.remap[39m[0m
[  98% ] [90m[1msavepack[22m | 淇濆瓨鏂囦欢锛歳es://data/economy/consumption_plans/hunter_household.tres.remap[39m[0m
[  98% ] [90m[1msavepack[22m | 淇濆瓨鏂囦欢锛歳es://data/economy/consumption_plans/industrial_worker_household.tres.remap[39m[0m
[  98% ] [90m[1msavepack[22m | 淇濆瓨鏂囦欢锛歳es://data/economy/consumption_plans/merchant_household.tres.remap[39m[0m
[  98% ] [90m[1msavepack[22m | 淇濆瓨鏂囦欢锛歳es://data/economy/consumption_plans/owner_household.tres.remap[39m[0m
[  98% ] [90m[1msavepack[22m | 淇濆瓨鏂囦欢锛歳es://data/economy/consumption_plans/plan_unemployed.tres.remap[39m[0m
[  98% ] [90m[1msavepack[22m | 淇濆瓨鏂囦欢锛歳es://data/economy/consumption_plans/scholarly_household.tres.remap[39m[0m
[  98% ] [90m[1msavepack[22m | 淇濆瓨鏂囦欢锛歳es://data/economy/consumption_plans/survival_household.tres.remap[39m[0m
[  98% ] [90m[1msavepack[22m | 淇濆瓨鏂囦欢锛歳es://data/economy/consumption_plans/technical_household.tres.remap[39m[0m
[  98% ] [90m[1msavepack[22m | 淇濆瓨鏂囦欢锛歳es://data/economy/environment_curves/cold_clothing_quantity.tres.remap[39m[0m
[  98% ] [90m[1msavepack[22m | 淇濆瓨鏂囦欢锛歳es://data/economy/environment_curves/cold_fur_preference.tres.remap[39m[0m
[  98% ] [90m[1msavepack[22m | 淇濆瓨鏂囦欢锛歳es://data/economy/environment_curves/warm_cloth_preference.tres.remap[39m[0m
[  98% ] [90m[1msavepack[22m | 淇濆瓨鏂囦欢锛歳es://data/economy/ethnicities/default.tres.remap[39m[0m
[  98% ] [90m[1msavepack[22m | 淇濆瓨鏂囦欢锛歳es://data/economy/needs/clothing.tres.remap[39m[0m
[  98% ] [90m[1msavepack[22m | 淇濆瓨鏂囦欢锛歳es://data/economy/needs/communication.tres.remap[39m[0m
[  98% ] [90m[1msavepack[22m | 淇濆瓨鏂囦欢锛歳es://data/economy/needs/durable_goods.tres.remap[39m[0m
[  98% ] [90m[1msavepack[22m | 淇濆瓨鏂囦欢锛歳es://data/economy/needs/education_culture.tres.remap[39m[0m
[  98% ] [90m[1msavepack[22m | 淇濆瓨鏂囦欢锛歳es://data/economy/needs/healthcare.tres.remap[39m[0m
[  98% ] [90m[1msavepack[22m | 淇濆瓨鏂囦欢锛歳es://data/economy/needs/home_energy.tres.remap[39m[0m
[  98% ] [90m[1msavepack[22m | 淇濆瓨鏂囦欢锛歳es://data/economy/needs/household_goods.tres.remap[39m[0m
[  98% ] [90m[1msavepack[22m | 淇濆瓨鏂囦欢锛歳es://data/economy/needs/housing.tres.remap[39m[0m
[  98% ] [90m[1msavepack[22m | 淇濆瓨鏂囦欢锛歳es://data/economy/needs/hygiene.tres.remap[39m[0m
[  98% ] [90m[1msavepack[22m | 淇濆瓨鏂囦欢锛歳es://data/economy/needs/luxury.tres.remap[39m[0m
[  98% ] [90m[1msavepack[22m | 淇濆瓨鏂囦欢锛歳es://data/economy/needs/produce.tres.remap[39m[0m
[  98% ] [90m[1msavepack[22m | 淇濆瓨鏂囦欢锛歳es://data/economy/needs/protein.tres.remap[39m[0m
[  98% ] [90m[1msavepack[22m | 淇濆瓨鏂囦欢锛歳es://data/economy/needs/recreation.tres.remap[39m[0m
[  98% ] [90m[1msavepack[22m | 淇濆瓨鏂囦欢锛歳es://data/economy/needs/staple_food.tres.remap[39m[0m
[  98% ] [90m[1msavepack[22m | 淇濆瓨鏂囦欢锛歳es://data/economy/needs/status_goods.tres.remap[39m[0m
[  98% ] [90m[1msavepack[22m | 淇濆瓨鏂囦欢锛歳es://data/economy/needs/transport.tres.remap[39m[0m
[  98% ] [90m[1msavepack[22m | 淇濆瓨鏂囦欢锛歳es://data/economy/needs/work_equipment.tres.remap[39m[0m
[  98% ] [90m[1msavepack[22m | 淇濆瓨鏂囦欢锛歳es://data/economy/production_climates/dryland_crop.tres.remap[39m[0m
[  98% ] [90m[1msavepack[22m | 淇濆瓨鏂囦欢锛歳es://data/economy/production_climates/foraging_plants.tres.remap[39m[0m
[  98% ] [90m[1msavepack[22m | 淇濆瓨鏂囦欢锛歳es://data/economy/production_climates/paddy_crop.tres.remap[39m[0m
[  98% ] [90m[1msavepack[22m | 淇濆瓨鏂囦欢锛歳es://data/economy/production_climates/pasture_livestock.tres.remap[39m[0m
[  98% ] [90m[1msavepack[22m | 淇濆瓨鏂囦欢锛歳es://data/economy/production_climates/plantation_crop.tres.remap[39m[0m
[  98% ] [90m[1msavepack[22m | 淇濆瓨鏂囦欢锛歳es://data/economy/professions/agricultural_worker.tres.remap[39m[0m
[  98% ] [90m[1msavepack[22m | 淇濆瓨鏂囦欢锛歳es://data/economy/professions/ai_researcher.tres.remap[39m[0m
[  98% ] [90m[1msavepack[22m | 淇濆瓨鏂囦欢锛歳es://data/economy/professions/apprentice.tres.remap[39m[0m
[  98% ] [90m[1msavepack[22m | 淇濆瓨鏂囦欢锛歳es://data/economy/professions/artisan.tres.remap[39m[0m
[  98% ] [90m[1msavepack[22m | 淇濆瓨鏂囦欢锛歳es://data/economy/professions/chemist.tres.remap[39m[0m
[  98% ] [90m[1msavepack[22m | 淇濆瓨鏂囦欢锛歳es://data/economy/professions/construction_worker.tres.remap[39m[0m
[  98% ] [90m[1msavepack[22m | 淇濆瓨鏂囦欢锛歳es://data/economy/professions/data_scientist.tres.remap[39m[0m
[  98% ] [90m[1msavepack[22m | 淇濆瓨鏂囦欢锛歳es://data/economy/professions/electrician.tres.remap[39m[0m
[  98% ] [90m[1msavepack[22m | 淇濆瓨鏂囦欢锛歳es://data/economy/professions/engineer.tres.remap[39m[0m
[  98% ] [90m[1msavepack[22m | 淇濆瓨鏂囦欢锛歳es://data/economy/professions/enslaved_laborer.tres.remap[39m[0m
[  98% ] [90m[1msavepack[22m | 淇濆瓨鏂囦欢锛歳es://data/economy/professions/fisher.tres.remap[39m[0m
[  98% ] [90m[1msavepack[22m | 淇濆瓨鏂囦欢锛歳es://data/economy/professions/forager.tres.remap[39m[0m
[  98% ] [90m[1msavepack[22m | 淇濆瓨鏂囦欢锛歳es://data/economy/professions/forestry_worker.tres.remap[39m[0m
[  98% ] [90m[1msavepack[22m | 淇濆瓨鏂囦欢锛歳es://data/economy/professions/guild_master.tres.remap[39m[0m
[  98% ] [90m[1msavepack[22m | 淇濆瓨鏂囦欢锛歳es://data/economy/professions/hunter.tres.remap[39m[0m
[  98% ] [90m[1msavepack[22m | 淇濆瓨鏂囦欢锛歳es://data/economy/professions/indentured_laborer.tres.remap[39m[0m
[  98% ] [90m[1msavepack[22m | 淇濆瓨鏂囦欢锛歳es://data/economy/professions/industrialist.tres.remap[39m[0m
[  98% ] [90m[1msavepack[22m | 淇濆瓨鏂囦欢锛歳es://data/economy/professions/industrial_worker.tres.remap[39m[0m
[  98% ] [90m[1msavepack[22m | 淇濆瓨鏂囦欢锛歳es://data/economy/professions/journeyman.tres.remap[39m[0m
[  98% ] [90m[1msavepack[22m | 淇濆瓨鏂囦欢锛歳es://data/economy/professions/landlord.tres.remap[39m[0m
[  98% ] [90m[1msavepack[22m | 淇濆瓨鏂囦欢锛歳es://data/economy/professions/lorekeeper.tres.remap[39m[0m
[  98% ] [90m[1msavepack[22m | 淇濆瓨鏂囦欢锛歳es://data/economy/professions/machinist.tres.remap[39m[0m
[  98% ] [90m[1msavepack[22m | 淇濆瓨鏂囦欢锛歳es://data/economy/professions/manager.tres.remap[39m[0m
[  98% ] [90m[1msavepack[22m | 淇濆瓨鏂囦欢锛歳es://data/economy/professions/merchant.tres.remap[39m[0m
[  98% ] [90m[1msavepack[22m | 淇濆瓨鏂囦欢锛歳es://data/economy/professions/metallurgist.tres.remap[39m[0m
[  98% ] [90m[1msavepack[22m | 淇濆瓨鏂囦欢锛歳es://data/economy/professions/miner.tres.remap[39m[0m
[  98% ] [90m[1msavepack[22m | 淇濆瓨鏂囦欢锛歳es://data/economy/professions/natural_philosopher.tres.remap[39m[0m
[  98% ] [90m[1msavepack[22m | 淇濆瓨鏂囦欢锛歳es://data/economy/professions/pastoralist.tres.remap[39m[0m
[  98% ] [90m[1msavepack[22m | 淇濆瓨鏂囦欢锛歳es://data/economy/professions/petroleum_worker.tres.remap[39m[0m
[  98% ] [90m[1msavepack[22m | 淇濆瓨鏂囦欢锛歳es://data/economy/professions/researcher.tres.remap[39m[0m
[  98% ] [90m[1msavepack[22m | 淇濆瓨鏂囦欢锛歳es://data/economy/professions/research_scientist.tres.remap[39m[0m
[  98% ] [90m[1msavepack[22m | 淇濆瓨鏂囦欢锛歳es://data/economy/professions/scholar.tres.remap[39m[0m
[  98% ] [90m[1msavepack[22m | 淇濆瓨鏂囦欢锛歳es://data/economy/professions/scientist.tres.remap[39m[0m
[  98% ] [90m[1msavepack[22m | 淇濆瓨鏂囦欢锛歳es://data/economy/professions/scribe.tres.remap[39m[0m
[  98% ] [90m[1msavepack[22m | 淇濆瓨鏂囦欢锛歳es://data/economy/professions/serf.tres.remap[39m[0m
[  98% ] [90m[1msavepack[22m | 淇濆瓨鏂囦欢锛歳es://data/economy/professions/subsistence_farmer.tres.remap[39m[0m
[  98% ] [90m[1msavepack[22m | 淇濆瓨鏂囦欢锛歳es://data/economy/professions/technician.tres.remap[39m[0m
[  98% ] [90m[1msavepack[22m | 淇濆瓨鏂囦欢锛歳es://data/economy/professions/tenant_farmer.tres.remap[39m[0m
[  98% ] [90m[1msavepack[22m | 淇濆瓨鏂囦欢锛歳es://data/economy/professions/transport_worker.tres.remap[39m[0m
[  98% ] [90m[1msavepack[22m | 淇濆瓨鏂囦欢锛歳es://data/economy/professions/unemployed.tres.remap[39m[0m
[  98% ] [90m[1msavepack[22m | 淇濆瓨鏂囦欢锛歳es://data/economy/professions/worker.tres.remap[39m[0m
[  98% ] [90m[1msavepack[22m | 淇濆瓨鏂囦欢锛歳es://data/economy/default_economy.tres.remap[39m[0m
[  98% ] [90m[1msavepack[22m | 淇濆瓨鏂囦欢锛歳es://data/economy/default_family_surnames.tres.remap[39m[0m
[  98% ] [90m[1msavepack[22m | 淇濆瓨鏂囦欢锛歳es://data/economy/default_family_traits.tres.remap[39m[0m
[  98% ] [90m[1msavepack[22m | 淇濆瓨鏂囦欢锛歳es://data/economy/default_person_given_names.tres.remap[39m[0m
[  98% ] [90m[1msavepack[22m | 淇濆瓨鏂囦欢锛歳es://data/economy/default_settlement.tres.remap[39m[0m
[  98% ] [90m[1msavepack[22m | 淇濆瓨鏂囦欢锛歳es://data/economy/default_settlement_name_pack.tres.remap[39m[0m
[  98% ] [90m[1msavepack[22m | 淇濆瓨鏂囦欢锛歳es://data/goods/advanced_chips.tres.remap[39m[0m
[  98% ] [90m[1msavepack[22m | 淇濆瓨鏂囦欢锛歳es://data/goods/agricultural_machinery.tres.remap[39m[0m
[  98% ] [90m[1msavepack[22m | 淇濆瓨鏂囦欢锛歳es://data/goods/aluminum.tres.remap[39m[0m
[  98% ] [90m[1msavepack[22m | 淇濆瓨鏂囦欢锛歳es://data/goods/automobiles.tres.remap[39m[0m
[  98% ] [90m[1msavepack[22m | 淇濆瓨鏂囦欢锛歳es://data/goods/autonomous_systems.tres.remap[39m[0m
[  98% ] [90m[1msavepack[22m | 淇濆瓨鏂囦欢锛歳es://data/goods/batteries.tres.remap[39m[0m
[  98% ] [90m[1msavepack[22m | 淇濆瓨鏂囦欢锛歳es://data/goods/bauxite.tres.remap[39m[0m
[  98% ] [90m[1msavepack[22m | 淇濆瓨鏂囦欢锛歳es://data/goods/beverages.tres.remap[39m[0m
[  98% ] [90m[1msavepack[22m | 淇濆瓨鏂囦欢锛歳es://data/goods/bread.tres.remap[39m[0m
[  98% ] [90m[1msavepack[22m | 淇濆瓨鏂囦欢锛歳es://data/goods/bricks.tres.remap[39m[0m
[  98% ] [90m[1msavepack[22m | 淇濆瓨鏂囦欢锛歳es://data/goods/bronze_tools.tres.remap[39m[0m
[  98% ] [90m[1msavepack[22m | 淇濆瓨鏂囦欢锛歳es://data/goods/canned_fish.tres.remap[39m[0m
[  98% ] [90m[1msavepack[22m | 淇濆瓨鏂囦欢锛歳es://data/goods/cement.tres.remap[39m[0m
[  98% ] [90m[1msavepack[22m | 淇濆瓨鏂囦欢锛歳es://data/goods/chipped_stone_tools.tres.remap[39m[0m
[  98% ] [90m[1msavepack[22m | 淇濆瓨鏂囦欢锛歳es://data/goods/clay.tres.remap[39m[0m
[  98% ] [90m[1msavepack[22m | 淇濆瓨鏂囦欢锛歳es://data/goods/cloth.tres.remap[39m[0m
[  98% ] [90m[1msavepack[22m | 淇濆瓨鏂囦欢锛歳es://data/goods/clothing.tres.remap[39m[0m
[  98% ] [90m[1msavepack[22m | 淇濆瓨鏂囦欢锛歳es://data/goods/coal.tres.remap[39m[0m
[  98% ] [90m[1msavepack[22m | 淇濆瓨鏂囦欢锛歳es://data/goods/coke.tres.remap[39m[0m
[  98% ] [90m[1msavepack[22m | 淇濆瓨鏂囦欢锛歳es://data/goods/computers.tres.remap[39m[0m
[  98% ] [90m[1msavepack[22m | 淇濆瓨鏂囦欢锛歳es://data/goods/concrete.tres.remap[39m[0m
[  98% ] [90m[1msavepack[22m | 淇濆瓨鏂囦欢锛歳es://data/goods/construction_components.tres.remap[39m[0m
[  98% ] [90m[1msavepack[22m | 淇濆瓨鏂囦欢锛歳es://data/goods/copper.tres.remap[39m[0m
[  98% ] [90m[1msavepack[22m | 淇濆瓨鏂囦欢锛歳es://data/goods/copper_ore.tres.remap[39m[0m
[  98% ] [90m[1msavepack[22m | 淇濆瓨鏂囦欢锛歳es://data/goods/corn_grain.tres.remap[39m[0m
[  98% ] [90m[1msavepack[22m | 淇濆瓨鏂囦欢锛歳es://data/goods/cotton_fiber.tres.remap[39m[0m
[  98% ] [90m[1msavepack[22m | 淇濆瓨鏂囦欢锛歳es://data/goods/crude_oil.tres.remap[39m[0m
[  98% ] [90m[1msavepack[22m | 淇濆瓨鏂囦欢锛歳es://data/goods/dairy_products.tres.remap[39m[0m
[  98% ] [90m[1msavepack[22m | 淇濆瓨鏂囦欢锛歳es://data/goods/detergent.tres.remap[39m[0m
[  98% ] [90m[1msavepack[22m | 淇濆瓨鏂囦欢锛歳es://data/goods/edible_oil.tres.remap[39m[0m
[  98% ] [90m[1msavepack[22m | 淇濆瓨鏂囦欢锛歳es://data/goods/electrical_equipment.tres.remap[39m[0m
[  98% ] [90m[1msavepack[22m | 淇濆瓨鏂囦欢锛歳es://data/goods/electricity.tres.remap[39m[0m
[  98% ] [90m[1msavepack[22m | 淇濆瓨鏂囦欢锛歳es://data/goods/electric_motor.tres.remap[39m[0m
[  98% ] [90m[1msavepack[22m | 淇濆瓨鏂囦欢锛歳es://data/goods/electronic_components.tres.remap[39m[0m
[  98% ] [90m[1msavepack[22m | 淇濆瓨鏂囦欢锛歳es://data/goods/engines.tres.remap[39m[0m
[  98% ] [90m[1msavepack[22m | 淇濆瓨鏂囦欢锛歳es://data/goods/explosives.tres.remap[39m[0m
[  98% ] [90m[1msavepack[22m | 淇濆瓨鏂囦欢锛歳es://data/goods/fertilizer.tres.remap[39m[0m
[  98% ] [90m[1msavepack[22m | 淇濆瓨鏂囦欢锛歳es://data/goods/fine_clothing.tres.remap[39m[0m
[  98% ] [90m[1msavepack[22m | 淇濆瓨鏂囦欢锛歳es://data/goods/fine_furniture.tres.remap[39m[0m
[  98% ] [90m[1msavepack[22m | 淇濆瓨鏂囦欢锛歳es://data/goods/fish.tres.remap[39m[0m
[  98% ] [90m[1msavepack[22m | 淇濆瓨鏂囦欢锛歳es://data/goods/flax_fiber.tres.remap[39m[0m
[  98% ] [90m[1msavepack[22m | 淇濆瓨鏂囦欢锛歳es://data/goods/flint.tres.remap[39m[0m
[  98% ] [90m[1msavepack[22m | 淇濆瓨鏂囦欢锛歳es://data/goods/footwear.tres.remap[39m[0m
[  98% ] [90m[1msavepack[22m | 淇濆瓨鏂囦欢锛歳es://data/goods/fur.tres.remap[39m[0m
[  98% ] [90m[1msavepack[22m | 淇濆瓨鏂囦欢锛歳es://data/goods/furniture.tres.remap[39m[0m
[  98% ] [90m[1msavepack[22m | 淇濆瓨鏂囦欢锛歳es://data/goods/game_meat.tres.remap[39m[0m
[  98% ] [90m[1msavepack[22m | 淇濆瓨鏂囦欢锛歳es://data/goods/gathered_plants.tres.remap[39m[0m
[  98% ] [90m[1msavepack[22m | 淇濆瓨鏂囦欢锛歳es://data/goods/glass.tres.remap[39m[0m
[  98% ] [90m[1msavepack[22m | 淇濆瓨鏂囦欢锛歳es://data/goods/gold.tres.remap[39m[0m
[  98% ] [90m[1msavepack[22m | 淇濆瓨鏂囦欢锛歳es://data/goods/grain.tres.remap[39m[0m
[  98% ] [90m[1msavepack[22m | 淇濆瓨鏂囦欢锛歳es://data/goods/horses.tres.remap[39m[0m
[  98% ] [90m[1msavepack[22m | 淇濆瓨鏂囦欢锛歳es://data/goods/household_appliances.tres.remap[39m[0m
[  98% ] [90m[1msavepack[22m | 淇濆瓨鏂囦欢锛歳es://data/goods/industrial_chemicals.tres.remap[39m[0m
[  98% ] [90m[1msavepack[22m | 淇濆瓨鏂囦欢锛歳es://data/goods/industrial_machinery.tres.remap[39m[0m
[  98% ] [90m[1msavepack[22m | 淇濆瓨鏂囦欢锛歳es://data/goods/insulated_cable.tres.remap[39m[0m
[  98% ] [90m[1msavepack[22m | 淇濆瓨鏂囦欢锛歳es://data/goods/iron_ore.tres.remap[39m[0m
[  98% ] [90m[1msavepack[22m | 淇濆瓨鏂囦欢锛歳es://data/goods/jewelry.tres.remap[39m[0m
[  98% ] [90m[1msavepack[22m | 淇濆瓨鏂囦欢锛歳es://data/goods/latex.tres.remap[39m[0m
[  98% ] [90m[1msavepack[22m | 淇濆瓨鏂囦欢锛歳es://data/goods/lead.tres.remap[39m[0m
[  98% ] [90m[1msavepack[22m | 淇濆瓨鏂囦欢锛歳es://data/goods/lead_ore.tres.remap[39m[0m
[  98% ] [90m[1msavepack[22m | 淇濆瓨鏂囦欢锛歳es://data/goods/leather.tres.remap[39m[0m
[  98% ] [90m[1msavepack[22m | 淇濆瓨鏂囦欢锛歳es://data/goods/lime.tres.remap[39m[0m
[  98% ] [90m[1msavepack[22m | 淇濆瓨鏂囦欢锛歳es://data/goods/limestone.tres.remap[39m[0m
[  98% ] [90m[1msavepack[22m | 淇濆瓨鏂囦欢锛歳es://data/goods/livestock_products.tres.remap[39m[0m
[  98% ] [90m[1msavepack[22m | 淇濆瓨鏂囦欢锛歳es://data/goods/logs.tres.remap[39m[0m
[  98% ] [90m[1msavepack[22m | 淇濆瓨鏂囦欢锛歳es://data/goods/lubricants.tres.remap[39m[0m
[  98% ] [90m[1msavepack[22m | 淇濆瓨鏂囦欢锛歳es://data/goods/lumber.tres.remap[39m[0m
[  98% ] [90m[1msavepack[22m | 淇濆瓨鏂囦欢锛歳es://data/goods/machine_parts.tres.remap[39m[0m
[  98% ] [90m[1msavepack[22m | 淇濆瓨鏂囦欢锛歳es://data/goods/manganese_ore.tres.remap[39m[0m
[  98% ] [90m[1msavepack[22m | 淇濆瓨鏂囦欢锛歳es://data/goods/manuscripts.tres.remap[39m[0m
[  98% ] [90m[1msavepack[22m | 淇濆瓨鏂囦欢锛歳es://data/goods/meat.tres.remap[39m[0m
[  98% ] [90m[1msavepack[22m | 淇濆瓨鏂囦欢锛歳es://data/goods/medicinal_herbs.tres.remap[39m[0m
[  98% ] [90m[1msavepack[22m | 淇濆瓨鏂囦欢锛歳es://data/goods/natural_gas.tres.remap[39m[0m
[  98% ] [90m[1msavepack[22m | 淇濆瓨鏂囦欢锛歳es://data/goods/nuclear_fuel.tres.remap[39m[0m
[  98% ] [90m[1msavepack[22m | 淇濆瓨鏂囦欢锛歳es://data/goods/oceanic_vessels.tres.remap[39m[0m
[  98% ] [90m[1msavepack[22m | 淇濆瓨鏂囦欢锛歳es://data/goods/packaging.tres.remap[39m[0m
[  98% ] [90m[1msavepack[22m | 淇濆瓨鏂囦欢锛歳es://data/goods/paper.tres.remap[39m[0m
[  98% ] [90m[1msavepack[22m | 淇濆瓨鏂囦欢锛歳es://data/goods/petrochemicals.tres.remap[39m[0m
[  98% ] [90m[1msavepack[22m | 淇濆瓨鏂囦欢锛歳es://data/goods/pharmaceuticals.tres.remap[39m[0m
[  98% ] [90m[1msavepack[22m | 淇濆瓨鏂囦欢锛歳es://data/goods/phosphate_rock.tres.remap[39m[0m
[  98% ] [90m[1msavepack[22m | 淇濆瓨鏂囦欢锛歳es://data/goods/plastics.tres.remap[39m[0m
[  98% ] [90m[1msavepack[22m | 淇濆瓨鏂囦欢锛歳es://data/goods/potatoes.tres.remap[39m[0m
[  98% ] [90m[1msavepack[22m | 淇濆瓨鏂囦欢锛歳es://data/goods/pottery.tres.remap[39m[0m
[  98% ] [90m[1msavepack[22m | 淇濆瓨鏂囦欢锛歳es://data/goods/precision_tools.tres.remap[39m[0m
[  98% ] [90m[1msavepack[22m | 淇濆瓨鏂囦欢锛歳es://data/goods/prepared_staples.tres.remap[39m[0m
[  98% ] [90m[1msavepack[22m | 淇濆瓨鏂囦欢锛歳es://data/goods/printed_materials.tres.remap[39m[0m
[  98% ] [90m[1msavepack[22m | 淇濆瓨鏂囦欢锛歳es://data/goods/processed_food.tres.remap[39m[0m
[  98% ] [90m[1msavepack[22m | 淇濆瓨鏂囦欢锛歳es://data/goods/radio_equipment.tres.remap[39m[0m
[  98% ] [90m[1msavepack[22m | 淇濆瓨鏂囦欢锛歳es://data/goods/railway_equipment.tres.remap[39m[0m
[  98% ] [90m[1msavepack[22m | 淇濆瓨鏂囦欢锛歳es://data/goods/rare_earth_metals.tres.remap[39m[0m
[  98% ] [90m[1msavepack[22m | 淇濆瓨鏂囦欢锛歳es://data/goods/rare_earth_ore.tres.remap[39m[0m
[  98% ] [90m[1msavepack[22m | 淇濆瓨鏂囦欢锛歳es://data/goods/raw_hide.tres.remap[39m[0m
[  98% ] [90m[1msavepack[22m | 淇濆瓨鏂囦欢锛歳es://data/goods/raw_stone.tres.remap[39m[0m
[  98% ] [90m[1msavepack[22m | 淇濆瓨鏂囦欢锛歳es://data/goods/reactor_components.tres.remap[39m[0m
[  98% ] [90m[1msavepack[22m | 淇濆瓨鏂囦欢锛歳es://data/goods/refined_fuel.tres.remap[39m[0m
[  98% ] [90m[1msavepack[22m | 淇濆瓨鏂囦欢锛歳es://data/goods/rice_grain.tres.remap[39m[0m
[  98% ] [90m[1msavepack[22m | 淇濆瓨鏂囦欢锛歳es://data/goods/salt.tres.remap[39m[0m
[  98% ] [90m[1msavepack[22m | 淇濆瓨鏂囦欢锛歳es://data/goods/saltpeter.tres.remap[39m[0m
[  98% ] [90m[1msavepack[22m | 淇濆瓨鏂囦欢锛歳es://data/goods/scientific_instruments.tres.remap[39m[0m
[  98% ] [90m[1msavepack[22m | 淇濆瓨鏂囦欢锛歳es://data/goods/semiconductors.tres.remap[39m[0m
[  98% ] [90m[1msavepack[22m | 淇濆瓨鏂囦欢锛歳es://data/goods/silica_sand.tres.remap[39m[0m
[  98% ] [90m[1msavepack[22m | 淇濆瓨鏂囦欢锛歳es://data/goods/silver.tres.remap[39m[0m
[  98% ] [90m[1msavepack[22m | 淇濆瓨鏂囦欢锛歳es://data/goods/soap.tres.remap[39m[0m
[  98% ] [90m[1msavepack[22m | 淇濆瓨鏂囦欢锛歳es://data/goods/spices.tres.remap[39m[0m
[  98% ] [90m[1msavepack[22m | 淇濆瓨鏂囦欢锛歳es://data/goods/stainless_steel.tres.remap[39m[0m
[  98% ] [90m[1msavepack[22m | 淇濆瓨鏂囦欢锛歳es://data/goods/steam_engines.tres.remap[39m[0m
[  98% ] [90m[1msavepack[22m | 淇濆瓨鏂囦欢锛歳es://data/goods/steel.tres.remap[39m[0m
[  98% ] [90m[1msavepack[22m | 淇濆瓨鏂囦欢锛歳es://data/goods/sulfur.tres.remap[39m[0m
[  98% ] [90m[1msavepack[22m | 淇濆瓨鏂囦欢锛歳es://data/goods/synthetic_fiber.tres.remap[39m[0m
[  98% ] [90m[1msavepack[22m | 淇濆瓨鏂囦欢锛歳es://data/goods/synthetic_rubber.tres.remap[39m[0m
[  98% ] [90m[1msavepack[22m | 淇濆瓨鏂囦欢锛歳es://data/goods/technology_points.tres.remap[39m[0m
[  98% ] [90m[1msavepack[22m | 淇濆瓨鏂囦欢锛歳es://data/goods/telecom_equipment.tres.remap[39m[0m
[  98% ] [90m[1msavepack[22m | 淇濆瓨鏂囦欢锛歳es://data/goods/tin.tres.remap[39m[0m
[  98% ] [90m[1msavepack[22m | 淇濆瓨鏂囦欢锛歳es://data/goods/tin_ore.tres.remap[39m[0m
[  98% ] [90m[1msavepack[22m | 淇濆瓨鏂囦欢锛歳es://data/goods/tools.tres.remap[39m[0m
[  98% ] [90m[1msavepack[22m | 淇濆瓨鏂囦欢锛歳es://data/goods/vegetables.tres.remap[39m[0m
[  98% ] [90m[1msavepack[22m | 淇濆瓨鏂囦欢锛歳es://data/goods/wheat_grain.tres.remap[39m[0m
[  98% ] [90m[1msavepack[22m | 淇濆瓨鏂囦欢锛歳es://data/goods/wire.tres.remap[39m[0m
[  98% ] [90m[1msavepack[22m | 淇濆瓨鏂囦欢锛歳es://data/goods/wool.tres.remap[39m[0m
[  98% ] [90m[1msavepack[22m | 淇濆瓨鏂囦欢锛歳es://data/goods/zinc.tres.remap[39m[0m
[  98% ] [90m[1msavepack[22m | 淇濆瓨鏂囦欢锛歳es://data/goods/zinc_ore.tres.remap[39m[0m
[  98% ] [90m[1msavepack[22m | 淇濆瓨鏂囦欢锛歳es://data/modifiers/default_modifier_catalog.tres.remap[39m[0m
[  98% ] [90m[1msavepack[22m | 淇濆瓨鏂囦欢锛歳es://data/resources/arable_land.tres.remap[39m[0m
[  98% ] [90m[1msavepack[22m | 淇濆瓨鏂囦欢锛歳es://data/resources/bauxite.tres.remap[39m[0m
[  98% ] [90m[1msavepack[22m | 淇濆瓨鏂囦欢锛歳es://data/resources/clay.tres.remap[39m[0m
[  98% ] [90m[1msavepack[22m | 淇濆瓨鏂囦欢锛歳es://data/resources/coal.tres.remap[39m[0m
[  98% ] [90m[1msavepack[22m | 淇濆瓨鏂囦欢锛歳es://data/resources/copper_ore.tres.remap[39m[0m
[  98% ] [90m[1msavepack[22m | 淇濆瓨鏂囦欢锛歳es://data/resources/fertile_soil.tres.remap[39m[0m
[  98% ] [90m[1msavepack[22m | 淇濆瓨鏂囦欢锛歳es://data/resources/flint.tres.remap[39m[0m
[  98% ] [90m[1msavepack[22m | 淇濆瓨鏂囦欢锛歳es://data/resources/freshwater_fish.tres.remap[39m[0m
[  98% ] [90m[1msavepack[22m | 淇濆瓨鏂囦欢锛歳es://data/resources/gold_ore.tres.remap[39m[0m
[  98% ] [90m[1msavepack[22m | 淇濆瓨鏂囦欢锛歳es://data/resources/iron_ore.tres.remap[39m[0m
[  98% ] [90m[1msavepack[22m | 淇濆瓨鏂囦欢锛歳es://data/resources/lead_ore.tres.remap[39m[0m
[  98% ] [90m[1msavepack[22m | 淇濆瓨鏂囦欢锛歳es://data/resources/limestone.tres.remap[39m[0m
[  98% ] [90m[1msavepack[22m | 淇濆瓨鏂囦欢锛歳es://data/resources/manganese_ore.tres.remap[39m[0m
[  98% ] [90m[1msavepack[22m | 淇濆瓨鏂囦欢锛歳es://data/resources/marine_fish.tres.remap[39m[0m
[  98% ] [90m[1msavepack[22m | 淇濆瓨鏂囦欢锛歳es://data/resources/natural_gas.tres.remap[39m[0m
[  98% ] [90m[1msavepack[22m | 淇濆瓨鏂囦欢锛歳es://data/resources/oil.tres.remap[39m[0m
[  98% ] [90m[1msavepack[22m | 淇濆瓨鏂囦欢锛歳es://data/resources/paddy_land.tres.remap[39m[0m
[  98% ] [90m[1msavepack[22m | 淇濆瓨鏂囦欢锛歳es://data/resources/pasture.tres.remap[39m[0m
[  98% ] [90m[1msavepack[22m | 淇濆瓨鏂囦欢锛歳es://data/resources/phosphate_rock.tres.remap[39m[0m
[  98% ] [90m[1msavepack[22m | 淇濆瓨鏂囦欢锛歳es://data/resources/plantation_land.tres.remap[39m[0m
[  98% ] [90m[1msavepack[22m | 淇濆瓨鏂囦欢锛歳es://data/resources/rare_earth.tres.remap[39m[0m
[  98% ] [90m[1msavepack[22m | 淇濆瓨鏂囦欢锛歳es://data/resources/salt.tres.remap[39m[0m
[  98% ] [90m[1msavepack[22m | 淇濆瓨鏂囦欢锛歳es://data/resources/saltpeter.tres.remap[39m[0m
[  98% ] [90m[1msavepack[22m | 淇濆瓨鏂囦欢锛歳es://data/resources/silica_sand.tres.remap[39m[0m
[  98% ] [90m[1msavepack[22m | 淇濆瓨鏂囦欢锛歳es://data/resources/silver_ore.tres.remap[39m[0m
[  98% ] [90m[1msavepack[22m | 淇濆瓨鏂囦欢锛歳es://data/resources/stone.tres.remap[39m[0m
[  98% ] [90m[1msavepack[22m | 淇濆瓨鏂囦欢锛歳es://data/resources/sulfur.tres.remap[39m[0m
[  98% ] [90m[1msavepack[22m | 淇濆瓨鏂囦欢锛歳es://data/resources/timber.tres.remap[39m[0m
[  98% ] [90m[1msavepack[22m | 淇濆瓨鏂囦欢锛歳es://data/resources/tin_ore.tres.remap[39m[0m
[  98% ] [90m[1msavepack[22m | 淇濆瓨鏂囦欢锛歳es://data/resources/wild_game.tres.remap[39m[0m
[  98% ] [90m[1msavepack[22m | 淇濆瓨鏂囦欢锛歳es://data/resources/zinc_ore.tres.remap[39m[0m
[  98% ] [90m[1msavepack[22m | 淇濆瓨鏂囦欢锛歳es://data/terrain/badlands.tres.remap[39m[0m
[  98% ] [90m[1msavepack[22m | 淇濆瓨鏂囦欢锛歳es://data/terrain/chaparral.tres.remap[39m[0m
[  98% ] [90m[1msavepack[22m | 淇濆瓨鏂囦欢锛歳es://data/terrain/coast.tres.remap[39m[0m
[  98% ] [90m[1msavepack[22m | 淇濆瓨鏂囦欢锛歳es://data/terrain/cold_desert.tres.remap[39m[0m
[  98% ] [90m[1msavepack[22m | 淇濆瓨鏂囦欢锛歳es://data/terrain/delta.tres.remap[39m[0m
[  98% ] [90m[1msavepack[22m | 淇濆瓨鏂囦欢锛歳es://data/terrain/desert.tres.remap[39m[0m
[  98% ] [90m[1msavepack[22m | 淇濆瓨鏂囦欢锛歳es://data/terrain/floodplain.tres.remap[39m[0m
[  98% ] [90m[1msavepack[22m | 淇濆瓨鏂囦欢锛歳es://data/terrain/forest.tres.remap[39m[0m
[  98% ] [90m[1msavepack[22m | 淇濆瓨鏂囦欢锛歳es://data/terrain/glacier.tres.remap[39m[0m
[  98% ] [90m[1msavepack[22m | 淇濆瓨鏂囦欢锛歳es://data/terrain/grassland.tres.remap[39m[0m
[  98% ] [90m[1msavepack[22m | 淇濆瓨鏂囦欢锛歳es://data/terrain/hill.tres.remap[39m[0m
[  98% ] [90m[1msavepack[22m | 淇濆瓨鏂囦欢锛歳es://data/terrain/jungle.tres.remap[39m[0m
[  98% ] [90m[1msavepack[22m | 淇濆瓨鏂囦欢锛歳es://data/terrain/kelp.tres.remap[39m[0m
[  98% ] [90m[1msavepack[22m | 淇濆瓨鏂囦欢锛歳es://data/terrain/lake.tres.remap[39m[0m
[  98% ] [90m[1msavepack[22m | 淇濆瓨鏂囦欢锛歳es://data/terrain/mangrove.tres.remap[39m[0m
[  98% ] [90m[1msavepack[22m | 淇濆瓨鏂囦欢锛歳es://data/terrain/mesa.tres.remap[39m[0m
[  98% ] [90m[1msavepack[22m | 淇濆瓨鏂囦欢锛歳es://data/terrain/moor.tres.remap[39m[0m
[  98% ] [90m[1msavepack[22m | 淇濆瓨鏂囦欢锛歳es://data/terrain/mountain.tres.remap[39m[0m
[  98% ] [90m[1msavepack[22m | 淇濆瓨鏂囦欢锛歳es://data/terrain/oasis.tres.remap[39m[0m
[  98% ] [90m[1msavepack[22m | 淇濆瓨鏂囦欢锛歳es://data/terrain/ocean.tres.remap[39m[0m
[  98% ] [90m[1msavepack[22m | 淇濆瓨鏂囦欢锛歳es://data/terrain/plain.tres.remap[39m[0m
[  98% ] [90m[1msavepack[22m | 淇濆瓨鏂囦欢锛歳es://data/terrain/reef.tres.remap[39m[0m
[  98% ] [90m[1msavepack[22m | 淇濆瓨鏂囦欢锛歳es://data/terrain/salt_flat.tres.remap[39m[0m
[  98% ] [90m[1msavepack[22m | 淇濆瓨鏂囦欢锛歳es://data/terrain/savanna.tres.remap[39m[0m
[  98% ] [90m[1msavepack[22m | 淇濆瓨鏂囦欢锛歳es://data/terrain/sea_ice.tres.remap[39m[0m
[  98% ] [90m[1msavepack[22m | 淇濆瓨鏂囦欢锛歳es://data/terrain/shrubland.tres.remap[39m[0m
[  98% ] [90m[1msavepack[22m | 淇濆瓨鏂囦欢锛歳es://data/terrain/snow.tres.remap[39m[0m
[  98% ] [90m[1msavepack[22m | 淇濆瓨鏂囦欢锛歳es://data/terrain/steppe.tres.remap[39m[0m
[  98% ] [90m[1msavepack[22m | 淇濆瓨鏂囦欢锛歳es://data/terrain/swamp.tres.remap[39m[0m
[  98% ] [90m[1msavepack[22m | 淇濆瓨鏂囦欢锛歳es://data/terrain/taiga.tres.remap[39m[0m
[  98% ] [90m[1msavepack[22m | 淇濆瓨鏂囦欢锛歳es://data/terrain/tundra.tres.remap[39m[0m
[  98% ] [90m[1msavepack[22m | 淇濆瓨鏂囦欢锛歳es://data/triggers/default_trigger_catalog.tres.remap[39m[0m
[  98% ] [90m[1msavepack[22m | 淇濆瓨鏂囦欢锛歳es://data/vegetation/alpine_meadow.tres.remap[39m[0m
[  98% ] [90m[1msavepack[22m | 淇濆瓨鏂囦欢锛歳es://data/vegetation/alpine_tundra.tres.remap[39m[0m
[  98% ] [90m[1msavepack[22m | 淇濆瓨鏂囦欢锛歳es://data/vegetation/boreal_shrub.tres.remap[39m[0m
[  98% ] [90m[1msavepack[22m | 淇濆瓨鏂囦欢锛歳es://data/vegetation/cloud_forest.tres.remap[39m[0m
[  98% ] [90m[1msavepack[22m | 淇濆瓨鏂囦欢锛歳es://data/vegetation/coral_reef.tres.remap[39m[0m
[  98% ] [90m[1msavepack[22m | 淇濆瓨鏂囦欢锛歳es://data/vegetation/desert_scrub.tres.remap[39m[0m
[  98% ] [90m[1msavepack[22m | 淇濆瓨鏂囦欢锛歳es://data/vegetation/kelp_forest.tres.remap[39m[0m
[  98% ] [90m[1msavepack[22m | 淇濆瓨鏂囦欢锛歳es://data/vegetation/mangrove.tres.remap[39m[0m
[  98% ] [90m[1msavepack[22m | 淇濆瓨鏂囦欢锛歳es://data/vegetation/marsh.tres.remap[39m[0m
[  98% ] [90m[1msavepack[22m | 淇濆瓨鏂囦欢锛歳es://data/vegetation/mediterranean_shrub.tres.remap[39m[0m
[  98% ] [90m[1msavepack[22m | 淇濆瓨鏂囦欢锛歳es://data/vegetation/monsoon_forest.tres.remap[39m[0m
[  98% ] [90m[1msavepack[22m | 淇濆瓨鏂囦欢锛歳es://data/vegetation/none.tres.remap[39m[0m
[  98% ] [90m[1msavepack[22m | 淇濆瓨鏂囦欢锛歳es://data/vegetation/oasis_veg.tres.remap[39m[0m
[  98% ] [90m[1msavepack[22m | 淇濆瓨鏂囦欢锛歳es://data/vegetation/peat_bog.tres.remap[39m[0m
[  98% ] [90m[1msavepack[22m | 淇濆瓨鏂囦欢锛歳es://data/vegetation/polar_desert.tres.remap[39m[0m
[  98% ] [90m[1msavepack[22m | 淇濆瓨鏂囦欢锛歳es://data/vegetation/savanna.tres.remap[39m[0m
[  98% ] [90m[1msavepack[22m | 淇濆瓨鏂囦欢锛歳es://data/vegetation/seagrass.tres.remap[39m[0m
[  98% ] [90m[1msavepack[22m | 淇濆瓨鏂囦欢锛歳es://data/vegetation/subtropical_forest.tres.remap[39m[0m
[  98% ] [90m[1msavepack[22m | 淇濆瓨鏂囦欢锛歳es://data/vegetation/swamp.tres.remap[39m[0m
[  98% ] [90m[1msavepack[22m | 淇濆瓨鏂囦欢锛歳es://data/vegetation/taiga.tres.remap[39m[0m
[  98% ] [90m[1msavepack[22m | 淇濆瓨鏂囦欢锛歳es://data/vegetation/temperate_conifer.tres.remap[39m[0m
[  98% ] [90m[1msavepack[22m | 淇濆瓨鏂囦欢锛歳es://data/vegetation/temperate_deciduous.tres.remap[39m[0m
[  98% ] [90m[1msavepack[22m | 淇濆瓨鏂囦欢锛歳es://data/vegetation/temperate_grassland.tres.remap[39m[0m
[  98% ] [90m[1msavepack[22m | 淇濆瓨鏂囦欢锛歳es://data/vegetation/temperate_steppe.tres.remap[39m[0m
[  98% ] [90m[1msavepack[22m | 淇濆瓨鏂囦欢锛歳es://data/vegetation/tropical_dry_forest.tres.remap[39m[0m
[  98% ] [90m[1msavepack[22m | 淇濆瓨鏂囦欢锛歳es://data/vegetation/tropical_rainforest.tres.remap[39m[0m
[  98% ] [90m[1msavepack[22m | 淇濆瓨鏂囦欢锛歳es://data/vegetation/tundra.tres.remap[39m[0m
[  98% ] [90m[1msavepack[22m | 淇濆瓨鏂囦欢锛歳es://data/vegetation/xeric_desert.tres.remap[39m[0m
[  98% ] [90m[1msavepack[22m | 淇濆瓨鏂囦欢锛歳es://data/visual/alpine_flower_default.tres.remap[39m[0m
[  98% ] [90m[1msavepack[22m | 淇濆瓨鏂囦欢锛歳es://data/visual/cactus_default.tres.remap[39m[0m
[  98% ] [90m[1msavepack[22m | 淇濆瓨鏂囦欢锛歳es://data/visual/cloud_forest_tree_default.tres.remap[39m[0m
[  98% ] [90m[1msavepack[22m | 淇濆瓨鏂囦欢锛歳es://data/visual/conifer_default.tres.remap[39m[0m
[  98% ] [90m[1msavepack[22m | 淇濆瓨鏂囦欢锛歳es://data/visual/coral_detail_default.tres.remap[39m[0m
[  98% ] [90m[1msavepack[22m | 淇濆瓨鏂囦欢锛歳es://data/visual/dead_snag_default.tres.remap[39m[0m
[  98% ] [90m[1msavepack[22m | 淇濆瓨鏂囦欢锛歳es://data/visual/fallen_log_default.tres.remap[39m[0m
[  98% ] [90m[1msavepack[22m | 淇濆瓨鏂囦欢锛歳es://data/visual/grass_default.tres.remap[39m[0m
[  98% ] [90m[1msavepack[22m | 淇濆瓨鏂囦欢锛歳es://data/visual/kelp_frond_default.tres.remap[39m[0m
[  98% ] [90m[1msavepack[22m | 淇濆瓨鏂囦欢锛歳es://data/visual/mangrove_root_default.tres.remap[39m[0m
[  98% ] [90m[1msavepack[22m | 淇濆瓨鏂囦欢锛歳es://data/visual/monsoon_tree_default.tres.remap[39m[0m
[  98% ] [90m[1msavepack[22m | 淇濆瓨鏂囦欢锛歳es://data/visual/palm_default.tres.remap[39m[0m
[  98% ] [90m[1msavepack[22m | 淇濆瓨鏂囦欢锛歳es://data/visual/peat_bog_tuft_default.tres.remap[39m[0m
[  98% ] [90m[1msavepack[22m | 淇濆瓨鏂囦欢锛歳es://data/visual/reed_default.tres.remap[39m[0m
[  98% ] [90m[1msavepack[22m | 淇濆瓨鏂囦欢锛歳es://data/visual/rock_default.tres.remap[39m[0m
[  98% ] [90m[1msavepack[22m | 淇濆瓨鏂囦欢锛歳es://data/visual/scree_rock_default.tres.remap[39m[0m
[  98% ] [90m[1msavepack[22m | 淇濆瓨鏂囦欢锛歳es://data/visual/seagrass_default.tres.remap[39m[0m
[  98% ] [90m[1msavepack[22m | 淇濆瓨鏂囦欢锛歳es://data/visual/shrub_default.tres.remap[39m[0m
[  98% ] [90m[1msavepack[22m | 淇濆瓨鏂囦欢锛歳es://data/visual/snow_mound_default.tres.remap[39m[0m
[  98% ] [90m[1msavepack[22m | 淇濆瓨鏂囦欢锛歳es://data/visual/tree_default.tres.remap[39m[0m
[  98% ] [90m[1msavepack[22m | 淇濆瓨鏂囦欢锛歳es://data/visual/tundra_lichen_default.tres.remap[39m[0m
[  98% ] [90m[1msavepack[22m | 淇濆瓨鏂囦欢锛歳es://data/visual/world_decoration_manifest.tres.remap[39m[0m
[  98% ] [90m[1msavepack[22m | 淇濆瓨鏂囦欢锛歳es://data/weather/blizzard.tres.remap[39m[0m
[  98% ] [90m[1msavepack[22m | 淇濆瓨鏂囦欢锛歳es://data/weather/clear.tres.remap[39m[0m
[  98% ] [90m[1msavepack[22m | 淇濆瓨鏂囦欢锛歳es://data/weather/drought.tres.remap[39m[0m
[  98% ] [90m[1msavepack[22m | 淇濆瓨鏂囦欢锛歳es://data/weather/fog.tres.remap[39m[0m
[  98% ] [90m[1msavepack[22m | 淇濆瓨鏂囦欢锛歳es://data/weather/heatwave.tres.remap[39m[0m
[  98% ] [90m[1msavepack[22m | 淇濆瓨鏂囦欢锛歳es://data/weather/monsoon.tres.remap[39m[0m
[  98% ] [90m[1msavepack[22m | 淇濆瓨鏂囦欢锛歳es://data/weather/rain.tres.remap[39m[0m
[  98% ] [90m[1msavepack[22m | 淇濆瓨鏂囦欢锛歳es://data/weather/storm.tres.remap[39m[0m
[  98% ] [90m[1msavepack[22m | 淇濆瓨鏂囦欢锛歳es://data/world/earth_like.tres.remap[39m[0m
[  98% ] [90m[1msavepack[22m | 淇濆瓨鏂囦欢锛歳es://data/world/earth_like_mobile_complex.tres.remap[39m[0m
[  98% ] [90m[1msavepack[22m | 淇濆瓨鏂囦欢锛歳es://materials/world_map_material.tres.remap[39m[0m
[  98% ] [90m[1msavepack[22m | 淇濆瓨鏂囦欢锛歳es://scenes/ui/advanced_field_label.tscn.remap[39m[0m
[  98% ] [90m[1msavepack[22m | 淇濆瓨鏂囦欢锛歳es://scenes/ui/advanced_field_spin.tscn.remap[39m[0m
[  98% ] [90m[1msavepack[22m | 淇濆瓨鏂囦欢锛歳es://scenes/ui/badge_label.tscn.remap[39m[0m
[  98% ] [90m[1msavepack[22m | 淇濆瓨鏂囦欢锛歳es://scenes/ui/badge_row.tscn.remap[39m[0m
[  98% ] [90m[1msavepack[22m | 淇濆瓨鏂囦欢锛歳es://scenes/ui/building_detail_row.tscn.remap[39m[0m
[  98% ] [90m[1msavepack[22m | 淇濆瓨鏂囦欢锛歳es://scenes/ui/building_list.tscn.remap[39m[0m
[  98% ] [90m[1msavepack[22m | 淇濆瓨鏂囦欢锛歳es://scenes/ui/building_row.tscn.remap[39m[0m
[  98% ] [90m[1msavepack[22m | 淇濆瓨鏂囦欢锛歳es://scenes/ui/category_tabs.tscn.remap[39m[0m
[  98% ] [90m[1msavepack[22m | 淇濆瓨鏂囦欢锛歳es://scenes/ui/category_tab_button.tscn.remap[39m[0m
[  98% ] [90m[1msavepack[22m | 淇濆瓨鏂囦欢锛歳es://scenes/ui/cohort_list.tscn.remap[39m[0m
[  98% ] [90m[1msavepack[22m | 淇濆瓨鏂囦欢锛歳es://scenes/ui/cohort_row.tscn.remap[39m[0m
[  98% ] [90m[1msavepack[22m | 淇濆瓨鏂囦欢锛歳es://scenes/ui/country_action_bar.tscn.remap[39m[0m
[  98% ] [90m[1msavepack[22m | 淇濆瓨鏂囦欢锛歳es://scenes/ui/country_panel.tscn.remap[39m[0m
[  98% ] [90m[1msavepack[22m | 淇濆瓨鏂囦欢锛歳es://scenes/ui/demand_detail_dialog.tscn.remap[39m[0m
[  98% ] [90m[1msavepack[22m | 淇濆瓨鏂囦欢锛歳es://scenes/ui/demand_product_cell.tscn.remap[39m[0m
[  98% ] [90m[1msavepack[22m | 淇濆瓨鏂囦欢锛歳es://scenes/ui/demand_value_cell.tscn.remap[39m[0m
[  98% ] [90m[1msavepack[22m | 淇濆瓨鏂囦欢锛歳es://scenes/ui/economy_tax_card.tscn.remap[39m[0m
[  98% ] [90m[1msavepack[22m | 淇濆瓨鏂囦欢锛歳es://scenes/ui/economy_tax_lane.tscn.remap[39m[0m
[  98% ] [90m[1msavepack[22m | 淇濆瓨鏂囦欢锛歳es://scenes/ui/economy_workspace.tscn.remap[39m[0m
[  98% ] [90m[1msavepack[22m | 淇濆瓨鏂囦欢锛歳es://scenes/ui/family_list.tscn.remap[39m[0m
[  98% ] [90m[1msavepack[22m | 淇濆瓨鏂囦欢锛歳es://scenes/ui/family_row.tscn.remap[39m[0m
[  98% ] [90m[1msavepack[22m | 淇濆瓨鏂囦欢锛歳es://scenes/ui/gauge_bar.tscn.remap[39m[0m
[  98% ] [90m[1msavepack[22m | 淇濆瓨鏂囦欢锛歳es://scenes/ui/group_separator.tscn.remap[39m[0m
[  98% ] [90m[1msavepack[22m | 淇濆瓨鏂囦欢锛歳es://scenes/ui/icon_badge.tscn.remap[39m[0m
[  98% ] [90m[1msavepack[22m | 淇濆瓨鏂囦欢锛歳es://scenes/ui/insight_list.tscn.remap[39m[0m
[  98% ] [90m[1msavepack[22m | 淇濆瓨鏂囦欢锛歳es://scenes/ui/insight_row.tscn.remap[39m[0m
[  98% ] [90m[1msavepack[22m | 淇濆瓨鏂囦欢锛歳es://scenes/ui/insight_shell.tscn.remap[39m[0m
[  98% ] [90m[1msavepack[22m | 淇濆瓨鏂囦欢锛歳es://scenes/ui/inspector_panel.tscn.remap[39m[0m
[  98% ] [90m[1msavepack[22m | 淇濆瓨鏂囦欢锛歳es://scenes/ui/ledger_row.tscn.remap[39m[0m
[  98% ] [90m[1msavepack[22m | 淇濆瓨鏂囦欢锛歳es://scenes/ui/main_menu_button.tscn.remap[39m[0m
[  98% ] [90m[1msavepack[22m | 淇濆瓨鏂囦欢锛歳es://scenes/ui/main_menu_button_content.tscn.remap[39m[0m
[  98% ] [90m[1msavepack[22m | 淇濆瓨鏂囦欢锛歳es://scenes/ui/map_overlay_icon_button.tscn.remap[39m[0m
[  98% ] [90m[1msavepack[22m | 淇濆瓨鏂囦欢锛歳es://scenes/ui/map_overlay_legend.tscn.remap[39m[0m
[  98% ] [90m[1msavepack[22m | 淇濆瓨鏂囦欢锛歳es://scenes/ui/map_overlay_toolbar.tscn.remap[39m[0m
[  98% ] [90m[1msavepack[22m | 淇濆瓨鏂囦欢锛歳es://scenes/ui/market_detail_row.tscn.remap[39m[0m
[  98% ] [90m[1msavepack[22m | 淇濆瓨鏂囦欢锛歳es://scenes/ui/market_list.tscn.remap[39m[0m
[  98% ] [90m[1msavepack[22m | 淇濆瓨鏂囦欢锛歳es://scenes/ui/market_row.tscn.remap[39m[0m
[  98% ] [90m[1msavepack[22m | 淇濆瓨鏂囦欢锛歳es://scenes/ui/metric_card.tscn.remap[39m[0m
[  98% ] [90m[1msavepack[22m | 淇濆瓨鏂囦欢锛歳es://scenes/ui/metric_grid.tscn.remap[39m[0m
[  98% ] [90m[1msavepack[22m | 淇濆瓨鏂囦欢锛歳es://scenes/ui/object_detail_dialog.tscn.remap[39m[0m
[  98% ] [90m[1msavepack[22m | 淇濆瓨鏂囦欢锛歳es://scenes/ui/object_detail_line.tscn.remap[39m[0m
[  98% ] [90m[1msavepack[22m | 淇濆瓨鏂囦欢锛歳es://scenes/ui/object_fact_cell.tscn.remap[39m[0m
[  98% ] [90m[1msavepack[22m | 淇濆瓨鏂囦欢锛歳es://scenes/ui/object_fact_grid.tscn.remap[39m[0m
[  98% ] [90m[1msavepack[22m | 淇濆瓨鏂囦欢锛歳es://scenes/ui/object_note.tscn.remap[39m[0m
[  98% ] [90m[1msavepack[22m | 淇濆瓨鏂囦欢锛歳es://scenes/ui/object_rows_card.tscn.remap[39m[0m
[  98% ] [90m[1msavepack[22m | 淇濆瓨鏂囦欢锛歳es://scenes/ui/object_state_card.tscn.remap[39m[0m
[  98% ] [90m[1msavepack[22m | 淇濆瓨鏂囦欢锛歳es://scenes/ui/object_tax_lane.tscn.remap[39m[0m
[  98% ] [90m[1msavepack[22m | 淇濆瓨鏂囦欢锛歳es://scenes/ui/object_tax_section.tscn.remap[39m[0m
[  98% ] [90m[1msavepack[22m | 淇濆瓨鏂囦欢锛歳es://scenes/ui/overlay_legend_row.tscn.remap[39m[0m
[  98% ] [90m[1msavepack[22m | 淇濆瓨鏂囦欢锛歳es://scenes/ui/pause_menu.tscn.remap[39m[0m
[  98% ] [90m[1msavepack[22m | 淇濆瓨鏂囦欢锛歳es://scenes/ui/pause_menu_button.tscn.remap[39m[0m
[  98% ] [90m[1msavepack[22m | 淇濆瓨鏂囦欢锛歳es://scenes/ui/pause_settings_form.tscn.remap[39m[0m
[  98% ] [90m[1msavepack[22m | 淇濆瓨鏂囦欢锛歳es://scenes/ui/perf_mini_hud.tscn.remap[39m[0m
[  98% ] [90m[1msavepack[22m | 淇濆瓨鏂囦欢锛歳es://scenes/ui/player_top_bar.tscn.remap[39m[0m
[  98% ] [90m[1msavepack[22m | 淇濆瓨鏂囦欢锛歳es://scenes/ui/procurement_budget_slider.tscn.remap[39m[0m
[  98% ] [90m[1msavepack[22m | 淇濆瓨鏂囦欢锛歳es://scenes/ui/radial_gauge.tscn.remap[39m[0m
[  98% ] [90m[1msavepack[22m | 淇濆瓨鏂囦欢锛歳es://scenes/ui/research_weight_dial.tscn.remap[39m[0m
[  98% ] [90m[1msavepack[22m | 淇濆瓨鏂囦欢锛歳es://scenes/ui/resource_list.tscn.remap[39m[0m
[  98% ] [90m[1msavepack[22m | 淇濆瓨鏂囦欢锛歳es://scenes/ui/resource_row.tscn.remap[39m[0m
[  98% ] [90m[1msavepack[22m | 淇濆瓨鏂囦欢锛歳es://scenes/ui/save_slot_row.tscn.remap[39m[0m
[  98% ] [90m[1msavepack[22m | 淇濆瓨鏂囦欢锛歳es://scenes/ui/section_header.tscn.remap[39m[0m
[  98% ] [90m[1msavepack[22m | 淇濆瓨鏂囦欢锛歳es://scenes/ui/section_placeholder_screen.tscn.remap[39m[0m
[  98% ] [90m[1msavepack[22m | 淇濆瓨鏂囦欢锛歳es://scenes/ui/setup_bool.tscn.remap[39m[0m
[  98% ] [90m[1msavepack[22m | 淇濆瓨鏂囦欢锛歳es://scenes/ui/setup_cell_count.tscn.remap[39m[0m
[  98% ] [90m[1msavepack[22m | 淇濆瓨鏂囦欢锛歳es://scenes/ui/setup_field_row.tscn.remap[39m[0m
[  98% ] [90m[1msavepack[22m | 淇濆瓨鏂囦欢锛歳es://scenes/ui/setup_foldout.tscn.remap[39m[0m
[  98% ] [90m[1msavepack[22m | 淇濆瓨鏂囦欢锛歳es://scenes/ui/setup_option.tscn.remap[39m[0m
[  98% ] [90m[1msavepack[22m | 淇濆瓨鏂囦欢锛歳es://scenes/ui/setup_section_title.tscn.remap[39m[0m
[  98% ] [90m[1msavepack[22m | 淇濆瓨鏂囦欢锛歳es://scenes/ui/setup_seed_actions.tscn.remap[39m[0m
[  98% ] [90m[1msavepack[22m | 淇濆瓨鏂囦欢锛歳es://scenes/ui/setup_slider_spin.tscn.remap[39m[0m
[  98% ] [90m[1msavepack[22m | 淇濆瓨鏂囦欢锛歳es://scenes/ui/setup_spin.tscn.remap[39m[0m
[  98% ] [90m[1msavepack[22m | 淇濆瓨鏂囦欢锛歳es://scenes/ui/sparkline_chart.tscn.remap[39m[0m
[  98% ] [90m[1msavepack[22m | 淇濆瓨鏂囦欢锛歳es://scenes/ui/technology_detail_card.tscn.remap[39m[0m
[  98% ] [90m[1msavepack[22m | 淇濆瓨鏂囦欢锛歳es://scenes/ui/technology_drag_preview.tscn.remap[39m[0m
[  98% ] [90m[1msavepack[22m | 淇濆瓨鏂囦欢锛歳es://scenes/ui/technology_queue_drop_zone.tscn.remap[39m[0m
[  98% ] [90m[1msavepack[22m | 淇濆瓨鏂囦欢锛歳es://scenes/ui/technology_queue_row.tscn.remap[39m[0m
[  98% ] [90m[1msavepack[22m | 淇濆瓨鏂囦欢锛歳es://scenes/ui/technology_relation_row.tscn.remap[39m[0m
[  98% ] [90m[1msavepack[22m | 淇濆瓨鏂囦欢锛歳es://scenes/ui/technology_tree_view.tscn.remap[39m[0m
[  98% ] [90m[1msavepack[22m | 淇濆瓨鏂囦欢锛歳es://scenes/ui/technology_workspace.tscn.remap[39m[0m
[  98% ] [90m[1msavepack[22m | 淇濆瓨鏂囦欢锛歳es://scenes/ui/treasury_good_card.tscn.remap[39m[0m
[  98% ] [90m[1msavepack[22m | 淇濆瓨鏂囦欢锛歳es://scenes/ui/world_loading_overlay.tscn.remap[39m[0m
[  98% ] [90m[1msavepack[22m | 淇濆瓨鏂囦欢锛歳es://scenes/main.tscn.remap[39m[0m
[  98% ] [90m[1msavepack[22m | 淇濆瓨鏂囦欢锛歳es://scenes/main_menu.tscn.remap[39m[0m
[  98% ] [90m[1msavepack[22m | 淇濆瓨鏂囦欢锛歳es://scenes/player_game.tscn.remap[39m[0m
[  98% ] [90m[1msavepack[22m | 淇濆瓨鏂囦欢锛歳es://scenes/world_setup.tscn.remap[39m[0m
[  98% ] [90m[1msavepack[22m | 淇濆瓨鏂囦欢锛歳es://scripts/bootstrap/demo_bootstrap.gd.remap[39m[0m
[  98% ] [90m[1msavepack[22m | 淇濆瓨鏂囦欢锛歳es://scripts/bootstrap/dots_bootstrap.gd.remap[39m[0m
[  98% ] [90m[1msavepack[22m | 淇濆瓨鏂囦欢锛歳es://scripts/bootstrap/sus_systems_bootstrap.gd.remap[39m[0m
[  98% ] [90m[1msavepack[22m | 淇濆瓨鏂囦欢锛歳es://scripts/bootstrap/visual_bootstrap.gd.remap[39m[0m
[  98% ] [90m[1msavepack[22m | 淇濆瓨鏂囦欢锛歳es://scripts/country/country_facade.gd.remap[39m[0m
[  98% ] [90m[1msavepack[22m | 淇濆瓨鏂囦欢锛歳es://scripts/data/_registry_self_check.gd.remap[39m[0m
[  98% ] [90m[1msavepack[22m | 淇濆瓨鏂囦欢锛歳es://scripts/data/building_profile.gd.remap[39m[0m
[  98% ] [90m[1msavepack[22m | 淇濆瓨鏂囦欢锛歳es://scripts/data/climate_profile.gd.remap[39m[0m
[  98% ] [90m[1msavepack[22m | 淇濆瓨鏂囦欢锛歳es://scripts/data/consumption_plan_profile.gd.remap[39m[0m
[  98% ] [90m[1msavepack[22m | 淇濆瓨鏂囦欢锛歳es://scripts/data/country_name_pack_profile.gd.remap[39m[0m
[  98% ] [90m[1msavepack[22m | 淇濆瓨鏂囦欢锛歳es://scripts/data/country_profile.gd.remap[39m[0m
[  98% ] [90m[1msavepack[22m | 淇濆瓨鏂囦欢锛歳es://scripts/data/decoration_manifest.gd.remap[39m[0m
[  98% ] [90m[1msavepack[22m | 淇濆瓨鏂囦欢锛歳es://scripts/data/detail_scatter_change_set.gd.remap[39m[0m
[  98% ] [90m[1msavepack[22m | 淇濆瓨鏂囦欢锛歳es://scripts/data/economy_profile.gd.remap[39m[0m
[  98% ] [90m[1msavepack[22m | 淇濆瓨鏂囦欢锛歳es://scripts/data/environment_demand_curve_profile.gd.remap[39m[0m
[  98% ] [90m[1msavepack[22m | 淇濆瓨鏂囦欢锛歳es://scripts/data/ethnicity_profile.gd.remap[39m[0m
[  98% ] [90m[1msavepack[22m | 淇濆瓨鏂囦欢锛歳es://scripts/data/family_surname_pack_profile.gd.remap[39m[0m
[  98% ] [90m[1msavepack[22m | 淇濆瓨鏂囦欢锛歳es://scripts/data/good_profile.gd.remap[39m[0m
[  98% ] [90m[1msavepack[22m | 淇濆瓨鏂囦欢锛歳es://scripts/data/good_profile_registry.gd.remap[39m[0m
[  98% ] [90m[1msavepack[22m | 淇濆瓨鏂囦欢锛歳es://scripts/data/need_profile.gd.remap[39m[0m
[  98% ] [90m[1msavepack[22m | 淇濆瓨鏂囦欢锛歳es://scripts/data/person_given_name_pack_profile.gd.remap[39m[0m
[  98% ] [90m[1msavepack[22m | 淇濆瓨鏂囦欢锛歳es://scripts/data/production_climate_profile.gd.remap[39m[0m
[  98% ] [90m[1msavepack[22m | 淇濆瓨鏂囦欢锛歳es://scripts/data/profession_profile.gd.remap[39m[0m
[  98% ] [90m[1msavepack[22m | 淇濆瓨鏂囦欢锛歳es://scripts/data/resource_profile.gd.remap[39m[0m
[  98% ] [90m[1msavepack[22m | 淇濆瓨鏂囦欢锛歳es://scripts/data/resource_profile_registry.gd.remap[39m[0m
[  98% ] [90m[1msavepack[22m | 淇濆瓨鏂囦欢锛歳es://scripts/data/settlement_name_pack_profile.gd.remap[39m[0m
[  98% ] [90m[1msavepack[22m | 淇濆瓨鏂囦欢锛歳es://scripts/data/settlement_profile.gd.remap[39m[0m
[  98% ] [90m[1msavepack[22m | 淇濆瓨鏂囦欢锛歳es://scripts/data/shrub_visual_profile.gd.remap[39m[0m
[  98% ] [90m[1msavepack[22m | 淇濆瓨鏂囦欢锛歳es://scripts/data/technology_domain_profile.gd.remap[39m[0m
[  98% ] [90m[1msavepack[22m | 淇濆瓨鏂囦欢锛歳es://scripts/data/technology_era_profile.gd.remap[39m[0m
[  98% ] [90m[1msavepack[22m | 淇濆瓨鏂囦欢锛歳es://scripts/data/technology_profile.gd.remap[39m[0m
[  98% ] [90m[1msavepack[22m | 淇濆瓨鏂囦欢锛歳es://scripts/data/terrain_profile.gd.remap[39m[0m
[  98% ] [90m[1msavepack[22m | 淇濆瓨鏂囦欢锛歳es://scripts/data/terrain_profile_registry.gd.remap[39m[0m
[  98% ] [90m[1msavepack[22m | 淇濆瓨鏂囦欢锛歳es://scripts/data/vegetation_profile.gd.remap[39m[0m
[  98% ] [90m[1msavepack[22m | 淇濆瓨鏂囦欢锛歳es://scripts/data/vegetation_profile_registry.gd.remap[39m[0m
[  98% ] [90m[1msavepack[22m | 淇濆瓨鏂囦欢锛歳es://scripts/data/weather_profile.gd.remap[39m[0m
[  98% ] [90m[1msavepack[22m | 淇濆瓨鏂囦欢锛歳es://scripts/data/weather_profile_registry.gd.remap[39m[0m
[  98% ] [90m[1msavepack[22m | 淇濆瓨鏂囦欢锛歳es://scripts/data_core/command_buffer.gd.remap[39m[0m
[  98% ] [90m[1msavepack[22m | 淇濆瓨鏂囦欢锛歳es://scripts/data_core/component_ids.gd.remap[39m[0m
[  98% ] [90m[1msavepack[22m | 淇濆瓨鏂囦欢锛歳es://scripts/data_core/component_schema.gd.remap[39m[0m
[  98% ] [90m[1msavepack[22m | 淇濆瓨鏂囦欢锛歳es://scripts/data_core/dc_system.gd.remap[39m[0m
[  98% ] [90m[1msavepack[22m | 淇濆瓨鏂囦欢锛歳es://scripts/data_core/dc_system_scheduler.gd.remap[39m[0m
[  98% ] [90m[1msavepack[22m | 淇濆瓨鏂囦欢锛歳es://scripts/data_core/dots_completion_gate.gd.remap[39m[0m
[  98% ] [90m[1msavepack[22m | 淇濆瓨鏂囦欢锛歳es://scripts/data_core/dots_final_frontier_perf_verdict.gd.remap[39m[0m
[  98% ] [90m[1msavepack[22m | 淇濆瓨鏂囦欢锛歳es://scripts/data_core/dots_final_push_perf_verdict.gd.remap[39m[0m
[  98% ] [90m[1msavepack[22m | 淇濆瓨鏂囦欢锛歳es://scripts/data_core/dots_total_cpp_perf_verdict.gd.remap[39m[0m
[  98% ] [90m[1msavepack[22m | 淇濆瓨鏂囦欢锛歳es://scripts/data_core/feature_flags.gd.remap[39m[0m
[  98% ] [90m[1msavepack[22m | 淇濆瓨鏂囦欢锛歳es://scripts/data_core/flag_bus.gd.remap[39m[0m
[  98% ] [90m[1msavepack[22m | 淇濆瓨鏂囦欢锛歳es://scripts/data_core/fronts_schema.gd.remap[39m[0m
[  98% ] [90m[1msavepack[22m | 淇濆瓨鏂囦欢锛歳es://scripts/data_core/gameplay_event_bus.gd.remap[39m[0m
[  98% ] [90m[1msavepack[22m | 淇濆瓨鏂囦欢锛歳es://scripts/data_core/module_manifest.gd.remap[39m[0m
[  98% ] [90m[1msavepack[22m | 淇濆瓨鏂囦欢锛歳es://scripts/data_core/query.gd.remap[39m[0m
[  98% ] [90m[1msavepack[22m | 淇濆瓨鏂囦欢锛歳es://scripts/data_core/view_adapter.gd.remap[39m[0m
[  98% ] [90m[1msavepack[22m | 淇濆瓨鏂囦欢锛歳es://scripts/data_core/world.gd.remap[39m[0m
[  98% ] [90m[1msavepack[22m | 淇濆瓨鏂囦欢锛歳es://scripts/economy/economy_catalog.gd.remap[39m[0m
[  98% ] [90m[1msavepack[22m | 淇濆瓨鏂囦欢锛歳es://scripts/economy/economy_facade.gd.remap[39m[0m
[  98% ] [90m[1msavepack[22m | 淇濆瓨鏂囦欢锛歳es://scripts/economy/economy_test_bootstrap.gd.remap[39m[0m
[  98% ] [90m[1msavepack[22m | 淇濆瓨鏂囦欢锛歳es://scripts/economy/starter_settlement_bootstrap.gd.remap[39m[0m
[  98% ] [90m[1msavepack[22m | 淇濆瓨鏂囦欢锛歳es://scripts/economy/technology_catalog.gd.remap[39m[0m
[  98% ] [90m[1msavepack[22m | 淇濆瓨鏂囦欢锛歳es://scripts/ecs/dc_ecs_job.gd.remap[39m[0m
[  98% ] [90m[1msavepack[22m | 淇濆瓨鏂囦欢锛歳es://scripts/ecs/dc_ecs_scheduler.gd.remap[39m[0m
[  98% ] [90m[1msavepack[22m | 淇濆瓨鏂囦欢锛歳es://scripts/family/family_behavior_preference.gd.remap[39m[0m
[  98% ] [90m[1msavepack[22m | 淇濆瓨鏂囦欢锛歳es://scripts/family/family_modifier_effect.gd.remap[39m[0m
[  98% ] [90m[1msavepack[22m | 淇濆瓨鏂囦欢锛歳es://scripts/family/family_trait_catalog.gd.remap[39m[0m
[  98% ] [90m[1msavepack[22m | 淇濆瓨鏂囦欢锛歳es://scripts/family/family_trait_definition.gd.remap[39m[0m
[  98% ] [90m[1msavepack[22m | 淇濆瓨鏂囦欢锛歳es://scripts/family/family_trigger_binding.gd.remap[39m[0m
[  98% ] [90m[1msavepack[22m | 淇濆瓨鏂囦欢锛歳es://scripts/game/game_flow_service.gd.remap[39m[0m
[  98% ] [90m[1msavepack[22m | 淇濆瓨鏂囦欢锛歳es://scripts/game/game_save_coordinator.gd.remap[39m[0m
[  98% ] [90m[1msavepack[22m | 淇濆瓨鏂囦欢锛歳es://scripts/game/game_settings_service.gd.remap[39m[0m
[  98% ] [90m[1msavepack[22m | 淇濆瓨鏂囦欢锛歳es://scripts/game/map_interaction_controller.gd.remap[39m[0m
[  98% ] [90m[1msavepack[22m | 淇濆瓨鏂囦欢锛歳es://scripts/game/new_game_config.gd.remap[39m[0m
[  98% ] [90m[1msavepack[22m | 淇濆瓨鏂囦欢锛歳es://scripts/game/player_game.gd.remap[39m[0m
[  98% ] [90m[1msavepack[22m | 淇濆瓨鏂囦欢锛歳es://scripts/game/runtime_state_provider.gd.remap[39m[0m
[  98% ] [90m[1msavepack[22m | 淇濆瓨鏂囦欢锛歳es://scripts/game/save_repository.gd.remap[39m[0m
[  98% ] [90m[1msavepack[22m | 淇濆瓨鏂囦欢锛歳es://scripts/game/selection_controller.gd.remap[39m[0m
[  98% ] [90m[1msavepack[22m | 淇濆瓨鏂囦欢锛歳es://scripts/game/start_location_policy.gd.remap[39m[0m
[  98% ] [90m[1msavepack[22m | 淇濆瓨鏂囦欢锛歳es://scripts/game/start_location_profile.gd.remap[39m[0m
[  98% ] [90m[1msavepack[22m | 淇濆瓨鏂囦欢锛歳es://scripts/game/time_controls_controller.gd.remap[39m[0m
[  98% ] [90m[1msavepack[22m | 淇濆瓨鏂囦欢锛歳es://scripts/game/world_runtime_host.gd.remap[39m[0m
[  98% ] [90m[1msavepack[22m | 淇濆瓨鏂囦欢锛歳es://scripts/geography/map_generation/terrain_gen.gd.remap[39m[0m
[  98% ] [90m[1msavepack[22m | 淇濆瓨鏂囦欢锛歳es://scripts/geography/cover_type.gd.remap[39m[0m
[  98% ] [90m[1msavepack[22m | 淇濆瓨鏂囦欢锛歳es://scripts/geography/diagnostics_bus.gd.remap[39m[0m
[  98% ] [90m[1msavepack[22m | 淇濆瓨鏂囦欢锛歳es://scripts/geography/hex_cell.gd.remap[39m[0m
[  98% ] [90m[1msavepack[22m | 淇濆瓨鏂囦欢锛歳es://scripts/geography/hex_utils.gd.remap[39m[0m
[  98% ] [90m[1msavepack[22m | 淇濆瓨鏂囦欢锛歳es://scripts/geography/landform_type.gd.remap[39m[0m
[  98% ] [90m[1msavepack[22m | 淇濆瓨鏂囦欢锛歳es://scripts/geography/map_config.gd.remap[39m[0m
[  98% ] [90m[1msavepack[22m | 淇濆瓨鏂囦欢锛歳es://scripts/geography/map_data.gd.remap[39m[0m
[  98% ] [90m[1msavepack[22m | 淇濆瓨鏂囦欢锛歳es://scripts/geography/map_generator.gd.remap[39m[0m
[  98% ] [90m[1msavepack[22m | 淇濆瓨鏂囦欢锛歳es://scripts/geography/terrain_type.gd.remap[39m[0m
[  98% ] [90m[1msavepack[22m | 淇濆瓨鏂囦欢锛歳es://scripts/geography/tod_profile.gd.remap[39m[0m
[  98% ] [90m[1msavepack[22m | 淇濆瓨鏂囦欢锛歳es://scripts/geography/vegetation_type.gd.remap[39m[0m
[  98% ] [90m[1msavepack[22m | 淇濆瓨鏂囦欢锛歳es://scripts/geography/vision_solver.gd.remap[39m[0m
[  98% ] [90m[1msavepack[22m | 淇濆瓨鏂囦欢锛歳es://scripts/geography/weather_type.gd.remap[39m[0m
[  98% ] [90m[1msavepack[22m | 淇濆瓨鏂囦欢锛歳es://scripts/geography/world_clock.gd.remap[39m[0m
[  98% ] [90m[1msavepack[22m | 淇濆瓨鏂囦欢锛歳es://scripts/geography/world_data.gd.remap[39m[0m
[  98% ] [90m[1msavepack[22m | 淇濆瓨鏂囦欢锛歳es://scripts/modifier/modifier_catalog.gd.remap[39m[0m
[  98% ] [90m[1msavepack[22m | 淇濆瓨鏂囦欢锛歳es://scripts/modifier/modifier_definition.gd.remap[39m[0m
[  98% ] [90m[1msavepack[22m | 淇濆瓨鏂囦欢锛歳es://scripts/modifier/modifier_facade.gd.remap[39m[0m
[  98% ] [90m[1msavepack[22m | 淇濆瓨鏂囦欢锛歳es://scripts/modifier/modifier_stat_definition.gd.remap[39m[0m
[  98% ] [90m[1msavepack[22m | 淇濆瓨鏂囦欢锛歳es://scripts/modifier/modifier_term.gd.remap[39m[0m
[  98% ] [90m[1msavepack[22m | 淇濆瓨鏂囦欢锛歳es://scripts/rendering/bakers/atlas_encoders.gd.remap[39m[0m
[  98% ] [90m[1msavepack[22m | 淇濆瓨鏂囦欢锛歳es://scripts/rendering/bakers/baker_context.gd.remap[39m[0m
[  98% ] [90m[1msavepack[22m | 淇濆瓨鏂囦欢锛歳es://scripts/rendering/bakers/baker_dirty_helpers.gd.remap[39m[0m
[  98% ] [90m[1msavepack[22m | 淇濆瓨鏂囦欢锛歳es://scripts/rendering/bakers/climate_baker.gd.remap[39m[0m
[  98% ] [90m[1msavepack[22m | 淇濆瓨鏂囦欢锛歳es://scripts/rendering/bakers/overlay_baker.gd.remap[39m[0m
[  98% ] [90m[1msavepack[22m | 淇濆瓨鏂囦欢锛歳es://scripts/rendering/bakers/terrain_baker.gd.remap[39m[0m
[  98% ] [90m[1msavepack[22m | 淇濆瓨鏂囦欢锛歳es://scripts/rendering/bakers/weather_baker.gd.remap[39m[0m
[  98% ] [90m[1msavepack[22m | 淇濆瓨鏂囦欢锛歳es://scripts/rendering/cell_highlight.gd.remap[39m[0m
[  98% ] [90m[1msavepack[22m | 淇濆瓨鏂囦欢锛歳es://scripts/rendering/country_border_layer.gd.remap[39m[0m
[  98% ] [90m[1msavepack[22m | 淇濆瓨鏂囦欢锛歳es://scripts/rendering/data_overlay_baker.gd.remap[39m[0m
[  98% ] [90m[1msavepack[22m | 淇濆瓨鏂囦欢锛歳es://scripts/rendering/data_overlay_layer.gd.remap[39m[0m
[  98% ] [90m[1msavepack[22m | 淇濆瓨鏂囦欢锛歳es://scripts/rendering/fog_of_war_layer.gd.remap[39m[0m
[  98% ] [90m[1msavepack[22m | 淇濆瓨鏂囦欢锛歳es://scripts/rendering/hex_renderer.gd.remap[39m[0m
[  98% ] [90m[1msavepack[22m | 淇濆瓨鏂囦欢锛歳es://scripts/rendering/map_baker.gd.remap[39m[0m
[  98% ] [90m[1msavepack[22m | 淇濆瓨鏂囦欢锛歳es://scripts/rendering/map_camera.gd.remap[39m[0m
[  98% ] [90m[1msavepack[22m | 淇濆瓨鏂囦欢锛歳es://scripts/rendering/overlay_mode.gd.remap[39m[0m
[  98% ] [90m[1msavepack[22m | 淇濆瓨鏂囦欢锛歳es://scripts/rendering/physical_circulation_solver.gd.remap[39m[0m
[  98% ] [90m[1msavepack[22m | 淇濆瓨鏂囦欢锛歳es://scripts/rendering/settlement_label_layer.gd.remap[39m[0m
[  98% ] [90m[1msavepack[22m | 淇濆瓨鏂囦欢锛歳es://scripts/rendering/shrub_layer.gd.remap[39m[0m
[  98% ] [90m[1msavepack[22m | 淇濆瓨鏂囦欢锛歳es://scripts/rendering/vegetation_family_layer.gd.remap[39m[0m
[  98% ] [90m[1msavepack[22m | 淇濆瓨鏂囦欢锛歳es://scripts/rendering/visual_tile_horizon_baker.gd.remap[39m[0m
[  98% ] [90m[1msavepack[22m | 淇濆瓨鏂囦欢锛歳es://scripts/rendering/visual_tile_layout.gd.remap[39m[0m
[  98% ] [90m[1msavepack[22m | 淇濆瓨鏂囦欢锛歳es://scripts/rendering/visual_tile_set.gd.remap[39m[0m
[  98% ] [90m[1msavepack[22m | 淇濆瓨鏂囦欢锛歳es://scripts/rendering/weather_layer.gd.remap[39m[0m
[  98% ] [90m[1msavepack[22m | 淇濆瓨鏂囦欢锛歳es://scripts/simulation/biology/transpiration_pass.gd.remap[39m[0m
[  98% ] [90m[1msavepack[22m | 淇濆瓨鏂囦欢锛歳es://scripts/simulation/climate/climate_math.gd.remap[39m[0m
[  98% ] [90m[1msavepack[22m | 淇濆瓨鏂囦欢锛歳es://scripts/simulation/climate/pass_a.gd.remap[39m[0m
[  98% ] [90m[1msavepack[22m | 淇濆瓨鏂囦欢锛歳es://scripts/simulation/climate/pass_b.gd.remap[39m[0m
[  98% ] [90m[1msavepack[22m | 淇濆瓨鏂囦欢锛歳es://scripts/simulation/climate/wind_heat_transport.gd.remap[39m[0m
[  98% ] [90m[1msavepack[22m | 淇濆瓨鏂囦欢锛歳es://scripts/simulation/ocean/land_pass.gd.remap[39m[0m
[  98% ] [90m[1msavepack[22m | 淇濆瓨鏂囦欢锛歳es://scripts/simulation/ocean/water_pass.gd.remap[39m[0m
[  98% ] [90m[1msavepack[22m | 淇濆瓨鏂囦欢锛歳es://scripts/simulation/sea_ice/daily_pass.gd.remap[39m[0m
[  98% ] [90m[1msavepack[22m | 淇濆瓨鏂囦欢锛歳es://scripts/simulation/sus/jobs/native_daily_sim_job.gd.remap[39m[0m
[  98% ] [90m[1msavepack[22m | 淇濆瓨鏂囦欢锛歳es://scripts/simulation/sus/jobs/ocean_currents_job.gd.remap[39m[0m
[  98% ] [90m[1msavepack[22m | 淇濆瓨鏂囦欢锛歳es://scripts/simulation/sus/jobs/weather_refresh_job.gd.remap[39m[0m
[  98% ] [90m[1msavepack[22m | 淇濆瓨鏂囦欢锛歳es://scripts/simulation/sus/sus_job.gd.remap[39m[0m
[  98% ] [90m[1msavepack[22m | 淇濆瓨鏂囦欢锛歳es://scripts/simulation/sus/sus_policy.gd.remap[39m[0m
[  98% ] [90m[1msavepack[22m | 淇濆瓨鏂囦欢锛歳es://scripts/simulation/sus/sus_scheduler.gd.remap[39m[0m
[  98% ] [90m[1msavepack[22m | 淇濆瓨鏂囦欢锛歳es://scripts/simulation/sus/sus_tick_context.gd.remap[39m[0m
[  98% ] [90m[1msavepack[22m | 淇濆瓨鏂囦欢锛歳es://scripts/simulation/systems/climate_daily_system.gd.remap[39m[0m
[  98% ] [90m[1msavepack[22m | 淇濆瓨鏂囦欢锛歳es://scripts/simulation/systems/country_daily_system.gd.remap[39m[0m
[  98% ] [90m[1msavepack[22m | 淇濆瓨鏂囦欢锛歳es://scripts/simulation/systems/dynamic_visual_atlas_upload_system.gd.remap[39m[0m
[  98% ] [90m[1msavepack[22m | 淇濆瓨鏂囦欢锛歳es://scripts/simulation/systems/economy_daily_system.gd.remap[39m[0m
[  98% ] [90m[1msavepack[22m | 淇濆瓨鏂囦欢锛歳es://scripts/simulation/systems/enum_atlas_upload_system.gd.remap[39m[0m
[  98% ] [90m[1msavepack[22m | 淇濆瓨鏂囦欢锛歳es://scripts/simulation/systems/modifier_daily_system.gd.remap[39m[0m
[  98% ] [90m[1msavepack[22m | 淇濆瓨鏂囦欢锛歳es://scripts/simulation/systems/native_environment_runtime_system.gd.remap[39m[0m
[  98% ] [90m[1msavepack[22m | 淇濆瓨鏂囦欢锛歳es://scripts/simulation/systems/natural_resource_daily_system.gd.remap[39m[0m
[  98% ] [90m[1msavepack[22m | 淇濆瓨鏂囦欢锛歳es://scripts/simulation/systems/ocean_currents_system.gd.remap[39m[0m
[  98% ] [90m[1msavepack[22m | 淇濆瓨鏂囦欢锛歳es://scripts/simulation/systems/season_refresh_system.gd.remap[39m[0m
[  98% ] [90m[1msavepack[22m | 淇濆瓨鏂囦欢锛歳es://scripts/simulation/systems/sea_ice_daily_system.gd.remap[39m[0m
[  98% ] [90m[1msavepack[22m | 淇濆瓨鏂囦欢锛歳es://scripts/simulation/systems/trigger_daily_system.gd.remap[39m[0m
[  98% ] [90m[1msavepack[22m | 淇濆瓨鏂囦欢锛歳es://scripts/simulation/systems/weather_system.gd.remap[39m[0m
[  98% ] [90m[1msavepack[22m | 淇濆瓨鏂囦欢锛歳es://scripts/tools/dots_soak_ab_runner.gd.remap[39m[0m
[  98% ] [90m[1msavepack[22m | 淇濆瓨鏂囦欢锛歳es://scripts/tools/dots_soak_dump.gd.remap[39m[0m
[  98% ] [90m[1msavepack[22m | 淇濆瓨鏂囦欢锛歳es://scripts/trigger/trigger_catalog.gd.remap[39m[0m
[  98% ] [90m[1msavepack[22m | 淇濆瓨鏂囦欢锛歳es://scripts/trigger/trigger_definition.gd.remap[39m[0m
[  98% ] [90m[1msavepack[22m | 淇濆瓨鏂囦欢锛歳es://scripts/trigger/trigger_effect.gd.remap[39m[0m
[  98% ] [90m[1msavepack[22m | 淇濆瓨鏂囦欢锛歳es://scripts/trigger/trigger_facade.gd.remap[39m[0m
[  98% ] [90m[1msavepack[22m | 淇濆瓨鏂囦欢锛歳es://scripts/ui/components/badge_row.gd.remap[39m[0m
[  98% ] [90m[1msavepack[22m | 淇濆瓨鏂囦欢锛歳es://scripts/ui/components/building_list.gd.remap[39m[0m
[  98% ] [90m[1msavepack[22m | 淇濆瓨鏂囦欢锛歳es://scripts/ui/components/category_tabs.gd.remap[39m[0m
[  98% ] [90m[1msavepack[22m | 淇濆瓨鏂囦欢锛歳es://scripts/ui/components/cohort_list.gd.remap[39m[0m
[  98% ] [90m[1msavepack[22m | 淇濆瓨鏂囦欢锛歳es://scripts/ui/components/country_action_bar.gd.remap[39m[0m
[  98% ] [90m[1msavepack[22m | 淇濆瓨鏂囦欢锛歳es://scripts/ui/components/country_panel.gd.remap[39m[0m
[  98% ] [90m[1msavepack[22m | 淇濆瓨鏂囦欢锛歳es://scripts/ui/components/demand_detail_dialog.gd.remap[39m[0m
[  98% ] [90m[1msavepack[22m | 淇濆瓨鏂囦欢锛歳es://scripts/ui/components/economy_workspace.gd.remap[39m[0m
[  98% ] [90m[1msavepack[22m | 淇濆瓨鏂囦欢锛歳es://scripts/ui/components/family_list.gd.remap[39m[0m
[  98% ] [90m[1msavepack[22m | 淇濆瓨鏂囦欢锛歳es://scripts/ui/components/gauge_bar.gd.remap[39m[0m
[  98% ] [90m[1msavepack[22m | 淇濆瓨鏂囦欢锛歳es://scripts/ui/components/icon_badge.gd.remap[39m[0m
[  98% ] [90m[1msavepack[22m | 淇濆瓨鏂囦欢锛歳es://scripts/ui/components/icon_button.gd.remap[39m[0m
[  98% ] [90m[1msavepack[22m | 淇濆瓨鏂囦欢锛歳es://scripts/ui/components/insight_list.gd.remap[39m[0m
[  98% ] [90m[1msavepack[22m | 淇濆瓨鏂囦欢锛歳es://scripts/ui/components/inspector_panel.gd.remap[39m[0m
[  98% ] [90m[1msavepack[22m | 淇濆瓨鏂囦欢锛歳es://scripts/ui/components/loading_atlas_backdrop.gd.remap[39m[0m
[  98% ] [90m[1msavepack[22m | 淇濆瓨鏂囦欢锛歳es://scripts/ui/components/map_overlay_toolbar.gd.remap[39m[0m
[  98% ] [90m[1msavepack[22m | 淇濆瓨鏂囦欢锛歳es://scripts/ui/components/market_list.gd.remap[39m[0m
[  98% ] [90m[1msavepack[22m | 淇濆瓨鏂囦欢锛歳es://scripts/ui/components/metric_card.gd.remap[39m[0m
[  98% ] [90m[1msavepack[22m | 淇濆瓨鏂囦欢锛歳es://scripts/ui/components/object_detail_dialog.gd.remap[39m[0m
[  98% ] [90m[1msavepack[22m | 淇濆瓨鏂囦欢锛歳es://scripts/ui/components/pause_menu.gd.remap[39m[0m
[  98% ] [90m[1msavepack[22m | 淇濆瓨鏂囦欢锛歳es://scripts/ui/components/player_top_bar.gd.remap[39m[0m
[  98% ] [90m[1msavepack[22m | 淇濆瓨鏂囦欢锛歳es://scripts/ui/components/procurement_budget_slider.gd.remap[39m[0m
[  98% ] [90m[1msavepack[22m | 淇濆瓨鏂囦欢锛歳es://scripts/ui/components/radial_gauge.gd.remap[39m[0m
[  98% ] [90m[1msavepack[22m | 淇濆瓨鏂囦欢锛歳es://scripts/ui/components/research_weight_dial.gd.remap[39m[0m
[  98% ] [90m[1msavepack[22m | 淇濆瓨鏂囦欢锛歳es://scripts/ui/components/resource_list.gd.remap[39m[0m
[  98% ] [90m[1msavepack[22m | 淇濆瓨鏂囦欢锛歳es://scripts/ui/components/section_placeholder_screen.gd.remap[39m[0m
[  98% ] [90m[1msavepack[22m | 淇濆瓨鏂囦欢锛歳es://scripts/ui/components/setup_field_row.gd.remap[39m[0m
[  98% ] [90m[1msavepack[22m | 淇濆瓨鏂囦欢锛歳es://scripts/ui/components/sparkline_chart.gd.remap[39m[0m
[  98% ] [90m[1msavepack[22m | 淇濆瓨鏂囦欢锛歳es://scripts/ui/components/technology_detail_card.gd.remap[39m[0m
[  98% ] [90m[1msavepack[22m | 淇濆瓨鏂囦欢锛歳es://scripts/ui/components/technology_queue_drop_zone.gd.remap[39m[0m
[  98% ] [90m[1msavepack[22m | 淇濆瓨鏂囦欢锛歳es://scripts/ui/components/technology_queue_row.gd.remap[39m[0m
[  98% ] [90m[1msavepack[22m | 淇濆瓨鏂囦欢锛歳es://scripts/ui/components/technology_tree_view.gd.remap[39m[0m
[  98% ] [90m[1msavepack[22m | 淇濆瓨鏂囦欢锛歳es://scripts/ui/components/technology_workspace.gd.remap[39m[0m
[  98% ] [90m[1msavepack[22m | 淇濆瓨鏂囦欢锛歳es://scripts/ui/components/world_loading_overlay.gd.remap[39m[0m
[  98% ] [90m[1msavepack[22m | 淇濆瓨鏂囦欢锛歳es://scripts/ui/cell_inspector_view_model.gd.remap[39m[0m
[  98% ] [90m[1msavepack[22m | 淇濆瓨鏂囦欢锛歳es://scripts/ui/chart_adapter.gd.remap[39m[0m
[  98% ] [90m[1msavepack[22m | 淇濆瓨鏂囦欢锛歳es://scripts/ui/country_view_model.gd.remap[39m[0m
[  98% ] [90m[1msavepack[22m | 淇濆瓨鏂囦欢锛歳es://scripts/ui/debug_console.gd.remap[39m[0m
[  98% ] [90m[1msavepack[22m | 淇濆瓨鏂囦欢锛歳es://scripts/ui/economy_data_recorder.gd.remap[39m[0m
[  98% ] [90m[1msavepack[22m | 淇濆瓨鏂囦欢锛歳es://scripts/ui/game_ui_manager.gd.remap[39m[0m
[  98% ] [90m[1msavepack[22m | 淇濆瓨鏂囦欢锛歳es://scripts/ui/gm_panel_view_model.gd.remap[39m[0m
[  98% ] [90m[1msavepack[22m | 淇濆瓨鏂囦欢锛歳es://scripts/ui/icon_catalog.gd.remap[39m[0m
[  98% ] [90m[1msavepack[22m | 淇濆瓨鏂囦欢锛歳es://scripts/ui/icon_presenter.gd.remap[39m[0m
[  98% ] [90m[1msavepack[22m | 淇濆瓨鏂囦欢锛歳es://scripts/ui/info_panel_controller.gd.remap[39m[0m
[  98% ] [90m[1msavepack[22m | 淇濆瓨鏂囦欢锛歳es://scripts/ui/main_menu.gd.remap[39m[0m
[  98% ] [90m[1msavepack[22m | 淇濆瓨鏂囦欢锛歳es://scripts/ui/overlay_legend.gd.remap[39m[0m
[  98% ] [90m[1msavepack[22m | 淇濆瓨鏂囦欢锛歳es://scripts/ui/perf_mini_hud.gd.remap[39m[0m
[  98% ] [90m[1msavepack[22m | 淇濆瓨鏂囦欢锛歳es://scripts/ui/perf_recorder.gd.remap[39m[0m
[  98% ] [90m[1msavepack[22m | 淇濆瓨鏂囦欢锛歳es://scripts/ui/technology_tree_layout.gd.remap[39m[0m
[  98% ] [90m[1msavepack[22m | 淇濆瓨鏂囦欢锛歳es://scripts/ui/tile_data_recorder.gd.remap[39m[0m
[  98% ] [90m[1msavepack[22m | 淇濆瓨鏂囦欢锛歳es://scripts/ui/ui_animation.gd.remap[39m[0m
[  98% ] [90m[1msavepack[22m | 淇濆瓨鏂囦欢锛歳es://scripts/ui/ui_tokens.gd.remap[39m[0m
[  98% ] [90m[1msavepack[22m | 淇濆瓨鏂囦欢锛歳es://scripts/ui/world_setup.gd.remap[39m[0m
[  98% ] [90m[1msavepack[22m | 淇濆瓨鏂囦欢锛歳es://scripts/util/pk_log.gd.remap[39m[0m
[  98% ] [90m[1msavepack[22m | 淇濆瓨鏂囦欢锛歳es://scripts/weather/feedback.gd.remap[39m[0m
[  98% ] [90m[1msavepack[22m | 淇濆瓨鏂囦欢锛歳es://scripts/weather/field_solver.gd.remap[39m[0m
[  98% ] [90m[1msavepack[22m | 淇濆瓨鏂囦欢锛歳es://scripts/weather/front_advect.gd.remap[39m[0m
[  98% ] [90m[1msavepack[22m | 淇濆瓨鏂囦欢锛歳es://scripts/weather/front_spawn.gd.remap[39m[0m
[  98% ] [90m[1msavepack[22m | 淇濆瓨鏂囦欢锛歳es://scripts/weather/summary_builder.gd.remap[39m[0m
[  98% ] [90m[1msavepack[22m | 淇濆瓨鏂囦欢锛歳es://scripts/weather/weather_front.gd.remap[39m[0m
[  98% ] [90m[1msavepack[22m | 淇濆瓨鏂囦欢锛歳es://scripts/weather/weather_system.gd.remap[39m[0m
[  98% ] [90m[1msavepack[22m | 淇濆瓨鏂囦欢锛歳es://scripts/weather/wind_belt.gd.remap[39m[0m
[  98% ] [90m[1msavepack[22m | 淇濆瓨鏂囦欢锛歳es://scripts/main.gd.remap[39m[0m
[  98% ] [90m[1msavepack[22m | 淇濆瓨鏂囦欢锛歳es://tests/dots_completion/dots_completion_gate.gd.remap[39m[0m
[  98% ] [90m[1msavepack[22m | 淇濆瓨鏂囦欢锛歳es://tests/dots_completion/record_baseline.gd.remap[39m[0m
[  98% ] [90m[1msavepack[22m | 淇濆瓨鏂囦欢锛歳es://tests/_tmp_csv_alignment_audit.gd.remap[39m[0m
[  98% ] [90m[1msavepack[22m | 淇濆瓨鏂囦欢锛歳es://tests/_tmp_live_veg_repro.gd.remap[39m[0m
[  98% ] [90m[1msavepack[22m | 淇濆瓨鏂囦欢锛歳es://tests/_tmp_map_snapshot.gd.remap[39m[0m
[  98% ] [90m[1msavepack[22m | 淇濆瓨鏂囦欢锛歳es://tests/_tmp_player_flow_probe.gd.remap[39m[0m
[  98% ] [90m[1msavepack[22m | 淇濆瓨鏂囦欢锛歳es://tests/_tmp_player_flow_probe.tscn.remap[39m[0m
[  98% ] [90m[1msavepack[22m | 淇濆瓨鏂囦欢锛歳es://tests/_tmp_probe.gd.remap[39m[0m
[  98% ] [90m[1msavepack[22m | 淇濆瓨鏂囦欢锛歳es://tests/_tmp_render_backend_probe.gd.remap[39m[0m
[  98% ] [90m[1msavepack[22m | 淇濆瓨鏂囦欢锛歳es://tests/_tmp_render_backend_probe.tscn.remap[39m[0m
[  98% ] [90m[1msavepack[22m | 淇濆瓨鏂囦欢锛歳es://tests/_tmp_save_probe.gd.remap[39m[0m
[  98% ] [90m[1msavepack[22m | 淇濆瓨鏂囦欢锛歳es://tests/_tmp_scatter_sync_bench.gd.remap[39m[0m
[  98% ] [90m[1msavepack[22m | 淇濆瓨鏂囦欢锛歳es://tests/_tmp_scatter_veg_audit.gd.remap[39m[0m
[  98% ] [90m[1msavepack[22m | 淇濆瓨鏂囦欢锛歳es://tests/_tmp_succession_soak.gd.remap[39m[0m
[  98% ] [90m[1msavepack[22m | 淇濆瓨鏂囦欢锛歳es://tests/_tmp_terrain_material_probe.gd.remap[39m[0m
[  98% ] [90m[1msavepack[22m | 淇濆瓨鏂囦欢锛歳es://tests/_tmp_zonal_probe.gd.remap[39m[0m
[  98% ] [90m[1msavepack[22m | 淇濆瓨鏂囦欢锛歳es://tests/badlands_density_test.gd.remap[39m[0m
[  98% ] [90m[1msavepack[22m | 淇濆瓨鏂囦欢锛歳es://tests/baker_atlas_section_verdict_test.gd.remap[39m[0m
[  98% ] [90m[1msavepack[22m | 淇濆瓨鏂囦欢锛歳es://tests/bake_encoder_cpp_parity_test.gd.remap[39m[0m
[  98% ] [90m[1msavepack[22m | 淇濆瓨鏂囦欢锛歳es://tests/biome_climate_timescale_test.gd.remap[39m[0m
[  98% ] [90m[1msavepack[22m | 淇濆瓨鏂囦欢锛歳es://tests/biome_vegetation_alignment_test.gd.remap[39m[0m
[  98% ] [90m[1msavepack[22m | 淇濆瓨鏂囦欢锛歳es://tests/building_inspector_state_test.gd.remap[39m[0m
[  98% ] [90m[1msavepack[22m | 淇濆瓨鏂囦欢锛歳es://tests/building_resource_chain_test.gd.remap[39m[0m
[  98% ] [90m[1msavepack[22m | 淇濆瓨鏂囦欢锛歳es://tests/building_runtime_bench.gd.remap[39m[0m
[  98% ] [90m[1msavepack[22m | 淇濆瓨鏂囦欢锛歳es://tests/building_runtime_test.gd.remap[39m[0m
[  98% ] [90m[1msavepack[22m | 淇濆瓨鏂囦欢锛歳es://tests/camera_detail_lod_test.gd.remap[39m[0m
[  98% ] [90m[1msavepack[22m | 淇濆瓨鏂囦欢锛歳es://tests/cell_lut_incremental_test.gd.remap[39m[0m
[  98% ] [90m[1msavepack[22m | 淇濆瓨鏂囦欢锛歳es://tests/climate_pass_bench.gd.remap[39m[0m
[  98% ] [90m[1msavepack[22m | 淇濆瓨鏂囦欢锛歳es://tests/climate_pipeline_spike_reduction_test.gd.remap[39m[0m
[  98% ] [90m[1msavepack[22m | 淇濆瓨鏂囦欢锛歳es://tests/cooperative_world_generation_test.gd.remap[39m[0m
[  98% ] [90m[1msavepack[22m | 淇濆瓨鏂囦欢锛歳es://tests/country_border_mesh_test.gd.remap[39m[0m
[  98% ] [90m[1msavepack[22m | 淇濆瓨鏂囦欢锛歳es://tests/country_runtime_bench.gd.remap[39m[0m
[  98% ] [90m[1msavepack[22m | 淇濆瓨鏂囦欢锛歳es://tests/country_runtime_test.gd.remap[39m[0m
[  98% ] [90m[1msavepack[22m | 淇濆瓨鏂囦欢锛歳es://tests/country_test_helper.gd.remap[39m[0m
[  98% ] [90m[1msavepack[22m | 淇濆瓨鏂囦欢锛歳es://tests/day_night_default_test.gd.remap[39m[0m
[  98% ] [90m[1msavepack[22m | 淇濆瓨鏂囦欢锛歳es://tests/dc_system_test.gd.remap[39m[0m
[  98% ] [90m[1msavepack[22m | 淇濆瓨鏂囦欢锛歳es://tests/debug_console_format_test.gd.remap[39m[0m
[  98% ] [90m[1msavepack[22m | 淇濆瓨鏂囦欢锛歳es://tests/detail_scatter_budget_slice_test.gd.remap[39m[0m
[  98% ] [90m[1msavepack[22m | 淇濆瓨鏂囦欢锛歳es://tests/detail_scatter_lod_order_test.gd.remap[39m[0m
[  98% ] [90m[1msavepack[22m | 淇濆瓨鏂囦欢锛歳es://tests/detail_scatter_visibility_test.gd.remap[39m[0m
[  98% ] [90m[1msavepack[22m | 淇濆瓨鏂囦欢锛歳es://tests/detail_scatter_wrap_mirror_test.gd.remap[39m[0m
[  98% ] [90m[1msavepack[22m | 淇濆瓨鏂囦欢锛歳es://tests/dirty_mask_test.gd.remap[39m[0m
[  98% ] [90m[1msavepack[22m | 淇濆瓨鏂囦欢锛歳es://tests/dynamic_eternal_day_direction_test.gd.remap[39m[0m
[  98% ] [90m[1msavepack[22m | 淇濆瓨鏂囦欢锛歳es://tests/economy_backpressure_timebox_test.gd.remap[39m[0m
[  98% ] [90m[1msavepack[22m | 淇濆瓨鏂囦欢锛歳es://tests/economy_birth_runtime_test.gd.remap[39m[0m
[  98% ] [90m[1msavepack[22m | 淇濆瓨鏂囦欢锛歳es://tests/economy_data_recorder_test.gd.remap[39m[0m
[  98% ] [90m[1msavepack[22m | 淇濆瓨鏂囦欢锛歳es://tests/economy_map_generation_test.gd.remap[39m[0m
[  98% ] [90m[1msavepack[22m | 淇濆瓨鏂囦欢锛歳es://tests/economy_rolling_runtime_test.gd.remap[39m[0m
[  98% ] [90m[1msavepack[22m | 淇濆瓨鏂囦欢锛歳es://tests/economy_runtime_bench.gd.remap[39m[0m
[  98% ] [90m[1msavepack[22m | 淇濆瓨鏂囦欢锛歳es://tests/economy_test_bootstrap_test.gd.remap[39m[0m
[  98% ] [90m[1msavepack[22m | 淇濆瓨鏂囦欢锛歳es://tests/economy_trade_runtime_test.gd.remap[39m[0m
[  98% ] [90m[1msavepack[22m | 淇濆瓨鏂囦欢锛歳es://tests/environment_runtime_smoke_test.gd.remap[39m[0m
[  98% ] [90m[1msavepack[22m | 淇濆瓨鏂囦欢锛歳es://tests/family_runtime_test.gd.remap[39m[0m
[  98% ] [90m[1msavepack[22m | 淇濆瓨鏂囦欢锛歳es://tests/gameplay_start_matrix_test.gd.remap[39m[0m
[  98% ] [90m[1msavepack[22m | 淇濆瓨鏂囦欢锛歳es://tests/gameplay_start_runtime_test.gd.remap[39m[0m
[  98% ] [90m[1msavepack[22m | 淇濆瓨鏂囦欢锛歳es://tests/game_save_roundtrip_test.gd.remap[39m[0m
[  98% ] [90m[1msavepack[22m | 淇濆瓨鏂囦欢锛歳es://tests/game_settings_service_test.gd.remap[39m[0m
[  98% ] [90m[1msavepack[22m | 淇濆瓨鏂囦欢锛歳es://tests/generation_riparian_biome_test.gd.remap[39m[0m
[  98% ] [90m[1msavepack[22m | 淇濆瓨鏂囦欢锛歳es://tests/generation_zonal_moisture_test.gd.remap[39m[0m
[  98% ] [90m[1msavepack[22m | 淇濆瓨鏂囦欢锛歳es://tests/geomorph_diversity_test.gd.remap[39m[0m
[  98% ] [90m[1msavepack[22m | 淇濆瓨鏂囦欢锛歳es://tests/gm_panel_runtime_test.gd.remap[39m[0m
[  98% ] [90m[1msavepack[22m | 淇濆瓨鏂囦欢锛歳es://tests/gm_panel_view_model_test.gd.remap[39m[0m
[  98% ] [90m[1msavepack[22m | 淇濆瓨鏂囦欢锛歳es://tests/gm_panel_visual_smoke.gd.remap[39m[0m
[  98% ] [90m[1msavepack[22m | 淇濆瓨鏂囦欢锛歳es://tests/gm_runtime_host_test.gd.remap[39m[0m
[  98% ] [90m[1msavepack[22m | 淇濆瓨鏂囦欢锛歳es://tests/goods_storage_schema_test.gd.remap[39m[0m
[  98% ] [90m[1msavepack[22m | 淇濆瓨鏂囦欢锛歳es://tests/headless_ns_climate_probe.gd.remap[39m[0m
[  98% ] [90m[1msavepack[22m | 淇濆瓨鏂囦欢锛歳es://tests/headless_perf_record.gd.remap[39m[0m
[  98% ] [90m[1msavepack[22m | 淇濆瓨鏂囦欢锛歳es://tests/icon_catalog_audit_test.gd.remap[39m[0m
[  98% ] [90m[1msavepack[22m | 淇濆瓨鏂囦欢锛歳es://tests/info_panel_resource_lines_test.gd.remap[39m[0m
[  98% ] [90m[1msavepack[22m | 淇濆瓨鏂囦欢锛歳es://tests/inspector_geography_semantics_test.gd.remap[39m[0m
[  98% ] [90m[1msavepack[22m | 淇濆瓨鏂囦欢锛歳es://tests/inspector_live_patch_test.gd.remap[39m[0m
[  98% ] [90m[1msavepack[22m | 淇濆瓨鏂囦欢锛歳es://tests/main_menu_capture_test.gd.remap[39m[0m
[  98% ] [90m[1msavepack[22m | 淇濆瓨鏂囦欢锛歳es://tests/main_menu_foreign_count_test.gd.remap[39m[0m
[  98% ] [90m[1msavepack[22m | 淇濆瓨鏂囦欢锛歳es://tests/map_overlay_cell_lut_test.gd.remap[39m[0m
[  98% ] [90m[1msavepack[22m | 淇濆瓨鏂囦欢锛歳es://tests/marine_fish_habitat_test.gd.remap[39m[0m
[  98% ] [90m[1msavepack[22m | 淇濆瓨鏂囦欢锛歳es://tests/market_list_diff_test.gd.remap[39m[0m
[  98% ] [90m[1msavepack[22m | 淇濆瓨鏂囦欢锛歳es://tests/modern_economy_catalog_test.gd.remap[39m[0m
[  98% ] [90m[1msavepack[22m | 淇濆瓨鏂囦欢锛歳es://tests/modern_economy_runtime_test.gd.remap[39m[0m
[  98% ] [90m[1msavepack[22m | 淇濆瓨鏂囦欢锛歳es://tests/modifier_runtime_test.gd.remap[39m[0m
[  98% ] [90m[1msavepack[22m | 淇濆瓨鏂囦欢锛歳es://tests/native_daily_active_bootstrap_test.gd.remap[39m[0m
[  98% ] [90m[1msavepack[22m | 淇濆瓨鏂囦欢锛歳es://tests/native_daily_graph_order_test.gd.remap[39m[0m
[  98% ] [90m[1msavepack[22m | 淇濆瓨鏂囦欢锛歳es://tests/native_daily_hydrology_graph_test.gd.remap[39m[0m
[  98% ] [90m[1msavepack[22m | 淇濆瓨鏂囦欢锛歳es://tests/native_daily_shadow_runtime_test.gd.remap[39m[0m
[  98% ] [90m[1msavepack[22m | 淇濆瓨鏂囦欢锛歳es://tests/native_daily_shadow_soak_test.gd.remap[39m[0m
[  98% ] [90m[1msavepack[22m | 淇濆瓨鏂囦欢锛歳es://tests/native_daily_shadow_test.gd.remap[39m[0m
[  98% ] [90m[1msavepack[22m | 淇濆瓨鏂囦欢锛歳es://tests/native_daily_weather_split_graph_test.gd.remap[39m[0m
[  98% ] [90m[1msavepack[22m | 淇濆瓨鏂囦欢锛歳es://tests/native_dt_compensation_probe_test.gd.remap[39m[0m
[  98% ] [90m[1msavepack[22m | 淇濆瓨鏂囦欢锛歳es://tests/native_generation_equivalence_test.gd.remap[39m[0m
[  98% ] [90m[1msavepack[22m | 淇濆瓨鏂囦欢锛歳es://tests/native_initial_vegetation_ecology_test.gd.remap[39m[0m
[  98% ] [90m[1msavepack[22m | 淇濆瓨鏂囦欢锛歳es://tests/native_ocean_water_sea_ice_suppression_test.gd.remap[39m[0m
[  98% ] [90m[1msavepack[22m | 淇濆瓨鏂囦欢锛歳es://tests/native_pass_a_legacy_season_offset_test.gd.remap[39m[0m
[  98% ] [90m[1msavepack[22m | 淇濆瓨鏂囦欢锛歳es://tests/native_sea_ice_state_machine_test.gd.remap[39m[0m
[  98% ] [90m[1msavepack[22m | 淇濆瓨鏂囦欢锛歳es://tests/native_weather_daily_readiness_test.gd.remap[39m[0m
[  98% ] [90m[1msavepack[22m | 淇濆瓨鏂囦欢锛歳es://tests/native_wind_surface_transport_budget_test.gd.remap[39m[0m
[  98% ] [90m[1msavepack[22m | 淇濆瓨鏂囦欢锛歳es://tests/native_wind_surface_zero_baseline_test.gd.remap[39m[0m
[  98% ] [90m[1msavepack[22m | 淇濆瓨鏂囦欢锛歳es://tests/native_wind_traj_momentum_test.gd.remap[39m[0m
[  98% ] [90m[1msavepack[22m | 淇濆瓨鏂囦欢锛歳es://tests/natural_resource_daily_schedule_test.gd.remap[39m[0m
[  98% ] [90m[1msavepack[22m | 淇濆瓨鏂囦欢锛歳es://tests/natural_resource_distribution_capacity_test.gd.remap[39m[0m
[  98% ] [90m[1msavepack[22m | 淇濆瓨鏂囦欢锛歳es://tests/natural_resource_init_deposit_test.gd.remap[39m[0m
[  98% ] [90m[1msavepack[22m | 淇濆瓨鏂囦欢锛歳es://tests/natural_resource_pass_bench.gd.remap[39m[0m
[  98% ] [90m[1msavepack[22m | 淇濆瓨鏂囦欢锛歳es://tests/natural_resource_pass_test.gd.remap[39m[0m
[  98% ] [90m[1msavepack[22m | 淇濆瓨鏂囦欢锛歳es://tests/new_game_config_test.gd.remap[39m[0m
[  98% ] [90m[1msavepack[22m | 淇濆瓨鏂囦欢锛歳es://tests/overlay_edge_transition_shader_test.gd.remap[39m[0m
[  98% ] [90m[1msavepack[22m | 淇濆瓨鏂囦欢锛歳es://tests/perf_recorder_test.gd.remap[39m[0m
[  98% ] [90m[1msavepack[22m | 淇濆瓨鏂囦欢锛歳es://tests/physical_synoptic_wrap_test.gd.remap[39m[0m
[  98% ] [90m[1msavepack[22m | 淇濆瓨鏂囦欢锛歳es://tests/player_country_ui_smoke_test.gd.remap[39m[0m
[  98% ] [90m[1msavepack[22m | 淇濆瓨鏂囦欢锛歳es://tests/player_map_overlay_smoke_test.gd.remap[39m[0m
[  98% ] [90m[1msavepack[22m | 淇濆瓨鏂囦欢锛歳es://tests/player_top_bar_day_night_test.gd.remap[39m[0m
[  98% ] [90m[1msavepack[22m | 淇濆瓨鏂囦欢锛歳es://tests/player_ui_view_model_test.gd.remap[39m[0m
[  98% ] [90m[1msavepack[22m | 淇濆瓨鏂囦欢锛歳es://tests/population_cell_summary_test.gd.remap[39m[0m
[  98% ] [90m[1msavepack[22m | 淇濆瓨鏂囦欢锛歳es://tests/production_climate_math_test.gd.remap[39m[0m
[  98% ] [90m[1msavepack[22m | 淇濆瓨鏂囦欢锛歳es://tests/production_climate_runtime_test.gd.remap[39m[0m
[  98% ] [90m[1msavepack[22m | 淇濆瓨鏂囦欢锛歳es://tests/rift_emergence_test.gd.remap[39m[0m
[  98% ] [90m[1msavepack[22m | 淇濆瓨鏂囦欢锛歳es://tests/satisfaction_runtime_test.gd.remap[39m[0m
[  98% ] [90m[1msavepack[22m | 淇濆瓨鏂囦欢锛歳es://tests/save_repository_test.gd.remap[39m[0m
[  98% ] [90m[1msavepack[22m | 淇濆瓨鏂囦欢锛歳es://tests/schema_migration_test.gd.remap[39m[0m
[  98% ] [90m[1msavepack[22m | 淇濆瓨鏂囦欢锛歳es://tests/sea_ice_atlas_unify_test.gd.remap[39m[0m
[  98% ] [90m[1msavepack[22m | 淇濆瓨鏂囦欢锛歳es://tests/sea_ice_solar_gate_formula_test.gd.remap[39m[0m
[  98% ] [90m[1msavepack[22m | 淇濆瓨鏂囦欢锛歳es://tests/settlement_label_layer_test.gd.remap[39m[0m
[  98% ] [90m[1msavepack[22m | 淇濆瓨鏂囦欢锛歳es://tests/settlement_runtime_test.gd.remap[39m[0m
[  98% ] [90m[1msavepack[22m | 淇濆瓨鏂囦欢锛歳es://tests/sim_2ms_ulp_tolerant_test.gd.remap[39m[0m
[  98% ] [90m[1msavepack[22m | 淇濆瓨鏂囦欢锛歳es://tests/starter_settlement_soak_test.gd.remap[39m[0m
[  98% ] [90m[1msavepack[22m | 淇濆瓨鏂囦欢锛歳es://tests/technology_catalog_test.gd.remap[39m[0m
[  98% ] [90m[1msavepack[22m | 淇濆瓨鏂囦欢锛歳es://tests/technology_modifier_activation_test.gd.remap[39m[0m
[  98% ] [90m[1msavepack[22m | 淇濆瓨鏂囦欢锛歳es://tests/technology_procurement_runtime_test.gd.remap[39m[0m
[  98% ] [90m[1msavepack[22m | 淇濆瓨鏂囦欢锛歳es://tests/technology_research_runtime_test.gd.remap[39m[0m
[  98% ] [90m[1msavepack[22m | 淇濆瓨鏂囦欢锛歳es://tests/technology_workspace_smoke_test.gd.remap[39m[0m
[  98% ] [90m[1msavepack[22m | 淇濆瓨鏂囦欢锛歳es://tests/temperature_band_ui_test.gd.remap[39m[0m
[  98% ] [90m[1msavepack[22m | 淇濆瓨鏂囦欢锛歳es://tests/terrain_detail_continuity_test.gd.remap[39m[0m
[  98% ] [90m[1msavepack[22m | 淇濆瓨鏂囦欢锛歳es://tests/terrain_gi_test.gd.remap[39m[0m
[  98% ] [90m[1msavepack[22m | 淇濆瓨鏂囦欢锛歳es://tests/terrain_index_edge_bake_test.gd.remap[39m[0m
[  98% ] [90m[1msavepack[22m | 淇濆瓨鏂囦欢锛歳es://tests/terrain_material_tile_test.gd.remap[39m[0m
[  98% ] [90m[1msavepack[22m | 淇濆瓨鏂囦欢锛歳es://tests/terrain_shader_variant_test.gd.remap[39m[0m
[  98% ] [90m[1msavepack[22m | 淇濆瓨鏂囦欢锛歳es://tests/tile_data_recorder_test.gd.remap[39m[0m
[  98% ] [90m[1msavepack[22m | 淇濆瓨鏂囦欢锛歳es://tests/tmp_biome_eval.gd.remap[39m[0m
[  98% ] [90m[1msavepack[22m | 淇濆瓨鏂囦欢锛歳es://tests/tmp_economy_two_year_50x_probe.gd.remap[39m[0m
[  98% ] [90m[1msavepack[22m | 淇濆瓨鏂囦欢锛歳es://tests/tmp_maritime_eval.gd.remap[39m[0m
[  98% ] [90m[1msavepack[22m | 淇濆瓨鏂囦欢锛歳es://tests/tmp_native_batch_bitequal_test.gd.remap[39m[0m
[  98% ] [90m[1msavepack[22m | 淇濆瓨鏂囦欢锛歳es://tests/tmp_native_perf_breakdown.gd.remap[39m[0m
[  98% ] [90m[1msavepack[22m | 淇濆瓨鏂囦欢锛歳es://tests/tmp_native_spread_validate.gd.remap[39m[0m
[  98% ] [90m[1msavepack[22m | 淇濆瓨鏂囦欢锛歳es://tests/tmp_seaice_visual_eval.gd.remap[39m[0m
[  98% ] [90m[1msavepack[22m | 淇濆瓨鏂囦欢锛歳es://tests/tmp_wx_eval.gd.remap[39m[0m
[  98% ] [90m[1msavepack[22m | 淇濆瓨鏂囦欢锛歳es://tests/trigger_aggregators_test.gd.remap[39m[0m
[  98% ] [90m[1msavepack[22m | 淇濆瓨鏂囦欢锛歳es://tests/trigger_conditions_test.gd.remap[39m[0m
[  98% ] [90m[1msavepack[22m | 淇濆瓨鏂囦欢锛歳es://tests/trigger_family_branch_test.gd.remap[39m[0m
[  98% ] [90m[1msavepack[22m | 淇濆瓨鏂囦欢锛歳es://tests/trigger_runtime_test.gd.remap[39m[0m
[  98% ] [90m[1msavepack[22m | 淇濆瓨鏂囦欢锛歳es://tests/ui_scene_structure_test.gd.remap[39m[0m
[  98% ] [90m[1msavepack[22m | 淇濆瓨鏂囦欢锛歳es://tests/vegetation_climate_loop_formula_test.gd.remap[39m[0m
[  98% ] [90m[1msavepack[22m | 淇濆瓨鏂囦欢锛歳es://tests/vegetation_family_layer_test.gd.remap[39m[0m
[  98% ] [90m[1msavepack[22m | 淇濆瓨鏂囦欢锛歳es://tests/vegetation_manifest_perf_test.gd.remap[39m[0m
[  98% ] [90m[1msavepack[22m | 淇濆瓨鏂囦欢锛歳es://tests/view_adapter_test.gd.remap[39m[0m
[  98% ] [90m[1msavepack[22m | 淇濆瓨鏂囦欢锛歳es://tests/vision_solver_test.gd.remap[39m[0m
[  98% ] [90m[1msavepack[22m | 淇濆瓨鏂囦欢锛歳es://tests/visual_tile_horizon_shader_test.gd.remap[39m[0m
[  98% ] [90m[1msavepack[22m | 淇濆瓨鏂囦欢锛歳es://tests/visual_tile_horizon_smoke_test.gd.remap[39m[0m
[  98% ] [90m[1msavepack[22m | 淇濆瓨鏂囦欢锛歳es://tests/visual_tile_layout_test.gd.remap[39m[0m
[  98% ] [90m[1msavepack[22m | 淇濆瓨鏂囦欢锛歳es://tests/visual_tile_native_bake_test.gd.remap[39m[0m
[  98% ] [90m[1msavepack[22m | 淇濆瓨鏂囦欢锛歳es://tests/visual_tile_renderer_variant_lifecycle_test.gd.remap[39m[0m
[  98% ] [90m[1msavepack[22m | 淇濆瓨鏂囦欢锛歳es://tests/weather_field_solver_test.gd.remap[39m[0m
[  98% ] [90m[1msavepack[22m | 淇濆瓨鏂囦欢锛歳es://tests/weather_front_shape_test.gd.remap[39m[0m
[  98% ] [90m[1msavepack[22m | 淇濆瓨鏂囦欢锛歳es://tests/weather_profile_regression_test.gd.remap[39m[0m
[  98% ] [90m[1msavepack[22m | 淇濆瓨鏂囦欢锛歳es://tests/world_serialize_test.gd.remap[39m[0m
[  98% ] [90m[1msavepack[22m | 淇濆瓨鏂囦欢锛歳es://tests/world_write_indexed_test.gd.remap[39m[0m
[  98% ] [90m[1msavepack[22m | 淇濆瓨鏂囦欢锛歳es://tmp/bench_archetype_filter.gd.remap[39m[0m
[  98% ] [90m[1msavepack[22m | 淇濆瓨鏂囦欢锛歳es://tmp/bench_async_demo_complex.gd.remap[39m[0m
[  98% ] [90m[1msavepack[22m | 淇濆瓨鏂囦欢锛歳es://tmp/bench_demo_complex.gd.remap[39m[0m
[  98% ] [90m[1msavepack[22m | 淇濆瓨鏂囦欢锛歳es://tmp/bench_dots_vs_dict.gd.remap[39m[0m
[  98% ] [90m[1msavepack[22m | 淇濆瓨鏂囦欢锛歳es://tmp/bench_ecs_scheduler_realjobs.gd.remap[39m[0m
[  98% ] [90m[1msavepack[22m | 淇濆瓨鏂囦欢锛歳es://tmp/bench_ecs_scheduler_stress.gd.remap[39m[0m
[  98% ] [90m[1msavepack[22m | 淇濆瓨鏂囦欢锛歳es://tmp/bench_pass_a_methods.gd.remap[39m[0m
[  98% ] [90m[1msavepack[22m | 淇濆瓨鏂囦欢锛歳es://tmp/bench_soa_chunk_repack.gd.remap[39m[0m
[  98% ] [90m[1msavepack[22m | 淇濆瓨鏂囦欢锛歳es://tmp/bench_temp_drift.gd.remap[39m[0m
[  98% ] [90m[1msavepack[22m | 淇濆瓨鏂囦欢锛歳es://tmp/bench_thermal_gradient.gd.remap[39m[0m
[  98% ] [90m[1msavepack[22m | 淇濆瓨鏂囦欢锛歳es://tmp/bench_thermal_gradient_paths.gd.remap[39m[0m
[  98% ] [90m[1msavepack[22m | 淇濆瓨鏂囦欢锛歳es://tmp/demo_ecs_job.gd.remap[39m[0m
[  98% ] [90m[1msavepack[22m | 淇濆瓨鏂囦欢锛歳es://tmp/demo_ecs_run.gd.remap[39m[0m
[  98% ] [90m[1msavepack[22m | 淇濆瓨鏂囦欢锛歳es://tmp/demo_ecs_scheduler.gd.remap[39m[0m
[  98% ] [90m[1msavepack[22m | 淇濆瓨鏂囦欢锛歳es://tmp/spike_alias.gd.remap[39m[0m
[  98% ] [90m[1msavepack[22m | 淇濆瓨鏂囦欢锛歳es://tmp/test_bind_alias.gd.remap[39m[0m
[  98% ] [90m[1msavepack[22m | 淇濆瓨鏂囦欢锛歳es://tmp/test_dots_ext.gd.remap[39m[0m
[  98% ] [90m[1msavepack[22m | 淇濆瓨鏂囦欢锛歳es://tmp/ui_layout_probe.gd.remap[39m[0m
[  98% ] [90m[1msavepack[22m | 淇濆瓨鏂囦欢锛歳es://tmp/ui_layout_probe.tscn.remap[39m[0m
[  98% ] [90m[1msavepack[22m | 淇濆瓨鏂囦欢锛歳es://tools/migration_harness/template_bench.gd.remap[39m[0m
[  98% ] [90m[1msavepack[22m | 淇濆瓨鏂囦欢锛歳es://tools/migration_harness/template_module_test.gd.remap[39m[0m
[  98% ] [90m[1msavepack[22m | 淇濆瓨鏂囦欢锛歳es://tools/migration_harness/template_overlay.gd.remap[39m[0m
[  98% ] [90m[1msavepack[22m | 淇濆瓨鏂囦欢锛歳es://tools/migration_harness/template_soak_test.gd.remap[39m[0m
[  98% ] [90m[1msavepack[22m | 淇濆瓨鏂囦欢锛歳es://tools/schema_migrations/_migration_ops.gd.remap[39m[0m
[  98% ] [90m[1msavepack[22m | 淇濆瓨鏂囦欢锛歳es://tools/schema_migrations/_schema_migrations.gd.remap[39m[0m
[  98% ] [90m[1msavepack[22m | 淇濆瓨鏂囦欢锛歳es://tools/schema_migrations/_template_v_to_next.gd.remap[39m[0m
[  98% ] [90m[1msavepack[22m | 淇濆瓨鏂囦欢锛歳es://tools/generate_terrain_micro_texture.gd.remap[39m[0m
[  98% ] [90m[1msavepack[22m | 淇濆瓨鏂囦欢锛歳es://.godot/global_script_class_cache.cfg[39m[0m
[  98% ] [90m[1msavepack[22m | 淇濆瓨鏂囦欢锛歳es://icon.svg[39m[0m
[  98% ] [90m[1msavepack[22m | 淇濆瓨鏂囦欢锛歳es://.godot/uid_cache.bin[39m[0m
[  98% ] [90m[1msavepack[22m | 淇濆瓨鏂囦欢锛歳es://.godot/extension_list.cfg[39m[0m
[  98% ] [90m[1msavepack[22m | 淇濆瓨鏂囦欢锛歳es://project.binary[39m[0m
[92m[ DONE ][39m [1msavepack[22m
[0m
Godot_v4.6.2-stable_win64_console.exe : ERROR: 10 RID allocations of type 'PN13RendererDummy14TextureStorage12DummyText
ureE' were leaked at exit.
所在位置 C:\Users\hkinghuang\AppData\Local\Temp\ps-script-7919058b-f861-44de-85c8-14ffe670b45e.ps1:90 字符: 1
+ & "D:\Godot\Godot_v4.6.2-stable_win64.exe\Godot_v4.6.2-stable_win64_c ...
+ ~~~~~~~~~~~~~~~~~~~~~~~~~~~~~~~~~~~~~~~~~~~~~~~~~~~~~~~~~~~~~~~~~~~~~
    + CategoryInfo          : NotSpecified: (ERROR: 10 RID a...leaked at exit.:String) [], RemoteException
    + FullyQualifiedErrorId : NativeCommandError
 
ERROR: 1 RID allocations of type 'PN18TextServerAdvanced12FontAdvancedE' were leaked at exit.
WARNING: ObjectDB instances leaked at exit (run with --verbose for details).
   at: cleanup (core/object/object.cpp:2641)
ERROR: 58 resources still in use at exit (run with --verbose for details).
   at: clear (core/io/resource.cpp:810)
