frame_idx,timestamp_ms,frame_wall_ms,fast_tick_count,fast_tick_occurred,last_fast_tick_ms,clock_day,writeback_last_day,writeback_lag_days,main_wait_on_sim_us,worker_fault_count,completed_days,runtime_graph_last_elapsed_us,climate_pod_plan_ms,climate_pod_replay_ms,domain_authority_plan_ms,domain_authority_replay_ms
0,24802,4.95,2,false,12,38,31,7,0,0,31,327,1.8849,0.0016,0,0
1,24809,6.881,2,false,12,38,31,7,0,0,31,21,1.8849,0.0016,0,0
2,24816,6.933,2,false,12,38,31,7,0,0,31,21,1.8849,0.0016,0,0
3,24823,6.866,2,false,12,38,31,7,0,0,31,22,1.8849,0.0016,0,0
4,24830,6.891,2,false,12,38,31,7,0,0,31,21,1.8849,0.0016,0,0
5,24836,6.943,2,false,12,38,31,7,0,0,32,16,1.6307,0.0016,0,0
6,24843,6.852,2,false,12,38,32,6,0,0,32,328,1.6307,0.0016,0,0
7,24850,6.936,2,false,12,38,32,6,0,0,32,328,1.6307,0.0016,0,0
8,24857,6.868,2,false,12,38,32,6,0,0,32,328,1.6307,0.0016,0,0
9,24864,6.96,2,false,12,39,32,7,0,0,32,328,1.6307,0.0016,0,0
10,24871,6.866,2,false,12,39,32,7,0,0,32,19,1.6307,0.0016,0,0
11,24878,6.879,2,false,12,39,32,7,0,0,32,19,1.6307,0.0016,0,0
12,24885,6.933,2,false,12,39,32,7,0,0,32,19,1.6307,0.0016,0,0
13,24892,6.99,2,false,12,39,32,7,0,0,33,20,1.4887,0.001,0,0
14,24899,6.804,2,false,12,39,33,6,0,0,33,306,1.4887,0.001,0,0
15,24905,6.868,2,false,12,39,33,6,0,0,33,306,1.4887,0.001,0,0
16,24912,6.906,2,false,12,39,33,6,0,0,33,306,1.4887,0.001,0,0
17,24919,6.933,2,false,12,40,33,7,0,0,33,306,1.4887,0.001,0,0
18,24926,6.873,2,false,12,40,33,7,0,0,33,19,1.4887,0.001,0,0
19,24933,6.936,2,false,12,40,33,7,0,0,33,18,1.4887,0.001,0,0
20,24940,6.848,2,false,12,40,33,7,0,0,34,21,1.4887,0.001,0,0
21,24947,6.93,2,false,12,40,34,6,0,0,34,14,1.4834,0.0013,0,0
22,24954,6.867,2,false,12,40,34,6,0,0,34,14,1.4834,0.0013,0,0
23,24961,6.915,2,false,12,40,34,6,0,0,34,14,1.4834,0.0013,0,0
24,24968,6.937,2,false,12,41,34,7,0,0,34,14,1.4834,0.0013,0,0
25,24974,6.864,2,false,12,41,34,7,0,0,34,19,1.4834,0.0013,0,0
26,24981,6.934,2,false,12,41,34,7,0,0,34,19,1.4834,0.0013,0,0
27,24988,6.866,2,false,12,41,34,7,0,0,34,25,1.4834,0.0013,0,0
28,24995,6.902,2,false,12,41,34,7,0,0,34,21,1.4834,0.0013,0,0
29,25002,6.93,2,false,12,41,34,7,0,0,35,24,2.2055,0.0017,0,0
30,25009,6.853,2,false,12,41,35,6,0,0,35,314,2.2055,0.0017,0,0
31,25016,6.947,2,false,12,41,35,6,0,0,35,314,2.2055,0.0017,0,0
32,25023,6.869,2,false,12,41,35,6,0,0,35,314,2.2055,0.0017,0,0
33,25030,6.899,2,false,12,42,35,7,0,0,35,314,2.2055,0.0017,0,0
34,25037,6.941,2,false,12,42,35,7,0,0,35,21,2.2055,0.0017,0,0
35,25043,6.857,2,false,12,42,35,7,0,0,35,19,2.2055,0.0017,0,0
36,25051,6.998,2,false,12,42,35,7,0,0,35,19,2.2055,0.0017,0,0
37,25057,6.791,2,false,12,42,36,6,0,0,36,25,1.6084,0.0018,0,0
38,25064,6.951,2,false,12,42,36,6,0,0,36,25,1.6084,0.0018,0,0
39,25071,6.86,2,false,12,42,36,6,0,0,36,25,1.6084,0.0018,0,0
40,25078,6.9,2,false,12,43,36,7,0,0,36,25,1.6084,0.0018,0,0
41,25085,6.95,2,false,12,43,36,7,0,0,36,18,1.6084,0.0018,0,0
42,25092,6.863,2,false,12,43,36,7,0,0,36,23,1.6084,0.0018,0,0
43,25099,6.927,2,false,12,43,36,7,0,0,36,19,1.6084,0.0018,0,0
44,25106,6.862,2,false,12,43,36,7,0,0,36,23,1.6084,0.0018,0,0
45,25113,6.897,2,false,12,43,36,7,0,0,37,30,1.5438,0.0015,0,0
46,25119,6.913,2,false,12,43,37,6,0,0,37,325,1.5438,0.0015,0,0
47,25126,6.888,2,false,12,43,37,6,0,0,37,325,1.5438,0.0015,0,0
48,25133,6.938,2,false,12,43,37,6,0,0,37,325,1.5438,0.0015,0,0
49,25140,6.865,2,false,12,44,37,7,0,0,37,325,1.5438,0.0015,0,0
50,25147,6.945,2,false,12,44,37,7,0,0,37,23,1.5438,0.0015,0,0
51,25154,6.853,2,false,12,44,37,7,0,0,37,30,1.5438,0.0015,0,0
52,25161,6.902,2,false,12,44,37,7,0,0,37,21,1.5438,0.0015,0,0
53,25168,6.931,2,false,12,44,37,7,0,0,38,22,1.5438,0.0015,0,0
54,25174,6.853,2,false,12,44,38,6,0,0,38,22,1.538,0.0015,0,0
55,25182,6.951,2,false,12,44,38,6,0,0,38,22,1.538,0.0015,0,0
56,25188,6.869,2,false,12,44,38,6,0,0,38,22,1.538,0.0015,0,0
57,25195,6.894,2,false,12,45,38,7,0,0,38,22,1.538,0.0015,0,0
58,25202,6.941,2,false,12,45,38,7,0,0,38,19,1.538,0.0015,0,0
59,25209,6.871,2,false,12,45,38,7,0,0,38,20,1.538,0.0015,0,0
60,25216,6.926,2,false,12,45,38,7,0,0,38,20,1.538,0.0015,0,0
61,25223,6.867,2,false,12,45,38,7,0,0,38,22,1.538,0.0015,0,0
62,25230,6.887,2,false,12,45,38,7,0,0,39,30,1.5516,0.0015,0,0
63,25237,6.924,2,false,12,45,39,6,0,0,39,323,1.5516,0.0015,0,0
64,25244,6.883,2,false,12,45,39,6,0,0,39,323,1.5516,0.0015,0,0
65,25250,6.93,2,false,12,45,39,6,0,0,39,323,1.5516,0.0015,0,0
66,25257,6.87,2,false,12,46,39,7,0,0,39,323,1.5516,0.0015,0,0
67,25264,6.923,2,false,12,46,39,7,0,0,39,20,1.5516,0.0015,0,0
68,25271,6.882,2,false,12,46,39,7,0,0,39,17,1.5516,0.0015,0,0
69,25278,6.901,2,false,12,46,39,7,0,0,40,22,1.5516,0.0015,0,0
70,25285,6.922,2,false,12,46,40,6,0,0,40,21,1.5399,0.0014,0,0
71,25292,6.872,2,false,12,46,40,6,0,0,40,21,1.5399,0.0014,0,0
72,25299,6.935,2,false,12,46,40,6,0,0,40,21,1.5399,0.0014,0,0
73,25306,6.87,2,false,12,47,40,7,0,0,40,21,1.5399,0.0014,0,0
74,25313,6.894,2,false,12,47,40,7,0,0,40,41,1.5399,0.0014,0,0
75,25319,6.941,2,false,12,47,40,7,0,0,40,16,1.5399,0.0014,0,0
76,25326,6.851,2,false,12,47,40,7,0,0,40,18,1.5399,0.0014,0,0
77,25333,6.94,2,false,12,47,40,7,0,0,40,16,1.5399,0.0014,0,0
78,25340,6.874,2,false,12,47,40,7,0,0,41,21,1.5488,0.0017,0,0
79,25347,6.915,2,false,12,47,41,6,0,0,41,322,1.5488,0.0017,0,0
80,25354,6.876,2,false,12,47,41,6,0,0,41,322,1.5488,0.0017,0,0
81,25361,6.903,2,false,12,48,41,7,0,0,41,322,1.5488,0.0017,0,0
82,25368,6.955,2,false,12,48,41,7,0,0,41,17,1.5488,0.0017,0,0
83,25375,6.85,2,false,12,48,41,7,0,0,41,23,1.5488,0.0017,0,0
84,25382,6.943,2,false,12,48,41,7,0,0,41,22,1.5488,0.0017,0,0
85,25388,6.851,2,false,12,48,41,7,0,0,41,25,1.5488,0.0017,0,0
86,25395,6.901,2,false,12,48,42,6,0,0,42,20,1.5433,0.0014,0,0
87,25402,6.924,2,false,12,48,42,6,0,0,42,329,1.5433,0.0014,0,0
88,25409,6.875,2,false,12,48,42,6,0,0,42,329,1.5433,0.0014,0,0
89,25416,6.934,2,false,12,48,42,6,0,0,42,329,1.5433,0.0014,0,0
90,25423,7.018,2,false,12,49,42,7,0,0,42,329,1.5433,0.0014,0,0
91,25430,6.752,2,false,12,49,42,7,0,0,42,21,1.5433,0.0014,0,0
92,25437,6.942,2,false,12,49,42,7,0,0,42,20,1.5433,0.0014,0,0
93,25444,6.852,2,false,12,49,42,7,0,0,42,26,1.5433,0.0014,0,0
94,25451,6.932,2,false,12,49,42,7,0,0,43,19,2.2754,0.0012,0,0
95,25459,8.819,2,false,12,49,43,6,0,0,43,326,2.2754,0.0012,0,0
96,25464,4.975,2,false,12,49,43,6,0,0,43,326,2.2754,0.0012,0,0
97,25471,6.879,2,false,12,49,43,6,0,0,43,326,2.2754,0.0012,0,0
98,25478,6.894,2,false,12,50,43,7,0,0,43,326,2.2754,0.0012,0,0
99,25486,7.047,2,false,12,50,43,7,0,0,43,19,2.2754,0.0012,0,0
100,25492,6.756,2,false,12,50,43,7,0,0,43,29,2.2754,0.0012,0,0
101,25499,6.947,2,false,12,50,43,7,0,0,43,20,2.2754,0.0012,0,0
102,25506,6.842,2,false,12,50,44,6,0,0,44,21,1.8667,0.002,0,0
103,25513,6.909,2,false,12,50,44,6,0,0,44,21,1.8667,0.002,0,0
104,25520,6.935,2,false,12,50,44,6,0,0,44,21,1.8667,0.002,0,0
105,25527,6.869,2,false,12,51,44,7,0,0,44,21,1.8667,0.002,0,0
106,25533,6.94,2,false,12,51,44,7,0,0,44,29,1.8667,0.002,0,0
107,25540,6.862,2,false,12,51,44,7,0,0,44,24,1.8667,0.002,0,0
108,25547,6.932,2,false,12,51,44,7,0,0,44,19,1.8667,0.002,0,0
109,25554,6.866,2,false,12,51,44,7,0,0,44,19,1.8667,0.002,0,0
110,25561,6.922,2,false,12,51,44,7,0,0,45,23,1.8203,0.0012,0,0
111,25568,6.901,2,false,12,51,45,6,0,0,45,550,1.8203,0.0012,0,0
112,25575,6.872,2,false,12,51,45,6,0,0,45,550,1.8203,0.0012,0,0
113,25582,6.94,2,false,12,51,45,6,0,0,45,550,1.8203,0.0012,0,0
114,25589,6.868,2,false,12,52,45,7,0,0,45,550,1.8203,0.0012,0,0
115,25596,6.901,2,false,12,52,45,7,0,0,45,21,1.8203,0.0012,0,0
116,25602,6.929,2,false,12,52,45,7,0,0,45,28,1.8203,0.0012,0,0
117,25609,6.867,2,false,12,52,45,7,0,0,45,22,1.8203,0.0012,0,0
118,25616,6.93,2,false,12,52,46,6,0,0,46,24,1.5777,0.0016,0,0
119,25623,6.865,2,false,12,52,46,6,0,0,46,339,1.5777,0.0016,0,0
120,25630,6.904,2,false,12,52,46,6,0,0,46,339,1.5777,0.0016,0,0
121,25637,6.925,2,false,12,52,46,6,0,0,46,339,1.5777,0.0016,0,0
122,25644,6.866,2,false,12,53,46,7,0,0,46,339,1.5777,0.0016,0,0
123,25651,7.164,2,false,12,53,46,7,0,0,46,18,1.5777,0.0016,0,0
124,25658,6.65,2,false,12,53,46,7,0,0,46,20,1.5777,0.0016,0,0
125,25664,6.921,2,false,12,53,46,7,0,0,46,20,1.5777,0.0016,0,0
126,25671,6.869,2,false,12,53,46,7,0,0,47,17,1.6252,0.0014,0,0
127,25678,6.89,2,false,12,53,47,6,0,0,47,315,1.6252,0.0014,0,0
128,25685,6.956,2,false,12,53,47,6,0,0,47,315,1.6252,0.0014,0,0
129,25692,6.855,2,false,12,53,47,6,0,0,47,315,1.6252,0.0014,0,0
130,25699,6.937,2,false,12,54,47,7,0,0,47,315,1.6252,0.0014,0,0
131,25706,6.867,2,false,12,54,47,7,0,0,47,30,1.6252,0.0014,0,0
132,25713,6.9,2,false,12,54,47,7,0,0,47,19,1.6252,0.0014,0,0
133,25720,6.933,2,false,12,54,47,7,0,0,48,20,1.6252,0.0014,0,0
134,25726,6.857,2,false,12,54,48,6,0,0,48,18,1.4773,0.0011,0,0
135,25734,7.088,2,false,12,54,48,6,0,0,48,18,1.4773,0.0011,0,0
136,25740,6.716,2,false,12,54,48,6,0,0,48,18,1.4773,0.0011,0,0
137,25747,6.952,2,false,12,55,48,7,0,0,48,18,1.4773,0.0011,0,0
138,25754,6.852,2,false,12,55,48,7,0,0,48,20,1.4773,0.0011,0,0
139,25761,6.894,2,false,12,55,48,7,0,0,48,17,1.4773,0.0011,0,0
140,25768,6.945,2,false,12,55,48,7,0,0,48,23,1.4773,0.0011,0,0
141,25775,6.879,2,false,12,55,48,7,0,0,48,21,1.4773,0.0011,0,0
142,25782,6.909,2,false,12,55,49,6,0,0,49,20,1.5856,0.0011,0,0
143,25789,6.866,2,false,12,55,49,6,0,0,49,312,1.5856,0.0011,0,0
144,25795,6.895,2,false,12,55,49,6,0,0,49,312,1.5856,0.0011,0,0
145,25802,6.938,2,false,12,55,49,6,0,0,49,312,1.5856,0.0011,0,0
146,25809,6.871,2,false,12,56,49,7,0,0,49,312,1.5856,0.0011,0,0
147,25816,6.936,2,false,12,56,49,7,0,0,49,25,1.5856,0.0011,0,0
148,25823,6.86,2,false,12,56,49,7,0,0,49,18,1.5856,0.0011,0,0
149,25830,6.907,2,false,12,56,49,7,0,0,49,15,1.5856,0.0011,0,0
150,25837,6.944,2,false,12,56,49,7,0,0,50,23,1.5856,0.0011,0,0
151,25844,6.849,2,false,12,56,50,6,0,0,50,20,1.671,0.0013,0,0
152,25851,6.927,2,false,12,56,50,6,0,0,50,20,1.671,0.0013,0,0
153,25858,6.882,2,false,12,56,50,6,0,0,50,20,1.671,0.0013,0,0
154,25865,6.925,2,false,12,57,50,7,0,0,50,20,1.671,0.0013,0,0
155,25872,6.88,2,false,12,57,50,7,0,0,50,18,1.671,0.0013,0,0
156,25878,6.899,2,false,12,57,50,7,0,0,50,22,1.671,0.0013,0,0
157,25885,6.925,2,false,12,57,50,7,0,0,50,20,1.671,0.0013,0,0
158,25892,6.873,2,false,12,57,50,7,0,0,50,17,1.671,0.0013,0,0
159,25899,6.938,2,false,12,57,50,7,0,0,51,23,2.4768,0.0016,0,0
160,25906,6.849,2,false,12,57,51,6,0,0,51,387,2.4768,0.0016,0,0
161,25913,6.915,2,false,12,57,51,6,0,0,51,387,2.4768,0.0016,0,0
162,25920,6.937,2,false,12,58,51,7,0,0,51,387,2.4768,0.0016,0,0
163,25927,6.87,2,false,12,58,51,7,0,0,51,21,2.4768,0.0016,0,0
164,25934,6.995,2,false,12,58,51,7,0,0,51,37,2.4768,0.0016,0,0
165,25941,6.796,2,false,12,58,51,7,0,0,51,25,2.4768,0.0016,0,0
166,25947,6.915,2,false,12,58,51,7,0,0,51,31,2.4768,0.0016,0,0
167,25954,6.885,2,false,12,58,51,7,0,0,52,42,1.5521,0.0014,0,0
168,25962,7.544,2,false,12,58,52,6,0,0,52,18,1.5521,0.0014,0,0
169,25968,6.313,2,false,12,58,52,6,0,0,52,18,1.5521,0.0014,0,0
170,25975,6.842,2,false,12,58,52,6,0,0,52,18,1.5521,0.0014,0,0
171,25982,6.953,2,false,12,59,52,7,0,0,52,18,1.5521,0.0014,0,0
172,25989,6.922,2,false,12,59,52,7,0,0,52,48,1.5521,0.0014,0,0
173,25997,6.89,2,false,12,59,52,7,0,0,52,30,1.5521,0.0014,0,0
174,26003,6.886,2,false,12,59,52,7,0,0,52,35,1.5521,0.0014,0,0
175,26010,6.876,2,false,12,59,52,7,0,0,52,35,1.5521,0.0014,0,0
176,26016,6.908,2,false,12,59,52,7,0,0,52,21,1.5521,0.0014,0,0
177,26024,6.886,2,false,12,59,52,7,0,0,52,22,1.5521,0.0014,0,0
178,26030,6.878,2,false,12,59,53,6,0,0,53,29,1.677,0.0016,0,0
179,26037,6.923,2,false,12,59,53,6,0,0,53,344,1.677,0.0016,0,0
180,26044,6.871,2,false,12,59,53,6,0,0,53,344,1.677,0.0016,0,0
181,26051,6.95,2,false,12,59,53,6,0,0,53,344,1.677,0.0016,0,0
182,26058,6.857,2,false,12,60,53,7,0,0,53,344,1.677,0.0016,0,0
183,26065,6.928,2,false,12,60,53,7,0,0,53,38,1.677,0.0016,0,0
184,26071,6.858,2,false,12,60,53,7,0,0,53,18,1.677,0.0016,0,0
185,26078,6.932,2,false,12,60,53,7,0,0,54,15,1.677,0.0016,0,0
186,26085,6.902,2,false,12,60,54,6,0,0,54,20,1.6695,0.0013,0,0
187,26092,6.881,2,false,12,60,54,6,0,0,54,20,1.6695,0.0013,0,0
188,26099,6.933,2,false,12,60,54,6,0,0,54,20,1.6695,0.0013,0,0
189,26106,6.887,2,false,12,61,54,7,0,0,54,20,1.6695,0.0013,0,0
190,26113,6.876,2,false,12,61,54,7,0,0,54,20,1.6695,0.0013,0,0
191,26120,7.002,2,false,12,61,54,7,0,0,54,18,1.6695,0.0013,0,0
192,26127,6.802,2,false,12,61,54,7,0,0,54,25,1.6695,0.0013,0,0
193,26134,6.925,2,false,12,61,54,7,0,0,54,20,1.6695,0.0013,0,0
194,26141,6.875,2,false,12,61,54,7,0,0,54,16,1.6695,0.0013,0,0
195,26147,6.937,2,false,12,61,55,6,0,0,55,22,1.5568,0.0013,0,0
196,26154,6.849,2,false,12,61,55,6,0,0,55,320,1.5568,0.0013,0,0
197,26161,6.908,2,false,12,61,55,6,0,0,55,320,1.5568,0.0013,0,0
198,26168,6.964,2,false,12,61,55,6,0,0,55,320,1.5568,0.0013,0,0
199,26175,6.842,2,false,12,62,55,7,0,0,55,320,1.5568,0.0013,0,0
200,26182,6.975,2,false,12,62,55,7,0,0,55,28,1.5568,0.0013,0,0
201,26189,6.824,2,false,12,62,55,7,0,0,55,29,1.5568,0.0013,0,0
202,26196,6.896,2,false,12,62,55,7,0,0,55,21,1.5568,0.0013,0,0
203,26203,6.936,2,false,12,62,55,7,0,0,56,18,1.5568,0.0013,0,0
204,26211,8.02,2,false,12,62,56,6,0,0,56,19,1.5405,0.0014,0,0
205,26216,5.795,2,false,12,62,56,6,0,0,56,19,1.5405,0.0014,0,0
206,26223,6.895,2,false,12,62,56,6,0,0,56,19,1.5405,0.0014,0,0
207,26230,6.857,2,false,12,63,56,7,0,0,56,19,1.5405,0.0014,0,0
208,26237,6.942,2,false,12,63,56,7,0,0,56,19,1.5405,0.0014,0,0
209,26244,6.872,2,false,12,63,56,7,0,0,56,24,1.5405,0.0014,0,0
210,26251,6.928,2,false,12,63,56,7,0,0,56,27,1.5405,0.0014,0,0
211,26258,6.859,2,false,12,63,56,7,0,0,56,20,1.5405,0.0014,0,0
212,26265,6.973,2,false,12,63,56,7,0,0,57,22,1.5405,0.0014,0,0
213,26272,7.542,2,false,12,63,57,6,0,0,57,27,1.5388,0.0013,0,0
214,26279,6.185,2,false,12,63,57,6,0,0,57,27,1.5388,0.0013,0,0
215,26285,6.924,2,false,12,63,57,6,0,0,57,27,1.5388,0.0013,0,0
216,26292,6.877,2,false,12,64,57,7,0,0,57,27,1.5388,0.0013,0,0
217,26299,6.938,2,false,12,64,57,7,0,0,57,21,1.5388,0.0013,0,0
218,26306,6.87,2,false,12,64,57,7,0,0,57,22,1.5388,0.0013,0,0
219,26313,6.942,2,false,12,64,57,7,0,0,57,28,1.5388,0.0013,0,0
220,26320,6.908,2,false,12,64,57,7,0,0,57,24,1.5388,0.0013,0,0
221,26327,6.841,2,false,12,64,57,7,0,0,58,44,1.7137,0.0018,0,0
222,26334,6.919,2,false,12,64,58,6,0,0,58,330,1.7137,0.0018,0,0
223,26341,6.886,2,false,12,64,58,6,0,0,58,330,1.7137,0.0018,0,0
224,26348,7.023,2,false,12,64,58,6,0,0,58,330,1.7137,0.0018,0,0
225,26355,6.834,2,false,12,65,58,7,0,0,58,330,1.7137,0.0018,0,0
226,26361,6.833,2,false,12,65,58,7,0,0,58,33,1.7137,0.0018,0,0
227,26369,6.971,2,false,12,65,58,7,0,0,58,17,1.7137,0.0018,0,0
228,26375,6.833,2,false,12,65,58,7,0,0,58,34,1.7137,0.0018,0,0
229,26382,6.929,2,false,12,65,58,7,0,0,59,22,2.4503,0.0017,0,0
230,26389,6.861,2,false,12,65,59,6,0,0,59,20,2.4503,0.0017,0,0
231,26396,6.917,2,false,12,65,59,6,0,0,59,20,2.4503,0.0017,0,0
232,26403,6.938,2,false,12,65,59,6,0,0,59,20,2.4503,0.0017,0,0
233,26410,6.859,2,false,12,66,59,7,0,0,59,20,2.4503,0.0017,0,0
234,26417,6.951,2,false,12,66,59,7,0,0,59,21,2.4503,0.0017,0,0
235,26423,6.844,2,false,12,66,59,7,0,0,59,34,2.4503,0.0017,0,0
236,26430,6.924,2,false,12,66,59,7,0,0,59,22,2.4503,0.0017,0,0
237,26437,6.914,2,false,12,66,59,7,0,0,59,21,2.4503,0.0017,0,0
238,26444,6.86,2,false,12,66,59,7,0,0,59,22,2.4503,0.0017,0,0
239,26451,6.937,2,false,12,66,60,6,0,0,60,22,1.6634,0.002,0,0
240,26458,6.924,2,false,12,66,60,6,0,0,60,22,1.6634,0.002,0,0
241,26465,6.876,2,false,12,66,60,6,0,0,60,22,1.6634,0.002,0,0
242,26472,6.863,2,false,12,67,60,7,0,0,60,22,1.6634,0.002,0,0
243,26479,6.901,2,false,12,67,60,7,0,0,60,18,1.6634,0.002,0,0
244,26486,6.937,2,false,12,67,60,7,0,0,60,24,1.6634,0.002,0,0
245,26493,6.877,2,false,12,67,60,7,0,0,60,20,1.6634,0.002,0,0
246,26499,6.921,2,false,12,67,60,7,0,0,60,30,1.6634,0.002,0,0
247,26506,6.863,2,false,12,67,60,7,0,0,61,22,1.6634,0.002,0,0
248,26513,6.892,2,false,12,67,61,6,0,0,61,17,1.6387,0.0011,0,0
249,26520,6.947,2,false,12,67,61,6,0,0,61,17,1.6387,0.0011,0,0
250,26527,6.87,2,false,12,68,61,7,0,0,61,17,1.6387,0.0011,0,0
251,26534,6.922,2,false,12,68,61,7,0,0,61,27,1.6387,0.0011,0,0
252,26541,6.873,2,false,12,68,61,7,0,0,61,17,1.6387,0.0011,0,0
253,26548,6.933,2,false,12,68,61,7,0,0,61,19,1.6387,0.0011,0,0
254,26555,6.907,2,false,12,68,61,7,0,0,61,22,1.6387,0.0011,0,0
255,26561,6.857,2,false,12,68,61,7,0,0,61,23,1.6387,0.0011,0,0
256,26568,6.933,2,false,12,68,62,6,0,0,62,20,2.2248,0.0021,0,0
257,26575,6.858,2,false,12,68,62,6,0,0,62,583,2.2248,0.0021,0,0
258,26582,6.953,2,false,12,68,62,6,0,0,62,583,2.2248,0.0021,0,0
259,26589,6.863,2,false,12,68,62,6,0,0,62,583,2.2248,0.0021,0,0
260,26596,6.896,2,false,12,69,62,7,0,0,62,583,2.2248,0.0021,0,0
261,26603,6.95,2,false,12,69,62,7,0,0,62,22,2.2248,0.0021,0,0
262,26610,6.846,2,false,12,69,62,7,0,0,62,21,2.2248,0.0021,0,0
263,26617,6.959,2,false,12,69,62,7,0,0,62,20,2.2248,0.0021,0,0
264,26624,6.84,2,false,12,69,62,7,0,0,63,23,1.5144,0.0014,0,0
265,26630,6.894,2,false,12,69,63,6,0,0,63,315,1.5144,0.0014,0,0
266,26637,6.935,2,false,12,69,63,6,0,0,63,315,1.5144,0.0014,0,0
267,26644,6.871,2,false,12,69,63,6,0,0,63,315,1.5144,0.0014,0,0
268,26652,6.994,2,false,12,70,63,7,0,0,63,315,1.5144,0.0014,0,0
269,26658,6.816,2,false,12,70,63,7,0,0,63,27,1.5144,0.0014,0,0
270,26665,6.925,2,false,12,70,63,7,0,0,63,16,1.5144,0.0014,0,0
271,26672,6.867,2,false,12,70,63,7,0,0,63,21,1.5144,0.0014,0,0
272,26679,6.939,2,false,12,70,63,7,0,0,64,19,1.4962,0.0014,0,0
273,26686,6.878,2,false,12,70,64,6,0,0,64,361,1.4962,0.0014,0,0
274,26693,6.88,2,false,12,70,64,6,0,0,64,361,1.4962,0.0014,0,0
275,26699,6.933,2,false,12,70,64,6,0,0,64,361,1.4962,0.0014,0,0
276,26706,6.869,2,false,12,71,64,7,0,0,64,361,1.4962,0.0014,0,0
277,26713,6.908,2,false,12,71,64,7,0,0,64,21,1.4962,0.0014,0,0
278,26720,6.929,2,false,12,71,64,7,0,0,64,20,1.4962,0.0014,0,0
279,26727,6.87,2,false,12,71,64,7,0,0,64,18,1.4962,0.0014,0,0
280,26734,6.923,2,false,12,71,64,7,0,0,65,23,1.5949,0.0011,0,0
281,26741,7.212,2,false,12,71,65,6,0,0,65,310,1.5949,0.0011,0,0
282,26748,6.565,2,false,12,71,65,6,0,0,65,310,1.5949,0.0011,0,0
283,26755,6.923,2,false,12,71,65,6,0,0,65,310,1.5949,0.0011,0,0
284,26761,6.868,2,false,12,72,65,7,0,0,65,310,1.5949,0.0011,0,0
285,26768,6.933,2,false,12,72,65,7,0,0,65,19,1.5949,0.0011,0,0
286,26776,6.903,2,false,12,72,65,7,0,0,65,23,1.5949,0.0011,0,0
287,26782,6.909,2,false,12,72,65,7,0,0,65,23,1.5949,0.0011,0,0
288,26789,6.855,2,false,12,72,66,6,0,0,66,19,1.4869,0.0014,0,0
289,26796,6.898,2,false,12,72,66,6,0,0,66,19,1.4869,0.0014,0,0
290,26803,6.937,2,false,12,72,66,6,0,0,66,19,1.4869,0.0014,0,0
291,26810,6.873,2,false,12,73,66,7,0,0,66,19,1.4869,0.0014,0,0
292,26817,6.94,2,false,12,73,66,7,0,0,66,19,1.4869,0.0014,0,0
293,26824,6.874,2,false,12,73,66,7,0,0,66,20,1.4869,0.0014,0,0
294,26831,6.885,2,false,12,73,66,7,0,0,66,18,1.4869,0.0014,0,0
295,26838,6.956,2,false,12,73,66,7,0,0,67,19,1.4869,0.0014,0,0
296,26844,6.836,2,false,12,73,67,6,0,0,67,21,2.8036,0.0015,0,0
297,26851,6.945,2,false,12,73,67,6,0,0,67,21,2.8036,0.0015,0,0
298,26858,6.866,2,false,12,73,67,6,0,0,67,21,2.8036,0.0015,0,0
299,26865,6.94,2,false,12,74,67,7,0,0,67,21,2.8036,0.0015,0,0
300,26872,6.865,2,false,12,74,67,7,0,0,67,22,2.8036,0.0015,0,0
301,26879,6.903,2,false,12,74,67,7,0,0,67,36,2.8036,0.0015,0,0
302,26886,6.919,2,false,12,74,67,7,0,0,67,38,2.8036,0.0015,0,0
303,26893,6.865,2,false,12,74,67,7,0,0,67,20,2.8036,0.0015,0,0
304,26900,6.941,2,false,12,74,67,7,0,0,68,27,1.8174,0.0015,0,0
305,26906,6.851,2,false,12,74,68,6,0,0,68,325,1.8174,0.0015,0,0
306,26913,6.914,2,false,12,74,68,6,0,0,68,325,1.8174,0.0015,0,0
307,26920,6.93,2,false,12,74,68,6,0,0,68,325,1.8174,0.0015,0,0
308,26927,6.868,2,false,12,75,68,7,0,0,68,325,1.8174,0.0015,0,0
309,26934,6.93,2,false,12,75,68,7,0,0,68,22,1.8174,0.0015,0,0
310,26941,6.879,2,false,12,75,68,7,0,0,68,17,1.8174,0.0015,0,0
311,26948,6.891,2,false,12,75,68,7,0,0,68,27,1.8174,0.0015,0,0
312,26955,6.929,2,false,12,75,68,7,0,0,69,21,1.5176,0.0013,0,0
313,26966,11.457,2,false,12,75,69,6,0,0,69,323,1.5176,0.0013,0,0
314,26968,2.32,2,false,12,75,69,6,0,0,69,323,1.5176,0.0013,0,0
315,26975,6.896,2,false,12,75,69,6,0,0,69,323,1.5176,0.0013,0,0
316,26982,6.932,2,false,12,76,69,7,0,0,69,323,1.5176,0.0013,0,0
317,26989,6.874,2,false,12,76,69,7,0,0,69,20,1.5176,0.0013,0,0
318,26996,6.892,2,false,12,76,69,7,0,0,69,45,1.5176,0.0013,0,0
319,27003,6.94,2,false,12,76,69,7,0,0,69,22,1.5176,0.0013,0,0
320,27010,6.862,2,false,12,76,70,6,0,0,70,22,1.5515,0.0016,0,0
321,27017,6.923,2,false,12,76,70,6,0,0,70,327,1.5515,0.0016,0,0
322,27024,6.878,2,false,12,76,70,6,0,0,70,327,1.5515,0.0016,0,0
323,27031,6.898,2,false,12,76,70,6,0,0,70,327,1.5515,0.0016,0,0
324,27038,6.941,2,false,12,77,70,7,0,0,70,327,1.5515,0.0016,0,0
325,27045,6.878,2,false,12,77,70,7,0,0,70,20,1.5515,0.0016,0,0
326,27052,6.96,2,false,12,77,70,7,0,0,70,22,1.5515,0.0016,0,0
327,27058,6.824,2,false,12,77,70,7,0,0,70,49,1.5515,0.0016,0,0
328,27065,6.929,2,false,12,77,70,7,0,0,71,22,1.5515,0.0016,0,0
329,27072,6.855,2,false,12,77,71,6,0,0,71,27,2.6228,0.0022,0,0
330,27079,6.907,2,false,12,77,71,6,0,0,71,27,2.6228,0.0022,0,0
331,27086,6.935,2,false,12,78,71,7,0,0,71,27,2.6228,0.0022,0,0
332,27093,6.867,2,false,12,78,71,7,0,0,71,21,2.6228,0.0022,0,0
333,27100,6.932,2,false,12,78,71,7,0,0,71,17,2.6228,0.0022,0,0
334,27107,6.863,2,false,12,78,71,7,0,0,71,21,2.6228,0.0022,0,0
335,27113,6.909,2,false,12,78,71,7,0,0,71,15,2.6228,0.0022,0,0
336,27120,6.931,2,false,12,78,71,7,0,0,71,21,2.6228,0.0022,0,0
337,27127,6.868,2,false,12,78,71,7,0,0,71,18,2.6228,0.0022,0,0
338,27134,6.955,2,false,12,78,71,7,0,0,72,21,1.5381,0.0013,0,0
339,27141,6.952,2,false,12,78,72,6,0,0,72,325,1.5381,0.0013,0,0
340,27148,6.798,2,false,12,78,72,6,0,0,72,325,1.5381,0.0013,0,0
341,27155,6.938,2,false,12,78,72,6,0,0,72,325,1.5381,0.0013,0,0
342,27162,6.856,2,false,12,79,72,7,0,0,72,325,1.5381,0.0013,0,0
343,27169,6.939,2,false,12,79,72,7,0,0,72,21,1.5381,0.0013,0,0
344,27176,6.866,2,false,12,79,72,7,0,0,72,20,1.5381,0.0013,0,0
345,27182,6.939,2,false,12,79,72,7,0,0,72,22,1.5381,0.0013,0,0
346,27190,6.866,2,false,12,79,72,7,0,0,72,25,1.5381,0.0013,0,0
347,27196,6.879,2,false,12,79,73,6,0,0,73,31,1.7603,0.0014,0,0
348,27203,6.947,2,false,12,79,73,6,0,0,73,31,1.7603,0.0014,0,0
349,27210,6.867,2,false,12,79,73,6,0,0,73,31,1.7603,0.0014,0,0
350,27217,6.931,2,false,12,80,73,7,0,0,73,31,1.7603,0.0014,0,0
351,27224,6.868,2,false,12,80,73,7,0,0,73,33,1.7603,0.0014,0,0
352,27231,6.901,2,false,12,80,73,7,0,0,73,22,1.7603,0.0014,0,0
353,27238,6.944,2,false,12,80,73,7,0,0,73,20,1.7603,0.0014,0,0
354,27245,6.869,2,false,12,80,73,7,0,0,73,21,1.7603,0.0014,0,0
355,27252,6.943,2,false,12,80,73,7,0,0,74,29,1.7603,0.0014,0,0
356,27258,6.836,2,false,12,80,74,6,0,0,74,26,1.6127,0.0014,0,0
357,27265,6.927,2,false,12,80,74,6,0,0,74,26,1.6127,0.0014,0,0
358,27272,6.874,2,false,12,80,74,6,0,0,74,26,1.6127,0.0014,0,0
359,27279,6.902,2,false,12,81,74,7,0,0,74,26,1.6127,0.0014,0,0
360,27286,6.925,2,false,12,81,74,7,0,0,74,19,1.6127,0.0014,0,0
361,27293,6.872,2,false,12,81,74,7,0,0,74,19,1.6127,0.0014,0,0
362,27300,6.937,2,false,12,81,74,7,0,0,74,17,1.6127,0.0014,0,0
363,27307,6.874,2,false,12,81,74,7,0,0,74,20,1.6127,0.0014,0,0
364,27314,6.899,2,false,12,81,74,7,0,0,75,23,1.6127,0.0014,0,0
365,27320,6.908,2,false,12,81,75,6,0,0,75,28,2.8058,0.0015,0,0
366,27327,6.886,2,false,12,81,75,6,0,0,75,28,2.8058,0.0015,0,0
367,27334,6.937,2,false,12,81,75,6,0,0,75,28,2.8058,0.0015,0,0
368,27341,6.89,2,false,12,82,75,7,0,0,75,28,2.8058,0.0015,0,0
369,27348,6.877,2,false,12,82,75,7,0,0,75,23,2.8058,0.0015,0,0
370,27355,6.935,2,false,12,82,75,7,0,0,75,19,2.8058,0.0015,0,0
371,27362,6.864,2,false,12,82,75,7,0,0,75,20,2.8058,0.0015,0,0
372,27369,6.938,2,false,12,82,75,7,0,0,76,22,2.8058,0.0015,0,0
373,27376,6.853,2,false,12,82,76,6,0,0,76,19,1.9942,0.0013,0,0
374,27382,6.922,2,false,12,82,76,6,0,0,76,19,1.9942,0.0013,0,0
375,27389,6.878,2,false,12,82,76,6,0,0,76,19,1.9942,0.0013,0,0
376,27396,6.898,2,false,12,83,76,7,0,0,76,19,1.9942,0.0013,0,0
377,27403,6.961,2,false,12,83,76,7,0,0,76,16,1.9942,0.0013,0,0
378,27410,6.845,2,false,12,83,76,7,0,0,76,21,1.9942,0.0013,0,0
379,27417,6.924,2,false,12,83,76,7,0,0,76,17,1.9942,0.0013,0,0
380,27424,6.873,2,false,12,83,76,7,0,0,76,14,1.9942,0.0013,0,0
381,27431,6.905,2,false,12,83,77,6,0,0,77,18,1.7632,0.0011,0,0
382,27438,6.931,2,false,12,83,77,6,0,0,77,314,1.7632,0.0011,0,0
383,27445,6.866,2,false,12,83,77,6,0,0,77,314,1.7632,0.0011,0,0
384,27452,6.945,2,false,12,83,77,6,0,0,77,314,1.7632,0.0011,0,0
385,27458,6.859,2,false,12,84,77,7,0,0,77,314,1.7632,0.0011,0,0
386,27465,6.94,2,false,12,84,77,7,0,0,77,18,1.7632,0.0011,0,0
387,27472,6.855,2,false,12,84,77,7,0,0,77,20,1.7632,0.0011,0,0
388,27479,6.893,2,false,12,84,77,7,0,0,78,18,1.4507,0.0009,0,0
389,27486,6.923,2,false,12,84,78,6,0,0,78,14,1.4507,0.0009,0,0
390,27493,6.877,2,false,12,84,78,6,0,0,78,14,1.4507,0.0009,0,0
391,27500,6.95,2,false,12,84,78,6,0,0,78,14,1.4507,0.0009,0,0
392,27507,6.858,2,false,12,85,78,7,0,0,78,14,1.4507,0.0009,0,0
393,27514,6.902,2,false,12,85,78,7,0,0,78,16,1.4507,0.0009,0,0
394,27521,6.928,2,false,12,85,78,7,0,0,78,18,1.4507,0.0009,0,0
395,27527,6.875,2,false,12,85,78,7,0,0,78,15,1.4507,0.0009,0,0
396,27534,6.931,2,false,12,85,78,7,0,0,78,19,1.4507,0.0009,0,0
397,27541,6.865,2,false,12,85,78,7,0,0,79,23,2.3762,0.0018,0,0
398,27548,6.891,2,false,12,85,79,6,0,0,79,315,2.3762,0.0018,0,0
399,27555,6.953,2,false,12,85,79,6,0,0,79,315,2.3762,0.0018,0,0
400,27562,6.857,2,false,12,85,79,6,0,0,79,315,2.3762,0.0018,0,0
401,27569,6.934,2,false,12,86,79,7,0,0,79,315,2.3762,0.0018,0,0
402,27576,6.893,2,false,12,86,79,7,0,0,79,19,2.3762,0.0018,0,0
403,27583,6.926,2,false,12,86,79,7,0,0,79,27,2.3762,0.0018,0,0
404,27590,6.875,2,false,12,86,79,7,0,0,80,20,2.3762,0.0018,0,0
405,27596,6.867,2,false,12,86,80,6,0,0,80,21,1.9638,0.0014,0,0
406,27603,6.937,2,false,12,86,80,6,0,0,80,21,1.9638,0.0014,0,0
407,27610,6.864,2,false,12,86,80,6,0,0,80,21,1.9638,0.0014,0,0
408,27617,6.934,2,false,12,87,80,7,0,0,80,21,1.9638,0.0014,0,0
409,27624,6.88,2,false,12,87,80,7,0,0,80,21,1.9638,0.0014,0,0
410,27631,6.888,2,false,12,87,80,7,0,0,80,19,1.9638,0.0014,0,0
411,27638,6.933,2,false,12,87,80,7,0,0,80,19,1.9638,0.0014,0,0
412,27645,6.869,2,false,12,87,80,7,0,0,81,19,1.9638,0.0014,0,0
413,27652,6.924,2,false,12,87,81,6,0,0,81,16,1.5247,0.0016,0,0
414,27658,6.873,2,false,12,87,81,6,0,0,81,16,1.5247,0.0016,0,0
415,27665,6.933,2,false,12,88,81,7,0,0,81,16,1.5247,0.0016,0,0
416,27672,6.867,2,false,12,88,81,7,0,0,81,19,1.5247,0.0016,0,0
417,27679,6.897,2,false,12,88,81,7,0,0,81,18,1.5247,0.0016,0,0
418,27686,7.028,2,false,12,88,81,7,0,0,81,27,1.5247,0.0016,0,0
419,27693,6.772,2,false,12,88,81,7,0,0,81,17,1.5247,0.0016,0,0
420,27700,6.944,2,false,12,88,81,7,0,0,81,16,1.5247,0.0016,0,0
421,27707,6.855,2,false,12,88,82,6,0,0,82,18,1.5434,0.0015,0,0
422,27714,6.908,2,false,12,88,82,6,0,0,82,18,1.5434,0.0015,0,0
423,27721,6.934,2,false,12,88,82,6,0,0,82,18,1.5434,0.0015,0,0
424,27727,6.857,2,false,12,89,82,7,0,0,82,18,1.5434,0.0015,0,0
425,27734,6.948,2,false,12,89,82,7,0,0,82,23,1.5434,0.0015,0,0
426,27741,6.884,2,false,12,89,82,7,0,0,82,19,1.5434,0.0015,0,0
427,27748,6.879,2,false,12,89,82,7,0,0,82,19,1.5434,0.0015,0,0
428,27755,6.917,2,false,12,89,82,7,0,0,83,21,1.5434,0.0015,0,0
429,27762,6.875,2,false,12,89,83,6,0,0,83,16,2.6838,0.0016,0,0
430,27769,6.936,2,false,12,89,83,6,0,0,83,16,2.6838,0.0016,0,0
431,27776,6.891,2,false,12,89,83,6,0,0,83,16,2.6838,0.0016,0,0
432,27783,6.912,2,false,12,90,83,7,0,0,83,16,2.6838,0.0016,0,0
433,27790,6.865,2,false,12,90,83,7,0,0,83,17,2.6838,0.0016,0,0
434,27797,6.941,2,false,12,90,83,7,0,0,83,18,2.6838,0.0016,0,0
435,27804,7.062,2,false,12,90,83,7,0,0,83,29,2.6838,0.0016,0,0
436,27810,6.694,2,false,12,90,83,7,0,0,83,19,2.6838,0.0016,0,0
437,27817,6.923,2,false,12,90,84,6,0,0,84,17,1.6231,0.0015,0,0
438,27824,6.872,2,false,12,90,84,6,0,0,84,302,1.6231,0.0015,0,0
439,27831,6.91,2,false,12,90,84,6,0,0,84,302,1.6231,0.0015,0,0
440,27838,6.941,2,false,12,90,84,6,0,0,84,302,1.6231,0.0015,0,0
441,27845,7.033,2,false,12,91,84,7,0,0,84,302,1.6231,0.0015,0,0
442,27852,6.772,2,false,12,91,84,7,0,0,84,18,1.6231,0.0015,0,0
443,27859,6.85,2,false,12,91,84,7,0,0,84,25,1.6231,0.0015,0,0
444,27866,6.937,2,false,12,91,84,7,0,0,85,17,1.5143,0.0012,0,0
445,27872,6.856,2,false,12,91,85,6,0,0,85,333,1.5143,0.0012,0,0
446,27879,6.907,2,false,12,91,85,6,0,0,85,333,1.5143,0.0012,0,0
447,27886,6.938,2,false,12,91,85,6,0,0,85,333,1.5143,0.0012,0,0
448,27893,6.861,2,false,12,92,85,7,0,0,85,333,1.5143,0.0012,0,0
449,27900,6.999,2,false,12,92,85,7,0,0,85,19,1.5143,0.0012,0,0
450,27907,6.794,2,false,12,92,85,7,0,0,85,20,1.5143,0.0012,0,0
451,27914,6.906,2,false,12,92,85,7,0,0,86,15,1.5143,0.0012,0,0
452,27921,6.921,2,false,12,92,86,6,0,0,86,16,1.6045,0.0011,0,0
453,27928,6.905,2,false,12,92,86,6,0,0,86,16,1.6045,0.0011,0,0
454,27935,6.911,2,false,12,92,86,6,0,0,86,16,1.6045,0.0011,0,0
455,27941,6.864,2,false,12,93,86,7,0,0,86,16,1.6045,0.0011,0,0
456,27948,6.906,2,false,12,93,86,7,0,0,86,17,1.6045,0.0011,0,0
457,27955,6.934,2,false,12,93,86,7,0,0,86,17,1.6045,0.0011,0,0
458,27962,6.872,2,false,12,93,86,7,0,0,86,21,1.6045,0.0011,0,0
459,27969,6.923,2,false,12,93,86,7,0,0,87,19,1.6045,0.0011,0,0
460,27976,6.863,2,false,12,93,87,6,0,0,87,16,1.5237,0.0012,0,0
461,27983,6.921,2,false,12,93,87,6,0,0,87,16,1.5237,0.0012,0,0
462,27990,6.876,2,false,12,93,87,6,0,0,87,16,1.5237,0.0012,0,0
463,27997,6.912,2,false,12,94,87,7,0,0,87,16,1.5237,0.0012,0,0
464,28004,6.932,2,false,12,94,87,7,0,0,87,20,1.5237,0.0012,0,0
465,28010,6.866,2,false,12,94,87,7,0,0,87,18,1.5237,0.0012,0,0
466,28017,6.928,2,false,12,94,87,7,0,0,87,18,1.5237,0.0012,0,0
467,28024,6.88,2,false,12,94,87,7,0,0,88,16,1.5237,0.0012,0,0
468,28031,6.882,2,false,12,94,88,6,0,0,88,82,2.1982,0.0015,0,0
469,28038,6.964,2,false,12,94,88,6,0,0,88,82,2.1982,0.0015,0,0
470,28045,6.844,2,false,12,94,88,6,0,0,88,82,2.1982,0.0015,0,0
471,28052,6.931,2,false,12,95,88,7,0,0,88,82,2.1982,0.0015,0,0
472,28059,6.88,2,false,12,95,88,7,0,0,88,31,2.1982,0.0015,0,0
473,28066,7.024,2,false,12,95,88,7,0,0,88,21,2.1982,0.0015,0,0
474,28073,6.765,2,false,12,95,88,7,0,0,88,17,2.1982,0.0015,0,0
475,28080,6.901,2,false,12,95,88,7,0,0,88,35,2.1982,0.0015,0,0
476,28086,6.921,2,false,12,95,89,6,0,0,89,27,1.5745,0.0016,0,0
477,28093,6.881,2,false,12,95,89,6,0,0,89,27,1.5745,0.0016,0,0
478,28100,6.931,2,false,12,95,89,6,0,0,89,27,1.5745,0.0016,0,0
479,28107,6.867,2,false,12,96,89,7,0,0,89,27,1.5745,0.0016,0,0
480,28114,6.912,2,false,12,96,89,7,0,0,89,29,1.5745,0.0016,0,0
481,28121,6.922,2,false,12,96,89,7,0,0,89,19,1.5745,0.0016,0,0
482,28128,6.862,2,false,12,96,89,7,0,0,89,19,1.5745,0.0016,0,0
483,28135,6.933,2,false,12,96,89,7,0,0,90,17,1.5745,0.0016,0,0
484,28141,6.865,2,false,12,96,90,6,0,0,90,17,1.4846,0.0009,0,0
485,28148,6.902,2,false,12,96,90,6,0,0,90,17,1.4846,0.0009,0,0
486,28155,6.945,2,false,12,96,90,6,0,0,90,17,1.4846,0.0009,0,0
487,28162,6.862,2,false,12,97,90,7,0,0,90,17,1.4846,0.0009,0,0
488,28169,6.934,2,false,12,97,90,7,0,0,90,19,1.4846,0.0009,0,0
489,28176,6.871,2,false,12,97,90,7,0,0,90,19,1.4846,0.0009,0,0
490,28183,6.941,2,false,12,97,90,7,0,0,90,20,1.4846,0.0009,0,0
491,28190,6.855,2,false,12,97,90,7,0,0,91,23,1.4846,0.0009,0,0
492,28197,6.897,2,false,12,97,91,6,0,0,91,21,3.0536,0.0021,0,0
493,28204,6.926,2,false,12,97,91,6,0,0,91,328,3.0536,0.0021,0,0
494,28211,6.877,2,false,12,97,91,6,0,0,91,328,3.0536,0.0021,0,0
495,28217,6.926,2,false,12,98,91,7,0,0,91,328,3.0536,0.0021,0,0
496,28224,6.875,2,false,12,98,91,7,0,0,91,19,3.0536,0.0021,0,0
497,28231,6.906,2,false,12,98,91,7,0,0,91,20,3.0536,0.0021,0,0
498,28238,6.976,2,false,12,98,91,7,0,0,91,27,3.0536,0.0021,0,0
499,28245,6.837,2,false,12,98,91,7,0,0,92,28,3.0536,0.0021,0,0
500,28252,6.908,2,false,12,98,92,6,0,0,92,23,1.7198,0.0012,0,0
501,28259,6.87,2,false,12,98,92,6,0,0,92,23,1.7198,0.0012,0,0
502,28266,6.933,2,false,12,98,92,6,0,0,92,23,1.7198,0.0012,0,0
503,28273,6.871,2,false,12,99,92,7,0,0,92,23,1.7198,0.0012,0,0
504,28280,6.902,2,false,12,99,92,7,0,0,92,23,1.7198,0.0012,0,0
505,28287,6.949,2,false,12,99,92,7,0,0,92,23,1.7198,0.0012,0,0
506,28293,6.847,2,false,12,99,92,7,0,0,92,55,1.7198,0.0012,0,0
507,28300,6.976,2,false,12,99,92,7,0,0,92,22,1.7198,0.0012,0,0
508,28307,6.827,2,false,12,99,92,7,0,0,93,39,1.7281,0.0019,0,0
509,28314,6.883,2,false,12,99,93,6,0,0,93,318,1.7281,0.0019,0,0
510,28321,6.948,2,false,12,99,93,6,0,0,93,318,1.7281,0.0019,0,0
511,28328,6.869,2,false,12,99,93,6,0,0,93,318,1.7281,0.0019,0,0
512,28335,6.94,2,false,12,100,93,7,0,0,93,318,1.7281,0.0019,0,0
513,28342,6.862,2,false,12,100,93,7,0,0,93,37,1.7281,0.0019,0,0
514,28349,6.908,2,false,12,100,93,7,0,0,93,21,1.7281,0.0019,0,0
515,28356,6.936,2,false,12,100,93,7,0,0,93,42,1.7281,0.0019,0,0
516,28363,6.858,2,false,12,100,93,7,0,0,93,31,1.7281,0.0019,0,0
517,28370,6.967,2,false,12,100,93,7,0,0,93,36,1.7281,0.0019,0,0
518,28379,9.275,2,false,12,100,94,6,0,0,94,61,2.4386,0.0028,0,0
519,28383,4.468,2,false,12,100,94,6,0,0,94,61,2.4386,0.0028,0,0
520,28390,6.886,2,false,12,100,94,6,0,0,94,61,2.4386,0.0028,0,0
521,28397,6.893,2,false,12,101,94,7,0,0,94,61,2.4386,0.0028,0,0
522,28404,6.932,2,false,12,101,94,7,0,0,94,19,2.4386,0.0028,0,0
523,28411,6.864,2,false,12,101,94,7,0,0,94,18,2.4386,0.0028,0,0
524,28417,6.921,2,false,12,101,94,7,0,0,94,16,2.4386,0.0028,0,0
525,28424,6.887,2,false,12,101,94,7,0,0,94,14,2.4386,0.0028,0,0
526,28432,6.908,2,false,12,101,94,7,0,0,95,21,1.5848,0.0012,0,0
527,28438,6.925,2,false,12,101,95,6,0,0,95,333,1.5848,0.0012,0,0
528,28445,6.854,2,false,12,101,95,6,0,0,95,333,1.5848,0.0012,0,0
529,28452,6.933,2,false,12,101,95,6,0,0,95,333,1.5848,0.0012,0,0
530,28459,6.885,2,false,12,102,95,7,0,0,95,333,1.5848,0.0012,0,0
531,28466,6.937,2,false,12,102,95,7,0,0,95,21,1.5848,0.0012,0,0
532,28473,6.858,2,false,12,102,95,7,0,0,95,51,1.5848,0.0012,0,0
533,28480,6.897,2,false,12,102,95,7,0,0,95,23,1.5848,0.0012,0,0
534,28487,6.933,2,false,12,102,96,6,0,0,96,19,1.8226,0.0013,0,0
535,28494,6.899,2,false,12,102,96,6,0,0,96,328,1.8226,0.0013,0,0
536,28501,7.01,2,false,12,102,96,6,0,0,96,328,1.8226,0.0013,0,0
537,28507,6.759,2,false,12,102,96,6,0,0,96,328,1.8226,0.0013,0,0
538,28514,6.897,2,false,12,103,96,7,0,0,96,328,1.8226,0.0013,0,0
539,28521,6.943,2,false,12,103,96,7,0,0,96,18,1.8226,0.0013,0,0
540,28528,6.865,2,false,12,103,96,7,0,0,96,19,1.8226,0.0013,0,0
541,28535,6.951,2,false,12,103,96,7,0,0,97,32,1.8226,0.0013,0,0
542,28542,6.839,2,false,12,103,97,6,0,0,97,21,1.5303,0.0013,0,0
543,28549,6.918,2,false,12,103,97,6,0,0,97,21,1.5303,0.0013,0,0
544,28556,6.929,2,false,12,103,97,6,0,0,97,21,1.5303,0.0013,0,0
545,28562,6.854,2,false,12,104,97,7,0,0,97,21,1.5303,0.0013,0,0
546,28569,6.923,2,false,12,104,97,7,0,0,97,19,1.5303,0.0013,0,0
547,28576,6.871,2,false,12,104,97,7,0,0,97,15,1.5303,0.0013,0,0
548,28583,6.946,2,false,12,104,97,7,0,0,97,16,1.5303,0.0013,0,0
549,28590,6.865,2,false,12,104,97,7,0,0,97,20,1.5303,0.0013,0,0
550,28597,6.898,2,false,12,104,97,7,0,0,98,21,1.7762,0.0013,0,0
551,28604,6.915,2,false,12,104,98,6,0,0,98,311,1.7762,0.0013,0,0
552,28611,6.879,2,false,12,104,98,6,0,0,98,311,1.7762,0.0013,0,0
553,28618,6.937,2,false,12,104,98,6,0,0,98,311,1.7762,0.0013,0,0
554,28625,6.867,2,false,12,105,98,7,0,0,98,311,1.7762,0.0013,0,0
555,28631,6.898,2,false,12,105,98,7,0,0,98,26,1.7762,0.0013,0,0
556,28638,6.933,2,false,12,105,98,7,0,0,98,17,1.7762,0.0013,0,0
557,28645,6.86,2,false,12,105,98,7,0,0,98,21,1.7762,0.0013,0,0
558,28652,6.945,2,false,12,105,98,7,0,0,99,16,2.6567,0.0018,0,0
559,28661,8.79,2,false,12,105,99,6,0,0,99,347,2.6567,0.0018,0,0
560,28666,4.984,2,false,12,105,99,6,0,0,99,347,2.6567,0.0018,0,0
561,28673,6.886,2,false,12,105,99,6,0,0,99,347,2.6567,0.0018,0,0
562,28680,6.904,2,false,12,106,99,7,0,0,99,347,2.6567,0.0018,0,0
563,28687,6.931,2,false,12,106,99,7,0,0,99,20,2.6567,0.0018,0,0
564,28693,6.865,2,false,12,106,99,7,0,0,99,52,2.6567,0.0018,0,0
565,28700,6.923,2,false,12,106,99,7,0,0,99,15,2.6567,0.0018,0,0
566,28707,6.882,2,false,12,106,100,6,0,0,100,15,1.7752,0.0023,0,0
567,28714,6.904,2,false,12,106,100,6,0,0,100,313,1.7752,0.0023,0,0
568,28721,6.929,2,false,12,106,100,6,0,0,100,313,1.7752,0.0023,0,0
569,28728,6.859,2,false,12,106,100,6,0,0,100,313,1.7752,0.0023,0,0
570,28735,6.934,2,false,12,107,100,7,0,0,100,313,1.7752,0.0023,0,0
571,28742,6.873,2,false,12,107,100,7,0,0,100,17,1.7752,0.0023,0,0
572,28749,6.891,2,false,12,107,100,7,0,0,100,38,1.7752,0.0023,0,0
573,28756,6.937,2,false,12,107,100,7,0,0,101,17,1.4969,0.0009,0,0
574,28762,6.86,2,false,12,107,101,6,0,0,101,15,1.4969,0.0009,0,0
575,28769,6.934,2,false,12,107,101,6,0,0,101,15,1.4969,0.0009,0,0
576,28776,6.873,2,false,12,108,101,7,0,0,101,15,1.4969,0.0009,0,0
577,28783,6.937,2,false,12,108,101,7,0,0,101,22,1.4969,0.0009,0,0
578,28790,6.865,2,false,12,108,101,7,0,0,101,17,1.4969,0.0009,0,0
579,28797,6.9,2,false,12,108,101,7,0,0,101,14,1.4969,0.0009,0,0
580,28804,6.932,2,false,12,108,101,7,0,0,101,18,1.4969,0.0009,0,0
581,28811,6.874,2,false,12,108,101,7,0,0,102,18,1.4969,0.0009,0,0
582,28818,6.924,2,false,12,108,102,6,0,0,102,18,1.8792,0.0019,0,0
583,28825,6.862,2,false,12,108,102,6,0,0,102,18,1.8792,0.0019,0,0
584,28832,6.904,2,false,12,108,102,6,0,0,102,18,1.8792,0.0019,0,0
585,28838,6.935,2,false,12,109,102,7,0,0,102,18,1.8792,0.0019,0,0
586,28845,6.871,2,false,12,109,102,7,0,0,102,18,1.8792,0.0019,0,0
587,28852,6.938,2,false,12,109,102,7,0,0,102,19,1.8792,0.0019,0,0
588,28859,6.87,2,false,12,109,102,7,0,0,102,19,1.8792,0.0019,0,0
589,28866,6.936,2,false,12,109,102,7,0,0,103,22,1.8792,0.0019,0,0
590,28873,6.848,2,false,12,109,103,6,0,0,103,24,1.6098,0.0015,0,0
591,28880,6.906,2,false,12,109,103,6,0,0,103,24,1.6098,0.0015,0,0
592,28887,6.919,2,false,12,109,103,6,0,0,103,24,1.6098,0.0015,0,0
593,28894,6.884,2,false,12,110,103,7,0,0,103,24,1.6098,0.0015,0,0
594,28901,6.945,2,false,12,110,103,7,0,0,103,17,1.6098,0.0015,0,0
595,28907,6.859,2,false,12,110,103,7,0,0,103,23,1.6098,0.0015,0,0
596,28914,6.891,2,false,12,110,103,7,0,0,103,22,1.6098,0.0015,0,0
597,28921,6.927,2,false,12,110,103,7,0,0,104,15,1.6098,0.0015,0,0
598,28928,6.868,2,false,12,110,104,6,0,0,104,15,1.8726,0.0013,0,0
599,28935,6.927,2,false,12,110,104,6,0,0,104,15,1.8726,0.0013,0,0
600,28942,6.874,2,false,12,110,104,6,0,0,104,15,1.8726,0.0013,0,0
601,28949,6.901,2,false,12,111,104,7,0,0,104,15,1.8726,0.0013,0,0
602,28956,6.934,2,false,12,111,104,7,0,0,104,16,1.8726,0.0013,0,0
603,28963,6.876,2,false,12,111,104,7,0,0,104,16,1.8726,0.0013,0,0
604,28970,6.935,2,false,12,111,104,7,0,0,104,18,1.8726,0.0013,0,0
605,28976,6.856,2,false,12,111,104,7,0,0,105,24,1.8726,0.0013,0,0
606,28984,6.927,2,false,12,111,105,6,0,0,105,29,1.4681,0.0011,0,0
607,28990,6.876,2,false,12,111,105,6,0,0,105,29,1.4681,0.0011,0,0
608,28997,6.911,2,false,12,111,105,6,0,0,105,29,1.4681,0.0011,0,0
609,29004,6.927,2,false,12,112,105,7,0,0,105,29,1.4681,0.0011,0,0
610,29011,6.871,2,false,12,112,105,7,0,0,105,19,1.4681,0.0011,0,0
611,29018,6.948,2,false,12,112,105,7,0,0,105,19,1.4681,0.0011,0,0
612,29025,6.848,2,false,12,112,105,7,0,0,105,29,1.4681,0.0011,0,0
613,29032,6.901,2,false,12,112,105,7,0,0,106,24,1.4681,0.0011,0,0
614,29039,6.924,2,false,12,112,106,6,0,0,106,18,1.7239,0.0016,0,0
615,29046,6.871,2,false,12,112,106,6,0,0,106,18,1.7239,0.0016,0,0
616,29052,6.925,2,false,12,112,106,6,0,0,106,18,1.7239,0.0016,0,0
617,29059,6.876,2,false,12,113,106,7,0,0,106,18,1.7239,0.0016,0,0
618,29066,6.937,2,false,12,113,106,7,0,0,106,17,1.7239,0.0016,0,0
619,29073,6.866,2,false,12,113,106,7,0,0,106,26,1.7239,0.0016,0,0
620,29080,6.904,2,false,12,113,106,7,0,0,106,16,1.7239,0.0016,0,0
621,29087,7.09,2,false,12,113,106,7,0,0,107,20,1.7239,0.0016,0,0
622,29094,6.705,2,false,12,113,107,6,0,0,107,20,2.6059,0.0012,0,0
623,29101,6.928,2,false,12,113,107,6,0,0,107,320,2.6059,0.0012,0,0
624,29108,6.881,2,false,12,113,107,6,0,0,107,320,2.6059,0.0012,0,0
625,29114,6.894,2,false,12,113,107,6,0,0,107,320,2.6059,0.0012,0,0
626,29121,6.931,2,false,12,114,107,7,0,0,107,320,2.6059,0.0012,0,0
627,29128,6.867,2,false,12,114,107,7,0,0,107,27,2.6059,0.0012,0,0
628,29135,6.921,2,false,12,114,107,7,0,0,107,17,2.6059,0.0012,0,0
629,29142,6.883,2,false,12,114,107,7,0,0,108,16,2.6059,0.0012,0,0
630,29149,6.892,2,false,12,114,108,6,0,0,108,20,1.8621,0.0016,0,0
631,29156,6.944,2,false,12,114,108,6,0,0,108,20,1.8621,0.0016,0,0
632,29163,6.862,2,false,12,114,108,6,0,0,108,20,1.8621,0.0016,0,0
633,29170,7.006,2,false,12,115,108,7,0,0,108,20,1.8621,0.0016,0,0
634,29177,6.799,2,false,12,115,108,7,0,0,108,21,1.8621,0.0016,0,0
635,29183,6.939,2,false,12,115,108,7,0,0,108,20,1.8621,0.0016,0,0
636,29190,6.857,2,false,12,115,108,7,0,0,108,23,1.8621,0.0016,0,0
637,29197,6.899,2,false,12,115,108,7,0,0,108,22,1.8621,0.0016,0,0
638,29204,6.933,2,false,12,115,108,7,0,0,109,21,1.8355,0.0034,0,0
639,29211,6.858,2,false,12,115,109,6,0,0,109,321,1.8355,0.0034,0,0
640,29218,6.943,2,false,12,115,109,6,0,0,109,321,1.8355,0.0034,0,0
641,29225,6.868,2,false,12,115,109,6,0,0,109,321,1.8355,0.0034,0,0
642,29232,6.917,2,false,12,116,109,7,0,0,109,321,1.8355,0.0034,0,0
643,29239,6.922,2,false,12,116,109,7,0,0,109,34,1.8355,0.0034,0,0
644,29246,6.861,2,false,12,116,109,7,0,0,109,37,1.8355,0.0034,0,0
645,29252,6.931,2,false,12,116,109,7,0,0,110,21,1.8355,0.0034,0,0
646,29259,6.857,2,false,12,116,110,6,0,0,110,18,1.5058,0.001,0,0
647,29266,6.943,2,false,12,116,110,6,0,0,110,18,1.5058,0.001,0,0
648,29273,6.878,2,false,12,116,110,6,0,0,110,18,1.5058,0.001,0,0
649,29280,6.891,2,false,12,117,110,7,0,0,110,18,1.5058,0.001,0,0
650,29287,6.933,2,false,12,117,110,7,0,0,110,21,1.5058,0.001,0,0
651,29294,6.862,2,false,12,117,110,7,0,0,110,17,1.5058,0.001,0,0
652,29301,6.929,2,false,12,117,110,7,0,0,110,25,1.5058,0.001,0,0
653,29308,6.87,2,false,12,117,110,7,0,0,111,15,1.5058,0.001,0,0
654,29315,6.894,2,false,12,117,111,6,0,0,111,16,1.6774,0.001,0,0
655,29321,6.925,2,false,12,117,111,6,0,0,111,16,1.6774,0.001,0,0
656,29328,6.874,2,false,12,117,111,6,0,0,111,16,1.6774,0.001,0,0
657,29335,6.927,2,false,12,118,111,7,0,0,111,16,1.6774,0.001,0,0
658,29342,6.887,2,false,12,118,111,7,0,0,111,16,1.6774,0.001,0,0
659,29349,6.894,2,false,12,118,111,7,0,0,111,18,1.6774,0.001,0,0
660,29356,6.914,2,false,12,118,111,7,0,0,111,15,1.6774,0.001,0,0
661,29363,6.884,2,false,12,118,111,7,0,0,112,14,1.5547,0.001,0,0
662,29370,6.926,2,false,12,118,112,6,0,0,112,25,1.5547,0.001,0,0
663,29377,6.881,2,false,12,118,112,6,0,0,112,25,1.5547,0.001,0,0
664,29384,6.931,2,false,12,119,112,7,0,0,112,25,1.5547,0.001,0,0
665,29390,6.873,2,false,12,119,112,7,0,0,112,19,1.5547,0.001,0,0
666,29397,6.895,2,false,12,119,112,7,0,0,112,24,1.5547,0.001,0,0
667,29404,6.983,2,false,12,119,112,7,0,0,112,18,1.5547,0.001,0,0
668,29411,6.812,2,false,12,119,112,7,0,0,112,21,1.5547,0.001,0,0
669,29418,6.926,2,false,12,119,112,7,0,0,113,16,1.5547,0.001,0,0
670,29426,7.704,2,false,12,119,113,6,0,0,113,14,1.7428,0.0019,0,0
671,29432,6.063,2,false,12,119,113,6,0,0,113,14,1.7428,0.0019,0,0
672,29439,6.952,2,false,12,119,113,6,0,0,113,14,1.7428,0.0019,0,0
673,29446,6.858,2,false,12,120,113,7,0,0,113,14,1.7428,0.0019,0,0
674,29453,6.94,2,false,12,120,113,7,0,0,113,18,1.7428,0.0019,0,0
675,29460,6.909,2,false,12,120,113,7,0,0,113,18,1.7428,0.0019,0,0
676,29466,6.889,2,false,12,120,113,7,0,0,113,28,1.7428,0.0019,0,0
677,29473,6.863,2,false,12,120,113,7,0,0,113,21,1.7428,0.0019,0,0
678,29480,6.889,2,false,12,120,114,6,0,0,114,20,1.4844,0.001,0,0
679,29487,6.943,2,false,12,120,114,6,0,0,114,304,1.4844,0.001,0,0
680,29494,6.873,2,false,12,120,114,6,0,0,114,304,1.4844,0.001,0,0
681,29501,6.924,2,false,12,120,114,6,0,0,114,304,1.4844,0.001,0,0
682,29508,6.889,2,false,12,121,114,7,0,0,114,304,1.4844,0.001,0,0
683,29515,6.88,2,false,12,121,114,7,0,0,114,17,1.4844,0.001,0,0
684,29522,6.925,2,false,12,121,114,7,0,0,114,18,1.4844,0.001,0,0
685,29529,6.867,2,false,12,121,114,7,0,0,115,17,1.4844,0.001,0,0
686,29535,6.927,2,false,12,121,115,6,0,0,115,20,2.5635,0.0015,0,0
687,29542,6.876,2,false,12,121,115,6,0,0,115,20,2.5635,0.0015,0,0
688,29549,6.899,2,false,12,121,115,6,0,0,115,20,2.5635,0.0015,0,0
689,29556,6.941,2,false,12,122,115,7,0,0,115,20,2.5635,0.0015,0,0
690,29563,6.864,2,false,12,122,115,7,0,0,115,18,2.5635,0.0015,0,0
691,29570,6.927,2,false,12,122,115,7,0,0,115,17,2.5635,0.0015,0,0
692,29577,6.866,2,false,12,122,115,7,0,0,115,16,2.5635,0.0015,0,0
693,29584,6.927,2,false,12,122,115,7,0,0,116,16,1.5809,0.0009,0,0
694,29590,6.873,2,false,12,122,116,6,0,0,116,14,1.5809,0.0009,0,0
695,29597,6.896,2,false,12,122,116,6,0,0,116,14,1.5809,0.0009,0,0
696,29604,6.925,2,false,12,122,116,6,0,0,116,14,1.5809,0.0009,0,0
697,29611,6.884,2,false,12,123,116,7,0,0,116,14,1.5809,0.0009,0,0
698,29618,6.92,2,false,12,123,116,7,0,0,116,17,1.5809,0.0009,0,0
699,29625,6.882,2,false,12,123,116,7,0,0,116,16,1.5809,0.0009,0,0
700,29632,6.898,2,false,12,123,116,7,0,0,116,16,1.5809,0.0009,0,0
701,29639,6.953,2,false,12,123,116,7,0,0,117,14,1.5809,0.0009,0,0
702,29646,6.842,2,false,12,123,117,6,0,0,117,17,1.5466,0.0013,0,0
703,29653,6.981,2,false,12,123,117,6,0,0,117,17,1.5466,0.0013,0,0
704,29660,6.822,2,false,12,123,117,6,0,0,117,17,1.5466,0.0013,0,0
705,29666,6.915,2,false,12,124,117,7,0,0,117,17,1.5466,0.0013,0,0
706,29673,6.894,2,false,12,124,117,7,0,0,117,15,1.5466,0.0013,0,0
707,29680,6.897,2,false,12,124,117,7,0,0,117,19,1.5466,0.0013,0,0
708,29687,6.92,2,false,12,124,117,7,0,0,117,20,1.5466,0.0013,0,0
709,29694,6.864,2,false,12,124,117,7,0,0,118,14,1.4721,0.0009,0,0
710,29701,6.939,2,false,12,124,118,6,0,0,118,293,1.4721,0.0009,0,0
711,29708,6.866,2,false,12,124,118,6,0,0,118,293,1.4721,0.0009,0,0
712,29715,6.914,2,false,12,124,118,6,0,0,118,293,1.4721,0.0009,0,0
713,29722,6.912,2,false,12,125,118,7,0,0,118,293,1.4721,0.0009,0,0
714,29728,6.873,2,false,12,125,118,7,0,0,118,17,1.4721,0.0009,0,0
715,29735,6.936,2,false,12,125,118,7,0,0,118,14,1.4721,0.0009,0,0
716,29742,6.868,2,false,12,125,118,7,0,0,119,18,1.4721,0.0009,0,0
717,29749,6.897,2,false,12,125,119,6,0,0,119,17,1.5191,0.001,0,0
718,29756,6.928,2,false,12,125,119,6,0,0,119,17,1.5191,0.001,0,0
719,29763,6.87,2,false,12,125,119,6,0,0,119,17,1.5191,0.001,0,0
720,29770,6.948,2,false,12,126,119,7,0,0,119,17,1.5191,0.001,0,0
721,29777,6.869,2,false,12,126,119,7,0,0,119,20,1.5191,0.001,0,0
722,29784,6.919,2,false,12,126,119,7,0,0,119,25,1.5191,0.001,0,0
723,29791,6.864,2,false,12,126,119,7,0,0,119,16,1.5191,0.001,0,0
724,29798,6.914,2,false,12,126,119,7,0,0,120,13,1.5191,0.001,0,0
725,29804,6.913,2,false,12,126,120,6,0,0,120,19,1.7605,0.0012,0,0
726,29811,6.886,2,false,12,126,120,6,0,0,120,19,1.7605,0.0012,0,0
727,29818,6.919,2,false,12,126,120,6,0,0,120,19,1.7605,0.0012,0,0
728,29825,6.872,2,false,12,127,120,7,0,0,120,19,1.7605,0.0012,0,0
729,29832,6.9,2,false,12,127,120,7,0,0,120,17,1.7605,0.0012,0,0
730,29839,7.026,2,false,12,127,120,7,0,0,120,15,1.7605,0.0012,0,0
731,29846,6.777,2,false,12,127,120,7,0,0,120,24,1.7605,0.0012,0,0
732,29853,6.913,2,false,12,127,120,7,0,0,121,15,1.7605,0.0012,0,0
733,29860,6.882,2,false,12,127,121,6,0,0,121,12,1.4594,0.0016,0,0
734,29867,6.938,2,false,12,127,121,6,0,0,121,12,1.4594,0.0016,0,0
735,29873,6.87,2,false,12,127,121,6,0,0,121,12,1.4594,0.0016,0,0
736,29880,6.893,2,false,12,128,121,7,0,0,121,12,1.4594,0.0016,0,0
737,29887,6.939,2,false,12,128,121,7,0,0,121,16,1.4594,0.0016,0,0
738,29894,6.866,2,false,12,128,121,7,0,0,121,18,1.4594,0.0016,0,0
739,29901,6.945,2,false,12,128,121,7,0,0,121,28,1.4594,0.0016,0,0
740,29908,6.853,2,false,12,128,121,7,0,0,122,20,1.4594,0.0016,0,0
741,29915,6.897,2,false,12,128,122,6,0,0,122,15,1.5297,0.0012,0,0
742,29922,6.927,2,false,12,128,122,6,0,0,122,15,1.5297,0.0012,0,0
743,29929,6.871,2,false,12,129,122,7,0,0,122,15,1.5297,0.0012,0,0
744,29936,6.949,2,false,12,129,122,7,0,0,122,19,1.5297,0.0012,0,0
745,29942,6.854,2,false,12,129,122,7,0,0,122,27,1.5297,0.0012,0,0
746,29949,6.912,2,false,12,129,122,7,0,0,122,16,1.5297,0.0012,0,0
747,29956,6.915,2,false,12,129,122,7,0,0,122,15,1.5297,0.0012,0,0
748,29963,6.892,2,false,12,129,122,7,0,0,123,14,1.5297,0.0012,0,0
749,29970,6.913,2,false,12,129,123,6,0,0,123,18,3.196,0.002,0,0
750,29977,6.867,2,false,12,129,123,6,0,0,123,320,3.196,0.002,0,0
751,29984,6.927,2,false,12,129,123,6,0,0,123,320,3.196,0.002,0,0
752,29991,6.881,2,false,12,129,123,6,0,0,123,320,3.196,0.002,0,0
753,29998,6.906,2,false,12,130,123,7,0,0,123,320,3.196,0.002,0,0
754,30005,6.938,2,false,12,130,123,7,0,0,123,20,3.196,0.002,0,0
755,30011,6.854,2,false,12,130,123,7,0,0,123,19,3.196,0.002,0,0
756,30018,6.926,2,false,12,130,123,7,0,0,124,17,3.196,0.002,0,0
757,30025,6.879,2,false,12,130,124,6,0,0,124,16,1.5052,0.0014,0,0
758,30032,6.894,2,false,12,130,124,6,0,0,124,16,1.5052,0.0014,0,0
759,30039,6.924,2,false,12,130,124,6,0,0,124,16,1.5052,0.0014,0,0
760,30046,6.88,2,false,12,131,124,7,0,0,124,16,1.5052,0.0014,0,0
761,30053,6.932,2,false,12,131,124,7,0,0,124,17,1.5052,0.0014,0,0
762,30060,6.872,2,false,12,131,124,7,0,0,124,17,1.5052,0.0014,0,0
763,30067,6.931,2,false,12,131,124,7,0,0,124,40,1.5052,0.0014,0,0
764,30074,6.864,2,false,12,131,124,7,0,0,124,19,1.5052,0.0014,0,0
765,30080,6.895,2,false,12,131,125,6,0,0,125,21,1.6081,0.0015,0,0
766,30088,6.941,2,false,12,131,125,6,0,0,125,312,1.6081,0.0015,0,0
767,30094,6.863,2,false,12,131,125,6,0,0,125,312,1.6081,0.0015,0,0
768,30101,6.935,2,false,12,131,125,6,0,0,125,312,1.6081,0.0015,0,0
769,30108,6.872,2,false,12,132,125,7,0,0,125,312,1.6081,0.0015,0,0
770,30115,6.888,2,false,12,132,125,7,0,0,125,18,1.6081,0.0015,0,0
771,30122,6.984,2,false,12,132,125,7,0,0,125,16,1.6081,0.0015,0,0
772,30129,6.826,2,false,12,132,125,7,0,0,126,32,1.4943,0.001,0,0
773,30136,6.915,2,false,12,132,126,6,0,0,126,97,1.4943,0.001,0,0
774,30142,6.877,2,false,12,132,126,6,0,0,126,97,1.4943,0.001,0,0
775,30149,6.911,2,false,12,132,126,6,0,0,126,97,1.4943,0.001,0,0
776,30156,6.93,2,false,12,133,126,7,0,0,126,97,1.4943,0.001,0,0
777,30164,6.87,2,false,12,133,126,7,0,0,126,20,1.4943,0.001,0,0
778,30170,6.928,2,false,12,133,126,7,0,0,126,37,1.4943,0.001,0,0
779,30177,6.867,2,false,12,133,126,7,0,0,127,21,1.4943,0.001,0,0
780,30187,9.514,2,false,12,133,127,6,0,0,127,18,1.8304,0.002,0,0
781,30191,4.279,2,false,12,133,127,6,0,0,127,18,1.8304,0.002,0,0
782,30198,6.911,2,false,12,133,127,6,0,0,127,18,1.8304,0.002,0,0
783,30205,6.931,2,false,12,134,127,7,0,0,127,18,1.8304,0.002,0,0
784,30212,6.872,2,false,12,134,127,7,0,0,127,15,1.8304,0.002,0,0
785,30219,6.953,2,false,12,134,127,7,0,0,127,23,1.8304,0.002,0,0
786,30225,6.836,2,false,12,134,127,7,0,0,127,27,1.8304,0.002,0,0
787,30232,6.894,2,false,12,134,127,7,0,0,127,20,1.8304,0.002,0,0
788,30239,6.935,2,false,12,134,127,7,0,0,128,16,1.5056,0.0013,0,0
789,30246,6.873,2,false,12,134,128,6,0,0,128,337,1.5056,0.0013,0,0
790,30253,6.939,2,false,12,134,128,6,0,0,128,337,1.5056,0.0013,0,0
791,30260,6.858,2,false,12,134,128,6,0,0,128,337,1.5056,0.0013,0,0
792,30267,7.053,2,false,12,135,128,7,0,0,128,337,1.5056,0.0013,0,0
793,30274,6.767,2,false,12,135,128,7,0,0,128,17,1.5056,0.0013,0,0
794,30280,6.88,2,false,12,135,128,7,0,0,128,22,1.5056,0.0013,0,0
795,30287,6.929,2,false,12,135,128,7,0,0,128,17,1.5056,0.0013,0,0
796,30294,6.865,2,false,12,135,129,6,0,0,129,14,1.7581,0.0012,0,0
797,30301,6.924,2,false,12,135,129,6,0,0,129,308,1.7581,0.0012,0,0
798,30308,6.884,2,false,12,135,129,6,0,0,129,308,1.7581,0.0012,0,0
799,30315,6.898,2,false,12,135,129,6,0,0,129,308,1.7581,0.0012,0,0
800,30322,6.939,2,false,12,136,129,7,0,0,129,308,1.7581,0.0012,0,0
801,30329,6.861,2,false,12,136,129,7,0,0,129,17,1.7581,0.0012,0,0
802,30336,6.936,2,false,12,136,129,7,0,0,129,16,1.7581,0.0012,0,0
803,30343,6.865,2,false,12,136,129,7,0,0,130,21,1.4586,0.0012,0,0
804,30349,6.89,2,false,12,136,130,6,0,0,130,335,1.4586,0.0012,0,0
805,30356,6.926,2,false,12,136,130,6,0,0,130,335,1.4586,0.0012,0,0
806,30363,6.881,2,false,12,136,130,6,0,0,130,335,1.4586,0.0012,0,0
807,30370,6.951,2,false,12,137,130,7,0,0,130,335,1.4586,0.0012,0,0
808,30377,6.852,2,false,12,137,130,7,0,0,130,22,1.4586,0.0012,0,0
809,30384,6.925,2,false,12,137,130,7,0,0,130,16,1.4586,0.0012,0,0
810,30391,6.868,2,false,12,137,130,7,0,0,131,15,1.4586,0.0012,0,0
811,30398,6.905,2,false,12,137,131,6,0,0,131,16,2.4196,0.0014,0,0
812,30405,7.04,2,false,12,137,131,6,0,0,131,16,2.4196,0.0014,0,0
813,30412,6.764,2,false,12,137,131,6,0,0,131,16,2.4196,0.0014,0,0
814,30419,6.933,2,false,12,138,131,7,0,0,131,16,2.4196,0.0014,0,0
815,30425,6.872,2,false,12,138,131,7,0,0,131,19,2.4196,0.0014,0,0
816,30432,6.902,2,false,12,138,131,7,0,0,131,18,2.4196,0.0014,0,0
817,30439,6.927,2,false,12,138,131,7,0,0,131,20,2.4196,0.0014,0,0
818,30446,6.856,2,false,12,138,131,7,0,0,131,15,2.4196,0.0014,0,0
819,30453,6.925,2,false,12,138,132,6,0,0,132,16,1.5206,0.0012,0,0
820,30460,6.887,2,false,12,138,132,6,0,0,132,314,1.5206,0.0012,0,0
821,30467,6.934,2,false,12,138,132,6,0,0,132,314,1.5206,0.0012,0,0
822,30474,6.867,2,false,12,139,132,7,0,0,132,314,1.5206,0.0012,0,0
823,30481,6.899,2,false,12,139,132,7,0,0,132,29,1.5206,0.0012,0,0
824,30488,6.934,2,false,12,139,132,7,0,0,132,18,1.5206,0.0012,0,0
825,30494,6.873,2,false,12,139,132,7,0,0,132,18,1.5206,0.0012,0,0
826,30501,6.926,2,false,12,139,132,7,0,0,133,29,1.5206,0.0012,0,0
827,30508,6.865,2,false,12,139,133,6,0,0,133,18,1.513,0.0012,0,0
828,30515,6.901,2,false,12,139,133,6,0,0,133,18,1.513,0.0012,0,0
829,30522,6.938,2,false,12,139,133,6,0,0,133,18,1.513,0.0012,0,0
830,30529,6.863,2,false,12,140,133,7,0,0,133,18,1.513,0.0012,0,0
831,30536,6.93,2,false,12,140,133,7,0,0,133,19,1.513,0.0012,0,0
832,30543,6.875,2,false,12,140,133,7,0,0,133,17,1.513,0.0012,0,0
833,30550,6.9,2,false,12,140,133,7,0,0,133,20,1.513,0.0012,0,0
834,30557,6.947,2,false,12,140,133,7,0,0,133,23,1.513,0.0012,0,0
835,30563,6.846,2,false,12,140,134,6,0,0,134,19,1.6073,0.0016,0,0
836,30570,6.941,2,false,12,140,134,6,0,0,134,19,1.6073,0.0016,0,0
837,30577,6.861,2,false,12,140,134,6,0,0,134,19,1.6073,0.0016,0,0
838,30585,6.966,2,false,12,141,134,7,0,0,134,19,1.6073,0.0016,0,0
839,30591,6.84,2,false,12,141,134,7,0,0,134,28,1.6073,0.0016,0,0
840,30598,6.9,2,false,12,141,134,7,0,0,134,22,1.6073,0.0016,0,0
841,30605,6.927,2,false,12,141,134,7,0,0,134,21,1.6073,0.0016,0,0
842,30612,6.864,2,false,12,141,134,7,0,0,134,22,1.6073,0.0016,0,0
843,30619,6.943,2,false,12,141,134,7,0,0,135,20,2.1022,0.0016,0,0
844,30625,6.851,2,false,12,141,135,6,0,0,135,347,2.1022,0.0016,0,0
845,30632,6.911,2,false,12,141,135,6,0,0,135,347,2.1022,0.0016,0,0
846,30639,6.943,2,false,12,141,135,6,0,0,135,347,2.1022,0.0016,0,0
847,30646,6.877,2,false,12,142,135,7,0,0,135,347,2.1022,0.0016,0,0
848,30654,6.938,2,false,12,142,135,7,0,0,135,36,2.1022,0.0016,0,0
849,30660,6.844,2,false,12,142,135,7,0,0,135,46,2.1022,0.0016,0,0
850,30667,6.95,2,false,12,142,135,7,0,0,135,27,2.1022,0.0016,0,0
851,30674,6.847,2,false,12,142,135,7,0,0,135,26,2.1022,0.0016,0,0
852,30681,6.903,2,false,12,142,135,7,0,0,136,24,2.1022,0.0016,0,0
853,30688,6.912,2,false,12,142,136,6,0,0,136,19,1.6726,0.0018,0,0
854,30695,6.883,2,false,12,142,136,6,0,0,136,19,1.6726,0.0018,0,0
855,30701,6.917,2,false,12,142,136,6,0,0,136,19,1.6726,0.0018,0,0
856,30708,6.876,2,false,12,143,136,7,0,0,136,19,1.6726,0.0018,0,0
857,30715,6.909,2,false,12,143,136,7,0,0,136,18,1.6726,0.0018,0,0
858,30722,6.957,2,false,12,143,136,7,0,0,136,20,1.6726,0.0018,0,0
859,30729,6.831,2,false,12,143,136,7,0,0,136,32,1.6726,0.0018,0,0
860,30736,6.919,2,false,12,143,136,7,0,0,137,14,1.6726,0.0018,0,0
861,30743,6.888,2,false,12,143,137,6,0,0,137,13,1.4567,0.0009,0,0
862,30750,6.902,2,false,12,143,137,6,0,0,137,13,1.4567,0.0009,0,0
863,30757,6.933,2,false,12,143,137,6,0,0,137,13,1.4567,0.0009,0,0
864,30763,6.861,2,false,12,144,137,7,0,0,137,13,1.4567,0.0009,0,0
865,30771,6.974,2,false,12,144,137,7,0,0,137,16,1.4567,0.0009,0,0
866,30778,6.841,2,false,12,144,137,7,0,0,137,20,1.4567,0.0009,0,0
867,30784,6.929,2,false,12,144,137,7,0,0,137,28,1.4567,0.0009,0,0
868,30791,6.865,2,false,12,144,137,7,0,0,137,38,1.4567,0.0009,0,0
869,30798,6.898,2,false,12,144,138,6,0,0,138,21,1.5441,0.0017,0,0
870,30805,7.236,2,false,12,144,138,6,0,0,138,333,1.5441,0.0017,0,0
871,30812,6.573,2,false,12,144,138,6,0,0,138,333,1.5441,0.0017,0,0
872,30819,6.95,2,false,12,144,138,6,0,0,138,333,1.5441,0.0017,0,0
873,30826,6.84,2,false,12,145,138,7,0,0,138,333,1.5441,0.0017,0,0
874,30833,6.914,2,false,12,145,138,7,0,0,138,19,1.5441,0.0017,0,0
875,30840,6.989,2,false,12,145,138,7,0,0,138,26,1.5441,0.0017,0,0
876,30846,6.796,2,false,12,145,138,7,0,0,138,23,1.5441,0.0017,0,0
877,30853,6.93,2,false,12,145,138,7,0,0,139,26,2.3196,0.0012,0,0
878,30860,6.869,2,false,12,145,139,6,0,0,139,311,2.3196,0.0012,0,0
879,30868,6.983,2,false,12,145,139,6,0,0,139,311,2.3196,0.0012,0,0
880,30874,6.83,2,false,12,145,139,6,0,0,139,311,2.3196,0.0012,0,0
881,30881,6.893,2,false,12,146,139,7,0,0,139,311,2.3196,0.0012,0,0
882,30888,6.934,2,false,12,146,139,7,0,0,139,23,2.3196,0.0012,0,0
883,30895,6.866,2,false,12,146,139,7,0,0,139,20,2.3196,0.0012,0,0
884,30902,6.935,2,false,12,146,139,7,0,0,139,19,2.3196,0.0012,0,0
885,30908,6.864,2,false,12,146,139,7,0,0,140,21,1.8533,0.0014,0,0
886,30915,6.889,2,false,12,146,140,6,0,0,140,500,1.8533,0.0014,0,0
887,30922,6.939,2,false,12,146,140,6,0,0,140,500,1.8533,0.0014,0,0
888,30929,6.874,2,false,12,146,140,6,0,0,140,500,1.8533,0.0014,0,0
889,30936,6.925,2,false,12,147,140,7,0,0,140,500,1.8533,0.0014,0,0
890,30943,6.869,2,false,12,147,140,7,0,0,140,17,1.8533,0.0014,0,0
891,30950,6.892,2,false,12,147,140,7,0,0,140,18,1.8533,0.0014,0,0
892,30957,6.931,2,false,12,147,140,7,0,0,140,15,1.8533,0.0014,0,0
893,30964,6.877,2,false,12,147,140,7,0,0,141,16,1.8533,0.0014,0,0
894,30970,6.918,2,false,12,147,141,6,0,0,141,18,2.0432,0.0016,0,0
895,30977,6.877,2,false,12,147,141,6,0,0,141,18,2.0432,0.0016,0,0
896,30984,6.927,2,false,12,147,141,6,0,0,141,18,2.0432,0.0016,0,0
897,30991,6.905,2,false,12,148,141,7,0,0,141,18,2.0432,0.0016,0,0
898,30998,6.874,2,false,12,148,141,7,0,0,141,17,2.0432,0.0016,0,0
899,31005,7.003,2,false,12,148,141,7,0,0,141,18,2.0432,0.0016,0,0
900,31012,6.795,2,false,12,148,141,7,0,0,141,19,2.0432,0.0016,0,0
901,31019,6.927,2,false,12,148,141,7,0,0,141,15,2.0432,0.0016,0,0
902,31026,6.877,2,false,12,148,141,7,0,0,142,16,1.5512,0.0019,0,0
903,31033,6.892,2,false,12,148,142,6,0,0,142,504,1.5512,0.0019,0,0
904,31040,6.931,2,false,12,148,142,6,0,0,142,504,1.5512,0.0019,0,0
905,31046,6.863,2,false,12,149,142,7,0,0,142,504,1.5512,0.0019,0,0
906,31053,6.956,2,false,12,149,142,7,0,0,142,16,1.5512,0.0019,0,0
907,31060,6.856,2,false,12,149,142,7,0,0,142,23,1.5512,0.0019,0,0
908,31067,6.921,2,false,12,149,142,7,0,0,142,21,1.5512,0.0019,0,0
909,31074,6.872,2,false,12,149,142,7,0,0,143,14,1.8492,0.0017,0,0
910,31081,6.898,2,false,12,149,143,6,0,0,143,216,1.8492,0.0017,0,0
911,31088,6.938,2,false,12,149,143,6,0,0,143,216,1.8492,0.0017,0,0
912,31095,6.865,2,false,12,149,143,6,0,0,143,216,1.8492,0.0017,0,0
913,31102,6.916,2,false,12,150,143,7,0,0,143,216,1.8492,0.0017,0,0
914,31109,6.884,2,false,12,150,143,7,0,0,143,16,1.8492,0.0017,0,0
915,31115,6.906,2,false,12,150,143,7,0,0,143,21,1.8492,0.0017,0,0
916,31122,6.924,2,false,12,150,143,7,0,0,143,17,1.8492,0.0017,0,0
917,31129,6.87,2,false,12,150,143,7,0,0,144,16,1.911,0.0022,0,0
918,31136,6.915,2,false,12,150,144,6,0,0,144,309,1.911,0.0022,0,0
919,31143,6.884,2,false,12,150,144,6,0,0,144,309,1.911,0.0022,0,0
920,31150,6.91,2,false,12,150,144,6,0,0,144,309,1.911,0.0022,0,0
921,31157,6.942,2,false,12,151,144,7,0,0,144,309,1.911,0.0022,0,0
922,31164,6.86,2,false,12,151,144,7,0,0,144,19,1.911,0.0022,0,0
923,31171,6.926,2,false,12,151,144,7,0,0,144,17,1.911,0.0022,0,0
924,31178,6.865,2,false,12,151,144,7,0,0,145,18,1.4659,0.001,0,0
925,31184,6.92,2,false,12,151,145,6,0,0,145,325,1.4659,0.001,0,0
926,31191,6.882,2,false,12,151,145,6,0,0,145,325,1.4659,0.001,0,0
927,31198,6.892,2,false,12,151,145,6,0,0,145,325,1.4659,0.001,0,0
928,31205,6.939,2,false,12,152,145,7,0,0,145,325,1.4659,0.001,0,0
929,31212,6.875,2,false,12,152,145,7,0,0,145,17,1.4659,0.001,0,0
930,31219,6.927,2,false,12,152,145,7,0,0,145,22,1.4659,0.001,0,0
931,31226,6.868,2,false,12,152,145,7,0,0,146,17,2.0399,0.001,0,0
932,31233,6.894,2,false,12,152,146,6,0,0,146,15,2.0399,0.001,0,0
933,31240,6.93,2,false,12,152,146,6,0,0,146,15,2.0399,0.001,0,0
934,31247,6.879,2,false,12,152,146,6,0,0,146,15,2.0399,0.001,0,0
935,31253,6.924,2,false,12,153,146,7,0,0,146,15,2.0399,0.001,0,0
936,31260,6.864,2,false,12,153,146,7,0,0,146,16,2.0399,0.001,0,0
937,31267,6.946,2,false,12,153,146,7,0,0,146,13,2.0399,0.001,0,0
938,31274,6.86,2,false,12,153,146,7,0,0,146,21,2.0399,0.001,0,0
939,31281,6.897,2,false,12,153,146,7,0,0,146,16,2.0399,0.001,0,0
940,31288,6.93,2,false,12,153,147,6,0,0,147,16,2.2532,0.0009,0,0
941,31295,6.868,2,false,12,153,147,6,0,0,147,479,2.2532,0.0009,0,0
942,31302,6.933,2,false,12,153,147,6,0,0,147,479,2.2532,0.0009,0,0
943,31309,6.882,2,false,12,153,147,6,0,0,147,479,2.2532,0.0009,0,0
944,31316,6.893,2,false,12,154,147,7,0,0,147,479,2.2532,0.0009,0,0
945,31322,6.932,2,false,12,154,147,7,0,0,147,17,2.2532,0.0009,0,0
946,31329,6.871,2,false,12,154,147,7,0,0,147,18,2.2532,0.0009,0,0
947,31336,6.936,2,false,12,154,147,7,0,0,148,20,1.4814,0.0012,0,0
948,31343,6.863,2,false,12,154,148,6,0,0,148,317,1.4814,0.0012,0,0
949,31350,6.895,2,false,12,154,148,6,0,0,148,317,1.4814,0.0012,0,0
950,31357,6.929,2,false,12,154,148,6,0,0,148,317,1.4814,0.0012,0,0
951,31364,6.871,2,false,12,155,148,7,0,0,148,317,1.4814,0.0012,0,0
952,31371,6.942,2,false,12,155,148,7,0,0,148,19,1.4814,0.0012,0,0
953,31378,6.867,2,false,12,155,148,7,0,0,148,19,1.4814,0.0012,0,0
954,31385,6.923,2,false,12,155,148,7,0,0,148,21,1.4814,0.0012,0,0
955,31391,6.871,2,false,12,155,148,7,0,0,149,16,1.4775,0.0009,0,0
956,31398,6.891,2,false,12,155,149,6,0,0,149,314,1.4775,0.0009,0,0
957,31405,6.946,2,false,12,155,149,6,0,0,149,314,1.4775,0.0009,0,0
958,31412,6.868,2,false,12,155,149,6,0,0,149,314,1.4775,0.0009,0,0
959,31419,6.926,2,false,12,156,149,7,0,0,149,314,1.4775,0.0009,0,0
960,31426,6.876,2,false,12,156,149,7,0,0,149,23,1.4775,0.0009,0,0
961,31433,6.906,2,false,12,156,149,7,0,0,149,20,1.4775,0.0009,0,0
962,31440,6.932,2,false,12,156,149,7,0,0,149,29,1.4775,0.0009,0,0
963,31447,6.856,2,false,12,156,149,7,0,0,150,23,1.4627,0.0009,0,0
964,31454,6.927,2,false,12,156,150,6,0,0,150,309,1.4627,0.0009,0,0
965,31460,6.876,2,false,12,156,150,6,0,0,150,309,1.4627,0.0009,0,0
966,31467,6.942,2,false,12,156,150,6,0,0,150,309,1.4627,0.0009,0,0
967,31474,6.857,2,false,12,157,150,7,0,0,150,309,1.4627,0.0009,0,0
968,31481,6.905,2,false,12,157,150,7,0,0,150,19,1.4627,0.0009,0,0
969,31488,6.927,2,false,12,157,150,7,0,0,150,21,1.4627,0.0009,0,0
970,31495,6.871,2,false,12,157,150,7,0,0,150,19,1.4627,0.0009,0,0
971,31502,6.934,2,false,12,157,151,6,0,0,151,23,1.9019,0.0012,0,0
972,31509,6.854,2,false,12,157,151,6,0,0,151,315,1.9019,0.0012,0,0
973,31516,6.91,2,false,12,157,151,6,0,0,151,315,1.9019,0.0012,0,0
974,31523,6.938,2,false,12,157,151,6,0,0,151,315,1.9019,0.0012,0,0
975,31530,6.868,2,false,12,158,151,7,0,0,151,315,1.9019,0.0012,0,0
976,31536,6.943,2,false,12,158,151,7,0,0,151,22,1.9019,0.0012,0,0
977,31543,6.858,2,false,12,158,151,7,0,0,151,20,1.9019,0.0012,0,0
978,31550,6.894,2,false,12,158,151,7,0,0,151,22,1.9019,0.0012,0,0
979,31557,7.02,2,false,12,158,152,6,0,0,152,20,1.537,0.0011,0,0
980,31564,6.77,2,false,12,158,152,6,0,0,152,20,1.537,0.0011,0,0
981,31571,6.932,2,false,12,159,152,7,0,0,152,20,1.537,0.0011,0,0
982,31578,6.883,2,false,12,159,152,7,0,0,152,23,1.537,0.0011,0,0
983,31585,6.916,2,false,12,159,152,7,0,0,152,24,1.537,0.0011,0,0
984,31592,6.883,2,false,12,159,152,7,0,0,152,16,1.537,0.0011,0,0
985,31598,6.89,2,false,12,159,152,7,0,0,152,17,1.537,0.0011,0,0
986,31605,6.935,2,false,12,159,152,7,0,0,153,15,1.537,0.0011,0,0
987,31612,6.863,2,false,12,159,153,6,0,0,153,17,1.496,0.0013,0,0
988,31619,6.931,2,false,12,159,153,6,0,0,153,17,1.496,0.0013,0,0
989,31626,6.867,2,false,12,159,153,6,0,0,153,17,1.496,0.0013,0,0
990,31633,6.896,2,false,12,160,153,7,0,0,153,17,1.496,0.0013,0,0
991,31640,6.932,2,false,12,160,153,7,0,0,153,15,1.496,0.0013,0,0
992,31647,6.866,2,false,12,160,153,7,0,0,153,16,1.496,0.0013,0,0
993,31654,6.954,2,false,12,160,153,7,0,0,153,19,1.496,0.0013,0,0
994,31660,6.854,2,false,12,160,153,7,0,0,153,22,1.496,0.0013,0,0
995,31667,6.927,2,false,12,160,154,6,0,0,154,17,1.5108,0.0012,0,0
996,31674,6.869,2,false,12,160,154,6,0,0,154,310,1.5108,0.0012,0,0
997,31681,6.899,2,false,12,160,154,6,0,0,154,310,1.5108,0.0012,0,0
998,31688,6.944,2,false,12,160,154,6,0,0,154,310,1.5108,0.0012,0,0
999,31695,6.857,2,false,12,161,154,7,0,0,154,310,1.5108,0.0012,0,0
1000,31702,6.952,2,false,12,161,154,7,0,0,154,19,1.5108,0.0012,0,0
1001,31709,6.855,2,false,12,161,154,7,0,0,154,20,1.5108,0.0012,0,0
1002,31716,6.906,2,false,12,161,154,7,0,0,155,17,1.5108,0.0012,0,0
1003,31723,6.918,2,false,12,161,155,6,0,0,155,25,2.6289,0.0013,0,0
1004,31730,6.873,2,false,12,161,155,6,0,0,155,325,2.6289,0.0013,0,0
1005,31736,6.939,2,false,12,161,155,6,0,0,155,325,2.6289,0.0013,0,0
1006,31743,6.871,2,false,12,161,155,6,0,0,155,325,2.6289,0.0013,0,0
1007,31750,6.902,2,false,12,162,155,7,0,0,155,325,2.6289,0.0013,0,0
1008,31758,7.022,2,false,12,162,155,7,0,0,155,20,2.6289,0.0013,0,0
1009,31764,6.77,2,false,12,162,155,7,0,0,155,34,2.6289,0.0013,0,0
1010,31771,6.939,2,false,12,162,155,7,0,0,156,20,2.6289,0.0013,0,0
1011,31778,6.853,2,false,12,162,156,6,0,0,156,18,1.5699,0.0011,0,0
1012,31785,6.932,2,false,12,162,156,6,0,0,156,18,1.5699,0.0011,0,0
1013,31792,6.874,2,false,12,162,156,6,0,0,156,18,1.5699,0.0011,0,0
1014,31799,6.9,2,false,12,163,156,7,0,0,156,18,1.5699,0.0011,0,0
1015,31806,7.02,2,false,12,163,156,7,0,0,156,16,1.5699,0.0011,0,0
1016,31812,6.787,2,false,12,163,156,7,0,0,156,45,1.5699,0.0011,0,0
1017,31819,6.922,2,false,12,163,156,7,0,0,156,19,1.5699,0.0011,0,0
1018,31826,6.865,2,false,12,163,156,7,0,0,156,15,1.5699,0.0011,0,0
1019,31833,6.906,2,false,12,163,156,7,0,0,157,15,1.595,0.0017,0,0
1020,31840,6.931,2,false,12,163,157,6,0,0,157,470,1.595,0.0017,0,0
1021,31847,6.873,2,false,12,163,157,6,0,0,157,470,1.595,0.0017,0,0
1022,31854,6.933,2,false,12,163,157,6,0,0,157,470,1.595,0.0017,0,0
1023,31861,6.868,2,false,12,164,157,7,0,0,157,470,1.595,0.0017,0,0
1024,31868,7.096,2,false,12,164,157,7,0,0,157,19,1.595,0.0017,0,0
1025,31874,6.696,2,false,12,164,157,7,0,0,157,30,1.595,0.0017,0,0
1026,31881,6.896,2,false,12,164,157,7,0,0,158,16,1.595,0.0017,0,0
1027,31888,6.931,2,false,12,164,158,6,0,0,158,14,1.4936,0.0012,0,0
1028,31895,6.871,2,false,12,164,158,6,0,0,158,14,1.4936,0.0012,0,0
1029,31902,6.945,2,false,12,164,158,6,0,0,158,14,1.4936,0.0012,0,0
1030,31909,6.864,2,false,12,165,158,7,0,0,158,14,1.4936,0.0012,0,0
1031,31916,6.901,2,false,12,165,158,7,0,0,158,18,1.4936,0.0012,0,0
1032,31923,6.925,2,false,12,165,158,7,0,0,158,17,1.4936,0.0012,0,0
1033,31930,6.879,2,false,12,165,158,7,0,0,158,16,1.4936,0.0012,0,0
1034,31937,6.925,2,false,12,165,158,7,0,0,159,25,1.4936,0.0012,0,0
1035,31943,6.857,2,false,12,165,159,6,0,0,159,17,1.4715,0.0015,0,0
1036,31950,6.906,2,false,12,165,159,6,0,0,159,17,1.4715,0.0015,0,0
1037,31957,6.933,2,false,12,165,159,6,0,0,159,17,1.4715,0.0015,0,0
1038,31964,6.876,2,false,12,166,159,7,0,0,159,17,1.4715,0.0015,0,0
1039,31971,6.954,2,false,12,166,159,7,0,0,159,21,1.4715,0.0015,0,0
1040,31978,6.847,2,false,12,166,159,7,0,0,159,33,1.4715,0.0015,0,0
1041,31985,6.927,2,false,12,166,159,7,0,0,159,20,1.4715,0.0015,0,0
1042,31992,6.87,2,false,12,166,159,7,0,0,160,19,1.5765,0.0014,0,0
1043,31999,6.891,2,false,12,166,160,6,0,0,160,19,1.5765,0.0014,0,0
1044,32006,6.942,2,false,12,166,160,6,0,0,160,19,1.5765,0.0014,0,0
1045,32012,6.868,2,false,12,166,160,6,0,0,160,19,1.5765,0.0014,0,0
1046,32019,6.931,2,false,12,167,160,7,0,0,160,19,1.5765,0.0014,0,0
1047,32026,6.874,2,false,12,167,160,7,0,0,160,18,1.5765,0.0014,0,0
1048,32033,6.956,2,false,12,167,160,7,0,0,160,20,1.5765,0.0014,0,0
1049,32040,6.87,2,false,12,167,160,7,0,0,160,20,1.5765,0.0014,0,0
1050,32047,6.872,2,false,12,167,160,7,0,0,160,18,1.5765,0.0014,0,0
1051,32054,6.945,2,false,12,167,161,6,0,0,161,24,2.6799,0.0018,0,0
1052,32061,6.848,2,false,12,167,161,6,0,0,161,339,2.6799,0.0018,0,0
1053,32068,6.943,2,false,12,167,161,6,0,0,161,339,2.6799,0.0018,0,0
1054,32075,6.868,2,false,12,167,161,6,0,0,161,339,2.6799,0.0018,0,0
1055,32081,6.889,2,false,12,168,161,7,0,0,161,339,2.6799,0.0018,0,0
1056,32089,6.958,2,false,12,168,161,7,0,0,161,19,2.6799,0.0018,0,0
1057,32095,6.931,2,false,12,168,161,7,0,0,161,32,2.6799,0.0018,0,0
1058,32102,6.849,2,false,12,168,161,7,0,0,161,21,2.6799,0.0018,0,0
1059,32109,6.869,2,false,12,168,161,7,0,0,162,19,1.9526,0.0022,0,0
1060,32116,6.888,2,false,12,168,162,6,0,0,162,19,1.9526,0.0022,0,0
1061,32123,6.948,2,false,12,168,162,6,0,0,162,19,1.9526,0.0022,0,0
1062,32130,6.861,2,false,12,169,162,7,0,0,162,19,1.9526,0.0022,0,0
1063,32137,6.936,2,false,12,169,162,7,0,0,162,22,1.9526,0.0022,0,0
1064,32143,6.855,2,false,12,169,162,7,0,0,162,18,1.9526,0.0022,0,0
1065,32151,6.937,2,false,12,169,162,7,0,0,162,16,1.9526,0.0022,0,0
1066,32157,6.914,2,false,12,169,162,7,0,0,162,21,1.9526,0.0022,0,0
1067,32164,6.861,2,false,12,169,162,7,0,0,162,29,1.9526,0.0022,0,0
1068,32171,6.924,2,false,12,169,163,6,0,0,163,80,3.9146,0.0016,0,0
1069,32178,6.869,2,false,12,169,163,6,0,0,163,330,3.9146,0.0016,0,0
1070,32185,6.944,2,false,12,169,163,6,0,0,163,330,3.9146,0.0016,0,0
1071,32192,6.854,2,false,12,169,163,6,0,0,163,330,3.9146,0.0016,0,0
1072,32199,6.907,2,false,12,170,163,7,0,0,163,330,3.9146,0.0016,0,0
1073,32206,6.935,2,false,12,170,163,7,0,0,163,19,3.9146,0.0016,0,0
1074,32213,6.865,2,false,12,170,163,7,0,0,163,20,3.9146,0.0016,0,0
1075,32220,6.942,2,false,12,170,163,7,0,0,163,22,3.9146,0.0016,0,0
1076,32226,6.855,2,false,12,170,164,6,0,0,164,29,1.5664,0.0015,0,0
1077,32234,7.362,2,false,12,170,164,6,0,0,164,29,1.5664,0.0015,0,0
1078,32240,6.461,2,false,12,170,164,6,0,0,164,29,1.5664,0.0015,0,0
1079,32247,6.881,2,false,12,171,164,7,0,0,164,29,1.5664,0.0015,0,0
1080,32254,6.93,2,false,12,171,164,7,0,0,164,29,1.5664,0.0015,0,0
1081,32261,6.873,2,false,12,171,164,7,0,0,164,18,1.5664,0.0015,0,0
1082,32268,6.914,2,false,12,171,164,7,0,0,164,19,1.5664,0.0015,0,0
1083,32275,6.884,2,false,12,171,164,7,0,0,164,15,1.5664,0.0015,0,0
1084,32281,6.886,2,false,12,171,165,6,0,0,165,20,1.9715,0.0024,0,0
1085,32289,6.944,2,false,12,171,165,6,0,0,165,20,1.9715,0.0024,0,0
1086,32295,6.862,2,false,12,171,165,6,0,0,165,20,1.9715,0.0024,0,0
1087,32302,6.924,2,false,12,172,165,7,0,0,165,20,1.9715,0.0024,0,0
1088,32309,6.882,2,false,12,172,165,7,0,0,165,19,1.9715,0.0024,0,0
1089,32316,6.897,2,false,12,172,165,7,0,0,165,19,1.9715,0.0024,0,0
1090,32323,6.934,2,false,12,172,165,7,0,0,165,18,1.9715,0.0024,0,0
1091,32330,6.868,2,false,12,172,165,7,0,0,166,19,1.9715,0.0024,0,0
1092,32337,6.916,2,false,12,172,166,6,0,0,166,20,1.6369,0.0023,0,0
1093,32344,6.881,2,false,12,172,166,6,0,0,166,20,1.6369,0.0023,0,0
1094,32351,6.899,2,false,12,172,166,6,0,0,166,20,1.6369,0.0023,0,0
1095,32357,6.95,2,false,12,173,166,7,0,0,166,20,1.6369,0.0023,0,0
1096,32364,6.857,2,false,12,173,166,7,0,0,166,18,1.6369,0.0023,0,0
1097,32371,6.945,2,false,12,173,166,7,0,0,166,20,1.6369,0.0023,0,0
1098,32378,6.851,2,false,12,173,166,7,0,0,166,31,1.6369,0.0023,0,0
1099,32385,6.93,2,false,12,173,166,7,0,0,166,18,1.6369,0.0023,0,0
1100,32392,6.872,2,false,12,173,166,7,0,0,167,18,1.625,0.0012,0,0
1101,32399,6.89,2,false,12,173,167,6,0,0,167,307,1.625,0.0012,0,0
1102,32406,6.937,2,false,12,173,167,6,0,0,167,307,1.625,0.0012,0,0
1103,32413,6.869,2,false,12,173,167,6,0,0,167,307,1.625,0.0012,0,0
1104,32420,6.93,2,false,12,174,167,7,0,0,167,307,1.625,0.0012,0,0
1105,32426,6.873,2,false,12,174,167,7,0,0,167,18,1.625,0.0012,0,0
1106,32433,6.9,2,false,12,174,167,7,0,0,167,19,1.625,0.0012,0,0
1107,32441,6.929,2,false,12,174,167,7,0,0,168,19,1.4569,0.001,0,0
1108,32450,9.352,2,false,12,174,168,6,0,0,168,342,1.4569,0.001,0,0
1109,32454,4.447,2,false,12,174,168,6,0,0,168,342,1.4569,0.001,0,0
1110,32461,6.873,2,false,12,174,168,6,0,0,168,342,1.4569,0.001,0,0
1111,32468,6.925,2,false,12,175,168,7,0,0,168,342,1.4569,0.001,0,0
1112,32475,6.879,2,false,12,175,168,7,0,0,168,19,1.4569,0.001,0,0
1113,32482,6.891,2,false,12,175,168,7,0,0,168,22,1.4569,0.001,0,0
1114,32489,6.968,2,false,12,175,168,7,0,0,168,17,1.4569,0.001,0,0
1115,32495,6.827,2,false,12,175,169,6,0,0,169,21,1.7187,0.0013,0,0
1116,32503,6.97,2,false,12,175,169,6,0,0,169,21,1.7187,0.0013,0,0
1117,32509,6.837,2,false,12,175,169,6,0,0,169,21,1.7187,0.0013,0,0
1118,32516,6.908,2,false,12,176,169,7,0,0,169,21,1.7187,0.0013,0,0
1119,32523,6.937,2,false,12,176,169,7,0,0,169,21,1.7187,0.0013,0,0
1120,32530,6.918,2,false,12,176,169,7,0,0,169,21,1.7187,0.0013,0,0
1121,32537,6.877,2,false,12,176,169,7,0,0,169,20,1.7187,0.0013,0,0
1122,32544,6.859,2,false,12,176,169,7,0,0,169,21,1.7187,0.0013,0,0
1123,32551,6.933,2,false,12,176,170,6,0,0,170,20,1.559,0.001,0,0
1124,32558,6.876,2,false,12,176,170,6,0,0,170,20,1.559,0.001,0,0
1125,32565,6.903,2,false,12,176,170,6,0,0,170,20,1.559,0.001,0,0
1126,32571,6.923,2,false,12,177,170,7,0,0,170,20,1.559,0.001,0,0
1127,32579,6.876,2,false,12,177,170,7,0,0,170,20,1.559,0.001,0,0
1128,32585,6.956,2,false,12,177,170,7,0,0,170,35,1.559,0.001,0,0
1129,32592,6.838,2,false,12,177,170,7,0,0,170,23,1.559,0.001,0,0
1130,32599,6.9,2,false,12,177,170,7,0,0,170,21,1.559,0.001,0,0
1131,32606,6.931,2,false,12,177,171,6,0,0,171,21,2.3881,0.0017,0,0
1132,32613,6.867,2,false,12,177,171,6,0,0,171,341,2.3881,0.0017,0,0
1133,32620,6.979,2,false,12,177,171,6,0,0,171,341,2.3881,0.0017,0,0
1134,32627,6.821,2,false,12,178,171,7,0,0,171,341,2.3881,0.0017,0,0
1135,32633,6.929,2,false,12,178,171,7,0,0,171,23,2.3881,0.0017,0,0
1136,32641,6.873,2,false,12,178,171,7,0,0,171,18,2.3881,0.0017,0,0
1137,32647,6.987,2,false,12,178,171,7,0,0,171,19,2.3881,0.0017,0,0
1138,32654,6.839,2,false,12,178,171,7,0,0,171,17,2.3881,0.0017,0,0
1139,32661,6.864,2,false,12,178,172,6,0,0,172,16,1.4505,0.001,0,0
1140,32668,6.924,2,false,12,178,172,6,0,0,172,16,1.4505,0.001,0,0
1141,32675,6.908,2,false,12,178,172,6,0,0,172,16,1.4505,0.001,0,0
1142,32682,6.879,2,false,12,179,172,7,0,0,172,16,1.4505,0.001,0,0
1143,32689,6.932,2,false,12,179,172,7,0,0,172,19,1.4505,0.001,0,0
1144,32696,6.859,2,false,12,179,172,7,0,0,172,18,1.4505,0.001,0,0
1145,32702,6.923,2,false,12,179,172,7,0,0,172,17,1.4505,0.001,0,0
1146,32709,6.879,2,false,12,179,172,7,0,0,173,14,1.4924,0.001,0,0
1147,32716,6.92,2,false,12,179,173,6,0,0,173,17,1.4924,0.001,0,0
1148,32723,6.884,2,false,12,179,173,6,0,0,173,17,1.4924,0.001,0,0
1149,32730,6.892,2,false,12,179,173,6,0,0,173,17,1.4924,0.001,0,0
1150,32737,6.93,2,false,12,180,173,7,0,0,173,17,1.4924,0.001,0,0
1151,32744,6.873,2,false,12,180,173,7,0,0,173,17,1.4924,0.001,0,0
1152,32751,6.944,2,false,12,180,173,7,0,0,173,16,1.4924,0.001,0,0
1153,32758,6.853,2,false,12,180,173,7,0,0,173,20,1.4924,0.001,0,0
1154,32764,6.897,2,false,12,180,173,7,0,0,174,17,1.4924,0.001,0,0
1155,32771,6.923,2,false,12,180,174,6,0,0,174,14,1.4836,0.0011,0,0
1156,32778,6.878,2,false,12,180,174,6,0,0,174,14,1.4836,0.0011,0,0
1157,32785,6.94,2,false,12,180,174,6,0,0,174,14,1.4836,0.0011,0,0
1158,32792,6.864,2,false,12,181,174,7,0,0,174,14,1.4836,0.0011,0,0
1159,32799,6.927,2,false,12,181,174,7,0,0,174,16,1.4836,0.0011,0,0
1160,32806,6.886,2,false,12,181,174,7,0,0,174,17,1.4836,0.0011,0,0
1161,32813,6.894,2,false,12,181,174,7,0,0,174,19,1.4836,0.0011,0,0
1162,32820,6.935,2,false,12,181,174,7,0,0,174,19,1.4836,0.0011,0,0
1163,32827,6.862,2,false,12,181,174,7,0,0,175,21,1.4776,0.0011,0,0
1164,32834,6.917,2,false,12,181,175,6,0,0,175,313,1.4776,0.0011,0,0
1165,32840,6.883,2,false,12,181,175,6,0,0,175,313,1.4776,0.0011,0,0
1166,32847,6.902,2,false,12,181,175,6,0,0,175,313,1.4776,0.0011,0,0
1167,32854,6.936,2,false,12,182,175,7,0,0,175,313,1.4776,0.0011,0,0
1168,32861,6.877,2,false,12,182,175,7,0,0,175,18,1.4776,0.0011,0,0
1169,32868,6.931,2,false,12,182,175,7,0,0,175,22,1.4776,0.0011,0,0
1170,32875,6.868,2,false,12,182,175,7,0,0,176,23,1.4776,0.0011,0,0
1171,32882,6.905,2,false,12,182,176,6,0,0,176,31,2.4173,0.0018,0,0
1172,32889,6.888,2,false,12,182,176,6,0,0,176,31,2.4173,0.0018,0,0
1173,32896,6.901,2,false,12,182,176,6,0,0,176,31,2.4173,0.0018,0,0
1174,32903,7.151,2,false,12,183,176,7,0,0,176,31,2.4173,0.0018,0,0
1175,32909,6.646,2,false,12,183,176,7,0,0,176,20,2.4173,0.0018,0,0
1176,32917,6.958,2,false,12,183,176,7,0,0,176,24,2.4173,0.0018,0,0
1177,32923,6.838,2,false,12,183,176,7,0,0,176,30,2.4173,0.0018,0,0
1178,32930,6.908,2,false,12,183,176,7,0,0,176,22,2.4173,0.0018,0,0
1179,32937,6.959,2,false,12,183,176,7,0,0,177,32,1.7225,0.0025,0,0
1180,32944,6.835,2,false,12,183,177,6,0,0,177,336,1.7225,0.0025,0,0
1181,32951,6.942,2,false,12,183,177,6,0,0,177,336,1.7225,0.0025,0,0
1182,32958,6.865,2,false,12,183,177,6,0,0,177,336,1.7225,0.0025,0,0
1183,32965,6.936,2,false,12,184,177,7,0,0,177,336,1.7225,0.0025,0,0
1184,32972,6.86,2,false,12,184,177,7,0,0,177,42,1.7225,0.0025,0,0
1185,32979,6.905,2,false,12,184,177,7,0,0,177,33,1.7225,0.0025,0,0
1186,32986,6.962,2,false,12,184,177,7,0,0,177,26,1.7225,0.0025,0,0
1187,32992,6.854,2,false,12,184,177,7,0,0,177,31,1.7225,0.0025,0,0
1188,33000,7.078,2,false,12,184,177,7,0,0,178,21,1.7225,0.0025,0,0
1189,33006,6.687,2,false,12,184,178,6,0,0,178,41,2.041,0.0016,0,0
1190,33013,6.904,2,false,12,184,178,6,0,0,178,41,2.041,0.0016,0,0
1191,33020,6.946,2,false,12,184,178,6,0,0,178,41,2.041,0.0016,0,0
1192,33027,6.864,2,false,12,185,178,7,0,0,178,41,2.041,0.0016,0,0
1193,33034,6.939,2,false,12,185,178,7,0,0,178,22,2.041,0.0016,0,0
1194,33041,6.861,2,false,12,185,178,7,0,0,178,23,2.041,0.0016,0,0
1195,33047,6.935,2,false,12,185,178,7,0,0,178,20,2.041,0.0016,0,0
1196,33054,6.863,2,false,12,185,178,7,0,0,178,23,2.041,0.0016,0,0
1197,33061,6.898,2,false,12,185,178,7,0,0,179,26,2.686,0.0019,0,0
1198,33068,6.923,2,false,12,185,179,6,0,0,179,338,2.686,0.0019,0,0
1199,33075,6.874,2,false,12,185,179,6,0,0,179,338,2.686,0.0019,0,0
1200,33082,6.946,2,false,12,186,179,7,0,0,179,338,2.686,0.0019,0,0
1201,33089,6.864,2,false,12,186,179,7,0,0,179,24,2.686,0.0019,0,0
1202,33096,6.904,2,false,12,186,179,7,0,0,179,27,2.686,0.0019,0,0
1203,33103,6.913,2,false,12,186,179,7,0,0,179,39,2.686,0.0019,0,0
1204,33110,6.879,2,false,12,186,179,7,0,0,179,20,2.686,0.0019,0,0
1205,33116,6.929,2,false,12,186,180,6,0,0,180,22,2.5003,0.002,0,0
1206,33123,6.866,2,false,12,186,180,6,0,0,180,319,2.5003,0.002,0,0
1207,33130,6.929,2,false,12,186,180,6,0,0,180,319,2.5003,0.002,0,0
1208,33137,6.872,2,false,12,186,180,6,0,0,180,319,2.5003,0.002,0,0
1209,33144,6.899,2,false,12,187,180,7,0,0,180,319,2.5003,0.002,0,0
1210,33151,6.954,2,false,12,187,180,7,0,0,180,23,2.5003,0.002,0,0
1211,33158,6.846,2,false,12,187,180,7,0,0,180,30,2.5003,0.002,0,0
1212,33165,6.921,2,false,12,187,180,7,0,0,180,19,2.5003,0.002,0,0
1213,33172,6.879,2,false,12,187,181,6,0,0,181,17,1.6803,0.0033,0,0
1214,33179,6.9,2,false,12,187,181,6,0,0,181,334,1.6803,0.0033,0,0
1215,33185,6.94,2,false,12,187,181,6,0,0,181,334,1.6803,0.0033,0,0
1216,33192,6.861,2,false,12,187,181,6,0,0,181,334,1.6803,0.0033,0,0
1217,33199,6.923,2,false,12,188,181,7,0,0,181,334,1.6803,0.0033,0,0
1218,33206,6.883,2,false,12,188,181,7,0,0,181,30,1.6803,0.0033,0,0
1219,33213,6.94,2,false,12,188,181,7,0,0,181,29,1.6803,0.0033,0,0
1220,33220,6.857,2,false,12,188,181,7,0,0,181,31,1.6803,0.0033,0,0
1221,33227,6.898,2,false,12,188,181,7,0,0,182,22,1.9416,0.0028,0,0
1222,33234,6.929,2,false,12,188,182,6,0,0,182,323,1.9416,0.0028,0,0
1223,33241,6.875,2,false,12,188,182,6,0,0,182,323,1.9416,0.0028,0,0
1224,33248,6.994,2,false,12,188,182,6,0,0,182,323,1.9416,0.0028,0,0
1225,33254,6.805,2,false,12,189,182,7,0,0,182,323,1.9416,0.0028,0,0
1226,33261,6.9,2,false,12,189,182,7,0,0,182,20,1.9416,0.0028,0,0
1227,33268,6.967,2,false,12,189,182,7,0,0,182,23,1.9416,0.0028,0,0
1228,33275,6.832,2,false,12,189,182,7,0,0,183,21,1.9416,0.0028,0,0
1229,33283,8.171,2,false,12,189,183,6,0,0,183,22,1.7033,0.0016,0,0
1230,33289,5.626,2,false,12,189,183,6,0,0,183,22,1.7033,0.0016,0,0
1231,33296,6.96,2,false,12,189,183,6,0,0,183,22,1.7033,0.0016,0,0
1232,33303,6.84,2,false,12,190,183,7,0,0,183,22,1.7033,0.0016,0,0
1233,33310,6.967,2,false,12,190,183,7,0,0,183,22,1.7033,0.0016,0,0
1234,33317,6.876,2,false,12,190,183,7,0,0,183,21,1.7033,0.0016,0,0
1235,33323,6.855,2,false,12,190,183,7,0,0,183,27,1.7033,0.0016,0,0
1236,33330,6.946,2,false,12,190,183,7,0,0,183,19,1.7033,0.0016,0,0
1237,33337,6.923,2,false,12,190,183,7,0,0,184,27,1.7033,0.0016,0,0
1238,33344,6.824,2,false,12,190,184,6,0,0,184,19,1.742,0.0022,0,0
1239,33351,6.932,2,false,12,190,184,6,0,0,184,19,1.742,0.0022,0,0
1240,33358,6.875,2,false,12,190,184,6,0,0,184,19,1.742,0.0022,0,0
1241,33365,6.94,2,false,12,191,184,7,0,0,184,19,1.742,0.0022,0,0
1242,33372,7.112,2,false,12,191,184,7,0,0,184,22,1.742,0.0022,0,0
1243,33379,6.698,2,false,12,191,184,7,0,0,184,20,1.742,0.0022,0,0
1244,33386,6.855,2,false,12,191,184,7,0,0,184,18,1.742,0.0022,0,0
1245,33393,6.901,2,false,12,191,184,7,0,0,184,23,1.742,0.0022,0,0
1246,33399,6.922,2,false,12,191,184,7,0,0,185,30,1.742,0.0022,0,0
1247,33406,6.87,2,false,12,191,185,6,0,0,185,21,1.7328,0.0016,0,0
1248,33413,6.928,2,false,12,191,185,6,0,0,185,21,1.7328,0.0016,0,0
1249,33420,6.865,2,false,12,191,185,6,0,0,185,21,1.7328,0.0016,0,0
1250,33427,6.909,2,false,12,192,185,7,0,0,185,21,1.7328,0.0016,0,0
1251,33434,6.94,2,false,12,192,185,7,0,0,185,18,1.7328,0.0016,0,0
1252,33441,6.867,2,false,12,192,185,7,0,0,185,19,1.7328,0.0016,0,0
1253,33448,6.98,2,false,12,192,185,7,0,0,185,19,1.7328,0.0016,0,0
1254,33455,6.813,2,false,12,192,185,7,0,0,186,17,1.7328,0.0016,0,0
1255,33461,6.895,2,false,12,192,186,6,0,0,186,18,1.54,0.0012,0,0
1256,33468,6.991,2,false,12,192,186,6,0,0,186,18,1.54,0.0012,0,0
1257,33475,6.82,2,false,12,192,186,6,0,0,186,18,1.54,0.0012,0,0
1258,33482,6.924,2,false,12,193,186,7,0,0,186,18,1.54,0.0012,0,0
1259,33489,6.876,2,false,12,193,186,7,0,0,186,18,1.54,0.0012,0,0
1260,33496,6.938,2,false,12,193,186,7,0,0,186,21,1.54,0.0012,0,0
1261,33503,6.859,2,false,12,193,186,7,0,0,186,21,1.54,0.0012,0,0
1262,33510,6.899,2,false,12,193,186,7,0,0,186,19,1.54,0.0012,0,0
1263,33517,6.932,2,false,12,193,186,7,0,0,187,19,2.3578,0.0015,0,0
1264,33523,6.857,2,false,12,193,187,6,0,0,187,338,2.3578,0.0015,0,0
1265,33530,6.955,2,false,12,193,187,6,0,0,187,338,2.3578,0.0015,0,0
1266,33537,6.858,2,false,12,193,187,6,0,0,187,338,2.3578,0.0015,0,0
1267,33544,6.895,2,false,12,194,187,7,0,0,187,338,2.3578,0.0015,0,0
1268,33551,6.942,2,false,12,194,187,7,0,0,187,18,2.3578,0.0015,0,0
1269,33558,6.863,2,false,12,194,187,7,0,0,187,19,2.3578,0.0015,0,0
1270,33565,6.934,2,false,12,194,187,7,0,0,188,21,2.3578,0.0015,0,0
1271,33572,6.858,2,false,12,194,188,6,0,0,188,19,1.5732,0.0015,0,0
1272,33579,6.946,2,false,12,194,188,6,0,0,188,19,1.5732,0.0015,0,0
1273,33586,6.873,2,false,12,195,188,7,0,0,188,19,1.5732,0.0015,0,0
1274,33593,6.903,2,false,12,195,188,7,0,0,188,30,1.5732,0.0015,0,0
1275,33599,6.928,2,false,12,195,188,7,0,0,188,24,1.5732,0.0015,0,0
1276,33607,6.863,2,false,12,195,188,7,0,0,188,26,1.5732,0.0015,0,0
1277,33613,6.978,2,false,12,195,188,7,0,0,188,29,1.5732,0.0015,0,0
1278,33620,6.841,2,false,12,195,188,7,0,0,188,25,1.5732,0.0015,0,0
1279,33627,6.877,2,false,12,195,188,7,0,0,188,30,1.5732,0.0015,0,0
1280,33634,6.925,2,false,12,195,188,7,0,0,189,23,1.9894,0.0022,0,0
1281,33641,6.869,2,false,12,195,189,6,0,0,189,341,1.9894,0.0022,0,0
1282,33648,6.936,2,false,12,195,189,6,0,0,189,341,1.9894,0.0022,0,0
1283,33655,6.881,2,false,12,195,189,6,0,0,189,341,1.9894,0.0022,0,0
1284,33662,6.881,2,false,12,196,189,7,0,0,189,341,1.9894,0.0022,0,0
1285,33669,7.068,2,false,12,196,189,7,0,0,189,26,1.9894,0.0022,0,0
1286,33675,6.736,2,false,12,196,189,7,0,0,189,40,1.9894,0.0022,0,0
1287,33682,6.953,2,false,12,196,189,7,0,0,190,21,1.9894,0.0022,0,0
1288,33689,6.838,2,false,12,196,190,6,0,0,190,21,2.0002,0.0025,0,0
1289,33696,6.929,2,false,12,196,190,6,0,0,190,21,2.0002,0.0025,0,0
1290,33703,6.882,2,false,12,196,190,6,0,0,190,21,2.0002,0.0025,0,0
1291,33710,6.904,2,false,12,197,190,7,0,0,190,21,2.0002,0.0025,0,0
1292,33717,6.941,2,false,12,197,190,7,0,0,190,19,2.0002,0.0025,0,0
1293,33724,6.906,2,false,12,197,190,7,0,0,190,20,2.0002,0.0025,0,0
1294,33731,6.982,2,false,12,197,190,7,0,0,190,21,2.0002,0.0025,0,0
1295,33737,6.77,2,false,12,197,190,7,0,0,190,24,2.0002,0.0025,0,0
1296,33744,6.9,2,false,12,197,191,6,0,0,191,20,1.7127,0.0019,0,0
1297,33751,6.913,2,false,12,197,191,6,0,0,191,324,1.7127,0.0019,0,0
1298,33758,6.883,2,false,12,197,191,6,0,0,191,324,1.7127,0.0019,0,0
1299,33765,6.951,2,false,12,197,191,6,0,0,191,324,1.7127,0.0019,0,0
1300,33772,6.857,2,false,12,198,191,7,0,0,191,324,1.7127,0.0019,0,0
1301,33779,6.941,2,false,12,198,191,7,0,0,191,29,1.7127,0.0019,0,0
1302,33786,6.856,2,false,12,198,191,7,0,0,191,23,1.7127,0.0019,0,0
1303,33793,6.902,2,false,12,198,191,7,0,0,191,20,1.7127,0.0019,0,0
1304,33800,6.939,2,false,12,198,191,7,0,0,192,22,1.5459,0.0015,0,0
1305,33806,6.845,2,false,12,198,192,6,0,0,192,400,1.5459,0.0015,0,0
1306,33813,6.949,2,false,12,198,192,6,0,0,192,400,1.5459,0.0015,0,0
1307,33820,6.86,2,false,12,198,192,6,0,0,192,400,1.5459,0.0015,0,0
1308,33827,6.903,2,false,12,199,192,7,0,0,192,400,1.5459,0.0015,0,0
1309,33834,6.99,2,false,12,199,192,7,0,0,192,20,1.5459,0.0015,0,0
1310,33841,6.811,2,false,12,199,192,7,0,0,192,21,1.5459,0.0015,0,0
1311,33848,6.936,2,false,12,199,192,7,0,0,192,20,1.5459,0.0015,0,0
1312,33855,6.861,2,false,12,199,193,6,0,0,193,20,1.6293,0.0018,0,0
1313,33862,6.899,2,false,12,199,193,6,0,0,193,20,1.6293,0.0018,0,0
1314,33869,7,2,false,12,199,193,6,0,0,193,20,1.6293,0.0018,0,0
1315,33875,6.8,2,false,12,200,193,7,0,0,193,20,1.6293,0.0018,0,0
1316,33882,6.931,2,false,12,200,193,7,0,0,193,18,1.6293,0.0018,0,0
1317,33889,6.874,2,false,12,200,193,7,0,0,193,18,1.6293,0.0018,0,0
1318,33896,6.926,2,false,12,200,193,7,0,0,193,24,1.6293,0.0018,0,0
1319,33903,6.871,2,false,12,200,193,7,0,0,193,17,1.6293,0.0018,0,0
1320,33910,6.898,2,false,12,200,194,6,0,0,194,22,1.5446,0.0009,0,0
1321,33917,6.944,2,false,12,200,194,6,0,0,194,317,1.5446,0.0009,0,0
1322,33924,6.86,2,false,12,200,194,6,0,0,194,317,1.5446,0.0009,0,0
1323,33931,6.94,2,false,12,200,194,6,0,0,194,317,1.5446,0.0009,0,0
1324,33938,6.857,2,false,12,201,194,7,0,0,194,317,1.5446,0.0009,0,0
1325,33945,6.909,2,false,12,201,194,7,0,0,194,26,1.5446,0.0009,0,0
1326,33951,6.928,2,false,12,201,194,7,0,0,194,19,1.5446,0.0009,0,0
1327,33958,6.868,2,false,12,201,194,7,0,0,194,21,1.5446,0.0009,0,0
1328,33965,6.943,2,false,12,201,195,6,0,0,195,19,2.4273,0.0016,0,0
1329,33972,6.849,2,false,12,201,195,6,0,0,195,353,2.4273,0.0016,0,0
1330,33979,6.94,2,false,12,201,195,6,0,0,195,353,2.4273,0.0016,0,0
1331,33986,6.861,2,false,12,201,195,6,0,0,195,353,2.4273,0.0016,0,0
1332,33993,6.904,2,false,12,202,195,7,0,0,195,353,2.4273,0.0016,0,0
1333,34000,6.943,2,false,12,202,195,7,0,0,195,75,2.4273,0.0016,0,0
1334,34007,6.85,2,false,12,202,195,7,0,0,195,19,2.4273,0.0016,0,0
1335,34013,6.96,2,false,12,202,195,7,0,0,196,16,2.4273,0.0016,0,0
1336,34020,6.838,2,false,12,202,196,6,0,0,196,18,1.5573,0.0013,0,0
1337,34027,6.909,2,false,12,202,196,6,0,0,196,18,1.5573,0.0013,0,0
1338,34034,6.93,2,false,12,202,196,6,0,0,196,18,1.5573,0.0013,0,0
1339,34041,6.868,2,false,12,203,196,7,0,0,196,18,1.5573,0.0013,0,0
1340,34048,6.926,2,false,12,203,196,7,0,0,196,26,1.5573,0.0013,0,0
1341,34055,6.885,2,false,12,203,196,7,0,0,196,17,1.5573,0.0013,0,0
1342,34062,6.889,2,false,12,203,196,7,0,0,196,28,1.5573,0.0013,0,0
1343,34069,6.933,2,false,12,203,196,7,0,0,196,23,1.5573,0.0013,0,0
1344,34076,6.862,2,false,12,203,197,6,0,0,197,38,1.5959,0.0013,0,0
1345,34082,6.922,2,false,12,203,197,6,0,0,197,323,1.5959,0.0013,0,0
1346,34089,6.887,2,false,12,203,197,6,0,0,197,323,1.5959,0.0013,0,0
1347,34096,6.928,2,false,12,203,197,6,0,0,197,323,1.5959,0.0013,0,0
1348,34103,6.886,2,false,12,204,197,7,0,0,197,323,1.5959,0.0013,0,0
1349,34110,6.881,2,false,12,204,197,7,0,0,197,19,1.5959,0.0013,0,0
1350,34117,6.929,2,false,12,204,197,7,0,0,197,19,1.5959,0.0013,0,0
1351,34124,6.866,2,false,12,204,197,7,0,0,198,18,1.4532,0.001,0,0
1352,34131,6.925,2,false,12,204,198,6,0,0,198,318,1.4532,0.001,0,0
1353,34138,6.882,2,false,12,204,198,6,0,0,198,318,1.4532,0.001,0,0
1354,34145,6.901,2,false,12,205,198,7,0,0,198,318,1.4532,0.001,0,0
1355,34151,6.942,2,false,12,205,198,7,0,0,198,32,1.4532,0.001,0,0
1356,34158,6.863,2,false,12,205,198,7,0,0,198,24,1.4532,0.001,0,0
1357,34165,6.934,2,false,12,205,198,7,0,0,198,28,1.4532,0.001,0,0
1358,34172,6.854,2,false,12,205,198,7,0,0,198,23,1.4532,0.001,0,0
1359,34179,6.941,2,false,12,205,198,7,0,0,199,17,1.5262,0.0011,0,0
1360,34186,6.852,2,false,12,205,199,6,0,0,199,384,1.5262,0.0011,0,0
1361,34193,6.904,2,false,12,205,199,6,0,0,199,384,1.5262,0.0011,0,0
1362,34200,6.941,2,false,12,205,199,6,0,0,199,384,1.5262,0.0011,0,0
1363,34207,6.857,2,false,12,206,199,7,0,0,199,384,1.5262,0.0011,0,0
1364,34214,6.951,2,false,12,206,199,7,0,0,199,17,1.5262,0.0011,0,0
1365,34220,6.859,2,false,12,206,199,7,0,0,199,20,1.5262,0.0011,0,0
1366,34227,6.902,2,false,12,206,199,7,0,0,199,19,1.5262,0.0011,0,0
1367,34234,6.914,2,false,12,206,199,7,0,0,200,19,1.4856,0.001,0,0
1368,34241,6.873,2,false,12,206,200,6,0,0,200,321,1.4856,0.001,0,0
1369,34248,6.934,2,false,12,206,200,6,0,0,200,321,1.4856,0.001,0,0
1370,34255,6.864,2,false,12,206,200,6,0,0,200,321,1.4856,0.001,0,0
1371,34262,6.907,2,false,12,207,200,7,0,0,200,321,1.4856,0.001,0,0
1372,34269,6.917,2,false,12,207,200,7,0,0,200,17,1.4856,0.001,0,0
1373,34276,6.889,2,false,12,207,200,7,0,0,200,13,1.4856,0.001,0,0
1374,34283,6.936,2,false,12,207,200,7,0,0,201,21,1.5426,0.001,0,0
1375,34289,6.854,2,false,12,207,201,6,0,0,201,313,1.5426,0.001,0,0
1376,34296,6.924,2,false,12,207,201,6,0,0,201,313,1.5426,0.001,0,0
1377,34303,6.869,2,false,12,207,201,6,0,0,201,313,1.5426,0.001,0,0
1378,34310,6.914,2,false,12,208,201,7,0,0,201,313,1.5426,0.001,0,0
1379,34317,6.926,2,false,12,208,201,7,0,0,201,18,1.5426,0.001,0,0
1380,34324,6.869,2,false,12,208,201,7,0,0,201,16,1.5426,0.001,0,0
1381,34331,6.916,2,false,12,208,201,7,0,0,202,15,1.4921,0.0009,0,0
1382,34338,6.885,2,false,12,208,202,6,0,0,202,12,1.4921,0.0009,0,0
1383,34345,6.893,2,false,12,208,202,6,0,0,202,12,1.4921,0.0009,0,0
1384,34352,6.929,2,false,12,208,202,6,0,0,202,12,1.4921,0.0009,0,0
1385,34358,6.874,2,false,12,209,202,7,0,0,202,12,1.4921,0.0009,0,0
1386,34365,6.915,2,false,12,209,202,7,0,0,202,16,1.4921,0.0009,0,0
1387,34372,6.899,2,false,12,209,202,7,0,0,202,13,1.4921,0.0009,0,0
1388,34379,6.92,2,false,12,209,202,7,0,0,202,21,1.4921,0.0009,0,0
1389,34386,6.873,2,false,12,209,202,7,0,0,203,15,1.4921,0.0009,0,0
1390,34393,6.896,2,false,12,209,203,6,0,0,203,16,2.6068,0.0033,0,0
1391,34400,6.983,2,false,12,209,203,6,0,0,203,16,2.6068,0.0033,0,0
1392,34407,6.812,2,false,12,209,203,6,0,0,203,16,2.6068,0.0033,0,0
1393,34414,6.926,2,false,12,210,203,7,0,0,203,16,2.6068,0.0033,0,0
1394,34420,6.876,2,false,12,210,203,7,0,0,203,15,2.6068,0.0033,0,0
1395,34427,6.9,2,false,12,210,203,7,0,0,203,16,2.6068,0.0033,0,0
1396,34434,6.935,2,false,12,210,203,7,0,0,203,14,2.6068,0.0033,0,0
1397,34441,6.864,2,false,12,210,203,7,0,0,204,18,1.4226,0.001,0,0
1398,34448,6.921,2,false,12,210,204,6,0,0,204,314,1.4226,0.001,0,0
1399,34455,6.882,2,false,12,210,204,6,0,0,204,314,1.4226,0.001,0,0
1400,34462,6.903,2,false,12,210,204,6,0,0,204,314,1.4226,0.001,0,0
1401,34469,6.924,2,false,12,211,204,7,0,0,204,314,1.4226,0.001,0,0
1402,34476,6.875,2,false,12,211,204,7,0,0,204,17,1.4226,0.001,0,0
1403,34483,6.924,2,false,12,211,204,7,0,0,204,16,1.4226,0.001,0,0
1404,34490,6.874,2,false,12,211,204,7,0,0,205,17,1.4605,0.001,0,0
1405,34496,6.929,2,false,12,211,205,6,0,0,205,328,1.4605,0.001,0,0
1406,34503,6.884,2,false,12,211,205,6,0,0,205,328,1.4605,0.001,0,0
1407,34510,6.895,2,false,12,211,205,6,0,0,205,328,1.4605,0.001,0,0
1408,34517,6.937,2,false,12,212,205,7,0,0,205,328,1.4605,0.001,0,0
1409,34524,6.869,2,false,12,212,205,7,0,0,205,20,1.4605,0.001,0,0
1410,34531,6.916,2,false,12,212,205,7,0,0,205,28,1.4605,0.001,0,0
1411,34538,6.865,2,false,12,212,205,7,0,0,205,14,1.4605,0.001,0,0
1412,34545,6.9,2,false,12,212,206,6,0,0,206,14,1.4694,0.001,0,0
1413,34552,6.924,2,false,12,212,206,6,0,0,206,304,1.4694,0.001,0,0
1414,34559,6.887,2,false,12,212,206,6,0,0,206,304,1.4694,0.001,0,0
1415,34565,6.922,2,false,12,212,206,6,0,0,206,304,1.4694,0.001,0,0
1416,34572,6.874,2,false,12,213,206,7,0,0,206,304,1.4694,0.001,0,0
1417,34579,6.927,2,false,12,213,206,7,0,0,206,18,1.4694,0.001,0,0
1418,34586,6.879,2,false,12,213,206,7,0,0,206,18,1.4694,0.001,0,0
1419,34593,6.89,2,false,12,213,206,7,0,0,207,20,1.4478,0.0012,0,0
1420,34600,6.926,2,false,12,213,207,6,0,0,207,15,1.4478,0.0012,0,0
1421,34607,6.892,2,false,12,213,207,6,0,0,207,15,1.4478,0.0012,0,0
1422,34614,6.896,2,false,12,213,207,6,0,0,207,15,1.4478,0.0012,0,0
1423,34621,6.894,2,false,12,214,207,7,0,0,207,15,1.4478,0.0012,0,0
1424,34628,6.9,2,false,12,214,207,7,0,0,207,20,1.4478,0.0012,0,0
1425,34634,6.931,2,false,12,214,207,7,0,0,207,16,1.4478,0.0012,0,0
1426,34641,6.864,2,false,12,214,207,7,0,0,207,17,1.4478,0.0012,0,0
1427,34648,6.936,2,false,12,214,207,7,0,0,208,21,1.516,0.002,0,0
1428,34655,6.864,2,false,12,214,208,6,0,0,208,316,1.516,0.002,0,0
1429,34662,6.9,2,false,12,214,208,6,0,0,208,316,1.516,0.002,0,0
1430,34669,6.919,2,false,12,215,208,7,0,0,208,316,1.516,0.002,0,0
1431,34676,6.874,2,false,12,215,208,7,0,0,208,16,1.516,0.002,0,0
1432,34683,6.949,2,false,12,215,208,7,0,0,208,13,1.516,0.002,0,0
1433,34690,6.856,2,false,12,215,208,7,0,0,208,19,1.516,0.002,0,0
1434,34697,6.933,2,false,12,215,208,7,0,0,209,15,1.516,0.002,0,0
1435,34703,6.863,2,false,12,215,209,6,0,0,209,28,1.4922,0.0011,0,0
1436,34710,6.904,2,false,12,215,209,6,0,0,209,28,1.4922,0.0011,0,0
1437,34717,6.934,2,false,12,215,209,6,0,0,209,28,1.4922,0.0011,0,0
1438,34724,6.872,2,false,12,216,209,7,0,0,209,28,1.4922,0.0011,0,0
1439,34731,6.917,2,false,12,216,209,7,0,0,209,22,1.4922,0.0011,0,0
1440,34738,6.869,2,false,12,216,209,7,0,0,209,15,1.4922,0.0011,0,0
1441,34745,6.915,2,false,12,216,209,7,0,0,209,12,1.4922,0.0011,0,0
1442,34752,6.924,2,false,12,216,209,7,0,0,210,19,1.5085,0.0009,0,0
1443,34759,6.867,2,false,12,216,210,6,0,0,210,307,1.5085,0.0009,0,0
1444,34766,6.928,2,false,12,216,210,6,0,0,210,307,1.5085,0.0009,0,0
1445,34772,6.875,2,false,12,216,210,6,0,0,210,307,1.5085,0.0009,0,0
1446,34779,6.933,2,false,12,217,210,7,0,0,210,307,1.5085,0.0009,0,0
1447,34787,7.328,2,false,12,217,210,7,0,0,210,18,1.5085,0.0009,0,0
1448,34793,6.437,2,false,12,217,210,7,0,0,210,17,1.5085,0.0009,0,0
1449,34800,6.917,2,false,12,217,210,7,0,0,211,13,1.5085,0.0009,0,0
1450,34807,6.885,2,false,12,217,211,6,0,0,211,12,2.2045,0.001,0,0
1451,34814,6.93,2,false,12,217,211,6,0,0,211,12,2.2045,0.001,0,0
1452,34821,6.867,2,false,12,217,211,6,0,0,211,12,2.2045,0.001,0,0
1453,34828,6.897,2,false,12,218,211,7,0,0,211,12,2.2045,0.001,0,0
1454,34835,6.936,2,false,12,218,211,7,0,0,211,16,2.2045,0.001,0,0
1455,34841,6.878,2,false,12,218,211,7,0,0,211,17,2.2045,0.001,0,0
1456,34848,6.924,2,false,12,218,211,7,0,0,211,18,2.2045,0.001,0,0
1457,34855,6.861,2,false,12,218,211,7,0,0,212,15,1.4405,0.0013,0,0
1458,34862,6.898,2,false,12,218,212,6,0,0,212,12,1.4405,0.0013,0,0
1459,34869,6.945,2,false,12,218,212,6,0,0,212,12,1.4405,0.0013,0,0
1460,34876,6.86,2,false,12,218,212,6,0,0,212,12,1.4405,0.0013,0,0
1461,34883,6.94,2,false,12,219,212,7,0,0,212,12,1.4405,0.0013,0,0
1462,34890,6.86,2,false,12,219,212,7,0,0,212,18,1.4405,0.0013,0,0
1463,34897,6.942,2,false,12,219,212,7,0,0,212,12,1.4405,0.0013,0,0
1464,34904,6.868,2,false,12,219,212,7,0,0,212,19,1.4405,0.0013,0,0
1465,34911,6.924,2,false,12,219,212,7,0,0,213,20,1.4405,0.0013,0,0
1466,34917,6.889,2,false,12,219,213,6,0,0,213,44,2.4237,0.0017,0,0
1467,34924,6.879,2,false,12,219,213,6,0,0,213,44,2.4237,0.0017,0,0
1468,34931,6.95,2,false,12,219,213,6,0,0,213,44,2.4237,0.0017,0,0
1469,34938,6.854,2,false,12,220,213,7,0,0,213,44,2.4237,0.0017,0,0
1470,34945,6.907,2,false,12,220,213,7,0,0,213,17,2.4237,0.0017,0,0
1471,34952,6.926,2,false,12,220,213,7,0,0,213,18,2.4237,0.0017,0,0
1472,34959,6.869,2,false,12,220,213,7,0,0,213,16,2.4237,0.0017,0,0
1473,34966,6.936,2,false,12,220,213,7,0,0,214,18,1.4541,0.0009,0,0
1474,34972,6.86,2,false,12,220,214,6,0,0,214,16,1.4541,0.0009,0,0
1475,34979,6.932,2,false,12,220,214,6,0,0,214,16,1.4541,0.0009,0,0
1476,34986,6.943,2,false,12,220,214,6,0,0,214,16,1.4541,0.0009,0,0
1477,34993,6.835,2,false,12,221,214,7,0,0,214,16,1.4541,0.0009,0,0
1478,35000,6.927,2,false,12,221,214,7,0,0,214,19,1.4541,0.0009,0,0
1479,35007,6.874,2,false,12,221,214,7,0,0,214,17,1.4541,0.0009,0,0
1480,35014,6.921,2,false,12,221,214,7,0,0,214,19,1.4541,0.0009,0,0
1481,35021,6.871,2,false,12,221,214,7,0,0,214,16,1.4541,0.0009,0,0
1482,35028,6.904,2,false,12,221,215,6,0,0,215,18,1.6357,0.0015,0,0
1483,35035,6.933,2,false,12,221,215,6,0,0,215,315,1.6357,0.0015,0,0
1484,35042,6.861,2,false,12,221,215,6,0,0,215,315,1.6357,0.0015,0,0
1485,35048,6.923,2,false,12,221,215,6,0,0,215,315,1.6357,0.0015,0,0
1486,35055,6.886,2,false,12,222,215,7,0,0,215,315,1.6357,0.0015,0,0
1487,35062,6.902,2,false,12,222,215,7,0,0,215,20,1.6357,0.0015,0,0
1488,35069,6.926,2,false,12,222,215,7,0,0,215,19,1.6357,0.0015,0,0
1489,35076,6.878,2,false,12,222,215,7,0,0,216,17,1.7169,0.0017,0,0
1490,35083,6.906,2,false,12,222,216,6,0,0,216,18,1.7169,0.0017,0,0
1491,35090,6.887,2,false,12,222,216,6,0,0,216,18,1.7169,0.0017,0,0
1492,35097,6.936,2,false,12,222,216,6,0,0,216,18,1.7169,0.0017,0,0
1493,35104,7.002,2,false,12,223,216,7,0,0,216,18,1.7169,0.0017,0,0
1494,35111,6.764,2,false,12,223,216,7,0,0,216,17,1.7169,0.0017,0,0
1495,35117,6.935,2,false,12,223,216,7,0,0,216,30,1.7169,0.0017,0,0
1496,35124,6.864,2,false,12,223,216,7,0,0,216,20,1.7169,0.0017,0,0
1497,35131,6.931,2,false,12,223,216,7,0,0,217,21,1.7169,0.0017,0,0
1498,35138,6.857,2,false,12,223,217,6,0,0,217,18,1.665,0.0013,0,0
1499,35145,6.913,2,false,12,223,217,6,0,0,217,18,1.665,0.0013,0,0
1500,35152,6.933,2,false,12,223,217,6,0,0,217,18,1.665,0.0013,0,0
1501,35159,6.868,2,false,12,224,217,7,0,0,217,18,1.665,0.0013,0,0
1502,35166,6.935,2,false,12,224,217,7,0,0,217,19,1.665,0.0013,0,0
1503,35173,6.88,2,false,12,224,217,7,0,0,217,19,1.665,0.0013,0,0
1504,35180,6.92,2,false,12,224,217,7,0,0,217,20,1.665,0.0013,0,0
1505,35186,6.855,2,false,12,224,217,7,0,0,218,22,1.4744,0.0013,0,0
1506,35194,8.032,2,false,12,224,218,6,0,0,218,15,1.4744,0.0013,0,0
1507,35200,5.796,2,false,12,224,218,6,0,0,218,15,1.4744,0.0013,0,0
1508,35207,6.882,2,false,12,225,218,7,0,0,218,15,1.4744,0.0013,0,0
1509,35214,6.937,2,false,12,225,218,7,0,0,218,21,1.4744,0.0013,0,0
1510,35221,6.864,2,false,12,225,218,7,0,0,218,18,1.4744,0.0013,0,0
1511,35228,6.895,2,false,12,225,218,7,0,0,218,21,1.4744,0.0013,0,0
1512,35235,6.937,2,false,12,225,218,7,0,0,218,15,1.4744,0.0013,0,0
1513,35242,6.87,2,false,12,225,218,7,0,0,218,19,1.4744,0.0013,0,0
1514,35249,6.956,2,false,12,225,219,6,0,0,219,26,2.5515,0.0023,0,0
1515,35255,6.827,2,false,12,225,219,6,0,0,219,332,2.5515,0.0023,0,0
1516,35262,6.907,2,false,12,225,219,6,0,0,219,332,2.5515,0.0023,0,0
1517,35269,6.94,2,false,12,225,219,6,0,0,219,332,2.5515,0.0023,0,0
1518,35276,6.869,2,false,12,226,219,7,0,0,219,332,2.5515,0.0023,0,0
1519,35283,6.948,2,false,12,226,219,7,0,0,219,19,2.5515,0.0023,0,0
1520,35290,6.846,2,false,12,226,219,7,0,0,219,30,2.5515,0.0023,0,0
1521,35297,6.951,2,false,12,226,219,7,0,0,219,21,2.5515,0.0023,0,0
1522,35304,6.846,2,false,12,226,220,6,0,0,220,20,1.7098,0.0016,0,0
1523,35311,6.904,2,false,12,226,220,6,0,0,220,20,1.7098,0.0016,0,0
1524,35318,6.934,2,false,12,226,220,6,0,0,220,20,1.7098,0.0016,0,0
1525,35324,6.866,2,false,12,227,220,7,0,0,220,20,1.7098,0.0016,0,0
1526,35332,6.959,2,false,12,227,220,7,0,0,220,34,1.7098,0.0016,0,0
1527,35338,6.852,2,false,12,227,220,7,0,0,220,26,1.7098,0.0016,0,0
1528,35346,6.898,2,false,12,227,220,7,0,0,220,36,1.7098,0.0016,0,0
1529,35352,6.941,2,false,12,227,220,7,0,0,220,52,1.7098,0.0016,0,0
1530,35359,6.859,2,false,12,227,220,7,0,0,220,26,1.7098,0.0016,0,0
1531,35366,6.933,2,false,12,227,221,6,0,0,221,38,1.9495,0.0013,0,0
1532,35373,6.85,2,false,12,227,221,6,0,0,221,346,1.9495,0.0013,0,0
1533,35380,6.936,2,false,12,227,221,6,0,0,221,346,1.9495,0.0013,0,0
1534,35387,6.872,2,false,12,227,221,6,0,0,221,346,1.9495,0.0013,0,0
1535,35393,6.897,2,false,12,228,221,7,0,0,221,346,1.9495,0.0013,0,0
1536,35401,6.941,2,false,12,228,221,7,0,0,221,20,1.9495,0.0013,0,0
1537,35407,6.861,2,false,12,228,221,7,0,0,221,29,1.9495,0.0013,0,0
1538,35414,6.929,2,false,12,228,221,7,0,0,221,21,1.9495,0.0013,0,0
1539,35421,6.868,2,false,12,228,221,7,0,0,222,18,1.5068,0.001,0,0
1540,35428,6.889,2,false,12,228,222,6,0,0,222,412,1.5068,0.001,0,0
1541,35435,6.932,2,false,12,228,222,6,0,0,222,412,1.5068,0.001,0,0
1542,35442,6.888,2,false,12,228,222,6,0,0,222,412,1.5068,0.001,0,0
1543,35449,6.911,2,false,12,229,222,7,0,0,222,412,1.5068,0.001,0,0
1544,35456,6.884,2,false,12,229,222,7,0,0,222,17,1.5068,0.001,0,0
1545,35462,6.9,2,false,12,229,222,7,0,0,222,17,1.5068,0.001,0,0
1546,35469,6.938,2,false,12,229,222,7,0,0,223,16,1.5068,0.001,0,0
1547,35476,6.849,2,false,12,229,223,6,0,0,223,25,1.6225,0.002,0,0
1548,35483,6.936,2,false,12,229,223,6,0,0,223,25,1.6225,0.002,0,0
1549,35490,6.872,2,false,12,229,223,6,0,0,223,25,1.6225,0.002,0,0
1550,35498,7.237,2,false,12,230,223,7,0,0,223,25,1.6225,0.002,0,0
1551,35504,6.57,2,false,12,230,223,7,0,0,223,31,1.6225,0.002,0,0
1552,35511,6.899,2,false,12,230,223,7,0,0,223,20,1.6225,0.002,0,0
1553,35518,6.939,2,false,12,230,223,7,0,0,223,17,1.6225,0.002,0,0
1554,35525,6.859,2,false,12,230,223,7,0,0,224,22,1.6225,0.002,0,0
1555,35531,6.918,2,false,12,230,224,6,0,0,224,19,2.3347,0.0016,0,0
1556,35538,6.879,2,false,12,230,224,6,0,0,224,19,2.3347,0.0016,0,0
1557,35545,6.908,2,false,12,230,224,6,0,0,224,19,2.3347,0.0016,0,0
1558,35552,6.93,2,false,12,231,224,7,0,0,224,19,2.3347,0.0016,0,0
1559,35559,6.886,2,false,12,231,224,7,0,0,224,17,2.3347,0.0016,0,0
1560,35566,6.912,2,false,12,231,224,7,0,0,224,29,2.3347,0.0016,0,0
1561,35573,6.866,2,false,12,231,224,7,0,0,224,18,2.3347,0.0016,0,0
1562,35580,6.935,2,false,12,231,224,7,0,0,224,17,2.3347,0.0016,0,0
1563,35587,6.863,2,false,12,231,224,7,0,0,225,19,1.4842,0.001,0,0
1564,35593,6.891,2,false,12,231,225,6,0,0,225,315,1.4842,0.001,0,0
1565,35601,6.938,2,false,12,231,225,6,0,0,225,315,1.4842,0.001,0,0
1566,35607,6.875,2,false,12,231,225,6,0,0,225,315,1.4842,0.001,0,0
1567,35614,6.922,2,false,12,232,225,7,0,0,225,315,1.4842,0.001,0,0
1568,35621,6.989,2,false,12,232,225,7,0,0,225,19,1.4842,0.001,0,0
1569,35628,6.783,2,false,12,232,225,7,0,0,225,19,1.4842,0.001,0,0
1570,35635,6.926,2,false,12,232,225,7,0,0,226,20,1.4842,0.001,0,0
1571,35642,6.865,2,false,12,232,226,6,0,0,226,20,1.5199,0.001,0,0
1572,35649,6.931,2,false,12,232,226,6,0,0,226,20,1.5199,0.001,0,0
1573,35656,6.879,2,false,12,232,226,6,0,0,226,20,1.5199,0.001,0,0
1574,35663,6.902,2,false,12,233,226,7,0,0,226,20,1.5199,0.001,0,0
1575,35669,6.952,2,false,12,233,226,7,0,0,226,18,1.5199,0.001,0,0
1576,35676,6.853,2,false,12,233,226,7,0,0,226,25,1.5199,0.001,0,0
1577,35683,6.95,2,false,12,233,226,7,0,0,226,18,1.5199,0.001,0,0
1578,35690,6.839,2,false,12,233,226,7,0,0,226,28,1.5199,0.001,0,0
1579,35697,6.928,2,false,12,233,227,6,0,0,227,16,2.306,0.0013,0,0
1580,35704,6.869,2,false,12,233,227,6,0,0,227,311,2.306,0.0013,0,0
1581,35711,6.903,2,false,12,233,227,6,0,0,227,311,2.306,0.0013,0,0
1582,35718,6.928,2,false,12,233,227,6,0,0,227,311,2.306,0.0013,0,0
1583,35725,6.869,2,false,12,234,227,7,0,0,227,311,2.306,0.0013,0,0
1584,35732,6.927,2,false,12,234,227,7,0,0,227,17,2.306,0.0013,0,0
1585,35738,6.884,2,false,12,234,227,7,0,0,227,15,2.306,0.0013,0,0
1586,35746,6.92,2,false,12,234,227,7,0,0,228,19,1.7808,0.0011,0,0
1587,35752,6.892,2,false,12,234,228,6,0,0,228,330,1.7808,0.0011,0,0
1588,35759,6.876,2,false,12,234,228,6,0,0,228,330,1.7808,0.0011,0,0
1589,35766,6.943,2,false,12,235,228,7,0,0,228,330,1.7808,0.0011,0,0
1590,35773,6.864,2,false,12,235,228,7,0,0,228,17,1.7808,0.0011,0,0
1591,35780,7.029,2,false,12,235,228,7,0,0,228,16,1.7808,0.0011,0,0
1592,35787,6.768,2,false,12,235,228,7,0,0,228,17,1.7808,0.0011,0,0
1593,35794,6.92,2,false,12,235,228,7,0,0,229,14,1.7808,0.0011,0,0
1594,35801,6.911,2,false,12,235,229,6,0,0,229,19,1.7209,0.0014,0,0
1595,35807,6.883,2,false,12,235,229,6,0,0,229,19,1.7209,0.0014,0,0
1596,35814,6.923,2,false,12,235,229,6,0,0,229,19,1.7209,0.0014,0,0
1597,35821,6.86,2,false,12,236,229,7,0,0,229,19,1.7209,0.0014,0,0
1598,35828,6.914,2,false,12,236,229,7,0,0,229,17,1.7209,0.0014,0,0
1599,35835,6.931,2,false,12,236,229,7,0,0,229,19,1.7209,0.0014,0,0
1600,35842,6.869,2,false,12,236,229,7,0,0,229,17,1.7209,0.0014,0,0
1601,35849,6.914,2,false,12,236,229,7,0,0,230,27,1.4782,0.001,0,0
1602,35856,6.877,2,false,12,236,230,6,0,0,230,14,1.4782,0.001,0,0
1603,35863,6.896,2,false,12,236,230,6,0,0,230,14,1.4782,0.001,0,0
1604,35870,6.978,2,false,12,236,230,6,0,0,230,14,1.4782,0.001,0,0
1605,35876,6.828,2,false,12,237,230,7,0,0,230,14,1.4782,0.001,0,0
1606,35883,6.913,2,false,12,237,230,7,0,0,230,17,1.4782,0.001,0,0
1607,35890,6.897,2,false,12,237,230,7,0,0,230,13,1.4782,0.001,0,0
1608,35897,6.916,2,false,12,237,230,7,0,0,230,17,1.4782,0.001,0,0
1609,35904,6.882,2,false,12,237,230,7,0,0,230,21,1.4782,0.001,0,0
1610,35911,6.885,2,false,12,237,231,6,0,0,231,31,1.5668,0.0009,0,0
1611,35918,6.926,2,false,12,237,231,6,0,0,231,301,1.5668,0.0009,0,0
1612,35925,6.874,2,false,12,237,231,6,0,0,231,301,1.5668,0.0009,0,0
1613,35932,6.952,2,false,12,237,231,6,0,0,231,301,1.5668,0.0009,0,0
1614,35938,6.852,2,false,12,238,231,7,0,0,231,301,1.5668,0.0009,0,0
1615,35945,6.898,2,false,12,238,231,7,0,0,231,20,1.5668,0.0009,0,0
1616,35952,6.934,2,false,12,238,231,7,0,0,231,16,1.5668,0.0009,0,0
1617,35959,6.874,2,false,12,238,231,7,0,0,232,18,1.5668,0.0009,0,0
1618,35968,9.312,2,false,12,238,232,6,0,0,232,18,1.6349,0.0015,0,0
1619,35973,4.48,2,false,12,238,232,6,0,0,232,18,1.6349,0.0015,0,0
1620,35980,6.945,2,false,12,238,232,6,0,0,232,18,1.6349,0.0015,0,0
1621,35987,6.859,2,false,12,239,232,7,0,0,232,18,1.6349,0.0015,0,0
1622,35994,6.943,2,false,12,239,232,7,0,0,232,20,1.6349,0.0015,0,0
1623,36001,7.015,2,false,12,239,232,7,0,0,232,21,1.6349,0.0015,0,0
1624,36008,6.745,2,false,12,239,232,7,0,0,232,18,1.6349,0.0015,0,0
1625,36014,6.932,2,false,12,239,232,7,0,0,232,19,1.6349,0.0015,0,0
1626,36021,6.863,2,false,12,239,233,6,0,0,233,25,1.5205,0.0011,0,0
1627,36028,6.902,2,false,12,239,233,6,0,0,233,321,1.5205,0.0011,0,0
1628,36035,6.938,2,false,12,239,233,6,0,0,233,321,1.5205,0.0011,0,0
1629,36042,6.868,2,false,12,239,233,6,0,0,233,321,1.5205,0.0011,0,0
1630,36049,6.931,2,false,12,240,233,7,0,0,233,321,1.5205,0.0011,0,0
1631,36056,6.87,2,false,12,240,233,7,0,0,233,18,1.5205,0.0011,0,0
1632,36063,6.896,2,false,12,240,233,7,0,0,233,23,1.5205,0.0011,0,0
1633,36070,6.935,2,false,12,240,233,7,0,0,234,19,1.5205,0.0011,0,0
1634,36076,6.855,2,false,12,240,234,6,0,0,234,18,1.8766,0.0021,0,0
1635,36083,6.933,2,false,12,240,234,6,0,0,234,18,1.8766,0.0021,0,0
1636,36090,6.881,2,false,12,240,234,6,0,0,234,18,1.8766,0.0021,0,0
1637,36097,6.931,2,false,12,241,234,7,0,0,234,18,1.8766,0.0021,0,0
1638,36104,6.873,2,false,12,241,234,7,0,0,234,18,1.8766,0.0021,0,0
1639,36111,6.894,2,false,12,241,234,7,0,0,234,17,1.8766,0.0021,0,0
1640,36118,6.939,2,false,12,241,234,7,0,0,234,17,1.8766,0.0021,0,0
1641,36125,6.861,2,false,12,241,234,7,0,0,235,22,1.8766,0.0021,0,0
1642,36132,6.925,2,false,12,241,235,6,0,0,235,16,2.4732,0.0018,0,0
1643,36139,6.869,2,false,12,241,235,6,0,0,235,16,2.4732,0.0018,0,0
1644,36145,6.898,2,false,12,241,235,6,0,0,235,16,2.4732,0.0018,0,0
1645,36152,6.947,2,false,12,242,235,7,0,0,235,16,2.4732,0.0018,0,0
1646,36159,6.862,2,false,12,242,235,7,0,0,235,20,2.4732,0.0018,0,0
1647,36166,6.953,2,false,12,242,235,7,0,0,235,22,2.4732,0.0018,0,0
1648,36173,6.842,2,false,12,242,235,7,0,0,235,28,2.4732,0.0018,0,0
1649,36180,6.955,2,false,12,242,235,7,0,0,235,17,2.4732,0.0018,0,0
1650,36187,6.839,2,false,12,242,236,6,0,0,236,20,1.7367,0.0014,0,0
1651,36194,6.916,2,false,12,242,236,6,0,0,236,20,1.7367,0.0014,0,0
1652,36201,6.933,2,false,12,242,236,6,0,0,236,20,1.7367,0.0014,0,0
1653,36208,6.885,2,false,12,243,236,7,0,0,236,20,1.7367,0.0014,0,0
1654,36215,6.924,2,false,12,243,236,7,0,0,236,21,1.7367,0.0014,0,0
1655,36222,6.86,2,false,12,243,236,7,0,0,236,20,1.7367,0.0014,0,0
1656,36228,6.898,2,false,12,243,236,7,0,0,236,19,1.7367,0.0014,0,0
1657,36235,6.933,2,false,12,243,236,7,0,0,236,23,1.7367,0.0014,0,0
1658,36242,6.864,2,false,12,243,237,6,0,0,237,21,1.5144,0.001,0,0
1659,36249,6.918,2,false,12,243,237,6,0,0,237,319,1.5144,0.001,0,0
1660,36256,6.871,2,false,12,243,237,6,0,0,237,319,1.5144,0.001,0,0
1661,36263,6.906,2,false,12,243,237,6,0,0,237,319,1.5144,0.001,0,0
1662,36270,6.938,2,false,12,244,237,7,0,0,237,319,1.5144,0.001,0,0
1663,36277,6.867,2,false,12,244,237,7,0,0,237,19,1.5144,0.001,0,0
1664,36284,6.915,2,false,12,244,237,7,0,0,237,19,1.5144,0.001,0,0
1665,36290,6.88,2,false,12,244,237,7,0,0,237,14,1.5144,0.001,0,0
1666,36297,6.912,2,false,12,244,238,6,0,0,238,18,1.5488,0.0013,0,0
1667,36304,6.886,2,false,12,244,238,6,0,0,238,18,1.5488,0.0013,0,0
1668,36311,6.895,2,false,12,245,238,7,0,0,238,18,1.5488,0.0013,0,0
1669,36318,6.928,2,false,12,245,238,7,0,0,238,18,1.5488,0.0013,0,0
1670,36325,6.876,2,false,12,245,238,7,0,0,238,15,1.5488,0.0013,0,0
1671,36332,6.942,2,false,12,245,238,7,0,0,238,15,1.5488,0.0013,0,0
1672,36339,6.869,2,false,12,245,238,7,0,0,238,24,1.5488,0.0013,0,0
1673,36346,6.884,2,false,12,245,238,7,0,0,239,25,1.5488,0.0013,0,0
1674,36352,6.921,2,false,12,245,239,6,0,0,239,16,1.4697,0.0011,0,0
1675,36359,6.879,2,false,12,245,239,6,0,0,239,16,1.4697,0.0011,0,0
1676,36366,6.971,2,false,12,245,239,6,0,0,239,16,1.4697,0.0011,0,0
1677,36373,6.837,2,false,12,246,239,7,0,0,239,16,1.4697,0.0011,0,0
1678,36380,6.931,2,false,12,246,239,7,0,0,239,19,1.4697,0.0011,0,0
1679,36387,6.862,2,false,12,246,239,7,0,0,239,17,1.4697,0.0011,0,0
1680,36394,6.904,2,false,12,246,239,7,0,0,239,24,1.4697,0.0011,0,0
1681,36401,6.967,2,false,12,246,239,7,0,0,240,18,1.4697,0.0011,0,0
1682,36408,6.826,2,false,12,246,240,6,0,0,240,20,1.6385,0.0013,0,0
1683,36415,6.931,2,false,12,246,240,6,0,0,240,20,1.6385,0.0013,0,0
1684,36422,6.889,2,false,12,246,240,6,0,0,240,20,1.6385,0.0013,0,0
1685,36428,6.893,2,false,12,247,240,7,0,0,240,20,1.6385,0.0013,0,0
1686,36435,6.932,2,false,12,247,240,7,0,0,240,21,1.6385,0.0013,0,0
1687,36442,6.865,2,false,12,247,240,7,0,0,240,19,1.6385,0.0013,0,0
1688,36449,6.922,2,false,12,247,240,7,0,0,240,17,1.6385,0.0013,0,0
1689,36456,6.884,2,false,12,247,240,7,0,0,241,16,1.6385,0.0013,0,0
1690,36463,6.892,2,false,12,247,241,6,0,0,241,19,1.6368,0.0015,0,0
1691,36470,6.956,2,false,12,247,241,6,0,0,241,19,1.6368,0.0015,0,0
1692,36477,6.838,2,false,12,247,241,6,0,0,241,19,1.6368,0.0015,0,0
1693,36484,6.926,2,false,12,248,241,7,0,0,241,19,1.6368,0.0015,0,0
1694,36491,6.887,2,false,12,248,241,7,0,0,241,16,1.6368,0.0015,0,0
1695,36497,6.929,2,false,12,248,241,7,0,0,241,21,1.6368,0.0015,0,0
1696,36504,6.865,2,false,12,248,241,7,0,0,241,17,1.6368,0.0015,0,0
1697,36511,6.894,2,false,12,248,241,7,0,0,242,18,1.4817,0.0009,0,0
1698,36518,6.944,2,false,12,248,242,6,0,0,242,315,1.4817,0.0009,0,0
1699,36525,6.873,2,false,12,248,242,6,0,0,242,315,1.4817,0.0009,0,0
1700,36532,6.929,2,false,12,248,242,6,0,0,242,315,1.4817,0.0009,0,0
1701,36539,6.859,2,false,12,249,242,7,0,0,242,315,1.4817,0.0009,0,0
1702,36546,6.892,2,false,12,249,242,7,0,0,242,20,1.4817,0.0009,0,0
1703,36553,6.952,2,false,12,249,242,7,0,0,242,36,1.4817,0.0009,0,0
1704,36560,6.859,2,false,12,249,242,7,0,0,243,20,1.4817,0.0009,0,0
1705,36566,6.946,2,false,12,249,243,6,0,0,243,18,3.4249,0.0021,0,0
1706,36573,6.851,2,false,12,249,243,6,0,0,243,338,3.4249,0.0021,0,0
1707,36580,6.943,2,false,12,249,243,6,0,0,243,338,3.4249,0.0021,0,0
1708,36587,6.866,2,false,12,249,243,6,0,0,243,338,3.4249,0.0021,0,0
1709,36594,6.898,2,false,12,250,243,7,0,0,243,338,3.4249,0.0021,0,0
1710,36601,6.919,2,false,12,250,243,7,0,0,243,19,3.4249,0.0021,0,0
1711,36608,6.874,2,false,12,250,243,7,0,0,243,14,3.4249,0.0021,0,0
1712,36615,6.929,2,false,12,250,243,7,0,0,244,20,3.4249,0.0021,0,0
1713,36622,6.865,2,false,12,250,244,6,0,0,244,16,1.4345,0.0009,0,0
1714,36628,6.899,2,false,12,250,244,6,0,0,244,16,1.4345,0.0009,0,0
1715,36635,6.919,2,false,12,250,244,6,0,0,244,16,1.4345,0.0009,0,0
1716,36642,6.889,2,false,12,251,244,7,0,0,244,16,1.4345,0.0009,0,0
1717,36649,6.919,2,false,12,251,244,7,0,0,244,17,1.4345,0.0009,0,0
1718,36656,6.882,2,false,12,251,244,7,0,0,244,15,1.4345,0.0009,0,0
1719,36663,6.891,2,false,12,251,244,7,0,0,244,17,1.4345,0.0009,0,0
1720,36670,6.925,2,false,12,251,244,7,0,0,245,13,1.7313,0.0012,0,0
1721,36677,6.874,2,false,12,251,245,6,0,0,245,13,1.7313,0.0012,0,0
1722,36684,6.929,2,false,12,251,245,6,0,0,245,13,1.7313,0.0012,0,0
1723,36691,6.877,2,false,12,251,245,6,0,0,245,13,1.7313,0.0012,0,0
1724,36698,6.924,2,false,12,252,245,7,0,0,245,13,1.7313,0.0012,0,0
1725,36704,6.88,2,false,12,252,245,7,0,0,245,16,1.7313,0.0012,0,0
1726,36711,6.899,2,false,12,252,245,7,0,0,245,17,1.7313,0.0012,0,0
1727,36718,6.927,2,false,12,252,245,7,0,0,245,20,1.7313,0.0012,0,0
1728,36725,6.867,2,false,12,252,245,7,0,0,246,18,1.5465,0.001,0,0
1729,36733,7.914,2,false,12,252,246,6,0,0,246,34,1.5465,0.001,0,0
1730,36739,5.881,2,false,12,252,246,6,0,0,246,34,1.5465,0.001,0,0
1731,36746,6.903,2,false,12,252,246,6,0,0,246,34,1.5465,0.001,0,0
1732,36753,6.964,2,false,12,253,246,7,0,0,246,34,1.5465,0.001,0,0
1733,36760,6.841,2,false,12,253,246,7,0,0,246,30,1.5465,0.001,0,0
1734,36767,6.938,2,false,12,253,246,7,0,0,246,16,1.5465,0.001,0,0
1735,36773,6.868,2,false,12,253,246,7,0,0,247,19,1.5465,0.001,0,0
1736,36780,6.943,2,false,12,253,247,6,0,0,247,18,1.5299,0.0012,0,0
1737,36787,6.85,2,false,12,253,247,6,0,0,247,18,1.5299,0.0012,0,0
1738,36794,6.892,2,false,12,253,247,6,0,0,247,18,1.5299,0.0012,0,0
1739,36801,6.95,2,false,12,254,247,7,0,0,247,18,1.5299,0.0012,0,0
