frame_idx,timestamp_ms,frame_wall_ms,fast_tick_count,fast_tick_occurred,last_fast_tick_ms,clock_day,writeback_last_day,writeback_lag_days,main_wait_on_sim_us,worker_fault_count,completed_days,runtime_graph_last_elapsed_us,climate_pod_plan_ms,climate_pod_replay_ms,domain_authority_plan_ms,domain_authority_replay_ms
0,32236,901.665,0,false,0,0,-1,-1,0,0,0,0,0,0,0,0
1,32266,30.364,1,true,24,1,-1,-1,0,0,0,0,0,0,0,0
2,32276,9.545,1,false,24,1,-1,-1,0,0,0,0,0,0,0,0
3,32318,42.481,2,true,34,2,-1,-1,0,0,0,3249,6.3623,0.0024,0,0
4,32322,3.318,2,false,34,2,-1,-1,0,0,0,998,6.3623,0.0024,0,0
5,32325,3.545,2,false,34,2,-1,-1,0,0,0,969,6.3623,0.0024,0,0
6,32332,6.906,2,false,34,2,-1,-1,0,0,0,1071,6.3623,0.0024,0,0
7,32347,14.402,2,false,34,2,-1,-1,0,0,0,981,6.3623,0.0024,0,0
8,32350,3.483,2,false,34,2,-1,-1,0,0,0,1026,6.3623,0.0024,0,0
9,32353,3.247,2,false,34,2,-1,-1,0,0,0,1070,6.3623,0.0024,0,0
10,32362,8.229,2,false,34,2,-1,-1,0,0,0,962,6.3623,0.0024,0,0
11,32367,5.591,2,false,34,2,-1,-1,0,0,0,1323,6.3623,0.0024,0,0
12,32377,9.723,2,false,34,2,-1,-1,0,0,0,1533,6.3623,0.0024,0,0
13,32381,4.069,2,false,34,2,-1,-1,0,0,0,1095,6.3623,0.0024,0,0
14,32392,11.066,2,false,34,2,-1,-1,0,0,0,1590,6.3623,0.0024,0,0
15,32397,4.375,2,false,34,2,-1,-1,0,0,0,1487,6.3623,0.0024,0,0
16,32402,5.261,2,false,34,2,-1,-1,0,0,0,1363,6.3623,0.0024,0,0
17,32422,20.338,2,false,34,2,-1,-1,0,0,1,30,6.3623,0.0024,0,0
18,32435,12.714,3,true,7,2,1,1,0,0,1,30,6.3623,0.0024,0,0
19,32445,10.462,3,false,7,3,1,2,0,0,1,30,6.3623,0.0024,0,0
20,32447,1.801,3,false,7,3,1,2,0,0,1,30,6.3623,0.0024,0,0
21,32453,6.361,3,false,7,3,1,2,0,0,1,30,6.9974,0.0025,0,0
22,32464,10.803,3,false,7,4,1,3,0,0,1,30,6.9974,0.0025,0,0
23,32467,2.36,3,false,7,4,1,3,0,0,1,30,6.9974,0.0025,0,0
24,32485,18.002,3,false,7,4,1,3,0,0,1,30,6.9974,0.0025,0,0
25,32487,2.636,3,false,7,4,1,3,0,0,1,30,6.9974,0.0025,0,0
26,32503,15.789,4,true,5,5,2,3,0,0,2,30,3.794,0.0026,0,0
27,32506,2.563,4,false,5,5,2,3,0,0,2,30,3.794,0.0026,0,0
28,32519,13.684,4,false,5,6,2,4,0,0,2,30,3.794,0.0026,0,0
29,32522,2.511,4,false,5,6,2,4,0,0,2,30,3.794,0.0026,0,0
30,32526,4.403,4,false,5,6,2,4,0,0,2,30,3.794,0.0026,0,0
31,32550,23.295,5,true,8,7,3,4,0,0,3,30,7.8683,0.0051,0,0
32,32553,3.477,5,false,8,7,3,4,0,0,3,30,7.8683,0.0051,0,0
33,32567,13.713,5,false,8,8,3,5,0,0,3,30,7.8683,0.0051,0,0
34,32570,3.048,5,false,8,8,3,5,0,0,3,30,7.8683,0.0051,0,0
35,32584,14.311,5,false,8,9,3,6,0,0,3,30,7.8683,0.0051,0,0
36,32586,2.408,5,false,8,9,3,6,0,0,3,30,7.8683,0.0051,0,0
37,32594,7.562,5,false,8,9,3,6,0,0,3,30,7.8683,0.0051,0,0
38,32599,4.848,5,false,8,10,3,7,0,0,4,30,7.8683,0.0051,0,0
39,32626,26.157,6,true,8,10,4,6,0,0,4,61,10.0085,0.0042,0,0
40,32629,4.186,6,false,8,10,4,6,0,0,4,61,10.0085,0.0042,0,0
41,32633,4.04,6,false,8,11,4,7,0,0,4,61,10.0085,0.0042,0,0
42,32641,7.529,6,false,8,11,4,7,0,0,4,31,10.0085,0.0042,0,0
43,32646,4.923,6,false,8,11,4,7,0,0,4,44,10.0085,0.0042,0,0
44,32656,10.596,6,false,8,11,4,7,0,0,5,38,10.0085,0.0042,0,0
45,32669,13.243,7,true,4,11,5,6,0,0,5,31,4.9795,0.0034,0,0
46,32671,1.905,7,false,4,11,5,6,0,0,5,31,4.9795,0.0034,0,0
47,32688,16.164,7,false,4,12,5,7,0,0,5,31,4.9795,0.0034,0,0
48,32691,3.006,7,false,4,12,5,7,0,0,6,32,4.9795,0.0034,0,0
49,32703,12.337,8,true,4,12,6,6,0,0,6,20,3.4027,0.003,0,0
50,32705,1.924,8,false,4,12,6,6,0,0,6,20,3.4027,0.003,0,0
51,32718,12.831,8,false,4,13,6,7,0,0,6,20,3.4027,0.003,0,0
52,32720,2.713,8,false,4,13,6,7,0,0,6,29,3.4027,0.003,0,0
53,32733,12.362,8,false,4,13,6,7,0,0,7,18,3.2386,0.0017,0,0
54,32745,12.534,9,true,3,13,7,6,0,0,7,23,3.2386,0.0017,0,0
55,32747,1.857,9,false,3,13,7,6,0,0,7,23,3.2386,0.0017,0,0
56,32764,17.029,9,false,3,13,7,6,0,0,8,23,3.2624,0.0016,0,0
57,32777,12.315,10,true,3,14,8,6,0,0,8,23,3.2624,0.0016,0,0
58,32779,2.241,10,false,3,14,8,6,0,0,8,23,3.2624,0.0016,0,0
59,32796,17.045,10,false,3,15,8,7,0,0,9,23,3.2294,0.0016,0,0
60,32808,12.804,11,true,4,15,9,6,0,0,9,26,3.2294,0.0016,0,0
61,32811,2.672,11,false,4,16,9,7,0,0,9,26,3.2294,0.0016,0,0
62,32815,4.222,11,false,4,16,9,7,0,0,9,26,3.2294,0.0016,0,0
63,32827,11.512,11,false,4,16,9,7,0,0,10,20,3.2294,0.0016,0,0
64,32839,12.252,12,true,4,16,10,6,0,0,10,27,3.5662,0.002,0,0
65,32841,2.206,12,false,4,16,10,6,0,0,10,27,3.5662,0.002,0,0
66,32859,17.07,12,false,4,16,10,6,0,0,10,27,3.5662,0.002,0,0
67,32873,14.361,13,true,4,17,11,6,0,0,11,27,6.0362,0.0029,0,0
68,32875,2.451,13,false,4,17,11,6,0,0,11,27,6.0362,0.0029,0,0
69,32880,4.449,13,false,4,18,11,7,0,0,11,27,6.0362,0.0029,0,0
70,32890,10.48,13,false,4,18,11,7,0,0,11,23,6.0362,0.0029,0,0
71,32893,3.313,13,false,4,18,11,7,0,0,11,26,6.0362,0.0029,0,0
72,32906,12.097,13,false,4,18,11,7,0,0,12,17,3.28,0.0039,0,0
73,32918,12.349,14,true,3,18,12,6,0,0,12,29,3.28,0.0039,0,0
74,32920,2.039,14,false,3,18,12,6,0,0,12,29,3.28,0.0039,0,0
75,32937,16.43,14,false,3,19,12,7,0,0,13,29,3.1607,0.002,0,0
76,32949,13.033,15,true,4,19,13,6,0,0,13,26,3.1607,0.002,0,0
77,32952,2.118,15,false,4,19,13,6,0,0,13,26,3.1607,0.002,0,0
78,32956,4.749,15,false,4,20,13,7,0,0,13,26,3.1607,0.002,0,0
79,32968,11.401,15,false,4,20,13,7,0,0,14,27,3.1607,0.002,0,0
80,32980,12.475,16,true,4,20,14,6,0,0,14,32,3.6278,0.0023,0,0
81,32982,1.824,16,false,4,20,14,6,0,0,14,32,3.6278,0.0023,0,0
82,32999,16.533,16,false,4,21,14,7,0,0,14,32,3.6278,0.0023,0,0
83,33023,24.451,17,true,12,21,15,6,0,0,15,32,3.6943,0.0026,0,0
84,33026,2.71,17,false,12,22,15,7,0,0,15,32,3.6943,0.0026,0,0
85,33030,4.155,17,false,12,22,15,7,0,0,15,22,3.6943,0.0026,0,0
86,33044,14.412,17,false,12,22,15,7,0,0,16,22,3.2297,0.0018,0,0
87,33056,11.737,18,true,3,22,16,6,0,0,16,22,3.2297,0.0018,0,0
88,33058,1.992,18,false,3,22,16,6,0,0,16,22,3.2297,0.0018,0,0
89,33076,17.376,18,false,3,22,16,6,0,0,17,22,4.3071,0.0026,0,0
90,33087,11.797,19,true,3,23,17,6,0,0,17,22,4.3071,0.0026,0,0
91,33089,1.833,19,false,3,23,17,6,0,0,17,22,4.3071,0.0026,0,0
92,33106,16.99,19,false,3,24,17,7,0,0,18,22,4.3071,0.0026,0,0
93,33118,11.572,20,true,3,24,18,6,0,0,18,26,3.3185,0.0019,0,0
94,33119,1.763,20,false,3,24,18,6,0,0,18,26,3.3185,0.0019,0,0
95,33137,17.796,20,false,3,25,18,7,0,0,18,26,3.3185,0.0019,0,0
96,33150,12.497,21,true,3,25,19,6,0,0,19,63,4.2796,0.0019,0,0
97,33152,1.996,21,false,3,25,19,6,0,0,19,63,4.2796,0.0019,0,0
98,33168,16.134,21,false,3,26,19,7,0,0,19,63,4.2796,0.0019,0,0
99,33170,2.448,21,false,3,26,19,7,0,0,19,25,4.2796,0.0019,0,0
100,33184,13.74,21,false,3,26,19,7,0,0,20,16,3.2625,0.002,0,0
101,33196,12.552,22,true,4,26,20,6,0,0,20,27,3.2625,0.002,0,0
102,33199,2.292,22,false,4,26,20,6,0,0,20,27,3.2625,0.002,0,0
103,33215,15.779,22,false,4,27,20,7,0,0,21,27,3.2738,0.0021,0,0
104,33228,13.082,23,true,4,27,21,6,0,0,21,29,3.2738,0.0021,0,0
105,33231,3.194,23,false,4,28,21,7,0,0,21,29,3.2738,0.0021,0,0
106,33234,3.691,23,false,4,28,21,7,0,0,21,26,3.2738,0.0021,0,0
107,33246,11.115,23,false,4,28,21,7,0,0,22,16,3.5371,0.0025,0,0
108,33258,12.179,24,true,3,28,22,6,0,0,22,24,3.5371,0.0025,0,0
109,33260,1.831,24,false,3,28,22,6,0,0,22,24,3.5371,0.0025,0,0
110,33278,17.82,24,false,3,28,22,6,0,0,23,24,3.5371,0.0025,0,0
111,33291,13.457,25,true,3,29,23,6,0,0,23,24,5.2904,0.0021,0,0
112,33293,1.986,25,false,3,29,23,6,0,0,23,24,5.2904,0.0021,0,0
113,33308,14.788,25,false,3,30,23,7,0,0,23,24,5.2904,0.0021,0,0
114,33310,2.182,25,false,3,30,23,7,0,0,23,27,5.2904,0.0021,0,0
115,33321,11.613,26,true,3,30,24,6,0,0,24,17,3.166,0.0014,0,0
116,33324,2.316,26,false,3,30,24,6,0,0,24,17,3.166,0.0014,0,0
117,33339,15.011,26,false,3,31,24,7,0,0,24,17,3.166,0.0014,0,0
118,33341,2.612,26,false,3,31,24,7,0,0,24,25,3.166,0.0014,0,0
119,33355,13.034,26,false,3,31,24,7,0,0,25,15,3.3375,0.0022,0,0
120,33366,11.514,27,true,3,31,25,6,0,0,25,36,3.3375,0.0022,0,0
121,33368,1.679,27,false,3,31,25,6,0,0,25,36,3.3375,0.0022,0,0
122,33386,18.599,27,false,3,31,25,6,0,0,26,36,3.8394,0.0023,0,0
123,33402,14.862,28,true,5,32,26,6,0,0,26,36,3.8394,0.0023,0,0
124,33404,2.819,28,false,5,32,26,6,0,0,26,36,3.8394,0.0023,0,0
125,33408,4.071,28,false,5,33,26,7,0,0,26,36,3.8394,0.0023,0,0
126,33417,8.963,28,false,5,33,26,7,0,0,26,25,3.8394,0.0023,0,0
127,33429,12.328,29,true,4,33,27,6,0,0,27,30,4.4362,0.002,0,0
128,33431,1.822,29,false,4,33,27,6,0,0,27,30,4.4362,0.002,0,0
129,33448,17.137,29,false,4,34,27,7,0,0,27,30,4.4362,0.002,0,0
130,33451,2.561,29,false,4,34,27,7,0,0,27,28,4.4362,0.002,0,0
131,33464,13.344,29,false,4,34,27,7,0,0,28,17,3.258,0.0019,0,0
132,33476,12.105,30,true,3,34,28,6,0,0,28,25,3.258,0.0019,0,0
133,33478,1.915,30,false,3,34,28,6,0,0,28,25,3.258,0.0019,0,0
134,33496,17.195,30,false,3,35,28,7,0,0,29,25,4.3539,0.0021,0,0
135,33508,12.984,31,true,4,35,29,6,0,0,29,26,4.3539,0.0021,0,0
136,33511,2.423,31,false,4,35,29,6,0,0,29,26,4.3539,0.0021,0,0
137,33515,4.461,31,false,4,36,29,7,0,0,29,26,4.3539,0.0021,0,0
138,33525,9.992,31,false,4,36,29,7,0,0,30,24,3.3371,0.0019,0,0
139,33537,12.198,32,true,4,36,30,6,0,0,30,249,3.3371,0.0019,0,0
140,33539,2.062,32,false,4,36,30,6,0,0,30,249,3.3371,0.0019,0,0
141,33557,17.306,32,false,4,37,30,7,0,0,31,249,3.3371,0.0019,0,0
142,33571,13.768,33,true,4,37,31,6,0,0,31,30,5.5859,0.0032,0,0
143,33573,2.225,33,false,4,37,31,6,0,0,31,30,5.5859,0.0032,0,0
144,33589,15.759,33,false,4,38,31,7,0,0,31,30,5.5859,0.0032,0,0
145,33591,2.823,33,false,4,38,31,7,0,0,31,29,5.5859,0.0032,0,0
146,33603,11.894,34,true,4,38,32,6,0,0,32,25,3.3278,0.0025,0,0
147,33605,1.961,34,false,4,38,32,6,0,0,32,25,3.3278,0.0025,0,0
148,33620,13.903,34,false,4,38,32,6,0,0,32,25,3.3278,0.0025,0,0
149,33622,3.21,34,false,4,39,32,7,0,0,32,25,3.3278,0.0025,0,0
150,33626,3.632,34,false,4,39,32,7,0,0,32,25,3.3278,0.0025,0,0
151,33635,8.762,34,false,4,39,32,7,0,0,33,16,3.3015,0.0021,0,0
152,33646,11.325,35,true,3,39,33,6,0,0,33,19,3.3015,0.0021,0,0
153,33648,1.778,35,false,3,39,33,6,0,0,33,19,3.3015,0.0021,0,0
154,33665,17.491,35,false,3,40,33,7,0,0,34,19,3.3015,0.0021,0,0
155,33679,13.797,36,true,5,40,34,6,0,0,34,26,3.5057,0.0018,0,0
156,33681,1.911,36,false,5,40,34,6,0,0,34,26,3.5057,0.0018,0,0
157,33696,14.856,36,false,5,40,34,6,0,0,34,26,3.5057,0.0018,0,0
158,33699,3.169,36,false,5,41,34,7,0,0,35,26,3.5057,0.0018,0,0
159,33713,14.346,37,true,5,41,35,6,0,0,35,28,6.5529,0.0024,0,0
160,33715,2.096,37,false,5,41,35,6,0,0,35,28,6.5529,0.0024,0,0
161,33727,11.524,37,false,5,42,35,7,0,0,35,28,6.5529,0.0024,0,0
162,33730,2.515,37,false,5,42,35,7,0,0,35,28,6.5529,0.0024,0,0
163,33742,12.643,37,false,5,42,35,7,0,0,36,17,3.7698,0.0016,0,0
164,33754,11.773,38,true,3,42,36,6,0,0,36,25,3.7698,0.0016,0,0
165,33756,2.219,38,false,3,42,36,6,0,0,36,25,3.7698,0.0016,0,0
166,33768,11.414,38,false,3,43,36,7,0,0,36,25,3.7698,0.0016,0,0
167,33770,2.302,38,false,3,43,36,7,0,0,36,29,3.7698,0.0016,0,0
168,33782,12.204,39,true,4,43,37,6,0,0,37,24,3.5086,0.002,0,0
169,33784,1.943,39,false,4,43,37,6,0,0,37,24,3.5086,0.002,0,0
170,33789,4.936,39,false,4,43,37,6,0,0,37,24,3.5086,0.002,0,0
171,33804,14.427,39,false,4,44,37,7,0,0,37,24,3.5086,0.002,0,0
172,33816,12.487,40,true,4,44,38,6,0,0,38,30,3.4371,0.0024,0,0
173,33818,1.947,40,false,4,44,38,6,0,0,38,30,3.4371,0.0024,0,0
174,33834,16.123,40,false,4,44,38,6,0,0,38,30,3.4371,0.0024,0,0
175,33837,3.098,40,false,4,45,38,7,0,0,38,30,3.4371,0.0024,0,0
176,33849,12.262,41,true,3,45,39,6,0,0,39,25,3.4269,0.0023,0,0
177,33851,2.086,41,false,3,45,39,6,0,0,39,25,3.4269,0.0023,0,0
178,33866,14.492,41,false,3,46,39,7,0,0,39,25,3.4269,0.0023,0,0
179,33868,2.45,41,false,3,46,39,7,0,0,39,27,3.4269,0.0023,0,0
180,33881,12.728,41,false,3,46,39,7,0,0,40,16,3.5499,0.0018,0,0
181,33896,14.772,42,true,5,46,40,6,0,0,40,31,3.5499,0.0018,0,0
182,33900,3.717,42,false,5,46,40,6,0,0,40,31,3.5499,0.0018,0,0
183,33903,3.168,42,false,5,47,40,7,0,0,40,31,3.5499,0.0018,0,0
184,33912,9.21,42,false,5,47,40,7,0,0,41,42,3.5499,0.0018,0,0
185,33923,11.22,43,true,3,47,41,6,0,0,41,24,4.455,0.0019,0,0
186,33925,1.792,43,false,3,47,41,6,0,0,41,24,4.455,0.0019,0,0
187,33943,18.02,43,false,3,47,41,6,0,0,41,24,4.455,0.0019,0,0
188,33956,13.434,44,true,4,48,42,6,0,0,42,24,3.2293,0.0019,0,0
189,33958,1.761,44,false,4,48,42,6,0,0,42,24,3.2293,0.0019,0,0
190,33974,15.3,44,false,4,49,42,7,0,0,42,24,3.2293,0.0019,0,0
191,33976,2.552,44,false,4,49,42,7,0,0,42,28,3.2293,0.0019,0,0
192,33990,13.366,44,false,4,49,42,7,0,0,43,17,4.533,0.002,0,0
193,34002,12.484,45,true,4,49,43,6,0,0,43,25,4.533,0.002,0,0
194,34004,1.995,45,false,4,49,43,6,0,0,43,25,4.533,0.002,0,0
195,34021,17.01,45,false,4,50,43,7,0,0,44,25,3.2947,0.0025,0,0
196,34033,12.451,46,true,4,50,44,6,0,0,44,28,3.2947,0.0025,0,0
197,34035,1.863,46,false,4,50,44,6,0,0,44,28,3.2947,0.0025,0,0
198,34052,16.98,46,false,4,51,44,7,0,0,45,28,3.4565,0.0024,0,0
199,34065,12.94,47,true,4,51,45,6,0,0,45,28,3.4565,0.0024,0,0
200,34067,1.825,47,false,4,51,45,6,0,0,45,28,3.4565,0.0024,0,0
201,34085,17.631,47,false,4,52,45,7,0,0,46,28,3.4565,0.0024,0,0
202,34097,12.296,48,true,4,52,46,6,0,0,46,27,3.298,0.0021,0,0
203,34099,1.809,48,false,4,52,46,6,0,0,46,27,3.298,0.0021,0,0
204,34115,16.177,48,false,4,53,46,7,0,0,46,27,3.298,0.0021,0,0
205,34122,6.944,49,true,4,53,47,6,0,0,47,30,5.4843,0.0023,0,0
206,34131,8.936,49,false,4,53,47,6,0,0,47,23,5.4843,0.0023,0,0
207,34133,1.854,49,false,4,53,47,6,0,0,47,23,5.4843,0.0023,0,0
208,34146,12.96,49,false,4,54,47,7,0,0,47,23,5.4843,0.0023,0,0
209,34148,2.828,49,false,4,54,47,7,0,0,47,30,5.4843,0.0023,0,0
210,34161,12.707,49,false,4,54,47,7,0,0,48,22,3.3212,0.0021,0,0
211,34173,11.983,50,true,4,54,48,6,0,0,48,26,3.3212,0.0021,0,0
212,34176,2.646,50,false,4,55,48,7,0,0,48,26,3.3212,0.0021,0,0
213,34192,15.963,50,false,4,55,48,7,0,0,49,22,3.2996,0.0017,0,0
214,34204,12.309,51,true,4,55,49,6,0,0,49,23,3.2996,0.0017,0,0
215,34206,1.888,51,false,4,55,49,6,0,0,49,23,3.2996,0.0017,0,0
216,34223,16.799,51,false,4,56,49,7,0,0,49,23,3.2996,0.0017,0,0
217,34235,12.357,52,true,4,56,50,6,0,0,50,32,3.3943,0.002,0,0
218,34237,1.841,52,false,4,56,50,6,0,0,50,32,3.3943,0.002,0,0
219,34255,18.175,52,false,4,57,50,7,0,0,50,32,3.3943,0.002,0,0
220,34270,14.876,53,true,6,57,51,6,0,0,51,30,4.3706,0.0024,0,0
221,34272,2.252,53,false,6,57,51,6,0,0,51,30,4.3706,0.0024,0,0
222,34286,13.806,53,false,6,57,51,6,0,0,51,30,4.3706,0.0024,0,0
223,34289,3.14,53,false,6,58,51,7,0,0,51,30,4.3706,0.0024,0,0
224,34293,3.705,53,false,6,58,51,7,0,0,51,25,4.3706,0.0024,0,0
225,34304,11.665,54,true,4,58,52,6,0,0,52,19,3.3734,0.0019,0,0
226,34307,2.1,54,false,4,58,52,6,0,0,52,19,3.3734,0.0019,0,0
227,34317,10.224,54,false,4,59,52,7,0,0,52,19,3.3734,0.0019,0,0
228,34320,3.579,54,false,4,59,52,7,0,0,52,39,3.3734,0.0019,0,0
229,34332,11.842,54,false,4,59,52,7,0,0,53,20,4.4236,0.0019,0,0
230,34344,12.024,55,true,4,59,53,6,0,0,53,23,4.4236,0.0019,0,0
231,34346,1.847,55,false,4,59,53,6,0,0,53,23,4.4236,0.0019,0,0
232,34364,17.639,55,false,4,60,53,7,0,0,54,23,4.4236,0.0019,0,0
233,34376,12.142,56,true,4,60,54,6,0,0,54,26,3.5279,0.0017,0,0
234,34378,1.776,56,false,4,60,54,6,0,0,54,26,3.5279,0.0017,0,0
235,34396,18.119,56,false,4,60,54,6,0,0,54,26,3.5279,0.0017,0,0
236,34410,14.317,57,true,4,61,55,6,0,0,55,26,3.3177,0.0026,0,0
237,34413,3.076,57,false,4,62,55,7,0,0,55,26,3.3177,0.0026,0,0
238,34426,12.735,57,false,4,62,55,7,0,0,55,24,3.3177,0.0026,0,0
239,34429,3.055,57,false,4,62,55,7,0,0,55,46,3.3177,0.0026,0,0
240,34442,12.865,57,false,4,62,55,7,0,0,56,18,3.5544,0.002,0,0
241,34454,12.551,58,true,3,62,56,6,0,0,56,26,3.5544,0.002,0,0
242,34457,2.14,58,false,3,62,56,6,0,0,56,26,3.5544,0.002,0,0
243,34473,15.851,58,false,3,62,56,6,0,0,57,26,3.306,0.002,0,0
244,34484,12.069,59,true,3,63,57,6,0,0,57,26,3.306,0.002,0,0
245,34486,1.754,59,false,3,63,57,6,0,0,57,26,3.306,0.002,0,0
246,34491,5.151,59,false,3,64,57,7,0,0,57,26,3.306,0.002,0,0
247,34504,12.016,59,false,3,64,57,7,0,0,58,30,3.306,0.002,0,0
248,34523,19.206,60,true,9,64,58,6,0,0,58,29,3.7189,0.0029,0,0
249,34525,1.989,60,false,9,64,58,6,0,0,58,29,3.7189,0.0029,0,0
250,34534,9.77,60,false,9,65,58,7,0,0,59,29,3.7189,0.0029,0,0
251,34547,12.221,61,true,4,65,59,6,0,0,59,27,6.4065,0.0026,0,0
252,34549,2.092,61,false,4,65,59,6,0,0,59,27,6.4065,0.0026,0,0
253,34553,4.778,61,false,4,66,59,7,0,0,59,27,6.4065,0.0026,0,0
254,34565,11.405,61,false,4,66,59,7,0,0,59,26,6.4065,0.0026,0,0
255,34568,2.553,61,false,4,66,59,7,0,0,59,28,6.4065,0.0026,0,0
256,34581,13.239,61,false,4,66,59,7,0,0,60,25,3.5202,0.0022,0,0
257,34595,14.059,62,true,4,66,60,6,0,0,60,31,3.5202,0.0022,0,0
258,34597,2.359,62,false,4,66,60,6,0,0,60,31,3.5202,0.0022,0,0
259,34611,14.195,62,false,4,67,60,7,0,0,61,31,3.8643,0.003,0,0
260,34624,13.262,63,true,4,67,61,6,0,0,61,28,3.8643,0.003,0,0
261,34627,2.473,63,false,4,67,61,6,0,0,61,28,3.8643,0.003,0,0
262,34631,4.436,63,false,4,68,61,7,0,0,61,28,3.8643,0.003,0,0
263,34642,10.415,63,false,4,68,61,7,0,0,61,29,3.8643,0.003,0,0
264,34655,13.365,64,true,4,68,62,6,0,0,62,30,3.6308,0.002,0,0
265,34658,2.368,64,false,4,68,62,6,0,0,62,30,3.6308,0.002,0,0
266,34674,15.997,64,false,4,68,62,6,0,0,62,30,3.6308,0.002,0,0
267,34677,3.023,64,false,4,69,62,7,0,0,62,30,3.6308,0.002,0,0
268,34681,3.839,64,false,4,69,62,7,0,0,63,29,3.6308,0.002,0,0
269,34695,15.008,65,true,4,69,63,6,0,0,63,30,3.6173,0.0032,0,0
270,34697,2.063,65,false,4,69,63,6,0,0,63,30,3.6173,0.0032,0,0
271,34704,6.389,65,false,4,70,63,7,0,0,63,30,3.6173,0.0032,0,0
272,34721,16.408,65,false,4,70,63,7,0,0,64,30,3.6239,0.0022,0,0
273,34733,12.582,66,true,4,70,64,6,0,0,64,30,3.6239,0.0022,0,0
274,34735,1.936,66,false,4,70,64,6,0,0,64,30,3.6239,0.0022,0,0
275,34752,16.641,66,false,4,71,64,7,0,0,65,30,3.6239,0.0022,0,0
276,34763,11.823,67,true,3,71,65,6,0,0,65,28,4.4061,0.0025,0,0
277,34765,2.119,67,false,3,71,65,6,0,0,65,28,4.4061,0.0025,0,0
278,34782,16.442,67,false,3,71,65,6,0,0,65,28,4.4061,0.0025,0,0
279,34794,12.165,68,true,3,72,66,6,0,0,66,28,3.2778,0.0018,0,0
280,34796,1.747,68,false,3,72,66,6,0,0,66,28,3.2778,0.0018,0,0
281,34814,17.855,68,false,3,73,66,7,0,0,66,28,3.2778,0.0018,0,0
282,34825,11.32,69,true,3,73,67,6,0,0,67,26,4.2699,0.0025,0,0
283,34827,1.65,69,false,3,73,67,6,0,0,67,26,4.2699,0.0025,0,0
284,34845,18.026,69,false,3,74,67,7,0,0,67,26,4.2699,0.0025,0,0
285,34847,2.687,69,false,3,74,67,7,0,0,67,27,4.2699,0.0025,0,0
286,34861,13.568,70,true,5,74,68,6,0,0,68,35,3.1653,0.0016,0,0
287,34863,1.755,70,false,5,74,68,6,0,0,68,35,3.1653,0.0016,0,0
288,34877,14.206,70,false,5,75,68,7,0,0,68,35,3.1653,0.0016,0,0
289,34879,2.588,70,false,5,75,68,7,0,0,68,26,3.1653,0.0016,0,0
290,34893,13.461,70,false,5,75,68,7,0,0,69,17,3.2554,0.0018,0,0
291,34906,13.226,71,true,4,75,69,6,0,0,69,20,3.2554,0.0018,0,0
292,34908,1.749,71,false,4,75,69,6,0,0,69,20,3.2554,0.0018,0,0
293,34925,16.863,71,false,4,76,69,7,0,0,70,20,3.2694,0.0019,0,0
294,34936,11.478,72,true,3,76,70,6,0,0,70,22,3.2694,0.0019,0,0
295,34938,1.893,72,false,3,76,70,6,0,0,70,22,3.2694,0.0019,0,0
296,34943,5.041,72,false,3,77,70,7,0,0,70,22,3.2694,0.0019,0,0
297,34956,12.708,72,false,3,77,70,7,0,0,71,24,3.2694,0.0019,0,0
298,34969,13.115,73,true,4,77,71,6,0,0,71,26,5.2528,0.0026,0,0
299,34971,2.448,73,false,4,77,71,6,0,0,71,26,5.2528,0.0026,0,0
300,34986,14.285,73,false,4,78,71,7,0,0,71,26,5.2528,0.0026,0,0
301,34988,2.342,73,false,4,78,71,7,0,0,71,27,5.2528,0.0026,0,0
302,35001,12.707,73,false,4,78,71,7,0,0,72,17,3.2215,0.002,0,0
303,35016,15.471,74,true,4,78,72,6,0,0,72,24,3.2215,0.002,0,0
304,35018,1.96,74,false,4,78,72,6,0,0,72,24,3.2215,0.002,0,0
305,35031,12.573,74,false,4,79,72,7,0,0,73,24,3.663,0.0033,0,0
306,35044,13.007,75,true,4,79,73,6,0,0,73,31,3.663,0.0033,0,0
307,35046,1.982,75,false,4,79,73,6,0,0,73,31,3.663,0.0033,0,0
308,35062,16.115,75,false,4,80,73,7,0,0,73,31,3.663,0.0033,0,0
309,35075,13.492,76,true,4,80,74,6,0,0,74,36,4.4778,0.0033,0,0
310,35077,1.97,76,false,4,80,74,6,0,0,74,36,4.4778,0.0033,0,0
311,35093,15.217,76,false,4,80,74,6,0,0,74,36,4.4778,0.0033,0,0
312,35096,3.164,76,false,4,81,74,7,0,0,74,36,4.4778,0.0033,0,0
313,35099,3.627,76,false,4,81,74,7,0,0,74,29,4.4778,0.0033,0,0
314,35111,11.275,77,true,3,81,75,6,0,0,75,22,4.4231,0.0018,0,0
315,35113,2.516,77,false,3,81,75,6,0,0,75,22,4.4231,0.0018,0,0
316,35124,10.72,77,false,3,82,75,7,0,0,75,22,4.4231,0.0018,0,0
317,35127,3.083,77,false,3,82,75,7,0,0,75,27,4.4231,0.0018,0,0
318,35139,12.334,77,false,3,82,75,7,0,0,76,16,3.3036,0.002,0,0
319,35153,13.434,78,true,4,82,76,6,0,0,76,28,3.3036,0.002,0,0
320,35154,1.894,78,false,4,82,76,6,0,0,76,28,3.3036,0.002,0,0
321,35171,16.406,78,false,4,82,76,6,0,0,77,28,3.3036,0.002,0,0
322,35184,12.754,79,true,4,83,77,6,0,0,77,28,4.9234,0.002,0,0
323,35187,2.397,79,false,4,84,77,7,0,0,77,28,4.9234,0.002,0,0
324,35191,4.477,79,false,4,84,77,7,0,0,77,28,4.9234,0.002,0,0
325,35202,11.335,79,false,4,84,77,7,0,0,77,24,4.9234,0.002,0,0
326,35204,2.446,79,false,4,84,77,7,0,0,77,29,4.9234,0.002,0,0
327,35216,11.487,80,true,3,84,78,6,0,0,78,19,3.3184,0.0025,0,0
328,35218,2.32,80,false,3,84,78,6,0,0,78,19,3.3184,0.0025,0,0
329,35232,13.924,80,false,3,84,78,6,0,0,78,19,3.3184,0.0025,0,0
330,35235,2.832,80,false,3,85,78,7,0,0,78,19,3.3184,0.0025,0,0
331,35248,12.492,80,false,3,85,78,7,0,0,79,25,3.3482,0.0024,0,0
332,35261,13.424,81,true,4,85,79,6,0,0,79,25,3.3482,0.0024,0,0
333,35263,1.854,81,false,4,85,79,6,0,0,79,25,3.3482,0.0024,0,0
334,35272,8.843,81,false,4,86,79,7,0,0,79,25,3.3482,0.0024,0,0
335,35275,3.098,81,false,4,86,79,7,0,0,80,25,3.3482,0.0024,0,0
336,35287,12.275,82,true,4,86,80,6,0,0,80,20,3.5153,0.0022,0,0
337,35289,1.962,82,false,4,86,80,6,0,0,80,20,3.5153,0.0022,0,0
338,35308,19.329,82,false,4,86,80,6,0,0,81,20,3.5153,0.0022,0,0
339,35321,12.422,83,true,4,87,81,6,0,0,81,20,3.9902,0.0026,0,0
340,35323,1.947,83,false,4,87,81,6,0,0,81,20,3.9902,0.0026,0,0
341,35339,16.388,83,false,4,88,81,7,0,0,81,20,3.9902,0.0026,0,0
342,35353,13.914,84,true,4,88,82,6,0,0,82,35,3.3097,0.0038,0,0
343,35355,2.173,84,false,4,88,82,6,0,0,82,35,3.3097,0.0038,0,0
344,35371,15.266,84,false,4,88,82,6,0,0,82,35,3.3097,0.0038,0,0
345,35373,3.16,84,false,4,89,82,7,0,0,82,35,3.3097,0.0038,0,0
346,35377,3.634,84,false,4,89,82,7,0,0,83,24,3.3097,0.0038,0,0
347,35389,11.507,85,true,4,89,83,6,0,0,83,20,6.7457,0.0018,0,0
348,35391,2.294,85,false,4,89,83,6,0,0,83,20,6.7457,0.0018,0,0
349,35403,11.753,85,false,4,90,83,7,0,0,83,20,6.7457,0.0018,0,0
350,35405,2.853,85,false,4,90,83,7,0,0,83,27,6.7457,0.0018,0,0
351,35418,11.969,85,false,4,90,83,7,0,0,84,19,3.3543,0.0016,0,0
352,35430,12.326,86,true,4,90,84,6,0,0,84,68,3.3543,0.0016,0,0
353,35432,1.899,86,false,4,90,84,6,0,0,84,68,3.3543,0.0016,0,0
354,35447,15.637,86,false,4,91,84,7,0,0,85,68,3.3543,0.0016,0,0
355,35459,11.806,87,true,4,91,85,6,0,0,85,27,3.3585,0.0019,0,0
356,35461,1.757,87,false,4,91,85,6,0,0,85,27,3.3585,0.0019,0,0
357,35471,10.304,87,false,4,92,85,7,0,0,85,27,3.3585,0.0019,0,0
358,35473,2.283,87,false,4,92,85,7,0,0,85,25,3.3585,0.0019,0,0
359,35494,19.883,87,false,4,92,85,7,0,0,86,18,3.3171,0.0022,0,0
360,35507,13.323,88,true,4,92,86,6,0,0,86,28,3.3171,0.0022,0,0
361,35509,2.614,88,false,4,92,86,6,0,0,86,28,3.3171,0.0022,0,0
362,35514,4.285,88,false,4,93,86,7,0,0,87,28,3.3171,0.0022,0,0
363,35527,13.208,89,true,4,93,87,6,0,0,87,30,3.3865,0.0027,0,0
364,35529,2.472,89,false,4,93,87,6,0,0,87,30,3.3865,0.0027,0,0
365,35540,10.317,89,false,4,94,87,7,0,0,87,30,3.3865,0.0027,0,0
366,35542,2.572,89,false,4,94,87,7,0,0,87,29,3.3865,0.0027,0,0
367,35556,13.665,89,false,4,94,87,7,0,0,88,18,3.4322,0.0024,0,0
368,35569,13.13,90,true,4,94,88,6,0,0,88,27,3.4322,0.0024,0,0
369,35571,2.308,90,false,4,94,88,6,0,0,88,27,3.4322,0.0024,0,0
370,35588,15.707,90,false,4,94,88,6,0,0,89,27,4.5061,0.0023,0,0
371,35600,13.305,91,true,4,95,89,6,0,0,89,27,4.5061,0.0023,0,0
372,35603,2.419,91,false,4,95,89,6,0,0,89,27,4.5061,0.0023,0,0
373,35607,4.477,91,false,4,96,89,7,0,0,89,27,4.5061,0.0023,0,0
374,35618,10.8,91,false,4,96,89,7,0,0,90,26,4.5061,0.0023,0,0
375,35630,12.198,92,true,4,96,90,6,0,0,90,27,3.4211,0.0024,0,0
376,35632,1.945,92,false,4,96,90,6,0,0,90,27,3.4211,0.0024,0,0
377,35648,16.082,92,false,4,97,90,7,0,0,90,27,3.4211,0.0024,0,0
378,35651,2.914,92,false,4,97,90,7,0,0,90,40,3.4211,0.0024,0,0
379,35663,12.35,93,true,4,97,91,6,0,0,91,22,4.3656,0.0023,0,0
380,35666,2.099,93,false,4,97,91,6,0,0,91,22,4.3656,0.0023,0,0
381,35681,14.966,93,false,4,98,91,7,0,0,91,22,4.3656,0.0023,0,0
382,35683,2.893,93,false,4,98,91,7,0,0,91,42,4.3656,0.0023,0,0
383,35687,3.984,93,false,4,98,91,7,0,0,92,22,4.3656,0.0023,0,0
384,35700,12.603,94,true,4,98,92,6,0,0,92,25,3.2396,0.0022,0,0
385,35702,2.146,94,false,4,98,92,6,0,0,92,25,3.2396,0.0022,0,0
386,35712,9.354,94,false,4,98,92,6,0,0,92,25,3.2396,0.0022,0,0
387,35715,3.492,94,false,4,99,92,7,0,0,92,25,3.2396,0.0022,0,0
388,35727,11.477,94,false,4,99,92,7,0,0,93,26,3.2474,0.0021,0,0
389,35739,12.306,95,true,4,99,93,6,0,0,93,24,3.2474,0.0021,0,0
390,35741,1.882,95,false,4,99,93,6,0,0,93,24,3.2474,0.0021,0,0
391,35757,16.695,95,false,4,100,93,7,0,0,94,24,3.274,0.0017,0,0
392,35770,12.407,96,true,4,100,94,6,0,0,94,25,3.274,0.0017,0,0
393,35772,1.973,96,false,4,100,94,6,0,0,94,25,3.274,0.0017,0,0
394,35789,16.737,96,false,4,100,94,6,0,0,95,25,3.274,0.0017,0,0
395,35802,13.946,97,true,4,101,95,6,0,0,95,25,5.621,0.0025,0,0
396,35804,1.876,97,false,4,101,95,6,0,0,95,25,5.621,0.0025,0,0
397,35820,15.86,97,false,4,102,95,7,0,0,95,25,5.621,0.0025,0,0
398,35833,12.497,98,true,4,102,96,6,0,0,96,29,3.1824,0.0017,0,0
399,35835,2.423,98,false,4,102,96,6,0,0,96,29,3.1824,0.0017,0,0
400,35840,4.493,98,false,4,103,96,7,0,0,96,29,3.1824,0.0017,0,0
401,35851,11.511,98,false,4,103,96,7,0,0,96,27,3.1824,0.0017,0,0
402,35854,2.6,98,false,4,103,96,7,0,0,96,30,3.1824,0.0017,0,0
403,35867,13.535,98,false,4,103,96,7,0,0,97,17,3.33,0.0016,0,0
404,35881,13.355,99,true,4,103,97,6,0,0,97,23,3.33,0.0016,0,0
405,35883,1.923,99,false,4,103,97,6,0,0,97,23,3.33,0.0016,0,0
406,35899,15.917,99,false,4,104,97,7,0,0,98,23,3.4055,0.002,0,0
407,35911,12.85,100,true,4,104,98,6,0,0,98,29,3.4055,0.002,0,0
408,35913,1.871,100,false,4,104,98,6,0,0,98,29,3.4055,0.002,0,0
409,35929,15.959,100,false,4,105,98,7,0,0,99,29,4.4228,0.0018,0,0
410,35942,12.51,101,true,4,105,99,6,0,0,99,26,4.4228,0.0018,0,0
411,35943,1.868,101,false,4,105,99,6,0,0,99,26,4.4228,0.0018,0,0
412,35960,16.601,101,false,4,106,99,7,0,0,99,26,4.4228,0.0018,0,0
413,35972,12.186,102,true,4,106,100,6,0,0,100,27,3.1882,0.0016,0,0
414,35974,1.805,102,false,4,106,100,6,0,0,100,27,3.1882,0.0016,0,0
415,35992,17.67,102,false,4,107,100,7,0,0,100,27,3.1882,0.0016,0,0
416,36003,11.547,103,true,3,107,101,6,0,0,101,26,4.4843,0.0019,0,0
417,36005,1.729,103,false,3,107,101,6,0,0,101,26,4.4843,0.0019,0,0
418,36023,18.286,103,false,3,108,101,7,0,0,101,26,4.4843,0.0019,0,0
419,36026,2.254,103,false,3,108,101,7,0,0,101,26,4.4843,0.0019,0,0
420,36037,11.29,104,true,3,108,102,6,0,0,102,19,3.2108,0.0018,0,0
421,36039,1.957,104,false,3,108,102,6,0,0,102,19,3.2108,0.0018,0,0
422,36053,13.847,104,false,3,109,102,7,0,0,102,19,3.2108,0.0018,0,0
423,36055,2.266,104,false,3,109,102,7,0,0,102,26,3.2108,0.0018,0,0
424,36068,13.036,104,false,3,109,102,7,0,0,103,20,3.1844,0.002,0,0
425,36081,12.679,105,true,3,109,103,6,0,0,103,22,3.1844,0.002,0,0
426,36082,1.709,105,false,3,109,103,6,0,0,103,22,3.1844,0.002,0,0
427,36099,16.876,105,false,3,110,103,7,0,0,104,22,3.2435,0.0016,0,0
428,36112,12.627,106,true,3,110,104,6,0,0,104,23,3.2435,0.0016,0,0
429,36114,1.919,106,false,3,110,104,6,0,0,104,23,3.2435,0.0016,0,0
430,36130,16.606,106,false,3,111,104,7,0,0,105,23,3.3587,0.0017,0,0
431,36143,12.551,107,true,4,111,105,6,0,0,105,25,3.3587,0.0017,0,0
432,36145,1.793,107,false,4,111,105,6,0,0,105,25,3.3587,0.0017,0,0
433,36161,16.43,107,false,4,112,105,7,0,0,106,25,3.3587,0.0017,0,0
434,36175,13.462,108,true,4,112,106,6,0,0,106,29,4.3653,0.0026,0,0
435,36177,1.991,108,false,4,112,106,6,0,0,106,29,4.3653,0.0026,0,0
436,36182,4.897,108,false,4,113,106,7,0,0,106,29,4.3653,0.0026,0,0
437,36193,11.23,108,false,4,113,106,7,0,0,106,25,4.3653,0.0026,0,0
438,36200,7.423,109,true,4,113,107,6,0,0,107,22,4.3653,0.0026,0,0
439,36209,8.941,109,false,4,113,107,6,0,0,107,28,6.6507,0.0027,0,0
440,36212,2.408,109,false,4,113,107,6,0,0,107,28,6.6507,0.0027,0,0
441,36223,11.169,109,false,4,113,107,6,0,0,107,28,6.6507,0.0027,0,0
442,36233,9.908,109,false,4,114,107,7,0,0,108,28,6.6507,0.0027,0,0
443,36245,12.012,110,true,4,114,108,6,0,0,108,23,3.2333,0.0018,0,0
444,36247,2.312,110,false,4,114,108,6,0,0,108,23,3.2333,0.0018,0,0
445,36254,6.669,110,false,4,114,108,6,0,0,108,23,3.2333,0.0018,0,0
446,36269,15.152,110,false,4,115,108,7,0,0,109,23,3.3977,0.0021,0,0
447,36281,12.255,111,true,4,115,109,6,0,0,109,332,3.3977,0.0021,0,0
448,36283,1.808,111,false,4,115,109,6,0,0,109,332,3.3977,0.0021,0,0
449,36300,16.119,111,false,4,116,109,7,0,0,110,332,3.3977,0.0021,0,0
450,36311,12.433,112,true,3,116,110,6,0,0,110,36,4.2133,0.0023,0,0
451,36313,1.9,112,false,3,116,110,6,0,0,110,36,4.2133,0.0023,0,0
452,36330,16.235,112,false,3,116,110,6,0,0,110,36,4.2133,0.0023,0,0
453,36332,2.771,112,false,3,117,110,7,0,0,110,36,4.2133,0.0023,0,0
454,36347,14.933,113,true,4,117,111,6,0,0,111,24,3.2213,0.0018,0,0
455,36349,2.115,113,false,4,117,111,6,0,0,111,24,3.2213,0.0018,0,0
456,36361,11.929,113,false,4,118,111,7,0,0,111,24,3.2213,0.0018,0,0
457,36363,2.131,113,false,4,118,111,7,0,0,111,27,3.2213,0.0018,0,0
458,36377,13.632,113,false,4,118,111,7,0,0,112,16,3.5054,0.0021,0,0
459,36392,15.097,114,true,5,118,112,6,0,0,112,23,3.5054,0.0021,0,0
460,36395,2.871,114,false,5,118,112,6,0,0,112,23,3.5054,0.0021,0,0
461,36399,4.005,114,false,5,119,112,7,0,0,112,23,3.5054,0.0021,0,0
462,36408,9.086,114,false,5,119,112,7,0,0,113,26,3.5054,0.0021,0,0
463,36420,11.754,115,true,4,119,113,6,0,0,113,25,5.1782,0.0023,0,0
464,36421,1.674,115,false,4,119,113,6,0,0,113,25,5.1782,0.0023,0,0
465,36441,18.706,115,false,4,120,113,7,0,0,113,25,5.1782,0.0023,0,0
466,36453,12.919,116,true,4,120,114,6,0,0,114,31,3.9477,0.0024,0,0
467,36456,2.513,116,false,4,120,114,6,0,0,114,31,3.9477,0.0024,0,0
468,36470,14.306,116,false,4,121,114,7,0,0,114,31,3.9477,0.0024,0,0
469,36473,3.303,116,false,4,121,114,7,0,0,114,31,3.9477,0.0024,0,0
470,36485,11.413,117,true,4,121,115,6,0,0,115,18,4.4499,0.0024,0,0
471,36487,2.487,117,false,4,121,115,6,0,0,115,18,4.4499,0.0024,0,0
472,36492,4.428,117,false,4,122,115,7,0,0,115,18,4.4499,0.0024,0,0
473,36502,10.186,117,false,4,122,115,7,0,0,115,23,4.4499,0.0024,0,0
474,36505,3.578,117,false,4,122,115,7,0,0,115,67,4.4499,0.0024,0,0
475,36517,11.737,117,false,4,122,115,7,0,0,116,17,4.4499,0.0024,0,0
476,36529,11.93,118,true,4,122,116,6,0,0,116,19,5.8101,0.0026,0,0
477,36531,1.799,118,false,4,122,116,6,0,0,116,19,5.8101,0.0026,0,0
478,36548,17.363,118,false,4,122,116,6,0,0,116,19,5.8101,0.0026,0,0
479,36561,12.468,119,true,3,123,117,6,0,0,117,19,3.5148,0.0033,0,0
480,36562,1.785,119,false,3,123,117,6,0,0,117,19,3.5148,0.0033,0,0
481,36580,17.422,119,false,3,124,117,7,0,0,117,19,3.5148,0.0033,0,0
482,36582,2.53,119,false,3,124,117,7,0,0,117,28,3.5148,0.0033,0,0
483,36594,11.459,120,true,3,124,118,6,0,0,118,19,3.4395,0.0016,0,0
484,36596,2.076,120,false,3,124,118,6,0,0,118,19,3.4395,0.0016,0,0
485,36610,14.346,120,false,3,124,118,6,0,0,118,19,3.4395,0.0016,0,0
486,36613,2.712,120,false,3,125,118,7,0,0,118,19,3.4395,0.0016,0,0
487,36626,12.949,120,false,3,125,118,7,0,0,119,24,5.2574,0.0023,0,0
488,36639,12.986,121,true,3,125,119,6,0,0,119,26,5.2574,0.0023,0,0
489,36641,1.883,121,false,3,125,119,6,0,0,119,26,5.2574,0.0023,0,0
490,36658,16.463,121,false,3,126,119,7,0,0,120,26,3.1781,0.0021,0,0
491,36669,12.093,122,true,3,126,120,6,0,0,120,23,3.1781,0.0021,0,0
492,36671,1.742,122,false,3,126,120,6,0,0,120,23,3.1781,0.0021,0,0
493,36689,17.376,122,false,3,127,120,7,0,0,121,23,3.1781,0.0021,0,0
494,36700,11.642,123,true,3,127,121,6,0,0,121,26,4.0389,0.0024,0,0
495,36702,1.746,123,false,3,127,121,6,0,0,121,26,4.0389,0.0024,0,0
496,36720,17.652,123,false,3,128,121,7,0,0,121,26,4.0389,0.0024,0,0
497,36732,12.981,124,true,4,128,122,6,0,0,122,29,3.8819,0.0028,0,0
498,36734,1.928,124,false,4,128,122,6,0,0,122,29,3.8819,0.0028,0,0
499,36751,16.076,124,false,4,129,122,7,0,0,122,29,3.8819,0.0028,0,0
500,36753,2.65,124,false,4,129,122,7,0,0,122,36,3.8819,0.0028,0,0
501,36765,12.106,125,true,4,129,123,6,0,0,123,26,4.5478,0.0022,0,0
502,36768,2.496,125,false,4,129,123,6,0,0,123,26,4.5478,0.0022,0,0
503,36772,4.367,125,false,4,130,123,7,0,0,123,26,4.5478,0.0022,0,0
504,36783,10.544,125,false,4,130,123,7,0,0,123,26,4.5478,0.0022,0,0
505,36786,3.253,125,false,4,130,123,7,0,0,123,27,4.5478,0.0022,0,0
506,36798,11.992,125,false,4,130,123,7,0,0,124,18,3.2772,0.0019,0,0
507,36810,11.736,126,true,4,130,124,6,0,0,124,21,3.2772,0.0019,0,0
508,36811,1.873,126,false,4,130,124,6,0,0,124,21,3.2772,0.0019,0,0
509,36828,16.629,126,false,4,131,124,7,0,0,125,21,4.4738,0.0033,0,0
510,36840,12.24,127,true,4,131,125,6,0,0,125,28,4.4738,0.0033,0,0
511,36842,1.889,127,false,4,131,125,6,0,0,125,28,4.4738,0.0033,0,0
512,36860,17.167,127,false,4,131,125,6,0,0,126,28,4.4738,0.0033,0,0
513,36873,13.952,128,true,4,132,126,6,0,0,126,28,4.1429,0.0022,0,0
514,36876,2.967,128,false,4,133,126,7,0,0,126,28,4.1429,0.0022,0,0
515,36890,13.225,128,false,4,133,126,7,0,0,126,24,4.1429,0.0022,0,0
516,36892,2.672,128,false,4,133,126,7,0,0,126,29,4.1429,0.0022,0,0
517,36905,12.448,129,true,3,133,127,6,0,0,127,19,3.4106,0.0021,0,0
518,36907,2.482,129,false,3,133,127,6,0,0,127,19,3.4106,0.0021,0,0
519,36921,13.727,129,false,3,133,127,6,0,0,127,19,3.4106,0.0021,0,0
520,36924,3.068,129,false,3,134,127,7,0,0,127,19,3.4106,0.0021,0,0
521,36928,3.776,129,false,3,134,127,7,0,0,128,29,3.4106,0.0021,0,0
522,36939,11.8,130,true,4,134,128,6,0,0,128,16,3.4346,0.002,0,0
523,36941,2.004,130,false,4,134,128,6,0,0,128,16,3.4346,0.002,0,0
524,36951,9.838,130,false,4,135,128,7,0,0,128,16,3.4346,0.002,0,0
525,36955,3.935,130,false,4,135,128,7,0,0,128,28,3.4346,0.002,0,0
526,36967,11.221,130,false,4,135,128,7,0,0,129,21,3.2334,0.0017,0,0
527,36978,11.578,131,true,3,135,129,6,0,0,129,21,3.2334,0.0017,0,0
528,36980,1.798,131,false,3,135,129,6,0,0,129,21,3.2334,0.0017,0,0
529,36998,17.493,131,false,3,135,129,6,0,0,130,21,3.428,0.0024,0,0
530,37017,20.03,132,true,4,136,130,6,0,0,130,21,3.428,0.0024,0,0
531,37019,1.737,132,false,4,136,130,6,0,0,130,21,3.428,0.0024,0,0
532,37029,10.154,132,false,4,137,130,7,0,0,131,21,3.428,0.0024,0,0
533,37042,12.366,133,true,4,137,131,6,0,0,131,29,6.626,0.0028,0,0
534,37043,1.8,133,false,4,137,131,6,0,0,131,29,6.626,0.0028,0,0
535,37061,17.435,133,false,4,138,131,7,0,0,131,29,6.626,0.0028,0,0
536,37064,3.32,133,false,4,138,131,7,0,0,132,49,6.626,0.0028,0,0
537,37076,11.829,134,true,4,138,132,6,0,0,132,25,3.6912,0.0021,0,0
538,37078,2.133,134,false,4,138,132,6,0,0,132,25,3.6912,0.0021,0,0
539,37093,14.634,134,false,4,139,132,7,0,0,132,25,3.6912,0.0021,0,0
540,37096,3.263,134,false,4,139,132,7,0,0,132,29,3.6912,0.0021,0,0
541,37100,3.561,134,false,4,139,132,7,0,0,133,18,3.6912,0.0021,0,0
542,37112,11.939,135,true,3,139,133,6,0,0,133,21,3.2438,0.0023,0,0
543,37113,1.862,135,false,3,139,133,6,0,0,133,21,3.2438,0.0023,0,0
544,37125,10.934,135,false,3,139,133,6,0,0,133,21,3.2438,0.0023,0,0
545,37128,3.181,135,false,3,140,133,7,0,0,133,21,3.2438,0.0023,0,0
546,37140,12.504,135,false,3,140,133,7,0,0,134,26,3.1408,0.0018,0,0
547,37154,13.688,136,true,4,140,134,6,0,0,134,41,3.1408,0.0018,0,0
548,37156,2.337,136,false,4,140,134,6,0,0,134,41,3.1408,0.0018,0,0
549,37171,14.446,136,false,4,141,134,7,0,0,135,41,3.2236,0.0019,0,0
550,37184,13.006,137,true,3,141,135,6,0,0,135,25,3.2236,0.0019,0,0
551,37186,2.14,137,false,3,141,135,6,0,0,135,25,3.2236,0.0019,0,0
552,37190,4.723,137,false,3,142,135,7,0,0,135,25,3.2236,0.0019,0,0
553,37201,10.98,137,false,3,142,135,7,0,0,136,22,3.2236,0.0019,0,0
554,37213,11.25,138,true,3,142,136,6,0,0,136,20,3.3246,0.0019,0,0
555,37215,1.969,138,false,3,142,136,6,0,0,136,20,3.3246,0.0019,0,0
556,37232,17.138,138,false,3,143,136,7,0,0,136,20,3.3246,0.0019,0,0
557,37244,12.265,139,true,3,143,137,6,0,0,137,30,4.6377,0.0021,0,0
558,37246,1.793,139,false,3,143,137,6,0,0,137,30,4.6377,0.0021,0,0
559,37263,16.757,139,false,3,143,137,6,0,0,137,30,4.6377,0.0021,0,0
560,37266,3.213,139,false,3,144,137,7,0,0,137,30,4.6377,0.0021,0,0
561,37278,11.96,140,true,4,144,138,6,0,0,138,47,3.2552,0.0018,0,0
562,37280,2.066,140,false,4,144,138,6,0,0,138,47,3.2552,0.0018,0,0
563,37294,13.714,140,false,4,145,138,7,0,0,138,47,3.2552,0.0018,0,0
564,37296,2.244,140,false,4,145,138,7,0,0,138,26,3.2552,0.0018,0,0
565,37310,13.881,140,false,4,145,138,7,0,0,139,16,4.7148,0.0025,0,0
566,37322,12.248,141,true,4,145,139,6,0,0,139,23,4.7148,0.0025,0,0
567,37324,2.099,141,false,4,145,139,6,0,0,139,23,4.7148,0.0025,0,0
568,37341,16.834,141,false,4,145,139,6,0,0,140,23,3.3741,0.0026,0,0
569,37353,11.963,142,true,4,146,140,6,0,0,140,23,3.3741,0.0026,0,0
570,37355,2.431,142,false,4,147,140,7,0,0,140,23,3.3741,0.0026,0,0
571,37372,16.486,142,false,4,147,140,7,0,0,141,29,3.3741,0.0026,0,0
572,37384,12.518,143,true,4,147,141,6,0,0,141,26,3.706,0.002,0,0
573,37386,1.975,143,false,4,147,141,6,0,0,141,26,3.706,0.002,0,0
574,37403,16.529,143,false,4,148,141,7,0,0,141,26,3.706,0.002,0,0
575,37416,12.876,144,true,4,148,142,6,0,0,142,30,3.799,0.0023,0,0
576,37418,1.842,144,false,4,148,142,6,0,0,142,30,3.799,0.0023,0,0
577,37422,5.053,144,false,4,149,142,7,0,0,142,30,3.799,0.0023,0,0
578,37433,10.186,144,false,4,149,142,7,0,0,142,23,3.799,0.0023,0,0
579,37436,3.611,144,false,4,149,142,7,0,0,142,22,3.799,0.0023,0,0
580,37449,12.167,144,false,4,149,142,7,0,0,143,22,4.9624,0.0019,0,0
581,37462,13.1,145,true,4,149,143,6,0,0,143,25,4.9624,0.0019,0,0
582,37464,1.859,145,false,4,149,143,6,0,0,143,25,4.9624,0.0019,0,0
583,37480,16.008,145,false,4,150,143,7,0,0,144,25,3.7279,0.0028,0,0
584,37492,12.189,146,true,4,150,144,6,0,0,144,31,3.7279,0.0028,0,0
585,37493,1.916,146,false,4,150,144,6,0,0,144,31,3.7279,0.0028,0,0
586,37511,17.013,146,false,4,151,144,7,0,0,144,31,3.7279,0.0028,0,0
587,37523,12.126,147,true,4,151,145,6,0,0,145,31,3.5652,0.002,0,0
588,37524,1.79,147,false,4,151,145,6,0,0,145,31,3.5652,0.002,0,0
589,37542,17.002,147,false,4,152,145,7,0,0,145,31,3.5652,0.002,0,0
590,37544,2.843,147,false,4,152,145,7,0,0,145,32,3.5652,0.002,0,0
591,37556,11.468,148,true,4,152,146,6,0,0,146,18,3.8247,0.0026,0,0
592,37558,2.461,148,false,4,152,146,6,0,0,146,18,3.8247,0.0026,0,0
593,37572,13.358,148,false,4,152,146,6,0,0,146,18,3.8247,0.0026,0,0
594,37574,2.876,148,false,4,153,146,7,0,0,146,18,3.8247,0.0026,0,0
595,37587,12.629,148,false,4,153,146,7,0,0,147,25,4.6302,0.0022,0,0
596,37599,12.39,149,true,4,153,147,6,0,0,147,22,4.6302,0.0022,0,0
597,37602,2.216,149,false,4,153,147,6,0,0,147,22,4.6302,0.0022,0,0
598,37618,16.148,149,false,4,154,147,7,0,0,148,22,4.6302,0.0022,0,0
599,37630,12.606,150,true,4,154,148,6,0,0,148,27,3.6698,0.0021,0,0
600,37632,1.793,150,false,4,154,148,6,0,0,148,27,3.6698,0.0021,0,0
601,37649,16.016,150,false,4,155,148,7,0,0,148,27,3.6698,0.0021,0,0
602,37652,3.199,150,false,4,155,148,7,0,0,148,29,3.6698,0.0021,0,0
603,37664,13.061,151,true,4,155,149,6,0,0,149,27,5.1931,0.0036,0,0
604,37666,1.851,151,false,4,155,149,6,0,0,149,27,5.1931,0.0036,0,0
605,37679,12.308,151,false,4,155,149,6,0,0,149,27,5.1931,0.0036,0,0
606,37681,2.761,151,false,4,156,149,7,0,0,149,27,5.1931,0.0036,0,0
607,37685,4.088,151,false,4,156,149,7,0,0,149,24,5.1931,0.0036,0,0
608,37694,8.344,151,false,4,156,149,7,0,0,150,17,5.1931,0.0036,0,0
609,37706,11.845,152,true,4,156,150,6,0,0,150,46,4.3226,0.0025,0,0
610,37707,1.676,152,false,4,156,150,6,0,0,150,46,4.3226,0.0025,0,0
611,37725,17.604,152,false,4,157,150,7,0,0,150,46,4.3226,0.0025,0,0
612,37738,12.872,153,true,4,157,151,6,0,0,151,29,3.3138,0.0021,0,0
613,37740,1.8,153,false,4,157,151,6,0,0,151,29,3.3138,0.0021,0,0
614,37756,16.157,153,false,4,157,151,6,0,0,151,29,3.3138,0.0021,0,0
615,37777,21.387,154,true,4,158,152,6,0,0,152,29,3.3824,0.0017,0,0
616,37780,2.602,154,false,4,159,152,7,0,0,152,29,3.3824,0.0017,0,0
617,37787,6.948,154,false,4,159,152,7,0,0,152,25,3.3824,0.0017,0,0
618,37791,4.202,154,false,4,159,152,7,0,0,152,26,3.3824,0.0017,0,0
619,37802,10.716,154,false,4,159,152,7,0,0,153,19,4.0291,0.002,0,0
620,37814,12.178,155,true,4,159,153,6,0,0,153,21,4.0291,0.002,0,0
621,37817,3.081,155,false,4,160,153,7,0,0,153,21,4.0291,0.002,0,0
622,37821,3.809,155,false,4,160,153,7,0,0,153,25,4.0291,0.002,0,0
623,37833,11.604,155,false,4,160,153,7,0,0,154,17,4.0291,0.002,0,0
624,37845,12.429,156,true,3,160,154,6,0,0,154,30,3.9896,0.0025,0,0
625,37847,1.966,156,false,3,160,154,6,0,0,154,30,3.9896,0.0025,0,0
626,37852,4.937,156,false,3,161,154,7,0,0,154,30,3.9896,0.0025,0,0
627,37863,11.49,156,false,3,161,154,7,0,0,155,36,3.9896,0.0025,0,0
628,37875,11.765,157,true,4,161,155,6,0,0,155,22,6.3535,0.0024,0,0
629,37877,1.723,157,false,4,161,155,6,0,0,155,22,6.3535,0.0024,0,0
630,37894,17.558,157,false,4,161,155,6,0,0,155,22,6.3535,0.0024,0,0
631,37897,2.812,157,false,4,162,155,7,0,0,155,22,6.3535,0.0024,0,0
632,37910,12.673,157,false,4,162,155,7,0,0,156,24,3.6148,0.002,0,0
633,37926,16.015,158,true,6,162,156,6,0,0,156,27,3.6148,0.002,0,0
634,37928,2.74,158,false,6,162,156,6,0,0,156,27,3.6148,0.002,0,0
635,37933,4.111,158,false,6,163,156,7,0,0,156,27,3.6148,0.002,0,0
636,37940,7.883,158,false,6,163,156,7,0,0,157,27,4.4022,0.0032,0,0
637,37952,11.983,159,true,4,163,157,6,0,0,157,24,4.4022,0.0032,0,0
638,37954,2.098,159,false,4,163,157,6,0,0,157,24,4.4022,0.0032,0,0
639,37971,16.035,159,false,4,163,157,6,0,0,158,24,4.4022,0.0032,0,0
640,37983,12.567,160,true,4,164,158,6,0,0,158,24,4.7068,0.0031,0,0
641,37985,1.795,160,false,4,164,158,6,0,0,158,24,4.7068,0.0031,0,0
642,38002,16.877,160,false,4,165,158,7,0,0,158,24,4.7068,0.0031,0,0
643,38004,2.443,160,false,4,165,158,7,0,0,158,30,4.7068,0.0031,0,0
644,38017,12.916,160,false,4,165,158,7,0,0,159,16,3.4207,0.0024,0,0
645,38030,12.858,161,true,4,165,159,6,0,0,159,20,3.4207,0.0024,0,0
646,38032,1.766,161,false,4,165,159,6,0,0,159,20,3.4207,0.0024,0,0
647,38050,17.948,161,false,4,166,159,7,0,0,160,20,3.4239,0.0018,0,0
648,38061,11.585,162,true,3,166,160,6,0,0,160,28,3.4239,0.0018,0,0
649,38063,1.658,162,false,3,166,160,6,0,0,160,28,3.4239,0.0018,0,0
650,38081,17.611,162,false,3,167,160,7,0,0,161,28,4.4609,0.0021,0,0
651,38092,11.627,163,true,4,167,161,6,0,0,161,22,4.4609,0.0021,0,0
652,38094,1.712,163,false,4,167,161,6,0,0,161,22,4.4609,0.0021,0,0
653,38111,16.96,163,false,4,168,161,7,0,0,162,22,4.4609,0.0021,0,0
654,38125,13.775,164,true,4,168,162,6,0,0,162,28,3.8093,0.0018,0,0
655,38127,2.418,164,false,4,168,162,6,0,0,162,28,3.8093,0.0018,0,0
656,38132,4.481,164,false,4,169,162,7,0,0,162,28,3.8093,0.0018,0,0
657,38142,10.727,164,false,4,169,162,7,0,0,162,24,3.8093,0.0018,0,0
658,38145,3.069,164,false,4,169,162,7,0,0,163,22,3.8093,0.0018,0,0
659,38157,11.476,165,true,3,169,163,6,0,0,163,19,5.9026,0.0031,0,0
660,38159,2.34,165,false,3,169,163,6,0,0,163,19,5.9026,0.0031,0,0
661,38174,14.331,165,false,3,170,163,7,0,0,163,19,5.9026,0.0031,0,0
662,38176,2.54,165,false,3,170,163,7,0,0,163,28,5.9026,0.0031,0,0
663,38189,12.715,165,false,3,170,163,7,0,0,164,17,3.6061,0.0027,0,0
664,38201,12.096,166,true,3,170,164,6,0,0,164,25,3.6061,0.0027,0,0
665,38202,1.702,166,false,3,170,164,6,0,0,164,25,3.6061,0.0027,0,0
666,38220,17.072,166,false,3,171,164,7,0,0,165,25,3.2765,0.0022,0,0
667,38233,13.129,167,true,4,171,165,6,0,0,165,27,3.2765,0.0022,0,0
668,38235,1.752,167,false,4,171,165,6,0,0,165,27,3.2765,0.0022,0,0
669,38240,5.155,167,false,4,172,165,7,0,0,165,27,3.2765,0.0022,0,0
670,38251,11.219,167,false,4,172,165,7,0,0,166,26,3.2765,0.0022,0,0
671,38264,13.288,168,true,4,172,166,6,0,0,166,52,5.0685,0.0026,0,0
672,38266,1.667,168,false,4,172,166,6,0,0,166,52,5.0685,0.0026,0,0
673,38282,16.27,168,false,4,172,166,6,0,0,166,52,5.0685,0.0026,0,0
674,38286,3.691,168,false,4,173,166,7,0,0,166,52,5.0685,0.0026,0,0
675,38298,12.541,169,true,3,173,167,6,0,0,167,24,4.9909,0.0023,0,0
676,38301,2.95,169,false,3,173,167,6,0,0,167,24,4.9909,0.0023,0,0
677,38305,3.842,169,false,3,174,167,7,0,0,167,24,4.9909,0.0023,0,0
678,38314,8.231,169,false,3,174,167,7,0,0,167,24,4.9909,0.0023,0,0
679,38330,16.269,169,false,3,174,167,7,0,0,168,25,3.338,0.002,0,0
680,38341,11.624,170,true,3,174,168,6,0,0,168,24,3.338,0.002,0,0
681,38343,2.041,170,false,3,174,168,6,0,0,168,24,3.338,0.002,0,0
682,38348,4.858,170,false,3,175,168,7,0,0,168,24,3.338,0.002,0,0
683,38359,11.094,170,false,3,175,168,7,0,0,169,28,3.338,0.002,0,0
684,38371,11.801,171,true,4,175,169,6,0,0,169,26,3.7129,0.0019,0,0
685,38373,1.872,171,false,4,175,169,6,0,0,169,26,3.7129,0.0019,0,0
686,38391,17.41,171,false,4,175,169,6,0,0,169,26,3.7129,0.0019,0,0
687,38403,12.707,172,true,4,176,170,6,0,0,170,26,3.2524,0.0021,0,0
688,38405,1.853,172,false,4,176,170,6,0,0,170,26,3.2524,0.0021,0,0
689,38421,15.892,172,false,4,177,170,7,0,0,170,26,3.2524,0.0021,0,0
690,38423,2.494,172,false,4,177,170,7,0,0,170,26,3.2524,0.0021,0,0
691,38437,13.575,172,false,4,177,170,7,0,0,171,20,4.5137,0.0014,0,0
692,38449,12.231,173,true,4,177,171,6,0,0,171,25,4.5137,0.0014,0,0
693,38451,1.693,173,false,4,177,171,6,0,0,171,25,4.5137,0.0014,0,0
694,38469,17.88,173,false,4,178,171,7,0,0,172,25,3.7594,0.004,0,0
695,38481,12.764,174,true,3,178,172,6,0,0,172,23,3.7594,0.004,0,0
696,38483,1.865,174,false,3,178,172,6,0,0,172,23,3.7594,0.004,0,0
697,38488,5.031,174,false,3,179,172,7,0,0,172,23,3.7594,0.004,0,0
698,38500,11.32,174,false,3,179,172,7,0,0,173,26,3.7594,0.004,0,0
699,38513,13.768,175,true,4,179,173,6,0,0,173,29,5.067,0.0026,0,0
700,38516,2.201,175,false,4,179,173,6,0,0,173,29,5.067,0.0026,0,0
701,38531,14.93,175,false,4,179,173,6,0,0,173,29,5.067,0.0026,0,0
702,38551,20.147,176,true,4,180,174,6,0,0,174,29,3.5782,0.0027,0,0
703,38553,2.836,176,false,4,181,174,7,0,0,174,29,3.5782,0.0027,0,0
704,38561,7.109,176,false,4,181,174,7,0,0,174,23,3.5782,0.0027,0,0
705,38564,3.805,176,false,4,181,174,7,0,0,174,27,3.5782,0.0027,0,0
706,38577,12.205,176,false,4,181,174,7,0,0,175,17,3.5782,0.0027,0,0
707,38591,14.251,177,true,4,181,175,6,0,0,175,27,3.6734,0.0025,0,0
708,38593,2.352,177,false,4,181,175,6,0,0,175,27,3.6734,0.0025,0,0
709,38608,14.377,177,false,4,182,175,7,0,0,175,27,3.6734,0.0025,0,0
710,38610,2.307,177,false,4,182,175,7,0,0,175,26,3.6734,0.0025,0,0
711,38621,11.27,178,true,3,182,176,6,0,0,176,19,3.5606,0.0018,0,0
712,38623,2.013,178,false,3,182,176,6,0,0,176,19,3.5606,0.0018,0,0
713,38632,8.931,178,false,3,183,176,7,0,0,176,19,3.5606,0.0018,0,0
714,38635,3.024,178,false,3,183,176,7,0,0,176,24,3.5606,0.0018,0,0
715,38654,18.551,178,false,3,183,176,7,0,0,177,16,2.7893,0.0016,0,0
716,38666,12.632,179,true,4,183,177,6,0,0,177,29,2.7893,0.0016,0,0
717,38668,1.906,179,false,4,183,177,6,0,0,177,29,2.7893,0.0016,0,0
718,38685,17.059,179,false,4,183,177,6,0,0,178,29,3.4572,0.0019,0,0
719,38697,12.078,180,true,3,184,178,6,0,0,178,29,3.4572,0.0019,0,0
720,38700,2.302,180,false,3,185,178,7,0,0,178,29,3.4572,0.0019,0,0
721,38705,4.644,180,false,3,185,178,7,0,0,178,28,3.4572,0.0019,0,0
722,38716,11.512,180,false,3,185,178,7,0,0,179,26,3.4572,0.0019,0,0
723,38728,12.403,181,true,4,185,179,6,0,0,179,33,6.8941,0.0028,0,0
724,38730,1.9,181,false,4,185,179,6,0,0,179,33,6.8941,0.0028,0,0
725,38747,16.724,181,false,4,185,179,6,0,0,179,33,6.8941,0.0028,0,0
726,38750,3.231,181,false,4,186,179,7,0,0,179,33,6.8941,0.0028,0,0
727,38754,3.633,181,false,4,186,179,7,0,0,180,26,6.8941,0.0028,0,0
728,38767,12.92,182,true,4,186,180,6,0,0,180,17,3.3817,0.0016,0,0
729,38769,2.012,182,false,4,186,180,6,0,0,180,17,3.3817,0.0016,0,0
730,38778,9.15,182,false,4,187,180,7,0,0,180,17,3.3817,0.0016,0,0
731,38782,3.521,182,false,4,187,180,7,0,0,180,26,3.3817,0.0016,0,0
732,38793,11.122,182,false,4,187,180,7,0,0,181,22,3.9684,0.0022,0,0
733,38805,12.651,183,true,4,187,181,6,0,0,181,25,3.9684,0.0022,0,0
734,38807,2.133,183,false,4,187,181,6,0,0,181,25,3.9684,0.0022,0,0
735,38824,16.992,183,false,4,187,181,6,0,0,182,25,3.9684,0.0022,0,0
736,38836,12.134,184,true,3,188,182,6,0,0,182,25,3.3791,0.0022,0,0
737,38838,2.046,184,false,3,188,182,6,0,0,182,25,3.3791,0.0022,0,0
738,38855,16.581,184,false,3,189,182,7,0,0,182,25,3.3791,0.0022,0,0
739,38868,13.401,185,true,4,189,183,6,0,0,183,48,3.4002,0.002,0,0
740,38870,1.821,185,false,4,189,183,6,0,0,183,48,3.4002,0.002,0,0
741,38887,16.495,185,false,4,190,183,7,0,0,183,48,3.4002,0.002,0,0
742,38889,2.272,185,false,4,190,183,7,0,0,183,25,3.4002,0.002,0,0
743,38903,13.777,185,false,4,190,183,7,0,0,184,17,3.8855,0.0026,0,0
744,38915,12.513,186,true,4,190,184,6,0,0,184,24,3.8855,0.0026,0,0
745,38917,1.723,186,false,4,190,184,6,0,0,184,24,3.8855,0.0026,0,0
746,38935,17.456,186,false,4,191,184,7,0,0,185,24,4.945,0.003,0,0
747,38948,13.412,187,true,4,191,185,6,0,0,185,28,4.945,0.003,0,0
748,38950,1.782,187,false,4,191,185,6,0,0,185,28,4.945,0.003,0,0
749,38966,16.243,187,false,4,192,185,7,0,0,186,28,4.945,0.003,0,0
750,38979,12.725,188,true,4,192,186,6,0,0,186,29,4.2006,0.0019,0,0
751,38980,1.715,188,false,4,192,186,6,0,0,186,29,4.2006,0.0019,0,0
752,38998,16.803,188,false,4,193,186,7,0,0,186,29,4.2006,0.0019,0,0
753,39011,13.593,189,true,5,193,187,6,0,0,187,32,4.9529,0.0024,0,0
754,39013,1.872,189,false,5,193,187,6,0,0,187,32,4.9529,0.0024,0,0
755,39028,15.372,189,false,5,194,187,7,0,0,187,32,4.9529,0.0024,0,0
756,39030,2.35,189,false,5,194,187,7,0,0,187,26,4.9529,0.0024,0,0
757,39044,13,189,false,5,194,187,7,0,0,188,17,3.3591,0.0016,0,0
758,39056,12.75,190,true,4,194,188,6,0,0,188,24,3.3591,0.0016,0,0
759,39058,1.733,190,false,4,194,188,6,0,0,188,24,3.3591,0.0016,0,0
760,39075,16.883,190,false,4,195,188,7,0,0,189,24,3.4893,0.0021,0,0
761,39087,11.94,191,true,4,195,189,6,0,0,189,24,3.4893,0.0021,0,0
762,39089,2.521,191,false,4,196,189,7,0,0,189,24,3.4893,0.0021,0,0
763,39094,4.376,191,false,4,196,189,7,0,0,189,39,3.4893,0.0021,0,0
764,39105,11.057,191,false,4,196,189,7,0,0,190,23,3.2472,0.1704,0,0
765,39116,11.947,192,true,4,196,190,6,0,0,190,23,3.2472,0.1704,0,0
766,39118,1.727,192,false,4,196,190,6,0,0,190,23,3.2472,0.1704,0,0
767,39137,18.598,192,false,4,196,190,6,0,0,191,23,3.2472,0.1704,0,0
768,39150,13.002,193,true,3,197,191,6,0,0,191,23,5.2447,0.0026,0,0
769,39152,1.733,193,false,3,197,191,6,0,0,191,23,5.2447,0.0026,0,0
770,39169,17.123,193,false,3,198,191,7,0,0,191,23,5.2447,0.0026,0,0
771,39180,11.653,194,true,4,198,192,6,0,0,192,42,3.2698,0.0018,0,0
772,39182,1.83,194,false,4,198,192,6,0,0,192,42,3.2698,0.0018,0,0
773,39199,17.021,194,false,4,199,192,7,0,0,192,42,3.2698,0.0018,0,0
774,39201,2.292,194,false,4,199,192,7,0,0,192,26,3.2698,0.0018,0,0
775,39215,13.242,194,false,4,199,192,7,0,0,193,15,3.2832,0.0021,0,0
776,39226,11.703,195,true,3,199,193,6,0,0,193,24,3.2832,0.0021,0,0
777,39228,1.73,195,false,3,199,193,6,0,0,193,24,3.2832,0.0021,0,0
778,39246,17.535,195,false,3,200,193,7,0,0,194,24,3.4309,0.0019,0,0
779,39258,11.972,196,true,3,200,194,6,0,0,194,25,3.4309,0.0019,0,0
780,39260,1.879,196,false,3,200,194,6,0,0,194,25,3.4309,0.0019,0,0
781,39277,17.083,196,false,3,201,194,7,0,0,195,25,3.4309,0.0019,0,0
782,39289,12.076,197,true,3,201,195,6,0,0,195,30,5.2864,0.0022,0,0
783,39290,1.743,197,false,3,201,195,6,0,0,195,30,5.2864,0.0022,0,0
784,39308,17.184,197,false,3,202,195,7,0,0,196,30,5.2864,0.0022,0,0
785,39320,12.551,198,true,3,202,196,6,0,0,196,27,3.9028,0.0022,0,0
786,39323,2.307,198,false,3,202,196,6,0,0,196,27,3.9028,0.0022,0,0
787,39327,4.581,198,false,3,203,196,7,0,0,196,27,3.9028,0.0022,0,0
788,39338,11,198,false,3,203,196,7,0,0,196,109,3.9028,0.0022,0,0
789,39341,2.77,198,false,3,203,196,7,0,0,196,30,3.9028,0.0022,0,0
790,39354,12.87,198,false,3,203,196,7,0,0,197,18,4.5717,0.0019,0,0
791,39366,12.452,199,true,4,203,197,6,0,0,197,28,4.5717,0.0019,0,0
792,39368,2.076,199,false,4,203,197,6,0,0,197,28,4.5717,0.0019,0,0
793,39385,16.712,199,false,4,204,197,7,0,0,198,28,4.5717,0.0019,0,0
794,39404,18.913,200,true,8,204,198,6,0,0,198,26,4.2943,0.003,0,0
795,39407,3.046,200,false,8,204,198,6,0,0,198,26,4.2943,0.003,0,0
796,39416,8.568,200,false,8,204,198,6,0,0,198,26,4.2943,0.003,0,0
797,39418,3.007,200,false,8,205,198,7,0,0,198,26,4.2943,0.003,0,0
798,39432,13.319,201,true,4,205,199,6,0,0,199,28,3.517,0.0022,0,0
799,39434,2.6,201,false,4,205,199,6,0,0,199,28,3.517,0.0022,0,0
800,39439,4.267,201,false,4,206,199,7,0,0,199,28,3.517,0.0022,0,0
801,39447,7.718,201,false,4,206,199,7,0,0,199,23,3.517,0.0022,0,0
802,39462,15.612,201,false,4,206,199,7,0,0,200,23,3.3206,0.0019,0,0
803,39475,12.548,202,true,4,206,200,6,0,0,200,24,3.3206,0.0019,0,0
804,39476,1.945,202,false,4,206,200,6,0,0,200,24,3.3206,0.0019,0,0
805,39494,16.968,202,false,4,207,200,7,0,0,201,24,3.3206,0.0019,0,0
806,39506,12.3,203,true,3,207,201,6,0,0,201,28,3.5431,0.0021,0,0
807,39508,1.899,203,false,3,207,201,6,0,0,201,28,3.5431,0.0021,0,0
808,39525,16.76,203,false,3,208,201,7,0,0,202,28,3.5431,0.0021,0,0
809,39537,12.318,204,true,4,208,202,6,0,0,202,29,3.7146,0.0028,0,0
810,39539,1.795,204,false,4,208,202,6,0,0,202,29,3.7146,0.0028,0,0
811,39556,17.215,204,false,4,209,202,7,0,0,203,29,3.7146,0.0028,0,0
812,39568,12.381,205,true,4,209,203,6,0,0,203,27,6.4292,0.002,0,0
813,39570,1.962,205,false,4,209,203,6,0,0,203,27,6.4292,0.002,0,0
814,39586,16.157,205,false,4,209,203,6,0,0,203,27,6.4292,0.002,0,0
815,39589,2.746,205,false,4,210,203,7,0,0,203,27,6.4292,0.002,0,0
816,39593,4.044,205,false,4,210,203,7,0,0,204,27,6.4292,0.002,0,0
817,39605,12.128,206,true,3,210,204,6,0,0,204,32,3.5007,0.0019,0,0
818,39607,1.914,206,false,3,210,204,6,0,0,204,32,3.5007,0.0019,0,0
819,39617,10.065,206,false,3,211,204,7,0,0,204,32,3.5007,0.0019,0,0
820,39621,3.463,206,false,3,211,204,7,0,0,204,29,3.5007,0.0019,0,0
821,39633,12.287,206,false,3,211,204,7,0,0,205,20,3.5044,0.0019,0,0
822,39646,12.944,207,true,4,211,205,6,0,0,205,22,3.5044,0.0019,0,0
823,39648,2.095,207,false,4,211,205,6,0,0,205,22,3.5044,0.0019,0,0
824,39664,15.525,207,false,4,212,205,7,0,0,206,22,3.3665,0.0015,0,0
825,39677,13.05,208,true,4,212,206,6,0,0,206,24,3.3665,0.0015,0,0
826,39679,2.101,208,false,4,212,206,6,0,0,206,24,3.3665,0.0015,0,0
827,39694,15.444,208,false,4,213,206,7,0,0,207,24,3.3665,0.0015,0,0
828,39708,13.76,209,true,4,213,207,6,0,0,207,30,3.5658,0.0029,0,0
829,39710,2.099,209,false,4,213,207,6,0,0,207,30,3.5658,0.0029,0,0
830,39725,14.522,209,false,4,214,207,7,0,0,207,30,3.5658,0.0029,0,0
831,39737,12.78,210,true,3,214,208,6,0,0,208,35,3.297,0.0019,0,0
832,39739,1.657,210,false,3,214,208,6,0,0,208,35,3.297,0.0019,0,0
833,39756,17.184,210,false,3,215,208,7,0,0,208,35,3.297,0.0019,0,0
834,39759,2.655,210,false,3,215,208,7,0,0,208,28,3.297,0.0019,0,0
835,39772,13.004,210,false,3,215,208,7,0,0,209,17,4.6682,0.0028,0,0
836,39785,13.604,211,true,4,215,209,6,0,0,209,24,4.6682,0.0028,0,0
837,39787,1.786,211,false,4,215,209,6,0,0,209,24,4.6682,0.0028,0,0
838,39803,15.518,211,false,4,216,209,7,0,0,210,24,3.4533,0.0022,0,0
839,39815,12.05,212,true,4,216,210,6,0,0,210,23,3.4533,0.0022,0,0
840,39817,2.108,212,false,4,216,210,6,0,0,210,23,3.4533,0.0022,0,0
841,39834,16.726,212,false,4,217,210,7,0,0,211,23,3.4533,0.0022,0,0
842,39846,12.222,213,true,4,217,211,6,0,0,211,31,4.8744,0.002,0,0
843,39848,2.116,213,false,4,217,211,6,0,0,211,31,4.8744,0.002,0,0
844,39853,4.741,213,false,4,218,211,7,0,0,211,31,4.8744,0.002,0,0
845,39864,11.383,213,false,4,218,211,7,0,0,211,25,4.8744,0.002,0,0
846,39866,2.398,213,false,4,218,211,7,0,0,212,19,4.8744,0.002,0,0
847,39878,10.966,214,true,4,218,212,6,0,0,212,16,3.2092,0.0018,0,0
848,39880,2.844,214,false,4,218,212,6,0,0,212,16,3.2092,0.0018,0,0
849,39895,14.656,214,false,4,218,212,6,0,0,212,16,3.2092,0.0018,0,0
850,39898,2.941,214,false,4,219,212,7,0,0,212,16,3.2092,0.0018,0,0
851,39902,3.948,214,false,4,219,212,7,0,0,213,24,3.2092,0.0018,0,0
852,39914,11.805,215,true,4,219,213,6,0,0,213,20,3.7159,0.0024,0,0
853,39915,1.981,215,false,4,219,213,6,0,0,213,20,3.7159,0.0024,0,0
854,39926,10.064,215,false,4,219,213,6,0,0,213,20,3.7159,0.0024,0,0
855,39929,3.742,215,false,4,220,213,7,0,0,213,20,3.7159,0.0024,0,0
856,39941,11.742,215,false,4,220,213,7,0,0,214,26,3.4176,0.0019,0,0
857,39954,12.824,216,true,4,220,214,6,0,0,214,25,3.4176,0.0019,0,0
858,39956,1.935,216,false,4,220,214,6,0,0,214,25,3.4176,0.0019,0,0
859,39972,16.055,216,false,4,221,214,7,0,0,215,25,3.4176,0.0019,0,0
860,39986,14.007,217,true,4,221,215,6,0,0,215,31,5.3103,0.0022,0,0
861,39988,2.163,217,false,4,221,215,6,0,0,215,31,5.3103,0.0022,0,0
862,39993,4.739,217,false,4,222,215,7,0,0,215,31,5.3103,0.0022,0,0
863,40003,9.914,217,false,4,222,215,7,0,0,216,28,5.3103,0.0022,0,0
864,40016,12.996,218,true,4,222,216,6,0,0,216,28,3.7232,0.0028,0,0
865,40018,1.89,218,false,4,222,216,6,0,0,216,28,3.7232,0.0028,0,0
866,40035,16.67,218,false,4,222,216,6,0,0,216,28,3.7232,0.0028,0,0
867,40048,14.046,219,true,4,223,217,6,0,0,217,28,3.5738,0.0028,0,0
868,40050,2.046,219,false,4,223,217,6,0,0,217,28,3.5738,0.0028,0,0
869,40066,15.02,219,false,4,224,217,7,0,0,217,28,3.5738,0.0028,0,0
870,40068,2.57,219,false,4,224,217,7,0,0,217,30,3.5738,0.0028,0,0
871,40081,12.906,219,false,4,224,217,7,0,0,218,19,3.5936,0.0021,0,0
872,40094,12.809,220,true,4,224,218,6,0,0,218,26,3.5936,0.0021,0,0
873,40096,1.918,220,false,4,224,218,6,0,0,218,26,3.5936,0.0021,0,0
874,40111,15.711,220,false,4,225,218,7,0,0,219,26,4.5122,0.0018,0,0
875,40123,11.964,221,true,3,225,219,6,0,0,219,25,4.5122,0.0018,0,0
876,40125,1.909,221,false,3,225,219,6,0,0,219,25,4.5122,0.0018,0,0
877,40143,17.513,221,false,3,226,219,7,0,0,220,25,4.5122,0.0018,0,0
878,40165,21.978,222,true,10,226,220,6,0,0,220,31,3.9472,0.0028,0,0
879,40168,2.929,222,false,10,227,220,7,0,0,220,31,3.9472,0.0028,0,0
880,40174,6.384,222,false,10,227,220,7,0,0,220,26,3.9472,0.0028,0,0
881,40187,13.146,223,true,4,227,221,6,0,0,221,28,5.0548,0.003,0,0
882,40190,2.85,223,false,4,228,221,7,0,0,221,28,5.0548,0.003,0,0
883,40194,4.051,223,false,4,228,221,7,0,0,221,25,5.0548,0.003,0,0
884,40205,10.686,223,false,4,228,221,7,0,0,221,23,5.0548,0.003,0,0
885,40208,3.07,223,false,4,228,221,7,0,0,221,29,5.0548,0.003,0,0
886,40220,12.107,223,false,4,228,221,7,0,0,222,19,3.3084,0.0022,0,0
887,40240,19.421,224,true,5,228,222,6,0,0,222,27,3.3084,0.0022,0,0
888,40243,3.587,224,false,5,228,222,6,0,0,222,27,3.3084,0.0022,0,0
889,40247,3.408,224,false,5,228,222,6,0,0,222,27,3.3084,0.0022,0,0
890,40254,6.89,224,false,5,229,222,7,0,0,222,27,3.3084,0.0022,0,0
891,40275,21.668,225,true,5,229,223,6,0,0,223,48,4.3401,0.0023,0,0
892,40278,2.881,225,false,5,229,223,6,0,0,223,48,4.3401,0.0023,0,0
893,40282,3.972,225,false,5,230,223,7,0,0,223,48,4.3401,0.0023,0,0
894,40298,15.789,225,false,5,230,223,7,0,0,224,35,4.3401,0.0023,0,0
895,40311,13.243,226,true,4,230,224,6,0,0,224,30,3.8971,0.0035,0,0
896,40313,2.044,226,false,4,230,224,6,0,0,224,30,3.8971,0.0035,0,0
897,40329,16.127,226,false,4,231,224,7,0,0,224,30,3.8971,0.0035,0,0
898,40332,2.846,226,false,4,231,224,7,0,0,224,31,3.8971,0.0035,0,0
899,40344,12.392,226,false,4,231,224,7,0,0,225,19,3.5271,0.0021,0,0
900,40358,13.713,227,true,4,231,225,6,0,0,225,30,3.5271,0.0021,0,0
901,40360,2.01,227,false,4,231,225,6,0,0,225,30,3.5271,0.0021,0,0
902,40376,16.398,227,false,4,232,225,7,0,0,226,30,3.3402,0.002,0,0
903,40388,12.146,228,true,4,232,226,6,0,0,226,24,3.3402,0.002,0,0
904,40390,1.835,228,false,4,232,226,6,0,0,226,24,3.3402,0.002,0,0
905,40408,17.372,228,false,4,233,226,7,0,0,227,24,3.3402,0.002,0,0
906,40419,11.896,229,true,3,233,227,6,0,0,227,27,6.8686,0.0028,0,0
907,40421,1.961,229,false,3,233,227,6,0,0,227,27,6.8686,0.0028,0,0
908,40439,17.628,229,false,3,234,227,7,0,0,228,27,6.8686,0.0028,0,0
909,40452,12.807,230,true,4,234,228,6,0,0,228,33,3.8521,0.0027,0,0
910,40454,2.087,230,false,4,234,228,6,0,0,228,33,3.8521,0.0027,0,0
911,40470,15.989,230,false,4,234,228,6,0,0,228,33,3.8521,0.0027,0,0
912,40473,3.433,230,false,4,235,228,7,0,0,228,33,3.8521,0.0027,0,0
913,40477,3.404,230,false,4,235,228,7,0,0,229,26,3.8521,0.0027,0,0
914,40489,12.089,231,true,4,235,229,6,0,0,229,19,3.6844,0.0025,0,0
915,40491,2.154,231,false,4,235,229,6,0,0,229,19,3.6844,0.0025,0,0
916,40502,10.578,231,false,4,236,229,7,0,0,229,19,3.6844,0.0025,0,0
917,40506,3.937,231,false,4,236,229,7,0,0,229,45,3.6844,0.0025,0,0
918,40512,5.807,231,false,4,236,229,7,0,0,229,37,3.6844,0.0025,0,0
919,40532,20.876,231,false,4,236,229,7,0,0,230,33,3.7451,0.0021,0,0
920,40544,12.115,232,true,4,236,230,6,0,0,230,26,3.7451,0.0021,0,0
921,40546,1.774,232,false,4,236,230,6,0,0,230,26,3.7451,0.0021,0,0
922,40563,16.372,232,false,4,237,230,7,0,0,231,26,3.3435,0.002,0,0
923,40575,12.934,233,true,4,237,231,6,0,0,231,24,3.3435,0.002,0,0
924,40577,1.764,233,false,4,237,231,6,0,0,231,24,3.3435,0.002,0,0
925,40595,16.335,233,false,4,238,231,7,0,0,232,24,3.9108,0.0032,0,0
926,40612,18.878,234,true,5,238,232,6,0,0,232,52,3.9108,0.0032,0,0
927,40615,2.862,234,false,5,239,232,7,0,0,232,52,3.9108,0.0032,0,0
928,40625,9.495,234,false,5,239,232,7,0,0,232,28,3.9108,0.0032,0,0
929,40638,12.945,235,true,4,239,233,6,0,0,233,31,4.7378,0.0078,0,0
930,40640,1.907,235,false,4,239,233,6,0,0,233,31,4.7378,0.0078,0,0
931,40657,16.683,235,false,4,240,233,7,0,0,233,31,4.7378,0.0078,0,0
932,40659,2.615,235,false,4,240,233,7,0,0,233,30,4.7378,0.0078,0,0
933,40671,11.592,236,true,4,240,234,6,0,0,234,17,3.401,0.0017,0,0
934,40673,2.022,236,false,4,240,234,6,0,0,234,17,3.401,0.0017,0,0
935,40688,14.853,236,false,4,241,234,7,0,0,234,17,3.401,0.0017,0,0
936,40690,2.326,236,false,4,241,234,7,0,0,234,31,3.401,0.0017,0,0
937,40703,12.879,236,false,4,241,234,7,0,0,235,16,4.5379,0.0025,0,0
938,40715,12.208,237,true,4,241,235,6,0,0,235,24,4.5379,0.0025,0,0
939,40716,1.741,237,false,4,241,235,6,0,0,235,24,4.5379,0.0025,0,0
940,40735,17.945,237,false,4,241,235,6,0,0,236,24,3.273,0.0024,0,0
941,40748,13.011,238,true,4,242,236,6,0,0,236,24,3.273,0.0024,0,0
942,40750,2.507,238,false,4,242,236,6,0,0,236,24,3.273,0.0024,0,0
943,40754,4.39,238,false,4,243,236,7,0,0,236,24,3.273,0.0024,0,0
944,40765,10.681,238,false,4,243,236,7,0,0,237,26,3.2694,0.0019,0,0
945,40778,12.827,239,true,4,243,237,6,0,0,237,26,3.2694,0.0019,0,0
946,40780,2.149,239,false,4,243,237,6,0,0,237,26,3.2694,0.0019,0,0
947,40797,16.601,239,false,4,244,237,7,0,0,238,26,3.2694,0.0019,0,0
948,40810,13.033,240,true,4,244,238,6,0,0,238,31,3.6216,0.0032,0,0
949,40812,1.914,240,false,4,244,238,6,0,0,238,31,3.6216,0.0032,0,0
950,40828,15.938,240,false,4,245,238,7,0,0,238,31,3.6216,0.0032,0,0
951,40842,13.921,241,true,4,245,239,6,0,0,239,29,5.2382,0.0021,0,0
952,40844,2.155,241,false,4,245,239,6,0,0,239,29,5.2382,0.0021,0,0
953,40859,15.308,241,false,4,246,239,7,0,0,239,29,5.2382,0.0021,0,0
954,40862,2.596,241,false,4,246,239,7,0,0,239,29,5.2382,0.0021,0,0
955,40874,12.416,241,false,4,246,239,7,0,0,240,17,3.2755,0.0023,0,0
956,40888,14.016,242,true,5,246,240,6,0,0,240,28,3.2755,0.0023,0,0
957,40890,1.891,242,false,5,246,240,6,0,0,240,28,3.2755,0.0023,0,0
958,40906,16.008,242,false,5,247,240,7,0,0,241,28,4.0828,0.003,0,0
959,40926,20.026,243,true,10,247,241,6,0,0,241,27,4.0828,0.003,0,0
960,40928,2.045,243,false,10,247,241,6,0,0,241,27,4.0828,0.003,0,0
961,40938,9.311,243,false,10,248,241,7,0,0,242,27,3.5071,0.0021,0,0
962,40949,12.226,244,true,3,248,242,6,0,0,242,23,3.5071,0.0021,0,0
963,40951,1.974,244,false,3,248,242,6,0,0,242,23,3.5071,0.0021,0,0
964,40968,16.575,244,false,3,249,242,7,0,0,243,23,3.5071,0.0021,0,0
965,40980,11.851,245,true,4,249,243,6,0,0,243,26,5.0277,0.002,0,0
966,40982,1.876,245,false,4,249,243,6,0,0,243,26,5.0277,0.002,0,0
967,40987,5.024,245,false,4,250,243,7,0,0,243,26,5.0277,0.002,0,0
968,40999,11.66,245,false,4,250,243,7,0,0,243,25,5.0277,0.002,0,0
969,41011,12.414,246,true,4,250,244,6,0,0,244,31,3.2246,0.0019,0,0
970,41013,2.025,246,false,4,250,244,6,0,0,244,31,3.2246,0.0019,0,0
971,41030,17.235,246,false,4,250,244,6,0,0,244,31,3.2246,0.0019,0,0
972,41033,2.739,246,false,4,251,244,7,0,0,244,31,3.2246,0.0019,0,0
973,41037,4.027,246,false,4,251,244,7,0,0,245,24,3.2246,0.0019,0,0
974,41049,12.275,247,true,4,251,245,6,0,0,245,24,4.9698,0.003,0,0
975,41051,1.948,247,false,4,251,245,6,0,0,245,24,4.9698,0.003,0,0
976,41061,9.775,247,false,4,252,245,7,0,0,245,24,4.9698,0.003,0,0
977,41064,3.592,247,false,4,252,245,7,0,0,245,29,4.9698,0.003,0,0
978,41076,11.898,247,false,4,252,245,7,0,0,246,19,3.357,0.0016,0,0
979,41089,12.132,248,true,4,252,246,6,0,0,246,22,3.357,0.0016,0,0
980,41092,2.398,248,false,4,252,246,6,0,0,246,22,3.357,0.0016,0,0
981,41095,4.541,248,false,4,252,246,6,0,0,246,22,3.357,0.0016,0,0
982,41107,11.349,248,false,4,253,246,7,0,0,247,22,3.4129,0.002,0,0
983,41122,14.611,249,true,4,253,247,6,0,0,247,24,3.4129,0.002,0,0
984,41124,2.55,249,false,4,253,247,6,0,0,247,24,3.4129,0.002,0,0
985,41138,13.68,249,false,4,253,247,6,0,0,248,24,3.4129,0.002,0,0
986,41151,12.88,250,true,4,254,248,6,0,0,248,24,4.109,0.0023,0,0
987,41153,2.475,250,false,4,254,248,6,0,0,248,24,4.109,0.0023,0,0
988,41157,4.426,250,false,4,255,248,7,0,0,248,24,4.109,0.0023,0,0
989,41169,11.357,250,false,4,255,248,7,0,0,248,29,4.109,0.0023,0,0
990,41182,12.763,251,true,4,255,249,6,0,0,249,28,3.5577,0.0023,0,0
991,41183,1.895,251,false,4,255,249,6,0,0,249,28,3.5577,0.0023,0,0
992,41199,15.836,251,false,4,255,249,6,0,0,249,28,3.5577,0.0023,0,0
993,41202,2.747,251,false,4,256,249,7,0,0,249,28,3.5577,0.0023,0,0
994,41215,12.372,251,false,4,256,249,7,0,0,250,24,3.7581,0.0021,0,0
995,41226,12.066,252,true,4,256,250,6,0,0,250,24,3.7581,0.0021,0,0
996,41229,2.476,252,false,4,257,250,7,0,0,250,24,3.7581,0.0021,0,0
997,41245,15.855,252,false,4,257,250,7,0,0,251,23,3.7581,0.0021,0,0
998,41259,13.901,253,true,5,257,251,6,0,0,251,29,6.0907,0.0025,0,0
999,41261,1.734,253,false,5,257,251,6,0,0,251,29,6.0907,0.0025,0,0
1000,41266,5.154,253,false,5,258,251,7,0,0,251,29,6.0907,0.0025,0,0
1001,41276,9.973,253,false,5,258,251,7,0,0,251,25,6.0907,0.0025,0,0
1002,41279,3.83,253,false,5,258,251,7,0,0,252,26,6.0907,0.0025,0,0
1003,41291,11.488,254,true,4,258,252,6,0,0,252,17,3.2046,0.0022,0,0
1004,41293,2.314,254,false,4,258,252,6,0,0,252,17,3.2046,0.0022,0,0
1005,41306,12.757,254,false,4,258,252,6,0,0,252,17,3.2046,0.0022,0,0
1006,41309,2.73,254,false,4,259,252,7,0,0,252,17,3.2046,0.0022,0,0
1007,41322,12.43,254,false,4,259,252,7,0,0,253,25,3.242,0.0018,0,0
1008,41334,12.943,255,true,4,259,253,6,0,0,253,31,3.242,0.0018,0,0
1009,41336,1.783,255,false,4,259,253,6,0,0,253,31,3.242,0.0018,0,0
1010,41352,15.786,255,false,4,260,253,7,0,0,254,31,3.3417,0.0023,0,0
1011,41363,11.769,256,true,4,260,254,6,0,0,254,24,3.3417,0.0023,0,0
1012,41365,1.873,256,false,4,260,254,6,0,0,254,24,3.3417,0.0023,0,0
1013,41382,16.643,256,false,4,261,254,7,0,0,255,24,3.3417,0.0023,0,0
1014,41396,14.453,257,true,4,261,255,6,0,0,255,26,3.6739,0.0019,0,0
1015,41399,2.546,257,false,4,261,255,6,0,0,255,26,3.6739,0.0019,0,0
1016,41403,4.341,257,false,4,262,255,7,0,0,255,26,3.6739,0.0019,0,0
1017,41414,10.021,257,false,4,262,255,7,0,0,255,26,3.6739,0.0019,0,0
1018,41426,12.292,258,true,4,262,256,6,0,0,256,33,3.2914,0.0023,0,0
1019,41427,1.919,258,false,4,262,256,6,0,0,256,33,3.2914,0.0023,0,0
1020,41444,16.021,258,false,4,262,256,6,0,0,256,33,3.2914,0.0023,0,0
1021,41457,13.385,259,true,4,263,257,6,0,0,257,33,4.3731,0.0024,0,0
1022,41459,2.599,259,false,4,263,257,6,0,0,257,33,4.3731,0.0024,0,0
1023,41464,4.311,259,false,4,264,257,7,0,0,257,33,4.3731,0.0024,0,0
1024,41474,9.653,259,false,4,264,257,7,0,0,257,29,4.3731,0.0024,0,0
1025,41478,4.136,259,false,4,264,257,7,0,0,257,32,4.3731,0.0024,0,0
1026,41489,10.991,259,false,4,264,257,7,0,0,258,28,3.4116,0.0029,0,0
1027,41502,13.163,260,true,4,264,258,6,0,0,258,27,3.4116,0.0029,0,0
1028,41504,2.078,260,false,4,264,258,6,0,0,258,27,3.4116,0.0029,0,0
1029,41520,15.377,260,false,4,265,258,7,0,0,259,27,4.2473,0.003,0,0
1030,41532,13.126,261,true,4,265,259,6,0,0,259,27,4.2473,0.003,0,0
1031,41534,2.123,261,false,4,265,259,6,0,0,259,27,4.2473,0.003,0,0
1032,41551,15.872,261,false,4,266,259,7,0,0,260,27,4.2473,0.003,0,0
1033,41563,12.612,262,true,4,266,260,6,0,0,260,42,3.4607,0.0024,0,0
1034,41565,1.907,262,false,4,266,260,6,0,0,260,42,3.4607,0.0024,0,0
1035,41582,16.647,262,false,4,266,260,6,0,0,261,42,3.4607,0.0024,0,0
1036,41594,12.084,263,true,3,267,261,6,0,0,261,42,3.5012,0.0022,0,0
1037,41595,1.751,263,false,3,267,261,6,0,0,261,42,3.5012,0.0022,0,0
1038,41612,16.706,263,false,3,268,261,7,0,0,262,42,3.5012,0.0022,0,0
1039,41624,11.536,264,true,3,268,262,6,0,0,262,25,3.4118,0.0019,0,0
1040,41626,2.108,264,false,3,268,262,6,0,0,262,25,3.4118,0.0019,0,0
1041,41644,18.089,264,false,3,269,262,7,0,0,262,25,3.4118,0.0019,0,0
1042,41657,13.564,265,true,4,269,263,6,0,0,263,92,5.2027,0.0029,0,0
1043,41660,3.153,265,false,4,270,263,7,0,0,263,92,5.2027,0.0029,0,0
1044,41664,3.744,265,false,4,270,263,7,0,0,263,33,5.2027,0.0029,0,0
1045,41675,10.63,265,false,4,270,263,7,0,0,263,19,5.2027,0.0029,0,0
1046,41678,3.164,265,false,4,270,263,7,0,0,263,19,5.2027,0.0029,0,0
1047,41690,11.898,265,false,4,270,263,7,0,0,264,16,3.7226,0.0022,0,0
1048,41708,18.468,266,true,9,270,264,6,0,0,264,24,3.7226,0.0022,0,0
1049,41710,1.855,266,false,9,270,264,6,0,0,264,24,3.7226,0.0022,0,0
1050,41722,11.428,266,false,9,271,264,7,0,0,265,24,3.3928,0.0019,0,0
1051,41733,11.547,267,true,3,271,265,6,0,0,265,23,3.3928,0.0019,0,0
1052,41736,2.398,267,false,3,271,265,6,0,0,265,23,3.3928,0.0019,0,0
1053,41753,16.949,267,false,3,271,265,6,0,0,266,23,4.7787,0.0028,0,0
1054,41765,12.85,268,true,4,272,266,6,0,0,266,23,4.7787,0.0028,0,0
1055,41768,2.105,268,false,4,272,266,6,0,0,266,23,4.7787,0.0028,0,0
1056,41772,4.757,268,false,4,273,266,7,0,0,266,23,4.7787,0.0028,0,0
1057,41783,10.725,268,false,4,273,266,7,0,0,267,25,4.7787,0.0028,0,0
1058,41794,11.169,269,true,3,273,267,6,0,0,267,24,4.8821,0.0024,0,0
1059,41796,1.84,269,false,3,273,267,6,0,0,267,24,4.8821,0.0024,0,0
1060,41805,9.442,269,false,3,274,267,7,0,0,267,24,4.8821,0.0024,0,0
1061,41808,2.513,269,false,3,274,267,7,0,0,267,24,4.8821,0.0024,0,0
1062,41815,6.936,269,false,3,274,267,7,0,0,267,21,4.8821,0.0024,0,0
1063,41829,14.357,269,false,3,274,267,7,0,0,268,19,3.3808,0.002,0,0
1064,41842,13.243,270,true,4,274,268,6,0,0,268,24,3.3808,0.002,0,0
1065,41845,2.539,270,false,4,274,268,6,0,0,268,24,3.3808,0.002,0,0
1066,41849,4.358,270,false,4,275,268,7,0,0,268,24,3.3808,0.002,0,0
1067,41860,10.593,270,false,4,275,268,7,0,0,269,25,4.3754,0.0019,0,0
1068,41873,12.619,271,true,3,275,269,6,0,0,269,23,4.3754,0.0019,0,0
1069,41874,1.945,271,false,3,275,269,6,0,0,269,23,4.3754,0.0019,0,0
1070,41891,16.289,271,false,3,275,269,6,0,0,270,23,3.4899,0.002,0,0
1071,41903,12.107,272,true,4,276,270,6,0,0,270,23,3.4899,0.002,0,0
1072,41905,1.888,272,false,4,276,270,6,0,0,270,23,3.4899,0.002,0,0
1073,41922,16.502,272,false,4,277,270,7,0,0,271,23,3.4899,0.002,0,0
1074,41936,14.675,273,true,4,277,271,6,0,0,271,30,4.0186,0.0026,0,0
1075,41938,2.233,273,false,4,277,271,6,0,0,271,30,4.0186,0.0026,0,0
1076,41952,13.103,273,false,4,278,271,7,0,0,271,30,4.0186,0.0026,0,0
1077,41954,2.899,273,false,4,278,271,7,0,0,271,57,4.0186,0.0026,0,0
1078,41966,11.564,274,true,3,278,272,6,0,0,272,24,3.2949,0.0018,0,0
1079,41968,2.311,274,false,3,278,272,6,0,0,272,24,3.2949,0.0018,0,0
1080,41983,14.534,274,false,3,278,272,6,0,0,272,24,3.2949,0.0018,0,0
1081,41986,3.469,274,false,3,279,272,7,0,0,272,24,3.2949,0.0018,0,0
1082,41989,3.376,274,false,3,279,272,7,0,0,272,30,3.2949,0.0018,0,0
1083,42001,11.687,275,true,4,279,273,6,0,0,273,17,3.4774,0.0017,0,0
1084,42003,2.13,275,false,4,279,273,6,0,0,273,17,3.4774,0.0017,0,0
1085,42013,9.458,275,false,4,280,273,7,0,0,273,17,3.4774,0.0017,0,0
1086,42017,4.36,275,false,4,280,273,7,0,0,273,33,3.4774,0.0017,0,0
1087,42028,10.683,275,false,4,280,273,7,0,0,274,23,3.4774,0.0017,0,0
1088,42040,12.202,276,true,4,280,274,6,0,0,274,25,3.8293,0.0034,0,0
1089,42042,1.854,276,false,4,280,274,6,0,0,274,25,3.8293,0.0034,0,0
1090,42059,17.029,276,false,4,280,274,6,0,0,274,25,3.8293,0.0034,0,0
1091,42071,12.501,277,true,4,281,275,6,0,0,275,25,6.0637,0.0017,0,0
1092,42073,1.713,277,false,4,281,275,6,0,0,275,25,6.0637,0.0017,0,0
1093,42090,16.965,277,false,4,282,275,7,0,0,275,25,6.0637,0.0017,0,0
1094,42092,2.375,277,false,4,282,275,7,0,0,275,26,6.0637,0.0017,0,0
1095,42106,13.318,277,false,4,282,275,7,0,0,276,15,3.3442,0.002,0,0
1096,42118,11.962,278,true,4,282,276,6,0,0,276,30,3.3442,0.002,0,0
1097,42120,1.683,278,false,4,282,276,6,0,0,276,30,3.3442,0.002,0,0
1098,42136,16.927,278,false,4,283,276,7,0,0,277,30,3.3586,0.003,0,0
1099,42149,12.658,279,true,4,283,277,6,0,0,277,22,3.3586,0.003,0,0
1100,42151,1.798,279,false,4,283,277,6,0,0,277,22,3.3586,0.003,0,0
1101,42167,16.182,279,false,4,284,277,7,0,0,278,22,3.3543,0.0028,0,0
1102,42180,12.852,280,true,4,284,278,6,0,0,278,23,3.3543,0.0028,0,0
1103,42182,2.055,280,false,4,284,278,6,0,0,278,23,3.3543,0.0028,0,0
1104,42187,4.841,280,false,4,285,278,7,0,0,278,23,3.3543,0.0028,0,0
1105,42198,10.729,280,false,4,285,278,7,0,0,279,26,3.1904,0.0024,0,0
1106,42211,13.829,281,true,4,285,279,6,0,0,279,30,3.1904,0.0024,0,0
1107,42214,2.738,281,false,4,285,279,6,0,0,279,30,3.1904,0.0024,0,0
1108,42218,4.122,281,false,4,286,279,7,0,0,279,30,3.1904,0.0024,0,0
1109,42228,9.986,281,false,4,286,279,7,0,0,280,29,3.3563,0.0016,0,0
1110,42240,11.96,282,true,4,286,280,6,0,0,280,24,3.3563,0.0016,0,0
1111,42242,1.754,282,false,4,286,280,6,0,0,280,24,3.3563,0.0016,0,0
1112,42258,16.409,282,false,4,287,280,7,0,0,281,24,3.3563,0.0016,0,0
1113,42270,11.652,283,true,3,287,281,6,0,0,281,28,4.6123,0.0022,0,0
1114,42272,1.687,283,false,3,287,281,6,0,0,281,28,4.6123,0.0022,0,0
1115,42290,17.755,283,false,3,287,281,6,0,0,281,28,4.6123,0.0022,0,0
1116,42302,12.777,284,true,4,288,282,6,0,0,282,28,3.4148,0.0018,0,0
1117,42304,1.804,284,false,4,288,282,6,0,0,282,28,3.4148,0.0018,0,0
1118,42321,16.779,284,false,4,289,282,7,0,0,282,28,3.4148,0.0018,0,0
1119,42332,11.431,285,true,3,289,283,6,0,0,283,27,4.2707,0.0017,0,0
1120,42334,1.696,285,false,3,289,283,6,0,0,283,27,4.2707,0.0017,0,0
1121,42353,19.087,285,false,3,289,283,6,0,0,283,27,4.2707,0.0017,0,0
1122,42355,2.634,285,false,3,290,283,7,0,0,283,27,4.2707,0.0017,0,0
1123,42367,11.526,286,true,4,290,284,6,0,0,284,26,3.4102,0.0022,0,0
1124,42370,3.036,286,false,4,291,284,7,0,0,284,26,3.4102,0.0022,0,0
1125,42374,3.862,286,false,4,291,284,7,0,0,284,22,3.4102,0.0022,0,0
1126,42384,9.759,286,false,4,291,284,7,0,0,284,25,3.4102,0.0022,0,0
1127,42388,4.04,286,false,4,291,284,7,0,0,285,30,3.4102,0.0022,0,0
1128,42400,11.862,287,true,4,291,285,6,0,0,285,16,3.3193,0.0021,0,0
1129,42402,1.937,287,false,4,291,285,6,0,0,285,16,3.3193,0.0021,0,0
1130,42415,13.26,287,false,4,291,285,6,0,0,285,16,3.3193,0.0021,0,0
1131,42418,2.753,287,false,4,292,285,7,0,0,285,16,3.3193,0.0021,0,0
1132,42431,12.857,287,false,4,292,285,7,0,0,286,25,3.2805,0.0015,0,0
1133,42443,12.241,288,true,4,292,286,6,0,0,286,28,3.2805,0.0015,0,0
1134,42444,1.752,288,false,4,292,286,6,0,0,286,28,3.2805,0.0015,0,0
1135,42462,17.728,288,false,4,293,286,7,0,0,287,28,5.0503,0.0025,0,0
1136,42476,14.015,289,true,4,293,287,6,0,0,287,25,5.0503,0.0025,0,0
1137,42478,2.171,289,false,4,293,287,6,0,0,287,25,5.0503,0.0025,0,0
1138,42494,14.952,289,false,4,294,287,7,0,0,288,25,3.4052,0.0025,0,0
1139,42507,13.471,290,true,4,294,288,6,0,0,288,28,3.4052,0.0025,0,0
1140,42509,2.273,290,false,4,294,288,6,0,0,288,28,3.4052,0.0025,0,0
1141,42514,4.633,290,false,4,295,288,7,0,0,288,28,3.4052,0.0025,0,0
1142,42523,9.616,290,false,4,295,288,7,0,0,289,29,3.4052,0.0025,0,0
1143,42536,12.974,291,true,4,295,289,6,0,0,289,30,3.2834,0.0024,0,0
1144,42538,1.932,291,false,4,295,289,6,0,0,289,30,3.2834,0.0024,0,0
1145,42554,15.582,291,false,4,296,289,7,0,0,289,30,3.2834,0.0024,0,0
1146,42557,2.857,291,false,4,296,289,7,0,0,289,31,3.2834,0.0024,0,0
1147,42576,19.333,292,true,9,296,290,6,0,0,290,62,3.4767,0.0022,0,0
1148,42578,2.096,292,false,9,296,290,6,0,0,290,62,3.4767,0.0022,0,0
1149,42585,7.152,292,false,9,297,290,7,0,0,290,62,3.4767,0.0022,0,0
1150,42601,15.79,292,false,9,297,290,7,0,0,291,29,4.239,0.0019,0,0
1151,42613,12.034,293,true,3,297,291,6,0,0,291,24,4.239,0.0019,0,0
1152,42615,1.931,293,false,3,297,291,6,0,0,291,24,4.239,0.0019,0,0
1153,42633,17.946,293,false,3,298,291,7,0,0,292,24,3.2057,0.0016,0,0
1154,42646,12.604,294,true,4,298,292,6,0,0,292,25,3.2057,0.0016,0,0
1155,42647,1.931,294,false,4,298,292,6,0,0,292,25,3.2057,0.0016,0,0
1156,42665,17.324,294,false,4,299,292,7,0,0,293,25,4.8723,0.0039,0,0
1157,42677,11.814,295,true,3,299,293,6,0,0,293,23,4.8723,0.0039,0,0
1158,42679,2.034,295,false,3,299,293,6,0,0,293,23,4.8723,0.0039,0,0
1159,42697,17.793,295,false,3,300,293,7,0,0,294,23,3.3797,0.0017,0,0
1160,42708,11.703,296,true,3,300,294,6,0,0,294,23,3.3797,0.0017,0,0
1161,42710,1.712,296,false,3,300,294,6,0,0,294,23,3.3797,0.0017,0,0
1162,42727,17.296,296,false,3,301,294,7,0,0,295,23,3.3797,0.0017,0,0
1163,42740,13.165,297,true,4,301,295,6,0,0,295,34,3.8599,0.0033,0,0
1164,42742,1.868,297,false,4,301,295,6,0,0,295,34,3.8599,0.0033,0,0
1165,42759,16.158,297,false,4,302,295,7,0,0,295,34,3.8599,0.0033,0,0
1166,42774,15.772,298,true,5,302,296,6,0,0,296,45,3.2382,0.002,0,0
1167,42777,3.248,298,false,5,303,296,7,0,0,296,45,3.2382,0.002,0,0
1168,42781,3.638,298,false,5,303,296,7,0,0,296,24,3.2382,0.002,0,0
1169,42789,7.586,298,false,5,303,296,7,0,0,296,18,3.2382,0.002,0,0
1170,42805,15.778,298,false,5,303,296,7,0,0,297,26,3.7362,0.0023,0,0
1171,42817,12.619,299,true,4,303,297,6,0,0,297,26,3.7362,0.0023,0,0
1172,42819,1.954,299,false,4,303,297,6,0,0,297,26,3.7362,0.0023,0,0
1173,42835,15.669,299,false,4,304,297,7,0,0,298,26,3.3126,0.0015,0,0
1174,42847,12.773,300,true,4,304,298,6,0,0,298,23,3.3126,0.0015,0,0
1175,42849,1.982,300,false,4,304,298,6,0,0,298,23,3.3126,0.0015,0,0
1176,42866,16.241,300,false,4,305,298,7,0,0,299,23,3.3126,0.0015,0,0
1177,42878,12.313,301,true,4,305,299,6,0,0,299,42,6.5578,0.0026,0,0
1178,42880,1.801,301,false,4,305,299,6,0,0,299,42,6.5578,0.0026,0,0
1179,42896,15.919,301,false,4,306,299,7,0,0,299,42,6.5578,0.0026,0,0
1180,42899,3.219,301,false,4,306,299,7,0,0,299,32,6.5578,0.0026,0,0
1181,42911,12.023,302,true,4,306,300,6,0,0,300,22,3.4014,0.0024,0,0
1182,42913,2.062,302,false,4,306,300,6,0,0,300,22,3.4014,0.0024,0,0
1183,42926,12.624,302,false,4,306,300,6,0,0,300,22,3.4014,0.0024,0,0
1184,42930,3.947,302,false,4,307,300,7,0,0,300,22,3.4014,0.0024,0,0
1185,42932,2.854,302,false,4,307,300,7,0,0,300,37,3.4014,0.0024,0,0
1186,42947,14.322,303,true,4,307,301,6,0,0,301,30,4.213,0.0025,0,0
1187,42948,1.811,303,false,4,307,301,6,0,0,301,30,4.213,0.0025,0,0
1188,42956,7.853,303,false,4,308,301,7,0,0,301,30,4.213,0.0025,0,0
1189,42972,15.437,303,false,4,308,301,7,0,0,302,26,4.213,0.0025,0,0
1190,42984,12.085,304,true,4,308,302,6,0,0,302,29,4.6329,0.0025,0,0
1191,42986,1.852,304,false,4,308,302,6,0,0,302,29,4.6329,0.0025,0,0
1192,43003,16.948,304,false,4,308,302,6,0,0,303,29,4.6329,0.0025,0,0
1193,43016,13.676,305,true,4,309,303,6,0,0,303,29,3.3758,0.0018,0,0
1194,43019,2.392,305,false,4,310,303,7,0,0,303,29,3.3758,0.0018,0,0
1195,43034,15.336,305,false,4,310,303,7,0,0,304,24,3.3758,0.0018,0,0
1196,43047,12.884,306,true,4,310,304,6,0,0,304,26,3.6095,0.0021,0,0
1197,43049,1.893,306,false,4,310,304,6,0,0,304,26,3.6095,0.0021,0,0
1198,43065,15.821,306,false,4,311,304,7,0,0,305,26,3.6095,0.0021,0,0
1199,43080,14.693,307,true,4,311,305,6,0,0,305,33,5.6773,0.0019,0,0
1200,43082,2.37,307,false,4,311,305,6,0,0,305,33,5.6773,0.0019,0,0
1201,43086,4.533,307,false,4,312,305,7,0,0,305,33,5.6773,0.0019,0,0
1202,43095,8.303,307,false,4,312,305,7,0,0,305,26,5.6773,0.0019,0,0
1203,43110,15.61,307,false,4,312,305,7,0,0,306,24,3.425,0.0024,0,0
1204,43122,11.621,308,true,4,312,306,6,0,0,306,21,3.425,0.0024,0,0
1205,43123,1.616,308,false,4,312,306,6,0,0,306,21,3.425,0.0024,0,0
1206,43142,18.259,308,false,4,313,306,7,0,0,307,21,4.5445,0.0025,0,0
1207,43155,13.342,309,true,5,313,307,6,0,0,307,24,4.5445,0.0025,0,0
1208,43157,2.258,309,false,5,313,307,6,0,0,307,24,4.5445,0.0025,0,0
1209,43162,4.62,309,false,5,314,307,7,0,0,307,24,4.5445,0.0025,0,0
1210,43172,9.872,309,false,5,314,307,7,0,0,308,23,3.3667,0.0021,0,0
1211,43184,12.547,310,true,3,314,308,6,0,0,308,24,3.3667,0.0021,0,0
1212,43186,1.753,310,false,3,314,308,6,0,0,308,24,3.3667,0.0021,0,0
1213,43203,16.984,310,false,3,315,308,7,0,0,309,24,3.2433,0.0017,0,0
1214,43216,12.79,311,true,3,315,309,6,0,0,309,30,3.2433,0.0017,0,0
1215,43218,1.848,311,false,3,315,309,6,0,0,309,30,3.2433,0.0017,0,0
1216,43223,5.015,311,false,3,316,309,7,0,0,309,30,3.2433,0.0017,0,0
1217,43234,11.261,311,false,3,316,309,7,0,0,310,25,3.2433,0.0017,0,0
1218,43246,12.39,312,true,4,316,310,6,0,0,310,28,3.6733,0.0024,0,0
1219,43248,1.765,312,false,4,316,310,6,0,0,310,28,3.6733,0.0024,0,0
1220,43265,16.319,312,false,4,316,310,6,0,0,311,28,3.6733,0.0024,0,0
1221,43278,13.581,313,true,3,317,311,6,0,0,311,28,5.3576,0.0019,0,0
1222,43280,1.976,313,false,3,317,311,6,0,0,311,28,5.3576,0.0019,0,0
1223,43295,15.051,313,false,3,318,311,7,0,0,311,28,5.3576,0.0019,0,0
1224,43307,11.869,314,true,3,318,312,6,0,0,312,25,3.2656,0.0018,0,0
1225,43309,1.913,314,false,3,318,312,6,0,0,312,25,3.2656,0.0018,0,0
1226,43326,16.926,314,false,3,319,312,7,0,0,312,25,3.2656,0.0018,0,0
1227,43348,22.299,315,true,10,319,313,6,0,0,313,26,5.135,0.0021,0,0
1228,43351,2.699,315,false,10,320,313,7,0,0,313,26,5.135,0.0021,0,0
1229,43357,5.796,315,false,10,320,313,7,0,0,313,23,5.135,0.0021,0,0
1230,43372,15.211,315,false,10,320,313,7,0,0,314,26,3.6293,0.0024,0,0
1231,43384,11.995,316,true,3,320,314,6,0,0,314,23,3.6293,0.0024,0,0
1232,43386,2.018,316,false,3,320,314,6,0,0,314,23,3.6293,0.0024,0,0
1233,43403,16.532,316,false,3,321,314,7,0,0,315,23,4.5865,0.0024,0,0
1234,43415,12.676,317,true,3,321,315,6,0,0,315,26,4.5865,0.0024,0,0
1235,43417,2.023,317,false,3,321,315,6,0,0,315,26,4.5865,0.0024,0,0
1236,43422,4.873,317,false,3,322,315,7,0,0,315,26,4.5865,0.0024,0,0
1237,43434,11.499,317,false,3,322,315,7,0,0,316,25,4.5865,0.0024,0,0
1238,43445,11.907,318,true,3,322,316,6,0,0,316,29,3.816,0.0024,0,0
1239,43447,2.176,318,false,3,322,316,6,0,0,316,29,3.816,0.0024,0,0
1240,43452,4.697,318,false,3,323,316,7,0,0,316,29,3.816,0.0024,0,0
1241,43465,12.699,318,false,3,323,316,7,0,0,317,28,3.816,0.0024,0,0
1242,43477,12.632,319,true,4,323,317,6,0,0,317,27,5.5184,0.0029,0,0
1243,43479,1.899,319,false,4,323,317,6,0,0,317,27,5.5184,0.0029,0,0
1244,43497,17.168,319,false,4,323,317,6,0,0,317,27,5.5184,0.0029,0,0
1245,43499,2.991,319,false,4,324,317,7,0,0,318,27,5.5184,0.0029,0,0
1246,43511,11.605,320,true,4,324,318,6,0,0,318,24,3.4955,0.0027,0,0
1247,43513,2.15,320,false,4,324,318,6,0,0,318,24,3.4955,0.0027,0,0
1248,43528,14.361,320,false,4,325,318,7,0,0,318,24,3.4955,0.0027,0,0
1249,43530,2.387,320,false,4,325,318,7,0,0,318,27,3.4955,0.0027,0,0
1250,43543,13.257,320,false,4,325,318,7,0,0,319,16,3.4371,0.002,0,0
1251,43557,13.246,321,true,4,325,319,6,0,0,319,23,3.4371,0.002,0,0
1252,43559,2.31,321,false,4,325,319,6,0,0,319,23,3.4371,0.002,0,0
1253,43574,14.715,321,false,4,325,319,6,0,0,320,23,3.3825,0.002,0,0
1254,43585,11.787,322,true,4,326,320,6,0,0,320,23,3.3825,0.002,0,0
1255,43587,1.74,322,false,4,326,320,6,0,0,320,23,3.3825,0.002,0,0
1256,43605,18.008,322,false,4,327,320,7,0,0,321,23,3.2644,0.0018,0,0
1257,43617,11.527,323,true,3,327,321,6,0,0,321,23,3.2644,0.0018,0,0
1258,43619,1.967,323,false,3,327,321,6,0,0,321,23,3.2644,0.0018,0,0
1259,43636,17.155,323,false,3,328,321,7,0,0,322,23,2.5768,0.0014,0,0
1260,43649,13.453,324,true,5,328,322,6,0,0,322,25,2.5768,0.0014,0,0
1261,43651,1.942,324,false,5,328,322,6,0,0,322,25,2.5768,0.0014,0,0
1262,43667,15.99,324,false,5,329,322,7,0,0,323,25,7.1954,0.0036,0,0
1263,43680,13.389,325,true,4,329,323,6,0,0,323,25,7.1954,0.0036,0,0
1264,43684,3.119,325,false,4,330,323,7,0,0,323,25,7.1954,0.0036,0,0
1265,43687,3.772,325,false,4,330,323,7,0,0,323,46,7.1954,0.0036,0,0
1266,43697,9.677,325,false,4,330,323,7,0,0,323,18,7.1954,0.0036,0,0
1267,43714,16.604,325,false,4,330,323,7,0,0,324,20,3.3557,0.0017,0,0
1268,43726,12.157,326,true,3,330,324,6,0,0,324,31,3.3557,0.0017,0,0
1269,43728,1.725,326,false,3,330,324,6,0,0,324,31,3.3557,0.0017,0,0
1270,43745,17.119,326,false,3,331,324,7,0,0,325,31,3.2547,0.0016,0,0
1271,43757,12.095,327,true,4,331,325,6,0,0,325,25,3.2547,0.0016,0,0
1272,43758,1.734,327,false,4,331,325,6,0,0,325,25,3.2547,0.0016,0,0
1273,43776,16.845,327,false,4,332,325,7,0,0,326,25,3.9048,0.0021,0,0
1274,43789,13.67,328,true,4,332,326,6,0,0,326,25,3.9048,0.0021,0,0
1275,43792,2.672,328,false,4,332,326,6,0,0,326,25,3.9048,0.0021,0,0
1276,43796,4.365,328,false,4,333,326,7,0,0,326,25,3.9048,0.0021,0,0
1277,43806,9.508,328,false,4,333,326,7,0,0,326,25,3.9048,0.0021,0,0
1278,43818,12.746,329,true,3,333,327,6,0,0,327,25,3.3687,0.0019,0,0
1279,43820,1.705,329,false,3,333,327,6,0,0,327,25,3.3687,0.0019,0,0
1280,43837,16.756,329,false,3,333,327,6,0,0,327,25,3.3687,0.0019,0,0
1281,43841,4.199,329,false,3,334,327,7,0,0,328,25,3.3687,0.0019,0,0
1282,43854,12.92,330,true,3,334,328,6,0,0,328,44,3.3017,0.0019,0,0
1283,43856,1.98,330,false,3,334,328,6,0,0,328,44,3.3017,0.0019,0,0
1284,43868,12.306,330,false,3,335,328,7,0,0,328,44,3.3017,0.0019,0,0
1285,43871,2.999,330,false,3,335,328,7,0,0,328,29,3.3017,0.0019,0,0
1286,43875,3.835,330,false,3,335,328,7,0,0,329,19,3.3017,0.0019,0,0
1287,43888,12.637,331,true,4,335,329,6,0,0,329,25,6.4093,0.002,0,0
1288,43889,1.726,331,false,4,335,329,6,0,0,329,25,6.4093,0.002,0,0
1289,43900,9.989,331,false,4,335,329,6,0,0,329,25,6.4093,0.002,0,0
1290,43903,3.223,331,false,4,336,329,7,0,0,329,25,6.4093,0.002,0,0
1291,43914,11.524,331,false,4,336,329,7,0,0,330,23,3.2579,0.0017,0,0
1292,43926,12.332,332,true,3,336,330,6,0,0,330,52,3.2579,0.0017,0,0
1293,43928,1.758,332,false,3,336,330,6,0,0,330,52,3.2579,0.0017,0,0
1294,43945,17.135,332,false,3,337,330,7,0,0,331,52,3.2579,0.0017,0,0
1295,43957,11.751,333,true,4,337,331,6,0,0,331,43,5.0879,0.0031,0,0
1296,43959,1.648,333,false,4,337,331,6,0,0,331,43,5.0879,0.0031,0,0
1297,43977,18.215,333,false,4,337,331,6,0,0,331,43,5.0879,0.0031,0,0
1298,43991,13.778,334,true,4,338,332,6,0,0,332,43,4.4158,0.0023,0,0
1299,43993,2.571,334,false,4,339,332,7,0,0,332,43,4.4158,0.0023,0,0
1300,43998,4.329,334,false,4,339,332,7,0,0,332,22,4.4158,0.0023,0,0
1301,44009,10.88,334,false,4,339,332,7,0,0,332,21,4.4158,0.0023,0,0
1302,44011,2.913,334,false,4,339,332,7,0,0,332,33,4.4158,0.0023,0,0
1303,44023,11.547,335,true,4,339,333,6,0,0,333,19,3.4119,0.0021,0,0
1304,44026,2.825,335,false,4,339,333,6,0,0,333,19,3.4119,0.0021,0,0
1305,44040,13.842,335,false,4,339,333,6,0,0,333,19,3.4119,0.0021,0,0
1306,44042,2.489,335,false,4,340,333,7,0,0,333,19,3.4119,0.0021,0,0
1307,44056,13.469,335,false,4,340,333,7,0,0,334,22,3.2787,0.0018,0,0
1308,44068,12.375,336,true,4,340,334,6,0,0,334,20,3.2787,0.0018,0,0
1309,44070,1.816,336,false,4,340,334,6,0,0,334,20,3.2787,0.0018,0,0
1310,44088,17.232,336,false,4,341,334,7,0,0,335,20,5.1719,0.002,0,0
1311,44109,22.066,337,true,10,341,335,6,0,0,335,27,5.1719,0.002,0,0
1312,44112,2.483,337,false,10,342,335,7,0,0,335,27,5.1719,0.002,0,0
1313,44118,6.733,337,false,10,342,335,7,0,0,336,24,5.1719,0.002,0,0
1314,44130,12.147,338,true,3,342,336,6,0,0,336,24,3.8686,0.002,0,0
1315,44133,2.41,338,false,3,343,336,7,0,0,336,24,3.8686,0.002,0,0
1316,44150,16.593,338,false,3,343,336,7,0,0,337,23,3.8686,0.002,0,0
1317,44165,15.267,339,true,4,343,337,6,0,0,337,32,4.2693,0.0021,0,0
1318,44167,1.873,339,false,4,343,337,6,0,0,337,32,4.2693,0.0021,0,0
1319,44181,14.029,339,false,4,344,337,7,0,0,337,32,4.2693,0.0021,0,0
1320,44185,4.13,339,false,4,344,337,7,0,0,337,27,4.2693,0.0021,0,0
1321,44199,14.227,340,true,4,344,338,6,0,0,338,36,4.7948,0.002,0,0
1322,44201,2.207,340,false,4,344,338,6,0,0,338,36,4.7948,0.002,0,0
1323,44211,9.493,340,false,4,345,338,7,0,0,338,36,4.7948,0.002,0,0
1324,44214,3.54,340,false,4,345,338,7,0,0,338,27,4.7948,0.002,0,0
1325,44225,11.192,340,false,4,345,338,7,0,0,339,42,4.7948,0.002,0,0
1326,44237,11.341,341,true,3,345,339,6,0,0,339,21,5.648,0.002,0,0
1327,44238,1.718,341,false,3,345,339,6,0,0,339,21,5.648,0.002,0,0
1328,44256,17.445,341,false,3,345,339,6,0,0,339,21,5.648,0.002,0,0
1329,44260,3.83,341,false,3,346,339,7,0,0,340,21,5.648,0.002,0,0
1330,44272,12.052,342,true,4,346,340,6,0,0,340,25,3.5352,0.0029,0,0
1331,44274,2.489,342,false,4,346,340,6,0,0,340,25,3.5352,0.0029,0,0
1332,44279,4.426,342,false,4,347,340,7,0,0,340,25,3.5352,0.0029,0,0
1333,44287,7.896,342,false,4,347,340,7,0,0,340,26,3.5352,0.0029,0,0
1334,44302,15.042,342,false,4,347,340,7,0,0,341,25,4.5772,0.0022,0,0
1335,44314,12.176,343,true,4,347,341,6,0,0,341,21,4.5772,0.0022,0,0
1336,44316,2.254,343,false,4,347,341,6,0,0,341,21,4.5772,0.0022,0,0
1337,44333,16.76,343,false,4,347,341,6,0,0,342,21,4.5772,0.0022,0,0
1338,44347,14.031,344,true,4,348,342,6,0,0,342,21,4.2072,0.0018,0,0
1339,44349,2.264,344,false,4,348,342,6,0,0,342,21,4.2072,0.0018,0,0
1340,44365,15.408,344,false,4,349,342,7,0,0,342,21,4.2072,0.0018,0,0
1341,44381,16.793,345,true,6,349,343,6,0,0,343,28,5.0448,0.0025,0,0
1342,44386,3.676,345,false,6,350,343,7,0,0,343,28,5.0448,0.0025,0,0
1343,44389,3.556,345,false,6,350,343,7,0,0,343,50,5.0448,0.0025,0,0
1344,44396,7.605,345,false,6,350,343,7,0,0,343,16,5.0448,0.0025,0,0
1345,44412,15.299,345,false,6,350,343,7,0,0,344,18,3.2266,0.0018,0,0
1346,44424,12.105,346,true,4,350,344,6,0,0,344,21,3.2266,0.0018,0,0
1347,44425,1.637,346,false,4,350,344,6,0,0,344,21,3.2266,0.0018,0,0
1348,44443,18.055,346,false,4,351,344,7,0,0,345,21,3.1498,0.0016,0,0
1349,44456,13.122,347,true,4,351,345,6,0,0,345,26,3.1498,0.0016,0,0
1350,44459,2.154,347,false,4,351,345,6,0,0,345,26,3.1498,0.0016,0,0
1351,44463,4.749,347,false,4,352,345,7,0,0,345,26,3.1498,0.0016,0,0
1352,44474,10.838,347,false,4,352,345,7,0,0,346,30,3.5194,0.0017,0,0
1353,44487,12.851,348,true,5,352,346,6,0,0,346,24,3.5194,0.0017,0,0
1354,44489,1.703,348,false,5,352,346,6,0,0,346,24,3.5194,0.0017,0,0
1355,44506,17.507,348,false,5,353,346,7,0,0,347,24,3.5194,0.0017,0,0
1356,44519,12.941,349,true,4,353,347,6,0,0,347,41,6.3419,0.0025,0,0
1357,44521,1.724,349,false,4,353,347,6,0,0,347,41,6.3419,0.0025,0,0
1358,44526,5.223,349,false,4,354,347,7,0,0,347,41,6.3419,0.0025,0,0
1359,44537,11.131,349,false,4,354,347,7,0,0,347,29,6.3419,0.0025,0,0
1360,44549,12.019,350,true,4,354,348,6,0,0,348,31,3.2149,0.0021,0,0
1361,44551,1.765,350,false,4,354,348,6,0,0,348,31,3.2149,0.0021,0,0
1362,44569,17.547,350,false,4,354,348,6,0,0,348,31,3.2149,0.0021,0,0
1363,44572,3.081,350,false,4,355,348,7,0,0,348,31,3.2149,0.0021,0,0
1364,44578,6.071,351,true,3,355,349,6,0,0,349,27,3.2149,0.0021,0,0
1365,44585,7.529,351,false,3,355,349,6,0,0,349,25,5.991,0.0024,0,0
1366,44600,14.483,351,false,3,355,349,6,0,0,349,25,5.991,0.0024,0,0
1367,44603,2.907,351,false,3,356,349,7,0,0,349,25,5.991,0.0024,0,0
1368,44616,12.904,351,false,3,356,349,7,0,0,350,24,3.3878,0.0019,0,0
1369,44629,13.183,352,true,4,356,350,6,0,0,350,26,3.3878,0.0019,0,0
1370,44631,2.218,352,false,4,356,350,6,0,0,350,26,3.3878,0.0019,0,0
1371,44636,4.677,352,false,4,357,350,7,0,0,350,26,3.3878,0.0019,0,0
1372,44646,10.528,352,false,4,357,350,7,0,0,351,24,3.3878,0.0019,0,0
1373,44662,16.273,353,true,4,357,351,6,0,0,351,77,3.884,0.0025,0,0
1374,44665,2.381,353,false,4,357,351,6,0,0,351,77,3.884,0.0025,0,0
1375,44670,4.508,353,false,4,358,351,7,0,0,351,77,3.884,0.0025,0,0
1376,44677,7.47,353,false,4,358,351,7,0,0,351,26,3.884,0.0025,0,0
1377,44692,15.34,353,false,4,358,351,7,0,0,352,30,3.7262,0.0024,0,0
1378,44705,12.542,354,true,4,358,352,6,0,0,352,31,3.7262,0.0024,0,0
1379,44706,1.678,354,false,4,358,352,6,0,0,352,31,3.7262,0.0024,0,0
1380,44723,16.23,354,false,4,359,352,7,0,0,353,31,5.1742,0.0028,0,0
1381,44735,12.427,355,true,4,359,353,6,0,0,353,32,5.1742,0.0028,0,0
1382,44737,1.74,355,false,4,359,353,6,0,0,353,32,5.1742,0.0028,0,0
1383,44754,16.592,355,false,4,359,353,6,0,0,354,32,5.1742,0.0028,0,0
1384,44768,14.969,356,true,4,360,354,6,0,0,354,32,5.7317,0.0037,0,0
1385,44771,2.62,356,false,4,361,354,7,0,0,354,32,5.7317,0.0037,0,0
1386,44775,4.287,356,false,4,361,354,7,0,0,354,50,5.7317,0.0037,0,0
1387,44785,9.305,356,false,4,361,354,7,0,0,354,30,5.7317,0.0037,0,0
1388,44800,15.678,356,false,4,361,354,7,0,0,355,25,4.7638,0.0023,0,0
1389,44813,12.793,357,true,4,361,355,6,0,0,355,22,4.7638,0.0023,0,0
1390,44815,1.709,357,false,4,361,355,6,0,0,355,22,4.7638,0.0023,0,0
1391,44831,16.03,357,false,4,362,355,7,0,0,356,22,3.4203,0.0018,0,0
1392,44846,14.902,358,true,4,362,356,6,0,0,356,25,3.4203,0.0018,0,0
1393,44848,2.937,358,false,4,362,356,6,0,0,356,25,3.4203,0.0018,0,0
1394,44857,8.276,358,false,4,363,356,7,0,0,357,25,3.4203,0.0018,0,0
1395,44868,11.724,359,true,4,363,357,6,0,0,357,24,3.2704,0.0017,0,0
1396,44870,1.813,359,false,4,363,357,6,0,0,357,24,3.2704,0.0017,0,0
1397,44879,8.534,359,false,4,364,357,7,0,0,357,24,3.2704,0.0017,0,0
1398,44882,3.452,359,false,4,364,357,7,0,0,357,26,3.2704,0.0017,0,0
1399,44895,11.945,359,false,4,364,357,7,0,0,358,20,3.2704,0.0017,0,0
1400,44910,15.922,360,true,6,364,358,6,0,0,358,25,5.6115,0.0024,0,0
1401,44913,2.689,360,false,6,364,358,6,0,0,358,25,5.6115,0.0024,0,0
1402,44933,19.955,360,false,6,365,358,7,0,0,359,25,5.6115,0.0024,0,0
1403,44947,14.398,361,true,4,365,359,6,0,0,359,25,5.2064,0.0023,0,0
1404,44949,1.944,361,false,4,365,359,6,0,0,359,25,5.2064,0.0023,0,0
1405,44957,8.147,361,false,4,365,359,6,0,0,359,25,5.2064,0.0023,0,0
1406,44961,3.694,361,false,4,365,359,6,0,0,359,25,5.2064,0.0023,0,0
1407,44973,11.977,361,false,4,365,359,6,0,0,360,25,3.794,0.002,0,0
1408,44980,7.143,362,true,4,365,360,5,0,0,360,25,3.794,0.002,0,0
1409,44982,1.536,362,false,4,365,360,5,0,0,360,25,3.794,0.002,0,0
1410,44989,7.191,362,false,4,365,360,5,0,0,360,25,3.794,0.002,0,0
1411,45004,15.291,362,false,4,365,360,5,0,0,361,25,4.3148,0.0021,0,0
1412,45012,8.104,363,true,5,365,361,4,0,0,361,25,4.3148,0.0021,0,0
1413,45014,1.581,363,false,5,365,361,4,0,0,361,25,4.3148,0.0021,0,0
1414,45019,5.341,363,false,5,365,361,4,0,0,361,25,4.3148,0.0021,0,0
1415,45035,15.263,363,false,5,365,361,4,0,0,362,25,4.3148,0.0021,0,0
1416,45042,7.666,364,true,4,365,362,3,0,0,362,25,4.9954,0.0027,0,0
1417,45044,1.663,364,false,4,365,362,3,0,0,362,25,4.9954,0.0027,0,0
1418,45050,6.486,364,false,4,365,362,3,0,0,362,25,4.9954,0.0027,0,0
1419,45065,14.84,364,false,4,365,362,3,0,0,362,25,4.9954,0.0027,0,0
1420,45067,2.032,364,false,4,365,362,3,0,0,362,25,4.9954,0.0027,0,0
1421,45080,12.875,364,false,4,365,362,3,0,0,363,25,4.6778,0.0021,0,0
1422,45087,6.881,365,true,4,365,363,2,0,0,363,25,4.6778,0.0021,0,0
1423,45088,1.578,365,false,4,365,363,2,0,0,363,25,4.6778,0.0021,0,0
1424,45096,7.698,365,false,4,365,363,2,0,0,363,25,4.6778,0.0021,0,0
1425,45112,15.675,365,false,4,365,363,2,0,0,364,25,4.6778,0.0021,0,0
1426,45121,9.546,366,true,6,365,364,1,0,0,364,25,4.6778,0.0021,0,0
1427,45123,1.446,366,false,6,365,364,1,0,0,364,25,4.6778,0.0021,0,0
1428,45128,5.422,366,false,6,365,364,1,0,0,364,25,4.6778,0.0021,0,0
1429,45144,15.418,366,false,6,365,364,1,0,0,364,25,4.6778,0.0021,0,0
1430,45146,2.102,366,false,6,365,364,1,0,0,364,25,4.6778,0.0021,0,0
1431,45160,14.162,366,false,6,365,364,1,0,0,364,25,4.6778,0.0021,0,0
1432,45162,1.96,366,false,6,365,364,1,0,0,364,25,4.6778,0.0021,0,0
1433,45176,13.872,366,false,6,365,364,1,0,0,364,25,4.6778,0.0021,0,0
1434,45177,1.565,366,false,6,365,364,1,0,0,364,25,4.6778,0.0021,0,0
1435,45192,14.116,366,false,6,365,364,1,0,0,364,25,4.6778,0.0021,0,0
1436,45194,2.122,366,false,6,365,364,1,0,0,364,25,4.6778,0.0021,0,0
1437,45206,12.591,366,false,6,365,364,1,0,0,364,25,4.6778,0.0021,0,0
1438,45209,2.262,366,false,6,365,364,1,0,0,364,25,4.6778,0.0021,0,0
1439,45222,13.152,366,false,6,365,364,1,0,0,364,25,4.6778,0.0021,0,0
1440,45223,1.817,366,false,6,365,364,1,0,0,364,25,4.6778,0.0021,0,0
1441,45237,13.636,366,false,6,365,364,1,0,0,364,25,4.6778,0.0021,0,0
1442,45238,1.497,366,false,6,365,364,1,0,0,364,25,4.6778,0.0021,0,0
1443,45252,13.803,366,false,6,365,364,1,0,0,364,25,4.6778,0.0021,0,0
1444,45254,1.749,366,false,6,365,364,1,0,0,364,25,4.6778,0.0021,0,0
1445,45268,13.507,366,false,6,365,364,1,0,0,364,25,4.6778,0.0021,0,0
1446,45269,1.762,366,false,6,365,364,1,0,0,364,25,4.6778,0.0021,0,0
1447,45283,13.184,366,false,6,365,364,1,0,0,364,25,4.6778,0.0021,0,0
1448,45284,1.634,366,false,6,365,364,1,0,0,364,25,4.6778,0.0021,0,0
1449,45298,14.048,366,false,6,365,364,1,0,0,364,25,4.6778,0.0021,0,0
1450,45300,1.463,366,false,6,365,364,1,0,0,364,25,4.6778,0.0021,0,0
1451,45314,14.622,366,false,6,365,364,1,0,0,364,25,4.6778,0.0021,0,0
1452,45317,2.426,366,false,6,365,364,1,0,0,364,25,4.6778,0.0021,0,0
1453,45330,13.144,366,false,6,365,364,1,0,0,364,25,4.6778,0.0021,0,0
1454,45332,2.154,366,false,6,365,364,1,0,0,364,25,4.6778,0.0021,0,0
1455,45346,13.67,366,false,6,365,364,1,0,0,364,25,4.6778,0.0021,0,0
1456,45347,1.76,366,false,6,365,364,1,0,0,364,25,4.6778,0.0021,0,0
1457,45361,13.151,366,false,6,365,364,1,0,0,364,25,4.6778,0.0021,0,0
1458,45363,2.27,366,false,6,365,364,1,0,0,364,25,4.6778,0.0021,0,0
1459,45375,12.501,366,false,6,365,364,1,0,0,364,25,4.6778,0.0021,0,0
1460,45377,1.791,366,false,6,365,364,1,0,0,364,25,4.6778,0.0021,0,0
1461,45391,13.761,366,false,6,365,364,1,0,0,364,25,4.6778,0.0021,0,0
1462,45392,1.465,366,false,6,365,364,1,0,0,364,25,4.6778,0.0021,0,0
1463,45406,13.999,366,false,6,365,364,1,0,0,364,25,4.6778,0.0021,0,0
1464,45408,1.717,366,false,6,365,364,1,0,0,364,25,4.6778,0.0021,0,0
1465,46444,1035.158,366,false,6,365,364,1,0,0,364,25,4.6778,0.0021,0,0
1466,46446,3.04,366,false,6,365,364,1,0,0,364,25,4.6778,0.0021,0,0
1467,46462,14.975,366,false,6,366,364,2,0,0,364,25,3.9432,0.0018,0,0
1468,46469,8.215,366,false,6,367,364,3,0,0,364,25,3.9432,0.0018,0,0
1469,46471,1.712,366,false,6,367,364,3,0,0,364,25,3.9432,0.0018,0,0
1470,46490,18.377,366,false,6,367,364,3,0,0,365,25,3.9432,0.0018,0,0
1471,46504,14.143,367,true,4,368,365,3,0,0,365,25,5.4143,0.0036,0,0
1472,46513,8.86,367,false,4,369,365,4,0,0,365,25,5.4143,0.0036,0,0
1473,46514,1.795,367,false,4,369,365,4,0,0,365,25,5.4143,0.0036,0,0
1474,46523,8.686,367,false,4,370,365,5,0,0,365,25,5.4143,0.0036,0,0
1475,46530,7.072,368,true,4,370,366,4,0,0,366,25,3.4726,0.0022,0,0
1476,46533,3.137,368,false,4,370,366,4,0,0,366,25,3.4726,0.0022,0,0
1477,46541,7.351,368,false,4,371,366,5,0,0,366,25,3.4726,0.0022,0,0
1478,46552,10.814,368,false,4,371,366,5,0,0,366,25,3.4726,0.0022,0,0
1479,46554,2.506,368,false,4,371,366,5,0,0,366,25,3.4726,0.0022,0,0
1480,46566,11.899,369,true,3,372,367,5,0,0,367,25,3.4277,0.0018,0,0
1481,46569,2.789,369,false,3,372,367,5,0,0,367,25,3.4277,0.0018,0,0
1482,46577,8.09,369,false,3,373,367,6,0,0,367,25,3.4277,0.0018,0,0
1483,46583,6.394,369,false,3,373,367,6,0,0,367,25,3.4277,0.0018,0,0
1484,46598,14.926,369,false,3,373,367,6,0,0,368,25,3.2945,0.0019,0,0
1485,46610,12.046,370,true,3,374,368,6,0,0,368,25,3.2945,0.0019,0,0
1486,46612,1.61,370,false,3,374,368,6,0,0,368,25,3.2945,0.0019,0,0
1487,46630,17.873,370,false,3,374,368,6,0,0,369,25,3.4776,0.0016,0,0
1488,46642,12.52,371,true,3,375,369,6,0,0,369,25,3.4776,0.0016,0,0
1489,46644,2.126,371,false,3,376,369,7,0,0,369,25,3.4776,0.0016,0,0
1490,46661,16.655,371,false,3,376,369,7,0,0,370,20,3.4776,0.0016,0,0
1491,46673,12.427,372,true,4,376,370,6,0,0,370,25,3.9955,0.0018,0,0
1492,46675,1.726,372,false,4,376,370,6,0,0,370,25,3.9955,0.0018,0,0
1493,46692,16.638,372,false,4,377,370,7,0,0,370,25,3.9955,0.0018,0,0
1494,46695,2.851,372,false,4,377,370,7,0,0,371,30,3.9955,0.0018,0,0
1495,46706,11.37,373,true,3,377,371,6,0,0,371,19,6.1276,0.0021,0,0
1496,46708,2.096,373,false,3,377,371,6,0,0,371,19,6.1276,0.0021,0,0
1497,46723,14.491,373,false,3,378,371,7,0,0,371,19,6.1276,0.0021,0,0
1498,46725,2.345,373,false,3,378,371,7,0,0,371,27,6.1276,0.0021,0,0
1499,46738,12.738,373,false,3,378,371,7,0,0,371,16,6.1276,0.0021,0,0
1500,46750,12.49,374,true,4,378,372,6,0,0,372,27,3.7241,0.002,0,0
1501,46752,1.726,374,false,4,378,372,6,0,0,372,27,3.7241,0.002,0,0
1502,46769,16.783,374,false,4,378,372,6,0,0,372,27,3.7241,0.002,0,0
1503,46772,3.562,374,false,4,379,372,7,0,0,372,27,3.7241,0.002,0,0
1504,46776,3.268,374,false,4,379,372,7,0,0,372,24,3.7241,0.002,0,0
1505,46784,8.531,374,false,4,379,372,7,0,0,373,20,3.5566,0.0016,0,0
1506,46795,11.392,375,true,3,379,373,6,0,0,373,22,3.5566,0.0016,0,0
1507,46797,1.702,375,false,3,379,373,6,0,0,373,22,3.5566,0.0016,0,0
1508,46815,17.79,375,false,3,380,373,7,0,0,374,22,3.5566,0.0016,0,0
1509,46826,11.357,376,true,3,380,374,6,0,0,374,26,4.7497,0.0024,0,0
1510,46828,1.625,376,false,3,380,374,6,0,0,374,26,4.7497,0.0024,0,0
1511,46846,17.831,376,false,3,381,374,7,0,0,374,26,4.7497,0.0024,0,0
1512,46849,3.145,376,false,3,381,374,7,0,0,374,30,4.7497,0.0024,0,0
1513,46862,13.216,377,true,4,381,375,6,0,0,375,19,3.221,0.0017,0,0
1514,46864,2.178,377,false,4,381,375,6,0,0,375,19,3.221,0.0017,0,0
1515,46878,13.616,377,false,4,381,375,6,0,0,375,19,3.221,0.0017,0,0
1516,46881,3.134,377,false,4,382,375,7,0,0,375,19,3.221,0.0017,0,0
1517,46885,3.717,377,false,4,382,375,7,0,0,376,23,3.221,0.0017,0,0
1518,46897,12.348,378,true,3,382,376,6,0,0,376,22,3.2842,0.002,0,0
1519,46900,2.658,378,false,3,382,376,6,0,0,376,22,3.2842,0.002,0,0
1520,46910,10.215,378,false,3,383,376,7,0,0,376,22,3.2842,0.002,0,0
1521,46913,2.794,378,false,3,383,376,7,0,0,376,33,3.2842,0.002,0,0
1522,46925,12.394,378,false,3,383,376,7,0,0,377,19,4.5311,0.0021,0,0
1523,46939,14.184,379,true,5,383,377,6,0,0,377,54,4.5311,0.0021,0,0
1524,46942,2.713,379,false,5,383,377,6,0,0,377,54,4.5311,0.0021,0,0
1525,46946,4.183,379,false,5,383,377,6,0,0,377,54,4.5311,0.0021,0,0
1526,46957,10.282,379,false,5,384,377,7,0,0,378,54,4.5311,0.0021,0,0
1527,46968,11.952,380,true,3,384,378,6,0,0,378,27,3.8268,0.0024,0,0
1528,46971,2.813,380,false,3,384,378,6,0,0,378,27,3.8268,0.0024,0,0
1529,46988,16.272,380,false,3,384,378,6,0,0,379,27,3.8268,0.0024,0,0
1530,47001,13.15,381,true,3,385,379,6,0,0,379,27,5.6667,0.0025,0,0
1531,47002,1.772,381,false,3,385,379,6,0,0,379,27,5.6667,0.0025,0,0
1532,47019,16.743,381,false,3,386,379,7,0,0,379,27,5.6667,0.0025,0,0
1533,47022,2.422,381,false,3,386,379,7,0,0,379,28,5.6667,0.0025,0,0
1534,47034,12.035,382,true,4,386,380,6,0,0,380,33,3.6711,0.0026,0,0
1535,47036,2.191,382,false,4,386,380,6,0,0,380,33,3.6711,0.0026,0,0
1536,47050,13.837,382,false,4,386,380,6,0,0,380,33,3.6711,0.0026,0,0
1537,47053,2.906,382,false,4,387,380,7,0,0,380,33,3.6711,0.0026,0,0
1538,47065,12.535,382,false,4,387,380,7,0,0,381,27,3.663,0.0022,0,0
1539,47077,12.382,383,true,4,387,381,6,0,0,381,30,3.663,0.0022,0,0
1540,47079,1.771,383,false,4,387,381,6,0,0,381,30,3.663,0.0022,0,0
1541,47084,5.121,383,false,4,388,381,7,0,0,381,30,3.663,0.0022,0,0
1542,47096,11.782,383,false,4,388,381,7,0,0,382,24,3.663,0.0022,0,0
1543,47108,12.128,384,true,4,388,382,6,0,0,382,46,4.0179,0.0024,0,0
1544,47110,1.698,384,false,4,388,382,6,0,0,382,46,4.0179,0.0024,0,0
1545,47128,17.374,384,false,4,389,382,7,0,0,382,46,4.0179,0.0024,0,0
1546,47141,13.577,385,true,4,389,383,6,0,0,383,30,5.4048,0.0021,0,0
1547,47143,2.307,385,false,4,389,383,6,0,0,383,30,5.4048,0.0021,0,0
1548,47148,4.589,385,false,4,390,383,7,0,0,383,30,5.4048,0.0021,0,0
1549,47159,11.103,385,false,4,390,383,7,0,0,383,22,5.4048,0.0021,0,0
1550,47162,2.695,385,false,4,390,383,7,0,0,383,27,5.4048,0.0021,0,0
1551,47174,12.441,385,false,4,390,383,7,0,0,384,18,4.0132,0.0032,0,0
1552,47187,13.359,386,true,4,390,384,6,0,0,384,33,4.0132,0.0032,0,0
1553,47190,2.121,386,false,4,390,384,6,0,0,384,33,4.0132,0.0032,0,0
1554,47194,4.786,386,false,4,391,384,7,0,0,384,33,4.0132,0.0032,0,0
1555,47205,10.605,386,false,4,391,384,7,0,0,385,47,4.0132,0.0032,0,0
1556,47225,19.928,387,true,10,391,385,6,0,0,385,23,4.0166,0.0026,0,0
1557,47228,3.135,387,false,10,391,385,6,0,0,385,23,4.0166,0.0026,0,0
1558,47232,3.75,387,false,10,392,385,7,0,0,385,23,4.0166,0.0026,0,0
1559,47251,18.737,387,false,10,392,385,7,0,0,386,26,3.3069,0.0019,0,0
1560,47263,12.537,388,true,4,392,386,6,0,0,386,25,3.3069,0.0019,0,0
1561,47265,1.76,388,false,4,392,386,6,0,0,386,25,3.3069,0.0019,0,0
1562,47283,17.669,388,false,4,392,386,6,0,0,387,25,4.532,0.003,0,0
1563,47295,12.786,389,true,4,393,387,6,0,0,387,25,4.532,0.003,0,0
1564,47298,2.21,389,false,4,394,387,7,0,0,387,25,4.532,0.003,0,0
1565,47314,15.98,389,false,4,394,387,7,0,0,388,35,3.6026,0.0018,0,0
1566,47327,13.445,390,true,4,394,388,6,0,0,388,31,3.6026,0.0018,0,0
1567,47329,1.976,390,false,4,394,388,6,0,0,388,31,3.6026,0.0018,0,0
1568,47344,15.279,390,false,4,395,388,7,0,0,389,31,4.3468,0.0019,0,0
1569,47356,12.23,391,true,3,395,389,6,0,0,389,30,4.3468,0.0019,0,0
1570,47358,1.823,391,false,3,395,389,6,0,0,389,30,4.3468,0.0019,0,0
1571,47376,17.385,391,false,3,396,389,7,0,0,390,30,4.3468,0.0019,0,0
1572,47387,11.78,392,true,3,396,390,6,0,0,390,29,4.4837,0.0023,0,0
1573,47389,1.743,392,false,3,396,390,6,0,0,390,29,4.4837,0.0023,0,0
1574,47407,17.716,392,false,3,397,390,7,0,0,390,29,4.4837,0.0023,0,0
1575,47420,13.57,393,true,4,397,391,6,0,0,391,30,3.721,0.0023,0,0
1576,47422,2.071,393,false,4,397,391,6,0,0,391,30,3.721,0.0023,0,0
1577,47438,14.919,393,false,4,398,391,7,0,0,391,30,3.721,0.0023,0,0
1578,47441,3.111,393,false,4,398,391,7,0,0,391,31,3.721,0.0023,0,0
1579,47444,3.793,393,false,4,398,391,7,0,0,392,20,3.721,0.0023,0,0
1580,47456,11.524,394,true,3,398,392,6,0,0,392,18,3.2278,0.0019,0,0
1581,47458,2.243,394,false,3,398,392,6,0,0,392,18,3.2278,0.0019,0,0
1582,47468,10.063,394,false,3,399,392,7,0,0,392,18,3.2278,0.0019,0,0
1583,47472,3.739,394,false,3,399,392,7,0,0,392,26,3.2278,0.0019,0,0
1584,47484,11.944,394,false,3,399,392,7,0,0,393,17,3.32,0.0019,0,0
1585,47497,12.715,395,true,4,399,393,6,0,0,393,19,3.32,0.0019,0,0
1586,47499,2.322,395,false,4,399,393,6,0,0,393,19,3.32,0.0019,0,0
1587,47515,15.861,395,false,4,399,393,6,0,0,394,19,3.416,0.002,0,0
1588,47527,12.371,396,true,3,400,394,6,0,0,394,19,3.416,0.002,0,0
1589,47529,1.734,396,false,3,400,394,6,0,0,394,19,3.416,0.002,0,0
1590,47546,16.974,396,false,3,401,394,7,0,0,394,19,3.416,0.002,0,0
1591,47548,2.565,396,false,3,401,394,7,0,0,394,29,3.416,0.002,0,0
1592,47555,6.337,397,true,4,401,395,6,0,0,395,20,3.416,0.002,0,0
1593,47563,7.962,397,false,4,401,395,6,0,0,395,20,6.8537,0.0029,0,0
1594,47566,3.748,397,false,4,401,395,6,0,0,395,20,6.8537,0.0029,0,0
1595,47577,10.948,397,false,4,401,395,6,0,0,395,20,6.8537,0.0029,0,0
1596,47581,3.627,397,false,4,402,395,7,0,0,395,20,6.8537,0.0029,0,0
1597,47593,11.524,397,false,4,402,395,7,0,0,396,24,6.8537,0.0029,0,0
1598,47607,14.233,398,true,5,402,396,6,0,0,396,28,3.9043,0.003,0,0
1599,47609,2.352,398,false,5,402,396,6,0,0,396,28,3.9043,0.003,0,0
1600,47623,14.279,398,false,5,403,396,7,0,0,396,28,3.9043,0.003,0,0
1601,47635,12.072,399,true,3,403,397,6,0,0,397,29,3.6058,0.0029,0,0
1602,47637,1.702,399,false,3,403,397,6,0,0,397,29,3.6058,0.0029,0,0
1603,47655,18.025,399,false,3,403,397,6,0,0,397,29,3.6058,0.0029,0,0
1604,47669,13.799,400,true,4,404,398,6,0,0,398,29,3.5772,0.0019,0,0
1605,47672,2.691,400,false,4,405,398,7,0,0,398,29,3.5772,0.0019,0,0
1606,47687,15.045,400,false,4,405,398,7,0,0,398,26,3.5772,0.0019,0,0
1607,47690,2.985,400,false,4,405,398,7,0,0,398,33,3.5772,0.0019,0,0
1608,47693,3.853,400,false,4,405,398,7,0,0,399,20,3.5772,0.0019,0,0
1609,47708,14.235,401,true,4,405,399,6,0,0,399,19,3.6198,0.0025,0,0
1610,47710,2.072,401,false,4,405,399,6,0,0,399,19,3.6198,0.0025,0,0
1611,47718,8.13,401,false,4,406,399,7,0,0,399,19,3.6198,0.0025,0,0
1612,47721,3.614,401,false,4,406,399,7,0,0,399,25,3.6198,0.0025,0,0
1613,47733,10.916,401,false,4,406,399,7,0,0,400,16,3.3274,0.0017,0,0
1614,47745,12.144,402,true,4,406,400,6,0,0,400,25,3.3274,0.0017,0,0
1615,47747,2.022,402,false,4,406,400,6,0,0,400,25,3.3274,0.0017,0,0
1616,47765,17.788,402,false,4,406,400,6,0,0,401,25,4.349,0.0025,0,0
1617,47778,13.179,403,true,4,407,401,6,0,0,401,25,4.349,0.0025,0,0
1618,47780,1.688,403,false,4,407,401,6,0,0,401,25,4.349,0.0025,0,0
1619,47795,16.013,403,false,4,408,401,7,0,0,402,25,4.349,0.0025,0,0
1620,47807,12.018,404,true,3,408,402,6,0,0,402,26,4.506,0.0023,0,0
1621,47809,2.225,404,false,3,408,402,6,0,0,402,26,4.506,0.0023,0,0
1622,47814,4.674,404,false,3,409,402,7,0,0,402,26,4.506,0.0023,0,0
1623,47827,12.34,404,false,3,409,402,7,0,0,402,22,4.506,0.0023,0,0
1624,47829,2.885,404,false,3,409,402,7,0,0,403,34,4.506,0.0023,0,0
1625,47835,5.782,405,true,3,409,403,6,0,0,403,17,4.506,0.0023,0,0
1626,47842,6.893,405,false,3,409,403,6,0,0,403,16,6.2595,0.0023,0,0
1627,47859,16.638,405,false,3,409,403,6,0,0,403,16,6.2595,0.0023,0,0
1628,47862,3.144,405,false,3,410,403,7,0,0,403,16,6.2595,0.0023,0,0
1629,47865,3.671,405,false,3,410,403,7,0,0,403,23,6.2595,0.0023,0,0
1630,47877,11.792,406,true,3,410,404,6,0,0,404,17,3.4073,0.0026,0,0
1631,47879,2.02,406,false,3,410,404,6,0,0,404,17,3.4073,0.0026,0,0
1632,47889,9.191,406,false,3,410,404,6,0,0,404,17,3.4073,0.0026,0,0
1633,47893,4.622,406,false,3,411,404,7,0,0,404,17,3.4073,0.0026,0,0
1634,47904,10.235,406,false,3,411,404,7,0,0,405,27,3.4073,0.0026,0,0
1635,47917,13.142,407,true,4,411,405,6,0,0,405,40,4.1331,0.0022,0,0
1636,47918,1.863,407,false,4,411,405,6,0,0,405,40,4.1331,0.0022,0,0
1637,47934,15.479,407,false,4,412,405,7,0,0,406,40,4.1331,0.0022,0,0
1638,47946,11.758,408,true,4,412,406,6,0,0,406,26,3.7069,0.0024,0,0
1639,47947,1.655,408,false,4,412,406,6,0,0,406,26,3.7069,0.0024,0,0
1640,47965,17.696,408,false,4,413,406,7,0,0,406,26,3.7069,0.0024,0,0
1641,47986,20.834,409,true,9,413,407,6,0,0,407,31,4.7825,0.003,0,0
1642,47988,2.054,409,false,9,413,407,6,0,0,407,31,4.7825,0.003,0,0
1643,47997,9.107,409,false,9,414,407,7,0,0,407,31,4.7825,0.003,0,0
1644,48000,2.693,409,false,9,414,407,7,0,0,408,27,4.7825,0.003,0,0
1645,48011,11.167,410,true,3,414,408,6,0,0,408,16,3.3493,0.0018,0,0
1646,48014,2.548,410,false,3,414,408,6,0,0,408,16,3.3493,0.0018,0,0
1647,48028,14.744,410,false,3,415,408,7,0,0,408,16,3.3493,0.0018,0,0
1648,48031,2.483,410,false,3,415,408,7,0,0,408,28,3.3493,0.0018,0,0
1649,48044,13.204,410,false,3,415,408,7,0,0,409,26,3.3932,0.0028,0,0
1650,48057,13.144,411,true,4,415,409,6,0,0,409,34,3.3932,0.0028,0,0
1651,48059,2.186,411,false,4,415,409,6,0,0,409,34,3.3932,0.0028,0,0
1652,48064,4.697,411,false,4,416,409,7,0,0,409,34,3.3932,0.0028,0,0
1653,48075,10.742,411,false,4,416,409,7,0,0,410,24,3.4568,0.0022,0,0
1654,48087,12.339,412,true,4,416,410,6,0,0,410,24,3.4568,0.0022,0,0
1655,48089,1.981,412,false,4,416,410,6,0,0,410,24,3.4568,0.0022,0,0
1656,48107,17.334,412,false,4,416,410,6,0,0,411,24,3.4977,0.0016,0,0
1657,48119,13.239,413,true,4,417,411,6,0,0,411,24,3.4977,0.0016,0,0
1658,48122,2.505,413,false,4,417,411,6,0,0,411,24,3.4977,0.0016,0,0
1659,48138,15.567,413,false,4,418,411,7,0,0,412,24,3.2997,0.0016,0,0
1660,48151,13.854,414,true,4,418,412,6,0,0,412,29,3.2997,0.0016,0,0
1661,48154,2.583,414,false,4,418,412,6,0,0,412,29,3.2997,0.0016,0,0
1662,48158,4.315,414,false,4,419,412,7,0,0,412,29,3.2997,0.0016,0,0
1663,48168,10.068,414,false,4,419,412,7,0,0,412,27,3.2997,0.0016,0,0
1664,48180,11.73,415,true,4,419,413,6,0,0,413,29,5.124,0.0021,0,0
1665,48182,1.883,415,false,4,419,413,6,0,0,413,29,5.124,0.0021,0,0
1666,48187,5.02,415,false,4,420,413,7,0,0,413,29,5.124,0.0021,0,0
1667,48199,11.816,415,false,4,420,413,7,0,0,413,22,5.124,0.0021,0,0
1668,48201,2.468,415,false,4,420,413,7,0,0,413,51,5.124,0.0021,0,0
1669,48214,12.572,415,false,4,420,413,7,0,0,414,17,3.8599,0.0023,0,0
1670,48227,13.456,416,true,4,420,414,6,0,0,414,25,3.8599,0.0023,0,0
1671,48230,2.478,416,false,4,420,414,6,0,0,414,25,3.8599,0.0023,0,0
1672,48245,14.975,416,false,4,420,414,6,0,0,415,25,3.7358,0.0021,0,0
1673,48259,14.01,417,true,3,421,415,6,0,0,415,25,3.7358,0.0021,0,0
1674,48261,2.283,417,false,3,421,415,6,0,0,415,25,3.7358,0.0021,0,0
1675,48266,4.609,417,false,3,422,415,7,0,0,415,25,3.7358,0.0021,0,0
1676,48275,9.313,417,false,3,422,415,7,0,0,415,25,3.7358,0.0021,0,0
1677,48291,15.762,417,false,3,422,415,7,0,0,416,23,3.2403,0.0034,0,0
1678,48306,14.938,418,true,5,422,416,6,0,0,416,26,3.2403,0.0034,0,0
1679,48309,2.432,418,false,5,422,416,6,0,0,416,26,3.2403,0.0034,0,0
1680,48313,4.454,418,false,5,423,416,7,0,0,416,26,3.2403,0.0034,0,0
1681,48325,12.112,419,true,3,423,417,6,0,0,417,27,3.2682,0.0016,0,0
1682,48327,2.486,419,false,3,423,417,6,0,0,417,27,3.2682,0.0016,0,0
1683,48338,10.906,419,false,3,424,417,7,0,0,417,27,3.2682,0.0016,0,0
1684,48341,2.586,419,false,3,424,417,7,0,0,417,64,3.2682,0.0016,0,0
1685,48354,13.424,419,false,3,424,417,7,0,0,418,19,3.6096,0.002,0,0
1686,48369,14.634,420,true,5,424,418,6,0,0,418,25,3.6096,0.002,0,0
1687,48372,2.927,420,false,5,424,418,6,0,0,418,25,3.6096,0.002,0,0
1688,48376,3.965,420,false,5,425,418,7,0,0,418,25,3.6096,0.002,0,0
1689,48385,9.473,420,false,5,425,418,7,0,0,419,26,3.6096,0.002,0,0
1690,48398,12.597,421,true,4,425,419,6,0,0,419,27,7.5261,0.0037,0,0
1691,48399,1.792,421,false,4,425,419,6,0,0,419,27,7.5261,0.0037,0,0
1692,48415,15.789,421,false,4,425,419,6,0,0,419,27,7.5261,0.0037,0,0
1693,48418,2.761,421,false,4,426,419,7,0,0,419,27,7.5261,0.0037,0,0
1694,48431,12.611,421,false,4,426,419,7,0,0,420,23,3.6007,0.0018,0,0
1695,48443,12.211,422,true,4,426,420,6,0,0,420,25,3.6007,0.0018,0,0
1696,48444,1.614,422,false,4,426,420,6,0,0,420,25,3.6007,0.0018,0,0
1697,48461,16.759,422,false,4,426,420,6,0,0,421,25,3.6918,0.002,0,0
1698,48474,13.259,423,true,4,427,421,6,0,0,421,25,3.6918,0.002,0,0
1699,48477,1.898,423,false,4,427,421,6,0,0,421,25,3.6918,0.002,0,0
1700,48494,17.097,423,false,4,428,421,7,0,0,422,25,3.4871,0.0027,0,0
1701,48507,13.372,424,true,4,428,422,6,0,0,422,27,3.4871,0.0027,0,0
1702,48510,3.024,424,false,4,429,422,7,0,0,422,27,3.4871,0.0027,0,0
1703,48514,3.868,424,false,4,429,422,7,0,0,422,27,3.4871,0.0027,0,0
1704,48524,10.618,424,false,4,429,422,7,0,0,422,18,3.4871,0.0027,0,0
1705,48538,13.451,425,true,4,429,423,6,0,0,423,27,4.1427,0.0313,0,0
1706,48540,2.325,425,false,4,429,423,6,0,0,423,27,4.1427,0.0313,0,0
1707,48556,15.303,425,false,4,429,423,6,0,0,423,27,4.1427,0.0313,0,0
1708,48559,3.187,425,false,4,430,423,7,0,0,423,27,4.1427,0.0313,0,0
1709,48570,11.207,426,true,3,430,424,6,0,0,424,26,3.3419,0.002,0,0
1710,48572,2.145,426,false,3,430,424,6,0,0,424,26,3.3419,0.002,0,0
1711,48577,4.755,426,false,3,431,424,7,0,0,424,26,3.3419,0.002,0,0
1712,48587,10.007,426,false,3,431,424,7,0,0,424,24,3.3419,0.002,0,0
1713,48590,3.79,426,false,3,431,424,7,0,0,424,20,3.3419,0.002,0,0
1714,48603,11.98,426,false,3,431,424,7,0,0,425,16,4.4967,0.002,0,0
1715,48615,12.544,427,true,4,431,425,6,0,0,425,20,4.4967,0.002,0,0
1716,48617,1.961,427,false,4,431,425,6,0,0,425,20,4.4967,0.002,0,0
1717,48634,16.676,427,false,4,431,425,6,0,0,426,20,4.4967,0.002,0,0
1718,48647,12.928,428,true,3,432,426,6,0,0,426,20,4.0046,0.003,0,0
1719,48648,1.7,428,false,3,432,426,6,0,0,426,20,4.0046,0.003,0,0
1720,48665,16.411,428,false,3,433,426,7,0,0,427,20,4.0046,0.003,0,0
1721,48677,12.364,429,true,4,433,427,6,0,0,427,44,4.9591,0.0022,0,0
1722,48679,1.711,429,false,4,433,427,6,0,0,427,44,4.9591,0.0022,0,0
1723,48697,17.673,429,false,4,434,427,7,0,0,427,44,4.9591,0.0022,0,0
1724,48712,15.312,430,true,6,434,428,6,0,0,428,28,3.3544,0.0016,0,0
1725,48714,1.975,430,false,6,434,428,6,0,0,428,28,3.3544,0.0016,0,0
1726,48727,13.705,430,false,6,435,428,7,0,0,428,28,3.3544,0.0016,0,0
1727,48729,1.384,430,false,6,435,428,7,0,0,428,17,3.3544,0.0016,0,0
1728,48743,14.441,430,false,6,435,428,7,0,0,429,14,4.4254,0.0019,0,0
1729,48767,23.343,431,true,10,435,429,6,0,0,429,30,4.4254,0.0019,0,0
1730,48780,12.973,432,true,4,436,430,6,0,0,430,30,3.3566,0.0021,0,0
1731,48782,1.992,432,false,4,436,430,6,0,0,430,30,3.3566,0.0021,0,0
1732,48789,7.087,432,false,4,437,430,7,0,0,430,30,3.3566,0.0021,0,0
1733,48804,14.914,432,false,4,437,430,7,0,0,430,24,3.3566,0.0021,0,0
1734,48817,13.918,433,true,4,437,431,6,0,0,431,24,6.7249,0.0027,0,0
1735,48820,2.925,433,false,4,438,431,7,0,0,431,24,6.7249,0.0027,0,0
1736,48824,3.968,433,false,4,438,431,7,0,0,431,21,6.7249,0.0027,0,0
1737,48835,10.149,433,false,4,438,431,7,0,0,431,23,6.7249,0.0027,0,0
1738,48839,3.661,433,false,4,438,431,7,0,0,431,20,6.7249,0.0027,0,0
1739,48851,12.279,433,false,4,438,431,7,0,0,432,18,3.6389,0.0021,0,0
1740,48862,11.785,434,true,3,438,432,6,0,0,432,42,3.6389,0.0021,0,0
1741,48864,1.966,434,false,3,438,432,6,0,0,432,42,3.6389,0.0021,0,0
1742,48881,16.478,434,false,3,438,432,6,0,0,433,42,3.1535,0.0017,0,0
1743,48894,13.766,435,true,4,439,433,6,0,0,433,42,3.1535,0.0017,0,0
1744,48897,2.284,435,false,4,439,433,6,0,0,433,42,3.1535,0.0017,0,0
1745,48912,14.243,435,false,4,440,433,7,0,0,434,42,2.0284,0.0014,0,0
1746,48924,13.262,436,true,4,440,434,6,0,0,434,26,2.0284,0.0014,0,0
1747,48926,1.929,436,false,4,440,434,6,0,0,434,26,2.0284,0.0014,0,0
1748,48931,4.966,436,false,4,441,434,7,0,0,434,26,2.0284,0.0014,0,0
1749,48943,11.688,436,false,4,441,434,7,0,0,435,25,2.0284,0.0014,0,0
1750,48956,12.864,437,true,3,441,435,6,0,0,435,51,5.1535,0.0019,0,0
1751,48957,1.76,437,false,3,441,435,6,0,0,435,51,5.1535,0.0019,0,0
1752,48963,5.17,437,false,3,442,435,7,0,0,435,51,5.1535,0.0019,0,0
1753,48974,11.537,437,false,3,442,435,7,0,0,435,24,5.1535,0.0019,0,0
1754,48986,11.917,438,true,3,442,436,6,0,0,436,31,4.5499,0.0018,0,0
1755,48988,1.658,438,false,3,442,436,6,0,0,436,31,4.5499,0.0018,0,0
1756,49006,17.998,438,false,3,442,436,6,0,0,436,31,4.5499,0.0018,0,0
1757,49009,3.463,438,false,3,443,436,7,0,0,436,31,4.5499,0.0018,0,0
1758,49013,3.381,438,false,3,443,436,7,0,0,436,24,4.5499,0.0018,0,0
1759,49025,12.455,439,true,3,443,437,6,0,0,437,24,4.5679,0.0021,0,0
1760,49027,2.18,439,false,3,443,437,6,0,0,437,24,4.5679,0.0021,0,0
1761,49036,8.53,439,false,3,444,437,7,0,0,437,24,4.5679,0.0021,0,0
1762,49040,4.407,439,false,3,444,437,7,0,0,437,25,4.5679,0.0021,0,0
1763,49051,11.25,439,false,3,444,437,7,0,0,438,69,4.5679,0.0021,0,0
1764,49065,13.827,440,true,4,444,438,6,0,0,438,18,3.7621,0.0023,0,0
1765,49068,2.417,440,false,4,444,438,6,0,0,438,18,3.7621,0.0023,0,0
1766,49082,14.267,440,false,4,444,438,6,0,0,438,18,3.7621,0.0023,0,0
1767,49085,3.31,440,false,4,445,438,7,0,0,438,18,3.7621,0.0023,0,0
1768,49098,12.908,441,true,4,445,439,6,0,0,439,27,3.6763,0.0022,0,0
1769,49101,2.642,441,false,4,445,439,6,0,0,439,27,3.6763,0.0022,0,0
1770,49105,4.243,441,false,4,446,439,7,0,0,439,27,3.6763,0.0022,0,0
1771,49113,8.11,441,false,4,446,439,7,0,0,439,23,3.6763,0.0022,0,0
1772,49130,16.363,441,false,4,446,439,7,0,0,440,19,3.7105,0.0021,0,0
1773,49142,12.262,442,true,4,446,440,6,0,0,440,33,3.7105,0.0021,0,0
1774,49143,1.718,442,false,4,446,440,6,0,0,440,33,3.7105,0.0021,0,0
1775,49160,16.316,442,false,4,446,440,6,0,0,441,33,3.0883,0.0022,0,0
1776,49173,12.814,443,true,4,447,441,6,0,0,441,33,3.0883,0.0022,0,0
1777,49174,1.779,443,false,4,447,441,6,0,0,441,33,3.0883,0.0022,0,0
1778,49191,16.555,443,false,4,448,441,7,0,0,442,33,3.1323,0.0018,0,0
1779,49204,12.963,444,true,4,448,442,6,0,0,442,214,3.1323,0.0018,0,0
1780,49207,2.702,444,false,4,449,442,7,0,0,442,214,3.1323,0.0018,0,0
1781,49221,14.633,444,false,4,449,442,7,0,0,443,27,3.1323,0.0018,0,0
1782,49233,11.854,445,true,3,449,443,6,0,0,443,26,7.2121,0.0026,0,0
1783,49235,1.74,445,false,3,449,443,6,0,0,443,26,7.2121,0.0026,0,0
1784,49253,17.522,445,false,3,450,443,7,0,0,443,26,7.2121,0.0026,0,0
1785,49256,3.523,445,false,3,450,443,7,0,0,443,49,7.2121,0.0026,0,0
1786,49270,13.674,446,true,4,450,444,6,0,0,444,27,3.9224,0.0022,0,0
1787,49272,2.119,446,false,4,450,444,6,0,0,444,27,3.9224,0.0022,0,0
1788,49284,11.649,446,false,4,450,444,6,0,0,444,27,3.9224,0.0022,0,0
1789,49286,2.635,446,false,4,451,444,7,0,0,444,27,3.9224,0.0022,0,0
1790,49299,12.495,446,false,4,451,444,7,0,0,445,23,3.4483,0.0017,0,0
1791,49314,14.52,447,true,4,451,445,6,0,0,445,24,3.4483,0.0017,0,0
1792,49316,3.025,447,false,4,451,445,6,0,0,445,24,3.4483,0.0017,0,0
1793,49320,3.845,447,false,4,452,445,7,0,0,445,24,3.4483,0.0017,0,0
1794,49329,9.359,447,false,4,452,445,7,0,0,446,28,3.4483,0.0017,0,0
1795,49342,12.823,448,true,4,452,446,6,0,0,446,21,3.7098,0.002,0,0
1796,49344,1.822,448,false,4,452,446,6,0,0,446,21,3.7098,0.002,0,0
1797,49360,15.669,448,false,4,453,446,7,0,0,446,21,3.7098,0.002,0,0
1798,49374,14.327,449,true,4,453,447,6,0,0,447,30,3.8329,0.0023,0,0
1799,49377,2.983,449,false,4,453,447,6,0,0,447,30,3.8329,0.0023,0,0
1800,49381,3.908,449,false,4,454,447,7,0,0,447,30,3.8329,0.0023,0,0
1801,49390,9.182,449,false,4,454,447,7,0,0,447,24,3.8329,0.0023,0,0
1802,49406,15.886,449,false,4,454,447,7,0,0,448,25,3.4615,0.0021,0,0
1803,49419,12.913,450,true,4,454,448,6,0,0,448,46,3.4615,0.0021,0,0
1804,49421,1.766,450,false,4,454,448,6,0,0,448,46,3.4615,0.0021,0,0
1805,49437,16.167,450,false,4,455,448,7,0,0,449,46,4.3623,0.0017,0,0
1806,49449,12,451,true,4,455,449,6,0,0,449,27,4.3623,0.0017,0,0
1807,49451,2.063,451,false,4,455,449,6,0,0,449,27,4.3623,0.0017,0,0
1808,49468,17.558,451,false,4,456,449,7,0,0,450,27,3.4143,0.0024,0,0
1809,49481,12.897,452,true,4,456,450,6,0,0,450,26,3.4143,0.0024,0,0
1810,49483,2.097,452,false,4,456,450,6,0,0,450,26,3.4143,0.0024,0,0
1811,49493,9.763,452,false,4,457,450,7,0,0,450,26,3.4143,0.0024,0,0
1812,49496,2.775,452,false,4,457,450,7,0,0,451,25,3.4143,0.0024,0,0
1813,49509,13.359,453,true,5,457,451,6,0,0,451,25,5.2553,0.003,0,0
1814,49511,1.914,453,false,5,457,451,6,0,0,451,25,5.2553,0.003,0,0
1815,49529,18.031,453,false,5,458,451,7,0,0,452,25,5.2553,0.003,0,0
1816,49541,11.716,454,true,3,458,452,6,0,0,452,27,3.1988,0.0018,0,0
1817,49543,1.888,454,false,3,458,452,6,0,0,452,27,3.1988,0.0018,0,0
1818,49560,17.204,454,false,3,458,452,6,0,0,452,27,3.1988,0.0018,0,0
1819,49572,11.999,455,true,3,459,453,6,0,0,453,27,3.2809,0.0019,0,0
1820,49574,1.799,455,false,3,459,453,6,0,0,453,27,3.2809,0.0019,0,0
1821,49591,16.347,455,false,3,460,453,7,0,0,453,27,3.2809,0.0019,0,0
1822,49593,2.912,455,false,3,460,453,7,0,0,454,29,3.2809,0.0019,0,0
1823,49605,11.676,456,true,4,460,454,6,0,0,454,25,3.4405,0.0023,0,0
1824,49607,2.261,456,false,4,460,454,6,0,0,454,25,3.4405,0.0023,0,0
1825,49622,14.995,456,false,4,461,454,7,0,0,454,25,3.4405,0.0023,0,0
1826,49625,2.662,456,false,4,461,454,7,0,0,454,28,3.4405,0.0023,0,0
1827,49637,12.266,457,true,4,461,455,6,0,0,455,22,4.9564,0.0019,0,0
1828,49639,2.346,457,false,4,461,455,6,0,0,455,22,4.9564,0.0019,0,0
1829,49644,4.549,457,false,4,462,455,7,0,0,455,22,4.9564,0.0019,0,0
1830,49654,9.941,457,false,4,462,455,7,0,0,455,22,4.9564,0.0019,0,0
1831,49657,3.835,457,false,4,462,455,7,0,0,455,20,4.9564,0.0019,0,0
1832,49669,11.274,457,false,4,462,455,7,0,0,456,17,3.2996,0.0018,0,0
1833,49680,11.058,458,true,3,462,456,6,0,0,456,19,3.2996,0.0018,0,0
1834,49681,1.629,458,false,3,462,456,6,0,0,456,19,3.2996,0.0018,0,0
1835,49700,17.987,458,false,3,463,456,7,0,0,457,19,3.4856,0.0019,0,0
1836,49711,11.786,459,true,3,463,457,6,0,0,457,25,3.4856,0.0019,0,0
1837,49713,1.721,459,false,3,463,457,6,0,0,457,25,3.4856,0.0019,0,0
1838,49731,17.573,459,false,3,463,457,6,0,0,458,25,3.386,0.0021,0,0
1839,49743,12.039,460,true,3,464,458,6,0,0,458,25,3.386,0.0021,0,0
1840,49744,1.609,460,false,3,464,458,6,0,0,458,25,3.386,0.0021,0,0
1841,49761,16.775,460,false,3,465,458,7,0,0,458,25,3.386,0.0021,0,0
1842,49773,11.854,461,true,4,465,459,6,0,0,459,31,5.0935,0.0023,0,0
1843,49775,1.743,461,false,4,465,459,6,0,0,459,31,5.0935,0.0023,0,0
1844,49792,17.738,461,false,4,466,459,7,0,0,459,31,5.0935,0.0023,0,0
1845,49795,2.325,461,false,4,466,459,7,0,0,459,27,5.0935,0.0023,0,0
1846,49808,13.175,461,false,4,466,459,7,0,0,460,15,3.3542,0.0021,0,0
1847,49823,15.619,462,true,5,466,460,6,0,0,460,34,3.3542,0.0021,0,0
1848,49826,2.567,462,false,5,466,460,6,0,0,460,34,3.3542,0.0021,0,0
1849,49830,4.32,462,false,5,467,460,7,0,0,460,34,3.3542,0.0021,0,0
1850,49838,7.748,462,false,5,467,460,7,0,0,461,24,4.3983,0.0018,0,0
1851,49851,13.082,463,true,4,467,461,6,0,0,461,23,4.3983,0.0018,0,0
1852,49853,1.812,463,false,4,467,461,6,0,0,461,23,4.3983,0.0018,0,0
1853,49869,16.215,463,false,4,468,461,7,0,0,462,23,4.3983,0.0018,0,0
1854,49884,14.973,464,true,6,468,462,6,0,0,462,27,3.8754,0.0024,0,0
1855,49886,2.308,464,false,6,468,462,6,0,0,462,27,3.8754,0.0024,0,0
1856,49900,13.201,464,false,6,469,462,7,0,0,462,27,3.8754,0.0024,0,0
1857,49915,15.804,465,true,4,469,463,6,0,0,463,27,3.3628,0.0021,0,0
1858,49918,2.383,465,false,4,469,463,6,0,0,463,27,3.3628,0.0021,0,0
1859,49931,13.009,465,false,4,470,463,7,0,0,463,27,3.3628,0.0021,0,0
1860,49934,2.773,465,false,4,470,463,7,0,0,463,28,3.3628,0.0021,0,0
1861,49948,14.221,466,true,5,470,464,6,0,0,464,24,3.3483,0.0022,0,0
1862,49950,1.957,466,false,5,470,464,6,0,0,464,24,3.3483,0.0022,0,0
1863,49962,12.468,466,false,5,471,464,7,0,0,464,24,3.3483,0.0022,0,0
1864,49965,2.378,466,false,5,471,464,7,0,0,464,29,3.3483,0.0022,0,0
1865,49978,12.982,466,false,5,471,464,7,0,0,465,19,4.1493,0.0028,0,0
1866,49990,11.994,467,true,4,471,465,6,0,0,465,24,4.1493,0.0028,0,0
1867,49991,1.651,467,false,4,471,465,6,0,0,465,24,4.1493,0.0028,0,0
1868,50008,16.588,467,false,4,471,465,6,0,0,466,24,3.0757,0.0019,0,0
1869,50020,11.916,468,true,4,472,466,6,0,0,466,24,3.0757,0.0019,0,0
1870,50021,1.631,468,false,4,472,466,6,0,0,466,24,3.0757,0.0019,0,0
1871,50038,16.959,468,false,4,473,466,7,0,0,467,24,3.0757,0.0019,0,0
1872,50050,11.771,469,true,3,473,467,6,0,0,467,26,6.3919,0.0022,0,0
1873,50052,1.673,469,false,3,473,467,6,0,0,467,26,6.3919,0.0022,0,0
1874,50069,17.534,469,false,3,474,467,7,0,0,467,26,6.3919,0.0022,0,0
1875,50072,2.666,469,false,3,474,467,7,0,0,467,27,6.3919,0.0022,0,0
1876,50085,12.139,470,true,4,474,468,6,0,0,468,24,3.4016,0.0023,0,0
1877,50087,2.795,470,false,4,474,468,6,0,0,468,24,3.4016,0.0023,0,0
1878,50092,4.105,470,false,4,474,468,6,0,0,468,24,3.4016,0.0023,0,0
1879,50101,9.528,470,false,4,475,468,7,0,0,468,24,3.4016,0.0023,0,0
1880,50105,4.272,470,false,4,475,468,7,0,0,468,43,3.4016,0.0023,0,0
1881,50116,11.045,470,false,4,475,468,7,0,0,469,18,4.554,0.0024,0,0
1882,50129,13.169,471,true,4,475,469,6,0,0,469,19,4.554,0.0024,0,0
1883,50131,1.852,471,false,4,475,469,6,0,0,469,19,4.554,0.0024,0,0
1884,50147,15.607,471,false,4,476,469,7,0,0,470,19,4.554,0.0024,0,0
1885,50160,13.249,472,true,4,476,470,6,0,0,470,34,3.8057,0.0018,0,0
1886,50162,2.099,472,false,4,476,470,6,0,0,470,34,3.8057,0.0018,0,0
1887,50167,4.797,472,false,4,477,470,7,0,0,470,34,3.8057,0.0018,0,0
1888,50177,10.532,472,false,4,477,470,7,0,0,471,23,3.8057,0.0018,0,0
1889,50191,13.593,473,true,4,477,471,6,0,0,471,24,4.3947,0.0027,0,0
1890,50193,2.053,473,false,4,477,471,6,0,0,471,24,4.3947,0.0027,0,0
1891,50198,4.844,473,false,4,478,471,7,0,0,471,24,4.3947,0.0027,0,0
1892,50208,9.979,473,false,4,478,471,7,0,0,471,24,4.3947,0.0027,0,0
1893,50212,3.815,473,false,4,478,471,7,0,0,472,21,4.3947,0.0027,0,0
1894,50225,14.043,474,true,4,478,472,6,0,0,472,58,4.0045,0.0021,0,0
1895,50227,1.817,474,false,4,478,472,6,0,0,472,58,4.0045,0.0021,0,0
1896,50240,12.151,474,false,4,478,472,6,0,0,472,58,4.0045,0.0021,0,0
1897,50262,22.085,475,true,4,479,473,6,0,0,473,58,4.8794,0.002,0,0
1898,50263,1.905,475,false,4,479,473,6,0,0,473,58,4.8794,0.002,0,0
1899,50271,7.512,475,false,4,480,473,7,0,0,473,58,4.8794,0.002,0,0
1900,50275,4.356,475,false,4,480,473,7,0,0,473,25,4.8794,0.002,0,0
1901,50287,11.062,475,false,4,480,473,7,0,0,474,18,3.368,0.0019,0,0
1902,50302,15.629,476,true,5,480,474,6,0,0,474,28,3.368,0.0019,0,0
1903,50304,2.106,476,false,5,480,474,6,0,0,474,28,3.368,0.0019,0,0
1904,50317,12.996,476,false,5,481,474,7,0,0,474,28,3.368,0.0019,0,0
1905,50320,2.945,476,false,5,481,474,7,0,0,474,105,3.368,0.0019,0,0
1906,50333,12.944,477,true,4,481,475,6,0,0,475,32,4.6513,0.0025,0,0
1907,50336,3.152,477,false,4,481,475,6,0,0,475,32,4.6513,0.0025,0,0
1908,50340,4.106,477,false,4,482,475,7,0,0,475,32,4.6513,0.0025,0,0
1909,50348,7.557,477,false,4,482,475,7,0,0,475,22,4.6513,0.0025,0,0
1910,50364,15.793,477,false,4,482,475,7,0,0,476,24,3.4774,0.0019,0,0
1911,50377,13.02,478,true,4,482,476,6,0,0,476,21,3.4774,0.0019,0,0
1912,50379,2.446,478,false,4,482,476,6,0,0,476,21,3.4774,0.0019,0,0
1913,50394,14.868,478,false,4,482,476,6,0,0,476,21,3.4774,0.0019,0,0
1914,50408,14.543,479,true,5,483,477,6,0,0,477,21,4.7199,0.0031,0,0
1915,50411,2.702,479,false,5,483,477,6,0,0,477,21,4.7199,0.0031,0,0
1916,50415,4.191,479,false,5,484,477,7,0,0,477,21,4.7199,0.0031,0,0
1917,50426,10.335,479,false,5,484,477,7,0,0,477,24,4.7199,0.0031,0,0
1918,50429,3.507,479,false,5,484,477,7,0,0,477,26,4.7199,0.0031,0,0
1919,50443,13.89,480,true,4,484,478,6,0,0,478,40,3.3769,0.0019,0,0
1920,50445,1.867,480,false,4,484,478,6,0,0,478,40,3.3769,0.0019,0,0
1921,50457,11.588,480,false,4,485,478,7,0,0,478,40,3.3769,0.0019,0,0
1922,50459,2.466,480,false,4,485,478,7,0,0,478,50,3.3769,0.0019,0,0
1923,50473,13.377,480,false,4,485,478,7,0,0,479,23,5.5235,0.0023,0,0
1924,50486,13.182,481,true,4,485,479,6,0,0,479,24,5.5235,0.0023,0,0
1925,50487,1.713,481,false,4,485,479,6,0,0,479,24,5.5235,0.0023,0,0
1926,50504,16.175,481,false,4,485,479,6,0,0,480,24,3.2571,0.0016,0,0
1927,50518,14.257,482,true,4,486,480,6,0,0,480,24,3.2571,0.0016,0,0
1928,50522,3.841,482,false,4,487,480,7,0,0,480,24,3.2571,0.0016,0,0
1929,50525,3.023,482,false,4,487,480,7,0,0,480,24,3.2571,0.0016,0,0
1930,50534,9.409,482,false,4,487,480,7,0,0,481,20,3.2571,0.0016,0,0
1931,50547,12.936,483,true,4,487,481,6,0,0,481,22,3.8025,0.002,0,0
1932,50549,1.719,483,false,4,487,481,6,0,0,481,22,3.8025,0.002,0,0
1933,50565,16.057,483,false,4,487,481,6,0,0,481,22,3.8025,0.002,0,0
1934,50573,8.306,484,true,4,488,482,6,0,0,482,22,5.7784,0.0022,0,0
1935,50582,9.284,484,false,4,488,482,6,0,0,482,24,5.7784,0.0022,0,0
1936,50584,2.011,484,false,4,488,482,6,0,0,482,24,5.7784,0.0022,0,0
1937,50596,11.452,484,false,4,489,482,7,0,0,482,24,5.7784,0.0022,0,0
1938,50598,2.62,484,false,4,489,482,7,0,0,482,28,5.7784,0.0022,0,0
1939,50611,12.661,484,false,4,489,482,7,0,0,483,19,4.9801,0.0023,0,0
1940,50624,12.62,485,true,4,489,483,6,0,0,483,39,4.9801,0.0023,0,0
1941,50627,3.033,485,false,4,489,483,6,0,0,483,39,4.9801,0.0023,0,0
1942,50643,15.677,485,false,4,489,483,6,0,0,484,39,4.9801,0.0023,0,0
1943,50656,13.198,486,true,4,490,484,6,0,0,484,39,4.4681,0.0026,0,0
1944,50658,1.887,486,false,4,490,484,6,0,0,484,39,4.4681,0.0026,0,0
1945,50674,16.553,486,false,4,491,484,7,0,0,484,39,4.4681,0.0026,0,0
1946,50687,12.825,487,true,4,491,485,6,0,0,485,30,4.8215,0.0021,0,0
1947,50689,1.861,487,false,4,491,485,6,0,0,485,30,4.8215,0.0021,0,0
1948,50705,16.436,487,false,4,492,485,7,0,0,485,30,4.8215,0.0021,0,0
1949,50708,2.667,487,false,4,492,485,7,0,0,485,33,4.8215,0.0021,0,0
1950,50721,13.188,488,true,4,492,486,6,0,0,486,21,3.3731,0.0018,0,0
1951,50723,1.838,488,false,4,492,486,6,0,0,486,21,3.3731,0.0018,0,0
1952,50736,13.08,488,false,4,492,486,6,0,0,486,21,3.3731,0.0018,0,0
1953,50739,3.08,488,false,4,493,486,7,0,0,486,21,3.3731,0.0018,0,0
1954,50743,3.767,488,false,4,493,486,7,0,0,487,24,3.3731,0.0018,0,0
1955,50756,13.026,489,true,4,493,487,6,0,0,487,24,3.3513,0.0022,0,0
1956,50758,1.89,489,false,4,493,487,6,0,0,487,24,3.3513,0.0022,0,0
1957,50767,9.399,489,false,4,494,487,7,0,0,487,24,3.3513,0.0022,0,0
1958,50770,3.271,489,false,4,494,487,7,0,0,487,25,3.3513,0.0022,0,0
1959,50784,13.038,489,false,4,494,487,7,0,0,488,17,3.2089,0.002,0,0
1960,50795,11.617,490,true,3,494,488,6,0,0,488,21,3.2089,0.002,0,0
1961,50797,1.666,490,false,3,494,488,6,0,0,488,21,3.2089,0.002,0,0
1962,50815,17.889,490,false,3,495,488,7,0,0,489,21,3.4656,0.0022,0,0
1963,50828,13.359,491,true,5,495,489,6,0,0,489,22,3.4656,0.0022,0,0
1964,50830,2.013,491,false,5,495,489,6,0,0,489,22,3.4656,0.0022,0,0
1965,50845,15.225,491,false,5,496,489,7,0,0,490,22,3.6093,0.0037,0,0
1966,50858,12.351,492,true,3,496,490,6,0,0,490,30,3.6093,0.0037,0,0
1967,50860,2.123,492,false,3,496,490,6,0,0,490,30,3.6093,0.0037,0,0
1968,50864,4.775,492,false,3,497,490,7,0,0,490,30,3.6093,0.0037,0,0
1969,50876,11.322,492,false,3,497,490,7,0,0,490,24,3.6093,0.0037,0,0
1970,50879,3.241,492,false,3,497,490,7,0,0,491,25,3.6093,0.0037,0,0
1971,50885,6.443,493,true,4,497,491,6,0,0,491,19,6.6916,0.0023,0,0
1972,50893,7.682,493,false,4,497,491,6,0,0,491,18,6.6916,0.0023,0,0
1973,50907,13.883,493,false,4,497,491,6,0,0,491,18,6.6916,0.0023,0,0
1974,50910,2.699,493,false,4,498,491,7,0,0,491,18,6.6916,0.0023,0,0
1975,50922,12.486,493,false,4,498,491,7,0,0,492,23,3.3423,0.0023,0,0
1976,50935,12.603,494,true,4,498,492,6,0,0,492,21,3.3423,0.0023,0,0
1977,50938,2.951,494,false,4,498,492,6,0,0,492,21,3.3423,0.0023,0,0
1978,50952,14.697,494,false,4,498,492,6,0,0,493,21,3.3423,0.0023,0,0
1979,50965,12.335,495,true,3,499,493,6,0,0,493,21,3.9779,0.0025,0,0
1980,50967,1.824,495,false,3,499,493,6,0,0,493,21,3.9779,0.0025,0,0
1981,50984,16.983,495,false,3,500,493,7,0,0,493,21,3.9779,0.0025,0,0
1982,50997,13.294,496,true,4,500,494,6,0,0,494,52,4.1783,0.003,0,0
1983,50999,2.428,496,false,4,500,494,6,0,0,494,52,4.1783,0.003,0,0
1984,51009,9.478,496,false,4,501,494,7,0,0,494,52,4.1783,0.003,0,0
1985,51011,1.935,496,false,4,501,494,7,0,0,494,22,4.1783,0.003,0,0
1986,51030,19.29,496,false,4,501,494,7,0,0,495,15,3.1973,0.002,0,0
1987,51043,13.396,497,true,4,501,495,6,0,0,495,24,3.1973,0.002,0,0
1988,51046,2.19,497,false,4,501,495,6,0,0,495,24,3.1973,0.002,0,0
1989,51050,4.701,497,false,4,502,495,7,0,0,495,24,3.1973,0.002,0,0
1990,51064,13.649,498,true,3,502,496,6,0,0,496,25,3.2616,0.0016,0,0
1991,51066,2.005,498,false,3,502,496,6,0,0,496,25,3.2616,0.0016,0,0
1992,51076,9.405,498,false,3,503,496,7,0,0,496,25,3.2616,0.0016,0,0
1993,51078,2.796,498,false,3,503,496,7,0,0,496,28,3.2616,0.0016,0,0
1994,51091,12.391,498,false,3,503,496,7,0,0,497,19,3.2616,0.0016,0,0
1995,51103,12.187,499,true,4,503,497,6,0,0,497,24,5.2461,0.0025,0,0
1996,51104,1.722,499,false,4,503,497,6,0,0,497,24,5.2461,0.0025,0,0
1997,51123,18.317,499,false,4,503,497,6,0,0,498,24,5.2461,0.0025,0,0
1998,51137,13.93,500,true,4,504,498,6,0,0,498,24,5.026,0.0102,0,0
1999,51140,2.935,500,false,4,505,498,7,0,0,498,24,5.026,0.0102,0,0
2000,51144,3.96,500,false,4,505,498,7,0,0,498,31,5.026,0.0102,0,0
2001,51154,10.015,500,false,4,505,498,7,0,0,498,27,5.026,0.0102,0,0
2002,51157,3.761,500,false,4,505,498,7,0,0,498,24,5.026,0.0102,0,0
2003,51171,13.616,501,true,3,505,499,6,0,0,499,17,4.4671,0.002,0,0
2004,51173,1.945,501,false,3,505,499,6,0,0,499,17,4.4671,0.002,0,0
2005,51184,10.998,501,false,3,505,499,6,0,0,499,17,4.4671,0.002,0,0
2006,51187,2.807,501,false,3,506,499,7,0,0,499,17,4.4671,0.002,0,0
2007,51200,12.797,501,false,3,506,499,7,0,0,500,30,4.4671,0.002,0,0
2008,51213,13.233,502,true,4,506,500,6,0,0,500,23,3.5845,0.0022,0,0
2009,51215,2.242,502,false,4,506,500,6,0,0,500,23,3.5845,0.0022,0,0
2010,51220,4.654,502,false,4,507,500,7,0,0,500,23,3.5845,0.0022,0,0
2011,51230,10.559,502,false,4,507,500,7,0,0,500,23,3.5845,0.0022,0,0
2012,51243,12.323,503,true,4,507,501,6,0,0,501,22,3.5038,0.002,0,0
2013,51244,1.98,503,false,4,507,501,6,0,0,501,22,3.5038,0.002,0,0
2014,51262,16.808,503,false,4,507,501,6,0,0,501,22,3.5038,0.002,0,0
2015,51266,4.136,503,false,4,508,501,7,0,0,502,22,3.5038,0.002,0,0
2016,51280,14.284,504,true,4,508,502,6,0,0,502,29,3.4498,0.0021,0,0
2017,51282,1.833,504,false,4,508,502,6,0,0,502,29,3.4498,0.0021,0,0
2018,51293,11.004,504,false,4,509,502,7,0,0,502,29,3.4498,0.0021,0,0
2019,51296,2.835,504,false,4,509,502,7,0,0,502,30,3.4498,0.0021,0,0
2020,51308,12.466,504,false,4,509,502,7,0,0,503,21,5.2176,0.0025,0,0
2021,51324,16.077,505,true,5,509,503,6,0,0,503,30,5.2176,0.0025,0,0
2022,51326,2.323,505,false,5,509,503,6,0,0,503,30,5.2176,0.0025,0,0
2023,51340,13.421,505,false,5,509,503,6,0,0,504,30,5.2176,0.0025,0,0
2024,51353,13.673,506,true,4,510,504,6,0,0,504,30,3.5518,0.0028,0,0
2025,51356,2.238,506,false,4,510,504,6,0,0,504,30,3.5518,0.0028,0,0
2026,51360,4.66,506,false,4,511,504,7,0,0,504,30,3.5518,0.0028,0,0
2027,51371,10.936,506,false,4,511,504,7,0,0,505,32,3.5518,0.0028,0,0
2028,51383,12.279,507,true,4,511,505,6,0,0,505,29,3.6156,0.002,0,0
2029,51385,1.852,507,false,4,511,505,6,0,0,505,29,3.6156,0.002,0,0
2030,51403,17.243,507,false,4,512,505,7,0,0,505,29,3.6156,0.002,0,0
2031,51415,12.722,508,true,4,512,506,6,0,0,506,31,3.5143,0.0029,0,0
2032,51417,1.838,508,false,4,512,506,6,0,0,506,31,3.5143,0.0029,0,0
2033,51433,16.139,508,false,4,513,506,7,0,0,506,31,3.5143,0.0029,0,0
2034,51436,2.791,508,false,4,513,506,7,0,0,506,40,3.5143,0.0029,0,0
2035,51448,12.196,509,true,4,513,507,6,0,0,507,22,4.4952,0.0021,0,0
2036,51451,2.369,509,false,4,513,507,6,0,0,507,22,4.4952,0.0021,0,0
2037,51464,13.543,509,false,4,513,507,6,0,0,507,22,4.4952,0.0021,0,0
2038,51467,2.758,509,false,4,514,507,7,0,0,507,22,4.4952,0.0021,0,0
2039,51480,12.948,509,false,4,514,507,7,0,0,508,24,3.3208,0.0014,0,0
2040,51492,11.948,510,true,3,514,508,6,0,0,508,21,3.3208,0.0014,0,0
2041,51494,2.167,510,false,3,514,508,6,0,0,508,21,3.3208,0.0014,0,0
2042,51499,4.729,510,false,3,515,508,7,0,0,508,21,3.3208,0.0014,0,0
2043,51511,12.18,510,false,3,515,508,7,0,0,509,25,4.612,0.0024,0,0
2044,51524,12.714,511,true,4,515,509,6,0,0,509,22,4.612,0.0024,0,0
2045,51526,2.01,511,false,4,515,509,6,0,0,509,22,4.612,0.0024,0,0
2046,51530,4.861,511,false,4,516,509,7,0,0,509,22,4.612,0.0024,0,0
2047,51542,11.282,511,false,4,516,509,7,0,0,510,24,4.612,0.0024,0,0
2048,51554,11.761,512,true,4,516,510,6,0,0,510,25,3.5792,0.0021,0,0
2049,51555,1.765,512,false,4,516,510,6,0,0,510,25,3.5792,0.0021,0,0
2050,51573,17.785,512,false,4,517,510,7,0,0,511,25,3.5792,0.0021,0,0
2051,51587,14.013,513,true,4,517,511,6,0,0,511,30,3.4611,0.0025,0,0
2052,51589,2.181,513,false,4,517,511,6,0,0,511,30,3.4611,0.0025,0,0
2053,51594,4.713,513,false,4,518,511,7,0,0,511,30,3.4611,0.0025,0,0
2054,51604,9.819,513,false,4,518,511,7,0,0,511,24,3.4611,0.0025,0,0
2055,51615,11.319,514,true,3,518,512,6,0,0,512,38,3.2622,0.0019,0,0
2056,51617,1.649,514,false,3,518,512,6,0,0,512,38,3.2622,0.0019,0,0
2057,51636,18.243,514,false,3,518,512,6,0,0,512,38,3.2622,0.0019,0,0
2058,51648,12.949,515,true,4,519,513,6,0,0,513,38,3.4374,0.0018,0,0
2059,51650,1.763,515,false,4,519,513,6,0,0,513,38,3.4374,0.0018,0,0
2060,51666,15.846,515,false,4,520,513,7,0,0,513,38,3.4374,0.0018,0,0
2061,51668,2.285,515,false,4,520,513,7,0,0,513,26,3.4374,0.0018,0,0
2062,51681,12.886,515,false,4,520,513,7,0,0,514,15,3.4203,0.002,0,0
2063,51693,12.695,516,true,4,520,514,6,0,0,514,32,3.4203,0.002,0,0
2064,51696,1.962,516,false,4,520,514,6,0,0,514,32,3.4203,0.002,0,0
2065,51712,16.355,516,false,4,521,514,7,0,0,515,32,6.127,0.0015,0,0
2066,51724,12.649,517,true,4,521,515,6,0,0,515,24,6.127,0.0015,0,0
2067,51726,1.967,517,false,4,521,515,6,0,0,515,24,6.127,0.0015,0,0
2068,51743,16.748,517,false,4,521,515,6,0,0,516,24,6.127,0.0015,0,0
2069,51762,18.978,518,true,9,522,516,6,0,0,516,24,3.7787,0.0026,0,0
2070,51764,2.4,518,false,9,523,516,7,0,0,516,24,3.7787,0.0026,0,0
2071,51775,10.049,518,false,9,523,516,7,0,0,517,23,3.7787,0.0026,0,0
2072,51787,12.4,519,true,4,523,517,6,0,0,517,27,4.1569,0.002,0,0
2073,51789,1.923,519,false,4,523,517,6,0,0,517,27,4.1569,0.002,0,0
2074,51806,16.985,519,false,4,524,517,7,0,0,518,27,4.1569,0.002,0,0
2075,51818,12.448,520,true,4,524,518,6,0,0,518,28,3.7393,0.0025,0,0
2076,51820,1.83,520,false,4,524,518,6,0,0,518,28,3.7393,0.0025,0,0
2077,51837,16.756,520,false,4,525,518,7,0,0,518,28,3.7393,0.0025,0,0
2078,51850,13.003,521,true,3,525,519,6,0,0,519,30,3.712,0.0023,0,0
2079,51852,2.007,521,false,3,525,519,6,0,0,519,30,3.712,0.0023,0,0
2080,51867,15.117,521,false,3,526,519,7,0,0,519,30,3.712,0.0023,0,0
2081,51870,3.061,521,false,3,526,519,7,0,0,519,30,3.712,0.0023,0,0
2082,51874,3.809,521,false,3,526,519,7,0,0,520,23,3.712,0.0023,0,0
2083,51885,11.54,522,true,3,526,520,6,0,0,520,20,4.1662,0.0026,0,0
2084,51888,2.219,522,false,3,526,520,6,0,0,520,20,4.1662,0.0026,0,0
2085,51898,10.267,522,false,3,527,520,7,0,0,520,20,4.1662,0.0026,0,0
2086,51901,3.533,522,false,3,527,520,7,0,0,520,24,4.1662,0.0026,0,0
2087,51914,11.808,522,false,3,527,520,7,0,0,521,17,4.808,0.0025,0,0
2088,51926,12.747,523,true,3,527,521,6,0,0,521,25,4.808,0.0025,0,0
2089,51928,2.013,523,false,3,527,521,6,0,0,521,25,4.808,0.0025,0,0
2090,51946,17.728,523,false,3,527,521,6,0,0,522,25,3.5604,0.0025,0,0
2091,51958,12.058,524,true,3,528,522,6,0,0,522,25,3.5604,0.0025,0,0
2092,51959,1.708,524,false,3,528,522,6,0,0,522,25,3.5604,0.0025,0,0
2093,51977,17.177,524,false,3,529,522,7,0,0,523,25,4.3847,0.0021,0,0
2094,51988,11.752,525,true,3,529,523,6,0,0,523,25,4.3847,0.0021,0,0
2095,51990,1.647,525,false,3,529,523,6,0,0,523,25,4.3847,0.0021,0,0
2096,52009,18.986,525,false,3,530,523,7,0,0,524,25,4.3847,0.0021,0,0
2097,52021,12.095,526,true,4,530,524,6,0,0,524,30,4.272,0.0024,0,0
2098,52023,1.593,526,false,4,530,524,6,0,0,524,30,4.272,0.0024,0,0
2099,52040,17.04,526,false,4,531,524,7,0,0,524,30,4.272,0.0024,0,0
2100,52042,2.277,526,false,4,531,524,7,0,0,524,27,4.272,0.0024,0,0
2101,52053,10.945,527,true,3,531,525,6,0,0,525,15,3.2455,0.0018,0,0
2102,52055,1.643,527,false,3,531,525,6,0,0,525,15,3.2455,0.0018,0,0
2103,52071,15.923,527,false,3,532,525,7,0,0,525,15,3.2455,0.0018,0,0
2104,52073,2.345,527,false,3,532,525,7,0,0,525,27,3.2455,0.0018,0,0
2105,52087,13.999,527,false,3,532,525,7,0,0,526,16,3.3064,0.0017,0,0
2106,52100,12.664,528,true,4,532,526,6,0,0,526,20,3.3064,0.0017,0,0
2107,52102,1.78,528,false,4,532,526,6,0,0,526,20,3.3064,0.0017,0,0
2108,52118,16.64,528,false,4,533,526,7,0,0,527,20,4.9688,0.0017,0,0
2109,52132,13.884,529,true,4,533,527,6,0,0,527,23,4.9688,0.0017,0,0
2110,52134,2.357,529,false,4,533,527,6,0,0,527,23,4.9688,0.0017,0,0
2111,52150,15.212,529,false,4,534,527,7,0,0,528,23,3.2843,0.0016,0,0
2112,52165,14.517,530,true,5,534,528,6,0,0,528,65,3.2843,0.0016,0,0
2113,52167,2.654,530,false,5,534,528,6,0,0,528,65,3.2843,0.0016,0,0
2114,52171,4.227,530,false,5,535,528,7,0,0,528,65,3.2843,0.0016,0,0
2115,52179,8.43,530,false,5,535,528,7,0,0,528,24,3.2843,0.0016,0,0
2116,52194,14.207,531,true,5,535,529,6,0,0,529,29,3.9997,0.0024,0,0
2117,52197,2.855,531,false,5,535,529,6,0,0,529,29,3.9997,0.0024,0,0
2118,52200,3.983,531,false,5,536,529,7,0,0,529,29,3.9997,0.0024,0,0
2119,52211,10.097,531,false,5,536,529,7,0,0,529,22,3.9997,0.0024,0,0
2120,52214,3.699,531,false,5,536,529,7,0,0,529,30,3.9997,0.0024,0,0
2121,52226,11.333,531,false,5,536,529,7,0,0,530,19,3.9994,0.002,0,0
2122,52238,12.254,532,true,4,536,530,6,0,0,530,25,3.9994,0.002,0,0
2123,52239,1.708,532,false,4,536,530,6,0,0,530,25,3.9994,0.002,0,0
2124,52256,16.743,532,false,4,536,530,6,0,0,531,25,4.2589,0.0016,0,0
2125,52268,11.975,533,true,3,537,531,6,0,0,531,25,4.2589,0.0016,0,0
2126,52270,1.691,533,false,3,537,531,6,0,0,531,25,4.2589,0.0016,0,0
2127,52275,5.212,533,false,3,538,531,7,0,0,531,25,4.2589,0.0016,0,0
2128,52288,12.771,533,false,3,538,531,7,0,0,532,26,4.2589,0.0016,0,0
2129,52300,12.039,534,true,4,538,532,6,0,0,532,31,4.2646,0.002,0,0
2130,52302,1.707,534,false,4,538,532,6,0,0,532,31,4.2646,0.002,0,0
2131,52320,17.962,534,false,4,538,532,6,0,0,533,31,4.2646,0.002,0,0
2132,52333,13.8,535,true,4,539,533,6,0,0,533,31,4.8313,0.0023,0,0
2133,52336,2.315,535,false,4,539,533,6,0,0,533,31,4.8313,0.0023,0,0
2134,52351,15.013,535,false,4,540,533,7,0,0,533,31,4.8313,0.0023,0,0
2135,52353,2.633,535,false,4,540,533,7,0,0,533,27,4.8313,0.0023,0,0
2136,52365,11.768,536,true,4,540,534,6,0,0,534,25,3.2106,0.002,0,0
2137,52367,1.958,536,false,4,540,534,6,0,0,534,25,3.2106,0.002,0,0
2138,52382,14.926,536,false,4,541,534,7,0,0,534,25,3.2106,0.002,0,0
2139,52384,2.294,536,false,4,541,534,7,0,0,534,31,3.2106,0.002,0,0
2140,52397,13.047,536,false,4,541,534,7,0,0,535,17,3.2574,0.0015,0,0
2141,52410,12.639,537,true,4,541,535,6,0,0,535,19,3.2574,0.0015,0,0
2142,52412,1.742,537,false,4,541,535,6,0,0,535,19,3.2574,0.0015,0,0
2143,52428,16.047,537,false,4,542,535,7,0,0,536,19,1.9968,0.0013,0,0
2144,52442,14.582,538,true,5,542,536,6,0,0,536,64,1.9968,0.0013,0,0
2145,52445,2.342,538,false,5,542,536,6,0,0,536,64,1.9968,0.0013,0,0
2146,52459,14.549,538,false,5,543,536,7,0,0,537,64,1.9968,0.0013,0,0
2147,52473,14.333,539,true,4,543,537,6,0,0,537,25,3.8072,0.0023,0,0
2148,52476,2.651,539,false,4,543,537,6,0,0,537,25,3.8072,0.0023,0,0
2149,52480,4.264,539,false,4,544,537,7,0,0,537,25,3.8072,0.0023,0,0
2150,52491,10.469,539,false,4,544,537,7,0,0,537,26,3.8072,0.0023,0,0
2151,52504,12.985,540,true,4,544,538,6,0,0,538,27,3.5576,0.0022,0,0
2152,52506,1.838,540,false,4,544,538,6,0,0,538,27,3.5576,0.0022,0,0
2153,52516,10.277,540,false,4,545,538,7,0,0,538,27,3.5576,0.0022,0,0
2154,52518,2.225,540,false,4,545,538,7,0,0,538,27,3.5576,0.0022,0,0
2155,52537,18.527,540,false,4,545,538,7,0,0,539,20,6.5188,0.0023,0,0
2156,52549,12.446,541,true,4,545,539,6,0,0,539,23,6.5188,0.0023,0,0
2157,52551,1.968,541,false,4,545,539,6,0,0,539,23,6.5188,0.0023,0,0
2158,52568,16.801,541,false,4,546,539,7,0,0,540,23,3.813,0.0332,0,0
2159,52581,12.704,542,true,4,546,540,6,0,0,540,28,3.813,0.0332,0,0
2160,52582,1.853,542,false,4,546,540,6,0,0,540,28,3.813,0.0332,0,0
2161,52600,17.075,542,false,4,547,540,7,0,0,541,28,3.813,0.0332,0,0
2162,52611,11.468,543,true,3,547,541,6,0,0,541,27,4.1461,0.002,0,0
2163,52613,1.778,543,false,3,547,541,6,0,0,541,27,4.1461,0.002,0,0
2164,52622,8.887,543,false,3,548,541,7,0,0,541,27,4.1461,0.002,0,0
2165,52625,3.178,543,false,3,548,541,7,0,0,541,25,4.1461,0.002,0,0
2166,52646,20.759,543,false,3,548,541,7,0,0,542,34,3.6673,0.0025,0,0
2167,52659,13.416,544,true,4,548,542,6,0,0,542,25,3.6673,0.0025,0,0
2168,52661,2.11,544,false,4,548,542,6,0,0,542,25,3.6673,0.0025,0,0
2169,52666,4.756,544,false,4,549,542,7,0,0,542,25,3.6673,0.0025,0,0
2170,52677,10.662,544,false,4,549,542,7,0,0,543,26,3.393,0.0018,0,0
2171,52690,13.321,545,true,4,549,543,6,0,0,543,30,3.393,0.0018,0,0
2172,52694,3.357,545,false,4,550,543,7,0,0,543,30,3.393,0.0018,0,0
2173,52697,3.67,545,false,4,550,543,7,0,0,543,27,3.393,0.0018,0,0
2174,52708,10.477,545,false,4,550,543,7,0,0,544,27,3.393,0.0018,0,0
2175,52720,12.822,546,true,3,550,544,6,0,0,544,25,4.2034,0.0026,0,0
2176,52722,1.843,546,false,3,550,544,6,0,0,544,25,4.2034,0.0026,0,0
2177,52738,16.159,546,false,3,550,544,6,0,0,544,25,4.2034,0.0026,0,0
2178,52746,7.594,547,true,3,551,545,6,0,0,545,25,5.358,0.0028,0,0
2179,52754,8.246,547,false,3,551,545,6,0,0,545,23,5.358,0.0028,0,0
2180,52756,2.059,547,false,3,551,545,6,0,0,545,23,5.358,0.0028,0,0
2181,52769,12.784,547,false,3,552,545,7,0,0,545,23,5.358,0.0028,0,0
2182,52772,3.064,547,false,3,552,545,7,0,0,545,27,5.358,0.0028,0,0
2183,52776,3.768,547,false,3,552,545,7,0,0,545,20,5.358,0.0028,0,0
2184,52788,12.222,548,true,4,552,546,6,0,0,546,17,3.5916,0.0019,0,0
2185,52790,2.346,548,false,4,552,546,6,0,0,546,17,3.5916,0.0019,0,0
2186,52800,9.793,548,false,4,552,546,6,0,0,546,17,3.5916,0.0019,0,0
2187,52803,3.25,548,false,4,553,546,7,0,0,546,17,3.5916,0.0019,0,0
2188,52815,11.766,548,false,4,553,546,7,0,0,547,28,4.6283,0.0023,0,0
2189,52828,12.386,549,true,4,553,547,6,0,0,547,25,4.6283,0.0023,0,0
2190,52829,1.808,549,false,4,553,547,6,0,0,547,25,4.6283,0.0023,0,0
2191,52846,16.432,549,false,4,553,547,6,0,0,548,25,4.6283,0.0023,0,0
2192,52857,11.715,550,true,3,554,548,6,0,0,548,25,4.2654,0.0028,0,0
2193,52859,1.652,550,false,3,554,548,6,0,0,548,25,4.2654,0.0028,0,0
2194,52878,18.459,550,false,3,555,548,7,0,0,548,25,4.2654,0.0028,0,0
2195,52891,13.06,551,true,4,555,549,6,0,0,549,30,3.3537,0.0023,0,0
2196,52892,1.796,551,false,4,555,549,6,0,0,549,30,3.3537,0.0023,0,0
2197,52898,5.106,551,false,4,556,549,7,0,0,549,30,3.3537,0.0023,0,0
2198,52909,11.325,551,false,4,556,549,7,0,0,549,22,3.3537,0.0023,0,0
2199,52911,2.468,551,false,4,556,549,7,0,0,549,30,3.3537,0.0023,0,0
2200,52925,13.289,551,false,4,556,549,7,0,0,550,17,3.3946,0.0019,0,0
2201,52937,12.318,552,true,3,556,550,6,0,0,550,24,3.3946,0.0019,0,0
2202,52939,1.85,552,false,3,556,550,6,0,0,550,24,3.3946,0.0019,0,0
2203,52944,5.05,552,false,3,557,550,7,0,0,550,24,3.3946,0.0019,0,0
2204,52955,11.002,552,false,3,557,550,7,0,0,551,27,3.3946,0.0019,0,0
2205,52969,14.082,553,true,3,557,551,6,0,0,551,77,5.5949,0.0021,0,0
2206,52972,3.021,553,false,3,557,551,6,0,0,551,77,5.5949,0.0021,0,0
2207,52986,14.371,553,false,3,557,551,6,0,0,551,77,5.5949,0.0021,0,0
2208,52989,2.667,553,false,3,558,551,7,0,0,551,77,5.5949,0.0021,0,0
2209,53003,13.905,554,true,4,558,552,6,0,0,552,28,3.7188,0.0025,0,0
2210,53006,2.739,554,false,4,558,552,6,0,0,552,28,3.7188,0.0025,0,0
2211,53010,4.153,554,false,4,559,552,7,0,0,552,28,3.7188,0.0025,0,0
2212,53017,7.353,554,false,4,559,552,7,0,0,552,23,3.7188,0.0025,0,0
2213,53033,16.111,554,false,4,559,552,7,0,0,553,22,4.3554,0.0021,0,0
2214,53046,12.964,555,true,4,559,553,6,0,0,553,23,4.3554,0.0021,0,0
2215,53048,1.716,555,false,4,559,553,6,0,0,553,23,4.3554,0.0021,0,0
2216,53065,16.273,555,false,4,560,553,7,0,0,554,23,3.3161,0.0017,0,0
2217,53077,12.613,556,true,3,560,554,6,0,0,554,76,3.3161,0.0017,0,0
2218,53079,1.711,556,false,3,560,554,6,0,0,554,76,3.3161,0.0017,0,0
2219,53096,16.943,556,false,3,561,554,7,0,0,555,76,3.3161,0.0017,0,0
2220,53108,12.673,557,true,4,561,555,6,0,0,555,33,5.4294,0.0025,0,0
2221,53110,1.712,557,false,4,561,555,6,0,0,555,33,5.4294,0.0025,0,0
2222,53127,17.226,557,false,4,562,555,7,0,0,555,33,5.4294,0.0025,0,0
2223,53130,2.703,557,false,4,562,555,7,0,0,556,27,5.4294,0.0025,0,0
2224,53142,11.815,558,true,4,562,556,6,0,0,556,22,3.3174,0.0021,0,0
2225,53144,2.425,558,false,4,562,556,6,0,0,556,22,3.3174,0.0021,0,0
2226,53148,4.445,558,false,4,563,556,7,0,0,556,22,3.3174,0.0021,0,0
2227,53158,9.817,558,false,4,563,556,7,0,0,556,22,3.3174,0.0021,0,0
2228,53162,4.002,558,false,4,563,556,7,0,0,557,21,3.3174,0.0021,0,0
2229,53175,12.226,559,true,3,563,557,6,0,0,557,23,4.8833,0.0022,0,0
2230,53177,2.227,559,false,3,563,557,6,0,0,557,23,4.8833,0.0022,0,0
2231,53189,11.882,559,false,3,564,557,7,0,0,557,23,4.8833,0.0022,0,0
2232,53191,2.647,559,false,3,564,557,7,0,0,557,54,4.8833,0.0022,0,0
2233,53204,12.417,559,false,3,564,557,7,0,0,558,17,3.2025,0.0018,0,0
2234,53216,12.672,560,true,3,564,558,6,0,0,558,20,3.2025,0.0018,0,0
2235,53218,1.676,560,false,3,564,558,6,0,0,558,20,3.2025,0.0018,0,0
2236,53235,16.467,560,false,3,564,558,6,0,0,559,20,3.3436,0.0018,0,0
2237,53248,13.774,561,true,4,565,559,6,0,0,559,20,3.3436,0.0018,0,0
2238,53250,1.705,561,false,4,565,559,6,0,0,559,20,3.3436,0.0018,0,0
2239,53267,16.828,561,false,4,566,559,7,0,0,559,20,3.3436,0.0018,0,0
2240,53279,12.383,562,true,4,566,560,6,0,0,560,168,3.6098,0.0026,0,0
2241,53281,1.72,562,false,4,566,560,6,0,0,560,168,3.6098,0.0026,0,0
2242,53298,16.669,562,false,4,567,560,7,0,0,560,168,3.6098,0.0026,0,0
2243,53301,3.096,562,false,4,567,560,7,0,0,560,31,3.6098,0.0026,0,0
2244,53304,3.752,562,false,4,567,560,7,0,0,561,66,3.6098,0.0026,0,0
2245,53317,12.94,563,true,4,567,561,6,0,0,561,18,3.3403,0.0018,0,0
2246,53319,2.078,563,false,4,567,561,6,0,0,561,18,3.3403,0.0018,0,0
2247,53329,9.759,563,false,4,567,561,6,0,0,561,18,3.3403,0.0018,0,0
2248,53332,2.882,563,false,4,568,561,7,0,0,561,18,3.3403,0.0018,0,0
2249,53345,12.889,563,false,4,568,561,7,0,0,562,26,3.261,0.0027,0,0
2250,53357,12.312,564,true,4,568,562,6,0,0,562,83,3.261,0.0027,0,0
2251,53359,1.859,564,false,4,568,562,6,0,0,562,83,3.261,0.0027,0,0
2252,53365,5.042,564,false,4,569,562,7,0,0,562,83,3.261,0.0027,0,0
2253,53376,11.466,564,false,4,569,562,7,0,0,562,44,3.261,0.0027,0,0
2254,53395,19.122,565,true,9,569,563,6,0,0,563,33,7.4511,0.0028,0,0
2255,53397,1.95,565,false,9,569,563,6,0,0,563,33,7.4511,0.0028,0,0
2256,53407,10.036,565,false,9,570,563,7,0,0,563,33,7.4511,0.0028,0,0
2257,53409,2.697,565,false,9,570,563,7,0,0,563,30,7.4511,0.0028,0,0
2258,53422,12.47,565,false,9,570,563,7,0,0,564,18,3.6404,0.002,0,0
2259,53434,12.043,566,true,4,570,564,6,0,0,564,24,3.6404,0.002,0,0
2260,53436,2.305,566,false,4,570,564,6,0,0,564,24,3.6404,0.002,0,0
2261,53441,4.481,566,false,4,571,564,7,0,0,564,24,3.6404,0.002,0,0
2262,53453,12.471,566,false,4,571,564,7,0,0,565,25,3.4603,0.0022,0,0
2263,53466,12.911,567,true,4,571,565,6,0,0,565,21,3.4603,0.0022,0,0
2264,53468,1.924,567,false,4,571,565,6,0,0,565,21,3.4603,0.0022,0,0
2265,53484,15.937,567,false,4,571,565,6,0,0,566,21,3.4603,0.0022,0,0
2266,53496,12.393,568,true,3,572,566,6,0,0,566,21,3.9198,0.0026,0,0
2267,53498,1.934,568,false,3,572,566,6,0,0,566,21,3.9198,0.0026,0,0
2268,53516,17.638,568,false,3,573,566,7,0,0,566,21,3.9198,0.0026,0,0
2269,53519,2.733,568,false,3,573,566,7,0,0,566,29,3.9198,0.0026,0,0
2270,53523,3.996,568,false,3,573,566,7,0,0,567,18,3.9198,0.0026,0,0
2271,53536,13.03,569,true,4,573,567,6,0,0,567,17,4.6189,0.0024,0,0
2272,53538,2.191,569,false,4,573,567,6,0,0,567,17,4.6189,0.0024,0,0
2273,53547,8.603,569,false,4,573,567,6,0,0,567,17,4.6189,0.0024,0,0
2274,53551,3.793,569,false,4,574,567,7,0,0,567,17,4.6189,0.0024,0,0
2275,53562,11.837,569,false,4,574,567,7,0,0,568,28,3.7047,0.0023,0,0
2276,53575,12.351,570,true,4,574,568,6,0,0,568,21,3.7047,0.0023,0,0
2277,53576,1.839,570,false,4,574,568,6,0,0,568,21,3.7047,0.0023,0,0
2278,53594,17.113,570,false,4,575,568,7,0,0,569,21,3.7047,0.0023,0,0
2279,53606,12.472,571,true,4,575,569,6,0,0,569,26,5.1643,0.0026,0,0
2280,53608,1.726,571,false,4,575,569,6,0,0,569,26,5.1643,0.0026,0,0
2281,53625,16.888,571,false,4,576,569,7,0,0,570,26,5.1643,0.0026,0,0
2282,53637,12.906,572,true,4,576,570,6,0,0,570,29,4.4071,0.0025,0,0
2283,53640,1.748,572,false,4,576,570,6,0,0,570,29,4.4071,0.0025,0,0
2284,53644,5.15,572,false,4,576,570,6,0,0,570,29,4.4071,0.0025,0,0
2285,53655,10.411,572,false,4,577,570,7,0,0,570,29,4.4071,0.0025,0,0
2286,53658,3.379,572,false,4,577,570,7,0,0,571,25,4.4071,0.0025,0,0
2287,53669,10.956,573,true,4,577,571,6,0,0,571,18,4.8223,0.0027,0,0
2288,53672,2.85,573,false,4,577,571,6,0,0,571,18,4.8223,0.0027,0,0
2289,53686,13.959,573,false,4,578,571,7,0,0,571,18,4.8223,0.0027,0,0
2290,53689,3.17,573,false,4,578,571,7,0,0,571,31,4.8223,0.0027,0,0
2291,53693,3.713,573,false,4,578,571,7,0,0,571,18,4.8223,0.0027,0,0
2292,53706,13.168,574,true,3,578,572,6,0,0,572,21,3.3914,0.0025,0,0
2293,53708,1.749,574,false,3,578,572,6,0,0,572,21,3.3914,0.0025,0,0
2294,53717,9.448,574,false,3,578,572,6,0,0,572,21,3.3914,0.0025,0,0
2295,53721,3.85,574,false,3,579,572,7,0,0,572,21,3.3914,0.0025,0,0
2296,53732,11.159,574,false,3,579,572,7,0,0,573,24,3.3672,0.0025,0,0
2297,53745,12.641,575,true,4,579,573,6,0,0,573,22,3.3672,0.0025,0,0
2298,53748,2.784,575,false,4,579,573,6,0,0,573,22,3.3672,0.0025,0,0
2299,53752,4.108,575,false,4,580,573,7,0,0,573,22,3.3672,0.0025,0,0
2300,53763,11.317,575,false,4,580,573,7,0,0,574,25,3.3672,0.0025,0,0
2301,53777,13.496,576,true,5,580,574,6,0,0,574,25,3.8977,0.0028,0,0
2302,53779,2.089,576,false,5,580,574,6,0,0,574,25,3.8977,0.0028,0,0
2303,53795,16.163,576,false,5,580,574,6,0,0,574,25,3.8977,0.0028,0,0
2304,53798,3.226,576,false,5,581,574,7,0,0,574,25,3.8977,0.0028,0,0
2305,53802,3.618,576,false,5,581,574,7,0,0,575,25,3.8977,0.0028,0,0
2306,53815,12.814,577,true,3,581,575,6,0,0,575,18,5.1158,0.0022,0,0
2307,53817,2.433,577,false,3,581,575,6,0,0,575,18,5.1158,0.0022,0,0
2308,53826,8.888,577,false,3,582,575,7,0,0,575,18,5.1158,0.0022,0,0
2309,53829,3.451,577,false,3,582,575,7,0,0,575,42,5.1158,0.0022,0,0
2310,53842,12.359,577,false,3,582,575,7,0,0,576,23,5.1158,0.0022,0,0
2311,53853,11.767,578,true,4,582,576,6,0,0,576,24,4.4096,0.0025,0,0
2312,53855,1.722,578,false,4,582,576,6,0,0,576,24,4.4096,0.0025,0,0
2313,53873,17.899,578,false,4,582,576,6,0,0,576,24,4.4096,0.0025,0,0
2314,53885,12.155,579,true,3,583,577,6,0,0,577,24,3.5602,0.0021,0,0
2315,53887,1.683,579,false,3,583,577,6,0,0,577,24,3.5602,0.0021,0,0
2316,53904,17.452,579,false,3,584,577,7,0,0,577,24,3.5602,0.0021,0,0
2317,53907,2.809,579,false,3,584,577,7,0,0,577,26,3.5602,0.0021,0,0
2318,53919,11.809,580,true,3,584,578,6,0,0,578,21,3.4967,0.0021,0,0
2319,53921,2.239,580,false,3,584,578,6,0,0,578,21,3.4967,0.0021,0,0
2320,53935,13.545,580,false,3,584,578,6,0,0,578,21,3.4967,0.0021,0,0
2321,53938,3.69,580,false,3,585,578,7,0,0,578,21,3.4967,0.0021,0,0
2322,53941,3.144,580,false,3,585,578,7,0,0,578,29,3.4967,0.0021,0,0
2323,53953,11.634,581,true,3,585,579,6,0,0,579,17,4.1788,0.0019,0,0
2324,53955,2.304,581,false,3,585,579,6,0,0,579,17,4.1788,0.0019,0,0
2325,53966,10.193,581,false,3,586,579,7,0,0,579,17,4.1788,0.0019,0,0
2326,53969,3.466,581,false,3,586,579,7,0,0,579,49,4.1788,0.0019,0,0
2327,53981,11.83,581,false,3,586,579,7,0,0,579,20,4.1788,0.0019,0,0
2328,53985,3.857,581,false,3,586,579,7,0,0,580,28,4.1788,0.0019,0,0
2329,54001,16.34,582,true,7,586,580,6,0,0,580,30,6.0539,0.0028,0,0
2330,54003,2.171,582,false,7,586,580,6,0,0,580,30,6.0539,0.0028,0,0
2331,54013,9.204,582,false,7,587,580,7,0,0,580,30,6.0539,0.0028,0,0
2332,54015,2.416,582,false,7,587,580,7,0,0,580,26,6.0539,0.0028,0,0
2333,54029,13.15,582,false,7,587,580,7,0,0,581,18,4.5128,0.0019,0,0
2334,54045,16.626,583,true,5,587,581,6,0,0,581,45,4.5128,0.0019,0,0
2335,54047,1.922,583,false,5,587,581,6,0,0,581,45,4.5128,0.0019,0,0
2336,54059,12.6,583,false,5,588,581,7,0,0,582,45,4.5128,0.0019,0,0
2337,54073,13.412,584,true,4,588,582,6,0,0,582,29,3.9216,0.0019,0,0
2338,54075,2.03,584,false,4,588,582,6,0,0,582,29,3.9216,0.0019,0,0
2339,54091,15.865,584,false,4,589,582,7,0,0,583,29,3.9216,0.0019,0,0
2340,54104,13.844,585,true,4,589,583,6,0,0,583,28,4.121,0.0041,0,0
2341,54107,2.47,585,false,4,589,583,6,0,0,583,28,4.121,0.0041,0,0
2342,54122,14.756,585,false,4,589,583,6,0,0,583,28,4.121,0.0041,0,0
2343,54134,12.303,586,true,4,590,584,6,0,0,584,28,3.6163,0.0024,0,0
2344,54143,8.976,586,false,4,591,584,7,0,0,584,28,3.6163,0.0024,0,0
2345,54145,1.891,586,false,4,591,584,7,0,0,584,22,3.6163,0.0024,0,0
2346,54153,7.734,586,false,4,591,584,7,0,0,584,15,3.6163,0.0024,0,0
2347,54157,4.155,586,false,4,591,584,7,0,0,585,37,3.6163,0.0024,0,0
2348,54170,13.372,587,true,4,591,585,6,0,0,585,19,3.2476,0.0024,0,0
2349,54172,1.93,587,false,4,591,585,6,0,0,585,19,3.2476,0.0024,0,0
2350,54184,12.151,587,false,4,591,585,6,0,0,585,19,3.2476,0.0024,0,0
2351,54187,2.781,587,false,4,592,585,7,0,0,585,19,3.2476,0.0024,0,0
2352,54200,12.509,587,false,4,592,585,7,0,0,586,26,3.3054,0.0022,0,0
2353,54213,13.276,588,true,4,592,586,6,0,0,586,27,3.3054,0.0022,0,0
2354,54217,3.858,588,false,4,593,586,7,0,0,586,27,3.3054,0.0022,0,0
2355,54220,3.016,588,false,4,593,586,7,0,0,586,48,3.3054,0.0022,0,0
2356,54230,10.935,588,false,4,593,586,7,0,0,587,103,3.3054,0.0022,0,0
2357,54242,11.492,589,true,4,593,587,6,0,0,587,20,7.4977,0.0026,0,0
2358,54244,1.807,589,false,4,593,587,6,0,0,587,20,7.4977,0.0026,0,0
2359,54261,17.293,589,false,4,593,587,6,0,0,587,20,7.4977,0.0026,0,0
2360,54264,2.766,589,false,4,594,587,7,0,0,587,20,7.4977,0.0026,0,0
2361,54277,13.004,589,false,4,594,587,7,0,0,588,23,3.4164,0.0022,0,0
2362,54290,13.572,590,true,4,594,588,6,0,0,588,24,3.4164,0.0022,0,0
2363,54293,2.73,590,false,4,594,588,6,0,0,588,24,3.4164,0.0022,0,0
2364,54297,4.145,590,false,4,595,588,7,0,0,588,24,3.4164,0.0022,0,0
2365,54308,10.414,590,false,4,595,588,7,0,0,589,23,3.3382,0.0018,0,0
2366,54322,14.447,591,true,6,595,589,6,0,0,589,28,3.3382,0.0018,0,0
2367,54324,2.203,591,false,6,595,589,6,0,0,589,28,3.3382,0.0018,0,0
2368,54339,14.664,591,false,6,595,589,6,0,0,590,28,3.3382,0.0018,0,0
2369,54353,13.924,592,true,4,596,590,6,0,0,590,28,4.5753,0.0029,0,0
2370,54355,2.008,592,false,4,596,590,6,0,0,590,28,4.5753,0.0029,0,0
2371,54371,15.395,592,false,4,597,590,7,0,0,590,28,4.5753,0.0029,0,0
2372,54373,2.481,592,false,4,597,590,7,0,0,590,28,4.5753,0.0029,0,0
2373,54387,14.334,593,true,5,597,591,6,0,0,591,18,4.8178,0.0029,0,0
2374,54389,2.099,593,false,5,597,591,6,0,0,591,18,4.8178,0.0029,0,0
2375,54402,12.656,593,false,5,598,591,7,0,0,591,18,4.8178,0.0029,0,0
2376,54405,2.629,593,false,5,598,591,7,0,0,591,41,4.8178,0.0029,0,0
2377,54418,12.864,593,false,5,598,591,7,0,0,592,19,4.0571,0.0023,0,0
2378,54430,12.174,594,true,4,598,592,6,0,0,592,25,4.0571,0.0023,0,0
2379,54432,2.089,594,false,4,598,592,6,0,0,592,25,4.0571,0.0023,0,0
2380,54449,17.134,594,false,4,598,592,6,0,0,592,25,4.0571,0.0023,0,0
2381,54452,3.268,594,false,4,599,592,7,0,0,592,25,4.0571,0.0023,0,0
2382,54456,3.568,594,false,4,599,592,7,0,0,592,23,4.0571,0.0023,0,0
2383,54464,8.528,594,false,4,599,592,7,0,0,593,16,4.6578,0.0022,0,0
2384,54478,13.411,595,true,4,599,593,6,0,0,593,25,4.6578,0.0022,0,0
2385,54480,2.26,595,false,4,599,593,6,0,0,593,25,4.6578,0.0022,0,0
2386,54495,15.13,595,false,4,600,593,7,0,0,594,25,4.6578,0.0022,0,0
2387,54509,13.598,596,true,4,600,594,6,0,0,594,26,3.7517,0.002,0,0
2388,54511,2.398,596,false,4,600,594,6,0,0,594,26,3.7517,0.002,0,0
2389,54516,4.515,596,false,4,601,594,7,0,0,594,26,3.7517,0.002,0,0
2390,54526,10.713,596,false,4,601,594,7,0,0,594,26,3.7517,0.002,0,0
2391,54529,3.252,596,false,4,601,594,7,0,0,594,32,3.7517,0.002,0,0
2392,54542,12.027,596,false,4,601,594,7,0,0,595,17,4.7835,0.0019,0,0
2393,54554,12.234,597,true,4,601,595,6,0,0,595,28,4.7835,0.0019,0,0
2394,54555,1.695,597,false,4,601,595,6,0,0,595,28,4.7835,0.0019,0,0
2395,54572,16.746,597,false,4,602,595,7,0,0,596,28,3.6761,0.0026,0,0
2396,54584,11.873,598,true,3,602,596,6,0,0,596,46,3.6761,0.0026,0,0
2397,54586,1.709,598,false,3,602,596,6,0,0,596,46,3.6761,0.0026,0,0
2398,54605,18.654,598,false,3,603,596,7,0,0,597,46,3.654,0.0019,0,0
2399,54616,12.057,599,true,4,603,597,6,0,0,597,25,3.654,0.0019,0,0
2400,54618,1.635,599,false,4,603,597,6,0,0,597,25,3.654,0.0019,0,0
2401,54635,17.305,599,false,4,604,597,7,0,0,598,25,3.4729,0.0017,0,0
2402,54648,12.31,600,true,4,604,598,6,0,0,598,26,3.4729,0.0017,0,0
2403,54649,1.729,600,false,4,604,598,6,0,0,598,26,3.4729,0.0017,0,0
2404,54666,16.648,600,false,4,605,598,7,0,0,599,26,3.4729,0.0017,0,0
2405,54679,12.895,601,true,4,605,599,6,0,0,599,28,5.4969,0.0022,0,0
2406,54681,2.003,601,false,4,605,599,6,0,0,599,28,5.4969,0.0022,0,0
2407,54686,4.968,601,false,4,606,599,7,0,0,599,28,5.4969,0.0022,0,0
2408,54697,11.147,601,false,4,606,599,7,0,0,599,20,5.4969,0.0022,0,0
2409,54700,2.581,601,false,4,606,599,7,0,0,599,25,5.4969,0.0022,0,0
2410,54713,13.507,601,false,4,606,599,7,0,0,600,16,3.3068,0.0018,0,0
2411,54726,12.5,602,true,4,606,600,6,0,0,600,373,3.3068,0.0018,0,0
2412,54728,1.994,602,false,4,606,600,6,0,0,600,373,3.3068,0.0018,0,0
2413,54745,17.338,602,false,4,607,600,7,0,0,601,373,3.3068,0.0018,0,0
2414,54758,12.977,603,true,4,607,601,6,0,0,601,29,3.8617,0.0024,0,0
2415,54760,1.82,603,false,4,607,601,6,0,0,601,29,3.8617,0.0024,0,0
2416,54777,16.826,603,false,4,607,601,6,0,0,602,29,3.8617,0.0024,0,0
2417,54790,13.537,604,true,3,608,602,6,0,0,602,29,3.6646,0.002,0,0
2418,54794,3.788,604,false,3,609,602,7,0,0,602,29,3.6646,0.002,0,0
2419,54797,3.102,604,false,3,609,602,7,0,0,602,22,3.6646,0.002,0,0
2420,54807,9.693,604,false,3,609,602,7,0,0,602,17,3.6646,0.002,0,0
2421,54811,4.113,604,false,3,609,602,7,0,0,603,27,3.6646,0.002,0,0
2422,54825,13.865,605,true,5,609,603,6,0,0,603,48,4.9814,0.0029,0,0
2423,54826,1.734,605,false,5,609,603,6,0,0,603,48,4.9814,0.0029,0,0
2424,54839,12.261,605,false,5,609,603,6,0,0,603,48,4.9814,0.0029,0,0
2425,54842,2.77,605,false,5,610,603,7,0,0,603,48,4.9814,0.0029,0,0
2426,54846,4.106,605,false,5,610,603,7,0,0,603,33,4.9814,0.0029,0,0
2427,54859,13.465,606,true,4,610,604,6,0,0,604,36,3.7964,0.002,0,0
2428,54861,2.314,606,false,4,611,604,7,0,0,604,36,3.7964,0.002,0,0
2429,54870,8.143,606,false,4,611,604,7,0,0,604,20,3.7964,0.002,0,0
2430,54873,3.664,606,false,4,611,604,7,0,0,604,28,3.7964,0.002,0,0
2431,54885,11.426,606,false,4,611,604,7,0,0,604,19,3.7964,0.002,0,0
2432,54905,20.229,607,true,9,611,605,6,0,0,605,27,4.5097,0.0024,0,0
2433,54907,2.248,607,false,9,611,605,6,0,0,605,27,4.5097,0.0024,0,0
2434,54916,9.333,607,false,9,611,605,6,0,0,605,27,4.5097,0.0024,0,0
2435,54919,2.59,607,false,9,612,605,7,0,0,605,27,4.5097,0.0024,0,0
2436,54934,15.17,608,true,4,612,606,6,0,0,606,25,3.353,0.0017,0,0
2437,54936,1.988,608,false,4,612,606,6,0,0,606,25,3.353,0.0017,0,0
2438,54947,11.146,608,false,4,612,606,6,0,0,606,25,3.353,0.0017,0,0
2439,54950,2.767,608,false,4,613,606,7,0,0,606,25,3.353,0.0017,0,0
2440,54963,13.232,608,false,4,613,606,7,0,0,607,24,3.2737,0.0019,0,0
2441,54977,13.514,609,true,4,613,607,6,0,0,607,29,3.2737,0.0019,0,0
2442,54980,2.765,609,false,4,614,607,7,0,0,607,29,3.2737,0.0019,0,0
2443,54995,14.731,609,false,4,614,607,7,0,0,608,23,3.5116,0.0029,0,0
2444,55008,14.179,610,true,5,614,608,6,0,0,608,28,3.5116,0.0029,0,0
2445,55011,2.222,610,false,5,614,608,6,0,0,608,28,3.5116,0.0029,0,0
2446,55026,14.767,610,false,5,615,608,7,0,0,609,28,4.069,0.0019,0,0
2447,55038,12.858,611,true,4,615,609,6,0,0,609,27,4.069,0.0019,0,0
2448,55040,2.066,611,false,4,615,609,6,0,0,609,27,4.069,0.0019,0,0
2449,55057,16.635,611,false,4,616,609,7,0,0,609,27,4.069,0.0019,0,0
2450,55069,11.633,612,true,3,616,610,6,0,0,610,28,3.6131,0.0023,0,0
2451,55070,1.862,612,false,3,616,610,6,0,0,610,28,3.6131,0.0023,0,0
2452,55089,18.06,612,false,3,617,610,7,0,0,610,28,3.6131,0.0023,0,0
2453,55096,7.192,613,true,4,617,611,6,0,0,611,34,3.6131,0.0023,0,0
2454,55104,7.782,613,false,4,617,611,6,0,0,611,25,6.3552,0.0024,0,0
2455,55105,1.705,613,false,4,617,611,6,0,0,611,25,6.3552,0.0024,0,0
2456,55119,13.977,613,false,4,618,611,7,0,0,611,25,6.3552,0.0024,0,0
2457,55121,1.977,613,false,4,618,611,7,0,0,611,23,6.3552,0.0024,0,0
2458,55134,12.86,613,false,4,618,611,7,0,0,612,16,3.2051,0.0022,0,0
2459,55146,12.13,614,true,3,618,612,6,0,0,612,32,3.2051,0.0022,0,0
2460,55148,1.874,614,false,3,618,612,6,0,0,612,32,3.2051,0.0022,0,0
2461,55153,4.999,614,false,3,619,612,7,0,0,612,32,3.2051,0.0022,0,0
2462,55165,11.842,614,false,3,619,612,7,0,0,613,25,3.1928,0.002,0,0
2463,55177,12.547,615,true,4,619,613,6,0,0,613,23,3.1928,0.002,0,0
2464,55179,1.774,615,false,4,619,613,6,0,0,613,23,3.1928,0.002,0,0
2465,55196,16.419,615,false,4,619,613,6,0,0,614,23,3.1928,0.002,0,0
2466,55208,11.996,616,true,3,620,614,6,0,0,614,23,3.9202,0.0023,0,0
2467,55209,1.687,616,false,3,620,614,6,0,0,614,23,3.9202,0.0023,0,0
2468,55227,17.763,616,false,3,621,614,7,0,0,614,23,3.9202,0.0023,0,0
2469,55230,2.765,616,false,3,621,614,7,0,0,614,29,3.9202,0.0023,0,0
2470,55242,12.278,617,true,4,621,615,6,0,0,615,17,3.2432,0.0022,0,0
2471,55245,2.38,617,false,4,621,615,6,0,0,615,17,3.2432,0.0022,0,0
2472,55249,4.493,617,false,4,621,615,6,0,0,615,17,3.2432,0.0022,0,0
2473,55259,10.205,617,false,4,622,615,7,0,0,615,17,3.2432,0.0022,0,0
2474,55263,3.591,617,false,4,622,615,7,0,0,615,26,3.2432,0.0022,0,0
2475,55275,11.549,617,false,4,622,615,7,0,0,616,18,6.1961,0.0022,0,0
2476,55287,12.671,618,true,4,622,616,6,0,0,616,22,6.1961,0.0022,0,0
2477,55289,1.779,618,false,4,622,616,6,0,0,616,22,6.1961,0.0022,0,0
2478,55306,16.773,618,false,4,623,616,7,0,0,616,22,6.1961,0.0022,0,0
2479,55314,8.876,619,true,4,623,617,6,0,0,617,106,6.1961,0.0022,0,0
2480,55322,7.995,619,false,4,623,617,6,0,0,617,23,8.6053,0.0027,0,0
2481,55324,1.611,619,false,4,623,617,6,0,0,617,23,8.6053,0.0027,0,0
2482,55337,12.418,619,false,4,623,617,6,0,0,617,23,8.6053,0.0027,0,0
2483,55340,3.537,619,false,4,624,617,7,0,0,617,23,8.6053,0.0027,0,0
2484,55343,3.357,619,false,4,624,617,7,0,0,617,24,8.6053,0.0027,0,0
2485,55352,9.02,619,false,4,624,617,7,0,0,618,16,4.0372,0.0028,0,0
2486,55364,11.906,620,true,4,624,618,6,0,0,618,20,4.0372,0.0028,0,0
2487,55366,1.702,620,false,4,624,618,6,0,0,618,20,4.0372,0.0028,0,0
2488,55384,17.934,620,false,4,624,618,6,0,0,618,20,4.0372,0.0028,0,0
2489,55397,12.765,621,true,3,625,619,6,0,0,619,20,4.4674,0.0022,0,0
2490,55398,1.739,621,false,3,625,619,6,0,0,619,20,4.4674,0.0022,0,0
2491,55404,5.164,621,false,3,626,619,7,0,0,619,20,4.4674,0.0022,0,0
2492,55415,10.77,621,false,3,626,619,7,0,0,619,24,4.4674,0.0022,0,0
2493,55417,3.026,621,false,3,626,619,7,0,0,619,32,4.4674,0.0022,0,0
2494,55431,13.169,621,false,3,626,619,7,0,0,620,18,3.3425,0.0019,0,0
2495,55444,12.97,622,true,4,626,620,6,0,0,620,24,3.3425,0.0019,0,0
2496,55446,1.892,622,false,4,626,620,6,0,0,620,24,3.3425,0.0019,0,0
2497,55463,16.413,622,false,4,627,620,7,0,0,621,24,3.3233,0.002,0,0
2498,55477,15.487,623,true,4,627,621,6,0,0,621,26,3.3233,0.002,0,0
2499,55479,2.143,623,false,4,627,621,6,0,0,621,26,3.3233,0.002,0,0
2500,55492,12.251,623,false,4,628,621,7,0,0,622,26,3.3233,0.002,0,0
2501,55503,11.672,624,true,4,628,622,6,0,0,622,26,3.7206,0.0021,0,0
2502,55505,1.973,624,false,4,628,622,6,0,0,622,26,3.7206,0.0021,0,0
2503,55523,17.717,624,false,4,629,622,7,0,0,622,26,3.7206,0.0021,0,0
2504,55531,8.237,625,true,4,629,623,6,0,0,623,33,6.2056,0.0029,0,0
2505,55540,8.639,625,false,4,629,623,6,0,0,623,26,6.2056,0.0029,0,0
2506,55542,1.779,625,false,4,629,623,6,0,0,623,26,6.2056,0.0029,0,0
2507,55554,12.309,625,false,4,630,623,7,0,0,623,26,6.2056,0.0029,0,0
2508,55557,2.715,625,false,4,630,623,7,0,0,623,27,6.2056,0.0029,0,0
2509,55570,12.858,625,false,4,630,623,7,0,0,624,24,4.1577,0.0026,0,0
2510,55581,11.836,626,true,4,630,624,6,0,0,624,22,4.1577,0.0026,0,0
2511,55583,1.799,626,false,4,630,624,6,0,0,624,22,4.1577,0.0026,0,0
2512,55601,17.075,626,false,4,631,624,7,0,0,624,22,4.1577,0.0026,0,0
2513,55603,2.766,626,false,4,631,624,7,0,0,624,73,4.1577,0.0026,0,0
2514,55615,11.605,627,true,4,631,625,6,0,0,625,18,3.328,0.002,0,0
2515,55617,2.565,627,false,4,631,625,6,0,0,625,18,3.328,0.002,0,0
2516,55622,4.338,627,false,4,632,625,7,0,0,625,18,3.328,0.002,0,0
2517,55632,9.828,627,false,4,632,625,7,0,0,625,27,3.328,0.002,0,0
2518,55636,3.968,627,false,4,632,625,7,0,0,625,25,3.328,0.002,0,0
2519,55656,20.187,628,true,8,632,626,6,0,0,626,37,3.5585,0.0022,0,0
2520,55658,2.011,628,false,8,632,626,6,0,0,626,37,3.5585,0.0022,0,0
2521,55663,4.877,628,false,8,632,626,6,0,0,626,37,3.5585,0.0022,0,0
2522,55678,15.321,628,false,8,633,626,7,0,0,627,37,3.5585,0.0022,0,0
2523,55692,14.407,629,true,5,633,627,6,0,0,627,27,5.7204,0.0023,0,0
2524,55695,2.793,629,false,5,633,627,6,0,0,627,27,5.7204,0.0023,0,0
2525,55699,4.102,629,false,5,634,627,7,0,0,627,27,5.7204,0.0023,0,0
2526,55709,9.347,629,false,5,634,627,7,0,0,627,25,5.7204,0.0023,0,0
2527,55724,15.08,629,false,5,634,627,7,0,0,628,23,4.8178,0.002,0,0
2528,55736,12.592,630,true,4,634,628,6,0,0,628,27,4.8178,0.002,0,0
2529,55738,1.777,630,false,4,634,628,6,0,0,628,27,4.8178,0.002,0,0
2530,55755,16.922,630,false,4,635,628,7,0,0,629,27,4.3234,0.0023,0,0
2531,55767,11.866,631,true,4,635,629,6,0,0,629,23,4.3234,0.0023,0,0
2532,55768,1.836,631,false,4,635,629,6,0,0,629,23,4.3234,0.0023,0,0
2533,55786,17.675,631,false,4,636,629,7,0,0,630,23,3.5416,0.0024,0,0
2534,55799,12.375,632,true,4,636,630,6,0,0,630,30,3.5416,0.0024,0,0
2535,55800,1.778,632,false,4,636,630,6,0,0,630,30,3.5416,0.0024,0,0
2536,55818,17.888,632,false,4,637,630,7,0,0,630,30,3.5416,0.0024,0,0
2537,55832,13.554,633,true,4,637,631,6,0,0,631,69,3.5251,0.0021,0,0
2538,55835,2.617,633,false,4,637,631,6,0,0,631,69,3.5251,0.0021,0,0
2539,55839,4.291,633,false,4,638,631,7,0,0,631,69,3.5251,0.0021,0,0
2540,55850,10.698,633,false,4,638,631,7,0,0,631,24,3.5251,0.0021,0,0
2541,55852,3.094,633,false,4,638,631,7,0,0,631,26,3.5251,0.0021,0,0
2542,55865,12.408,633,false,4,638,631,7,0,0,632,19,3.5476,0.0018,0,0
2543,55880,14.687,634,true,5,638,632,6,0,0,632,24,3.5476,0.0018,0,0
2544,55882,2.557,634,false,5,638,632,6,0,0,632,24,3.5476,0.0018,0,0
2545,55892,9.902,634,false,5,639,632,7,0,0,632,24,3.5476,0.0018,0,0
2546,55904,12.344,635,true,4,639,633,6,0,0,633,25,3.4731,0.002,0,0
2547,55906,2.012,635,false,4,639,633,6,0,0,633,25,3.4731,0.002,0,0
2548,55913,6.062,635,false,4,640,633,7,0,0,633,25,3.4731,0.002,0,0
2549,55928,15.715,635,false,4,640,633,7,0,0,634,30,3.4731,0.002,0,0
2550,55940,12.154,636,true,4,640,634,6,0,0,634,34,3.8041,0.0019,0,0
2551,55942,1.77,636,false,4,640,634,6,0,0,634,34,3.8041,0.0019,0,0
2552,55960,17.407,636,false,4,640,634,6,0,0,635,34,3.8041,0.0019,0,0
2553,55972,12.644,637,true,4,641,635,6,0,0,635,34,6.4423,0.0024,0,0
2554,55974,1.8,637,false,4,641,635,6,0,0,635,34,6.4423,0.0024,0,0
2555,55990,16.061,637,false,4,642,635,7,0,0,635,34,6.4423,0.0024,0,0
2556,55993,2.624,637,false,4,642,635,7,0,0,635,30,6.4423,0.0024,0,0
2557,56004,11.583,638,true,3,642,636,6,0,0,636,18,3.455,0.0024,0,0
2558,56006,2.131,638,false,3,642,636,6,0,0,636,18,3.455,0.0024,0,0
2559,56022,15.277,638,false,3,643,636,7,0,0,636,18,3.455,0.0024,0,0
2560,56024,2.878,638,false,3,643,636,7,0,0,636,28,3.455,0.0024,0,0
2561,56028,3.938,638,false,3,643,636,7,0,0,637,19,3.455,0.0024,0,0
2562,56041,12.572,639,true,4,643,637,6,0,0,637,22,3.5336,0.0017,0,0
2563,56043,2.014,639,false,4,643,637,6,0,0,637,22,3.5336,0.0017,0,0
2564,56053,9.957,639,false,4,643,637,6,0,0,637,22,3.5336,0.0017,0,0
2565,56056,3.024,639,false,4,644,637,7,0,0,637,22,3.5336,0.0017,0,0
2566,56069,12.683,639,false,4,644,637,7,0,0,638,24,3.562,0.0024,0,0
2567,56083,14.223,640,true,5,644,638,6,0,0,638,25,3.562,0.0024,0,0
2568,56085,2.421,640,false,5,644,638,6,0,0,638,25,3.562,0.0024,0,0
2569,56090,4.473,640,false,5,645,638,7,0,0,638,25,3.562,0.0024,0,0
2570,56100,9.985,640,false,5,645,638,7,0,0,639,26,3.3554,0.0022,0,0
2571,56113,13.119,641,true,4,645,639,6,0,0,639,24,3.3554,0.0022,0,0
2572,56115,1.733,641,false,4,645,639,6,0,0,639,24,3.3554,0.0022,0,0
2573,56120,5.166,641,false,4,646,639,7,0,0,639,24,3.3554,0.0022,0,0
2574,56131,11.106,641,false,4,646,639,7,0,0,640,30,3.2428,0.0017,0,0
2575,56143,12.114,642,true,4,646,640,6,0,0,640,23,3.2428,0.0017,0,0
2576,56145,1.796,642,false,4,646,640,6,0,0,640,23,3.2428,0.0017,0,0
2577,56162,16.805,642,false,4,646,640,6,0,0,641,23,3.2428,0.0017,0,0
2578,56174,12.311,643,true,3,647,641,6,0,0,641,23,4.9513,0.0025,0,0
2579,56176,1.714,643,false,3,647,641,6,0,0,641,23,4.9513,0.0025,0,0
2580,56193,17.055,643,false,3,648,641,7,0,0,642,23,4.9513,0.0025,0,0
2581,56205,11.872,644,true,3,648,642,6,0,0,642,26,4.0003,0.0025,0,0
2582,56206,1.783,644,false,3,648,642,6,0,0,642,26,4.0003,0.0025,0,0
2583,56224,17.437,644,false,3,649,642,7,0,0,642,26,4.0003,0.0025,0,0
2584,56226,2.391,644,false,3,649,642,7,0,0,642,28,4.0003,0.0025,0,0
2585,56237,11.126,645,true,3,649,643,6,0,0,643,18,5.2619,0.0027,0,0
2586,56240,2.263,645,false,3,649,643,6,0,0,643,18,5.2619,0.0027,0,0
2587,56254,14.196,645,false,3,649,643,6,0,0,643,18,5.2619,0.0027,0,0
2588,56258,3.796,645,false,3,650,643,7,0,0,643,18,5.2619,0.0027,0,0
2589,56261,3.019,645,false,3,650,643,7,0,0,643,26,5.2619,0.0027,0,0
2590,56269,8.164,645,false,3,650,643,7,0,0,644,20,3.2841,0.0022,0,0
2591,56282,12.713,646,true,4,650,644,6,0,0,644,19,3.2841,0.0022,0,0
2592,56284,2.625,646,false,4,650,644,6,0,0,644,19,3.2841,0.0022,0,0
2593,56288,4.269,646,false,4,651,644,7,0,0,644,19,3.2841,0.0022,0,0
2594,56299,10.917,646,false,4,651,644,7,0,0,645,25,3.2841,0.0022,0,0
2595,56312,12.403,647,true,4,651,645,6,0,0,645,32,4.037,0.0025,0,0
2596,56314,1.875,647,false,4,651,645,6,0,0,645,32,4.037,0.0025,0,0
2597,56331,17.271,647,false,4,651,645,6,0,0,646,32,4.037,0.0025,0,0
2598,56343,12.564,648,true,4,652,646,6,0,0,646,32,3.9232,0.002,0,0
2599,56345,1.954,648,false,4,652,646,6,0,0,646,32,3.9232,0.002,0,0
2600,56350,4.973,648,false,4,653,646,7,0,0,646,32,3.9232,0.002,0,0
2601,56362,11.546,648,false,4,653,646,7,0,0,646,28,3.9232,0.002,0,0
2602,56364,2.251,648,false,4,653,646,7,0,0,647,25,3.9232,0.002,0,0
2603,56377,12.355,649,true,4,653,647,6,0,0,647,19,5.0066,0.0022,0,0
2604,56379,2.109,649,false,4,653,647,6,0,0,647,19,5.0066,0.0022,0,0
2605,56392,13.489,649,false,4,654,647,7,0,0,647,19,5.0066,0.0022,0,0
2606,56395,3.108,649,false,4,654,647,7,0,0,647,33,5.0066,0.0022,0,0
2607,56399,3.717,649,false,4,654,647,7,0,0,647,20,5.0066,0.0022,0,0
2608,56411,12.176,650,true,4,654,648,6,0,0,648,23,3.5843,0.0022,0,0
2609,56413,1.774,650,false,4,654,648,6,0,0,648,23,3.5843,0.0022,0,0
2610,56423,9.695,650,false,4,654,648,6,0,0,648,23,3.5843,0.0022,0,0
2611,56426,3.974,650,false,4,655,648,7,0,0,648,23,3.5843,0.0022,0,0
2612,56439,11.548,650,false,4,655,648,7,0,0,649,28,3.7079,0.0023,0,0
2613,56450,12.384,651,true,3,655,649,6,0,0,649,27,3.7079,0.0023,0,0
2614,56452,1.736,651,false,3,655,649,6,0,0,649,27,3.7079,0.0023,0,0
2615,56469,16.489,651,false,3,655,649,6,0,0,650,27,3.7079,0.0023,0,0
2616,56481,12.058,652,true,4,656,650,6,0,0,650,27,3.5433,0.0025,0,0
2617,56482,1.776,652,false,4,656,650,6,0,0,650,27,3.5433,0.0025,0,0
2618,56500,17.564,652,false,4,657,650,7,0,0,651,27,3.5433,0.0025,0,0
2619,56513,12.596,653,true,4,657,651,6,0,0,651,28,5.1919,0.0026,0,0
2620,56515,1.965,653,false,4,657,651,6,0,0,651,28,5.1919,0.0026,0,0
2621,56531,16.572,653,false,4,658,651,7,0,0,651,28,5.1919,0.0026,0,0
2622,56544,12.882,654,true,4,658,652,6,0,0,652,38,4.1082,0.0026,0,0
2623,56546,2.271,654,false,4,658,652,6,0,0,652,38,4.1082,0.0026,0,0
2624,56561,14.619,654,false,4,659,652,7,0,0,652,38,4.1082,0.0026,0,0
2625,56563,2.414,654,false,4,659,652,7,0,0,652,29,4.1082,0.0026,0,0
2626,56577,13.171,654,false,4,659,652,7,0,0,653,16,4.3084,0.0019,0,0
2627,56588,11.808,655,true,4,659,653,6,0,0,653,24,4.3084,0.0019,0,0
2628,56590,1.835,655,false,4,659,653,6,0,0,653,24,4.3084,0.0019,0,0
2629,56608,17.737,655,false,4,660,653,7,0,0,654,24,3.213,0.0018,0,0
2630,56621,12.791,656,true,4,660,654,6,0,0,654,27,3.213,0.0018,0,0
2631,56623,1.92,656,false,4,660,654,6,0,0,654,27,3.213,0.0018,0,0
2632,56638,15.306,656,false,4,661,654,7,0,0,655,27,3.3531,0.0015,0,0
2633,56659,21.357,657,true,10,661,655,6,0,0,655,24,3.3531,0.0015,0,0
2634,56662,2.452,657,false,10,662,655,7,0,0,655,24,3.3531,0.0015,0,0
2635,56674,12.078,658,true,4,662,656,6,0,0,656,25,3.393,0.0021,0,0
2636,56676,1.927,658,false,4,662,656,6,0,0,656,25,3.393,0.0021,0,0
2637,56684,8.232,658,false,4,662,656,6,0,0,656,25,3.393,0.0021,0,0
2638,56688,3.632,658,false,4,663,656,7,0,0,656,25,3.393,0.0021,0,0
2639,56699,11.628,658,false,4,663,656,7,0,0,657,24,3.393,0.0021,0,0
2640,56711,11.948,659,true,4,663,657,6,0,0,657,25,3.9998,0.0025,0,0
2641,56713,2.004,659,false,4,663,657,6,0,0,657,25,3.9998,0.0025,0,0
2642,56731,17.769,659,false,4,664,657,7,0,0,658,25,3.9998,0.0025,0,0
2643,56744,12.563,660,true,4,664,658,6,0,0,658,28,3.8344,0.0021,0,0
2644,56746,1.851,660,false,4,664,658,6,0,0,658,28,3.8344,0.0021,0,0
2645,56762,16.532,660,false,4,664,658,6,0,0,658,28,3.8344,0.0021,0,0
2646,56771,8.445,661,true,4,665,659,6,0,0,659,28,3.8344,0.0021,0,0
2647,56778,7.552,661,false,4,665,659,6,0,0,659,28,7.5909,0.003,0,0
2648,56780,1.891,661,false,4,665,659,6,0,0,659,28,7.5909,0.003,0,0
2649,56793,13.069,661,false,4,666,659,7,0,0,659,28,7.5909,0.003,0,0
2650,56797,3.643,661,false,4,666,659,7,0,0,659,27,7.5909,0.003,0,0
2651,56800,3.461,661,false,4,666,659,7,0,0,659,31,7.5909,0.003,0,0
2652,56808,7.94,661,false,4,666,659,7,0,0,660,26,3.7628,0.0022,0,0
2653,56820,12.314,662,true,4,666,660,6,0,0,660,22,3.7628,0.0022,0,0
2654,56822,1.694,662,false,4,666,660,6,0,0,660,22,3.7628,0.0022,0,0
2655,56841,18.626,662,false,4,666,660,6,0,0,661,22,3.7628,0.0022,0,0
2656,56854,13.104,663,true,4,667,661,6,0,0,661,22,4.1984,0.0026,0,0
2657,56856,1.737,663,false,4,667,661,6,0,0,661,22,4.1984,0.0026,0,0
2658,56861,5.162,663,false,4,668,661,7,0,0,661,22,4.1984,0.0026,0,0
2659,56871,10.381,663,false,4,668,661,7,0,0,661,24,4.1984,0.0026,0,0
2660,56874,3.416,663,false,4,668,661,7,0,0,661,28,4.1984,0.0026,0,0
2661,56886,12.051,663,false,4,668,661,7,0,0,662,22,4.7144,0.0021,0,0
2662,56900,13.378,664,true,4,668,662,6,0,0,662,22,4.7144,0.0021,0,0
2663,56903,3.376,664,false,4,668,662,6,0,0,662,22,4.7144,0.0021,0,0
2664,56907,3.527,664,false,4,669,662,7,0,0,662,22,4.7144,0.0021,0,0
2665,56918,11.212,664,false,4,669,662,7,0,0,663,24,4.7144,0.0021,0,0
2666,56932,13.847,665,true,4,669,663,6,0,0,663,21,4.0917,0.0026,0,0
2667,56934,2.32,665,false,4,669,663,6,0,0,663,21,4.0917,0.0026,0,0
2668,56949,14.581,665,false,4,669,663,6,0,0,663,21,4.0917,0.0026,0,0
2669,56963,13.903,666,true,4,670,664,6,0,0,664,21,3.1606,0.0018,0,0
2670,56966,3.233,666,false,4,671,664,7,0,0,664,21,3.1606,0.0018,0,0
2671,56969,3.654,666,false,4,671,664,7,0,0,664,21,3.1606,0.0018,0,0
2672,56979,9.636,666,false,4,671,664,7,0,0,664,16,3.1606,0.0018,0,0
2673,56983,4.173,666,false,4,671,664,7,0,0,665,28,3.1606,0.0018,0,0
2674,56995,12.001,667,true,4,671,665,6,0,0,665,17,5.6109,0.0022,0,0
2675,56997,2.134,667,false,4,671,665,6,0,0,665,17,5.6109,0.0022,0,0
2676,57010,12.712,667,false,4,671,665,6,0,0,665,17,5.6109,0.0022,0,0
2677,57016,5.302,667,false,4,672,665,7,0,0,665,17,5.6109,0.0022,0,0
2678,57030,14.294,668,true,4,672,666,6,0,0,666,25,3.7281,0.0024,0,0
2679,57032,1.972,668,false,4,672,666,6,0,0,666,25,3.7281,0.0024,0,0
2680,57042,10.47,668,false,4,672,666,6,0,0,666,25,3.7281,0.0024,0,0
2681,57047,4.572,668,false,4,673,666,7,0,0,666,25,3.7281,0.0024,0,0
2682,57051,3.666,668,false,4,673,666,7,0,0,666,32,3.7281,0.0024,0,0
2683,57058,7.082,668,false,4,673,666,7,0,0,667,30,3.7281,0.0024,0,0
2684,57076,18.292,669,true,8,673,667,6,0,0,667,24,5.0784,0.002,0,0
2685,57079,2.995,669,false,8,673,667,6,0,0,667,24,5.0784,0.002,0,0
2686,57083,3.867,669,false,8,674,667,7,0,0,667,24,5.0784,0.002,0,0
2687,57090,6.943,669,false,8,674,667,7,0,0,667,23,5.0784,0.002,0,0
2688,57105,15.125,669,false,8,674,667,7,0,0,668,25,3.237,0.0018,0,0
2689,57119,14.59,670,true,5,674,668,6,0,0,668,26,3.237,0.0018,0,0
2690,57122,2.502,670,false,5,674,668,6,0,0,668,26,3.237,0.0018,0,0
2691,57136,14.2,670,false,5,674,668,6,0,0,669,26,3.7831,0.0036,0,0
2692,57151,15.04,671,true,4,675,669,6,0,0,669,26,3.7831,0.0036,0,0
2693,57154,3.053,671,false,4,676,669,7,0,0,669,26,3.7831,0.0036,0,0
2694,57158,3.809,671,false,4,676,669,7,0,0,669,25,3.7831,0.0036,0,0
2695,57167,8.906,671,false,4,676,669,7,0,0,670,16,3.308,0.0017,0,0
2696,57180,12.716,672,true,4,676,670,6,0,0,670,75,3.308,0.0017,0,0
2697,57181,1.773,672,false,4,676,670,6,0,0,670,75,3.308,0.0017,0,0
2698,57199,17.066,672,false,4,677,670,7,0,0,671,75,3.308,0.0017,0,0
2699,57215,16.129,673,true,5,677,671,6,0,0,671,29,5.8672,0.0029,0,0
2700,57217,2.247,673,false,5,677,671,6,0,0,671,29,5.8672,0.0029,0,0
2701,57230,12.68,673,false,5,678,671,7,0,0,671,29,5.8672,0.0029,0,0
2702,57232,2.371,673,false,5,678,671,7,0,0,671,27,5.8672,0.0029,0,0
2703,57245,12.554,673,false,5,678,671,7,0,0,672,16,4.273,0.002,0,0
2704,57257,13.159,674,true,4,678,672,6,0,0,672,28,4.273,0.002,0,0
2705,57260,2.191,674,false,4,678,672,6,0,0,672,28,4.273,0.002,0,0
2706,57264,4.705,674,false,4,679,672,7,0,0,672,28,4.273,0.002,0,0
2707,57275,10.815,674,false,4,679,672,7,0,0,673,25,3.3249,0.0017,0,0
2708,57288,12.708,675,true,4,679,673,6,0,0,673,32,3.3249,0.0017,0,0
2709,57290,1.742,675,false,4,679,673,6,0,0,673,32,3.3249,0.0017,0,0
2710,57306,16.059,675,false,4,680,673,7,0,0,674,32,3.3317,0.002,0,0
2711,57321,14.515,676,true,4,680,674,6,0,0,674,26,3.3317,0.002,0,0
2712,57324,3.586,676,false,4,680,674,6,0,0,674,26,3.3317,0.002,0,0
2713,57327,3.299,676,false,4,681,674,7,0,0,674,26,3.3317,0.002,0,0
2714,57336,8.831,676,false,4,681,674,7,0,0,674,25,3.3317,0.002,0,0
2715,57352,15.709,676,false,4,681,674,7,0,0,675,22,4.5484,0.0018,0,0
2716,57365,13.195,677,true,4,681,675,6,0,0,675,30,4.5484,0.0018,0,0
2717,57367,1.875,677,false,4,681,675,6,0,0,675,30,4.5484,0.0018,0,0
2718,57382,15.336,677,false,4,681,675,6,0,0,676,30,3.2533,0.0018,0,0
2719,57394,11.956,678,true,3,682,676,6,0,0,676,30,3.2533,0.0018,0,0
2720,57396,1.92,678,false,3,682,676,6,0,0,676,30,3.2533,0.0018,0,0
2721,57406,9.99,678,false,3,683,676,7,0,0,676,30,3.2533,0.0018,0,0
2722,57408,1.922,678,false,3,683,676,7,0,0,676,23,3.2533,0.0018,0,0
2723,57429,21.245,678,false,3,683,676,7,0,0,677,17,4.5108,0.0022,0,0
2724,57441,11.883,679,true,4,683,677,6,0,0,677,23,4.5108,0.0022,0,0
2725,57443,1.703,679,false,4,683,677,6,0,0,677,23,4.5108,0.0022,0,0
2726,57461,18.573,679,false,4,684,677,7,0,0,678,23,3.2757,0.0017,0,0
2727,57474,12.82,680,true,3,684,678,6,0,0,678,47,3.2757,0.0017,0,0
2728,57476,1.749,680,false,3,684,678,6,0,0,678,47,3.2757,0.0017,0,0
2729,57492,16.161,680,false,3,685,678,7,0,0,679,47,3.3104,0.0023,0,0
2730,57506,13.812,681,true,4,685,679,6,0,0,679,25,3.3104,0.0023,0,0
2731,57509,2.965,681,false,4,686,679,7,0,0,679,25,3.3104,0.0023,0,0
2732,57513,3.928,681,false,4,686,679,7,0,0,679,25,3.3104,0.0023,0,0
2733,57523,10.19,681,false,4,686,679,7,0,0,680,20,3.3937,0.0022,0,0
2734,57535,12.04,682,true,3,686,680,6,0,0,680,25,3.3937,0.0022,0,0
2735,57537,1.882,682,false,3,686,680,6,0,0,680,25,3.3937,0.0022,0,0
2736,57554,17.04,682,false,3,686,680,6,0,0,681,25,3.2976,0.0018,0,0
2737,57567,13.057,683,true,4,687,681,6,0,0,681,25,3.2976,0.0018,0,0
2738,57569,1.95,683,false,4,687,681,6,0,0,681,25,3.2976,0.0018,0,0
2739,57584,15.465,683,false,4,688,681,7,0,0,682,25,3.2976,0.0018,0,0
2740,57597,12.664,684,true,4,688,682,6,0,0,682,25,3.4421,0.0019,0,0
2741,57599,1.721,684,false,4,688,682,6,0,0,682,25,3.4421,0.0019,0,0
2742,57616,16.644,684,false,4,689,682,7,0,0,682,25,3.4421,0.0019,0,0
2743,57622,6.414,685,true,3,689,683,6,0,0,683,25,3.4421,0.0019,0,0
2744,57629,7.505,685,false,3,689,683,6,0,0,683,19,6.072,0.0027,0,0
2745,57631,1.549,685,false,3,689,683,6,0,0,683,19,6.072,0.0027,0,0
2746,57647,16.276,685,false,3,690,683,7,0,0,683,19,6.072,0.0027,0,0
2747,57650,2.617,685,false,3,690,683,7,0,0,683,29,6.072,0.0027,0,0
2748,57663,13.394,685,false,3,690,683,7,0,0,684,18,3.832,0.0024,0,0
2749,57678,15.209,686,true,4,690,684,6,0,0,684,42,3.832,0.0024,0,0
2750,57681,2.34,686,false,4,690,684,6,0,0,684,42,3.832,0.0024,0,0
2751,57685,4.519,686,false,4,691,684,7,0,0,684,42,3.832,0.0024,0,0
2752,57696,10.161,686,false,4,691,684,7,0,0,685,24,3.832,0.0024,0,0
2753,57708,12.215,687,true,4,691,685,6,0,0,685,21,4.5837,0.0024,0,0
2754,57709,1.718,687,false,4,691,685,6,0,0,685,21,4.5837,0.0024,0,0
2755,57726,16.71,687,false,4,691,685,6,0,0,685,21,4.5837,0.0024,0,0
2756,57729,2.819,687,false,4,692,685,7,0,0,686,21,4.5837,0.0024,0,0
2757,57742,12.949,688,true,5,692,686,6,0,0,686,23,4.9354,0.0025,0,0
2758,57745,2.842,688,false,5,693,686,7,0,0,686,23,4.9354,0.0025,0,0
2759,57757,11.917,688,false,5,693,686,7,0,0,686,23,4.9354,0.0025,0,0
2760,57760,3.459,688,false,5,693,686,7,0,0,686,30,4.9354,0.0025,0,0
2761,57763,3.423,688,false,5,693,686,7,0,0,686,19,4.9354,0.0025,0,0
2762,57772,8.348,688,false,5,693,686,7,0,0,687,18,3.4558,0.0025,0,0
2763,57784,12.501,689,true,4,693,687,6,0,0,687,19,3.4558,0.0025,0,0
2764,57786,1.806,689,false,4,693,687,6,0,0,687,19,3.4558,0.0025,0,0
2765,57803,16.282,689,false,4,693,687,6,0,0,688,19,3.4558,0.0025,0,0
2766,57816,13.815,690,true,4,694,688,6,0,0,688,19,3.5838,0.0021,0,0
2767,57818,2.098,690,false,4,694,688,6,0,0,688,19,3.5838,0.0021,0,0
2768,57823,4.84,690,false,4,694,688,6,0,0,688,19,3.5838,0.0021,0,0
2769,57833,9.847,690,false,4,695,688,7,0,0,688,19,3.5838,0.0021,0,0
2770,57837,3.946,690,false,4,695,688,7,0,0,688,34,3.5838,0.0021,0,0
2771,57851,13.715,691,true,3,695,689,6,0,0,689,31,4.7232,0.002,0,0
2772,57852,1.787,691,false,3,695,689,6,0,0,689,31,4.7232,0.002,0,0
2773,57864,11.57,691,false,3,695,689,6,0,0,689,31,4.7232,0.002,0,0
2774,57867,2.986,691,false,3,696,689,7,0,0,689,31,4.7232,0.002,0,0
2775,57880,12.607,691,false,3,696,689,7,0,0,690,23,4.2643,0.0023,0,0
2776,57891,11.787,692,true,4,696,690,6,0,0,690,42,4.2643,0.0023,0,0
2777,57893,1.826,692,false,4,696,690,6,0,0,690,42,4.2643,0.0023,0,0
2778,57910,16.705,692,false,4,697,690,7,0,0,691,42,4.2643,0.0023,0,0
2779,57921,11.433,693,true,3,697,691,6,0,0,691,26,4.7912,0.002,0,0
2780,57923,1.805,693,false,3,697,691,6,0,0,691,26,4.7912,0.002,0,0
2781,57942,18.628,693,false,3,698,691,7,0,0,692,26,4.7912,0.002,0,0
2782,57954,12.37,694,true,4,698,692,6,0,0,692,26,3.7531,0.002,0,0
2783,57956,1.882,694,false,4,698,692,6,0,0,692,26,3.7531,0.002,0,0
2784,57961,5.013,694,false,4,699,692,7,0,0,692,26,3.7531,0.002,0,0
2785,57972,10.713,694,false,4,699,692,7,0,0,692,23,3.7531,0.002,0,0
2786,57975,3.135,694,false,4,699,692,7,0,0,693,29,3.7531,0.002,0,0
2787,57986,11.259,695,true,4,699,693,6,0,0,693,17,3.376,0.0022,0,0
2788,57989,2.493,695,false,4,699,693,6,0,0,693,17,3.376,0.0022,0,0
2789,58003,14.143,695,false,4,700,693,7,0,0,693,17,3.376,0.0022,0,0
2790,58005,2.446,695,false,4,700,693,7,0,0,693,29,3.376,0.0022,0,0
2791,58020,14.27,695,false,4,700,693,7,0,0,694,17,3.2714,0.0019,0,0
2792,58032,12.686,696,true,4,700,694,6,0,0,694,23,3.2714,0.0019,0,0
2793,58034,1.746,696,false,4,700,694,6,0,0,694,23,3.2714,0.0019,0,0
2794,58051,16.881,696,false,4,700,694,6,0,0,695,23,5.977,0.0019,0,0
2795,58067,15.612,697,true,3,701,695,6,0,0,695,23,5.977,0.0019,0,0
2796,58069,2.509,697,false,3,701,695,6,0,0,695,23,5.977,0.0019,0,0
2797,58073,4.354,697,false,3,702,695,7,0,0,695,23,5.977,0.0019,0,0
2798,58082,9.021,697,false,3,702,695,7,0,0,696,24,3.4509,0.0023,0,0
2799,58091,8.473,698,true,2,702,696,6,0,0,696,24,3.4509,0.0023,0,0
2800,58094,3.192,698,false,2,702,696,6,0,0,696,24,3.4509,0.0023,0,0
2801,58114,19.756,698,false,2,703,696,7,0,0,696,24,3.4509,0.0023,0,0
2802,58129,15.173,699,true,5,703,697,6,0,0,697,33,4.8359,0.0024,0,0
2803,58132,2.777,699,false,5,703,697,6,0,0,697,33,4.8359,0.0024,0,0
2804,58136,4.103,699,false,5,704,697,7,0,0,697,33,4.8359,0.0024,0,0
2805,58145,8.992,699,false,5,704,697,7,0,0,697,24,4.8359,0.0024,0,0
2806,58150,4.812,699,false,5,704,697,7,0,0,697,21,4.8359,0.0024,0,0
2807,58160,10.131,699,false,5,704,697,7,0,0,698,27,3.2487,0.0018,0,0
2808,58179,18.925,700,true,9,704,698,6,0,0,698,24,3.2487,0.0018,0,0
2809,58180,1.94,700,false,9,704,698,6,0,0,698,24,3.2487,0.0018,0,0
2810,58191,10.32,700,false,9,705,698,7,0,0,699,24,3.2487,0.0018,0,0
2811,58204,12.97,701,true,4,705,699,6,0,0,699,24,5.4845,0.0023,0,0
2812,58206,2.581,701,false,4,705,699,6,0,0,699,24,5.4845,0.0023,0,0
2813,58221,14.645,701,false,4,705,699,6,0,0,699,24,5.4845,0.0023,0,0
2814,58225,4.257,701,false,4,706,699,7,0,0,699,24,5.4845,0.0023,0,0
2815,58237,11.903,702,true,3,706,700,6,0,0,700,26,3.5225,0.0028,0,0
2816,58239,1.893,702,false,3,706,700,6,0,0,700,26,3.5225,0.0028,0,0
2817,58252,13.054,702,false,3,707,700,7,0,0,700,26,3.5225,0.0028,0,0
2818,58255,2.52,702,false,3,707,700,7,0,0,700,31,3.5225,0.0028,0,0
2819,58267,12.777,702,false,3,707,700,7,0,0,701,16,4.6787,0.0021,0,0
2820,58280,12.401,703,true,4,707,701,6,0,0,701,29,4.6787,0.0021,0,0
2821,58282,1.97,703,false,4,707,701,6,0,0,701,29,4.6787,0.0021,0,0
2822,58298,16.233,703,false,4,708,701,7,0,0,702,29,3.4312,0.0019,0,0
2823,58311,12.728,704,true,4,708,702,6,0,0,702,27,3.4312,0.0019,0,0
2824,58313,1.851,704,false,4,708,702,6,0,0,702,27,3.4312,0.0019,0,0
2825,58330,16.75,704,false,4,709,702,7,0,0,702,27,3.4312,0.0019,0,0
2826,58344,14.356,705,true,4,709,703,6,0,0,703,30,3.872,0.002,0,0
2827,58346,2.58,705,false,4,709,703,6,0,0,703,30,3.872,0.002,0,0
2828,58351,4.32,705,false,4,710,703,7,0,0,703,30,3.872,0.002,0,0
2829,58361,10.213,705,false,4,710,703,7,0,0,703,23,3.872,0.002,0,0
2830,58364,3.584,705,false,4,710,703,7,0,0,704,31,3.872,0.002,0,0
2831,58377,12.582,706,true,4,710,704,6,0,0,704,17,3.5048,0.0026,0,0
2832,58379,1.958,706,false,4,710,704,6,0,0,704,17,3.5048,0.0026,0,0
2833,58392,13.044,706,false,4,710,704,6,0,0,704,17,3.5048,0.0026,0,0
2834,58396,3.72,706,false,4,711,704,7,0,0,704,17,3.5048,0.0026,0,0
2835,58399,3.159,706,false,4,711,704,7,0,0,704,27,3.5048,0.0026,0,0
2836,58417,17.978,707,true,4,711,705,6,0,0,705,20,3.6807,0.0023,0,0
2837,58419,2.066,707,false,4,711,705,6,0,0,705,20,3.6807,0.0023,0,0
2838,58424,4.797,707,false,4,712,705,7,0,0,705,20,3.6807,0.0023,0,0
2839,58439,14.64,707,false,4,712,705,7,0,0,706,24,3.6807,0.0023,0,0
2840,58451,12.156,708,true,3,712,706,6,0,0,706,28,4.1669,0.0023,0,0
2841,58452,1.782,708,false,3,712,706,6,0,0,706,28,4.1669,0.0023,0,0
2842,58469,16.447,708,false,3,713,706,7,0,0,706,28,4.1669,0.0023,0,0
2843,58476,6.903,709,true,3,713,707,6,0,0,707,28,4.1669,0.0023,0,0
2844,58482,6.642,709,false,3,713,707,6,0,0,707,21,6.3493,0.002,0,0
2845,58484,1.736,709,false,3,713,707,6,0,0,707,21,6.3493,0.002,0,0
2846,58500,15.77,709,false,3,713,707,6,0,0,707,21,6.3493,0.002,0,0
2847,58502,2.75,709,false,3,714,707,7,0,0,707,21,6.3493,0.002,0,0
2848,58515,12.11,709,false,3,714,707,7,0,0,708,24,6.3493,0.002,0,0
2849,58527,11.911,710,true,4,714,708,6,0,0,708,26,5.8918,0.0028,0,0
2850,58529,2.197,710,false,4,714,708,6,0,0,708,26,5.8918,0.0028,0,0
2851,58534,4.71,710,false,4,715,708,7,0,0,708,26,5.8918,0.0028,0,0
2852,58545,11.436,710,false,4,715,708,7,0,0,708,25,5.8918,0.0028,0,0
2853,58547,2.318,710,false,4,715,708,7,0,0,708,24,5.8918,0.0028,0,0
2854,58562,13.907,710,false,4,715,708,7,0,0,709,20,3.3702,0.0021,0,0
2855,58575,13.447,711,true,4,715,709,6,0,0,709,31,3.3702,0.0021,0,0
2856,58577,1.783,711,false,4,715,709,6,0,0,709,31,3.3702,0.0021,0,0
2857,58593,16.298,711,false,4,715,709,6,0,0,710,31,3.3344,0.0022,0,0
2858,58605,12.465,712,true,3,716,710,6,0,0,710,31,3.3344,0.0022,0,0
2859,58607,2.161,712,false,3,717,710,7,0,0,710,31,3.3344,0.0022,0,0
2860,58624,17.001,712,false,3,717,710,7,0,0,711,22,3.4401,0.0026,0,0
2861,58638,14.007,713,true,4,717,711,6,0,0,711,25,3.4401,0.0026,0,0
2862,58641,2.306,713,false,4,717,711,6,0,0,711,25,3.4401,0.0026,0,0
2863,58646,4.615,713,false,4,717,711,6,0,0,711,25,3.4401,0.0026,0,0
2864,58656,10.263,713,false,4,718,711,7,0,0,712,25,3.977,0.0023,0,0
2865,58669,13.577,714,true,4,718,712,6,0,0,712,73,3.977,0.0023,0,0
2866,58672,2.542,714,false,4,718,712,6,0,0,712,73,3.977,0.0023,0,0
2867,58676,4.357,714,false,4,719,712,7,0,0,712,73,3.977,0.0023,0,0
2868,58686,10.018,714,false,4,719,712,7,0,0,713,28,3.977,0.0023,0,0
2869,58699,12.692,715,true,4,719,713,6,0,0,713,28,5.5933,0.0026,0,0
2870,58701,1.869,715,false,4,719,713,6,0,0,713,28,5.5933,0.0026,0,0
2871,58706,5.028,715,false,4,720,713,7,0,0,713,28,5.5933,0.0026,0,0
2872,58717,11.774,715,false,4,720,713,7,0,0,713,24,5.5933,0.0026,0,0
2873,58720,2.581,715,false,4,720,713,7,0,0,713,27,5.5933,0.0026,0,0
2874,58732,11.626,716,true,4,720,714,6,0,0,714,23,3.317,0.0021,0,0
2875,58733,1.873,716,false,4,720,714,6,0,0,714,23,3.317,0.0021,0,0
2876,58748,14.404,716,false,4,720,714,6,0,0,714,23,3.317,0.0021,0,0
2877,58750,2.713,716,false,4,721,714,7,0,0,714,23,3.317,0.0021,0,0
2878,58764,12.901,716,false,4,721,714,7,0,0,715,23,4.3433,0.002,0,0
2879,58776,12.254,717,true,3,721,715,6,0,0,715,29,4.3433,0.002,0,0
2880,58778,1.975,717,false,3,721,715,6,0,0,715,29,4.3433,0.002,0,0
2881,58795,16.843,717,false,3,722,715,7,0,0,716,29,3.3264,0.0017,0,0
2882,58806,11.861,718,true,3,722,716,6,0,0,716,23,3.3264,0.0017,0,0
2883,58808,1.688,718,false,3,722,716,6,0,0,716,23,3.3264,0.0017,0,0
2884,58826,18.098,718,false,3,722,716,6,0,0,717,23,3.8739,0.003,0,0
2885,58840,13.901,719,true,4,723,717,6,0,0,717,23,3.8739,0.003,0,0
2886,58843,3.153,719,false,4,724,717,7,0,0,717,23,3.8739,0.003,0,0
2887,58847,3.745,719,false,4,724,717,7,0,0,717,55,3.8739,0.003,0,0
2888,58857,9.519,719,false,4,724,717,7,0,0,718,19,3.8739,0.003,0,0
2889,58868,11.964,720,true,3,724,718,6,0,0,718,19,3.8068,0.0022,0,0
2890,58871,2.436,720,false,3,724,718,6,0,0,718,19,3.8068,0.0022,0,0
2891,58888,16.515,720,false,3,724,718,6,0,0,719,19,3.8068,0.0022,0,0
2892,58901,13.297,721,true,3,725,719,6,0,0,719,19,5.8071,0.0024,0,0
2893,58903,2.227,721,false,3,725,719,6,0,0,719,19,5.8071,0.0024,0,0
2894,58908,4.68,721,false,3,726,719,7,0,0,719,19,5.8071,0.0024,0,0
2895,58918,10.479,721,false,3,726,719,7,0,0,719,26,5.8071,0.0024,0,0
2896,58922,3.811,721,false,3,726,719,7,0,0,719,20,5.8071,0.0024,0,0
2897,58943,20.621,722,true,11,726,720,6,0,0,720,16,4.295,0.002,0,0
2898,58944,2.016,722,false,11,726,720,6,0,0,720,16,4.295,0.002,0,0
2899,58950,4.881,722,false,11,727,720,7,0,0,720,16,4.295,0.002,0,0
2900,58965,14.807,722,false,11,727,720,7,0,0,721,30,3.6801,0.0016,0,0
2901,58977,13.019,723,true,4,727,721,6,0,0,721,25,3.6801,0.0016,0,0
2902,58979,1.812,723,false,4,727,721,6,0,0,721,25,3.6801,0.0016,0,0
2903,58995,15.824,723,false,4,727,721,6,0,0,722,25,3.3302,0.002,0,0
2904,59009,13.831,724,true,3,728,722,6,0,0,722,25,3.3302,0.002,0,0
2905,59011,2.061,724,false,3,728,722,6,0,0,722,25,3.3302,0.002,0,0
2906,59026,15.304,724,false,3,729,722,7,0,0,722,25,3.3302,0.002,0,0
2907,59029,2.651,724,false,3,729,722,7,0,0,723,30,3.3302,0.002,0,0
2908,59040,11.604,725,true,4,729,723,6,0,0,723,21,5.1234,0.0023,0,0
2909,59042,1.971,725,false,4,729,723,6,0,0,723,21,5.1234,0.0023,0,0
2910,59065,23.059,725,false,4,730,723,7,0,0,724,21,5.1234,0.0023,0,0
2911,59077,11.308,726,true,3,730,724,6,0,0,724,21,3.3073,0.0016,0,0
2912,59078,1.504,726,false,3,730,724,6,0,0,724,21,3.3073,0.0016,0,0
2913,59089,10.806,726,false,3,730,724,6,0,0,724,21,3.3073,0.0016,0,0
2914,59091,1.69,726,false,3,730,724,6,0,0,724,21,3.3073,0.0016,0,0
2915,59105,14.093,726,false,3,730,724,6,0,0,725,21,4.4655,0.0027,0,0
2916,59112,7.134,727,true,4,730,725,5,0,0,725,21,4.4655,0.0027,0,0
2917,59114,1.805,727,false,4,730,725,5,0,0,725,21,4.4655,0.0027,0,0
2918,59121,6.652,727,false,4,730,725,5,0,0,725,21,4.4655,0.0027,0,0
2919,59136,15.8,727,false,4,730,725,5,0,0,725,21,4.4655,0.0027,0,0
2920,59145,8.653,728,true,4,730,726,4,0,0,726,21,3.3432,0.0018,0,0
2921,59146,1.508,728,false,4,730,726,4,0,0,726,21,3.3432,0.0018,0,0
2922,59152,5.576,728,false,4,730,726,4,0,0,726,21,3.3432,0.0018,0,0
2923,59168,15.777,728,false,4,730,726,4,0,0,726,21,3.3432,0.0018,0,0
2924,59169,1.668,728,false,4,730,726,4,0,0,726,21,3.3432,0.0018,0,0
2925,59183,13.672,728,false,4,730,726,4,0,0,727,21,3.5182,0.0017,0,0
2926,59191,7.78,729,true,4,730,727,3,0,0,727,21,3.5182,0.0017,0,0
2927,59192,1.61,729,false,4,730,727,3,0,0,727,21,3.5182,0.0017,0,0
2928,59198,5.697,729,false,4,730,727,3,0,0,727,21,3.5182,0.0017,0,0
2929,59214,15.538,729,false,4,730,727,3,0,0,728,21,3.3132,0.0023,0,0
2930,59221,7.676,730,true,4,730,728,2,0,0,728,21,3.3132,0.0023,0,0
2931,59223,1.693,730,false,4,730,728,2,0,0,728,21,3.3132,0.0023,0,0
2932,59229,6.363,730,false,4,730,728,2,0,0,728,21,3.3132,0.0023,0,0
2933,59245,15.343,730,false,4,730,728,2,0,0,729,21,3.3132,0.0023,0,0
2934,59252,7.706,731,true,4,730,729,1,0,0,729,21,3.3132,0.0023,0,0
2935,59254,1.418,731,false,4,730,729,1,0,0,729,21,3.3132,0.0023,0,0
2936,59260,5.881,731,false,4,730,729,1,0,0,729,21,3.3132,0.0023,0,0
2937,59276,16.181,731,false,4,730,729,1,0,0,729,21,3.3132,0.0023,0,0
2938,59279,3.274,731,false,4,730,729,1,0,0,729,21,3.3132,0.0023,0,0
2939,59283,3.371,731,false,4,730,729,1,0,0,729,21,3.3132,0.0023,0,0
2940,59291,8.853,731,false,4,730,729,1,0,0,729,21,3.3132,0.0023,0,0
2941,59307,15.528,731,false,4,730,729,1,0,0,729,21,3.3132,0.0023,0,0
2942,59310,2.544,731,false,4,730,729,1,0,0,729,21,3.3132,0.0023,0,0
2943,59314,4.206,731,false,4,730,729,1,0,0,729,21,3.3132,0.0023,0,0
2944,59322,8.536,731,false,4,730,729,1,0,0,729,21,3.3132,0.0023,0,0
2945,59338,15.285,731,false,4,730,729,1,0,0,729,21,3.3132,0.0023,0,0
2946,59340,1.983,731,false,4,730,729,1,0,0,729,21,3.3132,0.0023,0,0
2947,59353,13.592,731,false,4,730,729,1,0,0,729,21,3.3132,0.0023,0,0
2948,59355,2.037,731,false,4,730,729,1,0,0,729,21,3.3132,0.0023,0,0
2949,59368,13.177,731,false,4,730,729,1,0,0,729,21,3.3132,0.0023,0,0
2950,59370,2.08,731,false,4,730,729,1,0,0,729,21,3.3132,0.0023,0,0
2951,59384,14.055,731,false,4,730,729,1,0,0,729,21,3.3132,0.0023,0,0
2952,59386,1.777,731,false,4,730,729,1,0,0,729,21,3.3132,0.0023,0,0
2953,59400,13.497,731,false,4,730,729,1,0,0,729,21,3.3132,0.0023,0,0
2954,59403,3.313,731,false,4,730,729,1,0,0,729,21,3.3132,0.0023,0,0
2955,59407,3.549,731,false,4,730,729,1,0,0,729,21,3.3132,0.0023,0,0
2956,59416,8.768,731,false,4,730,729,1,0,0,729,21,3.3132,0.0023,0,0
2957,59431,15.436,731,false,4,730,729,1,0,0,729,21,3.3132,0.0023,0,0
2958,59432,1.74,731,false,4,730,729,1,0,0,729,21,3.3132,0.0023,0,0
2959,59446,13.814,731,false,4,730,729,1,0,0,729,21,3.3132,0.0023,0,0
2960,59448,1.466,731,false,4,730,729,1,0,0,729,21,3.3132,0.0023,0,0
2961,59463,14.6,731,false,4,730,729,1,0,0,729,21,3.3132,0.0023,0,0
2962,59464,1.893,731,false,4,730,729,1,0,0,729,21,3.3132,0.0023,0,0
2963,59477,13.219,731,false,4,730,729,1,0,0,729,21,3.3132,0.0023,0,0
2964,59479,1.55,731,false,4,730,729,1,0,0,729,21,3.3132,0.0023,0,0
2965,59493,13.496,731,false,4,730,729,1,0,0,729,21,3.3132,0.0023,0,0
2966,59495,2.26,731,false,4,730,729,1,0,0,729,21,3.3132,0.0023,0,0
2967,59508,13.3,731,false,4,730,729,1,0,0,729,21,3.3132,0.0023,0,0
2968,59510,1.874,731,false,4,730,729,1,0,0,729,21,3.3132,0.0023,0,0
2969,59524,13.675,731,false,4,730,729,1,0,0,729,21,3.3132,0.0023,0,0
2970,59525,1.697,731,false,4,730,729,1,0,0,729,21,3.3132,0.0023,0,0
2971,59539,13.971,731,false,4,730,729,1,0,0,729,21,3.3132,0.0023,0,0
2972,59541,1.794,731,false,4,730,729,1,0,0,729,21,3.3132,0.0023,0,0
2973,59555,13.912,731,false,4,730,729,1,0,0,729,21,3.3132,0.0023,0,0
2974,59557,1.96,731,false,4,730,729,1,0,0,729,21,3.3132,0.0023,0,0
2975,59571,13.973,731,false,4,730,729,1,0,0,729,21,3.3132,0.0023,0,0
2976,59573,2.106,731,false,4,730,729,1,0,0,729,21,3.3132,0.0023,0,0
2977,59586,12.968,731,false,4,730,729,1,0,0,729,21,3.3132,0.0023,0,0
2978,59587,1.544,731,false,4,730,729,1,0,0,729,21,3.3132,0.0023,0,0
2979,60746,1158.775,731,false,4,730,729,1,0,0,729,21,3.3132,0.0023,0,0
2980,60748,2.185,731,false,4,730,729,1,0,0,729,21,3.3132,0.0023,0,0
2981,60763,14.84,731,false,4,731,729,2,0,0,729,21,3.795,0.0019,0,0
2982,60772,9.057,731,false,4,732,729,3,0,0,729,21,3.795,0.0019,0,0
2983,60774,1.931,731,false,4,732,729,3,0,0,729,21,3.795,0.0019,0,0
2984,60783,8.02,731,false,4,732,729,3,0,0,729,21,3.795,0.0019,0,0
2985,60797,14.676,732,true,3,733,730,3,0,0,730,21,3.2866,0.002,0,0
2986,60799,2.356,732,false,3,733,730,3,0,0,730,21,3.2866,0.002,0,0
2987,60813,13.773,732,false,3,733,730,3,0,0,730,21,3.2866,0.002,0,0
2988,60822,9.207,732,false,3,734,730,4,0,0,731,21,3.2866,0.002,0,0
2989,60828,5.766,733,true,3,734,731,3,0,0,731,21,6.1306,0.0026,0,0
2990,60845,17.026,733,false,3,735,731,4,0,0,731,21,6.1306,0.0026,0,0
2991,60848,2.451,733,false,3,735,731,4,0,0,731,21,6.1306,0.0026,0,0
2992,60856,7.96,733,false,3,736,731,5,0,0,731,21,6.1306,0.0026,0,0
2993,60859,3.348,733,false,3,736,731,5,0,0,731,21,6.1306,0.0026,0,0
2994,60872,12.82,734,true,4,737,732,5,0,0,732,21,3.5085,0.002,0,0
2995,60874,1.819,734,false,4,737,732,5,0,0,732,21,3.5085,0.002,0,0
2996,60891,17.309,734,false,4,737,732,5,0,0,732,21,3.5085,0.002,0,0
2997,60904,12.648,735,true,4,738,733,5,0,0,733,21,3.5361,0.0027,0,0
2998,60905,1.98,735,false,4,738,733,5,0,0,733,21,3.5361,0.0027,0,0
2999,60915,9.028,735,false,4,739,733,6,0,0,733,21,3.5361,0.0027,0,0
3000,60917,2.811,735,false,4,739,733,6,0,0,733,21,3.5361,0.0027,0,0
3001,60938,21.024,735,false,4,740,733,7,0,0,734,21,3.6183,0.003,0,0
3002,60951,12.289,736,true,4,740,734,6,0,0,734,25,3.6183,0.003,0,0
3003,60952,1.751,736,false,4,740,734,6,0,0,734,25,3.6183,0.003,0,0
3004,60970,17.315,736,false,4,741,734,7,0,0,735,25,3.5204,0.0024,0,0
3005,60983,13.527,737,true,4,741,735,6,0,0,735,29,3.5204,0.0024,0,0
3006,60986,2.203,737,false,4,741,735,6,0,0,735,29,3.5204,0.0024,0,0
3007,60990,4.685,737,false,4,742,735,7,0,0,735,29,3.5204,0.0024,0,0
3008,61000,10.209,737,false,4,742,735,7,0,0,736,23,3.5204,0.0024,0,0
3009,61013,12.51,738,true,4,742,736,6,0,0,736,24,4.1908,0.0022,0,0
3010,61015,1.725,738,false,4,742,736,6,0,0,736,24,4.1908,0.0022,0,0
3011,61032,17.181,738,false,4,743,736,7,0,0,736,24,4.1908,0.0022,0,0
3012,61044,12.731,739,true,4,743,737,6,0,0,737,71,4.6999,0.0021,0,0
3013,61046,1.635,739,false,4,743,737,6,0,0,737,71,4.6999,0.0021,0,0
3014,61064,17.317,739,false,4,744,737,7,0,0,737,71,4.6999,0.0021,0,0
3015,61066,2.577,739,false,4,744,737,7,0,0,737,28,4.6999,0.0021,0,0
3016,61079,12.88,739,false,4,744,737,7,0,0,738,20,3.4522,0.0021,0,0
3017,61091,11.648,740,true,4,744,738,6,0,0,738,19,3.4522,0.0021,0,0
3018,61092,1.78,740,false,4,744,738,6,0,0,738,19,3.4522,0.0021,0,0
3019,61110,17.743,740,false,4,744,738,6,0,0,739,19,4.362,0.002,0,0
3020,61123,13.447,741,true,4,745,739,6,0,0,739,19,4.362,0.002,0,0
3021,61127,3.325,741,false,4,746,739,7,0,0,739,19,4.362,0.002,0,0
3022,61131,3.568,741,false,4,746,739,7,0,0,739,22,4.362,0.002,0,0
3023,61141,10.467,741,false,4,746,739,7,0,0,740,22,4.362,0.002,0,0
3024,61154,13.15,742,true,4,746,740,6,0,0,740,47,4.4263,0.0029,0,0
3025,61156,2.095,742,false,4,746,740,6,0,0,740,47,4.4263,0.0029,0,0
3026,61171,15.26,742,false,4,746,740,6,0,0,740,47,4.4263,0.0029,0,0
3027,61174,2.491,742,false,4,747,740,7,0,0,740,47,4.4263,0.0029,0,0
3028,61186,12.132,743,true,4,747,741,6,0,0,741,25,3.3631,0.0022,0,0
3029,61188,2.461,743,false,4,747,741,6,0,0,741,25,3.3631,0.0022,0,0
3030,61193,4.44,743,false,4,748,741,7,0,0,741,25,3.3631,0.0022,0,0
3031,61201,8.367,743,false,4,748,741,7,0,0,741,25,3.3631,0.0022,0,0
3032,61217,15.51,743,false,4,748,741,7,0,0,742,21,3.3582,0.0018,0,0
3033,61229,11.931,744,true,4,748,742,6,0,0,742,23,3.3582,0.0018,0,0
3034,61230,1.789,744,false,4,748,742,6,0,0,742,23,3.3582,0.0018,0,0
3035,61249,18.223,744,false,4,749,742,7,0,0,743,23,5.3042,0.0021,0,0
3036,61262,12.945,745,true,3,749,743,6,0,0,743,28,5.3042,0.0021,0,0
3037,61263,1.754,745,false,3,749,743,6,0,0,743,28,5.3042,0.0021,0,0
3038,61269,5.14,745,false,3,750,743,7,0,0,743,28,5.3042,0.0021,0,0
3039,61280,11.06,745,false,3,750,743,7,0,0,744,22,5.3042,0.0021,0,0
3040,61292,12.703,746,true,4,750,744,6,0,0,744,30,4.1152,0.003,0,0
3041,61294,1.783,746,false,4,750,744,6,0,0,744,30,4.1152,0.003,0,0
3042,61311,16.297,746,false,4,751,744,7,0,0,745,30,4.1152,0.003,0,0
3043,61322,12.058,747,true,4,751,745,6,0,0,745,28,4.7995,0.0029,0,0
3044,61324,1.767,747,false,4,751,745,6,0,0,745,28,4.7995,0.0029,0,0
3045,61342,17.3,747,false,4,751,745,6,0,0,745,28,4.7995,0.0029,0,0
3046,61355,13.594,748,true,3,752,746,6,0,0,746,28,3.361,0.0021,0,0
3047,61357,1.947,748,false,3,752,746,6,0,0,746,28,3.361,0.0021,0,0
3048,61372,15.153,748,false,3,753,746,7,0,0,746,28,3.361,0.0021,0,0
3049,61375,2.431,748,false,3,753,746,7,0,0,746,31,3.361,0.0021,0,0
3050,61388,13.006,748,false,3,753,746,7,0,0,747,16,4.5549,0.0022,0,0
3051,61401,13.047,749,true,3,753,747,6,0,0,747,23,4.5549,0.0022,0,0
3052,61403,2.029,749,false,3,753,747,6,0,0,747,23,4.5549,0.0022,0,0
3053,61419,15.939,749,false,3,754,747,7,0,0,748,23,3.3584,0.0017,0,0
3054,61432,13.598,750,true,4,754,748,6,0,0,748,29,3.3584,0.0017,0,0
3055,61435,2.589,750,false,4,754,748,6,0,0,748,29,3.3584,0.0017,0,0
3056,61439,4.272,750,false,4,755,748,7,0,0,748,29,3.3584,0.0017,0,0
3057,61450,10.258,750,false,4,755,748,7,0,0,749,43,4.6836,0.0025,0,0
3058,61461,11.508,751,true,3,755,749,6,0,0,749,20,4.6836,0.0025,0,0
3059,61464,2.939,751,false,3,755,749,6,0,0,749,20,4.6836,0.0025,0,0
3060,61468,3.963,751,false,3,756,749,7,0,0,749,20,4.6836,0.0025,0,0
3061,61481,13.18,751,false,3,756,749,7,0,0,750,80,4.6836,0.0025,0,0
3062,61493,12.156,752,true,4,756,750,6,0,0,750,29,3.2227,0.0018,0,0
3063,61495,1.689,752,false,4,756,750,6,0,0,750,29,3.2227,0.0018,0,0
3064,61500,5.216,752,false,4,757,750,7,0,0,750,29,3.2227,0.0018,0,0
3065,61512,11.502,752,false,4,757,750,7,0,0,750,25,3.2227,0.0018,0,0
3066,61525,13.102,753,true,3,757,751,6,0,0,751,26,3.2313,0.0018,0,0
3067,61526,1.821,753,false,3,757,751,6,0,0,751,26,3.2313,0.0018,0,0
3068,61543,16.346,753,false,3,757,751,6,0,0,751,26,3.2313,0.0018,0,0
3069,61546,3.177,753,false,3,758,751,7,0,0,751,26,3.2313,0.0018,0,0
3070,61560,13.841,754,true,3,758,752,6,0,0,752,25,3.1931,0.0017,0,0
3071,61562,2.237,754,false,3,758,752,6,0,0,752,25,3.1931,0.0017,0,0
3072,61574,11.639,754,false,3,759,752,7,0,0,752,25,3.1931,0.0017,0,0
3073,61576,2.373,754,false,3,759,752,7,0,0,752,28,3.1931,0.0017,0,0
3074,61590,13.241,754,false,3,759,752,7,0,0,753,17,3.5308,0.0029,0,0
3075,61612,22.519,755,true,12,759,753,6,0,0,753,144,3.5308,0.0029,0,0
3076,61614,1.921,755,false,12,759,753,6,0,0,753,144,3.5308,0.0029,0,0
3077,61620,6.548,755,false,12,760,753,7,0,0,754,144,3.3922,0.0025,0,0
3078,61633,12.845,756,true,4,760,754,6,0,0,754,25,3.3922,0.0025,0,0
3079,61635,1.75,756,false,4,760,754,6,0,0,754,25,3.3922,0.0025,0,0
3080,61652,16.352,756,false,4,761,754,7,0,0,755,25,3.3922,0.0025,0,0
3081,61665,13.862,757,true,4,761,755,6,0,0,755,27,7.7099,0.0027,0,0
3082,61667,2.265,757,false,4,761,755,6,0,0,755,27,7.7099,0.0027,0,0
3083,61681,13.914,757,false,4,762,755,7,0,0,755,27,7.7099,0.0027,0,0
3084,61684,2.659,757,false,4,762,755,7,0,0,755,31,7.7099,0.0027,0,0
3085,61698,13.469,757,false,4,762,755,7,0,0,756,18,3.4094,0.0023,0,0
3086,61709,11.887,758,true,4,762,756,6,0,0,756,23,3.4094,0.0023,0,0
3087,61711,1.795,758,false,4,762,756,6,0,0,756,23,3.4094,0.0023,0,0
3088,61728,17.227,758,false,4,762,756,6,0,0,757,23,3.3403,0.0027,0,0
3089,61742,13.285,759,true,4,763,757,6,0,0,757,23,3.3403,0.0027,0,0
3090,61745,3.39,759,false,4,764,757,7,0,0,757,23,3.3403,0.0027,0,0
3091,61749,3.512,759,false,4,764,757,7,0,0,757,27,3.3403,0.0027,0,0
3092,61759,10.482,759,false,4,764,757,7,0,0,758,29,3.3403,0.0027,0,0
3093,61772,12.868,760,true,4,764,758,6,0,0,758,27,3.5656,0.003,0,0
3094,61774,2.301,760,false,4,764,758,6,0,0,758,27,3.5656,0.003,0,0
3095,61791,16.648,760,false,4,764,758,6,0,0,759,27,3.5656,0.003,0,0
3096,61804,13.538,761,true,4,765,759,6,0,0,759,27,4.3679,0.0025,0,0
3097,61807,2.414,761,false,4,765,759,6,0,0,759,27,4.3679,0.0025,0,0
3098,61811,4.493,761,false,4,766,759,7,0,0,759,27,4.3679,0.0025,0,0
3099,61822,10.365,761,false,4,766,759,7,0,0,759,26,4.3679,0.0025,0,0
3100,61825,3.426,761,false,4,766,759,7,0,0,760,28,4.3679,0.0025,0,0
3101,61836,11.319,762,true,3,766,760,6,0,0,760,19,3.9496,0.0022,0,0
3102,61839,2.554,762,false,3,766,760,6,0,0,760,19,3.9496,0.0022,0,0
3103,61852,13.087,762,false,3,767,760,7,0,0,760,19,3.9496,0.0022,0,0
3104,61854,2.441,762,false,3,767,760,7,0,0,760,33,3.9496,0.0022,0,0
3105,61868,13.011,762,false,3,767,760,7,0,0,761,16,4.6083,0.002,0,0
3106,61880,12.335,763,true,4,767,761,6,0,0,761,23,4.6083,0.002,0,0
3107,61882,1.842,763,false,4,767,761,6,0,0,761,23,4.6083,0.002,0,0
3108,61898,16.45,763,false,4,768,761,7,0,0,762,23,3.5876,0.002,0,0
3109,61911,12.456,764,true,4,768,762,6,0,0,762,25,3.5876,0.002,0,0
3110,61912,1.894,764,false,4,768,762,6,0,0,762,25,3.5876,0.002,0,0
3111,61929,16.645,764,false,4,768,762,6,0,0,763,25,3.5876,0.002,0,0
3112,61942,12.487,765,true,4,769,763,6,0,0,763,25,5.6549,0.0021,0,0
3113,61943,1.778,765,false,4,769,763,6,0,0,763,25,5.6549,0.0021,0,0
3114,61961,17.391,765,false,4,770,763,7,0,0,763,25,5.6549,0.0021,0,0
3115,61974,13.162,766,true,4,770,764,6,0,0,764,28,3.4384,0.0024,0,0
3116,61976,1.858,766,false,4,770,764,6,0,0,764,28,3.4384,0.0024,0,0
3117,61992,16.484,766,false,4,771,764,7,0,0,764,28,3.4384,0.0024,0,0
3118,61995,2.293,766,false,4,771,764,7,0,0,764,28,3.4384,0.0024,0,0
3119,62008,13.129,766,false,4,771,764,7,0,0,765,17,4.7203,0.0029,0,0
3120,62021,12.899,767,true,4,771,765,6,0,0,765,21,4.7203,0.0029,0,0
3121,62022,1.747,767,false,4,771,765,6,0,0,765,21,4.7203,0.0029,0,0
3122,62028,5.151,767,false,4,772,765,7,0,0,765,21,4.7203,0.0029,0,0
3123,62039,11.259,767,false,4,772,765,7,0,0,766,27,3.3235,0.0023,0,0
3124,62053,14.411,768,true,5,772,766,6,0,0,766,22,3.3235,0.0023,0,0
3125,62055,2.067,768,false,5,772,766,6,0,0,766,22,3.3235,0.0023,0,0
3126,62069,14.236,768,false,5,773,766,7,0,0,767,22,3.3235,0.0023,0,0
3127,62084,14.363,769,true,4,773,767,6,0,0,767,34,5.9057,0.0025,0,0
3128,62086,2.298,769,false,4,773,767,6,0,0,767,34,5.9057,0.0025,0,0
3129,62101,14.59,769,false,4,774,767,7,0,0,767,34,5.9057,0.0025,0,0
3130,62105,3.538,769,false,4,774,767,7,0,0,767,47,5.9057,0.0025,0,0
3131,62118,13.784,770,true,4,774,768,6,0,0,768,35,4.0704,0.0019,0,0
3132,62120,1.8,770,false,4,774,768,6,0,0,768,35,4.0704,0.0019,0,0
3133,62133,13.064,770,false,4,775,768,7,0,0,768,35,4.0704,0.0019,0,0
3134,62137,3.533,770,false,4,775,768,7,0,0,768,33,4.0704,0.0019,0,0
3135,62140,3.296,770,false,4,775,768,7,0,0,769,57,4.0704,0.0019,0,0
3136,62153,12.802,771,true,4,775,769,6,0,0,769,21,3.6592,0.0017,0,0
3137,62154,1.906,771,false,4,775,769,6,0,0,769,21,3.6592,0.0017,0,0
3138,62163,8.885,771,false,4,775,769,6,0,0,769,21,3.6592,0.0017,0,0
3139,62167,4.005,771,false,4,776,769,7,0,0,769,21,3.6592,0.0017,0,0
3140,62178,10.996,771,false,4,776,769,7,0,0,770,23,3.2413,0.0016,0,0
3141,62191,12.447,772,true,4,776,770,6,0,0,770,22,3.2413,0.0016,0,0
3142,62192,1.78,772,false,4,776,770,6,0,0,770,22,3.2413,0.0016,0,0
3143,62210,17.162,772,false,4,777,770,7,0,0,771,22,4.3455,0.0023,0,0
3144,62222,12.303,773,true,4,777,771,6,0,0,771,36,4.3455,0.0023,0,0
3145,62224,1.802,773,false,4,777,771,6,0,0,771,36,4.3455,0.0023,0,0
3146,62242,17.706,773,false,4,777,771,6,0,0,772,36,4.3455,0.0023,0,0
3147,62255,13.776,774,true,4,778,772,6,0,0,772,36,4.0987,0.0033,0,0
3148,62259,3.146,774,false,4,779,772,7,0,0,772,36,4.0987,0.0033,0,0
3149,62262,3.753,774,false,4,779,772,7,0,0,772,26,4.0987,0.0033,0,0
3150,62272,10.035,774,false,4,779,772,7,0,0,772,19,4.0987,0.0033,0,0
3151,62276,3.851,774,false,4,779,772,7,0,0,772,21,4.0987,0.0033,0,0
3152,62288,12.023,775,true,3,779,773,6,0,0,773,26,4.8263,0.0023,0,0
3153,62290,2.266,775,false,3,779,773,6,0,0,773,26,4.8263,0.0023,0,0
3154,62304,13.826,775,false,3,779,773,6,0,0,773,26,4.8263,0.0023,0,0
3155,62307,2.732,775,false,3,780,773,7,0,0,773,26,4.8263,0.0023,0,0
3156,62320,13.446,775,false,3,780,773,7,0,0,773,27,4.8263,0.0023,0,0
3157,62323,2.787,775,false,3,780,773,7,0,0,774,25,4.8263,0.0023,0,0
3158,62336,12.992,776,true,4,780,774,6,0,0,774,21,3.7546,0.0023,0,0
3159,62338,1.941,776,false,4,780,774,6,0,0,774,21,3.7546,0.0023,0,0
3160,62352,13.365,776,false,4,781,774,7,0,0,774,21,3.7546,0.0023,0,0
3161,62355,3.042,776,false,4,781,774,7,0,0,774,36,3.7546,0.0023,0,0
3162,62358,3.719,776,false,4,781,774,7,0,0,774,20,3.7546,0.0023,0,0
3163,62378,19.564,777,true,9,781,775,6,0,0,775,32,3.6005,0.0018,0,0
3164,62380,1.974,777,false,9,781,775,6,0,0,775,32,3.6005,0.0018,0,0
3165,62397,17.141,777,false,9,781,775,6,0,0,776,32,3.2657,0.0016,0,0
3166,62409,12.572,778,true,3,782,776,6,0,0,776,32,3.2657,0.0016,0,0
3167,62411,1.824,778,false,3,782,776,6,0,0,776,32,3.2657,0.0016,0,0
3168,62428,16.56,778,false,3,783,776,7,0,0,777,32,3.2657,0.0016,0,0
3169,62441,13.038,779,true,4,783,777,6,0,0,777,25,3.8057,0.0019,0,0
3170,62443,2.06,779,false,4,783,777,6,0,0,777,25,3.8057,0.0019,0,0
3171,62448,4.838,779,false,4,784,777,7,0,0,777,25,3.8057,0.0019,0,0
3172,62459,11.226,779,false,4,784,777,7,0,0,778,24,3.8057,0.0019,0,0
3173,62471,12.124,780,true,4,784,778,6,0,0,778,20,4.449,0.002,0,0
3174,62473,1.819,780,false,4,784,778,6,0,0,778,20,4.449,0.002,0,0
3175,62490,17.072,780,false,4,785,778,7,0,0,778,20,4.449,0.002,0,0
3176,62498,7.684,781,true,4,785,779,6,0,0,779,31,4.449,0.002,0,0
3177,62505,7.081,781,false,4,785,779,6,0,0,779,25,6.6896,0.0022,0,0
3178,62508,2.709,781,false,4,785,779,6,0,0,779,25,6.6896,0.0022,0,0
3179,62512,4.246,781,false,4,786,779,7,0,0,779,25,6.6896,0.0022,0,0
3180,62521,9.133,781,false,4,786,779,7,0,0,779,27,6.6896,0.0022,0,0
3181,62525,4.606,781,false,4,786,779,7,0,0,779,32,6.6896,0.0022,0,0
3182,62537,11.562,781,false,4,786,779,7,0,0,780,22,4.6936,0.0023,0,0
3183,62550,12.49,782,true,4,786,780,6,0,0,780,27,4.6936,0.0023,0,0
3184,62553,3.19,782,false,4,786,780,6,0,0,780,27,4.6936,0.0023,0,0
3185,62557,3.656,782,false,4,786,780,6,0,0,780,27,4.6936,0.0023,0,0
3186,62568,11.68,782,false,4,787,780,7,0,0,781,27,4.6936,0.0023,0,0
3187,62584,15.976,783,true,7,787,781,6,0,0,781,36,4.0939,0.0022,0,0
3188,62586,2.215,783,false,7,787,781,6,0,0,781,36,4.0939,0.0022,0,0
3189,62600,13.283,783,false,7,788,781,7,0,0,782,36,4.0939,0.0022,0,0
3190,62612,12.029,784,true,3,788,782,6,0,0,782,26,4.2655,0.003,0,0
3191,62614,2.033,784,false,3,788,782,6,0,0,782,26,4.2655,0.003,0,0
3192,62630,16.031,784,false,3,788,782,6,0,0,782,26,4.2655,0.003,0,0
3193,62632,2.91,784,false,3,789,782,7,0,0,782,26,4.2655,0.003,0,0
3194,62645,12.408,784,false,3,789,782,7,0,0,783,25,3.6036,0.0017,0,0
3195,62657,12.404,785,true,3,789,783,6,0,0,783,43,3.6036,0.0017,0,0
3196,62659,1.768,785,false,3,789,783,6,0,0,783,43,3.6036,0.0017,0,0
3197,62676,16.575,785,false,3,790,783,7,0,0,784,43,3.2756,0.0016,0,0
3198,62689,13.524,786,true,4,790,784,6,0,0,784,29,3.2756,0.0016,0,0
3199,62691,1.943,786,false,4,790,784,6,0,0,784,29,3.2756,0.0016,0,0
3200,62707,15.35,786,false,4,791,784,7,0,0,785,29,3.2756,0.0016,0,0
3201,62723,15.827,787,true,6,791,785,6,0,0,785,29,5.7441,0.0023,0,0
3202,62726,3.964,787,false,6,792,785,7,0,0,785,29,5.7441,0.0023,0,0
3203,62729,2.897,787,false,6,792,785,7,0,0,785,25,5.7441,0.0023,0,0
3204,62738,8.316,787,false,6,792,785,7,0,0,785,19,5.7441,0.0023,0,0
3205,62753,15.424,787,false,6,792,785,7,0,0,786,31,3.4852,0.0022,0,0
3206,62769,16.058,788,true,4,792,786,6,0,0,786,22,3.4852,0.0022,0,0
3207,62771,1.895,788,false,4,792,786,6,0,0,786,22,3.4852,0.0022,0,0
3208,62783,11.685,788,false,4,792,786,6,0,0,787,22,3.4852,0.0022,0,0
3209,62794,11.884,789,true,3,793,787,6,0,0,787,22,4.6428,0.0022,0,0
3210,62796,1.718,789,false,3,793,787,6,0,0,787,22,4.6428,0.0022,0,0
3211,62814,17.567,789,false,3,794,787,7,0,0,787,22,4.6428,0.0022,0,0
3212,62827,13.143,790,true,5,794,788,6,0,0,788,27,3.274,0.0023,0,0
3213,62829,2.435,790,false,5,795,788,7,0,0,788,27,3.274,0.0023,0,0
3214,62844,14.708,790,false,5,795,788,7,0,0,788,22,3.274,0.0023,0,0
3215,62846,2.115,790,false,5,795,788,7,0,0,788,23,3.274,0.0023,0,0
3216,62857,10.587,791,true,3,795,789,6,0,0,789,16,3.3338,0.0016,0,0
3217,62858,1.718,791,false,3,795,789,6,0,0,789,16,3.3338,0.0016,0,0
3218,62875,16.164,791,false,3,795,789,6,0,0,789,16,3.3338,0.0016,0,0
3219,62879,3.953,791,false,3,796,789,7,0,0,789,16,3.3338,0.0016,0,0
3220,62881,2.918,791,false,3,796,789,7,0,0,789,29,3.3338,0.0016,0,0
3221,62891,9.177,791,false,3,796,789,7,0,0,790,23,3.4176,0.0018,0,0
3222,62904,13.085,792,true,4,796,790,6,0,0,790,20,3.4176,0.0018,0,0
3223,62906,2.118,792,false,4,796,790,6,0,0,790,20,3.4176,0.0018,0,0
3224,62911,4.774,792,false,4,797,790,7,0,0,790,20,3.4176,0.0018,0,0
3225,62921,10.702,792,false,4,797,790,7,0,0,791,42,3.4176,0.0018,0,0
3226,62935,13.255,793,true,4,797,791,6,0,0,791,21,5.3234,0.0021,0,0
3227,62937,1.713,793,false,4,797,791,6,0,0,791,21,5.3234,0.0021,0,0
3228,62952,15.661,793,false,4,798,791,7,0,0,791,21,5.3234,0.0021,0,0
3229,62966,14.487,794,true,5,798,792,6,0,0,792,32,3.718,0.0021,0,0
3230,62969,2.197,794,false,5,798,792,6,0,0,792,32,3.718,0.0021,0,0
3231,62983,14.147,794,false,5,798,792,6,0,0,792,32,3.718,0.0021,0,0
3232,62985,2.218,794,false,5,799,792,7,0,0,792,32,3.718,0.0021,0,0
3233,62990,4.667,795,true,2,799,793,6,0,0,793,25,3.3683,0.0018,0,0
3234,62997,7.365,795,false,2,799,793,6,0,0,793,17,3.3683,0.0018,0,0
3235,63014,16.861,795,false,2,799,793,6,0,0,793,17,3.3683,0.0018,0,0
3236,63019,4.656,795,false,2,800,793,7,0,0,793,17,3.3683,0.0018,0,0
3237,63021,2.638,795,false,2,800,793,7,0,0,793,34,3.3683,0.0018,0,0
3238,63029,7.64,795,false,2,800,793,7,0,0,794,20,3.9948,0.0029,0,0
3239,63041,12.081,796,true,4,800,794,6,0,0,794,21,3.9948,0.0029,0,0
3240,63043,1.739,796,false,4,800,794,6,0,0,794,21,3.9948,0.0029,0,0
3241,63061,17.967,796,false,4,800,794,6,0,0,795,21,3.9948,0.0029,0,0
3242,63073,12.38,797,true,4,801,795,6,0,0,795,21,6.1573,0.0023,0,0
3243,63075,1.783,797,false,4,801,795,6,0,0,795,21,6.1573,0.0023,0,0
3244,63092,17.144,797,false,4,802,795,7,0,0,795,21,6.1573,0.0023,0,0
3245,63095,2.899,797,false,4,802,795,7,0,0,795,95,6.1573,0.0023,0,0
3246,63108,12.938,797,false,4,802,795,7,0,0,796,17,3.7859,0.0018,0,0
3247,63119,11.726,798,true,3,802,796,6,0,0,796,20,3.7859,0.0018,0,0
3248,63122,2.019,798,false,3,802,796,6,0,0,796,20,3.7859,0.0018,0,0
3249,63132,10.553,798,false,3,803,796,7,0,0,796,20,3.7859,0.0018,0,0
3250,63134,1.957,798,false,3,803,796,7,0,0,796,24,3.7859,0.0018,0,0
3251,63154,19.925,798,false,3,803,796,7,0,0,797,19,4.6902,0.0021,0,0
3252,63166,11.836,799,true,3,803,797,6,0,0,797,26,4.6902,0.0021,0,0
3253,63167,1.687,799,false,3,803,797,6,0,0,797,26,4.6902,0.0021,0,0
3254,63185,17.67,799,false,3,804,797,7,0,0,798,26,4.563,0.0017,0,0
3255,63198,12.558,800,true,4,804,798,6,0,0,798,70,4.563,0.0017,0,0
3256,63199,1.74,800,false,4,804,798,6,0,0,798,70,4.563,0.0017,0,0
3257,63205,5.142,800,false,4,805,798,7,0,0,798,70,4.563,0.0017,0,0
3258,63215,10.518,800,false,4,805,798,7,0,0,799,23,3.4538,0.003,0,0
3259,63227,12.289,801,true,3,805,799,6,0,0,799,22,3.4538,0.003,0,0
3260,63229,2.035,801,false,3,805,799,6,0,0,799,22,3.4538,0.003,0,0
3261,63235,4.959,801,false,3,806,799,7,0,0,799,22,3.4538,0.003,0,0
3262,63246,11.693,801,false,3,806,799,7,0,0,799,29,3.4538,0.003,0,0
3263,63248,2.137,801,false,3,806,799,7,0,0,799,24,3.4538,0.003,0,0
3264,63259,11.21,802,true,3,806,800,6,0,0,800,15,3.2468,0.0017,0,0
3265,63262,2.455,802,false,3,806,800,6,0,0,800,15,3.2468,0.0017,0,0
3266,63278,15.541,802,false,3,806,800,6,0,0,800,15,3.2468,0.0017,0,0
3267,63281,3.168,802,false,3,807,800,7,0,0,800,15,3.2468,0.0017,0,0
3268,63284,3.691,802,false,3,807,800,7,0,0,801,24,3.2468,0.0017,0,0
3269,63296,11.388,803,true,3,807,801,6,0,0,801,16,3.4969,0.0027,0,0
3270,63298,2.412,803,false,3,807,801,6,0,0,801,16,3.4969,0.0027,0,0
3271,63308,10.146,803,false,3,807,801,6,0,0,801,16,3.4969,0.0027,0,0
3272,63312,3.655,803,false,3,808,801,7,0,0,801,16,3.4969,0.0027,0,0
3273,63324,11.788,803,false,3,808,801,7,0,0,802,23,3.258,0.0018,0,0
3274,63336,12.3,804,true,3,808,802,6,0,0,802,23,3.258,0.0018,0,0
3275,63338,1.67,804,false,3,808,802,6,0,0,802,23,3.258,0.0018,0,0
3276,63355,17.293,804,false,3,809,802,7,0,0,802,23,3.258,0.0018,0,0
3277,63362,7.557,805,true,4,809,803,6,0,0,803,30,3.258,0.0018,0,0
3278,63370,7.108,805,false,4,809,803,6,0,0,803,21,7.1679,0.0025,0,0
3279,63372,2.706,805,false,4,809,803,6,0,0,803,21,7.1679,0.0025,0,0
3280,63387,13.814,805,false,4,809,803,6,0,0,803,21,7.1679,0.0025,0,0
3281,63391,4.404,805,false,4,810,803,7,0,0,803,21,7.1679,0.0025,0,0
3282,63394,3.521,805,false,4,810,803,7,0,0,803,51,7.1679,0.0025,0,0
3283,63402,7.922,805,false,4,810,803,7,0,0,804,20,7.1679,0.0025,0,0
3284,63414,11.999,806,true,4,810,804,6,0,0,804,30,4.5998,0.0027,0,0
3285,63416,1.722,806,false,4,810,804,6,0,0,804,30,4.5998,0.0027,0,0
3286,63433,17.035,806,false,4,811,804,7,0,0,804,30,4.5998,0.0027,0,0
3287,63445,11.884,807,true,3,811,805,6,0,0,805,28,3.2397,0.0017,0,0
3288,63446,1.733,807,false,3,811,805,6,0,0,805,28,3.2397,0.0017,0,0
3289,63465,17.687,807,false,3,811,805,6,0,0,805,28,3.2397,0.0017,0,0
3290,63467,3.15,807,false,3,812,805,7,0,0,805,28,3.2397,0.0017,0,0
3291,63478,11.337,808,true,3,812,806,6,0,0,806,24,3.2755,0.0018,0,0
3292,63480,1.858,808,false,3,812,806,6,0,0,806,24,3.2755,0.0018,0,0
3293,63495,14.734,808,false,3,813,806,7,0,0,806,24,3.2755,0.0018,0,0
3294,63498,2.686,808,false,3,813,806,7,0,0,806,33,3.2755,0.0018,0,0
3295,63511,13.069,808,false,3,813,806,7,0,0,807,17,3.2715,0.0017,0,0
3296,63524,13.279,809,true,4,813,807,6,0,0,807,19,3.2715,0.0017,0,0
3297,63526,2.067,809,false,4,813,807,6,0,0,807,19,3.2715,0.0017,0,0
3298,63541,14.805,809,false,4,814,807,7,0,0,808,19,3.2715,0.0017,0,0
3299,63553,11.68,810,true,4,814,808,6,0,0,808,24,3.3011,0.002,0,0
3300,63554,1.701,810,false,4,814,808,6,0,0,808,24,3.3011,0.002,0,0
3301,63573,18.372,810,false,4,814,808,6,0,0,808,24,3.3011,0.002,0,0
3302,63585,11.878,811,true,3,815,809,6,0,0,809,24,4.491,0.0028,0,0
3303,63587,2.182,811,false,3,816,809,7,0,0,809,24,4.491,0.0028,0,0
3304,63605,17.556,811,false,3,816,809,7,0,0,809,23,4.491,0.0028,0,0
3305,63608,3.576,811,false,3,816,809,7,0,0,809,32,4.491,0.0028,0,0
3306,63621,12.99,812,true,4,816,810,6,0,0,810,23,3.6237,0.0022,0,0
3307,63623,1.846,812,false,4,816,810,6,0,0,810,23,3.6237,0.0022,0,0
3308,63635,11.98,812,false,4,817,810,7,0,0,810,23,3.6237,0.0022,0,0
3309,63637,2.392,812,false,4,817,810,7,0,0,810,30,3.6237,0.0022,0,0
3310,63651,13.023,812,false,4,817,810,7,0,0,811,18,3.6237,0.0022,0,0
3311,63664,14.244,813,true,4,817,811,6,0,0,811,28,5.249,0.0029,0,0
3312,63667,2.071,813,false,4,817,811,6,0,0,811,28,5.249,0.0029,0,0
3313,63681,14.753,813,false,4,818,811,7,0,0,811,28,5.249,0.0029,0,0
3314,63684,2.858,813,false,4,818,811,7,0,0,811,29,5.249,0.0029,0,0
3315,63695,11.013,814,true,3,818,812,6,0,0,812,24,3.2166,0.0024,0,0
3316,63697,1.847,814,false,3,818,812,6,0,0,812,24,3.2166,0.0024,0,0
3317,63713,15.394,814,false,3,819,812,7,0,0,812,24,3.2166,0.0024,0,0
3318,63715,2.792,814,false,3,819,812,7,0,0,812,29,3.2166,0.0024,0,0
3319,63728,12.771,814,false,3,819,812,7,0,0,813,19,3.5217,0.0021,0,0
3320,63742,14.134,815,true,4,819,813,6,0,0,813,24,3.5217,0.0021,0,0
3321,63745,2.445,815,false,4,819,813,6,0,0,813,24,3.5217,0.0021,0,0
3322,63749,4.453,815,false,4,820,813,7,0,0,813,24,3.5217,0.0021,0,0
3323,63759,9.673,815,false,4,820,813,7,0,0,814,26,3.5217,0.0021,0,0
3324,63772,12.994,816,true,4,820,814,6,0,0,814,27,3.6419,0.0025,0,0
3325,63773,1.894,816,false,4,820,814,6,0,0,814,27,3.6419,0.0025,0,0
3326,63790,16.295,816,false,4,820,814,6,0,0,814,27,3.6419,0.0025,0,0
3327,63804,13.862,817,true,4,821,815,6,0,0,815,27,4.9322,0.0019,0,0
3328,63806,1.934,817,false,4,821,815,6,0,0,815,27,4.9322,0.0019,0,0
3329,63815,9.188,817,false,4,822,815,7,0,0,815,27,4.9322,0.0019,0,0
3330,63817,2.693,817,false,4,822,815,7,0,0,815,23,4.9322,0.0019,0,0
3331,63836,18.176,817,false,4,822,815,7,0,0,816,16,3.1662,0.0018,0,0
3332,63850,13.849,818,true,5,822,816,6,0,0,816,60,3.1662,0.0018,0,0
3333,63852,2.237,818,false,5,822,816,6,0,0,816,60,3.1662,0.0018,0,0
3334,63866,14.103,818,false,5,823,816,7,0,0,817,60,3.8228,0.0018,0,0
3335,63878,11.765,819,true,4,823,817,6,0,0,817,24,3.8228,0.0018,0,0
3336,63879,1.853,819,false,4,823,817,6,0,0,817,24,3.8228,0.0018,0,0
3337,63885,5.063,819,false,4,824,817,7,0,0,817,24,3.8228,0.0018,0,0
3338,63897,12.465,819,false,4,824,817,7,0,0,818,25,3.3506,0.0023,0,0
3339,63912,14.273,820,true,5,824,818,6,0,0,818,18,3.3506,0.0023,0,0
3340,63915,3.232,820,false,5,824,818,6,0,0,818,18,3.3506,0.0023,0,0
3341,63918,3.642,820,false,5,825,818,7,0,0,818,18,3.3506,0.0023,0,0
3342,63928,9.692,820,false,5,825,818,7,0,0,819,24,3.3506,0.0023,0,0
3343,63940,12.384,821,true,3,825,819,6,0,0,819,29,5.3526,0.0025,0,0
3344,63942,1.783,821,false,3,825,819,6,0,0,819,29,5.3526,0.0025,0,0
3345,63959,17.175,821,false,3,825,819,6,0,0,819,29,5.3526,0.0025,0,0
3346,63974,14.26,822,true,4,826,820,6,0,0,820,29,3.4165,0.0019,0,0
3347,63976,2.911,822,false,4,826,820,6,0,0,820,29,3.4165,0.0019,0,0
3348,63980,3.951,822,false,4,827,820,7,0,0,820,29,3.4165,0.0019,0,0
3349,63989,8.738,822,false,4,827,820,7,0,0,820,23,3.4165,0.0019,0,0
3350,64005,15.999,822,false,4,827,820,7,0,0,821,26,4.5856,0.0016,0,0
3351,64019,14.178,823,true,6,827,821,6,0,0,821,23,4.5856,0.0016,0,0
3352,64021,2.046,823,false,6,827,821,6,0,0,821,23,4.5856,0.0016,0,0
3353,64037,15.284,823,false,6,828,821,7,0,0,822,23,3.4544,0.0024,0,0
3354,64051,14.336,824,true,5,828,822,6,0,0,822,26,3.4544,0.0024,0,0
3355,64053,2.242,824,false,5,828,822,6,0,0,822,26,3.4544,0.0024,0,0
3356,64058,4.654,824,false,5,829,822,7,0,0,822,26,3.4544,0.0024,0,0
3357,64069,10.501,824,false,5,829,822,7,0,0,823,27,3.2624,0.0017,0,0
3358,64083,14.851,825,true,4,829,823,6,0,0,823,22,3.2624,0.0017,0,0
3359,64086,2.488,825,false,4,829,823,6,0,0,823,22,3.2624,0.0017,0,0
3360,64100,14.312,825,false,4,830,823,7,0,0,823,22,3.2624,0.0017,0,0
3361,64116,16.224,826,true,5,830,824,6,0,0,824,26,4.7979,0.0022,0,0
3362,64118,1.802,826,false,5,830,824,6,0,0,824,26,4.7979,0.0022,0,0
3363,64131,13.104,826,false,5,830,824,6,0,0,824,26,4.7979,0.0022,0,0
3364,64134,3.445,826,false,5,831,824,7,0,0,824,26,4.7979,0.0022,0,0
3365,64138,3.392,826,false,5,831,824,7,0,0,824,26,4.7979,0.0022,0,0
3366,64147,8.624,826,false,5,831,824,7,0,0,825,20,3.3271,0.0021,0,0
3367,64162,15.258,827,true,6,831,825,6,0,0,825,33,3.3271,0.0021,0,0
3368,64165,3.202,827,false,6,831,825,6,0,0,825,33,3.3271,0.0021,0,0
3369,64169,3.694,827,false,6,832,825,7,0,0,825,33,3.3271,0.0021,0,0
3370,64178,9.128,827,false,6,832,825,7,0,0,826,26,3.3271,0.0021,0,0
3371,64193,15.035,828,true,5,832,826,6,0,0,826,23,3.7299,0.0021,0,0
3372,64197,3.835,828,false,5,833,826,7,0,0,826,23,3.7299,0.0021,0,0
3373,64200,3.033,828,false,5,833,826,7,0,0,826,25,3.7299,0.0021,0,0
3374,64209,8.994,828,false,5,833,826,7,0,0,827,22,3.7299,0.0021,0,0
3375,64220,11.741,829,true,4,833,827,6,0,0,827,21,6.7017,0.003,0,0
3376,64222,1.692,829,false,4,833,827,6,0,0,827,21,6.7017,0.003,0,0
3377,64240,17.645,829,false,4,833,827,6,0,0,827,21,6.7017,0.003,0,0
3378,64242,2.758,829,false,4,834,827,7,0,0,827,21,6.7017,0.003,0,0
3379,64256,13.038,829,false,4,834,827,7,0,0,828,23,3.9383,0.0017,0,0
3380,64269,13.608,830,true,4,834,828,6,0,0,828,23,3.9383,0.0017,0,0
3381,64271,2.077,830,false,4,834,828,6,0,0,828,23,3.9383,0.0017,0,0
3382,64287,15.163,830,false,4,834,828,6,0,0,829,23,3.7394,0.0028,0,0
3383,64299,12.661,831,true,3,835,829,6,0,0,829,23,3.7394,0.0028,0,0
3384,64302,2.953,831,false,3,836,829,7,0,0,829,23,3.7394,0.0028,0,0
3385,64306,3.941,831,false,3,836,829,7,0,0,829,26,3.7394,0.0028,0,0
3386,64317,10.956,831,false,3,836,829,7,0,0,830,19,3.7394,0.0028,0,0
3387,64328,11.544,832,true,3,836,830,6,0,0,830,21,3.7983,0.0022,0,0
3388,64330,1.631,832,false,3,836,830,6,0,0,830,21,3.7983,0.0022,0,0
3389,64349,18.188,832,false,3,836,830,6,0,0,830,21,3.7983,0.0022,0,0
3390,64352,3.272,832,false,3,837,830,7,0,0,830,21,3.7983,0.0022,0,0
3391,64355,3.559,832,false,3,837,830,7,0,0,830,39,3.7983,0.0022,0,0
3392,64369,13.993,833,true,3,837,831,6,0,0,831,20,3.4252,0.002,0,0
3393,64372,3.112,833,false,3,837,831,6,0,0,831,20,3.4252,0.002,0,0
3394,64376,3.786,833,false,3,838,831,7,0,0,831,20,3.4252,0.002,0,0
3395,64396,19.982,833,false,3,838,831,7,0,0,832,21,3.4252,0.002,0,0
3396,64412,16.041,834,true,5,838,832,6,0,0,832,35,3.9851,0.0022,0,0
3397,64414,1.86,834,false,5,838,832,6,0,0,832,35,3.9851,0.0022,0,0
3398,64427,12.695,834,false,5,839,832,7,0,0,832,35,3.9851,0.0022,0,0
3399,64435,8.515,835,true,4,839,833,6,0,0,833,29,5.9192,0.0024,0,0
3400,64443,8.044,835,false,4,839,833,6,0,0,833,21,5.9192,0.0024,0,0
3401,64446,2.366,835,false,4,839,833,6,0,0,833,21,5.9192,0.0024,0,0
3402,64450,4.519,835,false,4,840,833,7,0,0,833,21,5.9192,0.0024,0,0
3403,64457,7.106,835,false,4,840,833,7,0,0,833,23,5.9192,0.0024,0,0
3404,64473,15.634,835,false,4,840,833,7,0,0,834,20,3.2965,0.0022,0,0
3405,64485,12.231,836,true,4,840,834,6,0,0,834,26,3.2965,0.0022,0,0
3406,64487,1.68,836,false,4,840,834,6,0,0,834,26,3.2965,0.0022,0,0
3407,64505,17.544,836,false,4,840,834,6,0,0,835,26,3.2965,0.0022,0,0
3408,64519,14.075,837,true,4,841,835,6,0,0,835,26,5.1972,0.0023,0,0
3409,64521,2.703,837,false,4,841,835,6,0,0,835,26,5.1972,0.0023,0,0
3410,64525,4.193,837,false,4,842,835,7,0,0,835,26,5.1972,0.0023,0,0
3411,64536,10.379,837,false,4,842,835,7,0,0,835,25,5.1972,0.0023,0,0
3412,64539,3.418,837,false,4,842,835,7,0,0,835,31,5.1972,0.0023,0,0
3413,64546,6.925,838,true,3,842,836,6,0,0,836,19,5.6487,0.0032,0,0
3414,64554,8.142,838,false,3,842,836,6,0,0,836,17,5.6487,0.0032,0,0
3415,64568,13.164,838,false,3,842,836,6,0,0,836,17,5.6487,0.0032,0,0
3416,64579,11.841,838,false,3,843,836,7,0,0,836,17,5.6487,0.0032,0,0
3417,64592,13.409,839,true,5,843,837,6,0,0,837,26,4.2516,0.0024,0,0
3418,64594,2.007,839,false,5,843,837,6,0,0,837,26,4.2516,0.0024,0,0
3419,64613,18.758,839,false,5,844,837,7,0,0,837,26,4.2516,0.0024,0,0
3420,64626,12.547,840,true,4,844,838,6,0,0,838,34,3.4786,0.0019,0,0
3421,64628,1.864,840,false,4,844,838,6,0,0,838,34,3.4786,0.0019,0,0
3422,64645,17.391,840,false,4,845,838,7,0,0,838,34,3.4786,0.0019,0,0
3423,64648,2.761,840,false,4,845,838,7,0,0,839,31,3.4786,0.0019,0,0
3424,64661,12.917,841,true,4,845,839,6,0,0,839,22,5.0148,0.0022,0,0
3425,64663,1.906,841,false,4,845,839,6,0,0,839,22,5.0148,0.0022,0,0
3426,64675,12.463,841,false,4,846,839,7,0,0,839,22,5.0148,0.0022,0,0
3427,64678,2.466,841,false,4,846,839,7,0,0,839,25,5.0148,0.0022,0,0
3428,64691,13.65,841,false,4,846,839,7,0,0,840,21,3.2739,0.0021,0,0
3429,64703,12.104,842,true,3,846,840,6,0,0,840,20,3.2739,0.0021,0,0
3430,64705,1.839,842,false,3,846,840,6,0,0,840,20,3.2739,0.0021,0,0
3431,64723,17.931,842,false,3,846,840,6,0,0,841,20,3.2739,0.0021,0,0
3432,64737,13.763,843,true,4,847,841,6,0,0,841,20,4.5593,0.0029,0,0
3433,64739,2.015,843,false,4,847,841,6,0,0,841,20,4.5593,0.0029,0,0
3434,64754,14.777,843,false,4,848,841,7,0,0,841,20,4.5593,0.0029,0,0
3435,64756,2.228,843,false,4,848,841,7,0,0,842,26,4.5593,0.0029,0,0
3436,64767,11.038,844,true,3,848,842,6,0,0,842,17,3.2159,0.002,0,0
3437,64769,1.708,844,false,3,848,842,6,0,0,842,17,3.2159,0.002,0,0
3438,64786,16.982,844,false,3,849,842,7,0,0,842,17,3.2159,0.002,0,0
3439,64790,3.971,844,false,3,849,842,7,0,0,842,104,3.2159,0.002,0,0
3440,64797,7.396,845,true,4,849,843,6,0,0,843,18,5.6838,0.0025,0,0
3441,64805,7.695,845,false,4,849,843,6,0,0,843,21,5.6838,0.0025,0,0
3442,64806,1.868,845,false,4,849,843,6,0,0,843,21,5.6838,0.0025,0,0
3443,64817,10.693,845,false,4,850,843,7,0,0,843,21,5.6838,0.0025,0,0
3444,64820,2.845,845,false,4,850,843,7,0,0,843,26,5.6838,0.0025,0,0
3445,64832,11.939,845,false,4,850,843,7,0,0,844,16,5.6838,0.0025,0,0
3446,64844,11.637,846,true,3,850,844,6,0,0,844,19,3.2852,0.0019,0,0
3447,64845,1.724,846,false,3,850,844,6,0,0,844,19,3.2852,0.0019,0,0
3448,64863,17.809,846,false,3,850,844,6,0,0,845,19,3.2852,0.0019,0,0
3449,64878,14.877,847,true,6,851,845,6,0,0,845,19,4.4395,0.0018,0,0
3450,64881,2.553,847,false,6,851,845,6,0,0,845,19,4.4395,0.0018,0,0
3451,64885,4.344,847,false,6,852,845,7,0,0,845,19,4.4395,0.0018,0,0
3452,64894,9.026,847,false,6,852,845,7,0,0,845,24,4.4395,0.0018,0,0
3453,64910,15.828,847,false,6,852,845,7,0,0,846,23,4.0009,0.002,0,0
3454,64922,12.427,848,true,4,852,846,6,0,0,846,29,4.0009,0.002,0,0
3455,64924,1.679,848,false,4,852,846,6,0,0,846,29,4.0009,0.002,0,0
3456,64941,17.018,848,false,4,853,846,7,0,0,847,29,3.6913,0.0023,0,0
3457,64957,15.846,849,true,6,853,847,6,0,0,847,23,3.6913,0.0023,0,0
3458,64959,2.595,849,false,6,853,847,6,0,0,847,23,3.6913,0.0023,0,0
3459,64972,12.902,849,false,6,854,847,7,0,0,848,23,3.5064,0.0025,0,0
3460,64988,15.228,850,true,4,854,848,6,0,0,848,26,3.5064,0.0025,0,0
3461,64990,2.805,850,false,4,855,848,7,0,0,848,26,3.5064,0.0025,0,0
3462,65004,13.768,850,false,4,855,848,7,0,0,849,27,3.5064,0.0025,0,0
3463,65017,12.77,851,true,4,855,849,6,0,0,849,29,3.9629,0.0021,0,0
3464,65019,2.036,851,false,4,855,849,6,0,0,849,29,3.9629,0.0021,0,0
3465,65024,4.873,851,false,4,856,849,7,0,0,849,29,3.9629,0.0021,0,0
3466,65035,10.959,851,false,4,856,849,7,0,0,849,26,3.9629,0.0021,0,0
3467,65038,2.835,851,false,4,856,849,7,0,0,849,25,3.9629,0.0021,0,0
3468,65051,12.862,851,false,4,856,849,7,0,0,850,16,3.3231,0.0022,0,0
3469,65064,13.696,852,true,4,856,850,6,0,0,850,82,3.3231,0.0022,0,0
3470,65066,1.998,852,false,4,856,850,6,0,0,850,82,3.3231,0.0022,0,0
3471,65081,15.002,852,false,4,856,850,6,0,0,851,82,5.985,0.002,0,0
3472,65094,12.789,853,true,3,857,851,6,0,0,851,82,5.985,0.002,0,0
3473,65096,1.7,853,false,3,857,851,6,0,0,851,82,5.985,0.002,0,0
3474,65112,15.942,853,false,3,858,851,7,0,0,852,82,5.985,0.002,0,0
3475,65130,18.592,854,true,7,858,852,6,0,0,852,27,3.8977,0.0034,0,0
3476,65133,2.953,854,false,7,859,852,7,0,0,852,27,3.8977,0.0034,0,0
3477,65143,9.728,854,false,7,859,852,7,0,0,852,27,3.8977,0.0034,0,0
3478,65145,2.519,854,false,7,859,852,7,0,0,852,31,3.8977,0.0034,0,0
3479,65159,13.415,854,false,7,859,852,7,0,0,853,20,3.5701,0.0022,0,0
3480,65173,14.552,855,true,4,859,853,6,0,0,853,31,3.5701,0.0022,0,0
3481,65176,2.473,855,false,4,859,853,6,0,0,853,31,3.5701,0.0022,0,0
3482,65180,4.44,855,false,4,860,853,7,0,0,853,31,3.5701,0.0022,0,0
3483,65190,9.708,855,false,4,860,853,7,0,0,853,33,3.5701,0.0022,0,0
3484,65194,4.076,855,false,4,860,853,7,0,0,854,29,3.5701,0.0022,0,0
3485,65207,12.887,856,true,4,860,854,6,0,0,854,25,3.5683,0.0024,0,0
3486,65209,2.273,856,false,4,860,854,6,0,0,854,25,3.5683,0.0024,0,0
3487,65220,10.829,856,false,4,860,854,6,0,0,854,25,3.5683,0.0024,0,0
3488,65223,2.788,856,false,4,861,854,7,0,0,854,25,3.5683,0.0024,0,0
3489,65236,12.823,856,false,4,861,854,7,0,0,855,33,3.8615,0.002,0,0
3490,65251,15.557,857,true,4,861,855,6,0,0,855,21,3.8615,0.002,0,0
3491,65253,2.042,857,false,4,861,855,6,0,0,855,21,3.8615,0.002,0,0
3492,65267,13.576,857,false,4,862,855,7,0,0,855,21,3.8615,0.002,0,0
3493,65279,12.696,858,true,4,862,856,6,0,0,856,33,3.3173,0.0019,0,0
3494,65281,1.8,858,false,4,862,856,6,0,0,856,33,3.3173,0.0019,0,0
3495,65299,17.205,858,false,4,863,856,7,0,0,856,33,3.3173,0.0019,0,0
3496,65301,2.239,858,false,4,863,856,7,0,0,856,27,3.3173,0.0019,0,0
3497,65312,11.733,859,true,4,863,857,6,0,0,857,24,4.6416,0.0025,0,0
3498,65314,1.841,859,false,4,863,857,6,0,0,857,24,4.6416,0.0025,0,0
3499,65329,15.036,859,false,4,863,857,6,0,0,857,24,4.6416,0.0025,0,0
3500,65339,9.518,859,false,4,864,857,7,0,0,857,24,4.6416,0.0025,0,0
3501,65341,2.13,859,false,4,864,857,7,0,0,858,25,4.6416,0.0025,0,0
3502,65354,12.941,860,true,4,864,858,6,0,0,858,16,3.2052,0.0017,0,0
3503,65356,2.003,860,false,4,864,858,6,0,0,858,16,3.2052,0.0017,0,0
3504,65361,4.9,860,false,4,865,858,7,0,0,858,16,3.2052,0.0017,0,0
3505,65376,14.734,860,false,4,865,858,7,0,0,859,25,3.2052,0.0017,0,0
3506,65387,11.565,861,true,3,865,859,6,0,0,859,28,5.4364,0.0019,0,0
3507,65389,1.821,861,false,3,865,859,6,0,0,859,28,5.4364,0.0019,0,0
3508,65407,17.667,861,false,3,865,859,6,0,0,859,28,5.4364,0.0019,0,0
3509,65410,3.281,861,false,3,866,859,7,0,0,859,28,5.4364,0.0019,0,0
3510,65422,11.516,862,true,3,866,860,6,0,0,860,24,3.2664,0.0018,0,0
3511,65424,2.739,862,false,3,866,860,6,0,0,860,24,3.2664,0.0018,0,0
3512,65428,4.161,862,false,3,867,860,7,0,0,860,24,3.2664,0.0018,0,0
3513,65438,9.598,862,false,3,867,860,7,0,0,860,31,3.2664,0.0018,0,0
3514,65454,15.587,862,false,3,867,860,7,0,0,861,22,3.2534,0.0016,0,0
3515,65467,14.026,863,true,5,867,861,6,0,0,861,21,3.2534,0.0016,0,0
3516,65470,2.221,863,false,5,867,861,6,0,0,861,21,3.2534,0.0016,0,0
3517,65474,4.668,863,false,5,868,861,7,0,0,861,21,3.2534,0.0016,0,0
3518,65485,10.131,863,false,5,868,861,7,0,0,862,24,3.2534,0.0016,0,0
3519,65496,11.896,864,true,4,868,862,6,0,0,862,19,3.5776,0.0019,0,0
3520,65498,1.894,864,false,4,868,862,6,0,0,862,19,3.5776,0.0019,0,0
3521,65516,17.859,864,false,4,869,862,7,0,0,862,19,3.5776,0.0019,0,0
3522,65530,13.325,865,true,4,869,863,6,0,0,863,58,5.1017,0.0021,0,0
3523,65532,1.85,865,false,4,869,863,6,0,0,863,58,5.1017,0.0021,0,0
3524,65548,16.379,865,false,4,870,863,7,0,0,863,58,5.1017,0.0021,0,0
3525,65551,2.685,865,false,4,870,863,7,0,0,863,33,5.1017,0.0021,0,0
3526,65563,12.491,865,false,4,870,863,7,0,0,864,22,3.6065,0.0022,0,0
3527,65576,12.73,866,true,4,870,864,6,0,0,864,44,3.6065,0.0022,0,0
3528,65577,1.758,866,false,4,870,864,6,0,0,864,44,3.6065,0.0022,0,0
3529,65594,16.084,866,false,4,871,864,7,0,0,865,44,3.4899,0.0021,0,0
3530,65606,12.081,867,true,4,871,865,6,0,0,865,24,3.4899,0.0021,0,0
3531,65607,1.749,867,false,4,871,865,6,0,0,865,24,3.4899,0.0021,0,0
3532,65625,17.862,867,false,4,872,865,7,0,0,866,24,4.3781,0.003,0,0
3533,65638,13.11,868,true,3,872,866,6,0,0,866,31,4.3781,0.003,0,0
3534,65640,1.807,868,false,3,872,866,6,0,0,866,31,4.3781,0.003,0,0
3535,65656,15.643,868,false,3,873,866,7,0,0,867,31,4.3781,0.003,0,0
3536,65667,11.708,869,true,3,873,867,6,0,0,867,35,4.8746,0.0021,0,0
3537,65669,1.656,869,false,3,873,867,6,0,0,867,35,4.8746,0.0021,0,0
3538,65689,19.446,869,false,3,874,867,7,0,0,868,35,4.8746,0.0021,0,0
3539,65700,11.535,870,true,3,874,868,6,0,0,868,25,3.6809,0.0018,0,0
3540,65702,1.663,870,false,3,874,868,6,0,0,868,25,3.6809,0.0018,0,0
3541,65719,16.698,870,false,3,875,868,7,0,0,868,25,3.6809,0.0018,0,0
3542,65731,12.488,871,true,4,875,869,6,0,0,869,29,4.6976,0.0024,0,0
3543,65733,2.47,871,false,4,875,869,6,0,0,869,29,4.6976,0.0024,0,0
3544,65738,4.428,871,false,4,876,869,7,0,0,869,29,4.6976,0.0024,0,0
3545,65749,11.476,871,false,4,876,869,7,0,0,869,24,4.6976,0.0024,0,0
3546,65752,2.319,871,false,4,876,869,7,0,0,869,22,4.6976,0.0024,0,0
3547,65765,13.123,871,false,4,876,869,7,0,0,870,18,3.377,0.0015,0,0
3548,65778,13.475,872,true,4,876,870,6,0,0,870,25,3.377,0.0015,0,0
3549,65781,2.323,872,false,4,876,870,6,0,0,870,25,3.377,0.0015,0,0
3550,65785,4.54,872,false,4,877,870,7,0,0,870,25,3.377,0.0015,0,0
3551,65795,9.643,872,false,4,877,870,7,0,0,871,31,3.3999,0.0017,0,0
3552,65808,12.798,873,true,4,877,871,6,0,0,871,25,3.3999,0.0017,0,0
3553,65809,1.927,873,false,4,877,871,6,0,0,871,25,3.3999,0.0017,0,0
3554,65826,16.139,873,false,4,878,871,7,0,0,872,25,3.4124,0.0027,0,0
3555,65840,14.395,874,true,4,878,872,6,0,0,872,30,3.4124,0.0027,0,0
3556,65842,2.425,874,false,4,878,872,6,0,0,872,30,3.4124,0.0027,0,0
3557,65856,13.43,874,false,4,879,872,7,0,0,873,30,3.4124,0.0027,0,0
3558,65868,11.713,875,true,3,879,873,6,0,0,873,39,3.7496,0.0021,0,0
3559,65869,1.703,875,false,3,879,873,6,0,0,873,39,3.7496,0.0021,0,0
3560,65887,17.216,875,false,3,879,873,6,0,0,873,39,3.7496,0.0021,0,0
3561,65903,16.418,876,true,4,880,874,6,0,0,874,39,4.2732,0.0023,0,0
3562,65905,2.644,876,false,4,881,874,7,0,0,874,39,4.2732,0.0023,0,0
3563,65917,11.311,876,false,4,881,874,7,0,0,874,21,4.2732,0.0023,0,0
3564,65919,2.109,876,false,4,881,874,7,0,0,874,25,4.2732,0.0023,0,0
3565,65932,13.19,876,false,4,881,874,7,0,0,875,16,4.2732,0.0023,0,0
3566,65944,11.87,877,true,4,881,875,6,0,0,875,23,6.4511,0.0026,0,0
3567,65946,1.691,877,false,4,881,875,6,0,0,875,23,6.4511,0.0026,0,0
3568,65964,17.78,877,false,4,881,875,6,0,0,876,23,6.4511,0.0026,0,0
3569,65976,12.908,878,true,3,882,876,6,0,0,876,23,3.5256,0.0018,0,0
3570,65978,1.792,878,false,3,882,876,6,0,0,876,23,3.5256,0.0018,0,0
3571,65995,16.342,878,false,3,883,876,7,0,0,876,23,3.5256,0.0018,0,0
3572,65997,2.857,878,false,3,883,876,7,0,0,876,37,3.5256,0.0018,0,0
3573,66010,12.908,878,false,3,883,876,7,0,0,877,19,4.3611,0.0019,0,0
3574,66022,11.934,879,true,3,883,877,6,0,0,877,18,4.3611,0.0019,0,0
3575,66024,1.776,879,false,3,883,877,6,0,0,877,18,4.3611,0.0019,0,0
3576,66042,17.907,879,false,3,884,877,7,0,0,878,18,3.533,0.0019,0,0
3577,66055,13.012,880,true,4,884,878,6,0,0,878,23,3.533,0.0019,0,0
3578,66057,1.899,880,false,4,884,878,6,0,0,878,23,3.533,0.0019,0,0
3579,66073,15.694,880,false,4,885,878,7,0,0,879,23,3.533,0.0019,0,0
3580,66089,15.799,881,true,3,885,879,6,0,0,879,26,3.9248,0.0027,0,0
3581,66091,2.817,881,false,3,885,879,6,0,0,879,26,3.9248,0.0027,0,0
3582,66104,13.101,881,false,3,885,879,6,0,0,880,26,3.9248,0.0027,0,0
3583,66127,22.6,882,true,4,886,880,6,0,0,880,26,3.7153,0.0021,0,0
3584,66130,3.004,882,false,4,887,880,7,0,0,880,26,3.7153,0.0021,0,0
3585,66134,3.847,882,false,4,887,880,7,0,0,880,39,3.7153,0.0021,0,0
3586,66150,16.288,882,false,4,887,880,7,0,0,881,16,4.3508,0.0019,0,0
3587,66166,15.446,883,true,6,887,881,6,0,0,881,28,4.3508,0.0019,0,0
3588,66168,3.036,883,false,6,888,881,7,0,0,881,28,4.3508,0.0019,0,0
3589,66172,3.822,883,false,6,888,881,7,0,0,881,23,4.3508,0.0019,0,0
3590,66181,8.798,883,false,6,888,881,7,0,0,882,18,3.463,0.0022,0,0
3591,66194,12.614,884,true,3,888,882,6,0,0,882,24,3.463,0.0022,0,0
3592,66196,1.814,884,false,3,888,882,6,0,0,882,24,3.463,0.0022,0,0
3593,66211,15.574,884,false,3,889,882,7,0,0,883,24,3.463,0.0022,0,0
3594,66226,14.247,885,true,4,889,883,6,0,0,883,24,5.2002,0.0024,0,0
3595,66229,3.541,885,false,4,889,883,6,0,0,883,24,5.2002,0.0024,0,0
3596,66233,3.979,885,false,4,890,883,7,0,0,883,24,5.2002,0.0024,0,0
3597,66243,10.187,885,false,4,890,883,7,0,0,883,25,5.2002,0.0024,0,0
3598,66247,3.695,885,false,4,890,883,7,0,0,883,21,5.2002,0.0024,0,0
3599,66265,17.423,886,true,4,890,884,6,0,0,884,27,4.1118,0.0023,0,0
3600,66267,3.249,886,false,4,890,884,6,0,0,884,27,4.1118,0.0023,0,0
3601,66271,3.644,886,false,4,890,884,6,0,0,884,27,4.1118,0.0023,0,0
3602,66290,18.99,886,false,4,891,884,7,0,0,885,27,3.2946,0.0024,0,0
3603,66301,11.222,887,true,3,891,885,6,0,0,885,25,3.2946,0.0024,0,0
3604,66303,1.953,887,false,3,891,885,6,0,0,885,25,3.2946,0.0024,0,0
3605,66321,17.201,887,false,3,892,885,7,0,0,886,25,3.2946,0.0024,0,0
3606,66333,12.56,888,true,4,892,886,6,0,0,886,27,4.3595,0.0023,0,0
3607,66335,1.782,888,false,4,892,886,6,0,0,886,27,4.3595,0.0023,0,0
3608,66352,17.145,888,false,4,893,886,7,0,0,886,27,4.3595,0.0023,0,0
3609,66366,13.846,889,true,3,893,887,6,0,0,887,31,4.9072,0.0023,0,0
3610,66368,2.109,889,false,3,893,887,6,0,0,887,31,4.9072,0.0023,0,0
3611,66382,13.942,889,false,3,894,887,7,0,0,887,31,4.9072,0.0023,0,0
3612,66384,2.612,889,false,3,894,887,7,0,0,887,40,4.9072,0.0023,0,0
3613,66398,13.296,889,false,3,894,887,7,0,0,888,15,3.1833,0.0017,0,0
3614,66410,12.044,890,true,4,894,888,6,0,0,888,22,3.1833,0.0017,0,0
3615,66411,1.674,890,false,4,894,888,6,0,0,888,22,3.1833,0.0017,0,0
3616,66428,16.471,890,false,4,895,888,7,0,0,889,22,3.4355,0.0019,0,0
3617,66441,13.552,891,true,4,895,889,6,0,0,889,22,3.4355,0.0019,0,0
3618,66444,2.056,891,false,4,895,889,6,0,0,889,22,3.4355,0.0019,0,0
3619,66459,15.372,891,false,4,896,889,7,0,0,890,22,3.4355,0.0019,0,0
3620,66472,13.609,892,true,4,896,890,6,0,0,890,24,3.5314,0.0023,0,0
3621,66475,2.029,892,false,4,896,890,6,0,0,890,24,3.5314,0.0023,0,0
3622,66490,15.474,892,false,4,897,890,7,0,0,891,24,3.5314,0.0023,0,0
3623,66502,12.424,893,true,4,897,891,6,0,0,891,31,5.7352,0.0028,0,0
3624,66504,1.89,893,false,4,897,891,6,0,0,891,31,5.7352,0.0028,0,0
3625,66521,16.535,893,false,4,898,891,7,0,0,891,31,5.7352,0.0028,0,0
3626,66523,2.497,893,false,4,898,891,7,0,0,891,29,5.7352,0.0028,0,0
3627,66536,12.532,893,false,4,898,891,7,0,0,892,17,3.2436,0.002,0,0
3628,66549,12.719,894,true,4,898,892,6,0,0,892,27,3.2436,0.002,0,0
3629,66550,1.892,894,false,4,898,892,6,0,0,892,27,3.2436,0.002,0,0
3630,66567,16.475,894,false,4,899,892,7,0,0,893,27,3.2436,0.002,0,0
3631,66579,12.471,895,true,4,899,893,6,0,0,893,29,4.5065,0.002,0,0
3632,66581,1.953,895,false,4,899,893,6,0,0,893,29,4.5065,0.002,0,0
3633,66586,4.944,895,false,4,900,893,7,0,0,893,29,4.5065,0.002,0,0
3634,66598,11.841,895,false,4,900,893,7,0,0,893,28,4.5065,0.002,0,0
3635,66600,2.276,895,false,4,900,893,7,0,0,893,33,4.5065,0.002,0,0
3636,66614,12.937,895,false,4,900,893,7,0,0,894,17,3.3216,0.0021,0,0
3637,66625,11.995,896,true,4,900,894,6,0,0,894,19,3.3216,0.0021,0,0
3638,66628,2.401,896,false,4,901,894,7,0,0,894,19,3.3216,0.0021,0,0
3639,66644,16.236,896,false,4,901,894,7,0,0,895,21,3.3216,0.0021,0,0
3640,66657,13.305,897,true,4,901,895,6,0,0,895,26,3.5998,0.0021,0,0
3641,66659,1.716,897,false,4,901,895,6,0,0,895,26,3.5998,0.0021,0,0
3642,66675,15.444,897,false,4,901,895,6,0,0,896,26,3.5998,0.0021,0,0
3643,66687,12.484,898,true,3,902,896,6,0,0,896,26,4.0113,0.0023,0,0
3644,66689,1.736,898,false,3,902,896,6,0,0,896,26,4.0113,0.0023,0,0
3645,66706,16.855,898,false,3,903,896,7,0,0,897,26,2.6342,0.0013,0,0
3646,66722,16.724,899,true,5,903,897,6,0,0,897,28,2.6342,0.0013,0,0
3647,66724,2.068,899,false,5,903,897,6,0,0,897,28,2.6342,0.0013,0,0
3648,66736,11.61,899,false,5,904,897,7,0,0,897,28,2.6342,0.0013,0,0
3649,66748,12.581,900,true,4,904,898,6,0,0,898,99,3.9312,0.0018,0,0
3650,66751,2.084,900,false,4,904,898,6,0,0,898,99,3.9312,0.0018,0,0
3651,66755,4.816,900,false,4,905,898,7,0,0,898,99,3.9312,0.0018,0,0
3652,66767,11.603,900,false,4,905,898,7,0,0,898,24,3.9312,0.0018,0,0
3653,66771,3.694,900,false,4,905,898,7,0,0,898,27,3.9312,0.0018,0,0
3654,66783,12.227,900,false,4,905,898,7,0,0,899,28,6.8031,0.0025,0,0
3655,66795,12.389,901,true,3,905,899,6,0,0,899,25,6.8031,0.0025,0,0
3656,66797,1.831,901,false,3,905,899,6,0,0,899,25,6.8031,0.0025,0,0
3657,66815,17.415,901,false,3,906,899,7,0,0,899,25,6.8031,0.0025,0,0
3658,66817,2.403,901,false,3,906,899,7,0,0,899,27,6.8031,0.0025,0,0
3659,66828,11.161,902,true,4,906,900,6,0,0,900,19,3.2486,0.0021,0,0
3660,66830,1.622,902,false,4,906,900,6,0,0,900,19,3.2486,0.0021,0,0
3661,66846,16.671,902,false,4,906,900,6,0,0,900,19,3.2486,0.0021,0,0
3662,66849,2.495,902,false,4,907,900,7,0,0,900,19,3.2486,0.0021,0,0
3663,66860,11.314,903,true,3,907,901,6,0,0,901,24,3.67,0.0018,0,0
3664,66862,1.838,903,false,3,907,901,6,0,0,901,24,3.67,0.0018,0,0
3665,66871,8.81,903,false,3,908,901,7,0,0,901,24,3.67,0.0018,0,0
3666,66874,3.119,903,false,3,908,901,7,0,0,901,24,3.67,0.0018,0,0
3667,66892,18.185,903,false,3,908,901,7,0,0,902,17,3.2655,0.0017,0,0
3668,66904,12.178,904,true,4,908,902,6,0,0,902,23,3.2655,0.0017,0,0
3669,66906,2.138,904,false,4,908,902,6,0,0,902,23,3.2655,0.0017,0,0
3670,66923,15.997,904,false,4,908,902,6,0,0,903,23,3.3036,0.0017,0,0
3671,66936,13.581,905,true,4,909,903,6,0,0,903,23,3.3036,0.0017,0,0
3672,66939,2.908,905,false,4,910,903,7,0,0,903,23,3.3036,0.0017,0,0
3673,66943,3.985,905,false,4,910,903,7,0,0,903,25,3.3036,0.0017,0,0
3674,66953,10.429,905,false,4,910,903,7,0,0,904,19,3.4468,0.0026,0,0
3675,66965,11.902,906,true,4,910,904,6,0,0,904,21,3.4468,0.0026,0,0
3676,66967,1.882,906,false,4,910,904,6,0,0,904,21,3.4468,0.0026,0,0
3677,66984,17.071,906,false,4,910,904,6,0,0,905,21,3.4468,0.0026,0,0
3678,66998,13.395,907,true,4,911,905,6,0,0,905,21,4.8535,0.0027,0,0
3679,67001,2.928,907,false,4,912,905,7,0,0,905,21,4.8535,0.0027,0,0
3680,67005,3.973,907,false,4,912,905,7,0,0,905,30,4.8535,0.0027,0,0
3681,67015,10.177,907,false,4,912,905,7,0,0,906,24,4.8535,0.0027,0,0
3682,67028,12.835,908,true,4,912,906,6,0,0,906,29,3.5251,0.0021,0,0
3683,67030,1.996,908,false,4,912,906,6,0,0,906,29,3.5251,0.0021,0,0
3684,67047,17.453,908,false,4,912,906,6,0,0,906,29,3.5251,0.0021,0,0
3685,67067,19.72,909,true,4,913,907,6,0,0,907,29,4.6393,0.0027,0,0
3686,67069,2.665,909,false,4,914,907,7,0,0,907,29,4.6393,0.0027,0,0
3687,67074,4.212,909,false,4,914,907,7,0,0,907,24,4.6393,0.0027,0,0
3688,67093,19.346,909,false,4,914,907,7,0,0,908,18,4.6393,0.0027,0,0
3689,67107,13.556,910,true,4,914,908,6,0,0,908,31,4.0349,0.0027,0,0
3690,67108,1.924,910,false,4,914,908,6,0,0,908,31,4.0349,0.0027,0,0
3691,67125,16.08,910,false,4,915,908,7,0,0,909,31,4.0349,0.0027,0,0
3692,67137,12.83,911,true,4,915,909,6,0,0,909,27,3.8311,0.0026,0,0
3693,67139,1.879,911,false,4,915,909,6,0,0,909,27,3.8311,0.0026,0,0
3694,67144,4.989,911,false,4,916,909,7,0,0,909,27,3.8311,0.0026,0,0
3695,67156,11.461,911,false,4,916,909,7,0,0,909,25,3.8311,0.0026,0,0
3696,67168,12.509,912,true,4,916,910,6,0,0,910,26,3.5791,0.0032,0,0
3697,67170,1.873,912,false,4,916,910,6,0,0,910,26,3.5791,0.0032,0,0
3698,67188,17.248,912,false,4,917,910,7,0,0,910,26,3.5791,0.0032,0,0
3699,67190,2.644,912,false,4,917,910,7,0,0,910,35,3.5791,0.0032,0,0
3700,67203,12.788,912,false,4,917,910,7,0,0,911,16,5.3121,0.0029,0,0
3701,67220,17.454,913,true,6,917,911,6,0,0,911,29,5.3121,0.0029,0,0
3702,67223,2.507,913,false,6,917,911,6,0,0,911,29,5.3121,0.0029,0,0
3703,67233,10.47,913,false,6,918,911,7,0,0,911,29,5.3121,0.0029,0,0
3704,67236,2.407,913,false,6,918,911,7,0,0,912,30,5.3121,0.0029,0,0
3705,67249,12.985,914,true,4,918,912,6,0,0,912,19,4.6815,0.0017,0,0
3706,67250,1.954,914,false,4,918,912,6,0,0,912,19,4.6815,0.0017,0,0
3707,67265,14.14,914,false,4,919,912,7,0,0,912,19,4.6815,0.0017,0,0
3708,67267,2.633,914,false,4,919,912,7,0,0,912,29,4.6815,0.0017,0,0
3709,67281,13.086,914,false,4,919,912,7,0,0,913,17,5.3117,0.0026,0,0
3710,67295,14.14,915,true,4,919,913,6,0,0,913,20,5.3117,0.0026,0,0
3711,67296,1.924,915,false,4,919,913,6,0,0,913,20,5.3117,0.0026,0,0
3712,67311,14.383,915,false,4,920,913,7,0,0,913,20,5.3117,0.0026,0,0
3713,67326,15.221,916,true,4,920,914,6,0,0,914,31,3.3137,0.0028,0,0
3714,67329,2.793,916,false,4,920,914,6,0,0,914,31,3.3137,0.0028,0,0
3715,67333,4.101,916,false,4,921,914,7,0,0,914,31,3.3137,0.0028,0,0
3716,67343,10.036,916,false,4,921,914,7,0,0,914,27,3.3137,0.0028,0,0
3717,67347,3.762,916,false,4,921,914,7,0,0,914,22,3.3137,0.0028,0,0
3718,67358,10.826,917,true,3,921,915,6,0,0,915,18,4.4156,0.0017,0,0
3719,67361,3.005,917,false,3,921,915,6,0,0,915,18,4.4156,0.0017,0,0
3720,67374,12.938,917,false,3,921,915,6,0,0,915,18,4.4156,0.0017,0,0
3721,67376,2.644,917,false,3,922,915,7,0,0,915,18,4.4156,0.0017,0,0
3722,67389,12.616,917,false,3,922,915,7,0,0,916,26,3.3194,0.0021,0,0
3723,67401,12.119,918,true,4,922,916,6,0,0,916,24,3.3194,0.0021,0,0
3724,67403,1.839,918,false,4,922,916,6,0,0,916,24,3.3194,0.0021,0,0
3725,67420,16.757,918,false,4,923,916,7,0,0,917,24,4.5478,0.0015,0,0
3726,67432,12.338,919,true,3,923,917,6,0,0,917,30,4.5478,0.0015,0,0
3727,67434,2.273,919,false,3,923,917,6,0,0,917,30,4.5478,0.0015,0,0
3728,67450,15.589,919,false,3,923,917,6,0,0,918,30,4.5478,0.0015,0,0
3729,67464,13.768,920,true,4,924,918,6,0,0,918,30,4.0836,0.0022,0,0
3730,67466,2.502,920,false,4,924,918,6,0,0,918,30,4.0836,0.0022,0,0
3731,67470,4.392,920,false,4,925,918,7,0,0,918,30,4.0836,0.0022,0,0
3732,67481,10.528,920,false,4,925,918,7,0,0,918,25,4.0836,0.0022,0,0
3733,67495,14.048,921,true,5,925,919,6,0,0,919,31,4.186,0.0024,0,0
3734,67498,2.402,921,false,5,925,919,6,0,0,919,31,4.186,0.0024,0,0
3735,67502,4.526,921,false,5,926,919,7,0,0,919,31,4.186,0.0024,0,0
3736,67512,9.515,921,false,5,926,919,7,0,0,919,24,4.186,0.0024,0,0
3737,67516,4.219,921,false,5,926,919,7,0,0,919,31,4.186,0.0024,0,0
3738,67527,10.93,921,false,5,926,919,7,0,0,920,25,3.4855,0.0016,0,0
3739,67540,13.004,922,true,4,926,920,6,0,0,920,27,3.4855,0.0016,0,0
3740,67541,1.815,922,false,4,926,920,6,0,0,920,27,3.4855,0.0016,0,0
3741,67558,15.777,922,false,4,927,920,7,0,0,921,27,3.3285,0.0019,0,0
3742,67570,13.088,923,true,4,927,921,6,0,0,921,27,3.3285,0.0019,0,0
3743,67572,1.815,923,false,4,927,921,6,0,0,921,27,3.3285,0.0019,0,0
3744,67589,16.454,923,false,4,927,921,6,0,0,922,27,3.3285,0.0019,0,0
3745,67601,12.283,924,true,3,928,922,6,0,0,922,27,3.5526,0.0019,0,0
3746,67603,2.278,924,false,3,929,922,7,0,0,922,27,3.5526,0.0019,0,0
3747,67619,16.29,924,false,3,929,922,7,0,0,922,48,3.5526,0.0019,0,0
3748,67621,2.082,924,false,3,929,922,7,0,0,922,24,3.5526,0.0019,0,0
3749,67635,13.076,924,false,3,929,922,7,0,0,923,16,8.3758,0.0036,0,0
3750,67647,13.024,925,true,5,929,923,6,0,0,923,27,8.3758,0.0036,0,0
3751,67649,1.817,925,false,5,929,923,6,0,0,923,27,8.3758,0.0036,0,0
3752,67655,5.127,925,false,5,930,923,7,0,0,923,27,8.3758,0.0036,0,0
3753,67666,11.48,925,false,5,930,923,7,0,0,923,52,8.3758,0.0036,0,0
3754,67668,2.272,925,false,5,930,923,7,0,0,923,22,8.3758,0.0036,0,0
3755,67680,11.439,926,true,4,930,924,6,0,0,924,17,3.3846,0.0023,0,0
3756,67682,2.371,926,false,4,930,924,6,0,0,924,17,3.3846,0.0023,0,0
3757,67697,15.283,926,false,4,931,924,7,0,0,924,17,3.3846,0.0023,0,0
3758,67700,2.345,926,false,4,931,924,7,0,0,924,36,3.3846,0.0023,0,0
3759,67712,12.821,926,false,4,931,924,7,0,0,925,15,3.3846,0.0023,0,0
3760,67725,12.368,927,true,4,931,925,6,0,0,925,20,3.7232,0.0025,0,0
3761,67727,1.842,927,false,4,931,925,6,0,0,925,20,3.7232,0.0025,0,0
3762,67743,16.304,927,false,4,931,925,6,0,0,925,20,3.7232,0.0025,0,0
3763,67746,3.019,927,false,4,932,925,7,0,0,925,20,3.7232,0.0025,0,0
3764,67757,11.213,928,true,3,932,926,6,0,0,926,24,3.5024,0.0022,0,0
3765,67759,1.879,928,false,3,932,926,6,0,0,926,24,3.5024,0.0022,0,0
3766,67774,14.586,928,false,3,933,926,7,0,0,926,24,3.5024,0.0022,0,0
3767,67776,2.316,928,false,3,933,926,7,0,0,926,25,3.5024,0.0022,0,0
3768,67789,12.837,928,false,3,933,926,7,0,0,927,22,3.4597,0.0018,0,0
3769,67802,13.276,929,true,3,933,927,6,0,0,927,24,3.4597,0.0018,0,0
3770,67804,1.864,929,false,3,933,927,6,0,0,927,24,3.4597,0.0018,0,0
3771,67820,16.239,929,false,3,933,927,6,0,0,928,24,3.4597,0.0018,0,0
3772,67844,23.437,930,true,4,934,928,6,0,0,928,24,3.7702,0.0024,0,0
3773,67847,2.931,930,false,4,935,928,7,0,0,928,24,3.7702,0.0024,0,0
3774,67851,4.025,930,false,4,935,928,7,0,0,928,24,3.7702,0.0024,0,0
3775,67866,15.484,930,false,4,935,928,7,0,0,929,21,4.4227,0.0019,0,0
3776,67878,12.409,931,true,4,935,929,6,0,0,929,25,4.4227,0.0019,0,0
3777,67881,1.804,931,false,4,935,929,6,0,0,929,25,4.4227,0.0019,0,0
3778,67897,16.306,931,false,4,936,929,7,0,0,930,25,3.3266,0.0018,0,0
3779,67908,11.787,932,true,4,936,930,6,0,0,930,22,3.3266,0.0018,0,0
3780,67910,1.872,932,false,4,936,930,6,0,0,930,22,3.3266,0.0018,0,0
3781,67927,17.04,932,false,4,937,930,7,0,0,931,22,4.4453,0.0019,0,0
3782,67944,16.252,933,true,5,937,931,6,0,0,931,28,4.4453,0.0019,0,0
3783,67947,3.714,933,false,5,937,931,6,0,0,931,28,4.4453,0.0019,0,0
3784,67950,3.153,933,false,5,938,931,7,0,0,931,28,4.4453,0.0019,0,0
3785,67959,8.42,933,false,5,938,931,7,0,0,931,25,4.4453,0.0019,0,0
3786,67974,15.053,933,false,5,938,931,7,0,0,932,19,3.1901,0.0017,0,0
3787,67986,12.172,934,true,4,938,932,6,0,0,932,23,3.1901,0.0017,0,0
3788,67988,1.683,934,false,4,938,932,6,0,0,932,23,3.1901,0.0017,0,0
3789,68005,16.815,934,false,4,939,932,7,0,0,933,23,3.2169,0.0023,0,0
3790,68016,11.678,935,true,3,939,933,6,0,0,933,25,3.2169,0.0023,0,0
3791,68018,1.802,935,false,3,939,933,6,0,0,933,25,3.2169,0.0023,0,0
3792,68035,16.863,935,false,3,940,933,7,0,0,934,25,3.2879,0.0019,0,0
3793,68048,12.979,936,true,4,940,934,6,0,0,934,200,3.2879,0.0019,0,0
3794,68049,1.08,936,false,4,940,934,6,0,0,934,200,3.2879,0.0019,0,0
3795,68066,16.795,936,false,4,941,934,7,0,0,935,200,3.2879,0.0019,0,0
3796,68081,14.818,937,true,4,941,935,6,0,0,935,30,13.5736,0.0024,0,0
3797,68083,2.669,937,false,4,941,935,6,0,0,935,30,13.5736,0.0024,0,0
3798,68088,4.199,937,false,4,942,935,7,0,0,935,30,13.5736,0.0024,0,0
3799,68097,9.442,937,false,4,942,935,7,0,0,935,24,13.5736,0.0024,0,0
3800,68101,4.359,937,false,4,942,935,7,0,0,935,39,13.5736,0.0024,0,0
3801,68113,11.219,937,false,4,942,935,7,0,0,936,22,13.5736,0.0024,0,0
3802,68125,12.404,938,true,4,942,936,6,0,0,936,23,4.8606,0.0027,0,0
3803,68128,2.536,938,false,4,943,936,7,0,0,936,23,4.8606,0.0027,0,0
3804,68132,4.396,938,false,4,943,936,7,0,0,936,25,4.8606,0.0027,0,0
3805,68143,11.333,938,false,4,943,936,7,0,0,936,18,4.8606,0.0027,0,0
3806,68146,2.861,938,false,4,943,936,7,0,0,936,22,4.8606,0.0027,0,0
3807,68159,12.605,938,false,4,943,936,7,0,0,937,18,3.1804,0.0014,0,0
3808,68177,18.016,939,true,5,943,937,6,0,0,937,21,3.1804,0.0014,0,0
3809,68179,2.598,939,false,5,943,937,6,0,0,937,21,3.1804,0.0014,0,0
3810,68189,9.757,939,false,5,943,937,6,0,0,937,21,3.1804,0.0014,0,0
3811,68203,14.226,940,true,5,944,938,6,0,0,938,21,3.5169,0.0018,0,0
3812,68206,2.511,940,false,5,944,938,6,0,0,938,21,3.5169,0.0018,0,0
3813,68210,4.383,940,false,5,945,938,7,0,0,938,21,3.5169,0.0018,0,0
3814,68220,9.515,940,false,5,945,938,7,0,0,938,22,3.5169,0.0018,0,0
3815,68224,4.257,940,false,5,945,938,7,0,0,938,21,3.5169,0.0018,0,0
3816,68235,11.174,940,false,5,945,938,7,0,0,939,21,4.6042,0.0029,0,0
3817,68247,12.392,941,true,3,945,939,6,0,0,939,41,4.6042,0.0029,0,0
3818,68250,2.047,941,false,3,945,939,6,0,0,939,41,4.6042,0.0029,0,0
3819,68254,4.849,941,false,3,946,939,7,0,0,939,41,4.6042,0.0029,0,0
3820,68266,11.603,941,false,3,946,939,7,0,0,940,26,4.6042,0.0029,0,0
3821,68279,13.084,942,true,4,946,940,6,0,0,940,30,3.4419,0.0029,0,0
3822,68281,1.933,942,false,4,946,940,6,0,0,940,30,3.4419,0.0029,0,0
3823,68297,15.362,942,false,4,946,940,6,0,0,940,30,3.4419,0.0029,0,0
3824,68313,16.29,943,true,5,947,941,6,0,0,941,30,5.6277,0.0023,0,0
3825,68315,2.678,943,false,5,947,941,6,0,0,941,30,5.6277,0.0023,0,0
3826,68319,4.201,943,false,5,948,941,7,0,0,941,30,5.6277,0.0023,0,0
3827,68327,7.566,943,false,5,948,941,7,0,0,941,24,5.6277,0.0023,0,0
3828,68342,15.218,943,false,5,948,941,7,0,0,942,23,3.7664,0.003,0,0
3829,68355,12.502,944,true,4,948,942,6,0,0,942,29,3.7664,0.003,0,0
3830,68357,1.805,944,false,4,948,942,6,0,0,942,29,3.7664,0.003,0,0
3831,68374,17.076,944,false,4,949,942,7,0,0,943,29,3.3199,0.0021,0,0
3832,68387,12.98,945,true,4,949,943,6,0,0,943,24,3.3199,0.0021,0,0
3833,68388,1.759,945,false,4,949,943,6,0,0,943,24,3.3199,0.0021,0,0
3834,68405,16.126,945,false,4,949,943,6,0,0,944,24,3.2174,0.0019,0,0
3835,68418,12.789,946,true,4,950,944,6,0,0,944,24,3.2174,0.0019,0,0
3836,68420,2.893,946,false,4,951,944,7,0,0,944,24,3.2174,0.0019,0,0
3837,68424,3.987,946,false,4,951,944,7,0,0,944,49,3.2174,0.0019,0,0
3838,68436,11.171,946,false,4,951,944,7,0,0,945,18,3.4428,0.0031,0,0
3839,68448,12.448,947,true,4,951,945,6,0,0,945,25,3.4428,0.0031,0,0
3840,68450,1.781,947,false,4,951,945,6,0,0,945,25,3.4428,0.0031,0,0
3841,68467,17.372,947,false,4,952,945,7,0,0,946,25,3.4428,0.0031,0,0
3842,68479,11.954,948,true,4,952,946,6,0,0,946,34,4.7836,0.0028,0,0
3843,68481,1.756,948,false,4,952,946,6,0,0,946,34,4.7836,0.0028,0,0
3844,68499,18.082,948,false,4,953,946,7,0,0,947,34,4.7836,0.0028,0,0
3845,68506,6.974,949,true,4,953,947,6,0,0,947,29,4.7836,0.0028,0,0
3846,68513,7.438,949,false,4,953,947,6,0,0,947,25,8.4779,0.0025,0,0
3847,68515,2.063,949,false,4,953,947,6,0,0,947,25,8.4779,0.0025,0,0
3848,68531,15.239,949,false,4,954,947,7,0,0,947,25,8.4779,0.0025,0,0
3849,68533,3.05,949,false,4,954,947,7,0,0,947,30,8.4779,0.0025,0,0
3850,68537,3.755,949,false,4,954,947,7,0,0,947,19,8.4779,0.0025,0,0
3851,68546,8.331,949,false,4,954,947,7,0,0,948,17,3.227,0.002,0,0
3852,68557,11.527,950,true,3,954,948,6,0,0,948,22,3.227,0.002,0,0
3853,68560,2.762,950,false,3,954,948,6,0,0,948,22,3.227,0.002,0,0
3854,68577,16.917,950,false,3,954,948,6,0,0,949,22,3.2937,0.0018,0,0
3855,68596,19.413,951,true,4,955,949,6,0,0,949,22,3.2937,0.0018,0,0
3856,68598,1.827,951,false,4,955,949,6,0,0,949,22,3.2937,0.0018,0,0
3857,68608,9.635,951,false,4,956,949,7,0,0,949,22,3.2937,0.0018,0,0
3858,68618,10.222,952,true,3,956,950,6,0,0,950,26,3.8379,0.003,0,0
3859,68619,1.66,952,false,3,956,950,6,0,0,950,26,3.8379,0.003,0,0
3860,68638,18.489,952,false,3,957,950,7,0,0,950,26,3.8379,0.003,0,0
3861,68642,3.931,952,false,3,957,950,7,0,0,950,55,3.8379,0.003,0,0
3862,68645,2.869,952,false,3,957,950,7,0,0,950,23,3.8379,0.003,0,0
3863,68658,13.149,953,true,4,957,951,6,0,0,951,18,3.4402,0.0026,0,0
3864,68660,2.089,953,false,4,957,951,6,0,0,951,18,3.4402,0.0026,0,0
3865,68669,8.591,953,false,4,957,951,6,0,0,951,18,3.4402,0.0026,0,0
3866,68672,3.752,953,false,4,958,951,7,0,0,951,18,3.4402,0.0026,0,0
3867,68684,11.499,953,false,4,958,951,7,0,0,952,25,3.5411,0.0021,0,0
3868,68696,12.447,954,true,4,958,952,6,0,0,952,243,3.5411,0.0021,0,0
3869,68698,1.985,954,false,4,958,952,6,0,0,952,243,3.5411,0.0021,0,0
3870,68716,17.209,954,false,4,959,952,7,0,0,952,243,3.5411,0.0021,0,0
3871,68728,12.698,955,true,4,959,953,6,0,0,953,28,4.7398,0.0023,0,0
3872,68730,1.836,955,false,4,959,953,6,0,0,953,28,4.7398,0.0023,0,0
3873,68747,16.649,955,false,4,959,953,6,0,0,953,28,4.7398,0.0023,0,0
3874,68749,2.773,955,false,4,960,953,7,0,0,954,28,4.7398,0.0023,0,0
3875,68761,11.123,956,true,3,960,954,6,0,0,954,23,3.3625,0.0019,0,0
3876,68763,2.074,956,false,3,960,954,6,0,0,954,23,3.3625,0.0019,0,0
3877,68768,4.829,956,false,3,961,954,7,0,0,954,23,3.3625,0.0019,0,0
3878,68777,9.67,956,false,3,961,954,7,0,0,954,25,3.3625,0.0019,0,0
3879,68781,4.101,956,false,3,961,954,7,0,0,954,33,3.3625,0.0019,0,0
3880,68793,11.783,956,false,3,961,954,7,0,0,955,19,5.0174,0.0025,0,0
3881,68809,15.763,957,true,6,961,955,6,0,0,955,20,5.0174,0.0025,0,0
3882,68812,3.633,957,false,6,961,955,6,0,0,955,20,5.0174,0.0025,0,0
3883,68816,3.187,957,false,6,962,955,7,0,0,955,20,5.0174,0.0025,0,0
3884,68824,7.819,957,false,6,962,955,7,0,0,956,27,5.0174,0.0025,0,0
3885,68836,12.495,958,true,4,962,956,6,0,0,956,43,3.9922,0.0109,0,0
3886,68838,1.941,958,false,4,962,956,6,0,0,956,43,3.9922,0.0109,0,0
3887,68855,17.038,958,false,4,962,956,6,0,0,956,43,3.9922,0.0109,0,0
3888,68869,13.719,959,true,4,963,957,6,0,0,957,43,5.0965,0.0027,0,0
3889,68871,2.268,959,false,4,963,957,6,0,0,957,43,5.0965,0.0027,0,0
3890,68876,4.65,959,false,4,964,957,7,0,0,957,43,5.0965,0.0027,0,0
3891,68885,9.589,959,false,4,964,957,7,0,0,957,24,5.0965,0.0027,0,0
3892,68901,15.182,959,false,4,964,957,7,0,0,958,24,3.3864,0.0022,0,0
3893,68913,12.901,960,true,4,964,958,6,0,0,958,30,3.3864,0.0022,0,0
3894,68915,1.839,960,false,4,964,958,6,0,0,958,30,3.3864,0.0022,0,0
3895,68932,16.481,960,false,4,965,958,7,0,0,959,30,4.9553,0.0021,0,0
3896,68946,13.987,961,true,4,965,959,6,0,0,959,28,4.9553,0.0021,0,0
3897,68948,2.162,961,false,4,965,959,6,0,0,959,28,4.9553,0.0021,0,0
3898,68963,15.219,961,false,4,966,959,7,0,0,960,28,3.426,0.0021,0,0
3899,68976,13.385,962,true,4,966,960,6,0,0,960,27,3.426,0.0021,0,0
3900,68978,1.84,962,false,4,966,960,6,0,0,960,27,3.426,0.0021,0,0
3901,68994,15.993,962,false,4,967,960,7,0,0,961,27,3.8397,0.0019,0,0
3902,69007,12.991,963,true,4,967,961,6,0,0,961,26,3.8397,0.0019,0,0
3903,69009,1.856,963,false,4,967,961,6,0,0,961,26,3.8397,0.0019,0,0
3904,69025,16.292,963,false,4,968,961,7,0,0,962,26,3.562,0.0041,0,0
3905,69039,13.794,964,true,4,968,962,6,0,0,962,25,3.562,0.0041,0,0
3906,69041,2.044,964,false,4,968,962,6,0,0,962,25,3.562,0.0041,0,0
3907,69046,4.849,964,false,4,969,962,7,0,0,962,25,3.562,0.0041,0,0
3908,69057,10.534,964,false,4,969,962,7,0,0,962,24,3.562,0.0041,0,0
3909,69069,12.412,965,true,4,969,963,6,0,0,963,27,5.1288,0.0026,0,0
3910,69071,1.813,965,false,4,969,963,6,0,0,963,27,5.1288,0.0026,0,0
3911,69087,16.338,965,false,4,970,963,7,0,0,963,27,5.1288,0.0026,0,0
3912,69090,2.545,965,false,4,970,963,7,0,0,963,27,5.1288,0.0026,0,0
3913,69094,4.362,965,false,4,970,963,7,0,0,963,27,5.1288,0.0026,0,0
3914,69103,8.502,965,false,4,970,963,7,0,0,964,22,3.5007,0.0021,0,0
3915,69117,14.866,966,true,5,970,964,6,0,0,964,25,3.5007,0.0021,0,0
3916,69119,2.032,966,false,5,970,964,6,0,0,964,25,3.5007,0.0021,0,0
3917,69133,13.689,966,false,5,971,964,7,0,0,964,25,3.5007,0.0021,0,0
3918,69136,2.468,966,false,5,971,964,7,0,0,964,28,3.5007,0.0021,0,0
3919,69148,12.774,966,false,5,971,964,7,0,0,965,19,6.2505,0.002,0,0
3920,69161,13.034,967,true,4,971,965,6,0,0,965,23,6.2505,0.002,0,0
3921,69164,2.185,967,false,4,971,965,6,0,0,965,23,6.2505,0.002,0,0
3922,69179,14.569,967,false,4,971,965,6,0,0,966,23,6.2505,0.002,0,0
3923,69192,14.027,968,true,3,972,966,6,0,0,966,23,3.5009,0.0022,0,0
3924,69195,2.594,968,false,3,973,966,7,0,0,966,23,3.5009,0.0022,0,0
3925,69209,14.218,968,false,3,973,966,7,0,0,966,23,3.5009,0.0022,0,0
3926,69223,14.181,969,true,4,973,967,6,0,0,967,27,3.7463,0.0027,0,0
3927,69225,1.719,969,false,4,973,967,6,0,0,967,27,3.7463,0.0027,0,0
3928,69240,15.454,969,false,4,973,967,6,0,0,967,27,3.7463,0.0027,0,0
3929,69244,3.889,969,false,4,974,967,7,0,0,967,27,3.7463,0.0027,0,0
3930,69247,2.937,969,false,4,974,967,7,0,0,967,79,3.7463,0.0027,0,0
3931,69256,8.485,969,false,4,974,967,7,0,0,968,20,3.5934,0.0021,0,0
3932,69269,13.35,970,true,4,974,968,6,0,0,968,27,3.5934,0.0021,0,0
3933,69271,2.092,970,false,4,974,968,6,0,0,968,27,3.5934,0.0021,0,0
3934,69276,4.806,970,false,4,975,968,7,0,0,968,27,3.5934,0.0021,0,0
3935,69287,11.061,970,false,4,975,968,7,0,0,969,29,3.5934,0.0021,0,0
3936,69298,11.299,971,true,3,975,969,6,0,0,969,21,4.6375,0.0023,0,0
3937,69300,1.676,971,false,3,975,969,6,0,0,969,21,4.6375,0.0023,0,0
3938,69318,18.212,971,false,3,975,969,6,0,0,969,21,4.6375,0.0023,0,0
3939,69321,3.181,971,false,3,976,969,7,0,0,969,21,4.6375,0.0023,0,0
3940,69325,3.668,971,false,3,976,969,7,0,0,970,25,4.6375,0.0023,0,0
3941,69338,12.82,972,true,4,976,970,6,0,0,970,16,3.3762,0.003,0,0
3942,69340,2.371,972,false,4,976,970,6,0,0,970,16,3.3762,0.003,0,0
3943,69349,8.637,972,false,4,977,970,7,0,0,970,16,3.3762,0.003,0,0
3944,69353,3.745,972,false,4,977,970,7,0,0,970,25,3.3762,0.003,0,0
3945,69365,12.04,972,false,4,977,970,7,0,0,971,17,6.0133,0.0017,0,0
3946,69378,13.349,973,true,4,977,971,6,0,0,971,45,6.0133,0.0017,0,0
3947,69380,1.873,973,false,4,977,971,6,0,0,971,45,6.0133,0.0017,0,0
3948,69397,16.806,973,false,4,977,971,6,0,0,972,45,6.0133,0.0017,0,0
3949,69411,14.276,974,true,3,978,972,6,0,0,972,45,3.4513,0.0024,0,0
3950,69413,2.131,974,false,3,978,972,6,0,0,972,45,3.4513,0.0024,0,0
3951,69428,14.485,974,false,3,979,972,7,0,0,973,45,3.4513,0.0024,0,0
3952,69440,12.425,975,true,4,979,973,6,0,0,973,27,3.9992,0.0029,0,0
3953,69442,1.859,975,false,4,979,973,6,0,0,973,27,3.9992,0.0029,0,0
3954,69459,16.92,975,false,4,980,973,7,0,0,973,27,3.9992,0.0029,0,0
3955,69471,12.52,976,true,4,980,974,6,0,0,974,31,3.5597,0.0022,0,0
3956,69473,1.803,976,false,4,980,974,6,0,0,974,31,3.5597,0.0022,0,0
3957,69490,16.878,976,false,4,981,974,7,0,0,974,31,3.5597,0.0022,0,0
3958,69492,2.467,976,false,4,981,974,7,0,0,974,24,3.5597,0.0022,0,0
3959,69505,12.528,976,false,4,981,974,7,0,0,975,16,3.3468,0.0028,0,0
3960,69520,15.068,977,true,4,981,975,6,0,0,975,25,3.3468,0.0028,0,0
3961,69522,2.486,977,false,4,981,975,6,0,0,975,25,3.3468,0.0028,0,0
3962,69537,13.956,977,false,4,982,975,7,0,0,976,25,3.3468,0.0028,0,0
3963,69548,11.985,978,true,4,982,976,6,0,0,976,32,3.5751,0.0027,0,0
3964,69550,1.789,978,false,4,982,976,6,0,0,976,32,3.5751,0.0027,0,0
3965,69567,16.74,978,false,4,983,976,7,0,0,977,32,3.5751,0.0027,0,0
3966,69578,11.558,979,true,4,983,977,6,0,0,977,25,4.4894,0.0022,0,0
3967,69580,1.659,979,false,4,983,977,6,0,0,977,25,4.4894,0.0022,0,0
3968,69598,17.908,979,false,4,984,977,7,0,0,977,25,4.4894,0.0022,0,0
3969,69610,12.114,980,true,4,984,978,6,0,0,978,26,3.9841,0.0028,0,0
3970,69612,1.654,980,false,4,984,978,6,0,0,978,26,3.9841,0.0028,0,0
3971,69629,17.183,980,false,4,985,978,7,0,0,978,26,3.9841,0.0028,0,0
3972,69639,9.705,981,true,3,985,979,6,0,0,979,38,4.5588,0.0015,0,0
3973,69640,1.455,981,false,3,986,979,7,0,0,979,38,4.5588,0.0015,0,0
3974,69646,5.49,981,false,3,986,979,7,0,0,979,17,4.5588,0.0015,0,0
3975,69660,14.259,981,false,3,986,979,7,0,0,979,31,4.5588,0.0015,0,0
3976,69663,2.606,981,false,3,986,979,7,0,0,979,28,4.5588,0.0015,0,0
3977,69677,13.969,981,false,3,986,979,7,0,0,980,21,3.4476,0.0017,0,0
3978,69693,16.65,982,true,7,986,980,6,0,0,980,21,3.4476,0.0017,0,0
3979,69695,2.158,982,false,7,986,980,6,0,0,980,21,3.4476,0.0017,0,0
3980,69707,11.554,982,false,7,987,980,7,0,0,981,21,3.4841,0.002,0,0
3981,69720,12.856,983,true,4,987,981,6,0,0,981,24,3.4841,0.002,0,0
3982,69722,1.84,983,false,4,987,981,6,0,0,981,24,3.4841,0.002,0,0
3983,69739,16.96,983,false,4,987,981,6,0,0,982,24,3.4841,0.002,0,0
3984,69752,13.129,984,true,4,988,982,6,0,0,982,24,3.8292,0.0022,0,0
3985,69753,1.704,984,false,4,988,982,6,0,0,982,24,3.8292,0.0022,0,0
3986,69770,16.774,984,false,4,989,982,7,0,0,983,24,3.8292,0.0022,0,0
3987,69783,13.002,985,true,3,989,983,6,0,0,983,25,5.6007,0.0027,0,0
3988,69785,1.928,985,false,3,989,983,6,0,0,983,25,5.6007,0.0027,0,0
3989,69790,4.97,985,false,3,990,983,7,0,0,983,25,5.6007,0.0027,0,0
3990,69802,11.693,985,false,3,990,983,7,0,0,983,24,5.6007,0.0027,0,0
3991,69804,2.626,985,false,3,990,983,7,0,0,983,20,5.6007,0.0027,0,0
3992,69817,12.729,985,false,3,990,983,7,0,0,984,20,4.0428,0.0029,0,0
3993,69834,16.906,986,true,6,990,984,6,0,0,984,24,4.0428,0.0029,0,0
3994,69836,1.874,986,false,6,990,984,6,0,0,984,24,4.0428,0.0029,0,0
3995,69848,12.216,986,false,6,991,984,7,0,0,985,24,4.0428,0.0029,0,0
3996,69863,14.418,987,true,4,991,985,6,0,0,985,27,4.2172,0.0027,0,0
3997,69865,2.885,987,false,4,991,985,6,0,0,985,27,4.2172,0.0027,0,0
3998,69870,4.033,987,false,4,992,985,7,0,0,985,27,4.2172,0.0027,0,0
3999,69879,9.374,987,false,4,992,985,7,0,0,985,32,4.2172,0.0027,0,0
4000,69894,14.902,987,false,4,992,985,7,0,0,986,26,3.2241,0.0019,0,0
4001,69907,13.106,988,true,4,992,986,6,0,0,986,23,3.2241,0.0019,0,0
4002,69909,1.798,988,false,4,992,986,6,0,0,986,23,3.2241,0.0019,0,0
4003,69925,16.315,988,false,4,993,986,7,0,0,987,23,4.5504,0.0017,0,0
4004,69939,13.824,989,true,4,993,987,6,0,0,987,27,4.5504,0.0017,0,0
4005,69941,2.081,989,false,4,993,987,6,0,0,987,27,4.5504,0.0017,0,0
4006,69956,15.123,989,false,4,994,987,7,0,0,988,27,3.2895,0.0017,0,0
4007,69968,11.676,990,true,3,994,988,6,0,0,988,23,3.2895,0.0017,0,0
4008,69969,1.918,990,false,3,994,988,6,0,0,988,23,3.2895,0.0017,0,0
4009,69987,17.63,990,false,3,995,988,7,0,0,988,23,3.2895,0.0017,0,0
4010,70001,13.962,991,true,4,995,989,6,0,0,989,31,4.7196,0.0023,0,0
4011,70003,2.306,991,false,4,995,989,6,0,0,989,31,4.7196,0.0023,0,0
4012,70008,4.589,991,false,4,996,989,7,0,0,989,31,4.7196,0.0023,0,0
4013,70018,10.108,991,false,4,996,989,7,0,0,989,28,4.7196,0.0023,0,0
4014,70022,3.688,991,false,4,996,989,7,0,0,989,41,4.7196,0.0023,0,0
4015,70033,11.407,991,false,4,996,989,7,0,0,990,19,3.6577,0.0031,0,0
4016,70046,13.067,992,true,4,996,990,6,0,0,990,24,3.6577,0.0031,0,0
4017,70048,2.213,992,false,4,996,990,6,0,0,990,24,3.6577,0.0031,0,0
4018,70064,15.734,992,false,4,996,990,6,0,0,991,24,3.6577,0.0031,0,0
4019,70078,13.412,993,true,4,997,991,6,0,0,991,24,3.6803,0.0021,0,0
4020,70080,1.931,993,false,4,997,991,6,0,0,991,24,3.6803,0.0021,0,0
4021,70097,16.784,993,false,4,998,991,7,0,0,992,24,3.6803,0.0021,0,0
4022,70116,19.306,994,true,9,998,992,6,0,0,992,25,3.985,0.0022,0,0
4023,70119,3.352,994,false,9,999,992,7,0,0,992,25,3.985,0.0022,0,0
4024,70123,3.52,994,false,9,999,992,7,0,0,992,24,3.985,0.0022,0,0
4025,70143,20.591,994,false,9,999,992,7,0,0,993,18,4.1517,0.0025,0,0
4026,70160,17.196,995,true,7,999,993,6,0,0,993,31,4.1517,0.0025,0,0
4027,70162,1.868,995,false,7,999,993,6,0,0,993,31,4.1517,0.0025,0,0
4028,70174,11.986,995,false,7,1000,993,7,0,0,994,31,3.9292,0.0018,0,0
4029,70186,11.924,996,true,3,1000,994,6,0,0,994,23,3.9292,0.0018,0,0
4030,70189,2.638,996,false,3,1000,994,6,0,0,994,23,3.9292,0.0018,0,0
4031,70193,4.251,996,false,3,1001,994,7,0,0,994,23,3.9292,0.0018,0,0
4032,70206,12.479,996,false,3,1001,994,7,0,0,995,25,3.9292,0.0018,0,0
4033,70219,13.163,997,true,4,1001,995,6,0,0,995,30,6.2846,0.0023,0,0
4034,70221,2.347,997,false,4,1002,995,7,0,0,995,30,6.2846,0.0023,0,0
4035,70226,4.552,997,false,4,1002,995,7,0,0,995,32,6.2846,0.0023,0,0
4036,70237,11.002,997,false,4,1002,995,7,0,0,996,21,6.2846,0.0023,0,0
4037,70251,14.645,998,true,4,1002,996,6,0,0,996,27,3.9959,0.0024,0,0
4038,70254,3.092,998,false,4,1002,996,6,0,0,996,27,3.9959,0.0024,0,0
4039,70258,3.77,998,false,4,1002,996,6,0,0,996,27,3.9959,0.0024,0,0
4040,70267,9.252,998,false,4,1003,996,7,0,0,996,27,3.9959,0.0024,0,0
4041,70283,15.191,998,false,4,1003,996,7,0,0,997,29,3.4383,0.0024,0,0
4042,70297,15,999,true,4,1003,997,6,0,0,997,34,3.4383,0.0024,0,0
4043,70299,2.002,999,false,4,1003,997,6,0,0,997,34,3.4383,0.0024,0,0
4044,70317,17.245,1000,true,3,1004,998,6,0,0,998,34,3.2282,0.002,0,0
4045,70319,1.853,1000,false,3,1004,998,6,0,0,998,34,3.2282,0.002,0,0
4046,70329,10.323,1000,false,3,1004,998,6,0,0,998,34,3.2282,0.002,0,0
4047,70331,2.314,1000,false,3,1005,998,7,0,0,998,34,3.2282,0.002,0,0
4048,70345,13.127,1000,false,3,1005,998,7,0,0,999,24,3.2968,0.0017,0,0
4049,70358,14.119,1001,true,4,1005,999,6,0,0,999,25,3.2968,0.0017,0,0
4050,70360,1.791,1001,false,4,1005,999,6,0,0,999,25,3.2968,0.0017,0,0
4051,70375,14.943,1001,false,4,1006,999,7,0,0,1000,25,3.6034,0.002,0,0
4052,70386,11.091,1002,true,3,1006,1000,6,0,0,1000,23,3.6034,0.002,0,0
4053,70387,1.242,1002,false,3,1006,1000,6,0,0,1000,23,3.6034,0.002,0,0
4054,70406,18.693,1002,false,3,1007,1000,7,0,0,1001,23,3.6034,0.002,0,0
4055,70420,13.468,1003,true,4,1007,1001,6,0,0,1001,28,5.4581,0.0024,0,0
4056,70421,1.798,1003,false,4,1007,1001,6,0,0,1001,28,5.4581,0.0024,0,0
4057,70427,5.098,1003,false,4,1008,1001,7,0,0,1001,28,5.4581,0.0024,0,0
4058,70438,11.355,1003,false,4,1008,1001,7,0,0,1001,22,5.4581,0.0024,0,0
4059,70451,12.985,1004,true,4,1008,1002,6,0,0,1002,56,3.2501,0.0022,0,0
4060,70453,1.778,1004,false,4,1008,1002,6,0,0,1002,56,3.2501,0.0022,0,0
4061,70470,16.862,1004,false,4,1009,1002,7,0,0,1002,56,3.2501,0.0022,0,0
4062,70473,3.118,1004,false,4,1009,1002,7,0,0,1003,29,3.2501,0.0022,0,0
4063,70485,12.277,1005,true,4,1009,1003,6,0,0,1003,19,4.6465,0.0022,0,0
4064,70487,2.462,1005,false,4,1009,1003,6,0,0,1003,19,4.6465,0.0022,0,0
4065,70501,13.306,1005,false,4,1009,1003,6,0,0,1003,19,4.6465,0.0022,0,0
4066,70504,3.612,1005,false,4,1010,1003,7,0,0,1003,19,4.6465,0.0022,0,0
4067,70508,3.218,1005,false,4,1010,1003,7,0,0,1003,27,4.6465,0.0022,0,0
4068,70520,12.33,1006,true,4,1010,1004,6,0,0,1004,21,3.3857,0.0022,0,0
4069,70522,1.807,1006,false,4,1010,1004,6,0,0,1004,21,3.3857,0.0022,0,0
4070,70532,9.773,1006,false,4,1011,1004,7,0,0,1004,21,3.3857,0.0022,0,0
4071,70535,3.654,1006,false,4,1011,1004,7,0,0,1004,31,3.3857,0.0022,0,0
4072,70547,11.698,1006,false,4,1011,1004,7,0,0,1005,17,3.3857,0.0022,0,0
4073,70560,12.964,1007,true,4,1011,1005,6,0,0,1005,22,3.9186,0.002,0,0
4074,70562,1.808,1007,false,4,1011,1005,6,0,0,1005,22,3.9186,0.002,0,0
4075,70567,5.092,1007,false,4,1012,1005,7,0,0,1005,22,3.9186,0.002,0,0
4076,70578,10.84,1007,false,4,1012,1005,7,0,0,1005,25,3.9186,0.002,0,0
4077,70591,13.233,1008,true,4,1012,1006,6,0,0,1006,23,3.8361,0.002,0,0
4078,70593,1.856,1008,false,4,1012,1006,6,0,0,1006,23,3.8361,0.002,0,0
4079,70608,15.497,1008,false,4,1012,1006,6,0,0,1006,23,3.8361,0.002,0,0
4080,70611,2.988,1008,false,4,1013,1006,7,0,0,1007,23,3.8361,0.002,0,0
4081,70623,12.149,1009,true,3,1013,1007,6,0,0,1007,23,4.9118,0.0026,0,0
4082,70626,2.692,1009,false,3,1013,1007,6,0,0,1007,23,4.9118,0.0026,0,0
4083,70630,4.208,1009,false,3,1014,1007,7,0,0,1007,23,4.9118,0.0026,0,0
4084,70639,9.242,1009,false,3,1014,1007,7,0,0,1007,24,4.9118,0.0026,0,0
4085,70655,15.482,1009,false,3,1014,1007,7,0,0,1008,21,4.5162,0.0028,0,0
4086,70667,11.903,1010,true,4,1014,1008,6,0,0,1008,21,4.5162,0.0028,0,0
4087,70668,1.746,1010,false,4,1014,1008,6,0,0,1008,21,4.5162,0.0028,0,0
4088,70686,17.442,1010,false,4,1014,1008,6,0,0,1009,21,3.6136,0.0029,0,0
4089,70699,12.881,1011,true,3,1015,1009,6,0,0,1009,21,3.6136,0.0029,0,0
4090,70700,1.691,1011,false,3,1015,1009,6,0,0,1009,21,3.6136,0.0029,0,0
4091,70706,5.183,1011,false,3,1016,1009,7,0,0,1009,21,3.6136,0.0029,0,0
4092,70718,11.745,1011,false,3,1016,1009,7,0,0,1010,23,3.6136,0.0029,0,0
4093,70729,11.919,1012,true,4,1016,1010,6,0,0,1010,21,5.4316,0.0024,0,0
4094,70731,1.654,1012,false,4,1016,1010,6,0,0,1010,21,5.4316,0.0024,0,0
4095,70749,17.847,1012,false,4,1017,1010,7,0,0,1010,21,5.4316,0.0024,0,0
4096,70762,13.16,1013,true,4,1017,1011,6,0,0,1011,31,5.524,0.0028,0,0
4097,70764,1.688,1013,false,4,1017,1011,6,0,0,1011,31,5.524,0.0028,0,0
4098,70780,16.222,1013,false,4,1018,1011,7,0,0,1011,31,5.524,0.0028,0,0
4099,70782,2.544,1013,false,4,1018,1011,7,0,0,1011,27,5.524,0.0028,0,0
4100,70795,12.851,1013,false,4,1018,1011,7,0,0,1012,16,3.2595,0.0016,0,0
4101,70809,14.028,1014,true,4,1018,1012,6,0,0,1012,22,3.2595,0.0016,0,0
4102,70812,2.321,1014,false,4,1018,1012,6,0,0,1012,22,3.2595,0.0016,0,0
4103,70816,4.567,1014,false,4,1019,1012,7,0,0,1012,22,3.2595,0.0016,0,0
4104,70827,10.235,1014,false,4,1019,1012,7,0,0,1013,24,4.4149,0.0018,0,0
4105,70839,12.917,1015,true,4,1019,1013,6,0,0,1013,36,4.4149,0.0018,0,0
4106,70842,2.764,1015,false,4,1019,1013,6,0,0,1013,36,4.4149,0.0018,0,0
4107,70846,4.142,1015,false,4,1020,1013,7,0,0,1013,36,4.4149,0.0018,0,0
4108,70857,10.893,1015,false,4,1020,1013,7,0,0,1014,30,3.3285,0.0022,0,0
4109,70870,12.543,1016,true,4,1020,1014,6,0,0,1014,21,3.3285,0.0022,0,0
4110,70872,1.99,1016,false,4,1020,1014,6,0,0,1014,21,3.3285,0.0022,0,0
4111,70888,16.014,1016,false,4,1021,1014,7,0,0,1015,21,3.3285,0.0022,0,0
4112,70900,12.513,1017,true,3,1021,1015,6,0,0,1015,26,3.6082,0.0022,0,0
4113,70902,1.71,1017,false,3,1021,1015,6,0,0,1015,26,3.6082,0.0022,0,0
4114,70918,16.099,1017,false,3,1022,1015,7,0,0,1015,26,3.6082,0.0022,0,0
4115,70930,11.801,1018,true,4,1022,1016,6,0,0,1016,25,3.2334,0.0021,0,0
4116,70932,1.673,1018,false,4,1022,1016,6,0,0,1016,25,3.2334,0.0021,0,0
4117,70950,17.982,1018,false,4,1022,1016,6,0,0,1016,25,3.2334,0.0021,0,0
4118,70965,15.365,1019,true,3,1023,1017,6,0,0,1017,25,4.0212,0.0029,0,0
4119,70968,2.84,1019,false,3,1023,1017,6,0,0,1017,25,4.0212,0.0029,0,0
4120,70972,4.045,1019,false,3,1024,1017,7,0,0,1017,25,4.0212,0.0029,0,0
4121,70981,9.076,1019,false,3,1024,1017,7,0,0,1017,24,4.0212,0.0029,0,0
4122,70996,15.185,1019,false,3,1024,1017,7,0,0,1018,22,3.5347,0.0036,0,0
4123,71009,12.554,1020,true,4,1024,1018,6,0,0,1018,126,3.5347,0.0036,0,0
4124,71010,1.764,1020,false,4,1024,1018,6,0,0,1018,126,3.5347,0.0036,0,0
4125,71028,17.715,1020,false,4,1025,1018,7,0,0,1019,126,3.5347,0.0036,0,0
4126,71041,12.499,1021,true,4,1025,1019,6,0,0,1019,29,7.5656,0.0025,0,0
4127,71043,2.015,1021,false,4,1025,1019,6,0,0,1019,29,7.5656,0.0025,0,0
4128,71059,15.852,1021,false,4,1026,1019,7,0,0,1019,29,7.5656,0.0025,0,0
4129,71061,2.538,1021,false,4,1026,1019,7,0,0,1019,30,7.5656,0.0025,0,0
4130,71075,13.527,1021,false,4,1026,1019,7,0,0,1020,17,4.0072,0.0024,0,0
4131,71096,21.396,1022,true,9,1026,1020,6,0,0,1020,31,4.0072,0.0024,0,0
4132,71109,13.211,1023,true,3,1027,1021,6,0,0,1021,31,3.643,0.0023,0,0
4133,71111,2.246,1023,false,3,1027,1021,6,0,0,1021,31,3.643,0.0023,0,0
4134,71120,7.98,1023,false,3,1028,1021,7,0,0,1021,31,3.643,0.0023,0,0
4135,71123,3.542,1023,false,3,1028,1021,7,0,0,1021,29,3.643,0.0023,0,0
4136,71135,11.905,1023,false,3,1028,1021,7,0,0,1022,17,3.7775,0.0024,0,0
4137,71147,12.022,1024,true,3,1028,1022,6,0,0,1022,28,3.7775,0.0024,0,0
4138,71149,2.264,1024,false,3,1029,1022,7,0,0,1022,28,3.7775,0.0024,0,0
4139,71166,16.485,1024,false,3,1029,1022,7,0,0,1023,20,3.7775,0.0024,0,0
4140,71178,12.95,1025,true,3,1029,1023,6,0,0,1023,28,3.684,0.0023,0,0
4141,71181,2.184,1025,false,3,1029,1023,6,0,0,1023,28,3.684,0.0023,0,0
4142,71196,15.038,1025,false,3,1030,1023,7,0,0,1023,28,3.684,0.0023,0,0
4143,71200,3.912,1025,false,3,1030,1023,7,0,0,1024,49,3.684,0.0023,0,0
4144,71212,11.893,1026,true,4,1030,1024,6,0,0,1024,16,3.5002,0.0021,0,0
4145,71214,2.58,1026,false,4,1030,1024,6,0,0,1024,16,3.5002,0.0021,0,0
4146,71219,4.312,1026,false,4,1030,1024,6,0,0,1024,16,3.5002,0.0021,0,0
4147,71227,8.258,1026,false,4,1031,1024,7,0,0,1024,16,3.5002,0.0021,0,0
4148,71242,15.01,1026,false,4,1031,1024,7,0,0,1025,28,4.4335,0.0027,0,0
4149,71255,12.771,1027,true,4,1031,1025,6,0,0,1025,48,4.4335,0.0027,0,0
4150,71256,1.936,1027,false,4,1031,1025,6,0,0,1025,48,4.4335,0.0027,0,0
4151,71273,16.52,1027,false,4,1031,1025,6,0,0,1026,48,4.4335,0.0027,0,0
4152,71287,14.111,1028,true,4,1032,1026,6,0,0,1026,48,3.478,0.0022,0,0
4153,71289,2.298,1028,false,4,1032,1026,6,0,0,1026,48,3.478,0.0022,0,0
4154,71304,14.876,1028,false,4,1033,1026,7,0,0,1027,48,3.478,0.0022,0,0
4155,71318,14.056,1029,true,4,1033,1027,6,0,0,1027,29,4.5162,0.0024,0,0
4156,71321,2.299,1029,false,4,1033,1027,6,0,0,1027,29,4.5162,0.0024,0,0
4157,71335,14.1,1029,false,4,1034,1027,7,0,0,1027,29,4.5162,0.0024,0,0
4158,71349,14.214,1030,true,4,1034,1028,6,0,0,1028,30,3.5825,0.0024,0,0
4159,71351,2.525,1030,false,4,1034,1028,6,0,0,1028,30,3.5825,0.0024,0,0
4160,71356,4.365,1030,false,4,1035,1028,7,0,0,1028,30,3.5825,0.0024,0,0
4161,71366,10.506,1030,false,4,1035,1028,7,0,0,1028,28,3.5825,0.0024,0,0
4162,71370,3.299,1030,false,4,1035,1028,7,0,0,1029,27,3.5825,0.0024,0,0
4163,71381,11.639,1031,true,3,1035,1029,6,0,0,1029,21,3.4234,0.002,0,0
4164,71384,2.427,1031,false,3,1035,1029,6,0,0,1029,21,3.4234,0.002,0,0
4165,71397,13.491,1031,false,3,1036,1029,7,0,0,1029,21,3.4234,0.002,0,0
4166,71399,2.323,1031,false,3,1036,1029,7,0,0,1029,25,3.4234,0.002,0,0
4167,71404,4.583,1031,false,3,1036,1029,7,0,0,1030,20,3.4234,0.002,0,0
4168,71416,11.624,1032,true,3,1036,1030,6,0,0,1030,17,3.2971,0.0021,0,0
4169,71418,2.174,1032,false,3,1036,1030,6,0,0,1030,17,3.2971,0.0021,0,0
4170,71428,9.916,1032,false,3,1036,1030,6,0,0,1030,17,3.2971,0.0021,0,0
4171,71432,3.89,1032,false,3,1037,1030,7,0,0,1030,17,3.2971,0.0021,0,0
4172,71443,11.099,1032,false,3,1037,1030,7,0,0,1031,27,3.2971,0.0021,0,0
4173,71455,12.579,1033,true,4,1037,1031,6,0,0,1031,26,6.4658,0.0026,0,0
4174,71457,1.689,1033,false,4,1037,1031,6,0,0,1031,26,6.4658,0.0026,0,0
4175,71475,17.177,1033,false,4,1038,1031,7,0,0,1031,26,6.4658,0.0026,0,0
4176,71486,11.997,1034,true,3,1038,1032,6,0,0,1032,30,3.4336,0.0027,0,0
4177,71488,1.663,1034,false,3,1038,1032,6,0,0,1032,30,3.4336,0.0027,0,0
4178,71506,17.441,1034,false,3,1038,1032,6,0,0,1032,30,3.4336,0.0027,0,0
4179,71518,12.83,1035,true,4,1039,1033,6,0,0,1033,30,3.4955,0.0022,0,0
4180,71520,1.776,1035,false,4,1039,1033,6,0,0,1033,30,3.4955,0.0022,0,0
4181,71537,16.899,1035,false,4,1040,1033,7,0,0,1033,30,3.4955,0.0022,0,0
4182,71540,2.719,1035,false,4,1040,1033,7,0,0,1033,32,3.4955,0.0022,0,0
4183,71544,4.119,1035,false,4,1040,1033,7,0,0,1034,28,3.4955,0.0022,0,0
4184,71557,13.338,1036,true,3,1040,1034,6,0,0,1034,18,5.1839,0.0025,0,0
4185,71559,1.932,1036,false,3,1040,1034,6,0,0,1034,18,5.1839,0.0025,0,0
4186,71567,8.128,1036,false,3,1041,1034,7,0,0,1034,18,5.1839,0.0025,0,0
4187,71571,4.205,1036,false,3,1041,1034,7,0,0,1034,29,5.1839,0.0025,0,0
4188,71583,11.432,1036,false,3,1041,1034,7,0,0,1035,17,5.1839,0.0025,0,0
4189,71594,11.618,1037,true,4,1041,1035,6,0,0,1035,21,5.0968,0.0022,0,0
4190,71596,1.768,1037,false,4,1041,1035,6,0,0,1035,21,5.0968,0.0022,0,0
4191,71614,18.031,1037,false,4,1041,1035,6,0,0,1035,21,5.0968,0.0022,0,0
4192,71628,14.162,1038,true,4,1042,1036,6,0,0,1036,21,4.0266,0.0027,0,0
4193,71632,3.337,1038,false,4,1043,1036,7,0,0,1036,21,4.0266,0.0027,0,0
4194,71635,3.558,1038,false,4,1043,1036,7,0,0,1036,22,4.0266,0.0027,0,0
4195,71645,9.452,1038,false,4,1043,1036,7,0,0,1036,18,4.0266,0.0027,0,0
4196,71649,4.341,1038,false,4,1043,1036,7,0,0,1036,25,4.0266,0.0027,0,0
4197,71660,11.022,1038,false,4,1043,1036,7,0,0,1037,18,4.7944,0.0033,0,0
4198,71672,12.503,1039,true,4,1043,1037,6,0,0,1037,19,4.7944,0.0033,0,0
4199,71674,1.883,1039,false,4,1043,1037,6,0,0,1037,19,4.7944,0.0033,0,0
4200,71691,16.529,1039,false,4,1043,1037,6,0,0,1038,19,3.4703,0.002,0,0
4201,71704,13.248,1040,true,3,1044,1038,6,0,0,1038,19,3.4703,0.002,0,0
4202,71706,2.061,1040,false,3,1044,1038,6,0,0,1038,19,3.4703,0.002,0,0
4203,71711,4.833,1040,false,3,1045,1038,7,0,0,1038,19,3.4703,0.002,0,0
4204,71721,10.238,1040,false,3,1045,1038,7,0,0,1039,23,3.4703,0.002,0,0
4205,71735,13.927,1041,true,4,1045,1039,6,0,0,1039,23,4.0467,0.0023,0,0
4206,71737,1.687,1041,false,4,1045,1039,6,0,0,1039,23,4.0467,0.0023,0,0
4207,71742,5.216,1041,false,4,1046,1039,7,0,0,1039,23,4.0467,0.0023,0,0
4208,71753,11.204,1041,false,4,1046,1039,7,0,0,1039,29,4.0467,0.0023,0,0
4209,71766,12.814,1042,true,4,1046,1040,6,0,0,1040,94,3.5284,0.0029,0,0
4210,71768,1.737,1042,false,4,1046,1040,6,0,0,1040,94,3.5284,0.0029,0,0
4211,71784,16.08,1042,false,4,1046,1040,6,0,0,1040,94,3.5284,0.0029,0,0
4212,71787,2.997,1042,false,4,1047,1040,7,0,0,1041,94,3.5284,0.0029,0,0
4213,71798,11.109,1043,true,3,1047,1041,6,0,0,1041,24,3.2601,0.0016,0,0
4214,71800,2.023,1043,false,3,1047,1041,6,0,0,1041,24,3.2601,0.0016,0,0
4215,71815,14.976,1043,false,3,1048,1041,7,0,0,1041,24,3.2601,0.0016,0,0
4216,71817,2.284,1043,false,3,1048,1041,7,0,0,1041,26,3.2601,0.0016,0,0
4217,71829,11.547,1044,true,4,1048,1042,6,0,0,1042,16,3.3782,0.0023,0,0
4218,71830,1.645,1044,false,4,1048,1042,6,0,0,1042,16,3.3782,0.0023,0,0
4219,71847,15.941,1044,false,4,1048,1042,6,0,0,1042,16,3.3782,0.0023,0,0
4220,71860,13.334,1045,true,3,1049,1043,6,0,0,1043,16,3.3782,0.0023,0,0
4221,71868,8.332,1045,false,3,1049,1043,6,0,0,1043,23,6.592,0.0017,0,0
4222,71870,1.9,1045,false,3,1049,1043,6,0,0,1043,23,6.592,0.0017,0,0
4223,71878,7.548,1045,false,3,1050,1043,7,0,0,1043,23,6.592,0.0017,0,0
4224,71893,14.996,1045,false,3,1050,1043,7,0,0,1044,32,6.592,0.0017,0,0
4225,71905,12.88,1046,true,3,1050,1044,6,0,0,1044,50,3.8585,0.0031,0,0
4226,71908,1.905,1046,false,3,1050,1044,6,0,0,1044,50,3.8585,0.0031,0,0
4227,71923,15.766,1046,false,3,1051,1044,7,0,0,1045,50,3.8585,0.0031,0,0
4228,71935,12.16,1047,true,4,1051,1045,6,0,0,1045,29,4.4173,0.002,0,0
4229,71937,1.86,1047,false,4,1051,1045,6,0,0,1045,29,4.4173,0.002,0,0
4230,71956,18.299,1047,false,4,1052,1045,7,0,0,1045,29,4.4173,0.002,0,0
4231,71967,12.086,1048,true,3,1052,1046,6,0,0,1046,34,3.9273,0.0034,0,0
4232,71969,1.817,1048,false,3,1052,1046,6,0,0,1046,34,3.9273,0.0034,0,0
4233,71974,5.088,1048,false,3,1053,1046,7,0,0,1046,34,3.9273,0.0034,0,0
4234,71986,11.556,1048,false,3,1053,1046,7,0,0,1046,24,3.9273,0.0034,0,0
4235,71988,2.233,1048,false,3,1053,1046,7,0,0,1046,26,3.9273,0.0034,0,0
4236,72002,13.503,1048,false,3,1053,1046,7,0,0,1047,16,3.4306,0.0023,0,0
4237,72018,16.145,1049,true,4,1053,1047,6,0,0,1047,24,3.4306,0.0023,0,0
4238,72020,1.973,1049,false,4,1053,1047,6,0,0,1047,24,3.4306,0.0023,0,0
4239,72032,12.298,1049,false,4,1054,1047,7,0,0,1048,24,3.4096,0.0024,0,0
4240,72044,12.313,1050,true,4,1054,1048,6,0,0,1048,23,3.4096,0.0024,0,0
4241,72046,1.729,1050,false,4,1054,1048,6,0,0,1048,23,3.4096,0.0024,0,0
4242,72064,17.08,1050,false,4,1054,1048,6,0,0,1049,23,4.7719,0.0027,0,0
4243,72076,13.144,1051,true,4,1055,1049,6,0,0,1049,23,4.7719,0.0027,0,0
4244,72079,2.186,1051,false,4,1056,1049,7,0,0,1049,23,4.7719,0.0027,0,0
4245,72094,15.76,1051,false,4,1056,1049,7,0,0,1049,58,4.7719,0.0027,0,0
4246,72107,12.577,1052,true,4,1056,1050,6,0,0,1050,33,3.7166,0.0023,0,0
4247,72109,1.824,1052,false,4,1056,1050,6,0,0,1050,33,3.7166,0.0023,0,0
4248,72125,16.499,1052,false,4,1057,1050,7,0,0,1050,33,3.7166,0.0023,0,0
4249,72128,3.131,1052,false,4,1057,1050,7,0,0,1050,30,3.7166,0.0023,0,0
4250,72132,3.699,1052,false,4,1057,1050,7,0,0,1050,17,3.7166,0.0023,0,0
4251,72141,8.88,1052,false,4,1057,1050,7,0,0,1051,17,3.7166,0.0023,0,0
4252,72153,11.685,1053,true,3,1057,1051,6,0,0,1051,21,5.247,0.002,0,0
4253,72154,1.745,1053,false,3,1057,1051,6,0,0,1051,21,5.247,0.002,0,0
4254,72172,16.941,1053,false,3,1057,1051,6,0,0,1051,21,5.247,0.002,0,0
4255,72184,12.395,1054,true,3,1058,1052,6,0,0,1052,21,3.7483,0.0026,0,0
4256,72186,1.863,1054,false,3,1058,1052,6,0,0,1052,21,3.7483,0.0026,0,0
4257,72203,16.655,1054,false,3,1059,1052,7,0,0,1052,21,3.7483,0.0026,0,0
4258,72205,2.905,1054,false,3,1059,1052,7,0,0,1052,31,3.7483,0.0026,0,0
4259,72217,12.158,1054,false,3,1059,1052,7,0,0,1053,18,3.2675,0.0019,0,0
4260,72229,12.009,1055,true,3,1059,1053,6,0,0,1053,23,3.2675,0.0019,0,0
4261,72231,1.724,1055,false,3,1059,1053,6,0,0,1053,23,3.2675,0.0019,0,0
4262,72248,17.173,1055,false,3,1060,1053,7,0,0,1054,23,3.4141,0.0024,0,0
4263,72262,14.168,1056,true,4,1060,1054,6,0,0,1054,29,3.4141,0.0024,0,0
4264,72265,2.41,1056,false,4,1060,1054,6,0,0,1054,29,3.4141,0.0024,0,0
4265,72279,13.829,1056,false,4,1061,1054,7,0,0,1055,29,3.4141,0.0024,0,0
4266,72291,12.738,1057,true,3,1061,1055,6,0,0,1055,28,5.429,0.0024,0,0
4267,72293,1.782,1057,false,3,1061,1055,6,0,0,1055,28,5.429,0.0024,0,0
4268,72310,16.425,1057,false,3,1062,1055,7,0,0,1056,28,5.429,0.0024,0,0
4269,72322,12.131,1058,true,4,1062,1056,6,0,0,1056,28,3.5066,0.0021,0,0
4270,72323,1.862,1058,false,4,1062,1056,6,0,0,1056,28,3.5066,0.0021,0,0
4271,72341,16.866,1058,false,4,1063,1056,7,0,0,1056,28,3.5066,0.0021,0,0
4272,72353,12.37,1059,true,4,1063,1057,6,0,0,1057,28,3.2958,0.0019,0,0
4273,72355,1.887,1059,false,4,1063,1057,6,0,0,1057,28,3.2958,0.0019,0,0
4274,72371,16.368,1059,false,4,1064,1057,7,0,0,1057,28,3.2958,0.0019,0,0
4275,72383,12.299,1060,true,4,1064,1058,6,0,0,1058,31,3.2812,0.002,0,0
4276,72385,1.819,1060,false,4,1064,1058,6,0,0,1058,31,3.2812,0.002,0,0
4277,72402,16.243,1060,false,4,1065,1058,7,0,0,1058,31,3.2812,0.002,0,0
4278,72404,2.471,1060,false,4,1065,1058,7,0,0,1058,29,3.2812,0.002,0,0
4279,72417,12.367,1060,false,4,1065,1058,7,0,0,1059,15,4.5744,0.0021,0,0
4280,72595,179.12,1061,true,4,1065,1063,2,0,0,1063,24,3.2867,0.0022,0,0
4281,72609,13.605,1061,false,4,1067,1063,4,0,0,1063,24,3.7002,0.0019,0,0
4282,72616,7.489,1061,false,4,1068,1063,5,0,0,1063,24,3.7002,0.0019,0,0
4283,72618,1.84,1061,false,4,1068,1063,5,0,0,1063,24,3.7002,0.0019,0,0
4284,72631,12.386,1061,false,4,1068,1063,5,0,0,1064,24,3.3902,0.0019,0,0
4285,72643,12.75,1062,true,3,1069,1064,5,0,0,1064,24,3.3902,0.0019,0,0
4286,72645,1.721,1062,false,3,1069,1064,5,0,0,1064,24,3.3902,0.0019,0,0
4287,72654,8.561,1062,false,3,1070,1064,6,0,0,1064,24,3.3902,0.0019,0,0
4288,72657,3.501,1062,false,3,1070,1064,6,0,0,1064,24,3.3902,0.0019,0,0
4289,72664,6.881,1063,true,4,1070,1065,5,0,0,1065,24,3.3674,0.0016,0,0
4290,72678,13.437,1063,false,4,1070,1065,5,0,0,1065,24,3.3674,0.0016,0,0
4291,72686,8.448,1063,false,4,1071,1065,6,0,0,1065,24,3.3674,0.0016,0,0
4292,72688,1.866,1063,false,4,1071,1065,6,0,0,1065,24,3.3674,0.0016,0,0
4293,72693,5.078,1063,false,4,1072,1065,7,0,0,1066,24,3.3674,0.0016,0,0
4294,72706,12.74,1064,true,4,1072,1066,6,0,0,1066,27,3.6375,0.0023,0,0
4295,72708,1.758,1064,false,4,1072,1066,6,0,0,1066,27,3.6375,0.0023,0,0
4296,72724,16.378,1064,false,4,1072,1066,6,0,0,1066,27,3.6375,0.0023,0,0
4297,72732,8.305,1065,true,4,1073,1067,6,0,0,1067,27,3.6375,0.0023,0,0
4298,72740,8.106,1065,false,4,1073,1067,6,0,0,1067,26,6.1608,0.0023,0,0
4299,72743,2.33,1065,false,4,1073,1067,6,0,0,1067,26,6.1608,0.0023,0,0
4300,72747,4.566,1065,false,4,1074,1067,7,0,0,1067,26,6.1608,0.0023,0,0
4301,72754,6.984,1065,false,4,1074,1067,7,0,0,1067,22,6.1608,0.0023,0,0
4302,72770,15.491,1065,false,4,1074,1067,7,0,0,1068,26,3.2922,0.0018,0,0
4303,72781,11.709,1066,true,3,1074,1068,6,0,0,1068,84,3.2922,0.0018,0,0
4304,72783,1.779,1066,false,3,1074,1068,6,0,0,1068,84,3.2922,0.0018,0,0
4305,72801,17.693,1066,false,3,1075,1068,7,0,0,1069,84,3.2922,0.0018,0,0
4306,72813,12.218,1067,true,3,1075,1069,6,0,0,1069,30,3.6728,0.0023,0,0
4307,72815,1.799,1067,false,3,1075,1069,6,0,0,1069,30,3.6728,0.0023,0,0
4308,72833,17.854,1067,false,3,1076,1069,7,0,0,1070,30,3.6728,0.0023,0,0
4309,72847,13.869,1068,true,3,1076,1070,6,0,0,1070,27,4.0576,0.0022,0,0
4310,72849,2.858,1068,false,3,1076,1070,6,0,0,1070,27,4.0576,0.0022,0,0
4311,72852,2.791,1068,false,3,1077,1070,7,0,0,1070,27,4.0576,0.0022,0,0
4312,72863,10.922,1068,false,3,1077,1070,7,0,0,1070,22,4.0576,0.0022,0,0
4313,72878,14.999,1069,true,3,1077,1071,6,0,0,1071,22,3.3843,0.0017,0,0
4314,72880,2.4,1069,false,3,1077,1071,6,0,0,1071,22,3.3843,0.0017,0,0
4315,72885,4.531,1069,false,3,1078,1071,7,0,0,1071,22,3.3843,0.0017,0,0
4316,72895,9.595,1069,false,3,1078,1071,7,0,0,1071,25,3.3843,0.0017,0,0
4317,72899,4.141,1069,false,3,1078,1071,7,0,0,1072,24,3.3843,0.0017,0,0
4318,72912,13.12,1070,true,4,1078,1072,6,0,0,1072,26,4.7317,0.0025,0,0
4319,72914,1.781,1070,false,4,1078,1072,6,0,0,1072,26,4.7317,0.0025,0,0
4320,72925,11.211,1070,false,4,1078,1072,6,0,0,1072,26,4.7317,0.0025,0,0
4321,72927,2.407,1070,false,4,1079,1072,7,0,0,1072,26,4.7317,0.0025,0,0
4322,72940,12.894,1070,false,4,1079,1072,7,0,0,1073,23,4.77,0.0022,0,0
4323,72953,12.398,1071,true,4,1079,1073,6,0,0,1073,27,4.77,0.0022,0,0
4324,72955,2.117,1071,false,4,1079,1073,6,0,0,1073,27,4.77,0.0022,0,0
4325,72971,16.538,1071,false,4,1080,1073,7,0,0,1074,27,3.2093,0.0023,0,0
4326,72983,11.758,1072,true,3,1080,1074,6,0,0,1074,23,3.2093,0.0023,0,0
4327,72985,1.662,1072,false,3,1080,1074,6,0,0,1074,23,3.2093,0.0023,0,0
4328,73001,16.412,1072,false,3,1081,1074,7,0,0,1074,23,3.2093,0.0023,0,0
4329,73013,12.223,1073,true,3,1081,1075,6,0,0,1075,30,5.1847,0.0024,0,0
4330,73016,2.114,1073,false,3,1081,1075,6,0,0,1075,30,5.1847,0.0024,0,0
4331,73031,15.618,1073,false,3,1082,1075,7,0,0,1075,30,5.1847,0.0024,0,0
4332,73033,2.423,1073,false,3,1082,1075,7,0,0,1075,27,5.1847,0.0024,0,0
4333,73046,12.581,1073,false,3,1082,1075,7,0,0,1076,18,4.0705,0.0017,0,0
4334,73058,12.205,1074,true,4,1082,1076,6,0,0,1076,22,4.0705,0.0017,0,0
4335,73060,2.1,1074,false,4,1082,1076,6,0,0,1076,22,4.0705,0.0017,0,0
4336,73077,16.395,1074,false,4,1083,1076,7,0,0,1077,22,3.3032,0.0017,0,0
4337,73089,12.619,1075,true,4,1083,1077,6,0,0,1077,29,3.3032,0.0017,0,0
4338,73091,1.916,1075,false,4,1083,1077,6,0,0,1077,29,3.3032,0.0017,0,0
4339,73108,16.368,1075,false,4,1084,1077,7,0,0,1077,29,3.3032,0.0017,0,0
4340,73120,12.077,1076,true,3,1084,1078,6,0,0,1078,27,3.9382,0.0019,0,0
4341,73121,1.766,1076,false,3,1084,1078,6,0,0,1078,27,3.9382,0.0019,0,0
4342,73138,16.514,1076,false,3,1085,1078,7,0,0,1078,27,3.9382,0.0019,0,0
4343,73141,2.977,1076,false,3,1085,1078,7,0,0,1078,28,3.9382,0.0019,0,0
4344,73145,3.858,1076,false,3,1085,1078,7,0,0,1079,38,3.9382,0.0019,0,0
4345,73157,12.605,1077,true,3,1085,1079,6,0,0,1079,18,5.0764,0.0018,0,0
4346,73159,1.823,1077,false,3,1085,1079,6,0,0,1079,18,5.0764,0.0018,0,0
4347,73170,10.248,1077,false,3,1085,1079,6,0,0,1079,18,5.0764,0.0018,0,0
4348,73178,9.026,1077,false,3,1086,1079,7,0,0,1080,18,5.0764,0.0018,0,0
4349,73190,12.014,1078,true,4,1086,1080,6,0,0,1080,23,3.3679,0.0024,0,0
4350,73192,1.92,1078,false,4,1086,1080,6,0,0,1080,23,3.3679,0.0024,0,0
4351,73200,7.429,1078,false,4,1087,1080,7,0,0,1080,23,3.3679,0.0024,0,0
4352,73204,4.419,1078,false,4,1087,1080,7,0,0,1080,25,3.3679,0.0024,0,0
4353,73215,10.769,1078,false,4,1087,1080,7,0,0,1081,18,3.3679,0.0024,0,0
4354,73229,13.832,1079,true,4,1087,1081,6,0,0,1081,30,4.8082,0.0034,0,0
4355,73231,2.179,1079,false,4,1087,1081,6,0,0,1081,30,4.8082,0.0034,0,0
4356,73246,14.963,1079,false,4,1088,1081,7,0,0,1082,30,4.8082,0.0034,0,0
4357,73258,12.27,1080,true,4,1088,1082,6,0,0,1082,40,4.0545,0.0019,0,0
4358,73260,1.825,1080,false,4,1088,1082,6,0,0,1082,40,4.0545,0.0019,0,0
4359,73277,16.523,1080,false,4,1088,1082,6,0,0,1082,40,4.0545,0.0019,0,0
4360,73290,13.123,1081,true,4,1089,1083,6,0,0,1083,40,4.591,0.0016,0,0
4361,73292,1.828,1081,false,4,1089,1083,6,0,0,1083,40,4.591,0.0016,0,0
4362,73307,15.594,1081,false,4,1090,1083,7,0,0,1083,40,4.591,0.0016,0,0
4363,73311,3.774,1081,false,4,1090,1083,7,0,0,1083,37,4.591,0.0016,0,0
4364,73324,13.469,1082,true,4,1090,1084,6,0,0,1084,55,3.865,0.0023,0,0
4365,73326,1.858,1082,false,4,1090,1084,6,0,0,1084,55,3.865,0.0023,0,0
4366,73338,12.108,1082,false,4,1091,1084,7,0,0,1084,55,3.865,0.0023,0,0
4367,73340,2.121,1082,false,4,1091,1084,7,0,0,1084,25,3.865,0.0023,0,0
4368,73354,13.196,1082,false,4,1091,1084,7,0,0,1085,24,4.634,0.0025,0,0
4369,73365,11.834,1083,true,4,1091,1085,6,0,0,1085,24,4.634,0.0025,0,0
4370,73367,1.976,1083,false,4,1091,1085,6,0,0,1085,24,4.634,0.0025,0,0
4371,73373,4.921,1083,false,4,1092,1085,7,0,0,1085,24,4.634,0.0025,0,0
4372,73385,12.48,1083,false,4,1092,1085,7,0,0,1086,27,4.634,0.0025,0,0
4373,73396,11.151,1084,true,3,1092,1086,6,0,0,1086,23,3.9649,0.0018,0,0
4374,73398,1.687,1084,false,3,1092,1086,6,0,0,1086,23,3.9649,0.0018,0,0
4375,73416,17.986,1084,false,3,1092,1086,6,0,0,1086,23,3.9649,0.0018,0,0
4376,73418,2.714,1084,false,3,1093,1086,7,0,0,1086,23,3.9649,0.0018,0,0
4377,73431,12.072,1085,true,3,1093,1087,6,0,0,1087,25,3.386,0.0016,0,0
4378,73433,2.391,1085,false,3,1093,1087,6,0,0,1087,25,3.386,0.0016,0,0
4379,73438,4.511,1085,false,3,1094,1087,7,0,0,1087,25,3.386,0.0016,0,0
4380,73447,9.289,1085,false,3,1094,1087,7,0,0,1087,28,3.386,0.0016,0,0
4381,73462,14.844,1085,false,3,1094,1087,7,0,0,1088,29,3.2833,0.0018,0,0
4382,73474,11.985,1086,true,4,1094,1088,6,0,0,1088,20,3.2833,0.0018,0,0
4383,73475,1.866,1086,false,4,1094,1088,6,0,0,1088,20,3.2833,0.0018,0,0
4384,73508,32.777,1087,true,4,1095,1089,6,0,0,1089,20,3.8783,0.0024,0,0
4385,73510,1.945,1087,false,4,1095,1089,6,0,0,1089,20,3.8783,0.0024,0,0
4386,73523,12.978,1087,false,4,1095,1089,6,0,0,1089,20,3.8783,0.0024,0,0
4387,73525,1.999,1087,false,4,1095,1089,6,0,0,1089,20,3.8783,0.0024,0,0
4388,73532,6.41,1088,true,4,1095,1090,5,0,0,1090,20,3.8091,0.0028,0,0
4389,73539,7.188,1088,false,4,1095,1090,5,0,0,1090,20,3.8091,0.0028,0,0
4390,73553,14.651,1088,false,4,1095,1090,5,0,0,1090,20,3.8091,0.0028,0,0
4391,73555,1.999,1088,false,4,1095,1090,5,0,0,1090,20,3.8091,0.0028,0,0
4392,73569,13.783,1088,false,4,1095,1090,5,0,0,1091,20,3.8091,0.0028,0,0
4393,73575,6.235,1089,true,4,1095,1091,4,0,0,1091,20,8.1388,0.0022,0,0
4394,73577,1.471,1089,false,4,1095,1091,4,0,0,1091,20,8.1388,0.0022,0,0
4395,73585,7.531,1089,false,4,1095,1091,4,0,0,1091,20,8.1388,0.0022,0,0
4396,73600,15.546,1089,false,4,1095,1091,4,0,0,1091,20,8.1388,0.0022,0,0
4397,73602,2.276,1089,false,4,1095,1091,4,0,0,1091,20,8.1388,0.0022,0,0
4398,73608,6.085,1090,true,4,1095,1092,3,0,0,1092,20,3.382,0.0025,0,0
4399,73615,7.179,1090,false,4,1095,1092,3,0,0,1092,20,3.382,0.0025,0,0
4400,73631,15.24,1090,false,4,1095,1092,3,0,0,1092,20,3.382,0.0025,0,0
4401,73633,2.497,1090,false,4,1095,1092,3,0,0,1092,20,3.382,0.0025,0,0
4402,73646,13.107,1090,false,4,1095,1092,3,0,0,1093,20,3.9407,0.0025,0,0
4403,73654,7.706,1091,true,4,1095,1093,2,0,0,1093,20,3.9407,0.0025,0,0
4404,73655,1.502,1091,false,4,1095,1093,2,0,0,1093,20,3.9407,0.0025,0,0
4405,73662,6.122,1091,false,4,1095,1093,2,0,0,1093,20,3.9407,0.0025,0,0
4406,73678,15.703,1091,false,4,1095,1093,2,0,0,1093,20,3.9407,0.0025,0,0
4407,73680,2.437,1091,false,4,1095,1093,2,0,0,1093,20,3.9407,0.0025,0,0
4408,73691,10.891,1092,true,7,1095,1094,1,0,0,1094,20,3.9407,0.0025,0,0
4409,73692,1.747,1092,false,7,1095,1094,1,0,0,1094,20,3.9407,0.0025,0,0
4410,73708,15.758,1092,false,7,1095,1094,1,0,0,1094,20,3.9407,0.0025,0,0
4411,73710,1.985,1092,false,7,1095,1094,1,0,0,1094,20,3.9407,0.0025,0,0
4412,73724,13.74,1092,false,7,1095,1094,1,0,0,1094,20,3.9407,0.0025,0,0
4413,73725,1.636,1092,false,7,1095,1094,1,0,0,1094,20,3.9407,0.0025,0,0
4414,73739,13.488,1092,false,7,1095,1094,1,0,0,1094,20,3.9407,0.0025,0,0
4415,73741,1.857,1092,false,7,1095,1094,1,0,0,1094,20,3.9407,0.0025,0,0
4416,73755,13.933,1092,false,7,1095,1094,1,0,0,1094,20,3.9407,0.0025,0,0
4417,73757,1.84,1092,false,7,1095,1094,1,0,0,1094,20,3.9407,0.0025,0,0
4418,73770,13.229,1092,false,7,1095,1094,1,0,0,1094,20,3.9407,0.0025,0,0
4419,73772,2.08,1092,false,7,1095,1094,1,0,0,1094,20,3.9407,0.0025,0,0
4420,73777,4.749,1092,false,7,1095,1094,1,0,0,1094,20,3.9407,0.0025,0,0
4421,73786,9.028,1092,false,7,1095,1094,1,0,0,1094,20,3.9407,0.0025,0,0
4422,73801,15.091,1092,false,7,1095,1094,1,0,0,1094,20,3.9407,0.0025,0,0
4423,73803,2.176,1092,false,7,1095,1094,1,0,0,1094,20,3.9407,0.0025,0,0
4424,73817,13.388,1092,false,7,1095,1094,1,0,0,1094,20,3.9407,0.0025,0,0
4425,73819,2.036,1092,false,7,1095,1094,1,0,0,1094,20,3.9407,0.0025,0,0
4426,73832,13.351,1092,false,7,1095,1094,1,0,0,1094,20,3.9407,0.0025,0,0
4427,73833,1.556,1092,false,7,1095,1094,1,0,0,1094,20,3.9407,0.0025,0,0
4428,73847,13.482,1092,false,7,1095,1094,1,0,0,1094,20,3.9407,0.0025,0,0
4429,73849,1.786,1092,false,7,1095,1094,1,0,0,1094,20,3.9407,0.0025,0,0
4430,73862,13.323,1092,false,7,1095,1094,1,0,0,1094,20,3.9407,0.0025,0,0
4431,73864,2.429,1092,false,7,1095,1094,1,0,0,1094,20,3.9407,0.0025,0,0
4432,73877,12.624,1092,false,7,1095,1094,1,0,0,1094,20,3.9407,0.0025,0,0
4433,73879,1.984,1092,false,7,1095,1094,1,0,0,1094,20,3.9407,0.0025,0,0
4434,73893,13.616,1092,false,7,1095,1094,1,0,0,1094,20,3.9407,0.0025,0,0
4435,73894,1.677,1092,false,7,1095,1094,1,0,0,1094,20,3.9407,0.0025,0,0
4436,73908,13.259,1092,false,7,1095,1094,1,0,0,1094,20,3.9407,0.0025,0,0
4437,73909,1.896,1092,false,7,1095,1094,1,0,0,1094,20,3.9407,0.0025,0,0
4438,73923,13.421,1092,false,7,1095,1094,1,0,0,1094,20,3.9407,0.0025,0,0
4439,73925,1.71,1092,false,7,1095,1094,1,0,0,1094,20,3.9407,0.0025,0,0
4440,73939,13.957,1092,false,7,1095,1094,1,0,0,1094,20,3.9407,0.0025,0,0
4441,73940,1.749,1092,false,7,1095,1094,1,0,0,1094,20,3.9407,0.0025,0,0
4442,73954,13.402,1092,false,7,1095,1094,1,0,0,1094,20,3.9407,0.0025,0,0
4443,73955,1.458,1092,false,7,1095,1094,1,0,0,1094,20,3.9407,0.0025,0,0
4444,73969,13.853,1092,false,7,1095,1094,1,0,0,1094,20,3.9407,0.0025,0,0
4445,73970,1.558,1092,false,7,1095,1094,1,0,0,1094,20,3.9407,0.0025,0,0
4446,73984,13.514,1092,false,7,1095,1094,1,0,0,1094,20,3.9407,0.0025,0,0
4447,73986,1.605,1092,false,7,1095,1094,1,0,0,1094,20,3.9407,0.0025,0,0
4448,75046,1060.627,1092,false,7,1095,1094,1,0,0,1094,20,3.9407,0.0025,0,0
4449,75049,2.304,1092,false,7,1095,1094,1,0,0,1094,20,3.9407,0.0025,0,0
4450,75063,14.733,1092,false,7,1096,1094,2,0,0,1094,20,4.1232,0.0026,0,0
4451,75065,2.102,1092,false,7,1096,1094,2,0,0,1094,20,4.1232,0.0026,0,0
4452,75074,8.895,1092,false,7,1096,1094,2,0,0,1094,20,4.1232,0.0026,0,0
4453,75082,8.006,1092,false,7,1097,1094,3,0,0,1094,20,4.1232,0.0026,0,0
4454,75084,1.67,1092,false,7,1097,1094,3,0,0,1094,20,4.1232,0.0026,0,0
4455,75091,6.893,1092,false,7,1097,1094,3,0,0,1095,20,4.1232,0.0026,0,0
4456,75103,12.392,1093,true,3,1098,1095,3,0,0,1095,20,4.6634,0.003,0,0
4457,75105,1.761,1093,false,3,1098,1095,3,0,0,1095,20,4.6634,0.003,0,0
4458,75121,15.949,1093,false,3,1098,1095,3,0,0,1095,20,4.6634,0.003,0,0
4459,75134,12.913,1094,true,3,1099,1096,3,0,0,1096,20,4.0991,0.0021,0,0
4460,75135,1.65,1094,false,3,1099,1096,3,0,0,1096,20,4.0991,0.0021,0,0
4461,75143,7.678,1094,false,3,1100,1096,4,0,0,1096,20,4.0991,0.0021,0,0
4462,75153,8.937,1094,false,3,1100,1096,4,0,0,1096,20,4.0991,0.0021,0,0
4463,75155,2.689,1094,false,3,1100,1096,4,0,0,1096,20,4.0991,0.0021,0,0
4464,75168,13.2,1095,true,3,1101,1097,4,0,0,1097,20,4.641,0.0023,0,0
4465,75170,1.771,1095,false,3,1101,1097,4,0,0,1097,20,4.641,0.0023,0,0
4466,75183,13.463,1095,false,3,1101,1097,4,0,0,1097,20,4.641,0.0023,0,0
4467,75196,12.468,1096,true,3,1102,1098,4,0,0,1098,20,3.4278,0.0022,0,0
4468,75198,1.801,1096,false,3,1102,1098,4,0,0,1098,20,3.4278,0.0022,0,0
4469,75205,7.466,1096,false,3,1103,1098,5,0,0,1098,20,3.4278,0.0022,0,0
4470,75214,8.585,1096,false,3,1103,1098,5,0,0,1098,20,3.4278,0.0022,0,0
4471,75222,8.593,1096,false,3,1104,1098,6,0,0,1098,20,3.4278,0.0022,0,0
4472,75229,6.233,1097,true,3,1104,1099,5,0,0,1099,20,4.5782,0.0028,0,0
4473,75236,8.024,1097,false,3,1105,1099,6,0,0,1099,20,4.5782,0.0028,0,0
4474,75238,1.717,1097,false,3,1105,1099,6,0,0,1099,20,4.5782,0.0028,0,0
4475,75245,6.233,1097,false,3,1105,1099,6,0,0,1099,20,4.5782,0.0028,0,0
4476,75259,14.682,1097,false,3,1106,1099,7,0,0,1099,20,4.5782,0.0028,0,0
4477,75261,2.432,1097,false,3,1106,1099,7,0,0,1100,29,4.5782,0.0028,0,0
4478,75272,10.772,1098,true,3,1106,1100,6,0,0,1100,16,3.2496,0.0021,0,0
4479,75274,1.667,1098,false,3,1106,1100,6,0,0,1100,16,3.2496,0.0021,0,0
4480,75291,16.451,1098,false,3,1106,1100,6,0,0,1100,16,3.2496,0.0021,0,0
4481,75293,2.921,1098,false,3,1107,1100,7,0,0,1100,16,3.2496,0.0021,0,0
4482,75305,11.811,1099,true,4,1107,1101,6,0,0,1101,26,3.7777,0.0021,0,0
4483,75307,2.081,1099,false,4,1107,1101,6,0,0,1101,26,3.7777,0.0021,0,0
4484,75321,13.453,1099,false,4,1108,1101,7,0,0,1101,26,3.7777,0.0021,0,0
4485,75323,2.362,1099,false,4,1108,1101,7,0,0,1101,28,3.7777,0.0021,0,0
4486,75336,12.79,1099,false,4,1108,1101,7,0,0,1102,18,3.4073,0.0023,0,0
4487,75348,12.689,1100,true,4,1108,1102,6,0,0,1102,26,3.4073,0.0023,0,0
4488,75351,2.124,1100,false,4,1108,1102,6,0,0,1102,26,3.4073,0.0023,0,0
4489,75367,16.233,1100,false,4,1108,1102,6,0,0,1103,26,4.759,0.0021,0,0
4490,75380,13.622,1101,true,3,1109,1103,6,0,0,1103,26,4.759,0.0021,0,0
4491,75382,1.887,1101,false,3,1109,1103,6,0,0,1103,26,4.759,0.0021,0,0
4492,75388,5.039,1101,false,3,1110,1103,7,0,0,1103,26,4.759,0.0021,0,0
4493,75399,11.153,1101,false,3,1110,1103,7,0,0,1103,29,4.759,0.0021,0,0
4494,75417,17.986,1102,true,5,1110,1104,6,0,0,1104,37,4.1278,0.0029,0,0
4495,75420,3.62,1102,false,5,1110,1104,6,0,0,1104,37,4.1278,0.0029,0,0
4496,75424,3.713,1102,false,5,1111,1104,7,0,0,1104,37,4.1278,0.0029,0,0
4497,75445,20.762,1102,false,5,1111,1104,7,0,0,1104,58,4.1278,0.0029,0,0
4498,75461,16.589,1103,true,5,1111,1105,6,0,0,1105,45,4.0831,0.0022,0,0
4499,75464,2.832,1103,false,5,1112,1105,7,0,0,1105,45,4.0831,0.0022,0,0
4500,75468,4.084,1103,false,5,1112,1105,7,0,0,1105,29,4.0831,0.0022,0,0
4501,75476,7.796,1103,false,5,1112,1105,7,0,0,1105,28,4.0831,0.0022,0,0
4502,75491,14.748,1103,false,5,1112,1105,7,0,0,1106,31,3.2647,0.002,0,0
4503,75504,13.226,1104,true,4,1112,1106,6,0,0,1106,28,3.2647,0.002,0,0
4504,75506,1.965,1104,false,4,1112,1106,6,0,0,1106,28,3.2647,0.002,0,0
4505,75522,15.8,1104,false,4,1113,1106,7,0,0,1107,28,4.3629,0.0021,0,0
4506,75535,13.194,1105,true,4,1113,1107,6,0,0,1107,26,4.3629,0.0021,0,0
4507,75537,2.32,1105,false,4,1113,1107,6,0,0,1107,26,4.3629,0.0021,0,0
4508,75542,4.573,1105,false,4,1114,1107,7,0,0,1107,26,4.3629,0.0021,0,0
4509,75552,10.332,1105,false,4,1114,1107,7,0,0,1108,27,4.3629,0.0021,0,0
4510,75564,12.301,1106,true,4,1114,1108,6,0,0,1108,25,3.4428,0.0021,0,0
4511,75566,1.866,1106,false,4,1114,1108,6,0,0,1108,25,3.4428,0.0021,0,0
4512,75582,16.012,1106,false,4,1114,1108,6,0,0,1109,25,3.4428,0.0021,0,0
4513,75594,12.047,1107,true,3,1115,1109,6,0,0,1109,25,4.5166,0.0018,0,0
4514,75597,2.295,1107,false,3,1116,1109,7,0,0,1109,25,4.5166,0.0018,0,0
4515,75614,17.374,1107,false,3,1116,1109,7,0,0,1110,21,4.5166,0.0018,0,0
4516,75626,11.717,1108,true,3,1116,1110,6,0,0,1110,26,3.2905,0.002,0,0
4517,75628,1.868,1108,false,3,1116,1110,6,0,0,1110,26,3.2905,0.002,0,0
4518,75644,16.589,1108,false,3,1117,1110,7,0,0,1111,26,3.2905,0.002,0,0
4519,75660,16.209,1109,true,5,1117,1111,6,0,0,1111,25,4.5476,0.0027,0,0
4520,75662,2.078,1109,false,5,1117,1111,6,0,0,1111,25,4.5476,0.0027,0,0
4521,75675,12.2,1109,false,5,1118,1111,7,0,0,1111,25,4.5476,0.0027,0,0
4522,75677,2.528,1109,false,5,1118,1111,7,0,0,1111,33,4.5476,0.0027,0,0
4523,75690,12.605,1109,false,5,1118,1111,7,0,0,1112,23,3.2991,0.003,0,0
4524,75702,12.46,1110,true,4,1118,1112,6,0,0,1112,25,3.2991,0.003,0,0
4525,75704,1.756,1110,false,4,1118,1112,6,0,0,1112,25,3.2991,0.003,0,0
4526,75721,16.741,1110,false,4,1118,1112,6,0,0,1113,25,3.6057,0.0026,0,0
4527,75732,11.755,1111,true,3,1119,1113,6,0,0,1113,25,3.6057,0.0026,0,0
4528,75734,1.637,1111,false,3,1119,1113,6,0,0,1113,25,3.6057,0.0026,0,0
4529,75752,17.772,1111,false,3,1120,1113,7,0,0,1114,25,3.7673,0.0024,0,0
4530,75765,12.744,1112,true,4,1120,1114,6,0,0,1114,28,3.7673,0.0024,0,0
4531,75767,2.397,1112,false,4,1120,1114,6,0,0,1114,28,3.7673,0.0024,0,0
4532,75772,4.498,1112,false,4,1121,1114,7,0,0,1114,28,3.7673,0.0024,0,0
4533,75782,10.499,1112,false,4,1121,1114,7,0,0,1115,25,3.7673,0.0024,0,0
4534,75795,13.018,1113,true,5,1121,1115,6,0,0,1115,26,6.3694,0.0025,0,0
4535,75797,1.795,1113,false,5,1121,1115,6,0,0,1115,26,6.3694,0.0025,0,0
4536,75802,5.106,1113,false,5,1122,1115,7,0,0,1115,26,6.3694,0.0025,0,0
4537,75812,10.272,1113,false,5,1122,1115,7,0,0,1115,26,6.3694,0.0025,0,0
4538,75832,19.469,1114,true,9,1122,1116,6,0,0,1116,25,3.4984,0.0021,0,0
4539,75835,2.817,1114,false,9,1122,1116,6,0,0,1116,25,3.4984,0.0021,0,0
4540,75839,4.049,1114,false,9,1123,1116,7,0,0,1116,25,3.4984,0.0021,0,0
4541,75859,20.36,1114,false,9,1123,1116,7,0,0,1117,36,3.2594,0.0022,0,0
4542,75871,12.184,1115,true,4,1123,1117,6,0,0,1117,29,3.2594,0.0022,0,0
4543,75873,1.794,1115,false,4,1123,1117,6,0,0,1117,29,3.2594,0.0022,0,0
4544,75890,16.639,1115,false,4,1124,1117,7,0,0,1118,29,3.2368,0.0018,0,0
4545,75905,15.418,1116,true,6,1124,1118,6,0,0,1118,33,3.2368,0.0018,0,0
4546,75907,2.308,1116,false,6,1124,1118,6,0,0,1118,33,3.2368,0.0018,0,0
4547,75920,13.09,1117,true,3,1125,1119,6,0,0,1119,33,3.1456,0.0017,0,0
4548,75923,2.373,1117,false,3,1125,1119,6,0,0,1119,33,3.1456,0.0017,0,0
4549,75936,13.312,1117,false,3,1125,1119,6,0,0,1119,33,3.1456,0.0017,0,0
4550,75940,4.282,1117,false,3,1126,1119,7,0,0,1119,33,3.1456,0.0017,0,0
4551,75953,12.438,1118,true,3,1126,1120,6,0,0,1120,33,3.4366,0.0024,0,0
4552,75956,2.943,1118,false,3,1127,1120,7,0,0,1120,33,3.4366,0.0024,0,0
4553,75967,11.031,1118,false,3,1127,1120,7,0,0,1120,21,3.4366,0.0024,0,0
4554,75969,2.391,1118,false,3,1127,1120,7,0,0,1120,26,3.4366,0.0024,0,0
4555,75982,12.596,1118,false,3,1127,1120,7,0,0,1121,15,4.3421,0.002,0,0
4556,75994,12.401,1119,true,3,1127,1121,6,0,0,1121,30,4.3421,0.002,0,0
4557,75997,2.388,1119,false,3,1127,1121,6,0,0,1121,30,4.3421,0.002,0,0
4558,76012,15.772,1119,false,3,1128,1121,7,0,0,1122,30,3.2877,0.0019,0,0
4559,76025,12.83,1120,true,4,1128,1122,6,0,0,1122,23,3.2877,0.0019,0,0
4560,76027,2.163,1120,false,4,1128,1122,6,0,0,1122,23,3.2877,0.0019,0,0
4561,76043,15.957,1120,false,4,1129,1122,7,0,0,1123,23,3.2877,0.0019,0,0
4562,76056,11.151,1121,true,3,1129,1123,6,0,0,1123,25,5.3786,0.0024,0,0
4563,76059,4.433,1121,false,3,1129,1123,6,0,0,1123,25,5.3786,0.0024,0,0
4564,76062,2.81,1121,false,3,1130,1123,7,0,0,1123,25,5.3786,0.0024,0,0
4565,76075,12.724,1121,false,3,1130,1123,7,0,0,1123,22,5.3786,0.0024,0,0
4566,76077,2.491,1121,false,3,1130,1123,7,0,0,1124,27,5.3786,0.0024,0,0
4567,76091,14.659,1122,true,5,1130,1124,6,0,0,1124,139,3.5156,0.0027,0,0
4568,76093,1.884,1122,false,5,1130,1124,6,0,0,1124,139,3.5156,0.0027,0,0
4569,76105,11.734,1122,false,5,1130,1124,6,0,0,1124,139,3.5156,0.0027,0,0
4570,76109,3.734,1122,false,5,1131,1124,7,0,0,1124,139,3.5156,0.0027,0,0
4571,76112,3.342,1122,false,5,1131,1124,7,0,0,1124,26,3.5156,0.0027,0,0
4572,76124,12.121,1123,true,4,1131,1125,6,0,0,1125,22,3.3783,0.0023,0,0
4573,76126,1.871,1123,false,4,1131,1125,6,0,0,1125,22,3.3783,0.0023,0,0
4574,76137,10.526,1123,false,4,1132,1125,7,0,0,1125,22,3.3783,0.0023,0,0
4575,76140,3.081,1123,false,4,1132,1125,7,0,0,1125,28,3.3783,0.0023,0,0
4576,76153,12.653,1123,false,4,1132,1125,7,0,0,1126,30,3.4027,0.0017,0,0
4577,76164,11.723,1124,true,3,1132,1126,6,0,0,1126,21,3.4027,0.0017,0,0
4578,76166,1.684,1124,false,3,1132,1126,6,0,0,1126,21,3.4027,0.0017,0,0
4579,76184,18.175,1124,false,3,1132,1126,6,0,0,1127,21,5.1897,0.0027,0,0
4580,76198,13.633,1125,true,4,1133,1127,6,0,0,1127,21,5.1897,0.0027,0,0
4581,76200,2.012,1125,false,4,1133,1127,6,0,0,1127,21,5.1897,0.0027,0,0
4582,76215,15.03,1125,false,4,1134,1127,7,0,0,1128,21,5.1897,0.0027,0,0
4583,76226,11.704,1126,true,4,1134,1128,6,0,0,1128,27,3.5707,0.0026,0,0
4584,76228,1.756,1126,false,4,1134,1128,6,0,0,1128,27,3.5707,0.0026,0,0
4585,76246,17.672,1126,false,4,1135,1128,7,0,0,1129,27,3.5707,0.0026,0,0
4586,76260,13.772,1127,true,4,1135,1129,6,0,0,1129,41,4.0021,0.002,0,0
4587,76263,2.918,1127,false,4,1135,1129,6,0,0,1129,41,4.0021,0.002,0,0
4588,76266,3.971,1127,false,4,1136,1129,7,0,0,1129,41,4.0021,0.002,0,0
4589,76277,9.984,1127,false,4,1136,1129,7,0,0,1129,30,4.0021,0.002,0,0
4590,76281,3.896,1127,false,4,1136,1129,7,0,0,1129,28,4.0021,0.002,0,0
4591,76292,11.386,1127,false,4,1136,1129,7,0,0,1130,42,3.3203,0.0025,0,0
4592,76304,12.525,1128,true,4,1136,1130,6,0,0,1130,33,3.3203,0.0025,0,0
4593,76306,1.935,1128,false,4,1136,1130,6,0,0,1130,33,3.3203,0.0025,0,0
4594,76323,17.114,1128,false,4,1137,1130,7,0,0,1131,33,3.3203,0.0025,0,0
4595,76336,12.587,1129,true,4,1137,1131,6,0,0,1131,28,4.7744,0.0025,0,0
4596,76338,1.9,1129,false,4,1137,1131,6,0,0,1131,28,4.7744,0.0025,0,0
4597,76355,16.596,1129,false,4,1138,1131,7,0,0,1132,28,4.7744,0.0025,0,0
4598,76366,11.932,1130,true,3,1138,1132,6,0,0,1132,29,3.3757,0.002,0,0
4599,76368,1.872,1130,false,3,1138,1132,6,0,0,1132,29,3.3757,0.002,0,0
4600,76386,18.056,1130,false,3,1138,1132,6,0,0,1133,29,3.3757,0.002,0,0
4601,76400,13.89,1131,true,4,1139,1133,6,0,0,1133,29,4.6234,0.0028,0,0
4602,76403,3.204,1131,false,4,1140,1133,7,0,0,1133,29,4.6234,0.0028,0,0
4603,76407,3.678,1131,false,4,1140,1133,7,0,0,1133,27,4.6234,0.0028,0,0
4604,76417,9.728,1131,false,4,1140,1133,7,0,0,1133,24,4.6234,0.0028,0,0
4605,76429,12.103,1132,true,4,1140,1134,6,0,0,1134,25,3.5897,0.0024,0,0
4606,76431,1.861,1132,false,4,1140,1134,6,0,0,1134,25,3.5897,0.0024,0,0
4607,76448,17.418,1132,false,4,1141,1134,7,0,0,1134,25,3.5897,0.0024,0,0
4608,76463,14.438,1133,true,4,1141,1135,6,0,0,1135,28,3.223,0.0018,0,0
4609,76465,2.227,1133,false,4,1141,1135,6,0,0,1135,28,3.223,0.0018,0,0
4610,76469,4.66,1133,false,4,1142,1135,7,0,0,1135,28,3.223,0.0018,0,0
4611,76480,10.019,1133,false,4,1142,1135,7,0,0,1135,23,3.223,0.0018,0,0
4612,76483,3.78,1133,false,4,1142,1135,7,0,0,1136,21,3.223,0.0018,0,0
4613,76495,10.887,1134,true,3,1142,1136,6,0,0,1136,16,3.7014,0.0018,0,0
4614,76497,2.922,1134,false,3,1142,1136,6,0,0,1136,16,3.7014,0.0018,0,0
4615,76510,12.322,1134,false,3,1142,1136,6,0,0,1136,16,3.7014,0.0018,0,0
4616,76512,2.47,1134,false,3,1143,1136,7,0,0,1136,16,3.7014,0.0018,0,0
4617,76525,13.415,1134,false,3,1143,1136,7,0,0,1137,25,3.2654,0.0021,0,0
4618,76538,12.304,1135,true,4,1143,1137,6,0,0,1137,23,3.2654,0.0021,0,0
4619,76540,1.964,1135,false,4,1143,1137,6,0,0,1137,23,3.2654,0.0021,0,0
4620,76556,16.666,1135,false,4,1144,1137,7,0,0,1138,23,3.2689,0.002,0,0
4621,76569,12.85,1136,true,4,1144,1138,6,0,0,1138,25,3.2689,0.002,0,0
4622,76571,1.921,1136,false,4,1144,1138,6,0,0,1138,25,3.2689,0.002,0,0
4623,76587,15.731,1136,false,4,1144,1138,6,0,0,1139,25,5.7908,0.0018,0,0
4624,76607,19.783,1137,true,4,1145,1139,6,0,0,1139,25,5.7908,0.0018,0,0
4625,76609,2.252,1137,false,4,1146,1139,7,0,0,1139,25,5.7908,0.0018,0,0
4626,76618,8.645,1137,false,4,1146,1139,7,0,0,1140,23,3.3347,0.0021,0,0
4627,76630,12.117,1138,true,4,1146,1140,6,0,0,1140,22,3.3347,0.0021,0,0
4628,76631,1.762,1138,false,4,1146,1140,6,0,0,1140,22,3.3347,0.0021,0,0
4629,76650,18.201,1138,false,4,1146,1140,6,0,0,1141,22,3.7175,0.0016,0,0
4630,76662,12.614,1139,true,3,1147,1141,6,0,0,1141,22,3.7175,0.0016,0,0
4631,76664,1.695,1139,false,3,1147,1141,6,0,0,1141,22,3.7175,0.0016,0,0
4632,76681,16.645,1139,false,3,1148,1141,7,0,0,1142,22,3.1937,0.0019,0,0
4633,76693,12.219,1140,true,4,1148,1142,6,0,0,1142,24,3.1937,0.0019,0,0
4634,76695,2.509,1140,false,4,1149,1142,7,0,0,1142,24,3.1937,0.0019,0,0
4635,76710,15.009,1140,false,4,1149,1142,7,0,0,1143,24,3.2513,0.0018,0,0
4636,76724,13.371,1141,true,4,1149,1143,6,0,0,1143,24,3.2513,0.0018,0,0
4637,76726,2,1141,false,4,1149,1143,6,0,0,1143,24,3.2513,0.0018,0,0
4638,76731,4.953,1141,false,4,1150,1143,7,0,0,1143,24,3.2513,0.0018,0,0
4639,76742,11.332,1141,false,4,1150,1143,7,0,0,1144,30,3.2513,0.0018,0,0
4640,76754,12.037,1142,true,4,1150,1144,6,0,0,1144,21,3.7485,0.0023,0,0
4641,76756,1.825,1142,false,4,1150,1144,6,0,0,1144,21,3.7485,0.0023,0,0
4642,76773,17.081,1142,false,4,1150,1144,6,0,0,1145,21,3.7485,0.0023,0,0
4643,76785,12.541,1143,true,4,1151,1145,6,0,0,1145,21,5.5566,0.0019,0,0
4644,76788,2.202,1143,false,4,1152,1145,7,0,0,1145,21,5.5566,0.0019,0,0
4645,76803,15.845,1143,false,4,1152,1145,7,0,0,1145,22,5.5566,0.0019,0,0
4646,76806,2.375,1143,false,4,1152,1145,7,0,0,1145,25,5.5566,0.0019,0,0
4647,76810,4.578,1143,false,4,1152,1145,7,0,0,1146,24,5.5566,0.0019,0,0
4648,76823,12.22,1144,true,4,1152,1146,6,0,0,1146,21,3.4874,0.0019,0,0
4649,76825,2.152,1144,false,4,1152,1146,6,0,0,1146,21,3.4874,0.0019,0,0
4650,76836,10.883,1144,false,4,1152,1146,6,0,0,1146,21,3.4874,0.0019,0,0
4651,76838,2.272,1144,false,4,1153,1146,7,0,0,1146,21,3.4874,0.0019,0,0
4652,76852,13.641,1144,false,4,1153,1146,7,0,0,1147,24,4.4456,0.002,0,0
4653,76865,13.297,1145,true,4,1153,1147,6,0,0,1147,27,4.4456,0.002,0,0
4654,76867,1.753,1145,false,4,1153,1147,6,0,0,1147,27,4.4456,0.002,0,0
4655,76883,15.901,1145,false,4,1153,1147,6,0,0,1148,27,3.3386,0.002,0,0
4656,76897,14.132,1146,true,5,1154,1148,6,0,0,1148,27,3.3386,0.002,0,0
4657,76899,2.126,1146,false,5,1154,1148,6,0,0,1148,27,3.3386,0.002,0,0
4658,76914,15.076,1146,false,5,1155,1148,7,0,0,1149,27,4.4694,0.0022,0,0
4659,76927,13.18,1147,true,4,1155,1149,6,0,0,1149,28,4.4694,0.0022,0,0
4660,76929,1.778,1147,false,4,1155,1149,6,0,0,1149,28,4.4694,0.0022,0,0
4661,76945,15.949,1147,false,4,1156,1149,7,0,0,1149,28,4.4694,0.0022,0,0
4662,76947,2.574,1147,false,4,1156,1149,7,0,0,1150,28,4.4694,0.0022,0,0
4663,76959,11.471,1148,true,4,1156,1150,6,0,0,1150,17,3.4873,0.002,0,0
4664,76961,1.902,1148,false,4,1156,1150,6,0,0,1150,17,3.4873,0.002,0,0
4665,76976,15.024,1148,false,4,1157,1150,7,0,0,1150,17,3.4873,0.002,0,0
4666,76978,2.203,1148,false,4,1157,1150,7,0,0,1150,25,3.4873,0.002,0,0
4667,76991,13.467,1148,false,4,1157,1150,7,0,0,1151,20,4.8859,0.0018,0,0
4668,77005,13.847,1149,true,4,1157,1151,6,0,0,1151,23,4.8859,0.0018,0,0
4669,77007,2.029,1149,false,4,1157,1151,6,0,0,1151,23,4.8859,0.0018,0,0
4670,77022,14.737,1149,false,4,1158,1151,7,0,0,1152,23,3.3406,0.002,0,0
4671,77034,11.778,1150,true,4,1158,1152,6,0,0,1152,23,3.3406,0.002,0,0
4672,77036,1.908,1150,false,4,1158,1152,6,0,0,1152,23,3.3406,0.002,0,0
4673,77054,18.392,1150,false,4,1158,1152,6,0,0,1153,23,3.3803,0.0018,0,0
4674,77067,13.397,1151,true,4,1159,1153,6,0,0,1153,23,3.3803,0.0018,0,0
4675,77070,2.988,1151,false,4,1160,1153,7,0,0,1153,23,3.3803,0.0018,0,0
4676,77074,3.89,1151,false,4,1160,1153,7,0,0,1153,24,3.3803,0.0018,0,0
4677,77085,10.292,1151,false,4,1160,1153,7,0,0,1154,18,3.3803,0.0018,0,0
4678,77097,11.954,1152,true,4,1160,1154,6,0,0,1154,20,3.6531,0.0024,0,0
4679,77098,1.733,1152,false,4,1160,1154,6,0,0,1154,20,3.6531,0.0024,0,0
4680,77116,17.5,1152,false,4,1161,1154,7,0,0,1155,20,3.6531,0.0024,0,0
4681,77128,11.771,1153,true,4,1161,1155,6,0,0,1155,27,4.6575,0.0021,0,0
4682,77129,1.689,1153,false,4,1161,1155,6,0,0,1155,27,4.6575,0.0021,0,0
4683,77147,18.088,1153,false,4,1162,1155,7,0,0,1156,27,4.6575,0.0021,0,0
4684,77161,13.433,1154,true,4,1162,1156,6,0,0,1156,33,3.9737,0.0025,0,0
4685,77163,2.033,1154,false,4,1162,1156,6,0,0,1156,33,3.9737,0.0025,0,0
4686,77178,15.157,1154,false,4,1163,1156,7,0,0,1156,33,3.9737,0.0025,0,0
4687,77190,12.411,1155,true,4,1163,1157,6,0,0,1157,27,4.4367,0.0023,0,0
4688,77192,1.786,1155,false,4,1163,1157,6,0,0,1157,27,4.4367,0.0023,0,0
4689,77209,16.834,1155,false,4,1164,1157,7,0,0,1157,27,4.4367,0.0023,0,0
4690,77211,2.388,1155,false,4,1164,1157,7,0,0,1157,29,4.4367,0.0023,0,0
4691,77224,12.719,1155,false,4,1164,1157,7,0,0,1158,17,3.5274,0.0021,0,0
4692,77236,12.308,1156,true,4,1164,1158,6,0,0,1158,27,3.5274,0.0021,0,0
4693,77238,1.786,1156,false,4,1164,1158,6,0,0,1158,27,3.5274,0.0021,0,0
4694,77256,17.419,1156,false,4,1165,1158,7,0,0,1159,27,3.2225,0.0022,0,0
4695,77270,14.019,1157,true,3,1165,1159,6,0,0,1159,26,3.2225,0.0022,0,0
4696,77273,3.323,1157,false,3,1165,1159,6,0,0,1159,26,3.2225,0.0022,0,0
4697,77277,3.589,1157,false,3,1166,1159,7,0,0,1159,26,3.2225,0.0022,0,0
4698,77287,10.028,1157,false,3,1166,1159,7,0,0,1160,27,3.2225,0.0022,0,0
4699,77298,11.34,1158,true,3,1166,1160,6,0,0,1160,22,3.7741,0.002,0,0
4700,77300,1.676,1158,false,3,1166,1160,6,0,0,1160,22,3.7741,0.002,0,0
4701,77319,19.136,1158,false,3,1166,1160,6,0,0,1161,22,3.7741,0.002,0,0
4702,77331,12.252,1159,true,3,1167,1161,6,0,0,1161,22,3.5979,0.0022,0,0
4703,77333,2.251,1159,false,3,1168,1161,7,0,0,1161,22,3.5979,0.0022,0,0
4704,77350,16.204,1159,false,3,1168,1161,7,0,0,1161,22,3.5979,0.0022,0,0
4705,77367,17.987,1160,true,8,1168,1162,6,0,0,1162,28,3.4016,0.002,0,0
4706,77369,1.942,1160,false,8,1168,1162,6,0,0,1162,28,3.4016,0.002,0,0
4707,77382,12.599,1160,false,8,1169,1162,7,0,0,1162,28,3.4016,0.002,0,0
4708,77390,8.146,1161,true,4,1169,1163,6,0,0,1163,44,3.4016,0.002,0,0
4709,77397,6.998,1161,false,4,1169,1163,6,0,0,1163,22,6.5145,0.0021,0,0
4710,77400,2.647,1161,false,4,1169,1163,6,0,0,1163,22,6.5145,0.0021,0,0
4711,77404,4.228,1161,false,4,1170,1163,7,0,0,1163,22,6.5145,0.0021,0,0
4712,77412,8.466,1161,false,4,1170,1163,7,0,0,1163,23,6.5145,0.0021,0,0
4713,77428,15.15,1161,false,4,1170,1163,7,0,0,1164,30,3.3447,0.0022,0,0
4714,77440,12.565,1162,true,4,1170,1164,6,0,0,1164,23,3.3447,0.0022,0,0
4715,77442,1.948,1162,false,4,1170,1164,6,0,0,1164,23,3.3447,0.0022,0,0
4716,77459,16.381,1162,false,4,1170,1164,6,0,0,1165,23,3.269,0.002,0,0
4717,77472,13.074,1163,true,4,1171,1165,6,0,0,1165,23,3.269,0.002,0,0
4718,77474,1.994,1163,false,4,1171,1165,6,0,0,1165,23,3.269,0.002,0,0
4719,77489,15.246,1163,false,4,1172,1165,7,0,0,1166,23,3.269,0.002,0,0
4720,77501,12.362,1164,true,4,1172,1166,6,0,0,1166,26,3.674,0.0021,0,0
4721,77503,1.909,1164,false,4,1172,1166,6,0,0,1166,26,3.674,0.0021,0,0
4722,77520,16.812,1164,false,4,1173,1166,7,0,0,1167,26,3.674,0.0021,0,0
4723,77533,13.186,1165,true,4,1173,1167,6,0,0,1167,29,3.3596,0.0022,0,0
4724,77536,2.564,1165,false,4,1173,1167,6,0,0,1167,29,3.3596,0.0022,0,0
4725,77540,4.335,1165,false,4,1174,1167,7,0,0,1167,29,3.3596,0.0022,0,0
4726,77551,11.095,1165,false,4,1174,1167,7,0,0,1168,25,3.3596,0.0022,0,0
4727,77563,12.357,1166,true,4,1174,1168,6,0,0,1168,24,3.5822,0.0023,0,0
4728,77565,1.742,1166,false,4,1174,1168,6,0,0,1168,24,3.5822,0.0023,0,0
4729,77584,18.422,1166,false,4,1175,1168,7,0,0,1169,24,3.5822,0.0023,0,0
4730,77596,12.351,1167,true,4,1175,1169,6,0,0,1169,27,4.9722,0.0028,0,0
4731,77598,1.865,1167,false,4,1175,1169,6,0,0,1169,27,4.9722,0.0028,0,0
4732,77615,16.99,1167,false,4,1176,1169,7,0,0,1169,27,4.9722,0.0028,0,0
4733,77628,13.125,1168,true,4,1176,1170,6,0,0,1170,51,3.5022,0.0021,0,0
4734,77630,1.951,1168,false,4,1176,1170,6,0,0,1170,51,3.5022,0.0021,0,0
4735,77646,15.857,1168,false,4,1177,1170,7,0,0,1170,51,3.5022,0.0021,0,0
4736,77648,2.561,1168,false,4,1177,1170,7,0,0,1170,32,3.5022,0.0021,0,0
4737,77661,13.034,1168,false,4,1177,1170,7,0,0,1171,17,5.1026,0.0021,0,0
4738,77674,12.811,1169,true,4,1177,1171,6,0,0,1171,26,5.1026,0.0021,0,0
4739,77677,2.554,1169,false,4,1177,1171,6,0,0,1171,26,5.1026,0.0021,0,0
4740,77693,15.784,1169,false,4,1178,1171,7,0,0,1172,26,3.2642,0.0019,0,0
4741,77705,12.52,1170,true,4,1178,1172,6,0,0,1172,23,3.2642,0.0019,0,0
4742,77707,1.924,1170,false,4,1178,1172,6,0,0,1172,23,3.2642,0.0019,0,0
4743,77724,16.583,1170,false,4,1179,1172,7,0,0,1173,23,3.2864,0.002,0,0
4744,77735,11.725,1171,true,4,1179,1173,6,0,0,1173,24,3.2864,0.002,0,0
4745,77737,2.003,1171,false,4,1179,1173,6,0,0,1173,24,3.2864,0.002,0,0
4746,77755,17.173,1171,false,4,1180,1173,7,0,0,1174,24,3.2111,0.0023,0,0
4747,77767,12.402,1172,true,4,1180,1174,6,0,0,1174,25,3.2111,0.0023,0,0
4748,77769,1.85,1172,false,4,1180,1174,6,0,0,1174,25,3.2111,0.0023,0,0
4749,77785,16.142,1172,false,4,1181,1174,7,0,0,1174,25,3.2111,0.0023,0,0
4750,77798,13.18,1173,true,4,1181,1175,6,0,0,1175,33,4.8274,0.0021,0,0
4751,77800,2.373,1173,false,4,1181,1175,6,0,0,1175,33,4.8274,0.0021,0,0
4752,77815,14.743,1173,false,4,1182,1175,7,0,0,1175,33,4.8274,0.0021,0,0
4753,77818,2.542,1173,false,4,1182,1175,7,0,0,1175,28,4.8274,0.0021,0,0
4754,77831,13.085,1173,false,4,1182,1175,7,0,0,1176,17,3.3096,0.002,0,0
4755,77843,12.429,1174,true,4,1182,1176,6,0,0,1176,24,3.3096,0.002,0,0
4756,77845,1.881,1174,false,4,1182,1176,6,0,0,1176,24,3.3096,0.002,0,0
4757,77861,15.791,1174,false,4,1183,1176,7,0,0,1177,24,3.2574,0.0022,0,0
4758,77873,12.544,1175,true,4,1183,1177,6,0,0,1177,27,3.2574,0.0022,0,0
4759,77875,2.082,1175,false,4,1183,1177,6,0,0,1177,27,3.2574,0.0022,0,0
4760,77881,4.781,1175,false,4,1184,1177,7,0,0,1177,27,3.2574,0.0022,0,0
4761,77891,10.862,1175,false,4,1184,1177,7,0,0,1178,49,3.2574,0.0022,0,0
4762,77905,13.684,1176,true,4,1184,1178,6,0,0,1178,34,5.1994,0.0028,0,0
4763,77907,2.125,1176,false,4,1184,1178,6,0,0,1178,34,5.1994,0.0028,0,0
4764,77912,4.78,1176,false,4,1185,1178,7,0,0,1178,34,5.1994,0.0028,0,0
4765,77923,10.751,1176,false,4,1185,1178,7,0,0,1178,38,5.1994,0.0028,0,0
4766,77927,4.873,1176,false,4,1185,1178,7,0,0,1178,57,5.1994,0.0028,0,0
4767,77938,10.544,1176,false,4,1185,1178,7,0,0,1179,25,5.1994,0.0028,0,0
4768,77952,13.974,1177,true,4,1185,1179,6,0,0,1179,52,6.3094,0.0026,0,0
4769,77954,2.094,1177,false,4,1185,1179,6,0,0,1179,52,6.3094,0.0026,0,0
4770,77969,15.246,1177,false,4,1185,1179,6,0,0,1180,52,6.3094,0.0026,0,0
4771,77982,12.856,1178,true,4,1186,1180,6,0,0,1180,52,3.563,0.0025,0,0
4772,77984,2.012,1178,false,4,1186,1180,6,0,0,1180,52,3.563,0.0025,0,0
4773,77994,9.635,1178,false,4,1187,1180,7,0,0,1180,52,3.563,0.0025,0,0
4774,77996,2.175,1178,false,4,1187,1180,7,0,0,1180,26,3.563,0.0025,0,0
4775,78016,19.936,1178,false,4,1187,1180,7,0,0,1181,20,4.6745,0.0024,0,0
4776,78028,12.296,1179,true,4,1187,1181,6,0,0,1181,27,4.6745,0.0024,0,0
4777,78030,1.848,1179,false,4,1187,1181,6,0,0,1181,27,4.6745,0.0024,0,0
4778,78046,16.404,1179,false,4,1188,1181,7,0,0,1182,27,3.3383,0.0021,0,0
4779,78059,12.476,1180,true,4,1188,1182,6,0,0,1182,26,3.3383,0.0021,0,0
4780,78061,1.875,1180,false,4,1188,1182,6,0,0,1182,26,3.3383,0.0021,0,0
4781,78078,17.138,1180,false,4,1189,1182,7,0,0,1183,26,3.2642,0.0026,0,0
4782,78091,13.384,1181,true,4,1189,1183,6,0,0,1183,28,3.2642,0.0026,0,0
4783,78093,1.963,1181,false,4,1189,1183,6,0,0,1183,28,3.2642,0.0026,0,0
4784,78110,16.27,1181,false,4,1190,1183,7,0,0,1184,28,4.1927,0.0021,0,0
4785,78126,16.367,1182,true,4,1190,1184,6,0,0,1184,33,4.1927,0.0021,0,0
4786,78129,2.775,1182,false,4,1191,1184,7,0,0,1184,33,4.1927,0.0021,0,0
4787,78140,11.737,1182,false,4,1191,1184,7,0,0,1184,26,4.1927,0.0021,0,0
4788,78152,12.05,1183,true,4,1191,1185,6,0,0,1185,29,3.2385,0.0019,0,0
4789,78154,1.915,1183,false,4,1191,1185,6,0,0,1185,29,3.2385,0.0019,0,0
4790,78172,17.517,1183,false,4,1192,1185,7,0,0,1185,29,3.2385,0.0019,0,0
4791,78184,12.151,1184,true,4,1192,1186,6,0,0,1186,32,3.2866,0.0019,0,0
4792,78187,3.123,1184,false,4,1192,1186,6,0,0,1186,32,3.2866,0.0019,0,0
4793,78191,3.746,1184,false,4,1193,1186,7,0,0,1186,32,3.2866,0.0019,0,0
4794,78202,11.254,1184,false,4,1193,1186,7,0,0,1186,43,3.2866,0.0019,0,0
4795,78205,2.534,1184,false,4,1193,1186,7,0,0,1186,19,3.2866,0.0019,0,0
4796,78218,12.866,1184,false,4,1193,1186,7,0,0,1187,15,6.668,0.0032,0,0
4797,78233,15.396,1185,true,4,1193,1187,6,0,0,1187,21,6.668,0.0032,0,0
4798,78235,2.102,1185,false,4,1193,1187,6,0,0,1187,21,6.668,0.0032,0,0
4799,78240,4.788,1185,false,4,1194,1187,7,0,0,1187,21,6.668,0.0032,0,0
4800,78248,8.195,1185,false,4,1194,1187,7,0,0,1187,52,6.668,0.0032,0,0
4801,78263,15.079,1185,false,4,1194,1187,7,0,0,1188,31,3.7283,0.0021,0,0
4802,78281,17.728,1186,true,6,1194,1188,6,0,0,1188,28,3.7283,0.0021,0,0
4803,78283,1.994,1186,false,6,1194,1188,6,0,0,1188,28,3.7283,0.0021,0,0
4804,78295,11.894,1186,false,6,1195,1188,7,0,0,1189,28,3.7283,0.0021,0,0
4805,78306,11.54,1187,true,4,1195,1189,6,0,0,1189,28,3.429,0.0019,0,0
4806,78308,1.976,1187,false,4,1195,1189,6,0,0,1189,28,3.429,0.0019,0,0
4807,78326,17.951,1187,false,4,1195,1189,6,0,0,1190,28,3.429,0.0019,0,0
4808,78338,12.051,1188,true,4,1196,1190,6,0,0,1190,28,3.3079,0.0022,0,0
4809,78341,2.661,1188,false,4,1197,1190,7,0,0,1190,28,3.3079,0.0022,0,0
4810,78357,16.249,1188,false,4,1197,1190,7,0,0,1190,21,3.3079,0.0022,0,0
4811,78375,18.091,1189,true,5,1197,1191,6,0,0,1191,26,5.7303,0.002,0,0
4812,78378,3.083,1189,false,5,1198,1191,7,0,0,1191,26,5.7303,0.002,0,0
4813,78382,3.778,1189,false,5,1198,1191,7,0,0,1191,23,5.7303,0.002,0,0
4814,78389,6.898,1189,false,5,1198,1191,7,0,0,1191,24,5.7303,0.002,0,0
4815,78404,14.857,1189,false,5,1198,1191,7,0,0,1192,32,3.2567,0.0024,0,0
4816,78417,12.791,1190,true,4,1198,1192,6,0,0,1192,27,3.2567,0.0024,0,0
4817,78419,1.969,1190,false,4,1198,1192,6,0,0,1192,27,3.2567,0.0024,0,0
4818,78434,15.694,1190,false,4,1199,1192,7,0,0,1193,27,3.2567,0.0024,0,0
4819,78446,11.651,1191,true,3,1199,1193,6,0,0,1193,25,4.7458,0.0023,0,0
4820,78448,1.704,1191,false,3,1199,1193,6,0,0,1193,25,4.7458,0.0023,0,0
4821,78453,5.2,1191,false,3,1200,1193,7,0,0,1193,25,4.7458,0.0023,0,0
4822,78465,12.035,1191,false,3,1200,1193,7,0,0,1194,23,4.7458,0.0023,0,0
4823,78479,14.027,1192,true,5,1200,1194,6,0,0,1194,28,3.3952,0.0024,0,0
4824,78481,2.148,1192,false,5,1200,1194,6,0,0,1194,28,3.3952,0.0024,0,0
4825,78498,16.034,1192,false,5,1201,1194,7,0,0,1194,28,3.3952,0.0024,0,0
4826,78511,14.206,1193,true,5,1201,1195,6,0,0,1195,27,5.0499,0.0027,0,0
4827,78513,2.086,1193,false,5,1201,1195,6,0,0,1195,27,5.0499,0.0027,0,0
4828,78529,15.409,1193,false,5,1202,1195,7,0,0,1195,27,5.0499,0.0027,0,0
4829,78531,2.5,1193,false,5,1202,1195,7,0,0,1195,31,5.0499,0.0027,0,0
4830,78542,11.092,1194,true,3,1202,1196,6,0,0,1196,39,3.1811,0.0017,0,0
4831,78544,1.752,1194,false,3,1202,1196,6,0,0,1196,39,3.1811,0.0017,0,0
4832,78561,16.36,1194,false,3,1203,1196,7,0,0,1196,39,3.1811,0.0017,0,0
4833,78563,2.497,1194,false,3,1203,1196,7,0,0,1196,32,3.1811,0.0017,0,0
4834,78576,12.687,1194,false,3,1203,1196,7,0,0,1197,18,3.4753,0.0136,0,0
4835,78588,12.155,1195,true,4,1203,1197,6,0,0,1197,24,3.4753,0.0136,0,0
4836,78590,2.338,1195,false,4,1203,1197,6,0,0,1197,24,3.4753,0.0136,0,0
4837,78595,4.554,1195,false,4,1204,1197,7,0,0,1197,24,3.4753,0.0136,0,0
4838,78606,11.395,1195,false,4,1204,1197,7,0,0,1198,25,3.3558,0.002,0,0
4839,78618,11.985,1196,true,4,1204,1198,6,0,0,1198,26,3.3558,0.002,0,0
4840,78620,1.759,1196,false,4,1204,1198,6,0,0,1198,26,3.3558,0.002,0,0
4841,78637,17.153,1196,false,4,1204,1198,6,0,0,1199,26,4.8773,0.002,0,0
4842,78650,13.111,1197,true,3,1205,1199,6,0,0,1199,26,4.8773,0.002,0,0
4843,78652,1.776,1197,false,3,1205,1199,6,0,0,1199,26,4.8773,0.002,0,0
4844,78668,16.384,1197,false,3,1206,1199,7,0,0,1200,26,4.8773,0.002,0,0
4845,78680,12.048,1198,true,4,1206,1200,6,0,0,1200,27,3.9295,0.0026,0,0
4846,78682,1.903,1198,false,4,1206,1200,6,0,0,1200,27,3.9295,0.0026,0,0
4847,78687,5.088,1198,false,4,1207,1200,7,0,0,1200,27,3.9295,0.0026,0,0
4848,78699,11.388,1198,false,4,1207,1200,7,0,0,1200,34,3.9295,0.0026,0,0
4849,78701,2.31,1198,false,4,1207,1200,7,0,0,1201,25,3.9295,0.0026,0,0
4850,78713,11.587,1199,true,4,1207,1201,6,0,0,1201,16,3.8403,0.0019,0,0
4851,78715,2.215,1199,false,4,1207,1201,6,0,0,1201,16,3.8403,0.0019,0,0
4852,78730,15.172,1199,false,4,1208,1201,7,0,0,1201,16,3.8403,0.0019,0,0
4853,78732,2.5,1199,false,4,1208,1201,7,0,0,1201,29,3.8403,0.0019,0,0
4854,78750,17.939,1200,true,9,1208,1202,6,0,0,1202,18,3.4408,0.0021,0,0
4855,78752,1.999,1200,false,9,1208,1202,6,0,0,1202,18,3.4408,0.0021,0,0
4856,78761,8.508,1200,false,9,1208,1202,6,0,0,1202,18,3.4408,0.0021,0,0
4857,78764,3.253,1200,false,9,1209,1202,7,0,0,1202,18,3.4408,0.0021,0,0
4858,78775,11.168,1201,true,4,1209,1203,6,0,0,1203,27,4.9047,0.0021,0,0
4859,78778,2.636,1201,false,4,1209,1203,6,0,0,1203,27,4.9047,0.0021,0,0
4860,78792,14.396,1201,false,4,1210,1203,7,0,0,1203,27,4.9047,0.0021,0,0
4861,78795,2.263,1201,false,4,1210,1203,7,0,0,1203,41,4.9047,0.0021,0,0
4862,78808,12.836,1201,false,4,1210,1203,7,0,0,1204,21,3.4651,0.0017,0,0
4863,78820,12.818,1202,true,4,1210,1204,6,0,0,1204,25,3.4651,0.0017,0,0
4864,78823,2.123,1202,false,4,1210,1204,6,0,0,1204,25,3.4651,0.0017,0,0
4865,78839,15.944,1202,false,4,1210,1204,6,0,0,1205,25,4.4751,0.0022,0,0
4866,78851,12.769,1203,true,4,1211,1205,6,0,0,1205,25,4.4751,0.0022,0,0
4867,78853,2.109,1203,false,4,1211,1205,6,0,0,1205,25,4.4751,0.0022,0,0
4868,78870,16.265,1203,false,4,1212,1205,7,0,0,1206,25,3.2645,0.0023,0,0
4869,78882,12.294,1204,true,3,1212,1206,6,0,0,1206,25,3.2645,0.0023,0,0
4870,78884,1.818,1204,false,3,1212,1206,6,0,0,1206,25,3.2645,0.0023,0,0
4871,78889,5.087,1204,false,3,1213,1206,7,0,0,1206,25,3.2645,0.0023,0,0
4872,78901,11.819,1204,false,3,1213,1206,7,0,0,1207,42,3.2645,0.0023,0,0
4873,78914,13.828,1205,true,4,1213,1207,6,0,0,1207,28,3.9817,0.0025,0,0
4874,78916,2.236,1205,false,4,1213,1207,6,0,0,1207,28,3.9817,0.0025,0,0
4875,78931,14.347,1205,false,4,1213,1207,6,0,0,1208,28,3.9817,0.0025,0,0
4876,78944,13.485,1206,true,5,1214,1208,6,0,0,1208,28,3.6105,0.0019,0,0
4877,78947,2.935,1206,false,5,1215,1208,7,0,0,1208,28,3.6105,0.0019,0,0
4878,78951,3.966,1206,false,5,1215,1208,7,0,0,1208,26,3.6105,0.0019,0,0
4879,78962,10.707,1206,false,5,1215,1208,7,0,0,1208,21,3.6105,0.0019,0,0
4880,78965,3.086,1206,false,5,1215,1208,7,0,0,1208,28,3.6105,0.0019,0,0
4881,78978,13.138,1207,true,4,1215,1209,6,0,0,1209,19,3.8048,0.0036,0,0
4882,78980,1.946,1207,false,4,1215,1209,6,0,0,1209,19,3.8048,0.0036,0,0
4883,78993,12.745,1207,false,4,1215,1209,6,0,0,1209,19,3.8048,0.0036,0,0
4884,78995,2.553,1207,false,4,1216,1209,7,0,0,1209,19,3.8048,0.0036,0,0
4885,79008,12.489,1207,false,4,1216,1209,7,0,0,1210,30,3.3067,0.0016,0,0
4886,79022,14.364,1208,true,4,1216,1210,6,0,0,1210,24,3.3067,0.0016,0,0
4887,79024,1.797,1208,false,4,1216,1210,6,0,0,1210,24,3.3067,0.0016,0,0
4888,79039,15.073,1208,false,4,1217,1210,7,0,0,1211,24,5.9749,0.0021,0,0
4889,79051,12.31,1209,true,4,1217,1211,6,0,0,1211,25,5.9749,0.0021,0,0
4890,79054,2.195,1209,false,4,1217,1211,6,0,0,1211,25,5.9749,0.0021,0,0
4891,79070,16.212,1209,false,4,1218,1211,7,0,0,1212,25,5.9749,0.0021,0,0
4892,79082,12.347,1210,true,4,1218,1212,6,0,0,1212,28,3.2999,0.002,0,0
4893,79084,1.751,1210,false,4,1218,1212,6,0,0,1212,28,3.2999,0.002,0,0
4894,79102,17.684,1210,false,4,1219,1212,7,0,0,1213,28,3.1824,0.0016,0,0
4895,79114,12.181,1211,true,4,1219,1213,6,0,0,1213,34,3.1824,0.0016,0,0
4896,79116,1.836,1211,false,4,1219,1213,6,0,0,1213,34,3.1824,0.0016,0,0
4897,79132,16.3,1211,false,4,1220,1213,7,0,0,1214,34,3.1824,0.0016,0,0
4898,79144,11.604,1212,true,3,1220,1214,6,0,0,1214,29,3.6041,0.002,0,0
4899,79145,1.858,1212,false,3,1220,1214,6,0,0,1214,29,3.6041,0.002,0,0
4900,79163,17.079,1212,false,3,1221,1214,7,0,0,1215,29,3.6041,0.002,0,0
4901,79175,12.615,1213,true,3,1221,1215,6,0,0,1215,26,3.585,0.0022,0,0
4902,79177,1.697,1213,false,3,1221,1215,6,0,0,1215,26,3.585,0.0022,0,0
4903,79194,17.256,1213,false,3,1222,1215,7,0,0,1216,26,3.585,0.0022,0,0
4904,79206,11.931,1214,true,3,1222,1216,6,0,0,1216,35,4.6487,0.0022,0,0
4905,79208,1.83,1214,false,3,1222,1216,6,0,0,1216,35,4.6487,0.0022,0,0
4906,79224,16.406,1214,false,3,1223,1216,7,0,0,1216,35,4.6487,0.0022,0,0
4907,79236,11.499,1215,true,3,1223,1217,6,0,0,1217,28,4.2758,0.0018,0,0
4908,79237,1.72,1215,false,3,1223,1217,6,0,0,1217,28,4.2758,0.0018,0,0
4909,79255,17.346,1215,false,3,1224,1217,7,0,0,1217,28,4.2758,0.0018,0,0
4910,79257,2.433,1215,false,3,1224,1217,7,0,0,1217,28,4.2758,0.0018,0,0
4911,79268,11.174,1216,true,3,1224,1218,6,0,0,1218,18,3.4359,0.0021,0,0
4912,79270,1.742,1216,false,3,1224,1218,6,0,0,1218,18,3.4359,0.0021,0,0
4913,79286,15.525,1216,false,3,1225,1218,7,0,0,1218,18,3.4359,0.0021,0,0
4914,79288,2.425,1216,false,3,1225,1218,7,0,0,1218,28,3.4359,0.0021,0,0
4915,79299,11.328,1217,true,3,1225,1219,6,0,0,1219,22,4.4186,0.0017,0,0
4916,79301,1.885,1217,false,3,1225,1219,6,0,0,1219,22,4.4186,0.0017,0,0
4917,79317,15.083,1217,false,3,1225,1219,6,0,0,1219,22,4.4186,0.0017,0,0
4918,79320,3.24,1217,false,3,1226,1219,7,0,0,1219,22,4.4186,0.0017,0,0
4919,79323,3.547,1217,false,3,1226,1219,7,0,0,1219,26,4.4186,0.0017,0,0
4920,79331,8.127,1217,false,3,1226,1219,7,0,0,1220,18,3.3534,0.0018,0,0
4921,79344,12.195,1218,true,4,1226,1220,6,0,0,1220,19,3.3534,0.0018,0,0
4922,79346,2.231,1218,false,4,1226,1220,6,0,0,1220,19,3.3534,0.0018,0,0
4923,79363,17.167,1218,false,4,1227,1220,7,0,0,1221,19,3.3649,0.0022,0,0
4924,79375,11.951,1219,true,3,1227,1221,6,0,0,1221,25,3.3649,0.0022,0,0
4925,79377,1.844,1219,false,3,1227,1221,6,0,0,1221,25,3.3649,0.0022,0,0
4926,79393,16.554,1219,false,3,1227,1221,6,0,0,1222,25,3.3649,0.0022,0,0
4927,79406,12.591,1220,true,4,1228,1222,6,0,0,1222,25,3.7383,0.0024,0,0
4928,79408,1.928,1220,false,4,1228,1222,6,0,0,1222,25,3.7383,0.0024,0,0
4929,79424,16.347,1220,false,4,1229,1222,7,0,0,1222,25,3.7383,0.0024,0,0
4930,79438,13.736,1221,true,4,1229,1223,6,0,0,1223,27,5.0984,0.0023,0,0
4931,79440,1.781,1221,false,4,1229,1223,6,0,0,1223,27,5.0984,0.0023,0,0
4932,79456,15.773,1221,false,4,1230,1223,7,0,0,1223,27,5.0984,0.0023,0,0
4933,79458,2.578,1221,false,4,1230,1223,7,0,0,1223,27,5.0984,0.0023,0,0
4934,79469,10.891,1222,true,4,1230,1224,6,0,0,1224,18,3.3336,0.0019,0,0
4935,79471,1.682,1222,false,4,1230,1224,6,0,0,1224,18,3.3336,0.0019,0,0
4936,79487,15.988,1222,false,4,1230,1224,6,0,0,1224,18,3.3336,0.0019,0,0
4937,79506,19.507,1223,true,4,1231,1225,6,0,0,1225,18,3.5511,0.0026,0,0
4938,79509,2.828,1223,false,4,1232,1225,7,0,0,1225,18,3.5511,0.0026,0,0
4939,79513,4.034,1223,false,4,1232,1225,7,0,0,1225,24,3.5511,0.0026,0,0
4940,79533,19.521,1223,false,4,1232,1225,7,0,0,1226,23,3.9932,0.0025,0,0
4941,79545,12.076,1224,true,4,1232,1226,6,0,0,1226,26,3.9932,0.0025,0,0
4942,79547,2.68,1224,false,4,1233,1226,7,0,0,1226,26,3.9932,0.0025,0,0
4943,79552,4.234,1224,false,4,1233,1226,7,0,0,1226,31,3.9932,0.0025,0,0
4944,79563,11.606,1224,false,4,1233,1226,7,0,0,1227,25,3.9932,0.0025,0,0
4945,79577,13.581,1225,true,4,1233,1227,6,0,0,1227,30,5.6583,0.0026,0,0
4946,79579,2.113,1225,false,4,1233,1227,6,0,0,1227,30,5.6583,0.0026,0,0
4947,79594,15.536,1225,false,4,1233,1227,6,0,0,1227,30,5.6583,0.0026,0,0
4948,79607,12.383,1226,true,3,1234,1228,6,0,0,1228,30,3.3705,0.0021,0,0
4949,79609,2.501,1226,false,3,1235,1228,7,0,0,1228,30,3.3705,0.0021,0,0
4950,79626,16.615,1226,false,3,1235,1228,7,0,0,1228,71,3.3705,0.0021,0,0
4951,79637,11.739,1227,true,3,1235,1229,6,0,0,1229,28,4.2787,0.002,0,0
4952,79639,1.765,1227,false,3,1235,1229,6,0,0,1229,28,4.2787,0.002,0,0
4953,79658,18.201,1227,false,3,1235,1229,6,0,0,1229,28,4.2787,0.002,0,0
4954,79660,2.821,1227,false,3,1236,1229,7,0,0,1229,28,4.2787,0.002,0,0
4955,79672,11.316,1228,true,3,1236,1230,6,0,0,1230,25,3.6235,0.0021,0,0
4956,79673,1.795,1228,false,3,1236,1230,6,0,0,1230,25,3.6235,0.0021,0,0
4957,79689,15.44,1228,false,3,1237,1230,7,0,0,1230,25,3.6235,0.0021,0,0
4958,79692,3.267,1228,false,3,1237,1230,7,0,0,1230,27,3.6235,0.0021,0,0
4959,79706,13.357,1229,true,4,1237,1231,6,0,0,1231,21,3.7269,0.003,0,0
4960,79708,2.699,1229,false,4,1237,1231,6,0,0,1231,21,3.7269,0.003,0,0
4961,79721,12.679,1229,false,4,1237,1231,6,0,0,1231,21,3.7269,0.003,0,0
4962,79724,2.75,1229,false,4,1238,1231,7,0,0,1231,21,3.7269,0.003,0,0
4963,79736,12.136,1229,false,4,1238,1231,7,0,0,1232,24,3.36,0.0019,0,0
4964,79748,12.739,1230,true,4,1238,1232,6,0,0,1232,23,3.36,0.0019,0,0
4965,79750,1.833,1230,false,4,1238,1232,6,0,0,1232,23,3.36,0.0019,0,0
4966,79755,5.074,1230,false,4,1239,1232,7,0,0,1232,23,3.36,0.0019,0,0
4967,79767,11.589,1230,false,4,1239,1232,7,0,0,1233,26,3.3362,0.0015,0,0
4968,79779,12.083,1231,true,4,1239,1233,6,0,0,1233,22,3.3362,0.0015,0,0
4969,79781,2.26,1231,false,4,1239,1233,6,0,0,1233,22,3.3362,0.0015,0,0
4970,79798,16.833,1231,false,4,1239,1233,6,0,0,1234,22,3.3139,0.002,0,0
4971,79811,12.473,1232,true,4,1240,1234,6,0,0,1234,22,3.3139,0.002,0,0
4972,79812,1.701,1232,false,4,1240,1234,6,0,0,1234,22,3.3139,0.002,0,0
4973,79829,16.995,1232,false,4,1241,1234,7,0,0,1235,22,3.3139,0.002,0,0
4974,79841,11.467,1233,true,3,1241,1235,6,0,0,1235,27,6.6198,0.0024,0,0
4975,79843,1.771,1233,false,3,1241,1235,6,0,0,1235,27,6.6198,0.0024,0,0
4976,79861,18.018,1233,false,3,1242,1235,7,0,0,1236,27,6.6198,0.0024,0,0
4977,79873,12.309,1234,true,3,1242,1236,6,0,0,1236,28,3.7795,0.002,0,0
4978,79875,1.855,1234,false,3,1242,1236,6,0,0,1236,28,3.7795,0.002,0,0
4979,79892,16.657,1234,false,3,1243,1236,7,0,0,1236,28,3.7795,0.002,0,0
4980,79894,3.114,1234,false,3,1243,1236,7,0,0,1237,30,3.7795,0.002,0,0
4981,79906,11.114,1235,true,3,1243,1237,6,0,0,1237,18,3.4717,0.0019,0,0
4982,79908,2.657,1235,false,3,1243,1237,6,0,0,1237,18,3.4717,0.0019,0,0
4983,79913,4.263,1235,false,3,1244,1237,7,0,0,1237,18,3.4717,0.0019,0,0
4984,79923,10.063,1235,false,3,1244,1237,7,0,0,1237,24,3.4717,0.0019,0,0
4985,79926,3.754,1235,false,3,1244,1237,7,0,0,1237,27,3.4717,0.0019,0,0
4986,79939,12.555,1236,true,4,1244,1238,6,0,0,1238,21,3.2342,0.0015,0,0
4987,79941,2.55,1236,false,4,1244,1238,6,0,0,1238,21,3.2342,0.0015,0,0
4988,79953,11.601,1236,false,4,1244,1238,6,0,0,1238,21,3.2342,0.0015,0,0
4989,79956,2.832,1236,false,4,1245,1238,7,0,0,1238,21,3.2342,0.0015,0,0
4990,79969,12.844,1236,false,4,1245,1238,7,0,0,1239,26,3.3811,0.0016,0,0
4991,79982,12.89,1237,true,4,1245,1239,6,0,0,1239,23,3.3811,0.0016,0,0
4992,79984,2.01,1237,false,4,1245,1239,6,0,0,1239,23,3.3811,0.0016,0,0
4993,79989,4.891,1237,false,4,1246,1239,7,0,0,1239,23,3.3811,0.0016,0,0
4994,80000,11.075,1237,false,4,1246,1239,7,0,0,1240,26,3.3732,0.002,0,0
4995,80011,11.743,1238,true,4,1246,1240,6,0,0,1240,23,3.3732,0.002,0,0
4996,80013,1.74,1238,false,4,1246,1240,6,0,0,1240,23,3.3732,0.002,0,0
4997,80031,17.821,1238,false,4,1246,1240,6,0,0,1241,23,4.4084,0.0018,0,0
4998,80043,11.965,1239,true,4,1247,1241,6,0,0,1241,23,4.4084,0.0018,0,0
4999,80044,1.663,1239,false,4,1247,1241,6,0,0,1241,23,4.4084,0.0018,0,0
5000,80062,17.14,1239,false,4,1248,1241,7,0,0,1242,23,3.3041,0.0021,0,0
5001,80075,13.821,1240,true,5,1248,1242,6,0,0,1242,23,3.3041,0.0021,0,0
5002,80078,1.761,1240,false,5,1248,1242,6,0,0,1242,23,3.3041,0.0021,0,0
5003,80093,15.882,1240,false,5,1249,1242,7,0,0,1243,23,5.1219,0.0025,0,0
5004,80105,12.142,1241,true,4,1249,1243,6,0,0,1243,27,5.1219,0.0025,0,0
5005,80107,1.848,1241,false,4,1249,1243,6,0,0,1243,27,5.1219,0.0025,0,0
5006,80124,16.905,1241,false,4,1250,1243,7,0,0,1244,27,5.1219,0.0025,0,0
5007,80136,12.058,1242,true,4,1250,1244,6,0,0,1244,31,4.0993,0.0025,0,0
5008,80138,1.849,1242,false,4,1250,1244,6,0,0,1244,31,4.0993,0.0025,0,0
5009,80155,16.938,1242,false,4,1251,1244,7,0,0,1244,31,4.0993,0.0025,0,0
5010,80168,13.233,1243,true,4,1251,1245,6,0,0,1245,29,3.7518,0.0024,0,0
5011,80170,2.132,1243,false,4,1251,1245,6,0,0,1245,29,3.7518,0.0024,0,0
5012,80175,4.771,1243,false,4,1252,1245,7,0,0,1245,29,3.7518,0.0024,0,0
5013,80185,10.014,1243,false,4,1252,1245,7,0,0,1245,27,3.7518,0.0024,0,0
5014,80189,3.786,1243,false,4,1252,1245,7,0,0,1246,29,3.7518,0.0024,0,0
5015,80200,11.123,1244,true,3,1252,1246,6,0,0,1246,22,3.3311,0.0021,0,0
5016,80203,2.667,1244,false,3,1252,1246,6,0,0,1246,22,3.3311,0.0021,0,0
5017,80217,13.506,1244,false,3,1253,1246,7,0,0,1246,22,3.3311,0.0021,0,0
5018,80219,3.107,1244,false,3,1253,1246,7,0,0,1246,32,3.3311,0.0021,0,0
5019,80232,12.618,1245,true,4,1253,1247,6,0,0,1247,22,4.9916,0.002,0,0
5020,80234,1.976,1245,false,4,1253,1247,6,0,0,1247,22,4.9916,0.002,0,0
5021,80247,13.021,1245,false,4,1253,1247,6,0,0,1247,22,4.9916,0.002,0,0
5022,80266,19.198,1246,true,4,1254,1248,6,0,0,1248,22,3.2008,0.0017,0,0
5023,80268,2.151,1246,false,4,1254,1248,6,0,0,1248,22,3.2008,0.0017,0,0
5024,80277,9.04,1246,false,4,1255,1248,7,0,0,1248,22,3.2008,0.0017,0,0
5025,80280,2.703,1246,false,4,1255,1248,7,0,0,1248,32,3.2008,0.0017,0,0
5026,80293,12.521,1246,false,4,1255,1248,7,0,0,1249,19,3.3444,0.0017,0,0
5027,80305,12.097,1247,true,4,1255,1249,6,0,0,1249,24,3.3444,0.0017,0,0
5028,80306,1.923,1247,false,4,1255,1249,6,0,0,1249,24,3.3444,0.0017,0,0
5029,80312,5.017,1247,false,4,1256,1249,7,0,0,1249,24,3.3444,0.0017,0,0
5030,80324,12.059,1247,false,4,1256,1249,7,0,0,1250,31,3.3444,0.0017,0,0
5031,80337,13.578,1248,true,4,1256,1250,6,0,0,1250,29,3.9467,0.0032,0,0
5032,80340,2.702,1248,false,4,1256,1250,6,0,0,1250,29,3.9467,0.0032,0,0
5033,80344,4.205,1248,false,4,1257,1250,7,0,0,1250,29,3.9467,0.0032,0,0
5034,80354,9.945,1248,false,4,1257,1250,7,0,0,1250,31,3.9467,0.0032,0,0
5035,80358,3.834,1248,false,4,1257,1250,7,0,0,1251,44,3.9467,0.0032,0,0
5036,80370,12.442,1249,true,4,1257,1251,6,0,0,1251,26,4.4561,0.002,0,0
5037,80373,2.287,1249,false,4,1257,1251,6,0,0,1251,26,4.4561,0.002,0,0
5038,80385,12.31,1249,false,4,1257,1251,6,0,0,1251,26,4.4561,0.002,0,0
5039,80388,2.823,1249,false,4,1258,1251,7,0,0,1251,26,4.4561,0.002,0,0
5040,80401,13.394,1249,false,4,1258,1251,7,0,0,1252,26,3.4493,0.0029,0,0
5041,80416,14.601,1250,true,5,1258,1252,6,0,0,1252,31,3.4493,0.0029,0,0
5042,80418,2.365,1250,false,5,1258,1252,6,0,0,1252,31,3.4493,0.0029,0,0
5043,80432,12.921,1250,false,5,1258,1252,6,0,0,1252,31,3.4493,0.0029,0,0
5044,80453,21.481,1251,true,5,1259,1253,6,0,0,1253,31,8.1673,0.0022,0,0
5045,80456,3.207,1251,false,5,1260,1253,7,0,0,1253,31,8.1673,0.0022,0,0
5046,80459,3.657,1251,false,5,1260,1253,7,0,0,1253,26,8.1673,0.0022,0,0
5047,80477,18.044,1251,false,5,1260,1253,7,0,0,1254,21,8.1673,0.0022,0,0
5048,80490,12.91,1252,true,4,1260,1254,6,0,0,1254,28,3.411,0.0024,0,0
5049,80492,2.103,1252,false,4,1260,1254,6,0,0,1254,28,3.411,0.0024,0,0
5050,80497,4.814,1252,false,4,1261,1254,7,0,0,1254,28,3.411,0.0024,0,0
5051,80508,10.557,1252,false,4,1261,1254,7,0,0,1254,32,3.411,0.0024,0,0
5052,80522,14.529,1253,true,4,1261,1255,6,0,0,1255,43,3.5531,0.0026,0,0
5053,80525,2.302,1253,false,4,1261,1255,6,0,0,1255,43,3.5531,0.0026,0,0
5054,80540,15.293,1253,false,4,1262,1255,7,0,0,1255,43,3.5531,0.0026,0,0
5055,80543,2.884,1253,false,4,1262,1255,7,0,0,1255,34,3.5531,0.0026,0,0
5056,80556,12.818,1254,true,4,1262,1256,6,0,0,1256,28,3.5482,0.0022,0,0
5057,80558,2.353,1254,false,4,1262,1256,6,0,0,1256,28,3.5482,0.0022,0,0
5058,80571,13.15,1254,false,4,1262,1256,6,0,0,1256,28,3.5482,0.0022,0,0
5059,80574,3.346,1254,false,4,1263,1256,7,0,0,1256,28,3.5482,0.0022,0,0
5060,80578,3.473,1254,false,4,1263,1256,7,0,0,1256,26,3.5482,0.0022,0,0
5061,80587,9.065,1254,false,4,1263,1256,7,0,0,1257,24,3.7972,0.0027,0,0
5062,80757,169.902,1255,true,4,1263,1257,6,0,0,1261,25,3.8821,0.0027,0,0
5063,80775,18.323,1256,true,5,1264,1262,2,0,0,1262,25,4.2527,0.0023,0,0
5064,80787,11.316,1256,false,5,1265,1262,3,0,0,1262,25,4.2527,0.0023,0,0
5065,80789,2.868,1256,false,5,1265,1262,3,0,0,1262,25,4.2527,0.0023,0,0
5066,80805,15.008,1256,false,5,1265,1262,3,0,0,1262,25,4.2527,0.0023,0,0
5067,80818,13.187,1257,true,4,1266,1263,3,0,0,1263,25,3.3274,0.0018,0,0
5068,80819,1.888,1257,false,4,1266,1263,3,0,0,1263,25,3.3274,0.0018,0,0
5069,80835,15.188,1257,false,4,1266,1263,3,0,0,1263,25,3.3274,0.0018,0,0
5070,80847,12.415,1258,true,4,1267,1264,3,0,0,1264,25,3.5354,0.0034,0,0
5071,80849,1.791,1258,false,4,1267,1264,3,0,0,1264,25,3.5354,0.0034,0,0
5072,80857,7.988,1258,false,4,1268,1264,4,0,0,1264,25,3.5354,0.0034,0,0
5073,80867,10.216,1258,false,4,1268,1264,4,0,0,1264,25,3.5354,0.0034,0,0
5074,80883,15.969,1259,true,4,1269,1265,4,0,0,1265,25,4.4518,0.0026,0,0
5075,80885,2.16,1259,false,4,1269,1265,4,0,0,1265,25,4.4518,0.0026,0,0
5076,80893,7.819,1259,false,4,1270,1265,5,0,0,1265,25,4.4518,0.0026,0,0
5077,80897,4.051,1259,false,4,1270,1265,5,0,0,1265,25,4.4518,0.0026,0,0
5078,80913,15.84,1259,false,4,1270,1265,5,0,0,1266,25,3.6034,0.0018,0,0
5079,80925,12.179,1260,true,4,1271,1266,5,0,0,1266,25,3.6034,0.0018,0,0
5080,80927,1.611,1260,false,4,1271,1266,5,0,0,1266,25,3.6034,0.0018,0,0
5081,80934,7.157,1260,false,4,1272,1266,6,0,0,1266,25,3.6034,0.0018,0,0
5082,80945,11.444,1260,false,4,1272,1266,6,0,0,1267,25,4.4718,0.002,0,0
5083,80957,11.784,1261,true,4,1273,1267,6,0,0,1267,25,4.4718,0.002,0,0
5084,80959,1.76,1261,false,4,1273,1267,6,0,0,1267,25,4.4718,0.002,0,0
5085,80976,17.008,1261,false,4,1273,1267,6,0,0,1268,25,3.3021,0.0019,0,0
5086,80988,11.975,1262,true,3,1274,1268,6,0,0,1268,25,3.3021,0.0019,0,0
5087,80989,1.755,1262,false,3,1274,1268,6,0,0,1268,25,3.3021,0.0019,0,0
5088,81006,16.452,1262,false,3,1275,1268,7,0,0,1269,25,3.3021,0.0019,0,0
5089,81018,12.365,1263,true,4,1275,1269,6,0,0,1269,27,3.576,0.0039,0,0
5090,81020,1.845,1263,false,4,1275,1269,6,0,0,1269,27,3.576,0.0039,0,0
5091,81038,17.606,1263,false,4,1276,1269,7,0,0,1270,27,3.576,0.0039,0,0
5092,81050,12.039,1264,true,4,1276,1270,6,0,0,1270,26,3.6626,0.0023,0,0
5093,81052,2.354,1264,false,4,1277,1270,7,0,0,1270,26,3.6626,0.0023,0,0
5094,81069,16.686,1264,false,4,1277,1270,7,0,0,1271,22,3.6626,0.0023,0,0
5095,81082,12.779,1265,true,3,1277,1271,6,0,0,1271,31,5.2777,0.0019,0,0
5096,81083,1.843,1265,false,3,1277,1271,6,0,0,1271,31,5.2777,0.0019,0,0
5097,81094,10.689,1265,false,3,1278,1271,7,0,0,1271,31,5.2777,0.0019,0,0
5098,81096,2.274,1265,false,3,1278,1271,7,0,0,1271,27,5.2777,0.0019,0,0
5099,81115,18.645,1265,false,3,1278,1271,7,0,0,1272,19,3.4195,0.0021,0,0
5100,81128,12.929,1266,true,4,1278,1272,6,0,0,1272,27,3.4195,0.0021,0,0
5101,81130,1.895,1266,false,4,1278,1272,6,0,0,1272,27,3.4195,0.0021,0,0
5102,81146,15.973,1266,false,4,1279,1272,7,0,0,1273,27,3.682,0.0023,0,0
5103,81159,12.737,1267,true,4,1279,1273,6,0,0,1273,29,3.682,0.0023,0,0
5104,81161,1.939,1267,false,4,1279,1273,6,0,0,1273,29,3.682,0.0023,0,0
5105,81177,16.077,1267,false,4,1280,1273,7,0,0,1274,29,3.3848,0.0022,0,0
5106,81189,12.515,1268,true,4,1280,1274,6,0,0,1274,26,3.3848,0.0022,0,0
5107,81191,1.968,1268,false,4,1280,1274,6,0,0,1274,26,3.3848,0.0022,0,0
5108,81196,4.968,1268,false,4,1281,1274,7,0,0,1274,26,3.3848,0.0022,0,0
5109,81208,11.601,1268,false,4,1281,1274,7,0,0,1275,27,3.3848,0.0022,0,0
5110,81220,12.161,1269,true,4,1281,1275,6,0,0,1275,27,4.7979,0.0018,0,0
5111,81222,2.055,1269,false,4,1281,1275,6,0,0,1275,27,4.7979,0.0018,0,0
5112,81239,17.034,1269,false,4,1282,1275,7,0,0,1276,27,4.7979,0.0018,0,0
5113,81252,13.343,1270,true,5,1282,1276,6,0,0,1276,29,4.4089,0.0027,0,0
5114,81254,2,1270,false,5,1282,1276,6,0,0,1276,29,4.4089,0.0027,0,0
5115,81270,15.688,1270,false,5,1283,1276,7,0,0,1276,29,4.4089,0.0027,0,0
5116,81282,11.753,1271,true,3,1283,1277,6,0,0,1277,27,4.6291,0.0024,0,0
5117,81284,1.866,1271,false,3,1283,1277,6,0,0,1277,27,4.6291,0.0024,0,0
5118,81300,16.666,1271,false,3,1284,1277,7,0,0,1277,27,4.6291,0.0024,0,0
5119,81303,2.449,1271,false,3,1284,1277,7,0,0,1277,28,4.6291,0.0024,0,0
5120,81316,13.069,1271,false,3,1284,1277,7,0,0,1278,16,3.4178,0.0039,0,0
5121,81329,12.775,1272,true,3,1284,1278,6,0,0,1278,28,3.4178,0.0039,0,0
5122,81331,2.22,1272,false,3,1284,1278,6,0,0,1278,28,3.4178,0.0039,0,0
5123,81347,15.697,1272,false,3,1285,1278,7,0,0,1279,28,3.6738,0.0019,0,0
5124,81361,14.193,1273,true,4,1285,1279,6,0,0,1279,27,3.6738,0.0019,0,0
5125,81363,2.022,1273,false,4,1285,1279,6,0,0,1279,27,3.6738,0.0019,0,0
5126,81379,15.277,1273,false,4,1286,1279,7,0,0,1280,27,3.1842,0.0024,0,0
5127,81391,12.685,1274,true,4,1286,1280,6,0,0,1280,24,3.1842,0.0024,0,0
5128,81393,1.968,1274,false,4,1286,1280,6,0,0,1280,24,3.1842,0.0024,0,0
5129,81410,16.901,1274,false,4,1287,1280,7,0,0,1281,24,3.247,0.0019,0,0
5130,81423,13.409,1275,true,4,1287,1281,6,0,0,1281,31,3.247,0.0019,0,0
5131,81425,2.149,1275,false,4,1287,1281,6,0,0,1281,31,3.247,0.0019,0,0
5132,81430,4.738,1275,false,4,1288,1281,7,0,0,1281,31,3.247,0.0019,0,0
5133,81440,10.051,1275,false,4,1288,1281,7,0,0,1282,28,3.247,0.0019,0,0
5134,81452,11.828,1276,true,3,1288,1282,6,0,0,1282,24,3.3899,0.0018,0,0
5135,81454,2.002,1276,false,3,1288,1282,6,0,0,1282,24,3.3899,0.0018,0,0
5136,81471,17.155,1276,false,3,1288,1282,6,0,0,1282,24,3.3899,0.0018,0,0
5137,81478,7.552,1277,true,3,1289,1283,6,0,0,1283,24,3.3899,0.0018,0,0
5138,81486,7.728,1277,false,3,1289,1283,6,0,0,1283,28,7.049,0.0022,0,0
5139,81488,1.928,1277,false,3,1289,1283,6,0,0,1283,28,7.049,0.0022,0,0
5140,81502,13.799,1277,false,3,1290,1283,7,0,0,1283,28,7.049,0.0022,0,0
5141,81504,2.373,1277,false,3,1290,1283,7,0,0,1283,29,7.049,0.0022,0,0
5142,81517,12.712,1277,false,3,1290,1283,7,0,0,1284,17,3.3839,0.0022,0,0
5143,81530,12.664,1278,true,4,1290,1284,6,0,0,1284,24,3.3839,0.0022,0,0
5144,81532,1.964,1278,false,4,1290,1284,6,0,0,1284,24,3.3839,0.0022,0,0
5145,81548,16.234,1278,false,4,1290,1284,6,0,0,1285,24,3.5405,0.0029,0,0
5146,81561,13.299,1279,true,4,1291,1285,6,0,0,1285,24,3.5405,0.0029,0,0
5147,81563,1.886,1279,false,4,1291,1285,6,0,0,1285,24,3.5405,0.0029,0,0
5148,81579,15.803,1279,false,4,1292,1285,7,0,0,1286,24,3.5405,0.0029,0,0
5149,81592,13.136,1280,true,4,1292,1286,6,0,0,1286,32,3.6442,0.0037,0,0
5150,81594,2.228,1280,false,4,1292,1286,6,0,0,1286,32,3.6442,0.0037,0,0
5151,81610,15.253,1280,false,4,1293,1286,7,0,0,1287,32,3.6442,0.0037,0,0
5152,81623,13.291,1281,true,4,1293,1287,6,0,0,1287,29,3.6596,0.002,0,0
5153,81625,1.989,1281,false,4,1293,1287,6,0,0,1287,29,3.6596,0.002,0,0
5154,81640,15.144,1281,false,4,1294,1287,7,0,0,1287,29,3.6596,0.002,0,0
5155,81652,12.405,1282,true,4,1294,1288,6,0,0,1288,26,3.2641,0.0019,0,0
5156,81654,1.821,1282,false,4,1294,1288,6,0,0,1288,26,3.2641,0.0019,0,0
5157,81671,17.162,1282,false,4,1295,1288,7,0,0,1289,26,3.2641,0.0019,0,0
5158,81683,11.455,1283,true,3,1295,1289,6,0,0,1289,26,4.3162,0.0019,0,0
5159,81685,2.506,1283,false,3,1295,1289,6,0,0,1289,26,4.3162,0.0019,0,0
5160,81702,16.669,1283,false,3,1296,1289,7,0,0,1289,26,4.3162,0.0019,0,0
5161,81705,2.742,1283,false,3,1296,1289,7,0,0,1290,33,4.3162,0.0019,0,0
5162,81716,11.735,1284,true,3,1296,1290,6,0,0,1290,24,3.4443,0.0021,0,0
5163,81719,2.428,1284,false,3,1296,1290,6,0,0,1290,24,3.4443,0.0021,0,0
5164,81733,13.947,1284,false,3,1296,1290,6,0,0,1290,24,3.4443,0.0021,0,0
5165,81736,2.884,1284,false,3,1297,1290,7,0,0,1290,24,3.4443,0.0021,0,0
5166,81747,11.523,1285,true,3,1297,1291,6,0,0,1291,26,4.551,0.0024,0,0
5167,81750,2.437,1285,false,3,1297,1291,6,0,0,1291,26,4.551,0.0024,0,0
5168,81764,14.087,1285,false,3,1298,1291,7,0,0,1291,26,4.551,0.0024,0,0
5169,81766,2.317,1285,false,3,1298,1291,7,0,0,1291,26,4.551,0.0024,0,0
5170,81779,12.71,1285,false,3,1298,1291,7,0,0,1292,17,3.3538,0.0016,0,0
5171,81791,11.872,1286,true,3,1298,1292,6,0,0,1292,28,3.3538,0.0016,0,0
5172,81792,1.661,1286,false,3,1298,1292,6,0,0,1292,28,3.3538,0.0016,0,0
5173,81809,16.696,1286,false,3,1299,1292,7,0,0,1293,28,3.3426,0.0018,0,0
5174,81820,11.598,1287,true,4,1299,1293,6,0,0,1293,23,3.3426,0.0018,0,0
5175,81823,2.063,1287,false,4,1299,1293,6,0,0,1293,23,3.3426,0.0018,0,0
5176,81841,18.314,1287,false,4,1300,1293,7,0,0,1294,23,3.6409,0.0019,0,0
5177,81860,18.706,1288,true,8,1300,1294,6,0,0,1294,243,3.6409,0.0019,0,0
5178,81863,3.096,1288,false,8,1301,1294,7,0,0,1294,243,3.6409,0.0019,0,0
5179,81866,3.758,1288,false,8,1301,1294,7,0,0,1294,26,3.6409,0.0019,0,0
5180,81888,21.169,1288,false,8,1301,1294,7,0,0,1295,16,5.4392,0.0022,0,0
5181,81901,13.335,1289,true,4,1301,1295,6,0,0,1295,28,5.4392,0.0022,0,0
5182,81904,3.206,1289,false,4,1302,1295,7,0,0,1295,28,5.4392,0.0022,0,0
5183,81916,11.373,1290,true,3,1302,1296,6,0,0,1296,23,3.2597,0.0017,0,0
5184,81917,1.75,1290,false,3,1302,1296,6,0,0,1296,23,3.2597,0.0017,0,0
5185,81934,16.111,1290,false,3,1302,1296,6,0,0,1296,23,3.2597,0.0017,0,0
5186,81936,3.061,1290,false,3,1303,1296,7,0,0,1296,23,3.2597,0.0017,0,0
5187,81948,11.316,1291,true,3,1303,1297,6,0,0,1297,24,3.4049,0.0021,0,0
5188,81950,2.144,1291,false,3,1303,1297,6,0,0,1297,24,3.4049,0.0021,0,0
5189,81965,15.102,1291,false,3,1304,1297,7,0,0,1297,24,3.4049,0.0021,0,0
5190,81968,2.691,1291,false,3,1304,1297,7,0,0,1297,30,3.4049,0.0021,0,0
5191,81981,13.173,1291,false,3,1304,1297,7,0,0,1298,17,3.3915,0.0024,0,0
5192,81993,12.415,1292,true,4,1304,1298,6,0,0,1298,21,3.3915,0.0024,0,0
5193,81995,1.861,1292,false,4,1304,1298,6,0,0,1298,21,3.3915,0.0024,0,0
5194,82013,17.444,1292,false,4,1304,1298,6,0,0,1299,21,4.4088,0.0017,0,0
5195,82026,13.787,1293,true,4,1305,1299,6,0,0,1299,21,4.4088,0.0017,0,0
5196,82029,2.78,1293,false,4,1306,1299,7,0,0,1299,21,4.4088,0.0017,0,0
5197,82043,14.014,1293,false,4,1306,1299,7,0,0,1300,23,4.4088,0.0017,0,0
5198,82055,11.59,1294,true,4,1306,1300,6,0,0,1300,26,4.0737,0.0028,0,0
5199,82057,2.153,1294,false,4,1306,1300,6,0,0,1300,26,4.0737,0.0028,0,0
5200,82074,17.299,1294,false,4,1306,1300,6,0,0,1300,26,4.0737,0.0028,0,0
5201,82077,2.791,1294,false,4,1307,1300,7,0,0,1300,26,4.0737,0.0028,0,0
5202,82083,5.956,1295,true,3,1307,1301,6,0,0,1301,25,4.488,0.002,0,0
5203,82091,7.595,1295,false,3,1307,1301,6,0,0,1301,17,4.488,0.002,0,0
5204,82105,14.134,1295,false,3,1307,1301,6,0,0,1301,17,4.488,0.002,0,0
5205,82108,3.288,1295,false,3,1308,1301,7,0,0,1301,17,4.488,0.002,0,0
5206,82112,3.573,1295,false,3,1308,1301,7,0,0,1301,27,4.488,0.002,0,0
5207,82124,12.29,1296,true,3,1308,1302,6,0,0,1302,23,3.4403,0.0022,0,0
5208,82126,2.55,1296,false,3,1308,1302,6,0,0,1302,23,3.4403,0.0022,0,0
5209,82136,9.649,1296,false,3,1309,1302,7,0,0,1302,23,3.4403,0.0022,0,0
5210,82139,3.093,1296,false,3,1309,1302,7,0,0,1302,33,3.4403,0.0022,0,0
5211,82152,12.826,1296,false,3,1309,1302,7,0,0,1303,49,3.3577,0.0018,0,0
5212,82168,15.821,1297,true,6,1309,1303,6,0,0,1303,28,3.3577,0.0018,0,0
5213,82170,2.265,1297,false,6,1309,1303,6,0,0,1303,28,3.3577,0.0018,0,0
5214,82183,12.359,1297,false,6,1309,1303,6,0,0,1304,28,3.3468,0.0018,0,0
5215,82195,12.263,1298,true,3,1310,1304,6,0,0,1304,28,3.3468,0.0018,0,0
5216,82196,1.635,1298,false,3,1310,1304,6,0,0,1304,28,3.3468,0.0018,0,0
5217,82213,16.654,1298,false,3,1311,1304,7,0,0,1305,28,3.3468,0.0018,0,0
5218,82224,11.439,1299,true,3,1311,1305,6,0,0,1305,27,3.9132,0.0023,0,0
5219,82226,1.688,1299,false,3,1311,1305,6,0,0,1305,27,3.9132,0.0023,0,0
5220,82243,16.727,1299,false,3,1312,1305,7,0,0,1305,27,3.9132,0.0023,0,0
5221,82256,13.034,1300,true,4,1312,1306,6,0,0,1306,26,3.5404,0.0022,0,0
5222,82258,1.712,1300,false,4,1312,1306,6,0,0,1306,26,3.5404,0.0022,0,0
5223,82275,17.08,1300,false,4,1313,1306,7,0,0,1306,26,3.5404,0.0022,0,0
5224,82278,2.595,1300,false,4,1313,1306,7,0,0,1306,30,3.5404,0.0022,0,0
5225,82284,6.694,1301,true,3,1313,1307,6,0,0,1307,25,3.5404,0.0022,0,0
5226,82292,8.251,1301,false,3,1313,1307,6,0,0,1307,21,6.2926,0.0026,0,0
5227,82295,3.127,1301,false,3,1313,1307,6,0,0,1307,21,6.2926,0.0026,0,0
5228,82306,10.144,1301,false,3,1313,1307,6,0,0,1307,21,6.2926,0.0026,0,0
5229,82309,3.658,1301,false,3,1314,1307,7,0,0,1307,21,6.2926,0.0026,0,0
5230,82321,11.779,1301,false,3,1314,1307,7,0,0,1308,26,3.3746,0.0028,0,0
5231,82333,12.014,1302,true,4,1314,1308,6,0,0,1308,23,3.3746,0.0028,0,0
5232,82335,1.865,1302,false,4,1314,1308,6,0,0,1308,23,3.3746,0.0028,0,0
5233,82352,16.842,1302,false,4,1315,1308,7,0,0,1309,23,3.3746,0.0028,0,0
5234,82363,11.812,1303,true,4,1315,1309,6,0,0,1309,49,3.9404,0.0022,0,0
5235,82365,1.806,1303,false,4,1315,1309,6,0,0,1309,49,3.9404,0.0022,0,0
5236,82383,17.665,1303,false,4,1316,1309,7,0,0,1310,49,3.9404,0.0022,0,0
5237,82397,14.526,1304,true,4,1316,1310,6,0,0,1310,41,6.0494,0.0028,0,0
5238,82400,2.444,1304,false,4,1316,1310,6,0,0,1310,41,6.0494,0.0028,0,0
5239,82404,4.483,1304,false,4,1317,1310,7,0,0,1310,41,6.0494,0.0028,0,0
5240,82414,9.779,1304,false,4,1317,1310,7,0,0,1310,25,6.0494,0.0028,0,0
5241,82418,3.999,1304,false,4,1317,1310,7,0,0,1311,30,6.0494,0.0028,0,0
5242,82430,12.232,1305,true,3,1317,1311,6,0,0,1311,21,3.4721,0.0024,0,0
5243,82433,2.192,1305,false,3,1317,1311,6,0,0,1311,21,3.4721,0.0024,0,0
5244,82446,12.815,1305,false,3,1318,1311,7,0,0,1311,21,3.4721,0.0024,0,0
5245,82448,2.46,1305,false,3,1318,1311,7,0,0,1311,30,3.4721,0.0024,0,0
5246,82461,13.011,1305,false,3,1318,1311,7,0,0,1312,18,3.3195,0.0021,0,0
5247,82473,12.197,1306,true,4,1318,1312,6,0,0,1312,22,3.3195,0.0021,0,0
5248,82475,1.809,1306,false,4,1318,1312,6,0,0,1312,22,3.3195,0.0021,0,0
5249,82492,17.193,1306,false,4,1318,1312,6,0,0,1313,22,4.6101,0.0023,0,0
5250,82505,12.664,1307,true,4,1319,1313,6,0,0,1313,22,4.6101,0.0023,0,0
5251,82507,2.316,1307,false,4,1319,1313,6,0,0,1313,22,4.6101,0.0023,0,0
5252,82512,4.58,1307,false,4,1320,1313,7,0,0,1313,22,4.6101,0.0023,0,0
5253,82523,11.196,1307,false,4,1320,1313,7,0,0,1314,24,3.4326,0.002,0,0
5254,82535,12.512,1308,true,4,1320,1314,6,0,0,1314,129,3.4326,0.002,0,0
5255,82537,1.766,1308,false,4,1320,1314,6,0,0,1314,129,3.4326,0.002,0,0
5256,82554,16.895,1308,false,4,1321,1314,7,0,0,1315,129,3.4326,0.002,0,0
5257,82566,11.872,1309,true,4,1321,1315,6,0,0,1315,26,4.6982,0.0019,0,0
5258,82567,1.709,1309,false,4,1321,1315,6,0,0,1315,26,4.6982,0.0019,0,0
5259,82585,17.143,1309,false,4,1321,1315,6,0,0,1315,26,4.6982,0.0019,0,0
5260,82598,13.03,1310,true,4,1322,1316,6,0,0,1316,26,3.3888,0.0024,0,0
5261,82599,1.688,1310,false,4,1322,1316,6,0,0,1316,26,3.3888,0.0024,0,0
5262,82609,9.538,1310,false,4,1323,1316,7,0,0,1316,26,3.3888,0.0024,0,0
5263,82611,2.534,1310,false,4,1323,1316,7,0,0,1316,23,3.3888,0.0024,0,0
5264,82632,20.334,1310,false,4,1323,1316,7,0,0,1317,17,3.4732,0.0021,0,0
5265,82646,13.898,1311,true,5,1323,1317,6,0,0,1317,38,3.4732,0.0021,0,0
5266,82649,3.01,1311,false,5,1324,1317,7,0,0,1317,38,3.4732,0.0021,0,0
5267,82662,13.609,1311,false,5,1324,1317,7,0,0,1318,24,6.13,0.0024,0,0
5268,82675,13.088,1312,true,4,1324,1318,6,0,0,1318,25,6.13,0.0024,0,0
5269,82678,1.947,1312,false,4,1324,1318,6,0,0,1318,25,6.13,0.0024,0,0
5270,82693,15.704,1312,false,4,1325,1318,7,0,0,1319,25,6.13,0.0024,0,0
5271,82707,13.338,1313,true,4,1325,1319,6,0,0,1319,28,5.8457,0.0029,0,0
5272,82709,2.969,1313,false,4,1325,1319,6,0,0,1319,28,5.8457,0.0029,0,0
5273,82714,3.956,1313,false,4,1326,1319,7,0,0,1319,28,5.8457,0.0029,0,0
5274,82725,11.302,1313,false,4,1326,1319,7,0,0,1320,28,5.8457,0.0029,0,0
5275,82738,12.875,1314,true,4,1326,1320,6,0,0,1320,30,4.1268,0.0026,0,0
5276,82740,2.452,1314,false,4,1326,1320,6,0,0,1320,30,4.1268,0.0026,0,0
5277,82745,4.457,1314,false,4,1327,1320,7,0,0,1320,30,4.1268,0.0026,0,0
5278,82755,10.56,1314,false,4,1327,1320,7,0,0,1320,31,4.1268,0.0026,0,0
5279,82768,12.625,1315,true,4,1327,1321,6,0,0,1321,32,3.7571,0.0021,0,0
5280,82770,2.013,1315,false,4,1327,1321,6,0,0,1321,32,3.7571,0.0021,0,0
5281,82787,17.237,1315,false,4,1327,1321,6,0,0,1321,32,3.7571,0.0021,0,0
5282,82790,2.845,1315,false,4,1328,1321,7,0,0,1321,32,3.7571,0.0021,0,0
5283,82801,11.44,1316,true,4,1328,1322,6,0,0,1322,26,3.3397,0.0019,0,0
5284,82803,2.144,1316,false,4,1328,1322,6,0,0,1322,26,3.3397,0.0019,0,0
5285,82817,13.938,1316,false,4,1329,1322,7,0,0,1322,26,3.3397,0.0019,0,0
5286,82820,2.674,1316,false,4,1329,1322,7,0,0,1322,31,3.3397,0.0019,0,0
5287,82832,11.717,1317,true,3,1329,1323,6,0,0,1323,22,4.3938,0.0023,0,0
5288,82834,2.338,1317,false,3,1329,1323,6,0,0,1323,22,4.3938,0.0023,0,0
5289,82849,14.319,1317,false,3,1329,1323,6,0,0,1323,22,4.3938,0.0023,0,0
5290,82851,2.992,1317,false,3,1330,1323,7,0,0,1323,22,4.3938,0.0023,0,0
5291,82855,3.796,1317,false,3,1330,1323,7,0,0,1323,26,4.3938,0.0023,0,0
5292,82868,12.946,1318,true,4,1330,1324,6,0,0,1324,25,4.0214,0.0031,0,0
5293,82870,2.041,1318,false,4,1330,1324,6,0,0,1324,25,4.0214,0.0031,0,0
5294,82879,8.782,1318,false,4,1331,1324,7,0,0,1324,25,4.0214,0.0031,0,0
5295,82883,3.84,1318,false,4,1331,1324,7,0,0,1324,29,4.0214,0.0031,0,0
5296,82894,11.051,1318,false,4,1331,1324,7,0,0,1324,26,4.0214,0.0031,0,0
5297,82906,12.657,1319,true,4,1331,1325,6,0,0,1325,29,4.7784,0.0026,0,0
5298,82908,1.962,1319,false,4,1331,1325,6,0,0,1325,29,4.7784,0.0026,0,0
5299,82924,15.682,1319,false,4,1331,1325,6,0,0,1325,29,4.7784,0.0026,0,0
5300,82928,3.927,1319,false,4,1332,1325,7,0,0,1325,29,4.7784,0.0026,0,0
5301,82944,15.701,1320,true,5,1332,1326,6,0,0,1326,38,4.0628,0.0027,0,0
5302,82946,2.081,1320,false,5,1332,1326,6,0,0,1326,38,4.0628,0.0027,0,0
5303,82951,5.041,1320,false,5,1333,1326,7,0,0,1326,38,4.0628,0.0027,0,0
5304,82972,20.49,1320,false,5,1333,1326,7,0,0,1327,35,3.5657,0.0029,0,0
5305,82986,14.773,1321,true,4,1333,1327,6,0,0,1327,49,3.5657,0.0029,0,0
5306,82989,2.645,1321,false,4,1333,1327,6,0,0,1327,49,3.5657,0.0029,0,0
5307,83002,13.308,1321,false,4,1333,1327,6,0,0,1328,49,3.5657,0.0029,0,0
5308,83015,12.716,1322,true,4,1334,1328,6,0,0,1328,49,3.8407,0.0023,0,0
5309,83017,2.493,1322,false,4,1335,1328,7,0,0,1328,49,3.8407,0.0023,0,0
5310,83032,14.271,1322,false,4,1335,1328,7,0,0,1328,27,3.8407,0.0023,0,0
5311,83044,12.468,1323,true,4,1335,1329,6,0,0,1329,30,3.3358,0.0021,0,0
5312,83046,1.786,1323,false,4,1335,1329,6,0,0,1329,30,3.3358,0.0021,0,0
5313,83063,17.414,1323,false,4,1336,1329,7,0,0,1329,30,3.3358,0.0021,0,0
5314,83076,12.57,1324,true,3,1336,1330,6,0,0,1330,29,3.4183,0.002,0,0
5315,83078,1.898,1324,false,3,1336,1330,6,0,0,1330,29,3.4183,0.002,0,0
5316,83095,16.804,1324,false,3,1337,1330,7,0,0,1330,29,3.4183,0.002,0,0
5317,83097,2.69,1324,false,3,1337,1330,7,0,0,1330,31,3.4183,0.002,0,0
5318,83103,6.385,1325,true,4,1337,1331,6,0,0,1331,20,3.4183,0.002,0,0
5319,83111,7.25,1325,false,4,1337,1331,6,0,0,1331,23,6.1949,0.0022,0,0
5320,83126,14.864,1325,false,4,1337,1331,6,0,0,1331,23,6.1949,0.0022,0,0
5321,83129,3.321,1325,false,4,1338,1331,7,0,0,1331,23,6.1949,0.0022,0,0
5322,83132,3.514,1325,false,4,1338,1331,7,0,0,1331,25,6.1949,0.0022,0,0
5323,83141,7.971,1325,false,4,1338,1331,7,0,0,1332,17,3.322,0.0017,0,0
5324,83156,15.053,1326,true,4,1338,1332,6,0,0,1332,23,3.322,0.0017,0,0
5325,83160,4.243,1326,false,4,1338,1332,6,0,0,1332,23,3.322,0.0017,0,0
5326,83164,4.35,1326,false,4,1339,1332,7,0,0,1332,23,3.322,0.0017,0,0
5327,83171,6.81,1326,false,4,1339,1332,7,0,0,1332,39,3.322,0.0017,0,0
5328,83186,15.018,1326,false,4,1339,1332,7,0,0,1333,26,3.766,0.0022,0,0
5329,83199,13.217,1327,true,4,1339,1333,6,0,0,1333,32,3.766,0.0022,0,0
5330,83201,1.813,1327,false,4,1339,1333,6,0,0,1333,32,3.766,0.0022,0,0
5331,83217,15.628,1327,false,4,1340,1333,7,0,0,1334,32,3.3473,0.0018,0,0
5332,83230,13.334,1328,true,4,1340,1334,6,0,0,1334,25,3.3473,0.0018,0,0
5333,83231,1.681,1328,false,4,1340,1334,6,0,0,1334,25,3.3473,0.0018,0,0
5334,83248,16.334,1328,false,4,1340,1334,6,0,0,1335,25,3.3317,0.0019,0,0
5335,83262,14.073,1329,true,4,1341,1335,6,0,0,1335,25,3.3317,0.0019,0,0
5336,83264,2.435,1329,false,4,1342,1335,7,0,0,1335,25,3.3317,0.0019,0,0
5337,83279,14.407,1329,false,4,1342,1335,7,0,0,1336,23,3.2834,0.0017,0,0
5338,83293,13.861,1330,true,4,1342,1336,6,0,0,1336,27,3.2834,0.0017,0,0
5339,83295,2.135,1330,false,4,1342,1336,6,0,0,1336,27,3.2834,0.0017,0,0
5340,83300,4.751,1330,false,4,1343,1336,7,0,0,1336,27,3.2834,0.0017,0,0
5341,83310,10.22,1330,false,4,1343,1336,7,0,0,1337,30,3.2834,0.0017,0,0
5342,83322,12.424,1331,true,4,1343,1337,6,0,0,1337,32,5.3534,0.0028,0,0
5343,83324,1.736,1331,false,4,1343,1337,6,0,0,1337,32,5.3534,0.0028,0,0
5344,83341,16.887,1331,false,4,1344,1337,7,0,0,1338,32,5.3534,0.0028,0,0
5345,83353,11.825,1332,true,4,1344,1338,6,0,0,1338,26,3.7029,0.0022,0,0
5346,83354,1.793,1332,false,4,1344,1338,6,0,0,1338,26,3.7029,0.0022,0,0
5347,83363,8.536,1332,false,4,1345,1338,7,0,0,1338,26,3.7029,0.0022,0,0
5348,83366,3.431,1332,false,4,1345,1338,7,0,0,1338,24,3.7029,0.0022,0,0
5349,83387,20.148,1332,false,4,1345,1338,7,0,0,1339,16,5.8981,0.0018,0,0
5350,83401,14.626,1333,true,5,1345,1339,6,0,0,1339,29,5.8981,0.0018,0,0
5351,83403,2.236,1333,false,5,1345,1339,6,0,0,1339,29,5.8981,0.0018,0,0
5352,83417,13.846,1333,false,5,1346,1339,7,0,0,1340,29,3.3703,0.0021,0,0
5353,83429,11.925,1334,true,4,1346,1340,6,0,0,1340,25,3.3703,0.0021,0,0
5354,83431,1.757,1334,false,4,1346,1340,6,0,0,1340,25,3.3703,0.0021,0,0
5355,83449,18.168,1334,false,4,1347,1340,7,0,0,1341,25,3.3727,0.002,0,0
5356,83462,12.821,1335,true,4,1347,1341,6,0,0,1341,24,3.3727,0.002,0,0
5357,83464,1.992,1335,false,4,1347,1341,6,0,0,1341,24,3.3727,0.002,0,0
5358,83469,4.875,1335,false,4,1348,1341,7,0,0,1341,24,3.3727,0.002,0,0
5359,83480,11.1,1335,false,4,1348,1341,7,0,0,1341,37,3.3727,0.002,0,0
5360,83483,2.689,1335,false,4,1348,1341,7,0,0,1341,24,3.3727,0.002,0,0
5361,83494,11.348,1336,true,3,1348,1342,6,0,0,1342,17,3.3407,0.002,0,0
5362,83496,2.453,1336,false,3,1348,1342,6,0,0,1342,17,3.3407,0.002,0,0
5363,83511,14.091,1336,false,3,1348,1342,6,0,0,1342,17,3.3407,0.002,0,0
5364,83513,2.893,1336,false,3,1349,1342,7,0,0,1342,17,3.3407,0.002,0,0
5365,83527,13.025,1336,false,3,1349,1342,7,0,0,1343,28,4.863,0.0018,0,0
5366,83540,13.337,1337,true,3,1349,1343,6,0,0,1343,24,4.863,0.0018,0,0
5367,83542,2.515,1337,false,3,1350,1343,7,0,0,1343,24,4.863,0.0018,0,0
5368,83558,15.677,1337,false,3,1350,1343,7,0,0,1344,25,3.2622,0.0016,0,0
5369,83571,13.01,1338,true,4,1350,1344,6,0,0,1344,26,3.2622,0.0016,0,0
5370,83573,1.806,1338,false,4,1350,1344,6,0,0,1344,26,3.2622,0.0016,0,0
5371,83590,16.91,1338,false,4,1350,1344,6,0,0,1345,26,3.6869,0.0027,0,0
5372,83605,14.856,1339,true,4,1351,1345,6,0,0,1345,26,3.6869,0.0027,0,0
5373,83608,3.621,1339,false,4,1352,1345,7,0,0,1345,26,3.6869,0.0027,0,0
5374,83611,3.259,1339,false,4,1352,1345,7,0,0,1345,29,3.6869,0.0027,0,0
5375,83620,8.818,1339,false,4,1352,1345,7,0,0,1345,17,3.6869,0.0027,0,0
5376,83632,12.266,1340,true,4,1352,1346,6,0,0,1346,25,3.282,0.0023,0,0
5377,83634,1.796,1340,false,4,1352,1346,6,0,0,1346,25,3.282,0.0023,0,0
5378,83652,17.348,1340,false,4,1352,1346,6,0,0,1346,25,3.282,0.0023,0,0
5379,83655,3.22,1340,false,4,1353,1346,7,0,0,1346,25,3.282,0.0023,0,0
5380,83666,11.474,1341,true,4,1353,1347,6,0,0,1347,24,4.2586,0.0021,0,0
5381,83668,2.033,1341,false,4,1353,1347,6,0,0,1347,24,4.2586,0.0021,0,0
5382,83682,13.329,1341,false,4,1354,1347,7,0,0,1347,24,4.2586,0.0021,0,0
5383,83684,2.573,1341,false,4,1354,1347,7,0,0,1347,30,4.2586,0.0021,0,0
5384,83688,4.243,1341,false,4,1354,1347,7,0,0,1348,38,4.2586,0.0021,0,0
5385,83701,12.468,1342,true,4,1354,1348,6,0,0,1348,18,3.2664,0.0019,0,0
5386,83703,1.96,1342,false,4,1354,1348,6,0,0,1348,18,3.2664,0.0019,0,0
5387,83714,10.431,1342,false,4,1354,1348,6,0,0,1348,18,3.2664,0.0019,0,0
5388,83716,3.19,1342,false,4,1355,1348,7,0,0,1348,18,3.2664,0.0019,0,0
5389,83729,12.555,1342,false,4,1355,1348,7,0,0,1349,26,3.2664,0.0019,0,0
5390,83741,11.635,1343,true,3,1355,1349,6,0,0,1349,26,4.7726,0.0023,0,0
5391,83743,1.981,1343,false,3,1355,1349,6,0,0,1349,26,4.7726,0.0023,0,0
5392,83761,18.038,1343,false,3,1356,1349,7,0,0,1349,26,4.7726,0.0023,0,0
5393,83773,11.969,1344,true,4,1356,1350,6,0,0,1350,28,3.4441,0.002,0,0
5394,83774,1.756,1344,false,4,1356,1350,6,0,0,1350,28,3.4441,0.002,0,0
5395,83793,18.546,1344,false,4,1356,1350,6,0,0,1350,28,3.4441,0.002,0,0
5396,83806,12.762,1345,true,3,1357,1351,6,0,0,1351,28,3.2653,0.0016,0,0
5397,83809,2.93,1345,false,3,1358,1351,7,0,0,1351,28,3.2653,0.0016,0,0
5398,83824,14.829,1345,false,3,1358,1351,7,0,0,1351,23,3.2653,0.0016,0,0
5399,83836,12.133,1346,true,4,1358,1352,6,0,0,1352,24,3.3464,0.0023,0,0
5400,83837,1.879,1346,false,4,1358,1352,6,0,0,1352,24,3.3464,0.0023,0,0
5401,83855,17.392,1346,false,4,1358,1352,6,0,0,1352,24,3.3464,0.0023,0,0
5402,83858,2.767,1346,false,4,1359,1352,7,0,0,1352,24,3.3464,0.0023,0,0
5403,83871,12.696,1346,false,4,1359,1352,7,0,0,1353,24,3.5519,0.0021,0,0
5404,83883,12.258,1347,true,4,1359,1353,6,0,0,1353,30,3.5519,0.0021,0,0
5405,83885,2.348,1347,false,4,1360,1353,7,0,0,1353,30,3.5519,0.0021,0,0
5406,83900,15.144,1347,false,4,1360,1353,7,0,0,1354,26,3.2189,0.0025,0,0
5407,83913,12.592,1348,true,4,1360,1354,6,0,0,1354,27,3.2189,0.0025,0,0
5408,83914,1.78,1348,false,4,1360,1354,6,0,0,1354,27,3.2189,0.0025,0,0
5409,83932,16.916,1348,false,4,1361,1354,7,0,0,1355,27,6.1381,0.0017,0,0
5410,83944,12.224,1349,true,4,1361,1355,6,0,0,1355,28,6.1381,0.0017,0,0
5411,83945,1.808,1349,false,4,1361,1355,6,0,0,1355,28,6.1381,0.0017,0,0
5412,83962,16.313,1349,false,4,1362,1355,7,0,0,1356,28,6.1381,0.0017,0,0
5413,83974,12.244,1350,true,3,1362,1356,6,0,0,1356,27,3.5852,0.002,0,0
5414,83976,1.847,1350,false,3,1362,1356,6,0,0,1356,27,3.5852,0.002,0,0
5415,83994,17.452,1350,false,3,1363,1356,7,0,0,1357,27,3.5852,0.002,0,0
5416,84010,16.296,1351,true,6,1363,1357,6,0,0,1357,28,3.381,0.0021,0,0
5417,84012,2.423,1351,false,6,1364,1357,7,0,0,1357,28,3.381,0.0021,0,0
5418,84026,13.1,1351,false,6,1364,1357,7,0,0,1357,28,3.381,0.0021,0,0
5419,84039,13.37,1352,true,5,1364,1358,6,0,0,1358,32,3.661,0.0024,0,0
5420,84040,1.837,1352,false,5,1364,1358,6,0,0,1358,32,3.661,0.0024,0,0
5421,84057,16.598,1352,false,5,1365,1358,7,0,0,1358,32,3.661,0.0024,0,0
5422,84071,13.816,1353,true,3,1365,1359,6,0,0,1359,32,3.2371,0.002,0,0
5423,84073,2.363,1353,false,3,1365,1359,6,0,0,1359,32,3.2371,0.002,0,0
5424,84078,4.529,1353,false,3,1366,1359,7,0,0,1359,32,3.2371,0.002,0,0
5425,84089,11.247,1353,false,3,1366,1359,7,0,0,1359,25,3.2371,0.002,0,0
5426,84091,2.542,1353,false,3,1366,1359,7,0,0,1359,29,3.2371,0.002,0,0
5427,84104,12.662,1353,false,3,1366,1359,7,0,0,1360,18,3.4757,0.0021,0,0
5428,84122,18.187,1354,true,8,1366,1360,6,0,0,1360,22,3.4757,0.0021,0,0
5429,84124,2.033,1354,false,8,1366,1360,6,0,0,1360,22,3.4757,0.0021,0,0
5430,84136,11.636,1355,true,3,1367,1361,6,0,0,1361,22,4.6662,0.0022,0,0
5431,84138,1.913,1355,false,3,1367,1361,6,0,0,1361,22,4.6662,0.0022,0,0
5432,84151,12.779,1355,false,3,1368,1361,7,0,0,1361,22,4.6662,0.0022,0,0
5433,84153,2.541,1355,false,3,1368,1361,7,0,0,1361,28,4.6662,0.0022,0,0
5434,84157,4.094,1355,false,3,1368,1361,7,0,0,1361,20,4.6662,0.0022,0,0
5435,84169,12.041,1356,true,4,1368,1362,6,0,0,1362,25,3.193,0.0021,0,0
5436,84171,2.101,1356,false,4,1368,1362,6,0,0,1362,25,3.193,0.0021,0,0
5437,84183,11.199,1356,false,4,1368,1362,6,0,0,1362,25,3.193,0.0021,0,0
5438,84196,12.929,1357,true,3,1369,1363,6,0,0,1363,25,4.8251,0.002,0,0
5439,84204,7.933,1357,false,3,1369,1363,6,0,0,1363,27,4.8251,0.002,0,0
5440,84206,2.239,1357,false,3,1369,1363,6,0,0,1363,27,4.8251,0.002,0,0
5441,84211,4.675,1357,false,3,1370,1363,7,0,0,1363,27,4.8251,0.002,0,0
5442,84229,18.035,1357,false,3,1370,1363,7,0,0,1364,39,4.8251,0.002,0,0
5443,84241,13.035,1358,true,4,1370,1364,6,0,0,1364,29,3.5277,0.0027,0,0
5444,84244,2.626,1358,false,4,1370,1364,6,0,0,1364,29,3.5277,0.0027,0,0
5445,84248,4.242,1358,false,4,1370,1364,6,0,0,1364,29,3.5277,0.0027,0,0
5446,84260,11.197,1358,false,4,1371,1364,7,0,0,1365,29,3.5277,0.0027,0,0
5447,84272,12.787,1359,true,4,1371,1365,6,0,0,1365,30,3.5194,0.0019,0,0
5448,84274,2.077,1359,false,4,1371,1365,6,0,0,1365,30,3.5194,0.0019,0,0
5449,84279,4.826,1359,false,4,1372,1365,7,0,0,1365,30,3.5194,0.0019,0,0
5450,84291,11.266,1359,false,4,1372,1365,7,0,0,1365,26,3.5194,0.0019,0,0
5451,84293,2.538,1359,false,4,1372,1365,7,0,0,1365,31,3.5194,0.0019,0,0
5452,84305,12.145,1360,true,4,1372,1366,6,0,0,1366,20,3.3584,0.0018,0,0
5453,84308,2.503,1360,false,4,1372,1366,6,0,0,1366,20,3.3584,0.0018,0,0
5454,84322,13.725,1360,false,4,1372,1366,6,0,0,1366,20,3.3584,0.0018,0,0
5455,84324,2.865,1360,false,4,1373,1366,7,0,0,1366,20,3.3584,0.0018,0,0
5456,84328,3.867,1360,false,4,1373,1366,7,0,0,1367,25,3.3584,0.0018,0,0
5457,84344,16.162,1361,true,4,1373,1367,6,0,0,1367,21,4.9947,0.0019,0,0
5458,84347,2.292,1361,false,4,1373,1367,6,0,0,1367,21,4.9947,0.0019,0,0
5459,84353,5.981,1361,false,4,1373,1367,6,0,0,1367,21,4.9947,0.0019,0,0
5460,84368,15.578,1361,false,4,1374,1367,7,0,0,1368,21,4.9947,0.0019,0,0
5461,84380,12.326,1362,true,4,1374,1368,6,0,0,1368,27,3.4282,0.0028,0,0
5462,84382,1.858,1362,false,4,1374,1368,6,0,0,1368,27,3.4282,0.0028,0,0
5463,84399,16.28,1362,false,4,1375,1368,7,0,0,1369,27,3.4282,0.0028,0,0
5464,84412,13.49,1363,true,4,1375,1369,6,0,0,1369,31,3.707,0.0025,0,0
5465,84414,1.931,1363,false,4,1375,1369,6,0,0,1369,31,3.707,0.0025,0,0
5466,84431,16.648,1363,false,4,1376,1369,7,0,0,1370,31,3.707,0.0025,0,0
5467,84447,16.395,1364,true,7,1376,1370,6,0,0,1370,27,3.66,0.002,0,0
5468,84450,2.494,1364,false,7,1377,1370,7,0,0,1370,27,3.66,0.002,0,0
5469,84462,12.378,1364,false,7,1377,1370,7,0,0,1370,22,3.66,0.002,0,0
5470,84480,17.6,1365,true,8,1377,1371,6,0,0,1371,23,6.0044,0.0028,0,0
5471,84481,1.954,1365,false,8,1377,1371,6,0,0,1371,23,6.0044,0.0028,0,0
5472,84493,11.679,1365,false,8,1378,1371,7,0,0,1371,23,6.0044,0.0028,0,0
5473,84496,2.704,1365,false,8,1378,1371,7,0,0,1371,37,6.0044,0.0028,0,0
5474,84508,12.28,1365,false,8,1378,1371,7,0,0,1372,22,3.804,0.0027,0,0
5475,84522,13.469,1366,true,4,1378,1372,6,0,0,1372,24,3.804,0.0027,0,0
5476,84524,2.05,1366,false,4,1378,1372,6,0,0,1372,24,3.804,0.0027,0,0
5477,84528,4.84,1366,false,4,1379,1372,7,0,0,1372,24,3.804,0.0027,0,0
5478,84541,11.85,1366,false,4,1379,1372,7,0,0,1373,25,4.3034,0.0028,0,0
5479,84553,12.438,1367,true,4,1379,1373,6,0,0,1373,32,4.3034,0.0028,0,0
5480,84555,1.808,1367,false,4,1379,1373,6,0,0,1373,32,4.3034,0.0028,0,0
5481,84560,5.085,1367,false,4,1380,1373,7,0,0,1373,32,4.3034,0.0028,0,0
5482,84571,11.245,1367,false,4,1380,1373,7,0,0,1374,25,3.3964,0.0019,0,0
5483,84583,12.346,1368,true,4,1380,1374,6,0,0,1374,24,3.3964,0.0019,0,0
5484,84586,1.929,1368,false,4,1380,1374,6,0,0,1374,24,3.3964,0.0019,0,0
5485,84602,16.031,1368,false,4,1380,1374,6,0,0,1374,24,3.3964,0.0019,0,0
5486,84617,15.2,1369,true,4,1381,1375,6,0,0,1375,24,3.5744,0.0038,0,0
5487,84619,2.799,1369,false,4,1382,1375,7,0,0,1375,24,3.5744,0.0038,0,0
5488,84632,12.58,1369,false,4,1382,1375,7,0,0,1375,25,3.5744,0.0038,0,0
5489,84634,2.284,1369,false,4,1382,1375,7,0,0,1375,26,3.5744,0.0038,0,0
5490,84648,13.587,1369,false,4,1382,1375,7,0,0,1376,16,3.4037,0.0019,0,0
5491,84663,14.838,1370,true,5,1382,1376,6,0,0,1376,26,3.4037,0.0019,0,0
5492,84665,2.332,1370,false,5,1382,1376,6,0,0,1376,26,3.4037,0.0019,0,0
5493,84679,14.028,1370,false,5,1383,1376,7,0,0,1377,26,3.2739,0.0023,0,0
5494,84695,16.291,1371,true,5,1383,1377,6,0,0,1377,24,3.2739,0.0023,0,0
5495,84697,2.035,1371,false,5,1383,1377,6,0,0,1377,24,3.2739,0.0023,0,0
5496,84710,12.778,1371,false,5,1383,1377,6,0,0,1378,24,3.2739,0.0023,0,0
5497,84724,14.437,1372,true,4,1384,1378,6,0,0,1378,24,3.5525,0.0023,0,0
5498,84727,2.22,1372,false,4,1384,1378,6,0,0,1378,24,3.5525,0.0023,0,0
5499,84731,4.67,1372,false,4,1385,1378,7,0,0,1378,24,3.5525,0.0023,0,0
5500,84742,10.766,1372,false,4,1385,1378,7,0,0,1378,25,3.5525,0.0023,0,0
5501,84745,3.031,1372,false,4,1385,1378,7,0,0,1378,39,3.5525,0.0023,0,0
5502,84758,12.74,1372,false,4,1385,1378,7,0,0,1379,19,6.2426,0.0025,0,0
5503,84770,12.482,1373,true,4,1385,1379,6,0,0,1379,26,6.2426,0.0025,0,0
5504,84772,1.648,1373,false,4,1385,1379,6,0,0,1379,26,6.2426,0.0025,0,0
5505,84790,17.732,1373,false,4,1386,1379,7,0,0,1380,26,3.3519,0.0023,0,0
5506,84802,11.875,1374,true,3,1386,1380,6,0,0,1380,29,3.3519,0.0023,0,0
5507,84803,1.681,1374,false,3,1386,1380,6,0,0,1380,29,3.3519,0.0023,0,0
5508,84821,16.896,1374,false,3,1387,1380,7,0,0,1381,29,3.627,0.0019,0,0
5509,84832,11.844,1375,true,4,1387,1381,6,0,0,1381,28,3.627,0.0019,0,0
5510,84834,1.826,1375,false,4,1387,1381,6,0,0,1381,28,3.627,0.0019,0,0
5511,84852,17.778,1375,false,4,1388,1381,7,0,0,1382,28,3.2184,0.0018,0,0
5512,84863,11.78,1376,true,3,1388,1382,6,0,0,1382,33,3.2184,0.0018,0,0
5513,84865,1.666,1376,false,3,1388,1382,6,0,0,1382,33,3.2184,0.0018,0,0
5514,84883,17.74,1376,false,3,1389,1382,7,0,0,1383,33,3.2184,0.0018,0,0
5515,84897,14.102,1377,true,4,1389,1383,6,0,0,1383,32,3.3976,0.0021,0,0
5516,84899,2.344,1377,false,4,1389,1383,6,0,0,1383,32,3.3976,0.0021,0,0
5517,84904,4.547,1377,false,4,1390,1383,7,0,0,1383,32,3.3976,0.0021,0,0
5518,84913,9.412,1377,false,4,1390,1383,7,0,0,1383,28,3.3976,0.0021,0,0
5519,84929,15.867,1377,false,4,1390,1383,7,0,0,1384,27,3.3988,0.0016,0,0
5520,84949,19.561,1378,true,10,1390,1384,6,0,0,1384,22,3.3988,0.0016,0,0
5521,84951,1.923,1378,false,10,1390,1384,6,0,0,1384,22,3.3988,0.0016,0,0
5522,84957,6.3,1379,true,3,1391,1385,6,0,0,1385,22,4.4244,0.002,0,0
5523,84966,8.714,1379,false,3,1391,1385,6,0,0,1385,23,4.4244,0.002,0,0
5524,84969,3.763,1379,false,3,1391,1385,6,0,0,1385,23,4.4244,0.002,0,0
5525,84977,7.384,1379,false,3,1392,1385,7,0,0,1385,23,4.4244,0.002,0,0
5526,84993,16.476,1379,false,3,1392,1385,7,0,0,1386,30,3.2448,0.0018,0,0
5527,85007,13.336,1380,true,4,1392,1386,6,0,0,1386,29,3.2448,0.0018,0,0
5528,85009,2.481,1380,false,4,1392,1386,6,0,0,1386,29,3.2448,0.0018,0,0
5529,85013,4.403,1380,false,4,1393,1386,7,0,0,1386,29,3.2448,0.0018,0,0
5530,85024,10.699,1380,false,4,1393,1386,7,0,0,1387,25,4.3303,0.0016,0,0
5531,85039,14.588,1381,true,6,1393,1387,6,0,0,1387,25,4.3303,0.0016,0,0
5532,85041,2.289,1381,false,6,1393,1387,6,0,0,1387,25,4.3303,0.0016,0,0
5533,85056,15.027,1381,false,6,1394,1387,7,0,0,1388,25,4.3303,0.0016,0,0
5534,85070,13.955,1382,true,5,1394,1388,6,0,0,1388,34,3.7411,0.0025,0,0
5535,85072,2.33,1382,false,5,1394,1388,6,0,0,1388,34,3.7411,0.0025,0,0
5536,85087,14.497,1382,false,5,1395,1388,7,0,0,1388,34,3.7411,0.0025,0,0
5537,85100,13.595,1383,true,4,1395,1389,6,0,0,1389,34,3.9651,0.0023,0,0
5538,85103,2.332,1383,false,4,1395,1389,6,0,0,1389,34,3.9651,0.0023,0,0
5539,85107,4.559,1383,false,4,1396,1389,7,0,0,1389,34,3.9651,0.0023,0,0
5540,85118,10.268,1383,false,4,1396,1389,7,0,0,1389,23,3.9651,0.0023,0,0
5541,85121,3.539,1383,false,4,1396,1389,7,0,0,1389,25,3.9651,0.0023,0,0
5542,85133,12.235,1383,false,4,1396,1389,7,0,0,1390,16,3.6605,0.0019,0,0
5543,85145,11.519,1384,true,4,1396,1390,6,0,0,1390,23,3.6605,0.0019,0,0
5544,85146,1.629,1384,false,4,1396,1390,6,0,0,1390,23,3.6605,0.0019,0,0
5545,85165,18.299,1384,false,4,1396,1390,6,0,0,1391,23,5.8258,0.0023,0,0
5546,85178,12.897,1385,true,4,1397,1391,6,0,0,1391,23,5.8258,0.0023,0,0
5547,85179,1.675,1385,false,4,1397,1391,6,0,0,1391,23,5.8258,0.0023,0,0
5548,85196,16.883,1385,false,4,1398,1391,7,0,0,1392,23,3.5975,0.0022,0,0
5549,85209,12.867,1386,true,4,1398,1392,6,0,0,1392,26,3.5975,0.0022,0,0
5550,85211,2.346,1386,false,4,1398,1392,6,0,0,1392,26,3.5975,0.0022,0,0
5551,85216,4.553,1386,false,4,1399,1392,7,0,0,1392,26,3.5975,0.0022,0,0
5552,85226,10.304,1386,false,4,1399,1392,7,0,0,1393,25,3.5975,0.0022,0,0
5553,85238,11.55,1387,true,3,1399,1393,6,0,0,1393,25,3.5759,0.002,0,0
5554,85240,1.849,1387,false,3,1399,1393,6,0,0,1393,25,3.5759,0.002,0,0
5555,85258,17.847,1387,false,3,1400,1393,7,0,0,1394,25,3.5759,0.002,0,0
5556,85270,11.99,1388,true,4,1400,1394,6,0,0,1394,32,3.5561,0.0025,0,0
5557,85271,1.862,1388,false,4,1400,1394,6,0,0,1394,32,3.5561,0.0025,0,0
5558,85289,17.213,1388,false,4,1400,1394,6,0,0,1395,32,3.5561,0.0025,0,0
5559,85302,12.952,1389,true,4,1401,1395,6,0,0,1395,32,4.4702,0.0033,0,0
5560,85304,1.987,1389,false,4,1401,1395,6,0,0,1395,32,4.4702,0.0033,0,0
5561,85321,16.864,1389,false,4,1402,1395,7,0,0,1395,32,4.4702,0.0033,0,0
5562,85335,14.729,1390,true,5,1402,1396,6,0,0,1396,32,3.5465,0.0021,0,0
5563,85339,3.298,1390,false,5,1403,1396,7,0,0,1396,32,3.5465,0.0021,0,0
5564,85342,3.432,1390,false,5,1403,1396,7,0,0,1396,31,3.5465,0.0021,0,0
5565,85352,9.497,1390,false,5,1403,1396,7,0,0,1396,29,3.5465,0.0021,0,0
5566,85356,4.29,1390,false,5,1403,1396,7,0,0,1396,34,3.5465,0.0021,0,0
5567,85368,11.982,1391,true,3,1403,1397,6,0,0,1397,19,4.6083,0.0016,0,0
5568,85370,1.975,1391,false,3,1403,1397,6,0,0,1397,19,4.6083,0.0016,0,0
5569,85382,12.696,1391,false,3,1403,1397,6,0,0,1397,19,4.6083,0.0016,0,0
5570,85385,2.797,1391,false,3,1404,1397,7,0,0,1397,19,4.6083,0.0016,0,0
5571,85398,12.677,1391,false,3,1404,1397,7,0,0,1398,26,3.277,0.0021,0,0
5572,85411,13.119,1392,true,4,1404,1398,6,0,0,1398,25,3.277,0.0021,0,0
5573,85413,2.149,1392,false,4,1404,1398,6,0,0,1398,25,3.277,0.0021,0,0
5574,85418,4.758,1392,false,4,1405,1398,7,0,0,1398,25,3.277,0.0021,0,0
5575,85429,11.228,1392,false,4,1405,1398,7,0,0,1399,28,3.3152,0.0019,0,0
5576,85443,13.663,1393,true,4,1405,1399,6,0,0,1399,28,3.3152,0.0019,0,0
5577,85445,2.282,1393,false,4,1405,1399,6,0,0,1399,28,3.3152,0.0019,0,0
5578,85459,14.227,1393,false,4,1405,1399,6,0,0,1400,28,3.3152,0.0019,0,0
5579,85477,17.867,1394,true,6,1406,1400,6,0,0,1400,28,3.9164,0.0026,0,0
5580,85480,2.426,1394,false,6,1406,1400,6,0,0,1400,28,3.9164,0.0026,0,0
5581,85484,4.475,1394,false,6,1407,1400,7,0,0,1400,28,3.9164,0.0026,0,0
5582,85491,6.887,1394,false,6,1407,1400,7,0,0,1400,28,3.9164,0.0026,0,0
5583,85498,6.973,1394,false,6,1407,1400,7,0,0,1400,61,3.9164,0.0026,0,0
5584,85518,19.879,1395,true,7,1407,1401,6,0,0,1401,56,4.6786,0.0038,0,0
5585,85520,2.18,1395,false,7,1407,1401,6,0,0,1401,56,4.6786,0.0038,0,0
5586,85525,4.73,1395,false,7,1408,1401,7,0,0,1401,56,4.6786,0.0038,0,0
5587,85536,11.051,1395,false,7,1408,1401,7,0,0,1401,32,4.6786,0.0038,0,0
5588,85548,12.406,1396,true,4,1408,1402,6,0,0,1402,31,3.5002,0.002,0,0
5589,85550,1.919,1396,false,4,1408,1402,6,0,0,1402,31,3.5002,0.002,0,0
5590,85567,16.784,1396,false,4,1409,1402,7,0,0,1402,31,3.5002,0.002,0,0
5591,85569,2.548,1396,false,4,1409,1402,7,0,0,1402,31,3.5002,0.002,0,0
5592,85576,6.323,1397,true,3,1409,1403,6,0,0,1403,22,3.5002,0.002,0,0
5593,85583,7.529,1397,false,3,1409,1403,6,0,0,1403,23,6.1364,0.0019,0,0
5594,85598,14.268,1397,false,3,1409,1403,6,0,0,1403,23,6.1364,0.0019,0,0
5595,85600,2.466,1397,false,3,1409,1403,6,0,0,1403,23,6.1364,0.0019,0,0
5596,85604,4.297,1397,false,3,1410,1403,7,0,0,1403,23,6.1364,0.0019,0,0
5597,85618,14.115,1398,true,4,1410,1404,6,0,0,1404,28,3.3227,0.0042,0,0
5598,85620,2.107,1398,false,4,1410,1404,6,0,0,1404,28,3.3227,0.0042,0,0
5599,85630,8.9,1398,false,4,1411,1404,7,0,0,1404,28,3.3227,0.0042,0,0
5600,85632,2.741,1398,false,4,1411,1404,7,0,0,1404,28,3.3227,0.0042,0,0
5601,85644,12.01,1398,false,4,1411,1404,7,0,0,1405,18,3.5222,0.0026,0,0
5602,85661,16.278,1399,true,4,1411,1405,6,0,0,1405,26,3.5222,0.0026,0,0
5603,85665,4.589,1399,false,4,1411,1405,6,0,0,1405,26,3.5222,0.0026,0,0
5604,85668,3.246,1399,false,4,1411,1405,6,0,0,1405,26,3.5222,0.0026,0,0
5605,85676,7.221,1399,false,4,1412,1405,7,0,0,1405,26,3.5222,0.0026,0,0
5606,85691,14.917,1399,false,4,1412,1405,7,0,0,1406,30,3.4181,0.0022,0,0
5607,85709,18.683,1400,true,9,1412,1406,6,0,0,1406,26,3.4181,0.0022,0,0
5608,85711,2.377,1400,false,9,1412,1406,6,0,0,1406,26,3.4181,0.0022,0,0
5609,85726,14.938,1401,true,4,1413,1407,6,0,0,1407,26,3.6433,0.0022,0,0
5610,85729,2.25,1401,false,4,1413,1407,6,0,0,1407,26,3.6433,0.0022,0,0
5611,85738,9.658,1401,false,4,1414,1407,7,0,0,1407,26,3.6433,0.0022,0,0
5612,85740,2.203,1401,false,4,1414,1407,7,0,0,1407,25,3.6433,0.0022,0,0
5613,85753,12.883,1401,false,4,1414,1407,7,0,0,1408,17,3.2382,0.0017,0,0
5614,85767,13.345,1402,true,4,1414,1408,6,0,0,1408,24,3.2382,0.0017,0,0
5615,85769,2.018,1402,false,4,1414,1408,6,0,0,1408,24,3.2382,0.0017,0,0
5616,85784,15.222,1402,false,4,1414,1408,6,0,0,1409,24,3.2382,0.0017,0,0
5617,85800,15.696,1403,true,5,1415,1409,6,0,0,1409,24,4.6791,0.0024,0,0
5618,85803,3.304,1403,false,5,1416,1409,7,0,0,1409,24,4.6791,0.0024,0,0
5619,85807,3.715,1403,false,5,1416,1409,7,0,0,1409,37,4.6791,0.0024,0,0
5620,85816,9.012,1403,false,5,1416,1409,7,0,0,1409,35,4.6791,0.0024,0,0
5621,85820,4.593,1403,false,5,1416,1409,7,0,0,1409,23,4.6791,0.0024,0,0
5622,85831,10.823,1403,false,5,1416,1409,7,0,0,1410,20,4.1043,0.0025,0,0
5623,85847,15.672,1404,true,5,1416,1410,6,0,0,1410,27,4.1043,0.0025,0,0
5624,85850,3.142,1404,false,5,1416,1410,6,0,0,1410,27,4.1043,0.0025,0,0
5625,85854,3.765,1404,false,5,1416,1410,6,0,0,1410,27,4.1043,0.0025,0,0
5626,85863,9.194,1404,false,5,1417,1410,7,0,0,1410,27,4.1043,0.0025,0,0
5627,85867,4.562,1404,false,5,1417,1410,7,0,0,1411,32,4.1043,0.0025,0,0
5628,85880,12.287,1405,true,4,1417,1411,6,0,0,1411,20,4.5829,0.0021,0,0
5629,85882,1.982,1405,false,4,1417,1411,6,0,0,1411,20,4.5829,0.0021,0,0
5630,85893,11.656,1405,false,4,1417,1411,6,0,0,1411,20,4.5829,0.0021,0,0
5631,85896,2.616,1405,false,4,1418,1411,7,0,0,1411,20,4.5829,0.0021,0,0
5632,85909,13.025,1405,false,4,1418,1411,7,0,0,1412,25,3.3742,0.0021,0,0
5633,85921,11.722,1406,true,3,1418,1412,6,0,0,1412,22,3.3742,0.0021,0,0
5634,85922,1.703,1406,false,3,1418,1412,6,0,0,1412,22,3.3742,0.0021,0,0
5635,85942,18.868,1406,false,3,1419,1412,7,0,0,1413,22,3.5193,0.0027,0,0
5636,85954,13,1407,true,3,1419,1413,6,0,0,1413,24,3.5193,0.0027,0,0
5637,85956,1.817,1407,false,3,1419,1413,6,0,0,1413,24,3.5193,0.0027,0,0
5638,85973,16.56,1407,false,3,1420,1413,7,0,0,1414,24,3.2542,0.0019,0,0
5639,85985,12.349,1408,true,4,1420,1414,6,0,0,1414,28,3.2542,0.0019,0,0
5640,85987,1.738,1408,false,4,1420,1414,6,0,0,1414,28,3.2542,0.0019,0,0
5641,86004,17.147,1408,false,4,1420,1414,6,0,0,1415,28,5.0607,0.002,0,0
5642,86018,14.166,1409,true,4,1421,1415,6,0,0,1415,28,5.0607,0.002,0,0
5643,86020,2.41,1409,false,4,1422,1415,7,0,0,1415,28,5.0607,0.002,0,0
5644,86036,15.005,1409,false,4,1422,1415,7,0,0,1416,25,5.0607,0.002,0,0
5645,86047,11.364,1410,true,3,1422,1416,6,0,0,1416,26,3.8674,0.0024,0,0
5646,86049,1.757,1410,false,3,1422,1416,6,0,0,1416,26,3.8674,0.0024,0,0
5647,86067,17.958,1410,false,3,1423,1416,7,0,0,1417,26,3.8674,0.0024,0,0
5648,86080,13.426,1411,true,4,1423,1417,6,0,0,1417,31,3.7719,0.0018,0,0
5649,86083,2.692,1411,false,4,1424,1417,7,0,0,1417,31,3.7719,0.0018,0,0
5650,86087,4.205,1411,false,4,1424,1417,7,0,0,1417,24,3.7719,0.0018,0,0
5651,86098,10.586,1411,false,4,1424,1417,7,0,0,1417,22,3.7719,0.0018,0,0
5652,86111,13.343,1412,true,4,1424,1418,6,0,0,1418,33,4.0905,0.0024,0,0
5653,86113,1.995,1412,false,4,1424,1418,6,0,0,1418,33,4.0905,0.0024,0,0
5654,86129,16.324,1412,false,4,1425,1418,7,0,0,1418,33,4.0905,0.0024,0,0
5655,86132,2.965,1412,false,4,1425,1418,7,0,0,1418,36,4.0905,0.0024,0,0
5656,86144,11.749,1413,true,4,1425,1419,6,0,0,1419,22,4.5936,0.0028,0,0
5657,86146,2.39,1413,false,4,1425,1419,6,0,0,1419,22,4.5936,0.0028,0,0
5658,86160,13.967,1413,false,4,1425,1419,6,0,0,1419,22,4.5936,0.0028,0,0
5659,86163,2.785,1413,false,4,1426,1419,7,0,0,1419,22,4.5936,0.0028,0,0
5660,86176,12.711,1413,false,4,1426,1419,7,0,0,1420,25,3.3728,0.0018,0,0
5661,86188,12.146,1414,true,4,1426,1420,6,0,0,1420,30,3.3728,0.0018,0,0
5662,86190,1.866,1414,false,4,1426,1420,6,0,0,1420,30,3.3728,0.0018,0,0
5663,86207,16.965,1414,false,4,1427,1420,7,0,0,1421,30,4.581,0.0022,0,0
5664,86219,12.432,1415,true,4,1427,1421,6,0,0,1421,24,4.581,0.0022,0,0
5665,86221,2.17,1415,false,4,1427,1421,6,0,0,1421,24,4.581,0.0022,0,0
5666,86237,15.297,1415,false,4,1427,1421,6,0,0,1422,24,4.581,0.0022,0,0
5667,86250,13.165,1416,true,4,1428,1422,6,0,0,1422,24,3.6996,0.0024,0,0
5668,86252,2.012,1416,false,4,1428,1422,6,0,0,1422,24,3.6996,0.0024,0,0
5669,86267,15.397,1416,false,4,1429,1422,7,0,0,1423,24,3.6996,0.0024,0,0
5670,86281,14.037,1417,true,4,1429,1423,6,0,0,1423,32,3.7093,0.0026,0,0
5671,86284,2.854,1417,false,4,1430,1423,7,0,0,1423,32,3.7093,0.0026,0,0
5672,86297,13.357,1417,false,4,1430,1423,7,0,0,1423,23,3.7093,0.0026,0,0
5673,86300,2.158,1417,false,4,1430,1423,7,0,0,1423,25,3.7093,0.0026,0,0
5674,86311,11.73,1418,true,4,1430,1424,6,0,0,1424,16,3.5387,0.0027,0,0
5675,86313,2.124,1418,false,4,1430,1424,6,0,0,1424,16,3.5387,0.0027,0,0
5676,86328,14.838,1418,false,4,1430,1424,6,0,0,1424,16,3.5387,0.0027,0,0
5677,86331,2.558,1418,false,4,1431,1424,7,0,0,1424,16,3.5387,0.0027,0,0
5678,86343,12.054,1418,false,4,1431,1424,7,0,0,1425,24,3.2747,0.0021,0,0
5679,86355,11.997,1419,true,4,1431,1425,6,0,0,1425,22,3.2747,0.0021,0,0
5680,86357,1.791,1419,false,4,1431,1425,6,0,0,1425,22,3.2747,0.0021,0,0
5681,86374,17.038,1419,false,4,1432,1425,7,0,0,1426,22,3.4417,0.0024,0,0
5682,86386,11.909,1420,true,4,1432,1426,6,0,0,1426,25,3.4417,0.0024,0,0
5683,86387,1.777,1420,false,4,1432,1426,6,0,0,1426,25,3.4417,0.0024,0,0
5684,86405,17.366,1420,false,4,1433,1426,7,0,0,1427,25,3.4417,0.0024,0,0
5685,86417,12.055,1421,true,3,1433,1427,6,0,0,1427,32,6.8358,0.0027,0,0
5686,86419,1.871,1421,false,3,1433,1427,6,0,0,1427,32,6.8358,0.0027,0,0
5687,86424,5.035,1421,false,3,1434,1427,7,0,0,1427,32,6.8358,0.0027,0,0
5688,86435,11.57,1421,false,3,1434,1427,7,0,0,1428,25,6.8358,0.0027,0,0
5689,86447,11.946,1422,true,3,1434,1428,6,0,0,1428,31,3.7997,0.0021,0,0
5690,86449,1.82,1422,false,3,1434,1428,6,0,0,1428,31,3.7997,0.0021,0,0
5691,86466,16.601,1422,false,3,1434,1428,6,0,0,1428,31,3.7997,0.0021,0,0
5692,86486,20.08,1423,true,4,1435,1429,6,0,0,1429,31,3.4818,0.003,0,0
5693,86489,3.002,1423,false,4,1436,1429,7,0,0,1429,31,3.4818,0.003,0,0
5694,86493,3.889,1423,false,4,1436,1429,7,0,0,1429,25,3.4818,0.003,0,0
5695,86512,19.475,1423,false,4,1436,1429,7,0,0,1430,20,3.3886,0.0023,0,0
5696,86524,11.692,1424,true,3,1436,1430,6,0,0,1430,24,3.3886,0.0023,0,0
5697,86526,1.803,1424,false,3,1436,1430,6,0,0,1430,24,3.3886,0.0023,0,0
5698,86542,16.847,1424,false,3,1437,1430,7,0,0,1431,24,3.3481,0.0019,0,0
5699,86556,13.294,1425,true,4,1437,1431,6,0,0,1431,23,3.3481,0.0019,0,0
5700,86558,2.085,1425,false,4,1437,1431,6,0,0,1431,23,3.3481,0.0019,0,0
5701,86574,16.017,1425,false,4,1438,1431,7,0,0,1432,23,3.8597,0.0027,0,0
5702,86586,12.65,1426,true,4,1438,1432,6,0,0,1432,25,3.8597,0.0027,0,0
5703,86589,2.643,1426,false,4,1439,1432,7,0,0,1432,25,3.8597,0.0027,0,0
5704,86593,4.214,1426,false,4,1439,1432,7,0,0,1432,39,3.8597,0.0027,0,0
5705,86605,11.877,1426,false,4,1439,1432,7,0,0,1433,19,3.8597,0.0027,0,0
5706,86617,11.856,1427,true,3,1439,1433,6,0,0,1433,22,5.0418,0.0021,0,0
5707,86619,2.362,1427,false,3,1439,1433,6,0,0,1433,22,5.0418,0.0021,0,0
5708,86624,4.502,1427,false,3,1440,1433,7,0,0,1433,22,5.0418,0.0021,0,0
5709,86636,12.407,1427,false,3,1440,1433,7,0,0,1433,26,5.0418,0.0021,0,0
5710,86648,12.093,1428,true,4,1440,1434,6,0,0,1434,28,3.5251,0.0021,0,0
5711,86650,1.819,1428,false,4,1440,1434,6,0,0,1434,28,3.5251,0.0021,0,0
5712,86669,18.196,1428,false,4,1440,1434,6,0,0,1434,28,3.5251,0.0021,0,0
5713,86680,12.089,1429,true,3,1441,1435,6,0,0,1435,28,4.439,0.002,0,0
5714,86682,1.765,1429,false,3,1441,1435,6,0,0,1435,28,4.439,0.002,0,0
5715,86699,16.975,1429,false,3,1442,1435,7,0,0,1435,28,4.439,0.002,0,0
5716,86702,2.371,1429,false,3,1442,1435,7,0,0,1435,27,4.439,0.002,0,0
5717,86715,13.143,1429,false,3,1442,1435,7,0,0,1436,16,3.2846,0.0017,0,0
5718,86726,11.689,1430,true,4,1442,1436,6,0,0,1436,23,3.2846,0.0017,0,0
5719,86728,1.662,1430,false,4,1442,1436,6,0,0,1436,23,3.2846,0.0017,0,0
5720,86746,17.752,1430,false,4,1443,1436,7,0,0,1437,23,3.2624,0.002,0,0
5721,86758,11.842,1431,true,4,1443,1437,6,0,0,1437,29,3.2624,0.002,0,0
5722,86759,1.707,1431,false,4,1443,1437,6,0,0,1437,29,3.2624,0.002,0,0
5723,86778,17.92,1431,false,4,1444,1437,7,0,0,1438,29,3.2343,0.0015,0,0
5724,86790,12.648,1432,true,4,1444,1438,6,0,0,1438,28,3.2343,0.0015,0,0
5725,86792,1.688,1432,false,4,1444,1438,6,0,0,1438,28,3.2343,0.0015,0,0
5726,86808,16.466,1432,false,4,1445,1438,7,0,0,1439,28,4.8433,0.0016,0,0
5727,86821,13.36,1433,true,3,1445,1439,6,0,0,1439,23,4.8433,0.0016,0,0
5728,86823,1.957,1433,false,3,1445,1439,6,0,0,1439,23,4.8433,0.0016,0,0
5729,86828,4.939,1433,false,3,1446,1439,7,0,0,1439,23,4.8433,0.0016,0,0
5730,86839,10.448,1433,false,3,1446,1439,7,0,0,1440,25,3.2869,0.0026,0,0
5731,86851,12.562,1434,true,3,1446,1440,6,0,0,1440,24,3.2869,0.0026,0,0
5732,86853,1.798,1434,false,3,1446,1440,6,0,0,1440,24,3.2869,0.0026,0,0
5733,86871,17.16,1434,false,3,1447,1440,7,0,0,1441,24,3.7091,0.0017,0,0
5734,86882,11.875,1435,true,3,1447,1441,6,0,0,1441,23,3.7091,0.0017,0,0
5735,86884,1.9,1435,false,3,1447,1441,6,0,0,1441,23,3.7091,0.0017,0,0
5736,86902,17.469,1435,false,3,1448,1441,7,0,0,1442,23,3.125,0.0019,0,0
5737,86914,12.118,1436,true,4,1448,1442,6,0,0,1442,27,3.125,0.0019,0,0
5738,86915,1.768,1436,false,4,1448,1442,6,0,0,1442,27,3.125,0.0019,0,0
5739,86921,5.125,1436,false,4,1449,1442,7,0,0,1442,27,3.125,0.0019,0,0
5740,86933,11.554,1436,false,4,1449,1442,7,0,0,1443,29,3.125,0.0019,0,0
5741,86945,12.901,1437,true,3,1449,1443,6,0,0,1443,45,6.2072,0.0022,0,0
5742,86947,1.679,1437,false,3,1449,1443,6,0,0,1443,45,6.2072,0.0022,0,0
5743,86963,16.433,1437,false,3,1450,1443,7,0,0,1443,45,6.2072,0.0022,0,0
5744,86975,11.872,1438,true,3,1450,1444,6,0,0,1444,34,3.2669,0.0021,0,0
5745,86977,1.703,1438,false,3,1450,1444,6,0,0,1444,34,3.2669,0.0021,0,0
5746,86995,17.716,1438,false,3,1451,1444,7,0,0,1444,34,3.2669,0.0021,0,0
5747,86997,2.742,1438,false,3,1451,1444,7,0,0,1444,29,3.2669,0.0021,0,0
5748,87009,11.965,1438,false,3,1451,1444,7,0,0,1445,18,4.5349,0.0021,0,0
5749,87020,11.336,1439,true,3,1451,1445,6,0,0,1445,23,4.5349,0.0021,0,0
5750,87022,1.797,1439,false,3,1451,1445,6,0,0,1445,23,4.5349,0.0021,0,0
5751,87040,17.77,1439,false,3,1451,1445,6,0,0,1446,23,3.4434,0.0022,0,0
5752,87052,11.927,1440,true,3,1452,1446,6,0,0,1446,23,3.4434,0.0022,0,0
5753,87054,1.752,1440,false,3,1452,1446,6,0,0,1446,23,3.4434,0.0022,0,0
5754,87071,16.96,1440,false,3,1452,1446,6,0,0,1447,23,3.2982,0.002,0,0
5755,87085,14.037,1441,true,3,1453,1447,6,0,0,1447,23,3.2982,0.002,0,0
5756,87087,2.445,1441,false,3,1454,1447,7,0,0,1447,23,3.2982,0.002,0,0
5757,87102,14.981,1441,false,3,1454,1447,7,0,0,1448,26,3.2982,0.002,0,0
5758,87116,13.49,1442,true,4,1454,1448,6,0,0,1448,30,4.6446,0.0022,0,0
5759,87118,2.354,1442,false,4,1454,1448,6,0,0,1448,30,4.6446,0.0022,0,0
5760,87123,4.538,1442,false,4,1455,1448,7,0,0,1448,30,4.6446,0.0022,0,0
5761,87133,10.305,1442,false,4,1455,1448,7,0,0,1448,27,4.6446,0.0022,0,0
5762,87136,3.482,1442,false,4,1455,1448,7,0,0,1448,21,4.6446,0.0022,0,0
5763,87148,11.696,1443,true,3,1455,1449,6,0,0,1449,16,3.3368,0.0019,0,0
5764,87150,2.11,1443,false,3,1455,1449,6,0,0,1449,16,3.3368,0.0019,0,0
5765,87164,13.371,1443,false,3,1455,1449,6,0,0,1449,16,3.3368,0.0019,0,0
5766,87166,2.615,1443,false,3,1456,1449,7,0,0,1449,16,3.3368,0.0019,0,0
5767,87179,12.696,1443,false,3,1456,1449,7,0,0,1450,25,3.3368,0.0019,0,0
5768,87194,15.467,1444,true,6,1456,1450,6,0,0,1450,20,3.7158,0.0019,0,0
5769,87197,2.238,1444,false,6,1456,1450,6,0,0,1450,20,3.7158,0.0019,0,0
5770,87210,13.323,1444,false,6,1457,1450,7,0,0,1451,20,3.7158,0.0019,0,0
5771,87228,17.8,1445,true,5,1457,1451,6,0,0,1451,26,7.0176,0.0035,0,0
5772,87230,1.956,1445,false,5,1457,1451,6,0,0,1451,26,7.0176,0.0035,0,0
5773,87239,8.91,1445,false,5,1458,1451,7,0,0,1451,26,7.0176,0.0035,0,0
5774,87242,2.894,1445,false,5,1458,1451,7,0,0,1451,27,7.0176,0.0035,0,0
5775,87256,14.667,1445,false,5,1458,1451,7,0,0,1452,23,7.0176,0.0035,0,0
5776,87269,12.529,1446,true,4,1458,1452,6,0,0,1452,27,4.0589,0.0025,0,0
5777,87272,3.132,1446,false,4,1458,1452,6,0,0,1452,27,4.0589,0.0025,0,0
5778,87276,3.759,1446,false,4,1459,1452,7,0,0,1452,27,4.0589,0.0025,0,0
5779,87287,11.313,1446,false,4,1459,1452,7,0,0,1452,35,4.0589,0.0025,0,0
5780,87289,2.518,1446,false,4,1459,1452,7,0,0,1452,27,4.0589,0.0025,0,0
5781,87303,13.043,1446,false,4,1459,1452,7,0,0,1453,17,3.1977,0.0018,0,0
5782,87317,14.592,1447,true,4,1459,1453,6,0,0,1453,23,3.1977,0.0018,0,0
5783,87320,2.713,1447,false,4,1459,1453,6,0,0,1453,23,3.1977,0.0018,0,0
5784,87354,33.954,1448,true,4,1460,1454,6,0,0,1454,23,3.3324,0.0031,0,0
5785,87355,1.542,1448,false,4,1460,1454,6,0,0,1454,23,3.3324,0.0031,0,0
5786,87366,10.413,1448,false,4,1460,1454,6,0,0,1455,23,3.2096,0.0017,0,0
5787,87373,6.924,1449,true,4,1460,1455,5,0,0,1455,23,3.2096,0.0017,0,0
5788,87520,147.246,1450,true,4,1460,1459,1,0,0,1459,23,3.3309,0.002,0,0
5789,87522,2.052,1450,false,4,1460,1459,1,0,0,1459,23,3.3309,0.002,0,0
5790,87536,14.282,1450,false,4,1460,1459,1,0,0,1459,23,3.3309,0.002,0,0
5791,87538,1.766,1450,false,4,1460,1459,1,0,0,1459,23,3.3309,0.002,0,0
5792,87551,13.499,1450,false,4,1460,1459,1,0,0,1459,23,3.3309,0.002,0,0
5793,87553,1.826,1450,false,4,1460,1459,1,0,0,1459,23,3.3309,0.002,0,0
5794,87567,13.992,1450,false,4,1460,1459,1,0,0,1459,23,3.3309,0.002,0,0
5795,87569,1.771,1450,false,4,1460,1459,1,0,0,1459,23,3.3309,0.002,0,0
5796,87583,14.096,1450,false,4,1460,1459,1,0,0,1459,23,3.3309,0.002,0,0
5797,87585,1.809,1450,false,4,1460,1459,1,0,0,1459,23,3.3309,0.002,0,0
5798,87599,14.17,1450,false,4,1460,1459,1,0,0,1459,23,3.3309,0.002,0,0
5799,87601,1.898,1450,false,4,1460,1459,1,0,0,1459,23,3.3309,0.002,0,0
5800,87614,13.505,1450,false,4,1460,1459,1,0,0,1459,23,3.3309,0.002,0,0
5801,87616,1.794,1450,false,4,1460,1459,1,0,0,1459,23,3.3309,0.002,0,0
5802,87630,13.686,1450,false,4,1460,1459,1,0,0,1459,23,3.3309,0.002,0,0
5803,87632,1.675,1450,false,4,1460,1459,1,0,0,1459,23,3.3309,0.002,0,0
5804,87646,14.093,1450,false,4,1460,1459,1,0,0,1459,23,3.3309,0.002,0,0
5805,87647,1.835,1450,false,4,1460,1459,1,0,0,1459,23,3.3309,0.002,0,0
5806,87661,13.596,1450,false,4,1460,1459,1,0,0,1459,23,3.3309,0.002,0,0
5807,87663,1.845,1450,false,4,1460,1459,1,0,0,1459,23,3.3309,0.002,0,0
5808,87677,13.97,1450,false,4,1460,1459,1,0,0,1459,23,3.3309,0.002,0,0
5809,87678,1.544,1450,false,4,1460,1459,1,0,0,1459,23,3.3309,0.002,0,0
5810,87693,14.39,1450,false,4,1460,1459,1,0,0,1459,23,3.3309,0.002,0,0
5811,87695,2.339,1450,false,4,1460,1459,1,0,0,1459,23,3.3309,0.002,0,0
5812,87709,13.266,1450,false,4,1460,1459,1,0,0,1459,23,3.3309,0.002,0,0
5813,87710,1.66,1450,false,4,1460,1459,1,0,0,1459,23,3.3309,0.002,0,0
5814,87723,13.167,1450,false,4,1460,1459,1,0,0,1459,23,3.3309,0.002,0,0
5815,87726,2.089,1450,false,4,1460,1459,1,0,0,1459,23,3.3309,0.002,0,0
5816,87740,14.201,1450,false,4,1460,1459,1,0,0,1459,23,3.3309,0.002,0,0
5817,87741,1.66,1450,false,4,1460,1459,1,0,0,1459,23,3.3309,0.002,0,0
5818,87755,13.724,1450,false,4,1460,1459,1,0,0,1459,23,3.3309,0.002,0,0
5819,87757,1.757,1450,false,4,1460,1459,1,0,0,1459,23,3.3309,0.002,0,0
5820,87771,13.866,1450,false,4,1460,1459,1,0,0,1459,23,3.3309,0.002,0,0
5821,87772,1.652,1450,false,4,1460,1459,1,0,0,1459,23,3.3309,0.002,0,0
5822,87786,13.881,1450,false,4,1460,1459,1,0,0,1459,23,3.3309,0.002,0,0
5823,87788,1.916,1450,false,4,1460,1459,1,0,0,1459,23,3.3309,0.002,0,0
5824,88812,1023.661,1450,false,4,1460,1459,1,0,0,1459,23,3.3309,0.002,0,0
5825,88814,2.771,1450,false,4,1460,1459,1,0,0,1459,23,3.3309,0.002,0,0
5826,88830,15.299,1450,false,4,1461,1459,2,0,0,1459,23,4.8968,0.0023,0,0
5827,88838,8.501,1450,false,4,1462,1459,3,0,0,1459,23,4.8968,0.0023,0,0
5828,88841,2.395,1450,false,4,1462,1459,3,0,0,1459,23,4.8968,0.0023,0,0
5829,88854,12.885,1450,false,4,1462,1459,3,0,0,1459,23,4.8968,0.0023,0,0
5830,88866,12.884,1451,true,4,1463,1460,3,0,0,1460,23,3.5052,0.0032,0,0
5831,88868,1.992,1451,false,4,1463,1460,3,0,0,1460,23,3.5052,0.0032,0,0
5832,88885,16.173,1451,false,4,1463,1460,3,0,0,1460,23,3.5052,0.0032,0,0
5833,88897,12.728,1452,true,4,1464,1461,3,0,0,1461,23,3.4184,0.0024,0,0
5834,88899,1.742,1452,false,4,1464,1461,3,0,0,1461,23,3.4184,0.0024,0,0
5835,88907,7.902,1452,false,4,1465,1461,4,0,0,1461,23,3.4184,0.0024,0,0
5836,88915,8.371,1452,false,4,1465,1461,4,0,0,1461,23,3.4184,0.0024,0,0
5837,88923,7.292,1452,false,4,1466,1461,5,0,0,1461,23,3.4184,0.0024,0,0
5838,88925,2.256,1452,false,4,1466,1461,5,0,0,1462,23,3.4184,0.0024,0,0
5839,88937,12.392,1453,true,4,1467,1462,5,0,0,1462,23,3.5668,0.0022,0,0
5840,88939,1.752,1453,false,4,1467,1462,5,0,0,1462,23,3.5668,0.0022,0,0
5841,88946,6.585,1453,false,4,1467,1462,5,0,0,1462,23,3.5668,0.0022,0,0
5842,88953,7.149,1453,false,4,1468,1462,6,0,0,1462,23,3.5668,0.0022,0,0
5843,88960,7.598,1453,false,4,1468,1462,6,0,0,1463,23,3.5668,0.0022,0,0
5844,88967,7.099,1454,true,4,1468,1463,5,0,0,1463,23,5.7034,0.0025,0,0
5845,88976,8.882,1454,false,4,1469,1463,6,0,0,1463,23,5.7034,0.0025,0,0
5846,88991,14.063,1454,false,4,1469,1463,6,0,0,1463,23,5.7034,0.0025,0,0
5847,88993,2.457,1454,false,4,1469,1463,6,0,0,1463,23,5.7034,0.0025,0,0
5848,89006,13.421,1455,true,4,1470,1464,6,0,0,1464,23,3.3247,0.0022,0,0
5849,89008,1.895,1455,false,4,1470,1464,6,0,0,1464,23,3.3247,0.0022,0,0
5850,89021,13.076,1455,false,4,1471,1464,7,0,0,1464,23,3.3247,0.0022,0,0
5851,89023,2.249,1455,false,4,1471,1464,7,0,0,1464,27,3.3247,0.0022,0,0
5852,89028,4.452,1455,false,4,1471,1464,7,0,0,1465,29,3.3247,0.0022,0,0
5853,89040,11.787,1456,true,3,1471,1465,6,0,0,1465,24,3.6108,0.002,0,0
5854,89042,1.975,1456,false,3,1471,1465,6,0,0,1465,24,3.6108,0.002,0,0
5855,89053,10.967,1456,false,3,1471,1465,6,0,0,1465,24,3.6108,0.002,0,0
5856,89056,2.831,1456,false,3,1472,1465,7,0,0,1465,24,3.6108,0.002,0,0
5857,89068,12.806,1456,false,3,1472,1465,7,0,0,1466,27,3.3418,0.0021,0,0
5858,89080,11.42,1457,true,3,1472,1466,6,0,0,1466,24,3.3418,0.0021,0,0
5859,89081,1.673,1457,false,3,1472,1466,6,0,0,1466,24,3.3418,0.0021,0,0
5860,89100,17.924,1457,false,3,1473,1466,7,0,0,1467,24,4.4583,0.0021,0,0
5861,89113,13.423,1458,true,4,1473,1467,6,0,0,1467,33,4.4583,0.0021,0,0
5862,89115,2.155,1458,false,4,1473,1467,6,0,0,1467,33,4.4583,0.0021,0,0
5863,89131,15.429,1458,false,4,1473,1467,6,0,0,1468,33,3.4064,0.0024,0,0
5864,89143,12.476,1459,true,4,1474,1468,6,0,0,1468,33,3.4064,0.0024,0,0
5865,89145,2.203,1459,false,4,1475,1468,7,0,0,1468,33,3.4064,0.0024,0,0
5866,89162,16.669,1459,false,4,1475,1468,7,0,0,1469,23,4.2082,0.0017,0,0
5867,89173,11.676,1460,true,3,1475,1469,6,0,0,1469,25,4.2082,0.0017,0,0
5868,89175,2.14,1460,false,3,1475,1469,6,0,0,1469,25,4.2082,0.0017,0,0
5869,89194,17.85,1460,false,3,1476,1469,7,0,0,1470,25,3.4488,0.0016,0,0
5870,89205,11.877,1461,true,3,1476,1470,6,0,0,1470,31,3.4488,0.0016,0,0
5871,89207,1.851,1461,false,3,1476,1470,6,0,0,1470,31,3.4488,0.0016,0,0
5872,89224,16.723,1461,false,3,1477,1470,7,0,0,1471,31,3.253,0.0019,0,0
5873,89236,12.289,1462,true,3,1477,1471,6,0,0,1471,26,3.253,0.0019,0,0
5874,89238,1.84,1462,false,3,1477,1471,6,0,0,1471,26,3.253,0.0019,0,0
5875,89255,16.849,1462,false,3,1477,1471,6,0,0,1472,26,3.8485,0.0022,0,0
5876,89268,13.452,1463,true,3,1478,1472,6,0,0,1472,26,3.8485,0.0022,0,0
5877,89271,2.834,1463,false,3,1479,1472,7,0,0,1472,26,3.8485,0.0022,0,0
5878,89275,4.067,1463,false,3,1479,1472,7,0,0,1472,24,3.8485,0.0022,0,0
5879,89285,9.931,1463,false,3,1479,1472,7,0,0,1472,50,3.8485,0.0022,0,0
5880,89298,13.102,1464,true,4,1479,1473,6,0,0,1473,23,5.0091,0.0028,0,0
5881,89300,1.96,1464,false,4,1479,1473,6,0,0,1473,23,5.0091,0.0028,0,0
5882,89316,15.399,1464,false,4,1480,1473,7,0,0,1473,23,5.0091,0.0028,0,0
5883,89318,2.532,1464,false,4,1480,1473,7,0,0,1473,28,5.0091,0.0028,0,0
5884,89331,12.383,1464,false,4,1480,1473,7,0,0,1474,20,3.7487,0.0022,0,0
5885,89342,11.837,1465,true,3,1480,1474,6,0,0,1474,20,3.7487,0.0022,0,0
5886,89344,1.883,1465,false,3,1480,1474,6,0,0,1474,20,3.7487,0.0022,0,0
5887,89362,17.763,1465,false,3,1481,1474,7,0,0,1475,20,3.7487,0.0022,0,0
5888,89374,12.087,1466,true,4,1481,1475,6,0,0,1475,28,8.1336,0.0029,0,0
5889,89376,1.725,1466,false,4,1481,1475,6,0,0,1475,28,8.1336,0.0029,0,0
5890,89393,17.263,1466,false,4,1482,1475,7,0,0,1475,28,8.1336,0.0029,0,0
5891,89407,13.771,1467,true,5,1482,1476,6,0,0,1476,27,3.2531,0.002,0,0
5892,89409,2.353,1467,false,5,1482,1476,6,0,0,1476,27,3.2531,0.002,0,0
5893,89423,13.996,1467,false,5,1483,1476,7,0,0,1476,27,3.2531,0.002,0,0
5894,89426,2.688,1467,false,5,1483,1476,7,0,0,1476,36,3.2531,0.002,0,0
5895,89437,11.679,1468,true,4,1483,1477,6,0,0,1477,27,3.3954,0.0024,0,0
5896,89440,2.153,1468,false,4,1483,1477,6,0,0,1477,27,3.3954,0.0024,0,0
5897,89455,15.295,1468,false,4,1484,1477,7,0,0,1477,27,3.3954,0.0024,0,0
5898,89458,2.803,1468,false,4,1484,1477,7,0,0,1477,28,3.3954,0.0024,0,0
5899,89472,13.464,1468,false,4,1484,1477,7,0,0,1478,19,3.2848,0.0019,0,0
5900,89486,14.575,1469,true,6,1484,1478,6,0,0,1478,28,3.2848,0.0019,0,0
5901,89488,2.203,1469,false,6,1484,1478,6,0,0,1478,28,3.2848,0.0019,0,0
5902,89493,4.698,1469,false,6,1485,1478,7,0,0,1479,28,3.2848,0.0019,0,0
5903,89506,12.857,1470,true,4,1485,1479,6,0,0,1479,24,3.3807,0.0022,0,0
5904,89507,1.82,1470,false,4,1485,1479,6,0,0,1479,24,3.3807,0.0022,0,0
5905,89518,10.63,1470,false,4,1485,1479,6,0,0,1479,24,3.3807,0.0022,0,0
5906,89521,3.164,1470,false,4,1486,1479,7,0,0,1479,24,3.3807,0.0022,0,0
5907,89534,12.351,1470,false,4,1486,1479,7,0,0,1480,25,3.4181,0.0023,0,0
5908,89545,11.582,1471,true,3,1486,1480,6,0,0,1480,24,3.4181,0.0023,0,0
5909,89547,1.705,1471,false,3,1486,1480,6,0,0,1480,24,3.4181,0.0023,0,0
5910,89565,17.601,1471,false,3,1487,1480,7,0,0,1481,24,4.5196,0.0022,0,0
5911,89576,12.075,1472,true,3,1487,1481,6,0,0,1481,31,4.5196,0.0022,0,0
5912,89578,1.806,1472,false,3,1487,1481,6,0,0,1481,31,4.5196,0.0022,0,0
5913,89597,18.535,1472,false,3,1487,1481,6,0,0,1482,31,3.744,0.002,0,0
5914,89616,18.929,1473,true,4,1488,1482,6,0,0,1482,31,3.744,0.002,0,0
5915,89618,2.73,1473,false,4,1489,1482,7,0,0,1482,31,3.744,0.002,0,0
5916,89628,9.626,1473,false,4,1489,1482,7,0,0,1483,26,3.744,0.002,0,0
5917,89640,11.522,1474,true,3,1489,1483,6,0,0,1483,25,4.7179,0.003,0,0
5918,89641,1.813,1474,false,3,1489,1483,6,0,0,1483,25,4.7179,0.003,0,0
5919,89659,17.671,1474,false,3,1490,1483,7,0,0,1483,25,4.7179,0.003,0,0
5920,89673,13.54,1475,true,4,1490,1484,6,0,0,1484,47,3.2598,0.0022,0,0
5921,89675,2.285,1475,false,4,1490,1484,6,0,0,1484,47,3.2598,0.0022,0,0
5922,89690,14.892,1475,false,4,1491,1484,7,0,0,1484,47,3.2598,0.0022,0,0
5923,89692,2.584,1475,false,4,1491,1484,7,0,0,1484,28,3.2598,0.0022,0,0
5924,89704,11.491,1476,true,4,1491,1485,6,0,0,1485,19,3.2255,0.002,0,0
5925,89707,2.658,1476,false,4,1491,1485,6,0,0,1485,19,3.2255,0.002,0,0
5926,89711,4.26,1476,false,4,1492,1485,7,0,0,1485,19,3.2255,0.002,0,0
5927,89721,10.173,1476,false,4,1492,1485,7,0,0,1485,23,3.2255,0.002,0,0
5928,89725,3.607,1476,false,4,1492,1485,7,0,0,1485,26,3.2255,0.002,0,0
5929,89737,12.736,1477,true,4,1492,1486,6,0,0,1486,21,3.299,0.0032,0,0
5930,89740,2.602,1477,false,4,1492,1486,6,0,0,1486,21,3.299,0.0032,0,0
5931,89752,11.577,1477,false,4,1492,1486,6,0,0,1486,21,3.299,0.0032,0,0
5932,89754,2.994,1477,false,4,1493,1486,7,0,0,1486,21,3.299,0.0032,0,0
5933,89767,12.759,1477,false,4,1493,1486,7,0,0,1487,25,5.6351,0.0027,0,0
5934,89780,12.752,1478,true,4,1493,1487,6,0,0,1487,20,5.6351,0.0027,0,0
5935,89783,2.833,1478,false,4,1493,1487,6,0,0,1487,20,5.6351,0.0027,0,0
5936,89787,4.062,1478,false,4,1494,1487,7,0,0,1487,20,5.6351,0.0027,0,0
5937,89798,11.358,1478,false,4,1494,1487,7,0,0,1488,26,5.6351,0.0027,0,0
5938,89812,13.482,1479,true,4,1494,1488,6,0,0,1488,33,4.341,0.0026,0,0
5939,89814,2.396,1479,false,4,1494,1488,6,0,0,1488,33,4.341,0.0026,0,0
5940,89829,14.449,1479,false,4,1494,1488,6,0,0,1488,33,4.341,0.0026,0,0
5941,89841,12.448,1480,true,4,1495,1489,6,0,0,1489,33,3.5261,0.0026,0,0
5942,89843,1.778,1480,false,4,1495,1489,6,0,0,1489,33,3.5261,0.0026,0,0
5943,89848,5.125,1480,false,4,1496,1489,7,0,0,1489,33,3.5261,0.0026,0,0
5944,89859,11.273,1480,false,4,1496,1489,7,0,0,1489,25,3.5261,0.0026,0,0
5945,89862,2.513,1480,false,4,1496,1489,7,0,0,1489,24,3.5261,0.0026,0,0
5946,89875,13.371,1480,false,4,1496,1489,7,0,0,1490,16,3.3,0.0016,0,0
5947,89887,11.815,1481,true,3,1496,1490,6,0,0,1490,36,3.3,0.0016,0,0
5948,89889,1.642,1481,false,3,1496,1490,6,0,0,1490,36,3.3,0.0016,0,0
5949,89907,18.034,1481,false,3,1496,1490,6,0,0,1491,36,3.3,0.0016,0,0
5950,89918,11.74,1482,true,3,1497,1491,6,0,0,1491,36,4.7814,0.0024,0,0
5951,89920,1.647,1482,false,3,1497,1491,6,0,0,1491,36,4.7814,0.0024,0,0
5952,89937,17.071,1482,false,3,1498,1491,7,0,0,1491,36,4.7814,0.0024,0,0
5953,89940,2.716,1482,false,3,1498,1491,7,0,0,1492,29,4.7814,0.0024,0,0
5954,89953,12.714,1483,true,4,1498,1492,6,0,0,1492,17,3.1749,0.0019,0,0
5955,89954,1.952,1483,false,4,1498,1492,6,0,0,1492,17,3.1749,0.0019,0,0
5956,89959,4.922,1483,false,4,1499,1492,7,0,0,1492,17,3.1749,0.0019,0,0
5957,89968,9.061,1483,false,4,1499,1492,7,0,0,1492,25,3.1749,0.0019,0,0
5958,89984,15.357,1483,false,4,1499,1492,7,0,0,1493,32,4.7438,0.0019,0,0
5959,89999,14.767,1484,true,6,1499,1493,6,0,0,1493,25,4.7438,0.0019,0,0
5960,90001,2.476,1484,false,6,1499,1493,6,0,0,1493,25,4.7438,0.0019,0,0
5961,90005,4.415,1484,false,6,1500,1493,7,0,0,1493,25,4.7438,0.0019,0,0
5962,90016,9.901,1484,false,6,1500,1493,7,0,0,1494,28,3.2888,0.0018,0,0
5963,90028,12.66,1485,true,4,1500,1494,6,0,0,1494,26,3.2888,0.0018,0,0
5964,90030,1.697,1485,false,4,1500,1494,6,0,0,1494,26,3.2888,0.0018,0,0
5965,90047,17.251,1485,false,4,1501,1494,7,0,0,1495,26,3.4703,0.0022,0,0
5966,90064,16.565,1486,true,5,1501,1495,6,0,0,1495,22,3.4703,0.0022,0,0
5967,90066,2.4,1486,false,5,1501,1495,6,0,0,1495,22,3.4703,0.0022,0,0
5968,90070,4.46,1486,false,5,1502,1495,7,0,0,1495,22,3.4703,0.0022,0,0
5969,90078,7.925,1486,false,5,1502,1495,7,0,0,1496,25,3.2457,0.0014,0,0
5970,90091,12.863,1487,true,4,1502,1496,6,0,0,1496,25,3.2457,0.0014,0,0
5971,90094,2.567,1487,false,4,1502,1496,6,0,0,1496,25,3.2457,0.0014,0,0
5972,90098,4.329,1487,false,4,1503,1496,7,0,0,1496,25,3.2457,0.0014,0,0
5973,90108,9.907,1487,false,4,1503,1496,7,0,0,1496,26,3.2457,0.0014,0,0
5974,90121,12.945,1488,true,4,1503,1497,6,0,0,1497,26,3.2994,0.002,0,0
5975,90123,2.115,1488,false,4,1503,1497,6,0,0,1497,26,3.2994,0.002,0,0
5976,90140,16.678,1488,false,4,1503,1497,6,0,0,1497,26,3.2994,0.002,0,0
5977,90152,12.655,1489,true,4,1504,1498,6,0,0,1498,26,3.2286,0.0019,0,0
5978,90154,2.044,1489,false,4,1504,1498,6,0,0,1498,26,3.2286,0.0019,0,0
5979,90171,16.319,1489,false,4,1505,1498,7,0,0,1498,26,3.2286,0.0019,0,0
5980,90173,2.397,1489,false,4,1505,1498,7,0,0,1499,29,3.2286,0.0019,0,0
5981,90180,6.645,1490,true,4,1505,1499,6,0,0,1499,17,6.7814,0.0022,0,0
5982,90188,7.862,1490,false,4,1505,1499,6,0,0,1499,24,6.7814,0.0022,0,0
5983,90191,3.709,1490,false,4,1505,1499,6,0,0,1499,24,6.7814,0.0022,0,0
5984,90202,10.585,1490,false,4,1505,1499,6,0,0,1499,24,6.7814,0.0022,0,0
5985,90205,3.214,1490,false,4,1506,1499,7,0,0,1499,24,6.7814,0.0022,0,0
5986,90218,12.244,1490,false,4,1506,1499,7,0,0,1500,26,3.4922,0.0024,0,0
5987,90230,12.551,1491,true,4,1506,1500,6,0,0,1500,45,3.4922,0.0024,0,0
5988,90232,2.415,1491,false,4,1506,1500,6,0,0,1500,45,3.4922,0.0024,0,0
5989,90248,15.501,1491,false,4,1507,1500,7,0,0,1501,45,3.4922,0.0024,0,0
5990,90260,12.32,1492,true,4,1507,1501,6,0,0,1501,29,4.2083,0.0029,0,0
5991,90262,1.914,1492,false,4,1507,1501,6,0,0,1501,29,4.2083,0.0029,0,0
5992,90279,16.516,1492,false,4,1507,1501,6,0,0,1502,29,4.2083,0.0029,0,0
5993,90293,13.928,1493,true,4,1508,1502,6,0,0,1502,29,4.9125,0.0026,0,0
5994,90295,1.979,1493,false,4,1508,1502,6,0,0,1502,29,4.9125,0.0026,0,0
5995,90300,4.934,1493,false,4,1509,1502,7,0,0,1502,29,4.9125,0.0026,0,0
5996,90306,6.867,1493,false,4,1509,1502,7,0,0,1502,84,4.9125,0.0026,0,0
5997,90325,18.575,1493,false,4,1509,1502,7,0,0,1503,32,3.4677,0.0028,0,0
5998,90339,13.673,1494,true,4,1509,1503,6,0,0,1503,26,3.4677,0.0028,0,0
5999,90341,2.106,1494,false,4,1509,1503,6,0,0,1503,26,3.4677,0.0028,0,0
6000,90357,16.468,1494,false,4,1510,1503,7,0,0,1504,26,3.5591,0.0026,0,0
6001,90377,19.642,1495,true,9,1510,1504,6,0,0,1504,30,3.5591,0.0026,0,0
6002,90379,2.715,1495,false,9,1511,1504,7,0,0,1504,30,3.5591,0.0026,0,0
6003,90387,7.916,1495,false,9,1511,1504,7,0,0,1505,25,3.5591,0.0026,0,0
6004,90399,11.785,1496,true,3,1511,1505,6,0,0,1505,21,4.5482,0.0023,0,0
6005,90402,2.651,1496,false,3,1512,1505,7,0,0,1505,21,4.5482,0.0023,0,0
6006,90406,4.214,1496,false,3,1512,1505,7,0,0,1505,25,4.5482,0.0023,0,0
6007,90418,12.192,1496,false,3,1512,1505,7,0,0,1506,20,4.5482,0.0023,0,0
6008,90430,11.494,1497,true,3,1512,1506,6,0,0,1506,25,3.3693,0.0024,0,0
6009,90432,1.947,1497,false,3,1512,1506,6,0,0,1506,25,3.3693,0.0024,0,0
6010,90449,17.518,1497,false,3,1513,1506,7,0,0,1507,25,3.3693,0.0024,0,0
6011,90463,13.351,1498,true,4,1513,1507,6,0,0,1507,26,4.9287,0.0022,0,0
6012,90465,1.914,1498,false,4,1513,1507,6,0,0,1507,26,4.9287,0.0022,0,0
6013,90469,4.99,1498,false,4,1514,1507,7,0,0,1507,26,4.9287,0.0022,0,0
6014,90481,11.51,1498,false,4,1514,1507,7,0,0,1507,24,4.9287,0.0022,0,0
6015,90493,12.151,1499,true,4,1514,1508,6,0,0,1508,26,3.3958,0.0022,0,0
6016,90496,2.187,1499,false,4,1514,1508,6,0,0,1508,26,3.3958,0.0022,0,0
6017,90512,16.241,1499,false,4,1514,1508,6,0,0,1508,26,3.3958,0.0022,0,0
6018,90515,3.248,1499,false,4,1515,1508,7,0,0,1509,26,3.3958,0.0022,0,0
6019,90526,11.175,1500,true,3,1515,1509,6,0,0,1509,24,3.4691,0.002,0,0
6020,90528,2.381,1500,false,3,1515,1509,6,0,0,1509,24,3.4691,0.002,0,0
6021,90543,14.753,1500,false,3,1516,1509,7,0,0,1509,24,3.4691,0.002,0,0
6022,90546,2.686,1500,false,3,1516,1509,7,0,0,1509,31,3.4691,0.002,0,0
6023,90558,12.087,1501,true,4,1516,1510,6,0,0,1510,16,3.4401,0.0022,0,0
6024,90560,2.257,1501,false,4,1516,1510,6,0,0,1510,16,3.4401,0.0022,0,0
6025,90574,13.659,1501,false,4,1516,1510,6,0,0,1510,16,3.4401,0.0022,0,0
6026,90577,3.231,1501,false,4,1517,1510,7,0,0,1510,16,3.4401,0.0022,0,0
6027,90581,3.545,1501,false,4,1517,1510,7,0,0,1510,26,3.4401,0.0022,0,0
6028,90595,13.868,1502,true,4,1517,1511,6,0,0,1511,20,5.1986,0.0022,0,0
6029,90597,2.45,1502,false,4,1517,1511,6,0,0,1511,20,5.1986,0.0022,0,0
6030,90602,4.417,1502,false,4,1518,1511,7,0,0,1511,20,5.1986,0.0022,0,0
6031,90621,18.889,1502,false,4,1518,1511,7,0,0,1511,42,5.1986,0.0022,0,0
6032,90624,3.286,1502,false,4,1518,1511,7,0,0,1511,33,5.1986,0.0022,0,0
6033,90636,12.381,1503,true,4,1518,1512,6,0,0,1512,23,3.3482,0.0024,0,0
6034,90638,2.064,1503,false,4,1518,1512,6,0,0,1512,23,3.3482,0.0024,0,0
6035,90652,13.717,1503,false,4,1518,1512,6,0,0,1512,23,3.3482,0.0024,0,0
6036,90655,3.12,1503,false,4,1519,1512,7,0,0,1512,23,3.3482,0.0024,0,0
6037,90667,11.813,1504,true,4,1519,1513,6,0,0,1513,27,3.3592,0.0018,0,0
6038,90668,1.924,1504,false,4,1519,1513,6,0,0,1513,27,3.3592,0.0018,0,0
6039,90682,13.209,1504,false,4,1520,1513,7,0,0,1513,27,3.3592,0.0018,0,0
6040,90684,2.09,1504,false,4,1520,1513,7,0,0,1513,45,3.3592,0.0018,0,0
6041,90698,13.576,1504,false,4,1520,1513,7,0,0,1514,16,3.2594,0.0019,0,0
6042,90710,12.328,1505,true,4,1520,1514,6,0,0,1514,24,3.2594,0.0019,0,0
6043,90711,1.793,1505,false,4,1520,1514,6,0,0,1514,24,3.2594,0.0019,0,0
6044,90729,17.275,1505,false,4,1520,1514,6,0,0,1515,24,4.3809,0.0022,0,0
6045,90741,12.307,1506,true,4,1521,1515,6,0,0,1515,24,4.3809,0.0022,0,0
6046,90743,1.681,1506,false,4,1521,1515,6,0,0,1515,24,4.3809,0.0022,0,0
6047,90760,17.428,1506,false,4,1522,1515,7,0,0,1516,24,3.1753,0.0018,0,0
6048,90773,12.566,1507,true,4,1522,1516,6,0,0,1516,27,3.1753,0.0018,0,0
6049,90775,1.806,1507,false,4,1522,1516,6,0,0,1516,27,3.1753,0.0018,0,0
6050,90792,17.232,1507,false,4,1523,1516,7,0,0,1517,27,4.2507,0.0021,0,0
6051,90804,11.754,1508,true,4,1523,1517,6,0,0,1517,24,4.2507,0.0021,0,0
6052,90806,2.34,1508,false,4,1524,1517,7,0,0,1517,24,4.2507,0.0021,0,0
6053,90824,17.399,1508,false,4,1524,1517,7,0,0,1518,21,3.2617,0.0017,0,0
6054,90835,12.219,1509,true,4,1524,1518,6,0,0,1518,23,3.2617,0.0017,0,0
6055,90837,1.879,1509,false,4,1524,1518,6,0,0,1518,23,3.2617,0.0017,0,0
6056,90854,16.505,1509,false,4,1525,1518,7,0,0,1519,23,3.2617,0.0017,0,0
6057,90868,14.058,1510,true,5,1525,1519,6,0,0,1519,27,3.9456,0.0033,0,0
6058,90871,2.638,1510,false,5,1525,1519,6,0,0,1519,27,3.9456,0.0033,0,0
6059,90875,4.223,1510,false,5,1526,1519,7,0,0,1519,27,3.9456,0.0033,0,0
6060,90885,9.972,1510,false,5,1526,1519,7,0,0,1519,29,3.9456,0.0033,0,0
6061,90897,11.943,1511,true,4,1526,1520,6,0,0,1520,26,3.3641,0.0025,0,0
6062,90898,1.787,1511,false,4,1526,1520,6,0,0,1520,26,3.3641,0.0025,0,0
6063,90915,16.483,1511,false,4,1527,1520,7,0,0,1520,26,3.3641,0.0025,0,0
6064,90917,2.452,1511,false,4,1527,1520,7,0,0,1520,28,3.3641,0.0025,0,0
6065,90929,11.546,1512,true,4,1527,1521,6,0,0,1521,21,3.3099,0.0017,0,0
6066,90931,2.365,1512,false,4,1527,1521,6,0,0,1521,21,3.3099,0.0017,0,0
6067,90946,15.05,1512,false,4,1527,1521,6,0,0,1521,21,3.3099,0.0017,0,0
6068,90949,2.753,1512,false,4,1528,1521,7,0,0,1521,21,3.3099,0.0017,0,0
6069,90966,16.65,1513,true,5,1528,1522,6,0,0,1522,24,4.9579,0.0021,0,0
6070,90969,3.018,1513,false,5,1528,1522,6,0,0,1522,24,4.9579,0.0021,0,0
6071,90973,3.826,1513,false,5,1529,1522,7,0,0,1522,24,4.9579,0.0021,0,0
6072,90993,20.374,1513,false,5,1529,1522,7,0,0,1523,25,4.9579,0.0021,0,0
6073,91009,15.53,1514,true,7,1529,1523,6,0,0,1523,25,7.0931,0.0029,0,0
6074,91011,2.227,1514,false,7,1529,1523,6,0,0,1523,25,7.0931,0.0029,0,0
6075,91024,12.72,1514,false,7,1530,1523,7,0,0,1523,25,7.0931,0.0029,0,0
6076,91039,14.665,1515,true,6,1530,1524,6,0,0,1524,29,3.9166,0.0018,0,0
6077,91041,2.556,1515,false,6,1530,1524,6,0,0,1524,29,3.9166,0.0018,0,0
6078,91045,4.334,1515,false,6,1531,1524,7,0,0,1524,29,3.9166,0.0018,0,0
6079,91055,9.279,1515,false,6,1531,1524,7,0,0,1524,25,3.9166,0.0018,0,0
6080,91059,4.523,1515,false,6,1531,1524,7,0,0,1524,38,3.9166,0.0018,0,0
6081,91070,10.606,1515,false,6,1531,1524,7,0,0,1525,19,3.2563,0.0018,0,0
6082,91082,12.262,1516,true,4,1531,1525,6,0,0,1525,25,3.2563,0.0018,0,0
6083,91084,2.217,1516,false,4,1531,1525,6,0,0,1525,25,3.2563,0.0018,0,0
6084,91101,16.715,1516,false,4,1532,1525,7,0,0,1526,25,3.232,0.0018,0,0
6085,91113,12.09,1517,true,4,1532,1526,6,0,0,1526,27,3.232,0.0018,0,0
6086,91115,1.951,1517,false,4,1532,1526,6,0,0,1526,27,3.232,0.0018,0,0
6087,91125,10.06,1517,false,4,1533,1526,7,0,0,1526,27,3.232,0.0018,0,0
6088,91127,2.313,1517,false,4,1533,1526,7,0,0,1526,29,3.232,0.0018,0,0
6089,91140,13.137,1518,true,4,1533,1527,6,0,0,1527,18,3.5303,0.0027,0,0
6090,91142,2.028,1518,false,4,1533,1527,6,0,0,1527,18,3.5303,0.0027,0,0
6091,91148,5.029,1518,false,4,1533,1527,6,0,0,1527,18,3.5303,0.0027,0,0
6092,91162,14.617,1518,false,4,1534,1527,7,0,0,1527,18,3.5303,0.0027,0,0
6093,91174,12.207,1519,true,4,1534,1528,6,0,0,1528,30,3.404,0.002,0,0
6094,91176,2.049,1519,false,4,1534,1528,6,0,0,1528,30,3.404,0.002,0,0
6095,91193,16.385,1519,false,4,1534,1528,6,0,0,1528,30,3.404,0.002,0,0
6096,91196,3.219,1519,false,4,1535,1528,7,0,0,1529,30,3.404,0.002,0,0
6097,91207,11.733,1520,true,3,1535,1529,6,0,0,1529,25,4.6022,0.0019,0,0
6098,91209,1.975,1520,false,3,1535,1529,6,0,0,1529,25,4.6022,0.0019,0,0
6099,91223,13.515,1520,false,3,1536,1529,7,0,0,1529,25,4.6022,0.0019,0,0
6100,91226,2.612,1520,false,3,1536,1529,7,0,0,1529,29,4.6022,0.0019,0,0
6101,91238,12.234,1520,false,3,1536,1529,7,0,0,1530,19,3.4192,0.0021,0,0
6102,91251,13.033,1521,true,4,1536,1530,6,0,0,1530,29,3.4192,0.0021,0,0
6103,91253,1.98,1521,false,4,1536,1530,6,0,0,1530,29,3.4192,0.0021,0,0
6104,91258,4.878,1521,false,4,1537,1530,7,0,0,1530,29,3.4192,0.0021,0,0
6105,91269,10.712,1521,false,4,1537,1530,7,0,0,1531,27,4.5031,0.002,0,0
6106,91281,12.39,1522,true,4,1537,1531,6,0,0,1531,23,4.5031,0.002,0,0
6107,91283,1.869,1522,false,4,1537,1531,6,0,0,1531,23,4.5031,0.002,0,0
6108,91299,16.582,1522,false,4,1537,1531,6,0,0,1532,23,4.5031,0.002,0,0
6109,91312,12.327,1523,true,4,1538,1532,6,0,0,1532,23,3.4742,0.0023,0,0
6110,91313,1.69,1523,false,4,1538,1532,6,0,0,1532,23,3.4742,0.0023,0,0
6111,91331,17.544,1523,false,4,1539,1532,7,0,0,1533,23,3.4742,0.0023,0,0
6112,91344,13.517,1524,true,4,1539,1533,6,0,0,1533,38,5.7327,0.0183,0,0
6113,91346,1.864,1524,false,4,1539,1533,6,0,0,1533,38,5.7327,0.0183,0,0
6114,91363,16.444,1524,false,4,1540,1533,7,0,0,1533,38,5.7327,0.0183,0,0
6115,91365,2.202,1524,false,4,1540,1533,7,0,0,1533,26,5.7327,0.0183,0,0
6116,91378,12.338,1525,true,4,1540,1534,6,0,0,1534,17,3.4909,0.0021,0,0
6117,91379,2.264,1525,false,4,1540,1534,6,0,0,1534,17,3.4909,0.0021,0,0
6118,91393,13.468,1525,false,4,1541,1534,7,0,0,1534,17,3.4909,0.0021,0,0
6119,91395,2.409,1525,false,4,1541,1534,7,0,0,1534,29,3.4909,0.0021,0,0
6120,91409,13.071,1525,false,4,1541,1534,7,0,0,1535,16,5.7571,0.0035,0,0
6121,91422,13.553,1526,true,4,1541,1535,6,0,0,1535,28,5.7571,0.0035,0,0
6122,91424,2.434,1526,false,4,1541,1535,6,0,0,1535,28,5.7571,0.0035,0,0
6123,91439,14.925,1526,false,4,1541,1535,6,0,0,1536,28,3.2507,0.0017,0,0
6124,91452,12.624,1527,true,4,1542,1536,6,0,0,1536,28,3.2507,0.0017,0,0
6125,91454,1.941,1527,false,4,1542,1536,6,0,0,1536,28,3.2507,0.0017,0,0
6126,91470,15.62,1527,false,4,1543,1536,7,0,0,1537,28,3.2507,0.0017,0,0
6127,91481,11.85,1528,true,4,1543,1537,6,0,0,1537,27,3.7716,0.0022,0,0
6128,91483,1.821,1528,false,4,1543,1537,6,0,0,1537,27,3.7716,0.0022,0,0
6129,91499,15.878,1528,false,4,1544,1537,7,0,0,1538,27,3.7716,0.0022,0,0
6130,91512,12.612,1529,true,4,1544,1538,6,0,0,1538,29,3.8403,0.0024,0,0
6131,91514,1.999,1529,false,4,1544,1538,6,0,0,1538,29,3.8403,0.0024,0,0
6132,91531,17.205,1529,false,4,1545,1538,7,0,0,1539,29,3.8403,0.0024,0,0
6133,91542,11.567,1530,true,3,1545,1539,6,0,0,1539,27,4.6429,0.0022,0,0
6134,91545,2.267,1530,false,3,1546,1539,7,0,0,1539,27,4.6429,0.0022,0,0
6135,91562,17.145,1530,false,3,1546,1539,7,0,0,1540,20,4.6429,0.0022,0,0
6136,91574,12.498,1531,true,4,1546,1540,6,0,0,1540,30,3.5806,0.0032,0,0
6137,91576,1.752,1531,false,4,1546,1540,6,0,0,1540,30,3.5806,0.0032,0,0
6138,91593,16.502,1531,false,4,1547,1540,7,0,0,1541,30,3.5806,0.0032,0,0
6139,91605,12.307,1532,true,4,1547,1541,6,0,0,1541,25,4.4886,0.002,0,0
6140,91607,1.73,1532,false,4,1547,1541,6,0,0,1541,25,4.4886,0.002,0,0
6141,91612,5.188,1532,false,4,1548,1541,7,0,0,1541,25,4.4886,0.002,0,0
6142,91623,11.255,1532,false,4,1548,1541,7,0,0,1541,24,4.4886,0.002,0,0
6143,91626,2.539,1532,false,4,1548,1541,7,0,0,1541,24,4.4886,0.002,0,0
6144,91638,12.187,1533,true,4,1548,1542,6,0,0,1542,22,3.4008,0.0032,0,0
6145,91640,2.325,1533,false,4,1548,1542,6,0,0,1542,22,3.4008,0.0032,0,0
6146,91655,14.461,1533,false,4,1548,1542,6,0,0,1542,22,3.4008,0.0032,0,0
6147,91657,2.698,1533,false,4,1549,1542,7,0,0,1542,22,3.4008,0.0032,0,0
6148,91669,11.869,1533,false,4,1549,1542,7,0,0,1543,25,3.6281,0.0023,0,0
6149,91685,15.29,1534,true,5,1549,1543,6,0,0,1543,27,3.6281,0.0023,0,0
6150,91687,2.792,1534,false,5,1549,1543,6,0,0,1543,27,3.6281,0.0023,0,0
6151,91691,4.111,1534,false,5,1550,1543,7,0,0,1543,27,3.6281,0.0023,0,0
6152,91701,9.781,1534,false,5,1550,1543,7,0,0,1544,25,3.4145,0.0019,0,0
6153,91715,13.468,1535,true,4,1550,1544,6,0,0,1544,37,3.4145,0.0019,0,0
6154,91717,2.101,1535,false,4,1550,1544,6,0,0,1544,37,3.4145,0.0019,0,0
6155,91732,15.026,1535,false,4,1550,1544,6,0,0,1545,37,3.3553,0.0016,0,0
6156,91745,12.892,1536,true,4,1551,1545,6,0,0,1545,37,3.3553,0.0016,0,0
6157,91747,1.886,1536,false,4,1551,1545,6,0,0,1545,37,3.3553,0.0016,0,0
6158,91757,10.146,1536,false,4,1552,1545,7,0,0,1545,37,3.3553,0.0016,0,0
6159,91759,2.003,1536,false,4,1552,1545,7,0,0,1545,25,3.3553,0.0016,0,0
6160,91778,18.897,1536,false,4,1552,1545,7,0,0,1546,17,3.8894,0.0023,0,0
6161,91790,12.714,1537,true,4,1552,1546,6,0,0,1546,30,3.8894,0.0023,0,0
6162,91793,1.899,1537,false,4,1552,1546,6,0,0,1546,30,3.8894,0.0023,0,0
6163,91797,4.995,1537,false,4,1553,1546,7,0,0,1546,30,3.8894,0.0023,0,0
6164,91804,6.924,1538,true,4,1553,1547,6,0,0,1547,26,5.9937,0.0017,0,0
6165,91812,7.518,1538,false,4,1553,1547,6,0,0,1547,19,5.9937,0.0017,0,0
6166,91822,10.693,1538,false,4,1553,1547,6,0,0,1547,19,5.9937,0.0017,0,0
6167,91825,2.465,1538,false,4,1553,1547,6,0,0,1547,19,5.9937,0.0017,0,0
6168,91838,13.116,1538,false,4,1554,1547,7,0,0,1548,19,3.3054,0.0019,0,0
6169,91851,13.591,1539,true,5,1554,1548,6,0,0,1548,26,3.3054,0.0019,0,0
6170,91854,2.069,1539,false,5,1554,1548,6,0,0,1548,26,3.3054,0.0019,0,0
6171,91869,14.836,1539,false,5,1555,1548,7,0,0,1549,26,2.0607,0.0012,0,0
6172,91882,13.247,1540,true,4,1555,1549,6,0,0,1549,227,2.0607,0.0012,0,0
6173,91883,1.845,1540,false,4,1555,1549,6,0,0,1549,227,2.0607,0.0012,0,0
6174,91901,16.89,1540,false,4,1556,1549,7,0,0,1549,227,2.0607,0.0012,0,0
6175,91913,12.532,1541,true,3,1556,1550,6,0,0,1550,27,3.4884,0.0021,0,0
6176,91915,1.975,1541,false,3,1556,1550,6,0,0,1550,27,3.4884,0.0021,0,0
6177,91931,15.832,1541,false,3,1557,1550,7,0,0,1550,27,3.4884,0.0021,0,0
6178,91933,2.741,1541,false,3,1557,1550,7,0,0,1550,41,3.4884,0.0021,0,0
6179,91946,12.145,1542,true,3,1557,1551,6,0,0,1551,19,3.4515,0.0021,0,0
6180,91947,1.874,1542,false,3,1557,1551,6,0,0,1551,19,3.4515,0.0021,0,0
6181,91961,13.016,1542,false,3,1557,1551,6,0,0,1551,19,3.4515,0.0021,0,0
6182,91963,2.649,1542,false,3,1558,1551,7,0,0,1551,19,3.4515,0.0021,0,0
6183,91977,13.779,1542,false,3,1558,1551,7,0,0,1552,24,4.138,0.0018,0,0
6184,91990,12.924,1543,true,3,1558,1552,6,0,0,1552,22,4.138,0.0018,0,0
6185,91992,1.901,1543,false,3,1558,1552,6,0,0,1552,22,4.138,0.0018,0,0
6186,92008,16.131,1543,false,3,1559,1552,7,0,0,1553,22,4.3937,0.0018,0,0
6187,92022,14.286,1544,true,5,1559,1553,6,0,0,1553,27,4.3937,0.0018,0,0
6188,92026,3.307,1544,false,5,1559,1553,6,0,0,1553,27,4.3937,0.0018,0,0
6189,92029,3.593,1544,false,5,1560,1553,7,0,0,1553,27,4.3937,0.0018,0,0
6190,92039,9.537,1544,false,5,1560,1553,7,0,0,1554,27,4.3937,0.0018,0,0
6191,92051,12.449,1545,true,4,1560,1554,6,0,0,1554,36,3.7296,0.002,0,0
6192,92053,1.734,1545,false,4,1560,1554,6,0,0,1554,36,3.7296,0.002,0,0
6193,92070,16.44,1545,false,4,1561,1554,7,0,0,1555,36,3.7296,0.002,0,0
6194,92082,12.576,1546,true,4,1561,1555,6,0,0,1555,29,4.574,0.002,0,0
6195,92083,1.666,1546,false,4,1561,1555,6,0,0,1555,29,4.574,0.002,0,0
6196,92101,17.076,1546,false,4,1562,1555,7,0,0,1555,29,4.574,0.002,0,0
6197,92113,12.49,1547,true,4,1562,1556,6,0,0,1556,30,3.5159,0.0032,0,0
6198,92115,1.697,1547,false,4,1562,1556,6,0,0,1556,30,3.5159,0.0032,0,0
6199,92131,16.144,1547,false,4,1563,1556,7,0,0,1556,30,3.5159,0.0032,0,0
6200,92134,3.558,1547,false,4,1563,1556,7,0,0,1556,39,3.5159,0.0032,0,0
6201,92147,12.092,1548,true,4,1563,1557,6,0,0,1557,23,3.7219,0.002,0,0
6202,92149,2.268,1548,false,4,1563,1557,6,0,0,1557,23,3.7219,0.002,0,0
6203,92153,4.6,1548,false,4,1564,1557,7,0,0,1557,23,3.7219,0.002,0,0
6204,92162,8.518,1548,false,4,1564,1557,7,0,0,1557,23,3.7219,0.002,0,0
6205,92177,15.078,1548,false,4,1564,1557,7,0,0,1558,26,3.3078,0.0019,0,0
6206,92189,12.544,1549,true,4,1564,1558,6,0,0,1558,21,3.3078,0.0019,0,0
6207,92192,1.778,1549,false,4,1564,1558,6,0,0,1558,21,3.3078,0.0019,0,0
6208,92208,16.652,1549,false,4,1564,1558,6,0,0,1559,21,4.9953,0.0025,0,0
6209,92222,13.963,1550,true,3,1565,1559,6,0,0,1559,21,4.9953,0.0025,0,0
6210,92224,1.885,1550,false,3,1565,1559,6,0,0,1559,21,4.9953,0.0025,0,0
6211,92239,15.172,1550,false,3,1566,1559,7,0,0,1560,21,4.9953,0.0025,0,0
6212,92256,17.135,1551,true,5,1566,1560,6,0,0,1560,28,3.4719,0.0023,0,0
6213,92259,3.322,1551,false,5,1567,1560,7,0,0,1560,28,3.4719,0.0023,0,0
6214,92263,3.534,1551,false,5,1567,1560,7,0,0,1560,26,3.4719,0.0023,0,0
6215,92270,7.132,1551,false,5,1567,1560,7,0,0,1560,23,3.4719,0.0023,0,0
6216,92282,12.063,1552,true,4,1567,1561,6,0,0,1561,20,3.9672,0.0021,0,0
6217,92284,1.75,1552,false,4,1567,1561,6,0,0,1561,20,3.9672,0.0021,0,0
6218,92301,17.208,1552,false,4,1568,1561,7,0,0,1561,20,3.9672,0.0021,0,0
6219,92305,3.323,1552,false,4,1568,1561,7,0,0,1561,26,3.9672,0.0021,0,0
6220,92308,3.532,1552,false,4,1568,1561,7,0,0,1561,30,3.9672,0.0021,0,0
6221,92320,12.113,1553,true,4,1568,1562,6,0,0,1562,20,3.1581,0.0017,0,0
6222,92322,2.03,1553,false,4,1568,1562,6,0,0,1562,20,3.1581,0.0017,0,0
6223,92333,10.73,1553,false,4,1568,1562,6,0,0,1562,20,3.1581,0.0017,0,0
6224,92336,2.73,1553,false,4,1569,1562,7,0,0,1562,20,3.1581,0.0017,0,0
6225,92349,12.867,1553,false,4,1569,1562,7,0,0,1563,25,5.3144,0.0019,0,0
6226,92362,14.073,1554,true,5,1569,1563,6,0,0,1563,24,5.3144,0.0019,0,0
6227,92365,2.329,1554,false,5,1569,1563,6,0,0,1563,24,5.3144,0.0019,0,0
6228,92379,14.386,1554,false,5,1570,1563,7,0,0,1563,24,5.3144,0.0019,0,0
6229,92392,12.618,1555,true,4,1570,1564,6,0,0,1564,27,4.3255,0.0019,0,0
6230,92393,1.703,1555,false,4,1570,1564,6,0,0,1564,27,4.3255,0.0019,0,0
6231,92410,16.594,1555,false,4,1570,1564,6,0,0,1564,27,4.3255,0.0019,0,0
6232,92413,2.777,1555,false,4,1571,1564,7,0,0,1564,27,4.3255,0.0019,0,0
6233,92424,10.893,1556,true,3,1571,1565,6,0,0,1565,25,4.4368,0.0025,0,0
6234,92426,1.762,1556,false,3,1571,1565,6,0,0,1565,25,4.4368,0.0025,0,0
6235,92442,16.108,1556,false,3,1572,1565,7,0,0,1565,25,4.4368,0.0025,0,0
6236,92444,2.294,1556,false,3,1572,1565,7,0,0,1565,28,4.4368,0.0025,0,0
6237,92458,13.491,1556,false,3,1572,1565,7,0,0,1566,17,3.2453,0.0017,0,0
6238,92470,12.476,1557,true,4,1572,1566,6,0,0,1566,20,3.2453,0.0017,0,0
6239,92472,1.756,1557,false,4,1572,1566,6,0,0,1566,20,3.2453,0.0017,0,0
6240,92488,16.205,1557,false,4,1573,1566,7,0,0,1567,20,3.4812,0.0026,0,0
6241,92502,14.099,1558,true,4,1573,1567,6,0,0,1567,25,3.4812,0.0026,0,0
6242,92505,2.729,1558,false,4,1573,1567,6,0,0,1567,25,3.4812,0.0026,0,0
6243,92514,9.081,1558,false,4,1574,1567,7,0,0,1568,25,3.4812,0.0026,0,0
6244,92527,12.956,1559,true,4,1574,1568,6,0,0,1568,25,3.4907,0.0025,0,0
6245,92529,2.263,1559,false,4,1574,1568,6,0,0,1568,25,3.4907,0.0025,0,0
6246,92535,5.966,1559,false,4,1574,1568,6,0,0,1568,25,3.4907,0.0025,0,0
6247,92550,15.165,1559,false,4,1575,1568,7,0,0,1569,25,3.6154,0.0028,0,0
6248,92563,12.541,1560,true,4,1575,1569,6,0,0,1569,28,3.6154,0.0028,0,0
6249,92565,1.855,1560,false,4,1575,1569,6,0,0,1569,28,3.6154,0.0028,0,0
6250,92581,16.303,1560,false,4,1576,1569,7,0,0,1570,28,3.6154,0.0028,0,0
6251,92595,14.32,1561,true,4,1576,1570,6,0,0,1570,28,3.669,0.0022,0,0
6252,92598,2.438,1561,false,4,1576,1570,6,0,0,1570,28,3.669,0.0022,0,0
6253,92602,4.461,1561,false,4,1577,1570,7,0,0,1570,28,3.669,0.0022,0,0
6254,92612,10.161,1561,false,4,1577,1570,7,0,0,1570,25,3.669,0.0022,0,0
6255,92619,7.209,1562,true,4,1577,1571,6,0,0,1571,29,6.0889,0.0029,0,0
6256,92628,8.053,1562,false,4,1577,1571,6,0,0,1571,29,6.0889,0.0029,0,0
6257,92630,2.174,1562,false,4,1577,1571,6,0,0,1571,29,6.0889,0.0029,0,0
6258,92643,12.972,1562,false,4,1578,1571,7,0,0,1571,29,6.0889,0.0029,0,0
6259,92645,2.659,1562,false,4,1578,1571,7,0,0,1571,29,6.0889,0.0029,0,0
6260,92658,12.749,1562,false,4,1578,1571,7,0,0,1572,20,4.779,0.0025,0,0
6261,92671,13.351,1563,true,4,1578,1572,6,0,0,1572,33,4.779,0.0025,0,0
6262,92673,2.051,1563,false,4,1578,1572,6,0,0,1572,33,4.779,0.0025,0,0
6263,92690,16.378,1563,false,4,1579,1572,7,0,0,1573,33,4.779,0.0025,0,0
6264,92706,16.283,1564,true,5,1579,1573,6,0,0,1573,63,4.8607,0.003,0,0
6265,92708,2.062,1564,false,5,1579,1573,6,0,0,1573,63,4.8607,0.003,0,0
6266,92713,4.836,1564,false,5,1580,1573,7,0,0,1573,63,4.8607,0.003,0,0
6267,92721,8.108,1564,false,5,1580,1573,7,0,0,1573,26,4.8607,0.003,0,0
6268,92734,12.708,1565,true,4,1580,1574,6,0,0,1574,30,3.4124,0.0018,0,0
6269,92736,1.773,1565,false,4,1580,1574,6,0,0,1574,30,3.4124,0.0018,0,0
6270,92752,16.702,1565,false,4,1580,1574,6,0,0,1574,30,3.4124,0.0018,0,0
6271,92755,2.832,1565,false,4,1581,1574,7,0,0,1574,30,3.4124,0.0018,0,0
6272,92768,13.01,1565,false,4,1581,1574,7,0,0,1575,25,3.3276,0.0018,0,0
6273,92782,13.409,1566,true,4,1581,1575,6,0,0,1575,23,3.3276,0.0018,0,0
6274,92783,1.804,1566,false,4,1581,1575,6,0,0,1575,23,3.3276,0.0018,0,0
6275,92800,16.316,1566,false,4,1582,1575,7,0,0,1576,23,3.316,0.0023,0,0
6276,92812,12.54,1567,true,4,1582,1576,6,0,0,1576,28,3.316,0.0023,0,0
6277,92814,1.726,1567,false,4,1582,1576,6,0,0,1576,28,3.316,0.0023,0,0
6278,92831,17.171,1567,false,4,1583,1576,7,0,0,1577,28,4.5047,0.0023,0,0
6279,92844,12.884,1568,true,4,1583,1577,6,0,0,1577,25,4.5047,0.0023,0,0
6280,92846,1.919,1568,false,4,1583,1577,6,0,0,1577,25,4.5047,0.0023,0,0
6281,92863,16.328,1568,false,4,1584,1577,7,0,0,1578,25,3.2822,0.002,0,0
6282,92876,13.623,1569,true,5,1584,1578,6,0,0,1578,29,3.2822,0.002,0,0
6283,92879,2.925,1569,false,5,1584,1578,6,0,0,1578,29,3.2822,0.002,0,0
6284,92883,3.969,1569,false,5,1585,1578,7,0,0,1578,29,3.2822,0.002,0,0
6285,92894,10.763,1569,false,5,1585,1578,7,0,0,1579,26,3.2822,0.002,0,0
6286,92905,11.944,1570,true,3,1585,1579,6,0,0,1579,29,4.7739,0.0021,0,0
6287,92907,1.83,1570,false,3,1585,1579,6,0,0,1579,29,4.7739,0.0021,0,0
6288,92925,17.286,1570,false,3,1586,1579,7,0,0,1580,29,4.7739,0.0021,0,0
6289,92937,12.116,1571,true,4,1586,1580,6,0,0,1580,28,3.576,0.0018,0,0
6290,92939,1.883,1571,false,4,1586,1580,6,0,0,1580,28,3.576,0.0018,0,0
6291,92956,16.693,1571,false,4,1587,1580,7,0,0,1580,28,3.576,0.0018,0,0
6292,92969,13.519,1572,true,4,1587,1581,6,0,0,1581,31,3.4674,0.003,0,0
6293,92971,2.291,1572,false,4,1587,1581,6,0,0,1581,31,3.4674,0.003,0,0
6294,92986,15.145,1572,false,4,1588,1581,7,0,0,1581,31,3.4674,0.003,0,0
6295,92989,2.595,1572,false,4,1588,1581,7,0,0,1581,29,3.4674,0.003,0,0
6296,93003,13.481,1572,false,4,1588,1581,7,0,0,1582,17,3.3179,0.0022,0,0
6297,93017,14.321,1573,true,4,1588,1582,6,0,0,1582,30,3.3179,0.0022,0,0
6298,93019,2.224,1573,false,4,1588,1582,6,0,0,1582,30,3.3179,0.0022,0,0
6299,93034,14.854,1573,false,4,1589,1582,7,0,0,1583,30,5.1382,0.0023,0,0
6300,93046,12.826,1574,true,3,1589,1583,6,0,0,1583,33,5.1382,0.0023,0,0
6301,93048,1.764,1574,false,3,1589,1583,6,0,0,1583,33,5.1382,0.0023,0,0
6302,93065,16.477,1574,false,3,1590,1583,7,0,0,1584,33,3.2877,0.0019,0,0
6303,93077,12.097,1575,true,4,1590,1584,6,0,0,1584,26,3.2877,0.0019,0,0
6304,93079,1.704,1575,false,4,1590,1584,6,0,0,1584,26,3.2877,0.0019,0,0
6305,93096,17.322,1575,false,4,1591,1584,7,0,0,1585,26,3.3301,0.0028,0,0
6306,93108,12.232,1576,true,4,1591,1585,6,0,0,1585,24,3.3301,0.0028,0,0
6307,93110,1.75,1576,false,4,1591,1585,6,0,0,1585,24,3.3301,0.0028,0,0
6308,93126,16.357,1576,false,4,1592,1585,7,0,0,1586,24,3.3757,0.002,0,0
6309,93139,12.75,1577,true,4,1592,1586,6,0,0,1586,25,3.3757,0.002,0,0
6310,93141,1.927,1577,false,4,1592,1586,6,0,0,1586,25,3.3757,0.002,0,0
6311,93158,16.404,1577,false,4,1593,1586,7,0,0,1587,25,3.3757,0.002,0,0
6312,93170,12.242,1578,true,4,1593,1587,6,0,0,1587,27,4.8778,0.0021,0,0
6313,93171,1.79,1578,false,4,1593,1587,6,0,0,1587,27,4.8778,0.0021,0,0
6314,93189,17.149,1578,false,4,1594,1587,7,0,0,1588,27,4.8778,0.0021,0,0
6315,93201,12.092,1579,true,4,1594,1588,6,0,0,1588,28,4.1304,0.0025,0,0
6316,93202,1.777,1579,false,4,1594,1588,6,0,0,1588,28,4.1304,0.0025,0,0
6317,93219,16.494,1579,false,4,1595,1588,7,0,0,1588,28,4.1304,0.0025,0,0
6318,93232,12.885,1580,true,4,1595,1589,6,0,0,1589,32,5.1979,0.0024,0,0
6319,93233,1.776,1580,false,4,1595,1589,6,0,0,1589,32,5.1979,0.0024,0,0
6320,93249,15.542,1580,false,4,1596,1589,7,0,0,1589,32,5.1979,0.0024,0,0
6321,93251,2.407,1580,false,4,1596,1589,7,0,0,1589,29,5.1979,0.0024,0,0
6322,93265,13.141,1580,false,4,1596,1589,7,0,0,1590,17,3.3436,0.0019,0,0
6323,93283,18.762,1581,true,9,1596,1590,6,0,0,1590,21,3.3436,0.0019,0,0
6324,93285,1.986,1581,false,9,1596,1590,6,0,0,1590,21,3.3436,0.0019,0,0
6325,93298,12.452,1582,true,3,1597,1591,6,0,0,1591,21,3.2667,0.0017,0,0
6326,93300,1.881,1582,false,3,1597,1591,6,0,0,1591,21,3.2667,0.0017,0,0
6327,93311,10.848,1582,false,3,1598,1591,7,0,0,1591,21,3.2667,0.0017,0,0
6328,93313,2.439,1582,false,3,1598,1591,7,0,0,1591,27,3.2667,0.0017,0,0
6329,93326,13.243,1582,false,3,1598,1591,7,0,0,1592,17,3.3864,0.0038,0,0
6330,93339,12.808,1583,true,4,1598,1592,6,0,0,1592,26,3.3864,0.0038,0,0
6331,93341,2.247,1583,false,4,1598,1592,6,0,0,1592,26,3.3864,0.0038,0,0
6332,93346,4.641,1583,false,4,1599,1592,7,0,0,1592,26,3.3864,0.0038,0,0
6333,93358,11.398,1583,false,4,1599,1592,7,0,0,1593,27,3.4006,0.0017,0,0
6334,93370,12.419,1584,true,4,1599,1593,6,0,0,1593,24,3.4006,0.0017,0,0
6335,93372,2.057,1584,false,4,1599,1593,6,0,0,1593,24,3.4006,0.0017,0,0
6336,93389,16.731,1584,false,4,1599,1593,6,0,0,1594,24,3.246,0.0019,0,0
6337,93401,12.482,1585,true,4,1600,1594,6,0,0,1594,24,3.246,0.0019,0,0
6338,93403,1.759,1585,false,4,1600,1594,6,0,0,1594,24,3.246,0.0019,0,0
6339,93419,16.558,1585,false,4,1601,1594,7,0,0,1595,24,3.246,0.0019,0,0
6340,93432,12.811,1586,true,4,1601,1595,6,0,0,1595,27,6.9733,0.0029,0,0
6341,93434,1.98,1586,false,4,1601,1595,6,0,0,1595,27,6.9733,0.0029,0,0
6342,93450,15.986,1586,false,4,1602,1595,7,0,0,1596,27,6.9733,0.0029,0,0
6343,93463,13.06,1587,true,4,1602,1596,6,0,0,1596,29,3.7137,0.0023,0,0
6344,93465,1.962,1587,false,4,1602,1596,6,0,0,1596,29,3.7137,0.0023,0,0
6345,93481,15.701,1587,false,4,1603,1596,7,0,0,1596,29,3.7137,0.0023,0,0
6346,93494,12.713,1588,true,4,1603,1597,6,0,0,1597,29,3.3963,0.0032,0,0
6347,93496,2.001,1588,false,4,1603,1597,6,0,0,1597,29,3.3963,0.0032,0,0
6348,93512,15.926,1588,false,4,1604,1597,7,0,0,1597,29,3.3963,0.0032,0,0
6349,93514,2.581,1588,false,4,1604,1597,7,0,0,1597,32,3.3963,0.0032,0,0
6350,93528,13.429,1588,false,4,1604,1597,7,0,0,1598,22,3.2998,0.0022,0,0
6351,93540,12.275,1589,true,4,1604,1598,6,0,0,1598,28,3.2998,0.0022,0,0
6352,93542,1.898,1589,false,4,1604,1598,6,0,0,1598,28,3.2998,0.0022,0,0
6353,93559,17.6,1589,false,4,1605,1598,7,0,0,1599,28,3.4299,0.0028,0,0
6354,93572,12.904,1590,true,3,1605,1599,6,0,0,1599,30,3.4299,0.0028,0,0
6355,93574,1.917,1590,false,3,1605,1599,6,0,0,1599,30,3.4299,0.0028,0,0
6356,93590,15.695,1590,false,3,1606,1599,7,0,0,1600,30,3.3324,0.0017,0,0
6357,93602,12.242,1591,true,4,1606,1600,6,0,0,1600,25,3.3324,0.0017,0,0
6358,93604,1.788,1591,false,4,1606,1600,6,0,0,1600,25,3.3324,0.0017,0,0
6359,93621,17.36,1591,false,4,1607,1600,7,0,0,1601,25,4.7221,0.0025,0,0
6360,93633,12.173,1592,true,4,1607,1601,6,0,0,1601,23,4.7221,0.0025,0,0
6361,93635,2.027,1592,false,4,1607,1601,6,0,0,1601,23,4.7221,0.0025,0,0
6362,93640,4.866,1592,false,4,1608,1601,7,0,0,1601,23,4.7221,0.0025,0,0
6363,93652,11.422,1592,false,4,1608,1601,7,0,0,1602,29,3.3361,0.002,0,0
6364,93664,12.684,1593,true,4,1608,1602,6,0,0,1602,24,3.3361,0.002,0,0
6365,93666,1.767,1593,false,4,1608,1602,6,0,0,1602,24,3.3361,0.002,0,0
6366,93682,16.061,1593,false,4,1608,1602,6,0,0,1603,24,3.3361,0.002,0,0
6367,93696,13.472,1594,true,4,1609,1603,6,0,0,1603,24,6.1108,0.0029,0,0
6368,93698,1.982,1594,false,4,1609,1603,6,0,0,1603,24,6.1108,0.0029,0,0
6369,93714,15.591,1594,false,4,1610,1603,7,0,0,1603,24,6.1108,0.0029,0,0
6370,93716,2.572,1594,false,4,1610,1603,7,0,0,1603,29,6.1108,0.0029,0,0
6371,93727,11.567,1595,true,4,1610,1604,6,0,0,1604,18,3.3959,0.0021,0,0
6372,93730,2.282,1595,false,4,1610,1604,6,0,0,1604,18,3.3959,0.0021,0,0
6373,93734,4.633,1595,false,4,1611,1604,7,0,0,1604,18,3.3959,0.0021,0,0
6374,93745,10.384,1595,false,4,1611,1604,7,0,0,1604,23,3.3959,0.0021,0,0
6375,93748,3.404,1595,false,4,1611,1604,7,0,0,1605,28,3.3959,0.0021,0,0
6376,93764,15.919,1596,true,6,1611,1605,6,0,0,1605,19,3.341,0.0019,0,0
6377,93766,1.835,1596,false,6,1611,1605,6,0,0,1605,19,3.341,0.0019,0,0
6378,93775,9.373,1596,false,6,1612,1605,7,0,0,1605,19,3.341,0.0019,0,0
6379,93778,2.553,1596,false,6,1612,1605,7,0,0,1605,31,3.341,0.0019,0,0
6380,93791,12.641,1596,false,6,1612,1605,7,0,0,1606,17,3.909,0.0024,0,0
6381,93803,12.434,1597,true,4,1612,1606,6,0,0,1606,30,3.909,0.0024,0,0
6382,93804,1.714,1597,false,4,1612,1606,6,0,0,1606,30,3.909,0.0024,0,0
6383,93821,16.489,1597,false,4,1613,1606,7,0,0,1607,30,3.909,0.0024,0,0
6384,93835,14.161,1598,true,4,1613,1607,6,0,0,1607,35,5.5973,0.0045,0,0
6385,93838,2.384,1598,false,4,1613,1607,6,0,0,1607,35,5.5973,0.0045,0,0
6386,93852,14.577,1598,false,4,1613,1607,6,0,0,1608,35,5.5973,0.0045,0,0
6387,93864,11.707,1599,true,3,1614,1608,6,0,0,1608,35,3.6737,0.0021,0,0
6388,93866,1.952,1599,false,3,1614,1608,6,0,0,1608,35,3.6737,0.0021,0,0
6389,93884,17.887,1599,false,3,1615,1608,7,0,0,1609,35,3.6737,0.0021,0,0
6390,93895,11.263,1600,true,3,1615,1609,6,0,0,1609,29,3.3086,0.0022,0,0
6391,93897,1.697,1600,false,3,1615,1609,6,0,0,1609,29,3.3086,0.0022,0,0
6392,93915,17.738,1600,false,3,1616,1609,7,0,0,1610,29,3.3086,0.0022,0,0
6393,93926,11.481,1601,true,3,1616,1610,6,0,0,1610,28,3.2449,0.0022,0,0
6394,93927,1.642,1601,false,3,1616,1610,6,0,0,1610,28,3.2449,0.0022,0,0
6395,93946,17.886,1601,false,3,1617,1610,7,0,0,1611,28,3.2449,0.0022,0,0
6396,93957,11.613,1602,true,3,1617,1611,6,0,0,1611,30,4.7867,0.0022,0,0
6397,93959,1.687,1602,false,3,1617,1611,6,0,0,1611,30,4.7867,0.0022,0,0
6398,93977,18.042,1602,false,3,1618,1611,7,0,0,1611,30,4.7867,0.0022,0,0
6399,93989,12.699,1603,true,4,1618,1612,6,0,0,1612,29,3.3167,0.0021,0,0
6400,93992,1.934,1603,false,4,1618,1612,6,0,0,1612,29,3.3167,0.0021,0,0
6401,94007,15.62,1603,false,4,1619,1612,7,0,0,1612,29,3.3167,0.0021,0,0
6402,94009,2.42,1603,false,4,1619,1612,7,0,0,1612,45,3.3167,0.0021,0,0
6403,94017,7.833,1604,true,5,1619,1613,6,0,0,1613,39,6.1034,0.0022,0,0
6404,94025,7.677,1604,false,5,1619,1613,6,0,0,1613,21,6.1034,0.0022,0,0
6405,94036,10.731,1604,false,5,1620,1613,7,0,0,1613,21,6.1034,0.0022,0,0
6406,94038,2.523,1604,false,5,1620,1613,7,0,0,1613,25,6.1034,0.0022,0,0
6407,94042,4.364,1604,false,5,1620,1613,7,0,0,1613,25,6.1034,0.0022,0,0
6408,94054,11.226,1604,false,5,1620,1613,7,0,0,1614,16,3.3306,0.0019,0,0
6409,94066,12.456,1605,true,4,1620,1614,6,0,0,1614,20,3.3306,0.0019,0,0
6410,94068,1.99,1605,false,4,1620,1614,6,0,0,1614,20,3.3306,0.0019,0,0
6411,94085,16.475,1605,false,4,1620,1614,6,0,0,1615,20,3.3306,0.0019,0,0
6412,94099,14.746,1606,true,4,1621,1615,6,0,0,1615,20,4.0935,0.0021,0,0
6413,94102,2.359,1606,false,4,1621,1615,6,0,0,1615,20,4.0935,0.0021,0,0
6414,94116,14.262,1606,false,4,1622,1615,7,0,0,1615,20,4.0935,0.0021,0,0
6415,94129,12.525,1607,true,4,1622,1616,6,0,0,1616,27,3.4164,0.0024,0,0
6416,94131,2.247,1607,false,4,1622,1616,6,0,0,1616,27,3.4164,0.0024,0,0
6417,94135,4.648,1607,false,4,1623,1616,7,0,0,1616,27,3.4164,0.0024,0,0
6418,94147,10.923,1607,false,4,1623,1616,7,0,0,1616,30,3.4164,0.0024,0,0
6419,94149,2.873,1607,false,4,1623,1616,7,0,0,1616,25,3.4164,0.0024,0,0
6420,94161,11.914,1608,true,4,1623,1617,6,0,0,1617,19,3.7754,0.0024,0,0
6421,94164,2.438,1608,false,4,1623,1617,6,0,0,1617,19,3.7754,0.0024,0,0
6422,94177,13.628,1608,false,4,1624,1617,7,0,0,1617,19,3.7754,0.0024,0,0
6423,94179,2.293,1608,false,4,1624,1617,7,0,0,1617,25,3.7754,0.0024,0,0
6424,94193,13.211,1608,false,4,1624,1617,7,0,0,1618,16,3.2388,0.0017,0,0
6425,94205,12.248,1609,true,3,1624,1618,6,0,0,1618,26,3.2388,0.0017,0,0
6426,94207,1.912,1609,false,3,1624,1618,6,0,0,1618,26,3.2388,0.0017,0,0
6427,94224,17.262,1609,false,3,1624,1618,6,0,0,1619,26,6.2169,0.0037,0,0
6428,94236,11.82,1610,true,3,1625,1619,6,0,0,1619,26,6.2169,0.0037,0,0
6429,94238,1.646,1610,false,3,1625,1619,6,0,0,1619,26,6.2169,0.0037,0,0
6430,94254,16.728,1610,false,3,1626,1619,7,0,0,1620,26,6.2169,0.0037,0,0
6431,94266,12.006,1611,true,3,1626,1620,6,0,0,1620,25,3.636,0.0017,0,0
6432,94268,1.711,1611,false,3,1626,1620,6,0,0,1620,25,3.636,0.0017,0,0
6433,94285,17.042,1611,false,3,1626,1620,6,0,0,1620,25,3.636,0.0017,0,0
6434,94297,12.395,1612,true,3,1627,1621,6,0,0,1621,25,3.6591,0.0019,0,0
6435,94300,2.148,1612,false,3,1628,1621,7,0,0,1621,25,3.6591,0.0019,0,0
6436,94316,16.533,1612,false,3,1628,1621,7,0,0,1621,58,3.6591,0.0019,0,0
6437,94318,2.261,1612,false,3,1628,1621,7,0,0,1622,28,3.6591,0.0019,0,0
6438,94330,11.259,1613,true,4,1628,1622,6,0,0,1622,16,3.2851,0.0018,0,0
6439,94332,2.136,1613,false,4,1628,1622,6,0,0,1622,16,3.2851,0.0018,0,0
6440,94347,14.873,1613,false,4,1628,1622,6,0,0,1622,16,3.2851,0.0018,0,0
6441,94351,3.973,1613,false,4,1629,1622,7,0,0,1622,16,3.2851,0.0018,0,0
6442,94354,2.942,1613,false,4,1629,1622,7,0,0,1622,26,3.2851,0.0018,0,0
6443,94366,12.617,1614,true,3,1629,1623,6,0,0,1623,19,3.4702,0.002,0,0
6444,94368,1.846,1614,false,3,1629,1623,6,0,0,1623,19,3.4702,0.002,0,0
6445,94377,8.617,1614,false,3,1630,1623,7,0,0,1623,19,3.4702,0.002,0,0
6446,94393,15.394,1614,false,3,1630,1623,7,0,0,1624,33,3.3172,0.0021,0,0
6447,94411,19.185,1615,true,7,1630,1624,6,0,0,1624,51,3.3172,0.0021,0,0
6448,94413,2.09,1615,false,7,1630,1624,6,0,0,1624,51,3.3172,0.0021,0,0
6449,94418,4.794,1615,false,7,1631,1624,7,0,0,1624,51,3.3172,0.0021,0,0
6450,94438,19.767,1615,false,7,1631,1624,7,0,0,1625,27,5.3429,0.0024,0,0
6451,94451,13.036,1616,true,4,1631,1625,6,0,0,1625,28,5.3429,0.0024,0,0
6452,94453,2.022,1616,false,4,1631,1625,6,0,0,1625,28,5.3429,0.0024,0,0
6453,94469,15.364,1616,false,4,1632,1625,7,0,0,1626,28,3.6087,0.0018,0,0
6454,94480,12.089,1617,true,3,1632,1626,6,0,0,1626,24,3.6087,0.0018,0,0
6455,94482,1.741,1617,false,3,1632,1626,6,0,0,1626,24,3.6087,0.0018,0,0
6456,94487,5.156,1617,false,3,1633,1626,7,0,0,1626,24,3.6087,0.0018,0,0
6457,94500,12.217,1617,false,3,1633,1626,7,0,0,1627,25,3.6087,0.0018,0,0
6458,94511,11.999,1618,true,4,1633,1627,6,0,0,1627,27,5.106,0.0026,0,0
6459,94513,1.69,1618,false,4,1633,1627,6,0,0,1627,27,5.106,0.0026,0,0
6460,94531,17.412,1618,false,4,1634,1627,7,0,0,1628,27,5.106,0.0026,0,0
6461,94543,12.203,1619,true,4,1634,1628,6,0,0,1628,29,3.5669,0.0023,0,0
6462,94545,1.708,1619,false,4,1634,1628,6,0,0,1628,29,3.5669,0.0023,0,0
6463,94562,17.508,1619,false,4,1635,1628,7,0,0,1628,29,3.5669,0.0023,0,0
6464,94573,11.446,1620,true,3,1635,1629,6,0,0,1629,27,3.2699,0.0018,0,0
6465,94575,1.732,1620,false,3,1635,1629,6,0,0,1629,27,3.2699,0.0018,0,0
6466,94594,18.239,1620,false,3,1636,1629,7,0,0,1629,27,3.2699,0.0018,0,0
6467,94605,11.946,1621,true,3,1636,1630,6,0,0,1630,29,3.3587,0.0023,0,0
6468,94607,1.831,1621,false,3,1636,1630,6,0,0,1630,29,3.3587,0.0023,0,0
6469,94626,18.044,1621,false,3,1637,1630,7,0,0,1630,29,3.3587,0.0023,0,0
6470,94633,8.123,1622,true,4,1637,1631,6,0,0,1631,29,5.5417,0.003,0,0
6471,94642,8.416,1622,false,4,1637,1631,6,0,0,1631,19,5.5417,0.003,0,0
6472,94645,2.64,1622,false,4,1637,1631,6,0,0,1631,19,5.5417,0.003,0,0
6473,94649,4.261,1622,false,4,1638,1631,7,0,0,1631,19,5.5417,0.003,0,0
6474,94657,8.464,1622,false,4,1638,1631,7,0,0,1631,26,5.5417,0.003,0,0
6475,94673,15.396,1622,false,4,1638,1631,7,0,0,1632,22,3.6178,0.0026,0,0
6476,94685,12.782,1623,true,4,1638,1632,6,0,0,1632,21,3.6178,0.0026,0,0
6477,94687,1.813,1623,false,4,1638,1632,6,0,0,1632,21,3.6178,0.0026,0,0
6478,94704,16.907,1623,false,4,1639,1632,7,0,0,1633,21,3.6178,0.0026,0,0
6479,94716,12.214,1624,true,3,1639,1633,6,0,0,1633,27,4.507,0.0027,0,0
6480,94718,1.823,1624,false,3,1639,1633,6,0,0,1633,27,4.507,0.0027,0,0
6481,94736,17.738,1624,false,3,1640,1633,7,0,0,1633,27,4.507,0.0027,0,0
6482,94748,12.332,1625,true,3,1640,1634,6,0,0,1634,31,4.3393,0.0026,0,0
6483,94750,1.672,1625,false,3,1640,1634,6,0,0,1634,31,4.3393,0.0026,0,0
6484,94767,17.32,1625,false,3,1641,1634,7,0,0,1634,31,4.3393,0.0026,0,0
6485,94770,3.015,1625,false,3,1641,1634,7,0,0,1634,33,4.3393,0.0026,0,0
6486,94774,3.867,1625,false,3,1641,1634,7,0,0,1635,21,4.3393,0.0026,0,0
6487,94792,17.966,1626,true,9,1641,1635,6,0,0,1635,18,4.9341,0.0025,0,0
6488,94794,2.002,1626,false,9,1641,1635,6,0,0,1635,18,4.9341,0.0025,0,0
6489,94799,4.865,1626,false,9,1642,1635,7,0,0,1635,18,4.9341,0.0025,0,0
6490,94814,15.207,1626,false,9,1642,1635,7,0,0,1636,22,3.9388,0.0021,0,0
6491,94827,12.402,1627,true,4,1642,1636,6,0,0,1636,25,3.9388,0.0021,0,0
6492,94828,1.872,1627,false,4,1642,1636,6,0,0,1636,25,3.9388,0.0021,0,0
6493,94840,11.327,1627,false,4,1643,1636,7,0,0,1636,25,3.9388,0.0021,0,0
6494,94855,15.022,1628,true,5,1643,1637,6,0,0,1637,31,4.8428,0.002,0,0
6495,94857,1.991,1628,false,5,1643,1637,6,0,0,1637,31,4.8428,0.002,0,0
6496,94876,19.009,1628,false,5,1644,1637,7,0,0,1638,31,4.8428,0.002,0,0
6497,94889,13.21,1629,true,4,1644,1638,6,0,0,1638,31,3.8666,0.0024,0,0
6498,94891,1.974,1629,false,4,1644,1638,6,0,0,1638,31,3.8666,0.0024,0,0
6499,94896,4.932,1629,false,4,1645,1638,7,0,0,1638,31,3.8666,0.0024,0,0
6500,94907,10.468,1629,false,4,1645,1638,7,0,0,1638,25,3.8666,0.0024,0,0
6501,94910,3.361,1629,false,4,1645,1638,7,0,0,1638,36,3.8666,0.0024,0,0
6502,94922,12.736,1630,true,4,1645,1639,6,0,0,1639,20,3.2738,0.0018,0,0
6503,94925,2.142,1630,false,4,1645,1639,6,0,0,1639,20,3.2738,0.0018,0,0
6504,94938,12.888,1630,false,4,1645,1639,6,0,0,1639,20,3.2738,0.0018,0,0
6505,94940,2.601,1630,false,4,1646,1639,7,0,0,1639,20,3.2738,0.0018,0,0
6506,94952,11.977,1631,true,4,1646,1640,6,0,0,1640,27,3.5692,0.0024,0,0
6507,94955,2.687,1631,false,4,1646,1640,6,0,0,1640,27,3.5692,0.0024,0,0
6508,94968,13.221,1631,false,4,1646,1640,6,0,0,1640,27,3.5692,0.0024,0,0
6509,94971,2.825,1631,false,4,1647,1640,7,0,0,1640,27,3.5692,0.0024,0,0
6510,94984,13.041,1631,false,4,1647,1640,7,0,0,1641,24,3.4969,0.0021,0,0
6511,94996,12.054,1632,true,3,1647,1641,6,0,0,1641,26,3.4969,0.0021,0,0
6512,94998,1.935,1632,false,3,1647,1641,6,0,0,1641,26,3.4969,0.0021,0,0
6513,95003,4.971,1632,false,3,1648,1641,7,0,0,1641,26,3.4969,0.0021,0,0
6514,95015,12.037,1632,false,3,1648,1641,7,0,0,1642,35,3.2336,0.002,0,0
6515,95028,13.066,1633,true,4,1648,1642,6,0,0,1642,29,3.2336,0.002,0,0
6516,95030,2.007,1633,false,4,1648,1642,6,0,0,1642,29,3.2336,0.002,0,0
6517,95047,17.299,1633,false,4,1648,1642,6,0,0,1643,29,7.7169,0.0041,0,0
6518,95065,17.325,1634,true,5,1649,1643,6,0,0,1643,29,7.7169,0.0041,0,0
6519,95070,5.841,1634,false,5,1650,1643,7,0,0,1643,29,7.7169,0.0041,0,0
6520,95075,3.879,1634,false,5,1650,1643,7,0,0,1643,32,7.7169,0.0041,0,0
6521,95078,4.037,1634,false,5,1650,1643,7,0,0,1643,31,7.7169,0.0041,0,0
6522,95092,13.478,1634,false,5,1650,1643,7,0,0,1644,31,3.4134,0.0023,0,0
6523,95104,12.444,1635,true,4,1650,1644,6,0,0,1644,27,3.4134,0.0023,0,0
6524,95106,2.008,1635,false,4,1650,1644,6,0,0,1644,27,3.4134,0.0023,0,0
6525,95123,16.599,1635,false,4,1650,1644,6,0,0,1645,27,3.4134,0.0023,0,0
6526,95136,13.232,1636,true,4,1651,1645,6,0,0,1645,27,3.4577,0.0024,0,0
6527,95139,2.522,1636,false,4,1652,1645,7,0,0,1645,27,3.4577,0.0024,0,0
6528,95153,14.518,1636,false,4,1652,1645,7,0,0,1646,31,3.4577,0.0024,0,0
6529,95166,12.549,1637,true,4,1652,1646,6,0,0,1646,34,3.6806,0.0026,0,0
6530,95167,1.866,1637,false,4,1652,1646,6,0,0,1646,34,3.6806,0.0026,0,0
6531,95184,16.568,1637,false,4,1653,1646,7,0,0,1646,34,3.6806,0.0026,0,0
6532,95197,13.258,1638,true,4,1653,1647,6,0,0,1647,29,3.9542,0.0024,0,0
6533,95200,2.429,1638,false,4,1653,1647,6,0,0,1647,29,3.9542,0.0024,0,0
6534,95214,14.282,1638,false,4,1654,1647,7,0,0,1647,29,3.9542,0.0024,0,0
6535,95217,2.715,1638,false,4,1654,1647,7,0,0,1647,28,3.9542,0.0024,0,0
6536,95231,13.494,1638,false,4,1654,1647,7,0,0,1648,17,3.4261,0.0016,0,0
6537,95242,12.111,1639,true,3,1654,1648,6,0,0,1648,26,3.4261,0.0016,0,0
6538,95244,1.833,1639,false,3,1654,1648,6,0,0,1648,26,3.4261,0.0016,0,0
6539,95262,17.48,1639,false,3,1655,1648,7,0,0,1649,26,4.538,0.002,0,0
6540,95278,16.029,1640,true,6,1655,1649,6,0,0,1649,26,4.538,0.002,0,0
6541,95280,2.359,1640,false,6,1655,1649,6,0,0,1649,26,4.538,0.002,0,0
6542,95285,4.537,1640,false,6,1656,1649,7,0,0,1649,26,4.538,0.002,0,0
6543,95292,6.997,1640,false,6,1656,1649,7,0,0,1650,28,4.538,0.002,0,0
6544,95303,11.706,1641,true,3,1656,1650,6,0,0,1650,28,3.6452,0.0029,0,0
6545,95305,1.957,1641,false,3,1656,1650,6,0,0,1650,28,3.6452,0.0029,0,0
6546,95323,17.594,1641,false,3,1657,1650,7,0,0,1651,28,3.6452,0.0029,0,0
6547,95335,12.116,1642,true,4,1657,1651,6,0,0,1651,28,4.6367,0.0022,0,0
6548,95337,1.898,1642,false,4,1657,1651,6,0,0,1651,28,4.6367,0.0022,0,0
6549,95354,17.284,1642,false,4,1658,1651,7,0,0,1651,28,4.6367,0.0022,0,0
6550,95368,13.922,1643,true,4,1658,1652,6,0,0,1652,32,3.4117,0.0023,0,0
6551,95371,3.21,1643,false,4,1658,1652,6,0,0,1652,32,3.4117,0.0023,0,0
6552,95376,4.046,1643,false,4,1659,1652,7,0,0,1652,32,3.4117,0.0023,0,0
6553,95385,9.929,1643,false,4,1659,1652,7,0,0,1652,232,3.4117,0.0023,0,0
6554,95389,3.506,1643,false,4,1659,1652,7,0,0,1652,31,3.4117,0.0023,0,0
6555,95400,11.42,1643,false,4,1659,1652,7,0,0,1653,20,3.5089,0.0026,0,0
6556,95553,152.65,1644,true,4,1659,1657,2,0,0,1657,24,3.6989,0.003,0,0
6557,95568,14.862,1644,false,4,1661,1657,4,0,0,1657,24,4.2514,0.0021,0,0
6558,95576,8.05,1644,false,4,1662,1657,5,0,0,1657,24,4.2514,0.0021,0,0
6559,95583,7.153,1644,false,4,1663,1657,6,0,0,1657,24,4.2514,0.0021,0,0
6560,95590,6.269,1645,true,4,1663,1658,5,0,0,1658,24,3.6164,0.0025,0,0
6561,95591,2.189,1645,false,4,1663,1658,5,0,0,1658,24,3.6164,0.0025,0,0
6562,95602,9.986,1645,false,4,1663,1658,5,0,0,1658,24,3.6164,0.0025,0,0
6563,95604,2.665,1645,false,4,1663,1658,5,0,0,1658,24,3.6164,0.0025,0,0
6564,95611,7.003,1645,false,4,1664,1658,6,0,0,1658,24,3.6164,0.0025,0,0
6565,95617,6.432,1645,false,4,1664,1658,6,0,0,1659,24,3.6164,0.0025,0,0
6566,95624,6.856,1646,true,4,1664,1659,5,0,0,1659,24,4.487,0.0021,0,0
6567,95632,7.133,1646,false,4,1664,1659,5,0,0,1659,24,4.487,0.0021,0,0
6568,95639,7.454,1646,false,4,1665,1659,6,0,0,1659,24,4.487,0.0021,0,0
6569,95648,8.543,1646,false,4,1665,1659,6,0,0,1659,24,4.487,0.0021,0,0
6570,95655,7.358,1647,true,4,1665,1660,5,0,0,1660,24,3.9949,0.0148,0,0
6571,95662,7.273,1647,false,4,1666,1660,6,0,0,1660,24,3.9949,0.0148,0,0
6572,95666,3.645,1647,false,4,1666,1660,6,0,0,1660,24,3.9949,0.0148,0,0
6573,95678,12.175,1647,false,4,1666,1660,6,0,0,1660,24,3.9949,0.0148,0,0
6574,95681,3.107,1647,false,4,1667,1660,7,0,0,1660,24,3.9949,0.0148,0,0
6575,95694,12.235,1648,true,4,1667,1661,6,0,0,1661,26,4.6712,0.0034,0,0
6576,95696,2.357,1648,false,4,1667,1661,6,0,0,1661,26,4.6712,0.0034,0,0
6577,95709,13.363,1648,false,4,1668,1661,7,0,0,1661,26,4.6712,0.0034,0,0
6578,95711,2.311,1648,false,4,1668,1661,7,0,0,1661,25,4.6712,0.0034,0,0
6579,95724,12.73,1648,false,4,1668,1661,7,0,0,1662,20,3.3261,0.0021,0,0
6580,95736,12.006,1649,true,4,1668,1662,6,0,0,1662,24,3.3261,0.0021,0,0
6581,95738,1.744,1649,false,4,1668,1662,6,0,0,1662,24,3.3261,0.0021,0,0
6582,95755,17.11,1649,false,4,1669,1662,7,0,0,1663,24,4.1792,0.0026,0,0
6583,95768,13.126,1650,true,4,1669,1663,6,0,0,1663,24,4.1792,0.0026,0,0
6584,95770,1.914,1650,false,4,1669,1663,6,0,0,1663,24,4.1792,0.0026,0,0
6585,95786,15.794,1650,false,4,1670,1663,7,0,0,1664,24,3.2716,0.0026,0,0
6586,95800,14.223,1651,true,5,1670,1664,6,0,0,1664,33,3.2716,0.0026,0,0
6587,95802,2.447,1651,false,5,1670,1664,6,0,0,1664,33,3.2716,0.0026,0,0
6588,95817,13.978,1651,false,5,1671,1664,7,0,0,1665,33,3.2716,0.0026,0,0
6589,95829,12.592,1652,true,4,1671,1665,6,0,0,1665,30,4.0239,0.0028,0,0
6590,95831,1.822,1652,false,4,1671,1665,6,0,0,1665,30,4.0239,0.0028,0,0
6591,95848,17.13,1652,false,4,1672,1665,7,0,0,1666,30,4.0239,0.0028,0,0
6592,95859,11.678,1653,true,3,1672,1666,6,0,0,1666,28,4.033,0.002,0,0
6593,95861,1.873,1653,false,3,1672,1666,6,0,0,1666,28,4.033,0.002,0,0
6594,95879,16.881,1653,false,3,1673,1666,7,0,0,1666,28,4.033,0.002,0,0
6595,95881,2.774,1653,false,3,1673,1666,7,0,0,1667,32,4.033,0.002,0,0
6596,95888,6.482,1654,true,4,1673,1667,6,0,0,1667,22,6.349,0.0024,0,0
6597,95896,8.125,1654,false,4,1673,1667,6,0,0,1667,25,6.349,0.0024,0,0
6598,95899,3.195,1654,false,4,1673,1667,6,0,0,1667,25,6.349,0.0024,0,0
6599,95909,10.371,1654,false,4,1673,1667,6,0,0,1667,25,6.349,0.0024,0,0
6600,95913,3.422,1654,false,4,1674,1667,7,0,0,1667,25,6.349,0.0024,0,0
6601,95924,11.672,1654,false,4,1674,1667,7,0,0,1668,25,3.3777,0.0019,0,0
6602,95937,12.494,1655,true,4,1674,1668,6,0,0,1668,24,3.3777,0.0019,0,0
6603,95939,1.996,1655,false,4,1674,1668,6,0,0,1668,24,3.3777,0.0019,0,0
6604,95955,16.33,1655,false,4,1675,1668,7,0,0,1669,24,3.3858,0.0017,0,0
6605,95967,11.852,1656,true,3,1675,1669,6,0,0,1669,28,3.3858,0.0017,0,0
6606,95969,1.843,1656,false,3,1675,1669,6,0,0,1669,28,3.3858,0.0017,0,0
6607,95985,16.357,1656,false,3,1676,1669,7,0,0,1670,28,3.3858,0.0017,0,0
6608,95997,12.147,1657,true,4,1676,1670,6,0,0,1670,28,3.3526,0.0021,0,0
6609,95999,1.831,1657,false,4,1676,1670,6,0,0,1670,28,3.3526,0.0021,0,0
6610,96016,16.862,1657,false,4,1677,1670,7,0,0,1671,28,3.3526,0.0021,0,0
6611,96029,12.674,1658,true,3,1677,1671,6,0,0,1671,26,3.6592,0.0022,0,0
6612,96031,1.764,1658,false,3,1677,1671,6,0,0,1671,26,3.6592,0.0022,0,0
6613,96046,15.414,1658,false,3,1678,1671,7,0,0,1671,26,3.6592,0.0022,0,0
6614,96061,15.401,1659,true,5,1678,1672,6,0,0,1672,28,3.2422,0.0024,0,0
6615,96063,2.157,1659,false,5,1678,1672,6,0,0,1672,28,3.2422,0.0024,0,0
6616,96077,12.95,1659,false,5,1679,1672,7,0,0,1672,28,3.2422,0.0024,0,0
6617,96079,2.222,1659,false,5,1679,1672,7,0,0,1672,28,3.2422,0.0024,0,0
6618,96089,10.714,1660,true,3,1679,1673,6,0,0,1673,16,4.3425,0.002,0,0
6619,96092,2.006,1660,false,3,1679,1673,6,0,0,1673,16,4.3425,0.002,0,0
6620,96107,15.172,1660,false,3,1680,1673,7,0,0,1673,16,4.3425,0.002,0,0
6621,96109,2.659,1660,false,3,1680,1673,7,0,0,1673,28,4.3425,0.002,0,0
6622,96122,13.011,1660,false,3,1680,1673,7,0,0,1674,18,4.55,0.003,0,0
6623,96134,11.982,1661,true,3,1680,1674,6,0,0,1674,25,4.55,0.003,0,0
6624,96136,1.672,1661,false,3,1680,1674,6,0,0,1674,25,4.55,0.003,0,0
6625,96154,18.005,1661,false,3,1681,1674,7,0,0,1675,25,4.55,0.003,0,0
6626,96174,20.017,1662,true,10,1681,1675,6,0,0,1675,30,5.0259,0.0037,0,0
6627,96176,2.054,1662,false,10,1681,1675,6,0,0,1675,30,5.0259,0.0037,0,0
6628,96185,9.14,1662,false,10,1682,1675,7,0,0,1675,30,5.0259,0.0037,0,0
6629,96188,2.588,1662,false,10,1682,1675,7,0,0,1675,50,5.0259,0.0037,0,0
6630,96199,11.414,1663,true,4,1682,1676,6,0,0,1676,19,3.3609,0.0021,0,0
6631,96201,2.362,1663,false,4,1682,1676,6,0,0,1676,19,3.3609,0.0021,0,0
6632,96215,13.351,1663,false,4,1682,1676,6,0,0,1676,19,3.3609,0.0021,0,0
6633,96218,3.084,1663,false,4,1683,1676,7,0,0,1676,19,3.3609,0.0021,0,0
6634,96231,13.046,1663,false,4,1683,1676,7,0,0,1677,26,3.3588,0.0028,0,0
6635,96243,11.913,1664,true,3,1683,1677,6,0,0,1677,25,3.3588,0.0028,0,0
6636,96245,2.493,1664,false,3,1684,1677,7,0,0,1677,25,3.3588,0.0028,0,0
6637,96262,16.233,1664,false,3,1684,1677,7,0,0,1678,24,3.214,0.0014,0,0
6638,96274,12.005,1665,true,3,1684,1678,6,0,0,1678,23,3.214,0.0014,0,0
6639,96276,1.917,1665,false,3,1684,1678,6,0,0,1678,23,3.214,0.0014,0,0
6640,96294,18.214,1665,false,3,1684,1678,6,0,0,1679,23,5.8388,0.0026,0,0
6641,96308,13.71,1666,true,4,1685,1679,6,0,0,1679,23,5.8388,0.0026,0,0
6642,96310,2.47,1666,false,4,1685,1679,6,0,0,1679,23,5.8388,0.0026,0,0
6643,96324,14.076,1666,false,4,1686,1679,7,0,0,1680,23,3.2886,0.0016,0,0
6644,96336,11.871,1667,true,4,1686,1680,6,0,0,1680,26,3.2886,0.0016,0,0
6645,96338,1.762,1667,false,4,1686,1680,6,0,0,1680,26,3.2886,0.0016,0,0
6646,96343,5.135,1667,false,4,1687,1680,7,0,0,1680,26,3.2886,0.0016,0,0
6647,96354,11.659,1667,false,4,1687,1680,7,0,0,1681,24,3.2886,0.0016,0,0
6648,96366,11.659,1668,true,4,1687,1681,6,0,0,1681,19,4.0414,0.0034,0,0
6649,96368,1.795,1668,false,4,1687,1681,6,0,0,1681,19,4.0414,0.0034,0,0
6650,96386,17.867,1668,false,4,1688,1681,7,0,0,1682,19,4.0414,0.0034,0,0
6651,96398,12.416,1669,true,4,1688,1682,6,0,0,1682,108,4.3062,0.0025,0,0
6652,96400,1.774,1669,false,4,1688,1682,6,0,0,1682,108,4.3062,0.0025,0,0
6653,96417,17.277,1669,false,4,1689,1682,7,0,0,1683,108,4.3062,0.0025,0,0
6654,96429,12.062,1670,true,3,1689,1683,6,0,0,1683,28,5.4954,0.0029,0,0
6655,96431,1.861,1670,false,3,1689,1683,6,0,0,1683,28,5.4954,0.0029,0,0
6656,96448,16.852,1670,false,3,1690,1683,7,0,0,1683,28,5.4954,0.0029,0,0
6657,96451,2.692,1670,false,3,1690,1683,7,0,0,1683,36,5.4954,0.0029,0,0
6658,96455,4.188,1670,false,3,1690,1683,7,0,0,1684,55,5.4954,0.0029,0,0
6659,96468,12.972,1671,true,4,1690,1684,6,0,0,1684,17,3.3965,0.0026,0,0
6660,96470,1.923,1671,false,4,1690,1684,6,0,0,1684,17,3.3965,0.0026,0,0
6661,96479,8.869,1671,false,4,1690,1684,6,0,0,1684,17,3.3965,0.0026,0,0
6662,96482,3.831,1671,false,4,1691,1684,7,0,0,1684,17,3.3965,0.0026,0,0
6663,96495,12.222,1671,false,4,1691,1684,7,0,0,1685,25,3.3965,0.0026,0,0
6664,96508,13.109,1672,true,4,1691,1685,6,0,0,1685,33,6.5083,0.0026,0,0
6665,96510,2.038,1672,false,4,1691,1685,6,0,0,1685,33,6.5083,0.0026,0,0
6666,96525,15.027,1672,false,4,1692,1685,7,0,0,1685,33,6.5083,0.0026,0,0
6667,96528,2.903,1672,false,4,1692,1685,7,0,0,1685,30,6.5083,0.0026,0,0
6668,96539,11.397,1673,true,3,1692,1686,6,0,0,1686,18,3.1782,0.0017,0,0
6669,96541,1.898,1673,false,3,1692,1686,6,0,0,1686,18,3.1782,0.0017,0,0
6670,96555,14.089,1673,false,3,1692,1686,6,0,0,1686,18,3.1782,0.0017,0,0
6671,96558,2.886,1673,false,3,1693,1686,7,0,0,1686,18,3.1782,0.0017,0,0
6672,96562,3.984,1673,false,3,1693,1686,7,0,0,1687,26,3.1782,0.0017,0,0
6673,96574,12.205,1674,true,3,1693,1687,6,0,0,1687,17,3.6129,0.0022,0,0
6674,96576,1.87,1674,false,3,1693,1687,6,0,0,1687,17,3.6129,0.0022,0,0
6675,96587,10.877,1674,false,3,1693,1687,6,0,0,1687,17,3.6129,0.0022,0,0
6676,96590,2.922,1674,false,3,1694,1687,7,0,0,1687,17,3.6129,0.0022,0,0
6677,96602,12.592,1674,false,3,1694,1687,7,0,0,1688,26,3.6184,0.0036,0,0
6678,96616,13.77,1675,true,5,1694,1688,6,0,0,1688,22,3.6184,0.0036,0,0
6679,96618,2.173,1675,false,5,1694,1688,6,0,0,1688,22,3.6184,0.0036,0,0
6680,96623,4.72,1675,false,5,1695,1688,7,0,0,1688,22,3.6184,0.0036,0,0
6681,96634,10.201,1675,false,5,1695,1688,7,0,0,1689,24,3.4203,0.0024,0,0
6682,96647,13.293,1676,true,5,1695,1689,6,0,0,1689,24,3.4203,0.0024,0,0
6683,96649,1.747,1676,false,5,1695,1689,6,0,0,1689,24,3.4203,0.0024,0,0
6684,96665,16.55,1676,false,5,1695,1689,6,0,0,1690,24,3.1705,0.0016,0,0
6685,96678,12.706,1677,true,3,1696,1690,6,0,0,1690,24,3.1705,0.0016,0,0
6686,96679,1.749,1677,false,3,1696,1690,6,0,0,1690,24,3.1705,0.0016,0,0
6687,96697,17.316,1677,false,3,1697,1690,7,0,0,1691,24,3.1705,0.0016,0,0
6688,96709,12.066,1678,true,4,1697,1691,6,0,0,1691,25,6.6771,0.0021,0,0
6689,96710,1.828,1678,false,4,1697,1691,6,0,0,1691,25,6.6771,0.0021,0,0
6690,96727,16.409,1678,false,4,1698,1691,7,0,0,1691,25,6.6771,0.0021,0,0
6691,96740,12.998,1679,true,4,1698,1692,6,0,0,1692,58,3.5853,0.0023,0,0
6692,96742,2.032,1679,false,4,1698,1692,6,0,0,1692,58,3.5853,0.0023,0,0
6693,96759,16.556,1679,false,4,1699,1692,7,0,0,1692,58,3.5853,0.0023,0,0
6694,96771,12.651,1680,true,3,1699,1693,6,0,0,1693,34,3.3563,0.0017,0,0
6695,96773,1.891,1680,false,3,1699,1693,6,0,0,1693,34,3.3563,0.0017,0,0
6696,96778,5.015,1680,false,3,1700,1693,7,0,0,1693,34,3.3563,0.0017,0,0
6697,96791,12.383,1680,false,3,1700,1693,7,0,0,1693,28,3.3563,0.0017,0,0
6698,96804,13.378,1681,true,4,1700,1694,6,0,0,1694,28,3.22,0.0018,0,0
6699,96806,1.668,1681,false,4,1700,1694,6,0,0,1694,28,3.22,0.0018,0,0
6700,96822,16.386,1681,false,4,1701,1694,7,0,0,1694,28,3.22,0.0018,0,0
6701,96825,2.885,1681,false,4,1701,1694,7,0,0,1694,38,3.22,0.0018,0,0
6702,96829,3.981,1681,false,4,1701,1694,7,0,0,1694,24,3.22,0.0018,0,0
6703,96845,15.727,1682,true,5,1701,1695,6,0,0,1695,57,3.7184,0.0023,0,0
6704,96847,2.488,1682,false,5,1702,1695,7,0,0,1695,57,3.7184,0.0023,0,0
6705,96853,5.58,1682,false,5,1702,1695,7,0,0,1695,21,3.7184,0.0023,0,0
6706,96868,14.989,1682,false,5,1702,1695,7,0,0,1696,25,3.7184,0.0023,0,0
6707,96880,12.653,1683,true,3,1702,1696,6,0,0,1696,25,3.6694,0.0022,0,0
6708,96882,1.807,1683,false,3,1702,1696,6,0,0,1696,25,3.6694,0.0022,0,0
6709,96900,17.549,1683,false,3,1702,1696,6,0,0,1696,25,3.6694,0.0022,0,0
6710,96923,23.404,1684,true,11,1703,1697,6,0,0,1697,25,8.0069,0.0034,0,0
6711,96926,2.777,1684,false,11,1704,1697,7,0,0,1697,25,8.0069,0.0034,0,0
6712,96930,4.087,1684,false,11,1704,1697,7,0,0,1697,23,8.0069,0.0034,0,0
6713,96945,14.524,1684,false,11,1704,1697,7,0,0,1698,32,3.6919,0.0021,0,0
6714,96956,12.038,1685,true,4,1704,1698,6,0,0,1698,26,3.6919,0.0021,0,0
6715,96958,1.755,1685,false,4,1704,1698,6,0,0,1698,26,3.6919,0.0021,0,0
6716,96976,17.766,1685,false,4,1705,1698,7,0,0,1699,26,4.463,0.0021,0,0
6717,96988,12.074,1686,true,4,1705,1699,6,0,0,1699,25,4.463,0.0021,0,0
6718,96990,2.195,1686,false,4,1705,1699,6,0,0,1699,25,4.463,0.0021,0,0
6719,96995,4.705,1686,false,4,1706,1699,7,0,0,1699,25,4.463,0.0021,0,0
6720,97007,11.948,1686,false,4,1706,1699,7,0,0,1700,26,4.463,0.0021,0,0
6721,97018,11.43,1687,true,3,1706,1700,6,0,0,1700,22,3.462,0.0017,0,0
6722,97020,1.832,1687,false,3,1706,1700,6,0,0,1700,22,3.462,0.0017,0,0
6723,97038,17.935,1687,false,3,1707,1700,7,0,0,1701,22,3.462,0.0017,0,0
6724,97051,12.669,1688,true,4,1707,1701,6,0,0,1701,31,4.0886,0.0031,0,0
6725,97052,1.847,1688,false,4,1707,1701,6,0,0,1701,31,4.0886,0.0031,0,0
6726,97069,16.494,1688,false,4,1708,1701,7,0,0,1701,31,4.0886,0.0031,0,0
6727,97072,2.759,1688,false,4,1708,1701,7,0,0,1701,30,4.0886,0.0031,0,0
6728,97085,12.611,1688,false,4,1708,1701,7,0,0,1702,24,3.7735,0.0026,0,0
6729,97097,12.578,1689,true,4,1708,1702,6,0,0,1702,33,3.7735,0.0026,0,0
6730,97099,1.781,1689,false,4,1708,1702,6,0,0,1702,33,3.7735,0.0026,0,0
6731,97115,16.375,1689,false,4,1709,1702,7,0,0,1703,33,4.8301,0.0018,0,0
6732,97128,13.22,1690,true,4,1709,1703,6,0,0,1703,32,4.8301,0.0018,0,0
6733,97130,1.742,1690,false,4,1709,1703,6,0,0,1703,32,4.8301,0.0018,0,0
6734,97135,5.146,1690,false,4,1710,1703,7,0,0,1703,32,4.8301,0.0018,0,0
6735,97146,10.633,1690,false,4,1710,1703,7,0,0,1704,24,3.3262,0.0019,0,0
6736,97160,14.265,1691,true,5,1710,1704,6,0,0,1704,295,3.3262,0.0019,0,0
6737,97162,2.233,1691,false,5,1710,1704,6,0,0,1704,295,3.3262,0.0019,0,0
6738,97178,15.134,1691,false,5,1710,1704,6,0,0,1705,295,3.3262,0.0019,0,0
6739,97191,13.12,1692,true,4,1711,1705,6,0,0,1705,295,5.3149,0.0038,0,0
6740,97193,1.813,1692,false,4,1711,1705,6,0,0,1705,295,5.3149,0.0038,0,0
6741,97197,5.084,1692,false,4,1712,1705,7,0,0,1705,295,5.3149,0.0038,0,0
6742,97208,10.966,1692,false,4,1712,1705,7,0,0,1705,24,5.3149,0.0038,0,0
6743,97211,2.802,1692,false,4,1712,1705,7,0,0,1706,27,5.3149,0.0038,0,0
6744,97224,12.184,1693,true,3,1712,1706,6,0,0,1706,26,4.0831,0.0027,0,0
6745,97226,2.267,1693,false,3,1712,1706,6,0,0,1706,26,4.0831,0.0027,0,0
6746,97240,14.282,1693,false,3,1713,1706,7,0,0,1706,26,4.0831,0.0027,0,0
6747,97243,2.958,1693,false,3,1713,1706,7,0,0,1706,36,4.0831,0.0027,0,0
6748,97256,13.016,1693,false,3,1713,1706,7,0,0,1707,18,4.4138,0.0019,0,0
6749,97269,12.539,1694,true,4,1713,1707,6,0,0,1707,24,4.4138,0.0019,0,0
6750,97271,2.083,1694,false,4,1713,1707,6,0,0,1707,24,4.4138,0.0019,0,0
6751,97286,15.578,1694,false,4,1713,1707,6,0,0,1708,24,4.4138,0.0019,0,0
6752,97298,12.037,1695,true,3,1714,1708,6,0,0,1708,24,4.1663,0.0033,0,0
6753,97300,1.705,1695,false,3,1714,1708,6,0,0,1708,24,4.1663,0.0033,0,0
6754,97319,18.4,1695,false,3,1715,1708,7,0,0,1709,24,4.1663,0.0033,0,0
6755,97331,12.553,1696,true,4,1715,1709,6,0,0,1709,28,5.0582,0.0024,0,0
6756,97333,1.874,1696,false,4,1715,1709,6,0,0,1709,28,5.0582,0.0024,0,0
6757,97349,16.34,1696,false,4,1716,1709,7,0,0,1709,28,5.0582,0.0024,0,0
6758,97361,12.383,1697,true,4,1716,1710,6,0,0,1710,38,3.4559,0.0021,0,0
6759,97363,1.991,1697,false,4,1716,1710,6,0,0,1710,38,3.4559,0.0021,0,0
6760,97381,17.245,1697,false,4,1717,1710,7,0,0,1710,38,3.4559,0.0021,0,0
6761,97383,2.739,1697,false,4,1717,1710,7,0,0,1710,29,3.4559,0.0021,0,0
6762,97396,12.235,1697,false,4,1717,1710,7,0,0,1711,21,3.2459,0.0021,0,0
6763,97410,14.572,1698,true,4,1717,1711,6,0,0,1711,28,3.2459,0.0021,0,0
6764,97413,2.71,1698,false,4,1717,1711,6,0,0,1711,28,3.2459,0.0021,0,0
6765,97417,4.161,1698,false,4,1718,1711,7,0,0,1711,28,3.2459,0.0021,0,0
6766,97427,9.154,1698,false,4,1718,1711,7,0,0,1712,25,3.411,0.0019,0,0
6767,97440,13.319,1699,true,4,1718,1712,6,0,0,1712,27,3.411,0.0019,0,0
6768,97443,3.401,1699,false,4,1718,1712,6,0,0,1712,27,3.411,0.0019,0,0
6769,97447,3.493,1699,false,4,1719,1712,7,0,0,1712,27,3.411,0.0019,0,0
6770,97457,10.6,1699,false,4,1719,1712,7,0,0,1713,30,3.411,0.0019,0,0
6771,97470,13.138,1700,true,4,1719,1713,6,0,0,1713,32,3.6744,0.0022,0,0
6772,97472,1.917,1700,false,4,1719,1713,6,0,0,1713,32,3.6744,0.0022,0,0
6773,97477,4.988,1700,false,4,1720,1713,7,0,0,1713,32,3.6744,0.0022,0,0
6774,97489,11.339,1700,false,4,1720,1713,7,0,0,1714,26,3.6744,0.0022,0,0
6775,97501,12.159,1701,true,4,1720,1714,6,0,0,1714,25,3.7468,0.0019,0,0
6776,97503,1.918,1701,false,4,1720,1714,6,0,0,1714,25,3.7468,0.0019,0,0
6777,97520,16.797,1701,false,4,1721,1714,7,0,0,1714,25,3.7468,0.0019,0,0
6778,97532,12.212,1702,true,4,1721,1715,6,0,0,1715,32,6.0547,0.0024,0,0
6779,97533,1.832,1702,false,4,1721,1715,6,0,0,1715,32,6.0547,0.0024,0,0
6780,97551,16.936,1702,false,4,1721,1715,6,0,0,1715,32,6.0547,0.0024,0,0
6781,97553,3.005,1702,false,4,1722,1715,7,0,0,1715,32,6.0547,0.0024,0,0
6782,97565,11.564,1703,true,3,1722,1716,6,0,0,1716,25,3.5567,0.0017,0,0
6783,97567,2.099,1703,false,3,1722,1716,6,0,0,1716,25,3.5567,0.0017,0,0
6784,97582,14.881,1703,false,3,1723,1716,7,0,0,1716,25,3.5567,0.0017,0,0
6785,97584,2.493,1703,false,3,1723,1716,7,0,0,1716,28,3.5567,0.0017,0,0
6786,97598,13.487,1703,false,3,1723,1716,7,0,0,1717,17,3.6526,0.002,0,0
6787,97610,11.802,1704,true,3,1723,1717,6,0,0,1717,25,3.6526,0.002,0,0
6788,97612,1.913,1704,false,3,1723,1717,6,0,0,1717,25,3.6526,0.002,0,0
6789,97629,17.656,1704,false,3,1724,1717,7,0,0,1718,25,3.779,0.0025,0,0
6790,97642,13.098,1705,true,4,1724,1718,6,0,0,1718,31,3.779,0.0025,0,0
6791,97645,1.967,1705,false,4,1724,1718,6,0,0,1718,31,3.779,0.0025,0,0
6792,97661,16.127,1705,false,4,1725,1718,7,0,0,1719,31,3.9021,0.003,0,0
6793,97681,20.259,1706,true,9,1725,1719,6,0,0,1719,24,3.9021,0.003,0,0
6794,97683,2.582,1706,false,9,1726,1719,7,0,0,1719,24,3.9021,0.003,0,0
6795,97696,12.409,1707,true,3,1726,1720,6,0,0,1720,25,3.4348,0.0023,0,0
6796,97698,1.999,1707,false,3,1726,1720,6,0,0,1720,25,3.4348,0.0023,0,0
6797,97706,8.162,1707,false,3,1726,1720,6,0,0,1720,25,3.4348,0.0023,0,0
6798,97709,3.598,1707,false,3,1727,1720,7,0,0,1720,25,3.4348,0.0023,0,0
6799,97722,12.52,1707,false,3,1727,1720,7,0,0,1721,26,4.7555,0.0027,0,0
6800,97734,12.226,1708,true,4,1727,1721,6,0,0,1721,26,4.7555,0.0027,0,0
6801,97736,1.966,1708,false,4,1727,1721,6,0,0,1721,26,4.7555,0.0027,0,0
6802,97754,17.443,1708,false,4,1728,1721,7,0,0,1722,26,4.7555,0.0027,0,0
6803,97768,13.985,1709,true,4,1728,1722,6,0,0,1722,33,4.9168,0.0046,0,0
6804,97770,2.414,1709,false,4,1728,1722,6,0,0,1722,33,4.9168,0.0046,0,0
6805,97774,4.439,1709,false,4,1729,1722,7,0,0,1722,33,4.9168,0.0046,0,0
6806,97784,9.873,1709,false,4,1729,1722,7,0,0,1722,24,4.9168,0.0046,0,0
6807,97797,13.179,1710,true,4,1729,1723,6,0,0,1723,27,4.5713,0.0029,0,0
6808,97800,2.09,1710,false,4,1729,1723,6,0,0,1723,27,4.5713,0.0029,0,0
6809,97815,15.44,1710,false,4,1730,1723,7,0,0,1723,27,4.5713,0.0029,0,0
6810,97818,2.662,1710,false,4,1730,1723,7,0,0,1723,29,4.5713,0.0029,0,0
6811,97829,11.103,1711,true,3,1730,1724,6,0,0,1724,16,3.2087,0.0016,0,0
6812,97831,1.894,1711,false,3,1730,1724,6,0,0,1724,16,3.2087,0.0016,0,0
6813,97847,15.694,1711,false,3,1730,1724,6,0,0,1724,16,3.2087,0.0016,0,0
6814,97849,2.842,1711,false,3,1731,1724,7,0,0,1724,16,3.2087,0.0016,0,0
6815,97862,12.803,1711,false,3,1731,1724,7,0,0,1725,24,3.2759,0.0017,0,0
6816,97875,13.449,1712,true,5,1731,1725,6,0,0,1725,23,3.2759,0.0017,0,0
6817,97878,1.8,1712,false,5,1731,1725,6,0,0,1725,23,3.2759,0.0017,0,0
6818,97893,15.425,1712,false,5,1732,1725,7,0,0,1726,23,3.3658,0.0021,0,0
6819,97905,12.126,1713,true,3,1732,1726,6,0,0,1726,24,3.3658,0.0021,0,0
6820,97907,1.924,1713,false,3,1732,1726,6,0,0,1726,24,3.3658,0.0021,0,0
6821,97924,16.797,1713,false,3,1733,1726,7,0,0,1727,24,5.0279,0.0025,0,0
6822,97940,16.529,1714,true,5,1733,1727,6,0,0,1727,39,5.0279,0.0025,0,0
6823,97942,2.426,1714,false,5,1733,1727,6,0,0,1727,39,5.0279,0.0025,0,0
6824,97952,9.314,1714,false,5,1734,1727,7,0,0,1727,39,5.0279,0.0025,0,0
6825,97954,2.573,1714,false,5,1734,1727,7,0,0,1727,28,5.0279,0.0025,0,0
6826,97967,12.548,1715,true,4,1734,1728,6,0,0,1728,27,3.3562,0.0022,0,0
6827,97969,2.05,1715,false,4,1734,1728,6,0,0,1728,27,3.3562,0.0022,0,0
6828,97985,15.679,1715,false,4,1735,1728,7,0,0,1728,27,3.3562,0.0022,0,0
6829,97988,2.977,1715,false,4,1735,1728,7,0,0,1729,36,3.3562,0.0022,0,0
6830,98000,12.177,1716,true,4,1735,1729,6,0,0,1729,24,3.4383,0.0023,0,0
6831,98002,2.262,1716,false,4,1735,1729,6,0,0,1729,24,3.4383,0.0023,0,0
6832,98015,12.902,1716,false,4,1736,1729,7,0,0,1729,24,3.4383,0.0023,0,0
6833,98017,2.41,1716,false,4,1736,1729,7,0,0,1729,35,3.4383,0.0023,0,0
6834,98030,12.926,1716,false,4,1736,1729,7,0,0,1730,17,3.5542,0.0026,0,0
6835,98043,12.495,1717,true,3,1736,1730,6,0,0,1730,29,3.5542,0.0026,0,0
6836,98045,1.813,1717,false,3,1736,1730,6,0,0,1730,29,3.5542,0.0026,0,0
6837,98061,15.87,1717,false,3,1736,1730,6,0,0,1731,29,4.4028,0.0016,0,0
6838,98073,12.412,1718,true,4,1737,1731,6,0,0,1731,29,4.4028,0.0016,0,0
6839,98075,1.761,1718,false,4,1737,1731,6,0,0,1731,29,4.4028,0.0016,0,0
6840,98093,18.103,1718,false,4,1738,1731,7,0,0,1732,29,3.227,0.0017,0,0
6841,98105,12.177,1719,true,3,1738,1732,6,0,0,1732,22,3.227,0.0017,0,0
6842,98107,1.934,1719,false,3,1738,1732,6,0,0,1732,22,3.227,0.0017,0,0
6843,98124,17.314,1719,false,3,1739,1732,7,0,0,1733,22,4.4503,0.0024,0,0
6844,98137,13.153,1720,true,4,1739,1733,6,0,0,1733,27,4.4503,0.0024,0,0
6845,98139,1.849,1720,false,4,1739,1733,6,0,0,1733,27,4.4503,0.0024,0,0
6846,98156,16.081,1720,false,4,1740,1733,7,0,0,1734,27,3.8297,0.0022,0,0
6847,98168,12.641,1721,true,4,1740,1734,6,0,0,1734,27,3.8297,0.0022,0,0
6848,98170,1.974,1721,false,4,1740,1734,6,0,0,1734,27,3.8297,0.0022,0,0
6849,98187,16.866,1721,false,4,1741,1734,7,0,0,1735,27,3.8297,0.0022,0,0
6850,98200,13.018,1722,true,3,1741,1735,6,0,0,1735,32,4.5262,0.0024,0,0
6851,98202,1.814,1722,false,3,1741,1735,6,0,0,1735,32,4.5262,0.0024,0,0
6852,98207,5.081,1722,false,3,1742,1735,7,0,0,1735,32,4.5262,0.0024,0,0
6853,98218,10.887,1722,false,3,1742,1735,7,0,0,1736,24,4.5262,0.0024,0,0
6854,98229,11.738,1723,true,3,1742,1736,6,0,0,1736,25,3.5142,0.0026,0,0
6855,98231,1.765,1723,false,3,1742,1736,6,0,0,1736,25,3.5142,0.0026,0,0
6856,98249,17.735,1723,false,3,1743,1736,7,0,0,1737,25,3.5142,0.0026,0,0
6857,98260,11.73,1724,true,3,1743,1737,6,0,0,1737,29,4.0396,0.0021,0,0
6858,98262,1.745,1724,false,3,1743,1737,6,0,0,1737,29,4.0396,0.0021,0,0
6859,98279,16.911,1724,false,3,1744,1737,7,0,0,1737,29,4.0396,0.0021,0,0
6860,98292,12.99,1725,true,4,1744,1738,6,0,0,1738,31,3.4502,0.0024,0,0
6861,98295,2.34,1725,false,4,1744,1738,6,0,0,1738,31,3.4502,0.0024,0,0
6862,98299,4.603,1725,false,4,1745,1738,7,0,0,1738,31,3.4502,0.0024,0,0
6863,98311,11.426,1725,false,4,1745,1738,7,0,0,1738,33,3.4502,0.0024,0,0
6864,98313,2.588,1725,false,4,1745,1738,7,0,0,1738,30,3.4502,0.0024,0,0
6865,98320,6.608,1726,true,3,1745,1739,6,0,0,1739,21,5.9665,0.0024,0,0
6866,98327,7.264,1726,false,3,1745,1739,6,0,0,1739,20,5.9665,0.0024,0,0
6867,98342,14.518,1726,false,3,1745,1739,6,0,0,1739,20,5.9665,0.0024,0,0
6868,98345,3.153,1726,false,3,1746,1739,7,0,0,1739,20,5.9665,0.0024,0,0
6869,98348,3.674,1726,false,3,1746,1739,7,0,0,1740,27,5.9665,0.0024,0,0
6870,98360,11.72,1727,true,4,1746,1740,6,0,0,1740,21,3.6973,0.002,0,0
6871,98362,2.074,1727,false,4,1746,1740,6,0,0,1740,21,3.6973,0.002,0,0
6872,98374,11.225,1727,false,4,1747,1740,7,0,0,1740,21,3.6973,0.002,0,0
6873,98376,2.607,1727,false,4,1747,1740,7,0,0,1740,28,3.6973,0.002,0,0
6874,98388,12.265,1727,false,4,1747,1740,7,0,0,1741,16,3.5879,0.0014,0,0
6875,98401,12.467,1728,true,4,1747,1741,6,0,0,1741,26,3.5879,0.0014,0,0
6876,98403,1.783,1728,false,4,1747,1741,6,0,0,1741,26,3.5879,0.0014,0,0
6877,98419,16.388,1728,false,4,1747,1741,6,0,0,1742,26,3.225,0.0018,0,0
6878,98431,11.842,1729,true,3,1748,1742,6,0,0,1742,26,3.225,0.0018,0,0
6879,98432,1.685,1729,false,3,1748,1742,6,0,0,1742,26,3.225,0.0018,0,0
6880,98450,17.766,1729,false,3,1749,1742,7,0,0,1743,26,3.5156,0.0018,0,0
6881,98464,14.047,1730,true,4,1749,1743,6,0,0,1743,26,3.5156,0.0018,0,0
6882,98466,2.018,1730,false,4,1749,1743,6,0,0,1743,26,3.5156,0.0018,0,0
6883,98481,14.695,1730,false,4,1750,1743,7,0,0,1744,26,3.4424,0.0024,0,0
6884,98494,12.77,1731,true,4,1750,1744,6,0,0,1744,27,3.4424,0.0024,0,0
6885,98496,2.021,1731,false,4,1750,1744,6,0,0,1744,27,3.4424,0.0024,0,0
6886,98511,15.335,1731,false,4,1751,1744,7,0,0,1745,27,3.4424,0.0024,0,0
6887,98524,12.65,1732,true,4,1751,1745,6,0,0,1745,26,4.4224,0.0021,0,0
6888,98527,2.653,1732,false,4,1751,1745,6,0,0,1745,26,4.4224,0.0021,0,0
6889,98531,4.278,1732,false,4,1752,1745,7,0,0,1745,26,4.4224,0.0021,0,0
6890,98542,11.606,1732,false,4,1752,1745,7,0,0,1745,27,4.4224,0.0021,0,0
6891,98545,2.628,1732,false,4,1752,1745,7,0,0,1745,29,4.4224,0.0021,0,0
6892,98559,13.617,1732,false,4,1752,1745,7,0,0,1746,19,3.451,0.0018,0,0
6893,98572,13.172,1733,true,4,1752,1746,6,0,0,1746,27,3.451,0.0018,0,0
6894,98573,1.898,1733,false,4,1752,1746,6,0,0,1746,27,3.451,0.0018,0,0
6895,98590,15.891,1733,false,4,1753,1746,7,0,0,1747,27,4.2744,0.0019,0,0
6896,98602,12.444,1734,true,4,1753,1747,6,0,0,1747,27,4.2744,0.0019,0,0
6897,98604,1.885,1734,false,4,1753,1747,6,0,0,1747,27,4.2744,0.0019,0,0
6898,98621,17.066,1734,false,4,1754,1747,7,0,0,1748,27,3.1816,0.0023,0,0
6899,98633,12.595,1735,true,4,1754,1748,6,0,0,1748,26,3.1816,0.0023,0,0
6900,98635,1.894,1735,false,4,1754,1748,6,0,0,1748,26,3.1816,0.0023,0,0
6901,98652,16.551,1735,false,4,1755,1748,7,0,0,1749,26,3.4198,0.0016,0,0
6902,98664,12.498,1736,true,4,1755,1749,6,0,0,1749,27,3.4198,0.0016,0,0
6903,98666,1.944,1736,false,4,1755,1749,6,0,0,1749,27,3.4198,0.0016,0,0
6904,98682,15.828,1736,false,4,1756,1749,7,0,0,1750,27,3.4198,0.0016,0,0
6905,98695,12.534,1737,true,4,1756,1750,6,0,0,1750,31,3.7216,0.0026,0,0
6906,98696,1.856,1737,false,4,1756,1750,6,0,0,1750,31,3.7216,0.0026,0,0
6907,98706,9.371,1737,false,4,1757,1750,7,0,0,1750,31,3.7216,0.0026,0,0
6908,98708,2.541,1737,false,4,1757,1750,7,0,0,1750,24,3.7216,0.0026,0,0
6909,98729,20.749,1737,false,4,1757,1750,7,0,0,1751,16,5.2425,0.0025,0,0
6910,98742,13.11,1738,true,4,1757,1751,6,0,0,1751,27,5.2425,0.0025,0,0
6911,98744,1.81,1738,false,4,1757,1751,6,0,0,1751,27,5.2425,0.0025,0,0
6912,98758,14.238,1739,true,4,1758,1752,6,0,0,1752,27,3.6049,0.0025,0,0
6913,98760,1.919,1739,false,4,1758,1752,6,0,0,1752,27,3.6049,0.0025,0,0
6914,98765,4.946,1739,false,4,1759,1752,7,0,0,1752,27,3.6049,0.0025,0,0
6915,98776,10.61,1739,false,4,1759,1752,7,0,0,1752,24,3.6049,0.0025,0,0
6916,98779,3.19,1739,false,4,1759,1752,7,0,0,1752,32,3.6049,0.0025,0,0
6917,98791,12.27,1739,false,4,1759,1752,7,0,0,1753,24,4.6181,0.0021,0,0
6918,98803,12.011,1740,true,4,1759,1753,6,0,0,1753,25,4.6181,0.0021,0,0
6919,98805,1.733,1740,false,4,1759,1753,6,0,0,1753,25,4.6181,0.0021,0,0
6920,98823,17.695,1740,false,4,1760,1753,7,0,0,1754,25,3.2601,0.002,0,0
6921,98835,11.989,1741,true,3,1760,1754,6,0,0,1754,23,3.2601,0.002,0,0
6922,98837,1.883,1741,false,3,1760,1754,6,0,0,1754,23,3.2601,0.002,0,0
6923,98854,17.465,1741,false,3,1760,1754,6,0,0,1755,23,4.3353,0.0017,0,0
6924,98866,12.367,1742,true,3,1761,1755,6,0,0,1755,23,4.3353,0.0017,0,0
6925,98868,1.78,1742,false,3,1761,1755,6,0,0,1755,23,4.3353,0.0017,0,0
6926,98873,5.121,1742,false,3,1762,1755,7,0,0,1755,23,4.3353,0.0017,0,0
6927,98886,12.08,1742,false,3,1762,1755,7,0,0,1756,26,4.3353,0.0017,0,0
6928,98898,12.247,1743,true,4,1762,1756,6,0,0,1756,25,4.7115,0.0022,0,0
6929,98899,1.774,1743,false,4,1762,1756,6,0,0,1756,25,4.7115,0.0022,0,0
6930,98916,16.404,1743,false,4,1763,1756,7,0,0,1757,25,4.7115,0.0022,0,0
6931,98928,11.835,1744,true,4,1763,1757,6,0,0,1757,27,4.7798,0.0026,0,0
6932,98930,2.16,1744,false,4,1763,1757,6,0,0,1757,27,4.7798,0.0026,0,0
6933,98935,4.739,1744,false,4,1764,1757,7,0,0,1757,27,4.7798,0.0026,0,0
6934,98948,13.155,1744,false,4,1764,1757,7,0,0,1757,28,4.7798,0.0026,0,0
6935,98962,13.788,1745,true,4,1764,1758,6,0,0,1758,58,3.8023,0.0029,0,0
6936,98964,2.505,1745,false,4,1764,1758,6,0,0,1758,58,3.8023,0.0029,0,0
6937,98968,4.393,1745,false,4,1765,1758,7,0,0,1758,58,3.8023,0.0029,0,0
6938,98978,9.931,1745,false,4,1765,1758,7,0,0,1758,32,3.8023,0.0029,0,0
6939,98982,3.856,1745,false,4,1765,1758,7,0,0,1758,26,3.8023,0.0029,0,0
6940,98996,13.53,1746,true,4,1765,1759,6,0,0,1759,17,3.3016,0.0015,0,0
6941,98998,2.041,1746,false,4,1765,1759,6,0,0,1759,17,3.3016,0.0015,0,0
6942,99010,11.663,1746,false,4,1765,1759,6,0,0,1759,17,3.3016,0.0015,0,0
6943,99012,2.749,1746,false,4,1766,1759,7,0,0,1759,17,3.3016,0.0015,0,0
6944,99026,13.252,1746,false,4,1766,1759,7,0,0,1760,25,3.2719,0.0024,0,0
6945,99039,13.187,1747,true,4,1766,1760,6,0,0,1760,25,3.2719,0.0024,0,0
6946,99040,1.8,1747,false,4,1766,1760,6,0,0,1760,25,3.2719,0.0024,0,0
6947,99057,16.315,1747,false,4,1767,1760,7,0,0,1761,25,3.3992,0.0017,0,0
6948,99069,12.585,1748,true,4,1767,1761,6,0,0,1761,31,3.3992,0.0017,0,0
6949,99071,1.8,1748,false,4,1767,1761,6,0,0,1761,31,3.3992,0.0017,0,0
6950,99088,16.672,1748,false,4,1768,1761,7,0,0,1762,31,3.2496,0.002,0,0
6951,99100,12.437,1749,true,4,1768,1762,6,0,0,1762,30,3.2496,0.002,0,0
6952,99102,1.756,1749,false,4,1768,1762,6,0,0,1762,30,3.2496,0.002,0,0
6953,99118,16.156,1749,false,4,1769,1762,7,0,0,1763,30,3.2496,0.002,0,0
6954,99131,12.711,1750,true,4,1769,1763,6,0,0,1763,26,7.1937,0.0029,0,0
6955,99133,1.764,1750,false,4,1769,1763,6,0,0,1763,26,7.1937,0.0029,0,0
6956,99149,16.576,1750,false,4,1770,1763,7,0,0,1764,26,7.1937,0.0029,0,0
6957,99164,14.478,1751,true,5,1770,1764,6,0,0,1764,27,3.5245,0.0023,0,0
6958,99166,2.729,1751,false,5,1770,1764,6,0,0,1764,27,3.5245,0.0023,0,0
6959,99171,4.196,1751,false,5,1771,1764,7,0,0,1764,27,3.5245,0.0023,0,0
6960,99181,9.903,1751,false,5,1771,1764,7,0,0,1764,28,3.5245,0.0023,0,0
6961,99184,3.871,1751,false,5,1771,1764,7,0,0,1765,46,3.5245,0.0023,0,0
6962,99196,12.079,1752,true,4,1771,1765,6,0,0,1765,22,3.5457,0.0026,0,0
6963,99198,2.053,1752,false,4,1771,1765,6,0,0,1765,22,3.5457,0.0026,0,0
6964,99211,12.248,1752,false,4,1772,1765,7,0,0,1765,22,3.5457,0.0026,0,0
6965,99213,2.096,1752,false,4,1772,1765,7,0,0,1765,27,3.5457,0.0026,0,0
6966,99226,13.336,1752,false,4,1772,1765,7,0,0,1766,18,3.3798,0.0023,0,0
6967,99238,12.09,1753,true,4,1772,1766,6,0,0,1766,28,3.3798,0.0023,0,0
6968,99240,1.732,1753,false,4,1772,1766,6,0,0,1766,28,3.3798,0.0023,0,0
6969,99257,16.873,1753,false,4,1772,1766,6,0,0,1767,28,3.1971,0.0021,0,0
6970,99270,13.027,1754,true,3,1773,1767,6,0,0,1767,28,3.1971,0.0021,0,0
6971,99272,1.656,1754,false,3,1773,1767,6,0,0,1767,28,3.1971,0.0021,0,0
6972,99289,16.933,1754,false,3,1774,1767,7,0,0,1768,28,3.1811,0.0017,0,0
6973,99302,13.924,1755,true,4,1774,1768,6,0,0,1768,68,3.1811,0.0017,0,0
6974,99304,1.931,1755,false,4,1774,1768,6,0,0,1768,68,3.1811,0.0017,0,0
6975,99320,14.972,1755,false,4,1775,1768,7,0,0,1769,68,4.4463,0.0026,0,0
6976,99332,12.432,1756,true,3,1775,1769,6,0,0,1769,28,4.4463,0.0026,0,0
6977,99333,1.74,1756,false,3,1775,1769,6,0,0,1769,28,4.4463,0.0026,0,0
6978,99350,16.629,1756,false,3,1776,1769,7,0,0,1770,28,4.4463,0.0026,0,0
6979,99362,12.342,1757,true,4,1776,1770,6,0,0,1770,28,4.0101,0.0025,0,0
6980,99366,1.735,1757,false,4,1776,1770,6,0,0,1770,28,4.0101,0.0025,0,0
6981,99369,5.165,1757,false,4,1777,1770,7,0,0,1770,28,4.0101,0.0025,0,0
6982,99381,11.48,1757,false,4,1777,1770,7,0,0,1770,52,4.0101,0.0025,0,0
6983,99393,12.26,1758,true,4,1777,1771,6,0,0,1771,23,4.4969,0.0026,0,0
6984,99395,1.671,1758,false,4,1777,1771,6,0,0,1771,23,4.4969,0.0026,0,0
6985,99412,17.38,1758,false,4,1778,1771,7,0,0,1771,23,4.4969,0.0026,0,0
6986,99415,3.067,1758,false,4,1778,1771,7,0,0,1771,34,4.4969,0.0026,0,0
6987,99419,3.769,1758,false,4,1778,1771,7,0,0,1772,17,4.4969,0.0026,0,0
6988,99431,11.876,1759,true,4,1778,1772,6,0,0,1772,21,3.3581,0.0024,0,0
6989,99433,1.95,1759,false,4,1778,1772,6,0,0,1772,21,3.3581,0.0024,0,0
6990,99443,10.475,1759,false,4,1779,1772,7,0,0,1772,21,3.3581,0.0024,0,0
6991,99447,3.281,1759,false,4,1779,1772,7,0,0,1772,34,3.3581,0.0024,0,0
6992,99459,12.029,1759,false,4,1779,1772,7,0,0,1773,20,3.4049,0.0021,0,0
6993,99479,20.36,1760,true,10,1779,1773,6,0,0,1773,23,3.4049,0.0021,0,0
6994,99481,1.907,1760,false,10,1779,1773,6,0,0,1773,23,3.4049,0.0021,0,0
6995,99490,8.905,1760,false,10,1779,1773,6,0,0,1774,23,3.6231,0.0022,0,0
6996,99502,12.481,1761,true,3,1780,1774,6,0,0,1774,23,3.6231,0.0022,0,0
6997,99504,1.836,1761,false,3,1780,1774,6,0,0,1774,23,3.6231,0.0022,0,0
6998,99521,16.74,1761,false,3,1781,1774,7,0,0,1774,23,3.6231,0.0022,0,0
6999,99528,7.018,1762,true,4,1781,1775,6,0,0,1775,28,3.6231,0.0022,0,0
7000,99536,8.027,1762,false,4,1781,1775,6,0,0,1775,23,6.363,0.0022,0,0
7001,99538,1.936,1762,false,4,1781,1775,6,0,0,1775,23,6.363,0.0022,0,0
7002,99551,13.323,1762,false,4,1782,1775,7,0,0,1775,23,6.363,0.0022,0,0
7003,99554,2.459,1762,false,4,1782,1775,7,0,0,1775,30,6.363,0.0022,0,0
7004,99567,13.444,1762,false,4,1782,1775,7,0,0,1776,18,3.1736,0.0017,0,0
7005,99579,11.553,1763,true,3,1782,1776,6,0,0,1776,22,3.1736,0.0017,0,0
7006,99580,1.79,1763,false,3,1782,1776,6,0,0,1776,22,3.1736,0.0017,0,0
7007,99598,17.553,1763,false,3,1782,1776,6,0,0,1777,22,3.4022,0.0019,0,0
7008,99611,13.126,1764,true,4,1783,1777,6,0,0,1777,22,3.4022,0.0019,0,0
7009,99614,2.283,1764,false,4,1783,1777,6,0,0,1777,22,3.4022,0.0019,0,0
7010,99618,4.619,1764,false,4,1784,1777,7,0,0,1777,22,3.4022,0.0019,0,0
7011,99630,11.408,1764,false,4,1784,1777,7,0,0,1778,25,3.4022,0.0019,0,0
7012,99642,12.905,1765,true,4,1784,1778,6,0,0,1778,27,4.5663,0.0032,0,0
7013,99644,1.902,1765,false,4,1784,1778,6,0,0,1778,27,4.5663,0.0032,0,0
7014,99660,15.97,1765,false,4,1785,1778,7,0,0,1778,27,4.5663,0.0032,0,0
7015,99663,2.473,1765,false,4,1785,1778,7,0,0,1778,27,4.5663,0.0032,0,0
7016,99674,11.093,1766,true,3,1785,1779,6,0,0,1779,16,4.2578,0.0019,0,0
7017,99675,1.739,1766,false,3,1785,1779,6,0,0,1779,16,4.2578,0.0019,0,0
7018,99691,15.265,1766,false,3,1786,1779,7,0,0,1779,16,4.2578,0.0019,0,0
7019,99693,2.491,1766,false,3,1786,1779,7,0,0,1779,28,4.2578,0.0019,0,0
7020,99707,13.409,1766,false,3,1786,1779,7,0,0,1780,18,3.2224,0.0023,0,0
7021,99719,12.526,1767,true,4,1786,1780,6,0,0,1780,25,3.2224,0.0023,0,0
7022,99721,1.863,1767,false,4,1786,1780,6,0,0,1780,25,3.2224,0.0023,0,0
7023,99738,16.868,1767,false,4,1786,1780,6,0,0,1781,25,4.5988,0.0025,0,0
7024,99751,13.417,1768,true,4,1787,1781,6,0,0,1781,25,4.5988,0.0025,0,0
7025,99754,2.362,1768,false,4,1787,1781,6,0,0,1781,25,4.5988,0.0025,0,0
7026,99758,4.543,1768,false,4,1788,1781,7,0,0,1781,25,4.5988,0.0025,0,0
7027,99769,10.369,1768,false,4,1788,1781,7,0,0,1782,26,3.3391,0.0018,0,0
7028,99785,16.113,1769,true,5,1788,1782,6,0,0,1782,24,3.3391,0.0018,0,0
7029,99787,2.397,1769,false,5,1788,1782,6,0,0,1782,24,3.3391,0.0018,0,0
7030,99800,12.304,1769,false,5,1789,1782,7,0,0,1782,24,3.3391,0.0018,0,0
7031,99817,16.696,1770,true,4,1789,1783,6,0,0,1783,33,3.6057,0.0023,0,0
7032,99820,3.948,1770,false,4,1789,1783,6,0,0,1783,33,3.6057,0.0023,0,0
7033,99823,2.881,1770,false,4,1790,1783,7,0,0,1783,33,3.6057,0.0023,0,0
7034,99831,7.466,1770,false,4,1790,1783,7,0,0,1783,26,3.6057,0.0023,0,0
7035,99846,15.281,1770,false,4,1790,1783,7,0,0,1784,36,3.4748,0.0022,0,0
7036,99858,12.367,1771,true,4,1790,1784,6,0,0,1784,26,3.4748,0.0022,0,0
7037,99860,1.803,1771,false,4,1790,1784,6,0,0,1784,26,3.4748,0.0022,0,0
7038,99878,17.575,1771,false,4,1791,1784,7,0,0,1785,26,3.3353,0.0023,0,0
7039,99889,11.731,1772,true,4,1791,1785,6,0,0,1785,24,3.3353,0.0023,0,0
7040,99891,1.703,1772,false,4,1791,1785,6,0,0,1785,24,3.3353,0.0023,0,0
7041,99909,17.789,1772,false,4,1792,1785,7,0,0,1786,24,3.4479,0.0019,0,0
7042,99921,12.4,1773,true,4,1792,1786,6,0,0,1786,31,3.4479,0.0019,0,0
7043,99923,1.711,1773,false,4,1792,1786,6,0,0,1786,31,3.4479,0.0019,0,0
7044,99939,16.329,1773,false,4,1793,1786,7,0,0,1787,31,6.8178,0.0023,0,0
7045,99952,12.55,1774,true,4,1793,1787,6,0,0,1787,27,6.8178,0.0023,0,0
7046,99953,1.806,1774,false,4,1793,1787,6,0,0,1787,27,6.8178,0.0023,0,0
7047,99970,15.869,1774,false,4,1794,1787,7,0,0,1788,27,6.8178,0.0023,0,0
7048,99983,13.356,1775,true,4,1794,1788,6,0,0,1788,31,3.8801,0.0028,0,0
7049,99985,2.6,1775,false,4,1794,1788,6,0,0,1788,31,3.8801,0.0028,0,0
7050,99990,4.408,1775,false,4,1795,1788,7,0,0,1788,31,3.8801,0.0028,0,0
7051,100001,10.766,1775,false,4,1795,1788,7,0,0,1788,27,3.8801,0.0028,0,0
7052,100003,2.921,1775,false,4,1795,1788,7,0,0,1788,30,3.8801,0.0028,0,0
7053,100016,12.744,1776,true,4,1795,1789,6,0,0,1789,24,3.3364,0.0023,0,0
7054,100018,2.361,1776,false,4,1795,1789,6,0,0,1789,24,3.3364,0.0023,0,0
7055,100031,12.666,1776,false,4,1796,1789,7,0,0,1789,24,3.3364,0.0023,0,0
7056,100034,2.701,1776,false,4,1796,1789,7,0,0,1789,33,3.3364,0.0023,0,0
7057,100046,11.742,1776,false,4,1796,1789,7,0,0,1790,17,3.4143,0.0023,0,0
7058,100059,13.28,1777,true,4,1796,1790,6,0,0,1790,25,3.4143,0.0023,0,0
7059,100061,2.438,1777,false,4,1796,1790,6,0,0,1790,25,3.4143,0.0023,0,0
7060,100077,15.52,1777,false,4,1796,1790,6,0,0,1791,25,3.376,0.0021,0,0
7061,100093,15.373,1778,true,4,1797,1791,6,0,0,1791,25,3.376,0.0021,0,0
7062,100095,2.463,1778,false,4,1797,1791,6,0,0,1791,25,3.376,0.0021,0,0
7063,100108,13.53,1778,false,4,1798,1791,7,0,0,1792,25,3.376,0.0021,0,0
7064,100127,19.126,1779,true,4,1798,1792,6,0,0,1792,41,4.1421,0.0034,0,0
7065,100131,3.648,1779,false,4,1798,1792,6,0,0,1792,41,4.1421,0.0034,0,0
7066,100135,4.195,1779,false,4,1799,1792,7,0,0,1792,41,4.1421,0.0034,0,0
7067,100156,20.214,1779,false,4,1799,1792,7,0,0,1793,37,4.5829,0.0022,0,0
7068,100168,13.15,1780,true,4,1799,1793,6,0,0,1793,253,4.5829,0.0022,0,0
7069,100172,3.028,1780,false,4,1800,1793,7,0,0,1793,253,4.5829,0.0022,0,0
7070,100175,3.857,1780,false,4,1800,1793,7,0,0,1793,22,4.5829,0.0022,0,0
7071,100187,11.103,1780,false,4,1800,1793,7,0,0,1794,18,4.5829,0.0022,0,0
7072,100198,11.646,1781,true,3,1800,1794,6,0,0,1794,39,3.8574,0.0021,0,0
7073,100200,1.739,1781,false,3,1800,1794,6,0,0,1794,39,3.8574,0.0021,0,0
7074,100217,16.658,1781,false,3,1801,1794,7,0,0,1795,39,3.8574,0.0021,0,0
7075,100237,20.055,1782,true,10,1801,1795,6,0,0,1795,29,4.6008,0.0021,0,0
7076,100238,1.869,1782,false,10,1801,1795,6,0,0,1795,29,4.6008,0.0021,0,0
7077,100248,9.368,1782,false,10,1802,1795,7,0,0,1795,29,4.6008,0.0021,0,0
7078,100251,2.857,1782,false,10,1802,1795,7,0,0,1796,34,4.6008,0.0021,0,0
7079,100262,11.342,1783,true,4,1802,1796,6,0,0,1796,19,3.9132,0.0028,0,0
7080,100264,2.362,1783,false,4,1802,1796,6,0,0,1796,19,3.9132,0.0028,0,0
7081,100279,14.23,1783,false,4,1802,1796,6,0,0,1796,19,3.9132,0.0028,0,0
7082,100282,3.245,1783,false,4,1803,1796,7,0,0,1796,19,3.9132,0.0028,0,0
7083,100294,11.562,1784,true,4,1803,1797,6,0,0,1797,24,3.2855,0.0019,0,0
7084,100296,2.424,1784,false,4,1803,1797,6,0,0,1797,24,3.2855,0.0019,0,0
7085,100310,13.846,1784,false,4,1804,1797,7,0,0,1797,24,3.2855,0.0019,0,0
7086,100312,2.503,1784,false,4,1804,1797,7,0,0,1797,28,3.2855,0.0019,0,0
7087,100326,13.504,1784,false,4,1804,1797,7,0,0,1798,15,3.2092,0.0017,0,0
7088,100338,12.005,1785,true,4,1804,1798,6,0,0,1798,22,3.2092,0.0017,0,0
7089,100340,1.86,1785,false,4,1804,1798,6,0,0,1798,22,3.2092,0.0017,0,0
7090,100358,18.195,1785,false,4,1804,1798,6,0,0,1799,22,5.0104,0.0021,0,0
7091,100372,14.367,1786,true,4,1805,1799,6,0,0,1799,22,5.0104,0.0021,0,0
7092,100374,2.356,1786,false,4,1805,1799,6,0,0,1799,22,5.0104,0.0021,0,0
7093,100389,13.904,1786,false,4,1806,1799,7,0,0,1800,22,5.0104,0.0021,0,0
7094,100401,12.229,1787,true,3,1806,1800,6,0,0,1800,32,3.5225,0.0025,0,0
7095,100402,1.93,1787,false,3,1806,1800,6,0,0,1800,32,3.5225,0.0025,0,0
7096,100419,16.821,1787,false,3,1807,1800,7,0,0,1801,32,3.5225,0.0025,0,0
7097,100432,13.156,1788,true,5,1807,1801,6,0,0,1801,27,4.0335,0.0019,0,0
7098,100434,1.876,1788,false,5,1807,1801,6,0,0,1801,27,4.0335,0.0019,0,0
7099,100451,16.822,1788,false,5,1808,1801,7,0,0,1801,27,4.0335,0.0019,0,0
7100,100463,11.821,1789,true,3,1808,1802,6,0,0,1802,28,3.2858,0.0023,0,0
7101,100465,1.92,1789,false,3,1808,1802,6,0,0,1802,28,3.2858,0.0023,0,0
7102,100483,17.799,1789,false,3,1809,1802,7,0,0,1802,28,3.2858,0.0023,0,0
7103,100485,2.46,1789,false,3,1809,1802,7,0,0,1802,27,3.2858,0.0023,0,0
7104,100497,11.696,1790,true,4,1809,1803,6,0,0,1803,18,4.4226,0.0018,0,0
7105,100499,2.18,1790,false,4,1809,1803,6,0,0,1803,18,4.4226,0.0018,0,0
7106,100515,15.473,1790,false,4,1810,1803,7,0,0,1803,18,4.4226,0.0018,0,0
7107,100517,2.706,1790,false,4,1810,1803,7,0,0,1803,29,4.4226,0.0018,0,0
7108,100528,11.066,1791,true,3,1810,1804,6,0,0,1804,16,3.3498,0.002,0,0
7109,100530,2.149,1791,false,3,1810,1804,6,0,0,1804,16,3.3498,0.002,0,0
7110,100546,15.091,1791,false,3,1811,1804,7,0,0,1804,16,3.3498,0.002,0,0
7111,100548,2.444,1791,false,3,1811,1804,7,0,0,1804,29,3.3498,0.002,0,0
7112,100561,12.568,1791,false,3,1811,1804,7,0,0,1805,17,4.6847,0.0024,0,0
7113,100574,13.14,1792,true,4,1811,1805,6,0,0,1805,28,4.6847,0.0024,0,0
7114,100576,1.872,1792,false,4,1811,1805,6,0,0,1805,28,4.6847,0.0024,0,0
7115,100593,16.74,1792,false,4,1811,1805,6,0,0,1806,28,3.4696,0.0019,0,0
7116,100605,12.295,1793,true,4,1812,1806,6,0,0,1806,28,3.4696,0.0019,0,0
7117,100607,2.331,1793,false,4,1813,1806,7,0,0,1806,28,3.4696,0.0019,0,0
7118,100623,16.189,1793,false,4,1813,1806,7,0,0,1807,27,3.53,0.0023,0,0
7119,100637,13.41,1794,true,4,1813,1807,6,0,0,1807,83,3.53,0.0023,0,0
7120,100638,1.94,1794,false,4,1813,1807,6,0,0,1807,83,3.53,0.0023,0,0
7121,100655,16.37,1794,false,4,1814,1807,7,0,0,1808,83,3.53,0.0023,0,0
7122,100667,12.506,1795,true,4,1814,1808,6,0,0,1808,29,4.2347,0.0022,0,0
7123,100669,1.809,1795,false,4,1814,1808,6,0,0,1808,29,4.2347,0.0022,0,0
7124,100686,16.951,1795,false,4,1814,1808,6,0,0,1809,29,4.2347,0.0022,0,0
7125,100698,12.023,1796,true,3,1815,1809,6,0,0,1809,29,3.8871,0.0029,0,0
7126,100701,2.416,1796,false,3,1816,1809,7,0,0,1809,29,3.8871,0.0029,0,0
7127,100717,16.397,1796,false,3,1816,1809,7,0,0,1809,26,3.8871,0.0029,0,0
7128,100729,12.235,1797,true,4,1816,1810,6,0,0,1810,40,3.6867,0.002,0,0
7129,100731,1.801,1797,false,4,1816,1810,6,0,0,1810,40,3.6867,0.002,0,0
7130,100748,16.463,1797,false,4,1817,1810,7,0,0,1810,40,3.6867,0.002,0,0
7131,100755,7.506,1798,true,3,1817,1811,6,0,0,1811,58,3.6867,0.002,0,0
7132,100762,6.825,1798,false,3,1817,1811,6,0,0,1811,21,6.0116,0.0023,0,0
7133,100764,1.928,1798,false,3,1817,1811,6,0,0,1811,21,6.0116,0.0023,0,0
7134,100778,14.254,1798,false,3,1818,1811,7,0,0,1811,21,6.0116,0.0023,0,0
7135,100780,2.338,1798,false,3,1818,1811,7,0,0,1811,27,6.0116,0.0023,0,0
7136,100793,12.562,1798,false,3,1818,1811,7,0,0,1812,16,3.7346,0.0018,0,0
7137,100804,11.584,1799,true,4,1818,1812,6,0,0,1812,19,3.7346,0.0018,0,0
7138,100806,1.742,1799,false,4,1818,1812,6,0,0,1812,19,3.7346,0.0018,0,0
7139,100823,17.154,1799,false,4,1819,1812,7,0,0,1813,19,3.3856,0.0019,0,0
7140,100835,12.145,1800,true,4,1819,1813,6,0,0,1813,24,3.3856,0.0019,0,0
7141,100837,1.816,1800,false,4,1819,1813,6,0,0,1813,24,3.3856,0.0019,0,0
7142,100854,17.068,1800,false,4,1820,1813,7,0,0,1814,24,3.3599,0.0018,0,0
7143,100868,13.315,1801,true,4,1820,1814,6,0,0,1814,24,3.3599,0.0018,0,0
7144,100870,2.475,1801,false,4,1820,1814,6,0,0,1814,24,3.3599,0.0018,0,0
7145,100885,14.785,1801,false,4,1820,1814,6,0,0,1815,24,4.285,0.0023,0,0
7146,100899,13.912,1802,true,4,1821,1815,6,0,0,1815,24,4.285,0.0023,0,0
7147,100902,2.734,1802,false,4,1821,1815,6,0,0,1815,24,4.285,0.0023,0,0
7148,100906,4.161,1802,false,4,1822,1815,7,0,0,1815,24,4.285,0.0023,0,0
7149,100915,9.536,1802,false,4,1822,1815,7,0,0,1815,49,4.285,0.0023,0,0
7150,100931,15.465,1802,false,4,1822,1815,7,0,0,1816,26,5.4792,0.013,0,0
7151,100944,12.918,1803,true,4,1822,1816,6,0,0,1816,25,5.4792,0.013,0,0
7152,100945,1.786,1803,false,4,1822,1816,6,0,0,1816,25,5.4792,0.013,0,0
7153,100962,16.608,1803,false,4,1823,1816,7,0,0,1817,25,4.3392,0.0021,0,0
7154,100975,12.616,1804,true,4,1823,1817,6,0,0,1817,26,4.3392,0.0021,0,0
7155,100976,1.723,1804,false,4,1823,1817,6,0,0,1817,26,4.3392,0.0021,0,0
7156,100985,8.893,1804,false,4,1824,1817,7,0,0,1817,26,4.3392,0.0021,0,0
7157,100998,12.349,1805,true,3,1824,1818,6,0,0,1818,24,3.3307,0.002,0,0
7158,101000,2.077,1805,false,3,1824,1818,6,0,0,1818,24,3.3307,0.002,0,0
7159,101024,24.423,1805,false,3,1825,1818,7,0,0,1819,24,3.3307,0.002,0,0
7160,101036,12.268,1806,true,4,1825,1819,6,0,0,1819,24,5.0567,0.0032,0,0
7161,101038,1.577,1806,false,4,1825,1819,6,0,0,1819,24,5.0567,0.0032,0,0
7162,101056,17.779,1806,false,4,1825,1819,6,0,0,1820,24,5.0567,0.0032,0,0
7163,101063,6.764,1807,true,4,1825,1820,5,0,0,1820,24,3.4213,0.0029,0,0
7164,101064,1.532,1807,false,4,1825,1820,5,0,0,1820,24,3.4213,0.0029,0,0
7165,101071,7.015,1807,false,4,1825,1820,5,0,0,1820,24,3.4213,0.0029,0,0
7166,101088,16.441,1807,false,4,1825,1820,5,0,0,1821,24,3.4213,0.0029,0,0
7167,101094,6.676,1808,true,4,1825,1821,4,0,0,1821,24,3.672,0.015,0,0
7168,101096,1.603,1808,false,4,1825,1821,4,0,0,1821,24,3.672,0.015,0,0
7169,101103,7.467,1808,false,4,1825,1821,4,0,0,1821,24,3.672,0.015,0,0
7170,101119,15.36,1808,false,4,1825,1821,4,0,0,1822,24,3.672,0.015,0,0
7171,101125,6.618,1809,true,4,1825,1822,3,0,0,1822,24,3.9009,0.003,0,0
7172,101127,1.893,1809,false,4,1825,1822,3,0,0,1822,24,3.9009,0.003,0,0
7173,101135,7.103,1809,false,4,1825,1822,3,0,0,1822,24,3.9009,0.003,0,0
7174,101150,15.476,1809,false,4,1825,1822,3,0,0,1823,24,3.9009,0.003,0,0
7175,101156,6.539,1810,true,4,1825,1823,2,0,0,1823,24,5.3216,0.0024,0,0
7176,101158,1.482,1810,false,4,1825,1823,2,0,0,1823,24,5.3216,0.0024,0,0
7177,101165,6.92,1810,false,4,1825,1823,2,0,0,1823,24,5.3216,0.0024,0,0
7178,101181,16.247,1810,false,4,1825,1823,2,0,0,1823,24,5.3216,0.0024,0,0
7179,101183,1.922,1810,false,4,1825,1823,2,0,0,1823,24,5.3216,0.0024,0,0
7180,101196,13.037,1810,false,4,1825,1823,2,0,0,1824,24,5.3216,0.0024,0,0
7181,101202,6.524,1811,true,4,1825,1824,1,0,0,1824,24,5.3216,0.0024,0,0
7182,101204,1.488,1811,false,4,1825,1824,1,0,0,1824,24,5.3216,0.0024,0,0
7183,101211,7.551,1811,false,4,1825,1824,1,0,0,1824,24,5.3216,0.0024,0,0
7184,101227,15.365,1811,false,4,1825,1824,1,0,0,1824,24,5.3216,0.0024,0,0
7185,101229,2.38,1811,false,4,1825,1824,1,0,0,1824,24,5.3216,0.0024,0,0
7186,101242,13.079,1811,false,4,1825,1824,1,0,0,1824,24,5.3216,0.0024,0,0
7187,101245,1.913,1811,false,4,1825,1824,1,0,0,1824,24,5.3216,0.0024,0,0
7188,101249,4.814,1811,false,4,1825,1824,1,0,0,1824,24,5.3216,0.0024,0,0
7189,101259,9.33,1811,false,4,1825,1824,1,0,0,1824,24,5.3216,0.0024,0,0
7190,101263,4.496,1811,false,4,1825,1824,1,0,0,1824,24,5.3216,0.0024,0,0
7191,101274,10.839,1811,false,4,1825,1824,1,0,0,1824,24,5.3216,0.0024,0,0
7192,101277,2.814,1811,false,4,1825,1824,1,0,0,1824,24,5.3216,0.0024,0,0
7193,101290,12.888,1811,false,4,1825,1824,1,0,0,1824,24,5.3216,0.0024,0,0
7194,101291,1.842,1811,false,4,1825,1824,1,0,0,1824,24,5.3216,0.0024,0,0
7195,101305,13.494,1811,false,4,1825,1824,1,0,0,1824,24,5.3216,0.0024,0,0
7196,101306,1.566,1811,false,4,1825,1824,1,0,0,1824,24,5.3216,0.0024,0,0
7197,101321,14.103,1811,false,4,1825,1824,1,0,0,1824,24,5.3216,0.0024,0,0
7198,101322,1.863,1811,false,4,1825,1824,1,0,0,1824,24,5.3216,0.0024,0,0
7199,101336,13.693,1811,false,4,1825,1824,1,0,0,1824,24,5.3216,0.0024,0,0
7200,101338,1.777,1811,false,4,1825,1824,1,0,0,1824,24,5.3216,0.0024,0,0
7201,101351,13.515,1811,false,4,1825,1824,1,0,0,1824,24,5.3216,0.0024,0,0
7202,101353,1.949,1811,false,4,1825,1824,1,0,0,1824,24,5.3216,0.0024,0,0
7203,101366,13.056,1811,false,4,1825,1824,1,0,0,1824,24,5.3216,0.0024,0,0
7204,101368,2.139,1811,false,4,1825,1824,1,0,0,1824,24,5.3216,0.0024,0,0
7205,101381,12.863,1811,false,4,1825,1824,1,0,0,1824,24,5.3216,0.0024,0,0
7206,101383,1.546,1811,false,4,1825,1824,1,0,0,1824,24,5.3216,0.0024,0,0
7207,101396,13.084,1811,false,4,1825,1824,1,0,0,1824,24,5.3216,0.0024,0,0
7208,101398,2.137,1811,false,4,1825,1824,1,0,0,1824,24,5.3216,0.0024,0,0
7209,101411,13.226,1811,false,4,1825,1824,1,0,0,1824,24,5.3216,0.0024,0,0
7210,101413,1.849,1811,false,4,1825,1824,1,0,0,1824,24,5.3216,0.0024,0,0
7211,101427,13.626,1811,false,4,1825,1824,1,0,0,1824,24,5.3216,0.0024,0,0
7212,101429,1.835,1811,false,4,1825,1824,1,0,0,1824,24,5.3216,0.0024,0,0
7213,101443,14.069,1811,false,4,1825,1824,1,0,0,1824,24,5.3216,0.0024,0,0
7214,101445,2.484,1811,false,4,1825,1824,1,0,0,1824,24,5.3216,0.0024,0,0
7215,101458,12.313,1811,false,4,1825,1824,1,0,0,1824,24,5.3216,0.0024,0,0
7216,101460,2.636,1811,false,4,1825,1824,1,0,0,1824,24,5.3216,0.0024,0,0
7217,101464,4.221,1811,false,4,1825,1824,1,0,0,1824,24,5.3216,0.0024,0,0
7218,101473,8.789,1811,false,4,1825,1824,1,0,0,1824,24,5.3216,0.0024,0,0
7219,101489,15.709,1811,false,4,1825,1824,1,0,0,1824,24,5.3216,0.0024,0,0
7220,101490,1.643,1811,false,4,1825,1824,1,0,0,1824,24,5.3216,0.0024,0,0
7221,102551,1060.584,1811,false,4,1825,1824,1,0,0,1824,24,5.3216,0.0024,0,0
7222,102553,2.267,1811,false,4,1825,1824,1,0,0,1824,24,5.3216,0.0024,0,0
7223,102567,13.565,1811,false,4,1826,1824,2,0,0,1824,24,3.4111,0.0017,0,0
7224,102575,8.102,1811,false,4,1827,1824,3,0,0,1824,24,3.4111,0.0017,0,0
7225,102577,1.71,1811,false,4,1827,1824,3,0,0,1824,24,3.4111,0.0017,0,0
7226,102594,17.286,1811,false,4,1827,1824,3,0,0,1825,24,3.4111,0.0017,0,0
7227,102606,11.64,1812,true,3,1828,1825,3,0,0,1825,24,3.2703,0.0018,0,0
7228,102614,8.538,1812,false,3,1829,1825,4,0,0,1825,24,3.2703,0.0018,0,0
7229,102616,1.604,1812,false,3,1829,1825,4,0,0,1825,24,3.2703,0.0018,0,0
7230,102625,9.358,1812,false,3,1829,1825,4,0,0,1825,24,3.2703,0.0018,0,0
7231,102637,12.071,1813,true,3,1830,1826,4,0,0,1826,24,3.3032,0.0017,0,0
7232,102639,1.691,1813,false,3,1830,1826,4,0,0,1826,24,3.3032,0.0017,0,0
7233,102646,7.468,1813,false,3,1831,1826,5,0,0,1826,24,3.3032,0.0017,0,0
7234,102657,10.94,1813,false,3,1831,1826,5,0,0,1827,24,3.3032,0.0017,0,0
7235,102664,6.318,1814,true,3,1831,1827,4,0,0,1827,24,4.4997,0.002,0,0
7236,102671,7.531,1814,false,3,1832,1827,5,0,0,1827,24,4.4997,0.002,0,0
7237,102673,1.909,1814,false,3,1832,1827,5,0,0,1827,24,4.4997,0.002,0,0
7238,102689,15.8,1814,false,3,1832,1827,5,0,0,1827,24,4.4997,0.002,0,0
7239,102701,12.162,1815,true,3,1833,1828,5,0,0,1828,24,3.3575,0.0025,0,0
7240,102703,1.694,1815,false,3,1833,1828,5,0,0,1828,24,3.3575,0.0025,0,0
7241,102719,16.509,1815,false,3,1833,1828,5,0,0,1828,24,3.3575,0.0025,0,0
7242,102731,12.317,1816,true,3,1834,1829,5,0,0,1829,24,4.7293,0.0025,0,0
7243,102733,1.679,1816,false,3,1834,1829,5,0,0,1829,24,4.7293,0.0025,0,0
7244,102741,7.935,1816,false,3,1835,1829,6,0,0,1829,24,4.7293,0.0025,0,0
7245,102750,9.307,1816,false,3,1835,1829,6,0,0,1829,24,4.7293,0.0025,0,0
7246,102753,2.106,1816,false,3,1835,1829,6,0,0,1829,24,4.7293,0.0025,0,0
7247,102765,12.708,1816,false,3,1836,1829,7,0,0,1830,24,3.3165,0.0024,0,0
7248,102777,11.429,1817,true,3,1836,1830,6,0,0,1830,23,3.3165,0.0024,0,0
7249,102778,1.77,1817,false,3,1836,1830,6,0,0,1830,23,3.3165,0.0024,0,0
7250,102797,18.23,1817,false,3,1837,1830,7,0,0,1831,23,3.3866,0.0019,0,0
7251,102810,13.595,1818,true,4,1837,1831,6,0,0,1831,26,3.3866,0.0019,0,0
7252,102812,1.729,1818,false,4,1837,1831,6,0,0,1831,26,3.3866,0.0019,0,0
7253,102828,15.598,1818,false,4,1838,1831,7,0,0,1832,26,3.477,0.0019,0,0
7254,102839,11.589,1819,true,3,1838,1832,6,0,0,1832,24,3.477,0.0019,0,0
7255,102841,2.153,1819,false,3,1838,1832,6,0,0,1832,24,3.477,0.0019,0,0
7256,102859,17.59,1819,false,3,1839,1832,7,0,0,1833,24,3.3372,0.0021,0,0
7257,102872,13.036,1820,true,4,1839,1833,6,0,0,1833,30,3.3372,0.0021,0,0
7258,102874,1.885,1820,false,4,1839,1833,6,0,0,1833,30,3.3372,0.0021,0,0
7259,102889,15.2,1820,false,4,1840,1833,7,0,0,1834,30,3.3372,0.0021,0,0
7260,102901,11.586,1821,true,3,1840,1834,6,0,0,1834,28,3.4454,0.0034,0,0
7261,102902,1.889,1821,false,3,1840,1834,6,0,0,1834,28,3.4454,0.0034,0,0
7262,102920,17.625,1821,false,3,1841,1834,7,0,0,1834,28,3.4454,0.0034,0,0
7263,102923,2.933,1821,false,3,1841,1834,7,0,0,1835,34,3.4454,0.0034,0,0
7264,102929,5.98,1822,true,3,1841,1835,6,0,0,1835,23,3.4454,0.0034,0,0
7265,102937,7.506,1822,false,3,1841,1835,6,0,0,1835,18,6.4403,0.0023,0,0
7266,102952,14.921,1822,false,3,1841,1835,6,0,0,1835,18,6.4403,0.0023,0,0
7267,102954,2.873,1822,false,3,1842,1835,7,0,0,1835,18,6.4403,0.0023,0,0
7268,102967,12.222,1822,false,3,1842,1835,7,0,0,1836,27,3.2497,0.0022,0,0
7269,102978,11.978,1823,true,4,1842,1836,6,0,0,1836,27,3.2497,0.0022,0,0
7270,102981,2.387,1823,false,4,1843,1836,7,0,0,1836,27,3.2497,0.0022,0,0
7271,102998,16.826,1823,false,4,1843,1836,7,0,0,1837,297,3.254,0.0017,0,0
7272,103010,12.368,1824,true,4,1843,1837,6,0,0,1837,27,3.254,0.0017,0,0
7273,103012,1.932,1824,false,4,1843,1837,6,0,0,1837,27,3.254,0.0017,0,0
7274,103029,17.206,1824,false,4,1844,1837,7,0,0,1838,27,3.2754,0.0022,0,0
7275,103042,12.371,1825,true,4,1844,1838,6,0,0,1838,24,3.2754,0.0022,0,0
7276,103043,1.931,1825,false,4,1844,1838,6,0,0,1838,24,3.2754,0.0022,0,0
7277,103060,15.952,1825,false,4,1844,1838,6,0,0,1839,24,3.3161,0.0024,0,0
7278,103074,14.12,1826,true,4,1845,1839,6,0,0,1839,24,3.3161,0.0024,0,0
7279,103075,1.874,1826,false,4,1845,1839,6,0,0,1839,24,3.3161,0.0024,0,0
7280,103092,15.604,1826,false,4,1846,1839,7,0,0,1840,24,3.6775,0.0028,0,0
7281,103104,13.197,1827,true,4,1846,1840,6,0,0,1840,29,3.6775,0.0028,0,0
7282,103107,2.595,1827,false,4,1847,1840,7,0,0,1840,29,3.6775,0.0028,0,0
7283,103123,15.755,1827,false,4,1847,1840,7,0,0,1841,26,3.6775,0.0028,0,0
7284,103134,11.877,1828,true,3,1847,1841,6,0,0,1841,28,4.8618,0.0022,0,0
7285,103136,1.731,1828,false,3,1847,1841,6,0,0,1841,28,4.8618,0.0022,0,0
7286,103153,16.86,1828,false,3,1848,1841,7,0,0,1842,28,4.8618,0.0022,0,0
7287,103164,11.444,1829,true,3,1848,1842,6,0,0,1842,28,3.4228,0.002,0,0
7288,103166,1.77,1829,false,3,1848,1842,6,0,0,1842,28,3.4228,0.002,0,0
7289,103184,17.817,1829,false,3,1849,1842,7,0,0,1842,28,3.4228,0.002,0,0
7290,103201,16.831,1830,true,4,1849,1843,6,0,0,1843,32,5.3837,0.0026,0,0
7291,103203,2.283,1830,false,4,1849,1843,6,0,0,1843,32,5.3837,0.0026,0,0
7292,103208,4.623,1830,false,4,1850,1843,7,0,0,1843,32,5.3837,0.0026,0,0
7293,103216,7.47,1830,false,4,1850,1843,7,0,0,1843,28,5.3837,0.0026,0,0
7294,103230,14.134,1830,false,4,1850,1843,7,0,0,1844,38,3.2081,0.0025,0,0
7295,103242,12.152,1831,true,4,1850,1844,6,0,0,1844,26,3.2081,0.0025,0,0
7296,103243,1.737,1831,false,4,1850,1844,6,0,0,1844,26,3.2081,0.0025,0,0
7297,103261,17.445,1831,false,4,1851,1844,7,0,0,1845,26,3.2081,0.0025,0,0
7298,103274,13.326,1832,true,4,1851,1845,6,0,0,1845,28,3.8335,0.0021,0,0
7299,103276,1.858,1832,false,4,1851,1845,6,0,0,1845,28,3.8335,0.0021,0,0
7300,103293,16.532,1832,false,4,1852,1845,7,0,0,1846,28,3.8335,0.0021,0,0
7301,103305,12.702,1833,true,4,1852,1846,6,0,0,1846,31,3.6829,0.0024,0,0
7302,103307,1.855,1833,false,4,1852,1846,6,0,0,1846,31,3.6829,0.0024,0,0
7303,103324,16.84,1833,false,4,1853,1846,7,0,0,1847,31,3.6829,0.0024,0,0
7304,103345,20.773,1834,true,9,1853,1847,6,0,0,1847,27,5.4477,0.0023,0,0
7305,103347,2.219,1834,false,9,1853,1847,6,0,0,1847,27,5.4477,0.0023,0,0
7306,103356,9.023,1834,false,9,1854,1847,7,0,0,1847,27,5.4477,0.0023,0,0
7307,103368,11.658,1835,true,4,1854,1848,6,0,0,1848,27,3.2414,0.002,0,0
7308,103369,1.85,1835,false,4,1854,1848,6,0,0,1848,27,3.2414,0.002,0,0
7309,103387,17.622,1835,false,4,1855,1848,7,0,0,1848,27,3.2414,0.002,0,0
7310,103390,2.499,1835,false,4,1855,1848,7,0,0,1848,27,3.2414,0.002,0,0
7311,103400,10.742,1836,true,3,1855,1849,6,0,0,1849,17,3.2216,0.0021,0,0
7312,103402,1.78,1836,false,3,1855,1849,6,0,0,1849,17,3.2216,0.0021,0,0
7313,103418,15.714,1836,false,3,1855,1849,6,0,0,1849,17,3.2216,0.0021,0,0
7314,103421,3.083,1836,false,3,1856,1849,7,0,0,1849,17,3.2216,0.0021,0,0
7315,103425,3.718,1836,false,3,1856,1849,7,0,0,1849,25,3.2216,0.0021,0,0
7316,103437,11.965,1837,true,4,1856,1850,6,0,0,1850,20,3.3657,0.0018,0,0
7317,103439,2.089,1837,false,4,1856,1850,6,0,0,1850,20,3.3657,0.0018,0,0
7318,103450,11.041,1837,false,4,1857,1850,7,0,0,1850,20,3.3657,0.0018,0,0
7319,103452,2.502,1837,false,4,1857,1850,7,0,0,1850,23,3.3657,0.0018,0,0
7320,103465,13.12,1837,false,4,1857,1850,7,0,0,1851,15,4.3694,0.0017,0,0
7321,103618,152.557,1838,true,4,1857,1855,2,0,0,1855,24,3.3181,0.0023,0,0
7322,103633,15.163,1838,false,4,1859,1855,4,0,0,1855,24,3.6639,0.0018,0,0
7323,103640,7.232,1838,false,4,1860,1855,5,0,0,1855,24,3.6639,0.0018,0,0
7324,103642,1.636,1838,false,4,1860,1855,5,0,0,1855,24,3.6639,0.0018,0,0
7325,103652,9.499,1838,false,4,1860,1855,5,0,0,1856,24,3.246,0.0019,0,0
7326,103666,14.961,1839,true,4,1861,1856,5,0,0,1856,24,3.246,0.0019,0,0
7327,103668,1.749,1839,false,4,1861,1856,5,0,0,1856,24,3.246,0.0019,0,0
7328,103675,6.798,1839,false,4,1862,1856,6,0,0,1856,24,3.246,0.0019,0,0
7329,103683,7.731,1839,false,4,1862,1856,6,0,0,1857,24,3.2281,0.0016,0,0
7330,103687,5.025,1840,true,2,1862,1857,5,0,0,1857,24,3.2281,0.0016,0,0
7331,103698,10.088,1840,false,2,1863,1857,6,0,0,1857,24,3.2281,0.0016,0,0
7332,103702,3.529,1840,false,2,1863,1857,6,0,0,1857,24,3.2281,0.0016,0,0
7333,103713,11.942,1840,false,2,1863,1857,6,0,0,1857,24,3.2281,0.0016,0,0
7334,103716,2.594,1840,false,2,1864,1857,7,0,0,1857,24,3.2281,0.0016,0,0
7335,103730,13.477,1841,true,4,1864,1858,6,0,0,1858,23,3.4608,0.0017,0,0
7336,103731,2.164,1841,false,4,1864,1858,6,0,0,1858,23,3.4608,0.0017,0,0
7337,103745,13.118,1841,false,4,1864,1858,6,0,0,1858,23,3.4608,0.0017,0,0
7338,103748,3.362,1841,false,4,1865,1858,7,0,0,1858,23,3.4608,0.0017,0,0
7339,103751,3.505,1841,false,4,1865,1858,7,0,0,1859,26,3.4608,0.0017,0,0
7340,103763,11.691,1842,true,3,1865,1859,6,0,0,1859,19,5.9943,0.0022,0,0
7341,103765,2.078,1842,false,3,1865,1859,6,0,0,1859,19,5.9943,0.0022,0,0
7342,103776,10.166,1842,false,3,1865,1859,6,0,0,1859,19,5.9943,0.0022,0,0
7343,103779,3.636,1842,false,3,1866,1859,7,0,0,1859,19,5.9943,0.0022,0,0
7344,103791,11.886,1842,false,3,1866,1859,7,0,0,1860,25,3.2938,0.0019,0,0
7345,103803,11.722,1843,true,3,1866,1860,6,0,0,1860,22,3.2938,0.0019,0,0
7346,103804,1.754,1843,false,3,1866,1860,6,0,0,1860,22,3.2938,0.0019,0,0
7347,103823,18.215,1843,false,3,1866,1860,6,0,0,1861,22,3.6466,0.002,0,0
7348,103835,12.389,1844,true,4,1867,1861,6,0,0,1861,22,3.6466,0.002,0,0
7349,103837,2.259,1844,false,4,1868,1861,7,0,0,1861,22,3.6466,0.002,0,0
7350,103855,17.29,1844,false,4,1868,1861,7,0,0,1862,21,3.4252,0.0025,0,0
7351,103866,11.813,1845,true,3,1868,1862,6,0,0,1862,25,3.4252,0.0025,0,0
7352,103868,1.74,1845,false,3,1868,1862,6,0,0,1862,25,3.4252,0.0025,0,0
7353,103887,18.462,1845,false,3,1869,1862,7,0,0,1863,25,3.3796,0.0028,0,0
7354,103900,13.743,1846,true,4,1869,1863,6,0,0,1863,58,3.3796,0.0028,0,0
7355,103903,2.917,1846,false,4,1870,1863,7,0,0,1863,58,3.3796,0.0028,0,0
7356,103907,3.985,1846,false,4,1870,1863,7,0,0,1863,41,3.3796,0.0028,0,0
7357,103918,10.365,1846,false,4,1870,1863,7,0,0,1863,38,3.3796,0.0028,0,0
7358,103929,11.391,1847,true,3,1870,1864,6,0,0,1864,25,3.2384,0.0021,0,0
7359,103931,1.688,1847,false,3,1870,1864,6,0,0,1864,25,3.2384,0.0021,0,0
7360,103949,18.298,1847,false,3,1871,1864,7,0,0,1864,25,3.2384,0.0021,0,0
7361,103951,2.454,1847,false,3,1871,1864,7,0,0,1864,27,3.2384,0.0021,0,0
7362,103963,11.737,1848,true,4,1871,1865,6,0,0,1865,18,4.5401,0.0019,0,0
7363,103966,2.505,1848,false,4,1871,1865,6,0,0,1865,18,4.5401,0.0019,0,0
7364,103980,14.607,1848,false,4,1871,1865,6,0,0,1865,18,4.5401,0.0019,0,0
7365,103983,2.89,1848,false,4,1872,1865,7,0,0,1865,18,4.5401,0.0019,0,0
7366,103997,13.298,1848,false,4,1872,1865,7,0,0,1866,25,3.3618,0.0022,0,0
7367,104009,12.371,1849,true,4,1872,1866,6,0,0,1866,25,3.3618,0.0022,0,0
7368,104011,2.34,1849,false,4,1873,1866,7,0,0,1866,25,3.3618,0.0022,0,0
7369,104028,16.732,1849,false,4,1873,1866,7,0,0,1867,155,4.5397,0.0023,0,0
7370,104040,12.598,1850,true,4,1873,1867,6,0,0,1867,26,4.5397,0.0023,0,0
7371,104042,1.933,1850,false,4,1873,1867,6,0,0,1867,26,4.5397,0.0023,0,0
7372,104058,15.394,1850,false,4,1874,1867,7,0,0,1868,26,3.3436,0.0019,0,0
7373,104071,13.367,1851,true,4,1874,1868,6,0,0,1868,28,3.3436,0.0019,0,0
7374,104073,2.023,1851,false,4,1874,1868,6,0,0,1868,28,3.3436,0.0019,0,0
7375,104089,15.697,1851,false,4,1874,1868,6,0,0,1869,28,3.3436,0.0019,0,0
7376,104101,12.05,1852,true,3,1875,1869,6,0,0,1869,28,3.8499,0.0023,0,0
7377,104103,1.66,1852,false,3,1875,1869,6,0,0,1869,28,3.8499,0.0023,0,0
7378,104120,16.928,1852,false,3,1876,1869,7,0,0,1870,28,3.8499,0.0023,0,0
7379,104132,12.933,1853,true,4,1876,1870,6,0,0,1870,31,5.5354,0.003,0,0
7380,104134,1.798,1853,false,4,1876,1870,6,0,0,1870,31,5.5354,0.003,0,0
7381,104151,16.442,1853,false,4,1877,1870,7,0,0,1870,31,5.5354,0.003,0,0
7382,104154,3.303,1853,false,4,1877,1870,7,0,0,1870,25,5.5354,0.003,0,0
7383,104162,8.042,1854,true,4,1877,1871,6,0,0,1871,27,5.5354,0.003,0,0
7384,104170,8.444,1854,false,4,1877,1871,6,0,0,1871,18,6.1971,0.002,0,0
7385,104172,1.68,1854,false,4,1877,1871,6,0,0,1871,18,6.1971,0.002,0,0
7386,104183,10.363,1854,false,4,1878,1871,7,0,0,1871,18,6.1971,0.002,0,0
7387,104185,2.651,1854,false,4,1878,1871,7,0,0,1871,29,6.1971,0.002,0,0
7388,104198,12.222,1854,false,4,1878,1871,7,0,0,1872,19,6.1971,0.002,0,0
7389,104210,13.123,1855,true,4,1878,1872,6,0,0,1872,25,3.7501,0.0022,0,0
7390,104212,1.695,1855,false,4,1878,1872,6,0,0,1872,25,3.7501,0.0022,0,0
7391,104229,16.901,1855,false,4,1878,1872,6,0,0,1872,25,3.7501,0.0022,0,0
7392,104248,18.934,1856,true,4,1879,1873,6,0,0,1873,25,3.3107,0.0021,0,0
7393,104251,3.299,1856,false,4,1880,1873,7,0,0,1873,25,3.3107,0.0021,0,0
7394,104255,3.666,1856,false,4,1880,1873,7,0,0,1873,24,3.3107,0.0021,0,0
7395,104274,19.301,1856,false,4,1880,1873,7,0,0,1874,23,3.5689,0.0032,0,0
7396,104287,12.678,1857,true,4,1880,1874,6,0,0,1874,26,3.5689,0.0032,0,0
7397,104289,2.108,1857,false,4,1880,1874,6,0,0,1874,26,3.5689,0.0032,0,0
7398,104306,16.543,1857,false,4,1881,1874,7,0,0,1875,26,4.3988,0.002,0,0
7399,104319,13.645,1858,true,4,1881,1875,6,0,0,1875,33,4.3988,0.002,0,0
7400,104321,2.007,1858,false,4,1881,1875,6,0,0,1875,33,4.3988,0.002,0,0
7401,104337,15.421,1858,false,4,1882,1875,7,0,0,1876,33,4.3988,0.002,0,0
7402,104350,12.883,1859,true,4,1882,1876,6,0,0,1876,26,3.5753,0.0022,0,0
7403,104352,2.259,1859,false,4,1882,1876,6,0,0,1876,26,3.5753,0.0022,0,0
7404,104367,15.172,1859,false,4,1883,1876,7,0,0,1877,26,3.5753,0.0022,0,0
7405,104380,12.801,1860,true,4,1883,1877,6,0,0,1877,30,5.06,0.0025,0,0
7406,104382,2.089,1860,false,4,1883,1877,6,0,0,1877,30,5.06,0.0025,0,0
7407,104400,17.305,1860,false,4,1884,1877,7,0,0,1877,30,5.06,0.0025,0,0
7408,104402,2.864,1860,false,4,1884,1877,7,0,0,1878,33,5.06,0.0025,0,0
7409,104413,11.292,1861,true,4,1884,1878,6,0,0,1878,17,3.2117,0.0019,0,0
7410,104416,2.233,1861,false,4,1884,1878,6,0,0,1878,17,3.2117,0.0019,0,0
7411,104430,14.205,1861,false,4,1885,1878,7,0,0,1878,17,3.2117,0.0019,0,0
7412,104432,2.503,1861,false,4,1885,1878,7,0,0,1878,28,3.2117,0.0019,0,0
7413,104446,13.081,1862,true,3,1885,1879,6,0,0,1879,16,3.347,0.0027,0,0
7414,104448,2.149,1862,false,3,1885,1879,6,0,0,1879,16,3.347,0.0027,0,0
7415,104452,4.737,1862,false,3,1886,1879,7,0,0,1879,16,3.347,0.0027,0,0
7416,104460,8.133,1862,false,3,1886,1879,7,0,0,1879,23,3.347,0.0027,0,0
7417,104477,16.188,1862,false,3,1886,1879,7,0,0,1880,24,3.4397,0.0026,0,0
7418,104488,11.735,1863,true,3,1886,1880,6,0,0,1880,25,3.4397,0.0026,0,0
7419,104490,1.856,1863,false,3,1886,1880,6,0,0,1880,25,3.4397,0.0026,0,0
7420,104508,17.996,1863,false,3,1886,1880,6,0,0,1881,25,3.3841,0.0021,0,0
7421,104520,12.068,1864,true,3,1887,1881,6,0,0,1881,25,3.3841,0.0021,0,0
7422,104522,1.767,1864,false,3,1887,1881,6,0,0,1881,25,3.3841,0.0021,0,0
7423,104540,17.272,1864,false,3,1888,1881,7,0,0,1882,25,3.3432,0.0019,0,0
7424,104552,12.637,1865,true,4,1888,1882,6,0,0,1882,23,3.3432,0.0019,0,0
7425,104554,1.843,1865,false,4,1888,1882,6,0,0,1882,23,3.3432,0.0019,0,0
7426,104570,16.061,1865,false,4,1888,1882,6,0,0,1883,23,3.3432,0.0019,0,0
7427,104582,12.611,1866,true,4,1889,1883,6,0,0,1883,23,6.6852,0.002,0,0
7428,104585,2.513,1866,false,4,1890,1883,7,0,0,1883,23,6.6852,0.002,0,0
7429,104601,15.671,1866,false,4,1890,1883,7,0,0,1883,28,6.6852,0.002,0,0
7430,104603,2.522,1866,false,4,1890,1883,7,0,0,1883,30,6.6852,0.002,0,0
7431,104615,11.38,1867,true,4,1890,1884,6,0,0,1884,21,3.246,0.002,0,0
7432,104617,2.285,1867,false,4,1890,1884,6,0,0,1884,21,3.246,0.002,0,0
7433,104631,14.033,1867,false,4,1890,1884,6,0,0,1884,21,3.246,0.002,0,0
7434,104634,3.094,1867,false,4,1891,1884,7,0,0,1884,21,3.246,0.002,0,0
7435,104638,3.712,1867,false,4,1891,1884,7,0,0,1885,28,3.246,0.002,0,0
7436,104651,13.718,1868,true,4,1891,1885,6,0,0,1885,22,3.7602,0.0025,0,0
7437,104654,2.588,1868,false,4,1891,1885,6,0,0,1885,22,3.7602,0.0025,0,0
7438,104658,4.367,1868,false,4,1892,1885,7,0,0,1885,22,3.7602,0.0025,0,0
7439,104678,19.165,1868,false,4,1892,1885,7,0,0,1885,29,3.7602,0.0025,0,0
7440,104681,3.276,1868,false,4,1892,1885,7,0,0,1885,37,3.7602,0.0025,0,0
7441,104694,13.45,1869,true,4,1892,1886,6,0,0,1886,32,3.7559,0.0026,0,0
7442,104696,2.164,1869,false,4,1892,1886,6,0,0,1886,32,3.7559,0.0026,0,0
7443,104708,11.839,1869,false,4,1893,1886,7,0,0,1886,32,3.7559,0.0026,0,0
7444,104711,2.611,1869,false,4,1893,1886,7,0,0,1886,33,3.7559,0.0026,0,0
7445,104724,13.197,1869,false,4,1893,1886,7,0,0,1887,19,3.3446,0.0019,0,0
7446,104738,13.55,1870,true,4,1893,1887,6,0,0,1887,25,3.3446,0.0019,0,0
7447,104740,2.002,1870,false,4,1893,1887,6,0,0,1887,25,3.3446,0.0019,0,0
7448,104755,15.502,1870,false,4,1893,1887,6,0,0,1888,25,3.4219,0.002,0,0
7449,104768,13.061,1871,true,4,1894,1888,6,0,0,1888,25,3.4219,0.002,0,0
7450,104770,2.153,1871,false,4,1894,1888,6,0,0,1888,25,3.4219,0.002,0,0
7451,104775,4.741,1871,false,4,1895,1888,7,0,0,1888,25,3.4219,0.002,0,0
7452,104786,10.865,1871,false,4,1895,1888,7,0,0,1889,28,3.4219,0.002,0,0
7453,104798,12.049,1872,true,4,1895,1889,6,0,0,1889,28,5.0938,0.0024,0,0
7454,104800,1.929,1872,false,4,1895,1889,6,0,0,1889,28,5.0938,0.0024,0,0
7455,104817,16.621,1872,false,4,1896,1889,7,0,0,1889,28,5.0938,0.0024,0,0
7456,104828,11.793,1873,true,3,1896,1890,6,0,0,1890,31,3.2874,0.0022,0,0
7457,104830,1.792,1873,false,3,1896,1890,6,0,0,1890,31,3.2874,0.0022,0,0
7458,104848,17.875,1873,false,3,1897,1890,7,0,0,1890,31,3.2874,0.0022,0,0
7459,104851,2.892,1873,false,3,1897,1890,7,0,0,1890,37,3.2874,0.0022,0,0
7460,104865,13.633,1874,true,4,1897,1891,6,0,0,1891,20,5.0962,0.0041,0,0
7461,104867,2.369,1874,false,4,1897,1891,6,0,0,1891,20,5.0962,0.0041,0,0
7462,104879,11.514,1874,false,4,1897,1891,6,0,0,1891,20,5.0962,0.0041,0,0
7463,104881,2.948,1874,false,4,1898,1891,7,0,0,1891,20,5.0962,0.0041,0,0
7464,104894,12.469,1874,false,4,1898,1891,7,0,0,1892,27,3.4613,0.0022,0,0
7465,104906,12.276,1875,true,4,1898,1892,6,0,0,1892,25,3.4613,0.0022,0,0
7466,104908,1.866,1875,false,4,1898,1892,6,0,0,1892,25,3.4613,0.0022,0,0
7467,104925,16.974,1875,false,4,1899,1892,7,0,0,1893,25,3.352,0.002,0,0
7468,104937,12.141,1876,true,3,1899,1893,6,0,0,1893,25,3.352,0.002,0,0
7469,104939,1.841,1876,false,3,1899,1893,6,0,0,1893,25,3.352,0.002,0,0
7470,104956,16.609,1876,false,3,1900,1893,7,0,0,1894,25,3.352,0.002,0,0
7471,104968,12.074,1877,true,4,1900,1894,6,0,0,1894,25,3.2755,0.0021,0,0
7472,104969,1.761,1877,false,4,1900,1894,6,0,0,1894,25,3.2755,0.0021,0,0
7473,104987,17.116,1877,false,4,1901,1894,7,0,0,1895,25,3.2755,0.0021,0,0
7474,105009,22.583,1878,true,10,1901,1895,6,0,0,1895,33,6.0998,0.0039,0,0
7475,105012,2.969,1878,false,10,1902,1895,7,0,0,1895,33,6.0998,0.0039,0,0
7476,105018,6.008,1878,false,10,1902,1895,7,0,0,1895,23,6.0998,0.0039,0,0
7477,105034,16.22,1878,false,10,1902,1895,7,0,0,1896,21,3.6014,0.0026,0,0
7478,105047,12.961,1879,true,4,1902,1896,6,0,0,1896,27,3.6014,0.0026,0,0
7479,105050,2.4,1879,false,4,1903,1896,7,0,0,1896,27,3.6014,0.0026,0,0
7480,105066,16.462,1879,false,4,1903,1896,7,0,0,1897,27,3.2787,0.0019,0,0
7481,105078,11.736,1880,true,3,1903,1897,6,0,0,1897,23,3.2787,0.0019,0,0
7482,105079,1.755,1880,false,3,1903,1897,6,0,0,1897,23,3.2787,0.0019,0,0
7483,105097,16.594,1880,false,3,1904,1897,7,0,0,1898,23,3.5522,0.0028,0,0
7484,105110,13.914,1881,true,4,1904,1898,6,0,0,1898,27,3.5522,0.0028,0,0
7485,105114,3.62,1881,false,4,1905,1898,7,0,0,1898,27,3.5522,0.0028,0,0
7486,105117,3.125,1881,false,4,1905,1898,7,0,0,1898,27,3.5522,0.0028,0,0
7487,105127,9.731,1881,false,4,1905,1898,7,0,0,1899,19,3.5522,0.0028,0,0
7488,105139,12.895,1882,true,4,1905,1899,6,0,0,1899,33,4.9054,0.0026,0,0
7489,105141,2.012,1882,false,4,1905,1899,6,0,0,1899,33,4.9054,0.0026,0,0
7490,105159,16.767,1882,false,4,1905,1899,6,0,0,1899,33,4.9054,0.0026,0,0
7491,105161,3.195,1882,false,4,1906,1899,7,0,0,1899,33,4.9054,0.0026,0,0
7492,105165,3.651,1882,false,4,1906,1899,7,0,0,1900,30,4.9054,0.0026,0,0
7493,105176,11.237,1883,true,4,1906,1900,6,0,0,1900,18,3.7145,0.0027,0,0
7494,105179,2.557,1883,false,4,1906,1900,6,0,0,1900,18,3.7145,0.0027,0,0
7495,105190,10.973,1883,false,4,1906,1900,6,0,0,1900,18,3.7145,0.0027,0,0
7496,105193,3.28,1883,false,4,1907,1900,7,0,0,1900,18,3.7145,0.0027,0,0
7497,105205,11.734,1883,false,4,1907,1900,7,0,0,1901,25,4.5809,0.0017,0,0
7498,105218,12.961,1884,true,4,1907,1901,6,0,0,1901,25,4.5809,0.0017,0,0
7499,105220,1.935,1884,false,4,1907,1901,6,0,0,1901,25,4.5809,0.0017,0,0
7500,105236,15.731,1884,false,4,1908,1901,7,0,0,1902,25,3.506,0.0044,0,0
7501,105248,12.176,1885,true,4,1908,1902,6,0,0,1902,25,3.506,0.0044,0,0
7502,105249,1.777,1885,false,4,1908,1902,6,0,0,1902,25,3.506,0.0044,0,0
7503,105267,17.509,1885,false,4,1908,1902,6,0,0,1903,25,3.2598,0.0027,0,0
7504,105284,16.891,1886,true,4,1909,1903,6,0,0,1903,25,3.2598,0.0027,0,0
7505,105286,2.477,1886,false,4,1910,1903,7,0,0,1903,25,3.2598,0.0027,0,0
7506,105298,11.674,1886,false,4,1910,1903,7,0,0,1904,27,3.2598,0.0027,0,0
7507,105311,13.129,1887,true,4,1910,1904,6,0,0,1904,37,4.0176,0.0032,0,0
7508,105313,2.229,1887,false,4,1910,1904,6,0,0,1904,37,4.0176,0.0032,0,0
7509,105318,4.672,1887,false,4,1911,1904,7,0,0,1904,37,4.0176,0.0032,0,0
7510,105329,11.019,1887,false,4,1911,1904,7,0,0,1905,26,4.0176,0.0032,0,0
7511,105341,12.016,1888,true,4,1911,1905,6,0,0,1905,29,4.1084,0.0021,0,0
7512,105343,1.803,1888,false,4,1911,1905,6,0,0,1905,29,4.1084,0.0021,0,0
7513,105362,18.505,1888,false,4,1912,1905,7,0,0,1906,29,4.1084,0.0021,0,0
7514,105374,12.869,1889,true,4,1912,1906,6,0,0,1906,29,3.8907,0.0022,0,0
7515,105376,2.112,1889,false,4,1912,1906,6,0,0,1906,29,3.8907,0.0022,0,0
7516,105393,16.046,1889,false,4,1913,1906,7,0,0,1906,29,3.8907,0.0022,0,0
7517,105399,6.848,1890,true,3,1913,1907,6,0,0,1907,32,3.8907,0.0022,0,0
7518,105407,7.463,1890,false,3,1913,1907,6,0,0,1907,25,6.0067,0.0019,0,0
7519,105409,2.12,1890,false,3,1913,1907,6,0,0,1907,25,6.0067,0.0019,0,0
7520,105422,13.491,1890,false,3,1914,1907,7,0,0,1907,25,6.0067,0.0019,0,0
7521,105425,2.605,1890,false,3,1914,1907,7,0,0,1907,32,6.0067,0.0019,0,0
7522,105438,13.135,1890,false,3,1914,1907,7,0,0,1908,18,3.4056,0.0021,0,0
7523,105450,12.018,1891,true,3,1914,1908,6,0,0,1908,24,3.4056,0.0021,0,0
7524,105452,1.748,1891,false,3,1914,1908,6,0,0,1908,24,3.4056,0.0021,0,0
7525,105470,18.109,1891,false,3,1914,1908,6,0,0,1909,24,3.356,0.0021,0,0
7526,105483,12.804,1892,true,4,1915,1909,6,0,0,1909,24,3.356,0.0021,0,0
7527,105484,1.72,1892,false,4,1915,1909,6,0,0,1909,24,3.356,0.0021,0,0
7528,105501,15.926,1892,false,4,1916,1909,7,0,0,1910,24,3.8114,0.0026,0,0
7529,105513,12.474,1893,true,4,1916,1910,6,0,0,1910,25,3.8114,0.0026,0,0
7530,105515,1.865,1893,false,4,1916,1910,6,0,0,1910,25,3.8114,0.0026,0,0
7531,105524,9.241,1893,false,4,1917,1910,7,0,0,1910,25,3.8114,0.0026,0,0
7532,105537,13.175,1894,true,4,1917,1911,6,0,0,1911,24,3.5195,0.0021,0,0
7533,105539,1.996,1894,false,4,1917,1911,6,0,0,1911,24,3.5195,0.0021,0,0
7534,105546,7.083,1894,false,4,1918,1911,7,0,0,1911,24,3.5195,0.0021,0,0
7535,105562,15.693,1894,false,4,1918,1911,7,0,0,1912,25,3.442,0.0025,0,0
7536,105574,12.322,1895,true,4,1918,1912,6,0,0,1912,26,3.442,0.0025,0,0
7537,105576,2.09,1895,false,4,1918,1912,6,0,0,1912,26,3.442,0.0025,0,0
7538,105594,17.546,1895,false,4,1919,1912,7,0,0,1913,26,3.442,0.0025,0,0
7539,105606,12.31,1896,true,4,1919,1913,6,0,0,1913,29,5.3826,0.0023,0,0
7540,105608,2.029,1896,false,4,1919,1913,6,0,0,1913,29,5.3826,0.0023,0,0
7541,105625,16.736,1896,false,4,1920,1913,7,0,0,1914,29,5.3826,0.0023,0,0
7542,105637,12.39,1897,true,3,1920,1914,6,0,0,1914,29,3.9642,0.0022,0,0
7543,105639,1.901,1897,false,3,1920,1914,6,0,0,1914,29,3.9642,0.0022,0,0
7544,105657,17.622,1897,false,3,1921,1914,7,0,0,1915,29,3.9642,0.0022,0,0
7545,105668,11.551,1898,true,3,1921,1915,6,0,0,1915,26,4.8519,0.0028,0,0
7546,105670,1.846,1898,false,3,1921,1915,6,0,0,1915,26,4.8519,0.0028,0,0
7547,105688,17.199,1898,false,3,1922,1915,7,0,0,1915,26,4.8519,0.0028,0,0
7548,105690,2.612,1898,false,3,1922,1915,7,0,0,1915,32,4.8519,0.0028,0,0
7549,105701,11.394,1899,true,4,1922,1916,6,0,0,1916,16,3.1985,0.0018,0,0
7550,105704,2.22,1899,false,4,1922,1916,6,0,0,1916,16,3.1985,0.0018,0,0
7551,105719,14.703,1899,false,4,1923,1916,7,0,0,1916,16,3.1985,0.0018,0,0
7552,105721,2.401,1899,false,4,1923,1916,7,0,0,1916,27,3.1985,0.0018,0,0
7553,105734,13.167,1899,false,4,1923,1916,7,0,0,1917,15,3.2156,0.0018,0,0
7554,105747,13.185,1900,true,5,1923,1917,6,0,0,1917,22,3.2156,0.0018,0,0
7555,105750,2.616,1900,false,5,1923,1917,6,0,0,1917,22,3.2156,0.0018,0,0
7556,105754,4.277,1900,false,5,1924,1917,7,0,0,1917,22,3.2156,0.0018,0,0
7557,105765,10.831,1900,false,5,1924,1917,7,0,0,1918,24,3.6661,0.0019,0,0
7558,105778,12.749,1901,true,3,1924,1918,6,0,0,1918,28,3.6661,0.0019,0,0
7559,105780,2.683,1901,false,3,1924,1918,6,0,0,1918,28,3.6661,0.0019,0,0
7560,105796,15.953,1901,false,3,1924,1918,6,0,0,1919,28,3.6661,0.0019,0,0
7561,105810,13.468,1902,true,4,1925,1919,6,0,0,1919,28,5.251,0.0022,0,0
7562,105812,1.908,1902,false,4,1925,1919,6,0,0,1919,28,5.251,0.0022,0,0
7563,105827,15.748,1902,false,4,1926,1919,7,0,0,1920,28,3.1774,0.0015,0,0
7564,105839,11.725,1903,true,3,1926,1920,6,0,0,1920,27,3.1774,0.0015,0,0
7565,105841,1.725,1903,false,3,1926,1920,6,0,0,1920,27,3.1774,0.0015,0,0
7566,105859,18.404,1903,false,3,1927,1920,7,0,0,1921,27,3.6266,0.0016,0,0
7567,105871,12.053,1904,true,4,1927,1921,6,0,0,1921,25,3.6266,0.0016,0,0
7568,105873,2.083,1904,false,4,1927,1921,6,0,0,1921,25,3.6266,0.0016,0,0
7569,105891,17.011,1904,false,4,1928,1921,7,0,0,1922,25,3.2317,0.0017,0,0
7570,105903,12.243,1905,true,4,1928,1922,6,0,0,1922,29,3.2317,0.0017,0,0
7571,105905,1.956,1905,false,4,1928,1922,6,0,0,1922,29,3.2317,0.0017,0,0
7572,105922,16.989,1905,false,4,1929,1922,7,0,0,1923,29,3.2317,0.0017,0,0
7573,105934,12.852,1906,true,4,1929,1923,6,0,0,1923,28,5.4716,0.0024,0,0
7574,105937,2.098,1906,false,4,1929,1923,6,0,0,1923,28,5.4716,0.0024,0,0
7575,105952,15.539,1906,false,4,1930,1923,7,0,0,1924,28,5.4716,0.0024,0,0
7576,105964,11.496,1907,true,3,1930,1924,6,0,0,1924,31,3.5279,0.0022,0,0
7577,105966,2.164,1907,false,3,1930,1924,6,0,0,1924,31,3.5279,0.0022,0,0
7578,105984,17.928,1907,false,3,1931,1924,7,0,0,1924,31,3.5279,0.0022,0,0
7579,105986,2.454,1907,false,3,1931,1924,7,0,0,1924,27,3.5279,0.0022,0,0
7580,105997,11.416,1908,true,3,1931,1925,6,0,0,1925,18,4.6704,0.002,0,0
7581,106000,2.46,1908,false,3,1931,1925,6,0,0,1925,18,4.6704,0.002,0,0
7582,106004,4.443,1908,false,3,1932,1925,7,0,0,1925,18,4.6704,0.002,0,0
7583,106014,9.993,1908,false,3,1932,1925,7,0,0,1925,22,4.6704,0.002,0,0
7584,106018,3.8,1908,false,3,1932,1925,7,0,0,1925,39,4.6704,0.002,0,0
7585,106030,11.226,1908,false,3,1932,1925,7,0,0,1926,57,3.5177,0.0027,0,0
7586,106042,12.091,1909,true,4,1932,1926,6,0,0,1926,23,3.5177,0.0027,0,0
7587,106043,1.775,1909,false,4,1932,1926,6,0,0,1926,23,3.5177,0.0027,0,0
7588,106061,17.194,1909,false,4,1932,1926,6,0,0,1927,23,3.5177,0.0027,0,0
7589,106075,14.242,1910,true,4,1933,1927,6,0,0,1927,23,3.5388,0.0018,0,0
7590,106078,3.269,1910,false,4,1934,1927,7,0,0,1927,23,3.5388,0.0018,0,0
7591,106082,3.626,1910,false,4,1934,1927,7,0,0,1927,24,3.5388,0.0018,0,0
7592,106092,10.065,1910,false,4,1934,1927,7,0,0,1928,16,3.5388,0.0018,0,0
7593,106104,12.149,1911,true,4,1934,1928,6,0,0,1928,26,3.853,0.0026,0,0
7594,106105,1.666,1911,false,4,1934,1928,6,0,0,1928,26,3.853,0.0026,0,0
7595,106123,17.505,1911,false,4,1934,1928,6,0,0,1929,26,3.853,0.0026,0,0
7596,106136,12.978,1912,true,4,1935,1929,6,0,0,1929,26,4.1374,0.0026,0,0
7597,106138,1.806,1912,false,4,1935,1929,6,0,0,1929,26,4.1374,0.0026,0,0
7598,106143,5.093,1912,false,4,1936,1929,7,0,0,1929,26,4.1374,0.0026,0,0
7599,106154,11.111,1912,false,4,1936,1929,7,0,0,1929,23,4.1374,0.0026,0,0
7600,106166,11.979,1913,true,3,1936,1930,6,0,0,1930,29,3.2953,0.0018,0,0
7601,106168,1.722,1913,false,3,1936,1930,6,0,0,1930,29,3.2953,0.0018,0,0
7602,106184,16.219,1913,false,3,1936,1930,6,0,0,1930,29,3.2953,0.0018,0,0
7603,106188,3.92,1913,false,3,1937,1930,7,0,0,1930,29,3.2953,0.0018,0,0
7604,106195,7.379,1914,true,4,1937,1931,6,0,0,1931,29,6.5487,0.002,0,0
7605,106203,8.202,1914,false,4,1937,1931,6,0,0,1931,30,6.5487,0.002,0,0
7606,106205,1.943,1914,false,4,1937,1931,6,0,0,1931,30,6.5487,0.002,0,0
7607,106214,9.03,1914,false,4,1938,1931,7,0,0,1931,30,6.5487,0.002,0,0
7608,106218,4.032,1914,false,4,1938,1931,7,0,0,1931,32,6.5487,0.002,0,0
7609,106230,11.324,1914,false,4,1938,1931,7,0,0,1932,18,6.5487,0.002,0,0
7610,106242,12.374,1915,true,4,1938,1932,6,0,0,1932,24,4.0585,0.0029,0,0
7611,106245,2.318,1915,false,4,1938,1932,6,0,0,1932,24,4.0585,0.0029,0,0
7612,106249,4.58,1915,false,4,1938,1932,6,0,0,1932,24,4.0585,0.0029,0,0
7613,106261,11.674,1915,false,4,1939,1932,7,0,0,1933,24,4.0585,0.0029,0,0
7614,106279,18.827,1916,true,9,1939,1933,6,0,0,1933,28,4.0913,0.0026,0,0
7615,106282,2.21,1916,false,9,1939,1933,6,0,0,1933,28,4.0913,0.0026,0,0
7616,106286,4.669,1916,false,9,1940,1933,7,0,0,1933,28,4.0913,0.0026,0,0
7617,106307,20.577,1916,false,9,1940,1933,7,0,0,1934,24,4.5888,0.0027,0,0
7618,106322,15.058,1917,true,5,1940,1934,6,0,0,1934,34,4.5888,0.0027,0,0
7619,106324,2.16,1917,false,5,1940,1934,6,0,0,1934,34,4.5888,0.0027,0,0
7620,106338,13.948,1917,false,5,1941,1934,7,0,0,1935,34,3.4267,0.0021,0,0
7621,106351,13.335,1918,true,3,1941,1935,6,0,0,1935,24,3.4267,0.0021,0,0
7622,106354,2.121,1918,false,3,1941,1935,6,0,0,1935,24,3.4267,0.0021,0,0
7623,106368,14.578,1918,false,3,1942,1935,7,0,0,1936,24,3.3444,0.0017,0,0
7624,106381,13.013,1919,true,3,1942,1936,6,0,0,1936,23,3.3444,0.0017,0,0
7625,106383,1.796,1919,false,3,1942,1936,6,0,0,1936,23,3.3444,0.0017,0,0
7626,106398,15.327,1919,false,3,1943,1936,7,0,0,1937,23,4.4048,0.002,0,0
7627,106415,16.895,1920,true,7,1943,1937,6,0,0,1937,28,4.4048,0.002,0,0
7628,106417,2.005,1920,false,7,1943,1937,6,0,0,1937,28,4.4048,0.002,0,0
7629,106429,12.068,1920,false,7,1944,1937,7,0,0,1937,28,4.4048,0.002,0,0
7630,106442,13.225,1921,true,4,1944,1938,6,0,0,1938,30,4.3898,0.0021,0,0
7631,106446,3.038,1921,false,4,1944,1938,6,0,0,1938,30,4.3898,0.0021,0,0
7632,106449,3.803,1921,false,4,1945,1938,7,0,0,1938,30,4.3898,0.0021,0,0
7633,106461,11.56,1921,false,4,1945,1938,7,0,0,1938,24,4.3898,0.0021,0,0
7634,106463,2.236,1921,false,4,1945,1938,7,0,0,1938,22,4.3898,0.0021,0,0
7635,106476,12.682,1921,false,4,1945,1938,7,0,0,1939,23,6.1262,0.0025,0,0
7636,106487,11.348,1922,true,3,1945,1939,6,0,0,1939,22,6.1262,0.0025,0,0
7637,106489,2.227,1922,false,3,1946,1939,7,0,0,1939,22,6.1262,0.0025,0,0
7638,106507,17.076,1922,false,3,1946,1939,7,0,0,1940,19,6.1262,0.0025,0,0
7639,106519,12.662,1923,true,4,1946,1940,6,0,0,1940,29,3.7002,0.0027,0,0
7640,106521,1.756,1923,false,4,1946,1940,6,0,0,1940,29,3.7002,0.0027,0,0
7641,106537,16.069,1923,false,4,1946,1940,6,0,0,1941,29,3.7002,0.0027,0,0
7642,106550,12.855,1924,true,4,1947,1941,6,0,0,1941,29,3.6637,0.0026,0,0
7643,106552,1.843,1924,false,4,1947,1941,6,0,0,1941,29,3.6637,0.0026,0,0
7644,106557,5.053,1924,false,4,1948,1941,7,0,0,1941,29,3.6637,0.0026,0,0
7645,106568,11.601,1924,false,4,1948,1941,7,0,0,1941,27,3.6637,0.0026,0,0
7646,106581,13.131,1925,true,4,1948,1942,6,0,0,1942,32,3.3574,0.003,0,0
7647,106583,1.954,1925,false,4,1948,1942,6,0,0,1942,32,3.3574,0.003,0,0
7648,106599,15.48,1925,false,4,1949,1942,7,0,0,1942,32,3.3574,0.003,0,0
7649,106601,2.396,1925,false,4,1949,1942,7,0,0,1942,27,3.3574,0.003,0,0
7650,106613,11.85,1926,true,3,1949,1943,6,0,0,1943,29,4.8121,0.0018,0,0
7651,106615,2.035,1926,false,3,1949,1943,6,0,0,1943,29,4.8121,0.0018,0,0
7652,106629,13.934,1926,false,3,1949,1943,6,0,0,1943,29,4.8121,0.0018,0,0
7653,106632,3.117,1926,false,3,1950,1943,7,0,0,1943,29,4.8121,0.0018,0,0
7654,106636,3.704,1926,false,3,1950,1943,7,0,0,1944,24,4.8121,0.0018,0,0
7655,106647,11.236,1927,true,3,1950,1944,6,0,0,1944,17,3.3308,0.002,0,0
7656,106650,2.536,1927,false,3,1950,1944,6,0,0,1944,17,3.3308,0.002,0,0
7657,106660,10.478,1927,false,3,1950,1944,6,0,0,1944,17,3.3308,0.002,0,0
7658,106663,3.322,1927,false,3,1951,1944,7,0,0,1944,17,3.3308,0.002,0,0
7659,106675,11.415,1927,false,3,1951,1944,7,0,0,1945,25,3.2361,0.0019,0,0
7660,106686,11.384,1928,true,3,1951,1945,6,0,0,1945,26,3.2361,0.0019,0,0
7661,106688,1.833,1928,false,3,1951,1945,6,0,0,1945,26,3.2361,0.0019,0,0
7662,106705,16.922,1928,false,3,1951,1945,6,0,0,1946,26,3.2361,0.0019,0,0
7663,106718,12.429,1929,true,3,1952,1946,6,0,0,1946,26,3.6255,0.003,0,0
7664,106719,2.029,1929,false,3,1952,1946,6,0,0,1946,26,3.6255,0.003,0,0
7665,106736,16.266,1929,false,3,1953,1946,7,0,0,1946,26,3.6255,0.003,0,0
7666,106747,11.35,1930,true,3,1953,1947,6,0,0,1947,25,4.6438,0.0029,0,0
7667,106749,1.682,1930,false,3,1953,1947,6,0,0,1947,25,4.6438,0.0029,0,0
7668,106767,17.524,1930,false,3,1954,1947,7,0,0,1947,25,4.6438,0.0029,0,0
7669,106770,3.436,1930,false,3,1954,1947,7,0,0,1947,32,4.6438,0.0029,0,0
7670,106773,3.404,1930,false,3,1954,1947,7,0,0,1948,22,4.6438,0.0029,0,0
7671,106786,12.5,1931,true,4,1954,1948,6,0,0,1948,17,3.3605,0.0027,0,0
7672,106788,2.229,1931,false,4,1954,1948,6,0,0,1948,17,3.3605,0.0027,0,0
7673,106797,9.132,1931,false,4,1955,1948,7,0,0,1948,17,3.3605,0.0027,0,0
7674,106801,3.737,1931,false,4,1955,1948,7,0,0,1948,27,3.3605,0.0027,0,0
7675,106812,11.645,1931,false,4,1955,1948,7,0,0,1949,19,4.7882,0.0019,0,0
7676,106824,11.71,1932,true,4,1955,1949,6,0,0,1949,23,4.7882,0.0019,0,0
7677,106826,1.767,1932,false,4,1955,1949,6,0,0,1949,23,4.7882,0.0019,0,0
7678,106844,18.081,1932,false,4,1955,1949,6,0,0,1950,23,4.7882,0.0019,0,0
7679,106856,12.25,1933,true,3,1956,1950,6,0,0,1950,23,3.6599,0.0022,0,0
7680,106858,1.836,1933,false,3,1956,1950,6,0,0,1950,23,3.6599,0.0022,0,0
7681,106863,5.065,1933,false,3,1957,1950,7,0,0,1950,23,3.6599,0.0022,0,0
7682,106875,11.529,1933,false,3,1957,1950,7,0,0,1951,27,3.6599,0.0022,0,0
7683,106888,13.704,1934,true,4,1957,1951,6,0,0,1951,26,3.8874,0.0029,0,0
7684,106891,2.267,1934,false,4,1957,1951,6,0,0,1951,26,3.8874,0.0029,0,0
7685,106906,15.477,1934,false,4,1958,1951,7,0,0,1951,26,3.8874,0.0029,0,0
7686,106909,2.764,1934,false,4,1958,1951,7,0,0,1951,32,3.8874,0.0029,0,0
7687,106920,11.293,1935,true,3,1958,1952,6,0,0,1952,21,3.2383,0.002,0,0
7688,106922,2.106,1935,false,3,1958,1952,6,0,0,1952,21,3.2383,0.002,0,0
7689,106937,14.937,1935,false,3,1958,1952,6,0,0,1952,21,3.2383,0.002,0,0
7690,106940,2.722,1935,false,3,1959,1952,7,0,0,1952,21,3.2383,0.002,0,0
7691,106953,12.962,1935,false,3,1959,1952,7,0,0,1953,25,3.272,0.0024,0,0
7692,106965,12.084,1936,true,4,1959,1953,6,0,0,1953,23,3.272,0.0024,0,0
7693,106967,1.826,1936,false,4,1959,1953,6,0,0,1953,23,3.272,0.0024,0,0
7694,106985,17.667,1936,false,4,1960,1953,7,0,0,1954,23,3.2017,0.002,0,0
7695,106998,13.8,1937,true,5,1960,1954,6,0,0,1954,24,3.2017,0.002,0,0
7696,107000,2.151,1937,false,5,1960,1954,6,0,0,1954,24,3.2017,0.002,0,0
7697,107015,14.148,1937,false,5,1961,1954,7,0,0,1955,24,6.7023,0.0021,0,0
7698,107035,20.724,1938,true,10,1961,1955,6,0,0,1955,30,6.7023,0.0021,0,0
7699,107038,2.446,1938,false,10,1962,1955,7,0,0,1955,30,6.7023,0.0021,0,0
7700,107045,7.478,1938,false,10,1962,1955,7,0,0,1956,27,6.7023,0.0021,0,0
7701,107057,11.62,1939,true,3,1962,1956,6,0,0,1956,19,3.5587,0.0019,0,0
7702,107059,1.827,1939,false,3,1962,1956,6,0,0,1956,19,3.5587,0.0019,0,0
7703,107075,16.456,1939,false,3,1962,1956,6,0,0,1957,19,3.5587,0.0019,0,0
7704,107089,13.485,1940,true,4,1963,1957,6,0,0,1957,19,3.6273,0.003,0,0
7705,107091,2.706,1940,false,4,1963,1957,6,0,0,1957,19,3.6273,0.003,0,0
7706,107096,4.197,1940,false,4,1964,1957,7,0,0,1957,19,3.6273,0.003,0,0
7707,107106,10.537,1940,false,4,1964,1957,7,0,0,1957,34,3.6273,0.003,0,0
7708,107109,3.255,1940,false,4,1964,1957,7,0,0,1958,31,3.6273,0.003,0,0
7709,107121,12.039,1941,true,4,1964,1958,6,0,0,1958,19,3.2969,0.0021,0,0
7710,107124,2.929,1941,false,4,1964,1958,6,0,0,1958,19,3.2969,0.0021,0,0
7711,107137,12.883,1941,false,4,1965,1958,7,0,0,1958,19,3.2969,0.0021,0,0
7712,107140,2.619,1941,false,4,1965,1958,7,0,0,1958,31,3.2969,0.0021,0,0
7713,107154,14.056,1941,false,4,1965,1958,7,0,0,1959,20,3.9952,0.0029,0,0
7714,107171,16.928,1942,true,5,1965,1959,6,0,0,1959,31,3.9952,0.0029,0,0
7715,107173,2.466,1942,false,5,1965,1959,6,0,0,1959,31,3.9952,0.0029,0,0
7716,107178,4.436,1942,false,5,1966,1959,7,0,0,1959,31,3.9952,0.0029,0,0
7717,107185,7.23,1942,false,5,1966,1959,7,0,0,1960,30,3.9952,0.0029,0,0
7718,107199,14.609,1943,true,4,1966,1960,6,0,0,1960,37,4.045,0.0045,0,0
7719,107202,2.637,1943,false,4,1966,1960,6,0,0,1960,37,4.045,0.0045,0,0
7720,107216,13.305,1943,false,4,1966,1960,6,0,0,1960,37,4.045,0.0045,0,0
7721,107219,3.307,1943,false,4,1967,1960,7,0,0,1960,37,4.045,0.0045,0,0
7722,107222,3.498,1943,false,4,1967,1960,7,0,0,1961,25,4.045,0.0045,0,0
7723,107234,12.253,1944,true,4,1967,1961,6,0,0,1961,23,4.6662,0.0025,0,0
7724,107236,1.924,1944,false,4,1967,1961,6,0,0,1961,23,4.6662,0.0025,0,0
7725,107247,10.164,1944,false,4,1968,1961,7,0,0,1961,23,4.6662,0.0025,0,0
7726,107250,3.266,1944,false,4,1968,1961,7,0,0,1961,39,4.6662,0.0025,0,0
7727,107262,12.23,1944,false,4,1968,1961,7,0,0,1962,31,3.3989,0.0024,0,0
7728,107275,12.717,1945,true,4,1968,1962,6,0,0,1962,26,3.3989,0.0024,0,0
7729,107277,2.42,1945,false,4,1968,1962,6,0,0,1962,26,3.3989,0.0024,0,0
7730,107293,15.708,1945,false,4,1968,1962,6,0,0,1963,26,3.3989,0.0024,0,0
7731,107306,13.187,1946,true,4,1969,1963,6,0,0,1963,26,4.85,0.0021,0,0
7732,107308,2.067,1946,false,4,1969,1963,6,0,0,1963,26,4.85,0.0021,0,0
7733,107324,16.098,1946,false,4,1970,1963,7,0,0,1964,26,4.85,0.0021,0,0
7734,107340,15.574,1947,true,5,1970,1964,6,0,0,1964,26,3.6637,0.0027,0,0
7735,107343,2.848,1947,false,5,1970,1964,6,0,0,1964,26,3.6637,0.0027,0,0
7736,107347,4.04,1947,false,5,1971,1964,7,0,0,1964,26,3.6637,0.0027,0,0
7737,107355,8.713,1947,false,5,1971,1964,7,0,0,1964,38,3.6637,0.0027,0,0
7738,107371,15.744,1947,false,5,1971,1964,7,0,0,1965,26,3.3786,0.0022,0,0
7739,107386,14.619,1948,true,6,1971,1965,6,0,0,1965,25,3.3786,0.0022,0,0
7740,107388,2.58,1948,false,6,1972,1965,7,0,0,1965,25,3.3786,0.0022,0,0
7741,107402,13.131,1948,false,6,1972,1965,7,0,0,1966,25,3.4724,0.0024,0,0
7742,107415,13.028,1949,true,4,1972,1966,6,0,0,1966,30,3.4724,0.0024,0,0
7743,107417,1.981,1949,false,4,1972,1966,6,0,0,1966,30,3.4724,0.0024,0,0
7744,107433,16.397,1949,false,4,1973,1966,7,0,0,1967,30,3.4724,0.0024,0,0
7745,107449,15.887,1950,true,3,1973,1967,6,0,0,1967,26,5.1277,0.0023,0,0
7746,107451,1.972,1950,false,3,1973,1967,6,0,0,1967,26,5.1277,0.0023,0,0
7747,107464,13.183,1950,false,3,1974,1967,7,0,0,1967,26,5.1277,0.0023,0,0
7748,107467,3.327,1950,false,3,1974,1967,7,0,0,1967,55,5.1277,0.0023,0,0
7749,107480,12.96,1951,true,4,1974,1968,6,0,0,1968,18,3.7053,0.002,0,0
7750,107483,2.516,1951,false,4,1974,1968,6,0,0,1968,18,3.7053,0.002,0,0
7751,107487,4.326,1951,false,4,1975,1968,7,0,0,1968,18,3.7053,0.002,0,0
7752,107495,7.714,1951,false,4,1975,1968,7,0,0,1968,26,3.7053,0.002,0,0
7753,107511,15.781,1951,false,4,1975,1968,7,0,0,1969,35,3.7053,0.002,0,0
7754,107525,14.337,1952,true,5,1975,1969,6,0,0,1969,34,4.2294,0.0023,0,0
7755,107528,3.047,1952,false,5,1975,1969,6,0,0,1969,34,4.2294,0.0023,0,0
7756,107532,3.819,1952,false,5,1976,1969,7,0,0,1969,34,4.2294,0.0023,0,0
7757,107541,9.537,1952,false,5,1976,1969,7,0,0,1970,25,4.2294,0.0023,0,0
7758,107553,11.796,1953,true,4,1976,1970,6,0,0,1970,21,3.6498,0.0027,0,0
7759,107555,1.778,1953,false,4,1976,1970,6,0,0,1970,21,3.6498,0.0027,0,0
7760,107572,17.21,1953,false,4,1977,1970,7,0,0,1970,21,3.6498,0.0027,0,0
7761,107584,12.184,1954,true,3,1977,1971,6,0,0,1971,28,4.4661,0.0021,0,0
7762,107586,1.935,1954,false,3,1977,1971,6,0,0,1971,28,4.4661,0.0021,0,0
7763,107604,17.908,1954,false,3,1978,1971,7,0,0,1971,28,4.4661,0.0021,0,0
7764,107616,12.208,1955,true,3,1978,1972,6,0,0,1972,30,3.2499,0.0021,0,0
7765,107618,1.758,1955,false,3,1978,1972,6,0,0,1972,30,3.2499,0.0021,0,0
7766,107636,17.323,1955,false,3,1979,1972,7,0,0,1972,30,3.2499,0.0021,0,0
7767,107638,2.391,1955,false,3,1979,1972,7,0,0,1972,27,3.2499,0.0021,0,0
7768,107649,10.952,1956,true,3,1979,1973,6,0,0,1973,18,4.4174,0.0018,0,0
7769,107650,1.626,1956,false,3,1979,1973,6,0,0,1973,18,4.4174,0.0018,0,0
7770,107666,15.929,1956,false,3,1979,1973,6,0,0,1973,18,4.4174,0.0018,0,0
7771,107669,2.594,1956,false,3,1980,1973,7,0,0,1973,18,4.4174,0.0018,0,0
7772,107682,12.786,1956,false,3,1980,1973,7,0,0,1974,23,3.3439,0.0018,0,0
7773,107694,12.274,1957,true,4,1980,1974,6,0,0,1974,23,3.3439,0.0018,0,0
7774,107696,1.763,1957,false,4,1980,1974,6,0,0,1974,23,3.3439,0.0018,0,0
7775,107712,16.265,1957,false,4,1981,1974,7,0,0,1975,23,3.3012,0.0018,0,0
7776,107729,17.512,1958,true,6,1981,1975,6,0,0,1975,37,3.3012,0.0018,0,0
7777,107732,2.292,1958,false,6,1982,1975,7,0,0,1975,37,3.3012,0.0018,0,0
7778,107744,11.554,1958,false,6,1982,1975,7,0,0,1976,23,3.3012,0.0018,0,0
7779,107756,12.139,1959,true,3,1982,1976,6,0,0,1976,26,3.912,0.0018,0,0
7780,107758,2.224,1959,false,3,1982,1976,6,0,0,1976,26,3.912,0.0018,0,0
7781,107774,16.5,1959,false,3,1983,1976,7,0,0,1976,26,3.912,0.0018,0,0
7782,107777,2.68,1959,false,3,1983,1976,7,0,0,1977,31,3.912,0.0018,0,0
7783,107796,19.593,1960,true,10,1983,1977,6,0,0,1977,18,3.6985,0.0023,0,0
7784,107798,1.967,1960,false,10,1983,1977,6,0,0,1977,18,3.6985,0.0023,0,0
7785,107806,7.588,1960,false,10,1984,1977,7,0,0,1977,18,3.6985,0.0023,0,0
7786,107810,4.239,1960,false,10,1984,1977,7,0,0,1978,28,3.6985,0.0023,0,0
7787,107822,12.098,1961,true,3,1984,1978,6,0,0,1978,22,4.3204,0.0024,0,0
7788,107824,1.946,1961,false,3,1984,1978,6,0,0,1978,22,4.3204,0.0024,0,0
7789,107837,12.558,1961,false,3,1984,1978,6,0,0,1978,22,4.3204,0.0024,0,0
7790,107841,3.744,1961,false,3,1985,1978,7,0,0,1978,22,4.3204,0.0024,0,0
7791,107845,4.162,1961,false,3,1985,1978,7,0,0,1979,27,4.3204,0.0024,0,0
7792,107856,11.693,1962,true,4,1985,1979,6,0,0,1979,19,5.9409,0.0025,0,0
7793,107859,2.091,1962,false,4,1985,1979,6,0,0,1979,19,5.9409,0.0025,0,0
7794,107868,9.471,1962,false,4,1985,1979,6,0,0,1979,19,5.9409,0.0025,0,0
7795,107872,4.305,1962,false,4,1986,1979,7,0,0,1979,19,5.9409,0.0025,0,0
7796,107884,11.447,1962,false,4,1986,1979,7,0,0,1980,28,3.349,0.0019,0,0
7797,107897,12.741,1963,true,4,1986,1980,6,0,0,1980,24,3.349,0.0019,0,0
7798,107898,1.913,1963,false,4,1986,1980,6,0,0,1980,24,3.349,0.0019,0,0
7799,107916,17.312,1963,false,4,1987,1980,7,0,0,1981,24,3.8179,0.002,0,0
7800,107929,12.919,1964,true,4,1987,1981,6,0,0,1981,26,3.8179,0.002,0,0
7801,107931,2.55,1964,false,4,1987,1981,6,0,0,1981,26,3.8179,0.002,0,0
7802,107946,14.897,1964,false,4,1987,1981,6,0,0,1982,26,3.8179,0.002,0,0
7803,107959,12.552,1965,true,4,1988,1982,6,0,0,1982,26,3.4942,0.002,0,0
7804,107961,2.623,1965,false,4,1989,1982,7,0,0,1982,26,3.4942,0.002,0,0
7805,107977,15.214,1965,false,4,1989,1982,7,0,0,1982,26,3.4942,0.002,0,0
7806,107990,13.379,1966,true,4,1989,1983,6,0,0,1983,26,3.3829,0.0019,0,0
7807,107992,1.993,1966,false,4,1989,1983,6,0,0,1983,26,3.3829,0.0019,0,0
7808,108008,15.573,1966,false,4,1990,1983,7,0,0,1983,26,3.3829,0.0019,0,0
7809,108020,12.086,1967,true,4,1990,1984,6,0,0,1984,28,3.4439,0.0021,0,0
7810,108021,1.777,1967,false,4,1990,1984,6,0,0,1984,28,3.4439,0.0021,0,0
7811,108038,16.802,1967,false,4,1991,1984,7,0,0,1984,28,3.4439,0.0021,0,0
7812,108041,2.58,1967,false,4,1991,1984,7,0,0,1984,29,3.4439,0.0021,0,0
7813,108054,13.191,1967,false,4,1991,1984,7,0,0,1985,16,4.5325,0.0019,0,0
7814,108067,12.744,1968,true,4,1991,1985,6,0,0,1985,22,4.5325,0.0019,0,0
7815,108069,1.964,1968,false,4,1991,1985,6,0,0,1985,22,4.5325,0.0019,0,0
7816,108085,16.192,1968,false,4,1992,1985,7,0,0,1986,22,3.5781,0.002,0,0
7817,108097,12.344,1969,true,4,1992,1986,6,0,0,1986,25,3.5781,0.002,0,0
7818,108099,1.888,1969,false,4,1992,1986,6,0,0,1986,25,3.5781,0.002,0,0
7819,108116,16.356,1969,false,4,1993,1986,7,0,0,1987,25,3.5781,0.002,0,0
7820,108128,12.597,1970,true,4,1993,1987,6,0,0,1987,26,4.8803,0.0057,0,0
7821,108130,1.802,1970,false,4,1993,1987,6,0,0,1987,26,4.8803,0.0057,0,0
7822,108147,16.766,1970,false,4,1994,1987,7,0,0,1988,26,4.8803,0.0057,0,0
7823,108161,14.059,1971,true,5,1994,1988,6,0,0,1988,32,3.5349,0.0022,0,0
7824,108163,2.111,1971,false,5,1994,1988,6,0,0,1988,32,3.5349,0.0022,0,0
7825,108178,14.652,1971,false,5,1995,1988,7,0,0,1989,32,3.5349,0.0022,0,0
7826,108189,12.146,1972,true,4,1995,1989,6,0,0,1989,25,3.3599,0.002,0,0
7827,108191,1.88,1972,false,4,1995,1989,6,0,0,1989,25,3.3599,0.002,0,0
7828,108209,17.408,1972,false,4,1996,1989,7,0,0,1989,25,3.3599,0.002,0,0
7829,108222,13.207,1973,true,4,1996,1990,6,0,0,1990,29,3.7376,0.0034,0,0
7830,108224,1.898,1973,false,4,1996,1990,6,0,0,1990,29,3.7376,0.0034,0,0
7831,108229,5.009,1973,false,4,1997,1990,7,0,0,1990,29,3.7376,0.0034,0,0
7832,108239,10.338,1973,false,4,1997,1990,7,0,0,1990,25,3.7376,0.0034,0,0
7833,108243,3.44,1973,false,4,1997,1990,7,0,0,1990,24,3.7376,0.0034,0,0
7834,108250,6.873,1974,true,4,1997,1991,6,0,0,1991,18,5.3,0.002,0,0
7835,108258,8.679,1974,false,4,1997,1991,6,0,0,1991,20,5.3,0.002,0,0
7836,108270,11.642,1974,false,4,1997,1991,6,0,0,1991,20,5.3,0.002,0,0
7837,108273,3.003,1974,false,4,1998,1991,7,0,0,1991,20,5.3,0.002,0,0
7838,108286,13.065,1974,false,4,1998,1991,7,0,0,1992,35,3.3405,0.0024,0,0
7839,108300,13.774,1975,true,4,1998,1992,6,0,0,1992,28,3.3405,0.0024,0,0
7840,108302,2.3,1975,false,4,1998,1992,6,0,0,1992,28,3.3405,0.0024,0,0
7841,108317,14.659,1975,false,4,1999,1992,7,0,0,1993,28,3.2399,0.002,0,0
7842,108328,11.506,1976,true,3,1999,1993,6,0,0,1993,85,3.2399,0.002,0,0
7843,108330,1.708,1976,false,3,1999,1993,6,0,0,1993,85,3.2399,0.002,0,0
7844,108347,17.178,1976,false,3,2000,1993,7,0,0,1994,85,3.2207,0.0019,0,0
7845,108359,11.71,1977,true,3,2000,1994,6,0,0,1994,25,3.2207,0.0019,0,0
7846,108360,1.738,1977,false,3,2000,1994,6,0,0,1994,25,3.2207,0.0019,0,0
7847,108378,17.191,1977,false,3,2001,1994,7,0,0,1995,25,3.2207,0.0019,0,0
7848,108389,11.289,1978,true,3,2001,1995,6,0,0,1995,27,4.6847,0.0019,0,0
7849,108391,1.733,1978,false,3,2001,1995,6,0,0,1995,27,4.6847,0.0019,0,0
7850,108409,18.285,1978,false,3,2002,1995,7,0,0,1996,27,4.6847,0.0019,0,0
7851,108421,12.203,1979,true,4,2002,1996,6,0,0,1996,28,3.2638,0.0029,0,0
7852,108423,1.889,1979,false,4,2002,1996,6,0,0,1996,28,3.2638,0.0029,0,0
7853,108440,16.874,1979,false,4,2003,1996,7,0,0,1997,28,3.2638,0.0029,0,0
7854,108451,11.5,1980,true,3,2003,1997,6,0,0,1997,28,5.0417,0.0024,0,0
7855,108453,1.708,1980,false,3,2003,1997,6,0,0,1997,28,5.0417,0.0024,0,0
7856,108472,18.379,1980,false,3,2004,1997,7,0,0,1998,28,5.0417,0.0024,0,0
7857,108483,11.287,1981,true,3,2004,1998,6,0,0,1998,26,3.5949,0.0022,0,0
7858,108484,1.671,1981,false,3,2004,1998,6,0,0,1998,26,3.5949,0.0022,0,0
7859,108502,17.434,1981,false,3,2005,1998,7,0,0,1998,26,3.5949,0.0022,0,0
7860,108505,2.794,1981,false,3,2005,1998,7,0,0,1998,32,3.5949,0.0022,0,0
7861,108518,13.34,1982,true,4,2005,1999,6,0,0,1999,28,3.6634,0.0022,0,0
7862,108520,1.975,1982,false,4,2005,1999,6,0,0,1999,28,3.6634,0.0022,0,0
7863,108532,12.267,1982,false,4,2006,1999,7,0,0,1999,28,3.6634,0.0022,0,0
7864,108535,2.423,1982,false,4,2006,1999,7,0,0,1999,28,3.6634,0.0022,0,0
7865,108548,13.622,1982,false,4,2006,1999,7,0,0,2000,19,3.3794,0.002,0,0
7866,108566,17.688,1983,true,8,2006,2000,6,0,0,2000,24,3.3794,0.002,0,0
7867,108568,1.891,1983,false,8,2006,2000,6,0,0,2000,24,3.3794,0.002,0,0
7868,108579,10.844,1983,false,8,2006,2000,6,0,0,2001,24,3.3794,0.002,0,0
7869,108591,11.751,1984,true,3,2007,2001,6,0,0,2001,24,3.6169,0.0592,0,0
7870,108593,2.029,1984,false,3,2007,2001,6,0,0,2001,24,3.6169,0.0592,0,0
7871,108601,8.238,1984,false,3,2008,2001,7,0,0,2001,24,3.6169,0.0592,0,0
7872,108604,3.492,1984,false,3,2008,2001,7,0,0,2001,24,3.6169,0.0592,0,0
7873,108626,21.398,1984,false,3,2008,2001,7,0,0,2002,16,3.4984,0.002,0,0
7874,108635,9.834,1985,true,2,2008,2001,7,0,0,2002,31,3.4984,0.002,0,0
7875,108637,1.721,1985,false,2,2008,2001,7,0,0,2002,31,3.4984,0.002,0,0
7876,108644,6.838,1986,true,4,2009,2003,6,0,0,2003,31,3.4984,0.002,0,0
7877,108651,7.218,1986,false,4,2009,2003,6,0,0,2003,24,7.0154,0.0023,0,0
7878,108656,4.897,1986,false,4,2009,2003,6,0,0,2003,24,7.0154,0.0023,0,0
7879,108672,15.467,1986,false,4,2010,2003,7,0,0,2003,24,7.0154,0.0023,0,0
7880,108684,12.046,1987,true,3,2010,2004,6,0,0,2004,29,3.3954,0.0017,0,0
7881,108686,1.85,1987,false,3,2010,2004,6,0,0,2004,29,3.3954,0.0017,0,0
7882,108703,16.766,1987,false,3,2010,2004,6,0,0,2004,29,3.3954,0.0017,0,0
7883,108705,3.058,1987,false,3,2011,2004,7,0,0,2004,29,3.3954,0.0017,0,0
7884,108709,3.808,1987,false,3,2011,2004,7,0,0,2005,28,3.3954,0.0017,0,0
7885,108722,12.461,1988,true,4,2011,2005,6,0,0,2005,17,3.4525,0.0025,0,0
7886,108724,2.057,1988,false,4,2011,2005,6,0,0,2005,17,3.4525,0.0025,0,0
7887,108733,9.7,1988,false,4,2012,2005,7,0,0,2005,17,3.4525,0.0025,0,0
7888,108737,3.382,1988,false,4,2012,2005,7,0,0,2005,26,3.4525,0.0025,0,0
7889,108749,12.104,1988,false,4,2012,2005,7,0,0,2006,18,3.8127,0.0023,0,0
7890,108762,13.118,1989,true,4,2012,2006,6,0,0,2006,28,3.8127,0.0023,0,0
7891,108764,1.967,1989,false,4,2012,2006,6,0,0,2006,28,3.8127,0.0023,0,0
7892,108781,16.373,1989,false,4,2012,2006,6,0,0,2007,28,3.8127,0.0023,0,0
7893,108795,14.366,1990,true,4,2013,2007,6,0,0,2007,28,3.9647,0.0026,0,0
7894,108797,1.871,1990,false,4,2013,2007,6,0,0,2007,28,3.9647,0.0026,0,0
7895,108812,14.942,1990,false,4,2014,2007,7,0,0,2008,28,3.9647,0.0026,0,0
7896,108823,11.453,1991,true,3,2014,2008,6,0,0,2008,25,3.5368,0.0025,0,0
7897,108825,1.686,1991,false,3,2014,2008,6,0,0,2008,25,3.5368,0.0025,0,0
7898,108843,17.768,1991,false,3,2015,2008,7,0,0,2008,25,3.5368,0.0025,0,0
7899,108855,12.566,1992,true,4,2015,2009,6,0,0,2009,42,4.389,0.0025,0,0
7900,108857,1.873,1992,false,4,2015,2009,6,0,0,2009,42,4.389,0.0025,0,0
7901,108873,16.014,1992,false,4,2016,2009,7,0,0,2009,42,4.389,0.0025,0,0
7902,108876,2.638,1992,false,4,2016,2009,7,0,0,2009,28,4.389,0.0025,0,0
7903,108889,13.014,1992,false,4,2016,2009,7,0,0,2010,18,3.4435,0.0021,0,0
7904,108901,12.813,1993,true,4,2016,2010,6,0,0,2010,23,3.4435,0.0021,0,0
7905,108904,2.761,1993,false,4,2016,2010,6,0,0,2010,23,3.4435,0.0021,0,0
7906,108908,4.098,1993,false,4,2017,2010,7,0,0,2010,23,3.4435,0.0021,0,0
7907,108919,10.595,1993,false,4,2017,2010,7,0,0,2011,25,4.4759,0.0028,0,0
7908,108931,12.277,1994,true,4,2017,2011,6,0,0,2011,24,4.4759,0.0028,0,0
7909,108933,1.816,1994,false,4,2017,2011,6,0,0,2011,24,4.4759,0.0028,0,0
7910,108951,17.529,1994,false,4,2018,2011,7,0,0,2012,24,4.4759,0.0028,0,0
7911,108964,12.855,1995,true,4,2018,2012,6,0,0,2012,29,3.8203,0.0023,0,0
7912,108966,2.774,1995,false,4,2018,2012,6,0,0,2012,29,3.8203,0.0023,0,0
7913,108970,4.121,1995,false,4,2019,2012,7,0,0,2012,29,3.8203,0.0023,0,0
7914,108981,10.585,1995,false,4,2019,2012,7,0,0,2012,24,3.8203,0.0023,0,0
7915,108995,14.082,1996,true,4,2019,2013,6,0,0,2013,51,4.5635,0.0026,0,0
7916,108998,3.012,1996,false,4,2019,2013,6,0,0,2013,51,4.5635,0.0026,0,0
7917,109002,3.883,1996,false,4,2020,2013,7,0,0,2013,51,4.5635,0.0026,0,0
7918,109012,10.569,1996,false,4,2020,2013,7,0,0,2013,26,4.5635,0.0026,0,0
7919,109016,3.227,1996,false,4,2020,2013,7,0,0,2013,19,4.5635,0.0026,0,0
7920,109028,11.84,1996,false,4,2020,2013,7,0,0,2013,19,4.5635,0.0026,0,0
7921,109030,2.367,1996,false,4,2020,2013,7,0,0,2013,64,4.5635,0.0026,0,0
7922,109042,12.683,1996,false,4,2020,2013,7,0,0,2014,20,3.5742,0.0021,0,0
7923,109054,11.298,1997,true,3,2020,2014,6,0,0,2014,20,3.5742,0.0021,0,0
7924,109055,1.709,1997,false,3,2020,2014,6,0,0,2014,20,3.5742,0.0021,0,0
7925,109073,17.437,1997,false,3,2020,2014,6,0,0,2015,20,5.3081,0.0026,0,0
7926,109087,14.222,1998,true,4,2021,2015,6,0,0,2015,20,5.3081,0.0026,0,0
7927,109090,2.486,1998,false,4,2021,2015,6,0,0,2015,20,5.3081,0.0026,0,0
7928,109094,4.406,1998,false,4,2022,2015,7,0,0,2015,20,5.3081,0.0026,0,0
7929,109104,9.529,1998,false,4,2022,2015,7,0,0,2016,24,5.3081,0.0026,0,0
7930,109117,13.31,1999,true,4,2022,2016,6,0,0,2016,37,3.5535,0.0022,0,0
7931,109119,1.902,1999,false,4,2022,2016,6,0,0,2016,37,3.5535,0.0022,0,0
7932,109135,16.058,1999,false,4,2022,2016,6,0,0,2016,37,3.5535,0.0022,0,0
7933,109148,12.86,2000,true,4,2023,2017,6,0,0,2017,37,3.3502,0.0019,0,0
7934,109150,1.921,2000,false,4,2023,2017,6,0,0,2017,37,3.3502,0.0019,0,0
7935,109155,4.982,2000,false,4,2024,2017,7,0,0,2017,37,3.3502,0.0019,0,0
7936,109165,10.697,2000,false,4,2024,2017,7,0,0,2017,25,3.3502,0.0019,0,0
7937,109168,3.09,2000,false,4,2024,2017,7,0,0,2017,29,3.3502,0.0019,0,0
7938,109180,11.206,2001,true,3,2024,2018,6,0,0,2018,18,3.4253,0.0024,0,0
7939,109182,2.569,2001,false,3,2024,2018,6,0,0,2018,18,3.4253,0.0024,0,0
7940,109196,14.176,2001,false,3,2024,2018,6,0,0,2018,18,3.4253,0.0024,0,0
7941,109199,2.65,2001,false,3,2025,2018,7,0,0,2018,18,3.4253,0.0024,0,0
7942,109211,12.238,2001,false,3,2025,2018,7,0,0,2019,24,4.5333,0.0019,0,0
7943,109225,13.404,2002,true,4,2025,2019,6,0,0,2019,37,4.5333,0.0019,0,0
7944,109227,2.352,2002,false,4,2025,2019,6,0,0,2019,37,4.5333,0.0019,0,0
7945,109241,14.414,2002,false,4,2026,2019,7,0,0,2020,37,3.3135,0.0018,0,0
7946,109254,12.547,2003,true,4,2026,2020,6,0,0,2020,23,3.3135,0.0018,0,0
7947,109256,1.779,2003,false,4,2026,2020,6,0,0,2020,23,3.3135,0.0018,0,0
7948,109273,16.909,2003,false,4,2027,2020,7,0,0,2021,23,4.6607,0.0023,0,0
7949,109285,12.776,2004,true,4,2027,2021,6,0,0,2021,30,4.6607,0.0023,0,0
7950,109287,1.885,2004,false,4,2027,2021,6,0,0,2021,30,4.6607,0.0023,0,0
7951,109304,16.649,2004,false,4,2028,2021,7,0,0,2022,30,4.6607,0.0023,0,0
7952,109316,12.583,2005,true,4,2028,2022,6,0,0,2022,28,3.7493,0.0023,0,0
7953,109319,1.756,2005,false,4,2028,2022,6,0,0,2022,28,3.7493,0.0023,0,0
7954,109334,15.877,2005,false,4,2029,2022,7,0,0,2023,28,3.7493,0.0023,0,0
7955,109347,13.169,2006,true,4,2029,2023,6,0,0,2023,26,3.3555,0.0022,0,0
7956,109349,1.949,2006,false,4,2029,2023,6,0,0,2023,26,3.3555,0.0022,0,0
7957,109359,9.756,2006,false,4,2030,2023,7,0,0,2023,26,3.3555,0.0022,0,0
7958,109361,2.05,2006,false,4,2030,2023,7,0,0,2023,23,3.3555,0.0022,0,0
7959,109381,19.897,2006,false,4,2030,2023,7,0,0,2024,16,3.4912,0.0022,0,0
7960,109394,12.597,2007,true,4,2030,2024,6,0,0,2024,24,3.4912,0.0022,0,0
7961,109395,1.928,2007,false,4,2030,2024,6,0,0,2024,24,3.4912,0.0022,0,0
7962,109401,4.986,2007,false,4,2031,2024,7,0,0,2025,24,3.4912,0.0022,0,0
7963,109413,12.927,2008,true,3,2031,2025,6,0,0,2025,50,3.5197,0.0022,0,0
7964,109415,2.07,2008,false,3,2031,2025,6,0,0,2025,50,3.5197,0.0022,0,0
7965,109428,12.72,2008,false,3,2032,2025,7,0,0,2025,50,3.5197,0.0022,0,0
7966,109431,2.656,2008,false,3,2032,2025,7,0,0,2025,28,3.5197,0.0022,0,0
7967,109444,12.91,2008,false,3,2032,2025,7,0,0,2026,19,3.664,0.0026,0,0
7968,109457,13.097,2009,true,4,2032,2026,6,0,0,2026,30,3.664,0.0026,0,0
7969,109459,1.875,2009,false,4,2032,2026,6,0,0,2026,30,3.664,0.0026,0,0
7970,109476,16.768,2009,false,4,2032,2026,6,0,0,2027,30,3.664,0.0026,0,0
7971,109489,13.25,2010,true,4,2033,2027,6,0,0,2027,30,6.1843,0.0024,0,0
7972,109492,3.217,2010,false,4,2034,2027,7,0,0,2027,30,6.1843,0.0024,0,0
7973,109496,3.687,2010,false,4,2034,2027,7,0,0,2027,27,6.1843,0.0024,0,0
7974,109507,10.881,2010,false,4,2034,2027,7,0,0,2028,75,6.1843,0.0024,0,0
7975,109520,13.605,2011,true,4,2034,2028,6,0,0,2028,28,3.6916,0.0031,0,0
7976,109523,2.537,2011,false,4,2034,2028,6,0,0,2028,28,3.6916,0.0031,0,0
7977,109527,4.382,2011,false,4,2035,2028,7,0,0,2028,28,3.6916,0.0031,0,0
7978,109537,9.814,2011,false,4,2035,2028,7,0,0,2028,31,3.6916,0.0031,0,0
7979,109541,3.935,2011,false,4,2035,2028,7,0,0,2029,38,3.6916,0.0031,0,0
7980,109556,14.559,2012,true,4,2035,2029,6,0,0,2029,28,3.4223,0.0024,0,0
7981,109559,3.266,2012,false,4,2035,2029,6,0,0,2029,28,3.4223,0.0024,0,0
7982,109563,3.656,2012,false,4,2035,2029,6,0,0,2029,28,3.4223,0.0024,0,0
7983,109583,20.764,2012,false,4,2036,2029,7,0,0,2029,28,3.4223,0.0024,0,0
7984,109600,16.683,2013,true,4,2036,2030,6,0,0,2030,37,3.7359,0.0027,0,0
7985,109603,2.983,2013,false,4,2036,2030,6,0,0,2030,37,3.7359,0.0027,0,0
7986,109608,5.066,2013,false,4,2037,2030,7,0,0,2030,37,3.7359,0.0027,0,0
7987,109614,5.755,2013,false,4,2037,2030,7,0,0,2030,32,3.7359,0.0027,0,0
7988,109629,15.455,2013,false,4,2037,2030,7,0,0,2031,30,3.3605,0.0023,0,0
7989,109643,13.658,2014,true,4,2037,2031,6,0,0,2031,32,3.3605,0.0023,0,0
7990,109645,2.009,2014,false,4,2037,2031,6,0,0,2031,32,3.3605,0.0023,0,0
7991,109660,15.166,2014,false,4,2038,2031,7,0,0,2032,32,3.3879,0.0031,0,0
7992,109672,12.071,2015,true,4,2038,2032,6,0,0,2032,28,3.3879,0.0031,0,0
7993,109674,1.696,2015,false,4,2038,2032,6,0,0,2032,28,3.3879,0.0031,0,0
7994,109691,17.439,2015,false,4,2039,2032,7,0,0,2033,28,3.3879,0.0031,0,0
7995,109703,11.66,2016,true,3,2039,2033,6,0,0,2033,27,4.7755,0.0021,0,0
7996,109705,2.224,2016,false,3,2040,2033,7,0,0,2033,27,4.7755,0.0021,0,0
7997,109722,16.83,2016,false,3,2040,2033,7,0,0,2034,21,4.7755,0.0021,0,0
7998,109734,12.188,2017,true,4,2040,2034,6,0,0,2034,28,3.8651,0.0031,0,0
7999,109736,1.747,2017,false,4,2040,2034,6,0,0,2034,28,3.8651,0.0031,0,0
8000,109752,16.474,2017,false,4,2041,2034,7,0,0,2034,28,3.8651,0.0031,0,0
8001,109764,12.211,2018,true,3,2041,2035,6,0,0,2035,29,4.6427,0.0029,0,0
8002,109766,1.85,2018,false,3,2041,2035,6,0,0,2035,29,4.6427,0.0029,0,0
8003,109783,16.471,2018,false,3,2042,2035,7,0,0,2035,29,4.6427,0.0029,0,0
8004,109786,3.161,2018,false,3,2042,2035,7,0,0,2035,32,4.6427,0.0029,0,0
8005,109798,12.153,2019,true,4,2042,2036,6,0,0,2036,25,3.5144,0.0024,0,0
8006,109800,2.193,2019,false,4,2042,2036,6,0,0,2036,25,3.5144,0.0024,0,0
8007,109815,14.35,2019,false,4,2042,2036,6,0,0,2036,25,3.5144,0.0024,0,0
8008,109817,2.861,2019,false,4,2043,2036,7,0,0,2036,25,3.5144,0.0024,0,0
8009,109831,13.054,2019,false,4,2043,2036,7,0,0,2037,25,3.3142,0.0029,0,0
8010,109842,12.001,2020,true,4,2043,2037,6,0,0,2037,26,3.3142,0.0029,0,0
8011,109845,2.566,2020,false,4,2044,2037,7,0,0,2037,26,3.3142,0.0029,0,0
8012,109849,4.294,2020,false,4,2044,2037,7,0,0,2037,23,3.3142,0.0029,0,0
8013,109862,12.004,2020,false,4,2044,2037,7,0,0,2038,21,3.3384,0.002,0,0
8014,109874,12.34,2021,true,4,2044,2038,6,0,0,2038,23,3.3384,0.002,0,0
8015,109876,1.966,2021,false,4,2044,2038,6,0,0,2038,23,3.3384,0.002,0,0
8016,109893,17,2021,false,4,2044,2038,6,0,0,2039,23,5.0788,0.003,0,0
8017,109907,14.001,2022,true,4,2045,2039,6,0,0,2039,23,5.0788,0.003,0,0
8018,109909,2.119,2022,false,4,2045,2039,6,0,0,2039,23,5.0788,0.003,0,0
8019,109924,14.699,2022,false,4,2046,2039,7,0,0,2040,23,5.0788,0.003,0,0
8020,109938,14.443,2023,true,4,2046,2040,6,0,0,2040,59,4.5082,0.0029,0,0
8021,109940,2.14,2023,false,4,2046,2040,6,0,0,2040,59,4.5082,0.0029,0,0
8022,109955,14.524,2023,false,4,2047,2040,7,0,0,2040,59,4.5082,0.0029,0,0
8023,109966,11.644,2024,true,3,2047,2041,6,0,0,2041,27,3.7519,0.0019,0,0
8024,109968,1.85,2024,false,3,2047,2041,6,0,0,2041,27,3.7519,0.0019,0,0
8025,109985,16.894,2024,false,3,2048,2041,7,0,0,2041,27,3.7519,0.0019,0,0
8026,109987,2.446,2024,false,3,2048,2041,7,0,0,2042,26,3.7519,0.0019,0,0
8027,109998,11.025,2025,true,3,2048,2042,6,0,0,2042,17,3.2392,0.002,0,0
8028,110000,1.963,2025,false,3,2048,2042,6,0,0,2042,17,3.2392,0.002,0,0
8029,110015,14.955,2025,false,3,2049,2042,7,0,0,2042,17,3.2392,0.002,0,0
8030,110018,2.628,2025,false,3,2049,2042,7,0,0,2042,26,3.2392,0.002,0,0
8031,110030,11.589,2026,true,3,2049,2043,6,0,0,2043,16,4.5752,0.0026,0,0
8032,110031,1.912,2026,false,3,2049,2043,6,0,0,2043,16,4.5752,0.0026,0,0
8033,110046,14.644,2026,false,3,2049,2043,6,0,0,2043,16,4.5752,0.0026,0,0
8034,110049,2.877,2026,false,3,2050,2043,7,0,0,2043,16,4.5752,0.0026,0,0
8035,110053,3.882,2026,false,3,2050,2043,7,0,0,2044,26,4.5752,0.0026,0,0
8036,110065,12.224,2027,true,4,2050,2044,6,0,0,2044,17,3.3569,0.0015,0,0
8037,110067,1.822,2027,false,4,2050,2044,6,0,0,2044,17,3.3569,0.0015,0,0
8038,110077,9.822,2027,false,4,2051,2044,7,0,0,2044,17,3.3569,0.0015,0,0
8039,110080,3.716,2027,false,4,2051,2044,7,0,0,2044,25,3.3569,0.0015,0,0
8040,110092,11.388,2027,false,4,2051,2044,7,0,0,2045,19,4.7527,0.0022,0,0
8041,110103,11.593,2028,true,3,2051,2045,6,0,0,2045,22,4.7527,0.0022,0,0
8042,110105,1.907,2028,false,3,2051,2045,6,0,0,2045,22,4.7527,0.0022,0,0
8043,110124,17.871,2028,false,3,2051,2045,6,0,0,2046,22,3.3846,0.0028,0,0
8044,110143,19.706,2029,true,4,2052,2046,6,0,0,2046,22,3.3846,0.0028,0,0
8045,110146,2.854,2029,false,4,2053,2046,7,0,0,2046,22,3.3846,0.0028,0,0
8046,110150,3.997,2029,false,4,2053,2046,7,0,0,2046,29,3.3846,0.0028,0,0
8047,110163,13.281,2030,true,4,2053,2047,6,0,0,2047,20,4.0507,0.0025,0,0
8048,110166,2.613,2030,false,4,2054,2047,7,0,0,2047,20,4.0507,0.0025,0,0
8049,110170,4.814,2030,false,4,2054,2047,7,0,0,2047,21,4.0507,0.0025,0,0
8050,110185,14.412,2030,false,4,2054,2047,7,0,0,2047,18,4.0507,0.0025,0,0
8051,110196,11.619,2031,true,3,2054,2048,6,0,0,2048,28,3.4776,0.0019,0,0
8052,110198,1.802,2031,false,3,2054,2048,6,0,0,2048,28,3.4776,0.0019,0,0
8053,110216,17.399,2031,false,3,2055,2048,7,0,0,2048,28,3.4776,0.0019,0,0
8054,110371,155.532,2032,true,3,2055,2049,6,0,0,2053,28,3.2601,0.0021,0,0
8055,110391,19.879,2033,true,4,2057,2053,4,0,0,2054,28,3.2601,0.0021,0,0
8056,110405,13.426,2034,true,4,2058,2054,4,0,0,2054,28,3.4463,0.0022,0,0
8057,110413,8.68,2034,false,4,2059,2054,5,0,0,2054,28,3.4463,0.0022,0,0
8058,110421,7.509,2034,false,4,2060,2054,6,0,0,2054,28,3.4463,0.0022,0,0
8059,110422,1.554,2034,false,4,2060,2054,6,0,0,2054,28,3.4463,0.0022,0,0
8060,110434,11.156,2034,false,4,2060,2054,6,0,0,2055,28,3.4028,0.002,0,0
8061,110447,13.209,2035,true,4,2061,2055,6,0,0,2055,28,3.4028,0.002,0,0
8062,110448,1.735,2035,false,4,2061,2055,6,0,0,2055,28,3.4028,0.002,0,0
8063,110465,16.323,2035,false,4,2062,2055,7,0,0,2056,28,3.5112,0.0041,0,0
8064,110478,13.381,2036,true,4,2062,2056,6,0,0,2056,27,3.5112,0.0041,0,0
8065,110481,2.905,2036,false,4,2062,2056,6,0,0,2056,27,3.5112,0.0041,0,0
8066,110485,3.989,2036,false,4,2062,2056,6,0,0,2056,27,3.5112,0.0041,0,0
8067,110495,9.76,2036,false,4,2063,2056,7,0,0,2057,27,3.5112,0.0041,0,0
8068,110507,12.385,2037,true,4,2063,2057,6,0,0,2057,33,4.6375,0.002,0,0
8069,110509,1.843,2037,false,4,2063,2057,6,0,0,2057,33,4.6375,0.002,0,0
8070,110527,17.369,2037,false,4,2064,2057,7,0,0,2058,33,4.6375,0.002,0,0
8071,110539,12.385,2038,true,4,2064,2058,6,0,0,2058,30,3.8959,0.0025,0,0
8072,110541,1.91,2038,false,4,2064,2058,6,0,0,2058,30,3.8959,0.0025,0,0
8073,110557,15.972,2038,false,4,2065,2058,7,0,0,2058,30,3.8959,0.0025,0,0
8074,110569,12.092,2039,true,4,2065,2059,6,0,0,2059,30,4.3771,0.002,0,0
8075,110570,1.77,2039,false,4,2065,2059,6,0,0,2059,30,4.3771,0.002,0,0
8076,110587,16.28,2039,false,4,2065,2059,6,0,0,2059,30,4.3771,0.002,0,0
8077,110589,2.758,2039,false,4,2066,2059,7,0,0,2059,30,4.3771,0.002,0,0
8078,110602,12.354,2039,false,4,2066,2059,7,0,0,2060,25,3.5932,0.0023,0,0
8079,110614,11.963,2040,true,4,2066,2060,6,0,0,2060,24,3.5932,0.0023,0,0
8080,110616,2.542,2040,false,4,2067,2060,7,0,0,2060,24,3.5932,0.0023,0,0
8081,110621,4.352,2040,false,4,2067,2060,7,0,0,2060,23,3.5932,0.0023,0,0
8082,110633,12.087,2040,false,4,2067,2060,7,0,0,2061,21,3.275,0.0027,0,0
8083,110646,13.661,2041,true,5,2067,2061,6,0,0,2061,23,3.275,0.0027,0,0
8084,110648,1.724,2041,false,5,2067,2061,6,0,0,2061,23,3.275,0.0027,0,0
8085,110665,16.074,2041,false,5,2068,2061,7,0,0,2062,23,3.3451,0.0018,0,0
8086,110676,11.7,2042,true,3,2068,2062,6,0,0,2062,27,3.3451,0.0018,0,0
8087,110678,1.702,2042,false,3,2068,2062,6,0,0,2062,27,3.3451,0.0018,0,0
8088,110696,18.677,2042,false,3,2068,2062,6,0,0,2063,27,4.8586,0.0023,0,0
8089,110710,13.425,2043,true,4,2069,2063,6,0,0,2063,27,4.8586,0.0023,0,0
8090,110713,2.993,2043,false,4,2070,2063,7,0,0,2063,27,4.8586,0.0023,0,0
8091,110717,3.903,2043,false,4,2070,2063,7,0,0,2063,26,4.8586,0.0023,0,0
8092,110727,10.512,2043,false,4,2070,2063,7,0,0,2064,19,4.8586,0.0023,0,0
8093,110739,12.267,2044,true,4,2070,2064,6,0,0,2064,22,3.8669,0.0027,0,0
8094,110742,2.122,2044,false,4,2070,2064,6,0,0,2064,22,3.8669,0.0027,0,0
8095,110759,17.761,2044,false,4,2071,2064,7,0,0,2065,22,3.3311,0.002,0,0
8096,110771,12.048,2045,true,4,2071,2065,6,0,0,2065,30,3.3311,0.002,0,0
8097,110773,1.764,2045,false,4,2071,2065,6,0,0,2065,30,3.3311,0.002,0,0
8098,110791,17.342,2045,false,4,2072,2065,7,0,0,2066,30,3.2331,0.0017,0,0
8099,110803,12.504,2046,true,4,2072,2066,6,0,0,2066,27,3.2331,0.0017,0,0
8100,110805,1.762,2046,false,4,2072,2066,6,0,0,2066,27,3.2331,0.0017,0,0
8101,110821,16.268,2046,false,4,2073,2066,7,0,0,2067,27,3.2331,0.0017,0,0
8102,110833,11.896,2047,true,4,2073,2067,6,0,0,2067,33,4.8508,0.0028,0,0
8103,110835,1.787,2047,false,4,2073,2067,6,0,0,2067,33,4.8508,0.0028,0,0
8104,110853,17.817,2047,false,4,2074,2067,7,0,0,2068,33,4.8508,0.0028,0,0
8105,110865,12.204,2048,true,4,2074,2068,6,0,0,2068,35,3.5881,0.0022,0,0
8106,110866,1.769,2048,false,4,2074,2068,6,0,0,2068,35,3.5881,0.0022,0,0
8107,110884,16.83,2048,false,4,2075,2068,7,0,0,2069,35,3.5881,0.0022,0,0
8108,110895,11.928,2049,true,3,2075,2069,6,0,0,2069,30,4.5576,0.0018,0,0
8109,110897,1.793,2049,false,3,2075,2069,6,0,0,2069,30,4.5576,0.0018,0,0
8110,110914,16.86,2049,false,3,2076,2069,7,0,0,2069,30,4.5576,0.0018,0,0
8111,110928,14.142,2050,true,3,2076,2070,6,0,0,2070,27,3.2372,0.002,0,0
8112,110930,2.201,2050,false,3,2076,2070,6,0,0,2070,27,3.2372,0.002,0,0
8113,110935,4.664,2050,false,3,2077,2070,7,0,0,2070,27,3.2372,0.002,0,0
8114,110946,10.489,2050,false,3,2077,2070,7,0,0,2070,52,3.2372,0.002,0,0
8115,110949,3.307,2050,false,3,2077,2070,7,0,0,2070,30,3.2372,0.002,0,0
8116,110961,12.713,2051,true,3,2077,2071,6,0,0,2071,26,3.4306,0.0023,0,0
8117,110963,1.949,2051,false,3,2077,2071,6,0,0,2071,26,3.4306,0.0023,0,0
8118,110977,13.312,2051,false,3,2077,2071,6,0,0,2071,26,3.4306,0.0023,0,0
8119,110996,19.587,2052,true,3,2078,2072,6,0,0,2072,26,3.3213,0.0025,0,0
8120,110999,2.879,2052,false,3,2079,2072,7,0,0,2072,26,3.3213,0.0025,0,0
8121,111003,3.984,2052,false,3,2079,2072,7,0,0,2072,26,3.3213,0.0025,0,0
8122,111023,20.256,2052,false,3,2079,2072,7,0,0,2073,18,3.3918,0.003,0,0
8123,111037,13.747,2053,true,5,2079,2073,6,0,0,2073,22,3.3918,0.003,0,0
8124,111040,2.376,2053,false,5,2079,2073,6,0,0,2073,22,3.3918,0.003,0,0
8125,111055,15.05,2053,false,5,2080,2073,7,0,0,2074,22,3.2723,0.0023,0,0
8126,111067,12.326,2054,true,4,2080,2074,6,0,0,2074,24,3.2723,0.0023,0,0
8127,111069,2.118,2054,false,4,2080,2074,6,0,0,2074,24,3.2723,0.0023,0,0
8128,111074,4.767,2054,false,4,2081,2074,7,0,0,2074,24,3.2723,0.0023,0,0
8129,111085,11.071,2054,false,4,2081,2074,7,0,0,2075,23,3.2723,0.0023,0,0
8130,111098,13.123,2055,true,4,2081,2075,6,0,0,2075,53,7.5988,0.0034,0,0
8131,111100,1.964,2055,false,4,2081,2075,6,0,0,2075,53,7.5988,0.0034,0,0
8132,111105,4.925,2055,false,4,2082,2075,7,0,0,2075,53,7.5988,0.0034,0,0
8133,111116,10.608,2055,false,4,2082,2075,7,0,0,2075,22,7.5988,0.0034,0,0
8134,111119,3.189,2055,false,4,2082,2075,7,0,0,2075,22,7.5988,0.0034,0,0
8135,111131,12.672,2055,false,4,2082,2075,7,0,0,2076,17,3.8074,0.0024,0,0
8136,111143,11.938,2056,true,3,2082,2076,6,0,0,2076,33,3.8074,0.0024,0,0
8137,111145,2.024,2056,false,3,2082,2076,6,0,0,2076,33,3.8074,0.0024,0,0
8138,111163,17.094,2056,false,3,2082,2076,6,0,0,2077,33,3.3388,0.0028,0,0
8139,111178,15.16,2057,true,5,2083,2077,6,0,0,2077,33,3.3388,0.0028,0,0
8140,111180,2.151,2057,false,5,2083,2077,6,0,0,2077,33,3.3388,0.0028,0,0
8141,111193,13.587,2057,false,5,2084,2077,7,0,0,2078,33,3.2103,0.0019,0,0
8142,111206,12.731,2058,true,4,2084,2078,6,0,0,2078,215,3.2103,0.0019,0,0
8143,111208,2.134,2058,false,4,2084,2078,6,0,0,2078,215,3.2103,0.0019,0,0
8144,111224,15.403,2058,false,4,2085,2078,7,0,0,2079,215,3.2103,0.0019,0,0
8145,111236,12.754,2059,true,4,2085,2079,6,0,0,2079,31,3.8905,0.002,0,0
8146,111238,1.707,2059,false,4,2085,2079,6,0,0,2079,31,3.8905,0.002,0,0
8147,111254,16.108,2059,false,4,2086,2079,7,0,0,2080,31,3.8905,0.002,0,0
8148,111267,12.515,2060,true,4,2086,2080,6,0,0,2080,31,3.6465,0.0021,0,0
8149,111269,1.961,2060,false,4,2086,2080,6,0,0,2080,31,3.6465,0.0021,0,0
8150,111274,4.952,2060,false,4,2087,2080,7,0,0,2080,31,3.6465,0.0021,0,0
8151,111285,11.454,2060,false,4,2087,2080,7,0,0,2080,33,3.6465,0.0021,0,0
8152,111288,2.891,2060,false,4,2087,2080,7,0,0,2080,62,3.6465,0.0021,0,0
8153,111300,11.743,2061,true,4,2087,2081,6,0,0,2081,28,4.7828,0.0022,0,0
8154,111302,2.207,2061,false,4,2087,2081,6,0,0,2081,28,4.7828,0.0022,0,0
8155,111316,13.784,2061,false,4,2088,2081,7,0,0,2081,28,4.7828,0.0022,0,0
8156,111318,2.838,2061,false,4,2088,2081,7,0,0,2081,36,4.7828,0.0022,0,0
8157,111331,12.823,2061,false,4,2088,2081,7,0,0,2082,18,3.4899,0.0016,0,0
8158,111344,12.351,2062,true,4,2088,2082,6,0,0,2082,20,3.4899,0.0016,0,0
8159,111346,2.108,2062,false,4,2088,2082,6,0,0,2082,20,3.4899,0.0016,0,0
8160,111351,4.76,2062,false,4,2089,2082,7,0,0,2082,20,3.4899,0.0016,0,0
8161,111362,11.587,2062,false,4,2089,2082,7,0,0,2083,29,5.0509,0.0024,0,0
8162,111374,12.116,2063,true,4,2089,2083,6,0,0,2083,25,5.0509,0.0024,0,0
8163,111376,1.84,2063,false,4,2089,2083,6,0,0,2083,25,5.0509,0.0024,0,0
8164,111393,16.574,2063,false,4,2089,2083,6,0,0,2084,25,5.0509,0.0024,0,0
8165,111406,13.049,2064,true,4,2090,2084,6,0,0,2084,25,3.3946,0.0024,0,0
8166,111407,1.753,2064,false,4,2090,2084,6,0,0,2084,25,3.3946,0.0024,0,0
8167,111413,5.155,2064,false,4,2091,2084,7,0,0,2084,25,3.3946,0.0024,0,0
8168,111423,10.361,2064,false,4,2091,2084,7,0,0,2084,24,3.3946,0.0024,0,0
8169,111435,11.765,2065,true,3,2091,2085,6,0,0,2085,20,3.6251,0.0024,0,0
8170,111436,1.821,2065,false,3,2091,2085,6,0,0,2085,20,3.6251,0.0024,0,0
8171,111453,16.612,2065,false,3,2091,2085,6,0,0,2085,20,3.6251,0.0024,0,0
8172,111466,12.48,2066,true,3,2092,2086,6,0,0,2086,20,3.2502,0.0017,0,0
8173,111467,1.87,2066,false,3,2092,2086,6,0,0,2086,20,3.2502,0.0017,0,0
8174,111484,16.923,2066,false,3,2093,2086,7,0,0,2086,20,3.2502,0.0017,0,0
8175,111487,2.19,2066,false,3,2093,2086,7,0,0,2086,26,3.2502,0.0017,0,0
8176,111499,12.001,2067,true,3,2093,2087,6,0,0,2087,20,4.9346,0.0019,0,0
8177,111501,2.21,2067,false,3,2093,2087,6,0,0,2087,20,4.9346,0.0019,0,0
8178,111505,4.664,2067,false,3,2094,2087,7,0,0,2087,20,4.9346,0.0019,0,0
8179,111516,9.908,2067,false,3,2094,2087,7,0,0,2087,37,4.9346,0.0019,0,0
8180,111519,3.882,2067,false,3,2094,2087,7,0,0,2087,31,4.9346,0.0019,0,0
8181,111531,11.371,2067,false,3,2094,2087,7,0,0,2088,24,3.2786,0.002,0,0
8182,111543,12.177,2068,true,4,2094,2088,6,0,0,2088,25,3.2786,0.002,0,0
8183,111545,1.789,2068,false,4,2094,2088,6,0,0,2088,25,3.2786,0.002,0,0
8184,111561,16.569,2068,false,4,2094,2088,6,0,0,2089,25,3.2195,0.0021,0,0
8185,111574,12.734,2069,true,4,2095,2089,6,0,0,2089,25,3.2195,0.0021,0,0
8186,111576,1.749,2069,false,4,2095,2089,6,0,0,2089,25,3.2195,0.0021,0,0
8187,111593,16.978,2069,false,4,2096,2089,7,0,0,2090,25,3.2534,0.0023,0,0
8188,111605,12.28,2070,true,4,2096,2090,6,0,0,2090,24,3.2534,0.0023,0,0
8189,111607,1.768,2070,false,4,2096,2090,6,0,0,2090,24,3.2534,0.0023,0,0
8190,111623,15.906,2070,false,4,2097,2090,7,0,0,2091,24,4.5235,0.002,0,0
8191,111634,11.909,2071,true,3,2097,2091,6,0,0,2091,26,4.5235,0.002,0,0
8192,111636,1.736,2071,false,3,2097,2091,6,0,0,2091,26,4.5235,0.002,0,0
8193,111654,17.551,2071,false,3,2098,2091,7,0,0,2092,26,3.2527,0.0021,0,0
8194,111665,11.611,2072,true,4,2098,2092,6,0,0,2092,25,3.2527,0.0021,0,0
8195,111667,1.787,2072,false,4,2098,2092,6,0,0,2092,25,3.2527,0.0021,0,0
8196,111675,8.38,2072,false,4,2099,2092,7,0,0,2092,25,3.2527,0.0021,0,0
8197,111679,3.595,2072,false,4,2099,2092,7,0,0,2092,24,3.2527,0.0021,0,0
8198,111691,11.841,2073,true,3,2099,2093,6,0,0,2093,18,4.5881,0.0024,0,0
8199,111693,2.163,2073,false,3,2099,2093,6,0,0,2093,18,4.5881,0.0024,0,0
8200,111701,7.512,2073,false,3,2099,2093,6,0,0,2093,18,4.5881,0.0024,0,0
8201,111716,15.078,2073,false,3,2100,2093,7,0,0,2094,18,4.5881,0.0024,0,0
8202,111728,12.643,2074,true,4,2100,2094,6,0,0,2094,30,4.0841,0.0019,0,0
8203,111730,1.733,2074,false,4,2100,2094,6,0,0,2094,30,4.0841,0.0019,0,0
8204,111747,16.651,2074,false,4,2101,2094,7,0,0,2094,30,4.0841,0.0019,0,0
8205,111760,12.936,2075,true,4,2101,2095,6,0,0,2095,27,3.301,0.0024,0,0
8206,111761,1.843,2075,false,4,2101,2095,6,0,0,2095,27,3.301,0.0024,0,0
8207,111779,17.199,2075,false,4,2102,2095,7,0,0,2095,27,3.301,0.0024,0,0
8208,111781,2.497,2075,false,4,2102,2095,7,0,0,2095,28,3.301,0.0024,0,0
8209,111792,11.261,2076,true,4,2102,2096,6,0,0,2096,18,3.2593,0.0025,0,0
8210,111795,2.161,2076,false,4,2102,2096,6,0,0,2096,18,3.2593,0.0025,0,0
8211,111810,14.79,2076,false,4,2102,2096,6,0,0,2096,18,3.2593,0.0025,0,0
8212,111812,3.081,2076,false,4,2103,2096,7,0,0,2096,18,3.2593,0.0025,0,0
8213,111816,3.61,2076,false,4,2103,2096,7,0,0,2097,23,3.2593,0.0025,0,0
8214,111828,12.117,2077,true,4,2103,2097,6,0,0,2097,18,3.6363,0.0022,0,0
8215,111831,2.431,2077,false,4,2103,2097,6,0,0,2097,18,3.6363,0.0022,0,0
8216,111841,9.625,2077,false,4,2104,2097,7,0,0,2097,18,3.6363,0.0022,0,0
8217,111844,3.426,2077,false,4,2104,2097,7,0,0,2097,28,3.6363,0.0022,0,0
8218,111856,11.582,2077,false,4,2104,2097,7,0,0,2098,17,3.6443,0.0086,0,0
8219,111868,12.87,2078,true,4,2104,2098,6,0,0,2098,26,3.6443,0.0086,0,0
8220,111871,2.195,2078,false,4,2104,2098,6,0,0,2098,26,3.6443,0.0086,0,0
8221,111887,16.254,2078,false,4,2105,2098,7,0,0,2099,26,3.6443,0.0086,0,0
8222,111899,11.929,2079,true,4,2105,2099,6,0,0,2099,29,6.5273,0.0028,0,0
8223,111900,1.781,2079,false,4,2105,2099,6,0,0,2099,29,6.5273,0.0028,0,0
8224,111919,18.123,2079,false,4,2105,2099,6,0,0,2099,29,6.5273,0.0028,0,0
8225,111930,11.874,2080,true,3,2106,2100,6,0,0,2100,29,3.3785,0.0018,0,0
8226,111933,2.485,2080,false,3,2107,2100,7,0,0,2100,29,3.3785,0.0018,0,0
8227,111937,4.418,2080,false,3,2107,2100,7,0,0,2100,22,3.3785,0.0018,0,0
8228,111950,12.488,2080,false,3,2107,2100,7,0,0,2100,24,3.3785,0.0018,0,0
8229,111952,2.222,2080,false,3,2107,2100,7,0,0,2100,28,3.3785,0.0018,0,0
8230,111965,12.458,2080,false,3,2107,2100,7,0,0,2101,19,4.2195,0.002,0,0
8231,111977,12.531,2081,true,4,2107,2101,6,0,0,2101,27,4.2195,0.002,0,0
8232,111979,1.862,2081,false,4,2107,2101,6,0,0,2101,27,4.2195,0.002,0,0
8233,111996,16.384,2081,false,4,2107,2101,6,0,0,2102,27,3.2986,0.0023,0,0
8234,112008,12.779,2082,true,4,2108,2102,6,0,0,2102,27,3.2986,0.0023,0,0
8235,112010,2.063,2082,false,4,2108,2102,6,0,0,2102,27,3.2986,0.0023,0,0
8236,112027,16.776,2082,false,4,2109,2102,7,0,0,2103,27,3.2986,0.0023,0,0
8237,112041,14.662,2083,true,4,2109,2103,6,0,0,2103,33,3.9631,0.0038,0,0
8238,112044,2.294,2083,false,4,2109,2103,6,0,0,2103,33,3.9631,0.0038,0,0
8239,112058,13.995,2083,false,4,2110,2103,7,0,0,2103,33,3.9631,0.0038,0,0
8240,112061,3.209,2083,false,4,2110,2103,7,0,0,2103,69,3.9631,0.0038,0,0
8241,112076,15.25,2084,true,4,2110,2104,6,0,0,2104,32,5.2693,0.0038,0,0
8242,112079,2.66,2084,false,4,2110,2104,6,0,0,2104,32,5.2693,0.0038,0,0
8243,112084,4.486,2084,false,4,2111,2104,7,0,0,2104,32,5.2693,0.0038,0,0
8244,112091,7.01,2084,false,4,2111,2104,7,0,0,2104,41,5.2693,0.0038,0,0
8245,112106,15.083,2084,false,4,2111,2104,7,0,0,2105,39,5.2693,0.0038,0,0
8246,112118,12.4,2085,true,4,2111,2105,6,0,0,2105,30,4.9699,0.0026,0,0
8247,112120,1.888,2085,false,4,2111,2105,6,0,0,2105,30,4.9699,0.0026,0,0
8248,112137,16.647,2085,false,4,2112,2105,7,0,0,2106,30,4.9699,0.0026,0,0
8249,112148,11.918,2086,true,4,2112,2106,6,0,0,2106,26,3.2997,0.0017,0,0
8250,112150,1.806,2086,false,4,2112,2106,6,0,0,2106,26,3.2997,0.0017,0,0
8251,112167,16.743,2086,false,4,2112,2106,6,0,0,2107,26,3.2997,0.0017,0,0
8252,112181,13.821,2087,true,4,2113,2107,6,0,0,2107,26,5.3387,0.0019,0,0
8253,112184,3.096,2087,false,4,2114,2107,7,0,0,2107,26,5.3387,0.0019,0,0
8254,112188,3.812,2087,false,4,2114,2107,7,0,0,2107,28,5.3387,0.0019,0,0
8255,112198,10.014,2087,false,4,2114,2107,7,0,0,2107,24,5.3387,0.0019,0,0
8256,112201,3.768,2087,false,4,2114,2107,7,0,0,2108,27,5.3387,0.0019,0,0
8257,112213,11.134,2088,true,4,2114,2108,6,0,0,2108,16,3.3353,0.0017,0,0
8258,112215,2.68,2088,false,4,2114,2108,6,0,0,2108,16,3.3353,0.0017,0,0
8259,112228,12.715,2088,false,4,2114,2108,6,0,0,2108,16,3.3353,0.0017,0,0
8260,112231,2.834,2088,false,4,2115,2108,7,0,0,2108,16,3.3353,0.0017,0,0
8261,112244,13.225,2088,false,4,2115,2108,7,0,0,2109,25,3.3991,0.0026,0,0
8262,112263,19.123,2089,true,7,2115,2109,6,0,0,2109,40,3.3991,0.0026,0,0
8263,112265,2.229,2089,false,7,2115,2109,6,0,0,2109,40,3.3991,0.0026,0,0
8264,112270,4.657,2089,false,7,2116,2109,7,0,0,2109,40,3.3991,0.0026,0,0
8265,112290,19.379,2089,false,7,2116,2109,7,0,0,2110,34,3.3306,0.0022,0,0
8266,112303,13.681,2090,true,4,2116,2110,6,0,0,2110,35,3.3306,0.0022,0,0
8267,112305,1.903,2090,false,4,2116,2110,6,0,0,2110,35,3.3306,0.0022,0,0
8268,112321,15.417,2090,false,4,2117,2110,7,0,0,2111,35,5.079,0.0022,0,0
8269,112334,13.575,2091,true,4,2117,2111,6,0,0,2111,27,5.079,0.0022,0,0
8270,112336,1.806,2091,false,4,2117,2111,6,0,0,2111,27,5.079,0.0022,0,0
8271,112351,15.038,2091,false,4,2118,2111,7,0,0,2112,27,3.4445,0.0022,0,0
8272,112363,12.17,2092,true,4,2118,2112,6,0,0,2112,25,3.4445,0.0022,0,0
8273,112365,1.904,2092,false,4,2118,2112,6,0,0,2112,25,3.4445,0.0022,0,0
8274,112381,16.174,2092,false,4,2119,2112,7,0,0,2113,25,3.4314,0.0017,0,0
8275,112395,14.174,2093,true,4,2119,2113,6,0,0,2113,35,3.4314,0.0017,0,0
8276,112398,2.796,2093,false,4,2120,2113,7,0,0,2113,35,3.4314,0.0017,0,0
8277,112411,13.289,2093,false,4,2120,2113,7,0,0,2113,24,3.4314,0.0017,0,0
8278,112414,2.721,2093,false,4,2120,2113,7,0,0,2113,33,3.4314,0.0017,0,0
8279,112439,25.084,2094,true,15,2120,2114,6,0,0,2114,17,3.4902,0.0022,0,0
8280,112441,2.098,2094,false,15,2120,2114,6,0,0,2114,17,3.4902,0.0022,0,0
8281,112458,17.003,2094,false,15,2121,2114,7,0,0,2115,17,4.3829,0.0017,0,0
8282,112470,12.109,2095,true,4,2121,2115,6,0,0,2115,24,4.3829,0.0017,0,0
8283,112472,1.925,2095,false,4,2121,2115,6,0,0,2115,24,4.3829,0.0017,0,0
8284,112489,16.228,2095,false,4,2122,2115,7,0,0,2116,24,4.3829,0.0017,0,0
8285,112501,12.1,2096,true,4,2122,2116,6,0,0,2116,25,3.4835,0.0021,0,0
8286,112502,1.954,2096,false,4,2122,2116,6,0,0,2116,25,3.4835,0.0021,0,0
8287,112519,16.683,2096,false,4,2123,2116,7,0,0,2117,25,3.4835,0.0021,0,0
8288,112532,12.86,2097,true,4,2123,2117,6,0,0,2117,34,4.6827,0.0019,0,0
8289,112535,2.441,2097,false,4,2124,2117,7,0,0,2117,34,4.6827,0.0019,0,0
8290,112539,4.461,2097,false,4,2124,2117,7,0,0,2117,62,4.6827,0.0019,0,0
8291,112550,11.149,2097,false,4,2124,2117,7,0,0,2117,25,4.6827,0.0019,0,0
8292,112563,12.685,2098,true,4,2124,2118,6,0,0,2118,28,3.3427,0.0024,0,0
8293,112565,1.979,2098,false,4,2124,2118,6,0,0,2118,28,3.3427,0.0024,0,0
8294,112581,16.172,2098,false,4,2124,2118,6,0,0,2118,28,3.3427,0.0024,0,0
8295,112595,13.651,2099,true,4,2125,2119,6,0,0,2119,28,3.2613,0.0017,0,0
8296,112597,2.921,2099,false,4,2126,2119,7,0,0,2119,28,3.2613,0.0017,0,0
8297,112612,14.549,2099,false,4,2126,2119,7,0,0,2119,23,3.2613,0.0017,0,0
8298,112614,2.215,2099,false,4,2126,2119,7,0,0,2120,26,3.2613,0.0017,0,0
8299,112625,11.094,2100,true,3,2126,2120,6,0,0,2120,15,3.2537,0.0018,0,0
8300,112628,2.221,2100,false,3,2126,2120,6,0,0,2120,15,3.2537,0.0018,0,0
8301,112643,15.387,2100,false,3,2126,2120,6,0,0,2120,15,3.2537,0.0018,0,0
8302,112647,3.824,2100,false,3,2127,2120,7,0,0,2121,15,3.2537,0.0018,0,0
8303,112662,14.773,2101,true,5,2127,2121,6,0,0,2121,38,6.276,0.003,0,0
8304,112664,2.302,2101,false,5,2128,2121,7,0,0,2121,38,6.276,0.003,0,0
8305,112674,10.169,2101,false,5,2128,2121,7,0,0,2121,20,6.276,0.003,0,0
8306,112676,2.24,2101,false,5,2128,2121,7,0,0,2121,23,6.276,0.003,0,0
8307,112690,13.509,2101,false,5,2128,2121,7,0,0,2122,18,3.2866,0.0026,0,0
8308,112703,12.807,2102,true,4,2128,2122,6,0,0,2122,26,3.2866,0.0026,0,0
8309,112705,2.075,2102,false,4,2128,2122,6,0,0,2122,26,3.2866,0.0026,0,0
8310,112722,17.076,2102,false,4,2128,2122,6,0,0,2123,26,3.2866,0.0026,0,0
8311,112734,12.65,2103,true,4,2129,2123,6,0,0,2123,26,6.2826,0.0027,0,0
8312,112736,1.854,2103,false,4,2129,2123,6,0,0,2123,26,6.2826,0.0027,0,0
8313,112753,16.578,2103,false,4,2130,2123,7,0,0,2123,26,6.2826,0.0027,0,0
8314,112765,12.021,2104,true,4,2130,2124,6,0,0,2124,30,3.5994,0.0023,0,0
8315,112767,1.794,2104,false,4,2130,2124,6,0,0,2124,30,3.5994,0.0023,0,0
8316,112784,17.065,2104,false,4,2131,2124,7,0,0,2124,30,3.5994,0.0023,0,0
8317,112786,2.78,2104,false,4,2131,2124,7,0,0,2124,34,3.5994,0.0023,0,0
8318,112791,3.944,2104,false,4,2131,2124,7,0,0,2125,22,3.5994,0.0023,0,0
8319,112804,13.326,2105,true,4,2131,2125,6,0,0,2125,23,3.4241,0.0039,0,0
8320,112806,2.169,2105,false,4,2131,2125,6,0,0,2125,23,3.4241,0.0039,0,0
8321,112815,8.564,2105,false,4,2131,2125,6,0,0,2125,23,3.4241,0.0039,0,0
8322,112818,3.52,2105,false,4,2132,2125,7,0,0,2125,23,3.4241,0.0039,0,0
8323,112830,11.752,2105,false,4,2132,2125,7,0,0,2126,26,3.3303,0.0031,0,0
8324,112843,12.809,2106,true,4,2132,2126,6,0,0,2126,29,3.3303,0.0031,0,0
8325,112844,1.754,2106,false,4,2132,2126,6,0,0,2126,29,3.3303,0.0031,0,0
8326,112861,16.747,2106,false,4,2133,2126,7,0,0,2127,29,3.3319,0.0019,0,0
8327,112874,13.29,2107,true,3,2133,2127,6,0,0,2127,209,3.3319,0.0019,0,0
8328,112877,2.011,2107,false,3,2133,2127,6,0,0,2127,209,3.3319,0.0019,0,0
8329,112881,4.886,2107,false,3,2134,2127,7,0,0,2127,209,3.3319,0.0019,0,0
8330,112892,10.484,2107,false,3,2134,2127,7,0,0,2128,26,3.3319,0.0019,0,0
8331,112904,12.597,2108,true,4,2134,2128,6,0,0,2128,27,3.6103,0.0029,0,0
8332,112906,1.962,2108,false,4,2134,2128,6,0,0,2128,27,3.6103,0.0029,0,0
8333,112923,16.533,2108,false,4,2134,2128,6,0,0,2129,27,3.6103,0.0029,0,0
8334,112937,14.111,2109,true,5,2135,2129,6,0,0,2129,27,6.022,0.003,0,0
8335,112940,2.906,2109,false,5,2136,2129,7,0,0,2129,27,6.022,0.003,0,0
8336,112944,3.991,2109,false,5,2136,2129,7,0,0,2129,32,6.022,0.003,0,0
8337,112954,10.038,2109,false,5,2136,2129,7,0,0,2129,39,6.022,0.003,0,0
8338,112958,3.738,2109,false,5,2136,2129,7,0,0,2130,20,6.022,0.003,0,0
8339,112969,11.663,2110,true,4,2136,2130,6,0,0,2130,17,3.2284,0.0023,0,0
8340,112971,2.139,2110,false,4,2136,2130,6,0,0,2130,17,3.2284,0.0023,0,0
8341,112984,12.066,2110,false,4,2136,2130,6,0,0,2130,17,3.2284,0.0023,0,0
8342,112987,3.323,2110,false,4,2137,2130,7,0,0,2130,17,3.2284,0.0023,0,0
8343,112999,11.986,2111,true,4,2137,2131,6,0,0,2131,25,4.8699,0.003,0,0
8344,113001,2.622,2111,false,4,2137,2131,6,0,0,2131,25,4.8699,0.003,0,0
8345,113015,13.784,2111,false,4,2138,2131,7,0,0,2131,25,4.8699,0.003,0,0
8346,113018,2.534,2111,false,4,2138,2131,7,0,0,2131,27,4.8699,0.003,0,0
8347,113031,13.081,2111,false,4,2138,2131,7,0,0,2132,23,3.3831,0.0023,0,0
8348,113044,12.787,2112,true,4,2138,2132,6,0,0,2132,27,3.3831,0.0023,0,0
8349,113045,1.872,2112,false,4,2138,2132,6,0,0,2132,27,3.3831,0.0023,0,0
8350,113061,15.802,2112,false,4,2138,2132,6,0,0,2133,27,3.6338,0.0028,0,0
8351,113073,11.894,2113,true,4,2139,2133,6,0,0,2133,27,3.6338,0.0028,0,0
8352,113075,1.727,2113,false,4,2139,2133,6,0,0,2133,27,3.6338,0.0028,0,0
8353,113093,17.719,2113,false,4,2140,2133,7,0,0,2134,27,3.4635,0.0027,0,0
8354,113106,13.156,2114,true,4,2140,2134,6,0,0,2134,25,3.4635,0.0027,0,0
8355,113108,1.907,2114,false,4,2140,2134,6,0,0,2134,25,3.4635,0.0027,0,0
8356,113125,16.564,2114,false,4,2141,2134,7,0,0,2135,25,3.4635,0.0027,0,0
8357,113138,13.836,2115,true,4,2141,2135,6,0,0,2135,28,5.6412,0.0031,0,0
8358,113141,2.707,2115,false,4,2142,2135,7,0,0,2135,28,5.6412,0.0031,0,0
8359,113156,14.746,2115,false,4,2142,2135,7,0,0,2136,25,5.6412,0.0031,0,0
8360,113167,11.708,2116,true,3,2142,2136,6,0,0,2136,27,4.4371,0.002,0,0
8361,113169,1.719,2116,false,3,2142,2136,6,0,0,2136,27,4.4371,0.002,0,0
8362,113178,8.875,2116,false,3,2143,2136,7,0,0,2136,27,4.4371,0.002,0,0
8363,113181,3.168,2116,false,3,2143,2136,7,0,0,2136,24,4.4371,0.002,0,0
8364,113202,21.137,2116,false,3,2143,2136,7,0,0,2137,16,3.2453,0.0021,0,0
8365,113216,14.002,2117,true,5,2143,2137,6,0,0,2137,27,3.2453,0.0021,0,0
8366,113219,2.533,2117,false,5,2143,2137,6,0,0,2137,27,3.2453,0.0021,0,0
8367,113223,4.371,2117,false,5,2144,2137,7,0,0,2137,27,3.2453,0.0021,0,0
8368,113235,11.89,2118,true,3,2144,2138,6,0,0,2138,27,3.2567,0.0018,0,0
8369,113237,1.977,2118,false,3,2144,2138,6,0,0,2138,27,3.2567,0.0018,0,0
8370,113249,11.873,2118,false,3,2145,2138,7,0,0,2138,27,3.2567,0.0018,0,0
8371,113251,2.554,2118,false,3,2145,2138,7,0,0,2138,27,3.2567,0.0018,0,0
8372,113264,12.545,2118,false,3,2145,2138,7,0,0,2139,18,4.2746,0.0017,0,0
8373,113276,11.958,2119,true,4,2145,2139,6,0,0,2139,25,4.2746,0.0017,0,0
8374,113278,2.375,2119,false,4,2145,2139,6,0,0,2139,25,4.2746,0.0017,0,0
8375,113294,15.707,2119,false,4,2145,2139,6,0,0,2140,25,3.2757,0.0018,0,0
8376,113307,12.804,2120,true,4,2146,2140,6,0,0,2140,25,3.2757,0.0018,0,0
8377,113309,1.862,2120,false,4,2146,2140,6,0,0,2140,25,3.2757,0.0018,0,0
8378,113325,16.216,2120,false,4,2147,2140,7,0,0,2141,25,3.2757,0.0018,0,0
8379,113338,13.584,2121,true,4,2147,2141,6,0,0,2141,39,5.1619,0.0032,0,0
8380,113341,2.641,2121,false,4,2147,2141,6,0,0,2141,39,5.1619,0.0032,0,0
8381,113345,4.25,2121,false,4,2148,2141,7,0,0,2141,39,5.1619,0.0032,0,0
8382,113357,11.616,2121,false,4,2148,2141,7,0,0,2141,32,5.1619,0.0032,0,0
8383,113370,13.127,2122,true,4,2148,2142,6,0,0,2142,39,3.6363,0.0019,0,0
8384,113372,2.004,2122,false,4,2148,2142,6,0,0,2142,39,3.6363,0.0019,0,0
8385,113388,16.221,2122,false,4,2149,2142,7,0,0,2142,39,3.6363,0.0019,0,0
8386,113391,2.382,2122,false,4,2149,2142,7,0,0,2142,27,3.6363,0.0019,0,0
8387,113403,12.563,2123,true,4,2149,2143,6,0,0,2143,19,3.3504,0.0021,0,0
8388,113405,1.93,2123,false,4,2149,2143,6,0,0,2143,19,3.3504,0.0021,0,0
8389,113419,13.832,2123,false,4,2149,2143,6,0,0,2143,19,3.3504,0.0021,0,0
8390,113421,2.564,2123,false,4,2150,2143,7,0,0,2143,19,3.3504,0.0021,0,0
8391,113433,11.326,2124,true,3,2150,2144,6,0,0,2144,25,3.3645,0.0015,0,0
8392,113435,2.023,2124,false,3,2150,2144,6,0,0,2144,25,3.3645,0.0015,0,0
8393,113450,15.443,2124,false,3,2151,2144,7,0,0,2144,25,3.3645,0.0015,0,0
8394,113452,2.225,2124,false,3,2151,2144,7,0,0,2144,28,3.3645,0.0015,0,0
8395,113466,12.913,2124,false,3,2151,2144,7,0,0,2145,15,3.2882,0.002,0,0
8396,113480,14.964,2125,true,5,2151,2145,6,0,0,2145,23,3.2882,0.002,0,0
8397,113482,2.03,2125,false,5,2151,2145,6,0,0,2145,23,3.2882,0.002,0,0
8398,113496,13.892,2125,false,5,2151,2145,6,0,0,2146,23,3.2647,0.0014,0,0
8399,113510,13.291,2126,true,4,2152,2146,6,0,0,2146,23,3.2647,0.0014,0,0
8400,113511,1.731,2126,false,4,2152,2146,6,0,0,2146,23,3.2647,0.0014,0,0
8401,113527,15.783,2126,false,4,2153,2146,7,0,0,2147,23,3.2647,0.0014,0,0
8402,113539,12.113,2127,true,4,2153,2147,6,0,0,2147,34,7.3486,0.0025,0,0
8403,113541,1.842,2127,false,4,2153,2147,6,0,0,2147,34,7.3486,0.0025,0,0
8404,113558,16.335,2127,false,4,2154,2147,7,0,0,2148,34,7.3486,0.0025,0,0
8405,113570,12.42,2128,true,4,2154,2148,6,0,0,2148,27,3.8974,0.0031,0,0
8406,113572,1.846,2128,false,4,2154,2148,6,0,0,2148,27,3.8974,0.0031,0,0
8407,113588,16.435,2128,false,4,2155,2148,7,0,0,2148,27,3.8974,0.0031,0,0
8408,113602,14.016,2129,true,4,2155,2149,6,0,0,2149,30,3.3999,0.0022,0,0
8409,113604,2.226,2129,false,4,2155,2149,6,0,0,2149,30,3.3999,0.0022,0,0
8410,113620,15.086,2129,false,4,2156,2149,7,0,0,2149,30,3.3999,0.0022,0,0
8411,113622,2.208,2129,false,4,2156,2149,7,0,0,2149,27,3.3999,0.0022,0,0
8412,113626,4.537,2129,false,4,2156,2149,7,0,0,2150,20,3.3999,0.0022,0,0
8413,113637,11.087,2130,true,3,2156,2150,6,0,0,2150,17,3.5387,0.0022,0,0
8414,113640,2.687,2130,false,3,2156,2150,6,0,0,2150,17,3.5387,0.0022,0,0
8415,113651,10.709,2130,false,3,2157,2150,7,0,0,2150,17,3.5387,0.0022,0,0
8416,113654,3.093,2130,false,3,2157,2150,7,0,0,2150,37,3.5387,0.0022,0,0
8417,113667,13.396,2130,false,3,2157,2150,7,0,0,2151,30,3.2957,0.0025,0,0
8418,113680,12.594,2131,true,4,2157,2151,6,0,0,2151,21,3.2957,0.0025,0,0
8419,113682,1.986,2131,false,4,2157,2151,6,0,0,2151,21,3.2957,0.0025,0,0
8420,113698,16.067,2131,false,4,2157,2151,6,0,0,2152,21,3.5203,0.0026,0,0
8421,113710,12.052,2132,true,4,2158,2152,6,0,0,2152,21,3.5203,0.0026,0,0
8422,113712,1.798,2132,false,4,2158,2152,6,0,0,2152,21,3.5203,0.0026,0,0
8423,113729,16.396,2132,false,4,2159,2152,7,0,0,2153,21,5.1947,0.002,0,0
8424,113740,12.132,2133,true,4,2159,2153,6,0,0,2153,24,5.1947,0.002,0,0
8425,113742,1.681,2133,false,4,2159,2153,6,0,0,2153,24,5.1947,0.002,0,0
8426,113759,17.404,2133,false,4,2160,2153,7,0,0,2154,24,5.1947,0.002,0,0
8427,113771,11.682,2134,true,4,2160,2154,6,0,0,2154,26,3.5976,0.0026,0,0
8428,113773,1.759,2134,false,4,2160,2154,6,0,0,2154,26,3.5976,0.0026,0,0
8429,113791,17.7,2134,false,4,2161,2154,7,0,0,2155,26,3.5976,0.0026,0,0
8430,113802,11.959,2135,true,4,2161,2155,6,0,0,2155,28,5.1795,0.0023,0,0
8431,113804,1.678,2135,false,4,2161,2155,6,0,0,2155,28,5.1795,0.0023,0,0
8432,113821,17.194,2135,false,4,2162,2155,7,0,0,2155,28,5.1795,0.0023,0,0
8433,113823,2.213,2135,false,4,2162,2155,7,0,0,2155,26,5.1795,0.0023,0,0
8434,113835,11.753,2136,true,4,2162,2156,6,0,0,2156,18,3.3757,0.0021,0,0
8435,113837,1.835,2136,false,4,2162,2156,6,0,0,2156,18,3.3757,0.0021,0,0
8436,113852,14.661,2136,false,4,2163,2156,7,0,0,2156,18,3.3757,0.0021,0,0
8437,113854,2.385,2136,false,4,2163,2156,7,0,0,2156,25,3.3757,0.0021,0,0
8438,113868,14.035,2136,false,4,2163,2156,7,0,0,2157,16,3.4092,0.0019,0,0
8439,113882,14.256,2137,true,5,2163,2157,6,0,0,2157,24,3.4092,0.0019,0,0
8440,113885,2.219,2137,false,5,2163,2157,6,0,0,2157,24,3.4092,0.0019,0,0
8441,113900,14.836,2137,false,5,2164,2157,7,0,0,2158,24,4.153,0.0031,0,0
8442,113917,17.411,2138,true,6,2164,2158,6,0,0,2158,54,4.153,0.0031,0,0
8443,113919,2.432,2138,false,6,2165,2158,7,0,0,2158,54,4.153,0.0031,0,0
8444,113931,11.676,2138,false,6,2165,2158,7,0,0,2159,22,4.153,0.0031,0,0
8445,113952,20.601,2139,true,10,2165,2159,6,0,0,2159,21,5.6626,0.0024,0,0
8446,113954,2.257,2139,false,10,2165,2159,6,0,0,2159,21,5.6626,0.0024,0,0
8447,113962,8.097,2139,false,10,2166,2159,7,0,0,2159,21,5.6626,0.0024,0,0
8448,113976,14.366,2140,true,4,2166,2160,6,0,0,2160,29,4.0172,0.0022,0,0
8449,113978,2.205,2140,false,4,2166,2160,6,0,0,2160,29,4.0172,0.0022,0,0
8450,113993,14.784,2140,false,4,2167,2160,7,0,0,2160,29,4.0172,0.0022,0,0
8451,113996,2.526,2140,false,4,2167,2160,7,0,0,2160,34,4.0172,0.0022,0,0
8452,114010,14.458,2141,true,5,2167,2161,6,0,0,2161,21,4.4698,0.0025,0,0
8453,114012,1.97,2141,false,5,2167,2161,6,0,0,2161,21,4.4698,0.0025,0,0
8454,114024,11.977,2141,false,5,2168,2161,7,0,0,2161,21,4.4698,0.0025,0,0
8455,114027,2.411,2141,false,5,2168,2161,7,0,0,2161,31,4.4698,0.0025,0,0
8456,114040,13.176,2141,false,5,2168,2161,7,0,0,2162,17,3.5554,0.0022,0,0
8457,114051,11.743,2142,true,3,2168,2162,6,0,0,2162,23,3.5554,0.0022,0,0
8458,114053,1.695,2142,false,3,2168,2162,6,0,0,2162,23,3.5554,0.0022,0,0
8459,114071,17.787,2142,false,3,2169,2162,7,0,0,2163,23,5.1628,0.0022,0,0
8460,114083,12.474,2143,true,4,2169,2163,6,0,0,2163,22,5.1628,0.0022,0,0
8461,114085,1.698,2143,false,4,2169,2163,6,0,0,2163,22,5.1628,0.0022,0,0
8462,114103,17.362,2143,false,4,2170,2163,7,0,0,2164,22,3.349,0.002,0,0
8463,114115,12.285,2144,true,4,2170,2164,6,0,0,2164,23,3.349,0.002,0,0
8464,114117,1.846,2144,false,4,2170,2164,6,0,0,2164,23,3.349,0.002,0,0
8465,114135,17.74,2144,false,4,2171,2164,7,0,0,2165,23,3.349,0.002,0,0
8466,114149,14.058,2145,true,4,2171,2165,6,0,0,2165,27,6.7492,0.0026,0,0
8467,114152,2.907,2145,false,4,2171,2165,6,0,0,2165,27,6.7492,0.0026,0,0
8468,114155,4.018,2145,false,4,2172,2165,7,0,0,2165,27,6.7492,0.0026,0,0
8469,114165,9.219,2145,false,4,2172,2165,7,0,0,2165,22,6.7492,0.0026,0,0
8470,114180,15.504,2145,false,4,2172,2165,7,0,0,2166,25,3.3175,0.0018,0,0
8471,114194,14.16,2146,true,5,2172,2166,6,0,0,2166,25,3.3175,0.0018,0,0
8472,114196,2.208,2146,false,5,2172,2166,6,0,0,2166,25,3.3175,0.0018,0,0
8473,114211,14.388,2146,false,5,2173,2166,7,0,0,2167,25,3.3493,0.002,0,0
8474,114227,16.233,2147,true,5,2173,2167,6,0,0,2167,21,3.3493,0.002,0,0
8475,114229,2.165,2147,false,5,2173,2167,6,0,0,2167,21,3.3493,0.002,0,0
8476,114242,12.442,2147,false,5,2174,2167,7,0,0,2168,21,3.3493,0.002,0,0
8477,114257,15.288,2148,true,6,2174,2168,6,0,0,2168,26,3.6922,0.0027,0,0
8478,114259,2.04,2148,false,6,2174,2168,6,0,0,2168,26,3.6922,0.0027,0,0
8479,114273,13.543,2148,false,6,2175,2168,7,0,0,2168,26,3.6922,0.0027,0,0
8480,114286,13.928,2149,true,4,2175,2169,6,0,0,2169,25,4.9405,0.0024,0,0
8481,114289,2.452,2149,false,4,2175,2169,6,0,0,2169,25,4.9405,0.0024,0,0
8482,114303,13.969,2149,false,4,2176,2169,7,0,0,2169,25,4.9405,0.0024,0,0
8483,114306,2.965,2149,false,4,2176,2169,7,0,0,2169,33,4.9405,0.0024,0,0
8484,114310,3.914,2149,false,4,2176,2169,7,0,0,2170,22,4.9405,0.0024,0,0
8485,114322,12.407,2150,true,4,2176,2170,6,0,0,2170,21,3.2575,0.0021,0,0
8486,114324,1.946,2150,false,4,2176,2170,6,0,0,2170,21,3.2575,0.0021,0,0
8487,114334,9.587,2150,false,4,2176,2170,6,0,0,2170,21,3.2575,0.0021,0,0
8488,114337,3.632,2150,false,4,2177,2170,7,0,0,2170,21,3.2575,0.0021,0,0
8489,114350,12.179,2150,false,4,2177,2170,7,0,0,2171,32,6.0231,0.0027,0,0
8490,114362,12.078,2151,true,4,2177,2171,6,0,0,2171,27,6.0231,0.0027,0,0
8491,114363,1.814,2151,false,4,2177,2171,6,0,0,2171,27,6.0231,0.0027,0,0
8492,114381,17.155,2151,false,4,2178,2171,7,0,0,2172,27,3.5047,0.0025,0,0
8493,114393,12.092,2152,true,4,2178,2172,6,0,0,2172,27,3.5047,0.0025,0,0
8494,114394,1.786,2152,false,4,2178,2172,6,0,0,2172,27,3.5047,0.0025,0,0
8495,114412,17.309,2152,false,4,2178,2172,6,0,0,2173,27,3.5047,0.0025,0,0
8496,114424,12.048,2153,true,3,2179,2173,6,0,0,2173,27,3.8026,0.0028,0,0
8497,114426,1.73,2153,false,3,2179,2173,6,0,0,2173,27,3.8026,0.0028,0,0
8498,114443,17.526,2153,false,3,2180,2173,7,0,0,2174,27,3.8026,0.0028,0,0
8499,114455,12.079,2154,true,4,2180,2174,6,0,0,2174,30,3.7275,0.0023,0,0
8500,114457,1.811,2154,false,4,2180,2174,6,0,0,2174,30,3.7275,0.0023,0,0
8501,114474,17.303,2154,false,4,2181,2174,7,0,0,2174,30,3.7275,0.0023,0,0
8502,114488,14.105,2155,true,4,2181,2175,6,0,0,2175,31,3.9652,0.0027,0,0
8503,114491,2.745,2155,false,4,2182,2175,7,0,0,2175,31,3.9652,0.0027,0,0
8504,114496,4.224,2155,false,4,2182,2175,7,0,0,2175,27,3.9652,0.0027,0,0
8505,114506,10.284,2155,false,4,2182,2175,7,0,0,2175,28,3.9652,0.0027,0,0
8506,114509,3.441,2155,false,4,2182,2175,7,0,0,2176,31,3.9652,0.0027,0,0
8507,114520,11.327,2156,true,4,2182,2176,6,0,0,2176,20,3.2308,0.0019,0,0
8508,114523,2.479,2156,false,4,2182,2176,6,0,0,2176,20,3.2308,0.0019,0,0
8509,114537,13.507,2156,false,4,2182,2176,6,0,0,2176,20,3.2308,0.0019,0,0
8510,114539,2.954,2156,false,4,2183,2176,7,0,0,2176,20,3.2308,0.0019,0,0
8511,114552,12.687,2156,false,4,2183,2176,7,0,0,2177,26,5.0199,0.0025,0,0
8512,114564,12.231,2157,true,4,2183,2177,6,0,0,2177,26,5.0199,0.0025,0,0
8513,114566,2.125,2157,false,4,2183,2177,6,0,0,2177,26,5.0199,0.0025,0,0
8514,114571,4.779,2157,false,4,2184,2177,7,0,0,2177,26,5.0199,0.0025,0,0
8515,114584,12.7,2157,false,4,2184,2177,7,0,0,2178,28,3.3085,0.0023,0,0
8516,114598,13.853,2158,true,4,2184,2178,6,0,0,2178,29,3.3085,0.0023,0,0
8517,114600,2.447,2158,false,4,2184,2178,6,0,0,2178,29,3.3085,0.0023,0,0
8518,114615,14.555,2158,false,4,2185,2178,7,0,0,2179,29,3.3085,0.0023,0,0
8519,114631,16.325,2159,true,5,2185,2179,6,0,0,2179,34,8.5206,0.0029,0,0
8520,114634,2.822,2159,false,5,2185,2179,6,0,0,2179,34,8.5206,0.0029,0,0
8521,114638,3.974,2159,false,5,2186,2179,7,0,0,2179,34,8.5206,0.0029,0,0
8522,114647,8.427,2159,false,5,2186,2179,7,0,0,2179,61,8.5206,0.0029,0,0
8523,114652,5.371,2159,false,5,2186,2179,7,0,0,2179,39,8.5206,0.0029,0,0
8524,114662,9.607,2159,false,5,2186,2179,7,0,0,2180,36,3.6229,0.0048,0,0
8525,114674,13.005,2160,true,4,2186,2180,6,0,0,2180,33,3.6229,0.0048,0,0
8526,114676,1.975,2160,false,4,2186,2180,6,0,0,2180,33,3.6229,0.0048,0,0
8527,114692,15.458,2160,false,4,2187,2180,7,0,0,2181,33,3.6229,0.0048,0,0
8528,114711,19.681,2161,true,10,2187,2181,6,0,0,2181,28,3.7134,0.002,0,0
8529,114713,2.097,2161,false,10,2187,2181,6,0,0,2181,28,3.7134,0.002,0,0
8530,114723,9.663,2161,false,10,2188,2181,7,0,0,2182,28,3.7134,0.002,0,0
8531,114735,12.019,2162,true,4,2188,2182,6,0,0,2182,27,3.5414,0.0022,0,0
8532,114737,1.944,2162,false,4,2188,2182,6,0,0,2182,27,3.5414,0.0022,0,0
8533,114756,18.219,2162,false,4,2189,2182,7,0,0,2183,27,3.5414,0.0022,0,0
8534,114770,14.194,2163,true,4,2189,2183,6,0,0,2183,31,6.223,0.0023,0,0
8535,114772,2.355,2163,false,4,2189,2183,6,0,0,2183,31,6.223,0.0023,0,0
8536,114794,22.601,2163,false,4,2190,2183,7,0,0,2184,31,3.609,0.0021,0,0
8537,114811,16.372,2164,true,5,2190,2184,6,0,0,2184,31,3.609,0.0021,0,0
8538,114813,2.293,2164,false,5,2190,2184,6,0,0,2184,31,3.609,0.0021,0,0
8539,114818,5.178,2164,false,5,2190,2184,6,0,0,2184,31,3.609,0.0021,0,0
8540,114833,14.943,2164,false,5,2190,2184,6,0,0,2185,31,3.379,0.002,0,0
8541,114840,6.856,2165,true,4,2190,2185,5,0,0,2185,31,3.379,0.002,0,0
8542,114842,1.64,2165,false,4,2190,2185,5,0,0,2185,31,3.379,0.002,0,0
8543,114849,6.822,2165,false,4,2190,2185,5,0,0,2185,31,3.379,0.002,0,0
8544,114865,15.985,2165,false,4,2190,2185,5,0,0,2186,31,3.379,0.002,0,0
8545,114871,6.315,2166,true,4,2190,2186,4,0,0,2186,31,3.4904,0.0023,0,0
8546,114872,1.546,2166,false,4,2190,2186,4,0,0,2186,31,3.4904,0.0023,0,0
8547,114880,7.449,2166,false,4,2190,2186,4,0,0,2186,31,3.4904,0.0023,0,0
8548,114895,15.289,2166,false,4,2190,2186,4,0,0,2187,31,3.4904,0.0023,0,0
8549,114902,6.539,2167,true,4,2190,2187,3,0,0,2187,31,4.6787,0.003,0,0
8550,114903,1.607,2167,false,4,2190,2187,3,0,0,2187,31,4.6787,0.003,0,0
8551,114911,7.869,2167,false,4,2190,2187,3,0,0,2187,31,4.6787,0.003,0,0
8552,114927,15.797,2167,false,4,2190,2187,3,0,0,2187,31,4.6787,0.003,0,0
8553,114935,7.685,2168,true,4,2190,2188,2,0,0,2188,31,3.4344,0.0019,0,0
8554,114936,1.445,2168,false,4,2190,2188,2,0,0,2188,31,3.4344,0.0019,0,0
8555,114943,7.013,2168,false,4,2190,2188,2,0,0,2188,31,3.4344,0.0019,0,0
8556,114959,15.657,2168,false,4,2190,2188,2,0,0,2188,31,3.4344,0.0019,0,0
8557,114961,1.713,2168,false,4,2190,2188,2,0,0,2188,31,3.4344,0.0019,0,0
8558,114974,13.701,2168,false,4,2190,2188,2,0,0,2189,31,3.4344,0.0019,0,0
8559,114983,8.316,2169,true,4,2190,2189,1,0,0,2189,31,3.4344,0.0019,0,0
8560,114984,1.696,2169,false,4,2190,2189,1,0,0,2189,31,3.4344,0.0019,0,0
8561,114989,5.157,2169,false,4,2190,2189,1,0,0,2189,31,3.4344,0.0019,0,0
8562,115004,14.709,2169,false,4,2190,2189,1,0,0,2189,31,3.4344,0.0019,0,0
8563,115006,1.867,2169,false,4,2190,2189,1,0,0,2189,31,3.4344,0.0019,0,0
8564,115019,13.332,2169,false,4,2190,2189,1,0,0,2189,31,3.4344,0.0019,0,0
8565,115021,1.596,2169,false,4,2190,2189,1,0,0,2189,31,3.4344,0.0019,0,0
8566,115035,13.781,2169,false,4,2190,2189,1,0,0,2189,31,3.4344,0.0019,0,0
8567,115036,1.598,2169,false,4,2190,2189,1,0,0,2189,31,3.4344,0.0019,0,0
8568,115051,14.395,2169,false,4,2190,2189,1,0,0,2189,31,3.4344,0.0019,0,0
8569,115052,1.687,2169,false,4,2190,2189,1,0,0,2189,31,3.4344,0.0019,0,0
8570,115066,13.589,2169,false,4,2190,2189,1,0,0,2189,31,3.4344,0.0019,0,0
8571,115067,1.571,2169,false,4,2190,2189,1,0,0,2189,31,3.4344,0.0019,0,0
8572,115081,13.278,2169,false,4,2190,2189,1,0,0,2189,31,3.4344,0.0019,0,0
8573,115082,1.627,2169,false,4,2190,2189,1,0,0,2189,31,3.4344,0.0019,0,0
8574,115097,14.178,2169,false,4,2190,2189,1,0,0,2189,31,3.4344,0.0019,0,0
8575,115098,1.842,2169,false,4,2190,2189,1,0,0,2189,31,3.4344,0.0019,0,0
8576,115112,13.524,2169,false,4,2190,2189,1,0,0,2189,31,3.4344,0.0019,0,0
8577,115114,2.001,2169,false,4,2190,2189,1,0,0,2189,31,3.4344,0.0019,0,0
8578,115128,13.983,2169,false,4,2190,2189,1,0,0,2189,31,3.4344,0.0019,0,0
8579,115130,1.679,2169,false,4,2190,2189,1,0,0,2189,31,3.4344,0.0019,0,0
8580,115142,12.781,2169,false,4,2190,2189,1,0,0,2189,31,3.4344,0.0019,0,0
8581,115144,1.613,2169,false,4,2190,2189,1,0,0,2189,31,3.4344,0.0019,0,0
8582,115158,14.112,2169,false,4,2190,2189,1,0,0,2189,31,3.4344,0.0019,0,0
8583,115160,1.917,2169,false,4,2190,2189,1,0,0,2189,31,3.4344,0.0019,0,0
8584,115174,13.607,2169,false,4,2190,2189,1,0,0,2189,31,3.4344,0.0019,0,0
8585,115175,1.565,2169,false,4,2190,2189,1,0,0,2189,31,3.4344,0.0019,0,0
8586,115190,14.935,2169,false,4,2190,2189,1,0,0,2189,31,3.4344,0.0019,0,0
8587,115192,1.763,2169,false,4,2190,2189,1,0,0,2189,31,3.4344,0.0019,0,0
8588,115205,13.443,2169,false,4,2190,2189,1,0,0,2189,31,3.4344,0.0019,0,0
8589,115207,1.564,2169,false,4,2190,2189,1,0,0,2189,31,3.4344,0.0019,0,0
8590,115221,13.808,2169,false,4,2190,2189,1,0,0,2189,31,3.4344,0.0019,0,0
8591,115222,1.513,2169,false,4,2190,2189,1,0,0,2189,31,3.4344,0.0019,0,0
8592,115236,13.818,2169,false,4,2190,2189,1,0,0,2189,31,3.4344,0.0019,0,0
8593,115238,1.858,2169,false,4,2190,2189,1,0,0,2189,31,3.4344,0.0019,0,0
8594,115252,13.99,2169,false,4,2190,2189,1,0,0,2189,31,3.4344,0.0019,0,0
8595,115254,1.771,2169,false,4,2190,2189,1,0,0,2189,31,3.4344,0.0019,0,0
8596,115267,13.799,2169,false,4,2190,2189,1,0,0,2189,31,3.4344,0.0019,0,0
8597,115269,1.627,2169,false,4,2190,2189,1,0,0,2189,31,3.4344,0.0019,0,0
8598,116283,1013.616,2169,false,4,2190,2189,1,0,0,2189,31,3.4344,0.0019,0,0
8599,116285,2.292,2169,false,4,2190,2189,1,0,0,2189,31,3.4344,0.0019,0,0
8600,116299,14.536,2169,false,4,2191,2189,2,0,0,2189,31,4.9385,0.0023,0,0
8601,116307,7.481,2169,false,4,2192,2189,3,0,0,2189,31,4.9385,0.0023,0,0
8602,116315,7.563,2169,false,4,2193,2189,4,0,0,2189,31,4.9385,0.0023,0,0
8603,116316,1.622,2169,false,4,2193,2189,4,0,0,2189,31,4.9385,0.0023,0,0
8604,116322,5.325,2169,false,4,2193,2189,4,0,0,2189,31,4.9385,0.0023,0,0
8605,116337,15.566,2169,false,4,2193,2189,4,0,0,2190,31,3.6905,0.0018,0,0
8606,116350,13.226,2170,true,4,2194,2190,4,0,0,2190,31,3.6905,0.0018,0,0
8607,116352,1.774,2170,false,4,2194,2190,4,0,0,2190,31,3.6905,0.0018,0,0
8608,116365,13.289,2171,true,4,2195,2191,4,0,0,2191,31,4.492,0.0028,0,0
8609,116367,1.714,2171,false,4,2195,2191,4,0,0,2191,31,4.492,0.0028,0,0
8610,116384,17.172,2171,false,4,2195,2191,4,0,0,2191,31,4.492,0.0028,0,0
8611,116392,7.897,2171,false,4,2196,2191,5,0,0,2191,31,4.492,0.0028,0,0
8612,116394,2.028,2171,false,4,2196,2191,5,0,0,2192,31,4.492,0.0028,0,0
8613,116408,13.923,2172,true,4,2197,2192,5,0,0,2192,31,3.2401,0.0021,0,0
8614,116410,1.906,2172,false,4,2197,2192,5,0,0,2192,31,3.2401,0.0021,0,0
8615,116419,8.633,2172,false,4,2198,2192,6,0,0,2192,31,3.2401,0.0021,0,0
8616,116422,3.216,2172,false,4,2198,2192,6,0,0,2192,31,3.2401,0.0021,0,0
8617,116431,8.984,2172,false,4,2199,2192,7,0,0,2193,31,3.2401,0.0021,0,0
8618,116443,12.277,2173,true,4,2199,2193,6,0,0,2193,26,3.9439,0.0019,0,0
8619,116445,1.843,2173,false,4,2199,2193,6,0,0,2193,26,3.9439,0.0019,0,0
8620,116462,16.898,2173,false,4,2199,2193,6,0,0,2194,26,3.9439,0.0019,0,0
8621,116478,15.797,2174,true,6,2200,2194,6,0,0,2194,26,3.8596,0.0028,0,0
8622,116480,2.288,2174,false,6,2200,2194,6,0,0,2194,26,3.8596,0.0028,0,0
8623,116485,4.595,2174,false,6,2201,2194,7,0,0,2194,26,3.8596,0.0028,0,0
8624,116494,8.775,2174,false,6,2201,2194,7,0,0,2195,25,3.8596,0.0028,0,0
8625,116506,12.905,2175,true,4,2201,2195,6,0,0,2195,37,6.4404,0.0033,0,0
8626,116508,2.074,2175,false,4,2201,2195,6,0,0,2195,37,6.4404,0.0033,0,0
8627,116513,4.841,2175,false,4,2202,2195,7,0,0,2195,37,6.4404,0.0033,0,0
8628,116524,10.478,2175,false,4,2202,2195,7,0,0,2195,26,6.4404,0.0033,0,0
8629,116527,3.303,2175,false,4,2202,2195,7,0,0,2195,36,6.4404,0.0033,0,0
8630,116538,11.501,2176,true,3,2202,2196,6,0,0,2196,19,3.1413,0.0018,0,0
8631,116541,2.479,2176,false,3,2202,2196,6,0,0,2196,19,3.1413,0.0018,0,0
8632,116556,14.617,2176,false,3,2202,2196,6,0,0,2196,19,3.1413,0.0018,0,0
8633,116559,3.316,2176,false,3,2203,2196,7,0,0,2196,19,3.1413,0.0018,0,0
8634,116562,3.536,2176,false,3,2203,2196,7,0,0,2197,24,3.1413,0.0018,0,0
8635,116574,11.129,2177,true,3,2203,2197,6,0,0,2197,18,3.2097,0.002,0,0
8636,116576,2.808,2177,false,3,2203,2197,6,0,0,2197,18,3.2097,0.002,0,0
8637,116587,10.857,2177,false,3,2203,2197,6,0,0,2197,18,3.2097,0.002,0,0
8638,116591,3.448,2177,false,3,2204,2197,7,0,0,2197,18,3.2097,0.002,0,0
8639,116603,12.401,2177,false,3,2204,2197,7,0,0,2198,25,3.3119,0.0015,0,0
8640,116618,14.514,2178,true,4,2204,2198,6,0,0,2198,24,3.3119,0.0015,0,0
8641,116620,2.306,2178,false,4,2204,2198,6,0,0,2198,24,3.3119,0.0015,0,0
8642,116633,13.303,2178,false,4,2204,2198,6,0,0,2199,24,3.265,0.0022,0,0
8643,116647,13.43,2179,true,3,2205,2199,6,0,0,2199,24,3.265,0.0022,0,0
8644,116649,2.425,2179,false,3,2205,2199,6,0,0,2199,24,3.265,0.0022,0,0
8645,116653,4.463,2179,false,3,2206,2199,7,0,0,2199,24,3.265,0.0022,0,0
8646,116665,11.155,2179,false,3,2206,2199,7,0,0,2200,24,3.265,0.0022,0,0
8647,116676,11.454,2180,true,4,2206,2200,6,0,0,2200,28,3.8054,0.0043,0,0
8648,116678,1.709,2180,false,4,2206,2200,6,0,0,2200,28,3.8054,0.0043,0,0
8649,116696,17.267,2180,false,4,2206,2200,6,0,0,2200,28,3.8054,0.0043,0,0
8650,116713,17.981,2181,true,5,2207,2201,6,0,0,2201,28,6.2825,0.0031,0,0
8651,116716,3.123,2181,false,5,2208,2201,7,0,0,2201,28,6.2825,0.0031,0,0
8652,116720,3.779,2181,false,5,2208,2201,7,0,0,2201,25,6.2825,0.0031,0,0
8653,116727,6.865,2181,false,5,2208,2201,7,0,0,2201,21,6.2825,0.0031,0,0
8654,116742,14.821,2181,false,5,2208,2201,7,0,0,2202,25,3.3242,0.002,0,0
8655,116754,11.914,2182,true,4,2208,2202,6,0,0,2202,22,3.3242,0.002,0,0
8656,116755,1.857,2182,false,4,2208,2202,6,0,0,2202,22,3.3242,0.002,0,0
8657,116772,16.866,2182,false,4,2209,2202,7,0,0,2203,22,3.3242,0.002,0,0
8658,116784,12.046,2183,true,4,2209,2203,6,0,0,2203,26,4.8493,0.002,0,0
8659,116786,1.719,2183,false,4,2209,2203,6,0,0,2203,26,4.8493,0.002,0,0
8660,116804,17.911,2183,false,4,2210,2203,7,0,0,2204,26,4.8493,0.002,0,0
8661,116822,17.635,2184,true,7,2210,2204,6,0,0,2204,25,3.3692,0.0018,0,0
8662,116824,2.413,2184,false,7,2211,2204,7,0,0,2204,25,3.3692,0.0018,0,0
8663,116835,11.231,2184,false,7,2211,2204,7,0,0,2204,45,3.3692,0.0018,0,0
8664,116847,12.219,2185,true,4,2211,2205,6,0,0,2205,27,3.405,0.002,0,0
8665,116849,1.796,2185,false,4,2211,2205,6,0,0,2205,27,3.405,0.002,0,0
8666,116866,16.223,2185,false,4,2212,2205,7,0,0,2205,27,3.405,0.002,0,0
8667,116868,2.688,2185,false,4,2212,2205,7,0,0,2205,29,3.405,0.002,0,0
8668,116882,14.061,2186,true,5,2212,2206,6,0,0,2206,19,4.3777,0.0026,0,0
8669,116884,1.924,2186,false,5,2212,2206,6,0,0,2206,19,4.3777,0.0026,0,0
8670,116896,12.004,2186,false,5,2213,2206,7,0,0,2206,19,4.3777,0.0026,0,0
8671,116898,2.387,2186,false,5,2213,2206,7,0,0,2206,28,4.3777,0.0026,0,0
8672,116912,12.982,2186,false,5,2213,2206,7,0,0,2207,17,4.7531,0.002,0,0
8673,116926,14.421,2187,true,4,2213,2207,6,0,0,2207,24,4.7531,0.002,0,0
8674,116928,2.153,2187,false,4,2213,2207,6,0,0,2207,24,4.7531,0.002,0,0
8675,116943,14.683,2187,false,4,2214,2207,7,0,0,2208,24,3.311,0.003,0,0
8676,116956,13.384,2188,true,4,2214,2208,6,0,0,2208,29,3.311,0.003,0,0
8677,116959,3.155,2188,false,4,2214,2208,6,0,0,2208,29,3.311,0.003,0,0
8678,116963,3.75,2188,false,4,2215,2208,7,0,0,2208,29,3.311,0.003,0,0
8679,116974,10.452,2188,false,4,2215,2208,7,0,0,2209,31,3.311,0.003,0,0
8680,116986,12.468,2189,true,4,2215,2209,6,0,0,2209,30,3.5645,0.0023,0,0
8681,116988,2.15,2189,false,4,2215,2209,6,0,0,2209,30,3.5645,0.0023,0,0
8682,117005,16.348,2189,false,4,2215,2209,6,0,0,2209,30,3.5645,0.0023,0,0
8683,117020,15.412,2190,true,5,2216,2210,6,0,0,2210,30,4.1831,0.0023,0,0
8684,117022,2.303,2190,false,5,2216,2210,6,0,0,2210,30,4.1831,0.0023,0,0
8685,117035,12.351,2190,false,5,2217,2210,7,0,0,2210,30,4.1831,0.0023,0,0
8686,117038,3.204,2190,false,5,2217,2210,7,0,0,2210,37,4.1831,0.0023,0,0
8687,117041,3.576,2190,false,5,2217,2210,7,0,0,2210,24,4.1831,0.0023,0,0
8688,117051,9.303,2190,false,5,2217,2210,7,0,0,2211,22,4.1831,0.0023,0,0
8689,117072,21.619,2191,true,10,2217,2211,6,0,0,2211,33,6.0018,0.0052,0,0
8690,117074,2.172,2191,false,10,2217,2211,6,0,0,2211,33,6.0018,0.0052,0,0
8691,117081,6.64,2191,false,10,2218,2211,7,0,0,2211,33,6.0018,0.0052,0,0
8692,117094,12.6,2192,true,4,2218,2212,6,0,0,2212,30,3.3813,0.0022,0,0
8693,117096,1.953,2192,false,4,2218,2212,6,0,0,2212,30,3.3813,0.0022,0,0
8694,117112,16.464,2192,false,4,2219,2212,7,0,0,2212,30,3.3813,0.0022,0,0
8695,117124,11.992,2193,true,4,2219,2213,6,0,0,2213,28,4.4883,0.0025,0,0
8696,117126,1.943,2193,false,4,2219,2213,6,0,0,2213,28,4.4883,0.0025,0,0
8697,117143,16.5,2193,false,4,2219,2213,6,0,0,2213,28,4.4883,0.0025,0,0
8698,117146,3.124,2193,false,4,2220,2213,7,0,0,2213,28,4.4883,0.0025,0,0
8699,117157,11.863,2194,true,4,2220,2214,6,0,0,2214,26,3.3604,0.0021,0,0
8700,117160,2.363,2194,false,4,2220,2214,6,0,0,2214,26,3.3604,0.0021,0,0
8701,117174,13.713,2194,false,4,2221,2214,7,0,0,2214,26,3.3604,0.0021,0,0
8702,117176,2.484,2194,false,4,2221,2214,7,0,0,2214,28,3.3604,0.0021,0,0
8703,117189,12.728,2194,false,4,2221,2214,7,0,0,2215,16,3.3382,0.0024,0,0
8704,117203,13.971,2195,true,4,2221,2215,6,0,0,2215,24,3.3382,0.0024,0,0
8705,117205,2.428,2195,false,4,2221,2215,6,0,0,2215,24,3.3382,0.0024,0,0
8706,117219,13.895,2195,false,4,2222,2215,7,0,0,2216,24,3.9716,0.002,0,0
8707,117232,12.719,2196,true,4,2222,2216,6,0,0,2216,32,3.9716,0.002,0,0
8708,117234,2.054,2196,false,4,2222,2216,6,0,0,2216,32,3.9716,0.002,0,0
8709,117239,4.803,2196,false,4,2223,2216,7,0,0,2216,32,3.9716,0.002,0,0
8710,117251,12.125,2196,false,4,2223,2216,7,0,0,2217,27,3.6221,0.002,0,0
8711,117264,13.371,2197,true,4,2223,2217,6,0,0,2217,31,3.6221,0.002,0,0
8712,117266,1.97,2197,false,4,2223,2217,6,0,0,2217,31,3.6221,0.002,0,0
8713,117281,14.829,2197,false,4,2223,2217,6,0,0,2218,31,3.6221,0.002,0,0
8714,117294,13.548,2198,true,4,2224,2218,6,0,0,2218,31,3.9328,0.0026,0,0
8715,117297,2.18,2198,false,4,2224,2218,6,0,0,2218,31,3.9328,0.0026,0,0
8716,117312,14.8,2198,false,4,2225,2218,7,0,0,2218,31,3.9328,0.0026,0,0
8717,117318,6.904,2199,true,4,2225,2219,6,0,0,2219,34,6.1066,0.0023,0,0
8718,117326,7.696,2199,false,4,2225,2219,6,0,0,2219,23,6.1066,0.0023,0,0
8719,117328,1.955,2199,false,4,2225,2219,6,0,0,2219,23,6.1066,0.0023,0,0
8720,117343,14.387,2199,false,4,2226,2219,7,0,0,2219,23,6.1066,0.0023,0,0
8721,117345,2.54,2199,false,4,2226,2219,7,0,0,2219,31,6.1066,0.0023,0,0
8722,117358,13.025,2199,false,4,2226,2219,7,0,0,2220,20,3.1836,0.0021,0,0
8723,117373,14.76,2200,true,5,2226,2220,6,0,0,2220,25,3.1836,0.0021,0,0
8724,117375,2.319,2200,false,5,2226,2220,6,0,0,2220,25,3.1836,0.0021,0,0
8725,117389,13.986,2200,false,5,2227,2220,7,0,0,2221,25,3.6922,0.0022,0,0
8726,117401,12.258,2201,true,4,2227,2221,6,0,0,2221,27,3.6922,0.0022,0,0
8727,117403,1.993,2201,false,4,2227,2221,6,0,0,2221,27,3.6922,0.0022,0,0
8728,117420,16.236,2201,false,4,2228,2221,7,0,0,2222,27,3.6922,0.0022,0,0
8729,117433,13.235,2202,true,4,2228,2222,6,0,0,2222,28,3.3447,0.003,0,0
8730,117435,1.958,2202,false,4,2228,2222,6,0,0,2222,28,3.3447,0.003,0,0
8731,117450,15.722,2202,false,4,2229,2222,7,0,0,2223,28,3.3447,0.003,0,0
8732,117469,18.723,2203,true,6,2229,2223,6,0,0,2223,26,3.3625,0.0025,0,0
8733,117472,2.843,2203,false,6,2230,2223,7,0,0,2223,26,3.3625,0.0025,0,0
8734,117482,10.175,2203,false,6,2230,2223,7,0,0,2223,25,3.3625,0.0025,0,0
8735,117495,12.496,2204,true,4,2230,2224,6,0,0,2224,22,3.4989,0.0025,0,0
8736,117497,1.986,2204,false,4,2230,2224,6,0,0,2224,22,3.4989,0.0025,0,0
8737,117514,16.987,2204,false,4,2231,2224,7,0,0,2224,22,3.4989,0.0025,0,0
8738,117516,2.495,2204,false,4,2231,2224,7,0,0,2224,29,3.4989,0.0025,0,0
8739,117529,13.161,2204,false,4,2231,2224,7,0,0,2225,17,4.383,0.0016,0,0
8740,117541,11.865,2205,true,4,2231,2225,6,0,0,2225,23,4.383,0.0016,0,0
8741,117543,1.743,2205,false,4,2231,2225,6,0,0,2225,23,4.383,0.0016,0,0
8742,117561,18.185,2205,false,4,2232,2225,7,0,0,2226,23,3.191,0.0019,0,0
8743,117574,12.623,2206,true,3,2232,2226,6,0,0,2226,24,3.191,0.0019,0,0
8744,117575,1.803,2206,false,3,2232,2226,6,0,0,2226,24,3.191,0.0019,0,0
8745,117592,16.148,2206,false,3,2233,2226,7,0,0,2227,24,4.5903,0.0025,0,0
8746,117604,11.973,2207,true,3,2233,2227,6,0,0,2227,23,4.5903,0.0025,0,0
8747,117605,1.862,2207,false,3,2233,2227,6,0,0,2227,23,4.5903,0.0025,0,0
8748,117624,17.829,2207,false,3,2234,2227,7,0,0,2228,23,3.1978,0.0014,0,0
8749,117635,12.068,2208,true,3,2234,2228,6,0,0,2228,26,3.1978,0.0014,0,0
8750,117637,1.74,2208,false,3,2234,2228,6,0,0,2228,26,3.1978,0.0014,0,0
8751,117655,17.918,2208,false,3,2235,2228,7,0,0,2229,26,3.1293,0.002,0,0
8752,117667,12.393,2209,true,3,2235,2229,6,0,0,2229,23,3.1293,0.002,0,0
8753,117669,1.795,2209,false,3,2235,2229,6,0,0,2229,23,3.1293,0.002,0,0
8754,117686,16.575,2209,false,3,2236,2229,7,0,0,2230,23,3.5134,0.0019,0,0
8755,117698,11.935,2210,true,3,2236,2230,6,0,0,2230,26,3.5134,0.0019,0,0
8756,117699,1.799,2210,false,3,2236,2230,6,0,0,2230,26,3.5134,0.0019,0,0
8757,117717,17.065,2210,false,3,2237,2230,7,0,0,2231,26,3.5134,0.0019,0,0
8758,117730,13.412,2211,true,4,2237,2231,6,0,0,2231,35,5.9628,0.0025,0,0
8759,117732,2.166,2211,false,4,2237,2231,6,0,0,2231,35,5.9628,0.0025,0,0
8760,117747,14.678,2211,false,4,2238,2231,7,0,0,2231,35,5.9628,0.0025,0,0
8761,117749,2.306,2211,false,4,2238,2231,7,0,0,2231,28,5.9628,0.0025,0,0
8762,117763,13.321,2211,false,4,2238,2231,7,0,0,2232,16,3.484,0.0027,0,0
8763,117775,12.265,2212,true,4,2238,2232,6,0,0,2232,30,3.484,0.0027,0,0
8764,117778,2.523,2212,false,4,2238,2232,6,0,0,2232,30,3.484,0.0027,0,0
8765,117782,4.365,2212,false,4,2239,2232,7,0,0,2232,30,3.484,0.0027,0,0
8766,117793,11.341,2212,false,4,2239,2232,7,0,0,2233,25,3.4355,0.0025,0,0
8767,117805,11.897,2213,true,4,2239,2233,6,0,0,2233,22,3.4355,0.0025,0,0
8768,117807,1.818,2213,false,4,2239,2233,6,0,0,2233,22,3.4355,0.0025,0,0
8769,117824,17.155,2213,false,4,2239,2233,6,0,0,2234,22,3.4266,0.0018,0,0
8770,117845,20.951,2214,true,4,2240,2234,6,0,0,2234,22,3.4266,0.0018,0,0
8771,117847,2.306,2214,false,4,2241,2234,7,0,0,2234,22,3.4266,0.0018,0,0
8772,117855,7.572,2214,false,4,2241,2234,7,0,0,2235,24,3.4266,0.0018,0,0
8773,117866,11.55,2215,true,4,2241,2235,6,0,0,2235,24,4.6782,0.0019,0,0
8774,117868,1.867,2215,false,4,2241,2235,6,0,0,2235,24,4.6782,0.0019,0,0
8775,117886,17.496,2215,false,4,2242,2235,7,0,0,2236,24,4.6782,0.0019,0,0
8776,117897,11.89,2216,true,4,2242,2236,6,0,0,2236,27,3.4615,0.0023,0,0
8777,117899,2.043,2216,false,4,2242,2236,6,0,0,2236,27,3.4615,0.0023,0,0
8778,117917,17.371,2216,false,4,2242,2236,6,0,0,2236,27,3.4615,0.0023,0,0
8779,117930,13.232,2217,true,4,2243,2237,6,0,0,2237,27,4.9129,0.0032,0,0
8780,117932,1.912,2217,false,4,2243,2237,6,0,0,2237,27,4.9129,0.0032,0,0
8781,117949,16.551,2217,false,4,2244,2237,7,0,0,2237,27,4.9129,0.0032,0,0
8782,117951,2.489,2217,false,4,2244,2237,7,0,0,2237,28,4.9129,0.0032,0,0
8783,117964,12.564,2217,false,4,2244,2237,7,0,0,2238,17,3.4242,0.0023,0,0
8784,117978,14.122,2218,true,5,2244,2238,6,0,0,2238,28,3.4242,0.0023,0,0
8785,117980,2.316,2218,false,5,2244,2238,6,0,0,2238,28,3.4242,0.0023,0,0
8786,117995,15.028,2218,false,5,2245,2238,7,0,0,2239,28,3.2871,0.0022,0,0
8787,118010,14.388,2219,true,4,2245,2239,6,0,0,2239,27,3.2871,0.0022,0,0
8788,118012,2.897,2219,false,4,2246,2239,7,0,0,2239,27,3.2871,0.0022,0,0
8789,118026,13.194,2219,false,4,2246,2239,7,0,0,2240,27,3.3155,0.0021,0,0
8790,118037,11.802,2220,true,3,2246,2240,6,0,0,2240,22,3.3155,0.0021,0,0
8791,118039,1.842,2220,false,3,2246,2240,6,0,0,2240,22,3.3155,0.0021,0,0
8792,118056,16.57,2220,false,3,2247,2240,7,0,0,2241,22,3.4254,0.002,0,0
8793,118069,12.742,2221,true,3,2247,2241,6,0,0,2241,23,3.4254,0.002,0,0
8794,118071,2.055,2221,false,3,2247,2241,6,0,0,2241,23,3.4254,0.002,0,0
8795,118087,16.424,2221,false,3,2248,2241,7,0,0,2242,23,3.293,0.0021,0,0
8796,118103,16.406,2222,true,6,2248,2242,6,0,0,2242,24,3.293,0.0021,0,0
8797,118105,1.921,2222,false,6,2248,2242,6,0,0,2242,24,3.293,0.0021,0,0
8798,118117,11.694,2222,false,6,2249,2242,7,0,0,2243,24,3.293,0.0021,0,0
8799,118129,11.963,2223,true,3,2249,2243,6,0,0,2243,30,6.7442,0.0021,0,0
8800,118131,1.847,2223,false,3,2249,2243,6,0,0,2243,30,6.7442,0.0021,0,0
8801,118148,16.405,2223,false,3,2250,2243,7,0,0,2243,30,6.7442,0.0021,0,0
8802,118150,2.71,2223,false,3,2250,2243,7,0,0,2243,28,6.7442,0.0021,0,0
8803,118161,11.372,2224,true,3,2250,2244,6,0,0,2244,34,3.5276,0.0022,0,0
8804,118164,2.177,2224,false,3,2250,2244,6,0,0,2244,34,3.5276,0.0022,0,0
8805,118178,14.466,2224,false,3,2250,2244,6,0,0,2244,34,3.5276,0.0022,0,0
8806,118181,2.996,2224,false,3,2251,2244,7,0,0,2244,34,3.5276,0.0022,0,0
8807,118193,11.89,2225,true,4,2251,2245,6,0,0,2245,25,3.6719,0.002,0,0
8808,118195,2.444,2225,false,4,2252,2245,7,0,0,2245,25,3.6719,0.002,0,0
8809,118210,14.059,2225,false,4,2252,2245,7,0,0,2245,22,3.6719,0.002,0,0
8810,118212,2.457,2225,false,4,2252,2245,7,0,0,2245,29,3.6719,0.002,0,0
8811,118225,12.315,2225,false,4,2252,2245,7,0,0,2246,15,3.5246,0.0019,0,0
8812,118237,13.012,2226,true,4,2252,2246,6,0,0,2246,25,3.5246,0.0019,0,0
8813,118239,1.744,2226,false,4,2252,2246,6,0,0,2246,25,3.5246,0.0019,0,0
8814,118255,16.224,2226,false,4,2252,2246,6,0,0,2247,25,3.3735,0.0026,0,0
8815,118269,13.497,2227,true,4,2253,2247,6,0,0,2247,25,3.3735,0.0026,0,0
8816,118271,1.992,2227,false,4,2253,2247,6,0,0,2247,25,3.3735,0.0026,0,0
8817,118286,15.269,2227,false,4,2254,2247,7,0,0,2248,25,3.1423,0.0016,0,0
8818,118298,11.764,2228,true,3,2254,2248,6,0,0,2248,23,3.1423,0.0016,0,0
8819,118299,1.844,2228,false,3,2254,2248,6,0,0,2248,23,3.1423,0.0016,0,0
8820,118317,17.343,2228,false,3,2255,2248,7,0,0,2249,23,4.3466,0.002,0,0
8821,118328,11.21,2229,true,3,2255,2249,6,0,0,2249,26,4.3466,0.002,0,0
8822,118330,1.628,2229,false,3,2255,2249,6,0,0,2249,26,4.3466,0.002,0,0
8823,118348,18.542,2229,false,3,2256,2249,7,0,0,2250,26,4.3466,0.002,0,0
8824,118360,11.788,2230,true,3,2256,2250,6,0,0,2250,26,3.587,0.0019,0,0
8825,118362,1.629,2230,false,3,2256,2250,6,0,0,2250,26,3.587,0.0019,0,0
8826,118380,18.214,2230,false,3,2257,2250,7,0,0,2250,26,3.587,0.0019,0,0
8827,118392,11.858,2231,true,4,2257,2251,6,0,0,2251,27,4.7581,0.0024,0,0
8828,118393,1.755,2231,false,4,2257,2251,6,0,0,2251,27,4.7581,0.0024,0,0
8829,118411,17.879,2231,false,4,2258,2251,7,0,0,2251,27,4.7581,0.0024,0,0
8830,118415,3.49,2231,false,4,2258,2251,7,0,0,2252,33,4.7581,0.0024,0,0
8831,118426,10.911,2232,true,3,2258,2252,6,0,0,2252,18,3.1736,0.0019,0,0
8832,118428,1.874,2232,false,3,2258,2252,6,0,0,2252,18,3.1736,0.0019,0,0
8833,118443,14.931,2232,false,3,2259,2252,7,0,0,2252,18,3.1736,0.0019,0,0
8834,118445,2.664,2232,false,3,2259,2252,7,0,0,2252,29,3.1736,0.0019,0,0
8835,118458,12.704,2232,false,3,2259,2252,7,0,0,2253,16,3.4952,0.0028,0,0
8836,118471,13.006,2233,true,4,2259,2253,6,0,0,2253,27,3.4952,0.0028,0,0
8837,118473,1.7,2233,false,4,2259,2253,6,0,0,2253,27,3.4952,0.0028,0,0
8838,118489,16.131,2233,false,4,2260,2253,7,0,0,2254,27,3.3586,0.002,0,0
8839,118501,12.514,2234,true,4,2260,2254,6,0,0,2254,22,3.3586,0.002,0,0
8840,118503,1.794,2234,false,4,2260,2254,6,0,0,2254,22,3.3586,0.002,0,0
8841,118519,16.343,2234,false,4,2261,2254,7,0,0,2255,22,3.3586,0.002,0,0
8842,118534,14.644,2235,true,6,2261,2255,6,0,0,2255,26,6.0529,0.0023,0,0
8843,118537,2.952,2235,false,6,2261,2255,6,0,0,2255,26,6.0529,0.0023,0,0
8844,118541,3.94,2235,false,6,2262,2255,7,0,0,2255,26,6.0529,0.0023,0,0
8845,118550,8.814,2235,false,6,2262,2255,7,0,0,2256,23,6.0529,0.0023,0,0
8846,118562,11.96,2236,true,4,2262,2256,6,0,0,2256,24,4.1604,0.0019,0,0
8847,118563,1.735,2236,false,4,2262,2256,6,0,0,2256,24,4.1604,0.0019,0,0
8848,118581,17.47,2236,false,4,2262,2256,6,0,0,2256,24,4.1604,0.0019,0,0
8849,118601,19.897,2237,true,3,2263,2257,6,0,0,2257,24,3.5326,0.002,0,0
8850,118603,2.289,2237,false,3,2263,2257,6,0,0,2257,24,3.5326,0.002,0,0
8851,118611,7.4,2237,false,3,2264,2257,7,0,0,2257,24,3.5326,0.002,0,0
8852,118615,4.128,2237,false,3,2264,2257,7,0,0,2257,26,3.5326,0.002,0,0
8853,118626,11.82,2238,true,4,2264,2258,6,0,0,2258,17,3.3915,0.0019,0,0
8854,118628,1.952,2238,false,4,2264,2258,6,0,0,2258,17,3.3915,0.0019,0,0
8855,118641,12.814,2238,false,4,2265,2258,7,0,0,2258,17,3.3915,0.0019,0,0
8856,118644,2.528,2238,false,4,2265,2258,7,0,0,2258,28,3.3915,0.0019,0,0
8857,118657,13.499,2238,false,4,2265,2258,7,0,0,2259,18,4.3591,0.0019,0,0
8858,118669,11.894,2239,true,3,2265,2259,6,0,0,2259,22,4.3591,0.0019,0,0
8859,118671,1.757,2239,false,3,2265,2259,6,0,0,2259,22,4.3591,0.0019,0,0
8860,118689,17.768,2239,false,3,2265,2259,6,0,0,2260,22,3.8109,0.0033,0,0
8861,118702,12.879,2240,true,4,2266,2260,6,0,0,2260,22,3.8109,0.0033,0,0
8862,118703,1.846,2240,false,4,2266,2260,6,0,0,2260,22,3.8109,0.0033,0,0
8863,118720,15.975,2240,false,4,2267,2260,7,0,0,2261,22,4.5665,0.0026,0,0
8864,118733,13.628,2241,true,4,2267,2261,6,0,0,2261,34,4.5665,0.0026,0,0
8865,118735,2.377,2241,false,4,2267,2261,6,0,0,2261,34,4.5665,0.0026,0,0
8866,118740,4.478,2241,false,4,2268,2261,7,0,0,2261,34,4.5665,0.0026,0,0
8867,118751,10.525,2241,false,4,2268,2261,7,0,0,2262,25,3.2561,0.0017,0,0
8868,118763,12.27,2242,true,4,2268,2262,6,0,0,2262,31,3.2561,0.0017,0,0
8869,118765,2.077,2242,false,4,2268,2262,6,0,0,2262,31,3.2561,0.0017,0,0
8870,118781,16.401,2242,false,4,2269,2262,7,0,0,2263,31,3.2561,0.0017,0,0
8871,118794,13.066,2243,true,4,2269,2263,6,0,0,2263,27,4.0131,0.0036,0,0
8872,118796,1.792,2243,false,4,2269,2263,6,0,0,2263,27,4.0131,0.0036,0,0
8873,118812,16.322,2243,false,4,2270,2263,7,0,0,2264,27,4.0131,0.0036,0,0
8874,118824,12.146,2244,true,4,2270,2264,6,0,0,2264,31,3.3591,0.004,0,0
8875,118826,1.769,2244,false,4,2270,2264,6,0,0,2264,31,3.3591,0.004,0,0
8876,118844,17.315,2244,false,4,2271,2264,7,0,0,2265,31,3.3591,0.004,0,0
8877,118855,11.944,2245,true,3,2271,2265,6,0,0,2265,29,3.5834,0.0019,0,0
8878,118857,1.782,2245,false,3,2271,2265,6,0,0,2265,29,3.5834,0.0019,0,0
8879,118875,17.122,2245,false,3,2272,2265,7,0,0,2265,29,3.5834,0.0019,0,0
8880,118886,11.843,2246,true,3,2272,2266,6,0,0,2266,26,3.3622,0.0018,0,0
8881,118888,1.754,2246,false,3,2272,2266,6,0,0,2266,26,3.3622,0.0018,0,0
8882,118905,16.924,2246,false,3,2273,2266,7,0,0,2266,26,3.3622,0.0018,0,0
8883,118912,7.086,2247,true,4,2273,2267,6,0,0,2267,28,3.3622,0.0018,0,0
8884,118919,6.773,2247,false,4,2273,2267,6,0,0,2267,22,6.1618,0.0025,0,0
8885,118921,1.92,2247,false,4,2273,2267,6,0,0,2267,22,6.1618,0.0025,0,0
8886,118936,15.129,2247,false,4,2274,2267,7,0,0,2267,22,6.1618,0.0025,0,0
8887,118938,2.467,2247,false,4,2274,2267,7,0,0,2267,29,6.1618,0.0025,0,0
8888,118952,13.89,2247,false,4,2274,2267,7,0,0,2268,15,3.3323,0.0029,0,0
8889,118966,13.386,2248,true,4,2274,2268,6,0,0,2268,23,3.3323,0.0029,0,0
8890,118967,1.75,2248,false,4,2274,2268,6,0,0,2268,23,3.3323,0.0029,0,0
8891,118984,16.111,2248,false,4,2275,2268,7,0,0,2269,23,3.3992,0.0022,0,0
8892,118999,15.084,2249,true,5,2275,2269,6,0,0,2269,35,3.3992,0.0022,0,0
8893,119000,1.835,2249,false,5,2275,2269,6,0,0,2269,35,3.3992,0.0022,0,0
8894,119014,13.628,2249,false,5,2276,2269,7,0,0,2270,35,3.9952,0.0028,0,0
8895,119028,14.503,2250,true,5,2276,2270,6,0,0,2270,48,3.9952,0.0028,0,0
8896,119031,2.419,2250,false,5,2276,2270,6,0,0,2270,48,3.9952,0.0028,0,0
8897,119035,4.457,2250,false,5,2277,2270,7,0,0,2270,48,3.9952,0.0028,0,0
8898,119045,9.536,2250,false,5,2277,2270,7,0,0,2270,27,3.9952,0.0028,0,0
8899,119058,12.679,2251,true,4,2277,2271,6,0,0,2271,22,3.4622,0.0023,0,0
8900,119060,2.082,2251,false,4,2277,2271,6,0,0,2271,22,3.4622,0.0023,0,0
8901,119076,15.907,2251,false,4,2277,2271,6,0,0,2271,22,3.4622,0.0023,0,0
8902,119078,2.886,2251,false,4,2278,2271,7,0,0,2272,22,3.4622,0.0023,0,0
8903,119090,11.601,2252,true,4,2278,2272,6,0,0,2272,25,3.4358,0.0017,0,0
8904,119093,2.573,2252,false,4,2278,2272,6,0,0,2272,25,3.4358,0.0017,0,0
8905,119097,4.323,2252,false,4,2279,2272,7,0,0,2272,25,3.4358,0.0017,0,0
8906,119106,9.319,2252,false,4,2279,2272,7,0,0,2272,23,3.4358,0.0017,0,0
8907,119111,4.518,2252,false,4,2279,2272,7,0,0,2273,23,3.4358,0.0017,0,0
8908,119123,11.752,2253,true,3,2279,2273,6,0,0,2273,18,4.4333,0.0018,0,0
8909,119125,2.007,2253,false,3,2279,2273,6,0,0,2273,18,4.4333,0.0018,0,0
8910,119138,12.812,2253,false,3,2279,2273,6,0,0,2273,18,4.4333,0.0018,0,0
8911,119141,3.536,2253,false,3,2280,2273,7,0,0,2273,18,4.4333,0.0018,0,0
8912,119153,12.406,2253,false,3,2280,2273,7,0,0,2274,23,3.2806,0.0019,0,0
8913,119164,11.258,2254,true,3,2280,2274,6,0,0,2274,20,3.2806,0.0019,0,0
8914,119166,1.654,2254,false,3,2280,2274,6,0,0,2274,20,3.2806,0.0019,0,0
8915,119186,19.313,2254,false,3,2280,2274,6,0,0,2275,20,4.6211,0.002,0,0
8916,119198,12.55,2255,true,3,2281,2275,6,0,0,2275,20,4.6211,0.002,0,0
8917,119207,9.233,2255,false,3,2282,2275,7,0,0,2275,20,4.6211,0.002,0,0
8918,119209,1.895,2255,false,3,2282,2275,7,0,0,2275,23,4.6211,0.002,0,0
8919,119221,11.987,2256,true,4,2282,2276,6,0,0,2276,16,3.4022,0.002,0,0
8920,119223,1.927,2256,false,4,2282,2276,6,0,0,2276,16,3.4022,0.002,0,0
8921,119232,8.486,2256,false,4,2282,2276,6,0,0,2276,16,3.4022,0.002,0,0
8922,119235,3.417,2256,false,4,2283,2276,7,0,0,2276,16,3.4022,0.002,0,0
8923,119248,12.024,2256,false,4,2283,2276,7,0,0,2277,31,3.4022,0.002,0,0
8924,119260,13.074,2257,true,4,2283,2277,6,0,0,2277,31,4.0876,0.0032,0,0
8925,119262,1.868,2257,false,4,2283,2277,6,0,0,2277,31,4.0876,0.0032,0,0
8926,119278,15.489,2257,false,4,2284,2277,7,0,0,2278,31,4.0876,0.0032,0,0
8927,119289,11.72,2258,true,3,2284,2278,6,0,0,2278,26,3.68,0.0023,0,0
8928,119291,1.811,2258,false,3,2284,2278,6,0,0,2278,26,3.68,0.0023,0,0
8929,119308,17.179,2258,false,3,2284,2278,6,0,0,2278,26,3.68,0.0023,0,0
8930,119321,13.329,2259,true,3,2285,2279,6,0,0,2279,26,4.8354,0.0021,0,0
8931,119324,2.667,2259,false,3,2286,2279,7,0,0,2279,26,4.8354,0.0021,0,0
8932,119339,15.041,2259,false,3,2286,2279,7,0,0,2279,21,4.8354,0.0021,0,0
8933,119342,2.503,2259,false,3,2286,2279,7,0,0,2279,28,4.8354,0.0021,0,0
8934,119353,11.428,2260,true,4,2286,2280,6,0,0,2280,17,3.3056,0.0021,0,0
8935,119355,2.425,2260,false,4,2286,2280,6,0,0,2280,17,3.3056,0.0021,0,0
8936,119370,14.291,2260,false,4,2286,2280,6,0,0,2280,17,3.3056,0.0021,0,0
8937,119373,2.996,2260,false,4,2287,2280,7,0,0,2280,17,3.3056,0.0021,0,0
8938,119385,12.35,2260,false,4,2287,2280,7,0,0,2281,25,3.738,0.0017,0,0
8939,119399,13.855,2261,true,4,2287,2281,6,0,0,2281,38,3.738,0.0017,0,0
8940,119401,2.089,2261,false,4,2287,2281,6,0,0,2281,38,3.738,0.0017,0,0
8941,119406,4.804,2261,false,4,2288,2281,7,0,0,2281,38,3.738,0.0017,0,0
8942,119417,11.224,2261,false,4,2288,2281,7,0,0,2282,26,3.4216,0.0025,0,0
8943,119429,12.231,2262,true,4,2288,2282,6,0,0,2282,23,3.4216,0.0025,0,0
8944,119431,1.934,2262,false,4,2288,2282,6,0,0,2282,23,3.4216,0.0025,0,0
8945,119436,4.964,2262,false,4,2289,2282,7,0,0,2282,23,3.4216,0.0025,0,0
8946,119449,12.039,2262,false,4,2289,2282,7,0,0,2283,28,4.5579,0.0025,0,0
8947,119462,13.236,2263,true,4,2289,2283,6,0,0,2283,27,4.5579,0.0025,0,0
8948,119465,2.81,2263,false,4,2289,2283,6,0,0,2283,27,4.5579,0.0025,0,0
8949,119469,4.096,2263,false,4,2289,2283,6,0,0,2283,27,4.5579,0.0025,0,0
8950,119479,10.564,2263,false,4,2290,2283,7,0,0,2284,27,4.5579,0.0025,0,0
8951,119492,13.006,2264,true,4,2290,2284,6,0,0,2284,29,3.5191,0.0021,0,0
8952,119494,2.177,2264,false,4,2290,2284,6,0,0,2284,29,3.5191,0.0021,0,0
8953,119510,15.281,2264,false,4,2291,2284,7,0,0,2284,29,3.5191,0.0021,0,0
8954,119513,3.062,2264,false,4,2291,2284,7,0,0,2284,40,3.5191,0.0021,0,0
8955,119527,14.412,2265,true,5,2291,2285,6,0,0,2285,30,5.7903,0.0034,0,0
8956,119529,2.317,2265,false,5,2291,2285,6,0,0,2285,30,5.7903,0.0034,0,0
8957,119540,10.483,2265,false,5,2291,2285,6,0,0,2285,30,5.7903,0.0034,0,0
8958,119545,4.964,2265,false,5,2292,2285,7,0,0,2285,30,5.7903,0.0034,0,0
8959,119548,3.656,2265,false,5,2292,2285,7,0,0,2285,44,5.7903,0.0034,0,0
8960,119556,7.04,2265,false,5,2292,2285,7,0,0,2285,33,5.7903,0.0034,0,0
8961,119570,14.508,2266,true,5,2292,2286,6,0,0,2286,32,4.0352,0.0023,0,0
8962,119573,2.869,2266,false,5,2292,2286,6,0,0,2286,32,4.0352,0.0023,0,0
8963,119577,4.038,2266,false,5,2293,2286,7,0,0,2286,32,4.0352,0.0023,0,0
8964,119587,10.074,2266,false,5,2293,2286,7,0,0,2286,28,4.0352,0.0023,0,0
8965,119591,3.685,2266,false,5,2293,2286,7,0,0,2286,32,4.0352,0.0023,0,0
8966,119605,13.995,2267,true,4,2293,2287,6,0,0,2287,24,3.5317,0.0025,0,0
8967,119606,1.915,2267,false,4,2293,2287,6,0,0,2287,24,3.5317,0.0025,0,0
8968,119619,12.26,2267,false,4,2293,2287,6,0,0,2287,24,3.5317,0.0025,0,0
8969,119622,2.999,2267,false,4,2294,2287,7,0,0,2287,24,3.5317,0.0025,0,0
8970,119626,3.845,2267,false,4,2294,2287,7,0,0,2288,32,3.5317,0.0025,0,0
8971,119638,12.674,2268,true,4,2294,2288,6,0,0,2288,24,3.6289,0.002,0,0
8972,119640,2.065,2268,false,4,2294,2288,6,0,0,2288,24,3.6289,0.002,0,0
8973,119650,9.694,2268,false,4,2294,2288,6,0,0,2288,24,3.6289,0.002,0,0
8974,119653,3.342,2268,false,4,2295,2288,7,0,0,2288,24,3.6289,0.002,0,0
8975,119665,11.576,2268,false,4,2295,2288,7,0,0,2289,25,3.3585,0.0019,0,0
8976,119678,12.822,2269,true,4,2295,2289,6,0,0,2289,26,3.3585,0.0019,0,0
8977,119680,1.915,2269,false,4,2295,2289,6,0,0,2289,26,3.3585,0.0019,0,0
8978,119697,16.826,2269,false,4,2295,2289,6,0,0,2290,26,3.4683,0.0026,0,0
8979,119709,12.899,2270,true,4,2296,2290,6,0,0,2290,26,3.4683,0.0026,0,0
8980,119711,1.754,2270,false,4,2296,2290,6,0,0,2290,26,3.4683,0.0026,0,0
8981,119716,5.215,2270,false,4,2297,2290,7,0,0,2290,26,3.4683,0.0026,0,0
8982,119728,11.439,2270,false,4,2297,2290,7,0,0,2291,57,3.4683,0.0026,0,0
8983,119746,18.569,2271,true,4,2297,2291,6,0,0,2291,78,7.4597,0.0022,0,0
8984,119749,2.256,2271,false,4,2297,2291,6,0,0,2291,78,7.4597,0.0022,0,0
8985,119753,4.626,2271,false,4,2298,2291,7,0,0,2291,78,7.4597,0.0022,0,0
8986,119774,20.909,2271,false,4,2298,2291,7,0,0,2292,26,3.4902,0.0021,0,0
8987,119786,12.307,2272,true,4,2298,2292,6,0,0,2292,28,3.4902,0.0021,0,0
8988,119788,1.836,2272,false,4,2298,2292,6,0,0,2292,28,3.4902,0.0021,0,0
8989,119805,16.004,2272,false,4,2299,2292,7,0,0,2293,28,3.3669,0.0018,0,0
8990,119818,13.367,2273,true,4,2299,2293,6,0,0,2293,29,3.3669,0.0018,0,0
8991,119820,2.332,2273,false,4,2299,2293,6,0,0,2293,29,3.3669,0.0018,0,0
8992,119835,14.698,2273,false,4,2300,2293,7,0,0,2294,29,3.3068,0.0021,0,0
8993,119848,13.378,2274,true,4,2300,2294,6,0,0,2294,28,3.3068,0.0021,0,0
8994,119851,2.836,2274,false,4,2300,2294,6,0,0,2294,28,3.3068,0.0021,0,0
8995,119855,4.053,2274,false,4,2301,2294,7,0,0,2294,28,3.3068,0.0021,0,0
8996,119866,10.279,2274,false,4,2301,2294,7,0,0,2294,30,3.3068,0.0021,0,0
8997,119869,3.529,2274,false,4,2301,2294,7,0,0,2294,35,3.3068,0.0021,0,0
8998,119884,15.033,2275,true,4,2301,2295,6,0,0,2295,18,3.5545,0.002,0,0
8999,119886,2.248,2275,false,4,2301,2295,6,0,0,2295,18,3.5545,0.002,0,0
9000,119896,9.869,2275,false,4,2302,2295,7,0,0,2295,18,3.5545,0.002,0,0
9001,119898,2.219,2275,false,4,2302,2295,7,0,0,2295,27,3.5545,0.002,0,0
9002,119912,13.443,2275,false,4,2302,2295,7,0,0,2296,23,4.2904,0.0022,0,0
9003,119924,12.112,2276,true,3,2302,2296,6,0,0,2296,25,4.2904,0.0022,0,0
9004,119925,1.782,2276,false,3,2302,2296,6,0,0,2296,25,4.2904,0.0022,0,0
9005,119943,17.494,2276,false,3,2303,2296,7,0,0,2297,25,4.2904,0.0022,0,0
9006,119954,11.505,2277,true,3,2303,2297,6,0,0,2297,28,4.642,0.002,0,0
9007,119956,1.684,2277,false,3,2303,2297,6,0,0,2297,28,4.642,0.002,0,0
9008,119973,17.158,2277,false,3,2303,2297,6,0,0,2297,28,4.642,0.002,0,0
9009,119997,23.792,2278,true,4,2304,2298,6,0,0,2298,28,4.3374,0.0027,0,0
9010,120000,2.509,2278,false,4,2305,2298,7,0,0,2298,28,4.3374,0.0027,0,0
9011,120005,5.41,2278,false,4,2305,2298,7,0,0,2298,22,4.3374,0.0027,0,0
9012,120020,15.09,2278,false,4,2305,2298,7,0,0,2299,19,4.7322,0.0028,0,0
9013,120034,13.788,2279,true,4,2305,2299,6,0,0,2299,25,4.7322,0.0028,0,0
9014,120036,2.425,2279,false,4,2305,2299,6,0,0,2299,25,4.7322,0.0028,0,0
9015,120051,14.348,2279,false,4,2305,2299,6,0,0,2300,25,4.7322,0.0028,0,0
9016,120063,12.507,2280,true,3,2306,2300,6,0,0,2300,25,3.6098,0.0018,0,0
9017,120066,2.51,2280,false,3,2307,2300,7,0,0,2300,25,3.6098,0.0018,0,0
9018,120070,4.386,2280,false,3,2307,2300,7,0,0,2300,21,3.6098,0.0018,0,0
9019,120083,12.74,2280,false,3,2307,2300,7,0,0,2301,21,3.4553,0.003,0,0
9020,120095,11.892,2281,true,3,2307,2301,6,0,0,2301,21,3.4553,0.003,0,0
9021,120097,1.913,2281,false,3,2307,2301,6,0,0,2301,21,3.4553,0.003,0,0
9022,120113,16.401,2281,false,3,2307,2301,6,0,0,2302,21,3.4553,0.003,0,0
9023,120126,12.723,2282,true,4,2308,2302,6,0,0,2302,21,3.3174,0.0019,0,0
9024,120128,1.82,2282,false,4,2308,2302,6,0,0,2302,21,3.3174,0.0019,0,0
9025,120145,16.949,2282,false,4,2309,2302,7,0,0,2303,21,3.3174,0.0019,0,0
9026,120158,13.236,2283,true,4,2309,2303,6,0,0,2303,26,4.986,0.002,0,0
9027,120160,2.048,2283,false,4,2309,2303,6,0,0,2303,26,4.986,0.002,0,0
9028,120165,4.85,2283,false,4,2310,2303,7,0,0,2303,26,4.986,0.002,0,0
9029,120177,11.947,2283,false,4,2310,2303,7,0,0,2304,24,4.986,0.002,0,0
9030,120189,12.442,2284,true,4,2310,2304,6,0,0,2304,24,3.6669,0.0023,0,0
9031,120191,2.038,2284,false,4,2310,2304,6,0,0,2304,24,3.6669,0.0023,0,0
9032,120209,17.634,2284,false,4,2311,2304,7,0,0,2305,24,3.6669,0.0023,0,0
9033,120221,11.877,2285,true,4,2311,2305,6,0,0,2305,28,3.8049,0.0024,0,0
9034,120222,1.863,2285,false,4,2311,2305,6,0,0,2305,28,3.8049,0.0024,0,0
9035,120240,17.582,2285,false,4,2312,2305,7,0,0,2305,28,3.8049,0.0024,0,0
9036,120252,12.007,2286,true,4,2312,2306,6,0,0,2306,28,3.3022,0.0025,0,0
9037,120254,1.827,2286,false,4,2312,2306,6,0,0,2306,28,3.3022,0.0025,0,0
9038,120271,16.526,2286,false,4,2313,2306,7,0,0,2306,28,3.3022,0.0025,0,0
9039,120284,13.888,2287,true,4,2313,2307,6,0,0,2307,33,5.381,0.0046,0,0
9040,120287,2.614,2287,false,4,2313,2307,6,0,0,2307,33,5.381,0.0046,0,0
9041,120291,4.289,2287,false,4,2314,2307,7,0,0,2307,33,5.381,0.0046,0,0
9042,120301,9.936,2287,false,4,2314,2307,7,0,0,2307,25,5.381,0.0046,0,0
9043,120305,3.855,2287,false,4,2314,2307,7,0,0,2307,25,5.381,0.0046,0,0
9044,120318,12.507,2287,false,4,2314,2307,7,0,0,2308,19,3.3409,0.0022,0,0
9045,120331,13.591,2288,true,5,2314,2308,6,0,0,2308,24,3.3409,0.0022,0,0
9046,120333,2.066,2288,false,5,2314,2308,6,0,0,2308,24,3.3409,0.0022,0,0
9047,120348,14.448,2288,false,5,2315,2308,7,0,0,2309,24,4.8906,0.002,0,0
9048,120360,12.417,2289,true,3,2315,2309,6,0,0,2309,25,4.8906,0.002,0,0
9049,120362,1.952,2289,false,3,2315,2309,6,0,0,2309,25,4.8906,0.002,0,0
9050,120379,16.934,2289,false,3,2316,2309,7,0,0,2310,25,3.3251,0.0018,0,0
9051,120391,12.236,2290,true,3,2316,2310,6,0,0,2310,25,3.3251,0.0018,0,0
9052,120393,1.893,2290,false,3,2316,2310,6,0,0,2310,25,3.3251,0.0018,0,0
9053,120410,16.891,2290,false,3,2317,2310,7,0,0,2311,25,3.4336,0.0019,0,0
9054,120424,14.308,2291,true,4,2317,2311,6,0,0,2311,54,3.4336,0.0019,0,0
9055,120426,2.005,2291,false,4,2317,2311,6,0,0,2311,54,3.4336,0.0019,0,0
9056,120441,14.743,2291,false,4,2318,2311,7,0,0,2312,54,3.4336,0.0019,0,0
9057,120454,12.709,2292,true,4,2318,2312,6,0,0,2312,27,3.6888,0.0024,0,0
9058,120456,1.813,2292,false,4,2318,2312,6,0,0,2312,27,3.6888,0.0024,0,0
9059,120473,17.636,2292,false,4,2319,2312,7,0,0,2313,27,3.2194,0.0021,0,0
9060,120486,13.086,2293,true,4,2319,2313,6,0,0,2313,29,3.2194,0.0021,0,0
9061,120488,2.12,2293,false,4,2319,2313,6,0,0,2313,29,3.2194,0.0021,0,0
9062,120504,15.605,2293,false,4,2320,2313,7,0,0,2314,29,3.2194,0.0021,0,0
9063,120516,12.169,2294,true,4,2320,2314,6,0,0,2314,27,3.6017,0.0024,0,0
9064,120518,1.764,2294,false,4,2320,2314,6,0,0,2314,27,3.6017,0.0024,0,0
9065,120535,17.222,2294,false,4,2321,2314,7,0,0,2315,27,3.6017,0.0024,0,0
9066,120548,12.675,2295,true,4,2321,2315,6,0,0,2315,35,7.0905,0.0024,0,0
9067,120550,2.054,2295,false,4,2321,2315,6,0,0,2315,35,7.0905,0.0024,0,0
9068,120566,15.922,2295,false,4,2322,2315,7,0,0,2315,35,7.0905,0.0024,0,0
9069,120568,2.316,2295,false,4,2322,2315,7,0,0,2315,28,7.0905,0.0024,0,0
9070,120581,12.68,2295,false,4,2322,2315,7,0,0,2316,16,5.5034,0.0023,0,0
9071,120593,12.115,2296,true,4,2322,2316,6,0,0,2316,23,5.5034,0.0023,0,0
9072,120595,1.835,2296,false,4,2322,2316,6,0,0,2316,23,5.5034,0.0023,0,0
9073,120612,17.318,2296,false,4,2323,2316,7,0,0,2317,23,3.3069,0.002,0,0
9074,120625,12.961,2297,true,4,2323,2317,6,0,0,2317,36,3.3069,0.002,0,0
9075,120628,2.256,2297,false,4,2323,2317,6,0,0,2317,36,3.3069,0.002,0,0
9076,120632,4.639,2297,false,4,2324,2317,7,0,0,2317,36,3.3069,0.002,0,0
9077,120643,10.522,2297,false,4,2324,2317,7,0,0,2318,25,3.3285,0.0021,0,0
9078,120654,11.94,2298,true,3,2324,2318,6,0,0,2318,24,3.3285,0.0021,0,0
9079,120656,1.799,2298,false,3,2324,2318,6,0,0,2318,24,3.3285,0.0021,0,0
9080,120673,16.942,2298,false,3,2325,2318,7,0,0,2319,24,3.3285,0.0021,0,0
9081,120686,13.205,2299,true,4,2325,2319,6,0,0,2319,26,3.4734,0.0022,0,0
9082,120689,2.099,2299,false,4,2325,2319,6,0,0,2319,26,3.4734,0.0022,0,0
9083,120693,4.8,2299,false,4,2326,2319,7,0,0,2319,26,3.4734,0.0022,0,0
9084,120704,10.358,2299,false,4,2326,2319,7,0,0,2319,25,3.4734,0.0022,0,0
9085,120715,11.699,2300,true,3,2326,2320,6,0,0,2320,22,3.2633,0.0019,0,0
9086,120717,1.809,2300,false,3,2326,2320,6,0,0,2320,22,3.2633,0.0019,0,0
9087,120735,17.786,2300,false,3,2326,2320,6,0,0,2321,22,3.2633,0.0019,0,0
9088,120755,19.786,2301,true,4,2327,2321,6,0,0,2321,22,4.8182,0.0022,0,0
9089,120757,2.561,2301,false,4,2328,2321,7,0,0,2321,22,4.8182,0.0022,0,0
9090,120766,8.471,2301,false,4,2328,2321,7,0,0,2321,24,4.8182,0.0022,0,0
9091,120768,2.72,2301,false,4,2328,2321,7,0,0,2322,28,4.8182,0.0022,0,0
9092,120781,12.044,2302,true,4,2328,2322,6,0,0,2322,18,3.4256,0.0021,0,0
9093,120783,2.2,2302,false,4,2328,2322,6,0,0,2322,18,3.4256,0.0021,0,0
9094,120796,13.18,2302,false,4,2328,2322,6,0,0,2322,18,3.4256,0.0021,0,0
9095,120799,2.838,2302,false,4,2329,2322,7,0,0,2322,18,3.4256,0.0021,0,0
9096,120811,12.512,2302,false,4,2329,2322,7,0,0,2323,27,4.8359,0.0027,0,0
9097,120823,11.539,2303,true,3,2329,2323,6,0,0,2323,22,4.8359,0.0027,0,0
9098,120824,1.729,2303,false,3,2329,2323,6,0,0,2323,22,4.8359,0.0027,0,0
9099,120842,17.748,2303,false,3,2330,2323,7,0,0,2324,22,3.2486,0.0021,0,0
9100,120854,12.198,2304,true,4,2330,2324,6,0,0,2324,26,3.2486,0.0021,0,0
9101,120856,1.928,2304,false,4,2330,2324,6,0,0,2324,26,3.2486,0.0021,0,0
9102,120875,17.801,2304,false,4,2330,2324,6,0,0,2325,26,3.4362,0.0019,0,0
9103,120887,12.426,2305,true,4,2331,2325,6,0,0,2325,26,3.4362,0.0019,0,0
9104,120889,2.264,2305,false,4,2332,2325,7,0,0,2325,26,3.4362,0.0019,0,0
9105,120906,16.31,2305,false,4,2332,2325,7,0,0,2326,39,3.4734,0.0018,0,0
9106,120918,12.847,2306,true,4,2332,2326,6,0,0,2326,25,3.4734,0.0018,0,0
9107,120920,1.955,2306,false,4,2332,2326,6,0,0,2326,25,3.4734,0.0018,0,0
9108,120925,4.964,2306,false,4,2333,2326,7,0,0,2326,25,3.4734,0.0018,0,0
9109,120937,11.516,2306,false,4,2333,2326,7,0,0,2327,25,3.4734,0.0018,0,0
9110,120949,12.72,2307,true,4,2333,2327,6,0,0,2327,31,5.5531,0.002,0,0
9111,120951,1.688,2307,false,4,2333,2327,6,0,0,2327,31,5.5531,0.002,0,0
9112,120968,16.723,2307,false,4,2333,2327,6,0,0,2327,31,5.5531,0.002,0,0
9113,120980,12.691,2308,true,4,2334,2328,6,0,0,2328,31,3.7404,0.0022,0,0
9114,120982,1.725,2308,false,4,2334,2328,6,0,0,2328,31,3.7404,0.0022,0,0
9115,120998,16.214,2308,false,4,2335,2328,7,0,0,2328,31,3.7404,0.0022,0,0
9116,121001,2.346,2308,false,4,2335,2328,7,0,0,2329,28,3.7404,0.0022,0,0
9117,121012,11.184,2309,true,3,2335,2329,6,0,0,2329,17,3.3402,0.002,0,0
9118,121014,2.023,2309,false,3,2335,2329,6,0,0,2329,17,3.3402,0.002,0,0
9119,121030,15.818,2309,false,3,2336,2329,7,0,0,2329,17,3.3402,0.002,0,0
9120,121032,2.326,2309,false,3,2336,2329,7,0,0,2329,26,3.3402,0.002,0,0
9121,121046,13.696,2309,false,3,2336,2329,7,0,0,2330,16,3.5314,0.0027,0,0
9122,121058,12.001,2310,true,3,2336,2330,6,0,0,2330,53,3.5314,0.0027,0,0
9123,121059,1.966,2310,false,3,2336,2330,6,0,0,2330,53,3.5314,0.0027,0,0
9124,121077,16.974,2310,false,3,2337,2330,7,0,0,2331,53,4.6387,0.0023,0,0
9125,121088,11.731,2311,true,3,2337,2331,6,0,0,2331,25,4.6387,0.0023,0,0
9126,121091,2.33,2311,false,3,2337,2331,6,0,0,2331,25,4.6387,0.0023,0,0
9127,121095,4.569,2311,false,3,2338,2331,7,0,0,2331,25,4.6387,0.0023,0,0
9128,121107,11.677,2311,false,3,2338,2331,7,0,0,2332,26,3.3079,0.002,0,0
9129,121118,11.696,2312,true,4,2338,2332,6,0,0,2332,20,3.3079,0.002,0,0
9130,121120,1.813,2312,false,4,2338,2332,6,0,0,2332,20,3.3079,0.002,0,0
9131,121138,17.535,2312,false,4,2339,2332,7,0,0,2333,20,3.3079,0.002,0,0
9132,121150,12.094,2313,true,4,2339,2333,6,0,0,2333,37,5.5737,0.0028,0,0
9133,121152,2.201,2313,false,4,2339,2333,6,0,0,2333,37,5.5737,0.0028,0,0
9134,121157,4.702,2313,false,4,2340,2333,7,0,0,2333,37,5.5737,0.0028,0,0
9135,121169,11.653,2313,false,4,2340,2333,7,0,0,2333,25,5.5737,0.0028,0,0
9136,121171,2.134,2313,false,4,2340,2333,7,0,0,2333,23,5.5737,0.0028,0,0
9137,121184,13.164,2313,false,4,2340,2333,7,0,0,2334,17,3.3592,0.0019,0,0
9138,121195,11.508,2314,true,3,2340,2334,6,0,0,2334,24,3.3592,0.0019,0,0
9139,121197,1.635,2314,false,3,2340,2334,6,0,0,2334,24,3.3592,0.0019,0,0
9140,121215,17.895,2314,false,3,2340,2334,6,0,0,2335,24,3.2376,0.0017,0,0
9141,121230,14.928,2315,true,3,2341,2335,6,0,0,2335,24,3.2376,0.0017,0,0
9142,121232,2.009,2315,false,3,2341,2335,6,0,0,2335,24,3.2376,0.0017,0,0
9143,121246,14.36,2315,false,3,2342,2335,7,0,0,2336,24,3.2651,0.0016,0,0
9144,121258,12.122,2316,true,4,2342,2336,6,0,0,2336,31,3.2651,0.0016,0,0
9145,121260,2.042,2316,false,4,2342,2336,6,0,0,2336,31,3.2651,0.0016,0,0
9146,121277,16.591,2316,false,4,2343,2336,7,0,0,2337,31,3.7092,0.0025,0,0
9147,121289,12.329,2317,true,3,2343,2337,6,0,0,2337,29,3.7092,0.0025,0,0
9148,121291,1.81,2317,false,3,2343,2337,6,0,0,2337,29,3.7092,0.0025,0,0
9149,121308,17.01,2317,false,3,2344,2337,7,0,0,2338,29,3.3703,0.0018,0,0
9150,121320,12.148,2318,true,3,2344,2338,6,0,0,2338,227,3.3703,0.0018,0,0
9151,121322,1.821,2318,false,3,2344,2338,6,0,0,2338,227,3.3703,0.0018,0,0
9152,121339,16.646,2318,false,3,2345,2338,7,0,0,2339,227,3.3703,0.0018,0,0
