row_idx,tick_idx,timestamp_ms,was_skipped_day,fps,speed_multiplier,fast_ms,t_sus_ms,t_render_ms,t_ui_ms,largest_slice_job,largest_slice_stage,largest_slice_substage,largest_slice_path,largest_slice_ms,largest_slice_work_done,largest_slice_processed_cells,largest_slice_processed_pixels,largest_slice_processed_indices,largest_slice_cursor_start,largest_slice_cursor_end,largest_slice_fallback_path,largest_slice_processed_per_ms,sus_sim_avg_300,sus_sim_p95_300,sus_sim_max_300,over_1ms_count_300,sim_frame_budget_ms,sim_slice_budget_ms,sim_upload_slice_budget_ms,sim_strict_budget_enabled,sim_budget_warn_ms,economy_reserved_budget_ms,country_ui_refresh_reason,country_ui_snapshot_ms,country_ui_cache_hit,country_ui_dirty_domains,country_ui_event_refresh_enabled,country_report_mode,country_state_hash_ms,country_report_build_ms,research_queue_size,research_full_scan_fallbacks,research_activation_ms,research_allocation_ms,research_effect_ack_ms,research_discovery_ms,research_modifier_ms,research_report_ms,research_countries_scanned,research_active_countries,research_pending_checks,research_discovery_checks,research_discovery_frontier_mismatches,research_modifier_queries,research_modifier_cache_hits,research_remainder_iterations,prepare_reuse_count,workset_cells_planned,workset_cells_executed,duplicate_range_count,household_market_prepare_ms,household_market_worker_ms,household_market_merge_ms,bio_slice_native_ms,bio_slice_publish_ms,bio_knob_cache_hit,bio_knob_cache_build_ms,bio_slice_fallback_reason,natural_resource_factor_lookup_ms,natural_resource_slot_refresh_ms,natural_resource_knob_update_ms,natural_resource_native_call_ms,natural_resource_fallback_ms,continuation_frames,continuation_slices,continuation_started_slices,continuation_completed_slices,continuation_budget_exhausted,continuation_budget_overrun_frames,continuation_max_budget_overrun_ms,continuation_blocked_by_stage,continuation_country_slices,continuation_economy_slices,continuation_wall_ms,continuation_max_frame_wall_ms,continuation_max_slice_ms,continuation_last_slice_ms,continuation_budget_ms,continuation_last_stage,continuation_last_next_stage,continuation_last_substage,continuation_last_path,continuation_done,continuation_stage_counts,continuation_stage_wall_ms,continuation_stage_max_slice_ms,continuation_substage_counts,continuation_substage_wall_ms,continuation_substage_max_slice_ms,continuation_substage_work,clock_pulse_ms,clock_loop_ms,clock_full_ms,tail_label_ms,tail_label_count,tail_vegetation_ms,tail_vegetation_inflight,tail_vegetation_dedup_skips,tail_vegetation_tasks,tail_vegetation_forced_tasks,tail_vegetation_max_task_ms,tail_vegetation_plan_ms,tail_vegetation_encode_ms,tail_vegetation_cache_update_ms,tail_vegetation_assemble_ms,tail_vegetation_upload_ms,tail_overlay_ms,tail_overlay_last_bake_ms,tail_overlay_interval_msec,tail_overlay_refresh_count,frame_wall_ms,engine_process_ms,engine_physics_ms,render_residual_ms,render_objects_in_frame,render_primitives_in_frame,render_draw_calls_in_frame,runtime_graph_pulse_count,runtime_graph_abi_calls,runtime_graph_gdscript_callbacks,runtime_graph_work_done,runtime_graph_budget_yields,runtime_graph_last_elapsed_us,runtime_graph_last_status,runtime_graph_dirty_mask,runtime_graph_post_pulse_flush_ms,runtime_graph_flush_slot_count,runtime_graph_visual_diff_cell_count,runtime_graph_country_territory_sync_ms,runtime_graph_event_dispatch_ms,runtime_graph_full_flush_count,runtime_graph_simulation_thread_mode,runtime_graph_requested_simulation_thread_mode,runtime_graph_coverage_state,runtime_graph_required_domain_mask,runtime_graph_implemented_domain_mask,runtime_graph_missing_domain_mask,runtime_graph_coverage_blocker,runtime_graph_simulation_worker_ready,runtime_graph_native_executor_workers,runtime_graph_native_executor_interactive,runtime_graph_native_executor_fault_count,runtime_graph_country_pod_active_index_count,runtime_graph_climate_pod_ready,runtime_graph_climate_pod_plan_ms,runtime_graph_climate_pod_replay_ms,runtime_graph_climate_pod_work_units,runtime_graph_climate_pod_changed_cells,runtime_graph_climate_pod_state_hash,runtime_graph_climate_pod_fallback_reason,runtime_graph_climate_trace_depth,runtime_graph_climate_trace_front_day,runtime_graph_climate_trace_lag_days,runtime_graph_climate_trace_latest_hash,runtime_graph_climate_trace_capacity_exceeded,runtime_graph_climate_trace_consumed,runtime_graph_climate_trace_missing,runtime_graph_climate_trace_reference_rejected,runtime_graph_climate_trace_reference_pending,runtime_graph_simulation_host_state,runtime_graph_simulation_committed_day,runtime_graph_simulation_generation,runtime_graph_simulation_time_debt_days,runtime_graph_last_visual_publish_at_us,runtime_graph_snapshot_staleness_ms,runtime_graph_ui_input_to_feedback_ms,runtime_graph_visual_apply_ms,runtime_graph_gpu_upload_ms,runtime_graph_main_wait_on_sim_us,runtime_graph_simulation_environment_generation,runtime_graph_simulation_environment_day,runtime_graph_simulation_environment_cell_count,runtime_graph_simulation_environment_topology_validated,runtime_graph_stale_environment_rejected,runtime_graph_command_queue_depth,runtime_graph_receipt_queue_depth,runtime_graph_snapshot_publish_drop_count,runtime_graph_snapshot_publish_throttled_count,runtime_graph_worker_fault_count,runtime_graph_day_stage_count,runtime_graph_day_completed_stage_count,runtime_graph_day_work_units,runtime_graph_completed_days,runtime_graph_pod_completed_domain_mask,runtime_graph_pod_completed_stage_count,runtime_graph_pod_work_units,runtime_graph_pod_intent_count,runtime_graph_pod_fallback_count,runtime_graph_domain_authority_planned_mask,runtime_graph_domain_authority_committed_mask,runtime_graph_domain_authority_ack_count,runtime_graph_domain_authority_input_hash,runtime_graph_domain_authority_state_hash,runtime_graph_domain_authority_plan_ms,runtime_graph_domain_authority_replay_ms,runtime_graph_domain_authority_fallback_reason,runtime_graph_domain_stage_fallback_count,runtime_graph_domain_stage_fallback_reason,runtime_graph_climate_production_stage_mask,runtime_graph_climate_worker_stage_mask,runtime_graph_climate_pod_parity_compared,runtime_graph_climate_pod_parity_matched,runtime_graph_climate_pod_parity_mismatch_count,runtime_graph_climate_pod_parity_reason,runtime_graph_climate_pod_reference_hash,runtime_graph_climate_parity_day,runtime_graph_climate_parity_stage,runtime_graph_climate_parity_cell,runtime_graph_climate_parity_field,runtime_graph_climate_parity_reference_bits,runtime_graph_climate_parity_worker_bits,runtime_graph_climate_trace_captured,runtime_graph_climate_trace_reference_ready,runtime_graph_climate_trace_consumable,runtime_graph_fault_code,runtime_graph_simulation_invalid_environment_rejected,runtime_graph_country_pod_snapshot_generation,runtime_graph_country_pod_state_hash,runtime_graph_country_pod_work_units,runtime_graph_country_pod_active_country_count,runtime_graph_country_pod_pending_checks,runtime_graph_country_pod_ack_pending,runtime_graph_country_pod_blocker
0,113,35637,false,65,50,13.313,12.625,0.014,0.396,native_daily_sim,climate_pass_a,climate_pass_a_struct,gdext_native_daily_slice,1.592,1,0,0,1,-1,-1,,0.628141,2.854894,4.953,5.92,90,8,3,1.5,false,2,8.666,,,,,,,,,,,,,,,,,,,,,,,,,,,,,,,,,,,,,,,,,,0,0,0,0,false,0,0,,0,0,0,0,0,0,0,,,,,false,{},{},{},{},{},{},{},0,0,0.454,0.064,0,0.054,144,54,0,0,0,0.049,0,0,0,0,0,0,100,0,9.522667,117.589,0.032,8.950667,705,294115,449,111,111,0,40645,6,6657,2,0,0,2,4800,0,78.331,0,SHADOW,SHADOW,,4095,2050,2045,missing_native_domain_handlers,false,16,false,0,0,false,0,0,0,0,0,climate_trace_reference_pending,,,,,0,,,0,0,2,0,0,1.415552,0,0,0,0,0,0,113,112,2400,true,0,0,0,0,0,0,0,0,0,0,4088,0,3,0,3,0,0,0,0,0,0,0,climate_trace_reference_pending,0,0,0,0,0,0,0,0,0,0,0,0,0,0,0,0,0,0,0,0,0,0,0,0,0,false,
1,114,35687,false,65,50,17.947,17.403,0.01,0.317,ocean_currents,daily_wind_prepass,daily_wind_slp,gdext_daily_wind_slp,0.939,2400,2400,0,0,-1,-1,,2555.910515,2.847833,4.953,5.92,91,8,3,1.5,false,2,8.666,,,,,,,,,,,,,,,,,,,,,,,,,,,,,,,,,,,,,,,,,,1,9,9,1,true,1,0.07,building_production,0,3,8.07,8.07,1.597,1.051,8,building_production,building_production,,ECONOMY_GRAPH,false,"{""economy:building_plan"":2,""economy:building_production"":1,""native_daily:climate_pass_b"":1,""native_daily:native_daily_complete"":1,""native_daily:native_daily_finalizer"":1,""native_daily:ocean_land"":1,""native_daily:sea_ice"":1,""native_daily:wind_surface"":1}","{""economy:building_plan"":1.765,""economy:building_production"":1.051,""native_daily:climate_pass_b"":0.591,""native_daily:native_daily_complete"":0.312,""native_daily:native_daily_finalizer"":0.444,""native_daily:ocean_land"":0.895,""native_daily:sea_ice"":0.519,""native_daily:wind_surface"":0.749}","{""economy:building_plan"":1.597,""economy:building_production"":1.051,""native_daily:climate_pass_b"":0.591,""native_daily:native_daily_complete"":0.312,""native_daily:native_daily_finalizer"":0.444,""native_daily:ocean_land"":0.895,""native_daily:sea_ice"":0.519,""native_daily:wind_surface"":0.749}",{},{},{},{},0,0,0.277,0.051,0,1.329,144,54,4,0,0.359,0.102,0.454,0.011,0.312,0.172,0,0,100,0,12.589,117.589,0.032,10.932,705,294115,449,113,113,0,41404,6,6900,2,0,0,2,4800,0,78.331,0,SHADOW,SHADOW,,4095,2050,2045,missing_native_domain_handlers,false,16,false,0,0,false,0,0,0,0,0,climate_trace_reference_pending,,,,,0,,,0,0,2,0,0,1.686197,0,0,0,0,0,0,114,113,2400,true,0,0,0,0,0,0,0,0,0,0,4088,0,3,0,3,0,0,0,0,0,0,0,climate_trace_reference_pending,0,0,0,0,0,0,0,0,0,0,0,0,0,0,0,0,0,0,0,0,0,0,0,0,0,false,
2,115,35709,false,65,50,12.615,12.019,0.01,0.327,native_daily_sim,climate_pass_a,climate_pass_a_struct,gdext_native_daily_slice,1.564,1,0,0,1,-1,-1,,0.639386,2.849835,4.953,5.92,92,8,3,1.5,false,2,8.666,,,,,,,,,,,,,,,,,,,,,,,,,,,,,,,,,,,,,,,,,,0,0,0,0,false,0,0,,0,0,0,0,0,0,0,,,,,false,{},{},{},{},{},{},{},0,0,0.277,0.047,0,1.574,144,54,4,0,0.509,0,0.572,0.015,0.415,0.168,0,0,100,0,11.193,117.589,0.032,9.295,705,294115,449,113,113,0,41404,6,6900,2,0,0,2,4800,0,78.331,0,SHADOW,SHADOW,,4095,2050,2045,missing_native_domain_handlers,false,16,false,0,0,false,0,0,0,0,0,climate_trace_reference_pending,,,,,0,,,0,0,2,0,0,1.079917,0,0,0,0,0,0,115,114,2400,true,0,0,0,0,0,0,0,0,0,0,4088,0,3,0,3,0,0,0,0,0,0,0,climate_trace_reference_pending,0,0,0,0,0,0,0,0,0,0,0,0,0,0,0,0,0,0,0,0,0,0,0,0,0,false,
3,116,35756,false,65,50,17.286,16.816,0.011,0.268,dynamic_visual_atlas_upload,,,cell_indirection_lut,1.368,2400,2400,0,0,-1,-1,,1754.385926,2.850112,4.953,5.92,93,8,3,1.5,false,2,8.666,,,,,,,,,,,,,,,,,,,,,,,,,,,,,,,,,,,,,,,,,,1,9,9,1,true,1,1.195,household_market,0,3,9.195,9.195,1.373,1.373,8,household_market,household_market,settle,ECONOMY_GRAPH,false,"{""economy:building_plan"":2,""economy:household_market"":1,""native_daily:climate_pass_b"":1,""native_daily:native_daily_complete"":1,""native_daily:native_daily_finalizer"":1,""native_daily:ocean_land"":1,""native_daily:sea_ice"":1,""native_daily:wind_surface"":1}","{""economy:building_plan"":1.528,""economy:household_market"":1.373,""native_daily:climate_pass_b"":0.781,""native_daily:native_daily_complete"":0.407,""native_daily:native_daily_finalizer"":0.532,""native_daily:ocean_land"":1.094,""native_daily:sea_ice"":0.688,""native_daily:wind_surface"":0.901}","{""economy:building_plan"":1.333,""economy:household_market"":1.373,""native_daily:climate_pass_b"":0.781,""native_daily:native_daily_complete"":0.407,""native_daily:native_daily_finalizer"":0.532,""native_daily:ocean_land"":1.094,""native_daily:sea_ice"":0.688,""native_daily:wind_surface"":0.901}","{""economy:household_market.settle.merge_aggregate"":1,""economy:household_market.settle.merge_trade"":1,""economy:household_market.settle.other"":1,""economy:household_market.settle.prepare"":1,""economy:household_market.settle.trace"":1,""economy:household_market.settle.worker"":1}","{""economy:household_market.settle.merge_aggregate"":0.0374,""economy:household_market.settle.merge_trade"":0.0106,""economy:household_market.settle.other"":0.00100000000000003,""economy:household_market.settle.prepare"":0.0015,""economy:household_market.settle.trace"":0.0026,""economy:household_market.settle.worker"":0.3394}","{""economy:household_market.settle.merge_aggregate"":0.0374,""economy:household_market.settle.merge_trade"":0.0106,""economy:household_market.settle.other"":0.00100000000000003,""economy:household_market.settle.prepare"":0.0015,""economy:household_market.settle.trace"":0.0026,""economy:household_market.settle.worker"":0.3394}","{""economy:household_market.settle.merge_aggregate"":4,""economy:household_market.settle.merge_trade"":4,""economy:household_market.settle.other"":4,""economy:household_market.settle.prepare"":4,""economy:household_market.settle.trace"":4,""economy:household_market.settle.worker"":4}",0,0,3.729,0.072,0,1.201,144,54,4,0,0.328,0,0.371,0.008,0.209,0.202,0,0,100,0,15.722,117.589,0.032,10.72,705,294155,449,115,115,0,42160,6,5290,2,0,0,2,4800,0,78.331,0,SHADOW,SHADOW,,4095,2050,2045,missing_native_domain_handlers,false,16,false,0,0,false,0,0,0,0,0,climate_trace_reference_pending,,,,,0,,,0,0,2,0,0,1.201772,0,0,0,0,0,0,116,115,2400,true,0,0,0,0,0,0,0,0,0,0,4088,0,3,0,3,0,0,0,0,0,0,0,climate_trace_reference_pending,0,0,0,0,0,0,0,0,0,0,0,0,0,0,0,0,0,0,0,0,0,0,0,0,0,false,
4,117,35787,false,65,50,14.474,13.896,0.011,0.329,native_daily_sim,climate_pass_a,climate_pass_a_struct,gdext_native_daily_slice,2.44,1,0,0,1,-1,-1,,0.409836,2.857445,4.953,5.92,94,8,3,1.5,false,2,8.666,,,,,,,,,,,,,,,,,,,,,,,,,,,,,,,,,,,,,,,,,,0,0,0,0,false,0,0,,0,0,0,0,0,0,0,,,,,false,{},{},{},{},{},{},{},0,0.001,0.401,0.063,0,2.256,144,54,4,0,0.935,0.097,0.65,0.036,0.844,0.28,0,0,100,0,10.344667,117.589,0.032,7.624667,705,294155,449,115,115,0,42160,6,5290,2,0,0,2,4800,0,78.331,0,SHADOW,SHADOW,,4095,2050,2045,missing_native_domain_handlers,false,16,false,0,0,false,0,0,0,0,0,climate_trace_reference_pending,,,,,0,,,0,0,2,0,0,1.906212,0,0,0,0,0,0,117,116,2400,true,0,0,0,0,0,0,0,0,0,0,4088,0,3,0,3,0,0,0,0,0,0,0,climate_trace_reference_pending,0,0,0,0,0,0,0,0,0,0,0,0,0,0,0,0,0,0,0,0,0,0,0,0,0,false,
5,118,35843,false,65,50,16.052,14.98,0.594,0.276,trigger_runtime,trigger_evaluate,,TRIGGER_GRAPH,0.696,358,0,0,358,-1,-1,,514.367831,2.841695,4.953,5.92,94,8,3,1.5,false,2,8.666,,,,,,,,,,,,,,,,,,,,,,,,,,,,,,,,,,,,,,,,,,2,13,13,1,true,1,0.093,building_commit,0,4,13.841,8.093,1.585,0.388,8,building_commit,building_commit,special_reset,ECONOMY_GRAPH,false,"{""economy:building_commit"":1,""economy:building_plan"":2,""economy:household_market"":1,""native_daily:climate_pass_b"":1,""native_daily:native_daily_complete"":1,""native_daily:native_daily_finalizer"":1,""native_daily:ocean_land"":1,""native_daily:runtime_hydrology"":1,""native_daily:sea_ice"":1,""native_daily:transpiration"":1,""native_daily:weather_stage_b"":1,""native_daily:wind_surface"":1}","{""economy:building_commit"":0.388,""economy:building_plan"":1.713,""economy:household_market"":1.304,""native_daily:climate_pass_b"":0.746,""native_daily:native_daily_complete"":0.662,""native_daily:native_daily_finalizer"":0.767,""native_daily:ocean_land"":1.084,""native_daily:runtime_hydrology"":1.042,""native_daily:sea_ice"":0.712,""native_daily:transpiration"":0.562,""native_daily:weather_stage_b"":1.585,""native_daily:wind_surface"":0.948}","{""economy:building_commit"":0.388,""economy:building_plan"":1.518,""economy:household_market"":1.304,""native_daily:climate_pass_b"":0.746,""native_daily:native_daily_complete"":0.662,""native_daily:native_daily_finalizer"":0.767,""native_daily:ocean_land"":1.084,""native_daily:runtime_hydrology"":1.042,""native_daily:sea_ice"":0.712,""native_daily:transpiration"":0.562,""native_daily:weather_stage_b"":1.585,""native_daily:wind_surface"":0.948}","{""economy:building_commit.review_prepare"":1,""economy:building_commit.special_reset"":1,""economy:household_market.settle.merge_aggregate"":1,""economy:household_market.settle.merge_trade"":1,""economy:household_market.settle.other"":1,""economy:household_market.settle.prepare"":1,""economy:household_market.settle.trace"":1,""economy:household_market.settle.worker"":1}","{""economy:building_commit.review_prepare"":0.0004,""economy:building_commit.special_reset"":0.0001,""economy:household_market.settle.merge_aggregate"":0.0208,""economy:household_market.settle.merge_trade"":0.0083,""economy:household_market.settle.other"":0.00050000000000003,""economy:household_market.settle.prepare"":0.0017,""economy:household_market.settle.trace"":0.0029,""economy:household_market.settle.worker"":0.3456}","{""economy:building_commit.review_prepare"":0.0004,""economy:building_commit.special_reset"":0.0001,""economy:household_market.settle.merge_aggregate"":0.0208,""economy:household_market.settle.merge_trade"":0.0083,""economy:household_market.settle.other"":0.00050000000000003,""economy:household_market.settle.prepare"":0.0017,""economy:household_market.settle.trace"":0.0029,""economy:household_market.settle.worker"":0.3456}","{""economy:building_commit.review_prepare"":1,""economy:building_commit.special_reset"":4,""economy:household_market.settle.merge_aggregate"":4,""economy:household_market.settle.merge_trade"":4,""economy:household_market.settle.other"":4,""economy:household_market.settle.prepare"":4,""economy:household_market.settle.trace"":4,""economy:household_market.settle.worker"":4}",0,0,3.552,0.065,0,1.406,144,54,4,0,0.522,0.141,0.533,0.022,0.222,0.159,0,0,100,0,13.8235,117.589,0.032,8.8005,705,294045,449,117,117,0,42914,6,5585,2,0,0,2,4800,0,78.331,0,SHADOW,SHADOW,,4095,2050,2045,missing_native_domain_handlers,false,16,false,0,0,false,0,0,0,0,0,climate_trace_reference_pending,,,,,0,,,0,0,2,0,0,1.579707,0,0,0,0,0,0,118,117,2400,true,0,0,0,0,0,0,0,0,0,0,4088,0,3,0,3,0,0,0,0,0,0,0,climate_trace_reference_pending,0,0,0,0,0,0,0,0,0,0,0,0,0,0,0,0,0,0,0,0,0,0,0,0,0,false,
6,119,35863,false,65,50,11.896,11.405,0.009,0.289,native_daily_sim,climate_pass_a,climate_pass_a_struct,gdext_native_daily_slice,1.741,1,0,0,1,-1,-1,,0.574383,2.843319,4.953,5.92,95,8,3,1.5,false,2,8.666,,,,,,,,,,,,,,,,,,,,,,,,,,,,,,,,,,,,,,,,,,0,0,0,0,false,0,0,,0,0,0,0,0,0,0,,,,,false,{},{},{},{},{},{},{},0,0,0.218,0.045,0,0.897,144,54,4,0,0.28,0,0.338,0.011,0.054,0.16,0,0,100,0,10.3255,117.589,0.032,9.1655,705,294045,449,117,117,0,42914,6,5585,2,0,0,2,4800,0,78.331,0,SHADOW,SHADOW,,4095,2050,2045,missing_native_domain_handlers,false,16,false,0,0,false,0,0,0,0,0,climate_trace_reference_pending,,,,,0,,,0,0,2,0,0,1.829207,0,0,0,0,0,0,119,118,2400,true,0,0,0,0,0,0,0,0,0,0,4088,0,3,0,3,0,0,0,0,0,0,0,climate_trace_reference_pending,0,0,0,0,0,0,0,0,0,0,0,0,0,0,0,0,0,0,0,0,0,0,0,0,0,false,
7,120,35910,false,65,50,19.978,19.475,0.01,0.3,dynamic_visual_atlas_upload,,,cell_indirection_lut,1.687,2400,2400,0,0,-1,-1,,1422.643716,2.861575,4.953,5.92,96,8,3,1.5,false,2,8.666,,,,,,,,,,,,,,,,,,,,,,,,,,,,,,,,,,,,,,,,,,1,9,9,1,true,1,0.01,building_plan,0,3,8.01,8.01,1.763,0.155,8,building_plan,trade_settle,reserve,ECONOMY_GRAPH,false,"{""economy:building_plan"":3,""native_daily:climate_pass_b"":1,""native_daily:native_daily_complete"":1,""native_daily:native_daily_finalizer"":1,""native_daily:ocean_land"":1,""native_daily:sea_ice"":1,""native_daily:wind_surface"":1}","{""economy:building_plan"":2.099,""native_daily:climate_pass_b"":0.679,""native_daily:native_daily_complete"":0.35,""native_daily:native_daily_finalizer"":0.465,""native_daily:ocean_land"":1.034,""native_daily:sea_ice"":0.565,""native_daily:wind_surface"":0.83}","{""economy:building_plan"":1.763,""native_daily:climate_pass_b"":0.679,""native_daily:native_daily_complete"":0.35,""native_daily:native_daily_finalizer"":0.465,""native_daily:ocean_land"":1.034,""native_daily:sea_ice"":0.565,""native_daily:wind_surface"":0.83}",{},{},{},{},0,0.001,5.027,0.061,0,1.085,144,54,4,0,0.302,0,0.414,0.014,0.072,0.177,0,0,100,0,15.479333,117.589,0.032,9.306333,705,294045,449,119,119,0,43671,6,5734,2,0,0,2,4800,0,78.331,0,SHADOW,SHADOW,,4095,2050,2045,missing_native_domain_handlers,false,16,false,0,0,false,0,0,0,0,0,climate_trace_reference_pending,,,,,0,,,0,0,2,0,0,1.749927,0,0,0,0,0,0,120,119,2400,true,0,0,0,0,0,0,0,0,0,0,4088,0,3,0,3,0,0,0,0,0,0,0,climate_trace_reference_pending,0,0,0,0,0,0,0,0,0,0,0,0,0,0,0,0,0,0,0,0,0,0,0,0,0,false,
8,121,35937,false,65,50,15.909,10.854,0.01,4.834,native_daily_sim,climate_pass_a,climate_pass_a_struct,gdext_native_daily_slice,1.308,1,0,0,1,-1,-1,,0.764526,2.857529,4.953,5.92,97,8,3,1.5,false,2,8.666,,,,,,,,,,,,,,,,,,,,,,,,,,,,,,,,,,,,,,,,,,0,0,0,0,false,0,0,,0,0,0,0,0,0,0,,,,,false,{},{},{},{},{},{},{},0,0.001,0.315,0.063,0,2.438,144,54,4,0,1.394,0,0.364,0.011,1.48,0.254,0,0,100,0,13.7265,117.589,0.032,10.9105,704,294043,449,119,119,0,43671,6,5734,2,0,0,2,4800,0,78.331,0,SHADOW,SHADOW,,4095,2050,2045,missing_native_domain_handlers,false,16,false,0,0,false,0,0,0,0,0,climate_trace_reference_pending,,,,,0,,,0,0,2,0,0,1.325387,0,0,0,0,0,0,121,120,2400,true,0,0,0,0,0,0,0,0,0,0,4088,0,3,0,3,0,0,0,0,0,0,0,climate_trace_reference_pending,0,0,0,0,0,0,0,0,0,0,0,0,0,0,0,0,0,0,0,0,0,0,0,0,0,false,
9,122,35990,false,65,50,16.838,16.314,0.011,0.32,trigger_runtime,trigger_evaluate,,TRIGGER_GRAPH,0.803,356,0,0,356,-1,-1,,443.337499,2.843762,4.953,5.92,97,8,3,1.5,false,2,8.666,,,,,,,,,,,,,,,,,,,,,,,,,,,,,,,,,,,,,,,,,,1,9,9,1,true,1,0.086,building_plan,0,3,8.086,8.086,1.64,0.173,8,building_plan,trade_settle,reserve,ECONOMY_GRAPH,false,"{""economy:building_plan"":2,""economy:epoch_begin"":1,""native_daily:climate_pass_b"":1,""native_daily:native_daily_complete"":1,""native_daily:native_daily_finalizer"":1,""native_daily:ocean_land"":1,""native_daily:sea_ice"":1,""native_daily:wind_surface"":1}","{""economy:building_plan"":0.406,""economy:epoch_begin"":1.64,""native_daily:climate_pass_b"":0.666,""native_daily:native_daily_complete"":0.308,""native_daily:native_daily_finalizer"":0.483,""native_daily:ocean_land"":1.081,""native_daily:sea_ice"":0.642,""native_daily:wind_surface"":0.724}","{""economy:building_plan"":0.233,""economy:epoch_begin"":1.64,""native_daily:climate_pass_b"":0.666,""native_daily:native_daily_complete"":0.308,""native_daily:native_daily_finalizer"":0.483,""native_daily:ocean_land"":1.081,""native_daily:sea_ice"":0.642,""native_daily:wind_surface"":0.724}",{},{},{},{},0.001,0,0.254,0.062,0,1.413,144,54,4,0,0.486,0,0.504,0.011,0.419,0.183,0,0,100,0,13.2515,117.589,0.032,11.5225,704,294043,449,121,121,0,44426,6,5512,2,0,0,2,4800,0,78.331,0,SHADOW,SHADOW,,4095,2050,2045,missing_native_domain_handlers,false,16,false,0,0,false,0,0,0,0,0,climate_trace_reference_pending,,,,,0,,,0,0,2,0,0,1.934347,0,0,0,0,0,0,122,121,2400,true,0,0,0,0,0,0,0,0,0,0,4088,0,3,0,3,0,0,0,0,0,0,0,climate_trace_reference_pending,0,0,0,0,0,0,0,0,0,0,0,0,0,0,0,0,0,0,0,0,0,0,0,0,0,false,
10,123,36014,false,65,50,12.822,12.257,0.012,0.316,native_daily_sim,climate_pass_a,climate_pass_a_struct,gdext_native_daily_slice,1.515,1,0,0,1,-1,-1,,0.660066,2.843057,4.953,5.92,98,8,3,1.5,false,2,8.666,,,,,,,,,,,,,,,,,,,,,,,,,,,,,,,,,,,,,,,,,,0,0,0,0,false,0,0,,0,0,0,0,0,0,0,,,,,false,{},{},{},{},{},{},{},0,0,0.324,0.059,0,0.909,144,54,4,0,0.293,0,0.298,0.006,0.2,0.157,0,0,100,0,11.937,117.589,0.032,10.645,704,294043,449,121,121,0,44426,6,5512,2,0,0,2,4800,0,78.331,0,SHADOW,SHADOW,,4095,2050,2045,missing_native_domain_handlers,false,16,false,0,0,false,0,0,0,0,0,climate_trace_reference_pending,,,,,0,,,0,0,2,0,0,1.324392,0,0,0,0,0,0,123,122,2400,true,0,0,0,0,0,0,0,0,0,0,4088,0,3,0,3,0,0,0,0,0,0,0,climate_trace_reference_pending,0,0,0,0,0,0,0,0,0,0,0,0,0,0,0,0,0,0,0,0,0,0,0,0,0,false,
11,124,36060,false,86,50,19.081,18.494,0.009,0.377,dynamic_visual_atlas_upload,,,cell_indirection_lut,1.578,2400,2400,0,0,-1,-1,,1520.912596,2.84529,4.953,5.92,99,8,3,1.5,false,2,8.666,,,,,,,,,,,,,,,,,,,,,,,,,,,,,,,,,,,,,,,,,,1,9,9,1,true,1,0.041,building_plan,0,3,8.041,8.041,1.758,0.159,8,building_plan,trade_settle,reserve,ECONOMY_GRAPH,false,"{""economy:building_plan"":2,""economy:epoch_begin"":1,""native_daily:climate_pass_b"":1,""native_daily:native_daily_complete"":1,""native_daily:native_daily_finalizer"":1,""native_daily:ocean_land"":1,""native_daily:sea_ice"":1,""native_daily:wind_surface"":1}","{""economy:building_plan"":0.393,""economy:epoch_begin"":1.758,""native_daily:climate_pass_b"":0.727,""native_daily:native_daily_complete"":0.344,""native_daily:native_daily_finalizer"":0.573,""native_daily:ocean_land"":1.042,""native_daily:sea_ice"":0.618,""native_daily:wind_surface"":0.812}","{""economy:building_plan"":0.234,""economy:epoch_begin"":1.758,""native_daily:climate_pass_b"":0.727,""native_daily:native_daily_complete"":0.344,""native_daily:native_daily_finalizer"":0.573,""native_daily:ocean_land"":1.042,""native_daily:sea_ice"":0.618,""native_daily:wind_surface"":0.812}",{},{},{},{},0,0,5.008,0.046,0,0.79,120,54,2,0,0.49,0.054,0.287,0.006,0.15,0.124,0,0,100,0,15.412333,106.233,0.021,9.568333,704,294043,449,123,123,0,45180,6,5786,2,0,0,2,4800,0,78.331,0,SHADOW,SHADOW,,4095,2050,2045,missing_native_domain_handlers,false,16,false,0,0,false,0,0,0,0,0,climate_trace_reference_pending,,,,,0,,,0,0,2,0,0,1.315422,0,0,0,0,0,0,124,123,2400,true,0,0,0,0,0,0,0,0,0,0,4088,0,3,0,3,0,0,0,0,0,0,0,climate_trace_reference_pending,0,0,0,0,0,0,0,0,0,0,0,0,0,0,0,0,0,0,0,0,0,0,0,0,0,false,
12,125,36080,false,86,50,11.229,10.78,0.01,0.248,native_daily_sim,climate_pass_a,climate_pass_a_struct,gdext_native_daily_slice,1.819,1,0,0,1,-1,-1,,0.549753,2.848032,4.953,5.92,100,8,3,1.5,false,2,8.666,,,,,,,,,,,,,,,,,,,,,,,,,,,,,,,,,,,,,,,,,,0,0,0,0,false,0,0,,0,0,0,0,0,0,0,,,,,false,{},{},{},{},{},{},{},0,0,0.296,0.062,0,0.057,120,54,0,0,0,0.053,0,0,0,0,0,0,100,0,9.765,106.233,0.021,9.35,704,294043,449,123,123,0,45180,6,5786,2,0,0,2,4800,0,78.331,0,SHADOW,SHADOW,,4095,2050,2045,missing_native_domain_handlers,false,16,false,0,0,false,0,0,0,0,0,climate_trace_reference_pending,,,,,0,,,0,0,2,0,0,1.686202,0,0,0,0,0,0,125,124,2400,true,0,0,0,0,0,0,0,0,0,0,4088,0,3,0,3,0,0,0,0,0,0,0,climate_trace_reference_pending,0,0,0,0,0,0,0,0,0,0,0,0,0,0,0,0,0,0,0,0,0,0,0,0,0,false,
13,126,36139,false,86,50,18.762,17.537,0.704,0.28,ocean_currents,daily_wind_prepass,daily_wind_slp,gdext_daily_wind_slp,1.008,2400,2400,0,0,-1,-1,,2380.952343,2.843754,4.953,5.92,101,8,3,1.5,false,2,8.666,,,,,,,,,,,,,,,,,,,,,,,,,,,,,,,,,,,,,,,,,,2,13,13,1,true,1,1.029,household_market,0,4,14.768,9.029,3.513,1.249,8,household_market,household_market,settle,ECONOMY_GRAPH,false,"{""economy:building_plan"":2,""economy:epoch_begin"":1,""economy:household_market"":1,""native_daily:climate_pass_b"":1,""native_daily:native_daily_complete"":1,""native_daily:native_daily_finalizer"":1,""native_daily:ocean_land"":1,""native_daily:runtime_hydrology"":1,""native_daily:sea_ice"":1,""native_daily:transpiration"":1,""native_daily:weather_stage_b"":1,""native_daily:wind_surface"":1}","{""economy:building_plan"":0.402,""economy:epoch_begin"":3.513,""economy:household_market"":1.249,""native_daily:climate_pass_b"":0.595,""native_daily:native_daily_complete"":0.651,""native_daily:native_daily_finalizer"":0.771,""native_daily:ocean_land"":0.862,""native_daily:runtime_hydrology"":0.921,""native_daily:sea_ice"":0.52,""native_daily:transpiration"":0.408,""native_daily:weather_stage_b"":1.664,""native_daily:wind_surface"":0.67}","{""economy:building_plan"":0.226,""economy:epoch_begin"":3.513,""economy:household_market"":1.249,""native_daily:climate_pass_b"":0.595,""native_daily:native_daily_complete"":0.651,""native_daily:native_daily_finalizer"":0.771,""native_daily:ocean_land"":0.862,""native_daily:runtime_hydrology"":0.921,""native_daily:sea_ice"":0.52,""native_daily:transpiration"":0.408,""native_daily:weather_stage_b"":1.664,""native_daily:wind_surface"":0.67}","{""economy:household_market.settle.merge_aggregate"":1,""economy:household_market.settle.merge_trade"":1,""economy:household_market.settle.other"":1,""economy:household_market.settle.prepare"":1,""economy:household_market.settle.trace"":1,""economy:household_market.settle.worker"":1}","{""economy:household_market.settle.merge_aggregate"":0.021,""economy:household_market.settle.merge_trade"":0.0077,""economy:household_market.settle.other"":0.000300000000000026,""economy:household_market.settle.prepare"":0.0011,""economy:household_market.settle.trace"":0.0015,""economy:household_market.settle.worker"":0.4541}","{""economy:household_market.settle.merge_aggregate"":0.021,""economy:household_market.settle.merge_trade"":0.0077,""economy:household_market.settle.other"":0.000300000000000026,""economy:household_market.settle.prepare"":0.0011,""economy:household_market.settle.trace"":0.0015,""economy:household_market.settle.worker"":0.4541}","{""economy:household_market.settle.merge_aggregate"":4,""economy:household_market.settle.merge_trade"":4,""economy:household_market.settle.other"":4,""economy:household_market.settle.prepare"":4,""economy:household_market.settle.trace"":4,""economy:household_market.settle.worker"":4}",0,0,5.509,0.071,0,0.666,120,54,1,0,0.609,0,0.229,0.003,0.209,0.088,0,0,100,0,14.69575,106.233,0.021,8.44975,704,294043,449,125,125,0,45935,6,6219,2,0,0,2,4800,0,78.331,0,SHADOW,SHADOW,,4095,2050,2045,missing_native_domain_handlers,false,16,false,0,0,false,0,0,0,0,0,climate_trace_reference_pending,,,,,0,,,0,0,2,0,0,1.249047,0,0,0,0,0,0,126,125,2400,true,0,0,0,0,0,0,0,0,0,0,4088,0,3,0,3,0,0,0,0,0,0,0,climate_trace_reference_pending,0,0,0,0,0,0,0,0,0,0,0,0,0,0,0,0,0,0,0,0,0,0,0,0,0,false,
14,127,36163,false,86,50,12.588,11.892,0.013,0.378,native_daily_sim,climate_pass_a,climate_pass_a_struct,gdext_native_daily_slice,1.551,1,0,0,1,-1,-1,,0.644745,2.843047,4.953,5.92,102,8,3,1.5,false,2,8.666,,,,,,,,,,,,,,,,,,,,,,,,,,,,,,,,,,,,,,,,,,0,0,0,0,false,0,0,,0,0,0,0,0,0,0,,,,,false,{},{},{},{},{},{},{},0,0,0.277,0.05,0,1.742,120,54,4,0,0.529,0,0.678,0.013,0.368,0.218,0,0,100,0,11.9725,106.233,0.021,9.9035,704,294043,449,125,125,0,45935,6,6219,2,0,0,2,4800,0,78.331,0,SHADOW,SHADOW,,4095,2050,2045,missing_native_domain_handlers,false,16,false,0,0,false,0,0,0,0,0,climate_trace_reference_pending,,,,,0,,,0,0,2,0,0,1.774947,0,0,0,0,0,0,127,126,2400,true,0,0,0,0,0,0,0,0,0,0,4088,0,3,0,3,0,0,0,0,0,0,0,climate_trace_reference_pending,0,0,0,0,0,0,0,0,0,0,0,0,0,0,0,0,0,0,0,0,0,0,0,0,0,false,
15,128,36212,false,86,50,19.894,19.379,0.01,0.292,dynamic_visual_atlas_upload,,,cell_indirection_lut,1.96,2400,2400,0,0,-1,-1,,1224.489772,2.850898,4.953,5.92,103,8,3,1.5,false,2,8.666,,,,,,,,,,,,,,,,,,,,,,,,,,,,,,,,,,,,,,,,,,1,9,9,1,true,1,0.291,household_market,0,3,8.291,8.291,1.498,1.404,8,household_market,household_market,settle,ECONOMY_GRAPH,false,"{""economy:building_plan"":2,""economy:household_market"":1,""native_daily:climate_pass_b"":1,""native_daily:native_daily_complete"":1,""native_daily:native_daily_finalizer"":1,""native_daily:ocean_land"":1,""native_daily:sea_ice"":1,""native_daily:wind_surface"":1}","{""economy:building_plan"":1.663,""economy:household_market"":1.404,""native_daily:climate_pass_b"":0.578,""native_daily:native_daily_complete"":0.324,""native_daily:native_daily_finalizer"":0.5,""native_daily:ocean_land"":0.861,""native_daily:sea_ice"":0.568,""native_daily:wind_surface"":0.742}","{""economy:building_plan"":1.498,""economy:household_market"":1.404,""native_daily:climate_pass_b"":0.578,""native_daily:native_daily_complete"":0.324,""native_daily:native_daily_finalizer"":0.5,""native_daily:ocean_land"":0.861,""native_daily:sea_ice"":0.568,""native_daily:wind_surface"":0.742}","{""economy:household_market.settle.merge_aggregate"":1,""economy:household_market.settle.merge_trade"":1,""economy:household_market.settle.other"":1,""economy:household_market.settle.prepare"":1,""economy:household_market.settle.trace"":1,""economy:household_market.settle.worker"":1}","{""economy:household_market.settle.merge_aggregate"":0.0188,""economy:household_market.settle.merge_trade"":0.0078,""economy:household_market.settle.other"":0.000600000000000004,""economy:household_market.settle.prepare"":0.0017,""economy:household_market.settle.trace"":0.0025,""economy:household_market.settle.worker"":0.4784}","{""economy:household_market.settle.merge_aggregate"":0.0188,""economy:household_market.settle.merge_trade"":0.0078,""economy:household_market.settle.other"":0.000600000000000004,""economy:household_market.settle.prepare"":0.0017,""economy:household_market.settle.trace"":0.0025,""economy:household_market.settle.worker"":0.4784}","{""economy:household_market.settle.merge_aggregate"":4,""economy:household_market.settle.merge_trade"":4,""economy:household_market.settle.other"":4,""economy:household_market.settle.prepare"":4,""economy:household_market.settle.trace"":4,""economy:household_market.settle.worker"":4}",0,0.001,3.543,0.046,0,1.822,120,54,4,0,0.481,0.107,0.41,0.012,0.577,0.269,0,0,100,0,16.410333,106.233,0.021,10.999333,704,294043,449,127,127,0,46689,6,6350,2,0,0,2,4800,0,78.331,0,SHADOW,SHADOW,,4095,2050,2045,missing_native_domain_handlers,false,16,false,0,0,false,0,0,0,0,0,climate_trace_reference_pending,,,,,0,,,0,0,2,0,0,1.865802,0,0,0,0,0,0,128,127,2400,true,0,0,0,0,0,0,0,0,0,0,4088,0,3,0,3,0,0,0,0,0,0,0,climate_trace_reference_pending,0,0,0,0,0,0,0,0,0,0,0,0,0,0,0,0,0,0,0,0,0,0,0,0,0,false,
16,129,36232,false,86,50,10.933,10.377,0.012,0.337,native_daily_sim,climate_pass_a,climate_pass_a_struct,gdext_native_daily_slice,1.297,1,0,0,1,-1,-1,,0.77101,2.847643,4.953,5.92,104,8,3,1.5,false,2,8.666,,,,,,,,,,,,,,,,,,,,,,,,,,,,,,,,,,,,,,,,,,0,0,0,0,false,0,0,,0,0,0,0,0,0,0,,,,,false,{},{},{},{},{},{},{},0,0,0.235,0.043,0,0.955,120,54,4,0,0.311,0,0.396,0.009,0.215,0.144,0,0,100,0,10.0635,106.233,0.021,8.8305,704,294043,449,127,127,0,46689,6,6350,2,0,0,2,4800,0,78.331,0,SHADOW,SHADOW,,4095,2050,2045,missing_native_domain_handlers,false,16,false,0,0,false,0,0,0,0,0,climate_trace_reference_pending,,,,,0,,,0,0,2,0,0,1.295962,0,0,0,0,0,0,129,128,2400,true,0,0,0,0,0,0,0,0,0,0,4088,0,3,0,3,0,0,0,0,0,0,0,climate_trace_reference_pending,0,0,0,0,0,0,0,0,0,0,0,0,0,0,0,0,0,0,0,0,0,0,0,0,0,false,
17,130,36282,false,86,50,19.33,18.747,0.012,0.311,season_refresh,b_plus_round,stages_done_12,b_plus,1.112,1,0,0,1,-1,-1,,0.899281,2.848192,4.953,5.92,105,8,3,1.5,false,2,8.666,,,,,,,,,,,,,,,,,,,,,,,,,,,,,,,,,,,,,,,,,,1,9,9,1,true,1,0.385,building_plan,0,3,8.385,8.385,1.637,0.147,8,building_plan,trade_settle,reserve,ECONOMY_GRAPH,false,"{""economy:building_plan"":3,""native_daily:climate_pass_b"":1,""native_daily:native_daily_complete"":1,""native_daily:native_daily_finalizer"":1,""native_daily:ocean_land"":1,""native_daily:sea_ice"":1,""native_daily:wind_surface"":1}","{""economy:building_plan"":1.934,""native_daily:climate_pass_b"":0.748,""native_daily:native_daily_complete"":0.386,""native_daily:native_daily_finalizer"":0.605,""native_daily:ocean_land"":1.189,""native_daily:sea_ice"":0.595,""native_daily:wind_surface"":0.709}","{""economy:building_plan"":1.637,""native_daily:climate_pass_b"":0.748,""native_daily:native_daily_complete"":0.386,""native_daily:native_daily_finalizer"":0.605,""native_daily:ocean_land"":1.189,""native_daily:sea_ice"":0.595,""native_daily:wind_surface"":0.709}",{},{},{},{},0,0,5.286,0.062,0,1.214,120,54,4,0,0.451,0,0.344,0.013,0.411,0.194,0,0,100,0,16.633,106.233,0.021,10.071,705,294055,449,129,129,0,47445,6,6601,2,0,0,2,4800,0,78.331,0,SHADOW,SHADOW,,4095,2050,2045,missing_native_domain_handlers,false,16,false,0,0,false,0,0,0,0,0,climate_trace_reference_pending,,,,,0,,,0,0,2,0,0,1.398837,0,0,0,0,0,0,130,129,2400,true,0,0,0,0,0,0,0,0,0,0,4088,0,3,0,3,0,0,0,0,0,0,0,climate_trace_reference_pending,0,0,0,0,0,0,0,0,0,0,0,0,0,0,0,0,0,0,0,0,0,0,0,0,0,false,
18,131,36405,false,86,50,112.171,11.678,0.011,0.338,native_daily_sim,climate_pass_a,climate_pass_a_struct,gdext_native_daily_slice,1.337,1,0,0,1,-1,-1,,0.747943,2.848801,4.953,5.92,106,8,3,1.5,false,2,8.666,,,,,,,,,,,,,,,,,,,,,,,,,,,,,,,,,,,,,,,,,,0,0,0,0,false,0,0,,0,0,0,0,0,0,0,,,,,false,{},{},{},{},{},{},{},0,0,0.35,0.068,0,0.992,560,148,4,0,0.326,0,0.406,0.01,0.104,0.178,0,0,100,0,61.4365,106.233,0.021,60.0265,705,294055,449,129,129,0,47445,6,6601,2,0,0,2,4800,0,78.331,0,SHADOW,SHADOW,,4095,2050,2045,missing_native_domain_handlers,false,16,false,0,0,false,0,0,0,0,0,climate_trace_reference_pending,,,,,0,,,0,0,2,0,0,1.875792,0,0,0,0,0,0,131,130,2400,true,0,0,0,0,0,0,0,0,0,0,4088,0,3,0,3,0,0,0,0,0,0,0,climate_trace_reference_pending,0,0,0,0,0,0,0,0,0,0,0,0,0,0,0,0,0,0,0,0,0,0,0,0,0,false,
19,132,36466,false,86,50,21.259,20.791,0.01,0.28,dynamic_visual_atlas_upload,,,cell_indirection_lut,1.518,2400,2400,0,0,-1,-1,,1581.027661,2.866318,4.959,5.92,107,8,3,1.5,false,2,8.666,,,,,,,,,,,,,,,,,,,,,,,,,,,,,,,,,,,,,,,,,,1,9,9,1,true,1,1.05,household_market,0,3,9.05,9.05,1.617,1.208,8,household_market,household_market,settle,ECONOMY_GRAPH,false,"{""economy:building_plan"":2,""economy:household_market"":1,""native_daily:climate_pass_b"":1,""native_daily:native_daily_complete"":1,""native_daily:native_daily_finalizer"":1,""native_daily:ocean_land"":1,""native_daily:sea_ice"":1,""native_daily:wind_surface"":1}","{""economy:building_plan"":1.79,""economy:household_market"":1.208,""native_daily:climate_pass_b"":0.822,""native_daily:native_daily_complete"":0.293,""native_daily:native_daily_finalizer"":0.507,""native_daily:ocean_land"":1.247,""native_daily:sea_ice"":0.604,""native_daily:wind_surface"":0.939}","{""economy:building_plan"":1.617,""economy:household_market"":1.208,""native_daily:climate_pass_b"":0.822,""native_daily:native_daily_complete"":0.293,""native_daily:native_daily_finalizer"":0.507,""native_daily:ocean_land"":1.247,""native_daily:sea_ice"":0.604,""native_daily:wind_surface"":0.939}","{""economy:household_market.settle.merge_aggregate"":1,""economy:household_market.settle.merge_trade"":1,""economy:household_market.settle.other"":1,""economy:household_market.settle.prepare"":1,""economy:household_market.settle.trace"":1,""economy:household_market.settle.worker"":1}","{""economy:household_market.settle.merge_aggregate"":0.0178,""economy:household_market.settle.merge_trade"":0.0067,""economy:household_market.settle.other"":0.000300000000000014,""economy:household_market.settle.prepare"":0.002,""economy:household_market.settle.trace"":0.0023,""economy:household_market.settle.worker"":0.4123}","{""economy:household_market.settle.merge_aggregate"":0.0178,""economy:household_market.settle.merge_trade"":0.0067,""economy:household_market.settle.other"":0.000300000000000014,""economy:household_market.settle.prepare"":0.002,""economy:household_market.settle.trace"":0.0023,""economy:household_market.settle.worker"":0.4123}","{""economy:household_market.settle.merge_aggregate"":4,""economy:household_market.settle.merge_trade"":4,""economy:household_market.settle.other"":4,""economy:household_market.settle.prepare"":4,""economy:household_market.settle.trace"":4,""economy:household_market.settle.worker"":4}",0,0.001,0.319,0.067,0,0.851,560,148,4,0,0.245,0.077,0.39,0.013,0.059,0.132,0,0,100,0,10.122,106.233,0.021,8.885,705,294075,449,131,131,0,48199,6,5909,2,0,0,2,4800,0,78.331,0,SHADOW,SHADOW,,4095,2050,2045,missing_native_domain_handlers,false,16,false,0,0,false,0,0,0,0,0,climate_trace_reference_pending,,,,,0,,,0,0,2,0,0,2.475517,0,0,0,0,0,0,132,131,2400,true,0,0,0,0,0,0,0,0,0,0,4088,0,3,0,3,0,0,0,0,0,0,0,climate_trace_reference_pending,0,0,0,0,0,0,0,0,0,0,0,0,0,0,0,0,0,0,0,0,0,0,0,0,0,false,
20,133,36495,false,86,50,13.327,12.859,0.01,0.275,native_daily_sim,climate_pass_a,climate_pass_a_struct,gdext_native_daily_slice,2.085,1,0,0,1,-1,-1,,0.479616,2.876579,4.959,5.92,108,8,3,1.5,false,2,8.666,,,,,,,,,,,,,,,,,,,,,,,,,,,,,,,,,,,,,,,,,,0,0,0,0,false,0,0,,0,0,0,0,0,0,0,,,,,false,{},{},{},{},{},{},{},0,0.001,0.265,0.066,0,0.38,556,148,0,0,0,0.376,0,0,0,0,0,0,100,0,7.4175,106.233,0.021,6.7065,705,294075,449,131,131,0,48199,6,5909,2,0,0,2,4800,0,78.331,0,SHADOW,SHADOW,,4095,2050,2045,missing_native_domain_handlers,false,16,false,0,0,false,0,0,0,0,0,climate_trace_reference_pending,,,,,0,,,0,0,2,0,0,1.340447,0,0,0,0,0,0,133,132,2400,true,0,0,0,0,0,0,0,0,0,0,4088,0,3,0,3,0,0,0,0,0,0,0,climate_trace_reference_pending,0,0,0,0,0,0,0,0,0,0,0,0,0,0,0,0,0,0,0,0,0,0,0,0,0,false,
21,134,36565,false,86,50,19.328,17.997,0.737,0.37,trigger_runtime,trigger_evaluate,,TRIGGER_GRAPH,0.99,356,0,0,356,-1,-1,,359.595956,2.867679,4.959,5.92,108,8,3,1.5,false,2,8.666,,,,,,,,,,,,,,,,,,,,,,,,,,,,,,,,,,,,,,,,,,2,13,13,1,true,1,0.014,household_market,0,4,13.921,8.014,1.745,1.43,8,household_market,household_market,settle,ECONOMY_GRAPH,false,"{""economy:building_plan"":3,""economy:household_market"":1,""native_daily:climate_pass_b"":1,""native_daily:native_daily_complete"":1,""native_daily:native_daily_finalizer"":1,""native_daily:ocean_land"":1,""native_daily:runtime_hydrology"":1,""native_daily:sea_ice"":1,""native_daily:transpiration"":1,""native_daily:weather_stage_b"":1,""native_daily:wind_surface"":1}","{""economy:building_plan"":2.09,""economy:household_market"":1.43,""native_daily:climate_pass_b"":0.675,""native_daily:native_daily_complete"":0.723,""native_daily:native_daily_finalizer"":0.627,""native_daily:ocean_land"":1.096,""native_daily:runtime_hydrology"":1.013,""native_daily:sea_ice"":0.831,""native_daily:transpiration"":0.608,""native_daily:weather_stage_b"":1.577,""native_daily:wind_surface"":1.004}","{""economy:building_plan"":1.745,""economy:household_market"":1.43,""native_daily:climate_pass_b"":0.675,""native_daily:native_daily_complete"":0.723,""native_daily:native_daily_finalizer"":0.627,""native_daily:ocean_land"":1.096,""native_daily:runtime_hydrology"":1.013,""native_daily:sea_ice"":0.831,""native_daily:transpiration"":0.608,""native_daily:weather_stage_b"":1.577,""native_daily:wind_surface"":1.004}","{""economy:household_market.settle.merge_aggregate"":1,""economy:household_market.settle.merge_trade"":1,""economy:household_market.settle.other"":1,""economy:household_market.settle.prepare"":1,""economy:household_market.settle.trace"":1,""economy:household_market.settle.worker"":1}","{""economy:household_market.settle.merge_aggregate"":0.0216,""economy:household_market.settle.merge_trade"":0.0079,""economy:household_market.settle.other"":0.000500000000000038,""economy:household_market.settle.prepare"":0.0016,""economy:household_market.settle.trace"":0.0019,""economy:household_market.settle.worker"":0.5689}","{""economy:household_market.settle.merge_aggregate"":0.0216,""economy:household_market.settle.merge_trade"":0.0079,""economy:household_market.settle.other"":0.000500000000000038,""economy:household_market.settle.prepare"":0.0016,""economy:household_market.settle.trace"":0.0019,""economy:household_market.settle.worker"":0.5689}","{""economy:household_market.settle.merge_aggregate"":4,""economy:household_market.settle.merge_trade"":4,""economy:household_market.settle.other"":4,""economy:household_market.settle.prepare"":4,""economy:household_market.settle.trace"":4,""economy:household_market.settle.worker"":4}",0,0,0.378,0.056,0,2.012,556,148,4,0,0.566,0,0.64,0.016,0.65,0.215,0,0,100,0,11.560333,106.233,0.021,9.114333,705,294075,449,133,133,0,48953,6,5996,2,0,0,2,4800,0,78.331,0,SHADOW,SHADOW,,4095,2050,2045,missing_native_domain_handlers,false,16,false,0,0,false,0,0,0,0,0,climate_trace_reference_pending,,,,,0,,,0,0,2,0,0,1.597197,0,0,0,0,0,0,134,133,2400,true,0,0,0,0,0,0,0,0,0,0,4088,0,3,0,3,0,0,0,0,0,0,0,climate_trace_reference_pending,0,0,0,0,0,0,0,0,0,0,0,0,0,0,0,0,0,0,0,0,0,0,0,0,0,false,
22,135,36612,false,86,50,28.23,15.518,0.011,0.377,native_daily_sim,climate_pass_a,climate_pass_a_struct,gdext_native_daily_slice,2.367,1,0,0,1,-1,-1,,0.422476,2.878518,4.959,5.92,109,8,3,1.5,false,2,8.666,,,,,,,,,,,,,,,,,,,,,,,,,,,,,,,,,,,,,,,,,,0,0,0,0,false,0,0,,0,0,0,0,0,0,0,,,,,false,{},{},{},{},{},{},{},0.001,0.001,0.383,0.065,0,1.257,556,217,4,0,0.372,0,0.369,0.012,0.393,0.184,0,0,100,0,15.735333,106.233,0.021,14.030333,705,294075,449,133,133,0,48953,6,5996,2,0,0,2,4800,0,78.331,0,SHADOW,SHADOW,,4095,2050,2045,missing_native_domain_handlers,false,16,false,0,0,false,0,0,0,0,0,climate_trace_reference_pending,,,,,0,,,0,0,2,0,0,1.517697,0,0,0,0,0,0,135,134,2400,true,0,0,0,0,0,0,0,0,0,0,4088,0,3,0,3,0,0,0,0,0,0,0,climate_trace_reference_pending,0,0,0,0,0,0,0,0,0,0,0,0,0,0,0,0,0,0,0,0,0,0,0,0,0,false,
23,136,36681,false,86,50,23.112,22.45,0.012,0.354,dynamic_visual_atlas_upload,,,cell_indirection_lut,1.503,2400,2400,0,0,-1,-1,,1596.806365,2.883897,4.959,5.92,110,8,3,1.5,false,2,8.666,,,,,,,,,,,,,,,,,,,,,,,,,,,,,,,,,,,,,,,,,,1,8,8,1,true,1,0.191,building_plan,0,2,8.191,8.191,1.46,0.257,8,building_plan,trade_settle,reserve,ECONOMY_GRAPH,false,"{""economy:building_plan"":2,""native_daily:climate_pass_b"":1,""native_daily:native_daily_complete"":1,""native_daily:native_daily_finalizer"":1,""native_daily:ocean_land"":1,""native_daily:sea_ice"":1,""native_daily:wind_surface"":1}","{""economy:building_plan"":1.717,""native_daily:climate_pass_b"":0.665,""native_daily:native_daily_complete"":0.339,""native_daily:native_daily_finalizer"":0.63,""native_daily:ocean_land"":1.368,""native_daily:sea_ice"":0.659,""native_daily:wind_surface"":0.971}","{""economy:building_plan"":1.46,""native_daily:climate_pass_b"":0.665,""native_daily:native_daily_complete"":0.339,""native_daily:native_daily_finalizer"":0.63,""native_daily:ocean_land"":1.368,""native_daily:sea_ice"":0.659,""native_daily:wind_surface"":0.971}",{},{},{},{},0,0.001,0.43,0.062,0,1.509,556,217,4,0,0.493,0,0.412,0.012,0.486,0.236,0,0,100,0,13.7764,106.233,0.021,11.7754,705,294075,449,135,135,0,49707,6,6450,2,0,0,2,4800,0,78.331,0,SHADOW,SHADOW,,4095,2050,2045,missing_native_domain_handlers,false,16,false,0,0,false,0,0,0,0,0,climate_trace_reference_pending,,,,,0,,,0,0,2,0,0,1.245087,0,0,0,0,0,0,136,135,2400,true,0,0,0,0,0,0,0,0,0,0,4088,0,3,0,3,0,0,0,0,0,0,0,climate_trace_reference_pending,0,0,0,0,0,0,0,0,0,0,0,0,0,0,0,0,0,0,0,0,0,0,0,0,0,false,
24,137,36723,false,86,50,24.55,17.795,0.01,6.496,native_daily_sim,climate_pass_a,climate_pass_a_struct,gdext_native_daily_slice,3.969,1,0,0,1,-1,-1,,0.251953,2.906737,5.034,6.013,111,8,3,1.5,false,2,8.666,,,,,,,,,,,,,,,,,,,,,,,,,,,,,,,,,,,,,,,,,,0,0,0,0,false,0,0,,0,0,0,0,0,0,0,,,,,false,{},{},{},{},{},{},{},0,0.001,0.421,0.083,0,1.549,556,217,4,0,0.377,0.164,0.451,0.016,0.268,0.236,0,0,100,0,14.171,106.233,0.021,12.118,705,294075,449,135,135,0,49707,6,6450,2,0,0,2,4800,0,78.331,0,SHADOW,SHADOW,,4095,2050,2045,missing_native_domain_handlers,false,16,false,0,0,false,0,0,0,0,0,climate_trace_reference_pending,,,,,0,,,0,0,2,0,0,1.309952,0,0,0,0,0,0,137,136,2400,true,0,0,0,0,0,0,0,0,0,0,4088,0,3,0,3,0,0,0,0,0,0,0,climate_trace_reference_pending,0,0,0,0,0,0,0,0,0,0,0,0,0,0,0,0,0,0,0,0,0,0,0,0,0,false,
25,138,36771,false,86,50,17.895,17.396,0.011,0.275,ocean_currents,daily_wind_prepass,daily_wind_slp,gdext_daily_wind_slp,1.043,2400,2400,0,0,-1,-1,,2301.054688,2.903645,5.034,6.013,112,8,3,1.5,false,2,8.666,,,,,,,,,,,,,,,,,,,,,,,,,,,,,,,,,,,,,,,,,,1,6,6,1,false,0,0,,0,0,5.075,5.075,1.299,0.388,8,native_daily_complete,native_daily_complete,round_complete,gdext_native_daily_slice,true,"{""native_daily:climate_pass_b"":1,""native_daily:native_daily_complete"":1,""native_daily:native_daily_finalizer"":1,""native_daily:ocean_land"":1,""native_daily:sea_ice"":1,""native_daily:wind_surface"":1}","{""native_daily:climate_pass_b"":0.764,""native_daily:native_daily_complete"":0.388,""native_daily:native_daily_finalizer"":0.611,""native_daily:ocean_land"":1.299,""native_daily:sea_ice"":0.794,""native_daily:wind_surface"":1.088}","{""native_daily:climate_pass_b"":0.764,""native_daily:native_daily_complete"":0.388,""native_daily:native_daily_finalizer"":0.611,""native_daily:ocean_land"":1.299,""native_daily:sea_ice"":0.794,""native_daily:wind_surface"":1.088}",{},{},{},{},0,0,0.321,0.061,0,0.909,556,217,4,0,0.298,0.083,0.384,0.006,0.029,0.153,0,0,100,0,11.91425,106.233,0.021,10.62325,705,294075,449,136,136,0,50087,6,5451,2,0,0,2,4800,0,78.331,0,SHADOW,SHADOW,,4095,2050,2045,missing_native_domain_handlers,false,16,false,0,0,false,0,0,0,0,0,climate_trace_reference_pending,,,,,0,,,0,0,2,0,0,1.909817,0,0,0,0,0,0,138,137,2400,true,0,0,0,0,0,0,0,0,0,0,4088,0,3,0,3,0,0,0,0,0,0,0,climate_trace_reference_pending,0,0,0,0,0,0,0,0,0,0,0,0,0,0,0,0,0,0,0,0,0,0,0,0,0,false,
26,139,36797,false,86,50,12.66,11.883,0.02,0.378,native_daily_sim,climate_pass_a,climate_pass_a_struct,gdext_native_daily_slice,1.651,1,0,0,1,-1,-1,,0.605694,2.905957,5.034,6.013,113,8,3,1.5,false,2,8.666,,,,,,,,,,,,,,,,,,,,,,,,,,,,,,,,,,,,,,,,,,0,0,0,0,false,0,0,,0,0,0,0,0,0,0,,,,,false,{},{},{},{},{},{},{},0,0,0.314,0.046,0,0.088,556,217,0,0,0,0.081,0,0,0,0,0,0,100,0,8.613333,106.233,0.021,8.165333,705,294075,449,136,136,0,50087,6,5451,2,0,0,2,4800,0,78.331,0,SHADOW,SHADOW,,4095,2050,2045,missing_native_domain_handlers,false,16,false,0,0,false,0,0,0,0,0,climate_trace_reference_pending,,,,,0,,,0,0,2,0,0,1.441322,0,0,0,0,0,0,139,138,2400,true,0,0,0,0,0,0,0,0,0,0,4088,0,3,0,3,0,0,0,0,0,0,0,climate_trace_reference_pending,0,0,0,0,0,0,0,0,0,0,0,0,0,0,0,0,0,0,0,0,0,0,0,0,0,false,
27,140,36849,false,86,50,26.605,26.042,0.012,0.306,dynamic_visual_atlas_upload,,,cell_indirection_lut,1.607,2400,2400,0,0,-1,-1,,1493.466092,2.919671,4.959,6.013,114,8,3,1.5,false,2,8.666,,,,,,,,,,,,,,,,,,,,,,,,,,,,,,,,,,,,,,,,,,1,6,6,1,false,0,0,,0,0,5.152,5.152,1.276,0.471,8,native_daily_complete,native_daily_complete,round_complete,gdext_native_daily_slice,true,"{""native_daily:climate_pass_b"":1,""native_daily:native_daily_complete"":1,""native_daily:native_daily_finalizer"":1,""native_daily:ocean_land"":1,""native_daily:sea_ice"":1,""native_daily:wind_surface"":1}","{""native_daily:climate_pass_b"":0.787,""native_daily:native_daily_complete"":0.471,""native_daily:native_daily_finalizer"":0.601,""native_daily:ocean_land"":1.276,""native_daily:sea_ice"":0.828,""native_daily:wind_surface"":1.046}","{""native_daily:climate_pass_b"":0.787,""native_daily:native_daily_complete"":0.471,""native_daily:native_daily_finalizer"":0.601,""native_daily:ocean_land"":1.276,""native_daily:sea_ice"":0.828,""native_daily:wind_surface"":1.046}",{},{},{},{},0,0.001,0.446,0.072,0,0.756,556,217,1,0,0.684,0,0.257,0.007,0.216,0.097,0,0,100,0,17.587,106.233,0.021,16.313,705,294075,449,137,137,0,50466,6,6719,2,0,0,2,4800,0,78.331,0,SHADOW,SHADOW,,4095,2050,2045,missing_native_domain_handlers,false,16,false,0,0,false,0,0,0,0,0,climate_trace_reference_pending,,,,,0,,,0,0,2,0,0,1.486397,0,0,0,0,0,0,140,139,2400,true,0,0,0,0,0,0,0,0,0,0,4088,0,3,0,3,0,0,0,0,0,0,0,climate_trace_reference_pending,0,0,0,0,0,0,0,0,0,0,0,0,0,0,0,0,0,0,0,0,0,0,0,0,0,false,
28,141,36879,false,86,50,12.049,11.528,0.011,0.295,native_daily_sim,climate_pass_a,climate_pass_a_struct,gdext_native_daily_slice,2.073,1,0,0,1,-1,-1,,0.482393,2.923099,4.959,6.013,115,8,3,1.5,false,2,8.666,,,,,,,,,,,,,,,,,,,,,,,,,,,,,,,,,,,,,,,,,,0,0,0,0,false,0,0,,0,0,0,0,0,0,0,,,,,false,{},{},{},{},{},{},{},0,0.001,0.388,0.05,0,1.349,556,217,4,0,0.503,0,0.456,0.013,0.408,0.147,0,0,100,0,9.755,106.233,0.021,7.968,705,294075,449,137,137,0,50466,6,6719,2,0,0,2,4800,0,78.331,0,SHADOW,SHADOW,,4095,2050,2045,missing_native_domain_handlers,false,16,false,0,0,false,0,0,0,0,0,climate_trace_reference_pending,,,,,0,,,0,0,2,0,0,1.578877,0,0,0,0,0,0,141,140,2400,true,0,0,0,0,0,0,0,0,0,0,4088,0,3,0,3,0,0,0,0,0,0,0,climate_trace_reference_pending,0,0,0,0,0,0,0,0,0,0,0,0,0,0,0,0,0,0,0,0,0,0,0,0,0,false,
29,142,36946,false,86,50,21.86,20.643,0.664,0.299,trigger_runtime,trigger_evaluate,,TRIGGER_GRAPH,0.963,357,0,0,357,-1,-1,,370.716511,2.91507,4.959,6.013,115,8,3,1.5,false,2,8.666,,,,,,,,,,,,,,,,,,,,,,,,,,,,,,,,,,,,,,,,,,2,11,11,1,true,1,0.28,building_plan,0,2,13.957,8.28,2.75,0.231,8,building_plan,building_plan,evaluate,ECONOMY_GRAPH,false,"{""economy:building_plan"":1,""economy:epoch_begin"":1,""native_daily:climate_pass_b"":1,""native_daily:native_daily_complete"":1,""native_daily:native_daily_finalizer"":1,""native_daily:ocean_land"":1,""native_daily:runtime_hydrology"":1,""native_daily:sea_ice"":1,""native_daily:transpiration"":1,""native_daily:weather_stage_b"":1,""native_daily:wind_surface"":1}","{""economy:building_plan"":0.231,""economy:epoch_begin"":2.75,""native_daily:climate_pass_b"":0.797,""native_daily:native_daily_complete"":0.844,""native_daily:native_daily_finalizer"":0.797,""native_daily:ocean_land"":1.046,""native_daily:runtime_hydrology"":1.38,""native_daily:sea_ice"":0.529,""native_daily:transpiration"":0.431,""native_daily:weather_stage_b"":2.039,""native_daily:wind_surface"":0.728}","{""economy:building_plan"":0.231,""economy:epoch_begin"":2.75,""native_daily:climate_pass_b"":0.797,""native_daily:native_daily_complete"":0.844,""native_daily:native_daily_finalizer"":0.797,""native_daily:ocean_land"":1.046,""native_daily:runtime_hydrology"":1.38,""native_daily:sea_ice"":0.529,""native_daily:transpiration"":0.431,""native_daily:weather_stage_b"":2.039,""native_daily:wind_surface"":0.728}",{},{},{},{},0,0.001,5.943,0.058,0,1.728,556,217,4,0,0.51,0,0.482,0.02,0.518,0.251,0,0,100,0,16.83175,106.233,0.021,9.10275,705,294075,449,139,139,0,51223,6,7490,2,0,0,2,4800,0,78.331,0,SHADOW,SHADOW,,4095,2050,2045,missing_native_domain_handlers,false,16,false,0,0,false,0,0,0,0,0,climate_trace_reference_pending,,,,,0,,,0,0,2,0,0,1.563227,0,0,0,0,0,0,142,141,2400,true,0,0,0,0,0,0,0,0,0,0,4088,0,3,0,3,0,0,0,0,0,0,0,climate_trace_reference_pending,0,0,0,0,0,0,0,0,0,0,0,0,0,0,0,0,0,0,0,0,0,0,0,0,0,false,
30,143,36983,false,86,50,16.023,15.261,0.02,0.416,native_daily_sim,climate_pass_a,climate_pass_a_struct,gdext_native_daily_slice,1.697,1,0,0,1,-1,-1,,0.589275,2.918818,4.959,6.013,116,8,3,1.5,false,2,8.666,,,,,,,,,,,,,,,,,,,,,,,,,,,,,,,,,,,,,,,,,,0,0,0,0,false,0,0,,0,0,0,0,0,0,0,,,,,false,{},{},{},{},{},{},{},0,0,0.389,0.062,0,3.716,556,217,3,0,1.59,0.136,0.591,0.021,2.291,0.37,0,0,100,0,12.248667,106.233,0.021,8.081667,705,294065,449,139,139,0,51223,6,7490,2,0,0,2,4800,0,78.331,0,SHADOW,SHADOW,,4095,2050,2045,missing_native_domain_handlers,false,16,false,0,0,false,0,0,0,0,0,climate_trace_reference_pending,,,,,0,,,0,0,2,0,0,1.655847,0,0,0,0,0,0,143,142,2400,true,0,0,0,0,0,0,0,0,0,0,4088,0,3,0,3,0,0,0,0,0,0,0,climate_trace_reference_pending,0,0,0,0,0,0,0,0,0,0,0,0,0,0,0,0,0,0,0,0,0,0,0,0,0,false,
31,144,37046,false,70,50,26.048,25.295,0.015,0.41,dynamic_visual_atlas_upload,,,cell_indirection_lut,1.963,2400,2400,0,0,-1,-1,,1222.618404,2.940069,5.034,6.013,117,8,3,1.5,false,2,8.666,,,,,,,,,,,,,,,,,,,,,,,,,,,,,,,,,,,,,,,,,,1,7,7,1,true,1,0.204,epoch_begin,0,1,8.204,8.204,1.931,1.931,8,epoch_begin,building_plan,,ECONOMY_GRAPH,false,"{""economy:epoch_begin"":1,""native_daily:climate_pass_b"":1,""native_daily:native_daily_complete"":1,""native_daily:native_daily_finalizer"":1,""native_daily:ocean_land"":1,""native_daily:sea_ice"":1,""native_daily:wind_surface"":1}","{""economy:epoch_begin"":1.931,""native_daily:climate_pass_b"":0.68,""native_daily:native_daily_complete"":0.399,""native_daily:native_daily_finalizer"":0.475,""native_daily:ocean_land"":0.962,""native_daily:sea_ice"":0.666,""native_daily:wind_surface"":1.595}","{""economy:epoch_begin"":1.931,""native_daily:climate_pass_b"":0.68,""native_daily:native_daily_complete"":0.399,""native_daily:native_daily_finalizer"":0.475,""native_daily:ocean_land"":0.962,""native_daily:sea_ice"":0.666,""native_daily:wind_surface"":1.595}",{},{},{},{},0,0.001,0.362,0.066,0,1.253,556,217,2,0,0.643,0,0.345,0.004,0.274,0.149,0,0,100,0,15.77875,117.358,0.023,14.09775,705,294275,449,141,141,0,51979,6,7139,2,0,0,2,4800,0,78.331,0,SHADOW,SHADOW,,4095,2050,2045,missing_native_domain_handlers,false,16,false,0,0,false,0,0,0,0,0,climate_trace_reference_pending,,,,,0,,,0,0,2,0,0,1.383752,0,0,0,0,0,0,144,143,2400,true,0,0,0,0,0,0,0,0,0,0,4088,0,3,0,3,0,0,0,0,0,0,0,climate_trace_reference_pending,0,0,0,0,0,0,0,0,0,0,0,0,0,0,0,0,0,0,0,0,0,0,0,0,0,false,
32,145,37076,false,70,50,12.851,12.286,0.012,0.294,native_daily_sim,climate_pass_a,climate_pass_a_struct,gdext_native_daily_slice,1.482,1,0,0,1,-1,-1,,0.674764,2.944703,5.034,6.013,118,8,3,1.5,false,2,8.666,,,,,,,,,,,,,,,,,,,,,,,,,,,,,,,,,,,,,,,,,,0,0,0,0,false,0,0,,0,0,0,0,0,0,0,,,,,false,{},{},{},{},{},{},{},0,0,0.383,0.078,0,1.252,556,217,4,0,0.384,0,0.58,0.009,0.07,0.215,0,0,100,0,10.136667,117.358,0.023,8.423667,705,293080,449,141,141,0,51979,6,7139,2,0,0,2,4800,0,78.331,0,SHADOW,SHADOW,,4095,2050,2045,missing_native_domain_handlers,false,16,false,0,0,false,0,0,0,0,0,climate_trace_reference_pending,,,,,0,,,0,0,2,0,0,1.419537,0,0,0,0,0,0,145,144,2400,true,0,0,0,0,0,0,0,0,0,0,4088,0,3,0,3,0,0,0,0,0,0,0,climate_trace_reference_pending,0,0,0,0,0,0,0,0,0,0,0,0,0,0,0,0,0,0,0,0,0,0,0,0,0,false,
33,146,37131,false,70,50,22.01,21.369,0.015,0.356,trigger_runtime,trigger_evaluate,,TRIGGER_GRAPH,0.901,355,0,0,355,-1,-1,,394.006649,2.935096,5.034,6.013,118,8,3,1.5,false,2,8.666,,,,,,,,,,,,,,,,,,,,,,,,,,,,,,,,,,,,,,,,,,1,8,8,1,true,1,0.088,building_plan,0,2,8.088,8.088,1.579,0.358,8,building_plan,building_plan,evaluate,ECONOMY_GRAPH,false,"{""economy:building_plan"":1,""economy:epoch_begin"":1,""native_daily:climate_pass_b"":1,""native_daily:native_daily_complete"":1,""native_daily:native_daily_finalizer"":1,""native_daily:ocean_land"":1,""native_daily:sea_ice"":1,""native_daily:wind_surface"":1}","{""economy:building_plan"":0.358,""economy:epoch_begin"":1.579,""native_daily:climate_pass_b"":0.654,""native_daily:native_daily_complete"":0.424,""native_daily:native_daily_finalizer"":0.619,""native_daily:ocean_land"":1.048,""native_daily:sea_ice"":0.774,""native_daily:wind_surface"":0.883}","{""economy:building_plan"":0.358,""economy:epoch_begin"":1.579,""native_daily:climate_pass_b"":0.654,""native_daily:native_daily_complete"":0.424,""native_daily:native_daily_finalizer"":0.619,""native_daily:ocean_land"":1.048,""native_daily:sea_ice"":0.774,""native_daily:wind_surface"":0.883}",{},{},{},{},0,0.001,5.615,0.086,0,1.694,555,217,4,0,0.669,0,0.597,0.031,0.206,0.338,0,0,100,0,18.145,117.358,0.023,10.75,705,293080,449,143,143,0,52732,6,7645,2,0,0,2,4800,0,78.331,0,SHADOW,SHADOW,,4095,2050,2045,missing_native_domain_handlers,false,16,false,0,0,false,0,0,0,0,0,climate_trace_reference_pending,,,,,0,,,0,0,2,0,0,1.777152,0,0,0,0,0,0,146,145,2400,true,0,0,0,0,0,0,0,0,0,0,4088,0,3,0,3,0,0,0,0,0,0,0,climate_trace_reference_pending,0,0,0,0,0,0,0,0,0,0,0,0,0,0,0,0,0,0,0,0,0,0,0,0,0,false,
34,147,37169,false,70,50,17.169,16.548,0.011,0.321,native_daily_sim,climate_pass_a,climate_pass_a_struct,gdext_native_daily_slice,2.094,1,0,0,1,-1,-1,,0.477555,2.945313,5.034,6.013,119,8,3,1.5,false,2,8.666,,,,,,,,,,,,,,,,,,,,,,,,,,,,,,,,,,,,,,,,,,0,0,0,0,false,0,0,,0,0,0,0,0,0,0,,,,,false,{},{},{},{},{},{},{},0,0,0.456,0.072,0,1.259,555,217,1,0,1.138,0,0.596,0.007,0.201,0.185,0,0,100,0,12.823,117.358,0.023,11.036,705,293108,449,143,143,0,52732,6,7645,2,0,0,2,4800,0,78.331,0,SHADOW,SHADOW,,4095,2050,2045,missing_native_domain_handlers,false,16,false,0,0,false,0,0,0,0,0,climate_trace_reference_pending,,,,,0,,,0,0,2,0,0,1.976512,0,0,0,0,0,0,147,146,2400,true,0,0,0,0,0,0,0,0,0,0,4088,0,3,0,3,0,0,0,0,0,0,0,climate_trace_reference_pending,0,0,0,0,0,0,0,0,0,0,0,0,0,0,0,0,0,0,0,0,0,0,0,0,0,false,
35,148,37208,false,70,50,20.141,19.594,0.013,0.3,dynamic_visual_atlas_upload,,,cell_indirection_lut,1.559,2400,2400,0,0,-1,-1,,1539.448349,2.950473,5.034,6.013,120,8,3,1.5,false,2,8.666,,,,,,,,,,,,,,,,,,,,,,,,,,,,,,,,,,,,,,,,,,1,6,6,1,false,0,0,,0,0,5.204,5.204,1.619,0.311,8,native_daily_complete,native_daily_complete,round_complete,gdext_native_daily_slice,true,"{""native_daily:climate_pass_b"":1,""native_daily:native_daily_complete"":1,""native_daily:native_daily_finalizer"":1,""native_daily:ocean_land"":1,""native_daily:sea_ice"":1,""native_daily:wind_surface"":1}","{""native_daily:climate_pass_b"":0.934,""native_daily:native_daily_complete"":0.311,""native_daily:native_daily_finalizer"":0.497,""native_daily:ocean_land"":1.619,""native_daily:sea_ice"":0.774,""native_daily:wind_surface"":0.944}","{""native_daily:climate_pass_b"":0.934,""native_daily:native_daily_complete"":0.311,""native_daily:native_daily_finalizer"":0.497,""native_daily:ocean_land"":1.619,""native_daily:sea_ice"":0.774,""native_daily:wind_surface"":0.944}",{},{},{},{},0,0,5.666,0.074,0,1.683,555,217,4,0,0.449,0,0.779,0.011,0.242,0.275,0,0,100,0,19.4195,117.358,0.023,11.9965,705,293168,449,144,144,0,53110,6,6238,2,0,0,2,4800,0,78.331,0,SHADOW,SHADOW,,4095,2050,2045,missing_native_domain_handlers,false,16,false,0,0,false,0,0,0,0,0,climate_trace_reference_pending,,,,,0,,,0,0,2,0,0,1.652902,0,0,0,0,0,0,148,147,2400,true,0,0,0,0,0,0,0,0,0,0,4088,0,3,0,3,0,0,0,0,0,0,0,climate_trace_reference_pending,0,0,0,0,0,0,0,0,0,0,0,0,0,0,0,0,0,0,0,0,0,0,0,0,0,false,
36,149,37238,false,70,50,14.2,13.584,0.012,0.347,native_daily_sim,climate_pass_a,climate_pass_a_struct,gdext_native_daily_slice,3.059,1,0,0,1,-1,-1,,0.326904,2.963604,5.034,6.013,121,8,3,1.5,false,2,8.666,,,,,,,,,,,,,,,,,,,,,,,,,,,,,,,,,,,,,,,,,,0,0,0,0,false,0,0,,0,0,0,0,0,0,0,,,,,false,{},{},{},{},{},{},{},0,0,0.287,0.051,0,2.653,555,217,4,0,0.844,0.123,0.714,0.013,1.503,0.194,0,0,100,0,10.05,117.358,0.023,7.059,705,293123,449,144,144,0,53110,6,6238,2,0,0,2,4800,0,78.331,0,SHADOW,SHADOW,,4095,2050,2045,missing_native_domain_handlers,false,16,false,0,0,false,0,0,0,0,0,climate_trace_reference_pending,,,,,0,,,0,0,2,0,0,1.454682,0,0,0,0,0,0,149,148,2400,true,0,0,0,0,0,0,0,0,0,0,4088,0,3,0,3,0,0,0,0,0,0,0,climate_trace_reference_pending,0,0,0,0,0,0,0,0,0,0,0,0,0,0,0,0,0,0,0,0,0,0,0,0,0,false,
37,150,37299,false,70,50,20.634,19.281,0.749,0.333,ocean_currents,daily_wind_prepass,daily_wind_slp,gdext_daily_wind_slp,0.924,2400,2400,0,0,-1,-1,,2597.402528,2.96042,5.034,6.013,122,8,3,1.5,false,2,8.666,,,,,,,,,,,,,,,,,,,,,,,,,,,,,,,,,,,,,,,,,,2,13,13,1,true,1,0.162,building_commit,0,4,14.124,8.162,1.701,0.312,8,building_commit,building_commit,special_reset,ECONOMY_GRAPH,false,"{""economy:building_commit"":1,""economy:building_plan"":2,""economy:household_market"":1,""native_daily:climate_pass_b"":1,""native_daily:native_daily_complete"":1,""native_daily:native_daily_finalizer"":1,""native_daily:ocean_land"":1,""native_daily:runtime_hydrology"":1,""native_daily:sea_ice"":1,""native_daily:transpiration"":1,""native_daily:weather_stage_b"":1,""native_daily:wind_surface"":1}","{""economy:building_commit"":0.312,""economy:building_plan"":1.789,""economy:household_market"":1.436,""native_daily:climate_pass_b"":0.899,""native_daily:native_daily_complete"":0.689,""native_daily:native_daily_finalizer"":0.766,""native_daily:ocean_land"":1.293,""native_daily:runtime_hydrology"":1.081,""native_daily:sea_ice"":0.58,""native_daily:transpiration"":0.524,""native_daily:weather_stage_b"":1.701,""native_daily:wind_surface"":0.848}","{""economy:building_commit"":0.312,""economy:building_plan"":1.626,""economy:household_market"":1.436,""native_daily:climate_pass_b"":0.899,""native_daily:native_daily_complete"":0.689,""native_daily:native_daily_finalizer"":0.766,""native_daily:ocean_land"":1.293,""native_daily:runtime_hydrology"":1.081,""native_daily:sea_ice"":0.58,""native_daily:transpiration"":0.524,""native_daily:weather_stage_b"":1.701,""native_daily:wind_surface"":0.848}","{""economy:building_commit.review_prepare"":1,""economy:building_commit.special_reset"":1,""economy:household_market.settle.merge_aggregate"":1,""economy:household_market.settle.merge_trade"":1,""economy:household_market.settle.other"":1,""economy:household_market.settle.prepare"":1,""economy:household_market.settle.trace"":1,""economy:household_market.settle.worker"":1}","{""economy:building_commit.review_prepare"":0.0005,""economy:building_commit.special_reset"":0.0002,""economy:household_market.settle.merge_aggregate"":0.0767,""economy:household_market.settle.merge_trade"":0.0086,""economy:household_market.settle.other"":0.000200000000000008,""economy:household_market.settle.prepare"":0.001,""economy:household_market.settle.trace"":0.0036,""economy:household_market.settle.worker"":0.4166}","{""economy:building_commit.review_prepare"":0.0005,""economy:building_commit.special_reset"":0.0002,""economy:household_market.settle.merge_aggregate"":0.0767,""economy:household_market.settle.merge_trade"":0.0086,""economy:household_market.settle.other"":0.000200000000000008,""economy:household_market.settle.prepare"":0.001,""economy:household_market.settle.trace"":0.0036,""economy:household_market.settle.worker"":0.4166}","{""economy:building_commit.review_prepare"":1,""economy:building_commit.special_reset"":4,""economy:household_market.settle.merge_aggregate"":4,""economy:household_market.settle.merge_trade"":4,""economy:household_market.settle.other"":4,""economy:household_market.settle.prepare"":4,""economy:household_market.settle.trace"":4,""economy:household_market.settle.worker"":4}",0,0.001,3.913,0.063,0,1.512,555,217,4,0,0.472,0.152,0.36,0.008,0.347,0.201,0,0,100,0,15.21175,117.358,0.023,9.72375,705,293123,449,146,146,0,53497,7,8171,3,0,0,2,4800,0,78.331,0,SHADOW,SHADOW,,4095,2050,2045,missing_native_domain_handlers,false,16,false,0,0,false,0,0,0,0,0,climate_trace_reference_pending,,,,,0,,,0,0,2,0,0,1.167202,0,0,0,0,0,0,150,149,2400,true,0,0,0,0,0,0,0,0,0,0,4088,0,3,0,3,0,0,0,0,0,0,0,climate_trace_reference_pending,0,0,0,0,0,0,0,0,0,0,0,0,0,0,0,0,0,0,0,0,0,0,0,0,0,false,
38,151,37333,false,70,50,12.431,11.879,0.011,0.275,native_daily_sim,climate_pass_a,climate_pass_a_struct,gdext_native_daily_slice,1.686,1,0,0,1,-1,-1,,0.59312,2.960841,5.034,6.013,123,8,3,1.5,false,2,8.666,,,,,,,,,,,,,,,,,,,,,,,,,,,,,,,,,,,,,,,,,,0,0,0,0,false,0,0,,0,0,0,0,0,0,0,,,,,false,{},{},{},{},{},{},{},0,0.001,0.398,0.051,0,1.869,555,217,4,0,0.64,0,0.69,0.012,0.238,0.444,0,0,100,0,11.173667,117.358,0.023,8.855667,705,293123,449,147,147,0,53866,7,2294,2,0,0,2,4800,0,78.331,0,SHADOW,SHADOW,,4095,2050,2045,missing_native_domain_handlers,false,16,false,0,0,false,0,0,0,0,0,climate_trace_reference_pending,,,,,0,,,0,0,2,0,0,1.274372,0,0,0,0,0,0,151,150,2400,true,0,0,0,0,0,0,0,0,0,0,4088,0,3,0,3,0,0,0,0,0,0,0,climate_trace_reference_pending,0,0,0,0,0,0,0,0,0,0,0,0,0,0,0,0,0,0,0,0,0,0,0,0,0,false,
39,152,37380,false,70,50,18.777,18.258,0.012,0.285,dynamic_visual_atlas_upload,,,cell_indirection_lut,1.415,2400,2400,0,0,-1,-1,,1696.11312,2.962039,5.034,6.013,124,8,3,1.5,false,2,8.666,,,,,,,,,,,,,,,,,,,,,,,,,,,,,,,,,,,,,,,,,,1,9,9,1,true,1,0.07,building_plan,0,3,8.07,8.07,1.933,0.178,8,building_plan,trade_settle,reserve,ECONOMY_GRAPH,false,"{""economy:building_plan"":2,""economy:epoch_begin"":1,""native_daily:climate_pass_b"":1,""native_daily:native_daily_complete"":1,""native_daily:native_daily_finalizer"":1,""native_daily:ocean_land"":1,""native_daily:sea_ice"":1,""native_daily:wind_surface"":1}","{""economy:building_plan"":0.372,""economy:epoch_begin"":1.933,""native_daily:climate_pass_b"":0.59,""native_daily:native_daily_complete"":0.316,""native_daily:native_daily_finalizer"":0.46,""native_daily:ocean_land"":0.778,""native_daily:sea_ice"":0.592,""native_daily:wind_surface"":0.75}","{""economy:building_plan"":0.194,""economy:epoch_begin"":1.933,""native_daily:climate_pass_b"":0.59,""native_daily:native_daily_complete"":0.316,""native_daily:native_daily_finalizer"":0.46,""native_daily:ocean_land"":0.778,""native_daily:sea_ice"":0.592,""native_daily:wind_surface"":0.75}",{},{},{},{},0,0,4.832,0.073,0,1.293,550,217,4,0,0.326,0,0.391,0.01,0.198,0.249,0,0,100,0,15.828,117.358,0.023,9.63,704,293196,449,149,149,0,54621,7,6630,2,0,0,2,4800,0,78.331,0,SHADOW,SHADOW,,4095,2050,2045,missing_native_domain_handlers,false,16,false,0,0,false,0,0,0,0,0,climate_trace_reference_pending,,,,,0,,,0,0,2,0,0,1.310132,0,0,0,0,0,0,152,151,2400,true,0,0,0,0,0,0,0,0,0,0,4088,0,3,0,3,0,0,0,0,0,0,0,climate_trace_reference_pending,0,0,0,0,0,0,0,0,0,0,0,0,0,0,0,0,0,0,0,0,0,0,0,0,0,false,
40,153,37408,false,70,50,12.293,11.694,0.013,0.309,native_daily_sim,climate_pass_a,climate_pass_a_struct,gdext_native_daily_slice,1.471,1,0,0,1,-1,-1,,0.67981,2.960418,5.034,6.013,125,8,3,1.5,false,2,8.666,,,,,,,,,,,,,,,,,,,,,,,,,,,,,,,,,,,,,,,,,,0,0,0,0,false,0,0,,0,0,0,0,0,0,0,,,,,false,{},{},{},{},{},{},{},0,0.001,0.313,0.06,0,2.798,550,217,3,0,1.444,0.099,0.576,0.025,1.382,0.353,0,0,100,0,9.429,117.358,0.023,6.258,704,293246,449,149,149,0,54621,7,6630,2,0,0,2,4800,0,78.331,0,SHADOW,SHADOW,,4095,2050,2045,missing_native_domain_handlers,false,16,false,0,0,false,0,0,0,0,0,climate_trace_reference_pending,,,,,0,,,0,0,2,0,0,1.067302,0,0,0,0,0,0,153,152,2400,true,0,0,0,0,0,0,0,0,0,0,4088,0,3,0,3,0,0,0,0,0,0,0,climate_trace_reference_pending,0,0,0,0,0,0,0,0,0,0,0,0,0,0,0,0,0,0,0,0,0,0,0,0,0,false,
41,154,37458,false,70,50,17.872,17.208,0.012,0.353,trigger_runtime,trigger_evaluate,,TRIGGER_GRAPH,0.834,359,0,0,359,-1,-1,,430.45564,2.948675,5.034,6.013,125,8,3,1.5,false,2,8.666,,,,,,,,,,,,,,,,,,,,,,,,,,,,,,,,,,,,,,,,,,1,9,9,1,true,1,0.562,household_market,0,3,8.562,8.562,1.517,1.407,8,household_market,household_market,settle,ECONOMY_GRAPH,false,"{""economy:building_plan"":2,""economy:household_market"":1,""native_daily:climate_pass_b"":1,""native_daily:native_daily_complete"":1,""native_daily:native_daily_finalizer"":1,""native_daily:ocean_land"":1,""native_daily:sea_ice"":1,""native_daily:wind_surface"":1}","{""economy:building_plan"":1.681,""economy:household_market"":1.407,""native_daily:climate_pass_b"":0.856,""native_daily:native_daily_complete"":0.278,""native_daily:native_daily_finalizer"":0.458,""native_daily:ocean_land"":0.899,""native_daily:sea_ice"":0.51,""native_daily:wind_surface"":0.747}","{""economy:building_plan"":1.517,""economy:household_market"":1.407,""native_daily:climate_pass_b"":0.856,""native_daily:native_daily_complete"":0.278,""native_daily:native_daily_finalizer"":0.458,""native_daily:ocean_land"":0.899,""native_daily:sea_ice"":0.51,""native_daily:wind_surface"":0.747}","{""economy:household_market.settle.merge_aggregate"":1,""economy:household_market.settle.merge_trade"":1,""economy:household_market.settle.other"":1,""economy:household_market.settle.prepare"":1,""economy:household_market.settle.trace"":1,""economy:household_market.settle.worker"":1}","{""economy:household_market.settle.merge_aggregate"":0.0219,""economy:household_market.settle.merge_trade"":0.0067,""economy:household_market.settle.other"":0.00060000000000007,""economy:household_market.settle.prepare"":0.0012,""economy:household_market.settle.trace"":0.0029,""economy:household_market.settle.worker"":0.4894}","{""economy:household_market.settle.merge_aggregate"":0.0219,""economy:household_market.settle.merge_trade"":0.0067,""economy:household_market.settle.other"":0.00060000000000007,""economy:household_market.settle.prepare"":0.0012,""economy:household_market.settle.trace"":0.0029,""economy:household_market.settle.worker"":0.4894}","{""economy:household_market.settle.merge_aggregate"":4,""economy:household_market.settle.merge_trade"":4,""economy:household_market.settle.other"":4,""economy:household_market.settle.prepare"":4,""economy:household_market.settle.trace"":4,""economy:household_market.settle.worker"":4}",0,0.001,4.283,0.057,0,1.876,550,217,4,0,0.615,0,0.747,0.018,0.485,0.218,0,0,100,0,16.502,117.358,0.023,10.286,704,293260,449,151,151,0,55377,7,6239,2,0,0,2,4800,0,78.331,0,SHADOW,SHADOW,,4095,2050,2045,missing_native_domain_handlers,false,16,false,0,0,false,0,0,0,0,0,climate_trace_reference_pending,,,,,0,,,0,0,2,0,0,1.245542,0,0,0,0,0,0,154,153,2400,true,0,0,0,0,0,0,0,0,0,0,4088,0,3,0,3,0,0,0,0,0,0,0,climate_trace_reference_pending,0,0,0,0,0,0,0,0,0,0,0,0,0,0,0,0,0,0,0,0,0,0,0,0,0,false,
42,155,37487,false,70,50,16.7,11.846,0.01,4.607,native_daily_sim,climate_pass_a,climate_pass_a_struct,gdext_native_daily_slice,1.424,1,0,0,1,-1,-1,,0.702247,2.94931,5.034,6.013,126,8,3,1.5,false,2,8.666,,,,,,,,,,,,,,,,,,,,,,,,,,,,,,,,,,,,,,,,,,0,0,0,0,false,0,0,,0,0,0,0,0,0,0,,,,,false,{},{},{},{},{},{},{},0,0,0.323,0.055,0,2.174,550,217,4,0,0.622,0.115,0.738,0.013,0.834,0.218,0,0,100,0,14.3805,117.358,0.023,11.8285,704,293250,449,151,151,0,55377,7,6239,2,0,0,2,4800,0,78.331,0,SHADOW,SHADOW,,4095,2050,2045,missing_native_domain_handlers,false,16,false,0,0,false,0,0,0,0,0,climate_trace_reference_pending,,,,,0,,,0,0,2,0,0,1.740932,0,0,0,0,0,0,155,154,2400,true,0,0,0,0,0,0,0,0,0,0,4088,0,3,0,3,0,0,0,0,0,0,0,climate_trace_reference_pending,0,0,0,0,0,0,0,0,0,0,0,0,0,0,0,0,0,0,0,0,0,0,0,0,0,false,
43,156,37544,false,70,50,19.753,19.237,0.01,0.285,ocean_currents,phys_slp,next_phys_slp,gdext,1.521,0,0,0,0,-1,-1,,0,2.956288,5.034,6.013,127,8,3,1.5,false,2,8.666,,,,,,,,,,,,,,,,,,,,,,,,,,,,,,,,,,,,,,,,,,1,9,9,1,true,1,0.361,building_plan,0,3,8.361,8.361,1.563,0.159,8,building_plan,trade_settle,reserve,ECONOMY_GRAPH,false,"{""economy:building_plan"":3,""native_daily:climate_pass_b"":1,""native_daily:native_daily_complete"":1,""native_daily:native_daily_finalizer"":1,""native_daily:ocean_land"":1,""native_daily:sea_ice"":1,""native_daily:wind_surface"":1}","{""economy:building_plan"":1.922,""native_daily:climate_pass_b"":0.669,""native_daily:native_daily_complete"":0.323,""native_daily:native_daily_finalizer"":0.547,""native_daily:ocean_land"":1.21,""native_daily:sea_ice"":0.623,""native_daily:wind_surface"":0.774}","{""economy:building_plan"":1.563,""native_daily:climate_pass_b"":0.669,""native_daily:native_daily_complete"":0.323,""native_daily:native_daily_finalizer"":0.547,""native_daily:ocean_land"":1.21,""native_daily:sea_ice"":0.623,""native_daily:wind_surface"":0.774}",{},{},{},{},0.001,0,0.314,0.049,0,1.033,550,217,4,0,0.353,0.07,0.482,0.008,0.067,0.186,0,0,100,0,14.305,117.358,0.023,12.909,704,293250,449,153,153,0,56132,7,5909,2,0,0,2,4800,0,78.331,0,SHADOW,SHADOW,,4095,2050,2045,missing_native_domain_handlers,false,16,false,0,0,false,0,0,0,0,0,climate_trace_reference_pending,,,,,0,,,0,0,2,0,0,1.440202,0,0,0,0,0,0,156,155,2400,true,0,0,0,0,0,0,0,0,0,0,4088,0,3,0,3,0,0,0,0,0,0,0,climate_trace_reference_pending,0,0,0,0,0,0,0,0,0,0,0,0,0,0,0,0,0,0,0,0,0,0,0,0,0,false,
44,157,37566,false,70,50,12.902,12.245,0.012,0.365,native_daily_sim,climate_pass_a,climate_pass_a_struct,gdext_native_daily_slice,2.142,1,0,0,1,-1,-1,,0.466853,2.959764,5.034,6.013,128,8,3,1.5,false,2,8.666,,,,,,,,,,,,,,,,,,,,,,,,,,,,,,,,,,,,,,,,,,0,0,0,0,false,0,0,,0,0,0,0,0,0,0,,,,,false,{},{},{},{},{},{},{},0,0,0.239,0.046,0,0.325,542,217,0,0,0,0.316,0,0,0,0,0,0,100,0,11.148,117.358,0.023,10.538,704,293250,449,153,153,0,56132,7,5909,2,0,0,2,4800,0,78.331,0,SHADOW,SHADOW,,4095,2050,2045,missing_native_domain_handlers,false,16,false,0,0,false,0,0,0,0,0,climate_trace_reference_pending,,,,,0,,,0,0,2,0,0,1.916197,0,0,0,0,0,0,157,156,2400,true,0,0,0,0,0,0,0,0,0,0,4088,0,3,0,3,0,0,0,0,0,0,0,climate_trace_reference_pending,0,0,0,0,0,0,0,0,0,0,0,0,0,0,0,0,0,0,0,0,0,0,0,0,0,false,
45,158,37625,false,70,50,16.201,15.167,0.556,0.265,trigger_runtime,trigger_evaluate,,TRIGGER_GRAPH,1.09,355,0,0,355,-1,-1,,325.688063,2.950184,5.034,6.013,128,8,3,1.5,false,2,8.666,,,,,,,,,,,,,,,,,,,,,,,,,,,,,,,,,,,,,,,,,,2,13,13,1,true,1,0.091,household_market,0,4,13.542,8.091,1.708,1.19,8,household_market,household_market,settle,ECONOMY_GRAPH,false,"{""economy:building_plan"":3,""economy:household_market"":1,""native_daily:climate_pass_b"":1,""native_daily:native_daily_complete"":1,""native_daily:native_daily_finalizer"":1,""native_daily:ocean_land"":1,""native_daily:runtime_hydrology"":1,""native_daily:sea_ice"":1,""native_daily:transpiration"":1,""native_daily:weather_stage_b"":1,""native_daily:wind_surface"":1}","{""economy:building_plan"":2.117,""economy:household_market"":1.19,""native_daily:climate_pass_b"":0.662,""native_daily:native_daily_complete"":0.635,""native_daily:native_daily_finalizer"":0.6,""native_daily:ocean_land"":1.285,""native_daily:runtime_hydrology"":1.153,""native_daily:sea_ice"":0.635,""native_daily:transpiration"":0.51,""native_daily:weather_stage_b"":1.547,""native_daily:wind_surface"":0.711}","{""economy:building_plan"":1.708,""economy:household_market"":1.19,""native_daily:climate_pass_b"":0.662,""native_daily:native_daily_complete"":0.635,""native_daily:native_daily_finalizer"":0.6,""native_daily:ocean_land"":1.285,""native_daily:runtime_hydrology"":1.153,""native_daily:sea_ice"":0.635,""native_daily:transpiration"":0.51,""native_daily:weather_stage_b"":1.547,""native_daily:wind_surface"":0.711}","{""economy:household_market.settle.merge_aggregate"":1,""economy:household_market.settle.merge_trade"":1,""economy:household_market.settle.other"":1,""economy:household_market.settle.prepare"":1,""economy:household_market.settle.trace"":1,""economy:household_market.settle.worker"":1}","{""economy:household_market.settle.merge_aggregate"":0.023,""economy:household_market.settle.merge_trade"":0.0073,""economy:household_market.settle.other"":0.000499999999999964,""economy:household_market.settle.prepare"":0.0015,""economy:household_market.settle.trace"":0.0028,""economy:household_market.settle.worker"":0.3708}","{""economy:household_market.settle.merge_aggregate"":0.023,""economy:household_market.settle.merge_trade"":0.0073,""economy:household_market.settle.other"":0.000499999999999964,""economy:household_market.settle.prepare"":0.0015,""economy:household_market.settle.trace"":0.0028,""economy:household_market.settle.worker"":0.3708}","{""economy:household_market.settle.merge_aggregate"":4,""economy:household_market.settle.merge_trade"":4,""economy:household_market.settle.other"":4,""economy:household_market.settle.prepare"":4,""economy:household_market.settle.trace"":4,""economy:household_market.settle.worker"":4}",0,0,4.496,0.062,0,1.251,542,217,4,0,0.42,0,0.635,0.012,0.106,0.177,0,0,100,0,14.848,117.358,0.023,9.039,704,293290,449,155,155,0,56884,7,6110,2,0,0,2,4800,0,78.331,0,SHADOW,SHADOW,,4095,2050,2045,missing_native_domain_handlers,false,16,false,0,0,false,0,0,0,0,0,climate_trace_reference_pending,,,,,0,,,0,0,2,0,0,1.709182,0,0,0,0,0,0,158,157,2400,true,0,0,0,0,0,0,0,0,0,0,4088,0,3,0,3,0,0,0,0,0,0,0,climate_trace_reference_pending,0,0,0,0,0,0,0,0,0,0,0,0,0,0,0,0,0,0,0,0,0,0,0,0,0,false,
46,159,37650,false,70,50,12.288,11.691,0.012,0.308,native_daily_sim,climate_pass_a,climate_pass_a_struct,gdext_native_daily_slice,1.604,1,0,0,1,-1,-1,,0.623441,2.949126,5.034,6.013,129,8,3,1.5,false,2,8.666,,,,,,,,,,,,,,,,,,,,,,,,,,,,,,,,,,,,,,,,,,0,0,0,0,false,0,0,,0,0,0,0,0,0,0,,,,,false,{},{},{},{},{},{},{},0,0.001,0.373,0.073,0,2.686,542,217,4,0,1.15,0,0.668,0.014,1.166,0.363,0,0,100,0,12.1815,117.358,0.023,9.0495,704,293290,449,155,155,0,56884,7,6110,2,0,0,2,4800,0,78.331,0,SHADOW,SHADOW,,4095,2050,2045,missing_native_domain_handlers,false,16,false,0,0,false,0,0,0,0,0,climate_trace_reference_pending,,,,,0,,,0,0,2,0,0,1.142342,0,0,0,0,0,0,159,158,2400,true,0,0,0,0,0,0,0,0,0,0,4088,0,3,0,3,0,0,0,0,0,0,0,climate_trace_reference_pending,0,0,0,0,0,0,0,0,0,0,0,0,0,0,0,0,0,0,0,0,0,0,0,0,0,false,
47,160,37703,false,70,50,20.996,20.324,0.013,0.36,dynamic_visual_atlas_upload,,,cell_indirection_lut,1.566,2400,2400,0,0,-1,-1,,1532.567065,2.955331,4.959,6.013,130,8,3,1.5,false,2,8.666,,,,,,,,,,,,,,,,,,,,,,,,,,,,,,,,,,,,,,,,,,1,7,7,1,true,1,0.255,epoch_begin,0,1,8.255,8.255,2.182,2.182,8,epoch_begin,building_plan,,ECONOMY_GRAPH,false,"{""economy:epoch_begin"":1,""native_daily:climate_pass_b"":1,""native_daily:native_daily_complete"":1,""native_daily:native_daily_finalizer"":1,""native_daily:ocean_land"":1,""native_daily:sea_ice"":1,""native_daily:wind_surface"":1}","{""economy:epoch_begin"":2.182,""native_daily:climate_pass_b"":0.718,""native_daily:native_daily_complete"":0.306,""native_daily:native_daily_finalizer"":0.504,""native_daily:ocean_land"":1.249,""native_daily:sea_ice"":0.81,""native_daily:wind_surface"":0.885}","{""economy:epoch_begin"":2.182,""native_daily:climate_pass_b"":0.718,""native_daily:native_daily_complete"":0.306,""native_daily:native_daily_finalizer"":0.504,""native_daily:ocean_land"":1.249,""native_daily:sea_ice"":0.81,""native_daily:wind_surface"":0.885}",{},{},{},{},0,0.001,5.841,0.046,0,1.197,542,217,4,0,0.338,0,0.544,0.008,0.066,0.22,0,0,100,0,17.569667,117.358,0.023,10.485667,704,293330,449,157,157,0,57641,7,7265,2,0,0,2,4800,0,78.331,0,SHADOW,SHADOW,,4095,2050,2045,missing_native_domain_handlers,false,16,false,0,0,false,0,0,0,0,0,climate_trace_reference_pending,,,,,0,,,0,0,2,0,0,1.335787,0,0,0,0,0,0,160,159,2400,true,0,0,0,0,0,0,0,0,0,0,4088,0,3,0,3,0,0,0,0,0,0,0,climate_trace_reference_pending,0,0,0,0,0,0,0,0,0,0,0,0,0,0,0,0,0,0,0,0,0,0,0,0,0,false,
48,161,37729,false,70,50,11.927,11.34,0.012,0.296,native_daily_sim,climate_pass_a,climate_pass_a_struct,gdext_native_daily_slice,1.543,1,0,0,1,-1,-1,,0.648088,2.95364,4.959,6.013,131,8,3,1.5,false,2,8.666,,,,,,,,,,,,,,,,,,,,,,,,,,,,,,,,,,,,,,,,,,0,0,0,0,false,0,0,,0,0,0,0,0,0,0,,,,,false,{},{},{},{},{},{},{},0,0.001,0.373,0.069,0,0.339,542,217,0,0,0,0.334,0,0,0,0,0,0,100,0,8.763,117.358,0.023,7.982,705,293332,449,157,157,0,57641,7,7265,2,0,0,2,4800,0,78.331,0,SHADOW,SHADOW,,4095,2050,2045,missing_native_domain_handlers,false,16,false,0,0,false,0,0,0,0,0,climate_trace_reference_pending,,,,,0,,,0,0,2,0,0,1.098002,0,0,0,0,0,0,161,160,2400,true,0,0,0,0,0,0,0,0,0,0,4088,0,3,0,3,0,0,0,0,0,0,0,climate_trace_reference_pending,0,0,0,0,0,0,0,0,0,0,0,0,0,0,0,0,0,0,0,0,0,0,0,0,0,false,
49,162,37780,false,70,50,20.26,19.714,0.012,0.286,ocean_currents,daily_wind_prepass,daily_wind_slp,gdext_daily_wind_slp,1.076,2400,2400,0,0,-1,-1,,2230.483323,2.950975,4.959,6.013,132,8,3,1.5,false,2,8.666,,,,,,,,,,,,,,,,,,,,,,,,,,,,,,,,,,,,,,,,,,1,8,8,1,true,1,0.218,building_plan,0,2,8.218,8.218,1.712,0.196,8,building_plan,building_plan,evaluate,ECONOMY_GRAPH,false,"{""economy:building_plan"":1,""economy:epoch_begin"":1,""native_daily:climate_pass_b"":1,""native_daily:native_daily_complete"":1,""native_daily:native_daily_finalizer"":1,""native_daily:ocean_land"":1,""native_daily:sea_ice"":1,""native_daily:wind_surface"":1}","{""economy:building_plan"":0.196,""economy:epoch_begin"":1.712,""native_daily:climate_pass_b"":0.7,""native_daily:native_daily_complete"":0.404,""native_daily:native_daily_finalizer"":0.628,""native_daily:ocean_land"":1.011,""native_daily:sea_ice"":0.761,""native_daily:wind_surface"":0.886}","{""economy:building_plan"":0.196,""economy:epoch_begin"":1.712,""native_daily:climate_pass_b"":0.7,""native_daily:native_daily_complete"":0.404,""native_daily:native_daily_finalizer"":0.628,""native_daily:ocean_land"":1.011,""native_daily:sea_ice"":0.761,""native_daily:wind_surface"":0.886}",{},{},{},{},0,0,5.351,0.061,0,1.719,542,217,4,0,0.503,0,0.652,0.025,0.431,0.257,0,0,100,0,17.024667,117.358,0.023,9.893667,705,293203,449,159,159,0,58397,7,7288,2,0,0,2,4800,0,78.331,0,SHADOW,SHADOW,,4095,2050,2045,missing_native_domain_handlers,false,16,false,0,0,false,0,0,0,0,0,climate_trace_reference_pending,,,,,0,,,0,0,2,0,0,1.246252,0,0,0,0,0,0,162,161,2400,true,0,0,0,0,0,0,0,0,0,0,4088,0,3,0,3,0,0,0,0,0,0,0,climate_trace_reference_pending,0,0,0,0,0,0,0,0,0,0,0,0,0,0,0,0,0,0,0,0,0,0,0,0,0,false,
50,163,37803,false,70,50,11.705,11.231,0.011,0.261,native_daily_sim,climate_pass_a,climate_pass_a_struct,gdext_native_daily_slice,1.619,1,0,0,1,-1,-1,,0.617665,2.950791,4.959,6.013,133,8,3,1.5,false,2,8.666,,,,,,,,,,,,,,,,,,,,,,,,,,,,,,,,,,,,,,,,,,0,0,0,0,false,0,0,,0,0,0,0,0,0,0,,,,,false,{},{},{},{},{},{},{},0,0.001,0.298,0.06,0,1.385,542,217,4,0,0.469,0,0.64,0.017,0.22,0.155,0,0,100,0,11.3695,117.358,0.023,9.6265,705,293258,449,159,159,0,58397,7,7288,2,0,0,2,4800,0,78.331,0,SHADOW,SHADOW,,4095,2050,2045,missing_native_domain_handlers,false,16,false,0,0,false,0,0,0,0,0,climate_trace_reference_pending,,,,,0,,,0,0,2,0,0,1.815242,0,0,0,0,0,0,163,162,2400,true,0,0,0,0,0,0,0,0,0,0,4088,0,3,0,3,0,0,0,0,0,0,0,climate_trace_reference_pending,0,0,0,0,0,0,0,0,0,0,0,0,0,0,0,0,0,0,0,0,0,0,0,0,0,false,
51,164,37848,false,70,50,19.081,18.495,0.012,0.341,dynamic_visual_atlas_upload,,,cell_indirection_lut,1.628,2400,2400,0,0,-1,-1,,1474.201455,2.952085,4.959,6.013,134,8,3,1.5,false,2,8.666,,,,,,,,,,,,,,,,,,,,,,,,,,,,,,,,,,,,,,,,,,1,9,9,1,true,1,0.054,building_production,0,3,8.054,8.054,1.402,1.029,8,building_production,building_production,,ECONOMY_GRAPH,false,"{""economy:building_plan"":2,""economy:building_production"":1,""native_daily:climate_pass_b"":1,""native_daily:native_daily_complete"":1,""native_daily:native_daily_finalizer"":1,""native_daily:ocean_land"":1,""native_daily:sea_ice"":1,""native_daily:wind_surface"":1}","{""economy:building_plan"":1.57,""economy:building_production"":1.029,""native_daily:climate_pass_b"":0.597,""native_daily:native_daily_complete"":0.284,""native_daily:native_daily_finalizer"":0.42,""native_daily:ocean_land"":0.876,""native_daily:sea_ice"":0.58,""native_daily:wind_surface"":0.647}","{""economy:building_plan"":1.402,""economy:building_production"":1.029,""native_daily:climate_pass_b"":0.597,""native_daily:native_daily_complete"":0.284,""native_daily:native_daily_finalizer"":0.42,""native_daily:ocean_land"":0.876,""native_daily:sea_ice"":0.58,""native_daily:wind_surface"":0.647}",{},{},{},{},0,0.001,4.293,0.044,0,0.995,542,217,4,0,0.318,0,0.307,0.006,0.238,0.177,0,0,100,0,15.183333,117.358,0.023,9.851333,705,293258,449,161,161,0,59155,7,5545,2,0,0,2,4800,0,78.331,0,SHADOW,SHADOW,,4095,2050,2045,missing_native_domain_handlers,false,16,false,0,0,false,0,0,0,0,0,climate_trace_reference_pending,,,,,0,,,0,0,2,0,0,1.697632,0,0,0,0,0,0,164,163,2400,true,0,0,0,0,0,0,0,0,0,0,4088,0,3,0,3,0,0,0,0,0,0,0,climate_trace_reference_pending,0,0,0,0,0,0,0,0,0,0,0,0,0,0,0,0,0,0,0,0,0,0,0,0,0,false,
52,165,37871,false,70,50,13.213,12.641,0.012,0.333,native_daily_sim,climate_pass_a,climate_pass_a_struct,gdext_native_daily_slice,2.117,1,0,0,1,-1,-1,,0.472367,2.957551,4.959,6.013,135,8,3,1.5,false,2,8.666,,,,,,,,,,,,,,,,,,,,,,,,,,,,,,,,,,,,,,,,,,0,0,0,0,false,0,0,,0,0,0,0,0,0,0,,,,,false,{},{},{},{},{},{},{},0,0.001,0.25,0.057,0,0.964,542,217,4,0,0.263,0.07,0.375,0.006,0.028,0.14,0,0,100,0,11.3025,117.358,0.023,10.0315,705,293258,449,161,161,0,59155,7,5545,2,0,0,2,4800,0,78.331,0,SHADOW,SHADOW,,4095,2050,2045,missing_native_domain_handlers,false,16,false,0,0,false,0,0,0,0,0,climate_trace_reference_pending,,,,,0,,,0,0,2,0,0,1.136242,0,0,0,0,0,0,165,164,2400,true,0,0,0,0,0,0,0,0,0,0,4088,0,3,0,3,0,0,0,0,0,0,0,climate_trace_reference_pending,0,0,0,0,0,0,0,0,0,0,0,0,0,0,0,0,0,0,0,0,0,0,0,0,0,false,
53,166,37931,false,70,50,21.328,17.287,0.529,0.3,trigger_runtime,trigger_evaluate,,TRIGGER_GRAPH,0.985,357,0,0,357,-1,-1,,362.436543,2.947868,4.959,6.013,135,8,3,1.5,false,2,8.666,,,,,,,,,,,,,,,,,,,,,,,,,,,,,,,,,,,,,,,,,,2,15,15,1,true,1,0.126,family_commit,0,6,13.643,8.126,1.604,0.127,8,family_commit,family_commit,formation,ECONOMY_GRAPH,false,"{""economy:building_commit"":1,""economy:building_plan"":2,""economy:family_commit"":2,""economy:household_market"":1,""native_daily:climate_pass_b"":1,""native_daily:native_daily_complete"":1,""native_daily:native_daily_finalizer"":1,""native_daily:ocean_land"":1,""native_daily:runtime_hydrology"":1,""native_daily:sea_ice"":1,""native_daily:transpiration"":1,""native_daily:weather_stage_b"":1,""native_daily:wind_surface"":1}","{""economy:building_commit"":0.328,""economy:building_plan"":1.428,""economy:family_commit"":0.282,""economy:household_market"":1.342,""native_daily:climate_pass_b"":0.566,""native_daily:native_daily_complete"":0.904,""native_daily:native_daily_finalizer"":0.839,""native_daily:ocean_land"":0.893,""native_daily:runtime_hydrology"":0.81,""native_daily:sea_ice"":0.466,""native_daily:transpiration"":0.403,""native_daily:weather_stage_b"":1.604,""native_daily:wind_surface"":0.676}","{""economy:building_commit"":0.328,""economy:building_plan"":1.284,""economy:family_commit"":0.155,""economy:household_market"":1.342,""native_daily:climate_pass_b"":0.566,""native_daily:native_daily_complete"":0.904,""native_daily:native_daily_finalizer"":0.839,""native_daily:ocean_land"":0.893,""native_daily:runtime_hydrology"":0.81,""native_daily:sea_ice"":0.466,""native_daily:transpiration"":0.403,""native_daily:weather_stage_b"":1.604,""native_daily:wind_surface"":0.676}","{""economy:building_commit.review_prepare"":1,""economy:building_commit.special_reset"":1,""economy:household_market.settle.merge_aggregate"":1,""economy:household_market.settle.merge_trade"":1,""economy:household_market.settle.other"":1,""economy:household_market.settle.prepare"":1,""economy:household_market.settle.trace"":1,""economy:household_market.settle.worker"":1}","{""economy:building_commit.review_prepare"":0.0003,""economy:building_commit.special_reset"":0.0002,""economy:household_market.settle.merge_aggregate"":0.0228,""economy:household_market.settle.merge_trade"":0.0067,""economy:household_market.settle.other"":0.00030000000000006,""economy:household_market.settle.prepare"":0.0021,""economy:household_market.settle.trace"":0.0019,""economy:household_market.settle.worker"":0.5267}","{""economy:building_commit.review_prepare"":0.0003,""economy:building_commit.special_reset"":0.0002,""economy:household_market.settle.merge_aggregate"":0.0228,""economy:household_market.settle.merge_trade"":0.0067,""economy:household_market.settle.other"":0.00030000000000006,""economy:household_market.settle.prepare"":0.0021,""economy:household_market.settle.trace"":0.0019,""economy:household_market.settle.worker"":0.5267}","{""economy:building_commit.review_prepare"":1,""economy:building_commit.special_reset"":4,""economy:household_market.settle.merge_aggregate"":4,""economy:household_market.settle.merge_trade"":4,""economy:household_market.settle.other"":4,""economy:household_market.settle.prepare"":4,""economy:household_market.settle.trace"":4,""economy:household_market.settle.worker"":4}",0,0,0.231,0.045,0,3.383,576,219,3,0,1.403,0.152,0.575,0.021,2.008,0.282,0,0,100,0,12.0802,117.358,0.023,8.4212,705,293258,449,163,163,0,59908,7,6743,2,0,0,2,4800,0,78.331,0,SHADOW,SHADOW,,4095,2050,2045,missing_native_domain_handlers,false,16,false,0,0,false,0,0,0,0,0,climate_trace_reference_pending,,,,,0,,,0,0,2,0,0,1.758647,0,0,0,0,0,0,166,165,2400,true,0,0,0,0,0,0,0,0,0,0,4088,0,3,0,3,0,0,0,0,0,0,0,climate_trace_reference_pending,0,0,0,0,0,0,0,0,0,0,0,0,0,0,0,0,0,0,0,0,0,0,0,0,0,false,
54,167,37961,false,70,50,17.354,9.785,0.008,0.276,native_daily_sim,climate_pass_a,climate_pass_a_struct,gdext_native_daily_slice,1.317,1,0,0,1,-1,-1,,0.759301,2.944299,4.959,6.013,136,8,3,1.5,false,2,8.666,,,,,,,,,,,,,,,,,,,,,,,,,,,,,,,,,,,,,,,,,,0,0,0,0,false,0,0,,0,0,0,0,0,0,0,,,,,false,{},{},{},{},{},{},{},0,0,0.315,0.053,0,1.768,576,263,3,0,0.855,0,0.628,0.02,0.494,0.232,0,0,100,0,14.913,117.358,0.023,12.777,705,293258,449,163,163,0,59908,7,6743,2,0,0,2,4800,0,78.331,0,SHADOW,SHADOW,,4095,2050,2045,missing_native_domain_handlers,false,16,false,0,0,false,0,0,0,0,0,climate_trace_reference_pending,,,,,0,,,0,0,2,0,0,1.426022,0,0,0,0,0,0,167,166,2400,true,0,0,0,0,0,0,0,0,0,0,4088,0,3,0,3,0,0,0,0,0,0,0,climate_trace_reference_pending,0,0,0,0,0,0,0,0,0,0,0,0,0,0,0,0,0,0,0,0,0,0,0,0,0,false,
55,168,38014,false,70,50,20.131,19.594,0.011,0.328,ocean_currents,phys_slp,next_phys_slp,gdext,1.526,0,0,0,0,-1,-1,,0,2.952244,4.959,6.013,137,8,3,1.5,false,2,8.666,,,,,,,,,,,,,,,,,,,,,,,,,,,,,,,,,,,,,,,,,,1,9,9,1,true,1,0.403,household_market,0,3,8.403,8.403,1.497,1.475,8,household_market,household_market,settle,ECONOMY_GRAPH,false,"{""economy:building_plan"":2,""economy:household_market"":1,""native_daily:climate_pass_b"":1,""native_daily:native_daily_complete"":1,""native_daily:native_daily_finalizer"":1,""native_daily:ocean_land"":1,""native_daily:sea_ice"":1,""native_daily:wind_surface"":1}","{""economy:building_plan"":1.643,""economy:household_market"":1.475,""native_daily:climate_pass_b"":0.493,""native_daily:native_daily_complete"":0.293,""native_daily:native_daily_finalizer"":0.422,""native_daily:ocean_land"":0.792,""native_daily:sea_ice"":0.563,""native_daily:wind_surface"":0.68}","{""economy:building_plan"":1.497,""economy:household_market"":1.475,""native_daily:climate_pass_b"":0.493,""native_daily:native_daily_complete"":0.293,""native_daily:native_daily_finalizer"":0.422,""native_daily:ocean_land"":0.792,""native_daily:sea_ice"":0.563,""native_daily:wind_surface"":0.68}","{""economy:household_market.settle.merge_aggregate"":1,""economy:household_market.settle.merge_trade"":1,""economy:household_market.settle.other"":1,""economy:household_market.settle.prepare"":1,""economy:household_market.settle.trace"":1,""economy:household_market.settle.worker"":1}","{""economy:household_market.settle.merge_aggregate"":0.0238,""economy:household_market.settle.merge_trade"":0.007,""economy:household_market.settle.other"":0.000699999999999975,""economy:household_market.settle.prepare"":0.0016,""economy:household_market.settle.trace"":0.002,""economy:household_market.settle.worker"":0.5414}","{""economy:household_market.settle.merge_aggregate"":0.0238,""economy:household_market.settle.merge_trade"":0.007,""economy:household_market.settle.other"":0.000699999999999975,""economy:household_market.settle.prepare"":0.0016,""economy:household_market.settle.trace"":0.002,""economy:household_market.settle.worker"":0.5414}","{""economy:household_market.settle.merge_aggregate"":4,""economy:household_market.settle.merge_trade"":4,""economy:household_market.settle.other"":4,""economy:household_market.settle.prepare"":4,""economy:household_market.settle.trace"":4,""economy:household_market.settle.worker"":4}",0,0.001,0.376,0.047,0,2.15,576,263,4,0,1.129,0,0.44,0.024,0.953,0.265,0,0,100,0,13.1365,117.358,0.023,10.5635,705,293258,449,165,165,0,60662,7,6265,2,0,0,2,4800,0,78.331,0,SHADOW,SHADOW,,4095,2050,2045,missing_native_domain_handlers,false,16,false,0,0,false,0,0,0,0,0,climate_trace_reference_pending,,,,,0,,,0,0,2,0,0,1.929082,0,0,0,0,0,0,168,167,2400,true,0,0,0,0,0,0,0,0,0,0,4088,0,3,0,3,0,0,0,0,0,0,0,climate_trace_reference_pending,0,0,0,0,0,0,0,0,0,0,0,0,0,0,0,0,0,0,0,0,0,0,0,0,0,false,
56,169,38037,false,74,50,11.839,11.257,0.011,0.338,native_daily_sim,climate_pass_a,climate_pass_a_struct,gdext_native_daily_slice,1.658,1,0,0,1,-1,-1,,0.603136,2.952166,4.959,6.013,138,8,3,1.5,false,2,8.666,,,,,,,,,,,,,,,,,,,,,,,,,,,,,,,,,,,,,,,,,,0,0,0,0,false,0,0,,0,0,0,0,0,0,0,,,,,false,{},{},{},{},{},{},{},0.001,0,0.261,0.045,0,1.288,576,263,4,0,0.471,0,0.364,0.019,0.264,0.215,0,0,100,0,11.4695,32.517,0.052,9.8755,705,293258,449,165,165,0,60662,7,6265,2,0,0,2,4800,0,78.331,0,SHADOW,SHADOW,,4095,2050,2045,missing_native_domain_handlers,false,16,false,0,0,false,0,0,0,0,0,climate_trace_reference_pending,,,,,0,,,0,0,2,0,0,1.489377,0,0,0,0,0,0,169,168,2400,true,0,0,0,0,0,0,0,0,0,0,4088,0,3,0,3,0,0,0,0,0,0,0,climate_trace_reference_pending,0,0,0,0,0,0,0,0,0,0,0,0,0,0,0,0,0,0,0,0,0,0,0,0,0,false,
57,170,38081,false,74,50,18.133,17.516,0.012,0.354,trigger_runtime,trigger_evaluate,,TRIGGER_GRAPH,0.91,357,0,0,357,-1,-1,,392.307681,2.945018,4.959,6.013,138,8,3,1.5,false,2,8.666,,,,,,,,,,,,,,,,,,,,,,,,,,,,,,,,,,,,,,,,,,1,9,9,1,true,1,0.704,building_production,0,3,8.704,8.704,1.755,0.956,8,building_production,building_production,,ECONOMY_GRAPH,false,"{""economy:building_plan"":2,""economy:building_production"":1,""native_daily:climate_pass_b"":1,""native_daily:native_daily_complete"":1,""native_daily:native_daily_finalizer"":1,""native_daily:ocean_land"":1,""native_daily:sea_ice"":1,""native_daily:wind_surface"":1}","{""economy:building_plan"":1.92,""economy:building_production"":0.956,""native_daily:climate_pass_b"":0.539,""native_daily:native_daily_complete"":0.411,""native_daily:native_daily_finalizer"":0.531,""native_daily:ocean_land"":1.123,""native_daily:sea_ice"":0.594,""native_daily:wind_surface"":0.767}","{""economy:building_plan"":1.755,""economy:building_production"":0.956,""native_daily:climate_pass_b"":0.539,""native_daily:native_daily_complete"":0.411,""native_daily:native_daily_finalizer"":0.531,""native_daily:ocean_land"":1.123,""native_daily:sea_ice"":0.594,""native_daily:wind_surface"":0.767}",{},{},{},{},0,0.001,4.441,0.048,0,0.167,544,263,0,0,0,0.159,0,0,0,0,0,0,100,0,14.75,32.517,0.052,10.094,705,293258,449,167,167,0,61420,7,6463,2,0,0,2,4800,0,78.331,0,SHADOW,SHADOW,,4095,2050,2045,missing_native_domain_handlers,false,16,false,0,0,false,0,0,0,0,0,climate_trace_reference_pending,,,,,0,,,0,0,2,0,0,1.403417,0,0,0,0,0,0,170,169,2400,true,0,0,0,0,0,0,0,0,0,0,4088,0,3,0,3,0,0,0,0,0,0,0,climate_trace_reference_pending,0,0,0,0,0,0,0,0,0,0,0,0,0,0,0,0,0,0,0,0,0,0,0,0,0,false,
58,171,38100,false,74,50,10.424,9.974,0.009,0.266,native_daily_sim,climate_pass_a,climate_pass_a_struct,gdext_native_daily_slice,1.437,1,0,0,1,-1,-1,,0.695894,2.942725,4.959,6.013,139,8,3,1.5,false,2,8.666,,,,,,,,,,,,,,,,,,,,,,,,,,,,,,,,,,,,,,,,,,0,0,0,0,false,0,0,,0,0,0,0,0,0,0,,,,,false,{},{},{},{},{},{},{},0,0,0.221,0.047,0,0.32,544,263,0,0,0,0.316,0,0,0,0,0,0,100,0,9.415,32.517,0.052,8.827,705,293258,449,167,167,0,61420,7,6463,2,0,0,2,4800,0,78.331,0,SHADOW,SHADOW,,4095,2050,2045,missing_native_domain_handlers,false,16,false,0,0,false,0,0,0,0,0,climate_trace_reference_pending,,,,,0,,,0,0,2,0,0,1.701252,0,0,0,0,0,0,171,170,2400,true,0,0,0,0,0,0,0,0,0,0,4088,0,3,0,3,0,0,0,0,0,0,0,climate_trace_reference_pending,0,0,0,0,0,0,0,0,0,0,0,0,0,0,0,0,0,0,0,0,0,0,0,0,0,false,
59,172,38146,false,74,50,18.824,18.27,0.011,0.322,dynamic_visual_atlas_upload,,,cell_indirection_lut,1.59,2400,2400,0,0,-1,-1,,1509.433931,2.943372,4.959,6.013,140,8,3,1.5,false,2,8.666,,,,,,,,,,,,,,,,,,,,,,,,,,,,,,,,,,,,,,,,,,1,9,9,1,true,1,0.272,household_market,0,3,8.272,8.272,1.518,1.367,8,household_market,household_market,settle,ECONOMY_GRAPH,false,"{""economy:building_plan"":2,""economy:household_market"":1,""native_daily:climate_pass_b"":1,""native_daily:native_daily_complete"":1,""native_daily:native_daily_finalizer"":1,""native_daily:ocean_land"":1,""native_daily:sea_ice"":1,""native_daily:wind_surface"":1}","{""economy:building_plan"":1.666,""economy:household_market"":1.367,""native_daily:climate_pass_b"":0.514,""native_daily:native_daily_complete"":0.267,""native_daily:native_daily_finalizer"":0.421,""native_daily:ocean_land"":0.83,""native_daily:sea_ice"":0.492,""native_daily:wind_surface"":0.684}","{""economy:building_plan"":1.518,""economy:household_market"":1.367,""native_daily:climate_pass_b"":0.514,""native_daily:native_daily_complete"":0.267,""native_daily:native_daily_finalizer"":0.421,""native_daily:ocean_land"":0.83,""native_daily:sea_ice"":0.492,""native_daily:wind_surface"":0.684}","{""economy:household_market.settle.merge_aggregate"":1,""economy:household_market.settle.merge_trade"":1,""economy:household_market.settle.other"":1,""economy:household_market.settle.prepare"":1,""economy:household_market.settle.trace"":1,""economy:household_market.settle.worker"":1}","{""economy:household_market.settle.merge_aggregate"":0.0514,""economy:household_market.settle.merge_trade"":0.0106,""economy:household_market.settle.other"":0.000699999999999935,""economy:household_market.settle.prepare"":0.0016,""economy:household_market.settle.trace"":0.0034,""economy:household_market.settle.worker"":0.5051}","{""economy:household_market.settle.merge_aggregate"":0.0514,""economy:household_market.settle.merge_trade"":0.0106,""economy:household_market.settle.other"":0.000699999999999935,""economy:household_market.settle.prepare"":0.0016,""economy:household_market.settle.trace"":0.0034,""economy:household_market.settle.worker"":0.5051}","{""economy:household_market.settle.merge_aggregate"":4,""economy:household_market.settle.merge_trade"":4,""economy:household_market.settle.other"":4,""economy:household_market.settle.prepare"":4,""economy:household_market.settle.trace"":4,""economy:household_market.settle.worker"":4}",0,0,3.365,0.045,0,0.476,544,263,1,0,0.43,0,0.197,0.006,0.089,0.072,0,0,100,0,15.481,32.517,0.052,11.595,705,293258,449,169,169,0,62177,7,6091,2,0,0,2,4800,0,78.331,0,SHADOW,SHADOW,,4095,2050,2045,missing_native_domain_handlers,false,16,false,0,0,false,0,0,0,0,0,climate_trace_reference_pending,,,,,0,,,0,0,2,0,0,1.597432,0,0,0,0,0,0,172,171,2400,true,0,0,0,0,0,0,0,0,0,0,4088,0,3,0,3,0,0,0,0,0,0,0,climate_trace_reference_pending,0,0,0,0,0,0,0,0,0,0,0,0,0,0,0,0,0,0,0,0,0,0,0,0,0,false,
60,173,38171,false,74,50,13.03,12.414,0.012,0.327,native_daily_sim,climate_pass_a,climate_pass_a_struct,gdext_native_daily_slice,2.452,1,0,0,1,-1,-1,,0.40783,2.947647,4.959,6.013,141,8,3,1.5,false,2,8.666,,,,,,,,,,,,,,,,,,,,,,,,,,,,,,,,,,,,,,,,,,0,0,0,0,false,0,0,,0,0,0,0,0,0,0,,,,,false,{},{},{},{},{},{},{},0,0,0.279,0.049,0,1.725,544,263,4,0,0.453,0,0.587,0.028,0.492,0.192,0,0,100,0,12.497,32.517,0.052,10.444,705,293258,449,169,169,0,62177,7,6091,2,0,0,2,4800,0,78.331,0,SHADOW,SHADOW,,4095,2050,2045,missing_native_domain_handlers,false,16,false,0,0,false,0,0,0,0,0,climate_trace_reference_pending,,,,,0,,,0,0,2,0,0,1.149332,0,0,0,0,0,0,173,172,2400,true,0,0,0,0,0,0,0,0,0,0,4088,0,3,0,3,0,0,0,0,0,0,0,climate_trace_reference_pending,0,0,0,0,0,0,0,0,0,0,0,0,0,0,0,0,0,0,0,0,0,0,0,0,0,false,
61,174,38230,false,74,50,17.2,16.199,0.525,0.281,trigger_runtime,trigger_evaluate,,TRIGGER_GRAPH,1.096,358,0,0,358,-1,-1,,326.642349,2.945103,4.959,6.013,142,8,3,1.5,false,2,8.666,,,,,,,,,,,,,,,,,,,,,,,,,,,,,,,,,,,,,,,,,,2,14,14,1,true,1,0.311,family_commit,0,5,14.303,8.311,1.911,0.167,8,family_commit,family_commit,normalize,ECONOMY_GRAPH,false,"{""economy:building_commit"":1,""economy:building_plan"":2,""economy:family_commit"":1,""economy:household_market"":1,""native_daily:climate_pass_b"":1,""native_daily:native_daily_complete"":1,""native_daily:native_daily_finalizer"":1,""native_daily:ocean_land"":1,""native_daily:runtime_hydrology"":1,""native_daily:sea_ice"":1,""native_daily:transpiration"":1,""native_daily:weather_stage_b"":1,""native_daily:wind_surface"":1}","{""economy:building_commit"":0.391,""economy:building_plan"":1.618,""economy:family_commit"":0.167,""economy:household_market"":1.319,""native_daily:climate_pass_b"":0.853,""native_daily:native_daily_complete"":0.599,""native_daily:native_daily_finalizer"":0.505,""native_daily:ocean_land"":1.101,""native_daily:runtime_hydrology"":0.968,""native_daily:sea_ice"":0.692,""native_daily:transpiration"":0.583,""native_daily:weather_stage_b"":1.911,""native_daily:wind_surface"":0.746}","{""economy:building_commit"":0.391,""economy:building_plan"":1.451,""economy:family_commit"":0.167,""economy:household_market"":1.319,""native_daily:climate_pass_b"":0.853,""native_daily:native_daily_complete"":0.599,""native_daily:native_daily_finalizer"":0.505,""native_daily:ocean_land"":1.101,""native_daily:runtime_hydrology"":0.968,""native_daily:sea_ice"":0.692,""native_daily:transpiration"":0.583,""native_daily:weather_stage_b"":1.911,""native_daily:wind_surface"":0.746}","{""economy:building_commit.review_prepare"":1,""economy:building_commit.special_reset"":1,""economy:household_market.settle.merge_aggregate"":1,""economy:household_market.settle.merge_trade"":1,""economy:household_market.settle.other"":1,""economy:household_market.settle.prepare"":1,""economy:household_market.settle.trace"":1,""economy:household_market.settle.worker"":1}","{""economy:building_commit.review_prepare"":0.0004,""economy:building_commit.special_reset"":0.0002,""economy:household_market.settle.merge_aggregate"":0.0293,""economy:household_market.settle.merge_trade"":0.0086,""economy:household_market.settle.other"":0.0008,""economy:household_market.settle.prepare"":0.0019,""economy:household_market.settle.trace"":0.0026,""economy:household_market.settle.worker"":0.425}","{""economy:building_commit.review_prepare"":0.0004,""economy:building_commit.special_reset"":0.0002,""economy:household_market.settle.merge_aggregate"":0.0293,""economy:household_market.settle.merge_trade"":0.0086,""economy:household_market.settle.other"":0.0008,""economy:household_market.settle.prepare"":0.0019,""economy:household_market.settle.trace"":0.0026,""economy:household_market.settle.worker"":0.425}","{""economy:building_commit.review_prepare"":1,""economy:building_commit.special_reset"":4,""economy:household_market.settle.merge_aggregate"":4,""economy:household_market.settle.merge_trade"":4,""economy:household_market.settle.other"":4,""economy:household_market.settle.prepare"":4,""economy:household_market.settle.trace"":4,""economy:household_market.settle.worker"":4}",0,0,3.763,0.062,0,1.181,544,263,4,0,0.379,0,0.378,0.016,0.312,0.186,0,0,100,0,14.8155,32.517,0.052,9.8095,705,293258,449,171,171,0,62932,7,5544,2,0,0,2,4800,0,78.331,0,SHADOW,SHADOW,,4095,2050,2045,missing_native_domain_handlers,false,16,false,0,0,false,0,0,0,0,0,climate_trace_reference_pending,,,,,0,,,0,0,2,0,0,1.926152,0,0,0,0,0,0,174,173,2400,true,0,0,0,0,0,0,0,0,0,0,4088,0,3,0,3,0,0,0,0,0,0,0,climate_trace_reference_pending,0,0,0,0,0,0,0,0,0,0,0,0,0,0,0,0,0,0,0,0,0,0,0,0,0,false,
62,175,38272,false,74,50,26.567,18.473,0.012,7.812,natural_resource_daily,natural_resource_daily,,gdext,2.867,2400,0,0,2400,-1,-1,,837.111934,2.968366,5.034,7.016,143,8,3,1.5,false,2,8.666,,,,,,,,,,,,,,,,,,,,,,,,,,,,,,,,,,,,,,,,,,0,0,0,0,false,0,0,,0,0,0,0,0,0,0,,,,,false,{},{},{},{},{},{},{},0,0,0.31,0.046,0,1.904,544,263,4,0,0.856,0.127,0.36,0.013,0.848,0.2,0,0,100,0,14.053,32.517,0.052,11.793,705,293258,449,171,171,0,62932,7,5544,2,0,0,2,4800,0,78.331,0,SHADOW,SHADOW,,4095,2050,2045,missing_native_domain_handlers,false,16,false,0,0,false,0,0,0,0,0,climate_trace_reference_pending,,,,,0,,,0,0,2,0,0,1.684027,0,0,0,0,0,0,175,174,2400,true,0,0,0,0,0,0,0,0,0,0,4088,0,3,0,3,0,0,0,0,0,0,0,climate_trace_reference_pending,0,0,0,0,0,0,0,0,0,0,0,0,0,0,0,0,0,0,0,0,0,0,0,0,0,false,
63,176,38340,false,74,50,21.974,21.394,0.011,0.33,dynamic_visual_atlas_upload,,,cell_indirection_lut,1.335,2400,2400,0,0,-1,-1,,1797.752758,2.971705,5.034,7.016,144,8,3,1.5,false,2,8.666,,,,,,,,,,,,,,,,,,,,,,,,,,,,,,,,,,,,,,,,,,2,10,10,1,true,1,1.585,household_market,0,4,14.651,9.585,3.881,1.558,8,household_market,household_market,settle,ECONOMY_GRAPH,false,"{""economy:building_plan"":2,""economy:epoch_begin"":1,""economy:household_market"":1,""native_daily:climate_pass_b"":1,""native_daily:native_daily_complete"":1,""native_daily:native_daily_finalizer"":1,""native_daily:ocean_land"":1,""native_daily:sea_ice"":1,""native_daily:wind_surface"":1}","{""economy:building_plan"":0.646,""economy:epoch_begin"":3.881,""economy:household_market"":1.558,""native_daily:climate_pass_b"":0.931,""native_daily:native_daily_complete"":0.764,""native_daily:native_daily_finalizer"":0.636,""native_daily:ocean_land"":1.251,""native_daily:sea_ice"":0.771,""native_daily:wind_surface"":1.35}","{""economy:building_plan"":0.478,""economy:epoch_begin"":3.881,""economy:household_market"":1.558,""native_daily:climate_pass_b"":0.931,""native_daily:native_daily_complete"":0.764,""native_daily:native_daily_finalizer"":0.636,""native_daily:ocean_land"":1.251,""native_daily:sea_ice"":0.771,""native_daily:wind_surface"":1.35}","{""economy:household_market.settle.merge_aggregate"":1,""economy:household_market.settle.merge_trade"":1,""economy:household_market.settle.other"":1,""economy:household_market.settle.prepare"":1,""economy:household_market.settle.trace"":1,""economy:household_market.settle.worker"":1}","{""economy:household_market.settle.merge_aggregate"":0.1194,""economy:household_market.settle.merge_trade"":0.0134,""economy:household_market.settle.other"":0.000700000000000029,""economy:household_market.settle.prepare"":0.0025,""economy:household_market.settle.trace"":0.0043,""economy:household_market.settle.worker"":0.5672}","{""economy:household_market.settle.merge_aggregate"":0.1194,""economy:household_market.settle.merge_trade"":0.0134,""economy:household_market.settle.other"":0.000700000000000029,""economy:household_market.settle.prepare"":0.0025,""economy:household_market.settle.trace"":0.0043,""economy:household_market.settle.worker"":0.5672}","{""economy:household_market.settle.merge_aggregate"":4,""economy:household_market.settle.merge_trade"":4,""economy:household_market.settle.other"":4,""economy:household_market.settle.prepare"":4,""economy:household_market.settle.trace"":4,""economy:household_market.settle.worker"":4}",0,0.002,5.819,0.075,0,1.012,512,263,3,0,0.418,0.046,0.269,0.007,0.211,0.188,0,0,100,0,16.878,32.517,0.052,9.972,705,293258,449,173,173,0,63692,7,5948,2,0,0,2,4800,0,78.331,0,SHADOW,SHADOW,,4095,2050,2045,missing_native_domain_handlers,false,16,false,0,0,false,0,0,0,0,0,climate_trace_reference_pending,,,,,0,,,0,0,2,0,0,1.281122,0,0,0,0,0,0,176,175,2400,true,0,0,0,0,0,0,0,0,0,0,4088,0,3,0,3,0,0,0,0,0,0,0,climate_trace_reference_pending,0,0,0,0,0,0,0,0,0,0,0,0,0,0,0,0,0,0,0,0,0,0,0,0,0,false,
64,177,38367,false,74,50,13.8,13.299,0.01,0.292,native_daily_sim,climate_pass_a,climate_pass_a_struct,gdext_native_daily_slice,1.366,1,0,0,1,-1,-1,,0.732064,2.969678,5.034,7.016,145,8,3,1.5,false,2,8.666,,,,,,,,,,,,,,,,,,,,,,,,,,,,,,,,,,,,,,,,,,0,0,0,0,false,0,0,,0,0,0,0,0,0,0,,,,,false,{},{},{},{},{},{},{},0,0,0.259,0.074,0,0.363,512,263,0,0,0,0.359,0,0,0,0,0,0,100,0,8.953667,32.517,0.052,8.257667,705,293258,449,173,173,0,63692,7,5948,2,0,0,2,4800,0,78.331,0,SHADOW,SHADOW,,4095,2050,2045,missing_native_domain_handlers,false,16,false,0,0,false,0,0,0,0,0,climate_trace_reference_pending,,,,,0,,,0,0,2,0,0,1.995807,0,0,0,0,0,0,177,176,2400,true,0,0,0,0,0,0,0,0,0,0,4088,0,3,0,3,0,0,0,0,0,0,0,climate_trace_reference_pending,0,0,0,0,0,0,0,0,0,0,0,0,0,0,0,0,0,0,0,0,0,0,0,0,0,false,
65,178,38423,false,74,50,18.021,17.396,0.012,0.369,trigger_runtime,trigger_evaluate,,TRIGGER_GRAPH,1.304,357,0,0,357,-1,-1,,273.773002,2.962039,5.034,7.016,145,8,3,1.5,false,2,8.666,,,,,,,,,,,,,,,,,,,,,,,,,,,,,,,,,,,,,,,,,,1,9,9,1,true,1,0.938,building_production,0,3,8.938,8.938,1.802,1.01,8,building_production,building_production,,ECONOMY_GRAPH,false,"{""economy:building_plan"":2,""economy:building_production"":1,""native_daily:climate_pass_b"":1,""native_daily:native_daily_complete"":1,""native_daily:native_daily_finalizer"":1,""native_daily:ocean_land"":1,""native_daily:sea_ice"":1,""native_daily:wind_surface"":1}","{""economy:building_plan"":1.946,""economy:building_production"":1.01,""native_daily:climate_pass_b"":0.543,""native_daily:native_daily_complete"":0.322,""native_daily:native_daily_finalizer"":0.703,""native_daily:ocean_land"":0.988,""native_daily:sea_ice"":0.743,""native_daily:wind_surface"":0.956}","{""economy:building_plan"":1.802,""economy:building_production"":1.01,""native_daily:climate_pass_b"":0.543,""native_daily:native_daily_complete"":0.322,""native_daily:native_daily_finalizer"":0.703,""native_daily:ocean_land"":0.988,""native_daily:sea_ice"":0.743,""native_daily:wind_surface"":0.956}",{},{},{},{},0,0,0.266,0.048,0,1.839,512,263,4,0,0.491,0.106,0.645,0.013,0.448,0.235,0,0,100,0,14.0115,32.517,0.052,11.8585,705,293258,449,175,175,0,64447,7,5701,2,0,0,2,4800,0,78.331,0,SHADOW,SHADOW,,4095,2050,2045,missing_native_domain_handlers,false,16,false,0,0,false,0,0,0,0,0,climate_trace_reference_pending,,,,,0,,,0,0,2,0,0,1.554552,0,0,0,0,0,0,178,177,2400,true,0,0,0,0,0,0,0,0,0,0,4088,0,3,0,3,0,0,0,0,0,0,0,climate_trace_reference_pending,0,0,0,0,0,0,0,0,0,0,0,0,0,0,0,0,0,0,0,0,0,0,0,0,0,false,
66,179,38451,false,74,50,14.955,14.449,0.011,0.279,native_daily_sim,climate_pass_a,climate_pass_a_struct,gdext_native_daily_slice,1.874,1,0,0,1,-1,-1,,0.533618,2.970028,5.034,7.016,146,8,3,1.5,false,2,8.666,,,,,,,,,,,,,,,,,,,,,,,,,,,,,,,,,,,,,,,,,,0,0,0,0,false,0,0,,0,0,0,0,0,0,0,,,,,false,{},{},{},{},{},{},{},0,0.001,0.245,0.047,0,2.095,512,263,4,0,0.683,0,0.585,0.014,0.969,0.206,0,0,100,0,13.903,32.517,0.052,11.516,705,293258,449,175,175,0,64447,7,5701,2,0,0,2,4800,0,78.331,0,SHADOW,SHADOW,,4095,2050,2045,missing_native_domain_handlers,false,16,false,0,0,false,0,0,0,0,0,climate_trace_reference_pending,,,,,0,,,0,0,2,0,0,1.117237,0,0,0,0,0,0,179,178,2400,true,0,0,0,0,0,0,0,0,0,0,4088,0,3,0,3,0,0,0,0,0,0,0,climate_trace_reference_pending,0,0,0,0,0,0,0,0,0,0,0,0,0,0,0,0,0,0,0,0,0,0,0,0,0,false,
67,180,38527,false,74,50,47.13,24.8,0.01,0.307,dynamic_visual_atlas_upload,,,cell_indirection_lut,1.316,2400,2400,0,0,-1,-1,,1823.708228,2.979211,4.959,7.016,147,8,3,1.5,false,2,8.666,,,,,,,,,,,,,,,,,,,,,,,,,,,,,,,,,,,,,,,,,,1,7,7,1,true,1,0.034,epoch_begin,0,1,8.034,8.034,1.799,1.799,8,epoch_begin,building_plan,,ECONOMY_GRAPH,false,"{""economy:epoch_begin"":1,""native_daily:climate_pass_b"":1,""native_daily:native_daily_complete"":1,""native_daily:native_daily_finalizer"":1,""native_daily:ocean_land"":1,""native_daily:sea_ice"":1,""native_daily:wind_surface"":1}","{""economy:epoch_begin"":1.799,""native_daily:climate_pass_b"":0.568,""native_daily:native_daily_complete"":0.402,""native_daily:native_daily_finalizer"":1.152,""native_daily:ocean_land"":0.963,""native_daily:sea_ice"":0.943,""native_daily:wind_surface"":0.786}","{""economy:epoch_begin"":1.799,""native_daily:climate_pass_b"":0.568,""native_daily:native_daily_complete"":0.402,""native_daily:native_daily_finalizer"":1.152,""native_daily:ocean_land"":0.963,""native_daily:sea_ice"":0.943,""native_daily:wind_surface"":0.786}",{},{},{},{},0,0,4.985,0.055,0,1.968,577,336,4,0,0.524,0.143,0.389,0.031,0.559,0.317,0,0,100,0,25.367667,32.517,0.052,18.359667,705,293258,449,177,177,0,65207,7,6325,2,0,0,2,4800,0,78.331,0,SHADOW,SHADOW,,4095,2050,2045,missing_native_domain_handlers,false,16,false,0,0,false,0,0,0,0,0,climate_trace_reference_pending,,,,,0,,,0,0,2,0,0,1.316047,0,0,0,0,0,0,180,179,2400,true,0,0,0,0,0,0,0,0,0,0,4088,0,3,0,3,0,0,0,0,0,0,0,climate_trace_reference_pending,0,0,0,0,0,0,0,0,0,0,0,0,0,0,0,0,0,0,0,0,0,0,0,0,0,false,
68,181,38564,false,74,50,14.459,13.99,0.009,0.26,native_daily_sim,climate_pass_a,climate_pass_a_struct,gdext_native_daily_slice,1.837,1,0,0,1,-1,-1,,0.544366,2.981254,4.959,7.016,148,8,3,1.5,false,2,8.666,,,,,,,,,,,,,,,,,,,,,,,,,,,,,,,,,,,,,,,,,,0,0,0,0,false,0,0,,0,0,0,0,0,0,0,,,,,false,{},{},{},{},{},{},{},0,0,0.227,0.06,0,1.516,577,336,4,0,0.437,0,0.464,0.024,0.483,0.219,0,0,100,0,12.426667,32.517,0.052,10.623667,705,293258,449,177,177,0,65207,7,6325,2,0,0,2,4800,0,78.331,0,SHADOW,SHADOW,,4095,2050,2045,missing_native_domain_handlers,false,16,false,0,0,false,0,0,0,0,0,climate_trace_reference_pending,,,,,0,,,0,0,2,0,0,1.878152,0,0,0,0,0,0,181,180,2400,true,0,0,0,0,0,0,0,0,0,0,4088,0,3,0,3,0,0,0,0,0,0,0,climate_trace_reference_pending,0,0,0,0,0,0,0,0,0,0,0,0,0,0,0,0,0,0,0,0,0,0,0,0,0,false,
69,182,38628,false,74,50,16.066,15.054,0.545,0.267,trigger_runtime,trigger_evaluate,,TRIGGER_GRAPH,0.741,360,0,0,360,-1,-1,,485.829962,2.971846,4.959,7.016,148,8,3,1.5,false,2,8.666,,,,,,,,,,,,,,,,,,,,,,,,,,,,,,,,,,,,,,,,,,2,13,13,1,true,2,0.994,household_market,0,4,17.256,8.994,4.186,1.2,8,household_market,household_market,settle,ECONOMY_GRAPH,false,"{""economy:building_plan"":2,""economy:epoch_begin"":1,""economy:household_market"":1,""native_daily:climate_pass_b"":1,""native_daily:native_daily_complete"":1,""native_daily:native_daily_finalizer"":1,""native_daily:ocean_land"":1,""native_daily:runtime_hydrology"":1,""native_daily:sea_ice"":1,""native_daily:transpiration"":1,""native_daily:weather_stage_b"":1,""native_daily:wind_surface"":1}","{""economy:building_plan"":0.335,""economy:epoch_begin"":1.664,""economy:household_market"":1.2,""native_daily:climate_pass_b"":1.59,""native_daily:native_daily_complete"":0.791,""native_daily:native_daily_finalizer"":0.691,""native_daily:ocean_land"":0.844,""native_daily:runtime_hydrology"":1.236,""native_daily:sea_ice"":0.578,""native_daily:transpiration"":1.023,""native_daily:weather_stage_b"":4.186,""native_daily:wind_surface"":0.678}","{""economy:building_plan"":0.179,""economy:epoch_begin"":1.664,""economy:household_market"":1.2,""native_daily:climate_pass_b"":1.59,""native_daily:native_daily_complete"":0.791,""native_daily:native_daily_finalizer"":0.691,""native_daily:ocean_land"":0.844,""native_daily:runtime_hydrology"":1.236,""native_daily:sea_ice"":0.578,""native_daily:transpiration"":1.023,""native_daily:weather_stage_b"":4.186,""native_daily:wind_surface"":0.678}","{""economy:household_market.settle.merge_aggregate"":1,""economy:household_market.settle.merge_trade"":1,""economy:household_market.settle.other"":1,""economy:household_market.settle.prepare"":1,""economy:household_market.settle.trace"":1,""economy:household_market.settle.worker"":1}","{""economy:household_market.settle.merge_aggregate"":0.0318,""economy:household_market.settle.merge_trade"":0.0087,""economy:household_market.settle.other"":0.000600000000000023,""economy:household_market.settle.prepare"":0.0015,""economy:household_market.settle.trace"":0.0036,""economy:household_market.settle.worker"":0.3629}","{""economy:household_market.settle.merge_aggregate"":0.0318,""economy:household_market.settle.merge_trade"":0.0087,""economy:household_market.settle.other"":0.000600000000000023,""economy:household_market.settle.prepare"":0.0015,""economy:household_market.settle.trace"":0.0036,""economy:household_market.settle.worker"":0.3629}","{""economy:household_market.settle.merge_aggregate"":4,""economy:household_market.settle.merge_trade"":4,""economy:household_market.settle.other"":4,""economy:household_market.settle.prepare"":4,""economy:household_market.settle.trace"":4,""economy:household_market.settle.worker"":4}",0.001,0,0.326,0.044,0,0.968,545,336,3,0,0.36,0.057,0.32,0.013,0.182,0.155,0,0,100,0,12.8478,32.517,0.052,11.5098,704,293256,449,179,179,0,65964,7,5673,2,0,0,2,4800,0,78.331,0,SHADOW,SHADOW,,4095,2050,2045,missing_native_domain_handlers,false,16,false,0,0,false,0,0,0,0,0,climate_trace_reference_pending,,,,,0,,,0,0,2,0,0,1.885022,0,0,0,0,0,0,182,181,2400,true,0,0,0,0,0,0,0,0,0,0,4088,0,3,0,3,0,0,0,0,0,0,0,climate_trace_reference_pending,0,0,0,0,0,0,0,0,0,0,0,0,0,0,0,0,0,0,0,0,0,0,0,0,0,false,
70,183,38669,false,74,50,24.219,12.586,0.011,0.365,native_daily_sim,climate_pass_a,climate_pass_a_struct,gdext_native_daily_slice,1.79,1,0,0,1,-1,-1,,0.558659,2.975525,4.959,7.016,149,8,3,1.5,false,2,8.666,,,,,,,,,,,,,,,,,,,,,,,,,,,,,,,,,,,,,,,,,,0,0,0,0,false,0,0,,0,0,0,0,0,0,0,,,,,false,{},{},{},{},{},{},{},0,0,0.317,0.05,0,0.381,545,410,0,0,0,0.373,0,0,0,0,0,0,100,0,13.440333,32.517,0.052,12.692333,704,293256,449,179,179,0,65964,7,5673,2,0,0,2,4800,0,78.331,0,SHADOW,SHADOW,,4095,2050,2045,missing_native_domain_handlers,false,16,false,0,0,false,0,0,0,0,0,climate_trace_reference_pending,,,,,0,,,0,0,2,0,0,1.482182,0,0,0,0,0,0,183,182,2400,true,0,0,0,0,0,0,0,0,0,0,4088,0,3,0,3,0,0,0,0,0,0,0,climate_trace_reference_pending,0,0,0,0,0,0,0,0,0,0,0,0,0,0,0,0,0,0,0,0,0,0,0,0,0,false,
71,184,38730,false,74,50,18.451,17.952,0.011,0.274,dynamic_visual_atlas_upload,,,cell_indirection_lut,1.567,2400,2400,0,0,-1,-1,,1531.588993,2.982804,4.959,7.016,150,8,3,1.5,false,2,8.666,,,,,,,,,,,,,,,,,,,,,,,,,,,,,,,,,,,,,,,,,,1,9,9,1,true,1,1.24,household_market,0,3,9.24,9.24,1.487,1.221,8,household_market,household_market,settle,ECONOMY_GRAPH,false,"{""economy:building_plan"":2,""economy:household_market"":1,""native_daily:climate_pass_b"":1,""native_daily:native_daily_complete"":1,""native_daily:native_daily_finalizer"":1,""native_daily:ocean_land"":1,""native_daily:sea_ice"":1,""native_daily:wind_surface"":1}","{""economy:building_plan"":1.639,""economy:household_market"":1.221,""native_daily:climate_pass_b"":0.733,""native_daily:native_daily_complete"":0.397,""native_daily:native_daily_finalizer"":0.631,""native_daily:ocean_land"":1.252,""native_daily:sea_ice"":0.704,""native_daily:wind_surface"":0.874}","{""economy:building_plan"":1.487,""economy:household_market"":1.221,""native_daily:climate_pass_b"":0.733,""native_daily:native_daily_complete"":0.397,""native_daily:native_daily_finalizer"":0.631,""native_daily:ocean_land"":1.252,""native_daily:sea_ice"":0.704,""native_daily:wind_surface"":0.874}","{""economy:household_market.settle.merge_aggregate"":1,""economy:household_market.settle.merge_trade"":1,""economy:household_market.settle.other"":1,""economy:household_market.settle.prepare"":1,""economy:household_market.settle.trace"":1,""economy:household_market.settle.worker"":1}","{""economy:household_market.settle.merge_aggregate"":0.0237,""economy:household_market.settle.merge_trade"":0.0071,""economy:household_market.settle.other"":0.000499999999999953,""economy:household_market.settle.prepare"":0.001,""economy:household_market.settle.trace"":0.0024,""economy:household_market.settle.worker"":0.4106}","{""economy:household_market.settle.merge_aggregate"":0.0237,""economy:household_market.settle.merge_trade"":0.0071,""economy:household_market.settle.other"":0.000499999999999953,""economy:household_market.settle.prepare"":0.001,""economy:household_market.settle.trace"":0.0024,""economy:household_market.settle.worker"":0.4106}","{""economy:household_market.settle.merge_aggregate"":4,""economy:household_market.settle.merge_trade"":4,""economy:household_market.settle.other"":4,""economy:household_market.settle.prepare"":4,""economy:household_market.settle.trace"":4,""economy:household_market.settle.worker"":4}",0,0,0.259,0.05,0,1.751,545,410,4,0,0.451,0.113,0.573,0.019,0.473,0.193,0,0,100,0,15.41975,32.517,0.052,13.35975,704,293256,449,181,181,0,66721,7,5470,2,0,0,2,4800,0,78.331,0,SHADOW,SHADOW,,4095,2050,2045,missing_native_domain_handlers,false,16,false,0,0,false,0,0,0,0,0,climate_trace_reference_pending,,,,,0,,,0,0,2,0,0,1.848322,0,0,0,0,0,0,184,183,2400,true,0,0,0,0,0,0,0,0,0,0,4088,0,3,0,3,0,0,0,0,0,0,0,climate_trace_reference_pending,0,0,0,0,0,0,0,0,0,0,0,0,0,0,0,0,0,0,0,0,0,0,0,0,0,false,
72,185,38760,false,74,50,13.181,12.627,0.01,0.338,native_daily_sim,climate_pass_a,climate_pass_a_struct,gdext_native_daily_slice,1.555,1,0,0,1,-1,-1,,0.643087,2.985357,4.959,7.016,151,8,3,1.5,false,2,8.666,,,,,,,,,,,,,,,,,,,,,,,,,,,,,,,,,,,,,,,,,,0,0,0,0,false,0,0,,0,0,0,0,0,0,0,,,,,false,{},{},{},{},{},{},{},0,0,0.229,0.045,0,3.055,545,410,4,0,1.215,0,0.43,0.022,1.769,0.3,0,0,100,0,9.758333,32.517,0.052,6.429333,704,293256,449,181,181,0,66721,7,5470,2,0,0,2,4800,0,78.331,0,SHADOW,SHADOW,,4095,2050,2045,missing_native_domain_handlers,false,16,false,0,0,false,0,0,0,0,0,climate_trace_reference_pending,,,,,0,,,0,0,2,0,0,1.578482,0,0,0,0,0,0,185,184,2400,true,0,0,0,0,0,0,0,0,0,0,4088,0,3,0,3,0,0,0,0,0,0,0,climate_trace_reference_pending,0,0,0,0,0,0,0,0,0,0,0,0,0,0,0,0,0,0,0,0,0,0,0,0,0,false,
73,186,38810,false,74,50,17.718,17.206,0.012,0.286,trigger_runtime,trigger_evaluate,,TRIGGER_GRAPH,0.921,367,0,0,367,-1,-1,,398.479911,2.982592,4.959,7.016,152,8,3,1.5,false,2,8.666,,,,,,,,,,,,,,,,,,,,,,,,,,,,,,,,,,,,,,,,,,1,9,9,1,true,1,0.454,household_market,0,3,8.454,8.454,1.465,1.191,8,household_market,household_market,settle,ECONOMY_GRAPH,false,"{""economy:building_plan"":2,""economy:household_market"":1,""native_daily:climate_pass_b"":1,""native_daily:native_daily_complete"":1,""native_daily:native_daily_finalizer"":1,""native_daily:ocean_land"":1,""native_daily:sea_ice"":1,""native_daily:wind_surface"":1}","{""economy:building_plan"":1.654,""economy:household_market"":1.191,""native_daily:climate_pass_b"":0.662,""native_daily:native_daily_complete"":0.3,""native_daily:native_daily_finalizer"":0.551,""native_daily:ocean_land"":0.957,""native_daily:sea_ice"":0.534,""native_daily:wind_surface"":0.758}","{""economy:building_plan"":1.465,""economy:household_market"":1.191,""native_daily:climate_pass_b"":0.662,""native_daily:native_daily_complete"":0.3,""native_daily:native_daily_finalizer"":0.551,""native_daily:ocean_land"":0.957,""native_daily:sea_ice"":0.534,""native_daily:wind_surface"":0.758}","{""economy:household_market.settle.merge_aggregate"":1,""economy:household_market.settle.merge_trade"":1,""economy:household_market.settle.other"":1,""economy:household_market.settle.prepare"":1,""economy:household_market.settle.trace"":1,""economy:household_market.settle.worker"":1}","{""economy:household_market.settle.merge_aggregate"":0.0395,""economy:household_market.settle.merge_trade"":0.0079,""economy:household_market.settle.other"":0.000599999999999944,""economy:household_market.settle.prepare"":0.0013,""economy:household_market.settle.trace"":0.0024,""economy:household_market.settle.worker"":0.4096}","{""economy:household_market.settle.merge_aggregate"":0.0395,""economy:household_market.settle.merge_trade"":0.0079,""economy:household_market.settle.other"":0.000599999999999944,""economy:household_market.settle.prepare"":0.0013,""economy:household_market.settle.trace"":0.0024,""economy:household_market.settle.worker"":0.4096}","{""economy:household_market.settle.merge_aggregate"":4,""economy:household_market.settle.merge_trade"":4,""economy:household_market.settle.other"":4,""economy:household_market.settle.prepare"":4,""economy:household_market.settle.trace"":4,""economy:household_market.settle.worker"":4}",0,0,0.381,0.048,0,1.508,545,410,4,0,0.441,0,0.41,0.018,0.485,0.215,0,0,100,0,12.66925,32.517,0.052,10.73225,704,293256,449,183,183,0,67477,7,5895,2,0,0,2,4800,0,78.331,0,SHADOW,SHADOW,,4095,2050,2045,missing_native_domain_handlers,false,16,false,0,0,false,0,0,0,0,0,climate_trace_reference_pending,,,,,0,,,0,0,2,0,0,1.886592,0,0,0,0,0,0,186,185,2400,true,0,0,0,0,0,0,0,0,0,0,4088,0,3,0,3,0,0,0,0,0,0,0,climate_trace_reference_pending,0,0,0,0,0,0,0,0,0,0,0,0,0,0,0,0,0,0,0,0,0,0,0,0,0,false,
74,187,38835,false,74,50,12.18,11.625,0.011,0.298,native_daily_sim,climate_pass_a,climate_pass_a_struct,gdext_native_daily_slice,1.494,1,0,0,1,-1,-1,,0.669344,2.983765,4.959,7.016,153,8,3,1.5,false,2,8.666,,,,,,,,,,,,,,,,,,,,,,,,,,,,,,,,,,,,,,,,,,0,0,0,0,false,0,0,,0,0,0,0,0,0,0,,,,,false,{},{},{},{},{},{},{},0,0.001,0.3,0.062,0,1.519,545,410,4,0,0.6,0,0.404,0.014,0.339,0.264,0,0,100,0,12.2905,32.517,0.052,10.4095,704,293256,449,183,183,0,67477,7,5895,2,0,0,2,4800,0,78.331,0,SHADOW,SHADOW,,4095,2050,2045,missing_native_domain_handlers,false,16,false,0,0,false,0,0,0,0,0,climate_trace_reference_pending,,,,,0,,,0,0,2,0,0,1.398932,0,0,0,0,0,0,187,186,2400,true,0,0,0,0,0,0,0,0,0,0,4088,0,3,0,3,0,0,0,0,0,0,0,climate_trace_reference_pending,0,0,0,0,0,0,0,0,0,0,0,0,0,0,0,0,0,0,0,0,0,0,0,0,0,false,
75,188,38888,false,74,50,20.238,19.71,0.013,0.305,dynamic_visual_atlas_upload,,,cell_indirection_lut,1.852,2400,2400,0,0,-1,-1,,1295.89633,2.989053,4.959,7.016,154,8,3,1.5,false,2,8.666,,,,,,,,,,,,,,,,,,,,,,,,,,,,,,,,,,,,,,,,,,1,8,8,1,true,1,0.256,building_plan,0,2,8.256,8.256,1.651,0.296,8,building_plan,trade_settle,reserve,ECONOMY_GRAPH,false,"{""economy:building_plan"":2,""native_daily:climate_pass_b"":1,""native_daily:native_daily_complete"":1,""native_daily:native_daily_finalizer"":1,""native_daily:ocean_land"":1,""native_daily:sea_ice"":1,""native_daily:wind_surface"":1}","{""economy:building_plan"":1.947,""native_daily:climate_pass_b"":0.797,""native_daily:native_daily_complete"":0.387,""native_daily:native_daily_finalizer"":0.549,""native_daily:ocean_land"":1.146,""native_daily:sea_ice"":0.606,""native_daily:wind_surface"":0.81}","{""economy:building_plan"":1.651,""native_daily:climate_pass_b"":0.797,""native_daily:native_daily_complete"":0.387,""native_daily:native_daily_finalizer"":0.549,""native_daily:ocean_land"":1.146,""native_daily:sea_ice"":0.606,""native_daily:wind_surface"":0.81}",{},{},{},{},0,0.001,0.281,0.048,0,0.123,513,410,0,0,0,0.117,0,0,0,0,0,0,100,0,13.29575,32.517,0.052,12.84375,704,293256,449,185,185,0,68232,7,5929,2,0,0,2,4800,0,78.331,0,SHADOW,SHADOW,,4095,2050,2045,missing_native_domain_handlers,false,16,false,0,0,false,0,0,0,0,0,climate_trace_reference_pending,,,,,0,,,0,0,2,0,0,1.661192,0,0,0,0,0,0,188,187,2400,true,0,0,0,0,0,0,0,0,0,0,4088,0,3,0,3,0,0,0,0,0,0,0,climate_trace_reference_pending,0,0,0,0,0,0,0,0,0,0,0,0,0,0,0,0,0,0,0,0,0,0,0,0,0,false,
76,189,38909,false,74,50,13.033,12.511,0.011,0.288,native_daily_sim,climate_pass_a,climate_pass_a_struct,gdext_native_daily_slice,2.105,1,0,0,1,-1,-1,,0.475059,2.992879,4.959,7.016,155,8,3,1.5,false,2,8.666,,,,,,,,,,,,,,,,,,,,,,,,,,,,,,,,,,,,,,,,,,0,0,0,0,false,0,0,,0,0,0,0,0,0,0,,,,,false,{},{},{},{},{},{},{},0.001,0,0.228,0.048,0,0.45,513,410,0,0,0,0.445,0,0,0,0,0,0,100,0,10.3865,32.517,0.052,9.6605,704,293256,449,185,185,0,68232,7,5929,2,0,0,2,4800,0,78.331,0,SHADOW,SHADOW,,4095,2050,2045,missing_native_domain_handlers,false,16,false,0,0,false,0,0,0,0,0,climate_trace_reference_pending,,,,,0,,,0,0,2,0,0,1.053772,0,0,0,0,0,0,189,188,2400,true,0,0,0,0,0,0,0,0,0,0,4088,0,3,0,3,0,0,0,0,0,0,0,climate_trace_reference_pending,0,0,0,0,0,0,0,0,0,0,0,0,0,0,0,0,0,0,0,0,0,0,0,0,0,false,
77,190,38972,false,74,50,17.873,16.808,0.551,0.309,trigger_runtime,trigger_evaluate,,TRIGGER_GRAPH,0.904,357,0,0,357,-1,-1,,394.911511,2.988316,4.959,7.016,156,8,3,1.5,false,2,8.666,,,,,,,,,,,,,,,,,,,,,,,,,,,,,,,,,,,,,,,,,,2,13,13,1,true,1,0.305,building_commit,0,4,14.075,8.305,1.593,0.335,8,building_commit,building_commit,special_reset,ECONOMY_GRAPH,false,"{""economy:building_commit"":1,""economy:building_plan"":2,""economy:household_market"":1,""native_daily:climate_pass_b"":1,""native_daily:native_daily_complete"":1,""native_daily:native_daily_finalizer"":1,""native_daily:ocean_land"":1,""native_daily:runtime_hydrology"":1,""native_daily:sea_ice"":1,""native_daily:transpiration"":1,""native_daily:weather_stage_b"":1,""native_daily:wind_surface"":1}","{""economy:building_commit"":0.335,""economy:building_plan"":1.691,""economy:household_market"":1.384,""native_daily:climate_pass_b"":0.72,""native_daily:native_daily_complete"":0.686,""native_daily:native_daily_finalizer"":0.74,""native_daily:ocean_land"":1.094,""native_daily:runtime_hydrology"":1.205,""native_daily:sea_ice"":0.719,""native_daily:transpiration"":0.668,""native_daily:weather_stage_b"":1.593,""native_daily:wind_surface"":0.854}","{""economy:building_commit"":0.335,""economy:building_plan"":1.527,""economy:household_market"":1.384,""native_daily:climate_pass_b"":0.72,""native_daily:native_daily_complete"":0.686,""native_daily:native_daily_finalizer"":0.74,""native_daily:ocean_land"":1.094,""native_daily:runtime_hydrology"":1.205,""native_daily:sea_ice"":0.719,""native_daily:transpiration"":0.668,""native_daily:weather_stage_b"":1.593,""native_daily:wind_surface"":0.854}","{""economy:building_commit.review_prepare"":1,""economy:building_commit.special_reset"":1,""economy:household_market.settle.merge_aggregate"":1,""economy:household_market.settle.merge_trade"":1,""economy:household_market.settle.other"":1,""economy:household_market.settle.prepare"":1,""economy:household_market.settle.trace"":1,""economy:household_market.settle.worker"":1}","{""economy:building_commit.review_prepare"":0.0004,""economy:building_commit.special_reset"":0.0002,""economy:household_market.settle.merge_aggregate"":0.0281,""economy:household_market.settle.merge_trade"":0.007,""economy:household_market.settle.other"":0.000599999999999933,""economy:household_market.settle.prepare"":0.0018,""economy:household_market.settle.trace"":0.0022,""economy:household_market.settle.worker"":0.5854}","{""economy:building_commit.review_prepare"":0.0004,""economy:building_commit.special_reset"":0.0002,""economy:household_market.settle.merge_aggregate"":0.0281,""economy:household_market.settle.merge_trade"":0.007,""economy:household_market.settle.other"":0.000599999999999933,""economy:household_market.settle.prepare"":0.0018,""economy:household_market.settle.trace"":0.0022,""economy:household_market.settle.worker"":0.5854}","{""economy:building_commit.review_prepare"":1,""economy:building_commit.special_reset"":4,""economy:household_market.settle.merge_aggregate"":4,""economy:household_market.settle.merge_trade"":4,""economy:household_market.settle.other"":4,""economy:household_market.settle.prepare"":4,""economy:household_market.settle.trace"":4,""economy:household_market.settle.worker"":4}",0,0,0.326,0.054,0,1.415,513,410,4,0,0.476,0,0.515,0.015,0.348,0.172,0,0,100,0,12.6814,32.517,0.052,10.8864,704,293256,449,187,187,0,68988,7,6021,2,0,0,2,4800,0,78.331,0,SHADOW,SHADOW,,4095,2050,2045,missing_native_domain_handlers,false,16,false,0,0,false,0,0,0,0,0,climate_trace_reference_pending,,,,,0,,,0,0,2,0,0,1.977362,0,0,0,0,0,0,190,189,2400,true,0,0,0,0,0,0,0,0,0,0,4088,0,3,0,3,0,0,0,0,0,0,0,climate_trace_reference_pending,0,0,0,0,0,0,0,0,0,0,0,0,0,0,0,0,0,0,0,0,0,0,0,0,0,false,
78,191,38999,false,74,50,14.559,13.905,0.012,0.355,native_daily_sim,climate_pass_a,climate_pass_a_struct,gdext_native_daily_slice,1.891,1,0,0,1,-1,-1,,0.528821,2.991963,4.959,7.016,157,8,3,1.5,false,2,8.666,,,,,,,,,,,,,,,,,,,,,,,,,,,,,,,,,,,,,,,,,,0,0,0,0,false,0,0,,0,0,0,0,0,0,0,,,,,false,{},{},{},{},{},{},{},0,0,0.3,0.052,0,2.708,513,410,3,0,1.157,0,0.363,0.009,1.836,0.201,0,0,100,0,13.3745,32.517,0.052,10.3145,705,293258,449,187,187,0,68988,7,6021,2,0,0,2,4800,0,78.331,0,SHADOW,SHADOW,,4095,2050,2045,missing_native_domain_handlers,false,16,false,0,0,false,0,0,0,0,0,climate_trace_reference_pending,,,,,0,,,0,0,2,0,0,1.473582,0,0,0,0,0,0,191,190,2400,true,0,0,0,0,0,0,0,0,0,0,4088,0,3,0,3,0,0,0,0,0,0,0,climate_trace_reference_pending,0,0,0,0,0,0,0,0,0,0,0,0,0,0,0,0,0,0,0,0,0,0,0,0,0,false,
79,192,39036,false,72,50,20.246,19.597,0.016,0.32,ocean_currents,phys_upwelling,next_phys_upwelling,physical_circulation,1.469,0,0,0,0,-1,-1,,0,2.998162,4.959,7.016,158,8,3,1.5,false,2,8.666,,,,,,,,,,,,,,,,,,,,,,,,,,,,,,,,,,,,,,,,,,1,6,6,1,false,0,0,,0,0,5.194,5.194,1.348,0.426,8,native_daily_complete,native_daily_complete,round_complete,gdext_native_daily_slice,true,"{""native_daily:climate_pass_b"":1,""native_daily:native_daily_complete"":1,""native_daily:native_daily_finalizer"":1,""native_daily:ocean_land"":1,""native_daily:sea_ice"":1,""native_daily:wind_surface"":1}","{""native_daily:climate_pass_b"":0.813,""native_daily:native_daily_complete"":0.426,""native_daily:native_daily_finalizer"":0.672,""native_daily:ocean_land"":1.348,""native_daily:sea_ice"":0.769,""native_daily:wind_surface"":1.031}","{""native_daily:climate_pass_b"":0.813,""native_daily:native_daily_complete"":0.426,""native_daily:native_daily_finalizer"":0.672,""native_daily:ocean_land"":1.348,""native_daily:sea_ice"":0.769,""native_daily:wind_surface"":1.031}",{},{},{},{},0,0.001,5.703,0.063,0,1.832,513,410,4,0,0.586,0.122,0.413,0.012,0.7,0.234,0,0,100,0,18.37,53.545,0.021,10.772,705,293258,449,188,188,0,69368,7,6197,2,0,0,2,4800,0,78.331,0,SHADOW,SHADOW,,4095,2050,2045,missing_native_domain_handlers,false,16,false,0,0,false,0,0,0,0,0,climate_trace_reference_pending,,,,,0,,,0,0,2,0,0,1.023082,0,0,0,0,0,0,192,191,2400,true,0,0,0,0,0,0,0,0,0,0,4088,0,3,0,3,0,0,0,0,0,0,0,climate_trace_reference_pending,0,0,0,0,0,0,0,0,0,0,0,0,0,0,0,0,0,0,0,0,0,0,0,0,0,false,
80,193,39066,false,72,50,13.521,12.796,0.017,0.381,native_daily_sim,climate_pass_a,climate_pass_a_struct,gdext_native_daily_slice,1.605,1,0,0,1,-1,-1,,0.623053,2.999243,4.959,7.016,159,8,3,1.5,false,2,8.666,,,,,,,,,,,,,,,,,,,,,,,,,,,,,,,,,,,,,,,,,,0,0,0,0,false,0,0,,0,0,0,0,0,0,0,,,,,false,{},{},{},{},{},{},{},0.001,0,0.341,0.065,0,1.614,513,410,4,0,0.518,0,0.411,0.011,0.402,0.238,0,0,100,0,10.135333,53.545,0.021,8.115333,705,293258,449,188,188,0,69368,7,6197,2,0,0,2,4800,0,78.331,0,SHADOW,SHADOW,,4095,2050,2045,missing_native_domain_handlers,false,16,false,0,0,false,0,0,0,0,0,climate_trace_reference_pending,,,,,0,,,0,0,2,0,0,1.891967,0,0,0,0,0,0,193,192,2400,true,0,0,0,0,0,0,0,0,0,0,4088,0,3,0,3,0,0,0,0,0,0,0,climate_trace_reference_pending,0,0,0,0,0,0,0,0,0,0,0,0,0,0,0,0,0,0,0,0,0,0,0,0,0,false,
81,194,39113,false,72,50,17.148,16.631,0.01,0.313,trigger_runtime,trigger_evaluate,,TRIGGER_GRAPH,0.799,358,0,0,358,-1,-1,,448.060061,2.991201,4.959,7.016,159,8,3,1.5,false,2,8.666,,,,,,,,,,,,,,,,,,,,,,,,,,,,,,,,,,,,,,,,,,1,9,9,1,true,1,0.975,household_market,0,3,8.975,8.975,1.672,1.328,8,household_market,household_market,settle,ECONOMY_GRAPH,false,"{""economy:building_plan"":2,""economy:household_market"":1,""native_daily:climate_pass_b"":1,""native_daily:native_daily_complete"":1,""native_daily:native_daily_finalizer"":1,""native_daily:ocean_land"":1,""native_daily:sea_ice"":1,""native_daily:wind_surface"":1}","{""economy:building_plan"":1.841,""economy:household_market"":1.328,""native_daily:climate_pass_b"":0.628,""native_daily:native_daily_complete"":0.308,""native_daily:native_daily_finalizer"":0.532,""native_daily:ocean_land"":0.911,""native_daily:sea_ice"":0.546,""native_daily:wind_surface"":0.974}","{""economy:building_plan"":1.672,""economy:household_market"":1.328,""native_daily:climate_pass_b"":0.628,""native_daily:native_daily_complete"":0.308,""native_daily:native_daily_finalizer"":0.532,""native_daily:ocean_land"":0.911,""native_daily:sea_ice"":0.546,""native_daily:wind_surface"":0.974}","{""economy:household_market.settle.merge_aggregate"":1,""economy:household_market.settle.merge_trade"":1,""economy:household_market.settle.other"":1,""economy:household_market.settle.prepare"":1,""economy:household_market.settle.trace"":1,""economy:household_market.settle.worker"":1}","{""economy:household_market.settle.merge_aggregate"":0.0332,""economy:household_market.settle.merge_trade"":0.0087,""economy:household_market.settle.other"":0.000500000000000019,""economy:household_market.settle.prepare"":0.0017,""economy:household_market.settle.trace"":0.0033,""economy:household_market.settle.worker"":0.4091}","{""economy:household_market.settle.merge_aggregate"":0.0332,""economy:household_market.settle.merge_trade"":0.0087,""economy:household_market.settle.other"":0.000500000000000019,""economy:household_market.settle.prepare"":0.0017,""economy:household_market.settle.trace"":0.0033,""economy:household_market.settle.worker"":0.4091}","{""economy:household_market.settle.merge_aggregate"":4,""economy:household_market.settle.merge_trade"":4,""economy:household_market.settle.other"":4,""economy:household_market.settle.prepare"":4,""economy:household_market.settle.trace"":4,""economy:household_market.settle.worker"":4}",0.001,0.001,3.733,0.047,0,1.832,513,410,4,0,0.623,0,0.455,0.026,0.656,0.291,0,0,100,0,15.626333,53.545,0.021,10.014333,705,293258,449,190,190,0,70124,7,6020,2,0,0,2,4800,0,78.331,0,SHADOW,SHADOW,,4095,2050,2045,missing_native_domain_handlers,false,16,false,0,0,false,0,0,0,0,0,climate_trace_reference_pending,,,,,0,,,0,0,2,0,0,1.057117,0,0,0,0,0,0,194,193,2400,true,0,0,0,0,0,0,0,0,0,0,4088,0,3,0,3,0,0,0,0,0,0,0,climate_trace_reference_pending,0,0,0,0,0,0,0,0,0,0,0,0,0,0,0,0,0,0,0,0,0,0,0,0,0,false,
82,195,39135,false,72,50,13.57,12.971,0.01,0.342,native_daily_sim,climate_pass_a,climate_pass_a_struct,gdext_native_daily_slice,1.58,1,0,0,1,-1,-1,,0.632911,2.994313,4.959,7.016,160,8,3,1.5,false,2,8.666,,,,,,,,,,,,,,,,,,,,,,,,,,,,,,,,,,,,,,,,,,0,0,0,0,false,0,0,,0,0,0,0,0,0,0,,,,,false,{},{},{},{},{},{},{},0,0,0.211,0.044,0,0.471,513,410,1,0,0.418,0,0.109,0.006,0.11,0.068,0,0,100,0,10.9765,53.545,0.021,10.2505,705,293258,449,190,190,0,70124,7,6020,2,0,0,2,4800,0,78.331,0,SHADOW,SHADOW,,4095,2050,2045,missing_native_domain_handlers,false,16,false,0,0,false,0,0,0,0,0,climate_trace_reference_pending,,,,,0,,,0,0,2,0,0,1.306427,0,0,0,0,0,0,195,194,2400,true,0,0,0,0,0,0,0,0,0,0,4088,0,3,0,3,0,0,0,0,0,0,0,climate_trace_reference_pending,0,0,0,0,0,0,0,0,0,0,0,0,0,0,0,0,0,0,0,0,0,0,0,0,0,false,
83,196,39184,false,72,50,19.734,19.254,0.011,0.281,dynamic_visual_atlas_upload,,,cell_indirection_lut,1.682,2400,2400,0,0,-1,-1,,1426.872736,2.998719,4.959,7.016,161,8,3,1.5,false,2,8.666,,,,,,,,,,,,,,,,,,,,,,,,,,,,,,,,,,,,,,,,,,1,10,10,1,true,1,1.546,household_market,0,4,9.546,9.546,1.515,1.504,8,household_market,household_market,settle,ECONOMY_GRAPH,false,"{""economy:building_plan"":3,""economy:household_market"":1,""native_daily:climate_pass_b"":1,""native_daily:native_daily_complete"":1,""native_daily:native_daily_finalizer"":1,""native_daily:ocean_land"":1,""native_daily:sea_ice"":1,""native_daily:wind_surface"":1}","{""economy:building_plan"":1.8,""economy:household_market"":1.504,""native_daily:climate_pass_b"":0.58,""native_daily:native_daily_complete"":0.412,""native_daily:native_daily_finalizer"":0.588,""native_daily:ocean_land"":0.931,""native_daily:sea_ice"":0.632,""native_daily:wind_surface"":0.904}","{""economy:building_plan"":1.515,""economy:household_market"":1.504,""native_daily:climate_pass_b"":0.58,""native_daily:native_daily_complete"":0.412,""native_daily:native_daily_finalizer"":0.588,""native_daily:ocean_land"":0.931,""native_daily:sea_ice"":0.632,""native_daily:wind_surface"":0.904}","{""economy:household_market.settle.merge_aggregate"":1,""economy:household_market.settle.merge_trade"":1,""economy:household_market.settle.other"":1,""economy:household_market.settle.prepare"":1,""economy:household_market.settle.trace"":1,""economy:household_market.settle.worker"":1}","{""economy:household_market.settle.merge_aggregate"":0.0352,""economy:household_market.settle.merge_trade"":0.0164,""economy:household_market.settle.other"":0.0005,""economy:household_market.settle.prepare"":0.0012,""economy:household_market.settle.trace"":0.0023,""economy:household_market.settle.worker"":0.5181}","{""economy:household_market.settle.merge_aggregate"":0.0352,""economy:household_market.settle.merge_trade"":0.0164,""economy:household_market.settle.other"":0.0005,""economy:household_market.settle.prepare"":0.0012,""economy:household_market.settle.trace"":0.0023,""economy:household_market.settle.worker"":0.5181}","{""economy:household_market.settle.merge_aggregate"":4,""economy:household_market.settle.merge_trade"":4,""economy:household_market.settle.other"":4,""economy:household_market.settle.prepare"":4,""economy:household_market.settle.trace"":4,""economy:household_market.settle.worker"":4}",0.001,0,3.438,0.046,0,1.272,513,410,4,0,0.448,0,0.421,0.006,0.258,0.216,0,0,100,0,16.320667,53.545,0.021,11.564667,705,293258,449,192,192,0,70878,7,6041,2,0,0,2,4800,0,78.331,0,SHADOW,SHADOW,,4095,2050,2045,missing_native_domain_handlers,false,16,false,0,0,false,0,0,0,0,0,climate_trace_reference_pending,,,,,0,,,0,0,2,0,0,1.474257,0,0,0,0,0,0,196,195,2400,true,0,0,0,0,0,0,0,0,0,0,4088,0,3,0,3,0,0,0,0,0,0,0,climate_trace_reference_pending,0,0,0,0,0,0,0,0,0,0,0,0,0,0,0,0,0,0,0,0,0,0,0,0,0,false,
84,197,39208,false,72,50,13.693,13.111,0.011,0.331,native_daily_sim,climate_pass_a,climate_pass_a_struct,gdext_native_daily_slice,2.406,1,0,0,1,-1,-1,,0.415628,3.003061,4.959,7.016,162,8,3,1.5,false,2,8.666,,,,,,,,,,,,,,,,,,,,,,,,,,,,,,,,,,,,,,,,,,0,0,0,0,false,0,0,,0,0,0,0,0,0,0,,,,,false,{},{},{},{},{},{},{},0,0,0.327,0.065,0,1.001,513,410,4,0,0.293,0.089,0.382,0.006,0.028,0.159,0,0,100,0,12.0085,53.545,0.021,10.6155,705,293258,449,192,192,0,70878,7,6041,2,0,0,2,4800,0,78.331,0,SHADOW,SHADOW,,4095,2050,2045,missing_native_domain_handlers,false,16,false,0,0,false,0,0,0,0,0,climate_trace_reference_pending,,,,,0,,,0,0,2,0,0,1.970402,0,0,0,0,0,0,197,196,2400,true,0,0,0,0,0,0,0,0,0,0,4088,0,3,0,3,0,0,0,0,0,0,0,climate_trace_reference_pending,0,0,0,0,0,0,0,0,0,0,0,0,0,0,0,0,0,0,0,0,0,0,0,0,0,false,
85,198,39268,false,72,50,18.943,17.836,0.621,0.272,ocean_currents,daily_wind_prepass,daily_wind_slp,gdext_daily_wind_slp,1.039,2400,2400,0,0,-1,-1,,2309.913302,3.001828,4.959,7.016,163,8,3,1.5,false,2,8.666,,,,,,,,,,,,,,,,,,,,,,,,,,,,,,,,,,,,,,,,,,2,13,13,1,true,1,0.125,household_market,0,4,13.315,8.125,1.859,1.243,8,household_market,household_market,settle,ECONOMY_GRAPH,false,"{""economy:building_plan"":3,""economy:household_market"":1,""native_daily:climate_pass_b"":1,""native_daily:native_daily_complete"":1,""native_daily:native_daily_finalizer"":1,""native_daily:ocean_land"":1,""native_daily:runtime_hydrology"":1,""native_daily:sea_ice"":1,""native_daily:transpiration"":1,""native_daily:weather_stage_b"":1,""native_daily:wind_surface"":1}","{""economy:building_plan"":2.208,""economy:household_market"":1.243,""native_daily:climate_pass_b"":0.712,""native_daily:native_daily_complete"":0.618,""native_daily:native_daily_finalizer"":0.477,""native_daily:ocean_land"":0.933,""native_daily:runtime_hydrology"":0.81,""native_daily:sea_ice"":0.572,""native_daily:transpiration"":0.568,""native_daily:weather_stage_b"":1.473,""native_daily:wind_surface"":0.834}","{""economy:building_plan"":1.859,""economy:household_market"":1.243,""native_daily:climate_pass_b"":0.712,""native_daily:native_daily_complete"":0.618,""native_daily:native_daily_finalizer"":0.477,""native_daily:ocean_land"":0.933,""native_daily:runtime_hydrology"":0.81,""native_daily:sea_ice"":0.572,""native_daily:transpiration"":0.568,""native_daily:weather_stage_b"":1.473,""native_daily:wind_surface"":0.834}","{""economy:household_market.settle.merge_aggregate"":1,""economy:household_market.settle.merge_trade"":1,""economy:household_market.settle.other"":1,""economy:household_market.settle.prepare"":1,""economy:household_market.settle.trace"":1,""economy:household_market.settle.worker"":1}","{""economy:household_market.settle.merge_aggregate"":0.0436,""economy:household_market.settle.merge_trade"":0.0176,""economy:household_market.settle.other"":0.000600000000000004,""economy:household_market.settle.prepare"":0.0012,""economy:household_market.settle.trace"":0.0022,""economy:household_market.settle.worker"":0.4037}","{""economy:household_market.settle.merge_aggregate"":0.0436,""economy:household_market.settle.merge_trade"":0.0176,""economy:household_market.settle.other"":0.000600000000000004,""economy:household_market.settle.prepare"":0.0012,""economy:household_market.settle.trace"":0.0022,""economy:household_market.settle.worker"":0.4037}","{""economy:household_market.settle.merge_aggregate"":4,""economy:household_market.settle.merge_trade"":4,""economy:household_market.settle.other"":4,""economy:household_market.settle.prepare"":4,""economy:household_market.settle.trace"":4,""economy:household_market.settle.worker"":4}",0,0,0.23,0.059,0,1.774,481,410,4,0,0.632,0,0.505,0.011,0.721,0.169,0,0,100,0,9.995667,53.545,0.021,7.932667,705,293258,449,194,194,0,71630,7,6089,2,0,0,2,4800,0,78.331,0,SHADOW,SHADOW,,4095,2050,2045,missing_native_domain_handlers,false,16,false,0,0,false,0,0,0,0,0,climate_trace_reference_pending,,,,,0,,,0,0,2,0,0,1.708687,0,0,0,0,0,0,198,197,2400,true,0,0,0,0,0,0,0,0,0,0,4088,0,3,0,3,0,0,0,0,0,0,0,climate_trace_reference_pending,0,0,0,0,0,0,0,0,0,0,0,0,0,0,0,0,0,0,0,0,0,0,0,0,0,false,
86,199,39296,false,72,50,11.565,11.05,0.009,0.285,native_daily_sim,climate_pass_a,climate_pass_a_struct,gdext_native_daily_slice,1.455,1,0,0,1,-1,-1,,0.687285,2.999623,4.959,7.016,164,8,3,1.5,false,2,8.666,,,,,,,,,,,,,,,,,,,,,,,,,,,,,,,,,,,,,,,,,,0,0,0,0,false,0,0,,0,0,0,0,0,0,0,,,,,false,{},{},{},{},{},{},{},0,0,0.308,0.062,0,1.964,481,410,4,0,0.585,0,0.622,0.011,0.669,0.213,0,0,100,0,9.503,53.545,0.021,7.169,705,293258,449,194,194,0,71630,7,6089,2,0,0,2,4800,0,78.331,0,SHADOW,SHADOW,,4095,2050,2045,missing_native_domain_handlers,false,16,false,0,0,false,0,0,0,0,0,climate_trace_reference_pending,,,,,0,,,0,0,2,0,0,1.501472,0,0,0,0,0,0,199,198,2400,true,0,0,0,0,0,0,0,0,0,0,4088,0,3,0,3,0,0,0,0,0,0,0,climate_trace_reference_pending,0,0,0,0,0,0,0,0,0,0,0,0,0,0,0,0,0,0,0,0,0,0,0,0,0,false,
87,200,39346,false,72,50,21.797,21.271,0.013,0.278,dynamic_visual_atlas_upload,,,cell_indirection_lut,1.762,2400,2400,0,0,-1,-1,,1362.088563,3.005865,4.953,7.016,165,8,3,1.5,false,2,8.666,,,,,,,,,,,,,,,,,,,,,,,,,,,,,,,,,,,,,,,,,,1,9,9,1,true,1,1.047,household_market,0,3,9.047,9.047,1.565,1.415,8,household_market,household_market,settle,ECONOMY_GRAPH,false,"{""economy:building_plan"":2,""economy:household_market"":1,""native_daily:climate_pass_b"":1,""native_daily:native_daily_complete"":1,""native_daily:native_daily_finalizer"":1,""native_daily:ocean_land"":1,""native_daily:sea_ice"":1,""native_daily:wind_surface"":1}","{""economy:building_plan"":1.709,""economy:household_market"":1.415,""native_daily:climate_pass_b"":0.57,""native_daily:native_daily_complete"":0.342,""native_daily:native_daily_finalizer"":0.545,""native_daily:ocean_land"":1.109,""native_daily:sea_ice"":0.767,""native_daily:wind_surface"":0.772}","{""economy:building_plan"":1.565,""economy:household_market"":1.415,""native_daily:climate_pass_b"":0.57,""native_daily:native_daily_complete"":0.342,""native_daily:native_daily_finalizer"":0.545,""native_daily:ocean_land"":1.109,""native_daily:sea_ice"":0.767,""native_daily:wind_surface"":0.772}","{""economy:household_market.settle.merge_aggregate"":1,""economy:household_market.settle.merge_trade"":1,""economy:household_market.settle.other"":1,""economy:household_market.settle.prepare"":1,""economy:household_market.settle.trace"":1,""economy:household_market.settle.worker"":1}","{""economy:household_market.settle.merge_aggregate"":0.0913,""economy:household_market.settle.merge_trade"":0.0071,""economy:household_market.settle.other"":0.000500000000000086,""economy:household_market.settle.prepare"":0.0014,""economy:household_market.settle.trace"":0.0022,""economy:household_market.settle.worker"":0.4223}","{""economy:household_market.settle.merge_aggregate"":0.0913,""economy:household_market.settle.merge_trade"":0.0071,""economy:household_market.settle.other"":0.000500000000000086,""economy:household_market.settle.prepare"":0.0014,""economy:household_market.settle.trace"":0.0022,""economy:household_market.settle.worker"":0.4223}","{""economy:household_market.settle.merge_aggregate"":4,""economy:household_market.settle.merge_trade"":4,""economy:household_market.settle.other"":4,""economy:household_market.settle.prepare"":4,""economy:household_market.settle.trace"":4,""economy:household_market.settle.worker"":4}",0,0,4.121,0.061,0,1.107,481,410,4,0,0.377,0,0.444,0.006,0.189,0.187,0,0,100,0,16.668667,53.545,0.021,11.379667,705,293125,449,196,196,0,72029,8,8405,3,0,0,2,4800,0,78.331,0,SHADOW,SHADOW,,4095,2050,2045,missing_native_domain_handlers,false,16,false,0,0,false,0,0,0,0,0,climate_trace_reference_pending,,,,,0,,,0,0,2,0,0,1.485772,0,0,0,0,0,0,200,199,2400,true,0,0,0,0,0,0,0,0,0,0,4088,0,3,0,3,0,0,0,0,0,0,0,climate_trace_reference_pending,0,0,0,0,0,0,0,0,0,0,0,0,0,0,0,0,0,0,0,0,0,0,0,0,0,false,
88,201,39369,false,72,50,12.406,11.843,0.011,0.331,native_daily_sim,climate_pass_a,climate_pass_a_struct,gdext_native_daily_slice,1.641,1,0,0,1,-1,-1,,0.609385,3.004065,4.953,7.016,166,8,3,1.5,false,2,8.666,,,,,,,,,,,,,,,,,,,,,,,,,,,,,,,,,,,,,,,,,,0,0,0,0,false,0,0,,0,0,0,0,0,0,0,,,,,false,{},{},{},{},{},{},{},0,0.001,1.46,0.044,0,1.284,481,410,4,0,0.38,0,0.551,0.008,0.179,0.178,0,0,100,0,11.502,53.545,0.021,8.714,705,293125,449,197,197,0,72390,8,1080,2,0,0,2,4800,0,78.331,0,SHADOW,SHADOW,,4095,2050,2045,missing_native_domain_handlers,false,16,false,0,0,false,0,0,0,0,0,climate_trace_reference_pending,,,,,0,,,0,0,2,0,0,1.119877,0,0,0,0,0,0,201,200,2400,true,0,0,0,0,0,0,0,0,0,0,4088,0,3,0,3,0,0,0,0,0,0,0,climate_trace_reference_pending,0,0,0,0,0,0,0,0,0,0,0,0,0,0,0,0,0,0,0,0,0,0,0,0,0,false,
89,202,39426,false,72,50,21.423,16.621,0.012,4.547,trigger_runtime,trigger_evaluate,,TRIGGER_GRAPH,0.916,358,0,0,358,-1,-1,,390.829691,2.99544,4.953,7.016,166,8,3,1.5,false,2,8.666,,,,,,,,,,,,,,,,,,,,,,,,,,,,,,,,,,,,,,,,,,1,9,9,1,true,1,0.844,household_market,0,3,8.844,8.844,1.486,1.258,8,household_market,household_market,settle,ECONOMY_GRAPH,false,"{""economy:building_plan"":2,""economy:household_market"":1,""native_daily:climate_pass_b"":1,""native_daily:native_daily_complete"":1,""native_daily:native_daily_finalizer"":1,""native_daily:ocean_land"":1,""native_daily:sea_ice"":1,""native_daily:wind_surface"":1}","{""economy:building_plan"":1.646,""economy:household_market"":1.258,""native_daily:climate_pass_b"":0.813,""native_daily:native_daily_complete"":0.314,""native_daily:native_daily_finalizer"":0.472,""native_daily:ocean_land"":1.272,""native_daily:sea_ice"":0.582,""native_daily:wind_surface"":0.806}","{""economy:building_plan"":1.486,""economy:household_market"":1.258,""native_daily:climate_pass_b"":0.813,""native_daily:native_daily_complete"":0.314,""native_daily:native_daily_finalizer"":0.472,""native_daily:ocean_land"":1.272,""native_daily:sea_ice"":0.582,""native_daily:wind_surface"":0.806}","{""economy:household_market.settle.merge_aggregate"":1,""economy:household_market.settle.merge_trade"":1,""economy:household_market.settle.other"":1,""economy:household_market.settle.prepare"":1,""economy:household_market.settle.trace"":1,""economy:household_market.settle.worker"":1}","{""economy:household_market.settle.merge_aggregate"":0.0276,""economy:household_market.settle.merge_trade"":0.007,""economy:household_market.settle.other"":0.00039999999999999,""economy:household_market.settle.prepare"":0.0012,""economy:household_market.settle.trace"":0.0029,""economy:household_market.settle.worker"":0.4943}","{""economy:household_market.settle.merge_aggregate"":0.0276,""economy:household_market.settle.merge_trade"":0.007,""economy:household_market.settle.other"":0.00039999999999999,""economy:household_market.settle.prepare"":0.0012,""economy:household_market.settle.trace"":0.0029,""economy:household_market.settle.worker"":0.4943}","{""economy:household_market.settle.merge_aggregate"":4,""economy:household_market.settle.merge_trade"":4,""economy:household_market.settle.other"":4,""economy:household_market.settle.prepare"":4,""economy:household_market.settle.trace"":4,""economy:household_market.settle.worker"":4}",0,0.001,0.265,0.064,0,1.302,481,410,4,0,0.405,0,0.396,0.021,0.307,0.179,0,0,100,0,14.08725,53.545,0.021,12.45625,705,293125,449,199,199,0,73144,8,6549,2,0,0,2,4800,0,78.331,0,SHADOW,SHADOW,,4095,2050,2045,missing_native_domain_handlers,false,16,false,0,0,false,0,0,0,0,0,climate_trace_reference_pending,,,,,0,,,0,0,2,0,0,1.473227,0,0,0,0,0,0,202,201,2400,true,0,0,0,0,0,0,0,0,0,0,4088,0,3,0,3,0,0,0,0,0,0,0,climate_trace_reference_pending,0,0,0,0,0,0,0,0,0,0,0,0,0,0,0,0,0,0,0,0,0,0,0,0,0,false,
90,203,39452,false,72,50,12.779,12.151,0.012,0.356,native_daily_sim,climate_pass_a,climate_pass_a_struct,gdext_native_daily_slice,1.561,1,0,0,1,-1,-1,,0.640615,2.994675,4.953,7.016,167,8,3,1.5,false,2,8.666,,,,,,,,,,,,,,,,,,,,,,,,,,,,,,,,,,,,,,,,,,0,0,0,0,false,0,0,,0,0,0,0,0,0,0,,,,,false,{},{},{},{},{},{},{},0,0,0.245,0.044,0,2.592,481,410,4,0,1.098,0,0.662,0.082,1.039,0.385,0,0,100,0,13.1175,53.545,0.021,10.2365,706,293127,449,199,199,0,73144,8,6549,2,0,0,2,4800,0,78.331,0,SHADOW,SHADOW,,4095,2050,2045,missing_native_domain_handlers,false,16,false,0,0,false,0,0,0,0,0,climate_trace_reference_pending,,,,,0,,,0,0,2,0,0,1.229047,0,0,0,0,0,0,203,202,2400,true,0,0,0,0,0,0,0,0,0,0,4088,0,3,0,3,0,0,0,0,0,0,0,climate_trace_reference_pending,0,0,0,0,0,0,0,0,0,0,0,0,0,0,0,0,0,0,0,0,0,0,0,0,0,false,
91,204,39500,false,72,50,18.972,18.482,0.01,0.284,dynamic_visual_atlas_upload,,,cell_indirection_lut,1.672,2400,2400,0,0,-1,-1,,1435.406655,3.002034,4.953,7.016,168,8,3,1.5,false,2,8.666,,,,,,,,,,,,,,,,,,,,,,,,,,,,,,,,,,,,,,,,,,1,9,9,1,true,1,0.619,household_market,0,3,8.619,8.619,1.463,1.225,8,household_market,household_market,settle,ECONOMY_GRAPH,false,"{""economy:building_plan"":2,""economy:household_market"":1,""native_daily:climate_pass_b"":1,""native_daily:native_daily_complete"":1,""native_daily:native_daily_finalizer"":1,""native_daily:ocean_land"":1,""native_daily:sea_ice"":1,""native_daily:wind_surface"":1}","{""economy:building_plan"":1.618,""economy:household_market"":1.225,""native_daily:climate_pass_b"":0.789,""native_daily:native_daily_complete"":0.3,""native_daily:native_daily_finalizer"":0.511,""native_daily:ocean_land"":1.119,""native_daily:sea_ice"":0.528,""native_daily:wind_surface"":0.805}","{""economy:building_plan"":1.463,""economy:household_market"":1.225,""native_daily:climate_pass_b"":0.789,""native_daily:native_daily_complete"":0.3,""native_daily:native_daily_finalizer"":0.511,""native_daily:ocean_land"":1.119,""native_daily:sea_ice"":0.528,""native_daily:wind_surface"":0.805}","{""economy:household_market.settle.merge_aggregate"":1,""economy:household_market.settle.merge_trade"":1,""economy:household_market.settle.other"":1,""economy:household_market.settle.prepare"":1,""economy:household_market.settle.trace"":1,""economy:household_market.settle.worker"":1}","{""economy:household_market.settle.merge_aggregate"":0.0332,""economy:household_market.settle.merge_trade"":0.0073,""economy:household_market.settle.other"":0.000599999999999971,""economy:household_market.settle.prepare"":0.0013,""economy:household_market.settle.trace"":0.002,""economy:household_market.settle.worker"":0.4054}","{""economy:household_market.settle.merge_aggregate"":0.0332,""economy:household_market.settle.merge_trade"":0.0073,""economy:household_market.settle.other"":0.000599999999999971,""economy:household_market.settle.prepare"":0.0013,""economy:household_market.settle.trace"":0.002,""economy:household_market.settle.worker"":0.4054}","{""economy:household_market.settle.merge_aggregate"":4,""economy:household_market.settle.merge_trade"":4,""economy:household_market.settle.other"":4,""economy:household_market.settle.prepare"":4,""economy:household_market.settle.trace"":4,""economy:household_market.settle.worker"":4}",0,0.001,3.82,0.047,0,1.229,481,410,4,0,0.317,0.115,0.486,0.014,0.086,0.192,0,0,100,0,15.903,53.545,0.021,10.807,706,290560,449,201,201,0,73899,8,5135,2,0,0,2,4800,0,78.331,0,SHADOW,SHADOW,,4095,2050,2045,missing_native_domain_handlers,false,16,false,0,0,false,0,0,0,0,0,climate_trace_reference_pending,,,,,0,,,0,0,2,0,0,1.303417,0,0,0,0,0,0,204,203,2400,true,0,0,0,0,0,0,0,0,0,0,4088,0,3,0,3,0,0,0,0,0,0,0,climate_trace_reference_pending,0,0,0,0,0,0,0,0,0,0,0,0,0,0,0,0,0,0,0,0,0,0,0,0,0,false,
92,205,39523,false,72,50,11.147,10.711,0.009,0.243,native_daily_sim,climate_pass_a,climate_pass_a_struct,gdext_native_daily_slice,1.896,1,0,0,1,-1,-1,,0.527426,3.003629,4.953,7.016,169,8,3,1.5,false,2,8.666,,,,,,,,,,,,,,,,,,,,,,,,,,,,,,,,,,,,,,,,,,0,0,0,0,false,0,0,,0,0,0,0,0,0,0,,,,,false,{},{},{},{},{},{},{},0,0.001,0.188,0.045,0,0.931,481,410,4,0,0.396,0,0.331,0.007,0.134,0.196,0,0,100,0,7.815333,53.545,0.021,6.651333,706,290706,449,201,201,0,73899,8,5135,2,0,0,2,4800,0,78.331,0,SHADOW,SHADOW,,4095,2050,2045,missing_native_domain_handlers,false,16,false,0,0,false,0,0,0,0,0,climate_trace_reference_pending,,,,,0,,,0,0,2,0,0,1.844322,0,0,0,0,0,0,205,204,2400,true,0,0,0,0,0,0,0,0,0,0,4088,0,3,0,3,0,0,0,0,0,0,0,climate_trace_reference_pending,0,0,0,0,0,0,0,0,0,0,0,0,0,0,0,0,0,0,0,0,0,0,0,0,0,false,
93,206,39575,false,72,50,17.584,16.279,0.673,0.369,trigger_runtime,trigger_evaluate,,TRIGGER_GRAPH,0.762,358,0,0,358,-1,-1,,469.816258,2.99433,4.953,7.016,169,8,3,1.5,false,2,8.666,,,,,,,,,,,,,,,,,,,,,,,,,,,,,,,,,,,,,,,,,,2,16,16,1,true,1,0.123,person_commit,0,7,13.533,8.123,1.594,0.272,8,person_commit,person_commit,snapshot,ECONOMY_GRAPH,false,"{""economy:building_commit"":1,""economy:building_plan"":2,""economy:family_commit"":2,""economy:household_market"":1,""economy:person_commit"":1,""native_daily:climate_pass_b"":1,""native_daily:native_daily_complete"":1,""native_daily:native_daily_finalizer"":1,""native_daily:ocean_land"":1,""native_daily:runtime_hydrology"":1,""native_daily:sea_ice"":1,""native_daily:transpiration"":1,""native_daily:weather_stage_b"":1,""native_daily:wind_surface"":1}","{""economy:building_commit"":0.317,""economy:building_plan"":1.58,""economy:family_commit"":0.374,""economy:household_market"":1.195,""economy:person_commit"":0.272,""native_daily:climate_pass_b"":0.591,""native_daily:native_daily_complete"":0.604,""native_daily:native_daily_finalizer"":0.506,""native_daily:ocean_land"":0.791,""native_daily:runtime_hydrology"":0.783,""native_daily:sea_ice"":0.498,""native_daily:transpiration"":0.404,""native_daily:weather_stage_b"":1.594,""native_daily:wind_surface"":0.647}","{""economy:building_commit"":0.317,""economy:building_plan"":1.444,""economy:family_commit"":0.218,""economy:household_market"":1.195,""economy:person_commit"":0.272,""native_daily:climate_pass_b"":0.591,""native_daily:native_daily_complete"":0.604,""native_daily:native_daily_finalizer"":0.506,""native_daily:ocean_land"":0.791,""native_daily:runtime_hydrology"":0.783,""native_daily:sea_ice"":0.498,""native_daily:transpiration"":0.404,""native_daily:weather_stage_b"":1.594,""native_daily:wind_surface"":0.647}","{""economy:building_commit.review_prepare"":1,""economy:building_commit.special_reset"":1,""economy:household_market.settle.merge_aggregate"":1,""economy:household_market.settle.merge_trade"":1,""economy:household_market.settle.other"":1,""economy:household_market.settle.prepare"":1,""economy:household_market.settle.trace"":1,""economy:household_market.settle.worker"":1}","{""economy:building_commit.review_prepare"":0.0002,""economy:building_commit.special_reset"":0.0001,""economy:household_market.settle.merge_aggregate"":0.0396,""economy:household_market.settle.merge_trade"":0.0081,""economy:household_market.settle.other"":0.000299999999999942,""economy:household_market.settle.prepare"":0.0018,""economy:household_market.settle.trace"":0.0024,""economy:household_market.settle.worker"":0.4253}","{""economy:building_commit.review_prepare"":0.0002,""economy:building_commit.special_reset"":0.0001,""economy:household_market.settle.merge_aggregate"":0.0396,""economy:household_market.settle.merge_trade"":0.0081,""economy:household_market.settle.other"":0.000299999999999942,""economy:household_market.settle.prepare"":0.0018,""economy:household_market.settle.trace"":0.0024,""economy:household_market.settle.worker"":0.4253}","{""economy:building_commit.review_prepare"":1,""economy:building_commit.special_reset"":4,""economy:household_market.settle.merge_aggregate"":4,""economy:household_market.settle.merge_trade"":4,""economy:household_market.settle.other"":4,""economy:household_market.settle.prepare"":4,""economy:household_market.settle.trace"":4,""economy:household_market.settle.worker"":4}",0.001,0,3.304,0.049,0,0.381,461,410,1,0,0.292,0,0.134,0.002,0.01,0.067,0,0,100,0,12.8865,53.545,0.021,9.1525,706,290706,449,203,203,0,74649,8,5600,2,0,0,2,4800,0,78.331,0,SHADOW,SHADOW,,4095,2050,2045,missing_native_domain_handlers,false,16,false,0,0,false,0,0,0,0,0,climate_trace_reference_pending,,,,,0,,,0,0,2,0,0,1.115822,0,0,0,0,0,0,206,205,2400,true,0,0,0,0,0,0,0,0,0,0,4088,0,3,0,3,0,0,0,0,0,0,0,climate_trace_reference_pending,0,0,0,0,0,0,0,0,0,0,0,0,0,0,0,0,0,0,0,0,0,0,0,0,0,false,
94,207,39599,false,72,50,12.161,11.688,0.01,0.266,native_daily_sim,climate_pass_a,climate_pass_a_struct,gdext_native_daily_slice,1.709,1,0,0,1,-1,-1,,0.585138,2.99472,4.953,7.016,170,8,3,1.5,false,2,8.666,,,,,,,,,,,,,,,,,,,,,,,,,,,,,,,,,,,,,,,,,,0,0,0,0,false,0,0,,0,0,0,0,0,0,0,,,,,false,{},{},{},{},{},{},{},0,0,0.296,0.059,0,0.258,461,410,0,0,0,0.251,0,0,0,0,0,0,100,0,8.034333,53.545,0.021,7.421333,706,290706,449,203,203,0,74649,8,5600,2,0,0,2,4800,0,78.331,0,SHADOW,SHADOW,,4095,2050,2045,missing_native_domain_handlers,false,16,false,0,0,false,0,0,0,0,0,climate_trace_reference_pending,,,,,0,,,0,0,2,0,0,1.599537,0,0,0,0,0,0,207,206,2400,true,0,0,0,0,0,0,0,0,0,0,4088,0,3,0,3,0,0,0,0,0,0,0,climate_trace_reference_pending,0,0,0,0,0,0,0,0,0,0,0,0,0,0,0,0,0,0,0,0,0,0,0,0,0,false,
95,208,39649,false,72,50,18.823,18.292,0.01,0.328,dynamic_visual_atlas_upload,,,cell_indirection_lut,1.632,2400,2400,0,0,-1,-1,,1470.588263,2.996942,4.953,7.016,171,8,3,1.5,false,2,8.666,,,,,,,,,,,,,,,,,,,,,,,,,,,,,,,,,,,,,,,,,,1,8,8,1,true,1,0.37,building_plan,0,2,8.37,8.37,1.633,0.206,8,building_plan,trade_settle,reserve,ECONOMY_GRAPH,false,"{""economy:building_plan"":2,""native_daily:climate_pass_b"":1,""native_daily:native_daily_complete"":1,""native_daily:native_daily_finalizer"":1,""native_daily:ocean_land"":1,""native_daily:sea_ice"":1,""native_daily:wind_surface"":1}","{""economy:building_plan"":1.839,""native_daily:climate_pass_b"":0.855,""native_daily:native_daily_complete"":0.337,""native_daily:native_daily_finalizer"":0.557,""native_daily:ocean_land"":1.242,""native_daily:sea_ice"":0.745,""native_daily:wind_surface"":0.955}","{""economy:building_plan"":1.633,""native_daily:climate_pass_b"":0.855,""native_daily:native_daily_complete"":0.337,""native_daily:native_daily_finalizer"":0.557,""native_daily:ocean_land"":1.242,""native_daily:sea_ice"":0.745,""native_daily:wind_surface"":0.955}",{},{},{},{},0,0.001,5.859,0.068,0,1.609,461,410,3,0,0.654,0,0.708,0.039,0.245,0.298,0,0,100,0,16.861333,53.545,0.021,9.325333,706,288682,449,205,205,0,75402,8,6140,2,0,0,2,4800,0,78.331,0,SHADOW,SHADOW,,4095,2050,2045,missing_native_domain_handlers,false,16,false,0,0,false,0,0,0,0,0,climate_trace_reference_pending,,,,,0,,,0,0,2,0,0,1.788192,0,0,0,0,0,0,208,207,2400,true,0,0,0,0,0,0,0,0,0,0,4088,0,3,0,3,0,0,0,0,0,0,0,climate_trace_reference_pending,0,0,0,0,0,0,0,0,0,0,0,0,0,0,0,0,0,0,0,0,0,0,0,0,0,false,
96,209,39674,false,72,50,10.346,9.849,0.011,0.279,native_daily_sim,climate_pass_a,climate_pass_a_struct,gdext_native_daily_slice,1.293,1,0,0,1,-1,-1,,0.773395,2.99432,4.953,7.016,172,8,3,1.5,false,2,8.666,,,,,,,,,,,,,,,,,,,,,,,,,,,,,,,,,,,,,,,,,,0,0,0,0,false,0,0,,0,0,0,0,0,0,0,,,,,false,{},{},{},{},{},{},{},0.001,0,0.44,0.069,0,2.041,461,410,4,0,0.658,0,0.929,0.049,0.327,0.317,0,0,100,0,12.1355,53.545,0.021,9.5855,706,288562,449,205,205,0,75402,8,6140,2,0,0,2,4800,0,78.331,0,SHADOW,SHADOW,,4095,2050,2045,missing_native_domain_handlers,false,16,false,0,0,false,0,0,0,0,0,climate_trace_reference_pending,,,,,0,,,0,0,2,0,0,1.406252,0,0,0,0,0,0,209,208,2400,true,0,0,0,0,0,0,0,0,0,0,4088,0,3,0,3,0,0,0,0,0,0,0,climate_trace_reference_pending,0,0,0,0,0,0,0,0,0,0,0,0,0,0,0,0,0,0,0,0,0,0,0,0,0,false,
97,210,39721,false,72,50,18.368,17.744,0.013,0.357,ocean_currents,daily_wind_prepass,daily_wind_slp,gdext_daily_wind_slp,0.97,2400,2400,0,0,-1,-1,,2474.226731,2.991623,4.953,7.016,173,8,3,1.5,false,2,8.666,,,,,,,,,,,,,,,,,,,,,,,,,,,,,,,,,,,,,,,,,,1,9,9,1,true,1,0.46,household_market,0,3,8.46,8.46,1.698,1.242,8,household_market,household_market,settle,ECONOMY_GRAPH,false,"{""economy:building_plan"":2,""economy:household_market"":1,""native_daily:climate_pass_b"":1,""native_daily:native_daily_complete"":1,""native_daily:native_daily_finalizer"":1,""native_daily:ocean_land"":1,""native_daily:sea_ice"":1,""native_daily:wind_surface"":1}","{""economy:building_plan"":1.924,""economy:household_market"":1.242,""native_daily:climate_pass_b"":0.584,""native_daily:native_daily_complete"":0.347,""native_daily:native_daily_finalizer"":0.442,""native_daily:ocean_land"":0.807,""native_daily:sea_ice"":0.542,""native_daily:wind_surface"":0.683}","{""economy:building_plan"":1.698,""economy:household_market"":1.242,""native_daily:climate_pass_b"":0.584,""native_daily:native_daily_complete"":0.347,""native_daily:native_daily_finalizer"":0.442,""native_daily:ocean_land"":0.807,""native_daily:sea_ice"":0.542,""native_daily:wind_surface"":0.683}","{""economy:household_market.settle.merge_aggregate"":1,""economy:household_market.settle.merge_trade"":1,""economy:household_market.settle.other"":1,""economy:household_market.settle.prepare"":1,""economy:household_market.settle.trace"":1,""economy:household_market.settle.worker"":1}","{""economy:household_market.settle.merge_aggregate"":0.0325,""economy:household_market.settle.merge_trade"":0.0071,""economy:household_market.settle.other"":0.000200000000000026,""economy:household_market.settle.prepare"":0.0016,""economy:household_market.settle.trace"":0.0023,""economy:household_market.settle.worker"":0.4322}","{""economy:household_market.settle.merge_aggregate"":0.0325,""economy:household_market.settle.merge_trade"":0.0071,""economy:household_market.settle.other"":0.000200000000000026,""economy:household_market.settle.prepare"":0.0016,""economy:household_market.settle.trace"":0.0023,""economy:household_market.settle.worker"":0.4322}","{""economy:household_market.settle.merge_aggregate"":4,""economy:household_market.settle.merge_trade"":4,""economy:household_market.settle.other"":4,""economy:household_market.settle.prepare"":4,""economy:household_market.settle.trace"":4,""economy:household_market.settle.worker"":4}",0,0.001,4.174,0.047,0,1.32,461,410,4,0,0.351,0.104,0.563,0.023,0.134,0.267,0,0,100,0,15.740333,53.545,0.021,10.199333,706,286215,449,207,207,0,76157,8,6279,2,0,0,2,4800,0,78.331,0,SHADOW,SHADOW,,4095,2050,2045,missing_native_domain_handlers,false,16,false,0,0,false,0,0,0,0,0,climate_trace_reference_pending,,,,,0,,,0,0,2,0,0,1.366907,0,0,0,0,0,0,210,209,2400,true,0,0,0,0,0,0,0,0,0,0,4088,0,3,0,3,0,0,0,0,0,0,0,climate_trace_reference_pending,0,0,0,0,0,0,0,0,0,0,0,0,0,0,0,0,0,0,0,0,0,0,0,0,0,false,
98,211,39745,false,72,50,10.442,9.909,0.011,0.295,native_daily_sim,climate_pass_a,climate_pass_a_struct,gdext_native_daily_slice,1.362,1,0,0,1,-1,-1,,0.734214,2.989094,4.953,7.016,174,8,3,1.5,false,2,8.666,,,,,,,,,,,,,,,,,,,,,,,,,,,,,,,,,,,,,,,,,,0,0,0,0,false,0,0,,0,0,0,0,0,0,0,,,,,false,{},{},{},{},{},{},{},0,0.001,0.326,0.05,0,0.593,457,410,2,0,0.365,0,0.181,0.008,0.105,0.112,0,0,100,0,8.208,53.545,0.021,7.239,706,286430,449,207,207,0,76157,8,6279,2,0,0,2,4800,0,78.331,0,SHADOW,SHADOW,,4095,2050,2045,missing_native_domain_handlers,false,16,false,0,0,false,0,0,0,0,0,climate_trace_reference_pending,,,,,0,,,0,0,2,0,0,1.994242,0,0,0,0,0,0,211,210,2400,true,0,0,0,0,0,0,0,0,0,0,4088,0,3,0,3,0,0,0,0,0,0,0,climate_trace_reference_pending,0,0,0,0,0,0,0,0,0,0,0,0,0,0,0,0,0,0,0,0,0,0,0,0,0,false,
99,212,39790,false,72,50,19.048,18.457,0.013,0.352,dynamic_visual_atlas_upload,,,cell_indirection_lut,1.673,2400,2400,0,0,-1,-1,,1434.548734,2.990174,4.953,7.016,175,8,3,1.5,false,2,8.666,,,,,,,,,,,,,,,,,,,,,,,,,,,,,,,,,,,,,,,,,,1,9,9,1,true,1,0.022,building_plan,0,3,8.022,8.022,1.875,0.177,8,building_plan,trade_settle,reserve,ECONOMY_GRAPH,false,"{""economy:building_plan"":2,""economy:epoch_begin"":1,""native_daily:climate_pass_b"":1,""native_daily:native_daily_complete"":1,""native_daily:native_daily_finalizer"":1,""native_daily:ocean_land"":1,""native_daily:sea_ice"":1,""native_daily:wind_surface"":1}","{""economy:building_plan"":0.343,""economy:epoch_begin"":1.875,""native_daily:climate_pass_b"":0.567,""native_daily:native_daily_complete"":0.307,""native_daily:native_daily_finalizer"":0.532,""native_daily:ocean_land"":0.793,""native_daily:sea_ice"":0.576,""native_daily:wind_surface"":0.715}","{""economy:building_plan"":0.177,""economy:epoch_begin"":1.875,""native_daily:climate_pass_b"":0.567,""native_daily:native_daily_complete"":0.307,""native_daily:native_daily_finalizer"":0.532,""native_daily:ocean_land"":0.793,""native_daily:sea_ice"":0.576,""native_daily:wind_surface"":0.715}",{},{},{},{},0,0,6.028,0.049,0,0.248,457,410,0,0,0,0.241,0,0,0,0,0,0,100,0,14.982333,53.545,0.021,8.657333,706,286430,449,209,209,0,76912,8,5762,2,0,0,2,4800,0,78.331,0,SHADOW,SHADOW,,4095,2050,2045,missing_native_domain_handlers,false,16,false,0,0,false,0,0,0,0,0,climate_trace_reference_pending,,,,,0,,,0,0,2,0,0,1.827232,0,0,0,0,0,0,212,211,2400,true,0,0,0,0,0,0,0,0,0,0,4088,0,3,0,3,0,0,0,0,0,0,0,climate_trace_reference_pending,0,0,0,0,0,0,0,0,0,0,0,0,0,0,0,0,0,0,0,0,0,0,0,0,0,false,
100,213,39810,false,72,50,12.683,12.19,0.009,0.272,native_daily_sim,climate_pass_a,climate_pass_a_struct,gdext_native_daily_slice,2.043,1,0,0,1,-1,-1,,0.489476,2.990929,4.953,7.016,176,8,3,1.5,false,2,8.666,,,,,,,,,,,,,,,,,,,,,,,,,,,,,,,,,,,,,,,,,,0,0,0,0,false,0,0,,0,0,0,0,0,0,0,,,,,false,{},{},{},{},{},{},{},0,19.849,20.233,0.064,0,2.512,457,410,4,0,0.855,0.139,0.873,0.06,0.738,0.318,0,0,100,0,20.063,53.545,0.021,0,706,286430,449,209,209,0,76912,8,5762,2,0,0,2,4800,0,78.331,0,SHADOW,SHADOW,,4095,2050,2045,missing_native_domain_handlers,false,16,false,0,0,false,0,0,0,0,0,climate_trace_reference_pending,,,,,0,,,0,0,2,0,0,1.147677,0,0,0,0,0,0,213,212,2400,true,0,0,0,0,0,0,0,0,0,0,4088,0,3,0,3,0,0,0,0,0,0,0,climate_trace_reference_pending,0,0,0,0,0,0,0,0,0,0,0,0,0,0,0,0,0,0,0,0,0,0,0,0,0,false,
101,214,39869,false,72,50,18.697,17.311,0.794,0.356,trigger_runtime,trigger_evaluate,,TRIGGER_GRAPH,0.901,357,0,0,357,-1,-1,,396.226405,2.982827,4.953,7.016,176,8,3,1.5,false,2,8.666,,,,,,,,,,,,,,,,,,,,,,,,,,,,,,,,,,,,,,,,,,2,13,13,1,true,1,0.164,building_commit,0,4,13.554,8.164,1.619,0.355,8,building_commit,building_commit,special_reset,ECONOMY_GRAPH,false,"{""economy:building_commit"":1,""economy:building_plan"":2,""economy:household_market"":1,""native_daily:climate_pass_b"":1,""native_daily:native_daily_complete"":1,""native_daily:native_daily_finalizer"":1,""native_daily:ocean_land"":1,""native_daily:runtime_hydrology"":1,""native_daily:sea_ice"":1,""native_daily:transpiration"":1,""native_daily:weather_stage_b"":1,""native_daily:wind_surface"":1}","{""economy:building_commit"":0.355,""economy:building_plan"":1.716,""economy:household_market"":1.297,""native_daily:climate_pass_b"":0.699,""native_daily:native_daily_complete"":0.76,""native_daily:native_daily_finalizer"":0.754,""native_daily:ocean_land"":0.851,""native_daily:runtime_hydrology"":0.856,""native_daily:sea_ice"":0.689,""native_daily:transpiration"":0.585,""native_daily:weather_stage_b"":1.619,""native_daily:wind_surface"":0.845}","{""economy:building_commit"":0.355,""economy:building_plan"":1.53,""economy:household_market"":1.297,""native_daily:climate_pass_b"":0.699,""native_daily:native_daily_complete"":0.76,""native_daily:native_daily_finalizer"":0.754,""native_daily:ocean_land"":0.851,""native_daily:runtime_hydrology"":0.856,""native_daily:sea_ice"":0.689,""native_daily:transpiration"":0.585,""native_daily:weather_stage_b"":1.619,""native_daily:wind_surface"":0.845}","{""economy:building_commit.review_prepare"":1,""economy:building_commit.special_reset"":1,""economy:household_market.settle.merge_aggregate"":1,""economy:household_market.settle.merge_trade"":1,""economy:household_market.settle.other"":1,""economy:household_market.settle.prepare"":1,""economy:household_market.settle.trace"":1,""economy:household_market.settle.worker"":1}","{""economy:building_commit.review_prepare"":0.0003,""economy:building_commit.special_reset"":0.0001,""economy:household_market.settle.merge_aggregate"":0.0362,""economy:household_market.settle.merge_trade"":0.0085,""economy:household_market.settle.other"":0.000500000000000017,""economy:household_market.settle.prepare"":0.0016,""economy:household_market.settle.trace"":0.003,""economy:household_market.settle.worker"":0.3741}","{""economy:building_commit.review_prepare"":0.0003,""economy:building_commit.special_reset"":0.0001,""economy:household_market.settle.merge_aggregate"":0.0362,""economy:household_market.settle.merge_trade"":0.0085,""economy:household_market.settle.other"":0.000500000000000017,""economy:household_market.settle.prepare"":0.0016,""economy:household_market.settle.trace"":0.003,""economy:household_market.settle.worker"":0.3741}","{""economy:building_commit.review_prepare"":1,""economy:building_commit.special_reset"":4,""economy:household_market.settle.merge_aggregate"":4,""economy:household_market.settle.merge_trade"":4,""economy:household_market.settle.other"":4,""economy:household_market.settle.prepare"":4,""economy:household_market.settle.trace"":4,""economy:household_market.settle.worker"":4}",0,0,0.282,0.042,0,1.213,457,410,4,0,0.387,0,0.608,0.019,0.112,0.184,0,0,100,0,11.7136,53.545,0.021,10.1766,705,285555,449,211,211,0,77666,8,6127,2,0,0,2,4800,0,78.331,0,SHADOW,SHADOW,,4095,2050,2045,missing_native_domain_handlers,false,16,false,0,0,false,0,0,0,0,0,climate_trace_reference_pending,,,,,0,,,0,0,2,0,0,1.780887,0,0,0,0,0,0,214,213,2400,true,0,0,0,0,0,0,0,0,0,0,4088,0,3,0,3,0,0,0,0,0,0,0,climate_trace_reference_pending,0,0,0,0,0,0,0,0,0,0,0,0,0,0,0,0,0,0,0,0,0,0,0,0,0,false,
102,215,39892,false,72,50,13.014,12.433,0.012,0.331,native_daily_sim,climate_pass_a,climate_pass_a_struct,gdext_native_daily_slice,1.703,1,0,0,1,-1,-1,,0.587199,2.985149,4.953,7.016,177,8,3,1.5,false,2,8.666,,,,,,,,,,,,,,,,,,,,,,,,,,,,,,,,,,,,,,,,,,0,0,0,0,false,0,0,,0,0,0,0,0,0,0,,,,,false,{},{},{},{},{},{},{},0,0.001,0.318,0.062,0,1.323,457,410,4,0,0.357,0.109,0.508,0.009,0.047,0.222,0,0,100,0,11.5825,53.545,0.021,9.8795,705,285430,449,211,211,0,77666,8,6127,2,0,0,2,4800,0,78.331,0,SHADOW,SHADOW,,4095,2050,2045,missing_native_domain_handlers,false,16,false,0,0,false,0,0,0,0,0,climate_trace_reference_pending,,,,,0,,,0,0,2,0,0,1.222462,0,0,0,0,0,0,215,214,2400,true,0,0,0,0,0,0,0,0,0,0,4088,0,3,0,3,0,0,0,0,0,0,0,climate_trace_reference_pending,0,0,0,0,0,0,0,0,0,0,0,0,0,0,0,0,0,0,0,0,0,0,0,0,0,false,
103,216,39940,false,72,50,21.38,20.876,0.012,0.274,dynamic_visual_atlas_upload,,,cell_indirection_lut,1.942,2400,2400,0,0,-1,-1,,1235.839321,2.992315,4.953,7.016,178,8,3,1.5,false,2,8.666,,,,,,,,,,,,,,,,,,,,,,,,,,,,,,,,,,,,,,,,,,1,8,8,1,true,1,0.224,building_plan,0,2,8.224,8.224,1.591,0.377,8,building_plan,building_plan,evaluate,ECONOMY_GRAPH,false,"{""economy:building_plan"":1,""economy:epoch_begin"":1,""native_daily:climate_pass_b"":1,""native_daily:native_daily_complete"":1,""native_daily:native_daily_finalizer"":1,""native_daily:ocean_land"":1,""native_daily:sea_ice"":1,""native_daily:wind_surface"":1}","{""economy:building_plan"":0.377,""economy:epoch_begin"":1.591,""native_daily:climate_pass_b"":0.758,""native_daily:native_daily_complete"":0.406,""native_daily:native_daily_finalizer"":0.633,""native_daily:ocean_land"":1.263,""native_daily:sea_ice"":0.724,""native_daily:wind_surface"":0.963}","{""economy:building_plan"":0.377,""economy:epoch_begin"":1.591,""native_daily:climate_pass_b"":0.758,""native_daily:native_daily_complete"":0.406,""native_daily:native_daily_finalizer"":0.633,""native_daily:ocean_land"":1.263,""native_daily:sea_ice"":0.724,""native_daily:wind_surface"":0.963}",{},{},{},{},0,0,4.422,0.074,0,1.069,457,410,4,0,0.47,0,0.429,0.016,0.24,0.188,0,0,100,0,15.822667,53.545,0.021,10.257667,705,285430,449,213,213,0,78422,8,7142,2,0,0,2,4800,0,78.331,0,SHADOW,SHADOW,,4095,2050,2045,missing_native_domain_handlers,false,16,false,0,0,false,0,0,0,0,0,climate_trace_reference_pending,,,,,0,,,0,0,2,0,0,1.159532,0,0,0,0,0,0,216,215,2400,true,0,0,0,0,0,0,0,0,0,0,4088,0,3,0,3,0,0,0,0,0,0,0,climate_trace_reference_pending,0,0,0,0,0,0,0,0,0,0,0,0,0,0,0,0,0,0,0,0,0,0,0,0,0,false,
104,217,39962,false,72,50,11.754,11.089,0.012,0.364,native_daily_sim,climate_pass_a,climate_pass_a_struct,gdext_native_daily_slice,1.354,1,0,0,1,-1,-1,,0.738552,2.990415,4.953,7.016,179,8,3,1.5,false,2,8.666,,,,,,,,,,,,,,,,,,,,,,,,,,,,,,,,,,,,,,,,,,0,0,0,0,false,0,0,,0,0,0,0,0,0,0,,,,,false,{},{},{},{},{},{},{},0,0.001,0.29,0.054,0,1.17,457,410,4,0,0.309,0,0.438,0.01,0.166,0.197,0,0,100,0,11.137,53.545,0.021,9.623,705,284665,449,213,213,0,78422,8,7142,2,0,0,2,4800,0,78.331,0,SHADOW,SHADOW,,4095,2050,2045,missing_native_domain_handlers,false,16,false,0,0,false,0,0,0,0,0,climate_trace_reference_pending,,,,,0,,,0,0,2,0,0,1.766077,0,0,0,0,0,0,217,216,2400,true,0,0,0,0,0,0,0,0,0,0,4088,0,3,0,3,0,0,0,0,0,0,0,climate_trace_reference_pending,0,0,0,0,0,0,0,0,0,0,0,0,0,0,0,0,0,0,0,0,0,0,0,0,0,false,
105,218,40007,false,72,50,17.53,16.859,0.014,0.359,trigger_runtime,trigger_evaluate,,TRIGGER_GRAPH,0.759,356,0,0,356,-1,-1,,469.038206,2.981454,4.953,7.016,179,8,3,1.5,false,2,8.666,,,,,,,,,,,,,,,,,,,,,,,,,,,,,,,,,,,,,,,,,,1,8,8,1,true,1,0.134,building_plan,0,2,8.134,8.134,1.572,0.228,8,building_plan,trade_settle,reserve,ECONOMY_GRAPH,false,"{""economy:building_plan"":2,""native_daily:climate_pass_b"":1,""native_daily:native_daily_complete"":1,""native_daily:native_daily_finalizer"":1,""native_daily:ocean_land"":1,""native_daily:sea_ice"":1,""native_daily:wind_surface"":1}","{""economy:building_plan"":1.8,""native_daily:climate_pass_b"":0.653,""native_daily:native_daily_complete"":0.417,""native_daily:native_daily_finalizer"":0.699,""native_daily:ocean_land"":1.073,""native_daily:sea_ice"":0.695,""native_daily:wind_surface"":0.841}","{""economy:building_plan"":1.572,""native_daily:climate_pass_b"":0.653,""native_daily:native_daily_complete"":0.417,""native_daily:native_daily_finalizer"":0.699,""native_daily:ocean_land"":1.073,""native_daily:sea_ice"":0.695,""native_daily:wind_surface"":0.841}",{},{},{},{},0,0.001,5.026,0.063,0,0.935,442,410,3,0,0.311,0.055,0.311,0.012,0.131,0.149,0,0,100,0,15.099333,53.545,0.021,9.075333,705,284665,449,215,215,0,79175,8,6012,2,0,0,2,4800,0,78.331,0,SHADOW,SHADOW,,4095,2050,2045,missing_native_domain_handlers,false,16,false,0,0,false,0,0,0,0,0,climate_trace_reference_pending,,,,,0,,,0,0,2,0,0,1.748827,0,0,0,0,0,0,218,217,2400,true,0,0,0,0,0,0,0,0,0,0,4088,0,3,0,3,0,0,0,0,0,0,0,climate_trace_reference_pending,0,0,0,0,0,0,0,0,0,0,0,0,0,0,0,0,0,0,0,0,0,0,0,0,0,false,
106,219,40027,false,78,50,11.668,11.188,0.011,0.271,native_daily_sim,climate_pass_a,climate_pass_a_struct,gdext_native_daily_slice,1.678,1,0,0,1,-1,-1,,0.595948,2.981301,4.953,7.016,180,8,3,1.5,false,2,8.666,,,,,,,,,,,,,,,,,,,,,,,,,,,,,,,,,,,,,,,,,,0,0,0,0,false,0,0,,0,0,0,0,0,0,0,,,,,false,{},{},{},{},{},{},{},0,0,0.261,0.05,0,0.063,442,410,0,0,0,0.058,0,0,0,0,0,0,100,0,9.7095,28.988,0.021,9.3355,705,284665,449,215,215,0,79175,8,6012,2,0,0,2,4800,0,78.331,0,SHADOW,SHADOW,,4095,2050,2045,missing_native_domain_handlers,false,16,false,0,0,false,0,0,0,0,0,climate_trace_reference_pending,,,,,0,,,0,0,2,0,0,1.995647,0,0,0,0,0,0,219,218,2400,true,0,0,0,0,0,0,0,0,0,0,4088,0,3,0,3,0,0,0,0,0,0,0,climate_trace_reference_pending,0,0,0,0,0,0,0,0,0,0,0,0,0,0,0,0,0,0,0,0,0,0,0,0,0,false,
107,220,40076,false,78,50,19.994,19.476,0.011,0.3,dynamic_visual_atlas_upload,,,cell_indirection_lut,1.531,2400,2400,0,0,-1,-1,,1567.602855,2.984459,4.907,7.016,181,8,3,1.5,false,2,8.666,,,,,,,,,,,,,,,,,,,,,,,,,,,,,,,,,,,,,,,,,,1,7,7,1,true,1,0.099,epoch_begin,0,1,8.099,8.099,1.855,1.855,8,epoch_begin,building_plan,,ECONOMY_GRAPH,false,"{""economy:epoch_begin"":1,""native_daily:climate_pass_b"":1,""native_daily:native_daily_complete"":1,""native_daily:native_daily_finalizer"":1,""native_daily:ocean_land"":1,""native_daily:sea_ice"":1,""native_daily:wind_surface"":1}","{""economy:epoch_begin"":1.855,""native_daily:climate_pass_b"":0.738,""native_daily:native_daily_complete"":0.385,""native_daily:native_daily_finalizer"":0.666,""native_daily:ocean_land"":1.186,""native_daily:sea_ice"":0.722,""native_daily:wind_surface"":0.978}","{""economy:epoch_begin"":1.855,""native_daily:climate_pass_b"":0.738,""native_daily:native_daily_complete"":0.385,""native_daily:native_daily_finalizer"":0.666,""native_daily:ocean_land"":1.186,""native_daily:sea_ice"":0.722,""native_daily:wind_surface"":0.978}",{},{},{},{},0,0,5.439,0.063,0,1.583,442,410,4,0,0.546,0,0.658,0.015,0.32,0.239,0,0,100,0,16.479,28.988,0.021,9.394,705,284555,449,217,217,0,79933,8,6057,2,0,0,2,4800,0,78.331,0,SHADOW,SHADOW,,4095,2050,2045,missing_native_domain_handlers,false,16,false,0,0,false,0,0,0,0,0,climate_trace_reference_pending,,,,,0,,,0,0,2,0,0,1.060527,0,0,0,0,0,0,220,219,2400,true,0,0,0,0,0,0,0,0,0,0,4088,0,3,0,3,0,0,0,0,0,0,0,climate_trace_reference_pending,0,0,0,0,0,0,0,0,0,0,0,0,0,0,0,0,0,0,0,0,0,0,0,0,0,false,
108,221,40102,false,78,50,13.526,13.026,0.01,0.274,native_daily_sim,climate_pass_a,climate_pass_a_struct,gdext_native_daily_slice,2.632,1,0,0,1,-1,-1,,0.379939,2.989864,4.907,7.016,182,8,3,1.5,false,2,8.666,,,,,,,,,,,,,,,,,,,,,,,,,,,,,,,,,,,,,,,,,,0,0,0,0,false,0,0,,0,0,0,0,0,0,0,,,,,false,{},{},{},{},{},{},{},0,0,0.299,0.064,0,1.518,442,410,4,0,0.45,0,0.778,0.018,0.161,0.228,0,0,100,0,12.852,28.988,0.021,10.971,705,284516,449,217,217,0,79933,8,6057,2,0,0,2,4800,0,78.331,0,SHADOW,SHADOW,,4095,2050,2045,missing_native_domain_handlers,false,16,false,0,0,false,0,0,0,0,0,climate_trace_reference_pending,,,,,0,,,0,0,2,0,0,1.677592,0,0,0,0,0,0,221,220,2400,true,0,0,0,0,0,0,0,0,0,0,4088,0,3,0,3,0,0,0,0,0,0,0,climate_trace_reference_pending,0,0,0,0,0,0,0,0,0,0,0,0,0,0,0,0,0,0,0,0,0,0,0,0,0,false,
109,222,40157,false,78,50,18.767,17.506,0.736,0.307,ocean_currents,daily_wind_prepass,daily_wind_slp,gdext_daily_wind_slp,1.011,2400,2400,0,0,-1,-1,,2373.887153,2.986626,4.907,7.016,183,8,3,1.5,false,2,8.666,,,,,,,,,,,,,,,,,,,,,,,,,,,,,,,,,,,,,,,,,,2,13,13,1,true,1,0.06,building_commit,0,4,13.346,8.06,1.546,0.353,8,building_commit,building_commit,special_reset,ECONOMY_GRAPH,false,"{""economy:building_commit"":1,""economy:building_plan"":2,""economy:household_market"":1,""native_daily:climate_pass_b"":1,""native_daily:native_daily_complete"":1,""native_daily:native_daily_finalizer"":1,""native_daily:ocean_land"":1,""native_daily:runtime_hydrology"":1,""native_daily:sea_ice"":1,""native_daily:transpiration"":1,""native_daily:weather_stage_b"":1,""native_daily:wind_surface"":1}","{""economy:building_commit"":0.353,""economy:building_plan"":1.742,""economy:household_market"":1.219,""native_daily:climate_pass_b"":0.726,""native_daily:native_daily_complete"":0.796,""native_daily:native_daily_finalizer"":0.712,""native_daily:ocean_land"":1.206,""native_daily:runtime_hydrology"":1.05,""native_daily:sea_ice"":0.512,""native_daily:transpiration"":0.511,""native_daily:weather_stage_b"":1.498,""native_daily:wind_surface"":0.73}","{""economy:building_commit"":0.353,""economy:building_plan"":1.546,""economy:household_market"":1.219,""native_daily:climate_pass_b"":0.726,""native_daily:native_daily_complete"":0.796,""native_daily:native_daily_finalizer"":0.712,""native_daily:ocean_land"":1.206,""native_daily:runtime_hydrology"":1.05,""native_daily:sea_ice"":0.512,""native_daily:transpiration"":0.511,""native_daily:weather_stage_b"":1.498,""native_daily:wind_surface"":0.73}","{""economy:building_commit.review_prepare"":1,""economy:building_commit.special_reset"":1,""economy:household_market.settle.merge_aggregate"":1,""economy:household_market.settle.merge_trade"":1,""economy:household_market.settle.other"":1,""economy:household_market.settle.prepare"":1,""economy:household_market.settle.trace"":1,""economy:household_market.settle.worker"":1}","{""economy:building_commit.review_prepare"":0.0005,""economy:building_commit.special_reset"":0.0001,""economy:household_market.settle.merge_aggregate"":0.0379,""economy:household_market.settle.merge_trade"":0.008,""economy:household_market.settle.other"":0.000399999999999991,""economy:household_market.settle.prepare"":0.0012,""economy:household_market.settle.trace"":0.0022,""economy:household_market.settle.worker"":0.4016}","{""economy:building_commit.review_prepare"":0.0005,""economy:building_commit.special_reset"":0.0001,""economy:household_market.settle.merge_aggregate"":0.0379,""economy:household_market.settle.merge_trade"":0.008,""economy:household_market.settle.other"":0.000399999999999991,""economy:household_market.settle.prepare"":0.0012,""economy:household_market.settle.trace"":0.0022,""economy:household_market.settle.worker"":0.4016}","{""economy:building_commit.review_prepare"":1,""economy:building_commit.special_reset"":4,""economy:household_market.settle.merge_aggregate"":4,""economy:household_market.settle.merge_trade"":4,""economy:household_market.settle.other"":4,""economy:household_market.settle.prepare"":4,""economy:household_market.settle.trace"":4,""economy:household_market.settle.worker"":4}",0,0.001,3.778,0.065,0,1.194,442,410,4,0,0.384,0,0.535,0.01,0.043,0.191,0,0,100,0,13.73025,28.988,0.021,8.69325,705,284461,449,219,219,0,80686,8,6405,2,0,0,2,4800,0,78.331,0,SHADOW,SHADOW,,4095,2050,2045,missing_native_domain_handlers,false,16,false,0,0,false,0,0,0,0,0,climate_trace_reference_pending,,,,,0,,,0,0,2,0,0,1.159662,0,0,0,0,0,0,222,221,2400,true,0,0,0,0,0,0,0,0,0,0,4088,0,3,0,3,0,0,0,0,0,0,0,climate_trace_reference_pending,0,0,0,0,0,0,0,0,0,0,0,0,0,0,0,0,0,0,0,0,0,0,0,0,0,false,
110,223,40185,false,78,50,17.478,12.224,0.011,4.988,native_daily_sim,climate_pass_a,climate_pass_a_struct,gdext_native_daily_slice,1.593,1,0,0,1,-1,-1,,0.627746,2.986475,4.907,7.016,184,8,3,1.5,false,2,8.666,,,,,,,,,,,,,,,,,,,,,,,,,,,,,,,,,,,,,,,,,,0,0,0,0,false,0,0,,0,0,0,0,0,0,0,,,,,false,{},{},{},{},{},{},{},0,0.001,0.402,0.059,0,0.95,442,410,4,0,0.42,0,0.436,0.011,0.05,0.184,0,0,100,0,14.063,28.988,0.021,12.652,706,284463,449,219,219,0,80686,8,6405,2,0,0,2,4800,0,78.331,0,SHADOW,SHADOW,,4095,2050,2045,missing_native_domain_handlers,false,16,false,0,0,false,0,0,0,0,0,climate_trace_reference_pending,,,,,0,,,0,0,2,0,0,1.639117,0,0,0,0,0,0,223,222,2400,true,0,0,0,0,0,0,0,0,0,0,4088,0,3,0,3,0,0,0,0,0,0,0,climate_trace_reference_pending,0,0,0,0,0,0,0,0,0,0,0,0,0,0,0,0,0,0,0,0,0,0,0,0,0,false,
111,224,40238,false,78,50,19.847,19.222,0.015,0.32,dynamic_visual_atlas_upload,,,cell_indirection_lut,1.699,2400,2400,0,0,-1,-1,,1412.595644,2.989455,4.907,7.016,185,8,3,1.5,false,2,8.666,,,,,,,,,,,,,,,,,,,,,,,,,,,,,,,,,,,,,,,,,,1,8,8,1,true,1,0.17,building_plan,0,2,8.17,8.17,1.798,0.203,8,building_plan,building_plan,evaluate,ECONOMY_GRAPH,false,"{""economy:building_plan"":1,""economy:epoch_begin"":1,""native_daily:climate_pass_b"":1,""native_daily:native_daily_complete"":1,""native_daily:native_daily_finalizer"":1,""native_daily:ocean_land"":1,""native_daily:sea_ice"":1,""native_daily:wind_surface"":1}","{""economy:building_plan"":0.203,""economy:epoch_begin"":1.798,""native_daily:climate_pass_b"":0.669,""native_daily:native_daily_complete"":0.309,""native_daily:native_daily_finalizer"":0.618,""native_daily:ocean_land"":1.096,""native_daily:sea_ice"":0.649,""native_daily:wind_surface"":0.859}","{""economy:building_plan"":0.203,""economy:epoch_begin"":1.798,""native_daily:climate_pass_b"":0.669,""native_daily:native_daily_complete"":0.309,""native_daily:native_daily_finalizer"":0.618,""native_daily:ocean_land"":1.096,""native_daily:sea_ice"":0.649,""native_daily:wind_surface"":0.859}",{},{},{},{},0,0,5.58,0.054,0,1.587,442,410,4,0,0.583,0,0.573,0.011,0.221,0.281,0,0,100,0,17.782667,28.988,0.021,10.561667,706,284306,449,221,221,0,81443,8,6191,2,0,0,2,4800,0,78.331,0,SHADOW,SHADOW,,4095,2050,2045,missing_native_domain_handlers,false,16,false,0,0,false,0,0,0,0,0,climate_trace_reference_pending,,,,,0,,,0,0,2,0,0,1.187337,0,0,0,0,0,0,224,223,2400,true,0,0,0,0,0,0,0,0,0,0,4088,0,3,0,3,0,0,0,0,0,0,0,climate_trace_reference_pending,0,0,0,0,0,0,0,0,0,0,0,0,0,0,0,0,0,0,0,0,0,0,0,0,0,false,
112,225,40271,false,78,50,14.862,14.283,0.011,0.306,native_daily_sim,climate_pass_a,climate_pass_a_struct,gdext_native_daily_slice,1.774,1,0,0,1,-1,-1,,0.563698,2.99292,4.907,7.016,186,8,3,1.5,false,2,8.666,,,,,,,,,,,,,,,,,,,,,,,,,,,,,,,,,,,,,,,,,,0,0,0,0,false,0,0,,0,0,0,0,0,0,0,,,,,false,{},{},{},{},{},{},{},0,0,0.4,0.067,0,0.97,442,410,4,0,0.309,0,0.38,0.013,0.057,0.172,0,0,100,0,10.807,28.988,0.021,9.37,706,284306,449,221,221,0,81443,8,6191,2,0,0,2,4800,0,78.331,0,SHADOW,SHADOW,,4095,2050,2045,missing_native_domain_handlers,false,16,false,0,0,false,0,0,0,0,0,climate_trace_reference_pending,,,,,0,,,0,0,2,0,0,1.063857,0,0,0,0,0,0,225,224,2400,true,0,0,0,0,0,0,0,0,0,0,4088,0,3,0,3,0,0,0,0,0,0,0,climate_trace_reference_pending,0,0,0,0,0,0,0,0,0,0,0,0,0,0,0,0,0,0,0,0,0,0,0,0,0,false,
113,226,40319,false,78,50,16.35,15.72,0.013,0.369,trigger_runtime,trigger_evaluate,,TRIGGER_GRAPH,0.829,358,0,0,358,-1,-1,,431.845599,2.984611,4.907,7.016,186,8,3,1.5,false,2,8.666,,,,,,,,,,,,,,,,,,,,,,,,,,,,,,,,,,,,,,,,,,1,7,7,1,true,1,0.66,epoch_begin,0,1,8.66,8.66,3.365,3.365,8,epoch_begin,building_plan,,ECONOMY_GRAPH,false,"{""economy:epoch_begin"":1,""native_daily:climate_pass_b"":1,""native_daily:native_daily_complete"":1,""native_daily:native_daily_finalizer"":1,""native_daily:ocean_land"":1,""native_daily:sea_ice"":1,""native_daily:wind_surface"":1}","{""economy:epoch_begin"":3.365,""native_daily:climate_pass_b"":0.756,""native_daily:native_daily_complete"":0.379,""native_daily:native_daily_finalizer"":0.556,""native_daily:ocean_land"":1.237,""native_daily:sea_ice"":0.639,""native_daily:wind_surface"":0.807}","{""economy:epoch_begin"":3.365,""native_daily:climate_pass_b"":0.756,""native_daily:native_daily_complete"":0.379,""native_daily:native_daily_finalizer"":0.556,""native_daily:ocean_land"":1.237,""native_daily:sea_ice"":0.639,""native_daily:wind_surface"":0.807}",{},{},{},{},0,0,7.717,0.053,0,1.135,442,410,4,0,0.341,0.097,0.427,0.015,0.065,0.185,0,0,100,0,16.210667,28.988,0.021,7.305667,706,284306,449,223,223,0,82203,8,5794,2,0,0,2,4800,0,78.331,0,SHADOW,SHADOW,,4095,2050,2045,missing_native_domain_handlers,false,16,false,0,0,false,0,0,0,0,0,climate_trace_reference_pending,,,,,0,,,0,0,2,0,0,1.396457,0,0,0,0,0,0,226,225,2400,true,0,0,0,0,0,0,0,0,0,0,4088,0,3,0,3,0,0,0,0,0,0,0,climate_trace_reference_pending,0,0,0,0,0,0,0,0,0,0,0,0,0,0,0,0,0,0,0,0,0,0,0,0,0,false,
114,227,40340,false,78,50,11.845,11.342,0.009,0.287,native_daily_sim,climate_pass_a,climate_pass_a_struct,gdext_native_daily_slice,1.641,1,0,0,1,-1,-1,,0.609385,2.98404,4.907,7.016,187,8,3,1.5,false,2,8.666,,,,,,,,,,,,,,,,,,,,,,,,,,,,,,,,,,,,,,,,,,0,0,0,0,false,0,0,,0,0,0,0,0,0,0,,,,,false,{},{},{},{},{},{},{},0,0,0.299,0.058,0,0.103,417,410,0,0,0,0.099,0,0,0,0,0,0,100,0,10.556,28.988,0.021,10.096,706,284306,449,223,223,0,82203,8,5794,2,0,0,2,4800,0,78.331,0,SHADOW,SHADOW,,4095,2050,2045,missing_native_domain_handlers,false,16,false,0,0,false,0,0,0,0,0,climate_trace_reference_pending,,,,,0,,,0,0,2,0,0,1.673937,0,0,0,0,0,0,227,226,2400,true,0,0,0,0,0,0,0,0,0,0,4088,0,3,0,3,0,0,0,0,0,0,0,climate_trace_reference_pending,0,0,0,0,0,0,0,0,0,0,0,0,0,0,0,0,0,0,0,0,0,0,0,0,0,false,
115,228,40391,false,78,50,22.803,22.227,0.011,0.324,dynamic_visual_atlas_upload,,,cell_indirection_lut,1.908,2400,2400,0,0,-1,-1,,1257.86164,2.996544,4.953,7.016,188,8,3,1.5,false,2,8.666,,,,,,,,,,,,,,,,,,,,,,,,,,,,,,,,,,,,,,,,,,1,9,9,1,true,1,0.78,building_production,0,3,8.78,8.78,1.668,0.978,8,building_production,building_production,,ECONOMY_GRAPH,false,"{""economy:building_plan"":2,""economy:building_production"":1,""native_daily:climate_pass_b"":1,""native_daily:native_daily_complete"":1,""native_daily:native_daily_finalizer"":1,""native_daily:ocean_land"":1,""native_daily:sea_ice"":1,""native_daily:wind_surface"":1}","{""economy:building_plan"":1.812,""economy:building_production"":0.978,""native_daily:climate_pass_b"":0.712,""native_daily:native_daily_complete"":0.354,""native_daily:native_daily_finalizer"":0.57,""native_daily:ocean_land"":0.887,""native_daily:sea_ice"":0.712,""native_daily:wind_surface"":0.877}","{""economy:building_plan"":1.668,""economy:building_production"":0.978,""native_daily:climate_pass_b"":0.712,""native_daily:native_daily_complete"":0.354,""native_daily:native_daily_finalizer"":0.57,""native_daily:ocean_land"":0.887,""native_daily:sea_ice"":0.712,""native_daily:wind_surface"":0.877}",{},{},{},{},0,0.001,3.889,0.059,0,2.761,417,410,4,0,0.853,0.181,0.887,0.026,0.909,0.332,0,0,100,0,16.909667,28.988,0.021,10.200667,706,284306,449,225,225,0,82956,8,5894,2,0,0,2,4800,0,78.331,0,SHADOW,SHADOW,,4095,2050,2045,missing_native_domain_handlers,false,16,false,0,0,false,0,0,0,0,0,climate_trace_reference_pending,,,,,0,,,0,0,2,0,0,1.684402,0,0,0,0,0,0,228,227,2400,true,0,0,0,0,0,0,0,0,0,0,4088,0,3,0,3,0,0,0,0,0,0,0,climate_trace_reference_pending,0,0,0,0,0,0,0,0,0,0,0,0,0,0,0,0,0,0,0,0,0,0,0,0,0,false,
116,229,40432,false,78,50,30.22,11.502,0.01,0.351,native_daily_sim,climate_pass_a,climate_pass_a_struct,gdext_native_daily_slice,2.24,1,0,0,1,-1,-1,,0.446429,2.998668,4.953,7.016,189,8,3,1.5,false,2,8.666,,,,,,,,,,,,,,,,,,,,,,,,,,,,,,,,,,,,,,,,,,0,0,0,0,false,0,0,,0,0,0,0,0,0,0,,,,,false,{},{},{},{},{},{},{},0,0.001,0.316,0.048,0,0.553,434,504,1,0,0.51,0,0.203,0.007,0.143,0.09,0,0,100,0,20.3145,28.988,0.021,19.3975,706,284246,449,225,225,0,82956,8,5894,2,0,0,2,4800,0,78.331,0,SHADOW,SHADOW,,4095,2050,2045,missing_native_domain_handlers,false,16,false,0,0,false,0,0,0,0,0,climate_trace_reference_pending,,,,,0,,,0,0,2,0,0,1.315322,0,0,0,0,0,0,229,228,2400,true,0,0,0,0,0,0,0,0,0,0,4088,0,3,0,3,0,0,0,0,0,0,0,climate_trace_reference_pending,0,0,0,0,0,0,0,0,0,0,0,0,0,0,0,0,0,0,0,0,0,0,0,0,0,false,
117,230,40498,false,78,50,20.723,19.668,0.593,0.275,trigger_runtime,trigger_evaluate,,TRIGGER_GRAPH,0.972,356,0,0,356,-1,-1,,366.255143,2.996056,4.953,7.016,190,8,3,1.5,false,2,8.666,,,,,,,,,,,,,,,,,,,,,,,,,,,,,,,,,,,,,,,,,,2,10,10,1,true,1,0.544,epoch_begin,0,1,15.736,8.544,2.74,2.622,8,epoch_begin,building_plan,,ECONOMY_GRAPH,false,"{""economy:epoch_begin"":1,""native_daily:climate_pass_b"":1,""native_daily:native_daily_complete"":1,""native_daily:native_daily_finalizer"":1,""native_daily:ocean_land"":1,""native_daily:runtime_hydrology"":1,""native_daily:sea_ice"":1,""native_daily:transpiration"":1,""native_daily:weather_stage_b"":1,""native_daily:wind_surface"":1}","{""economy:epoch_begin"":2.622,""native_daily:climate_pass_b"":0.837,""native_daily:native_daily_complete"":0.953,""native_daily:native_daily_finalizer"":0.75,""native_daily:ocean_land"":1.076,""native_daily:runtime_hydrology"":2.74,""native_daily:sea_ice"":1.042,""native_daily:transpiration"":0.533,""native_daily:weather_stage_b"":2.703,""native_daily:wind_surface"":0.889}","{""economy:epoch_begin"":2.622,""native_daily:climate_pass_b"":0.837,""native_daily:native_daily_complete"":0.953,""native_daily:native_daily_finalizer"":0.75,""native_daily:ocean_land"":1.076,""native_daily:runtime_hydrology"":2.74,""native_daily:sea_ice"":1.042,""native_daily:transpiration"":0.533,""native_daily:weather_stage_b"":2.703,""native_daily:wind_surface"":0.889}",{},{},{},{},0,0,0.289,0.066,0,0.862,434,504,4,0,0.228,0.125,0.341,0.009,0.038,0.144,0,0,100,0,13.2688,28.988,0.021,12.0518,706,284220,449,227,227,0,83716,8,6801,2,0,0,2,4800,0,78.331,0,SHADOW,SHADOW,,4095,2050,2045,missing_native_domain_handlers,false,16,false,0,0,false,0,0,0,0,0,climate_trace_reference_pending,,,,,0,,,0,0,2,0,0,1.216857,0,0,0,0,0,0,230,229,2400,true,0,0,0,0,0,0,0,0,0,0,4088,0,3,0,3,0,0,0,0,0,0,0,climate_trace_reference_pending,0,0,0,0,0,0,0,0,0,0,0,0,0,0,0,0,0,0,0,0,0,0,0,0,0,false,
118,231,40538,false,78,50,26.165,14.161,0.01,0.282,native_daily_sim,climate_pass_a,climate_pass_a_struct,gdext_native_daily_slice,2.119,1,0,0,1,-1,-1,,0.471921,2.999636,4.953,7.016,191,8,3,1.5,false,2,8.666,,,,,,,,,,,,,,,,,,,,,,,,,,,,,,,,,,,,,,,,,,0,0,0,0,false,0,0,,0,0,0,0,0,0,0,,,,,false,{},{},{},{},{},{},{},0,0,0.246,0.058,0,1.146,434,578,4,0,0.473,0,0.393,0.011,0.282,0.173,0,0,100,0,13.461667,28.988,0.021,12.011667,706,284220,449,227,227,0,83716,8,6801,2,0,0,2,4800,0,78.331,0,SHADOW,SHADOW,,4095,2050,2045,missing_native_domain_handlers,false,16,false,0,0,false,0,0,0,0,0,climate_trace_reference_pending,,,,,0,,,0,0,2,0,0,1.955942,0,0,0,0,0,0,231,230,2400,true,0,0,0,0,0,0,0,0,0,0,4088,0,3,0,3,0,0,0,0,0,0,0,climate_trace_reference_pending,0,0,0,0,0,0,0,0,0,0,0,0,0,0,0,0,0,0,0,0,0,0,0,0,0,false,
119,232,40593,false,78,50,21.564,21.052,0.011,0.28,dynamic_visual_atlas_upload,,,cell_indirection_lut,1.823,2400,2400,0,0,-1,-1,,1316.511278,3.004125,4.953,7.016,192,8,3,1.5,false,2,8.666,,,,,,,,,,,,,,,,,,,,,,,,,,,,,,,,,,,,,,,,,,1,9,9,1,true,1,0.123,building_plan,0,3,8.123,8.123,1.715,0.174,8,building_plan,trade_settle,reserve,ECONOMY_GRAPH,false,"{""economy:building_plan"":2,""economy:epoch_begin"":1,""native_daily:climate_pass_b"":1,""native_daily:native_daily_complete"":1,""native_daily:native_daily_finalizer"":1,""native_daily:ocean_land"":1,""native_daily:sea_ice"":1,""native_daily:wind_surface"":1}","{""economy:building_plan"":0.377,""economy:epoch_begin"":1.715,""native_daily:climate_pass_b"":0.656,""native_daily:native_daily_complete"":0.388,""native_daily:native_daily_finalizer"":0.546,""native_daily:ocean_land"":1.083,""native_daily:sea_ice"":0.55,""native_daily:wind_surface"":0.747}","{""economy:building_plan"":0.203,""economy:epoch_begin"":1.715,""native_daily:climate_pass_b"":0.656,""native_daily:native_daily_complete"":0.388,""native_daily:native_daily_finalizer"":0.546,""native_daily:ocean_land"":1.083,""native_daily:sea_ice"":0.55,""native_daily:wind_surface"":0.747}",{},{},{},{},0,0,0.246,0.061,0,1.315,434,578,4,0,0.417,0,0.439,0.01,0.384,0.18,0,0,100,0,13.75175,28.988,0.021,12.12975,706,284220,449,229,229,0,84472,8,6058,2,0,0,2,4800,0,78.331,0,SHADOW,SHADOW,,4095,2050,2045,missing_native_domain_handlers,false,16,false,0,0,false,0,0,0,0,0,climate_trace_reference_pending,,,,,0,,,0,0,2,0,0,1.949457,0,0,0,0,0,0,232,231,2400,true,0,0,0,0,0,0,0,0,0,0,4088,0,3,0,3,0,0,0,0,0,0,0,climate_trace_reference_pending,0,0,0,0,0,0,0,0,0,0,0,0,0,0,0,0,0,0,0,0,0,0,0,0,0,false,
120,233,40624,false,78,50,16.449,15.891,0.01,0.317,native_daily_sim,climate_pass_a,climate_pass_a_struct,gdext_native_daily_slice,1.543,1,0,0,1,-1,-1,,0.648088,3.004815,4.953,7.016,193,8,3,1.5,false,2,8.666,,,,,,,,,,,,,,,,,,,,,,,,,,,,,,,,,,,,,,,,,,0,0,0,0,false,0,0,,0,0,0,0,0,0,0,,,,,false,{},{},{},{},{},{},{},0,0.001,0.279,0.058,0,0.06,403,578,0,0,0,0.055,0,0,0,0,0,0,100,0,10.269333,28.988,0.021,9.872333,706,284220,449,229,229,0,84472,8,6058,2,0,0,2,4800,0,78.331,0,SHADOW,SHADOW,,4095,2050,2045,missing_native_domain_handlers,false,16,false,0,0,false,0,0,0,0,0,climate_trace_reference_pending,,,,,0,,,0,0,2,0,0,1.805317,0,0,0,0,0,0,233,232,2400,true,0,0,0,0,0,0,0,0,0,0,4088,0,3,0,3,0,0,0,0,0,0,0,climate_trace_reference_pending,0,0,0,0,0,0,0,0,0,0,0,0,0,0,0,0,0,0,0,0,0,0,0,0,0,false,
121,234,40672,false,78,50,18.315,17.763,0.011,0.322,ocean_currents,daily_wind_prepass,daily_wind_slp,gdext_daily_wind_slp,1.427,2400,2400,0,0,-1,-1,,1681.849981,3.005136,4.953,7.016,194,8,3,1.5,false,2,8.666,,,,,,,,,,,,,,,,,,,,,,,,,,,,,,,,,,,,,,,,,,1,9,9,1,true,1,1.068,household_market,0,3,9.068,9.068,1.49,1.25,8,household_market,household_market,settle,ECONOMY_GRAPH,false,"{""economy:building_plan"":2,""economy:household_market"":1,""native_daily:climate_pass_b"":1,""native_daily:native_daily_complete"":1,""native_daily:native_daily_finalizer"":1,""native_daily:ocean_land"":1,""native_daily:sea_ice"":1,""native_daily:wind_surface"":1}","{""economy:building_plan"":1.649,""economy:household_market"":1.25,""native_daily:climate_pass_b"":0.793,""native_daily:native_daily_complete"":0.287,""native_daily:native_daily_finalizer"":0.758,""native_daily:ocean_land"":1.188,""native_daily:sea_ice"":0.492,""native_daily:wind_surface"":0.939}","{""economy:building_plan"":1.49,""economy:household_market"":1.25,""native_daily:climate_pass_b"":0.793,""native_daily:native_daily_complete"":0.287,""native_daily:native_daily_finalizer"":0.758,""native_daily:ocean_land"":1.188,""native_daily:sea_ice"":0.492,""native_daily:wind_surface"":0.939}","{""economy:household_market.settle.merge_aggregate"":1,""economy:household_market.settle.merge_trade"":1,""economy:household_market.settle.other"":1,""economy:household_market.settle.prepare"":1,""economy:household_market.settle.trace"":1,""economy:household_market.settle.worker"":1}","{""economy:household_market.settle.merge_aggregate"":0.0423,""economy:household_market.settle.merge_trade"":0.0078,""economy:household_market.settle.other"":0.000600000000000016,""economy:household_market.settle.prepare"":0.0015,""economy:household_market.settle.trace"":0.0026,""economy:household_market.settle.worker"":0.3741}","{""economy:household_market.settle.merge_aggregate"":0.0423,""economy:household_market.settle.merge_trade"":0.0078,""economy:household_market.settle.other"":0.000600000000000016,""economy:household_market.settle.prepare"":0.0015,""economy:household_market.settle.trace"":0.0026,""economy:household_market.settle.worker"":0.3741}","{""economy:household_market.settle.merge_aggregate"":4,""economy:household_market.settle.merge_trade"":4,""economy:household_market.settle.other"":4,""economy:household_market.settle.prepare"":4,""economy:household_market.settle.trace"":4,""economy:household_market.settle.worker"":4}",0,0,4.221,0.068,0,1.253,403,578,4,0,0.452,0,0.549,0.017,0.127,0.185,0,0,100,0,15.912667,28.988,0.021,10.370667,706,284220,449,231,231,0,85227,8,5599,2,0,0,2,4800,0,78.331,0,SHADOW,SHADOW,,4095,2050,2045,missing_native_domain_handlers,false,16,false,0,0,false,0,0,0,0,0,climate_trace_reference_pending,,,,,0,,,0,0,2,0,0,1.983122,0,0,0,0,0,0,234,233,2400,true,0,0,0,0,0,0,0,0,0,0,4088,0,3,0,3,0,0,0,0,0,0,0,climate_trace_reference_pending,0,0,0,0,0,0,0,0,0,0,0,0,0,0,0,0,0,0,0,0,0,0,0,0,0,false,
122,235,40704,false,78,50,13.661,12.945,0.02,0.4,native_daily_sim,climate_pass_a,climate_pass_a_struct,gdext_native_daily_slice,1.802,1,0,0,1,-1,-1,,0.554939,3.009111,4.953,7.016,195,8,3,1.5,false,2,8.666,,,,,,,,,,,,,,,,,,,,,,,,,,,,,,,,,,,,,,,,,,0,0,0,0,false,0,0,,0,0,0,0,0,0,0,,,,,false,{},{},{},{},{},{},{},0,0.001,0.404,0.05,0,1.911,403,578,4,0,0.665,0,0.732,0.025,0.464,0.243,0,0,100,0,10.547667,28.988,0.021,8.182667,706,284220,449,231,231,0,85227,8,5599,2,0,0,2,4800,0,78.331,0,SHADOW,SHADOW,,4095,2050,2045,missing_native_domain_handlers,false,16,false,0,0,false,0,0,0,0,0,climate_trace_reference_pending,,,,,0,,,0,0,2,0,0,1.777337,0,0,0,0,0,0,235,234,2400,true,0,0,0,0,0,0,0,0,0,0,4088,0,3,0,3,0,0,0,0,0,0,0,climate_trace_reference_pending,0,0,0,0,0,0,0,0,0,0,0,0,0,0,0,0,0,0,0,0,0,0,0,0,0,false,
123,236,40758,false,78,50,19.829,19.229,0.011,0.35,dynamic_visual_atlas_upload,,,cell_indirection_lut,1.751,2400,2400,0,0,-1,-1,,1370.645309,3.011716,4.953,7.016,196,8,3,1.5,false,2,8.666,,,,,,,,,,,,,,,,,,,,,,,,,,,,,,,,,,,,,,,,,,1,8,8,1,true,1,0.384,building_plan,0,2,8.384,8.384,1.739,0.369,8,building_plan,building_plan,evaluate,ECONOMY_GRAPH,false,"{""economy:building_plan"":1,""economy:epoch_begin"":1,""native_daily:climate_pass_b"":1,""native_daily:native_daily_complete"":1,""native_daily:native_daily_finalizer"":1,""native_daily:ocean_land"":1,""native_daily:sea_ice"":1,""native_daily:wind_surface"":1}","{""economy:building_plan"":0.369,""economy:epoch_begin"":1.739,""native_daily:climate_pass_b"":0.89,""native_daily:native_daily_complete"":0.419,""native_daily:native_daily_finalizer"":0.755,""native_daily:ocean_land"":1.121,""native_daily:sea_ice"":0.747,""native_daily:wind_surface"":0.734}","{""economy:building_plan"":0.369,""economy:epoch_begin"":1.739,""native_daily:climate_pass_b"":0.89,""native_daily:native_daily_complete"":0.419,""native_daily:native_daily_finalizer"":0.755,""native_daily:ocean_land"":1.121,""native_daily:sea_ice"":0.747,""native_daily:wind_surface"":0.734}",{},{},{},{},0.001,0,0.276,0.076,0,1.058,403,578,4,0,0.373,0,0.395,0.013,0.06,0.198,0,0,100,0,13.473,28.988,0.021,12.063,706,284220,449,233,233,0,85983,8,5997,2,0,0,2,4800,0,78.331,0,SHADOW,SHADOW,,4095,2050,2045,missing_native_domain_handlers,false,16,false,0,0,false,0,0,0,0,0,climate_trace_reference_pending,,,,,0,,,0,0,2,0,0,1.150147,0,0,0,0,0,0,236,235,2400,true,0,0,0,0,0,0,0,0,0,0,4088,0,3,0,3,0,0,0,0,0,0,0,climate_trace_reference_pending,0,0,0,0,0,0,0,0,0,0,0,0,0,0,0,0,0,0,0,0,0,0,0,0,0,false,
124,237,40781,false,78,50,13.204,12.663,0.01,0.29,native_daily_sim,climate_pass_a,climate_pass_a_struct,gdext_native_daily_slice,2.268,1,0,0,1,-1,-1,,0.440917,3.015734,4.953,7.016,197,8,3,1.5,false,2,8.666,,,,,,,,,,,,,,,,,,,,,,,,,,,,,,,,,,,,,,,,,,0,0,0,0,false,0,0,,0,0,0,0,0,0,0,,,,,false,{},{},{},{},{},{},{},0,0.001,0.392,0.06,0,0.768,371,578,2,0,0.42,0,0.299,0.01,0.072,0.151,0,0,100,0,11.8635,28.988,0.021,10.6435,706,284220,449,233,233,0,85983,8,5997,2,0,0,2,4800,0,78.331,0,SHADOW,SHADOW,,4095,2050,2045,missing_native_domain_handlers,false,16,false,0,0,false,0,0,0,0,0,climate_trace_reference_pending,,,,,0,,,0,0,2,0,0,1.673477,0,0,0,0,0,0,237,236,2400,true,0,0,0,0,0,0,0,0,0,0,4088,0,3,0,3,0,0,0,0,0,0,0,climate_trace_reference_pending,0,0,0,0,0,0,0,0,0,0,0,0,0,0,0,0,0,0,0,0,0,0,0,0,0,false,
125,238,40835,false,78,50,18.667,17.188,0.838,0.352,trigger_runtime,trigger_evaluate,,TRIGGER_GRAPH,0.831,356,0,0,356,-1,-1,,428.399534,3.009252,4.953,7.016,197,8,3,1.5,false,2,8.666,,,,,,,,,,,,,,,,,,,,,,,,,,,,,,,,,,,,,,,,,,2,13,13,1,true,1,0.388,household_market,0,4,13.959,8.388,1.801,1.212,8,household_market,household_market,settle,ECONOMY_GRAPH,false,"{""economy:building_plan"":2,""economy:epoch_begin"":1,""economy:household_market"":1,""native_daily:climate_pass_b"":1,""native_daily:native_daily_complete"":1,""native_daily:native_daily_finalizer"":1,""native_daily:ocean_land"":1,""native_daily:runtime_hydrology"":1,""native_daily:sea_ice"":1,""native_daily:transpiration"":1,""native_daily:weather_stage_b"":1,""native_daily:wind_surface"":1}","{""economy:building_plan"":0.373,""economy:epoch_begin"":1.782,""economy:household_market"":1.212,""native_daily:climate_pass_b"":0.696,""native_daily:native_daily_complete"":0.665,""native_daily:native_daily_finalizer"":0.721,""native_daily:ocean_land"":0.946,""native_daily:runtime_hydrology"":1.043,""native_daily:sea_ice"":0.619,""native_daily:transpiration"":0.594,""native_daily:weather_stage_b"":1.801,""native_daily:wind_surface"":0.815}","{""economy:building_plan"":0.192,""economy:epoch_begin"":1.782,""economy:household_market"":1.212,""native_daily:climate_pass_b"":0.696,""native_daily:native_daily_complete"":0.665,""native_daily:native_daily_finalizer"":0.721,""native_daily:ocean_land"":0.946,""native_daily:runtime_hydrology"":1.043,""native_daily:sea_ice"":0.619,""native_daily:transpiration"":0.594,""native_daily:weather_stage_b"":1.801,""native_daily:wind_surface"":0.815}","{""economy:household_market.settle.merge_aggregate"":1,""economy:household_market.settle.merge_trade"":1,""economy:household_market.settle.other"":1,""economy:household_market.settle.prepare"":1,""economy:household_market.settle.trace"":1,""economy:household_market.settle.worker"":1}","{""economy:household_market.settle.merge_aggregate"":0.0305,""economy:household_market.settle.merge_trade"":0.0068,""economy:household_market.settle.other"":0.000600000000000058,""economy:household_market.settle.prepare"":0.0012,""economy:household_market.settle.trace"":0.0014,""economy:household_market.settle.worker"":0.3828}","{""economy:household_market.settle.merge_aggregate"":0.0305,""economy:household_market.settle.merge_trade"":0.0068,""economy:household_market.settle.other"":0.000600000000000058,""economy:household_market.settle.prepare"":0.0012,""economy:household_market.settle.trace"":0.0014,""economy:household_market.settle.worker"":0.3828}","{""economy:household_market.settle.merge_aggregate"":4,""economy:household_market.settle.merge_trade"":4,""economy:household_market.settle.other"":4,""economy:household_market.settle.prepare"":4,""economy:household_market.settle.trace"":4,""economy:household_market.settle.worker"":4}",0,0,3.345,0.067,0,2.123,371,578,4,0,0.611,0.185,0.558,0.015,0.852,0.178,0,0,100,0,13.5095,28.988,0.021,7.9745,706,284220,449,235,235,0,86735,8,6333,2,0,0,2,4800,0,78.331,0,SHADOW,SHADOW,,4095,2050,2045,missing_native_domain_handlers,false,16,false,0,0,false,0,0,0,0,0,climate_trace_reference_pending,,,,,0,,,0,0,2,0,0,1.098097,0,0,0,0,0,0,238,237,2400,true,0,0,0,0,0,0,0,0,0,0,4088,0,3,0,3,0,0,0,0,0,0,0,climate_trace_reference_pending,0,0,0,0,0,0,0,0,0,0,0,0,0,0,0,0,0,0,0,0,0,0,0,0,0,false,
126,239,40862,false,78,50,12.624,12.058,0.011,0.289,native_daily_sim,climate_pass_a,climate_pass_a_struct,gdext_native_daily_slice,1.502,1,0,0,1,-1,-1,,0.665779,3.008896,4.953,7.016,198,8,3,1.5,false,2,8.666,,,,,,,,,,,,,,,,,,,,,,,,,,,,,,,,,,,,,,,,,,0,0,0,0,false,0,0,,0,0,0,0,0,0,0,,,,,false,{},{},{},{},{},{},{},0,0,0.282,0.048,0,1.242,371,578,4,0,0.283,0.115,0.485,0.014,0.131,0.171,0,0,100,0,9.009667,28.988,0.021,7.437667,706,284220,449,235,235,0,86735,8,6333,2,0,0,2,4800,0,78.331,0,SHADOW,SHADOW,,4095,2050,2045,missing_native_domain_handlers,false,16,false,0,0,false,0,0,0,0,0,climate_trace_reference_pending,,,,,0,,,0,0,2,0,0,1.740632,0,0,0,0,0,0,239,238,2400,true,0,0,0,0,0,0,0,0,0,0,4088,0,3,0,3,0,0,0,0,0,0,0,climate_trace_reference_pending,0,0,0,0,0,0,0,0,0,0,0,0,0,0,0,0,0,0,0,0,0,0,0,0,0,false,
127,240,40912,false,78,50,21.062,20.534,0.011,0.307,dynamic_visual_atlas_upload,,,cell_indirection_lut,1.911,2400,2400,0,0,-1,-1,,1255.886961,3.018817,4.953,7.016,199,8,3,1.5,false,2,8.666,,,,,,,,,,,,,,,,,,,,,,,,,,,,,,,,,,,,,,,,,,1,8,8,1,true,1,0.181,building_plan,0,2,8.181,8.181,1.559,0.188,8,building_plan,trade_settle,reserve,ECONOMY_GRAPH,false,"{""economy:building_plan"":2,""native_daily:climate_pass_b"":1,""native_daily:native_daily_complete"":1,""native_daily:native_daily_finalizer"":1,""native_daily:ocean_land"":1,""native_daily:sea_ice"":1,""native_daily:wind_surface"":1}","{""economy:building_plan"":1.747,""native_daily:climate_pass_b"":0.71,""native_daily:native_daily_complete"":0.408,""native_daily:native_daily_finalizer"":0.637,""native_daily:ocean_land"":1.149,""native_daily:sea_ice"":0.737,""native_daily:wind_surface"":0.887}","{""economy:building_plan"":1.559,""native_daily:climate_pass_b"":0.71,""native_daily:native_daily_complete"":0.408,""native_daily:native_daily_finalizer"":0.637,""native_daily:ocean_land"":1.149,""native_daily:sea_ice"":0.737,""native_daily:wind_surface"":0.887}",{},{},{},{},0,0,5.244,0.058,0,1.189,371,578,4,0,0.418,0,0.408,0.015,0.188,0.19,0,0,100,0,16.545667,28.988,0.021,10.054667,706,284220,449,237,237,0,87491,8,6177,2,0,0,2,4800,0,78.331,0,SHADOW,SHADOW,,4095,2050,2045,missing_native_domain_handlers,false,16,false,0,0,false,0,0,0,0,0,climate_trace_reference_pending,,,,,0,,,0,0,2,0,0,1.800377,0,0,0,0,0,0,240,239,2400,true,0,0,0,0,0,0,0,0,0,0,4088,0,3,0,3,0,0,0,0,0,0,0,climate_trace_reference_pending,0,0,0,0,0,0,0,0,0,0,0,0,0,0,0,0,0,0,0,0,0,0,0,0,0,false,
128,241,40939,false,78,50,17.142,11.783,0.009,5.099,native_daily_sim,climate_pass_a,climate_pass_a_struct,gdext_native_daily_slice,1.456,1,0,0,1,-1,-1,,0.686813,3.018531,4.953,7.016,200,8,3,1.5,false,2,8.666,,,,,,,,,,,,,,,,,,,,,,,,,,,,,,,,,,,,,,,,,,0,0,0,0,false,0,0,,0,0,0,0,0,0,0,,,,,false,{},{},{},{},{},{},{},0,0,0.319,0.061,0,1.025,371,578,4,0,0.282,0,0.369,0.014,0.056,0.188,0,0,100,0,13.5105,28.988,0.021,12.1055,706,284220,449,237,237,0,87491,8,6177,2,0,0,2,4800,0,78.331,0,SHADOW,SHADOW,,4095,2050,2045,missing_native_domain_handlers,false,16,false,0,0,false,0,0,0,0,0,climate_trace_reference_pending,,,,,0,,,0,0,2,0,0,1.365762,0,0,0,0,0,0,241,240,2400,true,0,0,0,0,0,0,0,0,0,0,4088,0,3,0,3,0,0,0,0,0,0,0,climate_trace_reference_pending,0,0,0,0,0,0,0,0,0,0,0,0,0,0,0,0,0,0,0,0,0,0,0,0,0,false,
129,242,40981,false,78,50,19.597,19.107,0.01,0.287,trigger_runtime,trigger_evaluate,,TRIGGER_GRAPH,0.709,0,0,0,0,-1,-1,,0,3.011504,4.953,7.016,200,8,3,1.5,false,2,8.666,,,,,,,,,,,,,,,,,,,,,,,,,,,,,,,,,,,,,,,,,,1,6,6,1,false,0,0,,0,0,5.034,5.034,1.267,0.34,8,native_daily_complete,native_daily_complete,round_complete,gdext_native_daily_slice,true,"{""native_daily:climate_pass_b"":1,""native_daily:native_daily_complete"":1,""native_daily:native_daily_finalizer"":1,""native_daily:ocean_land"":1,""native_daily:sea_ice"":1,""native_daily:wind_surface"":1}","{""native_daily:climate_pass_b"":1.133,""native_daily:native_daily_complete"":0.34,""native_daily:native_daily_finalizer"":0.54,""native_daily:ocean_land"":1.004,""native_daily:sea_ice"":0.643,""native_daily:wind_surface"":1.267}","{""native_daily:climate_pass_b"":1.133,""native_daily:native_daily_complete"":0.34,""native_daily:native_daily_finalizer"":0.54,""native_daily:ocean_land"":1.004,""native_daily:sea_ice"":0.643,""native_daily:wind_surface"":1.267}",{},{},{},{},0,0,0.369,0.066,0,1.112,371,578,4,0,0.236,0.103,0.399,0.009,0.04,0.185,0,0,100,0,13.881,28.988,0.021,12.334,706,284220,449,238,238,0,87871,8,6334,2,0,0,2,4800,0,78.331,0,SHADOW,SHADOW,,4095,2050,2045,missing_native_domain_handlers,false,16,false,0,0,false,0,0,0,0,0,climate_trace_reference_pending,,,,,0,,,0,0,2,0,0,1.446607,0,0,0,0,0,0,242,241,2400,true,0,0,0,0,0,0,0,0,0,0,4088,0,3,0,3,0,0,0,0,0,0,0,climate_trace_reference_pending,0,0,0,0,0,0,0,0,0,0,0,0,0,0,0,0,0,0,0,0,0,0,0,0,0,false,
130,243,41006,false,78,50,15.25,14.704,0.01,0.312,native_daily_sim,climate_pass_a,climate_pass_a_struct,gdext_native_daily_slice,1.828,1,0,0,1,-1,-1,,0.547046,3.012543,4.953,7.016,201,8,3,1.5,false,2,8.666,,,,,,,,,,,,,,,,,,,,,,,,,,,,,,,,,,,,,,,,,,0,0,0,0,false,0,0,,0,0,0,0,0,0,0,,,,,false,{},{},{},{},{},{},{},0,0,0.359,0.051,0,0.741,371,578,4,0,0.241,0,0.319,0.006,0.027,0.134,0,0,100,0,12.866,28.988,0.021,11.715,706,284220,449,238,238,0,87871,8,6334,2,0,0,2,4800,0,78.331,0,SHADOW,SHADOW,,4095,2050,2045,missing_native_domain_handlers,false,16,false,0,0,false,0,0,0,0,0,climate_trace_reference_pending,,,,,0,,,0,0,2,0,0,1.909387,0,0,0,0,0,0,243,242,2400,true,0,0,0,0,0,0,0,0,0,0,4088,0,3,0,3,0,0,0,0,0,0,0,climate_trace_reference_pending,0,0,0,0,0,0,0,0,0,0,0,0,0,0,0,0,0,0,0,0,0,0,0,0,0,false,
131,244,41070,false,73,50,27.309,26.804,0.011,0.315,dynamic_visual_atlas_upload,,,cell_indirection_lut,1.939,2400,2400,0,0,-1,-1,,1237.751412,3.017553,4.953,7.016,202,8,3,1.5,false,2,8.666,,,,,,,,,,,,,,,,,,,,,,,,,,,,,,,,,,,,,,,,,,2,11,11,1,true,1,0.022,family_commit,0,5,13.142,8.022,2.291,0.199,8,family_commit,family_commit,normalize,ECONOMY_GRAPH,false,"{""economy:building_commit"":1,""economy:building_plan"":2,""economy:family_commit"":1,""economy:household_market"":1,""native_daily:climate_pass_b"":1,""native_daily:native_daily_complete"":1,""native_daily:native_daily_finalizer"":1,""native_daily:ocean_land"":1,""native_daily:sea_ice"":1,""native_daily:wind_surface"":1}","{""economy:building_commit"":0.334,""economy:building_plan"":2.49,""economy:family_commit"":0.199,""economy:household_market"":1.372,""native_daily:climate_pass_b"":1.709,""native_daily:native_daily_complete"":0.5,""native_daily:native_daily_finalizer"":0.622,""native_daily:ocean_land"":1.107,""native_daily:sea_ice"":0.68,""native_daily:wind_surface"":0.901}","{""economy:building_commit"":0.334,""economy:building_plan"":2.291,""economy:family_commit"":0.199,""economy:household_market"":1.372,""native_daily:climate_pass_b"":1.709,""native_daily:native_daily_complete"":0.5,""native_daily:native_daily_finalizer"":0.622,""native_daily:ocean_land"":1.107,""native_daily:sea_ice"":0.68,""native_daily:wind_surface"":0.901}","{""economy:building_commit.review_prepare"":1,""economy:building_commit.special_reset"":1,""economy:household_market.settle.merge_aggregate"":1,""economy:household_market.settle.merge_trade"":1,""economy:household_market.settle.other"":1,""economy:household_market.settle.prepare"":1,""economy:household_market.settle.trace"":1,""economy:household_market.settle.worker"":1}","{""economy:building_commit.review_prepare"":0.0002,""economy:building_commit.special_reset"":0.0001,""economy:household_market.settle.merge_aggregate"":0.0367,""economy:household_market.settle.merge_trade"":0.008,""economy:household_market.settle.other"":0.00179999999999999,""economy:household_market.settle.prepare"":0.002,""economy:household_market.settle.trace"":0.0035,""economy:household_market.settle.worker"":0.3922}","{""economy:building_commit.review_prepare"":0.0002,""economy:building_commit.special_reset"":0.0001,""economy:household_market.settle.merge_aggregate"":0.0367,""economy:household_market.settle.merge_trade"":0.008,""economy:household_market.settle.other"":0.00179999999999999,""economy:household_market.settle.prepare"":0.002,""economy:household_market.settle.trace"":0.0035,""economy:household_market.settle.worker"":0.3922}","{""economy:building_commit.review_prepare"":1,""economy:building_commit.special_reset"":4,""economy:household_market.settle.merge_aggregate"":4,""economy:household_market.settle.merge_trade"":4,""economy:household_market.settle.other"":4,""economy:household_market.settle.prepare"":4,""economy:household_market.settle.trace"":4,""economy:household_market.settle.worker"":4}",0,0.001,3.638,0.061,0,0.052,339,578,0,0,0,0.046,0,0,0,0,0,0,100,0,15.80225,34.535,0.022,12.05125,705,284218,449,240,240,0,88623,8,5859,2,0,0,2,4800,0,78.331,0,SHADOW,SHADOW,,4095,2050,2045,missing_native_domain_handlers,false,16,false,0,0,false,0,0,0,0,0,climate_trace_reference_pending,,,,,0,,,0,0,2,0,0,1.530472,0,0,0,0,0,0,244,243,2400,true,0,0,0,0,0,0,0,0,0,0,4088,0,3,0,3,0,0,0,0,0,0,0,climate_trace_reference_pending,0,0,0,0,0,0,0,0,0,0,0,0,0,0,0,0,0,0,0,0,0,0,0,0,0,false,
132,245,41102,false,73,50,16.683,16.153,0.01,0.29,native_daily_sim,climate_pass_a,climate_pass_a_struct,gdext_native_daily_slice,2.454,1,0,0,1,-1,-1,,0.407498,3.026804,4.959,7.016,203,8,3,1.5,false,2,8.666,,,,,,,,,,,,,,,,,,,,,,,,,,,,,,,,,,,,,,,,,,0,0,0,0,false,0,0,,0,0,0,0,0,0,0,,,,,false,{},{},{},{},{},{},{},0,0,0.315,0.046,0,1.757,339,578,4,0,0.521,0,0.586,0.01,0.528,0.209,0,0,100,0,10.802667,34.535,0.022,8.684667,705,284218,449,240,240,0,88623,8,5859,2,0,0,2,4800,0,78.331,0,SHADOW,SHADOW,,4095,2050,2045,missing_native_domain_handlers,false,16,false,0,0,false,0,0,0,0,0,climate_trace_reference_pending,,,,,0,,,0,0,2,0,0,1.602432,0,0,0,0,0,0,245,244,2400,true,0,0,0,0,0,0,0,0,0,0,4088,0,3,0,3,0,0,0,0,0,0,0,climate_trace_reference_pending,0,0,0,0,0,0,0,0,0,0,0,0,0,0,0,0,0,0,0,0,0,0,0,0,0,false,
133,246,41166,false,73,50,21.842,19.178,0.574,0.289,ocean_currents,daily_wind_prepass,daily_wind_slp,gdext_daily_wind_slp,0.931,2400,2400,0,0,-1,-1,,2577.87327,3.024516,4.959,7.016,204,8,3,1.5,false,2,8.666,,,,,,,,,,,,,,,,,,,,,,,,,,,,,,,,,,,,,,,,,,2,10,10,1,true,1,0.542,building_plan,0,1,15.516,8.542,2.093,1.515,8,building_plan,building_plan,evaluate,ECONOMY_GRAPH,false,"{""economy:building_plan"":1,""native_daily:climate_pass_b"":1,""native_daily:native_daily_complete"":1,""native_daily:native_daily_finalizer"":1,""native_daily:ocean_land"":1,""native_daily:runtime_hydrology"":1,""native_daily:sea_ice"":1,""native_daily:transpiration"":1,""native_daily:weather_stage_b"":1,""native_daily:wind_surface"":1}","{""economy:building_plan"":1.515,""native_daily:climate_pass_b"":0.743,""native_daily:native_daily_complete"":1.424,""native_daily:native_daily_finalizer"":1.522,""native_daily:ocean_land"":1.345,""native_daily:runtime_hydrology"":1.151,""native_daily:sea_ice"":1.121,""native_daily:transpiration"":0.586,""native_daily:weather_stage_b"":2.093,""native_daily:wind_surface"":0.961}","{""economy:building_plan"":1.515,""native_daily:climate_pass_b"":0.743,""native_daily:native_daily_complete"":1.424,""native_daily:native_daily_finalizer"":1.522,""native_daily:ocean_land"":1.345,""native_daily:runtime_hydrology"":1.151,""native_daily:sea_ice"":1.121,""native_daily:transpiration"":0.586,""native_daily:weather_stage_b"":2.093,""native_daily:wind_surface"":0.961}",{},{},{},{},0,0.001,5.554,0.06,0,1.575,359,580,4,0,0.586,0,0.577,0.01,0.478,0.191,0,0,100,0,16.028,34.535,0.022,8.839,705,284218,449,242,242,0,89381,8,6243,2,0,0,2,4800,0,78.331,0,SHADOW,SHADOW,,4095,2050,2045,missing_native_domain_handlers,false,16,false,0,0,false,0,0,0,0,0,climate_trace_reference_pending,,,,,0,,,0,0,2,0,0,1.556412,0,0,0,0,0,0,246,245,2400,true,0,0,0,0,0,0,0,0,0,0,4088,0,3,0,3,0,0,0,0,0,0,0,climate_trace_reference_pending,0,0,0,0,0,0,0,0,0,0,0,0,0,0,0,0,0,0,0,0,0,0,0,0,0,false,
134,247,41199,false,73,50,18.059,13.178,0.009,0.265,native_daily_sim,climate_pass_a,climate_pass_a_struct,gdext_native_daily_slice,2.282,1,0,0,1,-1,-1,,0.438212,3.027988,4.959,7.016,205,8,3,1.5,false,2,8.666,,,,,,,,,,,,,,,,,,,,,,,,,,,,,,,,,,,,,,,,,,0,0,0,0,false,0,0,,0,0,0,0,0,0,0,,,,,false,{},{},{},{},{},{},{},0,0,0.196,0.064,0,1.205,359,602,4,0,0.386,0,0.393,0.017,0.181,0.202,0,0,100,0,11.094333,34.535,0.022,9.629333,705,284218,449,242,242,0,89381,8,6243,2,0,0,2,4800,0,78.331,0,SHADOW,SHADOW,,4095,2050,2045,missing_native_domain_handlers,false,16,false,0,0,false,0,0,0,0,0,climate_trace_reference_pending,,,,,0,,,0,0,2,0,0,1.364872,0,0,0,0,0,0,247,246,2400,true,0,0,0,0,0,0,0,0,0,0,4088,0,3,0,3,0,0,0,0,0,0,0,climate_trace_reference_pending,0,0,0,0,0,0,0,0,0,0,0,0,0,0,0,0,0,0,0,0,0,0,0,0,0,false,
135,248,41252,false,73,50,23.926,23.312,0.013,0.344,dynamic_visual_atlas_upload,,,cell_indirection_lut,1.794,2400,2400,0,0,-1,-1,,1337.79262,3.035234,4.959,7.016,206,8,3,1.5,false,2,8.666,,,,,,,,,,,,,,,,,,,,,,,,,,,,,,,,,,,,,,,,,,1,9,9,1,true,1,1.315,household_market,0,3,9.315,9.315,1.644,1.279,8,household_market,household_market,settle,ECONOMY_GRAPH,false,"{""economy:building_plan"":2,""economy:household_market"":1,""native_daily:climate_pass_b"":1,""native_daily:native_daily_complete"":1,""native_daily:native_daily_finalizer"":1,""native_daily:ocean_land"":1,""native_daily:sea_ice"":1,""native_daily:wind_surface"":1}","{""economy:building_plan"":1.785,""economy:household_market"":1.279,""native_daily:climate_pass_b"":0.684,""native_daily:native_daily_complete"":0.4,""native_daily:native_daily_finalizer"":0.5,""native_daily:ocean_land"":1.225,""native_daily:sea_ice"":0.586,""native_daily:wind_surface"":1.007}","{""economy:building_plan"":1.644,""economy:household_market"":1.279,""native_daily:climate_pass_b"":0.684,""native_daily:native_daily_complete"":0.4,""native_daily:native_daily_finalizer"":0.5,""native_daily:ocean_land"":1.225,""native_daily:sea_ice"":0.586,""native_daily:wind_surface"":1.007}","{""economy:household_market.settle.merge_aggregate"":1,""economy:household_market.settle.merge_trade"":1,""economy:household_market.settle.other"":1,""economy:household_market.settle.prepare"":1,""economy:household_market.settle.trace"":1,""economy:household_market.settle.worker"":1}","{""economy:household_market.settle.merge_aggregate"":0.0368,""economy:household_market.settle.merge_trade"":0.0071,""economy:household_market.settle.other"":0.000400000000000053,""economy:household_market.settle.prepare"":0.0013,""economy:household_market.settle.trace"":0.0021,""economy:household_market.settle.worker"":0.4682}","{""economy:household_market.settle.merge_aggregate"":0.0368,""economy:household_market.settle.merge_trade"":0.0071,""economy:household_market.settle.other"":0.000400000000000053,""economy:household_market.settle.prepare"":0.0013,""economy:household_market.settle.trace"":0.0021,""economy:household_market.settle.worker"":0.4682}","{""economy:household_market.settle.merge_aggregate"":4,""economy:household_market.settle.merge_trade"":4,""economy:household_market.settle.other"":4,""economy:household_market.settle.prepare"":4,""economy:household_market.settle.trace"":4,""economy:household_market.settle.worker"":4}",0.001,0,4.026,0.045,0,1.073,359,602,4,0,0.287,0.11,0.399,0.013,0.051,0.183,0,0,100,0,17.361667,34.535,0.022,12.217667,705,284218,449,244,244,0,90133,8,5955,2,0,0,2,4800,0,78.331,0,SHADOW,SHADOW,,4095,2050,2045,missing_native_domain_handlers,false,16,false,0,0,false,0,0,0,0,0,climate_trace_reference_pending,,,,,0,,,0,0,2,0,0,1.772122,0,0,0,0,0,0,248,247,2400,true,0,0,0,0,0,0,0,0,0,0,4088,0,3,0,3,0,0,0,0,0,0,0,climate_trace_reference_pending,0,0,0,0,0,0,0,0,0,0,0,0,0,0,0,0,0,0,0,0,0,0,0,0,0,false,
136,249,41283,false,73,50,16.497,15.969,0.012,0.28,trigger_runtime,trigger_evaluate,,TRIGGER_GRAPH,1.931,356,0,0,356,-1,-1,,184.360436,3.039771,4.959,7.016,207,8,3,1.5,false,2,8.666,,,,,,,,,,,,,,,,,,,,,,,,,,,,,,,,,,,,,,,,,,0,0,0,0,false,0,0,,0,0,0,0,0,0,0,,,,,false,{},{},{},{},{},{},{},0,0.001,0.29,0.06,0,0.863,359,602,4,0,0.31,0,0.39,0.012,0.047,0.146,0,0,100,0,10.636,34.535,0.022,9.423,705,284218,449,244,244,0,90133,8,5955,2,0,0,2,4800,0,78.331,0,SHADOW,SHADOW,,4095,2050,2045,missing_native_domain_handlers,false,16,false,0,0,false,0,0,0,0,0,climate_trace_reference_pending,,,,,0,,,0,0,2,0,0,1.730937,0,0,0,0,0,0,249,248,2400,true,0,0,0,0,0,0,0,0,0,0,4088,0,3,0,3,0,0,0,0,0,0,0,climate_trace_reference_pending,0,0,0,0,0,0,0,0,0,0,0,0,0,0,0,0,0,0,0,0,0,0,0,0,0,false,
137,250,41346,false,73,50,21.182,20.602,0.012,0.357,trigger_runtime,trigger_evaluate,,TRIGGER_GRAPH,1.141,357,0,0,357,-1,-1,,312.883427,3.035536,4.959,7.016,207,8,3,1.5,false,2,8.666,,,,,,,,,,,,,,,,,,,,,,,,,,,,,,,,,,,,,,,,,,2,11,11,1,true,1,0.223,household_market,0,5,13.409,8.223,1.948,1.285,8,household_market,household_market,settle,ECONOMY_GRAPH,false,"{""economy:building_plan"":2,""economy:building_production"":1,""economy:epoch_begin"":1,""economy:household_market"":1,""native_daily:climate_pass_b"":1,""native_daily:native_daily_complete"":1,""native_daily:native_daily_finalizer"":1,""native_daily:ocean_land"":1,""native_daily:sea_ice"":1,""native_daily:wind_surface"":1}","{""economy:building_plan"":0.44,""economy:building_production"":0.96,""economy:epoch_begin"":1.731,""economy:household_market"":1.285,""native_daily:climate_pass_b"":0.733,""native_daily:native_daily_complete"":0.481,""native_daily:native_daily_finalizer"":0.656,""native_daily:ocean_land"":1.948,""native_daily:sea_ice"":0.745,""native_daily:wind_surface"":0.997}","{""economy:building_plan"":0.242,""economy:building_production"":0.96,""economy:epoch_begin"":1.731,""economy:household_market"":1.285,""native_daily:climate_pass_b"":0.733,""native_daily:native_daily_complete"":0.481,""native_daily:native_daily_finalizer"":0.656,""native_daily:ocean_land"":1.948,""native_daily:sea_ice"":0.745,""native_daily:wind_surface"":0.997}","{""economy:household_market.settle.merge_aggregate"":1,""economy:household_market.settle.merge_trade"":1,""economy:household_market.settle.other"":1,""economy:household_market.settle.prepare"":1,""economy:household_market.settle.trace"":1,""economy:household_market.settle.worker"":1}","{""economy:household_market.settle.merge_aggregate"":0.6896,""economy:household_market.settle.merge_trade"":0.0071,""economy:household_market.settle.other"":0.000899999999999986,""economy:household_market.settle.prepare"":0.0014,""economy:household_market.settle.trace"":0.0022,""economy:household_market.settle.worker"":0.4131}","{""economy:household_market.settle.merge_aggregate"":0.6896,""economy:household_market.settle.merge_trade"":0.0071,""economy:household_market.settle.other"":0.000899999999999986,""economy:household_market.settle.prepare"":0.0014,""economy:household_market.settle.trace"":0.0022,""economy:household_market.settle.worker"":0.4131}","{""economy:household_market.settle.merge_aggregate"":4,""economy:household_market.settle.merge_trade"":4,""economy:household_market.settle.other"":4,""economy:household_market.settle.prepare"":4,""economy:household_market.settle.trace"":4,""economy:household_market.settle.worker"":4}",0.001,0.001,0.292,0.06,0,2.58,327,602,4,0,0.847,0.164,0.57,0.015,1.198,0.208,0,0,100,0,12.5158,34.535,0.022,9.5838,705,284218,449,246,246,0,90524,9,8071,3,0,0,2,4800,0,78.331,0,SHADOW,SHADOW,,4095,2050,2045,missing_native_domain_handlers,false,16,false,0,0,false,0,0,0,0,0,climate_trace_reference_pending,,,,,0,,,0,0,2,0,0,1.565607,0,0,0,0,0,0,250,249,2400,true,0,0,0,0,0,0,0,0,0,0,4088,0,3,0,3,0,0,0,0,0,0,0,climate_trace_reference_pending,0,0,0,0,0,0,0,0,0,0,0,0,0,0,0,0,0,0,0,0,0,0,0,0,0,false,
138,251,41383,false,73,50,17.377,16.606,0.024,0.392,native_daily_sim,climate_pass_a,climate_pass_a_struct,gdext_native_daily_slice,2.081,1,0,0,1,-1,-1,,0.480538,3.037435,4.959,7.016,208,8,3,1.5,false,2,8.666,,,,,,,,,,,,,,,,,,,,,,,,,,,,,,,,,,,,,,,,,,0,0,0,0,false,0,0,,0,0,0,0,0,0,0,,,,,false,{},{},{},{},{},{},{},0,0,0.275,0.064,0,1.756,327,602,4,0,0.635,0,0.623,0.015,0.489,0.204,0,0,100,0,12.336333,34.535,0.022,10.241333,705,284218,449,247,247,0,90894,9,2568,2,0,0,2,4800,0,78.331,0,SHADOW,SHADOW,,4095,2050,2045,missing_native_domain_handlers,false,16,false,0,0,false,0,0,0,0,0,climate_trace_reference_pending,,,,,0,,,0,0,2,0,0,1.636427,0,0,0,0,0,0,251,250,2400,true,0,0,0,0,0,0,0,0,0,0,4088,0,3,0,3,0,0,0,0,0,0,0,climate_trace_reference_pending,0,0,0,0,0,0,0,0,0,0,0,0,0,0,0,0,0,0,0,0,0,0,0,0,0,false,
139,252,41448,false,73,50,24.217,23.728,0.012,0.275,ocean_currents,phys_wind,next_phys_psi_init,gdext,1.634,0,0,0,0,-1,-1,,0,3.044976,4.959,7.016,209,8,3,1.5,false,2,8.666,,,,,,,,,,,,,,,,,,,,,,,,,,,,,,,,,,,,,,,,,,2,11,11,1,true,1,0.137,structural_commit,0,5,13.492,8.137,1.904,0.696,8,structural_commit,structural_commit,technology_points,ECONOMY_GRAPH,false,"{""economy:building_plan"":2,""economy:building_production"":1,""economy:epoch_begin"":1,""economy:structural_commit"":1,""native_daily:climate_pass_b"":1,""native_daily:native_daily_complete"":1,""native_daily:native_daily_finalizer"":1,""native_daily:ocean_land"":1,""native_daily:sea_ice"":1,""native_daily:wind_surface"":1}","{""economy:building_plan"":0.365,""economy:building_production"":0.951,""economy:epoch_begin"":1.904,""economy:structural_commit"":0.696,""native_daily:climate_pass_b"":1.199,""native_daily:native_daily_complete"":0.625,""native_daily:native_daily_finalizer"":0.67,""native_daily:ocean_land"":1.445,""native_daily:sea_ice"":0.849,""native_daily:wind_surface"":1.064}","{""economy:building_plan"":0.183,""economy:building_production"":0.951,""economy:epoch_begin"":1.904,""economy:structural_commit"":0.696,""native_daily:climate_pass_b"":1.199,""native_daily:native_daily_complete"":0.625,""native_daily:native_daily_finalizer"":0.67,""native_daily:ocean_land"":1.445,""native_daily:sea_ice"":0.849,""native_daily:wind_surface"":1.064}",{},{},{},{},0,0.001,4.201,0.071,0,0.838,327,602,4,0,0.306,0,0.355,0.009,0.041,0.165,0,0,100,0,16.351,34.535,0.022,11.241,705,284218,449,249,249,0,91650,9,6574,2,0,0,2,4800,0,78.331,0,SHADOW,SHADOW,,4095,2050,2045,missing_native_domain_handlers,false,16,false,0,0,false,0,0,0,0,0,climate_trace_reference_pending,,,,,0,,,0,0,2,0,0,1.495787,0,0,0,0,0,0,252,251,2400,true,0,0,0,0,0,0,0,0,0,0,4088,0,3,0,3,0,0,0,0,0,0,0,climate_trace_reference_pending,0,0,0,0,0,0,0,0,0,0,0,0,0,0,0,0,0,0,0,0,0,0,0,0,0,false,
140,253,41479,false,73,50,15.287,14.75,0.01,0.313,native_daily_sim,climate_pass_a,climate_pass_a_struct,gdext_native_daily_slice,2.287,1,0,0,1,-1,-1,,0.437254,3.047241,4.959,7.016,210,8,3,1.5,false,2,8.666,,,,,,,,,,,,,,,,,,,,,,,,,,,,,,,,,,,,,,,,,,0,0,0,0,false,0,0,,0,0,0,0,0,0,0,,,,,false,{},{},{},{},{},{},{},0,0.001,0.24,0.047,0,2.886,327,602,3,0,1.307,0.105,0.306,0.005,1.93,0.227,0,0,100,0,10.196,34.535,0.022,7.023,706,284220,449,249,249,0,91650,9,6574,2,0,0,2,4800,0,78.331,0,SHADOW,SHADOW,,4095,2050,2045,missing_native_domain_handlers,false,16,false,0,0,false,0,0,0,0,0,climate_trace_reference_pending,,,,,0,,,0,0,2,0,0,1.513347,0,0,0,0,0,0,253,252,2400,true,0,0,0,0,0,0,0,0,0,0,4088,0,3,0,3,0,0,0,0,0,0,0,climate_trace_reference_pending,0,0,0,0,0,0,0,0,0,0,0,0,0,0,0,0,0,0,0,0,0,0,0,0,0,false,
141,254,41539,false,73,50,19.853,18.73,0.623,0.312,trigger_runtime,trigger_evaluate,,TRIGGER_GRAPH,0.974,357,0,0,357,-1,-1,,366.529783,3.040476,4.959,7.016,210,8,3,1.5,false,2,8.666,,,,,,,,,,,,,,,,,,,,,,,,,,,,,,,,,,,,,,,,,,2,12,12,1,true,1,1.005,household_market,0,3,15.774,9.005,2.349,1.303,8,household_market,household_market,settle,ECONOMY_GRAPH,false,"{""economy:building_plan"":2,""economy:household_market"":1,""native_daily:climate_pass_b"":1,""native_daily:native_daily_complete"":1,""native_daily:native_daily_finalizer"":1,""native_daily:ocean_land"":1,""native_daily:runtime_hydrology"":1,""native_daily:sea_ice"":1,""native_daily:transpiration"":1,""native_daily:weather_stage_b"":1,""native_daily:wind_surface"":1}","{""economy:building_plan"":1.854,""economy:household_market"":1.303,""native_daily:climate_pass_b"":0.776,""native_daily:native_daily_complete"":0.878,""native_daily:native_daily_finalizer"":1.543,""native_daily:ocean_land"":1.403,""native_daily:runtime_hydrology"":1.362,""native_daily:sea_ice"":0.571,""native_daily:transpiration"":0.555,""native_daily:weather_stage_b"":2.349,""native_daily:wind_surface"":0.997}","{""economy:building_plan"":1.702,""economy:household_market"":1.303,""native_daily:climate_pass_b"":0.776,""native_daily:native_daily_complete"":0.878,""native_daily:native_daily_finalizer"":1.543,""native_daily:ocean_land"":1.403,""native_daily:runtime_hydrology"":1.362,""native_daily:sea_ice"":0.571,""native_daily:transpiration"":0.555,""native_daily:weather_stage_b"":2.349,""native_daily:wind_surface"":0.997}","{""economy:household_market.settle.merge_aggregate"":1,""economy:household_market.settle.merge_trade"":1,""economy:household_market.settle.other"":1,""economy:household_market.settle.prepare"":1,""economy:household_market.settle.trace"":1,""economy:household_market.settle.worker"":1}","{""economy:household_market.settle.merge_aggregate"":0.0338,""economy:household_market.settle.merge_trade"":0.007,""economy:household_market.settle.other"":0.000800000000000042,""economy:household_market.settle.prepare"":0.0014,""economy:household_market.settle.trace"":0.0019,""economy:household_market.settle.worker"":0.4473}","{""economy:household_market.settle.merge_aggregate"":0.0338,""economy:household_market.settle.merge_trade"":0.007,""economy:household_market.settle.other"":0.000800000000000042,""economy:household_market.settle.prepare"":0.0014,""economy:household_market.settle.trace"":0.0019,""economy:household_market.settle.worker"":0.4473}","{""economy:household_market.settle.merge_aggregate"":4,""economy:household_market.settle.merge_trade"":4,""economy:household_market.settle.other"":4,""economy:household_market.settle.prepare"":4,""economy:household_market.settle.trace"":4,""economy:household_market.settle.worker"":4}",0,0,4.926,0.071,0,0.422,327,602,1,0,0.35,0,0.104,0.003,0.077,0.074,0,0,100,0,15.04475,34.535,0.022,9.62575,706,284220,449,251,251,0,92407,9,6314,2,0,0,2,4800,0,78.331,0,SHADOW,SHADOW,,4095,2050,2045,missing_native_domain_handlers,false,16,false,0,0,false,0,0,0,0,0,climate_trace_reference_pending,,,,,0,,,0,0,2,0,0,1.310797,0,0,0,0,0,0,254,253,2400,true,0,0,0,0,0,0,0,0,0,0,4088,0,3,0,3,0,0,0,0,0,0,0,climate_trace_reference_pending,0,0,0,0,0,0,0,0,0,0,0,0,0,0,0,0,0,0,0,0,0,0,0,0,0,false,
142,255,41572,false,73,50,15.464,14.964,0.01,0.287,native_daily_sim,climate_pass_a,climate_pass_a_struct,gdext_native_daily_slice,2.597,1,0,0,1,-1,-1,,0.38506,3.046141,4.959,7.016,211,8,3,1.5,false,2,8.666,,,,,,,,,,,,,,,,,,,,,,,,,,,,,,,,,,,,,,,,,,0,0,0,0,false,0,0,,0,0,0,0,0,0,0,,,,,false,{},{},{},{},{},{},{},0,0,0.352,0.058,0,1.023,327,602,4,0,0.333,0,0.387,0.011,0.196,0.169,0,0,100,0,10.788667,34.535,0.022,9.355667,706,284220,449,251,251,0,92407,9,6314,2,0,0,2,4800,0,78.331,0,SHADOW,SHADOW,,4095,2050,2045,missing_native_domain_handlers,false,16,false,0,0,false,0,0,0,0,0,climate_trace_reference_pending,,,,,0,,,0,0,2,0,0,1.112262,0,0,0,0,0,0,255,254,2400,true,0,0,0,0,0,0,0,0,0,0,4088,0,3,0,3,0,0,0,0,0,0,0,climate_trace_reference_pending,0,0,0,0,0,0,0,0,0,0,0,0,0,0,0,0,0,0,0,0,0,0,0,0,0,false,
143,256,41635,false,73,50,22.86,22.263,0.011,0.363,dynamic_visual_atlas_upload,,,cell_indirection_lut,1.848,2400,2400,0,0,-1,-1,,1298.701264,3.050094,4.959,7.016,212,8,3,1.5,false,2,8.666,,,,,,,,,,,,,,,,,,,,,,,,,,,,,,,,,,,,,,,,,,2,11,11,1,true,1,0.237,building_commit,0,5,13.534,8.237,1.684,0.303,8,building_commit,building_commit,special_reset,ECONOMY_GRAPH,false,"{""economy:building_commit"":1,""economy:building_plan"":2,""economy:epoch_begin"":1,""economy:household_market"":1,""native_daily:climate_pass_b"":1,""native_daily:native_daily_complete"":1,""native_daily:native_daily_finalizer"":1,""native_daily:ocean_land"":1,""native_daily:sea_ice"":1,""native_daily:wind_surface"":1}","{""economy:building_commit"":0.303,""economy:building_plan"":0.573,""economy:epoch_begin"":1.684,""economy:household_market"":1.413,""native_daily:climate_pass_b"":0.756,""native_daily:native_daily_complete"":0.454,""native_daily:native_daily_finalizer"":1.326,""native_daily:ocean_land"":1.161,""native_daily:sea_ice"":0.801,""native_daily:wind_surface"":1.137}","{""economy:building_commit"":0.303,""economy:building_plan"":0.376,""economy:epoch_begin"":1.684,""economy:household_market"":1.413,""native_daily:climate_pass_b"":0.756,""native_daily:native_daily_complete"":0.454,""native_daily:native_daily_finalizer"":1.326,""native_daily:ocean_land"":1.161,""native_daily:sea_ice"":0.801,""native_daily:wind_surface"":1.137}","{""economy:building_commit.review_prepare"":1,""economy:building_commit.special_reset"":1,""economy:household_market.settle.merge_aggregate"":1,""economy:household_market.settle.merge_trade"":1,""economy:household_market.settle.other"":1,""economy:household_market.settle.prepare"":1,""economy:household_market.settle.trace"":1,""economy:household_market.settle.worker"":1}","{""economy:building_commit.review_prepare"":0.0005,""economy:building_commit.special_reset"":0.0002,""economy:household_market.settle.merge_aggregate"":0.0703,""economy:household_market.settle.merge_trade"":0.007,""economy:household_market.settle.other"":0.000600000000000004,""economy:household_market.settle.prepare"":0.0023,""economy:household_market.settle.trace"":0.0022,""economy:household_market.settle.worker"":0.4662}","{""economy:building_commit.review_prepare"":0.0005,""economy:building_commit.special_reset"":0.0002,""economy:household_market.settle.merge_aggregate"":0.0703,""economy:household_market.settle.merge_trade"":0.007,""economy:household_market.settle.other"":0.000600000000000004,""economy:household_market.settle.prepare"":0.0023,""economy:household_market.settle.trace"":0.0022,""economy:household_market.settle.worker"":0.4662}","{""economy:building_commit.review_prepare"":1,""economy:building_commit.special_reset"":4,""economy:household_market.settle.merge_aggregate"":4,""economy:household_market.settle.merge_trade"":4,""economy:household_market.settle.other"":4,""economy:household_market.settle.prepare"":4,""economy:household_market.settle.trace"":4,""economy:household_market.settle.worker"":4}",0,0.001,0.291,0.065,0,0.066,295,602,0,0,0,0.06,0,0,0,0,0,0,100,0,12.7176,34.535,0.022,12.2956,706,284220,449,253,253,0,93160,9,6945,2,0,0,2,4800,0,78.331,0,SHADOW,SHADOW,,4095,2050,2045,missing_native_domain_handlers,false,16,false,0,0,false,0,0,0,0,0,climate_trace_reference_pending,,,,,0,,,0,0,2,0,0,1.960247,0,0,0,0,0,0,256,255,2400,true,0,0,0,0,0,0,0,0,0,0,4088,0,3,0,3,0,0,0,0,0,0,0,climate_trace_reference_pending,0,0,0,0,0,0,0,0,0,0,0,0,0,0,0,0,0,0,0,0,0,0,0,0,0,false,
144,257,41666,false,73,50,13.288,12.678,0.01,0.342,native_daily_sim,climate_pass_a,climate_pass_a_struct,gdext_native_daily_slice,1.348,1,0,0,1,-1,-1,,0.74184,3.048074,4.959,7.016,213,8,3,1.5,false,2,8.666,,,,,,,,,,,,,,,,,,,,,,,,,,,,,,,,,,,,,,,,,,0,0,0,0,false,0,0,,0,0,0,0,0,0,0,,,,,false,{},{},{},{},{},{},{},0,0,0.28,0.063,0,2.055,295,602,4,0,0.663,0,0.698,0.015,0.695,0.225,0,0,100,0,10.371333,34.535,0.022,7.973333,706,284220,449,253,253,0,93160,9,6945,2,0,0,2,4800,0,78.331,0,SHADOW,SHADOW,,4095,2050,2045,missing_native_domain_handlers,false,16,false,0,0,false,0,0,0,0,0,climate_trace_reference_pending,,,,,0,,,0,0,2,0,0,1.971922,0,0,0,0,0,0,257,256,2400,true,0,0,0,0,0,0,0,0,0,0,4088,0,3,0,3,0,0,0,0,0,0,0,climate_trace_reference_pending,0,0,0,0,0,0,0,0,0,0,0,0,0,0,0,0,0,0,0,0,0,0,0,0,0,false,
145,258,41726,false,73,50,29.754,22.302,0.011,7.191,ocean_currents,daily_wind_prepass,daily_wind_slp,gdext_daily_wind_slp,1.57,2400,2400,0,0,-1,-1,,1528.662369,3.046922,4.959,7.016,214,8,3,1.5,false,2,8.666,,,,,,,,,,,,,,,,,,,,,,,,,,,,,,,,,,,,,,,,,,1,8,8,1,true,1,0.17,building_plan,0,2,8.17,8.17,1.765,0.172,8,building_plan,building_plan,evaluate,ECONOMY_GRAPH,false,"{""economy:building_plan"":2,""native_daily:climate_pass_b"":1,""native_daily:native_daily_complete"":1,""native_daily:native_daily_finalizer"":1,""native_daily:ocean_land"":1,""native_daily:sea_ice"":1,""native_daily:wind_surface"":1}","{""economy:building_plan"":1.937,""native_daily:climate_pass_b"":0.535,""native_daily:native_daily_complete"":0.38,""native_daily:native_daily_finalizer"":0.477,""native_daily:ocean_land"":1.233,""native_daily:sea_ice"":0.739,""native_daily:wind_surface"":0.875}","{""economy:building_plan"":1.765,""native_daily:climate_pass_b"":0.535,""native_daily:native_daily_complete"":0.38,""native_daily:native_daily_finalizer"":0.477,""native_daily:ocean_land"":1.233,""native_daily:sea_ice"":0.739,""native_daily:wind_surface"":0.875}",{},{},{},{},0,0.001,6.088,0.045,0,1.227,295,602,4,0,0.364,0,0.454,0.009,0.263,0.143,0,0,100,0,19.782333,34.535,0.022,12.422333,706,284220,449,255,255,0,93915,9,7086,2,0,0,2,4800,0,78.331,0,SHADOW,SHADOW,,4095,2050,2045,missing_native_domain_handlers,false,16,false,0,0,false,0,0,0,0,0,climate_trace_reference_pending,,,,,0,,,0,0,2,0,0,1.148827,0,0,0,0,0,0,258,257,2400,true,0,0,0,0,0,0,0,0,0,0,4088,0,3,0,3,0,0,0,0,0,0,0,climate_trace_reference_pending,0,0,0,0,0,0,0,0,0,0,0,0,0,0,0,0,0,0,0,0,0,0,0,0,0,false,
146,259,41762,false,73,50,14.798,14.181,0.011,0.36,native_daily_sim,climate_pass_a,climate_pass_a_struct,gdext_native_daily_slice,1.79,1,0,0,1,-1,-1,,0.558659,3.047988,4.959,7.016,215,8,3,1.5,false,2,8.666,,,,,,,,,,,,,,,,,,,,,,,,,,,,,,,,,,,,,,,,,,0,0,0,0,false,0,0,,0,0,0,0,0,0,0,,,,,false,{},{},{},{},{},{},{},0,0,0.43,0.049,0,0.709,295,602,1,0,0.641,0,0.179,0.004,0.287,0.104,0,0,100,0,12.234333,34.535,0.022,11.046333,706,284220,449,255,255,0,93915,9,7086,2,0,0,2,4800,0,78.331,0,SHADOW,SHADOW,,4095,2050,2045,missing_native_domain_handlers,false,16,false,0,0,false,0,0,0,0,0,climate_trace_reference_pending,,,,,0,,,0,0,2,0,0,1.715322,0,0,0,0,0,0,259,258,2400,true,0,0,0,0,0,0,0,0,0,0,4088,0,3,0,3,0,0,0,0,0,0,0,climate_trace_reference_pending,0,0,0,0,0,0,0,0,0,0,0,0,0,0,0,0,0,0,0,0,0,0,0,0,0,false,
147,260,41818,false,73,50,23.168,22.631,0.01,0.301,dynamic_visual_atlas_upload,,,cell_indirection_lut,1.43,2400,2400,0,0,-1,-1,,1678.32174,3.050454,4.953,7.016,216,8,3,1.5,false,2,8.666,,,,,,,,,,,,,,,,,,,,,,,,,,,,,,,,,,,,,,,,,,1,8,8,1,true,1,0.199,building_plan,0,2,8.199,8.199,1.807,0.26,8,building_plan,building_plan,evaluate,ECONOMY_GRAPH,false,"{""economy:building_plan"":1,""economy:epoch_begin"":1,""native_daily:climate_pass_b"":1,""native_daily:native_daily_complete"":1,""native_daily:native_daily_finalizer"":1,""native_daily:ocean_land"":1,""native_daily:sea_ice"":1,""native_daily:wind_surface"":1}","{""economy:building_plan"":0.26,""economy:epoch_begin"":1.807,""native_daily:climate_pass_b"":0.593,""native_daily:native_daily_complete"":0.382,""native_daily:native_daily_finalizer"":0.518,""native_daily:ocean_land"":1.016,""native_daily:sea_ice"":0.577,""native_daily:wind_surface"":0.902}","{""economy:building_plan"":0.26,""economy:epoch_begin"":1.807,""native_daily:climate_pass_b"":0.593,""native_daily:native_daily_complete"":0.382,""native_daily:native_daily_finalizer"":0.518,""native_daily:ocean_land"":1.016,""native_daily:sea_ice"":0.577,""native_daily:wind_surface"":0.902}",{},{},{},{},0.001,0.001,6.627,0.05,0,1.175,295,602,4,0,0.346,0,0.361,0.009,0.243,0.183,0,0,100,0,18.691667,34.535,0.022,10.839667,706,284220,449,257,257,0,94672,9,6427,2,0,0,2,4800,0,78.331,0,SHADOW,SHADOW,,4095,2050,2045,missing_native_domain_handlers,false,16,false,0,0,false,0,0,0,0,0,climate_trace_reference_pending,,,,,0,,,0,0,2,0,0,1.091742,0,0,0,0,0,0,260,259,2400,true,0,0,0,0,0,0,0,0,0,0,4088,0,3,0,3,0,0,0,0,0,0,0,climate_trace_reference_pending,0,0,0,0,0,0,0,0,0,0,0,0,0,0,0,0,0,0,0,0,0,0,0,0,0,false,
148,261,41851,false,73,50,15.482,14.815,0.013,0.38,native_daily_sim,climate_pass_a,climate_pass_a_struct,gdext_native_daily_slice,2.475,1,0,0,1,-1,-1,,0.40404,3.053594,4.953,7.016,217,8,3,1.5,false,2,8.666,,,,,,,,,,,,,,,,,,,,,,,,,,,,,,,,,,,,,,,,,,0,0,0,0,false,0,0,,0,0,0,0,0,0,0,,,,,false,{},{},{},{},{},{},{},0,0.001,0.215,0.065,0,1.792,295,602,4,0,0.577,0,0.458,0.025,0.708,0.245,0,0,100,0,10.881667,34.535,0.022,8.809667,706,284220,449,257,257,0,94672,9,6427,2,0,0,2,4800,0,78.331,0,SHADOW,SHADOW,,4095,2050,2045,missing_native_domain_handlers,false,16,false,0,0,false,0,0,0,0,0,climate_trace_reference_pending,,,,,0,,,0,0,2,0,0,1.073527,0,0,0,0,0,0,261,260,2400,true,0,0,0,0,0,0,0,0,0,0,4088,0,3,0,3,0,0,0,0,0,0,0,climate_trace_reference_pending,0,0,0,0,0,0,0,0,0,0,0,0,0,0,0,0,0,0,0,0,0,0,0,0,0,false,
149,262,41911,false,73,50,16.683,15.532,0.697,0.262,trigger_runtime,trigger_evaluate,,TRIGGER_GRAPH,0.909,358,0,0,358,-1,-1,,393.839393,3.046633,4.953,7.016,217,8,3,1.5,false,2,8.666,,,,,,,,,,,,,,,,,,,,,,,,,,,,,,,,,,,,,,,,,,2,12,12,1,true,1,0.196,household_market,0,3,14.31,8.196,1.889,1.889,8,household_market,household_market,settle,ECONOMY_GRAPH,false,"{""economy:building_plan"":2,""economy:household_market"":1,""native_daily:climate_pass_b"":1,""native_daily:native_daily_complete"":1,""native_daily:native_daily_finalizer"":1,""native_daily:ocean_land"":1,""native_daily:runtime_hydrology"":1,""native_daily:sea_ice"":1,""native_daily:transpiration"":1,""native_daily:weather_stage_b"":1,""native_daily:wind_surface"":1}","{""economy:building_plan"":1.74,""economy:household_market"":1.889,""native_daily:climate_pass_b"":0.722,""native_daily:native_daily_complete"":0.636,""native_daily:native_daily_finalizer"":0.64,""native_daily:ocean_land"":1.182,""native_daily:runtime_hydrology"":1.096,""native_daily:sea_ice"":0.705,""native_daily:transpiration"":0.635,""native_daily:weather_stage_b"":1.802,""native_daily:wind_surface"":0.95}","{""economy:building_plan"":1.594,""economy:household_market"":1.889,""native_daily:climate_pass_b"":0.722,""native_daily:native_daily_complete"":0.636,""native_daily:native_daily_finalizer"":0.64,""native_daily:ocean_land"":1.182,""native_daily:runtime_hydrology"":1.096,""native_daily:sea_ice"":0.705,""native_daily:transpiration"":0.635,""native_daily:weather_stage_b"":1.802,""native_daily:wind_surface"":0.95}","{""economy:household_market.settle.merge_aggregate"":1,""economy:household_market.settle.merge_trade"":1,""economy:household_market.settle.other"":1,""economy:household_market.settle.prepare"":1,""economy:household_market.settle.trace"":1,""economy:household_market.settle.worker"":1}","{""economy:household_market.settle.merge_aggregate"":0.0338,""economy:household_market.settle.merge_trade"":0.0068,""economy:household_market.settle.other"":0.000699999999999979,""economy:household_market.settle.prepare"":0.001,""economy:household_market.settle.trace"":0.0017,""economy:household_market.settle.worker"":0.4058}","{""economy:household_market.settle.merge_aggregate"":0.0338,""economy:household_market.settle.merge_trade"":0.0068,""economy:household_market.settle.other"":0.000699999999999979,""economy:household_market.settle.prepare"":0.001,""economy:household_market.settle.trace"":0.0017,""economy:household_market.settle.worker"":0.4058}","{""economy:household_market.settle.merge_aggregate"":4,""economy:household_market.settle.merge_trade"":4,""economy:household_market.settle.other"":4,""economy:household_market.settle.prepare"":4,""economy:household_market.settle.trace"":4,""economy:household_market.settle.worker"":4}",0,0,0.241,0.065,0,2.244,295,602,4,0,0.999,0,0.466,0.022,1.092,0.264,0,0,100,0,12.0374,34.535,0.022,9.4874,706,284220,449,259,259,0,95426,9,5791,2,0,0,2,4800,0,78.331,0,SHADOW,SHADOW,,4095,2050,2045,missing_native_domain_handlers,false,16,false,0,0,false,0,0,0,0,0,climate_trace_reference_pending,,,,,0,,,0,0,2,0,0,1.989522,0,0,0,0,0,0,262,261,2400,true,0,0,0,0,0,0,0,0,0,0,4088,0,3,0,3,0,0,0,0,0,0,0,climate_trace_reference_pending,0,0,0,0,0,0,0,0,0,0,0,0,0,0,0,0,0,0,0,0,0,0,0,0,0,false,
150,263,41937,false,73,50,11.2,10.663,0.009,0.308,native_daily_sim,climate_pass_a,climate_pass_a_struct,gdext_native_daily_slice,1.42,1,0,0,1,-1,-1,,0.704225,3.045068,4.953,7.016,218,8,3,1.5,false,2,8.666,,,,,,,,,,,,,,,,,,,,,,,,,,,,,,,,,,,,,,,,,,0,0,0,0,false,0,0,,0,0,0,0,0,0,0,,,,,false,{},{},{},{},{},{},{},0,0,0.288,0.064,0,0.925,295,602,4,0,0.219,0.084,0.324,0.011,0.044,0.126,0,0,100,0,8.468333,34.535,0.022,7.191333,706,284220,449,259,259,0,95426,9,5791,2,0,0,2,4800,0,78.331,0,SHADOW,SHADOW,,4095,2050,2045,missing_native_domain_handlers,false,16,false,0,0,false,0,0,0,0,0,climate_trace_reference_pending,,,,,0,,,0,0,2,0,0,1.519877,0,0,0,0,0,0,263,262,2400,true,0,0,0,0,0,0,0,0,0,0,4088,0,3,0,3,0,0,0,0,0,0,0,climate_trace_reference_pending,0,0,0,0,0,0,0,0,0,0,0,0,0,0,0,0,0,0,0,0,0,0,0,0,0,false,
151,264,41982,false,73,50,19.283,18.759,0.01,0.304,ocean_currents,phys_upwelling,next_phys_upwelling,physical_circulation,1.43,0,0,0,0,-1,-1,,0,3.048727,4.953,7.016,219,8,3,1.5,false,2,8.666,,,,,,,,,,,,,,,,,,,,,,,,,,,,,,,,,,,,,,,,,,1,9,9,1,true,1,0.887,building_production,0,3,8.887,8.887,1.744,0.945,8,building_production,building_production,,ECONOMY_GRAPH,false,"{""economy:building_plan"":2,""economy:building_production"":1,""native_daily:climate_pass_b"":1,""native_daily:native_daily_complete"":1,""native_daily:native_daily_finalizer"":1,""native_daily:ocean_land"":1,""native_daily:sea_ice"":1,""native_daily:wind_surface"":1}","{""economy:building_plan"":1.939,""economy:building_production"":0.945,""native_daily:climate_pass_b"":0.67,""native_daily:native_daily_complete"":0.343,""native_daily:native_daily_finalizer"":0.557,""native_daily:ocean_land"":1.185,""native_daily:sea_ice"":0.571,""native_daily:wind_surface"":0.85}","{""economy:building_plan"":1.744,""economy:building_production"":0.945,""native_daily:climate_pass_b"":0.67,""native_daily:native_daily_complete"":0.343,""native_daily:native_daily_finalizer"":0.557,""native_daily:ocean_land"":1.185,""native_daily:sea_ice"":0.571,""native_daily:wind_surface"":0.85}",{},{},{},{},0,0,5.128,0.061,0,0.071,263,602,0,0,0,0.065,0,0,0,0,0,0,100,0,15.147,34.535,0.022,9.887,706,284220,449,261,261,0,96182,9,5689,2,0,0,2,4800,0,78.331,0,SHADOW,SHADOW,,4095,2050,2045,missing_native_domain_handlers,false,16,false,0,0,false,0,0,0,0,0,climate_trace_reference_pending,,,,,0,,,0,0,2,0,0,1.401187,0,0,0,0,0,0,264,263,2400,true,0,0,0,0,0,0,0,0,0,0,4088,0,3,0,3,0,0,0,0,0,0,0,climate_trace_reference_pending,0,0,0,0,0,0,0,0,0,0,0,0,0,0,0,0,0,0,0,0,0,0,0,0,0,false,
152,265,42005,false,73,50,11.869,11.313,0.011,0.295,native_daily_sim,climate_pass_a,climate_pass_a_struct,gdext_native_daily_slice,1.403,1,0,0,1,-1,-1,,0.712758,3.048592,4.953,7.016,220,8,3,1.5,false,2,8.666,,,,,,,,,,,,,,,,,,,,,,,,,,,,,,,,,,,,,,,,,,0,0,0,0,false,0,0,,0,0,0,0,0,0,0,,,,,false,{},{},{},{},{},{},{},0,0.001,0.279,0.063,0,3.16,263,602,3,0,1.546,0.136,0.502,0.03,1.914,0.225,0,0,100,0,11.6935,34.535,0.022,8.1915,706,284220,449,261,261,0,96182,9,5689,2,0,0,2,4800,0,78.331,0,SHADOW,SHADOW,,4095,2050,2045,missing_native_domain_handlers,false,16,false,0,0,false,0,0,0,0,0,climate_trace_reference_pending,,,,,0,,,0,0,2,0,0,1.930927,0,0,0,0,0,0,265,264,2400,true,0,0,0,0,0,0,0,0,0,0,4088,0,3,0,3,0,0,0,0,0,0,0,climate_trace_reference_pending,0,0,0,0,0,0,0,0,0,0,0,0,0,0,0,0,0,0,0,0,0,0,0,0,0,false,
153,266,42054,false,75,50,16.029,15.43,0.011,0.348,trigger_runtime,trigger_evaluate,,TRIGGER_GRAPH,0.78,358,0,0,358,-1,-1,,458.974376,3.041139,4.953,7.016,220,8,3,1.5,false,2,8.666,,,,,,,,,,,,,,,,,,,,,,,,,,,,,,,,,,,,,,,,,,1,9,9,1,true,1,0.412,building_plan,0,3,8.412,8.412,1.458,0.199,8,building_plan,trade_settle,reserve,ECONOMY_GRAPH,false,"{""economy:building_plan"":3,""native_daily:climate_pass_b"":1,""native_daily:native_daily_complete"":1,""native_daily:native_daily_finalizer"":1,""native_daily:ocean_land"":1,""native_daily:sea_ice"":1,""native_daily:wind_surface"":1}","{""economy:building_plan"":1.839,""native_daily:climate_pass_b"":0.769,""native_daily:native_daily_complete"":0.293,""native_daily:native_daily_finalizer"":0.542,""native_daily:ocean_land"":1.14,""native_daily:sea_ice"":0.521,""native_daily:wind_surface"":0.72}","{""economy:building_plan"":1.458,""native_daily:climate_pass_b"":0.769,""native_daily:native_daily_complete"":0.293,""native_daily:native_daily_finalizer"":0.542,""native_daily:ocean_land"":1.14,""native_daily:sea_ice"":0.521,""native_daily:wind_surface"":0.72}",{},{},{},{},0,0,0.255,0.057,0,1.404,263,602,4,0,0.457,0,0.538,0.026,0.311,0.159,0,0,100,0,12.26,38.553,0.023,10.544,706,284220,449,263,263,0,96937,9,5949,2,0,0,2,4800,0,78.331,0,SHADOW,SHADOW,,4095,2050,2045,missing_native_domain_handlers,false,16,false,0,0,false,0,0,0,0,0,climate_trace_reference_pending,,,,,0,,,0,0,2,0,0,1.180237,0,0,0,0,0,0,266,265,2400,true,0,0,0,0,0,0,0,0,0,0,4088,0,3,0,3,0,0,0,0,0,0,0,climate_trace_reference_pending,0,0,0,0,0,0,0,0,0,0,0,0,0,0,0,0,0,0,0,0,0,0,0,0,0,false,
154,267,42079,false,75,50,11.943,11.397,0.009,0.318,native_daily_sim,climate_pass_a,climate_pass_a_struct,gdext_native_daily_slice,1.485,1,0,0,1,-1,-1,,0.673401,3.039655,4.953,7.016,221,8,3,1.5,false,2,8.666,,,,,,,,,,,,,,,,,,,,,,,,,,,,,,,,,,,,,,,,,,0,0,0,0,false,0,0,,0,0,0,0,0,0,0,,,,,false,{},{},{},{},{},{},{},0.001,0.001,0.346,0.066,0,2.851,263,602,3,0,1.208,0,0.345,0.013,1.942,0.194,0,0,100,0,12.4005,38.553,0.023,9.1375,706,284220,449,263,263,0,96937,9,5949,2,0,0,2,4800,0,78.331,0,SHADOW,SHADOW,,4095,2050,2045,missing_native_domain_handlers,false,16,false,0,0,false,0,0,0,0,0,climate_trace_reference_pending,,,,,0,,,0,0,2,0,0,1.635992,0,0,0,0,0,0,267,266,2400,true,0,0,0,0,0,0,0,0,0,0,4088,0,3,0,3,0,0,0,0,0,0,0,climate_trace_reference_pending,0,0,0,0,0,0,0,0,0,0,0,0,0,0,0,0,0,0,0,0,0,0,0,0,0,false,
155,268,42128,false,75,50,19.751,19.293,0.01,0.269,dynamic_visual_atlas_upload,,,cell_indirection_lut,1.779,2400,2400,0,0,-1,-1,,1349.072479,3.041694,4.953,7.016,222,8,3,1.5,false,2,8.666,,,,,,,,,,,,,,,,,,,,,,,,,,,,,,,,,,,,,,,,,,1,9,9,1,true,1,1.099,household_market,0,3,9.099,9.099,1.528,1.346,8,household_market,household_market,settle,ECONOMY_GRAPH,false,"{""economy:building_plan"":2,""economy:household_market"":1,""native_daily:climate_pass_b"":1,""native_daily:native_daily_complete"":1,""native_daily:native_daily_finalizer"":1,""native_daily:ocean_land"":1,""native_daily:sea_ice"":1,""native_daily:wind_surface"":1}","{""economy:building_plan"":1.699,""economy:household_market"":1.346,""native_daily:climate_pass_b"":0.812,""native_daily:native_daily_complete"":0.387,""native_daily:native_daily_finalizer"":0.481,""native_daily:ocean_land"":1.161,""native_daily:sea_ice"":0.572,""native_daily:wind_surface"":0.802}","{""economy:building_plan"":1.528,""economy:household_market"":1.346,""native_daily:climate_pass_b"":0.812,""native_daily:native_daily_complete"":0.387,""native_daily:native_daily_finalizer"":0.481,""native_daily:ocean_land"":1.161,""native_daily:sea_ice"":0.572,""native_daily:wind_surface"":0.802}","{""economy:household_market.settle.merge_aggregate"":1,""economy:household_market.settle.merge_trade"":1,""economy:household_market.settle.other"":1,""economy:household_market.settle.prepare"":1,""economy:household_market.settle.trace"":1,""economy:household_market.settle.worker"":1}","{""economy:household_market.settle.merge_aggregate"":0.0468,""economy:household_market.settle.merge_trade"":0.0087,""economy:household_market.settle.other"":0.000599999999999974,""economy:household_market.settle.prepare"":0.0015,""economy:household_market.settle.trace"":0.0026,""economy:household_market.settle.worker"":0.384}","{""economy:household_market.settle.merge_aggregate"":0.0468,""economy:household_market.settle.merge_trade"":0.0087,""economy:household_market.settle.other"":0.000599999999999974,""economy:household_market.settle.prepare"":0.0015,""economy:household_market.settle.trace"":0.0026,""economy:household_market.settle.worker"":0.384}","{""economy:household_market.settle.merge_aggregate"":4,""economy:household_market.settle.merge_trade"":4,""economy:household_market.settle.other"":4,""economy:household_market.settle.prepare"":4,""economy:household_market.settle.trace"":4,""economy:household_market.settle.worker"":4}",0,0,4.243,0.068,0,1.297,263,602,4,0,0.426,0,0.337,0.013,0.428,0.177,0,0,100,0,16.128,38.553,0.023,10.52,706,284220,449,265,265,0,97689,9,6152,2,0,0,2,4800,0,78.331,0,SHADOW,SHADOW,,4095,2050,2045,missing_native_domain_handlers,false,16,false,0,0,false,0,0,0,0,0,climate_trace_reference_pending,,,,,0,,,0,0,2,0,0,1.657452,0,0,0,0,0,0,268,267,2400,true,0,0,0,0,0,0,0,0,0,0,4088,0,3,0,3,0,0,0,0,0,0,0,climate_trace_reference_pending,0,0,0,0,0,0,0,0,0,0,0,0,0,0,0,0,0,0,0,0,0,0,0,0,0,false,
156,269,42152,false,75,50,13.592,13.095,0.01,0.27,native_daily_sim,climate_pass_a,climate_pass_a_struct,gdext_native_daily_slice,2.571,1,0,0,1,-1,-1,,0.388954,3.044963,4.953,7.016,223,8,3,1.5,false,2,8.666,,,,,,,,,,,,,,,,,,,,,,,,,,,,,,,,,,,,,,,,,,0,0,0,0,false,0,0,,0,0,0,0,0,0,0,,,,,false,{},{},{},{},{},{},{},0,0,0.326,0.058,0,1.128,263,602,4,0,0.33,0,0.377,0.014,0.308,0.157,0,0,100,0,12.0735,38.553,0.023,10.5615,706,284220,449,265,265,0,97689,9,6152,2,0,0,2,4800,0,78.331,0,SHADOW,SHADOW,,4095,2050,2045,missing_native_domain_handlers,false,16,false,0,0,false,0,0,0,0,0,climate_trace_reference_pending,,,,,0,,,0,0,2,0,0,1.169387,0,0,0,0,0,0,269,268,2400,true,0,0,0,0,0,0,0,0,0,0,4088,0,3,0,3,0,0,0,0,0,0,0,climate_trace_reference_pending,0,0,0,0,0,0,0,0,0,0,0,0,0,0,0,0,0,0,0,0,0,0,0,0,0,false,
157,270,42214,false,75,50,20.928,19.636,0.729,0.34,ocean_currents,daily_wind_prepass,daily_wind_slp,gdext_daily_wind_slp,1.056,2400,2400,0,0,-1,-1,,2272.727285,3.044752,4.953,7.016,224,8,3,1.5,false,2,8.666,,,,,,,,,,,,,,,,,,,,,,,,,,,,,,,,,,,,,,,,,,2,13,13,1,true,1,0.959,household_market,0,4,15.254,8.959,1.98,1.397,8,household_market,household_market,settle,ECONOMY_GRAPH,false,"{""economy:building_plan"":2,""economy:epoch_begin"":1,""economy:household_market"":1,""native_daily:climate_pass_b"":1,""native_daily:native_daily_complete"":1,""native_daily:native_daily_finalizer"":1,""native_daily:ocean_land"":1,""native_daily:runtime_hydrology"":1,""native_daily:sea_ice"":1,""native_daily:transpiration"":1,""native_daily:weather_stage_b"":1,""native_daily:wind_surface"":1}","{""economy:building_plan"":0.388,""economy:epoch_begin"":1.98,""economy:household_market"":1.397,""native_daily:climate_pass_b"":0.785,""native_daily:native_daily_complete"":0.734,""native_daily:native_daily_finalizer"":0.761,""native_daily:ocean_land"":1.21,""native_daily:runtime_hydrology"":1.222,""native_daily:sea_ice"":0.727,""native_daily:transpiration"":0.629,""native_daily:weather_stage_b"":1.76,""native_daily:wind_surface"":1.066}","{""economy:building_plan"":0.239,""economy:epoch_begin"":1.98,""economy:household_market"":1.397,""native_daily:climate_pass_b"":0.785,""native_daily:native_daily_complete"":0.734,""native_daily:native_daily_finalizer"":0.761,""native_daily:ocean_land"":1.21,""native_daily:runtime_hydrology"":1.222,""native_daily:sea_ice"":0.727,""native_daily:transpiration"":0.629,""native_daily:weather_stage_b"":1.76,""native_daily:wind_surface"":1.066}","{""economy:household_market.settle.merge_aggregate"":1,""economy:household_market.settle.merge_trade"":1,""economy:household_market.settle.other"":1,""economy:household_market.settle.prepare"":1,""economy:household_market.settle.trace"":1,""economy:household_market.settle.worker"":1}","{""economy:household_market.settle.merge_aggregate"":0.038,""economy:household_market.settle.merge_trade"":0.0072,""economy:household_market.settle.other"":0.000300000000000044,""economy:household_market.settle.prepare"":0.0011,""economy:household_market.settle.trace"":0.0025,""economy:household_market.settle.worker"":0.4196}","{""economy:household_market.settle.merge_aggregate"":0.038,""economy:household_market.settle.merge_trade"":0.0072,""economy:household_market.settle.other"":0.000300000000000044,""economy:household_market.settle.prepare"":0.0011,""economy:household_market.settle.trace"":0.0025,""economy:household_market.settle.worker"":0.4196}","{""economy:household_market.settle.merge_aggregate"":4,""economy:household_market.settle.merge_trade"":4,""economy:household_market.settle.other"":4,""economy:household_market.settle.prepare"":4,""economy:household_market.settle.trace"":4,""economy:household_market.settle.worker"":4}",0,0,3.942,0.067,0,1.195,263,602,4,0,0.359,0,0.389,0.01,0.209,0.201,0,0,100,0,15.55675,38.553,0.023,10.35275,706,284220,449,267,267,0,98444,9,6717,2,0,0,2,4800,0,78.331,0,SHADOW,SHADOW,,4095,2050,2045,missing_native_domain_handlers,false,16,false,0,0,false,0,0,0,0,0,climate_trace_reference_pending,,,,,0,,,0,0,2,0,0,1.923417,0,0,0,0,0,0,270,269,2400,true,0,0,0,0,0,0,0,0,0,0,4088,0,3,0,3,0,0,0,0,0,0,0,climate_trace_reference_pending,0,0,0,0,0,0,0,0,0,0,0,0,0,0,0,0,0,0,0,0,0,0,0,0,0,false,
158,271,42237,false,75,50,13.183,12.484,0.013,0.376,native_daily_sim,climate_pass_a,climate_pass_a_struct,gdext_native_daily_slice,1.829,1,0,0,1,-1,-1,,0.546747,3.044871,4.953,7.016,225,8,3,1.5,false,2,8.666,,,,,,,,,,,,,,,,,,,,,,,,,,,,,,,,,,,,,,,,,,0,0,0,0,false,0,0,,0,0,0,0,0,0,0,,,,,false,{},{},{},{},{},{},{},0,0,0.203,0.044,0,1.992,263,602,4,0,0.894,0,0.42,0.008,0.978,0.259,0,0,100,0,11.66,38.553,0.023,9.421,706,284220,449,267,267,0,98444,9,6717,2,0,0,2,4800,0,78.331,0,SHADOW,SHADOW,,4095,2050,2045,missing_native_domain_handlers,false,16,false,0,0,false,0,0,0,0,0,climate_trace_reference_pending,,,,,0,,,0,0,2,0,0,1.472372,0,0,0,0,0,0,271,270,2400,true,0,0,0,0,0,0,0,0,0,0,4088,0,3,0,3,0,0,0,0,0,0,0,climate_trace_reference_pending,0,0,0,0,0,0,0,0,0,0,0,0,0,0,0,0,0,0,0,0,0,0,0,0,0,false,
159,272,42283,false,75,50,16.67,16.206,0.01,0.267,dynamic_visual_atlas_upload,,,cell_indirection_lut,1.507,2400,2400,0,0,-1,-1,,1592.568048,3.045198,4.953,7.016,226,8,3,1.5,false,2,8.666,,,,,,,,,,,,,,,,,,,,,,,,,,,,,,,,,,,,,,,,,,1,8,8,1,true,1,0.092,building_plan,0,2,8.092,8.092,1.741,0.174,8,building_plan,trade_settle,reserve,ECONOMY_GRAPH,false,"{""economy:building_plan"":2,""native_daily:climate_pass_b"":1,""native_daily:native_daily_complete"":1,""native_daily:native_daily_finalizer"":1,""native_daily:ocean_land"":1,""native_daily:sea_ice"":1,""native_daily:wind_surface"":1}","{""economy:building_plan"":1.915,""native_daily:climate_pass_b"":0.711,""native_daily:native_daily_complete"":0.393,""native_daily:native_daily_finalizer"":0.6,""native_daily:ocean_land"":1.18,""native_daily:sea_ice"":0.609,""native_daily:wind_surface"":0.823}","{""economy:building_plan"":1.741,""native_daily:climate_pass_b"":0.711,""native_daily:native_daily_complete"":0.393,""native_daily:native_daily_finalizer"":0.6,""native_daily:ocean_land"":1.18,""native_daily:sea_ice"":0.609,""native_daily:wind_surface"":0.823}",{},{},{},{},0,0.001,5.738,0.047,0,1.011,263,602,4,0,0.3,0.092,0.379,0.006,0.029,0.164,0,0,100,0,15.278,38.553,0.023,8.482,706,284220,449,269,269,0,99199,9,5403,2,0,0,2,4800,0,78.331,0,SHADOW,SHADOW,,4095,2050,2045,missing_native_domain_handlers,false,16,false,0,0,false,0,0,0,0,0,climate_trace_reference_pending,,,,,0,,,0,0,2,0,0,1.573417,0,0,0,0,0,0,272,271,2400,true,0,0,0,0,0,0,0,0,0,0,4088,0,3,0,3,0,0,0,0,0,0,0,climate_trace_reference_pending,0,0,0,0,0,0,0,0,0,0,0,0,0,0,0,0,0,0,0,0,0,0,0,0,0,false,
160,273,42301,false,75,50,10.075,9.629,0.01,0.257,native_daily_sim,climate_pass_a,climate_pass_a_struct,gdext_native_daily_slice,1.242,1,0,0,1,-1,-1,,0.805153,3.042403,4.953,7.016,227,8,3,1.5,false,2,8.666,,,,,,,,,,,,,,,,,,,,,,,,,,,,,,,,,,,,,,,,,,0,0,0,0,false,0,0,,0,0,0,0,0,0,0,,,,,false,{},{},{},{},{},{},{},0,0.001,0.256,0.047,0,0.116,231,602,0,0,0,0.111,0,0,0,0,0,0,100,0,8.92,38.553,0.023,8.501,706,284220,449,269,269,0,99199,9,5403,2,0,0,2,4800,0,78.331,0,SHADOW,SHADOW,,4095,2050,2045,missing_native_domain_handlers,false,16,false,0,0,false,0,0,0,0,0,climate_trace_reference_pending,,,,,0,,,0,0,2,0,0,1.784792,0,0,0,0,0,0,273,272,2400,true,0,0,0,0,0,0,0,0,0,0,4088,0,3,0,3,0,0,0,0,0,0,0,climate_trace_reference_pending,0,0,0,0,0,0,0,0,0,0,0,0,0,0,0,0,0,0,0,0,0,0,0,0,0,false,
161,274,42353,false,75,50,17.635,17.032,0.012,0.329,trigger_runtime,trigger_evaluate,,TRIGGER_GRAPH,0.942,357,0,0,357,-1,-1,,378.980903,3.035897,4.953,7.016,227,8,3,1.5,false,2,8.666,,,,,,,,,,,,,,,,,,,,,,,,,,,,,,,,,,,,,,,,,,1,9,9,1,true,1,0.073,household_market,0,3,8.073,8.073,1.442,1.44,8,household_market,household_market,settle,ECONOMY_GRAPH,false,"{""economy:building_plan"":2,""economy:household_market"":1,""native_daily:climate_pass_b"":1,""native_daily:native_daily_complete"":1,""native_daily:native_daily_finalizer"":1,""native_daily:ocean_land"":1,""native_daily:sea_ice"":1,""native_daily:wind_surface"":1}","{""economy:building_plan"":1.591,""economy:household_market"":1.44,""native_daily:climate_pass_b"":0.499,""native_daily:native_daily_complete"":0.285,""native_daily:native_daily_finalizer"":0.448,""native_daily:ocean_land"":0.964,""native_daily:sea_ice"":0.507,""native_daily:wind_surface"":0.639}","{""economy:building_plan"":1.442,""economy:household_market"":1.44,""native_daily:climate_pass_b"":0.499,""native_daily:native_daily_complete"":0.285,""native_daily:native_daily_finalizer"":0.448,""native_daily:ocean_land"":0.964,""native_daily:sea_ice"":0.507,""native_daily:wind_surface"":0.639}","{""economy:household_market.settle.merge_aggregate"":1,""economy:household_market.settle.merge_trade"":1,""economy:household_market.settle.other"":1,""economy:household_market.settle.prepare"":1,""economy:household_market.settle.trace"":1,""economy:household_market.settle.worker"":1}","{""economy:household_market.settle.merge_aggregate"":0.0576,""economy:household_market.settle.merge_trade"":0.0088,""economy:household_market.settle.other"":0.000400000000000076,""economy:household_market.settle.prepare"":0.0012,""economy:household_market.settle.trace"":0.0031,""economy:household_market.settle.worker"":0.5233}","{""economy:household_market.settle.merge_aggregate"":0.0576,""economy:household_market.settle.merge_trade"":0.0088,""economy:household_market.settle.other"":0.000400000000000076,""economy:household_market.settle.prepare"":0.0012,""economy:household_market.settle.trace"":0.0031,""economy:household_market.settle.worker"":0.5233}","{""economy:household_market.settle.merge_aggregate"":4,""economy:household_market.settle.merge_trade"":4,""economy:household_market.settle.other"":4,""economy:household_market.settle.prepare"":4,""economy:household_market.settle.trace"":4,""economy:household_market.settle.worker"":4}",0,0.001,0.316,0.047,0,1.736,231,602,2,0,0.946,0,0.515,0.01,0.69,0.23,0,0,100,0,12.89175,38.553,0.023,10.79275,706,282720,449,271,271,0,99954,9,6684,2,0,0,2,4800,0,78.331,0,SHADOW,SHADOW,,4095,2050,2045,missing_native_domain_handlers,false,16,false,0,0,false,0,0,0,0,0,climate_trace_reference_pending,,,,,0,,,0,0,2,0,0,1.016007,0,0,0,0,0,0,274,273,2400,true,0,0,0,0,0,0,0,0,0,0,4088,0,3,0,3,0,0,0,0,0,0,0,climate_trace_reference_pending,0,0,0,0,0,0,0,0,0,0,0,0,0,0,0,0,0,0,0,0,0,0,0,0,0,false,
162,275,42386,false,75,50,13.804,13.154,0.012,0.357,native_daily_sim,climate_pass_a,climate_pass_a_struct,gdext_native_daily_slice,1.633,1,0,0,1,-1,-1,,0.61237,3.038145,4.953,7.016,228,8,3,1.5,false,2,8.666,,,,,,,,,,,,,,,,,,,,,,,,,,,,,,,,,,,,,,,,,,0,0,0,0,false,0,0,,0,0,0,0,0,0,0,,,,,false,{},{},{},{},{},{},{},0,0,0.343,0.048,0,2.171,231,602,4,0,0.654,0.133,0.788,0.011,0.614,0.221,0,0,100,0,16.6885,38.553,0.023,14.1265,706,282757,449,271,271,0,99954,9,6684,2,0,0,2,4800,0,78.331,0,SHADOW,SHADOW,,4095,2050,2045,missing_native_domain_handlers,false,16,false,0,0,false,0,0,0,0,0,climate_trace_reference_pending,,,,,0,,,0,0,2,0,0,1.880347,0,0,0,0,0,0,275,274,2400,true,0,0,0,0,0,0,0,0,0,0,4088,0,3,0,3,0,0,0,0,0,0,0,climate_trace_reference_pending,0,0,0,0,0,0,0,0,0,0,0,0,0,0,0,0,0,0,0,0,0,0,0,0,0,false,
163,276,42424,false,75,50,20.028,19.405,0.011,0.356,dynamic_visual_atlas_upload,,,cell_indirection_lut,1.64,2400,2400,0,0,-1,-1,,1463.414647,3.042489,4.953,7.016,229,8,3,1.5,false,2,8.666,,,,,,,,,,,,,,,,,,,,,,,,,,,,,,,,,,,,,,,,,,1,6,6,1,false,0,0,,0,0,5.117,5.117,1.641,0.391,8,native_daily_complete,native_daily_complete,round_complete,gdext_native_daily_slice,true,"{""native_daily:climate_pass_b"":1,""native_daily:native_daily_complete"":1,""native_daily:native_daily_finalizer"":1,""native_daily:ocean_land"":1,""native_daily:sea_ice"":1,""native_daily:wind_surface"":1}","{""native_daily:climate_pass_b"":0.679,""native_daily:native_daily_complete"":0.391,""native_daily:native_daily_finalizer"":0.652,""native_daily:ocean_land"":1.641,""native_daily:sea_ice"":0.627,""native_daily:wind_surface"":0.99}","{""native_daily:climate_pass_b"":0.679,""native_daily:native_daily_complete"":0.391,""native_daily:native_daily_finalizer"":0.652,""native_daily:ocean_land"":1.641,""native_daily:sea_ice"":0.627,""native_daily:wind_surface"":0.99}",{},{},{},{},0,0.001,5.625,0.07,0,1.987,231,602,4,0,0.512,0,0.677,0.013,0.65,0.204,0,0,100,0,19.183,38.553,0.023,11.501,706,282757,449,272,272,0,100333,9,5657,2,0,0,2,4800,0,78.331,0,SHADOW,SHADOW,,4095,2050,2045,missing_native_domain_handlers,false,16,false,0,0,false,0,0,0,0,0,climate_trace_reference_pending,,,,,0,,,0,0,2,0,0,1.467332,0,0,0,0,0,0,276,275,2400,true,0,0,0,0,0,0,0,0,0,0,4088,0,3,0,3,0,0,0,0,0,0,0,climate_trace_reference_pending,0,0,0,0,0,0,0,0,0,0,0,0,0,0,0,0,0,0,0,0,0,0,0,0,0,false,
164,277,42448,false,75,50,13.396,12.868,0.01,0.32,native_daily_sim,climate_pass_a,climate_pass_a_struct,gdext_native_daily_slice,2.172,1,0,0,1,-1,-1,,0.460405,3.043974,4.953,7.016,230,8,3,1.5,false,2,8.666,,,,,,,,,,,,,,,,,,,,,,,,,,,,,,,,,,,,,,,,,,0,0,0,0,false,0,0,,0,0,0,0,0,0,0,,,,,false,{},{},{},{},{},{},{},0,0,0.245,0.051,0,1.25,231,602,4,0,0.326,0.123,0.548,0.011,0.317,0.142,0,0,100,0,12.069,38.553,0.023,10.523,706,282757,449,272,272,0,100333,9,5657,2,0,0,2,4800,0,78.331,0,SHADOW,SHADOW,,4095,2050,2045,missing_native_domain_handlers,false,16,false,0,0,false,0,0,0,0,0,climate_trace_reference_pending,,,,,0,,,0,0,2,0,0,1.016432,0,0,0,0,0,0,277,276,2400,true,0,0,0,0,0,0,0,0,0,0,4088,0,3,0,3,0,0,0,0,0,0,0,climate_trace_reference_pending,0,0,0,0,0,0,0,0,0,0,0,0,0,0,0,0,0,0,0,0,0,0,0,0,0,false,
165,278,42507,false,75,50,18.981,17.617,0.753,0.345,season_refresh,b_plus_round,stages_done_10,b_plus,1.096,1,0,0,1,-1,-1,,0.912409,3.041384,4.953,7.016,231,8,3,1.5,false,2,8.666,,,,,,,,,,,,,,,,,,,,,,,,,,,,,,,,,,,,,,,,,,2,14,14,1,true,1,0.094,family_commit,0,5,13.602,8.094,1.505,0.234,8,family_commit,family_commit,normalize,ECONOMY_GRAPH,false,"{""economy:building_commit"":1,""economy:building_plan"":2,""economy:family_commit"":1,""economy:household_market"":1,""native_daily:climate_pass_b"":1,""native_daily:native_daily_complete"":1,""native_daily:native_daily_finalizer"":1,""native_daily:ocean_land"":1,""native_daily:runtime_hydrology"":1,""native_daily:sea_ice"":1,""native_daily:transpiration"":1,""native_daily:weather_stage_b"":1,""native_daily:wind_surface"":1}","{""economy:building_commit"":0.308,""economy:building_plan"":1.677,""economy:family_commit"":0.234,""economy:household_market"":1.166,""native_daily:climate_pass_b"":0.665,""native_daily:native_daily_complete"":0.598,""native_daily:native_daily_finalizer"":0.494,""native_daily:ocean_land"":0.986,""native_daily:runtime_hydrology"":0.887,""native_daily:sea_ice"":0.679,""native_daily:transpiration"":0.651,""native_daily:weather_stage_b"":1.505,""native_daily:wind_surface"":0.918}","{""economy:building_commit"":0.308,""economy:building_plan"":1.499,""economy:family_commit"":0.234,""economy:household_market"":1.166,""native_daily:climate_pass_b"":0.665,""native_daily:native_daily_complete"":0.598,""native_daily:native_daily_finalizer"":0.494,""native_daily:ocean_land"":0.986,""native_daily:runtime_hydrology"":0.887,""native_daily:sea_ice"":0.679,""native_daily:transpiration"":0.651,""native_daily:weather_stage_b"":1.505,""native_daily:wind_surface"":0.918}","{""economy:building_commit.review_prepare"":1,""economy:building_commit.special_reset"":1,""economy:household_market.settle.merge_aggregate"":1,""economy:household_market.settle.merge_trade"":1,""economy:household_market.settle.other"":1,""economy:household_market.settle.prepare"":1,""economy:household_market.settle.trace"":1,""economy:household_market.settle.worker"":1}","{""economy:building_commit.review_prepare"":0.0003,""economy:building_commit.special_reset"":0.0002,""economy:household_market.settle.merge_aggregate"":0.0438,""economy:household_market.settle.merge_trade"":0.0072,""economy:household_market.settle.other"":0.00060000000000006,""economy:household_market.settle.prepare"":0.0022,""economy:household_market.settle.trace"":0.0023,""economy:household_market.settle.worker"":0.3998}","{""economy:building_commit.review_prepare"":0.0003,""economy:building_commit.special_reset"":0.0002,""economy:household_market.settle.merge_aggregate"":0.0438,""economy:household_market.settle.merge_trade"":0.0072,""economy:household_market.settle.other"":0.00060000000000006,""economy:household_market.settle.prepare"":0.0022,""economy:household_market.settle.trace"":0.0023,""economy:household_market.settle.worker"":0.3998}","{""economy:building_commit.review_prepare"":1,""economy:building_commit.special_reset"":4,""economy:household_market.settle.merge_aggregate"":4,""economy:household_market.settle.merge_trade"":4,""economy:household_market.settle.other"":4,""economy:household_market.settle.prepare"":4,""economy:household_market.settle.trace"":4,""economy:household_market.settle.worker"":4}",0,0.001,3.615,0.065,0,3.549,231,602,4,0,1.364,0.137,0.688,0.042,1.759,0.472,0,0,100,0,14.63225,38.553,0.023,7.40325,706,282757,449,274,274,0,101084,9,5855,2,0,0,2,4800,0,78.331,0,SHADOW,SHADOW,,4095,2050,2045,missing_native_domain_handlers,false,16,false,0,0,false,0,0,0,0,0,climate_trace_reference_pending,,,,,0,,,0,0,2,0,0,1.670717,0,0,0,0,0,0,278,277,2400,true,0,0,0,0,0,0,0,0,0,0,4088,0,3,0,3,0,0,0,0,0,0,0,climate_trace_reference_pending,0,0,0,0,0,0,0,0,0,0,0,0,0,0,0,0,0,0,0,0,0,0,0,0,0,false,
166,279,42549,false,75,50,24.817,9.889,0.011,0.375,native_daily_sim,climate_pass_a,climate_pass_a_struct,gdext_native_daily_slice,1.335,1,0,0,1,-1,-1,,0.749064,3.039623,4.953,7.016,232,8,3,1.5,false,2,8.666,,,,,,,,,,,,,,,,,,,,,,,,,,,,,,,,,,,,,,,,,,0,0,0,0,false,0,0,,0,0,0,0,0,0,0,,,,,false,{},{},{},{},{},{},{},0,0.001,0.26,0.063,0,0.961,232,677,4,0,0.315,0,0.428,0.016,0.209,0.137,0,0,100,0,14.009,38.553,0.023,12.725,706,282966,449,274,274,0,101084,9,5855,2,0,0,2,4800,0,78.331,0,SHADOW,SHADOW,,4095,2050,2045,missing_native_domain_handlers,false,16,false,0,0,false,0,0,0,0,0,climate_trace_reference_pending,,,,,0,,,0,0,2,0,0,1.446822,0,0,0,0,0,0,279,278,2400,true,0,0,0,0,0,0,0,0,0,0,4088,0,3,0,3,0,0,0,0,0,0,0,climate_trace_reference_pending,0,0,0,0,0,0,0,0,0,0,0,0,0,0,0,0,0,0,0,0,0,0,0,0,0,false,
167,280,42601,false,75,50,20.072,19.428,0.012,0.375,dynamic_visual_atlas_upload,,,cell_indirection_lut,1.438,2400,2400,0,0,-1,-1,,1668.984743,3.042189,4.938,7.016,233,8,3,1.5,false,2,8.666,,,,,,,,,,,,,,,,,,,,,,,,,,,,,,,,,,,,,,,,,,1,9,9,1,true,1,1.188,household_market,0,3,9.188,9.188,1.597,1.31,8,household_market,household_market,settle,ECONOMY_GRAPH,false,"{""economy:building_plan"":2,""economy:household_market"":1,""native_daily:climate_pass_b"":1,""native_daily:native_daily_complete"":1,""native_daily:native_daily_finalizer"":1,""native_daily:ocean_land"":1,""native_daily:sea_ice"":1,""native_daily:wind_surface"":1}","{""economy:building_plan"":1.747,""economy:household_market"":1.31,""native_daily:climate_pass_b"":0.883,""native_daily:native_daily_complete"":0.415,""native_daily:native_daily_finalizer"":0.62,""native_daily:ocean_land"":1.018,""native_daily:sea_ice"":0.564,""native_daily:wind_surface"":0.798}","{""economy:building_plan"":1.597,""economy:household_market"":1.31,""native_daily:climate_pass_b"":0.883,""native_daily:native_daily_complete"":0.415,""native_daily:native_daily_finalizer"":0.62,""native_daily:ocean_land"":1.018,""native_daily:sea_ice"":0.564,""native_daily:wind_surface"":0.798}","{""economy:household_market.settle.merge_aggregate"":1,""economy:household_market.settle.merge_trade"":1,""economy:household_market.settle.other"":1,""economy:household_market.settle.prepare"":1,""economy:household_market.settle.trace"":1,""economy:household_market.settle.worker"":1}","{""economy:household_market.settle.merge_aggregate"":0.0522,""economy:household_market.settle.merge_trade"":0.0084,""economy:household_market.settle.other"":0.000600000000000021,""economy:household_market.settle.prepare"":0.0012,""economy:household_market.settle.trace"":0.0026,""economy:household_market.settle.worker"":0.4035}","{""economy:household_market.settle.merge_aggregate"":0.0522,""economy:household_market.settle.merge_trade"":0.0084,""economy:household_market.settle.other"":0.000600000000000021,""economy:household_market.settle.prepare"":0.0012,""economy:household_market.settle.trace"":0.0026,""economy:household_market.settle.worker"":0.4035}","{""economy:household_market.settle.merge_aggregate"":4,""economy:household_market.settle.merge_trade"":4,""economy:household_market.settle.other"":4,""economy:household_market.settle.prepare"":4,""economy:household_market.settle.trace"":4,""economy:household_market.settle.worker"":4}",0,0.001,4.266,0.047,0,1.859,232,677,3,0,0.751,0,0.596,0.031,0.633,0.341,0,0,100,0,17.316667,38.553,0.023,11.144667,706,281721,449,276,276,0,101840,9,5834,2,0,0,2,4800,0,78.331,0,SHADOW,SHADOW,,4095,2050,2045,missing_native_domain_handlers,false,16,false,0,0,false,0,0,0,0,0,climate_trace_reference_pending,,,,,0,,,0,0,2,0,0,1.295777,0,0,0,0,0,0,280,279,2400,true,0,0,0,0,0,0,0,0,0,0,4088,0,3,0,3,0,0,0,0,0,0,0,climate_trace_reference_pending,0,0,0,0,0,0,0,0,0,0,0,0,0,0,0,0,0,0,0,0,0,0,0,0,0,false,
168,281,42626,false,75,50,13.205,12.654,0.01,0.289,native_daily_sim,climate_pass_a,climate_pass_a_struct,gdext_native_daily_slice,1.534,1,0,0,1,-1,-1,,0.65189,3.042113,4.938,7.016,234,8,3,1.5,false,2,8.666,,,,,,,,,,,,,,,,,,,,,,,,,,,,,,,,,,,,,,,,,,0,0,0,0,false,0,0,,0,0,0,0,0,0,0,,,,,false,{},{},{},{},{},{},{},0,0,0.325,0.066,0,0.618,232,677,1,0,0.551,0,0.183,0.003,0.142,0.106,0,0,100,0,12.4925,38.553,0.023,11.4835,706,282036,449,276,276,0,101840,9,5834,2,0,0,2,4800,0,78.331,0,SHADOW,SHADOW,,4095,2050,2045,missing_native_domain_handlers,false,16,false,0,0,false,0,0,0,0,0,climate_trace_reference_pending,,,,,0,,,0,0,2,0,0,1.904712,0,0,0,0,0,0,281,280,2400,true,0,0,0,0,0,0,0,0,0,0,4088,0,3,0,3,0,0,0,0,0,0,0,climate_trace_reference_pending,0,0,0,0,0,0,0,0,0,0,0,0,0,0,0,0,0,0,0,0,0,0,0,0,0,false,
169,282,42678,false,75,50,17.379,16.889,0.011,0.289,ocean_currents,daily_wind_prepass,daily_wind_slp,gdext_daily_wind_slp,0.993,2400,2400,0,0,-1,-1,,2416.9185,3.039797,4.938,7.016,235,8,3,1.5,false,2,8.666,,,,,,,,,,,,,,,,,,,,,,,,,,,,,,,,,,,,,,,,,,1,9,9,1,true,1,1.076,household_market,0,3,9.076,9.076,1.474,1.393,8,household_market,household_market,settle,ECONOMY_GRAPH,false,"{""economy:building_plan"":2,""economy:household_market"":1,""native_daily:climate_pass_b"":1,""native_daily:native_daily_complete"":1,""native_daily:native_daily_finalizer"":1,""native_daily:ocean_land"":1,""native_daily:sea_ice"":1,""native_daily:wind_surface"":1}","{""economy:building_plan"":1.649,""economy:household_market"":1.393,""native_daily:climate_pass_b"":0.665,""native_daily:native_daily_complete"":0.38,""native_daily:native_daily_finalizer"":0.536,""native_daily:ocean_land"":1.039,""native_daily:sea_ice"":0.721,""native_daily:wind_surface"":0.983}","{""economy:building_plan"":1.474,""economy:household_market"":1.393,""native_daily:climate_pass_b"":0.665,""native_daily:native_daily_complete"":0.38,""native_daily:native_daily_finalizer"":0.536,""native_daily:ocean_land"":1.039,""native_daily:sea_ice"":0.721,""native_daily:wind_surface"":0.983}","{""economy:household_market.settle.merge_aggregate"":1,""economy:household_market.settle.merge_trade"":1,""economy:household_market.settle.other"":1,""economy:household_market.settle.prepare"":1,""economy:household_market.settle.trace"":1,""economy:household_market.settle.worker"":1}","{""economy:household_market.settle.merge_aggregate"":0.0624,""economy:household_market.settle.merge_trade"":0.0099,""economy:household_market.settle.other"":0.000499999999999973,""economy:household_market.settle.prepare"":0.0016,""economy:household_market.settle.trace"":0.0025,""economy:household_market.settle.worker"":0.4056}","{""economy:household_market.settle.merge_aggregate"":0.0624,""economy:household_market.settle.merge_trade"":0.0099,""economy:household_market.settle.other"":0.000499999999999973,""economy:household_market.settle.prepare"":0.0016,""economy:household_market.settle.trace"":0.0025,""economy:household_market.settle.worker"":0.4056}","{""economy:household_market.settle.merge_aggregate"":4,""economy:household_market.settle.merge_trade"":4,""economy:household_market.settle.other"":4,""economy:household_market.settle.prepare"":4,""economy:household_market.settle.trace"":4,""economy:household_market.settle.worker"":4}",0,0,0.352,0.046,0,1.223,232,677,4,0,0.497,0,0.665,0.01,0.141,0.184,0,0,100,0,13.13125,38.553,0.023,11.51025,706,281861,449,278,278,0,102592,9,5921,2,0,0,2,4800,0,78.331,0,SHADOW,SHADOW,,4095,2050,2045,missing_native_domain_handlers,false,16,false,0,0,false,0,0,0,0,0,climate_trace_reference_pending,,,,,0,,,0,0,2,0,0,1.307122,0,0,0,0,0,0,282,281,2400,true,0,0,0,0,0,0,0,0,0,0,4088,0,3,0,3,0,0,0,0,0,0,0,climate_trace_reference_pending,0,0,0,0,0,0,0,0,0,0,0,0,0,0,0,0,0,0,0,0,0,0,0,0,0,false,
170,283,42702,false,75,50,12.786,12.014,0.016,0.392,native_daily_sim,climate_pass_a,climate_pass_a_struct,gdext_native_daily_slice,1.489,1,0,0,1,-1,-1,,0.671592,3.039222,4.938,7.016,236,8,3,1.5,false,2,8.666,,,,,,,,,,,,,,,,,,,,,,,,,,,,,,,,,,,,,,,,,,0,0,0,0,false,0,0,,0,0,0,0,0,0,0,,,,,false,{},{},{},{},{},{},{},0,0.001,0.289,0.052,0,1.155,232,677,4,0,0.299,0,0.538,0.01,0.111,0.192,0,0,100,0,11.9255,38.553,0.023,10.4295,707,281863,449,278,278,0,102592,9,5921,2,0,0,2,4800,0,78.331,0,SHADOW,SHADOW,,4095,2050,2045,missing_native_domain_handlers,false,16,false,0,0,false,0,0,0,0,0,climate_trace_reference_pending,,,,,0,,,0,0,2,0,0,1.732617,0,0,0,0,0,0,283,282,2400,true,0,0,0,0,0,0,0,0,0,0,4088,0,3,0,3,0,0,0,0,0,0,0,climate_trace_reference_pending,0,0,0,0,0,0,0,0,0,0,0,0,0,0,0,0,0,0,0,0,0,0,0,0,0,false,
171,284,42751,false,75,50,20.312,19.658,0.012,0.365,dynamic_visual_atlas_upload,,,cell_indirection_lut,1.734,2400,2400,0,0,-1,-1,,1384.083071,3.041911,4.938,7.016,237,8,3,1.5,false,2,8.666,,,,,,,,,,,,,,,,,,,,,,,,,,,,,,,,,,,,,,,,,,1,7,7,1,true,1,0.072,epoch_begin,0,1,8.072,8.072,1.998,1.998,8,epoch_begin,building_plan,,ECONOMY_GRAPH,false,"{""economy:epoch_begin"":1,""native_daily:climate_pass_b"":1,""native_daily:native_daily_complete"":1,""native_daily:native_daily_finalizer"":1,""native_daily:ocean_land"":1,""native_daily:sea_ice"":1,""native_daily:wind_surface"":1}","{""economy:epoch_begin"":1.998,""native_daily:climate_pass_b"":0.766,""native_daily:native_daily_complete"":0.431,""native_daily:native_daily_finalizer"":0.666,""native_daily:ocean_land"":1.154,""native_daily:sea_ice"":0.588,""native_daily:wind_surface"":0.969}","{""economy:epoch_begin"":1.998,""native_daily:climate_pass_b"":0.766,""native_daily:native_daily_complete"":0.431,""native_daily:native_daily_finalizer"":0.666,""native_daily:ocean_land"":1.154,""native_daily:sea_ice"":0.588,""native_daily:wind_surface"":0.969}",{},{},{},{},0,0,5.751,0.059,0,0.159,218,677,0,0,0,0.152,0,0,0,0,0,0,100,0,16.155667,38.553,0.023,10.186667,707,281863,449,280,280,0,103350,9,6008,2,0,0,2,4800,0,78.331,0,SHADOW,SHADOW,,4095,2050,2045,missing_native_domain_handlers,false,16,false,0,0,false,0,0,0,0,0,climate_trace_reference_pending,,,,,0,,,0,0,2,0,0,1.781282,0,0,0,0,0,0,284,283,2400,true,0,0,0,0,0,0,0,0,0,0,4088,0,3,0,3,0,0,0,0,0,0,0,climate_trace_reference_pending,0,0,0,0,0,0,0,0,0,0,0,0,0,0,0,0,0,0,0,0,0,0,0,0,0,false,
172,285,42779,false,75,50,13.083,12.609,0.009,0.271,native_daily_sim,climate_pass_a,climate_pass_a_struct,gdext_native_daily_slice,2.052,1,0,0,1,-1,-1,,0.487329,3.045199,4.938,7.016,238,8,3,1.5,false,2,8.666,,,,,,,,,,,,,,,,,,,,,,,,,,,,,,,,,,,,,,,,,,0,0,0,0,false,0,0,,0,0,0,0,0,0,0,,,,,false,{},{},{},{},{},{},{},0,0,0.278,0.066,0,2.615,218,677,3,0,1.148,0.136,0.764,0.069,1.065,0.275,0,0,100,0,9.323333,38.553,0.023,6.364333,707,281863,449,280,280,0,103350,9,6008,2,0,0,2,4800,0,78.331,0,SHADOW,SHADOW,,4095,2050,2045,missing_native_domain_handlers,false,16,false,0,0,false,0,0,0,0,0,climate_trace_reference_pending,,,,,0,,,0,0,2,0,0,1.547162,0,0,0,0,0,0,285,284,2400,true,0,0,0,0,0,0,0,0,0,0,4088,0,3,0,3,0,0,0,0,0,0,0,climate_trace_reference_pending,0,0,0,0,0,0,0,0,0,0,0,0,0,0,0,0,0,0,0,0,0,0,0,0,0,false,
173,286,42835,false,75,50,18.134,17.069,0.589,0.281,trigger_runtime,trigger_evaluate,,TRIGGER_GRAPH,0.824,359,0,0,359,-1,-1,,435.679611,3.03972,4.938,7.016,238,8,3,1.5,false,2,8.666,,,,,,,,,,,,,,,,,,,,,,,,,,,,,,,,,,,,,,,,,,2,13,13,1,true,1,0.298,building_commit,0,4,14.499,8.298,1.87,0.298,8,building_commit,building_commit,special_reset,ECONOMY_GRAPH,false,"{""economy:building_commit"":1,""economy:building_plan"":2,""economy:household_market"":1,""native_daily:climate_pass_b"":1,""native_daily:native_daily_complete"":1,""native_daily:native_daily_finalizer"":1,""native_daily:ocean_land"":1,""native_daily:runtime_hydrology"":1,""native_daily:sea_ice"":1,""native_daily:transpiration"":1,""native_daily:weather_stage_b"":1,""native_daily:wind_surface"":1}","{""economy:building_commit"":0.298,""economy:building_plan"":1.636,""economy:household_market"":1.28,""native_daily:climate_pass_b"":0.735,""native_daily:native_daily_complete"":0.762,""native_daily:native_daily_finalizer"":0.702,""native_daily:ocean_land"":1.273,""native_daily:runtime_hydrology"":0.988,""native_daily:sea_ice"":0.687,""native_daily:transpiration"":0.633,""native_daily:weather_stage_b"":1.87,""native_daily:wind_surface"":0.886}","{""economy:building_commit"":0.298,""economy:building_plan"":1.435,""economy:household_market"":1.28,""native_daily:climate_pass_b"":0.735,""native_daily:native_daily_complete"":0.762,""native_daily:native_daily_finalizer"":0.702,""native_daily:ocean_land"":1.273,""native_daily:runtime_hydrology"":0.988,""native_daily:sea_ice"":0.687,""native_daily:transpiration"":0.633,""native_daily:weather_stage_b"":1.87,""native_daily:wind_surface"":0.886}","{""economy:building_commit.review_prepare"":1,""economy:building_commit.special_reset"":1,""economy:household_market.settle.merge_aggregate"":1,""economy:household_market.settle.merge_trade"":1,""economy:household_market.settle.other"":1,""economy:household_market.settle.prepare"":1,""economy:household_market.settle.trace"":1,""economy:household_market.settle.worker"":1}","{""economy:building_commit.review_prepare"":0.0004,""economy:building_commit.special_reset"":0.0002,""economy:household_market.settle.merge_aggregate"":0.0372,""economy:household_market.settle.merge_trade"":0.0067,""economy:household_market.settle.other"":0.000499999999999994,""economy:household_market.settle.prepare"":0.0012,""economy:household_market.settle.trace"":0.002,""economy:household_market.settle.worker"":0.4143}","{""economy:building_commit.review_prepare"":0.0004,""economy:building_commit.special_reset"":0.0002,""economy:household_market.settle.merge_aggregate"":0.0372,""economy:household_market.settle.merge_trade"":0.0067,""economy:household_market.settle.other"":0.000499999999999994,""economy:household_market.settle.prepare"":0.0012,""economy:household_market.settle.trace"":0.002,""economy:household_market.settle.worker"":0.4143}","{""economy:building_commit.review_prepare"":1,""economy:building_commit.special_reset"":4,""economy:household_market.settle.merge_aggregate"":4,""economy:household_market.settle.merge_trade"":4,""economy:household_market.settle.other"":4,""economy:household_market.settle.prepare"":4,""economy:household_market.settle.trace"":4,""economy:household_market.settle.worker"":4}",0,0,3.481,0.046,0,1.414,218,677,4,0,0.415,0,0.739,0.013,0.104,0.171,0,0,100,0,14.04175,38.553,0.023,9.10075,707,281773,449,282,282,0,104105,9,6459,2,0,0,2,4800,0,78.331,0,SHADOW,SHADOW,,4095,2050,2045,missing_native_domain_handlers,false,16,false,0,0,false,0,0,0,0,0,climate_trace_reference_pending,,,,,0,,,0,0,2,0,0,1.100712,0,0,0,0,0,0,286,285,2400,true,0,0,0,0,0,0,0,0,0,0,4088,0,3,0,3,0,0,0,0,0,0,0,climate_trace_reference_pending,0,0,0,0,0,0,0,0,0,0,0,0,0,0,0,0,0,0,0,0,0,0,0,0,0,false,
174,287,42869,false,75,50,22.135,13.072,0.009,0.319,native_daily_sim,climate_pass_a,climate_pass_a_struct,gdext_native_daily_slice,1.804,1,0,0,1,-1,-1,,0.554324,3.041202,4.938,7.016,239,8,3,1.5,false,2,8.666,,,,,,,,,,,,,,,,,,,,,,,,,,,,,,,,,,,,,,,,,,0,0,0,0,false,0,0,,0,0,0,0,0,0,0,,,,,false,{},{},{},{},{},{},{},0,0,0.264,0.047,0,2.613,218,733,3,0,1.555,0.137,0.453,0.012,1.481,0.275,0,0,100,0,17.254,38.553,0.023,14.33,707,281748,449,282,282,0,104105,9,6459,2,0,0,2,4800,0,78.331,0,SHADOW,SHADOW,,4095,2050,2045,missing_native_domain_handlers,false,16,false,0,0,false,0,0,0,0,0,climate_trace_reference_pending,,,,,0,,,0,0,2,0,0,1.628282,0,0,0,0,0,0,287,286,2400,true,0,0,0,0,0,0,0,0,0,0,4088,0,3,0,3,0,0,0,0,0,0,0,climate_trace_reference_pending,0,0,0,0,0,0,0,0,0,0,0,0,0,0,0,0,0,0,0,0,0,0,0,0,0,false,
175,288,42924,false,75,50,21.01,20.501,0.012,0.272,dynamic_visual_atlas_upload,,,cell_indirection_lut,1.792,2400,2400,0,0,-1,-1,,1339.285673,3.04876,4.953,7.016,240,8,3,1.5,false,2,8.666,,,,,,,,,,,,,,,,,,,,,,,,,,,,,,,,,,,,,,,,,,1,9,9,1,true,1,0.637,household_market,0,3,8.637,8.637,1.562,1.273,8,household_market,household_market,settle,ECONOMY_GRAPH,false,"{""economy:building_plan"":2,""economy:household_market"":1,""native_daily:climate_pass_b"":1,""native_daily:native_daily_complete"":1,""native_daily:native_daily_finalizer"":1,""native_daily:ocean_land"":1,""native_daily:sea_ice"":1,""native_daily:wind_surface"":1}","{""economy:building_plan"":1.733,""economy:household_market"":1.273,""native_daily:climate_pass_b"":0.688,""native_daily:native_daily_complete"":0.295,""native_daily:native_daily_finalizer"":0.446,""native_daily:ocean_land"":1.01,""native_daily:sea_ice"":0.601,""native_daily:wind_surface"":0.771}","{""economy:building_plan"":1.562,""economy:household_market"":1.273,""native_daily:climate_pass_b"":0.688,""native_daily:native_daily_complete"":0.295,""native_daily:native_daily_finalizer"":0.446,""native_daily:ocean_land"":1.01,""native_daily:sea_ice"":0.601,""native_daily:wind_surface"":0.771}","{""economy:household_market.settle.merge_aggregate"":1,""economy:household_market.settle.merge_trade"":1,""economy:household_market.settle.other"":1,""economy:household_market.settle.prepare"":1,""economy:household_market.settle.trace"":1,""economy:household_market.settle.worker"":1}","{""economy:household_market.settle.merge_aggregate"":0.048,""economy:household_market.settle.merge_trade"":0.0084,""economy:household_market.settle.other"":0.000600000000000041,""economy:household_market.settle.prepare"":0.0016,""economy:household_market.settle.trace"":0.0021,""economy:household_market.settle.worker"":0.4004}","{""economy:household_market.settle.merge_aggregate"":0.048,""economy:household_market.settle.merge_trade"":0.0084,""economy:household_market.settle.other"":0.000600000000000041,""economy:household_market.settle.prepare"":0.0016,""economy:household_market.settle.trace"":0.0021,""economy:household_market.settle.worker"":0.4004}","{""economy:household_market.settle.merge_aggregate"":4,""economy:household_market.settle.merge_trade"":4,""economy:household_market.settle.other"":4,""economy:household_market.settle.prepare"":4,""economy:household_market.settle.trace"":4,""economy:household_market.settle.worker"":4}",0,0,0.295,0.051,0,0.559,218,733,1,0,0.506,0,0.104,0.003,0.214,0.061,0,0,100,0,13.58175,38.553,0.023,12.67675,707,281358,449,284,284,0,104859,9,6053,2,0,0,2,4800,0,78.331,0,SHADOW,SHADOW,,4095,2050,2045,missing_native_domain_handlers,false,16,false,0,0,false,0,0,0,0,0,climate_trace_reference_pending,,,,,0,,,0,0,2,0,0,1.397077,0,0,0,0,0,0,288,287,2400,true,0,0,0,0,0,0,0,0,0,0,4088,0,3,0,3,0,0,0,0,0,0,0,climate_trace_reference_pending,0,0,0,0,0,0,0,0,0,0,0,0,0,0,0,0,0,0,0,0,0,0,0,0,0,false,
176,289,42948,false,75,50,11.878,11.408,0.008,0.273,native_daily_sim,climate_pass_a,climate_pass_a_struct,gdext_native_daily_slice,1.396,1,0,0,1,-1,-1,,0.716332,3.048411,4.953,7.016,241,8,3,1.5,false,2,8.666,,,,,,,,,,,,,,,,,,,,,,,,,,,,,,,,,,,,,,,,,,0,0,0,0,false,0,0,,0,0,0,0,0,0,0,,,,,false,{},{},{},{},{},{},{},0.001,0,0.289,0.049,0,2.364,218,733,4,0,0.885,0,0.568,0.014,1.255,0.268,0,0,100,0,11.972,38.553,0.023,9.27,707,281333,449,284,284,0,104859,9,6053,2,0,0,2,4800,0,78.331,0,SHADOW,SHADOW,,4095,2050,2045,missing_native_domain_handlers,false,16,false,0,0,false,0,0,0,0,0,climate_trace_reference_pending,,,,,0,,,0,0,2,0,0,1.033792,0,0,0,0,0,0,289,288,2400,true,0,0,0,0,0,0,0,0,0,0,4088,0,3,0,3,0,0,0,0,0,0,0,climate_trace_reference_pending,0,0,0,0,0,0,0,0,0,0,0,0,0,0,0,0,0,0,0,0,0,0,0,0,0,false,
177,290,42995,false,75,50,17.142,16.578,0.013,0.342,trigger_runtime,trigger_evaluate,,TRIGGER_GRAPH,0.849,357,0,0,357,-1,-1,,420.494711,3.045203,4.953,7.016,242,8,3,1.5,false,2,8.666,,,,,,,,,,,,,,,,,,,,,,,,,,,,,,,,,,,,,,,,,,1,8,8,1,true,1,0.016,building_plan,0,2,8.016,8.016,1.808,0.182,8,building_plan,trade_settle,reserve,ECONOMY_GRAPH,false,"{""economy:building_plan"":2,""native_daily:climate_pass_b"":1,""native_daily:native_daily_complete"":1,""native_daily:native_daily_finalizer"":1,""native_daily:ocean_land"":1,""native_daily:sea_ice"":1,""native_daily:wind_surface"":1}","{""economy:building_plan"":1.99,""native_daily:climate_pass_b"":0.836,""native_daily:native_daily_complete"":0.31,""native_daily:native_daily_finalizer"":0.521,""native_daily:ocean_land"":1.03,""native_daily:sea_ice"":0.643,""native_daily:wind_surface"":0.879}","{""economy:building_plan"":1.808,""native_daily:climate_pass_b"":0.836,""native_daily:native_daily_complete"":0.31,""native_daily:native_daily_finalizer"":0.521,""native_daily:ocean_land"":1.03,""native_daily:sea_ice"":0.643,""native_daily:wind_surface"":0.879}",{},{},{},{},0,0,5.773,0.059,0,1.065,218,733,4,0,0.314,0.098,0.414,0.007,0.203,0.141,0,0,100,0,15.772333,38.553,0.023,8.875333,707,281123,449,286,286,0,105615,9,5650,2,0,0,2,4800,0,78.331,0,SHADOW,SHADOW,,4095,2050,2045,missing_native_domain_handlers,false,16,false,0,0,false,0,0,0,0,0,climate_trace_reference_pending,,,,,0,,,0,0,2,0,0,1.149757,0,0,0,0,0,0,290,289,2400,true,0,0,0,0,0,0,0,0,0,0,4088,0,3,0,3,0,0,0,0,0,0,0,climate_trace_reference_pending,0,0,0,0,0,0,0,0,0,0,0,0,0,0,0,0,0,0,0,0,0,0,0,0,0,false,
178,291,43027,false,72,50,12.141,11.573,0.01,0.311,native_daily_sim,climate_pass_a,climate_pass_a_struct,gdext_native_daily_slice,1.519,1,0,0,1,-1,-1,,0.658328,3.044742,4.953,7.016,243,8,3,1.5,false,2,8.666,,,,,,,,,,,,,,,,,,,,,,,,,,,,,,,,,,,,,,,,,,0,0,0,0,false,0,0,,0,0,0,0,0,0,0,,,,,false,{},{},{},{},{},{},{},0.001,0,0.345,0.064,0,1.817,218,733,4,0,0.618,0,0.668,0.035,0.233,0.395,0,0,100,0,10.503333,31.589,0.024,8.277333,707,281503,449,286,286,0,105615,9,5650,2,0,0,2,4800,0,78.331,0,SHADOW,SHADOW,,4095,2050,2045,missing_native_domain_handlers,false,16,false,0,0,false,0,0,0,0,0,climate_trace_reference_pending,,,,,0,,,0,0,2,0,0,1.985457,0,0,0,0,0,0,291,290,2400,true,0,0,0,0,0,0,0,0,0,0,4088,0,3,0,3,0,0,0,0,0,0,0,climate_trace_reference_pending,0,0,0,0,0,0,0,0,0,0,0,0,0,0,0,0,0,0,0,0,0,0,0,0,0,false,
179,292,43074,false,72,50,20.141,19.589,0.01,0.333,dynamic_visual_atlas_upload,,,cell_indirection_lut,1.55,2400,2400,0,0,-1,-1,,1548.387144,3.047767,4.953,7.016,244,8,3,1.5,false,2,8.666,,,,,,,,,,,,,,,,,,,,,,,,,,,,,,,,,,,,,,,,,,1,9,9,1,true,1,1.174,household_market,0,3,9.174,9.174,1.639,1.342,8,household_market,household_market,settle,ECONOMY_GRAPH,false,"{""economy:building_plan"":2,""economy:household_market"":1,""native_daily:climate_pass_b"":1,""native_daily:native_daily_complete"":1,""native_daily:native_daily_finalizer"":1,""native_daily:ocean_land"":1,""native_daily:sea_ice"":1,""native_daily:wind_surface"":1}","{""economy:building_plan"":1.843,""economy:household_market"":1.342,""native_daily:climate_pass_b"":0.606,""native_daily:native_daily_complete"":0.415,""native_daily:native_daily_finalizer"":0.597,""native_daily:ocean_land"":0.807,""native_daily:sea_ice"":0.692,""native_daily:wind_surface"":0.954}","{""economy:building_plan"":1.639,""economy:household_market"":1.342,""native_daily:climate_pass_b"":0.606,""native_daily:native_daily_complete"":0.415,""native_daily:native_daily_finalizer"":0.597,""native_daily:ocean_land"":0.807,""native_daily:sea_ice"":0.692,""native_daily:wind_surface"":0.954}","{""economy:household_market.settle.merge_aggregate"":1,""economy:household_market.settle.merge_trade"":1,""economy:household_market.settle.other"":1,""economy:household_market.settle.prepare"":1,""economy:household_market.settle.trace"":1,""economy:household_market.settle.worker"":1}","{""economy:household_market.settle.merge_aggregate"":0.0493,""economy:household_market.settle.merge_trade"":0.0092,""economy:household_market.settle.other"":0.000299999999999992,""economy:household_market.settle.prepare"":0.0013,""economy:household_market.settle.trace"":0.0028,""economy:household_market.settle.worker"":0.3744}","{""economy:household_market.settle.merge_aggregate"":0.0493,""economy:household_market.settle.merge_trade"":0.0092,""economy:household_market.settle.other"":0.000299999999999992,""economy:household_market.settle.prepare"":0.0013,""economy:household_market.settle.trace"":0.0028,""economy:household_market.settle.worker"":0.3744}","{""economy:household_market.settle.merge_aggregate"":4,""economy:household_market.settle.merge_trade"":4,""economy:household_market.settle.other"":4,""economy:household_market.settle.prepare"":4,""economy:household_market.settle.trace"":4,""economy:household_market.settle.worker"":4}",0,0,4.101,0.048,0,0.954,218,733,4,0,0.309,0,0.479,0.013,0.07,0.156,0,0,100,0,15.865333,31.589,0.024,10.762333,707,281368,449,288,288,0,106367,9,6015,2,0,0,2,4800,0,78.331,0,SHADOW,SHADOW,,4095,2050,2045,missing_native_domain_handlers,false,16,false,0,0,false,0,0,0,0,0,climate_trace_reference_pending,,,,,0,,,0,0,2,0,0,1.957762,0,0,0,0,0,0,292,291,2400,true,0,0,0,0,0,0,0,0,0,0,4088,0,3,0,3,0,0,0,0,0,0,0,climate_trace_reference_pending,0,0,0,0,0,0,0,0,0,0,0,0,0,0,0,0,0,0,0,0,0,0,0,0,0,false,
180,293,43099,false,72,50,12.655,12.167,0.011,0.257,native_daily_sim,climate_pass_a,climate_pass_a_struct,gdext_native_daily_slice,2.06,1,0,0,1,-1,-1,,0.485437,3.049314,4.953,7.016,245,8,3,1.5,false,2,8.666,,,,,,,,,,,,,,,,,,,,,,,,,,,,,,,,,,,,,,,,,,0,0,0,0,false,0,0,,0,0,0,0,0,0,0,,,,,false,{},{},{},{},{},{},{},0,0,0.249,0.046,0,3.122,218,733,4,0,1.061,0,0.669,0.046,1.66,0.386,0,0,100,0,12.329,31.589,0.024,8.912,707,281522,449,288,288,0,106367,9,6015,2,0,0,2,4800,0,78.331,0,SHADOW,SHADOW,,4095,2050,2045,missing_native_domain_handlers,false,16,false,0,0,false,0,0,0,0,0,climate_trace_reference_pending,,,,,0,,,0,0,2,0,0,1.565362,0,0,0,0,0,0,293,292,2400,true,0,0,0,0,0,0,0,0,0,0,4088,0,3,0,3,0,0,0,0,0,0,0,climate_trace_reference_pending,0,0,0,0,0,0,0,0,0,0,0,0,0,0,0,0,0,0,0,0,0,0,0,0,0,false,
181,294,43160,false,72,50,22.771,17.512,0.592,4.457,ocean_currents,daily_wind_prepass,daily_wind_slp,gdext_daily_wind_slp,0.982,2400,2400,0,0,-1,-1,,2443.99187,3.047517,4.953,7.016,246,8,3,1.5,false,2,8.666,,,,,,,,,,,,,,,,,,,,,,,,,,,,,,,,,,,,,,,,,,2,13,13,1,true,1,0.139,building_commit,0,4,13.985,8.139,1.847,0.319,8,building_commit,building_commit,special_reset,ECONOMY_GRAPH,false,"{""economy:building_commit"":1,""economy:building_plan"":2,""economy:household_market"":1,""native_daily:climate_pass_b"":1,""native_daily:native_daily_complete"":1,""native_daily:native_daily_finalizer"":1,""native_daily:ocean_land"":1,""native_daily:runtime_hydrology"":1,""native_daily:sea_ice"":1,""native_daily:transpiration"":1,""native_daily:weather_stage_b"":1,""native_daily:wind_surface"":1}","{""economy:building_commit"":0.319,""economy:building_plan"":1.856,""economy:household_market"":1.23,""native_daily:climate_pass_b"":0.758,""native_daily:native_daily_complete"":0.728,""native_daily:native_daily_finalizer"":0.621,""native_daily:ocean_land"":1.133,""native_daily:runtime_hydrology"":1.031,""native_daily:sea_ice"":0.527,""native_daily:transpiration"":0.579,""native_daily:weather_stage_b"":1.847,""native_daily:wind_surface"":0.897}","{""economy:building_commit"":0.319,""economy:building_plan"":1.663,""economy:household_market"":1.23,""native_daily:climate_pass_b"":0.758,""native_daily:native_daily_complete"":0.728,""native_daily:native_daily_finalizer"":0.621,""native_daily:ocean_land"":1.133,""native_daily:runtime_hydrology"":1.031,""native_daily:sea_ice"":0.527,""native_daily:transpiration"":0.579,""native_daily:weather_stage_b"":1.847,""native_daily:wind_surface"":0.897}","{""economy:building_commit.review_prepare"":1,""economy:building_commit.special_reset"":1,""economy:household_market.settle.merge_aggregate"":1,""economy:household_market.settle.merge_trade"":1,""economy:household_market.settle.other"":1,""economy:household_market.settle.prepare"":1,""economy:household_market.settle.trace"":1,""economy:household_market.settle.worker"":1}","{""economy:building_commit.review_prepare"":0.0002,""economy:building_commit.special_reset"":0.0001,""economy:household_market.settle.merge_aggregate"":0.04,""economy:household_market.settle.merge_trade"":0.0075,""economy:household_market.settle.other"":0.00040000000000005,""economy:household_market.settle.prepare"":0.0015,""economy:household_market.settle.trace"":0.0021,""economy:household_market.settle.worker"":0.4206}","{""economy:building_commit.review_prepare"":0.0002,""economy:building_commit.special_reset"":0.0001,""economy:household_market.settle.merge_aggregate"":0.04,""economy:household_market.settle.merge_trade"":0.0075,""economy:household_market.settle.other"":0.00040000000000005,""economy:household_market.settle.prepare"":0.0015,""economy:household_market.settle.trace"":0.0021,""economy:household_market.settle.worker"":0.4206}","{""economy:building_commit.review_prepare"":1,""economy:building_commit.special_reset"":4,""economy:household_market.settle.merge_aggregate"":4,""economy:household_market.settle.merge_trade"":4,""economy:household_market.settle.other"":4,""economy:household_market.settle.prepare"":4,""economy:household_market.settle.trace"":4,""economy:household_market.settle.worker"":4}",0,0,3.852,0.063,0,1.621,218,733,4,0,0.513,0,0.561,0.014,0.367,0.333,0,0,100,0,15.3595,31.589,0.024,9.8235,707,278702,449,290,290,0,107119,9,5533,2,0,0,2,4800,0,78.331,0,SHADOW,SHADOW,,4095,2050,2045,missing_native_domain_handlers,false,16,false,0,0,false,0,0,0,0,0,climate_trace_reference_pending,,,,,0,,,0,0,2,0,0,1.138537,0,0,0,0,0,0,294,293,2400,true,0,0,0,0,0,0,0,0,0,0,4088,0,3,0,3,0,0,0,0,0,0,0,climate_trace_reference_pending,0,0,0,0,0,0,0,0,0,0,0,0,0,0,0,0,0,0,0,0,0,0,0,0,0,false,
182,295,43188,false,72,50,11.361,10.863,0.01,0.285,native_daily_sim,climate_pass_a,climate_pass_a_struct,gdext_native_daily_slice,1.401,1,0,0,1,-1,-1,,0.713776,3.047966,4.953,7.016,247,8,3,1.5,false,2,8.666,,,,,,,,,,,,,,,,,,,,,,,,,,,,,,,,,,,,,,,,,,0,0,0,0,false,0,0,,0,0,0,0,0,0,0,,,,,false,{},{},{},{},{},{},{},0,0.001,0.279,0.055,0,1.008,218,733,4,0,0.4,0,0.431,0.008,0.058,0.261,0,0,100,0,9.374333,31.589,0.024,8.032333,707,278354,450,290,290,0,107119,9,5533,2,0,0,2,4800,0,78.331,0,SHADOW,SHADOW,,4095,2050,2045,missing_native_domain_handlers,false,16,false,0,0,false,0,0,0,0,0,climate_trace_reference_pending,,,,,0,,,0,0,2,0,0,1.092217,0,0,0,0,0,0,295,294,2400,true,0,0,0,0,0,0,0,0,0,0,4088,0,3,0,3,0,0,0,0,0,0,0,climate_trace_reference_pending,0,0,0,0,0,0,0,0,0,0,0,0,0,0,0,0,0,0,0,0,0,0,0,0,0,false,
183,296,43240,false,72,50,21.603,21.016,0.013,0.344,dynamic_visual_atlas_upload,,,cell_indirection_lut,1.494,2400,2400,0,0,-1,-1,,1606.425748,3.05033,4.953,7.016,248,8,3,1.5,false,2,8.666,,,,,,,,,,,,,,,,,,,,,,,,,,,,,,,,,,,,,,,,,,1,10,10,1,true,1,1.261,household_market,0,4,9.261,9.261,1.491,1.245,8,household_market,household_market,settle,ECONOMY_GRAPH,false,"{""economy:building_plan"":3,""economy:household_market"":1,""native_daily:climate_pass_b"":1,""native_daily:native_daily_complete"":1,""native_daily:native_daily_finalizer"":1,""native_daily:ocean_land"":1,""native_daily:sea_ice"":1,""native_daily:wind_surface"":1}","{""economy:building_plan"":1.772,""economy:household_market"":1.245,""native_daily:climate_pass_b"":0.549,""native_daily:native_daily_complete"":0.385,""native_daily:native_daily_finalizer"":0.441,""native_daily:ocean_land"":1.105,""native_daily:sea_ice"":0.712,""native_daily:wind_surface"":0.854}","{""economy:building_plan"":1.491,""economy:household_market"":1.245,""native_daily:climate_pass_b"":0.549,""native_daily:native_daily_complete"":0.385,""native_daily:native_daily_finalizer"":0.441,""native_daily:ocean_land"":1.105,""native_daily:sea_ice"":0.712,""native_daily:wind_surface"":0.854}","{""economy:household_market.settle.merge_aggregate"":1,""economy:household_market.settle.merge_trade"":1,""economy:household_market.settle.other"":1,""economy:household_market.settle.prepare"":1,""economy:household_market.settle.trace"":1,""economy:household_market.settle.worker"":1}","{""economy:household_market.settle.merge_aggregate"":0.0525,""economy:household_market.settle.merge_trade"":0.0089,""economy:household_market.settle.other"":0.000300000000000003,""economy:household_market.settle.prepare"":0.0013,""economy:household_market.settle.trace"":0.0023,""economy:household_market.settle.worker"":0.4022}","{""economy:household_market.settle.merge_aggregate"":0.0525,""economy:household_market.settle.merge_trade"":0.0089,""economy:household_market.settle.other"":0.000300000000000003,""economy:household_market.settle.prepare"":0.0013,""economy:household_market.settle.trace"":0.0023,""economy:household_market.settle.worker"":0.4022}","{""economy:household_market.settle.merge_aggregate"":4,""economy:household_market.settle.merge_trade"":4,""economy:household_market.settle.other"":4,""economy:household_market.settle.prepare"":4,""economy:household_market.settle.trace"":4,""economy:household_market.settle.worker"":4}",0,0,4.127,0.056,0,1.846,218,733,4,0,0.78,0,0.645,0.053,0.623,0.266,0,0,100,0,17.2,31.589,0.024,11.171,707,278344,450,292,292,0,107875,9,6953,2,0,0,2,4800,0,78.331,0,SHADOW,SHADOW,,4095,2050,2045,missing_native_domain_handlers,false,16,false,0,0,false,0,0,0,0,0,climate_trace_reference_pending,,,,,0,,,0,0,2,0,0,1.165787,0,0,0,0,0,0,296,295,2400,true,0,0,0,0,0,0,0,0,0,0,4088,0,3,0,3,0,0,0,0,0,0,0,climate_trace_reference_pending,0,0,0,0,0,0,0,0,0,0,0,0,0,0,0,0,0,0,0,0,0,0,0,0,0,false,
184,297,43266,false,72,50,13.593,12.962,0.012,0.344,native_daily_sim,climate_pass_a,climate_pass_a_struct,gdext_native_daily_slice,1.797,1,0,0,1,-1,-1,,0.556483,3.052148,4.953,7.016,249,8,3,1.5,false,2,8.666,,,,,,,,,,,,,,,,,,,,,,,,,,,,,,,,,,,,,,,,,,0,0,0,0,false,0,0,,0,0,0,0,0,0,0,,,,,false,{},{},{},{},{},{},{},0,0,0.406,0.066,0,1.703,218,733,4,0,0.568,0,0.636,0.025,0.312,0.324,0,0,100,0,13.181,31.589,0.024,11.006,707,276304,450,292,292,0,107875,9,6953,2,0,0,2,4800,0,78.331,0,SHADOW,SHADOW,,4095,2050,2045,missing_native_domain_handlers,false,16,false,0,0,false,0,0,0,0,0,climate_trace_reference_pending,,,,,0,,,0,0,2,0,0,1.897317,0,0,0,0,0,0,297,296,2400,true,0,0,0,0,0,0,0,0,0,0,4088,0,3,0,3,0,0,0,0,0,0,0,climate_trace_reference_pending,0,0,0,0,0,0,0,0,0,0,0,0,0,0,0,0,0,0,0,0,0,0,0,0,0,false,
185,298,43314,false,72,50,19.493,18.857,0.011,0.364,trigger_runtime,trigger_evaluate,,TRIGGER_GRAPH,0.963,356,0,0,356,-1,-1,,369.678089,3.04912,4.953,7.016,250,8,3,1.5,false,2,8.666,,,,,,,,,,,,,,,,,,,,,,,,,,,,,,,,,,,,,,,,,,1,8,8,1,true,1,0.076,building_plan,0,2,8.076,8.076,1.625,0.22,8,building_plan,trade_settle,reserve,ECONOMY_GRAPH,false,"{""economy:building_plan"":2,""native_daily:climate_pass_b"":1,""native_daily:native_daily_complete"":1,""native_daily:native_daily_finalizer"":1,""native_daily:ocean_land"":1,""native_daily:sea_ice"":1,""native_daily:wind_surface"":1}","{""economy:building_plan"":1.845,""native_daily:climate_pass_b"":0.743,""native_daily:native_daily_complete"":0.413,""native_daily:native_daily_finalizer"":0.567,""native_daily:ocean_land"":1.282,""native_daily:sea_ice"":0.755,""native_daily:wind_surface"":0.973}","{""economy:building_plan"":1.625,""native_daily:climate_pass_b"":0.743,""native_daily:native_daily_complete"":0.413,""native_daily:native_daily_finalizer"":0.567,""native_daily:ocean_land"":1.282,""native_daily:sea_ice"":0.755,""native_daily:wind_surface"":0.973}",{},{},{},{},0,0,5.822,0.05,0,0.131,218,733,0,0,0,0.125,0,0,0,0,0,0,100,0,15.972,31.589,0.024,9.969,707,275614,450,294,294,0,108630,9,6555,2,0,0,2,4800,0,78.331,0,SHADOW,SHADOW,,4095,2050,2045,missing_native_domain_handlers,false,16,false,0,0,false,0,0,0,0,0,climate_trace_reference_pending,,,,,0,,,0,0,2,0,0,1.988417,0,0,0,0,0,0,298,297,2400,true,0,0,0,0,0,0,0,0,0,0,4088,0,3,0,3,0,0,0,0,0,0,0,climate_trace_reference_pending,0,0,0,0,0,0,0,0,0,0,0,0,0,0,0,0,0,0,0,0,0,0,0,0,0,false,
186,299,43337,false,72,50,12.119,11.654,0.007,0.263,native_daily_sim,climate_pass_a,climate_pass_a_struct,gdext_native_daily_slice,1.299,1,0,0,1,-1,-1,,0.769823,3.047204,4.953,7.016,251,8,3,1.5,false,2,8.666,,,,,,,,,,,,,,,,,,,,,,,,,,,,,,,,,,,,,,,,,,0,0,0,0,false,0,0,,0,0,0,0,0,0,0,,,,,false,{},{},{},{},{},{},{},0,0,0.395,0.054,0,0.525,218,733,0,0,0,0.519,0,0,0,0,0,0,100,0,11.237,31.589,0.024,10.263,707,275614,450,294,294,0,108630,9,6555,2,0,0,2,4800,0,78.331,0,SHADOW,SHADOW,,4095,2050,2045,missing_native_domain_handlers,false,16,false,0,0,false,0,0,0,0,0,climate_trace_reference_pending,,,,,0,,,0,0,2,0,0,1.483922,0,0,0,0,0,0,299,298,2400,true,0,0,0,0,0,0,0,0,0,0,4088,0,3,0,3,0,0,0,0,0,0,0,climate_trace_reference_pending,0,0,0,0,0,0,0,0,0,0,0,0,0,0,0,0,0,0,0,0,0,0,0,0,0,false,
187,300,43396,false,72,50,24.392,23.641,0.014,0.397,dynamic_visual_atlas_upload,,,cell_indirection_lut,1.407,2400,2400,0,0,-1,-1,,1705.756996,3.05252,4.938,7.016,252,8,3,1.5,false,2,8.666,,,,,,,,,,,,,,,,,,,,,,,,,,,,,,,,,,,,,,,,,,1,8,8,1,true,1,0.072,building_plan,0,2,8.072,8.072,1.819,0.226,8,building_plan,building_plan,evaluate,ECONOMY_GRAPH,false,"{""economy:building_plan"":1,""economy:epoch_begin"":1,""native_daily:climate_pass_b"":1,""native_daily:native_daily_complete"":1,""native_daily:native_daily_finalizer"":1,""native_daily:ocean_land"":1,""native_daily:sea_ice"":1,""native_daily:wind_surface"":1}","{""economy:building_plan"":0.226,""economy:epoch_begin"":1.819,""native_daily:climate_pass_b"":0.7,""native_daily:native_daily_complete"":0.342,""native_daily:native_daily_finalizer"":0.468,""native_daily:ocean_land"":1.055,""native_daily:sea_ice"":0.625,""native_daily:wind_surface"":0.753}","{""economy:building_plan"":0.226,""economy:epoch_begin"":1.819,""native_daily:climate_pass_b"":0.7,""native_daily:native_daily_complete"":0.342,""native_daily:native_daily_finalizer"":0.468,""native_daily:ocean_land"":1.055,""native_daily:sea_ice"":0.625,""native_daily:wind_surface"":0.753}",{},{},{},{},0,0.001,0.424,0.063,0,1.445,218,733,4,0,0.506,0,0.588,0.013,0.289,0.195,0,0,100,0,14.8435,31.589,0.024,12.9115,707,275614,450,296,296,0,109022,10,8168,3,0,0,2,4800,0,78.331,0,SHADOW,SHADOW,,4095,2050,2045,missing_native_domain_handlers,false,16,false,0,0,false,0,0,0,0,0,climate_trace_reference_pending,,,,,0,,,0,0,2,0,0,1.844937,0,0,0,0,0,0,300,299,2400,true,0,0,0,0,0,0,0,0,0,0,4088,0,3,0,3,0,0,0,0,0,0,0,climate_trace_reference_pending,0,0,0,0,0,0,0,0,0,0,0,0,0,0,0,0,0,0,0,0,0,0,0,0,0,false,
188,301,43424,false,72,50,14.095,13.449,0.011,0.355,native_daily_sim,climate_pass_a,climate_pass_a_struct,gdext_native_daily_slice,2.181,1,0,0,1,-1,-1,,0.458505,3.05749,4.938,7.016,252,8,3,1.5,false,2,8.666,,,,,,,,,,,,,,,,,,,,,,,,,,,,,,,,,,,,,,,,,,0,0,0,0,false,0,0,,0,0,0,0,0,0,0,,,,,false,{},{},{},{},{},{},{},0,0.001,2.966,0.057,0,1.444,218,733,4,0,0.407,0,0.69,0.014,0.155,0.225,0,0,100,0,13.7675,31.589,0.024,9.3005,707,275614,450,297,297,0,109391,10,2573,2,0,0,2,4800,0,78.331,0,SHADOW,SHADOW,,4095,2050,2045,missing_native_domain_handlers,false,16,false,0,0,false,0,0,0,0,0,climate_trace_reference_pending,,,,,0,,,0,0,2,0,0,1.744302,0,0,0,0,0,0,301,300,2400,true,0,0,0,0,0,0,0,0,0,0,4088,0,3,0,3,0,0,0,0,0,0,0,climate_trace_reference_pending,0,0,0,0,0,0,0,0,0,0,0,0,0,0,0,0,0,0,0,0,0,0,0,0,0,false,
189,302,43479,false,72,50,16.987,15.913,0.572,0.271,trigger_runtime,trigger_evaluate,,TRIGGER_GRAPH,0.893,357,0,0,357,-1,-1,,399.776033,3.055676,4.938,7.016,252,8,3,1.5,false,2,8.666,,,,,,,,,,,,,,,,,,,,,,,,,,,,,,,,,,,,,,,,,,2,13,13,1,true,1,0.321,household_market,0,4,14.57,8.321,1.988,1.275,8,household_market,household_market,settle,ECONOMY_GRAPH,false,"{""economy:building_plan"":2,""economy:epoch_begin"":1,""economy:household_market"":1,""native_daily:climate_pass_b"":1,""native_daily:native_daily_complete"":1,""native_daily:native_daily_finalizer"":1,""native_daily:ocean_land"":1,""native_daily:runtime_hydrology"":1,""native_daily:sea_ice"":1,""native_daily:transpiration"":1,""native_daily:weather_stage_b"":1,""native_daily:wind_surface"":1}","{""economy:building_plan"":0.367,""economy:epoch_begin"":1.704,""economy:household_market"":1.275,""native_daily:climate_pass_b"":0.743,""native_daily:native_daily_complete"":0.717,""native_daily:native_daily_finalizer"":0.593,""native_daily:ocean_land"":1.211,""native_daily:runtime_hydrology"":1.145,""native_daily:sea_ice"":0.752,""native_daily:transpiration"":0.568,""native_daily:weather_stage_b"":1.988,""native_daily:wind_surface"":0.868}","{""economy:building_plan"":0.189,""economy:epoch_begin"":1.704,""economy:household_market"":1.275,""native_daily:climate_pass_b"":0.743,""native_daily:native_daily_complete"":0.717,""native_daily:native_daily_finalizer"":0.593,""native_daily:ocean_land"":1.211,""native_daily:runtime_hydrology"":1.145,""native_daily:sea_ice"":0.752,""native_daily:transpiration"":0.568,""native_daily:weather_stage_b"":1.988,""native_daily:wind_surface"":0.868}","{""economy:household_market.settle.merge_aggregate"":1,""economy:household_market.settle.merge_trade"":1,""economy:household_market.settle.other"":1,""economy:household_market.settle.prepare"":1,""economy:household_market.settle.trace"":1,""economy:household_market.settle.worker"":1}","{""economy:household_market.settle.merge_aggregate"":0.0459,""economy:household_market.settle.merge_trade"":0.0071,""economy:household_market.settle.other"":0.000199999999999997,""economy:household_market.settle.prepare"":0.0012,""economy:household_market.settle.trace"":0.0028,""economy:household_market.settle.worker"":0.4121}","{""economy:household_market.settle.merge_aggregate"":0.0459,""economy:household_market.settle.merge_trade"":0.0071,""economy:household_market.settle.other"":0.000199999999999997,""economy:household_market.settle.prepare"":0.0012,""economy:household_market.settle.trace"":0.0028,""economy:household_market.settle.worker"":0.4121}","{""economy:household_market.settle.merge_aggregate"":4,""economy:household_market.settle.merge_trade"":4,""economy:household_market.settle.other"":4,""economy:household_market.settle.prepare"":4,""economy:household_market.settle.trace"":4,""economy:household_market.settle.worker"":4}",0,0,4.58,0.047,0,0.794,218,733,4,0,0.301,0,0.358,0.006,0.027,0.139,0,0,100,0,13.86775,31.589,0.024,8.44675,707,275604,450,299,299,0,110144,10,6201,2,0,0,2,4800,0,78.331,0,SHADOW,SHADOW,,4095,2050,2045,missing_native_domain_handlers,false,16,false,0,0,false,0,0,0,0,0,climate_trace_reference_pending,,,,,0,,,0,0,2,0,0,1.389977,0,0,0,0,0,0,302,301,2400,true,0,0,0,0,0,0,0,0,0,0,4088,0,3,0,3,0,0,0,0,0,0,0,climate_trace_reference_pending,0,0,0,0,0,0,0,0,0,0,0,0,0,0,0,0,0,0,0,0,0,0,0,0,0,false,
190,303,43502,false,72,50,12.945,12.275,0.012,0.371,native_daily_sim,climate_pass_a,climate_pass_a_struct,gdext_native_daily_slice,1.509,1,0,0,1,-1,-1,,0.662691,3.05915,4.938,7.016,253,8,3,1.5,false,2,8.666,,,,,,,,,,,,,,,,,,,,,,,,,,,,,,,,,,,,,,,,,,0,0,0,0,false,0,0,,0,0,0,0,0,0,0,,,,,false,{},{},{},{},{},{},{},0,0,0.246,0.046,0,1.619,218,733,4,0,0.52,0,0.505,0.012,0.659,0.192,0,0,100,0,11.207,31.589,0.024,9.296,707,275604,450,299,299,0,110144,10,6201,2,0,0,2,4800,0,78.331,0,SHADOW,SHADOW,,4095,2050,2045,missing_native_domain_handlers,false,16,false,0,0,false,0,0,0,0,0,climate_trace_reference_pending,,,,,0,,,0,0,2,0,0,1.673757,0,0,0,0,0,0,303,302,2400,true,0,0,0,0,0,0,0,0,0,0,4088,0,3,0,3,0,0,0,0,0,0,0,climate_trace_reference_pending,0,0,0,0,0,0,0,0,0,0,0,0,0,0,0,0,0,0,0,0,0,0,0,0,0,false,
191,304,43553,false,72,50,20.56,19.929,0.013,0.315,dynamic_visual_atlas_upload,,,cell_indirection_lut,1.661,2400,2400,0,0,-1,-1,,1444.912692,3.062183,4.938,7.016,253,8,3,1.5,false,2,8.666,,,,,,,,,,,,,,,,,,,,,,,,,,,,,,,,,,,,,,,,,,1,8,8,1,true,1,0.026,building_plan,0,2,8.026,8.026,1.639,0.194,8,building_plan,trade_settle,reserve,ECONOMY_GRAPH,false,"{""economy:building_plan"":2,""native_daily:climate_pass_b"":1,""native_daily:native_daily_complete"":1,""native_daily:native_daily_finalizer"":1,""native_daily:ocean_land"":1,""native_daily:sea_ice"":1,""native_daily:wind_surface"":1}","{""economy:building_plan"":1.833,""native_daily:climate_pass_b"":0.783,""native_daily:native_daily_complete"":0.437,""native_daily:native_daily_finalizer"":0.651,""native_daily:ocean_land"":1.157,""native_daily:sea_ice"":0.748,""native_daily:wind_surface"":0.859}","{""economy:building_plan"":1.639,""native_daily:climate_pass_b"":0.783,""native_daily:native_daily_complete"":0.437,""native_daily:native_daily_finalizer"":0.651,""native_daily:ocean_land"":1.157,""native_daily:sea_ice"":0.748,""native_daily:wind_surface"":0.859}",{},{},{},{},0,0,5.675,0.065,0,1.554,218,733,4,0,0.437,0.121,0.456,0.012,0.502,0.169,0,0,100,0,17.189333,31.589,0.024,9.895333,707,275550,450,301,301,0,110897,10,6604,2,0,0,2,4800,0,78.331,0,SHADOW,SHADOW,,4095,2050,2045,missing_native_domain_handlers,false,16,false,0,0,false,0,0,0,0,0,climate_trace_reference_pending,,,,,0,,,0,0,2,0,0,1.895497,0,0,0,0,0,0,304,303,2400,true,0,0,0,0,0,0,0,0,0,0,4088,0,3,0,3,0,0,0,0,0,0,0,climate_trace_reference_pending,0,0,0,0,0,0,0,0,0,0,0,0,0,0,0,0,0,0,0,0,0,0,0,0,0,false,
192,305,43587,false,72,50,18.075,17.212,0.013,0.41,native_daily_sim,climate_pass_a,climate_pass_a_struct,gdext_native_daily_slice,3.167,1,0,0,1,-1,-1,,0.315756,3.065057,4.953,7.016,253,8,3,1.5,false,2,8.666,,,,,,,,,,,,,,,,,,,,,,,,,,,,,,,,,,,,,,,,,,0,0,0,0,false,0,0,,0,0,0,0,0,0,0,,,,,false,{},{},{},{},{},{},{},0,0.001,0.356,0.06,0,1.596,218,733,4,0,0.411,0,0.627,0.007,0.038,0.28,0,0,100,0,11.228667,31.589,0.024,9.216667,706,275548,450,301,301,0,110897,10,6604,2,0,0,2,4800,0,78.331,0,SHADOW,SHADOW,,4095,2050,2045,missing_native_domain_handlers,false,16,false,0,0,false,0,0,0,0,0,climate_trace_reference_pending,,,,,0,,,0,0,2,0,0,1.770457,0,0,0,0,0,0,305,304,2400,true,0,0,0,0,0,0,0,0,0,0,4088,0,3,0,3,0,0,0,0,0,0,0,climate_trace_reference_pending,0,0,0,0,0,0,0,0,0,0,0,0,0,0,0,0,0,0,0,0,0,0,0,0,0,false,
193,306,43638,false,72,50,18.884,18.307,0.011,0.342,ocean_currents,daily_wind_prepass,daily_wind_slp,gdext_daily_wind_slp,0.937,2400,2400,0,0,-1,-1,,2561.366126,3.058923,4.953,7.016,253,8,3,1.5,false,2,8.666,,,,,,,,,,,,,,,,,,,,,,,,,,,,,,,,,,,,,,,,,,1,8,8,1,true,1,0.253,building_plan,0,2,8.253,8.253,1.756,0.383,8,building_plan,building_plan,evaluate,ECONOMY_GRAPH,false,"{""economy:building_plan"":1,""economy:epoch_begin"":1,""native_daily:climate_pass_b"":1,""native_daily:native_daily_complete"":1,""native_daily:native_daily_finalizer"":1,""native_daily:ocean_land"":1,""native_daily:sea_ice"":1,""native_daily:wind_surface"":1}","{""economy:building_plan"":0.383,""economy:epoch_begin"":1.756,""native_daily:climate_pass_b"":0.699,""native_daily:native_daily_complete"":0.328,""native_daily:native_daily_finalizer"":0.582,""native_daily:ocean_land"":1.49,""native_daily:sea_ice"":0.658,""native_daily:wind_surface"":0.837}","{""economy:building_plan"":0.383,""economy:epoch_begin"":1.756,""native_daily:climate_pass_b"":0.699,""native_daily:native_daily_complete"":0.328,""native_daily:native_daily_finalizer"":0.582,""native_daily:ocean_land"":1.49,""native_daily:sea_ice"":0.658,""native_daily:wind_surface"":0.837}",{},{},{},{},0,0,5.854,0.068,0,1.046,218,733,4,0,0.444,0,0.373,0.008,0.294,0.161,0,0,100,0,17.217333,31.589,0.024,10.249333,706,275548,450,303,303,0,111655,10,7144,2,0,0,2,4800,0,78.331,0,SHADOW,SHADOW,,4095,2050,2045,missing_native_domain_handlers,false,16,false,0,0,false,0,0,0,0,0,climate_trace_reference_pending,,,,,0,,,0,0,2,0,0,1.241057,0,0,0,0,0,0,306,305,2400,true,0,0,0,0,0,0,0,0,0,0,4088,0,3,0,3,0,0,0,0,0,0,0,climate_trace_reference_pending,0,0,0,0,0,0,0,0,0,0,0,0,0,0,0,0,0,0,0,0,0,0,0,0,0,false,
194,307,43665,false,72,50,13.996,13.406,0.01,0.337,native_daily_sim,climate_pass_a,climate_pass_a_struct,gdext_native_daily_slice,2.056,1,0,0,1,-1,-1,,0.486381,3.062337,4.953,7.016,253,8,3,1.5,false,2,8.666,,,,,,,,,,,,,,,,,,,,,,,,,,,,,,,,,,,,,,,,,,0,0,0,0,false,0,0,,0,0,0,0,0,0,0,,,,,false,{},{},{},{},{},{},{},0,0,0.394,0.06,0,1.16,218,733,4,0,0.317,0.1,0.391,0.014,0.176,0.198,0,0,100,0,13.1975,31.589,0.024,11.5835,706,275548,450,303,303,0,111655,10,7144,2,0,0,2,4800,0,78.331,0,SHADOW,SHADOW,,4095,2050,2045,missing_native_domain_handlers,false,16,false,0,0,false,0,0,0,0,0,climate_trace_reference_pending,,,,,0,,,0,0,2,0,0,1.811687,0,0,0,0,0,0,307,306,2400,true,0,0,0,0,0,0,0,0,0,0,4088,0,3,0,3,0,0,0,0,0,0,0,climate_trace_reference_pending,0,0,0,0,0,0,0,0,0,0,0,0,0,0,0,0,0,0,0,0,0,0,0,0,0,false,
195,308,43730,false,72,50,23.998,23.423,0.01,0.342,dynamic_visual_atlas_upload,,,cell_indirection_lut,1.472,2400,2400,0,0,-1,-1,,1630.434779,3.06464,4.953,7.016,253,8,3,1.5,false,2,8.666,,,,,,,,,,,,,,,,,,,,,,,,,,,,,,,,,,,,,,,,,,2,12,12,1,true,1,0.186,building_commit,0,6,13.314,8.186,1.803,0.352,8,building_commit,building_commit,finalize,ECONOMY_GRAPH,false,"{""economy:building_commit"":1,""economy:building_plan"":2,""economy:building_production"":1,""economy:epoch_begin"":1,""economy:structural_commit"":1,""native_daily:climate_pass_b"":1,""native_daily:native_daily_complete"":1,""native_daily:native_daily_finalizer"":1,""native_daily:ocean_land"":1,""native_daily:sea_ice"":1,""native_daily:wind_surface"":1}","{""economy:building_commit"":0.352,""economy:building_plan"":0.428,""economy:building_production"":0.905,""economy:epoch_begin"":1.803,""economy:structural_commit"":0.699,""native_daily:climate_pass_b"":0.968,""native_daily:native_daily_complete"":0.321,""native_daily:native_daily_finalizer"":1.643,""native_daily:ocean_land"":0.94,""native_daily:sea_ice"":0.727,""native_daily:wind_surface"":0.764}","{""economy:building_commit"":0.352,""economy:building_plan"":0.248,""economy:building_production"":0.905,""economy:epoch_begin"":1.803,""economy:structural_commit"":0.699,""native_daily:climate_pass_b"":0.968,""native_daily:native_daily_complete"":0.321,""native_daily:native_daily_finalizer"":1.643,""native_daily:ocean_land"":0.94,""native_daily:sea_ice"":0.727,""native_daily:wind_surface"":0.764}","{""economy:building_commit.construction_commit"":1,""economy:building_commit.finalize"":1,""economy:building_commit.investment"":1,""economy:building_commit.investment_prepare"":1,""economy:building_commit.recovery_review"":1,""economy:building_commit.review_prepare"":1,""economy:building_commit.special_reset"":1}","{""economy:building_commit.construction_commit"":0.0013,""economy:building_commit.finalize"":0.0009,""economy:building_commit.investment"":0.089,""economy:building_commit.investment_prepare"":0.0181,""economy:building_commit.recovery_review"":0.0004,""economy:building_commit.review_prepare"":0.0004,""economy:building_commit.special_reset"":0.0001}","{""economy:building_commit.construction_commit"":0.0013,""economy:building_commit.finalize"":0.0009,""economy:building_commit.investment"":0.089,""economy:building_commit.investment_prepare"":0.0181,""economy:building_commit.recovery_review"":0.0004,""economy:building_commit.review_prepare"":0.0004,""economy:building_commit.special_reset"":0.0001}","{""economy:building_commit.construction_commit"":1,""economy:building_commit.finalize"":1,""economy:building_commit.investment"":1,""economy:building_commit.investment_prepare"":1,""economy:building_commit.recovery_review"":17,""economy:building_commit.review_prepare"":1,""economy:building_commit.special_reset"":4}",0,0,0.242,0.044,0,1.019,218,733,4,0,0.33,0,0.406,0.008,0.081,0.239,0,0,100,0,13.0228,31.589,0.024,11.7178,706,275268,450,305,305,0,112408,10,6557,2,0,0,2,4800,0,78.331,0,SHADOW,SHADOW,,4095,2050,2045,missing_native_domain_handlers,false,16,false,0,0,false,0,0,0,0,0,climate_trace_reference_pending,,,,,0,,,0,0,2,0,0,1.663342,0,0,0,0,0,0,308,307,2400,true,0,0,0,0,0,0,0,0,0,0,4088,0,3,0,3,0,0,0,0,0,0,0,climate_trace_reference_pending,0,0,0,0,0,0,0,0,0,0,0,0,0,0,0,0,0,0,0,0,0,0,0,0,0,false,
196,309,43759,false,72,50,18.12,17.461,0.012,0.373,native_daily_sim,climate_pass_a,climate_pass_a_struct,gdext_native_daily_slice,3.972,1,0,0,1,-1,-1,,0.251762,3.076277,4.959,7.016,253,8,3,1.5,false,2,8.666,,,,,,,,,,,,,,,,,,,,,,,,,,,,,,,,,,,,,,,,,,0,0,0,0,false,0,0,,0,0,0,0,0,0,0,,,,,false,{},{},{},{},{},{},{},0,0.001,0.401,0.066,0,0.915,218,733,4,0,0.334,0,0.399,0.009,0.051,0.177,0,0,100,0,14.5775,31.589,0.024,13.1955,706,275268,450,305,305,0,112408,10,6557,2,0,0,2,4800,0,78.331,0,SHADOW,SHADOW,,4095,2050,2045,missing_native_domain_handlers,false,16,false,0,0,false,0,0,0,0,0,climate_trace_reference_pending,,,,,0,,,0,0,2,0,0,1.425192,0,0,0,0,0,0,309,308,2400,true,0,0,0,0,0,0,0,0,0,0,4088,0,3,0,3,0,0,0,0,0,0,0,climate_trace_reference_pending,0,0,0,0,0,0,0,0,0,0,0,0,0,0,0,0,0,0,0,0,0,0,0,0,0,false,
197,310,43807,false,72,50,20.401,18.901,0.829,0.362,natural_resource_daily,natural_resource_daily,,gdext,0.942,2400,0,0,2400,-1,-1,,2547.770777,3.07797,4.959,7.016,253,8,3,1.5,false,2,8.666,,,,,,,,,,,,,,,,,,,,,,,,,,,,,,,,,,,,,,,,,,2,9,9,1,false,0,0,,0,0,11.449,6.268,2.31,1.326,8,native_daily_complete,native_daily_complete,round_complete,gdext_native_daily_slice,true,"{""native_daily:climate_pass_b"":1,""native_daily:native_daily_complete"":1,""native_daily:native_daily_finalizer"":1,""native_daily:ocean_land"":1,""native_daily:runtime_hydrology"":1,""native_daily:sea_ice"":1,""native_daily:transpiration"":1,""native_daily:weather_stage_b"":1,""native_daily:wind_surface"":1}","{""native_daily:climate_pass_b"":0.897,""native_daily:native_daily_complete"":1.326,""native_daily:native_daily_finalizer"":0.667,""native_daily:ocean_land"":2.31,""native_daily:runtime_hydrology"":1.985,""native_daily:sea_ice"":0.73,""native_daily:transpiration"":0.645,""native_daily:weather_stage_b"":1.546,""native_daily:wind_surface"":1.139}","{""native_daily:climate_pass_b"":0.897,""native_daily:native_daily_complete"":1.326,""native_daily:native_daily_finalizer"":0.667,""native_daily:ocean_land"":2.31,""native_daily:runtime_hydrology"":1.985,""native_daily:sea_ice"":0.73,""native_daily:transpiration"":0.645,""native_daily:weather_stage_b"":1.546,""native_daily:wind_surface"":1.139}",{},{},{},{},0,0,6.79,0.047,0,1.11,218,733,4,0,0.382,0,0.444,0.011,0.05,0.207,0,0,100,0,16.109667,31.589,0.024,8.162667,706,275268,450,306,306,0,112787,10,5986,2,0,0,2,4800,0,78.331,0,SHADOW,SHADOW,,4095,2050,2045,missing_native_domain_handlers,false,16,false,0,0,false,0,0,0,0,0,climate_trace_reference_pending,,,,,0,,,0,0,2,0,0,1.698832,0,0,0,0,0,0,310,309,2400,true,0,0,0,0,0,0,0,0,0,0,4088,0,3,0,3,0,0,0,0,0,0,0,climate_trace_reference_pending,0,0,0,0,0,0,0,0,0,0,0,0,0,0,0,0,0,0,0,0,0,0,0,0,0,false,
198,311,43840,false,72,50,17.402,16.764,0.011,0.359,native_daily_sim,climate_pass_a,climate_pass_a_struct,gdext_native_daily_slice,2.703,1,0,0,1,-1,-1,,0.369959,3.085003,4.959,7.016,253,8,3,1.5,false,2,8.666,,,,,,,,,,,,,,,,,,,,,,,,,,,,,,,,,,,,,,,,,,0,0,0,0,false,0,0,,0,0,0,0,0,0,0,,,,,false,{},{},{},{},{},{},{},0,0,0.35,0.055,0,0.956,213,733,3,0,0.33,0,0.32,0.011,0.104,0.177,0,0,100,0,10.891667,31.589,0.024,9.530667,706,275268,450,306,306,0,112787,10,5986,2,0,0,2,4800,0,78.331,0,SHADOW,SHADOW,,4095,2050,2045,missing_native_domain_handlers,false,16,false,0,0,false,0,0,0,0,0,climate_trace_reference_pending,,,,,0,,,0,0,2,0,0,1.564742,0,0,0,0,0,0,311,310,2400,true,0,0,0,0,0,0,0,0,0,0,4088,0,3,0,3,0,0,0,0,0,0,0,climate_trace_reference_pending,0,0,0,0,0,0,0,0,0,0,0,0,0,0,0,0,0,0,0,0,0,0,0,0,0,false,
199,312,43877,false,72,50,23.062,22.454,0.015,0.326,ocean_currents,phys_slp,next_phys_slp,gdext,1.985,0,0,0,0,-1,-1,,0,3.08203,4.953,7.016,253,8,3,1.5,false,2,8.666,,,,,,,,,,,,,,,,,,,,,,,,,,,,,,,,,,,,,,,,,,1,6,6,1,false,0,0,,0,0,5.359,5.359,1.739,0.36,8,native_daily_complete,native_daily_complete,round_complete,gdext_native_daily_slice,true,"{""native_daily:climate_pass_b"":1,""native_daily:native_daily_complete"":1,""native_daily:native_daily_finalizer"":1,""native_daily:ocean_land"":1,""native_daily:sea_ice"":1,""native_daily:wind_surface"":1}","{""native_daily:climate_pass_b"":1.739,""native_daily:native_daily_complete"":0.36,""native_daily:native_daily_finalizer"":0.604,""native_daily:ocean_land"":1.1,""native_daily:sea_ice"":0.64,""native_daily:wind_surface"":0.791}","{""native_daily:climate_pass_b"":1.739,""native_daily:native_daily_complete"":0.36,""native_daily:native_daily_finalizer"":0.604,""native_daily:ocean_land"":1.1,""native_daily:sea_ice"":0.64,""native_daily:wind_surface"":0.791}",{},{},{},{},0,0,5.787,0.064,0,0.055,213,733,0,0,0,0.049,0,0,0,0,0,0,100,0,18.612,31.589,0.024,12.706,706,275268,450,307,307,0,113165,10,6032,2,0,0,2,4800,0,78.331,0,SHADOW,SHADOW,,4095,2050,2045,missing_native_domain_handlers,false,16,false,0,0,false,0,0,0,0,0,climate_trace_reference_pending,,,,,0,,,0,0,2,0,0,1.097182,0,0,0,0,0,0,312,311,2400,true,0,0,0,0,0,0,0,0,0,0,4088,0,3,0,3,0,0,0,0,0,0,0,climate_trace_reference_pending,0,0,0,0,0,0,0,0,0,0,0,0,0,0,0,0,0,0,0,0,0,0,0,0,0,false,
200,313,43913,false,72,50,19.606,12.948,0.015,6.257,native_daily_sim,climate_pass_a,climate_pass_a_struct,gdext_native_daily_slice,2.173,1,0,0,1,-1,-1,,0.460193,3.083383,4.953,7.016,253,8,3,1.5,false,2,8.666,,,,,,,,,,,,,,,,,,,,,,,,,,,,,,,,,,,,,,,,,,0,0,0,0,false,0,0,,0,0,0,0,0,0,0,,,,,false,{},{},{},{},{},{},{},0,0,0.395,0.067,0,1.226,213,733,4,0,0.401,0,0.651,0.014,0.04,0.182,0,0,100,0,11.899,31.589,0.024,10.211,706,275243,450,307,307,0,113165,10,6032,2,0,0,2,4800,0,78.331,0,SHADOW,SHADOW,,4095,2050,2045,missing_native_domain_handlers,false,16,false,0,0,false,0,0,0,0,0,climate_trace_reference_pending,,,,,0,,,0,0,2,0,0,1.992737,0,0,0,0,0,0,313,312,2400,true,0,0,0,0,0,0,0,0,0,0,4088,0,3,0,3,0,0,0,0,0,0,0,climate_trace_reference_pending,0,0,0,0,0,0,0,0,0,0,0,0,0,0,0,0,0,0,0,0,0,0,0,0,0,false,
201,314,43962,false,72,50,17.812,17.294,0.012,0.274,trigger_runtime,trigger_evaluate,,TRIGGER_GRAPH,1.012,355,0,0,355,-1,-1,,350.790526,3.085313,4.953,7.016,253,8,3,1.5,false,2,8.666,,,,,,,,,,,,,,,,,,,,,,,,,,,,,,,,,,,,,,,,,,1,8,8,1,true,1,0.126,building_plan,0,2,8.126,8.126,1.767,0.161,8,building_plan,building_plan,evaluate,ECONOMY_GRAPH,false,"{""economy:building_plan"":1,""economy:epoch_begin"":1,""native_daily:climate_pass_b"":1,""native_daily:native_daily_complete"":1,""native_daily:native_daily_finalizer"":1,""native_daily:ocean_land"":1,""native_daily:sea_ice"":1,""native_daily:wind_surface"":1}","{""economy:building_plan"":0.161,""economy:epoch_begin"":1.767,""native_daily:climate_pass_b"":0.702,""native_daily:native_daily_complete"":0.377,""native_daily:native_daily_finalizer"":0.688,""native_daily:ocean_land"":1.513,""native_daily:sea_ice"":0.543,""native_daily:wind_surface"":0.702}","{""economy:building_plan"":0.161,""economy:epoch_begin"":1.767,""native_daily:climate_pass_b"":0.702,""native_daily:native_daily_complete"":0.377,""native_daily:native_daily_finalizer"":0.688,""native_daily:ocean_land"":1.513,""native_daily:sea_ice"":0.543,""native_daily:wind_surface"":0.702}",{},{},{},{},0,0,6.084,0.051,0,1.396,213,733,4,0,0.421,0,0.704,0.013,0.106,0.168,0,0,100,0,16.225,31.589,0.024,8.694,707,275245,450,309,309,0,113921,10,6250,2,0,0,2,4800,0,78.331,0,SHADOW,SHADOW,,4095,2050,2045,missing_native_domain_handlers,false,16,false,0,0,false,0,0,0,0,0,climate_trace_reference_pending,,,,,0,,,0,0,2,0,0,1.525562,0,0,0,0,0,0,314,313,2400,true,0,0,0,0,0,0,0,0,0,0,4088,0,3,0,3,0,0,0,0,0,0,0,climate_trace_reference_pending,0,0,0,0,0,0,0,0,0,0,0,0,0,0,0,0,0,0,0,0,0,0,0,0,0,false,
202,315,43989,false,72,50,11.59,11.048,0.011,0.299,native_daily_sim,climate_pass_a,climate_pass_a_struct,gdext_native_daily_slice,1.631,1,0,0,1,-1,-1,,0.613121,3.086179,4.953,7.016,253,8,3,1.5,false,2,8.666,,,,,,,,,,,,,,,,,,,,,,,,,,,,,,,,,,,,,,,,,,0,0,0,0,false,0,0,,0,0,0,0,0,0,0,,,,,false,{},{},{},{},{},{},{},0,0,0.376,0.046,0,1.092,213,733,4,0,0.261,0.105,0.332,0.008,0.215,0.185,0,0,100,0,9.144667,31.589,0.024,7.630667,707,275245,450,309,309,0,113921,10,6250,2,0,0,2,4800,0,78.331,0,SHADOW,SHADOW,,4095,2050,2045,missing_native_domain_handlers,false,16,false,0,0,false,0,0,0,0,0,climate_trace_reference_pending,,,,,0,,,0,0,2,0,0,1.123107,0,0,0,0,0,0,315,314,2400,true,0,0,0,0,0,0,0,0,0,0,4088,0,3,0,3,0,0,0,0,0,0,0,climate_trace_reference_pending,0,0,0,0,0,0,0,0,0,0,0,0,0,0,0,0,0,0,0,0,0,0,0,0,0,false,
203,316,44042,false,72,50,22.181,21.573,0.012,0.324,dynamic_visual_atlas_upload,,,cell_indirection_lut,2.076,2400,2400,0,0,-1,-1,,1156.069378,3.08727,4.953,7.016,253,8,3,1.5,false,2,8.666,,,,,,,,,,,,,,,,,,,,,,,,,,,,,,,,,,,,,,,,,,1,9,9,1,true,1,0.005,building_plan,0,3,8.005,8.005,1.652,0.129,8,building_plan,trade_settle,reserve,ECONOMY_GRAPH,false,"{""economy:building_plan"":2,""economy:epoch_begin"":1,""native_daily:climate_pass_b"":1,""native_daily:native_daily_complete"":1,""native_daily:native_daily_finalizer"":1,""native_daily:ocean_land"":1,""native_daily:sea_ice"":1,""native_daily:wind_surface"":1}","{""economy:building_plan"":0.437,""economy:epoch_begin"":1.652,""native_daily:climate_pass_b"":0.59,""native_daily:native_daily_complete"":0.29,""native_daily:native_daily_finalizer"":0.511,""native_daily:ocean_land"":0.866,""native_daily:sea_ice"":0.549,""native_daily:wind_surface"":0.665}","{""economy:building_plan"":0.308,""economy:epoch_begin"":1.652,""native_daily:climate_pass_b"":0.59,""native_daily:native_daily_complete"":0.29,""native_daily:native_daily_finalizer"":0.511,""native_daily:ocean_land"":0.866,""native_daily:sea_ice"":0.549,""native_daily:wind_surface"":0.665}",{},{},{},{},0,0,5.484,0.049,0,1.598,213,733,4,0,0.615,0,0.484,0.013,0.326,0.284,0,0,100,0,17.512,30.938,0.026,10.381,707,275245,450,311,311,0,114678,10,7136,2,0,0,2,4800,0,78.331,0,SHADOW,SHADOW,,4095,2050,2045,missing_native_domain_handlers,false,16,false,0,0,false,0,0,0,0,0,climate_trace_reference_pending,,,,,0,,,0,0,2,0,0,1.251367,0,0,0,0,0,0,316,315,2400,true,0,0,0,0,0,0,0,0,0,0,4088,0,3,0,3,0,0,0,0,0,0,0,climate_trace_reference_pending,0,0,0,0,0,0,0,0,0,0,0,0,0,0,0,0,0,0,0,0,0,0,0,0,0,false,
204,317,44068,false,72,50,14.267,13.608,0.013,0.366,native_daily_sim,climate_pass_a,climate_pass_a_struct,gdext_native_daily_slice,2.728,1,0,0,1,-1,-1,,0.366569,3.093076,4.953,7.016,253,8,3,1.5,false,2,8.666,,,,,,,,,,,,,,,,,,,,,,,,,,,,,,,,,,,,,,,,,,0,0,0,0,false,0,0,,0,0,0,0,0,0,0,,,,,false,{},{},{},{},{},{},{},0,0,0.352,0.058,0,0.967,213,733,4,0,0.399,0,0.367,0.014,0.06,0.184,0,0,100,0,13.0395,30.938,0.026,11.6625,707,275245,450,311,311,0,114678,10,7136,2,0,0,2,4800,0,78.331,0,SHADOW,SHADOW,,4095,2050,2045,missing_native_domain_handlers,false,16,false,0,0,false,0,0,0,0,0,climate_trace_reference_pending,,,,,0,,,0,0,2,0,0,1.932272,0,0,0,0,0,0,317,316,2400,true,0,0,0,0,0,0,0,0,0,0,4088,0,3,0,3,0,0,0,0,0,0,0,climate_trace_reference_pending,0,0,0,0,0,0,0,0,0,0,0,0,0,0,0,0,0,0,0,0,0,0,0,0,0,false,
205,318,44134,false,72,50,20.3,18.829,0.838,0.33,ocean_currents,daily_wind_prepass,daily_wind_slp,gdext_daily_wind_slp,1.092,2400,2400,0,0,-1,-1,,2197.802182,3.094692,4.953,7.016,254,8,3,1.5,false,2,8.666,,,,,,,,,,,,,,,,,,,,,,,,,,,,,,,,,,,,,,,,,,2,13,13,1,true,1,1.097,household_market,0,4,15.094,9.097,2.069,1.341,8,household_market,household_market,settle,ECONOMY_GRAPH,false,"{""economy:building_plan"":2,""economy:epoch_begin"":1,""economy:household_market"":1,""native_daily:climate_pass_b"":1,""native_daily:native_daily_complete"":1,""native_daily:native_daily_finalizer"":1,""native_daily:ocean_land"":1,""native_daily:runtime_hydrology"":1,""native_daily:sea_ice"":1,""native_daily:transpiration"":1,""native_daily:weather_stage_b"":1,""native_daily:wind_surface"":1}","{""economy:building_plan"":0.412,""economy:epoch_begin"":1.914,""economy:household_market"":1.341,""native_daily:climate_pass_b"":0.616,""native_daily:native_daily_complete"":0.838,""native_daily:native_daily_finalizer"":0.653,""native_daily:ocean_land"":1.049,""native_daily:runtime_hydrology"":1.223,""native_daily:sea_ice"":0.749,""native_daily:transpiration"":0.6,""native_daily:weather_stage_b"":2.069,""native_daily:wind_surface"":0.8}","{""economy:building_plan"":0.236,""economy:epoch_begin"":1.914,""economy:household_market"":1.341,""native_daily:climate_pass_b"":0.616,""native_daily:native_daily_complete"":0.838,""native_daily:native_daily_finalizer"":0.653,""native_daily:ocean_land"":1.049,""native_daily:runtime_hydrology"":1.223,""native_daily:sea_ice"":0.749,""native_daily:transpiration"":0.6,""native_daily:weather_stage_b"":2.069,""native_daily:wind_surface"":0.8}","{""economy:household_market.settle.merge_aggregate"":1,""economy:household_market.settle.merge_trade"":1,""economy:household_market.settle.other"":1,""economy:household_market.settle.prepare"":1,""economy:household_market.settle.trace"":1,""economy:household_market.settle.worker"":1}","{""economy:household_market.settle.merge_aggregate"":0.0611,""economy:household_market.settle.merge_trade"":0.0099,""economy:household_market.settle.other"":0.000900000000000041,""economy:household_market.settle.prepare"":0.0022,""economy:household_market.settle.trace"":0.0018,""economy:household_market.settle.worker"":0.4113}","{""economy:household_market.settle.merge_aggregate"":0.0611,""economy:household_market.settle.merge_trade"":0.0099,""economy:household_market.settle.other"":0.000900000000000041,""economy:household_market.settle.prepare"":0.0022,""economy:household_market.settle.trace"":0.0018,""economy:household_market.settle.worker"":0.4113}","{""economy:household_market.settle.merge_aggregate"":4,""economy:household_market.settle.merge_trade"":4,""economy:household_market.settle.other"":4,""economy:household_market.settle.prepare"":4,""economy:household_market.settle.trace"":4,""economy:household_market.settle.worker"":4}",0,0,0.369,0.06,0,0.078,182,733,0,0,0,0.07,0,0,0,0,0,0,100,0,13.346,30.938,0.026,12.839,707,275245,450,313,313,0,115432,10,7483,2,0,0,2,4800,0,78.331,0,SHADOW,SHADOW,,4095,2050,2045,missing_native_domain_handlers,false,16,false,0,0,false,0,0,0,0,0,climate_trace_reference_pending,,,,,0,,,0,0,2,0,0,1.963462,0,0,0,0,0,0,318,317,2400,true,0,0,0,0,0,0,0,0,0,0,4088,0,3,0,3,0,0,0,0,0,0,0,climate_trace_reference_pending,0,0,0,0,0,0,0,0,0,0,0,0,0,0,0,0,0,0,0,0,0,0,0,0,0,false,
206,319,44159,false,72,50,12.59,11.997,0.012,0.321,native_daily_sim,climate_pass_a,climate_pass_a_struct,gdext_native_daily_slice,1.522,1,0,0,1,-1,-1,,0.65703,3.096106,4.953,7.016,254,8,3,1.5,false,2,8.666,,,,,,,,,,,,,,,,,,,,,,,,,,,,,,,,,,,,,,,,,,0,0,0,0,false,0,0,,0,0,0,0,0,0,0,,,,,false,{},{},{},{},{},{},{},0,0,0.372,0.051,0,2.857,182,733,3,0,1.016,0.155,0.923,0.096,1.071,0.297,0,0,100,0,12.122,30.938,0.026,8.842,707,275245,450,313,313,0,115432,10,7483,2,0,0,2,4800,0,78.331,0,SHADOW,SHADOW,,4095,2050,2045,missing_native_domain_handlers,false,16,false,0,0,false,0,0,0,0,0,climate_trace_reference_pending,,,,,0,,,0,0,2,0,0,1.565787,0,0,0,0,0,0,319,318,2400,true,0,0,0,0,0,0,0,0,0,0,4088,0,3,0,3,0,0,0,0,0,0,0,climate_trace_reference_pending,0,0,0,0,0,0,0,0,0,0,0,0,0,0,0,0,0,0,0,0,0,0,0,0,0,false,
207,320,44212,false,72,50,22.062,21.43,0.013,0.331,dynamic_visual_atlas_upload,,,cell_indirection_lut,1.888,2400,2400,0,0,-1,-1,,1271.186433,3.098706,4.953,7.016,254,8,3,1.5,false,2,8.666,,,,,,,,,,,,,,,,,,,,,,,,,,,,,,,,,,,,,,,,,,1,8,8,1,true,1,0.243,building_plan,0,2,8.243,8.243,2.044,0.255,8,building_plan,building_plan,evaluate,ECONOMY_GRAPH,false,"{""economy:building_plan"":1,""economy:epoch_begin"":1,""native_daily:climate_pass_b"":1,""native_daily:native_daily_complete"":1,""native_daily:native_daily_finalizer"":1,""native_daily:ocean_land"":1,""native_daily:sea_ice"":1,""native_daily:wind_surface"":1}","{""economy:building_plan"":0.255,""economy:epoch_begin"":2.044,""native_daily:climate_pass_b"":0.691,""native_daily:native_daily_complete"":0.312,""native_daily:native_daily_finalizer"":0.521,""native_daily:ocean_land"":1.166,""native_daily:sea_ice"":0.552,""native_daily:wind_surface"":0.989}","{""economy:building_plan"":0.255,""economy:epoch_begin"":2.044,""native_daily:climate_pass_b"":0.691,""native_daily:native_daily_complete"":0.312,""native_daily:native_daily_finalizer"":0.521,""native_daily:ocean_land"":1.166,""native_daily:sea_ice"":0.552,""native_daily:wind_surface"":0.989}",{},{},{},{},0,0,5.441,0.052,0,1.705,182,733,4,0,0.514,0.119,0.833,0.026,0.147,0.266,0,0,100,0,17.622333,30.938,0.026,10.424333,707,276716,450,315,315,0,116189,10,7015,2,0,0,2,4800,0,78.331,0,SHADOW,SHADOW,,4095,2050,2045,missing_native_domain_handlers,false,16,false,0,0,false,0,0,0,0,0,climate_trace_reference_pending,,,,,0,,,0,0,2,0,0,1.734772,0,0,0,0,0,0,320,319,2400,true,0,0,0,0,0,0,0,0,0,0,4088,0,3,0,3,0,0,0,0,0,0,0,climate_trace_reference_pending,0,0,0,0,0,0,0,0,0,0,0,0,0,0,0,0,0,0,0,0,0,0,0,0,0,false,
208,321,44245,false,72,50,15.229,14.653,0.012,0.325,native_daily_sim,climate_pass_a,climate_pass_a_struct,gdext_native_daily_slice,2.558,1,0,0,1,-1,-1,,0.39093,3.100673,4.953,7.016,254,8,3,1.5,false,2,8.666,,,,,,,,,,,,,,,,,,,,,,,,,,,,,,,,,,,,,,,,,,0,0,0,0,false,0,0,,0,0,0,0,0,0,0,,,,,false,{},{},{},{},{},{},{},0.001,0,0.408,0.053,0,1.161,182,733,4,0,0.459,0,0.472,0.006,0.234,0.177,0,0,100,0,11.005,30.938,0.026,9.383,706,276659,449,315,315,0,116189,10,7015,2,0,0,2,4800,0,78.331,0,SHADOW,SHADOW,,4095,2050,2045,missing_native_domain_handlers,false,16,false,0,0,false,0,0,0,0,0,climate_trace_reference_pending,,,,,0,,,0,0,2,0,0,1.842087,0,0,0,0,0,0,321,320,2400,true,0,0,0,0,0,0,0,0,0,0,4088,0,3,0,3,0,0,0,0,0,0,0,climate_trace_reference_pending,0,0,0,0,0,0,0,0,0,0,0,0,0,0,0,0,0,0,0,0,0,0,0,0,0,false,
209,322,44282,false,72,50,21.444,20.78,0.013,0.371,trigger_runtime,trigger_evaluate,,TRIGGER_GRAPH,0.615,0,0,0,0,-1,-1,,0,3.101106,4.953,7.016,254,8,3,1.5,false,2,8.666,,,,,,,,,,,,,,,,,,,,,,,,,,,,,,,,,,,,,,,,,,1,6,6,1,false,0,0,,0,0,5.25,5.25,1.175,0.419,8,native_daily_complete,native_daily_complete,round_complete,gdext_native_daily_slice,true,"{""native_daily:climate_pass_b"":1,""native_daily:native_daily_complete"":1,""native_daily:native_daily_finalizer"":1,""native_daily:ocean_land"":1,""native_daily:sea_ice"":1,""native_daily:wind_surface"":1}","{""native_daily:climate_pass_b"":0.881,""native_daily:native_daily_complete"":0.419,""native_daily:native_daily_finalizer"":0.585,""native_daily:ocean_land"":1.165,""native_daily:sea_ice"":1.175,""native_daily:wind_surface"":0.894}","{""native_daily:climate_pass_b"":0.881,""native_daily:native_daily_complete"":0.419,""native_daily:native_daily_finalizer"":0.585,""native_daily:ocean_land"":1.165,""native_daily:sea_ice"":1.175,""native_daily:wind_surface"":0.894}",{},{},{},{},0,0,5.731,0.063,0,0.953,182,733,4,0,0.317,0,0.399,0.006,0.028,0.182,0,0,100,0,18.916,30.938,0.026,12.169,706,276659,449,316,316,0,116568,10,6969,2,0,0,2,4800,0,78.331,0,SHADOW,SHADOW,,4095,2050,2045,missing_native_domain_handlers,false,16,false,0,0,false,0,0,0,0,0,climate_trace_reference_pending,,,,,0,,,0,0,2,0,0,1.425487,0,0,0,0,0,0,322,321,2400,true,0,0,0,0,0,0,0,0,0,0,4088,0,3,0,3,0,0,0,0,0,0,0,climate_trace_reference_pending,0,0,0,0,0,0,0,0,0,0,0,0,0,0,0,0,0,0,0,0,0,0,0,0,0,false,
210,323,44316,false,72,50,15.596,15.012,0.011,0.29,native_daily_sim,climate_pass_a,climate_pass_a_struct,gdext_native_daily_slice,1.842,1,0,0,1,-1,-1,,0.542888,3.102383,4.953,7.016,254,8,3,1.5,false,2,8.666,,,,,,,,,,,,,,,,,,,,,,,,,,,,,,,,,,,,,,,,,,0,0,0,0,false,0,0,,0,0,0,0,0,0,0,,,,,false,{},{},{},{},{},{},{},0,0,0.365,0.055,0,3.037,182,733,2,0,1.76,0.153,0.703,0.233,1.181,0.403,0,0,100,0,11.185,30.938,0.026,7.728,706,278184,449,316,316,0,116568,10,6969,2,0,0,2,4800,0,78.331,0,SHADOW,SHADOW,,4095,2050,2045,missing_native_domain_handlers,false,16,false,0,0,false,0,0,0,0,0,climate_trace_reference_pending,,,,,0,,,0,0,2,0,0,1.374957,0,0,0,0,0,0,323,322,2400,true,0,0,0,0,0,0,0,0,0,0,4088,0,3,0,3,0,0,0,0,0,0,0,climate_trace_reference_pending,0,0,0,0,0,0,0,0,0,0,0,0,0,0,0,0,0,0,0,0,0,0,0,0,0,false,
211,324,44386,false,72,50,28.937,28.349,0.012,0.317,dynamic_visual_atlas_upload,,,cell_indirection_lut,1.808,2400,2400,0,0,-1,-1,,1327.433651,3.105403,4.953,7.016,254,8,3,1.5,false,2,8.666,,,,,,,,,,,,,,,,,,,,,,,,,,,,,,,,,,,,,,,,,,2,11,11,1,true,1,0.169,building_commit,0,5,13.883,8.169,2.222,0.21,8,building_commit,building_commit,finalize,ECONOMY_GRAPH,false,"{""economy:building_commit"":1,""economy:building_plan"":2,""economy:building_production"":1,""economy:structural_commit"":1,""native_daily:climate_pass_b"":1,""native_daily:native_daily_complete"":1,""native_daily:native_daily_finalizer"":1,""native_daily:ocean_land"":1,""native_daily:sea_ice"":1,""native_daily:wind_surface"":1}","{""economy:building_commit"":0.21,""economy:building_plan"":1.874,""economy:building_production"":1.01,""economy:structural_commit"":0.87,""native_daily:climate_pass_b"":2.222,""native_daily:native_daily_complete"":0.519,""native_daily:native_daily_finalizer"":0.823,""native_daily:ocean_land"":0.971,""native_daily:sea_ice"":0.698,""native_daily:wind_surface"":0.893}","{""economy:building_commit"":0.21,""economy:building_plan"":1.649,""economy:building_production"":1.01,""economy:structural_commit"":0.87,""native_daily:climate_pass_b"":2.222,""native_daily:native_daily_complete"":0.519,""native_daily:native_daily_finalizer"":0.823,""native_daily:ocean_land"":0.971,""native_daily:sea_ice"":0.698,""native_daily:wind_surface"":0.893}","{""economy:building_commit.construction_commit"":1,""economy:building_commit.finalize"":1,""economy:building_commit.investment"":1,""economy:building_commit.investment_prepare"":1,""economy:building_commit.recovery_review"":1,""economy:building_commit.review_prepare"":1,""economy:building_commit.special_reset"":1}","{""economy:building_commit.construction_commit"":0.001,""economy:building_commit.finalize"":0.0008,""economy:building_commit.investment"":0.0002,""economy:building_commit.investment_prepare"":0.0139,""economy:building_commit.recovery_review"":0.0003,""economy:building_commit.review_prepare"":0.0005,""economy:building_commit.special_reset"":0.0002}","{""economy:building_commit.construction_commit"":0.001,""economy:building_commit.finalize"":0.0008,""economy:building_commit.investment"":0.0002,""economy:building_commit.investment_prepare"":0.0139,""economy:building_commit.recovery_review"":0.0003,""economy:building_commit.review_prepare"":0.0005,""economy:building_commit.special_reset"":0.0002}","{""economy:building_commit.construction_commit"":1,""economy:building_commit.finalize"":1,""economy:building_commit.investment_prepare"":1,""economy:building_commit.recovery_review"":17,""economy:building_commit.review_prepare"":1,""economy:building_commit.special_reset"":4}",0,0,4.503,0.062,0,1.127,182,733,2,0,0.53,0,0.276,0.021,0.355,0.214,0,0,100,0,17.45575,30.938,0.026,11.76375,706,281593,449,318,318,0,117320,10,7234,2,0,0,2,4800,0,78.331,0,SHADOW,SHADOW,,4095,2050,2045,missing_native_domain_handlers,false,16,false,0,0,false,0,0,0,0,0,climate_trace_reference_pending,,,,,0,,,0,0,2,0,0,1.218157,0,0,0,0,0,0,324,323,2400,true,0,0,0,0,0,0,0,0,0,0,4088,0,3,0,3,0,0,0,0,0,0,0,climate_trace_reference_pending,0,0,0,0,0,0,0,0,0,0,0,0,0,0,0,0,0,0,0,0,0,0,0,0,0,false,
212,325,44414,false,72,50,17.646,17.049,0.012,0.35,natural_resource_daily,natural_resource_daily,,gdext,2.468,2400,0,0,2400,-1,-1,,972.447351,3.117846,4.959,7.016,254,8,3,1.5,false,2,8.666,,,,,,,,,,,,,,,,,,,,,,,,,,,,,,,,,,,,,,,,,,0,0,0,0,false,0,0,,0,0,0,0,0,0,0,,,,,false,{},{},{},{},{},{},{},0,0,0.425,0.061,0,0.144,178,733,0,0,0,0.138,0,0,0,0,0,0,100,0,14.064,30.938,0.026,13.434,706,281171,449,318,318,0,117320,10,7234,2,0,0,2,4800,0,78.331,0,SHADOW,SHADOW,,4095,2050,2045,missing_native_domain_handlers,false,16,false,0,0,false,0,0,0,0,0,climate_trace_reference_pending,,,,,0,,,0,0,2,0,0,1.156212,0,0,0,0,0,0,325,324,2400,true,0,0,0,0,0,0,0,0,0,0,4088,0,3,0,3,0,0,0,0,0,0,0,climate_trace_reference_pending,0,0,0,0,0,0,0,0,0,0,0,0,0,0,0,0,0,0,0,0,0,0,0,0,0,false,
213,326,44486,false,72,50,23.105,20.34,0.86,0.328,trigger_runtime,trigger_evaluate,,TRIGGER_GRAPH,0.909,360,0,0,360,-1,-1,,396.039613,3.120016,4.959,7.016,254,8,3,1.5,false,2,8.666,,,,,,,,,,,,,,,,,,,,,,,,,,,,,,,,,,,,,,,,,,2,10,10,1,true,1,0.177,epoch_begin,0,1,14.797,8.177,4.181,4.181,8,epoch_begin,building_plan,,ECONOMY_GRAPH,false,"{""economy:epoch_begin"":1,""native_daily:climate_pass_b"":1,""native_daily:native_daily_complete"":1,""native_daily:native_daily_finalizer"":1,""native_daily:ocean_land"":1,""native_daily:runtime_hydrology"":1,""native_daily:sea_ice"":1,""native_daily:transpiration"":1,""native_daily:weather_stage_b"":1,""native_daily:wind_surface"":1}","{""economy:epoch_begin"":4.181,""native_daily:climate_pass_b"":0.645,""native_daily:native_daily_complete"":0.869,""native_daily:native_daily_finalizer"":1.185,""native_daily:ocean_land"":0.858,""native_daily:runtime_hydrology"":0.965,""native_daily:sea_ice"":0.519,""native_daily:transpiration"":0.446,""native_daily:weather_stage_b"":3.362,""native_daily:wind_surface"":0.689}","{""economy:epoch_begin"":4.181,""native_daily:climate_pass_b"":0.645,""native_daily:native_daily_complete"":0.869,""native_daily:native_daily_finalizer"":1.185,""native_daily:ocean_land"":0.858,""native_daily:runtime_hydrology"":0.965,""native_daily:sea_ice"":0.519,""native_daily:transpiration"":0.446,""native_daily:weather_stage_b"":3.362,""native_daily:wind_surface"":0.689}",{},{},{},{},0,0.001,0.373,0.061,0,1.88,194,733,3,0,0.725,0,0.767,0.057,0.456,0.231,0,0,100,0,14.492,30.938,0.026,12.178,706,284393,449,320,320,0,118083,10,6621,2,0,0,2,4800,0,78.331,0,SHADOW,SHADOW,,4095,2050,2045,missing_native_domain_handlers,false,16,false,0,0,false,0,0,0,0,0,climate_trace_reference_pending,,,,,0,,,0,0,2,0,0,1.548587,0,0,0,0,0,0,326,325,2400,true,0,0,0,0,0,0,0,0,0,0,4088,0,3,0,3,0,0,0,0,0,0,0,climate_trace_reference_pending,0,0,0,0,0,0,0,0,0,0,0,0,0,0,0,0,0,0,0,0,0,0,0,0,0,false,
214,327,44525,false,72,50,19.927,15.534,0.01,0.27,native_daily_sim,climate_pass_a,climate_pass_a_struct,gdext_native_daily_slice,1.791,1,0,0,1,-1,-1,,0.558347,3.124656,4.959,7.016,255,8,3,1.5,false,2,8.666,,,,,,,,,,,,,,,,,,,,,,,,,,,,,,,,,,,,,,,,,,0,0,0,0,false,0,0,,0,0,0,0,0,0,0,,,,,false,{},{},{},{},{},{},{},0.001,0,0.283,0.068,0,1.166,194,749,4,0,0.36,0,0.514,0.018,0.148,0.168,0,0,100,0,12.975333,30.938,0.026,11.458333,706,284448,449,320,320,0,118083,10,6621,2,0,0,2,4800,0,78.331,0,SHADOW,SHADOW,,4095,2050,2045,missing_native_domain_handlers,false,16,false,0,0,false,0,0,0,0,0,climate_trace_reference_pending,,,,,0,,,0,0,2,0,0,1.627262,0,0,0,0,0,0,327,326,2400,true,0,0,0,0,0,0,0,0,0,0,4088,0,3,0,3,0,0,0,0,0,0,0,climate_trace_reference_pending,0,0,0,0,0,0,0,0,0,0,0,0,0,0,0,0,0,0,0,0,0,0,0,0,0,false,
215,328,44590,false,72,50,25.273,24.672,0.014,0.329,dynamic_visual_atlas_upload,,,cell_indirection_lut,1.936,2400,2400,0,0,-1,-1,,1239.669428,3.133016,5.034,7.016,255,8,3,1.5,false,2,8.666,,,,,,,,,,,,,,,,,,,,,,,,,,,,,,,,,,,,,,,,,,2,11,11,1,true,1,0.347,building_commit,0,5,13.411,8.347,2.049,0.38,8,building_commit,building_commit,special_reset,ECONOMY_GRAPH,false,"{""economy:building_commit"":1,""economy:building_plan"":2,""economy:epoch_begin"":1,""economy:household_market"":1,""native_daily:climate_pass_b"":1,""native_daily:native_daily_complete"":1,""native_daily:native_daily_finalizer"":1,""native_daily:ocean_land"":1,""native_daily:sea_ice"":1,""native_daily:wind_surface"":1}","{""economy:building_commit"":0.38,""economy:building_plan"":0.394,""economy:epoch_begin"":1.84,""economy:household_market"":1.401,""native_daily:climate_pass_b"":0.751,""native_daily:native_daily_complete"":0.441,""native_daily:native_daily_finalizer"":0.628,""native_daily:ocean_land"":2.049,""native_daily:sea_ice"":0.625,""native_daily:wind_surface"":1.56}","{""economy:building_commit"":0.38,""economy:building_plan"":0.197,""economy:epoch_begin"":1.84,""economy:household_market"":1.401,""native_daily:climate_pass_b"":0.751,""native_daily:native_daily_complete"":0.441,""native_daily:native_daily_finalizer"":0.628,""native_daily:ocean_land"":2.049,""native_daily:sea_ice"":0.625,""native_daily:wind_surface"":1.56}","{""economy:building_commit.review_prepare"":1,""economy:building_commit.special_reset"":1,""economy:household_market.settle.merge_aggregate"":1,""economy:household_market.settle.merge_trade"":1,""economy:household_market.settle.other"":1,""economy:household_market.settle.prepare"":1,""economy:household_market.settle.trace"":1,""economy:household_market.settle.worker"":1}","{""economy:building_commit.review_prepare"":0.0005,""economy:building_commit.special_reset"":0.0001,""economy:household_market.settle.merge_aggregate"":0.0657,""economy:household_market.settle.merge_trade"":0.018,""economy:household_market.settle.other"":0.000500000000000011,""economy:household_market.settle.prepare"":0.0015,""economy:household_market.settle.trace"":0.0023,""economy:household_market.settle.worker"":0.4849}","{""economy:building_commit.review_prepare"":0.0005,""economy:building_commit.special_reset"":0.0001,""economy:household_market.settle.merge_aggregate"":0.0657,""economy:household_market.settle.merge_trade"":0.018,""economy:household_market.settle.other"":0.000500000000000011,""economy:household_market.settle.prepare"":0.0015,""economy:household_market.settle.trace"":0.0023,""economy:household_market.settle.worker"":0.4849}","{""economy:building_commit.review_prepare"":1,""economy:building_commit.special_reset"":4,""economy:household_market.settle.merge_aggregate"":4,""economy:household_market.settle.merge_trade"":4,""economy:household_market.settle.other"":4,""economy:household_market.settle.prepare"":4,""economy:household_market.settle.trace"":4,""economy:household_market.settle.worker"":4}",0,0,4.055,0.064,0,1.358,194,749,4,0,0.366,0,0.55,0.012,0.099,0.221,0,0,100,0,16.1275,30.938,0.026,10.6505,706,284648,449,322,322,0,118837,10,6924,2,0,0,2,4800,0,78.331,0,SHADOW,SHADOW,,4095,2050,2045,missing_native_domain_handlers,false,16,false,0,0,false,0,0,0,0,0,climate_trace_reference_pending,,,,,0,,,0,0,2,0,0,1.624592,0,0,0,0,0,0,328,327,2400,true,0,0,0,0,0,0,0,0,0,0,4088,0,3,0,3,0,0,0,0,0,0,0,climate_trace_reference_pending,0,0,0,0,0,0,0,0,0,0,0,0,0,0,0,0,0,0,0,0,0,0,0,0,0,false,
216,329,44736,false,72,50,125.765,18.286,0.011,7.19,native_daily_sim,climate_pass_a,climate_pass_a_struct,gdext_native_daily_slice,2.351,1,0,0,1,-1,-1,,0.425351,3.13888,5.034,7.016,255,8,3,1.5,false,2,8.666,,,,,,,,,,,,,,,,,,,,,,,,,,,,,,,,,,,,,,,,,,0,0,0,0,false,0,0,,0,0,0,0,0,0,0,,,,,false,{},{},{},{},{},{},{},0,0,0.433,0.047,0,1.337,669,792,3,0,0.533,0,0.642,0.012,0.147,0.192,0,0,100,0,48.644667,30.938,0.026,46.827667,705,286456,448,322,322,0,118837,10,6924,2,0,0,2,4800,0,78.331,0,SHADOW,SHADOW,,4095,2050,2045,missing_native_domain_handlers,false,16,false,0,0,false,0,0,0,0,0,climate_trace_reference_pending,,,,,0,,,0,0,2,0,0,1.938297,0,0,0,0,0,0,329,328,2400,true,0,0,0,0,0,0,0,0,0,0,4088,0,3,0,3,0,0,0,0,0,0,0,climate_trace_reference_pending,0,0,0,0,0,0,0,0,0,0,0,0,0,0,0,0,0,0,0,0,0,0,0,0,0,false,
217,330,44810,false,72,50,22.721,22.143,0.013,0.325,ocean_currents,daily_wind_prepass,daily_wind_slp,gdext_daily_wind_slp,1.094,2400,2400,0,0,-1,-1,,2193.784314,3.139136,5.034,7.016,255,8,3,1.5,false,2,8.666,,,,,,,,,,,,,,,,,,,,,,,,,,,,,,,,,,,,,,,,,,2,10,10,1,true,1,0.044,household_market,0,4,13.061,8.044,1.853,1.383,8,household_market,household_market,settle,ECONOMY_GRAPH,false,"{""economy:building_plan"":2,""economy:epoch_begin"":1,""economy:household_market"":1,""native_daily:climate_pass_b"":1,""native_daily:native_daily_complete"":1,""native_daily:native_daily_finalizer"":1,""native_daily:ocean_land"":1,""native_daily:sea_ice"":1,""native_daily:wind_surface"":1}","{""economy:building_plan"":0.545,""economy:epoch_begin"":1.853,""economy:household_market"":1.383,""native_daily:climate_pass_b"":0.571,""native_daily:native_daily_complete"":0.655,""native_daily:native_daily_finalizer"":0.585,""native_daily:ocean_land"":1.273,""native_daily:sea_ice"":1.467,""native_daily:wind_surface"":1.024}","{""economy:building_plan"":0.367,""economy:epoch_begin"":1.853,""economy:household_market"":1.383,""native_daily:climate_pass_b"":0.571,""native_daily:native_daily_complete"":0.655,""native_daily:native_daily_finalizer"":0.585,""native_daily:ocean_land"":1.273,""native_daily:sea_ice"":1.467,""native_daily:wind_surface"":1.024}","{""economy:household_market.settle.merge_aggregate"":1,""economy:household_market.settle.merge_trade"":1,""economy:household_market.settle.other"":1,""economy:household_market.settle.prepare"":1,""economy:household_market.settle.trace"":1,""economy:household_market.settle.worker"":1}","{""economy:household_market.settle.merge_aggregate"":0.0699,""economy:household_market.settle.merge_trade"":0.0098,""economy:household_market.settle.other"":0.000399999999999995,""economy:household_market.settle.prepare"":0.0015,""economy:household_market.settle.trace"":0.0056,""economy:household_market.settle.worker"":0.354}","{""economy:household_market.settle.merge_aggregate"":0.0699,""economy:household_market.settle.merge_trade"":0.0098,""economy:household_market.settle.other"":0.000399999999999995,""economy:household_market.settle.prepare"":0.0015,""economy:household_market.settle.trace"":0.0056,""economy:household_market.settle.worker"":0.354}","{""economy:household_market.settle.merge_aggregate"":4,""economy:household_market.settle.merge_trade"":4,""economy:household_market.settle.other"":4,""economy:household_market.settle.prepare"":4,""economy:household_market.settle.trace"":4,""economy:household_market.settle.worker"":4}",0,0,0.333,0.055,0,0.328,669,792,1,1,0.281,0,0.095,0.003,0.013,0.069,0,0,100,0,10.644143,30.938,0.026,9.928143,705,286471,448,324,324,0,119592,10,6832,2,0,0,2,4800,0,78.331,0,SHADOW,SHADOW,,4095,2050,2045,missing_native_domain_handlers,false,16,false,0,0,false,0,0,0,0,0,climate_trace_reference_pending,,,,,0,,,0,0,2,0,0,3.735242,0,0,0,0,0,0,330,329,2400,true,0,0,0,0,0,0,0,0,0,0,4088,0,3,0,3,0,0,0,0,0,0,0,climate_trace_reference_pending,0,0,0,0,0,0,0,0,0,0,0,0,0,0,0,0,0,0,0,0,0,0,0,0,0,false,
218,331,44849,false,72,50,17.343,16.797,0.011,0.305,native_daily_sim,climate_pass_a,climate_pass_a_struct,gdext_native_daily_slice,2.312,1,0,0,1,-1,-1,,0.432526,3.146729,5.034,7.016,255,8,3,1.5,false,2,8.666,,,,,,,,,,,,,,,,,,,,,,,,,,,,,,,,,,,,,,,,,,0,0,0,0,false,0,0,,0,0,0,0,0,0,0,,,,,false,{},{},{},{},{},{},{},0,0.001,0.25,0.05,0,1.16,669,792,3,0,0.492,0.058,0.27,0.012,0.283,0.174,0,0,100,0,7.752,30.938,0.026,6.292,705,286399,448,324,324,0,119592,10,6832,2,0,0,2,4800,0,78.331,0,SHADOW,SHADOW,,4095,2050,2045,missing_native_domain_handlers,false,16,false,0,0,false,0,0,0,0,0,climate_trace_reference_pending,,,,,0,,,0,0,2,0,0,1.904252,0,0,0,0,0,0,331,330,2400,true,0,0,0,0,0,0,0,0,0,0,4088,0,3,0,3,0,0,0,0,0,0,0,climate_trace_reference_pending,0,0,0,0,0,0,0,0,0,0,0,0,0,0,0,0,0,0,0,0,0,0,0,0,0,false,
219,332,44924,false,72,50,25.307,24.747,0.011,0.342,dynamic_visual_atlas_upload,,,cell_indirection_lut,1.867,2400,2400,0,0,-1,-1,,1285.484746,3.146066,5.034,7.016,255,8,3,1.5,false,2,8.666,,,,,,,,,,,,,,,,,,,,,,,,,,,,,,,,,,,,,,,,,,2,11,11,1,true,1,0.902,structural_commit,0,5,13.924,8.902,2.611,0.92,8,structural_commit,structural_commit,technology_points,ECONOMY_GRAPH,false,"{""economy:building_plan"":2,""economy:building_production"":1,""economy:epoch_begin"":1,""economy:structural_commit"":1,""native_daily:climate_pass_b"":1,""native_daily:native_daily_complete"":1,""native_daily:native_daily_finalizer"":1,""native_daily:ocean_land"":1,""native_daily:sea_ice"":1,""native_daily:wind_surface"":1}","{""economy:building_plan"":0.444,""economy:building_production"":0.963,""economy:epoch_begin"":2.611,""economy:structural_commit"":0.92,""native_daily:climate_pass_b"":0.766,""native_daily:native_daily_complete"":0.472,""native_daily:native_daily_finalizer"":0.736,""native_daily:ocean_land"":1.135,""native_daily:sea_ice"":1.287,""native_daily:wind_surface"":0.992}","{""economy:building_plan"":0.276,""economy:building_production"":0.963,""economy:epoch_begin"":2.611,""economy:structural_commit"":0.92,""native_daily:climate_pass_b"":0.766,""native_daily:native_daily_complete"":0.472,""native_daily:native_daily_finalizer"":0.736,""native_daily:ocean_land"":1.135,""native_daily:sea_ice"":1.287,""native_daily:wind_surface"":0.992}",{},{},{},{},0,0,0.313,0.074,0,1.569,669,792,4,0,0.631,0,0.528,0.008,0.428,0.201,0,0,100,0,12.571667,30.938,0.026,10.615667,705,286399,448,326,326,0,120345,10,6760,2,0,0,2,4800,0,78.331,0,SHADOW,SHADOW,,4095,2050,2045,missing_native_domain_handlers,false,16,false,0,0,false,0,0,0,0,0,climate_trace_reference_pending,,,,,0,,,0,0,2,0,0,1.304692,0,0,0,0,0,0,332,331,2400,true,0,0,0,0,0,0,0,0,0,0,4088,0,3,0,3,0,0,0,0,0,0,0,climate_trace_reference_pending,0,0,0,0,0,0,0,0,0,0,0,0,0,0,0,0,0,0,0,0,0,0,0,0,0,false,
220,333,44965,false,72,50,13.525,13.036,0.009,0.274,native_daily_sim,climate_pass_a,climate_pass_a_struct,gdext_native_daily_slice,2.576,1,0,0,1,-1,-1,,0.388199,3.148686,5.034,7.016,255,8,3,1.5,false,2,8.666,,,,,,,,,,,,,,,,,,,,,,,,,,,,,,,,,,,,,,,,,,0,0,0,0,false,0,0,,0,0,0,0,0,0,0,,,,,false,{},{},{},{},{},{},{},0,0,0.335,0.062,0,1.944,669,792,4,0,0.563,0,0.587,0.014,0.583,0.325,0,0,100,0,8.1914,30.938,0.026,5.8504,705,286129,448,326,326,0,120345,10,6760,2,0,0,2,4800,0,78.331,0,SHADOW,SHADOW,,4095,2050,2045,missing_native_domain_handlers,false,16,false,0,0,false,0,0,0,0,0,climate_trace_reference_pending,,,,,0,,,0,0,2,0,0,1.855572,0,0,0,0,0,0,333,332,2400,true,0,0,0,0,0,0,0,0,0,0,4088,0,3,0,3,0,0,0,0,0,0,0,climate_trace_reference_pending,0,0,0,0,0,0,0,0,0,0,0,0,0,0,0,0,0,0,0,0,0,0,0,0,0,false,
221,334,45036,false,69,50,23.328,22.219,0.627,0.27,trigger_runtime,trigger_evaluate,,TRIGGER_GRAPH,1.702,357,0,0,357,-1,-1,,209.753229,3.152256,5.034,7.016,256,8,3,1.5,false,2,8.666,,,,,,,,,,,,,,,,,,,,,,,,,,,,,,,,,,,,,,,,,,2,11,11,1,true,1,0.043,building_plan,0,2,14.287,8.043,2.797,0.232,8,building_plan,building_plan,evaluate,ECONOMY_GRAPH,false,"{""economy:building_plan"":1,""economy:epoch_begin"":1,""native_daily:climate_pass_b"":1,""native_daily:native_daily_complete"":1,""native_daily:native_daily_finalizer"":1,""native_daily:ocean_land"":1,""native_daily:runtime_hydrology"":1,""native_daily:sea_ice"":1,""native_daily:transpiration"":1,""native_daily:weather_stage_b"":1,""native_daily:wind_surface"":1}","{""economy:building_plan"":0.232,""economy:epoch_begin"":2.003,""native_daily:climate_pass_b"":0.794,""native_daily:native_daily_complete"":0.802,""native_daily:native_daily_finalizer"":0.632,""native_daily:ocean_land"":1.054,""native_daily:runtime_hydrology"":2.797,""native_daily:sea_ice"":0.725,""native_daily:transpiration"":0.687,""native_daily:weather_stage_b"":1.86,""native_daily:wind_surface"":1.011}","{""economy:building_plan"":0.232,""economy:epoch_begin"":2.003,""native_daily:climate_pass_b"":0.794,""native_daily:native_daily_complete"":0.802,""native_daily:native_daily_finalizer"":0.632,""native_daily:ocean_land"":1.054,""native_daily:runtime_hydrology"":2.797,""native_daily:sea_ice"":0.725,""native_daily:transpiration"":0.687,""native_daily:weather_stage_b"":1.86,""native_daily:wind_surface"":1.011}",{},{},{},{},0,0,0.418,0.054,0,1.004,669,792,4,0,0.309,0,0.386,0.006,0.031,0.189,0,0,100,0,14.0714,134.2,0.04,12.5954,705,286259,448,328,328,0,121099,10,7980,2,0,0,2,4800,0,78.331,0,SHADOW,SHADOW,,4095,2050,2045,missing_native_domain_handlers,false,16,false,0,0,false,0,0,0,0,0,climate_trace_reference_pending,,,,,0,,,0,0,2,0,0,1.035117,0,0,0,0,0,0,334,333,2400,true,0,0,0,0,0,0,0,0,0,0,4088,0,3,0,3,0,0,0,0,0,0,0,climate_trace_reference_pending,0,0,0,0,0,0,0,0,0,0,0,0,0,0,0,0,0,0,0,0,0,0,0,0,0,false,
222,335,45072,false,69,50,15.451,13.787,0.008,0.259,native_daily_sim,climate_pass_a,climate_pass_a_struct,gdext_native_daily_slice,2.015,1,0,0,1,-1,-1,,0.496278,3.153006,5.034,7.016,256,8,3,1.5,false,2,8.666,,,,,,,,,,,,,,,,,,,,,,,,,,,,,,,,,,,,,,,,,,0,0,0,0,false,0,0,,0,0,0,0,0,0,0,,,,,false,{},{},{},{},{},{},{},0,0,0.289,0.061,0,2.239,669,794,4,0,0.707,0,0.605,0.016,1.17,0.23,0,0,100,0,9.0355,134.2,0.04,6.4465,704,286257,448,328,328,0,121099,10,7980,2,0,0,2,4800,0,78.331,0,SHADOW,SHADOW,,4095,2050,2045,missing_native_domain_handlers,false,16,false,0,0,false,0,0,0,0,0,climate_trace_reference_pending,,,,,0,,,0,0,2,0,0,1.148037,0,0,0,0,0,0,335,334,2400,true,0,0,0,0,0,0,0,0,0,0,4088,0,3,0,3,0,0,0,0,0,0,0,climate_trace_reference_pending,0,0,0,0,0,0,0,0,0,0,0,0,0,0,0,0,0,0,0,0,0,0,0,0,0,false,
223,336,45138,false,69,50,23.107,22.524,0.013,0.312,ocean_currents,phys_upwelling,next_phys_upwelling,physical_circulation,1.623,0,0,0,0,-1,-1,,0,3.152697,5.017,7.016,256,8,3,1.5,false,2,8.666,,,,,,,,,,,,,,,,,,,,,,,,,,,,,,,,,,,,,,,,,,2,12,12,1,true,1,0.05,family_commit,0,6,13.163,8.05,2.157,0.177,8,family_commit,family_commit,normalize,ECONOMY_GRAPH,false,"{""economy:building_commit"":1,""economy:building_plan"":2,""economy:epoch_begin"":1,""economy:family_commit"":1,""economy:household_market"":1,""native_daily:climate_pass_b"":1,""native_daily:native_daily_complete"":1,""native_daily:native_daily_finalizer"":1,""native_daily:ocean_land"":1,""native_daily:sea_ice"":1,""native_daily:wind_surface"":1}","{""economy:building_commit"":0.292,""economy:building_plan"":0.41,""economy:epoch_begin"":1.576,""economy:family_commit"":0.177,""economy:household_market"":1.322,""native_daily:climate_pass_b"":0.713,""native_daily:native_daily_complete"":0.558,""native_daily:native_daily_finalizer"":0.621,""native_daily:ocean_land"":0.983,""native_daily:sea_ice"":0.548,""native_daily:wind_surface"":2.157}","{""economy:building_commit"":0.292,""economy:building_plan"":0.263,""economy:epoch_begin"":1.576,""economy:family_commit"":0.177,""economy:household_market"":1.322,""native_daily:climate_pass_b"":0.713,""native_daily:native_daily_complete"":0.558,""native_daily:native_daily_finalizer"":0.621,""native_daily:ocean_land"":0.983,""native_daily:sea_ice"":0.548,""native_daily:wind_surface"":2.157}","{""economy:building_commit.review_prepare"":1,""economy:building_commit.special_reset"":1,""economy:household_market.settle.merge_aggregate"":1,""economy:household_market.settle.merge_trade"":1,""economy:household_market.settle.other"":1,""economy:household_market.settle.prepare"":1,""economy:household_market.settle.trace"":1,""economy:household_market.settle.worker"":1}","{""economy:building_commit.review_prepare"":0.0004,""economy:building_commit.special_reset"":0.0001,""economy:household_market.settle.merge_aggregate"":0.0496,""economy:household_market.settle.merge_trade"":0.0067,""economy:household_market.settle.other"":0.000700000000000014,""economy:household_market.settle.prepare"":0.0012,""economy:household_market.settle.trace"":0.0023,""economy:household_market.settle.worker"":0.4688}","{""economy:building_commit.review_prepare"":0.0004,""economy:building_commit.special_reset"":0.0001,""economy:household_market.settle.merge_aggregate"":0.0496,""economy:household_market.settle.merge_trade"":0.0067,""economy:household_market.settle.other"":0.000700000000000014,""economy:household_market.settle.prepare"":0.0012,""economy:household_market.settle.trace"":0.0023,""economy:household_market.settle.worker"":0.4688}","{""economy:building_commit.review_prepare"":1,""economy:building_commit.special_reset"":4,""economy:household_market.settle.merge_aggregate"":4,""economy:household_market.settle.merge_trade"":4,""economy:household_market.settle.other"":4,""economy:household_market.settle.prepare"":4,""economy:household_market.settle.trace"":4,""economy:household_market.settle.worker"":4}",0,0,0.316,0.06,0,2.938,669,794,4,0,1.098,0,0.685,0.052,1.589,0.312,0,0,100,0,13.2436,134.2,0.04,9.9296,704,286293,448,330,330,0,121850,10,5772,2,0,0,2,4800,0,78.331,0,SHADOW,SHADOW,,4095,2050,2045,missing_native_domain_handlers,false,16,false,0,0,false,0,0,0,0,0,climate_trace_reference_pending,,,,,0,,,0,0,2,0,0,1.105402,0,0,0,0,0,0,336,335,2400,true,0,0,0,0,0,0,0,0,0,0,4088,0,3,0,3,0,0,0,0,0,0,0,climate_trace_reference_pending,0,0,0,0,0,0,0,0,0,0,0,0,0,0,0,0,0,0,0,0,0,0,0,0,0,false,
224,337,45172,false,69,50,13.365,12.857,0.011,0.282,native_daily_sim,climate_pass_a,climate_pass_a_struct,gdext_native_daily_slice,1.761,1,0,0,1,-1,-1,,0.567859,3.14722,5.017,7.016,256,8,3,1.5,false,2,8.666,,,,,,,,,,,,,,,,,,,,,,,,,,,,,,,,,,,,,,,,,,0,0,0,0,false,0,0,,0,0,0,0,0,0,0,,,,,false,{},{},{},{},{},{},{},0,0,0.379,0.061,0,0.942,669,794,4,0,0.317,0,0.346,0.008,0.228,0.123,0,0,100,0,8.38525,134.2,0.04,7.00325,704,286574,448,330,330,0,121850,10,5772,2,0,0,2,4800,0,78.331,0,SHADOW,SHADOW,,4095,2050,2045,missing_native_domain_handlers,false,16,false,0,0,false,0,0,0,0,0,climate_trace_reference_pending,,,,,0,,,0,0,2,0,0,1.184772,0,0,0,0,0,0,337,336,2400,true,0,0,0,0,0,0,0,0,0,0,4088,0,3,0,3,0,0,0,0,0,0,0,climate_trace_reference_pending,0,0,0,0,0,0,0,0,0,0,0,0,0,0,0,0,0,0,0,0,0,0,0,0,0,false,
225,338,45222,false,69,50,17.304,16.815,0.01,0.295,trigger_runtime,trigger_evaluate,,TRIGGER_GRAPH,1.157,356,0,0,356,-1,-1,,307.692322,3.146966,5.017,7.016,256,8,3,1.5,false,2,8.666,,,,,,,,,,,,,,,,,,,,,,,,,,,,,,,,,,,,,,,,,,1,8,8,1,true,1,0.15,building_plan,0,2,8.15,8.15,1.77,0.206,8,building_plan,building_plan,evaluate,ECONOMY_GRAPH,false,"{""economy:building_plan"":2,""native_daily:climate_pass_b"":1,""native_daily:native_daily_complete"":1,""native_daily:native_daily_finalizer"":1,""native_daily:ocean_land"":1,""native_daily:sea_ice"":1,""native_daily:wind_surface"":1}","{""economy:building_plan"":1.976,""native_daily:climate_pass_b"":0.615,""native_daily:native_daily_complete"":0.317,""native_daily:native_daily_finalizer"":0.517,""native_daily:ocean_land"":1.075,""native_daily:sea_ice"":0.722,""native_daily:wind_surface"":0.874}","{""economy:building_plan"":1.77,""native_daily:climate_pass_b"":0.615,""native_daily:native_daily_complete"":0.317,""native_daily:native_daily_finalizer"":0.517,""native_daily:ocean_land"":1.075,""native_daily:sea_ice"":0.722,""native_daily:wind_surface"":0.874}",{},{},{},{},0,0,0.333,0.061,0,0.811,669,794,4,0,0.256,0,0.335,0.007,0.034,0.151,0,0,100,0,12.6385,134.2,0.04,11.4335,704,286574,448,332,332,0,122606,10,6176,2,0,0,2,4800,0,78.331,0,SHADOW,SHADOW,,4095,2050,2045,missing_native_domain_handlers,false,16,false,0,0,false,0,0,0,0,0,climate_trace_reference_pending,,,,,0,,,0,0,2,0,0,1.496622,0,0,0,0,0,0,338,337,2400,true,0,0,0,0,0,0,0,0,0,0,4088,0,3,0,3,0,0,0,0,0,0,0,climate_trace_reference_pending,0,0,0,0,0,0,0,0,0,0,0,0,0,0,0,0,0,0,0,0,0,0,0,0,0,false,
226,339,45248,false,69,50,12.802,12.244,0.012,0.282,native_daily_sim,climate_pass_a,climate_pass_a_struct,gdext_native_daily_slice,1.572,1,0,0,1,-1,-1,,0.636132,3.144223,5.017,7.016,256,8,3,1.5,false,2,8.666,,,,,,,,,,,,,,,,,,,,,,,,,,,,,,,,,,,,,,,,,,0,0,0,0,false,0,0,,0,0,0,0,0,0,0,,,,,false,{},{},{},{},{},{},{},0,0,0.411,0.066,0,3.665,669,794,4,0,1.711,0,0.767,0.053,1.988,0.444,0,0,100,0,12.976,134.2,0.04,8.834,704,286574,448,332,332,0,122606,10,6176,2,0,0,2,4800,0,78.331,0,SHADOW,SHADOW,,4095,2050,2045,missing_native_domain_handlers,false,16,false,0,0,false,0,0,0,0,0,climate_trace_reference_pending,,,,,0,,,0,0,2,0,0,1.040707,0,0,0,0,0,0,339,338,2400,true,0,0,0,0,0,0,0,0,0,0,4088,0,3,0,3,0,0,0,0,0,0,0,climate_trace_reference_pending,0,0,0,0,0,0,0,0,0,0,0,0,0,0,0,0,0,0,0,0,0,0,0,0,0,false,
227,340,45307,false,69,50,22.919,22.375,0.011,0.287,dynamic_visual_atlas_upload,,,cell_indirection_lut,1.986,2400,2400,0,0,-1,-1,,1208.45925,3.13985,4.959,7.016,256,8,3,1.5,false,2,8.666,,,,,,,,,,,,,,,,,,,,,,,,,,,,,,,,,,,,,,,,,,1,8,8,1,true,1,0.211,building_plan,0,2,8.211,8.211,1.961,0.268,8,building_plan,building_plan,evaluate,ECONOMY_GRAPH,false,"{""economy:building_plan"":1,""economy:epoch_begin"":1,""native_daily:climate_pass_b"":1,""native_daily:native_daily_complete"":1,""native_daily:native_daily_finalizer"":1,""native_daily:ocean_land"":1,""native_daily:sea_ice"":1,""native_daily:wind_surface"":1}","{""economy:building_plan"":0.268,""economy:epoch_begin"":1.961,""native_daily:climate_pass_b"":0.727,""native_daily:native_daily_complete"":0.326,""native_daily:native_daily_finalizer"":0.529,""native_daily:ocean_land"":1.087,""native_daily:sea_ice"":0.633,""native_daily:wind_surface"":0.951}","{""economy:building_plan"":0.268,""economy:epoch_begin"":1.961,""native_daily:climate_pass_b"":0.727,""native_daily:native_daily_complete"":0.326,""native_daily:native_daily_finalizer"":0.529,""native_daily:ocean_land"":1.087,""native_daily:sea_ice"":0.633,""native_daily:wind_surface"":0.951}",{},{},{},{},0,0,0.271,0.059,0,1.054,669,794,4,0,0.266,0.095,0.46,0.008,0.117,0.143,0,0,100,0,14.732,134.2,0.04,13.348,704,287204,448,334,334,0,123360,10,7213,2,0,0,2,4800,0,78.331,0,SHADOW,SHADOW,,4095,2050,2045,missing_native_domain_handlers,false,16,false,0,0,false,0,0,0,0,0,climate_trace_reference_pending,,,,,0,,,0,0,2,0,0,1.483127,0,0,0,0,0,0,340,339,2400,true,0,0,0,0,0,0,0,0,0,0,4088,0,3,0,3,0,0,0,0,0,0,0,climate_trace_reference_pending,0,0,0,0,0,0,0,0,0,0,0,0,0,0,0,0,0,0,0,0,0,0,0,0,0,false,
228,341,45337,false,69,50,13.549,12.899,0.012,0.356,native_daily_sim,climate_pass_a,climate_pass_a_struct,gdext_native_daily_slice,2.241,1,0,0,1,-1,-1,,0.446229,3.13708,4.959,7.016,256,8,3,1.5,false,2,8.666,,,,,,,,,,,,,,,,,,,,,,,,,,,,,,,,,,,,,,,,,,0,0,0,0,false,0,0,,0,0,0,0,0,0,0,,,,,false,{},{},{},{},{},{},{},0,0.001,0.31,0.062,0,1.062,669,794,4,0,0.424,0,0.458,0.007,0.105,0.185,0,0,100,0,10.058333,134.2,0.04,8.624333,704,287374,448,334,334,0,123360,10,7213,2,0,0,2,4800,0,78.331,0,SHADOW,SHADOW,,4095,2050,2045,missing_native_domain_handlers,false,16,false,0,0,false,0,0,0,0,0,climate_trace_reference_pending,,,,,0,,,0,0,2,0,0,1.449897,0,0,0,0,0,0,341,340,2400,true,0,0,0,0,0,0,0,0,0,0,4088,0,3,0,3,0,0,0,0,0,0,0,climate_trace_reference_pending,0,0,0,0,0,0,0,0,0,0,0,0,0,0,0,0,0,0,0,0,0,0,0,0,0,false,
229,342,45397,false,69,50,19.681,18.235,0.804,0.368,ocean_currents,daily_wind_prepass,daily_wind_slp,gdext_daily_wind_slp,0.935,2400,2400,0,0,-1,-1,,2566.844913,3.135793,4.959,7.016,256,8,3,1.5,false,2,8.666,,,,,,,,,,,,,,,,,,,,,,,,,,,,,,,,,,,,,,,,,,2,13,13,1,true,1,0.795,household_market,0,4,14.382,8.795,1.897,1.45,8,household_market,household_market,settle,ECONOMY_GRAPH,false,"{""economy:building_plan"":2,""economy:epoch_begin"":1,""economy:household_market"":1,""native_daily:climate_pass_b"":1,""native_daily:native_daily_complete"":1,""native_daily:native_daily_finalizer"":1,""native_daily:ocean_land"":1,""native_daily:runtime_hydrology"":1,""native_daily:sea_ice"":1,""native_daily:transpiration"":1,""native_daily:weather_stage_b"":1,""native_daily:wind_surface"":1}","{""economy:building_plan"":0.344,""economy:epoch_begin"":1.897,""economy:household_market"":1.45,""native_daily:climate_pass_b"":0.613,""native_daily:native_daily_complete"":0.777,""native_daily:native_daily_finalizer"":0.643,""native_daily:ocean_land"":1.167,""native_daily:runtime_hydrology"":1.231,""native_daily:sea_ice"":0.617,""native_daily:transpiration"":0.487,""native_daily:weather_stage_b"":1.791,""native_daily:wind_surface"":0.802}","{""economy:building_plan"":0.177,""economy:epoch_begin"":1.897,""economy:household_market"":1.45,""native_daily:climate_pass_b"":0.613,""native_daily:native_daily_complete"":0.777,""native_daily:native_daily_finalizer"":0.643,""native_daily:ocean_land"":1.167,""native_daily:runtime_hydrology"":1.231,""native_daily:sea_ice"":0.617,""native_daily:transpiration"":0.487,""native_daily:weather_stage_b"":1.791,""native_daily:wind_surface"":0.802}","{""economy:household_market.settle.merge_aggregate"":1,""economy:household_market.settle.merge_trade"":1,""economy:household_market.settle.other"":1,""economy:household_market.settle.prepare"":1,""economy:household_market.settle.trace"":1,""economy:household_market.settle.worker"":1}","{""economy:household_market.settle.merge_aggregate"":0.1228,""economy:household_market.settle.merge_trade"":0.0114,""economy:household_market.settle.other"":0.000500000000000016,""economy:household_market.settle.prepare"":0.0011,""economy:household_market.settle.trace"":0.0032,""economy:household_market.settle.worker"":0.4615}","{""economy:household_market.settle.merge_aggregate"":0.1228,""economy:household_market.settle.merge_trade"":0.0114,""economy:household_market.settle.other"":0.000500000000000016,""economy:household_market.settle.prepare"":0.0011,""economy:household_market.settle.trace"":0.0032,""economy:household_market.settle.worker"":0.4615}","{""economy:household_market.settle.merge_aggregate"":4,""economy:household_market.settle.merge_trade"":4,""economy:household_market.settle.other"":4,""economy:household_market.settle.prepare"":4,""economy:household_market.settle.trace"":4,""economy:household_market.settle.worker"":4}",0,0.001,4.354,0.058,0,0.999,669,794,4,0,0.315,0,0.507,0.009,0.039,0.165,0,0,100,0,14.9695,134.2,0.04,9.5585,704,287374,448,336,336,0,124112,10,5774,2,0,0,2,4800,0,78.331,0,SHADOW,SHADOW,,4095,2050,2045,missing_native_domain_handlers,false,16,false,0,0,false,0,0,0,0,0,climate_trace_reference_pending,,,,,0,,,0,0,2,0,0,1.136037,0,0,0,0,0,0,342,341,2400,true,0,0,0,0,0,0,0,0,0,0,4088,0,3,0,3,0,0,0,0,0,0,0,climate_trace_reference_pending,0,0,0,0,0,0,0,0,0,0,0,0,0,0,0,0,0,0,0,0,0,0,0,0,0,false,
230,343,45426,false,69,50,13.115,12.536,0.013,0.315,native_daily_sim,climate_pass_a,climate_pass_a_struct,gdext_native_daily_slice,1.632,1,0,0,1,-1,-1,,0.612745,3.135887,4.959,7.016,256,8,3,1.5,false,2,8.666,,,,,,,,,,,,,,,,,,,,,,,,,,,,,,,,,,,,,,,,,,0,0,0,0,false,0,0,,0,0,0,0,0,0,0,,,,,false,{},{},{},{},{},{},{},0,0.001,0.375,0.048,0,1.182,669,794,4,0,0.351,0,0.405,0.012,0.052,0.229,0,0,100,0,9.767667,134.2,0.04,8.162667,704,287374,448,336,336,0,124112,10,5774,2,0,0,2,4800,0,78.331,0,SHADOW,SHADOW,,4095,2050,2045,missing_native_domain_handlers,false,16,false,0,0,false,0,0,0,0,0,climate_trace_reference_pending,,,,,0,,,0,0,2,0,0,1.937142,0,0,0,0,0,0,343,342,2400,true,0,0,0,0,0,0,0,0,0,0,4088,0,3,0,3,0,0,0,0,0,0,0,climate_trace_reference_pending,0,0,0,0,0,0,0,0,0,0,0,0,0,0,0,0,0,0,0,0,0,0,0,0,0,false,
231,344,45474,false,69,50,19.427,18.853,0.013,0.31,dynamic_visual_atlas_upload,,,cell_indirection_lut,1.754,2400,2400,0,0,-1,-1,,1368.301066,3.137313,4.959,7.016,256,8,3,1.5,false,2,8.666,,,,,,,,,,,,,,,,,,,,,,,,,,,,,,,,,,,,,,,,,,1,8,8,1,true,1,0.181,building_plan,0,2,8.181,8.181,1.498,0.183,8,building_plan,trade_settle,reserve,ECONOMY_GRAPH,false,"{""economy:building_plan"":2,""native_daily:climate_pass_b"":1,""native_daily:native_daily_complete"":1,""native_daily:native_daily_finalizer"":1,""native_daily:ocean_land"":1,""native_daily:sea_ice"":1,""native_daily:wind_surface"":1}","{""economy:building_plan"":1.681,""native_daily:climate_pass_b"":0.671,""native_daily:native_daily_complete"":0.3,""native_daily:native_daily_finalizer"":0.592,""native_daily:ocean_land"":1.229,""native_daily:sea_ice"":0.808,""native_daily:wind_surface"":0.871}","{""economy:building_plan"":1.498,""native_daily:climate_pass_b"":0.671,""native_daily:native_daily_complete"":0.3,""native_daily:native_daily_finalizer"":0.592,""native_daily:ocean_land"":1.229,""native_daily:sea_ice"":0.808,""native_daily:wind_surface"":0.871}",{},{},{},{},0,0,5.932,0.068,0,0.123,669,794,0,0,0,0.117,0,0,0,0,0,0,100,0,15.916,134.2,0.04,9.793,705,287376,448,338,338,0,124864,10,6125,2,0,0,2,4800,0,78.331,0,SHADOW,SHADOW,,4095,2050,2045,missing_native_domain_handlers,false,16,false,0,0,false,0,0,0,0,0,climate_trace_reference_pending,,,,,0,,,0,0,2,0,0,1.998237,0,0,0,0,0,0,344,343,2400,true,0,0,0,0,0,0,0,0,0,0,4088,0,3,0,3,0,0,0,0,0,0,0,climate_trace_reference_pending,0,0,0,0,0,0,0,0,0,0,0,0,0,0,0,0,0,0,0,0,0,0,0,0,0,false,
232,345,45499,false,69,50,16.506,11.865,0.01,4.432,native_daily_sim,climate_pass_a,climate_pass_a_struct,gdext_native_daily_slice,1.373,1,0,0,1,-1,-1,,0.728332,3.130256,4.941,7.016,256,8,3,1.5,false,2,8.666,,,,,,,,,,,,,,,,,,,,,,,,,,,,,,,,,,,,,,,,,,0,0,0,0,false,0,0,,0,0,0,0,0,0,0,,,,,false,{},{},{},{},{},{},{},0,0,0.272,0.051,0,0.507,669,794,0,0,0,0.501,0,0,0,0,0,0,100,0,12.266,134.2,0.04,11.436,705,287376,448,338,338,0,124864,10,6125,2,0,0,2,4800,0,78.331,0,SHADOW,SHADOW,,4095,2050,2045,missing_native_domain_handlers,false,16,false,0,0,false,0,0,0,0,0,climate_trace_reference_pending,,,,,0,,,0,0,2,0,0,1.355887,0,0,0,0,0,0,345,344,2400,true,0,0,0,0,0,0,0,0,0,0,4088,0,3,0,3,0,0,0,0,0,0,0,climate_trace_reference_pending,0,0,0,0,0,0,0,0,0,0,0,0,0,0,0,0,0,0,0,0,0,0,0,0,0,false,
233,346,45558,false,69,50,18.015,17.412,0.012,0.338,trigger_runtime,trigger_evaluate,,TRIGGER_GRAPH,0.854,356,0,0,356,-1,-1,,416.86184,3.129573,4.941,7.016,256,8,3,1.5,false,2,8.666,,,,,,,,,,,,,,,,,,,,,,,,,,,,,,,,,,,,,,,,,,1,9,9,1,true,1,0.286,household_market,0,3,8.286,8.286,1.415,1.303,8,household_market,household_market,settle,ECONOMY_GRAPH,false,"{""economy:building_plan"":2,""economy:household_market"":1,""native_daily:climate_pass_b"":1,""native_daily:native_daily_complete"":1,""native_daily:native_daily_finalizer"":1,""native_daily:ocean_land"":1,""native_daily:sea_ice"":1,""native_daily:wind_surface"":1}","{""economy:building_plan"":1.604,""economy:household_market"":1.303,""native_daily:climate_pass_b"":0.607,""native_daily:native_daily_complete"":0.306,""native_daily:native_daily_finalizer"":0.455,""native_daily:ocean_land"":0.89,""native_daily:sea_ice"":0.541,""native_daily:wind_surface"":0.746}","{""economy:building_plan"":1.415,""economy:household_market"":1.303,""native_daily:climate_pass_b"":0.607,""native_daily:native_daily_complete"":0.306,""native_daily:native_daily_finalizer"":0.455,""native_daily:ocean_land"":0.89,""native_daily:sea_ice"":0.541,""native_daily:wind_surface"":0.746}","{""economy:household_market.settle.merge_aggregate"":1,""economy:household_market.settle.merge_trade"":1,""economy:household_market.settle.other"":1,""economy:household_market.settle.prepare"":1,""economy:household_market.settle.trace"":1,""economy:household_market.settle.worker"":1}","{""economy:household_market.settle.merge_aggregate"":0.0509,""economy:household_market.settle.merge_trade"":0.0071,""economy:household_market.settle.other"":0.000399999999999986,""economy:household_market.settle.prepare"":0.001,""economy:household_market.settle.trace"":0.0022,""economy:household_market.settle.worker"":0.4126}","{""economy:household_market.settle.merge_aggregate"":0.0509,""economy:household_market.settle.merge_trade"":0.0071,""economy:household_market.settle.other"":0.000399999999999986,""economy:household_market.settle.prepare"":0.001,""economy:household_market.settle.trace"":0.0022,""economy:household_market.settle.worker"":0.4126}","{""economy:household_market.settle.merge_aggregate"":4,""economy:household_market.settle.merge_trade"":4,""economy:household_market.settle.other"":4,""economy:household_market.settle.prepare"":4,""economy:household_market.settle.trace"":4,""economy:household_market.settle.worker"":4}",0,0.001,0.462,0.059,0,1.601,669,794,4,0,0.471,0,0.634,0.015,0.433,0.178,0,0,100,0,14.90275,134.2,0.04,12.78075,705,286751,448,340,340,0,125617,10,6404,2,0,0,2,4800,0,78.331,0,SHADOW,SHADOW,,4095,2050,2045,missing_native_domain_handlers,false,16,false,0,0,false,0,0,0,0,0,climate_trace_reference_pending,,,,,0,,,0,0,2,0,0,1.263797,0,0,0,0,0,0,346,345,2400,true,0,0,0,0,0,0,0,0,0,0,4088,0,3,0,3,0,0,0,0,0,0,0,climate_trace_reference_pending,0,0,0,0,0,0,0,0,0,0,0,0,0,0,0,0,0,0,0,0,0,0,0,0,0,false,
234,347,45587,false,69,50,13.608,13.086,0.013,0.277,native_daily_sim,climate_pass_a,climate_pass_a_struct,gdext_native_daily_slice,1.51,1,0,0,1,-1,-1,,0.662252,3.13255,4.941,7.016,256,8,3,1.5,false,2,8.666,,,,,,,,,,,,,,,,,,,,,,,,,,,,,,,,,,,,,,,,,,0,0,0,0,false,0,0,,0,0,0,0,0,0,0,,,,,false,{},{},{},{},{},{},{},0,0,0.436,0.07,0,2.309,669,794,4,0,0.648,0,0.721,0.021,0.923,0.228,0,0,100,0,14.3585,134.2,0.04,11.5435,705,286741,448,340,340,0,125617,10,6404,2,0,0,2,4800,0,78.331,0,SHADOW,SHADOW,,4095,2050,2045,missing_native_domain_handlers,false,16,false,0,0,false,0,0,0,0,0,climate_trace_reference_pending,,,,,0,,,0,0,2,0,0,1.938352,0,0,0,0,0,0,347,346,2400,true,0,0,0,0,0,0,0,0,0,0,4088,0,3,0,3,0,0,0,0,0,0,0,climate_trace_reference_pending,0,0,0,0,0,0,0,0,0,0,0,0,0,0,0,0,0,0,0,0,0,0,0,0,0,false,
235,348,45640,false,69,50,20.938,20.444,0.012,0.277,ocean_currents,phys_upwelling,next_phys_upwelling,physical_circulation,1.659,0,0,0,0,-1,-1,,0,3.132326,4.941,7.016,256,8,3,1.5,false,2,8.666,,,,,,,,,,,,,,,,,,,,,,,,,,,,,,,,,,,,,,,,,,1,8,8,1,true,1,0.124,building_plan,0,2,8.124,8.124,1.682,0.207,8,building_plan,trade_settle,reserve,ECONOMY_GRAPH,false,"{""economy:building_plan"":2,""native_daily:climate_pass_b"":1,""native_daily:native_daily_complete"":1,""native_daily:native_daily_finalizer"":1,""native_daily:ocean_land"":1,""native_daily:sea_ice"":1,""native_daily:wind_surface"":1}","{""economy:building_plan"":1.889,""native_daily:climate_pass_b"":0.672,""native_daily:native_daily_complete"":0.309,""native_daily:native_daily_finalizer"":0.503,""native_daily:ocean_land"":1.188,""native_daily:sea_ice"":0.704,""native_daily:wind_surface"":0.913}","{""economy:building_plan"":1.682,""native_daily:climate_pass_b"":0.672,""native_daily:native_daily_complete"":0.309,""native_daily:native_daily_finalizer"":0.503,""native_daily:ocean_land"":1.188,""native_daily:sea_ice"":0.704,""native_daily:wind_surface"":0.913}",{},{},{},{},0,0,5.507,0.055,0,1.586,669,794,4,0,0.71,0,0.525,0.016,0.424,0.206,0,0,100,0,17.569333,134.2,0.04,10.421333,705,287012,448,342,342,0,126373,10,6390,2,0,0,2,4800,0,78.331,0,SHADOW,SHADOW,,4095,2050,2045,missing_native_domain_handlers,false,16,false,0,0,false,0,0,0,0,0,climate_trace_reference_pending,,,,,0,,,0,0,2,0,0,1.207222,0,0,0,0,0,0,348,347,2400,true,0,0,0,0,0,0,0,0,0,0,4088,0,3,0,3,0,0,0,0,0,0,0,climate_trace_reference_pending,0,0,0,0,0,0,0,0,0,0,0,0,0,0,0,0,0,0,0,0,0,0,0,0,0,false,
236,349,45672,false,69,50,14.111,13.595,0.011,0.268,native_daily_sim,climate_pass_a,climate_pass_a_struct,gdext_native_daily_slice,2.339,1,0,0,1,-1,-1,,0.427533,3.134523,4.941,7.016,256,8,3,1.5,false,2,8.666,,,,,,,,,,,,,,,,,,,,,,,,,,,,,,,,,,,,,,,,,,0,0,0,0,false,0,0,,0,0,0,0,0,0,0,,,,,false,{},{},{},{},{},{},{},0.001,0,0.339,0.056,0,3.108,669,794,3,0,1.3,0,0.566,0.023,1.808,0.262,0,0,100,0,10.855333,134.2,0.04,7.352333,706,287064,449,342,342,0,126373,10,6390,2,0,0,2,4800,0,78.331,0,SHADOW,SHADOW,,4095,2050,2045,missing_native_domain_handlers,false,16,false,0,0,false,0,0,0,0,0,climate_trace_reference_pending,,,,,0,,,0,0,2,0,0,1.178912,0,0,0,0,0,0,349,348,2400,true,0,0,0,0,0,0,0,0,0,0,4088,0,3,0,3,0,0,0,0,0,0,0,climate_trace_reference_pending,0,0,0,0,0,0,0,0,0,0,0,0,0,0,0,0,0,0,0,0,0,0,0,0,0,false,
237,350,45730,false,69,50,19.918,18.813,0.627,0.272,trigger_runtime,trigger_evaluate,,TRIGGER_GRAPH,0.897,356,0,0,356,-1,-1,,396.878477,3.130913,4.941,7.016,255,8,3,1.5,false,2,8.666,,,,,,,,,,,,,,,,,,,,,,,,,,,,,,,,,,,,,,,,,,2,12,12,1,true,1,0.009,household_market,0,3,13.561,8.009,1.743,1.269,8,household_market,household_market,settle,ECONOMY_GRAPH,false,"{""economy:building_plan"":2,""economy:household_market"":1,""native_daily:climate_pass_b"":1,""native_daily:native_daily_complete"":1,""native_daily:native_daily_finalizer"":1,""native_daily:ocean_land"":1,""native_daily:runtime_hydrology"":1,""native_daily:sea_ice"":1,""native_daily:transpiration"":1,""native_daily:weather_stage_b"":1,""native_daily:wind_surface"":1}","{""economy:building_plan"":1.836,""economy:household_market"":1.269,""native_daily:climate_pass_b"":0.72,""native_daily:native_daily_complete"":0.689,""native_daily:native_daily_finalizer"":0.677,""native_daily:ocean_land"":1.005,""native_daily:runtime_hydrology"":1.187,""native_daily:sea_ice"":0.524,""native_daily:transpiration"":0.53,""native_daily:weather_stage_b"":1.743,""native_daily:wind_surface"":0.933}","{""economy:building_plan"":1.641,""economy:household_market"":1.269,""native_daily:climate_pass_b"":0.72,""native_daily:native_daily_complete"":0.689,""native_daily:native_daily_finalizer"":0.677,""native_daily:ocean_land"":1.005,""native_daily:runtime_hydrology"":1.187,""native_daily:sea_ice"":0.524,""native_daily:transpiration"":0.53,""native_daily:weather_stage_b"":1.743,""native_daily:wind_surface"":0.933}","{""economy:household_market.settle.merge_aggregate"":1,""economy:household_market.settle.merge_trade"":1,""economy:household_market.settle.other"":1,""economy:household_market.settle.prepare"":1,""economy:household_market.settle.trace"":1,""economy:household_market.settle.worker"":1}","{""economy:household_market.settle.merge_aggregate"":0.0534,""economy:household_market.settle.merge_trade"":0.0076,""economy:household_market.settle.other"":0.000999999999999989,""economy:household_market.settle.prepare"":0.0019,""economy:household_market.settle.trace"":0.0041,""economy:household_market.settle.worker"":0.4235}","{""economy:household_market.settle.merge_aggregate"":0.0534,""economy:household_market.settle.merge_trade"":0.0076,""economy:household_market.settle.other"":0.000999999999999989,""economy:household_market.settle.prepare"":0.0019,""economy:household_market.settle.trace"":0.0041,""economy:household_market.settle.worker"":0.4235}","{""economy:household_market.settle.merge_aggregate"":4,""economy:household_market.settle.merge_trade"":4,""economy:household_market.settle.other"":4,""economy:household_market.settle.prepare"":4,""economy:household_market.settle.trace"":4,""economy:household_market.settle.worker"":4}",0,0,4.046,0.049,0,1.341,669,794,4,0,0.352,0.101,0.529,0.01,0.237,0.185,0,0,100,0,14.484,134.2,0.04,9.048,706,286934,449,344,344,0,126762,11,8268,3,0,0,2,4800,0,78.331,0,SHADOW,SHADOW,,4095,2050,2045,missing_native_domain_handlers,false,16,false,0,0,false,0,0,0,0,0,climate_trace_reference_pending,,,,,0,,,0,0,2,0,0,1.784517,0,0,0,0,0,0,350,349,2400,true,0,0,0,0,0,0,0,0,0,0,4088,0,3,0,3,0,0,0,0,0,0,0,climate_trace_reference_pending,0,0,0,0,0,0,0,0,0,0,0,0,0,0,0,0,0,0,0,0,0,0,0,0,0,false,
238,351,45757,false,69,50,12.905,12.267,0.01,0.361,native_daily_sim,climate_pass_a,climate_pass_a_struct,gdext_native_daily_slice,1.772,1,0,0,1,-1,-1,,0.564334,3.132396,4.941,7.016,255,8,3,1.5,false,2,8.666,,,,,,,,,,,,,,,,,,,,,,,,,,,,,,,,,,,,,,,,,,0,0,0,0,false,0,0,,0,0,0,0,0,0,0,,,,,false,{},{},{},{},{},{},{},0,0.001,2.709,0.062,0,2.637,669,794,3,0,1.441,0,0.509,0.026,1.407,0.35,0,0,100,0,13.276,134.2,0.04,7.868,706,286934,449,345,345,0,127129,11,2250,2,0,0,2,4800,0,78.331,0,SHADOW,SHADOW,,4095,2050,2045,missing_native_domain_handlers,false,16,false,0,0,false,0,0,0,0,0,climate_trace_reference_pending,,,,,0,,,0,0,2,0,0,1.470547,0,0,0,0,0,0,351,350,2400,true,0,0,0,0,0,0,0,0,0,0,4088,0,3,0,3,0,0,0,0,0,0,0,climate_trace_reference_pending,0,0,0,0,0,0,0,0,0,0,0,0,0,0,0,0,0,0,0,0,0,0,0,0,0,false,
239,352,45809,false,69,50,18.909,18.359,0.018,0.322,dynamic_visual_atlas_upload,,,cell_indirection_lut,1.333,2400,2400,0,0,-1,-1,,1800.450187,3.13337,4.941,7.016,255,8,3,1.5,false,2,8.666,,,,,,,,,,,,,,,,,,,,,,,,,,,,,,,,,,,,,,,,,,1,8,8,1,true,1,0.181,building_plan,0,2,8.181,8.181,1.564,0.212,8,building_plan,trade_settle,reserve,ECONOMY_GRAPH,false,"{""economy:building_plan"":2,""native_daily:climate_pass_b"":1,""native_daily:native_daily_complete"":1,""native_daily:native_daily_finalizer"":1,""native_daily:ocean_land"":1,""native_daily:sea_ice"":1,""native_daily:wind_surface"":1}","{""economy:building_plan"":1.776,""native_daily:climate_pass_b"":0.744,""native_daily:native_daily_complete"":0.362,""native_daily:native_daily_finalizer"":0.622,""native_daily:ocean_land"":1.175,""native_daily:sea_ice"":0.679,""native_daily:wind_surface"":0.691}","{""economy:building_plan"":1.564,""native_daily:climate_pass_b"":0.744,""native_daily:native_daily_complete"":0.362,""native_daily:native_daily_finalizer"":0.622,""native_daily:ocean_land"":1.175,""native_daily:sea_ice"":0.679,""native_daily:wind_surface"":0.691}",{},{},{},{},0,0.001,0.336,0.058,0,1.014,669,794,4,0,0.308,0,0.56,0.011,0.092,0.169,0,0,100,0,13.137,134.2,0.04,11.729,706,287004,449,347,347,0,127882,11,6476,2,0,0,2,4800,0,78.331,0,SHADOW,SHADOW,,4095,2050,2045,missing_native_domain_handlers,false,16,false,0,0,false,0,0,0,0,0,climate_trace_reference_pending,,,,,0,,,0,0,2,0,0,1.767622,0,0,0,0,0,0,352,351,2400,true,0,0,0,0,0,0,0,0,0,0,4088,0,3,0,3,0,0,0,0,0,0,0,climate_trace_reference_pending,0,0,0,0,0,0,0,0,0,0,0,0,0,0,0,0,0,0,0,0,0,0,0,0,0,false,
240,353,45838,false,69,50,12.617,12.07,0.012,0.283,native_daily_sim,climate_pass_a,climate_pass_a_struct,gdext_native_daily_slice,1.632,1,0,0,1,-1,-1,,0.612745,3.134963,4.941,7.016,255,8,3,1.5,false,2,8.666,,,,,,,,,,,,,,,,,,,,,,,,,,,,,,,,,,,,,,,,,,0,0,0,0,false,0,0,,0,0,0,0,0,0,0,,,,,false,{},{},{},{},{},{},{},0,0,0.451,0.068,0,3.635,669,794,3,0,1.729,0,0.576,0.056,2.182,0.36,0,0,100,0,14.084,134.2,0.04,9.93,706,287004,449,347,347,0,127882,11,6476,2,0,0,2,4800,0,78.331,0,SHADOW,SHADOW,,4095,2050,2045,missing_native_domain_handlers,false,16,false,0,0,false,0,0,0,0,0,climate_trace_reference_pending,,,,,0,,,0,0,2,0,0,1.521107,0,0,0,0,0,0,353,352,2400,true,0,0,0,0,0,0,0,0,0,0,4088,0,3,0,3,0,0,0,0,0,0,0,climate_trace_reference_pending,0,0,0,0,0,0,0,0,0,0,0,0,0,0,0,0,0,0,0,0,0,0,0,0,0,false,
241,354,45883,false,69,50,17.251,16.67,0.011,0.333,ocean_currents,daily_wind_prepass,daily_wind_slp,gdext_daily_wind_slp,1.071,2400,2400,0,0,-1,-1,,2240.8964,3.135923,4.941,7.016,256,8,3,1.5,false,2,8.666,,,,,,,,,,,,,,,,,,,,,,,,,,,,,,,,,,,,,,,,,,1,8,8,1,true,1,0.107,building_plan,0,2,8.107,8.107,1.734,0.165,8,building_plan,trade_settle,reserve,ECONOMY_GRAPH,false,"{""economy:building_plan"":2,""native_daily:climate_pass_b"":1,""native_daily:native_daily_complete"":1,""native_daily:native_daily_finalizer"":1,""native_daily:ocean_land"":1,""native_daily:sea_ice"":1,""native_daily:wind_surface"":1}","{""economy:building_plan"":1.899,""native_daily:climate_pass_b"":0.599,""native_daily:native_daily_complete"":0.328,""native_daily:native_daily_finalizer"":0.544,""native_daily:ocean_land"":1.25,""native_daily:sea_ice"":0.651,""native_daily:wind_surface"":0.904}","{""economy:building_plan"":1.734,""native_daily:climate_pass_b"":0.599,""native_daily:native_daily_complete"":0.328,""native_daily:native_daily_finalizer"":0.544,""native_daily:ocean_land"":1.25,""native_daily:sea_ice"":0.651,""native_daily:wind_surface"":0.904}",{},{},{},{},0,0.001,5.675,0.044,0,1.337,669,794,4,0,0.427,0,0.451,0.015,0.342,0.234,0,0,100,0,15.288333,134.2,0.04,8.232333,706,286904,449,349,349,0,128634,11,5630,2,0,0,2,4800,0,78.331,0,SHADOW,SHADOW,,4095,2050,2045,missing_native_domain_handlers,false,16,false,0,0,false,0,0,0,0,0,climate_trace_reference_pending,,,,,0,,,0,0,2,0,0,1.566072,0,0,0,0,0,0,354,353,2400,true,0,0,0,0,0,0,0,0,0,0,4088,0,3,0,3,0,0,0,0,0,0,0,climate_trace_reference_pending,0,0,0,0,0,0,0,0,0,0,0,0,0,0,0,0,0,0,0,0,0,0,0,0,0,false,
242,355,45908,false,69,50,12.04,11.545,0.009,0.276,native_daily_sim,climate_pass_a,climate_pass_a_struct,gdext_native_daily_slice,1.451,1,0,0,1,-1,-1,,0.68918,3.13581,4.941,7.016,256,8,3,1.5,false,2,8.666,,,,,,,,,,,,,,,,,,,,,,,,,,,,,,,,,,,,,,,,,,0,0,0,0,false,0,0,,0,0,0,0,0,0,0,,,,,false,{},{},{},{},{},{},{},0,0,0.334,0.061,0,1.631,669,794,4,0,0.449,0,0.523,0.013,0.325,0.286,0,0,100,0,12.322,134.2,0.04,10.296,706,286914,449,349,349,0,128634,11,5630,2,0,0,2,4800,0,78.331,0,SHADOW,SHADOW,,4095,2050,2045,missing_native_domain_handlers,false,16,false,0,0,false,0,0,0,0,0,climate_trace_reference_pending,,,,,0,,,0,0,2,0,0,1.060362,0,0,0,0,0,0,355,354,2400,true,0,0,0,0,0,0,0,0,0,0,4088,0,3,0,3,0,0,0,0,0,0,0,climate_trace_reference_pending,0,0,0,0,0,0,0,0,0,0,0,0,0,0,0,0,0,0,0,0,0,0,0,0,0,false,
243,356,45959,false,69,50,19.128,18.585,0.01,0.309,dynamic_visual_atlas_upload,,,cell_indirection_lut,1.439,2400,2400,0,0,-1,-1,,1667.824866,3.134553,4.941,7.016,256,8,3,1.5,false,2,8.666,,,,,,,,,,,,,,,,,,,,,,,,,,,,,,,,,,,,,,,,,,1,9,9,1,true,1,0.133,building_plan,0,3,8.133,8.133,1.618,0.174,8,building_plan,trade_settle,reserve,ECONOMY_GRAPH,false,"{""economy:building_plan"":2,""economy:epoch_begin"":1,""native_daily:climate_pass_b"":1,""native_daily:native_daily_complete"":1,""native_daily:native_daily_finalizer"":1,""native_daily:ocean_land"":1,""native_daily:sea_ice"":1,""native_daily:wind_surface"":1}","{""economy:building_plan"":0.562,""economy:epoch_begin"":1.618,""native_daily:climate_pass_b"":0.602,""native_daily:native_daily_complete"":0.342,""native_daily:native_daily_finalizer"":0.513,""native_daily:ocean_land"":0.904,""native_daily:sea_ice"":0.648,""native_daily:wind_surface"":0.723}","{""economy:building_plan"":0.388,""economy:epoch_begin"":1.618,""native_daily:climate_pass_b"":0.602,""native_daily:native_daily_complete"":0.342,""native_daily:native_daily_finalizer"":0.513,""native_daily:ocean_land"":0.904,""native_daily:sea_ice"":0.648,""native_daily:wind_surface"":0.723}",{},{},{},{},0,0,5.6,0.049,0,1.955,669,794,4,0,0.587,0,0.68,0.021,0.458,0.299,0,0,100,0,17.051,134.2,0.04,9.447,706,288464,449,351,351,0,129388,11,5677,2,0,0,2,4800,0,78.331,0,SHADOW,SHADOW,,4095,2050,2045,missing_native_domain_handlers,false,16,false,0,0,false,0,0,0,0,0,climate_trace_reference_pending,,,,,0,,,0,0,2,0,0,1.258282,0,0,0,0,0,0,356,355,2400,true,0,0,0,0,0,0,0,0,0,0,4088,0,3,0,3,0,0,0,0,0,0,0,climate_trace_reference_pending,0,0,0,0,0,0,0,0,0,0,0,0,0,0,0,0,0,0,0,0,0,0,0,0,0,false,
244,357,45982,false,69,50,11.942,11.446,0.009,0.293,native_daily_sim,climate_pass_a,climate_pass_a_struct,gdext_native_daily_slice,2.082,1,0,0,1,-1,-1,,0.480307,3.138103,4.941,7.016,256,8,3,1.5,false,2,8.666,,,,,,,,,,,,,,,,,,,,,,,,,,,,,,,,,,,,,,,,,,0,0,0,0,false,0,0,,0,0,0,0,0,0,0,,,,,false,{},{},{},{},{},{},{},0,0.001,0.301,0.056,0,0.491,669,794,1,0,0.438,0,0.166,0.008,0.092,0.086,0,0,100,0,11.187,134.2,0.04,10.339,706,288464,449,351,351,0,129388,11,5677,2,0,0,2,4800,0,78.331,0,SHADOW,SHADOW,,4095,2050,2045,missing_native_domain_handlers,false,16,false,0,0,false,0,0,0,0,0,climate_trace_reference_pending,,,,,0,,,0,0,2,0,0,1.734452,0,0,0,0,0,0,357,356,2400,true,0,0,0,0,0,0,0,0,0,0,4088,0,3,0,3,0,0,0,0,0,0,0,climate_trace_reference_pending,0,0,0,0,0,0,0,0,0,0,0,0,0,0,0,0,0,0,0,0,0,0,0,0,0,false,
245,358,46040,false,76,50,17.92,16.824,0.613,0.292,trigger_runtime,trigger_evaluate,,TRIGGER_GRAPH,0.895,356,0,0,356,-1,-1,,397.765372,3.13953,4.941,7.016,256,8,3,1.5,false,2,8.666,,,,,,,,,,,,,,,,,,,,,,,,,,,,,,,,,,,,,,,,,,2,13,13,1,true,1,0.763,household_market,0,4,14.485,8.763,1.921,1.422,8,household_market,household_market,settle,ECONOMY_GRAPH,false,"{""economy:building_plan"":2,""economy:epoch_begin"":1,""economy:household_market"":1,""native_daily:climate_pass_b"":1,""native_daily:native_daily_complete"":1,""native_daily:native_daily_finalizer"":1,""native_daily:ocean_land"":1,""native_daily:runtime_hydrology"":1,""native_daily:sea_ice"":1,""native_daily:transpiration"":1,""native_daily:weather_stage_b"":1,""native_daily:wind_surface"":1}","{""economy:building_plan"":0.36,""economy:epoch_begin"":1.921,""economy:household_market"":1.422,""native_daily:climate_pass_b"":0.753,""native_daily:native_daily_complete"":0.8,""native_daily:native_daily_finalizer"":0.676,""native_daily:ocean_land"":0.931,""native_daily:runtime_hydrology"":1.125,""native_daily:sea_ice"":0.582,""native_daily:transpiration"":0.588,""native_daily:weather_stage_b"":1.778,""native_daily:wind_surface"":0.987}","{""economy:building_plan"":0.231,""economy:epoch_begin"":1.921,""economy:household_market"":1.422,""native_daily:climate_pass_b"":0.753,""native_daily:native_daily_complete"":0.8,""native_daily:native_daily_finalizer"":0.676,""native_daily:ocean_land"":0.931,""native_daily:runtime_hydrology"":1.125,""native_daily:sea_ice"":0.582,""native_daily:transpiration"":0.588,""native_daily:weather_stage_b"":1.778,""native_daily:wind_surface"":0.987}","{""economy:household_market.settle.merge_aggregate"":1,""economy:household_market.settle.merge_trade"":1,""economy:household_market.settle.other"":1,""economy:household_market.settle.prepare"":1,""economy:household_market.settle.trace"":1,""economy:household_market.settle.worker"":1}","{""economy:household_market.settle.merge_aggregate"":0.1949,""economy:household_market.settle.merge_trade"":0.0089,""economy:household_market.settle.other"":0.00100000000000002,""economy:household_market.settle.prepare"":0.001,""economy:household_market.settle.trace"":0.0025,""economy:household_market.settle.worker"":0.4517}","{""economy:household_market.settle.merge_aggregate"":0.1949,""economy:household_market.settle.merge_trade"":0.0089,""economy:household_market.settle.other"":0.00100000000000002,""economy:household_market.settle.prepare"":0.001,""economy:household_market.settle.trace"":0.0025,""economy:household_market.settle.worker"":0.4517}","{""economy:household_market.settle.merge_aggregate"":4,""economy:household_market.settle.merge_trade"":4,""economy:household_market.settle.other"":4,""economy:household_market.settle.prepare"":4,""economy:household_market.settle.trace"":4,""economy:household_market.settle.worker"":4}",0,0,4.274,0.047,0,1.229,669,794,4,0,0.345,0,0.504,0.007,0.082,0.223,0,0,100,0,14.483,31.186,0.025,8.933,706,288476,449,353,353,0,130142,11,6672,2,0,0,2,4800,0,78.331,0,SHADOW,SHADOW,,4095,2050,2045,missing_native_domain_handlers,false,16,false,0,0,false,0,0,0,0,0,climate_trace_reference_pending,,,,,0,,,0,0,2,0,0,1.340057,0,0,0,0,0,0,358,357,2400,true,0,0,0,0,0,0,0,0,0,0,4088,0,3,0,3,0,0,0,0,0,0,0,climate_trace_reference_pending,0,0,0,0,0,0,0,0,0,0,0,0,0,0,0,0,0,0,0,0,0,0,0,0,0,false,
246,359,46063,false,76,50,13.507,12.82,0.011,0.352,native_daily_sim,climate_pass_a,climate_pass_a_struct,gdext_native_daily_slice,1.705,1,0,0,1,-1,-1,,0.58651,3.141063,4.941,7.016,256,8,3,1.5,false,2,8.666,,,,,,,,,,,,,,,,,,,,,,,,,,,,,,,,,,,,,,,,,,0,0,0,0,false,0,0,,0,0,0,0,0,0,0,,,,,false,{},{},{},{},{},{},{},0,0,0.245,0.051,0,1.154,669,794,4,0,0.336,0,0.492,0.007,0.062,0.215,0,0,100,0,11.5715,31.186,0.025,10.1215,706,288476,449,353,353,0,130142,11,6672,2,0,0,2,4800,0,78.331,0,SHADOW,SHADOW,,4095,2050,2045,missing_native_domain_handlers,false,16,false,0,0,false,0,0,0,0,0,climate_trace_reference_pending,,,,,0,,,0,0,2,0,0,1.717352,0,0,0,0,0,0,359,358,2400,true,0,0,0,0,0,0,0,0,0,0,4088,0,3,0,3,0,0,0,0,0,0,0,climate_trace_reference_pending,0,0,0,0,0,0,0,0,0,0,0,0,0,0,0,0,0,0,0,0,0,0,0,0,0,false,
247,360,46121,false,76,50,21.721,21.208,0.011,0.303,ocean_currents,phys_upwelling,next_phys_done,physical_circulation,1.673,0,0,0,0,-1,-1,,0,3.143667,4.941,7.016,256,8,3,1.5,false,2,8.666,,,,,,,,,,,,,,,,,,,,,,,,,,,,,,,,,,,,,,,,,,1,8,8,1,true,1,0.046,building_plan,0,2,8.046,8.046,1.731,0.222,8,building_plan,building_plan,evaluate,ECONOMY_GRAPH,false,"{""economy:building_plan"":2,""native_daily:climate_pass_b"":1,""native_daily:native_daily_complete"":1,""native_daily:native_daily_finalizer"":1,""native_daily:ocean_land"":1,""native_daily:sea_ice"":1,""native_daily:wind_surface"":1}","{""economy:building_plan"":1.953,""native_daily:climate_pass_b"":0.742,""native_daily:native_daily_complete"":0.408,""native_daily:native_daily_finalizer"":0.596,""native_daily:ocean_land"":1.235,""native_daily:sea_ice"":0.655,""native_daily:wind_surface"":0.802}","{""economy:building_plan"":1.731,""native_daily:climate_pass_b"":0.742,""native_daily:native_daily_complete"":0.408,""native_daily:native_daily_finalizer"":0.596,""native_daily:ocean_land"":1.235,""native_daily:sea_ice"":0.655,""native_daily:wind_surface"":0.802}",{},{},{},{},0,0.001,0.367,0.063,0,1.16,669,794,4,0,0.338,0,0.636,0.009,0.037,0.162,0,0,100,0,14.472,31.186,0.025,12.882,706,288286,449,355,355,0,130896,11,6869,2,0,0,2,4800,0,78.331,0,SHADOW,SHADOW,,4095,2050,2045,missing_native_domain_handlers,false,16,false,0,0,false,0,0,0,0,0,climate_trace_reference_pending,,,,,0,,,0,0,2,0,0,1.202297,0,0,0,0,0,0,360,359,2400,true,0,0,0,0,0,0,0,0,0,0,4088,0,3,0,3,0,0,0,0,0,0,0,climate_trace_reference_pending,0,0,0,0,0,0,0,0,0,0,0,0,0,0,0,0,0,0,0,0,0,0,0,0,0,false,
248,361,46144,false,76,50,13.297,12.764,0.01,0.307,native_daily_sim,climate_pass_a,climate_pass_a_struct,gdext_native_daily_slice,1.721,1,0,0,1,-1,-1,,0.581058,3.1451,4.941,7.016,256,8,3,1.5,false,2,8.666,,,,,,,,,,,,,,,,,,,,,,,,,,,,,,,,,,,,,,,,,,0,0,0,0,false,0,0,,0,0,0,0,0,0,0,,,,,false,{},{},{},{},{},{},{},0,0,0.374,0.065,0,0.144,653,794,0,0,0,0.137,0,0,0,0,0,0,100,0,11.63,31.186,0.025,11.047,706,288286,449,355,355,0,130896,11,6869,2,0,0,2,4800,0,78.331,0,SHADOW,SHADOW,,4095,2050,2045,missing_native_domain_handlers,false,16,false,0,0,false,0,0,0,0,0,climate_trace_reference_pending,,,,,0,,,0,0,2,0,0,1.801832,0,0,0,0,0,0,361,360,2400,true,0,0,0,0,0,0,0,0,0,0,4088,0,3,0,3,0,0,0,0,0,0,0,climate_trace_reference_pending,0,0,0,0,0,0,0,0,0,0,0,0,0,0,0,0,0,0,0,0,0,0,0,0,0,false,
249,362,46188,false,76,50,17.214,16.681,0.011,0.295,trigger_runtime,trigger_evaluate,,TRIGGER_GRAPH,1.042,355,0,0,355,-1,-1,,340.690961,3.1475,4.941,7.016,256,8,3,1.5,false,2,8.666,,,,,,,,,,,,,,,,,,,,,,,,,,,,,,,,,,,,,,,,,,1,9,9,1,true,1,0.638,building_production,0,3,8.638,8.638,1.677,1.001,8,building_production,building_production,,ECONOMY_GRAPH,false,"{""economy:building_plan"":2,""economy:building_production"":1,""native_daily:climate_pass_b"":1,""native_daily:native_daily_complete"":1,""native_daily:native_daily_finalizer"":1,""native_daily:ocean_land"":1,""native_daily:sea_ice"":1,""native_daily:wind_surface"":1}","{""economy:building_plan"":1.864,""economy:building_production"":1.001,""native_daily:climate_pass_b"":0.507,""native_daily:native_daily_complete"":0.306,""native_daily:native_daily_finalizer"":0.538,""native_daily:ocean_land"":0.897,""native_daily:sea_ice"":0.656,""native_daily:wind_surface"":0.927}","{""economy:building_plan"":1.677,""economy:building_production"":1.001,""native_daily:climate_pass_b"":0.507,""native_daily:native_daily_complete"":0.306,""native_daily:native_daily_finalizer"":0.538,""native_daily:ocean_land"":0.897,""native_daily:sea_ice"":0.656,""native_daily:wind_surface"":0.927}",{},{},{},{},0.001,0,4.46,0.057,0,3.182,653,794,3,0,1.346,0.147,0.883,0.077,1.42,0.312,0,0,100,0,14.885333,31.186,0.025,7.186333,706,288286,449,357,357,0,131650,11,6413,2,0,0,2,4800,0,78.331,0,SHADOW,SHADOW,,4095,2050,2045,missing_native_domain_handlers,false,16,false,0,0,false,0,0,0,0,0,climate_trace_reference_pending,,,,,0,,,0,0,2,0,0,1.822452,0,0,0,0,0,0,362,361,2400,true,0,0,0,0,0,0,0,0,0,0,4088,0,3,0,3,0,0,0,0,0,0,0,climate_trace_reference_pending,0,0,0,0,0,0,0,0,0,0,0,0,0,0,0,0,0,0,0,0,0,0,0,0,0,false,
250,363,46212,false,76,50,11.931,11.426,0.011,0.278,native_daily_sim,climate_pass_a,climate_pass_a_struct,gdext_native_daily_slice,1.489,1,0,0,1,-1,-1,,0.671592,3.14977,4.941,7.016,256,8,3,1.5,false,2,8.666,,,,,,,,,,,,,,,,,,,,,,,,,,,,,,,,,,,,,,,,,,0,0,0,0,false,0,0,,0,0,0,0,0,0,0,,,,,false,{},{},{},{},{},{},{},0,0,0.356,0.065,0,2.223,653,794,4,0,0.743,0.128,0.911,0.029,0.441,0.313,0,0,100,0,11.99,31.186,0.025,9.346,706,288151,449,357,357,0,131650,11,6413,2,0,0,2,4800,0,78.331,0,SHADOW,SHADOW,,4095,2050,2045,missing_native_domain_handlers,false,16,false,0,0,false,0,0,0,0,0,climate_trace_reference_pending,,,,,0,,,0,0,2,0,0,1.296347,0,0,0,0,0,0,363,362,2400,true,0,0,0,0,0,0,0,0,0,0,4088,0,3,0,3,0,0,0,0,0,0,0,climate_trace_reference_pending,0,0,0,0,0,0,0,0,0,0,0,0,0,0,0,0,0,0,0,0,0,0,0,0,0,false,
251,364,46262,false,76,50,20.851,16.65,0.01,4.016,dynamic_visual_atlas_upload,,,cell_indirection_lut,1.289,2400,2400,0,0,-1,-1,,1861.908407,3.14892,4.941,7.016,256,8,3,1.5,false,2,8.666,,,,,,,,,,,,,,,,,,,,,,,,,,,,,,,,,,,,,,,,,,1,9,9,1,true,1,0.68,building_production,0,3,8.68,8.68,1.636,1.081,8,building_production,building_production,,ECONOMY_GRAPH,false,"{""economy:building_plan"":2,""economy:building_production"":1,""native_daily:climate_pass_b"":1,""native_daily:native_daily_complete"":1,""native_daily:native_daily_finalizer"":1,""native_daily:ocean_land"":1,""native_daily:sea_ice"":1,""native_daily:wind_surface"":1}","{""economy:building_plan"":1.785,""economy:building_production"":1.081,""native_daily:climate_pass_b"":0.631,""native_daily:native_daily_complete"":0.325,""native_daily:native_daily_finalizer"":0.547,""native_daily:ocean_land"":1.173,""native_daily:sea_ice"":0.55,""native_daily:wind_surface"":0.71}","{""economy:building_plan"":1.636,""economy:building_production"":1.081,""native_daily:climate_pass_b"":0.631,""native_daily:native_daily_complete"":0.325,""native_daily:native_daily_finalizer"":0.547,""native_daily:ocean_land"":1.173,""native_daily:sea_ice"":0.55,""native_daily:wind_surface"":0.71}",{},{},{},{},0,0,4.299,0.061,0,1.717,653,794,4,0,0.604,0,0.658,0.019,0.698,0.15,0,0,100,0,16.476333,31.186,0.025,10.399333,707,287937,450,359,359,0,132405,11,5558,2,0,0,2,4800,0,78.331,0,SHADOW,SHADOW,,4095,2050,2045,missing_native_domain_handlers,false,16,false,0,0,false,0,0,0,0,0,climate_trace_reference_pending,,,,,0,,,0,0,2,0,0,1.291057,0,0,0,0,0,0,364,363,2400,true,0,0,0,0,0,0,0,0,0,0,4088,0,3,0,3,0,0,0,0,0,0,0,climate_trace_reference_pending,0,0,0,0,0,0,0,0,0,0,0,0,0,0,0,0,0,0,0,0,0,0,0,0,0,false,
252,365,46287,false,76,50,12.672,12.102,0.01,0.329,native_daily_sim,climate_pass_a,climate_pass_a_struct,gdext_native_daily_slice,2.069,1,0,0,1,-1,-1,,0.483325,3.15118,4.941,7.016,256,8,3,1.5,false,2,8.666,,,,,,,,,,,,,,,,,,,,,,,,,,,,,,,,,,,,,,,,,,0,0,0,0,false,0,0,,0,0,0,0,0,0,0,,,,,false,{},{},{},{},{},{},{},0,0,0.286,0.046,0,1.357,653,794,4,0,0.425,0,0.495,0.012,0.458,0.173,0,0,100,0,12.411,31.186,0.025,10.722,707,287937,450,359,359,0,132405,11,5558,2,0,0,2,4800,0,78.331,0,SHADOW,SHADOW,,4095,2050,2045,missing_native_domain_handlers,false,16,false,0,0,false,0,0,0,0,0,climate_trace_reference_pending,,,,,0,,,0,0,2,0,0,1.948002,0,0,0,0,0,0,365,364,2400,true,0,0,0,0,0,0,0,0,0,0,4088,0,3,0,3,0,0,0,0,0,0,0,climate_trace_reference_pending,0,0,0,0,0,0,0,0,0,0,0,0,0,0,0,0,0,0,0,0,0,0,0,0,0,false,
253,366,47004,false,76,50,19.476,18.069,0.792,0.358,ocean_currents,daily_wind_prepass,daily_wind_slp,gdext_daily_wind_slp,1.028,2400,2400,0,0,-1,-1,,2334.630357,3.150943,4.941,7.016,256,8,3,1.5,false,2,8.666,,,,,,,,,,,,,,,,,,,,,,,,,,,,,,,,,,,,,,,,,,2,13,13,1,true,1,1.073,household_market,0,4,14.993,9.073,1.945,1.477,8,household_market,household_market,settle,ECONOMY_GRAPH,false,"{""economy:building_plan"":2,""economy:epoch_begin"":1,""economy:household_market"":1,""native_daily:climate_pass_b"":1,""native_daily:native_daily_complete"":1,""native_daily:native_daily_finalizer"":1,""native_daily:ocean_land"":1,""native_daily:runtime_hydrology"":1,""native_daily:sea_ice"":1,""native_daily:transpiration"":1,""native_daily:weather_stage_b"":1,""native_daily:wind_surface"":1}","{""economy:building_plan"":0.441,""economy:epoch_begin"":1.669,""economy:household_market"":1.477,""native_daily:climate_pass_b"":0.604,""native_daily:native_daily_complete"":0.803,""native_daily:native_daily_finalizer"":0.815,""native_daily:ocean_land"":1.174,""native_daily:runtime_hydrology"":1.223,""native_daily:sea_ice"":0.605,""native_daily:transpiration"":0.653,""native_daily:weather_stage_b"":1.945,""native_daily:wind_surface"":0.825}","{""economy:building_plan"":0.304,""economy:epoch_begin"":1.669,""economy:household_market"":1.477,""native_daily:climate_pass_b"":0.604,""native_daily:native_daily_complete"":0.803,""native_daily:native_daily_finalizer"":0.815,""native_daily:ocean_land"":1.174,""native_daily:runtime_hydrology"":1.223,""native_daily:sea_ice"":0.605,""native_daily:transpiration"":0.653,""native_daily:weather_stage_b"":1.945,""native_daily:wind_surface"":0.825}","{""economy:household_market.settle.merge_aggregate"":1,""economy:household_market.settle.merge_trade"":1,""economy:household_market.settle.other"":1,""economy:household_market.settle.prepare"":1,""economy:household_market.settle.trace"":1,""economy:household_market.settle.worker"":1}","{""economy:household_market.settle.merge_aggregate"":0.0747,""economy:household_market.settle.merge_trade"":0.0088,""economy:household_market.settle.other"":0.00060000000000003,""economy:household_market.settle.prepare"":0.0017,""economy:household_market.settle.trace"":0.0033,""economy:household_market.settle.worker"":0.4447}","{""economy:household_market.settle.merge_aggregate"":0.0747,""economy:household_market.settle.merge_trade"":0.0088,""economy:household_market.settle.other"":0.00060000000000003,""economy:household_market.settle.prepare"":0.0017,""economy:household_market.settle.trace"":0.0033,""economy:household_market.settle.worker"":0.4447}","{""economy:household_market.settle.merge_aggregate"":4,""economy:household_market.settle.merge_trade"":4,""economy:household_market.settle.other"":4,""economy:household_market.settle.prepare"":4,""economy:household_market.settle.trace"":4,""economy:household_market.settle.worker"":4}",0,0.001,0.299,0.069,0,1.612,653,794,1,1,1.56,0,0.218,0.023,1.055,0.145,0,0,100,0,59.79075,31.186,0.025,57.81075,705,287937,450,361,361,0,133158,11,6892,2,0,0,2,4800,0,78.331,0,SHADOW,SHADOW,,4095,2050,2045,missing_native_domain_handlers,false,16,false,0,0,false,0,0,0,0,0,climate_trace_reference_pending,,,,,0,,,0,0,2,0,0,27.451297,0,0,0,0,0,0,366,365,2400,true,0,0,0,0,0,0,0,0,0,0,4088,0,3,0,3,0,0,0,0,0,0,0,climate_trace_reference_pending,0,0,0,0,0,0,0,0,0,0,0,0,0,0,0,0,0,0,0,0,0,0,0,0,0,false,
254,367,47027,false,32,50,12.137,11.588,0.012,0.313,native_daily_sim,climate_pass_a,climate_pass_a_struct,gdext_native_daily_slice,1.67,1,0,0,1,-1,-1,,0.598802,3.15274,4.941,7.016,256,8,3,1.5,false,2,8.666,,,,,,,,,,,,,,,,,,,,,,,,,,,,,,,,,,,,,,,,,,0,0,0,0,false,0,0,,0,0,0,0,0,0,0,,,,,false,{},{},{},{},{},{},{},0,0,0.217,0.046,0,0.916,653,794,1,1,0.853,0,0.122,0.005,0.472,0.116,0,0,100,0,11.1835,618.051,0.021,10.0045,705,287937,450,361,361,0,133158,11,6892,2,0,0,2,4800,0,78.331,0,SHADOW,SHADOW,,4095,2050,2045,missing_native_domain_handlers,false,16,false,0,0,false,0,0,0,0,0,climate_trace_reference_pending,,,,,0,,,0,0,2,0,0,21.957237,0,0,0,0,0,0,367,366,2400,true,0,0,0,0,0,0,0,0,0,0,4088,0,3,0,3,0,0,0,0,0,0,0,climate_trace_reference_pending,0,0,0,0,0,0,0,0,0,0,0,0,0,0,0,0,0,0,0,0,0,0,0,0,0,false,
255,368,47082,false,32,50,23.912,18.963,0.014,4.66,dynamic_visual_atlas_upload,,,cell_indirection_lut,1.667,2400,2400,0,0,-1,-1,,1439.71201,3.153403,4.941,7.016,256,8,3,1.5,false,2,8.666,,,,,,,,,,,,,,,,,,,,,,,,,,,,,,,,,,,,,,,,,,1,9,9,1,true,1,1.077,household_market,0,3,9.077,9.077,1.611,1.314,8,household_market,household_market,settle,ECONOMY_GRAPH,false,"{""economy:building_plan"":2,""economy:household_market"":1,""native_daily:climate_pass_b"":1,""native_daily:native_daily_complete"":1,""native_daily:native_daily_finalizer"":1,""native_daily:ocean_land"":1,""native_daily:sea_ice"":1,""native_daily:wind_surface"":1}","{""economy:building_plan"":1.784,""economy:household_market"":1.314,""native_daily:climate_pass_b"":0.783,""native_daily:native_daily_complete"":0.389,""native_daily:native_daily_finalizer"":0.65,""native_daily:ocean_land"":1.155,""native_daily:sea_ice"":0.534,""native_daily:wind_surface"":0.686}","{""economy:building_plan"":1.611,""economy:household_market"":1.314,""native_daily:climate_pass_b"":0.783,""native_daily:native_daily_complete"":0.389,""native_daily:native_daily_finalizer"":0.65,""native_daily:ocean_land"":1.155,""native_daily:sea_ice"":0.534,""native_daily:wind_surface"":0.686}","{""economy:household_market.settle.merge_aggregate"":1,""economy:household_market.settle.merge_trade"":1,""economy:household_market.settle.other"":1,""economy:household_market.settle.prepare"":1,""economy:household_market.settle.trace"":1,""economy:household_market.settle.worker"":1}","{""economy:household_market.settle.merge_aggregate"":0.0526,""economy:household_market.settle.merge_trade"":0.0062,""economy:household_market.settle.other"":0.000599999999999964,""economy:household_market.settle.prepare"":0.0015,""economy:household_market.settle.trace"":0.0019,""economy:household_market.settle.worker"":0.4329}","{""economy:household_market.settle.merge_aggregate"":0.0526,""economy:household_market.settle.merge_trade"":0.0062,""economy:household_market.settle.other"":0.000599999999999964,""economy:household_market.settle.prepare"":0.0015,""economy:household_market.settle.trace"":0.0019,""economy:household_market.settle.worker"":0.4329}","{""economy:household_market.settle.merge_aggregate"":4,""economy:household_market.settle.merge_trade"":4,""economy:household_market.settle.other"":4,""economy:household_market.settle.prepare"":4,""economy:household_market.settle.trace"":4,""economy:household_market.settle.worker"":4}",0,0.001,0.276,0.052,0,0.473,653,794,1,1,0.43,0,0.163,0.005,0.103,0.08,0,0,100,0,13.87625,618.051,0.021,13.07525,705,287937,450,363,363,0,133913,11,6065,2,0,0,2,4800,0,78.331,0,SHADOW,SHADOW,,4095,2050,2045,missing_native_domain_handlers,false,16,false,0,0,false,0,0,0,0,0,climate_trace_reference_pending,,,,,0,,,0,0,2,0,0,17.132292,0,0,0,0,0,0,368,367,2400,true,0,0,0,0,0,0,0,0,0,0,4088,0,3,0,3,0,0,0,0,0,0,0,climate_trace_reference_pending,0,0,0,0,0,0,0,0,0,0,0,0,0,0,0,0,0,0,0,0,0,0,0,0,0,false,
256,369,47107,false,32,50,12.621,12.078,0.011,0.297,native_daily_sim,climate_pass_a,climate_pass_a_struct,gdext_native_daily_slice,1.47,1,0,0,1,-1,-1,,0.680272,3.154663,4.941,7.016,256,8,3,1.5,false,2,8.666,,,,,,,,,,,,,,,,,,,,,,,,,,,,,,,,,,,,,,,,,,0,0,0,0,false,0,0,,0,0,0,0,0,0,0,,,,,false,{},{},{},{},{},{},{},0,0,0.317,0.057,0,1.266,653,794,4,0,0.502,0.121,0.546,0.008,0.158,0.193,0,0,100,0,12.498,618.051,0.021,10.858,705,287937,450,363,363,0,133913,11,6065,2,0,0,2,4800,0,78.331,0,SHADOW,SHADOW,,4095,2050,2045,missing_native_domain_handlers,false,16,false,0,0,false,0,0,0,0,0,climate_trace_reference_pending,,,,,0,,,0,0,2,0,0,11.960282,0,0,0,0,0,0,369,368,2400,true,0,0,0,0,0,0,0,0,0,0,4088,0,3,0,3,0,0,0,0,0,0,0,climate_trace_reference_pending,0,0,0,0,0,0,0,0,0,0,0,0,0,0,0,0,0,0,0,0,0,0,0,0,0,false,
257,370,47156,false,32,50,19.157,18.466,0.013,0.39,trigger_runtime,trigger_evaluate,,TRIGGER_GRAPH,1.01,356,0,0,356,-1,-1,,352.475251,3.156673,4.941,7.016,256,8,3,1.5,false,2,8.666,,,,,,,,,,,,,,,,,,,,,,,,,,,,,,,,,,,,,,,,,,1,9,9,1,true,1,1.106,household_market,0,3,9.106,9.106,1.565,1.428,8,household_market,household_market,settle,ECONOMY_GRAPH,false,"{""economy:building_plan"":2,""economy:household_market"":1,""native_daily:climate_pass_b"":1,""native_daily:native_daily_complete"":1,""native_daily:native_daily_finalizer"":1,""native_daily:ocean_land"":1,""native_daily:sea_ice"":1,""native_daily:wind_surface"":1}","{""economy:building_plan"":1.768,""economy:household_market"":1.428,""native_daily:climate_pass_b"":0.593,""native_daily:native_daily_complete"":0.28,""native_daily:native_daily_finalizer"":0.588,""native_daily:ocean_land"":0.959,""native_daily:sea_ice"":0.565,""native_daily:wind_surface"":0.889}","{""economy:building_plan"":1.565,""economy:household_market"":1.428,""native_daily:climate_pass_b"":0.593,""native_daily:native_daily_complete"":0.28,""native_daily:native_daily_finalizer"":0.588,""native_daily:ocean_land"":0.959,""native_daily:sea_ice"":0.565,""native_daily:wind_surface"":0.889}","{""economy:household_market.settle.merge_aggregate"":1,""economy:household_market.settle.merge_trade"":1,""economy:household_market.settle.other"":1,""economy:household_market.settle.prepare"":1,""economy:household_market.settle.trace"":1,""economy:household_market.settle.worker"":1}","{""economy:household_market.settle.merge_aggregate"":0.0955,""economy:household_market.settle.merge_trade"":0.0084,""economy:household_market.settle.other"":0.000600000000000017,""economy:household_market.settle.prepare"":0.001,""economy:household_market.settle.trace"":0.0032,""economy:household_market.settle.worker"":0.3932}","{""economy:household_market.settle.merge_aggregate"":0.0955,""economy:household_market.settle.merge_trade"":0.0084,""economy:household_market.settle.other"":0.000600000000000017,""economy:household_market.settle.prepare"":0.001,""economy:household_market.settle.trace"":0.0032,""economy:household_market.settle.worker"":0.3932}","{""economy:household_market.settle.merge_aggregate"":4,""economy:household_market.settle.merge_trade"":4,""economy:household_market.settle.other"":4,""economy:household_market.settle.prepare"":4,""economy:household_market.settle.trace"":4,""economy:household_market.settle.worker"":4}",0,0.001,4.71,0.045,0,1.565,653,794,4,0,0.573,0,0.611,0.015,0.263,0.282,0,0,100,0,16.431667,618.051,0.021,10.111667,705,287987,450,365,365,0,134665,11,6376,2,0,0,2,4800,0,78.331,0,SHADOW,SHADOW,,4095,2050,2045,missing_native_domain_handlers,false,16,false,0,0,false,0,0,0,0,0,climate_trace_reference_pending,,,,,0,,,0,0,2,0,0,7.093117,0,0,0,0,0,0,370,369,2400,true,0,0,0,0,0,0,0,0,0,0,4088,0,3,0,3,0,0,0,0,0,0,0,climate_trace_reference_pending,0,0,0,0,0,0,0,0,0,0,0,0,0,0,0,0,0,0,0,0,0,0,0,0,0,false,
258,371,47188,false,32,50,12.894,12.167,0.015,0.4,native_daily_sim,climate_pass_a,climate_pass_a_struct,gdext_native_daily_slice,1.413,1,0,0,1,-1,-1,,0.707714,3.156883,4.941,7.016,256,8,3,1.5,false,2,8.666,,,,,,,,,,,,,,,,,,,,,,,,,,,,,,,,,,,,,,,,,,0,0,0,0,false,0,0,,0,0,0,0,0,0,0,,,,,false,{},{},{},{},{},{},{},0,0,0.453,0.06,0,1.009,653,794,4,0,0.349,0,0.416,0.008,0.061,0.172,0,0,100,0,10.534333,618.051,0.021,9.012333,705,287897,450,365,365,0,134665,11,6376,2,0,0,2,4800,0,78.331,0,SHADOW,SHADOW,,4095,2050,2045,missing_native_domain_handlers,false,16,false,0,0,false,0,0,0,0,0,climate_trace_reference_pending,,,,,0,,,0,0,2,0,0,1.989572,0,0,0,0,0,0,371,370,2400,true,0,0,0,0,0,0,0,0,0,0,4088,0,3,0,3,0,0,0,0,0,0,0,climate_trace_reference_pending,0,0,0,0,0,0,0,0,0,0,0,0,0,0,0,0,0,0,0,0,0,0,0,0,0,false,
259,372,47243,false,32,50,23.122,22.461,0.012,0.39,dynamic_visual_atlas_upload,,,cell_indirection_lut,1.9,2400,2400,0,0,-1,-1,,1263.157911,3.160156,4.959,7.016,256,8,3,1.5,false,2,8.666,,,,,,,,,,,,,,,,,,,,,,,,,,,,,,,,,,,,,,,,,,1,7,7,1,true,1,0.458,epoch_begin,0,1,8.458,8.458,2.028,2.028,8,epoch_begin,building_plan,,ECONOMY_GRAPH,false,"{""economy:epoch_begin"":1,""native_daily:climate_pass_b"":1,""native_daily:native_daily_complete"":1,""native_daily:native_daily_finalizer"":1,""native_daily:ocean_land"":1,""native_daily:sea_ice"":1,""native_daily:wind_surface"":1}","{""economy:epoch_begin"":2.028,""native_daily:climate_pass_b"":0.768,""native_daily:native_daily_complete"":0.424,""native_daily:native_daily_finalizer"":0.575,""native_daily:ocean_land"":1.203,""native_daily:sea_ice"":0.761,""native_daily:wind_surface"":0.992}","{""economy:epoch_begin"":2.028,""native_daily:climate_pass_b"":0.768,""native_daily:native_daily_complete"":0.424,""native_daily:native_daily_finalizer"":0.575,""native_daily:ocean_land"":1.203,""native_daily:sea_ice"":0.761,""native_daily:wind_surface"":0.992}",{},{},{},{},0,0,6.213,0.06,0,1.368,653,794,4,0,0.434,0,0.551,0.02,0.257,0.29,0,0,100,0,18.475,618.051,0.021,10.834,705,288057,450,367,367,0,135420,11,7300,2,0,0,2,4800,0,78.331,0,SHADOW,SHADOW,,4095,2050,2045,missing_native_domain_handlers,false,16,false,0,0,false,0,0,0,0,0,climate_trace_reference_pending,,,,,0,,,0,0,2,0,0,1.247202,0,0,0,0,0,0,372,371,2400,true,0,0,0,0,0,0,0,0,0,0,4088,0,3,0,3,0,0,0,0,0,0,0,climate_trace_reference_pending,0,0,0,0,0,0,0,0,0,0,0,0,0,0,0,0,0,0,0,0,0,0,0,0,0,false,
260,373,47268,false,32,50,13.589,13.03,0.012,0.312,native_daily_sim,climate_pass_a,climate_pass_a_struct,gdext_native_daily_slice,2.052,1,0,0,1,-1,-1,,0.487329,3.164729,4.959,7.016,256,8,3,1.5,false,2,8.666,,,,,,,,,,,,,,,,,,,,,,,,,,,,,,,,,,,,,,,,,,0,0,0,0,false,0,0,,0,0,0,0,0,0,0,,,,,false,{},{},{},{},{},{},{},0,0,0.317,0.059,0,1.052,653,794,4,0,0.345,0,0.468,0.01,0.038,0.146,0,0,100,0,12.218,618.051,0.021,10.79,707,288499,452,367,367,0,135420,11,7300,2,0,0,2,4800,0,78.331,0,SHADOW,SHADOW,,4095,2050,2045,missing_native_domain_handlers,false,16,false,0,0,false,0,0,0,0,0,climate_trace_reference_pending,,,,,0,,,0,0,2,0,0,1.941482,0,0,0,0,0,0,373,372,2400,true,0,0,0,0,0,0,0,0,0,0,4088,0,3,0,3,0,0,0,0,0,0,0,climate_trace_reference_pending,0,0,0,0,0,0,0,0,0,0,0,0,0,0,0,0,0,0,0,0,0,0,0,0,0,false,
261,374,47323,false,32,50,18.3,17.079,0.631,0.313,trigger_runtime,trigger_evaluate,,TRIGGER_GRAPH,1.026,355,0,0,355,-1,-1,,346.003891,3.166589,4.959,7.016,256,8,3,1.5,false,2,8.666,,,,,,,,,,,,,,,,,,,,,,,,,,,,,,,,,,,,,,,,,,2,11,11,1,true,1,0.1,building_plan,0,2,13.191,8.1,2.043,0.222,8,building_plan,building_plan,evaluate,ECONOMY_GRAPH,false,"{""economy:building_plan"":1,""economy:epoch_begin"":1,""native_daily:climate_pass_b"":1,""native_daily:native_daily_complete"":1,""native_daily:native_daily_finalizer"":1,""native_daily:ocean_land"":1,""native_daily:runtime_hydrology"":1,""native_daily:sea_ice"":1,""native_daily:transpiration"":1,""native_daily:weather_stage_b"":1,""native_daily:wind_surface"":1}","{""economy:building_plan"":0.222,""economy:epoch_begin"":1.83,""native_daily:climate_pass_b"":0.886,""native_daily:native_daily_complete"":0.69,""native_daily:native_daily_finalizer"":0.514,""native_daily:ocean_land"":1.495,""native_daily:runtime_hydrology"":1.097,""native_daily:sea_ice"":0.831,""native_daily:transpiration"":0.699,""native_daily:weather_stage_b"":2.043,""native_daily:wind_surface"":1.065}","{""economy:building_plan"":0.222,""economy:epoch_begin"":1.83,""native_daily:climate_pass_b"":0.886,""native_daily:native_daily_complete"":0.69,""native_daily:native_daily_finalizer"":0.514,""native_daily:ocean_land"":1.495,""native_daily:runtime_hydrology"":1.097,""native_daily:sea_ice"":0.831,""native_daily:transpiration"":0.699,""native_daily:weather_stage_b"":2.043,""native_daily:wind_surface"":1.065}",{},{},{},{},0,0.001,5.373,0.065,0,0.651,621,794,0,0,0,0.638,0,0,0,0,0,0,100,0,13.75625,618.051,0.021,7.66725,707,288499,452,369,369,0,136175,11,6535,2,0,0,2,4800,0,78.331,0,SHADOW,SHADOW,,4095,2050,2045,missing_native_domain_handlers,false,16,false,0,0,false,0,0,0,0,0,climate_trace_reference_pending,,,,,0,,,0,0,2,0,0,1.465592,0,0,0,0,0,0,374,373,2400,true,0,0,0,0,0,0,0,0,0,0,4088,0,3,0,3,0,0,0,0,0,0,0,climate_trace_reference_pending,0,0,0,0,0,0,0,0,0,0,0,0,0,0,0,0,0,0,0,0,0,0,0,0,0,false,
262,375,47355,false,32,50,15.011,14.487,0.01,0.278,natural_resource_daily,natural_resource_daily,,gdext,2.428,2400,0,0,2400,-1,-1,,988.467886,3.176193,4.988,7.016,256,8,3,1.5,false,2,8.666,,,,,,,,,,,,,,,,,,,,,,,,,,,,,,,,,,,,,,,,,,0,0,0,0,false,0,0,,0,0,0,0,0,0,0,,,,,false,{},{},{},{},{},{},{},0,0,0.423,0.058,0,1.47,621,794,4,0,0.381,0,0.551,0.015,0.3,0.194,0,0,100,0,10.834667,618.051,0.021,8.883667,708,288501,452,369,369,0,136175,11,6535,2,0,0,2,4800,0,78.331,0,SHADOW,SHADOW,,4095,2050,2045,missing_native_domain_handlers,false,16,false,0,0,false,0,0,0,0,0,climate_trace_reference_pending,,,,,0,,,0,0,2,0,0,1.252567,0,0,0,0,0,0,375,374,2400,true,0,0,0,0,0,0,0,0,0,0,4088,0,3,0,3,0,0,0,0,0,0,0,climate_trace_reference_pending,0,0,0,0,0,0,0,0,0,0,0,0,0,0,0,0,0,0,0,0,0,0,0,0,0,false,
263,376,47407,false,32,50,20.343,19.733,0.012,0.361,dynamic_visual_atlas_upload,,,cell_indirection_lut,1.478,2400,2400,0,0,-1,-1,,1623.815918,3.176003,4.988,7.016,256,8,3,1.5,false,2,8.666,,,,,,,,,,,,,,,,,,,,,,,,,,,,,,,,,,,,,,,,,,1,7,7,1,true,1,0.573,epoch_begin,0,1,8.573,8.573,2.831,2.831,8,epoch_begin,building_plan,,ECONOMY_GRAPH,false,"{""economy:epoch_begin"":1,""native_daily:climate_pass_b"":1,""native_daily:native_daily_complete"":1,""native_daily:native_daily_finalizer"":1,""native_daily:ocean_land"":1,""native_daily:sea_ice"":1,""native_daily:wind_surface"":1}","{""economy:epoch_begin"":2.831,""native_daily:climate_pass_b"":0.516,""native_daily:native_daily_complete"":0.347,""native_daily:native_daily_finalizer"":0.5,""native_daily:ocean_land"":1.244,""native_daily:sea_ice"":0.696,""native_daily:wind_surface"":0.884}","{""economy:epoch_begin"":2.831,""native_daily:climate_pass_b"":0.516,""native_daily:native_daily_complete"":0.347,""native_daily:native_daily_finalizer"":0.5,""native_daily:ocean_land"":1.244,""native_daily:sea_ice"":0.696,""native_daily:wind_surface"":0.884}",{},{},{},{},0,0.001,7.536,0.045,0,0.886,621,794,4,0,0.272,0.112,0.324,0.008,0.051,0.155,0,0,100,0,17.081,618.051,0.021,8.614,708,288501,452,371,371,0,136934,11,6623,2,0,0,2,4800,0,78.331,0,SHADOW,SHADOW,,4095,2050,2045,missing_native_domain_handlers,false,16,false,0,0,false,0,0,0,0,0,climate_trace_reference_pending,,,,,0,,,0,0,2,0,0,1.548542,0,0,0,0,0,0,376,375,2400,true,0,0,0,0,0,0,0,0,0,0,4088,0,3,0,3,0,0,0,0,0,0,0,climate_trace_reference_pending,0,0,0,0,0,0,0,0,0,0,0,0,0,0,0,0,0,0,0,0,0,0,0,0,0,false,
264,377,47432,false,32,50,13.397,12.746,0.013,0.365,native_daily_sim,climate_pass_a,climate_pass_a_struct,gdext_native_daily_slice,1.398,1,0,0,1,-1,-1,,0.715308,3.179073,4.988,7.016,256,8,3,1.5,false,2,8.666,,,,,,,,,,,,,,,,,,,,,,,,,,,,,,,,,,,,,,,,,,0,0,0,0,false,0,0,,0,0,0,0,0,0,0,,,,,false,{},{},{},{},{},{},{},0,0,0.493,0.075,0,1.176,621,794,4,0,0.395,0,0.429,0.009,0.044,0.236,0,0,100,0,12.7185,618.051,0.021,10.9745,708,288501,452,371,371,0,136934,11,6623,2,0,0,2,4800,0,78.331,0,SHADOW,SHADOW,,4095,2050,2045,missing_native_domain_handlers,false,16,false,0,0,false,0,0,0,0,0,climate_trace_reference_pending,,,,,0,,,0,0,2,0,0,1.160707,0,0,0,0,0,0,377,376,2400,true,0,0,0,0,0,0,0,0,0,0,4088,0,3,0,3,0,0,0,0,0,0,0,climate_trace_reference_pending,0,0,0,0,0,0,0,0,0,0,0,0,0,0,0,0,0,0,0,0,0,0,0,0,0,false,
265,378,47499,false,32,50,34.848,20.377,0.009,0.348,ocean_currents,daily_wind_prepass,daily_wind_slp,gdext_daily_wind_slp,1.081,2400,2400,0,0,-1,-1,,2220.166573,3.182623,4.988,7.016,257,8,3,1.5,false,2,8.666,,,,,,,,,,,,,,,,,,,,,,,,,,,,,,,,,,,,,,,,,,1,7,7,1,true,1,0.776,epoch_begin,0,1,8.776,8.776,3.593,3.593,8,epoch_begin,building_plan,,ECONOMY_GRAPH,false,"{""economy:epoch_begin"":1,""native_daily:climate_pass_b"":1,""native_daily:native_daily_complete"":1,""native_daily:native_daily_finalizer"":1,""native_daily:ocean_land"":1,""native_daily:sea_ice"":1,""native_daily:wind_surface"":1}","{""economy:epoch_begin"":3.593,""native_daily:climate_pass_b"":0.619,""native_daily:native_daily_complete"":0.292,""native_daily:native_daily_finalizer"":0.516,""native_daily:ocean_land"":1.247,""native_daily:sea_ice"":0.698,""native_daily:wind_surface"":0.91}","{""economy:epoch_begin"":3.593,""native_daily:climate_pass_b"":0.619,""native_daily:native_daily_complete"":0.292,""native_daily:native_daily_finalizer"":0.516,""native_daily:ocean_land"":1.247,""native_daily:sea_ice"":0.698,""native_daily:wind_surface"":0.91}",{},{},{},{},0.001,0.001,5.776,0.052,0,2.937,676,811,4,0,0.898,0,0.647,0.033,1.425,0.33,0,0,100,0,22.173667,618.051,0.021,13.408667,708,288501,452,373,373,0,137692,11,7065,2,0,0,2,4800,0,78.331,0,SHADOW,SHADOW,,4095,2050,2045,missing_native_domain_handlers,false,16,false,0,0,false,0,0,0,0,0,climate_trace_reference_pending,,,,,0,,,0,0,2,0,0,1.463417,0,0,0,0,0,0,378,377,2400,true,0,0,0,0,0,0,0,0,0,0,4088,0,3,0,3,0,0,0,0,0,0,0,climate_trace_reference_pending,0,0,0,0,0,0,0,0,0,0,0,0,0,0,0,0,0,0,0,0,0,0,0,0,0,false,
266,379,47533,false,32,50,15.921,15.374,0.011,0.29,native_daily_sim,climate_pass_a,climate_pass_a_struct,gdext_native_daily_slice,1.746,1,0,0,1,-1,-1,,0.572738,3.18607,4.988,7.016,257,8,3,1.5,false,2,8.666,,,,,,,,,,,,,,,,,,,,,,,,,,,,,,,,,,,,,,,,,,0,0,0,0,false,0,0,,0,0,0,0,0,0,0,,,,,false,{},{},{},{},{},{},{},0,0,0.408,0.068,0,2.126,676,811,4,0,0.615,0.162,0.666,0.017,0.46,0.27,0,0,100,0,11.456333,618.051,0.021,8.854333,708,288285,452,373,373,0,137692,11,7065,2,0,0,2,4800,0,78.331,0,SHADOW,SHADOW,,4095,2050,2045,missing_native_domain_handlers,false,16,false,0,0,false,0,0,0,0,0,climate_trace_reference_pending,,,,,0,,,0,0,2,0,0,1.187492,0,0,0,0,0,0,379,378,2400,true,0,0,0,0,0,0,0,0,0,0,4088,0,3,0,3,0,0,0,0,0,0,0,climate_trace_reference_pending,0,0,0,0,0,0,0,0,0,0,0,0,0,0,0,0,0,0,0,0,0,0,0,0,0,false,
267,380,47586,false,32,50,28.305,27.629,0.012,0.388,natural_resource_daily,natural_resource_daily,,gdext,3.959,2400,0,0,2400,-1,-1,,606.213673,3.187493,5.017,7.016,257,8,3,1.5,false,2,8.666,,,,,,,,,,,,,,,,,,,,,,,,,,,,,,,,,,,,,,,,,,1,6,6,1,false,0,0,,0,0,5.162,5.162,1.259,0.427,8,native_daily_complete,native_daily_complete,round_complete,gdext_native_daily_slice,true,"{""native_daily:climate_pass_b"":1,""native_daily:native_daily_complete"":1,""native_daily:native_daily_finalizer"":1,""native_daily:ocean_land"":1,""native_daily:sea_ice"":1,""native_daily:wind_surface"":1}","{""native_daily:climate_pass_b"":0.761,""native_daily:native_daily_complete"":0.427,""native_daily:native_daily_finalizer"":1.259,""native_daily:ocean_land"":1.245,""native_daily:sea_ice"":0.599,""native_daily:wind_surface"":0.755}","{""native_daily:climate_pass_b"":0.761,""native_daily:native_daily_complete"":0.427,""native_daily:native_daily_finalizer"":1.259,""native_daily:ocean_land"":1.245,""native_daily:sea_ice"":0.599,""native_daily:wind_surface"":0.755}",{},{},{},{},0,0,0.435,0.072,0,1.499,676,811,4,0,0.477,0,0.666,0.009,0.05,0.23,0,0,100,0,17.677333,618.051,0.021,15.671333,708,288260,452,374,374,0,138071,11,6999,2,0,0,2,4800,0,78.331,0,SHADOW,SHADOW,,4095,2050,2045,missing_native_domain_handlers,false,16,false,0,0,false,0,0,0,0,0,climate_trace_reference_pending,,,,,0,,,0,0,2,0,0,1.240422,0,0,0,0,0,0,380,379,2400,true,0,0,0,0,0,0,0,0,0,0,4088,0,3,0,3,0,0,0,0,0,0,0,climate_trace_reference_pending,0,0,0,0,0,0,0,0,0,0,0,0,0,0,0,0,0,0,0,0,0,0,0,0,0,false,
268,381,47615,false,32,50,14.031,13.523,0.011,0.287,native_daily_sim,climate_pass_a,climate_pass_a_struct,gdext_native_daily_slice,1.961,1,0,0,1,-1,-1,,0.509944,3.189993,5.017,7.016,257,8,3,1.5,false,2,8.666,,,,,,,,,,,,,,,,,,,,,,,,,,,,,,,,,,,,,,,,,,1,0,0,0,false,0,0,,0,0,2.416,2.416,0,0,8,,,,,false,{},{},{},{},{},{},{},0,0,2.851,0.073,0,1.01,676,811,4,0,0.293,0,0.43,0.008,0.034,0.189,0,0,100,0,14.4425,618.051,0.021,10.5085,708,288260,452,374,374,0,138071,11,6999,2,0,0,2,4800,0,78.331,0,SHADOW,SHADOW,,4095,2050,2045,missing_native_domain_handlers,false,16,false,0,0,false,0,0,0,0,0,climate_trace_reference_pending,,,,,0,,,0,0,2,0,0,1.364542,0,0,0,0,0,0,381,380,2400,true,0,0,0,0,0,0,0,0,0,0,4088,0,3,0,3,0,0,0,0,0,0,0,climate_trace_reference_pending,0,0,0,0,0,0,0,0,0,0,0,0,0,0,0,0,0,0,0,0,0,0,0,0,0,false,
269,382,47688,false,32,50,21.38,20.247,0.634,0.28,dynamic_visual_atlas_upload,,,cell_indirection_lut,1.668,2400,2400,0,0,-1,-1,,1438.848936,3.197013,5.017,7.016,258,8,3,1.5,false,2,8.666,,,,,,,,,,,,,,,,,,,,,,,,,,,,,,,,,,,,,,,,,,2,10,10,1,true,1,1.671,epoch_begin,0,1,16.419,9.671,5.574,5.574,8,epoch_begin,building_plan,,ECONOMY_GRAPH,false,"{""economy:epoch_begin"":1,""native_daily:climate_pass_b"":1,""native_daily:native_daily_complete"":1,""native_daily:native_daily_finalizer"":1,""native_daily:ocean_land"":1,""native_daily:runtime_hydrology"":1,""native_daily:sea_ice"":1,""native_daily:transpiration"":1,""native_daily:weather_stage_b"":1,""native_daily:wind_surface"":1}","{""economy:epoch_begin"":5.574,""native_daily:climate_pass_b"":0.574,""native_daily:native_daily_complete"":0.717,""native_daily:native_daily_finalizer"":0.612,""native_daily:ocean_land"":1.099,""native_daily:runtime_hydrology"":1.83,""native_daily:sea_ice"":0.565,""native_daily:transpiration"":0.552,""native_daily:weather_stage_b"":1.912,""native_daily:wind_surface"":1.939}","{""economy:epoch_begin"":5.574,""native_daily:climate_pass_b"":0.574,""native_daily:native_daily_complete"":0.717,""native_daily:native_daily_finalizer"":0.612,""native_daily:ocean_land"":1.099,""native_daily:runtime_hydrology"":1.83,""native_daily:sea_ice"":0.565,""native_daily:transpiration"":0.552,""native_daily:weather_stage_b"":1.912,""native_daily:wind_surface"":1.939}",{},{},{},{},0,0.001,0.522,0.046,0,1.464,676,811,4,0,0.415,0,0.439,0.017,0.206,0.287,0,0,100,0,14.5452,618.051,0.021,12.5132,708,288260,452,376,376,0,138825,11,6822,2,0,0,2,4800,0,78.331,0,SHADOW,SHADOW,,4095,2050,2045,missing_native_domain_handlers,false,16,false,0,0,false,0,0,0,0,0,climate_trace_reference_pending,,,,,0,,,0,0,2,0,0,1.601442,0,0,0,0,0,0,382,381,2400,true,0,0,0,0,0,0,0,0,0,0,4088,0,3,0,3,0,0,0,0,0,0,0,climate_trace_reference_pending,0,0,0,0,0,0,0,0,0,0,0,0,0,0,0,0,0,0,0,0,0,0,0,0,0,false,
270,383,47729,false,32,50,21.503,18.71,0.009,0.365,native_daily_sim,climate_pass_a,climate_pass_a_struct,gdext_native_daily_slice,3.587,1,0,0,1,-1,-1,,0.278785,3.209783,5.034,7.016,258,8,3,1.5,false,2,8.666,,,,,,,,,,,,,,,,,,,,,,,,,,,,,,,,,,,,,,,,,,0,0,0,0,false,0,0,,0,0,0,0,0,0,0,,,,,false,{},{},{},{},{},{},{},0,0.001,0.36,0.076,0,3.559,676,820,3,0,1.539,0.132,0.688,0.149,1.726,0.439,0,0,100,0,13.744,618.051,0.021,9.749,708,288240,452,376,376,0,138825,11,6822,2,0,0,2,4800,0,78.331,0,SHADOW,SHADOW,,4095,2050,2045,missing_native_domain_handlers,false,16,false,0,0,false,0,0,0,0,0,climate_trace_reference_pending,,,,,0,,,0,0,2,0,0,1.728637,0,0,0,0,0,0,383,382,2400,true,0,0,0,0,0,0,0,0,0,0,4088,0,3,0,3,0,0,0,0,0,0,0,climate_trace_reference_pending,0,0,0,0,0,0,0,0,0,0,0,0,0,0,0,0,0,0,0,0,0,0,0,0,0,false,
271,384,47796,false,32,50,24.815,24.256,0.01,0.293,dynamic_visual_atlas_upload,,,cell_indirection_lut,1.616,2400,2400,0,0,-1,-1,,1485.148463,3.211866,5.088,7.016,258,8,3,1.5,false,2,8.666,,,,,,,,,,,,,,,,,,,,,,,,,,,,,,,,,,,,,,,,,,2,8,8,1,true,1,0.174,building_plan,0,2,13.513,8.174,5.016,0.219,8,building_plan,building_plan,evaluate,ECONOMY_GRAPH,false,"{""economy:building_plan"":1,""economy:epoch_begin"":1,""native_daily:climate_pass_b"":1,""native_daily:native_daily_complete"":1,""native_daily:native_daily_finalizer"":1,""native_daily:ocean_land"":1,""native_daily:sea_ice"":1,""native_daily:wind_surface"":1}","{""economy:building_plan"":0.219,""economy:epoch_begin"":5.016,""native_daily:climate_pass_b"":0.629,""native_daily:native_daily_complete"":0.363,""native_daily:native_daily_finalizer"":0.896,""native_daily:ocean_land"":1.305,""native_daily:sea_ice"":2.295,""native_daily:wind_surface"":1.005}","{""economy:building_plan"":0.219,""economy:epoch_begin"":5.016,""native_daily:climate_pass_b"":0.629,""native_daily:native_daily_complete"":0.363,""native_daily:native_daily_finalizer"":0.896,""native_daily:ocean_land"":1.305,""native_daily:sea_ice"":2.295,""native_daily:wind_surface"":1.005}",{},{},{},{},0,0.001,6.632,0.062,0,0.721,676,820,1,0,0.65,0,0.203,0.007,0.142,0.124,0,0,100,0,16.789,618.051,0.021,9.374,708,287871,452,378,378,0,139578,11,7145,2,0,0,2,4800,0,78.331,0,SHADOW,SHADOW,,4095,2050,2045,missing_native_domain_handlers,false,16,false,0,0,false,0,0,0,0,0,climate_trace_reference_pending,,,,,0,,,0,0,2,0,0,1.915362,0,0,0,0,0,0,384,383,2400,true,0,0,0,0,0,0,0,0,0,0,4088,0,3,0,3,0,0,0,0,0,0,0,climate_trace_reference_pending,0,0,0,0,0,0,0,0,0,0,0,0,0,0,0,0,0,0,0,0,0,0,0,0,0,false,
272,385,47841,false,32,50,26.638,20.053,0.018,6.236,natural_resource_daily,natural_resource_daily,,gdext,3.849,2400,0,0,2400,-1,-1,,623.538585,3.223853,5.161,7.179,258,8,3,1.5,false,2,8.666,,,,,,,,,,,,,,,,,,,,,,,,,,,,,,,,,,,,,,,,,,0,0,0,0,false,0,0,,0,0,0,0,0,0,0,,,,,false,{},{},{},{},{},{},{},0,0,0.317,0.055,0,1.495,676,820,4,0,0.486,0,0.46,0.011,0.208,0.305,0,0,100,0,15.106,618.051,0.021,13.239,708,287907,452,378,378,0,139578,11,7145,2,0,0,2,4800,0,78.331,0,SHADOW,SHADOW,,4095,2050,2045,missing_native_domain_handlers,false,16,false,0,0,false,0,0,0,0,0,climate_trace_reference_pending,,,,,0,,,0,0,2,0,0,1.070112,0,0,0,0,0,0,385,384,2400,true,0,0,0,0,0,0,0,0,0,0,4088,0,3,0,3,0,0,0,0,0,0,0,climate_trace_reference_pending,0,0,0,0,0,0,0,0,0,0,0,0,0,0,0,0,0,0,0,0,0,0,0,0,0,false,
273,386,47906,false,32,50,21.658,20.867,0.019,0.431,trigger_runtime,trigger_evaluate,,TRIGGER_GRAPH,1.169,357,0,0,357,-1,-1,,305.389214,3.228766,5.161,7.179,259,8,3,1.5,false,2,8.666,,,,,,,,,,,,,,,,,,,,,,,,,,,,,,,,,,,,,,,,,,1,7,7,1,true,1,0.598,epoch_begin,0,1,8.598,8.598,1.864,1.864,8,epoch_begin,building_plan,,ECONOMY_GRAPH,false,"{""economy:epoch_begin"":1,""native_daily:climate_pass_b"":1,""native_daily:native_daily_complete"":1,""native_daily:native_daily_finalizer"":1,""native_daily:ocean_land"":1,""native_daily:sea_ice"":1,""native_daily:wind_surface"":1}","{""economy:epoch_begin"":1.864,""native_daily:climate_pass_b"":0.701,""native_daily:native_daily_complete"":0.303,""native_daily:native_daily_finalizer"":0.55,""native_daily:ocean_land"":1.576,""native_daily:sea_ice"":0.641,""native_daily:wind_surface"":1.096}","{""economy:epoch_begin"":1.864,""native_daily:climate_pass_b"":0.701,""native_daily:native_daily_complete"":0.303,""native_daily:native_daily_finalizer"":0.55,""native_daily:ocean_land"":1.576,""native_daily:sea_ice"":0.641,""native_daily:wind_surface"":1.096}",{},{},{},{},0,0.001,0.338,0.056,0,1.1,676,820,4,0,0.317,0,0.398,0.01,0.044,0.192,0,0,100,0,16.06425,618.051,0.021,14.57025,708,287907,452,380,380,0,140336,11,7144,2,0,0,2,4800,0,78.331,0,SHADOW,SHADOW,,4095,2050,2045,missing_native_domain_handlers,false,16,false,0,0,false,0,0,0,0,0,climate_trace_reference_pending,,,,,0,,,0,0,2,0,0,1.504802,0,0,0,0,0,0,386,385,2400,true,0,0,0,0,0,0,0,0,0,0,4088,0,3,0,3,0,0,0,0,0,0,0,climate_trace_reference_pending,0,0,0,0,0,0,0,0,0,0,0,0,0,0,0,0,0,0,0,0,0,0,0,0,0,false,
274,387,47940,false,32,50,18.101,17.357,0.014,0.39,native_daily_sim,climate_pass_a,climate_pass_a_struct,gdext_native_daily_slice,3.105,1,0,0,1,-1,-1,,0.322061,3.23694,5.161,7.179,259,8,3,1.5,false,2,8.666,,,,,,,,,,,,,,,,,,,,,,,,,,,,,,,,,,,,,,,,,,0,0,0,0,false,0,0,,0,0,0,0,0,0,0,,,,,false,{},{},{},{},{},{},{},0,0,0.37,0.062,0,1.019,676,820,4,0,0.336,0,0.372,0.009,0.04,0.176,0,0,100,0,11.408667,618.051,0.021,9.957667,708,287907,452,380,380,0,140336,11,7144,2,0,0,2,4800,0,78.331,0,SHADOW,SHADOW,,4095,2050,2045,missing_native_domain_handlers,false,16,false,0,0,false,0,0,0,0,0,climate_trace_reference_pending,,,,,0,,,0,0,2,0,0,1.417647,0,0,0,0,0,0,387,386,2400,true,0,0,0,0,0,0,0,0,0,0,4088,0,3,0,3,0,0,0,0,0,0,0,climate_trace_reference_pending,0,0,0,0,0,0,0,0,0,0,0,0,0,0,0,0,0,0,0,0,0,0,0,0,0,false,
275,388,48018,false,32,50,27.267,26.515,0.017,0.396,dynamic_visual_atlas_upload,,,cell_indirection_lut,1.854,2400,2400,0,0,-1,-1,,1294.498401,3.23885,5.161,7.179,259,8,3,1.5,false,2,8.666,,,,,,,,,,,,,,,,,,,,,,,,,,,,,,,,,,,,,,,,,,2,8,8,1,true,1,0.104,building_plan,0,2,13.657,8.104,4.75,0.314,8,building_plan,building_plan,evaluate,ECONOMY_GRAPH,false,"{""economy:building_plan"":1,""economy:epoch_begin"":1,""native_daily:climate_pass_b"":1,""native_daily:native_daily_complete"":1,""native_daily:native_daily_finalizer"":1,""native_daily:ocean_land"":1,""native_daily:sea_ice"":1,""native_daily:wind_surface"":1}","{""economy:building_plan"":0.314,""economy:epoch_begin"":4.75,""native_daily:climate_pass_b"":0.733,""native_daily:native_daily_complete"":0.559,""native_daily:native_daily_finalizer"":1.668,""native_daily:ocean_land"":1.079,""native_daily:sea_ice"":0.737,""native_daily:wind_surface"":1.236}","{""economy:building_plan"":0.314,""economy:epoch_begin"":4.75,""native_daily:climate_pass_b"":0.733,""native_daily:native_daily_complete"":0.559,""native_daily:native_daily_finalizer"":1.668,""native_daily:ocean_land"":1.079,""native_daily:sea_ice"":0.737,""native_daily:wind_surface"":1.236}",{},{},{},{},0,0,0.428,0.064,0,3.967,645,820,3,0,1.806,0.168,0.812,0.016,2.096,0.431,0,0,100,0,15.7454,618.051,0.021,11.2864,708,287907,452,382,382,0,141095,11,7739,2,0,0,2,4800,0,78.331,0,SHADOW,SHADOW,,4095,2050,2045,missing_native_domain_handlers,false,16,false,0,0,false,0,0,0,0,0,climate_trace_reference_pending,,,,,0,,,0,0,2,0,0,1.860407,0,0,0,0,0,0,388,387,2400,true,0,0,0,0,0,0,0,0,0,0,4088,0,3,0,3,0,0,0,0,0,0,0,climate_trace_reference_pending,0,0,0,0,0,0,0,0,0,0,0,0,0,0,0,0,0,0,0,0,0,0,0,0,0,false,
276,389,48056,false,69,50,17.766,17.123,0.016,0.318,native_daily_sim,climate_pass_a,climate_pass_a_struct,gdext_native_daily_slice,2.554,1,0,0,1,-1,-1,,0.391543,3.245956,5.161,7.179,259,8,3,1.5,false,2,8.666,,,,,,,,,,,,,,,,,,,,,,,,,,,,,,,,,,,,,,,,,,0,0,0,0,false,0,0,,0,0,0,0,0,0,0,,,,,false,{},{},{},{},{},{},{},0,0,0.427,0.077,0,2.638,645,820,4,0,0.684,0,0.966,0.015,0.669,0.371,0,0,100,0,12.623333,42.4,0.027,9.481333,708,287907,452,382,382,0,141095,11,7739,2,0,0,2,4800,0,78.331,0,SHADOW,SHADOW,,4095,2050,2045,missing_native_domain_handlers,false,16,false,0,0,false,0,0,0,0,0,climate_trace_reference_pending,,,,,0,,,0,0,2,0,0,1.273592,0,0,0,0,0,0,389,388,2400,true,0,0,0,0,0,0,0,0,0,0,4088,0,3,0,3,0,0,0,0,0,0,0,climate_trace_reference_pending,0,0,0,0,0,0,0,0,0,0,0,0,0,0,0,0,0,0,0,0,0,0,0,0,0,false,
277,390,48134,false,69,50,23.399,22.374,0.549,0.261,natural_resource_daily,natural_resource_daily,,gdext,2.599,2400,0,0,2400,-1,-1,,923.432097,3.254616,5.19,7.179,259,8,3,1.5,false,2,8.666,,,,,,,,,,,,,,,,,,,,,,,,,,,,,,,,,,,,,,,,,,2,10,10,1,true,1,1.88,epoch_begin,0,1,16.862,9.88,5.271,5.271,8,epoch_begin,building_plan,,ECONOMY_GRAPH,false,"{""economy:epoch_begin"":1,""native_daily:climate_pass_b"":1,""native_daily:native_daily_complete"":1,""native_daily:native_daily_finalizer"":1,""native_daily:ocean_land"":1,""native_daily:runtime_hydrology"":1,""native_daily:sea_ice"":1,""native_daily:transpiration"":1,""native_daily:weather_stage_b"":1,""native_daily:wind_surface"":1}","{""economy:epoch_begin"":5.271,""native_daily:climate_pass_b"":0.85,""native_daily:native_daily_complete"":1.024,""native_daily:native_daily_finalizer"":0.839,""native_daily:ocean_land"":1.133,""native_daily:runtime_hydrology"":1.737,""native_daily:sea_ice"":0.741,""native_daily:transpiration"":0.775,""native_daily:weather_stage_b"":2.476,""native_daily:wind_surface"":0.872}","{""economy:epoch_begin"":5.271,""native_daily:climate_pass_b"":0.85,""native_daily:native_daily_complete"":1.024,""native_daily:native_daily_finalizer"":0.839,""native_daily:ocean_land"":1.133,""native_daily:runtime_hydrology"":1.737,""native_daily:sea_ice"":0.741,""native_daily:transpiration"":0.775,""native_daily:weather_stage_b"":2.476,""native_daily:wind_surface"":0.872}",{},{},{},{},0,0,0.329,0.062,0,1.661,645,820,4,0,0.652,0,0.691,0.019,0.234,0.316,0,0,100,0,15.5214,42.4,0.027,13.4694,708,287853,452,384,384,0,141854,11,6059,2,0,0,2,4800,0,78.331,0,SHADOW,SHADOW,,4095,2050,2045,missing_native_domain_handlers,false,16,false,0,0,false,0,0,0,0,0,climate_trace_reference_pending,,,,,0,,,0,0,2,0,0,1.887192,0,0,0,0,0,0,390,389,2400,true,0,0,0,0,0,0,0,0,0,0,4088,0,3,0,3,0,0,0,0,0,0,0,climate_trace_reference_pending,0,0,0,0,0,0,0,0,0,0,0,0,0,0,0,0,0,0,0,0,0,0,0,0,0,false,
278,391,48165,false,69,50,13.279,12.735,0.011,0.308,native_daily_sim,climate_pass_a,climate_pass_a_struct,gdext_native_daily_slice,1.411,1,0,0,1,-1,-1,,0.708717,3.25673,5.19,7.179,259,8,3,1.5,false,2,8.666,,,,,,,,,,,,,,,,,,,,,,,,,,,,,,,,,,,,,,,,,,0,0,0,0,false,0,0,,0,0,0,0,0,0,0,,,,,false,{},{},{},{},{},{},{},0,0.001,0.36,0.048,0,2.887,645,820,3,0,1.597,0,0.654,0.028,1.444,0.409,0,0,100,0,10.313333,42.4,0.027,7.018333,708,287418,452,384,384,0,141854,11,6059,2,0,0,2,4800,0,78.331,0,SHADOW,SHADOW,,4095,2050,2045,missing_native_domain_handlers,false,16,false,0,0,false,0,0,0,0,0,climate_trace_reference_pending,,,,,0,,,0,0,2,0,0,1.831132,0,0,0,0,0,0,391,390,2400,true,0,0,0,0,0,0,0,0,0,0,4088,0,3,0,3,0,0,0,0,0,0,0,climate_trace_reference_pending,0,0,0,0,0,0,0,0,0,0,0,0,0,0,0,0,0,0,0,0,0,0,0,0,0,false,
279,392,48223,false,69,50,25.98,25.257,0.015,0.371,dynamic_visual_atlas_upload,,,cell_indirection_lut,1.973,2400,2400,0,0,-1,-1,,1216.421662,3.26203,5.19,7.179,259,8,3,1.5,false,2,8.666,,,,,,,,,,,,,,,,,,,,,,,,,,,,,,,,,,,,,,,,,,1,7,7,1,true,1,1.23,building_plan,0,1,9.23,9.23,4.492,4.492,8,building_plan,building_plan,evaluate,ECONOMY_GRAPH,false,"{""economy:building_plan"":1,""native_daily:climate_pass_b"":1,""native_daily:native_daily_complete"":1,""native_daily:native_daily_finalizer"":1,""native_daily:ocean_land"":1,""native_daily:sea_ice"":1,""native_daily:wind_surface"":1}","{""economy:building_plan"":4.492,""native_daily:climate_pass_b"":0.751,""native_daily:native_daily_complete"":0.329,""native_daily:native_daily_finalizer"":0.506,""native_daily:ocean_land"":0.943,""native_daily:sea_ice"":0.552,""native_daily:wind_surface"":0.739}","{""economy:building_plan"":4.492,""native_daily:climate_pass_b"":0.751,""native_daily:native_daily_complete"":0.329,""native_daily:native_daily_finalizer"":0.506,""native_daily:ocean_land"":0.943,""native_daily:sea_ice"":0.552,""native_daily:wind_surface"":0.739}",{},{},{},{},0.001,0,6.42,0.063,0,0.467,645,820,1,0,0.399,0,0.205,0.005,0.015,0.082,0,0,100,0,19.397667,42.4,0.027,12.447667,708,287073,452,386,386,0,142612,12,8053,2,0,0,2,4800,0,78.331,0,SHADOW,SHADOW,,4095,2050,2045,missing_native_domain_handlers,false,16,false,0,0,false,0,0,0,0,0,climate_trace_reference_pending,,,,,0,,,0,0,2,0,0,1.240492,0,0,0,0,0,0,392,391,2400,true,0,0,0,0,0,0,0,0,0,0,4088,0,3,0,3,0,0,0,0,0,0,0,climate_trace_reference_pending,0,0,0,0,0,0,0,0,0,0,0,0,0,0,0,0,0,0,0,0,0,0,0,0,0,false,
280,393,48258,false,69,50,13.893,13.342,0.012,0.303,native_daily_sim,climate_pass_a,climate_pass_a_struct,gdext_native_daily_slice,1.459,1,0,0,1,-1,-1,,0.685401,3.262263,5.19,7.179,259,8,3,1.5,false,2,8.666,,,,,,,,,,,,,,,,,,,,,,,,,,,,,,,,,,,,,,,,,,0,0,0,0,false,0,0,,0,0,0,0,0,0,0,,,,,false,{},{},{},{},{},{},{},0,0,0.426,0.077,0,2.818,645,820,3,0,1.406,0,0.605,0.029,1.522,0.376,0,0,100,0,11.663667,42.4,0.027,8.342667,708,286573,452,386,386,0,142612,12,8053,2,0,0,2,4800,0,78.331,0,SHADOW,SHADOW,,4095,2050,2045,missing_native_domain_handlers,false,16,false,0,0,false,0,0,0,0,0,climate_trace_reference_pending,,,,,0,,,0,0,2,0,0,1.509362,0,0,0,0,0,0,393,392,2400,true,0,0,0,0,0,0,0,0,0,0,4088,0,3,0,3,0,0,0,0,0,0,0,climate_trace_reference_pending,0,0,0,0,0,0,0,0,0,0,0,0,0,0,0,0,0,0,0,0,0,0,0,0,0,false,
281,394,48318,false,69,50,19.398,18.752,0.049,0.351,trigger_runtime,trigger_evaluate,,TRIGGER_GRAPH,0.821,357,0,0,357,-1,-1,,434.835577,3.263193,5.19,7.179,259,8,3,1.5,false,2,8.666,,,,,,,,,,,,,,,,,,,,,,,,,,,,,,,,,,,,,,,,,,1,7,7,1,true,1,1.319,building_plan,0,1,9.319,9.319,4.253,4.253,8,building_plan,building_plan,evaluate,ECONOMY_GRAPH,false,"{""economy:building_plan"":1,""native_daily:climate_pass_b"":1,""native_daily:native_daily_complete"":1,""native_daily:native_daily_finalizer"":1,""native_daily:ocean_land"":1,""native_daily:sea_ice"":1,""native_daily:wind_surface"":1}","{""economy:building_plan"":4.253,""native_daily:climate_pass_b"":0.734,""native_daily:native_daily_complete"":0.337,""native_daily:native_daily_finalizer"":0.924,""native_daily:ocean_land"":0.99,""native_daily:sea_ice"":0.555,""native_daily:wind_surface"":0.787}","{""economy:building_plan"":4.253,""native_daily:climate_pass_b"":0.734,""native_daily:native_daily_complete"":0.337,""native_daily:native_daily_finalizer"":0.924,""native_daily:ocean_land"":0.99,""native_daily:sea_ice"":0.555,""native_daily:wind_surface"":0.787}",{},{},{},{},0,0,0.437,0.052,0,1.526,645,820,4,0,0.493,0,0.579,0.008,0.288,0.229,0,0,100,0,14.98675,42.4,0.027,12.97175,708,285903,452,388,388,0,143369,12,6829,2,0,0,2,4800,0,78.331,0,SHADOW,SHADOW,,4095,2050,2045,missing_native_domain_handlers,false,16,false,0,0,false,0,0,0,0,0,climate_trace_reference_pending,,,,,0,,,0,0,2,0,0,1.204472,0,0,0,0,0,0,394,393,2400,true,0,0,0,0,0,0,0,0,0,0,4088,0,3,0,3,0,0,0,0,0,0,0,climate_trace_reference_pending,0,0,0,0,0,0,0,0,0,0,0,0,0,0,0,0,0,0,0,0,0,0,0,0,0,false,
282,395,48349,false,69,50,14.684,14.182,0.01,0.286,natural_resource_daily,natural_resource_daily,,gdext,2.384,2400,0,0,2400,-1,-1,,1006.711383,3.27113,5.218,7.179,259,8,3,1.5,false,2,8.666,,,,,,,,,,,,,,,,,,,,,,,,,,,,,,,,,,,,,,,,,,0,0,0,0,false,0,0,,0,0,0,0,0,0,0,,,,,false,{},{},{},{},{},{},{},0,0,0.348,0.054,0,0.631,645,820,2,0,0.384,0,0.312,0.007,0.091,0.101,0,0,100,0,10.413667,42.4,0.027,9.380667,708,285328,452,388,388,0,143369,12,6829,2,0,0,2,4800,0,78.331,0,SHADOW,SHADOW,,4095,2050,2045,missing_native_domain_handlers,false,16,false,0,0,false,0,0,0,0,0,climate_trace_reference_pending,,,,,0,,,0,0,2,0,0,1.954892,0,0,0,0,0,0,395,394,2400,true,0,0,0,0,0,0,0,0,0,0,4088,0,3,0,3,0,0,0,0,0,0,0,climate_trace_reference_pending,0,0,0,0,0,0,0,0,0,0,0,0,0,0,0,0,0,0,0,0,0,0,0,0,0,false,
283,396,48402,false,69,50,23.209,22.564,0.013,0.362,ocean_currents,phys_slp,next_phys_wind,gdext,1.874,0,0,0,0,-1,-1,,0,3.276977,5.284,7.179,259,8,3,1.5,false,2,8.666,,,,,,,,,,,,,,,,,,,,,,,,,,,,,,,,,,,,,,,,,,1,8,8,1,true,1,0.003,building_plan,0,2,8.003,8.003,1.522,0.201,8,building_plan,building_plan,evaluate,ECONOMY_GRAPH,false,"{""economy:building_plan"":2,""native_daily:climate_pass_b"":1,""native_daily:native_daily_complete"":1,""native_daily:native_daily_finalizer"":1,""native_daily:ocean_land"":1,""native_daily:sea_ice"":1,""native_daily:wind_surface"":1}","{""economy:building_plan"":1.723,""native_daily:climate_pass_b"":0.685,""native_daily:native_daily_complete"":0.361,""native_daily:native_daily_finalizer"":0.599,""native_daily:ocean_land"":1.02,""native_daily:sea_ice"":0.588,""native_daily:wind_surface"":1.036}","{""economy:building_plan"":1.522,""native_daily:climate_pass_b"":0.685,""native_daily:native_daily_complete"":0.361,""native_daily:native_daily_finalizer"":0.599,""native_daily:ocean_land"":1.02,""native_daily:sea_ice"":0.588,""native_daily:wind_surface"":1.036}",{},{},{},{},0,0.001,5.958,0.053,0,1.67,645,820,4,0,0.501,0,0.583,0.021,0.435,0.245,0,0,100,0,17.530667,42.4,0.027,9.849667,708,285328,452,390,390,0,144131,12,6697,2,0,0,2,4800,0,78.331,0,SHADOW,SHADOW,,4095,2050,2045,missing_native_domain_handlers,false,16,false,0,0,false,0,0,0,0,0,climate_trace_reference_pending,,,,,0,,,0,0,2,0,0,1.155622,0,0,0,0,0,0,396,395,2400,true,0,0,0,0,0,0,0,0,0,0,4088,0,3,0,3,0,0,0,0,0,0,0,climate_trace_reference_pending,0,0,0,0,0,0,0,0,0,0,0,0,0,0,0,0,0,0,0,0,0,0,0,0,0,false,
284,397,48433,false,69,50,15.04,14.392,0.012,0.356,native_daily_sim,climate_pass_a,climate_pass_a_struct,gdext_native_daily_slice,2.54,1,0,0,1,-1,-1,,0.393701,3.28051,5.284,7.179,259,8,3,1.5,false,2,8.666,,,,,,,,,,,,,,,,,,,,,,,,,,,,,,,,,,,,,,,,,,0,0,0,0,false,0,0,,0,0,0,0,0,0,0,,,,,false,{},{},{},{},{},{},{},0,0.001,0.277,0.058,0,1.343,645,820,4,0,0.386,0,0.582,0.01,0.108,0.248,0,0,100,0,10.438,42.4,0.027,8.76,707,285250,452,390,390,0,144131,12,6697,2,0,0,2,4800,0,78.331,0,SHADOW,SHADOW,,4095,2050,2045,missing_native_domain_handlers,false,16,false,0,0,false,0,0,0,0,0,climate_trace_reference_pending,,,,,0,,,0,0,2,0,0,1.145717,0,0,0,0,0,0,397,396,2400,true,0,0,0,0,0,0,0,0,0,0,4088,0,3,0,3,0,0,0,0,0,0,0,climate_trace_reference_pending,0,0,0,0,0,0,0,0,0,0,0,0,0,0,0,0,0,0,0,0,0,0,0,0,0,false,
285,398,48494,false,69,50,18.493,17.195,0.74,0.292,trigger_runtime,trigger_evaluate,,TRIGGER_GRAPH,1.009,358,0,0,358,-1,-1,,354.806759,3.281173,5.284,7.179,259,8,3,1.5,false,2,8.666,,,,,,,,,,,,,,,,,,,,,,,,,,,,,,,,,,,,,,,,,,2,11,11,1,true,1,0.066,building_plan,0,2,14.547,8.066,3.676,0.229,8,building_plan,building_plan,evaluate,ECONOMY_GRAPH,false,"{""economy:building_plan"":2,""native_daily:climate_pass_b"":1,""native_daily:native_daily_complete"":1,""native_daily:native_daily_finalizer"":1,""native_daily:ocean_land"":1,""native_daily:runtime_hydrology"":1,""native_daily:sea_ice"":1,""native_daily:transpiration"":1,""native_daily:weather_stage_b"":1,""native_daily:wind_surface"":1}","{""economy:building_plan"":3.905,""native_daily:climate_pass_b"":0.829,""native_daily:native_daily_complete"":0.659,""native_daily:native_daily_finalizer"":0.699,""native_daily:ocean_land"":1.242,""native_daily:runtime_hydrology"":1.103,""native_daily:sea_ice"":0.723,""native_daily:transpiration"":0.734,""native_daily:weather_stage_b"":1.848,""native_daily:wind_surface"":0.982}","{""economy:building_plan"":3.676,""native_daily:climate_pass_b"":0.829,""native_daily:native_daily_complete"":0.659,""native_daily:native_daily_finalizer"":0.699,""native_daily:ocean_land"":1.242,""native_daily:runtime_hydrology"":1.103,""native_daily:sea_ice"":0.723,""native_daily:transpiration"":0.734,""native_daily:weather_stage_b"":1.848,""native_daily:wind_surface"":0.982}",{},{},{},{},0,0,5.403,0.087,0,1.952,645,820,4,0,0.879,0,0.603,0.015,0.703,0.378,0,0,100,0,15.249,42.4,0.027,7.807,707,285000,452,392,392,0,144890,12,6879,2,0,0,2,4800,0,78.331,0,SHADOW,SHADOW,,4095,2050,2045,missing_native_domain_handlers,false,16,false,0,0,false,0,0,0,0,0,climate_trace_reference_pending,,,,,0,,,0,0,2,0,0,1.000482,0,0,0,0,0,0,398,397,2400,true,0,0,0,0,0,0,0,0,0,0,4088,0,3,0,3,0,0,0,0,0,0,0,climate_trace_reference_pending,0,0,0,0,0,0,0,0,0,0,0,0,0,0,0,0,0,0,0,0,0,0,0,0,0,false,
286,399,48522,false,69,50,12.011,11.505,0.01,0.281,native_daily_sim,climate_pass_a,climate_pass_a_struct,gdext_native_daily_slice,1.853,1,0,0,1,-1,-1,,0.539665,3.282303,5.284,7.179,259,8,3,1.5,false,2,8.666,,,,,,,,,,,,,,,,,,,,,,,,,,,,,,,,,,,,,,,,,,0,0,0,0,false,0,0,,0,0,0,0,0,0,0,,,,,false,{},{},{},{},{},{},{},0,0,0.253,0.045,0,0.941,652,820,4,0,0.291,0.068,0.47,0.006,0.028,0.133,0,0,100,0,9.158,42.4,0.027,7.919,705,284765,450,392,392,0,144890,12,6879,2,0,0,2,4800,0,78.331,0,SHADOW,SHADOW,,4095,2050,2045,missing_native_domain_handlers,false,16,false,0,0,false,0,0,0,0,0,climate_trace_reference_pending,,,,,0,,,0,0,2,0,0,1.700997,0,0,0,0,0,0,399,398,2400,true,0,0,0,0,0,0,0,0,0,0,4088,0,3,0,3,0,0,0,0,0,0,0,climate_trace_reference_pending,0,0,0,0,0,0,0,0,0,0,0,0,0,0,0,0,0,0,0,0,0,0,0,0,0,false,
287,400,48577,false,69,50,26.934,26.364,0.013,0.313,natural_resource_daily,natural_resource_daily,,gdext,2.982,2400,0,0,2400,-1,-1,,804.828943,3.293876,5.386,7.511,259,8,3,1.5,false,2,8.666,,,,,,,,,,,,,,,,,,,,,,,,,,,,,,,,,,,,,,,,,,1,7,7,1,true,1,1.596,epoch_begin,0,1,9.596,9.596,4.19,4.19,8,epoch_begin,building_plan,,ECONOMY_GRAPH,false,"{""economy:epoch_begin"":1,""native_daily:climate_pass_b"":1,""native_daily:native_daily_complete"":1,""native_daily:native_daily_finalizer"":1,""native_daily:ocean_land"":1,""native_daily:sea_ice"":1,""native_daily:wind_surface"":1}","{""economy:epoch_begin"":4.19,""native_daily:climate_pass_b"":0.518,""native_daily:native_daily_complete"":0.402,""native_daily:native_daily_finalizer"":0.668,""native_daily:ocean_land"":1.119,""native_daily:sea_ice"":0.733,""native_daily:wind_surface"":0.981}","{""economy:epoch_begin"":4.19,""native_daily:climate_pass_b"":0.518,""native_daily:native_daily_complete"":0.402,""native_daily:native_daily_finalizer"":0.668,""native_daily:ocean_land"":1.119,""native_daily:sea_ice"":0.733,""native_daily:wind_surface"":0.981}",{},{},{},{},0,0,6.264,0.046,0,0.052,639,820,0,0,0,0.047,0,0,0,0,0,0,100,0,18.304,42.4,0.027,11.942,705,284765,450,394,394,0,145281,13,8460,3,0,0,2,4800,0,78.331,0,SHADOW,SHADOW,,4095,2050,2045,missing_native_domain_handlers,false,16,false,0,0,false,0,0,0,0,0,climate_trace_reference_pending,,,,,0,,,0,0,2,0,0,1.728042,0,0,0,0,0,0,400,399,2400,true,0,0,0,0,0,0,0,0,0,0,4088,0,3,0,3,0,0,0,0,0,0,0,climate_trace_reference_pending,0,0,0,0,0,0,0,0,0,0,0,0,0,0,0,0,0,0,0,0,0,0,0,0,0,false,
288,401,48612,false,69,50,19.561,13.625,0.014,5.628,native_daily_sim,climate_pass_a,climate_pass_a_struct,gdext_native_daily_slice,1.631,1,0,0,1,-1,-1,,0.613121,3.29278,5.386,7.511,259,8,3,1.5,false,2,8.666,,,,,,,,,,,,,,,,,,,,,,,,,,,,,,,,,,,,,,,,,,0,0,0,0,false,0,0,,0,0,0,0,0,0,0,,,,,false,{},{},{},{},{},{},{},0,0.001,4.021,0.057,0,2.782,639,820,3,0,1.024,0.162,0.694,0.018,1.254,0.325,0,0,100,0,17.701,42.4,0.027,10.841,705,284765,450,395,395,0,145653,13,3420,2,0,0,2,4800,0,78.331,0,SHADOW,SHADOW,,4095,2050,2045,missing_native_domain_handlers,false,16,false,0,0,false,0,0,0,0,0,climate_trace_reference_pending,,,,,0,,,0,0,2,0,0,1.856262,0,0,0,0,0,0,401,400,2400,true,0,0,0,0,0,0,0,0,0,0,4088,0,3,0,3,0,0,0,0,0,0,0,climate_trace_reference_pending,0,0,0,0,0,0,0,0,0,0,0,0,0,0,0,0,0,0,0,0,0,0,0,0,0,false,
289,402,48657,false,69,50,18.327,17.746,0.014,0.302,ocean_currents,daily_wind_prepass,daily_wind_slp,gdext_daily_wind_slp,1.116,2400,2400,0,0,-1,-1,,2150.537526,3.2939,5.386,7.511,259,8,3,1.5,false,2,8.666,,,,,,,,,,,,,,,,,,,,,,,,,,,,,,,,,,,,,,,,,,1,6,6,1,false,0,0,,0,0,5.22,5.22,1.302,0.434,8,native_daily_complete,native_daily_complete,round_complete,gdext_native_daily_slice,true,"{""native_daily:climate_pass_b"":1,""native_daily:native_daily_complete"":1,""native_daily:native_daily_finalizer"":1,""native_daily:ocean_land"":1,""native_daily:sea_ice"":1,""native_daily:wind_surface"":1}","{""native_daily:climate_pass_b"":0.899,""native_daily:native_daily_complete"":0.434,""native_daily:native_daily_finalizer"":0.698,""native_daily:ocean_land"":1.302,""native_daily:sea_ice"":0.764,""native_daily:wind_surface"":0.979}","{""native_daily:climate_pass_b"":0.899,""native_daily:native_daily_complete"":0.434,""native_daily:native_daily_finalizer"":0.698,""native_daily:ocean_land"":1.302,""native_daily:sea_ice"":0.764,""native_daily:wind_surface"":0.979}",{},{},{},{},0,0.001,0.441,0.068,0,1.725,639,820,4,0,0.406,0.122,0.726,0.011,0.293,0.23,0,0,100,0,15.002,42.4,0.027,12.768,705,284660,450,396,396,0,146033,13,6585,2,0,0,2,4800,0,78.331,0,SHADOW,SHADOW,,4095,2050,2045,missing_native_domain_handlers,false,16,false,0,0,false,0,0,0,0,0,climate_trace_reference_pending,,,,,0,,,0,0,2,0,0,1.172537,0,0,0,0,0,0,402,401,2400,true,0,0,0,0,0,0,0,0,0,0,4088,0,3,0,3,0,0,0,0,0,0,0,climate_trace_reference_pending,0,0,0,0,0,0,0,0,0,0,0,0,0,0,0,0,0,0,0,0,0,0,0,0,0,false,
290,403,48679,false,69,50,12.409,11.8,0.012,0.352,native_daily_sim,climate_pass_a,climate_pass_a_struct,gdext_native_daily_slice,1.463,1,0,0,1,-1,-1,,0.683527,3.294803,5.386,7.511,259,8,3,1.5,false,2,8.666,,,,,,,,,,,,,,,,,,,,,,,,,,,,,,,,,,,,,,,,,,0,0,0,0,false,0,0,,0,0,0,0,0,0,0,,,,,false,{},{},{},{},{},{},{},0,0.001,0.319,0.047,0,1.369,639,820,4,0,0.415,0,0.627,0.01,0.145,0.177,0,0,100,0,11.2265,42.4,0.027,9.4915,705,284660,450,396,396,0,146033,13,6585,2,0,0,2,4800,0,78.331,0,SHADOW,SHADOW,,4095,2050,2045,missing_native_domain_handlers,false,16,false,0,0,false,0,0,0,0,0,climate_trace_reference_pending,,,,,0,,,0,0,2,0,0,1.570237,0,0,0,0,0,0,403,402,2400,true,0,0,0,0,0,0,0,0,0,0,4088,0,3,0,3,0,0,0,0,0,0,0,climate_trace_reference_pending,0,0,0,0,0,0,0,0,0,0,0,0,0,0,0,0,0,0,0,0,0,0,0,0,0,false,
291,404,48744,false,69,50,22.137,21.523,0.012,0.319,dynamic_visual_atlas_upload,,,cell_indirection_lut,1.666,2400,2400,0,0,-1,-1,,1440.576223,3.293356,5.386,7.511,259,8,3,1.5,false,2,8.666,,,,,,,,,,,,,,,,,,,,,,,,,,,,,,,,,,,,,,,,,,1,7,7,1,true,1,1.237,epoch_begin,0,1,9.237,9.237,4.053,4.053,8,epoch_begin,building_plan,,ECONOMY_GRAPH,false,"{""economy:epoch_begin"":1,""native_daily:climate_pass_b"":1,""native_daily:native_daily_complete"":1,""native_daily:native_daily_finalizer"":1,""native_daily:ocean_land"":1,""native_daily:sea_ice"":1,""native_daily:wind_surface"":1}","{""economy:epoch_begin"":4.053,""native_daily:climate_pass_b"":0.743,""native_daily:native_daily_complete"":0.391,""native_daily:native_daily_finalizer"":0.608,""native_daily:ocean_land"":1.203,""native_daily:sea_ice"":0.595,""native_daily:wind_surface"":0.724}","{""economy:epoch_begin"":4.053,""native_daily:climate_pass_b"":0.743,""native_daily:native_daily_complete"":0.391,""native_daily:native_daily_finalizer"":0.608,""native_daily:ocean_land"":1.203,""native_daily:sea_ice"":0.595,""native_daily:wind_surface"":0.724}",{},{},{},{},0,0.001,0.43,0.067,0,1.744,639,820,4,0,0.781,0,0.649,0.045,0.358,0.315,0,0,100,0,16.12775,42.4,0.027,13.88675,705,283123,450,398,398,0,146790,13,7284,2,0,0,2,4800,0,78.331,0,SHADOW,SHADOW,,4095,2050,2045,missing_native_domain_handlers,false,16,false,0,0,false,0,0,0,0,0,climate_trace_reference_pending,,,,,0,,,0,0,2,0,0,1.338837,0,0,0,0,0,0,404,403,2400,true,0,0,0,0,0,0,0,0,0,0,4088,0,3,0,3,0,0,0,0,0,0,0,climate_trace_reference_pending,0,0,0,0,0,0,0,0,0,0,0,0,0,0,0,0,0,0,0,0,0,0,0,0,0,false,
292,405,48774,false,69,50,16.181,15.54,0.013,0.355,native_daily_sim,climate_pass_a,climate_pass_a_struct,gdext_native_daily_slice,2.68,1,0,0,1,-1,-1,,0.373134,3.306023,5.39,7.511,259,8,3,1.5,false,2,8.666,,,,,,,,,,,,,,,,,,,,,,,,,,,,,,,,,,,,,,,,,,0,0,0,0,false,0,0,,0,0,0,0,0,0,0,,,,,false,{},{},{},{},{},{},{},0,0.001,0.415,0.07,0,1.477,639,820,4,0,0.799,0,0.492,0.027,0.363,0.241,0,0,100,0,15.0455,42.4,0.027,13.0835,705,282971,450,398,398,0,146790,13,7284,2,0,0,2,4800,0,78.331,0,SHADOW,SHADOW,,4095,2050,2045,missing_native_domain_handlers,false,16,false,0,0,false,0,0,0,0,0,climate_trace_reference_pending,,,,,0,,,0,0,2,0,0,1.125947,0,0,0,0,0,0,405,404,2400,true,0,0,0,0,0,0,0,0,0,0,4088,0,3,0,3,0,0,0,0,0,0,0,climate_trace_reference_pending,0,0,0,0,0,0,0,0,0,0,0,0,0,0,0,0,0,0,0,0,0,0,0,0,0,false,
293,406,48840,false,69,50,18.65,16.432,0.595,0.283,trigger_runtime,trigger_evaluate,,TRIGGER_GRAPH,0.972,358,0,0,358,-1,-1,,368.312756,3.30785,5.39,7.511,259,8,3,1.5,false,2,8.666,,,,,,,,,,,,,,,,,,,,,,,,,,,,,,,,,,,,,,,,,,2,12,12,1,true,1,0.126,building_plan,0,3,14.449,8.126,2.121,0.143,8,building_plan,trade_settle,reserve,ECONOMY_GRAPH,false,"{""economy:building_plan"":2,""economy:epoch_begin"":1,""native_daily:climate_pass_b"":1,""native_daily:native_daily_complete"":1,""native_daily:native_daily_finalizer"":1,""native_daily:ocean_land"":1,""native_daily:runtime_hydrology"":1,""native_daily:sea_ice"":1,""native_daily:transpiration"":1,""native_daily:weather_stage_b"":1,""native_daily:wind_surface"":1}","{""economy:building_plan"":0.444,""economy:epoch_begin"":1.57,""native_daily:climate_pass_b"":0.798,""native_daily:native_daily_complete"":1.067,""native_daily:native_daily_finalizer"":1.173,""native_daily:ocean_land"":1.261,""native_daily:runtime_hydrology"":1.162,""native_daily:sea_ice"":0.584,""native_daily:transpiration"":0.594,""native_daily:weather_stage_b"":2.121,""native_daily:wind_surface"":0.853}","{""economy:building_plan"":0.301,""economy:epoch_begin"":1.57,""native_daily:climate_pass_b"":0.798,""native_daily:native_daily_complete"":1.067,""native_daily:native_daily_finalizer"":1.173,""native_daily:ocean_land"":1.261,""native_daily:runtime_hydrology"":1.162,""native_daily:sea_ice"":0.584,""native_daily:transpiration"":0.594,""native_daily:weather_stage_b"":2.121,""native_daily:wind_surface"":0.853}",{},{},{},{},0,0,0.42,0.064,0,0.868,659,821,4,0,0.231,0.105,0.335,0.006,0.023,0.148,0,0,100,0,13.2098,42.4,0.027,11.8578,706,283008,450,400,400,0,147549,13,6493,2,0,0,2,4800,0,78.331,0,SHADOW,SHADOW,,4095,2050,2045,missing_native_domain_handlers,false,16,false,0,0,false,0,0,0,0,0,climate_trace_reference_pending,,,,,0,,,0,0,2,0,0,1.285042,0,0,0,0,0,0,406,405,2400,true,0,0,0,0,0,0,0,0,0,0,4088,0,3,0,3,0,0,0,0,0,0,0,climate_trace_reference_pending,0,0,0,0,0,0,0,0,0,0,0,0,0,0,0,0,0,0,0,0,0,0,0,0,0,false,
294,407,48873,false,69,50,18.77,13.714,0.012,0.368,native_daily_sim,climate_pass_a,climate_pass_a_struct,gdext_native_daily_slice,1.889,1,0,0,1,-1,-1,,0.529381,3.310666,5.39,7.511,259,8,3,1.5,false,2,8.666,,,,,,,,,,,,,,,,,,,,,,,,,,,,,,,,,,,,,,,,,,0,0,0,0,false,0,0,,0,0,0,0,0,0,0,,,,,false,{},{},{},{},{},{},{},0,0.001,0.425,0.068,0,1.433,659,822,4,0,0.588,0,0.703,0.013,0.157,0.226,0,0,100,0,16.623,42.4,0.027,14.697,706,282538,450,400,400,0,147549,13,6493,2,0,0,2,4800,0,78.331,0,SHADOW,SHADOW,,4095,2050,2045,missing_native_domain_handlers,false,16,false,0,0,false,0,0,0,0,0,climate_trace_reference_pending,,,,,0,,,0,0,2,0,0,1.977157,0,0,0,0,0,0,407,406,2400,true,0,0,0,0,0,0,0,0,0,0,4088,0,3,0,3,0,0,0,0,0,0,0,climate_trace_reference_pending,0,0,0,0,0,0,0,0,0,0,0,0,0,0,0,0,0,0,0,0,0,0,0,0,0,false,
295,408,48930,false,69,50,21.212,20.637,0.013,0.304,dynamic_visual_atlas_upload,,,cell_indirection_lut,1.501,2400,2400,0,0,-1,-1,,1598.933994,3.312639,5.39,7.511,259,8,3,1.5,false,2,8.666,,,,,,,,,,,,,,,,,,,,,,,,,,,,,,,,,,,,,,,,,,1,7,7,1,true,1,1.352,epoch_begin,0,1,9.352,9.352,3.965,3.965,8,epoch_begin,building_plan,,ECONOMY_GRAPH,false,"{""economy:epoch_begin"":1,""native_daily:climate_pass_b"":1,""native_daily:native_daily_complete"":1,""native_daily:native_daily_finalizer"":1,""native_daily:ocean_land"":1,""native_daily:sea_ice"":1,""native_daily:wind_surface"":1}","{""economy:epoch_begin"":3.965,""native_daily:climate_pass_b"":0.561,""native_daily:native_daily_complete"":0.331,""native_daily:native_daily_finalizer"":0.558,""native_daily:ocean_land"":1.36,""native_daily:sea_ice"":0.622,""native_daily:wind_surface"":1.063}","{""economy:epoch_begin"":3.965,""native_daily:climate_pass_b"":0.561,""native_daily:native_daily_complete"":0.331,""native_daily:native_daily_finalizer"":0.558,""native_daily:ocean_land"":1.36,""native_daily:sea_ice"":0.622,""native_daily:wind_surface"":1.063}",{},{},{},{},0,0,0.449,0.047,0,1.322,633,822,4,0,0.595,0,0.423,0.017,0.35,0.235,0,0,100,0,14.12,42.4,0.027,12.302,706,282512,450,402,402,0,148306,13,6679,2,0,0,2,4800,0,78.331,0,SHADOW,SHADOW,,4095,2050,2045,missing_native_domain_handlers,false,16,false,0,0,false,0,0,0,0,0,climate_trace_reference_pending,,,,,0,,,0,0,2,0,0,1.666197,0,0,0,0,0,0,408,407,2400,true,0,0,0,0,0,0,0,0,0,0,4088,0,3,0,3,0,0,0,0,0,0,0,climate_trace_reference_pending,0,0,0,0,0,0,0,0,0,0,0,0,0,0,0,0,0,0,0,0,0,0,0,0,0,false,
296,409,48953,false,69,50,12.329,11.779,0.011,0.308,native_daily_sim,climate_pass_a,climate_pass_a_struct,gdext_native_daily_slice,1.341,1,0,0,1,-1,-1,,0.745712,3.310606,5.39,7.511,259,8,3,1.5,false,2,8.666,,,,,,,,,,,,,,,,,,,,,,,,,,,,,,,,,,,,,,,,,,0,0,0,0,false,0,0,,0,0,0,0,0,0,0,,,,,false,{},{},{},{},{},{},{},0,0,0.397,0.065,0,0.053,633,828,0,0,0,0.046,0,0,0,0,0,0,100,0,11.499,42.4,0.027,10.984,706,282560,450,402,402,0,148306,13,6679,2,0,0,2,4800,0,78.331,0,SHADOW,SHADOW,,4095,2050,2045,missing_native_domain_handlers,false,16,false,0,0,false,0,0,0,0,0,climate_trace_reference_pending,,,,,0,,,0,0,2,0,0,1.258732,0,0,0,0,0,0,409,408,2400,true,0,0,0,0,0,0,0,0,0,0,4088,0,3,0,3,0,0,0,0,0,0,0,climate_trace_reference_pending,0,0,0,0,0,0,0,0,0,0,0,0,0,0,0,0,0,0,0,0,0,0,0,0,0,false,
297,410,49009,false,69,50,20.71,20.15,0.011,0.307,natural_resource_daily,natural_resource_daily,,gdext,2.338,2400,0,0,2400,-1,-1,,1026.518366,3.318377,5.39,7.511,260,8,3,1.5,false,2,8.666,,,,,,,,,,,,,,,,,,,,,,,,,,,,,,,,,,,,,,,,,,1,7,7,1,true,1,1.673,epoch_begin,0,1,9.673,9.673,4.28,4.28,8,epoch_begin,building_plan,,ECONOMY_GRAPH,false,"{""economy:epoch_begin"":1,""native_daily:climate_pass_b"":1,""native_daily:native_daily_complete"":1,""native_daily:native_daily_finalizer"":1,""native_daily:ocean_land"":1,""native_daily:sea_ice"":1,""native_daily:wind_surface"":1}","{""economy:epoch_begin"":4.28,""native_daily:climate_pass_b"":0.716,""native_daily:native_daily_complete"":0.42,""native_daily:native_daily_finalizer"":0.716,""native_daily:ocean_land"":1.233,""native_daily:sea_ice"":0.604,""native_daily:wind_surface"":0.809}","{""economy:epoch_begin"":4.28,""native_daily:climate_pass_b"":0.716,""native_daily:native_daily_complete"":0.42,""native_daily:native_daily_finalizer"":0.716,""native_daily:ocean_land"":1.233,""native_daily:sea_ice"":0.604,""native_daily:wind_surface"":0.809}",{},{},{},{},0,0,0.489,0.064,0,0.534,633,828,1,0,0.473,0,0.315,0.003,0.009,0.077,0,0,100,0,14.1465,42.4,0.027,13.0595,706,282560,450,404,404,0,149061,13,7047,2,0,0,2,4800,0,78.331,0,SHADOW,SHADOW,,4095,2050,2045,missing_native_domain_handlers,false,16,false,0,0,false,0,0,0,0,0,climate_trace_reference_pending,,,,,0,,,0,0,2,0,0,1.661852,0,0,0,0,0,0,410,409,2400,true,0,0,0,0,0,0,0,0,0,0,4088,0,3,0,3,0,0,0,0,0,0,0,climate_trace_reference_pending,0,0,0,0,0,0,0,0,0,0,0,0,0,0,0,0,0,0,0,0,0,0,0,0,0,false,
298,411,49034,false,70,50,13.069,12.421,0.013,0.37,native_daily_sim,climate_pass_a,climate_pass_a_struct,gdext_native_daily_slice,1.655,1,0,0,1,-1,-1,,0.60423,3.319803,5.39,7.511,260,8,3,1.5,false,2,8.666,,,,,,,,,,,,,,,,,,,,,,,,,,,,,,,,,,,,,,,,,,0,0,0,0,false,0,0,,0,0,0,0,0,0,0,,,,,false,{},{},{},{},{},{},{},0,0.001,0.338,0.057,0,1.093,633,828,4,0,0.315,0,0.612,0.008,0.025,0.183,0,0,100,0,12.082,31.709,0.029,10.594,706,282560,450,404,404,0,149061,13,7047,2,0,0,2,4800,0,78.331,0,SHADOW,SHADOW,,4095,2050,2045,missing_native_domain_handlers,false,16,false,0,0,false,0,0,0,0,0,climate_trace_reference_pending,,,,,0,,,0,0,2,0,0,1.260447,0,0,0,0,0,0,411,410,2400,true,0,0,0,0,0,0,0,0,0,0,4088,0,3,0,3,0,0,0,0,0,0,0,climate_trace_reference_pending,0,0,0,0,0,0,0,0,0,0,0,0,0,0,0,0,0,0,0,0,0,0,0,0,0,false,
299,412,49093,false,70,50,20.933,20.324,0.012,0.333,dynamic_visual_atlas_upload,,,cell_indirection_lut,1.588,2400,2400,0,0,-1,-1,,1511.334956,3.317333,5.39,7.511,260,8,3,1.5,false,2,8.666,,,,,,,,,,,,,,,,,,,,,,,,,,,,,,,,,,,,,,,,,,1,7,7,1,true,1,0.967,epoch_begin,0,1,8.967,8.967,3.605,3.605,8,epoch_begin,building_plan,,ECONOMY_GRAPH,false,"{""economy:epoch_begin"":1,""native_daily:climate_pass_b"":1,""native_daily:native_daily_complete"":1,""native_daily:native_daily_finalizer"":1,""native_daily:ocean_land"":1,""native_daily:sea_ice"":1,""native_daily:wind_surface"":1}","{""economy:epoch_begin"":3.605,""native_daily:climate_pass_b"":0.623,""native_daily:native_daily_complete"":0.286,""native_daily:native_daily_finalizer"":0.63,""native_daily:ocean_land"":1.267,""native_daily:sea_ice"":0.653,""native_daily:wind_surface"":0.904}","{""economy:epoch_begin"":3.605,""native_daily:climate_pass_b"":0.623,""native_daily:native_daily_complete"":0.286,""native_daily:native_daily_finalizer"":0.63,""native_daily:ocean_land"":1.267,""native_daily:sea_ice"":0.653,""native_daily:wind_surface"":0.904}",{},{},{},{},0,0.001,0.4,0.052,0,1.28,633,828,4,0,0.536,0,0.397,0.02,0.307,0.21,0,0,100,0,14.88725,31.709,0.029,13.15525,707,282572,451,406,406,0,149816,13,6919,2,0,0,2,4800,0,78.331,0,SHADOW,SHADOW,,4095,2050,2045,missing_native_domain_handlers,false,16,false,0,0,false,0,0,0,0,0,climate_trace_reference_pending,,,,,0,,,0,0,2,0,0,1.840457,0,0,0,0,0,0,412,411,2400,true,0,0,0,0,0,0,0,0,0,0,4088,0,3,0,3,0,0,0,0,0,0,0,climate_trace_reference_pending,0,0,0,0,0,0,0,0,0,0,0,0,0,0,0,0,0,0,0,0,0,0,0,0,0,false,
300,413,49118,false,70,50,14.026,13.497,0.011,0.287,native_daily_sim,climate_pass_a,climate_pass_a_struct,gdext_native_daily_slice,2.324,1,0,0,1,-1,-1,,0.430293,3.32079,5.39,7.511,260,8,3,1.5,false,2,8.666,,,,,,,,,,,,,,,,,,,,,,,,,,,,,,,,,,,,,,,,,,0,0,0,0,false,0,0,,0,0,0,0,0,0,0,,,,,false,{},{},{},{},{},{},{},0,0,0.413,0.051,0,1.364,633,828,4,0,0.38,0,0.412,0.023,0.377,0.21,0,0,100,0,12.6825,31.709,0.029,10.8545,707,282572,451,406,406,0,149816,13,6919,2,0,0,2,4800,0,78.331,0,SHADOW,SHADOW,,4095,2050,2045,missing_native_domain_handlers,false,16,false,0,0,false,0,0,0,0,0,climate_trace_reference_pending,,,,,0,,,0,0,2,0,0,1.458482,0,0,0,0,0,0,413,412,2400,true,0,0,0,0,0,0,0,0,0,0,4088,0,3,0,3,0,0,0,0,0,0,0,climate_trace_reference_pending,0,0,0,0,0,0,0,0,0,0,0,0,0,0,0,0,0,0,0,0,0,0,0,0,0,false,
301,414,49180,false,70,50,19.325,18.146,0.658,0.285,trigger_runtime,trigger_evaluate,,TRIGGER_GRAPH,1.099,355,0,0,355,-1,-1,,323.020935,3.322477,5.39,7.511,260,8,3,1.5,false,2,8.666,,,,,,,,,,,,,,,,,,,,,,,,,,,,,,,,,,,,,,,,,,2,10,10,1,true,1,0.401,epoch_begin,0,1,14.445,8.401,4.2,4.2,8,epoch_begin,building_plan,,ECONOMY_GRAPH,false,"{""economy:epoch_begin"":1,""native_daily:climate_pass_b"":1,""native_daily:native_daily_complete"":1,""native_daily:native_daily_finalizer"":1,""native_daily:ocean_land"":1,""native_daily:runtime_hydrology"":1,""native_daily:sea_ice"":1,""native_daily:transpiration"":1,""native_daily:weather_stage_b"":1,""native_daily:wind_surface"":1}","{""economy:epoch_begin"":4.2,""native_daily:climate_pass_b"":0.821,""native_daily:native_daily_complete"":0.707,""native_daily:native_daily_finalizer"":0.701,""native_daily:ocean_land"":1.134,""native_daily:runtime_hydrology"":1.198,""native_daily:sea_ice"":0.579,""native_daily:transpiration"":0.555,""native_daily:weather_stage_b"":1.984,""native_daily:wind_surface"":0.867}","{""economy:epoch_begin"":4.2,""native_daily:climate_pass_b"":0.821,""native_daily:native_daily_complete"":0.707,""native_daily:native_daily_finalizer"":0.701,""native_daily:ocean_land"":1.134,""native_daily:runtime_hydrology"":1.198,""native_daily:sea_ice"":0.579,""native_daily:transpiration"":0.555,""native_daily:weather_stage_b"":1.984,""native_daily:wind_surface"":0.867}",{},{},{},{},0,0.001,6.122,0.069,0,1.213,633,828,4,0,0.365,0,0.415,0.016,0.07,0.192,0,0,100,0,15.3275,31.709,0.029,7.9235,707,282572,451,408,408,0,150570,13,6220,2,0,0,2,4800,0,78.331,0,SHADOW,SHADOW,,4095,2050,2045,missing_native_domain_handlers,false,16,false,0,0,false,0,0,0,0,0,climate_trace_reference_pending,,,,,0,,,0,0,2,0,0,1.255427,0,0,0,0,0,0,414,413,2400,true,0,0,0,0,0,0,0,0,0,0,4088,0,3,0,3,0,0,0,0,0,0,0,climate_trace_reference_pending,0,0,0,0,0,0,0,0,0,0,0,0,0,0,0,0,0,0,0,0,0,0,0,0,0,false,
302,415,49209,false,70,50,15.339,14.753,0.011,0.334,natural_resource_daily,natural_resource_daily,,gdext,2.483,2400,0,0,2400,-1,-1,,966.572679,3.330964,5.523,7.511,260,8,3,1.5,false,2,8.666,,,,,,,,,,,,,,,,,,,,,,,,,,,,,,,,,,,,,,,,,,0,0,0,0,false,0,0,,0,0,0,0,0,0,0,,,,,false,{},{},{},{},{},{},{},0,0,0.258,0.048,0,0.065,601,828,0,0,0,0.059,0,0,0,0,0,0,100,0,9.637,31.709,0.029,9.266,707,282572,451,408,408,0,150570,13,6220,2,0,0,2,4800,0,78.331,0,SHADOW,SHADOW,,4095,2050,2045,missing_native_domain_handlers,false,16,false,0,0,false,0,0,0,0,0,climate_trace_reference_pending,,,,,0,,,0,0,2,0,0,1.897717,0,0,0,0,0,0,415,414,2400,true,0,0,0,0,0,0,0,0,0,0,4088,0,3,0,3,0,0,0,0,0,0,0,climate_trace_reference_pending,0,0,0,0,0,0,0,0,0,0,0,0,0,0,0,0,0,0,0,0,0,0,0,0,0,false,
303,416,49260,false,70,50,19.777,19.212,0.013,0.313,dynamic_visual_atlas_upload,,,cell_indirection_lut,1.637,2400,2400,0,0,-1,-1,,1466.09655,3.33455,5.523,7.511,260,8,3,1.5,false,2,8.666,,,,,,,,,,,,,,,,,,,,,,,,,,,,,,,,,,,,,,,,,,1,8,8,1,true,1,0.459,building_plan,0,2,8.459,8.459,1.557,0.166,8,building_plan,building_plan,evaluate,ECONOMY_GRAPH,false,"{""economy:building_plan"":2,""native_daily:climate_pass_b"":1,""native_daily:native_daily_complete"":1,""native_daily:native_daily_finalizer"":1,""native_daily:ocean_land"":1,""native_daily:sea_ice"":1,""native_daily:wind_surface"":1}","{""economy:building_plan"":1.723,""native_daily:climate_pass_b"":0.727,""native_daily:native_daily_complete"":0.432,""native_daily:native_daily_finalizer"":0.686,""native_daily:ocean_land"":1.209,""native_daily:sea_ice"":0.776,""native_daily:wind_surface"":0.827}","{""economy:building_plan"":1.557,""native_daily:climate_pass_b"":0.727,""native_daily:native_daily_complete"":0.432,""native_daily:native_daily_finalizer"":0.686,""native_daily:ocean_land"":1.209,""native_daily:sea_ice"":0.776,""native_daily:wind_surface"":0.827}",{},{},{},{},0,0.001,6.364,0.059,0,2.742,601,828,4,0,0.839,0,0.785,0.034,1.124,0.288,0,0,100,0,17.167,31.709,0.029,8.002,707,282572,451,410,410,0,151325,13,6639,2,0,0,2,4800,0,78.331,0,SHADOW,SHADOW,,4095,2050,2045,missing_native_domain_handlers,false,16,false,0,0,false,0,0,0,0,0,climate_trace_reference_pending,,,,,0,,,0,0,2,0,0,1.262162,0,0,0,0,0,0,416,415,2400,true,0,0,0,0,0,0,0,0,0,0,4088,0,3,0,3,0,0,0,0,0,0,0,climate_trace_reference_pending,0,0,0,0,0,0,0,0,0,0,0,0,0,0,0,0,0,0,0,0,0,0,0,0,0,false,
304,417,49285,false,70,50,14.238,13.601,0.012,0.354,native_daily_sim,climate_pass_a,climate_pass_a_struct,gdext_native_daily_slice,1.861,1,0,0,1,-1,-1,,0.537346,3.333357,5.523,7.511,260,8,3,1.5,false,2,8.666,,,,,,,,,,,,,,,,,,,,,,,,,,,,,,,,,,,,,,,,,,0,0,0,0,false,0,0,,0,0,0,0,0,0,0,,,,,false,{},{},{},{},{},{},{},0,0,0.291,0.048,0,1.843,601,828,4,0,0.506,0.141,0.518,0.025,0.59,0.207,0,0,100,0,12.304,31.709,0.029,10.122,707,282572,451,410,410,0,151325,13,6639,2,0,0,2,4800,0,78.331,0,SHADOW,SHADOW,,4095,2050,2045,missing_native_domain_handlers,false,16,false,0,0,false,0,0,0,0,0,climate_trace_reference_pending,,,,,0,,,0,0,2,0,0,1.774237,0,0,0,0,0,0,417,416,2400,true,0,0,0,0,0,0,0,0,0,0,4088,0,3,0,3,0,0,0,0,0,0,0,climate_trace_reference_pending,0,0,0,0,0,0,0,0,0,0,0,0,0,0,0,0,0,0,0,0,0,0,0,0,0,false,
305,418,49342,false,70,50,16.492,15.954,0.012,0.28,trigger_runtime,trigger_evaluate,,TRIGGER_GRAPH,1.012,356,0,0,356,-1,-1,,351.778668,3.334754,5.523,7.511,260,8,3,1.5,false,2,8.666,,,,,,,,,,,,,,,,,,,,,,,,,,,,,,,,,,,,,,,,,,1,8,8,1,true,1,0.163,building_plan,0,2,8.163,8.163,1.718,0.251,8,building_plan,building_plan,evaluate,ECONOMY_GRAPH,false,"{""economy:building_plan"":1,""economy:epoch_begin"":1,""native_daily:climate_pass_b"":1,""native_daily:native_daily_complete"":1,""native_daily:native_daily_finalizer"":1,""native_daily:ocean_land"":1,""native_daily:sea_ice"":1,""native_daily:wind_surface"":1}","{""economy:building_plan"":0.251,""economy:epoch_begin"":1.718,""native_daily:climate_pass_b"":0.89,""native_daily:native_daily_complete"":0.301,""native_daily:native_daily_finalizer"":0.616,""native_daily:ocean_land"":1.359,""native_daily:sea_ice"":0.617,""native_daily:wind_surface"":0.874}","{""economy:building_plan"":0.251,""economy:epoch_begin"":1.718,""native_daily:climate_pass_b"":0.89,""native_daily:native_daily_complete"":0.301,""native_daily:native_daily_finalizer"":0.616,""native_daily:ocean_land"":1.359,""native_daily:sea_ice"":0.617,""native_daily:wind_surface"":0.874}",{},{},{},{},0,0,0.48,0.067,0,1.982,601,828,4,0,0.685,0.144,0.443,0.022,0.821,0.236,0,0,100,0,14.29325,31.709,0.029,11.76425,707,282572,451,412,412,0,152081,13,6003,2,0,0,2,4800,0,78.331,0,SHADOW,SHADOW,,4095,2050,2045,missing_native_domain_handlers,false,16,false,0,0,false,0,0,0,0,0,climate_trace_reference_pending,,,,,0,,,0,0,2,0,0,1.512752,0,0,0,0,0,0,418,417,2400,true,0,0,0,0,0,0,0,0,0,0,4088,0,3,0,3,0,0,0,0,0,0,0,climate_trace_reference_pending,0,0,0,0,0,0,0,0,0,0,0,0,0,0,0,0,0,0,0,0,0,0,0,0,0,false,
306,419,49368,false,70,50,16.773,11.532,0.012,5.007,native_daily_sim,climate_pass_a,climate_pass_a_struct,gdext_native_daily_slice,1.344,1,0,0,1,-1,-1,,0.744048,3.334321,5.523,7.511,260,8,3,1.5,false,2,8.666,,,,,,,,,,,,,,,,,,,,,,,,,,,,,,,,,,,,,,,,,,0,0,0,0,false,0,0,,0,0,0,0,0,0,0,,,,,false,{},{},{},{},{},{},{},0,0,0.288,0.049,0,1.067,601,828,4,0,0.314,0,0.384,0.016,0.235,0.159,0,0,100,0,13.0505,31.709,0.029,11.6465,707,282572,451,412,412,0,152081,13,6003,2,0,0,2,4800,0,78.331,0,SHADOW,SHADOW,,4095,2050,2045,missing_native_domain_handlers,false,16,false,0,0,false,0,0,0,0,0,climate_trace_reference_pending,,,,,0,,,0,0,2,0,0,1.785727,0,0,0,0,0,0,419,418,2400,true,0,0,0,0,0,0,0,0,0,0,4088,0,3,0,3,0,0,0,0,0,0,0,climate_trace_reference_pending,0,0,0,0,0,0,0,0,0,0,0,0,0,0,0,0,0,0,0,0,0,0,0,0,0,false,
307,420,49426,false,70,50,23.883,23.242,0.013,0.353,dynamic_visual_atlas_upload,,,cell_indirection_lut,1.605,2400,2400,0,0,-1,-1,,1495.327085,3.334447,5.523,7.511,260,8,3,1.5,false,2,8.666,,,,,,,,,,,,,,,,,,,,,,,,,,,,,,,,,,,,,,,,,,1,9,9,1,true,1,0.006,building_plan,0,3,8.006,8.006,1.715,0.191,8,building_plan,trade_settle,reserve,ECONOMY_GRAPH,false,"{""economy:building_plan"":2,""economy:epoch_begin"":1,""native_daily:climate_pass_b"":1,""native_daily:native_daily_complete"":1,""native_daily:native_daily_finalizer"":1,""native_daily:ocean_land"":1,""native_daily:sea_ice"":1,""native_daily:wind_surface"":1}","{""economy:building_plan"":0.488,""economy:epoch_begin"":1.715,""native_daily:climate_pass_b"":0.573,""native_daily:native_daily_complete"":0.304,""native_daily:native_daily_finalizer"":0.504,""native_daily:ocean_land"":0.89,""native_daily:sea_ice"":0.575,""native_daily:wind_surface"":0.806}","{""economy:building_plan"":0.297,""economy:epoch_begin"":1.715,""native_daily:climate_pass_b"":0.573,""native_daily:native_daily_complete"":0.304,""native_daily:native_daily_finalizer"":0.504,""native_daily:ocean_land"":0.89,""native_daily:sea_ice"":0.575,""native_daily:wind_surface"":0.806}",{},{},{},{},0,0,5.323,0.046,0,1.776,601,828,4,0,0.593,0,0.457,0.01,0.727,0.276,0,0,100,0,19.259333,31.709,0.029,12.114333,707,282572,451,414,414,0,152835,13,7618,2,0,0,2,4800,0,78.331,0,SHADOW,SHADOW,,4095,2050,2045,missing_native_domain_handlers,false,16,false,0,0,false,0,0,0,0,0,climate_trace_reference_pending,,,,,0,,,0,0,2,0,0,1.323362,0,0,0,0,0,0,420,419,2400,true,0,0,0,0,0,0,0,0,0,0,4088,0,3,0,3,0,0,0,0,0,0,0,climate_trace_reference_pending,0,0,0,0,0,0,0,0,0,0,0,0,0,0,0,0,0,0,0,0,0,0,0,0,0,false,
308,421,49452,false,70,50,13.128,12.538,0.012,0.338,native_daily_sim,climate_pass_a,climate_pass_a_struct,gdext_native_daily_slice,2.427,1,0,0,1,-1,-1,,0.412031,3.338914,5.523,7.511,260,8,3,1.5,false,2,8.666,,,,,,,,,,,,,,,,,,,,,,,,,,,,,,,,,,,,,,,,,,0,0,0,0,false,0,0,,0,0,0,0,0,0,0,,,,,false,{},{},{},{},{},{},{},0,0,0.419,0.064,0,1.146,601,828,4,0,0.341,0,0.408,0.009,0.167,0.197,0,0,100,0,12.947,31.709,0.029,11.318,707,282572,451,414,414,0,152835,13,7618,2,0,0,2,4800,0,78.331,0,SHADOW,SHADOW,,4095,2050,2045,missing_native_domain_handlers,false,16,false,0,0,false,0,0,0,0,0,climate_trace_reference_pending,,,,,0,,,0,0,2,0,0,1.169362,0,0,0,0,0,0,421,420,2400,true,0,0,0,0,0,0,0,0,0,0,4088,0,3,0,3,0,0,0,0,0,0,0,climate_trace_reference_pending,0,0,0,0,0,0,0,0,0,0,0,0,0,0,0,0,0,0,0,0,0,0,0,0,0,false,
309,422,49515,false,70,50,17.727,16.625,0.583,0.296,trigger_runtime,trigger_evaluate,,TRIGGER_GRAPH,1.077,356,0,0,356,-1,-1,,330.547811,3.339601,5.523,7.511,260,8,3,1.5,false,2,8.666,,,,,,,,,,,,,,,,,,,,,,,,,,,,,,,,,,,,,,,,,,2,13,13,1,true,1,0.708,household_market,0,4,14.511,8.708,1.831,1.554,8,household_market,household_market,settle,ECONOMY_GRAPH,false,"{""economy:building_plan"":2,""economy:epoch_begin"":1,""economy:household_market"":1,""native_daily:climate_pass_b"":1,""native_daily:native_daily_complete"":1,""native_daily:native_daily_finalizer"":1,""native_daily:ocean_land"":1,""native_daily:runtime_hydrology"":1,""native_daily:sea_ice"":1,""native_daily:transpiration"":1,""native_daily:weather_stage_b"":1,""native_daily:wind_surface"":1}","{""economy:building_plan"":0.36,""economy:epoch_begin"":1.713,""economy:household_market"":1.554,""native_daily:climate_pass_b"":0.696,""native_daily:native_daily_complete"":0.727,""native_daily:native_daily_finalizer"":0.661,""native_daily:ocean_land"":1.116,""native_daily:runtime_hydrology"":1.018,""native_daily:sea_ice"":0.704,""native_daily:transpiration"":0.565,""native_daily:weather_stage_b"":1.831,""native_daily:wind_surface"":0.782}","{""economy:building_plan"":0.193,""economy:epoch_begin"":1.713,""economy:household_market"":1.554,""native_daily:climate_pass_b"":0.696,""native_daily:native_daily_complete"":0.727,""native_daily:native_daily_finalizer"":0.661,""native_daily:ocean_land"":1.116,""native_daily:runtime_hydrology"":1.018,""native_daily:sea_ice"":0.704,""native_daily:transpiration"":0.565,""native_daily:weather_stage_b"":1.831,""native_daily:wind_surface"":0.782}","{""economy:household_market.settle.merge_aggregate"":1,""economy:household_market.settle.merge_trade"":1,""economy:household_market.settle.other"":1,""economy:household_market.settle.prepare"":1,""economy:household_market.settle.trace"":1,""economy:household_market.settle.worker"":1}","{""economy:household_market.settle.merge_aggregate"":0.0829,""economy:household_market.settle.merge_trade"":0.0083,""economy:household_market.settle.other"":0.000899999999999984,""economy:household_market.settle.prepare"":0.001,""economy:household_market.settle.trace"":0.0038,""economy:household_market.settle.worker"":0.5443}","{""economy:household_market.settle.merge_aggregate"":0.0829,""economy:household_market.settle.merge_trade"":0.0083,""economy:household_market.settle.other"":0.000899999999999984,""economy:household_market.settle.prepare"":0.001,""economy:household_market.settle.trace"":0.0038,""economy:household_market.settle.worker"":0.5443}","{""economy:household_market.settle.merge_aggregate"":4,""economy:household_market.settle.merge_trade"":4,""economy:household_market.settle.other"":4,""economy:household_market.settle.prepare"":4,""economy:household_market.settle.trace"":4,""economy:household_market.settle.worker"":4}",0,0.001,0.433,0.064,0,1.077,601,828,4,0,0.325,0,0.336,0.006,0.216,0.188,0,0,100,0,12.6348,31.709,0.029,11.0608,707,282572,451,416,416,0,153589,13,6388,2,0,0,2,4800,0,78.331,0,SHADOW,SHADOW,,4095,2050,2045,missing_native_domain_handlers,false,16,false,0,0,false,0,0,0,0,0,climate_trace_reference_pending,,,,,0,,,0,0,2,0,0,1.089257,0,0,0,0,0,0,422,421,2400,true,0,0,0,0,0,0,0,0,0,0,4088,0,3,0,3,0,0,0,0,0,0,0,climate_trace_reference_pending,0,0,0,0,0,0,0,0,0,0,0,0,0,0,0,0,0,0,0,0,0,0,0,0,0,false,
310,423,49538,false,70,50,12.152,11.612,0.01,0.294,native_daily_sim,climate_pass_a,climate_pass_a_struct,gdext_native_daily_slice,1.396,1,0,0,1,-1,-1,,0.716332,3.339484,5.523,7.511,260,8,3,1.5,false,2,8.666,,,,,,,,,,,,,,,,,,,,,,,,,,,,,,,,,,,,,,,,,,0,0,0,0,false,0,0,,0,0,0,0,0,0,0,,,,,false,{},{},{},{},{},{},{},0,0.001,0.277,0.058,0,1.274,569,828,4,0,0.439,0,0.414,0.008,0.253,0.214,0,0,100,0,11.704,31.709,0.029,10.095,707,282572,451,416,416,0,153589,13,6388,2,0,0,2,4800,0,78.331,0,SHADOW,SHADOW,,4095,2050,2045,missing_native_domain_handlers,false,16,false,0,0,false,0,0,0,0,0,climate_trace_reference_pending,,,,,0,,,0,0,2,0,0,1.550207,0,0,0,0,0,0,423,422,2400,true,0,0,0,0,0,0,0,0,0,0,4088,0,3,0,3,0,0,0,0,0,0,0,climate_trace_reference_pending,0,0,0,0,0,0,0,0,0,0,0,0,0,0,0,0,0,0,0,0,0,0,0,0,0,false,
311,424,49585,false,70,50,19.952,19.325,0.012,0.366,dynamic_visual_atlas_upload,,,cell_indirection_lut,1.569,2400,2400,0,0,-1,-1,,1529.636706,3.34089,5.523,7.511,260,8,3,1.5,false,2,8.666,,,,,,,,,,,,,,,,,,,,,,,,,,,,,,,,,,,,,,,,,,1,9,9,1,true,1,0.975,household_market,0,3,8.975,8.975,1.599,1.554,8,household_market,household_market,settle,ECONOMY_GRAPH,false,"{""economy:building_plan"":2,""economy:household_market"":1,""native_daily:climate_pass_b"":1,""native_daily:native_daily_complete"":1,""native_daily:native_daily_finalizer"":1,""native_daily:ocean_land"":1,""native_daily:sea_ice"":1,""native_daily:wind_surface"":1}","{""economy:building_plan"":1.757,""economy:household_market"":1.554,""native_daily:climate_pass_b"":0.735,""native_daily:native_daily_complete"":0.339,""native_daily:native_daily_finalizer"":0.588,""native_daily:ocean_land"":0.881,""native_daily:sea_ice"":0.581,""native_daily:wind_surface"":0.769}","{""economy:building_plan"":1.599,""economy:household_market"":1.554,""native_daily:climate_pass_b"":0.735,""native_daily:native_daily_complete"":0.339,""native_daily:native_daily_finalizer"":0.588,""native_daily:ocean_land"":0.881,""native_daily:sea_ice"":0.581,""native_daily:wind_surface"":0.769}","{""economy:household_market.settle.merge_aggregate"":1,""economy:household_market.settle.merge_trade"":1,""economy:household_market.settle.other"":1,""economy:household_market.settle.prepare"":1,""economy:household_market.settle.trace"":1,""economy:household_market.settle.worker"":1}","{""economy:household_market.settle.merge_aggregate"":0.0817,""economy:household_market.settle.merge_trade"":0.0092,""economy:household_market.settle.other"":0.000800000000000156,""economy:household_market.settle.prepare"":0.0015,""economy:household_market.settle.trace"":0.0027,""economy:household_market.settle.worker"":0.5136}","{""economy:household_market.settle.merge_aggregate"":0.0817,""economy:household_market.settle.merge_trade"":0.0092,""economy:household_market.settle.other"":0.000800000000000156,""economy:household_market.settle.prepare"":0.0015,""economy:household_market.settle.trace"":0.0027,""economy:household_market.settle.worker"":0.5136}","{""economy:household_market.settle.merge_aggregate"":4,""economy:household_market.settle.merge_trade"":4,""economy:household_market.settle.other"":4,""economy:household_market.settle.prepare"":4,""economy:household_market.settle.trace"":4,""economy:household_market.settle.worker"":4}",0,0.001,4.843,0.061,0,0.403,569,828,0,0,0,0.396,0,0,0,0,0,0,100,0,15.552333,31.709,0.029,10.245333,707,282572,451,418,418,0,154342,13,6380,2,0,0,2,4800,0,78.331,0,SHADOW,SHADOW,,4095,2050,2045,missing_native_domain_handlers,false,16,false,0,0,false,0,0,0,0,0,climate_trace_reference_pending,,,,,0,,,0,0,2,0,0,1.483052,0,0,0,0,0,0,424,423,2400,true,0,0,0,0,0,0,0,0,0,0,4088,0,3,0,3,0,0,0,0,0,0,0,climate_trace_reference_pending,0,0,0,0,0,0,0,0,0,0,0,0,0,0,0,0,0,0,0,0,0,0,0,0,0,false,
312,425,49621,false,70,50,15.083,14.443,0.011,0.355,native_daily_sim,climate_pass_a,climate_pass_a_struct,gdext_native_daily_slice,1.84,1,0,0,1,-1,-1,,0.543478,3.342964,5.523,7.511,260,8,3,1.5,false,2,8.666,,,,,,,,,,,,,,,,,,,,,,,,,,,,,,,,,,,,,,,,,,0,0,0,0,false,0,0,,0,0,0,0,0,0,0,,,,,false,{},{},{},{},{},{},{},0,0,0.466,0.062,0,1.647,569,828,3,0,0.571,0,0.541,0.011,0.511,0.205,0,0,100,0,11.937333,31.709,0.029,9.762333,706,282570,451,418,418,0,154342,13,6380,2,0,0,2,4800,0,78.331,0,SHADOW,SHADOW,,4095,2050,2045,missing_native_domain_handlers,false,16,false,0,0,false,0,0,0,0,0,climate_trace_reference_pending,,,,,0,,,0,0,2,0,0,1.534417,0,0,0,0,0,0,425,424,2400,true,0,0,0,0,0,0,0,0,0,0,4088,0,3,0,3,0,0,0,0,0,0,0,climate_trace_reference_pending,0,0,0,0,0,0,0,0,0,0,0,0,0,0,0,0,0,0,0,0,0,0,0,0,0,false,
313,426,49673,false,70,50,20.616,20.069,0.011,0.327,trigger_runtime,trigger_evaluate,,TRIGGER_GRAPH,1.038,357,0,0,357,-1,-1,,343.93064,3.346877,5.523,7.511,260,8,3,1.5,false,2,8.666,,,,,,,,,,,,,,,,,,,,,,,,,,,,,,,,,,,,,,,,,,1,8,8,1,true,1,0.156,building_plan,0,2,8.156,8.156,2.522,0.329,8,building_plan,building_plan,evaluate,ECONOMY_GRAPH,false,"{""economy:building_plan"":1,""economy:epoch_begin"":1,""native_daily:climate_pass_b"":1,""native_daily:native_daily_complete"":1,""native_daily:native_daily_finalizer"":1,""native_daily:ocean_land"":1,""native_daily:sea_ice"":1,""native_daily:wind_surface"":1}","{""economy:building_plan"":0.329,""economy:epoch_begin"":2.522,""native_daily:climate_pass_b"":0.615,""native_daily:native_daily_complete"":0.285,""native_daily:native_daily_finalizer"":0.451,""native_daily:ocean_land"":0.833,""native_daily:sea_ice"":0.559,""native_daily:wind_surface"":0.686}","{""economy:building_plan"":0.329,""economy:epoch_begin"":2.522,""native_daily:climate_pass_b"":0.615,""native_daily:native_daily_complete"":0.285,""native_daily:native_daily_finalizer"":0.451,""native_daily:ocean_land"":0.833,""native_daily:sea_ice"":0.559,""native_daily:wind_surface"":0.686}",{},{},{},{},0,0.001,6.844,0.058,0,2.19,569,828,4,0,0.605,0,0.555,0.014,1.089,0.202,0,0,100,0,17.562667,31.709,0.029,8.470667,706,282570,451,420,420,0,155102,13,7157,2,0,0,2,4800,0,78.331,0,SHADOW,SHADOW,,4095,2050,2045,missing_native_domain_handlers,false,16,false,0,0,false,0,0,0,0,0,climate_trace_reference_pending,,,,,0,,,0,0,2,0,0,1.875637,0,0,0,0,0,0,426,425,2400,true,0,0,0,0,0,0,0,0,0,0,4088,0,3,0,3,0,0,0,0,0,0,0,climate_trace_reference_pending,0,0,0,0,0,0,0,0,0,0,0,0,0,0,0,0,0,0,0,0,0,0,0,0,0,false,
314,427,49704,false,70,50,18.179,12.852,0.01,0.312,native_daily_sim,climate_pass_a,climate_pass_a_struct,gdext_native_daily_slice,1.658,1,0,0,1,-1,-1,,0.603136,3.3486,5.523,7.511,260,8,3,1.5,false,2,8.666,,,,,,,,,,,,,,,,,,,,,,,,,,,,,,,,,,,,,,,,,,0,0,0,0,false,0,0,,0,0,0,0,0,0,0,,,,,false,{},{},{},{},{},{},{},0,0,0.392,0.058,0,0.65,576,844,1,0,0.603,0,0.169,0.006,0.308,0.093,0,0,100,0,15.377,31.709,0.029,14.277,706,282570,451,420,420,0,155102,13,7157,2,0,0,2,4800,0,78.331,0,SHADOW,SHADOW,,4095,2050,2045,missing_native_domain_handlers,false,16,false,0,0,false,0,0,0,0,0,climate_trace_reference_pending,,,,,0,,,0,0,2,0,0,1.527562,0,0,0,0,0,0,427,426,2400,true,0,0,0,0,0,0,0,0,0,0,4088,0,3,0,3,0,0,0,0,0,0,0,climate_trace_reference_pending,0,0,0,0,0,0,0,0,0,0,0,0,0,0,0,0,0,0,0,0,0,0,0,0,0,false,
315,428,49758,false,70,50,22.396,21.859,0.011,0.29,dynamic_visual_atlas_upload,,,cell_indirection_lut,2.012,2400,2400,0,0,-1,-1,,1192.842893,3.35036,5.523,7.511,260,8,3,1.5,false,2,8.666,,,,,,,,,,,,,,,,,,,,,,,,,,,,,,,,,,,,,,,,,,1,9,9,1,true,1,0.358,building_plan,0,3,8.358,8.358,1.67,0.158,8,building_plan,trade_settle,reserve,ECONOMY_GRAPH,false,"{""economy:building_plan"":3,""native_daily:climate_pass_b"":1,""native_daily:native_daily_complete"":1,""native_daily:native_daily_finalizer"":1,""native_daily:ocean_land"":1,""native_daily:sea_ice"":1,""native_daily:wind_surface"":1}","{""economy:building_plan"":1.995,""native_daily:climate_pass_b"":0.74,""native_daily:native_daily_complete"":0.302,""native_daily:native_daily_finalizer"":0.547,""native_daily:ocean_land"":1.128,""native_daily:sea_ice"":0.542,""native_daily:wind_surface"":0.768}","{""economy:building_plan"":1.67,""native_daily:climate_pass_b"":0.74,""native_daily:native_daily_complete"":0.302,""native_daily:native_daily_finalizer"":0.547,""native_daily:ocean_land"":1.128,""native_daily:sea_ice"":0.542,""native_daily:wind_surface"":0.768}",{},{},{},{},0,0.001,5.926,0.067,0,1.527,576,844,4,0,0.425,0,0.41,0.023,0.313,0.257,0,0,100,0,17.901,31.709,0.029,10.381,706,282570,451,422,422,0,155859,13,6860,2,0,0,2,4800,0,78.331,0,SHADOW,SHADOW,,4095,2050,2045,missing_native_domain_handlers,false,16,false,0,0,false,0,0,0,0,0,climate_trace_reference_pending,,,,,0,,,0,0,2,0,0,1.009487,0,0,0,0,0,0,428,427,2400,true,0,0,0,0,0,0,0,0,0,0,4088,0,3,0,3,0,0,0,0,0,0,0,climate_trace_reference_pending,0,0,0,0,0,0,0,0,0,0,0,0,0,0,0,0,0,0,0,0,0,0,0,0,0,false,
316,429,49789,false,70,50,13.212,12.674,0.011,0.278,native_daily_sim,climate_pass_a,climate_pass_a_struct,gdext_native_daily_slice,1.948,1,0,0,1,-1,-1,,0.513347,3.35377,5.523,7.511,260,8,3,1.5,false,2,8.666,,,,,,,,,,,,,,,,,,,,,,,,,,,,,,,,,,,,,,,,,,0,0,0,0,false,0,0,,0,0,0,0,0,0,0,,,,,false,{},{},{},{},{},{},{},0,0.001,0.4,0.061,0,1.226,576,844,4,0,0.407,0,0.441,0.018,0.257,0.208,0,0,100,0,10.273333,31.709,0.029,8.586333,706,282570,451,422,422,0,155859,13,6860,2,0,0,2,4800,0,78.331,0,SHADOW,SHADOW,,4095,2050,2045,missing_native_domain_handlers,false,16,false,0,0,false,0,0,0,0,0,climate_trace_reference_pending,,,,,0,,,0,0,2,0,0,1.015807,0,0,0,0,0,0,429,428,2400,true,0,0,0,0,0,0,0,0,0,0,4088,0,3,0,3,0,0,0,0,0,0,0,climate_trace_reference_pending,0,0,0,0,0,0,0,0,0,0,0,0,0,0,0,0,0,0,0,0,0,0,0,0,0,false,
317,430,49848,false,70,50,20.253,18.804,0.823,0.36,trigger_runtime,trigger_evaluate,,TRIGGER_GRAPH,1.034,357,0,0,357,-1,-1,,345.261109,3.351456,5.523,7.511,260,8,3,1.5,false,2,8.666,,,,,,,,,,,,,,,,,,,,,,,,,,,,,,,,,,,,,,,,,,2,12,12,1,true,1,0.214,household_market,0,3,13.629,8.214,1.871,1.442,8,household_market,household_market,settle,ECONOMY_GRAPH,false,"{""economy:building_plan"":2,""economy:household_market"":1,""native_daily:climate_pass_b"":1,""native_daily:native_daily_complete"":1,""native_daily:native_daily_finalizer"":1,""native_daily:ocean_land"":1,""native_daily:runtime_hydrology"":1,""native_daily:sea_ice"":1,""native_daily:transpiration"":1,""native_daily:weather_stage_b"":1,""native_daily:wind_surface"":1}","{""economy:building_plan"":1.852,""economy:household_market"":1.442,""native_daily:climate_pass_b"":0.72,""native_daily:native_daily_complete"":0.837,""native_daily:native_daily_finalizer"":0.825,""native_daily:ocean_land"":0.964,""native_daily:runtime_hydrology"":1.248,""native_daily:sea_ice"":0.554,""native_daily:transpiration"":0.486,""native_daily:weather_stage_b"":1.871,""native_daily:wind_surface"":0.718}","{""economy:building_plan"":1.685,""economy:household_market"":1.442,""native_daily:climate_pass_b"":0.72,""native_daily:native_daily_complete"":0.837,""native_daily:native_daily_finalizer"":0.825,""native_daily:ocean_land"":0.964,""native_daily:runtime_hydrology"":1.248,""native_daily:sea_ice"":0.554,""native_daily:transpiration"":0.486,""native_daily:weather_stage_b"":1.871,""native_daily:wind_surface"":0.718}","{""economy:household_market.settle.merge_aggregate"":1,""economy:household_market.settle.merge_trade"":1,""economy:household_market.settle.other"":1,""economy:household_market.settle.prepare"":1,""economy:household_market.settle.trace"":1,""economy:household_market.settle.worker"":1}","{""economy:household_market.settle.merge_aggregate"":0.0754,""economy:household_market.settle.merge_trade"":0.0082,""economy:household_market.settle.other"":0.000799999999999947,""economy:household_market.settle.prepare"":0.0016,""economy:household_market.settle.trace"":0.0047,""economy:household_market.settle.worker"":0.5666}","{""economy:household_market.settle.merge_aggregate"":0.0754,""economy:household_market.settle.merge_trade"":0.0082,""economy:household_market.settle.other"":0.000799999999999947,""economy:household_market.settle.prepare"":0.0016,""economy:household_market.settle.trace"":0.0047,""economy:household_market.settle.worker"":0.5666}","{""economy:household_market.settle.merge_aggregate"":4,""economy:household_market.settle.merge_trade"":4,""economy:household_market.settle.other"":4,""economy:household_market.settle.prepare"":4,""economy:household_market.settle.trace"":4,""economy:household_market.settle.worker"":4}",0.001,0.001,4.645,0.048,0,0.125,544,844,0,0,0,0.118,0,0,0,0,0,0,100,0,14.75675,31.709,0.029,9.93875,706,282570,451,424,424,0,156613,13,6849,2,0,0,2,4800,0,78.331,0,SHADOW,SHADOW,,4095,2050,2045,missing_native_domain_handlers,false,16,false,0,0,false,0,0,0,0,0,climate_trace_reference_pending,,,,,0,,,0,0,2,0,0,1.595952,0,0,0,0,0,0,430,429,2400,true,0,0,0,0,0,0,0,0,0,0,4088,0,3,0,3,0,0,0,0,0,0,0,climate_trace_reference_pending,0,0,0,0,0,0,0,0,0,0,0,0,0,0,0,0,0,0,0,0,0,0,0,0,0,false,
318,431,49875,false,70,50,12.853,11.458,0.008,0.274,native_daily_sim,climate_pass_a,climate_pass_a_struct,gdext_native_daily_slice,1.754,1,0,0,1,-1,-1,,0.570125,3.35269,5.523,7.511,260,8,3,1.5,false,2,8.666,,,,,,,,,,,,,,,,,,,,,,,,,,,,,,,,,,,,,,,,,,0,0,0,0,false,0,0,,0,0,0,0,0,0,0,,,,,false,{},{},{},{},{},{},{},0,0.001,0.28,0.067,0,2.718,544,850,3,0,1.246,0.158,0.409,0.02,1.66,0.191,0,0,100,0,9.163667,31.709,0.029,6.098667,706,282570,451,424,424,0,156613,13,6849,2,0,0,2,4800,0,78.331,0,SHADOW,SHADOW,,4095,2050,2045,missing_native_domain_handlers,false,16,false,0,0,false,0,0,0,0,0,climate_trace_reference_pending,,,,,0,,,0,0,2,0,0,1.352367,0,0,0,0,0,0,431,430,2400,true,0,0,0,0,0,0,0,0,0,0,4088,0,3,0,3,0,0,0,0,0,0,0,climate_trace_reference_pending,0,0,0,0,0,0,0,0,0,0,0,0,0,0,0,0,0,0,0,0,0,0,0,0,0,false,
319,432,49938,false,70,50,22.066,21.462,0.011,0.345,dynamic_visual_atlas_upload,,,cell_indirection_lut,1.87,2400,2400,0,0,-1,-1,,1283.422457,3.353177,5.523,7.511,260,8,3,1.5,false,2,8.666,,,,,,,,,,,,,,,,,,,,,,,,,,,,,,,,,,,,,,,,,,2,11,11,1,true,1,0.304,building_commit,0,5,13.488,8.304,2.11,0.363,8,building_commit,building_commit,special_reset,ECONOMY_GRAPH,false,"{""economy:building_commit"":1,""economy:building_plan"":2,""economy:epoch_begin"":1,""economy:household_market"":1,""native_daily:climate_pass_b"":1,""native_daily:native_daily_complete"":1,""native_daily:native_daily_finalizer"":1,""native_daily:ocean_land"":1,""native_daily:sea_ice"":1,""native_daily:wind_surface"":1}","{""economy:building_commit"":0.363,""economy:building_plan"":0.37,""economy:epoch_begin"":2.11,""economy:household_market"":1.563,""native_daily:climate_pass_b"":0.931,""native_daily:native_daily_complete"":0.404,""native_daily:native_daily_finalizer"":0.753,""native_daily:ocean_land"":1.442,""native_daily:sea_ice"":0.833,""native_daily:wind_surface"":1.092}","{""economy:building_commit"":0.363,""economy:building_plan"":0.218,""economy:epoch_begin"":2.11,""economy:household_market"":1.563,""native_daily:climate_pass_b"":0.931,""native_daily:native_daily_complete"":0.404,""native_daily:native_daily_finalizer"":0.753,""native_daily:ocean_land"":1.442,""native_daily:sea_ice"":0.833,""native_daily:wind_surface"":1.092}","{""economy:building_commit.review_prepare"":1,""economy:building_commit.special_reset"":1,""economy:household_market.settle.merge_aggregate"":1,""economy:household_market.settle.merge_trade"":1,""economy:household_market.settle.other"":1,""economy:household_market.settle.prepare"":1,""economy:household_market.settle.trace"":1,""economy:household_market.settle.worker"":1}","{""economy:building_commit.review_prepare"":0.0005,""economy:building_commit.special_reset"":0.0001,""economy:household_market.settle.merge_aggregate"":0.079,""economy:household_market.settle.merge_trade"":0.0081,""economy:household_market.settle.other"":0.000400000000000011,""economy:household_market.settle.prepare"":0.0019,""economy:household_market.settle.trace"":0.003,""economy:household_market.settle.worker"":0.52}","{""economy:building_commit.review_prepare"":0.0005,""economy:building_commit.special_reset"":0.0001,""economy:household_market.settle.merge_aggregate"":0.079,""economy:household_market.settle.merge_trade"":0.0081,""economy:household_market.settle.other"":0.000400000000000011,""economy:household_market.settle.prepare"":0.0019,""economy:household_market.settle.trace"":0.003,""economy:household_market.settle.worker"":0.52}","{""economy:building_commit.review_prepare"":1,""economy:building_commit.special_reset"":4,""economy:household_market.settle.merge_aggregate"":4,""economy:household_market.settle.merge_trade"":4,""economy:household_market.settle.other"":4,""economy:household_market.settle.prepare"":4,""economy:household_market.settle.trace"":4,""economy:household_market.settle.worker"":4}",0,0,4.807,0.055,0,1.76,544,850,4,0,0.576,0,0.618,0.022,0.545,0.185,0,0,100,0,15.6745,31.709,0.029,9.0525,706,282570,451,426,426,0,157366,13,6601,2,0,0,2,4800,0,78.331,0,SHADOW,SHADOW,,4095,2050,2045,missing_native_domain_handlers,false,16,false,0,0,false,0,0,0,0,0,climate_trace_reference_pending,,,,,0,,,0,0,2,0,0,1.038012,0,0,0,0,0,0,432,431,2400,true,0,0,0,0,0,0,0,0,0,0,4088,0,3,0,3,0,0,0,0,0,0,0,climate_trace_reference_pending,0,0,0,0,0,0,0,0,0,0,0,0,0,0,0,0,0,0,0,0,0,0,0,0,0,false,
320,433,49970,false,70,50,13.52,12.895,0.012,0.353,native_daily_sim,climate_pass_a,climate_pass_a_struct,gdext_native_daily_slice,1.607,1,0,0,1,-1,-1,,0.622278,3.35076,5.523,7.511,260,8,3,1.5,false,2,8.666,,,,,,,,,,,,,,,,,,,,,,,,,,,,,,,,,,,,,,,,,,0,0,0,0,false,0,0,,0,0,0,0,0,0,0,,,,,false,{},{},{},{},{},{},{},0,0,0.304,0.051,0,1.653,544,850,4,0,0.508,0.094,0.364,0.021,0.617,0.2,0,0,100,0,10.575667,31.709,0.029,8.567667,706,282570,451,426,426,0,157366,13,6601,2,0,0,2,4800,0,78.331,0,SHADOW,SHADOW,,4095,2050,2045,missing_native_domain_handlers,false,16,false,0,0,false,0,0,0,0,0,climate_trace_reference_pending,,,,,0,,,0,0,2,0,0,1.044397,0,0,0,0,0,0,433,432,2400,true,0,0,0,0,0,0,0,0,0,0,4088,0,3,0,3,0,0,0,0,0,0,0,climate_trace_reference_pending,0,0,0,0,0,0,0,0,0,0,0,0,0,0,0,0,0,0,0,0,0,0,0,0,0,false,
321,434,50022,false,70,50,21.508,20.8,0.012,0.375,trigger_runtime,trigger_evaluate,,TRIGGER_GRAPH,1.03,356,0,0,356,-1,-1,,345.631078,3.352273,5.523,7.511,261,8,3,1.5,false,2,8.666,,,,,,,,,,,,,,,,,,,,,,,,,,,,,,,,,,,,,,,,,,1,8,8,1,true,1,0.075,building_plan,0,2,8.075,8.075,1.634,0.212,8,building_plan,trade_settle,reserve,ECONOMY_GRAPH,false,"{""economy:building_plan"":2,""native_daily:climate_pass_b"":1,""native_daily:native_daily_complete"":1,""native_daily:native_daily_finalizer"":1,""native_daily:ocean_land"":1,""native_daily:sea_ice"":1,""native_daily:wind_surface"":1}","{""economy:building_plan"":1.846,""native_daily:climate_pass_b"":0.854,""native_daily:native_daily_complete"":0.308,""native_daily:native_daily_finalizer"":0.709,""native_daily:ocean_land"":1.141,""native_daily:sea_ice"":0.748,""native_daily:wind_surface"":0.955}","{""economy:building_plan"":1.634,""native_daily:climate_pass_b"":0.854,""native_daily:native_daily_complete"":0.308,""native_daily:native_daily_finalizer"":0.709,""native_daily:ocean_land"":1.141,""native_daily:sea_ice"":0.748,""native_daily:wind_surface"":0.955}",{},{},{},{},0,0.001,6.068,0.06,0,1.764,544,850,4,0,0.432,0,0.464,0.022,0.468,0.273,0,0,100,0,17.453333,31.709,0.029,9.561333,707,282572,451,428,428,0,157762,14,8069,3,0,0,2,4800,0,78.331,0,SHADOW,SHADOW,,4095,2050,2045,missing_native_domain_handlers,false,16,false,0,0,false,0,0,0,0,0,climate_trace_reference_pending,,,,,0,,,0,0,2,0,0,1.349847,0,0,0,0,0,0,434,433,2400,true,0,0,0,0,0,0,0,0,0,0,4088,0,3,0,3,0,0,0,0,0,0,0,climate_trace_reference_pending,0,0,0,0,0,0,0,0,0,0,0,0,0,0,0,0,0,0,0,0,0,0,0,0,0,false,
322,435,50049,false,72,50,13.549,12.959,0.012,0.314,native_daily_sim,climate_pass_a,climate_pass_a_struct,gdext_native_daily_slice,1.579,1,0,0,1,-1,-1,,0.633312,3.34963,5.523,7.511,261,8,3,1.5,false,2,8.666,,,,,,,,,,,,,,,,,,,,,,,,,,,,,,,,,,,,,,,,,,0,0,0,0,false,0,0,,0,0,0,0,0,0,0,,,,,false,{},{},{},{},{},{},{},0,0,1.651,0.066,0,1.476,544,850,4,0,0.496,0,0.421,0.014,0.287,0.285,0,0,100,0,13.318,31.69,0.023,10.125,707,282572,451,429,429,0,158121,14,1255,2,0,0,2,4800,0,78.331,0,SHADOW,SHADOW,,4095,2050,2045,missing_native_domain_handlers,false,16,false,0,0,false,0,0,0,0,0,climate_trace_reference_pending,,,,,0,,,0,0,2,0,0,1.995052,0,0,0,0,0,0,435,434,2400,true,0,0,0,0,0,0,0,0,0,0,4088,0,3,0,3,0,0,0,0,0,0,0,climate_trace_reference_pending,0,0,0,0,0,0,0,0,0,0,0,0,0,0,0,0,0,0,0,0,0,0,0,0,0,false,
323,436,50108,false,72,50,25.16,24.64,0.012,0.269,dynamic_visual_atlas_upload,,,cell_indirection_lut,1.943,2400,2400,0,0,-1,-1,,1235.20332,3.351694,5.523,7.511,261,8,3,1.5,false,2,8.666,,,,,,,,,,,,,,,,,,,,,,,,,,,,,,,,,,,,,,,,,,1,9,9,1,true,1,0.303,building_plan,0,3,8.303,8.303,1.58,0.136,8,building_plan,trade_settle,reserve,ECONOMY_GRAPH,false,"{""economy:building_plan"":2,""economy:epoch_begin"":1,""native_daily:climate_pass_b"":1,""native_daily:native_daily_complete"":1,""native_daily:native_daily_finalizer"":1,""native_daily:ocean_land"":1,""native_daily:sea_ice"":1,""native_daily:wind_surface"":1}","{""economy:building_plan"":0.394,""economy:epoch_begin"":1.58,""native_daily:climate_pass_b"":0.774,""native_daily:native_daily_complete"":0.316,""native_daily:native_daily_finalizer"":0.495,""native_daily:ocean_land"":1.077,""native_daily:sea_ice"":0.629,""native_daily:wind_surface"":0.736}","{""economy:building_plan"":0.258,""economy:epoch_begin"":1.58,""native_daily:climate_pass_b"":0.774,""native_daily:native_daily_complete"":0.316,""native_daily:native_daily_finalizer"":0.495,""native_daily:ocean_land"":1.077,""native_daily:sea_ice"":0.629,""native_daily:wind_surface"":0.736}",{},{},{},{},0,0,0.278,0.066,0,0.167,512,850,0,0,0,0.159,0,0,0,0,0,0,100,0,14.86,31.69,0.023,14.349,707,282572,451,431,431,0,158877,14,7997,2,0,0,2,4800,0,78.331,0,SHADOW,SHADOW,,4095,2050,2045,missing_native_domain_handlers,false,16,false,0,0,false,0,0,0,0,0,climate_trace_reference_pending,,,,,0,,,0,0,2,0,0,1.396427,0,0,0,0,0,0,436,435,2400,true,0,0,0,0,0,0,0,0,0,0,4088,0,3,0,3,0,0,0,0,0,0,0,climate_trace_reference_pending,0,0,0,0,0,0,0,0,0,0,0,0,0,0,0,0,0,0,0,0,0,0,0,0,0,false,
324,437,50138,false,72,50,20.371,14.314,0.011,5.824,native_daily_sim,climate_pass_a,climate_pass_a_struct,gdext_native_daily_slice,2.253,1,0,0,1,-1,-1,,0.443853,3.345543,5.39,7.511,261,8,3,1.5,false,2,8.666,,,,,,,,,,,,,,,,,,,,,,,,,,,,,,,,,,,,,,,,,,0,0,0,0,false,0,0,,0,0,0,0,0,0,0,,,,,false,{},{},{},{},{},{},{},0,0.001,0.419,0.069,0,0.338,512,850,0,0,0,0.332,0,0,0,0,0,0,100,0,14.759,31.69,0.023,13.933,707,282572,451,431,431,0,158877,14,7997,2,0,0,2,4800,0,78.331,0,SHADOW,SHADOW,,4095,2050,2045,missing_native_domain_handlers,false,16,false,0,0,false,0,0,0,0,0,climate_trace_reference_pending,,,,,0,,,0,0,2,0,0,1.135842,0,0,0,0,0,0,437,436,2400,true,0,0,0,0,0,0,0,0,0,0,4088,0,3,0,3,0,0,0,0,0,0,0,climate_trace_reference_pending,0,0,0,0,0,0,0,0,0,0,0,0,0,0,0,0,0,0,0,0,0,0,0,0,0,false,
325,438,50207,false,72,50,22.474,21.12,0.792,0.281,ocean_currents,daily_wind_prepass,daily_wind_slp,gdext_daily_wind_slp,1.161,2400,2400,0,0,-1,-1,,2067.183439,3.347543,5.39,7.511,261,8,3,1.5,false,2,8.666,,,,,,,,,,,,,,,,,,,,,,,,,,,,,,,,,,,,,,,,,,2,12,12,1,true,1,0.37,household_market,0,3,14.396,8.37,1.787,1.591,8,household_market,household_market,settle,ECONOMY_GRAPH,false,"{""economy:building_plan"":2,""economy:household_market"":1,""native_daily:climate_pass_b"":1,""native_daily:native_daily_complete"":1,""native_daily:native_daily_finalizer"":1,""native_daily:ocean_land"":1,""native_daily:runtime_hydrology"":1,""native_daily:sea_ice"":1,""native_daily:transpiration"":1,""native_daily:weather_stage_b"":1,""native_daily:wind_surface"":1}","{""economy:building_plan"":1.878,""economy:household_market"":1.591,""native_daily:climate_pass_b"":0.678,""native_daily:native_daily_complete"":0.766,""native_daily:native_daily_finalizer"":0.593,""native_daily:ocean_land"":0.935,""native_daily:runtime_hydrology"":1.287,""native_daily:sea_ice"":1.118,""native_daily:transpiration"":0.582,""native_daily:weather_stage_b"":1.787,""native_daily:wind_surface"":0.819}","{""economy:building_plan"":1.647,""economy:household_market"":1.591,""native_daily:climate_pass_b"":0.678,""native_daily:native_daily_complete"":0.766,""native_daily:native_daily_finalizer"":0.593,""native_daily:ocean_land"":0.935,""native_daily:runtime_hydrology"":1.287,""native_daily:sea_ice"":1.118,""native_daily:transpiration"":0.582,""native_daily:weather_stage_b"":1.787,""native_daily:wind_surface"":0.819}","{""economy:household_market.settle.merge_aggregate"":1,""economy:household_market.settle.merge_trade"":1,""economy:household_market.settle.other"":1,""economy:household_market.settle.prepare"":1,""economy:household_market.settle.trace"":1,""economy:household_market.settle.worker"":1}","{""economy:household_market.settle.merge_aggregate"":0.0838,""economy:household_market.settle.merge_trade"":0.0093,""economy:household_market.settle.other"":0.000499999999999998,""economy:household_market.settle.prepare"":0.0014,""economy:household_market.settle.trace"":0.0042,""economy:household_market.settle.worker"":0.5532}","{""economy:household_market.settle.merge_aggregate"":0.0838,""economy:household_market.settle.merge_trade"":0.0093,""economy:household_market.settle.other"":0.000499999999999998,""economy:household_market.settle.prepare"":0.0014,""economy:household_market.settle.trace"":0.0042,""economy:household_market.settle.worker"":0.5532}","{""economy:household_market.settle.merge_aggregate"":4,""economy:household_market.settle.merge_trade"":4,""economy:household_market.settle.other"":4,""economy:household_market.settle.prepare"":4,""economy:household_market.settle.trace"":4,""economy:household_market.settle.worker"":4}",0,0,4.456,0.05,0,2.26,512,850,4,0,0.551,0.156,0.781,0.019,0.55,0.295,0,0,100,0,17.37125,31.69,0.023,10.60525,707,282572,451,433,433,0,159633,14,6885,2,0,0,2,4800,0,78.331,0,SHADOW,SHADOW,,4095,2050,2045,missing_native_domain_handlers,false,16,false,0,0,false,0,0,0,0,0,climate_trace_reference_pending,,,,,0,,,0,0,2,0,0,1.548437,0,0,0,0,0,0,438,437,2400,true,0,0,0,0,0,0,0,0,0,0,4088,0,3,0,3,0,0,0,0,0,0,0,climate_trace_reference_pending,0,0,0,0,0,0,0,0,0,0,0,0,0,0,0,0,0,0,0,0,0,0,0,0,0,false,
326,439,50241,false,72,50,14.761,14.189,0.012,0.296,native_daily_sim,climate_pass_a,climate_pass_a_struct,gdext_native_daily_slice,1.697,1,0,0,1,-1,-1,,0.589275,3.34777,5.39,7.511,261,8,3,1.5,false,2,8.666,,,,,,,,,,,,,,,,,,,,,,,,,,,,,,,,,,,,,,,,,,0,0,0,0,false,0,0,,0,0,0,0,0,0,0,,,,,false,{},{},{},{},{},{},{},0,0.001,0.411,0.062,0,2.99,512,850,4,0,1.11,0,0.46,0.032,1.751,0.341,0,0,100,0,11.423,31.69,0.023,7.96,707,282572,451,433,433,0,159633,14,6885,2,0,0,2,4800,0,78.331,0,SHADOW,SHADOW,,4095,2050,2045,missing_native_domain_handlers,false,16,false,0,0,false,0,0,0,0,0,climate_trace_reference_pending,,,,,0,,,0,0,2,0,0,1.650432,0,0,0,0,0,0,439,438,2400,true,0,0,0,0,0,0,0,0,0,0,4088,0,3,0,3,0,0,0,0,0,0,0,climate_trace_reference_pending,0,0,0,0,0,0,0,0,0,0,0,0,0,0,0,0,0,0,0,0,0,0,0,0,0,false,
327,440,50296,false,72,50,23.554,22.924,0.014,0.371,dynamic_visual_atlas_upload,,,cell_indirection_lut,1.886,2400,2400,0,0,-1,-1,,1272.534439,3.347207,5.39,7.511,261,8,3,1.5,false,2,8.666,,,,,,,,,,,,,,,,,,,,,,,,,,,,,,,,,,,,,,,,,,1,8,8,1,true,1,0.212,building_plan,0,2,8.212,8.212,1.792,0.2,8,building_plan,building_plan,evaluate,ECONOMY_GRAPH,false,"{""economy:building_plan"":1,""economy:epoch_begin"":1,""native_daily:climate_pass_b"":1,""native_daily:native_daily_complete"":1,""native_daily:native_daily_finalizer"":1,""native_daily:ocean_land"":1,""native_daily:sea_ice"":1,""native_daily:wind_surface"":1}","{""economy:building_plan"":0.2,""economy:epoch_begin"":1.792,""native_daily:climate_pass_b"":0.806,""native_daily:native_daily_complete"":0.324,""native_daily:native_daily_finalizer"":0.699,""native_daily:ocean_land"":1.012,""native_daily:sea_ice"":0.799,""native_daily:wind_surface"":0.98}","{""economy:building_plan"":0.2,""economy:epoch_begin"":1.792,""native_daily:climate_pass_b"":0.806,""native_daily:native_daily_complete"":0.324,""native_daily:native_daily_finalizer"":0.699,""native_daily:ocean_land"":1.012,""native_daily:sea_ice"":0.799,""native_daily:wind_surface"":0.98}",{},{},{},{},0,0.001,6.6,0.064,0,1.349,512,850,4,0,0.453,0,0.385,0.022,0.298,0.202,0,0,100,0,18.299,31.69,0.023,10.286,707,282572,451,435,435,0,160393,14,7177,2,0,0,2,4800,0,78.331,0,SHADOW,SHADOW,,4095,2050,2045,missing_native_domain_handlers,false,16,false,0,0,false,0,0,0,0,0,climate_trace_reference_pending,,,,,0,,,0,0,2,0,0,1.935852,0,0,0,0,0,0,440,439,2400,true,0,0,0,0,0,0,0,0,0,0,4088,0,3,0,3,0,0,0,0,0,0,0,climate_trace_reference_pending,0,0,0,0,0,0,0,0,0,0,0,0,0,0,0,0,0,0,0,0,0,0,0,0,0,false,
328,441,50329,false,72,50,14.703,14.045,0.012,0.356,native_daily_sim,climate_pass_a,climate_pass_a_struct,gdext_native_daily_slice,1.795,1,0,0,1,-1,-1,,0.557103,3.347234,5.39,7.511,261,8,3,1.5,false,2,8.666,,,,,,,,,,,,,,,,,,,,,,,,,,,,,,,,,,,,,,,,,,0,0,0,0,false,0,0,,0,0,0,0,0,0,0,,,,,false,{},{},{},{},{},{},{},0,0,0.384,0.057,0,1.197,512,850,4,0,0.359,0,0.466,0.018,0.256,0.221,0,0,100,0,10.949667,31.69,0.023,9.311667,707,282572,451,435,435,0,160393,14,7177,2,0,0,2,4800,0,78.331,0,SHADOW,SHADOW,,4095,2050,2045,missing_native_domain_handlers,false,16,false,0,0,false,0,0,0,0,0,climate_trace_reference_pending,,,,,0,,,0,0,2,0,0,1.028537,0,0,0,0,0,0,441,440,2400,true,0,0,0,0,0,0,0,0,0,0,4088,0,3,0,3,0,0,0,0,0,0,0,climate_trace_reference_pending,0,0,0,0,0,0,0,0,0,0,0,0,0,0,0,0,0,0,0,0,0,0,0,0,0,false,
329,442,50383,false,72,50,20.764,20.163,0.011,0.352,trigger_runtime,trigger_evaluate,,TRIGGER_GRAPH,1.325,356,0,0,356,-1,-1,,268.679236,3.348144,5.39,7.511,262,8,3,1.5,false,2,8.666,,,,,,,,,,,,,,,,,,,,,,,,,,,,,,,,,,,,,,,,,,1,8,8,1,true,1,0.036,building_plan,0,2,8.036,8.036,1.712,0.186,8,building_plan,trade_settle,reserve,ECONOMY_GRAPH,false,"{""economy:building_plan"":2,""native_daily:climate_pass_b"":1,""native_daily:native_daily_complete"":1,""native_daily:native_daily_finalizer"":1,""native_daily:ocean_land"":1,""native_daily:sea_ice"":1,""native_daily:wind_surface"":1}","{""economy:building_plan"":1.898,""native_daily:climate_pass_b"":0.753,""native_daily:native_daily_complete"":0.374,""native_daily:native_daily_finalizer"":0.497,""native_daily:ocean_land"":1.05,""native_daily:sea_ice"":0.898,""native_daily:wind_surface"":1.027}","{""economy:building_plan"":1.712,""native_daily:climate_pass_b"":0.753,""native_daily:native_daily_complete"":0.374,""native_daily:native_daily_finalizer"":0.497,""native_daily:ocean_land"":1.05,""native_daily:sea_ice"":0.898,""native_daily:wind_surface"":1.027}",{},{},{},{},0,0,0.344,0.049,0,0.168,480,850,0,0,0,0.16,0,0,0,0,0,0,100,0,13.549,31.69,0.023,12.988,707,282572,451,437,437,0,161148,14,7274,2,0,0,2,4800,0,78.331,0,SHADOW,SHADOW,,4095,2050,2045,missing_native_domain_handlers,false,16,false,0,0,false,0,0,0,0,0,climate_trace_reference_pending,,,,,0,,,0,0,2,0,0,1.418407,0,0,0,0,0,0,442,441,2400,true,0,0,0,0,0,0,0,0,0,0,4088,0,3,0,3,0,0,0,0,0,0,0,climate_trace_reference_pending,0,0,0,0,0,0,0,0,0,0,0,0,0,0,0,0,0,0,0,0,0,0,0,0,0,false,
330,443,50409,false,72,50,15.365,14.735,0.014,0.312,native_daily_sim,climate_pass_a,climate_pass_a_struct,gdext_native_daily_slice,2.37,1,0,0,1,-1,-1,,0.421941,3.350737,5.39,7.511,262,8,3,1.5,false,2,8.666,,,,,,,,,,,,,,,,,,,,,,,,,,,,,,,,,,,,,,,,,,0,0,0,0,false,0,0,,0,0,0,0,0,0,0,,,,,false,{},{},{},{},{},{},{},0,0,0.247,0.05,0,0.426,480,850,0,0,0,0.419,0,0,0,0,0,0,100,0,12.758,31.69,0.023,12.035,707,282572,451,437,437,0,161148,14,7274,2,0,0,2,4800,0,78.331,0,SHADOW,SHADOW,,4095,2050,2045,missing_native_domain_handlers,false,16,false,0,0,false,0,0,0,0,0,climate_trace_reference_pending,,,,,0,,,0,0,2,0,0,1.944932,0,0,0,0,0,0,443,442,2400,true,0,0,0,0,0,0,0,0,0,0,4088,0,3,0,3,0,0,0,0,0,0,0,climate_trace_reference_pending,0,0,0,0,0,0,0,0,0,0,0,0,0,0,0,0,0,0,0,0,0,0,0,0,0,false,
331,444,50481,false,72,50,22.483,21.93,0.012,0.286,ocean_currents,phys_upwelling,next_phys_done,physical_circulation,1.903,0,0,0,0,-1,-1,,0,3.347587,5.386,7.511,262,8,3,1.5,false,2,8.666,,,,,,,,,,,,,,,,,,,,,,,,,,,,,,,,,,,,,,,,,,2,11,11,1,true,1,0.027,building_commit,0,5,13.17,8.027,2.111,0.264,8,building_commit,building_commit,special_reset,ECONOMY_GRAPH,false,"{""economy:building_commit"":1,""economy:building_plan"":2,""economy:building_production"":1,""economy:household_market"":1,""native_daily:climate_pass_b"":1,""native_daily:native_daily_complete"":1,""native_daily:native_daily_finalizer"":1,""native_daily:ocean_land"":1,""native_daily:sea_ice"":1,""native_daily:wind_surface"":1}","{""economy:building_commit"":0.264,""economy:building_plan"":1.732,""economy:building_production"":1.052,""economy:household_market"":1.112,""native_daily:climate_pass_b"":0.666,""native_daily:native_daily_complete"":0.664,""native_daily:native_daily_finalizer"":0.684,""native_daily:ocean_land"":1.023,""native_daily:sea_ice"":0.556,""native_daily:wind_surface"":2.111}","{""economy:building_commit"":0.264,""economy:building_plan"":1.562,""economy:building_production"":1.052,""economy:household_market"":1.112,""native_daily:climate_pass_b"":0.666,""native_daily:native_daily_complete"":0.664,""native_daily:native_daily_finalizer"":0.684,""native_daily:ocean_land"":1.023,""native_daily:sea_ice"":0.556,""native_daily:wind_surface"":2.111}","{""economy:building_commit.review_prepare"":1,""economy:building_commit.special_reset"":1,""economy:household_market.settle.merge_aggregate"":1,""economy:household_market.settle.merge_trade"":1,""economy:household_market.settle.other"":1,""economy:household_market.settle.prepare"":1,""economy:household_market.settle.trace"":1,""economy:household_market.settle.worker"":1}","{""economy:building_commit.review_prepare"":0.0005,""economy:building_commit.special_reset"":0.0005,""economy:household_market.settle.merge_aggregate"":0.277,""economy:household_market.settle.merge_trade"":0.0126,""economy:household_market.settle.other"":0.000599999999999947,""economy:household_market.settle.prepare"":0.0018,""economy:household_market.settle.trace"":0.0044,""economy:household_market.settle.worker"":0.5367}","{""economy:building_commit.review_prepare"":0.0005,""economy:building_commit.special_reset"":0.0005,""economy:household_market.settle.merge_aggregate"":0.277,""economy:household_market.settle.merge_trade"":0.0126,""economy:household_market.settle.other"":0.000599999999999947,""economy:household_market.settle.prepare"":0.0018,""economy:household_market.settle.trace"":0.0044,""economy:household_market.settle.worker"":0.5367}","{""economy:building_commit.review_prepare"":1,""economy:building_commit.special_reset"":4,""economy:household_market.settle.merge_aggregate"":4,""economy:household_market.settle.merge_trade"":4,""economy:household_market.settle.other"":4,""economy:household_market.settle.prepare"":4,""economy:household_market.settle.trace"":4,""economy:household_market.settle.worker"":4}",0,0.001,0.476,0.052,0,1.932,480,850,4,0,0.556,0,0.644,0.02,0.638,0.189,0,0,100,0,14.4308,31.69,0.023,11.9708,707,282572,451,439,439,0,161900,14,6817,2,0,0,2,4800,0,78.331,0,SHADOW,SHADOW,,4095,2050,2045,missing_native_domain_handlers,false,16,false,0,0,false,0,0,0,0,0,climate_trace_reference_pending,,,,,0,,,0,0,2,0,0,1.165552,0,0,0,0,0,0,444,443,2400,true,0,0,0,0,0,0,0,0,0,0,4088,0,3,0,3,0,0,0,0,0,0,0,climate_trace_reference_pending,0,0,0,0,0,0,0,0,0,0,0,0,0,0,0,0,0,0,0,0,0,0,0,0,0,false,
332,445,50511,false,72,50,15.33,14.642,0.014,0.37,native_daily_sim,climate_pass_a,climate_pass_a_struct,gdext_native_daily_slice,2.658,1,0,0,1,-1,-1,,0.376223,3.352767,5.386,7.511,262,8,3,1.5,false,2,8.666,,,,,,,,,,,,,,,,,,,,,,,,,,,,,,,,,,,,,,,,,,0,0,0,0,false,0,0,,0,0,0,0,0,0,0,,,,,false,{},{},{},{},{},{},{},0,0.001,0.368,0.057,0,2.601,480,850,3,0,1.219,0,0.338,0.02,1.553,0.243,0,0,100,0,14.8865,31.69,0.023,11.8605,707,282572,451,439,439,0,161900,14,6817,2,0,0,2,4800,0,78.331,0,SHADOW,SHADOW,,4095,2050,2045,missing_native_domain_handlers,false,16,false,0,0,false,0,0,0,0,0,climate_trace_reference_pending,,,,,0,,,0,0,2,0,0,1.026332,0,0,0,0,0,0,445,444,2400,true,0,0,0,0,0,0,0,0,0,0,4088,0,3,0,3,0,0,0,0,0,0,0,climate_trace_reference_pending,0,0,0,0,0,0,0,0,0,0,0,0,0,0,0,0,0,0,0,0,0,0,0,0,0,false,
333,446,50579,false,72,50,20.222,19.043,0.582,0.294,trigger_runtime,trigger_evaluate,,TRIGGER_GRAPH,0.953,357,0,0,357,-1,-1,,374.606502,3.353843,5.386,7.511,262,8,3,1.5,false,2,8.666,,,,,,,,,,,,,,,,,,,,,,,,,,,,,,,,,,,,,,,,,,2,13,13,1,true,1,0.775,household_market,0,4,14.765,8.775,1.949,1.572,8,household_market,household_market,settle,ECONOMY_GRAPH,false,"{""economy:building_plan"":3,""economy:household_market"":1,""native_daily:climate_pass_b"":1,""native_daily:native_daily_complete"":1,""native_daily:native_daily_finalizer"":1,""native_daily:ocean_land"":1,""native_daily:runtime_hydrology"":1,""native_daily:sea_ice"":1,""native_daily:transpiration"":1,""native_daily:weather_stage_b"":1,""native_daily:wind_surface"":1}","{""economy:building_plan"":1.895,""economy:household_market"":1.572,""native_daily:climate_pass_b"":0.793,""native_daily:native_daily_complete"":0.691,""native_daily:native_daily_finalizer"":0.651,""native_daily:ocean_land"":1.004,""native_daily:runtime_hydrology"":1.282,""native_daily:sea_ice"":0.752,""native_daily:transpiration"":0.545,""native_daily:weather_stage_b"":1.949,""native_daily:wind_surface"":0.838}","{""economy:building_plan"":1.598,""economy:household_market"":1.572,""native_daily:climate_pass_b"":0.793,""native_daily:native_daily_complete"":0.691,""native_daily:native_daily_finalizer"":0.651,""native_daily:ocean_land"":1.004,""native_daily:runtime_hydrology"":1.282,""native_daily:sea_ice"":0.752,""native_daily:transpiration"":0.545,""native_daily:weather_stage_b"":1.949,""native_daily:wind_surface"":0.838}","{""economy:household_market.settle.merge_aggregate"":1,""economy:household_market.settle.merge_trade"":1,""economy:household_market.settle.other"":1,""economy:household_market.settle.prepare"":1,""economy:household_market.settle.trace"":1,""economy:household_market.settle.worker"":1}","{""economy:household_market.settle.merge_aggregate"":0.1123,""economy:household_market.settle.merge_trade"":0.0096,""economy:household_market.settle.other"":0.00109999999999997,""economy:household_market.settle.prepare"":0.0019,""economy:household_market.settle.trace"":0.0022,""economy:household_market.settle.worker"":0.6253}","{""economy:household_market.settle.merge_aggregate"":0.1123,""economy:household_market.settle.merge_trade"":0.0096,""economy:household_market.settle.other"":0.00109999999999997,""economy:household_market.settle.prepare"":0.0019,""economy:household_market.settle.trace"":0.0022,""economy:household_market.settle.worker"":0.6253}","{""economy:household_market.settle.merge_aggregate"":4,""economy:household_market.settle.merge_trade"":4,""economy:household_market.settle.other"":4,""economy:household_market.settle.prepare"":4,""economy:household_market.settle.trace"":4,""economy:household_market.settle.worker"":4}",0,0,0.349,0.059,0,1.791,480,850,4,0,0.448,0,0.494,0.029,0.529,0.241,0,0,100,0,13.744,31.69,0.023,11.545,707,282572,451,441,441,0,162652,15,8043,3,0,0,2,4800,0,78.331,0,SHADOW,SHADOW,,4095,2050,2045,missing_native_domain_handlers,false,16,false,0,0,false,0,0,0,0,0,climate_trace_reference_pending,,,,,0,,,0,0,2,0,0,1.210327,0,0,0,0,0,0,446,445,2400,true,0,0,0,0,0,0,0,0,0,0,4088,0,3,0,3,0,0,0,0,0,0,0,climate_trace_reference_pending,0,0,0,0,0,0,0,0,0,0,0,0,0,0,0,0,0,0,0,0,0,0,0,0,0,false,
334,447,50601,false,72,50,11.416,10.908,0.011,0.282,native_daily_sim,climate_pass_a,climate_pass_a_struct,gdext_native_daily_slice,1.634,1,0,0,1,-1,-1,,0.611995,3.347663,5.386,7.511,262,8,3,1.5,false,2,8.666,,,,,,,,,,,,,,,,,,,,,,,,,,,,,,,,,,,,,,,,,,0,0,0,0,false,0,0,,0,0,0,0,0,0,0,,,,,false,{},{},{},{},{},{},{},0,0,1.394,0.044,0,0.985,480,850,4,0,0.302,0,0.41,0.011,0.205,0.177,0,0,100,0,10.964,31.69,0.023,8.541,707,282572,451,442,442,0,162655,15,1018,2,0,0,2,4800,0,78.331,0,SHADOW,SHADOW,,4095,2050,2045,missing_native_domain_handlers,false,16,false,0,0,false,0,0,0,0,0,climate_trace_reference_pending,,,,,0,,,0,0,2,0,0,1.741767,0,0,0,0,0,0,447,446,2400,true,0,0,0,0,0,0,0,0,0,0,4088,0,3,0,3,0,0,0,0,0,0,0,climate_trace_reference_pending,0,0,0,0,0,0,0,0,0,0,0,0,0,0,0,0,0,0,0,0,0,0,0,0,0,false,
335,448,50652,false,72,50,22.145,21.615,0.011,0.281,dynamic_visual_atlas_upload,,,cell_indirection_lut,2.086,2400,2400,0,0,-1,-1,,1150.527344,3.350073,5.386,7.511,262,8,3,1.5,false,2,8.666,,,,,,,,,,,,,,,,,,,,,,,,,,,,,,,,,,,,,,,,,,1,8,8,1,true,1,0.442,building_plan,0,2,8.442,8.442,1.951,0.276,8,building_plan,building_plan,evaluate,ECONOMY_GRAPH,false,"{""economy:building_plan"":1,""economy:epoch_begin"":1,""native_daily:climate_pass_b"":1,""native_daily:native_daily_complete"":1,""native_daily:native_daily_finalizer"":1,""native_daily:ocean_land"":1,""native_daily:sea_ice"":1,""native_daily:wind_surface"":1}","{""economy:building_plan"":0.276,""economy:epoch_begin"":1.951,""native_daily:climate_pass_b"":0.656,""native_daily:native_daily_complete"":0.456,""native_daily:native_daily_finalizer"":0.489,""native_daily:ocean_land"":1.001,""native_daily:sea_ice"":0.506,""native_daily:wind_surface"":0.798}","{""economy:building_plan"":0.276,""economy:epoch_begin"":1.951,""native_daily:climate_pass_b"":0.656,""native_daily:native_daily_complete"":0.456,""native_daily:native_daily_finalizer"":0.489,""native_daily:ocean_land"":1.001,""native_daily:sea_ice"":0.506,""native_daily:wind_surface"":0.798}",{},{},{},{},0,0,6.088,0.047,0,1.172,448,850,3,0,0.466,0.061,0.345,0.013,0.264,0.179,0,0,100,0,17.013333,31.69,0.023,9.706333,707,282572,451,444,444,0,163052,16,8015,3,0,0,2,4800,0,78.331,0,SHADOW,SHADOW,,4095,2050,2045,missing_native_domain_handlers,false,16,false,0,0,false,0,0,0,0,0,climate_trace_reference_pending,,,,,0,,,0,0,2,0,0,1.745067,0,0,0,0,0,0,448,447,2400,true,0,0,0,0,0,0,0,0,0,0,4088,0,3,0,3,0,0,0,0,0,0,0,climate_trace_reference_pending,0,0,0,0,0,0,0,0,0,0,0,0,0,0,0,0,0,0,0,0,0,0,0,0,0,false,
336,449,50679,false,72,50,13.111,12.449,0.012,0.376,native_daily_sim,climate_pass_a,climate_pass_a_struct,gdext_native_daily_slice,1.498,1,0,0,1,-1,-1,,0.667557,3.34282,5.386,7.511,262,8,3,1.5,false,2,8.666,,,,,,,,,,,,,,,,,,,,,,,,,,,,,,,,,,,,,,,,,,0,0,0,0,false,0,0,,0,0,0,0,0,0,0,,,,,false,{},{},{},{},{},{},{},0,0,0.31,0.076,0,0.388,448,850,0,0,0,0.382,0,0,0,0,0,0,100,0,8.938333,31.69,0.023,8.164333,707,282572,451,445,445,0,163412,16,1347,2,0,0,2,4800,0,78.331,0,SHADOW,SHADOW,,4095,2050,2045,missing_native_domain_handlers,false,16,false,0,0,false,0,0,0,0,0,climate_trace_reference_pending,,,,,0,,,0,0,2,0,0,1.549122,0,0,0,0,0,0,449,448,2400,true,0,0,0,0,0,0,0,0,0,0,4088,0,3,0,3,0,0,0,0,0,0,0,climate_trace_reference_pending,0,0,0,0,0,0,0,0,0,0,0,0,0,0,0,0,0,0,0,0,0,0,0,0,0,false,
337,450,50742,false,72,50,26.061,25.335,0.013,0.405,ocean_currents,daily_wind_prepass,daily_wind_slp,gdext_daily_wind_slp,1.218,2400,2400,0,0,-1,-1,,1970.443262,3.346347,5.386,7.511,262,8,3,1.5,false,2,8.666,,,,,,,,,,,,,,,,,,,,,,,,,,,,,,,,,,,,,,,,,,1,8,8,1,true,1,0.122,building_plan,0,2,8.122,8.122,1.795,0.147,8,building_plan,building_plan,evaluate,ECONOMY_GRAPH,false,"{""economy:building_plan"":2,""native_daily:climate_pass_b"":1,""native_daily:native_daily_complete"":1,""native_daily:native_daily_finalizer"":1,""native_daily:ocean_land"":1,""native_daily:sea_ice"":1,""native_daily:wind_surface"":1}","{""economy:building_plan"":1.942,""native_daily:climate_pass_b"":0.653,""native_daily:native_daily_complete"":0.413,""native_daily:native_daily_finalizer"":1.023,""native_daily:ocean_land"":0.933,""native_daily:sea_ice"":0.718,""native_daily:wind_surface"":0.805}","{""economy:building_plan"":1.795,""native_daily:climate_pass_b"":0.653,""native_daily:native_daily_complete"":0.413,""native_daily:native_daily_finalizer"":1.023,""native_daily:ocean_land"":0.933,""native_daily:sea_ice"":0.718,""native_daily:wind_surface"":0.805}",{},{},{},{},0,0.001,6.532,0.054,0,1.64,448,850,3,0,0.603,0,0.531,0.017,0.519,0.2,0,0,100,0,20.8,31.69,0.023,12.574,707,282572,451,447,447,0,163799,17,8028,3,0,0,2,4800,0,78.331,0,SHADOW,SHADOW,,4095,2050,2045,missing_native_domain_handlers,false,16,false,0,0,false,0,0,0,0,0,climate_trace_reference_pending,,,,,0,,,0,0,2,0,0,1.116067,0,0,0,0,0,0,450,449,2400,true,0,0,0,0,0,0,0,0,0,0,4088,0,3,0,3,0,0,0,0,0,0,0,climate_trace_reference_pending,0,0,0,0,0,0,0,0,0,0,0,0,0,0,0,0,0,0,0,0,0,0,0,0,0,false,
338,451,50779,false,72,50,12.781,12.093,0.012,0.371,native_daily_sim,climate_pass_a,climate_pass_a_struct,gdext_native_daily_slice,1.332,1,0,0,1,-1,-1,,0.750751,3.3446,5.386,7.511,262,8,3,1.5,false,2,8.666,,,,,,,,,,,,,,,,,,,,,,,,,,,,,,,,,,,,,,,,,,0,0,0,0,false,0,0,,0,0,0,0,0,0,0,,,,,false,{},{},{},{},{},{},{},0,0,0.344,0.085,0,2.587,448,850,4,0,0.844,0,0.608,0.023,1.252,0.273,0,0,100,0,12.584667,31.69,0.023,9.568667,707,282572,451,448,448,0,164170,17,4935,2,0,0,2,4800,0,78.331,0,SHADOW,SHADOW,,4095,2050,2045,missing_native_domain_handlers,false,16,false,0,0,false,0,0,0,0,0,climate_trace_reference_pending,,,,,0,,,0,0,2,0,0,1.568867,0,0,0,0,0,0,451,450,2400,true,0,0,0,0,0,0,0,0,0,0,4088,0,3,0,3,0,0,0,0,0,0,0,climate_trace_reference_pending,0,0,0,0,0,0,0,0,0,0,0,0,0,0,0,0,0,0,0,0,0,0,0,0,0,false,
339,452,50841,false,72,50,27.444,26.633,0.019,0.477,dynamic_visual_atlas_upload,,,cell_indirection_lut,1.88,2400,2400,0,0,-1,-1,,1276.595748,3.348374,5.386,7.511,262,8,3,1.5,false,2,8.666,,,,,,,,,,,,,,,,,,,,,,,,,,,,,,,,,,,,,,,,,,1,7,7,1,true,1,0.359,building_plan,0,1,8.359,8.359,1.889,1.889,8,building_plan,building_plan,evaluate,ECONOMY_GRAPH,false,"{""economy:building_plan"":1,""native_daily:climate_pass_b"":1,""native_daily:native_daily_complete"":1,""native_daily:native_daily_finalizer"":1,""native_daily:ocean_land"":1,""native_daily:sea_ice"":1,""native_daily:wind_surface"":1}","{""economy:building_plan"":1.889,""native_daily:climate_pass_b"":0.733,""native_daily:native_daily_complete"":0.365,""native_daily:native_daily_finalizer"":0.824,""native_daily:ocean_land"":1.245,""native_daily:sea_ice"":0.642,""native_daily:wind_surface"":0.917}","{""economy:building_plan"":1.889,""native_daily:climate_pass_b"":0.733,""native_daily:native_daily_complete"":0.365,""native_daily:native_daily_finalizer"":0.824,""native_daily:ocean_land"":1.245,""native_daily:sea_ice"":0.642,""native_daily:wind_surface"":0.917}",{},{},{},{},0,0.001,6.233,0.063,0,2.164,448,850,4,0,0.581,0.194,0.47,0.027,0.605,0.339,0,0,100,0,20.488,31.69,0.023,12.028,707,282572,451,450,450,0,164924,17,7574,2,0,0,2,4800,0,78.331,0,SHADOW,SHADOW,,4095,2050,2045,missing_native_domain_handlers,false,16,false,0,0,false,0,0,0,0,0,climate_trace_reference_pending,,,,,0,,,0,0,2,0,0,1.929172,0,0,0,0,0,0,452,451,2400,true,0,0,0,0,0,0,0,0,0,0,4088,0,3,0,3,0,0,0,0,0,0,0,climate_trace_reference_pending,0,0,0,0,0,0,0,0,0,0,0,0,0,0,0,0,0,0,0,0,0,0,0,0,0,false,
340,453,50876,false,72,50,16.133,15.349,0.018,0.42,native_daily_sim,climate_pass_a,climate_pass_a_struct,gdext_native_daily_slice,2.366,1,0,0,1,-1,-1,,0.422654,3.351894,5.386,7.511,262,8,3,1.5,false,2,8.666,,,,,,,,,,,,,,,,,,,,,,,,,,,,,,,,,,,,,,,,,,0,0,0,0,false,0,0,,0,0,0,0,0,0,0,,,,,false,{},{},{},{},{},{},{},0,0.001,0.314,0.068,0,1.673,448,850,4,0,0.505,0,0.467,0.025,0.506,0.271,0,0,100,0,11.642333,31.69,0.023,9.587333,707,282572,451,450,450,0,164924,17,7574,2,0,0,2,4800,0,78.331,0,SHADOW,SHADOW,,4095,2050,2045,missing_native_domain_handlers,false,16,false,0,0,false,0,0,0,0,0,climate_trace_reference_pending,,,,,0,,,0,0,2,0,0,1.265042,0,0,0,0,0,0,453,452,2400,true,0,0,0,0,0,0,0,0,0,0,4088,0,3,0,3,0,0,0,0,0,0,0,climate_trace_reference_pending,0,0,0,0,0,0,0,0,0,0,0,0,0,0,0,0,0,0,0,0,0,0,0,0,0,false,
341,454,50949,false,72,50,21.625,16.376,0.564,4.459,trigger_runtime,trigger_evaluate,,TRIGGER_GRAPH,1.003,355,0,0,355,-1,-1,,353.938178,3.352671,5.386,7.511,262,8,3,1.5,false,2,8.666,,,,,,,,,,,,,,,,,,,,,,,,,,,,,,,,,,,,,,,,,,2,13,13,1,true,1,1.449,household_market,0,4,15.666,9.449,2.175,1.427,8,household_market,household_market,settle,ECONOMY_GRAPH,false,"{""economy:building_plan"":2,""economy:epoch_begin"":1,""economy:household_market"":1,""native_daily:climate_pass_b"":1,""native_daily:native_daily_complete"":1,""native_daily:native_daily_finalizer"":1,""native_daily:ocean_land"":1,""native_daily:runtime_hydrology"":1,""native_daily:sea_ice"":1,""native_daily:transpiration"":1,""native_daily:weather_stage_b"":1,""native_daily:wind_surface"":1}","{""economy:building_plan"":0.362,""economy:epoch_begin"":1.991,""economy:household_market"":1.427,""native_daily:climate_pass_b"":0.819,""native_daily:native_daily_complete"":0.885,""native_daily:native_daily_finalizer"":0.746,""native_daily:ocean_land"":1.129,""native_daily:runtime_hydrology"":1.232,""native_daily:sea_ice"":0.616,""native_daily:transpiration"":0.64,""native_daily:weather_stage_b"":2.175,""native_daily:wind_surface"":0.733}","{""economy:building_plan"":0.216,""economy:epoch_begin"":1.991,""economy:household_market"":1.427,""native_daily:climate_pass_b"":0.819,""native_daily:native_daily_complete"":0.885,""native_daily:native_daily_finalizer"":0.746,""native_daily:ocean_land"":1.129,""native_daily:runtime_hydrology"":1.232,""native_daily:sea_ice"":0.616,""native_daily:transpiration"":0.64,""native_daily:weather_stage_b"":2.175,""native_daily:wind_surface"":0.733}","{""economy:household_market.settle.merge_aggregate"":1,""economy:household_market.settle.merge_trade"":1,""economy:household_market.settle.other"":1,""economy:household_market.settle.prepare"":1,""economy:household_market.settle.trace"":1,""economy:household_market.settle.worker"":1}","{""economy:household_market.settle.merge_aggregate"":0.0907,""economy:household_market.settle.merge_trade"":0.0095,""economy:household_market.settle.other"":0.000699999999999988,""economy:household_market.settle.prepare"":0.0012,""economy:household_market.settle.trace"":0.003,""economy:household_market.settle.worker"":0.4981}","{""economy:household_market.settle.merge_aggregate"":0.0907,""economy:household_market.settle.merge_trade"":0.0095,""economy:household_market.settle.other"":0.000699999999999988,""economy:household_market.settle.prepare"":0.0012,""economy:household_market.settle.trace"":0.003,""economy:household_market.settle.worker"":0.4981}","{""economy:household_market.settle.merge_aggregate"":4,""economy:household_market.settle.merge_trade"":4,""economy:household_market.settle.other"":4,""economy:household_market.settle.prepare"":4,""economy:household_market.settle.trace"":4,""economy:household_market.settle.worker"":4}",0,0,0.482,0.054,0,1.223,416,850,3,0,0.454,0.062,0.333,0.01,0.217,0.208,0,0,100,0,14.5394,31.69,0.023,12.7804,707,282572,451,452,452,0,165675,17,6694,2,0,0,2,4800,0,78.331,0,SHADOW,SHADOW,,4095,2050,2045,missing_native_domain_handlers,false,16,false,0,0,false,0,0,0,0,0,climate_trace_reference_pending,,,,,0,,,0,0,2,0,0,1.577702,0,0,0,0,0,0,454,453,2400,true,0,0,0,0,0,0,0,0,0,0,4088,0,3,0,3,0,0,0,0,0,0,0,climate_trace_reference_pending,0,0,0,0,0,0,0,0,0,0,0,0,0,0,0,0,0,0,0,0,0,0,0,0,0,false,
342,455,50973,false,72,50,14.071,13.5,0.011,0.314,native_daily_sim,climate_pass_a,climate_pass_a_struct,gdext_native_daily_slice,1.787,1,0,0,1,-1,-1,,0.559597,3.355567,5.386,7.511,262,8,3,1.5,false,2,8.666,,,,,,,,,,,,,,,,,,,,,,,,,,,,,,,,,,,,,,,,,,0,0,0,0,false,0,0,,0,0,0,0,0,0,0,,,,,false,{},{},{},{},{},{},{},0,0.001,0.412,0.069,0,0.082,416,850,0,0,0,0.074,0,0,0,0,0,0,100,0,12.163,31.69,0.023,11.6,707,282572,451,452,452,0,165675,17,6694,2,0,0,2,4800,0,78.331,0,SHADOW,SHADOW,,4095,2050,2045,missing_native_domain_handlers,false,16,false,0,0,false,0,0,0,0,0,climate_trace_reference_pending,,,,,0,,,0,0,2,0,0,1.198167,0,0,0,0,0,0,455,454,2400,true,0,0,0,0,0,0,0,0,0,0,4088,0,3,0,3,0,0,0,0,0,0,0,climate_trace_reference_pending,0,0,0,0,0,0,0,0,0,0,0,0,0,0,0,0,0,0,0,0,0,0,0,0,0,false,
343,456,51036,false,68,50,22.647,22.039,0.012,0.327,dynamic_visual_atlas_upload,,,cell_indirection_lut,1.566,2400,2400,0,0,-1,-1,,1532.567065,3.357077,5.386,7.511,262,8,3,1.5,false,2,8.666,,,,,,,,,,,,,,,,,,,,,,,,,,,,,,,,,,,,,,,,,,1,8,8,1,true,1,0.621,building_plan,0,2,8.621,8.621,1.652,0.396,8,building_plan,building_plan,evaluate,ECONOMY_GRAPH,false,"{""economy:building_plan"":1,""economy:epoch_begin"":1,""native_daily:climate_pass_b"":1,""native_daily:native_daily_complete"":1,""native_daily:native_daily_finalizer"":1,""native_daily:ocean_land"":1,""native_daily:sea_ice"":1,""native_daily:wind_surface"":1}","{""economy:building_plan"":0.396,""economy:epoch_begin"":1.652,""native_daily:climate_pass_b"":0.724,""native_daily:native_daily_complete"":0.398,""native_daily:native_daily_finalizer"":0.733,""native_daily:ocean_land"":0.973,""native_daily:sea_ice"":0.642,""native_daily:wind_surface"":0.776}","{""economy:building_plan"":0.396,""economy:epoch_begin"":1.652,""native_daily:climate_pass_b"":0.724,""native_daily:native_daily_complete"":0.398,""native_daily:native_daily_finalizer"":0.733,""native_daily:ocean_land"":0.973,""native_daily:sea_ice"":0.642,""native_daily:wind_surface"":0.776}",{},{},{},{},0,0.001,0.428,0.051,0,0.72,416,850,1,0,0.651,0,0.282,0.011,0.139,0.12,0,0,100,0,15.8075,35.365,0.025,14.6085,706,282465,451,454,454,0,166430,17,7492,2,0,0,2,4800,0,78.331,0,SHADOW,SHADOW,,4095,2050,2045,missing_native_domain_handlers,false,16,false,0,0,false,0,0,0,0,0,climate_trace_reference_pending,,,,,0,,,0,0,2,0,0,1.935852,0,0,0,0,0,0,456,455,2400,true,0,0,0,0,0,0,0,0,0,0,4088,0,3,0,3,0,0,0,0,0,0,0,climate_trace_reference_pending,0,0,0,0,0,0,0,0,0,0,0,0,0,0,0,0,0,0,0,0,0,0,0,0,0,false,
344,457,51062,false,68,50,13.273,12.684,0.011,0.318,native_daily_sim,climate_pass_a,climate_pass_a_struct,gdext_native_daily_slice,1.562,1,0,0,1,-1,-1,,0.640205,3.354791,5.386,7.511,262,8,3,1.5,false,2,8.666,,,,,,,,,,,,,,,,,,,,,,,,,,,,,,,,,,,,,,,,,,0,0,0,0,false,0,0,,0,0,0,0,0,0,0,,,,,false,{},{},{},{},{},{},{},0,0.001,0.433,0.054,0,1.452,416,850,4,0,0.527,0,0.568,0.018,0.397,0.159,0,0,100,0,12.9015,35.365,0.025,10.9625,706,282465,451,454,454,0,166430,17,7492,2,0,0,2,4800,0,78.331,0,SHADOW,SHADOW,,4095,2050,2045,missing_native_domain_handlers,false,16,false,0,0,false,0,0,0,0,0,climate_trace_reference_pending,,,,,0,,,0,0,2,0,0,1.669787,0,0,0,0,0,0,457,456,2400,true,0,0,0,0,0,0,0,0,0,0,4088,0,3,0,3,0,0,0,0,0,0,0,climate_trace_reference_pending,0,0,0,0,0,0,0,0,0,0,0,0,0,0,0,0,0,0,0,0,0,0,0,0,0,false,
345,458,51130,false,68,50,18.193,17.595,0.012,0.339,trigger_runtime,trigger_evaluate,,TRIGGER_GRAPH,0.797,356,0,0,356,-1,-1,,446.675036,3.353637,5.386,7.511,262,8,3,1.5,false,2,8.666,,,,,,,,,,,,,,,,,,,,,,,,,,,,,,,,,,,,,,,,,,1,8,8,1,true,1,0.048,building_plan,0,2,8.048,8.048,1.658,0.21,8,building_plan,building_plan,evaluate,ECONOMY_GRAPH,false,"{""economy:building_plan"":1,""economy:epoch_begin"":1,""native_daily:climate_pass_b"":1,""native_daily:native_daily_complete"":1,""native_daily:native_daily_finalizer"":1,""native_daily:ocean_land"":1,""native_daily:sea_ice"":1,""native_daily:wind_surface"":1}","{""economy:building_plan"":0.21,""economy:epoch_begin"":1.658,""native_daily:climate_pass_b"":0.776,""native_daily:native_daily_complete"":0.348,""native_daily:native_daily_finalizer"":0.533,""native_daily:ocean_land"":1.209,""native_daily:sea_ice"":0.599,""native_daily:wind_surface"":0.845}","{""economy:building_plan"":0.21,""economy:epoch_begin"":1.658,""native_daily:climate_pass_b"":0.776,""native_daily:native_daily_complete"":0.348,""native_daily:native_daily_finalizer"":0.533,""native_daily:ocean_land"":1.209,""native_daily:sea_ice"":0.599,""native_daily:wind_surface"":0.845}",{},{},{},{},0,0,0.424,0.073,0,1.181,416,850,4,0,0.377,0,0.354,0.009,0.404,0.167,0,0,100,0,17.0865,35.365,0.025,15.4085,706,282455,451,456,456,0,167186,17,7060,2,0,0,2,4800,0,78.331,0,SHADOW,SHADOW,,4095,2050,2045,missing_native_domain_handlers,false,16,false,0,0,false,0,0,0,0,0,climate_trace_reference_pending,,,,,0,,,0,0,2,0,0,1.816892,0,0,0,0,0,0,458,457,2400,true,0,0,0,0,0,0,0,0,0,0,4088,0,3,0,3,0,0,0,0,0,0,0,climate_trace_reference_pending,0,0,0,0,0,0,0,0,0,0,0,0,0,0,0,0,0,0,0,0,0,0,0,0,0,false,
346,459,51153,false,68,50,11.274,10.646,0.014,0.332,native_daily_sim,climate_pass_a,climate_pass_a_struct,gdext_native_daily_slice,1.366,1,0,0,1,-1,-1,,0.732064,3.352894,5.386,7.511,262,8,3,1.5,false,2,8.666,,,,,,,,,,,,,,,,,,,,,,,,,,,,,,,,,,,,,,,,,,0,0,0,0,false,0,0,,0,0,0,0,0,0,0,,,,,false,{},{},{},{},{},{},{},0,0,0.343,0.052,0,1.164,416,850,4,0,0.382,0,0.369,0.009,0.386,0.154,0,0,100,0,11.311,35.365,0.025,9.752,706,282455,451,456,456,0,167186,17,7060,2,0,0,2,4800,0,78.331,0,SHADOW,SHADOW,,4095,2050,2045,missing_native_domain_handlers,false,16,false,0,0,false,0,0,0,0,0,climate_trace_reference_pending,,,,,0,,,0,0,2,0,0,1.299537,0,0,0,0,0,0,459,458,2400,true,0,0,0,0,0,0,0,0,0,0,4088,0,3,0,3,0,0,0,0,0,0,0,climate_trace_reference_pending,0,0,0,0,0,0,0,0,0,0,0,0,0,0,0,0,0,0,0,0,0,0,0,0,0,false,
347,460,51207,false,68,50,18.84,18.326,0.011,0.281,dynamic_visual_atlas_upload,,,cell_indirection_lut,1.391,2400,2400,0,0,-1,-1,,1725.377386,3.350981,5.386,7.511,262,8,3,1.5,false,2,8.666,,,,,,,,,,,,,,,,,,,,,,,,,,,,,,,,,,,,,,,,,,1,9,9,1,true,1,0.78,household_market,0,3,8.78,8.78,1.639,1.639,8,household_market,household_market,settle,ECONOMY_GRAPH,false,"{""economy:building_plan"":2,""economy:household_market"":1,""native_daily:climate_pass_b"":1,""native_daily:native_daily_complete"":1,""native_daily:native_daily_finalizer"":1,""native_daily:ocean_land"":1,""native_daily:sea_ice"":1,""native_daily:wind_surface"":1}","{""economy:building_plan"":1.665,""economy:household_market"":1.639,""native_daily:climate_pass_b"":0.671,""native_daily:native_daily_complete"":0.28,""native_daily:native_daily_finalizer"":0.447,""native_daily:ocean_land"":0.814,""native_daily:sea_ice"":0.485,""native_daily:wind_surface"":0.658}","{""economy:building_plan"":1.49,""economy:household_market"":1.639,""native_daily:climate_pass_b"":0.671,""native_daily:native_daily_complete"":0.28,""native_daily:native_daily_finalizer"":0.447,""native_daily:ocean_land"":0.814,""native_daily:sea_ice"":0.485,""native_daily:wind_surface"":0.658}","{""economy:household_market.settle.merge_aggregate"":1,""economy:household_market.settle.merge_trade"":1,""economy:household_market.settle.other"":1,""economy:household_market.settle.prepare"":1,""economy:household_market.settle.trace"":1,""economy:household_market.settle.worker"":1}","{""economy:household_market.settle.merge_aggregate"":0.0906,""economy:household_market.settle.merge_trade"":0.0085,""economy:household_market.settle.other"":0.000699999999999889,""economy:household_market.settle.prepare"":0.0016,""economy:household_market.settle.trace"":0.0039,""economy:household_market.settle.worker"":0.5634}","{""economy:household_market.settle.merge_aggregate"":0.0906,""economy:household_market.settle.merge_trade"":0.0085,""economy:household_market.settle.other"":0.000699999999999889,""economy:household_market.settle.prepare"":0.0016,""economy:household_market.settle.trace"":0.0039,""economy:household_market.settle.worker"":0.5634}","{""economy:household_market.settle.merge_aggregate"":4,""economy:household_market.settle.merge_trade"":4,""economy:household_market.settle.other"":4,""economy:household_market.settle.prepare"":4,""economy:household_market.settle.trace"":4,""economy:household_market.settle.worker"":4}",0,0,0.376,0.05,0,1.63,416,850,4,0,0.469,0,0.378,0.023,0.346,0.28,0,0,100,0,13.43325,35.365,0.025,11.37725,706,282455,451,458,458,0,167938,17,6079,2,0,0,2,4800,0,78.331,0,SHADOW,SHADOW,,4095,2050,2045,missing_native_domain_handlers,false,16,false,0,0,false,0,0,0,0,0,climate_trace_reference_pending,,,,,0,,,0,0,2,0,0,1.606212,0,0,0,0,0,0,460,459,2400,true,0,0,0,0,0,0,0,0,0,0,4088,0,3,0,3,0,0,0,0,0,0,0,climate_trace_reference_pending,0,0,0,0,0,0,0,0,0,0,0,0,0,0,0,0,0,0,0,0,0,0,0,0,0,false,
348,461,51234,false,68,50,14.99,14.346,0.013,0.352,native_daily_sim,climate_pass_a,climate_pass_a_struct,gdext_native_daily_slice,2.583,1,0,0,1,-1,-1,,0.387147,3.355431,5.386,7.511,262,8,3,1.5,false,2,8.666,,,,,,,,,,,,,,,,,,,,,,,,,,,,,,,,,,,,,,,,,,0,0,0,0,false,0,0,,0,0,0,0,0,0,0,,,,,false,{},{},{},{},{},{},{},0,0.001,0.337,0.078,0,3.051,416,850,4,0,1.357,0,0.491,0.019,1.896,0.304,0,0,100,0,13.612,35.365,0.025,10.146,706,282455,451,458,458,0,167938,17,6079,2,0,0,2,4800,0,78.331,0,SHADOW,SHADOW,,4095,2050,2045,missing_native_domain_handlers,false,16,false,0,0,false,0,0,0,0,0,climate_trace_reference_pending,,,,,0,,,0,0,2,0,0,1.188017,0,0,0,0,0,0,461,460,2400,true,0,0,0,0,0,0,0,0,0,0,4088,0,3,0,3,0,0,0,0,0,0,0,climate_trace_reference_pending,0,0,0,0,0,0,0,0,0,0,0,0,0,0,0,0,0,0,0,0,0,0,0,0,0,false,
349,462,51295,false,68,50,16.664,15.662,0.536,0.279,trigger_runtime,trigger_evaluate,,TRIGGER_GRAPH,0.927,355,0,0,355,-1,-1,,382.955777,3.354144,5.386,7.511,262,8,3,1.5,false,2,8.666,,,,,,,,,,,,,,,,,,,,,,,,,,,,,,,,,,,,,,,,,,2,12,12,1,true,1,0.257,household_market,0,3,13.883,8.257,1.83,1.48,8,household_market,household_market,settle,ECONOMY_GRAPH,false,"{""economy:building_plan"":2,""economy:household_market"":1,""native_daily:climate_pass_b"":1,""native_daily:native_daily_complete"":1,""native_daily:native_daily_finalizer"":1,""native_daily:ocean_land"":1,""native_daily:runtime_hydrology"":1,""native_daily:sea_ice"":1,""native_daily:transpiration"":1,""native_daily:weather_stage_b"":1,""native_daily:wind_surface"":1}","{""economy:building_plan"":2.004,""economy:household_market"":1.48,""native_daily:climate_pass_b"":0.62,""native_daily:native_daily_complete"":0.73,""native_daily:native_daily_finalizer"":0.732,""native_daily:ocean_land"":0.904,""native_daily:runtime_hydrology"":1.11,""native_daily:sea_ice"":0.648,""native_daily:transpiration"":0.642,""native_daily:weather_stage_b"":1.83,""native_daily:wind_surface"":0.882}","{""economy:building_plan"":1.784,""economy:household_market"":1.48,""native_daily:climate_pass_b"":0.62,""native_daily:native_daily_complete"":0.73,""native_daily:native_daily_finalizer"":0.732,""native_daily:ocean_land"":0.904,""native_daily:runtime_hydrology"":1.11,""native_daily:sea_ice"":0.648,""native_daily:transpiration"":0.642,""native_daily:weather_stage_b"":1.83,""native_daily:wind_surface"":0.882}","{""economy:household_market.settle.merge_aggregate"":1,""economy:household_market.settle.merge_trade"":1,""economy:household_market.settle.other"":1,""economy:household_market.settle.prepare"":1,""economy:household_market.settle.trace"":1,""economy:household_market.settle.worker"":1}","{""economy:household_market.settle.merge_aggregate"":0.0833,""economy:household_market.settle.merge_trade"":0.0075,""economy:household_market.settle.other"":0.000700000000000007,""economy:household_market.settle.prepare"":0.001,""economy:household_market.settle.trace"":0.0032,""economy:household_market.settle.worker"":0.4962}","{""economy:household_market.settle.merge_aggregate"":0.0833,""economy:household_market.settle.merge_trade"":0.0075,""economy:household_market.settle.other"":0.000700000000000007,""economy:household_market.settle.prepare"":0.001,""economy:household_market.settle.trace"":0.0032,""economy:household_market.settle.worker"":0.4962}","{""economy:household_market.settle.merge_aggregate"":4,""economy:household_market.settle.merge_trade"":4,""economy:household_market.settle.other"":4,""economy:household_market.settle.prepare"":4,""economy:household_market.settle.trace"":4,""economy:household_market.settle.worker"":4}",0,0,0.314,0.06,0,0.775,416,850,4,0,0.279,0,0.458,0.007,0.03,0.135,0,0,100,0,12.2538,35.365,0.025,11.1048,706,282455,451,460,460,0,168690,17,5811,2,0,0,2,4800,0,78.331,0,SHADOW,SHADOW,,4095,2050,2045,missing_native_domain_handlers,false,16,false,0,0,false,0,0,0,0,0,climate_trace_reference_pending,,,,,0,,,0,0,2,0,0,1.135962,0,0,0,0,0,0,462,461,2400,true,0,0,0,0,0,0,0,0,0,0,4088,0,3,0,3,0,0,0,0,0,0,0,climate_trace_reference_pending,0,0,0,0,0,0,0,0,0,0,0,0,0,0,0,0,0,0,0,0,0,0,0,0,0,false,
350,463,51317,false,68,50,12.931,12.414,0.011,0.261,native_daily_sim,climate_pass_a,climate_pass_a_struct,gdext_native_daily_slice,1.79,1,0,0,1,-1,-1,,0.558659,3.354521,5.386,7.511,262,8,3,1.5,false,2,8.666,,,,,,,,,,,,,,,,,,,,,,,,,,,,,,,,,,,,,,,,,,0,0,0,0,false,0,0,,0,0,0,0,0,0,0,,,,,false,{},{},{},{},{},{},{},0,0,0.236,0.047,0,1.386,416,850,4,0,0.335,0.149,0.455,0.011,0.048,0.234,0,0,100,0,11.179,35.365,0.025,9.51,706,282455,451,460,460,0,168690,17,5811,2,0,0,2,4800,0,78.331,0,SHADOW,SHADOW,,4095,2050,2045,missing_native_domain_handlers,false,16,false,0,0,false,0,0,0,0,0,climate_trace_reference_pending,,,,,0,,,0,0,2,0,0,1.473947,0,0,0,0,0,0,463,462,2400,true,0,0,0,0,0,0,0,0,0,0,4088,0,3,0,3,0,0,0,0,0,0,0,climate_trace_reference_pending,0,0,0,0,0,0,0,0,0,0,0,0,0,0,0,0,0,0,0,0,0,0,0,0,0,false,
351,464,51365,false,68,50,19.17,18.587,0.012,0.351,dynamic_visual_atlas_upload,,,cell_indirection_lut,1.621,2400,2400,0,0,-1,-1,,1480.567504,3.355734,5.386,7.511,262,8,3,1.5,false,2,8.666,,,,,,,,,,,,,,,,,,,,,,,,,,,,,,,,,,,,,,,,,,1,9,9,1,true,1,1.054,household_market,0,3,9.054,9.054,1.553,1.38,8,household_market,household_market,settle,ECONOMY_GRAPH,false,"{""economy:building_plan"":2,""economy:household_market"":1,""native_daily:climate_pass_b"":1,""native_daily:native_daily_complete"":1,""native_daily:native_daily_finalizer"":1,""native_daily:ocean_land"":1,""native_daily:sea_ice"":1,""native_daily:wind_surface"":1}","{""economy:building_plan"":1.713,""economy:household_market"":1.38,""native_daily:climate_pass_b"":0.671,""native_daily:native_daily_complete"":0.304,""native_daily:native_daily_finalizer"":0.529,""native_daily:ocean_land"":1.315,""native_daily:sea_ice"":0.542,""native_daily:wind_surface"":0.741}","{""economy:building_plan"":1.553,""economy:household_market"":1.38,""native_daily:climate_pass_b"":0.671,""native_daily:native_daily_complete"":0.304,""native_daily:native_daily_finalizer"":0.529,""native_daily:ocean_land"":1.315,""native_daily:sea_ice"":0.542,""native_daily:wind_surface"":0.741}","{""economy:household_market.settle.merge_aggregate"":1,""economy:household_market.settle.merge_trade"":1,""economy:household_market.settle.other"":1,""economy:household_market.settle.prepare"":1,""economy:household_market.settle.trace"":1,""economy:household_market.settle.worker"":1}","{""economy:household_market.settle.merge_aggregate"":0.1027,""economy:household_market.settle.merge_trade"":0.0079,""economy:household_market.settle.other"":0.00080000000000008,""economy:household_market.settle.prepare"":0.0025,""economy:household_market.settle.trace"":0.0018,""economy:household_market.settle.worker"":0.474}","{""economy:household_market.settle.merge_aggregate"":0.1027,""economy:household_market.settle.merge_trade"":0.0079,""economy:household_market.settle.other"":0.00080000000000008,""economy:household_market.settle.prepare"":0.0025,""economy:household_market.settle.trace"":0.0018,""economy:household_market.settle.worker"":0.474}","{""economy:household_market.settle.merge_aggregate"":4,""economy:household_market.settle.merge_trade"":4,""economy:household_market.settle.other"":4,""economy:household_market.settle.prepare"":4,""economy:household_market.settle.trace"":4,""economy:household_market.settle.worker"":4}",0,0.001,4.412,0.068,0,0.332,393,850,1,0,0.261,0,0.173,0.003,0.011,0.063,0,0,100,0,15.966333,35.365,0.025,11.154333,706,282455,451,462,462,0,169441,17,6537,2,0,0,2,4800,0,78.331,0,SHADOW,SHADOW,,4095,2050,2045,missing_native_domain_handlers,false,16,false,0,0,false,0,0,0,0,0,climate_trace_reference_pending,,,,,0,,,0,0,2,0,0,1.518542,0,0,0,0,0,0,464,463,2400,true,0,0,0,0,0,0,0,0,0,0,4088,0,3,0,3,0,0,0,0,0,0,0,climate_trace_reference_pending,0,0,0,0,0,0,0,0,0,0,0,0,0,0,0,0,0,0,0,0,0,0,0,0,0,false,
352,465,51393,false,68,50,13.07,12.544,0.009,0.314,native_daily_sim,climate_pass_a,climate_pass_a_struct,gdext_native_daily_slice,1.345,1,0,0,1,-1,-1,,0.743494,3.353291,5.386,7.511,262,8,3,1.5,false,2,8.666,,,,,,,,,,,,,,,,,,,,,,,,,,,,,,,,,,,,,,,,,,0,0,0,0,false,0,0,,0,0,0,0,0,0,0,,,,,false,{},{},{},{},{},{},{},0,0,0.248,0.05,0,0.314,393,850,0,0,0,0.308,0,0,0,0,0,0,100,0,9.130667,35.365,0.025,8.518667,707,282457,451,462,462,0,169441,17,6537,2,0,0,2,4800,0,78.331,0,SHADOW,SHADOW,,4095,2050,2045,missing_native_domain_handlers,false,16,false,0,0,false,0,0,0,0,0,climate_trace_reference_pending,,,,,0,,,0,0,2,0,0,1.222072,0,0,0,0,0,0,465,464,2400,true,0,0,0,0,0,0,0,0,0,0,4088,0,3,0,3,0,0,0,0,0,0,0,climate_trace_reference_pending,0,0,0,0,0,0,0,0,0,0,0,0,0,0,0,0,0,0,0,0,0,0,0,0,0,false,
353,466,51430,false,68,50,17.889,17.255,0.012,0.36,trigger_runtime,trigger_evaluate,,TRIGGER_GRAPH,0.702,0,0,0,0,-1,-1,,0,3.352217,5.386,7.511,262,8,3,1.5,false,2,8.666,,,,,,,,,,,,,,,,,,,,,,,,,,,,,,,,,,,,,,,,,,1,6,6,1,false,0,0,,0,0,5.101,5.101,1.295,0.401,8,native_daily_complete,native_daily_complete,round_complete,gdext_native_daily_slice,true,"{""native_daily:climate_pass_b"":1,""native_daily:native_daily_complete"":1,""native_daily:native_daily_finalizer"":1,""native_daily:ocean_land"":1,""native_daily:sea_ice"":1,""native_daily:wind_surface"":1}","{""native_daily:climate_pass_b"":0.768,""native_daily:native_daily_complete"":0.401,""native_daily:native_daily_finalizer"":0.776,""native_daily:ocean_land"":1.295,""native_daily:sea_ice"":0.724,""native_daily:wind_surface"":1.001}","{""native_daily:climate_pass_b"":0.768,""native_daily:native_daily_complete"":0.401,""native_daily:native_daily_finalizer"":0.776,""native_daily:ocean_land"":1.295,""native_daily:sea_ice"":0.724,""native_daily:wind_surface"":1.001}",{},{},{},{},0.001,0,5.603,0.065,0,2.074,393,850,4,0,0.67,0,0.696,0.013,0.651,0.256,0,0,100,0,18.3975,35.365,0.025,10.6555,707,282457,451,463,463,0,169818,17,6685,2,0,0,2,4800,0,78.331,0,SHADOW,SHADOW,,4095,2050,2045,missing_native_domain_handlers,false,16,false,0,0,false,0,0,0,0,0,climate_trace_reference_pending,,,,,0,,,0,0,2,0,0,1.822547,0,0,0,0,0,0,466,465,2400,true,0,0,0,0,0,0,0,0,0,0,4088,0,3,0,3,0,0,0,0,0,0,0,climate_trace_reference_pending,0,0,0,0,0,0,0,0,0,0,0,0,0,0,0,0,0,0,0,0,0,0,0,0,0,false,
354,467,51455,false,68,50,13.217,12.613,0.012,0.338,native_daily_sim,climate_pass_a,climate_pass_a_struct,gdext_native_daily_slice,1.635,1,0,0,1,-1,-1,,0.611621,3.354124,5.386,7.511,262,8,3,1.5,false,2,8.666,,,,,,,,,,,,,,,,,,,,,,,,,,,,,,,,,,,,,,,,,,0,0,0,0,false,0,0,,0,0,0,0,0,0,0,,,,,false,{},{},{},{},{},{},{},0,0,0.371,0.062,0,1.646,393,850,4,0,0.502,0,0.616,0.01,0.403,0.193,0,0,100,0,12.685,35.365,0.025,10.606,707,282457,451,463,463,0,169818,17,6685,2,0,0,2,4800,0,78.331,0,SHADOW,SHADOW,,4095,2050,2045,missing_native_domain_handlers,false,16,false,0,0,false,0,0,0,0,0,climate_trace_reference_pending,,,,,0,,,0,0,2,0,0,1.337607,0,0,0,0,0,0,467,466,2400,true,0,0,0,0,0,0,0,0,0,0,4088,0,3,0,3,0,0,0,0,0,0,0,climate_trace_reference_pending,0,0,0,0,0,0,0,0,0,0,0,0,0,0,0,0,0,0,0,0,0,0,0,0,0,false,
355,468,51508,false,68,50,22.271,21.658,0.013,0.354,dynamic_visual_atlas_upload,,,cell_indirection_lut,1.653,2400,2400,0,0,-1,-1,,1451.905629,3.354731,5.386,7.511,262,8,3,1.5,false,2,8.666,,,,,,,,,,,,,,,,,,,,,,,,,,,,,,,,,,,,,,,,,,1,8,8,1,true,1,0.031,building_plan,0,2,8.031,8.031,1.96,0.193,8,building_plan,building_plan,evaluate,ECONOMY_GRAPH,false,"{""economy:building_plan"":2,""native_daily:climate_pass_b"":1,""native_daily:native_daily_complete"":1,""native_daily:native_daily_finalizer"":1,""native_daily:ocean_land"":1,""native_daily:sea_ice"":1,""native_daily:wind_surface"":1}","{""economy:building_plan"":2.153,""native_daily:climate_pass_b"":0.645,""native_daily:native_daily_complete"":0.447,""native_daily:native_daily_finalizer"":0.517,""native_daily:ocean_land"":1.338,""native_daily:sea_ice"":0.613,""native_daily:wind_surface"":0.827}","{""economy:building_plan"":1.96,""native_daily:climate_pass_b"":0.645,""native_daily:native_daily_complete"":0.447,""native_daily:native_daily_finalizer"":0.517,""native_daily:ocean_land"":1.338,""native_daily:sea_ice"":0.613,""native_daily:wind_surface"":0.827}",{},{},{},{},0,0.001,6.455,0.05,0,0.871,393,850,4,0,0.261,0.114,0.397,0.008,0.034,0.161,0,0,100,0,17.764,35.365,0.025,10.388,707,282457,451,465,465,0,170571,17,6613,2,0,0,2,4800,0,78.331,0,SHADOW,SHADOW,,4095,2050,2045,missing_native_domain_handlers,false,16,false,0,0,false,0,0,0,0,0,climate_trace_reference_pending,,,,,0,,,0,0,2,0,0,1.528577,0,0,0,0,0,0,468,467,2400,true,0,0,0,0,0,0,0,0,0,0,4088,0,3,0,3,0,0,0,0,0,0,0,climate_trace_reference_pending,0,0,0,0,0,0,0,0,0,0,0,0,0,0,0,0,0,0,0,0,0,0,0,0,0,false,
356,469,51532,false,68,50,13.293,12.797,0.011,0.272,native_daily_sim,climate_pass_a,climate_pass_a_struct,gdext_native_daily_slice,2.182,1,0,0,1,-1,-1,,0.458295,3.356477,5.386,7.511,262,8,3,1.5,false,2,8.666,,,,,,,,,,,,,,,,,,,,,,,,,,,,,,,,,,,,,,,,,,0,0,0,0,false,0,0,,0,0,0,0,0,0,0,,,,,false,{},{},{},{},{},{},{},0,0,0.36,0.063,0,0.904,393,850,4,0,0.348,0,0.38,0.009,0.037,0.173,0,0,100,0,11.8645,35.365,0.025,10.5375,707,282457,451,465,465,0,170571,17,6613,2,0,0,2,4800,0,78.331,0,SHADOW,SHADOW,,4095,2050,2045,missing_native_domain_handlers,false,16,false,0,0,false,0,0,0,0,0,climate_trace_reference_pending,,,,,0,,,0,0,2,0,0,1.169932,0,0,0,0,0,0,469,468,2400,true,0,0,0,0,0,0,0,0,0,0,4088,0,3,0,3,0,0,0,0,0,0,0,climate_trace_reference_pending,0,0,0,0,0,0,0,0,0,0,0,0,0,0,0,0,0,0,0,0,0,0,0,0,0,false,
357,470,51592,false,68,50,20.235,19.045,0.618,0.355,trigger_runtime,trigger_evaluate,,TRIGGER_GRAPH,1.073,356,0,0,356,-1,-1,,331.78007,3.357224,5.386,7.511,262,8,3,1.5,false,2,8.666,,,,,,,,,,,,,,,,,,,,,,,,,,,,,,,,,,,,,,,,,,2,13,13,1,true,1,0.256,household_market,0,4,14.386,8.256,1.798,1.562,8,household_market,household_market,settle,ECONOMY_GRAPH,false,"{""economy:building_plan"":2,""economy:epoch_begin"":1,""economy:household_market"":1,""native_daily:climate_pass_b"":1,""native_daily:native_daily_complete"":1,""native_daily:native_daily_finalizer"":1,""native_daily:ocean_land"":1,""native_daily:runtime_hydrology"":1,""native_daily:sea_ice"":1,""native_daily:transpiration"":1,""native_daily:weather_stage_b"":1,""native_daily:wind_surface"":1}","{""economy:building_plan"":0.326,""economy:epoch_begin"":1.745,""economy:household_market"":1.562,""native_daily:climate_pass_b"":0.872,""native_daily:native_daily_complete"":0.688,""native_daily:native_daily_finalizer"":0.55,""native_daily:ocean_land"":1.1,""native_daily:runtime_hydrology"":0.96,""native_daily:sea_ice"":0.63,""native_daily:transpiration"":0.645,""native_daily:weather_stage_b"":1.798,""native_daily:wind_surface"":0.976}","{""economy:building_plan"":0.202,""economy:epoch_begin"":1.745,""economy:household_market"":1.562,""native_daily:climate_pass_b"":0.872,""native_daily:native_daily_complete"":0.688,""native_daily:native_daily_finalizer"":0.55,""native_daily:ocean_land"":1.1,""native_daily:runtime_hydrology"":0.96,""native_daily:sea_ice"":0.63,""native_daily:transpiration"":0.645,""native_daily:weather_stage_b"":1.798,""native_daily:wind_surface"":0.976}","{""economy:household_market.settle.merge_aggregate"":1,""economy:household_market.settle.merge_trade"":1,""economy:household_market.settle.other"":1,""economy:household_market.settle.prepare"":1,""economy:household_market.settle.trace"":1,""economy:household_market.settle.worker"":1}","{""economy:household_market.settle.merge_aggregate"":0.1305,""economy:household_market.settle.merge_trade"":0.0216,""economy:household_market.settle.other"":0.001,""economy:household_market.settle.prepare"":0.0011,""economy:household_market.settle.trace"":0.0031,""economy:household_market.settle.worker"":0.5837}","{""economy:household_market.settle.merge_aggregate"":0.1305,""economy:household_market.settle.merge_trade"":0.0216,""economy:household_market.settle.other"":0.001,""economy:household_market.settle.prepare"":0.0011,""economy:household_market.settle.trace"":0.0031,""economy:household_market.settle.worker"":0.5837}","{""economy:household_market.settle.merge_aggregate"":4,""economy:household_market.settle.merge_trade"":4,""economy:household_market.settle.other"":4,""economy:household_market.settle.prepare"":4,""economy:household_market.settle.trace"":4,""economy:household_market.settle.worker"":4}",0,0.001,4.386,0.063,0,1.051,393,850,4,0,0.435,0,0.385,0.014,0.254,0.185,0,0,100,0,15.025,35.365,0.025,9.525,707,282457,451,467,467,0,171325,17,6944,2,0,0,2,4800,0,78.331,0,SHADOW,SHADOW,,4095,2050,2045,missing_native_domain_handlers,false,16,false,0,0,false,0,0,0,0,0,climate_trace_reference_pending,,,,,0,,,0,0,2,0,0,1.823872,0,0,0,0,0,0,470,469,2400,true,0,0,0,0,0,0,0,0,0,0,4088,0,3,0,3,0,0,0,0,0,0,0,climate_trace_reference_pending,0,0,0,0,0,0,0,0,0,0,0,0,0,0,0,0,0,0,0,0,0,0,0,0,0,false,
358,471,51622,false,68,50,13.817,13.198,0.012,0.342,native_daily_sim,climate_pass_a,climate_pass_a_struct,gdext_native_daily_slice,1.745,1,0,0,1,-1,-1,,0.573066,3.359171,5.386,7.511,262,8,3,1.5,false,2,8.666,,,,,,,,,,,,,,,,,,,,,,,,,,,,,,,,,,,,,,,,,,0,0,0,0,false,0,0,,0,0,0,0,0,0,0,,,,,false,{},{},{},{},{},{},{},0,0.001,0.278,0.074,0,0.918,393,850,4,0,0.243,0,0.403,0.012,0.057,0.156,0,0,100,0,9.891667,35.365,0.025,8.621667,707,282457,451,467,467,0,171325,17,6944,2,0,0,2,4800,0,78.331,0,SHADOW,SHADOW,,4095,2050,2045,missing_native_domain_handlers,false,16,false,0,0,false,0,0,0,0,0,climate_trace_reference_pending,,,,,0,,,0,0,2,0,0,1.633682,0,0,0,0,0,0,471,470,2400,true,0,0,0,0,0,0,0,0,0,0,4088,0,3,0,3,0,0,0,0,0,0,0,climate_trace_reference_pending,0,0,0,0,0,0,0,0,0,0,0,0,0,0,0,0,0,0,0,0,0,0,0,0,0,false,
359,472,51670,false,68,50,22.393,21.783,0.012,0.335,dynamic_visual_atlas_upload,,,cell_indirection_lut,1.87,2400,2400,0,0,-1,-1,,1283.422457,3.362287,5.386,7.511,262,8,3,1.5,false,2,8.666,,,,,,,,,,,,,,,,,,,,,,,,,,,,,,,,,,,,,,,,,,1,9,9,1,true,1,1.037,building_production,0,3,9.037,9.037,1.454,1.125,8,building_production,building_production,,ECONOMY_GRAPH,false,"{""economy:building_plan"":2,""economy:building_production"":1,""native_daily:climate_pass_b"":1,""native_daily:native_daily_complete"":1,""native_daily:native_daily_finalizer"":1,""native_daily:ocean_land"":1,""native_daily:sea_ice"":1,""native_daily:wind_surface"":1}","{""economy:building_plan"":1.608,""economy:building_production"":1.125,""native_daily:climate_pass_b"":0.747,""native_daily:native_daily_complete"":0.415,""native_daily:native_daily_finalizer"":0.544,""native_daily:ocean_land"":1.142,""native_daily:sea_ice"":0.621,""native_daily:wind_surface"":0.874}","{""economy:building_plan"":1.454,""economy:building_production"":1.125,""native_daily:climate_pass_b"":0.747,""native_daily:native_daily_complete"":0.415,""native_daily:native_daily_finalizer"":0.544,""native_daily:ocean_land"":1.142,""native_daily:sea_ice"":0.621,""native_daily:wind_surface"":0.874}",{},{},{},{},0,0,4.654,0.06,0,0.842,393,850,4,0,0.27,0.074,0.356,0.017,0.047,0.142,0,0,100,0,16.231,35.365,0.025,10.675,707,282457,451,469,469,0,172081,17,7550,2,0,0,2,4800,0,78.331,0,SHADOW,SHADOW,,4095,2050,2045,missing_native_domain_handlers,false,16,false,0,0,false,0,0,0,0,0,climate_trace_reference_pending,,,,,0,,,0,0,2,0,0,1.612712,0,0,0,0,0,0,472,471,2400,true,0,0,0,0,0,0,0,0,0,0,4088,0,3,0,3,0,0,0,0,0,0,0,climate_trace_reference_pending,0,0,0,0,0,0,0,0,0,0,0,0,0,0,0,0,0,0,0,0,0,0,0,0,0,false,
360,473,51698,false,68,50,13.261,12.557,0.014,0.398,native_daily_sim,climate_pass_a,climate_pass_a_struct,gdext_native_daily_slice,2.2,1,0,0,1,-1,-1,,0.454545,3.362014,5.386,7.511,262,8,3,1.5,false,2,8.666,,,,,,,,,,,,,,,,,,,,,,,,,,,,,,,,,,,,,,,,,,0,0,0,0,false,0,0,,0,0,0,0,0,0,0,,,,,false,{},{},{},{},{},{},{},0,0.001,0.309,0.049,0,0.06,361,850,0,0,0,0.054,0,0,0,0,0,0,100,0,9.128667,35.365,0.025,8.710667,707,282457,451,469,469,0,172081,17,7550,2,0,0,2,4800,0,78.331,0,SHADOW,SHADOW,,4095,2050,2045,missing_native_domain_handlers,false,16,false,0,0,false,0,0,0,0,0,climate_trace_reference_pending,,,,,0,,,0,0,2,0,0,1.447127,0,0,0,0,0,0,473,472,2400,true,0,0,0,0,0,0,0,0,0,0,4088,0,3,0,3,0,0,0,0,0,0,0,climate_trace_reference_pending,0,0,0,0,0,0,0,0,0,0,0,0,0,0,0,0,0,0,0,0,0,0,0,0,0,false,
361,474,51751,false,68,50,23.368,22.807,0.013,0.311,ocean_currents,daily_wind_prepass,daily_wind_slp,gdext_daily_wind_slp,0.981,2400,2400,0,0,-1,-1,,2446.483165,3.360761,5.386,7.511,262,8,3,1.5,false,2,8.666,,,,,,,,,,,,,,,,,,,,,,,,,,,,,,,,,,,,,,,,,,1,8,8,1,true,1,0.255,building_plan,0,2,8.255,8.255,1.918,0.229,8,building_plan,building_plan,evaluate,ECONOMY_GRAPH,false,"{""economy:building_plan"":1,""economy:epoch_begin"":1,""native_daily:climate_pass_b"":1,""native_daily:native_daily_complete"":1,""native_daily:native_daily_finalizer"":1,""native_daily:ocean_land"":1,""native_daily:sea_ice"":1,""native_daily:wind_surface"":1}","{""economy:building_plan"":0.229,""economy:epoch_begin"":1.918,""native_daily:climate_pass_b"":0.717,""native_daily:native_daily_complete"":0.351,""native_daily:native_daily_finalizer"":0.568,""native_daily:ocean_land"":0.99,""native_daily:sea_ice"":0.763,""native_daily:wind_surface"":0.958}","{""economy:building_plan"":0.229,""economy:epoch_begin"":1.918,""native_daily:climate_pass_b"":0.717,""native_daily:native_daily_complete"":0.351,""native_daily:native_daily_finalizer"":0.568,""native_daily:ocean_land"":0.99,""native_daily:sea_ice"":0.763,""native_daily:wind_surface"":0.958}",{},{},{},{},0,0,5.932,0.067,0,1.35,361,850,4,0,0.442,0,0.45,0.011,0.421,0.169,0,0,100,0,17.813,35.365,0.025,10.464,707,282457,451,471,471,0,172480,18,8330,3,0,0,2,4800,0,78.331,0,SHADOW,SHADOW,,4095,2050,2045,missing_native_domain_handlers,false,16,false,0,0,false,0,0,0,0,0,climate_trace_reference_pending,,,,,0,,,0,0,2,0,0,1.608442,0,0,0,0,0,0,474,473,2400,true,0,0,0,0,0,0,0,0,0,0,4088,0,3,0,3,0,0,0,0,0,0,0,climate_trace_reference_pending,0,0,0,0,0,0,0,0,0,0,0,0,0,0,0,0,0,0,0,0,0,0,0,0,0,false,
362,475,51773,false,68,50,11.338,10.834,0.011,0.277,native_daily_sim,climate_pass_a,climate_pass_a_struct,gdext_native_daily_slice,1.367,1,0,0,1,-1,-1,,0.731529,3.346991,5.307,7.511,262,8,3,1.5,false,2,8.666,,,,,,,,,,,,,,,,,,,,,,,,,,,,,,,,,,,,,,,,,,0,0,0,0,false,0,0,,0,0,0,0,0,0,0,,,,,false,{},{},{},{},{},{},{},0,0,1.498,0.048,0,1.192,361,850,4,0,0.338,0,0.459,0.012,0.283,0.143,0,0,100,0,11.1615,35.365,0.025,8.4235,707,282457,451,472,472,0,172840,18,1025,2,0,0,2,4800,0,78.331,0,SHADOW,SHADOW,,4095,2050,2045,missing_native_domain_handlers,false,16,false,0,0,false,0,0,0,0,0,climate_trace_reference_pending,,,,,0,,,0,0,2,0,0,1.324792,0,0,0,0,0,0,475,474,2400,true,0,0,0,0,0,0,0,0,0,0,4088,0,3,0,3,0,0,0,0,0,0,0,climate_trace_reference_pending,0,0,0,0,0,0,0,0,0,0,0,0,0,0,0,0,0,0,0,0,0,0,0,0,0,false,
363,476,51845,false,68,50,29.987,24.564,0.012,5.133,dynamic_visual_atlas_upload,,,cell_indirection_lut,2.143,2400,2400,0,0,-1,-1,,1119.925397,3.354045,5.386,7.511,262,8,3,1.5,false,2,8.666,,,,,,,,,,,,,,,,,,,,,,,,,,,,,,,,,,,,,,,,,,1,7,7,1,true,1,2.388,epoch_begin,0,1,10.388,10.388,4.44,4.44,8,epoch_begin,building_plan,,ECONOMY_GRAPH,false,"{""economy:epoch_begin"":1,""native_daily:climate_pass_b"":1,""native_daily:native_daily_complete"":1,""native_daily:native_daily_finalizer"":1,""native_daily:ocean_land"":1,""native_daily:sea_ice"":1,""native_daily:wind_surface"":1}","{""economy:epoch_begin"":4.44,""native_daily:climate_pass_b"":0.572,""native_daily:native_daily_complete"":0.611,""native_daily:native_daily_finalizer"":1.055,""native_daily:ocean_land"":0.893,""native_daily:sea_ice"":0.567,""native_daily:wind_surface"":0.669}","{""economy:epoch_begin"":4.44,""native_daily:climate_pass_b"":0.572,""native_daily:native_daily_complete"":0.611,""native_daily:native_daily_finalizer"":1.055,""native_daily:ocean_land"":0.893,""native_daily:sea_ice"":0.567,""native_daily:wind_surface"":0.669}",{},{},{},{},0.001,0.001,1.786,0.049,0,1.153,361,850,4,0,0.399,0,0.395,0.014,0.052,0.21,0,0,100,0,17.844,35.365,0.025,14.856,707,282457,451,475,475,0,173601,19,7700,2,0,0,2,4800,0,78.331,0,SHADOW,SHADOW,,4095,2050,2045,missing_native_domain_handlers,false,16,false,0,0,false,0,0,0,0,0,climate_trace_reference_pending,,,,,0,,,0,0,2,0,0,1.999987,0,0,0,0,0,0,476,475,2400,true,0,0,0,0,0,0,0,0,0,0,4088,0,3,0,3,0,0,0,0,0,0,0,climate_trace_reference_pending,0,0,0,0,0,0,0,0,0,0,0,0,0,0,0,0,0,0,0,0,0,0,0,0,0,false,
364,477,51927,false,68,50,58.899,12.039,0.014,0.379,native_daily_sim,climate_pass_a,climate_pass_a_struct,gdext_native_daily_slice,1.963,1,0,0,1,-1,-1,,0.509424,3.356555,5.386,7.511,262,8,3,1.5,false,2,8.666,,,,,,,,,,,,,,,,,,,,,,,,,,,,,,,,,,,,,,,,,,0,0,0,0,false,0,0,,0,0,0,0,0,0,0,,,,,false,{},{},{},{},{},{},{},0,0,0.477,0.062,0,2.995,458,1041,3,0,1.408,0.145,0.316,0.007,1.875,0.285,0,0,100,0,27.377333,35.365,0.025,23.843333,707,282457,451,475,475,0,173601,19,7700,2,0,0,2,4800,0,78.331,0,SHADOW,SHADOW,,4095,2050,2045,missing_native_domain_handlers,false,16,false,0,0,false,0,0,0,0,0,climate_trace_reference_pending,,,,,0,,,0,0,2,0,0,1.658587,0,0,0,0,0,0,477,476,2400,true,0,0,0,0,0,0,0,0,0,0,4088,0,3,0,3,0,0,0,0,0,0,0,climate_trace_reference_pending,0,0,0,0,0,0,0,0,0,0,0,0,0,0,0,0,0,0,0,0,0,0,0,0,0,false,
365,478,52003,false,68,50,19.516,18.113,0.776,0.329,trigger_runtime,trigger_evaluate,,TRIGGER_GRAPH,1.063,358,0,0,358,-1,-1,,336.782702,3.357144,5.386,7.511,262,8,3,1.5,false,2,8.666,,,,,,,,,,,,,,,,,,,,,,,,,,,,,,,,,,,,,,,,,,2,11,11,1,true,1,0.074,building_plan,0,2,14.83,8.074,2.116,0.312,8,building_plan,building_plan,evaluate,ECONOMY_GRAPH,false,"{""economy:building_plan"":1,""economy:epoch_begin"":1,""native_daily:climate_pass_b"":1,""native_daily:native_daily_complete"":1,""native_daily:native_daily_finalizer"":1,""native_daily:ocean_land"":1,""native_daily:runtime_hydrology"":1,""native_daily:sea_ice"":1,""native_daily:transpiration"":1,""native_daily:weather_stage_b"":1,""native_daily:wind_surface"":1}","{""economy:building_plan"":0.312,""economy:epoch_begin"":2.116,""native_daily:climate_pass_b"":0.829,""native_daily:native_daily_complete"":0.937,""native_daily:native_daily_finalizer"":0.768,""native_daily:ocean_land"":1.276,""native_daily:runtime_hydrology"":1.076,""native_daily:sea_ice"":0.7,""native_daily:transpiration"":0.697,""native_daily:weather_stage_b"":2.091,""native_daily:wind_surface"":1.026}","{""economy:building_plan"":0.312,""economy:epoch_begin"":2.116,""native_daily:climate_pass_b"":0.829,""native_daily:native_daily_complete"":0.937,""native_daily:native_daily_finalizer"":0.768,""native_daily:ocean_land"":1.276,""native_daily:runtime_hydrology"":1.076,""native_daily:sea_ice"":0.7,""native_daily:transpiration"":0.697,""native_daily:weather_stage_b"":2.091,""native_daily:wind_surface"":1.026}",{},{},{},{},0,0,0.455,0.068,0,0.838,458,1041,4,0,0.298,0,0.377,0.011,0.049,0.151,0,0,100,0,12.698333,35.365,0.025,11.337333,707,282457,451,477,477,0,174359,19,7197,2,0,0,2,4800,0,78.331,0,SHADOW,SHADOW,,4095,2050,2045,missing_native_domain_handlers,false,16,false,0,0,false,0,0,0,0,0,climate_trace_reference_pending,,,,,0,,,0,0,2,0,0,1.403472,0,0,0,0,0,0,478,477,2400,true,0,0,0,0,0,0,0,0,0,0,4088,0,3,0,3,0,0,0,0,0,0,0,climate_trace_reference_pending,0,0,0,0,0,0,0,0,0,0,0,0,0,0,0,0,0,0,0,0,0,0,0,0,0,false,
366,479,52039,false,69,50,19.696,12.221,0.01,0.295,native_daily_sim,climate_pass_a,climate_pass_a_struct,gdext_native_daily_slice,1.843,1,0,0,1,-1,-1,,0.542594,3.354448,5.386,7.511,262,8,3,1.5,false,2,8.666,,,,,,,,,,,,,,,,,,,,,,,,,,,,,,,,,,,,,,,,,,0,0,0,0,false,0,0,,0,0,0,0,0,0,0,,,,,false,{},{},{},{},{},{},{},0,0.001,0.388,0.052,0,0.905,458,1095,4,0,0.284,0.076,0.323,0.013,0.05,0.15,0,0,100,0,12.071,67.343,0.027,10.726,707,282457,451,477,477,0,174359,19,7197,2,0,0,2,4800,0,78.331,0,SHADOW,SHADOW,,4095,2050,2045,missing_native_domain_handlers,false,16,false,0,0,false,0,0,0,0,0,climate_trace_reference_pending,,,,,0,,,0,0,2,0,0,1.231882,0,0,0,0,0,0,479,478,2400,true,0,0,0,0,0,0,0,0,0,0,4088,0,3,0,3,0,0,0,0,0,0,0,climate_trace_reference_pending,0,0,0,0,0,0,0,0,0,0,0,0,0,0,0,0,0,0,0,0,0,0,0,0,0,false,
367,480,52099,false,69,50,24.882,24.214,0.013,0.36,dynamic_visual_atlas_upload,,,cell_indirection_lut,1.78,2400,2400,0,0,-1,-1,,1348.314628,3.359241,5.39,7.511,262,8,3,1.5,false,2,8.666,,,,,,,,,,,,,,,,,,,,,,,,,,,,,,,,,,,,,,,,,,1,8,8,1,true,1,0.089,building_plan,0,2,8.089,8.089,1.803,0.235,8,building_plan,building_plan,evaluate,ECONOMY_GRAPH,false,"{""economy:building_plan"":1,""economy:epoch_begin"":1,""native_daily:climate_pass_b"":1,""native_daily:native_daily_complete"":1,""native_daily:native_daily_finalizer"":1,""native_daily:ocean_land"":1,""native_daily:sea_ice"":1,""native_daily:wind_surface"":1}","{""economy:building_plan"":0.235,""economy:epoch_begin"":1.803,""native_daily:climate_pass_b"":0.929,""native_daily:native_daily_complete"":0.314,""native_daily:native_daily_finalizer"":0.58,""native_daily:ocean_land"":1.193,""native_daily:sea_ice"":0.624,""native_daily:wind_surface"":0.766}","{""economy:building_plan"":0.235,""economy:epoch_begin"":1.803,""native_daily:climate_pass_b"":0.929,""native_daily:native_daily_complete"":0.314,""native_daily:native_daily_finalizer"":0.58,""native_daily:ocean_land"":1.193,""native_daily:sea_ice"":0.624,""native_daily:wind_surface"":0.766}",{},{},{},{},0,0.001,0.428,0.066,0,0.258,429,1095,0,0,0,0.25,0,0,0,0,0,0,100,0,14.895,67.343,0.027,14.143,707,282457,451,479,479,0,175117,19,7593,2,0,0,2,4800,0,78.331,0,SHADOW,SHADOW,,4095,2050,2045,missing_native_domain_handlers,false,16,false,0,0,false,0,0,0,0,0,climate_trace_reference_pending,,,,,0,,,0,0,2,0,0,1.937612,0,0,0,0,0,0,480,479,2400,true,0,0,0,0,0,0,0,0,0,0,4088,0,3,0,3,0,0,0,0,0,0,0,climate_trace_reference_pending,0,0,0,0,0,0,0,0,0,0,0,0,0,0,0,0,0,0,0,0,0,0,0,0,0,false,
368,481,52135,false,69,50,15.707,15.008,0.013,0.385,native_daily_sim,climate_pass_a,climate_pass_a_struct,gdext_native_daily_slice,1.705,1,0,0,1,-1,-1,,0.58651,3.359828,5.39,7.511,262,8,3,1.5,false,2,8.666,,,,,,,,,,,,,,,,,,,,,,,,,,,,,,,,,,,,,,,,,,0,0,0,0,false,0,0,,0,0,0,0,0,0,0,,,,,false,{},{},{},{},{},{},{},0,0,0.368,0.067,0,1.197,429,1095,2,0,0.586,0,0.333,0.013,0.468,0.12,0,0,100,0,11.840333,67.343,0.027,10.208333,707,282457,451,479,479,0,175117,19,7593,2,0,0,2,4800,0,78.331,0,SHADOW,SHADOW,,4095,2050,2045,missing_native_domain_handlers,false,16,false,0,0,false,0,0,0,0,0,climate_trace_reference_pending,,,,,0,,,0,0,2,0,0,1.200107,0,0,0,0,0,0,481,480,2400,true,0,0,0,0,0,0,0,0,0,0,4088,0,3,0,3,0,0,0,0,0,0,0,climate_trace_reference_pending,0,0,0,0,0,0,0,0,0,0,0,0,0,0,0,0,0,0,0,0,0,0,0,0,0,false,
369,482,52190,false,69,50,18.202,17.597,0.012,0.329,trigger_runtime,trigger_evaluate,,TRIGGER_GRAPH,0.986,358,0,0,358,-1,-1,,363.083164,3.361048,5.39,7.511,262,8,3,1.5,false,2,8.666,,,,,,,,,,,,,,,,,,,,,,,,,,,,,,,,,,,,,,,,,,1,9,9,1,true,1,1.604,household_market,0,3,9.604,9.604,1.639,1.639,8,household_market,household_market,settle,ECONOMY_GRAPH,false,"{""economy:building_plan"":2,""economy:household_market"":1,""native_daily:climate_pass_b"":1,""native_daily:native_daily_complete"":1,""native_daily:native_daily_finalizer"":1,""native_daily:ocean_land"":1,""native_daily:sea_ice"":1,""native_daily:wind_surface"":1}","{""economy:building_plan"":1.78,""economy:household_market"":1.639,""native_daily:climate_pass_b"":0.736,""native_daily:native_daily_complete"":0.298,""native_daily:native_daily_finalizer"":0.543,""native_daily:ocean_land"":1.064,""native_daily:sea_ice"":0.574,""native_daily:wind_surface"":0.962}","{""economy:building_plan"":1.58,""economy:household_market"":1.639,""native_daily:climate_pass_b"":0.736,""native_daily:native_daily_complete"":0.298,""native_daily:native_daily_finalizer"":0.543,""native_daily:ocean_land"":1.064,""native_daily:sea_ice"":0.574,""native_daily:wind_surface"":0.962}","{""economy:household_market.settle.merge_aggregate"":1,""economy:household_market.settle.merge_trade"":1,""economy:household_market.settle.other"":1,""economy:household_market.settle.prepare"":1,""economy:household_market.settle.trace"":1,""economy:household_market.settle.worker"":1}","{""economy:household_market.settle.merge_aggregate"":0.0963,""economy:household_market.settle.merge_trade"":0.0076,""economy:household_market.settle.other"":0.000599999999999988,""economy:household_market.settle.prepare"":0.0019,""economy:household_market.settle.trace"":0.0025,""economy:household_market.settle.worker"":0.6279}","{""economy:household_market.settle.merge_aggregate"":0.0963,""economy:household_market.settle.merge_trade"":0.0076,""economy:household_market.settle.other"":0.000599999999999988,""economy:household_market.settle.prepare"":0.0019,""economy:household_market.settle.trace"":0.0025,""economy:household_market.settle.worker"":0.6279}","{""economy:household_market.settle.merge_aggregate"":4,""economy:household_market.settle.merge_trade"":4,""economy:household_market.settle.other"":4,""economy:household_market.settle.prepare"":4,""economy:household_market.settle.trace"":4,""economy:household_market.settle.worker"":4}",0,0,0.441,0.056,0,1.342,429,1095,4,0,0.507,0,0.439,0.017,0.273,0.228,0,0,100,0,13.7475,67.343,0.027,11.9085,707,282457,451,481,481,0,175878,19,6941,2,0,0,2,4800,0,78.331,0,SHADOW,SHADOW,,4095,2050,2045,missing_native_domain_handlers,false,16,false,0,0,false,0,0,0,0,0,climate_trace_reference_pending,,,,,0,,,0,0,2,0,0,1.806132,0,0,0,0,0,0,482,481,2400,true,0,0,0,0,0,0,0,0,0,0,4088,0,3,0,3,0,0,0,0,0,0,0,climate_trace_reference_pending,0,0,0,0,0,0,0,0,0,0,0,0,0,0,0,0,0,0,0,0,0,0,0,0,0,false,
370,483,52220,false,69,50,13.913,13.232,0.013,0.37,native_daily_sim,climate_pass_a,climate_pass_a_struct,gdext_native_daily_slice,1.651,1,0,0,1,-1,-1,,0.605694,3.361794,5.39,7.511,262,8,3,1.5,false,2,8.666,,,,,,,,,,,,,,,,,,,,,,,,,,,,,,,,,,,,,,,,,,0,0,0,0,false,0,0,,0,0,0,0,0,0,0,,,,,false,{},{},{},{},{},{},{},0,0,0.403,0.06,0,0.874,429,1095,4,0,0.299,0,0.376,0.01,0.056,0.157,0,0,100,0,10.201,67.343,0.027,8.864,707,282457,451,481,481,0,175878,19,6941,2,0,0,2,4800,0,78.331,0,SHADOW,SHADOW,,4095,2050,2045,missing_native_domain_handlers,false,16,false,0,0,false,0,0,0,0,0,climate_trace_reference_pending,,,,,0,,,0,0,2,0,0,1.536747,0,0,0,0,0,0,483,482,2400,true,0,0,0,0,0,0,0,0,0,0,4088,0,3,0,3,0,0,0,0,0,0,0,climate_trace_reference_pending,0,0,0,0,0,0,0,0,0,0,0,0,0,0,0,0,0,0,0,0,0,0,0,0,0,false,
371,484,52282,false,69,50,23.304,22.739,0.012,0.317,dynamic_visual_atlas_upload,,,cell_indirection_lut,1.758,2400,2400,0,0,-1,-1,,1365.187701,3.361864,5.39,7.511,262,8,3,1.5,false,2,8.666,,,,,,,,,,,,,,,,,,,,,,,,,,,,,,,,,,,,,,,,,,1,7,7,1,true,1,0.276,epoch_begin,0,1,8.276,8.276,1.86,1.86,8,epoch_begin,building_plan,,ECONOMY_GRAPH,false,"{""economy:epoch_begin"":1,""native_daily:climate_pass_b"":1,""native_daily:native_daily_complete"":1,""native_daily:native_daily_finalizer"":1,""native_daily:ocean_land"":1,""native_daily:sea_ice"":1,""native_daily:wind_surface"":1}","{""economy:epoch_begin"":1.86,""native_daily:climate_pass_b"":0.805,""native_daily:native_daily_complete"":0.427,""native_daily:native_daily_finalizer"":0.647,""native_daily:ocean_land"":1.066,""native_daily:sea_ice"":0.824,""native_daily:wind_surface"":0.868}","{""economy:epoch_begin"":1.86,""native_daily:climate_pass_b"":0.805,""native_daily:native_daily_complete"":0.427,""native_daily:native_daily_finalizer"":0.647,""native_daily:ocean_land"":1.066,""native_daily:sea_ice"":0.824,""native_daily:wind_surface"":0.868}",{},{},{},{},0,0.001,0.367,0.072,0,1.349,429,1095,4,0,0.453,0,0.414,0.019,0.36,0.246,0,0,100,0,15.3855,67.343,0.027,13.5975,707,282457,451,483,483,0,176639,19,7283,2,0,0,2,4800,0,78.331,0,SHADOW,SHADOW,,4095,2050,2045,missing_native_domain_handlers,false,16,false,0,0,false,0,0,0,0,0,climate_trace_reference_pending,,,,,0,,,0,0,2,0,0,1.164047,0,0,0,0,0,0,484,483,2400,true,0,0,0,0,0,0,0,0,0,0,4088,0,3,0,3,0,0,0,0,0,0,0,climate_trace_reference_pending,0,0,0,0,0,0,0,0,0,0,0,0,0,0,0,0,0,0,0,0,0,0,0,0,0,false,
372,485,52308,false,69,50,13.489,12.956,0.012,0.299,native_daily_sim,climate_pass_a,climate_pass_a_struct,gdext_native_daily_slice,2.124,1,0,0,1,-1,-1,,0.47081,3.363741,5.39,7.511,262,8,3,1.5,false,2,8.666,,,,,,,,,,,,,,,,,,,,,,,,,,,,,,,,,,,,,,,,,,0,0,0,0,false,0,0,,0,0,0,0,0,0,0,,,,,false,{},{},{},{},{},{},{},0,0,0.248,0.046,0,1.026,418,1095,3,0,0.411,0.055,0.328,0.011,0.223,0.17,0,0,100,0,8.845667,67.343,0.027,7.525667,707,282457,451,483,483,0,176639,19,7283,2,0,0,2,4800,0,78.331,0,SHADOW,SHADOW,,4095,2050,2045,missing_native_domain_handlers,false,16,false,0,0,false,0,0,0,0,0,climate_trace_reference_pending,,,,,0,,,0,0,2,0,0,1.966472,0,0,0,0,0,0,485,484,2400,true,0,0,0,0,0,0,0,0,0,0,4088,0,3,0,3,0,0,0,0,0,0,0,climate_trace_reference_pending,0,0,0,0,0,0,0,0,0,0,0,0,0,0,0,0,0,0,0,0,0,0,0,0,0,false,
373,486,52367,false,69,50,22.402,19.823,0.542,0.312,ocean_currents,daily_wind_prepass,daily_wind_slp,gdext_daily_wind_slp,1.217,2400,2400,0,0,-1,-1,,1972.062436,3.365918,5.39,7.511,262,8,3,1.5,false,2,8.666,,,,,,,,,,,,,,,,,,,,,,,,,,,,,,,,,,,,,,,,,,2,13,13,1,true,1,1.007,household_market,0,4,14.342,9.007,1.627,1.524,8,household_market,household_market,settle,ECONOMY_GRAPH,false,"{""economy:building_plan"":2,""economy:epoch_begin"":1,""economy:household_market"":1,""native_daily:climate_pass_b"":1,""native_daily:native_daily_complete"":1,""native_daily:native_daily_finalizer"":1,""native_daily:ocean_land"":1,""native_daily:runtime_hydrology"":1,""native_daily:sea_ice"":1,""native_daily:transpiration"":1,""native_daily:weather_stage_b"":1,""native_daily:wind_surface"":1}","{""economy:building_plan"":0.405,""economy:epoch_begin"":1.592,""economy:household_market"":1.524,""native_daily:climate_pass_b"":0.613,""native_daily:native_daily_complete"":0.807,""native_daily:native_daily_finalizer"":1.105,""native_daily:ocean_land"":0.76,""native_daily:runtime_hydrology"":1.124,""native_daily:sea_ice"":0.648,""native_daily:transpiration"":0.686,""native_daily:weather_stage_b"":1.627,""native_daily:wind_surface"":0.901}","{""economy:building_plan"":0.268,""economy:epoch_begin"":1.592,""economy:household_market"":1.524,""native_daily:climate_pass_b"":0.613,""native_daily:native_daily_complete"":0.807,""native_daily:native_daily_finalizer"":1.105,""native_daily:ocean_land"":0.76,""native_daily:runtime_hydrology"":1.124,""native_daily:sea_ice"":0.648,""native_daily:transpiration"":0.686,""native_daily:weather_stage_b"":1.627,""native_daily:wind_surface"":0.901}","{""economy:household_market.settle.merge_aggregate"":1,""economy:household_market.settle.merge_trade"":1,""economy:household_market.settle.other"":1,""economy:household_market.settle.prepare"":1,""economy:household_market.settle.trace"":1,""economy:household_market.settle.worker"":1}","{""economy:household_market.settle.merge_aggregate"":0.0752,""economy:household_market.settle.merge_trade"":0.0065,""economy:household_market.settle.other"":0.00100000000000001,""economy:household_market.settle.prepare"":0.0012,""economy:household_market.settle.trace"":0.002,""economy:household_market.settle.worker"":0.7274}","{""economy:household_market.settle.merge_aggregate"":0.0752,""economy:household_market.settle.merge_trade"":0.0065,""economy:household_market.settle.other"":0.00100000000000001,""economy:household_market.settle.prepare"":0.0012,""economy:household_market.settle.trace"":0.002,""economy:household_market.settle.worker"":0.7274}","{""economy:household_market.settle.merge_aggregate"":4,""economy:household_market.settle.merge_trade"":4,""economy:household_market.settle.other"":4,""economy:household_market.settle.prepare"":4,""economy:household_market.settle.trace"":4,""economy:household_market.settle.worker"":4}",0,0,4.313,0.049,0,1.722,434,1101,4,0,0.531,0.155,0.586,0.014,0.394,0.186,0,0,100,0,14.78525,67.343,0.027,8.70125,706,282455,451,485,485,0,177394,19,7054,2,0,0,2,4800,0,78.331,0,SHADOW,SHADOW,,4095,2050,2045,missing_native_domain_handlers,false,16,false,0,0,false,0,0,0,0,0,climate_trace_reference_pending,,,,,0,,,0,0,2,0,0,1.483312,0,0,0,0,0,0,486,485,2400,true,0,0,0,0,0,0,0,0,0,0,4088,0,3,0,3,0,0,0,0,0,0,0,climate_trace_reference_pending,0,0,0,0,0,0,0,0,0,0,0,0,0,0,0,0,0,0,0,0,0,0,0,0,0,false,
374,487,52398,false,69,50,16.781,12.079,0.01,0.346,native_daily_sim,climate_pass_a,climate_pass_a_struct,gdext_native_daily_slice,1.628,1,0,0,1,-1,-1,,0.614251,3.366408,5.39,7.511,262,8,3,1.5,false,2,8.666,,,,,,,,,,,,,,,,,,,,,,,,,,,,,,,,,,,,,,,,,,0,0,0,0,false,0,0,,0,0,0,0,0,0,0,,,,,false,{},{},{},{},{},{},{},0,0,0.261,0.059,0,1.019,434,1123,4,0,0.301,0.135,0.443,0.009,0.025,0.146,0,0,100,0,10.385,67.343,0.027,9.046,706,282455,451,485,485,0,177394,19,7054,2,0,0,2,4800,0,78.331,0,SHADOW,SHADOW,,4095,2050,2045,missing_native_domain_handlers,false,16,false,0,0,false,0,0,0,0,0,climate_trace_reference_pending,,,,,0,,,0,0,2,0,0,1.310817,0,0,0,0,0,0,487,486,2400,true,0,0,0,0,0,0,0,0,0,0,4088,0,3,0,3,0,0,0,0,0,0,0,climate_trace_reference_pending,0,0,0,0,0,0,0,0,0,0,0,0,0,0,0,0,0,0,0,0,0,0,0,0,0,false,
375,488,52451,false,69,50,20.557,19.979,0.013,0.323,dynamic_visual_atlas_upload,,,cell_indirection_lut,1.476,2400,2400,0,0,-1,-1,,1626.016314,3.365171,5.39,7.511,262,8,3,1.5,false,2,8.666,,,,,,,,,,,,,,,,,,,,,,,,,,,,,,,,,,,,,,,,,,1,7,7,1,true,1,0.762,epoch_begin,0,1,8.762,8.762,2.042,2.042,8,epoch_begin,building_plan,,ECONOMY_GRAPH,false,"{""economy:epoch_begin"":1,""native_daily:climate_pass_b"":1,""native_daily:native_daily_complete"":1,""native_daily:native_daily_finalizer"":1,""native_daily:ocean_land"":1,""native_daily:sea_ice"":1,""native_daily:wind_surface"":1}","{""economy:epoch_begin"":2.042,""native_daily:climate_pass_b"":0.713,""native_daily:native_daily_complete"":0.468,""native_daily:native_daily_finalizer"":0.659,""native_daily:ocean_land"":1.174,""native_daily:sea_ice"":0.792,""native_daily:wind_surface"":0.936}","{""economy:epoch_begin"":2.042,""native_daily:climate_pass_b"":0.713,""native_daily:native_daily_complete"":0.468,""native_daily:native_daily_finalizer"":0.659,""native_daily:ocean_land"":1.174,""native_daily:sea_ice"":0.792,""native_daily:wind_surface"":0.936}",{},{},{},{},0,0,5.496,0.061,0,2.788,434,1123,4,0,1.502,0,0.417,0.02,1.513,0.34,0,0,100,0,17.486,67.343,0.027,9.141,706,282455,451,487,487,0,178153,19,6834,2,0,0,2,4800,0,78.331,0,SHADOW,SHADOW,,4095,2050,2045,missing_native_domain_handlers,false,16,false,0,0,false,0,0,0,0,0,climate_trace_reference_pending,,,,,0,,,0,0,2,0,0,1.751332,0,0,0,0,0,0,488,487,2400,true,0,0,0,0,0,0,0,0,0,0,4088,0,3,0,3,0,0,0,0,0,0,0,climate_trace_reference_pending,0,0,0,0,0,0,0,0,0,0,0,0,0,0,0,0,0,0,0,0,0,0,0,0,0,false,
376,489,52485,false,69,50,14.788,14.074,0.012,0.432,native_daily_sim,climate_pass_a,climate_pass_a_struct,gdext_native_daily_slice,1.682,1,0,0,1,-1,-1,,0.59453,3.364311,5.39,7.511,262,8,3,1.5,false,2,8.666,,,,,,,,,,,,,,,,,,,,,,,,,,,,,,,,,,,,,,,,,,0,0,0,0,false,0,0,,0,0,0,0,0,0,0,,,,,false,{},{},{},{},{},{},{},0,0,0.288,0.051,0,1.384,434,1123,4,0,0.426,0,0.408,0.018,0.464,0.171,0,0,100,0,11.435333,67.343,0.027,9.712333,706,282455,451,487,487,0,178153,19,6834,2,0,0,2,4800,0,78.331,0,SHADOW,SHADOW,,4095,2050,2045,missing_native_domain_handlers,false,16,false,0,0,false,0,0,0,0,0,climate_trace_reference_pending,,,,,0,,,0,0,2,0,0,1.751287,0,0,0,0,0,0,489,488,2400,true,0,0,0,0,0,0,0,0,0,0,4088,0,3,0,3,0,0,0,0,0,0,0,climate_trace_reference_pending,0,0,0,0,0,0,0,0,0,0,0,0,0,0,0,0,0,0,0,0,0,0,0,0,0,false,
377,490,52536,false,69,50,17.705,17.111,0.012,0.338,trigger_runtime,trigger_evaluate,,TRIGGER_GRAPH,0.833,357,0,0,357,-1,-1,,428.571426,3.363238,5.39,7.511,261,8,3,1.5,false,2,8.666,,,,,,,,,,,,,,,,,,,,,,,,,,,,,,,,,,,,,,,,,,1,9,9,1,true,1,0.255,household_market,0,3,8.255,8.255,1.518,1.438,8,household_market,household_market,settle,ECONOMY_GRAPH,false,"{""economy:building_plan"":2,""economy:household_market"":1,""native_daily:climate_pass_b"":1,""native_daily:native_daily_complete"":1,""native_daily:native_daily_finalizer"":1,""native_daily:ocean_land"":1,""native_daily:sea_ice"":1,""native_daily:wind_surface"":1}","{""economy:building_plan"":1.689,""economy:household_market"":1.438,""native_daily:climate_pass_b"":0.527,""native_daily:native_daily_complete"":0.283,""native_daily:native_daily_finalizer"":0.543,""native_daily:ocean_land"":0.877,""native_daily:sea_ice"":0.523,""native_daily:wind_surface"":0.623}","{""economy:building_plan"":1.518,""economy:household_market"":1.438,""native_daily:climate_pass_b"":0.527,""native_daily:native_daily_complete"":0.283,""native_daily:native_daily_finalizer"":0.543,""native_daily:ocean_land"":0.877,""native_daily:sea_ice"":0.523,""native_daily:wind_surface"":0.623}","{""economy:household_market.settle.merge_aggregate"":1,""economy:household_market.settle.merge_trade"":1,""economy:household_market.settle.other"":1,""economy:household_market.settle.prepare"":1,""economy:household_market.settle.trace"":1,""economy:household_market.settle.worker"":1}","{""economy:household_market.settle.merge_aggregate"":0.0855,""economy:household_market.settle.merge_trade"":0.0085,""economy:household_market.settle.other"":0.000300000000000016,""economy:household_market.settle.prepare"":0.0011,""economy:household_market.settle.trace"":0.0034,""economy:household_market.settle.worker"":0.5456}","{""economy:household_market.settle.merge_aggregate"":0.0855,""economy:household_market.settle.merge_trade"":0.0085,""economy:household_market.settle.other"":0.000300000000000016,""economy:household_market.settle.prepare"":0.0011,""economy:household_market.settle.trace"":0.0034,""economy:household_market.settle.worker"":0.5456}","{""economy:household_market.settle.merge_aggregate"":4,""economy:household_market.settle.merge_trade"":4,""economy:household_market.settle.other"":4,""economy:household_market.settle.prepare"":4,""economy:household_market.settle.trace"":4,""economy:household_market.settle.worker"":4}",0,0.001,0.317,0.05,0,0.82,434,1123,4,0,0.286,0,0.313,0.012,0.048,0.158,0,0,100,0,12.63375,67.343,0.027,11.44675,706,282455,451,489,489,0,178909,19,6079,2,0,0,2,4800,0,78.331,0,SHADOW,SHADOW,,4095,2050,2045,missing_native_domain_handlers,false,16,false,0,0,false,0,0,0,0,0,climate_trace_reference_pending,,,,,0,,,0,0,2,0,0,1.124382,0,0,0,0,0,0,490,489,2400,true,0,0,0,0,0,0,0,0,0,0,4088,0,3,0,3,0,0,0,0,0,0,0,climate_trace_reference_pending,0,0,0,0,0,0,0,0,0,0,0,0,0,0,0,0,0,0,0,0,0,0,0,0,0,false,
378,491,52558,false,69,50,13.751,13.25,0.011,0.291,native_daily_sim,climate_pass_a,climate_pass_a_struct,gdext_native_daily_slice,1.712,1,0,0,1,-1,-1,,0.584112,3.362911,5.39,7.511,261,8,3,1.5,false,2,8.666,,,,,,,,,,,,,,,,,,,,,,,,,,,,,,,,,,,,,,,,,,0,0,0,0,false,0,0,,0,0,0,0,0,0,0,,,,,false,{},{},{},{},{},{},{},0.001,0,0.283,0.046,0,0.764,412,1123,3,0,0.247,0.044,0.299,0.011,0.091,0.13,0,0,100,0,11.2135,67.343,0.027,10.1205,706,282455,451,489,489,0,178909,19,6079,2,0,0,2,4800,0,78.331,0,SHADOW,SHADOW,,4095,2050,2045,missing_native_domain_handlers,false,16,false,0,0,false,0,0,0,0,0,climate_trace_reference_pending,,,,,0,,,0,0,2,0,0,1.440682,0,0,0,0,0,0,491,490,2400,true,0,0,0,0,0,0,0,0,0,0,4088,0,3,0,3,0,0,0,0,0,0,0,climate_trace_reference_pending,0,0,0,0,0,0,0,0,0,0,0,0,0,0,0,0,0,0,0,0,0,0,0,0,0,false,
379,492,52610,false,69,50,25.889,20.458,0.012,5.218,dynamic_visual_atlas_upload,,,cell_indirection_lut,1.509,2400,2400,0,0,-1,-1,,1590.457316,3.363541,5.39,7.511,261,8,3,1.5,false,2,8.666,,,,,,,,,,,,,,,,,,,,,,,,,,,,,,,,,,,,,,,,,,1,7,7,1,true,1,0.354,epoch_begin,0,1,8.354,8.354,1.874,1.874,8,epoch_begin,building_plan,,ECONOMY_GRAPH,false,"{""economy:epoch_begin"":1,""native_daily:climate_pass_b"":1,""native_daily:native_daily_complete"":1,""native_daily:native_daily_finalizer"":1,""native_daily:ocean_land"":1,""native_daily:sea_ice"":1,""native_daily:wind_surface"":1}","{""economy:epoch_begin"":1.874,""native_daily:climate_pass_b"":0.702,""native_daily:native_daily_complete"":0.398,""native_daily:native_daily_finalizer"":0.665,""native_daily:ocean_land"":1.272,""native_daily:sea_ice"":0.731,""native_daily:wind_surface"":1.014}","{""economy:epoch_begin"":1.874,""native_daily:climate_pass_b"":0.702,""native_daily:native_daily_complete"":0.398,""native_daily:native_daily_finalizer"":0.665,""native_daily:ocean_land"":1.272,""native_daily:sea_ice"":0.731,""native_daily:wind_surface"":1.014}",{},{},{},{},0,0.001,6.125,0.066,0,0.203,412,1123,0,0,0,0.198,0,0,0,0,0,0,100,0,17.178,67.343,0.027,10.784,706,282455,451,491,491,0,179670,19,6698,2,0,0,2,4800,0,78.331,0,SHADOW,SHADOW,,4095,2050,2045,missing_native_domain_handlers,false,16,false,0,0,false,0,0,0,0,0,climate_trace_reference_pending,,,,,0,,,0,0,2,0,0,1.405597,0,0,0,0,0,0,492,491,2400,true,0,0,0,0,0,0,0,0,0,0,4088,0,3,0,3,0,0,0,0,0,0,0,climate_trace_reference_pending,0,0,0,0,0,0,0,0,0,0,0,0,0,0,0,0,0,0,0,0,0,0,0,0,0,false,
380,493,52643,false,69,50,13.025,12.435,0.012,0.331,native_daily_sim,climate_pass_a,climate_pass_a_struct,gdext_native_daily_slice,1.998,1,0,0,1,-1,-1,,0.5005,3.364914,5.39,7.511,261,8,3,1.5,false,2,8.666,,,,,,,,,,,,,,,,,,,,,,,,,,,,,,,,,,,,,,,,,,0,0,0,0,false,0,0,,0,0,0,0,0,0,0,,,,,false,{},{},{},{},{},{},{},0,0,0.377,0.07,0,0.685,412,1123,1,0,0.624,0,0.174,0.007,0.259,0.09,0,0,100,0,11.002333,67.343,0.027,9.870333,706,282455,451,491,491,0,179670,19,6698,2,0,0,2,4800,0,78.331,0,SHADOW,SHADOW,,4095,2050,2045,missing_native_domain_handlers,false,16,false,0,0,false,0,0,0,0,0,climate_trace_reference_pending,,,,,0,,,0,0,2,0,0,1.711592,0,0,0,0,0,0,493,492,2400,true,0,0,0,0,0,0,0,0,0,0,4088,0,3,0,3,0,0,0,0,0,0,0,climate_trace_reference_pending,0,0,0,0,0,0,0,0,0,0,0,0,0,0,0,0,0,0,0,0,0,0,0,0,0,false,
381,494,52703,false,69,50,18.725,17.342,0.739,0.351,trigger_runtime,trigger_evaluate,,TRIGGER_GRAPH,0.829,360,0,0,360,-1,-1,,434.258144,3.365521,5.39,7.511,261,8,3,1.5,false,2,8.666,,,,,,,,,,,,,,,,,,,,,,,,,,,,,,,,,,,,,,,,,,2,13,13,1,true,1,0.802,household_market,0,4,14.768,8.802,1.845,1.599,8,household_market,household_market,settle,ECONOMY_GRAPH,false,"{""economy:building_plan"":2,""economy:epoch_begin"":1,""economy:household_market"":1,""native_daily:climate_pass_b"":1,""native_daily:native_daily_complete"":1,""native_daily:native_daily_finalizer"":1,""native_daily:ocean_land"":1,""native_daily:runtime_hydrology"":1,""native_daily:sea_ice"":1,""native_daily:transpiration"":1,""native_daily:weather_stage_b"":1,""native_daily:wind_surface"":1}","{""economy:building_plan"":0.286,""economy:epoch_begin"":1.815,""economy:household_market"":1.599,""native_daily:climate_pass_b"":0.7,""native_daily:native_daily_complete"":0.755,""native_daily:native_daily_finalizer"":0.614,""native_daily:ocean_land"":1.04,""native_daily:runtime_hydrology"":1.194,""native_daily:sea_ice"":0.729,""native_daily:transpiration"":0.641,""native_daily:weather_stage_b"":1.845,""native_daily:wind_surface"":0.894}","{""economy:building_plan"":0.155,""economy:epoch_begin"":1.815,""economy:household_market"":1.599,""native_daily:climate_pass_b"":0.7,""native_daily:native_daily_complete"":0.755,""native_daily:native_daily_finalizer"":0.614,""native_daily:ocean_land"":1.04,""native_daily:runtime_hydrology"":1.194,""native_daily:sea_ice"":0.729,""native_daily:transpiration"":0.641,""native_daily:weather_stage_b"":1.845,""native_daily:wind_surface"":0.894}","{""economy:household_market.settle.merge_aggregate"":1,""economy:household_market.settle.merge_trade"":1,""economy:household_market.settle.other"":1,""economy:household_market.settle.prepare"":1,""economy:household_market.settle.trace"":1,""economy:household_market.settle.worker"":1}","{""economy:household_market.settle.merge_aggregate"":0.2053,""economy:household_market.settle.merge_trade"":0.0118,""economy:household_market.settle.other"":0.000700000000000008,""economy:household_market.settle.prepare"":0.0018,""economy:household_market.settle.trace"":0.0028,""economy:household_market.settle.worker"":0.6231}","{""economy:household_market.settle.merge_aggregate"":0.2053,""economy:household_market.settle.merge_trade"":0.0118,""economy:household_market.settle.other"":0.000700000000000008,""economy:household_market.settle.prepare"":0.0018,""economy:household_market.settle.trace"":0.0028,""economy:household_market.settle.worker"":0.6231}","{""economy:household_market.settle.merge_aggregate"":4,""economy:household_market.settle.merge_trade"":4,""economy:household_market.settle.other"":4,""economy:household_market.settle.prepare"":4,""economy:household_market.settle.trace"":4,""economy:household_market.settle.worker"":4}",0,0,4.735,0.049,0,1.247,412,1123,4,0,0.463,0,0.371,0.016,0.265,0.204,0,0,100,0,15.1265,67.343,0.027,9.0955,706,282455,451,493,493,0,180430,19,6104,2,0,0,2,4800,0,78.331,0,SHADOW,SHADOW,,4095,2050,2045,missing_native_domain_handlers,false,16,false,0,0,false,0,0,0,0,0,climate_trace_reference_pending,,,,,0,,,0,0,2,0,0,1.466657,0,0,0,0,0,0,494,493,2400,true,0,0,0,0,0,0,0,0,0,0,4088,0,3,0,3,0,0,0,0,0,0,0,climate_trace_reference_pending,0,0,0,0,0,0,0,0,0,0,0,0,0,0,0,0,0,0,0,0,0,0,0,0,0,false,
382,495,52736,false,69,50,14.585,13.932,0.013,0.331,native_daily_sim,climate_pass_a,climate_pass_a_struct,gdext_native_daily_slice,1.621,1,0,0,1,-1,-1,,0.616903,3.367928,5.39,7.511,261,8,3,1.5,false,2,8.666,,,,,,,,,,,,,,,,,,,,,,,,,,,,,,,,,,,,,,,,,,0,0,0,0,false,0,0,,0,0,0,0,0,0,0,,,,,false,{},{},{},{},{},{},{},0,0,0.379,0.052,0,1.351,412,1123,4,0,0.353,0,0.417,0.014,0.12,0.215,0,0,100,0,10.784667,67.343,0.027,9.002667,707,282457,451,493,493,0,180430,19,6104,2,0,0,2,4800,0,78.331,0,SHADOW,SHADOW,,4095,2050,2045,missing_native_domain_handlers,false,16,false,0,0,false,0,0,0,0,0,climate_trace_reference_pending,,,,,0,,,0,0,2,0,0,1.302167,0,0,0,0,0,0,495,494,2400,true,0,0,0,0,0,0,0,0,0,0,4088,0,3,0,3,0,0,0,0,0,0,0,climate_trace_reference_pending,0,0,0,0,0,0,0,0,0,0,0,0,0,0,0,0,0,0,0,0,0,0,0,0,0,false,
383,496,52793,false,69,50,22.546,21.876,0.013,0.365,dynamic_visual_atlas_upload,,,cell_indirection_lut,1.426,2400,2400,0,0,-1,-1,,1683.029454,3.368724,5.39,7.511,261,8,3,1.5,false,2,8.666,,,,,,,,,,,,,,,,,,,,,,,,,,,,,,,,,,,,,,,,,,1,8,8,1,true,1,0.376,building_plan,0,2,8.376,8.376,1.665,0.383,8,building_plan,building_plan,evaluate,ECONOMY_GRAPH,false,"{""economy:building_plan"":1,""economy:epoch_begin"":1,""native_daily:climate_pass_b"":1,""native_daily:native_daily_complete"":1,""native_daily:native_daily_finalizer"":1,""native_daily:ocean_land"":1,""native_daily:sea_ice"":1,""native_daily:wind_surface"":1}","{""economy:building_plan"":0.383,""economy:epoch_begin"":1.665,""native_daily:climate_pass_b"":0.843,""native_daily:native_daily_complete"":0.366,""native_daily:native_daily_finalizer"":0.663,""native_daily:ocean_land"":1.187,""native_daily:sea_ice"":0.585,""native_daily:wind_surface"":0.86}","{""economy:building_plan"":0.383,""economy:epoch_begin"":1.665,""native_daily:climate_pass_b"":0.843,""native_daily:native_daily_complete"":0.366,""native_daily:native_daily_finalizer"":0.663,""native_daily:ocean_land"":1.187,""native_daily:sea_ice"":0.585,""native_daily:wind_surface"":0.86}",{},{},{},{},0,0,6.842,0.071,0,1.506,412,1123,4,0,0.463,0,0.383,0.014,0.341,0.292,0,0,100,0,19.242667,67.343,0.027,10.823667,707,282457,451,495,495,0,181189,19,7483,2,0,0,2,4800,0,78.331,0,SHADOW,SHADOW,,4095,2050,2045,missing_native_domain_handlers,false,16,false,0,0,false,0,0,0,0,0,climate_trace_reference_pending,,,,,0,,,0,0,2,0,0,1.802242,0,0,0,0,0,0,496,495,2400,true,0,0,0,0,0,0,0,0,0,0,4088,0,3,0,3,0,0,0,0,0,0,0,climate_trace_reference_pending,0,0,0,0,0,0,0,0,0,0,0,0,0,0,0,0,0,0,0,0,0,0,0,0,0,false,
384,497,52819,false,69,50,13.724,13.136,0.012,0.302,native_daily_sim,climate_pass_a,climate_pass_a_struct,gdext_native_daily_slice,1.765,1,0,0,1,-1,-1,,0.566572,3.366891,5.39,7.511,261,8,3,1.5,false,2,8.666,,,,,,,,,,,,,,,,,,,,,,,,,,,,,,,,,,,,,,,,,,0,0,0,0,false,0,0,,0,0,0,0,0,0,0,,,,,false,{},{},{},{},{},{},{},0,0,0.441,0.071,0,1.505,412,1123,4,0,0.393,0,0.414,0.015,0.41,0.236,0,0,100,0,12.997,67.343,0.027,10.98,707,282457,451,495,495,0,181189,19,7483,2,0,0,2,4800,0,78.331,0,SHADOW,SHADOW,,4095,2050,2045,missing_native_domain_handlers,false,16,false,0,0,false,0,0,0,0,0,climate_trace_reference_pending,,,,,0,,,0,0,2,0,0,1.529172,0,0,0,0,0,0,497,496,2400,true,0,0,0,0,0,0,0,0,0,0,4088,0,3,0,3,0,0,0,0,0,0,0,climate_trace_reference_pending,0,0,0,0,0,0,0,0,0,0,0,0,0,0,0,0,0,0,0,0,0,0,0,0,0,false,
385,498,52858,false,69,50,19.551,18.951,0.013,0.309,ocean_currents,daily_wind_prepass,daily_wind_slp,gdext_daily_wind_slp,1.216,2400,2400,0,0,-1,-1,,1973.684274,3.365347,5.39,7.511,261,8,3,1.5,false,2,8.666,,,,,,,,,,,,,,,,,,,,,,,,,,,,,,,,,,,,,,,,,,1,6,6,1,false,0,0,,0,0,5.098,5.098,1.236,0.363,8,native_daily_complete,native_daily_complete,round_complete,gdext_native_daily_slice,true,"{""native_daily:climate_pass_b"":1,""native_daily:native_daily_complete"":1,""native_daily:native_daily_finalizer"":1,""native_daily:ocean_land"":1,""native_daily:sea_ice"":1,""native_daily:wind_surface"":1}","{""native_daily:climate_pass_b"":0.801,""native_daily:native_daily_complete"":0.363,""native_daily:native_daily_finalizer"":0.804,""native_daily:ocean_land"":1.236,""native_daily:sea_ice"":0.8,""native_daily:wind_surface"":0.96}","{""native_daily:climate_pass_b"":0.801,""native_daily:native_daily_complete"":0.363,""native_daily:native_daily_finalizer"":0.804,""native_daily:ocean_land"":1.236,""native_daily:sea_ice"":0.8,""native_daily:wind_surface"":0.96}",{},{},{},{},0,0.001,0.415,0.068,0,0.073,408,1123,0,0,0,0.066,0,0,0,0,0,0,100,0,12.989,67.343,0.027,12.433,707,282457,451,496,496,0,181569,19,7223,2,0,0,2,4800,0,78.331,0,SHADOW,SHADOW,,4095,2050,2045,missing_native_domain_handlers,false,16,false,0,0,false,0,0,0,0,0,climate_trace_reference_pending,,,,,0,,,0,0,2,0,0,1.183637,0,0,0,0,0,0,498,497,2400,true,0,0,0,0,0,0,0,0,0,0,4088,0,3,0,3,0,0,0,0,0,0,0,climate_trace_reference_pending,0,0,0,0,0,0,0,0,0,0,0,0,0,0,0,0,0,0,0,0,0,0,0,0,0,false,
386,499,52884,false,69,50,13.258,12.639,0.011,0.31,native_daily_sim,climate_pass_a,climate_pass_a_struct,gdext_native_daily_slice,1.537,1,0,0,1,-1,-1,,0.650618,3.367087,5.39,7.511,261,8,3,1.5,false,2,8.666,,,,,,,,,,,,,,,,,,,,,,,,,,,,,,,,,,,,,,,,,,0,0,0,0,false,0,0,,0,0,0,0,0,0,0,,,,,false,{},{},{},{},{},{},{},0,0,0.418,0.069,0,1.975,408,1123,4,0,0.537,0.13,0.638,0.01,0.388,0.28,0,0,100,0,12.6105,67.343,0.027,10.1485,707,282457,451,496,496,0,181569,19,7223,2,0,0,2,4800,0,78.331,0,SHADOW,SHADOW,,4095,2050,2045,missing_native_domain_handlers,false,16,false,0,0,false,0,0,0,0,0,climate_trace_reference_pending,,,,,0,,,0,0,2,0,0,1.770637,0,0,0,0,0,0,499,498,2400,true,0,0,0,0,0,0,0,0,0,0,4088,0,3,0,3,0,0,0,0,0,0,0,climate_trace_reference_pending,0,0,0,0,0,0,0,0,0,0,0,0,0,0,0,0,0,0,0,0,0,0,0,0,0,false,
387,500,52937,false,69,50,23.299,22.674,0.013,0.332,dynamic_visual_atlas_upload,,,cell_indirection_lut,1.472,2400,2400,0,0,-1,-1,,1630.434779,3.366181,5.39,7.511,261,8,3,1.5,false,2,8.666,,,,,,,,,,,,,,,,,,,,,,,,,,,,,,,,,,,,,,,,,,1,8,8,1,true,1,0.205,building_plan,0,2,8.205,8.205,1.835,0.284,8,building_plan,building_plan,evaluate,ECONOMY_GRAPH,false,"{""economy:building_plan"":1,""economy:epoch_begin"":1,""native_daily:climate_pass_b"":1,""native_daily:native_daily_complete"":1,""native_daily:native_daily_finalizer"":1,""native_daily:ocean_land"":1,""native_daily:sea_ice"":1,""native_daily:wind_surface"":1}","{""economy:building_plan"":0.284,""economy:epoch_begin"":1.835,""native_daily:climate_pass_b"":0.626,""native_daily:native_daily_complete"":0.37,""native_daily:native_daily_finalizer"":0.571,""native_daily:ocean_land"":1.148,""native_daily:sea_ice"":0.747,""native_daily:wind_surface"":0.917}","{""economy:building_plan"":0.284,""economy:epoch_begin"":1.835,""native_daily:climate_pass_b"":0.626,""native_daily:native_daily_complete"":0.37,""native_daily:native_daily_finalizer"":0.571,""native_daily:ocean_land"":1.148,""native_daily:sea_ice"":0.747,""native_daily:wind_surface"":0.917}",{},{},{},{},0,0,6.057,0.056,0,1.121,408,1123,4,0,0.304,0.11,0.514,0.006,0.019,0.179,0,0,100,0,17.716667,67.343,0.027,10.482667,707,282457,451,498,498,0,181960,20,8374,3,0,0,2,4800,0,78.331,0,SHADOW,SHADOW,,4095,2050,2045,missing_native_domain_handlers,false,16,false,0,0,false,0,0,0,0,0,climate_trace_reference_pending,,,,,0,,,0,0,2,0,0,1.907947,0,0,0,0,0,0,500,499,2400,true,0,0,0,0,0,0,0,0,0,0,4088,0,3,0,3,0,0,0,0,0,0,0,climate_trace_reference_pending,0,0,0,0,0,0,0,0,0,0,0,0,0,0,0,0,0,0,0,0,0,0,0,0,0,false,
388,501,52972,false,69,50,14.469,13.772,0.013,0.353,native_daily_sim,climate_pass_a,climate_pass_a_struct,gdext_native_daily_slice,2.594,1,0,0,1,-1,-1,,0.385505,3.370578,5.39,7.511,261,8,3,1.5,false,2,8.666,,,,,,,,,,,,,,,,,,,,,,,,,,,,,,,,,,,,,,,,,,0,0,0,0,false,0,0,,0,0,0,0,0,0,0,,,,,false,{},{},{},{},{},{},{},0,0,0.393,0.048,0,2.212,408,1123,4,0,0.914,0,0.463,0.022,1.048,0.298,0,0,100,0,11.7,67.343,0.027,9.047,707,282457,451,499,499,0,182331,20,2860,2,0,0,2,4800,0,78.331,0,SHADOW,SHADOW,,4095,2050,2045,missing_native_domain_handlers,false,16,false,0,0,false,0,0,0,0,0,climate_trace_reference_pending,,,,,0,,,0,0,2,0,0,1.109377,0,0,0,0,0,0,501,500,2400,true,0,0,0,0,0,0,0,0,0,0,4088,0,3,0,3,0,0,0,0,0,0,0,climate_trace_reference_pending,0,0,0,0,0,0,0,0,0,0,0,0,0,0,0,0,0,0,0,0,0,0,0,0,0,false,
389,502,53037,false,74,50,18.577,17.495,0.536,0.286,trigger_runtime,trigger_evaluate,,TRIGGER_GRAPH,1.331,360,0,0,360,-1,-1,,270.473334,3.372057,5.39,7.511,261,8,3,1.5,false,2,8.666,,,,,,,,,,,,,,,,,,,,,,,,,,,,,,,,,,,,,,,,,,2,12,12,1,true,1,0.337,building_plan,0,3,14.741,8.337,1.943,0.189,8,building_plan,trade_settle,reserve,ECONOMY_GRAPH,false,"{""economy:building_plan"":2,""economy:epoch_begin"":1,""native_daily:climate_pass_b"":1,""native_daily:native_daily_complete"":1,""native_daily:native_daily_finalizer"":1,""native_daily:ocean_land"":1,""native_daily:runtime_hydrology"":1,""native_daily:sea_ice"":1,""native_daily:transpiration"":1,""native_daily:weather_stage_b"":1,""native_daily:wind_surface"":1}","{""economy:building_plan"":0.426,""economy:epoch_begin"":1.943,""native_daily:climate_pass_b"":0.74,""native_daily:native_daily_complete"":0.704,""native_daily:native_daily_finalizer"":0.92,""native_daily:ocean_land"":1.513,""native_daily:runtime_hydrology"":1.249,""native_daily:sea_ice"":0.666,""native_daily:transpiration"":0.632,""native_daily:weather_stage_b"":1.686,""native_daily:wind_surface"":1.035}","{""economy:building_plan"":0.237,""economy:epoch_begin"":1.943,""native_daily:climate_pass_b"":0.74,""native_daily:native_daily_complete"":0.704,""native_daily:native_daily_finalizer"":0.92,""native_daily:ocean_land"":1.513,""native_daily:runtime_hydrology"":1.249,""native_daily:sea_ice"":0.666,""native_daily:transpiration"":0.632,""native_daily:weather_stage_b"":1.686,""native_daily:wind_surface"":1.035}",{},{},{},{},0,0.001,7.62,0.068,0,1.609,408,1123,4,0,0.663,0,0.455,0.02,0.421,0.278,0,0,100,0,16.278,33.213,0.04,6.981,707,282457,451,501,501,0,183090,20,7170,2,0,0,2,4800,0,78.331,0,SHADOW,SHADOW,,4095,2050,2045,missing_native_domain_handlers,false,16,false,0,0,false,0,0,0,0,0,climate_trace_reference_pending,,,,,0,,,0,0,2,0,0,1.164287,0,0,0,0,0,0,502,501,2400,true,0,0,0,0,0,0,0,0,0,0,4088,0,3,0,3,0,0,0,0,0,0,0,climate_trace_reference_pending,0,0,0,0,0,0,0,0,0,0,0,0,0,0,0,0,0,0,0,0,0,0,0,0,0,false,
390,503,53061,false,74,50,12.609,11.955,0.015,0.343,native_daily_sim,climate_pass_a,climate_pass_a_struct,gdext_native_daily_slice,1.622,1,0,0,1,-1,-1,,0.616523,3.372564,5.39,7.511,261,8,3,1.5,false,2,8.666,,,,,,,,,,,,,,,,,,,,,,,,,,,,,,,,,,,,,,,,,,0,0,0,0,false,0,0,,0,0,0,0,0,0,0,,,,,false,{},{},{},{},{},{},{},0,0,0.385,0.048,0,1.015,408,1123,4,0,0.353,0,0.365,0.013,0.063,0.199,0,0,100,0,12.0365,33.213,0.04,10.5885,707,282457,451,501,501,0,183090,20,7170,2,0,0,2,4800,0,78.331,0,SHADOW,SHADOW,,4095,2050,2045,missing_native_domain_handlers,false,16,false,0,0,false,0,0,0,0,0,climate_trace_reference_pending,,,,,0,,,0,0,2,0,0,1.664702,0,0,0,0,0,0,503,502,2400,true,0,0,0,0,0,0,0,0,0,0,4088,0,3,0,3,0,0,0,0,0,0,0,climate_trace_reference_pending,0,0,0,0,0,0,0,0,0,0,0,0,0,0,0,0,0,0,0,0,0,0,0,0,0,false,
391,504,53106,false,74,50,22.889,22.231,0.013,0.373,dynamic_visual_atlas_upload,,,cell_indirection_lut,1.89,2400,2400,0,0,-1,-1,,1269.841279,3.373701,5.39,7.511,261,8,3,1.5,false,2,8.666,,,,,,,,,,,,,,,,,,,,,,,,,,,,,,,,,,,,,,,,,,1,6,6,1,false,0,0,,0,0,5.385,5.385,1.347,0.41,8,native_daily_complete,native_daily_complete,round_complete,gdext_native_daily_slice,true,"{""native_daily:climate_pass_b"":1,""native_daily:native_daily_complete"":1,""native_daily:native_daily_finalizer"":1,""native_daily:ocean_land"":1,""native_daily:sea_ice"":1,""native_daily:wind_surface"":1}","{""native_daily:climate_pass_b"":0.851,""native_daily:native_daily_complete"":0.41,""native_daily:native_daily_finalizer"":0.728,""native_daily:ocean_land"":1.347,""native_daily:sea_ice"":0.729,""native_daily:wind_surface"":1.15}","{""native_daily:climate_pass_b"":0.851,""native_daily:native_daily_complete"":0.41,""native_daily:native_daily_finalizer"":0.728,""native_daily:ocean_land"":1.347,""native_daily:sea_ice"":0.729,""native_daily:wind_surface"":1.15}",{},{},{},{},0,0.001,0.353,0.063,0,1.05,407,1123,3,0,0.349,0.061,0.324,0.016,0.133,0.187,0,0,100,0,14.882667,33.213,0.04,13.416667,707,282457,451,502,502,0,183471,20,7662,2,0,0,2,4800,0,78.331,0,SHADOW,SHADOW,,4095,2050,2045,missing_native_domain_handlers,false,16,false,0,0,false,0,0,0,0,0,climate_trace_reference_pending,,,,,0,,,0,0,2,0,0,1.380252,0,0,0,0,0,0,504,503,2400,true,0,0,0,0,0,0,0,0,0,0,4088,0,3,0,3,0,0,0,0,0,0,0,climate_trace_reference_pending,0,0,0,0,0,0,0,0,0,0,0,0,0,0,0,0,0,0,0,0,0,0,0,0,0,false,
392,505,53128,false,74,50,12.754,12.168,0.011,0.339,native_daily_sim,climate_pass_a,climate_pass_a_struct,gdext_native_daily_slice,1.529,1,0,0,1,-1,-1,,0.654022,3.373687,5.39,7.511,261,8,3,1.5,false,2,8.666,,,,,,,,,,,,,,,,,,,,,,,,,,,,,,,,,,,,,,,,,,0,0,0,0,false,0,0,,0,0,0,0,0,0,0,,,,,false,{},{},{},{},{},{},{},0,0,0.351,0.057,0,0.058,407,1123,0,0,0,0.052,0,0,0,0,0,0,100,0,11.32,33.213,0.04,10.854,707,282457,451,502,502,0,183471,20,7662,2,0,0,2,4800,0,78.331,0,SHADOW,SHADOW,,4095,2050,2045,missing_native_domain_handlers,false,16,false,0,0,false,0,0,0,0,0,climate_trace_reference_pending,,,,,0,,,0,0,2,0,0,1.011992,0,0,0,0,0,0,505,504,2400,true,0,0,0,0,0,0,0,0,0,0,4088,0,3,0,3,0,0,0,0,0,0,0,climate_trace_reference_pending,0,0,0,0,0,0,0,0,0,0,0,0,0,0,0,0,0,0,0,0,0,0,0,0,0,false,
393,506,53179,false,74,50,18.195,17.611,0.012,0.333,trigger_runtime,trigger_evaluate,,TRIGGER_GRAPH,0.922,358,0,0,358,-1,-1,,388.286338,3.374244,5.39,7.511,261,8,3,1.5,false,2,8.666,,,,,,,,,,,,,,,,,,,,,,,,,,,,,,,,,,,,,,,,,,1,8,8,1,true,1,0.39,building_plan,0,2,8.39,8.39,1.484,0.21,8,building_plan,building_plan,evaluate,ECONOMY_GRAPH,false,"{""economy:building_plan"":1,""economy:epoch_begin"":1,""native_daily:climate_pass_b"":1,""native_daily:native_daily_complete"":1,""native_daily:native_daily_finalizer"":1,""native_daily:ocean_land"":1,""native_daily:sea_ice"":1,""native_daily:wind_surface"":1}","{""economy:building_plan"":0.21,""economy:epoch_begin"":1.484,""native_daily:climate_pass_b"":0.63,""native_daily:native_daily_complete"":0.345,""native_daily:native_daily_finalizer"":0.701,""native_daily:ocean_land"":1.241,""native_daily:sea_ice"":0.829,""native_daily:wind_surface"":0.862}","{""economy:building_plan"":0.21,""economy:epoch_begin"":1.484,""native_daily:climate_pass_b"":0.63,""native_daily:native_daily_complete"":0.345,""native_daily:native_daily_finalizer"":0.701,""native_daily:ocean_land"":1.241,""native_daily:sea_ice"":0.829,""native_daily:wind_surface"":0.862}",{},{},{},{},0,0,6.618,0.054,0,1.354,407,1123,4,0,0.454,0,0.458,0.008,0.38,0.187,0,0,100,0,16.887333,33.213,0.04,8.861333,707,282457,451,504,504,0,184230,20,6898,2,0,0,2,4800,0,78.331,0,SHADOW,SHADOW,,4095,2050,2045,missing_native_domain_handlers,false,16,false,0,0,false,0,0,0,0,0,climate_trace_reference_pending,,,,,0,,,0,0,2,0,0,1.277112,0,0,0,0,0,0,506,505,2400,true,0,0,0,0,0,0,0,0,0,0,4088,0,3,0,3,0,0,0,0,0,0,0,climate_trace_reference_pending,0,0,0,0,0,0,0,0,0,0,0,0,0,0,0,0,0,0,0,0,0,0,0,0,0,false,
394,507,53200,false,74,50,11.758,11.23,0.012,0.305,native_daily_sim,climate_pass_a,climate_pass_a_struct,gdext_native_daily_slice,1.386,1,0,0,1,-1,-1,,0.721501,3.373094,5.39,7.511,261,8,3,1.5,false,2,8.666,,,,,,,,,,,,,,,,,,,,,,,,,,,,,,,,,,,,,,,,,,0,0,0,0,false,0,0,,0,0,0,0,0,0,0,,,,,false,{},{},{},{},{},{},{},0,0.001,0.26,0.045,0,0.927,407,1123,4,0,0.337,0,0.401,0.005,0.117,0.136,0,0,100,0,10.563,33.213,0.04,9.331,707,282457,451,504,504,0,184230,20,6898,2,0,0,2,4800,0,78.331,0,SHADOW,SHADOW,,4095,2050,2045,missing_native_domain_handlers,false,16,false,0,0,false,0,0,0,0,0,climate_trace_reference_pending,,,,,0,,,0,0,2,0,0,1.648627,0,0,0,0,0,0,507,506,2400,true,0,0,0,0,0,0,0,0,0,0,4088,0,3,0,3,0,0,0,0,0,0,0,climate_trace_reference_pending,0,0,0,0,0,0,0,0,0,0,0,0,0,0,0,0,0,0,0,0,0,0,0,0,0,false,
395,508,53249,false,74,50,20.512,19.985,0.012,0.285,dynamic_visual_atlas_upload,,,cell_indirection_lut,1.72,2400,2400,0,0,-1,-1,,1395.348814,3.373057,5.39,7.511,261,8,3,1.5,false,2,8.666,,,,,,,,,,,,,,,,,,,,,,,,,,,,,,,,,,,,,,,,,,1,8,8,1,true,1,0.416,building_plan,0,2,8.416,8.416,1.646,0.187,8,building_plan,trade_settle,reserve,ECONOMY_GRAPH,false,"{""economy:building_plan"":2,""native_daily:climate_pass_b"":1,""native_daily:native_daily_complete"":1,""native_daily:native_daily_finalizer"":1,""native_daily:ocean_land"":1,""native_daily:sea_ice"":1,""native_daily:wind_surface"":1}","{""economy:building_plan"":1.833,""native_daily:climate_pass_b"":0.838,""native_daily:native_daily_complete"":0.375,""native_daily:native_daily_finalizer"":0.715,""native_daily:ocean_land"":1.076,""native_daily:sea_ice"":0.693,""native_daily:wind_surface"":0.858}","{""economy:building_plan"":1.646,""native_daily:climate_pass_b"":0.838,""native_daily:native_daily_complete"":0.375,""native_daily:native_daily_finalizer"":0.715,""native_daily:ocean_land"":1.076,""native_daily:sea_ice"":0.693,""native_daily:wind_surface"":0.858}",{},{},{},{},0,0,5.639,0.075,0,0.8,407,1123,4,0,0.241,0.106,0.307,0.005,0.024,0.147,0,0,100,0,16.286,33.213,0.04,9.772,707,282457,451,506,506,0,184986,20,6633,2,0,0,2,4800,0,78.331,0,SHADOW,SHADOW,,4095,2050,2045,missing_native_domain_handlers,false,16,false,0,0,false,0,0,0,0,0,climate_trace_reference_pending,,,,,0,,,0,0,2,0,0,1.642207,0,0,0,0,0,0,508,507,2400,true,0,0,0,0,0,0,0,0,0,0,4088,0,3,0,3,0,0,0,0,0,0,0,climate_trace_reference_pending,0,0,0,0,0,0,0,0,0,0,0,0,0,0,0,0,0,0,0,0,0,0,0,0,0,false,
396,509,53276,false,74,50,12.994,12.383,0.011,0.339,native_daily_sim,climate_pass_a,climate_pass_a_struct,gdext_native_daily_slice,2.285,1,0,0,1,-1,-1,,0.437637,3.377204,5.39,7.511,261,8,3,1.5,false,2,8.666,,,,,,,,,,,,,,,,,,,,,,,,,,,,,,,,,,,,,,,,,,0,0,0,0,false,0,0,,0,0,0,0,0,0,0,,,,,false,{},{},{},{},{},{},{},0,0.001,0.269,0.049,0,0.856,407,1123,4,0,0.241,0,0.41,0.006,0.04,0.139,0,0,100,0,9.085,33.213,0.04,7.911,707,282457,451,506,506,0,184986,20,6633,2,0,0,2,4800,0,78.331,0,SHADOW,SHADOW,,4095,2050,2045,missing_native_domain_handlers,false,16,false,0,0,false,0,0,0,0,0,climate_trace_reference_pending,,,,,0,,,0,0,2,0,0,1.383297,0,0,0,0,0,0,509,508,2400,true,0,0,0,0,0,0,0,0,0,0,4088,0,3,0,3,0,0,0,0,0,0,0,climate_trace_reference_pending,0,0,0,0,0,0,0,0,0,0,0,0,0,0,0,0,0,0,0,0,0,0,0,0,0,false,
397,510,53336,false,74,50,18.199,17.035,0.622,0.301,trigger_runtime,trigger_evaluate,,TRIGGER_GRAPH,0.892,358,0,0,358,-1,-1,,401.345283,3.377557,5.39,7.511,261,8,3,1.5,false,2,8.666,,,,,,,,,,,,,,,,,,,,,,,,,,,,,,,,,,,,,,,,,,2,13,13,1,true,1,0.656,household_market,0,4,14.416,8.656,1.809,1.516,8,household_market,household_market,settle,ECONOMY_GRAPH,false,"{""economy:building_plan"":2,""economy:epoch_begin"":1,""economy:household_market"":1,""native_daily:climate_pass_b"":1,""native_daily:native_daily_complete"":1,""native_daily:native_daily_finalizer"":1,""native_daily:ocean_land"":1,""native_daily:runtime_hydrology"":1,""native_daily:sea_ice"":1,""native_daily:transpiration"":1,""native_daily:weather_stage_b"":1,""native_daily:wind_surface"":1}","{""economy:building_plan"":0.355,""economy:epoch_begin"":1.809,""economy:household_market"":1.516,""native_daily:climate_pass_b"":0.763,""native_daily:native_daily_complete"":0.715,""native_daily:native_daily_finalizer"":0.6,""native_daily:ocean_land"":1.195,""native_daily:runtime_hydrology"":0.891,""native_daily:sea_ice"":0.591,""native_daily:transpiration"":0.576,""native_daily:weather_stage_b"":1.788,""native_daily:wind_surface"":0.74}","{""economy:building_plan"":0.216,""economy:epoch_begin"":1.809,""economy:household_market"":1.516,""native_daily:climate_pass_b"":0.763,""native_daily:native_daily_complete"":0.715,""native_daily:native_daily_finalizer"":0.6,""native_daily:ocean_land"":1.195,""native_daily:runtime_hydrology"":0.891,""native_daily:sea_ice"":0.591,""native_daily:transpiration"":0.576,""native_daily:weather_stage_b"":1.788,""native_daily:wind_surface"":0.74}","{""economy:household_market.settle.merge_aggregate"":1,""economy:household_market.settle.merge_trade"":1,""economy:household_market.settle.other"":1,""economy:household_market.settle.prepare"":1,""economy:household_market.settle.trace"":1,""economy:household_market.settle.worker"":1}","{""economy:household_market.settle.merge_aggregate"":0.0996,""economy:household_market.settle.merge_trade"":0.0094,""economy:household_market.settle.other"":0.000599999999999995,""economy:household_market.settle.prepare"":0.002,""economy:household_market.settle.trace"":0.0034,""economy:household_market.settle.worker"":0.5665}","{""economy:household_market.settle.merge_aggregate"":0.0996,""economy:household_market.settle.merge_trade"":0.0094,""economy:household_market.settle.other"":0.000599999999999995,""economy:household_market.settle.prepare"":0.002,""economy:household_market.settle.trace"":0.0034,""economy:household_market.settle.worker"":0.5665}","{""economy:household_market.settle.merge_aggregate"":4,""economy:household_market.settle.merge_trade"":4,""economy:household_market.settle.other"":4,""economy:household_market.settle.prepare"":4,""economy:household_market.settle.trace"":4,""economy:household_market.settle.worker"":4}",0,0,4.377,0.051,0,1.493,407,1123,4,0,0.467,0,0.377,0.023,0.279,0.248,0,0,100,0,14.853,33.213,0.04,8.932,707,282457,451,508,508,0,185743,20,6014,2,0,0,2,4800,0,78.331,0,SHADOW,SHADOW,,4095,2050,2045,missing_native_domain_handlers,false,16,false,0,0,false,0,0,0,0,0,climate_trace_reference_pending,,,,,0,,,0,0,2,0,0,1.099647,0,0,0,0,0,0,510,509,2400,true,0,0,0,0,0,0,0,0,0,0,4088,0,3,0,3,0,0,0,0,0,0,0,climate_trace_reference_pending,0,0,0,0,0,0,0,0,0,0,0,0,0,0,0,0,0,0,0,0,0,0,0,0,0,false,
398,511,53366,false,74,50,17.876,11.938,0.013,5.637,native_daily_sim,climate_pass_a,climate_pass_a_struct,gdext_native_daily_slice,1.708,1,0,0,1,-1,-1,,0.58548,3.379714,5.39,7.511,261,8,3,1.5,false,2,8.666,,,,,,,,,,,,,,,,,,,,,,,,,,,,,,,,,,,,,,,,,,0,0,0,0,false,0,0,,0,0,0,0,0,0,0,,,,,false,{},{},{},{},{},{},{},0,0,0.359,0.046,0,1.414,407,1123,4,0,0.4,0,0.488,0.019,0.405,0.2,0,0,100,0,15.103,33.213,0.04,13.284,707,282457,451,508,508,0,185743,20,6014,2,0,0,2,4800,0,78.331,0,SHADOW,SHADOW,,4095,2050,2045,missing_native_domain_handlers,false,16,false,0,0,false,0,0,0,0,0,climate_trace_reference_pending,,,,,0,,,0,0,2,0,0,1.639272,0,0,0,0,0,0,511,510,2400,true,0,0,0,0,0,0,0,0,0,0,4088,0,3,0,3,0,0,0,0,0,0,0,climate_trace_reference_pending,0,0,0,0,0,0,0,0,0,0,0,0,0,0,0,0,0,0,0,0,0,0,0,0,0,false,
399,512,53415,false,74,50,18.746,18.245,0.012,0.289,dynamic_visual_atlas_upload,,,cell_indirection_lut,1.972,2400,2400,0,0,-1,-1,,1217.038538,3.381844,5.39,7.511,261,8,3,1.5,false,2,8.666,,,,,,,,,,,,,,,,,,,,,,,,,,,,,,,,,,,,,,,,,,1,8,8,1,true,1,0.303,building_plan,0,2,8.303,8.303,1.852,0.34,8,building_plan,building_plan,evaluate,ECONOMY_GRAPH,false,"{""economy:building_plan"":1,""economy:epoch_begin"":1,""native_daily:climate_pass_b"":1,""native_daily:native_daily_complete"":1,""native_daily:native_daily_finalizer"":1,""native_daily:ocean_land"":1,""native_daily:sea_ice"":1,""native_daily:wind_surface"":1}","{""economy:building_plan"":0.34,""economy:epoch_begin"":1.852,""native_daily:climate_pass_b"":0.649,""native_daily:native_daily_complete"":0.421,""native_daily:native_daily_finalizer"":0.606,""native_daily:ocean_land"":1.207,""native_daily:sea_ice"":0.703,""native_daily:wind_surface"":0.924}","{""economy:building_plan"":0.34,""economy:epoch_begin"":1.852,""native_daily:climate_pass_b"":0.649,""native_daily:native_daily_complete"":0.421,""native_daily:native_daily_finalizer"":0.606,""native_daily:ocean_land"":1.207,""native_daily:sea_ice"":0.703,""native_daily:wind_surface"":0.924}",{},{},{},{},0,0,5.807,0.045,0,0.866,407,1123,4,0,0.25,0.099,0.292,0.01,0.041,0.148,0,0,100,0,16.442333,33.213,0.04,9.724333,707,282457,451,510,510,0,186501,20,6372,2,0,0,2,4800,0,78.331,0,SHADOW,SHADOW,,4095,2050,2045,missing_native_domain_handlers,false,16,false,0,0,false,0,0,0,0,0,climate_trace_reference_pending,,,,,0,,,0,0,2,0,0,1.036817,0,0,0,0,0,0,512,511,2400,true,0,0,0,0,0,0,0,0,0,0,4088,0,3,0,3,0,0,0,0,0,0,0,climate_trace_reference_pending,0,0,0,0,0,0,0,0,0,0,0,0,0,0,0,0,0,0,0,0,0,0,0,0,0,false,
400,513,53439,false,74,50,12.606,12.009,0.011,0.314,native_daily_sim,climate_pass_a,climate_pass_a_struct,gdext_native_daily_slice,1.568,1,0,0,1,-1,-1,,0.637755,3.381013,5.39,7.511,261,8,3,1.5,false,2,8.666,,,,,,,,,,,,,,,,,,,,,,,,,,,,,,,,,,,,,,,,,,0,0,0,0,false,0,0,,0,0,0,0,0,0,0,,,,,false,{},{},{},{},{},{},{},0,0,0.29,0.05,0,2.804,407,1123,4,0,1.103,0,0.61,0.018,1.56,0.33,0,0,100,0,12.1605,33.213,0.04,9.0165,707,282457,451,510,510,0,186501,20,6372,2,0,0,2,4800,0,78.331,0,SHADOW,SHADOW,,4095,2050,2045,missing_native_domain_handlers,false,16,false,0,0,false,0,0,0,0,0,climate_trace_reference_pending,,,,,0,,,0,0,2,0,0,1.577487,0,0,0,0,0,0,513,512,2400,true,0,0,0,0,0,0,0,0,0,0,4088,0,3,0,3,0,0,0,0,0,0,0,climate_trace_reference_pending,0,0,0,0,0,0,0,0,0,0,0,0,0,0,0,0,0,0,0,0,0,0,0,0,0,false,
401,514,53493,false,74,50,17.953,17.455,0.012,0.276,trigger_runtime,trigger_evaluate,,TRIGGER_GRAPH,1.102,357,0,0,357,-1,-1,,323.956443,3.381803,5.39,7.511,261,8,3,1.5,false,2,8.666,,,,,,,,,,,,,,,,,,,,,,,,,,,,,,,,,,,,,,,,,,1,8,8,1,true,1,0.558,building_plan,0,2,8.558,8.558,1.822,0.211,8,building_plan,building_plan,evaluate,ECONOMY_GRAPH,false,"{""economy:building_plan"":1,""economy:epoch_begin"":1,""native_daily:climate_pass_b"":1,""native_daily:native_daily_complete"":1,""native_daily:native_daily_finalizer"":1,""native_daily:ocean_land"":1,""native_daily:sea_ice"":1,""native_daily:wind_surface"":1}","{""economy:building_plan"":0.211,""economy:epoch_begin"":1.822,""native_daily:climate_pass_b"":0.586,""native_daily:native_daily_complete"":0.367,""native_daily:native_daily_finalizer"":0.603,""native_daily:ocean_land"":1.043,""native_daily:sea_ice"":0.74,""native_daily:wind_surface"":0.828}","{""economy:building_plan"":0.211,""economy:epoch_begin"":1.822,""native_daily:climate_pass_b"":0.586,""native_daily:native_daily_complete"":0.367,""native_daily:native_daily_finalizer"":0.603,""native_daily:ocean_land"":1.043,""native_daily:sea_ice"":0.74,""native_daily:wind_surface"":0.828}",{},{},{},{},0.001,0,0.382,0.054,0,1.692,407,1123,4,0,0.5,0,0.497,0.011,0.591,0.207,0,0,100,0,13.43225,33.213,0.04,11.30425,707,282287,451,512,512,0,187258,20,6851,2,0,0,2,4800,0,78.331,0,SHADOW,SHADOW,,4095,2050,2045,missing_native_domain_handlers,false,16,false,0,0,false,0,0,0,0,0,climate_trace_reference_pending,,,,,0,,,0,0,2,0,0,1.997117,0,0,0,0,0,0,514,513,2400,true,0,0,0,0,0,0,0,0,0,0,4088,0,3,0,3,0,0,0,0,0,0,0,climate_trace_reference_pending,0,0,0,0,0,0,0,0,0,0,0,0,0,0,0,0,0,0,0,0,0,0,0,0,0,false,
402,515,53516,false,74,50,13.326,12.767,0.012,0.284,native_daily_sim,climate_pass_a,climate_pass_a_struct,gdext_native_daily_slice,1.608,1,0,0,1,-1,-1,,0.621891,3.38173,5.39,7.511,261,8,3,1.5,false,2,8.666,,,,,,,,,,,,,,,,,,,,,,,,,,,,,,,,,,,,,,,,,,0,0,0,0,false,0,0,,0,0,0,0,0,0,0,,,,,false,{},{},{},{},{},{},{},0,0.001,0.317,0.05,0,0.149,405,1123,0,0,0,0.143,0,0,0,0,0,0,100,0,11.337,33.213,0.04,10.821,707,282287,451,512,512,0,187258,20,6851,2,0,0,2,4800,0,78.331,0,SHADOW,SHADOW,,4095,2050,2045,missing_native_domain_handlers,false,16,false,0,0,false,0,0,0,0,0,climate_trace_reference_pending,,,,,0,,,0,0,2,0,0,1.358052,0,0,0,0,0,0,515,514,2400,true,0,0,0,0,0,0,0,0,0,0,4088,0,3,0,3,0,0,0,0,0,0,0,climate_trace_reference_pending,0,0,0,0,0,0,0,0,0,0,0,0,0,0,0,0,0,0,0,0,0,0,0,0,0,false,
403,516,53570,false,74,50,24.033,23.38,0.012,0.368,dynamic_visual_atlas_upload,,,cell_indirection_lut,2.165,2400,2400,0,0,-1,-1,,1108.545054,3.3845,5.39,7.511,261,8,3,1.5,false,2,8.666,,,,,,,,,,,,,,,,,,,,,,,,,,,,,,,,,,,,,,,,,,1,8,8,1,true,1,0.42,building_plan,0,2,8.42,8.42,1.623,0.243,8,building_plan,building_plan,evaluate,ECONOMY_GRAPH,false,"{""economy:building_plan"":1,""economy:epoch_begin"":1,""native_daily:climate_pass_b"":1,""native_daily:native_daily_complete"":1,""native_daily:native_daily_finalizer"":1,""native_daily:ocean_land"":1,""native_daily:sea_ice"":1,""native_daily:wind_surface"":1}","{""economy:building_plan"":0.243,""economy:epoch_begin"":1.623,""native_daily:climate_pass_b"":0.703,""native_daily:native_daily_complete"":0.371,""native_daily:native_daily_finalizer"":0.6,""native_daily:ocean_land"":1.123,""native_daily:sea_ice"":0.685,""native_daily:wind_surface"":0.93}","{""economy:building_plan"":0.243,""economy:epoch_begin"":1.623,""native_daily:climate_pass_b"":0.703,""native_daily:native_daily_complete"":0.371,""native_daily:native_daily_finalizer"":0.6,""native_daily:ocean_land"":1.123,""native_daily:sea_ice"":0.685,""native_daily:wind_surface"":0.93}",{},{},{},{},0,0,5.298,0.063,0,3.543,405,1123,3,0,1.456,0.16,0.792,0.027,1.891,0.338,0,0,100,0,17.891,33.213,0.04,8.987,707,282287,451,514,514,0,188016,20,7353,2,0,0,2,4800,0,78.331,0,SHADOW,SHADOW,,4095,2050,2045,missing_native_domain_handlers,false,16,false,0,0,false,0,0,0,0,0,climate_trace_reference_pending,,,,,0,,,0,0,2,0,0,1.493872,0,0,0,0,0,0,516,515,2400,true,0,0,0,0,0,0,0,0,0,0,4088,0,3,0,3,0,0,0,0,0,0,0,climate_trace_reference_pending,0,0,0,0,0,0,0,0,0,0,0,0,0,0,0,0,0,0,0,0,0,0,0,0,0,false,
404,517,53595,false,74,50,12.184,11.643,0.011,0.286,native_daily_sim,climate_pass_a,climate_pass_a_struct,gdext_native_daily_slice,2.11,1,0,0,1,-1,-1,,0.473934,3.38692,5.39,7.511,261,8,3,1.5,false,2,8.666,,,,,,,,,,,,,,,,,,,,,,,,,,,,,,,,,,,,,,,,,,0,0,0,0,false,0,0,,0,0,0,0,0,0,0,,,,,false,{},{},{},{},{},{},{},0,0,0.442,0.074,0,2.436,405,1123,4,0,0.678,0.109,0.804,0.017,0.811,0.272,0,0,100,0,12.5565,33.213,0.04,9.6045,706,282390,451,514,514,0,188016,20,7353,2,0,0,2,4800,0,78.331,0,SHADOW,SHADOW,,4095,2050,2045,missing_native_domain_handlers,false,16,false,0,0,false,0,0,0,0,0,climate_trace_reference_pending,,,,,0,,,0,0,2,0,0,1.367442,0,0,0,0,0,0,517,516,2400,true,0,0,0,0,0,0,0,0,0,0,4088,0,3,0,3,0,0,0,0,0,0,0,climate_trace_reference_pending,0,0,0,0,0,0,0,0,0,0,0,0,0,0,0,0,0,0,0,0,0,0,0,0,0,false,
405,518,53659,false,74,50,20.251,18.724,0.795,0.395,trigger_runtime,trigger_evaluate,,TRIGGER_GRAPH,0.85,356,0,0,356,-1,-1,,418.823518,3.387564,5.39,7.511,261,8,3,1.5,false,2,8.666,,,,,,,,,,,,,,,,,,,,,,,,,,,,,,,,,,,,,,,,,,2,12,12,1,true,1,0.117,building_plan,0,3,13.353,8.117,2.1,0.201,8,building_plan,trade_settle,reserve,ECONOMY_GRAPH,false,"{""economy:building_plan"":2,""economy:epoch_begin"":1,""native_daily:climate_pass_b"":1,""native_daily:native_daily_complete"":1,""native_daily:native_daily_finalizer"":1,""native_daily:ocean_land"":1,""native_daily:runtime_hydrology"":1,""native_daily:sea_ice"":1,""native_daily:transpiration"":1,""native_daily:weather_stage_b"":1,""native_daily:wind_surface"":1}","{""economy:building_plan"":0.438,""economy:epoch_begin"":1.999,""native_daily:climate_pass_b"":0.531,""native_daily:native_daily_complete"":0.78,""native_daily:native_daily_finalizer"":0.749,""native_daily:ocean_land"":0.876,""native_daily:runtime_hydrology"":1.16,""native_daily:sea_ice"":0.51,""native_daily:transpiration"":0.471,""native_daily:weather_stage_b"":2.1,""native_daily:wind_surface"":0.656}","{""economy:building_plan"":0.237,""economy:epoch_begin"":1.999,""native_daily:climate_pass_b"":0.531,""native_daily:native_daily_complete"":0.78,""native_daily:native_daily_finalizer"":0.749,""native_daily:ocean_land"":0.876,""native_daily:runtime_hydrology"":1.16,""native_daily:sea_ice"":0.51,""native_daily:transpiration"":0.471,""native_daily:weather_stage_b"":2.1,""native_daily:wind_surface"":0.656}",{},{},{},{},0,0.001,6.143,0.047,0,2.766,405,1123,3,0,0.92,0.122,0.563,0.018,1.357,0.346,0,0,100,0,16.20625,33.213,0.04,7.25025,706,282390,451,516,516,0,188770,20,7251,2,0,0,2,4800,0,78.331,0,SHADOW,SHADOW,,4095,2050,2045,missing_native_domain_handlers,false,16,false,0,0,false,0,0,0,0,0,climate_trace_reference_pending,,,,,0,,,0,0,2,0,0,1.202172,0,0,0,0,0,0,518,517,2400,true,0,0,0,0,0,0,0,0,0,0,4088,0,3,0,3,0,0,0,0,0,0,0,climate_trace_reference_pending,0,0,0,0,0,0,0,0,0,0,0,0,0,0,0,0,0,0,0,0,0,0,0,0,0,false,
406,519,53683,false,74,50,12.524,11.847,0.013,0.374,native_daily_sim,climate_pass_a,climate_pass_a_struct,gdext_native_daily_slice,1.463,1,0,0,1,-1,-1,,0.683527,3.387377,5.39,7.511,261,8,3,1.5,false,2,8.666,,,,,,,,,,,,,,,,,,,,,,,,,,,,,,,,,,,,,,,,,,0,0,0,0,false,0,0,,0,0,0,0,0,0,0,,,,,false,{},{},{},{},{},{},{},0,0,0.325,0.058,0,1.518,405,1123,4,0,0.53,0,0.479,0.01,0.503,0.206,0,0,100,0,11.8065,33.213,0.04,9.9055,706,282355,451,516,516,0,188770,20,7251,2,0,0,2,4800,0,78.331,0,SHADOW,SHADOW,,4095,2050,2045,missing_native_domain_handlers,false,16,false,0,0,false,0,0,0,0,0,climate_trace_reference_pending,,,,,0,,,0,0,2,0,0,1.753602,0,0,0,0,0,0,519,518,2400,true,0,0,0,0,0,0,0,0,0,0,4088,0,3,0,3,0,0,0,0,0,0,0,climate_trace_reference_pending,0,0,0,0,0,0,0,0,0,0,0,0,0,0,0,0,0,0,0,0,0,0,0,0,0,false,
407,520,53742,false,74,50,20.928,20.274,0.012,0.4,dynamic_visual_atlas_upload,,,cell_indirection_lut,1.461,2400,2400,0,0,-1,-1,,1642.710511,3.38923,5.39,7.511,261,8,3,1.5,false,2,8.666,,,,,,,,,,,,,,,,,,,,,,,,,,,,,,,,,,,,,,,,,,1,8,8,1,true,1,0.205,building_plan,0,2,8.205,8.205,2.122,0.196,8,building_plan,building_plan,evaluate,ECONOMY_GRAPH,false,"{""economy:building_plan"":1,""economy:epoch_begin"":1,""native_daily:climate_pass_b"":1,""native_daily:native_daily_complete"":1,""native_daily:native_daily_finalizer"":1,""native_daily:ocean_land"":1,""native_daily:sea_ice"":1,""native_daily:wind_surface"":1}","{""economy:building_plan"":0.196,""economy:epoch_begin"":2.122,""native_daily:climate_pass_b"":0.727,""native_daily:native_daily_complete"":0.401,""native_daily:native_daily_finalizer"":0.533,""native_daily:ocean_land"":1.069,""native_daily:sea_ice"":0.637,""native_daily:wind_surface"":0.741}","{""economy:building_plan"":0.196,""economy:epoch_begin"":2.122,""native_daily:climate_pass_b"":0.727,""native_daily:native_daily_complete"":0.401,""native_daily:native_daily_finalizer"":0.533,""native_daily:ocean_land"":1.069,""native_daily:sea_ice"":0.637,""native_daily:wind_surface"":0.741}",{},{},{},{},0,0.001,0.29,0.06,0,2.822,405,1123,3,0,1.114,0,0.604,0.055,1.582,0.259,0,0,100,0,14.725,33.213,0.04,11.553,706,282355,451,518,518,0,189525,20,6460,2,0,0,2,4800,0,78.331,0,SHADOW,SHADOW,,4095,2050,2045,missing_native_domain_handlers,false,16,false,0,0,false,0,0,0,0,0,climate_trace_reference_pending,,,,,0,,,0,0,2,0,0,1.296657,0,0,0,0,0,0,520,519,2400,true,0,0,0,0,0,0,0,0,0,0,4088,0,3,0,3,0,0,0,0,0,0,0,climate_trace_reference_pending,0,0,0,0,0,0,0,0,0,0,0,0,0,0,0,0,0,0,0,0,0,0,0,0,0,false,
408,521,53768,false,74,50,13.242,12.598,0.012,0.356,native_daily_sim,climate_pass_a,climate_pass_a_struct,gdext_native_daily_slice,1.79,1,0,0,1,-1,-1,,0.558659,3.38582,5.39,7.511,261,8,3,1.5,false,2,8.666,,,,,,,,,,,,,,,,,,,,,,,,,,,,,,,,,,,,,,,,,,0,0,0,0,false,0,0,,0,0,0,0,0,0,0,,,,,false,{},{},{},{},{},{},{},0,0,0.29,0.048,0,2.087,405,1123,4,0,0.728,0,0.619,0.031,0.768,0.231,0,0,100,0,13.119,33.213,0.04,10.694,706,282380,451,518,518,0,189525,20,6460,2,0,0,2,4800,0,78.331,0,SHADOW,SHADOW,,4095,2050,2045,missing_native_domain_handlers,false,16,false,0,0,false,0,0,0,0,0,climate_trace_reference_pending,,,,,0,,,0,0,2,0,0,1.996657,0,0,0,0,0,0,521,520,2400,true,0,0,0,0,0,0,0,0,0,0,4088,0,3,0,3,0,0,0,0,0,0,0,climate_trace_reference_pending,0,0,0,0,0,0,0,0,0,0,0,0,0,0,0,0,0,0,0,0,0,0,0,0,0,false,
409,522,53814,false,74,50,17.16,16.691,0.01,0.269,ocean_currents,daily_wind_prepass,daily_wind_slp,gdext_daily_wind_slp,0.951,2400,2400,0,0,-1,-1,,2523.659372,3.38571,5.39,7.511,261,8,3,1.5,false,2,8.666,,,,,,,,,,,,,,,,,,,,,,,,,,,,,,,,,,,,,,,,,,1,8,8,1,true,1,0.305,building_plan,0,2,8.305,8.305,1.696,0.144,8,building_plan,building_plan,evaluate,ECONOMY_GRAPH,false,"{""economy:building_plan"":2,""native_daily:climate_pass_b"":1,""native_daily:native_daily_complete"":1,""native_daily:native_daily_finalizer"":1,""native_daily:ocean_land"":1,""native_daily:sea_ice"":1,""native_daily:wind_surface"":1}","{""economy:building_plan"":1.84,""native_daily:climate_pass_b"":0.791,""native_daily:native_daily_complete"":0.349,""native_daily:native_daily_finalizer"":0.703,""native_daily:ocean_land"":1.054,""native_daily:sea_ice"":0.781,""native_daily:wind_surface"":0.804}","{""economy:building_plan"":1.696,""native_daily:climate_pass_b"":0.791,""native_daily:native_daily_complete"":0.349,""native_daily:native_daily_finalizer"":0.703,""native_daily:ocean_land"":1.054,""native_daily:sea_ice"":0.781,""native_daily:wind_surface"":0.804}",{},{},{},{},0,0.001,6.118,0.058,0,1.334,405,1123,4,0,0.412,0,0.411,0.012,0.356,0.184,0,0,100,0,15.291667,33.213,0.04,7.781667,706,282470,451,520,520,0,190283,20,6211,2,0,0,2,4800,0,78.331,0,SHADOW,SHADOW,,4095,2050,2045,missing_native_domain_handlers,false,16,false,0,0,false,0,0,0,0,0,climate_trace_reference_pending,,,,,0,,,0,0,2,0,0,1.086067,0,0,0,0,0,0,522,521,2400,true,0,0,0,0,0,0,0,0,0,0,4088,0,3,0,3,0,0,0,0,0,0,0,climate_trace_reference_pending,0,0,0,0,0,0,0,0,0,0,0,0,0,0,0,0,0,0,0,0,0,0,0,0,0,false,
410,523,53838,false,74,50,14.757,14.068,0.013,0.364,native_daily_sim,climate_pass_a,climate_pass_a_struct,gdext_native_daily_slice,1.719,1,0,0,1,-1,-1,,0.581734,3.386907,5.39,7.511,261,8,3,1.5,false,2,8.666,,,,,,,,,,,,,,,,,,,,,,,,,,,,,,,,,,,,,,,,,,0,0,0,0,false,0,0,,0,0,0,0,0,0,0,,,,,false,{},{},{},{},{},{},{},0,0.001,0.222,0.045,0,1.203,405,1123,4,0,0.361,0,0.451,0.012,0.048,0.23,0,0,100,0,12.1015,33.213,0.04,10.6315,706,282470,451,520,520,0,190283,20,6211,2,0,0,2,4800,0,78.331,0,SHADOW,SHADOW,,4095,2050,2045,missing_native_domain_handlers,false,16,false,0,0,false,0,0,0,0,0,climate_trace_reference_pending,,,,,0,,,0,0,2,0,0,1.425357,0,0,0,0,0,0,523,522,2400,true,0,0,0,0,0,0,0,0,0,0,4088,0,3,0,3,0,0,0,0,0,0,0,climate_trace_reference_pending,0,0,0,0,0,0,0,0,0,0,0,0,0,0,0,0,0,0,0,0,0,0,0,0,0,false,
411,524,53889,false,74,50,21.204,20.6,0.012,0.328,dynamic_visual_atlas_upload,,,cell_indirection_lut,1.482,2400,2400,0,0,-1,-1,,1619.433206,3.386597,5.39,7.511,261,8,3,1.5,false,2,8.666,,,,,,,,,,,,,,,,,,,,,,,,,,,,,,,,,,,,,,,,,,1,8,8,1,true,1,0.19,building_plan,0,2,8.19,8.19,1.702,0.223,8,building_plan,building_plan,evaluate,ECONOMY_GRAPH,false,"{""economy:building_plan"":2,""native_daily:climate_pass_b"":1,""native_daily:native_daily_complete"":1,""native_daily:native_daily_finalizer"":1,""native_daily:ocean_land"":1,""native_daily:sea_ice"":1,""native_daily:wind_surface"":1}","{""economy:building_plan"":1.925,""native_daily:climate_pass_b"":0.56,""native_daily:native_daily_complete"":0.298,""native_daily:native_daily_finalizer"":0.59,""native_daily:ocean_land"":1.089,""native_daily:sea_ice"":0.535,""native_daily:wind_surface"":0.934}","{""economy:building_plan"":1.702,""native_daily:climate_pass_b"":0.56,""native_daily:native_daily_complete"":0.298,""native_daily:native_daily_finalizer"":0.59,""native_daily:ocean_land"":1.089,""native_daily:sea_ice"":0.535,""native_daily:wind_surface"":0.934}",{},{},{},{},0,0,5.938,0.06,0,1.336,405,1123,4,0,0.435,0,0.52,0.012,0.12,0.217,0,0,100,0,16.890333,33.213,0.04,9.556333,706,282470,451,522,522,0,191042,20,6594,2,0,0,2,4800,0,78.331,0,SHADOW,SHADOW,,4095,2050,2045,missing_native_domain_handlers,false,16,false,0,0,false,0,0,0,0,0,climate_trace_reference_pending,,,,,0,,,0,0,2,0,0,1.630852,0,0,0,0,0,0,524,523,2400,true,0,0,0,0,0,0,0,0,0,0,4088,0,3,0,3,0,0,0,0,0,0,0,climate_trace_reference_pending,0,0,0,0,0,0,0,0,0,0,0,0,0,0,0,0,0,0,0,0,0,0,0,0,0,false,
412,525,53921,false,74,50,15.129,14.467,0.013,0.36,native_daily_sim,climate_pass_a,climate_pass_a_struct,gdext_native_daily_slice,2.277,1,0,0,1,-1,-1,,0.439174,3.38742,5.39,7.511,261,8,3,1.5,false,2,8.666,,,,,,,,,,,,,,,,,,,,,,,,,,,,,,,,,,,,,,,,,,0,0,0,0,false,0,0,,0,0,0,0,0,0,0,,,,,false,{},{},{},{},{},{},{},0,0,0.364,0.047,0,1.422,405,1123,4,0,0.396,0,0.571,0.013,0.177,0.234,0,0,100,0,10.550667,33.213,0.04,8.717667,706,282460,451,522,522,0,191042,20,6594,2,0,0,2,4800,0,78.331,0,SHADOW,SHADOW,,4095,2050,2045,missing_native_domain_handlers,false,16,false,0,0,false,0,0,0,0,0,climate_trace_reference_pending,,,,,0,,,0,0,2,0,0,1.525342,0,0,0,0,0,0,525,524,2400,true,0,0,0,0,0,0,0,0,0,0,4088,0,3,0,3,0,0,0,0,0,0,0,climate_trace_reference_pending,0,0,0,0,0,0,0,0,0,0,0,0,0,0,0,0,0,0,0,0,0,0,0,0,0,false,
413,526,53986,false,74,50,18.676,17.528,0.616,0.292,trigger_runtime,trigger_evaluate,,TRIGGER_GRAPH,1.019,358,0,0,358,-1,-1,,351.32481,3.39114,5.39,7.511,262,8,3,1.5,false,2,8.666,,,,,,,,,,,,,,,,,,,,,,,,,,,,,,,,,,,,,,,,,,2,11,11,1,true,1,0.12,building_plan,0,2,14.189,8.12,3.069,0.212,8,building_plan,building_plan,evaluate,ECONOMY_GRAPH,false,"{""economy:building_plan"":1,""economy:epoch_begin"":1,""native_daily:climate_pass_b"":1,""native_daily:native_daily_complete"":1,""native_daily:native_daily_finalizer"":1,""native_daily:ocean_land"":1,""native_daily:runtime_hydrology"":1,""native_daily:sea_ice"":1,""native_daily:transpiration"":1,""native_daily:weather_stage_b"":1,""native_daily:wind_surface"":1}","{""economy:building_plan"":0.212,""economy:epoch_begin"":3.069,""native_daily:climate_pass_b"":0.686,""native_daily:native_daily_complete"":0.847,""native_daily:native_daily_finalizer"":0.663,""native_daily:ocean_land"":0.999,""native_daily:runtime_hydrology"":1.138,""native_daily:sea_ice"":0.709,""native_daily:transpiration"":0.738,""native_daily:weather_stage_b"":1.944,""native_daily:wind_surface"":0.874}","{""economy:building_plan"":0.212,""economy:epoch_begin"":3.069,""native_daily:climate_pass_b"":0.686,""native_daily:native_daily_complete"":0.847,""native_daily:native_daily_finalizer"":0.663,""native_daily:ocean_land"":0.999,""native_daily:runtime_hydrology"":1.138,""native_daily:sea_ice"":0.709,""native_daily:transpiration"":0.738,""native_daily:weather_stage_b"":1.944,""native_daily:wind_surface"":0.874}",{},{},{},{},0,0,7.745,0.047,0,2.101,405,1123,4,0,0.652,0,0.698,0.023,0.736,0.321,0,0,100,0,16.3535,33.213,0.04,6.4605,707,281597,451,524,524,0,191803,20,6444,2,0,0,2,4800,0,78.331,0,SHADOW,SHADOW,,4095,2050,2045,missing_native_domain_handlers,false,16,false,0,0,false,0,0,0,0,0,climate_trace_reference_pending,,,,,0,,,0,0,2,0,0,1.605992,0,0,0,0,0,0,526,525,2400,true,0,0,0,0,0,0,0,0,0,0,4088,0,3,0,3,0,0,0,0,0,0,0,climate_trace_reference_pending,0,0,0,0,0,0,0,0,0,0,0,0,0,0,0,0,0,0,0,0,0,0,0,0,0,false,
414,527,54086,false,74,50,85.419,13.294,0.013,0.387,native_daily_sim,climate_pass_a,climate_pass_a_struct,gdext_native_daily_slice,1.668,1,0,0,1,-1,-1,,0.59952,3.393764,5.39,7.511,262,8,3,1.5,false,2,8.666,,,,,,,,,,,,,,,,,,,,,,,,,,,,,,,,,,,,,,,,,,0,0,0,0,false,0,0,,0,0,0,0,0,0,0,,,,,false,{},{},{},{},{},{},{},0,0.001,0.436,0.054,0,1.599,716,1183,4,0,0.453,0,0.629,0.014,0.193,0.287,0,0,100,0,49.7815,33.213,0.04,47.6925,707,281547,451,524,524,0,191803,20,6444,2,0,0,2,4800,0,78.331,0,SHADOW,SHADOW,,4095,2050,2045,missing_native_domain_handlers,false,16,false,0,0,false,0,0,0,0,0,climate_trace_reference_pending,,,,,0,,,0,0,2,0,0,1.263647,0,0,0,0,0,0,527,526,2400,true,0,0,0,0,0,0,0,0,0,0,4088,0,3,0,3,0,0,0,0,0,0,0,climate_trace_reference_pending,0,0,0,0,0,0,0,0,0,0,0,0,0,0,0,0,0,0,0,0,0,0,0,0,0,false,
415,528,54150,false,71,50,24.82,19.141,0.012,5.445,ocean_currents,phys_slp,next_phys_slp,gdext,1.472,0,0,0,0,-1,-1,,0,3.389857,5.386,7.511,262,8,3,1.5,false,2,8.666,,,,,,,,,,,,,,,,,,,,,,,,,,,,,,,,,,,,,,,,,,1,8,8,1,true,1,0.485,building_plan,0,2,8.485,8.485,1.736,0.184,8,building_plan,building_plan,evaluate,ECONOMY_GRAPH,false,"{""economy:building_plan"":1,""economy:epoch_begin"":1,""native_daily:climate_pass_b"":1,""native_daily:native_daily_complete"":1,""native_daily:native_daily_finalizer"":1,""native_daily:ocean_land"":1,""native_daily:sea_ice"":1,""native_daily:wind_surface"":1}","{""economy:building_plan"":0.184,""economy:epoch_begin"":1.736,""native_daily:climate_pass_b"":0.683,""native_daily:native_daily_complete"":0.367,""native_daily:native_daily_finalizer"":0.639,""native_daily:ocean_land"":1.028,""native_daily:sea_ice"":0.754,""native_daily:wind_surface"":0.94}","{""economy:building_plan"":0.184,""economy:epoch_begin"":1.736,""native_daily:climate_pass_b"":0.683,""native_daily:native_daily_complete"":0.367,""native_daily:native_daily_finalizer"":0.639,""native_daily:ocean_land"":1.028,""native_daily:sea_ice"":0.754,""native_daily:wind_surface"":0.94}",{},{},{},{},0,0,0.232,0.052,0,1.345,716,1183,4,0,0.391,0,0.369,0.01,0.372,0.213,0,0,100,0,12.894,91.985,0.026,11.265,707,281709,451,526,526,0,192559,20,5830,2,0,0,2,4800,0,78.331,0,SHADOW,SHADOW,,4095,2050,2045,missing_native_domain_handlers,false,16,false,0,0,false,0,0,0,0,0,climate_trace_reference_pending,,,,,0,,,0,0,2,0,0,1.490452,0,0,0,0,0,0,528,527,2400,true,0,0,0,0,0,0,0,0,0,0,4088,0,3,0,3,0,0,0,0,0,0,0,climate_trace_reference_pending,0,0,0,0,0,0,0,0,0,0,0,0,0,0,0,0,0,0,0,0,0,0,0,0,0,false,
416,529,54184,false,71,50,14.444,13.819,0.012,0.356,native_daily_sim,climate_pass_a,climate_pass_a_struct,gdext_native_daily_slice,1.72,1,0,0,1,-1,-1,,0.581395,3.390234,5.386,7.511,262,8,3,1.5,false,2,8.666,,,,,,,,,,,,,,,,,,,,,,,,,,,,,,,,,,,,,,,,,,0,0,0,0,false,0,0,,0,0,0,0,0,0,0,,,,,false,{},{},{},{},{},{},{},0,0,0.281,0.046,0,0.925,716,1183,4,0,0.258,0,0.497,0.009,0.04,0.145,0,0,100,0,8.60275,91.985,0.026,7.35075,708,281711,451,526,526,0,192559,20,5830,2,0,0,2,4800,0,78.331,0,SHADOW,SHADOW,,4095,2050,2045,missing_native_domain_handlers,false,16,false,0,0,false,0,0,0,0,0,climate_trace_reference_pending,,,,,0,,,0,0,2,0,0,1.729532,0,0,0,0,0,0,529,528,2400,true,0,0,0,0,0,0,0,0,0,0,4088,0,3,0,3,0,0,0,0,0,0,0,climate_trace_reference_pending,0,0,0,0,0,0,0,0,0,0,0,0,0,0,0,0,0,0,0,0,0,0,0,0,0,false,
417,530,54237,false,71,50,16.186,15.71,0.011,0.277,trigger_runtime,trigger_evaluate,,TRIGGER_GRAPH,0.825,356,0,0,356,-1,-1,,431.515158,3.38888,5.386,7.511,261,8,3,1.5,false,2,8.666,,,,,,,,,,,,,,,,,,,,,,,,,,,,,,,,,,,,,,,,,,1,9,9,1,true,1,1.225,household_market,0,3,9.225,9.225,1.483,1.406,8,household_market,household_market,settle,ECONOMY_GRAPH,false,"{""economy:building_plan"":2,""economy:household_market"":1,""native_daily:climate_pass_b"":1,""native_daily:native_daily_complete"":1,""native_daily:native_daily_finalizer"":1,""native_daily:ocean_land"":1,""native_daily:sea_ice"":1,""native_daily:wind_surface"":1}","{""economy:building_plan"":1.651,""economy:household_market"":1.406,""native_daily:climate_pass_b"":0.741,""native_daily:native_daily_complete"":0.301,""native_daily:native_daily_finalizer"":0.568,""native_daily:ocean_land"":1.082,""native_daily:sea_ice"":0.597,""native_daily:wind_surface"":0.934}","{""economy:building_plan"":1.483,""economy:household_market"":1.406,""native_daily:climate_pass_b"":0.741,""native_daily:native_daily_complete"":0.301,""native_daily:native_daily_finalizer"":0.568,""native_daily:ocean_land"":1.082,""native_daily:sea_ice"":0.597,""native_daily:wind_surface"":0.934}","{""economy:household_market.settle.merge_aggregate"":1,""economy:household_market.settle.merge_trade"":1,""economy:household_market.settle.other"":1,""economy:household_market.settle.prepare"":1,""economy:household_market.settle.trace"":1,""economy:household_market.settle.worker"":1}","{""economy:household_market.settle.merge_aggregate"":0.0878,""economy:household_market.settle.merge_trade"":0.008,""economy:household_market.settle.other"":0.0000999999999999287,""economy:household_market.settle.prepare"":0.0016,""economy:household_market.settle.trace"":0.0025,""economy:household_market.settle.worker"":0.5249}","{""economy:household_market.settle.merge_aggregate"":0.0878,""economy:household_market.settle.merge_trade"":0.008,""economy:household_market.settle.other"":0.0000999999999999287,""economy:household_market.settle.prepare"":0.0016,""economy:household_market.settle.trace"":0.0025,""economy:household_market.settle.worker"":0.5249}","{""economy:household_market.settle.merge_aggregate"":4,""economy:household_market.settle.merge_trade"":4,""economy:household_market.settle.other"":4,""economy:household_market.settle.prepare"":4,""economy:household_market.settle.trace"":4,""economy:household_market.settle.worker"":4}",0,0,0.24,0.065,0,0.166,689,1183,0,0,0,0.159,0,0,0,0,0,0,100,0,10.4194,91.985,0.026,9.9484,708,281711,451,528,528,0,193313,20,5732,2,0,0,2,4800,0,78.331,0,SHADOW,SHADOW,,4095,2050,2045,missing_native_domain_handlers,false,16,false,0,0,false,0,0,0,0,0,climate_trace_reference_pending,,,,,0,,,0,0,2,0,0,1.245952,0,0,0,0,0,0,530,529,2400,true,0,0,0,0,0,0,0,0,0,0,4088,0,3,0,3,0,0,0,0,0,0,0,climate_trace_reference_pending,0,0,0,0,0,0,0,0,0,0,0,0,0,0,0,0,0,0,0,0,0,0,0,0,0,false,
418,531,54263,false,71,50,12.26,11.711,0.011,0.279,native_daily_sim,climate_pass_a,climate_pass_a_struct,gdext_native_daily_slice,1.337,1,0,0,1,-1,-1,,0.747943,3.385724,5.386,7.511,261,8,3,1.5,false,2,8.666,,,,,,,,,,,,,,,,,,,,,,,,,,,,,,,,,,,,,,,,,,0,0,0,0,false,0,0,,0,0,0,0,0,0,0,,,,,false,{},{},{},{},{},{},{},0,0,0.324,0.047,0,3.31,689,1183,3,0,1.516,0.143,0.666,0.023,1.834,0.265,0,0,100,0,8.961667,91.985,0.026,5.280667,708,281711,451,528,528,0,193313,20,5732,2,0,0,2,4800,0,78.331,0,SHADOW,SHADOW,,4095,2050,2045,missing_native_domain_handlers,false,16,false,0,0,false,0,0,0,0,0,climate_trace_reference_pending,,,,,0,,,0,0,2,0,0,1.805727,0,0,0,0,0,0,531,530,2400,true,0,0,0,0,0,0,0,0,0,0,4088,0,3,0,3,0,0,0,0,0,0,0,climate_trace_reference_pending,0,0,0,0,0,0,0,0,0,0,0,0,0,0,0,0,0,0,0,0,0,0,0,0,0,false,
419,532,54321,false,71,50,21.595,20.961,0.01,0.387,dynamic_visual_atlas_upload,,,cell_indirection_lut,1.464,2400,2400,0,0,-1,-1,,1639.344277,3.383404,5.386,7.511,261,8,3,1.5,false,2,8.666,,,,,,,,,,,,,,,,,,,,,,,,,,,,,,,,,,,,,,,,,,1,8,8,1,true,1,0.077,building_plan,0,2,8.077,8.077,1.625,0.156,8,building_plan,building_plan,evaluate,ECONOMY_GRAPH,false,"{""economy:building_plan"":2,""native_daily:climate_pass_b"":1,""native_daily:native_daily_complete"":1,""native_daily:native_daily_finalizer"":1,""native_daily:ocean_land"":1,""native_daily:sea_ice"":1,""native_daily:wind_surface"":1}","{""economy:building_plan"":1.781,""native_daily:climate_pass_b"":0.814,""native_daily:native_daily_complete"":0.309,""native_daily:native_daily_finalizer"":0.56,""native_daily:ocean_land"":1.312,""native_daily:sea_ice"":0.768,""native_daily:wind_surface"":0.758}","{""economy:building_plan"":1.625,""native_daily:climate_pass_b"":0.814,""native_daily:native_daily_complete"":0.309,""native_daily:native_daily_finalizer"":0.56,""native_daily:ocean_land"":1.312,""native_daily:sea_ice"":0.768,""native_daily:wind_surface"":0.758}",{},{},{},{},0,0.001,0.357,0.052,0,1.779,689,1183,4,0,0.582,0,0.716,0.016,0.439,0.19,0,0,100,0,14.36875,91.985,0.026,12.18075,708,281736,451,530,530,0,194071,20,6841,2,0,0,2,4800,0,78.331,0,SHADOW,SHADOW,,4095,2050,2045,missing_native_domain_handlers,false,16,false,0,0,false,0,0,0,0,0,climate_trace_reference_pending,,,,,0,,,0,0,2,0,0,1.201517,0,0,0,0,0,0,532,531,2400,true,0,0,0,0,0,0,0,0,0,0,4088,0,3,0,3,0,0,0,0,0,0,0,climate_trace_reference_pending,0,0,0,0,0,0,0,0,0,0,0,0,0,0,0,0,0,0,0,0,0,0,0,0,0,false,
420,533,54353,false,71,50,14.264,13.631,0.011,0.362,native_daily_sim,climate_pass_a,climate_pass_a_struct,gdext_native_daily_slice,2.226,1,0,0,1,-1,-1,,0.449236,3.385874,5.386,7.511,261,8,3,1.5,false,2,8.666,,,,,,,,,,,,,,,,,,,,,,,,,,,,,,,,,,,,,,,,,,0,0,0,0,false,0,0,,0,0,0,0,0,0,0,,,,,false,{},{},{},{},{},{},{},0,0,0.399,0.063,0,1.646,689,1183,4,0,0.482,0,0.48,0.014,0.443,0.33,0,0,100,0,10.714,91.985,0.026,8.606,708,281396,451,530,530,0,194071,20,6841,2,0,0,2,4800,0,78.331,0,SHADOW,SHADOW,,4095,2050,2045,missing_native_domain_handlers,false,16,false,0,0,false,0,0,0,0,0,climate_trace_reference_pending,,,,,0,,,0,0,2,0,0,1.178137,0,0,0,0,0,0,533,532,2400,true,0,0,0,0,0,0,0,0,0,0,4088,0,3,0,3,0,0,0,0,0,0,0,climate_trace_reference_pending,0,0,0,0,0,0,0,0,0,0,0,0,0,0,0,0,0,0,0,0,0,0,0,0,0,false,
421,534,54416,false,71,50,17.675,16.673,0.541,0.275,ocean_currents,daily_wind_prepass,daily_wind_slp,gdext_daily_wind_slp,0.976,2400,2400,0,0,-1,-1,,2459.016366,3.38368,5.386,7.511,261,8,3,1.5,false,2,8.666,,,,,,,,,,,,,,,,,,,,,,,,,,,,,,,,,,,,,,,,,,2,13,13,1,true,1,0.243,building_commit,0,4,13.873,8.243,1.725,0.306,8,building_commit,building_commit,special_reset,ECONOMY_GRAPH,false,"{""economy:building_commit"":1,""economy:building_plan"":2,""economy:household_market"":1,""native_daily:climate_pass_b"":1,""native_daily:native_daily_complete"":1,""native_daily:native_daily_finalizer"":1,""native_daily:ocean_land"":1,""native_daily:runtime_hydrology"":1,""native_daily:sea_ice"":1,""native_daily:transpiration"":1,""native_daily:weather_stage_b"":1,""native_daily:wind_surface"":1}","{""economy:building_commit"":0.306,""economy:building_plan"":1.702,""economy:household_market"":1.408,""native_daily:climate_pass_b"":0.773,""native_daily:native_daily_complete"":0.629,""native_daily:native_daily_finalizer"":0.486,""native_daily:ocean_land"":1.036,""native_daily:runtime_hydrology"":0.961,""native_daily:sea_ice"":0.561,""native_daily:transpiration"":0.597,""native_daily:weather_stage_b"":1.725,""native_daily:wind_surface"":0.833}","{""economy:building_commit"":0.306,""economy:building_plan"":1.546,""economy:household_market"":1.408,""native_daily:climate_pass_b"":0.773,""native_daily:native_daily_complete"":0.629,""native_daily:native_daily_finalizer"":0.486,""native_daily:ocean_land"":1.036,""native_daily:runtime_hydrology"":0.961,""native_daily:sea_ice"":0.561,""native_daily:transpiration"":0.597,""native_daily:weather_stage_b"":1.725,""native_daily:wind_surface"":0.833}","{""economy:building_commit.review_prepare"":1,""economy:building_commit.special_reset"":1,""economy:household_market.settle.merge_aggregate"":1,""economy:household_market.settle.merge_trade"":1,""economy:household_market.settle.other"":1,""economy:household_market.settle.prepare"":1,""economy:household_market.settle.trace"":1,""economy:household_market.settle.worker"":1}","{""economy:building_commit.review_prepare"":0.0005,""economy:building_commit.special_reset"":0.0001,""economy:household_market.settle.merge_aggregate"":0.098,""economy:household_market.settle.merge_trade"":0.0075,""economy:household_market.settle.other"":0.000900000000000118,""economy:household_market.settle.prepare"":0.0024,""economy:household_market.settle.trace"":0.0025,""economy:household_market.settle.worker"":0.475}","{""economy:building_commit.review_prepare"":0.0005,""economy:building_commit.special_reset"":0.0001,""economy:household_market.settle.merge_aggregate"":0.098,""economy:household_market.settle.merge_trade"":0.0075,""economy:household_market.settle.other"":0.000900000000000118,""economy:household_market.settle.prepare"":0.0024,""economy:household_market.settle.trace"":0.0025,""economy:household_market.settle.worker"":0.475}","{""economy:building_commit.review_prepare"":1,""economy:building_commit.special_reset"":4,""economy:household_market.settle.merge_aggregate"":4,""economy:household_market.settle.merge_trade"":4,""economy:household_market.settle.other"":4,""economy:household_market.settle.prepare"":4,""economy:household_market.settle.trace"":4,""economy:household_market.settle.worker"":4}",0,0,0.382,0.068,0,1.664,689,1183,4,0,0.597,0,0.4,0.013,0.754,0.177,0,0,100,0,12.4914,91.985,0.026,10.3774,708,281124,451,532,532,0,194825,20,5966,2,0,0,2,4800,0,78.331,0,SHADOW,SHADOW,,4095,2050,2045,missing_native_domain_handlers,false,16,false,0,0,false,0,0,0,0,0,climate_trace_reference_pending,,,,,0,,,0,0,2,0,0,1.130412,0,0,0,0,0,0,534,533,2400,true,0,0,0,0,0,0,0,0,0,0,4088,0,3,0,3,0,0,0,0,0,0,0,climate_trace_reference_pending,0,0,0,0,0,0,0,0,0,0,0,0,0,0,0,0,0,0,0,0,0,0,0,0,0,false,
422,535,54455,false,71,50,24.333,12.667,0.011,0.357,native_daily_sim,climate_pass_a,climate_pass_a_struct,gdext_native_daily_slice,1.529,1,0,0,1,-1,-1,,0.654022,3.382376,5.386,7.511,261,8,3,1.5,false,2,8.666,,,,,,,,,,,,,,,,,,,,,,,,,,,,,,,,,,,,,,,,,,0,0,0,0,false,0,0,,0,0,0,0,0,0,0,,,,,false,{},{},{},{},{},{},{},0.001,0,0.412,0.046,0,1.52,689,1258,4,0,0.407,0.13,0.421,0.013,0.302,0.222,0,0,100,0,13.281333,91.985,0.026,11.303333,708,281124,451,532,532,0,194825,20,5966,2,0,0,2,4800,0,78.331,0,SHADOW,SHADOW,,4095,2050,2045,missing_native_domain_handlers,false,16,false,0,0,false,0,0,0,0,0,climate_trace_reference_pending,,,,,0,,,0,0,2,0,0,1.795317,0,0,0,0,0,0,535,534,2400,true,0,0,0,0,0,0,0,0,0,0,4088,0,3,0,3,0,0,0,0,0,0,0,climate_trace_reference_pending,0,0,0,0,0,0,0,0,0,0,0,0,0,0,0,0,0,0,0,0,0,0,0,0,0,false,
423,536,54507,false,71,50,20.393,19.857,0.011,0.297,dynamic_visual_atlas_upload,,,cell_indirection_lut,1.774,2400,2400,0,0,-1,-1,,1352.874822,3.38309,5.386,7.511,261,8,3,1.5,false,2,8.666,,,,,,,,,,,,,,,,,,,,,,,,,,,,,,,,,,,,,,,,,,1,9,9,1,true,1,0.04,building_plan,0,3,8.04,8.04,1.466,0.146,8,building_plan,trade_settle,reserve,ECONOMY_GRAPH,false,"{""economy:building_plan"":3,""native_daily:climate_pass_b"":1,""native_daily:native_daily_complete"":1,""native_daily:native_daily_finalizer"":1,""native_daily:ocean_land"":1,""native_daily:sea_ice"":1,""native_daily:wind_surface"":1}","{""economy:building_plan"":1.805,""native_daily:climate_pass_b"":0.7,""native_daily:native_daily_complete"":0.307,""native_daily:native_daily_finalizer"":0.551,""native_daily:ocean_land"":1.06,""native_daily:sea_ice"":0.601,""native_daily:wind_surface"":0.994}","{""economy:building_plan"":1.466,""native_daily:climate_pass_b"":0.7,""native_daily:native_daily_complete"":0.307,""native_daily:native_daily_finalizer"":0.551,""native_daily:ocean_land"":1.06,""native_daily:sea_ice"":0.601,""native_daily:wind_surface"":0.994}",{},{},{},{},0,0,5.585,0.061,0,1.836,689,1258,4,0,0.687,0,0.622,0.014,0.371,0.372,0,0,100,0,17.344667,91.985,0.026,9.862667,708,281104,451,534,534,0,195579,20,6848,2,0,0,2,4800,0,78.331,0,SHADOW,SHADOW,,4095,2050,2045,missing_native_domain_handlers,false,16,false,0,0,false,0,0,0,0,0,climate_trace_reference_pending,,,,,0,,,0,0,2,0,0,1.590342,0,0,0,0,0,0,536,535,2400,true,0,0,0,0,0,0,0,0,0,0,4088,0,3,0,3,0,0,0,0,0,0,0,climate_trace_reference_pending,0,0,0,0,0,0,0,0,0,0,0,0,0,0,0,0,0,0,0,0,0,0,0,0,0,false,
424,537,54535,false,71,50,12.35,11.819,0.01,0.281,native_daily_sim,climate_pass_a,climate_pass_a_struct,gdext_native_daily_slice,1.417,1,0,0,1,-1,-1,,0.705716,3.380094,5.386,7.511,261,8,3,1.5,false,2,8.666,,,,,,,,,,,,,,,,,,,,,,,,,,,,,,,,,,,,,,,,,,0,0,0,0,false,0,0,,0,0,0,0,0,0,0,,,,,false,{},{},{},{},{},{},{},0,0.001,0.403,0.05,0,0.988,689,1258,4,0,0.248,0,0.333,0.007,0.207,0.171,0,0,100,0,9.089667,91.985,0.026,7.648667,708,281084,451,534,534,0,195579,20,6848,2,0,0,2,4800,0,78.331,0,SHADOW,SHADOW,,4095,2050,2045,missing_native_domain_handlers,false,16,false,0,0,false,0,0,0,0,0,climate_trace_reference_pending,,,,,0,,,0,0,2,0,0,1.338407,0,0,0,0,0,0,537,536,2400,true,0,0,0,0,0,0,0,0,0,0,4088,0,3,0,3,0,0,0,0,0,0,0,climate_trace_reference_pending,0,0,0,0,0,0,0,0,0,0,0,0,0,0,0,0,0,0,0,0,0,0,0,0,0,false,
425,538,54588,false,71,50,17.048,16.551,0.011,0.286,trigger_runtime,trigger_evaluate,,TRIGGER_GRAPH,0.875,356,0,0,356,-1,-1,,406.857143,3.38018,5.386,7.511,261,8,3,1.5,false,2,8.666,,,,,,,,,,,,,,,,,,,,,,,,,,,,,,,,,,,,,,,,,,1,8,8,1,true,1,0.571,building_plan,0,2,8.571,8.571,1.709,0.208,8,building_plan,building_plan,evaluate,ECONOMY_GRAPH,false,"{""economy:building_plan"":1,""economy:epoch_begin"":1,""native_daily:climate_pass_b"":1,""native_daily:native_daily_complete"":1,""native_daily:native_daily_finalizer"":1,""native_daily:ocean_land"":1,""native_daily:sea_ice"":1,""native_daily:wind_surface"":1}","{""economy:building_plan"":0.208,""economy:epoch_begin"":1.709,""native_daily:climate_pass_b"":0.732,""native_daily:native_daily_complete"":0.299,""native_daily:native_daily_finalizer"":0.582,""native_daily:ocean_land"":1.227,""native_daily:sea_ice"":0.607,""native_daily:wind_surface"":0.994}","{""economy:building_plan"":0.208,""economy:epoch_begin"":1.709,""native_daily:climate_pass_b"":0.732,""native_daily:native_daily_complete"":0.299,""native_daily:native_daily_finalizer"":0.582,""native_daily:ocean_land"":1.227,""native_daily:sea_ice"":0.607,""native_daily:wind_surface"":0.994}",{},{},{},{},0,0.001,0.32,0.061,0,1.29,689,1258,4,0,0.37,0,0.404,0.013,0.289,0.198,0,0,100,0,13.372,91.985,0.026,11.701,708,281084,451,536,536,0,196333,20,6435,2,0,0,2,4800,0,78.331,0,SHADOW,SHADOW,,4095,2050,2045,missing_native_domain_handlers,false,16,false,0,0,false,0,0,0,0,0,climate_trace_reference_pending,,,,,0,,,0,0,2,0,0,1.789772,0,0,0,0,0,0,538,537,2400,true,0,0,0,0,0,0,0,0,0,0,4088,0,3,0,3,0,0,0,0,0,0,0,climate_trace_reference_pending,0,0,0,0,0,0,0,0,0,0,0,0,0,0,0,0,0,0,0,0,0,0,0,0,0,false,
426,539,54616,false,71,50,13.912,13.363,0.01,0.316,native_daily_sim,climate_pass_a,climate_pass_a_struct,gdext_native_daily_slice,1.823,1,0,0,1,-1,-1,,0.548546,3.38356,5.386,7.511,261,8,3,1.5,false,2,8.666,,,,,,,,,,,,,,,,,,,,,,,,,,,,,,,,,,,,,,,,,,0,0,0,0,false,0,0,,0,0,0,0,0,0,0,,,,,false,{},{},{},{},{},{},{},0,0.001,0.442,0.071,0,3.337,689,1258,3,0,1.373,0.14,0.645,0.065,1.763,0.362,0,0,100,0,14.149,91.985,0.026,10.299,708,281084,451,536,536,0,196333,20,6435,2,0,0,2,4800,0,78.331,0,SHADOW,SHADOW,,4095,2050,2045,missing_native_domain_handlers,false,16,false,0,0,false,0,0,0,0,0,climate_trace_reference_pending,,,,,0,,,0,0,2,0,0,1.373552,0,0,0,0,0,0,539,538,2400,true,0,0,0,0,0,0,0,0,0,0,4088,0,3,0,3,0,0,0,0,0,0,0,climate_trace_reference_pending,0,0,0,0,0,0,0,0,0,0,0,0,0,0,0,0,0,0,0,0,0,0,0,0,0,false,
427,540,54669,false,71,50,22.729,22.116,0.013,0.354,dynamic_visual_atlas_upload,,,cell_indirection_lut,1.563,2400,2400,0,0,-1,-1,,1535.508673,3.381716,5.364,7.511,261,8,3,1.5,false,2,8.666,,,,,,,,,,,,,,,,,,,,,,,,,,,,,,,,,,,,,,,,,,1,8,8,1,true,1,0.154,building_plan,0,2,8.154,8.154,1.707,0.195,8,building_plan,trade_settle,reserve,ECONOMY_GRAPH,false,"{""economy:building_plan"":2,""native_daily:climate_pass_b"":1,""native_daily:native_daily_complete"":1,""native_daily:native_daily_finalizer"":1,""native_daily:ocean_land"":1,""native_daily:sea_ice"":1,""native_daily:wind_surface"":1}","{""economy:building_plan"":1.902,""native_daily:climate_pass_b"":0.589,""native_daily:native_daily_complete"":0.389,""native_daily:native_daily_finalizer"":0.614,""native_daily:ocean_land"":1.008,""native_daily:sea_ice"":0.681,""native_daily:wind_surface"":0.803}","{""economy:building_plan"":1.707,""native_daily:climate_pass_b"":0.589,""native_daily:native_daily_complete"":0.389,""native_daily:native_daily_finalizer"":0.614,""native_daily:ocean_land"":1.008,""native_daily:sea_ice"":0.681,""native_daily:wind_surface"":0.803}",{},{},{},{},0,0.001,6.483,0.044,0,1.015,689,1258,4,0,0.293,0,0.456,0.011,0.117,0.169,0,0,100,0,17.626,91.985,0.026,10.084,708,278732,451,538,538,0,197085,20,6652,2,0,0,2,4800,0,78.331,0,SHADOW,SHADOW,,4095,2050,2045,missing_native_domain_handlers,false,16,false,0,0,false,0,0,0,0,0,climate_trace_reference_pending,,,,,0,,,0,0,2,0,0,1.567612,0,0,0,0,0,0,540,539,2400,true,0,0,0,0,0,0,0,0,0,0,4088,0,3,0,3,0,0,0,0,0,0,0,climate_trace_reference_pending,0,0,0,0,0,0,0,0,0,0,0,0,0,0,0,0,0,0,0,0,0,0,0,0,0,false,
428,541,54696,false,71,50,13.137,12.598,0.01,0.293,native_daily_sim,climate_pass_a,climate_pass_a_struct,gdext_native_daily_slice,2.141,1,0,0,1,-1,-1,,0.467071,3.384237,5.364,7.511,261,8,3,1.5,false,2,8.666,,,,,,,,,,,,,,,,,,,,,,,,,,,,,,,,,,,,,,,,,,0,0,0,0,false,0,0,,0,0,0,0,0,0,0,,,,,false,{},{},{},{},{},{},{},0,0,0.266,0.082,0,1.294,689,1258,4,0,0.502,0,0.622,0.011,0.243,0.209,0,0,100,0,9.046,91.985,0.026,7.404,708,278720,451,538,538,0,197085,20,6652,2,0,0,2,4800,0,78.331,0,SHADOW,SHADOW,,4095,2050,2045,missing_native_domain_handlers,false,16,false,0,0,false,0,0,0,0,0,climate_trace_reference_pending,,,,,0,,,0,0,2,0,0,1.399842,0,0,0,0,0,0,541,540,2400,true,0,0,0,0,0,0,0,0,0,0,4088,0,3,0,3,0,0,0,0,0,0,0,climate_trace_reference_pending,0,0,0,0,0,0,0,0,0,0,0,0,0,0,0,0,0,0,0,0,0,0,0,0,0,false,
429,542,54758,false,71,50,20.144,18.987,0.611,0.302,trigger_runtime,trigger_evaluate,,TRIGGER_GRAPH,1.03,357,0,0,357,-1,-1,,346.601951,3.385824,5.364,7.511,261,8,3,1.5,false,2,8.666,,,,,,,,,,,,,,,,,,,,,,,,,,,,,,,,,,,,,,,,,,2,13,13,1,true,1,0.535,household_market,0,4,14.579,8.535,1.871,1.321,8,household_market,household_market,settle,ECONOMY_GRAPH,false,"{""economy:building_plan"":2,""economy:epoch_begin"":1,""economy:household_market"":1,""native_daily:climate_pass_b"":1,""native_daily:native_daily_complete"":1,""native_daily:native_daily_finalizer"":1,""native_daily:ocean_land"":1,""native_daily:runtime_hydrology"":1,""native_daily:sea_ice"":1,""native_daily:transpiration"":1,""native_daily:weather_stage_b"":1,""native_daily:wind_surface"":1}","{""economy:building_plan"":0.47,""economy:epoch_begin"":1.676,""economy:household_market"":1.321,""native_daily:climate_pass_b"":0.7,""native_daily:native_daily_complete"":0.726,""native_daily:native_daily_finalizer"":0.577,""native_daily:ocean_land"":1.141,""native_daily:runtime_hydrology"":1.021,""native_daily:sea_ice"":0.801,""native_daily:transpiration"":0.609,""native_daily:weather_stage_b"":1.871,""native_daily:wind_surface"":0.798}","{""economy:building_plan"":0.312,""economy:epoch_begin"":1.676,""economy:household_market"":1.321,""native_daily:climate_pass_b"":0.7,""native_daily:native_daily_complete"":0.726,""native_daily:native_daily_finalizer"":0.577,""native_daily:ocean_land"":1.141,""native_daily:runtime_hydrology"":1.021,""native_daily:sea_ice"":0.801,""native_daily:transpiration"":0.609,""native_daily:weather_stage_b"":1.871,""native_daily:wind_surface"":0.798}","{""economy:household_market.settle.merge_aggregate"":1,""economy:household_market.settle.merge_trade"":1,""economy:household_market.settle.other"":1,""economy:household_market.settle.prepare"":1,""economy:household_market.settle.trace"":1,""economy:household_market.settle.worker"":1}","{""economy:household_market.settle.merge_aggregate"":0.1022,""economy:household_market.settle.merge_trade"":0.0095,""economy:household_market.settle.other"":0.000899999999999948,""economy:household_market.settle.prepare"":0.0016,""economy:household_market.settle.trace"":0.0028,""economy:household_market.settle.worker"":0.4304}","{""economy:household_market.settle.merge_aggregate"":0.1022,""economy:household_market.settle.merge_trade"":0.0095,""economy:household_market.settle.other"":0.000899999999999948,""economy:household_market.settle.prepare"":0.0016,""economy:household_market.settle.trace"":0.0028,""economy:household_market.settle.worker"":0.4304}","{""economy:household_market.settle.merge_aggregate"":4,""economy:household_market.settle.merge_trade"":4,""economy:household_market.settle.other"":4,""economy:household_market.settle.prepare"":4,""economy:household_market.settle.trace"":4,""economy:household_market.settle.worker"":4}",0,0,4.375,0.068,0,1.326,689,1258,4,0,0.363,0,0.46,0.01,0.082,0.252,0,0,100,0,15.31375,91.985,0.026,9.54475,708,278670,451,540,540,0,197839,20,7175,2,0,0,2,4800,0,78.331,0,SHADOW,SHADOW,,4095,2050,2045,missing_native_domain_handlers,false,16,false,0,0,false,0,0,0,0,0,climate_trace_reference_pending,,,,,0,,,0,0,2,0,0,1.121292,0,0,0,0,0,0,542,541,2400,true,0,0,0,0,0,0,0,0,0,0,4088,0,3,0,3,0,0,0,0,0,0,0,climate_trace_reference_pending,0,0,0,0,0,0,0,0,0,0,0,0,0,0,0,0,0,0,0,0,0,0,0,0,0,false,
430,543,54785,false,71,50,13.654,12.975,0.013,0.359,native_daily_sim,climate_pass_a,climate_pass_a_struct,gdext_native_daily_slice,1.686,1,0,0,1,-1,-1,,0.59312,3.38611,5.364,7.511,261,8,3,1.5,false,2,8.666,,,,,,,,,,,,,,,,,,,,,,,,,,,,,,,,,,,,,,,,,,0,0,0,0,false,0,0,,0,0,0,0,0,0,0,,,,,false,{},{},{},{},{},{},{},0,0.001,0.488,0.078,0,1.517,689,1258,4,0,0.466,0,0.408,0.01,0.331,0.259,0,0,100,0,13.5025,91.985,0.026,11.4195,708,278670,451,540,540,0,197839,20,7175,2,0,0,2,4800,0,78.331,0,SHADOW,SHADOW,,4095,2050,2045,missing_native_domain_handlers,false,16,false,0,0,false,0,0,0,0,0,climate_trace_reference_pending,,,,,0,,,0,0,2,0,0,1.791392,0,0,0,0,0,0,543,542,2400,true,0,0,0,0,0,0,0,0,0,0,4088,0,3,0,3,0,0,0,0,0,0,0,climate_trace_reference_pending,0,0,0,0,0,0,0,0,0,0,0,0,0,0,0,0,0,0,0,0,0,0,0,0,0,false,
431,544,54839,false,71,50,21.231,20.608,0.013,0.344,dynamic_visual_atlas_upload,,,cell_indirection_lut,1.588,2400,2400,0,0,-1,-1,,1511.334956,3.384437,5.364,7.511,261,8,3,1.5,false,2,8.666,,,,,,,,,,,,,,,,,,,,,,,,,,,,,,,,,,,,,,,,,,1,7,7,1,true,1,0.119,epoch_begin,0,1,8.119,8.119,1.887,1.887,8,epoch_begin,building_plan,,ECONOMY_GRAPH,false,"{""economy:epoch_begin"":1,""native_daily:climate_pass_b"":1,""native_daily:native_daily_complete"":1,""native_daily:native_daily_finalizer"":1,""native_daily:ocean_land"":1,""native_daily:sea_ice"":1,""native_daily:wind_surface"":1}","{""economy:epoch_begin"":1.887,""native_daily:climate_pass_b"":0.801,""native_daily:native_daily_complete"":0.343,""native_daily:native_daily_finalizer"":0.679,""native_daily:ocean_land"":1.199,""native_daily:sea_ice"":0.559,""native_daily:wind_surface"":1.007}","{""economy:epoch_begin"":1.887,""native_daily:climate_pass_b"":0.801,""native_daily:native_daily_complete"":0.343,""native_daily:native_daily_finalizer"":0.679,""native_daily:ocean_land"":1.199,""native_daily:sea_ice"":0.559,""native_daily:wind_surface"":1.007}",{},{},{},{},0,0,0.36,0.062,0,0.104,687,1258,0,0,0,0.098,0,0,0,0,0,0,100,0,13.50475,91.985,0.026,12.97875,708,278670,451,542,542,0,198595,20,7243,2,0,0,2,4800,0,78.331,0,SHADOW,SHADOW,,4095,2050,2045,missing_native_domain_handlers,false,16,false,0,0,false,0,0,0,0,0,climate_trace_reference_pending,,,,,0,,,0,0,2,0,0,1.096692,0,0,0,0,0,0,544,543,2400,true,0,0,0,0,0,0,0,0,0,0,4088,0,3,0,3,0,0,0,0,0,0,0,climate_trace_reference_pending,0,0,0,0,0,0,0,0,0,0,0,0,0,0,0,0,0,0,0,0,0,0,0,0,0,false,
432,545,54864,false,71,50,14.839,14.229,0.013,0.318,native_daily_sim,climate_pass_a,climate_pass_a_struct,gdext_native_daily_slice,1.601,1,0,0,1,-1,-1,,0.62461,3.381577,5.364,7.511,261,8,3,1.5,false,2,8.666,,,,,,,,,,,,,,,,,,,,,,,,,,,,,,,,,,,,,,,,,,0,0,0,0,false,0,0,,0,0,0,0,0,0,0,,,,,false,{},{},{},{},{},{},{},0,0,0.397,0.066,0,0.406,687,1258,0,0,0,0.399,0,0,0,0,0,0,100,0,12.408,91.985,0.026,11.539,708,278670,451,542,542,0,198595,20,7243,2,0,0,2,4800,0,78.331,0,SHADOW,SHADOW,,4095,2050,2045,missing_native_domain_handlers,false,16,false,0,0,false,0,0,0,0,0,climate_trace_reference_pending,,,,,0,,,0,0,2,0,0,1.681817,0,0,0,0,0,0,545,544,2400,true,0,0,0,0,0,0,0,0,0,0,4088,0,3,0,3,0,0,0,0,0,0,0,climate_trace_reference_pending,0,0,0,0,0,0,0,0,0,0,0,0,0,0,0,0,0,0,0,0,0,0,0,0,0,false,
433,546,54906,false,71,50,24.146,18.829,0.012,5.069,ocean_currents,daily_wind_prepass,daily_wind_slp,gdext_daily_wind_slp,1.068,2400,2400,0,0,-1,-1,,2247.191098,3.380777,5.364,7.511,261,8,3,1.5,false,2,8.666,,,,,,,,,,,,,,,,,,,,,,,,,,,,,,,,,,,,,,,,,,1,6,6,1,false,0,0,,0,0,5.025,5.025,1.324,0.403,8,native_daily_complete,native_daily_complete,round_complete,gdext_native_daily_slice,true,"{""native_daily:climate_pass_b"":1,""native_daily:native_daily_complete"":1,""native_daily:native_daily_finalizer"":1,""native_daily:ocean_land"":1,""native_daily:sea_ice"":1,""native_daily:wind_surface"":1}","{""native_daily:climate_pass_b"":0.818,""native_daily:native_daily_complete"":0.403,""native_daily:native_daily_finalizer"":0.77,""native_daily:ocean_land"":1.324,""native_daily:sea_ice"":0.711,""native_daily:wind_surface"":0.872}","{""native_daily:climate_pass_b"":0.818,""native_daily:native_daily_complete"":0.403,""native_daily:native_daily_finalizer"":0.77,""native_daily:ocean_land"":1.324,""native_daily:sea_ice"":0.711,""native_daily:wind_surface"":0.872}",{},{},{},{},0,0,5.507,0.08,0,1.47,687,1258,2,0,0.748,0,0.36,0.011,0.694,0.14,0,0,100,0,21.439,91.985,0.026,14.382,708,278670,451,543,543,0,198972,20,6836,2,0,0,2,4800,0,78.331,0,SHADOW,SHADOW,,4095,2050,2045,missing_native_domain_handlers,false,16,false,0,0,false,0,0,0,0,0,climate_trace_reference_pending,,,,,0,,,0,0,2,0,0,1.350432,0,0,0,0,0,0,546,545,2400,true,0,0,0,0,0,0,0,0,0,0,4088,0,3,0,3,0,0,0,0,0,0,0,climate_trace_reference_pending,0,0,0,0,0,0,0,0,0,0,0,0,0,0,0,0,0,0,0,0,0,0,0,0,0,false,
434,547,54940,false,71,50,14.01,13.411,0.012,0.307,native_daily_sim,climate_pass_a,climate_pass_a_struct,gdext_native_daily_slice,1.979,1,0,0,1,-1,-1,,0.505306,3.379067,5.364,7.511,261,8,3,1.5,false,2,8.666,,,,,,,,,,,,,,,,,,,,,,,,,,,,,,,,,,,,,,,,,,0,0,0,0,false,0,0,,0,0,0,0,0,0,0,,,,,false,{},{},{},{},{},{},{},0,0.001,0.328,0.05,0,2.298,687,1258,4,0,0.708,0,0.737,0.023,0.788,0.236,0,0,100,0,11.305,91.985,0.026,8.629,706,278666,451,543,543,0,198972,20,6836,2,0,0,2,4800,0,78.331,0,SHADOW,SHADOW,,4095,2050,2045,missing_native_domain_handlers,false,16,false,0,0,false,0,0,0,0,0,climate_trace_reference_pending,,,,,0,,,0,0,2,0,0,1.564162,0,0,0,0,0,0,547,546,2400,true,0,0,0,0,0,0,0,0,0,0,4088,0,3,0,3,0,0,0,0,0,0,0,climate_trace_reference_pending,0,0,0,0,0,0,0,0,0,0,0,0,0,0,0,0,0,0,0,0,0,0,0,0,0,false,
435,548,54997,false,71,50,21.904,21.263,0.012,0.376,dynamic_visual_atlas_upload,,,cell_indirection_lut,1.462,2400,2400,0,0,-1,-1,,1641.586853,3.375757,5.364,7.511,261,8,3,1.5,false,2,8.666,,,,,,,,,,,,,,,,,,,,,,,,,,,,,,,,,,,,,,,,,,1,8,8,1,true,1,0.167,building_plan,0,2,8.167,8.167,2.047,0.24,8,building_plan,building_plan,evaluate,ECONOMY_GRAPH,false,"{""economy:building_plan"":1,""economy:epoch_begin"":1,""native_daily:climate_pass_b"":1,""native_daily:native_daily_complete"":1,""native_daily:native_daily_finalizer"":1,""native_daily:ocean_land"":1,""native_daily:sea_ice"":1,""native_daily:wind_surface"":1}","{""economy:building_plan"":0.24,""economy:epoch_begin"":2.047,""native_daily:climate_pass_b"":0.613,""native_daily:native_daily_complete"":0.42,""native_daily:native_daily_finalizer"":0.707,""native_daily:ocean_land"":0.972,""native_daily:sea_ice"":0.577,""native_daily:wind_surface"":0.822}","{""economy:building_plan"":0.24,""economy:epoch_begin"":2.047,""native_daily:climate_pass_b"":0.613,""native_daily:native_daily_complete"":0.42,""native_daily:native_daily_finalizer"":0.707,""native_daily:ocean_land"":0.972,""native_daily:sea_ice"":0.577,""native_daily:wind_surface"":0.822}",{},{},{},{},0,0.001,6.739,0.052,0,2.099,687,1258,4,0,0.607,0.15,0.426,0.028,0.754,0.258,0,0,100,0,18.733667,91.985,0.026,9.843667,706,278666,451,545,545,0,199727,20,6771,2,0,0,2,4800,0,78.331,0,SHADOW,SHADOW,,4095,2050,2045,missing_native_domain_handlers,false,16,false,0,0,false,0,0,0,0,0,climate_trace_reference_pending,,,,,0,,,0,0,2,0,0,1.974377,0,0,0,0,0,0,548,547,2400,true,0,0,0,0,0,0,0,0,0,0,4088,0,3,0,3,0,0,0,0,0,0,0,climate_trace_reference_pending,0,0,0,0,0,0,0,0,0,0,0,0,0,0,0,0,0,0,0,0,0,0,0,0,0,false,
436,549,55037,false,70,50,14.467,13.862,0.014,0.299,native_daily_sim,climate_pass_a,climate_pass_a_struct,gdext_native_daily_slice,2.228,1,0,0,1,-1,-1,,0.448833,3.374984,5.364,7.511,261,8,3,1.5,false,2,8.666,,,,,,,,,,,,,,,,,,,,,,,,,,,,,,,,,,,,,,,,,,0,0,0,0,false,0,0,,0,0,0,0,0,0,0,,,,,false,{},{},{},{},{},{},{},0,0,0.365,0.081,0,1.319,687,1258,4,0,0.395,0,0.518,0.023,0.379,0.174,0,0,100,0,13.582,37.013,0.023,11.817,706,278666,451,545,545,0,199727,20,6771,2,0,0,2,4800,0,78.331,0,SHADOW,SHADOW,,4095,2050,2045,missing_native_domain_handlers,false,16,false,0,0,false,0,0,0,0,0,climate_trace_reference_pending,,,,,0,,,0,0,2,0,0,1.413697,0,0,0,0,0,0,549,548,2400,true,0,0,0,0,0,0,0,0,0,0,4088,0,3,0,3,0,0,0,0,0,0,0,climate_trace_reference_pending,0,0,0,0,0,0,0,0,0,0,0,0,0,0,0,0,0,0,0,0,0,0,0,0,0,false,
437,550,55101,false,70,50,22.618,21.416,0.682,0.277,natural_resource_daily,natural_resource_daily,,gdext,2.545,2400,0,0,2400,-1,-1,,943.025512,3.38194,5.364,7.511,262,8,3,1.5,false,2,8.666,,,,,,,,,,,,,,,,,,,,,,,,,,,,,,,,,,,,,,,,,,2,11,11,1,true,1,0.232,building_plan,0,2,13.521,8.232,3.537,0.177,8,building_plan,building_plan,evaluate,ECONOMY_GRAPH,false,"{""economy:building_plan"":1,""economy:epoch_begin"":1,""native_daily:climate_pass_b"":1,""native_daily:native_daily_complete"":1,""native_daily:native_daily_finalizer"":1,""native_daily:ocean_land"":1,""native_daily:runtime_hydrology"":1,""native_daily:sea_ice"":1,""native_daily:transpiration"":1,""native_daily:weather_stage_b"":1,""native_daily:wind_surface"":1}","{""economy:building_plan"":0.177,""economy:epoch_begin"":3.537,""native_daily:climate_pass_b"":0.623,""native_daily:native_daily_complete"":0.842,""native_daily:native_daily_finalizer"":0.596,""native_daily:ocean_land"":0.958,""native_daily:runtime_hydrology"":0.896,""native_daily:sea_ice"":0.549,""native_daily:transpiration"":0.593,""native_daily:weather_stage_b"":1.69,""native_daily:wind_surface"":0.779}","{""economy:building_plan"":0.177,""economy:epoch_begin"":3.537,""native_daily:climate_pass_b"":0.623,""native_daily:native_daily_complete"":0.842,""native_daily:native_daily_finalizer"":0.596,""native_daily:ocean_land"":0.958,""native_daily:runtime_hydrology"":0.896,""native_daily:sea_ice"":0.549,""native_daily:transpiration"":0.593,""native_daily:weather_stage_b"":1.69,""native_daily:wind_surface"":0.779}",{},{},{},{},0,0,5.595,0.052,0,1.119,687,1258,4,0,0.347,0,0.474,0.008,0.041,0.196,0,0,100,0,15.83375,37.013,0.023,9.06775,706,278666,451,547,547,0,200115,21,8014,3,0,0,2,4800,0,78.331,0,SHADOW,SHADOW,,4095,2050,2045,missing_native_domain_handlers,false,16,false,0,0,false,0,0,0,0,0,climate_trace_reference_pending,,,,,0,,,0,0,2,0,0,1.143572,0,0,0,0,0,0,550,549,2400,true,0,0,0,0,0,0,0,0,0,0,4088,0,3,0,3,0,0,0,0,0,0,0,climate_trace_reference_pending,0,0,0,0,0,0,0,0,0,0,0,0,0,0,0,0,0,0,0,0,0,0,0,0,0,false,
438,551,55131,false,70,50,13.519,12.892,0.012,0.348,native_daily_sim,climate_pass_a,climate_pass_a_struct,gdext_native_daily_slice,1.757,1,0,0,1,-1,-1,,0.569152,3.38095,5.364,7.511,262,8,3,1.5,false,2,8.666,,,,,,,,,,,,,,,,,,,,,,,,,,,,,,,,,,,,,,,,,,0,0,0,0,false,0,0,,0,0,0,0,0,0,0,,,,,false,{},{},{},{},{},{},{},0,0,0.304,0.055,0,0.072,687,1258,0,0,0,0.067,0,0,0,0,0,0,100,0,10.14,37.013,0.023,9.709,706,278666,451,548,548,0,200484,21,3414,2,0,0,2,4800,0,78.331,0,SHADOW,SHADOW,,4095,2050,2045,missing_native_domain_handlers,false,16,false,0,0,false,0,0,0,0,0,climate_trace_reference_pending,,,,,0,,,0,0,2,0,0,1.107187,0,0,0,0,0,0,551,550,2400,true,0,0,0,0,0,0,0,0,0,0,4088,0,3,0,3,0,0,0,0,0,0,0,climate_trace_reference_pending,0,0,0,0,0,0,0,0,0,0,0,0,0,0,0,0,0,0,0,0,0,0,0,0,0,false,
439,552,55182,false,70,50,20.705,20.203,0.01,0.277,dynamic_visual_atlas_upload,,,cell_indirection_lut,1.401,2400,2400,0,0,-1,-1,,1713.062071,3.378517,5.364,7.511,262,8,3,1.5,false,2,8.666,,,,,,,,,,,,,,,,,,,,,,,,,,,,,,,,,,,,,,,,,,1,7,7,1,true,1,0.505,building_plan,0,1,8.505,8.505,3.452,3.452,8,building_plan,building_plan,evaluate,ECONOMY_GRAPH,false,"{""economy:building_plan"":1,""native_daily:climate_pass_b"":1,""native_daily:native_daily_complete"":1,""native_daily:native_daily_finalizer"":1,""native_daily:ocean_land"":1,""native_daily:sea_ice"":1,""native_daily:wind_surface"":1}","{""economy:building_plan"":3.452,""native_daily:climate_pass_b"":0.641,""native_daily:native_daily_complete"":0.404,""native_daily:native_daily_finalizer"":0.703,""native_daily:ocean_land"":1.019,""native_daily:sea_ice"":0.561,""native_daily:wind_surface"":0.737}","{""economy:building_plan"":3.452,""native_daily:climate_pass_b"":0.641,""native_daily:native_daily_complete"":0.404,""native_daily:native_daily_finalizer"":0.703,""native_daily:ocean_land"":1.019,""native_daily:sea_ice"":0.561,""native_daily:wind_surface"":0.737}",{},{},{},{},0,0.001,6.111,0.046,0,1.76,687,1258,4,0,0.553,0.141,0.673,0.008,0.423,0.192,0,0,100,0,17.121,37.013,0.023,9.204,706,278691,451,550,550,0,201240,21,6854,2,0,0,2,4800,0,78.331,0,SHADOW,SHADOW,,4095,2050,2045,missing_native_domain_handlers,false,16,false,0,0,false,0,0,0,0,0,climate_trace_reference_pending,,,,,0,,,0,0,2,0,0,1.317967,0,0,0,0,0,0,552,551,2400,true,0,0,0,0,0,0,0,0,0,0,4088,0,3,0,3,0,0,0,0,0,0,0,climate_trace_reference_pending,0,0,0,0,0,0,0,0,0,0,0,0,0,0,0,0,0,0,0,0,0,0,0,0,0,false,
440,553,55213,false,70,50,13.765,13.234,0.011,0.281,native_daily_sim,climate_pass_a,climate_pass_a_struct,gdext_native_daily_slice,1.746,1,0,0,1,-1,-1,,0.572738,3.377334,5.364,7.511,262,8,3,1.5,false,2,8.666,,,,,,,,,,,,,,,,,,,,,,,,,,,,,,,,,,,,,,,,,,0,0,0,0,false,0,0,,0,0,0,0,0,0,0,,,,,false,{},{},{},{},{},{},{},0,0,0.29,0.064,0,1.117,687,1258,4,0,0.352,0,0.518,0.007,0.114,0.161,0,0,100,0,10.084,37.013,0.023,8.613,706,278691,451,550,550,0,201240,21,6854,2,0,0,2,4800,0,78.331,0,SHADOW,SHADOW,,4095,2050,2045,missing_native_domain_handlers,false,16,false,0,0,false,0,0,0,0,0,climate_trace_reference_pending,,,,,0,,,0,0,2,0,0,1.186082,0,0,0,0,0,0,553,552,2400,true,0,0,0,0,0,0,0,0,0,0,4088,0,3,0,3,0,0,0,0,0,0,0,climate_trace_reference_pending,0,0,0,0,0,0,0,0,0,0,0,0,0,0,0,0,0,0,0,0,0,0,0,0,0,false,
441,554,55266,false,70,50,18.015,17.472,0.012,0.289,trigger_runtime,trigger_evaluate,,TRIGGER_GRAPH,0.994,356,0,0,356,-1,-1,,358.148887,3.377464,5.364,7.511,262,8,3,1.5,false,2,8.666,,,,,,,,,,,,,,,,,,,,,,,,,,,,,,,,,,,,,,,,,,1,7,7,1,true,1,1.023,epoch_begin,0,1,9.023,9.023,3.728,3.728,8,epoch_begin,building_plan,,ECONOMY_GRAPH,false,"{""economy:epoch_begin"":1,""native_daily:climate_pass_b"":1,""native_daily:native_daily_complete"":1,""native_daily:native_daily_finalizer"":1,""native_daily:ocean_land"":1,""native_daily:sea_ice"":1,""native_daily:wind_surface"":1}","{""economy:epoch_begin"":3.728,""native_daily:climate_pass_b"":0.784,""native_daily:native_daily_complete"":0.365,""native_daily:native_daily_finalizer"":0.533,""native_daily:ocean_land"":1.215,""native_daily:sea_ice"":0.633,""native_daily:wind_surface"":0.859}","{""economy:epoch_begin"":3.728,""native_daily:climate_pass_b"":0.784,""native_daily:native_daily_complete"":0.365,""native_daily:native_daily_finalizer"":0.533,""native_daily:ocean_land"":1.215,""native_daily:sea_ice"":0.633,""native_daily:wind_surface"":0.859}",{},{},{},{},0,0.001,6.037,0.066,0,2.144,687,1258,4,0,0.611,0,0.652,0.019,0.706,0.325,0,0,100,0,17.738,37.013,0.023,9.491,706,278886,451,552,552,0,202000,21,7490,2,0,0,2,4800,0,78.331,0,SHADOW,SHADOW,,4095,2050,2045,missing_native_domain_handlers,false,16,false,0,0,false,0,0,0,0,0,climate_trace_reference_pending,,,,,0,,,0,0,2,0,0,1.637192,0,0,0,0,0,0,554,553,2400,true,0,0,0,0,0,0,0,0,0,0,4088,0,3,0,3,0,0,0,0,0,0,0,climate_trace_reference_pending,0,0,0,0,0,0,0,0,0,0,0,0,0,0,0,0,0,0,0,0,0,0,0,0,0,false,
442,555,55296,false,70,50,15.344,14.699,0.013,0.356,natural_resource_daily,natural_resource_daily,,gdext,2.296,2400,0,0,2400,-1,-1,,1045.296166,3.379314,5.364,7.511,262,8,3,1.5,false,2,8.666,,,,,,,,,,,,,,,,,,,,,,,,,,,,,,,,,,,,,,,,,,0,0,0,0,false,0,0,,0,0,0,0,0,0,0,,,,,false,{},{},{},{},{},{},{},0,0,0.219,0.068,0,1.913,687,1258,4,0,0.512,0.106,0.43,0.018,0.727,0.253,0,0,100,0,10.009667,37.013,0.023,7.809667,706,278911,451,552,552,0,202000,21,7490,2,0,0,2,4800,0,78.331,0,SHADOW,SHADOW,,4095,2050,2045,missing_native_domain_handlers,false,16,false,0,0,false,0,0,0,0,0,climate_trace_reference_pending,,,,,0,,,0,0,2,0,0,1.258767,0,0,0,0,0,0,555,554,2400,true,0,0,0,0,0,0,0,0,0,0,4088,0,3,0,3,0,0,0,0,0,0,0,climate_trace_reference_pending,0,0,0,0,0,0,0,0,0,0,0,0,0,0,0,0,0,0,0,0,0,0,0,0,0,false,
443,556,55349,false,70,50,20.717,20.136,0.011,0.331,dynamic_visual_atlas_upload,,,cell_indirection_lut,1.582,2400,2400,0,0,-1,-1,,1517.066987,3.378447,5.364,7.511,262,8,3,1.5,false,2,8.666,,,,,,,,,,,,,,,,,,,,,,,,,,,,,,,,,,,,,,,,,,1,8,8,1,true,1,0.015,building_plan,0,2,8.015,8.015,1.457,0.212,8,building_plan,building_plan,evaluate,ECONOMY_GRAPH,false,"{""economy:building_plan"":2,""native_daily:climate_pass_b"":1,""native_daily:native_daily_complete"":1,""native_daily:native_daily_finalizer"":1,""native_daily:ocean_land"":1,""native_daily:sea_ice"":1,""native_daily:wind_surface"":1}","{""economy:building_plan"":1.669,""native_daily:climate_pass_b"":0.818,""native_daily:native_daily_complete"":0.363,""native_daily:native_daily_finalizer"":0.774,""native_daily:ocean_land"":1.18,""native_daily:sea_ice"":0.765,""native_daily:wind_surface"":0.732}","{""economy:building_plan"":1.457,""native_daily:climate_pass_b"":0.818,""native_daily:native_daily_complete"":0.363,""native_daily:native_daily_finalizer"":0.774,""native_daily:ocean_land"":1.18,""native_daily:sea_ice"":0.765,""native_daily:wind_surface"":0.732}",{},{},{},{},0,0,6.155,0.062,0,1.777,687,1258,4,0,0.608,0,0.653,0.011,0.541,0.229,0,0,100,0,17.639333,37.013,0.023,9.645333,707,278702,451,554,554,0,202755,21,6610,2,0,0,2,4800,0,78.331,0,SHADOW,SHADOW,,4095,2050,2045,missing_native_domain_handlers,false,16,false,0,0,false,0,0,0,0,0,climate_trace_reference_pending,,,,,0,,,0,0,2,0,0,1.633742,0,0,0,0,0,0,556,555,2400,true,0,0,0,0,0,0,0,0,0,0,4088,0,3,0,3,0,0,0,0,0,0,0,climate_trace_reference_pending,0,0,0,0,0,0,0,0,0,0,0,0,0,0,0,0,0,0,0,0,0,0,0,0,0,false,
444,557,55374,false,70,50,13.818,13.122,0.015,0.367,native_daily_sim,climate_pass_a,climate_pass_a_struct,gdext_native_daily_slice,2.296,1,0,0,1,-1,-1,,0.43554,3.381737,5.364,7.511,262,8,3,1.5,false,2,8.666,,,,,,,,,,,,,,,,,,,,,,,,,,,,,,,,,,,,,,,,,,0,0,0,0,false,0,0,,0,0,0,0,0,0,0,,,,,false,{},{},{},{},{},{},{},0,0.001,0.428,0.067,0,1.635,687,1258,4,0,0.643,0,0.472,0.012,0.484,0.238,0,0,100,0,12.549,37.013,0.023,10.419,707,278682,451,554,554,0,202755,21,6610,2,0,0,2,4800,0,78.331,0,SHADOW,SHADOW,,4095,2050,2045,missing_native_domain_handlers,false,16,false,0,0,false,0,0,0,0,0,climate_trace_reference_pending,,,,,0,,,0,0,2,0,0,1.245257,0,0,0,0,0,0,557,556,2400,true,0,0,0,0,0,0,0,0,0,0,4088,0,3,0,3,0,0,0,0,0,0,0,climate_trace_reference_pending,0,0,0,0,0,0,0,0,0,0,0,0,0,0,0,0,0,0,0,0,0,0,0,0,0,false,
445,558,55440,false,70,50,19.846,18.534,0.733,0.306,ocean_currents,daily_wind_prepass,daily_wind_slp,gdext_daily_wind_slp,1.076,2400,2400,0,0,-1,-1,,2230.483323,3.38015,5.364,7.511,262,8,3,1.5,false,2,8.666,,,,,,,,,,,,,,,,,,,,,,,,,,,,,,,,,,,,,,,,,,2,10,10,1,true,1,0.027,epoch_begin,0,1,13.356,8.027,3.954,3.954,8,epoch_begin,building_plan,,ECONOMY_GRAPH,false,"{""economy:epoch_begin"":1,""native_daily:climate_pass_b"":1,""native_daily:native_daily_complete"":1,""native_daily:native_daily_finalizer"":1,""native_daily:ocean_land"":1,""native_daily:runtime_hydrology"":1,""native_daily:sea_ice"":1,""native_daily:transpiration"":1,""native_daily:weather_stage_b"":1,""native_daily:wind_surface"":1}","{""economy:epoch_begin"":3.954,""native_daily:climate_pass_b"":0.701,""native_daily:native_daily_complete"":0.88,""native_daily:native_daily_finalizer"":0.716,""native_daily:ocean_land"":1.159,""native_daily:runtime_hydrology"":1.093,""native_daily:sea_ice"":0.508,""native_daily:transpiration"":0.443,""native_daily:weather_stage_b"":1.757,""native_daily:wind_surface"":0.668}","{""economy:epoch_begin"":3.954,""native_daily:climate_pass_b"":0.701,""native_daily:native_daily_complete"":0.88,""native_daily:native_daily_finalizer"":0.716,""native_daily:ocean_land"":1.159,""native_daily:runtime_hydrology"":1.093,""native_daily:sea_ice"":0.508,""native_daily:transpiration"":0.443,""native_daily:weather_stage_b"":1.757,""native_daily:wind_surface"":0.668}",{},{},{},{},0,0.001,7.01,0.059,0,1.823,687,1258,4,0,0.614,0,0.622,0.024,0.366,0.255,0,0,100,0,16.42575,37.013,0.023,7.53375,707,278817,451,556,556,0,203509,21,6578,2,0,0,2,4800,0,78.331,0,SHADOW,SHADOW,,4095,2050,2045,missing_native_domain_handlers,false,16,false,0,0,false,0,0,0,0,0,climate_trace_reference_pending,,,,,0,,,0,0,2,0,0,1.227122,0,0,0,0,0,0,558,557,2400,true,0,0,0,0,0,0,0,0,0,0,4088,0,3,0,3,0,0,0,0,0,0,0,climate_trace_reference_pending,0,0,0,0,0,0,0,0,0,0,0,0,0,0,0,0,0,0,0,0,0,0,0,0,0,false,
446,559,55470,false,70,50,13.098,12.549,0.011,0.288,native_daily_sim,climate_pass_a,climate_pass_a_struct,gdext_native_daily_slice,1.708,1,0,0,1,-1,-1,,0.58548,3.37936,5.364,7.511,262,8,3,1.5,false,2,8.666,,,,,,,,,,,,,,,,,,,,,,,,,,,,,,,,,,,,,,,,,,0,0,0,0,false,0,0,,0,0,0,0,0,0,0,,,,,false,{},{},{},{},{},{},{},0.001,0,0.331,0.045,0,1.58,687,1258,4,0,0.498,0.125,0.572,0.017,0.31,0.244,0,0,100,0,10.072333,37.013,0.023,8.116333,707,278947,451,556,556,0,203509,21,6578,2,0,0,2,4800,0,78.331,0,SHADOW,SHADOW,,4095,2050,2045,missing_native_domain_handlers,false,16,false,0,0,false,0,0,0,0,0,climate_trace_reference_pending,,,,,0,,,0,0,2,0,0,1.067802,0,0,0,0,0,0,559,558,2400,true,0,0,0,0,0,0,0,0,0,0,4088,0,3,0,3,0,0,0,0,0,0,0,climate_trace_reference_pending,0,0,0,0,0,0,0,0,0,0,0,0,0,0,0,0,0,0,0,0,0,0,0,0,0,false,
447,560,55523,false,70,50,22.517,21.994,0.01,0.304,natural_resource_daily,natural_resource_daily,,gdext,2.522,2400,0,0,2400,-1,-1,,951.625666,3.387837,5.386,7.511,262,8,3,1.5,false,2,8.666,,,,,,,,,,,,,,,,,,,,,,,,,,,,,,,,,,,,,,,,,,1,7,7,1,true,1,1.103,epoch_begin,0,1,9.103,9.103,3.738,3.738,8,epoch_begin,building_plan,,ECONOMY_GRAPH,false,"{""economy:epoch_begin"":1,""native_daily:climate_pass_b"":1,""native_daily:native_daily_complete"":1,""native_daily:native_daily_finalizer"":1,""native_daily:ocean_land"":1,""native_daily:sea_ice"":1,""native_daily:wind_surface"":1}","{""economy:epoch_begin"":3.738,""native_daily:climate_pass_b"":0.656,""native_daily:native_daily_complete"":0.361,""native_daily:native_daily_finalizer"":0.603,""native_daily:ocean_land"":1.144,""native_daily:sea_ice"":0.64,""native_daily:wind_surface"":0.986}","{""economy:epoch_begin"":3.738,""native_daily:climate_pass_b"":0.656,""native_daily:native_daily_complete"":0.361,""native_daily:native_daily_finalizer"":0.603,""native_daily:ocean_land"":1.144,""native_daily:sea_ice"":0.64,""native_daily:wind_surface"":0.986}",{},{},{},{},0.001,0,5.6,0.071,0,1.611,687,1258,4,0,0.5,0,0.506,0.015,0.259,0.289,0,0,100,0,17.724333,37.013,0.023,10.442333,707,278972,451,558,558,0,204264,21,6287,2,0,0,2,4800,0,78.331,0,SHADOW,SHADOW,,4095,2050,2045,missing_native_domain_handlers,false,16,false,0,0,false,0,0,0,0,0,climate_trace_reference_pending,,,,,0,,,0,0,2,0,0,1.275937,0,0,0,0,0,0,560,559,2400,true,0,0,0,0,0,0,0,0,0,0,4088,0,3,0,3,0,0,0,0,0,0,0,climate_trace_reference_pending,0,0,0,0,0,0,0,0,0,0,0,0,0,0,0,0,0,0,0,0,0,0,0,0,0,false,
448,561,55557,false,70,50,13.418,12.745,0.011,0.39,native_daily_sim,climate_pass_a,climate_pass_a_struct,gdext_native_daily_slice,1.372,1,0,0,1,-1,-1,,0.728863,3.383904,5.386,7.511,262,8,3,1.5,false,2,8.666,,,,,,,,,,,,,,,,,,,,,,,,,,,,,,,,,,,,,,,,,,0,0,0,0,false,0,0,,0,0,0,0,0,0,0,,,,,false,{},{},{},{},{},{},{},0,0,0.365,0.061,0,2.261,687,1258,4,0,0.613,0,0.711,0.019,0.62,0.441,0,0,100,0,11.268667,37.013,0.023,8.581667,707,280127,451,558,558,0,204264,21,6287,2,0,0,2,4800,0,78.331,0,SHADOW,SHADOW,,4095,2050,2045,missing_native_domain_handlers,false,16,false,0,0,false,0,0,0,0,0,climate_trace_reference_pending,,,,,0,,,0,0,2,0,0,1.421787,0,0,0,0,0,0,561,560,2400,true,0,0,0,0,0,0,0,0,0,0,4088,0,3,0,3,0,0,0,0,0,0,0,climate_trace_reference_pending,0,0,0,0,0,0,0,0,0,0,0,0,0,0,0,0,0,0,0,0,0,0,0,0,0,false,
449,562,55604,false,70,50,16.77,16.217,0.01,0.309,trigger_runtime,trigger_evaluate,,TRIGGER_GRAPH,0.969,356,0,0,356,-1,-1,,367.389068,3.38424,5.386,7.511,262,8,3,1.5,false,2,8.666,,,,,,,,,,,,,,,,,,,,,,,,,,,,,,,,,,,,,,,,,,1,7,7,1,true,1,1.3,epoch_begin,0,1,9.3,9.3,4.21,4.21,8,epoch_begin,building_plan,,ECONOMY_GRAPH,false,"{""economy:epoch_begin"":1,""native_daily:climate_pass_b"":1,""native_daily:native_daily_complete"":1,""native_daily:native_daily_finalizer"":1,""native_daily:ocean_land"":1,""native_daily:sea_ice"":1,""native_daily:wind_surface"":1}","{""economy:epoch_begin"":4.21,""native_daily:climate_pass_b"":0.642,""native_daily:native_daily_complete"":0.459,""native_daily:native_daily_finalizer"":0.695,""native_daily:ocean_land"":1.027,""native_daily:sea_ice"":0.567,""native_daily:wind_surface"":0.78}","{""economy:epoch_begin"":4.21,""native_daily:climate_pass_b"":0.642,""native_daily:native_daily_complete"":0.459,""native_daily:native_daily_finalizer"":0.695,""native_daily:ocean_land"":1.027,""native_daily:sea_ice"":0.567,""native_daily:wind_surface"":0.78}",{},{},{},{},0,0.001,5.618,0.049,0,1.518,687,1258,4,0,0.526,0.123,0.424,0.01,0.394,0.215,0,0,100,0,15.842333,37.013,0.023,8.657333,707,280452,451,560,560,0,205020,21,6365,2,0,0,2,4800,0,78.331,0,SHADOW,SHADOW,,4095,2050,2045,missing_native_domain_handlers,false,16,false,0,0,false,0,0,0,0,0,climate_trace_reference_pending,,,,,0,,,0,0,2,0,0,1.608417,0,0,0,0,0,0,562,561,2400,true,0,0,0,0,0,0,0,0,0,0,4088,0,3,0,3,0,0,0,0,0,0,0,climate_trace_reference_pending,0,0,0,0,0,0,0,0,0,0,0,0,0,0,0,0,0,0,0,0,0,0,0,0,0,false,
450,563,55628,false,70,50,11.943,11.468,0.009,0.281,native_daily_sim,climate_pass_a,climate_pass_a_struct,gdext_native_daily_slice,1.532,1,0,0,1,-1,-1,,0.652742,3.384713,5.386,7.511,262,8,3,1.5,false,2,8.666,,,,,,,,,,,,,,,,,,,,,,,,,,,,,,,,,,,,,,,,,,0,0,0,0,false,0,0,,0,0,0,0,0,0,0,,,,,false,{},{},{},{},{},{},{},0,0,0.342,0.047,0,0.983,687,1258,4,0,0.329,0,0.453,0.009,0.102,0.156,0,0,100,0,11.605,37.013,0.023,10.233,707,279767,451,560,560,0,205020,21,6365,2,0,0,2,4800,0,78.331,0,SHADOW,SHADOW,,4095,2050,2045,missing_native_domain_handlers,false,16,false,0,0,false,0,0,0,0,0,climate_trace_reference_pending,,,,,0,,,0,0,2,0,0,1.010107,0,0,0,0,0,0,563,562,2400,true,0,0,0,0,0,0,0,0,0,0,4088,0,3,0,3,0,0,0,0,0,0,0,climate_trace_reference_pending,0,0,0,0,0,0,0,0,0,0,0,0,0,0,0,0,0,0,0,0,0,0,0,0,0,false,
451,564,55679,false,70,50,21.084,20.56,0.011,0.288,dynamic_visual_atlas_upload,,,cell_indirection_lut,2.019,2400,2400,0,0,-1,-1,,1188.707249,3.38773,5.386,7.511,262,8,3,1.5,false,2,8.666,,,,,,,,,,,,,,,,,,,,,,,,,,,,,,,,,,,,,,,,,,1,7,7,1,true,1,0.945,building_plan,0,1,8.945,8.945,3.783,3.783,8,building_plan,building_plan,evaluate,ECONOMY_GRAPH,false,"{""economy:building_plan"":1,""native_daily:climate_pass_b"":1,""native_daily:native_daily_complete"":1,""native_daily:native_daily_finalizer"":1,""native_daily:ocean_land"":1,""native_daily:sea_ice"":1,""native_daily:wind_surface"":1}","{""economy:building_plan"":3.783,""native_daily:climate_pass_b"":0.748,""native_daily:native_daily_complete"":0.362,""native_daily:native_daily_finalizer"":0.666,""native_daily:ocean_land"":1.055,""native_daily:sea_ice"":0.625,""native_daily:wind_surface"":0.806}","{""economy:building_plan"":3.783,""native_daily:climate_pass_b"":0.748,""native_daily:native_daily_complete"":0.362,""native_daily:native_daily_finalizer"":0.666,""native_daily:ocean_land"":1.055,""native_daily:sea_ice"":0.625,""native_daily:wind_surface"":0.806}",{},{},{},{},0,0,6.007,0.064,0,1.601,687,1258,4,0,0.486,0,0.414,0.018,0.507,0.272,0,0,100,0,17.11,37.013,0.023,9.438,707,279757,451,562,562,0,205778,21,6344,2,0,0,2,4800,0,78.331,0,SHADOW,SHADOW,,4095,2050,2045,missing_native_domain_handlers,false,16,false,0,0,false,0,0,0,0,0,climate_trace_reference_pending,,,,,0,,,0,0,2,0,0,1.129642,0,0,0,0,0,0,564,563,2400,true,0,0,0,0,0,0,0,0,0,0,4088,0,3,0,3,0,0,0,0,0,0,0,climate_trace_reference_pending,0,0,0,0,0,0,0,0,0,0,0,0,0,0,0,0,0,0,0,0,0,0,0,0,0,false,
452,565,55710,false,70,50,15.371,14.718,0.011,0.391,natural_resource_daily,natural_resource_daily,,gdext,2.337,2400,0,0,2400,-1,-1,,1026.957685,3.39629,5.523,7.511,262,8,3,1.5,false,2,8.666,,,,,,,,,,,,,,,,,,,,,,,,,,,,,,,,,,,,,,,,,,0,0,0,0,false,0,0,,0,0,0,0,0,0,0,,,,,false,{},{},{},{},{},{},{},0.001,0,0.342,0.048,0,1.445,687,1258,4,0,0.474,0.136,0.616,0.01,0.157,0.255,0,0,100,0,10.251333,37.013,0.023,8.416333,707,279855,451,562,562,0,205778,21,6344,2,0,0,2,4800,0,78.331,0,SHADOW,SHADOW,,4095,2050,2045,missing_native_domain_handlers,false,16,false,0,0,false,0,0,0,0,0,climate_trace_reference_pending,,,,,0,,,0,0,2,0,0,1.960997,0,0,0,0,0,0,565,564,2400,true,0,0,0,0,0,0,0,0,0,0,4088,0,3,0,3,0,0,0,0,0,0,0,climate_trace_reference_pending,0,0,0,0,0,0,0,0,0,0,0,0,0,0,0,0,0,0,0,0,0,0,0,0,0,false,
453,566,55775,false,70,50,24.499,16.973,0.593,5.567,trigger_runtime,trigger_evaluate,,TRIGGER_GRAPH,1.135,359,0,0,359,-1,-1,,316.299562,3.397947,5.523,7.511,262,8,3,1.5,false,2,8.666,,,,,,,,,,,,,,,,,,,,,,,,,,,,,,,,,,,,,,,,,,2,13,13,1,true,1,0.934,household_market,0,4,14.235,8.934,1.62,1.34,8,household_market,household_market,settle,ECONOMY_GRAPH,false,"{""economy:building_plan"":2,""economy:epoch_begin"":1,""economy:household_market"":1,""native_daily:climate_pass_b"":1,""native_daily:native_daily_complete"":1,""native_daily:native_daily_finalizer"":1,""native_daily:ocean_land"":1,""native_daily:runtime_hydrology"":1,""native_daily:sea_ice"":1,""native_daily:transpiration"":1,""native_daily:weather_stage_b"":1,""native_daily:wind_surface"":1}","{""economy:building_plan"":0.37,""economy:epoch_begin"":1.62,""economy:household_market"":1.34,""native_daily:climate_pass_b"":0.509,""native_daily:native_daily_complete"":0.964,""native_daily:native_daily_finalizer"":1.031,""native_daily:ocean_land"":0.905,""native_daily:runtime_hydrology"":1.07,""native_daily:sea_ice"":0.784,""native_daily:transpiration"":0.563,""native_daily:weather_stage_b"":1.499,""native_daily:wind_surface"":0.936}","{""economy:building_plan"":0.209,""economy:epoch_begin"":1.62,""economy:household_market"":1.34,""native_daily:climate_pass_b"":0.509,""native_daily:native_daily_complete"":0.964,""native_daily:native_daily_finalizer"":1.031,""native_daily:ocean_land"":0.905,""native_daily:runtime_hydrology"":1.07,""native_daily:sea_ice"":0.784,""native_daily:transpiration"":0.563,""native_daily:weather_stage_b"":1.499,""native_daily:wind_surface"":0.936}","{""economy:household_market.settle.merge_aggregate"":1,""economy:household_market.settle.merge_trade"":1,""economy:household_market.settle.other"":1,""economy:household_market.settle.prepare"":1,""economy:household_market.settle.trace"":1,""economy:household_market.settle.worker"":1}","{""economy:household_market.settle.merge_aggregate"":0.094,""economy:household_market.settle.merge_trade"":0.0074,""economy:household_market.settle.other"":0.000600000000000059,""economy:household_market.settle.prepare"":0.0015,""economy:household_market.settle.trace"":0.0023,""economy:household_market.settle.worker"":0.3972}","{""economy:household_market.settle.merge_aggregate"":0.094,""economy:household_market.settle.merge_trade"":0.0074,""economy:household_market.settle.other"":0.000600000000000059,""economy:household_market.settle.prepare"":0.0015,""economy:household_market.settle.trace"":0.0023,""economy:household_market.settle.worker"":0.3972}","{""economy:household_market.settle.merge_aggregate"":4,""economy:household_market.settle.merge_trade"":4,""economy:household_market.settle.other"":4,""economy:household_market.settle.prepare"":4,""economy:household_market.settle.trace"":4,""economy:household_market.settle.worker"":4}",0,0,4.77,0.045,0,1.89,700,1261,4,0,0.633,0.156,0.655,0.016,0.289,0.287,0,0,100,0,16.298,37.013,0.023,9.593,708,280010,452,564,564,0,206533,21,5967,2,0,0,2,4800,0,78.331,0,SHADOW,SHADOW,,4095,2050,2045,missing_native_domain_handlers,false,16,false,0,0,false,0,0,0,0,0,climate_trace_reference_pending,,,,,0,,,0,0,2,0,0,1.765052,0,0,0,0,0,0,566,565,2400,true,0,0,0,0,0,0,0,0,0,0,4088,0,3,0,3,0,0,0,0,0,0,0,climate_trace_reference_pending,0,0,0,0,0,0,0,0,0,0,0,0,0,0,0,0,0,0,0,0,0,0,0,0,0,false,
454,567,55807,false,70,50,17.122,13.131,0.011,0.363,native_daily_sim,climate_pass_a,climate_pass_a_struct,gdext_native_daily_slice,1.575,1,0,0,1,-1,-1,,0.634921,3.398627,5.523,7.511,262,8,3,1.5,false,2,8.666,,,,,,,,,,,,,,,,,,,,,,,,,,,,,,,,,,,,,,,,,,0,0,0,0,false,0,0,,0,0,0,0,0,0,0,,,,,false,{},{},{},{},{},{},{},0,0,0.379,0.067,0,1.034,700,1277,4,0,0.344,0,0.393,0.006,0.033,0.191,0,0,100,0,16.049,37.013,0.023,14.569,708,280010,452,564,564,0,206533,21,5967,2,0,0,2,4800,0,78.331,0,SHADOW,SHADOW,,4095,2050,2045,missing_native_domain_handlers,false,16,false,0,0,false,0,0,0,0,0,climate_trace_reference_pending,,,,,0,,,0,0,2,0,0,1.732147,0,0,0,0,0,0,567,566,2400,true,0,0,0,0,0,0,0,0,0,0,4088,0,3,0,3,0,0,0,0,0,0,0,climate_trace_reference_pending,0,0,0,0,0,0,0,0,0,0,0,0,0,0,0,0,0,0,0,0,0,0,0,0,0,false,
455,568,55857,false,70,50,19.469,18.946,0.012,0.295,dynamic_visual_atlas_upload,,,cell_indirection_lut,1.791,2400,2400,0,0,-1,-1,,1340.033494,3.398823,5.523,7.511,262,8,3,1.5,false,2,8.666,,,,,,,,,,,,,,,,,,,,,,,,,,,,,,,,,,,,,,,,,,1,7,7,1,true,1,0.107,epoch_begin,0,1,8.107,8.107,3.393,3.393,8,epoch_begin,building_plan,,ECONOMY_GRAPH,false,"{""economy:epoch_begin"":1,""native_daily:climate_pass_b"":1,""native_daily:native_daily_complete"":1,""native_daily:native_daily_finalizer"":1,""native_daily:ocean_land"":1,""native_daily:sea_ice"":1,""native_daily:wind_surface"":1}","{""economy:epoch_begin"":3.393,""native_daily:climate_pass_b"":0.641,""native_daily:native_daily_complete"":0.339,""native_daily:native_daily_finalizer"":0.554,""native_daily:ocean_land"":0.879,""native_daily:sea_ice"":0.576,""native_daily:wind_surface"":0.746}","{""economy:epoch_begin"":3.393,""native_daily:climate_pass_b"":0.641,""native_daily:native_daily_complete"":0.339,""native_daily:native_daily_finalizer"":0.554,""native_daily:ocean_land"":0.879,""native_daily:sea_ice"":0.576,""native_daily:wind_surface"":0.746}",{},{},{},{},0,0,0.336,0.048,0,0.05,687,1277,0,0,0,0.045,0,0,0,0,0,0,100,0,12.4935,37.013,0.023,12.0595,708,280010,452,566,566,0,207290,21,6274,2,0,0,2,4800,0,78.331,0,SHADOW,SHADOW,,4095,2050,2045,missing_native_domain_handlers,false,16,false,0,0,false,0,0,0,0,0,climate_trace_reference_pending,,,,,0,,,0,0,2,0,0,1.105877,0,0,0,0,0,0,568,567,2400,true,0,0,0,0,0,0,0,0,0,0,4088,0,3,0,3,0,0,0,0,0,0,0,climate_trace_reference_pending,0,0,0,0,0,0,0,0,0,0,0,0,0,0,0,0,0,0,0,0,0,0,0,0,0,false,
456,569,55882,false,70,50,12.832,12.25,0.011,0.329,native_daily_sim,climate_pass_a,climate_pass_a_struct,gdext_native_daily_slice,1.634,1,0,0,1,-1,-1,,0.611995,3.395757,5.523,7.511,262,8,3,1.5,false,2,8.666,,,,,,,,,,,,,,,,,,,,,,,,,,,,,,,,,,,,,,,,,,0,0,0,0,false,0,0,,0,0,0,0,0,0,0,,,,,false,{},{},{},{},{},{},{},0,0,0.459,0.074,0,1.573,687,1277,2,0,0.92,0.141,0.51,0.022,0.489,0.192,0,0,100,0,12.479,37.013,0.023,10.373,708,280010,452,566,566,0,207290,21,6274,2,0,0,2,4800,0,78.331,0,SHADOW,SHADOW,,4095,2050,2045,missing_native_domain_handlers,false,16,false,0,0,false,0,0,0,0,0,climate_trace_reference_pending,,,,,0,,,0,0,2,0,0,1.696317,0,0,0,0,0,0,569,568,2400,true,0,0,0,0,0,0,0,0,0,0,4088,0,3,0,3,0,0,0,0,0,0,0,climate_trace_reference_pending,0,0,0,0,0,0,0,0,0,0,0,0,0,0,0,0,0,0,0,0,0,0,0,0,0,false,
457,570,55944,false,70,50,23.909,23.205,0.014,0.392,natural_resource_daily,natural_resource_daily,,gdext,2.709,2400,0,0,2400,-1,-1,,885.935733,3.403607,5.523,7.511,262,8,3,1.5,false,2,8.666,,,,,,,,,,,,,,,,,,,,,,,,,,,,,,,,,,,,,,,,,,1,7,7,1,true,1,1.657,building_plan,0,1,9.657,9.657,4.045,4.045,8,building_plan,building_plan,evaluate,ECONOMY_GRAPH,false,"{""economy:building_plan"":1,""native_daily:climate_pass_b"":1,""native_daily:native_daily_complete"":1,""native_daily:native_daily_finalizer"":1,""native_daily:ocean_land"":1,""native_daily:sea_ice"":1,""native_daily:wind_surface"":1}","{""economy:building_plan"":4.045,""native_daily:climate_pass_b"":0.785,""native_daily:native_daily_complete"":0.406,""native_daily:native_daily_finalizer"":0.66,""native_daily:ocean_land"":1.039,""native_daily:sea_ice"":0.726,""native_daily:wind_surface"":0.853}","{""economy:building_plan"":4.045,""native_daily:climate_pass_b"":0.785,""native_daily:native_daily_complete"":0.406,""native_daily:native_daily_finalizer"":0.66,""native_daily:ocean_land"":1.039,""native_daily:sea_ice"":0.726,""native_daily:wind_surface"":0.853}",{},{},{},{},0,0,0.306,0.064,0,1.615,687,1277,4,0,0.469,0,0.794,0.015,0.147,0.188,0,0,100,0,15.57075,37.013,0.023,13.58575,708,279500,452,568,568,0,208050,21,7531,2,0,0,2,4800,0,78.331,0,SHADOW,SHADOW,,4095,2050,2045,missing_native_domain_handlers,false,16,false,0,0,false,0,0,0,0,0,climate_trace_reference_pending,,,,,0,,,0,0,2,0,0,1.276657,0,0,0,0,0,0,570,569,2400,true,0,0,0,0,0,0,0,0,0,0,4088,0,3,0,3,0,0,0,0,0,0,0,climate_trace_reference_pending,0,0,0,0,0,0,0,0,0,0,0,0,0,0,0,0,0,0,0,0,0,0,0,0,0,false,
458,571,55969,false,70,50,12.919,12.32,0.011,0.344,native_daily_sim,climate_pass_a,climate_pass_a_struct,gdext_native_daily_slice,1.469,1,0,0,1,-1,-1,,0.680735,3.402887,5.523,7.511,262,8,3,1.5,false,2,8.666,,,,,,,,,,,,,,,,,,,,,,,,,,,,,,,,,,,,,,,,,,0,0,0,0,false,0,0,,0,0,0,0,0,0,0,,,,,false,{},{},{},{},{},{},{},0,0,0.403,0.062,0,2.442,687,1277,4,0,0.881,0.13,0.744,0.018,0.76,0.381,0,0,100,0,12.259,37.013,0.023,9.352,708,279500,452,568,568,0,208050,21,7531,2,0,0,2,4800,0,78.331,0,SHADOW,SHADOW,,4095,2050,2045,missing_native_domain_handlers,false,16,false,0,0,false,0,0,0,0,0,climate_trace_reference_pending,,,,,0,,,0,0,2,0,0,1.005582,0,0,0,0,0,0,571,570,2400,true,0,0,0,0,0,0,0,0,0,0,4088,0,3,0,3,0,0,0,0,0,0,0,climate_trace_reference_pending,0,0,0,0,0,0,0,0,0,0,0,0,0,0,0,0,0,0,0,0,0,0,0,0,0,false,
459,572,56033,false,71,50,22.958,22.23,0.015,0.386,dynamic_visual_atlas_upload,,,cell_indirection_lut,1.294,2400,2400,0,0,-1,-1,,1854.714023,3.403183,5.523,7.511,262,8,3,1.5,false,2,8.666,,,,,,,,,,,,,,,,,,,,,,,,,,,,,,,,,,,,,,,,,,1,7,7,1,true,1,1.197,epoch_begin,0,1,9.197,9.197,3.821,3.821,8,epoch_begin,building_plan,,ECONOMY_GRAPH,false,"{""economy:epoch_begin"":1,""native_daily:climate_pass_b"":1,""native_daily:native_daily_complete"":1,""native_daily:native_daily_finalizer"":1,""native_daily:ocean_land"":1,""native_daily:sea_ice"":1,""native_daily:wind_surface"":1}","{""economy:epoch_begin"":3.821,""native_daily:climate_pass_b"":0.676,""native_daily:native_daily_complete"":0.351,""native_daily:native_daily_finalizer"":0.581,""native_daily:ocean_land"":1.185,""native_daily:sea_ice"":0.761,""native_daily:wind_surface"":0.907}","{""economy:epoch_begin"":3.821,""native_daily:climate_pass_b"":0.676,""native_daily:native_daily_complete"":0.351,""native_daily:native_daily_finalizer"":0.581,""native_daily:ocean_land"":1.185,""native_daily:sea_ice"":0.761,""native_daily:wind_surface"":0.907}",{},{},{},{},0,0,0.37,0.074,0,0.516,687,1277,2,0,0.281,0,0.221,0.004,0.019,0.106,0,0,100,0,16.109,34.612,0.037,15.149,708,279915,452,570,570,0,208811,21,7153,2,0,0,2,4800,0,78.331,0,SHADOW,SHADOW,,4095,2050,2045,missing_native_domain_handlers,false,16,false,0,0,false,0,0,0,0,0,climate_trace_reference_pending,,,,,0,,,0,0,2,0,0,1.752702,0,0,0,0,0,0,572,571,2400,true,0,0,0,0,0,0,0,0,0,0,4088,0,3,0,3,0,0,0,0,0,0,0,climate_trace_reference_pending,0,0,0,0,0,0,0,0,0,0,0,0,0,0,0,0,0,0,0,0,0,0,0,0,0,false,
460,573,56059,false,71,50,11.86,11.305,0.011,0.287,native_daily_sim,climate_pass_a,climate_pass_a_struct,gdext_native_daily_slice,1.933,1,0,0,1,-1,-1,,0.517331,3.406056,5.523,7.511,262,8,3,1.5,false,2,8.666,,,,,,,,,,,,,,,,,,,,,,,,,,,,,,,,,,,,,,,,,,0,0,0,0,false,0,0,,0,0,0,0,0,0,0,,,,,false,{},{},{},{},{},{},{},0,0,0.439,0.056,0,2.398,687,1277,4,0,0.738,0,0.6,0.03,1.121,0.293,0,0,100,0,12.7545,34.612,0.037,9.8615,708,279915,452,570,570,0,208811,21,7153,2,0,0,2,4800,0,78.331,0,SHADOW,SHADOW,,4095,2050,2045,missing_native_domain_handlers,false,16,false,0,0,false,0,0,0,0,0,climate_trace_reference_pending,,,,,0,,,0,0,2,0,0,1.577492,0,0,0,0,0,0,573,572,2400,true,0,0,0,0,0,0,0,0,0,0,4088,0,3,0,3,0,0,0,0,0,0,0,climate_trace_reference_pending,0,0,0,0,0,0,0,0,0,0,0,0,0,0,0,0,0,0,0,0,0,0,0,0,0,false,
461,574,56125,false,71,50,19.961,18.773,0.644,0.297,trigger_runtime,trigger_evaluate,,TRIGGER_GRAPH,1.205,358,0,0,358,-1,-1,,297.095425,3.407496,5.523,7.511,262,8,3,1.5,false,2,8.666,,,,,,,,,,,,,,,,,,,,,,,,,,,,,,,,,,,,,,,,,,2,10,10,1,true,1,0.151,epoch_begin,0,1,14.724,8.151,3.989,3.989,8,epoch_begin,building_plan,,ECONOMY_GRAPH,false,"{""economy:epoch_begin"":1,""native_daily:climate_pass_b"":1,""native_daily:native_daily_complete"":1,""native_daily:native_daily_finalizer"":1,""native_daily:ocean_land"":1,""native_daily:runtime_hydrology"":1,""native_daily:sea_ice"":1,""native_daily:transpiration"":1,""native_daily:weather_stage_b"":1,""native_daily:wind_surface"":1}","{""economy:epoch_begin"":3.989,""native_daily:climate_pass_b"":0.623,""native_daily:native_daily_complete"":0.758,""native_daily:native_daily_finalizer"":0.882,""native_daily:ocean_land"":0.993,""native_daily:runtime_hydrology"":1.441,""native_daily:sea_ice"":0.885,""native_daily:transpiration"":0.865,""native_daily:weather_stage_b"":2.073,""native_daily:wind_surface"":0.99}","{""economy:epoch_begin"":3.989,""native_daily:climate_pass_b"":0.623,""native_daily:native_daily_complete"":0.758,""native_daily:native_daily_finalizer"":0.882,""native_daily:ocean_land"":0.993,""native_daily:runtime_hydrology"":1.441,""native_daily:sea_ice"":0.885,""native_daily:transpiration"":0.865,""native_daily:weather_stage_b"":2.073,""native_daily:wind_surface"":0.99}",{},{},{},{},0,0,6.905,0.054,0,1.616,687,1277,4,0,0.507,0,0.6,0.017,0.513,0.171,0,0,100,0,16.552,34.612,0.037,7.977,708,279046,452,572,572,0,209572,21,7467,2,0,0,2,4800,0,78.331,0,SHADOW,SHADOW,,4095,2050,2045,missing_native_domain_handlers,false,16,false,0,0,false,0,0,0,0,0,climate_trace_reference_pending,,,,,0,,,0,0,2,0,0,1.485387,0,0,0,0,0,0,574,573,2400,true,0,0,0,0,0,0,0,0,0,0,4088,0,3,0,3,0,0,0,0,0,0,0,climate_trace_reference_pending,0,0,0,0,0,0,0,0,0,0,0,0,0,0,0,0,0,0,0,0,0,0,0,0,0,false,
462,575,56161,false,71,50,16.146,15.549,0.012,0.298,natural_resource_daily,natural_resource_daily,,gdext,2.405,2400,0,0,2400,-1,-1,,997.92101,3.41767,5.548,7.511,262,8,3,1.5,false,2,8.666,,,,,,,,,,,,,,,,,,,,,,,,,,,,,,,,,,,,,,,,,,0,0,0,0,false,0,0,,0,0,0,0,0,0,0,,,,,false,{},{},{},{},{},{},{},0,0.001,0.468,0.089,0,0.6,687,1277,1,0,0.537,0,0.177,0.005,0.127,0.108,0,0,100,0,12.028,34.612,0.037,10.871,708,278841,452,572,572,0,209572,21,7467,2,0,0,2,4800,0,78.331,0,SHADOW,SHADOW,,4095,2050,2045,missing_native_domain_handlers,false,16,false,0,0,false,0,0,0,0,0,climate_trace_reference_pending,,,,,0,,,0,0,2,0,0,1.468697,0,0,0,0,0,0,575,574,2400,true,0,0,0,0,0,0,0,0,0,0,4088,0,3,0,3,0,0,0,0,0,0,0,climate_trace_reference_pending,0,0,0,0,0,0,0,0,0,0,0,0,0,0,0,0,0,0,0,0,0,0,0,0,0,false,
463,576,56232,false,71,50,36.92,20.851,0.014,0.406,ocean_currents,phys_upwelling,next_phys_upwelling,physical_circulation,1.466,0,0,0,0,-1,-1,,0,3.41853,5.548,7.511,262,8,3,1.5,false,2,8.666,,,,,,,,,,,,,,,,,,,,,,,,,,,,,,,,,,,,,,,,,,1,7,7,1,true,1,0.997,epoch_begin,0,1,8.997,8.997,3.474,3.474,8,epoch_begin,building_plan,,ECONOMY_GRAPH,false,"{""economy:epoch_begin"":1,""native_daily:climate_pass_b"":1,""native_daily:native_daily_complete"":1,""native_daily:native_daily_finalizer"":1,""native_daily:ocean_land"":1,""native_daily:sea_ice"":1,""native_daily:wind_surface"":1}","{""economy:epoch_begin"":3.474,""native_daily:climate_pass_b"":0.807,""native_daily:native_daily_complete"":0.388,""native_daily:native_daily_finalizer"":0.74,""native_daily:ocean_land"":0.997,""native_daily:sea_ice"":0.684,""native_daily:wind_surface"":0.98}","{""economy:epoch_begin"":3.474,""native_daily:climate_pass_b"":0.807,""native_daily:native_daily_complete"":0.388,""native_daily:native_daily_finalizer"":0.74,""native_daily:ocean_land"":0.997,""native_daily:sea_ice"":0.684,""native_daily:wind_surface"":0.98}",{},{},{},{},0,0,8.002,0.067,0,1.471,708,1356,4,0,0.687,0,0.594,0.017,0.322,0.183,0,0,100,0,23.579667,34.612,0.037,14.039667,708,279186,452,574,574,0,210336,21,7269,2,0,0,2,4800,0,78.331,0,SHADOW,SHADOW,,4095,2050,2045,missing_native_domain_handlers,false,16,false,0,0,false,0,0,0,0,0,climate_trace_reference_pending,,,,,0,,,0,0,2,0,0,1.976242,0,0,0,0,0,0,576,575,2400,true,0,0,0,0,0,0,0,0,0,0,4088,0,3,0,3,0,0,0,0,0,0,0,climate_trace_reference_pending,0,0,0,0,0,0,0,0,0,0,0,0,0,0,0,0,0,0,0,0,0,0,0,0,0,false,
464,577,56265,false,71,50,14.961,14.266,0.014,0.378,native_daily_sim,climate_pass_a,climate_pass_a_struct,gdext_native_daily_slice,1.998,1,0,0,1,-1,-1,,0.5005,3.421857,5.548,7.511,262,8,3,1.5,false,2,8.666,,,,,,,,,,,,,,,,,,,,,,,,,,,,,,,,,,,,,,,,,,0,0,0,0,false,0,0,,0,0,0,0,0,0,0,,,,,false,{},{},{},{},{},{},{},0.001,0,0.362,0.073,0,1.182,708,1356,4,0,0.352,0,0.578,0.007,0.03,0.208,0,0,100,0,11.052667,34.612,0.037,9.435667,708,279111,452,574,574,0,210336,21,7269,2,0,0,2,4800,0,78.331,0,SHADOW,SHADOW,,4095,2050,2045,missing_native_domain_handlers,false,16,false,0,0,false,0,0,0,0,0,climate_trace_reference_pending,,,,,0,,,0,0,2,0,0,1.744322,0,0,0,0,0,0,577,576,2400,true,0,0,0,0,0,0,0,0,0,0,4088,0,3,0,3,0,0,0,0,0,0,0,climate_trace_reference_pending,0,0,0,0,0,0,0,0,0,0,0,0,0,0,0,0,0,0,0,0,0,0,0,0,0,false,
465,578,56325,false,71,50,19.224,18.449,0.015,0.42,trigger_runtime,trigger_evaluate,,TRIGGER_GRAPH,1.026,357,0,0,357,-1,-1,,347.953209,3.42015,5.548,7.511,261,8,3,1.5,false,2,8.666,,,,,,,,,,,,,,,,,,,,,,,,,,,,,,,,,,,,,,,,,,1,7,7,1,true,1,1.484,epoch_begin,0,1,9.484,9.484,3.933,3.933,8,epoch_begin,building_plan,,ECONOMY_GRAPH,false,"{""economy:epoch_begin"":1,""native_daily:climate_pass_b"":1,""native_daily:native_daily_complete"":1,""native_daily:native_daily_finalizer"":1,""native_daily:ocean_land"":1,""native_daily:sea_ice"":1,""native_daily:wind_surface"":1}","{""economy:epoch_begin"":3.933,""native_daily:climate_pass_b"":0.892,""native_daily:native_daily_complete"":0.4,""native_daily:native_daily_finalizer"":0.76,""native_daily:ocean_land"":0.961,""native_daily:sea_ice"":0.616,""native_daily:wind_surface"":0.888}","{""economy:epoch_begin"":3.933,""native_daily:climate_pass_b"":0.892,""native_daily:native_daily_complete"":0.4,""native_daily:native_daily_finalizer"":0.76,""native_daily:ocean_land"":0.961,""native_daily:sea_ice"":0.616,""native_daily:wind_surface"":0.888}",{},{},{},{},0,0,0.456,0.069,0,2.749,708,1356,4,0,1.31,0,0.744,0.023,1.062,0.527,0,0,100,0,15.14725,34.612,0.037,11.87325,708,278861,452,576,576,0,211094,21,7203,2,0,0,2,4800,0,78.331,0,SHADOW,SHADOW,,4095,2050,2045,missing_native_domain_handlers,false,16,false,0,0,false,0,0,0,0,0,climate_trace_reference_pending,,,,,0,,,0,0,2,0,0,1.551602,0,0,0,0,0,0,578,577,2400,true,0,0,0,0,0,0,0,0,0,0,4088,0,3,0,3,0,0,0,0,0,0,0,climate_trace_reference_pending,0,0,0,0,0,0,0,0,0,0,0,0,0,0,0,0,0,0,0,0,0,0,0,0,0,false,
466,579,56353,false,71,50,15.112,14.449,0.013,0.369,native_daily_sim,climate_pass_a,climate_pass_a_struct,gdext_native_daily_slice,1.705,1,0,0,1,-1,-1,,0.58651,3.424064,5.548,7.511,261,8,3,1.5,false,2,8.666,,,,,,,,,,,,,,,,,,,,,,,,,,,,,,,,,,,,,,,,,,0,0,0,0,false,0,0,,0,0,0,0,0,0,0,,,,,false,{},{},{},{},{},{},{},0,0,0.348,0.063,0,1.084,708,1356,4,0,0.491,0,0.451,0.008,0.071,0.254,0,0,100,0,13.6685,34.612,0.037,12.1735,707,278989,452,576,576,0,211094,21,7203,2,0,0,2,4800,0,78.331,0,SHADOW,SHADOW,,4095,2050,2045,missing_native_domain_handlers,false,16,false,0,0,false,0,0,0,0,0,climate_trace_reference_pending,,,,,0,,,0,0,2,0,0,1.137212,0,0,0,0,0,0,579,578,2400,true,0,0,0,0,0,0,0,0,0,0,4088,0,3,0,3,0,0,0,0,0,0,0,climate_trace_reference_pending,0,0,0,0,0,0,0,0,0,0,0,0,0,0,0,0,0,0,0,0,0,0,0,0,0,false,
467,580,56419,false,71,50,25.051,24.394,0.015,0.368,natural_resource_daily,natural_resource_daily,,gdext,2.751,2400,0,0,2400,-1,-1,,872.410056,3.432747,5.571,7.511,261,8,3,1.5,false,2,8.666,,,,,,,,,,,,,,,,,,,,,,,,,,,,,,,,,,,,,,,,,,1,7,7,1,true,1,1.395,epoch_begin,0,1,9.395,9.395,3.719,3.719,8,epoch_begin,building_plan,,ECONOMY_GRAPH,false,"{""economy:epoch_begin"":1,""native_daily:climate_pass_b"":1,""native_daily:native_daily_complete"":1,""native_daily:native_daily_finalizer"":1,""native_daily:ocean_land"":1,""native_daily:sea_ice"":1,""native_daily:wind_surface"":1}","{""economy:epoch_begin"":3.719,""native_daily:climate_pass_b"":0.705,""native_daily:native_daily_complete"":0.356,""native_daily:native_daily_finalizer"":0.698,""native_daily:ocean_land"":1.064,""native_daily:sea_ice"":0.708,""native_daily:wind_surface"":1.06}","{""economy:epoch_begin"":3.719,""native_daily:climate_pass_b"":0.705,""native_daily:native_daily_complete"":0.356,""native_daily:native_daily_finalizer"":0.698,""native_daily:ocean_land"":1.064,""native_daily:sea_ice"":0.708,""native_daily:wind_surface"":1.06}",{},{},{},{},0,0.001,0.456,0.068,0,1.466,708,1356,4,0,0.426,0,0.508,0.01,0.46,0.217,0,0,100,0,16.44425,34.612,0.037,14.45425,707,278994,452,578,578,0,211494,22,8091,3,0,0,2,4800,0,78.331,0,SHADOW,SHADOW,,4095,2050,2045,missing_native_domain_handlers,false,16,false,0,0,false,0,0,0,0,0,climate_trace_reference_pending,,,,,0,,,0,0,2,0,0,1.891967,0,0,0,0,0,0,580,579,2400,true,0,0,0,0,0,0,0,0,0,0,4088,0,3,0,3,0,0,0,0,0,0,0,climate_trace_reference_pending,0,0,0,0,0,0,0,0,0,0,0,0,0,0,0,0,0,0,0,0,0,0,0,0,0,false,
468,581,56451,false,71,50,13.993,13.376,0.014,0.325,native_daily_sim,climate_pass_a,climate_pass_a_struct,gdext_native_daily_slice,2.145,1,0,0,1,-1,-1,,0.4662,3.434407,5.571,7.511,261,8,3,1.5,false,2,8.666,,,,,,,,,,,,,,,,,,,,,,,,,,,,,,,,,,,,,,,,,,0,0,0,0,false,0,0,,0,0,0,0,0,0,0,,,,,false,{},{},{},{},{},{},{},0,0,0.354,0.051,0,1.314,708,1356,4,0,0.469,0,0.486,0.011,0.298,0.194,0,0,100,0,10.723333,34.612,0.037,9.004333,707,278994,452,579,579,0,211854,22,1407,2,0,0,2,4800,0,78.331,0,SHADOW,SHADOW,,4095,2050,2045,missing_native_domain_handlers,false,16,false,0,0,false,0,0,0,0,0,climate_trace_reference_pending,,,,,0,,,0,0,2,0,0,1.090477,0,0,0,0,0,0,581,580,2400,true,0,0,0,0,0,0,0,0,0,0,4088,0,3,0,3,0,0,0,0,0,0,0,climate_trace_reference_pending,0,0,0,0,0,0,0,0,0,0,0,0,0,0,0,0,0,0,0,0,0,0,0,0,0,false,
469,582,56529,false,71,50,27.322,20.207,0.709,6.137,trigger_runtime,trigger_evaluate,,TRIGGER_GRAPH,0.976,358,0,0,358,-1,-1,,366.803275,3.435471,5.571,7.511,261,8,3,1.5,false,2,8.666,,,,,,,,,,,,,,,,,,,,,,,,,,,,,,,,,,,,,,,,,,2,10,10,1,true,1,0.762,epoch_begin,0,1,15.25,8.762,3.922,3.922,8,epoch_begin,building_plan,,ECONOMY_GRAPH,false,"{""economy:epoch_begin"":1,""native_daily:climate_pass_b"":1,""native_daily:native_daily_complete"":1,""native_daily:native_daily_finalizer"":1,""native_daily:ocean_land"":1,""native_daily:runtime_hydrology"":1,""native_daily:sea_ice"":1,""native_daily:transpiration"":1,""native_daily:weather_stage_b"":1,""native_daily:wind_surface"":1}","{""economy:epoch_begin"":3.922,""native_daily:climate_pass_b"":0.88,""native_daily:native_daily_complete"":0.844,""native_daily:native_daily_finalizer"":0.797,""native_daily:ocean_land"":1.205,""native_daily:runtime_hydrology"":1.293,""native_daily:sea_ice"":0.704,""native_daily:transpiration"":0.72,""native_daily:weather_stage_b"":1.979,""native_daily:wind_surface"":0.856}","{""economy:epoch_begin"":3.922,""native_daily:climate_pass_b"":0.88,""native_daily:native_daily_complete"":0.844,""native_daily:native_daily_finalizer"":0.797,""native_daily:ocean_land"":1.205,""native_daily:runtime_hydrology"":1.293,""native_daily:sea_ice"":0.704,""native_daily:transpiration"":0.72,""native_daily:weather_stage_b"":1.979,""native_daily:wind_surface"":0.856}",{},{},{},{},0,0,7.717,0.076,0,1.444,708,1356,4,0,0.422,0.108,0.522,0.009,0.286,0.246,0,0,100,0,19.53175,34.612,0.037,10.29475,707,279119,452,581,581,0,212614,22,7922,2,0,0,2,4800,0,78.331,0,SHADOW,SHADOW,,4095,2050,2045,missing_native_domain_handlers,false,16,false,0,0,false,0,0,0,0,0,climate_trace_reference_pending,,,,,0,,,0,0,2,0,0,1.323222,0,0,0,0,0,0,582,581,2400,true,0,0,0,0,0,0,0,0,0,0,4088,0,3,0,3,0,0,0,0,0,0,0,climate_trace_reference_pending,0,0,0,0,0,0,0,0,0,0,0,0,0,0,0,0,0,0,0,0,0,0,0,0,0,false,
470,583,56577,false,71,50,25.874,13.109,0.015,0.425,native_daily_sim,climate_pass_a,climate_pass_a_struct,gdext_native_daily_slice,2.094,1,0,0,1,-1,-1,,0.477555,3.438767,5.571,7.511,261,8,3,1.5,false,2,8.666,,,,,,,,,,,,,,,,,,,,,,,,,,,,,,,,,,,,,,,,,,0,0,0,0,false,0,0,,0,0,0,0,0,0,0,,,,,false,{},{},{},{},{},{},{},0,0.001,0.594,0.071,0,1.909,708,1432,4,0,0.664,0,0.62,0.015,0.407,0.491,0,0,100,0,16.133667,34.612,0.037,13.559667,708,279205,452,581,581,0,212614,22,7922,2,0,0,2,4800,0,78.331,0,SHADOW,SHADOW,,4095,2050,2045,missing_native_domain_handlers,false,16,false,0,0,false,0,0,0,0,0,climate_trace_reference_pending,,,,,0,,,0,0,2,0,0,1.797997,0,0,0,0,0,0,583,582,2400,true,0,0,0,0,0,0,0,0,0,0,4088,0,3,0,3,0,0,0,0,0,0,0,climate_trace_reference_pending,0,0,0,0,0,0,0,0,0,0,0,0,0,0,0,0,0,0,0,0,0,0,0,0,0,false,
471,584,56638,false,71,50,21.913,21.304,0.013,0.342,dynamic_visual_atlas_upload,,,cell_indirection_lut,1.833,2400,2400,0,0,-1,-1,,1309.329008,3.442117,5.571,7.511,261,8,3,1.5,false,2,8.666,,,,,,,,,,,,,,,,,,,,,,,,,,,,,,,,,,,,,,,,,,1,7,7,1,true,1,1.575,epoch_begin,0,1,9.575,9.575,3.853,3.853,8,epoch_begin,building_plan,,ECONOMY_GRAPH,false,"{""economy:epoch_begin"":1,""native_daily:climate_pass_b"":1,""native_daily:native_daily_complete"":1,""native_daily:native_daily_finalizer"":1,""native_daily:ocean_land"":1,""native_daily:sea_ice"":1,""native_daily:wind_surface"":1}","{""economy:epoch_begin"":3.853,""native_daily:climate_pass_b"":0.767,""native_daily:native_daily_complete"":0.365,""native_daily:native_daily_finalizer"":0.666,""native_daily:ocean_land"":1.222,""native_daily:sea_ice"":0.687,""native_daily:wind_surface"":0.858}","{""economy:epoch_begin"":3.853,""native_daily:climate_pass_b"":0.767,""native_daily:native_daily_complete"":0.365,""native_daily:native_daily_finalizer"":0.666,""native_daily:ocean_land"":1.222,""native_daily:sea_ice"":0.687,""native_daily:wind_surface"":0.858}",{},{},{},{},0,0,0.327,0.068,0,1.298,708,1432,4,0,0.438,0,0.61,0.011,0.07,0.202,0,0,100,0,15.1625,34.612,0.037,13.4695,706,278655,450,583,583,0,213375,22,6980,2,0,0,2,4800,0,78.331,0,SHADOW,SHADOW,,4095,2050,2045,missing_native_domain_handlers,false,16,false,0,0,false,0,0,0,0,0,climate_trace_reference_pending,,,,,0,,,0,0,2,0,0,1.050742,0,0,0,0,0,0,584,583,2400,true,0,0,0,0,0,0,0,0,0,0,4088,0,3,0,3,0,0,0,0,0,0,0,climate_trace_reference_pending,0,0,0,0,0,0,0,0,0,0,0,0,0,0,0,0,0,0,0,0,0,0,0,0,0,false,
472,585,56666,false,71,50,17.647,17.045,0.013,0.311,natural_resource_daily,natural_resource_daily,,gdext,2.93,2400,0,0,2400,-1,-1,,819.112609,3.450534,5.581,7.511,261,8,3,1.5,false,2,8.666,,,,,,,,,,,,,,,,,,,,,,,,,,,,,,,,,,,,,,,,,,0,0,0,0,false,0,0,,0,0,0,0,0,0,0,,,,,false,{},{},{},{},{},{},{},0,0,0.261,0.045,0,1.598,708,1432,4,0,0.826,0,0.525,0.013,0.624,0.237,0,0,100,0,14.13,34.612,0.037,12.226,706,278705,450,583,583,0,213375,22,6980,2,0,0,2,4800,0,78.331,0,SHADOW,SHADOW,,4095,2050,2045,missing_native_domain_handlers,false,16,false,0,0,false,0,0,0,0,0,climate_trace_reference_pending,,,,,0,,,0,0,2,0,0,1.672077,0,0,0,0,0,0,585,584,2400,true,0,0,0,0,0,0,0,0,0,0,4088,0,3,0,3,0,0,0,0,0,0,0,climate_trace_reference_pending,0,0,0,0,0,0,0,0,0,0,0,0,0,0,0,0,0,0,0,0,0,0,0,0,0,false,
473,586,56726,false,71,50,19.037,18.458,0.013,0.301,trigger_runtime,trigger_evaluate,,TRIGGER_GRAPH,0.942,358,0,0,358,-1,-1,,380.042474,3.451534,5.581,7.511,261,8,3,1.5,false,2,8.666,,,,,,,,,,,,,,,,,,,,,,,,,,,,,,,,,,,,,,,,,,1,8,8,1,true,1,0.293,building_plan,0,2,8.293,8.293,1.64,0.29,8,building_plan,building_plan,evaluate,ECONOMY_GRAPH,false,"{""economy:building_plan"":1,""economy:epoch_begin"":1,""native_daily:climate_pass_b"":1,""native_daily:native_daily_complete"":1,""native_daily:native_daily_finalizer"":1,""native_daily:ocean_land"":1,""native_daily:sea_ice"":1,""native_daily:wind_surface"":1}","{""economy:building_plan"":0.29,""economy:epoch_begin"":1.64,""native_daily:climate_pass_b"":0.702,""native_daily:native_daily_complete"":0.332,""native_daily:native_daily_finalizer"":0.669,""native_daily:ocean_land"":1.094,""native_daily:sea_ice"":0.667,""native_daily:wind_surface"":0.941}","{""economy:building_plan"":0.29,""economy:epoch_begin"":1.64,""native_daily:climate_pass_b"":0.702,""native_daily:native_daily_complete"":0.332,""native_daily:native_daily_finalizer"":0.669,""native_daily:ocean_land"":1.094,""native_daily:sea_ice"":0.667,""native_daily:wind_surface"":0.941}",{},{},{},{},0,0,0.496,0.059,0,1.107,687,1432,2,0,0.721,0,0.274,0.006,0.335,0.177,0,0,100,0,14.8725,34.612,0.037,13.2105,706,278575,450,585,585,0,214133,22,7615,2,0,0,2,4800,0,78.331,0,SHADOW,SHADOW,,4095,2050,2045,missing_native_domain_handlers,false,16,false,0,0,false,0,0,0,0,0,climate_trace_reference_pending,,,,,0,,,0,0,2,0,0,1.578212,0,0,0,0,0,0,586,585,2400,true,0,0,0,0,0,0,0,0,0,0,4088,0,3,0,3,0,0,0,0,0,0,0,climate_trace_reference_pending,0,0,0,0,0,0,0,0,0,0,0,0,0,0,0,0,0,0,0,0,0,0,0,0,0,false,
474,587,56754,false,71,50,13.332,12.813,0.011,0.272,native_daily_sim,climate_pass_a,climate_pass_a_struct,gdext_native_daily_slice,1.585,1,0,0,1,-1,-1,,0.630915,3.452264,5.581,7.511,261,8,3,1.5,false,2,8.666,,,,,,,,,,,,,,,,,,,,,,,,,,,,,,,,,,,,,,,,,,0,0,0,0,false,0,0,,0,0,0,0,0,0,0,,,,,false,{},{},{},{},{},{},{},0.001,0.001,0.413,0.073,0,0.592,687,1432,0,0,0,0.585,0,0,0,0,0,0,100,0,9.523,34.612,0.037,8.445,706,278575,450,585,585,0,214133,22,7615,2,0,0,2,4800,0,78.331,0,SHADOW,SHADOW,,4095,2050,2045,missing_native_domain_handlers,false,16,false,0,0,false,0,0,0,0,0,climate_trace_reference_pending,,,,,0,,,0,0,2,0,0,1.310797,0,0,0,0,0,0,587,586,2400,true,0,0,0,0,0,0,0,0,0,0,4088,0,3,0,3,0,0,0,0,0,0,0,climate_trace_reference_pending,0,0,0,0,0,0,0,0,0,0,0,0,0,0,0,0,0,0,0,0,0,0,0,0,0,false,
475,588,56821,false,71,50,25.167,24.128,0.018,0.451,ocean_currents,phys_upwelling,next_phys_done,physical_circulation,1.921,0,0,0,0,-1,-1,,0,3.452877,5.581,7.511,261,8,3,1.5,false,2,8.666,,,,,,,,,,,,,,,,,,,,,,,,,,,,,,,,,,,,,,,,,,1,7,7,1,true,1,0.407,epoch_begin,0,1,8.407,8.407,3.292,3.292,8,epoch_begin,building_plan,,ECONOMY_GRAPH,false,"{""economy:epoch_begin"":1,""native_daily:climate_pass_b"":1,""native_daily:native_daily_complete"":1,""native_daily:native_daily_finalizer"":1,""native_daily:ocean_land"":1,""native_daily:sea_ice"":1,""native_daily:wind_surface"":1}","{""economy:epoch_begin"":3.292,""native_daily:climate_pass_b"":0.646,""native_daily:native_daily_complete"":0.303,""native_daily:native_daily_finalizer"":0.58,""native_daily:ocean_land"":0.859,""native_daily:sea_ice"":0.544,""native_daily:wind_surface"":0.698}","{""economy:epoch_begin"":3.292,""native_daily:climate_pass_b"":0.646,""native_daily:native_daily_complete"":0.303,""native_daily:native_daily_finalizer"":0.58,""native_daily:ocean_land"":0.859,""native_daily:sea_ice"":0.544,""native_daily:wind_surface"":0.698}",{},{},{},{},0,0.001,0.541,0.054,0,1.907,687,1432,4,0,0.481,0.126,0.655,0.021,0.503,0.219,0,0,100,0,16.645,34.612,0.037,14.143,707,278682,450,587,587,0,214890,23,8044,2,0,0,2,4800,0,78.331,0,SHADOW,SHADOW,,4095,2050,2045,missing_native_domain_handlers,false,16,false,0,0,false,0,0,0,0,0,climate_trace_reference_pending,,,,,0,,,0,0,2,0,0,1.014197,0,0,0,0,0,0,588,587,2400,true,0,0,0,0,0,0,0,0,0,0,4088,0,3,0,3,0,0,0,0,0,0,0,climate_trace_reference_pending,0,0,0,0,0,0,0,0,0,0,0,0,0,0,0,0,0,0,0,0,0,0,0,0,0,false,
476,589,56849,false,71,50,14.629,14.008,0.012,0.343,native_daily_sim,climate_pass_a,climate_pass_a_struct,gdext_native_daily_slice,2.704,1,0,0,1,-1,-1,,0.369822,3.458597,5.581,7.511,261,8,3,1.5,false,2,8.666,,,,,,,,,,,,,,,,,,,,,,,,,,,,,,,,,,,,,,,,,,0,0,0,0,false,0,0,,0,0,0,0,0,0,0,,,,,false,{},{},{},{},{},{},{},0,0,0.356,0.05,0,2.759,687,1432,4,0,0.891,0,0.747,0.023,1.297,0.257,0,0,100,0,14.0965,34.612,0.037,10.9315,707,278682,450,587,587,0,214890,23,8044,2,0,0,2,4800,0,78.331,0,SHADOW,SHADOW,,4095,2050,2045,missing_native_domain_handlers,false,16,false,0,0,false,0,0,0,0,0,climate_trace_reference_pending,,,,,0,,,0,0,2,0,0,1.958962,0,0,0,0,0,0,589,588,2400,true,0,0,0,0,0,0,0,0,0,0,4088,0,3,0,3,0,0,0,0,0,0,0,climate_trace_reference_pending,0,0,0,0,0,0,0,0,0,0,0,0,0,0,0,0,0,0,0,0,0,0,0,0,0,false,
477,590,56923,false,71,50,21.064,19.833,0.644,0.344,natural_resource_daily,natural_resource_daily,,gdext,2.274,2400,0,0,2400,-1,-1,,1055.409004,3.465057,5.581,7.511,261,8,3,1.5,false,2,8.666,,,,,,,,,,,,,,,,,,,,,,,,,,,,,,,,,,,,,,,,,,2,11,11,1,true,1,0.183,building_plan,0,2,14.593,8.183,3.896,0.172,8,building_plan,building_plan,evaluate,ECONOMY_GRAPH,false,"{""economy:building_plan"":1,""economy:epoch_begin"":1,""native_daily:climate_pass_b"":1,""native_daily:native_daily_complete"":1,""native_daily:native_daily_finalizer"":1,""native_daily:ocean_land"":1,""native_daily:runtime_hydrology"":1,""native_daily:sea_ice"":1,""native_daily:transpiration"":1,""native_daily:weather_stage_b"":1,""native_daily:wind_surface"":1}","{""economy:building_plan"":0.172,""economy:epoch_begin"":3.896,""native_daily:climate_pass_b"":0.792,""native_daily:native_daily_complete"":0.655,""native_daily:native_daily_finalizer"":0.763,""native_daily:ocean_land"":1.25,""native_daily:runtime_hydrology"":1.121,""native_daily:sea_ice"":0.76,""native_daily:transpiration"":0.692,""native_daily:weather_stage_b"":1.816,""native_daily:wind_surface"":0.975}","{""economy:building_plan"":0.172,""economy:epoch_begin"":3.896,""native_daily:climate_pass_b"":0.792,""native_daily:native_daily_complete"":0.655,""native_daily:native_daily_finalizer"":0.763,""native_daily:ocean_land"":1.25,""native_daily:runtime_hydrology"":1.121,""native_daily:sea_ice"":0.76,""native_daily:transpiration"":0.692,""native_daily:weather_stage_b"":1.816,""native_daily:wind_surface"":0.975}",{},{},{},{},0,0,0.328,0.054,0,1.638,687,1432,4,0,0.5,0,0.484,0.024,0.492,0.245,0,0,100,0,14.7684,34.612,0.037,12.7484,707,278682,450,589,589,0,215648,23,6748,2,0,0,2,4800,0,78.331,0,SHADOW,SHADOW,,4095,2050,2045,missing_native_domain_handlers,false,16,false,0,0,false,0,0,0,0,0,climate_trace_reference_pending,,,,,0,,,0,0,2,0,0,1.315952,0,0,0,0,0,0,590,589,2400,true,0,0,0,0,0,0,0,0,0,0,4088,0,3,0,3,0,0,0,0,0,0,0,climate_trace_reference_pending,0,0,0,0,0,0,0,0,0,0,0,0,0,0,0,0,0,0,0,0,0,0,0,0,0,false,
478,591,56948,false,71,50,12.393,11.859,0.011,0.288,native_daily_sim,climate_pass_a,climate_pass_a_struct,gdext_native_daily_slice,1.478,1,0,0,1,-1,-1,,0.67659,3.465268,5.581,7.511,261,8,3,1.5,false,2,8.666,,,,,,,,,,,,,,,,,,,,,,,,,,,,,,,,,,,,,,,,,,0,0,0,0,false,0,0,,0,0,0,0,0,0,0,,,,,false,{},{},{},{},{},{},{},0.001,0,0.369,0.053,0,1.152,687,1432,4,0,0.344,0,0.462,0.022,0.235,0.204,0,0,100,0,12.6325,34.612,0.037,11.0585,707,278682,450,589,589,0,215648,23,6748,2,0,0,2,4800,0,78.331,0,SHADOW,SHADOW,,4095,2050,2045,missing_native_domain_handlers,false,16,false,0,0,false,0,0,0,0,0,climate_trace_reference_pending,,,,,0,,,0,0,2,0,0,1.026867,0,0,0,0,0,0,591,590,2400,true,0,0,0,0,0,0,0,0,0,0,4088,0,3,0,3,0,0,0,0,0,0,0,climate_trace_reference_pending,0,0,0,0,0,0,0,0,0,0,0,0,0,0,0,0,0,0,0,0,0,0,0,0,0,false,
479,592,57003,false,71,50,20.802,20.283,0.012,0.292,dynamic_visual_atlas_upload,,,cell_indirection_lut,1.633,2400,2400,0,0,-1,-1,,1469.687677,3.465317,5.581,7.511,261,8,3,1.5,false,2,8.666,,,,,,,,,,,,,,,,,,,,,,,,,,,,,,,,,,,,,,,,,,1,7,7,1,true,1,0.655,epoch_begin,0,1,8.655,8.655,3.684,3.684,8,epoch_begin,building_plan,,ECONOMY_GRAPH,false,"{""economy:epoch_begin"":1,""native_daily:climate_pass_b"":1,""native_daily:native_daily_complete"":1,""native_daily:native_daily_finalizer"":1,""native_daily:ocean_land"":1,""native_daily:sea_ice"":1,""native_daily:wind_surface"":1}","{""economy:epoch_begin"":3.684,""native_daily:climate_pass_b"":0.563,""native_daily:native_daily_complete"":0.302,""native_daily:native_daily_finalizer"":0.551,""native_daily:ocean_land"":1.066,""native_daily:sea_ice"":0.637,""native_daily:wind_surface"":0.755}","{""economy:epoch_begin"":3.684,""native_daily:climate_pass_b"":0.563,""native_daily:native_daily_complete"":0.302,""native_daily:native_daily_finalizer"":0.551,""native_daily:ocean_land"":1.066,""native_daily:sea_ice"":0.637,""native_daily:wind_surface"":0.755}",{},{},{},{},0,0,0.37,0.06,0,0.117,655,1432,0,0,0,0.111,0,0,0,0,0,0,100,0,13.65775,34.612,0.037,13.11075,707,278682,450,591,591,0,216408,23,7011,2,0,0,2,4800,0,78.331,0,SHADOW,SHADOW,,4095,2050,2045,missing_native_domain_handlers,false,16,false,0,0,false,0,0,0,0,0,climate_trace_reference_pending,,,,,0,,,0,0,2,0,0,1.319802,0,0,0,0,0,0,592,591,2400,true,0,0,0,0,0,0,0,0,0,0,4088,0,3,0,3,0,0,0,0,0,0,0,climate_trace_reference_pending,0,0,0,0,0,0,0,0,0,0,0,0,0,0,0,0,0,0,0,0,0,0,0,0,0,false,
480,593,57026,false,67,50,13.799,13.178,0.013,0.357,native_daily_sim,climate_pass_a,climate_pass_a_struct,gdext_native_daily_slice,1.641,1,0,0,1,-1,-1,,0.609385,3.465151,5.581,7.511,261,8,3,1.5,false,2,8.666,,,,,,,,,,,,,,,,,,,,,,,,,,,,,,,,,,,,,,,,,,0,0,0,0,false,0,0,,0,0,0,0,0,0,0,,,,,false,{},{},{},{},{},{},{},0,0,0.26,0.05,0,0.324,655,1432,0,0,0,0.318,0,0,0,0,0,0,100,0,11.5775,43.67,0.031,10.9435,707,278682,450,591,591,0,216408,23,7011,2,0,0,2,4800,0,78.331,0,SHADOW,SHADOW,,4095,2050,2045,missing_native_domain_handlers,false,16,false,0,0,false,0,0,0,0,0,climate_trace_reference_pending,,,,,0,,,0,0,2,0,0,1.841357,0,0,0,0,0,0,593,592,2400,true,0,0,0,0,0,0,0,0,0,0,4088,0,3,0,3,0,0,0,0,0,0,0,climate_trace_reference_pending,0,0,0,0,0,0,0,0,0,0,0,0,0,0,0,0,0,0,0,0,0,0,0,0,0,false,
481,594,57087,false,67,50,20.339,19.72,0.012,0.324,ocean_currents,daily_wind_prepass,daily_wind_slp,gdext_daily_wind_slp,1.097,2400,2400,0,0,-1,-1,,2187.784862,3.467168,5.581,7.511,261,8,3,1.5,false,2,8.666,,,,,,,,,,,,,,,,,,,,,,,,,,,,,,,,,,,,,,,,,,1,7,7,1,true,1,1.134,building_plan,0,1,9.134,9.134,3.735,3.735,8,building_plan,building_plan,evaluate,ECONOMY_GRAPH,false,"{""economy:building_plan"":1,""native_daily:climate_pass_b"":1,""native_daily:native_daily_complete"":1,""native_daily:native_daily_finalizer"":1,""native_daily:ocean_land"":1,""native_daily:sea_ice"":1,""native_daily:wind_surface"":1}","{""economy:building_plan"":3.735,""native_daily:climate_pass_b"":0.645,""native_daily:native_daily_complete"":0.418,""native_daily:native_daily_finalizer"":0.713,""native_daily:ocean_land"":1.132,""native_daily:sea_ice"":0.605,""native_daily:wind_surface"":0.893}","{""economy:building_plan"":3.735,""native_daily:climate_pass_b"":0.645,""native_daily:native_daily_complete"":0.418,""native_daily:native_daily_finalizer"":0.713,""native_daily:ocean_land"":1.132,""native_daily:sea_ice"":0.605,""native_daily:wind_surface"":0.893}",{},{},{},{},0,0,0.476,0.066,0,2.564,655,1432,4,0,0.652,0.161,0.893,0.034,0.662,0.33,0,0,100,0,15.20675,43.67,0.031,12.10075,707,278682,450,593,593,0,217169,23,6711,2,0,0,2,4800,0,78.331,0,SHADOW,SHADOW,,4095,2050,2045,missing_native_domain_handlers,false,16,false,0,0,false,0,0,0,0,0,climate_trace_reference_pending,,,,,0,,,0,0,2,0,0,1.567212,0,0,0,0,0,0,594,593,2400,true,0,0,0,0,0,0,0,0,0,0,4088,0,3,0,3,0,0,0,0,0,0,0,climate_trace_reference_pending,0,0,0,0,0,0,0,0,0,0,0,0,0,0,0,0,0,0,0,0,0,0,0,0,0,false,
482,595,57115,false,67,50,14.079,13.436,0.012,0.356,natural_resource_daily,natural_resource_daily,,gdext,2.168,2400,0,0,2400,-1,-1,,1107.011079,3.472421,5.581,7.511,261,8,3,1.5,false,2,8.666,,,,,,,,,,,,,,,,,,,,,,,,,,,,,,,,,,,,,,,,,,0,0,0,0,false,0,0,,0,0,0,0,0,0,0,,,,,false,{},{},{},{},{},{},{},0,0,0.43,0.072,0,2.566,655,1432,4,0,0.734,0,0.609,0.027,1.29,0.228,0,0,100,0,14.095,43.67,0.031,11.027,707,278682,450,593,593,0,217169,23,6711,2,0,0,2,4800,0,78.331,0,SHADOW,SHADOW,,4095,2050,2045,missing_native_domain_handlers,false,16,false,0,0,false,0,0,0,0,0,climate_trace_reference_pending,,,,,0,,,0,0,2,0,0,1.296897,0,0,0,0,0,0,595,594,2400,true,0,0,0,0,0,0,0,0,0,0,4088,0,3,0,3,0,0,0,0,0,0,0,climate_trace_reference_pending,0,0,0,0,0,0,0,0,0,0,0,0,0,0,0,0,0,0,0,0,0,0,0,0,0,false,
483,596,57170,false,67,50,21.359,20.773,0.013,0.299,dynamic_visual_atlas_upload,,,cell_indirection_lut,1.84,2400,2400,0,0,-1,-1,,1304.347802,3.472541,5.581,7.511,261,8,3,1.5,false,2,8.666,,,,,,,,,,,,,,,,,,,,,,,,,,,,,,,,,,,,,,,,,,1,9,9,1,true,1,0.309,building_plan,0,3,8.309,8.309,1.582,0.161,8,building_plan,trade_settle,reserve,ECONOMY_GRAPH,false,"{""economy:building_plan"":2,""economy:epoch_begin"":1,""native_daily:climate_pass_b"":1,""native_daily:native_daily_complete"":1,""native_daily:native_daily_finalizer"":1,""native_daily:ocean_land"":1,""native_daily:sea_ice"":1,""native_daily:wind_surface"":1}","{""economy:building_plan"":0.426,""economy:epoch_begin"":1.582,""native_daily:climate_pass_b"":0.587,""native_daily:native_daily_complete"":0.294,""native_daily:native_daily_finalizer"":0.497,""native_daily:ocean_land"":0.855,""native_daily:sea_ice"":0.555,""native_daily:wind_surface"":0.775}","{""economy:building_plan"":0.265,""economy:epoch_begin"":1.582,""native_daily:climate_pass_b"":0.587,""native_daily:native_daily_complete"":0.294,""native_daily:native_daily_finalizer"":0.497,""native_daily:ocean_land"":0.855,""native_daily:sea_ice"":0.555,""native_daily:wind_surface"":0.775}",{},{},{},{},0,0,7.512,0.052,0,1.665,655,1432,4,0,0.563,0,0.539,0.024,0.493,0.267,0,0,100,0,18.546,43.67,0.031,9.317,707,278682,450,595,595,0,217928,23,7260,2,0,0,2,4800,0,78.331,0,SHADOW,SHADOW,,4095,2050,2045,missing_native_domain_handlers,false,16,false,0,0,false,0,0,0,0,0,climate_trace_reference_pending,,,,,0,,,0,0,2,0,0,1.711222,0,0,0,0,0,0,596,595,2400,true,0,0,0,0,0,0,0,0,0,0,4088,0,3,0,3,0,0,0,0,0,0,0,climate_trace_reference_pending,0,0,0,0,0,0,0,0,0,0,0,0,0,0,0,0,0,0,0,0,0,0,0,0,0,false,
484,597,57205,false,67,50,14.852,14.098,0.015,0.388,native_daily_sim,climate_pass_a,climate_pass_a_struct,gdext_native_daily_slice,2.394,1,0,0,1,-1,-1,,0.417711,3.473074,5.581,7.511,261,8,3,1.5,false,2,8.666,,,,,,,,,,,,,,,,,,,,,,,,,,,,,,,,,,,,,,,,,,0,0,0,0,false,0,0,,0,0,0,0,0,0,0,,,,,false,{},{},{},{},{},{},{},0,0,0.476,0.071,0,3.195,655,1432,3,0,1.555,0.144,0.332,0.016,2.022,0.276,0,0,100,0,11.543,43.67,0.031,7.801,707,278682,450,595,595,0,217928,23,7260,2,0,0,2,4800,0,78.331,0,SHADOW,SHADOW,,4095,2050,2045,missing_native_domain_handlers,false,16,false,0,0,false,0,0,0,0,0,climate_trace_reference_pending,,,,,0,,,0,0,2,0,0,1.762907,0,0,0,0,0,0,597,596,2400,true,0,0,0,0,0,0,0,0,0,0,4088,0,3,0,3,0,0,0,0,0,0,0,climate_trace_reference_pending,0,0,0,0,0,0,0,0,0,0,0,0,0,0,0,0,0,0,0,0,0,0,0,0,0,false,
485,598,57267,false,67,50,18.476,17.073,0.786,0.336,trigger_runtime,trigger_evaluate,,TRIGGER_GRAPH,0.952,359,0,0,359,-1,-1,,377.100832,3.470611,5.581,7.511,260,8,3,1.5,false,2,8.666,,,,,,,,,,,,,,,,,,,,,,,,,,,,,,,,,,,,,,,,,,2,10,10,1,true,1,0.047,epoch_begin,0,1,13.582,8.047,3.79,3.79,8,epoch_begin,building_plan,,ECONOMY_GRAPH,false,"{""economy:epoch_begin"":1,""native_daily:climate_pass_b"":1,""native_daily:native_daily_complete"":1,""native_daily:native_daily_finalizer"":1,""native_daily:ocean_land"":1,""native_daily:runtime_hydrology"":1,""native_daily:sea_ice"":1,""native_daily:transpiration"":1,""native_daily:weather_stage_b"":1,""native_daily:wind_surface"":1}","{""economy:epoch_begin"":3.79,""native_daily:climate_pass_b"":0.809,""native_daily:native_daily_complete"":0.699,""native_daily:native_daily_finalizer"":0.789,""native_daily:ocean_land"":1.023,""native_daily:runtime_hydrology"":1.188,""native_daily:sea_ice"":0.701,""native_daily:transpiration"":0.505,""native_daily:weather_stage_b"":1.543,""native_daily:wind_surface"":0.861}","{""economy:epoch_begin"":3.79,""native_daily:climate_pass_b"":0.809,""native_daily:native_daily_complete"":0.699,""native_daily:native_daily_finalizer"":0.789,""native_daily:ocean_land"":1.023,""native_daily:runtime_hydrology"":1.188,""native_daily:sea_ice"":0.701,""native_daily:transpiration"":0.505,""native_daily:weather_stage_b"":1.543,""native_daily:wind_surface"":0.861}",{},{},{},{},0,0,7.251,0.055,0,0.373,655,1432,1,0,0.325,0,0.121,0.004,0.016,0.069,0,0,100,0,15.50325,43.67,0.031,7.82425,707,278682,450,597,597,0,218687,23,6268,2,0,0,2,4800,0,78.331,0,SHADOW,SHADOW,,4095,2050,2045,missing_native_domain_handlers,false,16,false,0,0,false,0,0,0,0,0,climate_trace_reference_pending,,,,,0,,,0,0,2,0,0,1.669947,0,0,0,0,0,0,598,597,2400,true,0,0,0,0,0,0,0,0,0,0,4088,0,3,0,3,0,0,0,0,0,0,0,climate_trace_reference_pending,0,0,0,0,0,0,0,0,0,0,0,0,0,0,0,0,0,0,0,0,0,0,0,0,0,false,
486,599,57295,false,67,50,18.213,12.71,0.013,5.19,native_daily_sim,climate_pass_a,climate_pass_a_struct,gdext_native_daily_slice,1.6,1,0,0,1,-1,-1,,0.625,3.472838,5.581,7.511,260,8,3,1.5,false,2,8.666,,,,,,,,,,,,,,,,,,,,,,,,,,,,,,,,,,,,,,,,,,0,0,0,0,false,0,0,,0,0,0,0,0,0,0,,,,,false,{},{},{},{},{},{},{},0,0,0.313,0.051,0,0.127,623,1432,0,0,0,0.119,0,0,0,0,0,0,100,0,13.82,43.67,0.031,13.329,707,278682,450,597,597,0,218687,23,6268,2,0,0,2,4800,0,78.331,0,SHADOW,SHADOW,,4095,2050,2045,missing_native_domain_handlers,false,16,false,0,0,false,0,0,0,0,0,climate_trace_reference_pending,,,,,0,,,0,0,2,0,0,1.072502,0,0,0,0,0,0,599,598,2400,true,0,0,0,0,0,0,0,0,0,0,4088,0,3,0,3,0,0,0,0,0,0,0,climate_trace_reference_pending,0,0,0,0,0,0,0,0,0,0,0,0,0,0,0,0,0,0,0,0,0,0,0,0,0,false,
487,600,57361,false,67,50,25.562,24.931,0.012,0.35,natural_resource_daily,natural_resource_daily,,gdext,2.397,2400,0,0,2400,-1,-1,,1001.251533,3.480718,5.624,7.511,260,8,3,1.5,false,2,8.666,,,,,,,,,,,,,,,,,,,,,,,,,,,,,,,,,,,,,,,,,,1,7,7,1,true,1,0.673,building_plan,0,1,8.673,8.673,3.809,3.809,8,building_plan,building_plan,evaluate,ECONOMY_GRAPH,false,"{""economy:building_plan"":1,""native_daily:climate_pass_b"":1,""native_daily:native_daily_complete"":1,""native_daily:native_daily_finalizer"":1,""native_daily:ocean_land"":1,""native_daily:sea_ice"":1,""native_daily:wind_surface"":1}","{""economy:building_plan"":3.809,""native_daily:climate_pass_b"":0.723,""native_daily:native_daily_complete"":0.355,""native_daily:native_daily_finalizer"":0.527,""native_daily:ocean_land"":1.003,""native_daily:sea_ice"":0.617,""native_daily:wind_surface"":0.802}","{""economy:building_plan"":3.809,""native_daily:climate_pass_b"":0.723,""native_daily:native_daily_complete"":0.355,""native_daily:native_daily_finalizer"":0.527,""native_daily:ocean_land"":1.003,""native_daily:sea_ice"":0.617,""native_daily:wind_surface"":0.802}",{},{},{},{},0,0.001,0.401,0.065,0,2.142,623,1432,4,0,0.781,0,0.79,0.04,0.626,0.298,0,0,100,0,16.4705,43.67,0.031,13.8625,707,277937,450,599,599,0,219079,24,8433,3,0,0,2,4800,0,78.331,0,SHADOW,SHADOW,,4095,2050,2045,missing_native_domain_handlers,false,16,false,0,0,false,0,0,0,0,0,climate_trace_reference_pending,,,,,0,,,0,0,2,0,0,1.990652,0,0,0,0,0,0,600,599,2400,true,0,0,0,0,0,0,0,0,0,0,4088,0,3,0,3,0,0,0,0,0,0,0,climate_trace_reference_pending,0,0,0,0,0,0,0,0,0,0,0,0,0,0,0,0,0,0,0,0,0,0,0,0,0,false,
488,601,57389,false,67,50,12.777,12.092,0.012,0.393,native_daily_sim,climate_pass_a,climate_pass_a_struct,gdext_native_daily_slice,1.681,1,0,0,1,-1,-1,,0.594884,3.479377,5.624,7.511,260,8,3,1.5,false,2,8.666,,,,,,,,,,,,,,,,,,,,,,,,,,,,,,,,,,,,,,,,,,0,0,0,0,false,0,0,,0,0,0,0,0,0,0,,,,,false,{},{},{},{},{},{},{},0,0.001,3.665,0.058,0,1.661,623,1432,4,0,0.654,0.133,0.726,0.022,0.159,0.28,0,0,100,0,14.2705,43.67,0.031,8.8865,707,277892,450,600,600,0,219451,24,3103,2,0,0,2,4800,0,78.331,0,SHADOW,SHADOW,,4095,2050,2045,missing_native_domain_handlers,false,16,false,0,0,false,0,0,0,0,0,climate_trace_reference_pending,,,,,0,,,0,0,2,0,0,1.067957,0,0,0,0,0,0,601,600,2400,true,0,0,0,0,0,0,0,0,0,0,4088,0,3,0,3,0,0,0,0,0,0,0,climate_trace_reference_pending,0,0,0,0,0,0,0,0,0,0,0,0,0,0,0,0,0,0,0,0,0,0,0,0,0,false,
489,602,57450,false,67,50,18.079,17.465,0.013,0.352,trigger_runtime,trigger_evaluate,,TRIGGER_GRAPH,1.021,358,0,0,358,-1,-1,,350.636621,3.48012,5.624,7.511,260,8,3,1.5,false,2,8.666,,,,,,,,,,,,,,,,,,,,,,,,,,,,,,,,,,,,,,,,,,1,7,7,1,true,1,1.803,epoch_begin,0,1,9.803,9.803,4.044,4.044,8,epoch_begin,building_plan,,ECONOMY_GRAPH,false,"{""economy:epoch_begin"":1,""native_daily:climate_pass_b"":1,""native_daily:native_daily_complete"":1,""native_daily:native_daily_finalizer"":1,""native_daily:ocean_land"":1,""native_daily:sea_ice"":1,""native_daily:wind_surface"":1}","{""economy:epoch_begin"":4.044,""native_daily:climate_pass_b"":0.838,""native_daily:native_daily_complete"":0.332,""native_daily:native_daily_finalizer"":0.58,""native_daily:ocean_land"":1.27,""native_daily:sea_ice"":0.817,""native_daily:wind_surface"":0.968}","{""economy:epoch_begin"":4.044,""native_daily:climate_pass_b"":0.838,""native_daily:native_daily_complete"":0.332,""native_daily:native_daily_finalizer"":0.58,""native_daily:ocean_land"":1.27,""native_daily:sea_ice"":0.817,""native_daily:wind_surface"":0.968}",{},{},{},{},0,0,0.42,0.083,0,0.701,623,1432,2,0,0.421,0,0.399,0.008,0.036,0.097,0,0,100,0,15.12475,43.67,0.031,13.92075,707,275155,450,602,602,0,220212,24,7163,2,0,0,2,4800,0,78.331,0,SHADOW,SHADOW,,4095,2050,2045,missing_native_domain_handlers,false,16,false,0,0,false,0,0,0,0,0,climate_trace_reference_pending,,,,,0,,,0,0,2,0,0,1.820322,0,0,0,0,0,0,602,601,2400,true,0,0,0,0,0,0,0,0,0,0,4088,0,3,0,3,0,0,0,0,0,0,0,climate_trace_reference_pending,0,0,0,0,0,0,0,0,0,0,0,0,0,0,0,0,0,0,0,0,0,0,0,0,0,false,
490,603,57477,false,67,50,14.658,14.118,0.01,0.299,native_daily_sim,climate_pass_a,climate_pass_a_struct,gdext_native_daily_slice,1.898,1,0,0,1,-1,-1,,0.52687,3.482441,5.624,7.511,260,8,3,1.5,false,2,8.666,,,,,,,,,,,,,,,,,,,,,,,,,,,,,,,,,,,,,,,,,,0,0,0,0,false,0,0,,0,0,0,0,0,0,0,,,,,false,{},{},{},{},{},{},{},0,0,0.401,0.062,0,1.047,623,1432,4,0,0.464,0,0.433,0.025,0.156,0.168,0,0,100,0,13.553,43.67,0.031,12.043,707,275211,450,602,602,0,220212,24,7163,2,0,0,2,4800,0,78.331,0,SHADOW,SHADOW,,4095,2050,2045,missing_native_domain_handlers,false,16,false,0,0,false,0,0,0,0,0,climate_trace_reference_pending,,,,,0,,,0,0,2,0,0,1.363172,0,0,0,0,0,0,603,602,2400,true,0,0,0,0,0,0,0,0,0,0,4088,0,3,0,3,0,0,0,0,0,0,0,climate_trace_reference_pending,0,0,0,0,0,0,0,0,0,0,0,0,0,0,0,0,0,0,0,0,0,0,0,0,0,false,
491,604,57535,false,67,50,23.771,23.138,0.012,0.362,dynamic_visual_atlas_upload,,,cell_indirection_lut,1.402,2400,2400,0,0,-1,-1,,1711.840289,3.481074,5.624,7.511,260,8,3,1.5,false,2,8.666,,,,,,,,,,,,,,,,,,,,,,,,,,,,,,,,,,,,,,,,,,1,7,7,1,true,1,1.23,epoch_begin,0,1,9.23,9.23,3.65,3.65,8,epoch_begin,building_plan,,ECONOMY_GRAPH,false,"{""economy:epoch_begin"":1,""native_daily:climate_pass_b"":1,""native_daily:native_daily_complete"":1,""native_daily:native_daily_finalizer"":1,""native_daily:ocean_land"":1,""native_daily:sea_ice"":1,""native_daily:wind_surface"":1}","{""economy:epoch_begin"":3.65,""native_daily:climate_pass_b"":0.698,""native_daily:native_daily_complete"":0.45,""native_daily:native_daily_finalizer"":0.683,""native_daily:ocean_land"":1.036,""native_daily:sea_ice"":0.745,""native_daily:wind_surface"":0.988}","{""economy:epoch_begin"":3.65,""native_daily:climate_pass_b"":0.698,""native_daily:native_daily_complete"":0.45,""native_daily:native_daily_finalizer"":0.683,""native_daily:ocean_land"":1.036,""native_daily:sea_ice"":0.745,""native_daily:wind_surface"":0.988}",{},{},{},{},0,0,7.697,0.08,0,0.35,616,1432,0,0,0,0.342,0,0,0,0,0,0,100,0,19.520333,43.67,0.031,11.393333,707,275369,450,604,604,0,220974,24,7945,2,0,0,2,4800,0,78.331,0,SHADOW,SHADOW,,4095,2050,2045,missing_native_domain_handlers,false,16,false,0,0,false,0,0,0,0,0,climate_trace_reference_pending,,,,,0,,,0,0,2,0,0,1.815807,0,0,0,0,0,0,604,603,2400,true,0,0,0,0,0,0,0,0,0,0,4088,0,3,0,3,0,0,0,0,0,0,0,climate_trace_reference_pending,0,0,0,0,0,0,0,0,0,0,0,0,0,0,0,0,0,0,0,0,0,0,0,0,0,false,
492,605,57568,false,67,50,16.914,16.31,0.012,0.31,natural_resource_daily,natural_resource_daily,,gdext,2.6,2400,0,0,2400,-1,-1,,923.076957,3.48507,5.624,7.511,260,8,3,1.5,false,2,8.666,,,,,,,,,,,,,,,,,,,,,,,,,,,,,,,,,,,,,,,,,,0,0,0,0,false,0,0,,0,0,0,0,0,0,0,,,,,false,{},{},{},{},{},{},{},0,0,0.407,0.061,0,2.674,616,1432,3,0,1.001,0.162,0.79,0.049,0.952,0.352,0,0,100,0,11.033333,43.67,0.031,7.891333,707,275369,450,604,604,0,220974,24,7945,2,0,0,2,4800,0,78.331,0,SHADOW,SHADOW,,4095,2050,2045,missing_native_domain_handlers,false,16,false,0,0,false,0,0,0,0,0,climate_trace_reference_pending,,,,,0,,,0,0,2,0,0,1.830657,0,0,0,0,0,0,605,604,2400,true,0,0,0,0,0,0,0,0,0,0,4088,0,3,0,3,0,0,0,0,0,0,0,climate_trace_reference_pending,0,0,0,0,0,0,0,0,0,0,0,0,0,0,0,0,0,0,0,0,0,0,0,0,0,false,
493,606,57634,false,67,50,21.781,20.134,0.733,0.597,ocean_currents,daily_wind_prepass,daily_wind_slp,gdext_daily_wind_slp,1.025,2400,2400,0,0,-1,-1,,2341.463469,3.48534,5.624,7.511,260,8,3,1.5,false,2,8.666,,,,,,,,,,,,,,,,,,,,,,,,,,,,,,,,,,,,,,,,,,2,12,12,1,true,1,0.056,building_plan,0,3,13.665,8.056,1.86,0.213,8,building_plan,trade_settle,reserve,ECONOMY_GRAPH,false,"{""economy:building_plan"":2,""economy:epoch_begin"":1,""native_daily:climate_pass_b"":1,""native_daily:native_daily_complete"":1,""native_daily:native_daily_finalizer"":1,""native_daily:ocean_land"":1,""native_daily:runtime_hydrology"":1,""native_daily:sea_ice"":1,""native_daily:transpiration"":1,""native_daily:weather_stage_b"":1,""native_daily:wind_surface"":1}","{""economy:building_plan"":0.494,""economy:epoch_begin"":1.86,""native_daily:climate_pass_b"":0.766,""native_daily:native_daily_complete"":0.882,""native_daily:native_daily_finalizer"":0.842,""native_daily:ocean_land"":1.215,""native_daily:runtime_hydrology"":1.303,""native_daily:sea_ice"":0.574,""native_daily:transpiration"":0.575,""native_daily:weather_stage_b"":1.63,""native_daily:wind_surface"":0.746}","{""economy:building_plan"":0.281,""economy:epoch_begin"":1.86,""native_daily:climate_pass_b"":0.766,""native_daily:native_daily_complete"":0.882,""native_daily:native_daily_finalizer"":0.842,""native_daily:ocean_land"":1.215,""native_daily:runtime_hydrology"":1.303,""native_daily:sea_ice"":0.574,""native_daily:transpiration"":0.575,""native_daily:weather_stage_b"":1.63,""native_daily:wind_surface"":0.746}",{},{},{},{},0,0.001,6.575,0.06,0,1.974,616,1432,4,0,0.561,0,0.738,0.033,0.537,0.274,0,0,100,0,16.4555,43.67,0.031,7.8465,707,274905,450,606,606,0,221730,25,8009,3,0,0,2,4800,0,78.331,0,SHADOW,SHADOW,,4095,2050,2045,missing_native_domain_handlers,false,16,false,0,0,false,0,0,0,0,0,climate_trace_reference_pending,,,,,0,,,0,0,2,0,0,1.866307,0,0,0,0,0,0,606,605,2400,true,0,0,0,0,0,0,0,0,0,0,4088,0,3,0,3,0,0,0,0,0,0,0,climate_trace_reference_pending,0,0,0,0,0,0,0,0,0,0,0,0,0,0,0,0,0,0,0,0,0,0,0,0,0,false,
494,607,57670,false,67,50,15.178,14.557,0.012,0.33,native_daily_sim,climate_pass_a,climate_pass_a_struct,gdext_native_daily_slice,2.179,1,0,0,1,-1,-1,,0.458926,3.485631,5.624,7.511,260,8,3,1.5,false,2,8.666,,,,,,,,,,,,,,,,,,,,,,,,,,,,,,,,,,,,,,,,,,0,0,0,0,false,0,0,,0,0,0,0,0,0,0,,,,,false,{},{},{},{},{},{},{},0,0.001,0.403,0.067,0,1.119,616,1432,4,0,0.339,0.172,0.553,0.007,0.034,0.171,0,0,100,0,11.959,43.67,0.031,10.37,707,274750,450,607,607,0,221732,25,1154,2,0,0,2,4800,0,78.331,0,SHADOW,SHADOW,,4095,2050,2045,missing_native_domain_handlers,false,16,false,0,0,false,0,0,0,0,0,climate_trace_reference_pending,,,,,0,,,0,0,2,0,0,1.974992,0,0,0,0,0,0,607,606,2400,true,0,0,0,0,0,0,0,0,0,0,4088,0,3,0,3,0,0,0,0,0,0,0,climate_trace_reference_pending,0,0,0,0,0,0,0,0,0,0,0,0,0,0,0,0,0,0,0,0,0,0,0,0,0,false,
495,608,57727,false,67,50,23.07,22.342,0.013,0.39,dynamic_visual_atlas_upload,,,cell_indirection_lut,2.078,2400,2400,0,0,-1,-1,,1154.956651,3.487877,5.624,7.511,260,8,3,1.5,false,2,8.666,,,,,,,,,,,,,,,,,,,,,,,,,,,,,,,,,,,,,,,,,,1,7,7,1,true,1,1.253,epoch_begin,0,1,9.253,9.253,3.764,3.764,8,epoch_begin,building_plan,,ECONOMY_GRAPH,false,"{""economy:epoch_begin"":1,""native_daily:climate_pass_b"":1,""native_daily:native_daily_complete"":1,""native_daily:native_daily_finalizer"":1,""native_daily:ocean_land"":1,""native_daily:sea_ice"":1,""native_daily:wind_surface"":1}","{""economy:epoch_begin"":3.764,""native_daily:climate_pass_b"":0.702,""native_daily:native_daily_complete"":0.329,""native_daily:native_daily_finalizer"":0.649,""native_daily:ocean_land"":1.125,""native_daily:sea_ice"":0.646,""native_daily:wind_surface"":1.016}","{""economy:epoch_begin"":3.764,""native_daily:climate_pass_b"":0.702,""native_daily:native_daily_complete"":0.329,""native_daily:native_daily_finalizer"":0.649,""native_daily:ocean_land"":1.125,""native_daily:sea_ice"":0.646,""native_daily:wind_surface"":1.016}",{},{},{},{},0,0.001,7.878,0.057,0,1.682,616,1432,4,0,0.734,0,0.5,0.014,0.469,0.277,0,0,100,0,19.085667,43.67,0.031,9.468667,707,274750,450,609,609,0,222489,25,7854,2,0,0,2,4800,0,78.331,0,SHADOW,SHADOW,,4095,2050,2045,missing_native_domain_handlers,false,16,false,0,0,false,0,0,0,0,0,climate_trace_reference_pending,,,,,0,,,0,0,2,0,0,1.477572,0,0,0,0,0,0,608,607,2400,true,0,0,0,0,0,0,0,0,0,0,4088,0,3,0,3,0,0,0,0,0,0,0,climate_trace_reference_pending,0,0,0,0,0,0,0,0,0,0,0,0,0,0,0,0,0,0,0,0,0,0,0,0,0,false,
496,609,57754,false,67,50,13.483,12.867,0.014,0.315,native_daily_sim,climate_pass_a,climate_pass_a_struct,gdext_native_daily_slice,1.652,1,0,0,1,-1,-1,,0.605327,3.47985,5.624,7.511,260,8,3,1.5,false,2,8.666,,,,,,,,,,,,,,,,,,,,,,,,,,,,,,,,,,,,,,,,,,0,0,0,0,false,0,0,,0,0,0,0,0,0,0,,,,,false,{},{},{},{},{},{},{},0,0,0.457,0.071,0,1.414,616,1432,4,0,0.451,0,0.489,0.013,0.18,0.301,0,0,100,0,13.3035,43.67,0.031,11.3615,706,274748,450,609,609,0,222489,25,7854,2,0,0,2,4800,0,78.331,0,SHADOW,SHADOW,,4095,2050,2045,missing_native_domain_handlers,false,16,false,0,0,false,0,0,0,0,0,climate_trace_reference_pending,,,,,0,,,0,0,2,0,0,1.273657,0,0,0,0,0,0,609,608,2400,true,0,0,0,0,0,0,0,0,0,0,4088,0,3,0,3,0,0,0,0,0,0,0,climate_trace_reference_pending,0,0,0,0,0,0,0,0,0,0,0,0,0,0,0,0,0,0,0,0,0,0,0,0,0,false,
497,610,57815,false,67,50,22.476,21.749,0.014,0.393,natural_resource_daily,natural_resource_daily,,gdext,2.544,2400,0,0,2400,-1,-1,,943.39626,3.487013,5.624,7.511,261,8,3,1.5,false,2,8.666,,,,,,,,,,,,,,,,,,,,,,,,,,,,,,,,,,,,,,,,,,1,7,7,1,true,1,1.824,epoch_begin,0,1,9.824,9.824,4.015,4.015,8,epoch_begin,building_plan,,ECONOMY_GRAPH,false,"{""economy:epoch_begin"":1,""native_daily:climate_pass_b"":1,""native_daily:native_daily_complete"":1,""native_daily:native_daily_finalizer"":1,""native_daily:ocean_land"":1,""native_daily:sea_ice"":1,""native_daily:wind_surface"":1}","{""economy:epoch_begin"":4.015,""native_daily:climate_pass_b"":0.878,""native_daily:native_daily_complete"":0.334,""native_daily:native_daily_finalizer"":0.664,""native_daily:ocean_land"":1.33,""native_daily:sea_ice"":0.587,""native_daily:wind_surface"":0.963}","{""economy:epoch_begin"":4.015,""native_daily:climate_pass_b"":0.878,""native_daily:native_daily_complete"":0.334,""native_daily:native_daily_finalizer"":0.664,""native_daily:ocean_land"":1.33,""native_daily:sea_ice"":0.587,""native_daily:wind_surface"":0.963}",{},{},{},{},0,0.001,0.424,0.053,0,0.972,594,1432,3,0,0.371,0.053,0.317,0.009,0.211,0.166,0,0,100,0,15.2755,43.67,0.031,13.8265,706,274748,450,611,611,0,223245,26,8007,3,0,0,2,4800,0,78.331,0,SHADOW,SHADOW,,4095,2050,2045,missing_native_domain_handlers,false,16,false,0,0,false,0,0,0,0,0,climate_trace_reference_pending,,,,,0,,,0,0,2,0,0,1.880382,0,0,0,0,0,0,610,609,2400,true,0,0,0,0,0,0,0,0,0,0,4088,0,3,0,3,0,0,0,0,0,0,0,climate_trace_reference_pending,0,0,0,0,0,0,0,0,0,0,0,0,0,0,0,0,0,0,0,0,0,0,0,0,0,false,
498,611,57839,false,67,50,13.059,12.418,0.012,0.369,native_daily_sim,climate_pass_a,climate_pass_a_struct,gdext_native_daily_slice,1.625,1,0,0,1,-1,-1,,0.615385,3.481737,5.624,7.511,261,8,3,1.5,false,2,8.666,,,,,,,,,,,,,,,,,,,,,,,,,,,,,,,,,,,,,,,,,,0,0,0,0,false,0,0,,0,0,0,0,0,0,0,,,,,false,{},{},{},{},{},{},{},0,0.001,1.86,0.057,0,0.057,594,1432,0,0,0,0.051,0,0,0,0,0,0,100,0,12.1815,43.67,0.031,10.2075,706,274748,450,612,612,0,223247,26,1276,2,0,0,2,4800,0,78.331,0,SHADOW,SHADOW,,4095,2050,2045,missing_native_domain_handlers,false,16,false,0,0,false,0,0,0,0,0,climate_trace_reference_pending,,,,,0,,,0,0,2,0,0,1.568217,0,0,0,0,0,0,611,610,2400,true,0,0,0,0,0,0,0,0,0,0,4088,0,3,0,3,0,0,0,0,0,0,0,climate_trace_reference_pending,0,0,0,0,0,0,0,0,0,0,0,0,0,0,0,0,0,0,0,0,0,0,0,0,0,false,
499,612,57907,false,67,50,24.799,24.197,0.013,0.313,dynamic_visual_atlas_upload,,,cell_indirection_lut,1.649,2400,2400,0,0,-1,-1,,1455.427489,3.481537,5.624,7.511,261,8,3,1.5,false,2,8.666,,,,,,,,,,,,,,,,,,,,,,,,,,,,,,,,,,,,,,,,,,1,7,7,1,true,1,1.619,epoch_begin,0,1,9.619,9.619,4.053,4.053,8,epoch_begin,building_plan,,ECONOMY_GRAPH,false,"{""economy:epoch_begin"":1,""native_daily:climate_pass_b"":1,""native_daily:native_daily_complete"":1,""native_daily:native_daily_finalizer"":1,""native_daily:ocean_land"":1,""native_daily:sea_ice"":1,""native_daily:wind_surface"":1}","{""economy:epoch_begin"":4.053,""native_daily:climate_pass_b"":0.789,""native_daily:native_daily_complete"":0.462,""native_daily:native_daily_finalizer"":0.794,""native_daily:ocean_land"":1.026,""native_daily:sea_ice"":0.718,""native_daily:wind_surface"":0.841}","{""economy:epoch_begin"":4.053,""native_daily:climate_pass_b"":0.789,""native_daily:native_daily_complete"":0.462,""native_daily:native_daily_finalizer"":0.794,""native_daily:ocean_land"":1.026,""native_daily:sea_ice"":0.718,""native_daily:wind_surface"":0.841}",{},{},{},{},0,0,0.434,0.066,0,2.562,594,1432,4,0,0.814,0.16,0.877,0.017,0.729,0.336,0,0,100,0,16.82075,43.67,0.031,13.75875,706,274473,450,614,614,0,224005,27,8100,3,0,0,2,4800,0,78.331,0,SHADOW,SHADOW,,4095,2050,2045,missing_native_domain_handlers,false,16,false,0,0,false,0,0,0,0,0,climate_trace_reference_pending,,,,,0,,,0,0,2,0,0,1.359717,0,0,0,0,0,0,612,611,2400,true,0,0,0,0,0,0,0,0,0,0,4088,0,3,0,3,0,0,0,0,0,0,0,climate_trace_reference_pending,0,0,0,0,0,0,0,0,0,0,0,0,0,0,0,0,0,0,0,0,0,0,0,0,0,false,
500,613,57935,false,67,50,13.433,12.782,0.014,0.322,native_daily_sim,climate_pass_a,climate_pass_a_struct,gdext_native_daily_slice,2.218,1,0,0,1,-1,-1,,0.450857,3.482027,5.624,7.511,261,8,3,1.5,false,2,8.666,,,,,,,,,,,,,,,,,,,,,,,,,,,,,,,,,,,,,,,,,,0,0,0,0,false,0,0,,0,0,0,0,0,0,0,,,,,false,{},{},{},{},{},{},{},0,0,1.92,0.065,0,1.684,594,1432,4,0,0.456,0,0.623,0.012,0.497,0.232,0,0,100,0,14.258,43.67,0.031,10.589,706,274415,450,615,615,0,224007,27,1324,2,0,0,2,4800,0,78.331,0,SHADOW,SHADOW,,4095,2050,2045,missing_native_domain_handlers,false,16,false,0,0,false,0,0,0,0,0,climate_trace_reference_pending,,,,,0,,,0,0,2,0,0,1.335817,0,0,0,0,0,0,613,612,2400,true,0,0,0,0,0,0,0,0,0,0,4088,0,3,0,3,0,0,0,0,0,0,0,climate_trace_reference_pending,0,0,0,0,0,0,0,0,0,0,0,0,0,0,0,0,0,0,0,0,0,0,0,0,0,false,
501,614,58005,false,67,50,20.472,19.192,0.599,0.324,trigger_runtime,trigger_evaluate,,TRIGGER_GRAPH,0.933,357,0,0,357,-1,-1,,382.636644,3.48167,5.624,7.511,261,8,3,1.5,false,2,8.666,,,,,,,,,,,,,,,,,,,,,,,,,,,,,,,,,,,,,,,,,,2,10,10,1,true,1,0.36,epoch_begin,0,1,14.376,8.36,3.75,3.75,8,epoch_begin,building_plan,,ECONOMY_GRAPH,false,"{""economy:epoch_begin"":1,""native_daily:climate_pass_b"":1,""native_daily:native_daily_complete"":1,""native_daily:native_daily_finalizer"":1,""native_daily:ocean_land"":1,""native_daily:runtime_hydrology"":1,""native_daily:sea_ice"":1,""native_daily:transpiration"":1,""native_daily:weather_stage_b"":1,""native_daily:wind_surface"":1}","{""economy:epoch_begin"":3.75,""native_daily:climate_pass_b"":0.9,""native_daily:native_daily_complete"":0.742,""native_daily:native_daily_finalizer"":0.647,""native_daily:ocean_land"":1.198,""native_daily:runtime_hydrology"":1.358,""native_daily:sea_ice"":0.643,""native_daily:transpiration"":0.529,""native_daily:weather_stage_b"":1.844,""native_daily:wind_surface"":0.788}","{""economy:epoch_begin"":3.75,""native_daily:climate_pass_b"":0.9,""native_daily:native_daily_complete"":0.742,""native_daily:native_daily_finalizer"":0.647,""native_daily:ocean_land"":1.198,""native_daily:runtime_hydrology"":1.358,""native_daily:sea_ice"":0.643,""native_daily:transpiration"":0.529,""native_daily:weather_stage_b"":1.844,""native_daily:wind_surface"":0.788}",{},{},{},{},0,0,7.157,0.058,0,2.603,594,1432,4,0,0.951,0,0.695,0.014,0.975,0.407,0,0,100,0,17.42925,43.67,0.031,7.61125,706,274390,450,617,617,0,224766,27,7323,2,0,0,2,4800,0,78.331,0,SHADOW,SHADOW,,4095,2050,2045,missing_native_domain_handlers,false,16,false,0,0,false,0,0,0,0,0,climate_trace_reference_pending,,,,,0,,,0,0,2,0,0,1.502227,0,0,0,0,0,0,614,613,2400,true,0,0,0,0,0,0,0,0,0,0,4088,0,3,0,3,0,0,0,0,0,0,0,climate_trace_reference_pending,0,0,0,0,0,0,0,0,0,0,0,0,0,0,0,0,0,0,0,0,0,0,0,0,0,false,
502,615,58046,false,66,50,23.385,16.925,0.015,6.145,natural_resource_daily,natural_resource_daily,,gdext,2.398,2400,0,0,2400,-1,-1,,1000.834028,3.49124,5.632999,7.511,261,8,3,1.5,false,2,8.666,,,,,,,,,,,,,,,,,,,,,,,,,,,,,,,,,,,,,,,,,,0,0,0,0,false,0,0,,0,0,0,0,0,0,0,,,,,false,{},{},{},{},{},{},{},0,0.001,0.443,0.054,0,1.694,594,1432,4,0,0.522,0.144,0.439,0.01,0.56,0.204,0,0,100,0,13.815667,33.7,0.035,11.624667,706,274158,450,617,617,0,224766,27,7323,2,0,0,2,4800,0,78.331,0,SHADOW,SHADOW,,4095,2050,2045,missing_native_domain_handlers,false,16,false,0,0,false,0,0,0,0,0,climate_trace_reference_pending,,,,,0,,,0,0,2,0,0,1.406707,0,0,0,0,0,0,615,614,2400,true,0,0,0,0,0,0,0,0,0,0,4088,0,3,0,3,0,0,0,0,0,0,0,climate_trace_reference_pending,0,0,0,0,0,0,0,0,0,0,0,0,0,0,0,0,0,0,0,0,0,0,0,0,0,false,
503,616,58111,false,66,50,22.45,21.732,0.013,0.374,dynamic_visual_atlas_upload,,,cell_indirection_lut,1.656,2400,2400,0,0,-1,-1,,1449.275346,3.490343,5.632999,7.511,261,8,3,1.5,false,2,8.666,,,,,,,,,,,,,,,,,,,,,,,,,,,,,,,,,,,,,,,,,,1,8,8,1,true,1,0.276,building_plan,0,2,8.276,8.276,1.537,0.206,8,building_plan,building_plan,evaluate,ECONOMY_GRAPH,false,"{""economy:building_plan"":1,""economy:epoch_begin"":1,""native_daily:climate_pass_b"":1,""native_daily:native_daily_complete"":1,""native_daily:native_daily_finalizer"":1,""native_daily:ocean_land"":1,""native_daily:sea_ice"":1,""native_daily:wind_surface"":1}","{""economy:building_plan"":0.206,""economy:epoch_begin"":1.537,""native_daily:climate_pass_b"":0.663,""native_daily:native_daily_complete"":0.339,""native_daily:native_daily_finalizer"":0.571,""native_daily:ocean_land"":1.041,""native_daily:sea_ice"":0.689,""native_daily:wind_surface"":0.89}","{""economy:building_plan"":0.206,""economy:epoch_begin"":1.537,""native_daily:climate_pass_b"":0.663,""native_daily:native_daily_complete"":0.339,""native_daily:native_daily_finalizer"":0.571,""native_daily:ocean_land"":1.041,""native_daily:sea_ice"":0.689,""native_daily:wind_surface"":0.89}",{},{},{},{},0,0.001,0.449,0.074,0,0.963,594,1432,4,0,0.273,0.126,0.345,0.009,0.082,0.156,0,0,100,0,16.04075,33.7,0.035,14.55475,706,274158,450,619,619,0,225155,28,8020,3,0,0,2,4800,0,78.331,0,SHADOW,SHADOW,,4095,2050,2045,missing_native_domain_handlers,false,16,false,0,0,false,0,0,0,0,0,climate_trace_reference_pending,,,,,0,,,0,0,2,0,0,1.665617,0,0,0,0,0,0,616,615,2400,true,0,0,0,0,0,0,0,0,0,0,4088,0,3,0,3,0,0,0,0,0,0,0,climate_trace_reference_pending,0,0,0,0,0,0,0,0,0,0,0,0,0,0,0,0,0,0,0,0,0,0,0,0,0,false,
504,617,58142,false,66,50,13.369,12.671,0.013,0.402,native_daily_sim,climate_pass_a,climate_pass_a_struct,gdext_native_daily_slice,1.823,1,0,0,1,-1,-1,,0.548546,3.48754,5.632999,7.511,261,8,3,1.5,false,2,8.666,,,,,,,,,,,,,,,,,,,,,,,,,,,,,,,,,,,,,,,,,,0,0,0,0,false,0,0,,0,0,0,0,0,0,0,,,,,false,{},{},{},{},{},{},{},0,0.001,3.222,0.076,0,2.844,594,1432,3,0,1.603,0,0.729,0.063,1.148,0.462,0,0,100,0,15.4625,33.7,0.035,9.3205,706,273958,450,620,620,0,225524,28,2675,2,0,0,2,4800,0,78.331,0,SHADOW,SHADOW,,4095,2050,2045,missing_native_domain_handlers,false,16,false,0,0,false,0,0,0,0,0,climate_trace_reference_pending,,,,,0,,,0,0,2,0,0,1.663897,0,0,0,0,0,0,617,616,2400,true,0,0,0,0,0,0,0,0,0,0,4088,0,3,0,3,0,0,0,0,0,0,0,climate_trace_reference_pending,0,0,0,0,0,0,0,0,0,0,0,0,0,0,0,0,0,0,0,0,0,0,0,0,0,false,
505,618,58189,false,66,50,21.881,21.18,0.013,0.371,ocean_currents,daily_wind_prepass,daily_wind_slp,gdext_daily_wind_slp,1.093,2400,2400,0,0,-1,-1,,2195.791291,3.487054,5.632999,7.511,261,8,3,1.5,false,2,8.666,,,,,,,,,,,,,,,,,,,,,,,,,,,,,,,,,,,,,,,,,,1,6,6,1,false,0,0,,0,0,5.118,5.118,1.222,0.321,8,native_daily_complete,native_daily_complete,round_complete,gdext_native_daily_slice,true,"{""native_daily:climate_pass_b"":1,""native_daily:native_daily_complete"":1,""native_daily:native_daily_finalizer"":1,""native_daily:ocean_land"":1,""native_daily:sea_ice"":1,""native_daily:wind_surface"":1}","{""native_daily:climate_pass_b"":0.983,""native_daily:native_daily_complete"":0.321,""native_daily:native_daily_finalizer"":0.614,""native_daily:ocean_land"":1.222,""native_daily:sea_ice"":0.88,""native_daily:wind_surface"":0.945}","{""native_daily:climate_pass_b"":0.983,""native_daily:native_daily_complete"":0.321,""native_daily:native_daily_finalizer"":0.614,""native_daily:ocean_land"":1.222,""native_daily:sea_ice"":0.88,""native_daily:wind_surface"":0.945}",{},{},{},{},0,0,0.434,0.078,0,1.71,594,1432,4,0,0.563,0.117,0.646,0.022,0.167,0.443,0,0,100,0,15.722,33.7,0.035,13.5,707,273940,450,621,621,0,225544,29,8147,3,0,0,2,4800,0,78.331,0,SHADOW,SHADOW,,4095,2050,2045,missing_native_domain_handlers,false,16,false,0,0,false,0,0,0,0,0,climate_trace_reference_pending,,,,,0,,,0,0,2,0,0,1.598782,0,0,0,0,0,0,618,617,2400,true,0,0,0,0,0,0,0,0,0,0,4088,0,3,0,3,0,0,0,0,0,0,0,climate_trace_reference_pending,0,0,0,0,0,0,0,0,0,0,0,0,0,0,0,0,0,0,0,0,0,0,0,0,0,false,
506,619,58221,false,66,50,14.99,14.217,0.015,0.421,native_daily_sim,climate_pass_a,climate_pass_a_struct,gdext_native_daily_slice,1.95,1,0,0,1,-1,-1,,0.512821,3.490393,5.632999,7.511,261,8,3,1.5,false,2,8.666,,,,,,,,,,,,,,,,,,,,,,,,,,,,,,,,,,,,,,,,,,0,0,0,0,false,0,0,,0,0,0,0,0,0,0,,,,,false,{},{},{},{},{},{},{},0,0.001,1.932,0.064,0,2.603,594,1432,4,0,1.043,0,0.598,0.023,0.978,0.473,0,0,100,0,16.026,33.7,0.035,11.427,708,274075,451,622,622,0,225903,29,1361,2,0,0,2,4800,0,78.331,0,SHADOW,SHADOW,,4095,2050,2045,missing_native_domain_handlers,false,16,false,0,0,false,0,0,0,0,0,climate_trace_reference_pending,,,,,0,,,0,0,2,0,0,1.551272,0,0,0,0,0,0,619,618,2400,true,0,0,0,0,0,0,0,0,0,0,4088,0,3,0,3,0,0,0,0,0,0,0,climate_trace_reference_pending,0,0,0,0,0,0,0,0,0,0,0,0,0,0,0,0,0,0,0,0,0,0,0,0,0,false,
507,620,58300,false,66,50,26.234,25.643,0.016,0.307,natural_resource_daily,natural_resource_daily,,gdext,2.711,2400,0,0,2400,-1,-1,,885.282195,3.49972,5.659,7.511,261,8,3,1.5,false,2,8.666,,,,,,,,,,,,,,,,,,,,,,,,,,,,,,,,,,,,,,,,,,2,8,8,1,true,1,0.209,building_plan,0,2,13.548,8.209,4.713,0.311,8,building_plan,building_plan,evaluate,ECONOMY_GRAPH,false,"{""economy:building_plan"":1,""economy:epoch_begin"":1,""native_daily:climate_pass_b"":1,""native_daily:native_daily_complete"":1,""native_daily:native_daily_finalizer"":1,""native_daily:ocean_land"":1,""native_daily:sea_ice"":1,""native_daily:wind_surface"":1}","{""economy:building_plan"":0.311,""economy:epoch_begin"":4.713,""native_daily:climate_pass_b"":1.024,""native_daily:native_daily_complete"":0.554,""native_daily:native_daily_finalizer"":0.769,""native_daily:ocean_land"":1.426,""native_daily:sea_ice"":0.923,""native_daily:wind_surface"":1.077}","{""economy:building_plan"":0.311,""economy:epoch_begin"":4.713,""native_daily:climate_pass_b"":1.024,""native_daily:native_daily_complete"":0.554,""native_daily:native_daily_finalizer"":0.769,""native_daily:ocean_land"":1.426,""native_daily:sea_ice"":0.923,""native_daily:wind_surface"":1.077}",{},{},{},{},0,0,0.408,0.077,0,1.219,594,1432,4,0,0.345,0,0.47,0.009,0.24,0.181,0,0,100,0,15.7928,33.7,0.035,14.0888,708,274020,451,624,624,0,226657,29,7935,2,0,0,2,4800,0,78.331,0,SHADOW,SHADOW,,4095,2050,2045,missing_native_domain_handlers,false,16,false,0,0,false,0,0,0,0,0,climate_trace_reference_pending,,,,,0,,,0,0,2,0,0,1.933342,0,0,0,0,0,0,620,619,2400,true,0,0,0,0,0,0,0,0,0,0,4088,0,3,0,3,0,0,0,0,0,0,0,climate_trace_reference_pending,0,0,0,0,0,0,0,0,0,0,0,0,0,0,0,0,0,0,0,0,0,0,0,0,0,false,
508,621,58330,false,66,50,15.815,15.089,0.014,0.388,native_daily_sim,climate_pass_a,climate_pass_a_struct,gdext_native_daily_slice,2.789,1,0,0,1,-1,-1,,0.358551,3.501847,5.659,7.511,261,8,3,1.5,false,2,8.666,,,,,,,,,,,,,,,,,,,,,,,,,,,,,,,,,,,,,,,,,,0,0,0,0,false,0,0,,0,0,0,0,0,0,0,,,,,false,{},{},{},{},{},{},{},0,0.001,0.497,0.077,0,2.522,594,1432,4,0,0.968,0.172,0.458,0.026,1.093,0.322,0,0,100,0,15.2385,33.7,0.035,12.1425,708,274020,451,624,624,0,226657,29,7935,2,0,0,2,4800,0,78.331,0,SHADOW,SHADOW,,4095,2050,2045,missing_native_domain_handlers,false,16,false,0,0,false,0,0,0,0,0,climate_trace_reference_pending,,,,,0,,,0,0,2,0,0,1.984497,0,0,0,0,0,0,621,620,2400,true,0,0,0,0,0,0,0,0,0,0,4088,0,3,0,3,0,0,0,0,0,0,0,climate_trace_reference_pending,0,0,0,0,0,0,0,0,0,0,0,0,0,0,0,0,0,0,0,0,0,0,0,0,0,false,
509,622,58442,false,66,50,21.678,20.509,0.577,0.308,trigger_runtime,trigger_evaluate,,TRIGGER_GRAPH,0.709,0,0,0,0,-1,-1,,0,3.50261,5.659,7.511,261,8,3,1.5,false,2,8.666,,,,,,,,,,,,,,,,,,,,,,,,,,,,,,,,,,,,,,,,,,3,10,10,1,true,1,2.676,epoch_begin,0,1,22.15,10.676,6.436,6.436,8,epoch_begin,building_plan,,ECONOMY_GRAPH,false,"{""economy:epoch_begin"":1,""native_daily:climate_pass_b"":1,""native_daily:native_daily_complete"":1,""native_daily:native_daily_finalizer"":1,""native_daily:ocean_land"":1,""native_daily:runtime_hydrology"":1,""native_daily:sea_ice"":1,""native_daily:transpiration"":1,""native_daily:weather_stage_b"":1,""native_daily:wind_surface"":1}","{""economy:epoch_begin"":6.436,""native_daily:climate_pass_b"":1.149,""native_daily:native_daily_complete"":1.339,""native_daily:native_daily_finalizer"":1.38,""native_daily:ocean_land"":1.523,""native_daily:runtime_hydrology"":1.785,""native_daily:sea_ice"":0.978,""native_daily:transpiration"":1.452,""native_daily:weather_stage_b"":2.967,""native_daily:wind_surface"":1.308}","{""economy:epoch_begin"":6.436,""native_daily:climate_pass_b"":1.149,""native_daily:native_daily_complete"":1.339,""native_daily:native_daily_finalizer"":1.38,""native_daily:ocean_land"":1.523,""native_daily:runtime_hydrology"":1.785,""native_daily:sea_ice"":0.978,""native_daily:transpiration"":1.452,""native_daily:weather_stage_b"":2.967,""native_daily:wind_surface"":1.308}",{},{},{},{},0,0,0.522,0.108,0,2.411,594,1432,4,0,0.692,0,0.673,0.013,0.501,0.51,0,0,100,0,15.942857,33.7,0.035,12.901857,708,272780,451,627,627,0,227414,30,6661,2,0,0,2,4800,0,78.331,0,SHADOW,SHADOW,,4095,2050,2045,missing_native_domain_handlers,false,16,false,0,0,false,0,0,0,0,0,climate_trace_reference_pending,,,,,0,,,0,0,2,0,0,1.388697,0,0,0,0,0,0,622,621,2400,true,0,0,0,0,0,0,0,0,0,0,4088,0,3,0,3,0,0,0,0,0,0,0,climate_trace_reference_pending,0,0,0,0,0,0,0,0,0,0,0,0,0,0,0,0,0,0,0,0,0,0,0,0,0,false,
510,623,58467,false,66,50,11.724,11.202,0.011,0.276,native_daily_sim,climate_pass_a,climate_pass_a_struct,gdext_native_daily_slice,1.368,1,0,0,1,-1,-1,,0.730994,3.499483,5.659,7.511,261,8,3,1.5,false,2,8.666,,,,,,,,,,,,,,,,,,,,,,,,,,,,,,,,,,,,,,,,,,0,0,0,0,false,0,0,,0,0,0,0,0,0,0,,,,,false,{},{},{},{},{},{},{},0,0.001,0.477,0.083,0,1.524,594,1432,4,0,0.425,0.125,0.581,0.013,0.037,0.206,0,0,100,0,12.401,33.7,0.035,10.317,708,272870,451,627,627,0,227414,30,6661,2,0,0,2,4800,0,78.331,0,SHADOW,SHADOW,,4095,2050,2045,missing_native_domain_handlers,false,16,false,0,0,false,0,0,0,0,0,climate_trace_reference_pending,,,,,0,,,0,0,2,0,0,1.002132,0,0,0,0,0,0,623,622,2400,true,0,0,0,0,0,0,0,0,0,0,4088,0,3,0,3,0,0,0,0,0,0,0,climate_trace_reference_pending,0,0,0,0,0,0,0,0,0,0,0,0,0,0,0,0,0,0,0,0,0,0,0,0,0,false,
511,624,58523,false,66,50,24.271,23.626,0.012,0.368,dynamic_visual_atlas_upload,,,cell_indirection_lut,1.66,2400,2400,0,0,-1,-1,,1445.783162,3.50228,5.672,7.511,261,8,3,1.5,false,2,8.666,,,,,,,,,,,,,,,,,,,,,,,,,,,,,,,,,,,,,,,,,,1,7,7,1,true,1,0.285,epoch_begin,0,1,8.285,8.285,4.038,4.038,8,epoch_begin,building_plan,,ECONOMY_GRAPH,false,"{""economy:epoch_begin"":1,""native_daily:climate_pass_b"":1,""native_daily:native_daily_complete"":1,""native_daily:native_daily_finalizer"":1,""native_daily:ocean_land"":1,""native_daily:sea_ice"":1,""native_daily:wind_surface"":1}","{""economy:epoch_begin"":4.038,""native_daily:climate_pass_b"":0.529,""native_daily:native_daily_complete"":0.347,""native_daily:native_daily_finalizer"":0.491,""native_daily:ocean_land"":0.769,""native_daily:sea_ice"":0.495,""native_daily:wind_surface"":0.745}","{""economy:epoch_begin"":4.038,""native_daily:climate_pass_b"":0.529,""native_daily:native_daily_complete"":0.347,""native_daily:native_daily_finalizer"":0.491,""native_daily:ocean_land"":0.769,""native_daily:sea_ice"":0.495,""native_daily:wind_surface"":0.745}",{},{},{},{},0,0,0.414,0.044,0,0.306,578,1432,0,0,0,0.3,0,0,0,0,0,0,100,0,14.18325,33.7,0.035,13.41925,708,272870,451,629,629,0,228171,30,7451,2,0,0,2,4800,0,78.331,0,SHADOW,SHADOW,,4095,2050,2045,missing_native_domain_handlers,false,16,false,0,0,false,0,0,0,0,0,climate_trace_reference_pending,,,,,0,,,0,0,2,0,0,1.210047,0,0,0,0,0,0,624,623,2400,true,0,0,0,0,0,0,0,0,0,0,4088,0,3,0,3,0,0,0,0,0,0,0,climate_trace_reference_pending,0,0,0,0,0,0,0,0,0,0,0,0,0,0,0,0,0,0,0,0,0,0,0,0,0,false,
512,625,58564,false,66,50,27.158,13.294,0.01,0.292,natural_resource_daily,natural_resource_daily,,gdext,2.304,2400,0,0,2400,-1,-1,,1041.666712,3.498463,5.659,7.511,261,8,3,1.5,false,2,8.666,,,,,,,,,,,,,,,,,,,,,,,,,,,,,,,,,,,,,,,,,,0,0,0,0,false,0,0,,0,0,0,0,0,0,0,,,,,false,{},{},{},{},{},{},{},0,0,0.396,0.063,0,1.667,587,1523,4,0,0.741,0,0.564,0.034,0.565,0.173,0,0,100,0,20.4505,33.7,0.035,18.3245,708,272870,451,629,629,0,228171,30,7451,2,0,0,2,4800,0,78.331,0,SHADOW,SHADOW,,4095,2050,2045,missing_native_domain_handlers,false,16,false,0,0,false,0,0,0,0,0,climate_trace_reference_pending,,,,,0,,,0,0,2,0,0,1.084602,0,0,0,0,0,0,625,624,2400,true,0,0,0,0,0,0,0,0,0,0,4088,0,3,0,3,0,0,0,0,0,0,0,climate_trace_reference_pending,0,0,0,0,0,0,0,0,0,0,0,0,0,0,0,0,0,0,0,0,0,0,0,0,0,false,
513,626,58621,false,66,50,17.348,16.8,0.012,0.291,trigger_runtime,trigger_evaluate,,TRIGGER_GRAPH,0.943,356,0,0,356,-1,-1,,377.51855,3.499133,5.659,7.511,261,8,3,1.5,false,2,8.666,,,,,,,,,,,,,,,,,,,,,,,,,,,,,,,,,,,,,,,,,,1,8,8,1,true,1,0.291,building_plan,0,2,8.291,8.291,2.63,0.189,8,building_plan,building_plan,evaluate,ECONOMY_GRAPH,false,"{""economy:building_plan"":1,""economy:epoch_begin"":1,""native_daily:climate_pass_b"":1,""native_daily:native_daily_complete"":1,""native_daily:native_daily_finalizer"":1,""native_daily:ocean_land"":1,""native_daily:sea_ice"":1,""native_daily:wind_surface"":1}","{""economy:building_plan"":0.189,""economy:epoch_begin"":2.63,""native_daily:climate_pass_b"":0.578,""native_daily:native_daily_complete"":0.374,""native_daily:native_daily_finalizer"":0.621,""native_daily:ocean_land"":0.846,""native_daily:sea_ice"":0.49,""native_daily:wind_surface"":0.78}","{""economy:building_plan"":0.189,""economy:epoch_begin"":2.63,""native_daily:climate_pass_b"":0.578,""native_daily:native_daily_complete"":0.374,""native_daily:native_daily_finalizer"":0.621,""native_daily:ocean_land"":0.846,""native_daily:sea_ice"":0.49,""native_daily:wind_surface"":0.78}",{},{},{},{},0,0,0.352,0.048,0,1.714,587,1523,4,0,0.542,0,0.53,0.017,0.445,0.249,0,0,100,0,14.14875,33.7,0.035,12.03475,708,272870,451,631,631,0,228928,30,6072,2,0,0,2,4800,0,78.331,0,SHADOW,SHADOW,,4095,2050,2045,missing_native_domain_handlers,false,16,false,0,0,false,0,0,0,0,0,climate_trace_reference_pending,,,,,0,,,0,0,2,0,0,1.434092,0,0,0,0,0,0,626,625,2400,true,0,0,0,0,0,0,0,0,0,0,4088,0,3,0,3,0,0,0,0,0,0,0,climate_trace_reference_pending,0,0,0,0,0,0,0,0,0,0,0,0,0,0,0,0,0,0,0,0,0,0,0,0,0,false,
514,627,58647,false,66,50,12.732,12.173,0.012,0.281,native_daily_sim,climate_pass_a,climate_pass_a_struct,gdext_native_daily_slice,1.413,1,0,0,1,-1,-1,,0.707714,3.497779,5.659,7.511,261,8,3,1.5,false,2,8.666,,,,,,,,,,,,,,,,,,,,,,,,,,,,,,,,,,,,,,,,,,0,0,0,0,false,0,0,,0,0,0,0,0,0,0,,,,,false,{},{},{},{},{},{},{},0,0,0.321,0.05,0,0.756,587,1523,4,0,0.26,0,0.372,0.008,0.034,0.139,0,0,100,0,8.730333,33.7,0.035,7.603333,708,272870,451,631,631,0,228928,30,6072,2,0,0,2,4800,0,78.331,0,SHADOW,SHADOW,,4095,2050,2045,missing_native_domain_handlers,false,16,false,0,0,false,0,0,0,0,0,climate_trace_reference_pending,,,,,0,,,0,0,2,0,0,1.935062,0,0,0,0,0,0,627,626,2400,true,0,0,0,0,0,0,0,0,0,0,4088,0,3,0,3,0,0,0,0,0,0,0,climate_trace_reference_pending,0,0,0,0,0,0,0,0,0,0,0,0,0,0,0,0,0,0,0,0,0,0,0,0,0,false,
515,628,58708,false,66,50,22.937,22.269,0.012,0.377,dynamic_visual_atlas_upload,,,cell_indirection_lut,1.562,2400,2400,0,0,-1,-1,,1536.491642,3.494133,5.659,7.511,261,8,3,1.5,false,2,8.666,,,,,,,,,,,,,,,,,,,,,,,,,,,,,,,,,,,,,,,,,,1,7,7,1,true,1,1.377,epoch_begin,0,1,9.377,9.377,4.169,4.169,8,epoch_begin,building_plan,,ECONOMY_GRAPH,false,"{""economy:epoch_begin"":1,""native_daily:climate_pass_b"":1,""native_daily:native_daily_complete"":1,""native_daily:native_daily_finalizer"":1,""native_daily:ocean_land"":1,""native_daily:sea_ice"":1,""native_daily:wind_surface"":1}","{""economy:epoch_begin"":4.169,""native_daily:climate_pass_b"":0.706,""native_daily:native_daily_complete"":0.341,""native_daily:native_daily_finalizer"":0.506,""native_daily:ocean_land"":1.28,""native_daily:sea_ice"":0.578,""native_daily:wind_surface"":0.948}","{""economy:epoch_begin"":4.169,""native_daily:climate_pass_b"":0.706,""native_daily:native_daily_complete"":0.341,""native_daily:native_daily_finalizer"":0.506,""native_daily:ocean_land"":1.28,""native_daily:sea_ice"":0.578,""native_daily:wind_surface"":0.948}",{},{},{},{},0,0,0.313,0.047,0,1.449,587,1523,4,0,0.444,0,0.375,0.008,0.444,0.228,0,0,100,0,15.18475,33.7,0.035,13.37575,708,272870,451,633,633,0,229682,30,7132,2,0,0,2,4800,0,78.331,0,SHADOW,SHADOW,,4095,2050,2045,missing_native_domain_handlers,false,16,false,0,0,false,0,0,0,0,0,climate_trace_reference_pending,,,,,0,,,0,0,2,0,0,1.484132,0,0,0,0,0,0,628,627,2400,true,0,0,0,0,0,0,0,0,0,0,4088,0,3,0,3,0,0,0,0,0,0,0,climate_trace_reference_pending,0,0,0,0,0,0,0,0,0,0,0,0,0,0,0,0,0,0,0,0,0,0,0,0,0,false,
516,629,58731,false,66,50,13.946,13.405,0.01,0.308,native_daily_sim,climate_pass_a,climate_pass_a_struct,gdext_native_daily_slice,2.136,1,0,0,1,-1,-1,,0.468165,3.492166,5.659,7.511,261,8,3,1.5,false,2,8.666,,,,,,,,,,,,,,,,,,,,,,,,,,,,,,,,,,,,,,,,,,0,0,0,0,false,0,0,,0,0,0,0,0,0,0,,,,,false,{},{},{},{},{},{},{},0,0.001,0.361,0.068,0,0.491,587,1523,1,0,0.437,0,0.104,0.003,0.13,0.079,0,0,100,0,11.71,33.7,0.035,10.79,708,272870,451,633,633,0,229682,30,7132,2,0,0,2,4800,0,78.331,0,SHADOW,SHADOW,,4095,2050,2045,missing_native_domain_handlers,false,16,false,0,0,false,0,0,0,0,0,climate_trace_reference_pending,,,,,0,,,0,0,2,0,0,1.116597,0,0,0,0,0,0,629,628,2400,true,0,0,0,0,0,0,0,0,0,0,4088,0,3,0,3,0,0,0,0,0,0,0,climate_trace_reference_pending,0,0,0,0,0,0,0,0,0,0,0,0,0,0,0,0,0,0,0,0,0,0,0,0,0,false,
517,630,58800,false,66,50,24.382,19.132,0.553,4.506,natural_resource_daily,natural_resource_daily,,gdext,1.947,2400,0,0,2400,-1,-1,,1232.665623,3.494293,5.659,7.511,261,8,3,1.5,false,2,8.666,,,,,,,,,,,,,,,,,,,,,,,,,,,,,,,,,,,,,,,,,,2,11,11,1,true,1,0.384,building_plan,0,2,14.334,8.384,4.076,0.244,8,building_plan,building_plan,evaluate,ECONOMY_GRAPH,false,"{""economy:building_plan"":1,""economy:epoch_begin"":1,""native_daily:climate_pass_b"":1,""native_daily:native_daily_complete"":1,""native_daily:native_daily_finalizer"":1,""native_daily:ocean_land"":1,""native_daily:runtime_hydrology"":1,""native_daily:sea_ice"":1,""native_daily:transpiration"":1,""native_daily:weather_stage_b"":1,""native_daily:wind_surface"":1}","{""economy:building_plan"":0.244,""economy:epoch_begin"":4.076,""native_daily:climate_pass_b"":0.614,""native_daily:native_daily_complete"":0.803,""native_daily:native_daily_finalizer"":0.739,""native_daily:ocean_land"":0.85,""native_daily:runtime_hydrology"":0.94,""native_daily:sea_ice"":0.482,""native_daily:transpiration"":0.496,""native_daily:weather_stage_b"":1.798,""native_daily:wind_surface"":0.666}","{""economy:building_plan"":0.244,""economy:epoch_begin"":4.076,""native_daily:climate_pass_b"":0.614,""native_daily:native_daily_complete"":0.803,""native_daily:native_daily_finalizer"":0.739,""native_daily:ocean_land"":0.85,""native_daily:runtime_hydrology"":0.94,""native_daily:sea_ice"":0.482,""native_daily:transpiration"":0.496,""native_daily:weather_stage_b"":1.798,""native_daily:wind_surface"":0.666}",{},{},{},{},0,0,0.274,0.066,0,0.825,587,1523,4,0,0.253,0.073,0.37,0.007,0.038,0.141,0,0,100,0,13.8074,33.7,0.035,12.6424,708,272870,451,635,635,0,230436,30,6643,2,0,0,2,4800,0,78.331,0,SHADOW,SHADOW,,4095,2050,2045,missing_native_domain_handlers,false,16,false,0,0,false,0,0,0,0,0,climate_trace_reference_pending,,,,,0,,,0,0,2,0,0,1.013147,0,0,0,0,0,0,630,629,2400,true,0,0,0,0,0,0,0,0,0,0,4088,0,3,0,3,0,0,0,0,0,0,0,climate_trace_reference_pending,0,0,0,0,0,0,0,0,0,0,0,0,0,0,0,0,0,0,0,0,0,0,0,0,0,false,
518,631,58838,false,66,50,23.456,13.499,0.01,0.293,native_daily_sim,climate_pass_a,climate_pass_a_struct,gdext_native_daily_slice,1.51,1,0,0,1,-1,-1,,0.662252,3.488626,5.659,7.511,261,8,3,1.5,false,2,8.666,,,,,,,,,,,,,,,,,,,,,,,,,,,,,,,,,,,,,,,,,,0,0,0,0,false,0,0,,0,0,0,0,0,0,0,,,,,false,{},{},{},{},{},{},{},0,0,0.383,0.064,0,0.164,555,1593,0,0,0,0.157,0,0,0,0,0,0,100,0,19.107,33.7,0.035,18.496,708,272870,451,635,635,0,230436,30,6643,2,0,0,2,4800,0,78.331,0,SHADOW,SHADOW,,4095,2050,2045,missing_native_domain_handlers,false,16,false,0,0,false,0,0,0,0,0,climate_trace_reference_pending,,,,,0,,,0,0,2,0,0,1.995832,0,0,0,0,0,0,631,630,2400,true,0,0,0,0,0,0,0,0,0,0,4088,0,3,0,3,0,0,0,0,0,0,0,climate_trace_reference_pending,0,0,0,0,0,0,0,0,0,0,0,0,0,0,0,0,0,0,0,0,0,0,0,0,0,false,
519,632,58879,false,66,50,21.601,20.895,0.014,0.388,dynamic_visual_atlas_upload,,,cell_indirection_lut,1.346,2400,2400,0,0,-1,-1,,1783.060979,3.48498,5.659,7.511,261,8,3,1.5,false,2,8.666,,,,,,,,,,,,,,,,,,,,,,,,,,,,,,,,,,,,,,,,,,1,6,6,1,false,0,0,,0,0,5.067,5.067,1.696,0.293,8,native_daily_complete,native_daily_complete,round_complete,gdext_native_daily_slice,true,"{""native_daily:climate_pass_b"":1,""native_daily:native_daily_complete"":1,""native_daily:native_daily_finalizer"":1,""native_daily:ocean_land"":1,""native_daily:sea_ice"":1,""native_daily:wind_surface"":1}","{""native_daily:climate_pass_b"":1.121,""native_daily:native_daily_complete"":0.293,""native_daily:native_daily_finalizer"":0.484,""native_daily:ocean_land"":1.696,""native_daily:sea_ice"":0.493,""native_daily:wind_surface"":0.838}","{""native_daily:climate_pass_b"":1.121,""native_daily:native_daily_complete"":0.293,""native_daily:native_daily_finalizer"":0.484,""native_daily:ocean_land"":1.696,""native_daily:sea_ice"":0.493,""native_daily:wind_surface"":0.838}",{},{},{},{},0,0,0.269,0.078,0,1.791,555,1593,4,0,0.555,0.121,0.441,0.019,0.774,0.148,0,0,100,0,13.425,33.7,0.035,11.287,708,272870,451,636,636,0,230813,30,7510,2,0,0,2,4800,0,78.331,0,SHADOW,SHADOW,,4095,2050,2045,missing_native_domain_handlers,false,16,false,0,0,false,0,0,0,0,0,climate_trace_reference_pending,,,,,0,,,0,0,2,0,0,1.086142,0,0,0,0,0,0,632,631,2400,true,0,0,0,0,0,0,0,0,0,0,4088,0,3,0,3,0,0,0,0,0,0,0,climate_trace_reference_pending,0,0,0,0,0,0,0,0,0,0,0,0,0,0,0,0,0,0,0,0,0,0,0,0,0,false,
520,633,58906,false,66,50,14.604,13.806,0.019,0.414,native_daily_sim,climate_pass_a,climate_pass_a_struct,gdext_native_daily_slice,1.808,1,0,0,1,-1,-1,,0.553097,3.482723,5.659,7.511,261,8,3,1.5,false,2,8.666,,,,,,,,,,,,,,,,,,,,,,,,,,,,,,,,,,,,,,,,,,0,0,0,0,false,0,0,,0,0,0,0,0,0,0,,,,,false,{},{},{},{},{},{},{},0,0.001,0.437,0.069,0,0.703,555,1593,1,0,0.641,0,0.225,0.007,0.254,0.085,0,0,100,0,13.894,33.7,0.035,12.685,708,272870,451,636,636,0,230813,30,7510,2,0,0,2,4800,0,78.331,0,SHADOW,SHADOW,,4095,2050,2045,missing_native_domain_handlers,false,16,false,0,0,false,0,0,0,0,0,climate_trace_reference_pending,,,,,0,,,0,0,2,0,0,1.851112,0,0,0,0,0,0,633,632,2400,true,0,0,0,0,0,0,0,0,0,0,4088,0,3,0,3,0,0,0,0,0,0,0,climate_trace_reference_pending,0,0,0,0,0,0,0,0,0,0,0,0,0,0,0,0,0,0,0,0,0,0,0,0,0,false,
521,634,58962,false,66,50,17.051,16.52,0.011,0.297,trigger_runtime,trigger_evaluate,,TRIGGER_GRAPH,0.872,355,0,0,355,-1,-1,,407.110102,3.479937,5.659,7.511,260,8,3,1.5,false,2,8.666,,,,,,,,,,,,,,,,,,,,,,,,,,,,,,,,,,,,,,,,,,1,7,7,1,true,1,1.902,epoch_begin,0,1,9.902,9.902,4.041,4.041,8,epoch_begin,building_plan,,ECONOMY_GRAPH,false,"{""economy:epoch_begin"":1,""native_daily:climate_pass_b"":1,""native_daily:native_daily_complete"":1,""native_daily:native_daily_finalizer"":1,""native_daily:ocean_land"":1,""native_daily:sea_ice"":1,""native_daily:wind_surface"":1}","{""economy:epoch_begin"":4.041,""native_daily:climate_pass_b"":0.935,""native_daily:native_daily_complete"":0.429,""native_daily:native_daily_finalizer"":0.655,""native_daily:ocean_land"":1.258,""native_daily:sea_ice"":0.604,""native_daily:wind_surface"":0.898}","{""economy:epoch_begin"":4.041,""native_daily:climate_pass_b"":0.935,""native_daily:native_daily_complete"":0.429,""native_daily:native_daily_finalizer"":0.655,""native_daily:ocean_land"":1.258,""native_daily:sea_ice"":0.604,""native_daily:wind_surface"":0.898}",{},{},{},{},0,0.001,0.371,0.069,0,1.806,555,1593,4,0,0.787,0,0.358,0.019,0.916,0.216,0,0,100,0,13.9635,33.7,0.035,11.7175,708,272870,451,638,638,0,231567,30,6779,2,0,0,2,4800,0,78.331,0,SHADOW,SHADOW,,4095,2050,2045,missing_native_domain_handlers,false,16,false,0,0,false,0,0,0,0,0,climate_trace_reference_pending,,,,,0,,,0,0,2,0,0,1.488777,0,0,0,0,0,0,634,633,2400,true,0,0,0,0,0,0,0,0,0,0,4088,0,3,0,3,0,0,0,0,0,0,0,climate_trace_reference_pending,0,0,0,0,0,0,0,0,0,0,0,0,0,0,0,0,0,0,0,0,0,0,0,0,0,false,
522,635,58990,false,66,50,16.802,16.152,0.012,0.35,natural_resource_daily,natural_resource_daily,,gdext,2.387,2400,0,0,2400,-1,-1,,1005.446131,3.48648,5.672,7.511,260,8,3,1.5,false,2,8.666,,,,,,,,,,,,,,,,,,,,,,,,,,,,,,,,,,,,,,,,,,0,0,0,0,false,0,0,,0,0,0,0,0,0,0,,,,,false,{},{},{},{},{},{},{},0,0,0.39,0.063,0,1.12,555,1593,4,0,0.373,0,0.399,0.015,0.188,0.19,0,0,100,0,14.009,33.7,0.035,12.436,708,272870,451,638,638,0,231567,30,6779,2,0,0,2,4800,0,78.331,0,SHADOW,SHADOW,,4095,2050,2045,missing_native_domain_handlers,false,16,false,0,0,false,0,0,0,0,0,climate_trace_reference_pending,,,,,0,,,0,0,2,0,0,1.935192,0,0,0,0,0,0,635,634,2400,true,0,0,0,0,0,0,0,0,0,0,4088,0,3,0,3,0,0,0,0,0,0,0,climate_trace_reference_pending,0,0,0,0,0,0,0,0,0,0,0,0,0,0,0,0,0,0,0,0,0,0,0,0,0,false,
523,636,59044,false,68,50,20.44,19.944,0.011,0.288,ocean_currents,phys_upwelling,next_phys_upwelling,physical_circulation,1.644,0,0,0,0,-1,-1,,0,3.48569,5.672,7.511,260,8,3,1.5,false,2,8.666,,,,,,,,,,,,,,,,,,,,,,,,,,,,,,,,,,,,,,,,,,1,8,8,1,true,1,0.226,building_plan,0,2,8.226,8.226,1.512,0.224,8,building_plan,building_plan,evaluate,ECONOMY_GRAPH,false,"{""economy:building_plan"":1,""economy:epoch_begin"":1,""native_daily:climate_pass_b"":1,""native_daily:native_daily_complete"":1,""native_daily:native_daily_finalizer"":1,""native_daily:ocean_land"":1,""native_daily:sea_ice"":1,""native_daily:wind_surface"":1}","{""economy:building_plan"":0.224,""economy:epoch_begin"":1.512,""native_daily:climate_pass_b"":0.685,""native_daily:native_daily_complete"":0.293,""native_daily:native_daily_finalizer"":0.662,""native_daily:ocean_land"":1.227,""native_daily:sea_ice"":0.645,""native_daily:wind_surface"":0.839}","{""economy:building_plan"":0.224,""economy:epoch_begin"":1.512,""native_daily:climate_pass_b"":0.685,""native_daily:native_daily_complete"":0.293,""native_daily:native_daily_finalizer"":0.662,""native_daily:ocean_land"":1.227,""native_daily:sea_ice"":0.645,""native_daily:wind_surface"":0.839}",{},{},{},{},0,0.001,0.275,0.079,0,0.738,555,1593,4,0,0.237,0,0.336,0.008,0.036,0.139,0,0,100,0,13.36925,33.773,0.032,12.27725,708,272870,451,640,640,0,232321,30,6476,2,0,0,2,4800,0,78.331,0,SHADOW,SHADOW,,4095,2050,2045,missing_native_domain_handlers,false,16,false,0,0,false,0,0,0,0,0,climate_trace_reference_pending,,,,,0,,,0,0,2,0,0,1.388522,0,0,0,0,0,0,636,635,2400,true,0,0,0,0,0,0,0,0,0,0,4088,0,3,0,3,0,0,0,0,0,0,0,climate_trace_reference_pending,0,0,0,0,0,0,0,0,0,0,0,0,0,0,0,0,0,0,0,0,0,0,0,0,0,false,
524,637,59072,false,68,50,12.835,12.233,0.01,0.339,native_daily_sim,climate_pass_a,climate_pass_a_struct,gdext_native_daily_slice,1.917,1,0,0,1,-1,-1,,0.521648,3.486293,5.672,7.511,260,8,3,1.5,false,2,8.666,,,,,,,,,,,,,,,,,,,,,,,,,,,,,,,,,,,,,,,,,,0,0,0,0,false,0,0,,0,0,0,0,0,0,0,,,,,false,{},{},{},{},{},{},{},0,0,0.351,0.047,0,1.118,523,1593,3,0,0.384,0.06,0.309,0.013,0.151,0.216,0,0,100,0,9.375,33.773,0.032,7.859,708,272870,451,640,640,0,232321,30,6476,2,0,0,2,4800,0,78.331,0,SHADOW,SHADOW,,4095,2050,2045,missing_native_domain_handlers,false,16,false,0,0,false,0,0,0,0,0,climate_trace_reference_pending,,,,,0,,,0,0,2,0,0,1.193277,0,0,0,0,0,0,637,636,2400,true,0,0,0,0,0,0,0,0,0,0,4088,0,3,0,3,0,0,0,0,0,0,0,climate_trace_reference_pending,0,0,0,0,0,0,0,0,0,0,0,0,0,0,0,0,0,0,0,0,0,0,0,0,0,false,
525,638,59129,false,68,50,18.795,17.464,0.753,0.293,trigger_runtime,trigger_evaluate,,TRIGGER_GRAPH,0.897,356,0,0,356,-1,-1,,396.878477,3.48589,5.672,7.511,260,8,3,1.5,false,2,8.666,,,,,,,,,,,,,,,,,,,,,,,,,,,,,,,,,,,,,,,,,,2,11,11,1,true,1,0.083,building_plan,0,2,14.259,8.083,3.743,0.186,8,building_plan,trade_settle,reserve,ECONOMY_GRAPH,false,"{""economy:building_plan"":2,""native_daily:climate_pass_b"":1,""native_daily:native_daily_complete"":1,""native_daily:native_daily_finalizer"":1,""native_daily:ocean_land"":1,""native_daily:runtime_hydrology"":1,""native_daily:sea_ice"":1,""native_daily:transpiration"":1,""native_daily:weather_stage_b"":1,""native_daily:wind_surface"":1}","{""economy:building_plan"":3.929,""native_daily:climate_pass_b"":0.614,""native_daily:native_daily_complete"":0.761,""native_daily:native_daily_finalizer"":0.757,""native_daily:ocean_land"":1.198,""native_daily:runtime_hydrology"":1.109,""native_daily:sea_ice"":0.705,""native_daily:transpiration"":0.755,""native_daily:weather_stage_b"":1.864,""native_daily:wind_surface"":0.922}","{""economy:building_plan"":3.743,""native_daily:climate_pass_b"":0.614,""native_daily:native_daily_complete"":0.761,""native_daily:native_daily_finalizer"":0.757,""native_daily:ocean_land"":1.198,""native_daily:runtime_hydrology"":1.109,""native_daily:sea_ice"":0.705,""native_daily:transpiration"":0.755,""native_daily:weather_stage_b"":1.864,""native_daily:wind_surface"":0.922}",{},{},{},{},0,0,4.762,0.049,0,2.51,523,1593,4,0,0.735,0.125,0.629,0.019,1.068,0.249,0,0,100,0,14.1965,33.773,0.032,6.8755,708,272870,451,642,642,0,233075,30,7016,2,0,0,2,4800,0,78.331,0,SHADOW,SHADOW,,4095,2050,2045,missing_native_domain_handlers,false,16,false,0,0,false,0,0,0,0,0,climate_trace_reference_pending,,,,,0,,,0,0,2,0,0,1.735357,0,0,0,0,0,0,638,637,2400,true,0,0,0,0,0,0,0,0,0,0,4088,0,3,0,3,0,0,0,0,0,0,0,climate_trace_reference_pending,0,0,0,0,0,0,0,0,0,0,0,0,0,0,0,0,0,0,0,0,0,0,0,0,0,false,
526,639,59157,false,68,50,11.908,11.381,0.011,0.287,native_daily_sim,climate_pass_a,climate_pass_a_struct,gdext_native_daily_slice,1.374,1,0,0,1,-1,-1,,0.727802,3.485803,5.672,7.511,260,8,3,1.5,false,2,8.666,,,,,,,,,,,,,,,,,,,,,,,,,,,,,,,,,,,,,,,,,,0,0,0,0,false,0,0,,0,0,0,0,0,0,0,,,,,false,{},{},{},{},{},{},{},0,0,0.314,0.05,0,1.707,523,1593,4,0,0.49,0,0.653,0.017,0.356,0.223,0,0,100,0,9.297667,33.773,0.032,7.226667,708,272870,451,642,642,0,233075,30,7016,2,0,0,2,4800,0,78.331,0,SHADOW,SHADOW,,4095,2050,2045,missing_native_domain_handlers,false,16,false,0,0,false,0,0,0,0,0,climate_trace_reference_pending,,,,,0,,,0,0,2,0,0,1.471032,0,0,0,0,0,0,639,638,2400,true,0,0,0,0,0,0,0,0,0,0,4088,0,3,0,3,0,0,0,0,0,0,0,climate_trace_reference_pending,0,0,0,0,0,0,0,0,0,0,0,0,0,0,0,0,0,0,0,0,0,0,0,0,0,false,
527,640,59219,false,68,50,23.493,22.905,0.012,0.297,natural_resource_daily,natural_resource_daily,,gdext,2.236,2400,0,0,2400,-1,-1,,1073.34523,3.4915,5.761,7.511,260,8,3,1.5,false,2,8.666,,,,,,,,,,,,,,,,,,,,,,,,,,,,,,,,,,,,,,,,,,1,7,7,1,true,1,0.854,epoch_begin,0,1,8.854,8.854,3.525,3.525,8,epoch_begin,building_plan,,ECONOMY_GRAPH,false,"{""economy:epoch_begin"":1,""native_daily:climate_pass_b"":1,""native_daily:native_daily_complete"":1,""native_daily:native_daily_finalizer"":1,""native_daily:ocean_land"":1,""native_daily:sea_ice"":1,""native_daily:wind_surface"":1}","{""economy:epoch_begin"":3.525,""native_daily:climate_pass_b"":0.658,""native_daily:native_daily_complete"":0.326,""native_daily:native_daily_finalizer"":0.607,""native_daily:ocean_land"":0.917,""native_daily:sea_ice"":0.716,""native_daily:wind_surface"":1.135}","{""economy:epoch_begin"":3.525,""native_daily:climate_pass_b"":0.658,""native_daily:native_daily_complete"":0.326,""native_daily:native_daily_finalizer"":0.607,""native_daily:ocean_land"":0.917,""native_daily:sea_ice"":0.716,""native_daily:wind_surface"":1.135}",{},{},{},{},0,0,6.898,0.053,0,1.176,523,1593,4,0,0.331,0.139,0.423,0.014,0.054,0.199,0,0,100,0,20.813,33.773,0.032,12.686,707,272868,451,644,644,0,233832,30,7452,2,0,0,2,4800,0,78.331,0,SHADOW,SHADOW,,4095,2050,2045,missing_native_domain_handlers,false,16,false,0,0,false,0,0,0,0,0,climate_trace_reference_pending,,,,,0,,,0,0,2,0,0,1.021127,0,0,0,0,0,0,640,639,2400,true,0,0,0,0,0,0,0,0,0,0,4088,0,3,0,3,0,0,0,0,0,0,0,climate_trace_reference_pending,0,0,0,0,0,0,0,0,0,0,0,0,0,0,0,0,0,0,0,0,0,0,0,0,0,false,
528,641,59243,false,68,50,12.856,12.211,0.013,0.353,native_daily_sim,climate_pass_a,climate_pass_a_struct,gdext_native_daily_slice,1.502,1,0,0,1,-1,-1,,0.665779,3.48958,5.761,7.511,260,8,3,1.5,false,2,8.666,,,,,,,,,,,,,,,,,,,,,,,,,,,,,,,,,,,,,,,,,,0,0,0,0,false,0,0,,0,0,0,0,0,0,0,,,,,false,{},{},{},{},{},{},{},0,0,0.376,0.064,0,0.996,523,1593,4,0,0.358,0,0.422,0.014,0.055,0.185,0,0,100,0,12.061,33.773,0.032,10.625,707,272868,451,644,644,0,233832,30,7452,2,0,0,2,4800,0,78.331,0,SHADOW,SHADOW,,4095,2050,2045,missing_native_domain_handlers,false,16,false,0,0,false,0,0,0,0,0,climate_trace_reference_pending,,,,,0,,,0,0,2,0,0,1.768582,0,0,0,0,0,0,641,640,2400,true,0,0,0,0,0,0,0,0,0,0,4088,0,3,0,3,0,0,0,0,0,0,0,climate_trace_reference_pending,0,0,0,0,0,0,0,0,0,0,0,0,0,0,0,0,0,0,0,0,0,0,0,0,0,false,
529,642,59302,false,68,50,19.878,19.321,0.012,0.298,ocean_currents,daily_wind_prepass,daily_wind_slp,gdext_daily_wind_slp,1.186,2400,2400,0,0,-1,-1,,2023.608787,3.491607,5.761,7.511,260,8,3,1.5,false,2,8.666,,,,,,,,,,,,,,,,,,,,,,,,,,,,,,,,,,,,,,,,,,1,7,7,1,true,1,0.825,building_plan,0,1,8.825,8.825,3.84,3.84,8,building_plan,building_plan,evaluate,ECONOMY_GRAPH,false,"{""economy:building_plan"":1,""native_daily:climate_pass_b"":1,""native_daily:native_daily_complete"":1,""native_daily:native_daily_finalizer"":1,""native_daily:ocean_land"":1,""native_daily:sea_ice"":1,""native_daily:wind_surface"":1}","{""economy:building_plan"":3.84,""native_daily:climate_pass_b"":0.695,""native_daily:native_daily_complete"":0.319,""native_daily:native_daily_finalizer"":0.652,""native_daily:ocean_land"":1.064,""native_daily:sea_ice"":0.65,""native_daily:wind_surface"":0.739}","{""economy:building_plan"":3.84,""native_daily:climate_pass_b"":0.695,""native_daily:native_daily_complete"":0.319,""native_daily:native_daily_finalizer"":0.652,""native_daily:ocean_land"":1.064,""native_daily:sea_ice"":0.65,""native_daily:wind_surface"":0.739}",{},{},{},{},0,0,0.332,0.051,0,1.381,523,1593,4,0,0.473,0,0.478,0.008,0.332,0.21,0,0,100,0,14.8105,33.773,0.032,13.0465,707,272868,451,646,646,0,234586,30,6807,2,0,0,2,4800,0,78.331,0,SHADOW,SHADOW,,4095,2050,2045,missing_native_domain_handlers,false,16,false,0,0,false,0,0,0,0,0,climate_trace_reference_pending,,,,,0,,,0,0,2,0,0,1.366142,0,0,0,0,0,0,642,641,2400,true,0,0,0,0,0,0,0,0,0,0,4088,0,3,0,3,0,0,0,0,0,0,0,climate_trace_reference_pending,0,0,0,0,0,0,0,0,0,0,0,0,0,0,0,0,0,0,0,0,0,0,0,0,0,false,
530,643,59328,false,68,50,14.83,14.244,0.012,0.305,native_daily_sim,climate_pass_a,climate_pass_a_struct,gdext_native_daily_slice,1.771,1,0,0,1,-1,-1,,0.564653,3.494757,5.761,7.511,260,8,3,1.5,false,2,8.666,,,,,,,,,,,,,,,,,,,,,,,,,,,,,,,,,,,,,,,,,,0,0,0,0,false,0,0,,0,0,0,0,0,0,0,,,,,false,{},{},{},{},{},{},{},0,0,0.338,0.053,0,0.578,523,1593,1,0,0.51,0,0.185,0.005,0.107,0.093,0,0,100,0,13.004,33.773,0.032,12.035,707,272868,451,646,646,0,234586,30,6807,2,0,0,2,4800,0,78.331,0,SHADOW,SHADOW,,4095,2050,2045,missing_native_domain_handlers,false,16,false,0,0,false,0,0,0,0,0,climate_trace_reference_pending,,,,,0,,,0,0,2,0,0,1.930432,0,0,0,0,0,0,643,642,2400,true,0,0,0,0,0,0,0,0,0,0,4088,0,3,0,3,0,0,0,0,0,0,0,climate_trace_reference_pending,0,0,0,0,0,0,0,0,0,0,0,0,0,0,0,0,0,0,0,0,0,0,0,0,0,false,
531,644,59384,false,68,50,21.093,20.488,0.013,0.293,dynamic_visual_atlas_upload,,,cell_indirection_lut,1.473,2400,2400,0,0,-1,-1,,1629.327847,3.492211,5.761,7.511,260,8,3,1.5,false,2,8.666,,,,,,,,,,,,,,,,,,,,,,,,,,,,,,,,,,,,,,,,,,1,7,7,1,true,1,1.043,building_plan,0,1,9.043,9.043,3.78,3.78,8,building_plan,building_plan,evaluate,ECONOMY_GRAPH,false,"{""economy:building_plan"":1,""native_daily:climate_pass_b"":1,""native_daily:native_daily_complete"":1,""native_daily:native_daily_finalizer"":1,""native_daily:ocean_land"":1,""native_daily:sea_ice"":1,""native_daily:wind_surface"":1}","{""economy:building_plan"":3.78,""native_daily:climate_pass_b"":0.724,""native_daily:native_daily_complete"":0.383,""native_daily:native_daily_finalizer"":0.563,""native_daily:ocean_land"":1.239,""native_daily:sea_ice"":0.744,""native_daily:wind_surface"":0.741}","{""economy:building_plan"":3.78,""native_daily:climate_pass_b"":0.724,""native_daily:native_daily_complete"":0.383,""native_daily:native_daily_finalizer"":0.563,""native_daily:ocean_land"":1.239,""native_daily:sea_ice"":0.744,""native_daily:wind_surface"":0.741}",{},{},{},{},0,0,6.896,0.047,0,1.658,523,1593,4,0,0.523,0,0.462,0.021,0.36,0.282,0,0,100,0,18.414,33.773,0.032,9.813,707,272868,451,648,648,0,235341,30,6195,2,0,0,2,4800,0,78.331,0,SHADOW,SHADOW,,4095,2050,2045,missing_native_domain_handlers,false,16,false,0,0,false,0,0,0,0,0,climate_trace_reference_pending,,,,,0,,,0,0,2,0,0,1.381332,0,0,0,0,0,0,644,643,2400,true,0,0,0,0,0,0,0,0,0,0,4088,0,3,0,3,0,0,0,0,0,0,0,climate_trace_reference_pending,0,0,0,0,0,0,0,0,0,0,0,0,0,0,0,0,0,0,0,0,0,0,0,0,0,false,
532,645,59418,false,68,50,16.662,15.949,0.014,0.401,natural_resource_daily,natural_resource_daily,,gdext,2.497,2400,0,0,2400,-1,-1,,961.153392,3.501004,5.911,7.511,260,8,3,1.5,false,2,8.666,,,,,,,,,,,,,,,,,,,,,,,,,,,,,,,,,,,,,,,,,,0,0,0,0,false,0,0,,0,0,0,0,0,0,0,,,,,false,{},{},{},{},{},{},{},0,0,0.457,0.082,0,1.351,492,1593,4,0,0.423,0,0.409,0.018,0.239,0.241,0,0,100,0,11.468667,33.773,0.032,9.578667,707,272868,451,648,648,0,235341,30,6195,2,0,0,2,4800,0,78.331,0,SHADOW,SHADOW,,4095,2050,2045,missing_native_domain_handlers,false,16,false,0,0,false,0,0,0,0,0,climate_trace_reference_pending,,,,,0,,,0,0,2,0,0,1.304347,0,0,0,0,0,0,645,644,2400,true,0,0,0,0,0,0,0,0,0,0,4088,0,3,0,3,0,0,0,0,0,0,0,climate_trace_reference_pending,0,0,0,0,0,0,0,0,0,0,0,0,0,0,0,0,0,0,0,0,0,0,0,0,0,false,
533,646,59481,false,68,50,19.928,17.444,0.676,0.364,trigger_runtime,trigger_evaluate,,TRIGGER_GRAPH,0.944,355,0,0,355,-1,-1,,376.05932,3.499844,5.911,7.511,260,8,3,1.5,false,2,8.666,,,,,,,,,,,,,,,,,,,,,,,,,,,,,,,,,,,,,,,,,,2,11,11,1,true,1,0.211,building_plan,0,2,13.667,8.211,2.049,0.272,8,building_plan,building_plan,evaluate,ECONOMY_GRAPH,false,"{""economy:building_plan"":1,""economy:epoch_begin"":1,""native_daily:climate_pass_b"":1,""native_daily:native_daily_complete"":1,""native_daily:native_daily_finalizer"":1,""native_daily:ocean_land"":1,""native_daily:runtime_hydrology"":1,""native_daily:sea_ice"":1,""native_daily:transpiration"":1,""native_daily:weather_stage_b"":1,""native_daily:wind_surface"":1}","{""economy:building_plan"":0.272,""economy:epoch_begin"":1.679,""native_daily:climate_pass_b"":0.586,""native_daily:native_daily_complete"":0.981,""native_daily:native_daily_finalizer"":1.419,""native_daily:ocean_land"":0.998,""native_daily:runtime_hydrology"":1.356,""native_daily:sea_ice"":0.52,""native_daily:transpiration"":0.497,""native_daily:weather_stage_b"":2.049,""native_daily:wind_surface"":0.699}","{""economy:building_plan"":0.272,""economy:epoch_begin"":1.679,""native_daily:climate_pass_b"":0.586,""native_daily:native_daily_complete"":0.981,""native_daily:native_daily_finalizer"":1.419,""native_daily:ocean_land"":0.998,""native_daily:runtime_hydrology"":1.356,""native_daily:sea_ice"":0.52,""native_daily:transpiration"":0.497,""native_daily:weather_stage_b"":2.049,""native_daily:wind_surface"":0.699}",{},{},{},{},0,0,6.589,0.056,0,3.819,503,1594,3,0,1.924,0.161,0.693,0.025,2.264,0.297,0,0,100,0,15.758,33.773,0.032,5.294,707,272868,451,650,650,0,236095,30,6719,2,0,0,2,4800,0,78.331,0,SHADOW,SHADOW,,4095,2050,2045,missing_native_domain_handlers,false,16,false,0,0,false,0,0,0,0,0,climate_trace_reference_pending,,,,,0,,,0,0,2,0,0,1.318302,0,0,0,0,0,0,646,645,2400,true,0,0,0,0,0,0,0,0,0,0,4088,0,3,0,3,0,0,0,0,0,0,0,climate_trace_reference_pending,0,0,0,0,0,0,0,0,0,0,0,0,0,0,0,0,0,0,0,0,0,0,0,0,0,false,
534,647,59511,false,68,50,15.45,12.038,0.01,0.326,native_daily_sim,climate_pass_a,climate_pass_a_struct,gdext_native_daily_slice,1.561,1,0,0,1,-1,-1,,0.640615,3.496741,5.911,7.511,260,8,3,1.5,false,2,8.666,,,,,,,,,,,,,,,,,,,,,,,,,,,,,,,,,,,,,,,,,,0,0,0,0,false,0,0,,0,0,0,0,0,0,0,,,,,false,{},{},{},{},{},{},{},0,0.001,0.441,0.071,0,1.997,503,1606,4,0,0.598,0,0.643,0.023,0.679,0.218,0,0,100,0,15.04,33.773,0.032,12.531,707,272868,451,650,650,0,236095,30,6719,2,0,0,2,4800,0,78.331,0,SHADOW,SHADOW,,4095,2050,2045,missing_native_domain_handlers,false,16,false,0,0,false,0,0,0,0,0,climate_trace_reference_pending,,,,,0,,,0,0,2,0,0,1.032382,0,0,0,0,0,0,647,646,2400,true,0,0,0,0,0,0,0,0,0,0,4088,0,3,0,3,0,0,0,0,0,0,0,climate_trace_reference_pending,0,0,0,0,0,0,0,0,0,0,0,0,0,0,0,0,0,0,0,0,0,0,0,0,0,false,
535,648,59578,false,68,50,21.559,20.927,0.017,0.337,dynamic_visual_atlas_upload,,,cell_indirection_lut,1.859,2400,2400,0,0,-1,-1,,1291.016698,3.497724,5.911,7.511,260,8,3,1.5,false,2,8.666,,,,,,,,,,,,,,,,,,,,,,,,,,,,,,,,,,,,,,,,,,1,7,7,1,true,1,1.806,epoch_begin,0,1,9.806,9.806,3.981,3.981,8,epoch_begin,building_plan,,ECONOMY_GRAPH,false,"{""economy:epoch_begin"":1,""native_daily:climate_pass_b"":1,""native_daily:native_daily_complete"":1,""native_daily:native_daily_finalizer"":1,""native_daily:ocean_land"":1,""native_daily:sea_ice"":1,""native_daily:wind_surface"":1}","{""economy:epoch_begin"":3.981,""native_daily:climate_pass_b"":0.939,""native_daily:native_daily_complete"":0.35,""native_daily:native_daily_finalizer"":0.612,""native_daily:ocean_land"":1.217,""native_daily:sea_ice"":0.661,""native_daily:wind_surface"":1.0}","{""economy:epoch_begin"":3.981,""native_daily:climate_pass_b"":0.939,""native_daily:native_daily_complete"":0.35,""native_daily:native_daily_finalizer"":0.612,""native_daily:ocean_land"":1.217,""native_daily:sea_ice"":0.661,""native_daily:wind_surface"":1.0}",{},{},{},{},0,0.001,0.471,0.09,0,2.971,503,1606,3,0,1.485,0,0.436,0.022,1.774,0.333,0,0,100,0,16.69225,33.773,0.032,13.16025,708,272870,451,652,652,0,236851,30,6895,2,0,0,2,4800,0,78.331,0,SHADOW,SHADOW,,4095,2050,2045,missing_native_domain_handlers,false,16,false,0,0,false,0,0,0,0,0,climate_trace_reference_pending,,,,,0,,,0,0,2,0,0,1.078252,0,0,0,0,0,0,648,647,2400,true,0,0,0,0,0,0,0,0,0,0,4088,0,3,0,3,0,0,0,0,0,0,0,climate_trace_reference_pending,0,0,0,0,0,0,0,0,0,0,0,0,0,0,0,0,0,0,0,0,0,0,0,0,0,false,
536,649,59602,false,68,50,13.016,12.504,0.012,0.273,native_daily_sim,climate_pass_a,climate_pass_a_struct,gdext_native_daily_slice,1.504,1,0,0,1,-1,-1,,0.664894,3.495151,5.911,7.511,260,8,3,1.5,false,2,8.666,,,,,,,,,,,,,,,,,,,,,,,,,,,,,,,,,,,,,,,,,,0,0,0,0,false,0,0,,0,0,0,0,0,0,0,,,,,false,{},{},{},{},{},{},{},0,0.001,0.383,0.062,0,1.715,503,1606,4,0,0.474,0.136,0.416,0.025,0.588,0.221,0,0,100,0,12.176,33.773,0.032,10.016,708,272870,451,652,652,0,236851,30,6895,2,0,0,2,4800,0,78.331,0,SHADOW,SHADOW,,4095,2050,2045,missing_native_domain_handlers,false,16,false,0,0,false,0,0,0,0,0,climate_trace_reference_pending,,,,,0,,,0,0,2,0,0,1.707102,0,0,0,0,0,0,649,648,2400,true,0,0,0,0,0,0,0,0,0,0,4088,0,3,0,3,0,0,0,0,0,0,0,climate_trace_reference_pending,0,0,0,0,0,0,0,0,0,0,0,0,0,0,0,0,0,0,0,0,0,0,0,0,0,false,
537,650,59654,false,68,50,21.95,21.404,0.012,0.309,natural_resource_daily,natural_resource_daily,,gdext,2.506,2400,0,0,2400,-1,-1,,957.7015,3.501914,5.911,7.511,261,8,3,1.5,false,2,8.666,,,,,,,,,,,,,,,,,,,,,,,,,,,,,,,,,,,,,,,,,,1,7,7,1,true,1,0.547,epoch_begin,0,1,8.547,8.547,3.764,3.764,8,epoch_begin,building_plan,,ECONOMY_GRAPH,false,"{""economy:epoch_begin"":1,""native_daily:climate_pass_b"":1,""native_daily:native_daily_complete"":1,""native_daily:native_daily_finalizer"":1,""native_daily:ocean_land"":1,""native_daily:sea_ice"":1,""native_daily:wind_surface"":1}","{""economy:epoch_begin"":3.764,""native_daily:climate_pass_b"":0.558,""native_daily:native_daily_complete"":0.405,""native_daily:native_daily_finalizer"":0.608,""native_daily:ocean_land"":0.928,""native_daily:sea_ice"":0.59,""native_daily:wind_surface"":0.793}","{""economy:epoch_begin"":3.764,""native_daily:climate_pass_b"":0.558,""native_daily:native_daily_complete"":0.405,""native_daily:native_daily_finalizer"":0.608,""native_daily:ocean_land"":0.928,""native_daily:sea_ice"":0.59,""native_daily:wind_surface"":0.793}",{},{},{},{},0,0,6.523,0.048,0,1.278,503,1606,4,0,0.424,0,0.433,0.019,0.398,0.191,0,0,100,0,17.286,33.773,0.032,9.437,708,272870,451,654,654,0,237242,31,8065,3,0,0,2,4800,0,78.331,0,SHADOW,SHADOW,,4095,2050,2045,missing_native_domain_handlers,false,16,false,0,0,false,0,0,0,0,0,climate_trace_reference_pending,,,,,0,,,0,0,2,0,0,1.857672,0,0,0,0,0,0,650,649,2400,true,0,0,0,0,0,0,0,0,0,0,4088,0,3,0,3,0,0,0,0,0,0,0,climate_trace_reference_pending,0,0,0,0,0,0,0,0,0,0,0,0,0,0,0,0,0,0,0,0,0,0,0,0,0,false,
538,651,59688,false,68,50,12.35,11.838,0.011,0.257,native_daily_sim,climate_pass_a,climate_pass_a_struct,gdext_native_daily_slice,1.533,1,0,0,1,-1,-1,,0.652316,3.50205,5.911,7.511,261,8,3,1.5,false,2,8.666,,,,,,,,,,,,,,,,,,,,,,,,,,,,,,,,,,,,,,,,,,0,0,0,0,false,0,0,,0,0,0,0,0,0,0,,,,,false,{},{},{},{},{},{},{},0,0.001,0.407,0.066,0,1.302,503,1606,4,0,0.508,0,0.427,0.012,0.263,0.251,0,0,100,0,11.284333,33.773,0.032,9.509333,708,272870,451,655,655,0,237612,31,3563,2,0,0,2,4800,0,78.331,0,SHADOW,SHADOW,,4095,2050,2045,missing_native_domain_handlers,false,16,false,0,0,false,0,0,0,0,0,climate_trace_reference_pending,,,,,0,,,0,0,2,0,0,1.025877,0,0,0,0,0,0,651,650,2400,true,0,0,0,0,0,0,0,0,0,0,4088,0,3,0,3,0,0,0,0,0,0,0,climate_trace_reference_pending,0,0,0,0,0,0,0,0,0,0,0,0,0,0,0,0,0,0,0,0,0,0,0,0,0,false,
539,652,59724,false,68,50,20.165,19.555,0.012,0.346,dynamic_visual_atlas_upload,,,cell_indirection_lut,1.505,2400,2400,0,0,-1,-1,,1594.68439,3.501571,5.911,7.511,261,8,3,1.5,false,2,8.666,,,,,,,,,,,,,,,,,,,,,,,,,,,,,,,,,,,,,,,,,,1,6,6,1,false,0,0,,0,0,5.07,5.07,1.298,0.404,8,native_daily_complete,native_daily_complete,round_complete,gdext_native_daily_slice,true,"{""native_daily:climate_pass_b"":1,""native_daily:native_daily_complete"":1,""native_daily:native_daily_finalizer"":1,""native_daily:ocean_land"":1,""native_daily:sea_ice"":1,""native_daily:wind_surface"":1}","{""native_daily:climate_pass_b"":0.782,""native_daily:native_daily_complete"":0.404,""native_daily:native_daily_finalizer"":0.676,""native_daily:ocean_land"":1.298,""native_daily:sea_ice"":0.792,""native_daily:wind_surface"":0.989}","{""native_daily:climate_pass_b"":0.782,""native_daily:native_daily_complete"":0.404,""native_daily:native_daily_finalizer"":0.676,""native_daily:ocean_land"":1.298,""native_daily:sea_ice"":0.792,""native_daily:wind_surface"":0.989}",{},{},{},{},0,0.001,5.565,0.06,0,1.301,471,1606,3,0,0.566,0.053,0.337,0.011,0.283,0.22,0,0,100,0,18.2065,33.773,0.032,11.2805,708,272870,451,656,656,0,237991,31,6615,2,0,0,2,4800,0,78.331,0,SHADOW,SHADOW,,4095,2050,2045,missing_native_domain_handlers,false,16,false,0,0,false,0,0,0,0,0,climate_trace_reference_pending,,,,,0,,,0,0,2,0,0,1.452307,0,0,0,0,0,0,652,651,2400,true,0,0,0,0,0,0,0,0,0,0,4088,0,3,0,3,0,0,0,0,0,0,0,climate_trace_reference_pending,0,0,0,0,0,0,0,0,0,0,0,0,0,0,0,0,0,0,0,0,0,0,0,0,0,false,
540,653,59746,false,68,50,13.829,13.23,0.011,0.339,native_daily_sim,climate_pass_a,climate_pass_a_struct,gdext_native_daily_slice,2.173,1,0,0,1,-1,-1,,0.460193,3.502704,5.911,7.511,261,8,3,1.5,false,2,8.666,,,,,,,,,,,,,,,,,,,,,,,,,,,,,,,,,,,,,,,,,,0,0,0,0,false,0,0,,0,0,0,0,0,0,0,,,,,false,{},{},{},{},{},{},{},0,0,0.338,0.063,0,0.066,471,1606,0,0,0,0.061,0,0,0,0,0,0,100,0,10.9595,33.773,0.032,10.4925,708,272870,451,656,656,0,237991,31,6615,2,0,0,2,4800,0,78.331,0,SHADOW,SHADOW,,4095,2050,2045,missing_native_domain_handlers,false,16,false,0,0,false,0,0,0,0,0,climate_trace_reference_pending,,,,,0,,,0,0,2,0,0,1.881202,0,0,0,0,0,0,653,652,2400,true,0,0,0,0,0,0,0,0,0,0,4088,0,3,0,3,0,0,0,0,0,0,0,climate_trace_reference_pending,0,0,0,0,0,0,0,0,0,0,0,0,0,0,0,0,0,0,0,0,0,0,0,0,0,false,
541,654,59812,false,68,50,20.28,19.03,0.768,0.261,ocean_currents,daily_wind_prepass,daily_wind_slp,gdext_daily_wind_slp,0.963,2400,2400,0,0,-1,-1,,2492.211839,3.503637,5.911,7.511,261,8,3,1.5,false,2,8.666,,,,,,,,,,,,,,,,,,,,,,,,,,,,,,,,,,,,,,,,,,2,12,12,1,true,1,0.366,building_plan,0,3,14.291,8.366,3.321,0.135,8,building_plan,trade_settle,reserve,ECONOMY_GRAPH,false,"{""economy:building_plan"":2,""economy:epoch_begin"":1,""native_daily:climate_pass_b"":1,""native_daily:native_daily_complete"":1,""native_daily:native_daily_finalizer"":1,""native_daily:ocean_land"":1,""native_daily:runtime_hydrology"":1,""native_daily:sea_ice"":1,""native_daily:transpiration"":1,""native_daily:weather_stage_b"":1,""native_daily:wind_surface"":1}","{""economy:building_plan"":0.373,""economy:epoch_begin"":3.321,""native_daily:climate_pass_b"":0.742,""native_daily:native_daily_complete"":0.578,""native_daily:native_daily_finalizer"":0.528,""native_daily:ocean_land"":1.19,""native_daily:runtime_hydrology"":0.966,""native_daily:sea_ice"":0.713,""native_daily:transpiration"":0.693,""native_daily:weather_stage_b"":1.546,""native_daily:wind_surface"":0.924}","{""economy:building_plan"":0.238,""economy:epoch_begin"":3.321,""native_daily:climate_pass_b"":0.742,""native_daily:native_daily_complete"":0.578,""native_daily:native_daily_finalizer"":0.528,""native_daily:ocean_land"":1.19,""native_daily:runtime_hydrology"":0.966,""native_daily:sea_ice"":0.713,""native_daily:transpiration"":0.693,""native_daily:weather_stage_b"":1.546,""native_daily:wind_surface"":0.924}",{},{},{},{},0,0,0.254,0.058,0,1.381,471,1606,4,0,0.358,0.132,0.426,0.012,0.353,0.156,0,0,100,0,13.127,33.773,0.032,11.434,708,272870,451,658,658,0,238747,31,6753,2,0,0,2,4800,0,78.331,0,SHADOW,SHADOW,,4095,2050,2045,missing_native_domain_handlers,false,16,false,0,0,false,0,0,0,0,0,climate_trace_reference_pending,,,,,0,,,0,0,2,0,0,1.840202,0,0,0,0,0,0,654,653,2400,true,0,0,0,0,0,0,0,0,0,0,4088,0,3,0,3,0,0,0,0,0,0,0,climate_trace_reference_pending,0,0,0,0,0,0,0,0,0,0,0,0,0,0,0,0,0,0,0,0,0,0,0,0,0,false,
542,655,59844,false,68,50,15.024,14.415,0.012,0.336,natural_resource_daily,natural_resource_daily,,gdext,2.28,2400,0,0,2400,-1,-1,,1052.631592,3.510724,5.911,7.511,261,8,3,1.5,false,2,8.666,,,,,,,,,,,,,,,,,,,,,,,,,,,,,,,,,,,,,,,,,,0,0,0,0,false,0,0,,0,0,0,0,0,0,0,,,,,false,{},{},{},{},{},{},{},0,0,0.233,0.06,0,2.249,471,1606,4,0,0.737,0,0.321,0.017,1.385,0.179,0,0,100,0,10.584667,33.773,0.032,8.042667,708,272870,451,658,658,0,238747,31,6753,2,0,0,2,4800,0,78.331,0,SHADOW,SHADOW,,4095,2050,2045,missing_native_domain_handlers,false,16,false,0,0,false,0,0,0,0,0,climate_trace_reference_pending,,,,,0,,,0,0,2,0,0,1.675492,0,0,0,0,0,0,655,654,2400,true,0,0,0,0,0,0,0,0,0,0,4088,0,3,0,3,0,0,0,0,0,0,0,climate_trace_reference_pending,0,0,0,0,0,0,0,0,0,0,0,0,0,0,0,0,0,0,0,0,0,0,0,0,0,false,
543,656,59894,false,68,50,20.096,19.541,0.012,0.318,dynamic_visual_atlas_upload,,,cell_indirection_lut,1.683,2400,2400,0,0,-1,-1,,1426.024982,3.512851,5.911,7.511,261,8,3,1.5,false,2,8.666,,,,,,,,,,,,,,,,,,,,,,,,,,,,,,,,,,,,,,,,,,1,9,9,1,true,1,0.001,building_plan,0,3,8.001,8.001,1.692,0.174,8,building_plan,trade_settle,reserve,ECONOMY_GRAPH,false,"{""economy:building_plan"":2,""economy:epoch_begin"":1,""native_daily:climate_pass_b"":1,""native_daily:native_daily_complete"":1,""native_daily:native_daily_finalizer"":1,""native_daily:ocean_land"":1,""native_daily:sea_ice"":1,""native_daily:wind_surface"":1}","{""economy:building_plan"":0.426,""economy:epoch_begin"":1.692,""native_daily:climate_pass_b"":0.748,""native_daily:native_daily_complete"":0.382,""native_daily:native_daily_finalizer"":0.53,""native_daily:ocean_land"":0.981,""native_daily:sea_ice"":0.533,""native_daily:wind_surface"":0.712}","{""economy:building_plan"":0.252,""economy:epoch_begin"":1.692,""native_daily:climate_pass_b"":0.748,""native_daily:native_daily_complete"":0.382,""native_daily:native_daily_finalizer"":0.53,""native_daily:ocean_land"":0.981,""native_daily:sea_ice"":0.533,""native_daily:wind_surface"":0.712}",{},{},{},{},0,0,5.775,0.046,0,1.275,471,1606,4,0,0.373,0,0.375,0.018,0.302,0.171,0,0,100,0,16.628333,33.773,0.032,9.532333,708,272870,451,660,660,0,239502,31,6464,2,0,0,2,4800,0,78.331,0,SHADOW,SHADOW,,4095,2050,2045,missing_native_domain_handlers,false,16,false,0,0,false,0,0,0,0,0,climate_trace_reference_pending,,,,,0,,,0,0,2,0,0,1.926842,0,0,0,0,0,0,656,655,2400,true,0,0,0,0,0,0,0,0,0,0,4088,0,3,0,3,0,0,0,0,0,0,0,climate_trace_reference_pending,0,0,0,0,0,0,0,0,0,0,0,0,0,0,0,0,0,0,0,0,0,0,0,0,0,false,
544,657,59923,false,68,50,17.827,12.291,0.011,5.286,native_daily_sim,climate_pass_a,climate_pass_a_struct,gdext_native_daily_slice,1.744,1,0,0,1,-1,-1,,0.573395,3.511717,5.911,7.511,261,8,3,1.5,false,2,8.666,,,,,,,,,,,,,,,,,,,,,,,,,,,,,,,,,,,,,,,,,,0,0,0,0,false,0,0,,0,0,0,0,0,0,0,,,,,false,{},{},{},{},{},{},{},0,0,0.36,0.063,0,2.05,471,1606,4,0,0.852,0.11,0.376,0.024,0.803,0.294,0,0,100,0,14.6945,33.773,0.032,12.2215,708,272870,451,660,660,0,239502,31,6464,2,0,0,2,4800,0,78.331,0,SHADOW,SHADOW,,4095,2050,2045,missing_native_domain_handlers,false,16,false,0,0,false,0,0,0,0,0,climate_trace_reference_pending,,,,,0,,,0,0,2,0,0,1.507337,0,0,0,0,0,0,657,656,2400,true,0,0,0,0,0,0,0,0,0,0,4088,0,3,0,3,0,0,0,0,0,0,0,climate_trace_reference_pending,0,0,0,0,0,0,0,0,0,0,0,0,0,0,0,0,0,0,0,0,0,0,0,0,0,false,
545,658,59972,false,68,50,15.893,15.421,0.01,0.275,trigger_runtime,trigger_evaluate,,TRIGGER_GRAPH,0.842,356,0,0,356,-1,-1,,422.802847,3.511643,5.911,7.511,261,8,3,1.5,false,2,8.666,,,,,,,,,,,,,,,,,,,,,,,,,,,,,,,,,,,,,,,,,,1,7,7,1,true,1,1.103,epoch_begin,0,1,9.103,9.103,4.177,4.177,8,epoch_begin,building_plan,,ECONOMY_GRAPH,false,"{""economy:epoch_begin"":1,""native_daily:climate_pass_b"":1,""native_daily:native_daily_complete"":1,""native_daily:native_daily_finalizer"":1,""native_daily:ocean_land"":1,""native_daily:sea_ice"":1,""native_daily:wind_surface"":1}","{""economy:epoch_begin"":4.177,""native_daily:climate_pass_b"":0.692,""native_daily:native_daily_complete"":0.299,""native_daily:native_daily_finalizer"":0.525,""native_daily:ocean_land"":1.026,""native_daily:sea_ice"":0.586,""native_daily:wind_surface"":0.958}","{""economy:epoch_begin"":4.177,""native_daily:climate_pass_b"":0.692,""native_daily:native_daily_complete"":0.299,""native_daily:native_daily_finalizer"":0.525,""native_daily:ocean_land"":1.026,""native_daily:sea_ice"":0.586,""native_daily:wind_surface"":0.958}",{},{},{},{},0,0,6.298,0.051,0,0.797,471,1606,4,0,0.283,0,0.326,0.012,0.047,0.134,0,0,100,0,16.311667,33.773,0.032,9.165667,708,272870,451,662,662,0,240258,31,6067,2,0,0,2,4800,0,78.331,0,SHADOW,SHADOW,,4095,2050,2045,missing_native_domain_handlers,false,16,false,0,0,false,0,0,0,0,0,climate_trace_reference_pending,,,,,0,,,0,0,2,0,0,1.044982,0,0,0,0,0,0,658,657,2400,true,0,0,0,0,0,0,0,0,0,0,4088,0,3,0,3,0,0,0,0,0,0,0,climate_trace_reference_pending,0,0,0,0,0,0,0,0,0,0,0,0,0,0,0,0,0,0,0,0,0,0,0,0,0,false,
546,659,59998,false,68,50,11.933,11.433,0.009,0.297,native_daily_sim,climate_pass_a,climate_pass_a_struct,gdext_native_daily_slice,1.405,1,0,0,1,-1,-1,,0.711744,3.510637,5.911,7.511,261,8,3,1.5,false,2,8.666,,,,,,,,,,,,,,,,,,,,,,,,,,,,,,,,,,,,,,,,,,0,0,0,0,false,0,0,,0,0,0,0,0,0,0,,,,,false,{},{},{},{},{},{},{},0.001,0,0.335,0.064,0,0.058,439,1606,0,0,0,0.052,0,0,0,0,0,0,100,0,8.532333,33.773,0.032,8.075333,708,272870,451,662,662,0,240258,31,6067,2,0,0,2,4800,0,78.331,0,SHADOW,SHADOW,,4095,2050,2045,missing_native_domain_handlers,false,16,false,0,0,false,0,0,0,0,0,climate_trace_reference_pending,,,,,0,,,0,0,2,0,0,1.527872,0,0,0,0,0,0,659,658,2400,true,0,0,0,0,0,0,0,0,0,0,4088,0,3,0,3,0,0,0,0,0,0,0,climate_trace_reference_pending,0,0,0,0,0,0,0,0,0,0,0,0,0,0,0,0,0,0,0,0,0,0,0,0,0,false,
547,660,60057,false,71,50,25.556,25.016,0.011,0.314,natural_resource_daily,natural_resource_daily,,gdext,2.258,2400,0,0,2400,-1,-1,,1062.88756,3.518121,6.061,7.511,261,8,3,1.5,false,2,8.666,,,,,,,,,,,,,,,,,,,,,,,,,,,,,,,,,,,,,,,,,,1,7,7,1,true,1,0.439,epoch_begin,0,1,8.439,8.439,3.433,3.433,8,epoch_begin,building_plan,,ECONOMY_GRAPH,false,"{""economy:epoch_begin"":1,""native_daily:climate_pass_b"":1,""native_daily:native_daily_complete"":1,""native_daily:native_daily_finalizer"":1,""native_daily:ocean_land"":1,""native_daily:sea_ice"":1,""native_daily:wind_surface"":1}","{""economy:epoch_begin"":3.433,""native_daily:climate_pass_b"":0.554,""native_daily:native_daily_complete"":0.372,""native_daily:native_daily_finalizer"":0.539,""native_daily:ocean_land"":1.13,""native_daily:sea_ice"":0.625,""native_daily:wind_surface"":0.864}","{""economy:epoch_begin"":3.433,""native_daily:climate_pass_b"":0.554,""native_daily:native_daily_complete"":0.372,""native_daily:native_daily_finalizer"":0.539,""native_daily:ocean_land"":1.13,""native_daily:sea_ice"":0.625,""native_daily:wind_surface"":0.864}",{},{},{},{},0,0,5.797,0.047,0,2.34,439,1606,3,0,1.024,0,0.513,0.02,1.193,0.234,0,0,100,0,19.791,30.429,0.028,11.607,708,272870,451,664,664,0,241014,31,7474,2,0,0,2,4800,0,78.331,0,SHADOW,SHADOW,,4095,2050,2045,missing_native_domain_handlers,false,16,false,0,0,false,0,0,0,0,0,climate_trace_reference_pending,,,,,0,,,0,0,2,0,0,1.817127,0,0,0,0,0,0,660,659,2400,true,0,0,0,0,0,0,0,0,0,0,4088,0,3,0,3,0,0,0,0,0,0,0,climate_trace_reference_pending,0,0,0,0,0,0,0,0,0,0,0,0,0,0,0,0,0,0,0,0,0,0,0,0,0,false,
548,661,60088,false,71,50,14.274,13.664,0.012,0.353,native_daily_sim,climate_pass_a,climate_pass_a_struct,gdext_native_daily_slice,2.416,1,0,0,1,-1,-1,,0.413907,3.519977,6.061,7.511,261,8,3,1.5,false,2,8.666,,,,,,,,,,,,,,,,,,,,,,,,,,,,,,,,,,,,,,,,,,0,0,0,0,false,0,0,,0,0,0,0,0,0,0,,,,,false,{},{},{},{},{},{},{},0.001,0,0.362,0.06,0,1.311,439,1606,4,0,0.363,0,0.411,0.021,0.445,0.13,0,0,100,0,10.446,30.429,0.028,8.713,708,272870,451,664,664,0,241014,31,7474,2,0,0,2,4800,0,78.331,0,SHADOW,SHADOW,,4095,2050,2045,missing_native_domain_handlers,false,16,false,0,0,false,0,0,0,0,0,climate_trace_reference_pending,,,,,0,,,0,0,2,0,0,1.935707,0,0,0,0,0,0,661,660,2400,true,0,0,0,0,0,0,0,0,0,0,4088,0,3,0,3,0,0,0,0,0,0,0,climate_trace_reference_pending,0,0,0,0,0,0,0,0,0,0,0,0,0,0,0,0,0,0,0,0,0,0,0,0,0,false,
549,662,60152,false,71,50,19.422,17.956,0.824,0.369,trigger_runtime,trigger_evaluate,,TRIGGER_GRAPH,0.891,359,0,0,359,-1,-1,,402.918082,3.519413,6.061,7.511,261,8,3,1.5,false,2,8.666,,,,,,,,,,,,,,,,,,,,,,,,,,,,,,,,,,,,,,,,,,2,11,11,1,true,1,0.024,building_plan,0,2,13.507,8.024,3.884,0.317,8,building_plan,building_plan,evaluate,ECONOMY_GRAPH,false,"{""economy:building_plan"":1,""economy:epoch_begin"":1,""native_daily:climate_pass_b"":1,""native_daily:native_daily_complete"":1,""native_daily:native_daily_finalizer"":1,""native_daily:ocean_land"":1,""native_daily:runtime_hydrology"":1,""native_daily:sea_ice"":1,""native_daily:transpiration"":1,""native_daily:weather_stage_b"":1,""native_daily:wind_surface"":1}","{""economy:building_plan"":0.317,""economy:epoch_begin"":3.884,""native_daily:climate_pass_b"":0.59,""native_daily:native_daily_complete"":0.607,""native_daily:native_daily_finalizer"":0.655,""native_daily:ocean_land"":0.912,""native_daily:runtime_hydrology"":1.066,""native_daily:sea_ice"":0.749,""native_daily:transpiration"":0.698,""native_daily:weather_stage_b"":1.614,""native_daily:wind_surface"":0.816}","{""economy:building_plan"":0.317,""economy:epoch_begin"":3.884,""native_daily:climate_pass_b"":0.59,""native_daily:native_daily_complete"":0.607,""native_daily:native_daily_finalizer"":0.655,""native_daily:ocean_land"":0.912,""native_daily:runtime_hydrology"":1.066,""native_daily:sea_ice"":0.749,""native_daily:transpiration"":0.698,""native_daily:weather_stage_b"":1.614,""native_daily:wind_surface"":0.816}",{},{},{},{},0,0,6.416,0.064,0,1.494,439,1606,4,0,0.641,0,0.406,0.02,0.45,0.234,0,0,100,0,15.931,30.429,0.028,7.957,708,272870,451,666,666,0,241774,31,6874,2,0,0,2,4800,0,78.331,0,SHADOW,SHADOW,,4095,2050,2045,missing_native_domain_handlers,false,16,false,0,0,false,0,0,0,0,0,climate_trace_reference_pending,,,,,0,,,0,0,2,0,0,1.871167,0,0,0,0,0,0,662,661,2400,true,0,0,0,0,0,0,0,0,0,0,4088,0,3,0,3,0,0,0,0,0,0,0,climate_trace_reference_pending,0,0,0,0,0,0,0,0,0,0,0,0,0,0,0,0,0,0,0,0,0,0,0,0,0,false,
550,663,60178,false,71,50,12.806,12.224,0.011,0.332,native_daily_sim,climate_pass_a,climate_pass_a_struct,gdext_native_daily_slice,1.605,1,0,0,1,-1,-1,,0.623053,3.519957,6.061,7.511,261,8,3,1.5,false,2,8.666,,,,,,,,,,,,,,,,,,,,,,,,,,,,,,,,,,,,,,,,,,0,0,0,0,false,0,0,,0,0,0,0,0,0,0,,,,,false,{},{},{},{},{},{},{},0,0.001,0.454,0.069,0,1.783,439,1606,4,0,0.48,0,0.469,0.025,0.581,0.274,0,0,100,0,13.0095,30.429,0.028,10.7035,708,272870,451,666,666,0,241774,31,6874,2,0,0,2,4800,0,78.331,0,SHADOW,SHADOW,,4095,2050,2045,missing_native_domain_handlers,false,16,false,0,0,false,0,0,0,0,0,climate_trace_reference_pending,,,,,0,,,0,0,2,0,0,1.493342,0,0,0,0,0,0,663,662,2400,true,0,0,0,0,0,0,0,0,0,0,4088,0,3,0,3,0,0,0,0,0,0,0,climate_trace_reference_pending,0,0,0,0,0,0,0,0,0,0,0,0,0,0,0,0,0,0,0,0,0,0,0,0,0,false,
551,664,60234,false,71,50,20.534,20.026,0.011,0.279,dynamic_visual_atlas_upload,,,cell_indirection_lut,1.773,2400,2400,0,0,-1,-1,,1353.6379,3.523103,6.061,7.511,261,8,3,1.5,false,2,8.666,,,,,,,,,,,,,,,,,,,,,,,,,,,,,,,,,,,,,,,,,,1,7,7,1,true,1,1.284,epoch_begin,0,1,9.284,9.284,4.185,4.185,8,epoch_begin,building_plan,,ECONOMY_GRAPH,false,"{""economy:epoch_begin"":1,""native_daily:climate_pass_b"":1,""native_daily:native_daily_complete"":1,""native_daily:native_daily_finalizer"":1,""native_daily:ocean_land"":1,""native_daily:sea_ice"":1,""native_daily:wind_surface"":1}","{""economy:epoch_begin"":4.185,""native_daily:climate_pass_b"":0.771,""native_daily:native_daily_complete"":0.313,""native_daily:native_daily_finalizer"":0.657,""native_daily:ocean_land"":1.023,""native_daily:sea_ice"":0.528,""native_daily:wind_surface"":0.826}","{""economy:epoch_begin"":4.185,""native_daily:climate_pass_b"":0.771,""native_daily:native_daily_complete"":0.313,""native_daily:native_daily_finalizer"":0.657,""native_daily:ocean_land"":1.023,""native_daily:sea_ice"":0.528,""native_daily:wind_surface"":0.826}",{},{},{},{},0,0,0.347,0.062,0,0.863,439,1606,4,0,0.262,0,0.329,0.006,0.027,0.144,0,0,100,0,13.886,30.429,0.028,12.614,708,272870,451,668,668,0,242534,31,7128,2,0,0,2,4800,0,78.331,0,SHADOW,SHADOW,,4095,2050,2045,missing_native_domain_handlers,false,16,false,0,0,false,0,0,0,0,0,climate_trace_reference_pending,,,,,0,,,0,0,2,0,0,1.883252,0,0,0,0,0,0,664,663,2400,true,0,0,0,0,0,0,0,0,0,0,4088,0,3,0,3,0,0,0,0,0,0,0,climate_trace_reference_pending,0,0,0,0,0,0,0,0,0,0,0,0,0,0,0,0,0,0,0,0,0,0,0,0,0,false,
552,665,60257,false,71,50,14.795,14.162,0.013,0.363,natural_resource_daily,natural_resource_daily,,gdext,2.395,2400,0,0,2400,-1,-1,,1002.087691,3.528114,6.061,7.511,261,8,3,1.5,false,2,8.666,,,,,,,,,,,,,,,,,,,,,,,,,,,,,,,,,,,,,,,,,,0,0,0,0,false,0,0,,0,0,0,0,0,0,0,,,,,false,{},{},{},{},{},{},{},0,0.001,0.29,0.047,0,0.109,407,1606,0,0,0,0.104,0,0,0,0,0,0,100,0,11.852,30.429,0.028,11.406,708,272870,451,668,668,0,242534,31,7128,2,0,0,2,4800,0,78.331,0,SHADOW,SHADOW,,4095,2050,2045,missing_native_domain_handlers,false,16,false,0,0,false,0,0,0,0,0,climate_trace_reference_pending,,,,,0,,,0,0,2,0,0,1.363737,0,0,0,0,0,0,665,664,2400,true,0,0,0,0,0,0,0,0,0,0,4088,0,3,0,3,0,0,0,0,0,0,0,climate_trace_reference_pending,0,0,0,0,0,0,0,0,0,0,0,0,0,0,0,0,0,0,0,0,0,0,0,0,0,false,
553,666,60309,false,71,50,19.393,18.744,0.014,0.345,ocean_currents,daily_wind_prepass,daily_wind_slp,gdext_daily_wind_slp,1.122,2400,2400,0,0,-1,-1,,2139.037473,3.529543,6.061,7.511,261,8,3,1.5,false,2,8.666,,,,,,,,,,,,,,,,,,,,,,,,,,,,,,,,,,,,,,,,,,1,9,9,1,true,1,0.431,household_market,0,3,8.431,8.431,1.633,1.633,8,household_market,household_market,settle,ECONOMY_GRAPH,false,"{""economy:building_plan"":2,""economy:household_market"":1,""native_daily:climate_pass_b"":1,""native_daily:native_daily_complete"":1,""native_daily:native_daily_finalizer"":1,""native_daily:ocean_land"":1,""native_daily:sea_ice"":1,""native_daily:wind_surface"":1}","{""economy:building_plan"":1.538,""economy:household_market"":1.633,""native_daily:climate_pass_b"":0.616,""native_daily:native_daily_complete"":0.352,""native_daily:native_daily_finalizer"":0.471,""native_daily:ocean_land"":0.833,""native_daily:sea_ice"":0.483,""native_daily:wind_surface"":0.639}","{""economy:building_plan"":1.379,""economy:household_market"":1.633,""native_daily:climate_pass_b"":0.616,""native_daily:native_daily_complete"":0.352,""native_daily:native_daily_finalizer"":0.471,""native_daily:ocean_land"":0.833,""native_daily:sea_ice"":0.483,""native_daily:wind_surface"":0.639}","{""economy:household_market.settle.merge_aggregate"":1,""economy:household_market.settle.merge_trade"":1,""economy:household_market.settle.other"":1,""economy:household_market.settle.prepare"":1,""economy:household_market.settle.trace"":1,""economy:household_market.settle.worker"":1}","{""economy:household_market.settle.merge_aggregate"":0.1301,""economy:household_market.settle.merge_trade"":0.0103,""economy:household_market.settle.other"":0.000599999999999979,""economy:household_market.settle.prepare"":0.002,""economy:household_market.settle.trace"":0.0034,""economy:household_market.settle.worker"":0.6014}","{""economy:household_market.settle.merge_aggregate"":0.1301,""economy:household_market.settle.merge_trade"":0.0103,""economy:household_market.settle.other"":0.000599999999999979,""economy:household_market.settle.prepare"":0.002,""economy:household_market.settle.trace"":0.0034,""economy:household_market.settle.worker"":0.6014}","{""economy:household_market.settle.merge_aggregate"":4,""economy:household_market.settle.merge_trade"":4,""economy:household_market.settle.other"":4,""economy:household_market.settle.prepare"":4,""economy:household_market.settle.trace"":4,""economy:household_market.settle.worker"":4}",0,0.001,5.427,0.052,0,3.847,407,1606,3,0,1.743,0.166,0.62,0.01,2.393,0.263,0,0,100,0,17.129667,30.429,0.028,7.803667,708,272870,451,670,670,0,243290,31,6949,2,0,0,2,4800,0,78.331,0,SHADOW,SHADOW,,4095,2050,2045,missing_native_domain_handlers,false,16,false,0,0,false,0,0,0,0,0,climate_trace_reference_pending,,,,,0,,,0,0,2,0,0,1.703212,0,0,0,0,0,0,666,665,2400,true,0,0,0,0,0,0,0,0,0,0,4088,0,3,0,3,0,0,0,0,0,0,0,climate_trace_reference_pending,0,0,0,0,0,0,0,0,0,0,0,0,0,0,0,0,0,0,0,0,0,0,0,0,0,false,
554,667,60333,false,71,50,12.921,12.367,0.01,0.33,native_daily_sim,climate_pass_a,climate_pass_a_struct,gdext_native_daily_slice,1.434,1,0,0,1,-1,-1,,0.69735,3.529826,6.061,7.511,261,8,3,1.5,false,2,8.666,,,,,,,,,,,,,,,,,,,,,,,,,,,,,,,,,,,,,,,,,,0,0,0,0,false,0,0,,0,0,0,0,0,0,0,,,,,false,{},{},{},{},{},{},{},0,0.001,0.331,0.061,0,0.915,407,1606,2,0,0.458,0,0.295,0.004,0.326,0.101,0,0,100,0,11.961,30.429,0.028,10.654,708,272870,451,670,670,0,243290,31,6949,2,0,0,2,4800,0,78.331,0,SHADOW,SHADOW,,4095,2050,2045,missing_native_domain_handlers,false,16,false,0,0,false,0,0,0,0,0,climate_trace_reference_pending,,,,,0,,,0,0,2,0,0,1.224662,0,0,0,0,0,0,667,666,2400,true,0,0,0,0,0,0,0,0,0,0,4088,0,3,0,3,0,0,0,0,0,0,0,climate_trace_reference_pending,0,0,0,0,0,0,0,0,0,0,0,0,0,0,0,0,0,0,0,0,0,0,0,0,0,false,
555,668,60397,false,71,50,20.098,19.556,0.012,0.295,dynamic_visual_atlas_upload,,,cell_indirection_lut,1.389,2400,2400,0,0,-1,-1,,1727.861699,3.527761,6.061,7.511,261,8,3,1.5,false,2,8.666,,,,,,,,,,,,,,,,,,,,,,,,,,,,,,,,,,,,,,,,,,1,7,7,1,true,1,1.593,epoch_begin,0,1,9.593,9.593,4.122,4.122,8,epoch_begin,building_plan,,ECONOMY_GRAPH,false,"{""economy:epoch_begin"":1,""native_daily:climate_pass_b"":1,""native_daily:native_daily_complete"":1,""native_daily:native_daily_finalizer"":1,""native_daily:ocean_land"":1,""native_daily:sea_ice"":1,""native_daily:wind_surface"":1}","{""economy:epoch_begin"":4.122,""native_daily:climate_pass_b"":0.619,""native_daily:native_daily_complete"":0.415,""native_daily:native_daily_finalizer"":0.587,""native_daily:ocean_land"":1.149,""native_daily:sea_ice"":0.723,""native_daily:wind_surface"":1.057}","{""economy:epoch_begin"":4.122,""native_daily:climate_pass_b"":0.619,""native_daily:native_daily_complete"":0.415,""native_daily:native_daily_finalizer"":0.587,""native_daily:ocean_land"":1.149,""native_daily:sea_ice"":0.723,""native_daily:wind_surface"":1.057}",{},{},{},{},0,0,0.486,0.064,0,3.002,407,1606,3,0,1.287,0,0.412,0.02,1.938,0.233,0,0,100,0,16.07025,30.429,0.028,12.51825,708,272870,451,672,672,0,244048,31,7190,2,0,0,2,4800,0,78.331,0,SHADOW,SHADOW,,4095,2050,2045,missing_native_domain_handlers,false,16,false,0,0,false,0,0,0,0,0,climate_trace_reference_pending,,,,,0,,,0,0,2,0,0,1.081802,0,0,0,0,0,0,668,667,2400,true,0,0,0,0,0,0,0,0,0,0,4088,0,3,0,3,0,0,0,0,0,0,0,climate_trace_reference_pending,0,0,0,0,0,0,0,0,0,0,0,0,0,0,0,0,0,0,0,0,0,0,0,0,0,false,
556,669,60423,false,71,50,13.14,12.595,0.011,0.283,native_daily_sim,climate_pass_a,climate_pass_a_struct,gdext_native_daily_slice,2.018,1,0,0,1,-1,-1,,0.49554,3.52969,6.061,7.511,261,8,3,1.5,false,2,8.666,,,,,,,,,,,,,,,,,,,,,,,,,,,,,,,,,,,,,,,,,,0,0,0,0,false,0,0,,0,0,0,0,0,0,0,,,,,false,{},{},{},{},{},{},{},0,0.001,0.458,0.068,0,2.532,407,1606,4,0,0.83,0.16,0.438,0.028,1.078,0.299,0,0,100,0,12.92,30.429,0.028,9.862,708,272870,451,672,672,0,244048,31,7190,2,0,0,2,4800,0,78.331,0,SHADOW,SHADOW,,4095,2050,2045,missing_native_domain_handlers,false,16,false,0,0,false,0,0,0,0,0,climate_trace_reference_pending,,,,,0,,,0,0,2,0,0,1.732782,0,0,0,0,0,0,669,668,2400,true,0,0,0,0,0,0,0,0,0,0,4088,0,3,0,3,0,0,0,0,0,0,0,climate_trace_reference_pending,0,0,0,0,0,0,0,0,0,0,0,0,0,0,0,0,0,0,0,0,0,0,0,0,0,false,
557,670,60484,false,71,50,20.493,19.431,0.578,0.274,natural_resource_daily,natural_resource_daily,,gdext,2.504,2400,0,0,2400,-1,-1,,958.466473,3.536997,6.061,7.511,262,8,3,1.5,false,2,8.666,,,,,,,,,,,,,,,,,,,,,,,,,,,,,,,,,,,,,,,,,,2,12,12,1,true,1,0.429,building_plan,0,3,14.238,8.429,3.479,0.139,8,building_plan,trade_settle,reserve,ECONOMY_GRAPH,false,"{""economy:building_plan"":2,""economy:epoch_begin"":1,""native_daily:climate_pass_b"":1,""native_daily:native_daily_complete"":1,""native_daily:native_daily_finalizer"":1,""native_daily:ocean_land"":1,""native_daily:runtime_hydrology"":1,""native_daily:sea_ice"":1,""native_daily:transpiration"":1,""native_daily:weather_stage_b"":1,""native_daily:wind_surface"":1}","{""economy:building_plan"":0.327,""economy:epoch_begin"":3.479,""native_daily:climate_pass_b"":0.787,""native_daily:native_daily_complete"":0.572,""native_daily:native_daily_finalizer"":0.511,""native_daily:ocean_land"":1.045,""native_daily:runtime_hydrology"":0.942,""native_daily:sea_ice"":0.663,""native_daily:transpiration"":0.603,""native_daily:weather_stage_b"":1.743,""native_daily:wind_surface"":0.857}","{""economy:building_plan"":0.188,""economy:epoch_begin"":3.479,""native_daily:climate_pass_b"":0.787,""native_daily:native_daily_complete"":0.572,""native_daily:native_daily_finalizer"":0.511,""native_daily:ocean_land"":1.045,""native_daily:runtime_hydrology"":0.942,""native_daily:sea_ice"":0.663,""native_daily:transpiration"":0.603,""native_daily:weather_stage_b"":1.743,""native_daily:wind_surface"":0.857}",{},{},{},{},0,0.001,5.462,0.054,0,2.71,407,1606,4,0,0.961,0.103,0.467,0.012,1.723,0.234,0,0,100,0,15.22075,30.429,0.028,6.99475,707,272868,451,674,674,0,244805,31,6455,2,0,0,2,4800,0,78.331,0,SHADOW,SHADOW,,4095,2050,2045,missing_native_domain_handlers,false,16,false,0,0,false,0,0,0,0,0,climate_trace_reference_pending,,,,,0,,,0,0,2,0,0,1.372207,0,0,0,0,0,0,670,669,2400,true,0,0,0,0,0,0,0,0,0,0,4088,0,3,0,3,0,0,0,0,0,0,0,climate_trace_reference_pending,0,0,0,0,0,0,0,0,0,0,0,0,0,0,0,0,0,0,0,0,0,0,0,0,0,false,
558,671,60506,false,71,50,11.792,11.305,0.009,0.261,native_daily_sim,climate_pass_a,climate_pass_a_struct,gdext_native_daily_slice,1.342,1,0,0,1,-1,-1,,0.745156,3.53676,6.061,7.511,262,8,3,1.5,false,2,8.666,,,,,,,,,,,,,,,,,,,,,,,,,,,,,,,,,,,,,,,,,,0,0,0,0,false,0,0,,0,0,0,0,0,0,0,,,,,false,{},{},{},{},{},{},{},0,0,0.243,0.044,0,2.071,407,1606,4,0,0.661,0,0.524,0.016,0.659,0.326,0,0,100,0,11.2835,30.429,0.028,8.9255,707,272868,451,674,674,0,244805,31,6455,2,0,0,2,4800,0,78.331,0,SHADOW,SHADOW,,4095,2050,2045,missing_native_domain_handlers,false,16,false,0,0,false,0,0,0,0,0,climate_trace_reference_pending,,,,,0,,,0,0,2,0,0,1.968072,0,0,0,0,0,0,671,670,2400,true,0,0,0,0,0,0,0,0,0,0,4088,0,3,0,3,0,0,0,0,0,0,0,climate_trace_reference_pending,0,0,0,0,0,0,0,0,0,0,0,0,0,0,0,0,0,0,0,0,0,0,0,0,0,false,
559,672,60557,false,71,50,21.545,20.953,0.012,0.316,dynamic_visual_atlas_upload,,,cell_indirection_lut,1.832,2400,2400,0,0,-1,-1,,1310.043656,3.536197,6.061,7.511,262,8,3,1.5,false,2,8.666,,,,,,,,,,,,,,,,,,,,,,,,,,,,,,,,,,,,,,,,,,1,7,7,1,true,1,0.499,building_plan,0,1,8.499,8.499,3.515,3.515,8,building_plan,building_plan,evaluate,ECONOMY_GRAPH,false,"{""economy:building_plan"":1,""native_daily:climate_pass_b"":1,""native_daily:native_daily_complete"":1,""native_daily:native_daily_finalizer"":1,""native_daily:ocean_land"":1,""native_daily:sea_ice"":1,""native_daily:wind_surface"":1}","{""economy:building_plan"":3.515,""native_daily:climate_pass_b"":0.521,""native_daily:native_daily_complete"":0.536,""native_daily:native_daily_finalizer"":0.492,""native_daily:ocean_land"":0.883,""native_daily:sea_ice"":0.478,""native_daily:wind_surface"":0.689}","{""economy:building_plan"":3.515,""native_daily:climate_pass_b"":0.521,""native_daily:native_daily_complete"":0.536,""native_daily:native_daily_finalizer"":0.492,""native_daily:ocean_land"":0.883,""native_daily:sea_ice"":0.478,""native_daily:wind_surface"":0.689}",{},{},{},{},0,0,5.99,0.047,0,2.255,407,1606,4,0,1.019,0,0.515,0.029,1.052,0.274,0,0,100,0,16.931,30.429,0.028,8.639,707,272868,451,676,676,0,245565,31,6926,2,0,0,2,4800,0,78.331,0,SHADOW,SHADOW,,4095,2050,2045,missing_native_domain_handlers,false,16,false,0,0,false,0,0,0,0,0,climate_trace_reference_pending,,,,,0,,,0,0,2,0,0,1.002842,0,0,0,0,0,0,672,671,2400,true,0,0,0,0,0,0,0,0,0,0,4088,0,3,0,3,0,0,0,0,0,0,0,climate_trace_reference_pending,0,0,0,0,0,0,0,0,0,0,0,0,0,0,0,0,0,0,0,0,0,0,0,0,0,false,
560,673,60587,false,71,50,14.598,13.92,0.013,0.377,native_daily_sim,climate_pass_a,climate_pass_a_struct,gdext_native_daily_slice,1.602,1,0,0,1,-1,-1,,0.62422,3.53775,6.061,7.511,262,8,3,1.5,false,2,8.666,,,,,,,,,,,,,,,,,,,,,,,,,,,,,,,,,,,,,,,,,,0,0,0,0,false,0,0,,0,0,0,0,0,0,0,,,,,false,{},{},{},{},{},{},{},0,0.001,0.254,0.046,0,1.222,407,1606,4,0,0.318,0.078,0.425,0.019,0.071,0.208,0,0,100,0,9.864,30.429,0.028,8.342,707,272868,451,676,676,0,245565,31,6926,2,0,0,2,4800,0,78.331,0,SHADOW,SHADOW,,4095,2050,2045,missing_native_domain_handlers,false,16,false,0,0,false,0,0,0,0,0,climate_trace_reference_pending,,,,,0,,,0,0,2,0,0,1.851847,0,0,0,0,0,0,673,672,2400,true,0,0,0,0,0,0,0,0,0,0,4088,0,3,0,3,0,0,0,0,0,0,0,climate_trace_reference_pending,0,0,0,0,0,0,0,0,0,0,0,0,0,0,0,0,0,0,0,0,0,0,0,0,0,false,
561,674,60729,false,71,50,113.822,18.169,0.012,5.861,trigger_runtime,trigger_evaluate,,TRIGGER_GRAPH,1.114,358,0,0,358,-1,-1,,321.364463,3.540113,6.061,7.511,263,8,3,1.5,false,2,8.666,,,,,,,,,,,,,,,,,,,,,,,,,,,,,,,,,,,,,,,,,,1,7,7,1,true,1,1.51,epoch_begin,0,1,9.51,9.51,4.317,4.317,8,epoch_begin,building_plan,,ECONOMY_GRAPH,false,"{""economy:epoch_begin"":1,""native_daily:climate_pass_b"":1,""native_daily:native_daily_complete"":1,""native_daily:native_daily_finalizer"":1,""native_daily:ocean_land"":1,""native_daily:sea_ice"":1,""native_daily:wind_surface"":1}","{""economy:epoch_begin"":4.317,""native_daily:climate_pass_b"":0.656,""native_daily:native_daily_complete"":0.431,""native_daily:native_daily_finalizer"":0.654,""native_daily:ocean_land"":0.981,""native_daily:sea_ice"":0.74,""native_daily:wind_surface"":0.771}","{""economy:epoch_begin"":4.317,""native_daily:climate_pass_b"":0.656,""native_daily:native_daily_complete"":0.431,""native_daily:native_daily_finalizer"":0.654,""native_daily:ocean_land"":0.981,""native_daily:sea_ice"":0.74,""native_daily:wind_surface"":0.771}",{},{},{},{},0,0,6.063,0.052,0,0.08,647,1804,0,0,0,0.072,0,0,0,0,0,0,100,0,47.639,30.429,0.028,41.444,707,272868,451,678,678,0,246326,31,6870,2,0,0,2,4800,0,78.331,0,SHADOW,SHADOW,,4095,2050,2045,missing_native_domain_handlers,false,16,false,0,0,false,0,0,0,0,0,climate_trace_reference_pending,,,,,0,,,0,0,2,0,0,1.028267,0,0,0,0,0,0,674,673,2400,true,0,0,0,0,0,0,0,0,0,0,4088,0,3,0,3,0,0,0,0,0,0,0,climate_trace_reference_pending,0,0,0,0,0,0,0,0,0,0,0,0,0,0,0,0,0,0,0,0,0,0,0,0,0,false,
562,675,60776,false,71,50,15.945,15.34,0.012,0.307,natural_resource_daily,natural_resource_daily,,gdext,2.353,2400,0,0,2400,-1,-1,,1019.974533,3.540033,6.061,7.511,263,8,3,1.5,false,2,8.666,,,,,,,,,,,,,,,,,,,,,,,,,,,,,,,,,,,,,,,,,,0,0,0,0,false,0,0,,0,0,0,0,0,0,0,,,,,false,{},{},{},{},{},{},{},0,0,0.246,0.053,0,1.82,647,1804,4,0,0.503,0.118,0.537,0.024,0.503,0.232,0,0,100,0,9.2484,30.429,0.028,7.1294,707,272868,451,678,678,0,246326,31,6870,2,0,0,2,4800,0,78.331,0,SHADOW,SHADOW,,4095,2050,2045,missing_native_domain_handlers,false,16,false,0,0,false,0,0,0,0,0,climate_trace_reference_pending,,,,,0,,,0,0,2,0,0,1.232837,0,0,0,0,0,0,675,674,2400,true,0,0,0,0,0,0,0,0,0,0,4088,0,3,0,3,0,0,0,0,0,0,0,climate_trace_reference_pending,0,0,0,0,0,0,0,0,0,0,0,0,0,0,0,0,0,0,0,0,0,0,0,0,0,false,
563,676,60843,false,71,50,21.354,20.827,0.011,0.28,dynamic_visual_atlas_upload,,,cell_indirection_lut,1.581,2400,2400,0,0,-1,-1,,1518.026594,3.541254,6.061,7.511,263,8,3,1.5,false,2,8.666,,,,,,,,,,,,,,,,,,,,,,,,,,,,,,,,,,,,,,,,,,1,7,7,1,true,1,0.453,epoch_begin,0,1,8.453,8.453,3.22,3.22,8,epoch_begin,building_plan,,ECONOMY_GRAPH,false,"{""economy:epoch_begin"":1,""native_daily:climate_pass_b"":1,""native_daily:native_daily_complete"":1,""native_daily:native_daily_finalizer"":1,""native_daily:ocean_land"":1,""native_daily:sea_ice"":1,""native_daily:wind_surface"":1}","{""economy:epoch_begin"":3.22,""native_daily:climate_pass_b"":0.81,""native_daily:native_daily_complete"":0.389,""native_daily:native_daily_finalizer"":0.553,""native_daily:ocean_land"":0.925,""native_daily:sea_ice"":0.526,""native_daily:wind_surface"":1.015}","{""economy:epoch_begin"":3.22,""native_daily:climate_pass_b"":0.81,""native_daily:native_daily_complete"":0.389,""native_daily:native_daily_finalizer"":0.553,""native_daily:ocean_land"":0.925,""native_daily:sea_ice"":0.526,""native_daily:wind_surface"":1.015}",{},{},{},{},0,0.001,0.388,0.047,0,1.767,647,1804,4,0,0.494,0.159,0.339,0.013,0.635,0.219,0,0,100,0,13.3718,30.429,0.028,11.1698,707,272868,451,680,680,0,247088,31,6459,2,0,0,2,4800,0,78.331,0,SHADOW,SHADOW,,4095,2050,2045,missing_native_domain_handlers,false,16,false,0,0,false,0,0,0,0,0,climate_trace_reference_pending,,,,,0,,,0,0,2,0,0,1.304672,0,0,0,0,0,0,676,675,2400,true,0,0,0,0,0,0,0,0,0,0,4088,0,3,0,3,0,0,0,0,0,0,0,climate_trace_reference_pending,0,0,0,0,0,0,0,0,0,0,0,0,0,0,0,0,0,0,0,0,0,0,0,0,0,false,
564,677,60879,false,71,50,13.611,12.962,0.013,0.347,native_daily_sim,climate_pass_a,climate_pass_a_struct,gdext_native_daily_slice,2.033,1,0,0,1,-1,-1,,0.491884,3.539673,6.061,7.511,263,8,3,1.5,false,2,8.666,,,,,,,,,,,,,,,,,,,,,,,,,,,,,,,,,,,,,,,,,,0,0,0,0,false,0,0,,0,0,0,0,0,0,0,,,,,false,{},{},{},{},{},{},{},0,0,0.31,0.073,0,2.922,647,1804,3,0,1.444,0.106,0.382,0.021,1.832,0.259,0,0,100,0,9.172,30.429,0.028,5.867,707,272868,451,680,680,0,247088,31,6459,2,0,0,2,4800,0,78.331,0,SHADOW,SHADOW,,4095,2050,2045,missing_native_domain_handlers,false,16,false,0,0,false,0,0,0,0,0,climate_trace_reference_pending,,,,,0,,,0,0,2,0,0,1.520037,0,0,0,0,0,0,677,676,2400,true,0,0,0,0,0,0,0,0,0,0,4088,0,3,0,3,0,0,0,0,0,0,0,climate_trace_reference_pending,0,0,0,0,0,0,0,0,0,0,0,0,0,0,0,0,0,0,0,0,0,0,0,0,0,false,
565,678,60946,false,71,50,21.443,20.084,0.741,0.334,trigger_runtime,trigger_evaluate,,TRIGGER_GRAPH,1.063,357,0,0,357,-1,-1,,335.841968,3.5394,6.061,7.511,263,8,3,1.5,false,2,8.666,,,,,,,,,,,,,,,,,,,,,,,,,,,,,,,,,,,,,,,,,,2,11,11,1,true,1,0.214,building_plan,0,2,13.806,8.214,4.131,0.216,8,building_plan,trade_settle,reserve,ECONOMY_GRAPH,false,"{""economy:building_plan"":2,""native_daily:climate_pass_b"":1,""native_daily:native_daily_complete"":1,""native_daily:native_daily_finalizer"":1,""native_daily:ocean_land"":1,""native_daily:runtime_hydrology"":1,""native_daily:sea_ice"":1,""native_daily:transpiration"":1,""native_daily:weather_stage_b"":1,""native_daily:wind_surface"":1}","{""economy:building_plan"":4.347,""native_daily:climate_pass_b"":0.802,""native_daily:native_daily_complete"":0.639,""native_daily:native_daily_finalizer"":0.534,""native_daily:ocean_land"":0.914,""native_daily:runtime_hydrology"":1.07,""native_daily:sea_ice"":0.558,""native_daily:transpiration"":0.569,""native_daily:weather_stage_b"":1.684,""native_daily:wind_surface"":0.957}","{""economy:building_plan"":4.131,""native_daily:climate_pass_b"":0.802,""native_daily:native_daily_complete"":0.639,""native_daily:native_daily_finalizer"":0.534,""native_daily:ocean_land"":0.914,""native_daily:runtime_hydrology"":1.07,""native_daily:sea_ice"":0.558,""native_daily:transpiration"":0.569,""native_daily:weather_stage_b"":1.684,""native_daily:wind_surface"":0.957}",{},{},{},{},0,0.001,0.334,0.069,0,1.2,643,1804,3,0,0.405,0.051,0.267,0.016,0.354,0.191,0,0,100,0,13.2916,30.429,0.028,11.6886,707,272868,451,682,682,0,247846,31,7524,2,0,0,2,4800,0,78.331,0,SHADOW,SHADOW,,4095,2050,2045,missing_native_domain_handlers,false,16,false,0,0,false,0,0,0,0,0,climate_trace_reference_pending,,,,,0,,,0,0,2,0,0,1.468612,0,0,0,0,0,0,678,677,2400,true,0,0,0,0,0,0,0,0,0,0,4088,0,3,0,3,0,0,0,0,0,0,0,climate_trace_reference_pending,0,0,0,0,0,0,0,0,0,0,0,0,0,0,0,0,0,0,0,0,0,0,0,0,0,false,
566,679,60985,false,71,50,16.287,13.505,0.009,0.314,native_daily_sim,climate_pass_a,climate_pass_a_struct,gdext_native_daily_slice,1.951,1,0,0,1,-1,-1,,0.512558,3.54008,6.061,7.511,263,8,3,1.5,false,2,8.666,,,,,,,,,,,,,,,,,,,,,,,,,,,,,,,,,,,,,,,,,,0,0,0,0,false,0,0,,0,0,0,0,0,0,0,,,,,false,{},{},{},{},{},{},{},0,0.001,0.269,0.062,0,0.681,643,1818,1,0,0.633,0,0.172,0.005,0.319,0.061,0,0,100,0,7.9444,30.429,0.028,6.9324,708,272870,451,682,682,0,247846,31,7524,2,0,0,2,4800,0,78.331,0,SHADOW,SHADOW,,4095,2050,2045,missing_native_domain_handlers,false,16,false,0,0,false,0,0,0,0,0,climate_trace_reference_pending,,,,,0,,,0,0,2,0,0,1.698412,0,0,0,0,0,0,679,678,2400,true,0,0,0,0,0,0,0,0,0,0,4088,0,3,0,3,0,0,0,0,0,0,0,climate_trace_reference_pending,0,0,0,0,0,0,0,0,0,0,0,0,0,0,0,0,0,0,0,0,0,0,0,0,0,false,
567,680,61029,false,69,50,22.561,22.053,0.01,0.296,natural_resource_daily,natural_resource_daily,,gdext,2.473,2400,0,0,2400,-1,-1,,970.481177,3.543067,6.115,7.511,263,8,3,1.5,false,2,8.666,,,,,,,,,,,,,,,,,,,,,,,,,,,,,,,,,,,,,,,,,,1,6,6,1,false,0,0,,0,0,5.047,5.047,1.237,0.428,8,native_daily_complete,native_daily_complete,round_complete,gdext_native_daily_slice,true,"{""native_daily:climate_pass_b"":1,""native_daily:native_daily_complete"":1,""native_daily:native_daily_finalizer"":1,""native_daily:ocean_land"":1,""native_daily:sea_ice"":1,""native_daily:wind_surface"":1}","{""native_daily:climate_pass_b"":0.786,""native_daily:native_daily_complete"":0.428,""native_daily:native_daily_finalizer"":0.679,""native_daily:ocean_land"":1.237,""native_daily:sea_ice"":0.798,""native_daily:wind_surface"":0.989}","{""native_daily:climate_pass_b"":0.786,""native_daily:native_daily_complete"":0.428,""native_daily:native_daily_finalizer"":0.679,""native_daily:ocean_land"":1.237,""native_daily:sea_ice"":0.798,""native_daily:wind_surface"":0.989}",{},{},{},{},0,0.001,0.27,0.067,0,1.028,643,1818,4,0,0.318,0,0.467,0.012,0.114,0.132,0,0,100,0,14.690667,120.262,0.023,13.325667,708,272870,451,683,683,0,248226,31,7086,2,0,0,2,4800,0,78.331,0,SHADOW,SHADOW,,4095,2050,2045,missing_native_domain_handlers,false,16,false,0,0,false,0,0,0,0,0,climate_trace_reference_pending,,,,,0,,,0,0,2,0,0,1.571767,0,0,0,0,0,0,680,679,2400,true,0,0,0,0,0,0,0,0,0,0,4088,0,3,0,3,0,0,0,0,0,0,0,climate_trace_reference_pending,0,0,0,0,0,0,0,0,0,0,0,0,0,0,0,0,0,0,0,0,0,0,0,0,0,false,
568,681,61057,false,69,50,13.171,12.552,0.013,0.343,native_daily_sim,climate_pass_a,climate_pass_a_struct,gdext_native_daily_slice,1.675,1,0,0,1,-1,-1,,0.597015,3.543113,6.115,7.511,263,8,3,1.5,false,2,8.666,,,,,,,,,,,,,,,,,,,,,,,,,,,,,,,,,,,,,,,,,,0,0,0,0,false,0,0,,0,0,0,0,0,0,0,,,,,false,{},{},{},{},{},{},{},0,0,0.275,0.059,0,0.984,643,1818,4,0,0.284,0,0.412,0.008,0.037,0.179,0,0,100,0,9.198333,120.262,0.023,7.880333,708,272860,451,683,683,0,248226,31,7086,2,0,0,2,4800,0,78.331,0,SHADOW,SHADOW,,4095,2050,2045,missing_native_domain_handlers,false,16,false,0,0,false,0,0,0,0,0,climate_trace_reference_pending,,,,,0,,,0,0,2,0,0,1.433517,0,0,0,0,0,0,681,680,2400,true,0,0,0,0,0,0,0,0,0,0,4088,0,3,0,3,0,0,0,0,0,0,0,climate_trace_reference_pending,0,0,0,0,0,0,0,0,0,0,0,0,0,0,0,0,0,0,0,0,0,0,0,0,0,false,
569,682,61109,false,69,50,17.139,16.63,0.012,0.29,trigger_runtime,trigger_evaluate,,TRIGGER_GRAPH,0.991,357,0,0,357,-1,-1,,360.242181,3.53784,6.115,7.511,262,8,3,1.5,false,2,8.666,,,,,,,,,,,,,,,,,,,,,,,,,,,,,,,,,,,,,,,,,,1,7,7,1,true,1,0.851,epoch_begin,0,1,8.851,8.851,3.732,3.732,8,epoch_begin,building_plan,,ECONOMY_GRAPH,false,"{""economy:epoch_begin"":1,""native_daily:climate_pass_b"":1,""native_daily:native_daily_complete"":1,""native_daily:native_daily_finalizer"":1,""native_daily:ocean_land"":1,""native_daily:sea_ice"":1,""native_daily:wind_surface"":1}","{""economy:epoch_begin"":3.732,""native_daily:climate_pass_b"":0.639,""native_daily:native_daily_complete"":0.41,""native_daily:native_daily_finalizer"":0.644,""native_daily:ocean_land"":1.023,""native_daily:sea_ice"":0.588,""native_daily:wind_surface"":0.827}","{""economy:epoch_begin"":3.732,""native_daily:climate_pass_b"":0.639,""native_daily:native_daily_complete"":0.41,""native_daily:native_daily_finalizer"":0.644,""native_daily:ocean_land"":1.023,""native_daily:sea_ice"":0.588,""native_daily:wind_surface"":0.827}",{},{},{},{},0,0,0.302,0.058,0,1.788,643,1818,4,0,0.512,0,0.508,0.008,0.763,0.196,0,0,100,0,13.06675,120.262,0.023,10.91875,708,272860,451,685,685,0,248985,31,6306,2,0,0,2,4800,0,78.331,0,SHADOW,SHADOW,,4095,2050,2045,missing_native_domain_handlers,false,16,false,0,0,false,0,0,0,0,0,climate_trace_reference_pending,,,,,0,,,0,0,2,0,0,1.863307,0,0,0,0,0,0,682,681,2400,true,0,0,0,0,0,0,0,0,0,0,4088,0,3,0,3,0,0,0,0,0,0,0,climate_trace_reference_pending,0,0,0,0,0,0,0,0,0,0,0,0,0,0,0,0,0,0,0,0,0,0,0,0,0,false,
570,683,61140,false,69,50,13.911,13.364,0.011,0.285,native_daily_sim,climate_pass_a,climate_pass_a_struct,gdext_native_daily_slice,1.859,1,0,0,1,-1,-1,,0.537924,3.528414,6.061,7.511,262,8,3,1.5,false,2,8.666,,,,,,,,,,,,,,,,,,,,,,,,,,,,,,,,,,,,,,,,,,0,0,0,0,false,0,0,,0,0,0,0,0,0,0,,,,,false,{},{},{},{},{},{},{},0.001,0.001,0.31,0.072,0,2.288,643,1818,4,0,0.643,0.137,0.534,0.013,0.801,0.243,0,0,100,0,10.313333,120.262,0.023,7.643333,708,272860,451,685,685,0,248985,31,6306,2,0,0,2,4800,0,78.331,0,SHADOW,SHADOW,,4095,2050,2045,missing_native_domain_handlers,false,16,false,0,0,false,0,0,0,0,0,climate_trace_reference_pending,,,,,0,,,0,0,2,0,0,1.581397,0,0,0,0,0,0,683,682,2400,true,0,0,0,0,0,0,0,0,0,0,4088,0,3,0,3,0,0,0,0,0,0,0,climate_trace_reference_pending,0,0,0,0,0,0,0,0,0,0,0,0,0,0,0,0,0,0,0,0,0,0,0,0,0,false,
571,684,61200,false,69,50,23.487,22.807,0.013,0.365,ocean_currents,phys_slp,next_phys_slp,gdext,1.6,0,0,0,0,-1,-1,,0,3.527028,6.061,7.511,262,8,3,1.5,false,2,8.666,,,,,,,,,,,,,,,,,,,,,,,,,,,,,,,,,,,,,,,,,,1,7,7,1,true,1,1.153,building_plan,0,1,9.153,9.153,3.955,3.955,8,building_plan,building_plan,evaluate,ECONOMY_GRAPH,false,"{""economy:building_plan"":1,""native_daily:climate_pass_b"":1,""native_daily:native_daily_complete"":1,""native_daily:native_daily_finalizer"":1,""native_daily:ocean_land"":1,""native_daily:sea_ice"":1,""native_daily:wind_surface"":1}","{""economy:building_plan"":3.955,""native_daily:climate_pass_b"":0.767,""native_daily:native_daily_complete"":0.393,""native_daily:native_daily_finalizer"":0.558,""native_daily:ocean_land"":0.881,""native_daily:sea_ice"":0.694,""native_daily:wind_surface"":0.957}","{""economy:building_plan"":3.955,""native_daily:climate_pass_b"":0.767,""native_daily:native_daily_complete"":0.393,""native_daily:native_daily_finalizer"":0.558,""native_daily:ocean_land"":0.881,""native_daily:sea_ice"":0.694,""native_daily:wind_surface"":0.957}",{},{},{},{},0,0.001,6.96,0.065,0,2.107,643,1818,4,0,0.691,0,0.456,0.026,0.793,0.321,0,0,100,0,19.840667,120.262,0.023,10.708667,708,272860,451,687,687,0,249745,31,7957,2,0,0,2,4800,0,78.331,0,SHADOW,SHADOW,,4095,2050,2045,missing_native_domain_handlers,false,16,false,0,0,false,0,0,0,0,0,climate_trace_reference_pending,,,,,0,,,0,0,2,0,0,1.058692,0,0,0,0,0,0,684,683,2400,true,0,0,0,0,0,0,0,0,0,0,4088,0,3,0,3,0,0,0,0,0,0,0,climate_trace_reference_pending,0,0,0,0,0,0,0,0,0,0,0,0,0,0,0,0,0,0,0,0,0,0,0,0,0,false,
572,685,61237,false,69,50,17.84,17.061,0.016,0.415,natural_resource_daily,natural_resource_daily,,gdext,2.761,2400,0,0,2400,-1,-1,,869.250297,3.526668,6.061,7.511,262,8,3,1.5,false,2,8.666,,,,,,,,,,,,,,,,,,,,,,,,,,,,,,,,,,,,,,,,,,0,0,0,0,false,0,0,,0,0,0,0,0,0,0,,,,,false,{},{},{},{},{},{},{},0,0,0.407,0.079,0,1.882,643,1818,4,0,0.678,0,0.433,0.021,0.736,0.264,0,0,100,0,12.231667,120.262,0.023,9.863667,708,272860,451,687,687,0,249745,31,7957,2,0,0,2,4800,0,78.331,0,SHADOW,SHADOW,,4095,2050,2045,missing_native_domain_handlers,false,16,false,0,0,false,0,0,0,0,0,climate_trace_reference_pending,,,,,0,,,0,0,2,0,0,1.180367,0,0,0,0,0,0,685,684,2400,true,0,0,0,0,0,0,0,0,0,0,4088,0,3,0,3,0,0,0,0,0,0,0,climate_trace_reference_pending,0,0,0,0,0,0,0,0,0,0,0,0,0,0,0,0,0,0,0,0,0,0,0,0,0,false,
573,686,61305,false,69,50,17.996,16.976,0.527,0.272,trigger_runtime,trigger_evaluate,,TRIGGER_GRAPH,1.122,361,0,0,361,-1,-1,,321.746887,3.524011,6.061,7.511,261,8,3,1.5,false,2,8.666,,,,,,,,,,,,,,,,,,,,,,,,,,,,,,,,,,,,,,,,,,2,12,12,1,true,1,0.16,building_plan,0,3,13.859,8.16,1.982,0.167,8,building_plan,trade_settle,reserve,ECONOMY_GRAPH,false,"{""economy:building_plan"":2,""economy:epoch_begin"":1,""native_daily:climate_pass_b"":1,""native_daily:native_daily_complete"":1,""native_daily:native_daily_finalizer"":1,""native_daily:ocean_land"":1,""native_daily:runtime_hydrology"":1,""native_daily:sea_ice"":1,""native_daily:transpiration"":1,""native_daily:weather_stage_b"":1,""native_daily:wind_surface"":1}","{""economy:building_plan"":0.387,""economy:epoch_begin"":1.982,""native_daily:climate_pass_b"":0.657,""native_daily:native_daily_complete"":0.893,""native_daily:native_daily_finalizer"":0.765,""native_daily:ocean_land"":0.911,""native_daily:runtime_hydrology"":1.209,""native_daily:sea_ice"":0.793,""native_daily:transpiration"":0.668,""native_daily:weather_stage_b"":1.701,""native_daily:wind_surface"":0.856}","{""economy:building_plan"":0.22,""economy:epoch_begin"":1.982,""native_daily:climate_pass_b"":0.657,""native_daily:native_daily_complete"":0.893,""native_daily:native_daily_finalizer"":0.765,""native_daily:ocean_land"":0.911,""native_daily:runtime_hydrology"":1.209,""native_daily:sea_ice"":0.793,""native_daily:transpiration"":0.668,""native_daily:weather_stage_b"":1.701,""native_daily:wind_surface"":0.856}",{},{},{},{},0,0,0.319,0.066,0,2.451,643,1818,4,0,0.865,0,0.631,0.046,0.856,0.429,0,0,100,0,13.6784,120.262,0.023,10.8424,708,272860,451,689,689,0,250505,31,6698,2,0,0,2,4800,0,78.331,0,SHADOW,SHADOW,,4095,2050,2045,missing_native_domain_handlers,false,16,false,0,0,false,0,0,0,0,0,climate_trace_reference_pending,,,,,0,,,0,0,2,0,0,1.591372,0,0,0,0,0,0,686,685,2400,true,0,0,0,0,0,0,0,0,0,0,4088,0,3,0,3,0,0,0,0,0,0,0,climate_trace_reference_pending,0,0,0,0,0,0,0,0,0,0,0,0,0,0,0,0,0,0,0,0,0,0,0,0,0,false,
574,687,61331,false,69,50,14.399,13.777,0.011,0.345,native_daily_sim,climate_pass_a,climate_pass_a_struct,gdext_native_daily_slice,1.854,1,0,0,1,-1,-1,,0.539374,3.51965,6.061,7.511,261,8,3,1.5,false,2,8.666,,,,,,,,,,,,,,,,,,,,,,,,,,,,,,,,,,,,,,,,,,0,0,0,0,false,0,0,,0,0,0,0,0,0,0,,,,,false,{},{},{},{},{},{},{},0.001,0,0.27,0.06,0,1.351,643,1818,4,0,0.395,0,0.619,0.012,0.129,0.219,0,0,100,0,13.038,120.262,0.023,11.357,708,272845,451,689,689,0,250505,31,6698,2,0,0,2,4800,0,78.331,0,SHADOW,SHADOW,,4095,2050,2045,missing_native_domain_handlers,false,16,false,0,0,false,0,0,0,0,0,climate_trace_reference_pending,,,,,0,,,0,0,2,0,0,1.065072,0,0,0,0,0,0,687,686,2400,true,0,0,0,0,0,0,0,0,0,0,4088,0,3,0,3,0,0,0,0,0,0,0,climate_trace_reference_pending,0,0,0,0,0,0,0,0,0,0,0,0,0,0,0,0,0,0,0,0,0,0,0,0,0,false,
575,688,61388,false,69,50,20.878,20.316,0.01,0.34,dynamic_visual_atlas_upload,,,cell_indirection_lut,1.458,2400,2400,0,0,-1,-1,,1646.090597,3.51816,6.061,7.511,261,8,3,1.5,false,2,8.666,,,,,,,,,,,,,,,,,,,,,,,,,,,,,,,,,,,,,,,,,,1,7,7,1,true,1,1.72,epoch_begin,0,1,9.72,9.72,4.27,4.27,8,epoch_begin,building_plan,,ECONOMY_GRAPH,false,"{""economy:epoch_begin"":1,""native_daily:climate_pass_b"":1,""native_daily:native_daily_complete"":1,""native_daily:native_daily_finalizer"":1,""native_daily:ocean_land"":1,""native_daily:sea_ice"":1,""native_daily:wind_surface"":1}","{""economy:epoch_begin"":4.27,""native_daily:climate_pass_b"":0.722,""native_daily:native_daily_complete"":0.308,""native_daily:native_daily_finalizer"":0.691,""native_daily:ocean_land"":1.188,""native_daily:sea_ice"":0.688,""native_daily:wind_surface"":0.974}","{""economy:epoch_begin"":4.27,""native_daily:climate_pass_b"":0.722,""native_daily:native_daily_complete"":0.308,""native_daily:native_daily_finalizer"":0.691,""native_daily:ocean_land"":1.188,""native_daily:sea_ice"":0.688,""native_daily:wind_surface"":0.974}",{},{},{},{},0,0.001,0.296,0.059,0,1.71,643,1818,4,0,0.613,0.14,0.534,0.017,0.391,0.261,0,0,100,0,14.273,120.262,0.023,12.208,708,272871,451,691,691,0,251263,31,6920,2,0,0,2,4800,0,78.331,0,SHADOW,SHADOW,,4095,2050,2045,missing_native_domain_handlers,false,16,false,0,0,false,0,0,0,0,0,climate_trace_reference_pending,,,,,0,,,0,0,2,0,0,1.610562,0,0,0,0,0,0,688,687,2400,true,0,0,0,0,0,0,0,0,0,0,4088,0,3,0,3,0,0,0,0,0,0,0,climate_trace_reference_pending,0,0,0,0,0,0,0,0,0,0,0,0,0,0,0,0,0,0,0,0,0,0,0,0,0,false,
576,689,61412,false,69,50,13.317,12.786,0.011,0.294,native_daily_sim,climate_pass_a,climate_pass_a_struct,gdext_native_daily_slice,1.775,1,0,0,1,-1,-1,,0.56338,3.51493,6.061,7.511,261,8,3,1.5,false,2,8.666,,,,,,,,,,,,,,,,,,,,,,,,,,,,,,,,,,,,,,,,,,0,0,0,0,false,0,0,,0,0,0,0,0,0,0,,,,,false,{},{},{},{},{},{},{},0,0.001,0.316,0.046,0,0.924,643,1818,4,0,0.268,0,0.381,0.009,0.075,0.187,0,0,100,0,12.0575,120.262,0.023,10.7715,708,272871,451,691,691,0,251263,31,6920,2,0,0,2,4800,0,78.331,0,SHADOW,SHADOW,,4095,2050,2045,missing_native_domain_handlers,false,16,false,0,0,false,0,0,0,0,0,climate_trace_reference_pending,,,,,0,,,0,0,2,0,0,1.177542,0,0,0,0,0,0,689,688,2400,true,0,0,0,0,0,0,0,0,0,0,4088,0,3,0,3,0,0,0,0,0,0,0,climate_trace_reference_pending,0,0,0,0,0,0,0,0,0,0,0,0,0,0,0,0,0,0,0,0,0,0,0,0,0,false,
577,690,61464,false,69,50,22.307,21.774,0.011,0.298,natural_resource_daily,natural_resource_daily,,gdext,2.506,2400,0,0,2400,-1,-1,,957.7015,3.514417,6.061,7.511,261,8,3,1.5,false,2,8.666,,,,,,,,,,,,,,,,,,,,,,,,,,,,,,,,,,,,,,,,,,1,7,7,1,true,1,0.686,building_plan,0,1,8.686,8.686,3.653,3.653,8,building_plan,building_plan,evaluate,ECONOMY_GRAPH,false,"{""economy:building_plan"":1,""native_daily:climate_pass_b"":1,""native_daily:native_daily_complete"":1,""native_daily:native_daily_finalizer"":1,""native_daily:ocean_land"":1,""native_daily:sea_ice"":1,""native_daily:wind_surface"":1}","{""economy:building_plan"":3.653,""native_daily:climate_pass_b"":0.592,""native_daily:native_daily_complete"":0.354,""native_daily:native_daily_finalizer"":0.615,""native_daily:ocean_land"":1.187,""native_daily:sea_ice"":0.64,""native_daily:wind_surface"":0.73}","{""economy:building_plan"":3.653,""native_daily:climate_pass_b"":0.592,""native_daily:native_daily_complete"":0.354,""native_daily:native_daily_finalizer"":0.615,""native_daily:ocean_land"":1.187,""native_daily:sea_ice"":0.64,""native_daily:wind_surface"":0.73}",{},{},{},{},0,0,6.623,0.044,0,0.889,643,1818,3,0,0.374,0,0.362,0.008,0.063,0.171,0,0,100,0,17.282,120.262,0.023,9.726,708,272871,451,693,693,0,252023,31,6794,2,0,0,2,4800,0,78.331,0,SHADOW,SHADOW,,4095,2050,2045,missing_native_domain_handlers,false,16,false,0,0,false,0,0,0,0,0,climate_trace_reference_pending,,,,,0,,,0,0,2,0,0,1.327432,0,0,0,0,0,0,690,689,2400,true,0,0,0,0,0,0,0,0,0,0,4088,0,3,0,3,0,0,0,0,0,0,0,climate_trace_reference_pending,0,0,0,0,0,0,0,0,0,0,0,0,0,0,0,0,0,0,0,0,0,0,0,0,0,false,
578,691,61494,false,69,50,17.08,12.444,0.012,4.376,native_daily_sim,climate_pass_a,climate_pass_a_struct,gdext_native_daily_slice,1.495,1,0,0,1,-1,-1,,0.668896,3.51558,6.061,7.511,261,8,3,1.5,false,2,8.666,,,,,,,,,,,,,,,,,,,,,,,,,,,,,,,,,,,,,,,,,,0,0,0,0,false,0,0,,0,0,0,0,0,0,0,,,,,false,{},{},{},{},{},{},{},0.001,0.001,0.274,0.066,0,0.305,643,1818,0,0,0,0.299,0,0,0,0,0,0,100,0,9.947333,120.262,0.023,9.302333,708,272871,451,693,693,0,252023,31,6794,2,0,0,2,4800,0,78.331,0,SHADOW,SHADOW,,4095,2050,2045,missing_native_domain_handlers,false,16,false,0,0,false,0,0,0,0,0,climate_trace_reference_pending,,,,,0,,,0,0,2,0,0,1.081082,0,0,0,0,0,0,691,690,2400,true,0,0,0,0,0,0,0,0,0,0,4088,0,3,0,3,0,0,0,0,0,0,0,climate_trace_reference_pending,0,0,0,0,0,0,0,0,0,0,0,0,0,0,0,0,0,0,0,0,0,0,0,0,0,false,
579,692,61553,false,69,50,22.987,22.367,0.013,0.358,dynamic_visual_atlas_upload,,,cell_indirection_lut,1.545,2400,2400,0,0,-1,-1,,1553.398101,3.51614,6.061,7.511,261,8,3,1.5,false,2,8.666,,,,,,,,,,,,,,,,,,,,,,,,,,,,,,,,,,,,,,,,,,1,7,7,1,true,1,1.007,epoch_begin,0,1,9.007,9.007,3.983,3.983,8,epoch_begin,building_plan,,ECONOMY_GRAPH,false,"{""economy:epoch_begin"":1,""native_daily:climate_pass_b"":1,""native_daily:native_daily_complete"":1,""native_daily:native_daily_finalizer"":1,""native_daily:ocean_land"":1,""native_daily:sea_ice"":1,""native_daily:wind_surface"":1}","{""economy:epoch_begin"":3.983,""native_daily:climate_pass_b"":0.681,""native_daily:native_daily_complete"":0.479,""native_daily:native_daily_finalizer"":0.591,""native_daily:ocean_land"":0.893,""native_daily:sea_ice"":0.679,""native_daily:wind_surface"":0.776}","{""economy:epoch_begin"":3.983,""native_daily:climate_pass_b"":0.681,""native_daily:native_daily_complete"":0.479,""native_daily:native_daily_finalizer"":0.591,""native_daily:ocean_land"":0.893,""native_daily:sea_ice"":0.679,""native_daily:wind_surface"":0.776}",{},{},{},{},0,0,6.149,0.058,0,0.777,643,1818,1,0,0.719,0,0.287,0.012,0.238,0.09,0,0,100,0,19.626,120.262,0.023,12.642,708,273085,451,695,695,0,252783,31,7075,2,0,0,2,4800,0,78.331,0,SHADOW,SHADOW,,4095,2050,2045,missing_native_domain_handlers,false,16,false,0,0,false,0,0,0,0,0,climate_trace_reference_pending,,,,,0,,,0,0,2,0,0,1.729307,0,0,0,0,0,0,692,691,2400,true,0,0,0,0,0,0,0,0,0,0,4088,0,3,0,3,0,0,0,0,0,0,0,climate_trace_reference_pending,0,0,0,0,0,0,0,0,0,0,0,0,0,0,0,0,0,0,0,0,0,0,0,0,0,false,
580,693,61583,false,69,50,13.676,13.138,0.012,0.28,native_daily_sim,climate_pass_a,climate_pass_a_struct,gdext_native_daily_slice,2.306,1,0,0,1,-1,-1,,0.433651,3.517467,6.061,7.511,261,8,3,1.5,false,2,8.666,,,,,,,,,,,,,,,,,,,,,,,,,,,,,,,,,,,,,,,,,,0,0,0,0,false,0,0,,0,0,0,0,0,0,0,,,,,false,{},{},{},{},{},{},{},0,0.001,0.337,0.058,0,1.559,643,1818,4,0,0.667,0,0.597,0.019,0.439,0.163,0,0,100,0,9.929667,120.262,0.023,7.975667,708,273130,451,695,695,0,252783,31,7075,2,0,0,2,4800,0,78.331,0,SHADOW,SHADOW,,4095,2050,2045,missing_native_domain_handlers,false,16,false,0,0,false,0,0,0,0,0,climate_trace_reference_pending,,,,,0,,,0,0,2,0,0,1.691897,0,0,0,0,0,0,693,692,2400,true,0,0,0,0,0,0,0,0,0,0,4088,0,3,0,3,0,0,0,0,0,0,0,climate_trace_reference_pending,0,0,0,0,0,0,0,0,0,0,0,0,0,0,0,0,0,0,0,0,0,0,0,0,0,false,
581,694,61644,false,69,50,18.724,17.251,0.779,0.379,trigger_runtime,trigger_evaluate,,TRIGGER_GRAPH,0.9,358,0,0,358,-1,-1,,397.777788,3.516737,6.061,7.511,261,8,3,1.5,false,2,8.666,,,,,,,,,,,,,,,,,,,,,,,,,,,,,,,,,,,,,,,,,,2,10,10,1,true,1,0.265,epoch_begin,0,1,13.787,8.265,4.068,4.068,8,epoch_begin,building_plan,,ECONOMY_GRAPH,false,"{""economy:epoch_begin"":1,""native_daily:climate_pass_b"":1,""native_daily:native_daily_complete"":1,""native_daily:native_daily_finalizer"":1,""native_daily:ocean_land"":1,""native_daily:runtime_hydrology"":1,""native_daily:sea_ice"":1,""native_daily:transpiration"":1,""native_daily:weather_stage_b"":1,""native_daily:wind_surface"":1}","{""economy:epoch_begin"":4.068,""native_daily:climate_pass_b"":0.664,""native_daily:native_daily_complete"":0.672,""native_daily:native_daily_finalizer"":0.705,""native_daily:ocean_land"":0.986,""native_daily:runtime_hydrology"":1.124,""native_daily:sea_ice"":0.65,""native_daily:transpiration"":0.559,""native_daily:weather_stage_b"":1.784,""native_daily:wind_surface"":0.763}","{""economy:epoch_begin"":4.068,""native_daily:climate_pass_b"":0.664,""native_daily:native_daily_complete"":0.672,""native_daily:native_daily_finalizer"":0.705,""native_daily:ocean_land"":0.986,""native_daily:runtime_hydrology"":1.124,""native_daily:sea_ice"":0.65,""native_daily:transpiration"":0.559,""native_daily:weather_stage_b"":1.784,""native_daily:wind_surface"":0.763}",{},{},{},{},0,0,6.772,0.048,0,1.319,643,1818,4,0,0.388,0,0.573,0.012,0.052,0.207,0,0,100,0,15.46575,120.262,0.023,7.32675,708,273155,451,697,697,0,253548,31,6285,2,0,0,2,4800,0,78.331,0,SHADOW,SHADOW,,4095,2050,2045,missing_native_domain_handlers,false,16,false,0,0,false,0,0,0,0,0,climate_trace_reference_pending,,,,,0,,,0,0,2,0,0,1.533677,0,0,0,0,0,0,694,693,2400,true,0,0,0,0,0,0,0,0,0,0,4088,0,3,0,3,0,0,0,0,0,0,0,climate_trace_reference_pending,0,0,0,0,0,0,0,0,0,0,0,0,0,0,0,0,0,0,0,0,0,0,0,0,0,false,
582,695,61676,false,69,50,14.067,13.468,0.011,0.334,natural_resource_daily,natural_resource_daily,,gdext,2.248,2400,0,0,2400,-1,-1,,1067.615703,3.514117,6.061,7.511,261,8,3,1.5,false,2,8.666,,,,,,,,,,,,,,,,,,,,,,,,,,,,,,,,,,,,,,,,,,0,0,0,0,false,0,0,,0,0,0,0,0,0,0,,,,,false,{},{},{},{},{},{},{},0,0.001,0.367,0.06,0,0.95,643,1818,4,0,0.381,0,0.469,0.009,0.113,0.153,0,0,100,0,10.582,120.262,0.023,9.205,708,273205,451,697,697,0,253548,31,6285,2,0,0,2,4800,0,78.331,0,SHADOW,SHADOW,,4095,2050,2045,missing_native_domain_handlers,false,16,false,0,0,false,0,0,0,0,0,climate_trace_reference_pending,,,,,0,,,0,0,2,0,0,1.339212,0,0,0,0,0,0,695,694,2400,true,0,0,0,0,0,0,0,0,0,0,4088,0,3,0,3,0,0,0,0,0,0,0,climate_trace_reference_pending,0,0,0,0,0,0,0,0,0,0,0,0,0,0,0,0,0,0,0,0,0,0,0,0,0,false,
583,696,61726,false,69,50,20.5,19.999,0.01,0.28,dynamic_visual_atlas_upload,,,cell_indirection_lut,1.393,2400,2400,0,0,-1,-1,,1722.900207,3.508994,6.061,7.511,261,8,3,1.5,false,2,8.666,,,,,,,,,,,,,,,,,,,,,,,,,,,,,,,,,,,,,,,,,,1,9,9,1,true,1,0.027,building_plan,0,3,8.027,8.027,1.528,0.143,8,building_plan,trade_settle,reserve,ECONOMY_GRAPH,false,"{""economy:building_plan"":2,""economy:epoch_begin"":1,""native_daily:climate_pass_b"":1,""native_daily:native_daily_complete"":1,""native_daily:native_daily_finalizer"":1,""native_daily:ocean_land"":1,""native_daily:sea_ice"":1,""native_daily:wind_surface"":1}","{""economy:building_plan"":0.362,""economy:epoch_begin"":1.528,""native_daily:climate_pass_b"":0.686,""native_daily:native_daily_complete"":0.358,""native_daily:native_daily_finalizer"":0.583,""native_daily:ocean_land"":0.943,""native_daily:sea_ice"":0.727,""native_daily:wind_surface"":0.774}","{""economy:building_plan"":0.219,""economy:epoch_begin"":1.528,""native_daily:climate_pass_b"":0.686,""native_daily:native_daily_complete"":0.358,""native_daily:native_daily_finalizer"":0.583,""native_daily:ocean_land"":0.943,""native_daily:sea_ice"":0.727,""native_daily:wind_surface"":0.774}",{},{},{},{},0,0,6.079,0.064,0,0.632,643,1818,1,0,0.561,0,0.178,0.005,0.141,0.1,0,0,100,0,16.545333,120.262,0.023,9.770333,708,273205,451,699,699,0,254307,31,6970,2,0,0,2,4800,0,78.331,0,SHADOW,SHADOW,,4095,2050,2045,missing_native_domain_handlers,false,16,false,0,0,false,0,0,0,0,0,climate_trace_reference_pending,,,,,0,,,0,0,2,0,0,1.505647,0,0,0,0,0,0,696,695,2400,true,0,0,0,0,0,0,0,0,0,0,4088,0,3,0,3,0,0,0,0,0,0,0,climate_trace_reference_pending,0,0,0,0,0,0,0,0,0,0,0,0,0,0,0,0,0,0,0,0,0,0,0,0,0,false,
584,697,61749,false,69,50,12.847,12.208,0.027,0.304,native_daily_sim,climate_pass_a,climate_pass_a_struct,gdext_native_daily_slice,1.511,1,0,0,1,-1,-1,,0.661813,3.50478,6.061,7.511,261,8,3,1.5,false,2,8.666,,,,,,,,,,,,,,,,,,,,,,,,,,,,,,,,,,,,,,,,,,0,0,0,0,false,0,0,,0,0,0,0,0,0,0,,,,,false,{},{},{},{},{},{},{},0,0,0.332,0.051,0,0.916,643,1818,4,0,0.315,0,0.461,0.012,0.049,0.159,0,0,100,0,11.689,120.262,0.023,10.39,708,273205,451,699,699,0,254307,31,6970,2,0,0,2,4800,0,78.331,0,SHADOW,SHADOW,,4095,2050,2045,missing_native_domain_handlers,false,16,false,0,0,false,0,0,0,0,0,climate_trace_reference_pending,,,,,0,,,0,0,2,0,0,1.067387,0,0,0,0,0,0,697,696,2400,true,0,0,0,0,0,0,0,0,0,0,4088,0,3,0,3,0,0,0,0,0,0,0,climate_trace_reference_pending,0,0,0,0,0,0,0,0,0,0,0,0,0,0,0,0,0,0,0,0,0,0,0,0,0,false,
585,698,61805,false,69,50,17.616,17.059,0.013,0.294,trigger_runtime,trigger_evaluate,,TRIGGER_GRAPH,0.987,357,0,0,357,-1,-1,,361.702132,3.504874,6.061,7.511,261,8,3,1.5,false,2,8.666,,,,,,,,,,,,,,,,,,,,,,,,,,,,,,,,,,,,,,,,,,1,7,7,1,true,1,1.977,epoch_begin,0,1,9.977,9.977,4.978,4.978,8,epoch_begin,building_plan,,ECONOMY_GRAPH,false,"{""economy:epoch_begin"":1,""native_daily:climate_pass_b"":1,""native_daily:native_daily_complete"":1,""native_daily:native_daily_finalizer"":1,""native_daily:ocean_land"":1,""native_daily:sea_ice"":1,""native_daily:wind_surface"":1}","{""economy:epoch_begin"":4.978,""native_daily:climate_pass_b"":0.645,""native_daily:native_daily_complete"":0.308,""native_daily:native_daily_finalizer"":0.579,""native_daily:ocean_land"":1.052,""native_daily:sea_ice"":0.614,""native_daily:wind_surface"":0.82}","{""economy:epoch_begin"":4.978,""native_daily:climate_pass_b"":0.645,""native_daily:native_daily_complete"":0.308,""native_daily:native_daily_finalizer"":0.579,""native_daily:ocean_land"":1.052,""native_daily:sea_ice"":0.614,""native_daily:wind_surface"":0.82}",{},{},{},{},0,0,0.425,0.07,0,1.042,643,1818,4,0,0.32,0,0.382,0.014,0.127,0.184,0,0,100,0,13.91325,120.262,0.023,12.37625,708,273205,451,701,701,0,255065,31,6615,2,0,0,2,4800,0,78.331,0,SHADOW,SHADOW,,4095,2050,2045,missing_native_domain_handlers,false,16,false,0,0,false,0,0,0,0,0,climate_trace_reference_pending,,,,,0,,,0,0,2,0,0,1.604097,0,0,0,0,0,0,698,697,2400,true,0,0,0,0,0,0,0,0,0,0,4088,0,3,0,3,0,0,0,0,0,0,0,climate_trace_reference_pending,0,0,0,0,0,0,0,0,0,0,0,0,0,0,0,0,0,0,0,0,0,0,0,0,0,false,
586,699,61827,false,69,50,12.793,12.164,0.012,0.367,native_daily_sim,climate_pass_a,climate_pass_a_struct,gdext_native_daily_slice,1.538,1,0,0,1,-1,-1,,0.650195,3.504343,6.061,7.511,261,8,3,1.5,false,2,8.666,,,,,,,,,,,,,,,,,,,,,,,,,,,,,,,,,,,,,,,,,,0,0,0,0,false,0,0,,0,0,0,0,0,0,0,,,,,false,{},{},{},{},{},{},{},0,0,0.514,0.065,0,0.054,643,1818,0,0,0,0.048,0,0,0,0,0,0,100,0,11.0625,120.262,0.023,10.4295,708,273205,451,701,701,0,255065,31,6615,2,0,0,2,4800,0,78.331,0,SHADOW,SHADOW,,4095,2050,2045,missing_native_domain_handlers,false,16,false,0,0,false,0,0,0,0,0,climate_trace_reference_pending,,,,,0,,,0,0,2,0,0,1.945807,0,0,0,0,0,0,699,698,2400,true,0,0,0,0,0,0,0,0,0,0,4088,0,3,0,3,0,0,0,0,0,0,0,climate_trace_reference_pending,0,0,0,0,0,0,0,0,0,0,0,0,0,0,0,0,0,0,0,0,0,0,0,0,0,false,
587,700,61887,false,69,50,27.218,26.573,0.013,0.322,natural_resource_daily,natural_resource_daily,,gdext,2.796,2400,0,0,2400,-1,-1,,858.369098,3.503316,6.061,7.235001,261,8,3,1.5,false,2,8.666,,,,,,,,,,,,,,,,,,,,,,,,,,,,,,,,,,,,,,,,,,1,7,7,1,true,1,0.365,building_plan,0,1,8.365,8.365,3.713,3.713,8,building_plan,building_plan,evaluate,ECONOMY_GRAPH,false,"{""economy:building_plan"":1,""native_daily:climate_pass_b"":1,""native_daily:native_daily_complete"":1,""native_daily:native_daily_finalizer"":1,""native_daily:ocean_land"":1,""native_daily:sea_ice"":1,""native_daily:wind_surface"":1}","{""economy:building_plan"":3.713,""native_daily:climate_pass_b"":0.74,""native_daily:native_daily_complete"":0.31,""native_daily:native_daily_finalizer"":0.529,""native_daily:ocean_land"":0.91,""native_daily:sea_ice"":0.545,""native_daily:wind_surface"":0.71}","{""economy:building_plan"":3.713,""native_daily:climate_pass_b"":0.74,""native_daily:native_daily_complete"":0.31,""native_daily:native_daily_finalizer"":0.529,""native_daily:ocean_land"":0.91,""native_daily:sea_ice"":0.545,""native_daily:wind_surface"":0.71}",{},{},{},{},0,0,6.295,0.063,0,2.18,643,1818,4,0,0.755,0,0.732,0.027,0.661,0.265,0,0,100,0,20.076333,120.262,0.023,11.538333,707,273203,451,703,703,0,255455,32,8511,3,0,0,2,4800,0,78.331,0,SHADOW,SHADOW,,4095,2050,2045,missing_native_domain_handlers,false,16,false,0,0,false,0,0,0,0,0,climate_trace_reference_pending,,,,,0,,,0,0,2,0,0,1.256042,0,0,0,0,0,0,700,699,2400,true,0,0,0,0,0,0,0,0,0,0,4088,0,3,0,3,0,0,0,0,0,0,0,climate_trace_reference_pending,0,0,0,0,0,0,0,0,0,0,0,0,0,0,0,0,0,0,0,0,0,0,0,0,0,false,
588,701,61917,false,69,50,12.575,11.894,0.013,0.314,native_daily_sim,climate_pass_a,climate_pass_a_struct,gdext_native_daily_slice,2.068,1,0,0,1,-1,-1,,0.483559,3.504233,6.061,7.235001,261,8,3,1.5,false,2,8.666,,,,,,,,,,,,,,,,,,,,,,,,,,,,,,,,,,,,,,,,,,0,0,0,0,false,0,0,,0,0,0,0,0,0,0,,,,,false,{},{},{},{},{},{},{},0.001,0.001,5.264,0.055,0,1.246,643,1818,4,0,0.348,0,0.486,0.01,0.296,0.158,0,0,100,0,15.047,120.262,0.023,8.482,707,273203,451,704,704,0,255826,32,4658,2,0,0,2,4800,0,78.331,0,SHADOW,SHADOW,,4095,2050,2045,missing_native_domain_handlers,false,16,false,0,0,false,0,0,0,0,0,climate_trace_reference_pending,,,,,0,,,0,0,2,0,0,1.480657,0,0,0,0,0,0,701,700,2400,true,0,0,0,0,0,0,0,0,0,0,4088,0,3,0,3,0,0,0,0,0,0,0,climate_trace_reference_pending,0,0,0,0,0,0,0,0,0,0,0,0,0,0,0,0,0,0,0,0,0,0,0,0,0,false,
589,702,61991,false,69,50,20.874,19.462,0.712,0.371,ocean_currents,daily_wind_prepass,daily_wind_slp,gdext_daily_wind_slp,0.953,2400,2400,0,0,-1,-1,,2518.36304,3.503683,6.061,7.235001,261,8,3,1.5,false,2,8.666,,,,,,,,,,,,,,,,,,,,,,,,,,,,,,,,,,,,,,,,,,2,10,10,1,true,1,0.558,epoch_begin,0,1,14.567,8.558,3.802,3.802,8,epoch_begin,building_plan,,ECONOMY_GRAPH,false,"{""economy:epoch_begin"":1,""native_daily:climate_pass_b"":1,""native_daily:native_daily_complete"":1,""native_daily:native_daily_finalizer"":1,""native_daily:ocean_land"":1,""native_daily:runtime_hydrology"":1,""native_daily:sea_ice"":1,""native_daily:transpiration"":1,""native_daily:weather_stage_b"":1,""native_daily:wind_surface"":1}","{""economy:epoch_begin"":3.802,""native_daily:climate_pass_b"":0.801,""native_daily:native_daily_complete"":0.947,""native_daily:native_daily_finalizer"":0.773,""native_daily:ocean_land"":1.129,""native_daily:runtime_hydrology"":1.138,""native_daily:sea_ice"":0.631,""native_daily:transpiration"":0.599,""native_daily:weather_stage_b"":1.739,""native_daily:wind_surface"":0.996}","{""economy:epoch_begin"":3.802,""native_daily:climate_pass_b"":0.801,""native_daily:native_daily_complete"":0.947,""native_daily:native_daily_finalizer"":0.773,""native_daily:ocean_land"":1.129,""native_daily:runtime_hydrology"":1.138,""native_daily:sea_ice"":0.631,""native_daily:transpiration"":0.599,""native_daily:weather_stage_b"":1.739,""native_daily:wind_surface"":0.996}",{},{},{},{},0,0,0.475,0.057,0,1.095,643,1818,4,0,0.39,0,0.406,0.013,0.054,0.19,0,0,100,0,14.6692,120.262,0.023,13.0422,707,273203,451,706,706,0,256583,32,7626,2,0,0,2,4800,0,78.331,0,SHADOW,SHADOW,,4095,2050,2045,missing_native_domain_handlers,false,16,false,0,0,false,0,0,0,0,0,climate_trace_reference_pending,,,,,0,,,0,0,2,0,0,1.743972,0,0,0,0,0,0,702,701,2400,true,0,0,0,0,0,0,0,0,0,0,4088,0,3,0,3,0,0,0,0,0,0,0,climate_trace_reference_pending,0,0,0,0,0,0,0,0,0,0,0,0,0,0,0,0,0,0,0,0,0,0,0,0,0,false,
590,703,62018,false,69,50,12.995,12.418,0.011,0.293,native_daily_sim,climate_pass_a,climate_pass_a_struct,gdext_native_daily_slice,1.829,1,0,0,1,-1,-1,,0.546747,3.505806,6.061,7.235001,261,8,3,1.5,false,2,8.666,,,,,,,,,,,,,,,,,,,,,,,,,,,,,,,,,,,,,,,,,,0,0,0,0,false,0,0,,0,0,0,0,0,0,0,,,,,false,{},{},{},{},{},{},{},0,0,0.364,0.053,0,2.948,643,1818,3,0,1.416,0.135,0.355,0.013,1.748,0.301,0,0,100,0,13.645,120.262,0.023,10.28,707,273203,451,706,706,0,256583,32,7626,2,0,0,2,4800,0,78.331,0,SHADOW,SHADOW,,4095,2050,2045,missing_native_domain_handlers,false,16,false,0,0,false,0,0,0,0,0,climate_trace_reference_pending,,,,,0,,,0,0,2,0,0,1.504682,0,0,0,0,0,0,703,702,2400,true,0,0,0,0,0,0,0,0,0,0,4088,0,3,0,3,0,0,0,0,0,0,0,climate_trace_reference_pending,0,0,0,0,0,0,0,0,0,0,0,0,0,0,0,0,0,0,0,0,0,0,0,0,0,false,
591,704,62071,false,72,50,21.514,20.831,0.013,0.374,dynamic_visual_atlas_upload,,,cell_indirection_lut,1.772,2400,2400,0,0,-1,-1,,1354.40184,3.50633,6.061,7.235001,261,8,3,1.5,false,2,8.666,,,,,,,,,,,,,,,,,,,,,,,,,,,,,,,,,,,,,,,,,,1,7,7,1,true,1,1.328,epoch_begin,0,1,9.328,9.328,4.077,4.077,8,epoch_begin,building_plan,,ECONOMY_GRAPH,false,"{""economy:epoch_begin"":1,""native_daily:climate_pass_b"":1,""native_daily:native_daily_complete"":1,""native_daily:native_daily_finalizer"":1,""native_daily:ocean_land"":1,""native_daily:sea_ice"":1,""native_daily:wind_surface"":1}","{""economy:epoch_begin"":4.077,""native_daily:climate_pass_b"":0.627,""native_daily:native_daily_complete"":0.33,""native_daily:native_daily_finalizer"":0.652,""native_daily:ocean_land"":1.007,""native_daily:sea_ice"":0.675,""native_daily:wind_surface"":0.954}","{""economy:epoch_begin"":4.077,""native_daily:climate_pass_b"":0.627,""native_daily:native_daily_complete"":0.33,""native_daily:native_daily_finalizer"":0.652,""native_daily:ocean_land"":1.007,""native_daily:sea_ice"":0.675,""native_daily:wind_surface"":0.954}",{},{},{},{},0,0.001,7.057,0.052,0,1.031,643,1818,4,0,0.328,0,0.357,0.011,0.141,0.203,0,0,100,0,17.754,34.444,0.026,9.614,707,273203,451,708,708,0,257341,32,7670,2,0,0,2,4800,0,78.331,0,SHADOW,SHADOW,,4095,2050,2045,missing_native_domain_handlers,false,16,false,0,0,false,0,0,0,0,0,climate_trace_reference_pending,,,,,0,,,0,0,2,0,0,1.735902,0,0,0,0,0,0,704,703,2400,true,0,0,0,0,0,0,0,0,0,0,4088,0,3,0,3,0,0,0,0,0,0,0,climate_trace_reference_pending,0,0,0,0,0,0,0,0,0,0,0,0,0,0,0,0,0,0,0,0,0,0,0,0,0,false,
592,705,62105,false,72,50,16.029,15.362,0.013,0.322,natural_resource_daily,natural_resource_daily,,gdext,2.294,2400,0,0,2400,-1,-1,,1046.207539,3.502703,5.911,7.235001,261,8,3,1.5,false,2,8.666,,,,,,,,,,,,,,,,,,,,,,,,,,,,,,,,,,,,,,,,,,0,0,0,0,false,0,0,,0,0,0,0,0,0,0,,,,,false,{},{},{},{},{},{},{},0,0.001,0.432,0.074,0,1.165,643,1818,4,0,0.36,0,0.43,0.016,0.073,0.203,0,0,100,0,11.165667,34.444,0.026,9.494667,707,273203,451,708,708,0,257341,32,7670,2,0,0,2,4800,0,78.331,0,SHADOW,SHADOW,,4095,2050,2045,missing_native_domain_handlers,false,16,false,0,0,false,0,0,0,0,0,climate_trace_reference_pending,,,,,0,,,0,0,2,0,0,1.676232,0,0,0,0,0,0,705,704,2400,true,0,0,0,0,0,0,0,0,0,0,4088,0,3,0,3,0,0,0,0,0,0,0,climate_trace_reference_pending,0,0,0,0,0,0,0,0,0,0,0,0,0,0,0,0,0,0,0,0,0,0,0,0,0,false,
593,706,62156,false,72,50,19.423,18.721,0.012,0.346,trigger_runtime,trigger_evaluate,,TRIGGER_GRAPH,1.033,358,0,0,358,-1,-1,,346.56341,3.503059,5.911,7.235001,261,8,3,1.5,false,2,8.666,,,,,,,,,,,,,,,,,,,,,,,,,,,,,,,,,,,,,,,,,,1,8,8,1,true,1,0.148,building_plan,0,2,8.148,8.148,1.512,0.236,8,building_plan,trade_settle,reserve,ECONOMY_GRAPH,false,"{""economy:building_plan"":2,""native_daily:climate_pass_b"":1,""native_daily:native_daily_complete"":1,""native_daily:native_daily_finalizer"":1,""native_daily:ocean_land"":1,""native_daily:sea_ice"":1,""native_daily:wind_surface"":1}","{""economy:building_plan"":1.748,""native_daily:climate_pass_b"":0.876,""native_daily:native_daily_complete"":0.38,""native_daily:native_daily_finalizer"":0.709,""native_daily:ocean_land"":1.143,""native_daily:sea_ice"":0.651,""native_daily:wind_surface"":0.864}","{""economy:building_plan"":1.512,""native_daily:climate_pass_b"":0.876,""native_daily:native_daily_complete"":0.38,""native_daily:native_daily_finalizer"":0.709,""native_daily:ocean_land"":1.143,""native_daily:sea_ice"":0.651,""native_daily:wind_surface"":0.864}",{},{},{},{},0,0,6.474,0.051,0,1.334,643,1818,4,0,0.409,0.117,0.429,0.02,0.073,0.218,0,0,100,0,17.200333,34.444,0.026,9.341333,707,273203,451,710,710,0,258098,32,7406,2,0,0,2,4800,0,78.331,0,SHADOW,SHADOW,,4095,2050,2045,missing_native_domain_handlers,false,16,false,0,0,false,0,0,0,0,0,climate_trace_reference_pending,,,,,0,,,0,0,2,0,0,1.110382,0,0,0,0,0,0,706,705,2400,true,0,0,0,0,0,0,0,0,0,0,4088,0,3,0,3,0,0,0,0,0,0,0,climate_trace_reference_pending,0,0,0,0,0,0,0,0,0,0,0,0,0,0,0,0,0,0,0,0,0,0,0,0,0,false,
594,707,62181,false,72,50,13.681,12.919,0.014,0.417,native_daily_sim,climate_pass_a,climate_pass_a_struct,gdext_native_daily_slice,1.494,1,0,0,1,-1,-1,,0.669344,3.501683,5.911,7.235001,261,8,3,1.5,false,2,8.666,,,,,,,,,,,,,,,,,,,,,,,,,,,,,,,,,,,,,,,,,,0,0,0,0,false,0,0,,0,0,0,0,0,0,0,,,,,false,{},{},{},{},{},{},{},0,0.001,0.472,0.068,0,0.15,643,1818,0,0,0,0.143,0,0,0,0,0,0,100,0,12.6045,34.444,0.026,11.9145,707,273203,451,710,710,0,258098,32,7406,2,0,0,2,4800,0,78.331,0,SHADOW,SHADOW,,4095,2050,2045,missing_native_domain_handlers,false,16,false,0,0,false,0,0,0,0,0,climate_trace_reference_pending,,,,,0,,,0,0,2,0,0,1.639347,0,0,0,0,0,0,707,706,2400,true,0,0,0,0,0,0,0,0,0,0,4088,0,3,0,3,0,0,0,0,0,0,0,climate_trace_reference_pending,0,0,0,0,0,0,0,0,0,0,0,0,0,0,0,0,0,0,0,0,0,0,0,0,0,false,
595,708,62257,false,72,50,33.778,27.388,0.013,6.072,dynamic_visual_atlas_upload,,,cell_indirection_lut,2.043,2400,2400,0,0,-1,-1,,1174.743035,3.504863,5.911,7.235001,261,8,3,1.5,false,2,8.666,,,,,,,,,,,,,,,,,,,,,,,,,,,,,,,,,,,,,,,,,,1,7,7,1,true,1,1.865,epoch_begin,0,1,9.865,9.865,4.106,4.106,8,epoch_begin,building_plan,,ECONOMY_GRAPH,false,"{""economy:epoch_begin"":1,""native_daily:climate_pass_b"":1,""native_daily:native_daily_complete"":1,""native_daily:native_daily_finalizer"":1,""native_daily:ocean_land"":1,""native_daily:sea_ice"":1,""native_daily:wind_surface"":1}","{""economy:epoch_begin"":4.106,""native_daily:climate_pass_b"":0.726,""native_daily:native_daily_complete"":0.418,""native_daily:native_daily_finalizer"":0.663,""native_daily:ocean_land"":1.179,""native_daily:sea_ice"":0.724,""native_daily:wind_surface"":0.896}","{""economy:epoch_begin"":4.106,""native_daily:climate_pass_b"":0.726,""native_daily:native_daily_complete"":0.418,""native_daily:native_daily_finalizer"":0.663,""native_daily:ocean_land"":1.179,""native_daily:sea_ice"":0.724,""native_daily:wind_surface"":0.896}",{},{},{},{},0,0.001,0.531,0.063,0,1.931,643,1818,4,0,0.617,0,0.678,0.014,0.565,0.242,0,0,100,0,18.9555,34.444,0.026,16.4305,707,273203,451,712,712,0,258491,33,8036,3,0,0,2,4800,0,78.331,0,SHADOW,SHADOW,,4095,2050,2045,missing_native_domain_handlers,false,16,false,0,0,false,0,0,0,0,0,climate_trace_reference_pending,,,,,0,,,0,0,2,0,0,1.432732,0,0,0,0,0,0,708,707,2400,true,0,0,0,0,0,0,0,0,0,0,4088,0,3,0,3,0,0,0,0,0,0,0,climate_trace_reference_pending,0,0,0,0,0,0,0,0,0,0,0,0,0,0,0,0,0,0,0,0,0,0,0,0,0,false,
596,709,62291,false,72,50,14.065,13.414,0.012,0.331,native_daily_sim,climate_pass_a,climate_pass_a_struct,gdext_native_daily_slice,2.249,1,0,0,1,-1,-1,,0.444642,3.508839,5.911,7.235001,261,8,3,1.5,false,2,8.666,,,,,,,,,,,,,,,,,,,,,,,,,,,,,,,,,,,,,,,,,,0,0,0,0,false,0,0,,0,0,0,0,0,0,0,,,,,false,{},{},{},{},{},{},{},0,0,3.127,0.068,0,1.812,643,1818,4,0,0.719,0.143,0.627,0.014,0.435,0.216,0,0,100,0,16.6285,34.444,0.026,11.6215,708,273205,451,713,713,0,258855,33,2507,2,0,0,2,4800,0,78.331,0,SHADOW,SHADOW,,4095,2050,2045,missing_native_domain_handlers,false,16,false,0,0,false,0,0,0,0,0,climate_trace_reference_pending,,,,,0,,,0,0,2,0,0,1.088392,0,0,0,0,0,0,709,708,2400,true,0,0,0,0,0,0,0,0,0,0,4088,0,3,0,3,0,0,0,0,0,0,0,climate_trace_reference_pending,0,0,0,0,0,0,0,0,0,0,0,0,0,0,0,0,0,0,0,0,0,0,0,0,0,false,
597,710,62369,false,72,50,23.498,22.049,0.804,0.339,natural_resource_daily,natural_resource_daily,,gdext,2.538,2400,0,0,2400,-1,-1,,945.626438,3.512223,5.911,7.235001,261,8,3,1.5,false,2,8.666,,,,,,,,,,,,,,,,,,,,,,,,,,,,,,,,,,,,,,,,,,2,10,10,1,true,1,0.827,epoch_begin,0,1,14.662,8.827,4.032,4.032,8,epoch_begin,building_plan,,ECONOMY_GRAPH,false,"{""economy:epoch_begin"":1,""native_daily:climate_pass_b"":1,""native_daily:native_daily_complete"":1,""native_daily:native_daily_finalizer"":1,""native_daily:ocean_land"":1,""native_daily:runtime_hydrology"":1,""native_daily:sea_ice"":1,""native_daily:transpiration"":1,""native_daily:weather_stage_b"":1,""native_daily:wind_surface"":1}","{""economy:epoch_begin"":4.032,""native_daily:climate_pass_b"":0.865,""native_daily:native_daily_complete"":0.701,""native_daily:native_daily_finalizer"":0.708,""native_daily:ocean_land"":1.02,""native_daily:runtime_hydrology"":1.05,""native_daily:sea_ice"":0.562,""native_daily:transpiration"":0.622,""native_daily:weather_stage_b"":1.725,""native_daily:wind_surface"":0.925}","{""economy:epoch_begin"":4.032,""native_daily:climate_pass_b"":0.865,""native_daily:native_daily_complete"":0.701,""native_daily:native_daily_finalizer"":0.708,""native_daily:ocean_land"":1.02,""native_daily:runtime_hydrology"":1.05,""native_daily:sea_ice"":0.562,""native_daily:transpiration"":0.622,""native_daily:weather_stage_b"":1.725,""native_daily:wind_surface"":0.925}",{},{},{},{},0,0,0.468,0.056,0,1.329,643,1818,4,0,0.476,0,0.495,0.013,0.059,0.27,0,0,100,0,15.7682,34.444,0.026,13.9152,708,273205,451,715,715,0,259612,33,7347,2,0,0,2,4800,0,78.331,0,SHADOW,SHADOW,,4095,2050,2045,missing_native_domain_handlers,false,16,false,0,0,false,0,0,0,0,0,climate_trace_reference_pending,,,,,0,,,0,0,2,0,0,1.557432,0,0,0,0,0,0,710,709,2400,true,0,0,0,0,0,0,0,0,0,0,4088,0,3,0,3,0,0,0,0,0,0,0,climate_trace_reference_pending,0,0,0,0,0,0,0,0,0,0,0,0,0,0,0,0,0,0,0,0,0,0,0,0,0,false,
598,711,62395,false,72,50,13.866,13.196,0.014,0.351,native_daily_sim,climate_pass_a,climate_pass_a_struct,gdext_native_daily_slice,1.646,1,0,0,1,-1,-1,,0.607533,3.512893,5.911,7.235001,261,8,3,1.5,false,2,8.666,,,,,,,,,,,,,,,,,,,,,,,,,,,,,,,,,,,,,,,,,,0,0,0,0,false,0,0,,0,0,0,0,0,0,0,,,,,false,{},{},{},{},{},{},{},0,0,0.397,0.051,0,1.335,643,1818,4,0,0.466,0,0.514,0.014,0.12,0.24,0,0,100,0,12.568,34.444,0.026,10.785,708,273205,451,715,715,0,259612,33,7347,2,0,0,2,4800,0,78.331,0,SHADOW,SHADOW,,4095,2050,2045,missing_native_domain_handlers,false,16,false,0,0,false,0,0,0,0,0,climate_trace_reference_pending,,,,,0,,,0,0,2,0,0,1.292302,0,0,0,0,0,0,711,710,2400,true,0,0,0,0,0,0,0,0,0,0,4088,0,3,0,3,0,0,0,0,0,0,0,climate_trace_reference_pending,0,0,0,0,0,0,0,0,0,0,0,0,0,0,0,0,0,0,0,0,0,0,0,0,0,false,
599,712,62461,false,72,50,23.156,22.479,0.014,0.366,dynamic_visual_atlas_upload,,,cell_indirection_lut,1.662,2400,2400,0,0,-1,-1,,1444.043373,3.513996,5.911,7.235001,261,8,3,1.5,false,2,8.666,,,,,,,,,,,,,,,,,,,,,,,,,,,,,,,,,,,,,,,,,,1,7,7,1,true,1,1.733,epoch_begin,0,1,9.733,9.733,4.168,4.168,8,epoch_begin,building_plan,,ECONOMY_GRAPH,false,"{""economy:epoch_begin"":1,""native_daily:climate_pass_b"":1,""native_daily:native_daily_complete"":1,""native_daily:native_daily_finalizer"":1,""native_daily:ocean_land"":1,""native_daily:sea_ice"":1,""native_daily:wind_surface"":1}","{""economy:epoch_begin"":4.168,""native_daily:climate_pass_b"":0.608,""native_daily:native_daily_complete"":0.36,""native_daily:native_daily_finalizer"":0.779,""native_daily:ocean_land"":1.085,""native_daily:sea_ice"":0.769,""native_daily:wind_surface"":0.791}","{""economy:epoch_begin"":4.168,""native_daily:climate_pass_b"":0.608,""native_daily:native_daily_complete"":0.36,""native_daily:native_daily_finalizer"":0.779,""native_daily:ocean_land"":1.085,""native_daily:sea_ice"":0.769,""native_daily:wind_surface"":0.791}",{},{},{},{},0,0,0.463,0.053,0,1.025,643,1818,4,0,0.33,0,0.368,0.008,0.14,0.195,0,0,100,0,16.54125,34.444,0.026,15.00025,708,273205,451,717,717,0,260369,33,7705,2,0,0,2,4800,0,78.331,0,SHADOW,SHADOW,,4095,2050,2045,missing_native_domain_handlers,false,16,false,0,0,false,0,0,0,0,0,climate_trace_reference_pending,,,,,0,,,0,0,2,0,0,1.148072,0,0,0,0,0,0,712,711,2400,true,0,0,0,0,0,0,0,0,0,0,4088,0,3,0,3,0,0,0,0,0,0,0,climate_trace_reference_pending,0,0,0,0,0,0,0,0,0,0,0,0,0,0,0,0,0,0,0,0,0,0,0,0,0,false,
600,713,62485,false,72,50,14.184,13.608,0.012,0.28,native_daily_sim,climate_pass_a,climate_pass_a_struct,gdext_native_daily_slice,1.689,1,0,0,1,-1,-1,,0.592066,3.512463,5.911,7.235001,261,8,3,1.5,false,2,8.666,,,,,,,,,,,,,,,,,,,,,,,,,,,,,,,,,,,,,,,,,,0,0,0,0,false,0,0,,0,0,0,0,0,0,0,,,,,false,{},{},{},{},{},{},{},0,0,0.345,0.052,0,1.291,643,1818,4,0,0.481,0.115,0.405,0.012,0.406,0.184,0,0,100,0,12.252,34.444,0.026,10.564,708,273205,451,717,717,0,260369,33,7705,2,0,0,2,4800,0,78.331,0,SHADOW,SHADOW,,4095,2050,2045,missing_native_domain_handlers,false,16,false,0,0,false,0,0,0,0,0,climate_trace_reference_pending,,,,,0,,,0,0,2,0,0,1.803382,0,0,0,0,0,0,713,712,2400,true,0,0,0,0,0,0,0,0,0,0,4088,0,3,0,3,0,0,0,0,0,0,0,climate_trace_reference_pending,0,0,0,0,0,0,0,0,0,0,0,0,0,0,0,0,0,0,0,0,0,0,0,0,0,false,
601,714,62545,false,72,50,21.74,21.025,0.013,0.384,ocean_currents,daily_wind_prepass,daily_wind_slp,gdext_daily_wind_slp,1.196,2400,2400,0,0,-1,-1,,2006.688997,3.512086,5.911,7.235001,261,8,3,1.5,false,2,8.666,,,,,,,,,,,,,,,,,,,,,,,,,,,,,,,,,,,,,,,,,,1,7,7,1,true,1,2.297,epoch_begin,0,1,10.297,10.297,4.606,4.606,8,epoch_begin,building_plan,,ECONOMY_GRAPH,false,"{""economy:epoch_begin"":1,""native_daily:climate_pass_b"":1,""native_daily:native_daily_complete"":1,""native_daily:native_daily_finalizer"":1,""native_daily:ocean_land"":1,""native_daily:sea_ice"":1,""native_daily:wind_surface"":1}","{""economy:epoch_begin"":4.606,""native_daily:climate_pass_b"":0.717,""native_daily:native_daily_complete"":0.36,""native_daily:native_daily_finalizer"":0.59,""native_daily:ocean_land"":1.249,""native_daily:sea_ice"":0.676,""native_daily:wind_surface"":1.038}","{""economy:epoch_begin"":4.606,""native_daily:climate_pass_b"":0.717,""native_daily:native_daily_complete"":0.36,""native_daily:native_daily_finalizer"":0.59,""native_daily:ocean_land"":1.249,""native_daily:sea_ice"":0.676,""native_daily:wind_surface"":1.038}",{},{},{},{},0,0,0.379,0.065,0,1.28,643,1818,4,0,0.363,0.104,0.411,0.017,0.072,0.22,0,0,100,0,15.059,34.444,0.026,13.335,708,273205,451,719,719,0,261127,33,7732,2,0,0,2,4800,0,78.331,0,SHADOW,SHADOW,,4095,2050,2045,missing_native_domain_handlers,false,16,false,0,0,false,0,0,0,0,0,climate_trace_reference_pending,,,,,0,,,0,0,2,0,0,1.447082,0,0,0,0,0,0,714,713,2400,true,0,0,0,0,0,0,0,0,0,0,4088,0,3,0,3,0,0,0,0,0,0,0,climate_trace_reference_pending,0,0,0,0,0,0,0,0,0,0,0,0,0,0,0,0,0,0,0,0,0,0,0,0,0,false,
602,715,62573,false,72,50,13.95,13.412,0.011,0.286,natural_resource_daily,natural_resource_daily,,gdext,2.061,2400,0,0,2400,-1,-1,,1164.483199,3.509083,5.911,7.235001,261,8,3,1.5,false,2,8.666,,,,,,,,,,,,,,,,,,,,,,,,,,,,,,,,,,,,,,,,,,0,0,0,0,false,0,0,,0,0,0,0,0,0,0,,,,,false,{},{},{},{},{},{},{},0,0,0.279,0.052,0,0.074,643,1818,0,0,0,0.067,0,0,0,0,0,0,100,0,9.054,34.444,0.026,8.649,708,273205,451,719,719,0,261127,33,7732,2,0,0,2,4800,0,78.331,0,SHADOW,SHADOW,,4095,2050,2045,missing_native_domain_handlers,false,16,false,0,0,false,0,0,0,0,0,climate_trace_reference_pending,,,,,0,,,0,0,2,0,0,1.184997,0,0,0,0,0,0,715,714,2400,true,0,0,0,0,0,0,0,0,0,0,4088,0,3,0,3,0,0,0,0,0,0,0,climate_trace_reference_pending,0,0,0,0,0,0,0,0,0,0,0,0,0,0,0,0,0,0,0,0,0,0,0,0,0,false,
603,716,62625,false,72,50,22.139,21.48,0.014,0.373,dynamic_visual_atlas_upload,,,cell_indirection_lut,1.533,2400,2400,0,0,-1,-1,,1565.557738,3.508446,5.911,7.235001,261,8,3,1.5,false,2,8.666,,,,,,,,,,,,,,,,,,,,,,,,,,,,,,,,,,,,,,,,,,1,9,9,1,true,1,0.649,household_market,0,3,8.649,8.649,1.643,1.643,8,household_market,household_market,settle,ECONOMY_GRAPH,false,"{""economy:building_plan"":2,""economy:household_market"":1,""native_daily:climate_pass_b"":1,""native_daily:native_daily_complete"":1,""native_daily:native_daily_finalizer"":1,""native_daily:ocean_land"":1,""native_daily:sea_ice"":1,""native_daily:wind_surface"":1}","{""economy:building_plan"":1.542,""economy:household_market"":1.643,""native_daily:climate_pass_b"":0.601,""native_daily:native_daily_complete"":0.28,""native_daily:native_daily_finalizer"":0.495,""native_daily:ocean_land"":0.864,""native_daily:sea_ice"":0.521,""native_daily:wind_surface"":0.739}","{""economy:building_plan"":1.36,""economy:household_market"":1.643,""native_daily:climate_pass_b"":0.601,""native_daily:native_daily_complete"":0.28,""native_daily:native_daily_finalizer"":0.495,""native_daily:ocean_land"":0.864,""native_daily:sea_ice"":0.521,""native_daily:wind_surface"":0.739}","{""economy:household_market.settle.merge_aggregate"":1,""economy:household_market.settle.merge_trade"":1,""economy:household_market.settle.other"":1,""economy:household_market.settle.prepare"":1,""economy:household_market.settle.trace"":1,""economy:household_market.settle.worker"":1}","{""economy:household_market.settle.merge_aggregate"":0.1762,""economy:household_market.settle.merge_trade"":0.0097,""economy:household_market.settle.other"":0.000800000000000084,""economy:household_market.settle.prepare"":0.0015,""economy:household_market.settle.trace"":0.0031,""economy:household_market.settle.worker"":0.4929}","{""economy:household_market.settle.merge_aggregate"":0.1762,""economy:household_market.settle.merge_trade"":0.0097,""economy:household_market.settle.other"":0.000800000000000084,""economy:household_market.settle.prepare"":0.0015,""economy:household_market.settle.trace"":0.0031,""economy:household_market.settle.worker"":0.4929}","{""economy:household_market.settle.merge_aggregate"":4,""economy:household_market.settle.merge_trade"":4,""economy:household_market.settle.other"":4,""economy:household_market.settle.prepare"":4,""economy:household_market.settle.trace"":4,""economy:household_market.settle.worker"":4}",0,0,5.191,0.054,0,1.021,643,1818,1,0,0.949,0,0.344,0.008,0.365,0.12,0,0,100,0,17.329667,34.444,0.026,11.063667,708,273455,451,721,721,0,261883,33,7075,2,0,0,2,4800,0,78.331,0,SHADOW,SHADOW,,4095,2050,2045,missing_native_domain_handlers,false,16,false,0,0,false,0,0,0,0,0,climate_trace_reference_pending,,,,,0,,,0,0,2,0,0,1.369847,0,0,0,0,0,0,716,715,2400,true,0,0,0,0,0,0,0,0,0,0,4088,0,3,0,3,0,0,0,0,0,0,0,climate_trace_reference_pending,0,0,0,0,0,0,0,0,0,0,0,0,0,0,0,0,0,0,0,0,0,0,0,0,0,false,
604,717,62655,false,72,50,14.148,13.556,0.012,0.343,native_daily_sim,climate_pass_a,climate_pass_a_struct,gdext_native_daily_slice,2.39,1,0,0,1,-1,-1,,0.41841,3.51004,5.911,7.235001,261,8,3,1.5,false,2,8.666,,,,,,,,,,,,,,,,,,,,,,,,,,,,,,,,,,,,,,,,,,0,0,0,0,false,0,0,,0,0,0,0,0,0,0,,,,,false,{},{},{},{},{},{},{},0,0,0.349,0.049,0,1.522,643,1818,4,0,0.424,0,0.682,0.012,0.319,0.166,0,0,100,0,10.011,34.444,0.026,8.091,708,273455,451,721,721,0,261883,33,7075,2,0,0,2,4800,0,78.331,0,SHADOW,SHADOW,,4095,2050,2045,missing_native_domain_handlers,false,16,false,0,0,false,0,0,0,0,0,climate_trace_reference_pending,,,,,0,,,0,0,2,0,0,1.249717,0,0,0,0,0,0,717,716,2400,true,0,0,0,0,0,0,0,0,0,0,4088,0,3,0,3,0,0,0,0,0,0,0,climate_trace_reference_pending,0,0,0,0,0,0,0,0,0,0,0,0,0,0,0,0,0,0,0,0,0,0,0,0,0,false,
605,718,62727,false,72,50,20.385,19.194,0.54,0.356,trigger_runtime,trigger_evaluate,,TRIGGER_GRAPH,1.006,356,0,0,356,-1,-1,,353.876725,3.510092,5.911,7.235001,261,8,3,1.5,false,2,8.666,,,,,,,,,,,,,,,,,,,,,,,,,,,,,,,,,,,,,,,,,,2,10,10,1,true,1,1.783,epoch_begin,0,1,14.96,9.783,4.335,4.335,8,epoch_begin,building_plan,,ECONOMY_GRAPH,false,"{""economy:epoch_begin"":1,""native_daily:climate_pass_b"":1,""native_daily:native_daily_complete"":1,""native_daily:native_daily_finalizer"":1,""native_daily:ocean_land"":1,""native_daily:runtime_hydrology"":1,""native_daily:sea_ice"":1,""native_daily:transpiration"":1,""native_daily:weather_stage_b"":1,""native_daily:wind_surface"":1}","{""economy:epoch_begin"":4.335,""native_daily:climate_pass_b"":0.909,""native_daily:native_daily_complete"":0.667,""native_daily:native_daily_finalizer"":0.631,""native_daily:ocean_land"":1.442,""native_daily:runtime_hydrology"":1.065,""native_daily:sea_ice"":0.781,""native_daily:transpiration"":0.889,""native_daily:weather_stage_b"":2.036,""native_daily:wind_surface"":1.035}","{""economy:epoch_begin"":4.335,""native_daily:climate_pass_b"":0.909,""native_daily:native_daily_complete"":0.667,""native_daily:native_daily_finalizer"":0.631,""native_daily:ocean_land"":1.442,""native_daily:runtime_hydrology"":1.065,""native_daily:sea_ice"":0.781,""native_daily:transpiration"":0.889,""native_daily:weather_stage_b"":2.036,""native_daily:wind_surface"":1.035}",{},{},{},{},0,0,6.635,0.071,0,2.382,643,1818,4,0,0.747,0,0.669,0.032,0.608,0.481,0,0,100,0,18.0495,34.444,0.026,8.9615,708,274035,451,723,723,0,262639,33,7768,2,0,0,2,4800,0,78.331,0,SHADOW,SHADOW,,4095,2050,2045,missing_native_domain_handlers,false,16,false,0,0,false,0,0,0,0,0,climate_trace_reference_pending,,,,,0,,,0,0,2,0,0,1.583227,0,0,0,0,0,0,718,717,2400,true,0,0,0,0,0,0,0,0,0,0,4088,0,3,0,3,0,0,0,0,0,0,0,climate_trace_reference_pending,0,0,0,0,0,0,0,0,0,0,0,0,0,0,0,0,0,0,0,0,0,0,0,0,0,false,
606,719,62759,false,72,50,13.266,12.665,0.011,0.307,native_daily_sim,climate_pass_a,climate_pass_a_struct,gdext_native_daily_slice,1.742,1,0,0,1,-1,-1,,0.574053,3.510893,5.911,7.235001,261,8,3,1.5,false,2,8.666,,,,,,,,,,,,,,,,,,,,,,,,,,,,,,,,,,,,,,,,,,0,0,0,0,false,0,0,,0,0,0,0,0,0,0,,,,,false,{},{},{},{},{},{},{},0,0.001,0.452,0.077,0,1.799,643,1818,4,0,0.721,0.119,0.588,0.018,0.419,0.29,0,0,100,0,10.795,34.444,0.026,8.467,708,274114,451,723,723,0,262639,33,7768,2,0,0,2,4800,0,78.331,0,SHADOW,SHADOW,,4095,2050,2045,missing_native_domain_handlers,false,16,false,0,0,false,0,0,0,0,0,climate_trace_reference_pending,,,,,0,,,0,0,2,0,0,1.562997,0,0,0,0,0,0,719,718,2400,true,0,0,0,0,0,0,0,0,0,0,4088,0,3,0,3,0,0,0,0,0,0,0,climate_trace_reference_pending,0,0,0,0,0,0,0,0,0,0,0,0,0,0,0,0,0,0,0,0,0,0,0,0,0,false,
607,720,62818,false,72,50,26.327,25.734,0.011,0.337,dynamic_visual_atlas_upload,,,cell_indirection_lut,2.11,2400,2400,0,0,-1,-1,,1137.440815,3.517453,6.061,7.235001,261,8,3,1.5,false,2,8.666,,,,,,,,,,,,,,,,,,,,,,,,,,,,,,,,,,,,,,,,,,1,7,7,1,true,1,0.895,building_plan,0,1,8.895,8.895,3.858,3.858,8,building_plan,building_plan,evaluate,ECONOMY_GRAPH,false,"{""economy:building_plan"":1,""native_daily:climate_pass_b"":1,""native_daily:native_daily_complete"":1,""native_daily:native_daily_finalizer"":1,""native_daily:ocean_land"":1,""native_daily:sea_ice"":1,""native_daily:wind_surface"":1}","{""economy:building_plan"":3.858,""native_daily:climate_pass_b"":0.633,""native_daily:native_daily_complete"":0.373,""native_daily:native_daily_finalizer"":0.546,""native_daily:ocean_land"":0.994,""native_daily:sea_ice"":0.6,""native_daily:wind_surface"":0.949}","{""economy:building_plan"":3.858,""native_daily:climate_pass_b"":0.633,""native_daily:native_daily_complete"":0.373,""native_daily:native_daily_finalizer"":0.546,""native_daily:ocean_land"":0.994,""native_daily:sea_ice"":0.6,""native_daily:wind_surface"":0.949}",{},{},{},{},0,0.001,7.033,0.064,0,1.015,643,1818,4,0,0.351,0,0.363,0.01,0.042,0.19,0,0,100,0,19.624333,34.444,0.026,11.512333,708,274090,451,725,725,0,263396,33,7697,2,0,0,2,4800,0,78.331,0,SHADOW,SHADOW,,4095,2050,2045,missing_native_domain_handlers,false,16,false,0,0,false,0,0,0,0,0,climate_trace_reference_pending,,,,,0,,,0,0,2,0,0,1.849752,0,0,0,0,0,0,720,719,2400,true,0,0,0,0,0,0,0,0,0,0,4088,0,3,0,3,0,0,0,0,0,0,0,climate_trace_reference_pending,0,0,0,0,0,0,0,0,0,0,0,0,0,0,0,0,0,0,0,0,0,0,0,0,0,false,
608,721,62848,false,72,50,11.692,11.076,0.01,0.361,native_daily_sim,climate_pass_a,climate_pass_a_struct,gdext_native_daily_slice,1.292,1,0,0,1,-1,-1,,0.773994,3.51357,6.061,7.235001,261,8,3,1.5,false,2,8.666,,,,,,,,,,,,,,,,,,,,,,,,,,,,,,,,,,,,,,,,,,0,0,0,0,false,0,0,,0,0,0,0,0,0,0,,,,,false,{},{},{},{},{},{},{},0,0,0.435,0.062,0,2.507,643,1818,4,0,1.116,0,0.604,0.013,1.214,0.415,0,0,100,0,10.062,34.444,0.026,7.058,708,274090,451,725,725,0,263396,33,7697,2,0,0,2,4800,0,78.331,0,SHADOW,SHADOW,,4095,2050,2045,missing_native_domain_handlers,false,16,false,0,0,false,0,0,0,0,0,climate_trace_reference_pending,,,,,0,,,0,0,2,0,0,1.065007,0,0,0,0,0,0,721,720,2400,true,0,0,0,0,0,0,0,0,0,0,4088,0,3,0,3,0,0,0,0,0,0,0,climate_trace_reference_pending,0,0,0,0,0,0,0,0,0,0,0,0,0,0,0,0,0,0,0,0,0,0,0,0,0,false,
609,722,62898,false,72,50,19.837,19.197,0.012,0.362,trigger_runtime,trigger_evaluate,,TRIGGER_GRAPH,0.917,356,0,0,356,-1,-1,,388.222466,3.51588,6.061,7.235001,262,8,3,1.5,false,2,8.666,,,,,,,,,,,,,,,,,,,,,,,,,,,,,,,,,,,,,,,,,,1,7,7,1,true,1,0.33,epoch_begin,0,1,8.33,8.33,3.282,3.282,8,epoch_begin,building_plan,,ECONOMY_GRAPH,false,"{""economy:epoch_begin"":1,""native_daily:climate_pass_b"":1,""native_daily:native_daily_complete"":1,""native_daily:native_daily_finalizer"":1,""native_daily:ocean_land"":1,""native_daily:sea_ice"":1,""native_daily:wind_surface"":1}","{""economy:epoch_begin"":3.282,""native_daily:climate_pass_b"":0.595,""native_daily:native_daily_complete"":0.278,""native_daily:native_daily_finalizer"":0.575,""native_daily:ocean_land"":0.844,""native_daily:sea_ice"":0.529,""native_daily:wind_surface"":0.74}","{""economy:epoch_begin"":3.282,""native_daily:climate_pass_b"":0.595,""native_daily:native_daily_complete"":0.278,""native_daily:native_daily_finalizer"":0.575,""native_daily:ocean_land"":0.844,""native_daily:sea_ice"":0.529,""native_daily:wind_surface"":0.74}",{},{},{},{},0.001,0,6.804,0.049,0,1.338,643,1818,4,0,0.421,0,0.475,0.009,0.178,0.241,0,0,100,0,16.696333,34.444,0.026,8.505333,708,274445,451,727,727,0,264153,33,7568,2,0,0,2,4800,0,78.331,0,SHADOW,SHADOW,,4095,2050,2045,missing_native_domain_handlers,false,16,false,0,0,false,0,0,0,0,0,climate_trace_reference_pending,,,,,0,,,0,0,2,0,0,1.184547,0,0,0,0,0,0,722,721,2400,true,0,0,0,0,0,0,0,0,0,0,4088,0,3,0,3,0,0,0,0,0,0,0,climate_trace_reference_pending,0,0,0,0,0,0,0,0,0,0,0,0,0,0,0,0,0,0,0,0,0,0,0,0,0,false,
610,723,62946,false,72,50,32.785,13.143,0.011,0.327,native_daily_sim,climate_pass_a,climate_pass_a_struct,gdext_native_daily_slice,1.469,1,0,0,1,-1,-1,,0.680735,3.517553,6.061,7.235001,262,8,3,1.5,false,2,8.666,,,,,,,,,,,,,,,,,,,,,,,,,,,,,,,,,,,,,,,,,,0,0,0,0,false,0,0,,0,0,0,0,0,0,0,,,,,false,{},{},{},{},{},{},{},0,0,0.374,0.055,0,4.026,706,1870,3,0,1.847,0,0.584,0.019,2.475,0.46,0,0,100,0,24.0155,34.444,0.026,19.5605,708,274445,451,727,727,0,264153,33,7568,2,0,0,2,4800,0,78.331,0,SHADOW,SHADOW,,4095,2050,2045,missing_native_domain_handlers,false,16,false,0,0,false,0,0,0,0,0,climate_trace_reference_pending,,,,,0,,,0,0,2,0,0,1.941182,0,0,0,0,0,0,723,722,2400,true,0,0,0,0,0,0,0,0,0,0,4088,0,3,0,3,0,0,0,0,0,0,0,climate_trace_reference_pending,0,0,0,0,0,0,0,0,0,0,0,0,0,0,0,0,0,0,0,0,0,0,0,0,0,false,
611,724,63015,false,72,50,27.373,21.656,0.019,5.344,dynamic_visual_atlas_upload,,,cell_indirection_lut,1.455,2400,2400,0,0,-1,-1,,1649.484487,3.517673,6.061,7.235001,262,8,3,1.5,false,2,8.666,,,,,,,,,,,,,,,,,,,,,,,,,,,,,,,,,,,,,,,,,,1,7,7,1,true,1,2.176,epoch_begin,0,1,10.176,10.176,4.46,4.46,8,epoch_begin,building_plan,,ECONOMY_GRAPH,false,"{""economy:epoch_begin"":1,""native_daily:climate_pass_b"":1,""native_daily:native_daily_complete"":1,""native_daily:native_daily_finalizer"":1,""native_daily:ocean_land"":1,""native_daily:sea_ice"":1,""native_daily:wind_surface"":1}","{""economy:epoch_begin"":4.46,""native_daily:climate_pass_b"":0.584,""native_daily:native_daily_complete"":0.426,""native_daily:native_daily_finalizer"":0.845,""native_daily:ocean_land"":1.286,""native_daily:sea_ice"":0.628,""native_daily:wind_surface"":0.771}","{""economy:epoch_begin"":4.46,""native_daily:climate_pass_b"":0.584,""native_daily:native_daily_complete"":0.426,""native_daily:native_daily_finalizer"":0.845,""native_daily:ocean_land"":1.286,""native_daily:sea_ice"":0.628,""native_daily:wind_surface"":0.771}",{},{},{},{},0,0.001,0.398,0.062,0,1.117,706,1870,4,0,0.356,0,0.416,0.009,0.23,0.161,0,0,100,0,17.1045,34.444,0.026,15.5275,708,274735,451,729,729,0,264911,33,7261,2,0,0,2,4800,0,78.331,0,SHADOW,SHADOW,,4095,2050,2045,missing_native_domain_handlers,false,16,false,0,0,false,0,0,0,0,0,climate_trace_reference_pending,,,,,0,,,0,0,2,0,0,1.609412,0,0,0,0,0,0,724,723,2400,true,0,0,0,0,0,0,0,0,0,0,4088,0,3,0,3,0,0,0,0,0,0,0,climate_trace_reference_pending,0,0,0,0,0,0,0,0,0,0,0,0,0,0,0,0,0,0,0,0,0,0,0,0,0,false,
612,725,63053,false,66,50,18.142,17.565,0.013,0.316,natural_resource_daily,natural_resource_daily,,gdext,2.491,2400,0,0,2400,-1,-1,,963.468511,3.53018,6.115,7.562,262,8,3,1.5,false,2,8.666,,,,,,,,,,,,,,,,,,,,,,,,,,,,,,,,,,,,,,,,,,0,0,0,0,false,0,0,,0,0,0,0,0,0,0,,,,,false,{},{},{},{},{},{},{},0,0,0.429,0.06,0,1.393,706,1870,4,0,0.538,0,0.647,0.013,0.161,0.223,0,0,100,0,12.796,43.829,0.038,10.914,709,277394,451,729,729,0,264911,33,7261,2,0,0,2,4800,0,78.331,0,SHADOW,SHADOW,,4095,2050,2045,missing_native_domain_handlers,false,16,false,0,0,false,0,0,0,0,0,climate_trace_reference_pending,,,,,0,,,0,0,2,0,0,1.001687,0,0,0,0,0,0,725,724,2400,true,0,0,0,0,0,0,0,0,0,0,4088,0,3,0,3,0,0,0,0,0,0,0,climate_trace_reference_pending,0,0,0,0,0,0,0,0,0,0,0,0,0,0,0,0,0,0,0,0,0,0,0,0,0,false,
613,726,63123,false,66,50,22.336,20.047,0.774,0.366,trigger_runtime,trigger_evaluate,,TRIGGER_GRAPH,0.983,361,0,0,361,-1,-1,,367.243141,3.527293,6.115,7.562,262,8,3,1.5,false,2,8.666,,,,,,,,,,,,,,,,,,,,,,,,,,,,,,,,,,,,,,,,,,2,10,10,1,true,1,0.011,epoch_begin,0,1,13.659,8.011,3.575,3.575,8,epoch_begin,building_plan,,ECONOMY_GRAPH,false,"{""economy:epoch_begin"":1,""native_daily:climate_pass_b"":1,""native_daily:native_daily_complete"":1,""native_daily:native_daily_finalizer"":1,""native_daily:ocean_land"":1,""native_daily:runtime_hydrology"":1,""native_daily:sea_ice"":1,""native_daily:transpiration"":1,""native_daily:weather_stage_b"":1,""native_daily:wind_surface"":1}","{""economy:epoch_begin"":3.575,""native_daily:climate_pass_b"":0.631,""native_daily:native_daily_complete"":1.057,""native_daily:native_daily_finalizer"":1.094,""native_daily:ocean_land"":1.1,""native_daily:runtime_hydrology"":1.235,""native_daily:sea_ice"":0.594,""native_daily:transpiration"":0.533,""native_daily:weather_stage_b"":1.76,""native_daily:wind_surface"":0.917}","{""economy:epoch_begin"":3.575,""native_daily:climate_pass_b"":0.631,""native_daily:native_daily_complete"":1.057,""native_daily:native_daily_finalizer"":1.094,""native_daily:ocean_land"":1.1,""native_daily:runtime_hydrology"":1.235,""native_daily:sea_ice"":0.594,""native_daily:transpiration"":0.533,""native_daily:weather_stage_b"":1.76,""native_daily:wind_surface"":0.917}",{},{},{},{},0,0,0.246,0.052,0,1.148,719,1872,4,0,0.361,0,0.542,0.007,0.194,0.191,0,0,100,0,14.02,43.829,0.038,12.574,710,277416,452,731,731,0,265674,33,7366,2,0,0,2,4800,0,78.331,0,SHADOW,SHADOW,,4095,2050,2045,missing_native_domain_handlers,false,16,false,0,0,false,0,0,0,0,0,climate_trace_reference_pending,,,,,0,,,0,0,2,0,0,1.284672,0,0,0,0,0,0,726,725,2400,true,0,0,0,0,0,0,0,0,0,0,4088,0,3,0,3,0,0,0,0,0,0,0,climate_trace_reference_pending,0,0,0,0,0,0,0,0,0,0,0,0,0,0,0,0,0,0,0,0,0,0,0,0,0,false,
614,727,63161,false,66,50,19.196,14.199,0.009,0.29,native_daily_sim,climate_pass_a,climate_pass_a_struct,gdext_native_daily_slice,2.023,1,0,0,1,-1,-1,,0.494315,3.529873,6.115,7.562,262,8,3,1.5,false,2,8.666,,,,,,,,,,,,,,,,,,,,,,,,,,,,,,,,,,,,,,,,,,0,0,0,0,false,0,0,,0,0,0,0,0,0,0,,,,,false,{},{},{},{},{},{},{},0,0,0.364,0.045,0,1.332,719,1882,4,0,0.363,0.14,0.478,0.008,0.086,0.217,0,0,100,0,12.631,43.829,0.038,10.89,710,277466,452,731,731,0,265674,33,7366,2,0,0,2,4800,0,78.331,0,SHADOW,SHADOW,,4095,2050,2045,missing_native_domain_handlers,false,16,false,0,0,false,0,0,0,0,0,climate_trace_reference_pending,,,,,0,,,0,0,2,0,0,1.348942,0,0,0,0,0,0,727,726,2400,true,0,0,0,0,0,0,0,0,0,0,4088,0,3,0,3,0,0,0,0,0,0,0,climate_trace_reference_pending,0,0,0,0,0,0,0,0,0,0,0,0,0,0,0,0,0,0,0,0,0,0,0,0,0,false,
615,728,63226,false,66,50,22.911,22.249,0.011,0.38,dynamic_visual_atlas_upload,,,cell_indirection_lut,1.729,2400,2400,0,0,-1,-1,,1388.085621,3.528816,6.115,7.562,262,8,3,1.5,false,2,8.666,,,,,,,,,,,,,,,,,,,,,,,,,,,,,,,,,,,,,,,,,,1,7,7,1,true,1,1.523,epoch_begin,0,1,9.523,9.523,4.407,4.407,8,epoch_begin,building_plan,,ECONOMY_GRAPH,false,"{""economy:epoch_begin"":1,""native_daily:climate_pass_b"":1,""native_daily:native_daily_complete"":1,""native_daily:native_daily_finalizer"":1,""native_daily:ocean_land"":1,""native_daily:sea_ice"":1,""native_daily:wind_surface"":1}","{""economy:epoch_begin"":4.407,""native_daily:climate_pass_b"":0.744,""native_daily:native_daily_complete"":0.368,""native_daily:native_daily_finalizer"":0.645,""native_daily:ocean_land"":1.104,""native_daily:sea_ice"":0.638,""native_daily:wind_surface"":0.763}","{""economy:epoch_begin"":4.407,""native_daily:climate_pass_b"":0.744,""native_daily:native_daily_complete"":0.368,""native_daily:native_daily_finalizer"":0.645,""native_daily:ocean_land"":1.104,""native_daily:sea_ice"":0.638,""native_daily:wind_surface"":0.763}",{},{},{},{},0,0,0.322,0.07,0,1.508,719,1882,4,0,0.425,0.192,0.409,0.012,0.054,0.266,0,0,100,0,16.1655,43.829,0.038,14.2655,710,277466,452,733,733,0,266430,33,7751,2,0,0,2,4800,0,78.331,0,SHADOW,SHADOW,,4095,2050,2045,missing_native_domain_handlers,false,16,false,0,0,false,0,0,0,0,0,climate_trace_reference_pending,,,,,0,,,0,0,2,0,0,1.401137,0,0,0,0,0,0,728,727,2400,true,0,0,0,0,0,0,0,0,0,0,4088,0,3,0,3,0,0,0,0,0,0,0,climate_trace_reference_pending,0,0,0,0,0,0,0,0,0,0,0,0,0,0,0,0,0,0,0,0,0,0,0,0,0,false,
616,729,63255,false,66,50,15.285,14.598,0.013,0.384,native_daily_sim,climate_pass_a,climate_pass_a_struct,gdext_native_daily_slice,1.56,1,0,0,1,-1,-1,,0.641026,3.53101,6.115,7.562,262,8,3,1.5,false,2,8.666,,,,,,,,,,,,,,,,,,,,,,,,,,,,,,,,,,,,,,,,,,0,0,0,0,false,0,0,,0,0,0,0,0,0,0,,,,,false,{},{},{},{},{},{},{},0,0,0.35,0.062,0,1.222,715,1882,4,0,0.342,0,0.479,0.011,0.144,0.21,0,0,100,0,14.3585,43.829,0.038,12.7245,710,277466,452,733,733,0,266430,33,7751,2,0,0,2,4800,0,78.331,0,SHADOW,SHADOW,,4095,2050,2045,missing_native_domain_handlers,false,16,false,0,0,false,0,0,0,0,0,climate_trace_reference_pending,,,,,0,,,0,0,2,0,0,1.224837,0,0,0,0,0,0,729,728,2400,true,0,0,0,0,0,0,0,0,0,0,4088,0,3,0,3,0,0,0,0,0,0,0,climate_trace_reference_pending,0,0,0,0,0,0,0,0,0,0,0,0,0,0,0,0,0,0,0,0,0,0,0,0,0,false,
617,730,63314,false,66,50,20.6,20.072,0.01,0.29,natural_resource_daily,natural_resource_daily,,gdext,2.058,2400,0,0,2400,-1,-1,,1166.180708,3.535143,6.115,7.562,262,8,3,1.5,false,2,8.666,,,,,,,,,,,,,,,,,,,,,,,,,,,,,,,,,,,,,,,,,,1,7,7,1,true,1,2.137,epoch_begin,0,1,10.137,10.137,4.498,4.498,8,epoch_begin,building_plan,,ECONOMY_GRAPH,false,"{""economy:epoch_begin"":1,""native_daily:climate_pass_b"":1,""native_daily:native_daily_complete"":1,""native_daily:native_daily_finalizer"":1,""native_daily:ocean_land"":1,""native_daily:sea_ice"":1,""native_daily:wind_surface"":1}","{""economy:epoch_begin"":4.498,""native_daily:climate_pass_b"":0.775,""native_daily:native_daily_complete"":0.403,""native_daily:native_daily_finalizer"":0.69,""native_daily:ocean_land"":1.289,""native_daily:sea_ice"":0.645,""native_daily:wind_surface"":0.867}","{""economy:epoch_begin"":4.498,""native_daily:climate_pass_b"":0.775,""native_daily:native_daily_complete"":0.403,""native_daily:native_daily_finalizer"":0.69,""native_daily:ocean_land"":1.289,""native_daily:sea_ice"":0.645,""native_daily:wind_surface"":0.867}",{},{},{},{},0,0.001,0.357,0.068,0,3.378,715,1882,3,0,1.686,0.157,0.483,0.022,2.137,0.229,0,0,100,0,14.8715,43.829,0.038,11.0685,710,277466,452,735,735,0,267187,33,6909,2,0,0,2,4800,0,78.331,0,SHADOW,SHADOW,,4095,2050,2045,missing_native_domain_handlers,false,16,false,0,0,false,0,0,0,0,0,climate_trace_reference_pending,,,,,0,,,0,0,2,0,0,1.924247,0,0,0,0,0,0,730,729,2400,true,0,0,0,0,0,0,0,0,0,0,4088,0,3,0,3,0,0,0,0,0,0,0,climate_trace_reference_pending,0,0,0,0,0,0,0,0,0,0,0,0,0,0,0,0,0,0,0,0,0,0,0,0,0,false,
618,731,63989,false,66,50,15.024,14.249,0.014,0.414,native_daily_sim,climate_pass_a,climate_pass_a_struct,gdext_native_daily_slice,1.602,1,0,0,1,-1,-1,,0.62422,3.535733,6.115,7.562,262,8,3,1.5,false,2,8.666,,,,,,,,,,,,,,,,,,,,,,,,,,,,,,,,,,,,,,,,,,0,0,0,0,false,0,0,,0,0,0,0,0,0,0,,,,,false,{},{},{},{},{},{},{},0,0,0.325,0.062,0,0.717,715,1882,1,1,0.65,0,0.13,0.007,0.261,0.124,0,0,100,0,67.5368,43.829,0.038,66.4328,707,277460,452,735,735,0,267187,33,6909,2,0,0,2,4800,0,78.331,0,SHADOW,SHADOW,,4095,2050,2045,missing_native_domain_handlers,false,16,false,0,0,false,0,0,0,0,0,climate_trace_reference_pending,,,,,0,,,0,0,2,0,0,25.094132,0,0,0,0,0,0,731,730,2400,true,0,0,0,0,0,0,0,0,0,0,4088,0,3,0,3,0,0,0,0,0,0,0,climate_trace_reference_pending,0,0,0,0,0,0,0,0,0,0,0,0,0,0,0,0,0,0,0,0,0,0,0,0,0,false,
619,732,64051,false,32,50,26.407,25.619,0.014,0.443,dynamic_visual_atlas_upload,,,cell_indirection_lut,1.934,2400,2400,0,0,-1,-1,,1240.951386,3.538013,6.115,7.562,262,8,3,1.5,false,2,8.666,,,,,,,,,,,,,,,,,,,,,,,,,,,,,,,,,,,,,,,,,,1,7,7,1,true,1,1.494,epoch_begin,0,1,9.494,9.494,3.646,3.646,8,epoch_begin,building_plan,,ECONOMY_GRAPH,false,"{""economy:epoch_begin"":1,""native_daily:climate_pass_b"":1,""native_daily:native_daily_complete"":1,""native_daily:native_daily_finalizer"":1,""native_daily:ocean_land"":1,""native_daily:sea_ice"":1,""native_daily:wind_surface"":1}","{""economy:epoch_begin"":3.646,""native_daily:climate_pass_b"":0.772,""native_daily:native_daily_complete"":0.408,""native_daily:native_daily_finalizer"":0.675,""native_daily:ocean_land"":1.18,""native_daily:sea_ice"":0.734,""native_daily:wind_surface"":0.933}","{""economy:epoch_begin"":3.646,""native_daily:climate_pass_b"":0.772,""native_daily:native_daily_complete"":0.408,""native_daily:native_daily_finalizer"":0.675,""native_daily:ocean_land"":1.18,""native_daily:sea_ice"":0.734,""native_daily:wind_surface"":0.933}",{},{},{},{},0,0.001,0.43,0.071,0,0.508,715,1882,1,1,0.46,0,0.108,0.007,0.172,0.072,0,0,100,0,15.46225,592.137,0.027,14.45325,707,277460,452,737,737,0,267944,33,7996,2,0,0,2,4800,0,78.331,0,SHADOW,SHADOW,,4095,2050,2045,missing_native_domain_handlers,false,16,false,0,0,false,0,0,0,0,0,climate_trace_reference_pending,,,,,0,,,0,0,2,0,0,20.597782,0,0,0,0,0,0,732,731,2400,true,0,0,0,0,0,0,0,0,0,0,4088,0,3,0,3,0,0,0,0,0,0,0,climate_trace_reference_pending,0,0,0,0,0,0,0,0,0,0,0,0,0,0,0,0,0,0,0,0,0,0,0,0,0,false,
620,733,64086,false,32,50,18.395,12.943,0.012,5.173,native_daily_sim,climate_pass_a,climate_pass_a_struct,gdext_native_daily_slice,1.958,1,0,0,1,-1,-1,,0.510725,3.539843,6.115,7.562,262,8,3,1.5,false,2,8.666,,,,,,,,,,,,,,,,,,,,,,,,,,,,,,,,,,,,,,,,,,0,0,0,0,false,0,0,,0,0,0,0,0,0,0,,,,,false,{},{},{},{},{},{},{},0,0,0.507,0.081,0,0.358,715,1882,1,1,0.308,0,0.098,0.003,0.017,0.08,0,0,100,0,11.704,592.137,0.027,10.758,707,277460,452,737,737,0,267944,33,7996,2,0,0,2,4800,0,78.331,0,SHADOW,SHADOW,,4095,2050,2045,missing_native_domain_handlers,false,16,false,0,0,false,0,0,0,0,0,climate_trace_reference_pending,,,,,0,,,0,0,2,0,0,15.749737,0,0,0,0,0,0,733,732,2400,true,0,0,0,0,0,0,0,0,0,0,4088,0,3,0,3,0,0,0,0,0,0,0,climate_trace_reference_pending,0,0,0,0,0,0,0,0,0,0,0,0,0,0,0,0,0,0,0,0,0,0,0,0,0,false,
621,734,64158,false,32,50,18.495,17.378,0.552,0.289,trigger_runtime,trigger_evaluate,,TRIGGER_GRAPH,0.957,357,0,0,357,-1,-1,,373.040746,3.538073,6.115,7.562,261,8,3,1.5,false,2,8.666,,,,,,,,,,,,,,,,,,,,,,,,,,,,,,,,,,,,,,,,,,2,10,10,1,true,1,0.465,epoch_begin,0,1,14.245,8.465,4.41,4.41,8,epoch_begin,building_plan,,ECONOMY_GRAPH,false,"{""economy:epoch_begin"":1,""native_daily:climate_pass_b"":1,""native_daily:native_daily_complete"":1,""native_daily:native_daily_finalizer"":1,""native_daily:ocean_land"":1,""native_daily:runtime_hydrology"":1,""native_daily:sea_ice"":1,""native_daily:transpiration"":1,""native_daily:weather_stage_b"":1,""native_daily:wind_surface"":1}","{""economy:epoch_begin"":4.41,""native_daily:climate_pass_b"":0.722,""native_daily:native_daily_complete"":0.84,""native_daily:native_daily_finalizer"":0.578,""native_daily:ocean_land"":0.952,""native_daily:runtime_hydrology"":1.342,""native_daily:sea_ice"":0.66,""native_daily:transpiration"":0.529,""native_daily:weather_stage_b"":2.053,""native_daily:wind_surface"":0.748}","{""economy:epoch_begin"":4.41,""native_daily:climate_pass_b"":0.722,""native_daily:native_daily_complete"":0.84,""native_daily:native_daily_finalizer"":0.578,""native_daily:ocean_land"":0.952,""native_daily:runtime_hydrology"":1.342,""native_daily:sea_ice"":0.66,""native_daily:transpiration"":0.529,""native_daily:weather_stage_b"":2.053,""native_daily:wind_surface"":0.748}",{},{},{},{},0,0.001,0.394,0.076,0,1.563,715,1882,4,0,0.574,0,0.37,0.017,0.619,0.238,0,0,100,0,14.2444,592.137,0.027,12.2114,707,277460,452,739,739,0,268706,33,6596,2,0,0,2,4800,0,78.331,0,SHADOW,SHADOW,,4095,2050,2045,missing_native_domain_handlers,false,16,false,0,0,false,0,0,0,0,0,climate_trace_reference_pending,,,,,0,,,0,0,2,0,0,12.321352,0,0,0,0,0,0,734,733,2400,true,0,0,0,0,0,0,0,0,0,0,4088,0,3,0,3,0,0,0,0,0,0,0,climate_trace_reference_pending,0,0,0,0,0,0,0,0,0,0,0,0,0,0,0,0,0,0,0,0,0,0,0,0,0,false,
622,735,64187,false,32,50,14.922,14.386,0.01,0.293,natural_resource_daily,natural_resource_daily,,gdext,2.164,2400,0,0,2400,-1,-1,,1109.057284,3.543956,6.115,7.562,261,8,3,1.5,false,2,8.666,,,,,,,,,,,,,,,,,,,,,,,,,,,,,,,,,,,,,,,,,,0,0,0,0,false,0,0,,0,0,0,0,0,0,0,,,,,false,{},{},{},{},{},{},{},0,0.001,0.315,0.046,0,1.641,715,1882,4,0,0.402,0.138,0.375,0.018,0.418,0.254,0,0,100,0,9.878667,592.137,0.027,7.876667,707,277460,452,739,739,0,268706,33,6596,2,0,0,2,4800,0,78.331,0,SHADOW,SHADOW,,4095,2050,2045,missing_native_domain_handlers,false,16,false,0,0,false,0,0,0,0,0,climate_trace_reference_pending,,,,,0,,,0,0,2,0,0,6.963712,0,0,0,0,0,0,735,734,2400,true,0,0,0,0,0,0,0,0,0,0,4088,0,3,0,3,0,0,0,0,0,0,0,climate_trace_reference_pending,0,0,0,0,0,0,0,0,0,0,0,0,0,0,0,0,0,0,0,0,0,0,0,0,0,false,
623,736,64247,false,32,50,23.213,22.451,0.019,0.372,dynamic_visual_atlas_upload,,,cell_indirection_lut,1.607,2400,2400,0,0,-1,-1,,1493.466092,3.543269,6.115,7.562,261,8,3,1.5,false,2,8.666,,,,,,,,,,,,,,,,,,,,,,,,,,,,,,,,,,,,,,,,,,1,8,8,1,true,1,0.192,building_plan,0,2,8.192,8.192,1.603,0.224,8,building_plan,building_plan,evaluate,ECONOMY_GRAPH,false,"{""economy:building_plan"":1,""economy:epoch_begin"":1,""native_daily:climate_pass_b"":1,""native_daily:native_daily_complete"":1,""native_daily:native_daily_finalizer"":1,""native_daily:ocean_land"":1,""native_daily:sea_ice"":1,""native_daily:wind_surface"":1}","{""economy:building_plan"":0.224,""economy:epoch_begin"":1.603,""native_daily:climate_pass_b"":0.634,""native_daily:native_daily_complete"":0.314,""native_daily:native_daily_finalizer"":0.707,""native_daily:ocean_land"":1.051,""native_daily:sea_ice"":0.592,""native_daily:wind_surface"":0.755}","{""economy:building_plan"":0.224,""economy:epoch_begin"":1.603,""native_daily:climate_pass_b"":0.634,""native_daily:native_daily_complete"":0.314,""native_daily:native_daily_finalizer"":0.707,""native_daily:ocean_land"":1.051,""native_daily:sea_ice"":0.592,""native_daily:wind_surface"":0.755}",{},{},{},{},0,0.001,0.336,0.065,0,1.044,715,1882,4,0,0.293,0.092,0.397,0.009,0.036,0.166,0,0,100,0,15.0565,592.137,0.027,13.6115,707,277460,452,741,741,0,269464,33,7822,2,0,0,2,4800,0,78.331,0,SHADOW,SHADOW,,4095,2050,2045,missing_native_domain_handlers,false,16,false,0,0,false,0,0,0,0,0,climate_trace_reference_pending,,,,,0,,,0,0,2,0,0,2.566767,0,0,0,0,0,0,736,735,2400,true,0,0,0,0,0,0,0,0,0,0,4088,0,3,0,3,0,0,0,0,0,0,0,climate_trace_reference_pending,0,0,0,0,0,0,0,0,0,0,0,0,0,0,0,0,0,0,0,0,0,0,0,0,0,false,
624,737,64271,false,32,50,14.202,13.588,0.013,0.35,native_daily_sim,climate_pass_a,climate_pass_a_struct,gdext_native_daily_slice,1.622,1,0,0,1,-1,-1,,0.616523,3.542026,6.115,7.562,261,8,3,1.5,false,2,8.666,,,,,,,,,,,,,,,,,,,,,,,,,,,,,,,,,,,,,,,,,,0,0,0,0,false,0,0,,0,0,0,0,0,0,0,,,,,false,{},{},{},{},{},{},{},0,0.001,0.386,0.06,0,0.115,701,1882,0,0,0,0.109,0,0,0,0,0,0,100,0,11.9485,592.137,0.027,11.3875,707,277460,452,741,741,0,269464,33,7822,2,0,0,2,4800,0,78.331,0,SHADOW,SHADOW,,4095,2050,2045,missing_native_domain_handlers,false,16,false,0,0,false,0,0,0,0,0,climate_trace_reference_pending,,,,,0,,,0,0,2,0,0,1.211292,0,0,0,0,0,0,737,736,2400,true,0,0,0,0,0,0,0,0,0,0,4088,0,3,0,3,0,0,0,0,0,0,0,climate_trace_reference_pending,0,0,0,0,0,0,0,0,0,0,0,0,0,0,0,0,0,0,0,0,0,0,0,0,0,false,
625,738,64313,false,32,50,19.978,19.421,0.012,0.285,ocean_currents,daily_wind_prepass,daily_wind_slp,gdext_daily_wind_slp,0.97,2400,2400,0,0,-1,-1,,2474.226731,3.5393,6.115,7.562,261,8,3,1.5,false,2,8.666,,,,,,,,,,,,,,,,,,,,,,,,,,,,,,,,,,,,,,,,,,1,6,6,1,false,0,0,,0,0,5.048,5.048,1.288,0.426,8,native_daily_complete,native_daily_complete,round_complete,gdext_native_daily_slice,true,"{""native_daily:climate_pass_b"":1,""native_daily:native_daily_complete"":1,""native_daily:native_daily_finalizer"":1,""native_daily:ocean_land"":1,""native_daily:sea_ice"":1,""native_daily:wind_surface"":1}","{""native_daily:climate_pass_b"":0.751,""native_daily:native_daily_complete"":0.426,""native_daily:native_daily_finalizer"":0.677,""native_daily:ocean_land"":1.288,""native_daily:sea_ice"":0.754,""native_daily:wind_surface"":1.016}","{""native_daily:climate_pass_b"":0.751,""native_daily:native_daily_complete"":0.426,""native_daily:native_daily_finalizer"":0.677,""native_daily:ocean_land"":1.288,""native_daily:sea_ice"":0.754,""native_daily:wind_surface"":1.016}",{},{},{},{},0,0.001,0.388,0.066,0,3.722,701,1882,3,0,1.915,0.153,0.721,0.037,2.082,0.375,0,0,100,0,14.007333,592.137,0.027,9.831333,707,277460,452,742,742,0,269843,33,6950,2,0,0,2,4800,0,78.331,0,SHADOW,SHADOW,,4095,2050,2045,missing_native_domain_handlers,false,16,false,0,0,false,0,0,0,0,0,climate_trace_reference_pending,,,,,0,,,0,0,2,0,0,1.018477,0,0,0,0,0,0,738,737,2400,true,0,0,0,0,0,0,0,0,0,0,4088,0,3,0,3,0,0,0,0,0,0,0,climate_trace_reference_pending,0,0,0,0,0,0,0,0,0,0,0,0,0,0,0,0,0,0,0,0,0,0,0,0,0,false,
626,739,64344,false,32,50,13.861,13.186,0.013,0.367,native_daily_sim,climate_pass_a,climate_pass_a_struct,gdext_native_daily_slice,1.341,1,0,0,1,-1,-1,,0.745712,3.538733,6.115,7.562,261,8,3,1.5,false,2,8.666,,,,,,,,,,,,,,,,,,,,,,,,,,,,,,,,,,,,,,,,,,0,0,0,0,false,0,0,,0,0,0,0,0,0,0,,,,,false,{},{},{},{},{},{},{},0,0,0.293,0.065,0,1.878,701,1882,4,0,0.545,0,0.756,0.017,0.465,0.219,0,0,100,0,10.082333,592.137,0.027,7.846333,707,277704,452,742,742,0,269843,33,6950,2,0,0,2,4800,0,78.331,0,SHADOW,SHADOW,,4095,2050,2045,missing_native_domain_handlers,false,16,false,0,0,false,0,0,0,0,0,climate_trace_reference_pending,,,,,0,,,0,0,2,0,0,1.844772,0,0,0,0,0,0,739,738,2400,true,0,0,0,0,0,0,0,0,0,0,4088,0,3,0,3,0,0,0,0,0,0,0,climate_trace_reference_pending,0,0,0,0,0,0,0,0,0,0,0,0,0,0,0,0,0,0,0,0,0,0,0,0,0,false,
627,740,64404,false,32,50,24.409,23.763,0.013,0.349,natural_resource_daily,natural_resource_daily,,gdext,2.428,2400,0,0,2400,-1,-1,,988.467886,3.543623,6.124001,7.562,261,8,3,1.5,false,2,8.666,,,,,,,,,,,,,,,,,,,,,,,,,,,,,,,,,,,,,,,,,,1,7,7,1,true,1,0.95,epoch_begin,0,1,8.95,8.95,3.827,3.827,8,epoch_begin,building_plan,,ECONOMY_GRAPH,false,"{""economy:epoch_begin"":1,""native_daily:climate_pass_b"":1,""native_daily:native_daily_complete"":1,""native_daily:native_daily_finalizer"":1,""native_daily:ocean_land"":1,""native_daily:sea_ice"":1,""native_daily:wind_surface"":1}","{""economy:epoch_begin"":3.827,""native_daily:climate_pass_b"":0.736,""native_daily:native_daily_complete"":0.344,""native_daily:native_daily_finalizer"":0.729,""native_daily:ocean_land"":1.019,""native_daily:sea_ice"":0.59,""native_daily:wind_surface"":0.799}","{""economy:epoch_begin"":3.827,""native_daily:climate_pass_b"":0.736,""native_daily:native_daily_complete"":0.344,""native_daily:native_daily_finalizer"":0.729,""native_daily:ocean_land"":1.019,""native_daily:sea_ice"":0.59,""native_daily:wind_surface"":0.799}",{},{},{},{},0,0.001,7.462,0.057,0,2.952,701,1882,3,0,1.427,0.153,0.553,0.033,1.582,0.307,0,0,100,0,20.15,592.137,0.027,9.679,708,277706,452,744,744,0,270603,33,7448,2,0,0,2,4800,0,78.331,0,SHADOW,SHADOW,,4095,2050,2045,missing_native_domain_handlers,false,16,false,0,0,false,0,0,0,0,0,climate_trace_reference_pending,,,,,0,,,0,0,2,0,0,1.334982,0,0,0,0,0,0,740,739,2400,true,0,0,0,0,0,0,0,0,0,0,4088,0,3,0,3,0,0,0,0,0,0,0,climate_trace_reference_pending,0,0,0,0,0,0,0,0,0,0,0,0,0,0,0,0,0,0,0,0,0,0,0,0,0,false,
628,741,64436,false,32,50,14.006,13.26,0.015,0.396,native_daily_sim,climate_pass_a,climate_pass_a_struct,gdext_native_daily_slice,1.926,1,0,0,1,-1,-1,,0.519211,3.545704,6.124001,7.562,261,8,3,1.5,false,2,8.666,,,,,,,,,,,,,,,,,,,,,,,,,,,,,,,,,,,,,,,,,,0,0,0,0,false,0,0,,0,0,0,0,0,0,0,,,,,false,{},{},{},{},{},{},{},0,0.001,0.368,0.069,0,1.388,701,1882,4,0,0.494,0,0.529,0.026,0.27,0.238,0,0,100,0,10.668667,592.137,0.027,8.843667,708,277920,452,744,744,0,270603,33,7448,2,0,0,2,4800,0,78.331,0,SHADOW,SHADOW,,4095,2050,2045,missing_native_domain_handlers,false,16,false,0,0,false,0,0,0,0,0,climate_trace_reference_pending,,,,,0,,,0,0,2,0,0,1.457447,0,0,0,0,0,0,741,740,2400,true,0,0,0,0,0,0,0,0,0,0,4088,0,3,0,3,0,0,0,0,0,0,0,climate_trace_reference_pending,0,0,0,0,0,0,0,0,0,0,0,0,0,0,0,0,0,0,0,0,0,0,0,0,0,false,
629,742,64501,false,32,50,19.549,18.37,0.603,0.337,trigger_runtime,trigger_evaluate,,TRIGGER_GRAPH,1.063,357,0,0,357,-1,-1,,335.841968,3.543817,6.124001,7.562,260,8,3,1.5,false,2,8.666,,,,,,,,,,,,,,,,,,,,,,,,,,,,,,,,,,,,,,,,,,2,11,11,1,true,1,0.117,building_plan,0,2,14.712,8.117,3.517,0.258,8,building_plan,building_plan,evaluate,ECONOMY_GRAPH,false,"{""economy:building_plan"":1,""economy:epoch_begin"":1,""native_daily:climate_pass_b"":1,""native_daily:native_daily_complete"":1,""native_daily:native_daily_finalizer"":1,""native_daily:ocean_land"":1,""native_daily:runtime_hydrology"":1,""native_daily:sea_ice"":1,""native_daily:transpiration"":1,""native_daily:weather_stage_b"":1,""native_daily:wind_surface"":1}","{""economy:building_plan"":0.258,""economy:epoch_begin"":3.517,""native_daily:climate_pass_b"":0.801,""native_daily:native_daily_complete"":0.701,""native_daily:native_daily_finalizer"":0.648,""native_daily:ocean_land"":1.242,""native_daily:runtime_hydrology"":1.276,""native_daily:sea_ice"":0.768,""native_daily:transpiration"":0.745,""native_daily:weather_stage_b"":1.859,""native_daily:wind_surface"":1.04}","{""economy:building_plan"":0.258,""economy:epoch_begin"":3.517,""native_daily:climate_pass_b"":0.801,""native_daily:native_daily_complete"":0.701,""native_daily:native_daily_finalizer"":0.648,""native_daily:ocean_land"":1.242,""native_daily:runtime_hydrology"":1.276,""native_daily:sea_ice"":0.768,""native_daily:transpiration"":0.745,""native_daily:weather_stage_b"":1.859,""native_daily:wind_surface"":1.04}",{},{},{},{},0,0.001,6.568,0.069,0,2.038,701,1882,4,0,0.714,0,0.682,0.021,0.505,0.394,0,0,100,0,16.18875,592.137,0.027,7.51375,708,277830,452,746,746,0,271358,33,7392,2,0,0,2,4800,0,78.331,0,SHADOW,SHADOW,,4095,2050,2045,missing_native_domain_handlers,false,16,false,0,0,false,0,0,0,0,0,climate_trace_reference_pending,,,,,0,,,0,0,2,0,0,1.422902,0,0,0,0,0,0,742,741,2400,true,0,0,0,0,0,0,0,0,0,0,4088,0,3,0,3,0,0,0,0,0,0,0,climate_trace_reference_pending,0,0,0,0,0,0,0,0,0,0,0,0,0,0,0,0,0,0,0,0,0,0,0,0,0,false,
630,743,64530,false,32,50,13.046,12.454,0.012,0.3,native_daily_sim,climate_pass_a,climate_pass_a_struct,gdext_native_daily_slice,1.51,1,0,0,1,-1,-1,,0.662252,3.539047,6.124001,7.562,260,8,3,1.5,false,2,8.666,,,,,,,,,,,,,,,,,,,,,,,,,,,,,,,,,,,,,,,,,,0,0,0,0,false,0,0,,0,0,0,0,0,0,0,,,,,false,{},{},{},{},{},{},{},0,0,0.382,0.052,0,1.63,701,1882,4,0,0.418,0.153,0.569,0.015,0.172,0.254,0,0,100,0,9.839,592.137,0.027,7.775,708,277910,452,746,746,0,271358,33,7392,2,0,0,2,4800,0,78.331,0,SHADOW,SHADOW,,4095,2050,2045,missing_native_domain_handlers,false,16,false,0,0,false,0,0,0,0,0,climate_trace_reference_pending,,,,,0,,,0,0,2,0,0,1.231197,0,0,0,0,0,0,743,742,2400,true,0,0,0,0,0,0,0,0,0,0,4088,0,3,0,3,0,0,0,0,0,0,0,climate_trace_reference_pending,0,0,0,0,0,0,0,0,0,0,0,0,0,0,0,0,0,0,0,0,0,0,0,0,0,false,
631,744,64591,false,32,50,24.593,23.905,0.013,0.369,dynamic_visual_atlas_upload,,,cell_indirection_lut,1.786,2400,2400,0,0,-1,-1,,1343.784984,3.538846,6.124001,7.562,260,8,3,1.5,false,2,8.666,,,,,,,,,,,,,,,,,,,,,,,,,,,,,,,,,,,,,,,,,,1,7,7,1,true,1,2.063,epoch_begin,0,1,10.063,10.063,4.508,4.508,8,epoch_begin,building_plan,,ECONOMY_GRAPH,false,"{""economy:epoch_begin"":1,""native_daily:climate_pass_b"":1,""native_daily:native_daily_complete"":1,""native_daily:native_daily_finalizer"":1,""native_daily:ocean_land"":1,""native_daily:sea_ice"":1,""native_daily:wind_surface"":1}","{""economy:epoch_begin"":4.508,""native_daily:climate_pass_b"":0.625,""native_daily:native_daily_complete"":0.508,""native_daily:native_daily_finalizer"":0.81,""native_daily:ocean_land"":1.146,""native_daily:sea_ice"":0.57,""native_daily:wind_surface"":0.82}","{""economy:epoch_begin"":4.508,""native_daily:climate_pass_b"":0.625,""native_daily:native_daily_complete"":0.508,""native_daily:native_daily_finalizer"":0.81,""native_daily:ocean_land"":1.146,""native_daily:sea_ice"":0.57,""native_daily:wind_surface"":0.82}",{},{},{},{},0,0.001,6.717,0.05,0,2.486,701,1882,4,0,1.008,0,0.622,0.014,0.933,0.423,0,0,100,0,20.091333,592.137,0.027,10.838333,708,277620,452,748,748,0,272112,34,8089,2,0,0,2,4800,0,78.331,0,SHADOW,SHADOW,,4095,2050,2045,missing_native_domain_handlers,false,16,false,0,0,false,0,0,0,0,0,climate_trace_reference_pending,,,,,0,,,0,0,2,0,0,1.656177,0,0,0,0,0,0,744,743,2400,true,0,0,0,0,0,0,0,0,0,0,4088,0,3,0,3,0,0,0,0,0,0,0,climate_trace_reference_pending,0,0,0,0,0,0,0,0,0,0,0,0,0,0,0,0,0,0,0,0,0,0,0,0,0,false,
632,745,64616,false,32,50,15.456,14.801,0.012,0.363,natural_resource_daily,natural_resource_daily,,gdext,2.669,2400,0,0,2400,-1,-1,,899.213219,3.540887,6.124001,7.562,260,8,3,1.5,false,2,8.666,,,,,,,,,,,,,,,,,,,,,,,,,,,,,,,,,,,,,,,,,,0,0,0,0,false,0,0,,0,0,0,0,0,0,0,,,,,false,{},{},{},{},{},{},{},0.001,0,0.245,0.045,0,1.604,701,1882,4,0,0.49,0.131,0.526,0.011,0.324,0.302,0,0,100,0,12.6075,592.137,0.027,10.7135,708,277585,452,748,748,0,272112,34,8089,2,0,0,2,4800,0,78.331,0,SHADOW,SHADOW,,4095,2050,2045,missing_native_domain_handlers,false,16,false,0,0,false,0,0,0,0,0,climate_trace_reference_pending,,,,,0,,,0,0,2,0,0,1.377707,0,0,0,0,0,0,745,744,2400,true,0,0,0,0,0,0,0,0,0,0,4088,0,3,0,3,0,0,0,0,0,0,0,climate_trace_reference_pending,0,0,0,0,0,0,0,0,0,0,0,0,0,0,0,0,0,0,0,0,0,0,0,0,0,false,
633,746,64673,false,32,50,19.303,18.777,0.01,0.31,trigger_runtime,trigger_evaluate,,TRIGGER_GRAPH,1.045,355,0,0,355,-1,-1,,339.712933,3.53953,6.124001,7.562,260,8,3,1.5,false,2,8.666,,,,,,,,,,,,,,,,,,,,,,,,,,,,,,,,,,,,,,,,,,1,9,9,1,true,1,0.003,building_plan,0,3,8.003,8.003,1.465,0.128,8,building_plan,trade_settle,reserve,ECONOMY_GRAPH,false,"{""economy:building_plan"":2,""economy:epoch_begin"":1,""native_daily:climate_pass_b"":1,""native_daily:native_daily_complete"":1,""native_daily:native_daily_finalizer"":1,""native_daily:ocean_land"":1,""native_daily:sea_ice"":1,""native_daily:wind_surface"":1}","{""economy:building_plan"":0.307,""economy:epoch_begin"":1.465,""native_daily:climate_pass_b"":0.574,""native_daily:native_daily_complete"":0.289,""native_daily:native_daily_finalizer"":0.55,""native_daily:ocean_land"":1.038,""native_daily:sea_ice"":0.536,""native_daily:wind_surface"":0.825}","{""economy:building_plan"":0.179,""economy:epoch_begin"":1.465,""native_daily:climate_pass_b"":0.574,""native_daily:native_daily_complete"":0.289,""native_daily:native_daily_finalizer"":0.55,""native_daily:ocean_land"":1.038,""native_daily:sea_ice"":0.536,""native_daily:wind_surface"":0.825}",{},{},{},{},0,0.005,0.388,0.055,0,1.698,701,1882,4,0,0.436,0.15,0.552,0.009,0.317,0.268,0,0,100,0,14.294,592.137,0.027,12.153,709,277725,453,750,750,0,272864,34,7403,2,0,0,2,4800,0,78.331,0,SHADOW,SHADOW,,4095,2050,2045,missing_native_domain_handlers,false,16,false,0,0,false,0,0,0,0,0,climate_trace_reference_pending,,,,,0,,,0,0,2,0,0,1.047572,0,0,0,0,0,0,746,745,2400,true,0,0,0,0,0,0,0,0,0,0,4088,0,3,0,3,0,0,0,0,0,0,0,climate_trace_reference_pending,0,0,0,0,0,0,0,0,0,0,0,0,0,0,0,0,0,0,0,0,0,0,0,0,0,false,
634,747,64697,false,32,50,13.861,13.288,0.011,0.3,native_daily_sim,climate_pass_a,climate_pass_a_struct,gdext_native_daily_slice,1.746,1,0,0,1,-1,-1,,0.572738,3.542047,6.124001,7.562,260,8,3,1.5,false,2,8.666,,,,,,,,,,,,,,,,,,,,,,,,,,,,,,,,,,,,,,,,,,0,0,0,0,false,0,0,,0,0,0,0,0,0,0,,,,,false,{},{},{},{},{},{},{},0,0,0.314,0.044,0,1.555,701,1882,4,0,0.44,0,0.487,0.005,0.486,0.192,0,0,100,0,12.2115,592.137,0.027,10.2985,709,277725,453,750,750,0,272864,34,7403,2,0,0,2,4800,0,78.331,0,SHADOW,SHADOW,,4095,2050,2045,missing_native_domain_handlers,false,16,false,0,0,false,0,0,0,0,0,climate_trace_reference_pending,,,,,0,,,0,0,2,0,0,1.539322,0,0,0,0,0,0,747,746,2400,true,0,0,0,0,0,0,0,0,0,0,4088,0,3,0,3,0,0,0,0,0,0,0,climate_trace_reference_pending,0,0,0,0,0,0,0,0,0,0,0,0,0,0,0,0,0,0,0,0,0,0,0,0,0,false,
635,748,64752,false,32,50,21.784,21.244,0.012,0.293,dynamic_visual_atlas_upload,,,cell_indirection_lut,2.105,2400,2400,0,0,-1,-1,,1140.142507,3.54003,6.124001,7.562,260,8,3,1.5,false,2,8.666,,,,,,,,,,,,,,,,,,,,,,,,,,,,,,,,,,,,,,,,,,1,7,7,1,true,1,1.213,epoch_begin,0,1,9.213,9.213,4.104,4.104,8,epoch_begin,building_plan,,ECONOMY_GRAPH,false,"{""economy:epoch_begin"":1,""native_daily:climate_pass_b"":1,""native_daily:native_daily_complete"":1,""native_daily:native_daily_finalizer"":1,""native_daily:ocean_land"":1,""native_daily:sea_ice"":1,""native_daily:wind_surface"":1}","{""economy:epoch_begin"":4.104,""native_daily:climate_pass_b"":0.713,""native_daily:native_daily_complete"":0.317,""native_daily:native_daily_finalizer"":0.629,""native_daily:ocean_land"":1.104,""native_daily:sea_ice"":0.571,""native_daily:wind_surface"":0.856}","{""economy:epoch_begin"":4.104,""native_daily:climate_pass_b"":0.713,""native_daily:native_daily_complete"":0.317,""native_daily:native_daily_finalizer"":0.629,""native_daily:ocean_land"":1.104,""native_daily:sea_ice"":0.571,""native_daily:wind_surface"":0.856}",{},{},{},{},0,0,6.473,0.048,0,1.193,701,1882,4,0,0.377,0,0.488,0.007,0.096,0.229,0,0,100,0,18.067333,592.137,0.027,10.353333,709,278025,453,752,752,0,273627,34,7192,2,0,0,2,4800,0,78.331,0,SHADOW,SHADOW,,4095,2050,2045,missing_native_domain_handlers,false,16,false,0,0,false,0,0,0,0,0,climate_trace_reference_pending,,,,,0,,,0,0,2,0,0,1.852272,0,0,0,0,0,0,748,747,2400,true,0,0,0,0,0,0,0,0,0,0,4088,0,3,0,3,0,0,0,0,0,0,0,climate_trace_reference_pending,0,0,0,0,0,0,0,0,0,0,0,0,0,0,0,0,0,0,0,0,0,0,0,0,0,false,
636,749,64781,false,32,50,12.751,12.171,0.009,0.345,native_daily_sim,climate_pass_a,climate_pass_a_struct,gdext_native_daily_slice,2.017,1,0,0,1,-1,-1,,0.495786,3.54277,6.124001,7.562,260,8,3,1.5,false,2,8.666,,,,,,,,,,,,,,,,,,,,,,,,,,,,,,,,,,,,,,,,,,0,0,0,0,false,0,0,,0,0,0,0,0,0,0,,,,,false,{},{},{},{},{},{},{},0,0,0.315,0.065,0,1.266,701,1882,4,0,0.422,0.118,0.426,0.007,0.244,0.189,0,0,100,0,9.645667,592.137,0.027,7.999667,709,278025,453,752,752,0,273627,34,7192,2,0,0,2,4800,0,78.331,0,SHADOW,SHADOW,,4095,2050,2045,missing_native_domain_handlers,false,16,false,0,0,false,0,0,0,0,0,climate_trace_reference_pending,,,,,0,,,0,0,2,0,0,1.737572,0,0,0,0,0,0,749,748,2400,true,0,0,0,0,0,0,0,0,0,0,4088,0,3,0,3,0,0,0,0,0,0,0,climate_trace_reference_pending,0,0,0,0,0,0,0,0,0,0,0,0,0,0,0,0,0,0,0,0,0,0,0,0,0,false,
637,750,64850,false,32,50,28.143,22.716,0.639,4.466,natural_resource_daily,natural_resource_daily,,gdext,2.933,2400,0,0,2400,-1,-1,,818.274779,3.549354,6.124001,7.562,260,8,3,1.5,false,2,8.666,,,,,,,,,,,,,,,,,,,,,,,,,,,,,,,,,,,,,,,,,,2,10,10,1,true,1,0.472,epoch_begin,0,1,14.374,8.472,3.897,3.897,8,epoch_begin,building_plan,,ECONOMY_GRAPH,false,"{""economy:epoch_begin"":1,""native_daily:climate_pass_b"":1,""native_daily:native_daily_complete"":1,""native_daily:native_daily_finalizer"":1,""native_daily:ocean_land"":1,""native_daily:runtime_hydrology"":1,""native_daily:sea_ice"":1,""native_daily:transpiration"":1,""native_daily:weather_stage_b"":1,""native_daily:wind_surface"":1}","{""economy:epoch_begin"":3.897,""native_daily:climate_pass_b"":0.664,""native_daily:native_daily_complete"":0.863,""native_daily:native_daily_finalizer"":0.811,""native_daily:ocean_land"":0.995,""native_daily:runtime_hydrology"":1.218,""native_daily:sea_ice"":0.636,""native_daily:transpiration"":0.652,""native_daily:weather_stage_b"":1.752,""native_daily:wind_surface"":1.075}","{""economy:epoch_begin"":3.897,""native_daily:climate_pass_b"":0.664,""native_daily:native_daily_complete"":0.863,""native_daily:native_daily_finalizer"":0.811,""native_daily:ocean_land"":0.995,""native_daily:runtime_hydrology"":1.218,""native_daily:sea_ice"":0.636,""native_daily:transpiration"":0.652,""native_daily:weather_stage_b"":1.752,""native_daily:wind_surface"":1.075}",{},{},{},{},0,0,5.873,0.063,0,1.153,701,1882,4,0,0.3,0.09,0.421,0.01,0.047,0.193,0,0,100,0,17.422,592.137,0.027,10.333,709,278025,453,754,754,0,274020,35,8218,3,0,0,2,4800,0,78.331,0,SHADOW,SHADOW,,4095,2050,2045,missing_native_domain_handlers,false,16,false,0,0,false,0,0,0,0,0,climate_trace_reference_pending,,,,,0,,,0,0,2,0,0,1.454712,0,0,0,0,0,0,750,749,2400,true,0,0,0,0,0,0,0,0,0,0,4088,0,3,0,3,0,0,0,0,0,0,0,climate_trace_reference_pending,0,0,0,0,0,0,0,0,0,0,0,0,0,0,0,0,0,0,0,0,0,0,0,0,0,false,
638,751,64884,false,32,50,12.614,11.975,0.012,0.351,native_daily_sim,climate_pass_a,climate_pass_a_struct,gdext_native_daily_slice,1.403,1,0,0,1,-1,-1,,0.712758,3.550457,6.124001,7.562,260,8,3,1.5,false,2,8.666,,,,,,,,,,,,,,,,,,,,,,,,,,,,,,,,,,,,,,,,,,0,0,0,0,false,0,0,,0,0,0,0,0,0,0,,,,,false,{},{},{},{},{},{},{},0,0.001,0.376,0.061,0,0.074,692,1882,0,0,0,0.067,0,0,0,0,0,0,100,0,11.220667,592.137,0.027,10.709667,709,278025,453,755,755,0,274390,35,3434,2,0,0,2,4800,0,78.331,0,SHADOW,SHADOW,,4095,2050,2045,missing_native_domain_handlers,false,16,false,0,0,false,0,0,0,0,0,climate_trace_reference_pending,,,,,0,,,0,0,2,0,0,1.928922,0,0,0,0,0,0,751,750,2400,true,0,0,0,0,0,0,0,0,0,0,4088,0,3,0,3,0,0,0,0,0,0,0,climate_trace_reference_pending,0,0,0,0,0,0,0,0,0,0,0,0,0,0,0,0,0,0,0,0,0,0,0,0,0,false,
639,752,64939,false,32,50,22.332,21.756,0.011,0.321,dynamic_visual_atlas_upload,,,cell_indirection_lut,1.811,2400,2400,0,0,-1,-1,,1325.234685,3.54861,6.124001,7.562,260,8,3,1.5,false,2,8.666,,,,,,,,,,,,,,,,,,,,,,,,,,,,,,,,,,,,,,,,,,1,7,7,1,true,1,1.08,epoch_begin,0,1,9.08,9.08,4.091,4.091,8,epoch_begin,building_plan,,ECONOMY_GRAPH,false,"{""economy:epoch_begin"":1,""native_daily:climate_pass_b"":1,""native_daily:native_daily_complete"":1,""native_daily:native_daily_finalizer"":1,""native_daily:ocean_land"":1,""native_daily:sea_ice"":1,""native_daily:wind_surface"":1}","{""economy:epoch_begin"":4.091,""native_daily:climate_pass_b"":0.676,""native_daily:native_daily_complete"":0.333,""native_daily:native_daily_finalizer"":0.537,""native_daily:ocean_land"":1.125,""native_daily:sea_ice"":0.54,""native_daily:wind_surface"":0.746}","{""economy:epoch_begin"":4.091,""native_daily:climate_pass_b"":0.676,""native_daily:native_daily_complete"":0.333,""native_daily:native_daily_finalizer"":0.537,""native_daily:ocean_land"":1.125,""native_daily:sea_ice"":0.54,""native_daily:wind_surface"":0.746}",{},{},{},{},0,0,6.779,0.054,0,0.615,692,1882,1,0,0.57,0,0.189,0.003,0.245,0.074,0,0,100,0,18.309667,592.137,0.027,10.861667,709,278025,453,757,757,0,275147,35,7568,2,0,0,2,4800,0,78.331,0,SHADOW,SHADOW,,4095,2050,2045,missing_native_domain_handlers,false,16,false,0,0,false,0,0,0,0,0,climate_trace_reference_pending,,,,,0,,,0,0,2,0,0,1.189867,0,0,0,0,0,0,752,751,2400,true,0,0,0,0,0,0,0,0,0,0,4088,0,3,0,3,0,0,0,0,0,0,0,climate_trace_reference_pending,0,0,0,0,0,0,0,0,0,0,0,0,0,0,0,0,0,0,0,0,0,0,0,0,0,false,
640,753,64967,false,32,50,12.9,12.33,0.011,0.298,native_daily_sim,climate_pass_a,climate_pass_a_struct,gdext_native_daily_slice,1.522,1,0,0,1,-1,-1,,0.65703,3.545741,6.124001,7.562,260,8,3,1.5,false,2,8.666,,,,,,,,,,,,,,,,,,,,,,,,,,,,,,,,,,,,,,,,,,0,0,0,0,false,0,0,,0,0,0,0,0,0,0,,,,,false,{},{},{},{},{},{},{},0,0.001,0.328,0.063,0,0.925,692,1882,4,0,0.266,0,0.412,0.006,0.113,0.118,0,0,100,0,9.494333,592.137,0.027,8.178333,709,278025,453,757,757,0,275147,35,7568,2,0,0,2,4800,0,78.331,0,SHADOW,SHADOW,,4095,2050,2045,missing_native_domain_handlers,false,16,false,0,0,false,0,0,0,0,0,climate_trace_reference_pending,,,,,0,,,0,0,2,0,0,1.088322,0,0,0,0,0,0,753,752,2400,true,0,0,0,0,0,0,0,0,0,0,4088,0,3,0,3,0,0,0,0,0,0,0,climate_trace_reference_pending,0,0,0,0,0,0,0,0,0,0,0,0,0,0,0,0,0,0,0,0,0,0,0,0,0,false,
641,754,65018,false,32,50,19.208,18.537,0.013,0.366,trigger_runtime,trigger_evaluate,,TRIGGER_GRAPH,1.012,356,0,0,356,-1,-1,,351.778668,3.545967,6.124001,7.562,260,8,3,1.5,false,2,8.666,,,,,,,,,,,,,,,,,,,,,,,,,,,,,,,,,,,,,,,,,,1,7,7,1,true,1,0.643,epoch_begin,0,1,8.643,8.643,3.588,3.588,8,epoch_begin,building_plan,,ECONOMY_GRAPH,false,"{""economy:epoch_begin"":1,""native_daily:climate_pass_b"":1,""native_daily:native_daily_complete"":1,""native_daily:native_daily_finalizer"":1,""native_daily:ocean_land"":1,""native_daily:sea_ice"":1,""native_daily:wind_surface"":1}","{""economy:epoch_begin"":3.588,""native_daily:climate_pass_b"":0.763,""native_daily:native_daily_complete"":0.397,""native_daily:native_daily_finalizer"":0.544,""native_daily:ocean_land"":1.066,""native_daily:sea_ice"":0.493,""native_daily:wind_surface"":0.759}","{""economy:epoch_begin"":3.588,""native_daily:climate_pass_b"":0.763,""native_daily:native_daily_complete"":0.397,""native_daily:native_daily_finalizer"":0.544,""native_daily:ocean_land"":1.066,""native_daily:sea_ice"":0.493,""native_daily:wind_surface"":0.759}",{},{},{},{},0,0,6.326,0.067,0,1.164,692,1882,4,0,0.352,0,0.463,0.007,0.048,0.238,0,0,100,0,16.764,592.137,0.027,9.207,709,278025,453,759,759,0,275903,35,7593,2,0,0,2,4800,0,78.331,0,SHADOW,SHADOW,,4095,2050,2045,missing_native_domain_handlers,false,16,false,0,0,false,0,0,0,0,0,climate_trace_reference_pending,,,,,0,,,0,0,2,0,0,1.275647,0,0,0,0,0,0,754,753,2400,true,0,0,0,0,0,0,0,0,0,0,4088,0,3,0,3,0,0,0,0,0,0,0,climate_trace_reference_pending,0,0,0,0,0,0,0,0,0,0,0,0,0,0,0,0,0,0,0,0,0,0,0,0,0,false,
642,755,65044,false,72,50,16.394,15.846,0.01,0.322,natural_resource_daily,natural_resource_daily,,gdext,2.82,2400,0,0,2400,-1,-1,,851.06385,3.551577,6.124001,7.562,260,8,3,1.5,false,2,8.666,,,,,,,,,,,,,,,,,,,,,,,,,,,,,,,,,,,,,,,,,,0,0,0,0,false,0,0,,0,0,0,0,0,0,0,,,,,false,{},{},{},{},{},{},{},0,0,0.276,0.054,0,0.872,692,1882,4,0,0.28,0,0.327,0.005,0.028,0.157,0,0,100,0,13.1205,36.268,0.026,11.9185,709,278025,453,759,759,0,275903,35,7593,2,0,0,2,4800,0,78.331,0,SHADOW,SHADOW,,4095,2050,2045,missing_native_domain_handlers,false,16,false,0,0,false,0,0,0,0,0,climate_trace_reference_pending,,,,,0,,,0,0,2,0,0,1.733542,0,0,0,0,0,0,755,754,2400,true,0,0,0,0,0,0,0,0,0,0,4088,0,3,0,3,0,0,0,0,0,0,0,climate_trace_reference_pending,0,0,0,0,0,0,0,0,0,0,0,0,0,0,0,0,0,0,0,0,0,0,0,0,0,false,
643,756,65102,false,72,50,22.438,21.884,0.011,0.318,dynamic_visual_atlas_upload,,,cell_indirection_lut,1.92,2400,2400,0,0,-1,-1,,1250.000028,3.552234,6.124001,7.562,260,8,3,1.5,false,2,8.666,,,,,,,,,,,,,,,,,,,,,,,,,,,,,,,,,,,,,,,,,,1,8,8,1,true,1,0.064,building_plan,0,2,8.064,8.064,1.482,0.218,8,building_plan,building_plan,evaluate,ECONOMY_GRAPH,false,"{""economy:building_plan"":1,""economy:epoch_begin"":1,""native_daily:climate_pass_b"":1,""native_daily:native_daily_complete"":1,""native_daily:native_daily_finalizer"":1,""native_daily:ocean_land"":1,""native_daily:sea_ice"":1,""native_daily:wind_surface"":1}","{""economy:building_plan"":0.218,""economy:epoch_begin"":1.482,""native_daily:climate_pass_b"":0.686,""native_daily:native_daily_complete"":0.307,""native_daily:native_daily_finalizer"":0.677,""native_daily:ocean_land"":0.999,""native_daily:sea_ice"":0.592,""native_daily:wind_surface"":0.773}","{""economy:building_plan"":0.218,""economy:epoch_begin"":1.482,""native_daily:climate_pass_b"":0.686,""native_daily:native_daily_complete"":0.307,""native_daily:native_daily_finalizer"":0.677,""native_daily:ocean_land"":0.999,""native_daily:sea_ice"":0.592,""native_daily:wind_surface"":0.773}",{},{},{},{},0,0.001,0.356,0.05,0,1.121,692,1882,4,0,0.311,0,0.4,0.008,0.137,0.175,0,0,100,0,14.644,36.268,0.026,13.117,709,278220,453,761,761,0,276659,35,6669,2,0,0,2,4800,0,78.331,0,SHADOW,SHADOW,,4095,2050,2045,missing_native_domain_handlers,false,16,false,0,0,false,0,0,0,0,0,climate_trace_reference_pending,,,,,0,,,0,0,2,0,0,1.356182,0,0,0,0,0,0,756,755,2400,true,0,0,0,0,0,0,0,0,0,0,4088,0,3,0,3,0,0,0,0,0,0,0,climate_trace_reference_pending,0,0,0,0,0,0,0,0,0,0,0,0,0,0,0,0,0,0,0,0,0,0,0,0,0,false,
644,757,65125,false,72,50,11.82,11.328,0.01,0.269,native_daily_sim,climate_pass_a,climate_pass_a_struct,gdext_native_daily_slice,1.85,1,0,0,1,-1,-1,,0.540541,3.55304,6.124001,7.562,260,8,3,1.5,false,2,8.666,,,,,,,,,,,,,,,,,,,,,,,,,,,,,,,,,,,,,,,,,,0,0,0,0,false,0,0,,0,0,0,0,0,0,0,,,,,false,{},{},{},{},{},{},{},0,0,0.338,0.068,0,1.418,692,1882,4,0,0.753,0,0.455,0.025,0.584,0.157,0,0,100,0,11.3995,36.268,0.026,9.5755,709,278250,453,761,761,0,276659,35,6669,2,0,0,2,4800,0,78.331,0,SHADOW,SHADOW,,4095,2050,2045,missing_native_domain_handlers,false,16,false,0,0,false,0,0,0,0,0,climate_trace_reference_pending,,,,,0,,,0,0,2,0,0,1.024607,0,0,0,0,0,0,757,756,2400,true,0,0,0,0,0,0,0,0,0,0,4088,0,3,0,3,0,0,0,0,0,0,0,climate_trace_reference_pending,0,0,0,0,0,0,0,0,0,0,0,0,0,0,0,0,0,0,0,0,0,0,0,0,0,false,
645,758,65188,false,72,50,19.417,18.308,0.581,0.311,trigger_runtime,trigger_evaluate,,TRIGGER_GRAPH,1.027,358,0,0,358,-1,-1,,348.588138,3.554204,6.124001,7.562,260,8,3,1.5,false,2,8.666,,,,,,,,,,,,,,,,,,,,,,,,,,,,,,,,,,,,,,,,,,2,10,10,1,true,1,0.297,epoch_begin,0,1,13.889,8.297,3.911,3.911,8,epoch_begin,building_plan,,ECONOMY_GRAPH,false,"{""economy:epoch_begin"":1,""native_daily:climate_pass_b"":1,""native_daily:native_daily_complete"":1,""native_daily:native_daily_finalizer"":1,""native_daily:ocean_land"":1,""native_daily:runtime_hydrology"":1,""native_daily:sea_ice"":1,""native_daily:transpiration"":1,""native_daily:weather_stage_b"":1,""native_daily:wind_surface"":1}","{""economy:epoch_begin"":3.911,""native_daily:climate_pass_b"":0.65,""native_daily:native_daily_complete"":0.794,""native_daily:native_daily_finalizer"":0.734,""native_daily:ocean_land"":1.001,""native_daily:runtime_hydrology"":1.019,""native_daily:sea_ice"":0.546,""native_daily:transpiration"":0.615,""native_daily:weather_stage_b"":1.742,""native_daily:wind_surface"":0.929}","{""economy:epoch_begin"":3.911,""native_daily:climate_pass_b"":0.65,""native_daily:native_daily_complete"":0.794,""native_daily:native_daily_finalizer"":0.734,""native_daily:ocean_land"":1.001,""native_daily:runtime_hydrology"":1.019,""native_daily:sea_ice"":0.546,""native_daily:transpiration"":0.615,""native_daily:weather_stage_b"":1.742,""native_daily:wind_surface"":0.929}",{},{},{},{},0,0,6.613,0.05,0,1.237,692,1882,4,0,0.366,0,0.418,0.018,0.247,0.161,0,0,100,0,15.64975,36.268,0.026,7.74975,709,278401,453,763,763,0,277418,35,7522,2,0,0,2,4800,0,78.331,0,SHADOW,SHADOW,,4095,2050,2045,missing_native_domain_handlers,false,16,false,0,0,false,0,0,0,0,0,climate_trace_reference_pending,,,,,0,,,0,0,2,0,0,1.769497,0,0,0,0,0,0,758,757,2400,true,0,0,0,0,0,0,0,0,0,0,4088,0,3,0,3,0,0,0,0,0,0,0,climate_trace_reference_pending,0,0,0,0,0,0,0,0,0,0,0,0,0,0,0,0,0,0,0,0,0,0,0,0,0,false,
646,759,65220,false,72,50,13.021,12.447,0.012,0.296,native_daily_sim,climate_pass_a,climate_pass_a_struct,gdext_native_daily_slice,1.461,1,0,0,1,-1,-1,,0.684463,3.555397,6.124001,7.562,260,8,3,1.5,false,2,8.666,,,,,,,,,,,,,,,,,,,,,,,,,,,,,,,,,,,,,,,,,,0,0,0,0,false,0,0,,0,0,0,0,0,0,0,,,,,false,{},{},{},{},{},{},{},0,0,0.437,0.066,0,1.962,692,1882,4,0,0.566,0.142,0.686,0.014,0.304,0.4,0,0,100,0,10.751,36.268,0.026,8.286,709,278536,453,763,763,0,277418,35,7522,2,0,0,2,4800,0,78.331,0,SHADOW,SHADOW,,4095,2050,2045,missing_native_domain_handlers,false,16,false,0,0,false,0,0,0,0,0,climate_trace_reference_pending,,,,,0,,,0,0,2,0,0,1.725487,0,0,0,0,0,0,759,758,2400,true,0,0,0,0,0,0,0,0,0,0,4088,0,3,0,3,0,0,0,0,0,0,0,climate_trace_reference_pending,0,0,0,0,0,0,0,0,0,0,0,0,0,0,0,0,0,0,0,0,0,0,0,0,0,false,
647,760,65284,false,72,50,26.138,25.322,0.017,0.433,natural_resource_daily,natural_resource_daily,,gdext,2.451,2400,0,0,2400,-1,-1,,979.192176,3.564574,6.124001,7.562,260,8,3,1.5,false,2,8.666,,,,,,,,,,,,,,,,,,,,,,,,,,,,,,,,,,,,,,,,,,1,7,7,1,true,1,2.431,epoch_begin,0,1,10.431,10.431,5.202,5.202,8,epoch_begin,building_plan,,ECONOMY_GRAPH,false,"{""economy:epoch_begin"":1,""native_daily:climate_pass_b"":1,""native_daily:native_daily_complete"":1,""native_daily:native_daily_finalizer"":1,""native_daily:ocean_land"":1,""native_daily:sea_ice"":1,""native_daily:wind_surface"":1}","{""economy:epoch_begin"":5.202,""native_daily:climate_pass_b"":0.857,""native_daily:native_daily_complete"":0.357,""native_daily:native_daily_finalizer"":0.588,""native_daily:ocean_land"":1.002,""native_daily:sea_ice"":0.528,""native_daily:wind_surface"":0.8}","{""economy:epoch_begin"":5.202,""native_daily:climate_pass_b"":0.857,""native_daily:native_daily_complete"":0.357,""native_daily:native_daily_finalizer"":0.588,""native_daily:ocean_land"":1.002,""native_daily:sea_ice"":0.528,""native_daily:wind_surface"":0.8}",{},{},{},{},0,0.001,8.498,0.062,0,1.691,692,1882,4,0,0.62,0,0.53,0.026,0.59,0.286,0,0,100,0,21.18,36.268,0.026,10.929,709,278626,453,765,765,0,277818,36,8649,3,0,0,2,4800,0,78.331,0,SHADOW,SHADOW,,4095,2050,2045,missing_native_domain_handlers,false,16,false,0,0,false,0,0,0,0,0,climate_trace_reference_pending,,,,,0,,,0,0,2,0,0,1.247312,0,0,0,0,0,0,760,759,2400,true,0,0,0,0,0,0,0,0,0,0,4088,0,3,0,3,0,0,0,0,0,0,0,climate_trace_reference_pending,0,0,0,0,0,0,0,0,0,0,0,0,0,0,0,0,0,0,0,0,0,0,0,0,0,false,
648,761,65313,false,72,50,13.51,12.918,0.011,0.304,native_daily_sim,climate_pass_a,climate_pass_a_struct,gdext_native_daily_slice,1.687,1,0,0,1,-1,-1,,0.592768,3.560803,6.124001,7.562,260,8,3,1.5,false,2,8.666,,,,,,,,,,,,,,,,,,,,,,,,,,,,,,,,,,,,,,,,,,0,0,0,0,false,0,0,,0,0,0,0,0,0,0,,,,,false,{},{},{},{},{},{},{},0,0.001,2.204,0.062,0,1.445,692,1882,4,0,0.466,0,0.668,0.017,0.163,0.253,0,0,100,0,14.9135,36.268,0.026,11.2025,709,279311,453,766,766,0,278179,36,1534,2,0,0,2,4800,0,78.331,0,SHADOW,SHADOW,,4095,2050,2045,missing_native_domain_handlers,false,16,false,0,0,false,0,0,0,0,0,climate_trace_reference_pending,,,,,0,,,0,0,2,0,0,1.372627,0,0,0,0,0,0,761,760,2400,true,0,0,0,0,0,0,0,0,0,0,4088,0,3,0,3,0,0,0,0,0,0,0,climate_trace_reference_pending,0,0,0,0,0,0,0,0,0,0,0,0,0,0,0,0,0,0,0,0,0,0,0,0,0,false,
649,762,65360,false,72,50,21.653,20.865,0.014,0.478,ocean_currents,daily_wind_prepass,daily_wind_slp,gdext_daily_wind_slp,1.098,2400,2400,0,0,-1,-1,,2185.792251,3.561634,6.124001,7.562,260,8,3,1.5,false,2,8.666,,,,,,,,,,,,,,,,,,,,,,,,,,,,,,,,,,,,,,,,,,1,6,6,1,false,0,0,,0,0,5.194,5.194,1.302,0.324,8,native_daily_complete,native_daily_complete,round_complete,gdext_native_daily_slice,true,"{""native_daily:climate_pass_b"":1,""native_daily:native_daily_complete"":1,""native_daily:native_daily_finalizer"":1,""native_daily:ocean_land"":1,""native_daily:sea_ice"":1,""native_daily:wind_surface"":1}","{""native_daily:climate_pass_b"":0.836,""native_daily:native_daily_complete"":0.324,""native_daily:native_daily_finalizer"":0.715,""native_daily:ocean_land"":1.302,""native_daily:sea_ice"":0.841,""native_daily:wind_surface"":1.039}","{""native_daily:climate_pass_b"":0.836,""native_daily:native_daily_complete"":0.324,""native_daily:native_daily_finalizer"":0.715,""native_daily:ocean_land"":1.302,""native_daily:sea_ice"":0.841,""native_daily:wind_surface"":1.039}",{},{},{},{},0,0.001,0.386,0.069,0,0.848,692,1882,1,0,0.794,0,0.208,0.013,0.252,0.165,0,0,100,0,15.486667,36.268,0.026,14.183667,708,279319,453,767,767,0,278199,37,8422,3,0,0,2,4800,0,78.331,0,SHADOW,SHADOW,,4095,2050,2045,missing_native_domain_handlers,false,16,false,0,0,false,0,0,0,0,0,climate_trace_reference_pending,,,,,0,,,0,0,2,0,0,1.295182,0,0,0,0,0,0,762,761,2400,true,0,0,0,0,0,0,0,0,0,0,4088,0,3,0,3,0,0,0,0,0,0,0,climate_trace_reference_pending,0,0,0,0,0,0,0,0,0,0,0,0,0,0,0,0,0,0,0,0,0,0,0,0,0,false,
650,763,65388,false,72,50,14.016,13.306,0.019,0.373,native_daily_sim,climate_pass_a,climate_pass_a_struct,gdext_native_daily_slice,1.745,1,0,0,1,-1,-1,,0.573066,3.561867,6.124001,7.562,260,8,3,1.5,false,2,8.666,,,,,,,,,,,,,,,,,,,,,,,,,,,,,,,,,,,,,,,,,,0,0,0,0,false,0,0,,0,0,0,0,0,0,0,,,,,false,{},{},{},{},{},{},{},0,0.001,2.238,0.071,0,0.88,692,1882,4,0,0.336,0,0.363,0.01,0.043,0.163,0,0,100,0,13.7985,36.268,0.026,10.6095,708,279271,453,768,768,0,278560,37,1583,2,0,0,2,4800,0,78.331,0,SHADOW,SHADOW,,4095,2050,2045,missing_native_domain_handlers,false,16,false,0,0,false,0,0,0,0,0,climate_trace_reference_pending,,,,,0,,,0,0,2,0,0,1.058362,0,0,0,0,0,0,763,762,2400,true,0,0,0,0,0,0,0,0,0,0,4088,0,3,0,3,0,0,0,0,0,0,0,climate_trace_reference_pending,0,0,0,0,0,0,0,0,0,0,0,0,0,0,0,0,0,0,0,0,0,0,0,0,0,false,
651,764,65446,false,72,50,24.642,23.907,0.014,0.385,dynamic_visual_atlas_upload,,,cell_indirection_lut,1.664,2400,2400,0,0,-1,-1,,1442.307663,3.563566,6.124001,7.562,260,8,3,1.5,false,2,8.666,,,,,,,,,,,,,,,,,,,,,,,,,,,,,,,,,,,,,,,,,,1,7,7,1,true,1,1.667,epoch_begin,0,1,9.667,9.667,4.262,4.262,8,epoch_begin,building_plan,,ECONOMY_GRAPH,false,"{""economy:epoch_begin"":1,""native_daily:climate_pass_b"":1,""native_daily:native_daily_complete"":1,""native_daily:native_daily_finalizer"":1,""native_daily:ocean_land"":1,""native_daily:sea_ice"":1,""native_daily:wind_surface"":1}","{""economy:epoch_begin"":4.262,""native_daily:climate_pass_b"":0.851,""native_daily:native_daily_complete"":0.301,""native_daily:native_daily_finalizer"":0.632,""native_daily:ocean_land"":1.053,""native_daily:sea_ice"":0.548,""native_daily:wind_surface"":0.859}","{""economy:epoch_begin"":4.262,""native_daily:climate_pass_b"":0.851,""native_daily:native_daily_complete"":0.301,""native_daily:native_daily_finalizer"":0.632,""native_daily:ocean_land"":1.053,""native_daily:sea_ice"":0.548,""native_daily:wind_surface"":0.859}",{},{},{},{},0,0.001,7.208,0.079,0,1.137,692,1882,4,0,0.352,0.102,0.362,0.012,0.052,0.176,0,0,100,0,19.395667,36.268,0.026,10.971667,708,279271,453,770,770,0,278963,38,8146,3,0,0,2,4800,0,78.331,0,SHADOW,SHADOW,,4095,2050,2045,missing_native_domain_handlers,false,16,false,0,0,false,0,0,0,0,0,climate_trace_reference_pending,,,,,0,,,0,0,2,0,0,1.434262,0,0,0,0,0,0,764,763,2400,true,0,0,0,0,0,0,0,0,0,0,4088,0,3,0,3,0,0,0,0,0,0,0,climate_trace_reference_pending,0,0,0,0,0,0,0,0,0,0,0,0,0,0,0,0,0,0,0,0,0,0,0,0,0,false,
652,765,65481,false,72,50,17.321,16.731,0.012,0.308,natural_resource_daily,natural_resource_daily,,gdext,3.394,2400,0,0,2400,-1,-1,,707.130219,3.576956,6.232,7.562,260,8,3,1.5,false,2,8.666,,,,,,,,,,,,,,,,,,,,,,,,,,,,,,,,,,,,,,,,,,0,0,0,0,false,0,0,,0,0,0,0,0,0,0,,,,,false,{},{},{},{},{},{},{},0,0,0.344,0.065,0,0.082,683,1882,0,0,0,0.075,0,0,0,0,0,0,100,0,11.639,36.268,0.026,11.148,708,279271,453,771,771,0,279322,38,1834,2,0,0,2,4800,0,78.331,0,SHADOW,SHADOW,,4095,2050,2045,missing_native_domain_handlers,false,16,false,0,0,false,0,0,0,0,0,climate_trace_reference_pending,,,,,0,,,0,0,2,0,0,1.529047,0,0,0,0,0,0,765,764,2400,true,0,0,0,0,0,0,0,0,0,0,4088,0,3,0,3,0,0,0,0,0,0,0,climate_trace_reference_pending,0,0,0,0,0,0,0,0,0,0,0,0,0,0,0,0,0,0,0,0,0,0,0,0,0,false,
653,766,65547,false,72,50,20.633,19.294,0.722,0.333,trigger_runtime,trigger_evaluate,,TRIGGER_GRAPH,1.315,357,0,0,357,-1,-1,,271.482878,3.579386,6.232,7.562,260,8,3,1.5,false,2,8.666,,,,,,,,,,,,,,,,,,,,,,,,,,,,,,,,,,,,,,,,,,2,13,13,1,true,1,1.291,household_market,0,4,14.956,9.291,1.724,1.724,8,household_market,household_market,settle,ECONOMY_GRAPH,false,"{""economy:building_plan"":2,""economy:epoch_begin"":1,""economy:household_market"":1,""native_daily:climate_pass_b"":1,""native_daily:native_daily_complete"":1,""native_daily:native_daily_finalizer"":1,""native_daily:ocean_land"":1,""native_daily:runtime_hydrology"":1,""native_daily:sea_ice"":1,""native_daily:transpiration"":1,""native_daily:weather_stage_b"":1,""native_daily:wind_surface"":1}","{""economy:building_plan"":0.348,""economy:epoch_begin"":1.572,""economy:household_market"":1.724,""native_daily:climate_pass_b"":0.773,""native_daily:native_daily_complete"":0.866,""native_daily:native_daily_finalizer"":0.638,""native_daily:ocean_land"":1.084,""native_daily:runtime_hydrology"":1.253,""native_daily:sea_ice"":0.669,""native_daily:transpiration"":0.599,""native_daily:weather_stage_b"":1.636,""native_daily:wind_surface"":0.795}","{""economy:building_plan"":0.2,""economy:epoch_begin"":1.572,""economy:household_market"":1.724,""native_daily:climate_pass_b"":0.773,""native_daily:native_daily_complete"":0.866,""native_daily:native_daily_finalizer"":0.638,""native_daily:ocean_land"":1.084,""native_daily:runtime_hydrology"":1.253,""native_daily:sea_ice"":0.669,""native_daily:transpiration"":0.599,""native_daily:weather_stage_b"":1.636,""native_daily:wind_surface"":0.795}","{""economy:household_market.settle.merge_aggregate"":1,""economy:household_market.settle.merge_trade"":1,""economy:household_market.settle.other"":1,""economy:household_market.settle.prepare"":1,""economy:household_market.settle.trace"":1,""economy:household_market.settle.worker"":1}","{""economy:household_market.settle.merge_aggregate"":0.1709,""economy:household_market.settle.merge_trade"":0.0087,""economy:household_market.settle.other"":0.00049999999999998,""economy:household_market.settle.prepare"":0.0018,""economy:household_market.settle.trace"":0.0046,""economy:household_market.settle.worker"":0.6701}","{""economy:household_market.settle.merge_aggregate"":0.1709,""economy:household_market.settle.merge_trade"":0.0087,""economy:household_market.settle.other"":0.00049999999999998,""economy:household_market.settle.prepare"":0.0018,""economy:household_market.settle.trace"":0.0046,""economy:household_market.settle.worker"":0.6701}","{""economy:household_market.settle.merge_aggregate"":4,""economy:household_market.settle.merge_trade"":4,""economy:household_market.settle.other"":4,""economy:household_market.settle.prepare"":4,""economy:household_market.settle.trace"":4,""economy:household_market.settle.worker"":4}",0,0.001,5.438,0.067,0,2.15,683,1882,4,0,0.685,0.163,0.636,0.01,0.71,0.246,0,0,100,0,16.49025,36.268,0.026,8.83525,708,279271,453,773,773,0,280075,38,7308,2,0,0,2,4800,0,78.331,0,SHADOW,SHADOW,,4095,2050,2045,missing_native_domain_handlers,false,16,false,0,0,false,0,0,0,0,0,climate_trace_reference_pending,,,,,0,,,0,0,2,0,0,1.664002,0,0,0,0,0,0,766,765,2400,true,0,0,0,0,0,0,0,0,0,0,4088,0,3,0,3,0,0,0,0,0,0,0,climate_trace_reference_pending,0,0,0,0,0,0,0,0,0,0,0,0,0,0,0,0,0,0,0,0,0,0,0,0,0,false,
654,767,65580,false,72,50,13.02,12.421,0.011,0.307,native_daily_sim,climate_pass_a,climate_pass_a_struct,gdext_native_daily_slice,1.322,1,0,0,1,-1,-1,,0.75643,3.579673,6.232,7.562,260,8,3,1.5,false,2,8.666,,,,,,,,,,,,,,,,,,,,,,,,,,,,,,,,,,,,,,,,,,0,0,0,0,false,0,0,,0,0,0,0,0,0,0,,,,,false,{},{},{},{},{},{},{},0,0.001,0.438,0.054,0,3.272,683,1882,4,0,1.127,0,0.812,0.065,1.499,0.407,0,0,100,0,11.304667,36.268,0.026,7.540667,708,279271,453,773,773,0,280075,38,7308,2,0,0,2,4800,0,78.331,0,SHADOW,SHADOW,,4095,2050,2045,missing_native_domain_handlers,false,16,false,0,0,false,0,0,0,0,0,climate_trace_reference_pending,,,,,0,,,0,0,2,0,0,1.724342,0,0,0,0,0,0,767,766,2400,true,0,0,0,0,0,0,0,0,0,0,4088,0,3,0,3,0,0,0,0,0,0,0,climate_trace_reference_pending,0,0,0,0,0,0,0,0,0,0,0,0,0,0,0,0,0,0,0,0,0,0,0,0,0,false,
655,768,65643,false,72,50,27.571,21.988,0.011,5.291,dynamic_visual_atlas_upload,,,cell_indirection_lut,1.628,2400,2400,0,0,-1,-1,,1474.201455,3.579906,6.232,7.562,260,8,3,1.5,false,2,8.666,,,,,,,,,,,,,,,,,,,,,,,,,,,,,,,,,,,,,,,,,,1,7,7,1,true,1,1.254,epoch_begin,0,1,9.254,9.254,4.163,4.163,8,epoch_begin,building_plan,,ECONOMY_GRAPH,false,"{""economy:epoch_begin"":1,""native_daily:climate_pass_b"":1,""native_daily:native_daily_complete"":1,""native_daily:native_daily_finalizer"":1,""native_daily:ocean_land"":1,""native_daily:sea_ice"":1,""native_daily:wind_surface"":1}","{""economy:epoch_begin"":4.163,""native_daily:climate_pass_b"":0.733,""native_daily:native_daily_complete"":0.322,""native_daily:native_daily_finalizer"":0.638,""native_daily:ocean_land"":1.056,""native_daily:sea_ice"":0.597,""native_daily:wind_surface"":0.745}","{""economy:epoch_begin"":4.163,""native_daily:climate_pass_b"":0.733,""native_daily:native_daily_complete"":0.322,""native_daily:native_daily_finalizer"":0.638,""native_daily:ocean_land"":1.056,""native_daily:sea_ice"":0.597,""native_daily:wind_surface"":0.745}",{},{},{},{},0,0.001,7.331,0.061,0,1.721,683,1882,4,0,0.775,0,0.641,0.035,0.346,0.287,0,0,100,0,20.988333,36.268,0.026,11.875333,708,280434,453,775,775,0,280835,39,8073,2,0,0,2,4800,0,78.331,0,SHADOW,SHADOW,,4095,2050,2045,missing_native_domain_handlers,false,16,false,0,0,false,0,0,0,0,0,climate_trace_reference_pending,,,,,0,,,0,0,2,0,0,1.155697,0,0,0,0,0,0,768,767,2400,true,0,0,0,0,0,0,0,0,0,0,4088,0,3,0,3,0,0,0,0,0,0,0,climate_trace_reference_pending,0,0,0,0,0,0,0,0,0,0,0,0,0,0,0,0,0,0,0,0,0,0,0,0,0,false,
