frame_idx,timestamp_ms,frame_wall_ms,fast_tick_count,fast_tick_occurred,last_fast_tick_ms,clock_day,writeback_last_day,writeback_lag_days,main_wait_on_sim_us,worker_fault_count,completed_days,runtime_graph_last_elapsed_us,climate_pod_plan_ms,climate_pod_replay_ms,domain_authority_plan_ms,domain_authority_replay_ms
0,28521,671.114,0,false,0,0,-1,-1,0,0,0,0,0,0,0,0
1,28539,18.08,1,true,15,1,-1,-1,0,0,0,0,0,0,0,0
2,28562,22.561,2,true,15,2,-1,-1,0,0,0,1586,2.4184,0.0014,0,0
3,28564,2.444,2,false,15,2,-1,-1,0,0,0,646,2.4184,0.0014,0,0
4,28568,4.435,2,false,15,2,-1,-1,0,0,0,635,2.4184,0.0014,0,0
5,28575,6.915,2,false,15,2,-1,-1,0,0,0,491,2.4184,0.0014,0,0
6,28582,6.908,2,false,15,2,-1,-1,0,0,0,723,2.4184,0.0014,0,0
7,28589,6.887,2,false,15,2,-1,-1,0,0,0,366,2.4184,0.0014,0,0
8,28600,11.032,3,true,4,3,1,2,0,0,1,366,4.2978,0.0102,0,0
9,28603,2.751,3,false,4,3,1,2,0,0,1,366,4.2978,0.0102,0,0
10,28610,6.915,3,false,4,4,1,3,0,0,1,366,4.2978,0.0102,0,0
11,28617,6.923,3,false,4,4,1,3,0,0,1,366,4.2978,0.0102,0,0
12,28624,6.88,3,false,4,4,1,3,0,0,2,366,2.2356,0.0013,0,0
13,28632,8.438,4,true,2,5,2,3,0,0,2,366,2.2356,0.0013,0,0
14,28638,5.356,4,false,2,5,2,3,0,0,2,366,2.2356,0.0013,0,0
15,28644,6.901,4,false,2,5,2,3,0,0,2,366,2.2356,0.0013,0,0
16,28653,8.822,5,true,3,6,3,3,0,0,3,366,3.518,0.0014,0,0
17,28658,4.98,5,false,3,6,3,3,0,0,3,366,3.518,0.0014,0,0
18,28665,6.934,5,false,3,6,3,3,0,0,3,366,3.518,0.0014,0,0
19,28674,9.394,6,true,3,7,4,3,0,0,4,366,2.5243,0.0015,0,0
20,28679,4.37,6,false,3,7,4,3,0,0,4,366,2.5243,0.0015,0,0
21,28686,6.923,6,false,3,7,4,3,0,0,4,366,2.5243,0.0015,0,0
22,28692,6.867,6,false,3,8,4,4,0,0,4,366,2.5243,0.0015,0,0
23,28700,6.986,6,false,3,8,4,4,0,0,5,366,2.7551,0.0012,0,0
24,28707,6.825,7,true,2,8,5,3,0,0,5,366,2.7551,0.0012,0,0
25,28714,7.945,7,false,2,9,5,4,0,0,5,366,2.7551,0.0012,0,0
26,28720,5.889,7,false,2,9,5,4,0,0,6,366,2.4137,0.0014,0,0
27,28727,6.869,8,true,2,9,6,3,0,0,6,366,2.4137,0.0014,0,0
28,28734,6.916,8,false,2,10,6,4,0,0,6,366,2.4137,0.0014,0,0
29,28741,6.884,8,false,2,10,6,4,0,0,6,366,2.4137,0.0014,0,0
30,28748,6.892,9,true,2,10,7,3,0,0,7,366,2.1189,0.0016,0,0
31,28755,6.945,9,false,2,11,7,4,0,0,7,366,2.1189,0.0016,0,0
32,28762,6.858,9,false,2,11,7,4,0,0,7,366,2.1189,0.0016,0,0
33,28769,6.939,9,false,2,11,7,4,0,0,8,366,2.2152,0.0015,0,0
34,28776,7.421,10,true,2,12,8,4,0,0,8,366,2.2152,0.0015,0,0
35,28782,6.345,10,false,2,12,8,4,0,0,8,366,2.2152,0.0015,0,0
36,28789,6.939,10,false,2,12,8,4,0,0,9,366,2.0151,0.0014,0,0
37,28797,7.947,11,true,2,13,9,4,0,0,9,366,2.0151,0.0014,0,0
38,28803,5.879,11,false,2,13,9,4,0,0,9,366,2.0151,0.0014,0,0
39,28810,6.834,11,false,2,13,9,4,0,0,9,366,2.0151,0.0014,0,0
40,28818,8.396,12,true,2,14,10,4,0,0,10,366,2.881,0.0016,0,0
41,28824,5.448,12,false,2,14,10,4,0,0,10,366,2.881,0.0016,0,0
42,28831,6.855,12,false,2,14,10,4,0,0,10,366,2.881,0.0016,0,0
43,28840,9.355,13,true,3,15,11,4,0,0,11,366,3.6274,0.0019,0,0
44,28844,4.44,13,false,3,15,11,4,0,0,11,366,3.6274,0.0019,0,0
45,28851,6.91,13,false,3,15,11,4,0,0,11,366,3.6274,0.0019,0,0
46,28858,6.916,13,false,3,16,11,5,0,0,11,366,3.6274,0.0019,0,0
47,28865,6.891,13,false,3,16,11,5,0,0,12,366,2.7743,0.0023,0,0
48,28873,7.444,14,true,3,16,12,4,0,0,12,366,2.7743,0.0023,0,0
49,28881,8.409,14,false,3,17,12,5,0,0,12,366,2.7743,0.0023,0,0
50,28886,4.837,14,false,3,17,12,5,0,0,12,366,2.7743,0.0023,0,0
51,28893,6.973,14,false,3,17,12,5,0,0,13,366,2.7743,0.0023,0,0
52,28903,10.35,15,true,3,18,13,5,0,0,13,366,2.3168,0.0018,0,0
53,28907,3.425,15,false,3,18,13,5,0,0,13,366,2.3168,0.0018,0,0
54,28914,6.873,15,false,3,18,13,5,0,0,13,366,2.3168,0.0018,0,0
55,28926,12.264,16,true,2,19,14,5,0,0,14,366,3.4821,0.0023,0,0
56,28927,1.503,16,false,2,19,14,5,0,0,14,366,3.4821,0.0023,0,0
57,28934,6.917,16,false,2,19,14,5,0,0,14,366,3.4821,0.0023,0,0
58,28941,6.933,16,false,2,20,14,6,0,0,14,366,3.4821,0.0023,0,0
59,28948,6.864,16,false,2,20,14,6,0,0,15,366,3.4821,0.0023,0,0
60,28955,6.921,17,true,3,20,15,5,0,0,15,366,2.3898,0.0023,0,0
61,28962,6.879,17,false,3,21,15,6,0,0,15,366,2.3898,0.0023,0,0
62,28969,6.906,17,false,3,21,15,6,0,0,15,366,2.3898,0.0023,0,0
63,28976,6.941,17,false,3,21,15,6,0,0,16,366,2.265,0.0019,0,0
64,28984,8.599,18,true,3,22,16,6,0,0,16,366,2.265,0.0019,0,0
65,28990,5.209,18,false,3,22,16,6,0,0,16,366,2.265,0.0019,0,0
66,28996,6.85,18,false,3,22,16,6,0,0,16,366,2.265,0.0019,0,0
67,29005,8.407,19,true,2,23,17,6,0,0,17,366,2.7513,0.0016,0,0
68,29010,5.383,19,false,2,23,17,6,0,0,17,366,2.7513,0.0016,0,0
69,29017,6.901,19,false,2,24,17,7,0,0,17,366,2.7513,0.0016,0,0
70,29024,6.972,19,false,2,24,17,7,0,0,18,22,2.1137,0.0017,0,0
71,29032,8.374,20,true,3,24,18,6,0,0,18,21,2.1137,0.0017,0,0
72,29038,5.393,20,false,3,24,18,6,0,0,18,21,2.1137,0.0017,0,0
73,29045,6.887,20,false,3,24,18,6,0,0,19,21,2.1137,0.0017,0,0
74,29054,9.909,21,true,3,25,19,6,0,0,19,21,3.5053,0.0027,0,0
75,29058,3.914,21,false,3,25,19,6,0,0,19,21,3.5053,0.0027,0,0
76,29065,6.865,21,false,3,25,19,6,0,0,19,21,3.5053,0.0027,0,0
77,29072,6.948,21,false,3,26,19,7,0,0,20,21,2.6501,0.0024,0,0
78,29085,12.492,22,true,3,26,20,6,0,0,20,29,2.6501,0.0024,0,0
79,29086,1.412,22,false,3,26,20,6,0,0,20,29,2.6501,0.0024,0,0
80,29093,6.92,22,false,3,26,20,6,0,0,20,29,2.6501,0.0024,0,0
81,29100,6.718,22,false,3,27,20,7,0,0,21,29,2.6501,0.0024,0,0
82,29108,8.608,23,true,3,27,21,6,0,0,21,66,2.2351,0.0027,0,0
83,29114,5.197,23,false,3,27,21,6,0,0,21,66,2.2351,0.0027,0,0
84,29120,6.895,23,false,3,27,21,6,0,0,21,66,2.2351,0.0027,0,0
85,29128,6.955,23,false,3,28,21,7,0,0,22,66,2.699,0.0022,0,0
86,29140,12.438,24,true,3,28,22,6,0,0,22,27,2.699,0.0022,0,0
87,29142,2.175,24,false,3,28,22,6,0,0,22,27,2.699,0.0022,0,0
88,29148,6.037,24,false,3,28,22,6,0,0,22,27,2.699,0.0022,0,0
89,29155,6.967,24,false,3,29,22,7,0,0,22,27,2.699,0.0022,0,0
90,29169,13.703,25,true,4,29,23,6,0,0,23,33,5.17,0.0027,0,0
91,29171,2.011,25,false,4,29,23,6,0,0,23,33,5.17,0.0027,0,0
92,29176,4.964,25,false,4,29,23,6,0,0,23,33,5.17,0.0027,0,0
93,29183,6.849,25,false,4,30,23,7,0,0,23,33,5.17,0.0027,0,0
94,29190,6.952,25,false,4,30,23,7,0,0,23,25,5.17,0.0027,0,0
95,29196,6.851,25,false,4,30,23,7,0,0,24,32,5.17,0.0027,0,0
96,29207,10.213,26,true,3,30,24,6,0,0,24,30,2.5498,0.003,0,0
97,29210,3.638,26,false,3,30,24,6,0,0,24,30,2.5498,0.003,0,0
98,29218,6.854,26,false,3,30,24,6,0,0,24,30,2.5498,0.003,0,0
99,29224,6.942,26,false,3,31,24,7,0,0,24,30,2.5498,0.003,0,0
100,29234,9.705,27,true,3,31,25,6,0,0,25,30,2.3663,0.002,0,0
101,29238,4.095,27,false,3,31,25,6,0,0,25,30,2.3663,0.002,0,0
102,29245,6.856,27,false,3,31,25,6,0,0,25,30,2.3663,0.002,0,0
103,29253,6.899,27,false,3,32,25,7,0,0,25,30,2.3663,0.002,0,0
104,29263,11.823,28,true,3,32,26,6,0,0,26,41,2.1502,0.0012,0,0
105,29265,1.96,28,false,3,32,26,6,0,0,26,41,2.1502,0.0012,0,0
106,29272,6.97,28,false,3,33,26,7,0,0,26,41,2.1502,0.0012,0,0
107,29279,6.846,28,false,3,33,26,7,0,0,26,26,2.1502,0.0012,0,0
108,29295,16.058,29,true,8,33,27,6,0,0,27,30,4.6698,0.0028,0,0
109,29298,2.708,29,false,8,33,27,6,0,0,27,30,4.6698,0.0028,0,0
110,29302,4.199,29,false,8,33,27,6,0,0,27,30,4.6698,0.0028,0,0
111,29309,6.931,29,false,8,34,27,7,0,0,27,30,4.6698,0.0028,0,0
112,29316,6.873,29,false,8,34,27,7,0,0,27,27,4.6698,0.0028,0,0
113,29325,8.932,30,true,2,34,28,6,0,0,28,31,2.4755,0.0018,0,0
114,29330,4.857,30,false,2,34,28,6,0,0,28,31,2.4755,0.0018,0,0
115,29337,6.909,30,false,2,34,28,6,0,0,28,31,2.4755,0.0018,0,0
116,29344,6.935,30,false,2,35,28,7,0,0,29,31,2.4755,0.0018,0,0
117,29354,10.163,31,true,3,35,29,6,0,0,29,33,4.0884,0.0018,0,0
118,29357,3.634,31,false,3,35,29,6,0,0,29,33,4.0884,0.0018,0,0
119,29364,6.945,31,false,3,35,29,6,0,0,29,33,4.0884,0.0018,0,0
120,29371,6.818,31,false,3,36,29,7,0,0,30,33,4.0884,0.0018,0,0
121,29381,9.927,32,true,3,36,30,6,0,0,30,33,2.7395,0.0014,0,0
122,29385,3.87,32,false,3,36,30,6,0,0,30,33,2.7395,0.0014,0,0
123,29392,6.938,32,false,3,36,30,6,0,0,30,33,2.7395,0.0014,0,0
124,29399,6.868,32,false,3,37,30,7,0,0,31,33,2.853,0.0022,0,0
125,29407,8.646,33,true,2,37,31,6,0,0,31,18,2.853,0.0022,0,0
126,29413,5.159,33,false,2,37,31,6,0,0,31,18,2.853,0.0022,0,0
127,29419,6.896,33,false,2,37,31,6,0,0,31,18,2.853,0.0022,0,0
128,29430,10.868,34,true,4,38,32,6,0,0,32,18,2.6294,0.002,0,0
129,29433,2.917,34,false,4,38,32,6,0,0,32,18,2.6294,0.002,0,0
130,29441,6.97,34,false,4,38,32,6,0,0,32,18,2.6294,0.002,0,0
131,29447,6.843,34,false,4,39,32,7,0,0,33,18,2.4288,0.0018,0,0
132,29456,8.67,35,true,3,39,33,6,0,0,33,19,2.4288,0.0018,0,0
133,29461,5.169,35,false,3,39,33,6,0,0,33,19,2.4288,0.0018,0,0
134,29468,6.864,35,false,3,39,33,6,0,0,33,19,2.4288,0.0018,0,0
135,29475,6.945,35,false,3,40,33,7,0,0,34,19,2.286,0.0026,0,0
136,29484,9.444,36,true,3,40,34,6,0,0,34,27,2.286,0.0026,0,0
137,29488,4.354,36,false,3,40,34,6,0,0,34,27,2.286,0.0026,0,0
138,29495,6.866,36,false,3,41,34,7,0,0,34,27,2.286,0.0026,0,0
139,29506,11.091,37,true,4,41,35,6,0,0,35,28,3.8429,0.0016,0,0
140,29509,2.71,37,false,4,41,35,6,0,0,35,28,3.8429,0.0016,0,0
141,29516,6.891,37,false,4,41,35,6,0,0,35,28,3.8429,0.0016,0,0
142,29523,6.936,37,false,4,42,35,7,0,0,36,28,3.8429,0.0016,0,0
143,29535,11.822,38,true,4,42,36,6,0,0,36,27,2.5895,0.0016,0,0
144,29537,1.927,38,false,4,42,36,6,0,0,36,27,2.5895,0.0016,0,0
145,29544,6.962,38,false,4,42,36,6,0,0,36,27,2.5895,0.0016,0,0
146,29550,6.862,38,false,4,43,36,7,0,0,37,27,2.5895,0.0016,0,0
147,29560,9.244,39,true,3,43,37,6,0,0,37,29,2.5385,0.0019,0,0
148,29564,4.55,39,false,3,43,37,6,0,0,37,29,2.5385,0.0019,0,0
149,29571,6.945,39,false,3,43,37,6,0,0,37,29,2.5385,0.0019,0,0
150,29578,6.854,39,false,3,44,37,7,0,0,37,29,2.5385,0.0019,0,0
151,29588,10.227,40,true,3,44,38,6,0,0,38,24,2.5633,0.0022,0,0
152,29592,3.59,40,false,3,44,38,6,0,0,38,24,2.5633,0.0022,0,0
153,29599,6.881,40,false,3,44,38,6,0,0,38,24,2.5633,0.0022,0,0
154,29606,7.016,40,false,3,45,38,7,0,0,39,24,2.3829,0.0024,0,0
155,29616,10.51,41,true,3,45,39,6,0,0,39,27,2.3829,0.0024,0,0
156,29619,3.165,41,false,3,45,39,6,0,0,39,27,2.3829,0.0024,0,0
157,29626,6.941,41,false,3,45,39,6,0,0,39,27,2.3829,0.0024,0,0
158,29633,6.862,41,false,3,46,39,7,0,0,40,27,2.2121,0.0016,0,0
159,29644,10.937,42,true,3,46,40,6,0,0,40,22,2.2121,0.0016,0,0
160,29647,2.86,42,false,3,46,40,6,0,0,40,22,2.2121,0.0016,0,0
161,29654,6.905,42,false,3,46,40,6,0,0,40,22,2.2121,0.0016,0,0
162,29665,10.666,43,true,3,47,41,6,0,0,41,22,3.8649,0.0029,0,0
163,29668,3.123,43,false,3,47,41,6,0,0,41,22,3.8649,0.0029,0,0
164,29675,6.954,43,false,3,47,41,6,0,0,41,22,3.8649,0.0029,0,0
165,29682,6.856,43,false,3,48,41,7,0,0,42,22,3.8649,0.0029,0,0
166,29694,12.728,44,true,4,48,42,6,0,0,42,23,2.6373,0.0024,0,0
167,29697,2.416,44,false,4,48,42,6,0,0,42,23,2.6373,0.0024,0,0
168,29703,5.559,44,false,4,48,42,6,0,0,42,23,2.6373,0.0024,0,0
169,29709,6.95,44,false,4,49,42,7,0,0,42,23,2.6373,0.0024,0,0
170,29716,6.854,44,false,4,49,42,7,0,0,43,32,2.6373,0.0024,0,0
171,29727,10.768,45,true,3,49,43,6,0,0,43,30,4.0212,0.0017,0,0
172,29730,3.015,45,false,3,49,43,6,0,0,43,30,4.0212,0.0017,0,0
173,29737,6.917,45,false,3,50,43,7,0,0,43,30,4.0212,0.0017,0,0
174,29744,6.932,45,false,3,50,43,7,0,0,44,32,2.7074,0.002,0,0
175,29753,9.338,46,true,3,50,44,6,0,0,44,19,2.7074,0.002,0,0
176,29758,4.457,46,false,3,50,44,6,0,0,44,19,2.7074,0.002,0,0
177,29764,6.862,46,false,3,50,44,6,0,0,44,19,2.7074,0.002,0,0
178,29771,6.939,46,false,3,51,44,7,0,0,45,19,2.7074,0.002,0,0
179,29782,10.322,47,true,3,51,45,6,0,0,45,26,2.7996,0.0013,0,0
180,29785,3.439,47,false,3,51,45,6,0,0,45,26,2.7996,0.0013,0,0
181,29792,6.946,47,false,3,51,45,6,0,0,45,26,2.7996,0.0013,0,0
182,29799,6.863,47,false,3,52,45,7,0,0,45,26,2.7996,0.0013,0,0
183,29809,10.092,48,true,3,52,46,6,0,0,46,23,2.5627,0.0013,0,0
184,29813,3.694,48,false,3,52,46,6,0,0,46,23,2.5627,0.0013,0,0
185,29820,6.912,48,false,3,52,46,6,0,0,46,23,2.5627,0.0013,0,0
186,29827,6.923,48,false,3,53,46,7,0,0,46,23,2.5627,0.0013,0,0
187,29839,12.114,49,true,3,53,47,6,0,0,47,59,4.3226,0.0022,0,0
188,29841,2.086,49,false,3,53,47,6,0,0,47,59,4.3226,0.0022,0,0
189,29847,6.474,49,false,3,53,47,6,0,0,47,59,4.3226,0.0022,0,0
190,29854,6.897,49,false,3,54,47,7,0,0,47,59,4.3226,0.0022,0,0
191,29861,6.958,49,false,3,54,47,7,0,0,48,22,2.8337,0.0019,0,0
192,29873,12.241,50,true,4,54,48,6,0,0,48,22,2.8337,0.0019,0,0
193,29875,1.883,50,false,4,54,48,6,0,0,48,22,2.8337,0.0019,0,0
194,29882,6.524,50,false,4,54,48,6,0,0,48,22,2.8337,0.0019,0,0
195,29889,6.972,50,false,4,55,48,7,0,0,49,22,2.8337,0.0019,0,0
196,29900,11.337,51,true,3,55,49,6,0,0,49,43,3.6969,0.0035,0,0
197,29902,2.374,51,false,3,55,49,6,0,0,49,43,3.6969,0.0035,0,0
198,29909,6.966,51,false,3,55,49,6,0,0,49,43,3.6969,0.0035,0,0
199,29916,6.847,51,false,3,56,49,7,0,0,49,43,3.6969,0.0035,0,0
200,29923,6.965,51,false,3,56,49,7,0,0,50,22,3.5224,0.0029,0,0
201,29935,11.554,52,true,4,56,50,6,0,0,50,23,3.5224,0.0029,0,0
202,29937,2.173,52,false,4,56,50,6,0,0,50,23,3.5224,0.0029,0,0
203,29944,6.955,52,false,4,56,50,6,0,0,50,23,3.5224,0.0029,0,0
204,29951,6.853,52,false,4,57,50,7,0,0,51,23,2.8719,0.0016,0,0
205,29960,9.277,53,true,3,57,51,6,0,0,51,30,2.8719,0.0016,0,0
206,29965,4.512,53,false,3,57,51,6,0,0,51,30,2.8719,0.0016,0,0
207,29972,6.952,53,false,3,57,51,6,0,0,51,30,2.8719,0.0016,0,0
208,29982,10.31,54,true,3,58,52,6,0,0,52,30,2.5357,0.0018,0,0
209,29985,3.455,54,false,3,58,52,6,0,0,52,30,2.5357,0.0018,0,0
210,29992,6.94,54,false,3,58,52,6,0,0,52,30,2.5357,0.0018,0,0
211,29999,6.861,54,false,3,59,52,7,0,0,53,30,2.5357,0.0018,0,0
212,30011,11.497,55,true,3,59,53,6,0,0,53,25,3.7342,0.0016,0,0
213,30013,2.282,55,false,3,59,53,6,0,0,53,25,3.7342,0.0016,0,0
214,30020,6.917,55,false,3,60,53,7,0,0,53,25,3.7342,0.0016,0,0
215,30027,6.943,55,false,3,60,53,7,0,0,54,26,2.4316,0.002,0,0
216,30037,9.689,56,true,3,60,54,6,0,0,54,44,2.4316,0.002,0,0
217,30040,4.093,56,false,3,60,54,6,0,0,54,44,2.4316,0.002,0,0
218,30047,6.874,56,false,3,60,54,6,0,0,54,44,2.4316,0.002,0,0
219,30065,17.912,57,true,3,61,55,6,0,0,55,44,2.8076,0.0025,0,0
220,30067,1.848,57,false,3,61,55,6,0,0,55,44,2.8076,0.0025,0,0
221,30072,5.014,57,false,3,61,55,6,0,0,55,44,2.8076,0.0025,0,0
222,30079,6.957,57,false,3,62,55,7,0,0,56,44,2.2714,0.0022,0,0
223,30090,10.609,58,true,3,62,56,6,0,0,56,28,2.2714,0.0022,0,0
224,30093,3.164,58,false,3,62,56,6,0,0,56,28,2.2714,0.0022,0,0
225,30100,6.887,58,false,3,62,56,6,0,0,56,28,2.2714,0.0022,0,0
226,30107,6.898,58,false,3,63,56,7,0,0,57,28,2.1728,0.0019,0,0
227,30116,9.557,59,true,3,63,57,6,0,0,57,21,2.1728,0.0019,0,0
228,30120,4.236,59,false,3,63,57,6,0,0,57,21,2.1728,0.0019,0,0
229,30127,6.952,59,false,3,63,57,6,0,0,57,21,2.1728,0.0019,0,0
230,30138,10.663,60,true,4,64,58,6,0,0,58,21,2.7891,0.0022,0,0
231,30141,3.116,60,false,4,64,58,6,0,0,58,21,2.7891,0.0022,0,0
232,30148,6.88,60,false,4,65,58,7,0,0,58,21,2.7891,0.0022,0,0
233,30155,6.882,60,false,4,65,58,7,0,0,58,25,2.7891,0.0022,0,0
234,30162,6.947,60,false,4,65,58,7,0,0,59,39,3.9502,0.0021,0,0
235,30171,9.111,61,true,3,65,59,6,0,0,59,194,3.9502,0.0021,0,0
236,30176,4.716,61,false,3,65,59,6,0,0,59,194,3.9502,0.0021,0,0
237,30183,6.844,61,false,3,65,59,6,0,0,59,194,3.9502,0.0021,0,0
238,30193,10.12,62,true,3,66,60,6,0,0,60,194,2.9394,0.002,0,0
239,30196,3.701,62,false,3,66,60,6,0,0,60,194,2.9394,0.002,0,0
240,30203,6.876,62,false,3,66,60,6,0,0,60,194,2.9394,0.002,0,0
241,30210,6.955,62,false,3,67,60,7,0,0,61,194,2.9394,0.002,0,0
242,30220,9.865,63,true,3,67,61,6,0,0,61,24,2.7019,0.0022,0,0
243,30224,3.951,63,false,3,67,61,6,0,0,61,24,2.7019,0.0022,0,0
244,30231,6.834,63,false,3,67,61,6,0,0,61,24,2.7019,0.0022,0,0
245,30242,11.204,64,true,3,68,62,6,0,0,62,24,2.8181,0.0019,0,0
246,30245,2.607,64,false,3,68,62,6,0,0,62,24,2.8181,0.0019,0,0
247,30251,6.886,64,false,3,68,62,6,0,0,62,24,2.8181,0.0019,0,0
248,30259,6.946,64,false,3,69,62,7,0,0,63,24,2.8181,0.0019,0,0
249,30269,10.52,65,true,3,69,63,6,0,0,63,29,2.474,0.0021,0,0
250,30272,3.223,65,false,3,69,63,6,0,0,63,29,2.474,0.0021,0,0
251,30279,6.95,65,false,3,69,63,6,0,0,63,29,2.474,0.0021,0,0
252,30286,6.861,65,false,3,70,63,7,0,0,64,29,2.474,0.0021,0,0
253,30296,9.867,66,true,3,70,64,6,0,0,64,26,2.4302,0.0019,0,0
254,30300,3.921,66,false,3,70,64,6,0,0,64,26,2.4302,0.0019,0,0
255,30307,6.99,66,false,3,70,64,6,0,0,64,26,2.4302,0.0019,0,0
256,30314,6.854,66,false,3,71,64,7,0,0,65,26,2.4302,0.0019,0,0
257,30324,9.844,67,true,3,71,65,6,0,0,65,25,3.3269,0.0015,0,0
258,30328,4.033,67,false,3,71,65,6,0,0,65,25,3.3269,0.0015,0,0
259,30335,6.792,67,false,3,71,65,6,0,0,65,25,3.3269,0.0015,0,0
260,30341,6.928,67,false,3,72,65,7,0,0,66,25,3.3269,0.0015,0,0
261,30351,9.523,68,true,3,72,66,6,0,0,66,42,2.4353,0.0016,0,0
262,30355,4.241,68,false,3,72,66,6,0,0,66,42,2.4353,0.0016,0,0
263,30362,6.954,68,false,3,72,66,6,0,0,66,42,2.4353,0.0016,0,0
264,30369,6.855,68,false,3,73,66,7,0,0,67,42,2.4353,0.0016,0,0
265,30379,10.749,69,true,3,73,67,6,0,0,67,32,3.6576,0.0021,0,0
266,30382,3.041,69,false,3,73,67,6,0,0,67,32,3.6576,0.0021,0,0
267,30390,6.97,69,false,3,74,67,7,0,0,67,32,3.6576,0.0021,0,0
268,30397,6.838,69,false,3,74,67,7,0,0,68,27,3.6576,0.0021,0,0
269,30409,12.518,70,true,3,74,68,6,0,0,68,31,3.0238,0.0019,0,0
270,30411,2.097,70,false,3,74,68,6,0,0,68,31,3.0238,0.0019,0,0
271,30419,6.079,70,false,3,74,68,6,0,0,68,31,3.0238,0.0019,0,0
272,30424,6.962,70,false,3,75,68,7,0,0,69,31,3.0238,0.0019,0,0
273,30435,10.666,71,true,3,75,69,6,0,0,69,66,3.1372,0.0023,0,0
274,30438,3.07,71,false,3,75,69,6,0,0,69,66,3.1372,0.0023,0,0
275,30445,6.942,71,false,3,75,69,6,0,0,69,66,3.1372,0.0023,0,0
276,30452,6.862,71,false,3,76,69,7,0,0,69,66,3.1372,0.0023,0,0
277,30463,11.668,72,true,4,76,70,6,0,0,70,36,2.9021,0.0026,0,0
278,30466,2.724,72,false,4,76,70,6,0,0,70,36,2.9021,0.0026,0,0
279,30472,6.359,72,false,4,76,70,6,0,0,70,36,2.9021,0.0026,0,0
280,30479,6.844,72,false,4,77,70,7,0,0,70,36,2.9021,0.0026,0,0
281,30486,6.897,73,true,3,77,71,6,0,0,71,29,4.52,0.0033,0,0
282,30494,7.445,73,false,3,77,71,6,0,0,71,20,4.52,0.0033,0,0
283,30500,6.397,73,false,3,77,71,6,0,0,71,20,4.52,0.0033,0,0
284,30507,6.97,73,false,3,77,71,6,0,0,71,20,4.52,0.0033,0,0
285,30514,6.804,73,false,3,78,71,7,0,0,72,20,4.52,0.0033,0,0
286,30525,11.096,74,true,3,78,72,6,0,0,72,38,3.2024,0.0019,0,0
287,30528,2.729,74,false,3,78,72,6,0,0,72,38,3.2024,0.0019,0,0
288,30535,6.866,74,false,3,78,72,6,0,0,72,38,3.2024,0.0019,0,0
289,30542,6.95,74,false,3,79,72,7,0,0,73,38,3.2024,0.0019,0,0
290,30552,11.206,75,true,2,79,73,6,0,0,73,29,3.3945,0.0022,0,0
291,30555,2.575,75,false,2,79,73,6,0,0,73,29,3.3945,0.0022,0,0
292,30562,6.887,75,false,2,79,73,6,0,0,73,29,3.3945,0.0022,0,0
293,30569,6.886,75,false,2,80,73,7,0,0,73,29,3.3945,0.0022,0,0
294,30576,6.941,75,false,2,80,73,7,0,0,74,20,1.8897,0.0014,0,0
295,30584,7.88,76,true,2,80,74,6,0,0,74,18,1.8897,0.0014,0,0
296,30590,5.943,76,false,2,80,74,6,0,0,74,18,1.8897,0.0014,0,0
297,30597,6.851,76,false,2,80,74,6,0,0,74,18,1.8897,0.0014,0,0
298,30606,9.396,77,true,2,81,75,6,0,0,75,18,3.2256,0.0016,0,0
299,30610,4.443,77,false,2,81,75,6,0,0,75,18,3.2256,0.0016,0,0
300,30617,6.844,77,false,2,81,75,6,0,0,75,18,3.2256,0.0016,0,0
301,30624,6.938,77,false,2,82,75,7,0,0,76,18,3.2256,0.0016,0,0
302,30632,7.56,78,true,2,82,76,6,0,0,76,19,2.0706,0.0013,0,0
303,30638,6.262,78,false,2,82,76,6,0,0,76,19,2.0706,0.0013,0,0
304,30645,6.831,78,false,2,83,76,7,0,0,76,19,2.0706,0.0013,0,0
305,30652,6.906,78,false,2,83,76,7,0,0,77,20,2.0706,0.0013,0,0
306,30662,9.972,79,true,3,83,77,6,0,0,77,19,3.071,0.002,0,0
307,30666,3.828,79,false,3,83,77,6,0,0,77,19,3.071,0.002,0,0
308,30673,6.964,79,false,3,83,77,6,0,0,77,19,3.071,0.002,0,0
309,30679,6.837,79,false,3,84,77,7,0,0,77,19,3.071,0.002,0,0
310,30686,6.902,79,false,3,84,77,7,0,0,78,30,2.1546,0.0015,0,0
311,30695,8.737,80,true,3,84,78,6,0,0,78,20,2.1546,0.0015,0,0
312,30700,5.062,80,false,3,84,78,6,0,0,78,20,2.1546,0.0015,0,0
313,30707,6.997,80,false,3,84,78,6,0,0,79,20,2.3501,0.0016,0,0
314,30716,9.038,81,true,3,85,79,6,0,0,79,20,2.3501,0.0016,0,0
315,30721,4.67,81,false,3,85,79,6,0,0,79,20,2.3501,0.0016,0,0
316,30728,6.95,81,false,3,85,79,6,0,0,79,20,2.3501,0.0016,0,0
317,30735,6.851,81,false,3,86,79,7,0,0,80,20,2.3501,0.0016,0,0
318,30746,11.7,82,true,4,86,80,6,0,0,80,40,2.7269,0.002,0,0
319,30748,2.084,82,false,4,86,80,6,0,0,80,40,2.7269,0.002,0,0
320,30755,7.01,82,false,4,86,80,6,0,0,80,40,2.7269,0.002,0,0
321,30762,6.806,82,false,4,87,80,7,0,0,81,40,2.7269,0.002,0,0
322,30772,9.543,83,true,3,87,81,6,0,0,81,21,2.2075,0.0022,0,0
323,30776,4.279,83,false,3,87,81,6,0,0,81,21,2.2075,0.0022,0,0
324,30783,7.119,83,false,3,87,81,6,0,0,81,21,2.2075,0.0022,0,0
325,30793,10.422,84,true,3,88,82,6,0,0,82,21,2.9831,0.0027,0,0
326,30796,3.129,84,false,3,88,82,6,0,0,82,21,2.9831,0.0027,0,0
327,30804,6.915,84,false,3,88,82,6,0,0,82,21,2.9831,0.0027,0,0
328,30815,11.907,85,true,3,89,83,6,0,0,83,21,4.6225,0.0018,0,0
329,30821,5.224,85,false,3,89,83,6,0,0,83,21,4.6225,0.0018,0,0
330,30824,3.589,85,false,3,89,83,6,0,0,83,21,4.6225,0.0018,0,0
331,30831,6.869,85,false,3,89,83,6,0,0,83,21,4.6225,0.0018,0,0
332,30838,6.941,85,false,3,90,83,7,0,0,84,21,4.6225,0.0018,0,0
333,30849,10.671,86,true,3,90,84,6,0,0,84,24,2.7482,0.002,0,0
334,30852,3.079,86,false,3,90,84,6,0,0,84,24,2.7482,0.002,0,0
335,30859,6.954,86,false,3,90,84,6,0,0,84,24,2.7482,0.002,0,0
336,30866,6.858,86,false,3,91,84,7,0,0,84,24,2.7482,0.002,0,0
337,30875,9.85,87,true,3,91,85,6,0,0,85,20,2.3298,0.0014,0,0
338,30879,3.936,87,false,3,91,85,6,0,0,85,20,2.3298,0.0014,0,0
339,30886,6.916,87,false,3,91,85,6,0,0,85,20,2.3298,0.0014,0,0
340,30900,13.478,88,true,3,92,86,6,0,0,86,20,3.161,0.0022,0,0
341,30901,1.682,88,false,3,92,86,6,0,0,86,20,3.161,0.0022,0,0
342,30907,5.576,88,false,3,93,86,7,0,0,86,20,3.161,0.0022,0,0
343,30914,6.863,88,false,3,93,86,7,0,0,86,18,3.161,0.0022,0,0
344,30921,6.929,88,false,3,93,86,7,0,0,87,36,3.161,0.0022,0,0
345,30936,15.001,89,true,4,93,87,6,0,0,87,29,3.7225,0.0038,0,0
346,30938,2.425,89,false,4,93,87,6,0,0,87,29,3.7225,0.0038,0,0
347,30943,4.5,89,false,4,93,87,6,0,0,87,29,3.7225,0.0038,0,0
348,30950,6.841,89,false,4,94,87,7,0,0,87,29,3.7225,0.0038,0,0
349,30957,6.956,89,false,4,94,87,7,0,0,88,260,3.7225,0.0038,0,0
350,30966,9.274,90,true,2,94,88,6,0,0,88,25,2.6884,0.0015,0,0
351,30970,4.48,90,false,2,94,88,6,0,0,88,25,2.6884,0.0015,0,0
352,30977,6.924,90,false,2,94,88,6,0,0,88,25,2.6884,0.0015,0,0
353,30984,6.87,90,false,2,95,88,7,0,0,89,25,2.6884,0.0015,0,0
354,30996,12.224,91,true,3,95,89,6,0,0,89,34,3.0103,0.0029,0,0
355,30998,1.916,91,false,3,95,89,6,0,0,89,34,3.0103,0.0029,0,0
356,31005,6.578,91,false,3,95,89,6,0,0,89,34,3.0103,0.0029,0,0
357,31012,6.94,91,false,3,96,89,7,0,0,90,34,3.0103,0.0029,0,0
358,31022,10.43,92,true,3,96,90,6,0,0,90,31,2.2174,0.0022,0,0
359,31025,3.328,92,false,3,96,90,6,0,0,90,31,2.2174,0.0022,0,0
360,31032,6.886,92,false,3,96,90,6,0,0,90,31,2.2174,0.0022,0,0
361,31039,6.986,92,false,3,97,90,7,0,0,91,31,3.6295,0.0022,0,0
362,31048,8.543,93,true,3,97,91,6,0,0,91,24,3.6295,0.0022,0,0
363,31053,5.173,93,false,3,97,91,6,0,0,91,24,3.6295,0.0022,0,0
364,31060,6.948,93,false,3,97,91,6,0,0,91,24,3.6295,0.0022,0,0
365,31069,8.777,94,true,2,98,92,6,0,0,92,24,2.3873,0.002,0,0
366,31074,5.037,94,false,2,98,92,6,0,0,92,24,2.3873,0.002,0,0
367,31081,6.844,94,false,2,98,92,6,0,0,92,24,2.3873,0.002,0,0
368,31088,6.891,94,false,2,99,92,7,0,0,93,24,2.3873,0.002,0,0
369,31097,9.149,95,true,3,99,93,6,0,0,93,22,2.26,0.0016,0,0
370,31101,4.647,95,false,3,99,93,6,0,0,93,22,2.26,0.0016,0,0
371,31108,6.942,95,false,3,99,93,6,0,0,93,22,2.26,0.0016,0,0
372,31115,6.859,95,false,3,100,93,7,0,0,94,22,2.3111,0.0014,0,0
373,31124,8.471,96,true,2,100,94,6,0,0,94,17,2.3111,0.0014,0,0
374,31129,5.328,96,false,2,100,94,6,0,0,94,17,2.3111,0.0014,0,0
375,31136,6.919,96,false,2,101,94,7,0,0,95,17,2.3111,0.0014,0,0
376,31146,9.673,97,true,3,101,95,6,0,0,95,24,3.9214,0.0024,0,0
377,31150,4.113,97,false,3,101,95,6,0,0,95,24,3.9214,0.0024,0,0
378,31157,6.942,97,false,3,101,95,6,0,0,95,24,3.9214,0.0024,0,0
379,31164,6.865,97,false,3,102,95,7,0,0,95,24,3.9214,0.0024,0,0
380,31170,6.903,97,false,3,102,95,7,0,0,96,21,1.9986,0.0016,0,0
381,31179,9.039,98,true,2,102,96,6,0,0,96,25,1.9986,0.0016,0,0
382,31184,4.755,98,false,2,102,96,6,0,0,96,25,1.9986,0.0016,0,0
383,31191,6.932,98,false,2,102,96,6,0,0,96,25,1.9986,0.0016,0,0
384,31199,8.264,99,true,2,103,97,6,0,0,97,25,3.232,0.0017,0,0
385,31205,5.537,99,false,2,103,97,6,0,0,97,25,3.232,0.0017,0,0
386,31214,6.882,99,false,2,103,97,6,0,0,97,25,3.232,0.0017,0,0
387,31219,6.874,99,false,2,104,97,7,0,0,98,25,3.232,0.0017,0,0
388,31228,9.153,100,true,3,104,98,6,0,0,98,24,2.3201,0.0016,0,0
389,31233,4.652,100,false,3,104,98,6,0,0,98,24,2.3201,0.0016,0,0
390,31239,6.934,100,false,3,104,98,6,0,0,98,24,2.3201,0.0016,0,0
391,31246,6.865,100,false,3,105,98,7,0,0,99,24,2.7218,0.0016,0,0
392,31254,7.698,101,true,2,105,99,6,0,0,99,91,2.7218,0.0016,0,0
393,31260,6.163,101,false,2,105,99,6,0,0,99,91,2.7218,0.0016,0,0
394,31267,6.842,101,false,2,105,99,6,0,0,99,91,2.7218,0.0016,0,0
395,31274,6.977,101,false,2,106,99,7,0,0,100,91,2.7218,0.0016,0,0
396,31282,8.447,102,true,2,106,100,6,0,0,100,23,3.2073,0.0031,0,0
397,31288,5.324,102,false,2,106,100,6,0,0,100,23,3.2073,0.0031,0,0
398,31295,6.855,102,false,2,106,100,6,0,0,100,23,3.2073,0.0031,0,0
399,31302,6.969,102,false,2,107,100,7,0,0,101,23,3.2073,0.0031,0,0
400,31312,10.745,103,true,3,107,101,6,0,0,101,61,3.0918,0.0024,0,0
401,31315,2.985,103,false,3,107,101,6,0,0,101,61,3.0918,0.0024,0,0
402,31322,6.937,103,false,3,107,101,6,0,0,101,61,3.0918,0.0024,0,0
403,31331,9.229,104,true,3,108,102,6,0,0,102,61,2.3601,0.002,0,0
404,31336,4.532,104,false,3,108,102,6,0,0,102,61,2.3601,0.002,0,0
405,31343,6.943,104,false,3,108,102,6,0,0,102,61,2.3601,0.002,0,0
406,31350,6.858,104,false,3,109,102,7,0,0,103,61,2.3601,0.002,0,0
407,31359,9.392,105,true,2,109,103,6,0,0,103,34,2.8461,0.0022,0,0
408,31364,4.41,105,false,2,109,103,6,0,0,103,34,2.8461,0.0022,0,0
409,31370,6.899,105,false,2,109,103,6,0,0,103,34,2.8461,0.0022,0,0
410,31378,6.956,105,false,2,110,103,7,0,0,104,34,2.8461,0.0022,0,0
411,31386,8.842,106,true,3,110,104,6,0,0,104,32,2.4614,0.0022,0,0
412,31391,4.93,106,false,3,110,104,6,0,0,104,32,2.4614,0.0022,0,0
413,31398,6.872,106,false,3,111,104,7,0,0,104,32,2.4614,0.0022,0,0
414,31405,6.941,106,false,3,111,104,7,0,0,105,21,2.4905,0.0015,0,0
415,31415,9.578,107,true,3,111,105,6,0,0,105,19,2.4905,0.0015,0,0
416,31419,4.174,107,false,3,111,105,6,0,0,105,19,2.4905,0.0015,0,0
417,31426,6.949,107,false,3,111,105,6,0,0,105,19,2.4905,0.0015,0,0
418,31435,9.074,108,true,2,112,106,6,0,0,106,19,2.3341,0.0016,0,0
419,31440,4.712,108,false,2,112,106,6,0,0,106,19,2.3341,0.0016,0,0
420,31446,6.871,108,false,2,112,106,6,0,0,106,19,2.3341,0.0016,0,0
421,31453,6.904,108,false,2,113,106,7,0,0,107,19,4.1741,0.0022,0,0
422,31461,8.278,109,true,2,113,107,6,0,0,107,50,4.1741,0.0022,0,0
423,31467,5.823,109,false,2,113,107,6,0,0,107,50,4.1741,0.0022,0,0
424,31474,6.637,109,false,2,113,107,6,0,0,107,50,4.1741,0.0022,0,0
425,31483,8.868,110,true,3,114,108,6,0,0,108,50,2.1687,0.0015,0,0
426,31488,4.926,110,false,3,114,108,6,0,0,108,50,2.1687,0.0015,0,0
427,31495,6.866,110,false,3,114,108,6,0,0,108,50,2.1687,0.0015,0,0
428,31502,6.902,110,false,3,115,108,7,0,0,109,50,2.1687,0.0015,0,0
429,31510,8.057,111,true,3,115,109,6,0,0,109,20,2.6757,0.0022,0,0
430,31515,5.741,111,false,3,115,109,6,0,0,109,20,2.6757,0.0022,0,0
431,31522,6.951,111,false,3,115,109,6,0,0,109,20,2.6757,0.0022,0,0
432,31529,6.85,111,false,3,116,109,7,0,0,110,20,2.4547,0.0015,0,0
433,31537,7.936,112,true,2,116,110,6,0,0,110,17,2.4547,0.0015,0,0
434,31543,5.891,112,false,2,116,110,6,0,0,110,17,2.4547,0.0015,0,0
435,31550,6.875,112,false,2,116,110,6,0,0,111,17,2.4547,0.0015,0,0
436,31563,12.826,113,true,4,117,111,6,0,0,111,17,3.5633,0.0029,0,0
437,31565,2.03,113,false,4,117,111,6,0,0,111,17,3.5633,0.0029,0,0
438,31571,5.845,113,false,4,117,111,6,0,0,111,17,3.5633,0.0029,0,0
439,31578,6.93,113,false,4,118,111,7,0,0,112,17,3.5633,0.0029,0,0
440,31588,10.087,114,true,3,118,112,6,0,0,112,23,2.7544,0.0023,0,0
441,31591,3.699,114,false,3,118,112,6,0,0,112,23,2.7544,0.0023,0,0
442,31598,6.878,114,false,3,118,112,6,0,0,112,23,2.7544,0.0023,0,0
443,31606,6.984,114,false,3,119,112,7,0,0,113,23,3.4445,0.0023,0,0
444,31616,10.777,115,true,3,119,113,6,0,0,113,31,3.4445,0.0023,0,0
445,31619,2.927,115,false,3,119,113,6,0,0,113,31,3.4445,0.0023,0,0
446,31626,6.944,115,false,3,119,113,6,0,0,113,31,3.4445,0.0023,0,0
447,31636,10.327,116,true,3,120,114,6,0,0,114,31,2.5905,0.0019,0,0
448,31640,3.467,116,false,3,120,114,6,0,0,114,31,2.5905,0.0019,0,0
449,31647,7.624,116,false,3,121,114,7,0,0,114,31,2.5905,0.0019,0,0
450,31653,6.165,116,false,3,121,114,7,0,0,115,25,2.5905,0.0019,0,0
451,31662,8.739,117,true,3,121,115,6,0,0,115,19,3.7002,0.002,0,0
452,31667,5.053,117,false,3,121,115,6,0,0,115,19,3.7002,0.002,0,0
453,31674,6.924,117,false,3,121,115,6,0,0,115,19,3.7002,0.002,0,0
454,31681,6.87,117,false,3,122,115,7,0,0,116,19,3.7002,0.002,0,0
455,31690,9.274,118,true,3,122,116,6,0,0,116,68,2.6319,0.002,0,0
456,31695,4.542,118,false,3,122,116,6,0,0,116,68,2.6319,0.002,0,0
457,31702,6.884,118,false,3,122,116,6,0,0,116,68,2.6319,0.002,0,0
458,31709,6.953,118,false,3,123,116,7,0,0,117,68,2.4183,0.002,0,0
459,31717,8.445,119,true,3,123,117,6,0,0,117,22,2.4183,0.002,0,0
460,31723,5.358,119,false,3,123,117,6,0,0,117,22,2.4183,0.002,0,0
461,31729,6.838,119,false,3,123,117,6,0,0,117,22,2.4183,0.002,0,0
462,31736,6.903,119,false,3,124,117,7,0,0,118,22,2.5673,0.0016,0,0
463,31746,9.349,120,true,3,124,118,6,0,0,118,19,2.5673,0.0016,0,0
464,31750,4.449,120,false,3,124,118,6,0,0,118,19,2.5673,0.0016,0,0
465,31757,6.966,120,false,3,124,118,6,0,0,119,19,2.5673,0.0016,0,0
466,31769,11.704,121,true,3,125,119,6,0,0,119,19,4.111,0.0023,0,0
467,31771,2.037,121,false,3,125,119,6,0,0,119,19,4.111,0.0023,0,0
468,31778,6.932,121,false,3,125,119,6,0,0,119,19,4.111,0.0023,0,0
469,31784,6.861,121,false,3,126,119,7,0,0,120,19,4.111,0.0023,0,0
470,31794,9.416,122,true,3,126,120,6,0,0,120,19,2.4338,0.0024,0,0
471,31798,4.379,122,false,3,126,120,6,0,0,120,19,2.4338,0.0024,0,0
472,31805,6.945,122,false,3,126,120,6,0,0,120,19,2.4338,0.0024,0,0
473,31815,9.793,123,true,3,127,121,6,0,0,121,19,2.4926,0.0014,0,0
474,31819,3.971,123,false,3,127,121,6,0,0,121,19,2.4926,0.0014,0,0
475,31826,6.938,123,false,3,127,121,6,0,0,121,19,2.4926,0.0014,0,0
476,31833,6.861,123,false,3,128,121,7,0,0,121,19,2.4926,0.0014,0,0
477,31843,10.121,124,true,3,128,122,6,0,0,122,26,2.5707,0.0018,0,0
478,31847,3.678,124,false,3,128,122,6,0,0,122,26,2.5707,0.0018,0,0
479,31854,6.956,124,false,3,128,122,6,0,0,122,26,2.5707,0.0018,0,0
480,31861,6.878,124,false,3,129,122,7,0,0,123,26,2.5707,0.0018,0,0
481,31871,10.291,125,true,3,129,123,6,0,0,123,24,3.6882,0.0023,0,0
482,31874,3.492,125,false,3,129,123,6,0,0,123,24,3.6882,0.0023,0,0
483,31881,6.912,125,false,3,129,123,6,0,0,123,24,3.6882,0.0023,0,0
484,31890,9.446,126,true,3,130,124,6,0,0,124,24,2.4083,0.0011,0,0
485,31895,4.314,126,false,3,130,124,6,0,0,124,24,2.4083,0.0011,0,0
486,31902,6.915,126,false,3,131,124,7,0,0,124,24,2.4083,0.0011,0,0
487,31909,6.936,126,false,3,131,124,7,0,0,125,26,2.4083,0.0011,0,0
488,31921,12.101,127,true,3,131,125,6,0,0,125,24,2.7618,0.0014,0,0
489,31923,2.029,127,false,3,131,125,6,0,0,125,24,2.7618,0.0014,0,0
490,31930,6.555,127,false,3,131,125,6,0,0,125,24,2.7618,0.0014,0,0
491,31936,6.867,127,false,3,132,125,7,0,0,125,24,2.7618,0.0014,0,0
492,31943,6.952,127,false,3,132,125,7,0,0,126,31,2.747,0.002,0,0
493,31954,10.391,128,true,3,132,126,6,0,0,126,24,2.747,0.002,0,0
494,31958,3.396,128,false,3,132,126,6,0,0,126,24,2.747,0.002,0,0
495,31964,6.869,128,false,3,132,126,6,0,0,126,24,2.747,0.002,0,0
496,31977,13.576,129,true,4,133,127,6,0,0,127,24,4.7399,0.0023,0,0
497,31979,1.785,129,false,4,133,127,6,0,0,127,24,4.7399,0.0023,0,0
498,31985,5.354,129,false,4,133,127,6,0,0,127,24,4.7399,0.0023,0,0
499,31992,6.932,129,false,4,134,127,7,0,0,127,24,4.7399,0.0023,0,0
500,31998,6.845,129,false,4,134,127,7,0,0,127,30,4.7399,0.0023,0,0
501,32007,9.077,130,true,2,134,128,6,0,0,128,17,2.6967,0.0023,0,0
502,32012,4.728,130,false,2,134,128,6,0,0,128,17,2.6967,0.0023,0,0
503,32019,6.911,130,false,2,134,128,6,0,0,128,17,2.6967,0.0023,0,0
504,32026,6.933,130,false,2,135,128,7,0,0,129,17,2.6967,0.0023,0,0
505,32036,9.777,131,true,3,135,129,6,0,0,129,41,2.6888,0.0015,0,0
506,32040,4.066,131,false,3,135,129,6,0,0,129,41,2.6888,0.0015,0,0
507,32047,6.823,131,false,3,135,129,6,0,0,129,41,2.6888,0.0015,0,0
508,32054,6.968,131,false,3,136,129,7,0,0,130,41,2.6888,0.0015,0,0
509,32065,11.721,132,true,3,136,130,6,0,0,130,19,3.4441,0.0024,0,0
510,32068,2.396,132,false,3,136,130,6,0,0,130,19,3.4441,0.0024,0,0
511,32075,6.577,132,false,3,136,130,6,0,0,130,19,3.4441,0.0024,0,0
512,32082,6.85,132,false,3,137,130,7,0,0,130,19,3.4441,0.0024,0,0
513,32088,6.926,132,false,3,137,130,7,0,0,131,59,3.4441,0.0024,0,0
514,32103,13.942,133,true,4,137,131,6,0,0,131,28,6.0527,0.0034,0,0
515,32106,3.975,133,false,4,137,131,6,0,0,131,28,6.0527,0.0034,0,0
516,32109,2.962,133,false,4,137,131,6,0,0,131,28,6.0527,0.0034,0,0
517,32116,6.862,133,false,4,138,131,7,0,0,131,28,6.0527,0.0034,0,0
518,32123,6.963,133,false,4,138,131,7,0,0,132,32,3.5139,0.0034,0,0
519,32139,15.92,134,true,4,138,132,6,0,0,132,29,3.5139,0.0034,0,0
520,32142,2.9,134,false,4,138,132,6,0,0,132,29,3.5139,0.0034,0,0
521,32146,3.998,134,false,4,139,132,7,0,0,132,29,3.5139,0.0034,0,0
522,32153,6.909,134,false,4,139,132,7,0,0,132,29,3.5139,0.0034,0,0
523,32160,6.965,134,false,4,139,132,7,0,0,133,65,2.2024,0.0014,0,0
524,32175,15.278,135,true,5,139,133,6,0,0,133,35,2.2024,0.0014,0,0
525,32177,2.47,135,false,5,139,133,6,0,0,133,35,2.2024,0.0014,0,0
526,32182,4.433,135,false,5,139,133,6,0,0,133,35,2.2024,0.0014,0,0
527,32189,6.912,135,false,5,140,133,7,0,0,134,35,3.6634,0.0025,0,0
528,32203,14.596,136,true,4,140,134,6,0,0,134,28,3.6634,0.0025,0,0
529,32206,2.385,136,false,4,140,134,6,0,0,134,28,3.6634,0.0025,0,0
530,32210,4.531,136,false,4,140,134,6,0,0,134,28,3.6634,0.0025,0,0
531,32217,6.851,136,false,4,141,134,7,0,0,134,28,3.6634,0.0025,0,0
532,32224,6.943,136,false,4,141,134,7,0,0,135,34,3.6634,0.0025,0,0
533,32242,18.006,137,true,5,141,135,6,0,0,135,36,3.826,0.0027,0,0
534,32245,3.051,137,false,5,141,135,6,0,0,135,36,3.826,0.0027,0,0
535,32249,3.853,137,false,5,141,135,6,0,0,135,36,3.826,0.0027,0,0
536,32256,6.91,137,false,5,142,135,7,0,0,135,36,3.826,0.0027,0,0
537,32263,6.941,137,false,5,142,135,7,0,0,136,38,2.6019,0.0025,0,0
538,32275,12.063,138,true,4,142,136,6,0,0,136,39,2.6019,0.0025,0,0
539,32277,2.039,138,false,4,142,136,6,0,0,136,39,2.6019,0.0025,0,0
540,32283,6.552,138,false,4,143,136,7,0,0,136,39,2.6019,0.0025,0,0
541,32290,6.94,138,false,4,143,136,7,0,0,137,30,2.6019,0.0025,0,0
542,32302,11.546,139,true,4,143,137,6,0,0,137,27,2.5881,0.0013,0,0
543,32304,2.239,139,false,4,143,137,6,0,0,137,27,2.5881,0.0013,0,0
544,32311,6.884,139,false,4,143,137,6,0,0,137,27,2.5881,0.0013,0,0
545,32318,6.894,139,false,4,144,137,7,0,0,138,27,2.5881,0.0013,0,0
546,32328,10.552,140,true,3,144,138,6,0,0,138,21,3.4689,0.0027,0,0
547,32332,3.235,140,false,3,144,138,6,0,0,138,21,3.4689,0.0027,0,0
548,32339,6.962,140,false,3,144,138,6,0,0,138,21,3.4689,0.0027,0,0
549,32346,6.852,140,false,3,145,138,7,0,0,138,21,3.4689,0.0027,0,0
550,32353,6.951,140,false,3,145,138,7,0,0,139,38,3.4689,0.0027,0,0
551,32365,12.619,141,true,4,145,139,6,0,0,139,31,4.2218,0.003,0,0
552,32367,2.157,141,false,4,145,139,6,0,0,139,31,4.2218,0.003,0,0
553,32373,5.914,141,false,4,146,139,7,0,0,139,31,4.2218,0.003,0,0
554,32380,6.869,141,false,4,146,139,7,0,0,139,31,4.2218,0.003,0,0
555,32387,6.916,141,false,4,146,139,7,0,0,140,21,2.9748,0.0021,0,0
556,32406,19.212,142,true,9,146,140,6,0,0,140,21,2.9748,0.0021,0,0
557,32408,2.139,142,false,9,146,140,6,0,0,140,21,2.9748,0.0021,0,0
558,32413,4.762,142,false,9,146,140,6,0,0,140,21,2.9748,0.0021,0,0
559,32423,9.589,143,true,3,147,141,6,0,0,141,21,2.5295,0.0021,0,0
560,32427,4.215,143,false,3,147,141,6,0,0,141,21,2.5295,0.0021,0,0
561,32434,6.907,143,false,3,147,141,6,0,0,141,21,2.5295,0.0021,0,0
562,32441,6.934,143,false,3,148,141,7,0,0,142,21,2.5295,0.0021,0,0
563,32452,11.013,144,true,4,148,142,6,0,0,142,26,3.6398,0.0017,0,0
564,32455,2.765,144,false,4,148,142,6,0,0,142,26,3.6398,0.0017,0,0
565,32461,6.882,144,false,4,148,142,6,0,0,142,26,3.6398,0.0017,0,0
566,32468,6.965,144,false,4,149,142,7,0,0,142,26,3.6398,0.0017,0,0
567,32482,13.59,145,true,4,149,143,6,0,0,143,36,4.5185,0.0024,0,0
568,32485,3,145,false,4,149,143,6,0,0,143,36,4.5185,0.0024,0,0
569,32489,4.047,145,false,4,150,143,7,0,0,143,36,4.5185,0.0024,0,0
570,32496,6.904,145,false,4,150,143,7,0,0,143,27,4.5185,0.0024,0,0
571,32503,6.952,145,false,4,150,143,7,0,0,143,388,4.5185,0.0024,0,0
572,32510,6.843,145,false,4,150,143,7,0,0,144,22,2.3958,0.0015,0,0
573,32519,9.73,146,true,2,150,144,6,0,0,144,23,2.3958,0.0015,0,0
574,32523,4.059,146,false,2,150,144,6,0,0,144,23,2.3958,0.0015,0,0
575,32530,6.981,146,false,2,150,144,6,0,0,145,23,2.3958,0.0015,0,0
576,32541,10.784,147,true,3,151,145,6,0,0,145,23,2.3478,0.0184,0,0
577,32544,2.934,147,false,3,151,145,6,0,0,145,23,2.3478,0.0184,0,0
578,32551,6.963,147,false,3,151,145,6,0,0,145,23,2.3478,0.0184,0,0
579,32558,6.853,147,false,3,152,145,7,0,0,146,23,2.3478,0.0184,0,0
580,32567,8.976,148,true,2,152,146,6,0,0,146,21,2.6551,0.0018,0,0
581,32572,4.811,148,false,2,152,146,6,0,0,146,21,2.6551,0.0018,0,0
582,32579,6.959,148,false,2,152,146,6,0,0,146,21,2.6551,0.0018,0,0
583,32589,10.211,149,true,3,153,147,6,0,0,147,21,3.2824,0.0013,0,0
584,32592,3.53,149,false,3,153,147,6,0,0,147,21,3.2824,0.0013,0,0
585,32599,6.952,149,false,3,153,147,6,0,0,147,21,3.2824,0.0013,0,0
586,32606,6.87,149,false,3,154,147,7,0,0,147,21,3.2824,0.0013,0,0
587,32613,6.941,149,false,3,154,147,7,0,0,148,38,3.2824,0.0013,0,0
588,32627,13.593,150,true,5,154,148,6,0,0,148,19,3.4904,0.0025,0,0
589,32629,2.647,150,false,5,154,148,6,0,0,148,19,3.4904,0.0025,0,0
590,32634,4.398,150,false,5,155,148,7,0,0,148,19,3.4904,0.0025,0,0
591,32641,6.914,150,false,5,155,148,7,0,0,149,32,3.4904,0.0025,0,0
592,32650,9.284,151,true,3,155,149,6,0,0,149,25,3.7909,0.0021,0,0
593,32655,4.509,151,false,3,155,149,6,0,0,149,25,3.7909,0.0021,0,0
594,32662,6.993,151,false,3,155,149,6,0,0,149,25,3.7909,0.0021,0,0
595,32668,6.813,151,false,3,156,149,7,0,0,149,25,3.7909,0.0021,0,0
596,32675,6.933,151,false,3,156,149,7,0,0,150,21,3.7909,0.0021,0,0
597,32687,11.957,152,true,4,156,150,6,0,0,150,20,2.4986,0.0015,0,0
598,32689,2.201,152,false,4,156,150,6,0,0,150,20,2.4986,0.0015,0,0
599,32696,6.581,152,false,4,156,150,6,0,0,150,20,2.4986,0.0015,0,0
600,32703,6.836,152,false,4,157,150,7,0,0,151,20,2.4986,0.0015,0,0
601,32715,12.305,153,true,3,157,151,6,0,0,151,21,2.7107,0.0017,0,0
602,32717,1.572,153,false,3,157,151,6,0,0,151,21,2.7107,0.0017,0,0
603,32723,6.819,153,false,3,157,151,6,0,0,151,21,2.7107,0.0017,0,0
604,32732,6.948,153,false,3,158,151,7,0,0,151,21,2.7107,0.0017,0,0
605,32745,14.294,154,true,5,158,152,6,0,0,152,32,4.4852,0.0029,0,0
606,32747,2.443,154,false,5,158,152,6,0,0,152,32,4.4852,0.0029,0,0
607,32752,4.479,154,false,5,158,152,6,0,0,152,32,4.4852,0.0029,0,0
608,32759,6.92,154,false,5,159,152,7,0,0,152,32,4.4852,0.0029,0,0
609,32766,6.867,154,false,5,159,152,7,0,0,153,29,4.4852,0.0029,0,0
610,32776,10.9,155,true,4,159,153,6,0,0,153,32,2.6569,0.0022,0,0
611,32779,2.938,155,false,4,159,153,6,0,0,153,32,2.6569,0.0022,0,0
612,32787,6.893,155,false,4,159,153,6,0,0,153,32,2.6569,0.0022,0,0
613,32794,6.94,155,false,4,160,153,7,0,0,154,32,2.6569,0.0022,0,0
614,32804,11.189,156,true,3,160,154,6,0,0,154,33,3.1293,0.003,0,0
615,32807,2.522,156,false,3,160,154,6,0,0,154,33,3.1293,0.003,0,0
616,32814,7.026,156,false,3,160,154,6,0,0,154,33,3.1293,0.003,0,0
617,32821,6.788,156,false,3,161,154,7,0,0,154,33,3.1293,0.003,0,0
618,32828,6.956,156,false,3,161,154,7,0,0,155,21,4.9435,0.002,0,0
619,32837,9.433,157,true,3,161,155,6,0,0,155,64,4.9435,0.002,0,0
620,32842,4.372,157,false,3,161,155,6,0,0,155,64,4.9435,0.002,0,0
621,32848,6.831,157,false,3,162,155,7,0,0,155,64,4.9435,0.002,0,0
622,32855,6.909,157,false,3,162,155,7,0,0,156,59,2.1591,0.0016,0,0
623,32864,9.287,158,true,3,162,156,6,0,0,156,50,2.1591,0.0016,0,0
624,32869,4.511,158,false,3,162,156,6,0,0,156,50,2.1591,0.0016,0,0
625,32876,6.977,158,false,3,162,156,6,0,0,156,50,2.1591,0.0016,0,0
626,32885,9.4,159,true,2,163,157,6,0,0,157,50,2.3457,0.0013,0,0
627,32890,4.318,159,false,2,163,157,6,0,0,157,50,2.3457,0.0013,0,0
628,32897,6.948,159,false,2,163,157,6,0,0,157,50,2.3457,0.0013,0,0
629,32903,6.858,159,false,2,164,157,7,0,0,158,50,2.3457,0.0013,0,0
630,32912,8.118,160,true,2,164,158,6,0,0,158,19,2.9352,0.0018,0,0
631,32917,5.682,160,false,2,164,158,6,0,0,158,19,2.9352,0.0018,0,0
632,32924,6.9,160,false,2,164,158,6,0,0,158,19,2.9352,0.0018,0,0
633,32931,6.957,160,false,2,165,158,7,0,0,158,19,2.9352,0.0018,0,0
634,32940,8.543,161,true,2,165,159,6,0,0,159,29,2.5932,0.0015,0,0
635,32945,5.266,161,false,2,165,159,6,0,0,159,29,2.5932,0.0015,0,0
636,32952,6.833,161,false,2,165,159,6,0,0,159,29,2.5932,0.0015,0,0
637,32959,6.899,161,false,2,166,159,7,0,0,160,29,2.5932,0.0015,0,0
638,32968,9.478,162,true,2,166,160,6,0,0,160,19,2.5565,0.0025,0,0
639,32972,4.32,162,false,2,166,160,6,0,0,160,19,2.5565,0.0025,0,0
640,32979,6.985,162,false,2,166,160,6,0,0,160,19,2.5565,0.0025,0,0
641,32992,12.367,163,true,3,167,161,6,0,0,161,19,4.3436,0.0033,0,0
642,32993,1.795,163,false,3,167,161,6,0,0,161,19,4.3436,0.0033,0,0
643,33000,6.568,163,false,3,167,161,6,0,0,161,19,4.3436,0.0033,0,0
644,33007,6.784,163,false,3,168,161,7,0,0,161,19,4.3436,0.0033,0,0
645,33014,6.963,163,false,3,168,161,7,0,0,162,24,4.3436,0.0033,0,0
646,33024,10.271,164,true,3,168,162,6,0,0,162,35,3.2861,0.0023,0,0
647,33028,3.468,164,false,3,168,162,6,0,0,162,35,3.2861,0.0023,0,0
648,33035,6.952,164,false,3,168,162,6,0,0,162,35,3.2861,0.0023,0,0
649,33041,6.856,164,false,3,169,162,7,0,0,163,35,3.2861,0.0023,0,0
650,33051,9.761,165,true,3,169,163,6,0,0,163,24,4.1629,0.0025,0,0
651,33055,4.034,165,false,3,169,163,6,0,0,163,24,4.1629,0.0025,0,0
652,33062,6.918,165,false,3,169,163,6,0,0,163,24,4.1629,0.0025,0,0
653,33069,6.966,165,false,3,170,163,7,0,0,164,24,2.7029,0.0016,0,0
654,33078,9.275,166,true,2,170,164,6,0,0,164,24,2.7029,0.0016,0,0
655,33083,4.469,166,false,2,170,164,6,0,0,164,24,2.7029,0.0016,0,0
656,33090,6.88,166,false,2,170,164,6,0,0,164,24,2.7029,0.0016,0,0
657,33099,9.248,167,true,3,171,165,6,0,0,165,24,3.4439,0.0022,0,0
658,33104,4.582,167,false,3,171,165,6,0,0,165,24,3.4439,0.0022,0,0
659,33110,6.867,167,false,3,171,165,6,0,0,165,24,3.4439,0.0022,0,0
660,33117,6.937,167,false,3,172,165,7,0,0,165,24,3.4439,0.0022,0,0
661,33125,8.154,168,true,2,172,166,6,0,0,166,33,2.4189,0.0018,0,0
662,33131,5.602,168,false,2,172,166,6,0,0,166,33,2.4189,0.0018,0,0
663,33138,6.937,168,false,2,172,166,6,0,0,166,33,2.4189,0.0018,0,0
664,33145,6.86,168,false,2,173,166,7,0,0,166,33,2.4189,0.0018,0,0
665,33162,16.786,169,true,8,173,167,6,0,0,167,37,5.0111,0.0031,0,0
666,33164,1.868,169,false,8,173,167,6,0,0,167,37,5.0111,0.0031,0,0
667,33169,5.024,169,false,8,173,167,6,0,0,167,37,5.0111,0.0031,0,0
668,33175,6.927,169,false,8,174,167,7,0,0,167,37,5.0111,0.0031,0,0
669,33186,9.963,170,true,3,174,168,6,0,0,168,27,2.2767,0.0014,0,0
670,33189,3.839,170,false,3,174,168,6,0,0,168,27,2.2767,0.0014,0,0
671,33196,6.872,170,false,3,174,168,6,0,0,168,27,2.2767,0.0014,0,0
672,33203,6.955,170,false,3,175,168,7,0,0,168,27,2.2767,0.0014,0,0
673,33214,10.565,171,true,3,175,169,6,0,0,169,24,3.4108,0.0027,0,0
674,33217,3.168,171,false,3,175,169,6,0,0,169,24,3.4108,0.0027,0,0
675,33224,6.946,171,false,3,175,169,6,0,0,169,24,3.4108,0.0027,0,0
676,33231,6.859,171,false,3,176,169,7,0,0,169,24,3.4108,0.0027,0,0
677,33241,10.145,172,true,2,176,170,6,0,0,170,32,2.8845,0.0022,0,0
678,33244,3.652,172,false,2,176,170,6,0,0,170,32,2.8845,0.0022,0,0
679,33252,6.911,172,false,2,176,170,6,0,0,170,32,2.8845,0.0022,0,0
680,33258,6.948,172,false,2,177,170,7,0,0,171,32,2.8845,0.0022,0,0
681,33268,9.444,173,true,3,177,171,6,0,0,171,30,2.9027,0.0017,0,0
682,33272,4.341,173,false,3,177,171,6,0,0,171,30,2.9027,0.0017,0,0
683,33279,6.863,173,false,3,177,171,6,0,0,171,30,2.9027,0.0017,0,0
684,33290,10.646,174,true,3,178,172,6,0,0,172,30,2.6453,0.0014,0,0
685,33293,3.177,174,false,3,178,172,6,0,0,172,30,2.6453,0.0014,0,0
686,33300,6.875,174,false,3,178,172,6,0,0,172,30,2.6453,0.0014,0,0
687,33307,6.959,174,false,3,179,172,7,0,0,172,30,2.6453,0.0014,0,0
688,33316,9.035,175,true,3,179,173,6,0,0,173,33,3.7224,0.0021,0,0
689,33320,4.743,175,false,3,179,173,6,0,0,173,33,3.7224,0.0021,0,0
690,33327,6.932,175,false,3,179,173,6,0,0,173,33,3.7224,0.0021,0,0
691,33334,6.835,175,false,3,180,173,7,0,0,173,33,3.7224,0.0021,0,0
692,33344,9.341,176,true,2,180,174,6,0,0,174,29,2.294,0.0015,0,0
693,33348,4.456,176,false,2,180,174,6,0,0,174,29,2.294,0.0015,0,0
694,33355,6.957,176,false,2,181,174,7,0,0,174,29,2.294,0.0015,0,0
695,33362,6.856,176,false,2,181,174,7,0,0,175,23,2.294,0.0015,0,0
696,33370,8.607,177,true,2,181,175,6,0,0,175,27,2.4415,0.0017,0,0
697,33376,5.226,177,false,2,181,175,6,0,0,175,27,2.4415,0.0017,0,0
698,33382,6.855,177,false,2,181,175,6,0,0,175,27,2.4415,0.0017,0,0
699,33390,6.961,177,false,2,182,175,7,0,0,176,27,2.2517,0.0016,0,0
700,33398,8.623,178,true,3,182,176,6,0,0,176,22,2.2517,0.0016,0,0
701,33403,5.139,178,false,3,182,176,6,0,0,176,22,2.2517,0.0016,0,0
702,33410,6.875,178,false,3,182,176,6,0,0,176,22,2.2517,0.0016,0,0
703,33429,19.137,179,true,4,183,177,6,0,0,177,22,2.2324,0.0025,0,0
704,33431,1.697,179,false,4,183,177,6,0,0,177,22,2.2324,0.0025,0,0
705,33436,5.211,179,false,4,183,177,6,0,0,177,22,2.2324,0.0025,0,0
706,33443,6.945,179,false,4,184,177,7,0,0,178,22,2.5555,0.0019,0,0
707,33451,7.85,180,true,2,184,178,6,0,0,178,19,2.5555,0.0019,0,0
708,33457,5.908,180,false,2,184,178,6,0,0,178,19,2.5555,0.0019,0,0
709,33464,6.984,180,false,2,184,178,6,0,0,178,19,2.5555,0.0019,0,0
710,33471,6.813,180,false,2,185,178,7,0,0,179,19,2.5555,0.0019,0,0
711,33484,13.045,181,true,3,185,179,6,0,0,179,20,5.3418,0.0029,0,0
712,33486,2.035,181,false,3,185,179,6,0,0,179,20,5.3418,0.0029,0,0
713,33492,5.667,181,false,3,185,179,6,0,0,179,20,5.3418,0.0029,0,0
714,33498,6.858,181,false,3,186,179,7,0,0,179,20,5.3418,0.0029,0,0
715,33508,9.597,182,true,3,186,180,6,0,0,180,18,3.5098,0.0022,0,0
716,33512,4.282,182,false,3,186,180,6,0,0,180,18,3.5098,0.0022,0,0
717,33519,6.828,182,false,3,186,180,6,0,0,180,18,3.5098,0.0022,0,0
718,33526,6.923,182,false,3,187,180,7,0,0,180,18,3.5098,0.0022,0,0
719,33533,6.865,182,false,3,187,180,7,0,0,181,31,3.5098,0.0022,0,0
720,33541,8.305,183,true,2,187,181,6,0,0,181,40,3.2561,0.0016,0,0
721,33547,5.54,183,false,2,187,181,6,0,0,181,40,3.2561,0.0016,0,0
722,33554,6.86,183,false,2,187,181,6,0,0,181,40,3.2561,0.0016,0,0
723,33561,7.144,183,false,2,188,181,7,0,0,182,40,3.2561,0.0016,0,0
724,33570,9.407,184,true,2,188,182,6,0,0,182,18,2.3484,0.0012,0,0
725,33574,4.181,184,false,2,188,182,6,0,0,182,18,2.3484,0.0012,0,0
726,33581,6.877,184,false,2,188,182,6,0,0,182,18,2.3484,0.0012,0,0
727,33588,6.887,184,false,2,189,182,7,0,0,183,18,2.5512,0.0018,0,0
728,33598,10.013,185,true,2,189,183,6,0,0,183,28,2.5512,0.0018,0,0
729,33602,3.789,185,false,2,189,183,6,0,0,183,28,2.5512,0.0018,0,0
730,33609,6.944,185,false,2,190,183,7,0,0,183,28,2.5512,0.0018,0,0
731,33622,13.093,186,true,4,190,184,6,0,0,184,38,3.3193,0.0019,0,0
732,33624,2.145,186,false,4,190,184,6,0,0,184,38,3.3193,0.0019,0,0
733,33630,5.492,186,false,4,190,184,6,0,0,184,38,3.3193,0.0019,0,0
734,33636,6.814,186,false,4,191,184,7,0,0,184,38,3.3193,0.0019,0,0
735,33643,7,186,false,4,191,184,7,0,0,185,19,3.3193,0.0019,0,0
736,33655,11.89,187,true,4,191,185,6,0,0,185,21,3.5518,0.0031,0,0
737,33657,1.863,187,false,4,191,185,6,0,0,185,21,3.5518,0.0031,0,0
738,33664,6.863,187,false,4,191,185,6,0,0,185,21,3.5518,0.0031,0,0
739,33675,10.527,188,true,2,192,186,6,0,0,186,21,2.2756,0.0017,0,0
740,33678,3.293,188,false,2,192,186,6,0,0,186,21,2.2756,0.0017,0,0
741,33685,6.873,188,false,2,192,186,6,0,0,186,21,2.2756,0.0017,0,0
742,33692,6.948,188,false,2,193,186,7,0,0,187,21,2.2756,0.0017,0,0
743,33701,9.254,189,true,3,193,187,6,0,0,187,20,3.6983,0.0026,0,0
744,33705,4.505,189,false,3,193,187,6,0,0,187,20,3.6983,0.0026,0,0
745,33712,6.938,189,false,3,193,187,6,0,0,187,20,3.6983,0.0026,0,0
746,33719,6.861,189,false,3,194,187,7,0,0,187,20,3.6983,0.0026,0,0
747,33728,9.134,190,true,3,194,188,6,0,0,188,26,2.1826,0.0019,0,0
748,33733,4.665,190,false,3,194,188,6,0,0,188,26,2.1826,0.0019,0,0
749,33740,6.938,190,false,3,194,188,6,0,0,188,26,2.1826,0.0019,0,0
750,33747,6.857,190,false,3,195,188,7,0,0,189,26,2.3453,0.0024,0,0
751,33756,9.285,191,true,3,195,189,6,0,0,189,24,2.3453,0.0024,0,0
752,33760,4.549,191,false,3,195,189,6,0,0,189,24,2.3453,0.0024,0,0
753,33767,6.873,191,false,3,195,189,6,0,0,189,24,2.3453,0.0024,0,0
754,33776,9.082,192,true,2,196,190,6,0,0,190,24,2.4632,0.0022,0,0
755,33781,4.713,192,false,2,196,190,6,0,0,190,24,2.4632,0.0022,0,0
756,33789,6.91,192,false,2,196,190,6,0,0,190,24,2.4632,0.0022,0,0
757,33795,6.938,192,false,2,197,190,7,0,0,191,24,2.4632,0.0022,0,0
758,33804,9.38,193,true,3,197,191,6,0,0,191,30,3.3394,0.0016,0,0
759,33809,4.42,193,false,3,197,191,6,0,0,191,30,3.3394,0.0016,0,0
760,33817,6.857,193,false,3,198,191,7,0,0,191,30,3.3394,0.0016,0,0
761,33823,6.925,193,false,3,198,191,7,0,0,192,27,2.1925,0.0018,0,0
762,33832,9.956,194,true,3,198,192,6,0,0,192,25,2.1925,0.0018,0,0
763,33836,3.808,194,false,3,198,192,6,0,0,192,25,2.1925,0.0018,0,0
764,33843,6.943,194,false,3,198,192,6,0,0,192,25,2.1925,0.0018,0,0
765,33850,6.867,194,false,3,199,192,7,0,0,193,25,2.5518,0.0022,0,0
766,33859,8.946,195,true,3,199,193,6,0,0,193,26,2.5518,0.0022,0,0
767,33864,4.849,195,false,3,199,193,6,0,0,193,26,2.5518,0.0022,0,0
768,33871,6.911,195,false,3,199,193,6,0,0,193,26,2.5518,0.0022,0,0
769,33878,6.967,195,false,3,200,193,7,0,0,194,26,3.568,0.0028,0,0
770,33889,10.966,196,true,3,200,194,6,0,0,194,28,3.568,0.0028,0,0
771,33892,2.775,196,false,3,200,194,6,0,0,194,28,3.568,0.0028,0,0
772,33899,6.888,196,false,3,200,194,6,0,0,194,28,3.568,0.0028,0,0
773,33911,12.397,197,true,3,201,195,6,0,0,195,28,3.7359,0.0017,0,0
774,33913,2.129,197,false,3,201,195,6,0,0,195,28,3.7359,0.0017,0,0
775,33919,6.168,197,false,3,201,195,6,0,0,195,28,3.7359,0.0017,0,0
776,33926,6.931,197,false,3,202,195,7,0,0,196,28,3.7359,0.0017,0,0
777,33936,9.748,198,true,3,202,196,6,0,0,196,40,2.3067,0.0016,0,0
778,33940,4.124,198,false,3,202,196,6,0,0,196,40,2.3067,0.0016,0,0
779,33948,6.801,198,false,3,202,196,6,0,0,196,40,2.3067,0.0016,0,0
780,33959,11.989,199,true,3,203,197,6,0,0,197,40,3.171,0.0013,0,0
781,33960,1.819,199,false,3,203,197,6,0,0,197,40,3.171,0.0013,0,0
782,33968,6.885,199,false,3,203,197,6,0,0,197,40,3.171,0.0013,0,0
783,33975,6.942,199,false,3,204,197,7,0,0,198,40,3.171,0.0013,0,0
784,33985,10.614,200,true,4,204,198,6,0,0,198,21,2.3289,0.0025,0,0
785,33988,3.176,200,false,4,204,198,6,0,0,198,21,2.3289,0.0025,0,0
786,33995,6.874,200,false,4,204,198,6,0,0,198,21,2.3289,0.0025,0,0
787,34002,6.901,200,false,4,205,198,7,0,0,199,21,2.3289,0.0025,0,0
788,34014,12.159,201,true,4,205,199,6,0,0,199,33,3.5731,0.0024,0,0
789,34016,2.046,201,false,4,205,199,6,0,0,199,33,3.5731,0.0024,0,0
790,34023,6.534,201,false,4,205,199,6,0,0,199,33,3.5731,0.0024,0,0
791,34030,6.854,201,false,4,206,199,7,0,0,200,33,3.5731,0.0024,0,0
792,34041,11.676,202,true,4,206,200,6,0,0,200,33,2.6826,0.0018,0,0
793,34043,2.17,202,false,4,206,200,6,0,0,200,33,2.6826,0.0018,0,0
794,34050,6.861,202,false,4,207,200,7,0,0,200,33,2.6826,0.0018,0,0
795,34058,6.974,202,false,4,207,200,7,0,0,201,30,2.6826,0.0018,0,0
796,34070,12.49,203,true,3,207,201,6,0,0,201,43,3.9686,0.0029,0,0
797,34071,1.538,203,false,3,207,201,6,0,0,201,43,3.9686,0.0029,0,0
798,34078,6.603,203,false,3,207,201,6,0,0,201,43,3.9686,0.0029,0,0
799,34085,6.91,203,false,3,208,201,7,0,0,201,43,3.9686,0.0029,0,0
800,34098,12.923,204,true,3,208,202,6,0,0,202,46,2.5699,0.0015,0,0
801,34099,1.697,204,false,3,208,202,6,0,0,202,46,2.5699,0.0015,0,0
802,34106,6.188,204,false,3,208,202,6,0,0,202,46,2.5699,0.0015,0,0
803,34113,6.791,204,false,3,209,202,7,0,0,202,46,2.5699,0.0015,0,0
804,34120,6.895,204,false,3,209,202,7,0,0,203,35,2.5699,0.0015,0,0
805,34130,10.703,205,true,3,209,203,6,0,0,203,28,5.6072,0.0016,0,0
806,34133,3.078,205,false,3,209,203,6,0,0,203,28,5.6072,0.0016,0,0
807,34140,6.974,205,false,3,209,203,6,0,0,203,28,5.6072,0.0016,0,0
808,34147,6.841,205,false,3,210,203,7,0,0,204,28,5.6072,0.0016,0,0
809,34159,12.144,206,true,4,210,204,6,0,0,204,29,2.9316,0.0014,0,0
810,34161,2.33,206,false,4,210,204,6,0,0,204,29,2.9316,0.0014,0,0
811,34168,6.22,206,false,4,210,204,6,0,0,204,29,2.9316,0.0014,0,0
812,34186,18.085,207,true,3,211,205,6,0,0,205,29,3.1858,0.0021,0,0
813,34188,1.802,207,false,3,211,205,6,0,0,205,29,3.1858,0.0021,0,0
814,34193,5.138,207,false,3,211,205,6,0,0,205,29,3.1858,0.0021,0,0
815,34200,6.849,207,false,3,212,205,7,0,0,206,29,3.1858,0.0021,0,0
816,34212,12.166,208,true,3,212,206,6,0,0,206,27,2.4114,0.002,0,0
817,34214,2.225,208,false,3,212,206,6,0,0,206,27,2.4114,0.002,0,0
818,34220,6.291,208,false,3,212,206,6,0,0,206,27,2.4114,0.002,0,0
819,34228,6.979,208,false,3,213,206,7,0,0,206,27,2.4114,0.002,0,0
820,34239,12.146,209,true,3,213,207,6,0,0,207,36,2.9941,0.0023,0,0
821,34242,2.5,209,false,3,213,207,6,0,0,207,36,2.9941,0.0023,0,0
822,34248,5.978,209,false,3,213,207,6,0,0,207,36,2.9941,0.0023,0,0
823,34255,6.895,209,false,3,214,207,7,0,0,208,36,2.9941,0.0023,0,0
824,34266,10.984,210,true,3,214,208,6,0,0,208,22,2.5482,0.0029,0,0
825,34269,3.125,210,false,3,214,208,6,0,0,208,22,2.5482,0.0029,0,0
826,34275,6.655,210,false,3,215,208,7,0,0,208,22,2.5482,0.0029,0,0
827,34282,6.835,210,false,3,215,208,7,0,0,208,32,2.5482,0.0029,0,0
828,34289,6.922,210,false,3,215,208,7,0,0,209,35,2.5482,0.0029,0,0
829,34301,11.527,211,true,4,215,209,6,0,0,209,30,6.4174,0.0027,0,0
830,34303,2.374,211,false,4,215,209,6,0,0,209,30,6.4174,0.0027,0,0
831,34310,6.863,211,false,4,215,209,6,0,0,209,30,6.4174,0.0027,0,0
832,34317,6.825,211,false,4,216,209,7,0,0,209,30,6.4174,0.0027,0,0
833,34324,6.958,211,false,4,216,209,7,0,0,210,22,2.6112,0.0023,0,0
834,34336,12.559,212,true,5,216,210,6,0,0,210,33,2.6112,0.0023,0,0
835,34339,2.64,212,false,5,216,210,6,0,0,210,33,2.6112,0.0023,0,0
836,34344,5.49,212,false,5,216,210,6,0,0,210,33,2.6112,0.0023,0,0
837,34351,6.857,212,false,5,217,210,7,0,0,211,33,2.6112,0.0023,0,0
838,34361,10.088,213,true,3,217,211,6,0,0,211,31,3.431,0.0027,0,0
839,34365,3.707,213,false,3,217,211,6,0,0,211,31,3.431,0.0027,0,0
840,34372,6.899,213,false,3,217,211,6,0,0,211,31,3.431,0.0027,0,0
841,34379,6.972,213,false,3,218,211,7,0,0,212,31,3.431,0.0027,0,0
842,34390,11.637,214,true,4,218,212,6,0,0,212,42,3.2085,0.0023,0,0
843,34393,2.106,214,false,4,218,212,6,0,0,212,42,3.2085,0.0023,0,0
844,34400,6.907,214,false,4,218,212,6,0,0,212,42,3.2085,0.0023,0,0
845,34406,6.913,214,false,4,219,212,7,0,0,213,42,2.4042,0.0015,0,0
846,34414,7.934,215,true,2,219,213,6,0,0,213,21,2.4042,0.0015,0,0
847,34420,5.835,215,false,2,219,213,6,0,0,213,21,2.4042,0.0015,0,0
848,34427,6.942,215,false,2,219,213,6,0,0,214,21,2.4042,0.0015,0,0
849,34437,9.648,216,true,3,220,214,6,0,0,214,21,2.334,0.0016,0,0
850,34441,4.15,216,false,3,220,214,6,0,0,214,21,2.334,0.0016,0,0
851,34448,6.882,216,false,3,220,214,6,0,0,214,21,2.334,0.0016,0,0
852,34455,6.878,216,false,3,221,214,7,0,0,215,21,2.334,0.0016,0,0
853,34469,14.183,217,true,3,221,215,6,0,0,215,63,4.4378,0.0027,0,0
854,34470,1.53,217,false,3,221,215,6,0,0,215,63,4.4378,0.0027,0,0
855,34476,5.361,217,false,3,221,215,6,0,0,215,63,4.4378,0.0027,0,0
856,34483,6.857,217,false,3,222,215,7,0,0,216,63,4.4378,0.0027,0,0
857,34493,10.37,218,true,3,222,216,6,0,0,216,22,3.004,0.0024,0,0
858,34497,3.423,218,false,3,222,216,6,0,0,216,22,3.004,0.0024,0,0
859,34503,6.909,218,false,3,223,216,7,0,0,216,22,3.004,0.0024,0,0
860,34510,6.955,218,false,3,223,216,7,0,0,216,24,3.004,0.0024,0,0
861,34518,6.851,218,false,3,223,216,7,0,0,217,21,2.3628,0.0026,0,0
862,34527,10.12,219,true,3,223,217,6,0,0,217,24,2.3628,0.0026,0,0
863,34531,3.671,219,false,3,223,217,6,0,0,217,24,2.3628,0.0026,0,0
864,34538,6.909,219,false,3,223,217,6,0,0,217,24,2.3628,0.0026,0,0
865,34545,6.983,219,false,3,224,217,7,0,0,218,24,2.2484,0.0014,0,0
866,34553,8.408,220,true,3,224,218,6,0,0,218,17,2.2484,0.0014,0,0
867,34559,5.367,220,false,3,224,218,6,0,0,218,17,2.2484,0.0014,0,0
868,34565,6.833,220,false,3,224,218,6,0,0,218,17,2.2484,0.0014,0,0
869,34572,6.937,220,false,3,225,218,7,0,0,219,17,3.2712,0.0021,0,0
870,34583,10.274,221,true,3,225,219,6,0,0,219,216,3.2712,0.0021,0,0
871,34586,3.486,221,false,3,225,219,6,0,0,219,216,3.2712,0.0021,0,0
872,34593,6.941,221,false,3,225,219,6,0,0,219,216,3.2712,0.0021,0,0
873,34600,6.859,221,false,3,226,219,7,0,0,220,216,2.7122,0.0019,0,0
874,34607,7.551,222,true,2,226,220,6,0,0,220,96,2.7122,0.0019,0,0
875,34614,6.264,222,false,2,226,220,6,0,0,220,96,2.7122,0.0019,0,0
876,34621,6.903,222,false,2,226,220,6,0,0,220,96,2.7122,0.0019,0,0
877,34628,6.963,222,false,2,227,220,7,0,0,220,96,2.7122,0.0019,0,0
878,34634,6.821,222,false,2,227,220,7,0,0,221,39,2.7122,0.0019,0,0
879,34644,9.277,223,true,3,227,221,6,0,0,221,38,4.7654,0.0025,0,0
880,34648,4.538,223,false,3,227,221,6,0,0,221,38,4.7654,0.0025,0,0
881,34655,6.93,223,false,3,227,221,6,0,0,221,38,4.7654,0.0025,0,0
882,34662,6.857,223,false,3,228,221,7,0,0,222,38,4.7654,0.0025,0,0
883,34672,9.927,224,true,3,228,222,6,0,0,222,19,2.0825,0.0019,0,0
884,34676,3.9,224,false,3,228,222,6,0,0,222,19,2.0825,0.0019,0,0
885,34683,6.87,224,false,3,228,222,6,0,0,222,19,2.0825,0.0019,0,0
886,34690,6.995,224,false,3,229,222,7,0,0,223,19,2.0825,0.0019,0,0
887,34702,12.398,225,true,3,229,223,6,0,0,223,34,2.724,0.0022,0,0
888,34704,1.914,225,false,3,229,223,6,0,0,223,34,2.724,0.0022,0,0
889,34710,6.329,225,false,3,229,223,6,0,0,223,34,2.724,0.0022,0,0
890,34717,6.864,225,false,3,230,223,7,0,0,224,34,2.8321,0.0024,0,0
891,34728,10.786,226,true,4,230,224,6,0,0,224,19,2.8321,0.0024,0,0
892,34731,3.004,226,false,4,230,224,6,0,0,224,19,2.8321,0.0024,0,0
893,34738,6.971,226,false,4,231,224,7,0,0,224,19,2.8321,0.0024,0,0
894,34745,6.845,226,false,4,231,224,7,0,0,224,21,2.8321,0.0024,0,0
895,34752,6.902,226,false,4,231,224,7,0,0,225,34,2.0352,0.0017,0,0
896,34761,8.815,227,true,3,231,225,6,0,0,225,21,2.0352,0.0017,0,0
897,34766,4.979,227,false,3,231,225,6,0,0,225,21,2.0352,0.0017,0,0
898,34773,6.934,227,false,3,231,225,6,0,0,225,21,2.0352,0.0017,0,0
899,34779,6.869,227,false,3,232,225,7,0,0,226,21,3.1894,0.0015,0,0
900,34787,8.223,228,true,2,232,226,6,0,0,226,29,3.1894,0.0015,0,0
901,34793,5.624,228,false,2,232,226,6,0,0,226,29,3.1894,0.0015,0,0
902,34800,6.847,228,false,2,232,226,6,0,0,226,29,3.1894,0.0015,0,0
903,34807,6.939,228,false,2,233,226,7,0,0,227,29,4.4351,0.0015,0,0
904,34815,8.019,229,true,2,233,227,6,0,0,227,264,4.4351,0.0015,0,0
905,34821,5.785,229,false,2,233,227,6,0,0,227,264,4.4351,0.0015,0,0
906,34828,6.862,229,false,2,233,227,6,0,0,228,264,4.4351,0.0015,0,0
907,34838,9.775,230,true,2,234,228,6,0,0,228,264,2.9041,0.0015,0,0
908,34841,4.034,230,false,2,234,228,6,0,0,228,264,2.9041,0.0015,0,0
909,34849,6.9,230,false,2,234,228,6,0,0,228,264,2.9041,0.0015,0,0
910,34855,6.941,230,false,2,235,228,7,0,0,229,264,2.9041,0.0015,0,0
911,34866,10.495,231,true,3,235,229,6,0,0,229,23,2.3356,0.0025,0,0
912,34869,3.245,231,false,3,235,229,6,0,0,229,23,2.3356,0.0025,0,0
913,34876,6.972,231,false,3,235,229,6,0,0,229,23,2.3356,0.0025,0,0
914,34883,6.833,231,false,3,236,229,7,0,0,230,23,2.3356,0.0025,0,0
915,34892,9.204,232,true,3,236,230,6,0,0,230,23,4.1726,0.0018,0,0
916,34897,4.593,232,false,3,236,230,6,0,0,230,23,4.1726,0.0018,0,0
917,34904,6.945,232,false,3,236,230,6,0,0,230,23,4.1726,0.0018,0,0
918,34911,6.859,232,false,3,237,230,7,0,0,231,23,2.3885,0.0019,0,0
919,34920,9.468,233,true,3,237,231,6,0,0,231,18,2.3885,0.0019,0,0
920,34924,4.363,233,false,3,237,231,6,0,0,231,18,2.3885,0.0019,0,0
921,34931,6.873,233,false,3,237,231,6,0,0,232,18,2.3885,0.0019,0,0
922,34946,14.694,234,true,3,238,232,6,0,0,232,18,2.6472,0.002,0,0
923,34947,1.396,234,false,3,238,232,6,0,0,232,18,2.6472,0.002,0,0
924,34953,5.483,234,false,3,238,232,6,0,0,232,18,2.6472,0.002,0,0
925,34960,6.963,234,false,3,239,232,7,0,0,233,18,3.349,0.0016,0,0
926,34970,9.538,235,true,2,239,233,6,0,0,233,19,3.349,0.0016,0,0
927,34974,4.247,235,false,2,239,233,6,0,0,233,19,3.349,0.0016,0,0
928,34981,6.86,235,false,2,240,233,7,0,0,233,19,3.349,0.0016,0,0
929,34990,9.795,236,true,3,240,234,6,0,0,234,28,3.1283,0.0027,0,0
930,34994,4.002,236,false,3,240,234,6,0,0,234,28,3.1283,0.0027,0,0
931,35001,6.932,236,false,3,240,234,6,0,0,234,28,3.1283,0.0027,0,0
932,35008,6.944,236,false,3,241,234,7,0,0,234,28,3.1283,0.0027,0,0
933,35017,9.189,237,true,3,241,235,6,0,0,235,19,3.7424,0.0021,0,0
934,35022,4.571,237,false,3,241,235,6,0,0,235,19,3.7424,0.0021,0,0
935,35029,6.868,237,false,3,241,235,6,0,0,235,19,3.7424,0.0021,0,0
936,35036,6.902,237,false,3,242,235,7,0,0,235,19,3.7424,0.0021,0,0
937,35043,6.946,237,false,3,242,235,7,0,0,236,53,2.7459,0.0025,0,0
938,35056,13.089,238,true,4,242,236,6,0,0,236,36,2.7459,0.0025,0,0
939,35061,4.926,238,false,4,242,236,6,0,0,236,36,2.7459,0.0025,0,0
940,35065,3.67,238,false,4,242,236,6,0,0,236,36,2.7459,0.0025,0,0
941,35070,5.902,238,false,4,243,236,7,0,0,236,36,2.7459,0.0025,0,0
942,35082,11.526,239,true,4,243,237,6,0,0,237,25,3.035,0.0024,0,0
943,35084,2.52,239,false,4,243,237,6,0,0,237,25,3.035,0.0024,0,0
944,35091,6.672,239,false,4,243,237,6,0,0,237,25,3.035,0.0024,0,0
945,35098,6.857,239,false,4,244,237,7,0,0,238,25,3.035,0.0024,0,0
946,35110,11.803,240,true,4,244,238,6,0,0,238,22,2.7282,0.0018,0,0
947,35112,2.103,240,false,4,244,238,6,0,0,238,22,2.7282,0.0018,0,0
948,35119,6.788,240,false,4,244,238,6,0,0,238,22,2.7282,0.0018,0,0
949,35126,6.949,240,false,4,245,238,7,0,0,239,22,2.7282,0.0018,0,0
950,35138,12.645,241,true,4,245,239,6,0,0,239,29,3.2517,0.0019,0,0
951,35140,2.014,241,false,4,245,239,6,0,0,239,29,3.2517,0.0019,0,0
952,35146,5.993,241,false,4,245,239,6,0,0,239,29,3.2517,0.0019,0,0
953,35153,6.949,241,false,4,246,239,7,0,0,240,29,2.4928,0.0035,0,0
954,35162,8.96,242,true,3,246,240,6,0,0,240,20,2.4928,0.0035,0,0
955,35167,4.784,242,false,3,246,240,6,0,0,240,20,2.4928,0.0035,0,0
956,35174,6.952,242,false,3,246,240,6,0,0,240,20,2.4928,0.0035,0,0
957,35180,6.865,242,false,3,247,240,7,0,0,241,20,2.4928,0.0035,0,0
958,35190,9.866,243,true,2,247,241,6,0,0,241,21,3.6862,0.0037,0,0
959,35194,3.913,243,false,2,247,241,6,0,0,241,21,3.6862,0.0037,0,0
960,35201,6.907,243,false,2,248,241,7,0,0,241,21,3.6862,0.0037,0,0
961,35208,6.944,243,false,2,248,241,7,0,0,241,30,3.6862,0.0037,0,0
962,35215,6.861,243,false,2,248,241,7,0,0,242,29,3.6862,0.0037,0,0
963,35226,11.045,244,true,4,248,242,6,0,0,242,30,2.9187,0.0018,0,0
964,35229,2.738,244,false,4,248,242,6,0,0,242,30,2.9187,0.0018,0,0
965,35236,6.954,244,false,4,248,242,6,0,0,242,30,2.9187,0.0018,0,0
966,35243,6.857,244,false,4,249,242,7,0,0,242,30,2.9187,0.0018,0,0
967,35250,6.902,244,false,4,249,242,7,0,0,243,23,2.9187,0.0018,0,0
968,35260,10.863,245,true,4,249,243,6,0,0,243,27,4.5324,0.0026,0,0
969,35263,2.953,245,false,4,249,243,6,0,0,243,27,4.5324,0.0026,0,0
970,35270,6.911,245,false,4,249,243,6,0,0,243,27,4.5324,0.0026,0,0
971,35277,6.867,245,false,4,250,243,7,0,0,244,27,4.5324,0.0026,0,0
972,35289,11.85,246,true,3,250,244,6,0,0,244,20,2.1905,0.0018,0,0
973,35291,1.967,246,false,3,250,244,6,0,0,244,20,2.1905,0.0018,0,0
974,35298,6.879,246,false,3,250,244,6,0,0,244,20,2.1905,0.0018,0,0
975,35305,6.995,246,false,3,251,244,7,0,0,245,20,2.1905,0.0018,0,0
976,35315,9.944,247,true,3,251,245,6,0,0,245,21,3.3747,0.0037,0,0
977,35318,3.783,247,false,3,251,245,6,0,0,245,21,3.3747,0.0037,0,0
978,35327,6.9,247,false,3,251,245,6,0,0,245,21,3.3747,0.0037,0,0
979,35332,6.885,247,false,3,252,245,7,0,0,245,21,3.3747,0.0037,0,0
980,35343,11.262,248,true,3,252,246,6,0,0,246,31,2.6421,0.0029,0,0
981,35346,2.526,248,false,3,252,246,6,0,0,246,31,2.6421,0.0029,0,0
982,35353,6.944,248,false,3,252,246,6,0,0,246,31,2.6421,0.0029,0,0
983,35360,6.869,248,false,3,253,246,7,0,0,246,31,2.6421,0.0029,0,0
984,35370,10.181,249,true,3,253,247,6,0,0,247,71,2.8695,0.0016,0,0
985,35374,3.641,249,false,3,253,247,6,0,0,247,71,2.8695,0.0016,0,0
986,35381,6.879,249,false,3,253,247,6,0,0,247,71,2.8695,0.0016,0,0
987,35388,6.944,249,false,3,254,247,7,0,0,248,71,2.8695,0.0016,0,0
988,35399,11.334,250,true,3,254,248,6,0,0,248,19,3.2395,0.0016,0,0
989,35401,2.464,250,false,3,254,248,6,0,0,248,19,3.2395,0.0016,0,0
990,35408,6.85,250,false,3,254,248,6,0,0,248,19,3.2395,0.0016,0,0
991,35415,6.901,250,false,3,255,248,7,0,0,248,19,3.2395,0.0016,0,0
992,35428,12.987,251,true,4,255,249,6,0,0,249,52,3.7829,0.0026,0,0
993,35430,2.446,251,false,4,255,249,6,0,0,249,52,3.7829,0.0026,0,0
994,35436,5.321,251,false,4,255,249,6,0,0,249,52,3.7829,0.0026,0,0
995,35443,6.854,251,false,4,256,249,7,0,0,249,52,3.7829,0.0026,0,0
996,35450,6.895,251,false,4,256,249,7,0,0,249,57,3.7829,0.0026,0,0
997,35462,12.098,252,true,4,256,250,6,0,0,250,29,2.9054,0.002,0,0
998,35464,2.087,252,false,4,256,250,6,0,0,250,29,2.9054,0.002,0,0
999,35471,6.562,252,false,4,257,250,7,0,0,250,29,2.9054,0.002,0,0
1000,35477,6.86,252,false,4,257,250,7,0,0,250,142,2.9054,0.002,0,0
1001,35484,6.893,252,false,4,257,250,7,0,0,251,31,2.9054,0.002,0,0
1002,35494,9.9,253,true,3,257,251,6,0,0,251,24,4.806,0.0025,0,0
1003,35498,3.898,253,false,3,257,251,6,0,0,251,24,4.806,0.0025,0,0
1004,35505,6.93,253,false,3,257,251,6,0,0,251,24,4.806,0.0025,0,0
1005,35512,6.882,253,false,3,258,251,7,0,0,252,24,2.1083,0.0017,0,0
1006,35521,9.317,254,true,3,258,252,6,0,0,252,20,2.1083,0.0017,0,0
1007,35525,4.469,254,false,3,258,252,6,0,0,252,20,2.1083,0.0017,0,0
1008,35532,6.905,254,false,3,258,252,6,0,0,252,20,2.1083,0.0017,0,0
1009,35540,6.983,254,false,3,259,252,7,0,0,253,20,2.1083,0.0017,0,0
1010,35550,10.884,255,true,4,259,253,6,0,0,253,30,3.5415,0.002,0,0
1011,35553,2.864,255,false,4,259,253,6,0,0,253,30,3.5415,0.002,0,0
1012,35560,6.873,255,false,4,259,253,6,0,0,253,30,3.5415,0.002,0,0
1013,35567,6.894,255,false,4,260,253,7,0,0,253,30,3.5415,0.002,0,0
1014,35574,6.955,255,false,4,260,253,7,0,0,254,36,3.5415,0.002,0,0
1015,35583,9.491,256,true,3,260,254,6,0,0,254,26,4.1006,0.0018,0,0
1016,35588,4.308,256,false,3,260,254,6,0,0,254,26,4.1006,0.0018,0,0
1017,35595,6.85,256,false,3,260,254,6,0,0,254,26,4.1006,0.0018,0,0
1018,35601,6.924,256,false,3,261,254,7,0,0,254,26,4.1006,0.0018,0,0
1019,35608,6.883,256,false,3,261,254,7,0,0,255,21,4.1006,0.0018,0,0
1020,35620,11.47,257,true,4,261,255,6,0,0,255,32,4.1026,0.0027,0,0
1021,35622,2.359,257,false,4,261,255,6,0,0,255,32,4.1026,0.0027,0,0
1022,35629,6.869,257,false,4,261,255,6,0,0,255,32,4.1026,0.0027,0,0
1023,35636,6.932,257,false,4,262,255,7,0,0,255,32,4.1026,0.0027,0,0
1024,35643,6.852,257,false,4,262,255,7,0,0,255,31,4.1026,0.0027,0,0
1025,35655,12.332,258,true,4,262,256,6,0,0,256,38,3.4062,0.0023,0,0
1026,35657,2.162,258,false,4,262,256,6,0,0,256,38,3.4062,0.0023,0,0
1027,35664,6.223,258,false,4,262,256,6,0,0,256,38,3.4062,0.0023,0,0
1028,35670,6.918,258,false,4,263,256,7,0,0,256,38,3.4062,0.0023,0,0
1029,35678,6.873,258,false,4,263,256,7,0,0,257,26,3.4062,0.0023,0,0
1030,35697,19.389,259,true,9,263,257,6,0,0,257,33,4.2686,0.0023,0,0
1031,35699,2.031,259,false,9,263,257,6,0,0,257,33,4.2686,0.0023,0,0
1032,35704,4.836,259,false,9,263,257,6,0,0,257,33,4.2686,0.0023,0,0
1033,35710,6.952,259,false,9,264,257,7,0,0,257,33,4.2686,0.0023,0,0
1034,35723,12.185,260,true,3,264,258,6,0,0,258,39,2.8047,0.0017,0,0
1035,35725,2.326,260,false,3,264,258,6,0,0,258,39,2.8047,0.0017,0,0
1036,35731,6.151,260,false,3,264,258,6,0,0,258,39,2.8047,0.0017,0,0
1037,35738,6.887,260,false,3,265,258,7,0,0,258,39,2.8047,0.0017,0,0
1038,35745,6.969,260,false,3,265,258,7,0,0,259,30,2.8047,0.0017,0,0
1039,35758,13.308,261,true,5,265,259,6,0,0,259,30,4.8723,0.0026,0,0
1040,35760,1.978,261,false,5,265,259,6,0,0,259,30,4.8723,0.0026,0,0
1041,35766,5.352,261,false,5,266,259,7,0,0,259,30,4.8723,0.0026,0,0
1042,35773,6.962,261,false,5,266,259,7,0,0,259,36,4.8723,0.0026,0,0
1043,35784,11.531,262,true,4,266,260,6,0,0,260,25,2.8948,0.0025,0,0
1044,35786,2.207,262,false,4,266,260,6,0,0,260,25,2.8948,0.0025,0,0
1045,35793,6.937,262,false,4,266,260,6,0,0,260,25,2.8948,0.0025,0,0
1046,35800,6.867,262,false,4,267,260,7,0,0,260,25,2.8948,0.0025,0,0
1047,35807,6.967,262,false,4,267,260,7,0,0,261,21,2.3725,0.0017,0,0
1048,35816,8.539,263,true,2,267,261,6,0,0,261,26,2.3725,0.0017,0,0
1049,35821,5.199,263,false,2,267,261,6,0,0,261,26,2.3725,0.0017,0,0
1050,35828,6.931,263,false,2,267,261,6,0,0,261,26,2.3725,0.0017,0,0
1051,35835,6.863,263,false,2,268,261,7,0,0,262,26,2.3725,0.0017,0,0
1052,35844,9.204,264,true,3,268,262,6,0,0,262,19,3.1673,0.0023,0,0
1053,35849,4.595,264,false,3,268,262,6,0,0,262,19,3.1673,0.0023,0,0
1054,35855,6.936,264,false,3,268,262,6,0,0,262,19,3.1673,0.0023,0,0
1055,35862,6.856,264,false,3,269,262,7,0,0,263,19,3.1673,0.0023,0,0
1056,35871,8.628,265,true,2,269,263,6,0,0,263,68,3.9388,0.0016,0,0
1057,35876,5.21,265,false,2,269,263,6,0,0,263,68,3.9388,0.0016,0,0
1058,35883,6.873,265,false,2,269,263,6,0,0,263,68,3.9388,0.0016,0,0
1059,35891,8.401,266,true,2,270,264,6,0,0,264,68,1.9435,0.0015,0,0
1060,35897,5.401,266,false,2,270,264,6,0,0,264,68,1.9435,0.0015,0,0
1061,35904,6.9,266,false,2,270,264,6,0,0,264,68,1.9435,0.0015,0,0
1062,35911,7.004,266,false,2,271,264,7,0,0,265,68,2.9554,0.0034,0,0
1063,35918,7.527,267,true,2,271,265,6,0,0,265,19,2.9554,0.0034,0,0
1064,35924,6.211,267,false,2,271,265,6,0,0,265,19,2.9554,0.0034,0,0
1065,35931,6.852,267,false,2,271,265,6,0,0,266,19,2.9554,0.0034,0,0
1066,35941,10.281,268,true,3,272,266,6,0,0,266,19,3.0976,0.0014,0,0
1067,35945,3.522,268,false,3,272,266,6,0,0,266,19,3.0976,0.0014,0,0
1068,35952,6.894,268,false,3,272,266,6,0,0,266,19,3.0976,0.0014,0,0
1069,35959,6.98,268,false,3,273,266,7,0,0,267,19,3.0976,0.0014,0,0
1070,35968,9.066,269,true,3,273,267,6,0,0,267,21,3.4669,0.0026,0,0
1071,35973,4.748,269,false,3,273,267,6,0,0,267,21,3.4669,0.0026,0,0
1072,35979,6.811,269,false,3,273,267,6,0,0,267,21,3.4669,0.0026,0,0
1073,35997,17.37,270,true,3,274,268,6,0,0,268,21,3.1986,0.0017,0,0
1074,35998,1.655,270,false,3,274,268,6,0,0,268,21,3.1986,0.0017,0,0
1075,36004,5.301,270,false,3,275,268,7,0,0,268,21,3.1986,0.0017,0,0
1076,36011,6.881,270,false,3,275,268,7,0,0,269,30,2.727,0.002,0,0
1077,36022,10.607,271,true,3,275,269,6,0,0,269,21,2.727,0.002,0,0
1078,36025,3.17,271,false,3,275,269,6,0,0,269,21,2.727,0.002,0,0
1079,36031,6.883,271,false,3,275,269,6,0,0,270,21,2.727,0.002,0,0
1080,36041,9.13,272,true,3,276,270,6,0,0,270,21,2.257,0.0016,0,0
1081,36045,4.71,272,false,3,276,270,6,0,0,270,21,2.257,0.0016,0,0
1082,36052,6.861,272,false,3,276,270,6,0,0,270,21,2.257,0.0016,0,0
1083,36064,11.874,273,true,3,277,271,6,0,0,271,21,2.7352,0.0017,0,0
1084,36067,2.499,273,false,3,277,271,6,0,0,271,21,2.7352,0.0017,0,0
1085,36073,6.336,273,false,3,277,271,6,0,0,271,21,2.7352,0.0017,0,0
1086,36080,6.921,273,false,3,278,271,7,0,0,271,21,2.7352,0.0017,0,0
1087,36089,9.681,274,true,3,278,272,6,0,0,272,24,2.5323,0.0022,0,0
1088,36094,4.126,274,false,3,278,272,6,0,0,272,24,2.5323,0.0022,0,0
1089,36100,6.868,274,false,3,278,272,6,0,0,272,24,2.5323,0.0022,0,0
1090,36108,6.945,274,false,3,279,272,7,0,0,273,24,2.4033,0.0014,0,0
1091,36117,9.52,275,true,3,279,273,6,0,0,273,212,2.4033,0.0014,0,0
1092,36121,4.243,275,false,3,279,273,6,0,0,273,212,2.4033,0.0014,0,0
1093,36128,6.966,275,false,3,279,273,6,0,0,273,212,2.4033,0.0014,0,0
1094,36135,6.827,275,false,3,280,273,7,0,0,274,212,2.8019,0.0027,0,0
1095,36145,9.996,276,true,3,280,274,6,0,0,274,27,2.8019,0.0027,0,0
1096,36149,3.792,276,false,3,280,274,6,0,0,274,27,2.8019,0.0027,0,0
1097,36156,6.922,276,false,3,280,274,6,0,0,274,27,2.8019,0.0027,0,0
1098,36163,6.926,276,false,3,281,274,7,0,0,275,27,2.8019,0.0027,0,0
1099,36171,8.971,277,true,2,281,275,6,0,0,275,23,6.5647,0.0023,0,0
1100,36176,4.834,277,false,2,281,275,6,0,0,275,23,6.5647,0.0023,0,0
1101,36184,6.909,277,false,2,281,275,6,0,0,275,23,6.5647,0.0023,0,0
1102,36190,6.89,277,false,2,282,275,7,0,0,276,23,6.5647,0.0023,0,0
1103,36200,9.918,278,true,3,282,276,6,0,0,276,25,2.6074,0.0017,0,0
1104,36204,3.84,278,false,3,282,276,6,0,0,276,25,2.6074,0.0017,0,0
1105,36211,6.959,278,false,3,283,276,7,0,0,276,25,2.6074,0.0017,0,0
1106,36218,6.849,278,false,3,283,276,7,0,0,277,31,2.6074,0.0017,0,0
1107,36227,9.436,279,true,3,283,277,6,0,0,277,28,2.5161,0.0022,0,0
1108,36231,4.352,279,false,3,283,277,6,0,0,277,28,2.5161,0.0022,0,0
1109,36238,6.904,279,false,3,283,277,6,0,0,277,28,2.5161,0.0022,0,0
1110,36246,6.943,279,false,3,284,277,7,0,0,278,28,2.8378,0.0019,0,0
1111,36254,9.012,280,true,3,284,278,6,0,0,278,17,2.8378,0.0019,0,0
1112,36259,4.789,280,false,3,284,278,6,0,0,278,17,2.8378,0.0019,0,0
1113,36266,6.856,280,false,3,284,278,6,0,0,278,17,2.8378,0.0019,0,0
1114,36276,9.857,281,true,3,285,279,6,0,0,279,17,2.3151,0.0015,0,0
1115,36280,3.936,281,false,3,285,279,6,0,0,279,17,2.3151,0.0015,0,0
1116,36287,6.912,281,false,3,285,279,6,0,0,279,17,2.3151,0.0015,0,0
1117,36294,6.941,281,false,3,286,279,7,0,0,280,17,2.3151,0.0015,0,0
1118,36302,8.51,282,true,2,286,280,6,0,0,280,20,2.2584,0.0014,0,0
1119,36307,5.272,282,false,2,286,280,6,0,0,280,20,2.2584,0.0014,0,0
1120,36314,6.877,282,false,2,286,280,6,0,0,280,20,2.2584,0.0014,0,0
1121,36321,6.895,282,false,2,287,280,7,0,0,281,20,2.2584,0.0014,0,0
1122,36332,10.619,283,true,3,287,281,6,0,0,281,24,3.9152,0.0016,0,0
1123,36335,3.169,283,false,3,287,281,6,0,0,281,24,3.9152,0.0016,0,0
1124,36342,6.958,283,false,3,287,281,6,0,0,281,24,3.9152,0.0016,0,0
1125,36353,11.479,284,true,4,288,282,6,0,0,282,24,2.1728,0.002,0,0
1126,36356,2.303,284,false,4,288,282,6,0,0,282,24,2.1728,0.002,0,0
1127,36363,6.877,284,false,4,288,282,6,0,0,282,24,2.1728,0.002,0,0
1128,36369,6.885,284,false,4,289,282,7,0,0,283,24,2.1728,0.002,0,0
1129,36379,9.269,285,true,3,289,283,6,0,0,283,30,3.6584,0.0013,0,0
1130,36383,4.539,285,false,3,289,283,6,0,0,283,30,3.6584,0.0013,0,0
1131,36390,6.933,285,false,3,289,283,6,0,0,283,30,3.6584,0.0013,0,0
1132,36397,6.867,285,false,3,290,283,7,0,0,284,30,3.6584,0.0013,0,0
1133,36407,9.767,286,true,3,290,284,6,0,0,284,33,2.7719,0.0018,0,0
1134,36411,4.087,286,false,3,290,284,6,0,0,284,33,2.7719,0.0018,0,0
1135,36418,6.838,286,false,3,291,284,7,0,0,284,33,2.7719,0.0018,0,0
1136,36425,6.968,286,false,3,291,284,7,0,0,285,18,2.2443,0.0015,0,0
1137,36434,9.289,287,true,3,291,285,6,0,0,285,29,2.2443,0.0015,0,0
1138,36439,4.487,287,false,3,291,285,6,0,0,285,29,2.2443,0.0015,0,0
1139,36445,6.865,287,false,3,291,285,6,0,0,286,29,2.2443,0.0015,0,0
1140,36455,9.571,288,true,3,292,286,6,0,0,286,29,2.8776,0.0015,0,0
1141,36459,4.259,288,false,3,292,286,6,0,0,286,29,2.8776,0.0015,0,0
1142,36466,6.871,288,false,3,292,286,6,0,0,286,29,2.8776,0.0015,0,0
1143,36473,6.965,288,false,3,293,286,7,0,0,287,29,3.0879,0.0029,0,0
1144,36485,12.05,289,true,3,293,287,6,0,0,287,33,3.0879,0.0029,0,0
1145,36487,2.152,289,false,3,293,287,6,0,0,287,33,3.0879,0.0029,0,0
1146,36494,6.49,289,false,3,293,287,6,0,0,287,33,3.0879,0.0029,0,0
1147,36501,6.861,289,false,3,294,287,7,0,0,288,33,2.8412,0.0022,0,0
1148,36511,10.864,290,true,3,294,288,6,0,0,288,41,2.8412,0.0022,0,0
1149,36514,2.908,290,false,3,294,288,6,0,0,288,41,2.8412,0.0022,0,0
1150,36522,7.004,290,false,3,294,288,6,0,0,288,41,2.8412,0.0022,0,0
1151,36533,11.278,291,true,4,295,289,6,0,0,289,41,3.0175,0.0021,0,0
1152,36535,2.419,291,false,4,295,289,6,0,0,289,41,3.0175,0.0021,0,0
1153,36542,6.964,291,false,4,295,289,6,0,0,289,41,3.0175,0.0021,0,0
1154,36549,6.855,291,false,4,296,289,7,0,0,290,41,3.0175,0.0021,0,0
1155,36560,10.998,292,true,4,296,290,6,0,0,290,40,2.8505,0.0033,0,0
1156,36563,2.783,292,false,4,296,290,6,0,0,290,40,2.8505,0.0033,0,0
1157,36570,6.909,292,false,4,296,290,6,0,0,290,40,2.8505,0.0033,0,0
1158,36577,6.956,292,false,4,297,290,7,0,0,291,40,3.2008,0.0024,0,0
1159,36588,11.046,293,true,4,297,291,6,0,0,291,30,3.2008,0.0024,0,0
1160,36590,2.711,293,false,4,297,291,6,0,0,291,30,3.2008,0.0024,0,0
1161,36597,6.906,293,false,4,297,291,6,0,0,291,30,3.2008,0.0024,0,0
1162,36606,8.688,294,true,2,298,292,6,0,0,292,30,2.2242,0.0018,0,0
1163,36611,5.092,294,false,2,298,292,6,0,0,292,30,2.2242,0.0018,0,0
1164,36618,6.905,294,false,2,298,292,6,0,0,292,30,2.2242,0.0018,0,0
1165,36625,6.954,294,false,2,299,292,7,0,0,293,30,3.3002,0.0029,0,0
1166,36634,8.793,295,true,2,299,293,6,0,0,293,35,3.3002,0.0029,0,0
1167,36639,4.978,295,false,2,299,293,6,0,0,293,35,3.3002,0.0029,0,0
1168,36645,6.87,295,false,2,300,293,7,0,0,294,35,3.3002,0.0029,0,0
1169,36655,9.047,296,true,3,300,294,6,0,0,294,21,2.4882,0.0022,0,0
1170,36660,4.83,296,false,3,300,294,6,0,0,294,21,2.4882,0.0022,0,0
1171,36666,6.825,296,false,3,300,294,6,0,0,294,21,2.4882,0.0022,0,0
1172,36673,6.974,296,false,3,301,294,7,0,0,295,21,2.4882,0.0022,0,0
1173,36685,11.747,297,true,4,301,295,6,0,0,295,32,2.9614,0.0016,0,0
1174,36687,1.966,297,false,4,301,295,6,0,0,295,32,2.9614,0.0016,0,0
1175,36694,6.949,297,false,4,301,295,6,0,0,295,32,2.9614,0.0016,0,0
1176,36701,6.867,297,false,4,302,295,7,0,0,296,32,1.8351,0.0011,0,0
1177,36710,9.868,298,true,3,302,296,6,0,0,296,28,1.8351,0.0011,0,0
1178,36714,3.923,298,false,3,302,296,6,0,0,296,28,1.8351,0.0011,0,0
1179,36721,6.953,298,false,3,302,296,6,0,0,297,28,1.8351,0.0011,0,0
1180,36732,10.95,299,true,3,303,297,6,0,0,297,28,2.3686,0.0032,0,0
1181,36735,2.796,299,false,3,303,297,6,0,0,297,28,2.3686,0.0032,0,0
1182,36742,6.941,299,false,3,303,297,6,0,0,297,28,2.3686,0.0032,0,0
1183,36758,16.019,300,true,3,304,298,6,0,0,298,28,2.5234,0.003,0,0
1184,36759,1.384,300,false,3,304,298,6,0,0,298,28,2.5234,0.003,0,0
1185,36765,5.551,300,false,3,304,298,6,0,0,298,28,2.5234,0.003,0,0
1186,36772,6.875,300,false,3,305,298,7,0,0,299,28,2.5234,0.003,0,0
1187,36780,7.752,301,true,2,305,299,6,0,0,299,20,4.4403,0.0016,0,0
1188,36786,6.052,301,false,2,305,299,6,0,0,299,20,4.4403,0.0016,0,0
1189,36793,6.943,301,false,2,305,299,6,0,0,299,20,4.4403,0.0016,0,0
1190,36800,6.856,301,false,2,306,299,7,0,0,300,20,4.4403,0.0016,0,0
1191,36812,12.831,302,true,5,306,300,6,0,0,300,28,2.4378,0.002,0,0
1192,36814,1.903,302,false,5,306,300,6,0,0,300,28,2.4378,0.002,0,0
1193,36820,5.965,302,false,5,306,300,6,0,0,300,28,2.4378,0.002,0,0
1194,36827,6.971,302,false,5,307,300,7,0,0,301,28,2.4378,0.002,0,0
1195,36836,8.845,303,true,2,307,301,6,0,0,301,30,2.7756,0.0016,0,0
1196,36841,4.909,303,false,2,307,301,6,0,0,301,30,2.7756,0.0016,0,0
1197,36848,6.892,303,false,2,307,301,6,0,0,301,30,2.7756,0.0016,0,0
1198,36857,9.068,304,true,2,308,302,6,0,0,302,30,2.067,0.0029,0,0
1199,36862,4.766,304,false,2,308,302,6,0,0,302,30,2.067,0.0029,0,0
1200,36869,6.85,304,false,2,309,302,7,0,0,302,30,2.067,0.0029,0,0
1201,36876,6.978,304,false,2,309,302,7,0,0,303,24,2.067,0.0029,0,0
1202,36884,9.021,305,true,3,309,303,6,0,0,303,21,2.525,0.0025,0,0
1203,36889,4.734,305,false,3,309,303,6,0,0,303,21,2.525,0.0025,0,0
1204,36896,6.867,305,false,3,309,303,6,0,0,303,21,2.525,0.0025,0,0
1205,36903,6.898,305,false,3,310,303,7,0,0,304,21,2.681,0.0017,0,0
1206,36912,9.403,306,true,3,310,304,6,0,0,304,21,2.681,0.0017,0,0
1207,36917,4.382,306,false,3,310,304,6,0,0,304,21,2.681,0.0017,0,0
1208,36924,6.965,306,false,3,310,304,6,0,0,305,21,2.681,0.0017,0,0
1209,36933,8.997,307,true,3,311,305,6,0,0,305,21,3.2097,0.0015,0,0
1210,36938,4.75,307,false,3,311,305,6,0,0,305,21,3.2097,0.0015,0,0
1211,36945,6.947,307,false,3,311,305,6,0,0,305,21,3.2097,0.0015,0,0
1212,36956,11.372,308,true,3,312,306,6,0,0,306,21,1.8972,0.0012,0,0
1213,36958,2.399,308,false,3,312,306,6,0,0,306,21,1.8972,0.0012,0,0
1214,36965,6.913,308,false,3,312,306,6,0,0,306,21,1.8972,0.0012,0,0
1215,36972,6.919,308,false,3,313,306,7,0,0,307,21,1.8972,0.0012,0,0
1216,36981,9.149,309,true,3,313,307,6,0,0,307,27,4.3173,0.0021,0,0
1217,36986,4.611,309,false,3,313,307,6,0,0,307,27,4.3173,0.0021,0,0
1218,36993,6.931,309,false,3,313,307,6,0,0,307,27,4.3173,0.0021,0,0
1219,37000,6.861,309,false,3,314,307,7,0,0,308,27,4.3173,0.0021,0,0
1220,37008,8.564,310,true,3,314,308,6,0,0,308,18,2.1006,0.0013,0,0
1221,37013,5.227,310,false,3,314,308,6,0,0,308,18,2.1006,0.0013,0,0
1222,37020,6.91,310,false,3,314,308,6,0,0,308,18,2.1006,0.0013,0,0
1223,37029,9.156,311,true,3,315,309,6,0,0,309,18,2.3353,0.0022,0,0
1224,37034,4.647,311,false,3,315,309,6,0,0,309,18,2.3353,0.0022,0,0
1225,37041,6.925,311,false,3,315,309,6,0,0,309,18,2.3353,0.0022,0,0
1226,37048,6.871,311,false,3,316,309,7,0,0,310,18,2.1845,0.0019,0,0
1227,37057,8.919,312,true,3,316,310,6,0,0,310,18,2.1845,0.0019,0,0
1228,37062,4.884,312,false,3,316,310,6,0,0,310,18,2.1845,0.0019,0,0
1229,37069,6.901,312,false,3,317,310,7,0,0,311,18,2.1845,0.0019,0,0
1230,37078,8.895,313,true,2,317,311,6,0,0,311,20,2.8533,0.0013,0,0
1231,37083,4.925,313,false,2,317,311,6,0,0,311,20,2.8533,0.0013,0,0
1232,37089,6.898,313,false,2,317,311,6,0,0,311,20,2.8533,0.0013,0,0
1233,37099,9.293,314,true,2,318,312,6,0,0,312,20,2.242,0.0015,0,0
1234,37103,4.481,314,false,2,318,312,6,0,0,312,20,2.242,0.0015,0,0
1235,37110,6.968,314,false,2,318,312,6,0,0,312,20,2.242,0.0015,0,0
1236,37117,6.828,314,false,2,319,312,7,0,0,313,20,2.242,0.0015,0,0
1237,37126,8.935,315,true,3,319,313,6,0,0,313,25,2.7647,0.0057,0,0
1238,37131,4.866,315,false,3,319,313,6,0,0,313,25,2.7647,0.0057,0,0
1239,37138,6.944,315,false,3,319,313,6,0,0,313,25,2.7647,0.0057,0,0
1240,37146,8.548,316,true,2,320,314,6,0,0,314,25,2.2647,0.0021,0,0
1241,37151,5.222,316,false,2,320,314,6,0,0,314,25,2.2647,0.0021,0,0
1242,37159,6.971,316,false,2,320,314,6,0,0,314,25,2.2647,0.0021,0,0
1243,37166,6.83,316,false,2,321,314,7,0,0,315,25,2.2647,0.0021,0,0
1244,37177,11.879,317,true,4,321,315,6,0,0,315,42,3.484,0.0026,0,0
1245,37179,1.9,317,false,4,321,315,6,0,0,315,42,3.484,0.0026,0,0
1246,37186,6.917,317,false,4,321,315,6,0,0,315,42,3.484,0.0026,0,0
1247,37193,6.939,317,false,4,322,315,7,0,0,316,42,2.6342,0.002,0,0
1248,37201,7.898,318,true,2,322,316,6,0,0,316,18,2.6342,0.002,0,0
1249,37207,5.901,318,false,2,322,316,6,0,0,316,18,2.6342,0.002,0,0
1250,37214,6.861,318,false,2,322,316,6,0,0,317,18,2.6342,0.002,0,0
1251,37222,8.464,319,true,2,323,317,6,0,0,317,18,2.9159,0.002,0,0
1252,37227,5.327,319,false,2,323,317,6,0,0,317,18,2.9159,0.002,0,0
1253,37234,6.908,319,false,2,323,317,6,0,0,318,18,2.9159,0.002,0,0
1254,37243,9.067,320,true,3,324,318,6,0,0,318,18,2.2,0.0013,0,0
1255,37248,4.74,320,false,3,324,318,6,0,0,318,18,2.2,0.0013,0,0
1256,37255,6.935,320,false,3,325,318,7,0,0,318,18,2.2,0.0013,0,0
1257,37262,6.851,320,false,3,325,318,7,0,0,319,26,1.9628,0.0012,0,0
1258,37271,8.955,321,true,2,325,319,6,0,0,319,16,1.9628,0.0012,0,0
1259,37276,4.871,321,false,2,325,319,6,0,0,319,16,1.9628,0.0012,0,0
1260,37283,6.921,321,false,2,325,319,6,0,0,320,16,2.1256,0.0017,0,0
1261,37291,8.162,322,true,2,326,320,6,0,0,320,16,2.1256,0.0017,0,0
1262,37296,5.597,322,false,2,326,320,6,0,0,320,16,2.1256,0.0017,0,0
1263,37303,6.931,322,false,2,326,320,6,0,0,321,16,2.4536,0.0013,0,0
1264,37312,9.04,323,true,3,327,321,6,0,0,321,16,2.4536,0.0013,0,0
1265,37317,4.728,323,false,3,327,321,6,0,0,321,16,2.4536,0.0013,0,0
1266,37324,6.952,323,false,3,327,321,6,0,0,322,16,2.0021,0.0064,0,0
1267,37332,7.996,324,true,2,328,322,6,0,0,322,16,2.0021,0.0064,0,0
1268,37338,5.785,324,false,2,328,322,6,0,0,322,16,2.0021,0.0064,0,0
1269,37345,6.877,324,false,2,328,322,6,0,0,322,16,2.0021,0.0064,0,0
1270,37351,6.877,325,true,2,329,323,6,0,0,323,16,4.5424,0.0017,0,0
1271,37358,6.945,325,false,2,329,323,6,0,0,323,19,4.5424,0.0017,0,0
1272,37365,6.856,325,false,2,329,323,6,0,0,323,19,4.5424,0.0017,0,0
1273,37372,6.961,325,false,2,329,323,6,0,0,324,19,2.2564,0.0017,0,0
1274,37381,8.764,326,true,3,330,324,6,0,0,324,19,2.2564,0.0017,0,0
1275,37386,5.027,326,false,3,330,324,6,0,0,324,19,2.2564,0.0017,0,0
1276,37393,6.864,326,false,3,330,324,6,0,0,325,19,2.2564,0.0017,0,0
1277,37402,8.981,327,true,3,331,325,6,0,0,325,19,2.5018,0.0014,0,0
1278,37407,4.848,327,false,3,331,325,6,0,0,325,19,2.5018,0.0014,0,0
1279,37414,6.871,327,false,3,331,325,6,0,0,325,19,2.5018,0.0014,0,0
1280,37422,7.799,328,true,2,332,326,6,0,0,326,19,1.9137,0.0014,0,0
1281,37427,5.996,328,false,2,332,326,6,0,0,326,19,1.9137,0.0014,0,0
1282,37434,6.902,328,false,2,332,326,6,0,0,326,19,1.9137,0.0014,0,0
1283,37443,9.018,329,true,2,333,327,6,0,0,327,19,2.301,0.0013,0,0
1284,37448,4.786,329,false,2,333,327,6,0,0,327,19,2.301,0.0013,0,0
1285,37455,6.936,329,false,2,334,327,7,0,0,327,19,2.301,0.0013,0,0
1286,37462,6.856,329,false,2,334,327,7,0,0,328,21,2.3742,0.0016,0,0
1287,37470,8.474,330,true,2,334,328,6,0,0,328,24,2.3742,0.0016,0,0
1288,37476,5.33,330,false,2,334,328,6,0,0,328,24,2.3742,0.0016,0,0
1289,37483,6.901,330,false,2,334,328,6,0,0,329,24,2.6636,0.0015,0,0
1290,37490,7.815,331,true,2,335,329,6,0,0,329,24,2.6636,0.0015,0,0
1291,37496,5.983,331,false,2,335,329,6,0,0,329,24,2.6636,0.0015,0,0
1292,37503,6.942,331,false,2,335,329,6,0,0,330,24,2.6636,0.0015,0,0
1293,37517,13.781,332,true,3,336,330,6,0,0,330,24,2.1947,0.0013,0,0
1294,37519,1.554,332,false,3,336,330,6,0,0,330,24,2.1947,0.0013,0,0
1295,37524,5.415,332,false,3,336,330,6,0,0,331,24,2.1947,0.0013,0,0
1296,37535,10.639,333,true,3,337,331,6,0,0,331,24,3.75,0.0022,0,0
1297,37538,3.118,333,false,3,337,331,6,0,0,331,24,3.75,0.0022,0,0
1298,37545,6.891,333,false,3,337,331,6,0,0,331,24,3.75,0.0022,0,0
1299,37552,6.933,333,false,3,338,331,7,0,0,332,24,2.4063,0.0014,0,0
1300,37560,8.422,334,true,3,338,332,6,0,0,332,19,2.4063,0.0014,0,0
1301,37565,5.347,334,false,3,338,332,6,0,0,332,19,2.4063,0.0014,0,0
1302,37572,6.938,334,false,3,338,332,6,0,0,333,19,2.4063,0.0014,0,0
1303,37580,7.524,335,true,2,339,333,6,0,0,333,19,2.0203,0.0017,0,0
1304,37586,6.298,335,false,2,339,333,6,0,0,333,19,2.0203,0.0017,0,0
1305,37593,6.841,335,false,2,339,333,6,0,0,334,19,2.0203,0.0017,0,0
1306,37605,11.796,336,true,4,340,334,6,0,0,334,19,2.6655,0.0026,0,0
1307,37607,2.163,336,false,4,340,334,6,0,0,334,19,2.6655,0.0026,0,0
1308,37614,6.736,336,false,4,340,334,6,0,0,334,19,2.6655,0.0026,0,0
1309,37621,6.942,336,false,4,341,334,7,0,0,335,19,2.6655,0.0026,0,0
1310,37631,9.864,337,true,3,341,335,6,0,0,335,21,3.4041,0.0018,0,0
1311,37634,3.913,337,false,3,341,335,6,0,0,335,21,3.4041,0.0018,0,0
1312,37642,6.881,337,false,3,342,335,7,0,0,335,21,3.4041,0.0018,0,0
1313,37650,8.951,338,true,2,342,336,6,0,0,336,24,2.2416,0.0015,0,0
1314,37655,4.889,338,false,2,342,336,6,0,0,336,24,2.2416,0.0015,0,0
1315,37662,6.872,338,false,2,342,336,6,0,0,336,24,2.2416,0.0015,0,0
1316,37669,6.926,338,false,2,343,336,7,0,0,337,24,2.2416,0.0015,0,0
1317,37677,8.196,339,true,3,343,337,6,0,0,337,21,2.5779,0.002,0,0
1318,37683,5.559,339,false,3,343,337,6,0,0,337,21,2.5779,0.002,0,0
1319,37690,6.937,339,false,3,343,337,6,0,0,338,21,2.5779,0.002,0,0
1320,37698,8.266,340,true,3,344,338,6,0,0,338,21,2.2753,0.0015,0,0
1321,37704,5.587,340,false,3,344,338,6,0,0,338,21,2.2753,0.0015,0,0
1322,37710,6.831,340,false,3,344,338,6,0,0,338,21,2.2753,0.0015,0,0
1323,37720,9.454,341,true,3,345,339,6,0,0,339,21,3.0866,0.0028,0,0
1324,37724,4.341,341,false,3,345,339,6,0,0,339,21,3.0866,0.0028,0,0
1325,37731,6.887,341,false,3,345,339,6,0,0,339,21,3.0866,0.0028,0,0
1326,37738,6.953,341,false,3,346,339,7,0,0,340,21,3.0866,0.0028,0,0
1327,37747,8.709,342,true,3,346,340,6,0,0,340,19,2.4372,0.0013,0,0
1328,37752,5.104,342,false,3,346,340,6,0,0,340,19,2.4372,0.0013,0,0
1329,37759,6.966,342,false,3,346,340,6,0,0,340,19,2.4372,0.0013,0,0
1330,37766,6.777,342,false,3,347,340,7,0,0,341,19,2.4372,0.0013,0,0
1331,37775,9.74,343,true,3,347,341,6,0,0,341,35,3.4491,0.0023,0,0
1332,37779,4.048,343,false,3,347,341,6,0,0,341,35,3.4491,0.0023,0,0
1333,37786,6.965,343,false,3,347,341,6,0,0,341,35,3.4491,0.0023,0,0
1334,37797,10.922,344,true,3,348,342,6,0,0,342,35,2.9259,0.0019,0,0
1335,37800,2.906,344,false,3,348,342,6,0,0,342,35,2.9259,0.0019,0,0
1336,37807,6.817,344,false,3,348,342,6,0,0,342,35,2.9259,0.0019,0,0
1337,37814,6.896,344,false,3,349,342,7,0,0,343,35,2.9259,0.0019,0,0
1338,37824,10.453,345,true,3,349,343,6,0,0,343,27,2.8773,0.0023,0,0
1339,37828,3.334,345,false,3,349,343,6,0,0,343,27,2.8773,0.0023,0,0
1340,37835,6.998,345,false,3,349,343,6,0,0,343,27,2.8773,0.0023,0,0
1341,37848,12.932,346,true,3,350,344,6,0,0,344,27,2.8729,0.0022,0,0
1342,37849,1.7,346,false,3,350,344,6,0,0,344,27,2.8729,0.0022,0,0
1343,37856,6.032,346,false,3,351,344,7,0,0,344,27,2.8729,0.0022,0,0
1344,37862,6.857,346,false,3,351,344,7,0,0,344,40,2.8729,0.0022,0,0
1345,37870,6.966,346,false,3,351,344,7,0,0,345,39,2.8729,0.0022,0,0
1346,37886,16.271,347,true,5,351,345,6,0,0,345,37,3.8012,0.0019,0,0
1347,37888,2.731,347,false,5,351,345,6,0,0,345,37,3.8012,0.0019,0,0
1348,37893,4.247,347,false,5,351,345,6,0,0,345,37,3.8012,0.0019,0,0
1349,37899,6.833,347,false,5,352,345,7,0,0,345,37,3.8012,0.0019,0,0
1350,37911,11.697,348,true,4,352,346,6,0,0,346,34,3.693,0.0021,0,0
1351,37913,2.09,348,false,4,352,346,6,0,0,346,34,3.693,0.0021,0,0
1352,37920,7.009,348,false,4,352,346,6,0,0,346,34,3.693,0.0021,0,0
1353,37927,6.807,348,false,4,353,346,7,0,0,346,34,3.693,0.0021,0,0
1354,37934,6.899,348,false,4,353,346,7,0,0,347,31,3.693,0.0021,0,0
1355,37944,9.876,349,true,3,353,347,6,0,0,347,28,4.2893,0.0018,0,0
1356,37948,3.911,349,false,3,353,347,6,0,0,347,28,4.2893,0.0018,0,0
1357,37955,6.937,349,false,3,353,347,6,0,0,347,28,4.2893,0.0018,0,0
1358,37965,10.274,350,true,3,354,348,6,0,0,348,28,2.8321,0.0023,0,0
1359,37968,3.491,350,false,3,354,348,6,0,0,348,28,2.8321,0.0023,0,0
1360,37975,6.944,350,false,3,354,348,6,0,0,348,28,2.8321,0.0023,0,0
1361,37982,6.87,350,false,3,355,348,7,0,0,349,28,2.3068,0.0015,0,0
1362,37995,12.989,351,true,4,355,349,6,0,0,349,28,2.3068,0.0015,0,0
1363,37997,2.314,351,false,4,355,349,6,0,0,349,28,2.3068,0.0015,0,0
1364,38003,5.414,351,false,4,355,349,6,0,0,349,28,2.3068,0.0015,0,0
1365,38010,6.876,351,false,4,356,349,7,0,0,350,28,2.3068,0.0015,0,0
1366,38021,10.948,352,true,3,356,350,6,0,0,350,28,3.0927,0.0022,0,0
1367,38023,2.872,352,false,3,356,350,6,0,0,350,28,3.0927,0.0022,0,0
1368,38030,6.881,352,false,3,356,350,6,0,0,350,28,3.0927,0.0022,0,0
1369,38038,6.945,352,false,3,357,350,7,0,0,351,28,2.3403,0.0019,0,0
1370,38047,9.979,353,true,3,357,351,6,0,0,351,32,2.3403,0.0019,0,0
1371,38051,3.767,353,false,3,357,351,6,0,0,351,32,2.3403,0.0019,0,0
1372,38059,6.982,353,false,3,357,351,6,0,0,351,32,2.3403,0.0019,0,0
1373,38070,12.39,354,true,4,358,352,6,0,0,352,32,2.8977,0.0027,0,0
1374,38072,1.861,354,false,4,358,352,6,0,0,352,32,2.8977,0.0027,0,0
1375,38079,6.402,354,false,4,358,352,6,0,0,352,32,2.8977,0.0027,0,0
1376,38086,6.88,354,false,4,359,352,7,0,0,353,32,2.8977,0.0027,0,0
1377,38096,10.72,355,true,3,359,353,6,0,0,353,21,2.762,0.0021,0,0
1378,38099,3.071,355,false,3,359,353,6,0,0,353,21,2.762,0.0021,0,0
1379,38106,6.974,355,false,3,359,353,6,0,0,353,21,2.762,0.0021,0,0
1380,38113,6.827,355,false,3,360,353,7,0,0,354,21,2.762,0.0021,0,0
1381,38123,10.165,356,true,3,360,354,6,0,0,354,65,3.1428,0.0036,0,0
1382,38127,3.628,356,false,3,360,354,6,0,0,354,65,3.1428,0.0036,0,0
1383,38134,6.907,356,false,3,361,354,7,0,0,354,65,3.1428,0.0036,0,0
1384,38141,6.919,357,true,3,361,355,6,0,0,355,30,3.9406,0.0022,0,0
1385,38148,6.875,357,false,3,361,355,6,0,0,355,21,3.9406,0.0022,0,0
1386,38155,6.968,357,false,3,361,355,6,0,0,355,21,3.9406,0.0022,0,0
1387,38162,6.844,357,false,3,361,355,6,0,0,355,21,3.9406,0.0022,0,0
1388,38170,8.284,358,true,2,362,356,6,0,0,356,21,2.2578,0.0017,0,0
1389,38176,5.575,358,false,2,362,356,6,0,0,356,21,2.2578,0.0017,0,0
1390,38182,6.836,358,false,2,362,356,6,0,0,356,21,2.2578,0.0017,0,0
1391,38189,6.976,358,false,2,363,356,7,0,0,357,21,2.3802,0.0018,0,0
1392,38200,10.499,359,true,3,363,357,6,0,0,357,25,2.3802,0.0018,0,0
1393,38203,3.245,359,false,3,363,357,6,0,0,357,25,2.3802,0.0018,0,0
1394,38210,6.905,359,false,3,363,357,6,0,0,358,25,2.3802,0.0018,0,0
1395,38221,11.002,360,true,4,364,358,6,0,0,358,25,2.0963,0.0023,0,0
1396,38224,2.806,360,false,4,364,358,6,0,0,358,25,2.0963,0.0023,0,0
1397,38231,6.874,360,false,4,364,358,6,0,0,358,25,2.0963,0.0023,0,0
1398,38261,30.74,361,true,3,365,359,6,0,0,360,25,3.477,0.0024,0,0
1399,38267,5.818,362,true,3,365,360,5,0,0,360,25,2.632,0.0016,0,0
1400,38269,1.526,362,false,3,365,360,5,0,0,360,25,2.632,0.0016,0,0
1401,38275,6.562,362,false,3,365,360,5,0,0,360,25,2.632,0.0016,0,0
1402,38282,6.804,362,false,3,365,360,5,0,0,360,25,2.632,0.0016,0,0
1403,38289,7.016,362,false,3,365,360,5,0,0,361,25,2.632,0.0016,0,0
1404,38296,6.839,363,true,3,365,361,4,0,0,361,25,3.2386,0.0034,0,0
1405,38303,6.906,363,false,3,365,361,4,0,0,361,25,3.2386,0.0034,0,0
1406,38309,6.769,363,false,3,365,361,4,0,0,361,25,3.2386,0.0034,0,0
1407,38317,7.109,363,false,3,365,361,4,0,0,362,25,2.7257,0.0018,0,0
1408,38323,6.659,364,true,3,365,362,3,0,0,362,25,2.7257,0.0018,0,0
1409,38330,7.009,364,false,3,365,362,3,0,0,362,25,2.7257,0.0018,0,0
1410,38337,6.938,364,false,3,365,362,3,0,0,362,25,2.7257,0.0018,0,0
1411,38344,6.947,365,true,4,365,363,2,0,0,363,25,4.285,0.003,0,0
1412,38351,6.915,365,false,4,365,363,2,0,0,363,25,4.285,0.003,0,0
1413,38358,6.852,365,false,4,365,363,2,0,0,363,25,4.285,0.003,0,0
1414,38365,7.018,365,false,4,365,363,2,0,0,363,25,4.285,0.003,0,0
1415,38372,6.909,365,false,4,365,363,2,0,0,363,25,4.285,0.003,0,0
1416,38381,8.866,366,true,5,365,364,1,0,0,364,25,4.285,0.003,0,0
1417,38385,4.687,366,false,5,365,364,1,0,0,364,25,4.285,0.003,0,0
1418,38392,6.918,366,false,5,365,364,1,0,0,364,25,4.285,0.003,0,0
1419,38399,6.855,366,false,5,365,364,1,0,0,364,25,4.285,0.003,0,0
1420,38406,6.987,366,false,5,365,364,1,0,0,364,25,4.285,0.003,0,0
1421,38413,6.965,366,false,5,365,364,1,0,0,364,25,4.285,0.003,0,0
1422,38420,6.752,366,false,5,365,364,1,0,0,364,25,4.285,0.003,0,0
1423,38427,6.952,366,false,5,365,364,1,0,0,364,25,4.285,0.003,0,0
1424,38434,6.883,366,false,5,365,364,1,0,0,364,25,4.285,0.003,0,0
1425,38441,7.042,366,false,5,365,364,1,0,0,364,25,4.285,0.003,0,0
1426,38448,6.864,366,false,5,365,364,1,0,0,364,25,4.285,0.003,0,0
1427,38454,6.798,366,false,5,365,364,1,0,0,364,25,4.285,0.003,0,0
1428,38461,6.937,366,false,5,365,364,1,0,0,364,25,4.285,0.003,0,0
1429,38468,6.868,366,false,5,365,364,1,0,0,364,25,4.285,0.003,0,0
1430,38475,6.944,366,false,5,365,364,1,0,0,364,25,4.285,0.003,0,0
1431,38482,6.925,366,false,5,365,364,1,0,0,364,25,4.285,0.003,0,0
1432,38489,6.841,366,false,5,365,364,1,0,0,364,25,4.285,0.003,0,0
1433,38496,6.941,366,false,5,365,364,1,0,0,364,25,4.285,0.003,0,0
1434,38503,6.869,366,false,5,365,364,1,0,0,364,25,4.285,0.003,0,0
1435,38510,6.946,366,false,5,365,364,1,0,0,364,25,4.285,0.003,0,0
1436,38516,6.787,366,false,5,365,364,1,0,0,364,25,4.285,0.003,0,0
1437,38523,6.994,366,false,5,365,364,1,0,0,364,25,4.285,0.003,0,0
1438,38530,6.79,366,false,5,365,364,1,0,0,364,25,4.285,0.003,0,0
1439,38537,6.956,366,false,5,365,364,1,0,0,364,25,4.285,0.003,0,0
1440,38544,6.9,366,false,5,365,364,1,0,0,364,25,4.285,0.003,0,0
1441,38551,6.952,366,false,5,365,364,1,0,0,364,25,4.285,0.003,0,0
1442,38558,6.762,366,false,5,365,364,1,0,0,364,25,4.285,0.003,0,0
1443,38565,6.976,366,false,5,365,364,1,0,0,364,25,4.285,0.003,0,0
1444,38572,6.909,366,false,5,365,364,1,0,0,364,25,4.285,0.003,0,0
1445,38579,6.973,366,false,5,365,364,1,0,0,364,25,4.285,0.003,0,0
1446,38586,6.827,366,false,5,365,364,1,0,0,364,25,4.285,0.003,0,0
1447,38592,6.95,366,false,5,365,364,1,0,0,364,25,4.285,0.003,0,0
1448,39279,686.57,366,false,5,365,364,1,0,0,364,25,4.285,0.003,0,0
1449,39281,2.235,366,false,5,365,364,1,0,0,364,25,4.285,0.003,0,0
1450,39293,12.185,366,false,5,366,364,2,0,0,364,25,3.7357,0.004,0,0
1451,39300,6.376,366,false,5,367,364,3,0,0,364,25,3.7357,0.004,0,0
1452,39302,1.864,366,false,5,367,364,3,0,0,364,25,3.7357,0.004,0,0
1453,39307,5.546,366,false,5,367,364,3,0,0,364,25,3.7357,0.004,0,0
1454,39318,10.369,367,true,3,368,365,3,0,0,365,25,3.2013,0.0019,0,0
1455,39321,3.419,367,false,3,368,365,3,0,0,365,25,3.2013,0.0019,0,0
1456,39328,6.9,367,false,3,369,365,4,0,0,365,25,3.2013,0.0019,0,0
1457,39335,6.956,367,false,3,369,365,4,0,0,365,25,3.2013,0.0019,0,0
1458,39342,6.859,367,false,3,369,365,4,0,0,366,25,3.2013,0.0019,0,0
1459,39349,7.751,368,true,3,370,366,4,0,0,366,25,2.4942,0.0013,0,0
1460,39356,6.051,368,false,3,370,366,4,0,0,366,25,2.4942,0.0013,0,0
1461,39362,6.939,368,false,3,370,366,4,0,0,366,25,2.4942,0.0013,0,0
1462,39371,8.527,369,true,2,371,367,4,0,0,367,25,2.4083,0.0015,0,0
1463,39376,5.264,369,false,2,371,367,4,0,0,367,25,2.4083,0.0015,0,0
1464,39383,6.898,369,false,2,371,367,4,0,0,367,25,2.4083,0.0015,0,0
1465,39390,6.854,369,false,2,372,367,5,0,0,368,25,2.4083,0.0015,0,0
1466,39397,6.931,370,true,3,372,368,4,0,0,368,25,2.3969,0.0015,0,0
1467,39404,6.884,370,false,3,372,368,4,0,0,368,25,2.3969,0.0015,0,0
1468,39411,6.906,370,false,3,373,368,5,0,0,368,25,2.3969,0.0015,0,0
1469,39418,6.919,371,true,2,373,369,4,0,0,369,25,2.2272,0.0013,0,0
1470,39424,6.88,371,false,2,374,369,5,0,0,369,25,2.2272,0.0013,0,0
1471,39432,6.959,371,false,2,374,369,5,0,0,369,25,2.2272,0.0013,0,0
1472,39438,6.834,371,false,2,374,369,5,0,0,370,25,3.0183,0.0018,0,0
1473,39448,9.839,372,true,3,375,370,5,0,0,370,25,3.0183,0.0018,0,0
1474,39452,3.995,372,false,3,375,370,5,0,0,370,25,3.0183,0.0018,0,0
1475,39459,6.875,372,false,3,375,370,5,0,0,370,25,3.0183,0.0018,0,0
1476,39469,10.356,373,true,3,376,371,5,0,0,371,25,4.4886,0.0017,0,0
1477,39473,3.434,373,false,3,376,371,5,0,0,371,25,4.4886,0.0017,0,0
1478,39480,6.913,373,false,3,376,371,5,0,0,371,25,4.4886,0.0017,0,0
1479,39487,6.928,373,false,3,377,371,6,0,0,371,25,4.4886,0.0017,0,0
1480,39493,6.851,374,true,3,377,372,5,0,0,372,25,2.469,0.0013,0,0
1481,39500,6.969,374,false,3,377,372,5,0,0,372,25,2.469,0.0013,0,0
1482,39507,7.053,374,false,3,378,372,6,0,0,372,25,2.469,0.0013,0,0
1483,39514,6.713,374,false,3,378,372,6,0,0,372,25,2.469,0.0013,0,0
1484,39521,6.91,375,true,3,378,373,5,0,0,373,25,2.8885,0.0016,0,0
1485,39528,6.86,375,false,3,379,373,6,0,0,373,25,2.8885,0.0016,0,0
1486,39536,6.964,375,false,3,379,373,6,0,0,373,25,2.8885,0.0016,0,0
1487,39542,6.837,375,false,3,379,373,6,0,0,374,25,2.8885,0.0016,0,0
1488,39551,9.468,376,true,3,380,374,6,0,0,374,25,2.2958,0.0014,0,0
1489,39556,4.376,376,false,3,380,374,6,0,0,374,25,2.2958,0.0014,0,0
1490,39563,6.864,376,false,3,380,374,6,0,0,374,25,2.2958,0.0014,0,0
1491,39570,6.934,376,false,3,381,374,7,0,0,375,25,2.622,0.0023,0,0
1492,39580,10.611,377,true,3,381,375,6,0,0,375,24,2.622,0.0023,0,0
1493,39583,3.135,377,false,3,381,375,6,0,0,375,24,2.622,0.0023,0,0
1494,39590,6.984,377,false,3,381,375,6,0,0,376,24,2.622,0.0023,0,0
1495,39601,10.452,378,true,3,382,376,6,0,0,376,24,2.6639,0.002,0,0
1496,39604,3.307,378,false,3,382,376,6,0,0,376,24,2.6639,0.002,0,0
1497,39611,6.878,378,false,3,382,376,6,0,0,376,24,2.6639,0.002,0,0
1498,39618,6.894,378,false,3,383,376,7,0,0,377,24,2.6639,0.002,0,0
1499,39626,7.963,379,true,2,383,377,6,0,0,377,20,2.7838,0.0017,0,0
1500,39632,5.84,379,false,2,383,377,6,0,0,377,20,2.7838,0.0017,0,0
1501,39638,6.926,379,false,2,383,377,6,0,0,377,20,2.7838,0.0017,0,0
1502,39645,6.865,379,false,2,384,377,7,0,0,378,20,2.2382,0.0014,0,0
1503,39655,10.209,380,true,3,384,378,6,0,0,378,32,2.2382,0.0014,0,0
1504,39659,3.627,380,false,3,384,378,6,0,0,378,32,2.2382,0.0014,0,0
1505,39666,6.87,380,false,3,384,378,6,0,0,379,32,2.2382,0.0014,0,0
1506,39675,8.887,381,true,3,385,379,6,0,0,379,32,3.2226,0.0019,0,0
1507,39680,4.904,381,false,3,385,379,6,0,0,379,32,3.2226,0.0019,0,0
1508,39687,6.902,381,false,3,385,379,6,0,0,379,32,3.2226,0.0019,0,0
1509,39696,9.157,382,true,3,386,380,6,0,0,380,32,2.2339,0.002,0,0
1510,39701,4.659,382,false,3,386,380,6,0,0,380,32,2.2339,0.002,0,0
1511,39707,6.915,382,false,3,386,380,6,0,0,380,32,2.2339,0.002,0,0
1512,39714,6.88,382,false,3,387,380,7,0,0,381,32,2.2339,0.002,0,0
1513,39722,7.69,383,true,2,387,381,6,0,0,381,25,2.4795,0.0017,0,0
1514,39728,6.136,383,false,2,387,381,6,0,0,381,25,2.4795,0.0017,0,0
1515,39735,6.864,383,false,2,387,381,6,0,0,382,25,2.4795,0.0017,0,0
1516,39744,8.835,384,true,3,388,382,6,0,0,382,25,2.6719,0.0015,0,0
1517,39749,4.972,384,false,3,388,382,6,0,0,382,25,2.6719,0.0015,0,0
1518,39756,6.89,384,false,3,388,382,6,0,0,382,25,2.6719,0.0015,0,0
1519,39763,6.952,384,false,3,389,382,7,0,0,383,25,3.3644,0.0022,0,0
1520,39772,9.225,385,true,3,389,383,6,0,0,383,54,3.3644,0.0022,0,0
1521,39776,4.555,385,false,3,389,383,6,0,0,383,54,3.3644,0.0022,0,0
1522,39783,6.869,385,false,3,389,383,6,0,0,384,54,3.3644,0.0022,0,0
1523,39791,8.253,386,true,2,390,384,6,0,0,384,54,2.2833,0.0022,0,0
1524,39797,5.556,386,false,2,390,384,6,0,0,384,54,2.2833,0.0022,0,0
1525,39804,6.896,386,false,2,390,384,6,0,0,384,54,2.2833,0.0022,0,0
1526,39813,9.002,387,true,2,391,385,6,0,0,385,54,2.2808,0.0014,0,0
1527,39818,4.795,387,false,2,391,385,6,0,0,385,54,2.2808,0.0014,0,0
1528,39825,6.948,387,false,2,391,385,6,0,0,385,54,2.2808,0.0014,0,0
1529,39832,6.854,387,false,2,392,385,7,0,0,386,54,2.3052,0.0015,0,0
1530,39841,9.093,388,true,3,392,386,6,0,0,386,28,2.3052,0.0015,0,0
1531,39845,4.726,388,false,3,392,386,6,0,0,386,28,2.3052,0.0015,0,0
1532,39852,6.888,388,false,3,392,386,6,0,0,387,28,2.3052,0.0015,0,0
1533,39860,8.154,389,true,2,393,387,6,0,0,387,28,2.6776,0.0016,0,0
1534,39866,5.653,389,false,2,393,387,6,0,0,387,28,2.6776,0.0016,0,0
1535,39873,6.935,389,false,2,393,387,6,0,0,387,28,2.6776,0.0016,0,0
1536,39880,6.845,389,false,2,394,387,7,0,0,388,28,2.6776,0.0016,0,0
1537,39887,7.317,390,true,2,394,388,6,0,0,388,18,2.6922,0.0017,0,0
1538,39894,6.516,390,false,2,394,388,6,0,0,388,18,2.6922,0.0017,0,0
1539,39901,6.869,390,false,2,394,388,6,0,0,388,18,2.6922,0.0017,0,0
1540,39908,6.929,390,false,2,395,388,7,0,0,389,18,3.2476,0.002,0,0
1541,39917,9.563,391,true,2,395,389,6,0,0,389,19,3.2476,0.002,0,0
1542,39921,4.208,391,false,2,395,389,6,0,0,389,19,3.2476,0.002,0,0
1543,39928,6.929,391,false,2,395,389,6,0,0,389,19,3.2476,0.002,0,0
1544,39937,9.317,392,true,2,396,390,6,0,0,390,19,2.0477,0.0014,0,0
1545,39942,4.488,392,false,2,396,390,6,0,0,390,19,2.0477,0.0014,0,0
1546,39949,6.875,392,false,2,397,390,7,0,0,390,19,2.0477,0.0014,0,0
1547,39956,6.898,392,false,2,397,390,7,0,0,390,29,2.0477,0.0014,0,0
1548,39963,6.962,392,false,2,397,390,7,0,0,391,20,2.595,0.0019,0,0
1549,39974,11.363,393,true,2,397,391,6,0,0,391,50,2.595,0.0019,0,0
1550,39976,2.383,393,false,2,397,391,6,0,0,391,50,2.595,0.0019,0,0
1551,39983,6.891,393,false,2,397,391,6,0,0,391,50,2.595,0.0019,0,0
1552,39994,10.641,394,true,4,398,392,6,0,0,392,50,3.3661,0.0024,0,0
1553,39997,3.151,394,false,4,398,392,6,0,0,392,50,3.3661,0.0024,0,0
1554,40004,6.913,394,false,4,398,392,6,0,0,392,50,3.3661,0.0024,0,0
1555,40011,6.922,394,false,4,399,392,7,0,0,392,50,3.3661,0.0024,0,0
1556,40018,6.872,394,false,4,399,392,7,0,0,393,24,3.3661,0.0024,0,0
1557,40027,8.591,395,true,3,399,393,6,0,0,393,24,2.7714,0.0013,0,0
1558,40032,5.202,395,false,3,399,393,6,0,0,393,24,2.7714,0.0013,0,0
1559,40039,6.906,395,false,3,399,393,6,0,0,393,24,2.7714,0.0013,0,0
1560,40052,13.613,396,true,2,400,394,6,0,0,394,24,3.0086,0.0019,0,0
1561,40053,1.362,396,false,2,400,394,6,0,0,394,24,3.0086,0.0019,0,0
1562,40059,5.755,396,false,2,400,394,6,0,0,394,24,3.0086,0.0019,0,0
1563,40066,6.872,396,false,2,401,394,7,0,0,395,24,3.0086,0.0019,0,0
1564,40074,8.062,397,true,2,401,395,6,0,0,395,19,5.3651,0.002,0,0
1565,40080,5.74,397,false,2,401,395,6,0,0,395,19,5.3651,0.002,0,0
1566,40087,6.9,397,false,2,401,395,6,0,0,395,19,5.3651,0.002,0,0
1567,40094,6.945,397,false,2,402,395,7,0,0,396,19,2.1944,0.0019,0,0
1568,40102,8.224,398,true,2,402,396,6,0,0,396,21,2.1944,0.0019,0,0
1569,40109,5.556,398,false,2,402,396,6,0,0,396,21,2.1944,0.0019,0,0
1570,40114,6.867,398,false,2,402,396,6,0,0,397,21,2.1944,0.0019,0,0
1571,40122,8.079,399,true,2,403,397,6,0,0,397,21,2.427,0.0014,0,0
1572,40128,5.76,399,false,2,403,397,6,0,0,397,21,2.427,0.0014,0,0
1573,40135,6.87,399,false,2,403,397,6,0,0,397,21,2.427,0.0014,0,0
1574,40145,9.366,400,true,3,404,398,6,0,0,398,21,2.4059,0.0022,0,0
1575,40149,4.435,400,false,3,404,398,6,0,0,398,21,2.4059,0.0022,0,0
1576,40156,7.027,400,false,3,404,398,6,0,0,398,21,2.4059,0.0022,0,0
1577,40163,6.808,400,false,3,405,398,7,0,0,399,21,2.5753,0.002,0,0
1578,40172,9.147,401,true,2,405,399,6,0,0,399,20,2.5753,0.002,0,0
1579,40177,4.653,401,false,2,405,399,6,0,0,399,20,2.5753,0.002,0,0
1580,40184,6.867,401,false,2,405,399,6,0,0,399,20,2.5753,0.002,0,0
1581,40195,11.057,402,true,3,406,400,6,0,0,400,20,2.2679,0.0016,0,0
1582,40197,2.718,402,false,3,406,400,6,0,0,400,20,2.2679,0.0016,0,0
1583,40204,6.912,402,false,3,407,400,7,0,0,400,20,2.2679,0.0016,0,0
1584,40211,6.955,402,false,3,407,400,7,0,0,401,21,2.9779,0.0015,0,0
1585,40221,9.816,403,true,3,407,401,6,0,0,401,26,2.9779,0.0015,0,0
1586,40225,3.99,403,false,3,407,401,6,0,0,401,26,2.9779,0.0015,0,0
1587,40232,6.889,403,false,3,407,401,6,0,0,402,26,2.9779,0.0015,0,0
1588,40242,10.071,404,true,3,408,402,6,0,0,402,26,2.449,0.0019,0,0
1589,40246,3.72,404,false,3,408,402,6,0,0,402,26,2.449,0.0019,0,0
1590,40253,6.868,404,false,3,408,402,6,0,0,402,26,2.449,0.0019,0,0
1591,40259,6.935,404,false,3,409,402,7,0,0,403,26,3.0376,0.002,0,0
1592,40268,8.89,405,true,3,409,403,6,0,0,403,187,3.0376,0.002,0,0
1593,40273,4.916,405,false,3,409,403,6,0,0,403,187,3.0376,0.002,0,0
1594,40280,6.856,405,false,3,409,403,6,0,0,404,187,3.0376,0.002,0,0
1595,40289,8.618,406,true,3,410,404,6,0,0,404,187,2.4949,0.0019,0,0
1596,40294,5.214,406,false,3,410,404,6,0,0,404,187,2.4949,0.0019,0,0
1597,40301,6.869,406,false,3,410,404,6,0,0,404,187,2.4949,0.0019,0,0
1598,40308,6.94,406,false,3,411,404,7,0,0,405,187,2.4949,0.0019,0,0
1599,40316,8.002,407,true,2,411,405,6,0,0,405,24,2.353,0.002,0,0
1600,40322,5.762,407,false,2,411,405,6,0,0,405,24,2.353,0.002,0,0
1601,40328,6.932,407,false,2,411,405,6,0,0,405,24,2.353,0.002,0,0
1602,40335,6.864,407,false,2,412,405,7,0,0,406,24,2.2704,0.0023,0,0
1603,40344,8.394,408,true,2,412,406,6,0,0,406,19,2.2704,0.0023,0,0
1604,40349,5.417,408,false,2,412,406,6,0,0,406,19,2.2704,0.0023,0,0
1605,40356,6.903,408,false,2,412,406,6,0,0,406,19,2.2704,0.0023,0,0
1606,40366,9.646,409,true,2,413,407,6,0,0,407,19,3.3552,0.0021,0,0
1607,40370,4.137,409,false,2,413,407,6,0,0,407,19,3.3552,0.0021,0,0
1608,40377,6.975,409,false,2,413,407,6,0,0,407,19,3.3552,0.0021,0,0
1609,40384,6.834,409,false,2,414,407,7,0,0,408,19,3.3552,0.0021,0,0
1610,40393,9.695,410,true,3,414,408,6,0,0,408,24,2.7656,0.0012,0,0
1611,40397,4.097,410,false,3,414,408,6,0,0,408,24,2.7656,0.0012,0,0
1612,40404,6.907,410,false,3,414,408,6,0,0,408,24,2.7656,0.0012,0,0
1613,40411,6.938,410,false,3,415,408,7,0,0,409,24,2.2736,0.0015,0,0
1614,40419,7.453,411,true,2,415,409,6,0,0,409,19,2.2736,0.0015,0,0
1615,40425,6.334,411,false,2,415,409,6,0,0,409,19,2.2736,0.0015,0,0
1616,40432,6.872,411,false,2,415,409,6,0,0,410,19,2.5162,0.0014,0,0
1617,40441,8.91,412,true,2,416,410,6,0,0,410,19,2.5162,0.0014,0,0
1618,40446,4.924,412,false,2,416,410,6,0,0,410,19,2.5162,0.0014,0,0
1619,40453,6.875,412,false,2,417,410,7,0,0,410,19,2.5162,0.0014,0,0
1620,40463,10.347,413,true,3,417,411,6,0,0,411,29,4.4154,0.0033,0,0
1621,40466,3.44,413,false,3,417,411,6,0,0,411,29,4.4154,0.0033,0,0
1622,40473,6.946,413,false,3,417,411,6,0,0,411,29,4.4154,0.0033,0,0
1623,40480,6.857,413,false,3,418,411,7,0,0,412,29,4.4154,0.0033,0,0
1624,40491,10.595,414,true,4,418,412,6,0,0,412,21,2.7254,0.0022,0,0
1625,40494,3.243,414,false,4,418,412,6,0,0,412,21,2.7254,0.0022,0,0
1626,40501,6.856,414,false,4,418,412,6,0,0,412,21,2.7254,0.0022,0,0
1627,40508,6.956,414,false,4,419,412,7,0,0,413,21,2.7254,0.0022,0,0
1628,40516,8.026,415,true,2,419,413,6,0,0,413,19,2.916,0.0015,0,0
1629,40522,5.73,415,false,2,419,413,6,0,0,413,19,2.916,0.0015,0,0
1630,40529,6.941,415,false,2,419,413,6,0,0,413,19,2.916,0.0015,0,0
1631,40539,10.853,416,true,4,420,414,6,0,0,414,19,2.7663,0.0022,0,0
1632,40542,2.914,416,false,4,420,414,6,0,0,414,19,2.7663,0.0022,0,0
1633,40549,6.89,416,false,4,420,414,6,0,0,414,19,2.7663,0.0022,0,0
1634,40556,6.901,416,false,4,421,414,7,0,0,415,19,2.7663,0.0022,0,0
1635,40564,8.496,417,true,2,421,415,6,0,0,415,20,2.2539,0.0016,0,0
1636,40570,5.297,417,false,2,421,415,6,0,0,415,20,2.2539,0.0016,0,0
1637,40577,6.953,417,false,2,421,415,6,0,0,415,20,2.2539,0.0016,0,0
1638,40586,9.337,418,true,3,422,416,6,0,0,416,20,2.2281,0.0019,0,0
1639,40591,4.471,418,false,3,422,416,6,0,0,416,20,2.2281,0.0019,0,0
1640,40598,6.861,418,false,3,422,416,6,0,0,416,20,2.2281,0.0019,0,0
1641,40604,6.88,418,false,3,423,416,7,0,0,417,20,2.0982,0.0018,0,0
1642,40614,10.017,419,true,3,423,417,6,0,0,417,220,2.0982,0.0018,0,0
1643,40618,3.8,419,false,3,423,417,6,0,0,417,220,2.0982,0.0018,0,0
1644,40625,6.93,419,false,3,423,417,6,0,0,417,220,2.0982,0.0018,0,0
1645,40636,10.457,420,true,3,424,418,6,0,0,418,220,2.0366,0.0018,0,0
1646,40639,3.3,420,false,3,424,418,6,0,0,418,220,2.0366,0.0018,0,0
1647,40646,6.958,420,false,3,424,418,6,0,0,418,220,2.0366,0.0018,0,0
1648,40653,6.838,420,false,3,425,418,7,0,0,419,220,2.0366,0.0018,0,0
1649,40665,11.694,421,true,3,425,419,6,0,0,419,20,4.8167,0.0027,0,0
1650,40667,2.564,421,false,3,425,419,6,0,0,419,20,4.8167,0.0027,0,0
1651,40674,6.576,421,false,3,425,419,6,0,0,419,20,4.8167,0.0027,0,0
1652,40681,6.77,421,false,3,426,419,7,0,0,419,20,4.8167,0.0027,0,0
1653,40687,6.923,421,false,3,426,419,7,0,0,420,71,4.8167,0.0027,0,0
1654,40697,9.899,422,true,3,426,420,6,0,0,420,31,2.8683,0.0024,0,0
1655,40701,3.871,422,false,3,426,420,6,0,0,420,31,2.8683,0.0024,0,0
1656,40708,7.033,422,false,3,427,420,7,0,0,420,31,2.8683,0.0024,0,0
1657,40719,10.696,423,true,3,427,421,6,0,0,421,23,2.8798,0.0024,0,0
1658,40722,2.978,423,false,3,427,421,6,0,0,421,23,2.8798,0.0024,0,0
1659,40729,6.955,423,false,3,427,421,6,0,0,421,23,2.8798,0.0024,0,0
1660,40736,6.843,423,false,3,428,421,7,0,0,422,23,2.8798,0.0024,0,0
1661,40750,13.966,424,true,4,428,422,6,0,0,422,33,4.1667,0.003,0,0
1662,40752,2.565,424,false,4,428,422,6,0,0,422,33,4.1667,0.003,0,0
1663,40757,4.517,424,false,4,428,422,6,0,0,422,33,4.1667,0.003,0,0
1664,40763,6.682,424,false,4,429,422,7,0,0,422,33,4.1667,0.003,0,0
1665,40777,13.343,425,true,4,429,423,6,0,0,423,30,3.1639,0.0029,0,0
1666,40779,2.116,425,false,4,429,423,6,0,0,423,30,3.1639,0.0029,0,0
1667,40784,5.236,425,false,4,429,423,6,0,0,423,30,3.1639,0.0029,0,0
1668,40791,6.968,425,false,4,430,423,7,0,0,423,30,3.1639,0.0029,0,0
1669,40810,19.306,426,true,11,430,424,6,0,0,424,31,3.1218,0.0018,0,0
1670,40813,2.514,426,false,11,430,424,6,0,0,424,31,3.1218,0.0018,0,0
1671,40817,4.364,426,false,11,431,424,7,0,0,424,31,3.1218,0.0018,0,0
1672,40824,6.951,426,false,11,431,424,7,0,0,424,29,3.1218,0.0018,0,0
1673,40831,6.862,426,false,11,431,424,7,0,0,425,34,3.1218,0.0018,0,0
1674,40841,9.934,427,true,3,431,425,6,0,0,425,29,3.6654,0.0041,0,0
1675,40845,3.89,427,false,3,431,425,6,0,0,425,29,3.6654,0.0041,0,0
1676,40852,6.864,427,false,3,431,425,6,0,0,425,29,3.6654,0.0041,0,0
1677,40859,6.941,427,false,3,432,425,7,0,0,426,29,3.6654,0.0041,0,0
1678,40869,10.357,428,true,3,432,426,6,0,0,426,26,3.169,0.0017,0,0
1679,40872,3.447,428,false,3,432,426,6,0,0,426,26,3.169,0.0017,0,0
1680,40879,6.856,428,false,3,432,426,6,0,0,426,26,3.169,0.0017,0,0
1681,40886,6.94,428,false,3,433,426,7,0,0,427,26,2.7093,0.002,0,0
1682,40895,9.277,429,true,3,433,427,6,0,0,427,26,2.7093,0.002,0,0
1683,40900,4.479,429,false,3,433,427,6,0,0,427,26,2.7093,0.002,0,0
1684,40907,6.946,429,false,3,434,427,7,0,0,427,26,2.7093,0.002,0,0
1685,40915,8.773,430,true,3,434,428,6,0,0,428,18,2.3387,0.0017,0,0
1686,40921,5.017,430,false,3,434,428,6,0,0,428,18,2.3387,0.0017,0,0
1687,40928,6.871,430,false,3,434,428,6,0,0,428,18,2.3387,0.0017,0,0
1688,40935,6.971,430,false,3,435,428,7,0,0,429,18,2.8677,0.0018,0,0
1689,40943,9.067,431,true,3,435,429,6,0,0,429,18,2.8677,0.0018,0,0
1690,40948,4.657,431,false,3,435,429,6,0,0,429,18,2.8677,0.0018,0,0
1691,40955,6.954,431,false,3,435,429,6,0,0,429,18,2.8677,0.0018,0,0
1692,40966,10.531,432,true,3,436,430,6,0,0,430,18,2.7839,0.0016,0,0
1693,40969,3.24,432,false,3,436,430,6,0,0,430,18,2.7839,0.0016,0,0
1694,40976,6.882,432,false,3,436,430,6,0,0,430,18,2.7839,0.0016,0,0
1695,40983,6.939,432,false,3,437,430,7,0,0,431,18,2.7839,0.0016,0,0
1696,40994,11.106,433,true,3,437,431,6,0,0,431,21,4.0772,0.0022,0,0
1697,40996,2.645,433,false,3,437,431,6,0,0,431,21,4.0772,0.0022,0,0
1698,41004,6.973,433,false,3,437,431,6,0,0,431,21,4.0772,0.0022,0,0
1699,41010,6.828,433,false,3,438,431,7,0,0,432,21,2.2415,0.0014,0,0
1700,41019,9.064,434,true,3,438,432,6,0,0,432,18,2.2415,0.0014,0,0
1701,41024,4.734,434,false,3,438,432,6,0,0,432,18,2.2415,0.0014,0,0
1702,41031,6.934,434,false,3,439,432,7,0,0,432,18,2.2415,0.0014,0,0
1703,41042,11.263,435,true,3,439,433,6,0,0,433,28,3.0328,0.0027,0,0
1704,41045,2.502,435,false,3,439,433,6,0,0,433,28,3.0328,0.0027,0,0
1705,41052,6.952,435,false,3,439,433,6,0,0,433,28,3.0328,0.0027,0,0
1706,41059,6.868,435,false,3,440,433,7,0,0,434,28,3.0328,0.0027,0,0
1707,41068,9.686,436,true,3,440,434,6,0,0,434,38,2.7645,0.0016,0,0
1708,41072,4.097,436,false,3,440,434,6,0,0,434,38,2.7645,0.0016,0,0
1709,41079,6.945,436,false,3,440,434,6,0,0,434,38,2.7645,0.0016,0,0
1710,41091,11.41,437,true,4,441,435,6,0,0,435,38,3.4329,0.0018,0,0
1711,41093,2.398,437,false,4,441,435,6,0,0,435,38,3.4329,0.0018,0,0
1712,41100,6.909,437,false,4,441,435,6,0,0,435,38,3.4329,0.0018,0,0
1713,41107,6.849,437,false,4,442,435,7,0,0,435,38,3.4329,0.0018,0,0
1714,41117,10.511,438,true,3,442,436,6,0,0,436,20,3.1331,0.0018,0,0
1715,41121,3.274,438,false,3,442,436,6,0,0,436,20,3.1331,0.0018,0,0
1716,41128,6.999,438,false,3,442,436,6,0,0,436,20,3.1331,0.0018,0,0
1717,41135,6.819,438,false,3,443,436,7,0,0,437,20,3.1331,0.0018,0,0
1718,41145,10.637,439,true,4,443,437,6,0,0,437,28,3.2637,0.0026,0,0
1719,41148,3.18,439,false,4,443,437,6,0,0,437,28,3.2637,0.0026,0,0
1720,41155,6.894,439,false,4,444,437,7,0,0,437,28,3.2637,0.0026,0,0
1721,41162,6.941,439,false,4,444,437,7,0,0,438,22,2.3801,0.0018,0,0
1722,41171,8.449,440,true,2,444,438,6,0,0,438,22,2.3801,0.0018,0,0
1723,41176,5.345,440,false,2,444,438,6,0,0,438,22,2.3801,0.0018,0,0
1724,41183,7.001,440,false,2,444,438,6,0,0,438,22,2.3801,0.0018,0,0
1725,41192,9.192,441,true,3,445,439,6,0,0,439,22,2.6783,0.0017,0,0
1726,41197,4.49,441,false,3,445,439,6,0,0,439,22,2.6783,0.0017,0,0
1727,41203,6.867,441,false,3,445,439,6,0,0,439,22,2.6783,0.0017,0,0
1728,41211,6.926,441,false,3,446,439,7,0,0,440,22,2.2806,0.0016,0,0
1729,41220,9.532,442,true,3,446,440,6,0,0,440,18,2.2806,0.0016,0,0
1730,41224,4.287,442,false,3,446,440,6,0,0,440,18,2.2806,0.0016,0,0
1731,41231,6.857,442,false,3,446,440,6,0,0,441,18,2.2806,0.0016,0,0
1732,41245,13.155,443,true,4,447,441,6,0,0,441,18,2.9649,0.0115,0,0
1733,41247,2.996,443,false,4,447,441,6,0,0,441,18,2.9649,0.0115,0,0
1734,41252,4.547,443,false,4,447,441,6,0,0,441,18,2.9649,0.0115,0,0
1735,41259,6.942,443,false,4,448,441,7,0,0,441,18,2.9649,0.0115,0,0
1736,41266,6.856,443,false,4,448,441,7,0,0,442,32,2.2786,0.0013,0,0
1737,41275,9.511,444,true,3,448,442,6,0,0,442,18,2.2786,0.0013,0,0
1738,41279,4.327,444,false,3,448,442,6,0,0,442,18,2.2786,0.0013,0,0
1739,41286,6.865,444,false,3,448,442,6,0,0,442,18,2.2786,0.0013,0,0
1740,41293,6.938,444,false,3,449,442,7,0,0,443,18,2.2786,0.0013,0,0
1741,41302,8.717,445,true,3,449,443,6,0,0,443,26,6.2375,0.003,0,0
1742,41307,5.036,445,false,3,449,443,6,0,0,443,26,6.2375,0.003,0,0
1743,41314,6.952,445,false,3,449,443,6,0,0,443,26,6.2375,0.003,0,0
1744,41321,6.858,445,false,3,450,443,7,0,0,444,26,2.0526,0.0015,0,0
1745,41331,10.502,446,true,3,450,444,6,0,0,444,186,2.0526,0.0015,0,0
1746,41334,3.282,446,false,3,450,444,6,0,0,444,186,2.0526,0.0015,0,0
1747,41341,6.902,446,false,3,450,444,6,0,0,444,186,2.0526,0.0015,0,0
1748,41348,6.947,446,false,3,451,444,7,0,0,445,186,1.9523,0.0011,0,0
1749,41361,12.785,447,true,4,451,445,6,0,0,445,17,1.9523,0.0011,0,0
1750,41363,2.283,447,false,4,451,445,6,0,0,445,17,1.9523,0.0011,0,0
1751,41370,6.751,448,true,4,451,446,5,0,0,446,17,3.3723,0.0021,0,0
1752,41376,5.731,448,false,4,452,446,6,0,0,446,17,3.3723,0.0021,0,0
1753,41383,6.952,448,false,4,452,446,6,0,0,446,17,3.3723,0.0021,0,0
1754,41390,6.862,448,false,4,452,446,6,0,0,446,17,3.3723,0.0021,0,0
1755,41398,8.253,449,true,2,453,447,6,0,0,447,17,3.5927,0.002,0,0
1756,41404,5.546,449,false,2,453,447,6,0,0,447,17,3.5927,0.002,0,0
1757,41412,8.628,449,false,2,453,447,6,0,0,447,17,3.5927,0.002,0,0
1758,41417,5.225,449,false,2,454,447,7,0,0,447,17,3.5927,0.002,0,0
1759,41426,8.07,450,true,2,454,448,6,0,0,448,44,3.6199,0.0024,0,0
1760,41431,5.702,450,false,2,454,448,6,0,0,448,44,3.6199,0.0024,0,0
1761,41438,6.877,450,false,2,454,448,6,0,0,448,44,3.6199,0.0024,0,0
1762,41445,6.888,450,false,2,455,448,7,0,0,449,44,3.6199,0.0024,0,0
1763,41454,8.825,451,true,3,455,449,6,0,0,449,23,2.4455,0.0012,0,0
1764,41459,4.975,451,false,3,455,449,6,0,0,449,23,2.4455,0.0012,0,0
1765,41466,6.963,451,false,3,455,449,6,0,0,449,23,2.4455,0.0012,0,0
1766,41473,6.843,451,false,3,456,449,7,0,0,449,23,2.4455,0.0012,0,0
1767,41479,6.899,451,false,3,456,449,7,0,0,450,25,2.3608,0.0013,0,0
1768,41488,8.27,452,true,2,456,450,6,0,0,450,24,2.3608,0.0013,0,0
1769,41493,5.528,452,false,2,456,450,6,0,0,450,24,2.3608,0.0013,0,0
1770,41500,6.997,452,false,2,456,450,6,0,0,450,24,2.3608,0.0013,0,0
1771,41514,14.061,453,true,2,457,451,6,0,0,451,24,4.0686,0.0031,0,0
1772,41516,1.81,453,false,2,457,451,6,0,0,451,24,4.0686,0.0031,0,0
1773,41521,5.129,453,false,2,457,451,6,0,0,451,24,4.0686,0.0031,0,0
1774,41528,6.879,453,false,2,458,451,7,0,0,452,24,4.0686,0.0031,0,0
1775,41537,9.488,454,true,3,458,452,6,0,0,452,24,2.1321,0.0019,0,0
1776,41542,4.295,454,false,3,458,452,6,0,0,452,24,2.1321,0.0019,0,0
1777,41549,6.914,454,false,3,458,452,6,0,0,452,24,2.1321,0.0019,0,0
1778,41557,8.609,455,true,2,459,453,6,0,0,453,24,2.5994,0.0023,0,0
1779,41563,5.184,455,false,2,459,453,6,0,0,453,24,2.5994,0.0023,0,0
1780,41570,6.939,455,false,2,459,453,6,0,0,453,24,2.5994,0.0023,0,0
1781,41577,6.88,455,false,2,460,453,7,0,0,454,24,2.1263,0.0014,0,0
1782,41586,9.234,456,true,3,460,454,6,0,0,454,20,2.1263,0.0014,0,0
1783,41590,4.545,456,false,3,460,454,6,0,0,454,20,2.1263,0.0014,0,0
1784,41597,6.906,456,false,3,460,454,6,0,0,455,20,2.1263,0.0014,0,0
1785,41606,8.706,457,true,2,461,455,6,0,0,455,20,4.3114,0.0017,0,0
1786,41611,5.091,457,false,2,461,455,6,0,0,455,20,4.3114,0.0017,0,0
1787,41618,6.942,457,false,2,461,455,6,0,0,455,20,4.3114,0.0017,0,0
1788,41625,6.859,457,false,2,462,455,7,0,0,456,20,4.3114,0.0017,0,0
1789,41632,7.662,458,true,2,462,456,6,0,0,456,19,2.3417,0.0018,0,0
1790,41639,6.243,458,false,2,462,456,6,0,0,456,19,2.3417,0.0018,0,0
1791,41645,6.793,458,false,2,463,456,7,0,0,456,19,2.3417,0.0018,0,0
1792,41652,6.947,458,false,2,463,456,7,0,0,457,21,2.4147,0.0013,0,0
1793,41663,10.485,459,true,3,463,457,6,0,0,457,20,2.4147,0.0013,0,0
1794,41666,3.304,459,false,3,463,457,6,0,0,457,20,2.4147,0.0013,0,0
1795,41673,6.868,459,false,3,463,457,6,0,0,457,20,2.4147,0.0013,0,0
1796,41688,15.136,460,true,5,464,458,6,0,0,458,20,2.3831,0.0026,0,0
1797,41690,1.949,460,false,5,464,458,6,0,0,458,20,2.3831,0.0026,0,0
1798,41695,4.965,460,false,5,464,458,6,0,0,458,20,2.3831,0.0026,0,0
1799,41702,6.955,460,false,5,465,458,7,0,0,458,20,2.3831,0.0026,0,0
1800,41709,6.835,460,false,5,465,458,7,0,0,459,25,2.3831,0.0026,0,0
1801,41718,8.928,461,true,2,465,459,6,0,0,459,48,3.7946,0.0023,0,0
1802,41723,4.916,461,false,2,465,459,6,0,0,459,48,3.7946,0.0023,0,0
1803,41730,6.873,461,false,2,465,459,6,0,0,459,48,3.7946,0.0023,0,0
1804,41738,8.897,462,true,2,466,460,6,0,0,460,48,2.2685,0.002,0,0
1805,41743,4.896,462,false,2,466,460,6,0,0,460,48,2.2685,0.002,0,0
1806,41751,6.902,462,false,2,466,460,6,0,0,460,48,2.2685,0.002,0,0
1807,41757,6.935,462,false,2,467,460,7,0,0,461,48,2.2685,0.002,0,0
1808,41767,9.835,463,true,3,467,461,6,0,0,461,32,2.6659,0.0011,0,0
1809,41771,3.941,463,false,3,467,461,6,0,0,461,32,2.6659,0.0011,0,0
1810,41778,6.882,463,false,3,467,461,6,0,0,461,32,2.6659,0.0011,0,0
1811,41786,8.338,464,true,2,468,462,6,0,0,462,32,2.4397,0.0017,0,0
1812,41792,5.453,464,false,2,468,462,6,0,0,462,32,2.4397,0.0017,0,0
1813,41799,6.907,464,false,2,468,462,6,0,0,462,32,2.4397,0.0017,0,0
1814,41805,6.929,464,false,2,469,462,7,0,0,463,32,2.4397,0.0017,0,0
1815,41815,9.737,465,true,3,469,463,6,0,0,463,20,2.2568,0.0016,0,0
1816,41819,4.048,465,false,3,469,463,6,0,0,463,20,2.2568,0.0016,0,0
1817,41826,6.888,465,false,3,469,463,6,0,0,463,20,2.2568,0.0016,0,0
1818,41836,9.914,466,true,3,470,464,6,0,0,464,20,2.2354,0.0015,0,0
1819,41840,3.936,466,false,3,470,464,6,0,0,464,20,2.2354,0.0015,0,0
1820,41847,6.853,466,false,3,470,464,6,0,0,464,20,2.2354,0.0015,0,0
1821,41854,6.941,466,false,3,471,464,7,0,0,465,20,2.2483,0.0018,0,0
1822,41863,9.488,467,true,3,471,465,6,0,0,465,32,2.2483,0.0018,0,0
1823,41868,4.303,467,false,3,471,465,6,0,0,465,32,2.2483,0.0018,0,0
1824,41875,6.871,467,false,3,471,465,6,0,0,466,32,2.2483,0.0018,0,0
1825,41887,11.88,468,true,4,472,466,6,0,0,466,32,2.8084,0.0029,0,0
1826,41889,2.615,468,false,4,472,466,6,0,0,466,32,2.8084,0.0029,0,0
1827,41895,6.194,468,false,4,473,466,7,0,0,466,32,2.8084,0.0029,0,0
1828,41902,6.992,468,false,4,473,466,7,0,0,467,30,2.8084,0.0029,0,0
1829,41914,11.607,469,true,4,473,467,6,0,0,467,39,6.2276,0.003,0,0
1830,41916,2.093,469,false,4,473,467,6,0,0,467,39,6.2276,0.003,0,0
1831,41923,6.954,469,false,4,473,467,6,0,0,467,39,6.2276,0.003,0,0
1832,41930,6.856,469,false,4,474,467,7,0,0,467,39,6.2276,0.003,0,0
1833,41937,6.952,469,false,4,474,467,7,0,0,468,31,2.298,0.0018,0,0
1834,41947,10.624,470,true,4,474,468,6,0,0,468,20,2.298,0.0018,0,0
1835,41951,3.124,470,false,4,474,468,6,0,0,468,20,2.298,0.0018,0,0
1836,41958,6.97,470,false,4,474,468,6,0,0,468,20,2.298,0.0018,0,0
1837,41968,10.38,471,true,2,475,469,6,0,0,469,20,2.4061,0.0019,0,0
1838,41971,3.397,471,false,2,475,469,6,0,0,469,20,2.4061,0.0019,0,0
1839,41978,6.884,471,false,2,475,469,6,0,0,469,20,2.4061,0.0019,0,0
1840,41985,6.893,471,false,2,476,469,7,0,0,469,20,2.4061,0.0019,0,0
1841,41992,6.893,471,false,2,476,469,7,0,0,470,19,2.8961,0.0022,0,0
1842,42003,11.079,472,true,4,476,470,6,0,0,470,31,2.8961,0.0022,0,0
1843,42005,2.729,472,false,4,476,470,6,0,0,470,31,2.8961,0.0022,0,0
1844,42013,6.892,472,false,4,476,470,6,0,0,470,31,2.8961,0.0022,0,0
1845,42023,10.14,473,true,3,477,471,6,0,0,471,31,2.9386,0.0014,0,0
1846,42026,3.645,473,false,3,477,471,6,0,0,471,31,2.9386,0.0014,0,0
1847,42033,6.907,473,false,3,477,471,6,0,0,471,31,2.9386,0.0014,0,0
1848,42040,6.948,473,false,3,478,471,7,0,0,472,31,2.9386,0.0014,0,0
1849,42049,8.935,474,true,3,478,472,6,0,0,472,22,2.9445,0.0022,0,0
1850,42054,4.844,474,false,3,478,472,6,0,0,472,22,2.9445,0.0022,0,0
1851,42061,6.869,474,false,3,478,472,6,0,0,472,22,2.9445,0.0022,0,0
1852,42068,6.94,474,false,3,479,472,7,0,0,473,22,2.9445,0.0022,0,0
1853,42078,10.579,475,true,4,479,473,6,0,0,473,24,3.4752,0.0027,0,0
1854,42082,3.167,475,false,4,479,473,6,0,0,473,24,3.4752,0.0027,0,0
1855,42088,6.955,475,false,4,479,473,6,0,0,473,24,3.4752,0.0027,0,0
1856,42096,6.889,475,false,4,480,473,7,0,0,474,24,2.3415,0.0017,0,0
1857,42108,12.684,476,true,4,480,474,6,0,0,474,38,2.3415,0.0017,0,0
1858,42110,2.216,476,false,4,480,474,6,0,0,474,38,2.3415,0.0017,0,0
1859,42116,5.755,476,false,4,480,474,6,0,0,474,38,2.3415,0.0017,0,0
1860,42123,6.951,476,false,4,481,474,7,0,0,475,38,2.3415,0.0017,0,0
1861,42135,11.757,477,true,4,481,475,6,0,0,475,24,5.3175,0.0037,0,0
1862,42137,2.199,477,false,4,481,475,6,0,0,475,24,5.3175,0.0037,0,0
1863,42144,6.701,477,false,4,481,475,6,0,0,475,24,5.3175,0.0037,0,0
1864,42151,6.908,477,false,4,482,475,7,0,0,475,24,5.3175,0.0037,0,0
1865,42162,11.195,478,true,4,482,476,6,0,0,476,33,2.2874,0.0017,0,0
1866,42164,2.592,478,false,4,482,476,6,0,0,476,33,2.2874,0.0017,0,0
1867,42172,7.298,478,false,4,483,476,7,0,0,476,33,2.2874,0.0017,0,0
1868,42178,6.511,478,false,4,483,476,7,0,0,477,24,2.2874,0.0017,0,0
1869,42187,8.771,479,true,2,483,477,6,0,0,477,26,2.471,0.0023,0,0
1870,42192,5.033,479,false,2,483,477,6,0,0,477,26,2.471,0.0023,0,0
1871,42199,6.907,479,false,2,483,477,6,0,0,477,26,2.471,0.0023,0,0
1872,42206,6.96,479,false,2,484,477,7,0,0,478,26,2.471,0.0023,0,0
1873,42215,9.229,480,true,3,484,478,6,0,0,478,31,2.5645,0.0017,0,0
1874,42220,4.55,480,false,3,484,478,6,0,0,478,31,2.5645,0.0017,0,0
1875,42227,6.856,480,false,3,484,478,6,0,0,478,31,2.5645,0.0017,0,0
1876,42240,13.514,481,true,3,485,479,6,0,0,479,31,4.3567,0.0017,0,0
1877,42241,1.521,481,false,3,485,479,6,0,0,479,31,4.3567,0.0017,0,0
1878,42247,5.664,481,false,3,485,479,6,0,0,479,31,4.3567,0.0017,0,0
1879,42254,6.932,481,false,3,486,479,7,0,0,479,31,4.3567,0.0017,0,0
1880,42270,15.709,482,true,8,486,480,6,0,0,480,27,1.9525,0.0014,0,0
1881,42272,2.337,482,false,8,486,480,6,0,0,480,27,1.9525,0.0014,0,0
1882,42277,4.567,482,false,8,486,480,6,0,0,480,27,1.9525,0.0014,0,0
1883,42283,6.913,482,false,8,487,480,7,0,0,481,27,2.3576,0.0014,0,0
1884,42293,9.03,483,true,3,487,481,6,0,0,481,19,2.3576,0.0014,0,0
1885,42297,4.748,483,false,3,487,481,6,0,0,481,19,2.3576,0.0014,0,0
1886,42304,6.984,483,false,3,487,481,6,0,0,482,19,2.3576,0.0014,0,0
1887,42314,9.913,484,true,3,488,482,6,0,0,482,19,2.9938,0.002,0,0
1888,42318,3.818,484,false,3,488,482,6,0,0,482,19,2.9938,0.002,0,0
1889,42325,6.945,484,false,3,488,482,6,0,0,482,19,2.9938,0.002,0,0
1890,42332,6.848,484,false,3,489,482,7,0,0,483,19,4.1675,0.0018,0,0
1891,42342,9.803,485,true,2,489,483,6,0,0,483,25,4.1675,0.0018,0,0
1892,42346,3.995,485,false,2,489,483,6,0,0,483,25,4.1675,0.0018,0,0
1893,42353,6.909,485,false,2,489,483,6,0,0,483,25,4.1675,0.0018,0,0
1894,42360,6.988,485,false,2,490,483,7,0,0,484,25,2.3881,0.0013,0,0
1895,42370,9.921,486,true,3,490,484,6,0,0,484,59,2.3881,0.0013,0,0
1896,42373,3.806,486,false,3,490,484,6,0,0,484,59,2.3881,0.0013,0,0
1897,42380,6.886,486,false,3,490,484,6,0,0,484,59,2.3881,0.0013,0,0
1898,42388,6.977,486,false,3,491,484,7,0,0,485,59,2.3881,0.0013,0,0
1899,42398,11.011,487,true,3,491,485,6,0,0,485,45,5.4549,0.0053,0,0
1900,42401,2.692,487,false,3,491,485,6,0,0,485,45,5.4549,0.0053,0,0
1901,42408,6.95,487,false,3,491,485,6,0,0,485,45,5.4549,0.0053,0,0
1902,42415,6.862,487,false,3,492,485,7,0,0,486,45,5.4549,0.0053,0,0
1903,42424,9.968,488,true,3,492,486,6,0,0,486,20,2.2891,0.0017,0,0
1904,42429,3.824,488,false,3,492,486,6,0,0,486,20,2.2891,0.0017,0,0
1905,42435,6.908,488,false,3,493,486,7,0,0,486,20,2.2891,0.0017,0,0
1906,42442,6.943,488,false,3,493,486,7,0,0,487,19,2.2891,0.0017,0,0
1907,42451,9.217,489,true,3,493,487,6,0,0,487,26,3.7145,0.0021,0,0
1908,42456,4.58,489,false,3,493,487,6,0,0,487,26,3.7145,0.0021,0,0
1909,42463,6.847,489,false,3,493,487,6,0,0,487,26,3.7145,0.0021,0,0
1910,42473,10.235,490,true,3,494,488,6,0,0,488,26,2.4096,0.0014,0,0
1911,42477,3.568,490,false,3,494,488,6,0,0,488,26,2.4096,0.0014,0,0
1912,42484,6.911,490,false,3,494,488,6,0,0,488,26,2.4096,0.0014,0,0
1913,42491,6.964,490,false,3,495,488,7,0,0,488,26,2.4096,0.0014,0,0
1914,42498,6.839,490,false,3,495,488,7,0,0,489,33,2.7852,0.0016,0,0
1915,42506,8.597,491,true,3,495,489,6,0,0,489,19,2.7852,0.0016,0,0
1916,42511,5.2,491,false,3,495,489,6,0,0,489,19,2.7852,0.0016,0,0
1917,42518,6.903,491,false,3,495,489,6,0,0,490,19,2.7852,0.0016,0,0
1918,42530,12.011,492,true,3,496,490,6,0,0,490,19,4.0908,0.0029,0,0
1919,42532,2.117,492,false,3,496,490,6,0,0,490,19,4.0908,0.0029,0,0
1920,42539,6.615,492,false,3,496,490,6,0,0,490,19,4.0908,0.0029,0,0
1921,42546,6.855,492,false,3,497,490,7,0,0,490,19,4.0908,0.0029,0,0
1922,42553,6.889,493,true,2,497,491,6,0,0,491,27,3.8243,0.002,0,0
1923,42560,6.947,493,false,2,497,491,6,0,0,491,18,3.8243,0.002,0,0
1924,42567,6.864,493,false,2,497,491,6,0,0,491,18,3.8243,0.002,0,0
1925,42573,6.936,493,false,2,497,491,6,0,0,492,18,3.8243,0.002,0,0
1926,42582,8.344,494,true,2,498,492,6,0,0,492,18,1.936,0.0011,0,0
1927,42587,5.444,494,false,2,498,492,6,0,0,492,18,1.936,0.0011,0,0
1928,42594,6.878,494,false,2,498,492,6,0,0,492,18,1.936,0.0011,0,0
1929,42602,7.886,495,true,3,499,493,6,0,0,493,18,2.1265,0.0017,0,0
1930,42608,5.97,495,false,3,499,493,6,0,0,493,18,2.1265,0.0017,0,0
1931,42615,6.835,495,false,3,499,493,6,0,0,493,18,2.1265,0.0017,0,0
1932,42624,9.263,496,true,3,500,494,6,0,0,494,18,2.9538,0.0024,0,0
1933,42628,4.547,496,false,3,500,494,6,0,0,494,18,2.9538,0.0024,0,0
1934,42636,6.896,496,false,3,500,494,6,0,0,494,18,2.9538,0.0024,0,0
1935,42642,6.933,496,false,3,501,494,7,0,0,495,18,2.9538,0.0024,0,0
1936,42652,9.607,497,true,3,501,495,6,0,0,495,18,2.1638,0.0022,0,0
1937,42656,4.184,497,false,3,501,495,6,0,0,495,18,2.1638,0.0022,0,0
1938,42663,6.88,497,false,3,501,495,6,0,0,495,18,2.1638,0.0022,0,0
1939,42671,8.426,498,true,2,502,496,6,0,0,496,18,1.9253,0.0011,0,0
1940,42677,5.371,498,false,2,502,496,6,0,0,496,18,1.9253,0.0011,0,0
1941,42684,6.902,498,false,2,503,496,7,0,0,496,18,1.9253,0.0011,0,0
1942,42691,6.948,498,false,2,503,496,7,0,0,497,20,2.8026,0.0025,0,0
1943,42698,7.446,499,true,2,503,497,6,0,0,497,22,2.8026,0.0025,0,0
1944,42704,6.335,499,false,2,503,497,6,0,0,497,22,2.8026,0.0025,0,0
1945,42711,6.866,499,false,2,503,497,6,0,0,498,22,2.5376,0.0013,0,0
1946,42720,8.349,500,true,2,504,498,6,0,0,498,22,2.5376,0.0013,0,0
1947,42725,5.494,500,false,2,504,498,6,0,0,498,22,2.5376,0.0013,0,0
1948,42732,6.857,500,false,2,504,498,6,0,0,498,22,2.5376,0.0013,0,0
1949,42741,8.712,501,true,2,505,499,6,0,0,499,22,3.0433,0.0018,0,0
1950,42746,5.09,501,false,2,505,499,6,0,0,499,22,3.0433,0.0018,0,0
1951,42753,6.909,501,false,2,505,499,6,0,0,499,22,3.0433,0.0018,0,0
1952,42760,6.929,501,false,2,506,499,7,0,0,500,22,3.0433,0.0018,0,0
1953,42770,10.109,502,true,4,506,500,6,0,0,500,19,2.0243,0.0017,0,0
1954,42774,3.731,502,false,4,506,500,6,0,0,500,19,2.0243,0.0017,0,0
1955,42780,6.83,502,false,4,506,500,6,0,0,500,19,2.0243,0.0017,0,0
1956,42787,6.942,502,false,4,507,500,7,0,0,501,19,3.1354,0.0035,0,0
1957,42797,10.181,503,true,3,507,501,6,0,0,501,175,3.1354,0.0035,0,0
1958,42801,3.568,503,false,3,507,501,6,0,0,501,175,3.1354,0.0035,0,0
1959,42808,6.94,503,false,3,507,501,6,0,0,501,175,3.1354,0.0035,0,0
1960,42815,6.861,503,false,3,508,501,7,0,0,502,175,2.6947,0.0026,0,0
1961,42824,8.82,504,true,2,508,502,6,0,0,502,32,2.6947,0.0026,0,0
1962,42829,4.987,504,false,2,508,502,6,0,0,502,32,2.6947,0.0026,0,0
1963,42836,6.91,504,false,2,508,502,6,0,0,502,32,2.6947,0.0026,0,0
1964,42845,9.802,505,true,3,509,503,6,0,0,503,32,3.5518,0.0023,0,0
1965,42849,3.981,505,false,3,509,503,6,0,0,503,32,3.5518,0.0023,0,0
1966,42856,6.952,505,false,3,509,503,6,0,0,503,32,3.5518,0.0023,0,0
1967,42863,6.854,505,false,3,510,503,7,0,0,504,32,2.3331,0.0016,0,0
1968,42874,11.399,506,true,4,510,504,6,0,0,504,28,2.3331,0.0016,0,0
1969,42877,2.389,506,false,4,510,504,6,0,0,504,28,2.3331,0.0016,0,0
1970,42884,6.909,506,false,4,510,504,6,0,0,504,28,2.3331,0.0016,0,0
1971,42891,6.954,506,false,4,511,504,7,0,0,505,28,2.3331,0.0016,0,0
1972,42900,9.13,507,true,3,511,505,6,0,0,505,20,2.63,0.0022,0,0
1973,42905,4.637,507,false,3,511,505,6,0,0,505,20,2.63,0.0022,0,0
1974,42911,6.872,507,false,3,511,505,6,0,0,505,20,2.63,0.0022,0,0
1975,42923,11.551,508,true,3,512,506,6,0,0,506,20,2.579,0.0014,0,0
1976,42925,2.267,508,false,3,512,506,6,0,0,506,20,2.579,0.0014,0,0
1977,42932,6.888,508,false,3,513,506,7,0,0,506,20,2.579,0.0014,0,0
1978,42939,7.011,508,false,3,513,506,7,0,0,506,23,2.579,0.0014,0,0
1979,42953,14.113,509,true,5,513,507,6,0,0,507,30,5.0764,0.0016,0,0
1980,42955,1.762,509,false,5,513,507,6,0,0,507,30,5.0764,0.0016,0,0
1981,42960,5.143,509,false,5,513,507,6,0,0,507,30,5.0764,0.0016,0,0
1982,42967,6.876,509,false,5,514,507,7,0,0,507,30,5.0764,0.0016,0,0
1983,42977,10.142,510,true,3,514,508,6,0,0,508,52,2.6644,0.0023,0,0
1984,42981,3.637,510,false,3,514,508,6,0,0,508,52,2.6644,0.0023,0,0
1985,42988,6.938,510,false,3,514,508,6,0,0,508,52,2.6644,0.0023,0,0
1986,42995,6.873,510,false,3,515,508,7,0,0,508,52,2.6644,0.0023,0,0
1987,43004,9.484,511,true,3,515,509,6,0,0,509,29,3.1866,0.0021,0,0
1988,43008,4.346,511,false,3,515,509,6,0,0,509,29,3.1866,0.0021,0,0
1989,43015,6.87,511,false,3,515,509,6,0,0,509,29,3.1866,0.0021,0,0
1990,43030,15.107,512,true,3,516,510,6,0,0,510,29,2.291,0.0012,0,0
1991,43032,1.406,512,false,3,516,510,6,0,0,510,29,2.291,0.0012,0,0
1992,43039,5.467,512,false,3,516,510,6,0,0,510,29,2.291,0.0012,0,0
1993,43044,6.926,512,false,3,517,510,7,0,0,510,29,2.291,0.0012,0,0
1994,43053,9.196,513,true,3,517,511,6,0,0,511,22,2.1512,0.0013,0,0
1995,43058,4.611,513,false,3,517,511,6,0,0,511,22,2.1512,0.0013,0,0
1996,43065,6.871,513,false,3,517,511,6,0,0,511,22,2.1512,0.0013,0,0
1997,43072,6.931,513,false,3,518,511,7,0,0,512,22,2.5614,0.0012,0,0
1998,43080,8.684,514,true,2,518,512,6,0,0,512,18,2.5614,0.0012,0,0
1999,43086,5.076,514,false,2,518,512,6,0,0,512,18,2.5614,0.0012,0,0
2000,43093,6.948,514,false,2,518,512,6,0,0,513,18,2.5614,0.0012,0,0
2001,43102,9.304,515,true,2,519,513,6,0,0,513,18,1.9888,0.0014,0,0
2002,43106,4.476,515,false,2,519,513,6,0,0,513,18,1.9888,0.0014,0,0
2003,43113,6.878,515,false,2,519,513,6,0,0,513,18,1.9888,0.0014,0,0
2004,43122,8.99,516,true,3,520,514,6,0,0,514,18,2.4692,0.0013,0,0
2005,43127,4.867,516,false,3,520,514,6,0,0,514,18,2.4692,0.0013,0,0
2006,43134,6.842,516,false,3,520,514,6,0,0,514,18,2.4692,0.0013,0,0
2007,43141,6.956,516,false,3,521,514,7,0,0,514,18,2.4692,0.0013,0,0
2008,43148,7.456,517,true,4,521,515,6,0,0,515,38,5.8247,0.0016,0,0
2009,43155,7.257,517,false,4,521,515,6,0,0,515,23,5.8247,0.0016,0,0
2010,43161,5.937,517,false,4,521,515,6,0,0,515,23,5.8247,0.0016,0,0
2011,43168,6.898,517,false,4,522,515,7,0,0,515,23,5.8247,0.0016,0,0
2012,43175,6.938,517,false,4,522,515,7,0,0,516,23,2.3572,0.0019,0,0
2013,43182,7.223,518,true,2,522,516,6,0,0,516,16,2.3572,0.0019,0,0
2014,43189,6.594,518,false,2,522,516,6,0,0,516,16,2.3572,0.0019,0,0
2015,43196,6.834,518,false,2,522,516,6,0,0,516,16,2.3572,0.0019,0,0
2016,43204,8.625,519,true,3,523,517,6,0,0,517,16,2.4374,0.0014,0,0
2017,43210,5.229,519,false,3,523,517,6,0,0,517,16,2.4374,0.0014,0,0
2018,43217,6.86,519,false,3,523,517,6,0,0,517,16,2.4374,0.0014,0,0
2019,43224,6.98,519,false,3,524,517,7,0,0,518,16,2.4374,0.0014,0,0
2020,43233,9.722,520,true,3,524,518,6,0,0,518,31,3.3995,0.0019,0,0
2021,43238,4.058,520,false,3,524,518,6,0,0,518,31,3.3995,0.0019,0,0
2022,43244,6.835,520,false,3,524,518,6,0,0,518,31,3.3995,0.0019,0,0
2023,43251,6.906,520,false,3,525,518,7,0,0,519,31,3.3995,0.0019,0,0
2024,43262,10.393,521,true,3,525,519,6,0,0,519,26,2.1505,0.0023,0,0
2025,43265,3.394,521,false,3,525,519,6,0,0,519,26,2.1505,0.0023,0,0
2026,43272,6.958,521,false,3,525,519,6,0,0,519,26,2.1505,0.0023,0,0
2027,43279,6.861,521,false,3,526,519,7,0,0,520,26,2.6104,0.0032,0,0
2028,43291,12.369,522,true,4,526,520,6,0,0,520,40,2.6104,0.0032,0,0
2029,43293,1.819,522,false,4,526,520,6,0,0,520,40,2.6104,0.0032,0,0
2030,43300,6.515,522,false,4,526,520,6,0,0,520,40,2.6104,0.0032,0,0
2031,43306,6.93,522,false,4,527,520,7,0,0,521,40,3.2302,0.0016,0,0
2032,43314,7.841,523,true,2,527,521,6,0,0,521,23,3.2302,0.0016,0,0
2033,43320,5.968,523,false,2,527,521,6,0,0,521,23,3.2302,0.0016,0,0
2034,43327,6.87,523,false,2,527,521,6,0,0,522,23,3.2302,0.0016,0,0
2035,43335,8.225,524,true,2,528,522,6,0,0,522,23,2.4258,0.0024,0,0
2036,43341,5.666,524,false,2,528,522,6,0,0,522,23,2.4258,0.0024,0,0
2037,43348,6.804,524,false,2,528,522,6,0,0,522,23,2.4258,0.0024,0,0
2038,43358,10.397,525,true,3,529,523,6,0,0,523,23,3.3738,0.0017,0,0
2039,43361,3.375,525,false,3,529,523,6,0,0,523,23,3.3738,0.0017,0,0
2040,43369,6.931,525,false,3,530,523,7,0,0,523,23,3.3738,0.0017,0,0
2041,43376,6.928,525,false,3,530,523,7,0,0,524,73,3.3738,0.0017,0,0
2042,43386,10.106,526,true,3,530,524,6,0,0,524,29,2.4496,0.0018,0,0
2043,43389,3.677,526,false,3,530,524,6,0,0,524,29,2.4496,0.0018,0,0
2044,43396,6.88,526,false,3,530,524,6,0,0,524,29,2.4496,0.0018,0,0
2045,43403,6.933,526,false,3,531,524,7,0,0,525,29,2.9706,0.0016,0,0
2046,43411,8.032,527,true,2,531,525,6,0,0,525,133,2.9706,0.0016,0,0
2047,43417,5.716,527,false,2,531,525,6,0,0,525,133,2.9706,0.0016,0,0
2048,43424,6.956,527,false,2,531,525,6,0,0,526,133,2.9706,0.0016,0,0
2049,43432,8.344,528,true,2,532,526,6,0,0,526,133,2.4933,0.0019,0,0
2050,43437,5.444,528,false,2,532,526,6,0,0,526,133,2.4933,0.0019,0,0
2051,43444,6.867,528,false,2,532,526,6,0,0,526,133,2.4933,0.0019,0,0
2052,43451,6.898,528,false,2,533,526,7,0,0,527,133,2.9515,0.0027,0,0
2053,43461,9.929,529,true,3,533,527,6,0,0,527,20,2.9515,0.0027,0,0
2054,43465,3.87,529,false,3,533,527,6,0,0,527,20,2.9515,0.0027,0,0
2055,43472,7.005,529,false,3,533,527,6,0,0,528,20,2.3216,0.0018,0,0
2056,43481,8.658,530,true,2,534,528,6,0,0,528,20,2.3216,0.0018,0,0
2057,43486,5.094,530,false,2,534,528,6,0,0,528,20,2.3216,0.0018,0,0
2058,43493,6.901,530,false,2,534,528,6,0,0,528,20,2.3216,0.0018,0,0
2059,43503,10.317,531,true,3,535,529,6,0,0,529,20,2.3988,0.0017,0,0
2060,43506,3.443,531,false,3,535,529,6,0,0,529,20,2.3988,0.0017,0,0
2061,43513,6.884,531,false,3,535,529,6,0,0,529,20,2.3988,0.0017,0,0
2062,43526,12.615,532,true,3,536,530,6,0,0,530,20,3.2367,0.0028,0,0
2063,43528,1.769,532,false,3,536,530,6,0,0,530,20,3.2367,0.0028,0,0
2064,43534,6.344,532,false,3,536,530,6,0,0,530,20,3.2367,0.0028,0,0
2065,43541,6.918,532,false,3,537,530,7,0,0,530,20,3.2367,0.0028,0,0
2066,43548,6.863,532,false,3,537,530,7,0,0,531,27,3.2367,0.0028,0,0
2067,43562,14.228,533,true,5,537,531,6,0,0,531,26,4.9019,0.0039,0,0
2068,43565,2.895,533,false,5,537,531,6,0,0,531,26,4.9019,0.0039,0,0
2069,43569,4.008,533,false,5,538,531,7,0,0,531,26,4.9019,0.0039,0,0
2070,43577,6.878,533,false,5,538,531,7,0,0,531,26,4.9019,0.0039,0,0
2071,43588,12.023,534,true,3,538,532,6,0,0,532,32,3.7858,0.0021,0,0
2072,43590,2.023,534,false,3,538,532,6,0,0,532,32,3.7858,0.0021,0,0
2073,43597,6.657,534,false,3,538,532,6,0,0,532,32,3.7858,0.0021,0,0
2074,43604,6.945,534,false,3,539,532,7,0,0,532,32,3.7858,0.0021,0,0
2075,43611,6.854,534,false,3,539,532,7,0,0,533,44,3.7858,0.0021,0,0
2076,43624,13.028,535,true,4,539,533,6,0,0,533,31,4.746,0.0027,0,0
2077,43626,2.618,535,false,4,539,533,6,0,0,533,31,4.746,0.0027,0,0
2078,43631,5.046,535,false,4,539,533,6,0,0,533,31,4.746,0.0027,0,0
2079,43638,6.961,535,false,4,540,533,7,0,0,534,31,4.746,0.0027,0,0
2080,43649,10.347,536,true,4,540,534,6,0,0,534,28,2.7594,0.0021,0,0
2081,43652,3.422,536,false,4,540,534,6,0,0,534,28,2.7594,0.0021,0,0
2082,43659,6.869,536,false,4,540,534,6,0,0,534,28,2.7594,0.0021,0,0
2083,43666,6.901,536,false,4,541,534,7,0,0,535,28,2.5012,0.0017,0,0
2084,43677,11.061,537,true,3,541,535,6,0,0,535,25,2.5012,0.0017,0,0
2085,43679,2.725,537,false,3,541,535,6,0,0,535,25,2.5012,0.0017,0,0
2086,43686,6.968,537,false,3,541,535,6,0,0,535,25,2.5012,0.0017,0,0
2087,43693,6.839,537,false,3,542,535,7,0,0,536,25,2.9481,0.0017,0,0
2088,43704,10.546,538,true,4,542,536,6,0,0,536,22,2.9481,0.0017,0,0
2089,43707,3.286,538,false,4,542,536,6,0,0,536,22,2.9481,0.0017,0,0
2090,43715,6.88,538,false,4,542,536,6,0,0,536,22,2.9481,0.0017,0,0
2091,43725,10.657,539,true,2,543,537,6,0,0,537,22,2.3431,0.0019,0,0
2092,43728,3.138,539,false,2,543,537,6,0,0,537,22,2.3431,0.0019,0,0
2093,43735,6.933,539,false,2,543,537,6,0,0,537,22,2.3431,0.0019,0,0
2094,43742,6.871,539,false,2,544,537,7,0,0,538,22,2.3431,0.0019,0,0
2095,43752,10.269,540,true,3,544,538,6,0,0,538,30,3.6067,0.0017,0,0
2096,43755,3.562,540,false,3,544,538,6,0,0,538,30,3.6067,0.0017,0,0
2097,43763,6.875,540,false,3,544,538,6,0,0,538,30,3.6067,0.0017,0,0
2098,43769,6.933,540,false,3,545,538,7,0,0,539,30,3.6067,0.0017,0,0
2099,43785,15.643,541,true,7,545,539,6,0,0,539,31,6.0436,0.0015,0,0
2100,43786,1.561,541,false,7,545,539,6,0,0,539,31,6.0436,0.0015,0,0
2101,43792,5.394,541,false,7,545,539,6,0,0,539,31,6.0436,0.0015,0,0
2102,43799,6.857,541,false,7,546,539,7,0,0,539,31,6.0436,0.0015,0,0
2103,43805,6.93,541,false,7,546,539,7,0,0,540,26,3.3167,0.0029,0,0
2104,43814,8.234,542,true,2,546,540,6,0,0,540,23,3.3167,0.0029,0,0
2105,43819,5.572,542,false,2,546,540,6,0,0,540,23,3.3167,0.0029,0,0
2106,43827,6.858,542,false,2,547,540,7,0,0,540,23,3.3167,0.0029,0,0
2107,43833,6.9,542,false,2,547,540,7,0,0,541,22,3.3887,0.0017,0,0
2108,43845,11.331,543,true,4,547,541,6,0,0,541,81,3.3887,0.0017,0,0
2109,43847,2.463,543,false,4,547,541,6,0,0,541,81,3.3887,0.0017,0,0
2110,43854,6.954,543,false,4,547,541,6,0,0,541,81,3.3887,0.0017,0,0
2111,43862,7.758,543,false,4,548,541,7,0,0,542,81,3.3887,0.0017,0,0
2112,43872,10.444,544,true,3,548,542,6,0,0,542,18,2.8188,0.0021,0,0
2113,43874,2.466,544,false,3,548,542,6,0,0,542,18,2.8188,0.0021,0,0
2114,43881,6.882,544,false,3,548,542,6,0,0,542,18,2.8188,0.0021,0,0
2115,43888,6.944,544,false,3,549,542,7,0,0,543,18,2.8188,0.0021,0,0
2116,43899,10.366,545,true,3,549,543,6,0,0,543,21,2.9928,0.0024,0,0
2117,43902,3.431,545,false,3,549,543,6,0,0,543,21,2.9928,0.0024,0,0
2118,43909,6.87,545,false,3,549,543,6,0,0,543,21,2.9928,0.0024,0,0
2119,43916,6.902,545,false,3,550,543,7,0,0,544,21,2.9928,0.0024,0,0
2120,43927,10.929,546,true,3,550,544,6,0,0,544,32,2.6437,0.0024,0,0
2121,43930,2.855,546,false,3,550,544,6,0,0,544,32,2.6437,0.0024,0,0
2122,43937,6.98,546,false,3,550,544,6,0,0,544,32,2.6437,0.0024,0,0
2123,43944,6.857,546,false,3,551,544,7,0,0,545,32,2.6437,0.0024,0,0
2124,43955,11.304,547,true,4,551,545,6,0,0,545,29,4.0343,0.0024,0,0
2125,43957,2.485,547,false,4,551,545,6,0,0,545,29,4.0343,0.0024,0,0
2126,43964,6.889,547,false,4,551,545,6,0,0,545,29,4.0343,0.0024,0,0
2127,43971,6.951,547,false,4,552,545,7,0,0,546,29,2.3915,0.0014,0,0
2128,43982,10.713,548,true,3,552,546,6,0,0,546,35,2.3915,0.0014,0,0
2129,43985,3.054,548,false,3,552,546,6,0,0,546,35,2.3915,0.0014,0,0
2130,43992,6.902,548,false,3,552,546,6,0,0,546,35,2.3915,0.0014,0,0
2131,44004,11.901,549,true,3,553,547,6,0,0,547,35,4.801,0.0028,0,0
2132,44007,2.869,549,false,3,553,547,6,0,0,547,35,4.801,0.0028,0,0
2133,44013,5.986,549,false,3,553,547,6,0,0,547,35,4.801,0.0028,0,0
2134,44019,6.843,549,false,3,554,547,7,0,0,547,35,4.801,0.0028,0,0
2135,44026,6.876,549,false,3,554,547,7,0,0,548,20,2.3529,0.0018,0,0
2136,44036,9.791,550,true,3,554,548,6,0,0,548,18,2.3529,0.0018,0,0
2137,44040,4.054,550,false,3,554,548,6,0,0,548,18,2.3529,0.0018,0,0
2138,44047,6.89,550,false,3,555,548,7,0,0,548,18,2.3529,0.0018,0,0
2139,44062,14.987,551,true,5,555,549,6,0,0,549,31,3.3127,0.0016,0,0
2140,44065,2.546,551,false,5,555,549,6,0,0,549,31,3.3127,0.0016,0,0
2141,44069,4.352,551,false,5,555,549,6,0,0,549,31,3.3127,0.0016,0,0
2142,44076,6.86,551,false,5,556,549,7,0,0,549,31,3.3127,0.0016,0,0
2143,44083,6.896,551,false,5,556,549,7,0,0,550,30,2.3544,0.0013,0,0
2144,44093,10.112,552,true,4,556,550,6,0,0,550,23,2.3544,0.0013,0,0
2145,44096,3.688,552,false,4,556,550,6,0,0,550,23,2.3544,0.0013,0,0
2146,44104,6.94,552,false,4,556,550,6,0,0,551,23,2.3544,0.0013,0,0
2147,44115,11.708,553,true,4,557,551,6,0,0,551,23,3.0708,0.0014,0,0
2148,44117,2.042,553,false,4,557,551,6,0,0,551,23,3.0708,0.0014,0,0
2149,44124,6.94,553,false,4,557,551,6,0,0,551,23,3.0708,0.0014,0,0
2150,44131,6.882,553,false,4,558,551,7,0,0,552,23,2.4727,0.0016,0,0
2151,44141,9.617,554,true,3,558,552,6,0,0,552,25,2.4727,0.0016,0,0
2152,44145,4.179,554,false,3,558,552,6,0,0,552,25,2.4727,0.0016,0,0
2153,44152,6.912,554,false,3,558,552,6,0,0,553,25,2.4727,0.0016,0,0
2154,44162,10.513,555,true,3,559,553,6,0,0,553,25,2.7125,0.0022,0,0
2155,44166,3.264,555,false,3,559,553,6,0,0,553,25,2.7125,0.0022,0,0
2156,44173,6.956,555,false,3,559,553,6,0,0,553,25,2.7125,0.0022,0,0
2157,44180,7.184,555,false,3,560,553,7,0,0,554,25,2.7125,0.0022,0,0
2158,44190,10.204,556,true,4,560,554,6,0,0,554,32,2.9736,0.0026,0,0
2159,44193,3.255,556,false,4,560,554,6,0,0,554,32,2.9736,0.0026,0,0
2160,44200,6.907,556,false,4,560,554,6,0,0,554,32,2.9736,0.0026,0,0
2161,44207,6.972,556,false,4,561,554,7,0,0,555,32,4.0188,0.0026,0,0
2162,44216,8.948,557,true,2,561,555,6,0,0,555,35,4.0188,0.0026,0,0
2163,44221,4.802,557,false,2,561,555,6,0,0,555,35,4.0188,0.0026,0,0
2164,44228,6.891,557,false,2,561,555,6,0,0,555,35,4.0188,0.0026,0,0
2165,44234,6.889,557,false,2,562,555,7,0,0,556,35,2.366,0.002,0,0
2166,44243,8.557,558,true,3,562,556,6,0,0,556,18,2.366,0.002,0,0
2167,44248,5.237,558,false,3,562,556,6,0,0,556,18,2.366,0.002,0,0
2168,44255,6.939,558,false,3,562,556,6,0,0,556,18,2.366,0.002,0,0
2169,44263,7.789,559,true,2,563,557,6,0,0,557,18,3.4482,0.0027,0,0
2170,44269,5.98,559,false,2,563,557,6,0,0,557,18,3.4482,0.0027,0,0
2171,44276,6.933,559,false,2,563,557,6,0,0,557,18,3.4482,0.0027,0,0
2172,44283,6.861,559,false,2,564,557,7,0,0,557,18,3.4482,0.0027,0,0
2173,44293,10.103,560,true,3,564,558,6,0,0,558,27,2.448,0.0016,0,0
2174,44297,3.728,560,false,3,564,558,6,0,0,558,27,2.448,0.0016,0,0
2175,44304,6.92,560,false,3,565,558,7,0,0,558,27,2.448,0.0016,0,0
2176,44311,6.864,560,false,3,565,558,7,0,0,559,31,2.448,0.0016,0,0
2177,44325,14.104,561,true,4,565,559,6,0,0,559,32,3.5438,0.0022,0,0
2178,44327,2.247,561,false,4,565,559,6,0,0,559,32,3.5438,0.0022,0,0
2179,44332,4.672,561,false,4,565,559,6,0,0,559,32,3.5438,0.0022,0,0
2180,44338,6.96,561,false,4,566,559,7,0,0,560,32,3.5438,0.0022,0,0
2181,44349,10.466,562,true,3,566,560,6,0,0,560,45,3.0516,0.0026,0,0
2182,44352,3.259,562,false,3,566,560,6,0,0,560,45,3.0516,0.0026,0,0
2183,44359,6.947,562,false,3,566,560,6,0,0,560,45,3.0516,0.0026,0,0
2184,44366,6.855,562,false,3,567,560,7,0,0,561,45,3.0516,0.0026,0,0
2185,44380,13.501,563,true,4,567,561,6,0,0,561,26,2.9181,0.002,0,0
2186,44382,2.932,563,false,4,567,561,6,0,0,561,26,2.9181,0.002,0,0
2187,44387,4.29,563,false,4,567,561,6,0,0,561,26,2.9181,0.002,0,0
2188,44394,6.899,563,false,4,568,561,7,0,0,561,26,2.9181,0.002,0,0
2189,44403,9.622,564,true,3,568,562,6,0,0,562,26,2.6142,0.0023,0,0
2190,44407,4.184,564,false,3,568,562,6,0,0,562,26,2.6142,0.0023,0,0
2191,44414,6.873,564,false,3,568,562,6,0,0,562,26,2.6142,0.0023,0,0
2192,44421,6.936,564,false,3,569,562,7,0,0,563,26,2.6142,0.0023,0,0
2193,44431,10.082,565,true,3,569,563,6,0,0,563,30,5.1511,0.0014,0,0
2194,44435,3.669,565,false,3,569,563,6,0,0,563,30,5.1511,0.0014,0,0
2195,44442,6.97,565,false,3,569,563,6,0,0,563,30,5.1511,0.0014,0,0
2196,44449,6.847,565,false,3,570,563,7,0,0,564,30,2.089,0.0014,0,0
2197,44459,10.353,566,true,2,570,564,6,0,0,564,23,2.089,0.0014,0,0
2198,44462,3.435,566,false,2,570,564,6,0,0,564,23,2.089,0.0014,0,0
2199,44469,6.898,566,false,2,570,564,6,0,0,564,23,2.089,0.0014,0,0
2200,44480,10.96,567,true,3,571,565,6,0,0,565,23,2.7707,0.0021,0,0
2201,44483,2.832,567,false,3,571,565,6,0,0,565,23,2.7707,0.0021,0,0
2202,44491,6.953,567,false,3,571,565,6,0,0,565,23,2.7707,0.0021,0,0
2203,44497,6.853,567,false,3,572,565,7,0,0,565,23,2.7707,0.0021,0,0
2204,44505,7.77,568,true,2,572,566,6,0,0,566,23,2.6894,0.0022,0,0
2205,44511,6.039,568,false,2,572,566,6,0,0,566,23,2.6894,0.0022,0,0
2206,44518,6.919,568,false,2,572,566,6,0,0,566,23,2.6894,0.0022,0,0
2207,44525,6.921,568,false,2,573,566,7,0,0,567,23,2.4754,0.002,0,0
2208,44534,9.258,569,true,2,573,567,6,0,0,567,21,2.4754,0.002,0,0
2209,44538,4.54,569,false,2,573,567,6,0,0,567,21,2.4754,0.002,0,0
2210,44545,6.862,569,false,2,573,567,6,0,0,567,21,2.4754,0.002,0,0
2211,44555,9.891,570,true,3,574,568,6,0,0,568,21,3.3161,0.0023,0,0
2212,44559,3.939,570,false,3,574,568,6,0,0,568,21,3.3161,0.0023,0,0
2213,44566,6.871,570,false,3,575,568,7,0,0,568,21,3.3161,0.0023,0,0
2214,44573,6.942,570,false,3,575,568,7,0,0,569,25,3.3161,0.0023,0,0
2215,44583,10.421,571,true,3,575,569,6,0,0,569,28,3.0226,0.0013,0,0
2216,44587,3.36,571,false,3,575,569,6,0,0,569,28,3.0226,0.0013,0,0
2217,44594,6.873,571,false,3,575,569,6,0,0,569,28,3.0226,0.0013,0,0
2218,44601,6.903,571,false,3,576,569,7,0,0,570,28,2.0251,0.0022,0,0
2219,44614,14.072,572,true,7,576,570,6,0,0,570,27,2.0251,0.0022,0,0
2220,44617,2.124,572,false,7,576,570,6,0,0,570,27,2.0251,0.0022,0,0
2221,44621,4.768,572,false,7,576,570,6,0,0,571,27,2.0251,0.0022,0,0
2222,44632,10.561,573,true,3,577,571,6,0,0,571,27,3.8283,0.0023,0,0
2223,44635,3.224,573,false,3,577,571,6,0,0,571,27,3.8283,0.0023,0,0
2224,44642,6.971,573,false,3,577,571,6,0,0,571,27,3.8283,0.0023,0,0
2225,44649,6.831,573,false,3,578,571,7,0,0,571,27,3.8283,0.0023,0,0
2226,44662,12.804,574,true,4,578,572,6,0,0,572,33,2.813,0.0031,0,0
2227,44664,2.373,574,false,4,578,572,6,0,0,572,33,2.813,0.0031,0,0
2228,44670,5.524,574,false,4,578,572,6,0,0,572,33,2.813,0.0031,0,0
2229,44677,6.942,574,false,4,579,572,7,0,0,572,33,2.813,0.0031,0,0
2230,44686,9.525,575,true,3,579,573,6,0,0,573,34,2.7994,0.0017,0,0
2231,44691,4.316,575,false,3,579,573,6,0,0,573,34,2.7994,0.0017,0,0
2232,44697,6.818,575,false,3,579,573,6,0,0,573,34,2.7994,0.0017,0,0
2233,44705,7.022,575,false,3,580,573,7,0,0,574,34,2.7994,0.0017,0,0
2234,44713,9.124,576,true,3,580,574,6,0,0,574,35,2.6122,0.0021,0,0
2235,44718,4.546,576,false,3,580,574,6,0,0,574,35,2.6122,0.0021,0,0
2236,44725,6.961,576,false,3,580,574,6,0,0,574,35,2.6122,0.0021,0,0
2237,44732,6.848,576,false,3,581,574,7,0,0,575,35,2.6122,0.0021,0,0
2238,44743,11.557,577,true,4,581,575,6,0,0,575,29,4.64,0.0025,0,0
2239,44746,2.233,577,false,4,581,575,6,0,0,575,29,4.64,0.0025,0,0
2240,44753,7.042,577,false,4,581,575,6,0,0,575,29,4.64,0.0025,0,0
2241,44760,6.812,577,false,4,582,575,7,0,0,576,29,1.9442,0.0015,0,0
2242,44767,7.991,578,true,2,582,576,6,0,0,576,21,1.9442,0.0015,0,0
2243,44773,5.823,578,false,2,582,576,6,0,0,576,21,1.9442,0.0015,0,0
2244,44780,6.851,578,false,2,582,576,6,0,0,576,21,1.9442,0.0015,0,0
2245,44790,9.77,579,true,3,583,577,6,0,0,577,21,2.679,0.0016,0,0
2246,44794,4.017,579,false,3,583,577,6,0,0,577,21,2.679,0.0016,0,0
2247,44801,6.904,579,false,3,583,577,6,0,0,577,21,2.679,0.0016,0,0
2248,44808,6.938,579,false,3,584,577,7,0,0,578,21,2.679,0.0016,0,0
2249,44816,8.139,580,true,2,584,578,6,0,0,578,29,2.2684,0.0021,0,0
2250,44822,5.665,580,false,2,584,578,6,0,0,578,29,2.2684,0.0021,0,0
2251,44828,6.864,580,false,2,585,578,7,0,0,578,29,2.2684,0.0021,0,0
2252,44836,6.903,580,false,2,585,578,7,0,0,579,21,3.0497,0.0019,0,0
2253,44843,8.013,581,true,2,585,579,6,0,0,579,18,3.0497,0.0019,0,0
2254,44849,5.781,581,false,2,585,579,6,0,0,579,18,3.0497,0.0019,0,0
2255,44856,6.925,581,false,2,585,579,6,0,0,580,18,3.0497,0.0019,0,0
2256,44866,10.197,582,true,3,586,580,6,0,0,580,18,2.2681,0.0018,0,0
2257,44870,3.557,582,false,3,586,580,6,0,0,580,18,2.2681,0.0018,0,0
2258,44877,7.009,582,false,3,586,580,6,0,0,580,18,2.2681,0.0018,0,0
2259,44884,6.808,582,false,3,587,580,7,0,0,581,18,3.2936,0.0018,0,0
2260,44893,9.029,583,true,2,587,581,6,0,0,581,45,3.2936,0.0018,0,0
2261,44897,4.763,583,false,2,587,581,6,0,0,581,45,3.2936,0.0018,0,0
2262,44904,6.95,583,false,2,587,581,6,0,0,581,45,3.2936,0.0018,0,0
2263,44913,8.643,584,true,2,588,582,6,0,0,582,45,2.2014,0.0019,0,0
2264,44918,5.113,584,false,2,588,582,6,0,0,582,45,2.2014,0.0019,0,0
2265,44925,6.945,584,false,2,588,582,6,0,0,582,45,2.2014,0.0019,0,0
2266,44932,6.856,584,false,2,589,582,7,0,0,583,45,2.2014,0.0019,0,0
2267,44941,9.175,585,true,3,589,583,6,0,0,583,19,2.539,0.0136,0,0
2268,44946,4.626,585,false,3,589,583,6,0,0,583,19,2.539,0.0136,0,0
2269,44953,6.891,585,false,3,589,583,6,0,0,583,19,2.539,0.0136,0,0
2270,44960,6.955,585,false,3,590,583,7,0,0,584,19,3.1113,0.0022,0,0
2271,44969,9.467,586,true,3,590,584,6,0,0,584,19,3.1113,0.0022,0,0
2272,44973,4.309,586,false,3,590,584,6,0,0,584,19,3.1113,0.0022,0,0
2273,44980,6.897,586,false,3,590,584,6,0,0,585,19,3.1113,0.0022,0,0
2274,44990,9.834,587,true,3,591,585,6,0,0,585,19,2.7008,0.0018,0,0
2275,44994,3.961,587,false,3,591,585,6,0,0,585,19,2.7008,0.0018,0,0
2276,45001,6.885,587,false,3,591,585,6,0,0,585,19,2.7008,0.0018,0,0
2277,45008,6.949,587,false,3,592,585,7,0,0,586,19,2.7163,0.0026,0,0
2278,45016,7.917,588,true,2,592,586,6,0,0,586,18,2.7163,0.0026,0,0
2279,45022,5.866,588,false,2,592,586,6,0,0,586,18,2.7163,0.0026,0,0
2280,45028,6.861,588,false,2,592,586,6,0,0,587,18,2.7163,0.0026,0,0
2281,45036,7.942,589,true,2,593,587,6,0,0,587,18,4.0363,0.0018,0,0
2282,45042,5.9,589,false,2,593,587,6,0,0,587,18,4.0363,0.0018,0,0
2283,45049,6.867,589,false,2,593,587,6,0,0,587,18,4.0363,0.0018,0,0
2284,45056,6.947,589,false,2,594,587,7,0,0,588,18,2.4332,0.0015,0,0
2285,45066,9.735,590,true,3,594,588,6,0,0,588,53,2.4332,0.0015,0,0
2286,45072,4.007,590,false,3,594,588,6,0,0,588,53,2.4332,0.0015,0,0
2287,45077,6.952,590,false,3,595,588,7,0,0,588,53,2.4332,0.0015,0,0
2288,45084,7.691,591,true,2,595,589,6,0,0,589,18,2.2582,0.0014,0,0
2289,45091,6.105,591,false,2,595,589,6,0,0,589,18,2.2582,0.0014,0,0
2290,45098,6.869,591,false,2,595,589,6,0,0,589,18,2.2582,0.0014,0,0
2291,45105,6.944,591,false,2,596,589,7,0,0,589,18,2.2582,0.0014,0,0
2292,45111,6.852,591,false,2,596,589,7,0,0,590,21,2.5694,0.0021,0,0
2293,45122,10.387,592,true,3,596,590,6,0,0,590,20,2.5694,0.0021,0,0
2294,45125,3.437,592,false,3,596,590,6,0,0,590,20,2.5694,0.0021,0,0
2295,45132,6.874,592,false,3,596,590,6,0,0,590,20,2.5694,0.0021,0,0
2296,45142,10.215,593,true,3,597,591,6,0,0,591,20,2.6008,0.0013,0,0
2297,45146,3.567,593,false,3,597,591,6,0,0,591,20,2.6008,0.0013,0,0
2298,45153,6.91,593,false,3,597,591,6,0,0,591,20,2.6008,0.0013,0,0
2299,45160,6.97,593,false,3,598,591,7,0,0,592,20,2.6008,0.0013,0,0
2300,45168,8.391,594,true,2,598,592,6,0,0,592,23,2.5999,0.0022,0,0
2301,45173,5.402,594,false,2,598,592,6,0,0,592,23,2.5999,0.0022,0,0
2302,45180,6.849,594,false,2,598,592,6,0,0,592,23,2.5999,0.0022,0,0
2303,45187,6.944,594,false,2,599,592,7,0,0,593,23,2.5999,0.0022,0,0
2304,45196,8.973,595,true,2,599,593,6,0,0,593,34,3.7825,0.0028,0,0
2305,45201,4.785,595,false,2,599,593,6,0,0,593,34,3.7825,0.0028,0,0
2306,45208,6.974,595,false,2,599,593,6,0,0,593,34,3.7825,0.0028,0,0
2307,45215,6.822,595,false,2,600,593,7,0,0,594,34,3.7825,0.0028,0,0
2308,45226,10.9,596,true,3,600,594,6,0,0,594,30,2.5772,0.0026,0,0
2309,45229,2.885,596,false,3,600,594,6,0,0,594,30,2.5772,0.0026,0,0
2310,45236,6.912,596,false,3,600,594,6,0,0,594,30,2.5772,0.0026,0,0
2311,45243,6.922,596,false,3,601,594,7,0,0,595,30,2.5772,0.0026,0,0
2312,45252,9.748,597,true,3,601,595,6,0,0,595,23,3.5053,0.0018,0,0
2313,45257,4.074,597,false,3,601,595,6,0,0,595,23,3.5053,0.0018,0,0
2314,45263,6.848,597,false,3,601,595,6,0,0,595,23,3.5053,0.0018,0,0
2315,45270,6.911,597,false,3,602,595,7,0,0,596,23,3.5053,0.0018,0,0
2316,45282,11.46,598,true,3,602,596,6,0,0,596,29,2.5685,0.0015,0,0
2317,45284,2.356,598,false,3,602,596,6,0,0,596,29,2.5685,0.0015,0,0
2318,45291,6.91,598,false,3,602,596,6,0,0,596,29,2.5685,0.0015,0,0
2319,45298,6.887,598,false,3,603,596,7,0,0,597,29,2.0641,0.0013,0,0
2320,45308,10.59,599,true,3,603,597,6,0,0,597,23,2.0641,0.0013,0,0
2321,45311,3.182,599,false,3,603,597,6,0,0,597,23,2.0641,0.0013,0,0
2322,45318,6.923,599,false,3,603,597,6,0,0,597,23,2.0641,0.0013,0,0
2323,45329,10.173,600,true,3,604,598,6,0,0,598,23,2.3937,0.0018,0,0
2324,45332,3.608,600,false,3,604,598,6,0,0,598,23,2.3937,0.0018,0,0
2325,45340,6.963,600,false,3,605,598,7,0,0,598,23,2.3937,0.0018,0,0
2326,45346,6.845,600,false,3,605,598,7,0,0,599,245,3.4721,0.0025,0,0
2327,45357,10.527,601,true,3,605,599,6,0,0,599,24,3.4721,0.0025,0,0
2328,45360,3.309,601,false,3,605,599,6,0,0,599,24,3.4721,0.0025,0,0
2329,45367,6.876,601,false,3,605,599,6,0,0,599,24,3.4721,0.0025,0,0
2330,45381,14.354,602,true,3,606,600,6,0,0,600,24,2.7066,0.0028,0,0
2331,45383,1.672,602,false,3,606,600,6,0,0,600,24,2.7066,0.0028,0,0
2332,45388,5.229,602,false,3,606,600,6,0,0,600,24,2.7066,0.0028,0,0
2333,45395,6.858,602,false,3,607,600,7,0,0,601,24,2.7066,0.0028,0,0
2334,45404,9.246,603,true,3,607,601,6,0,0,601,32,2.8007,0.0022,0,0
2335,45409,4.599,603,false,3,607,601,6,0,0,601,32,2.8007,0.0022,0,0
2336,45416,6.865,603,false,3,607,601,6,0,0,601,32,2.8007,0.0022,0,0
2337,45425,9.75,604,true,2,608,602,6,0,0,602,32,2.3362,0.0018,0,0
2338,45429,4.044,604,false,2,608,602,6,0,0,602,32,2.3362,0.0018,0,0
2339,45437,6.905,604,false,2,608,602,6,0,0,602,32,2.3362,0.0018,0,0
2340,45443,6.931,604,false,2,609,602,7,0,0,603,32,2.3362,0.0018,0,0
2341,45453,9.533,605,true,3,609,603,6,0,0,603,23,3.222,0.0013,0,0
2342,45457,4.26,605,false,3,609,603,6,0,0,603,23,3.222,0.0013,0,0
2343,45464,6.875,605,false,3,609,603,6,0,0,603,23,3.222,0.0013,0,0
2344,45472,8.194,606,true,2,610,604,6,0,0,604,23,2.0294,0.0012,0,0
2345,45478,5.636,606,false,2,610,604,6,0,0,604,23,2.0294,0.0012,0,0
2346,45484,6.861,606,false,2,610,604,6,0,0,604,23,2.0294,0.0012,0,0
2347,45491,6.936,606,false,2,611,604,7,0,0,605,23,3.072,0.0016,0,0
2348,45500,8.433,607,true,2,611,605,6,0,0,605,28,3.072,0.0016,0,0
2349,45505,5.377,607,false,2,611,605,6,0,0,605,28,3.072,0.0016,0,0
2350,45512,6.885,607,false,2,611,605,6,0,0,606,28,3.072,0.0016,0,0
2351,45524,11.609,608,true,3,612,606,6,0,0,606,28,2.5296,0.0023,0,0
2352,45526,2.404,608,false,3,612,606,6,0,0,606,28,2.5296,0.0023,0,0
2353,45533,6.66,608,false,3,612,606,6,0,0,606,28,2.5296,0.0023,0,0
2354,45540,6.921,609,true,2,613,607,6,0,0,607,28,3.5104,0.0022,0,0
2355,45547,6.873,609,false,2,613,607,6,0,0,607,21,3.5104,0.0022,0,0
2356,45554,6.912,609,false,2,613,607,6,0,0,607,21,3.5104,0.0022,0,0
2357,45560,6.938,609,false,2,613,607,6,0,0,608,21,3.5104,0.0022,0,0
2358,45569,8.872,610,true,3,614,608,6,0,0,608,21,2.2424,0.0025,0,0
2359,45574,4.919,610,false,3,614,608,6,0,0,608,21,2.2424,0.0025,0,0
2360,45581,6.86,610,false,3,615,608,7,0,0,608,21,2.2424,0.0025,0,0
2361,45588,6.935,610,false,3,615,608,7,0,0,609,552,2.2134,0.0107,0,0
2362,45596,8.279,611,true,3,615,609,6,0,0,609,15,2.2134,0.0107,0,0
2363,45602,5.49,611,false,3,615,609,6,0,0,609,15,2.2134,0.0107,0,0
2364,45609,6.937,611,false,3,615,609,6,0,0,610,15,2.2134,0.0107,0,0
2365,45619,10.6,612,true,3,616,610,6,0,0,610,15,2.2338,0.0014,0,0
2366,45623,3.208,612,false,3,616,610,6,0,0,610,15,2.2338,0.0014,0,0
2367,45630,6.879,612,false,3,616,610,6,0,0,610,15,2.2338,0.0014,0,0
2368,45636,6.877,612,false,3,617,610,7,0,0,611,15,2.2338,0.0014,0,0
2369,45648,11.12,613,true,3,617,611,6,0,0,611,28,4.0682,0.0018,0,0
2370,45650,2.776,613,false,3,617,611,6,0,0,611,28,4.0682,0.0018,0,0
2371,45657,6.88,613,false,3,617,611,6,0,0,611,28,4.0682,0.0018,0,0
2372,45664,6.819,613,false,3,618,611,7,0,0,611,28,4.0682,0.0018,0,0
2373,45673,8.986,614,true,2,618,612,6,0,0,612,63,2.3607,0.0016,0,0
2374,45678,4.858,614,false,2,618,612,6,0,0,612,63,2.3607,0.0016,0,0
2375,45685,6.864,614,false,2,618,612,6,0,0,612,63,2.3607,0.0016,0,0
2376,45692,6.948,614,false,2,619,612,7,0,0,613,63,2.3607,0.0016,0,0
2377,45701,9.061,615,true,2,619,613,6,0,0,613,26,3.4561,0.0017,0,0
2378,45705,4.728,615,false,2,619,613,6,0,0,613,26,3.4561,0.0017,0,0
2379,45712,6.872,615,false,2,619,613,6,0,0,613,26,3.4561,0.0017,0,0
2380,45719,6.896,615,false,2,620,613,7,0,0,613,26,3.4561,0.0017,0,0
2381,45728,8.876,616,true,3,620,614,6,0,0,614,33,2.4977,0.0014,0,0
2382,45733,4.923,616,false,3,620,614,6,0,0,614,33,2.4977,0.0014,0,0
2383,45740,6.926,616,false,3,620,614,6,0,0,614,33,2.4977,0.0014,0,0
2384,45747,6.869,616,false,3,621,614,7,0,0,615,33,2.0927,0.0016,0,0
2385,45756,9.692,617,true,3,621,615,6,0,0,615,17,2.0927,0.0016,0,0
2386,45761,4.193,617,false,3,621,615,6,0,0,615,17,2.0927,0.0016,0,0
2387,45768,7.009,617,false,3,621,615,6,0,0,616,17,2.5431,0.0018,0,0
2388,45778,9.958,618,true,3,622,616,6,0,0,616,17,2.5431,0.0018,0,0
2389,45781,3.643,618,false,3,622,616,6,0,0,616,17,2.5431,0.0018,0,0
2390,45788,6.971,618,false,3,622,616,6,0,0,616,17,2.5431,0.0018,0,0
2391,45797,8.979,619,true,2,623,617,6,0,0,617,17,3.3463,0.0028,0,0
2392,45802,4.758,619,false,2,623,617,6,0,0,617,17,3.3463,0.0028,0,0
2393,45809,6.961,619,false,2,623,617,6,0,0,617,17,3.3463,0.0028,0,0
2394,45816,6.858,619,false,2,624,617,7,0,0,618,17,3.3463,0.0028,0,0
2395,45825,9.531,620,true,2,624,618,6,0,0,618,31,2.4558,0.0023,0,0
2396,45830,4.248,620,false,2,624,618,6,0,0,618,31,2.4558,0.0023,0,0
2397,45836,6.906,620,false,2,625,618,7,0,0,618,31,2.4558,0.0023,0,0
2398,45843,6.95,620,false,2,625,618,7,0,0,619,35,2.4558,0.0023,0,0
2399,45853,10.044,621,true,3,625,619,6,0,0,619,29,3.5126,0.0083,0,0
2400,45857,3.753,621,false,3,625,619,6,0,0,619,29,3.5126,0.0083,0,0
2401,45864,6.85,621,false,3,625,619,6,0,0,619,29,3.5126,0.0083,0,0
2402,45874,10.423,622,true,3,626,620,6,0,0,620,29,2.6892,0.0096,0,0
2403,45878,3.447,622,false,3,626,620,6,0,0,620,29,2.6892,0.0096,0,0
2404,45885,6.833,622,false,3,626,620,6,0,0,620,29,2.6892,0.0096,0,0
2405,45892,6.95,622,false,3,627,620,7,0,0,621,29,2.6892,0.0096,0,0
2406,45900,8.341,623,true,3,627,621,6,0,0,621,21,2.5572,0.0019,0,0
2407,45906,5.445,623,false,3,627,621,6,0,0,621,21,2.5572,0.0019,0,0
2408,45912,6.864,623,false,3,627,621,6,0,0,621,21,2.5572,0.0019,0,0
2409,45924,11.503,624,true,4,628,622,6,0,0,622,21,2.3295,0.0015,0,0
2410,45926,2.311,624,false,4,628,622,6,0,0,622,21,2.3295,0.0015,0,0
2411,45933,6.888,624,false,4,628,622,6,0,0,622,21,2.3295,0.0015,0,0
2412,45940,6.929,624,false,4,629,622,7,0,0,623,21,3.2305,0.0018,0,0
2413,45951,11.042,625,true,3,629,623,6,0,0,623,174,3.2305,0.0018,0,0
2414,45954,2.71,625,false,3,629,623,6,0,0,623,174,3.2305,0.0018,0,0
2415,45961,6.976,625,false,3,629,623,6,0,0,624,174,3.2305,0.0018,0,0
2416,45972,11.19,626,true,3,630,624,6,0,0,624,174,2.3373,0.0016,0,0
2417,45974,2.559,626,false,3,630,624,6,0,0,624,174,2.3373,0.0016,0,0
2418,45981,6.897,626,false,3,630,624,6,0,0,624,174,2.3373,0.0016,0,0
2419,45988,6.946,626,false,3,631,624,7,0,0,625,174,2.3633,0.0016,0,0
2420,45997,9.167,627,true,3,631,625,6,0,0,625,19,2.3633,0.0016,0,0
2421,46002,4.579,627,false,3,631,625,6,0,0,625,19,2.3633,0.0016,0,0
2422,46009,6.934,627,false,3,631,625,6,0,0,626,19,2.3633,0.0016,0,0
2423,46020,10.987,628,true,3,632,626,6,0,0,626,19,2.0292,0.0018,0,0
2424,46023,2.801,628,false,3,632,626,6,0,0,626,19,2.0292,0.0018,0,0
2425,46030,6.882,628,false,3,632,626,6,0,0,626,19,2.0292,0.0018,0,0
2426,46041,11.153,629,true,3,633,627,6,0,0,627,19,3.4272,0.0018,0,0
2427,46044,2.68,629,false,3,633,627,6,0,0,627,19,3.4272,0.0018,0,0
2428,46050,6.861,629,false,3,633,627,6,0,0,627,19,3.4272,0.0018,0,0
2429,46057,6.938,629,false,3,634,627,7,0,0,628,19,3.4272,0.0018,0,0
2430,46066,8.953,630,true,2,634,628,6,0,0,628,19,2.4545,0.0016,0,0
2431,46071,4.807,630,false,2,634,628,6,0,0,628,19,2.4545,0.0016,0,0
2432,46078,6.947,630,false,2,635,628,7,0,0,628,19,2.4545,0.0016,0,0
2433,46085,6.859,630,false,2,635,628,7,0,0,629,19,2.4545,0.0016,0,0
2434,46095,10.458,631,true,4,635,629,6,0,0,629,20,3.1291,0.0016,0,0
2435,46099,3.329,631,false,4,635,629,6,0,0,629,20,3.1291,0.0016,0,0
2436,46106,6.944,631,false,4,635,629,6,0,0,629,20,3.1291,0.0016,0,0
2437,46112,6.866,631,false,4,636,629,7,0,0,630,20,2.7039,0.0019,0,0
2438,46132,19.428,632,true,9,636,630,6,0,0,630,29,2.7039,0.0019,0,0
2439,46134,2.552,632,false,9,636,630,6,0,0,630,29,2.7039,0.0019,0,0
2440,46142,7.651,633,true,4,636,631,5,0,0,631,29,3.3504,0.0025,0,0
2441,46149,6.673,633,false,4,637,631,6,0,0,631,29,3.3504,0.0025,0,0
2442,46153,3.822,633,false,4,637,631,6,0,0,631,29,3.3504,0.0025,0,0
2443,46159,6.91,633,false,4,637,631,6,0,0,631,29,3.3504,0.0025,0,0
2444,46166,6.936,633,false,4,638,631,7,0,0,632,29,2.7841,0.0017,0,0
2445,46177,10.115,634,true,3,638,632,6,0,0,632,23,2.7841,0.0017,0,0
2446,46182,3.678,634,false,3,638,632,6,0,0,632,23,2.7841,0.0017,0,0
2447,46187,6.876,634,false,3,638,632,6,0,0,632,23,2.7841,0.0017,0,0
2448,46204,17.416,635,true,4,639,633,6,0,0,633,23,2.6905,0.0024,0,0
2449,46206,1.317,635,false,4,639,633,6,0,0,633,23,2.6905,0.0024,0,0
2450,46212,5.626,635,false,4,640,633,7,0,0,633,23,2.6905,0.0024,0,0
2451,46221,10.156,636,true,2,640,634,6,0,0,634,39,2.7116,0.002,0,0
2452,46225,3.614,636,false,2,640,634,6,0,0,634,39,2.7116,0.002,0,0
2453,46232,6.87,636,false,2,640,634,6,0,0,634,39,2.7116,0.002,0,0
2454,46239,6.895,636,false,2,641,634,7,0,0,635,39,2.7116,0.002,0,0
2455,46248,8.757,637,true,3,641,635,6,0,0,635,32,4.2899,0.0019,0,0
2456,46253,5.051,637,false,3,641,635,6,0,0,635,32,4.2899,0.0019,0,0
2457,46260,6.944,637,false,3,641,635,6,0,0,635,32,4.2899,0.0019,0,0
2458,46267,6.851,637,false,3,642,635,7,0,0,636,32,2.3138,0.0013,0,0
2459,46277,9.984,638,true,3,642,636,6,0,0,636,19,2.3138,0.0013,0,0
2460,46280,3.815,638,false,3,642,636,6,0,0,636,19,2.3138,0.0013,0,0
2461,46287,6.945,638,false,3,643,636,7,0,0,637,19,2.3138,0.0013,0,0
2462,46296,9.154,639,true,2,643,637,6,0,0,637,20,2.6026,0.0018,0,0
2463,46301,4.641,639,false,2,643,637,6,0,0,637,20,2.6026,0.0018,0,0
2464,46308,6.864,639,false,2,643,637,6,0,0,637,20,2.6026,0.0018,0,0
2465,46315,6.903,639,false,2,644,637,7,0,0,638,20,2.487,0.0022,0,0
2466,46326,10.755,640,true,3,644,638,6,0,0,638,32,2.487,0.0022,0,0
2467,46329,3.031,640,false,3,644,638,6,0,0,638,32,2.487,0.0022,0,0
2468,46336,6.962,640,false,3,644,638,6,0,0,639,32,2.487,0.0022,0,0
2469,46348,12.584,641,true,4,645,639,6,0,0,639,32,3.15,0.002,0,0
2470,46350,1.545,641,false,4,645,639,6,0,0,639,32,3.15,0.002,0,0
2471,46356,6.525,641,false,4,646,639,7,0,0,639,32,3.15,0.002,0,0
2472,46363,6.975,641,false,4,646,639,7,0,0,640,22,2.5678,0.0016,0,0
2473,46372,8.267,642,true,2,646,640,6,0,0,640,21,2.5678,0.0016,0,0
2474,46377,5.453,642,false,2,646,640,6,0,0,640,21,2.5678,0.0016,0,0
2475,46384,6.978,642,false,2,646,640,6,0,0,640,21,2.5678,0.0016,0,0
2476,46397,13.248,643,true,4,647,641,6,0,0,641,21,3.5131,0.0027,0,0
2477,46399,2.237,643,false,4,647,641,6,0,0,641,21,3.5131,0.0027,0,0
2478,46405,5.147,643,false,4,647,641,6,0,0,641,21,3.5131,0.0027,0,0
2479,46412,6.976,643,false,4,648,641,7,0,0,641,21,3.5131,0.0027,0,0
2480,46419,6.827,643,false,4,648,641,7,0,0,642,28,3.5131,0.0027,0,0
2481,46434,15.144,644,true,5,648,642,6,0,0,642,39,4.0435,0.0049,0,0
2482,46436,2.657,644,false,5,648,642,6,0,0,642,39,4.0435,0.0049,0,0
2483,46441,4.222,644,false,5,649,642,7,0,0,642,39,4.0435,0.0049,0,0
2484,46447,6.951,644,false,5,649,642,7,0,0,642,23,4.0435,0.0049,0,0
2485,46457,9.806,645,true,3,649,643,6,0,0,643,24,4.0982,0.0027,0,0
2486,46461,3.996,645,false,3,649,643,6,0,0,643,24,4.0982,0.0027,0,0
2487,46468,6.855,645,false,3,649,643,6,0,0,643,24,4.0982,0.0027,0,0
2488,46475,6.897,645,false,3,650,643,7,0,0,643,24,4.0982,0.0027,0,0
2489,46487,11.835,646,true,3,650,644,6,0,0,644,69,3.7984,0.0024,0,0
2490,46489,1.951,646,false,3,650,644,6,0,0,644,69,3.7984,0.0024,0,0
2491,46496,6.963,646,false,3,650,644,6,0,0,644,69,3.7984,0.0024,0,0
2492,46503,6.853,646,false,3,651,644,7,0,0,645,69,3.7984,0.0024,0,0
2493,46620,117.533,647,true,4,651,645,6,0,0,649,31,2.6863,0.0019,0,0
2494,46636,15.761,648,true,3,653,649,4,0,0,649,31,2.6863,0.0019,0,0
2495,46642,6.66,648,false,3,654,649,5,0,0,650,31,2.6863,0.0019,0,0
2496,46648,5.801,649,true,3,654,650,4,0,0,650,31,2.4432,0.0014,0,0
2497,46649,1.339,649,false,3,654,650,4,0,0,650,31,2.4432,0.0014,0,0
2498,46657,6.938,649,false,3,654,650,4,0,0,650,31,2.4432,0.0014,0,0
2499,46666,9.277,649,false,3,655,650,5,0,0,650,31,2.4432,0.0014,0,0
2500,46670,4.486,649,false,3,655,650,5,0,0,651,31,2.4432,0.0014,0,0
2501,46677,6.901,650,true,4,655,651,4,0,0,651,31,4.1241,0.0021,0,0
2502,46685,7.628,650,false,4,656,651,5,0,0,651,31,4.1241,0.0021,0,0
2503,46691,6.16,650,false,4,656,651,5,0,0,651,31,4.1241,0.0021,0,0
2504,46698,6.929,650,false,4,656,651,5,0,0,652,31,4.1241,0.0021,0,0
2505,46705,6.846,651,true,3,656,652,4,0,0,652,31,4.1158,0.0022,0,0
2506,46712,6.909,651,false,3,657,652,5,0,0,652,31,4.1158,0.0022,0,0
2507,46719,7.065,651,false,3,657,652,5,0,0,652,31,4.1158,0.0022,0,0
2508,46725,6.734,651,false,3,657,652,5,0,0,652,31,4.1158,0.0022,0,0
2509,46734,8.015,652,true,3,658,653,5,0,0,653,31,3.3418,0.0022,0,0
2510,46740,5.799,652,false,3,658,653,5,0,0,653,31,3.3418,0.0022,0,0
2511,46746,6.97,652,false,3,658,653,5,0,0,653,31,3.3418,0.0022,0,0
2512,46759,12.822,653,true,4,659,654,5,0,0,654,31,2.9723,0.002,0,0
2513,46761,2.271,653,false,4,659,654,5,0,0,654,31,2.9723,0.002,0,0
2514,46769,7.607,653,false,4,660,654,6,0,0,654,31,2.9723,0.002,0,0
2515,46774,4.831,653,false,4,660,654,6,0,0,654,31,2.9723,0.002,0,0
2516,46781,6.987,653,false,4,660,654,6,0,0,654,31,2.9723,0.002,0,0
2517,46794,13.111,654,true,4,661,655,6,0,0,655,31,3.6605,0.0045,0,0
2518,46796,2.209,654,false,4,661,655,6,0,0,655,31,3.6605,0.0045,0,0
2519,46802,5.38,654,false,4,661,655,6,0,0,655,31,3.6605,0.0045,0,0
2520,46809,6.804,654,false,4,662,655,7,0,0,655,31,3.6605,0.0045,0,0
2521,46815,6.955,654,false,4,662,655,7,0,0,655,43,3.6605,0.0045,0,0
2522,46822,6.847,654,false,4,662,655,7,0,0,656,36,2.2552,0.0018,0,0
2523,46832,10.192,655,true,2,662,656,6,0,0,656,19,2.2552,0.0018,0,0
2524,46836,3.601,655,false,2,662,656,6,0,0,656,19,2.2552,0.0018,0,0
2525,46843,6.908,655,false,2,662,656,6,0,0,657,19,2.2552,0.0018,0,0
2526,46955,112.047,656,true,3,663,657,6,0,0,661,19,2.6694,0.0015,0,0
2527,46969,14.267,657,true,3,665,661,4,0,0,661,19,2.6694,0.0015,0,0
2528,46976,7.116,657,false,3,666,661,5,0,0,661,19,2.6694,0.0015,0,0
2529,46981,4.782,658,true,2,666,662,4,0,0,662,19,2.1649,0.0017,0,0
2530,46983,2.164,658,false,2,666,662,4,0,0,662,19,2.1649,0.0017,0,0
2531,46990,6.86,658,false,2,667,662,5,0,0,662,19,2.1649,0.0017,0,0
2532,46997,6.909,658,false,2,667,662,5,0,0,662,19,2.1649,0.0017,0,0
2533,47004,7.075,658,false,2,667,662,5,0,0,662,19,2.1649,0.0017,0,0
2534,47012,8.248,659,true,2,668,663,5,0,0,663,19,2.1601,0.0014,0,0
2535,47018,5.409,659,false,2,668,663,5,0,0,663,19,2.1601,0.0014,0,0
2536,47025,6.868,659,false,2,668,663,5,0,0,663,19,2.1601,0.0014,0,0
2537,47036,11.115,660,true,3,669,664,5,0,0,664,19,2.803,0.0016,0,0
2538,47038,2.694,660,false,3,669,664,5,0,0,664,19,2.803,0.0016,0,0
2539,47045,6.898,660,false,3,669,664,5,0,0,664,19,2.803,0.0016,0,0
2540,47054,8.854,660,false,3,670,664,6,0,0,664,19,2.803,0.0016,0,0
2541,47059,4.94,660,false,3,670,664,6,0,0,664,19,2.803,0.0016,0,0
2542,47066,6.894,660,false,3,670,664,6,0,0,665,19,2.803,0.0016,0,0
2543,47075,9.116,661,true,3,671,665,6,0,0,665,19,4.0383,0.0016,0,0
2544,47080,4.682,661,false,3,671,665,6,0,0,665,19,4.0383,0.0016,0,0
2545,47087,6.943,661,false,3,671,665,6,0,0,665,19,4.0383,0.0016,0,0
2546,47094,6.871,661,false,3,672,665,7,0,0,666,19,4.0383,0.0016,0,0
2547,47103,9.66,662,true,3,672,666,6,0,0,666,19,2.6198,0.0014,0,0
2548,47107,4.159,662,false,3,672,666,6,0,0,666,19,2.6198,0.0014,0,0
2549,47114,6.872,662,false,3,672,666,6,0,0,666,19,2.6198,0.0014,0,0
2550,47121,7.117,662,false,3,673,666,7,0,0,667,19,2.6198,0.0014,0,0
2551,47131,9.282,663,true,3,673,667,6,0,0,667,22,4.1935,0.0018,0,0
2552,47135,4.291,663,false,3,673,667,6,0,0,667,22,4.1935,0.0018,0,0
2553,47142,6.952,663,false,3,673,667,6,0,0,667,22,4.1935,0.0018,0,0
2554,47149,6.855,663,false,3,674,667,7,0,0,668,22,2.8404,0.0028,0,0
2555,47159,10.033,664,true,3,674,668,6,0,0,668,18,2.8404,0.0028,0,0
2556,47162,3.766,664,false,3,674,668,6,0,0,668,18,2.8404,0.0028,0,0
2557,47169,6.906,664,false,3,674,668,6,0,0,668,18,2.8404,0.0028,0,0
2558,47180,10.662,665,true,3,675,669,6,0,0,669,18,2.8462,0.0018,0,0
2559,47183,3.133,665,false,3,675,669,6,0,0,669,18,2.8462,0.0018,0,0
2560,47191,6.978,665,false,3,675,669,6,0,0,669,18,2.8462,0.0018,0,0
2561,47197,6.833,665,false,3,676,669,7,0,0,670,18,2.8462,0.0018,0,0
2562,47208,11.087,666,true,4,676,670,6,0,0,670,40,3.1947,0.0029,0,0
2563,47211,2.695,666,false,4,676,670,6,0,0,670,40,3.1947,0.0029,0,0
2564,47218,6.906,666,false,4,676,670,6,0,0,670,40,3.1947,0.0029,0,0
2565,47225,6.983,666,false,4,677,670,7,0,0,670,40,3.1947,0.0029,0,0
2566,47232,6.82,666,false,4,677,670,7,0,0,671,23,3.5134,0.0017,0,0
2567,47242,10.322,667,true,3,677,671,6,0,0,671,22,3.5134,0.0017,0,0
2568,47245,3.468,667,false,3,677,671,6,0,0,671,22,3.5134,0.0017,0,0
2569,47253,6.916,667,false,3,677,671,6,0,0,671,22,3.5134,0.0017,0,0
2570,47268,15.756,668,true,5,678,672,6,0,0,672,22,2.8757,0.0017,0,0
2571,47270,1.889,668,false,5,678,672,6,0,0,672,22,2.8757,0.0017,0,0
2572,47275,5.025,668,false,5,679,672,7,0,0,672,22,2.8757,0.0017,0,0
2573,47282,6.877,668,false,5,679,672,7,0,0,672,23,2.8757,0.0017,0,0
2574,47292,10.567,669,true,3,679,673,6,0,0,673,35,2.5001,0.0018,0,0
2575,47296,3.203,669,false,3,679,673,6,0,0,673,35,2.5001,0.0018,0,0
2576,47303,6.916,669,false,3,679,673,6,0,0,673,35,2.5001,0.0018,0,0
2577,47310,6.927,669,false,3,680,673,7,0,0,674,35,2.4225,0.0013,0,0
2578,47317,7.626,670,true,2,680,674,6,0,0,674,17,2.4225,0.0013,0,0
2579,47323,6.179,670,false,2,680,674,6,0,0,674,17,2.4225,0.0013,0,0
2580,47330,6.863,670,false,2,680,674,6,0,0,674,17,2.4225,0.0013,0,0
2581,47337,6.899,670,false,2,681,674,7,0,0,675,17,3.3267,0.0017,0,0
2582,47345,8.334,671,true,3,681,675,6,0,0,675,18,3.3267,0.0017,0,0
2583,47351,5.465,671,false,3,681,675,6,0,0,675,18,3.3267,0.0017,0,0
2584,47358,6.958,671,false,3,681,675,6,0,0,676,18,3.3267,0.0017,0,0
2585,47366,8.189,672,true,2,682,676,6,0,0,676,18,2.2018,0.0013,0,0
2586,47372,5.59,672,false,2,682,676,6,0,0,676,18,2.2018,0.0013,0,0
2587,47378,6.871,672,false,2,682,676,6,0,0,676,18,2.2018,0.0013,0,0
2588,47386,6.899,672,false,2,683,676,7,0,0,677,18,2.8527,0.0015,0,0
2589,47394,8.602,673,true,3,683,677,6,0,0,677,20,2.8527,0.0015,0,0
2590,47399,5.19,673,false,3,683,677,6,0,0,677,20,2.8527,0.0015,0,0
2591,47406,6.953,673,false,3,683,677,6,0,0,677,20,2.8527,0.0015,0,0
2592,47415,9.026,674,true,3,684,678,6,0,0,678,20,2.5128,0.0022,0,0
2593,47420,4.729,674,false,3,684,678,6,0,0,678,20,2.5128,0.0022,0,0
2594,47427,6.977,674,false,3,684,678,6,0,0,678,20,2.5128,0.0022,0,0
2595,47433,6.809,674,false,3,685,678,7,0,0,679,20,2.2656,0.0015,0,0
2596,47441,8.001,675,true,2,685,679,6,0,0,679,51,2.2656,0.0015,0,0
2597,47447,5.804,675,false,2,685,679,6,0,0,679,51,2.2656,0.0015,0,0
2598,47454,6.955,675,false,2,686,679,7,0,0,679,51,2.2656,0.0015,0,0
2599,47461,7.345,676,true,2,686,680,6,0,0,680,19,2.2867,0.0013,0,0
2600,47468,6.404,676,false,2,686,680,6,0,0,680,19,2.2867,0.0013,0,0
2601,47475,6.935,676,false,2,686,680,6,0,0,680,19,2.2867,0.0013,0,0
2602,47482,6.865,676,false,2,687,680,7,0,0,681,19,2.3698,0.0017,0,0
2603,47489,7.578,677,true,2,687,681,6,0,0,681,92,2.3698,0.0017,0,0
2604,47496,6.221,677,false,2,687,681,6,0,0,681,92,2.3698,0.0017,0,0
2605,47503,6.915,677,false,2,687,681,6,0,0,681,92,2.3698,0.0017,0,0
2606,47511,8.122,678,true,2,688,682,6,0,0,682,92,2.6573,0.0015,0,0
2607,47516,5.663,678,false,2,688,682,6,0,0,682,92,2.6573,0.0015,0,0
2608,47523,6.935,678,false,2,688,682,6,0,0,682,92,2.6573,0.0015,0,0
2609,47530,6.876,678,false,2,689,682,7,0,0,683,92,2.6573,0.0015,0,0
2610,47539,8.677,679,true,3,689,683,6,0,0,683,34,4.9935,0.0023,0,0
2611,47544,5.115,679,false,3,689,683,6,0,0,683,34,4.9935,0.0023,0,0
2612,47551,6.9,679,false,3,689,683,6,0,0,683,34,4.9935,0.0023,0,0
2613,47560,9.187,680,true,3,690,684,6,0,0,684,34,2.8548,0.0016,0,0
2614,47565,4.615,680,false,3,690,684,6,0,0,684,34,2.8548,0.0016,0,0
2615,47572,6.953,680,false,3,690,684,6,0,0,684,34,2.8548,0.0016,0,0
2616,47578,6.844,680,false,3,691,684,7,0,0,685,34,2.8548,0.0016,0,0
2617,47590,11.465,681,true,3,691,685,6,0,0,685,23,2.2579,0.0024,0,0
2618,47592,2.516,681,false,3,691,685,6,0,0,685,23,2.2579,0.0024,0,0
2619,47599,6.719,681,false,3,691,685,6,0,0,685,23,2.2579,0.0024,0,0
2620,47606,6.96,681,false,3,692,685,7,0,0,686,23,2.2579,0.0024,0,0
2621,47621,14.704,682,true,7,692,686,6,0,0,686,26,2.5218,0.0019,0,0
2622,47622,1.731,682,false,7,692,686,6,0,0,686,26,2.5218,0.0019,0,0
2623,47628,5.205,682,false,7,692,686,6,0,0,686,26,2.5218,0.0019,0,0
2624,47637,9.765,683,true,2,693,687,6,0,0,687,26,2.4905,0.0015,0,0
2625,47642,4.047,683,false,2,693,687,6,0,0,687,26,2.4905,0.0015,0,0
2626,47648,6.865,683,false,2,693,687,6,0,0,687,26,2.4905,0.0015,0,0
2627,47656,6.939,683,false,2,694,687,7,0,0,688,26,2.3423,0.0016,0,0
2628,47664,8.783,684,true,3,694,688,6,0,0,688,18,2.3423,0.0016,0,0
2629,47669,4.971,684,false,3,694,688,6,0,0,688,18,2.3423,0.0016,0,0
2630,47676,6.956,684,false,3,695,688,7,0,0,689,18,2.3423,0.0016,0,0
2631,47686,10.266,685,true,3,695,689,6,0,0,689,20,4.3301,0.0031,0,0
2632,47690,3.513,685,false,3,695,689,6,0,0,689,20,4.3301,0.0031,0,0
2633,47697,6.871,685,false,3,695,689,6,0,0,689,20,4.3301,0.0031,0,0
2634,47704,6.94,685,false,3,696,689,7,0,0,690,20,2.4643,0.0021,0,0
2635,47712,8.328,686,true,2,696,690,6,0,0,690,24,2.4643,0.0021,0,0
2636,47718,5.444,686,false,2,696,690,6,0,0,690,24,2.4643,0.0021,0,0
2637,47724,6.931,686,false,2,696,690,6,0,0,690,24,2.4643,0.0021,0,0
2638,47732,8.24,687,true,2,697,691,6,0,0,691,24,2.5244,0.0015,0,0
2639,47738,5.571,687,false,2,697,691,6,0,0,691,24,2.5244,0.0015,0,0
2640,47745,6.843,687,false,2,697,691,6,0,0,691,24,2.5244,0.0015,0,0
2641,47752,6.905,687,false,2,698,691,7,0,0,692,24,2.1463,0.0016,0,0
2642,47761,9.167,688,true,3,698,692,6,0,0,692,27,2.1463,0.0016,0,0
2643,47766,4.628,688,false,3,698,692,6,0,0,692,27,2.1463,0.0016,0,0
2644,47773,6.953,688,false,3,698,692,6,0,0,692,27,2.1463,0.0016,0,0
2645,47781,8.485,689,true,2,699,693,6,0,0,693,27,2.6459,0.0018,0,0
2646,47787,5.319,689,false,2,699,693,6,0,0,693,27,2.6459,0.0018,0,0
2647,47793,6.85,689,false,2,699,693,6,0,0,693,27,2.6459,0.0018,0,0
2648,47800,6.895,689,false,2,700,693,7,0,0,694,27,2.5739,0.0015,0,0
2649,47808,8.084,690,true,2,700,694,6,0,0,694,24,2.5739,0.0015,0,0
2650,47814,5.716,690,false,2,700,694,6,0,0,694,24,2.5739,0.0015,0,0
2651,47821,6.942,690,false,2,700,694,6,0,0,694,24,2.5739,0.0015,0,0
2652,47832,10.651,691,true,3,701,695,6,0,0,695,24,3.6996,0.0021,0,0
2653,47835,3.105,691,false,3,701,695,6,0,0,695,24,3.6996,0.0021,0,0
2654,47842,6.952,691,false,3,701,695,6,0,0,695,24,3.6996,0.0021,0,0
2655,47849,6.854,691,false,3,702,695,7,0,0,696,24,3.6996,0.0021,0,0
2656,47856,7.368,692,true,2,702,696,6,0,0,696,27,2.247,0.0015,0,0
2657,47863,6.43,692,false,2,702,696,6,0,0,696,27,2.247,0.0015,0,0
2658,47869,6.961,692,false,2,703,696,7,0,0,696,27,2.247,0.0015,0,0
2659,47876,6.847,692,false,2,703,696,7,0,0,697,21,3.7721,0.0028,0,0
2660,47888,11.651,693,true,3,703,697,6,0,0,697,27,3.7721,0.0028,0,0
2661,47890,2.54,693,false,3,703,697,6,0,0,697,27,3.7721,0.0028,0,0
2662,47897,6.498,693,false,3,703,697,6,0,0,697,27,3.7721,0.0028,0,0
2663,47904,6.986,693,false,3,704,697,7,0,0,697,27,3.7721,0.0028,0,0
2664,47914,10.722,694,true,4,704,698,6,0,0,698,21,3.4487,0.0015,0,0
2665,47917,2.987,694,false,4,704,698,6,0,0,698,21,3.4487,0.0015,0,0
2666,47924,6.956,694,false,4,704,698,6,0,0,698,21,3.4487,0.0015,0,0
2667,47931,6.852,694,false,4,705,698,7,0,0,698,21,3.4487,0.0015,0,0
2668,47940,8.468,695,true,2,705,699,6,0,0,699,70,3.3442,0.0016,0,0
2669,47945,5.333,695,false,2,705,699,6,0,0,699,70,3.3442,0.0016,0,0
2670,47952,6.942,695,false,2,705,699,6,0,0,699,70,3.3442,0.0016,0,0
2671,47959,6.851,695,false,2,706,699,7,0,0,699,70,3.3442,0.0016,0,0
2672,47966,6.905,695,false,2,706,699,7,0,0,700,21,3.3442,0.0016,0,0
2673,47975,9.114,696,true,3,706,700,6,0,0,700,20,3.576,0.0024,0,0
2674,47980,4.697,696,false,3,706,700,6,0,0,700,20,3.576,0.0024,0,0
2675,47987,6.933,696,false,3,706,700,6,0,0,700,20,3.576,0.0024,0,0
2676,47993,6.888,696,false,3,707,700,7,0,0,701,20,3.1878,0.0016,0,0
2677,48002,8.433,697,true,3,707,701,6,0,0,701,20,3.1878,0.0016,0,0
2678,48007,5.377,697,false,3,707,701,6,0,0,701,20,3.1878,0.0016,0,0
2679,48014,6.862,697,false,3,707,701,6,0,0,702,20,3.1878,0.0016,0,0
2680,48024,9.772,698,true,3,708,702,6,0,0,702,20,2.0799,0.002,0,0
2681,48028,4.018,698,false,3,708,702,6,0,0,702,20,2.0799,0.002,0,0
2682,48035,6.955,698,false,3,708,702,6,0,0,702,20,2.0799,0.002,0,0
2683,48042,6.86,698,false,3,709,702,7,0,0,703,20,2.0799,0.002,0,0
2684,48053,11.492,699,true,4,709,703,6,0,0,703,23,2.4453,0.0021,0,0
2685,48055,2.314,699,false,4,709,703,6,0,0,703,23,2.4453,0.0021,0,0
2686,48063,6.893,699,false,4,709,703,6,0,0,703,23,2.4453,0.0021,0,0
2687,48072,9.195,700,true,3,710,704,6,0,0,704,23,2.5433,0.0021,0,0
2688,48076,4.601,700,false,3,710,704,6,0,0,704,23,2.5433,0.0021,0,0
2689,48083,6.898,700,false,3,710,704,6,0,0,704,23,2.5433,0.0021,0,0
2690,48090,6.942,700,false,3,711,704,7,0,0,705,23,2.3945,0.0017,0,0
2691,48101,10.467,701,true,4,711,705,6,0,0,705,21,2.3945,0.0017,0,0
2692,48104,3.317,701,false,4,711,705,6,0,0,705,21,2.3945,0.0017,0,0
2693,48111,6.885,701,false,4,711,705,6,0,0,705,21,2.3945,0.0017,0,0
2694,48122,11.646,702,true,3,712,706,6,0,0,706,21,2.6634,0.0013,0,0
2695,48125,2.126,702,false,3,712,706,6,0,0,706,21,2.6634,0.0013,0,0
2696,48131,6.919,702,false,3,713,706,7,0,0,706,21,2.6634,0.0013,0,0
2697,48138,6.958,702,false,3,713,706,7,0,0,707,21,2.6634,0.0013,0,0
2698,48149,10.137,703,true,3,713,707,6,0,0,707,35,4.2912,0.002,0,0
2699,48152,3.644,703,false,3,713,707,6,0,0,707,35,4.2912,0.002,0,0
2700,48159,6.855,703,false,3,713,707,6,0,0,707,35,4.2912,0.002,0,0
2701,48166,6.904,703,false,3,714,707,7,0,0,708,35,2.0004,0.0019,0,0
2702,48176,9.762,704,true,3,714,708,6,0,0,708,19,2.0004,0.0019,0,0
2703,48180,4.033,704,false,3,714,708,6,0,0,708,19,2.0004,0.0019,0,0
2704,48187,7.015,704,false,3,714,708,6,0,0,709,19,2.0004,0.0019,0,0
2705,48196,9.022,705,true,3,715,709,6,0,0,709,19,2.3539,0.0012,0,0
2706,48201,4.676,705,false,3,715,709,6,0,0,709,19,2.3539,0.0012,0,0
2707,48207,6.963,705,false,3,715,709,6,0,0,709,19,2.3539,0.0012,0,0
2708,48214,6.828,705,false,3,716,709,7,0,0,710,19,2.3539,0.0012,0,0
2709,48223,8.99,706,true,3,716,710,6,0,0,710,20,2.1544,0.0016,0,0
2710,48228,4.872,706,false,3,716,710,6,0,0,710,20,2.1544,0.0016,0,0
2711,48235,6.864,706,false,3,716,710,6,0,0,710,20,2.1544,0.0016,0,0
2712,48246,11.22,707,true,4,717,711,6,0,0,711,20,3.0547,0.0013,0,0
2713,48249,2.537,707,false,4,717,711,6,0,0,711,20,3.0547,0.0013,0,0
2714,48256,6.956,707,false,4,717,711,6,0,0,711,20,3.0547,0.0013,0,0
2715,48263,6.863,707,false,4,718,711,7,0,0,711,20,3.0547,0.0013,0,0
2716,48269,6.96,707,false,4,718,711,7,0,0,712,23,2.4218,0.0014,0,0
2717,48277,7.963,708,true,3,718,712,6,0,0,712,19,2.4218,0.0014,0,0
2718,48283,5.77,708,false,3,718,712,6,0,0,712,19,2.4218,0.0014,0,0
2719,48290,6.959,708,false,3,718,712,6,0,0,712,19,2.4218,0.0014,0,0
2720,48300,10.322,709,true,3,719,713,6,0,0,713,19,3.4649,0.0022,0,0
2721,48304,3.467,709,false,3,719,713,6,0,0,713,19,3.4649,0.0022,0,0
2722,48311,6.861,709,false,3,719,713,6,0,0,713,19,3.4649,0.0022,0,0
2723,48318,6.971,709,false,3,720,713,7,0,0,713,19,3.4649,0.0022,0,0
2724,48325,6.838,709,false,3,720,713,7,0,0,714,23,2.9028,0.0016,0,0
2725,48333,8.632,710,true,2,720,714,6,0,0,714,23,2.9028,0.0016,0,0
2726,48339,5.201,710,false,2,720,714,6,0,0,714,23,2.9028,0.0016,0,0
2727,48345,6.843,710,false,2,720,714,6,0,0,714,23,2.9028,0.0016,0,0
2728,48355,10.096,711,true,3,721,715,6,0,0,715,23,3.7266,0.0017,0,0
2729,48359,3.703,711,false,3,721,715,6,0,0,715,23,3.7266,0.0017,0,0
2730,48366,6.939,711,false,3,721,715,6,0,0,715,23,3.7266,0.0017,0,0
2731,48374,7.629,711,false,3,722,715,7,0,0,715,23,3.7266,0.0017,0,0
2732,48381,7.732,712,true,2,722,716,6,0,0,716,22,2.6008,0.0015,0,0
2733,48387,5.389,712,false,2,722,716,6,0,0,716,22,2.6008,0.0015,0,0
2734,48394,6.821,712,false,2,723,716,7,0,0,716,22,2.6008,0.0015,0,0
2735,48401,6.903,712,false,2,723,716,7,0,0,717,21,2.6008,0.0015,0,0
2736,48410,9.77,713,true,3,723,717,6,0,0,717,22,3.1687,0.0017,0,0
2737,48414,4.028,713,false,3,723,717,6,0,0,717,22,3.1687,0.0017,0,0
2738,48421,7.045,713,false,3,723,717,6,0,0,717,22,3.1687,0.0017,0,0
2739,48428,6.761,713,false,3,724,717,7,0,0,718,22,2.5654,0.0026,0,0
2740,48437,8.826,714,true,2,724,718,6,0,0,718,32,2.5654,0.0026,0,0
2741,48442,4.965,714,false,2,724,718,6,0,0,718,32,2.5654,0.0026,0,0
2742,48449,6.906,714,false,2,724,718,6,0,0,718,32,2.5654,0.0026,0,0
2743,48458,9.511,715,true,3,725,719,6,0,0,719,32,3.5906,0.0017,0,0
2744,48463,4.28,715,false,3,725,719,6,0,0,719,32,3.5906,0.0017,0,0
2745,48470,6.968,715,false,3,725,719,6,0,0,719,32,3.5906,0.0017,0,0
2746,48476,6.841,715,false,3,726,719,7,0,0,720,32,3.5906,0.0017,0,0
2747,48484,7.687,716,true,2,726,720,6,0,0,720,24,2.9493,0.0026,0,0
2748,48490,6.247,716,false,2,726,720,6,0,0,720,24,2.9493,0.0026,0,0
2749,48497,6.756,716,false,2,726,720,6,0,0,720,24,2.9493,0.0026,0,0
2750,48504,6.962,716,false,2,727,720,7,0,0,721,24,2.7488,0.0014,0,0
2751,48518,13.491,717,true,2,727,721,6,0,0,721,38,2.7488,0.0014,0,0
2752,48520,2.458,717,false,2,727,721,6,0,0,721,38,2.7488,0.0014,0,0
2753,48525,4.685,717,false,2,727,721,6,0,0,721,38,2.7488,0.0014,0,0
2754,48532,6.917,717,false,2,728,721,7,0,0,721,38,2.7488,0.0014,0,0
2755,48541,9.676,718,true,3,728,722,6,0,0,722,33,3.5706,0.0022,0,0
2756,48545,4.124,718,false,3,728,722,6,0,0,722,33,3.5706,0.0022,0,0
2757,48553,6.95,718,false,3,728,722,6,0,0,722,33,3.5706,0.0022,0,0
2758,48559,6.844,718,false,3,729,722,7,0,0,723,33,3.5706,0.0022,0,0
2759,48571,12.23,719,true,3,729,723,6,0,0,723,22,3.4171,0.0017,0,0
2760,48574,2.283,719,false,3,729,723,6,0,0,723,22,3.4171,0.0017,0,0
2761,48580,6.185,719,false,3,729,723,6,0,0,723,22,3.4171,0.0017,0,0
2762,48612,32.611,720,true,4,730,724,6,0,0,724,22,2.9237,0.0014,0,0
2763,48614,1.718,720,false,4,730,724,6,0,0,724,22,2.9237,0.0014,0,0
2764,48620,5.258,721,true,2,730,725,5,0,0,725,22,3.047,0.0024,0,0
2765,48626,6.878,721,false,2,730,725,5,0,0,725,22,3.047,0.0024,0,0
2766,48633,6.905,721,false,2,730,725,5,0,0,725,22,3.047,0.0024,0,0
2767,48640,6.92,721,false,2,730,725,5,0,0,726,22,3.047,0.0024,0,0
2768,48647,6.876,722,true,2,730,726,4,0,0,726,22,2.329,0.0015,0,0
2769,48654,6.91,722,false,2,730,726,4,0,0,726,22,2.329,0.0015,0,0
2770,48661,7.056,722,false,2,730,726,4,0,0,726,22,2.329,0.0015,0,0
2771,48668,6.771,722,false,2,730,726,4,0,0,727,22,2.5068,0.0022,0,0
2772,48675,6.838,723,true,3,730,727,3,0,0,727,22,2.5068,0.0022,0,0
2773,48682,7.031,723,false,3,730,727,3,0,0,727,22,2.5068,0.0022,0,0
2774,48688,6.729,723,false,3,730,727,3,0,0,728,22,2.5068,0.0022,0,0
2775,48695,7.066,724,true,3,730,728,2,0,0,728,22,2.3435,0.0026,0,0
2776,48702,6.895,724,false,3,730,728,2,0,0,728,22,2.3435,0.0026,0,0
2777,48709,6.976,724,false,3,730,728,2,0,0,728,22,2.3435,0.0026,0,0
2778,48716,6.747,724,false,3,730,728,2,0,0,729,22,2.3435,0.0026,0,0
2779,48723,6.813,725,true,3,730,729,1,0,0,729,22,2.3435,0.0026,0,0
2780,48730,7.094,725,false,3,730,729,1,0,0,729,22,2.3435,0.0026,0,0
2781,48737,6.78,725,false,3,730,729,1,0,0,729,22,2.3435,0.0026,0,0
2782,48744,7.012,725,false,3,730,729,1,0,0,729,22,2.3435,0.0026,0,0
2783,48751,6.908,725,false,3,730,729,1,0,0,729,22,2.3435,0.0026,0,0
2784,48757,6.769,725,false,3,730,729,1,0,0,729,22,2.3435,0.0026,0,0
2785,48764,6.952,725,false,3,730,729,1,0,0,729,22,2.3435,0.0026,0,0
2786,48771,6.916,725,false,3,730,729,1,0,0,729,22,2.3435,0.0026,0,0
2787,48778,6.893,725,false,3,730,729,1,0,0,729,22,2.3435,0.0026,0,0
2788,48785,6.895,725,false,3,730,729,1,0,0,729,22,2.3435,0.0026,0,0
2789,48792,6.931,725,false,3,730,729,1,0,0,729,22,2.3435,0.0026,0,0
2790,48799,6.754,725,false,3,730,729,1,0,0,729,22,2.3435,0.0026,0,0
2791,48806,6.954,725,false,3,730,729,1,0,0,729,22,2.3435,0.0026,0,0
2792,48813,6.961,725,false,3,730,729,1,0,0,729,22,2.3435,0.0026,0,0
2793,48819,6.848,725,false,3,730,729,1,0,0,729,22,2.3435,0.0026,0,0
2794,48827,7.031,725,false,3,730,729,1,0,0,729,22,2.3435,0.0026,0,0
2795,48834,6.768,725,false,3,730,729,1,0,0,729,22,2.3435,0.0026,0,0
2796,48840,6.865,725,false,3,730,729,1,0,0,729,22,2.3435,0.0026,0,0
2797,48847,6.979,725,false,3,730,729,1,0,0,729,22,2.3435,0.0026,0,0
2798,48854,6.857,725,false,3,730,729,1,0,0,729,22,2.3435,0.0026,0,0
2799,48861,6.892,725,false,3,730,729,1,0,0,729,22,2.3435,0.0026,0,0
2800,48868,6.994,725,false,3,730,729,1,0,0,729,22,2.3435,0.0026,0,0
2801,48875,6.808,725,false,3,730,729,1,0,0,729,22,2.3435,0.0026,0,0
2802,48882,6.967,725,false,3,730,729,1,0,0,729,22,2.3435,0.0026,0,0
2803,48889,6.898,725,false,3,730,729,1,0,0,729,22,2.3435,0.0026,0,0
2804,48895,6.881,725,false,3,730,729,1,0,0,729,22,2.3435,0.0026,0,0
2805,48902,6.808,725,false,3,730,729,1,0,0,729,22,2.3435,0.0026,0,0
2806,48909,7.014,725,false,3,730,729,1,0,0,729,22,2.3435,0.0026,0,0
2807,48916,6.872,725,false,3,730,729,1,0,0,729,22,2.3435,0.0026,0,0
2808,49645,728.732,725,false,3,730,729,1,0,0,729,22,2.3435,0.0026,0,0
2809,49647,2.287,725,false,3,730,729,1,0,0,729,22,2.3435,0.0026,0,0
2810,49661,13.99,725,false,3,731,729,2,0,0,729,22,3.7237,0.0021,0,0
2811,49671,9.931,725,false,3,732,729,3,0,0,729,22,3.7237,0.0021,0,0
2812,49679,7.785,725,false,3,733,729,4,0,0,729,22,3.7237,0.0021,0,0
2813,49681,1.866,725,false,3,733,729,4,0,0,729,22,3.7237,0.0021,0,0
2814,49690,9.278,726,true,2,734,730,4,0,0,730,22,2.1736,0.0014,0,0
2815,49693,2.659,726,false,2,734,730,4,0,0,730,22,2.1736,0.0014,0,0
2816,49700,7.007,726,false,2,735,730,5,0,0,730,22,2.1736,0.0014,0,0
2817,49707,6.799,726,false,2,735,730,5,0,0,730,22,2.1736,0.0014,0,0
2818,49714,6.948,726,false,2,735,730,5,0,0,730,22,2.1736,0.0014,0,0
2819,49725,10.993,727,true,3,736,731,5,0,0,731,22,6.1122,0.0017,0,0
2820,49727,2.74,727,false,3,736,731,5,0,0,731,22,6.1122,0.0017,0,0
2821,49734,6.991,727,false,3,736,731,5,0,0,731,22,6.1122,0.0017,0,0
2822,49743,8.741,727,false,3,737,731,6,0,0,731,22,6.1122,0.0017,0,0
2823,49748,5.058,727,false,3,737,731,6,0,0,731,22,6.1122,0.0017,0,0
2824,49755,6.976,728,true,3,737,732,5,0,0,732,22,3.2394,0.0029,0,0
2825,49762,7.19,728,false,3,738,732,6,0,0,732,22,3.2394,0.0029,0,0
2826,49769,6.51,728,false,3,738,732,6,0,0,732,22,3.2394,0.0029,0,0
2827,49776,6.853,728,false,3,738,732,6,0,0,732,22,3.2394,0.0029,0,0
2828,49783,6.945,728,false,3,739,732,7,0,0,733,22,2.1383,0.002,0,0
2829,49793,10.814,729,true,3,739,733,6,0,0,733,20,2.1383,0.002,0,0
2830,49796,2.941,729,false,3,739,733,6,0,0,733,20,2.1383,0.002,0,0
2831,49803,6.995,729,false,3,739,733,6,0,0,733,20,2.1383,0.002,0,0
2832,49810,6.82,729,false,3,740,733,7,0,0,733,20,2.1383,0.002,0,0
2833,49817,6.929,729,false,3,740,733,7,0,0,734,33,2.1383,0.002,0,0
2834,49827,9.747,730,true,3,740,734,6,0,0,734,28,2.7617,0.0015,0,0
2835,49831,4.006,730,false,3,740,734,6,0,0,734,28,2.7617,0.0015,0,0
2836,49838,6.963,730,false,3,740,734,6,0,0,734,28,2.7617,0.0015,0,0
2837,49845,6.858,730,false,3,741,734,7,0,0,735,28,2.1359,0.0023,0,0
2838,49855,10.767,731,true,3,741,735,6,0,0,735,28,2.1359,0.0023,0,0
2839,49858,3.006,731,false,3,741,735,6,0,0,735,28,2.1359,0.0023,0,0
2840,49866,6.904,731,false,3,741,735,6,0,0,735,28,2.1359,0.0023,0,0
2841,49872,6.941,731,false,3,742,735,7,0,0,736,28,2.1359,0.0023,0,0
2842,49881,9.286,732,true,3,742,736,6,0,0,736,24,2.2095,0.0018,0,0
2843,49886,4.516,732,false,3,742,736,6,0,0,736,24,2.2095,0.0018,0,0
2844,49893,6.858,732,false,3,742,736,6,0,0,736,24,2.2095,0.0018,0,0
2845,49900,6.898,732,false,3,743,736,7,0,0,737,24,3.59,0.002,0,0
2846,49908,8.305,733,true,2,743,737,6,0,0,737,23,3.59,0.002,0,0
2847,49913,5.492,733,false,2,743,737,6,0,0,737,23,3.59,0.002,0,0
2848,49921,6.941,733,false,2,743,737,6,0,0,737,23,3.59,0.002,0,0
2849,49927,6.867,733,false,2,744,737,7,0,0,738,23,2.3424,0.0016,0,0
2850,49936,8.263,734,true,2,744,738,6,0,0,738,34,2.3424,0.0016,0,0
2851,49941,5.589,734,false,2,744,738,6,0,0,738,34,2.3424,0.0016,0,0
2852,49948,6.867,734,false,2,744,738,6,0,0,738,34,2.3424,0.0016,0,0
2853,49959,10.498,735,true,3,745,739,6,0,0,739,34,4.2526,0.0023,0,0
2854,49962,3.272,735,false,3,745,739,6,0,0,739,34,4.2526,0.0023,0,0
2855,49969,6.912,735,false,3,745,739,6,0,0,739,34,4.2526,0.0023,0,0
2856,49976,6.929,735,false,3,746,739,7,0,0,739,34,4.2526,0.0023,0,0
2857,49983,6.887,735,false,3,746,739,7,0,0,740,23,2.2196,0.0018,0,0
2858,49991,8.537,736,true,2,746,740,6,0,0,740,18,2.2196,0.0018,0,0
2859,49997,5.253,736,false,2,746,740,6,0,0,740,18,2.2196,0.0018,0,0
2860,50003,6.892,736,false,2,746,740,6,0,0,740,18,2.2196,0.0018,0,0
2861,50012,9.235,737,true,3,747,741,6,0,0,741,18,3.2513,0.0016,0,0
2862,50017,4.564,737,false,3,747,741,6,0,0,741,18,3.2513,0.0016,0,0
2863,50024,7.135,737,false,3,747,741,6,0,0,741,18,3.2513,0.0016,0,0
2864,50031,6.66,737,false,3,748,741,7,0,0,742,18,3.2513,0.0016,0,0
2865,50040,9.289,738,true,3,748,742,6,0,0,742,22,2.5304,0.002,0,0
2866,50045,4.574,738,false,3,748,742,6,0,0,742,22,2.5304,0.002,0,0
2867,50052,6.848,738,false,3,748,742,6,0,0,742,22,2.5304,0.002,0,0
2868,50059,6.995,738,false,3,749,742,7,0,0,743,22,2.5304,0.002,0,0
2869,50070,11.683,739,true,3,749,743,6,0,0,743,30,4.3292,0.0024,0,0
2870,50072,2.057,739,false,3,749,743,6,0,0,743,30,4.3292,0.0024,0,0
2871,50079,6.902,739,false,3,749,743,6,0,0,743,30,4.3292,0.0024,0,0
2872,50086,6.852,739,false,3,750,743,7,0,0,743,30,4.3292,0.0024,0,0
2873,50095,9.233,740,true,3,750,744,6,0,0,744,20,2.3721,0.0031,0,0
2874,50100,4.576,740,false,3,750,744,6,0,0,744,20,2.3721,0.0031,0,0
2875,50107,6.909,740,false,3,750,744,6,0,0,744,20,2.3721,0.0031,0,0
2876,50114,6.954,740,false,3,751,744,7,0,0,744,20,2.3721,0.0031,0,0
2877,50121,6.853,740,false,3,751,744,7,0,0,745,29,2.3721,0.0031,0,0
2878,50130,9.892,741,true,3,751,745,6,0,0,745,30,3.5323,0.0026,0,0
2879,50134,3.901,741,false,3,751,745,6,0,0,745,30,3.5323,0.0026,0,0
2880,50141,6.923,741,false,3,751,745,6,0,0,745,30,3.5323,0.0026,0,0
2881,50148,6.863,741,false,3,752,745,7,0,0,745,30,3.5323,0.0026,0,0
2882,50161,13.09,742,true,4,752,746,6,0,0,746,43,2.1601,0.0022,0,0
2883,50163,1.916,742,false,4,752,746,6,0,0,746,43,2.1601,0.0022,0,0
2884,50169,5.692,742,false,4,752,746,6,0,0,746,43,2.1601,0.0022,0,0
2885,50176,6.936,742,false,4,753,746,7,0,0,746,43,2.1601,0.0022,0,0
2886,50183,6.873,742,false,4,753,746,7,0,0,747,26,2.1601,0.0022,0,0
2887,50196,12.999,743,true,4,753,747,6,0,0,747,26,4.81,0.002,0,0
2888,50198,1.937,743,false,4,753,747,6,0,0,747,26,4.81,0.002,0,0
2889,50204,5.757,743,false,4,753,747,6,0,0,747,26,4.81,0.002,0,0
2890,50210,6.93,743,false,4,754,747,7,0,0,748,26,4.81,0.002,0,0
2891,50220,9.742,744,true,3,754,748,6,0,0,748,25,2.1644,0.0015,0,0
2892,50224,4.061,744,false,3,754,748,6,0,0,748,25,2.1644,0.0015,0,0
2893,50231,6.909,744,false,3,754,748,6,0,0,748,25,2.1644,0.0015,0,0
2894,50238,6.849,744,false,3,755,748,7,0,0,749,25,2.1644,0.0015,0,0
2895,50249,11.354,745,true,3,755,749,6,0,0,749,28,3.3534,0.0014,0,0
2896,50252,2.446,745,false,3,755,749,6,0,0,749,28,3.3534,0.0014,0,0
2897,50259,6.951,745,false,3,755,749,6,0,0,749,28,3.3534,0.0014,0,0
2898,50265,6.856,745,false,3,756,749,7,0,0,749,28,3.3534,0.0014,0,0
2899,50273,6.907,745,false,3,756,749,7,0,0,750,123,2.5681,0.0026,0,0
2900,50281,8.457,746,true,2,756,750,6,0,0,750,28,2.5681,0.0026,0,0
2901,50286,5.347,746,false,2,756,750,6,0,0,750,28,2.5681,0.0026,0,0
2902,50293,6.926,746,false,2,757,750,7,0,0,750,28,2.5681,0.0026,0,0
2903,50300,6.864,746,false,2,757,750,7,0,0,751,22,2.5491,0.002,0,0
2904,50311,11.294,747,true,2,757,751,6,0,0,751,17,2.5491,0.002,0,0
2905,50314,2.536,747,false,2,757,751,6,0,0,751,17,2.5491,0.002,0,0
2906,50321,6.875,747,false,2,757,751,6,0,0,751,17,2.5491,0.002,0,0
2907,50328,6.93,747,false,2,758,751,7,0,0,752,17,2.1571,0.0014,0,0
2908,50336,8.186,748,true,2,758,752,6,0,0,752,31,2.1571,0.0014,0,0
2909,50341,5.615,748,false,2,758,752,6,0,0,752,31,2.1571,0.0014,0,0
2910,50348,6.871,748,false,2,758,752,6,0,0,752,31,2.1571,0.0014,0,0
2911,50355,6.898,748,false,2,759,752,7,0,0,753,31,2.2971,0.0021,0,0
2912,50368,13.163,749,true,4,759,753,6,0,0,753,23,2.2971,0.0021,0,0
2913,50370,1.761,749,false,4,759,753,6,0,0,753,23,2.2971,0.0021,0,0
2914,50376,5.841,749,false,4,759,753,6,0,0,753,23,2.2971,0.0021,0,0
2915,50383,6.873,749,false,4,760,753,7,0,0,754,23,2.2971,0.0021,0,0
2916,50392,9.046,750,true,2,760,754,6,0,0,754,22,3.5333,0.0037,0,0
2917,50397,4.752,750,false,2,760,754,6,0,0,754,22,3.5333,0.0037,0,0
2918,50403,6.864,750,false,2,760,754,6,0,0,754,22,3.5333,0.0037,0,0
2919,50415,11.278,751,true,2,761,755,6,0,0,755,22,3.5333,0.0037,0,0
2920,50420,5.843,751,false,2,761,755,6,0,0,755,19,4.2547,0.0015,0,0
2921,50424,3.643,751,false,2,761,755,6,0,0,755,19,4.2547,0.0015,0,0
2922,50431,6.852,751,false,2,761,755,6,0,0,755,19,4.2547,0.0015,0,0
2923,50438,6.891,751,false,2,762,755,7,0,0,755,19,4.2547,0.0015,0,0
2924,50450,11.832,752,true,3,762,756,6,0,0,756,35,2.5995,0.0018,0,0
2925,50452,1.951,752,false,3,762,756,6,0,0,756,35,2.5995,0.0018,0,0
2926,50459,6.964,752,false,3,762,756,6,0,0,756,35,2.5995,0.0018,0,0
2927,50466,6.864,752,false,3,763,756,7,0,0,756,35,2.5995,0.0018,0,0
2928,50478,12.045,753,true,4,763,757,6,0,0,757,24,3.5207,0.0027,0,0
2929,50480,2.453,753,false,4,763,757,6,0,0,757,24,3.5207,0.0027,0,0
2930,50487,6.316,753,false,4,763,757,6,0,0,757,24,3.5207,0.0027,0,0
2931,50493,6.835,753,false,4,764,757,7,0,0,757,24,3.5207,0.0027,0,0
2932,50504,11.338,754,true,4,764,758,6,0,0,758,28,3.6161,0.0025,0,0
2933,50507,2.412,754,false,4,764,758,6,0,0,758,28,3.6161,0.0025,0,0
2934,50514,6.884,754,false,4,764,758,6,0,0,758,28,3.6161,0.0025,0,0
2935,50521,6.897,754,false,4,765,758,7,0,0,758,28,3.6161,0.0025,0,0
2936,50533,12.248,755,true,4,765,759,6,0,0,759,31,2.2065,0.0016,0,0
2937,50535,2.414,755,false,4,765,759,6,0,0,759,31,2.2065,0.0016,0,0
2938,50542,6.079,755,false,4,766,759,7,0,0,759,31,2.2065,0.0016,0,0
2939,50549,6.889,755,false,4,766,759,7,0,0,759,21,2.2065,0.0016,0,0
2940,50560,11.881,756,true,4,766,760,6,0,0,760,29,2.5608,0.002,0,0
2941,50562,2.15,756,false,4,766,760,6,0,0,760,29,2.5608,0.002,0,0
2942,50569,6.647,756,false,4,766,760,6,0,0,760,29,2.5608,0.002,0,0
2943,50576,6.923,756,false,4,767,760,7,0,0,760,29,2.5608,0.002,0,0
2944,50583,6.878,756,false,4,767,760,7,0,0,761,32,2.8353,0.0016,0,0
2945,50593,10.418,757,true,3,767,761,6,0,0,761,22,2.8353,0.0016,0,0
2946,50597,3.386,757,false,3,767,761,6,0,0,761,22,2.8353,0.0016,0,0
2947,50604,6.893,757,false,3,767,761,6,0,0,761,22,2.8353,0.0016,0,0
2948,50611,6.952,757,false,3,768,761,7,0,0,761,22,2.8353,0.0016,0,0
2949,50617,6.852,757,false,3,768,761,7,0,0,762,23,2.8353,0.0016,0,0
2950,50630,12.864,758,true,5,768,762,6,0,0,762,29,2.7935,0.0029,0,0
2951,50632,2.139,758,false,5,768,762,6,0,0,762,29,2.7935,0.0029,0,0
2952,50638,5.692,758,false,5,768,762,6,0,0,762,29,2.7935,0.0029,0,0
2953,50645,6.947,758,false,5,769,762,7,0,0,762,29,2.7935,0.0029,0,0
2954,50652,6.849,758,false,5,769,762,7,0,0,763,29,2.7935,0.0029,0,0
2955,50665,13.077,759,true,4,769,763,6,0,0,763,29,4.1542,0.0019,0,0
2956,50667,1.829,759,false,4,769,763,6,0,0,763,29,4.1542,0.0019,0,0
2957,50673,5.827,759,false,4,769,763,6,0,0,763,29,4.1542,0.0019,0,0
2958,50680,6.876,759,false,4,770,763,7,0,0,764,29,2.674,0.0027,0,0
2959,50690,10.185,760,true,3,770,764,6,0,0,764,166,2.674,0.0027,0,0
2960,50693,3.654,760,false,3,770,764,6,0,0,764,166,2.674,0.0027,0,0
2961,50700,6.854,760,false,3,770,764,6,0,0,764,166,2.674,0.0027,0,0
2962,50707,6.958,760,false,3,771,764,7,0,0,765,166,2.674,0.0027,0,0
2963,50715,8.024,761,true,2,771,765,6,0,0,765,25,2.7862,0.0017,0,0
2964,50721,5.73,761,false,2,771,765,6,0,0,765,25,2.7862,0.0017,0,0
2965,50728,6.937,761,false,2,771,765,6,0,0,765,25,2.7862,0.0017,0,0
2966,50735,6.858,761,false,2,772,765,7,0,0,766,25,2.7862,0.0017,0,0
2967,50872,137.255,762,true,3,772,766,6,0,0,771,28,2.7196,0.0027,0,0
2968,50888,15.689,763,true,2,774,771,3,0,0,771,28,4.3043,0.0027,0,0
2969,50889,1.771,763,false,2,774,771,3,0,0,771,28,4.3043,0.0027,0,0
2970,50896,6.309,763,false,2,775,771,4,0,0,771,28,4.3043,0.0027,0,0
2971,50902,5.698,763,false,2,775,771,4,0,0,771,28,4.3043,0.0027,0,0
2972,50908,6.925,763,false,2,775,771,4,0,0,771,28,4.3043,0.0027,0,0
2973,50919,11.002,764,true,3,776,772,4,0,0,772,28,2.5182,0.0026,0,0
2974,50922,2.762,764,false,3,776,772,4,0,0,772,28,2.5182,0.0026,0,0
2975,50929,6.949,764,false,3,776,772,4,0,0,772,28,2.5182,0.0026,0,0
2976,50936,6.866,764,false,3,776,772,4,0,0,773,28,2.5182,0.0026,0,0
2977,50946,10.04,765,true,3,777,773,4,0,0,773,28,3.3405,0.0021,0,0
2978,50950,3.801,765,false,3,777,773,4,0,0,773,28,3.3405,0.0021,0,0
2979,50957,6.873,765,false,3,777,773,4,0,0,773,28,3.3405,0.0021,0,0
2980,50965,8.856,766,true,2,778,774,4,0,0,774,28,2.2143,0.0013,0,0
2981,50970,4.914,766,false,2,778,774,4,0,0,774,28,2.2143,0.0013,0,0
2982,50977,6.946,766,false,2,778,774,4,0,0,774,28,2.2143,0.0013,0,0
2983,50987,9.839,767,true,3,779,775,4,0,0,775,28,2.3171,0.0013,0,0
2984,50991,3.914,767,false,3,779,775,4,0,0,775,28,2.3171,0.0013,0,0
2985,50998,6.943,767,false,3,779,775,4,0,0,775,28,2.3171,0.0013,0,0
2986,51005,6.86,767,false,3,780,775,5,0,0,775,28,2.3171,0.0013,0,0
2987,51012,6.939,768,true,2,780,776,4,0,0,776,28,2.3165,0.0017,0,0
2988,51019,6.871,768,false,2,780,776,4,0,0,776,28,2.3165,0.0017,0,0
2989,51026,6.889,768,false,2,781,776,5,0,0,776,28,2.3165,0.0017,0,0
2990,51032,6.944,768,false,2,781,776,5,0,0,777,28,2.6965,0.0015,0,0
2991,51039,6.852,769,true,3,781,777,4,0,0,777,28,2.6965,0.0015,0,0
2992,51046,6.919,769,false,3,782,777,5,0,0,777,28,2.6965,0.0015,0,0
2993,51053,6.892,769,false,3,782,777,5,0,0,778,28,2.6965,0.0015,0,0
2994,51061,7.779,770,true,2,783,778,5,0,0,778,28,2.4862,0.0013,0,0
2995,51067,6.023,770,false,2,783,778,5,0,0,778,28,2.4862,0.0013,0,0
2996,51074,6.886,770,false,2,783,778,5,0,0,778,28,2.4862,0.0013,0,0
2997,51081,6.989,771,true,2,784,779,5,0,0,779,28,2.4862,0.0013,0,0
2998,51088,6.813,771,false,2,784,779,5,0,0,779,28,5.8762,0.0013,0,0
2999,51095,6.94,771,false,2,784,779,5,0,0,779,28,5.8762,0.0013,0,0
3000,51101,6.856,771,false,2,785,779,6,0,0,779,28,5.8762,0.0013,0,0
3001,51108,6.903,771,false,2,785,779,6,0,0,780,28,2.3895,0.0012,0,0
3002,51115,6.944,772,true,2,785,780,5,0,0,780,28,2.3895,0.0012,0,0
3003,51122,6.857,772,false,2,786,780,6,0,0,780,28,2.3895,0.0012,0,0
3004,51129,6.953,772,false,2,786,780,6,0,0,781,28,2.3895,0.0012,0,0
3005,51136,6.851,773,true,3,786,781,5,0,0,781,28,4.2223,0.003,0,0
3006,51143,6.933,773,false,3,787,781,6,0,0,781,28,4.2223,0.003,0,0
3007,51150,6.876,773,false,3,787,781,6,0,0,781,28,4.2223,0.003,0,0
3008,51157,6.899,773,false,3,787,781,6,0,0,782,28,2.3121,0.0014,0,0
3009,51164,7.821,774,true,2,788,782,6,0,0,782,28,2.3121,0.0014,0,0
3010,51170,5.975,774,false,2,788,782,6,0,0,782,28,2.3121,0.0014,0,0
3011,51177,6.929,774,false,2,788,782,6,0,0,783,28,2.3121,0.0014,0,0
3012,51185,7.759,775,true,2,789,783,6,0,0,783,28,2.1938,0.0013,0,0
3013,51191,6.011,775,false,2,789,783,6,0,0,783,28,2.1938,0.0013,0,0
3014,51198,6.929,775,false,2,789,783,6,0,0,783,28,2.1938,0.0013,0,0
3015,51207,9.041,776,true,2,790,784,6,0,0,784,28,2.1733,0.0011,0,0
3016,51212,4.769,776,false,2,790,784,6,0,0,784,28,2.1733,0.0011,0,0
3017,51219,6.858,776,false,2,791,784,7,0,0,784,28,2.1733,0.0011,0,0
3018,51226,6.935,776,false,2,791,784,7,0,0,785,19,2.8572,0.0013,0,0
3019,51235,9.047,777,true,3,791,785,6,0,0,785,20,2.8572,0.0013,0,0
3020,51239,4.716,777,false,3,791,785,6,0,0,785,20,2.8572,0.0013,0,0
3021,51246,6.922,777,false,3,791,785,6,0,0,786,20,2.8572,0.0013,0,0
3022,51255,8.821,778,true,2,792,786,6,0,0,786,20,2.9652,0.0018,0,0
3023,51260,4.99,778,false,2,792,786,6,0,0,786,20,2.9652,0.0018,0,0
3024,51267,6.867,778,false,2,792,786,6,0,0,786,20,2.9652,0.0018,0,0
3025,51274,7.136,778,false,2,793,786,7,0,0,787,20,2.9652,0.0018,0,0
3026,51282,8.067,779,true,2,793,787,6,0,0,787,19,3.2761,0.0014,0,0
3027,51288,5.502,779,false,2,793,787,6,0,0,787,19,3.2761,0.0014,0,0
3028,51295,6.928,779,false,2,793,787,6,0,0,787,19,3.2761,0.0014,0,0
3029,51302,6.865,779,false,2,794,787,7,0,0,788,19,2.3439,0.0011,0,0
3030,51309,7.29,780,true,2,794,788,6,0,0,788,17,2.3439,0.0011,0,0
3031,51315,6.531,780,false,2,794,788,6,0,0,788,17,2.3439,0.0011,0,0
3032,51322,6.879,780,false,2,794,788,6,0,0,788,17,2.3439,0.0011,0,0
3033,51330,7.869,781,true,2,795,789,6,0,0,789,17,2.4564,0.0013,0,0
3034,51336,5.934,781,false,2,795,789,6,0,0,789,17,2.4564,0.0013,0,0
3035,51343,6.941,781,false,2,795,789,6,0,0,789,17,2.4564,0.0013,0,0
3036,51350,6.861,781,false,2,796,789,7,0,0,790,17,2.1418,0.0014,0,0
3037,51357,7.4,782,true,2,796,790,6,0,0,790,22,2.1418,0.0014,0,0
3038,51364,6.437,782,false,2,796,790,6,0,0,790,22,2.1418,0.0014,0,0
3039,51371,6.86,782,false,2,796,790,6,0,0,790,22,2.1418,0.0014,0,0
3040,51380,9.29,783,true,2,797,791,6,0,0,791,22,3.5295,0.0013,0,0
3041,51384,4.518,783,false,2,797,791,6,0,0,791,22,3.5295,0.0013,0,0
3042,51391,6.92,783,false,2,797,791,6,0,0,791,22,3.5295,0.0013,0,0
3043,51398,6.867,783,false,2,798,791,7,0,0,792,22,2.1199,0.0013,0,0
3044,51406,8.164,784,true,2,798,792,6,0,0,792,29,2.1199,0.0013,0,0
3045,51412,5.679,784,false,2,798,792,6,0,0,792,29,2.1199,0.0013,0,0
3046,51419,6.866,784,false,2,799,792,7,0,0,793,29,2.1199,0.0013,0,0
3047,51426,7.053,785,true,2,799,793,6,0,0,793,17,2.591,0.0013,0,0
3048,51433,6.743,785,false,2,799,793,6,0,0,793,17,2.591,0.0013,0,0
3049,51440,6.905,785,false,2,799,793,6,0,0,793,17,2.591,0.0013,0,0
3050,51446,6.916,785,false,2,800,793,7,0,0,794,17,1.8968,0.0009,0,0
3051,51455,8.096,786,true,2,800,794,6,0,0,794,16,1.8968,0.0009,0,0
3052,51460,5.724,786,false,2,800,794,6,0,0,794,16,1.8968,0.0009,0,0
3053,51467,6.869,786,false,2,800,794,6,0,0,795,16,1.8968,0.0009,0,0
3054,51478,10.555,787,true,4,801,795,6,0,0,795,16,3.0517,0.0015,0,0
3055,51481,3.242,787,false,4,801,795,6,0,0,795,16,3.0517,0.0015,0,0
3056,51488,6.907,787,false,4,801,795,6,0,0,795,16,3.0517,0.0015,0,0
3057,51495,6.937,787,false,4,802,795,7,0,0,796,16,2.5927,0.0016,0,0
3058,51508,13.654,788,true,7,802,796,6,0,0,796,19,2.5927,0.0016,0,0
3059,51510,1.472,788,false,7,802,796,6,0,0,796,19,2.5927,0.0016,0,0
3060,51515,5.533,788,false,7,802,796,6,0,0,796,19,2.5927,0.0016,0,0
3061,51523,6.903,788,false,7,803,796,7,0,0,797,19,2.7868,0.0013,0,0
3062,51532,9.26,789,true,2,803,797,6,0,0,797,31,2.7868,0.0013,0,0
3063,51536,4.54,789,false,2,803,797,6,0,0,797,31,2.7868,0.0013,0,0
3064,51543,6.986,789,false,2,803,797,6,0,0,797,31,2.7868,0.0013,0,0
3065,51550,6.806,789,false,2,804,797,7,0,0,798,31,2.1454,0.0012,0,0
3066,51559,9.383,790,true,3,804,798,6,0,0,798,61,2.1454,0.0012,0,0
3067,51564,4.415,790,false,3,804,798,6,0,0,798,61,2.1454,0.0012,0,0
3068,51571,6.896,790,false,3,804,798,6,0,0,799,61,2.1454,0.0012,0,0
3069,51579,8.783,791,true,2,805,799,6,0,0,799,61,2.3223,0.0025,0,0
3070,51584,5.021,791,false,2,805,799,6,0,0,799,61,2.3223,0.0025,0,0
3071,51591,6.929,791,false,2,805,799,6,0,0,799,61,2.3223,0.0025,0,0
3072,51598,6.87,791,false,2,806,799,7,0,0,800,61,2.3985,0.0024,0,0
3073,51606,7.468,792,true,2,806,800,6,0,0,800,17,2.3985,0.0024,0,0
3074,51612,6.366,792,false,2,806,800,6,0,0,800,17,2.3985,0.0024,0,0
3075,51619,6.861,792,false,2,806,800,6,0,0,801,17,2.3985,0.0024,0,0
3076,51626,7.136,793,true,2,807,801,6,0,0,801,17,2.1945,0.0013,0,0
3077,51633,6.671,793,false,2,807,801,6,0,0,801,17,2.1945,0.0013,0,0
3078,51640,6.939,793,false,2,808,801,7,0,0,801,17,2.1945,0.0013,0,0
3079,51649,8.944,794,true,3,808,802,6,0,0,802,18,2.1008,0.0015,0,0
3080,51653,4.81,794,false,3,808,802,6,0,0,802,18,2.1008,0.0015,0,0
3081,51660,6.94,794,false,3,808,802,6,0,0,802,18,2.1008,0.0015,0,0
3082,51667,6.856,794,false,3,809,802,7,0,0,803,18,3.5816,0.0011,0,0
3083,51674,7.166,795,true,2,809,803,6,0,0,803,19,3.5816,0.0011,0,0
3084,51681,6.638,795,false,2,809,803,6,0,0,803,19,3.5816,0.0011,0,0
3085,51688,6.907,795,false,2,809,803,6,0,0,804,19,3.5816,0.0011,0,0
3086,51696,7.904,796,true,2,810,804,6,0,0,804,19,2.0752,0.0012,0,0
3087,51702,5.894,796,false,2,810,804,6,0,0,804,19,2.0752,0.0012,0,0
3088,51709,6.926,796,false,2,810,804,6,0,0,805,19,2.0752,0.0012,0,0
3089,51718,9.343,797,true,3,811,805,6,0,0,805,19,3.0517,0.0142,0,0
3090,51722,4.462,797,false,3,811,805,6,0,0,805,19,3.0517,0.0142,0,0
3091,51729,6.868,797,false,3,811,805,6,0,0,805,19,3.0517,0.0142,0,0
3092,51736,6.896,797,false,3,812,805,7,0,0,806,19,2.0443,0.0011,0,0
3093,51832,95.744,798,true,3,812,806,6,0,0,810,40,1.889,0.001,0,0
3094,51845,12.799,799,true,2,814,810,4,0,0,810,40,1.889,0.001,0,0
3095,51854,8.984,800,true,2,815,811,4,0,0,811,40,3.6316,0.0018,0,0
3096,51858,4.484,800,false,2,816,811,5,0,0,811,40,3.6316,0.0018,0,0
3097,51861,2.385,800,false,2,816,811,5,0,0,811,40,3.6316,0.0018,0,0
3098,51867,6.936,800,false,2,816,811,5,0,0,811,40,3.6316,0.0018,0,0
3099,51875,6.887,800,false,2,816,811,5,0,0,812,40,3.6316,0.0018,0,0
3100,51882,7.549,801,true,2,817,812,5,0,0,812,40,2.1631,0.0028,0,0
3101,51888,6.25,801,false,2,817,812,5,0,0,812,40,2.1631,0.0028,0,0
3102,51895,6.92,801,false,2,818,812,6,0,0,812,40,2.1631,0.0028,0,0
3103,51902,6.868,802,true,3,818,813,5,0,0,813,40,2.6188,0.0013,0,0
3104,51909,7.032,802,false,3,818,813,5,0,0,813,40,2.6188,0.0013,0,0
3105,51916,7.082,802,false,3,819,813,6,0,0,813,40,2.6188,0.0013,0,0
3106,51923,6.597,802,false,3,819,813,6,0,0,814,40,2.6188,0.0013,0,0
3107,51932,9.46,803,true,2,820,814,6,0,0,814,40,2.6696,0.0018,0,0
3108,51937,4.332,803,false,2,820,814,6,0,0,814,40,2.6696,0.0018,0,0
3109,51944,6.911,803,false,2,820,814,6,0,0,814,40,2.6696,0.0018,0,0
3110,51951,6.933,803,false,2,821,814,7,0,0,815,40,2.8226,0.0015,0,0
3111,51958,8.038,804,true,2,821,815,6,0,0,815,18,2.8226,0.0015,0,0
3112,51964,5.758,804,false,2,821,815,6,0,0,815,18,2.8226,0.0015,0,0
3113,51971,6.866,804,false,2,821,815,6,0,0,816,18,2.8226,0.0015,0,0
3114,51984,12.523,805,true,2,822,816,6,0,0,816,18,2.3928,0.0016,0,0
3115,51986,1.8,805,false,2,822,816,6,0,0,816,18,2.3928,0.0016,0,0
3116,51992,6.365,805,false,2,822,816,6,0,0,816,18,2.3928,0.0016,0,0
3117,51999,6.971,805,false,2,823,816,7,0,0,817,18,2.3063,0.0018,0,0
3118,52008,9.275,806,true,3,823,817,6,0,0,817,24,2.3063,0.0018,0,0
3119,52013,4.504,806,false,3,823,817,6,0,0,817,24,2.3063,0.0018,0,0
3120,52020,7.166,806,false,3,823,817,6,0,0,818,24,2.8331,0.0021,0,0
3121,52033,12.756,807,true,4,824,818,6,0,0,818,24,2.8331,0.0021,0,0
3122,52035,2.37,807,false,4,824,818,6,0,0,818,24,2.8331,0.0021,0,0
3123,52040,5.347,807,false,4,824,818,6,0,0,818,24,2.8331,0.0021,0,0
3124,52047,6.875,807,false,4,825,818,7,0,0,818,24,2.8331,0.0021,0,0
3125,52057,10.525,808,true,3,825,819,6,0,0,819,34,4.5423,0.0028,0,0
3126,52061,3.214,808,false,3,825,819,6,0,0,819,34,4.5423,0.0028,0,0
3127,52068,6.981,808,false,3,825,819,6,0,0,819,34,4.5423,0.0028,0,0
3128,52075,6.838,808,false,3,826,819,7,0,0,819,34,4.5423,0.0028,0,0
3129,52082,6.949,808,false,3,826,819,7,0,0,820,21,4.5423,0.0028,0,0
3130,52094,12.767,809,true,4,826,820,6,0,0,820,26,3.2187,0.0023,0,0
3131,52097,2.826,809,false,4,826,820,6,0,0,820,26,3.2187,0.0023,0,0
3132,52103,5.103,809,false,4,826,820,6,0,0,820,26,3.2187,0.0023,0,0
3133,52109,6.866,809,false,4,827,820,7,0,0,820,26,3.2187,0.0023,0,0
3134,52116,6.923,809,false,4,827,820,7,0,0,820,36,3.2187,0.0023,0,0
3135,52129,12.649,810,true,4,827,821,6,0,0,821,35,3.7888,0.0024,0,0
3136,52131,2.205,810,false,4,827,821,6,0,0,821,35,3.7888,0.0024,0,0
3137,52137,5.826,810,false,4,827,821,6,0,0,821,35,3.7888,0.0024,0,0
3138,52144,6.877,810,false,4,828,821,7,0,0,821,35,3.7888,0.0024,0,0
3139,52154,10.379,811,true,3,828,822,6,0,0,822,29,2.4932,0.0015,0,0
3140,52157,3.41,811,false,3,828,822,6,0,0,822,29,2.4932,0.0015,0,0
3141,52165,6.901,811,false,3,828,822,6,0,0,822,29,2.4932,0.0015,0,0
3142,52171,6.933,811,false,3,829,822,7,0,0,823,29,2.4932,0.0015,0,0
3143,52181,10.27,812,true,3,829,823,6,0,0,823,22,2.6321,0.0012,0,0
3144,52185,3.539,812,false,3,829,823,6,0,0,823,22,2.6321,0.0012,0,0
3145,52192,6.865,812,false,3,829,823,6,0,0,823,22,2.6321,0.0012,0,0
3146,52199,6.902,812,false,3,830,823,7,0,0,823,22,2.6321,0.0012,0,0
3147,52206,6.926,813,true,2,830,824,6,0,0,824,20,3.4847,0.0021,0,0
3148,52213,6.872,813,false,2,830,824,6,0,0,824,17,3.4847,0.0021,0,0
3149,52220,6.957,813,false,2,830,824,6,0,0,824,17,3.4847,0.0021,0,0
3150,52226,6.845,813,false,2,830,824,6,0,0,824,17,3.4847,0.0021,0,0
3151,52233,6.905,813,false,2,831,824,7,0,0,825,17,3.4847,0.0021,0,0
3152,52244,11.18,814,true,3,831,825,6,0,0,825,26,2.2825,0.002,0,0
3153,52247,2.602,814,false,3,831,825,6,0,0,825,26,2.2825,0.002,0,0
3154,52254,6.933,814,false,3,831,825,6,0,0,825,26,2.2825,0.002,0,0
3155,52261,6.88,814,false,3,832,825,7,0,0,825,26,2.2825,0.002,0,0
3156,52270,9.057,815,true,3,832,826,6,0,0,826,24,2.6332,0.0016,0,0
3157,52275,4.734,815,false,3,832,826,6,0,0,826,24,2.6332,0.0016,0,0
3158,52282,6.902,815,false,3,832,826,6,0,0,826,24,2.6332,0.0016,0,0
3159,52289,6.963,815,false,3,833,826,7,0,0,826,24,2.6332,0.0016,0,0
3160,52295,6.84,815,false,3,833,826,7,0,0,827,24,3.7964,0.0015,0,0
3161,52306,10.268,816,true,3,833,827,6,0,0,827,28,3.7964,0.0015,0,0
3162,52309,3.525,816,false,3,833,827,6,0,0,827,28,3.7964,0.0015,0,0
3163,52316,6.909,816,false,3,833,827,6,0,0,827,28,3.7964,0.0015,0,0
3164,52323,6.946,816,false,3,834,827,7,0,0,828,28,1.995,0.0014,0,0
3165,52333,9.72,817,true,4,834,828,6,0,0,828,17,1.995,0.0014,0,0
3166,52337,4.055,817,false,4,834,828,6,0,0,828,17,1.995,0.0014,0,0
3167,52344,6.872,817,false,4,834,828,6,0,0,828,17,1.995,0.0014,0,0
3168,52353,8.967,818,true,3,835,829,6,0,0,829,17,2.5422,0.0015,0,0
3169,52357,4.838,818,false,3,835,829,6,0,0,829,17,2.5422,0.0015,0,0
3170,52364,6.904,818,false,3,836,829,7,0,0,829,17,2.5422,0.0015,0,0
3171,52371,6.932,818,false,3,836,829,7,0,0,830,21,2.5422,0.0015,0,0
3172,52379,7.359,819,true,2,836,830,6,0,0,830,18,2.4222,0.0013,0,0
3173,52385,6.441,819,false,2,836,830,6,0,0,830,18,2.4222,0.0013,0,0
3174,52392,6.868,819,false,2,836,830,6,0,0,830,18,2.4222,0.0013,0,0
3175,52399,6.911,819,false,2,837,830,7,0,0,831,18,3.0489,0.0018,0,0
3176,52413,14.517,820,true,4,837,831,6,0,0,831,179,3.0489,0.0018,0,0
3177,52415,2.017,820,false,4,837,831,6,0,0,831,179,3.0489,0.0018,0,0
3178,52420,4.87,820,false,4,837,831,6,0,0,831,179,3.0489,0.0018,0,0
3179,52427,6.87,820,false,4,838,831,7,0,0,831,179,3.0489,0.0018,0,0
3180,52434,7.423,821,true,2,838,832,6,0,0,832,26,3.3518,0.0017,0,0
3181,52441,6.434,821,false,2,838,832,6,0,0,832,26,3.3518,0.0017,0,0
3182,52448,6.849,821,false,2,838,832,6,0,0,832,26,3.3518,0.0017,0,0
3183,52455,6.933,821,false,2,839,832,7,0,0,832,26,3.3518,0.0017,0,0
3184,52462,6.869,821,false,2,839,832,7,0,0,833,22,3.6043,0.0016,0,0
3185,52470,8.203,822,true,2,839,833,6,0,0,833,22,3.6043,0.0016,0,0
3186,52476,5.653,822,false,2,839,833,6,0,0,833,22,3.6043,0.0016,0,0
3187,52482,6.849,822,false,2,839,833,6,0,0,833,22,3.6043,0.0016,0,0
3188,52489,6.939,822,false,2,840,833,7,0,0,834,22,3.0096,0.0025,0,0
3189,52499,10.023,823,true,3,840,834,6,0,0,834,24,3.0096,0.0025,0,0
3190,52503,3.727,823,false,3,840,834,6,0,0,834,24,3.0096,0.0025,0,0
3191,52510,6.94,823,false,3,840,834,6,0,0,834,24,3.0096,0.0025,0,0
3192,52519,8.774,824,true,3,841,835,6,0,0,835,24,3.7557,0.002,0,0
3193,52524,5.028,824,false,3,841,835,6,0,0,835,24,3.7557,0.002,0,0
3194,52531,6.854,824,false,3,841,835,6,0,0,835,24,3.7557,0.002,0,0
3195,52538,6.939,824,false,3,842,835,7,0,0,835,24,3.7557,0.002,0,0
3196,52544,6.859,824,false,3,842,835,7,0,0,836,29,3.7557,0.002,0,0
3197,52554,10.043,825,true,4,842,836,6,0,0,836,21,3.5628,0.002,0,0
3198,52558,3.787,825,false,4,842,836,6,0,0,836,21,3.5628,0.002,0,0
3199,52565,6.889,825,false,4,842,836,6,0,0,836,21,3.5628,0.002,0,0
3200,52572,6.938,825,false,4,843,836,7,0,0,836,21,3.5628,0.002,0,0
3201,52580,8.468,826,true,2,843,837,6,0,0,837,59,1.9843,0.0011,0,0
3202,52586,5.287,826,false,2,843,837,6,0,0,837,59,1.9843,0.0011,0,0
3203,52593,6.975,826,false,2,843,837,6,0,0,837,59,1.9843,0.0011,0,0
3204,52600,6.819,826,false,2,844,837,7,0,0,837,59,1.9843,0.0011,0,0
3205,52610,9.98,827,true,3,844,838,6,0,0,838,30,2.4677,0.0014,0,0
3206,52614,3.828,827,false,3,844,838,6,0,0,838,30,2.4677,0.0014,0,0
3207,52620,6.915,827,false,3,844,838,6,0,0,838,30,2.4677,0.0014,0,0
3208,52627,6.88,827,false,3,845,838,7,0,0,839,30,2.4677,0.0014,0,0
3209,52636,8.345,828,true,2,845,839,6,0,0,839,19,3.7259,0.0016,0,0
3210,52641,5.491,828,false,2,845,839,6,0,0,839,19,3.7259,0.0016,0,0
3211,52648,6.862,828,false,2,846,839,7,0,0,839,19,3.7259,0.0016,0,0
3212,52655,6.932,828,false,2,846,839,7,0,0,840,16,3.7259,0.0016,0,0
3213,52663,8.686,829,true,3,846,840,6,0,0,840,21,2.2459,0.0012,0,0
3214,52669,5.081,829,false,3,846,840,6,0,0,840,21,2.2459,0.0012,0,0
3215,52676,6.943,829,false,3,846,840,6,0,0,840,21,2.2459,0.0012,0,0
3216,52685,8.948,830,true,3,847,841,6,0,0,841,21,2.7252,0.0013,0,0
3217,52689,4.837,830,false,3,847,841,6,0,0,841,21,2.7252,0.0013,0,0
3218,52696,6.868,830,false,3,847,841,6,0,0,841,21,2.7252,0.0013,0,0
3219,52703,6.906,830,false,3,848,841,7,0,0,842,21,2.2608,0.0013,0,0
3220,52712,8.662,831,true,3,848,842,6,0,0,842,128,2.2608,0.0013,0,0
3221,52717,5.138,831,false,3,848,842,6,0,0,842,128,2.2608,0.0013,0,0
3222,52724,6.927,831,false,3,848,842,6,0,0,842,128,2.2608,0.0013,0,0
3223,52820,96.253,832,true,2,849,843,6,0,0,846,128,2.9083,0.0023,0,0
3224,52837,16.697,833,true,3,852,847,5,0,0,847,128,2.4009,0.0012,0,0
3225,52844,6.834,833,false,3,853,847,6,0,0,847,128,2.4009,0.0012,0,0
3226,52846,2.074,833,false,3,853,847,6,0,0,847,128,2.4009,0.0012,0,0
3227,52854,4.908,833,false,3,854,847,7,0,0,847,128,2.4009,0.0012,0,0
3228,52864,13.266,834,true,3,854,848,6,0,0,848,36,3.5131,0.002,0,0
3229,52866,1.822,834,false,3,854,848,6,0,0,848,36,3.5131,0.002,0,0
3230,52871,5.621,834,false,3,855,848,7,0,0,848,36,3.5131,0.002,0,0
3231,52878,6.875,834,false,3,855,848,7,0,0,848,20,3.5131,0.002,0,0
3232,52885,6.919,834,false,3,855,848,7,0,0,849,33,2.6151,0.0016,0,0
3233,52895,9.351,835,true,3,855,849,6,0,0,849,17,2.6151,0.0016,0,0
3234,52899,4.407,835,false,3,855,849,6,0,0,849,17,2.6151,0.0016,0,0
3235,52906,6.979,835,false,3,855,849,6,0,0,849,17,2.6151,0.0016,0,0
3236,52916,10.246,836,true,3,856,850,6,0,0,850,17,2.2856,0.0018,0,0
3237,52920,3.517,836,false,3,856,850,6,0,0,850,17,2.2856,0.0018,0,0
3238,52926,6.862,836,false,3,856,850,6,0,0,850,17,2.2856,0.0018,0,0
3239,52933,6.906,836,false,3,857,850,7,0,0,851,17,2.2856,0.0018,0,0
3240,52943,9.22,837,true,3,857,851,6,0,0,851,22,3.681,0.0017,0,0
3241,52947,4.589,837,false,3,857,851,6,0,0,851,22,3.681,0.0017,0,0
3242,52954,6.935,837,false,3,857,851,6,0,0,851,22,3.681,0.0017,0,0
3243,52962,8.125,838,true,2,858,852,6,0,0,852,22,2.2799,0.0014,0,0
3244,52968,5.645,838,false,2,858,852,6,0,0,852,22,2.2799,0.0014,0,0
3245,52975,6.932,838,false,2,858,852,6,0,0,852,22,2.2799,0.0014,0,0
3246,52982,6.856,838,false,2,859,852,7,0,0,853,22,2.2799,0.0014,0,0
3247,52991,8.923,839,true,3,859,853,6,0,0,853,31,2.2844,0.0068,0,0
3248,52995,4.875,839,false,3,859,853,6,0,0,853,31,2.2844,0.0068,0,0
3249,53002,6.895,839,false,3,859,853,6,0,0,853,31,2.2844,0.0068,0,0
3250,53009,6.956,839,false,3,860,853,7,0,0,854,31,3.3682,0.0016,0,0
3251,53019,9.754,840,true,3,860,854,6,0,0,854,26,3.3682,0.0016,0,0
3252,53023,4.049,840,false,3,860,854,6,0,0,854,26,3.3682,0.0016,0,0
3253,53030,6.846,840,false,3,860,854,6,0,0,855,26,3.3682,0.0016,0,0
3254,53127,97.127,841,true,4,861,855,6,0,0,859,26,2.3348,0.002,0,0
3255,53142,14.928,842,true,2,864,859,5,0,0,859,26,3.5141,0.0013,0,0
3256,53146,4.48,842,false,2,865,859,6,0,0,859,26,3.5141,0.0013,0,0
3257,53149,2.392,842,false,2,865,859,6,0,0,859,26,3.5141,0.0013,0,0
3258,53156,6.921,842,false,2,865,859,6,0,0,860,26,2.1865,0.0017,0,0
3259,53163,6.882,843,true,3,865,860,5,0,0,860,26,2.1865,0.0017,0,0
3260,53170,6.937,843,false,3,865,860,5,0,0,860,26,2.1865,0.0017,0,0
3261,53177,6.865,843,false,3,866,860,6,0,0,860,26,2.1865,0.0017,0,0
3262,53183,6.905,844,true,2,866,861,5,0,0,861,26,2.7868,0.003,0,0
3263,53191,6.91,844,false,2,866,861,5,0,0,861,26,2.7868,0.003,0,0
3264,53197,6.922,844,false,2,866,861,5,0,0,861,26,2.7868,0.003,0,0
3265,53207,9.707,845,true,3,867,862,5,0,0,862,26,2.6075,0.0013,0,0
3266,53211,4.092,845,false,3,867,862,5,0,0,862,26,2.6075,0.0013,0,0
3267,53218,6.864,845,false,3,868,862,6,0,0,862,26,2.6075,0.0013,0,0
3268,53225,6.953,845,false,3,868,862,6,0,0,862,26,2.6075,0.0013,0,0
3269,53232,6.85,845,false,3,868,862,6,0,0,863,26,3.0087,0.0017,0,0
3270,53239,6.896,846,true,2,868,863,5,0,0,863,26,3.0087,0.0017,0,0
3271,53245,6.924,846,false,2,869,863,6,0,0,863,26,3.0087,0.0017,0,0
3272,53253,6.889,846,false,2,869,863,6,0,0,863,26,3.0087,0.0017,0,0
3273,53265,12.137,847,true,4,870,864,6,0,0,864,26,2.2515,0.0013,0,0
3274,53267,2.252,847,false,4,870,864,6,0,0,864,26,2.2515,0.0013,0,0
3275,53273,6.293,847,false,4,870,864,6,0,0,864,26,2.2515,0.0013,0,0
3276,53280,7.016,847,false,4,871,864,7,0,0,865,26,2.2515,0.0013,0,0
3277,53291,10.245,848,true,3,871,865,6,0,0,865,20,2.231,0.0017,0,0
3278,53294,3.47,848,false,3,871,865,6,0,0,865,20,2.231,0.0017,0,0
3279,53301,6.88,848,false,3,871,865,6,0,0,865,20,2.231,0.0017,0,0
3280,53308,6.943,848,false,3,872,865,7,0,0,866,20,2.3921,0.0023,0,0
3281,53317,8.944,849,true,2,872,866,6,0,0,866,27,2.3921,0.0023,0,0
3282,53322,4.815,849,false,2,872,866,6,0,0,866,27,2.3921,0.0023,0,0
3283,53328,6.934,849,false,2,872,866,6,0,0,866,27,2.3921,0.0023,0,0
3284,53337,8.35,850,true,2,873,867,6,0,0,867,27,3.3414,0.0013,0,0
3285,53342,5.451,850,false,2,873,867,6,0,0,867,27,3.3414,0.0013,0,0
3286,53349,6.86,850,false,2,873,867,6,0,0,867,27,3.3414,0.0013,0,0
3287,53356,6.905,850,false,2,874,867,7,0,0,868,27,2.4477,0.0016,0,0
3288,53365,9.424,851,true,3,874,868,6,0,0,868,19,2.4477,0.0016,0,0
3289,53370,4.369,851,false,3,874,868,6,0,0,868,19,2.4477,0.0016,0,0
3290,53377,6.948,851,false,3,875,868,7,0,0,869,19,2.4477,0.0016,0,0
3291,53386,9.162,852,true,3,875,869,6,0,0,869,21,3.1026,0.0019,0,0
3292,53391,4.659,852,false,3,875,869,6,0,0,869,21,3.1026,0.0019,0,0
3293,53398,6.838,852,false,3,875,869,6,0,0,869,21,3.1026,0.0019,0,0
3294,53405,6.9,852,false,3,876,869,7,0,0,870,21,2.293,0.0018,0,0
3295,53414,9.337,853,true,3,876,870,6,0,0,870,22,2.293,0.0018,0,0
3296,53418,4.465,853,false,3,876,870,6,0,0,870,22,2.293,0.0018,0,0
3297,53425,6.923,853,false,3,876,870,6,0,0,871,22,2.293,0.0018,0,0
3298,53433,8.47,854,true,2,877,871,6,0,0,871,22,2.2311,0.0012,0,0
3299,53439,5.306,854,false,2,877,871,6,0,0,871,22,2.2311,0.0012,0,0
3300,53446,6.932,854,false,2,877,871,6,0,0,871,22,2.2311,0.0012,0,0
3301,53455,8.885,855,true,3,878,872,6,0,0,872,22,2.2862,0.0018,0,0
3302,53460,4.926,855,false,3,878,872,6,0,0,872,22,2.2862,0.0018,0,0
3303,53466,6.85,855,false,3,878,872,6,0,0,872,22,2.2862,0.0018,0,0
3304,53473,6.943,855,false,3,879,872,7,0,0,873,22,2.2439,0.0021,0,0
3305,53482,8.95,856,true,3,879,873,6,0,0,873,22,2.2439,0.0021,0,0
3306,53487,4.804,856,false,3,879,873,6,0,0,873,22,2.2439,0.0021,0,0
3307,53494,6.947,856,false,3,879,873,6,0,0,874,22,2.2439,0.0021,0,0
3308,53504,9.565,857,true,3,880,874,6,0,0,874,22,2.2757,0.0014,0,0
3309,53508,4.243,857,false,3,880,874,6,0,0,874,22,2.2757,0.0014,0,0
3310,53515,6.853,857,false,3,880,874,6,0,0,874,22,2.2757,0.0014,0,0
3311,53522,6.897,857,false,3,881,874,7,0,0,875,22,2.2757,0.0014,0,0
3312,53529,7.84,858,true,2,881,875,6,0,0,875,23,4.2534,0.0017,0,0
3313,53535,5.96,858,false,2,881,875,6,0,0,875,23,4.2534,0.0017,0,0
3314,53542,6.927,858,false,2,881,875,6,0,0,876,23,4.2534,0.0017,0,0
3315,53552,9.25,859,true,3,882,876,6,0,0,876,23,2.6802,0.0013,0,0
3316,53556,4.55,859,false,3,882,876,6,0,0,876,23,2.6802,0.0013,0,0
3317,53563,6.872,859,false,3,882,876,6,0,0,876,23,2.6802,0.0013,0,0
3318,53572,9.239,860,true,2,883,877,6,0,0,877,23,2.7771,0.0022,0,0
3319,53577,4.585,860,false,2,883,877,6,0,0,877,23,2.7771,0.0022,0,0
3320,53584,6.876,860,false,2,884,877,7,0,0,877,23,2.7771,0.0022,0,0
3321,53591,6.921,860,false,2,884,877,7,0,0,878,24,2.7771,0.0022,0,0
3322,53599,7.924,861,true,2,884,878,6,0,0,878,14,2.35,0.0017,0,0
3323,53604,5.848,861,false,2,884,878,6,0,0,878,14,2.35,0.0017,0,0
3324,53611,6.938,861,false,2,884,878,6,0,0,878,14,2.35,0.0017,0,0
3325,53621,9.603,862,true,2,885,879,6,0,0,879,14,2.0846,0.0013,0,0
3326,53625,4.201,862,false,2,885,879,6,0,0,879,14,2.0846,0.0013,0,0
3327,53632,6.867,862,false,2,885,879,6,0,0,879,14,2.0846,0.0013,0,0
3328,53639,6.933,862,false,2,886,879,7,0,0,880,14,2.3431,0.0019,0,0
3329,53647,8.623,863,true,3,886,880,6,0,0,880,289,2.3431,0.0019,0,0
3330,53653,5.138,863,false,3,886,880,6,0,0,880,289,2.3431,0.0019,0,0
3331,53660,6.937,863,false,3,886,880,6,0,0,880,289,2.3431,0.0019,0,0
3332,53669,9.382,864,true,3,887,881,6,0,0,881,289,3.493,0.0015,0,0
3333,53673,4.409,864,false,3,887,881,6,0,0,881,289,3.493,0.0015,0,0
3334,53680,6.877,864,false,3,887,881,6,0,0,881,289,3.493,0.0015,0,0
3335,53687,6.894,864,false,3,888,881,7,0,0,882,289,3.493,0.0015,0,0
3336,53695,8.316,865,true,3,888,882,6,0,0,882,17,2.2457,0.0015,0,0
3337,53701,5.486,865,false,3,888,882,6,0,0,882,17,2.2457,0.0015,0,0
3338,53708,6.932,865,false,3,888,882,6,0,0,882,17,2.2457,0.0015,0,0
3339,53717,8.818,866,true,2,889,883,6,0,0,883,17,3.0606,0.0011,0,0
3340,53722,4.984,866,false,2,889,883,6,0,0,883,17,3.0606,0.0011,0,0
3341,53728,6.863,866,false,2,889,883,6,0,0,883,17,3.0606,0.0011,0,0
3342,53735,6.898,866,false,2,890,883,7,0,0,884,17,2.2122,0.0012,0,0
3343,53742,6.934,867,true,2,890,884,6,0,0,884,16,2.2122,0.0012,0,0
3344,53749,6.875,867,false,2,890,884,6,0,0,884,16,2.2122,0.0012,0,0
3345,53756,6.937,867,false,2,890,884,6,0,0,885,16,2.2122,0.0012,0,0
3346,53764,7.704,868,true,3,891,885,6,0,0,885,16,2.2035,0.0016,0,0
3347,53770,6.056,868,false,3,891,885,6,0,0,885,16,2.2035,0.0016,0,0
3348,53777,6.929,868,false,3,892,885,7,0,0,885,16,2.2035,0.0016,0,0
3349,53784,7.17,868,false,3,892,885,7,0,0,886,17,2.2035,0.0016,0,0
3350,53791,7.039,869,true,2,892,886,6,0,0,886,19,2.6944,0.0013,0,0
3351,53798,6.459,869,false,2,892,886,6,0,0,886,19,2.6944,0.0013,0,0
3352,53805,6.942,869,false,2,892,886,6,0,0,887,19,2.6944,0.0013,0,0
3353,53818,13.882,870,true,2,893,887,6,0,0,887,19,2.9039,0.0013,0,0
3354,53822,1.93,870,false,2,893,887,6,0,0,887,19,2.9039,0.0013,0,0
3355,53825,5.027,870,false,2,893,887,6,0,0,887,19,2.9039,0.0013,0,0
3356,53834,8.567,871,true,2,894,888,6,0,0,888,19,2.2094,0.0014,0,0
3357,53839,5.211,871,false,2,894,888,6,0,0,888,19,2.2094,0.0014,0,0
3358,53846,6.864,871,false,2,894,888,6,0,0,888,19,2.2094,0.0014,0,0
3359,53853,6.904,871,false,2,895,888,7,0,0,889,19,2.3952,0.0014,0,0
3360,53860,7.334,872,true,2,895,889,6,0,0,889,243,2.3952,0.0014,0,0
3361,53867,6.473,872,false,2,895,889,6,0,0,889,243,2.3952,0.0014,0,0
3362,53874,6.957,872,false,2,895,889,6,0,0,890,243,2.3952,0.0014,0,0
3363,53883,9.27,873,true,3,896,890,6,0,0,890,243,2.2182,0.0012,0,0
3364,53887,4.516,873,false,3,896,890,6,0,0,890,243,2.2182,0.0012,0,0
3365,53894,6.845,873,false,3,896,890,6,0,0,890,243,2.2182,0.0012,0,0
3366,53902,8.163,874,true,2,897,891,6,0,0,891,243,3.3395,0.0014,0,0
3367,53908,5.679,874,false,2,897,891,6,0,0,891,243,3.3395,0.0014,0,0
3368,53915,6.861,874,false,2,897,891,6,0,0,891,243,3.3395,0.0014,0,0
3369,53922,6.924,874,false,2,898,891,7,0,0,892,243,2.2176,0.0012,0,0
3370,53929,7.463,875,true,2,898,892,6,0,0,892,16,2.2176,0.0012,0,0
3371,53936,6.316,875,false,2,898,892,6,0,0,892,16,2.2176,0.0012,0,0
3372,53943,6.941,875,false,2,899,892,7,0,0,893,16,2.2176,0.0012,0,0
3373,53950,7.889,876,true,2,899,893,6,0,0,893,23,3.0506,0.0016,0,0
3374,53957,5.942,876,false,2,899,893,6,0,0,893,23,3.0506,0.0016,0,0
3375,53963,6.82,876,false,2,899,893,6,0,0,894,23,3.0506,0.0016,0,0
3376,53972,8.73,877,true,3,900,894,6,0,0,894,23,2.3092,0.0011,0,0
3377,53977,5.08,877,false,3,900,894,6,0,0,894,23,2.3092,0.0011,0,0
3378,53985,6.893,877,false,3,900,894,6,0,0,894,23,2.3092,0.0011,0,0
3379,53991,6.939,877,false,3,901,894,7,0,0,895,23,2.2831,0.0013,0,0
3380,54000,8.857,878,true,2,901,895,6,0,0,895,22,2.2831,0.0013,0,0
3381,54005,4.947,878,false,2,901,895,6,0,0,895,22,2.2831,0.0013,0,0
3382,54011,6.857,878,false,2,901,895,6,0,0,896,22,2.2831,0.0013,0,0
3383,54021,9.084,879,true,3,902,896,6,0,0,896,22,2.1877,0.0013,0,0
3384,54025,4.744,879,false,3,902,896,6,0,0,896,22,2.1877,0.0013,0,0
3385,54032,6.879,879,false,3,902,896,6,0,0,897,22,2.1877,0.0013,0,0
3386,54042,9.931,880,true,4,903,897,6,0,0,897,22,2.293,0.0015,0,0
3387,54046,3.868,880,false,4,903,897,6,0,0,897,22,2.293,0.0015,0,0
3388,54053,6.944,880,false,4,903,897,6,0,0,897,22,2.293,0.0015,0,0
3389,54060,6.865,880,false,4,904,897,7,0,0,898,22,2.2478,0.0011,0,0
3390,54070,9.878,881,true,3,904,898,6,0,0,898,24,2.2478,0.0011,0,0
3391,54074,3.935,881,false,3,904,898,6,0,0,898,24,2.2478,0.0011,0,0
3392,54081,6.886,881,false,3,904,898,6,0,0,898,24,2.2478,0.0011,0,0
3393,54089,8.892,882,true,3,905,899,6,0,0,899,24,4.4672,0.0022,0,0
3394,54094,4.898,882,false,3,905,899,6,0,0,899,24,4.4672,0.0022,0,0
3395,54101,6.9,882,false,3,905,899,6,0,0,899,24,4.4672,0.0022,0,0
3396,54108,6.93,882,false,3,906,899,7,0,0,900,24,4.4672,0.0022,0,0
3397,54115,7.373,883,true,2,906,900,6,0,0,900,17,2.3431,0.0018,0,0
3398,54122,6.42,883,false,2,906,900,6,0,0,900,17,2.3431,0.0018,0,0
3399,54129,6.874,883,false,2,907,900,7,0,0,900,17,2.3431,0.0018,0,0
3400,54136,6.934,883,false,2,907,900,7,0,0,901,29,2.4263,0.0012,0,0
3401,54144,8.179,884,true,3,907,901,6,0,0,901,16,2.4263,0.0012,0,0
3402,54150,5.582,884,false,3,907,901,6,0,0,901,16,2.4263,0.0012,0,0
3403,54156,6.93,884,false,3,907,901,6,0,0,902,16,2.2054,0.0012,0,0
3404,54164,7.128,885,true,2,908,902,6,0,0,902,16,2.2054,0.0012,0,0
3405,54170,6.67,885,false,2,908,902,6,0,0,902,16,2.2054,0.0012,0,0
3406,54177,6.899,885,false,2,908,902,6,0,0,903,16,2.0037,0.0014,0,0
3407,54185,8.078,886,true,2,909,903,6,0,0,903,16,2.0037,0.0014,0,0
3408,54191,5.747,886,false,2,909,903,6,0,0,903,16,2.0037,0.0014,0,0
3409,54198,6.857,886,false,2,909,903,6,0,0,904,16,2.0037,0.0014,0,0
3410,54207,8.995,887,true,3,910,904,6,0,0,904,16,2.1773,0.0021,0,0
3411,54212,4.801,887,false,3,910,904,6,0,0,904,16,2.1773,0.0021,0,0
3412,54219,6.926,887,false,3,910,904,6,0,0,904,16,2.1773,0.0021,0,0
3413,54225,6.903,887,false,3,911,904,7,0,0,905,16,2.8944,0.0014,0,0
3414,54233,8.048,888,true,2,911,905,6,0,0,905,18,2.8944,0.0014,0,0
3415,54239,5.755,888,false,2,911,905,6,0,0,905,18,2.8944,0.0014,0,0
3416,54246,6.876,888,false,2,911,905,6,0,0,906,18,2.8944,0.0014,0,0
3417,54254,7.991,889,true,2,912,906,6,0,0,906,18,2.4451,0.0018,0,0
3418,54260,5.808,889,false,2,912,906,6,0,0,906,18,2.4451,0.0018,0,0
3419,54267,6.907,889,false,2,912,906,6,0,0,907,18,2.4451,0.0018,0,0
3420,54280,13.414,890,true,3,913,907,6,0,0,907,18,3.3397,0.0021,0,0
3421,54282,1.412,890,false,3,913,907,6,0,0,907,18,3.3397,0.0021,0,0
3422,54288,5.903,890,false,3,913,907,6,0,0,907,18,3.3397,0.0021,0,0
3423,54295,6.857,890,false,3,914,907,7,0,0,908,18,2.157,0.0013,0,0
3424,54304,9.562,891,true,3,914,908,6,0,0,908,23,2.157,0.0013,0,0
3425,54308,4.237,891,false,3,914,908,6,0,0,908,23,2.157,0.0013,0,0
3426,54315,6.904,891,false,3,914,908,6,0,0,909,23,2.157,0.0013,0,0
3427,54323,7.811,892,true,2,915,909,6,0,0,909,23,2.2629,0.0016,0,0
3428,54329,5.993,892,false,2,915,909,6,0,0,909,23,2.2629,0.0016,0,0
3429,54336,6.923,892,false,2,916,909,7,0,0,909,23,2.2629,0.0016,0,0
3430,54343,7.06,893,true,2,916,910,6,0,0,910,20,2.3884,0.0012,0,0
3431,54350,6.717,893,false,2,916,910,6,0,0,910,20,2.3884,0.0012,0,0
3432,54357,6.924,893,false,2,916,910,6,0,0,910,20,2.3884,0.0012,0,0
3433,54366,9.7,894,true,2,917,911,6,0,0,911,20,2.9044,0.0016,0,0
3434,54370,4.105,894,false,2,917,911,6,0,0,911,20,2.9044,0.0016,0,0
3435,54378,6.867,894,false,2,917,911,6,0,0,911,20,2.9044,0.0016,0,0
3436,54384,6.926,894,false,2,918,911,7,0,0,912,20,1.8473,0.001,0,0
3437,54391,7.369,895,true,2,918,912,6,0,0,912,17,1.8473,0.001,0,0
3438,54398,6.402,895,false,2,918,912,6,0,0,912,17,1.8473,0.001,0,0
3439,54405,6.963,895,false,2,918,912,6,0,0,913,17,1.8473,0.001,0,0
3440,54414,9.127,896,true,3,919,913,6,0,0,913,17,2.6778,0.0014,0,0
3441,54419,4.639,896,false,3,919,913,6,0,0,913,17,2.6778,0.0014,0,0
3442,54426,6.89,896,false,3,919,913,6,0,0,913,17,2.6778,0.0014,0,0
3443,54434,8.458,897,true,2,920,914,6,0,0,914,17,2.2285,0.0017,0,0
3444,54439,5.364,897,false,2,920,914,6,0,0,914,17,2.2285,0.0017,0,0
3445,54446,6.862,897,false,2,920,914,6,0,0,914,17,2.2285,0.0017,0,0
3446,54453,6.938,897,false,2,921,914,7,0,0,915,17,3.0632,0.0019,0,0
3447,54462,9.189,898,true,3,921,915,6,0,0,915,27,3.0632,0.0019,0,0
3448,54467,4.916,898,false,3,921,915,6,0,0,915,27,3.0632,0.0019,0,0
3449,54474,6.559,898,false,3,921,915,6,0,0,915,27,3.0632,0.0019,0,0
3450,54482,8.508,899,true,2,922,916,6,0,0,916,27,1.9398,0.0013,0,0
3451,54488,5.318,899,false,2,922,916,6,0,0,916,27,1.9398,0.0013,0,0
3452,54495,6.863,899,false,2,922,916,6,0,0,916,27,1.9398,0.0013,0,0
3453,54501,6.949,899,false,2,923,916,7,0,0,917,27,2.8659,0.0027,0,0
3454,54509,7.862,900,true,3,923,917,6,0,0,917,17,2.8659,0.0027,0,0
3455,54515,5.903,900,false,3,923,917,6,0,0,917,17,2.8659,0.0027,0,0
3456,54522,6.929,900,false,3,923,917,6,0,0,918,17,2.3442,0.0017,0,0
3457,54530,8.181,901,true,3,924,918,6,0,0,918,17,2.3442,0.0017,0,0
3458,54536,5.644,901,false,3,924,918,6,0,0,918,17,2.3442,0.0017,0,0
3459,54543,6.851,901,false,3,925,918,7,0,0,918,17,2.3442,0.0017,0,0
3460,54551,8.221,902,true,2,925,919,6,0,0,919,19,2.3862,0.0018,0,0
3461,54557,5.574,902,false,2,925,919,6,0,0,919,19,2.3862,0.0018,0,0
3462,54564,6.905,902,false,2,925,919,6,0,0,919,19,2.3862,0.0018,0,0
3463,54570,6.93,902,false,2,926,919,7,0,0,920,19,2.5127,0.0014,0,0
3464,54578,8.029,903,true,3,926,920,6,0,0,920,26,2.5127,0.0014,0,0
3465,54584,5.757,903,false,3,926,920,6,0,0,920,26,2.5127,0.0014,0,0
3466,54591,6.868,903,false,3,926,920,6,0,0,921,26,2.5127,0.0014,0,0
3467,54600,8.942,904,true,2,927,921,6,0,0,921,26,2.4743,0.0021,0,0
3468,54605,4.894,904,false,2,927,921,6,0,0,921,26,2.4743,0.0021,0,0
3469,54612,6.882,904,false,2,927,921,6,0,0,921,26,2.4743,0.0021,0,0
3470,54622,10.316,905,true,3,928,922,6,0,0,922,26,2.2829,0.0018,0,0
3471,54626,3.473,905,false,3,928,922,6,0,0,922,26,2.2829,0.0018,0,0
3472,54633,6.908,905,false,3,928,922,6,0,0,922,26,2.2829,0.0018,0,0
3473,54640,6.946,905,false,3,929,922,7,0,0,923,26,2.2829,0.0018,0,0
3474,54649,9.536,906,true,3,929,923,6,0,0,923,22,4.3214,0.0021,0,0
3475,54654,4.24,906,false,3,929,923,6,0,0,923,22,4.3214,0.0021,0,0
3476,54660,6.881,906,false,3,929,923,6,0,0,923,22,4.3214,0.0021,0,0
3477,54672,11.526,907,true,4,930,924,6,0,0,924,22,2.6724,0.0022,0,0
3478,54674,2.255,907,false,4,930,924,6,0,0,924,22,2.6724,0.0022,0,0
3479,54681,6.939,907,false,4,930,924,6,0,0,924,22,2.6724,0.0022,0,0
3480,54688,6.938,907,false,4,931,924,7,0,0,924,22,2.6724,0.0022,0,0
3481,54695,6.837,907,false,4,931,924,7,0,0,925,31,2.9496,0.0027,0,0
3482,54705,9.892,908,true,3,931,925,6,0,0,925,31,2.9496,0.0027,0,0
3483,54709,3.906,908,false,3,931,925,6,0,0,925,31,2.9496,0.0027,0,0
3484,54716,6.906,908,false,3,931,925,6,0,0,925,31,2.9496,0.0027,0,0
3485,54722,6.952,908,false,3,932,925,7,0,0,926,31,2.9496,0.0027,0,0
3486,54734,11.808,909,true,4,932,926,6,0,0,926,49,2.8137,0.0027,0,0
3487,54737,2.446,909,false,4,932,926,6,0,0,926,49,2.8137,0.0027,0,0
3488,54743,6.398,909,false,4,932,926,6,0,0,926,49,2.8137,0.0027,0,0
3489,54750,7.216,909,false,4,933,926,7,0,0,926,49,2.8137,0.0027,0,0
3490,54763,13.074,910,true,4,933,927,6,0,0,927,33,3.1208,0.0036,0,0
3491,54765,1.704,910,false,4,933,927,6,0,0,927,33,3.1208,0.0036,0,0
3492,54771,5.632,910,false,4,933,927,6,0,0,927,33,3.1208,0.0036,0,0
3493,54777,6.859,910,false,4,934,927,7,0,0,928,33,3.1208,0.0036,0,0
3494,54787,9.034,911,true,3,934,928,6,0,0,928,18,2.6848,0.002,0,0
3495,54791,4.767,911,false,3,934,928,6,0,0,928,18,2.6848,0.002,0,0
3496,54798,6.907,911,false,3,935,928,7,0,0,928,18,2.6848,0.002,0,0
3497,54805,6.925,911,false,3,935,928,7,0,0,929,29,3.9206,0.0016,0,0
3498,54813,8.359,912,true,2,935,929,6,0,0,929,46,3.9206,0.0016,0,0
3499,54819,5.447,912,false,2,935,929,6,0,0,929,46,3.9206,0.0016,0,0
3500,54826,6.864,912,false,2,935,929,6,0,0,929,46,3.9206,0.0016,0,0
3501,54833,6.897,912,false,2,936,929,7,0,0,930,46,2.1427,0.0012,0,0
3502,54840,7.811,913,true,2,936,930,6,0,0,930,23,2.1427,0.0012,0,0
3503,54847,5.994,913,false,2,936,930,6,0,0,930,23,2.1427,0.0012,0,0
3504,54853,6.927,913,false,2,936,930,6,0,0,930,23,2.1427,0.0012,0,0
3505,54863,9.53,914,true,3,937,931,6,0,0,931,23,3.3739,0.0021,0,0
3506,54867,4.261,914,false,3,937,931,6,0,0,931,23,3.3739,0.0021,0,0
3507,54874,6.885,914,false,3,937,931,6,0,0,931,23,3.3739,0.0021,0,0
3508,54881,6.897,914,false,3,938,931,7,0,0,932,23,2.553,0.0015,0,0
3509,54890,9.391,915,true,3,938,932,6,0,0,932,24,2.553,0.0015,0,0
3510,54895,4.404,915,false,3,938,932,6,0,0,932,24,2.553,0.0015,0,0
3511,54902,6.942,915,false,3,938,932,6,0,0,932,24,2.553,0.0015,0,0
3512,54910,8.233,916,true,2,939,933,6,0,0,933,24,2.3991,0.0017,0,0
3513,54915,5.528,916,false,2,939,933,6,0,0,933,24,2.3991,0.0017,0,0
3514,54923,6.965,916,false,2,939,933,6,0,0,933,24,2.3991,0.0017,0,0
3515,54929,6.836,916,false,2,940,933,7,0,0,933,24,2.3991,0.0017,0,0
3516,54939,9.903,917,true,3,940,934,6,0,0,934,28,3.2917,0.0021,0,0
3517,54943,3.895,917,false,3,940,934,6,0,0,934,28,3.2917,0.0021,0,0
3518,54950,6.929,917,false,3,940,934,6,0,0,934,28,3.2917,0.0021,0,0
3519,54957,6.877,917,false,3,941,934,7,0,0,934,28,3.2917,0.0021,0,0
3520,54967,10.579,918,true,3,941,935,6,0,0,935,21,4.332,0.0025,0,0
3521,54971,3.236,918,false,3,941,935,6,0,0,935,21,4.332,0.0025,0,0
3522,54977,6.88,918,false,3,941,935,6,0,0,935,21,4.332,0.0025,0,0
3523,54984,6.948,918,false,3,942,935,7,0,0,936,21,4.332,0.0025,0,0
3524,54992,7.857,919,true,2,942,936,6,0,0,936,20,2.1123,0.0016,0,0
3525,54998,5.9,919,false,2,942,936,6,0,0,936,20,2.1123,0.0016,0,0
3526,55005,6.937,919,false,2,942,936,6,0,0,936,20,2.1123,0.0016,0,0
3527,55012,6.853,919,false,2,943,936,7,0,0,937,20,2.4796,0.0014,0,0
3528,55020,8.175,920,true,2,943,937,6,0,0,937,27,2.4796,0.0014,0,0
3529,55026,5.629,920,false,2,943,937,6,0,0,937,27,2.4796,0.0014,0,0
3530,55033,6.9,920,false,2,943,937,6,0,0,937,27,2.4796,0.0014,0,0
3531,55046,13.553,921,true,3,944,938,6,0,0,938,27,2.3137,0.0013,0,0
3532,55049,2.084,921,false,3,944,938,6,0,0,938,27,2.3137,0.0013,0,0
3533,55054,5.09,921,false,3,945,938,7,0,0,938,27,2.3137,0.0013,0,0
3534,55061,6.883,921,false,3,945,938,7,0,0,938,25,2.3137,0.0013,0,0
3535,55067,6.952,921,false,3,945,938,7,0,0,939,30,2.3137,0.0013,0,0
3536,55078,11.147,922,true,4,945,939,6,0,0,939,36,4.8208,0.0025,0,0
3537,55081,2.588,922,false,4,945,939,6,0,0,939,36,4.8208,0.0025,0,0
3538,55088,6.926,922,false,4,945,939,6,0,0,939,36,4.8208,0.0025,0,0
3539,55095,6.905,922,false,4,946,939,7,0,0,940,36,4.8208,0.0025,0,0
3540,55105,10.198,923,true,3,946,940,6,0,0,940,26,2.6713,0.0016,0,0
3541,55109,3.572,923,false,3,946,940,6,0,0,940,26,2.6713,0.0016,0,0
3542,55116,6.896,923,false,3,946,940,6,0,0,940,26,2.6713,0.0016,0,0
3543,55123,6.941,923,false,3,947,940,7,0,0,941,26,2.6713,0.0016,0,0
3544,55131,8.443,924,true,2,947,941,6,0,0,941,24,3.0996,0.0015,0,0
3545,55136,5.355,924,false,2,947,941,6,0,0,941,24,3.0996,0.0015,0,0
3546,55143,6.869,924,false,2,947,941,6,0,0,941,24,3.0996,0.0015,0,0
3547,55153,10.212,925,true,3,948,942,6,0,0,942,24,2.5853,0.0017,0,0
3548,55157,3.583,925,false,3,948,942,6,0,0,942,24,2.5853,0.0017,0,0
3549,55164,6.894,925,false,3,948,942,6,0,0,942,24,2.5853,0.0017,0,0
3550,55171,6.994,925,false,3,949,942,7,0,0,943,24,2.1784,0.0012,0,0
3551,55178,7.662,926,true,2,949,943,6,0,0,943,17,2.1784,0.0012,0,0
3552,55185,6.095,926,false,2,949,943,6,0,0,943,17,2.1784,0.0012,0,0
3553,55191,6.864,926,false,2,949,943,6,0,0,943,17,2.1784,0.0012,0,0
3554,55198,6.894,926,false,2,950,943,7,0,0,944,17,1.955,0.0012,0,0
3555,55206,7.981,927,true,2,950,944,6,0,0,944,27,1.955,0.0012,0,0
3556,55212,5.811,927,false,2,950,944,6,0,0,944,27,1.955,0.0012,0,0
3557,55219,6.934,927,false,2,950,944,6,0,0,945,27,1.955,0.0012,0,0
3558,55226,7.128,928,true,2,951,945,6,0,0,945,27,2.7922,0.0015,0,0
3559,55233,6.684,928,false,2,951,945,6,0,0,945,27,2.7922,0.0015,0,0
3560,55240,6.893,928,false,2,951,945,6,0,0,945,27,2.7922,0.0015,0,0
3561,55247,7.342,929,true,2,952,946,6,0,0,946,27,2.2425,0.0013,0,0
3562,55254,6.468,929,false,2,952,946,6,0,0,946,27,2.2425,0.0013,0,0
3563,55260,6.856,929,false,2,952,946,6,0,0,946,27,2.2425,0.0013,0,0
3564,55267,6.937,929,false,2,953,946,7,0,0,947,27,2.2425,0.0013,0,0
3565,55277,9.396,930,true,3,953,947,6,0,0,947,19,4.7121,0.0021,0,0
3566,55281,4.366,930,false,3,953,947,6,0,0,947,19,4.7121,0.0021,0,0
3567,55289,6.938,930,false,3,953,947,6,0,0,947,19,4.7121,0.0021,0,0
3568,55297,8.612,931,true,2,954,948,6,0,0,948,19,2.0681,0.0014,0,0
3569,55302,5.19,931,false,2,954,948,6,0,0,948,19,2.0681,0.0014,0,0
3570,55309,6.869,931,false,2,955,948,7,0,0,948,19,2.0681,0.0014,0,0
3571,55316,6.912,931,false,2,955,948,7,0,0,949,23,2.0681,0.0014,0,0
3572,55324,8.571,932,true,3,955,949,6,0,0,949,16,2.6654,0.0019,0,0
3573,55329,5.205,932,false,3,955,949,6,0,0,949,16,2.6654,0.0019,0,0
3574,55336,6.93,932,false,3,955,949,6,0,0,949,16,2.6654,0.0019,0,0
3575,55343,6.88,932,false,3,956,949,7,0,0,950,16,2.2828,0.0024,0,0
3576,55351,8.032,933,true,2,956,950,6,0,0,950,27,2.2828,0.0024,0,0
3577,55357,5.773,933,false,2,956,950,6,0,0,950,27,2.2828,0.0024,0,0
3578,55364,6.895,933,false,2,956,950,6,0,0,950,27,2.2828,0.0024,0,0
3579,55371,6.94,933,false,2,957,950,7,0,0,951,27,2.5934,0.0027,0,0
3580,55380,9.046,934,true,3,957,951,6,0,0,951,19,2.5934,0.0027,0,0
3581,55385,4.746,934,false,3,957,951,6,0,0,951,19,2.5934,0.0027,0,0
3582,55392,6.867,934,false,3,957,951,6,0,0,951,19,2.5934,0.0027,0,0
3583,55400,8.132,935,true,2,958,952,6,0,0,952,19,2.5895,0.0014,0,0
3584,55405,5.719,935,false,2,958,952,6,0,0,952,19,2.5895,0.0014,0,0
3585,55412,6.844,935,false,2,958,952,6,0,0,952,19,2.5895,0.0014,0,0
3586,55419,6.943,935,false,2,959,952,7,0,0,953,19,2.8298,0.0015,0,0
3587,55427,7.46,936,true,2,959,953,6,0,0,953,19,2.8298,0.0015,0,0
3588,55433,6.301,936,false,2,959,953,6,0,0,953,19,2.8298,0.0015,0,0
3589,55440,6.935,936,false,2,959,953,6,0,0,953,19,2.8298,0.0015,0,0
3590,55448,7.738,937,true,2,960,954,6,0,0,954,19,2.7039,0.0015,0,0
3591,55454,6.052,937,false,2,960,954,6,0,0,954,19,2.7039,0.0015,0,0
3592,55460,6.868,937,false,2,960,954,6,0,0,954,19,2.7039,0.0015,0,0
3593,55468,6.937,937,false,2,961,954,7,0,0,955,19,3.3206,0.0013,0,0
3594,55475,7.348,938,true,2,961,955,6,0,0,955,20,3.3206,0.0013,0,0
3595,55481,6.426,938,false,2,961,955,6,0,0,955,20,3.3206,0.0013,0,0
3596,55488,6.92,938,false,2,961,955,6,0,0,955,20,3.3206,0.0013,0,0
3597,55497,8.879,939,true,3,962,956,6,0,0,956,20,2.9709,0.0021,0,0
3598,55502,4.931,939,false,3,962,956,6,0,0,956,20,2.9709,0.0021,0,0
3599,55509,6.87,939,false,3,962,956,6,0,0,956,20,2.9709,0.0021,0,0
3600,55516,6.896,939,false,3,963,956,7,0,0,957,20,2.9709,0.0021,0,0
3601,55523,7.498,940,true,2,963,957,6,0,0,957,24,3.0104,0.0018,0,0
3602,55530,6.305,940,false,2,963,957,6,0,0,957,24,3.0104,0.0018,0,0
3603,55536,6.931,940,false,2,963,957,6,0,0,957,24,3.0104,0.0018,0,0
3604,55543,6.872,940,false,2,964,957,7,0,0,958,24,2.0007,0.0011,0,0
3605,55552,9.022,941,true,3,964,958,6,0,0,958,19,2.0007,0.0011,0,0
3606,55557,4.781,941,false,3,964,958,6,0,0,958,19,2.0007,0.0011,0,0
3607,55564,6.934,941,false,3,965,958,7,0,0,959,19,2.0007,0.0011,0,0
3608,55575,10.672,942,true,3,965,959,6,0,0,959,57,4.8399,0.0037,0,0
3609,55578,3.098,942,false,3,965,959,6,0,0,959,57,4.8399,0.0037,0,0
3610,55585,6.971,942,false,3,965,959,6,0,0,959,57,4.8399,0.0037,0,0
3611,55592,6.832,942,false,3,966,959,7,0,0,960,57,4.8399,0.0037,0,0
3612,55603,10.849,943,true,4,966,960,6,0,0,960,22,2.7528,0.0018,0,0
3613,55606,2.968,943,false,4,966,960,6,0,0,960,22,2.7528,0.0018,0,0
3614,55612,6.871,943,false,4,966,960,6,0,0,960,22,2.7528,0.0018,0,0
3615,55620,6.941,943,false,4,967,960,7,0,0,961,22,3.3211,0.0028,0,0
3616,55629,9.609,944,true,3,967,961,6,0,0,961,30,3.3211,0.0028,0,0
3617,55633,4.137,944,false,3,967,961,6,0,0,961,30,3.3211,0.0028,0,0
3618,55640,6.935,944,false,3,967,961,6,0,0,961,30,3.3211,0.0028,0,0
3619,55647,6.868,944,false,3,968,961,7,0,0,962,30,2.5292,0.0015,0,0
3620,55654,7.613,945,true,2,968,962,6,0,0,962,20,2.5292,0.0015,0,0
3621,55661,6.198,945,false,2,968,962,6,0,0,962,20,2.5292,0.0015,0,0
3622,55668,6.942,945,false,2,968,962,6,0,0,963,20,2.5292,0.0015,0,0
3623,55676,8.07,946,true,2,969,963,6,0,0,963,20,4.0197,0.0014,0,0
3624,55682,5.699,946,false,2,969,963,6,0,0,963,20,4.0197,0.0014,0,0
3625,55688,6.937,946,false,2,969,963,6,0,0,963,20,4.0197,0.0014,0,0
3626,55695,6.853,946,false,2,970,963,7,0,0,964,20,4.0197,0.0014,0,0
3627,55835,140.25,947,true,3,970,964,6,0,0,969,19,2.4411,0.0015,0,0
3628,55851,15.607,948,true,3,972,969,3,0,0,969,19,2.5246,0.0019,0,0
3629,55859,7.801,948,false,3,973,969,4,0,0,969,19,2.5246,0.0019,0,0
3630,55865,6.409,948,false,3,974,969,5,0,0,969,19,2.5246,0.0019,0,0
3631,55867,2.179,948,false,3,974,969,5,0,0,969,19,2.5246,0.0019,0,0
3632,55874,6.597,949,true,4,974,970,4,0,0,970,19,2.4483,0.0021,0,0
3633,55881,6.793,949,false,4,975,970,5,0,0,970,19,2.4483,0.0021,0,0
3634,55887,5.685,949,false,4,975,970,5,0,0,970,19,2.4483,0.0021,0,0
3635,55893,6.845,949,false,4,975,970,5,0,0,971,19,2.4483,0.0021,0,0
3636,55903,9.765,950,true,3,976,971,5,0,0,971,19,4.2898,0.0016,0,0
3637,55907,4.029,950,false,3,976,971,5,0,0,971,19,4.2898,0.0016,0,0
3638,55914,6.914,950,false,3,976,971,5,0,0,971,19,4.2898,0.0016,0,0
3639,55921,6.926,950,false,3,977,971,6,0,0,972,19,4.2898,0.0016,0,0
3640,55928,6.889,951,true,3,977,972,5,0,0,972,19,2.4895,0.0015,0,0
3641,55935,6.926,951,false,3,977,972,5,0,0,972,19,2.4895,0.0015,0,0
3642,55942,6.843,951,false,3,978,972,6,0,0,972,19,2.4895,0.0015,0,0
3643,55949,6.911,951,false,3,978,972,6,0,0,973,19,2.2692,0.0012,0,0
3644,55956,6.956,952,true,2,978,973,5,0,0,973,19,2.2692,0.0012,0,0
3645,55962,6.839,952,false,2,979,973,6,0,0,973,19,2.2692,0.0012,0,0
3646,55969,6.918,952,false,2,979,973,6,0,0,974,19,2.2692,0.0012,0,0
3647,55976,6.881,953,true,4,979,974,5,0,0,974,19,2.3818,0.0014,0,0
3648,55983,6.909,953,false,4,980,974,6,0,0,974,19,2.3818,0.0014,0,0
3649,55990,6.923,953,false,4,980,974,6,0,0,974,19,2.3818,0.0014,0,0
3650,55997,6.869,953,false,4,980,974,6,0,0,975,19,2.3818,0.0014,0,0
3651,56008,11.356,954,true,3,981,975,6,0,0,975,19,2.4653,0.0035,0,0
3652,56011,2.435,954,false,3,981,975,6,0,0,975,19,2.4653,0.0035,0,0
3653,56017,6.909,954,false,3,981,975,6,0,0,975,19,2.4653,0.0035,0,0
3654,56025,6.966,954,false,3,982,975,7,0,0,976,19,2.2867,0.0023,0,0
3655,56034,9.268,955,true,3,982,976,6,0,0,976,27,2.2867,0.0023,0,0
3656,56038,4.508,955,false,3,982,976,6,0,0,976,27,2.2867,0.0023,0,0
3657,56045,6.869,955,false,3,982,976,6,0,0,977,27,2.2867,0.0023,0,0
3658,56056,10.434,956,true,3,983,977,6,0,0,977,27,3.6314,0.0031,0,0
3659,56059,3.378,956,false,3,983,977,6,0,0,977,27,3.6314,0.0031,0,0
3660,56067,6.879,956,false,3,983,977,6,0,0,977,27,3.6314,0.0031,0,0
3661,56073,6.938,956,false,3,984,977,7,0,0,978,27,1.9558,0.0011,0,0
3662,56082,9.692,957,true,3,984,978,6,0,0,978,17,1.9558,0.0011,0,0
3663,56087,4.067,957,false,3,984,978,6,0,0,978,17,1.9558,0.0011,0,0
3664,56093,6.98,957,false,3,984,978,6,0,0,979,17,1.9558,0.0011,0,0
3665,56103,9.589,958,true,3,985,979,6,0,0,979,17,3.2328,0.0018,0,0
3666,56107,4.189,958,false,3,985,979,6,0,0,979,17,3.2328,0.0018,0,0
3667,56114,6.838,958,false,3,985,979,6,0,0,979,17,3.2328,0.0018,0,0
3668,56123,8.518,959,true,3,986,980,6,0,0,980,17,2.3888,0.0018,0,0
3669,56128,5.327,959,false,3,986,980,6,0,0,980,17,2.3888,0.0018,0,0
3670,56135,6.854,959,false,3,986,980,6,0,0,980,17,2.3888,0.0018,0,0
3671,56142,6.932,959,false,3,987,980,7,0,0,981,17,2.5245,0.0017,0,0
3672,56150,8.62,960,true,3,987,981,6,0,0,981,16,2.5245,0.0017,0,0
3673,56155,5.152,960,false,3,987,981,6,0,0,981,16,2.5245,0.0017,0,0
3674,56162,6.938,960,false,3,987,981,6,0,0,982,16,2.5245,0.0017,0,0
3675,56170,7.35,961,true,2,988,982,6,0,0,982,16,2.3409,0.0015,0,0
3676,56176,6.463,961,false,2,988,982,6,0,0,982,16,2.3409,0.0015,0,0
3677,56183,6.849,961,false,2,988,982,6,0,0,982,16,2.3409,0.0015,0,0
3678,56192,9.335,962,true,3,989,983,6,0,0,983,16,3.5333,0.0016,0,0
3679,56197,4.496,962,false,3,989,983,6,0,0,983,16,3.5333,0.0016,0,0
3680,56204,6.873,962,false,3,989,983,6,0,0,983,16,3.5333,0.0016,0,0
3681,56211,6.932,962,false,3,990,983,7,0,0,984,16,2.6989,0.0012,0,0
3682,56218,7.522,963,true,2,990,984,6,0,0,984,23,2.6989,0.0012,0,0
3683,56225,6.279,963,false,2,990,984,6,0,0,984,23,2.6989,0.0012,0,0
3684,56231,6.869,963,false,2,990,984,6,0,0,984,23,2.6989,0.0012,0,0
3685,56239,7.546,964,true,2,991,985,6,0,0,985,23,2.4941,0.0014,0,0
3686,56245,6.282,964,false,2,991,985,6,0,0,985,23,2.4941,0.0014,0,0
3687,56252,6.867,964,false,2,991,985,6,0,0,985,23,2.4941,0.0014,0,0
3688,56259,6.946,964,false,2,992,985,7,0,0,986,23,2.4182,0.002,0,0
3689,56266,7.251,965,true,2,992,986,6,0,0,986,16,2.4182,0.002,0,0
3690,56273,6.508,965,false,2,992,986,6,0,0,986,16,2.4182,0.002,0,0
3691,56280,6.989,965,false,2,993,986,7,0,0,986,16,2.4182,0.002,0,0
3692,56287,6.805,966,true,3,993,987,6,0,0,987,21,4.6006,0.0018,0,0
3693,56294,6.943,966,false,3,993,987,6,0,0,987,20,4.6006,0.0018,0,0
3694,56300,6.869,966,false,3,993,987,6,0,0,987,20,4.6006,0.0018,0,0
3695,56307,6.931,966,false,3,993,987,6,0,0,988,20,4.6006,0.0018,0,0
3696,56315,7.979,967,true,2,994,988,6,0,0,988,20,2.5884,0.0022,0,0
3697,56321,5.779,967,false,2,994,988,6,0,0,988,20,2.5884,0.0022,0,0
3698,56328,6.955,967,false,2,994,988,6,0,0,988,20,2.5884,0.0022,0,0
3699,56337,8.855,968,true,3,995,989,6,0,0,989,20,2.9611,0.0015,0,0
3700,56342,4.926,968,false,3,995,989,6,0,0,989,20,2.9611,0.0015,0,0
3701,56349,6.963,968,false,3,995,989,6,0,0,989,20,2.9611,0.0015,0,0
3702,56356,6.876,968,false,3,996,989,7,0,0,990,20,2.2683,0.0012,0,0
3703,56363,7.48,969,true,2,996,990,6,0,0,990,19,2.2683,0.0012,0,0
3704,56369,6.245,969,false,2,996,990,6,0,0,990,19,2.2683,0.0012,0,0
3705,56376,6.934,969,false,2,996,990,6,0,0,991,19,2.2683,0.0012,0,0
3706,56384,8.173,970,true,3,997,991,6,0,0,991,19,2.1634,0.0014,0,0
3707,56390,5.633,970,false,3,997,991,6,0,0,991,19,2.1634,0.0014,0,0
3708,56397,6.86,970,false,3,997,991,6,0,0,992,19,2.1634,0.0014,0,0
3709,56406,9.221,971,true,2,998,992,6,0,0,992,19,2.7679,0.0021,0,0
3710,56411,4.618,971,false,2,998,992,6,0,0,992,19,2.7679,0.0021,0,0
3711,56418,6.857,971,false,2,998,992,6,0,0,992,19,2.7679,0.0021,0,0
3712,56425,6.933,971,false,2,999,992,7,0,0,993,19,2.3495,0.0015,0,0
3713,56433,8.112,972,true,3,999,993,6,0,0,993,18,2.3495,0.0015,0,0
3714,56438,5.675,972,false,3,999,993,6,0,0,993,18,2.3495,0.0015,0,0
3715,56445,6.908,972,false,3,1000,993,7,0,0,994,18,1.8999,0.0011,0,0
3716,56452,6.912,973,true,2,1000,994,6,0,0,994,110,1.8999,0.0011,0,0
3717,56459,6.901,973,false,2,1000,994,6,0,0,994,110,1.8999,0.0011,0,0
3718,56466,6.861,973,false,2,1000,994,6,0,0,995,110,1.8999,0.0011,0,0
3719,56477,10.958,974,true,2,1001,995,6,0,0,995,110,3.6353,0.0022,0,0
3720,56480,2.839,974,false,2,1001,995,6,0,0,995,110,3.6353,0.0022,0,0
3721,56487,6.905,974,false,2,1001,995,6,0,0,995,110,3.6353,0.0022,0,0
3722,56494,6.933,974,false,2,1002,995,7,0,0,996,110,2.1475,0.0012,0,0
3723,56504,9.966,975,true,3,1002,996,6,0,0,996,19,2.1475,0.0012,0,0
3724,56507,3.821,975,false,3,1002,996,6,0,0,996,19,2.1475,0.0012,0,0
3725,56515,6.886,975,false,3,1002,996,6,0,0,997,19,2.1475,0.0012,0,0
3726,56525,10.646,976,true,3,1003,997,6,0,0,997,19,2.7073,0.0025,0,0
3727,56528,3.143,976,false,3,1003,997,6,0,0,997,19,2.7073,0.0025,0,0
3728,56535,6.914,976,false,3,1003,997,6,0,0,997,19,2.7073,0.0025,0,0
3729,56550,14.915,977,true,3,1004,998,6,0,0,998,19,3.1815,0.0018,0,0
3730,56552,2.122,977,false,3,1004,998,6,0,0,998,19,3.1815,0.0018,0,0
3731,56557,4.769,977,false,3,1005,998,7,0,0,998,19,3.1815,0.0018,0,0
3732,56564,6.887,977,false,3,1005,998,7,0,0,999,16,3.1815,0.0018,0,0
3733,56574,10.227,978,true,3,1005,999,6,0,0,999,17,2.5003,0.0013,0,0
3734,56578,3.576,978,false,3,1005,999,6,0,0,999,17,2.5003,0.0013,0,0
3735,56585,6.906,978,false,3,1005,999,6,0,0,999,17,2.5003,0.0013,0,0
3736,56592,6.993,978,false,3,1006,999,7,0,0,1000,17,2.4706,0.002,0,0
3737,56601,9.357,979,true,3,1006,1000,6,0,0,1000,17,2.4706,0.002,0,0
3738,56605,4.388,979,false,3,1006,1000,6,0,0,1000,17,2.4706,0.002,0,0
3739,56612,6.866,979,false,3,1006,1000,6,0,0,1001,17,2.4706,0.002,0,0
3740,56622,9.995,980,true,3,1007,1001,6,0,0,1001,17,2.8797,0.0023,0,0
3741,56626,3.789,980,false,3,1007,1001,6,0,0,1001,17,2.8797,0.0023,0,0
3742,56633,6.904,980,false,3,1007,1001,6,0,0,1001,17,2.8797,0.0023,0,0
3743,56640,6.934,980,false,3,1008,1001,7,0,0,1002,17,2.5735,0.0018,0,0
3744,56649,9.178,981,true,3,1008,1002,6,0,0,1002,19,2.5735,0.0018,0,0
3745,56653,4.618,981,false,3,1008,1002,6,0,0,1002,19,2.5735,0.0018,0,0
3746,56660,6.868,981,false,3,1008,1002,6,0,0,1002,19,2.5735,0.0018,0,0
3747,56668,7.316,982,true,2,1009,1003,6,0,0,1003,19,2.759,0.0012,0,0
3748,56674,6.496,982,false,2,1009,1003,6,0,0,1003,19,2.759,0.0012,0,0
3749,56681,6.892,982,false,2,1009,1003,6,0,0,1003,19,2.759,0.0012,0,0
3750,56688,6.957,982,false,2,1010,1003,7,0,0,1004,19,2.759,0.0012,0,0
3751,56783,95.144,983,true,3,1010,1004,6,0,0,1007,19,3.7165,0.0033,0,0
3752,56800,16.8,984,true,3,1013,1008,5,0,0,1008,19,3.2417,0.0018,0,0
3753,56805,5.078,984,false,3,1014,1008,6,0,0,1008,19,3.2417,0.0018,0,0
3754,56807,1.786,984,false,3,1014,1008,6,0,0,1008,19,3.2417,0.0018,0,0
3755,56814,6.91,984,false,3,1015,1008,7,0,0,1009,19,3.2417,0.0018,0,0
3756,56823,9.478,985,true,3,1015,1009,6,0,0,1009,20,2.3453,0.0024,0,0
3757,56828,4.318,985,false,3,1015,1009,6,0,0,1009,20,2.3453,0.0024,0,0
3758,56834,6.913,985,false,3,1015,1009,6,0,0,1009,20,2.3453,0.0024,0,0
3759,56841,6.937,985,false,3,1016,1009,7,0,0,1010,20,1.8939,0.0016,0,0
3760,56849,7.745,986,true,2,1016,1010,6,0,0,1010,17,1.8939,0.0016,0,0
3761,56855,6.003,986,false,2,1016,1010,6,0,0,1010,17,1.8939,0.0016,0,0
3762,56862,6.956,986,false,2,1016,1010,6,0,0,1011,17,1.8939,0.0016,0,0
3763,56869,6.86,987,true,3,1016,1011,5,0,0,1011,17,3.1231,0.0014,0,0
3764,56876,6.881,987,false,3,1017,1011,6,0,0,1011,17,3.1231,0.0014,0,0
3765,56883,6.945,987,false,3,1017,1011,6,0,0,1011,17,3.1231,0.0014,0,0
3766,56890,6.865,987,false,3,1017,1011,6,0,0,1012,17,2.0403,0.0012,0,0
3767,56899,9.389,988,true,3,1018,1012,6,0,0,1012,17,2.0403,0.0012,0,0
3768,56903,4.403,988,false,3,1018,1012,6,0,0,1012,17,2.0403,0.0012,0,0
3769,56910,6.955,988,false,3,1018,1012,6,0,0,1013,17,2.8267,0.0014,0,0
3770,56918,7.832,989,true,2,1019,1013,6,0,0,1013,17,2.8267,0.0014,0,0
3771,56924,5.92,989,false,2,1019,1013,6,0,0,1013,17,2.8267,0.0014,0,0
3772,56931,6.923,989,false,2,1020,1013,7,0,0,1014,17,2.8267,0.0014,0,0
3773,56938,7.411,990,true,2,1020,1014,6,0,0,1014,17,2.3964,0.0015,0,0
3774,56945,6.398,990,false,2,1020,1014,6,0,0,1014,17,2.3964,0.0015,0,0
3775,56952,6.879,990,false,2,1020,1014,6,0,0,1014,17,2.3964,0.0015,0,0
3776,56960,8.33,991,true,2,1021,1015,6,0,0,1015,17,2.14,0.0013,0,0
3777,56966,5.481,991,false,2,1021,1015,6,0,0,1015,17,2.14,0.0013,0,0
3778,56973,6.881,991,false,2,1021,1015,6,0,0,1015,17,2.14,0.0013,0,0
3779,56980,7.976,992,true,2,1022,1016,6,0,0,1016,17,1.9259,0.0012,0,0
3780,56986,5.828,992,false,2,1022,1016,6,0,0,1016,17,1.9259,0.0012,0,0
3781,56993,6.93,992,false,2,1022,1016,6,0,0,1016,17,1.9259,0.0012,0,0
3782,57000,6.867,992,false,2,1023,1016,7,0,0,1017,17,2.2786,0.0015,0,0
3783,57008,7.964,993,true,2,1023,1017,6,0,0,1017,17,2.2786,0.0015,0,0
3784,57015,5.87,993,false,2,1023,1017,6,0,0,1017,17,2.2786,0.0015,0,0
3785,57021,6.862,993,false,2,1023,1017,6,0,0,1018,17,2.2786,0.0015,0,0
3786,57029,7.946,994,true,2,1024,1018,6,0,0,1018,17,2.4854,0.0015,0,0
3787,57035,5.858,994,false,2,1024,1018,6,0,0,1018,17,2.4854,0.0015,0,0
3788,57041,6.891,994,false,2,1024,1018,6,0,0,1018,17,2.4854,0.0015,0,0
3789,57050,8.607,995,true,2,1025,1019,6,0,0,1019,17,4.2124,0.002,0,0
3790,57055,5.196,995,false,2,1025,1019,6,0,0,1019,17,4.2124,0.002,0,0
3791,57062,6.928,995,false,2,1025,1019,6,0,0,1019,17,4.2124,0.002,0,0
3792,57069,6.875,995,false,2,1026,1019,7,0,0,1020,17,4.2124,0.002,0,0
3793,57076,7.577,996,true,2,1026,1020,6,0,0,1020,17,2.0999,0.0013,0,0
3794,57083,6.225,996,false,2,1026,1020,6,0,0,1020,17,2.0999,0.0013,0,0
3795,57090,6.92,996,false,2,1026,1020,6,0,0,1021,17,2.0999,0.0013,0,0
3796,57097,7.759,997,true,2,1027,1021,6,0,0,1021,17,2.5807,0.0013,0,0
3797,57104,6.019,997,false,2,1027,1021,6,0,0,1021,17,2.5807,0.0013,0,0
3798,57110,6.935,997,false,2,1027,1021,6,0,0,1021,17,2.5807,0.0013,0,0
3799,57119,8.449,998,true,3,1028,1022,6,0,0,1022,17,2.0262,0.0014,0,0
3800,57124,5.322,998,false,3,1028,1022,6,0,0,1022,17,2.0262,0.0014,0,0
3801,57131,6.947,998,false,3,1029,1022,7,0,0,1022,17,2.0262,0.0014,0,0
3802,57138,6.845,998,false,3,1029,1022,7,0,0,1023,25,2.1996,0.001,0,0
3803,57147,8.618,999,true,3,1029,1023,6,0,0,1023,19,2.1996,0.001,0,0
3804,57152,5.183,999,false,3,1029,1023,6,0,0,1023,19,2.1996,0.001,0,0
3805,57159,6.943,999,false,3,1029,1023,6,0,0,1024,19,2.1996,0.001,0,0
3806,57166,7.39,1000,true,2,1030,1024,6,0,0,1024,19,2.5739,0.0022,0,0
3807,57173,6.376,1000,false,2,1030,1024,6,0,0,1024,19,2.5739,0.0022,0,0
3808,57179,6.931,1000,false,2,1030,1024,6,0,0,1024,19,2.5739,0.0022,0,0
3809,57186,6.869,1000,false,2,1031,1024,7,0,0,1025,19,3.1891,0.0015,0,0
3810,57195,8.344,1001,true,3,1031,1025,6,0,0,1025,18,3.1891,0.0015,0,0
3811,57200,5.461,1001,false,3,1031,1025,6,0,0,1025,18,3.1891,0.0015,0,0
3812,57207,6.893,1001,false,3,1031,1025,6,0,0,1026,18,3.1891,0.0015,0,0
3813,57216,8.712,1002,true,3,1032,1026,6,0,0,1026,18,3.3918,0.0021,0,0
3814,57221,5.088,1002,false,3,1032,1026,6,0,0,1026,18,3.3918,0.0021,0,0
3815,57228,6.919,1002,false,3,1032,1026,6,0,0,1026,18,3.3918,0.0021,0,0
3816,57235,6.883,1002,false,3,1033,1026,7,0,0,1027,18,2.9695,0.0024,0,0
3817,57244,9.582,1003,true,2,1033,1027,6,0,0,1027,86,2.9695,0.0024,0,0
3818,57248,4.206,1003,false,2,1033,1027,6,0,0,1027,86,2.9695,0.0024,0,0
3819,57256,6.937,1003,false,2,1033,1027,6,0,0,1027,86,2.9695,0.0024,0,0
3820,57267,11.171,1004,true,3,1034,1028,6,0,0,1028,86,3.5318,0.0054,0,0
3821,57269,2.59,1004,false,3,1034,1028,6,0,0,1028,86,3.5318,0.0054,0,0
3822,57276,6.999,1004,false,3,1034,1028,6,0,0,1028,86,3.5318,0.0054,0,0
3823,57283,6.819,1004,false,3,1035,1028,7,0,0,1029,86,2.2644,0.0018,0,0
3824,57292,9.472,1005,true,3,1035,1029,6,0,0,1029,26,2.2644,0.0018,0,0
3825,57297,4.366,1005,false,3,1035,1029,6,0,0,1029,26,2.2644,0.0018,0,0
3826,57304,6.859,1005,false,3,1035,1029,6,0,0,1029,26,2.2644,0.0018,0,0
3827,57312,8.665,1006,true,3,1036,1030,6,0,0,1030,26,2.4697,0.0018,0,0
3828,57318,5.136,1006,false,3,1036,1030,6,0,0,1030,26,2.4697,0.0018,0,0
3829,57325,6.935,1006,false,3,1037,1030,7,0,0,1030,26,2.4697,0.0018,0,0
3830,57332,6.869,1006,false,3,1037,1030,7,0,0,1030,29,2.4697,0.0018,0,0
3831,57345,13.707,1007,true,4,1037,1031,6,0,0,1031,31,4.5963,0.002,0,0
3832,57347,2.205,1007,false,4,1037,1031,6,0,0,1031,31,4.5963,0.002,0,0
3833,57352,4.778,1007,false,4,1037,1031,6,0,0,1031,31,4.5963,0.002,0,0
3834,57359,6.957,1007,false,4,1038,1031,7,0,0,1031,31,4.5963,0.002,0,0
3835,57366,6.853,1007,false,4,1038,1031,7,0,0,1032,31,4.5963,0.002,0,0
3836,57382,16.063,1008,true,5,1038,1032,6,0,0,1032,37,3.7574,0.0032,0,0
3837,57385,3.268,1008,false,5,1038,1032,6,0,0,1032,37,3.7574,0.0032,0,0
3838,57389,3.637,1008,false,5,1038,1032,6,0,0,1032,37,3.7574,0.0032,0,0
3839,57396,6.846,1008,false,5,1039,1032,7,0,0,1032,37,3.7574,0.0032,0,0
3840,57407,11.797,1009,true,3,1039,1033,6,0,0,1033,44,3.1321,0.0024,0,0
3841,57409,2.098,1009,false,3,1039,1033,6,0,0,1033,44,3.1321,0.0024,0,0
3842,57417,6.808,1009,false,3,1040,1033,7,0,0,1033,44,3.1321,0.0024,0,0
3843,57423,6.93,1009,false,3,1040,1033,7,0,0,1033,409,3.1321,0.0024,0,0
3844,57432,9.153,1010,true,3,1040,1034,6,0,0,1034,27,2.7466,0.0016,0,0
3845,57437,4.653,1010,false,3,1040,1034,6,0,0,1034,27,2.7466,0.0016,0,0
3846,57444,6.858,1010,false,3,1040,1034,6,0,0,1034,27,2.7466,0.0016,0,0
3847,57451,6.931,1010,false,3,1041,1034,7,0,0,1035,27,2.6928,0.0024,0,0
3848,57466,15.566,1011,true,8,1041,1035,6,0,0,1035,18,2.6928,0.0024,0,0
3849,57468,2.096,1011,false,8,1041,1035,6,0,0,1035,18,2.6928,0.0024,0,0
3850,57473,4.862,1011,false,8,1041,1035,6,0,0,1036,18,2.6284,0.0019,0,0
3851,57484,10.676,1012,true,3,1042,1036,6,0,0,1036,18,2.6284,0.0019,0,0
3852,57487,3.088,1012,false,3,1042,1036,6,0,0,1036,18,2.6284,0.0019,0,0
3853,57494,6.879,1012,false,3,1042,1036,6,0,0,1036,18,2.6284,0.0019,0,0
3854,57501,6.949,1012,false,3,1043,1036,7,0,0,1037,18,2.9899,0.0021,0,0
3855,57508,7.31,1013,true,2,1043,1037,6,0,0,1037,20,2.9899,0.0021,0,0
3856,57515,6.462,1013,false,2,1043,1037,6,0,0,1037,20,2.9899,0.0021,0,0
3857,57522,6.918,1013,false,2,1044,1037,7,0,0,1037,20,2.9899,0.0021,0,0
3858,57529,6.879,1013,false,2,1044,1037,7,0,0,1038,20,2.9899,0.0021,0,0
3859,57537,8.252,1014,true,2,1044,1038,6,0,0,1038,30,2.4283,0.0018,0,0
3860,57542,5.536,1014,false,2,1044,1038,6,0,0,1038,30,2.4283,0.0018,0,0
3861,57549,6.939,1014,false,2,1044,1038,6,0,0,1038,30,2.4283,0.0018,0,0
3862,57556,6.857,1014,false,2,1045,1038,7,0,0,1039,30,2.4283,0.0018,0,0
3863,57570,13.348,1015,true,3,1045,1039,6,0,0,1039,31,2.3983,0.0023,0,0
3864,57572,2.399,1015,false,3,1045,1039,6,0,0,1039,31,2.3983,0.0023,0,0
3865,57577,4.959,1015,false,3,1045,1039,6,0,0,1039,31,2.3983,0.0023,0,0
3866,57584,6.911,1015,false,3,1046,1039,7,0,0,1039,31,2.3983,0.0023,0,0
3867,57591,6.887,1015,false,3,1046,1039,7,0,0,1040,18,2.3164,0.0016,0,0
3868,57601,10.189,1016,true,3,1046,1040,6,0,0,1040,19,2.3164,0.0016,0,0
3869,57604,3.607,1016,false,3,1046,1040,6,0,0,1040,19,2.3164,0.0016,0,0
3870,57611,6.911,1016,false,3,1046,1040,6,0,0,1041,19,2.3164,0.0016,0,0
3871,57621,10.171,1017,true,3,1047,1041,6,0,0,1041,19,3.2549,0.0024,0,0
3872,57625,3.621,1017,false,3,1047,1041,6,0,0,1041,19,3.2549,0.0024,0,0
3873,57632,7.008,1017,false,3,1047,1041,6,0,0,1041,19,3.2549,0.0024,0,0
3874,57639,6.8,1017,false,3,1048,1041,7,0,0,1042,19,3.2549,0.0024,0,0
3875,57649,10.113,1018,true,3,1048,1042,6,0,0,1042,23,2.4415,0.0015,0,0
3876,57653,3.677,1018,false,3,1048,1042,6,0,0,1042,23,2.4415,0.0015,0,0
3877,57660,6.904,1018,false,3,1049,1042,7,0,0,1042,23,2.4415,0.0015,0,0
3878,57667,6.937,1018,false,3,1049,1042,7,0,0,1043,31,2.4415,0.0015,0,0
3879,57676,9.692,1019,true,3,1049,1043,6,0,0,1043,22,5.6501,0.0022,0,0
3880,57680,4.122,1019,false,3,1049,1043,6,0,0,1043,22,5.6501,0.0022,0,0
3881,57687,6.854,1019,false,3,1049,1043,6,0,0,1043,22,5.6501,0.0022,0,0
3882,57694,6.9,1019,false,3,1050,1043,7,0,0,1043,22,5.6501,0.0022,0,0
3883,57701,6.945,1019,false,3,1050,1043,7,0,0,1043,39,5.6501,0.0022,0,0
3884,57713,11.612,1020,true,4,1050,1044,6,0,0,1044,29,3.6181,0.0021,0,0
3885,57715,2.15,1020,false,4,1050,1044,6,0,0,1044,29,3.6181,0.0021,0,0
3886,57722,6.88,1020,false,4,1050,1044,6,0,0,1044,29,3.6181,0.0021,0,0
3887,57729,6.945,1020,false,4,1051,1044,7,0,0,1044,29,3.6181,0.0021,0,0
3888,57740,10.895,1021,true,3,1051,1045,6,0,0,1045,29,2.2176,0.0014,0,0
3889,57742,2.861,1021,false,3,1051,1045,6,0,0,1045,29,2.2176,0.0014,0,0
3890,57749,6.94,1021,false,3,1051,1045,6,0,0,1045,29,2.2176,0.0014,0,0
3891,57756,6.86,1021,false,3,1052,1045,7,0,0,1046,29,2.2176,0.0014,0,0
3892,57765,8.623,1022,true,3,1052,1046,6,0,0,1046,18,2.5909,0.0015,0,0
3893,57770,5.177,1022,false,3,1052,1046,6,0,0,1046,18,2.5909,0.0015,0,0
3894,57777,6.921,1022,false,3,1052,1046,6,0,0,1046,18,2.5909,0.0015,0,0
3895,57784,6.9,1022,false,3,1053,1046,7,0,0,1047,18,2.7437,0.0017,0,0
3896,57793,9.445,1023,true,3,1053,1047,6,0,0,1047,186,2.7437,0.0017,0,0
3897,57797,4.36,1023,false,3,1053,1047,6,0,0,1047,186,2.7437,0.0017,0,0
3898,57804,6.873,1023,false,3,1053,1047,6,0,0,1047,186,2.7437,0.0017,0,0
3899,57812,6.934,1023,false,3,1054,1047,7,0,0,1048,186,3.3242,0.0014,0,0
3900,57820,8.771,1024,true,2,1054,1048,6,0,0,1048,23,3.3242,0.0014,0,0
3901,57825,5.001,1024,false,2,1054,1048,6,0,0,1048,23,3.3242,0.0014,0,0
3902,57832,6.927,1024,false,2,1054,1048,6,0,0,1048,23,3.3242,0.0014,0,0
3903,57839,6.863,1024,false,2,1055,1048,7,0,0,1049,23,3.3242,0.0014,0,0
3904,57848,8.868,1025,true,3,1055,1049,6,0,0,1049,68,3.453,0.0016,0,0
3905,57853,4.935,1025,false,3,1055,1049,6,0,0,1049,68,3.453,0.0016,0,0
