row_idx,tick_idx,timestamp_ms,was_skipped_day,fps,speed_multiplier,fast_ms,t_sus_ms,t_render_ms,t_ui_ms,largest_slice_job,largest_slice_stage,largest_slice_substage,largest_slice_path,largest_slice_ms,largest_slice_work_done,largest_slice_processed_cells,largest_slice_processed_pixels,largest_slice_processed_indices,largest_slice_cursor_start,largest_slice_cursor_end,largest_slice_fallback_path,largest_slice_processed_per_ms,sus_sim_avg_300,sus_sim_p95_300,sus_sim_max_300,over_1ms_count_300,sim_frame_budget_ms,sim_slice_budget_ms,sim_upload_slice_budget_ms,sim_strict_budget_enabled,sim_budget_warn_ms,economy_reserved_budget_ms,country_ui_refresh_reason,country_ui_snapshot_ms,country_ui_cache_hit,country_ui_dirty_domains,country_ui_event_refresh_enabled,country_report_mode,country_state_hash_ms,country_report_build_ms,research_queue_size,research_full_scan_fallbacks,research_activation_ms,research_allocation_ms,research_effect_ack_ms,research_discovery_ms,research_modifier_ms,research_report_ms,research_countries_scanned,research_active_countries,research_pending_checks,research_discovery_checks,research_discovery_frontier_mismatches,research_modifier_queries,research_modifier_cache_hits,research_remainder_iterations,prepare_reuse_count,workset_cells_planned,workset_cells_executed,duplicate_range_count,household_market_prepare_ms,household_market_worker_ms,household_market_merge_ms,bio_slice_native_ms,bio_slice_publish_ms,bio_knob_cache_hit,bio_knob_cache_build_ms,bio_slice_fallback_reason,natural_resource_factor_lookup_ms,natural_resource_slot_refresh_ms,natural_resource_knob_update_ms,natural_resource_native_call_ms,natural_resource_fallback_ms,continuation_frames,continuation_slices,continuation_started_slices,continuation_completed_slices,continuation_budget_exhausted,continuation_budget_overrun_frames,continuation_max_budget_overrun_ms,continuation_blocked_by_stage,continuation_country_slices,continuation_economy_slices,continuation_wall_ms,continuation_max_frame_wall_ms,continuation_max_slice_ms,continuation_last_slice_ms,continuation_budget_ms,continuation_last_stage,continuation_last_next_stage,continuation_last_substage,continuation_last_path,continuation_done,continuation_stage_counts,continuation_stage_wall_ms,continuation_stage_max_slice_ms,continuation_substage_counts,continuation_substage_wall_ms,continuation_substage_max_slice_ms,continuation_substage_work,clock_pulse_ms,clock_loop_ms,clock_full_ms,tail_label_ms,tail_label_count,tail_vegetation_ms,tail_vegetation_inflight,tail_vegetation_dedup_skips,tail_vegetation_tasks,tail_vegetation_forced_tasks,tail_vegetation_max_task_ms,tail_vegetation_plan_ms,tail_vegetation_encode_ms,tail_vegetation_cache_update_ms,tail_vegetation_assemble_ms,tail_vegetation_upload_ms,tail_overlay_ms,tail_overlay_last_bake_ms,tail_overlay_interval_msec,tail_overlay_refresh_count,frame_wall_ms,engine_process_ms,engine_physics_ms,render_residual_ms,render_objects_in_frame,render_primitives_in_frame,render_draw_calls_in_frame,runtime_graph_pulse_count,runtime_graph_abi_calls,runtime_graph_gdscript_callbacks,runtime_graph_work_done,runtime_graph_budget_yields,runtime_graph_last_elapsed_us,runtime_graph_last_status,runtime_graph_dirty_mask,runtime_graph_post_pulse_flush_ms,runtime_graph_flush_slot_count,runtime_graph_visual_diff_cell_count,runtime_graph_country_territory_sync_ms,runtime_graph_event_dispatch_ms,runtime_graph_full_flush_count,runtime_graph_simulation_thread_mode,runtime_graph_requested_simulation_thread_mode,runtime_graph_coverage_state,runtime_graph_required_domain_mask,runtime_graph_implemented_domain_mask,runtime_graph_missing_domain_mask,runtime_graph_coverage_blocker,runtime_graph_simulation_worker_ready,runtime_graph_native_executor_workers,runtime_graph_native_executor_interactive,runtime_graph_native_executor_fault_count,runtime_graph_country_pod_active_index_count,runtime_graph_climate_pod_ready,runtime_graph_climate_pod_plan_ms,runtime_graph_climate_pod_replay_ms,runtime_graph_climate_pod_work_units,runtime_graph_climate_pod_changed_cells,runtime_graph_climate_pod_state_hash,runtime_graph_climate_pod_fallback_reason,runtime_graph_climate_trace_depth,runtime_graph_climate_trace_front_day,runtime_graph_climate_trace_lag_days,runtime_graph_climate_trace_latest_hash,runtime_graph_climate_trace_capacity_exceeded,runtime_graph_climate_trace_consumed,runtime_graph_climate_trace_missing,runtime_graph_climate_trace_reference_rejected,runtime_graph_climate_trace_reference_pending,runtime_graph_simulation_host_state,runtime_graph_simulation_committed_day,runtime_graph_simulation_generation,runtime_graph_simulation_time_debt_days,runtime_graph_last_visual_publish_at_us,runtime_graph_snapshot_staleness_ms,runtime_graph_ui_input_to_feedback_ms,runtime_graph_visual_apply_ms,runtime_graph_gpu_upload_ms,runtime_graph_main_wait_on_sim_us,runtime_graph_simulation_environment_generation,runtime_graph_simulation_environment_day,runtime_graph_simulation_environment_cell_count,runtime_graph_simulation_environment_topology_validated,runtime_graph_stale_environment_rejected,runtime_graph_command_queue_depth,runtime_graph_receipt_queue_depth,runtime_graph_snapshot_publish_drop_count,runtime_graph_snapshot_publish_throttled_count,runtime_graph_worker_fault_count,runtime_graph_day_stage_count,runtime_graph_day_completed_stage_count,runtime_graph_day_work_units,runtime_graph_completed_days,runtime_graph_pod_completed_domain_mask,runtime_graph_pod_completed_stage_count,runtime_graph_pod_work_units,runtime_graph_pod_intent_count,runtime_graph_pod_fallback_count,runtime_graph_domain_authority_planned_mask,runtime_graph_domain_authority_committed_mask,runtime_graph_domain_authority_ack_count,runtime_graph_domain_authority_input_hash,runtime_graph_domain_authority_state_hash,runtime_graph_domain_authority_plan_ms,runtime_graph_domain_authority_replay_ms,runtime_graph_domain_authority_fallback_reason,runtime_graph_domain_stage_fallback_count,runtime_graph_domain_stage_fallback_reason,runtime_graph_climate_production_stage_mask,runtime_graph_climate_worker_stage_mask,runtime_graph_climate_pod_parity_compared,runtime_graph_climate_pod_parity_matched,runtime_graph_climate_pod_parity_mismatch_count,runtime_graph_climate_pod_parity_reason,runtime_graph_climate_pod_reference_hash,runtime_graph_climate_parity_day,runtime_graph_climate_parity_stage,runtime_graph_climate_parity_cell,runtime_graph_climate_parity_field,runtime_graph_climate_parity_reference_bits,runtime_graph_climate_parity_worker_bits,runtime_graph_climate_trace_captured,runtime_graph_climate_trace_reference_ready,runtime_graph_climate_trace_consumable,runtime_graph_fault_code,runtime_graph_simulation_invalid_environment_rejected,runtime_graph_country_pod_snapshot_generation,runtime_graph_country_pod_state_hash,runtime_graph_country_pod_work_units,runtime_graph_country_pod_active_country_count,runtime_graph_country_pod_pending_checks,runtime_graph_country_pod_ack_pending,runtime_graph_country_pod_blocker
0,1,20986,false,6,50,9.125,8.433,0.009,0.229,native_daily_sim,climate_pass_a,climate_pass_a_struct,gdext_native_daily_slice,2.313,1,0,0,1,-1,-1,,0.432339,4.027,4.027,4.027,1,8,3,1.5,false,2,8.666,,,,,,,,,,,,,,,,,,,,,,,,,,,,,,,,,,,,,,,,,,0,0,0,0,false,0,0,,0,0,0,0,0,0,0,,,,,false,{},{},{},{},{},{},{},0,0,0.225,0,0,0.055,1,0,0,0,0,0.037,0,0,0,0,0,0,100,0,0,87.639,0.018,0,0,0,0,0,0,0,0,0,0,0,0,0,0,0,0,0,0,OFF,ACTIVE,,4095,4095,0,runtime_graph_not_ready,false,16,false,0,0,false,0,0,0,0,0,,,,,,0,,,0,0,2,0,0,0,0,0,0,0,0,0,1,0,2400,true,0,0,0,0,0,0,0,0,0,0,0,0,0,0,0,0,0,0,0,0,0,0,,0,0,0,0,0,0,0,0,0,0,0,0,0,0,0,0,0,0,,0,0,0,0,0,0,false,
1,2,21018,false,11,50,12.029,11.337,0.009,0.222,dynamic_visual_atlas_upload,,,cell_indirection_lut,1.205,2400,2400,0,0,-1,-1,,1991.701174,3.013,4.027,4.027,1,8,3,1.5,false,2,8.666,,,,,,,,,,,,,,,,,,,,,,,,,,,,,,,,,,,,,,,,,,1,60,60,55,true,1,0.05,country_owned_by_runtime_graph,54,0,8.05,8.05,0.801,0.063,8,country_owned_by_runtime_graph,,,native_runtime_graph,true,"{""country:country_owned_by_runtime_graph"":54,""native_daily:climate_pass_b"":1,""native_daily:native_daily_complete"":1,""native_daily:native_daily_finalizer"":1,""native_daily:ocean_land"":1,""native_daily:sea_ice"":1,""native_daily:wind_surface"":1}","{""country:country_owned_by_runtime_graph"":4.09,""native_daily:climate_pass_b"":0.519,""native_daily:native_daily_complete"":0.27,""native_daily:native_daily_finalizer"":0.433,""native_daily:ocean_land"":0.801,""native_daily:sea_ice"":0.611,""native_daily:wind_surface"":0.703}","{""country:country_owned_by_runtime_graph"":0.244,""native_daily:climate_pass_b"":0.519,""native_daily:native_daily_complete"":0.27,""native_daily:native_daily_finalizer"":0.433,""native_daily:ocean_land"":0.801,""native_daily:sea_ice"":0.611,""native_daily:wind_surface"":0.703}",{},{},{},{},0,0,0.143,0,0,0.145,1,0,2,0,0.073,0,0,0,0,0,0,0,100,0,7.8825,9495.264,0.021,7.5945,0,0,0,1,1,0,65,0,1221,3,0,0,1,2400,0.021,0.025,0,OFF,ACTIVE,,4095,4095,0,runtime_graph_not_ready,false,16,false,0,0,true,1.9859,0.0011,19200,2237,0,,,,,,0,,,0,0,2,0,0,0,0,0,0,0,0,0,2,1,2400,true,0,0,0,0,0,0,0,0,0,0,0,0,0,0,0,0,0,0,0,0,0,0,,0,0,0,0,0,0,0,0,0,0,0,0,0,0,0,0,0,0,,0,0,0,0,0,0,false,
2,3,21051,false,4,50,2.547,0,2.385,0,dynamic_visual_atlas_upload,,,cell_indirection_lut,1.205,2400,2400,0,0,-1,-1,,1991.701174,3.013,4.027,4.027,1,8,3,1.5,false,2,8.666,,,,,,,,,,,,,,,,,,,,,,,,,,,,,,,,,,,,,,,,,,0,0,0,0,false,0,0,,0,0,0,0,0,0,0,,,,,false,{},{},{},{},{},{},{},0.001,0,0.295,0,0,0.014,0,0,0,0,0,0.003,0,0,0,0,0,0,100,0,5.506,14.029,0.017,5.197,0,0,0,6,6,0,321,0,15,2,0,0,1,2400,0.021,0.025,0,ACTIVE,ACTIVE,,4095,4095,0,,true,16,false,0,0,true,1.9859,0.0011,19200,2237,0,,,,,,0,,,0,0,3,1,1,0,767535245990,5.024,0,0,0,0,2,1,2400,true,0,0,0,0,0,0,12,12,19224,0,0,0,0,0,0,0,0,0,0,0,0,0,,0,0,0,0,0,0,0,0,0,0,0,0,0,0,0,0,0,0,,0,0,0,0,0,0,false,
3,4,21080,false,4,50,1.405,0,1.256,0,dynamic_visual_atlas_upload,,,cell_indirection_lut,1.205,2400,2400,0,0,-1,-1,,1991.701174,3.013,4.027,4.027,1,8,3,1.5,false,2,8.666,,,,,,,,,,,,,,,,,,,,,,,,,,,,,,,,,,,,,,,,,,0,0,0,0,false,0,0,,0,0,0,0,0,0,0,,,,,false,{},{},{},{},{},{},{},0,3.067,3.275,0,0,0.016,0,0,0,0,0,0.003,0,0,0,0,0,0,100,0,7.343,14.029,0.017,4.052,0,0,0,6,6,0,321,0,15,2,0,0,1,2400,0.021,0.025,0,ACTIVE,ACTIVE,,4095,4095,0,,true,16,false,0,0,true,1.9325,0.0009,19200,2237,0,,,,,,0,,,0,0,2,2,2,0,767535277667,2.693,0,0.031,0,0,4,3,2400,true,0,0,0,0,0,0,12,12,28824,0,0,0,0,0,0,0,0,0,0,0,0,0,,0,0,0,0,0,0,0,0,0,0,0,0,0,0,0,0,0,0,,0,0,0,0,0,0,false,
4,5,21106,false,4,50,1.488,0,1.28,0,dynamic_visual_atlas_upload,,,cell_indirection_lut,1.205,2400,2400,0,0,-1,-1,,1991.701174,3.013,4.027,4.027,1,8,3,1.5,false,2,8.666,,,,,,,,,,,,,,,,,,,,,,,,,,,,,,,,,,,,,,,,,,0,0,0,0,false,0,0,,0,0,0,0,0,0,0,,,,,false,{},{},{},{},{},{},{},0.001,7.819,8.012,0,0,0.017,0,0,0,0,0,0.003,0,0,0,0,0,0,100,0,8.507333,14.029,0.017,0.478333,0,0,0,6,6,0,321,0,15,2,0,0,1,2400,0.021,0.025,0,ACTIVE,ACTIVE,,4095,4095,0,,true,16,false,0,0,true,3.1435,0.0015,60000,2400,0,,,,,,0,,,0,0,2,3,3,0,767535297707,8.198,0,0.026,0,0,5,4,2400,true,0,0,0,0,0,0,12,12,19224,0,0,0,0,0,0,0,0,0,0,0,0,0,,0,0,0,0,0,0,0,0,0,0,0,0,0,0,0,0,0,0,,0,0,0,0,0,0,false,
5,6,21126,false,4,50,1.448,0,1.259,0,dynamic_visual_atlas_upload,,,cell_indirection_lut,1.205,2400,2400,0,0,-1,-1,,1991.701174,3.013,4.027,4.027,1,8,3,1.5,false,2,8.666,,,,,,,,,,,,,,,,,,,,,,,,,,,,,,,,,,,,,,,,,,0,0,0,0,false,0,0,,0,0,0,0,0,0,0,,,,,false,{},{},{},{},{},{},{},0,0,0.25,0,0,0.018,0,0,0,0,0,0.003,0,0,0,0,0,0,100,0,5.011,14.029,0.017,4.743,0,0,0,6,6,0,321,0,15,2,0,0,1,2400,0.021,0.025,0,ACTIVE,ACTIVE,,4095,4095,0,,true,16,false,0,0,true,1.9169,0.001,19200,2237,0,,,,,,0,,,0,0,2,4,4,0,767535319625,6.33,0,0.029,0,0,6,5,2400,true,0,0,0,0,0,0,12,12,60024,0,0,0,0,0,0,0,0,0,0,0,0,0,,0,0,0,0,0,0,0,0,0,0,0,0,0,0,0,0,0,0,,0,0,0,0,0,0,false,
6,7,21142,false,4,50,1.414,0,1.27,0,dynamic_visual_atlas_upload,,,cell_indirection_lut,1.205,2400,2400,0,0,-1,-1,,1991.701174,3.013,4.027,4.027,1,8,3,1.5,false,2,8.666,,,,,,,,,,,,,,,,,,,,,,,,,,,,,,,,,,,,,,,,,,0,0,0,0,false,0,0,,0,0,0,0,0,0,0,,,,,false,{},{},{},{},{},{},{},0,3.134,3.307,0,0,0.018,0,0,0,0,0,0.003,0,0,0,0,0,0,100,0,8.292,14.029,0.017,4.967,0,0,0,6,6,0,321,0,15,2,0,0,1,2400,0.021,0.025,0,ACTIVE,ACTIVE,,4095,4095,0,,true,16,false,0,0,true,1.9169,0.001,19200,2237,0,,,,,,0,,,0,0,2,5,5,0,767535340296,2.225,0,0.028,0,0,7,6,2400,true,0,0,0,0,0,0,12,12,19224,0,0,0,0,0,0,0,0,0,0,0,0,0,,0,0,0,0,0,0,0,0,0,0,0,0,0,0,0,0,0,0,,0,0,0,0,0,0,false,
7,8,21163,false,4,50,1.555,0,1.407,0,dynamic_visual_atlas_upload,,,cell_indirection_lut,1.205,2400,2400,0,0,-1,-1,,1991.701174,3.013,4.027,4.027,1,8,3,1.5,false,2,8.666,,,,,,,,,,,,,,,,,,,,,,,,,,,,,,,,,,,,,,,,,,0,0,0,0,false,0,0,,0,0,0,0,0,0,0,,,,,false,{},{},{},{},{},{},{},0,2.911,3.051,0,0,0.014,0,0,0,0,0,0.002,0,0,0,0,0,0,100,0,6.845667,14.029,0.017,3.780667,0,0,0,6,6,0,321,0,15,2,0,0,1,2400,0.021,0.025,0,ACTIVE,ACTIVE,,4095,4095,0,,true,16,false,0,0,true,1.7985,0.001,19200,2237,0,,,,,,0,,,0,0,2,6,6,0,767535359777,3.326,0,0.028,0,0,8,7,2400,true,0,0,0,0,0,0,12,12,21624,0,0,0,0,0,0,0,0,0,0,0,0,0,,0,0,0,0,0,0,0,0,0,0,0,0,0,0,0,0,0,0,,0,0,0,0,0,0,false,
8,9,21187,false,4,50,1.393,0,1.234,0,dynamic_visual_atlas_upload,,,cell_indirection_lut,1.205,2400,2400,0,0,-1,-1,,1991.701174,3.013,4.027,4.027,1,8,3,1.5,false,2,8.666,,,,,,,,,,,,,,,,,,,,,,,,,,,,,,,,,,,,,,,,,,0,0,0,0,false,0,0,,0,0,0,0,0,0,0,,,,,false,{},{},{},{},{},{},{},0,0,0.191,0,0,0.014,0,0,0,0,0,0.002,0,0,0,0,0,0,100,0,6.13625,14.029,0.017,5.93125,0,0,0,6,6,0,321,0,15,2,0,0,1,2400,0.021,0.025,0,ACTIVE,ACTIVE,,4095,4095,0,,true,16,false,0,0,true,1.8443,0.0009,19200,2237,0,,,,,,0,,,0,0,2,7,7,0,767535379858,7.728,0,0.051,0,0,9,8,2400,true,0,0,0,0,0,0,12,12,19224,0,0,0,0,0,0,0,0,0,0,0,0,0,,0,0,0,0,0,0,0,0,0,0,0,0,0,0,0,0,0,0,,0,0,0,0,0,0,false,
9,10,21201,false,4,50,1.476,0,1.32,0,dynamic_visual_atlas_upload,,,cell_indirection_lut,1.205,2400,2400,0,0,-1,-1,,1991.701174,3.013,4.027,4.027,1,8,3,1.5,false,2,8.666,,,,,,,,,,,,,,,,,,,,,,,,,,,,,,,,,,,,,,,,,,0,0,0,0,false,0,0,,0,0,0,0,0,0,0,,,,,false,{},{},{},{},{},{},{},0,0,0.209,0,0,0.015,0,0,0,0,0,0.003,0,0,0,0,0,0,100,0,7.03,14.029,0.017,6.806,0,0,0,6,6,0,321,0,15,2,0,0,1,2400,0.021,0.025,0,ACTIVE,ACTIVE,,4095,4095,0,,true,16,false,0,0,true,1.8097,0.0009,19200,2237,0,,,,,,0,,,0,0,2,8,8,0,767535398956,2.697,0,0.028,0,0,10,9,2400,true,0,0,0,0,0,0,12,12,19224,0,0,0,0,0,0,0,0,0,0,0,0,0,,0,0,0,0,0,0,0,0,0,0,0,0,0,0,0,0,0,0,,0,0,0,0,0,0,false,
10,11,21222,false,4,50,1.391,0,1.253,0,dynamic_visual_atlas_upload,,,cell_indirection_lut,1.205,2400,2400,0,0,-1,-1,,1991.701174,3.013,4.027,4.027,1,8,3,1.5,false,2,8.666,,,,,,,,,,,,,,,,,,,,,,,,,,,,,,,,,,,,,,,,,,0,0,0,0,false,0,0,,0,0,0,0,0,0,0,,,,,false,{},{},{},{},{},{},{},0,0,0.196,0,0,0.017,0,0,0,0,0,0.002,0,0,0,0,0,0,100,0,6.813667,14.029,0.017,6.600667,0,0,0,6,6,0,321,0,15,2,0,0,1,2400,0.021,0.025,0,ACTIVE,ACTIVE,,4095,4095,0,,true,16,false,0,0,true,1.8204,0.0009,19200,2237,0,,,,,,0,,,0,0,2,9,9,0,767535418322,3.758,0,0.029,0,0,11,10,2400,true,0,0,0,0,0,0,12,12,19224,0,0,0,0,0,0,0,0,0,0,0,0,0,,0,0,0,0,0,0,0,0,0,0,0,0,0,0,0,0,0,0,,0,0,0,0,0,0,false,
11,12,21243,false,4,50,1.375,0,1.22,0,dynamic_visual_atlas_upload,,,cell_indirection_lut,1.205,2400,2400,0,0,-1,-1,,1991.701174,3.013,4.027,4.027,1,8,3,1.5,false,2,8.666,,,,,,,,,,,,,,,,,,,,,,,,,,,,,,,,,,,,,,,,,,0,0,0,0,false,0,0,,0,0,0,0,0,0,0,,,,,false,{},{},{},{},{},{},{},0.001,0,0.219,0,0,0.019,0,0,0,0,0,0.003,0,0,0,0,0,0,100,0,7.081667,14.029,0.017,6.843667,0,0,0,6,6,0,321,0,15,2,0,0,1,2400,0.021,0.025,0,ACTIVE,ACTIVE,,4095,4095,0,,true,16,false,0,0,true,1.9433,0.001,19200,2237,0,,,,,,0,,,0,0,2,10,10,0,767535437564,5.798,0,0.026,0,0,12,11,2400,true,0,0,0,0,0,0,12,12,19224,0,0,0,0,0,0,0,0,0,0,0,0,0,,0,0,0,0,0,0,0,0,0,0,0,0,0,0,0,0,0,0,,0,0,0,0,0,0,false,
12,13,21260,false,4,50,1.418,0,1.262,0,dynamic_visual_atlas_upload,,,cell_indirection_lut,1.205,2400,2400,0,0,-1,-1,,1991.701174,3.013,4.027,4.027,1,8,3,1.5,false,2,8.666,,,,,,,,,,,,,,,,,,,,,,,,,,,,,,,,,,,,,,,,,,0,0,0,0,false,0,0,,0,0,0,0,0,0,0,,,,,false,{},{},{},{},{},{},{},0,3.552,3.71,0,0,0.013,0,0,0,0,0,0.002,0,0,0,0,0,0,100,0,8.3645,14.029,0.017,4.6415,0,0,0,6,6,0,321,0,15,2,0,0,1,2400,0.021,0.025,0,ACTIVE,ACTIVE,,4095,4095,0,,true,16,false,0,0,true,1.9433,0.001,19200,2237,0,,,,,,0,,,0,0,2,11,11,0,767535456461,3.601,0,0.026,0,0,13,12,2400,true,0,0,0,0,0,0,12,12,19224,0,0,0,0,0,0,0,0,0,0,0,0,0,,0,0,0,0,0,0,0,0,0,0,0,0,0,0,0,0,0,0,,0,0,0,0,0,0,false,
13,14,21283,false,4,50,2.306,0,2.063,0,dynamic_visual_atlas_upload,,,cell_indirection_lut,1.205,2400,2400,0,0,-1,-1,,1991.701174,3.013,4.027,4.027,1,8,3,1.5,false,2,8.666,,,,,,,,,,,,,,,,,,,,,,,,,,,,,,,,,,,,,,,,,,0,0,0,0,false,0,0,,0,0,0,0,0,0,0,,,,,false,{},{},{},{},{},{},{},0,4.163,4.445,0,0,0.025,0,0,0,0,0,0.005,0,0,0,0,0,0,100,0,7.642333,14.029,0.017,3.172333,0,0,0,6,6,0,321,0,15,2,0,0,1,2400,0.021,0.025,0,ACTIVE,ACTIVE,,4095,4095,0,,true,16,false,0,0,true,1.8248,0.0011,19200,2237,0,,,,,,0,,,0,0,2,12,12,0,767535477545,5.553,0,0.027,0,0,14,13,2400,true,0,0,0,0,0,0,12,12,55224,0,0,0,0,0,0,0,0,0,0,0,0,0,,0,0,0,0,0,0,0,0,0,0,0,0,0,0,0,0,0,0,,0,0,0,0,0,0,false,
14,15,21300,false,4,50,1.319,0,1.19,0,dynamic_visual_atlas_upload,,,cell_indirection_lut,1.205,2400,2400,0,0,-1,-1,,1991.701174,3.013,4.027,4.027,1,8,3,1.5,false,2,8.666,,,,,,,,,,,,,,,,,,,,,,,,,,,,,,,,,,,,,,,,,,0,0,0,0,false,0,0,,0,0,0,0,0,0,0,,,,,false,{},{},{},{},{},{},{},0,2.864,3.004,0,0,0.016,0,0,0,0,0,0.002,0,0,0,0,0,0,100,0,5.887667,14.029,0.017,2.867667,0,0,0,6,6,0,321,0,15,2,0,0,1,2400,0.021,0.025,0,ACTIVE,ACTIVE,,4095,4095,0,,true,16,false,0,0,true,1.8204,0.0008,19200,2237,0,,,,,,0,,,0,0,2,13,13,0,767535497207,3.479,0,0.043,0,0,15,14,2400,true,0,0,0,0,0,0,12,12,19224,0,0,0,0,0,0,0,0,0,0,0,0,0,,0,0,0,0,0,0,0,0,0,0,0,0,0,0,0,0,0,0,,0,0,0,0,0,0,false,
15,16,21322,false,4,50,1.45,0,1.269,0,dynamic_visual_atlas_upload,,,cell_indirection_lut,1.205,2400,2400,0,0,-1,-1,,1991.701174,3.013,4.027,4.027,1,8,3,1.5,false,2,8.666,,,,,,,,,,,,,,,,,,,,,,,,,,,,,,,,,,,,,,,,,,0,0,0,0,false,0,0,,0,0,0,0,0,0,0,,,,,false,{},{},{},{},{},{},{},0,3.302,3.506,0,0,0.263,1,0,4,0,0.087,0,0,0,0,0,0,0,100,0,7.224,14.029,0.017,3.455,0,0,0,6,6,0,321,0,15,2,0,0,1,2400,0.021,0.025,0,ACTIVE,ACTIVE,,4095,4095,0,,true,16,false,0,0,true,1.9375,0.0011,19200,2237,0,,,,,,0,,,0,0,2,14,14,0,767535517319,5.029,0,0.029,0,0,16,15,2400,true,0,0,0,0,0,0,12,12,19224,0,0,0,0,0,0,0,0,0,0,0,0,0,,0,0,0,0,0,0,0,0,0,0,0,0,0,0,0,0,0,0,,0,0,0,0,0,0,false,
16,17,21346,false,4,50,1.474,0,1.286,0,dynamic_visual_atlas_upload,,,cell_indirection_lut,1.205,2400,2400,0,0,-1,-1,,1991.701174,3.013,4.027,4.027,1,8,3,1.5,false,2,8.666,,,,,,,,,,,,,,,,,,,,,,,,,,,,,,,,,,,,,,,,,,0,0,0,0,false,0,0,,0,0,0,0,0,0,0,,,,,false,{},{},{},{},{},{},{},0,0,0.23,0,0,0.018,0,0,0,0,0,0.004,0,0,0,0,0,0,100,0,6.036,14.029,0.017,5.788,0,0,0,6,6,0,321,0,15,2,0,0,1,2400,0.021,0.025,0,ACTIVE,ACTIVE,,4095,4095,0,,true,16,false,0,0,true,1.8933,0.0013,19200,2237,0,,,,,,0,,,0,0,2,15,15,0,767535538647,7.835,0,0.029,0,0,17,16,2400,true,0,0,0,0,0,0,12,12,19224,0,0,0,0,0,0,0,0,0,0,0,0,0,,0,0,0,0,0,0,0,0,0,0,0,0,0,0,0,0,0,0,,0,0,0,0,0,0,false,
17,18,21360,false,4,50,1.353,0,1.211,0,dynamic_visual_atlas_upload,,,cell_indirection_lut,1.205,2400,2400,0,0,-1,-1,,1991.701174,3.013,4.027,4.027,1,8,3,1.5,false,2,8.666,,,,,,,,,,,,,,,,,,,,,,,,,,,,,,,,,,,,,,,,,,0,0,0,0,false,0,0,,0,0,0,0,0,0,0,,,,,false,{},{},{},{},{},{},{},0,0,0.195,0,0,0.019,0,0,0,0,0,0.004,0,0,0,0,0,0,100,0,6.7975,14.029,0.017,6.5835,0,0,0,6,6,0,321,0,15,2,0,0,1,2400,0.021,0.025,0,ACTIVE,ACTIVE,,4095,4095,0,,true,16,false,0,0,true,1.8494,0.0008,19200,2237,0,,,,,,0,,,0,0,2,16,16,0,767535558002,2.079,0,0.029,0,0,18,17,2400,true,0,0,0,0,0,0,12,12,19224,0,0,0,0,0,0,0,0,0,0,0,0,0,,0,0,0,0,0,0,0,0,0,0,0,0,0,0,0,0,0,0,,0,0,0,0,0,0,false,
18,19,21381,false,4,50,1.534,0,1.382,0,dynamic_visual_atlas_upload,,,cell_indirection_lut,1.205,2400,2400,0,0,-1,-1,,1991.701174,3.013,4.027,4.027,1,8,3,1.5,false,2,8.666,,,,,,,,,,,,,,,,,,,,,,,,,,,,,,,,,,,,,,,,,,0,0,0,0,false,0,0,,0,0,0,0,0,0,0,,,,,false,{},{},{},{},{},{},{},0,0,0.173,0,0,0.014,0,0,0,0,0,0.002,0,0,0,0,0,0,100,0,6.941333,14.029,0.017,6.754333,0,0,0,6,6,0,321,0,15,2,0,0,1,2400,0.021,0.025,0,ACTIVE,ACTIVE,,4095,4095,0,,true,16,false,0,0,true,2.3362,0.0009,21600,2237,0,,,,,,0,,,0,0,2,17,17,0,767535577835,3.048,0,0.026,0,0,19,18,2400,true,0,0,0,0,0,0,12,12,19224,0,0,0,0,0,0,0,0,0,0,0,0,0,,0,0,0,0,0,0,0,0,0,0,0,0,0,0,0,0,0,0,,0,0,0,0,0,0,false,
19,20,21402,false,4,50,1.532,0,1.325,0,dynamic_visual_atlas_upload,,,cell_indirection_lut,1.205,2400,2400,0,0,-1,-1,,1991.701174,3.013,4.027,4.027,1,8,3,1.5,false,2,8.666,,,,,,,,,,,,,,,,,,,,,,,,,,,,,,,,,,,,,,,,,,0,0,0,0,false,0,0,,0,0,0,0,0,0,0,,,,,false,{},{},{},{},{},{},{},0,0,0.27,0,0,0.02,0,0,0,0,0,0.003,0,0,0,0,0,0,100,0,7.000333,14.029,0.017,6.710333,0,0,0,6,6,0,321,0,15,2,0,0,1,2400,0.021,0.025,0,ACTIVE,ACTIVE,,4095,4095,0,,true,16,false,0,0,true,1.9106,0.0014,19200,2237,0,,,,,,0,,,0,0,2,18,18,0,767535597248,4.727,0,0.025,0,0,20,19,2400,true,0,0,0,0,0,0,12,12,21624,0,0,0,0,0,0,0,0,0,0,0,0,0,,0,0,0,0,0,0,0,0,0,0,0,0,0,0,0,0,0,0,,0,0,0,0,0,0,false,
20,21,21422,false,4,50,1.511,0,1.333,0,dynamic_visual_atlas_upload,,,cell_indirection_lut,1.205,2400,2400,0,0,-1,-1,,1991.701174,3.013,4.027,4.027,1,8,3,1.5,false,2,8.666,,,,,,,,,,,,,,,,,,,,,,,,,,,,,,,,,,,,,,,,,,0,0,0,0,false,0,0,,0,0,0,0,0,0,0,,,,,false,{},{},{},{},{},{},{},0,0,0.242,0,0,0.02,0,0,0,0,0,0.003,0,0,0,0,0,0,100,0,6.89,14.029,0.017,6.628,0,0,0,6,6,0,321,0,15,2,0,0,1,2400,0.021,0.025,0,ACTIVE,ACTIVE,,4095,4095,0,,true,16,false,0,0,true,2.6808,0.0013,52800,2237,0,,,,,,0,,,0,0,2,19,19,0,767535617278,5.291,0,0.029,0,0,21,20,2400,true,0,0,0,0,0,0,12,12,19224,0,0,0,0,0,0,0,0,0,0,0,0,0,,0,0,0,0,0,0,0,0,0,0,0,0,0,0,0,0,0,0,,0,0,0,0,0,0,false,
21,22,21443,false,4,50,1.632,0,1.427,0,dynamic_visual_atlas_upload,,,cell_indirection_lut,1.205,2400,2400,0,0,-1,-1,,1991.701174,3.013,4.027,4.027,1,8,3,1.5,false,2,8.666,,,,,,,,,,,,,,,,,,,,,,,,,,,,,,,,,,,,,,,,,,0,0,0,0,false,0,0,,0,0,0,0,0,0,0,,,,,false,{},{},{},{},{},{},{},0,0,0.235,0,0,0.02,0,0,0,0,0,0.004,0,0,0,0,0,0,100,0,6.986333,14.029,0.017,6.731333,0,0,0,6,6,0,321,0,15,2,0,0,1,2400,0.021,0.025,0,ACTIVE,ACTIVE,,4095,4095,0,,true,16,false,0,0,true,1.836,0.0013,19200,2236,0,,,,,,0,,,0,0,2,20,20,0,767535637801,5.742,0,0.03,0,0,22,21,2400,true,0,0,0,0,0,0,12,12,52824,0,0,0,0,0,0,0,0,0,0,0,0,0,,0,0,0,0,0,0,0,0,0,0,0,0,0,0,0,0,0,0,,0,0,0,0,0,0,false,
22,23,21461,false,4,50,1.798,0,1.563,0,dynamic_visual_atlas_upload,,,cell_indirection_lut,1.205,2400,2400,0,0,-1,-1,,1991.701174,3.013,4.027,4.027,1,8,3,1.5,false,2,8.666,,,,,,,,,,,,,,,,,,,,,,,,,,,,,,,,,,,,,,,,,,0,0,0,0,false,0,0,,0,0,0,0,0,0,0,,,,,false,{},{},{},{},{},{},{},0,3.5,3.771,0,0,0.018,0,0,0,0,0,0.003,0,0,0,0,0,0,100,0,8.651,14.029,0.017,4.862,0,0,0,6,6,0,321,0,15,2,0,0,1,2400,0.021,0.025,0,ACTIVE,ACTIVE,,4095,4095,0,,true,16,false,0,0,true,2.399,0.0016,19200,2236,0,,,,,,0,,,0,0,2,21,21,0,767535657632,3.236,0,0.033,0,0,23,22,2400,true,0,0,0,0,0,0,12,12,19224,0,0,0,0,0,0,0,0,0,0,0,0,0,,0,0,0,0,0,0,0,0,0,0,0,0,0,0,0,0,0,0,,0,0,0,0,0,0,false,
23,24,21481,false,4,50,1.674,0,1.32,0,dynamic_visual_atlas_upload,,,cell_indirection_lut,1.205,2400,2400,0,0,-1,-1,,1991.701174,3.013,4.027,4.027,1,8,3,1.5,false,2,8.666,,,,,,,,,,,,,,,,,,,,,,,,,,,,,,,,,,,,,,,,,,0,0,0,0,false,0,0,,0,0,0,0,0,0,0,,,,,false,{},{},{},{},{},{},{},0,3.401,3.638,0,0,0.024,0,0,0,0,0,0.004,0,0,0,0,0,0,100,0,6.853,14.029,0.017,3.191,0,0,0,6,6,0,321,0,15,2,0,0,1,2400,0.021,0.025,0,ACTIVE,ACTIVE,,4095,4095,0,,true,16,false,0,0,true,2.5161,0.0023,19200,2236,0,,,,,,0,,,0,0,2,22,22,0,767535678792,2.654,0,0.033,0,0,24,23,2400,true,0,0,0,0,0,0,12,12,19224,0,0,0,0,0,0,0,0,0,0,0,0,0,,0,0,0,0,0,0,0,0,0,0,0,0,0,0,0,0,0,0,,0,0,0,0,0,0,false,
24,25,21505,false,4,50,1.591,0,1.334,0,dynamic_visual_atlas_upload,,,cell_indirection_lut,1.205,2400,2400,0,0,-1,-1,,1991.701174,3.013,4.027,4.027,1,8,3,1.5,false,2,8.666,,,,,,,,,,,,,,,,,,,,,,,,,,,,,,,,,,,,,,,,,,0,0,0,0,false,0,0,,0,0,0,0,0,0,0,,,,,false,{},{},{},{},{},{},{},0,0,0.49,0,0,0.021,0,0,0,0,0,0.003,0,0,0,0,0,0,100,0,6.0785,14.029,0.017,5.5675,0,0,0,6,6,0,321,0,15,2,0,0,1,2400,0.021,0.025,0,ACTIVE,ACTIVE,,4095,4095,0,,true,16,false,0,0,true,3.0654,0.0015,21600,2236,0,,,,,,0,,,0,0,2,23,23,0,767535700547,5.203,0,0.031,0,0,25,24,2400,true,0,0,0,0,0,0,12,12,19224,0,0,0,0,0,0,0,0,0,0,0,0,0,,0,0,0,0,0,0,0,0,0,0,0,0,0,0,0,0,0,0,,0,0,0,0,0,0,false,
25,26,21527,false,4,50,2.321,0,1.977,0,dynamic_visual_atlas_upload,,,cell_indirection_lut,1.205,2400,2400,0,0,-1,-1,,1991.701174,3.013,4.027,4.027,1,8,3,1.5,false,2,8.666,,,,,,,,,,,,,,,,,,,,,,,,,,,,,,,,,,,,,,,,,,0,0,0,0,false,0,0,,0,0,0,0,0,0,0,,,,,false,{},{},{},{},{},{},{},0,0,0.467,0,0,0.024,0,0,0,0,0,0.004,0,0,0,0,0,0,100,0,7.279333,14.029,0.017,6.788333,0,0,0,6,6,0,321,0,15,2,0,0,1,2400,0.021,0.025,0,ACTIVE,ACTIVE,,4095,4095,0,,true,16,false,0,0,true,2.2044,0.0015,19200,2236,0,,,,,,0,,,0,0,2,24,24,0,767535721461,6.094,0,0.03,0,0,26,25,2400,true,0,0,0,0,0,0,12,12,21624,0,0,0,0,0,0,0,0,0,0,0,0,0,,0,0,0,0,0,0,0,0,0,0,0,0,0,0,0,0,0,0,,0,0,0,0,0,0,false,
26,27,21547,false,4,50,1.599,0,1.386,0,dynamic_visual_atlas_upload,,,cell_indirection_lut,1.205,2400,2400,0,0,-1,-1,,1991.701174,3.013,4.027,4.027,1,8,3,1.5,false,2,8.666,,,,,,,,,,,,,,,,,,,,,,,,,,,,,,,,,,,,,,,,,,0,0,0,0,false,0,0,,0,0,0,0,0,0,0,,,,,false,{},{},{},{},{},{},{},0,0,0.258,0,0,0.02,0,0,0,0,0,0.004,0,0,0,0,0,0,100,0,6.411,14.029,0.017,6.133,0,0,0,6,6,0,321,0,15,2,0,0,1,2400,0.021,0.025,0,ACTIVE,ACTIVE,,4095,4095,0,,true,16,false,0,0,true,1.9664,0.0012,19200,2236,0,,,,,,0,,,0,0,2,25,25,0,767535743160,3.627,0,0.038,0,0,27,26,2400,true,0,0,0,0,0,0,12,12,19224,0,0,0,0,0,0,0,0,0,0,0,0,0,,0,0,0,0,0,0,0,0,0,0,0,0,0,0,0,0,0,0,,0,0,0,0,0,0,false,
27,28,21568,false,4,50,1.854,0,1.565,0,dynamic_visual_atlas_upload,,,cell_indirection_lut,1.205,2400,2400,0,0,-1,-1,,1991.701174,3.013,4.027,4.027,1,8,3,1.5,false,2,8.666,,,,,,,,,,,,,,,,,,,,,,,,,,,,,,,,,,,,,,,,,,0,0,0,0,false,0,0,,0,0,0,0,0,0,0,,,,,false,{},{},{},{},{},{},{},0,0,0.377,0,0,0.022,0,0,0,0,0,0.004,0,0,0,0,0,0,100,0,7.116333,14.029,0.017,6.717333,0,0,0,6,6,0,321,0,15,2,0,0,1,2400,0.021,0.025,0,ACTIVE,ACTIVE,,4095,4095,0,,true,16,false,0,0,true,2.1656,0.0016,19200,2236,0,,,,,,0,,,0,0,2,26,26,0,767535764301,3.938,0,0.029,0,0,28,27,2400,true,0,0,0,0,0,0,12,12,19224,0,0,0,0,0,0,0,0,0,0,0,0,0,,0,0,0,0,0,0,0,0,0,0,0,0,0,0,0,0,0,0,,0,0,0,0,0,0,false,
28,29,21589,false,4,50,1.694,0,1.416,0,dynamic_visual_atlas_upload,,,cell_indirection_lut,1.205,2400,2400,0,0,-1,-1,,1991.701174,3.013,4.027,4.027,1,8,3,1.5,false,2,8.666,,,,,,,,,,,,,,,,,,,,,,,,,,,,,,,,,,,,,,,,,,0,0,0,0,false,0,0,,0,0,0,0,0,0,0,,,,,false,{},{},{},{},{},{},{},0,0,0.411,0,0,0.024,0,0,0,0,0,0.004,0,0,0,0,0,0,100,0,6.887333,14.029,0.017,6.452333,0,0,0,6,6,0,321,0,15,2,0,0,1,2400,0.021,0.025,0,ACTIVE,ACTIVE,,4095,4095,0,,true,16,false,0,0,true,2.8799,0.0019,52800,2236,0,,,,,,0,,,0,0,2,27,27,0,767535785883,3.042,0,0.032,0,0,29,28,2400,true,0,0,0,0,0,0,12,12,19224,0,0,0,0,0,0,0,0,0,0,0,0,0,,0,0,0,0,0,0,0,0,0,0,0,0,0,0,0,0,0,0,,0,0,0,0,0,0,false,
29,30,21621,false,4,50,2.966,0,2.511,0,dynamic_visual_atlas_upload,,,cell_indirection_lut,1.205,2400,2400,0,0,-1,-1,,1991.701174,3.013,4.027,4.027,1,8,3,1.5,false,2,8.666,,,,,,,,,,,,,,,,,,,,,,,,,,,,,,,,,,,,,,,,,,0,0,0,0,false,0,0,,0,0,0,0,0,0,0,,,,,false,{},{},{},{},{},{},{},0,3.678,3.87,0,0,0.021,0,0,0,0,0,0.004,0,0,0,0,0,0,100,0,8.00675,14.029,0.017,4.11575,0,0,0,6,6,0,321,0,15,2,0,0,1,2400,0.021,0.025,0,ACTIVE,ACTIVE,,4095,4095,0,,true,16,false,0,0,true,2.4236,0.0015,19200,2236,0,,,,,,0,,,0,0,2,28,28,0,767535810173,10.995,0,0.037,0,0,31,30,2400,true,0,0,0,0,0,0,12,12,52824,0,0,0,0,0,0,0,0,0,0,0,0,0,,0,0,0,0,0,0,0,0,0,0,0,0,0,0,0,0,0,0,,0,0,0,0,0,0,false,
30,31,21640,false,4,50,1.522,0,1.379,0,dynamic_visual_atlas_upload,,,cell_indirection_lut,1.205,2400,2400,0,0,-1,-1,,1991.701174,3.013,4.027,4.027,1,8,3,1.5,false,2,8.666,,,,,,,,,,,,,,,,,,,,,,,,,,,,,,,,,,,,,,,,,,0,0,0,0,false,0,0,,0,0,0,0,0,0,0,,,,,false,{},{},{},{},{},{},{},0,3.618,3.815,0,0,0.021,0,0,0,0,0,0.003,0,0,0,0,0,0,100,0,6.310333,14.029,0.017,2.474333,0,0,0,6,6,0,321,0,15,2,0,0,1,2400,0.021,0.025,0,ACTIVE,ACTIVE,,4095,4095,0,,true,16,false,0,0,true,2.6231,0.0021,21600,2236,0,,,,,,0,,,0,0,2,29,29,0,767535832436,7.432,0,0.046,0,0,32,31,2400,true,0,0,0,0,0,0,12,12,19224,0,0,0,0,0,0,0,0,0,0,0,0,0,,0,0,0,0,0,0,0,0,0,0,0,0,0,0,0,0,0,0,,0,0,0,0,0,0,false,
31,32,21663,false,4,50,2.001,0,1.701,0,dynamic_visual_atlas_upload,,,cell_indirection_lut,1.205,2400,2400,0,0,-1,-1,,1991.701174,3.013,4.027,4.027,1,8,3,1.5,false,2,8.666,,,,,,,,,,,,,,,,,,,,,,,,,,,,,,,,,,,,,,,,,,0,0,0,0,false,0,0,,0,0,0,0,0,0,0,,,,,false,{},{},{},{},{},{},{},0.001,4.832,5.061,0,0,0.029,0,0,0,0,0,0.004,0,0,0,0,0,0,100,0,7.764333,14.029,0.017,2.674333,0,0,0,6,6,0,321,0,15,2,0,0,1,2400,0.021,0.025,0,ACTIVE,ACTIVE,,4095,4095,0,,true,16,false,0,0,true,2.5552,0.0021,19200,2234,0,,,,,,0,,,0,0,2,30,30,0,767535856928,6.301,0,0.031,0,0,33,32,2400,true,0,0,0,0,0,0,12,12,21624,0,0,0,0,0,0,0,0,0,0,0,0,0,,0,0,0,0,0,0,0,0,0,0,0,0,0,0,0,0,0,0,,0,0,0,0,0,0,false,
32,33,21686,false,4,50,2.253,0,2.001,0,dynamic_visual_atlas_upload,,,cell_indirection_lut,1.205,2400,2400,0,0,-1,-1,,1991.701174,3.013,4.027,4.027,1,8,3,1.5,false,2,8.666,,,,,,,,,,,,,,,,,,,,,,,,,,,,,,,,,,,,,,,,,,0,0,0,0,false,0,0,,0,0,0,0,0,0,0,,,,,false,{},{},{},{},{},{},{},0,0.001,0.435,0,0,0.032,0,0,0,0,0,0.006,0,0,0,0,0,0,100,0,5.87325,14.029,0.017,5.40625,0,0,0,6,6,0,321,0,15,2,0,0,1,2400,0.021,0.025,0,ACTIVE,ACTIVE,,4095,4095,0,,true,16,false,0,0,true,2.0608,0.0015,19200,1319,0,,,,,,0,,,0,0,2,31,31,0,767535881765,4.794,0,0.034,0,0,34,33,2400,true,0,0,0,0,0,0,12,12,19224,0,0,0,0,0,0,0,0,0,0,0,0,0,,0,0,0,0,0,0,0,0,0,0,0,0,0,0,0,0,0,0,,0,0,0,0,0,0,false,
33,34,21706,false,4,50,2.273,0,1.986,0,dynamic_visual_atlas_upload,,,cell_indirection_lut,1.205,2400,2400,0,0,-1,-1,,1991.701174,3.013,4.027,4.027,1,8,3,1.5,false,2,8.666,,,,,,,,,,,,,,,,,,,,,,,,,,,,,,,,,,,,,,,,,,0,0,0,0,false,0,0,,0,0,0,0,0,0,0,,,,,false,{},{},{},{},{},{},{},0,0,0.265,0,0,0.021,0,0,0,0,0,0.003,0,0,0,0,0,0,100,0,6.607333,14.029,0.017,6.321333,0,0,0,6,6,0,321,0,15,2,0,0,1,2400,0.021,0.025,0,ACTIVE,ACTIVE,,4095,4095,0,,true,16,false,0,0,true,1.9734,0.0017,19200,2234,0,,,,,,0,,,0,0,2,32,32,0,767535902740,3.768,0,0.03,0,0,35,34,2400,true,0,0,0,0,0,0,12,12,19224,0,0,0,0,0,0,0,0,0,0,0,0,0,,0,0,0,0,0,0,0,0,0,0,0,0,0,0,0,0,0,0,,0,0,0,0,0,0,false,
34,35,21726,false,4,50,1.591,0,1.379,0,dynamic_visual_atlas_upload,,,cell_indirection_lut,1.205,2400,2400,0,0,-1,-1,,1991.701174,3.013,4.027,4.027,1,8,3,1.5,false,2,8.666,,,,,,,,,,,,,,,,,,,,,,,,,,,,,,,,,,,,,,,,,,0,0,0,0,false,0,0,,0,0,0,0,0,0,0,,,,,false,{},{},{},{},{},{},{},0,0,0.324,0,0,0.042,0,0,0,0,0,0.007,0,0,0,0,0,0,100,0,6.726,14.029,0.017,6.36,0,0,0,6,6,0,321,0,15,2,0,0,1,2400,0.021,0.025,0,ACTIVE,ACTIVE,,4095,4095,0,,true,16,false,0,0,true,2.0726,0.0018,19200,2234,0,,,,,,0,,,0,0,2,33,33,0,767535923240,3.293,0,0.046,0,0,36,35,2400,true,0,0,0,0,0,0,12,12,19224,0,0,0,0,0,0,0,0,0,0,0,0,0,,0,0,0,0,0,0,0,0,0,0,0,0,0,0,0,0,0,0,,0,0,0,0,0,0,false,
35,36,21747,false,4,50,1.531,0,1.34,0,dynamic_visual_atlas_upload,,,cell_indirection_lut,1.205,2400,2400,0,0,-1,-1,,1991.701174,3.013,4.027,4.027,1,8,3,1.5,false,2,8.666,,,,,,,,,,,,,,,,,,,,,,,,,,,,,,,,,,,,,,,,,,0,0,0,0,false,0,0,,0,0,0,0,0,0,0,,,,,false,{},{},{},{},{},{},{},0,0,0.256,0,0,0.02,0,0,0,0,0,0.003,0,0,0,0,0,0,100,0,6.775667,14.029,0.017,6.499667,0,0,0,6,6,0,321,0,15,2,0,0,1,2400,0.021,0.025,0,ACTIVE,ACTIVE,,4095,4095,0,,true,16,false,0,0,true,1.9138,0.001,19200,1513,0,,,,,,0,,,0,0,2,34,34,0,767535943541,3.318,0,0.03,0,0,37,36,2400,true,0,0,0,0,0,0,12,12,19224,0,0,0,0,0,0,0,0,0,0,0,0,0,,0,0,0,0,0,0,0,0,0,0,0,0,0,0,0,0,0,0,,0,0,0,0,0,0,false,
36,37,21767,false,4,50,1.537,0,1.347,0,dynamic_visual_atlas_upload,,,cell_indirection_lut,1.205,2400,2400,0,0,-1,-1,,1991.701174,3.013,4.027,4.027,1,8,3,1.5,false,2,8.666,,,,,,,,,,,,,,,,,,,,,,,,,,,,,,,,,,,,,,,,,,0,0,0,0,false,0,0,,0,0,0,0,0,0,0,,,,,false,{},{},{},{},{},{},{},0,0,0.166,0,0,0.013,0,0,0,0,0,0.002,0,0,0,0,0,0,100,0,6.840667,14.029,0.017,6.661667,0,0,0,6,6,0,321,0,15,2,0,0,1,2400,0.021,0.025,0,ACTIVE,ACTIVE,,4095,4095,0,,true,16,false,0,0,true,3.4051,0.0014,55200,2234,0,,,,,,0,,,0,0,2,35,35,0,767535963627,3.755,0,0.029,0,0,38,37,2400,true,0,0,0,0,0,0,12,12,19224,0,0,0,0,0,0,0,0,0,0,0,0,0,,0,0,0,0,0,0,0,0,0,0,0,0,0,0,0,0,0,0,,0,0,0,0,0,0,false,
37,38,21788,false,4,50,1.459,0,1.278,0,dynamic_visual_atlas_upload,,,cell_indirection_lut,1.205,2400,2400,0,0,-1,-1,,1991.701174,3.013,4.027,4.027,1,8,3,1.5,false,2,8.666,,,,,,,,,,,,,,,,,,,,,,,,,,,,,,,,,,,,,,,,,,0,0,0,0,false,0,0,,0,0,0,0,0,0,0,,,,,false,{},{},{},{},{},{},{},0,0,0.241,0,0,0.029,0,0,0,0,0,0.005,0,0,0,0,0,0,100,0,6.944,14.029,0.017,6.674,0,0,0,6,6,0,321,0,15,2,0,0,1,2400,0.021,0.025,0,ACTIVE,ACTIVE,,4095,4095,0,,true,16,false,0,0,true,1.8616,0.0012,19200,2234,0,,,,,,0,,,0,0,2,36,36,0,767535985273,2.963,0,0.029,0,0,39,38,2400,true,0,0,0,0,0,0,12,12,55224,0,0,0,0,0,0,0,0,0,0,0,0,0,,0,0,0,0,0,0,0,0,0,0,0,0,0,0,0,0,0,0,,0,0,0,0,0,0,false,
38,39,21809,false,4,50,1.464,0,1.273,0,dynamic_visual_atlas_upload,,,cell_indirection_lut,1.205,2400,2400,0,0,-1,-1,,1991.701174,3.013,4.027,4.027,1,8,3,1.5,false,2,8.666,,,,,,,,,,,,,,,,,,,,,,,,,,,,,,,,,,,,,,,,,,0,0,0,0,false,0,0,,0,0,0,0,0,0,0,,,,,false,{},{},{},{},{},{},{},0,0,0.259,0,0,0.021,0,0,0,0,0,0.003,0,0,0,0,0,0,100,0,6.986,14.029,0.017,6.706,0,0,0,6,6,0,321,0,15,2,0,0,1,2400,0.021,0.025,0,ACTIVE,ACTIVE,,4095,4095,0,,true,16,false,0,0,true,2.1054,0.0014,19200,1722,0,,,,,,0,,,0,0,2,37,37,0,767536005303,3.877,0,0.028,0,0,40,39,2400,true,0,0,0,0,0,0,12,12,19224,0,0,0,0,0,0,0,0,0,0,0,0,0,,0,0,0,0,0,0,0,0,0,0,0,0,0,0,0,0,0,0,,0,0,0,0,0,0,false,
39,40,21833,false,4,50,1.578,0,1.357,0,dynamic_visual_atlas_upload,,,cell_indirection_lut,1.205,2400,2400,0,0,-1,-1,,1991.701174,3.013,4.027,4.027,1,8,3,1.5,false,2,8.666,,,,,,,,,,,,,,,,,,,,,,,,,,,,,,,,,,,,,,,,,,0,0,0,0,false,0,0,,0,0,0,0,0,0,0,,,,,false,{},{},{},{},{},{},{},0,3.94,4.12,0,0,0.016,0,0,0,0,0,0.002,0,0,0,0,0,0,100,0,7.986333,14.029,0.017,3.850333,0,0,0,6,6,0,321,0,15,2,0,0,1,2400,0.021,0.025,0,ACTIVE,ACTIVE,,4095,4095,0,,true,16,false,0,0,true,2.2,0.0016,19200,2234,0,,,,,,0,,,0,0,2,38,38,0,767536026605,6.656,0,0.033,0,0,42,41,2400,true,0,0,0,0,0,0,12,12,19224,0,0,0,0,0,0,0,0,0,0,0,0,0,,0,0,0,0,0,0,0,0,0,0,0,0,0,0,0,0,0,0,,0,0,0,0,0,0,false,
40,41,21857,false,4,50,1.49,0,1.335,0,dynamic_visual_atlas_upload,,,cell_indirection_lut,1.205,2400,2400,0,0,-1,-1,,1991.701174,3.013,4.027,4.027,1,8,3,1.5,false,2,8.666,,,,,,,,,,,,,,,,,,,,,,,,,,,,,,,,,,,,,,,,,,0,0,0,0,false,0,0,,0,0,0,0,0,0,0,,,,,false,{},{},{},{},{},{},{},0,7.21,7.385,0,0,0.031,0,0,0,0,0,0.005,0,0,0,0,0,0,100,0,8.041,14.029,0.017,0.625,0,0,0,6,6,0,321,0,15,2,0,0,1,2400,0.021,0.025,0,ACTIVE,ACTIVE,,4095,4095,0,,true,16,false,0,0,true,1.8617,0.0012,19200,2234,0,,,,,,0,,,0,0,2,39,39,0,767536047428,9.84,0,0.085,0,0,43,42,2400,true,0,0,0,0,0,0,12,12,19224,0,0,0,0,0,0,0,0,0,0,0,0,0,,0,0,0,0,0,0,0,0,0,0,0,0,0,0,0,0,0,0,,0,0,0,0,0,0,false,
41,42,21874,false,4,50,1.423,0,1.283,0,dynamic_visual_atlas_upload,,,cell_indirection_lut,1.205,2400,2400,0,0,-1,-1,,1991.701174,3.013,4.027,4.027,1,8,3,1.5,false,2,8.666,,,,,,,,,,,,,,,,,,,,,,,,,,,,,,,,,,,,,,,,,,0,0,0,0,false,0,0,,0,0,0,0,0,0,0,,,,,false,{},{},{},{},{},{},{},0,3.431,3.622,0,0,0.019,0,0,0,0,0,0.003,0,0,0,0,0,0,100,0,5.594667,14.029,0.017,1.953667,0,0,0,6,6,0,321,0,15,2,0,0,1,2400,0.021,0.025,0,ACTIVE,ACTIVE,,4095,4095,0,,true,16,false,0,0,true,1.9543,0.0012,19200,2234,0,,,,,,0,,,0,0,2,40,40,0,767536067106,6.918,0,0.03,0,0,44,43,2400,true,0,0,0,0,0,0,12,12,19224,0,0,0,0,0,0,0,0,0,0,0,0,0,,0,0,0,0,0,0,0,0,0,0,0,0,0,0,0,0,0,0,,0,0,0,0,0,0,false,
42,43,21895,false,4,50,1.41,0,1.276,0,dynamic_visual_atlas_upload,,,cell_indirection_lut,1.205,2400,2400,0,0,-1,-1,,1991.701174,3.013,4.027,4.027,1,8,3,1.5,false,2,8.666,,,,,,,,,,,,,,,,,,,,,,,,,,,,,,,,,,,,,,,,,,0,0,0,0,false,0,0,,0,0,0,0,0,0,0,,,,,false,{},{},{},{},{},{},{},0,4.397,4.573,0,0,0.017,0,0,0,0,0,0.003,0,0,0,0,0,0,100,0,7.172333,14.029,0.017,2.582333,0,0,0,6,6,0,321,0,15,2,0,0,1,2400,0.021,0.025,0,ACTIVE,ACTIVE,,4095,4095,0,,true,16,false,0,0,true,3.7001,0.0017,21600,2234,0,,,,,,0,,,0,0,2,41,41,0,767536087731,7.835,0,0.047,0,0,45,44,2400,true,0,0,0,0,0,0,12,12,19224,0,0,0,0,0,0,0,0,0,0,0,0,0,,0,0,0,0,0,0,0,0,0,0,0,0,0,0,0,0,0,0,,0,0,0,0,0,0,false,
43,44,21916,false,4,50,1.491,0,1.343,0,dynamic_visual_atlas_upload,,,cell_indirection_lut,1.205,2400,2400,0,0,-1,-1,,1991.701174,3.013,4.027,4.027,1,8,3,1.5,false,2,8.666,,,,,,,,,,,,,,,,,,,,,,,,,,,,,,,,,,,,,,,,,,0,0,0,0,false,0,0,,0,0,0,0,0,0,0,,,,,false,{},{},{},{},{},{},{},0,3.951,4.166,0,0,0.036,0,0,0,0,0,0.006,0,0,0,0,0,0,100,0,6.863333,14.029,0.017,2.661333,0,0,0,6,6,0,321,0,15,2,0,0,1,2400,0.021,0.025,0,ACTIVE,ACTIVE,,4095,4095,0,,true,16,false,0,0,true,2.1065,0.0023,19200,2234,0,,,,,,0,,,0,0,2,42,42,0,767536109555,6.658,0,0.027,0,0,46,45,2400,true,0,0,0,0,0,0,12,12,21624,0,0,0,0,0,0,0,0,0,0,0,0,0,,0,0,0,0,0,0,0,0,0,0,0,0,0,0,0,0,0,0,,0,0,0,0,0,0,false,
44,45,21937,false,4,50,1.928,0,1.708,0,dynamic_visual_atlas_upload,,,cell_indirection_lut,1.205,2400,2400,0,0,-1,-1,,1991.701174,3.013,4.027,4.027,1,8,3,1.5,false,2,8.666,,,,,,,,,,,,,,,,,,,,,,,,,,,,,,,,,,,,,,,,,,0,0,0,0,false,0,0,,0,0,0,0,0,0,0,,,,,false,{},{},{},{},{},{},{},0,3.437,3.62,0,0,0.029,0,0,0,0,0,0.004,0,0,0,0,0,0,100,0,7.056333,14.029,0.017,3.407333,0,0,0,6,6,0,321,0,15,2,0,0,1,2400,0.021,0.025,0,ACTIVE,ACTIVE,,4095,4095,0,,true,16,false,0,0,true,2.6738,0.0012,52800,2234,0,,,,,,0,,,0,0,2,43,43,0,767536130379,6.982,0,0.03,0,0,47,46,2400,true,0,0,0,0,0,0,12,12,19224,0,0,0,0,0,0,0,0,0,0,0,0,0,,0,0,0,0,0,0,0,0,0,0,0,0,0,0,0,0,0,0,,0,0,0,0,0,0,false,
45,46,21957,false,4,50,1.439,0,1.262,0,dynamic_visual_atlas_upload,,,cell_indirection_lut,1.205,2400,2400,0,0,-1,-1,,1991.701174,3.013,4.027,4.027,1,8,3,1.5,false,2,8.666,,,,,,,,,,,,,,,,,,,,,,,,,,,,,,,,,,,,,,,,,,0,0,0,0,false,0,0,,0,0,0,0,0,0,0,,,,,false,{},{},{},{},{},{},{},0,3.563,3.744,0,0,0.02,0,0,0,0,0,0.002,0,0,0,0,0,0,100,0,6.529,14.029,0.017,2.765,0,0,0,6,6,0,321,0,15,2,0,0,1,2400,0.021,0.025,0,ACTIVE,ACTIVE,,4095,4095,0,,true,16,false,0,0,true,2.029,0.0012,19200,2234,0,,,,,,0,,,0,0,2,44,44,0,767536150787,6.174,0,0.029,0,0,48,47,2400,true,0,0,0,0,0,0,12,12,52824,0,0,0,0,0,0,0,0,0,0,0,0,0,,0,0,0,0,0,0,0,0,0,0,0,0,0,0,0,0,0,0,,0,0,0,0,0,0,false,
46,47,21977,false,4,50,1.394,0,1.269,0,dynamic_visual_atlas_upload,,,cell_indirection_lut,1.205,2400,2400,0,0,-1,-1,,1991.701174,3.013,4.027,4.027,1,8,3,1.5,false,2,8.666,,,,,,,,,,,,,,,,,,,,,,,,,,,,,,,,,,,,,,,,,,0,0,0,0,false,0,0,,0,0,0,0,0,0,0,,,,,false,{},{},{},{},{},{},{},0.001,3.464,3.643,0,0,0.02,0,0,0,0,0,0.003,0,0,0,0,0,0,100,0,6.869667,14.029,0.017,3.206667,0,0,0,6,6,0,321,0,15,2,0,0,1,2400,0.021,0.025,0,ACTIVE,ACTIVE,,4095,4095,0,,true,16,false,0,0,true,1.8836,0.0009,19200,2234,0,,,,,,0,,,0,0,2,45,45,0,767536171490,6.045,0,0.03,0,0,49,48,2400,true,0,0,0,0,0,0,12,12,19224,0,0,0,0,0,0,0,0,0,0,0,0,0,,0,0,0,0,0,0,0,0,0,0,0,0,0,0,0,0,0,0,,0,0,0,0,0,0,false,
47,48,22003,false,4,50,2.697,0,2.33,0,dynamic_visual_atlas_upload,,,cell_indirection_lut,1.205,2400,2400,0,0,-1,-1,,1991.701174,3.013,4.027,4.027,1,8,3,1.5,false,2,8.666,,,,,,,,,,,,,,,,,,,,,,,,,,,,,,,,,,,,,,,,,,0,0,0,0,false,0,0,,0,0,0,0,0,0,0,,,,,false,{},{},{},{},{},{},{},0,5.973,6.346,0,0,0.037,0,0,0,0,0,0.006,0,0,0,0,0,0,100,0,8.485,14.029,0.017,2.102,0,0,0,6,6,0,321,0,15,2,0,0,1,2400,0.021,0.025,0,ACTIVE,ACTIVE,,4095,4095,0,,true,16,false,0,0,true,2.7965,0.0015,19200,2236,0,,,,,,0,,,0,0,2,46,46,0,767536191711,11.652,0,0.028,0,0,50,49,2400,true,0,0,0,0,0,0,12,12,19224,0,0,0,0,0,0,0,0,0,0,0,0,0,,0,0,0,0,0,0,0,0,0,0,0,0,0,0,0,0,0,0,,0,0,0,0,0,0,false,
48,49,22023,false,144,50,1.551,0,1.365,0,dynamic_visual_atlas_upload,,,cell_indirection_lut,1.205,2400,2400,0,0,-1,-1,,1991.701174,3.013,4.027,4.027,1,8,3,1.5,false,2,8.666,,,,,,,,,,,,,,,,,,,,,,,,,,,,,,,,,,,,,,,,,,0,0,0,0,false,0,0,,0,0,0,0,0,0,0,,,,,false,{},{},{},{},{},{},{},0,0,0.258,0,0,0.022,0,0,0,0,0,0.004,0,0,0,0,0,0,100,0,5.02425,12.522,0.088,4.74425,0,0,0,6,6,0,321,0,15,2,0,0,1,2400,0.021,0.025,0,ACTIVE,ACTIVE,,4095,4095,0,,true,16,false,0,0,true,2.7581,0.0016,21600,2236,0,,,,,,0,,,0,0,2,47,47,0,767536215831,7.238,0,0.036,0,0,51,50,2400,true,0,0,0,0,0,0,12,12,19224,0,0,0,0,0,0,0,0,0,0,0,0,0,,0,0,0,0,0,0,0,0,0,0,0,0,0,0,0,0,0,0,,0,0,0,0,0,0,false,
49,50,22043,false,144,50,1.486,0,1.309,0,dynamic_visual_atlas_upload,,,cell_indirection_lut,1.205,2400,2400,0,0,-1,-1,,1991.701174,3.013,4.027,4.027,1,8,3,1.5,false,2,8.666,,,,,,,,,,,,,,,,,,,,,,,,,,,,,,,,,,,,,,,,,,0,0,0,0,false,0,0,,0,0,0,0,0,0,0,,,,,false,{},{},{},{},{},{},{},0,0,0.221,0,0,0.018,0,0,0,0,0,0.003,0,0,0,0,0,0,100,0,6.769333,12.522,0.088,6.530333,0,0,0,6,6,0,321,0,15,2,0,0,1,2400,0.021,0.025,0,ACTIVE,ACTIVE,,4095,4095,0,,true,16,false,0,0,true,1.9394,0.001,19200,2236,0,,,,,,0,,,0,0,2,48,48,0,767536236624,6.743,0,0.03,0,0,52,51,2400,true,0,0,0,0,0,0,12,12,21624,0,0,0,0,0,0,0,0,0,0,0,0,0,,0,0,0,0,0,0,0,0,0,0,0,0,0,0,0,0,0,0,,0,0,0,0,0,0,false,
50,51,22064,false,144,50,1.523,0,1.33,0,dynamic_visual_atlas_upload,,,cell_indirection_lut,1.205,2400,2400,0,0,-1,-1,,1991.701174,3.013,4.027,4.027,1,8,3,1.5,false,2,8.666,,,,,,,,,,,,,,,,,,,,,,,,,,,,,,,,,,,,,,,,,,0,0,0,0,false,0,0,,0,0,0,0,0,0,0,,,,,false,{},{},{},{},{},{},{},0,0,0.243,0,0,0.018,0,0,0,0,0,0.003,0,0,0,0,0,0,100,0,6.992667,12.522,0.088,6.731667,0,0,0,6,6,0,321,0,15,2,0,0,1,2400,0.021,0.025,0,ACTIVE,ACTIVE,,4095,4095,0,,true,16,false,0,0,true,2.9979,0.0016,19200,2226,0,,,,,,0,,,0,0,2,49,49,0,767536257419,6.928,0,0.029,0,0,53,52,2400,true,0,0,0,0,0,0,12,12,19224,0,0,0,0,0,0,0,0,0,0,0,0,0,,0,0,0,0,0,0,0,0,0,0,0,0,0,0,0,0,0,0,,0,0,0,0,0,0,false,
51,52,22085,false,144,50,1.589,0,1.39,0,dynamic_visual_atlas_upload,,,cell_indirection_lut,1.205,2400,2400,0,0,-1,-1,,1991.701174,3.013,4.027,4.027,1,8,3,1.5,false,2,8.666,,,,,,,,,,,,,,,,,,,,,,,,,,,,,,,,,,,,,,,,,,0,0,0,0,false,0,0,,0,0,0,0,0,0,0,,,,,false,{},{},{},{},{},{},{},0,0,0.263,0,0,0.02,0,0,0,0,0,0.003,0,0,0,0,0,0,100,0,6.892667,12.522,0.088,6.609667,0,0,0,6,6,0,321,0,15,2,0,0,1,2400,0.021,0.025,0,ACTIVE,ACTIVE,,4095,4095,0,,true,16,false,0,0,true,1.9268,0.0014,19200,2089,0,,,,,,0,,,0,0,2,50,50,0,767536279821,5.226,0,0.029,0,0,54,53,2400,true,0,0,0,0,0,0,12,12,19224,0,0,0,0,0,0,0,0,0,0,0,0,0,,0,0,0,0,0,0,0,0,0,0,0,0,0,0,0,0,0,0,,0,0,0,0,0,0,false,
52,53,22105,false,144,50,1.457,0,1.296,0,dynamic_visual_atlas_upload,,,cell_indirection_lut,1.205,2400,2400,0,0,-1,-1,,1991.701174,3.013,4.027,4.027,1,8,3,1.5,false,2,8.666,,,,,,,,,,,,,,,,,,,,,,,,,,,,,,,,,,,,,,,,,,0,0,0,0,false,0,0,,0,0,0,0,0,0,0,,,,,false,{},{},{},{},{},{},{},0,0,0.161,0,0,0.014,0,0,0,0,0,0.003,0,0,0,0,0,0,100,0,6.733,12.522,0.088,6.558,0,0,0,6,6,0,321,0,15,2,0,0,1,2400,0.021,0.025,0,ACTIVE,ACTIVE,,4095,4095,0,,true,16,false,0,0,true,2.4836,0.001,52800,2236,0,,,,,,0,,,0,0,2,51,51,0,767536299748,5.466,0,0.031,0,0,55,54,2400,true,0,0,0,0,0,0,12,12,19224,0,0,0,0,0,0,0,0,0,0,0,0,0,,0,0,0,0,0,0,0,0,0,0,0,0,0,0,0,0,0,0,,0,0,0,0,0,0,false,
53,54,22126,false,144,50,1.478,0,1.291,0,dynamic_visual_atlas_upload,,,cell_indirection_lut,1.205,2400,2400,0,0,-1,-1,,1991.701174,3.013,4.027,4.027,1,8,3,1.5,false,2,8.666,,,,,,,,,,,,,,,,,,,,,,,,,,,,,,,,,,,,,,,,,,0,0,0,0,false,0,0,,0,0,0,0,0,0,0,,,,,false,{},{},{},{},{},{},{},0,0,0.249,0,0,0.018,0,0,0,0,0,0.003,0,0,0,0,0,0,100,0,7.069667,12.522,0.088,6.802667,0,0,0,6,6,0,321,0,15,2,0,0,1,2400,0.021,0.025,0,ACTIVE,ACTIVE,,4095,4095,0,,true,16,false,0,0,true,2.0896,0.0015,19200,2236,0,,,,,,0,,,0,0,2,52,52,0,767536319870,6.554,0,0.028,0,0,56,55,2400,true,0,0,0,0,0,0,12,12,52824,0,0,0,0,0,0,0,0,0,0,0,0,0,,0,0,0,0,0,0,0,0,0,0,0,0,0,0,0,0,0,0,,0,0,0,0,0,0,false,
54,55,22147,false,144,50,1.699,0,1.339,0,dynamic_visual_atlas_upload,,,cell_indirection_lut,1.205,2400,2400,0,0,-1,-1,,1991.701174,3.013,4.027,4.027,1,8,3,1.5,false,2,8.666,,,,,,,,,,,,,,,,,,,,,,,,,,,,,,,,,,,,,,,,,,0,0,0,0,false,0,0,,0,0,0,0,0,0,0,,,,,false,{},{},{},{},{},{},{},0,0.001,0.238,0,0,0.025,0,0,0,0,0,0.005,0,0,0,0,0,0,100,0,6.894667,12.522,0.088,6.631667,0,0,0,6,6,0,321,0,15,2,0,0,1,2400,0.021,0.025,0,ACTIVE,ACTIVE,,4095,4095,0,,true,16,false,0,0,true,2.4164,0.001,21600,2234,0,,,,,,0,,,0,0,2,53,53,0,767536339111,8.03,0,0.03,0,0,57,56,2400,true,0,0,0,0,0,0,12,12,19224,0,0,0,0,0,0,0,0,0,0,0,0,0,,0,0,0,0,0,0,0,0,0,0,0,0,0,0,0,0,0,0,,0,0,0,0,0,0,false,
55,56,22170,false,144,50,1.661,0,1.493,0,dynamic_visual_atlas_upload,,,cell_indirection_lut,1.205,2400,2400,0,0,-1,-1,,1991.701174,3.013,4.027,4.027,1,8,3,1.5,false,2,8.666,,,,,,,,,,,,,,,,,,,,,,,,,,,,,,,,,,,,,,,,,,0,0,0,0,false,0,0,,0,0,0,0,0,0,0,,,,,false,{},{},{},{},{},{},{},0,3.119,3.269,0,0,0.014,0,0,0,0,0,0.002,0,0,0,0,0,0,100,0,7.756667,12.522,0.088,4.473667,0,0,0,6,6,0,321,0,15,2,0,0,1,2400,0.021,0.025,0,ACTIVE,ACTIVE,,4095,4095,0,,true,16,false,0,0,true,1.8218,0.0009,19200,2122,0,,,,,,0,,,0,0,2,54,54,0,767536358844,11.535,0,0.028,0,0,59,58,2400,true,0,0,0,0,0,0,12,12,21624,0,0,0,0,0,0,0,0,0,0,0,0,0,,0,0,0,0,0,0,0,0,0,0,0,0,0,0,0,0,0,0,,0,0,0,0,0,0,false,
56,57,22181,false,144,50,1.431,0,1.264,0,dynamic_visual_atlas_upload,,,cell_indirection_lut,1.205,2400,2400,0,0,-1,-1,,1991.701174,3.013,4.027,4.027,1,8,3,1.5,false,2,8.666,,,,,,,,,,,,,,,,,,,,,,,,,,,,,,,,,,,,,,,,,,0,0,0,0,false,0,0,,0,0,0,0,0,0,0,,,,,false,{},{},{},{},{},{},{},0,0,0.219,0,0,0.018,0,0,0,0,0,0.003,0,0,0,0,0,0,100,0,5.4625,12.522,0.088,5.2255,0,0,0,6,6,0,321,0,15,2,0,0,1,2400,0.021,0.025,0,ACTIVE,ACTIVE,,4095,4095,0,,true,16,false,0,0,true,1.8847,0.001,19200,2236,0,,,,,,0,,,0,0,2,55,55,0,767536377544,3.764,0,0.028,0,0,59,58,2400,true,0,0,0,0,0,0,12,12,19224,0,0,0,0,0,0,0,0,0,0,0,0,0,,0,0,0,0,0,0,0,0,0,0,0,0,0,0,0,0,0,0,,0,0,0,0,0,0,false,
57,58,22202,false,144,50,1.603,0,1.413,0,dynamic_visual_atlas_upload,,,cell_indirection_lut,1.205,2400,2400,0,0,-1,-1,,1991.701174,3.013,4.027,4.027,1,8,3,1.5,false,2,8.666,,,,,,,,,,,,,,,,,,,,,,,,,,,,,,,,,,,,,,,,,,0,0,0,0,false,0,0,,0,0,0,0,0,0,0,,,,,false,{},{},{},{},{},{},{},0,0.001,0.187,0,0,0.015,0,0,0,0,0,0.003,0,0,0,0,0,0,100,0,6.979333,12.522,0.088,6.777333,0,0,0,6,6,0,321,0,15,2,0,0,1,2400,0.021,0.025,0,ACTIVE,ACTIVE,,4095,4095,0,,true,16,false,0,0,true,1.8216,0.001,19200,2236,0,,,,,,0,,,0,0,2,56,56,0,767536396465,5.808,0,0.026,0,0,60,59,2400,true,0,0,0,0,0,0,12,12,19224,0,0,0,0,0,0,0,0,0,0,0,0,0,,0,0,0,0,0,0,0,0,0,0,0,0,0,0,0,0,0,0,,0,0,0,0,0,0,false,
58,59,22223,false,144,50,1.521,0,1.336,0,dynamic_visual_atlas_upload,,,cell_indirection_lut,1.205,2400,2400,0,0,-1,-1,,1991.701174,3.013,4.027,4.027,1,8,3,1.5,false,2,8.666,,,,,,,,,,,,,,,,,,,,,,,,,,,,,,,,,,,,,,,,,,0,0,0,0,false,0,0,,0,0,0,0,0,0,0,,,,,false,{},{},{},{},{},{},{},0.001,0,0.257,0,0,0.02,0,0,0,0,0,0.003,0,0,0,0,0,0,100,0,6.935667,12.522,0.088,6.658667,0,0,0,6,6,0,321,0,15,2,0,0,1,2400,0.021,0.025,0,ACTIVE,ACTIVE,,4095,4095,0,,true,16,false,0,0,true,1.8859,0.001,19200,2235,0,,,,,,0,,,0,0,2,57,57,0,767536416826,6.292,0,0.031,0,0,61,60,2400,true,0,0,0,0,0,0,12,12,19224,0,0,0,0,0,0,0,0,0,0,0,0,0,,0,0,0,0,0,0,0,0,0,0,0,0,0,0,0,0,0,0,,0,0,0,0,0,0,false,
59,60,22243,false,144,50,1.482,0,1.308,0,dynamic_visual_atlas_upload,,,cell_indirection_lut,1.205,2400,2400,0,0,-1,-1,,1991.701174,3.013,4.027,4.027,1,8,3,1.5,false,2,8.666,,,,,,,,,,,,,,,,,,,,,,,,,,,,,,,,,,,,,,,,,,0,0,0,0,false,0,0,,0,0,0,0,0,0,0,,,,,false,{},{},{},{},{},{},{},0,0,0.242,0,0,0.018,0,0,0,0,0,0.003,0,0,0,0,0,0,100,0,6.823,12.522,0.088,6.563,0,0,0,6,6,0,321,0,15,2,0,0,1,2400,0.021,0.025,0,ACTIVE,ACTIVE,,4095,4095,0,,true,16,false,0,0,true,1.9871,0.0012,19200,2234,0,,,,,,0,,,0,0,2,58,58,0,767536435887,7.64,0,0.029,0,0,62,61,2400,true,0,0,0,0,0,0,12,12,19224,0,0,0,0,0,0,0,0,0,0,0,0,0,,0,0,0,0,0,0,0,0,0,0,0,0,0,0,0,0,0,0,,0,0,0,0,0,0,false,
60,61,22264,false,144,50,1.486,0,1.312,0,dynamic_visual_atlas_upload,,,cell_indirection_lut,1.205,2400,2400,0,0,-1,-1,,1991.701174,3.013,4.027,4.027,1,8,3,1.5,false,2,8.666,,,,,,,,,,,,,,,,,,,,,,,,,,,,,,,,,,,,,,,,,,0,0,0,0,false,0,0,,0,0,0,0,0,0,0,,,,,false,{},{},{},{},{},{},{},0.001,0,0.198,0,0,0.017,0,0,0,0,0,0.002,0,0,0,0,0,0,100,0,6.933,12.522,0.088,6.718,0,0,0,6,6,0,321,0,15,2,0,0,1,2400,0.021,0.025,0,ACTIVE,ACTIVE,,4095,4095,0,,true,16,false,0,0,true,3.4442,0.0009,55200,2236,0,,,,,,0,,,0,0,2,59,59,0,767536455990,8.382,0,0.029,0,0,63,62,2400,true,0,0,0,0,0,0,12,12,19224,0,0,0,0,0,0,0,0,0,0,0,0,0,,0,0,0,0,0,0,0,0,0,0,0,0,0,0,0,0,0,0,,0,0,0,0,0,0,false,
61,62,22285,false,144,50,1.775,0,1.562,0,dynamic_visual_atlas_upload,,,cell_indirection_lut,1.205,2400,2400,0,0,-1,-1,,1991.701174,3.013,4.027,4.027,1,8,3,1.5,false,2,8.666,,,,,,,,,,,,,,,,,,,,,,,,,,,,,,,,,,,,,,,,,,0,0,0,0,false,0,0,,0,0,0,0,0,0,0,,,,,false,{},{},{},{},{},{},{},0,0.001,0.322,0,0,0.019,0,0,0,0,0,0.003,0,0,0,0,0,0,100,0,7.014333,12.522,0.088,6.673333,0,0,0,6,6,0,321,0,15,2,0,0,1,2400,0.021,0.025,0,ACTIVE,ACTIVE,,4095,4095,0,,true,16,false,0,0,true,2.0284,0.0018,19200,2236,0,,,,,,0,,,0,0,2,60,60,0,767536477603,7.778,0,0.029,0,0,64,63,2400,true,0,0,0,0,0,0,12,12,55224,0,0,0,0,0,0,0,0,0,0,0,0,0,,0,0,0,0,0,0,0,0,0,0,0,0,0,0,0,0,0,0,,0,0,0,0,0,0,false,
62,63,22306,false,144,50,1.675,0,1.489,0,dynamic_visual_atlas_upload,,,cell_indirection_lut,1.205,2400,2400,0,0,-1,-1,,1991.701174,3.013,4.027,4.027,1,8,3,1.5,false,2,8.666,,,,,,,,,,,,,,,,,,,,,,,,,,,,,,,,,,,,,,,,,,0,0,0,0,false,0,0,,0,0,0,0,0,0,0,,,,,false,{},{},{},{},{},{},{},0,0,0.227,0,0,0.018,0,0,0,0,0,0.003,0,0,0,0,0,0,100,0,6.808667,12.522,0.088,6.563667,0,0,0,6,6,0,321,0,15,2,0,0,1,2400,0.021,0.025,0,ACTIVE,ACTIVE,,4095,4095,0,,true,16,false,0,0,true,1.9908,0.0009,24000,2234,0,,,,,,0,,,0,0,2,61,61,0,767536497176,8.623,0,0.03,0,0,65,64,2400,true,0,0,0,0,0,0,12,12,19224,0,0,0,0,0,0,0,0,0,0,0,0,0,,0,0,0,0,0,0,0,0,0,0,0,0,0,0,0,0,0,0,,0,0,0,0,0,0,false,
63,64,22319,false,144,50,1.449,0,1.304,0,dynamic_visual_atlas_upload,,,cell_indirection_lut,1.205,2400,2400,0,0,-1,-1,,1991.701174,3.013,4.027,4.027,1,8,3,1.5,false,2,8.666,,,,,,,,,,,,,,,,,,,,,,,,,,,,,,,,,,,,,,,,,,0,0,0,0,false,0,0,,0,0,0,0,0,0,0,,,,,false,{},{},{},{},{},{},{},0,0,0.2,0,0,0.016,0,0,0,0,0,0.002,0,0,0,0,0,0,100,0,6.709,12.522,0.088,6.493,0,0,0,6,6,0,321,0,15,2,0,0,1,2400,0.021,0.025,0,ACTIVE,ACTIVE,,4095,4095,0,,true,16,false,0,0,true,1.9205,0.001,19200,2233,0,,,,,,0,,,0,0,2,62,62,0,767536516810,2.383,0,0.03,0,0,66,65,2400,true,0,0,0,0,0,0,12,12,24024,0,0,0,0,0,0,0,0,0,0,0,0,0,,0,0,0,0,0,0,0,0,0,0,0,0,0,0,0,0,0,0,,0,0,0,0,0,0,false,
64,65,22340,false,144,50,1.781,0,1.55,0,dynamic_visual_atlas_upload,,,cell_indirection_lut,1.205,2400,2400,0,0,-1,-1,,1991.701174,3.013,4.027,4.027,1,8,3,1.5,false,2,8.666,,,,,,,,,,,,,,,,,,,,,,,,,,,,,,,,,,,,,,,,,,0,0,0,0,false,0,0,,0,0,0,0,0,0,0,,,,,false,{},{},{},{},{},{},{},0,0,0.232,0,0,0.02,0,0,0,0,0,0.003,0,0,0,0,0,0,100,0,7.058333,12.522,0.088,6.806333,0,0,0,6,6,0,321,0,15,2,0,0,1,2400,0.021,0.025,0,ACTIVE,ACTIVE,,4095,4095,0,,true,16,false,0,0,true,1.9314,0.0012,19200,2236,0,,,,,,0,,,0,0,2,63,63,0,767536536511,3.907,0,0.028,0,0,67,66,2400,true,0,0,0,0,0,0,12,12,19224,0,0,0,0,0,0,0,0,0,0,0,0,0,,0,0,0,0,0,0,0,0,0,0,0,0,0,0,0,0,0,0,,0,0,0,0,0,0,false,
65,66,22360,false,144,50,1.485,0,1.326,0,dynamic_visual_atlas_upload,,,cell_indirection_lut,1.205,2400,2400,0,0,-1,-1,,1991.701174,3.013,4.027,4.027,1,8,3,1.5,false,2,8.666,,,,,,,,,,,,,,,,,,,,,,,,,,,,,,,,,,,,,,,,,,0,0,0,0,false,0,0,,0,0,0,0,0,0,0,,,,,false,{},{},{},{},{},{},{},0,0,0.178,0,0,0.017,0,0,0,0,0,0.003,0,0,0,0,0,0,100,0,6.761,12.522,0.088,6.566,0,0,0,6,6,0,321,0,15,2,0,0,1,2400,0.021,0.025,0,ACTIVE,ACTIVE,,4095,4095,0,,true,16,false,0,0,true,2.5066,0.0019,19200,2236,0,,,,,,0,,,0,0,2,64,64,0,767536556214,4.463,0,0.031,0,0,68,67,2400,true,0,0,0,0,0,0,12,12,19224,0,0,0,0,0,0,0,0,0,0,0,0,0,,0,0,0,0,0,0,0,0,0,0,0,0,0,0,0,0,0,0,,0,0,0,0,0,0,false,
66,67,22381,false,144,50,1.499,0,1.342,0,dynamic_visual_atlas_upload,,,cell_indirection_lut,1.205,2400,2400,0,0,-1,-1,,1991.701174,3.013,4.027,4.027,1,8,3,1.5,false,2,8.666,,,,,,,,,,,,,,,,,,,,,,,,,,,,,,,,,,,,,,,,,,0,0,0,0,false,0,0,,0,0,0,0,0,0,0,,,,,false,{},{},{},{},{},{},{},0,0,0.185,0,0,0.018,0,0,0,0,0,0.002,0,0,0,0,0,0,100,0,6.922333,12.522,0.088,6.719333,0,0,0,6,6,0,321,0,15,2,0,0,1,2400,0.021,0.025,0,ACTIVE,ACTIVE,,4095,4095,0,,true,16,false,0,0,true,2.4063,0.001,21600,2236,0,,,,,,0,,,0,0,2,65,65,0,767536578566,2.898,0,0.029,0,0,69,68,2400,true,0,0,0,0,0,0,12,12,19224,0,0,0,0,0,0,0,0,0,0,0,0,0,,0,0,0,0,0,0,0,0,0,0,0,0,0,0,0,0,0,0,,0,0,0,0,0,0,false,
67,68,22402,false,144,50,1.631,0,1.411,0,dynamic_visual_atlas_upload,,,cell_indirection_lut,1.205,2400,2400,0,0,-1,-1,,1991.701174,3.013,4.027,4.027,1,8,3,1.5,false,2,8.666,,,,,,,,,,,,,,,,,,,,,,,,,,,,,,,,,,,,,,,,,,0,0,0,0,false,0,0,,0,0,0,0,0,0,0,,,,,false,{},{},{},{},{},{},{},0,0,0.268,0,0,0.019,0,0,0,0,0,0.003,0,0,0,0,0,0,100,0,7.010333,12.522,0.088,6.723333,0,0,0,6,6,0,321,0,15,2,0,0,1,2400,0.021,0.025,0,ACTIVE,ACTIVE,,4095,4095,0,,true,16,false,0,0,true,1.9467,0.0012,19200,2231,0,,,,,,0,,,0,0,2,66,66,0,767536598331,4.184,0,0.031,0,0,70,69,2400,true,0,0,0,0,0,0,12,12,21624,0,0,0,0,0,0,0,0,0,0,0,0,0,,0,0,0,0,0,0,0,0,0,0,0,0,0,0,0,0,0,0,,0,0,0,0,0,0,false,
68,69,22423,false,144,50,1.533,0,1.328,0,dynamic_visual_atlas_upload,,,cell_indirection_lut,1.205,2400,2400,0,0,-1,-1,,1991.701174,3.013,4.027,4.027,1,8,3,1.5,false,2,8.666,,,,,,,,,,,,,,,,,,,,,,,,,,,,,,,,,,,,,,,,,,0,0,0,0,false,0,0,,0,0,0,0,0,0,0,,,,,false,{},{},{},{},{},{},{},0,0.001,0.273,0,0,0.019,0,0,0,0,0,0.003,0,0,0,0,0,0,100,0,6.869667,12.522,0.088,6.577667,0,0,0,6,6,0,321,0,15,2,0,0,1,2400,0.021,0.025,0,ACTIVE,ACTIVE,,4095,4095,0,,true,16,false,0,0,true,3.4225,0.0028,52800,2236,0,,,,,,0,,,0,0,2,67,67,0,767536618493,4.623,0,0.03,0,0,71,70,2400,true,0,0,0,0,0,0,12,12,19224,0,0,0,0,0,0,0,0,0,0,0,0,0,,0,0,0,0,0,0,0,0,0,0,0,0,0,0,0,0,0,0,,0,0,0,0,0,0,false,
69,70,22454,false,144,50,1.654,0,1.407,0,dynamic_visual_atlas_upload,,,cell_indirection_lut,1.205,2400,2400,0,0,-1,-1,,1991.701174,3.013,4.027,4.027,1,8,3,1.5,false,2,8.666,,,,,,,,,,,,,,,,,,,,,,,,,,,,,,,,,,,,,,,,,,0,0,0,0,false,0,0,,0,0,0,0,0,0,0,,,,,false,{},{},{},{},{},{},{},0,3.553,3.752,0,0,0.021,0,0,0,0,0,0.003,0,0,0,0,0,0,100,0,7.72525,12.522,0.088,3.95225,0,0,0,6,6,0,321,0,15,2,0,0,1,2400,0.021,0.025,0,ACTIVE,ACTIVE,,4095,4095,0,,true,16,false,0,0,true,1.8708,0.0012,19200,2236,0,,,,,,0,,,0,0,2,68,68,0,767536641754,12.313,0,0.03,0,0,73,72,2400,true,0,0,0,0,0,0,12,12,52824,0,0,0,0,0,0,0,0,0,0,0,0,0,,0,0,0,0,0,0,0,0,0,0,0,0,0,0,0,0,0,0,,0,0,0,0,0,0,false,
70,71,22464,false,144,50,1.568,0,1.344,0,dynamic_visual_atlas_upload,,,cell_indirection_lut,1.205,2400,2400,0,0,-1,-1,,1991.701174,3.013,4.027,4.027,1,8,3,1.5,false,2,8.666,,,,,,,,,,,,,,,,,,,,,,,,,,,,,,,,,,,,,,,,,,0,0,0,0,false,0,0,,0,0,0,0,0,0,0,,,,,false,{},{},{},{},{},{},{},0,0,0.303,0,0,0.021,0,0,0,0,0,0.003,0,0,0,0,0,0,100,0,5.3605,12.522,0.088,5.0365,0,0,0,6,6,0,321,0,15,2,0,0,1,2400,0.021,0.025,0,ACTIVE,ACTIVE,,4095,4095,0,,true,16,false,0,0,true,1.9701,0.0015,19200,2233,0,,,,,,0,,,0,0,2,69,69,0,767536661837,2.918,0,0.033,0,0,73,72,2400,true,0,0,0,0,0,0,12,12,19224,0,0,0,0,0,0,0,0,0,0,0,0,0,,0,0,0,0,0,0,0,0,0,0,0,0,0,0,0,0,0,0,,0,0,0,0,0,0,false,
71,72,22485,false,144,50,1.539,0,1.345,0,dynamic_visual_atlas_upload,,,cell_indirection_lut,1.205,2400,2400,0,0,-1,-1,,1991.701174,3.013,4.027,4.027,1,8,3,1.5,false,2,8.666,,,,,,,,,,,,,,,,,,,,,,,,,,,,,,,,,,,,,,,,,,0,0,0,0,false,0,0,,0,0,0,0,0,0,0,,,,,false,{},{},{},{},{},{},{},0,0,0.249,0,0,0.018,0,0,0,0,0,0.003,0,0,0,0,0,0,100,0,6.812333,12.522,0.088,6.545333,0,0,0,6,6,0,321,0,15,2,0,0,1,2400,0.021,0.025,0,ACTIVE,ACTIVE,,4095,4095,0,,true,16,false,0,0,true,1.8428,0.0012,19200,2233,0,,,,,,0,,,0,0,2,70,70,0,767536680817,4.357,0,0.031,0,0,74,73,2400,true,0,0,0,0,0,0,12,12,19224,0,0,0,0,0,0,0,0,0,0,0,0,0,,0,0,0,0,0,0,0,0,0,0,0,0,0,0,0,0,0,0,,0,0,0,0,0,0,false,
72,73,22506,false,144,50,1.5,0,1.316,0,dynamic_visual_atlas_upload,,,cell_indirection_lut,1.205,2400,2400,0,0,-1,-1,,1991.701174,3.013,4.027,4.027,1,8,3,1.5,false,2,8.666,,,,,,,,,,,,,,,,,,,,,,,,,,,,,,,,,,,,,,,,,,0,0,0,0,false,0,0,,0,0,0,0,0,0,0,,,,,false,{},{},{},{},{},{},{},0,0,0.255,0,0,0.019,0,0,0,0,0,0.003,0,0,0,0,0,0,100,0,6.881,12.522,0.088,6.607,0,0,0,6,6,0,321,0,15,2,0,0,1,2400,0.021,0.025,0,ACTIVE,ACTIVE,,4095,4095,0,,true,16,false,0,0,true,2.6629,0.0013,21600,2236,0,,,,,,0,,,0,0,2,71,71,0,767536700501,5.4,0,0.03,0,0,75,74,2400,true,0,0,0,0,0,0,12,12,19224,0,0,0,0,0,0,0,0,0,0,0,0,0,,0,0,0,0,0,0,0,0,0,0,0,0,0,0,0,0,0,0,,0,0,0,0,0,0,false,
73,74,22527,false,144,50,1.58,0,1.35,0,dynamic_visual_atlas_upload,,,cell_indirection_lut,1.205,2400,2400,0,0,-1,-1,,1991.701174,3.013,4.027,4.027,1,8,3,1.5,false,2,8.666,,,,,,,,,,,,,,,,,,,,,,,,,,,,,,,,,,,,,,,,,,0,0,0,0,false,0,0,,0,0,0,0,0,0,0,,,,,false,{},{},{},{},{},{},{},0,0.001,0.454,0,0,0.026,0,0,0,0,0,0.004,0,0,0,0,0,0,100,0,7.084667,12.522,0.088,6.604667,0,0,0,6,6,0,321,0,15,2,0,0,1,2400,0.021,0.025,0,ACTIVE,ACTIVE,,4095,4095,0,,true,16,false,0,0,true,2.1558,0.0014,19200,2236,0,,,,,,0,,,0,0,2,72,72,0,767536720503,6.567,0,0.029,0,0,76,75,2400,true,0,0,0,0,0,0,12,12,21624,0,0,0,0,0,0,0,0,0,0,0,0,0,,0,0,0,0,0,0,0,0,0,0,0,0,0,0,0,0,0,0,,0,0,0,0,0,0,false,
74,75,22547,false,144,50,1.534,0,1.311,0,dynamic_visual_atlas_upload,,,cell_indirection_lut,1.205,2400,2400,0,0,-1,-1,,1991.701174,3.013,4.027,4.027,1,8,3,1.5,false,2,8.666,,,,,,,,,,,,,,,,,,,,,,,,,,,,,,,,,,,,,,,,,,0,0,0,0,false,0,0,,0,0,0,0,0,0,0,,,,,false,{},{},{},{},{},{},{},0,0,0.294,0,0,0.02,0,0,0,0,0,0.003,0,0,0,0,0,0,100,0,6.828,12.522,0.088,6.514,0,0,0,6,6,0,321,0,15,2,0,0,1,2400,0.021,0.025,0,ACTIVE,ACTIVE,,4095,4095,0,,true,16,false,0,0,true,2.085,0.0011,19200,2235,0,,,,,,0,,,0,0,2,73,73,0,767536740693,6.916,0,0.03,0,0,77,76,2400,true,0,0,0,0,0,0,12,12,19224,0,0,0,0,0,0,0,0,0,0,0,0,0,,0,0,0,0,0,0,0,0,0,0,0,0,0,0,0,0,0,0,,0,0,0,0,0,0,false,
75,76,22571,false,144,50,1.495,0,1.321,0,dynamic_visual_atlas_upload,,,cell_indirection_lut,1.205,2400,2400,0,0,-1,-1,,1991.701174,3.013,4.027,4.027,1,8,3,1.5,false,2,8.666,,,,,,,,,,,,,,,,,,,,,,,,,,,,,,,,,,,,,,,,,,0,0,0,0,false,0,0,,0,0,0,0,0,0,0,,,,,false,{},{},{},{},{},{},{},0,3.396,3.581,0,0,0.019,0,0,0,0,0,0.003,0,0,0,0,0,0,100,0,7.873333,12.522,0.088,4.273333,0,0,0,6,6,0,321,0,15,2,0,0,1,2400,0.021,0.025,0,ACTIVE,ACTIVE,,4095,4095,0,,true,16,false,0,0,true,2.0394,0.0012,19200,2235,0,,,,,,0,,,0,0,2,74,74,0,767536761455,9.687,0,0.03,0,0,79,78,2400,true,0,0,0,0,0,0,12,12,19224,0,0,0,0,0,0,0,0,0,0,0,0,0,,0,0,0,0,0,0,0,0,0,0,0,0,0,0,0,0,0,0,,0,0,0,0,0,0,false,
76,77,22592,false,144,50,1.39,0,1.252,0,dynamic_visual_atlas_upload,,,cell_indirection_lut,1.205,2400,2400,0,0,-1,-1,,1991.701174,3.013,4.027,4.027,1,8,3,1.5,false,2,8.666,,,,,,,,,,,,,,,,,,,,,,,,,,,,,,,,,,,,,,,,,,0,0,0,0,false,0,0,,0,0,0,0,0,0,0,,,,,false,{},{},{},{},{},{},{},0,3.619,3.804,0,0,0.021,0,0,0,0,0,0.004,0,0,0,0,0,0,100,0,6.876667,12.522,0.088,3.051667,0,0,0,6,6,0,321,0,15,2,0,0,1,2400,0.021,0.025,0,ACTIVE,ACTIVE,,4095,4095,0,,true,16,false,0,0,true,3.1464,0.0018,52800,2236,0,,,,,,0,,,0,0,2,75,75,0,767536782366,9.422,0,0.029,0,0,80,79,2400,true,0,0,0,0,0,0,12,12,19224,0,0,0,0,0,0,0,0,0,0,0,0,0,,0,0,0,0,0,0,0,0,0,0,0,0,0,0,0,0,0,0,,0,0,0,0,0,0,false,
77,78,22615,false,144,50,1.523,0,1.347,0,dynamic_visual_atlas_upload,,,cell_indirection_lut,1.205,2400,2400,0,0,-1,-1,,1991.701174,3.013,4.027,4.027,1,8,3,1.5,false,2,8.666,,,,,,,,,,,,,,,,,,,,,,,,,,,,,,,,,,,,,,,,,,0,0,0,0,false,0,0,,0,0,0,0,0,0,0,,,,,false,{},{},{},{},{},{},{},0,6.75,6.941,0,0,0.018,0,0,0,0,0,0.003,0,0,0,0,0,0,100,0,7.974667,12.522,0.088,1.015667,0,0,0,6,6,0,321,0,15,2,0,0,1,2400,0.021,0.025,0,ACTIVE,ACTIVE,,4095,4095,0,,true,16,false,0,0,true,1.8299,0.0009,19200,2236,0,,,,,,0,,,0,0,2,76,76,0,767536802788,13.094,0,0.029,0,0,81,80,2400,true,0,0,0,0,0,0,12,12,52824,0,0,0,0,0,0,0,0,0,0,0,0,0,,0,0,0,0,0,0,0,0,0,0,0,0,0,0,0,0,0,0,,0,0,0,0,0,0,false,
78,79,22634,false,144,50,2.713,0,2.381,0,dynamic_visual_atlas_upload,,,cell_indirection_lut,1.205,2400,2400,0,0,-1,-1,,1991.701174,3.013,4.027,4.027,1,8,3,1.5,false,2,8.666,,,,,,,,,,,,,,,,,,,,,,,,,,,,,,,,,,,,,,,,,,0,0,0,0,false,0,0,,0,0,0,0,0,0,0,,,,,false,{},{},{},{},{},{},{},0,3.345,3.534,0,0,0.022,0,0,0,0,0,0.003,0,0,0,0,0,0,100,0,6.175333,12.522,0.088,2.619333,0,0,0,6,6,0,321,0,15,2,0,0,1,2400,0.021,0.025,0,ACTIVE,ACTIVE,,4095,4095,0,,true,16,false,0,0,true,2.6811,0.0152,21600,2235,0,,,,,,0,,,0,0,2,77,77,0,767536822359,11.988,0,0.033,0,0,82,81,2400,true,0,0,0,0,0,0,12,12,19224,0,0,0,0,0,0,0,0,0,0,0,0,0,,0,0,0,0,0,0,0,0,0,0,0,0,0,0,0,0,0,0,,0,0,0,0,0,0,false,
79,80,22654,false,144,50,1.436,0,1.3,0,dynamic_visual_atlas_upload,,,cell_indirection_lut,1.205,2400,2400,0,0,-1,-1,,1991.701174,3.013,4.027,4.027,1,8,3,1.5,false,2,8.666,,,,,,,,,,,,,,,,,,,,,,,,,,,,,,,,,,,,,,,,,,0,0,0,0,false,0,0,,0,0,0,0,0,0,0,,,,,false,{},{},{},{},{},{},{},0,3.398,3.586,0,0,0.021,0,0,0,0,0,0.003,0,0,0,0,0,0,100,0,6.538333,12.522,0.088,2.931333,0,0,0,6,6,0,321,0,15,2,0,0,1,2400,0.021,0.025,0,ACTIVE,ACTIVE,,4095,4095,0,,true,16,false,0,0,true,1.97,0.0012,19200,2235,0,,,,,,0,,,0,0,2,78,78,0,767536844347,9.483,0,0.047,0,0,83,82,2400,true,0,0,0,0,0,0,12,12,21624,0,0,0,0,0,0,0,0,0,0,0,0,0,,0,0,0,0,0,0,0,0,0,0,0,0,0,0,0,0,0,0,,0,0,0,0,0,0,false,
80,81,22674,false,144,50,1.394,0,1.274,0,dynamic_visual_atlas_upload,,,cell_indirection_lut,1.205,2400,2400,0,0,-1,-1,,1991.701174,3.013,4.027,4.027,1,8,3,1.5,false,2,8.666,,,,,,,,,,,,,,,,,,,,,,,,,,,,,,,,,,,,,,,,,,0,0,0,0,false,0,0,,0,0,0,0,0,0,0,,,,,false,{},{},{},{},{},{},{},0,3.318,3.488,0,0,0.018,0,0,0,0,0,0.003,0,0,0,0,0,0,100,0,6.764,12.522,0.088,3.258,0,0,0,6,6,0,321,0,15,2,0,0,1,2400,0.021,0.025,0,ACTIVE,ACTIVE,,4095,4095,0,,true,16,false,0,0,true,1.9092,0.0011,19200,2236,0,,,,,,0,,,0,0,2,79,79,0,767536864363,9.746,0,0.028,0,0,84,83,2400,true,0,0,0,0,0,0,12,12,19224,0,0,0,0,0,0,0,0,0,0,0,0,0,,0,0,0,0,0,0,0,0,0,0,0,0,0,0,0,0,0,0,,0,0,0,0,0,0,false,
81,82,22695,false,144,50,1.473,0,1.329,0,dynamic_visual_atlas_upload,,,cell_indirection_lut,1.205,2400,2400,0,0,-1,-1,,1991.701174,3.013,4.027,4.027,1,8,3,1.5,false,2,8.666,,,,,,,,,,,,,,,,,,,,,,,,,,,,,,,,,,,,,,,,,,0,0,0,0,false,0,0,,0,0,0,0,0,0,0,,,,,false,{},{},{},{},{},{},{},0,3.817,4.034,0,0,0.02,0,0,0,0,0,0.003,0,0,0,0,0,0,100,0,7.127333,12.522,0.088,3.073333,0,0,0,6,6,0,321,0,15,2,0,0,1,2400,0.021,0.025,0,ACTIVE,ACTIVE,,4095,4095,0,,true,16,false,0,0,true,2.0586,0.0011,19200,2236,0,,,,,,0,,,0,0,2,80,80,0,767536884457,11.04,0,0.026,0,0,85,84,2400,true,0,0,0,0,0,0,12,12,19224,0,0,0,0,0,0,0,0,0,0,0,0,0,,0,0,0,0,0,0,0,0,0,0,0,0,0,0,0,0,0,0,,0,0,0,0,0,0,false,
82,83,22716,false,144,50,1.541,0,1.396,0,dynamic_visual_atlas_upload,,,cell_indirection_lut,1.205,2400,2400,0,0,-1,-1,,1991.701174,3.013,4.027,4.027,1,8,3,1.5,false,2,8.666,,,,,,,,,,,,,,,,,,,,,,,,,,,,,,,,,,,,,,,,,,0,0,0,0,false,0,0,,0,0,0,0,0,0,0,,,,,false,{},{},{},{},{},{},{},0,3.671,3.87,0,0,0.018,0,0,0,0,0,0.003,0,0,0,0,0,0,100,0,6.884,12.522,0.088,2.996,0,0,0,6,6,0,321,0,15,2,0,0,1,2400,0.021,0.025,0,ACTIVE,ACTIVE,,4095,4095,0,,true,16,false,0,0,true,1.8378,0.0009,19200,2236,0,,,,,,0,,,0,0,2,81,81,0,767536903620,12.536,0,0.029,0,0,86,85,2400,true,0,0,0,0,0,0,12,12,19224,0,0,0,0,0,0,0,0,0,0,0,0,0,,0,0,0,0,0,0,0,0,0,0,0,0,0,0,0,0,0,0,,0,0,0,0,0,0,false,
83,84,22726,false,144,50,1.491,0,1.336,0,dynamic_visual_atlas_upload,,,cell_indirection_lut,1.205,2400,2400,0,0,-1,-1,,1991.701174,3.013,4.027,4.027,1,8,3,1.5,false,2,8.666,,,,,,,,,,,,,,,,,,,,,,,,,,,,,,,,,,,,,,,,,,0,0,0,0,false,0,0,,0,0,0,0,0,0,0,,,,,false,{},{},{},{},{},{},{},0,0,0.192,0,0,0.017,0,0,0,0,0,0.003,0,0,0,0,0,0,100,0,5.143,12.522,0.088,4.934,0,0,0,6,6,0,321,0,15,2,0,0,1,2400,0.021,0.025,0,ACTIVE,ACTIVE,,4095,4095,0,,true,16,false,0,0,true,1.9417,0.0012,19200,2236,0,,,,,,0,,,0,0,2,82,82,0,767536922716,3.712,0,0.03,0,0,86,85,2400,true,0,0,0,0,0,0,12,12,19224,0,0,0,0,0,0,0,0,0,0,0,0,0,,0,0,0,0,0,0,0,0,0,0,0,0,0,0,0,0,0,0,,0,0,0,0,0,0,false,
84,85,22747,false,144,50,1.515,0,1.309,0,dynamic_visual_atlas_upload,,,cell_indirection_lut,1.205,2400,2400,0,0,-1,-1,,1991.701174,3.013,4.027,4.027,1,8,3,1.5,false,2,8.666,,,,,,,,,,,,,,,,,,,,,,,,,,,,,,,,,,,,,,,,,,0,0,0,0,false,0,0,,0,0,0,0,0,0,0,,,,,false,{},{},{},{},{},{},{},0,0,0.292,0,0,0.022,0,0,0,0,0,0.004,0,0,0,0,0,0,100,0,7.080333,12.522,0.088,6.766333,0,0,0,6,6,0,321,0,15,2,0,0,1,2400,0.021,0.025,0,ACTIVE,ACTIVE,,4095,4095,0,,true,16,false,0,0,true,3.8318,0.0015,57600,2237,0,,,,,,0,,,0,0,2,83,83,0,767536941472,6.21,0,0.028,0,0,87,86,2400,true,0,0,0,0,0,0,12,12,19224,0,0,0,0,0,0,0,0,0,0,0,0,0,,0,0,0,0,0,0,0,0,0,0,0,0,0,0,0,0,0,0,,0,0,0,0,0,0,false,
85,86,22771,false,144,50,1.524,0,1.335,0,dynamic_visual_atlas_upload,,,cell_indirection_lut,1.205,2400,2400,0,0,-1,-1,,1991.701174,3.013,4.027,4.027,1,8,3,1.5,false,2,8.666,,,,,,,,,,,,,,,,,,,,,,,,,,,,,,,,,,,,,,,,,,0,0,0,0,false,0,0,,0,0,0,0,0,0,0,,,,,false,{},{},{},{},{},{},{},0,3.329,3.502,0,0,0.017,0,0,0,0,0,0.003,0,0,0,0,0,0,100,0,7.734667,12.522,0.088,4.215667,0,0,0,6,6,0,321,0,15,2,0,0,1,2400,0.021,0.025,0,ACTIVE,ACTIVE,,4095,4095,0,,true,16,false,0,0,true,1.8435,0.0011,19200,2236,0,,,,,,0,,,0,0,2,84,84,0,767536962146,8.76,0,0.032,0,0,89,88,2400,true,0,0,0,0,0,0,12,12,57624,0,0,0,0,0,0,0,0,0,0,0,0,0,,0,0,0,0,0,0,0,0,0,0,0,0,0,0,0,0,0,0,,0,0,0,0,0,0,false,
86,87,22791,false,144,50,1.39,0,1.26,0,dynamic_visual_atlas_upload,,,cell_indirection_lut,1.205,2400,2400,0,0,-1,-1,,1991.701174,3.013,4.027,4.027,1,8,3,1.5,false,2,8.666,,,,,,,,,,,,,,,,,,,,,,,,,,,,,,,,,,,,,,,,,,0,0,0,0,false,0,0,,0,0,0,0,0,0,0,,,,,false,{},{},{},{},{},{},{},0,3.333,3.504,0,0,0.02,0,0,0,0,0,0.004,0,0,0,0,0,0,100,0,6.871333,12.522,0.088,3.347333,0,0,0,6,6,0,321,0,15,2,0,0,1,2400,0.021,0.025,0,ACTIVE,ACTIVE,,4095,4095,0,,true,16,false,0,0,true,1.8312,0.001,19200,2236,0,,,,,,0,,,0,0,2,85,85,0,767536981649,9.851,0,0.034,0,0,90,89,2400,true,0,0,0,0,0,0,12,12,19224,0,0,0,0,0,0,0,0,0,0,0,0,0,,0,0,0,0,0,0,0,0,0,0,0,0,0,0,0,0,0,0,,0,0,0,0,0,0,false,
87,88,22805,false,144,50,2.428,0,2.076,0,dynamic_visual_atlas_upload,,,cell_indirection_lut,1.205,2400,2400,0,0,-1,-1,,1991.701174,3.013,4.027,4.027,1,8,3,1.5,false,2,8.666,,,,,,,,,,,,,,,,,,,,,,,,,,,,,,,,,,,,,,,,,,0,0,0,0,false,0,0,,0,0,0,0,0,0,0,,,,,false,{},{},{},{},{},{},{},0,0.001,0.622,0,0,0.02,0,0,0,0,0,0.003,0,0,0,0,0,0,100,0,6.626,12.522,0.088,5.984,0,0,0,6,6,0,321,0,15,2,0,0,1,2400,0.021,0.025,0,ACTIVE,ACTIVE,,4095,4095,0,,true,16,false,0,0,true,2.2867,0.0015,19200,2236,0,,,,,,0,,,0,0,2,86,86,0,767537001118,3.787,0,0.028,0,0,90,89,2400,true,0,0,0,0,0,0,12,12,19224,0,0,0,0,0,0,0,0,0,0,0,0,0,,0,0,0,0,0,0,0,0,0,0,0,0,0,0,0,0,0,0,,0,0,0,0,0,0,false,
88,89,22837,false,144,50,1.453,0,1.311,0,dynamic_visual_atlas_upload,,,cell_indirection_lut,1.205,2400,2400,0,0,-1,-1,,1991.701174,3.013,4.027,4.027,1,8,3,1.5,false,2,8.666,,,,,,,,,,,,,,,,,,,,,,,,,,,,,,,,,,,,,,,,,,0,0,0,0,false,0,0,,0,0,0,0,0,0,0,,,,,false,{},{},{},{},{},{},{},0,7.417,7.592,0,0,0.025,0,0,0,0,0,0.004,0,0,0,0,0,0,100,0,8.13125,12.522,0.088,0.51425,0,0,0,6,6,0,321,0,15,2,0,0,1,2400,0.021,0.025,0,ACTIVE,ACTIVE,,4095,4095,0,,true,16,false,0,0,true,1.9564,0.0013,19200,2236,0,,,,,,0,,,0,0,2,87,87,0,767537021717,15.61,0,0.029,0,0,92,91,2400,true,0,0,0,0,0,0,12,12,19224,0,0,0,0,0,0,0,0,0,0,0,0,0,,0,0,0,0,0,0,0,0,0,0,0,0,0,0,0,0,0,0,,0,0,0,0,0,0,false,
89,90,22855,false,144,50,1.5,0,1.338,0,dynamic_visual_atlas_upload,,,cell_indirection_lut,1.205,2400,2400,0,0,-1,-1,,1991.701174,3.013,4.027,4.027,1,8,3,1.5,false,2,8.666,,,,,,,,,,,,,,,,,,,,,,,,,,,,,,,,,,,,,,,,,,0,0,0,0,false,0,0,,0,0,0,0,0,0,0,,,,,false,{},{},{},{},{},{},{},0,4.343,4.533,0,0,0.021,0,0,0,0,0,0.004,0,0,0,0,0,0,100,0,5.832333,12.522,0.088,1.278333,0,0,0,6,6,0,321,0,15,2,0,0,1,2400,0.021,0.025,0,ACTIVE,ACTIVE,,4095,4095,0,,true,16,false,0,0,true,1.8629,0.0011,19200,2236,0,,,,,,0,,,0,0,2,88,88,0,767537041710,13.057,0,0.032,0,0,93,92,2400,true,0,0,0,0,0,0,12,12,19224,0,0,0,0,0,0,0,0,0,0,0,0,0,,0,0,0,0,0,0,0,0,0,0,0,0,0,0,0,0,0,0,,0,0,0,0,0,0,false,
90,91,22864,false,144,50,1.542,0,1.341,0,dynamic_visual_atlas_upload,,,cell_indirection_lut,1.205,2400,2400,0,0,-1,-1,,1991.701174,3.013,4.027,4.027,1,8,3,1.5,false,2,8.666,,,,,,,,,,,,,,,,,,,,,,,,,,,,,,,,,,,,,,,,,,0,0,0,0,false,0,0,,0,0,0,0,0,0,0,,,,,false,{},{},{},{},{},{},{},0,0,0.213,0,0,0.017,0,0,0,0,0,0.003,0,0,0,0,0,0,100,0,4.933,12.522,0.088,4.703,0,0,0,6,6,0,321,0,15,2,0,0,1,2400,0.021,0.025,0,ACTIVE,ACTIVE,,4095,4095,0,,true,16,false,0,0,true,2.5439,0.0015,21600,2236,0,,,,,,0,,,0,0,2,89,89,0,767537061153,3.582,0,0.029,0,0,93,92,2400,true,0,0,0,0,0,0,12,12,19224,0,0,0,0,0,0,0,0,0,0,0,0,0,,0,0,0,0,0,0,0,0,0,0,0,0,0,0,0,0,0,0,,0,0,0,0,0,0,false,
91,92,22885,false,144,50,1.568,0,1.338,0,dynamic_visual_atlas_upload,,,cell_indirection_lut,1.205,2400,2400,0,0,-1,-1,,1991.701174,3.013,4.027,4.027,1,8,3,1.5,false,2,8.666,,,,,,,,,,,,,,,,,,,,,,,,,,,,,,,,,,,,,,,,,,0,0,0,0,false,0,0,,0,0,0,0,0,0,0,,,,,false,{},{},{},{},{},{},{},0,0,0.278,0,0,0.02,0,0,0,0,0,0.004,0,0,0,0,0,0,100,0,6.922333,12.522,0.088,6.624333,0,0,0,6,6,0,321,0,15,2,0,0,1,2400,0.021,0.025,0,ACTIVE,ACTIVE,,4095,4095,0,,true,16,false,0,0,true,1.9178,0.0012,19200,2236,0,,,,,,0,,,0,0,2,90,90,0,767537081133,4.353,0,0.029,0,0,94,93,2400,true,0,0,0,0,0,0,12,12,21624,0,0,0,0,0,0,0,0,0,0,0,0,0,,0,0,0,0,0,0,0,0,0,0,0,0,0,0,0,0,0,0,,0,0,0,0,0,0,false,
92,93,22907,false,144,50,1.518,0,1.305,0,dynamic_visual_atlas_upload,,,cell_indirection_lut,1.205,2400,2400,0,0,-1,-1,,1991.701174,3.013,4.027,4.027,1,8,3,1.5,false,2,8.666,,,,,,,,,,,,,,,,,,,,,,,,,,,,,,,,,,,,,,,,,,0,0,0,0,false,0,0,,0,0,0,0,0,0,0,,,,,false,{},{},{},{},{},{},{},0,0,0.602,0,0,0.033,0,0,0,0,0,0.005,0,0,0,0,0,0,100,0,7.184667,12.522,0.088,6.549667,0,0,0,6,6,0,321,0,15,2,0,0,1,2400,0.021,0.025,0,ACTIVE,ACTIVE,,4095,4095,0,,true,16,false,0,0,true,2.8183,0.0014,52800,2236,0,,,,,,0,,,0,0,2,91,91,0,767537103973,3.031,0,0.034,0,0,95,94,2400,true,0,0,0,0,0,0,12,12,19224,0,0,0,0,0,0,0,0,0,0,0,0,0,,0,0,0,0,0,0,0,0,0,0,0,0,0,0,0,0,0,0,,0,0,0,0,0,0,false,
93,94,22927,false,144,50,2.423,0,2.049,0,dynamic_visual_atlas_upload,,,cell_indirection_lut,1.205,2400,2400,0,0,-1,-1,,1991.701174,3.013,4.027,4.027,1,8,3,1.5,false,2,8.666,,,,,,,,,,,,,,,,,,,,,,,,,,,,,,,,,,,,,,,,,,0,0,0,0,false,0,0,,0,0,0,0,0,0,0,,,,,false,{},{},{},{},{},{},{},0,0.001,0.198,0,0,0.016,0,0,0,0,0,0.003,0,0,0,0,0,0,100,0,6.81,12.522,0.088,6.596,0,0,0,6,6,0,321,0,15,2,0,0,1,2400,0.021,0.025,0,ACTIVE,ACTIVE,,4095,4095,0,,true,16,false,0,0,true,2.0006,0.0016,19200,2236,0,,,,,,0,,,0,0,2,92,92,0,767537123986,3.782,0,0.029,0,0,96,95,2400,true,0,0,0,0,0,0,12,12,52824,0,0,0,0,0,0,0,0,0,0,0,0,0,,0,0,0,0,0,0,0,0,0,0,0,0,0,0,0,0,0,0,,0,0,0,0,0,0,false,
94,95,22947,false,144,50,1.55,0,1.332,0,dynamic_visual_atlas_upload,,,cell_indirection_lut,1.205,2400,2400,0,0,-1,-1,,1991.701174,3.013,4.027,4.027,1,8,3,1.5,false,2,8.666,,,,,,,,,,,,,,,,,,,,,,,,,,,,,,,,,,,,,,,,,,0,0,0,0,false,0,0,,0,0,0,0,0,0,0,,,,,false,{},{},{},{},{},{},{},0,0,0.298,0,0,0.022,0,0,0,0,0,0.004,0,0,0,0,0,0,100,0,6.754,12.522,0.088,6.434,0,0,0,6,6,0,321,0,15,2,0,0,1,2400,0.021,0.025,0,ACTIVE,ACTIVE,,4095,4095,0,,true,16,false,0,0,true,2.9704,0.002,19200,2236,0,,,,,,0,,,0,0,2,93,93,0,767537144103,3.601,0,0.065,0,0,97,96,2400,true,0,0,0,0,0,0,12,12,19224,0,0,0,0,0,0,0,0,0,0,0,0,0,,0,0,0,0,0,0,0,0,0,0,0,0,0,0,0,0,0,0,,0,0,0,0,0,0,false,
95,96,22971,false,144,50,1.496,0,1.359,0,dynamic_visual_atlas_upload,,,cell_indirection_lut,1.205,2400,2400,0,0,-1,-1,,1991.701174,3.013,4.027,4.027,1,8,3,1.5,false,2,8.666,,,,,,,,,,,,,,,,,,,,,,,,,,,,,,,,,,,,,,,,,,0,0,0,0,false,0,0,,0,0,0,0,0,0,0,,,,,false,{},{},{},{},{},{},{},0,3.406,3.593,0,0,0.022,0,0,0,0,0,0.003,0,0,0,0,0,0,100,0,7.840667,12.522,0.088,4.225667,0,0,0,6,6,0,321,0,15,2,0,0,1,2400,0.021,0.025,0,ACTIVE,ACTIVE,,4095,4095,0,,true,16,false,0,0,true,1.9302,0.0014,19200,2236,0,,,,,,0,,,0,0,2,94,94,0,767537164905,6.311,0,0.029,0,0,99,98,2400,true,0,0,0,0,0,0,12,12,19224,0,0,0,0,0,0,0,0,0,0,0,0,0,,0,0,0,0,0,0,0,0,0,0,0,0,0,0,0,0,0,0,,0,0,0,0,0,0,false,
96,97,22992,false,144,50,1.504,0,1.353,0,dynamic_visual_atlas_upload,,,cell_indirection_lut,1.205,2400,2400,0,0,-1,-1,,1991.701174,3.013,4.027,4.027,1,8,3,1.5,false,2,8.666,,,,,,,,,,,,,,,,,,,,,,,,,,,,,,,,,,,,,,,,,,0,0,0,0,false,0,0,,0,0,0,0,0,0,0,,,,,false,{},{},{},{},{},{},{},0,3.647,3.848,0,0,0.018,0,0,0,0,0,0.003,0,0,0,0,0,0,100,0,6.964333,12.522,0.088,3.098333,0,0,0,6,6,0,321,0,15,2,0,0,1,2400,0.021,0.025,0,ACTIVE,ACTIVE,,4095,4095,0,,true,16,false,0,0,true,2.7319,0.0025,21600,2236,0,,,,,,0,,,0,0,2,95,95,0,767537184911,7.175,0,0.029,0,0,100,99,2400,true,0,0,0,0,0,0,12,12,19224,0,0,0,0,0,0,0,0,0,0,0,0,0,,0,0,0,0,0,0,0,0,0,0,0,0,0,0,0,0,0,0,,0,0,0,0,0,0,false,
97,98,23013,false,144,50,1.477,0,1.345,0,dynamic_visual_atlas_upload,,,cell_indirection_lut,1.205,2400,2400,0,0,-1,-1,,1991.701174,3.013,4.027,4.027,1,8,3,1.5,false,2,8.666,,,,,,,,,,,,,,,,,,,,,,,,,,,,,,,,,,,,,,,,,,0,0,0,0,false,0,0,,0,0,0,0,0,0,0,,,,,false,{},{},{},{},{},{},{},0,3.935,4.109,0,0,0.019,0,0,0,0,0,0.003,0,0,0,0,0,0,100,0,6.978667,12.522,0.088,2.850667,0,0,0,6,6,0,321,0,15,2,0,0,1,2400,0.021,0.025,0,ACTIVE,ACTIVE,,4095,4095,0,,true,16,false,0,0,true,1.9164,0.0017,19200,2236,0,,,,,,0,,,0,0,2,96,96,0,767537205934,7.079,0,0.033,0,0,101,100,2400,true,0,0,0,0,0,0,12,12,21624,0,0,0,0,0,0,0,0,0,0,0,0,0,,0,0,0,0,0,0,0,0,0,0,0,0,0,0,0,0,0,0,,0,0,0,0,0,0,false,
98,99,23033,false,146,50,1.467,0,1.309,0,dynamic_visual_atlas_upload,,,cell_indirection_lut,1.205,2400,2400,0,0,-1,-1,,1991.701174,3.013,4.027,4.027,1,8,3,1.5,false,2,8.666,,,,,,,,,,,,,,,,,,,,,,,,,,,,,,,,,,,,,,,,,,0,0,0,0,false,0,0,,0,0,0,0,0,0,0,,,,,false,{},{},{},{},{},{},{},0,3.68,3.865,0,0,0.021,0,0,0,0,0,0.003,0,0,0,0,0,0,100,0,6.819,11.818,0.119,2.933,0,0,0,6,6,0,321,0,15,2,0,0,1,2400,0.021,0.025,0,ACTIVE,ACTIVE,,4095,4095,0,,true,16,false,0,0,true,1.889,0.0012,19200,2236,0,,,,,,0,,,0,0,2,97,97,0,767537225281,8.225,0,0.028,0,0,102,101,2400,true,0,0,0,0,0,0,12,12,19224,0,0,0,0,0,0,0,0,0,0,0,0,0,,0,0,0,0,0,0,0,0,0,0,0,0,0,0,0,0,0,0,,0,0,0,0,0,0,false,
99,100,23054,false,146,50,1.505,0,1.338,0,dynamic_visual_atlas_upload,,,cell_indirection_lut,1.205,2400,2400,0,0,-1,-1,,1991.701174,3.013,4.027,4.027,1,8,3,1.5,false,2,8.666,,,,,,,,,,,,,,,,,,,,,,,,,,,,,,,,,,,,,,,,,,0,0,0,0,false,0,0,,0,0,0,0,0,0,0,,,,,false,{},{},{},{},{},{},{},0,3.819,4.007,0,0,0.021,0,0,0,0,0,0.004,0,0,0,0,0,0,100,0,6.985,11.818,0.119,2.957,0,0,0,6,6,0,321,0,15,2,0,0,1,2400,0.021,0.025,0,ACTIVE,ACTIVE,,4095,4095,0,,true,16,false,0,0,true,1.9723,0.0017,19200,2236,0,,,,,,0,,,0,0,2,98,98,0,767537245155,9.287,0,0.027,0,0,103,102,2400,true,0,0,0,0,0,0,12,12,19224,0,0,0,0,0,0,0,0,0,0,0,0,0,,0,0,0,0,0,0,0,0,0,0,0,0,0,0,0,0,0,0,,0,0,0,0,0,0,false,
100,101,23075,false,146,50,1.442,0,1.294,0,dynamic_visual_atlas_upload,,,cell_indirection_lut,1.205,2400,2400,0,0,-1,-1,,1991.701174,3.013,4.027,4.027,1,8,3,1.5,false,2,8.666,,,,,,,,,,,,,,,,,,,,,,,,,,,,,,,,,,,,,,,,,,0,0,0,0,false,0,0,,0,0,0,0,0,0,0,,,,,false,{},{},{},{},{},{},{},0,3.648,3.846,0,0,0.021,0,0,0,0,0,0.003,0,0,0,0,0,0,100,0,6.806333,11.818,0.119,2.939333,0,0,0,6,6,0,321,0,15,2,0,0,1,2400,0.021,0.025,0,ACTIVE,ACTIVE,,4095,4095,0,,true,16,false,0,0,true,2.7508,0.0021,52800,2236,0,,,,,,0,,,0,0,2,99,99,0,767537264923,9.917,0,0.029,0,0,104,103,2400,true,0,0,0,0,0,0,12,12,19224,0,0,0,0,0,0,0,0,0,0,0,0,0,,0,0,0,0,0,0,0,0,0,0,0,0,0,0,0,0,0,0,,0,0,0,0,0,0,false,
101,102,23095,false,146,50,1.428,0,1.291,0,dynamic_visual_atlas_upload,,,cell_indirection_lut,1.205,2400,2400,0,0,-1,-1,,1991.701174,3.013,4.027,4.027,1,8,3,1.5,false,2,8.666,,,,,,,,,,,,,,,,,,,,,,,,,,,,,,,,,,,,,,,,,,0,0,0,0,false,0,0,,0,0,0,0,0,0,0,,,,,false,{},{},{},{},{},{},{},0,3.441,3.634,0,0,0.02,0,0,0,0,0,0.003,0,0,0,0,0,0,100,0,6.825,11.818,0.119,3.171,0,0,0,6,6,0,321,0,15,2,0,0,1,2400,0.021,0.025,0,ACTIVE,ACTIVE,,4095,4095,0,,true,16,false,0,0,true,1.9865,0.0018,19200,2236,0,,,,,,0,,,0,0,2,100,100,0,767537287224,8.147,0,0.028,0,0,105,104,2400,true,0,0,0,0,0,0,12,12,52824,0,0,0,0,0,0,0,0,0,0,0,0,0,,0,0,0,0,0,0,0,0,0,0,0,0,0,0,0,0,0,0,,0,0,0,0,0,0,false,
102,103,23117,false,146,50,1.577,0,1.367,0,dynamic_visual_atlas_upload,,,cell_indirection_lut,1.205,2400,2400,0,0,-1,-1,,1991.701174,3.013,4.027,4.027,1,8,3,1.5,false,2,8.666,,,,,,,,,,,,,,,,,,,,,,,,,,,,,,,,,,,,,,,,,,0,0,0,0,false,0,0,,0,0,0,0,0,0,0,,,,,false,{},{},{},{},{},{},{},0,3.907,4.137,0,0,0.022,0,0,0,0,0,0.003,0,0,0,0,0,0,100,0,7.247,11.818,0.119,3.088,0,0,0,6,6,0,321,0,15,2,0,0,1,2400,0.021,0.025,0,ACTIVE,ACTIVE,,4095,4095,0,,true,16,false,0,0,true,2.4851,0.0016,21600,2236,0,,,,,,0,,,0,0,2,101,101,0,767537306391,10.751,0,0.029,0,0,106,105,2400,true,0,0,0,0,0,0,12,12,19224,0,0,0,0,0,0,0,0,0,0,0,0,0,,0,0,0,0,0,0,0,0,0,0,0,0,0,0,0,0,0,0,,0,0,0,0,0,0,false,
103,104,23137,false,146,50,1.521,0,1.344,0,dynamic_visual_atlas_upload,,,cell_indirection_lut,1.205,2400,2400,0,0,-1,-1,,1991.701174,3.013,4.027,4.027,1,8,3,1.5,false,2,8.666,,,,,,,,,,,,,,,,,,,,,,,,,,,,,,,,,,,,,,,,,,0,0,0,0,false,0,0,,0,0,0,0,0,0,0,,,,,false,{},{},{},{},{},{},{},0,3.911,4.111,0,0,0.022,0,0,0,0,0,0.004,0,0,0,0,0,0,100,0,6.776333,11.818,0.119,2.643333,0,0,0,6,6,0,321,0,15,2,0,0,1,2400,0.021,0.025,0,ACTIVE,ACTIVE,,4095,4095,0,,true,16,false,0,0,true,2.2698,0.0016,19200,2236,0,,,,,,0,,,0,0,2,102,102,0,767537329925,7.506,0,0.031,0,0,107,106,2400,true,0,0,0,0,0,0,12,12,21624,0,0,0,0,0,0,0,0,0,0,0,0,0,,0,0,0,0,0,0,0,0,0,0,0,0,0,0,0,0,0,0,,0,0,0,0,0,0,false,
104,105,23158,false,146,50,1.492,0,1.317,0,dynamic_visual_atlas_upload,,,cell_indirection_lut,1.205,2400,2400,0,0,-1,-1,,1991.701174,3.013,4.027,4.027,1,8,3,1.5,false,2,8.666,,,,,,,,,,,,,,,,,,,,,,,,,,,,,,,,,,,,,,,,,,0,0,0,0,false,0,0,,0,0,0,0,0,0,0,,,,,false,{},{},{},{},{},{},{},0.001,3.702,3.887,0,0,0.022,0,0,0,0,0,0.004,0,0,0,0,0,0,100,0,6.877333,11.818,0.119,2.968333,0,0,0,6,6,0,321,0,15,2,0,0,1,2400,0.021,0.025,0,ACTIVE,ACTIVE,,4095,4095,0,,true,16,false,0,0,true,1.908,0.0016,19200,2237,0,,,,,,0,,,0,0,2,103,103,0,767537354179,3.85,0,0.031,0,0,108,107,2400,true,0,0,0,0,0,0,12,12,19224,0,0,0,0,0,0,0,0,0,0,0,0,0,,0,0,0,0,0,0,0,0,0,0,0,0,0,0,0,0,0,0,,0,0,0,0,0,0,false,
105,106,23182,false,146,50,1.59,0,1.371,0,dynamic_visual_atlas_upload,,,cell_indirection_lut,1.205,2400,2400,0,0,-1,-1,,1991.701174,3.013,4.027,4.027,1,8,3,1.5,false,2,8.666,,,,,,,,,,,,,,,,,,,,,,,,,,,,,,,,,,,,,,,,,,0,0,0,0,false,0,0,,0,0,0,0,0,0,0,,,,,false,{},{},{},{},{},{},{},0,0,0.275,0,0,0.021,0,0,0,0,0,0.004,0,0,0,0,0,0,100,0,6.0435,11.818,0.119,5.7475,0,0,0,6,6,0,321,0,15,2,0,0,1,2400,0.021,0.025,0,ACTIVE,ACTIVE,,4095,4095,0,,true,16,false,0,0,true,2.0305,0.0015,19200,2237,0,,,,,,0,,,0,0,2,104,104,0,767537373799,8.438,0,0.03,0,0,109,108,2400,true,0,0,0,0,0,0,12,12,19224,0,0,0,0,0,0,0,0,0,0,0,0,0,,0,0,0,0,0,0,0,0,0,0,0,0,0,0,0,0,0,0,,0,0,0,0,0,0,false,
106,107,23198,false,146,50,2.615,0,2.327,0,dynamic_visual_atlas_upload,,,cell_indirection_lut,1.205,2400,2400,0,0,-1,-1,,1991.701174,3.013,4.027,4.027,1,8,3,1.5,false,2,8.666,,,,,,,,,,,,,,,,,,,,,,,,,,,,,,,,,,,,,,,,,,0,0,0,0,false,0,0,,0,0,0,0,0,0,0,,,,,false,{},{},{},{},{},{},{},0,0.001,0.29,0,0,0.027,0,0,0,0,0,0.004,0,0,0,0,0,0,100,0,8.1385,11.818,0.119,7.8215,0,0,0,6,6,0,321,0,15,2,0,0,1,2400,0.021,0.025,0,ACTIVE,ACTIVE,,4095,4095,0,,true,16,false,0,0,true,1.8766,0.0013,19200,2237,0,,,,,,0,,,0,0,2,105,105,0,767537394134,4.581,0,0.031,0,0,110,109,2400,true,0,0,0,0,0,0,12,12,19224,0,0,0,0,0,0,0,0,0,0,0,0,0,,0,0,0,0,0,0,0,0,0,0,0,0,0,0,0,0,0,0,,0,0,0,0,0,0,false,
107,108,23216,false,146,50,1.671,0,1.357,0,dynamic_visual_atlas_upload,,,cell_indirection_lut,1.205,2400,2400,0,0,-1,-1,,1991.701174,3.013,4.027,4.027,1,8,3,1.5,false,2,8.666,,,,,,,,,,,,,,,,,,,,,,,,,,,,,,,,,,,,,,,,,,0,0,0,0,false,0,0,,0,0,0,0,0,0,0,,,,,false,{},{},{},{},{},{},{},0,0,0.234,0,0,0.021,0,0,0,0,0,0.004,0,0,0,0,0,0,100,0,6.067,11.818,0.119,5.812,0,0,0,6,6,0,321,0,15,2,0,0,1,2400,0.021,0.025,0,ACTIVE,ACTIVE,,4095,4095,0,,true,16,false,0,0,true,1.9924,0.0017,19200,1974,0,,,,,,0,,,0,0,2,106,106,0,767537414226,2.586,0,0.054,0,0,111,110,2400,true,0,0,0,0,0,0,12,12,19224,0,0,0,0,0,0,0,0,0,0,0,0,0,,0,0,0,0,0,0,0,0,0,0,0,0,0,0,0,0,0,0,,0,0,0,0,0,0,false,
108,109,23237,false,146,50,1.486,0,1.325,0,dynamic_visual_atlas_upload,,,cell_indirection_lut,1.205,2400,2400,0,0,-1,-1,,1991.701174,3.013,4.027,4.027,1,8,3,1.5,false,2,8.666,,,,,,,,,,,,,,,,,,,,,,,,,,,,,,,,,,,,,,,,,,0,0,0,0,false,0,0,,0,0,0,0,0,0,0,,,,,false,{},{},{},{},{},{},{},0,0.001,0.186,0,0,0.017,0,0,0,0,0,0.002,0,0,0,0,0,0,100,0,6.768333,11.818,0.119,6.565333,0,0,0,6,6,0,321,0,15,2,0,0,1,2400,0.021,0.025,0,ACTIVE,ACTIVE,,4095,4095,0,,true,16,false,0,0,true,3.483,0.0013,55200,2280,0,,,,,,0,,,0,0,2,107,107,0,767537433348,3.664,0,0.031,0,0,112,111,2400,true,0,0,0,0,0,0,12,12,19224,0,0,0,0,0,0,0,0,0,0,0,0,0,,0,0,0,0,0,0,0,0,0,0,0,0,0,0,0,0,0,0,,0,0,0,0,0,0,false,
109,110,23258,false,146,50,1.484,0,1.301,0,dynamic_visual_atlas_upload,,,cell_indirection_lut,1.205,2400,2400,0,0,-1,-1,,1991.701174,3.013,4.027,4.027,1,8,3,1.5,false,2,8.666,,,,,,,,,,,,,,,,,,,,,,,,,,,,,,,,,,,,,,,,,,0,0,0,0,false,0,0,,0,0,0,0,0,0,0,,,,,false,{},{},{},{},{},{},{},0,0,0.254,0,0,0.022,0,0,0,0,0,0.003,0,0,0,0,0,0,100,0,6.989,11.818,0.119,6.713,0,0,0,6,6,0,321,0,15,2,0,0,1,2400,0.021,0.025,0,ACTIVE,ACTIVE,,4095,4095,0,,true,16,false,0,0,true,1.9105,0.0014,19200,2280,0,,,,,,0,,,0,0,2,108,108,0,767537454765,3.166,0,0.029,0,0,113,112,2400,true,0,0,0,0,0,0,12,12,55224,0,0,0,0,0,0,0,0,0,0,0,0,0,,0,0,0,0,0,0,0,0,0,0,0,0,0,0,0,0,0,0,,0,0,0,0,0,0,false,
110,111,23279,false,146,50,1.489,0,1.295,0,dynamic_visual_atlas_upload,,,cell_indirection_lut,1.205,2400,2400,0,0,-1,-1,,1991.701174,3.013,4.027,4.027,1,8,3,1.5,false,2,8.666,,,,,,,,,,,,,,,,,,,,,,,,,,,,,,,,,,,,,,,,,,0,0,0,0,false,0,0,,0,0,0,0,0,0,0,,,,,false,{},{},{},{},{},{},{},0,0,0.506,0,0,0.021,0,0,0,0,0,0.003,0,0,0,0,0,0,100,0,7.078333,11.818,0.119,6.551333,0,0,0,6,6,0,321,0,15,2,0,0,1,2400,0.021,0.025,0,ACTIVE,ACTIVE,,4095,4095,0,,true,16,false,0,0,true,1.9208,0.002,19200,2280,0,,,,,,0,,,0,0,2,109,109,0,767537473416,5.763,0,0.03,0,0,114,113,2400,true,0,0,0,0,0,0,12,12,19224,0,0,0,0,0,0,0,0,0,0,0,0,0,,0,0,0,0,0,0,0,0,0,0,0,0,0,0,0,0,0,0,,0,0,0,0,0,0,false,
111,112,23295,false,146,50,1.403,0,1.25,0,dynamic_visual_atlas_upload,,,cell_indirection_lut,1.205,2400,2400,0,0,-1,-1,,1991.701174,3.013,4.027,4.027,1,8,3,1.5,false,2,8.666,,,,,,,,,,,,,,,,,,,,,,,,,,,,,,,,,,,,,,,,,,0,0,0,0,false,0,0,,0,0,0,0,0,0,0,,,,,false,{},{},{},{},{},{},{},0,3.118,3.289,0,0,0.019,0,0,0,0,0,0.004,0,0,0,0,0,0,100,0,8.0195,11.818,0.119,4.7115,0,0,0,6,6,0,321,0,15,2,0,0,1,2400,0.021,0.025,0,ACTIVE,ACTIVE,,4095,4095,0,,true,16,false,0,0,true,1.8244,0.001,19200,2280,0,,,,,,0,,,0,0,2,110,110,0,767537492423,2.77,0,0.028,0,0,115,114,2400,true,0,0,0,0,0,0,12,12,19224,0,0,0,0,0,0,0,0,0,0,0,0,0,,0,0,0,0,0,0,0,0,0,0,0,0,0,0,0,0,0,0,,0,0,0,0,0,0,false,
112,113,23316,false,146,50,1.582,0,1.381,0,dynamic_visual_atlas_upload,,,cell_indirection_lut,1.205,2400,2400,0,0,-1,-1,,1991.701174,3.013,4.027,4.027,1,8,3,1.5,false,2,8.666,,,,,,,,,,,,,,,,,,,,,,,,,,,,,,,,,,,,,,,,,,0,0,0,0,false,0,0,,0,0,0,0,0,0,0,,,,,false,{},{},{},{},{},{},{},0,3.087,3.277,0,0,0.019,0,0,0,0,0,0.003,0,0,0,0,0,0,100,0,6.995,11.818,0.119,3.699,0,0,0,6,6,0,321,0,15,2,0,0,1,2400,0.021,0.025,0,ACTIVE,ACTIVE,,4095,4095,0,,true,16,false,0,0,true,2.0627,0.0014,19200,2061,0,,,,,,0,,,0,0,2,111,111,0,767537511975,4.233,0,0.029,0,0,116,115,2400,true,0,0,0,0,0,0,12,12,19224,0,0,0,0,0,0,0,0,0,0,0,0,0,,0,0,0,0,0,0,0,0,0,0,0,0,0,0,0,0,0,0,,0,0,0,0,0,0,false,
113,114,23338,false,146,50,1.724,0,1.532,0,dynamic_visual_atlas_upload,,,cell_indirection_lut,1.205,2400,2400,0,0,-1,-1,,1991.701174,3.013,4.027,4.027,1,8,3,1.5,false,2,8.666,,,,,,,,,,,,,,,,,,,,,,,,,,,,,,,,,,,,,,,,,,0,0,0,0,false,0,0,,0,0,0,0,0,0,0,,,,,false,{},{},{},{},{},{},{},0,4.238,4.418,0,0,0.02,0,0,0,0,0,0.003,0,0,0,0,0,0,100,0,7.238667,11.818,0.119,2.800667,0,0,0,6,6,0,321,0,15,2,0,0,1,2400,0.021,0.025,0,ACTIVE,ACTIVE,,4095,4095,0,,true,16,false,0,0,true,2.4933,0.0021,19200,2280,0,,,,,,0,,,0,0,2,112,112,0,767537531367,6.591,0,0.028,0,0,117,116,2400,true,0,0,0,0,0,0,12,12,19224,0,0,0,0,0,0,0,0,0,0,0,0,0,,0,0,0,0,0,0,0,0,0,0,0,0,0,0,0,0,0,0,,0,0,0,0,0,0,false,
114,115,23357,false,146,50,1.499,0,1.326,0,dynamic_visual_atlas_upload,,,cell_indirection_lut,1.205,2400,2400,0,0,-1,-1,,1991.701174,3.013,4.027,4.027,1,8,3,1.5,false,2,8.666,,,,,,,,,,,,,,,,,,,,,,,,,,,,,,,,,,,,,,,,,,0,0,0,0,false,0,0,,0,0,0,0,0,0,0,,,,,false,{},{},{},{},{},{},{},0,3.318,3.5,0,0,0.025,0,0,0,0,0,0.007,0,0,0,0,0,0,100,0,6.558333,11.818,0.119,3.033333,0,0,0,6,6,0,321,0,15,2,0,0,1,2400,0.021,0.025,0,ACTIVE,ACTIVE,,4095,4095,0,,true,16,false,0,0,true,2.3766,0.0015,21600,2280,0,,,,,,0,,,0,0,2,113,113,0,767537551743,5.85,0,0.028,0,0,118,117,2400,true,0,0,0,0,0,0,12,12,19224,0,0,0,0,0,0,0,0,0,0,0,0,0,,0,0,0,0,0,0,0,0,0,0,0,0,0,0,0,0,0,0,,0,0,0,0,0,0,false,
115,116,23375,false,146,50,1.426,0,1.267,0,dynamic_visual_atlas_upload,,,cell_indirection_lut,1.205,2400,2400,0,0,-1,-1,,1991.701174,3.013,4.027,4.027,1,8,3,1.5,false,2,8.666,,,,,,,,,,,,,,,,,,,,,,,,,,,,,,,,,,,,,,,,,,0,0,0,0,false,0,0,,0,0,0,0,0,0,0,,,,,false,{},{},{},{},{},{},{},0,0,0.206,0,0,0.02,0,0,0,0,0,0.003,0,0,0,0,0,0,100,0,5.804,11.818,0.119,5.578,0,0,0,6,6,0,321,0,15,2,0,0,1,2400,0.021,0.025,0,ACTIVE,ACTIVE,,4095,4095,0,,true,16,false,0,0,true,1.9983,0.0012,19200,2280,0,,,,,,0,,,0,0,2,114,114,0,767537571516,3.474,0,0.029,0,0,119,118,2400,true,0,0,0,0,0,0,12,12,21624,0,0,0,0,0,0,0,0,0,0,0,0,0,,0,0,0,0,0,0,0,0,0,0,0,0,0,0,0,0,0,0,,0,0,0,0,0,0,false,
116,117,23396,false,146,50,1.595,0,1.376,0,dynamic_visual_atlas_upload,,,cell_indirection_lut,1.205,2400,2400,0,0,-1,-1,,1991.701174,3.013,4.027,4.027,1,8,3,1.5,false,2,8.666,,,,,,,,,,,,,,,,,,,,,,,,,,,,,,,,,,,,,,,,,,0,0,0,0,false,0,0,,0,0,0,0,0,0,0,,,,,false,{},{},{},{},{},{},{},0,0.001,0.24,0,0,0.021,0,0,0,0,0,0.003,0,0,0,0,0,0,100,0,7.090667,11.818,0.119,6.829667,0,0,0,6,6,0,321,0,15,2,0,0,1,2400,0.021,0.025,0,ACTIVE,ACTIVE,,4095,4095,0,,true,16,false,0,0,true,2.6027,0.0019,52800,2280,0,,,,,,0,,,0,0,2,115,115,0,767537589987,6.305,0,0.028,0,0,120,119,2400,true,0,0,0,0,0,0,12,12,19224,0,0,0,0,0,0,0,0,0,0,0,0,0,,0,0,0,0,0,0,0,0,0,0,0,0,0,0,0,0,0,0,,0,0,0,0,0,0,false,
117,118,23413,false,146,50,1.478,0,1.307,0,dynamic_visual_atlas_upload,,,cell_indirection_lut,1.205,2400,2400,0,0,-1,-1,,1991.701174,3.013,4.027,4.027,1,8,3,1.5,false,2,8.666,,,,,,,,,,,,,,,,,,,,,,,,,,,,,,,,,,,,,,,,,,0,0,0,0,false,0,0,,0,0,0,0,0,0,0,,,,,false,{},{},{},{},{},{},{},0,3.241,3.444,0,0,0.02,0,0,0,0,0,0.004,0,0,0,0,0,0,100,0,8.2715,11.818,0.119,4.8075,0,0,0,6,6,0,321,0,15,2,0,0,1,2400,0.021,0.025,0,ACTIVE,ACTIVE,,4095,4095,0,,true,16,false,0,0,true,1.9104,0.0009,19200,2280,0,,,,,,0,,,0,0,2,116,116,0,767537610356,2.494,0,0.033,0,0,121,120,2400,true,0,0,0,0,0,0,12,12,52824,0,0,0,0,0,0,0,0,0,0,0,0,0,,0,0,0,0,0,0,0,0,0,0,0,0,0,0,0,0,0,0,,0,0,0,0,0,0,false,
118,119,23433,false,146,50,1.464,0,1.274,0,dynamic_visual_atlas_upload,,,cell_indirection_lut,1.205,2400,2400,0,0,-1,-1,,1991.701174,3.013,4.027,4.027,1,8,3,1.5,false,2,8.666,,,,,,,,,,,,,,,,,,,,,,,,,,,,,,,,,,,,,,,,,,0,0,0,0,false,0,0,,0,0,0,0,0,0,0,,,,,false,{},{},{},{},{},{},{},0,3.276,3.472,0,0,0.02,0,0,0,0,0,0.004,0,0,0,0,0,0,100,0,6.909333,11.818,0.119,3.417333,0,0,0,6,6,0,321,0,15,2,0,0,1,2400,0.021,0.025,0,ACTIVE,ACTIVE,,4095,4095,0,,true,16,false,0,0,true,1.9606,0.0018,19200,2280,0,,,,,,0,,,0,0,2,117,117,0,767537630447,3.102,0,0.029,0,0,122,121,2400,true,0,0,0,0,0,0,12,12,19224,0,0,0,0,0,0,0,0,0,0,0,0,0,,0,0,0,0,0,0,0,0,0,0,0,0,0,0,0,0,0,0,,0,0,0,0,0,0,false,
119,120,23454,false,146,50,1.408,0,1.265,0,dynamic_visual_atlas_upload,,,cell_indirection_lut,1.205,2400,2400,0,0,-1,-1,,1991.701174,3.013,4.027,4.027,1,8,3,1.5,false,2,8.666,,,,,,,,,,,,,,,,,,,,,,,,,,,,,,,,,,,,,,,,,,0,0,0,0,false,0,0,,0,0,0,0,0,0,0,,,,,false,{},{},{},{},{},{},{},0,3.67,3.835,0,0,0.018,0,0,0,0,0,0.003,0,0,0,0,0,0,100,0,6.989333,11.818,0.119,3.136333,0,0,0,6,6,0,321,0,15,2,0,0,1,2400,0.021,0.025,0,ACTIVE,ACTIVE,,4095,4095,0,,true,16,false,0,0,true,2.3185,0.0009,19200,2280,0,,,,,,0,,,0,0,2,118,118,0,767537650192,4.402,0,0.048,0,0,123,122,2400,true,0,0,0,0,0,0,12,12,19224,0,0,0,0,0,0,0,0,0,0,0,0,0,,0,0,0,0,0,0,0,0,0,0,0,0,0,0,0,0,0,0,,0,0,0,0,0,0,false,
120,121,23477,false,146,50,1.538,0,1.334,0,dynamic_visual_atlas_upload,,,cell_indirection_lut,1.205,2400,2400,0,0,-1,-1,,1991.701174,3.013,4.027,4.027,1,8,3,1.5,false,2,8.666,,,,,,,,,,,,,,,,,,,,,,,,,,,,,,,,,,,,,,,,,,0,0,0,0,false,0,0,,0,0,0,0,0,0,0,,,,,false,{},{},{},{},{},{},{},0,4.449,4.733,0,0,0.021,0,0,0,0,0,0.003,0,0,0,0,0,0,100,0,7.449333,11.818,0.119,2.695333,0,0,0,6,6,0,321,0,15,2,0,0,1,2400,0.021,0.025,0,ACTIVE,ACTIVE,,4095,4095,0,,true,16,false,0,0,true,2.7217,0.0017,21600,2280,0,,,,,,0,,,0,0,2,119,119,0,767537670432,6.442,0,0.028,0,0,124,123,2400,true,0,0,0,0,0,0,12,12,19224,0,0,0,0,0,0,0,0,0,0,0,0,0,,0,0,0,0,0,0,0,0,0,0,0,0,0,0,0,0,0,0,,0,0,0,0,0,0,false,
121,122,23497,false,146,50,1.662,0,1.393,0,dynamic_visual_atlas_upload,,,cell_indirection_lut,1.205,2400,2400,0,0,-1,-1,,1991.701174,3.013,4.027,4.027,1,8,3,1.5,false,2,8.666,,,,,,,,,,,,,,,,,,,,,,,,,,,,,,,,,,,,,,,,,,0,0,0,0,false,0,0,,0,0,0,0,0,0,0,,,,,false,{},{},{},{},{},{},{},0,4.322,4.52,0,0,0.022,0,0,0,0,0,0.003,0,0,0,0,0,0,100,0,6.802,11.818,0.119,2.26,0,0,0,6,6,0,321,0,15,2,0,0,1,2400,0.021,0.025,0,ACTIVE,ACTIVE,,4095,4095,0,,true,16,false,0,0,true,2.4389,0.002,19200,2280,0,,,,,,0,,,0,0,2,120,120,0,767537690763,6.528,0,0.03,0,0,125,124,2400,true,0,0,0,0,0,0,12,12,21624,0,0,0,0,0,0,0,0,0,0,0,0,0,,0,0,0,0,0,0,0,0,0,0,0,0,0,0,0,0,0,0,,0,0,0,0,0,0,false,
122,123,23516,false,146,50,1.433,0,1.253,0,dynamic_visual_atlas_upload,,,cell_indirection_lut,1.205,2400,2400,0,0,-1,-1,,1991.701174,3.013,4.027,4.027,1,8,3,1.5,false,2,8.666,,,,,,,,,,,,,,,,,,,,,,,,,,,,,,,,,,,,,,,,,,0,0,0,0,false,0,0,,0,0,0,0,0,0,0,,,,,false,{},{},{},{},{},{},{},0,3.312,3.494,0,0,0.021,0,0,0,0,0,0.003,0,0,0,0,0,0,100,0,6.355333,11.818,0.119,2.840333,0,0,0,6,6,0,321,0,15,2,0,0,1,2400,0.021,0.025,0,ACTIVE,ACTIVE,,4095,4095,0,,true,16,false,0,0,true,2.0821,0.0016,24000,2280,0,,,,,,0,,,0,0,2,121,121,0,767537712009,4.358,0,0.031,0,0,126,125,2400,true,0,0,0,0,0,0,12,12,19224,0,0,0,0,0,0,0,0,0,0,0,0,0,,0,0,0,0,0,0,0,0,0,0,0,0,0,0,0,0,0,0,,0,0,0,0,0,0,false,
123,124,23537,false,146,50,1.433,0,1.3,0,dynamic_visual_atlas_upload,,,cell_indirection_lut,1.205,2400,2400,0,0,-1,-1,,1991.701174,3.013,4.027,4.027,1,8,3,1.5,false,2,8.666,,,,,,,,,,,,,,,,,,,,,,,,,,,,,,,,,,,,,,,,,,0,0,0,0,false,0,0,,0,0,0,0,0,0,0,,,,,false,{},{},{},{},{},{},{},0,3.391,3.571,0,0,0.019,0,0,0,0,0,0.003,0,0,0,0,0,0,100,0,6.835,11.818,0.119,3.245,0,0,0,6,6,0,321,0,15,2,0,0,1,2400,0.021,0.025,0,ACTIVE,ACTIVE,,4095,4095,0,,true,16,false,0,0,true,1.9689,0.0017,19200,2280,0,,,,,,0,,,0,0,2,122,122,0,767537731414,5.484,0,0.028,0,0,127,126,2400,true,0,0,0,0,0,0,12,12,24024,0,0,0,0,0,0,0,0,0,0,0,0,0,,0,0,0,0,0,0,0,0,0,0,0,0,0,0,0,0,0,0,,0,0,0,0,0,0,false,
124,125,23559,false,146,50,1.54,0,1.341,0,dynamic_visual_atlas_upload,,,cell_indirection_lut,1.205,2400,2400,0,0,-1,-1,,1991.701174,3.013,4.027,4.027,1,8,3,1.5,false,2,8.666,,,,,,,,,,,,,,,,,,,,,,,,,,,,,,,,,,,,,,,,,,0,0,0,0,false,0,0,,0,0,0,0,0,0,0,,,,,false,{},{},{},{},{},{},{},0.001,4.073,4.483,0,0,0.02,0,0,0,0,0,0.003,0,0,0,0,0,0,100,0,7.345667,11.818,0.119,2.842667,0,0,0,6,6,0,321,0,15,2,0,0,1,2400,0.021,0.025,0,ACTIVE,ACTIVE,,4095,4095,0,,true,16,false,0,0,true,2.5363,0.0017,52800,2280,0,,,,,,0,,,0,0,2,123,123,0,767537750020,8.864,0,0.03,0,0,128,127,2400,true,0,0,0,0,0,0,12,12,19224,0,0,0,0,0,0,0,0,0,0,0,0,0,,0,0,0,0,0,0,0,0,0,0,0,0,0,0,0,0,0,0,,0,0,0,0,0,0,false,
125,126,23575,false,146,50,1.509,0,1.328,0,dynamic_visual_atlas_upload,,,cell_indirection_lut,1.205,2400,2400,0,0,-1,-1,,1991.701174,3.013,4.027,4.027,1,8,3,1.5,false,2,8.666,,,,,,,,,,,,,,,,,,,,,,,,,,,,,,,,,,,,,,,,,,0,0,0,0,false,0,0,,0,0,0,0,0,0,0,,,,,false,{},{},{},{},{},{},{},0.001,0,0.221,0,0,0.019,0,0,0,0,0,0.003,0,0,0,0,0,0,100,0,5.459667,11.818,0.119,5.219667,0,0,0,6,6,0,321,0,15,2,0,0,1,2400,0.021,0.025,0,ACTIVE,ACTIVE,,4095,4095,0,,true,16,false,0,0,true,1.8106,0.0011,19200,2280,0,,,,,,0,,,0,0,2,124,124,0,767537770392,4.885,0,0.03,0,0,129,128,2400,true,0,0,0,0,0,0,12,12,52824,0,0,0,0,0,0,0,0,0,0,0,0,0,,0,0,0,0,0,0,0,0,0,0,0,0,0,0,0,0,0,0,,0,0,0,0,0,0,false,
126,127,23596,false,146,50,1.495,0,1.302,0,dynamic_visual_atlas_upload,,,cell_indirection_lut,1.205,2400,2400,0,0,-1,-1,,1991.701174,3.013,4.027,4.027,1,8,3,1.5,false,2,8.666,,,,,,,,,,,,,,,,,,,,,,,,,,,,,,,,,,,,,,,,,,0,0,0,0,false,0,0,,0,0,0,0,0,0,0,,,,,false,{},{},{},{},{},{},{},0,6.977,7.165,0,0,0.035,0,0,0,0,0,0.006,0,0,0,0,0,0,100,0,10.599,11.818,0.119,3.399,0,0,0,6,6,0,321,0,15,2,0,0,1,2400,0.021,0.025,0,ACTIVE,ACTIVE,,4095,4095,0,,true,16,false,0,0,true,2.6229,0.0014,21600,2280,0,,,,,,0,,,0,0,2,125,125,0,767537791830,4.621,0,0.028,0,0,130,129,2400,true,0,0,0,0,0,0,12,12,19224,0,0,0,0,0,0,0,0,0,0,0,0,0,,0,0,0,0,0,0,0,0,0,0,0,0,0,0,0,0,0,0,,0,0,0,0,0,0,false,
127,128,23617,false,146,50,1.637,0,1.395,0,dynamic_visual_atlas_upload,,,cell_indirection_lut,1.205,2400,2400,0,0,-1,-1,,1991.701174,3.013,4.027,4.027,1,8,3,1.5,false,2,8.666,,,,,,,,,,,,,,,,,,,,,,,,,,,,,,,,,,,,,,,,,,0,0,0,0,false,0,0,,0,0,0,0,0,0,0,,,,,false,{},{},{},{},{},{},{},0,0,0.258,0,0,0.021,0,0,0,0,0,0.004,0,0,0,0,0,0,100,0,5.125,11.818,0.119,4.846,0,0,0,6,6,0,321,0,15,2,0,0,1,2400,0.021,0.025,0,ACTIVE,ACTIVE,,4095,4095,0,,true,16,false,0,0,true,1.921,0.0013,19200,2280,0,,,,,,0,,,0,0,2,126,126,0,767537811022,5.969,0,0.028,0,0,131,130,2400,true,0,0,0,0,0,0,12,12,21624,0,0,0,0,0,0,0,0,0,0,0,0,0,,0,0,0,0,0,0,0,0,0,0,0,0,0,0,0,0,0,0,,0,0,0,0,0,0,false,
128,129,23633,false,146,50,1.487,0,1.296,0,dynamic_visual_atlas_upload,,,cell_indirection_lut,1.205,2400,2400,0,0,-1,-1,,1991.701174,3.013,4.027,4.027,1,8,3,1.5,false,2,8.666,,,,,,,,,,,,,,,,,,,,,,,,,,,,,,,,,,,,,,,,,,0,0,0,0,false,0,0,,0,0,0,0,0,0,0,,,,,false,{},{},{},{},{},{},{},0,3.256,3.436,0,0,0.022,0,0,0,0,0,0.003,0,0,0,0,0,0,100,0,8.3395,11.818,0.119,4.8815,0,0,0,6,6,0,321,0,15,2,0,0,1,2400,0.021,0.025,0,ACTIVE,ACTIVE,,4095,4095,0,,true,16,false,0,0,true,1.9033,0.0016,19200,2280,0,,,,,,0,,,0,0,2,127,127,0,767537830621,3.017,0,0.033,0,0,132,131,2400,true,0,0,0,0,0,0,12,12,19224,0,0,0,0,0,0,0,0,0,0,0,0,0,,0,0,0,0,0,0,0,0,0,0,0,0,0,0,0,0,0,0,,0,0,0,0,0,0,false,
129,130,23655,false,146,50,1.703,0,1.442,0,dynamic_visual_atlas_upload,,,cell_indirection_lut,1.205,2400,2400,0,0,-1,-1,,1991.701174,3.013,4.027,4.027,1,8,3,1.5,false,2,8.666,,,,,,,,,,,,,,,,,,,,,,,,,,,,,,,,,,,,,,,,,,0,0,0,0,false,0,0,,0,0,0,0,0,0,0,,,,,false,{},{},{},{},{},{},{},0.001,3.977,4.164,0,0,0.019,0,0,0,0,0,0.003,0,0,0,0,0,0,100,0,7.249,11.818,0.119,3.066,0,0,0,6,6,0,321,0,15,2,0,0,1,2400,0.021,0.025,0,ACTIVE,ACTIVE,,4095,4095,0,,true,16,false,0,0,true,1.9386,0.0009,19200,2280,0,,,,,,0,,,0,0,2,128,128,0,767537849813,5.6,0,0.031,0,0,133,132,2400,true,0,0,0,0,0,0,12,12,19224,0,0,0,0,0,0,0,0,0,0,0,0,0,,0,0,0,0,0,0,0,0,0,0,0,0,0,0,0,0,0,0,,0,0,0,0,0,0,false,
130,131,23675,false,146,50,1.489,0,1.296,0,dynamic_visual_atlas_upload,,,cell_indirection_lut,1.205,2400,2400,0,0,-1,-1,,1991.701174,3.013,4.027,4.027,1,8,3,1.5,false,2,8.666,,,,,,,,,,,,,,,,,,,,,,,,,,,,,,,,,,,,,,,,,,0,0,0,0,false,0,0,,0,0,0,0,0,0,0,,,,,false,{},{},{},{},{},{},{},0,3.272,3.456,0,0,0.02,0,0,0,0,0,0.003,0,0,0,0,0,0,100,0,6.633333,11.818,0.119,3.157333,0,0,0,6,6,0,321,0,15,2,0,0,1,2400,0.021,0.025,0,ACTIVE,ACTIVE,,4095,4095,0,,true,16,false,0,0,true,2.0558,0.0013,19200,2280,0,,,,,,0,,,0,0,2,129,129,0,767537869471,5.801,0,0.031,0,0,134,133,2400,true,0,0,0,0,0,0,12,12,19224,0,0,0,0,0,0,0,0,0,0,0,0,0,,0,0,0,0,0,0,0,0,0,0,0,0,0,0,0,0,0,0,,0,0,0,0,0,0,false,
131,132,23695,false,146,50,1.449,0,1.302,0,dynamic_visual_atlas_upload,,,cell_indirection_lut,1.205,2400,2400,0,0,-1,-1,,1991.701174,3.013,4.027,4.027,1,8,3,1.5,false,2,8.666,,,,,,,,,,,,,,,,,,,,,,,,,,,,,,,,,,,,,,,,,,0,0,0,0,false,0,0,,0,0,0,0,0,0,0,,,,,false,{},{},{},{},{},{},{},0,3.318,3.529,0,0,0.022,0,0,0,0,0,0.003,0,0,0,0,0,0,100,0,6.746,11.818,0.119,3.195,0,0,0,6,6,0,321,0,15,2,0,0,1,2400,0.021,0.025,0,ACTIVE,ACTIVE,,4095,4095,0,,true,16,false,0,0,true,1.9534,0.0016,19200,2280,0,,,,,,0,,,0,0,2,130,130,0,767537888671,6.854,0,0.031,0,0,135,134,2400,true,0,0,0,0,0,0,12,12,19224,0,0,0,0,0,0,0,0,0,0,0,0,0,,0,0,0,0,0,0,0,0,0,0,0,0,0,0,0,0,0,0,,0,0,0,0,0,0,false,
132,133,23716,false,146,50,1.423,0,1.273,0,dynamic_visual_atlas_upload,,,cell_indirection_lut,1.205,2400,2400,0,0,-1,-1,,1991.701174,3.013,4.027,4.027,1,8,3,1.5,false,2,8.666,,,,,,,,,,,,,,,,,,,,,,,,,,,,,,,,,,,,,,,,,,0,0,0,0,false,0,0,,0,0,0,0,0,0,0,,,,,false,{},{},{},{},{},{},{},0,3.426,3.609,0,0,0.021,0,0,0,0,0,0.003,0,0,0,0,0,0,100,0,6.949,11.818,0.119,3.319,0,0,0,6,6,0,321,0,15,2,0,0,1,2400,0.021,0.025,0,ACTIVE,ACTIVE,,4095,4095,0,,true,16,false,0,0,true,3.7626,0.0015,55200,2280,0,,,,,,0,,,0,0,2,131,131,0,767537907801,8.553,0,0.029,0,0,136,135,2400,true,0,0,0,0,0,0,12,12,19224,0,0,0,0,0,0,0,0,0,0,0,0,0,,0,0,0,0,0,0,0,0,0,0,0,0,0,0,0,0,0,0,,0,0,0,0,0,0,false,
133,134,23737,false,146,50,1.406,0,1.264,0,dynamic_visual_atlas_upload,,,cell_indirection_lut,1.205,2400,2400,0,0,-1,-1,,1991.701174,3.013,4.027,4.027,1,8,3,1.5,false,2,8.666,,,,,,,,,,,,,,,,,,,,,,,,,,,,,,,,,,,,,,,,,,0,0,0,0,false,0,0,,0,0,0,0,0,0,0,,,,,false,{},{},{},{},{},{},{},0,3.538,3.724,0,0,0.02,0,0,0,0,0,0.003,0,0,0,0,0,0,100,0,6.919333,11.818,0.119,3.175333,0,0,0,6,6,0,321,0,15,2,0,0,1,2400,0.021,0.025,0,ACTIVE,ACTIVE,,4095,4095,0,,true,16,false,0,0,true,2.0015,0.0019,19200,2280,0,,,,,,0,,,0,0,2,132,132,0,767537930549,6.576,0,0.029,0,0,137,136,2400,true,0,0,0,0,0,0,12,12,55224,0,0,0,0,0,0,0,0,0,0,0,0,0,,0,0,0,0,0,0,0,0,0,0,0,0,0,0,0,0,0,0,,0,0,0,0,0,0,false,
134,135,23757,false,146,50,1.437,0,1.287,0,dynamic_visual_atlas_upload,,,cell_indirection_lut,1.205,2400,2400,0,0,-1,-1,,1991.701174,3.013,4.027,4.027,1,8,3,1.5,false,2,8.666,,,,,,,,,,,,,,,,,,,,,,,,,,,,,,,,,,,,,,,,,,0,0,0,0,false,0,0,,0,0,0,0,0,0,0,,,,,false,{},{},{},{},{},{},{},0,3.292,3.486,0,0,0.02,0,0,0,0,0,0.003,0,0,0,0,0,0,100,0,6.812667,11.818,0.119,3.306667,0,0,0,6,6,0,321,0,15,2,0,0,1,2400,0.021,0.025,0,ACTIVE,ACTIVE,,4095,4095,0,,true,16,false,0,0,true,1.913,0.0014,19200,2280,0,,,,,,0,,,0,0,2,133,133,0,767537949927,7.615,0,0.029,0,0,138,137,2400,true,0,0,0,0,0,0,12,12,19224,0,0,0,0,0,0,0,0,0,0,0,0,0,,0,0,0,0,0,0,0,0,0,0,0,0,0,0,0,0,0,0,,0,0,0,0,0,0,false,
135,136,23771,false,146,50,1.619,0,1.437,0,dynamic_visual_atlas_upload,,,cell_indirection_lut,1.205,2400,2400,0,0,-1,-1,,1991.701174,3.013,4.027,4.027,1,8,3,1.5,false,2,8.666,,,,,,,,,,,,,,,,,,,,,,,,,,,,,,,,,,,,,,,,,,0,0,0,0,false,0,0,,0,0,0,0,0,0,0,,,,,false,{},{},{},{},{},{},{},0,3.048,3.211,0,0,0.018,0,0,0,0,0,0.003,0,0,0,0,0,0,100,0,6.948,11.818,0.119,3.719,0,0,0,6,6,0,321,0,15,2,0,0,1,2400,0.021,0.025,0,ACTIVE,ACTIVE,,4095,4095,0,,true,16,false,0,0,true,1.8693,0.0011,19200,2280,0,,,,,,0,,,0,0,2,134,134,0,767537968529,2.913,0,0.032,0,0,139,138,2400,true,0,0,0,0,0,0,12,12,19224,0,0,0,0,0,0,0,0,0,0,0,0,0,,0,0,0,0,0,0,0,0,0,0,0,0,0,0,0,0,0,0,,0,0,0,0,0,0,false,
136,137,23792,false,146,50,1.427,0,1.259,0,dynamic_visual_atlas_upload,,,cell_indirection_lut,1.205,2400,2400,0,0,-1,-1,,1991.701174,3.013,4.027,4.027,1,8,3,1.5,false,2,8.666,,,,,,,,,,,,,,,,,,,,,,,,,,,,,,,,,,,,,,,,,,0,0,0,0,false,0,0,,0,0,0,0,0,0,0,,,,,false,{},{},{},{},{},{},{},0.001,3.058,3.227,0,0,0.019,0,0,0,0,0,0.003,0,0,0,0,0,0,100,0,6.859,11.818,0.119,3.613,0,0,0,6,6,0,321,0,15,2,0,0,1,2400,0.021,0.025,0,ACTIVE,ACTIVE,,4095,4095,0,,true,16,false,0,0,true,1.8475,0.001,19200,2280,0,,,,,,0,,,0,0,2,135,135,0,767537987946,4.07,0,0.03,0,0,140,139,2400,true,0,0,0,0,0,0,12,12,19224,0,0,0,0,0,0,0,0,0,0,0,0,0,,0,0,0,0,0,0,0,0,0,0,0,0,0,0,0,0,0,0,,0,0,0,0,0,0,false,
137,138,23813,false,146,50,1.416,0,1.284,0,dynamic_visual_atlas_upload,,,cell_indirection_lut,1.205,2400,2400,0,0,-1,-1,,1991.701174,3.013,4.027,4.027,1,8,3,1.5,false,2,8.666,,,,,,,,,,,,,,,,,,,,,,,,,,,,,,,,,,,,,,,,,,0,0,0,0,false,0,0,,0,0,0,0,0,0,0,,,,,false,{},{},{},{},{},{},{},0,3.872,4.048,0,0,0.018,0,0,0,0,0,0.004,0,0,0,0,0,0,100,0,7.075667,11.818,0.119,3.009667,0,0,0,6,6,0,321,0,15,2,0,0,1,2400,0.021,0.025,0,ACTIVE,ACTIVE,,4095,4095,0,,true,16,false,0,0,true,1.8707,0.0011,19200,2280,0,,,,,,0,,,0,0,2,136,136,0,767538006831,6.542,0,0.028,0,0,141,140,2400,true,0,0,0,0,0,0,12,12,19224,0,0,0,0,0,0,0,0,0,0,0,0,0,,0,0,0,0,0,0,0,0,0,0,0,0,0,0,0,0,0,0,,0,0,0,0,0,0,false,
138,139,23833,false,146,50,1.393,0,1.262,0,dynamic_visual_atlas_upload,,,cell_indirection_lut,1.205,2400,2400,0,0,-1,-1,,1991.701174,3.013,4.027,4.027,1,8,3,1.5,false,2,8.666,,,,,,,,,,,,,,,,,,,,,,,,,,,,,,,,,,,,,,,,,,0,0,0,0,false,0,0,,0,0,0,0,0,0,0,,,,,false,{},{},{},{},{},{},{},0,3.144,3.302,0,0,0.015,0,0,0,0,0,0.002,0,0,0,0,0,0,100,0,6.607667,11.818,0.119,3.290667,0,0,0,6,6,0,321,0,15,2,0,0,1,2400,0.021,0.025,0,ACTIVE,ACTIVE,,4095,4095,0,,true,16,false,0,0,true,2.5445,0.0018,21600,2280,0,,,,,,0,,,0,0,2,137,137,0,767538025509,7.611,0,0.027,0,0,142,141,2400,true,0,0,0,0,0,0,12,12,19224,0,0,0,0,0,0,0,0,0,0,0,0,0,,0,0,0,0,0,0,0,0,0,0,0,0,0,0,0,0,0,0,,0,0,0,0,0,0,false,
139,140,23854,false,146,50,1.409,0,1.276,0,dynamic_visual_atlas_upload,,,cell_indirection_lut,1.205,2400,2400,0,0,-1,-1,,1991.701174,3.013,4.027,4.027,1,8,3,1.5,false,2,8.666,,,,,,,,,,,,,,,,,,,,,,,,,,,,,,,,,,,,,,,,,,0,0,0,0,false,0,0,,0,0,0,0,0,0,0,,,,,false,{},{},{},{},{},{},{},0,3.143,3.298,0,0,0.015,0,0,0,0,0,0.003,0,0,0,0,0,0,100,0,6.949333,11.818,0.119,3.636333,0,0,0,6,6,0,321,0,15,2,0,0,1,2400,0.021,0.025,0,ACTIVE,ACTIVE,,4095,4095,0,,true,16,false,0,0,true,1.817,0.0009,19200,2280,0,,,,,,0,,,0,0,2,138,138,0,767538045092,8.822,0,0.04,0,0,143,142,2400,true,0,0,0,0,0,0,12,12,21624,0,0,0,0,0,0,0,0,0,0,0,0,0,,0,0,0,0,0,0,0,0,0,0,0,0,0,0,0,0,0,0,,0,0,0,0,0,0,false,
140,141,23874,false,146,50,1.416,0,1.253,0,dynamic_visual_atlas_upload,,,cell_indirection_lut,1.205,2400,2400,0,0,-1,-1,,1991.701174,3.013,4.027,4.027,1,8,3,1.5,false,2,8.666,,,,,,,,,,,,,,,,,,,,,,,,,,,,,,,,,,,,,,,,,,0,0,0,0,false,0,0,,0,0,0,0,0,0,0,,,,,false,{},{},{},{},{},{},{},0,3.19,3.374,0,0,0.016,0,0,0,0,0,0.003,0,0,0,0,0,0,100,0,6.909,11.818,0.119,3.519,0,0,0,6,6,0,321,0,15,2,0,0,1,2400,0.021,0.025,0,ACTIVE,ACTIVE,,4095,4095,0,,true,16,false,0,0,true,2.574,0.0017,52800,2280,0,,,,,,0,,,0,0,2,139,139,0,767538063063,11.601,0,0.027,0,0,144,143,2400,true,0,0,0,0,0,0,12,12,19224,0,0,0,0,0,0,0,0,0,0,0,0,0,,0,0,0,0,0,0,0,0,0,0,0,0,0,0,0,0,0,0,,0,0,0,0,0,0,false,
141,142,23885,false,146,50,1.416,0,1.259,0,dynamic_visual_atlas_upload,,,cell_indirection_lut,1.205,2400,2400,0,0,-1,-1,,1991.701174,3.013,4.027,4.027,1,8,3,1.5,false,2,8.666,,,,,,,,,,,,,,,,,,,,,,,,,,,,,,,,,,,,,,,,,,0,0,0,0,false,0,0,,0,0,0,0,0,0,0,,,,,false,{},{},{},{},{},{},{},0,0,0.177,0,0,0.017,0,0,0,0,0,0.003,0,0,0,0,0,0,100,0,5.4025,11.818,0.119,5.2085,0,0,0,6,6,0,321,0,15,2,0,0,1,2400,0.021,0.025,0,ACTIVE,ACTIVE,,4095,4095,0,,true,16,false,0,0,true,1.8498,0.0012,19200,2280,0,,,,,,0,,,0,0,2,140,140,0,767538083202,2.234,0,0.027,0,0,144,143,2400,true,0,0,0,0,0,0,12,12,52824,0,0,0,0,0,0,0,0,0,0,0,0,0,,0,0,0,0,0,0,0,0,0,0,0,0,0,0,0,0,0,0,,0,0,0,0,0,0,false,
142,143,23906,false,146,50,1.512,0,1.324,0,dynamic_visual_atlas_upload,,,cell_indirection_lut,1.205,2400,2400,0,0,-1,-1,,1991.701174,3.013,4.027,4.027,1,8,3,1.5,false,2,8.666,,,,,,,,,,,,,,,,,,,,,,,,,,,,,,,,,,,,,,,,,,0,0,0,0,false,0,0,,0,0,0,0,0,0,0,,,,,false,{},{},{},{},{},{},{},0,0,0.173,0,0,0.018,0,0,0,0,0,0.002,0,0,0,0,0,0,100,0,7.089,11.818,0.119,6.898,0,0,0,6,6,0,321,0,15,2,0,0,1,2400,0.021,0.025,0,ACTIVE,ACTIVE,,4095,4095,0,,true,16,false,0,0,true,1.9457,0.0016,19200,2280,0,,,,,,0,,,0,0,2,141,141,0,767538102226,4.495,0,0.025,0,0,145,144,2400,true,0,0,0,0,0,0,12,12,19224,0,0,0,0,0,0,0,0,0,0,0,0,0,,0,0,0,0,0,0,0,0,0,0,0,0,0,0,0,0,0,0,,0,0,0,0,0,0,false,
143,144,23927,false,146,50,1.447,0,1.269,0,dynamic_visual_atlas_upload,,,cell_indirection_lut,1.205,2400,2400,0,0,-1,-1,,1991.701174,3.013,4.027,4.027,1,8,3,1.5,false,2,8.666,,,,,,,,,,,,,,,,,,,,,,,,,,,,,,,,,,,,,,,,,,0,0,0,0,false,0,0,,0,0,0,0,0,0,0,,,,,false,{},{},{},{},{},{},{},0,0,0.219,0,0,0.016,0,0,0,0,0,0.003,0,0,0,0,0,0,100,0,6.752,11.818,0.119,6.517,0,0,0,6,6,0,321,0,15,2,0,0,1,2400,0.021,0.025,0,ACTIVE,ACTIVE,,4095,4095,0,,true,16,false,0,0,true,1.8887,0.001,19200,2280,0,,,,,,0,,,0,0,2,142,142,0,767538121323,5.706,0,0.027,0,0,146,145,2400,true,0,0,0,0,0,0,12,12,19224,0,0,0,0,0,0,0,0,0,0,0,0,0,,0,0,0,0,0,0,0,0,0,0,0,0,0,0,0,0,0,0,,0,0,0,0,0,0,false,
144,145,23948,false,146,50,1.473,0,1.294,0,dynamic_visual_atlas_upload,,,cell_indirection_lut,1.205,2400,2400,0,0,-1,-1,,1991.701174,3.013,4.027,4.027,1,8,3,1.5,false,2,8.666,,,,,,,,,,,,,,,,,,,,,,,,,,,,,,,,,,,,,,,,,,0,0,0,0,false,0,0,,0,0,0,0,0,0,0,,,,,false,{},{},{},{},{},{},{},0,0,0.227,0,0,0.017,0,0,0,0,0,0.002,0,0,0,0,0,0,100,0,6.933667,11.818,0.119,6.689667,0,0,0,6,6,0,321,0,15,2,0,0,1,2400,0.021,0.025,0,ACTIVE,ACTIVE,,4095,4095,0,,true,16,false,0,0,true,2.6122,0.0013,21600,2280,0,,,,,,0,,,0,0,2,143,143,0,767538140354,7.424,0,0.028,0,0,147,146,2400,true,0,0,0,0,0,0,12,12,19224,0,0,0,0,0,0,0,0,0,0,0,0,0,,0,0,0,0,0,0,0,0,0,0,0,0,0,0,0,0,0,0,,0,0,0,0,0,0,false,
145,146,23972,false,146,50,1.471,0,1.323,0,dynamic_visual_atlas_upload,,,cell_indirection_lut,1.205,2400,2400,0,0,-1,-1,,1991.701174,3.013,4.027,4.027,1,8,3,1.5,false,2,8.666,,,,,,,,,,,,,,,,,,,,,,,,,,,,,,,,,,,,,,,,,,0,0,0,0,false,0,0,,0,0,0,0,0,0,0,,,,,false,{},{},{},{},{},{},{},0,4.054,4.246,0,0,0.02,0,0,0,0,0,0.003,0,0,0,0,0,0,100,0,8.15,11.818,0.119,3.884,0,0,0,6,6,0,321,0,15,2,0,0,1,2400,0.021,0.025,0,ACTIVE,ACTIVE,,4095,4095,0,,true,16,false,0,0,true,1.9618,0.0013,19200,2280,0,,,,,,0,,,0,0,2,144,144,0,767538160271,11.963,0,0.028,0,0,149,148,2400,true,0,0,0,0,0,0,12,12,21624,0,0,0,0,0,0,0,0,0,0,0,0,0,,0,0,0,0,0,0,0,0,0,0,0,0,0,0,0,0,0,0,,0,0,0,0,0,0,false,
146,147,23982,false,146,50,1.431,0,1.27,0,dynamic_visual_atlas_upload,,,cell_indirection_lut,1.205,2400,2400,0,0,-1,-1,,1991.701174,3.013,4.027,4.027,1,8,3,1.5,false,2,8.666,,,,,,,,,,,,,,,,,,,,,,,,,,,,,,,,,,,,,,,,,,0,0,0,0,false,0,0,,0,0,0,0,0,0,0,,,,,false,{},{},{},{},{},{},{},0,0,0.208,0,0,0.018,0,0,0,0,0,0.003,0,0,0,0,0,0,100,0,5.043,11.818,0.119,4.817,0,0,0,6,6,0,321,0,15,2,0,0,1,2400,0.021,0.025,0,ACTIVE,ACTIVE,,4095,4095,0,,true,16,false,0,0,true,1.8467,0.0009,19200,2280,0,,,,,,0,,,0,0,2,145,145,0,767538179334,3.088,0,0.03,0,0,149,148,2400,true,0,0,0,0,0,0,12,12,19224,0,0,0,0,0,0,0,0,0,0,0,0,0,,0,0,0,0,0,0,0,0,0,0,0,0,0,0,0,0,0,0,,0,0,0,0,0,0,false,
147,148,24003,false,146,50,1.492,0,1.295,0,dynamic_visual_atlas_upload,,,cell_indirection_lut,1.205,2400,2400,0,0,-1,-1,,1991.701174,3.013,4.027,4.027,1,8,3,1.5,false,2,8.666,,,,,,,,,,,,,,,,,,,,,,,,,,,,,,,,,,,,,,,,,,0,0,0,0,false,0,0,,0,0,0,0,0,0,0,,,,,false,{},{},{},{},{},{},{},0,0.001,0.28,0,0,0.02,0,0,0,0,0,0.004,0,0,0,0,0,0,100,0,6.941667,11.818,0.119,6.641667,0,0,0,6,6,0,321,0,15,2,0,0,1,2400,0.021,0.025,0,ACTIVE,ACTIVE,,4095,4095,0,,true,16,false,0,0,true,2.042,0.0017,19200,2280,0,,,,,,0,,,0,0,2,146,146,0,767538198906,4.245,0,0.03,0,0,150,149,2400,true,0,0,0,0,0,0,12,12,19224,0,0,0,0,0,0,0,0,0,0,0,0,0,,0,0,0,0,0,0,0,0,0,0,0,0,0,0,0,0,0,0,,0,0,0,0,0,0,false,
148,149,24025,false,144,50,1.692,0,1.433,0,dynamic_visual_atlas_upload,,,cell_indirection_lut,1.205,2400,2400,0,0,-1,-1,,1991.701174,3.013,4.027,4.027,1,8,3,1.5,false,2,8.666,,,,,,,,,,,,,,,,,,,,,,,,,,,,,,,,,,,,,,,,,,0,0,0,0,false,0,0,,0,0,0,0,0,0,0,,,,,false,{},{},{},{},{},{},{},0,0,0.36,0,0,0.038,0,0,0,0,0,0.006,0,0,0,0,0,0,100,0,7.331333,11.905,0.079,6.933333,0,0,0,6,6,0,321,0,15,2,0,0,1,2400,0.021,0.025,0,ACTIVE,ACTIVE,,4095,4095,0,,true,16,false,0,0,true,3.0545,0.0027,52800,2280,0,,,,,,0,,,0,0,2,147,147,0,767538217981,7.173,0,0.029,0,0,151,150,2400,true,0,0,0,0,0,0,12,12,19224,0,0,0,0,0,0,0,0,0,0,0,0,0,,0,0,0,0,0,0,0,0,0,0,0,0,0,0,0,0,0,0,,0,0,0,0,0,0,false,
149,150,24045,false,144,50,1.663,0,1.379,0,dynamic_visual_atlas_upload,,,cell_indirection_lut,1.205,2400,2400,0,0,-1,-1,,1991.701174,3.013,4.027,4.027,1,8,3,1.5,false,2,8.666,,,,,,,,,,,,,,,,,,,,,,,,,,,,,,,,,,,,,,,,,,0,0,0,0,false,0,0,,0,0,0,0,0,0,0,,,,,false,{},{},{},{},{},{},{},0,0,0.27,0,0,0.021,0,0,0,0,0,0.004,0,0,0,0,0,0,100,0,6.590667,11.905,0.079,6.299667,0,0,0,6,6,0,321,0,15,2,0,0,1,2400,0.021,0.025,0,ACTIVE,ACTIVE,,4095,4095,0,,true,16,false,0,0,true,1.897,0.0011,19200,2187,0,,,,,,0,,,0,0,2,148,148,0,767538238878,6.083,0,0.032,0,0,152,151,2400,true,0,0,0,0,0,0,12,12,52824,0,0,0,0,0,0,0,0,0,0,0,0,0,,0,0,0,0,0,0,0,0,0,0,0,0,0,0,0,0,0,0,,0,0,0,0,0,0,false,
150,151,24066,false,144,50,1.608,0,1.354,0,dynamic_visual_atlas_upload,,,cell_indirection_lut,1.205,2400,2400,0,0,-1,-1,,1991.701174,3.013,4.027,4.027,1,8,3,1.5,false,2,8.666,,,,,,,,,,,,,,,,,,,,,,,,,,,,,,,,,,,,,,,,,,0,0,0,0,false,0,0,,0,0,0,0,0,0,0,,,,,false,{},{},{},{},{},{},{},0,0,0.321,0,0,0.021,0,0,0,0,0,0.004,0,0,0,0,0,0,100,0,7.025,11.905,0.079,6.683,0,0,0,6,6,0,321,0,15,2,0,0,1,2400,0.021,0.025,0,ACTIVE,ACTIVE,,4095,4095,0,,true,16,false,0,0,true,2.997,0.0017,21600,2280,0,,,,,,0,,,0,0,2,149,149,0,767538258958,7.042,0,0.033,0,0,153,152,2400,true,0,0,0,0,0,0,12,12,19224,0,0,0,0,0,0,0,0,0,0,0,0,0,,0,0,0,0,0,0,0,0,0,0,0,0,0,0,0,0,0,0,,0,0,0,0,0,0,false,
151,152,24086,false,144,50,1.726,0,1.443,0,dynamic_visual_atlas_upload,,,cell_indirection_lut,1.205,2400,2400,0,0,-1,-1,,1991.701174,3.013,4.027,4.027,1,8,3,1.5,false,2,8.666,,,,,,,,,,,,,,,,,,,,,,,,,,,,,,,,,,,,,,,,,,0,0,0,0,false,0,0,,0,0,0,0,0,0,0,,,,,false,{},{},{},{},{},{},{},0,0,0.297,0,0,0.021,0,0,0,0,0,0.004,0,0,0,0,0,0,100,0,6.764667,11.905,0.079,6.446667,0,0,0,6,6,0,321,0,15,2,0,0,1,2400,0.021,0.025,0,ACTIVE,ACTIVE,,4095,4095,0,,true,16,false,0,0,true,3.3313,0.0025,19200,2280,0,,,,,,0,,,0,0,2,150,150,0,767538282065,4.304,0,0.031,0,0,154,153,2400,true,0,0,0,0,0,0,12,12,21624,0,0,0,0,0,0,0,0,0,0,0,0,0,,0,0,0,0,0,0,0,0,0,0,0,0,0,0,0,0,0,0,,0,0,0,0,0,0,false,
152,153,24118,false,144,50,1.954,0,1.674,0,dynamic_visual_atlas_upload,,,cell_indirection_lut,1.205,2400,2400,0,0,-1,-1,,1991.701174,3.013,4.027,4.027,1,8,3,1.5,false,2,8.666,,,,,,,,,,,,,,,,,,,,,,,,,,,,,,,,,,,,,,,,,,0,0,0,0,false,0,0,,0,0,0,0,0,0,0,,,,,false,{},{},{},{},{},{},{},0.001,3.712,3.993,0,0,0.022,0,0,0,0,0,0.003,0,0,0,0,0,0,100,0,7.9065,11.905,0.079,3.8915,0,0,0,6,6,0,321,0,15,2,0,0,1,2400,0.021,0.025,0,ACTIVE,ACTIVE,,4095,4095,0,,true,16,false,0,0,true,2.4041,0.0072,19200,2280,0,,,,,,0,,,0,0,2,151,151,0,767538306739,11.271,0,0.031,0,0,156,155,2400,true,0,0,0,0,0,0,12,12,19224,0,0,0,0,0,0,0,0,0,0,0,0,0,,0,0,0,0,0,0,0,0,0,0,0,0,0,0,0,0,0,0,,0,0,0,0,0,0,false,
153,154,24141,false,144,50,2.775,0,2.389,0,dynamic_visual_atlas_upload,,,cell_indirection_lut,1.205,2400,2400,0,0,-1,-1,,1991.701174,3.013,4.027,4.027,1,8,3,1.5,false,2,8.666,,,,,,,,,,,,,,,,,,,,,,,,,,,,,,,,,,,,,,,,,,0,0,0,0,false,0,0,,0,0,0,0,0,0,0,,,,,false,{},{},{},{},{},{},{},0,4.834,5.113,0,0,0.027,0,0,0,0,0,0.004,0,0,0,0,0,0,100,0,7.662,11.905,0.079,2.522,0,0,0,6,6,0,321,0,15,2,0,0,1,2400,0.021,0.025,0,ACTIVE,ACTIVE,,4095,4095,0,,true,16,false,0,0,true,2.0854,0.0021,19200,2178,0,,,,,,0,,,0,0,2,152,152,0,767538331975,9.08,0,0.052,0,0,157,156,2400,true,0,0,0,0,0,0,12,12,19224,0,0,0,0,0,0,0,0,0,0,0,0,0,,0,0,0,0,0,0,0,0,0,0,0,0,0,0,0,0,0,0,,0,0,0,0,0,0,false,
154,155,24158,false,144,50,1.573,0,1.379,0,dynamic_visual_atlas_upload,,,cell_indirection_lut,1.205,2400,2400,0,0,-1,-1,,1991.701174,3.013,4.027,4.027,1,8,3,1.5,false,2,8.666,,,,,,,,,,,,,,,,,,,,,,,,,,,,,,,,,,,,,,,,,,0,0,0,0,false,0,0,,0,0,0,0,0,0,0,,,,,false,{},{},{},{},{},{},{},0,3.591,3.797,0,0,0.02,0,0,0,0,0,0.003,0,0,0,0,0,0,100,0,5.877,11.905,0.079,2.06,0,0,0,6,6,0,321,0,15,2,0,0,1,2400,0.021,0.025,0,ACTIVE,ACTIVE,,4095,4095,0,,true,16,false,0,0,true,2.1358,0.0013,19200,2280,0,,,,,,0,,,0,0,2,153,153,0,767538354195,4.342,0,0.046,0,0,158,157,2400,true,0,0,0,0,0,0,12,12,19224,0,0,0,0,0,0,0,0,0,0,0,0,0,,0,0,0,0,0,0,0,0,0,0,0,0,0,0,0,0,0,0,,0,0,0,0,0,0,false,
155,156,24183,false,144,50,1.634,0,1.378,0,dynamic_visual_atlas_upload,,,cell_indirection_lut,1.205,2400,2400,0,0,-1,-1,,1991.701174,3.013,4.027,4.027,1,8,3,1.5,false,2,8.666,,,,,,,,,,,,,,,,,,,,,,,,,,,,,,,,,,,,,,,,,,0,0,0,0,false,0,0,,0,0,0,0,0,0,0,,,,,false,{},{},{},{},{},{},{},0,0,0.319,0,0,0.02,0,0,0,0,0,0.003,0,0,0,0,0,0,100,0,6.06925,11.905,0.079,5.73025,0,0,0,6,6,0,321,0,15,2,0,0,1,2400,0.021,0.025,0,ACTIVE,ACTIVE,,4095,4095,0,,true,16,false,0,0,true,2.0683,0.0019,19200,2280,0,,,,,,0,,,0,0,2,154,154,0,767538374304,8.531,0,0.034,0,0,159,158,2400,true,0,0,0,0,0,0,12,12,19224,0,0,0,0,0,0,0,0,0,0,0,0,0,,0,0,0,0,0,0,0,0,0,0,0,0,0,0,0,0,0,0,,0,0,0,0,0,0,false,
156,157,24204,false,144,50,2.45,0,2.22,0,dynamic_visual_atlas_upload,,,cell_indirection_lut,1.205,2400,2400,0,0,-1,-1,,1991.701174,3.013,4.027,4.027,1,8,3,1.5,false,2,8.666,,,,,,,,,,,,,,,,,,,,,,,,,,,,,,,,,,,,,,,,,,0,0,0,0,false,0,0,,0,0,0,0,0,0,0,,,,,false,{},{},{},{},{},{},{},0,0,0.268,0,0,0.019,0,0,0,0,0,0.002,0,0,0,0,0,0,100,0,7.276667,11.905,0.079,6.989667,0,0,0,6,6,0,321,0,15,2,0,0,1,2400,0.021,0.025,0,ACTIVE,ACTIVE,,4095,4095,0,,true,16,false,0,0,true,3.6781,0.0016,55200,2280,0,,,,,,0,,,0,0,2,155,155,0,767538396649,8.076,0,0.035,0,0,160,159,2400,true,0,0,0,0,0,0,12,12,19224,0,0,0,0,0,0,0,0,0,0,0,0,0,,0,0,0,0,0,0,0,0,0,0,0,0,0,0,0,0,0,0,,0,0,0,0,0,0,false,
157,158,24224,false,144,50,1.655,0,1.441,0,dynamic_visual_atlas_upload,,,cell_indirection_lut,1.205,2400,2400,0,0,-1,-1,,1991.701174,3.013,4.027,4.027,1,8,3,1.5,false,2,8.666,,,,,,,,,,,,,,,,,,,,,,,,,,,,,,,,,,,,,,,,,,0,0,0,0,false,0,0,,0,0,0,0,0,0,0,,,,,false,{},{},{},{},{},{},{},0,0,0.288,0,0,0.02,0,0,0,0,0,0.003,0,0,0,0,0,0,100,0,6.505,11.905,0.079,6.197,0,0,0,6,6,0,321,0,15,2,0,0,1,2400,0.021,0.025,0,ACTIVE,ACTIVE,,4095,4095,0,,true,16,false,0,0,true,2.0693,0.0013,19200,1563,0,,,,,,0,,,0,0,2,156,156,0,767538419364,4.835,0,0.032,0,0,161,160,2400,true,0,0,0,0,0,0,12,12,55224,0,0,0,0,0,0,0,0,0,0,0,0,0,,0,0,0,0,0,0,0,0,0,0,0,0,0,0,0,0,0,0,,0,0,0,0,0,0,false,
158,159,24246,false,144,50,1.541,0,1.338,0,dynamic_visual_atlas_upload,,,cell_indirection_lut,1.205,2400,2400,0,0,-1,-1,,1991.701174,3.013,4.027,4.027,1,8,3,1.5,false,2,8.666,,,,,,,,,,,,,,,,,,,,,,,,,,,,,,,,,,,,,,,,,,0,0,0,0,false,0,0,,0,0,0,0,0,0,0,,,,,false,{},{},{},{},{},{},{},0,0,0.646,0,0,0.04,0,0,0,0,0,0.006,0,0,0,0,0,0,100,0,7.305667,11.905,0.079,6.619667,0,0,0,6,6,0,321,0,15,2,0,0,1,2400,0.021,0.025,0,ACTIVE,ACTIVE,,4095,4095,0,,true,16,false,0,0,true,2.0521,0.0015,19200,2280,0,,,,,,0,,,0,0,2,157,157,0,767538440214,5.858,0,0.03,0,0,162,161,2400,true,0,0,0,0,0,0,12,12,19224,0,0,0,0,0,0,0,0,0,0,0,0,0,,0,0,0,0,0,0,0,0,0,0,0,0,0,0,0,0,0,0,,0,0,0,0,0,0,false,
159,160,24265,false,144,50,1.532,0,1.319,0,dynamic_visual_atlas_upload,,,cell_indirection_lut,1.205,2400,2400,0,0,-1,-1,,1991.701174,3.013,4.027,4.027,1,8,3,1.5,false,2,8.666,,,,,,,,,,,,,,,,,,,,,,,,,,,,,,,,,,,,,,,,,,0,0,0,0,false,0,0,,0,0,0,0,0,0,0,,,,,false,{},{},{},{},{},{},{},0,0,0.32,0,0,0.023,0,0,0,0,0,0.003,0,0,0,0,0,0,100,0,6.536333,11.905,0.079,6.193333,0,0,0,6,6,0,321,0,15,2,0,0,1,2400,0.021,0.025,0,ACTIVE,ACTIVE,,4095,4095,0,,true,16,false,0,0,true,1.9369,0.0015,19200,2101,0,,,,,,0,,,0,0,2,158,158,0,767538460935,4.782,0,0.028,0,0,163,162,2400,true,0,0,0,0,0,0,12,12,19224,0,0,0,0,0,0,0,0,0,0,0,0,0,,0,0,0,0,0,0,0,0,0,0,0,0,0,0,0,0,0,0,,0,0,0,0,0,0,false,
160,161,24286,false,144,50,1.534,0,1.335,0,dynamic_visual_atlas_upload,,,cell_indirection_lut,1.205,2400,2400,0,0,-1,-1,,1991.701174,3.013,4.027,4.027,1,8,3,1.5,false,2,8.666,,,,,,,,,,,,,,,,,,,,,,,,,,,,,,,,,,,,,,,,,,0,0,0,0,false,0,0,,0,0,0,0,0,0,0,,,,,false,{},{},{},{},{},{},{},0.001,0,0.298,0,0,0.021,0,0,0,0,0,0.003,0,0,0,0,0,0,100,0,6.842667,11.905,0.079,6.523667,0,0,0,6,6,0,321,0,15,2,0,0,1,2400,0.021,0.025,0,ACTIVE,ACTIVE,,4095,4095,0,,true,16,false,0,0,true,2.0752,0.0016,19200,2280,0,,,,,,0,,,0,0,2,159,159,0,767538481390,4.851,0,0.028,0,0,164,163,2400,true,0,0,0,0,0,0,12,12,19224,0,0,0,0,0,0,0,0,0,0,0,0,0,,0,0,0,0,0,0,0,0,0,0,0,0,0,0,0,0,0,0,,0,0,0,0,0,0,false,
161,162,24307,false,144,50,1.478,0,1.279,0,dynamic_visual_atlas_upload,,,cell_indirection_lut,1.205,2400,2400,0,0,-1,-1,,1991.701174,3.013,4.027,4.027,1,8,3,1.5,false,2,8.666,,,,,,,,,,,,,,,,,,,,,,,,,,,,,,,,,,,,,,,,,,0,0,0,0,false,0,0,,0,0,0,0,0,0,0,,,,,false,{},{},{},{},{},{},{},0.001,0,0.42,0,0,0.031,0,0,0,0,0,0.004,0,0,0,0,0,0,100,0,7.070333,11.905,0.079,6.619333,0,0,0,6,6,0,321,0,15,2,0,0,1,2400,0.021,0.025,0,ACTIVE,ACTIVE,,4095,4095,0,,true,16,false,0,0,true,2.2508,0.0015,19200,2280,0,,,,,,0,,,0,0,2,160,160,0,767538501497,5.916,0,0.029,0,0,165,164,2400,true,0,0,0,0,0,0,12,12,19224,0,0,0,0,0,0,0,0,0,0,0,0,0,,0,0,0,0,0,0,0,0,0,0,0,0,0,0,0,0,0,0,,0,0,0,0,0,0,false,
162,163,24328,false,144,50,1.631,0,1.353,0,dynamic_visual_atlas_upload,,,cell_indirection_lut,1.205,2400,2400,0,0,-1,-1,,1991.701174,3.013,4.027,4.027,1,8,3,1.5,false,2,8.666,,,,,,,,,,,,,,,,,,,,,,,,,,,,,,,,,,,,,,,,,,0,0,0,0,false,0,0,,0,0,0,0,0,0,0,,,,,false,{},{},{},{},{},{},{},0,0,0.339,0,0,0.022,0,0,0,0,0,0.003,0,0,0,0,0,0,100,0,6.774,11.905,0.079,6.413,0,0,0,6,6,0,321,0,15,2,0,0,1,2400,0.021,0.025,0,ACTIVE,ACTIVE,,4095,4095,0,,true,16,false,0,0,true,2.5188,0.0018,21600,1747,0,,,,,,0,,,0,0,2,161,161,0,767538521900,5.844,0,0.033,0,0,166,165,2400,true,0,0,0,0,0,0,12,12,19224,0,0,0,0,0,0,0,0,0,0,0,0,0,,0,0,0,0,0,0,0,0,0,0,0,0,0,0,0,0,0,0,,0,0,0,0,0,0,false,
163,164,24352,false,144,50,5.19,0,1.357,0,dynamic_visual_atlas_upload,,,cell_indirection_lut,1.205,2400,2400,0,0,-1,-1,,1991.701174,3.013,4.027,4.027,1,8,3,1.5,false,2,8.666,,,,,,,,,,,,,,,,,,,,,,,,,,,,,,,,,,,,,,,,,,0,0,0,0,false,0,0,,0,0,0,0,0,0,0,,,,,false,{},{},{},{},{},{},{},0,0,0.284,0,0,0.02,0,0,0,0,0,0.003,0,0,0,0,0,0,100,0,8.066,11.905,0.079,7.762,0,0,0,6,6,0,321,0,15,2,0,0,1,2400,0.021,0.025,0,ACTIVE,ACTIVE,,4095,4095,0,,true,16,false,0,0,true,1.999,0.0012,19200,2280,0,,,,,,0,,,0,0,2,162,162,0,767538544613,7.34,0,0.03,0,0,167,166,2400,true,0,0,0,0,0,0,12,12,21624,0,0,0,0,0,0,0,0,0,0,0,0,0,,0,0,0,0,0,0,0,0,0,0,0,0,0,0,0,0,0,0,,0,0,0,0,0,0,false,
164,165,24371,false,144,50,2.372,0,2.057,0,dynamic_visual_atlas_upload,,,cell_indirection_lut,1.205,2400,2400,0,0,-1,-1,,1991.701174,3.013,4.027,4.027,1,8,3,1.5,false,2,8.666,,,,,,,,,,,,,,,,,,,,,,,,,,,,,,,,,,,,,,,,,,0,0,0,0,false,0,0,,0,0,0,0,0,0,0,,,,,false,{},{},{},{},{},{},{},0,0.527,0.802,0,0,0.031,0,0,0,0,0,0.004,0,0,0,0,0,0,100,0,6.296333,11.905,0.079,5.463333,0,0,0,6,6,0,321,0,15,2,0,0,1,2400,0.021,0.025,0,ACTIVE,ACTIVE,,4095,4095,0,,true,16,false,0,0,true,3.1453,0.0013,60000,2122,0,,,,,,0,,,0,0,2,163,163,0,767538564269,6.583,0,0.031,0,0,168,167,2400,true,0,0,0,0,0,0,12,12,19224,0,0,0,0,0,0,0,0,0,0,0,0,0,,0,0,0,0,0,0,0,0,0,0,0,0,0,0,0,0,0,0,,0,0,0,0,0,0,false,
165,166,24393,false,144,50,2.94,0,2.506,0,dynamic_visual_atlas_upload,,,cell_indirection_lut,1.205,2400,2400,0,0,-1,-1,,1991.701174,3.013,4.027,4.027,1,8,3,1.5,false,2,8.666,,,,,,,,,,,,,,,,,,,,,,,,,,,,,,,,,,,,,,,,,,0,0,0,0,false,0,0,,0,0,0,0,0,0,0,,,,,false,{},{},{},{},{},{},{},0,0.797,1.352,0,0,0.023,0,0,0,0,0,0.004,0,0,0,0,0,0,100,0,7.348,11.905,0.079,5.973,0,0,0,6,6,0,321,0,15,2,0,0,1,2400,0.021,0.025,0,ACTIVE,ACTIVE,,4095,4095,0,,true,16,false,0,0,true,2.7322,0.0016,19200,2280,0,,,,,,0,,,0,0,2,164,164,0,767538587795,5.437,0,0.051,0,0,169,168,2400,true,0,0,0,0,0,0,12,12,60024,0,0,0,0,0,0,0,0,0,0,0,0,0,,0,0,0,0,0,0,0,0,0,0,0,0,0,0,0,0,0,0,,0,0,0,0,0,0,false,
166,167,24417,false,144,50,1.525,0,1.357,0,dynamic_visual_atlas_upload,,,cell_indirection_lut,1.205,2400,2400,0,0,-1,-1,,1991.701174,3.013,4.027,4.027,1,8,3,1.5,false,2,8.666,,,,,,,,,,,,,,,,,,,,,,,,,,,,,,,,,,,,,,,,,,0,0,0,0,false,0,0,,0,0,0,0,0,0,0,,,,,false,{},{},{},{},{},{},{},0.07,0,0.276,0,0,0.018,0,0,0,0,0,0.003,0,0,0,0,0,0,100,0,6.05925,11.905,0.079,5.76525,0,0,0,7,7,0,321,0,17,2,0,0,1,2400,0.021,0.025,0,ACTIVE,ACTIVE,,4095,4095,0,,true,16,false,0,0,true,1.8872,0.001,19200,2280,0,,,,,,0,,,0,0,2,165,165,0,767538610344,6.804,0,0.038,0,0,170,169,2400,true,0,0,0,0,0,0,12,12,19224,0,0,0,0,0,0,0,0,0,0,0,0,0,,0,0,0,0,0,0,0,0,0,0,0,0,0,0,0,0,0,0,,0,0,0,0,0,0,false,
167,168,24441,false,144,50,1.483,0,1.345,0,dynamic_visual_atlas_upload,,,cell_indirection_lut,1.205,2400,2400,0,0,-1,-1,,1991.701174,3.013,4.027,4.027,1,8,3,1.5,false,2,8.666,,,,,,,,,,,,,,,,,,,,,,,,,,,,,,,,,,,,,,,,,,0,0,0,0,false,0,0,,0,0,0,0,0,0,0,,,,,false,{},{},{},{},{},{},{},0,3.586,3.772,0,0,0.019,0,0,0,0,0,0.003,0,0,0,0,0,0,100,0,7.975333,11.905,0.079,4.184333,0,0,0,7,7,0,321,0,17,2,0,0,1,2400,0.021,0.025,0,ACTIVE,ACTIVE,,4095,4095,0,,true,16,false,0,0,true,1.8552,0.001,19200,1731,0,,,,,,0,,,0,0,2,166,166,0,767538630290,10.741,0,0.028,0,0,172,171,2400,true,0,0,0,0,0,0,12,12,19224,0,0,0,0,0,0,0,0,0,0,0,0,0,,0,0,0,0,0,0,0,0,0,0,0,0,0,0,0,0,0,0,,0,0,0,0,0,0,false,
168,169,24462,false,144,50,1.531,0,1.372,0,dynamic_visual_atlas_upload,,,cell_indirection_lut,1.205,2400,2400,0,0,-1,-1,,1991.701174,3.013,4.027,4.027,1,8,3,1.5,false,2,8.666,,,,,,,,,,,,,,,,,,,,,,,,,,,,,,,,,,,,,,,,,,0,0,0,0,false,0,0,,0,0,0,0,0,0,0,,,,,false,{},{},{},{},{},{},{},0,4.013,4.213,0,0,0.021,0,0,0,0,0,0.003,0,0,0,0,0,0,100,0,7.09,11.905,0.079,2.856,0,0,0,7,7,0,321,0,17,2,0,0,1,2400,0.021,0.025,0,ACTIVE,ACTIVE,,4095,4095,0,,true,16,false,0,0,true,3.6833,0.0022,21600,2280,0,,,,,,0,,,0,0,2,167,167,0,767538650166,12.131,0,0.029,0,0,173,172,2400,true,0,0,0,0,0,0,12,12,19224,0,0,0,0,0,0,0,0,0,0,0,0,0,,0,0,0,0,0,0,0,0,0,0,0,0,0,0,0,0,0,0,,0,0,0,0,0,0,false,
169,170,24482,false,144,50,1.546,0,1.393,0,dynamic_visual_atlas_upload,,,cell_indirection_lut,1.205,2400,2400,0,0,-1,-1,,1991.701174,3.013,4.027,4.027,1,8,3,1.5,false,2,8.666,,,,,,,,,,,,,,,,,,,,,,,,,,,,,,,,,,,,,,,,,,0,0,0,0,false,0,0,,0,0,0,0,0,0,0,,,,,false,{},{},{},{},{},{},{},0,3.771,3.967,0,0,0.019,0,0,0,0,0,0.003,0,0,0,0,0,0,100,0,6.778667,11.905,0.079,2.792667,0,0,0,7,7,0,321,0,17,2,0,0,1,2400,0.021,0.025,0,ACTIVE,ACTIVE,,4095,4095,0,,true,16,false,0,0,true,2.4902,0.0019,19200,2110,0,,,,,,0,,,0,0,2,168,168,0,767538673731,9.028,0,0.028,0,0,174,173,2400,true,0,0,0,0,0,0,12,12,21624,0,0,0,0,0,0,0,0,0,0,0,0,0,,0,0,0,0,0,0,0,0,0,0,0,0,0,0,0,0,0,0,,0,0,0,0,0,0,false,
170,171,24500,false,144,50,1.604,0,1.399,0,dynamic_visual_atlas_upload,,,cell_indirection_lut,1.205,2400,2400,0,0,-1,-1,,1991.701174,3.013,4.027,4.027,1,8,3,1.5,false,2,8.666,,,,,,,,,,,,,,,,,,,,,,,,,,,,,,,,,,,,,,,,,,0,0,0,0,false,0,0,,0,0,0,0,0,0,0,,,,,false,{},{},{},{},{},{},{},0,0.399,0.574,0,0,0.022,0,0,0,0,0,0.004,0,0,0,0,0,0,100,0,5.947,11.905,0.079,5.351,0,0,0,7,7,0,321,0,17,2,0,0,1,2400,0.021,0.025,0,ACTIVE,ACTIVE,,4095,4095,0,,true,16,false,0,0,true,2.0354,0.0013,19200,2280,0,,,,,,0,,,0,0,2,169,169,0,767538696690,3.807,0,0.031,0,0,174,173,2400,true,0,0,0,0,0,0,12,12,19224,0,0,0,0,0,0,0,0,0,0,0,0,0,,0,0,0,0,0,0,0,0,0,0,0,0,0,0,0,0,0,0,,0,0,0,0,0,0,false,
171,172,24521,false,144,50,1.55,0,1.348,0,dynamic_visual_atlas_upload,,,cell_indirection_lut,1.205,2400,2400,0,0,-1,-1,,1991.701174,3.013,4.027,4.027,1,8,3,1.5,false,2,8.666,,,,,,,,,,,,,,,,,,,,,,,,,,,,,,,,,,,,,,,,,,0,0,0,0,false,0,0,,0,0,0,0,0,0,0,,,,,false,{},{},{},{},{},{},{},0,0.402,0.57,0,0,0.024,0,0,0,0,0,0.004,0,0,0,0,0,0,100,0,6.933333,11.905,0.079,6.339333,0,0,0,7,7,0,321,0,17,2,0,0,1,2400,0.021,0.025,0,ACTIVE,ACTIVE,,4095,4095,0,,true,16,false,0,0,true,2.0252,0.0012,19200,2280,0,,,,,,0,,,0,0,2,170,170,0,767538716641,4.664,0,0.032,0,0,175,174,2400,true,0,0,0,0,0,0,12,12,19224,0,0,0,0,0,0,0,0,0,0,0,0,0,,0,0,0,0,0,0,0,0,0,0,0,0,0,0,0,0,0,0,,0,0,0,0,0,0,false,
172,173,24541,false,144,50,1.628,0,1.423,0,dynamic_visual_atlas_upload,,,cell_indirection_lut,1.205,2400,2400,0,0,-1,-1,,1991.701174,3.013,4.027,4.027,1,8,3,1.5,false,2,8.666,,,,,,,,,,,,,,,,,,,,,,,,,,,,,,,,,,,,,,,,,,0,0,0,0,false,0,0,,0,0,0,0,0,0,0,,,,,false,{},{},{},{},{},{},{},0,0.384,0.535,0,0,0.018,0,0,0,0,0,0.003,0,0,0,0,0,0,100,0,6.770667,11.905,0.079,6.217667,0,0,0,7,7,0,321,0,17,2,0,0,1,2400,0.021,0.025,0,ACTIVE,ACTIVE,,4095,4095,0,,true,16,false,0,0,true,2.6116,0.0015,52800,2280,0,,,,,,0,,,0,0,2,171,171,0,767538736131,5.499,0,0.03,0,0,176,175,2400,true,0,0,0,0,0,0,12,12,19224,0,0,0,0,0,0,0,0,0,0,0,0,0,,0,0,0,0,0,0,0,0,0,0,0,0,0,0,0,0,0,0,,0,0,0,0,0,0,false,
173,174,24562,false,144,50,1.503,0,1.324,0,dynamic_visual_atlas_upload,,,cell_indirection_lut,1.205,2400,2400,0,0,-1,-1,,1991.701174,3.013,4.027,4.027,1,8,3,1.5,false,2,8.666,,,,,,,,,,,,,,,,,,,,,,,,,,,,,,,,,,,,,,,,,,0,0,0,0,false,0,0,,0,0,0,0,0,0,0,,,,,false,{},{},{},{},{},{},{},0,0.389,0.559,0,0,0.026,0,0,0,0,0,0.005,0,0,0,0,0,0,100,0,6.926333,11.905,0.079,6.341333,0,0,0,7,7,0,321,0,17,2,0,0,1,2400,0.021,0.025,0,ACTIVE,ACTIVE,,4095,4095,0,,true,16,false,0,0,true,2.5498,0.002,19200,2280,0,,,,,,0,,,0,0,2,172,172,0,767538758953,3.416,0,0.03,0,0,177,176,2400,true,0,0,0,0,0,0,12,12,52824,0,0,0,0,0,0,0,0,0,0,0,0,0,,0,0,0,0,0,0,0,0,0,0,0,0,0,0,0,0,0,0,,0,0,0,0,0,0,false,
174,175,24582,false,144,50,1.461,0,1.27,0,dynamic_visual_atlas_upload,,,cell_indirection_lut,1.205,2400,2400,0,0,-1,-1,,1991.701174,3.013,4.027,4.027,1,8,3,1.5,false,2,8.666,,,,,,,,,,,,,,,,,,,,,,,,,,,,,,,,,,,,,,,,,,0,0,0,0,false,0,0,,0,0,0,0,0,0,0,,,,,false,{},{},{},{},{},{},{},0.073,0,0.323,0,0,0.018,0,0,0,0,0,0.003,0,0,0,0,0,0,100,0,6.784667,11.905,0.079,6.443667,0,0,0,8,8,0,321,0,19,2,0,0,1,2400,0.021,0.025,0,ACTIVE,ACTIVE,,4095,4095,0,,true,16,false,0,0,true,2.4328,0.0014,21600,2280,0,,,,,,0,,,0,0,2,173,173,0,767538778790,3.953,0,0.028,0,0,178,177,2400,true,0,0,0,0,0,0,12,12,19224,0,0,0,0,0,0,0,0,0,0,0,0,0,,0,0,0,0,0,0,0,0,0,0,0,0,0,0,0,0,0,0,,0,0,0,0,0,0,false,
175,176,24603,false,144,50,1.521,0,1.351,0,dynamic_visual_atlas_upload,,,cell_indirection_lut,1.205,2400,2400,0,0,-1,-1,,1991.701174,3.013,4.027,4.027,1,8,3,1.5,false,2,8.666,,,,,,,,,,,,,,,,,,,,,,,,,,,,,,,,,,,,,,,,,,0,0,0,0,false,0,0,,0,0,0,0,0,0,0,,,,,false,{},{},{},{},{},{},{},0.001,0.34,0.494,0,0,0.017,0,0,0,0,0,0.003,0,0,0,0,0,0,100,0,6.960667,11.905,0.079,6.449667,0,0,0,8,8,0,321,0,19,2,0,0,1,2400,0.021,0.025,0,ACTIVE,ACTIVE,,4095,4095,0,,true,16,false,0,0,true,2.3701,0.0018,19200,2280,0,,,,,,0,,,0,0,2,174,174,0,767538799542,4.132,0,0.03,0,0,179,178,2400,true,0,0,0,0,0,0,12,12,21624,0,0,0,0,0,0,0,0,0,0,0,0,0,,0,0,0,0,0,0,0,0,0,0,0,0,0,0,0,0,0,0,,0,0,0,0,0,0,false,
176,177,24631,false,144,50,1.625,0,1.436,0,dynamic_visual_atlas_upload,,,cell_indirection_lut,1.205,2400,2400,0,0,-1,-1,,1991.701174,3.013,4.027,4.027,1,8,3,1.5,false,2,8.666,,,,,,,,,,,,,,,,,,,,,,,,,,,,,,,,,,,,,,,,,,0,0,0,0,false,0,0,,0,0,0,0,0,0,0,,,,,false,{},{},{},{},{},{},{},0.076,0,0.319,0,0,0.02,0,0,0,0,0,0.004,0,0,0,0,0,0,100,0,6.91425,11.905,0.079,6.57525,0,0,0,9,9,0,321,0,17,2,0,0,1,2400,0.021,0.025,0,ACTIVE,ACTIVE,,4095,4095,0,,true,16,false,0,0,true,2.4633,0.0023,19200,2280,0,,,,,,0,,,0,0,2,175,175,0,767538822494,8.781,0,0.031,0,0,180,179,2400,true,0,0,0,0,0,0,12,12,19224,0,0,0,0,0,0,0,0,0,0,0,0,0,,0,0,0,0,0,0,0,0,0,0,0,0,0,0,0,0,0,0,,0,0,0,0,0,0,false,
177,178,24655,false,144,50,1.579,0,1.394,0,dynamic_visual_atlas_upload,,,cell_indirection_lut,1.205,2400,2400,0,0,-1,-1,,1991.701174,3.013,4.027,4.027,1,8,3,1.5,false,2,8.666,,,,,,,,,,,,,,,,,,,,,,,,,,,,,,,,,,,,,,,,,,0,0,0,0,false,0,0,,0,0,0,0,0,0,0,,,,,false,{},{},{},{},{},{},{},0,3.753,3.968,0,0,0.019,0,0,0,0,0,0.003,0,0,0,0,0,0,100,0,7.990333,11.905,0.079,4.003333,0,0,0,9,9,0,321,0,17,2,0,0,1,2400,0.021,0.025,0,ACTIVE,ACTIVE,,4095,4095,0,,true,16,false,0,0,true,1.9643,0.0015,19200,2280,0,,,,,,0,,,0,0,2,176,176,0,767538844054,11.171,0,0.032,0,0,182,181,2400,true,0,0,0,0,0,0,12,12,19224,0,0,0,0,0,0,0,0,0,0,0,0,0,,0,0,0,0,0,0,0,0,0,0,0,0,0,0,0,0,0,0,,0,0,0,0,0,0,false,
178,179,24665,false,144,50,1.544,0,1.364,0,dynamic_visual_atlas_upload,,,cell_indirection_lut,1.205,2400,2400,0,0,-1,-1,,1991.701174,3.013,4.027,4.027,1,8,3,1.5,false,2,8.666,,,,,,,,,,,,,,,,,,,,,,,,,,,,,,,,,,,,,,,,,,0,0,0,0,false,0,0,,0,0,0,0,0,0,0,,,,,false,{},{},{},{},{},{},{},0,0,0.237,0,0,0.018,0,0,0,0,0,0.003,0,0,0,0,0,0,100,0,5.1615,11.905,0.079,4.9065,0,0,0,9,9,0,321,0,17,2,0,0,1,2400,0.021,0.025,0,ACTIVE,ACTIVE,,4095,4095,0,,true,16,false,0,0,true,1.8554,0.0014,19200,2280,0,,,,,,0,,,0,0,2,177,177,0,767538863213,2.536,0,0.029,0,0,182,181,2400,true,0,0,0,0,0,0,12,12,19224,0,0,0,0,0,0,0,0,0,0,0,0,0,,0,0,0,0,0,0,0,0,0,0,0,0,0,0,0,0,0,0,,0,0,0,0,0,0,false,
179,180,24686,false,144,50,1.509,0,1.306,0,dynamic_visual_atlas_upload,,,cell_indirection_lut,1.205,2400,2400,0,0,-1,-1,,1991.701174,3.013,4.027,4.027,1,8,3,1.5,false,2,8.666,,,,,,,,,,,,,,,,,,,,,,,,,,,,,,,,,,,,,,,,,,0,0,0,0,false,0,0,,0,0,0,0,0,0,0,,,,,false,{},{},{},{},{},{},{},0,0,0.307,0,0,0.02,0,0,0,0,0,0.003,0,0,0,0,0,0,100,0,6.904667,11.905,0.079,6.577667,0,0,0,9,9,0,321,0,17,2,0,0,1,2400,0.021,0.025,0,ACTIVE,ACTIVE,,4095,4095,0,,true,16,false,0,0,true,1.9227,0.0015,19200,2280,0,,,,,,0,,,0,0,2,178,178,0,767538882573,3.719,0,0.03,0,0,183,182,2400,true,0,0,0,0,0,0,12,12,19224,0,0,0,0,0,0,0,0,0,0,0,0,0,,0,0,0,0,0,0,0,0,0,0,0,0,0,0,0,0,0,0,,0,0,0,0,0,0,false,
180,181,24707,false,144,50,1.766,0,1.516,0,dynamic_visual_atlas_upload,,,cell_indirection_lut,1.205,2400,2400,0,0,-1,-1,,1991.701174,3.013,4.027,4.027,1,8,3,1.5,false,2,8.666,,,,,,,,,,,,,,,,,,,,,,,,,,,,,,,,,,,,,,,,,,0,0,0,0,false,0,0,,0,0,0,0,0,0,0,,,,,false,{},{},{},{},{},{},{},0,0,0.315,0,0,0.022,0,0,0,0,0,0.004,0,0,0,0,0,0,100,0,7.015667,11.905,0.079,6.678667,0,0,0,9,9,0,321,0,17,2,0,0,1,2400,0.021,0.025,0,ACTIVE,ACTIVE,,4095,4095,0,,true,16,false,0,0,true,3.5358,0.0027,55200,2280,0,,,,,,0,,,0,0,2,179,179,0,767538901509,5.83,0,0.029,0,0,184,183,2400,true,0,0,0,0,0,0,12,12,19224,0,0,0,0,0,0,0,0,0,0,0,0,0,,0,0,0,0,0,0,0,0,0,0,0,0,0,0,0,0,0,0,,0,0,0,0,0,0,false,
181,182,24727,false,144,50,1.523,0,1.343,0,dynamic_visual_atlas_upload,,,cell_indirection_lut,1.205,2400,2400,0,0,-1,-1,,1991.701174,3.013,4.027,4.027,1,8,3,1.5,false,2,8.666,,,,,,,,,,,,,,,,,,,,,,,,,,,,,,,,,,,,,,,,,,0,0,0,0,false,0,0,,0,0,0,0,0,0,0,,,,,false,{},{},{},{},{},{},{},0,0,0.251,0,0,0.019,0,0,0,0,0,0.004,0,0,0,0,0,0,100,0,6.756,11.905,0.079,6.486,0,0,0,9,9,0,321,0,17,2,0,0,1,2400,0.021,0.025,0,ACTIVE,ACTIVE,,4095,4095,0,,true,16,false,0,0,true,1.8562,0.0011,19200,2280,0,,,,,,0,,,0,0,2,180,180,0,767538923292,4.375,0,0.031,0,0,185,184,2400,true,0,0,0,0,0,0,12,12,55224,0,0,0,0,0,0,0,0,0,0,0,0,0,,0,0,0,0,0,0,0,0,0,0,0,0,0,0,0,0,0,0,,0,0,0,0,0,0,false,
182,183,24748,false,144,50,1.556,0,1.318,0,dynamic_visual_atlas_upload,,,cell_indirection_lut,1.205,2400,2400,0,0,-1,-1,,1991.701174,3.013,4.027,4.027,1,8,3,1.5,false,2,8.666,,,,,,,,,,,,,,,,,,,,,,,,,,,,,,,,,,,,,,,,,,0,0,0,0,false,0,0,,0,0,0,0,0,0,0,,,,,false,{},{},{},{},{},{},{},0.001,0,0.275,0,0,0.02,0,0,0,0,0,0.003,0,0,0,0,0,0,100,0,6.946667,11.905,0.079,6.651667,0,0,0,9,9,0,321,0,17,2,0,0,1,2400,0.021,0.025,0,ACTIVE,ACTIVE,,4095,4095,0,,true,16,false,0,0,true,2.3483,0.0016,24000,2280,0,,,,,,0,,,0,0,2,181,181,0,767538943151,5.284,0,0.032,0,0,186,185,2400,true,0,0,0,0,0,0,12,12,19224,0,0,0,0,0,0,0,0,0,0,0,0,0,,0,0,0,0,0,0,0,0,0,0,0,0,0,0,0,0,0,0,,0,0,0,0,0,0,false,
183,184,24769,false,144,50,1.526,0,1.324,0,dynamic_visual_atlas_upload,,,cell_indirection_lut,1.205,2400,2400,0,0,-1,-1,,1991.701174,3.013,4.027,4.027,1,8,3,1.5,false,2,8.666,,,,,,,,,,,,,,,,,,,,,,,,,,,,,,,,,,,,,,,,,,0,0,0,0,false,0,0,,0,0,0,0,0,0,0,,,,,false,{},{},{},{},{},{},{},0,0,0.279,0,0,0.021,0,0,0,0,0,0.004,0,0,0,0,0,0,100,0,6.897333,11.905,0.079,6.597333,0,0,0,9,9,0,321,0,17,2,0,0,1,2400,0.021,0.025,0,ACTIVE,ACTIVE,,4095,4095,0,,true,16,false,0,0,true,2.0979,0.0015,19200,2280,0,,,,,,0,,,0,0,2,182,182,0,767538963065,6.091,0,0.029,0,0,187,186,2400,true,0,0,0,0,0,0,12,12,24024,0,0,0,0,0,0,0,0,0,0,0,0,0,,0,0,0,0,0,0,0,0,0,0,0,0,0,0,0,0,0,0,,0,0,0,0,0,0,false,
184,185,24794,false,144,50,1.638,0,1.433,0,dynamic_visual_atlas_upload,,,cell_indirection_lut,1.205,2400,2400,0,0,-1,-1,,1991.701174,3.013,4.027,4.027,1,8,3,1.5,false,2,8.666,,,,,,,,,,,,,,,,,,,,,,,,,,,,,,,,,,,,,,,,,,0,0,0,0,false,0,0,,0,0,0,0,0,0,0,,,,,false,{},{},{},{},{},{},{},0,4.304,4.503,0,0,0.02,0,0,0,0,0,0.003,0,0,0,0,0,0,100,0,8.231,11.905,0.079,3.708,0,0,0,9,9,0,321,0,17,2,0,0,1,2400,0.021,0.025,0,ACTIVE,ACTIVE,,4095,4095,0,,true,16,false,0,0,true,1.9109,0.0016,19200,2280,0,,,,,,0,,,0,0,2,183,183,0,767538982887,10.95,0,0.031,0,0,189,188,2400,true,0,0,0,0,0,0,12,12,19224,0,0,0,0,0,0,0,0,0,0,0,0,0,,0,0,0,0,0,0,0,0,0,0,0,0,0,0,0,0,0,0,,0,0,0,0,0,0,false,
185,186,24814,false,144,50,1.542,0,1.346,0,dynamic_visual_atlas_upload,,,cell_indirection_lut,1.205,2400,2400,0,0,-1,-1,,1991.701174,3.013,4.027,4.027,1,8,3,1.5,false,2,8.666,,,,,,,,,,,,,,,,,,,,,,,,,,,,,,,,,,,,,,,,,,0,0,0,0,false,0,0,,0,0,0,0,0,0,0,,,,,false,{},{},{},{},{},{},{},0,3.625,3.818,0,0,0.022,0,0,0,0,0,0.004,0,0,0,0,0,0,100,0,6.647667,11.905,0.079,2.807667,0,0,0,9,9,0,321,0,17,2,0,0,1,2400,0.021,0.025,0,ACTIVE,ACTIVE,,4095,4095,0,,true,16,false,0,0,true,3.1115,0.0022,19200,2280,0,,,,,,0,,,0,0,2,184,184,0,767539002477,11.293,0,0.035,0,0,190,189,2400,true,0,0,0,0,0,0,12,12,19224,0,0,0,0,0,0,0,0,0,0,0,0,0,,0,0,0,0,0,0,0,0,0,0,0,0,0,0,0,0,0,0,,0,0,0,0,0,0,false,
186,187,24835,false,144,50,2.045,0,1.614,0,dynamic_visual_atlas_upload,,,cell_indirection_lut,1.205,2400,2400,0,0,-1,-1,,1991.701174,3.013,4.027,4.027,1,8,3,1.5,false,2,8.666,,,,,,,,,,,,,,,,,,,,,,,,,,,,,,,,,,,,,,,,,,0,0,0,0,false,0,0,,0,0,0,0,0,0,0,,,,,false,{},{},{},{},{},{},{},0,3.415,3.609,0,0,0.022,0,0,0,0,0,0.004,0,0,0,0,0,0,100,0,6.989333,11.905,0.079,3.358333,0,0,0,9,9,0,321,0,17,2,0,0,1,2400,0.021,0.025,0,ACTIVE,ACTIVE,,4095,4095,0,,true,16,false,0,0,true,2.6115,0.0017,21600,2280,0,,,,,,0,,,0,0,2,185,185,0,767539022954,11.913,0,0.03,0,0,191,190,2400,true,0,0,0,0,0,0,12,12,19224,0,0,0,0,0,0,0,0,0,0,0,0,0,,0,0,0,0,0,0,0,0,0,0,0,0,0,0,0,0,0,0,,0,0,0,0,0,0,false,
187,188,24856,false,144,50,1.659,0,1.407,0,dynamic_visual_atlas_upload,,,cell_indirection_lut,1.205,2400,2400,0,0,-1,-1,,1991.701174,3.013,4.027,4.027,1,8,3,1.5,false,2,8.666,,,,,,,,,,,,,,,,,,,,,,,,,,,,,,,,,,,,,,,,,,0,0,0,0,false,0,0,,0,0,0,0,0,0,0,,,,,false,{},{},{},{},{},{},{},0,3.852,4.06,0,0,0.021,0,0,0,0,0,0.004,0,0,0,0,0,0,100,0,7.057,11.905,0.079,2.976,0,0,0,9,9,0,321,0,17,2,0,0,1,2400,0.021,0.025,0,ACTIVE,ACTIVE,,4095,4095,0,,true,16,false,0,0,true,2.0382,0.0016,19200,2280,0,,,,,,0,,,0,0,2,186,186,0,767539043856,12.346,0,0.091,0,0,192,191,2400,true,0,0,0,0,0,0,12,12,21624,0,0,0,0,0,0,0,0,0,0,0,0,0,,0,0,0,0,0,0,0,0,0,0,0,0,0,0,0,0,0,0,,0,0,0,0,0,0,false,
188,189,24876,false,144,50,1.525,0,1.339,0,dynamic_visual_atlas_upload,,,cell_indirection_lut,1.205,2400,2400,0,0,-1,-1,,1991.701174,3.013,4.027,4.027,1,8,3,1.5,false,2,8.666,,,,,,,,,,,,,,,,,,,,,,,,,,,,,,,,,,,,,,,,,,0,0,0,0,false,0,0,,0,0,0,0,0,0,0,,,,,false,{},{},{},{},{},{},{},0,4.149,4.354,0,0,0.025,0,0,0,0,0,0.004,0,0,0,0,0,0,100,0,6.93,11.905,0.079,2.551,0,0,0,9,9,0,321,0,17,2,0,0,1,2400,0.021,0.025,0,ACTIVE,ACTIVE,,4095,4095,0,,true,16,false,0,0,true,3.0814,0.0016,52800,2280,0,,,,,,0,,,0,0,2,187,187,0,767539064060,12.661,0,0.034,0,0,193,192,2400,true,0,0,0,0,0,0,12,12,19224,0,0,0,0,0,0,0,0,0,0,0,0,0,,0,0,0,0,0,0,0,0,0,0,0,0,0,0,0,0,0,0,,0,0,0,0,0,0,false,
189,190,24896,false,144,50,1.498,0,1.356,0,dynamic_visual_atlas_upload,,,cell_indirection_lut,1.205,2400,2400,0,0,-1,-1,,1991.701174,3.013,4.027,4.027,1,8,3,1.5,false,2,8.666,,,,,,,,,,,,,,,,,,,,,,,,,,,,,,,,,,,,,,,,,,0,0,0,0,false,0,0,,0,0,0,0,0,0,0,,,,,false,{},{},{},{},{},{},{},0,3.355,3.538,0,0,0.021,0,0,0,0,0,0.003,0,0,0,0,0,0,100,0,6.508333,11.905,0.079,2.949333,0,0,0,9,9,0,321,0,17,2,0,0,1,2400,0.021,0.025,0,ACTIVE,ACTIVE,,4095,4095,0,,true,16,false,0,0,true,1.9893,0.0015,19200,2280,0,,,,,,0,,,0,0,2,188,188,0,767539085354,10.9,0,0.045,0,0,194,193,2400,true,0,0,0,0,0,0,12,12,52824,0,0,0,0,0,0,0,0,0,0,0,0,0,,0,0,0,0,0,0,0,0,0,0,0,0,0,0,0,0,0,0,,0,0,0,0,0,0,false,
190,191,24917,false,144,50,1.57,0,1.395,0,dynamic_visual_atlas_upload,,,cell_indirection_lut,1.205,2400,2400,0,0,-1,-1,,1991.701174,3.013,4.027,4.027,1,8,3,1.5,false,2,8.666,,,,,,,,,,,,,,,,,,,,,,,,,,,,,,,,,,,,,,,,,,0,0,0,0,false,0,0,,0,0,0,0,0,0,0,,,,,false,{},{},{},{},{},{},{},0,3.73,3.937,0,0,0.022,0,0,0,0,0,0.004,0,0,0,0,0,0,100,0,7.056333,11.905,0.079,3.097333,0,0,0,9,9,0,321,0,17,2,0,0,1,2400,0.021,0.025,0,ACTIVE,ACTIVE,,4095,4095,0,,true,16,false,0,0,true,1.9512,0.0014,19200,2280,0,,,,,,0,,,0,0,2,189,189,0,767539104944,12.447,0,0.039,0,0,195,194,2400,true,0,0,0,0,0,0,12,12,19224,0,0,0,0,0,0,0,0,0,0,0,0,0,,0,0,0,0,0,0,0,0,0,0,0,0,0,0,0,0,0,0,,0,0,0,0,0,0,false,
191,192,24927,false,144,50,1.572,0,1.355,0,dynamic_visual_atlas_upload,,,cell_indirection_lut,1.205,2400,2400,0,0,-1,-1,,1991.701174,3.013,4.027,4.027,1,8,3,1.5,false,2,8.666,,,,,,,,,,,,,,,,,,,,,,,,,,,,,,,,,,,,,,,,,,0,0,0,0,false,0,0,,0,0,0,0,0,0,0,,,,,false,{},{},{},{},{},{},{},0,0,0.247,0,0,0.02,0,0,0,0,0,0.003,0,0,0,0,0,0,100,0,5.172,11.905,0.079,4.905,0,0,0,9,9,0,321,0,17,2,0,0,1,2400,0.021,0.025,0,ACTIVE,ACTIVE,,4095,4095,0,,true,16,false,0,0,true,1.8718,0.0014,19200,2280,0,,,,,,0,,,0,0,2,190,190,0,767539124060,3.742,0,0.029,0,0,195,194,2400,true,0,0,0,0,0,0,12,12,19224,0,0,0,0,0,0,0,0,0,0,0,0,0,,0,0,0,0,0,0,0,0,0,0,0,0,0,0,0,0,0,0,,0,0,0,0,0,0,false,
192,193,24948,false,144,50,1.545,0,1.324,0,dynamic_visual_atlas_upload,,,cell_indirection_lut,1.205,2400,2400,0,0,-1,-1,,1991.701174,3.013,4.027,4.027,1,8,3,1.5,false,2,8.666,,,,,,,,,,,,,,,,,,,,,,,,,,,,,,,,,,,,,,,,,,0,0,0,0,false,0,0,,0,0,0,0,0,0,0,,,,,false,{},{},{},{},{},{},{},0,0,0.304,0,0,0.022,0,0,0,0,0,0.003,0,0,0,0,0,0,100,0,6.973,11.905,0.079,6.647,0,0,0,9,9,0,321,0,17,2,0,0,1,2400,0.021,0.025,0,ACTIVE,ACTIVE,,4095,4095,0,,true,16,false,0,0,true,3.1031,0.0013,21600,2280,0,,,,,,0,,,0,0,2,191,191,0,767539144909,3.743,0,0.034,0,0,196,195,2400,true,0,0,0,0,0,0,12,12,19224,0,0,0,0,0,0,0,0,0,0,0,0,0,,0,0,0,0,0,0,0,0,0,0,0,0,0,0,0,0,0,0,,0,0,0,0,0,0,false,
193,194,24969,false,144,50,1.681,0,1.45,0,dynamic_visual_atlas_upload,,,cell_indirection_lut,1.205,2400,2400,0,0,-1,-1,,1991.701174,3.013,4.027,4.027,1,8,3,1.5,false,2,8.666,,,,,,,,,,,,,,,,,,,,,,,,,,,,,,,,,,,,,,,,,,0,0,0,0,false,0,0,,0,0,0,0,0,0,0,,,,,false,{},{},{},{},{},{},{},0,0,0.309,0,0,0.022,0,0,0,0,0,0.004,0,0,0,0,0,0,100,0,6.997333,11.905,0.079,6.666333,0,0,0,9,9,0,321,0,17,2,0,0,1,2400,0.021,0.025,0,ACTIVE,ACTIVE,,4095,4095,0,,true,16,false,0,0,true,2.1205,0.0015,19200,2280,0,,,,,,0,,,0,0,2,192,192,0,767539165695,3.96,0,0.031,0,0,197,196,2400,true,0,0,0,0,0,0,12,12,21624,0,0,0,0,0,0,0,0,0,0,0,0,0,,0,0,0,0,0,0,0,0,0,0,0,0,0,0,0,0,0,0,,0,0,0,0,0,0,false,
194,195,24993,false,144,50,1.573,0,1.353,0,dynamic_visual_atlas_upload,,,cell_indirection_lut,1.205,2400,2400,0,0,-1,-1,,1991.701174,3.013,4.027,4.027,1,8,3,1.5,false,2,8.666,,,,,,,,,,,,,,,,,,,,,,,,,,,,,,,,,,,,,,,,,,0,0,0,0,false,0,0,,0,0,0,0,0,0,0,,,,,false,{},{},{},{},{},{},{},0,3.707,4.028,0,0,0.021,0,0,0,0,0,0.003,0,0,0,0,0,0,100,0,7.920333,11.905,0.079,3.871333,0,0,0,9,9,0,321,0,17,2,0,0,1,2400,0.021,0.025,0,ACTIVE,ACTIVE,,4095,4095,0,,true,16,false,0,0,true,1.8905,0.0013,19200,2280,0,,,,,,0,,,0,0,2,193,193,0,767539184971,8.446,0,0.03,0,0,199,198,2400,true,0,0,0,0,0,0,12,12,19224,0,0,0,0,0,0,0,0,0,0,0,0,0,,0,0,0,0,0,0,0,0,0,0,0,0,0,0,0,0,0,0,,0,0,0,0,0,0,false,
195,196,25013,false,145,50,1.396,0,1.261,0,dynamic_visual_atlas_upload,,,cell_indirection_lut,1.205,2400,2400,0,0,-1,-1,,1991.701174,3.013,4.027,4.027,1,8,3,1.5,false,2,8.666,,,,,,,,,,,,,,,,,,,,,,,,,,,,,,,,,,,,,,,,,,0,0,0,0,false,0,0,,0,0,0,0,0,0,0,,,,,false,{},{},{},{},{},{},{},0,3.222,3.393,0,0,0.017,0,0,0,0,0,0.003,0,0,0,0,0,0,100,0,6.664667,12.045,0.124,3.254667,0,0,0,9,9,0,321,0,17,2,0,0,1,2400,0.021,0.025,0,ACTIVE,ACTIVE,,4095,4095,0,,true,16,false,0,0,true,1.818,0.0009,19200,2280,0,,,,,,0,,,0,0,2,194,194,0,767539204313,9.103,0,0.031,0,0,200,199,2400,true,0,0,0,0,0,0,12,12,19224,0,0,0,0,0,0,0,0,0,0,0,0,0,,0,0,0,0,0,0,0,0,0,0,0,0,0,0,0,0,0,0,,0,0,0,0,0,0,false,
196,197,25034,false,145,50,1.475,0,1.328,0,dynamic_visual_atlas_upload,,,cell_indirection_lut,1.205,2400,2400,0,0,-1,-1,,1991.701174,3.013,4.027,4.027,1,8,3,1.5,false,2,8.666,,,,,,,,,,,,,,,,,,,,,,,,,,,,,,,,,,,,,,,,,,0,0,0,0,false,0,0,,0,0,0,0,0,0,0,,,,,false,{},{},{},{},{},{},{},0,3.533,3.729,0,0,0.021,0,0,0,0,0,0.004,0,0,0,0,0,0,100,0,6.991333,12.045,0.124,3.241333,0,0,0,9,9,0,321,0,17,2,0,0,1,2400,0.021,0.025,0,ACTIVE,ACTIVE,,4095,4095,0,,true,16,false,0,0,true,2.8542,0.0012,52800,2280,0,,,,,,0,,,0,0,2,195,195,0,767539223227,11.142,0,0.027,0,0,201,200,2400,true,0,0,0,0,0,0,12,12,19224,0,0,0,0,0,0,0,0,0,0,0,0,0,,0,0,0,0,0,0,0,0,0,0,0,0,0,0,0,0,0,0,,0,0,0,0,0,0,false,
197,198,25054,false,145,50,1.511,0,1.367,0,dynamic_visual_atlas_upload,,,cell_indirection_lut,1.205,2400,2400,0,0,-1,-1,,1991.701174,3.013,4.027,4.027,1,8,3,1.5,false,2,8.666,,,,,,,,,,,,,,,,,,,,,,,,,,,,,,,,,,,,,,,,,,0,0,0,0,false,0,0,,0,0,0,0,0,0,0,,,,,false,{},{},{},{},{},{},{},0.001,3.209,3.367,0,0,0.015,0,0,0,0,0,0.002,0,0,0,0,0,0,100,0,6.735,12.045,0.124,3.353,0,0,0,9,9,0,321,0,17,2,0,0,1,2400,0.021,0.025,0,ACTIVE,ACTIVE,,4095,4095,0,,true,16,false,0,0,true,1.805,0.001,19200,2280,0,,,,,,0,,,0,0,2,196,196,0,767539243009,11.581,0,0.028,0,0,202,201,2400,true,0,0,0,0,0,0,12,12,52824,0,0,0,0,0,0,0,0,0,0,0,0,0,,0,0,0,0,0,0,0,0,0,0,0,0,0,0,0,0,0,0,,0,0,0,0,0,0,false,
198,199,25065,false,145,50,1.475,0,1.292,0,dynamic_visual_atlas_upload,,,cell_indirection_lut,1.205,2400,2400,0,0,-1,-1,,1991.701174,3.013,4.027,4.027,1,8,3,1.5,false,2,8.666,,,,,,,,,,,,,,,,,,,,,,,,,,,,,,,,,,,,,,,,,,0,0,0,0,false,0,0,,0,0,0,0,0,0,0,,,,,false,{},{},{},{},{},{},{},0,0,0.22,0,0,0.017,0,0,0,0,0,0.003,0,0,0,0,0,0,100,0,5.517,12.045,0.124,5.28,0,0,0,9,9,0,321,0,17,2,0,0,1,2400,0.021,0.025,0,ACTIVE,ACTIVE,,4095,4095,0,,true,16,false,0,0,true,2.5121,0.0015,21600,2279,0,,,,,,0,,,0,0,2,197,197,0,767539261375,4.248,0,0.029,0,0,202,201,2400,true,0,0,0,0,0,0,12,12,19224,0,0,0,0,0,0,0,0,0,0,0,0,0,,0,0,0,0,0,0,0,0,0,0,0,0,0,0,0,0,0,0,,0,0,0,0,0,0,false,
199,200,25087,false,145,50,1.82,0,1.564,0,dynamic_visual_atlas_upload,,,cell_indirection_lut,1.205,2400,2400,0,0,-1,-1,,1991.701174,3.013,4.027,4.027,1,8,3,1.5,false,2,8.666,,,,,,,,,,,,,,,,,,,,,,,,,,,,,,,,,,,,,,,,,,0,0,0,0,false,0,0,,0,0,0,0,0,0,0,,,,,false,{},{},{},{},{},{},{},0,0,0.273,0,0,0.02,0,0,0,0,0,0.003,0,0,0,0,0,0,100,0,7.061667,12.045,0.124,6.768667,0,0,0,9,9,0,321,0,17,2,0,0,1,2400,0.021,0.025,0,ACTIVE,ACTIVE,,4095,4095,0,,true,16,false,0,0,true,2.0219,0.0014,19200,2280,0,,,,,,0,,,0,0,2,198,198,0,767539281291,5.577,0,0.028,0,0,203,202,2400,true,0,0,0,0,0,0,12,12,21624,0,0,0,0,0,0,0,0,0,0,0,0,0,,0,0,0,0,0,0,0,0,0,0,0,0,0,0,0,0,0,0,,0,0,0,0,0,0,false,
200,201,25107,false,145,50,1.53,0,1.335,0,dynamic_visual_atlas_upload,,,cell_indirection_lut,1.205,2400,2400,0,0,-1,-1,,1991.701174,3.013,4.027,4.027,1,8,3,1.5,false,2,8.666,,,,,,,,,,,,,,,,,,,,,,,,,,,,,,,,,,,,,,,,,,0,0,0,0,false,0,0,,0,0,0,0,0,0,0,,,,,false,{},{},{},{},{},{},{},0,0,0.256,0,0,0.019,0,0,0,0,0,0.004,0,0,0,0,0,0,100,0,6.785667,12.045,0.124,6.510667,0,0,0,9,9,0,321,0,17,2,0,0,1,2400,0.021,0.025,0,ACTIVE,ACTIVE,,4095,4095,0,,true,16,false,0,0,true,1.9787,0.0013,19200,2280,0,,,,,,0,,,0,0,2,199,199,0,767539301053,6.153,0,0.033,0,0,204,203,2400,true,0,0,0,0,0,0,12,12,19224,0,0,0,0,0,0,0,0,0,0,0,0,0,,0,0,0,0,0,0,0,0,0,0,0,0,0,0,0,0,0,0,,0,0,0,0,0,0,false,
201,202,25128,false,145,50,1.472,0,1.297,0,dynamic_visual_atlas_upload,,,cell_indirection_lut,1.205,2400,2400,0,0,-1,-1,,1991.701174,3.013,4.027,4.027,1,8,3,1.5,false,2,8.666,,,,,,,,,,,,,,,,,,,,,,,,,,,,,,,,,,,,,,,,,,0,0,0,0,false,0,0,,0,0,0,0,0,0,0,,,,,false,{},{},{},{},{},{},{},0,0,0.22,0,0,0.019,0,0,0,0,0,0.003,0,0,0,0,0,0,100,0,6.932,12.045,0.124,6.693,0,0,0,9,9,0,321,0,17,2,0,0,1,2400,0.021,0.025,0,ACTIVE,ACTIVE,,4095,4095,0,,true,16,false,0,0,true,1.8603,0.0012,19200,2279,0,,,,,,0,,,0,0,2,200,200,0,767539321724,6.259,0,0.028,0,0,205,204,2400,true,0,0,0,0,0,0,12,12,19224,0,0,0,0,0,0,0,0,0,0,0,0,0,,0,0,0,0,0,0,0,0,0,0,0,0,0,0,0,0,0,0,,0,0,0,0,0,0,false,
202,203,25148,false,145,50,1.501,0,1.312,0,dynamic_visual_atlas_upload,,,cell_indirection_lut,1.205,2400,2400,0,0,-1,-1,,1991.701174,3.013,4.027,4.027,1,8,3,1.5,false,2,8.666,,,,,,,,,,,,,,,,,,,,,,,,,,,,,,,,,,,,,,,,,,0,0,0,0,false,0,0,,0,0,0,0,0,0,0,,,,,false,{},{},{},{},{},{},{},0,0,0.227,0,0,0.016,0,0,0,0,0,0.003,0,0,0,0,0,0,100,0,6.822667,12.045,0.124,6.579667,0,0,0,9,9,0,321,0,17,2,0,0,1,2400,0.021,0.025,0,ACTIVE,ACTIVE,,4095,4095,0,,true,16,false,0,0,true,1.8408,0.001,19200,2279,0,,,,,,0,,,0,0,2,201,201,0,767539340167,8.365,0,0.028,0,0,206,205,2400,true,0,0,0,0,0,0,12,12,19224,0,0,0,0,0,0,0,0,0,0,0,0,0,,0,0,0,0,0,0,0,0,0,0,0,0,0,0,0,0,0,0,,0,0,0,0,0,0,false,
203,204,25169,false,145,50,1.586,0,1.374,0,dynamic_visual_atlas_upload,,,cell_indirection_lut,1.205,2400,2400,0,0,-1,-1,,1991.701174,3.013,4.027,4.027,1,8,3,1.5,false,2,8.666,,,,,,,,,,,,,,,,,,,,,,,,,,,,,,,,,,,,,,,,,,0,0,0,0,false,0,0,,0,0,0,0,0,0,0,,,,,false,{},{},{},{},{},{},{},0,0.001,0.272,0,0,0.021,0,0,0,0,0,0.003,0,0,0,0,0,0,100,0,6.991667,12.045,0.124,6.698667,0,0,0,9,9,0,321,0,17,2,0,0,1,2400,0.021,0.025,0,ACTIVE,ACTIVE,,4095,4095,0,,true,16,false,0,0,true,1.8523,0.001,19200,2278,0,,,,,,0,,,0,0,2,202,202,0,767539360172,9.209,0,0.03,0,0,207,206,2400,true,0,0,0,0,0,0,12,12,19224,0,0,0,0,0,0,0,0,0,0,0,0,0,,0,0,0,0,0,0,0,0,0,0,0,0,0,0,0,0,0,0,,0,0,0,0,0,0,false,
204,205,25183,false,145,50,1.488,0,1.31,0,dynamic_visual_atlas_upload,,,cell_indirection_lut,1.205,2400,2400,0,0,-1,-1,,1991.701174,3.013,4.027,4.027,1,8,3,1.5,false,2,8.666,,,,,,,,,,,,,,,,,,,,,,,,,,,,,,,,,,,,,,,,,,0,0,0,0,false,0,0,,0,0,0,0,0,0,0,,,,,false,{},{},{},{},{},{},{},0.001,0,0.236,0,0,0.019,0,0,0,0,0,0.003,0,0,0,0,0,0,100,0,6.7955,12.045,0.124,6.5405,0,0,0,9,9,0,321,0,17,2,0,0,1,2400,0.021,0.025,0,ACTIVE,ACTIVE,,4095,4095,0,,true,16,false,0,0,true,1.8523,0.001,19200,2278,0,,,,,,0,,,0,0,2,203,203,0,767539379541,3.433,0,0.03,0,0,208,207,2400,true,0,0,0,0,0,0,12,12,19224,0,0,0,0,0,0,0,0,0,0,0,0,0,,0,0,0,0,0,0,0,0,0,0,0,0,0,0,0,0,0,0,,0,0,0,0,0,0,false,
205,206,25203,false,145,50,1.44,0,1.271,0,dynamic_visual_atlas_upload,,,cell_indirection_lut,1.205,2400,2400,0,0,-1,-1,,1991.701174,3.013,4.027,4.027,1,8,3,1.5,false,2,8.666,,,,,,,,,,,,,,,,,,,,,,,,,,,,,,,,,,,,,,,,,,0,0,0,0,false,0,0,,0,0,0,0,0,0,0,,,,,false,{},{},{},{},{},{},{},0,0.001,0.235,0,0,0.017,0,0,0,0,0,0.003,0,0,0,0,0,0,100,0,6.854,12.045,0.124,6.602,0,0,0,9,9,0,321,0,17,2,0,0,1,2400,0.021,0.025,0,ACTIVE,ACTIVE,,4095,4095,0,,true,16,false,0,0,true,1.8991,0.0012,19200,2280,0,,,,,,0,,,0,0,2,204,204,0,767539399693,3.828,0,0.028,0,0,209,208,2400,true,0,0,0,0,0,0,12,12,55224,0,0,0,0,0,0,0,0,0,0,0,0,0,,0,0,0,0,0,0,0,0,0,0,0,0,0,0,0,0,0,0,,0,0,0,0,0,0,false,
206,207,25224,false,145,50,1.484,0,1.333,0,dynamic_visual_atlas_upload,,,cell_indirection_lut,1.205,2400,2400,0,0,-1,-1,,1991.701174,3.013,4.027,4.027,1,8,3,1.5,false,2,8.666,,,,,,,,,,,,,,,,,,,,,,,,,,,,,,,,,,,,,,,,,,0,0,0,0,false,0,0,,0,0,0,0,0,0,0,,,,,false,{},{},{},{},{},{},{},0,0,0.174,0,0,0.016,0,0,0,0,0,0.003,0,0,0,0,0,0,100,0,6.954333,12.045,0.124,6.764333,0,0,0,9,9,0,321,0,17,2,0,0,1,2400,0.021,0.025,0,ACTIVE,ACTIVE,,4095,4095,0,,true,16,false,0,0,true,1.816,0.0009,19200,2279,0,,,,,,0,,,0,0,2,205,205,0,767539418658,5.729,0,0.026,0,0,210,209,2400,true,0,0,0,0,0,0,12,12,19224,0,0,0,0,0,0,0,0,0,0,0,0,0,,0,0,0,0,0,0,0,0,0,0,0,0,0,0,0,0,0,0,,0,0,0,0,0,0,false,
207,208,25245,false,145,50,1.509,0,1.303,0,dynamic_visual_atlas_upload,,,cell_indirection_lut,1.205,2400,2400,0,0,-1,-1,,1991.701174,3.013,4.027,4.027,1,8,3,1.5,false,2,8.666,,,,,,,,,,,,,,,,,,,,,,,,,,,,,,,,,,,,,,,,,,0,0,0,0,false,0,0,,0,0,0,0,0,0,0,,,,,false,{},{},{},{},{},{},{},0.001,0,0.221,0,0,0.018,0,0,0,0,0,0.002,0,0,0,0,0,0,100,0,7.048333,12.045,0.124,6.809333,0,0,0,9,9,0,321,0,17,2,0,0,1,2400,0.021,0.025,0,ACTIVE,ACTIVE,,4095,4095,0,,true,16,false,0,0,true,1.8485,0.001,19200,2279,0,,,,,,0,,,0,0,2,206,206,0,767539437079,8.467,0,0.029,0,0,211,210,2400,true,0,0,0,0,0,0,12,12,19224,0,0,0,0,0,0,0,0,0,0,0,0,0,,0,0,0,0,0,0,0,0,0,0,0,0,0,0,0,0,0,0,,0,0,0,0,0,0,false,
208,209,25266,false,145,50,1.493,0,1.294,0,dynamic_visual_atlas_upload,,,cell_indirection_lut,1.205,2400,2400,0,0,-1,-1,,1991.701174,3.013,4.027,4.027,1,8,3,1.5,false,2,8.666,,,,,,,,,,,,,,,,,,,,,,,,,,,,,,,,,,,,,,,,,,0,0,0,0,false,0,0,,0,0,0,0,0,0,0,,,,,false,{},{},{},{},{},{},{},0,0,0.282,0,0,0.02,0,0,0,0,0,0.003,0,0,0,0,0,0,100,0,6.770333,12.045,0.124,6.468333,0,0,0,9,9,0,321,0,17,2,0,0,1,2400,0.021,0.025,0,ACTIVE,ACTIVE,,4095,4095,0,,true,16,false,0,0,true,1.9314,0.0015,19200,2279,0,,,,,,0,,,0,0,2,207,207,0,767539456900,8.945,0,0.027,0,0,212,211,2400,true,0,0,0,0,0,0,12,12,19224,0,0,0,0,0,0,0,0,0,0,0,0,0,,0,0,0,0,0,0,0,0,0,0,0,0,0,0,0,0,0,0,,0,0,0,0,0,0,false,
209,210,25279,false,145,50,1.402,0,1.246,0,dynamic_visual_atlas_upload,,,cell_indirection_lut,1.205,2400,2400,0,0,-1,-1,,1991.701174,3.013,4.027,4.027,1,8,3,1.5,false,2,8.666,,,,,,,,,,,,,,,,,,,,,,,,,,,,,,,,,,,,,,,,,,0,0,0,0,false,0,0,,0,0,0,0,0,0,0,,,,,false,{},{},{},{},{},{},{},0,0.001,0.177,0,0,0.019,0,0,0,0,0,0.003,0,0,0,0,0,0,100,0,6.7075,12.045,0.124,6.5115,0,0,0,9,9,0,321,0,17,2,0,0,1,2400,0.021,0.025,0,ACTIVE,ACTIVE,,4095,4095,0,,true,16,false,0,0,true,2.1224,0.0012,19200,2280,0,,,,,,0,,,0,0,2,208,208,0,767539475758,3.486,0,0.028,0,0,213,212,2400,true,0,0,0,0,0,0,12,12,19224,0,0,0,0,0,0,0,0,0,0,0,0,0,,0,0,0,0,0,0,0,0,0,0,0,0,0,0,0,0,0,0,,0,0,0,0,0,0,false,
210,211,25300,false,145,50,1.451,0,1.283,0,dynamic_visual_atlas_upload,,,cell_indirection_lut,1.205,2400,2400,0,0,-1,-1,,1991.701174,3.013,4.027,4.027,1,8,3,1.5,false,2,8.666,,,,,,,,,,,,,,,,,,,,,,,,,,,,,,,,,,,,,,,,,,0,0,0,0,false,0,0,,0,0,0,0,0,0,0,,,,,false,{},{},{},{},{},{},{},0,0,0.198,0,0,0.015,0,0,0,0,0,0.002,0,0,0,0,0,0,100,0,6.933333,12.045,0.124,6.720333,0,0,0,9,9,0,321,0,17,2,0,0,1,2400,0.021,0.025,0,ACTIVE,ACTIVE,,4095,4095,0,,true,16,false,0,0,true,2.5261,0.0011,21600,2280,0,,,,,,0,,,0,0,2,209,209,0,767539494582,5.465,0,0.027,0,0,214,213,2400,true,0,0,0,0,0,0,12,12,19224,0,0,0,0,0,0,0,0,0,0,0,0,0,,0,0,0,0,0,0,0,0,0,0,0,0,0,0,0,0,0,0,,0,0,0,0,0,0,false,
211,212,25317,false,145,50,1.515,0,1.333,0,dynamic_visual_atlas_upload,,,cell_indirection_lut,1.205,2400,2400,0,0,-1,-1,,1991.701174,3.013,4.027,4.027,1,8,3,1.5,false,2,8.666,,,,,,,,,,,,,,,,,,,,,,,,,,,,,,,,,,,,,,,,,,0,0,0,0,false,0,0,,0,0,0,0,0,0,0,,,,,false,{},{},{},{},{},{},{},0,3.093,3.267,0,0,0.019,0,0,0,0,0,0.003,0,0,0,0,0,0,100,0,8.496,12.045,0.124,5.21,0,0,0,9,9,0,321,0,17,2,0,0,1,2400,0.021,0.025,0,ACTIVE,ACTIVE,,4095,4095,0,,true,16,false,0,0,true,1.8812,0.001,19200,2279,0,,,,,,0,,,0,0,2,210,210,0,767539514053,3.001,0,0.027,0,0,215,214,2400,true,0,0,0,0,0,0,12,12,21624,0,0,0,0,0,0,0,0,0,0,0,0,0,,0,0,0,0,0,0,0,0,0,0,0,0,0,0,0,0,0,0,,0,0,0,0,0,0,false,
212,213,25338,false,145,50,1.503,0,1.32,0,dynamic_visual_atlas_upload,,,cell_indirection_lut,1.205,2400,2400,0,0,-1,-1,,1991.701174,3.013,4.027,4.027,1,8,3,1.5,false,2,8.666,,,,,,,,,,,,,,,,,,,,,,,,,,,,,,,,,,,,,,,,,,0,0,0,0,false,0,0,,0,0,0,0,0,0,0,,,,,false,{},{},{},{},{},{},{},0,3.168,3.343,0,0,0.018,0,0,0,0,0,0.003,0,0,0,0,0,0,100,0,6.949,12.045,0.124,3.588,0,0,0,9,9,0,321,0,17,2,0,0,1,2400,0.021,0.025,0,ACTIVE,ACTIVE,,4095,4095,0,,true,16,false,0,0,true,3.0268,0.0015,52800,2280,0,,,,,,0,,,0,0,2,211,211,0,767539533606,4.29,0,0.031,0,0,216,215,2400,true,0,0,0,0,0,0,12,12,19224,0,0,0,0,0,0,0,0,0,0,0,0,0,,0,0,0,0,0,0,0,0,0,0,0,0,0,0,0,0,0,0,,0,0,0,0,0,0,false,
213,214,25359,false,145,50,1.51,0,1.32,0,dynamic_visual_atlas_upload,,,cell_indirection_lut,1.205,2400,2400,0,0,-1,-1,,1991.701174,3.013,4.027,4.027,1,8,3,1.5,false,2,8.666,,,,,,,,,,,,,,,,,,,,,,,,,,,,,,,,,,,,,,,,,,0,0,0,0,false,0,0,,0,0,0,0,0,0,0,,,,,false,{},{},{},{},{},{},{},0,3.664,3.861,0,0,0.017,0,0,0,0,0,0.003,0,0,0,0,0,0,100,0,7.054,12.045,0.124,3.176,0,0,0,9,9,0,321,0,17,2,0,0,1,2400,0.021,0.025,0,ACTIVE,ACTIVE,,4095,4095,0,,true,16,false,0,0,true,2.0075,0.0013,19200,2280,0,,,,,,0,,,0,0,2,212,212,0,767539553382,5.678,0,0.029,0,0,217,216,2400,true,0,0,0,0,0,0,12,12,52824,0,0,0,0,0,0,0,0,0,0,0,0,0,,0,0,0,0,0,0,0,0,0,0,0,0,0,0,0,0,0,0,,0,0,0,0,0,0,false,
214,215,25379,false,145,50,1.442,0,1.303,0,dynamic_visual_atlas_upload,,,cell_indirection_lut,1.205,2400,2400,0,0,-1,-1,,1991.701174,3.013,4.027,4.027,1,8,3,1.5,false,2,8.666,,,,,,,,,,,,,,,,,,,,,,,,,,,,,,,,,,,,,,,,,,0,0,0,0,false,0,0,,0,0,0,0,0,0,0,,,,,false,{},{},{},{},{},{},{},0,3.816,4.004,0,0,0.026,0,0,0,0,0,0.007,0,0,0,0,0,0,100,0,6.86,12.045,0.124,2.83,0,0,0,9,9,0,321,0,17,2,0,0,1,2400,0.021,0.025,0,ACTIVE,ACTIVE,,4095,4095,0,,true,16,false,0,0,true,2.0086,0.0018,19200,2279,0,,,,,,0,,,0,0,2,213,213,0,767539573449,6.19,0,0.028,0,0,218,217,2400,true,0,0,0,0,0,0,12,12,19224,0,0,0,0,0,0,0,0,0,0,0,0,0,,0,0,0,0,0,0,0,0,0,0,0,0,0,0,0,0,0,0,,0,0,0,0,0,0,false,
215,216,25396,false,145,50,1.438,0,1.287,0,dynamic_visual_atlas_upload,,,cell_indirection_lut,1.205,2400,2400,0,0,-1,-1,,1991.701174,3.013,4.027,4.027,1,8,3,1.5,false,2,8.666,,,,,,,,,,,,,,,,,,,,,,,,,,,,,,,,,,,,,,,,,,0,0,0,0,false,0,0,,0,0,0,0,0,0,0,,,,,false,{},{},{},{},{},{},{},0,0.001,0.191,0,0,0.017,0,0,0,0,0,0.003,0,0,0,0,0,0,100,0,5.642667,12.045,0.124,5.434667,0,0,0,9,9,0,321,0,17,2,0,0,1,2400,0.021,0.025,0,ACTIVE,ACTIVE,,4095,4095,0,,true,16,false,0,0,true,1.8198,0.001,19200,2280,0,,,,,,0,,,0,0,2,214,214,0,767539592259,4.345,0,0.028,0,0,219,218,2400,true,0,0,0,0,0,0,12,12,19224,0,0,0,0,0,0,0,0,0,0,0,0,0,,0,0,0,0,0,0,0,0,0,0,0,0,0,0,0,0,0,0,,0,0,0,0,0,0,false,
216,217,25413,false,145,50,1.482,0,1.297,0,dynamic_visual_atlas_upload,,,cell_indirection_lut,1.205,2400,2400,0,0,-1,-1,,1991.701174,3.013,4.027,4.027,1,8,3,1.5,false,2,8.666,,,,,,,,,,,,,,,,,,,,,,,,,,,,,,,,,,,,,,,,,,0,0,0,0,false,0,0,,0,0,0,0,0,0,0,,,,,false,{},{},{},{},{},{},{},0.001,2.971,3.15,0,0,0.02,0,0,0,0,0,0.003,0,0,0,0,0,0,100,0,8.479,12.045,0.124,5.309,0,0,0,9,9,0,321,0,17,2,0,0,1,2400,0.021,0.025,0,ACTIVE,ACTIVE,,4095,4095,0,,true,16,false,0,0,true,1.8198,0.001,19200,2280,0,,,,,,0,,,0,0,2,215,215,0,767539611430,2.175,0,0.03,0,0,220,219,2400,true,0,0,0,0,0,0,12,12,19224,0,0,0,0,0,0,0,0,0,0,0,0,0,,0,0,0,0,0,0,0,0,0,0,0,0,0,0,0,0,0,0,,0,0,0,0,0,0,false,
217,218,25438,false,145,50,1.496,0,1.3,0,dynamic_visual_atlas_upload,,,cell_indirection_lut,1.205,2400,2400,0,0,-1,-1,,1991.701174,3.013,4.027,4.027,1,8,3,1.5,false,2,8.666,,,,,,,,,,,,,,,,,,,,,,,,,,,,,,,,,,,,,,,,,,0,0,0,0,false,0,0,,0,0,0,0,0,0,0,,,,,false,{},{},{},{},{},{},{},0,7.067,7.236,0,0,0.015,0,0,0,0,0,0.003,0,0,0,0,0,0,100,0,8.232333,12.045,0.124,0.981333,0,0,0,9,9,0,321,0,17,2,0,0,1,2400,0.021,0.025,0,ACTIVE,ACTIVE,,4095,4095,0,,true,16,false,0,0,true,2.0325,0.0018,19200,2280,0,,,,,,0,,,0,0,2,216,216,0,767539630853,7.38,0,0.027,0,0,221,220,2400,true,0,0,0,0,0,0,12,12,21624,0,0,0,0,0,0,0,0,0,0,0,0,0,,0,0,0,0,0,0,0,0,0,0,0,0,0,0,0,0,0,0,,0,0,0,0,0,0,false,
218,219,25455,false,145,50,1.507,0,1.373,0,dynamic_visual_atlas_upload,,,cell_indirection_lut,1.205,2400,2400,0,0,-1,-1,,1991.701174,3.013,4.027,4.027,1,8,3,1.5,false,2,8.666,,,,,,,,,,,,,,,,,,,,,,,,,,,,,,,,,,,,,,,,,,0,0,0,0,false,0,0,,0,0,0,0,0,0,0,,,,,false,{},{},{},{},{},{},{},0.001,3.405,3.575,0,0,0.018,0,0,0,0,0,0.003,0,0,0,0,0,0,100,0,5.635333,12.045,0.124,2.042333,0,0,0,9,9,0,321,0,17,2,0,0,1,2400,0.021,0.025,0,ACTIVE,ACTIVE,,4095,4095,0,,true,16,false,0,0,true,1.8373,0.0009,19200,2262,0,,,,,,0,,,0,0,2,217,217,0,767539649593,5.543,0,0.028,0,0,222,221,2400,true,0,0,0,0,0,0,12,12,19224,0,0,0,0,0,0,0,0,0,0,0,0,0,,0,0,0,0,0,0,0,0,0,0,0,0,0,0,0,0,0,0,,0,0,0,0,0,0,false,
219,220,25475,false,145,50,1.543,0,1.364,0,dynamic_visual_atlas_upload,,,cell_indirection_lut,1.205,2400,2400,0,0,-1,-1,,1991.701174,3.013,4.027,4.027,1,8,3,1.5,false,2,8.666,,,,,,,,,,,,,,,,,,,,,,,,,,,,,,,,,,,,,,,,,,0,0,0,0,false,0,0,,0,0,0,0,0,0,0,,,,,false,{},{},{},{},{},{},{},0,3.187,3.331,0,0,0.017,0,0,0,0,0,0.002,0,0,0,0,0,0,100,0,6.770667,12.045,0.124,3.422667,0,0,0,9,9,0,321,0,17,2,0,0,1,2400,0.021,0.025,0,ACTIVE,ACTIVE,,4095,4095,0,,true,16,false,0,0,true,1.7921,0.001,19200,2280,0,,,,,,0,,,0,0,2,218,218,0,767539668289,7.144,0,0.029,0,0,223,222,2400,true,0,0,0,0,0,0,12,12,19224,0,0,0,0,0,0,0,0,0,0,0,0,0,,0,0,0,0,0,0,0,0,0,0,0,0,0,0,0,0,0,0,,0,0,0,0,0,0,false,
220,221,25496,false,145,50,1.378,0,1.246,0,dynamic_visual_atlas_upload,,,cell_indirection_lut,1.205,2400,2400,0,0,-1,-1,,1991.701174,3.013,4.027,4.027,1,8,3,1.5,false,2,8.666,,,,,,,,,,,,,,,,,,,,,,,,,,,,,,,,,,,,,,,,,,0,0,0,0,false,0,0,,0,0,0,0,0,0,0,,,,,false,{},{},{},{},{},{},{},0.001,3.354,3.53,0,0,0.018,0,0,0,0,0,0.003,0,0,0,0,0,0,100,0,6.990333,12.045,0.124,3.442333,0,0,0,9,9,0,321,0,17,2,0,0,1,2400,0.021,0.025,0,ACTIVE,ACTIVE,,4095,4095,0,,true,16,false,0,0,true,2.4874,0.0011,52800,2280,0,,,,,,0,,,0,0,2,219,219,0,767539686494,9.972,0,0.028,0,0,224,223,2400,true,0,0,0,0,0,0,12,12,19224,0,0,0,0,0,0,0,0,0,0,0,0,0,,0,0,0,0,0,0,0,0,0,0,0,0,0,0,0,0,0,0,,0,0,0,0,0,0,false,
221,222,25517,false,145,50,1.462,0,1.331,0,dynamic_visual_atlas_upload,,,cell_indirection_lut,1.205,2400,2400,0,0,-1,-1,,1991.701174,3.013,4.027,4.027,1,8,3,1.5,false,2,8.666,,,,,,,,,,,,,,,,,,,,,,,,,,,,,,,,,,,,,,,,,,0,0,0,0,false,0,0,,0,0,0,0,0,0,0,,,,,false,{},{},{},{},{},{},{},0,3.235,3.388,0,0,0.015,0,0,0,0,0,0.002,0,0,0,0,0,0,100,0,6.812667,12.045,0.124,3.409667,0,0,0,9,9,0,321,0,17,2,0,0,1,2400,0.021,0.025,0,ACTIVE,ACTIVE,,4095,4095,0,,true,16,false,0,0,true,1.8145,0.0009,19200,2280,0,,,,,,0,,,0,0,2,220,220,0,767539706862,10.011,0,0.038,0,0,225,224,2400,true,0,0,0,0,0,0,12,12,52824,0,0,0,0,0,0,0,0,0,0,0,0,0,,0,0,0,0,0,0,0,0,0,0,0,0,0,0,0,0,0,0,,0,0,0,0,0,0,false,
222,223,25528,false,145,50,1.488,0,1.296,0,dynamic_visual_atlas_upload,,,cell_indirection_lut,1.205,2400,2400,0,0,-1,-1,,1991.701174,3.013,4.027,4.027,1,8,3,1.5,false,2,8.666,,,,,,,,,,,,,,,,,,,,,,,,,,,,,,,,,,,,,,,,,,0,0,0,0,false,0,0,,0,0,0,0,0,0,0,,,,,false,{},{},{},{},{},{},{},0,0,0.318,0,0,0.021,0,0,0,0,0,0.003,0,0,0,0,0,0,100,0,5.5915,12.045,0.124,5.2525,0,0,0,9,9,0,321,0,17,2,0,0,1,2400,0.021,0.025,0,ACTIVE,ACTIVE,,4095,4095,0,,true,16,false,0,0,true,1.8145,0.0009,19200,2280,0,,,,,,0,,,0,0,2,221,221,0,767539725309,2.779,0,0.031,0,0,225,224,2400,true,0,0,0,0,0,0,12,12,19224,0,0,0,0,0,0,0,0,0,0,0,0,0,,0,0,0,0,0,0,0,0,0,0,0,0,0,0,0,0,0,0,,0,0,0,0,0,0,false,
223,224,25548,false,145,50,1.415,0,1.269,0,dynamic_visual_atlas_upload,,,cell_indirection_lut,1.205,2400,2400,0,0,-1,-1,,1991.701174,3.013,4.027,4.027,1,8,3,1.5,false,2,8.666,,,,,,,,,,,,,,,,,,,,,,,,,,,,,,,,,,,,,,,,,,0,0,0,0,false,0,0,,0,0,0,0,0,0,0,,,,,false,{},{},{},{},{},{},{},0,0,0.159,0,0,0.012,0,0,0,0,0,0.002,0,0,0,0,0,0,100,0,6.754667,12.045,0.124,6.583667,0,0,0,9,9,0,321,0,17,2,0,0,1,2400,0.021,0.025,0,ACTIVE,ACTIVE,,4095,4095,0,,true,16,false,0,0,true,1.8492,0.0009,19200,2280,0,,,,,,0,,,0,0,2,222,222,0,767539745568,2.752,0,0.027,0,0,226,225,2400,true,0,0,0,0,0,0,12,12,21624,0,0,0,0,0,0,0,0,0,0,0,0,0,,0,0,0,0,0,0,0,0,0,0,0,0,0,0,0,0,0,0,,0,0,0,0,0,0,false,
224,225,25569,false,145,50,1.462,0,1.268,0,dynamic_visual_atlas_upload,,,cell_indirection_lut,1.205,2400,2400,0,0,-1,-1,,1991.701174,3.013,4.027,4.027,1,8,3,1.5,false,2,8.666,,,,,,,,,,,,,,,,,,,,,,,,,,,,,,,,,,,,,,,,,,0,0,0,0,false,0,0,,0,0,0,0,0,0,0,,,,,false,{},{},{},{},{},{},{},0,0,0.23,0,0,0.018,0,0,0,0,0,0.003,0,0,0,0,0,0,100,0,7.002333,12.045,0.124,6.754333,0,0,0,9,9,0,321,0,17,2,0,0,1,2400,0.021,0.025,0,ACTIVE,ACTIVE,,4095,4095,0,,true,16,false,0,0,true,1.9089,0.0015,19200,2280,0,,,,,,0,,,0,0,2,223,223,0,767539765474,3.873,0,0.029,0,0,227,226,2400,true,0,0,0,0,0,0,12,12,19224,0,0,0,0,0,0,0,0,0,0,0,0,0,,0,0,0,0,0,0,0,0,0,0,0,0,0,0,0,0,0,0,,0,0,0,0,0,0,false,
225,226,25593,false,145,50,1.376,0,1.234,0,dynamic_visual_atlas_upload,,,cell_indirection_lut,1.205,2400,2400,0,0,-1,-1,,1991.701174,3.013,4.027,4.027,1,8,3,1.5,false,2,8.666,,,,,,,,,,,,,,,,,,,,,,,,,,,,,,,,,,,,,,,,,,0,0,0,0,false,0,0,,0,0,0,0,0,0,0,,,,,false,{},{},{},{},{},{},{},0,3.756,3.926,0,0,0.019,0,0,0,0,0,0.003,0,0,0,0,0,0,100,0,8.079667,12.045,0.124,4.134667,0,0,0,9,9,0,321,0,17,2,0,0,1,2400,0.021,0.025,0,ACTIVE,ACTIVE,,4095,4095,0,,true,16,false,0,0,true,1.8587,0.001,19200,2280,0,,,,,,0,,,0,0,2,224,224,0,767539783681,9.894,0,0.031,0,0,229,228,2400,true,0,0,0,0,0,0,12,12,19224,0,0,0,0,0,0,0,0,0,0,0,0,0,,0,0,0,0,0,0,0,0,0,0,0,0,0,0,0,0,0,0,,0,0,0,0,0,0,false,
226,227,25613,false,145,50,1.516,0,1.326,0,dynamic_visual_atlas_upload,,,cell_indirection_lut,1.205,2400,2400,0,0,-1,-1,,1991.701174,3.013,4.027,4.027,1,8,3,1.5,false,2,8.666,,,,,,,,,,,,,,,,,,,,,,,,,,,,,,,,,,,,,,,,,,0,0,0,0,false,0,0,,0,0,0,0,0,0,0,,,,,false,{},{},{},{},{},{},{},0,3.178,3.337,0,0,0.016,0,0,0,0,0,0.003,0,0,0,0,0,0,100,0,6.632,12.045,0.124,3.279,0,0,0,9,9,0,321,0,17,2,0,0,1,2400,0.021,0.025,0,ACTIVE,ACTIVE,,4095,4095,0,,true,16,false,0,0,true,1.8035,0.001,19200,2280,0,,,,,,0,,,0,0,2,225,225,0,767539803263,10.216,0,0.027,0,0,230,229,2400,true,0,0,0,0,0,0,12,12,19224,0,0,0,0,0,0,0,0,0,0,0,0,0,,0,0,0,0,0,0,0,0,0,0,0,0,0,0,0,0,0,0,,0,0,0,0,0,0,false,
227,228,25624,false,145,50,1.43,0,1.256,0,dynamic_visual_atlas_upload,,,cell_indirection_lut,1.205,2400,2400,0,0,-1,-1,,1991.701174,3.013,4.027,4.027,1,8,3,1.5,false,2,8.666,,,,,,,,,,,,,,,,,,,,,,,,,,,,,,,,,,,,,,,,,,0,0,0,0,false,0,0,,0,0,0,0,0,0,0,,,,,false,{},{},{},{},{},{},{},0,0,0.232,0,0,0.018,0,0,0,0,0,0.003,0,0,0,0,0,0,100,0,5.505,12.045,0.124,5.255,0,0,0,9,9,0,321,0,17,2,0,0,1,2400,0.021,0.025,0,ACTIVE,ACTIVE,,4095,4095,0,,true,16,false,0,0,true,1.8606,0.0014,19200,2280,0,,,,,,0,,,0,0,2,226,226,0,767539822242,2.233,0,0.03,0,0,230,229,2400,true,0,0,0,0,0,0,12,12,19224,0,0,0,0,0,0,0,0,0,0,0,0,0,,0,0,0,0,0,0,0,0,0,0,0,0,0,0,0,0,0,0,,0,0,0,0,0,0,false,
228,229,25645,false,145,50,1.457,0,1.289,0,dynamic_visual_atlas_upload,,,cell_indirection_lut,1.205,2400,2400,0,0,-1,-1,,1991.701174,3.013,4.027,4.027,1,8,3,1.5,false,2,8.666,,,,,,,,,,,,,,,,,,,,,,,,,,,,,,,,,,,,,,,,,,0,0,0,0,false,0,0,,0,0,0,0,0,0,0,,,,,false,{},{},{},{},{},{},{},0,0,0.223,0,0,0.02,0,0,0,0,0,0.004,0,0,0,0,0,0,100,0,6.903667,12.045,0.124,6.660667,0,0,0,9,9,0,321,0,17,2,0,0,1,2400,0.021,0.025,0,ACTIVE,ACTIVE,,4095,4095,0,,true,16,false,0,0,true,3.759,0.0015,55200,2280,0,,,,,,0,,,0,0,2,227,227,0,767539840899,4.261,0,0.028,0,0,231,230,2400,true,0,0,0,0,0,0,12,12,19224,0,0,0,0,0,0,0,0,0,0,0,0,0,,0,0,0,0,0,0,0,0,0,0,0,0,0,0,0,0,0,0,,0,0,0,0,0,0,false,
229,230,25665,false,145,50,1.471,0,1.318,0,dynamic_visual_atlas_upload,,,cell_indirection_lut,1.205,2400,2400,0,0,-1,-1,,1991.701174,3.013,4.027,4.027,1,8,3,1.5,false,2,8.666,,,,,,,,,,,,,,,,,,,,,,,,,,,,,,,,,,,,,,,,,,0,0,0,0,false,0,0,,0,0,0,0,0,0,0,,,,,false,{},{},{},{},{},{},{},0,0,0.178,0,0,0.015,0,0,0,0,0,0.003,0,0,0,0,0,0,100,0,6.848333,12.045,0.124,6.655333,0,0,0,9,9,0,321,0,17,2,0,0,1,2400,0.021,0.025,0,ACTIVE,ACTIVE,,4095,4095,0,,true,16,false,0,0,true,1.8919,0.001,19200,2280,0,,,,,,0,,,0,0,2,228,228,0,767539862266,3.426,0,0.03,0,0,232,231,2400,true,0,0,0,0,0,0,12,12,55224,0,0,0,0,0,0,0,0,0,0,0,0,0,,0,0,0,0,0,0,0,0,0,0,0,0,0,0,0,0,0,0,,0,0,0,0,0,0,false,
230,231,25686,false,145,50,1.397,0,1.232,0,dynamic_visual_atlas_upload,,,cell_indirection_lut,1.205,2400,2400,0,0,-1,-1,,1991.701174,3.013,4.027,4.027,1,8,3,1.5,false,2,8.666,,,,,,,,,,,,,,,,,,,,,,,,,,,,,,,,,,,,,,,,,,0,0,0,0,false,0,0,,0,0,0,0,0,0,0,,,,,false,{},{},{},{},{},{},{},0,0.001,0.209,0,0,0.017,0,0,0,0,0,0.003,0,0,0,0,0,0,100,0,6.928667,12.045,0.124,6.702667,0,0,0,9,9,0,321,0,17,2,0,0,1,2400,0.021,0.025,0,ACTIVE,ACTIVE,,4095,4095,0,,true,16,false,0,0,true,1.9858,0.0009,19200,2279,0,,,,,,0,,,0,0,2,229,229,0,767539880771,5.706,0,0.029,0,0,233,232,2400,true,0,0,0,0,0,0,12,12,19224,0,0,0,0,0,0,0,0,0,0,0,0,0,,0,0,0,0,0,0,0,0,0,0,0,0,0,0,0,0,0,0,,0,0,0,0,0,0,false,
231,232,25707,false,145,50,1.543,0,1.353,0,dynamic_visual_atlas_upload,,,cell_indirection_lut,1.205,2400,2400,0,0,-1,-1,,1991.701174,3.013,4.027,4.027,1,8,3,1.5,false,2,8.666,,,,,,,,,,,,,,,,,,,,,,,,,,,,,,,,,,,,,,,,,,0,0,0,0,false,0,0,,0,0,0,0,0,0,0,,,,,false,{},{},{},{},{},{},{},0.001,0,0.187,0,0,0.014,0,0,0,0,0,0.002,0,0,0,0,0,0,100,0,6.914333,12.045,0.124,6.713333,0,0,0,9,9,0,321,0,17,2,0,0,1,2400,0.021,0.025,0,ACTIVE,ACTIVE,,4095,4095,0,,true,16,false,0,0,true,1.7937,0.0009,19200,2280,0,,,,,,0,,,0,0,2,230,230,0,767539899320,7.925,0,0.029,0,0,234,233,2400,true,0,0,0,0,0,0,12,12,19224,0,0,0,0,0,0,0,0,0,0,0,0,0,,0,0,0,0,0,0,0,0,0,0,0,0,0,0,0,0,0,0,,0,0,0,0,0,0,false,
232,233,25721,false,145,50,1.573,0,1.409,0,dynamic_visual_atlas_upload,,,cell_indirection_lut,1.205,2400,2400,0,0,-1,-1,,1991.701174,3.013,4.027,4.027,1,8,3,1.5,false,2,8.666,,,,,,,,,,,,,,,,,,,,,,,,,,,,,,,,,,,,,,,,,,0,0,0,0,false,0,0,,0,0,0,0,0,0,0,,,,,false,{},{},{},{},{},{},{},0,0,0.161,0,0,0.016,0,0,0,0,0,0.003,0,0,0,0,0,0,100,0,6.8485,12.045,0.124,6.6715,0,0,0,9,9,0,321,0,17,2,0,0,1,2400,0.021,0.025,0,ACTIVE,ACTIVE,,4095,4095,0,,true,16,false,0,0,true,1.9802,0.0014,19200,2279,0,,,,,,0,,,0,0,2,231,231,0,767539918054,2.927,0,0.031,0,0,235,234,2400,true,0,0,0,0,0,0,12,12,19224,0,0,0,0,0,0,0,0,0,0,0,0,0,,0,0,0,0,0,0,0,0,0,0,0,0,0,0,0,0,0,0,,0,0,0,0,0,0,false,
233,234,25742,false,145,50,1.442,0,1.277,0,dynamic_visual_atlas_upload,,,cell_indirection_lut,1.205,2400,2400,0,0,-1,-1,,1991.701174,3.013,4.027,4.027,1,8,3,1.5,false,2,8.666,,,,,,,,,,,,,,,,,,,,,,,,,,,,,,,,,,,,,,,,,,0,0,0,0,false,0,0,,0,0,0,0,0,0,0,,,,,false,{},{},{},{},{},{},{},0,0,0.172,0,0,0.016,0,0,0,0,0,0.003,0,0,0,0,0,0,100,0,6.961667,12.045,0.124,6.773667,0,0,0,9,9,0,321,0,17,2,0,0,1,2400,0.021,0.025,0,ACTIVE,ACTIVE,,4095,4095,0,,true,16,false,0,0,true,1.8006,0.0008,19200,2280,0,,,,,,0,,,0,0,2,232,232,0,767539936396,5.4,0,0.032,0,0,236,235,2400,true,0,0,0,0,0,0,12,12,19224,0,0,0,0,0,0,0,0,0,0,0,0,0,,0,0,0,0,0,0,0,0,0,0,0,0,0,0,0,0,0,0,,0,0,0,0,0,0,false,
234,235,25759,false,145,50,1.393,0,1.251,0,dynamic_visual_atlas_upload,,,cell_indirection_lut,1.205,2400,2400,0,0,-1,-1,,1991.701174,3.013,4.027,4.027,1,8,3,1.5,false,2,8.666,,,,,,,,,,,,,,,,,,,,,,,,,,,,,,,,,,,,,,,,,,0,0,0,0,false,0,0,,0,0,0,0,0,0,0,,,,,false,{},{},{},{},{},{},{},0,3.445,3.599,0,0,0.019,0,0,0,0,0,0.003,0,0,0,0,0,0,100,0,8.4685,12.045,0.124,4.8505,0,0,0,9,9,0,321,0,17,2,0,0,1,2400,0.021,0.025,0,ACTIVE,ACTIVE,,4095,4095,0,,true,16,false,0,0,true,2.4123,0.0011,21600,2279,0,,,,,,0,,,0,0,2,233,233,0,767539954469,4.331,0,0.028,0,0,237,236,2400,true,0,0,0,0,0,0,12,12,19224,0,0,0,0,0,0,0,0,0,0,0,0,0,,0,0,0,0,0,0,0,0,0,0,0,0,0,0,0,0,0,0,,0,0,0,0,0,0,false,
235,236,25779,false,145,50,1.403,0,1.249,0,dynamic_visual_atlas_upload,,,cell_indirection_lut,1.205,2400,2400,0,0,-1,-1,,1991.701174,3.013,4.027,4.027,1,8,3,1.5,false,2,8.666,,,,,,,,,,,,,,,,,,,,,,,,,,,,,,,,,,,,,,,,,,0,0,0,0,false,0,0,,0,0,0,0,0,0,0,,,,,false,{},{},{},{},{},{},{},0,3.111,3.277,0,0,0.018,0,0,0,0,0,0.003,0,0,0,0,0,0,100,0,6.885,12.045,0.124,3.59,0,0,0,9,9,0,321,0,17,2,0,0,1,2400,0.021,0.025,0,ACTIVE,ACTIVE,,4095,4095,0,,true,16,false,0,0,true,1.9009,0.0011,19200,2280,0,,,,,,0,,,0,0,2,234,234,0,767539974028,5.457,0,0.027,0,0,238,237,2400,true,0,0,0,0,0,0,12,12,21624,0,0,0,0,0,0,0,0,0,0,0,0,0,,0,0,0,0,0,0,0,0,0,0,0,0,0,0,0,0,0,0,,0,0,0,0,0,0,false,
236,237,25796,false,145,50,1.396,0,1.256,0,dynamic_visual_atlas_upload,,,cell_indirection_lut,1.205,2400,2400,0,0,-1,-1,,1991.701174,3.013,4.027,4.027,1,8,3,1.5,false,2,8.666,,,,,,,,,,,,,,,,,,,,,,,,,,,,,,,,,,,,,,,,,,0,0,0,0,false,0,0,,0,0,0,0,0,0,0,,,,,false,{},{},{},{},{},{},{},0,0,0.158,0,0,0.018,0,0,0,0,0,0.002,0,0,0,0,0,0,100,0,5.754333,12.045,0.124,5.578333,0,0,0,9,9,0,321,0,17,2,0,0,1,2400,0.021,0.025,0,ACTIVE,ACTIVE,,4095,4095,0,,true,16,false,0,0,true,2.4742,0.0009,52800,2280,0,,,,,,0,,,0,0,2,235,235,0,767539992533,4.129,0,0.027,0,0,239,238,2400,true,0,0,0,0,0,0,12,12,19224,0,0,0,0,0,0,0,0,0,0,0,0,0,,0,0,0,0,0,0,0,0,0,0,0,0,0,0,0,0,0,0,,0,0,0,0,0,0,false,
237,238,25818,false,145,50,1.481,0,1.299,0,dynamic_visual_atlas_upload,,,cell_indirection_lut,1.205,2400,2400,0,0,-1,-1,,1991.701174,3.013,4.027,4.027,1,8,3,1.5,false,2,8.666,,,,,,,,,,,,,,,,,,,,,,,,,,,,,,,,,,,,,,,,,,0,0,0,0,false,0,0,,0,0,0,0,0,0,0,,,,,false,{},{},{},{},{},{},{},0,0,0.237,0,0,0.018,0,0,0,0,0,0.003,0,0,0,0,0,0,100,0,7.111667,12.045,0.124,6.856667,0,0,0,9,9,0,321,0,17,2,0,0,1,2400,0.021,0.025,0,ACTIVE,ACTIVE,,4095,4095,0,,true,16,false,0,0,true,1.9041,0.0011,19200,2280,0,,,,,,0,,,0,0,2,236,236,0,767540011683,6.319,0,0.033,0,0,240,239,2400,true,0,0,0,0,0,0,12,12,52824,0,0,0,0,0,0,0,0,0,0,0,0,0,,0,0,0,0,0,0,0,0,0,0,0,0,0,0,0,0,0,0,,0,0,0,0,0,0,false,
238,239,25834,false,145,50,1.476,0,1.283,0,dynamic_visual_atlas_upload,,,cell_indirection_lut,1.205,2400,2400,0,0,-1,-1,,1991.701174,3.013,4.027,4.027,1,8,3,1.5,false,2,8.666,,,,,,,,,,,,,,,,,,,,,,,,,,,,,,,,,,,,,,,,,,0,0,0,0,false,0,0,,0,0,0,0,0,0,0,,,,,false,{},{},{},{},{},{},{},0,2.954,3.117,0,0,0.016,0,0,0,0,0,0.003,0,0,0,0,0,0,100,0,8.1975,12.045,0.124,5.0645,0,0,0,9,9,0,321,0,17,2,0,0,1,2400,0.021,0.025,0,ACTIVE,ACTIVE,,4095,4095,0,,true,16,false,0,0,true,1.8551,0.001,19200,2280,0,,,,,,0,,,0,0,2,237,237,0,767540030051,4.403,0,0.028,0,0,241,240,2400,true,0,0,0,0,0,0,12,12,19224,0,0,0,0,0,0,0,0,0,0,0,0,0,,0,0,0,0,0,0,0,0,0,0,0,0,0,0,0,0,0,0,,0,0,0,0,0,0,false,
239,240,25855,false,145,50,1.457,0,1.334,0,dynamic_visual_atlas_upload,,,cell_indirection_lut,1.205,2400,2400,0,0,-1,-1,,1991.701174,3.013,4.027,4.027,1,8,3,1.5,false,2,8.666,,,,,,,,,,,,,,,,,,,,,,,,,,,,,,,,,,,,,,,,,,0,0,0,0,false,0,0,,0,0,0,0,0,0,0,,,,,false,{},{},{},{},{},{},{},0,3.339,3.51,0,0,0.015,0,0,0,0,0,0.003,0,0,0,0,0,0,100,0,6.904333,12.045,0.124,3.379333,0,0,0,9,9,0,321,0,17,2,0,0,1,2400,0.021,0.025,0,ACTIVE,ACTIVE,,4095,4095,0,,true,16,false,0,0,true,1.7966,0.0009,19200,2280,0,,,,,,0,,,0,0,2,238,238,0,767540048580,6.533,0,0.028,0,0,242,241,2400,true,0,0,0,0,0,0,12,12,19224,0,0,0,0,0,0,0,0,0,0,0,0,0,,0,0,0,0,0,0,0,0,0,0,0,0,0,0,0,0,0,0,,0,0,0,0,0,0,false,
240,241,25875,false,145,50,1.409,0,1.274,0,dynamic_visual_atlas_upload,,,cell_indirection_lut,1.205,2400,2400,0,0,-1,-1,,1991.701174,3.013,4.027,4.027,1,8,3,1.5,false,2,8.666,,,,,,,,,,,,,,,,,,,,,,,,,,,,,,,,,,,,,,,,,,0,0,0,0,false,0,0,,0,0,0,0,0,0,0,,,,,false,{},{},{},{},{},{},{},0,3.25,3.468,0,0,0.016,0,0,0,0,0,0.002,0,0,0,0,0,0,100,0,6.870667,12.045,0.124,3.386667,0,0,0,9,9,0,321,0,17,2,0,0,1,2400,0.021,0.025,0,ACTIVE,ACTIVE,,4095,4095,0,,true,16,false,0,0,true,2.8742,0.0012,21600,2280,0,,,,,,0,,,0,0,2,239,239,0,767540066579,9.276,0,0.029,0,0,243,242,2400,true,0,0,0,0,0,0,12,12,19224,0,0,0,0,0,0,0,0,0,0,0,0,0,,0,0,0,0,0,0,0,0,0,0,0,0,0,0,0,0,0,0,,0,0,0,0,0,0,false,
241,242,25896,false,145,50,1.412,0,1.284,0,dynamic_visual_atlas_upload,,,cell_indirection_lut,1.205,2400,2400,0,0,-1,-1,,1991.701174,3.013,4.027,4.027,1,8,3,1.5,false,2,8.666,,,,,,,,,,,,,,,,,,,,,,,,,,,,,,,,,,,,,,,,,,0,0,0,0,false,0,0,,0,0,0,0,0,0,0,,,,,false,{},{},{},{},{},{},{},0,3.24,3.402,0,0,0.015,0,0,0,0,0,0.002,0,0,0,0,0,0,100,0,6.864,12.045,0.124,3.447,0,0,0,9,9,0,321,0,17,2,0,0,1,2400,0.021,0.025,0,ACTIVE,ACTIVE,,4095,4095,0,,true,16,false,0,0,true,1.7871,0.0009,19200,2280,0,,,,,,0,,,0,0,2,240,240,0,767540085995,10.466,0,0.032,0,0,244,243,2400,true,0,0,0,0,0,0,12,12,21624,0,0,0,0,0,0,0,0,0,0,0,0,0,,0,0,0,0,0,0,0,0,0,0,0,0,0,0,0,0,0,0,,0,0,0,0,0,0,false,
242,243,25907,false,145,50,1.619,0,1.457,0,dynamic_visual_atlas_upload,,,cell_indirection_lut,1.205,2400,2400,0,0,-1,-1,,1991.701174,3.013,4.027,4.027,1,8,3,1.5,false,2,8.666,,,,,,,,,,,,,,,,,,,,,,,,,,,,,,,,,,,,,,,,,,0,0,0,0,false,0,0,,0,0,0,0,0,0,0,,,,,false,{},{},{},{},{},{},{},0,0,0.177,0,0,0.013,0,0,0,0,0,0.002,0,0,0,0,0,0,100,0,5.5,12.045,0.124,5.31,0,0,0,9,9,0,321,0,17,2,0,0,1,2400,0.021,0.025,0,ACTIVE,ACTIVE,,4095,4095,0,,true,16,false,0,0,true,2.1419,0.0011,24000,2280,0,,,,,,0,,,0,0,2,241,241,0,767540104175,3.164,0,0.031,0,0,244,243,2400,true,0,0,0,0,0,0,12,12,19224,0,0,0,0,0,0,0,0,0,0,0,0,0,,0,0,0,0,0,0,0,0,0,0,0,0,0,0,0,0,0,0,,0,0,0,0,0,0,false,
243,244,25929,false,145,50,1.585,0,1.371,0,dynamic_visual_atlas_upload,,,cell_indirection_lut,1.205,2400,2400,0,0,-1,-1,,1991.701174,3.013,4.027,4.027,1,8,3,1.5,false,2,8.666,,,,,,,,,,,,,,,,,,,,,,,,,,,,,,,,,,,,,,,,,,0,0,0,0,false,0,0,,0,0,0,0,0,0,0,,,,,false,{},{},{},{},{},{},{},0,0,0.299,0,0,0.036,0,0,0,0,0,0.004,0,0,0,0,0,0,100,0,7.207333,12.045,0.124,6.872333,0,0,0,9,9,0,321,0,17,2,0,0,1,2400,0.021,0.025,0,ACTIVE,ACTIVE,,4095,4095,0,,true,16,false,0,0,true,1.9223,0.0013,19200,2280,0,,,,,,0,,,0,0,2,242,242,0,767540123105,5.856,0,0.03,0,0,245,244,2400,true,0,0,0,0,0,0,12,12,24024,0,0,0,0,0,0,0,0,0,0,0,0,0,,0,0,0,0,0,0,0,0,0,0,0,0,0,0,0,0,0,0,,0,0,0,0,0,0,false,
244,245,25949,false,145,50,1.477,0,1.302,0,dynamic_visual_atlas_upload,,,cell_indirection_lut,1.205,2400,2400,0,0,-1,-1,,1991.701174,3.013,4.027,4.027,1,8,3,1.5,false,2,8.666,,,,,,,,,,,,,,,,,,,,,,,,,,,,,,,,,,,,,,,,,,0,0,0,0,false,0,0,,0,0,0,0,0,0,0,,,,,false,{},{},{},{},{},{},{},0,0,0.237,0,0,0.017,0,0,0,0,0,0.003,0,0,0,0,0,0,100,0,6.695333,12.045,0.124,6.441333,0,0,0,9,9,0,321,0,17,2,0,0,1,2400,0.021,0.025,0,ACTIVE,ACTIVE,,4095,4095,0,,true,16,false,0,0,true,2.7558,0.0009,55200,2280,0,,,,,,0,,,0,0,2,243,243,0,767540142025,7.004,0,0.03,0,0,246,245,2400,true,0,0,0,0,0,0,12,12,19224,0,0,0,0,0,0,0,0,0,0,0,0,0,,0,0,0,0,0,0,0,0,0,0,0,0,0,0,0,0,0,0,,0,0,0,0,0,0,false,
245,246,25970,false,145,50,1.501,0,1.303,0,dynamic_visual_atlas_upload,,,cell_indirection_lut,1.205,2400,2400,0,0,-1,-1,,1991.701174,3.013,4.027,4.027,1,8,3,1.5,false,2,8.666,,,,,,,,,,,,,,,,,,,,,,,,,,,,,,,,,,,,,,,,,,0,0,0,0,false,0,0,,0,0,0,0,0,0,0,,,,,false,{},{},{},{},{},{},{},0,0,0.312,0,0,0.027,0,0,0,0,0,0.005,0,0,0,0,0,0,100,0,6.949667,12.045,0.124,6.610667,0,0,0,9,9,0,321,0,17,2,0,0,1,2400,0.021,0.025,0,ACTIVE,ACTIVE,,4095,4095,0,,true,16,false,0,0,true,2.1579,0.0015,19200,2280,0,,,,,,0,,,0,0,2,244,244,0,767540162382,7.514,0,0.027,0,0,247,246,2400,true,0,0,0,0,0,0,12,12,55224,0,0,0,0,0,0,0,0,0,0,0,0,0,,0,0,0,0,0,0,0,0,0,0,0,0,0,0,0,0,0,0,,0,0,0,0,0,0,false,
246,247,25994,false,145,50,1.843,0,1.468,0,dynamic_visual_atlas_upload,,,cell_indirection_lut,1.205,2400,2400,0,0,-1,-1,,1991.701174,3.013,4.027,4.027,1,8,3,1.5,false,2,8.666,,,,,,,,,,,,,,,,,,,,,,,,,,,,,,,,,,,,,,,,,,0,0,0,0,false,0,0,,0,0,0,0,0,0,0,,,,,false,{},{},{},{},{},{},{},0,3.856,4.081,0,0,0.019,0,0,0,0,0,0.003,0,0,0,0,0,0,100,0,8.095667,12.045,0.124,3.995667,0,0,0,9,9,0,321,0,17,2,0,0,1,2400,0.021,0.025,0,ACTIVE,ACTIVE,,4095,4095,0,,true,16,false,0,0,true,2.5149,0.0011,21600,2280,0,,,,,,0,,,0,0,2,245,245,0,767540181353,12.85,0,0.028,0,0,249,248,2400,true,0,0,0,0,0,0,12,12,19224,0,0,0,0,0,0,0,0,0,0,0,0,0,,0,0,0,0,0,0,0,0,0,0,0,0,0,0,0,0,0,0,,0,0,0,0,0,0,false,
247,248,26004,false,145,50,1.436,0,1.252,0,dynamic_visual_atlas_upload,,,cell_indirection_lut,1.205,2400,2400,0,0,-1,-1,,1991.701174,3.013,4.027,4.027,1,8,3,1.5,false,2,8.666,,,,,,,,,,,,,,,,,,,,,,,,,,,,,,,,,,,,,,,,,,0,0,0,0,false,0,0,,0,0,0,0,0,0,0,,,,,false,{},{},{},{},{},{},{},0,0,0.468,0,0,0.02,0,0,0,0,0,0.004,0,0,0,0,0,0,100,0,5.1,12.045,0.124,4.612,0,0,0,9,9,0,321,0,17,2,0,0,1,2400,0.021,0.025,0,ACTIVE,ACTIVE,,4095,4095,0,,true,16,false,0,0,true,1.898,0.001,19200,2280,0,,,,,,0,,,0,0,2,246,246,0,767540201538,2.851,0,0.031,0,0,249,248,2400,true,0,0,0,0,0,0,12,12,21624,0,0,0,0,0,0,0,0,0,0,0,0,0,,0,0,0,0,0,0,0,0,0,0,0,0,0,0,0,0,0,0,,0,0,0,0,0,0,false,
248,249,26026,false,145,50,2.45,0,2.163,0,dynamic_visual_atlas_upload,,,cell_indirection_lut,1.205,2400,2400,0,0,-1,-1,,1991.701174,3.013,4.027,4.027,1,8,3,1.5,false,2,8.666,,,,,,,,,,,,,,,,,,,,,,,,,,,,,,,,,,,,,,,,,,0,0,0,0,false,0,0,,0,0,0,0,0,0,0,,,,,false,{},{},{},{},{},{},{},0,0,0.306,0,0,0.018,0,0,0,0,0,0.003,0,0,0,0,0,0,100,0,7.220667,11.312,0.107,6.896667,0,0,0,9,9,0,321,0,17,2,0,0,1,2400,0.021,0.025,0,ACTIVE,ACTIVE,,4095,4095,0,,true,16,false,0,0,true,1.8438,0.001,19200,2280,0,,,,,,0,,,0,0,2,247,247,0,767540220015,6.108,0,0.028,0,0,250,249,2400,true,0,0,0,0,0,0,12,12,19224,0,0,0,0,0,0,0,0,0,0,0,0,0,,0,0,0,0,0,0,0,0,0,0,0,0,0,0,0,0,0,0,,0,0,0,0,0,0,false,
249,250,26045,false,145,50,1.571,0,1.375,0,dynamic_visual_atlas_upload,,,cell_indirection_lut,1.205,2400,2400,0,0,-1,-1,,1991.701174,3.013,4.027,4.027,1,8,3,1.5,false,2,8.666,,,,,,,,,,,,,,,,,,,,,,,,,,,,,,,,,,,,,,,,,,0,0,0,0,false,0,0,,0,0,0,0,0,0,0,,,,,false,{},{},{},{},{},{},{},0,0.001,0.202,0,0,0.016,0,0,0,0,0,0.002,0,0,0,0,0,0,100,0,6.446333,11.312,0.107,6.228333,0,0,0,9,9,0,321,0,17,2,0,0,1,2400,0.021,0.025,0,ACTIVE,ACTIVE,,4095,4095,0,,true,16,false,0,0,true,1.8169,0.001,19200,2280,0,,,,,,0,,,0,0,2,248,248,0,767540240436,4.936,0,0.03,0,0,251,250,2400,true,0,0,0,0,0,0,12,12,19224,0,0,0,0,0,0,0,0,0,0,0,0,0,,0,0,0,0,0,0,0,0,0,0,0,0,0,0,0,0,0,0,,0,0,0,0,0,0,false,
250,251,26066,false,145,50,1.527,0,1.328,0,dynamic_visual_atlas_upload,,,cell_indirection_lut,1.205,2400,2400,0,0,-1,-1,,1991.701174,3.013,4.027,4.027,1,8,3,1.5,false,2,8.666,,,,,,,,,,,,,,,,,,,,,,,,,,,,,,,,,,,,,,,,,,0,0,0,0,false,0,0,,0,0,0,0,0,0,0,,,,,false,{},{},{},{},{},{},{},0,0.001,0.225,0,0,0.017,0,0,0,0,0,0.003,0,0,0,0,0,0,100,0,6.93,11.312,0.107,6.688,0,0,0,9,9,0,321,0,17,2,0,0,1,2400,0.021,0.025,0,ACTIVE,ACTIVE,,4095,4095,0,,true,16,false,0,0,true,1.9038,0.0014,19200,2280,0,,,,,,0,,,0,0,2,249,249,0,767540258950,7.21,0,0.028,0,0,252,251,2400,true,0,0,0,0,0,0,12,12,19224,0,0,0,0,0,0,0,0,0,0,0,0,0,,0,0,0,0,0,0,0,0,0,0,0,0,0,0,0,0,0,0,,0,0,0,0,0,0,false,
251,252,26087,false,145,50,1.521,0,1.346,0,dynamic_visual_atlas_upload,,,cell_indirection_lut,1.205,2400,2400,0,0,-1,-1,,1991.701174,3.013,4.027,4.027,1,8,3,1.5,false,2,8.666,,,,,,,,,,,,,,,,,,,,,,,,,,,,,,,,,,,,,,,,,,0,0,0,0,false,0,0,,0,0,0,0,0,0,0,,,,,false,{},{},{},{},{},{},{},0,0,0.19,0,0,0.013,0,0,0,0,0,0.002,0,0,0,0,0,0,100,0,7.005,11.312,0.107,6.802,0,0,0,9,9,0,321,0,17,2,0,0,1,2400,0.021,0.025,0,ACTIVE,ACTIVE,,4095,4095,0,,true,16,false,0,0,true,1.8043,0.0009,19200,2280,0,,,,,,0,,,0,0,2,250,250,0,767540278769,8.388,0,0.031,0,0,253,252,2400,true,0,0,0,0,0,0,12,12,19224,0,0,0,0,0,0,0,0,0,0,0,0,0,,0,0,0,0,0,0,0,0,0,0,0,0,0,0,0,0,0,0,,0,0,0,0,0,0,false,
252,253,26100,false,145,50,1.441,0,1.302,0,dynamic_visual_atlas_upload,,,cell_indirection_lut,1.205,2400,2400,0,0,-1,-1,,1991.701174,3.013,4.027,4.027,1,8,3,1.5,false,2,8.666,,,,,,,,,,,,,,,,,,,,,,,,,,,,,,,,,,,,,,,,,,0,0,0,0,false,0,0,,0,0,0,0,0,0,0,,,,,false,{},{},{},{},{},{},{},0,0,0.213,0,0,0.015,0,0,0,0,0,0.002,0,0,0,0,0,0,100,0,6.648,11.312,0.107,6.42,0,0,0,9,9,0,321,0,17,2,0,0,1,2400,0.021,0.025,0,ACTIVE,ACTIVE,,4095,4095,0,,true,16,false,0,0,true,3.2373,0.0012,55200,2280,0,,,,,,0,,,0,0,2,251,251,0,767540296926,3.515,0,0.027,0,0,254,253,2400,true,0,0,0,0,0,0,12,12,19224,0,0,0,0,0,0,0,0,0,0,0,0,0,,0,0,0,0,0,0,0,0,0,0,0,0,0,0,0,0,0,0,,0,0,0,0,0,0,false,
253,254,26121,false,145,50,1.501,0,1.247,0,dynamic_visual_atlas_upload,,,cell_indirection_lut,1.205,2400,2400,0,0,-1,-1,,1991.701174,3.013,4.027,4.027,1,8,3,1.5,false,2,8.666,,,,,,,,,,,,,,,,,,,,,,,,,,,,,,,,,,,,,,,,,,0,0,0,0,false,0,0,,0,0,0,0,0,0,0,,,,,false,{},{},{},{},{},{},{},0.001,0,0.176,0,0,0.015,0,0,0,0,0,0.002,0,0,0,0,0,0,100,0,6.892,11.312,0.107,6.701,0,0,0,9,9,0,321,0,17,2,0,0,1,2400,0.021,0.025,0,ACTIVE,ACTIVE,,4095,4095,0,,true,16,false,0,0,true,1.8211,0.001,19200,2280,0,,,,,,0,,,0,0,2,252,252,0,767540316684,4.68,0,0.028,0,0,255,254,2400,true,0,0,0,0,0,0,12,12,55224,0,0,0,0,0,0,0,0,0,0,0,0,0,,0,0,0,0,0,0,0,0,0,0,0,0,0,0,0,0,0,0,,0,0,0,0,0,0,false,
254,255,26137,false,145,50,1.452,0,1.286,0,dynamic_visual_atlas_upload,,,cell_indirection_lut,1.205,2400,2400,0,0,-1,-1,,1991.701174,3.013,4.027,4.027,1,8,3,1.5,false,2,8.666,,,,,,,,,,,,,,,,,,,,,,,,,,,,,,,,,,,,,,,,,,0,0,0,0,false,0,0,,0,0,0,0,0,0,0,,,,,false,{},{},{},{},{},{},{},0,2.851,2.997,0,0,0.013,0,0,0,0,0,0.002,0,0,0,0,0,0,100,0,8.276,11.312,0.107,5.266,0,0,0,9,9,0,321,0,17,2,0,0,1,2400,0.021,0.025,0,ACTIVE,ACTIVE,,4095,4095,0,,true,16,false,0,0,true,1.87,0.0011,19200,2280,0,,,,,,0,,,0,0,2,253,253,0,767540334713,2.974,0,0.028,0,0,256,255,2400,true,0,0,0,0,0,0,12,12,19224,0,0,0,0,0,0,0,0,0,0,0,0,0,,0,0,0,0,0,0,0,0,0,0,0,0,0,0,0,0,0,0,,0,0,0,0,0,0,false,
255,256,26159,false,145,50,1.378,0,1.249,0,dynamic_visual_atlas_upload,,,cell_indirection_lut,1.205,2400,2400,0,0,-1,-1,,1991.701174,3.013,4.027,4.027,1,8,3,1.5,false,2,8.666,,,,,,,,,,,,,,,,,,,,,,,,,,,,,,,,,,,,,,,,,,0,0,0,0,false,0,0,,0,0,0,0,0,0,0,,,,,false,{},{},{},{},{},{},{},0,3.66,3.813,0,0,0.018,0,0,0,0,0,0.002,0,0,0,0,0,0,100,0,7.088333,11.312,0.107,3.257333,0,0,0,9,9,0,321,0,17,2,0,0,1,2400,0.021,0.025,0,ACTIVE,ACTIVE,,4095,4095,0,,true,16,false,0,0,true,1.9321,0.001,19200,2280,0,,,,,,0,,,0,0,2,254,254,0,767540353209,5.741,0,0.028,0,0,257,256,2400,true,0,0,0,0,0,0,12,12,19224,0,0,0,0,0,0,0,0,0,0,0,0,0,,0,0,0,0,0,0,0,0,0,0,0,0,0,0,0,0,0,0,,0,0,0,0,0,0,false,
256,257,26179,false,145,50,1.479,0,1.32,0,dynamic_visual_atlas_upload,,,cell_indirection_lut,1.205,2400,2400,0,0,-1,-1,,1991.701174,3.013,4.027,4.027,1,8,3,1.5,false,2,8.666,,,,,,,,,,,,,,,,,,,,,,,,,,,,,,,,,,,,,,,,,,0,0,0,0,false,0,0,,0,0,0,0,0,0,0,,,,,false,{},{},{},{},{},{},{},0,3.344,3.516,0,0,0.017,0,0,0,0,0,0.003,0,0,0,0,0,0,100,0,6.825333,11.312,0.107,3.292333,0,0,0,9,9,0,321,0,17,2,0,0,1,2400,0.021,0.025,0,ACTIVE,ACTIVE,,4095,4095,0,,true,16,false,0,0,true,1.984,0.0013,19200,2280,0,,,,,,0,,,0,0,2,255,255,0,767540372305,7.134,0,0.027,0,0,258,257,2400,true,0,0,0,0,0,0,12,12,19224,0,0,0,0,0,0,0,0,0,0,0,0,0,,0,0,0,0,0,0,0,0,0,0,0,0,0,0,0,0,0,0,,0,0,0,0,0,0,false,
257,258,26197,false,145,50,1.464,0,1.268,0,dynamic_visual_atlas_upload,,,cell_indirection_lut,1.205,2400,2400,0,0,-1,-1,,1991.701174,3.013,4.027,4.027,1,8,3,1.5,false,2,8.666,,,,,,,,,,,,,,,,,,,,,,,,,,,,,,,,,,,,,,,,,,0,0,0,0,false,0,0,,0,0,0,0,0,0,0,,,,,false,{},{},{},{},{},{},{},0,6.606,6.778,0,0,0.02,0,0,0,0,0,0.003,0,0,0,0,0,0,100,0,8.811,11.312,0.107,2.013,0,0,0,9,9,0,321,0,17,2,0,0,1,2400,0.021,0.025,0,ACTIVE,ACTIVE,,4095,4095,0,,true,16,false,0,0,true,1.8161,0.0009,19200,2280,0,,,,,,0,,,0,0,2,256,256,0,767540391694,5.357,0,0.029,0,0,259,258,2400,true,0,0,0,0,0,0,12,12,19224,0,0,0,0,0,0,0,0,0,0,0,0,0,,0,0,0,0,0,0,0,0,0,0,0,0,0,0,0,0,0,0,,0,0,0,0,0,0,false,
258,259,26214,false,145,50,1.484,0,1.311,0,dynamic_visual_atlas_upload,,,cell_indirection_lut,1.205,2400,2400,0,0,-1,-1,,1991.701174,3.013,4.027,4.027,1,8,3,1.5,false,2,8.666,,,,,,,,,,,,,,,,,,,,,,,,,,,,,,,,,,,,,,,,,,0,0,0,0,false,0,0,,0,0,0,0,0,0,0,,,,,false,{},{},{},{},{},{},{},0,3.029,3.171,0,0,0.013,0,0,0,0,0,0.002,0,0,0,0,0,0,100,0,5.577,11.312,0.107,2.393,0,0,0,9,9,0,321,0,17,2,0,0,1,2400,0.021,0.025,0,ACTIVE,ACTIVE,,4095,4095,0,,true,16,false,0,0,true,2.4738,0.0011,21600,2280,0,,,,,,0,,,0,0,2,257,257,0,767540410596,3.18,0,0.026,0,0,260,259,2400,true,0,0,0,0,0,0,12,12,19224,0,0,0,0,0,0,0,0,0,0,0,0,0,,0,0,0,0,0,0,0,0,0,0,0,0,0,0,0,0,0,0,,0,0,0,0,0,0,false,
259,260,26235,false,145,50,1.417,0,1.264,0,dynamic_visual_atlas_upload,,,cell_indirection_lut,1.205,2400,2400,0,0,-1,-1,,1991.701174,3.013,4.027,4.027,1,8,3,1.5,false,2,8.666,,,,,,,,,,,,,,,,,,,,,,,,,,,,,,,,,,,,,,,,,,0,0,0,0,false,0,0,,0,0,0,0,0,0,0,,,,,false,{},{},{},{},{},{},{},0,3.937,4.098,0,0,0.013,0,0,0,0,0,0.002,0,0,0,0,0,0,100,0,7.187333,11.312,0.107,3.076333,0,0,0,9,9,0,321,0,17,2,0,0,1,2400,0.021,0.025,0,ACTIVE,ACTIVE,,4095,4095,0,,true,16,false,0,0,true,2.241,0.0011,19200,2280,0,,,,,,0,,,0,0,2,258,258,0,767540429433,5.902,0,0.027,0,0,261,260,2400,true,0,0,0,0,0,0,12,12,21624,0,0,0,0,0,0,0,0,0,0,0,0,0,,0,0,0,0,0,0,0,0,0,0,0,0,0,0,0,0,0,0,,0,0,0,0,0,0,false,
260,261,26255,false,145,50,1.368,0,1.25,0,dynamic_visual_atlas_upload,,,cell_indirection_lut,1.205,2400,2400,0,0,-1,-1,,1991.701174,3.013,4.027,4.027,1,8,3,1.5,false,2,8.666,,,,,,,,,,,,,,,,,,,,,,,,,,,,,,,,,,,,,,,,,,0,0,0,0,false,0,0,,0,0,0,0,0,0,0,,,,,false,{},{},{},{},{},{},{},0,3.25,3.413,0,0,0.016,0,0,0,0,0,0.003,0,0,0,0,0,0,100,0,6.586,11.312,0.107,3.157,0,0,0,9,9,0,321,0,17,2,0,0,1,2400,0.021,0.025,0,ACTIVE,ACTIVE,,4095,4095,0,,true,16,false,0,0,true,2.453,0.001,52800,2280,0,,,,,,0,,,0,0,2,259,259,0,767540448724,6.365,0,0.027,0,0,262,261,2400,true,0,0,0,0,0,0,12,12,19224,0,0,0,0,0,0,0,0,0,0,0,0,0,,0,0,0,0,0,0,0,0,0,0,0,0,0,0,0,0,0,0,,0,0,0,0,0,0,false,
261,262,26276,false,145,50,1.427,0,1.261,0,dynamic_visual_atlas_upload,,,cell_indirection_lut,1.205,2400,2400,0,0,-1,-1,,1991.701174,3.013,4.027,4.027,1,8,3,1.5,false,2,8.666,,,,,,,,,,,,,,,,,,,,,,,,,,,,,,,,,,,,,,,,,,0,0,0,0,false,0,0,,0,0,0,0,0,0,0,,,,,false,{},{},{},{},{},{},{},0,3.673,3.916,0,0,0.014,0,0,0,0,0,0.002,0,0,0,0,0,0,100,0,7.086333,11.312,0.107,3.156333,0,0,0,9,9,0,321,0,17,2,0,0,1,2400,0.021,0.025,0,ACTIVE,ACTIVE,,4095,4095,0,,true,16,false,0,0,true,1.8005,0.0011,19200,2280,0,,,,,,0,,,0,0,2,260,260,0,767540467575,8.796,0,0.027,0,0,263,262,2400,true,0,0,0,0,0,0,12,12,52824,0,0,0,0,0,0,0,0,0,0,0,0,0,,0,0,0,0,0,0,0,0,0,0,0,0,0,0,0,0,0,0,,0,0,0,0,0,0,false,
262,263,26296,false,145,50,1.399,0,1.258,0,dynamic_visual_atlas_upload,,,cell_indirection_lut,1.205,2400,2400,0,0,-1,-1,,1991.701174,3.013,4.027,4.027,1,8,3,1.5,false,2,8.666,,,,,,,,,,,,,,,,,,,,,,,,,,,,,,,,,,,,,,,,,,0,0,0,0,false,0,0,,0,0,0,0,0,0,0,,,,,false,{},{},{},{},{},{},{},0,3.213,3.375,0,0,0.013,0,0,0,0,0,0.002,0,0,0,0,0,0,100,0,6.687333,11.312,0.107,3.299333,0,0,0,9,9,0,321,0,17,2,0,0,1,2400,0.021,0.025,0,ACTIVE,ACTIVE,,4095,4095,0,,true,16,false,0,0,true,1.8101,0.0009,19200,2280,0,,,,,,0,,,0,0,2,261,261,0,767540486166,10.266,0,0.031,0,0,264,263,2400,true,0,0,0,0,0,0,12,12,19224,0,0,0,0,0,0,0,0,0,0,0,0,0,,0,0,0,0,0,0,0,0,0,0,0,0,0,0,0,0,0,0,,0,0,0,0,0,0,false,
263,264,26307,false,145,50,1.416,0,1.249,0,dynamic_visual_atlas_upload,,,cell_indirection_lut,1.205,2400,2400,0,0,-1,-1,,1991.701174,3.013,4.027,4.027,1,8,3,1.5,false,2,8.666,,,,,,,,,,,,,,,,,,,,,,,,,,,,,,,,,,,,,,,,,,0,0,0,0,false,0,0,,0,0,0,0,0,0,0,,,,,false,{},{},{},{},{},{},{},0,0,0.259,0,0,0.019,0,0,0,0,0,0.003,0,0,0,0,0,0,100,0,5.5945,11.312,0.107,5.3165,0,0,0,9,9,0,321,0,17,2,0,0,1,2400,0.021,0.025,0,ACTIVE,ACTIVE,,4095,4095,0,,true,16,false,0,0,true,1.8925,0.0014,19200,2280,0,,,,,,0,,,0,0,2,262,262,0,767540504628,2.976,0,0.032,0,0,264,263,2400,true,0,0,0,0,0,0,12,12,19224,0,0,0,0,0,0,0,0,0,0,0,0,0,,0,0,0,0,0,0,0,0,0,0,0,0,0,0,0,0,0,0,,0,0,0,0,0,0,false,
264,265,26328,false,145,50,1.435,0,1.266,0,dynamic_visual_atlas_upload,,,cell_indirection_lut,1.205,2400,2400,0,0,-1,-1,,1991.701174,3.013,4.027,4.027,1,8,3,1.5,false,2,8.666,,,,,,,,,,,,,,,,,,,,,,,,,,,,,,,,,,,,,,,,,,0,0,0,0,false,0,0,,0,0,0,0,0,0,0,,,,,false,{},{},{},{},{},{},{},0,0,0.232,0,0,0.016,0,0,0,0,0,0.003,0,0,0,0,0,0,100,0,6.861,11.312,0.107,6.613,0,0,0,9,9,0,321,0,17,2,0,0,1,2400,0.021,0.025,0,ACTIVE,ACTIVE,,4095,4095,0,,true,16,false,0,0,true,2.5748,0.001,21600,2280,0,,,,,,0,,,0,0,2,263,263,0,767540524113,4.082,0,0.027,0,0,265,264,2400,true,0,0,0,0,0,0,12,12,19224,0,0,0,0,0,0,0,0,0,0,0,0,0,,0,0,0,0,0,0,0,0,0,0,0,0,0,0,0,0,0,0,,0,0,0,0,0,0,false,
265,266,26349,false,145,50,1.412,0,1.274,0,dynamic_visual_atlas_upload,,,cell_indirection_lut,1.205,2400,2400,0,0,-1,-1,,1991.701174,3.013,4.027,4.027,1,8,3,1.5,false,2,8.666,,,,,,,,,,,,,,,,,,,,,,,,,,,,,,,,,,,,,,,,,,0,0,0,0,false,0,0,,0,0,0,0,0,0,0,,,,,false,{},{},{},{},{},{},{},0,0,0.155,0,0,0.013,0,0,0,0,0,0.002,0,0,0,0,0,0,100,0,6.883,11.312,0.107,6.715,0,0,0,9,9,0,321,0,17,2,0,0,1,2400,0.021,0.025,0,ACTIVE,ACTIVE,,4095,4095,0,,true,16,false,0,0,true,1.8107,0.0008,19200,2280,0,,,,,,0,,,0,0,2,264,264,0,767540543541,5.288,0,0.027,0,0,266,265,2400,true,0,0,0,0,0,0,12,12,21624,0,0,0,0,0,0,0,0,0,0,0,0,0,,0,0,0,0,0,0,0,0,0,0,0,0,0,0,0,0,0,0,,0,0,0,0,0,0,false,
266,267,26370,false,145,50,1.472,0,1.271,0,dynamic_visual_atlas_upload,,,cell_indirection_lut,1.205,2400,2400,0,0,-1,-1,,1991.701174,3.013,4.027,4.027,1,8,3,1.5,false,2,8.666,,,,,,,,,,,,,,,,,,,,,,,,,,,,,,,,,,,,,,,,,,0,0,0,0,false,0,0,,0,0,0,0,0,0,0,,,,,false,{},{},{},{},{},{},{},0.001,0,0.273,0,0,0.021,0,0,0,0,0,0.003,0,0,0,0,0,0,100,0,7.025333,11.312,0.107,6.731333,0,0,0,9,9,0,321,0,17,2,0,0,1,2400,0.021,0.025,0,ACTIVE,ACTIVE,,4095,4095,0,,true,16,false,0,0,true,1.7913,0.001,19200,2280,0,,,,,,0,,,0,0,2,265,265,0,767540561295,8.632,0,0.026,0,0,267,266,2400,true,0,0,0,0,0,0,12,12,19224,0,0,0,0,0,0,0,0,0,0,0,0,0,,0,0,0,0,0,0,0,0,0,0,0,0,0,0,0,0,0,0,,0,0,0,0,0,0,false,
267,268,26383,false,145,50,1.609,0,1.458,0,dynamic_visual_atlas_upload,,,cell_indirection_lut,1.205,2400,2400,0,0,-1,-1,,1991.701174,3.013,4.027,4.027,1,8,3,1.5,false,2,8.666,,,,,,,,,,,,,,,,,,,,,,,,,,,,,,,,,,,,,,,,,,0,0,0,0,false,0,0,,0,0,0,0,0,0,0,,,,,false,{},{},{},{},{},{},{},0,0,0.191,0,0,0.016,0,0,0,0,0,0.002,0,0,0,0,0,0,100,0,6.789,11.312,0.107,6.582,0,0,0,9,9,0,321,0,17,2,0,0,1,2400,0.021,0.025,0,ACTIVE,ACTIVE,,4095,4095,0,,true,16,false,0,0,true,1.788,0.0009,19200,2280,0,,,,,,0,,,0,0,2,266,266,0,767540580282,3.205,0,0.029,0,0,268,267,2400,true,0,0,0,0,0,0,12,12,19224,0,0,0,0,0,0,0,0,0,0,0,0,0,,0,0,0,0,0,0,0,0,0,0,0,0,0,0,0,0,0,0,,0,0,0,0,0,0,false,
268,269,26404,false,145,50,1.431,0,1.26,0,dynamic_visual_atlas_upload,,,cell_indirection_lut,1.205,2400,2400,0,0,-1,-1,,1991.701174,3.013,4.027,4.027,1,8,3,1.5,false,2,8.666,,,,,,,,,,,,,,,,,,,,,,,,,,,,,,,,,,,,,,,,,,0,0,0,0,false,0,0,,0,0,0,0,0,0,0,,,,,false,{},{},{},{},{},{},{},0.001,0,0.227,0,0,0.016,0,0,0,0,0,0.003,0,0,0,0,0,0,100,0,6.858667,11.312,0.107,6.615667,0,0,0,9,9,0,321,0,17,2,0,0,1,2400,0.021,0.025,0,ACTIVE,ACTIVE,,4095,4095,0,,true,16,false,0,0,true,2.4713,0.0009,52800,2280,0,,,,,,0,,,0,0,2,267,267,0,767540598785,5.281,0,0.028,0,0,269,268,2400,true,0,0,0,0,0,0,12,12,19224,0,0,0,0,0,0,0,0,0,0,0,0,0,,0,0,0,0,0,0,0,0,0,0,0,0,0,0,0,0,0,0,,0,0,0,0,0,0,false,
269,270,26425,false,145,50,1.656,0,1.469,0,dynamic_visual_atlas_upload,,,cell_indirection_lut,1.205,2400,2400,0,0,-1,-1,,1991.701174,3.013,4.027,4.027,1,8,3,1.5,false,2,8.666,,,,,,,,,,,,,,,,,,,,,,,,,,,,,,,,,,,,,,,,,,0,0,0,0,false,0,0,,0,0,0,0,0,0,0,,,,,false,{},{},{},{},{},{},{},0,0,0.228,0,0,0.017,0,0,0,0,0,0.003,0,0,0,0,0,0,100,0,7.01,11.312,0.107,6.765,0,0,0,9,9,0,321,0,17,2,0,0,1,2400,0.021,0.025,0,ACTIVE,ACTIVE,,4095,4095,0,,true,16,false,0,0,true,1.8274,0.0009,19200,2280,0,,,,,,0,,,0,0,2,268,268,0,767540617366,7.745,0,0.028,0,0,270,269,2400,true,0,0,0,0,0,0,12,12,52824,0,0,0,0,0,0,0,0,0,0,0,0,0,,0,0,0,0,0,0,0,0,0,0,0,0,0,0,0,0,0,0,,0,0,0,0,0,0,false,
270,271,26446,false,145,50,1.793,0,1.511,0,dynamic_visual_atlas_upload,,,cell_indirection_lut,1.205,2400,2400,0,0,-1,-1,,1991.701174,3.013,4.027,4.027,1,8,3,1.5,false,2,8.666,,,,,,,,,,,,,,,,,,,,,,,,,,,,,,,,,,,,,,,,,,0,0,0,0,false,0,0,,0,0,0,0,0,0,0,,,,,false,{},{},{},{},{},{},{},0,0,0.286,0,0,0.021,0,0,0,0,0,0.004,0,0,0,0,0,0,100,0,7.061333,11.312,0.107,6.754333,0,0,0,9,9,0,321,0,17,2,0,0,1,2400,0.021,0.025,0,ACTIVE,ACTIVE,,4095,4095,0,,true,16,false,0,0,true,2.478,0.0017,21600,2280,0,,,,,,0,,,0,0,2,269,269,0,767540636964,9.367,0,0.03,0,0,271,270,2400,true,0,0,0,0,0,0,12,12,19224,0,0,0,0,0,0,0,0,0,0,0,0,0,,0,0,0,0,0,0,0,0,0,0,0,0,0,0,0,0,0,0,,0,0,0,0,0,0,false,
271,272,26460,false,145,50,2.301,0,2.05,0,dynamic_visual_atlas_upload,,,cell_indirection_lut,1.205,2400,2400,0,0,-1,-1,,1991.701174,3.013,4.027,4.027,1,8,3,1.5,false,2,8.666,,,,,,,,,,,,,,,,,,,,,,,,,,,,,,,,,,,,,,,,,,0,0,0,0,false,0,0,,0,0,0,0,0,0,0,,,,,false,{},{},{},{},{},{},{},0,0,0.283,0,0,0.02,0,0,0,0,0,0.004,0,0,0,0,0,0,100,0,6.975,11.312,0.107,6.672,0,0,0,9,9,0,321,0,17,2,0,0,1,2400,0.021,0.025,0,ACTIVE,ACTIVE,,4095,4095,0,,true,16,false,0,0,true,2.0139,0.0013,19200,2280,0,,,,,,0,,,0,0,2,270,270,0,767540656708,3.56,0,0.036,0,0,272,271,2400,true,0,0,0,0,0,0,12,12,21624,0,0,0,0,0,0,0,0,0,0,0,0,0,,0,0,0,0,0,0,0,0,0,0,0,0,0,0,0,0,0,0,,0,0,0,0,0,0,false,
272,273,26481,false,145,50,2.433,0,2.189,0,dynamic_visual_atlas_upload,,,cell_indirection_lut,1.205,2400,2400,0,0,-1,-1,,1991.701174,3.013,4.027,4.027,1,8,3,1.5,false,2,8.666,,,,,,,,,,,,,,,,,,,,,,,,,,,,,,,,,,,,,,,,,,0,0,0,0,false,0,0,,0,0,0,0,0,0,0,,,,,false,{},{},{},{},{},{},{},0,0,0.315,0,0,0.022,0,0,0,0,0,0.003,0,0,0,0,0,0,100,0,7.133667,11.312,0.107,6.796667,0,0,0,9,9,0,321,0,17,2,0,0,1,2400,0.021,0.025,0,ACTIVE,ACTIVE,,4095,4095,0,,true,16,false,0,0,true,1.8788,0.001,19200,2280,0,,,,,,0,,,0,0,2,271,271,0,767540675978,5.762,0,0.031,0,0,273,272,2400,true,0,0,0,0,0,0,12,12,19224,0,0,0,0,0,0,0,0,0,0,0,0,0,,0,0,0,0,0,0,0,0,0,0,0,0,0,0,0,0,0,0,,0,0,0,0,0,0,false,
273,274,26501,false,145,50,1.613,0,1.393,0,dynamic_visual_atlas_upload,,,cell_indirection_lut,1.205,2400,2400,0,0,-1,-1,,1991.701174,3.013,4.027,4.027,1,8,3,1.5,false,2,8.666,,,,,,,,,,,,,,,,,,,,,,,,,,,,,,,,,,,,,,,,,,0,0,0,0,false,0,0,,0,0,0,0,0,0,0,,,,,false,{},{},{},{},{},{},{},0,6.928,7.124,0,0,0.018,0,0,0,0,0,0.003,0,0,0,0,0,0,100,0,9.7165,11.312,0.107,2.5745,0,0,0,9,9,0,321,0,17,2,0,0,1,2400,0.021,0.025,0,ACTIVE,ACTIVE,,4095,4095,0,,true,16,false,0,0,true,1.8843,0.0015,19200,2280,0,,,,,,0,,,0,0,2,272,272,0,767540694390,6.762,0,0.043,0,0,274,273,2400,true,0,0,0,0,0,0,12,12,19224,0,0,0,0,0,0,0,0,0,0,0,0,0,,0,0,0,0,0,0,0,0,0,0,0,0,0,0,0,0,0,0,,0,0,0,0,0,0,false,
274,275,26517,false,145,50,1.396,0,1.254,0,dynamic_visual_atlas_upload,,,cell_indirection_lut,1.205,2400,2400,0,0,-1,-1,,1991.701174,3.013,4.027,4.027,1,8,3,1.5,false,2,8.666,,,,,,,,,,,,,,,,,,,,,,,,,,,,,,,,,,,,,,,,,,0,0,0,0,false,0,0,,0,0,0,0,0,0,0,,,,,false,{},{},{},{},{},{},{},0,3.191,3.364,0,0,0.019,0,0,0,0,0,0.003,0,0,0,0,0,0,100,0,5.518667,11.312,0.107,2.135667,0,0,0,9,9,0,321,0,17,2,0,0,1,2400,0.021,0.025,0,ACTIVE,ACTIVE,,4095,4095,0,,true,16,false,0,0,true,1.9696,0.0012,19200,2280,0,,,,,,0,,,0,0,2,273,273,0,767540713943,3.694,0,0.03,0,0,275,274,2400,true,0,0,0,0,0,0,12,12,19224,0,0,0,0,0,0,0,0,0,0,0,0,0,,0,0,0,0,0,0,0,0,0,0,0,0,0,0,0,0,0,0,,0,0,0,0,0,0,false,
275,276,26538,false,145,50,1.557,0,1.361,0,dynamic_visual_atlas_upload,,,cell_indirection_lut,1.205,2400,2400,0,0,-1,-1,,1991.701174,3.013,4.027,4.027,1,8,3,1.5,false,2,8.666,,,,,,,,,,,,,,,,,,,,,,,,,,,,,,,,,,,,,,,,,,0,0,0,0,false,0,0,,0,0,0,0,0,0,0,,,,,false,{},{},{},{},{},{},{},0,3.182,3.371,0,0,0.02,0,0,0,0,0,0.003,0,0,0,0,0,0,100,0,7.029,11.312,0.107,3.638,0,0,0,9,9,0,321,0,17,2,0,0,1,2400,0.021,0.025,0,ACTIVE,ACTIVE,,4095,4095,0,,true,16,false,0,0,true,2.2141,0.0013,19200,2280,0,,,,,,0,,,0,0,2,274,274,0,767540733981,4.753,0,0.026,0,0,276,275,2400,true,0,0,0,0,0,0,12,12,19224,0,0,0,0,0,0,0,0,0,0,0,0,0,,0,0,0,0,0,0,0,0,0,0,0,0,0,0,0,0,0,0,,0,0,0,0,0,0,false,
276,277,26560,false,145,50,1.542,0,1.331,0,dynamic_visual_atlas_upload,,,cell_indirection_lut,1.205,2400,2400,0,0,-1,-1,,1991.701174,3.013,4.027,4.027,1,8,3,1.5,false,2,8.666,,,,,,,,,,,,,,,,,,,,,,,,,,,,,,,,,,,,,,,,,,0,0,0,0,false,0,0,,0,0,0,0,0,0,0,,,,,false,{},{},{},{},{},{},{},0,4.318,4.518,0,0,0.024,0,0,0,0,0,0.003,0,0,0,0,0,0,100,0,7.270333,11.312,0.107,2.728333,0,0,0,9,9,0,321,0,17,2,0,0,1,2400,0.021,0.025,0,ACTIVE,ACTIVE,,4095,4095,0,,true,16,false,0,0,true,2.2141,0.0013,19200,2280,0,,,,,,0,,,0,0,2,275,275,0,767540755976,4.573,0,0.027,0,0,277,276,2400,true,0,0,0,0,0,0,12,12,19224,0,0,0,0,0,0,0,0,0,0,0,0,0,,0,0,0,0,0,0,0,0,0,0,0,0,0,0,0,0,0,0,,0,0,0,0,0,0,false,
277,278,26584,false,145,50,1.996,0,1.65,0,dynamic_visual_atlas_upload,,,cell_indirection_lut,1.205,2400,2400,0,0,-1,-1,,1991.701174,3.013,4.027,4.027,1,8,3,1.5,false,2,8.666,,,,,,,,,,,,,,,,,,,,,,,,,,,,,,,,,,,,,,,,,,0,0,0,0,false,0,0,,0,0,0,0,0,0,0,,,,,false,{},{},{},{},{},{},{},0.001,0,0.268,0,0,0.021,0,0,0,0,0,0.003,0,0,0,0,0,0,100,0,6.00025,11.312,0.107,5.71125,0,0,0,9,9,0,321,0,17,2,0,0,1,2400,0.021,0.025,0,ACTIVE,ACTIVE,,4095,4095,0,,true,16,false,0,0,true,1.9195,0.0013,19200,2280,0,,,,,,0,,,0,0,2,276,276,0,767540778318,6.296,0,0.028,0,0,278,277,2400,true,0,0,0,0,0,0,12,12,55224,0,0,0,0,0,0,0,0,0,0,0,0,0,,0,0,0,0,0,0,0,0,0,0,0,0,0,0,0,0,0,0,,0,0,0,0,0,0,false,
278,279,26604,false,145,50,1.654,0,1.381,0,dynamic_visual_atlas_upload,,,cell_indirection_lut,1.205,2400,2400,0,0,-1,-1,,1991.701174,3.013,4.027,4.027,1,8,3,1.5,false,2,8.666,,,,,,,,,,,,,,,,,,,,,,,,,,,,,,,,,,,,,,,,,,0,0,0,0,false,0,0,,0,0,0,0,0,0,0,,,,,false,{},{},{},{},{},{},{},0,0,0.297,0,0,0.022,0,0,0,0,0,0.004,0,0,0,0,0,0,100,0,6.724333,11.312,0.107,6.405333,0,0,0,9,9,0,321,0,17,2,0,0,1,2400,0.021,0.025,0,ACTIVE,ACTIVE,,4095,4095,0,,true,16,false,0,0,true,2.0691,0.0014,19200,2280,0,,,,,,0,,,0,0,2,277,277,0,767540799594,5.136,0,0.048,0,0,279,278,2400,true,0,0,0,0,0,0,12,12,19224,0,0,0,0,0,0,0,0,0,0,0,0,0,,0,0,0,0,0,0,0,0,0,0,0,0,0,0,0,0,0,0,,0,0,0,0,0,0,false,
279,280,26626,false,145,50,1.968,0,1.665,0,dynamic_visual_atlas_upload,,,cell_indirection_lut,1.205,2400,2400,0,0,-1,-1,,1991.701174,3.013,4.027,4.027,1,8,3,1.5,false,2,8.666,,,,,,,,,,,,,,,,,,,,,,,,,,,,,,,,,,,,,,,,,,0,0,0,0,false,0,0,,0,0,0,0,0,0,0,,,,,false,{},{},{},{},{},{},{},0.001,0.001,0.41,0,0,0.026,0,0,0,0,0,0.004,0,0,0,0,0,0,100,0,7.321,11.312,0.107,6.885,0,0,0,9,9,0,321,0,17,2,0,0,1,2400,0.021,0.025,0,ACTIVE,ACTIVE,,4095,4095,0,,true,16,false,0,0,true,2.5011,0.0016,19200,2280,0,,,,,,0,,,0,0,2,278,278,0,767540819666,7.275,0,0.03,0,0,280,279,2400,true,0,0,0,0,0,0,12,12,19224,0,0,0,0,0,0,0,0,0,0,0,0,0,,0,0,0,0,0,0,0,0,0,0,0,0,0,0,0,0,0,0,,0,0,0,0,0,0,false,
280,281,26658,false,145,50,2.038,0,1.765,0,dynamic_visual_atlas_upload,,,cell_indirection_lut,1.205,2400,2400,0,0,-1,-1,,1991.701174,3.013,4.027,4.027,1,8,3,1.5,false,2,8.666,,,,,,,,,,,,,,,,,,,,,,,,,,,,,,,,,,,,,,,,,,0,0,0,0,false,0,0,,0,0,0,0,0,0,0,,,,,false,{},{},{},{},{},{},{},0,4.886,5.095,0,0,0.032,0,0,0,0,0,0.003,0,0,0,0,0,0,100,0,7.86425,11.312,0.107,2.73725,0,0,0,9,9,0,321,0,17,2,0,0,1,2400,0.021,0.025,0,ACTIVE,ACTIVE,,4095,4095,0,,true,16,false,0,0,true,3.2398,0.003,19200,2280,0,,,,,,0,,,0,0,2,279,279,0,767540845401,12.779,0,0.05,0,0,282,281,2400,true,0,0,0,0,0,0,12,12,19224,0,0,0,0,0,0,0,0,0,0,0,0,0,,0,0,0,0,0,0,0,0,0,0,0,0,0,0,0,0,0,0,,0,0,0,0,0,0,false,
281,282,26676,false,145,50,1.503,0,1.359,0,dynamic_visual_atlas_upload,,,cell_indirection_lut,1.205,2400,2400,0,0,-1,-1,,1991.701174,3.013,4.027,4.027,1,8,3,1.5,false,2,8.666,,,,,,,,,,,,,,,,,,,,,,,,,,,,,,,,,,,,,,,,,,0,0,0,0,false,0,0,,0,0,0,0,0,0,0,,,,,false,{},{},{},{},{},{},{},0,3.369,3.553,0,0,0.019,0,0,0,0,0,0.003,0,0,0,0,0,0,100,0,6.080667,11.312,0.107,2.508667,0,0,0,9,9,0,321,0,17,2,0,0,1,2400,0.021,0.025,0,ACTIVE,ACTIVE,,4095,4095,0,,true,16,false,0,0,true,1.8807,0.0014,19200,2280,0,,,,,,0,,,0,0,2,280,280,0,767540868817,7.556,0,0.037,0,0,283,282,2400,true,0,0,0,0,0,0,12,12,19224,0,0,0,0,0,0,0,0,0,0,0,0,0,,0,0,0,0,0,0,0,0,0,0,0,0,0,0,0,0,0,0,,0,0,0,0,0,0,false,
282,283,26697,false,145,50,1.476,0,1.33,0,dynamic_visual_atlas_upload,,,cell_indirection_lut,1.205,2400,2400,0,0,-1,-1,,1991.701174,3.013,4.027,4.027,1,8,3,1.5,false,2,8.666,,,,,,,,,,,,,,,,,,,,,,,,,,,,,,,,,,,,,,,,,,0,0,0,0,false,0,0,,0,0,0,0,0,0,0,,,,,false,{},{},{},{},{},{},{},0,3.881,4.074,0,0,0.018,0,0,0,0,0,0.003,0,0,0,0,0,0,100,0,7.053667,11.312,0.107,2.961667,0,0,0,9,9,0,321,0,17,2,0,0,1,2400,0.021,0.025,0,ACTIVE,ACTIVE,,4095,4095,0,,true,16,false,0,0,true,2.4587,0.0011,21600,2280,0,,,,,,0,,,0,0,2,281,281,0,767540888324,9.224,0,0.03,0,0,284,283,2400,true,0,0,0,0,0,0,12,12,19224,0,0,0,0,0,0,0,0,0,0,0,0,0,,0,0,0,0,0,0,0,0,0,0,0,0,0,0,0,0,0,0,,0,0,0,0,0,0,false,
283,284,26720,false,145,50,1.69,0,1.496,0,dynamic_visual_atlas_upload,,,cell_indirection_lut,1.205,2400,2400,0,0,-1,-1,,1991.701174,3.013,4.027,4.027,1,8,3,1.5,false,2,8.666,,,,,,,,,,,,,,,,,,,,,,,,,,,,,,,,,,,,,,,,,,0,0,0,0,false,0,0,,0,0,0,0,0,0,0,,,,,false,{},{},{},{},{},{},{},0,4.928,5.138,0,0,0.023,0,0,0,0,0,0.004,0,0,0,0,0,0,100,0,7.444333,11.312,0.107,2.283333,0,0,0,9,9,0,321,0,17,2,0,0,1,2400,0.021,0.025,0,ACTIVE,ACTIVE,,4095,4095,0,,true,16,false,0,0,true,2.2093,0.0023,19200,2280,0,,,,,,0,,,0,0,2,282,282,0,767540908406,11.479,0,0.03,0,0,285,284,2400,true,0,0,0,0,0,0,12,12,21624,0,0,0,0,0,0,0,0,0,0,0,0,0,,0,0,0,0,0,0,0,0,0,0,0,0,0,0,0,0,0,0,,0,0,0,0,0,0,false,
284,285,26738,false,145,50,1.426,0,1.281,0,dynamic_visual_atlas_upload,,,cell_indirection_lut,1.205,2400,2400,0,0,-1,-1,,1991.701174,3.013,4.027,4.027,1,8,3,1.5,false,2,8.666,,,,,,,,,,,,,,,,,,,,,,,,,,,,,,,,,,,,,,,,,,0,0,0,0,false,0,0,,0,0,0,0,0,0,0,,,,,false,{},{},{},{},{},{},{},0,3.317,3.479,0,0,0.019,0,0,0,0,0,0.003,0,0,0,0,0,0,100,0,6.162333,11.312,0.107,2.664333,0,0,0,9,9,0,321,0,17,2,0,0,1,2400,0.021,0.025,0,ACTIVE,ACTIVE,,4095,4095,0,,true,16,false,0,0,true,2.6116,0.0012,52800,2280,0,,,,,,0,,,0,0,2,283,283,0,767540928659,9.884,0,0.029,0,0,286,285,2400,true,0,0,0,0,0,0,12,12,19224,0,0,0,0,0,0,0,0,0,0,0,0,0,,0,0,0,0,0,0,0,0,0,0,0,0,0,0,0,0,0,0,,0,0,0,0,0,0,false,
285,286,26752,false,145,50,1.465,0,1.305,0,dynamic_visual_atlas_upload,,,cell_indirection_lut,1.205,2400,2400,0,0,-1,-1,,1991.701174,3.013,4.027,4.027,1,8,3,1.5,false,2,8.666,,,,,,,,,,,,,,,,,,,,,,,,,,,,,,,,,,,,,,,,,,0,0,0,0,false,0,0,,0,0,0,0,0,0,0,,,,,false,{},{},{},{},{},{},{},0,3.263,3.442,0,0,0.018,0,0,0,0,0,0.004,0,0,0,0,0,0,100,0,7.058,11.312,0.107,3.598,0,0,0,9,9,0,321,0,17,2,0,0,1,2400,0.021,0.025,0,ACTIVE,ACTIVE,,4095,4095,0,,true,16,false,0,0,true,1.9421,0.001,19200,2280,0,,,,,,0,,,0,0,2,284,284,0,767540949580,2.88,0,0.038,0,0,287,286,2400,true,0,0,0,0,0,0,12,12,52824,0,0,0,0,0,0,0,0,0,0,0,0,0,,0,0,0,0,0,0,0,0,0,0,0,0,0,0,0,0,0,0,,0,0,0,0,0,0,false,
286,287,26773,false,145,50,1.839,0,1.575,0,dynamic_visual_atlas_upload,,,cell_indirection_lut,1.205,2400,2400,0,0,-1,-1,,1991.701174,3.013,4.027,4.027,1,8,3,1.5,false,2,8.666,,,,,,,,,,,,,,,,,,,,,,,,,,,,,,,,,,,,,,,,,,0,0,0,0,false,0,0,,0,0,0,0,0,0,0,,,,,false,{},{},{},{},{},{},{},0,3.281,3.463,0,0,0.017,0,0,0,0,0,0.003,0,0,0,0,0,0,100,0,6.986,11.312,0.107,3.506,0,0,0,9,9,0,321,0,17,2,0,0,1,2400,0.021,0.025,0,ACTIVE,ACTIVE,,4095,4095,0,,true,16,false,0,0,true,2.1614,0.0016,19200,2280,0,,,,,,0,,,0,0,2,285,285,0,767540968431,5.033,0,0.034,0,0,288,287,2400,true,0,0,0,0,0,0,12,12,19224,0,0,0,0,0,0,0,0,0,0,0,0,0,,0,0,0,0,0,0,0,0,0,0,0,0,0,0,0,0,0,0,,0,0,0,0,0,0,false,
287,288,26793,false,145,50,1.48,0,1.315,0,dynamic_visual_atlas_upload,,,cell_indirection_lut,1.205,2400,2400,0,0,-1,-1,,1991.701174,3.013,4.027,4.027,1,8,3,1.5,false,2,8.666,,,,,,,,,,,,,,,,,,,,,,,,,,,,,,,,,,,,,,,,,,0,0,0,0,false,0,0,,0,0,0,0,0,0,0,,,,,false,{},{},{},{},{},{},{},0,3.014,3.194,0,0,0.019,0,0,0,0,0,0.003,0,0,0,0,0,0,100,0,6.693,11.312,0.107,3.48,0,0,0,9,9,0,321,0,17,2,0,0,1,2400,0.021,0.025,0,ACTIVE,ACTIVE,,4095,4095,0,,true,16,false,0,0,true,1.8762,0.0011,19200,2280,0,,,,,,0,,,0,0,2,286,286,0,767540988748,4.739,0,0.029,0,0,289,288,2400,true,0,0,0,0,0,0,12,12,19224,0,0,0,0,0,0,0,0,0,0,0,0,0,,0,0,0,0,0,0,0,0,0,0,0,0,0,0,0,0,0,0,,0,0,0,0,0,0,false,
288,289,26815,false,145,50,1.418,0,1.281,0,dynamic_visual_atlas_upload,,,cell_indirection_lut,1.205,2400,2400,0,0,-1,-1,,1991.701174,3.013,4.027,4.027,1,8,3,1.5,false,2,8.666,,,,,,,,,,,,,,,,,,,,,,,,,,,,,,,,,,,,,,,,,,0,0,0,0,false,0,0,,0,0,0,0,0,0,0,,,,,false,{},{},{},{},{},{},{},0,4.526,4.709,0,0,0.031,0,0,0,0,0,0.005,0,0,0,0,0,0,100,0,7.348,11.312,0.107,2.608,0,0,0,9,9,0,321,0,17,2,0,0,1,2400,0.021,0.025,0,ACTIVE,ACTIVE,,4095,4095,0,,true,16,false,0,0,true,3.5681,0.0012,21600,2280,0,,,,,,0,,,0,0,2,287,287,0,767541007432,8.114,0,0.028,0,0,290,289,2400,true,0,0,0,0,0,0,12,12,19224,0,0,0,0,0,0,0,0,0,0,0,0,0,,0,0,0,0,0,0,0,0,0,0,0,0,0,0,0,0,0,0,,0,0,0,0,0,0,false,
289,290,26837,false,145,50,2.413,0,2.146,0,dynamic_visual_atlas_upload,,,cell_indirection_lut,1.205,2400,2400,0,0,-1,-1,,1991.701174,3.013,4.027,4.027,1,8,3,1.5,false,2,8.666,,,,,,,,,,,,,,,,,,,,,,,,,,,,,,,,,,,,,,,,,,0,0,0,0,false,0,0,,0,0,0,0,0,0,0,,,,,false,{},{},{},{},{},{},{},0,3.891,4.142,0,0,0.016,0,0,0,0,0,0.003,0,0,0,0,0,0,100,0,7.082333,11.312,0.107,2.924333,0,0,0,9,9,0,321,0,17,2,0,0,1,2400,0.021,0.025,0,ACTIVE,ACTIVE,,4095,4095,0,,true,16,false,0,0,true,1.8676,0.0012,19200,2280,0,,,,,,0,,,0,0,2,288,288,0,767541028192,8.611,0,0.028,0,0,291,290,2400,true,0,0,0,0,0,0,12,12,21624,0,0,0,0,0,0,0,0,0,0,0,0,0,,0,0,0,0,0,0,0,0,0,0,0,0,0,0,0,0,0,0,,0,0,0,0,0,0,false,
290,291,26856,false,145,50,1.708,0,1.516,0,dynamic_visual_atlas_upload,,,cell_indirection_lut,1.205,2400,2400,0,0,-1,-1,,1991.701174,3.013,4.027,4.027,1,8,3,1.5,false,2,8.666,,,,,,,,,,,,,,,,,,,,,,,,,,,,,,,,,,,,,,,,,,0,0,0,0,false,0,0,,0,0,0,0,0,0,0,,,,,false,{},{},{},{},{},{},{},0,3.38,3.65,0,0,0.023,0,0,0,0,0,0.004,0,0,0,0,0,0,100,0,6.511,11.312,0.107,2.838,0,0,0,9,9,0,321,0,17,2,0,0,1,2400,0.021,0.025,0,ACTIVE,ACTIVE,,4095,4095,0,,true,16,false,0,0,true,1.9187,0.0016,19200,2280,0,,,,,,0,,,0,0,2,289,289,0,767541047544,8.862,0,0.03,0,0,292,291,2400,true,0,0,0,0,0,0,12,12,19224,0,0,0,0,0,0,0,0,0,0,0,0,0,,0,0,0,0,0,0,0,0,0,0,0,0,0,0,0,0,0,0,,0,0,0,0,0,0,false,
291,292,26877,false,145,50,1.4,0,1.26,0,dynamic_visual_atlas_upload,,,cell_indirection_lut,1.205,2400,2400,0,0,-1,-1,,1991.701174,3.013,4.027,4.027,1,8,3,1.5,false,2,8.666,,,,,,,,,,,,,,,,,,,,,,,,,,,,,,,,,,,,,,,,,,0,0,0,0,false,0,0,,0,0,0,0,0,0,0,,,,,false,{},{},{},{},{},{},{},0,4.454,4.646,0,0,0.02,0,0,0,0,0,0.003,0,0,0,0,0,0,100,0,7.085667,11.312,0.107,2.419667,0,0,0,9,9,0,321,0,17,2,0,0,1,2400,0.021,0.025,0,ACTIVE,ACTIVE,,4095,4095,0,,true,16,false,0,0,true,3.4241,0.0017,19200,2280,0,,,,,,0,,,0,0,2,290,290,0,767541068622,8.967,0,0.033,0,0,293,292,2400,true,0,0,0,0,0,0,12,12,19224,0,0,0,0,0,0,0,0,0,0,0,0,0,,0,0,0,0,0,0,0,0,0,0,0,0,0,0,0,0,0,0,,0,0,0,0,0,0,false,
292,293,26897,false,145,50,1.497,0,1.316,0,dynamic_visual_atlas_upload,,,cell_indirection_lut,1.205,2400,2400,0,0,-1,-1,,1991.701174,3.013,4.027,4.027,1,8,3,1.5,false,2,8.666,,,,,,,,,,,,,,,,,,,,,,,,,,,,,,,,,,,,,,,,,,0,0,0,0,false,0,0,,0,0,0,0,0,0,0,,,,,false,{},{},{},{},{},{},{},0,2.885,3.177,0,0,0.013,0,0,0,0,0,0.002,0,0,0,0,0,0,100,0,6.457667,11.312,0.107,3.267667,0,0,0,9,9,0,321,0,17,2,0,0,1,2400,0.021,0.025,0,ACTIVE,ACTIVE,,4095,4095,0,,true,16,false,0,0,true,2.6035,0.0014,52800,2280,0,,,,,,0,,,0,0,2,291,291,0,767541092223,4.74,0,0.03,0,0,294,293,2400,true,0,0,0,0,0,0,12,12,19224,0,0,0,0,0,0,0,0,0,0,0,0,0,,0,0,0,0,0,0,0,0,0,0,0,0,0,0,0,0,0,0,,0,0,0,0,0,0,false,
293,294,26915,false,145,50,1.521,0,1.348,0,dynamic_visual_atlas_upload,,,cell_indirection_lut,1.205,2400,2400,0,0,-1,-1,,1991.701174,3.013,4.027,4.027,1,8,3,1.5,false,2,8.666,,,,,,,,,,,,,,,,,,,,,,,,,,,,,,,,,,,,,,,,,,0,0,0,0,false,0,0,,0,0,0,0,0,0,0,,,,,false,{},{},{},{},{},{},{},0,0.001,0.2,0,0,0.02,0,0,0,0,0,0.004,0,0,0,0,0,0,100,0,5.950333,11.312,0.107,5.730333,0,0,0,9,9,0,321,0,17,2,0,0,1,2400,0.021,0.025,0,ACTIVE,ACTIVE,,4095,4095,0,,true,16,false,0,0,true,1.9467,0.0013,19200,2082,0,,,,,,0,,,0,0,2,292,292,0,767541112602,2.199,0,0.03,0,0,295,294,2400,true,0,0,0,0,0,0,12,12,52824,0,0,0,0,0,0,0,0,0,0,0,0,0,,0,0,0,0,0,0,0,0,0,0,0,0,0,0,0,0,0,0,,0,0,0,0,0,0,false,
294,295,26935,false,145,50,1.64,0,1.346,0,dynamic_visual_atlas_upload,,,cell_indirection_lut,1.205,2400,2400,0,0,-1,-1,,1991.701174,3.013,4.027,4.027,1,8,3,1.5,false,2,8.666,,,,,,,,,,,,,,,,,,,,,,,,,,,,,,,,,,,,,,,,,,0,0,0,0,false,0,0,,0,0,0,0,0,0,0,,,,,false,{},{},{},{},{},{},{},0,0,0.227,0,0,0.019,0,0,0,0,0,0.003,0,0,0,0,0,0,100,0,6.943,11.312,0.107,6.697,0,0,0,9,9,0,321,0,17,2,0,0,1,2400,0.021,0.025,0,ACTIVE,ACTIVE,,4095,4095,0,,true,16,false,0,0,true,2.5607,0.0012,21600,2280,0,,,,,,0,,,0,0,2,293,293,0,767541131851,3.86,0,0.029,0,0,296,295,2400,true,0,0,0,0,0,0,12,12,19224,0,0,0,0,0,0,0,0,0,0,0,0,0,,0,0,0,0,0,0,0,0,0,0,0,0,0,0,0,0,0,0,,0,0,0,0,0,0,false,
295,296,26956,false,145,50,1.449,0,1.298,0,dynamic_visual_atlas_upload,,,cell_indirection_lut,1.205,2400,2400,0,0,-1,-1,,1991.701174,3.013,4.027,4.027,1,8,3,1.5,false,2,8.666,,,,,,,,,,,,,,,,,,,,,,,,,,,,,,,,,,,,,,,,,,0,0,0,0,false,0,0,,0,0,0,0,0,0,0,,,,,false,{},{},{},{},{},{},{},0,0,0.214,0,0,0.018,0,0,0,0,0,0.003,0,0,0,0,0,0,100,0,6.811,11.312,0.107,6.579,0,0,0,9,9,0,321,0,17,2,0,0,1,2400,0.021,0.025,0,ACTIVE,ACTIVE,,4095,4095,0,,true,16,false,0,0,true,1.8938,0.0009,19200,2280,0,,,,,,0,,,0,0,2,294,294,0,767541151750,4.373,0,0.029,0,0,297,296,2400,true,0,0,0,0,0,0,12,12,21624,0,0,0,0,0,0,0,0,0,0,0,0,0,,0,0,0,0,0,0,0,0,0,0,0,0,0,0,0,0,0,0,,0,0,0,0,0,0,false,
296,297,26973,false,145,50,1.585,0,1.399,0,dynamic_visual_atlas_upload,,,cell_indirection_lut,1.205,2400,2400,0,0,-1,-1,,1991.701174,3.013,4.027,4.027,1,8,3,1.5,false,2,8.666,,,,,,,,,,,,,,,,,,,,,,,,,,,,,,,,,,,,,,,,,,0,0,0,0,false,0,0,,0,0,0,0,0,0,0,,,,,false,{},{},{},{},{},{},{},0,3.07,3.271,0,0,0.02,0,0,0,0,0,0.004,0,0,0,0,0,0,100,0,8.5325,11.312,0.107,5.2415,0,0,0,9,9,0,321,0,17,2,0,0,1,2400,0.021,0.025,0,ACTIVE,ACTIVE,,4095,4095,0,,true,16,false,0,0,true,1.9139,0.0015,19200,2007,0,,,,,,0,,,0,0,2,295,295,0,767541170574,2.556,0,0.028,0,0,298,297,2400,true,0,0,0,0,0,0,12,12,19224,0,0,0,0,0,0,0,0,0,0,0,0,0,,0,0,0,0,0,0,0,0,0,0,0,0,0,0,0,0,0,0,,0,0,0,0,0,0,false,
297,298,26994,false,145,50,1.579,0,1.356,0,dynamic_visual_atlas_upload,,,cell_indirection_lut,1.205,2400,2400,0,0,-1,-1,,1991.701174,3.013,4.027,4.027,1,8,3,1.5,false,2,8.666,,,,,,,,,,,,,,,,,,,,,,,,,,,,,,,,,,,,,,,,,,0,0,0,0,false,0,0,,0,0,0,0,0,0,0,,,,,false,{},{},{},{},{},{},{},0,3.459,3.658,0,0,0.025,0,0,0,0,0,0.004,0,0,0,0,0,0,100,0,7.070333,11.312,0.107,3.387333,0,0,0,9,9,0,321,0,17,2,0,0,1,2400,0.021,0.025,0,ACTIVE,ACTIVE,,4095,4095,0,,true,16,false,0,0,true,2.1408,0.0022,19200,2280,0,,,,,,0,,,0,0,2,296,296,0,767541189292,5.174,0,0.028,0,0,299,298,2400,true,0,0,0,0,0,0,12,12,19224,0,0,0,0,0,0,0,0,0,0,0,0,0,,0,0,0,0,0,0,0,0,0,0,0,0,0,0,0,0,0,0,,0,0,0,0,0,0,false,
298,299,27017,false,145,50,2.521,0,2.194,0,dynamic_visual_atlas_upload,,,cell_indirection_lut,1.205,2400,2400,0,0,-1,-1,,1991.701174,3.013,4.027,4.027,1,8,3,1.5,false,2,8.666,,,,,,,,,,,,,,,,,,,,,,,,,,,,,,,,,,,,,,,,,,0,0,0,0,false,0,0,,0,0,0,0,0,0,0,,,,,false,{},{},{},{},{},{},{},0,4.75,5.001,0,0,0.02,0,0,0,0,0,0.003,0,0,0,0,0,0,100,0,7.758333,11.759,0.064,2.737333,0,0,0,9,9,0,321,0,17,2,0,0,1,2400,0.021,0.025,0,ACTIVE,ACTIVE,,4095,4095,0,,true,16,false,0,0,true,1.9107,0.0011,19200,2280,0,,,,,,0,,,0,0,2,297,297,0,767541209061,8.663,0,0.029,0,0,300,299,2400,true,0,0,0,0,0,0,12,12,19224,0,0,0,0,0,0,0,0,0,0,0,0,0,,0,0,0,0,0,0,0,0,0,0,0,0,0,0,0,0,0,0,,0,0,0,0,0,0,false,
299,300,27037,false,145,50,1.791,0,1.544,0,dynamic_visual_atlas_upload,,,cell_indirection_lut,1.205,2400,2400,0,0,-1,-1,,1991.701174,3.013,4.027,4.027,1,8,3,1.5,false,2,8.666,,,,,,,,,,,,,,,,,,,,,,,,,,,,,,,,,,,,,,,,,,0,0,0,0,false,0,0,,0,0,0,0,0,0,0,,,,,false,{},{},{},{},{},{},{},0,4.312,4.531,0,0,0.036,0,0,0,0,0,0.006,0,0,0,0,0,0,100,0,6.421333,11.759,0.064,1.854333,0,0,0,9,9,0,321,0,17,2,0,0,1,2400,0.021,0.025,0,ACTIVE,ACTIVE,,4095,4095,0,,true,16,false,0,0,true,2.3131,0.0014,19200,2009,0,,,,,,0,,,0,0,2,298,298,0,767541229626,7.36,0,0.042,0,0,301,300,2400,true,0,0,0,0,0,0,12,12,19224,0,0,0,0,0,0,0,0,0,0,0,0,0,,0,0,0,0,0,0,0,0,0,0,0,0,0,0,0,0,0,0,,0,0,0,0,0,0,false,
300,301,27056,false,145,50,1.502,0,1.341,0,dynamic_visual_atlas_upload,,,cell_indirection_lut,1.205,2400,2400,0,0,-1,-1,,1991.701174,3.013,4.027,4.027,1,8,3,1.5,false,2,8.666,,,,,,,,,,,,,,,,,,,,,,,,,,,,,,,,,,,,,,,,,,0,0,0,0,false,0,0,,0,0,0,0,0,0,0,,,,,false,{},{},{},{},{},{},{},0,3.501,3.678,0,0,0.015,0,0,0,0,0,0.003,0,0,0,0,0,0,100,0,6.388333,11.759,0.064,2.695333,0,0,0,9,9,0,321,0,17,2,0,0,1,2400,0.021,0.025,0,ACTIVE,ACTIVE,,4095,4095,0,,true,16,false,0,0,true,3.5837,0.0015,55200,2280,0,,,,,,0,,,0,0,2,299,299,0,767541248928,7.135,0,0.029,0,0,302,301,2400,true,0,0,0,0,0,0,12,12,19224,0,0,0,0,0,0,0,0,0,0,0,0,0,,0,0,0,0,0,0,0,0,0,0,0,0,0,0,0,0,0,0,,0,0,0,0,0,0,false,
301,302,27073,false,145,50,1.431,0,1.28,0,dynamic_visual_atlas_upload,,,cell_indirection_lut,1.205,2400,2400,0,0,-1,-1,,1991.701174,3.013,4.027,4.027,1,8,3,1.5,false,2,8.666,,,,,,,,,,,,,,,,,,,,,,,,,,,,,,,,,,,,,,,,,,0,0,0,0,false,0,0,,0,0,0,0,0,0,0,,,,,false,{},{},{},{},{},{},{},0,0,0.243,0,0,0.019,0,0,0,0,0,0.003,0,0,0,0,0,0,100,0,5.790667,11.759,0.064,5.528667,0,0,0,9,9,0,321,0,17,2,0,0,1,2400,0.021,0.025,0,ACTIVE,ACTIVE,,4095,4095,0,,true,16,false,0,0,true,1.8468,0.0009,19200,2083,0,,,,,,0,,,0,0,2,300,300,0,767541271043,2.378,0,0.029,0,0,303,302,2400,true,0,0,0,0,0,0,12,12,55224,0,0,0,0,0,0,0,0,0,0,0,0,0,,0,0,0,0,0,0,0,0,0,0,0,0,0,0,0,0,0,0,,0,0,0,0,0,0,false,
302,303,27094,false,145,50,1.516,0,1.333,0,dynamic_visual_atlas_upload,,,cell_indirection_lut,1.205,2400,2400,0,0,-1,-1,,1991.701174,3.013,4.027,4.027,1,8,3,1.5,false,2,8.666,,,,,,,,,,,,,,,,,,,,,,,,,,,,,,,,,,,,,,,,,,0,0,0,0,false,0,0,,0,0,0,0,0,0,0,,,,,false,{},{},{},{},{},{},{},0,0,0.244,0,0,0.02,0,0,0,0,0,0.004,0,0,0,0,0,0,100,0,6.942,11.759,0.064,6.678,0,0,0,9,9,0,321,0,17,2,0,0,1,2400,0.021,0.025,0,ACTIVE,ACTIVE,,4095,4095,0,,true,16,false,0,0,true,2.0737,0.0011,24000,2280,0,,,,,,0,,,0,0,2,301,301,0,767541289722,4.575,0,0.029,0,0,304,303,2400,true,0,0,0,0,0,0,12,12,19224,0,0,0,0,0,0,0,0,0,0,0,0,0,,0,0,0,0,0,0,0,0,0,0,0,0,0,0,0,0,0,0,,0,0,0,0,0,0,false,
303,304,27110,false,145,50,1.422,0,1.289,0,dynamic_visual_atlas_upload,,,cell_indirection_lut,1.205,2400,2400,0,0,-1,-1,,1991.701174,3.013,4.027,4.027,1,8,3,1.5,false,2,8.666,,,,,,,,,,,,,,,,,,,,,,,,,,,,,,,,,,,,,,,,,,0,0,0,0,false,0,0,,0,0,0,0,0,0,0,,,,,false,{},{},{},{},{},{},{},0,2.944,3.096,0,0,0.016,0,0,0,0,0,0.003,0,0,0,0,0,0,100,0,8.211,11.759,0.064,5.099,0,0,0,9,9,0,321,0,17,2,0,0,1,2400,0.021,0.025,0,ACTIVE,ACTIVE,,4095,4095,0,,true,16,false,0,0,true,1.8644,0.001,19200,2280,0,,,,,,0,,,0,0,2,302,302,0,767541308145,2.498,0,0.027,0,0,305,304,2400,true,0,0,0,0,0,0,12,12,24024,0,0,0,0,0,0,0,0,0,0,0,0,0,,0,0,0,0,0,0,0,0,0,0,0,0,0,0,0,0,0,0,,0,0,0,0,0,0,false,
304,305,27132,false,145,50,1.442,0,1.26,0,dynamic_visual_atlas_upload,,,cell_indirection_lut,1.205,2400,2400,0,0,-1,-1,,1991.701174,3.013,4.027,4.027,1,8,3,1.5,false,2,8.666,,,,,,,,,,,,,,,,,,,,,,,,,,,,,,,,,,,,,,,,,,0,0,0,0,false,0,0,,0,0,0,0,0,0,0,,,,,false,{},{},{},{},{},{},{},0,3.235,3.438,0,0,0.018,0,0,0,0,0,0.003,0,0,0,0,0,0,100,0,7.134,11.759,0.064,3.678,0,0,0,9,9,0,321,0,17,2,0,0,1,2400,0.021,0.025,0,ACTIVE,ACTIVE,,4095,4095,0,,true,16,false,0,0,true,1.924,0.0016,19200,2028,0,,,,,,0,,,0,0,2,303,303,0,767541326660,5.411,0,0.027,0,0,306,305,2400,true,0,0,0,0,0,0,12,12,19224,0,0,0,0,0,0,0,0,0,0,0,0,0,,0,0,0,0,0,0,0,0,0,0,0,0,0,0,0,0,0,0,,0,0,0,0,0,0,false,
305,306,27152,false,145,50,1.446,0,1.308,0,dynamic_visual_atlas_upload,,,cell_indirection_lut,1.205,2400,2400,0,0,-1,-1,,1991.701174,3.013,4.027,4.027,1,8,3,1.5,false,2,8.666,,,,,,,,,,,,,,,,,,,,,,,,,,,,,,,,,,,,,,,,,,0,0,0,0,false,0,0,,0,0,0,0,0,0,0,,,,,false,{},{},{},{},{},{},{},0,3.352,3.519,0,0,0.017,0,0,0,0,0,0.003,0,0,0,0,0,0,100,0,6.751333,11.759,0.064,3.215333,0,0,0,9,9,0,321,0,17,2,0,0,1,2400,0.021,0.025,0,ACTIVE,ACTIVE,,4095,4095,0,,true,16,false,0,0,true,1.9968,0.0013,19200,2280,0,,,,,,0,,,0,0,2,304,304,0,767541344751,7.574,0,0.028,0,0,307,306,2400,true,0,0,0,0,0,0,12,12,19224,0,0,0,0,0,0,0,0,0,0,0,0,0,,0,0,0,0,0,0,0,0,0,0,0,0,0,0,0,0,0,0,,0,0,0,0,0,0,false,
306,307,27173,false,145,50,1.352,0,1.233,0,dynamic_visual_atlas_upload,,,cell_indirection_lut,1.205,2400,2400,0,0,-1,-1,,1991.701174,3.013,4.027,4.027,1,8,3,1.5,false,2,8.666,,,,,,,,,,,,,,,,,,,,,,,,,,,,,,,,,,,,,,,,,,0,0,0,0,false,0,0,,0,0,0,0,0,0,0,,,,,false,{},{},{},{},{},{},{},0,3.543,3.692,0,0,0.015,0,0,0,0,0,0.002,0,0,0,0,0,0,100,0,6.915,11.759,0.064,3.208,0,0,0,9,9,0,321,0,17,2,0,0,1,2400,0.021,0.025,0,ACTIVE,ACTIVE,,4095,4095,0,,true,16,false,0,0,true,2.387,0.001,21600,2280,0,,,,,,0,,,0,0,2,305,305,0,767541363184,9.879,0,0.032,0,0,308,307,2400,true,0,0,0,0,0,0,12,12,19224,0,0,0,0,0,0,0,0,0,0,0,0,0,,0,0,0,0,0,0,0,0,0,0,0,0,0,0,0,0,0,0,,0,0,0,0,0,0,false,
307,308,27194,false,145,50,1.417,0,1.279,0,dynamic_visual_atlas_upload,,,cell_indirection_lut,1.205,2400,2400,0,0,-1,-1,,1991.701174,3.013,4.027,4.027,1,8,3,1.5,false,2,8.666,,,,,,,,,,,,,,,,,,,,,,,,,,,,,,,,,,,,,,,,,,0,0,0,0,false,0,0,,0,0,0,0,0,0,0,,,,,false,{},{},{},{},{},{},{},0,4.179,4.363,0,0,0.019,0,0,0,0,0,0.003,0,0,0,0,0,0,100,0,7.171667,11.759,0.064,2.789667,0,0,0,9,9,0,321,0,17,2,0,0,1,2400,0.021,0.025,0,ACTIVE,ACTIVE,,4095,4095,0,,true,16,false,0,0,true,2.3455,0.0015,19200,2280,0,,,,,,0,,,0,0,2,306,306,0,767541382909,11.702,0,0.027,0,0,309,308,2400,true,0,0,0,0,0,0,12,12,21624,0,0,0,0,0,0,0,0,0,0,0,0,0,,0,0,0,0,0,0,0,0,0,0,0,0,0,0,0,0,0,0,,0,0,0,0,0,0,false,
308,309,27205,false,145,50,1.571,0,1.394,0,dynamic_visual_atlas_upload,,,cell_indirection_lut,1.205,2400,2400,0,0,-1,-1,,1991.701174,3.013,4.027,4.027,1,8,3,1.5,false,2,8.666,,,,,,,,,,,,,,,,,,,,,,,,,,,,,,,,,,,,,,,,,,0,0,0,0,false,0,0,,0,0,0,0,0,0,0,,,,,false,{},{},{},{},{},{},{},0,0,0.199,0,0,0.028,0,0,0,0,0,0.004,0,0,0,0,0,0,100,0,5.072,11.759,0.064,4.845,0,0,0,9,9,0,321,0,17,2,0,0,1,2400,0.021,0.025,0,ACTIVE,ACTIVE,,4095,4095,0,,true,16,false,0,0,true,2.7392,0.0014,52800,2280,0,,,,,,0,,,0,0,2,307,307,0,767541401652,3.113,0,0.027,0,0,309,308,2400,true,0,0,0,0,0,0,12,12,19224,0,0,0,0,0,0,0,0,0,0,0,0,0,,0,0,0,0,0,0,0,0,0,0,0,0,0,0,0,0,0,0,,0,0,0,0,0,0,false,
309,310,27227,false,145,50,2.61,0,2.264,0,dynamic_visual_atlas_upload,,,cell_indirection_lut,1.205,2400,2400,0,0,-1,-1,,1991.701174,3.013,4.027,4.027,1,8,3,1.5,false,2,8.666,,,,,,,,,,,,,,,,,,,,,,,,,,,,,,,,,,,,,,,,,,0,0,0,0,false,0,0,,0,0,0,0,0,0,0,,,,,false,{},{},{},{},{},{},{},0,0,0.379,0,0,0.033,0,0,0,0,0,0.005,0,0,0,0,0,0,100,0,7.501,11.759,0.064,7.089,0,0,0,9,9,0,321,0,17,2,0,0,1,2400,0.021,0.025,0,ACTIVE,ACTIVE,,4095,4095,0,,true,16,false,0,0,true,2.4543,0.0022,19200,2280,0,,,,,,0,,,0,0,2,308,308,0,767541421868,5.498,0,0.031,0,0,310,309,2400,true,0,0,0,0,0,0,12,12,52824,0,0,0,0,0,0,0,0,0,0,0,0,0,,0,0,0,0,0,0,0,0,0,0,0,0,0,0,0,0,0,0,,0,0,0,0,0,0,false,
310,311,27254,false,145,50,1.512,0,1.344,0,dynamic_visual_atlas_upload,,,cell_indirection_lut,1.205,2400,2400,0,0,-1,-1,,1991.701174,3.013,4.027,4.027,1,8,3,1.5,false,2,8.666,,,,,,,,,,,,,,,,,,,,,,,,,,,,,,,,,,,,,,,,,,0,0,0,0,false,0,0,,0,0,0,0,0,0,0,,,,,false,{},{},{},{},{},{},{},0,8.252,8.431,0,0,0.024,0,0,0,0,0,0.004,0,0,0,0,0,0,100,0,9.001,11.759,0.064,0.546,0,0,0,9,9,0,321,0,17,2,0,0,1,2400,0.021,0.025,0,ACTIVE,ACTIVE,,4095,4095,0,,true,16,false,0,0,true,1.8924,0.0016,19200,2280,0,,,,,,0,,,0,0,2,309,309,0,767541442898,11.47,0,0.045,0,0,312,311,2400,true,0,0,0,0,0,0,12,12,19224,0,0,0,0,0,0,0,0,0,0,0,0,0,,0,0,0,0,0,0,0,0,0,0,0,0,0,0,0,0,0,0,,0,0,0,0,0,0,false,
311,312,27270,false,145,50,1.622,0,1.335,0,dynamic_visual_atlas_upload,,,cell_indirection_lut,1.205,2400,2400,0,0,-1,-1,,1991.701174,3.013,4.027,4.027,1,8,3,1.5,false,2,8.666,,,,,,,,,,,,,,,,,,,,,,,,,,,,,,,,,,,,,,,,,,0,0,0,0,false,0,0,,0,0,0,0,0,0,0,,,,,false,{},{},{},{},{},{},{},0,3.363,3.511,0,0,0.013,0,0,0,0,0,0.002,0,0,0,0,0,0,100,0,5.172667,11.759,0.064,1.648667,0,0,0,9,9,0,321,0,17,2,0,0,1,2400,0.021,0.025,0,ACTIVE,ACTIVE,,4095,4095,0,,true,16,false,0,0,true,2.0653,0.001,19200,2280,0,,,,,,0,,,0,0,2,310,310,0,767541461618,8.321,0,0.03,0,0,313,312,2400,true,0,0,0,0,0,0,12,12,19224,0,0,0,0,0,0,0,0,0,0,0,0,0,,0,0,0,0,0,0,0,0,0,0,0,0,0,0,0,0,0,0,,0,0,0,0,0,0,false,
312,313,27290,false,145,50,1.441,0,1.302,0,dynamic_visual_atlas_upload,,,cell_indirection_lut,1.205,2400,2400,0,0,-1,-1,,1991.701174,3.013,4.027,4.027,1,8,3,1.5,false,2,8.666,,,,,,,,,,,,,,,,,,,,,,,,,,,,,,,,,,,,,,,,,,0,0,0,0,false,0,0,,0,0,0,0,0,0,0,,,,,false,{},{},{},{},{},{},{},0,3.567,3.756,0,0,0.023,0,0,0,0,0,0.004,0,0,0,0,0,0,100,0,6.969667,11.759,0.064,3.190667,0,0,0,9,9,0,321,0,17,2,0,0,1,2400,0.021,0.025,0,ACTIVE,ACTIVE,,4095,4095,0,,true,16,false,0,0,true,2.6605,0.0012,21600,2280,0,,,,,,0,,,0,0,2,311,311,0,767541480921,9.744,0,0.048,0,0,314,313,2400,true,0,0,0,0,0,0,12,12,19224,0,0,0,0,0,0,0,0,0,0,0,0,0,,0,0,0,0,0,0,0,0,0,0,0,0,0,0,0,0,0,0,,0,0,0,0,0,0,false,
313,314,27313,false,145,50,1.549,0,1.317,0,dynamic_visual_atlas_upload,,,cell_indirection_lut,1.205,2400,2400,0,0,-1,-1,,1991.701174,3.013,4.027,4.027,1,8,3,1.5,false,2,8.666,,,,,,,,,,,,,,,,,,,,,,,,,,,,,,,,,,,,,,,,,,0,0,0,0,false,0,0,,0,0,0,0,0,0,0,,,,,false,{},{},{},{},{},{},{},0,4.413,4.804,0,0,0.026,0,0,0,0,0,0.004,0,0,0,0,0,0,100,0,7.478333,11.759,0.064,2.648333,0,0,0,9,9,0,321,0,17,2,0,0,1,2400,0.021,0.025,0,ACTIVE,ACTIVE,,4095,4095,0,,true,16,false,0,0,true,2.1487,0.0016,19200,2280,0,,,,,,0,,,0,0,2,312,312,0,767541500387,12.881,0,0.029,0,0,315,314,2400,true,0,0,0,0,0,0,12,12,21624,0,0,0,0,0,0,0,0,0,0,0,0,0,,0,0,0,0,0,0,0,0,0,0,0,0,0,0,0,0,0,0,,0,0,0,0,0,0,false,
314,315,27333,false,145,50,2.173,0,1.861,0,dynamic_visual_atlas_upload,,,cell_indirection_lut,1.205,2400,2400,0,0,-1,-1,,1991.701174,3.013,4.027,4.027,1,8,3,1.5,false,2,8.666,,,,,,,,,,,,,,,,,,,,,,,,,,,,,,,,,,,,,,,,,,0,0,0,0,false,0,0,,0,0,0,0,0,0,0,,,,,false,{},{},{},{},{},{},{},0.001,3.781,3.98,0,0,0.019,0,0,0,0,0,0.003,0,0,0,0,0,0,100,0,6.646333,11.759,0.064,2.647333,0,0,0,9,9,0,321,0,17,2,0,0,1,2400,0.021,0.025,0,ACTIVE,ACTIVE,,4095,4095,0,,true,16,false,0,0,true,1.8962,0.0008,19200,2280,0,,,,,,0,,,0,0,2,313,313,0,767541520904,12.24,0,0.031,0,0,316,315,2400,true,0,0,0,0,0,0,12,12,19224,0,0,0,0,0,0,0,0,0,0,0,0,0,,0,0,0,0,0,0,0,0,0,0,0,0,0,0,0,0,0,0,,0,0,0,0,0,0,false,
315,316,27344,false,145,50,2.401,0,2.131,0,dynamic_visual_atlas_upload,,,cell_indirection_lut,1.205,2400,2400,0,0,-1,-1,,1991.701174,3.013,4.027,4.027,1,8,3,1.5,false,2,8.666,,,,,,,,,,,,,,,,,,,,,,,,,,,,,,,,,,,,,,,,,,0,0,0,0,false,0,0,,0,0,0,0,0,0,0,,,,,false,{},{},{},{},{},{},{},0,0,0.363,0,0,0.018,0,0,0,0,0,0.003,0,0,0,0,0,0,100,0,5.5035,11.759,0.064,5.1225,0,0,0,9,9,0,321,0,17,2,0,0,1,2400,0.021,0.025,0,ACTIVE,ACTIVE,,4095,4095,0,,true,16,false,0,0,true,2.1518,0.0015,19200,2280,0,,,,,,0,,,0,0,2,314,314,0,767541540117,4.018,0,0.031,0,0,316,315,2400,true,0,0,0,0,0,0,12,12,19224,0,0,0,0,0,0,0,0,0,0,0,0,0,,0,0,0,0,0,0,0,0,0,0,0,0,0,0,0,0,0,0,,0,0,0,0,0,0,false,
316,317,27363,false,145,50,1.624,0,1.405,0,dynamic_visual_atlas_upload,,,cell_indirection_lut,1.205,2400,2400,0,0,-1,-1,,1991.701174,3.013,4.027,4.027,1,8,3,1.5,false,2,8.666,,,,,,,,,,,,,,,,,,,,,,,,,,,,,,,,,,,,,,,,,,0,0,0,0,false,0,0,,0,0,0,0,0,0,0,,,,,false,{},{},{},{},{},{},{},0,0.001,0.239,0,0,0.022,0,0,0,0,0,0.003,0,0,0,0,0,0,100,0,6.487333,11.759,0.064,6.226333,0,0,0,9,9,0,321,0,17,2,0,0,1,2400,0.021,0.025,0,ACTIVE,ACTIVE,,4095,4095,0,,true,16,false,0,0,true,2.6314,0.0017,52800,2280,0,,,,,,0,,,0,0,2,315,315,0,767541559195,4.333,0,0.046,0,0,317,316,2400,true,0,0,0,0,0,0,12,12,19224,0,0,0,0,0,0,0,0,0,0,0,0,0,,0,0,0,0,0,0,0,0,0,0,0,0,0,0,0,0,0,0,,0,0,0,0,0,0,false,
317,318,27385,false,145,50,1.69,0,1.324,0,dynamic_visual_atlas_upload,,,cell_indirection_lut,1.205,2400,2400,0,0,-1,-1,,1991.701174,3.013,4.027,4.027,1,8,3,1.5,false,2,8.666,,,,,,,,,,,,,,,,,,,,,,,,,,,,,,,,,,,,,,,,,,0,0,0,0,false,0,0,,0,0,0,0,0,0,0,,,,,false,{},{},{},{},{},{},{},0,0,0.266,0,0,0.02,0,0,0,0,0,0.003,0,0,0,0,0,0,100,0,7.161333,11.759,0.064,6.875333,0,0,0,9,9,0,321,0,17,2,0,0,1,2400,0.021,0.025,0,ACTIVE,ACTIVE,,4095,4095,0,,true,16,false,0,0,true,1.9389,0.0017,19200,2280,0,,,,,,0,,,0,0,2,316,316,0,767541578481,6.552,0,0.03,0,0,318,317,2400,true,0,0,0,0,0,0,12,12,52824,0,0,0,0,0,0,0,0,0,0,0,0,0,,0,0,0,0,0,0,0,0,0,0,0,0,0,0,0,0,0,0,,0,0,0,0,0,0,false,
318,319,27408,false,145,50,1.436,0,1.281,0,dynamic_visual_atlas_upload,,,cell_indirection_lut,1.205,2400,2400,0,0,-1,-1,,1991.701174,3.013,4.027,4.027,1,8,3,1.5,false,2,8.666,,,,,,,,,,,,,,,,,,,,,,,,,,,,,,,,,,,,,,,,,,0,0,0,0,false,0,0,,0,0,0,0,0,0,0,,,,,false,{},{},{},{},{},{},{},0,3.498,3.686,0,0,0.021,0,0,0,0,0,0.003,0,0,0,0,0,0,100,0,7.687667,11.759,0.064,3.980667,0,0,0,9,9,0,321,0,17,2,0,0,1,2400,0.021,0.025,0,ACTIVE,ACTIVE,,4095,4095,0,,true,16,false,0,0,true,2.6424,0.0012,21600,2280,0,,,,,,0,,,0,0,2,317,317,0,767541597571,10.621,0,0.052,0,0,320,319,2400,true,0,0,0,0,0,0,12,12,19224,0,0,0,0,0,0,0,0,0,0,0,0,0,,0,0,0,0,0,0,0,0,0,0,0,0,0,0,0,0,0,0,,0,0,0,0,0,0,false,
319,320,27429,false,145,50,2.131,0,1.91,0,dynamic_visual_atlas_upload,,,cell_indirection_lut,1.205,2400,2400,0,0,-1,-1,,1991.701174,3.013,4.027,4.027,1,8,3,1.5,false,2,8.666,,,,,,,,,,,,,,,,,,,,,,,,,,,,,,,,,,,,,,,,,,0,0,0,0,false,0,0,,0,0,0,0,0,0,0,,,,,false,{},{},{},{},{},{},{},0,3.629,3.82,0,0,0.02,0,0,0,0,0,0.004,0,0,0,0,0,0,100,0,7.101667,11.759,0.064,3.261667,0,0,0,9,9,0,321,0,17,2,0,0,1,2400,0.021,0.025,0,ACTIVE,ACTIVE,,4095,4095,0,,true,16,false,0,0,true,1.8899,0.001,19200,2280,0,,,,,,0,,,0,0,2,318,318,0,767541616785,12.604,0,0.039,0,0,321,320,2400,true,0,0,0,0,0,0,12,12,21624,0,0,0,0,0,0,0,0,0,0,0,0,0,,0,0,0,0,0,0,0,0,0,0,0,0,0,0,0,0,0,0,,0,0,0,0,0,0,false,
320,321,27439,false,145,50,1.478,0,1.299,0,dynamic_visual_atlas_upload,,,cell_indirection_lut,1.205,2400,2400,0,0,-1,-1,,1991.701174,3.013,4.027,4.027,1,8,3,1.5,false,2,8.666,,,,,,,,,,,,,,,,,,,,,,,,,,,,,,,,,,,,,,,,,,0,0,0,0,false,0,0,,0,0,0,0,0,0,0,,,,,false,{},{},{},{},{},{},{},0,0,0.233,0,0,0.017,0,0,0,0,0,0.002,0,0,0,0,0,0,100,0,4.9225,11.759,0.064,4.6725,0,0,0,9,9,0,321,0,17,2,0,0,1,2400,0.021,0.025,0,ACTIVE,ACTIVE,,4095,4095,0,,true,16,false,0,0,true,1.86,0.0012,19200,2280,0,,,,,,0,,,0,0,2,319,319,0,767541635209,3.993,0,0.03,0,0,321,320,2400,true,0,0,0,0,0,0,12,12,19224,0,0,0,0,0,0,0,0,0,0,0,0,0,,0,0,0,0,0,0,0,0,0,0,0,0,0,0,0,0,0,0,,0,0,0,0,0,0,false,
321,322,27461,false,145,50,1.841,0,1.521,0,dynamic_visual_atlas_upload,,,cell_indirection_lut,1.205,2400,2400,0,0,-1,-1,,1991.701174,3.013,4.027,4.027,1,8,3,1.5,false,2,8.666,,,,,,,,,,,,,,,,,,,,,,,,,,,,,,,,,,,,,,,,,,0,0,0,0,false,0,0,,0,0,0,0,0,0,0,,,,,false,{},{},{},{},{},{},{},0,0,0.371,0,0,0.024,0,0,0,0,0,0.004,0,0,0,0,0,0,100,0,7.203333,11.759,0.064,6.808333,0,0,0,9,9,0,321,0,17,2,0,0,1,2400,0.021,0.025,0,ACTIVE,ACTIVE,,4095,4095,0,,true,16,false,0,0,true,2.225,0.0018,19200,2280,0,,,,,,0,,,0,0,2,320,320,0,767541653779,7.127,0,0.033,0,0,322,321,2400,true,0,0,0,0,0,0,12,12,19224,0,0,0,0,0,0,0,0,0,0,0,0,0,,0,0,0,0,0,0,0,0,0,0,0,0,0,0,0,0,0,0,,0,0,0,0,0,0,false,
322,323,27481,false,145,50,1.559,0,1.316,0,dynamic_visual_atlas_upload,,,cell_indirection_lut,1.205,2400,2400,0,0,-1,-1,,1991.701174,3.013,4.027,4.027,1,8,3,1.5,false,2,8.666,,,,,,,,,,,,,,,,,,,,,,,,,,,,,,,,,,,,,,,,,,0,0,0,0,false,0,0,,0,0,0,0,0,0,0,,,,,false,{},{},{},{},{},{},{},0,0,0.328,0,0,0.022,0,0,0,0,0,0.004,0,0,0,0,0,0,100,0,6.838333,11.759,0.064,6.488333,0,0,0,9,9,0,321,0,17,2,0,0,1,2400,0.021,0.025,0,ACTIVE,ACTIVE,,4095,4095,0,,true,16,false,0,0,true,2.2003,0.0021,19200,2280,0,,,,,,0,,,0,0,2,321,321,0,767541675186,6.187,0,0.033,0,0,323,322,2400,true,0,0,0,0,0,0,12,12,19224,0,0,0,0,0,0,0,0,0,0,0,0,0,,0,0,0,0,0,0,0,0,0,0,0,0,0,0,0,0,0,0,,0,0,0,0,0,0,false,
323,324,27501,false,145,50,1.49,0,1.278,0,dynamic_visual_atlas_upload,,,cell_indirection_lut,1.205,2400,2400,0,0,-1,-1,,1991.701174,3.013,4.027,4.027,1,8,3,1.5,false,2,8.666,,,,,,,,,,,,,,,,,,,,,,,,,,,,,,,,,,,,,,,,,,0,0,0,0,false,0,0,,0,0,0,0,0,0,0,,,,,false,{},{},{},{},{},{},{},0,0,0.287,0,0,0.022,0,0,0,0,0,0.003,0,0,0,0,0,0,100,0,6.718,11.759,0.064,6.409,0,0,0,9,9,0,321,0,17,2,0,0,1,2400,0.021,0.025,0,ACTIVE,ACTIVE,,4095,4095,0,,true,16,false,0,0,true,2.1421,0.0015,19200,2280,0,,,,,,0,,,0,0,2,322,322,0,767541695412,6.08,0,0.034,0,0,324,323,2400,true,0,0,0,0,0,0,12,12,19224,0,0,0,0,0,0,0,0,0,0,0,0,0,,0,0,0,0,0,0,0,0,0,0,0,0,0,0,0,0,0,0,,0,0,0,0,0,0,false,
324,325,27522,false,145,50,1.576,0,1.346,0,dynamic_visual_atlas_upload,,,cell_indirection_lut,1.205,2400,2400,0,0,-1,-1,,1991.701174,3.013,4.027,4.027,1,8,3,1.5,false,2,8.666,,,,,,,,,,,,,,,,,,,,,,,,,,,,,,,,,,,,,,,,,,0,0,0,0,false,0,0,,0,0,0,0,0,0,0,,,,,false,{},{},{},{},{},{},{},0,0,0.283,0,0,0.021,0,0,0,0,0,0.004,0,0,0,0,0,0,100,0,6.917333,11.759,0.064,6.613333,0,0,0,9,9,0,321,0,17,2,0,0,1,2400,0.021,0.025,0,ACTIVE,ACTIVE,,4095,4095,0,,true,16,false,0,0,true,3.7655,0.0015,62400,2280,0,,,,,,0,,,0,0,2,323,323,0,767541714216,8.048,0,0.03,0,0,325,324,2400,true,0,0,0,0,0,0,12,12,19224,0,0,0,0,0,0,0,0,0,0,0,0,0,,0,0,0,0,0,0,0,0,0,0,0,0,0,0,0,0,0,0,,0,0,0,0,0,0,false,
325,326,27543,false,145,50,1.475,0,1.307,0,dynamic_visual_atlas_upload,,,cell_indirection_lut,1.205,2400,2400,0,0,-1,-1,,1991.701174,3.013,4.027,4.027,1,8,3,1.5,false,2,8.666,,,,,,,,,,,,,,,,,,,,,,,,,,,,,,,,,,,,,,,,,,0,0,0,0,false,0,0,,0,0,0,0,0,0,0,,,,,false,{},{},{},{},{},{},{},0.001,0,0.234,0,0,0.02,0,0,0,0,0,0.003,0,0,0,0,0,0,100,0,6.840667,11.759,0.064,6.586667,0,0,0,9,9,0,321,0,17,2,0,0,1,2400,0.021,0.025,0,ACTIVE,ACTIVE,,4095,4095,0,,true,16,false,0,0,true,1.8994,0.0013,19200,2280,0,,,,,,0,,,0,0,2,324,324,0,767541735164,7.619,0,0.029,0,0,326,325,2400,true,0,0,0,0,0,0,12,12,62424,0,0,0,0,0,0,0,0,0,0,0,0,0,,0,0,0,0,0,0,0,0,0,0,0,0,0,0,0,0,0,0,,0,0,0,0,0,0,false,
326,327,27564,false,145,50,1.586,0,1.364,0,dynamic_visual_atlas_upload,,,cell_indirection_lut,1.205,2400,2400,0,0,-1,-1,,1991.701174,3.013,4.027,4.027,1,8,3,1.5,false,2,8.666,,,,,,,,,,,,,,,,,,,,,,,,,,,,,,,,,,,,,,,,,,0,0,0,0,false,0,0,,0,0,0,0,0,0,0,,,,,false,{},{},{},{},{},{},{},0,0,0.374,0,0,0.03,0,0,0,0,0,0.006,0,0,0,0,0,0,100,0,7.038,11.759,0.064,6.634,0,0,0,9,9,0,321,0,17,2,0,0,1,2400,0.021,0.025,0,ACTIVE,ACTIVE,,4095,4095,0,,true,16,false,0,0,true,2.2012,0.0016,19200,2280,0,,,,,,0,,,0,0,2,325,325,0,767541755796,8.093,0,0.029,0,0,327,326,2400,true,0,0,0,0,0,0,12,12,19224,0,0,0,0,0,0,0,0,0,0,0,0,0,,0,0,0,0,0,0,0,0,0,0,0,0,0,0,0,0,0,0,,0,0,0,0,0,0,false,
327,328,27587,false,145,50,1.479,0,1.288,0,dynamic_visual_atlas_upload,,,cell_indirection_lut,1.205,2400,2400,0,0,-1,-1,,1991.701174,3.013,4.027,4.027,1,8,3,1.5,false,2,8.666,,,,,,,,,,,,,,,,,,,,,,,,,,,,,,,,,,,,,,,,,,0,0,0,0,false,0,0,,0,0,0,0,0,0,0,,,,,false,{},{},{},{},{},{},{},0.001,3.613,3.795,0,0,0.032,0,0,0,0,0,0.005,0,0,0,0,0,0,100,0,7.892333,11.759,0.064,4.065333,0,0,0,9,9,0,321,0,17,2,0,0,1,2400,0.021,0.025,0,ACTIVE,ACTIVE,,4095,4095,0,,true,16,false,0,0,true,1.9224,0.0014,19200,2280,0,,,,,,0,,,0,0,2,326,326,0,767541775861,11.733,0,0.028,0,0,329,328,2400,true,0,0,0,0,0,0,12,12,19224,0,0,0,0,0,0,0,0,0,0,0,0,0,,0,0,0,0,0,0,0,0,0,0,0,0,0,0,0,0,0,0,,0,0,0,0,0,0,false,
328,329,27599,false,145,50,1.587,0,1.386,0,dynamic_visual_atlas_upload,,,cell_indirection_lut,1.205,2400,2400,0,0,-1,-1,,1991.701174,3.013,4.027,4.027,1,8,3,1.5,false,2,8.666,,,,,,,,,,,,,,,,,,,,,,,,,,,,,,,,,,,,,,,,,,0,0,0,0,false,0,0,,0,0,0,0,0,0,0,,,,,false,{},{},{},{},{},{},{},0,0.001,0.375,0,0,0.093,0,0,0,0,0,0.016,0,0,0,0,0,0,100,0,5.65,11.759,0.064,5.182,0,0,0,9,9,0,321,0,17,2,0,0,1,2400,0.021,0.025,0,ACTIVE,ACTIVE,,4095,4095,0,,true,16,false,0,0,true,2.2044,0.0016,19200,2280,0,,,,,,0,,,0,0,2,327,327,0,767541795352,3.506,0,0.028,0,0,329,328,2400,true,0,0,0,0,0,0,12,12,19224,0,0,0,0,0,0,0,0,0,0,0,0,0,,0,0,0,0,0,0,0,0,0,0,0,0,0,0,0,0,0,0,,0,0,0,0,0,0,false,
329,330,27619,false,145,50,1.609,0,1.366,0,dynamic_visual_atlas_upload,,,cell_indirection_lut,1.205,2400,2400,0,0,-1,-1,,1991.701174,3.013,4.027,4.027,1,8,3,1.5,false,2,8.666,,,,,,,,,,,,,,,,,,,,,,,,,,,,,,,,,,,,,,,,,,0,0,0,0,false,0,0,,0,0,0,0,0,0,0,,,,,false,{},{},{},{},{},{},{},0,0,0.31,0,0,0.024,0,0,0,0,0,0.004,0,0,0,0,0,0,100,0,6.847333,11.759,0.064,6.513333,0,0,0,9,9,0,321,0,17,2,0,0,1,2400,0.021,0.025,0,ACTIVE,ACTIVE,,4095,4095,0,,true,16,false,0,0,true,2.4039,0.0017,19200,2280,0,,,,,,0,,,0,0,2,328,328,0,767541814575,4.854,0,0.029,0,0,330,329,2400,true,0,0,0,0,0,0,12,12,19224,0,0,0,0,0,0,0,0,0,0,0,0,0,,0,0,0,0,0,0,0,0,0,0,0,0,0,0,0,0,0,0,,0,0,0,0,0,0,false,
330,331,27639,false,145,50,1.695,0,1.386,0,dynamic_visual_atlas_upload,,,cell_indirection_lut,1.205,2400,2400,0,0,-1,-1,,1991.701174,3.013,4.027,4.027,1,8,3,1.5,false,2,8.666,,,,,,,,,,,,,,,,,,,,,,,,,,,,,,,,,,,,,,,,,,0,0,0,0,false,0,0,,0,0,0,0,0,0,0,,,,,false,{},{},{},{},{},{},{},0,0,0.294,0,0,0.02,0,0,0,0,0,0.003,0,0,0,0,0,0,100,0,6.772667,11.759,0.064,6.458667,0,0,0,9,9,0,321,0,17,2,0,0,1,2400,0.021,0.025,0,ACTIVE,ACTIVE,,4095,4095,0,,true,16,false,0,0,true,2.5208,0.0017,21600,2280,0,,,,,,0,,,0,0,2,329,329,0,767541834254,5.489,0,0.029,0,0,331,330,2400,true,0,0,0,0,0,0,12,12,19224,0,0,0,0,0,0,0,0,0,0,0,0,0,,0,0,0,0,0,0,0,0,0,0,0,0,0,0,0,0,0,0,,0,0,0,0,0,0,false,
331,332,27660,false,145,50,1.577,0,1.344,0,dynamic_visual_atlas_upload,,,cell_indirection_lut,1.205,2400,2400,0,0,-1,-1,,1991.701174,3.013,4.027,4.027,1,8,3,1.5,false,2,8.666,,,,,,,,,,,,,,,,,,,,,,,,,,,,,,,,,,,,,,,,,,0,0,0,0,false,0,0,,0,0,0,0,0,0,0,,,,,false,{},{},{},{},{},{},{},0,0,0.321,0,0,0.026,0,0,0,0,0,0.005,0,0,0,0,0,0,100,0,6.996333,11.759,0.064,6.649333,0,0,0,9,9,0,321,0,17,2,0,0,1,2400,0.021,0.025,0,ACTIVE,ACTIVE,,4095,4095,0,,true,16,false,0,0,true,2.0415,0.0014,19200,2280,0,,,,,,0,,,0,0,2,330,330,0,767541854707,6.025,0,0.031,0,0,332,331,2400,true,0,0,0,0,0,0,12,12,21624,0,0,0,0,0,0,0,0,0,0,0,0,0,,0,0,0,0,0,0,0,0,0,0,0,0,0,0,0,0,0,0,,0,0,0,0,0,0,false,
332,333,27681,false,145,50,1.561,0,1.338,0,dynamic_visual_atlas_upload,,,cell_indirection_lut,1.205,2400,2400,0,0,-1,-1,,1991.701174,3.013,4.027,4.027,1,8,3,1.5,false,2,8.666,,,,,,,,,,,,,,,,,,,,,,,,,,,,,,,,,,,,,,,,,,0,0,0,0,false,0,0,,0,0,0,0,0,0,0,,,,,false,{},{},{},{},{},{},{},0,0,0.567,0,0,0.021,0,0,0,0,0,0.003,0,0,0,0,0,0,100,0,6.978,11.759,0.064,6.39,0,0,0,9,9,0,321,0,17,2,0,0,1,2400,0.021,0.025,0,ACTIVE,ACTIVE,,4095,4095,0,,true,16,false,0,0,true,2.6501,0.002,52800,2280,0,,,,,,0,,,0,0,2,331,331,0,767541874112,7.551,0,0.032,0,0,333,332,2400,true,0,0,0,0,0,0,12,12,19224,0,0,0,0,0,0,0,0,0,0,0,0,0,,0,0,0,0,0,0,0,0,0,0,0,0,0,0,0,0,0,0,,0,0,0,0,0,0,false,
333,334,27701,false,145,50,1.503,0,1.321,0,dynamic_visual_atlas_upload,,,cell_indirection_lut,1.205,2400,2400,0,0,-1,-1,,1991.701174,3.013,4.027,4.027,1,8,3,1.5,false,2,8.666,,,,,,,,,,,,,,,,,,,,,,,,,,,,,,,,,,,,,,,,,,0,0,0,0,false,0,0,,0,0,0,0,0,0,0,,,,,false,{},{},{},{},{},{},{},0,0.001,0.235,0,0,0.019,0,0,0,0,0,0.003,0,0,0,0,0,0,100,0,6.607667,11.759,0.064,6.353667,0,0,0,9,9,0,321,0,17,2,0,0,1,2400,0.021,0.025,0,ACTIVE,ACTIVE,,4095,4095,0,,true,16,false,0,0,true,1.8178,0.0009,19200,2280,0,,,,,,0,,,0,0,2,332,332,0,767541894973,6.478,0,0.032,0,0,334,333,2400,true,0,0,0,0,0,0,12,12,52824,0,0,0,0,0,0,0,0,0,0,0,0,0,,0,0,0,0,0,0,0,0,0,0,0,0,0,0,0,0,0,0,,0,0,0,0,0,0,false,
334,335,27722,false,145,50,1.555,0,1.342,0,dynamic_visual_atlas_upload,,,cell_indirection_lut,1.205,2400,2400,0,0,-1,-1,,1991.701174,3.013,4.027,4.027,1,8,3,1.5,false,2,8.666,,,,,,,,,,,,,,,,,,,,,,,,,,,,,,,,,,,,,,,,,,0,0,0,0,false,0,0,,0,0,0,0,0,0,0,,,,,false,{},{},{},{},{},{},{},0,0,0.274,0,0,0.021,0,0,0,0,0,0.003,0,0,0,0,0,0,100,0,6.955333,11.759,0.064,6.660333,0,0,0,9,9,0,321,0,17,2,0,0,1,2400,0.021,0.025,0,ACTIVE,ACTIVE,,4095,4095,0,,true,16,false,0,0,true,1.8664,0.0011,19200,2280,0,,,,,,0,,,0,0,2,333,333,0,767541914114,8.217,0,0.028,0,0,335,334,2400,true,0,0,0,0,0,0,12,12,19224,0,0,0,0,0,0,0,0,0,0,0,0,0,,0,0,0,0,0,0,0,0,0,0,0,0,0,0,0,0,0,0,,0,0,0,0,0,0,false,
335,336,27737,false,145,50,2.519,0,2.204,0,dynamic_visual_atlas_upload,,,cell_indirection_lut,1.205,2400,2400,0,0,-1,-1,,1991.701174,3.013,4.027,4.027,1,8,3,1.5,false,2,8.666,,,,,,,,,,,,,,,,,,,,,,,,,,,,,,,,,,,,,,,,,,0,0,0,0,false,0,0,,0,0,0,0,0,0,0,,,,,false,{},{},{},{},{},{},{},0,0.001,0.241,0,0,0.018,0,0,0,0,0,0.003,0,0,0,0,0,0,100,0,7.4495,11.759,0.064,7.1905,0,0,0,9,9,0,321,0,17,2,0,0,1,2400,0.021,0.025,0,ACTIVE,ACTIVE,,4095,4095,0,,true,16,false,0,0,true,2.046,0.0013,19200,2279,0,,,,,,0,,,0,0,2,334,334,0,767541932773,4.594,0,0.03,0,0,336,335,2400,true,0,0,0,0,0,0,12,12,19224,0,0,0,0,0,0,0,0,0,0,0,0,0,,0,0,0,0,0,0,0,0,0,0,0,0,0,0,0,0,0,0,,0,0,0,0,0,0,false,
336,337,27756,false,145,50,1.515,0,1.318,0,dynamic_visual_atlas_upload,,,cell_indirection_lut,1.205,2400,2400,0,0,-1,-1,,1991.701174,3.013,4.027,4.027,1,8,3,1.5,false,2,8.666,,,,,,,,,,,,,,,,,,,,,,,,,,,,,,,,,,,,,,,,,,0,0,0,0,false,0,0,,0,0,0,0,0,0,0,,,,,false,{},{},{},{},{},{},{},0.001,0,0.237,0,0,0.019,0,0,0,0,0,0.003,0,0,0,0,0,0,100,0,6.478667,11.759,0.064,6.222667,0,0,0,9,9,0,321,0,17,2,0,0,1,2400,0.021,0.025,0,ACTIVE,ACTIVE,,4095,4095,0,,true,16,false,0,0,true,2.7399,0.0021,21600,2280,0,,,,,,0,,,0,0,2,335,335,0,767541952097,4.566,0,0.042,0,0,337,336,2400,true,0,0,0,0,0,0,12,12,19224,0,0,0,0,0,0,0,0,0,0,0,0,0,,0,0,0,0,0,0,0,0,0,0,0,0,0,0,0,0,0,0,,0,0,0,0,0,0,false,
337,338,27775,false,145,50,2.11,0,1.81,0,dynamic_visual_atlas_upload,,,cell_indirection_lut,1.205,2400,2400,0,0,-1,-1,,1991.701174,3.013,4.027,4.027,1,8,3,1.5,false,2,8.666,,,,,,,,,,,,,,,,,,,,,,,,,,,,,,,,,,,,,,,,,,0,0,0,0,false,0,0,,0,0,0,0,0,0,0,,,,,false,{},{},{},{},{},{},{},0,4.006,4.438,0,0,0.02,0,0,0,0,0,0.003,0,0,0,0,0,0,100,0,9.309,11.759,0.064,4.851,0,0,0,9,9,0,321,0,17,2,0,0,1,2400,0.021,0.025,0,ACTIVE,ACTIVE,,4095,4095,0,,true,16,false,0,0,true,1.9769,0.0009,19200,2279,0,,,,,,0,,,0,0,2,336,336,0,767541971481,3.994,0,0.028,0,0,338,337,2400,true,0,0,0,0,0,0,12,12,21624,0,0,0,0,0,0,0,0,0,0,0,0,0,,0,0,0,0,0,0,0,0,0,0,0,0,0,0,0,0,0,0,,0,0,0,0,0,0,false,
338,339,27798,false,145,50,1.511,0,1.312,0,dynamic_visual_atlas_upload,,,cell_indirection_lut,1.205,2400,2400,0,0,-1,-1,,1991.701174,3.013,4.027,4.027,1,8,3,1.5,false,2,8.666,,,,,,,,,,,,,,,,,,,,,,,,,,,,,,,,,,,,,,,,,,0,0,0,0,false,0,0,,0,0,0,0,0,0,0,,,,,false,{},{},{},{},{},{},{},0,0,0.234,0,0,0.017,0,0,0,0,0,0.003,0,0,0,0,0,0,100,0,5.74725,11.759,0.064,5.49625,0,0,0,9,9,0,321,0,17,2,0,0,1,2400,0.021,0.025,0,ACTIVE,ACTIVE,,4095,4095,0,,true,16,false,0,0,true,1.8199,0.0009,19200,2279,0,,,,,,0,,,0,0,2,337,337,0,767541990443,7.833,0,0.057,0,0,339,338,2400,true,0,0,0,0,0,0,12,12,19224,0,0,0,0,0,0,0,0,0,0,0,0,0,,0,0,0,0,0,0,0,0,0,0,0,0,0,0,0,0,0,0,,0,0,0,0,0,0,false,
339,340,27812,false,145,50,2.089,0,1.733,0,dynamic_visual_atlas_upload,,,cell_indirection_lut,1.205,2400,2400,0,0,-1,-1,,1991.701174,3.013,4.027,4.027,1,8,3,1.5,false,2,8.666,,,,,,,,,,,,,,,,,,,,,,,,,,,,,,,,,,,,,,,,,,0,0,0,0,false,0,0,,0,0,0,0,0,0,0,,,,,false,{},{},{},{},{},{},{},0,0,0.283,0,0,0.04,0,0,0,0,0,0.006,0,0,0,0,0,0,100,0,7.1625,11.759,0.064,6.8395,0,0,0,9,9,0,321,0,17,2,0,0,1,2400,0.021,0.025,0,ACTIVE,ACTIVE,,4095,4095,0,,true,16,false,0,0,true,2.2796,0.0017,19200,2279,0,,,,,,0,,,0,0,2,338,338,0,767542009017,3.589,0,0.03,0,0,340,339,2400,true,0,0,0,0,0,0,12,12,19224,0,0,0,0,0,0,0,0,0,0,0,0,0,,0,0,0,0,0,0,0,0,0,0,0,0,0,0,0,0,0,0,,0,0,0,0,0,0,false,
340,341,27832,false,145,50,1.493,0,1.284,0,dynamic_visual_atlas_upload,,,cell_indirection_lut,1.205,2400,2400,0,0,-1,-1,,1991.701174,3.013,4.027,4.027,1,8,3,1.5,false,2,8.666,,,,,,,,,,,,,,,,,,,,,,,,,,,,,,,,,,,,,,,,,,0,0,0,0,false,0,0,,0,0,0,0,0,0,0,,,,,false,{},{},{},{},{},{},{},0,0,0.211,0,0,0.019,0,0,0,0,0,0.003,0,0,0,0,0,0,100,0,6.635333,11.759,0.064,6.405333,0,0,0,9,9,0,321,0,17,2,0,0,1,2400,0.021,0.025,0,ACTIVE,ACTIVE,,4095,4095,0,,true,16,false,0,0,true,2.655,0.0014,52800,2280,0,,,,,,0,,,0,0,2,339,339,0,767542027736,4.781,0,0.035,0,0,341,340,2400,true,0,0,0,0,0,0,12,12,19224,0,0,0,0,0,0,0,0,0,0,0,0,0,,0,0,0,0,0,0,0,0,0,0,0,0,0,0,0,0,0,0,,0,0,0,0,0,0,false,
341,342,27853,false,145,50,1.494,0,1.317,0,dynamic_visual_atlas_upload,,,cell_indirection_lut,1.205,2400,2400,0,0,-1,-1,,1991.701174,3.013,4.027,4.027,1,8,3,1.5,false,2,8.666,,,,,,,,,,,,,,,,,,,,,,,,,,,,,,,,,,,,,,,,,,0,0,0,0,false,0,0,,0,0,0,0,0,0,0,,,,,false,{},{},{},{},{},{},{},0,0,0.236,0,0,0.019,0,0,0,0,0,0.004,0,0,0,0,0,0,100,0,6.89,11.759,0.064,6.635,0,0,0,9,9,0,321,0,17,2,0,0,1,2400,0.021,0.025,0,ACTIVE,ACTIVE,,4095,4095,0,,true,16,false,0,0,true,1.921,0.0012,19200,2280,0,,,,,,0,,,0,0,2,340,340,0,767542048086,5.095,0,0.034,0,0,342,341,2400,true,0,0,0,0,0,0,12,12,52824,0,0,0,0,0,0,0,0,0,0,0,0,0,,0,0,0,0,0,0,0,0,0,0,0,0,0,0,0,0,0,0,,0,0,0,0,0,0,false,
342,343,27870,false,145,50,1.433,0,1.271,0,dynamic_visual_atlas_upload,,,cell_indirection_lut,1.205,2400,2400,0,0,-1,-1,,1991.701174,3.013,4.027,4.027,1,8,3,1.5,false,2,8.666,,,,,,,,,,,,,,,,,,,,,,,,,,,,,,,,,,,,,,,,,,0,0,0,0,false,0,0,,0,0,0,0,0,0,0,,,,,false,{},{},{},{},{},{},{},0,3.249,3.476,0,0,0.022,0,0,0,0,0,0.004,0,0,0,0,0,0,100,0,8.5305,11.759,0.064,5.0325,0,0,0,9,9,0,321,0,17,2,0,0,1,2400,0.021,0.025,0,ACTIVE,ACTIVE,,4095,4095,0,,true,16,false,0,0,true,1.921,0.0012,19200,2280,0,,,,,,0,,,0,0,2,341,341,0,767542067760,2.463,0,0.028,0,0,343,342,2400,true,0,0,0,0,0,0,12,12,19224,0,0,0,0,0,0,0,0,0,0,0,0,0,,0,0,0,0,0,0,0,0,0,0,0,0,0,0,0,0,0,0,,0,0,0,0,0,0,false,
343,344,27891,false,145,50,1.492,0,1.298,0,dynamic_visual_atlas_upload,,,cell_indirection_lut,1.205,2400,2400,0,0,-1,-1,,1991.701174,3.013,4.027,4.027,1,8,3,1.5,false,2,8.666,,,,,,,,,,,,,,,,,,,,,,,,,,,,,,,,,,,,,,,,,,0,0,0,0,false,0,0,,0,0,0,0,0,0,0,,,,,false,{},{},{},{},{},{},{},0,3.042,3.278,0,0,0.017,0,0,0,0,0,0.003,0,0,0,0,0,0,100,0,6.881,11.759,0.064,3.586,0,0,0,9,9,0,321,0,17,2,0,0,1,2400,0.021,0.025,0,ACTIVE,ACTIVE,,4095,4095,0,,true,16,false,0,0,true,2.0944,0.0013,19200,2279,0,,,,,,0,,,0,0,2,342,342,0,767542086800,4.126,0,0.027,0,0,344,343,2400,true,0,0,0,0,0,0,12,12,21624,0,0,0,0,0,0,0,0,0,0,0,0,0,,0,0,0,0,0,0,0,0,0,0,0,0,0,0,0,0,0,0,,0,0,0,0,0,0,false,
344,345,27911,false,145,50,1.424,0,1.264,0,dynamic_visual_atlas_upload,,,cell_indirection_lut,1.205,2400,2400,0,0,-1,-1,,1991.701174,3.013,4.027,4.027,1,8,3,1.5,false,2,8.666,,,,,,,,,,,,,,,,,,,,,,,,,,,,,,,,,,,,,,,,,,0,0,0,0,false,0,0,,0,0,0,0,0,0,0,,,,,false,{},{},{},{},{},{},{},0,3.096,3.275,0,0,0.019,0,0,0,0,0,0.003,0,0,0,0,0,0,100,0,6.807333,11.759,0.064,3.513333,0,0,0,9,9,0,321,0,17,2,0,0,1,2400,0.021,0.025,0,ACTIVE,ACTIVE,,4095,4095,0,,true,16,false,0,0,true,1.9341,0.0011,19200,2279,0,,,,,,0,,,0,0,2,343,343,0,767542107058,4.234,0,0.029,0,0,345,344,2400,true,0,0,0,0,0,0,12,12,19224,0,0,0,0,0,0,0,0,0,0,0,0,0,,0,0,0,0,0,0,0,0,0,0,0,0,0,0,0,0,0,0,,0,0,0,0,0,0,false,
345,346,27932,false,145,50,1.423,0,1.292,0,dynamic_visual_atlas_upload,,,cell_indirection_lut,1.205,2400,2400,0,0,-1,-1,,1991.701174,3.013,4.027,4.027,1,8,3,1.5,false,2,8.666,,,,,,,,,,,,,,,,,,,,,,,,,,,,,,,,,,,,,,,,,,0,0,0,0,false,0,0,,0,0,0,0,0,0,0,,,,,false,{},{},{},{},{},{},{},0,3.927,4.107,0,0,0.019,0,0,0,0,0,0.003,0,0,0,0,0,0,100,0,7.139667,11.759,0.064,3.013667,0,0,0,9,9,0,321,0,17,2,0,0,1,2400,0.021,0.025,0,ACTIVE,ACTIVE,,4095,4095,0,,true,16,false,0,0,true,2.027,0.0012,19200,2280,0,,,,,,0,,,0,0,2,344,344,0,767542126147,6.582,0,0.028,0,0,346,345,2400,true,0,0,0,0,0,0,12,12,19224,0,0,0,0,0,0,0,0,0,0,0,0,0,,0,0,0,0,0,0,0,0,0,0,0,0,0,0,0,0,0,0,,0,0,0,0,0,0,false,
346,347,27952,false,145,50,1.522,0,1.314,0,dynamic_visual_atlas_upload,,,cell_indirection_lut,1.205,2400,2400,0,0,-1,-1,,1991.701174,3.013,4.027,4.027,1,8,3,1.5,false,2,8.666,,,,,,,,,,,,,,,,,,,,,,,,,,,,,,,,,,,,,,,,,,0,0,0,0,false,0,0,,0,0,0,0,0,0,0,,,,,false,{},{},{},{},{},{},{},0,2.902,3.058,0,0,0.016,0,0,0,0,0,0.003,0,0,0,0,0,0,100,0,6.668667,11.759,0.064,3.594667,0,0,0,9,9,0,321,0,17,2,0,0,1,2400,0.021,0.025,0,ACTIVE,ACTIVE,,4095,4095,0,,true,16,false,0,0,true,1.9589,0.0017,19200,1442,0,,,,,,0,,,0,0,2,345,345,0,767542147840,4.909,0,0.027,0,0,347,346,2400,true,0,0,0,0,0,0,12,12,19224,0,0,0,0,0,0,0,0,0,0,0,0,0,,0,0,0,0,0,0,0,0,0,0,0,0,0,0,0,0,0,0,,0,0,0,0,0,0,false,
347,348,27974,false,145,50,1.428,0,1.264,0,dynamic_visual_atlas_upload,,,cell_indirection_lut,1.205,2400,2400,0,0,-1,-1,,1991.701174,3.013,4.027,4.027,1,8,3,1.5,false,2,8.666,,,,,,,,,,,,,,,,,,,,,,,,,,,,,,,,,,,,,,,,,,0,0,0,0,false,0,0,,0,0,0,0,0,0,0,,,,,false,{},{},{},{},{},{},{},0,3.321,3.513,0,0,0.022,0,0,0,0,0,0.003,0,0,0,0,0,0,100,0,7.018667,11.759,0.064,3.483667,0,0,0,9,9,0,321,0,17,2,0,0,1,2400,0.021,0.025,0,ACTIVE,ACTIVE,,4095,4095,0,,true,16,false,0,0,true,1.9585,0.0012,19200,2280,0,,,,,,0,,,0,0,2,346,346,0,767542168326,5.521,0,0.031,0,0,348,347,2400,true,0,0,0,0,0,0,12,12,19224,0,0,0,0,0,0,0,0,0,0,0,0,0,,0,0,0,0,0,0,0,0,0,0,0,0,0,0,0,0,0,0,,0,0,0,0,0,0,false,
348,349,28003,false,145,50,6.664,0,1.338,0,dynamic_visual_atlas_upload,,,cell_indirection_lut,1.205,2400,2400,0,0,-1,-1,,1991.701174,3.013,4.027,4.027,1,8,3,1.5,false,2,8.666,,,,,,,,,,,,,,,,,,,,,,,,,,,,,,,,,,,,,,,,,,0,0,0,0,false,0,0,,0,0,0,0,0,0,0,,,,,false,{},{},{},{},{},{},{},0,0,0.354,0,0,0.026,0,0,0,0,0,0.005,0,0,0,0,0,0,100,0,7.47925,11.759,0.064,7.09925,0,0,0,9,9,0,321,0,17,2,0,0,1,2400,0.021,0.025,0,ACTIVE,ACTIVE,,4095,4095,0,,true,16,false,0,0,true,3.7321,0.0014,55200,2280,0,,,,,,0,,,0,0,2,347,347,0,767542189680,14.245,0,0.029,0,0,349,348,2400,true,0,0,0,0,0,0,12,12,19224,0,0,0,0,0,0,0,0,0,0,0,0,0,,0,0,0,0,0,0,0,0,0,0,0,0,0,0,0,0,0,0,,0,0,0,0,0,0,false,
349,350,28014,false,145,50,1.44,0,1.285,0,dynamic_visual_atlas_upload,,,cell_indirection_lut,1.205,2400,2400,0,0,-1,-1,,1991.701174,3.013,4.027,4.027,1,8,3,1.5,false,2,8.666,,,,,,,,,,,,,,,,,,,,,,,,,,,,,,,,,,,,,,,,,,0,0,0,0,false,0,0,,0,0,0,0,0,0,0,,,,,false,{},{},{},{},{},{},{},0,5.121,5.292,0,0,0.026,0,0,0,0,0,0.005,0,0,0,0,0,0,100,0,10.558,11.759,0.064,5.24,0,0,0,9,9,0,321,0,17,2,0,0,1,2400,0.021,0.025,0,ACTIVE,ACTIVE,,4095,4095,0,,true,16,false,0,0,true,1.9058,0.0016,19200,2280,0,,,,,,0,,,0,0,2,348,348,0,767542210449,3.779,0,0.055,0,0,350,349,2400,true,0,0,0,0,0,0,12,12,55224,0,0,0,0,0,0,0,0,0,0,0,0,0,,0,0,0,0,0,0,0,0,0,0,0,0,0,0,0,0,0,0,,0,0,0,0,0,0,false,
350,351,28032,false,145,50,1.47,0,1.304,0,dynamic_visual_atlas_upload,,,cell_indirection_lut,1.205,2400,2400,0,0,-1,-1,,1991.701174,3.013,4.027,4.027,1,8,3,1.5,false,2,8.666,,,,,,,,,,,,,,,,,,,,,,,,,,,,,,,,,,,,,,,,,,0,0,0,0,false,0,0,,0,0,0,0,0,0,0,,,,,false,{},{},{},{},{},{},{},0,0,0.227,0,0,0.02,0,0,0,0,0,0.003,0,0,0,0,0,0,100,0,4.60925,12.912,0.098,4.36225,0,0,0,9,9,0,321,0,17,2,0,0,1,2400,0.021,0.025,0,ACTIVE,ACTIVE,,4095,4095,0,,true,16,false,0,0,true,1.9039,0.0014,19200,2280,0,,,,,,0,,,0,0,2,349,349,0,767542229635,3.039,0,0.026,0,0,351,350,2400,true,0,0,0,0,0,0,12,12,19224,0,0,0,0,0,0,0,0,0,0,0,0,0,,0,0,0,0,0,0,0,0,0,0,0,0,0,0,0,0,0,0,,0,0,0,0,0,0,false,
351,352,28053,false,145,50,1.66,0,1.47,0,dynamic_visual_atlas_upload,,,cell_indirection_lut,1.205,2400,2400,0,0,-1,-1,,1991.701174,3.013,4.027,4.027,1,8,3,1.5,false,2,8.666,,,,,,,,,,,,,,,,,,,,,,,,,,,,,,,,,,,,,,,,,,0,0,0,0,false,0,0,,0,0,0,0,0,0,0,,,,,false,{},{},{},{},{},{},{},0,0.001,0.217,0,0,0.018,0,0,0,0,0,0.003,0,0,0,0,0,0,100,0,6.895667,12.912,0.098,6.660667,0,0,0,9,9,0,321,0,17,2,0,0,1,2400,0.021,0.025,0,ACTIVE,ACTIVE,,4095,4095,0,,true,16,false,0,0,true,2.0031,0.0013,19200,2280,0,,,,,,0,,,0,0,2,350,350,0,767542249294,4.089,0,0.029,0,0,352,351,2400,true,0,0,0,0,0,0,12,12,19224,0,0,0,0,0,0,0,0,0,0,0,0,0,,0,0,0,0,0,0,0,0,0,0,0,0,0,0,0,0,0,0,,0,0,0,0,0,0,false,
352,353,28074,false,145,50,1.504,0,1.331,0,dynamic_visual_atlas_upload,,,cell_indirection_lut,1.205,2400,2400,0,0,-1,-1,,1991.701174,3.013,4.027,4.027,1,8,3,1.5,false,2,8.666,,,,,,,,,,,,,,,,,,,,,,,,,,,,,,,,,,,,,,,,,,0,0,0,0,false,0,0,,0,0,0,0,0,0,0,,,,,false,{},{},{},{},{},{},{},0,0.001,0.188,0,0,0.018,0,0,0,0,0,0.003,0,0,0,0,0,0,100,0,6.881667,12.912,0.098,6.675667,0,0,0,9,9,0,321,0,17,2,0,0,1,2400,0.021,0.025,0,ACTIVE,ACTIVE,,4095,4095,0,,true,16,false,0,0,true,1.9003,0.0009,19200,2280,0,,,,,,0,,,0,0,2,351,351,0,767542267894,6.131,0,0.028,0,0,353,352,2400,true,0,0,0,0,0,0,12,12,19224,0,0,0,0,0,0,0,0,0,0,0,0,0,,0,0,0,0,0,0,0,0,0,0,0,0,0,0,0,0,0,0,,0,0,0,0,0,0,false,
353,354,28091,false,145,50,1.479,0,1.319,0,dynamic_visual_atlas_upload,,,cell_indirection_lut,1.205,2400,2400,0,0,-1,-1,,1991.701174,3.013,4.027,4.027,1,8,3,1.5,false,2,8.666,,,,,,,,,,,,,,,,,,,,,,,,,,,,,,,,,,,,,,,,,,0,0,0,0,false,0,0,,0,0,0,0,0,0,0,,,,,false,{},{},{},{},{},{},{},0,3.186,3.421,0,0,0.018,0,0,0,0,0,0.003,0,0,0,0,0,0,100,0,8.491,12.912,0.098,5.052,0,0,0,9,9,0,321,0,17,2,0,0,1,2400,0.021,0.025,0,ACTIVE,ACTIVE,,4095,4095,0,,true,16,false,0,0,true,2.0609,0.0014,19200,2280,0,,,,,,0,,,0,0,2,352,352,0,767542286437,4.544,0,0.028,0,0,354,353,2400,true,0,0,0,0,0,0,12,12,19224,0,0,0,0,0,0,0,0,0,0,0,0,0,,0,0,0,0,0,0,0,0,0,0,0,0,0,0,0,0,0,0,,0,0,0,0,0,0,false,
354,355,28111,false,145,50,1.533,0,1.382,0,dynamic_visual_atlas_upload,,,cell_indirection_lut,1.205,2400,2400,0,0,-1,-1,,1991.701174,3.013,4.027,4.027,1,8,3,1.5,false,2,8.666,,,,,,,,,,,,,,,,,,,,,,,,,,,,,,,,,,,,,,,,,,0,0,0,0,false,0,0,,0,0,0,0,0,0,0,,,,,false,{},{},{},{},{},{},{},0,3.541,3.711,0,0,0.019,0,0,0,0,0,0.003,0,0,0,0,0,0,100,0,6.907333,12.912,0.098,3.177333,0,0,0,9,9,0,321,0,17,2,0,0,1,2400,0.021,0.025,0,ACTIVE,ACTIVE,,4095,4095,0,,true,16,false,0,0,true,2.5067,0.0012,21600,2280,0,,,,,,0,,,0,0,2,353,353,0,767542305932,5.82,0,0.028,0,0,355,354,2400,true,0,0,0,0,0,0,12,12,19224,0,0,0,0,0,0,0,0,0,0,0,0,0,,0,0,0,0,0,0,0,0,0,0,0,0,0,0,0,0,0,0,,0,0,0,0,0,0,false,
355,356,28132,false,145,50,1.465,0,1.311,0,dynamic_visual_atlas_upload,,,cell_indirection_lut,1.205,2400,2400,0,0,-1,-1,,1991.701174,3.013,4.027,4.027,1,8,3,1.5,false,2,8.666,,,,,,,,,,,,,,,,,,,,,,,,,,,,,,,,,,,,,,,,,,0,0,0,0,false,0,0,,0,0,0,0,0,0,0,,,,,false,{},{},{},{},{},{},{},0,2.978,3.14,0,0,0.018,0,0,0,0,0,0.003,0,0,0,0,0,0,100,0,6.755667,12.912,0.098,3.597667,0,0,0,9,9,0,321,0,17,2,0,0,1,2400,0.021,0.025,0,ACTIVE,ACTIVE,,4095,4095,0,,true,16,false,0,0,true,1.8873,0.001,19200,1414,0,,,,,,0,,,0,0,2,354,354,0,767542328156,3.835,0,0.029,0,0,356,355,2400,true,0,0,0,0,0,0,12,12,21624,0,0,0,0,0,0,0,0,0,0,0,0,0,,0,0,0,0,0,0,0,0,0,0,0,0,0,0,0,0,0,0,,0,0,0,0,0,0,false,
356,357,28154,false,145,50,1.503,0,1.322,0,dynamic_visual_atlas_upload,,,cell_indirection_lut,1.205,2400,2400,0,0,-1,-1,,1991.701174,3.013,4.027,4.027,1,8,3,1.5,false,2,8.666,,,,,,,,,,,,,,,,,,,,,,,,,,,,,,,,,,,,,,,,,,0,0,0,0,false,0,0,,0,0,0,0,0,0,0,,,,,false,{},{},{},{},{},{},{},0,3.887,4.097,0,0,0.02,0,0,0,0,0,0.003,0,0,0,0,0,0,100,0,7.314,12.912,0.098,3.197,0,0,0,9,9,0,321,0,17,2,0,0,1,2400,0.021,0.025,0,ACTIVE,ACTIVE,,4095,4095,0,,true,16,false,0,0,true,2.6278,0.0017,52800,2280,0,,,,,,0,,,0,0,2,355,355,0,767542347919,6.051,0,0.03,0,0,357,356,2400,true,0,0,0,0,0,0,12,12,19224,0,0,0,0,0,0,0,0,0,0,0,0,0,,0,0,0,0,0,0,0,0,0,0,0,0,0,0,0,0,0,0,,0,0,0,0,0,0,false,
357,358,28173,false,145,50,1.417,0,1.261,0,dynamic_visual_atlas_upload,,,cell_indirection_lut,1.205,2400,2400,0,0,-1,-1,,1991.701174,3.013,4.027,4.027,1,8,3,1.5,false,2,8.666,,,,,,,,,,,,,,,,,,,,,,,,,,,,,,,,,,,,,,,,,,0,0,0,0,false,0,0,,0,0,0,0,0,0,0,,,,,false,{},{},{},{},{},{},{},0.001,2.919,3.072,0,0,0.014,0,0,0,0,0,0.002,0,0,0,0,0,0,100,0,6.434667,12.912,0.098,3.348667,0,0,0,9,9,0,321,0,17,2,0,0,1,2400,0.021,0.025,0,ACTIVE,ACTIVE,,4095,4095,0,,true,16,false,0,0,true,1.9633,0.0011,19200,1607,0,,,,,,0,,,0,0,2,356,356,0,767542369384,3.85,0,0.03,0,0,358,357,2400,true,0,0,0,0,0,0,12,12,52824,0,0,0,0,0,0,0,0,0,0,0,0,0,,0,0,0,0,0,0,0,0,0,0,0,0,0,0,0,0,0,0,,0,0,0,0,0,0,false,
358,359,28191,false,145,50,1.431,0,1.267,0,dynamic_visual_atlas_upload,,,cell_indirection_lut,1.205,2400,2400,0,0,-1,-1,,1991.701174,3.013,4.027,4.027,1,8,3,1.5,false,2,8.666,,,,,,,,,,,,,,,,,,,,,,,,,,,,,,,,,,,,,,,,,,0,0,0,0,false,0,0,,0,0,0,0,0,0,0,,,,,false,{},{},{},{},{},{},{},0,0.001,0.224,0,0,0.021,0,0,0,0,0,0.003,0,0,0,0,0,0,100,0,6.007,12.912,0.098,5.762,0,0,0,9,9,0,321,0,17,2,0,0,1,2400,0.021,0.025,0,ACTIVE,ACTIVE,,4095,4095,0,,true,16,false,0,0,true,1.8566,0.0008,19200,2280,0,,,,,,0,,,0,0,2,357,357,0,767542388987,2.314,0,0.03,0,0,359,358,2400,true,0,0,0,0,0,0,12,12,19224,0,0,0,0,0,0,0,0,0,0,0,0,0,,0,0,0,0,0,0,0,0,0,0,0,0,0,0,0,0,0,0,,0,0,0,0,0,0,false,
359,360,28212,false,145,50,1.402,0,1.235,0,dynamic_visual_atlas_upload,,,cell_indirection_lut,1.205,2400,2400,0,0,-1,-1,,1991.701174,3.013,4.027,4.027,1,8,3,1.5,false,2,8.666,,,,,,,,,,,,,,,,,,,,,,,,,,,,,,,,,,,,,,,,,,0,0,0,0,false,0,0,,0,0,0,0,0,0,0,,,,,false,{},{},{},{},{},{},{},0,0.001,0.277,0,0,0.021,0,0,0,0,0,0.003,0,0,0,0,0,0,100,0,7.140333,12.912,0.098,6.842333,0,0,0,9,9,0,321,0,17,2,0,0,1,2400,0.021,0.025,0,ACTIVE,ACTIVE,,4095,4095,0,,true,16,false,0,0,true,2.0183,0.0025,19200,2279,0,,,,,,0,,,0,0,2,358,358,0,767542406951,5.715,0,0.029,0,0,360,359,2400,true,0,0,0,0,0,0,12,12,19224,0,0,0,0,0,0,0,0,0,0,0,0,0,,0,0,0,0,0,0,0,0,0,0,0,0,0,0,0,0,0,0,,0,0,0,0,0,0,false,
360,361,28228,false,145,50,1.395,0,1.256,0,dynamic_visual_atlas_upload,,,cell_indirection_lut,1.205,2400,2400,0,0,-1,-1,,1991.701174,3.013,4.027,4.027,1,8,3,1.5,false,2,8.666,,,,,,,,,,,,,,,,,,,,,,,,,,,,,,,,,,,,,,,,,,0,0,0,0,false,0,0,,0,0,0,0,0,0,0,,,,,false,{},{},{},{},{},{},{},0,3.143,3.301,0,0,0.016,0,0,0,0,0,0.002,0,0,0,0,0,0,100,0,7.989,12.912,0.098,4.672,0,0,0,9,9,0,321,0,17,2,0,0,1,2400,0.021,0.025,0,ACTIVE,ACTIVE,,4095,4095,0,,true,16,false,0,0,true,2.585,0.001,21600,2280,0,,,,,,0,,,0,0,2,359,359,0,767542425441,3.222,0,0.028,0,0,361,360,2400,true,0,0,0,0,0,0,12,12,19224,0,0,0,0,0,0,0,0,0,0,0,0,0,,0,0,0,0,0,0,0,0,0,0,0,0,0,0,0,0,0,0,,0,0,0,0,0,0,false,
361,362,28249,false,145,50,1.409,0,1.253,0,dynamic_visual_atlas_upload,,,cell_indirection_lut,1.205,2400,2400,0,0,-1,-1,,1991.701174,3.013,4.027,4.027,1,8,3,1.5,false,2,8.666,,,,,,,,,,,,,,,,,,,,,,,,,,,,,,,,,,,,,,,,,,0,0,0,0,false,0,0,,0,0,0,0,0,0,0,,,,,false,{},{},{},{},{},{},{},0,3.127,3.297,0,0,0.017,0,0,0,0,0,0.003,0,0,0,0,0,0,100,0,6.939333,12.912,0.098,3.625333,0,0,0,9,9,0,321,0,17,2,0,0,1,2400,0.021,0.025,0,ACTIVE,ACTIVE,,4095,4095,0,,true,16,false,0,0,true,2.0354,0.0011,19200,2279,0,,,,,,0,,,0,0,2,360,360,0,767542444891,4.574,0,0.027,0,0,362,361,2400,true,0,0,0,0,0,0,12,12,21624,0,0,0,0,0,0,0,0,0,0,0,0,0,,0,0,0,0,0,0,0,0,0,0,0,0,0,0,0,0,0,0,,0,0,0,0,0,0,false,
362,363,28270,false,145,50,1.386,0,1.24,0,dynamic_visual_atlas_upload,,,cell_indirection_lut,1.205,2400,2400,0,0,-1,-1,,1991.701174,3.013,4.027,4.027,1,8,3,1.5,false,2,8.666,,,,,,,,,,,,,,,,,,,,,,,,,,,,,,,,,,,,,,,,,,0,0,0,0,false,0,0,,0,0,0,0,0,0,0,,,,,false,{},{},{},{},{},{},{},0,2.982,3.143,0,0,0.016,0,0,0,0,0,0.002,0,0,0,0,0,0,100,0,6.804,12.912,0.098,3.645,0,0,0,9,9,0,321,0,17,2,0,0,1,2400,0.021,0.025,0,ACTIVE,ACTIVE,,4095,4095,0,,true,16,false,0,0,true,2.0869,0.0011,24000,2280,0,,,,,,0,,,0,0,2,361,361,0,767542464797,5.106,0,0.029,0,0,363,362,2400,true,0,0,0,0,0,0,12,12,19224,0,0,0,0,0,0,0,0,0,0,0,0,0,,0,0,0,0,0,0,0,0,0,0,0,0,0,0,0,0,0,0,,0,0,0,0,0,0,false,
363,364,28290,false,145,50,1.413,0,1.267,0,dynamic_visual_atlas_upload,,,cell_indirection_lut,1.205,2400,2400,0,0,-1,-1,,1991.701174,3.013,4.027,4.027,1,8,3,1.5,false,2,8.666,,,,,,,,,,,,,,,,,,,,,,,,,,,,,,,,,,,,,,,,,,0,0,0,0,false,0,0,,0,0,0,0,0,0,0,,,,,false,{},{},{},{},{},{},{},0.001,2.977,3.142,0,0,0.016,0,0,0,0,0,0.003,0,0,0,0,0,0,100,0,6.913667,12.912,0.098,3.755667,0,0,0,9,9,0,321,0,17,2,0,0,1,2400,0.021,0.025,0,ACTIVE,ACTIVE,,4095,4095,0,,true,16,false,0,0,true,1.7719,0.0009,19200,2279,0,,,,,,0,,,0,0,2,362,362,0,767542485966,4.647,0,0.031,0,0,364,363,2400,true,0,0,0,0,0,0,12,12,24024,0,0,0,0,0,0,0,0,0,0,0,0,0,,0,0,0,0,0,0,0,0,0,0,0,0,0,0,0,0,0,0,,0,0,0,0,0,0,false,
364,365,28321,false,145,50,1.501,0,1.284,0,dynamic_visual_atlas_upload,,,cell_indirection_lut,1.205,2400,2400,0,0,-1,-1,,1991.701174,3.013,4.027,4.027,1,8,3,1.5,false,2,8.666,,,,,,,,,,,,,,,,,,,,,,,,,,,,,,,,,,,,,,,,,,0,0,0,0,false,0,0,,0,0,0,0,0,0,0,,,,,false,{},{},{},{},{},{},{},0,12.412,12.585,0,0,0.019,0,0,0,0,0,0.003,0,0,0,0,0,0,100,0,10.045667,12.912,0.098,0,0,0,0,9,9,0,321,0,17,2,0,0,1,2400,0.021,0.025,0,ACTIVE,ACTIVE,,4095,4095,0,,true,16,false,0,0,true,2.6061,0.0012,52800,2280,0,,,,,,0,,,0,0,2,363,363,0,767542505562,15.188,0,0.028,0,0,365,364,2400,true,0,0,0,0,0,0,12,12,19224,0,0,0,0,0,0,0,0,0,0,0,0,0,,0,0,0,0,0,0,0,0,0,0,0,0,0,0,0,0,0,0,,0,0,0,0,0,0,false,
365,366,28333,false,145,50,1.537,0,1.298,0,dynamic_visual_atlas_upload,,,cell_indirection_lut,1.205,2400,2400,0,0,-1,-1,,1991.701174,3.013,4.027,4.027,1,8,3,1.5,false,2,8.666,,,,,,,,,,,,,,,,,,,,,,,,,,,,,,,,,,,,,,,,,,0,0,0,0,false,0,0,,0,0,0,0,0,0,0,,,,,false,{},{},{},{},{},{},{},0,12.412,12.585,0,0,0.013,0,0,0,0,0,0.002,0,0,0,0,0,0,100,0,4.106667,12.912,0.098,0,0,0,0,9,9,0,321,0,17,2,0,0,1,2400,0.021,0.025,0,ACTIVE,ACTIVE,,4095,4095,0,,true,16,false,0,0,true,2.6061,0.0012,52800,2280,0,,,,,,0,,,0,0,4,364,364,0,767542528151,4.963,0,0.026,0,0,365,364,2400,true,0,0,0,0,0,0,12,12,52824,0,0,0,0,0,0,0,0,0,0,0,0,0,,0,0,0,0,0,0,0,0,0,0,0,0,0,0,0,0,0,0,,0,0,0,0,0,0,false,
366,367,29032,false,71,50,1.485,0,1.3,0,dynamic_visual_atlas_upload,,,cell_indirection_lut,1.205,2400,2400,0,0,-1,-1,,1991.701174,3.013,4.027,4.027,1,8,3,1.5,false,2,8.666,,,,,,,,,,,,,,,,,,,,,,,,,,,,,,,,,,,,,,,,,,0,0,0,0,false,0,0,,0,0,0,0,0,0,0,,,,,false,{},{},{},{},{},{},{},0,0,0.23,0,0,0.018,0,0,0,0,0,0.002,0,0,0,0,0,0,100,0,24.953107,518.349,0.081,24.705107,0,0,0,9,9,0,321,0,17,2,0,0,1,2400,0.021,0.025,0,ACTIVE,ACTIVE,,4095,4095,0,,true,16,false,0,0,true,2.783,0.002,21600,1652,0,,,,,,0,,,0,0,2,365,365,0,767543228632,3.149,0,0.027,0,0,368,367,2400,true,0,0,0,0,0,0,12,12,19224,0,0,0,0,0,0,0,0,0,0,0,0,0,,0,0,0,0,0,0,0,0,0,0,0,0,0,0,0,0,0,0,,0,0,0,0,0,0,false,
367,368,29052,false,71,50,1.505,0,1.291,0,dynamic_visual_atlas_upload,,,cell_indirection_lut,1.205,2400,2400,0,0,-1,-1,,1991.701174,3.013,4.027,4.027,1,8,3,1.5,false,2,8.666,,,,,,,,,,,,,,,,,,,,,,,,,,,,,,,,,,,,,,,,,,0,0,0,0,false,0,0,,0,0,0,0,0,0,0,,,,,false,{},{},{},{},{},{},{},0,0,0.234,0,0,0.019,0,0,0,0,0,0.003,0,0,0,0,0,0,100,0,6.889,518.349,0.081,6.636,0,0,0,9,9,0,321,0,17,2,0,0,1,2400,0.021,0.025,0,ACTIVE,ACTIVE,,4095,4095,0,,true,16,false,0,0,true,1.8859,0.0014,19200,2280,0,,,,,,0,,,0,0,2,366,366,0,767543248843,3.708,0,0.028,0,0,369,368,2400,true,0,0,0,0,0,0,12,12,21624,0,0,0,0,0,0,0,0,0,0,0,0,0,,0,0,0,0,0,0,0,0,0,0,0,0,0,0,0,0,0,0,,0,0,0,0,0,0,false,
368,369,29080,false,71,50,1.658,0,1.478,0,dynamic_visual_atlas_upload,,,cell_indirection_lut,1.205,2400,2400,0,0,-1,-1,,1991.701174,3.013,4.027,4.027,1,8,3,1.5,false,2,8.666,,,,,,,,,,,,,,,,,,,,,,,,,,,,,,,,,,,,,,,,,,0,0,0,0,false,0,0,,0,0,0,0,0,0,0,,,,,false,{},{},{},{},{},{},{},0,7.021,7.218,0,0,0.021,0,0,0,0,0,0.004,0,0,0,0,0,0,100,0,9.243333,518.349,0.081,2.004333,0,0,0,9,9,0,321,0,17,2,0,0,1,2400,0.021,0.025,0,ACTIVE,ACTIVE,,4095,4095,0,,true,16,false,0,0,true,1.9142,0.0025,19200,2280,0,,,,,,0,,,0,0,2,367,367,0,767543267264,12.908,0,0.03,0,0,371,370,2400,true,0,0,0,0,0,0,12,12,19224,0,0,0,0,0,0,0,0,0,0,0,0,0,,0,0,0,0,0,0,0,0,0,0,0,0,0,0,0,0,0,0,,0,0,0,0,0,0,false,
369,370,29097,false,71,50,1.401,0,1.25,0,dynamic_visual_atlas_upload,,,cell_indirection_lut,1.205,2400,2400,0,0,-1,-1,,1991.701174,3.013,4.027,4.027,1,8,3,1.5,false,2,8.666,,,,,,,,,,,,,,,,,,,,,,,,,,,,,,,,,,,,,,,,,,0,0,0,0,false,0,0,,0,0,0,0,0,0,0,,,,,false,{},{},{},{},{},{},{},0.001,3.51,3.687,0,0,0.021,0,0,0,0,0,0.004,0,0,0,0,0,0,100,0,5.577333,518.349,0.081,1.869333,0,0,0,9,9,0,321,0,17,2,0,0,1,2400,0.021,0.025,0,ACTIVE,ACTIVE,,4095,4095,0,,true,16,false,0,0,true,1.9781,0.0014,19200,2277,0,,,,,,0,,,0,0,2,368,368,0,767543286593,10.306,0,0.029,0,0,372,371,2400,true,0,0,0,0,0,0,12,12,19224,0,0,0,0,0,0,0,0,0,0,0,0,0,,0,0,0,0,0,0,0,0,0,0,0,0,0,0,0,0,0,0,,0,0,0,0,0,0,false,
370,371,29108,false,71,50,1.569,0,1.327,0,dynamic_visual_atlas_upload,,,cell_indirection_lut,1.205,2400,2400,0,0,-1,-1,,1991.701174,3.013,4.027,4.027,1,8,3,1.5,false,2,8.666,,,,,,,,,,,,,,,,,,,,,,,,,,,,,,,,,,,,,,,,,,0,0,0,0,false,0,0,,0,0,0,0,0,0,0,,,,,false,{},{},{},{},{},{},{},0,0,0.324,0,0,0.023,0,0,0,0,0,0.004,0,0,0,0,0,0,100,0,5.5215,518.349,0.081,5.1745,0,0,0,9,9,0,321,0,17,2,0,0,1,2400,0.021,0.025,0,ACTIVE,ACTIVE,,4095,4095,0,,true,16,false,0,0,true,1.9032,0.0019,19200,2280,0,,,,,,0,,,0,0,2,369,369,0,767543305227,2.743,0,0.03,0,0,372,371,2400,true,0,0,0,0,0,0,12,12,19224,0,0,0,0,0,0,0,0,0,0,0,0,0,,0,0,0,0,0,0,0,0,0,0,0,0,0,0,0,0,0,0,,0,0,0,0,0,0,false,
371,372,29128,false,71,50,1.523,0,1.32,0,dynamic_visual_atlas_upload,,,cell_indirection_lut,1.205,2400,2400,0,0,-1,-1,,1991.701174,3.013,4.027,4.027,1,8,3,1.5,false,2,8.666,,,,,,,,,,,,,,,,,,,,,,,,,,,,,,,,,,,,,,,,,,0,0,0,0,false,0,0,,0,0,0,0,0,0,0,,,,,false,{},{},{},{},{},{},{},0,0,0.285,0,0,0.022,0,0,0,0,0,0.004,0,0,0,0,0,0,100,0,6.838333,518.349,0.081,6.531333,0,0,0,9,9,0,321,0,17,2,0,0,1,2400,0.021,0.025,0,ACTIVE,ACTIVE,,4095,4095,0,,true,16,false,0,0,true,1.9085,0.0016,19200,2280,0,,,,,,0,,,0,0,2,370,370,0,767543324868,3.692,0,0.035,0,0,373,372,2400,true,0,0,0,0,0,0,12,12,19224,0,0,0,0,0,0,0,0,0,0,0,0,0,,0,0,0,0,0,0,0,0,0,0,0,0,0,0,0,0,0,0,,0,0,0,0,0,0,false,
372,373,29149,false,71,50,1.553,0,1.334,0,dynamic_visual_atlas_upload,,,cell_indirection_lut,1.205,2400,2400,0,0,-1,-1,,1991.701174,3.013,4.027,4.027,1,8,3,1.5,false,2,8.666,,,,,,,,,,,,,,,,,,,,,,,,,,,,,,,,,,,,,,,,,,0,0,0,0,false,0,0,,0,0,0,0,0,0,0,,,,,false,{},{},{},{},{},{},{},0,0,0.301,0,0,0.022,0,0,0,0,0,0.004,0,0,0,0,0,0,100,0,6.922333,518.349,0.081,6.599333,0,0,0,9,9,0,321,0,17,2,0,0,1,2400,0.021,0.025,0,ACTIVE,ACTIVE,,4095,4095,0,,true,16,false,0,0,true,3.6576,0.0016,55200,2280,0,,,,,,0,,,0,0,2,371,371,0,767543344381,4.847,0,0.03,0,0,374,373,2400,true,0,0,0,0,0,0,12,12,19224,0,0,0,0,0,0,0,0,0,0,0,0,0,,0,0,0,0,0,0,0,0,0,0,0,0,0,0,0,0,0,0,,0,0,0,0,0,0,false,
373,374,29173,false,71,50,2.637,0,2.167,0,dynamic_visual_atlas_upload,,,cell_indirection_lut,1.205,2400,2400,0,0,-1,-1,,1991.701174,3.013,4.027,4.027,1,8,3,1.5,false,2,8.666,,,,,,,,,,,,,,,,,,,,,,,,,,,,,,,,,,,,,,,,,,0,0,0,0,false,0,0,,0,0,0,0,0,0,0,,,,,false,{},{},{},{},{},{},{},0,0.001,0.968,0,0,0.043,0,0,0,0,0,0.007,0,0,0,0,0,0,100,0,7.884333,518.349,0.081,6.873333,0,0,0,9,9,0,321,0,17,2,0,0,1,2400,0.021,0.025,0,ACTIVE,ACTIVE,,4095,4095,0,,true,16,false,0,0,true,3.1256,0.0032,19200,2280,0,,,,,,0,,,0,0,2,372,372,0,767543366760,6.217,0,0.029,0,0,375,374,2400,true,0,0,0,0,0,0,12,12,55224,0,0,0,0,0,0,0,0,0,0,0,0,0,,0,0,0,0,0,0,0,0,0,0,0,0,0,0,0,0,0,0,,0,0,0,0,0,0,false,
374,375,29205,false,71,50,1.626,0,1.423,0,dynamic_visual_atlas_upload,,,cell_indirection_lut,1.205,2400,2400,0,0,-1,-1,,1991.701174,3.013,4.027,4.027,1,8,3,1.5,false,2,8.666,,,,,,,,,,,,,,,,,,,,,,,,,,,,,,,,,,,,,,,,,,0,0,0,0,false,0,0,,0,0,0,0,0,0,0,,,,,false,{},{},{},{},{},{},{},0,7.327,7.704,0,0,0.036,0,0,0,0,0,0.005,0,0,0,0,0,0,100,0,8.07375,518.349,0.081,0.33375,0,0,0,9,9,0,321,0,17,2,0,0,1,2400,0.021,0.025,0,ACTIVE,ACTIVE,,4095,4095,0,,true,16,false,0,0,true,2.1406,0.0017,19200,2280,0,,,,,,0,,,0,0,2,373,373,0,767543393567,11.851,0,0.07,0,0,377,376,2400,true,0,0,0,0,0,0,12,12,19224,0,0,0,0,0,0,0,0,0,0,0,0,0,,0,0,0,0,0,0,0,0,0,0,0,0,0,0,0,0,0,0,,0,0,0,0,0,0,false,
375,376,29223,false,71,50,1.858,0,1.538,0,dynamic_visual_atlas_upload,,,cell_indirection_lut,1.205,2400,2400,0,0,-1,-1,,1991.701174,3.013,4.027,4.027,1,8,3,1.5,false,2,8.666,,,,,,,,,,,,,,,,,,,,,,,,,,,,,,,,,,,,,,,,,,0,0,0,0,false,0,0,,0,0,0,0,0,0,0,,,,,false,{},{},{},{},{},{},{},0,3.765,3.971,0,0,0.029,0,0,0,0,0,0.005,0,0,0,0,0,0,100,0,5.955667,518.349,0.081,1.955667,0,0,0,9,9,0,321,0,17,2,0,0,1,2400,0.021,0.025,0,ACTIVE,ACTIVE,,4095,4095,0,,true,16,false,0,0,true,2.1204,0.0016,19200,2279,0,,,,,,0,,,0,0,2,374,374,0,767543416462,6.636,0,0.055,0,0,378,377,2400,true,0,0,0,0,0,0,12,12,19224,0,0,0,0,0,0,0,0,0,0,0,0,0,,0,0,0,0,0,0,0,0,0,0,0,0,0,0,0,0,0,0,,0,0,0,0,0,0,false,
376,377,29242,false,71,50,1.586,0,1.377,0,dynamic_visual_atlas_upload,,,cell_indirection_lut,1.205,2400,2400,0,0,-1,-1,,1991.701174,3.013,4.027,4.027,1,8,3,1.5,false,2,8.666,,,,,,,,,,,,,,,,,,,,,,,,,,,,,,,,,,,,,,,,,,0,0,0,0,false,0,0,,0,0,0,0,0,0,0,,,,,false,{},{},{},{},{},{},{},0,3.675,3.895,0,0,0.02,0,0,0,0,0,0.004,0,0,0,0,0,0,100,0,6.493,518.349,0.081,2.578,0,0,0,9,9,0,321,0,17,2,0,0,1,2400,0.021,0.025,0,ACTIVE,ACTIVE,,4095,4095,0,,true,16,false,0,0,true,1.9728,0.0014,19200,2280,0,,,,,,0,,,0,0,2,375,375,0,767543439494,3.126,0,0.034,0,0,379,378,2400,true,0,0,0,0,0,0,12,12,19224,0,0,0,0,0,0,0,0,0,0,0,0,0,,0,0,0,0,0,0,0,0,0,0,0,0,0,0,0,0,0,0,,0,0,0,0,0,0,false,
377,378,29262,false,71,50,1.394,0,1.247,0,dynamic_visual_atlas_upload,,,cell_indirection_lut,1.205,2400,2400,0,0,-1,-1,,1991.701174,3.013,4.027,4.027,1,8,3,1.5,false,2,8.666,,,,,,,,,,,,,,,,,,,,,,,,,,,,,,,,,,,,,,,,,,0,0,0,0,false,0,0,,0,0,0,0,0,0,0,,,,,false,{},{},{},{},{},{},{},0,3.213,3.394,0,0,0.02,0,0,0,0,0,0.003,0,0,0,0,0,0,100,0,6.656333,518.349,0.081,3.242333,0,0,0,9,9,0,321,0,17,2,0,0,1,2400,0.021,0.025,0,ACTIVE,ACTIVE,,4095,4095,0,,true,16,false,0,0,true,2.0311,0.001,19200,1443,0,,,,,,0,,,0,0,2,376,376,0,767543458551,3.928,0,0.032,0,0,380,379,2400,true,0,0,0,0,0,0,12,12,19224,0,0,0,0,0,0,0,0,0,0,0,0,0,,0,0,0,0,0,0,0,0,0,0,0,0,0,0,0,0,0,0,,0,0,0,0,0,0,false,
378,379,29284,false,71,50,1.462,0,1.316,0,dynamic_visual_atlas_upload,,,cell_indirection_lut,1.205,2400,2400,0,0,-1,-1,,1991.701174,3.013,4.027,4.027,1,8,3,1.5,false,2,8.666,,,,,,,,,,,,,,,,,,,,,,,,,,,,,,,,,,,,,,,,,,0,0,0,0,false,0,0,,0,0,0,0,0,0,0,,,,,false,{},{},{},{},{},{},{},0,3.768,3.934,0,0,0.017,0,0,0,0,0,0.003,0,0,0,0,0,0,100,0,7.089333,518.349,0.081,3.138333,0,0,0,9,9,0,321,0,17,2,0,0,1,2400,0.021,0.025,0,ACTIVE,ACTIVE,,4095,4095,0,,true,16,false,0,0,true,2.4317,0.0012,21600,2280,0,,,,,,0,,,0,0,2,377,377,0,767543478260,5.486,0,0.03,0,0,381,380,2400,true,0,0,0,0,0,0,12,12,19224,0,0,0,0,0,0,0,0,0,0,0,0,0,,0,0,0,0,0,0,0,0,0,0,0,0,0,0,0,0,0,0,,0,0,0,0,0,0,false,
379,380,29303,false,71,50,1.456,0,1.302,0,dynamic_visual_atlas_upload,,,cell_indirection_lut,1.205,2400,2400,0,0,-1,-1,,1991.701174,3.013,4.027,4.027,1,8,3,1.5,false,2,8.666,,,,,,,,,,,,,,,,,,,,,,,,,,,,,,,,,,,,,,,,,,0,0,0,0,false,0,0,,0,0,0,0,0,0,0,,,,,false,{},{},{},{},{},{},{},0,3.371,3.546,0,0,0.014,0,0,0,0,0,0.002,0,0,0,0,0,0,100,0,6.648667,518.349,0.081,3.088667,0,0,0,9,9,0,321,0,17,2,0,0,1,2400,0.021,0.025,0,ACTIVE,ACTIVE,,4095,4095,0,,true,16,false,0,0,true,1.8396,0.001,19200,2278,0,,,,,,0,,,0,0,2,378,378,0,767543497268,6.445,0,0.038,0,0,382,381,2400,true,0,0,0,0,0,0,12,12,21624,0,0,0,0,0,0,0,0,0,0,0,0,0,,0,0,0,0,0,0,0,0,0,0,0,0,0,0,0,0,0,0,,0,0,0,0,0,0,false,
380,381,29324,false,71,50,1.515,0,1.341,0,dynamic_visual_atlas_upload,,,cell_indirection_lut,1.205,2400,2400,0,0,-1,-1,,1991.701174,3.013,4.027,4.027,1,8,3,1.5,false,2,8.666,,,,,,,,,,,,,,,,,,,,,,,,,,,,,,,,,,,,,,,,,,0,0,0,0,false,0,0,,0,0,0,0,0,0,0,,,,,false,{},{},{},{},{},{},{},0,3.351,3.525,0,0,0.019,0,0,0,0,0,0.002,0,0,0,0,0,0,100,0,6.980667,518.349,0.081,3.436667,0,0,0,9,9,0,321,0,17,2,0,0,1,2400,0.021,0.025,0,ACTIVE,ACTIVE,,4095,4095,0,,true,16,false,0,0,true,2.6168,0.0016,52800,2280,0,,,,,,0,,,0,0,2,379,379,0,767543516089,8.557,0,0.028,0,0,383,382,2400,true,0,0,0,0,0,0,12,12,19224,0,0,0,0,0,0,0,0,0,0,0,0,0,,0,0,0,0,0,0,0,0,0,0,0,0,0,0,0,0,0,0,,0,0,0,0,0,0,false,
381,382,29345,false,71,50,1.417,0,1.291,0,dynamic_visual_atlas_upload,,,cell_indirection_lut,1.205,2400,2400,0,0,-1,-1,,1991.701174,3.013,4.027,4.027,1,8,3,1.5,false,2,8.666,,,,,,,,,,,,,,,,,,,,,,,,,,,,,,,,,,,,,,,,,,0,0,0,0,false,0,0,,0,0,0,0,0,0,0,,,,,false,{},{},{},{},{},{},{},0,3.575,3.759,0,0,0.018,0,0,0,0,0,0.004,0,0,0,0,0,0,100,0,6.902,518.349,0.081,3.125,0,0,0,9,9,0,321,0,17,2,0,0,1,2400,0.021,0.025,0,ACTIVE,ACTIVE,,4095,4095,0,,true,16,false,0,0,true,2.256,0.0015,19200,2280,0,,,,,,0,,,0,0,2,380,380,0,767543536183,9.161,0,0.028,0,0,384,383,2400,true,0,0,0,0,0,0,12,12,52824,0,0,0,0,0,0,0,0,0,0,0,0,0,,0,0,0,0,0,0,0,0,0,0,0,0,0,0,0,0,0,0,,0,0,0,0,0,0,false,
382,383,29367,false,71,50,1.836,0,1.564,0,dynamic_visual_atlas_upload,,,cell_indirection_lut,1.205,2400,2400,0,0,-1,-1,,1991.701174,3.013,4.027,4.027,1,8,3,1.5,false,2,8.666,,,,,,,,,,,,,,,,,,,,,,,,,,,,,,,,,,,,,,,,,,0,0,0,0,false,0,0,,0,0,0,0,0,0,0,,,,,false,{},{},{},{},{},{},{},0,4.108,4.341,0,0,0.031,0,0,0,0,0,0.005,0,0,0,0,0,0,100,0,7.348333,518.349,0.081,2.976333,0,0,0,9,9,0,321,0,17,2,0,0,1,2400,0.021,0.025,0,ACTIVE,ACTIVE,,4095,4095,0,,true,16,false,0,0,true,1.8863,0.0009,19200,2278,0,,,,,,0,,,0,0,2,381,381,0,767543555592,11.941,0,0.032,0,0,385,384,2400,true,0,0,0,0,0,0,12,12,19224,0,0,0,0,0,0,0,0,0,0,0,0,0,,0,0,0,0,0,0,0,0,0,0,0,0,0,0,0,0,0,0,,0,0,0,0,0,0,false,
383,384,29386,false,71,50,1.516,0,1.334,0,dynamic_visual_atlas_upload,,,cell_indirection_lut,1.205,2400,2400,0,0,-1,-1,,1991.701174,3.013,4.027,4.027,1,8,3,1.5,false,2,8.666,,,,,,,,,,,,,,,,,,,,,,,,,,,,,,,,,,,,,,,,,,0,0,0,0,false,0,0,,0,0,0,0,0,0,0,,,,,false,{},{},{},{},{},{},{},0,3.314,3.489,0,0,0.018,0,0,0,0,0,0.003,0,0,0,0,0,0,100,0,6.362333,518.349,0.081,2.855333,0,0,0,9,9,0,321,0,17,2,0,0,1,2400,0.021,0.025,0,ACTIVE,ACTIVE,,4095,4095,0,,true,16,false,0,0,true,1.98,0.0017,19200,2280,0,,,,,,0,,,0,0,2,382,382,0,767543575117,11.368,0,0.039,0,0,386,385,2400,true,0,0,0,0,0,0,12,12,19224,0,0,0,0,0,0,0,0,0,0,0,0,0,,0,0,0,0,0,0,0,0,0,0,0,0,0,0,0,0,0,0,,0,0,0,0,0,0,false,
384,385,29398,false,71,50,1.521,0,1.323,0,dynamic_visual_atlas_upload,,,cell_indirection_lut,1.205,2400,2400,0,0,-1,-1,,1991.701174,3.013,4.027,4.027,1,8,3,1.5,false,2,8.666,,,,,,,,,,,,,,,,,,,,,,,,,,,,,,,,,,,,,,,,,,0,0,0,0,false,0,0,,0,0,0,0,0,0,0,,,,,false,{},{},{},{},{},{},{},0,0,0.328,0,0,0.024,0,0,0,0,0,0.004,0,0,0,0,0,0,100,0,5.776,518.349,0.081,5.424,0,0,0,9,9,0,321,0,17,2,0,0,1,2400,0.021,0.025,0,ACTIVE,ACTIVE,,4095,4095,0,,true,16,false,0,0,true,1.98,0.0017,19200,2280,0,,,,,,0,,,0,0,2,383,383,0,767543594366,3.677,0,0.03,0,0,386,385,2400,true,0,0,0,0,0,0,12,12,19224,0,0,0,0,0,0,0,0,0,0,0,0,0,,0,0,0,0,0,0,0,0,0,0,0,0,0,0,0,0,0,0,,0,0,0,0,0,0,false,
385,386,29428,false,71,50,1.547,0,1.391,0,dynamic_visual_atlas_upload,,,cell_indirection_lut,1.205,2400,2400,0,0,-1,-1,,1991.701174,3.013,4.027,4.027,1,8,3,1.5,false,2,8.666,,,,,,,,,,,,,,,,,,,,,,,,,,,,,,,,,,,,,,,,,,0,0,0,0,false,0,0,,0,0,0,0,0,0,0,,,,,false,{},{},{},{},{},{},{},0,3.419,3.604,0,0,0.018,0,0,0,0,0,0.003,0,0,0,0,0,0,100,0,7.51425,518.349,0.081,3.89225,0,0,0,9,9,0,321,0,17,2,0,0,1,2400,0.021,0.025,0,ACTIVE,ACTIVE,,4095,4095,0,,true,16,false,0,0,true,1.8524,0.001,19200,2278,0,,,,,,0,,,0,0,2,384,384,0,767543616272,11.811,0,0.03,0,0,388,387,2400,true,0,0,0,0,0,0,12,12,21624,0,0,0,0,0,0,0,0,0,0,0,0,0,,0,0,0,0,0,0,0,0,0,0,0,0,0,0,0,0,0,0,,0,0,0,0,0,0,false,
386,387,29438,false,71,50,1.479,0,1.318,0,dynamic_visual_atlas_upload,,,cell_indirection_lut,1.205,2400,2400,0,0,-1,-1,,1991.701174,3.013,4.027,4.027,1,8,3,1.5,false,2,8.666,,,,,,,,,,,,,,,,,,,,,,,,,,,,,,,,,,,,,,,,,,0,0,0,0,false,0,0,,0,0,0,0,0,0,0,,,,,false,{},{},{},{},{},{},{},0,0.001,0.206,0,0,0.018,0,0,0,0,0,0.003,0,0,0,0,0,0,100,0,5.302,518.349,0.081,5.078,0,0,0,9,9,0,321,0,17,2,0,0,1,2400,0.021,0.025,0,ACTIVE,ACTIVE,,4095,4095,0,,true,16,false,0,0,true,1.8265,0.001,19200,2280,0,,,,,,0,,,0,0,2,385,385,0,767543634814,3.892,0,0.03,0,0,388,387,2400,true,0,0,0,0,0,0,12,12,19224,0,0,0,0,0,0,0,0,0,0,0,0,0,,0,0,0,0,0,0,0,0,0,0,0,0,0,0,0,0,0,0,,0,0,0,0,0,0,false,
387,388,29460,false,71,50,1.699,0,1.505,0,dynamic_visual_atlas_upload,,,cell_indirection_lut,1.205,2400,2400,0,0,-1,-1,,1991.701174,3.013,4.027,4.027,1,8,3,1.5,false,2,8.666,,,,,,,,,,,,,,,,,,,,,,,,,,,,,,,,,,,,,,,,,,0,0,0,0,false,0,0,,0,0,0,0,0,0,0,,,,,false,{},{},{},{},{},{},{},0,0.001,0.228,0,0,0.017,0,0,0,0,0,0.003,0,0,0,0,0,0,100,0,7.087,518.349,0.081,6.842,0,0,0,9,9,0,321,0,17,2,0,0,1,2400,0.021,0.025,0,ACTIVE,ACTIVE,,4095,4095,0,,true,16,false,0,0,true,2.3072,0.0017,19200,2280,0,,,,,,0,,,0,0,2,386,386,0,767543653625,6.315,0,0.028,0,0,389,388,2400,true,0,0,0,0,0,0,12,12,19224,0,0,0,0,0,0,0,0,0,0,0,0,0,,0,0,0,0,0,0,0,0,0,0,0,0,0,0,0,0,0,0,,0,0,0,0,0,0,false,
388,389,29480,false,71,50,1.527,0,1.319,0,dynamic_visual_atlas_upload,,,cell_indirection_lut,1.205,2400,2400,0,0,-1,-1,,1991.701174,3.013,4.027,4.027,1,8,3,1.5,false,2,8.666,,,,,,,,,,,,,,,,,,,,,,,,,,,,,,,,,,,,,,,,,,0,0,0,0,false,0,0,,0,0,0,0,0,0,0,,,,,false,{},{},{},{},{},{},{},0,0.001,0.277,0,0,0.019,0,0,0,0,0,0.003,0,0,0,0,0,0,100,0,6.829,518.349,0.081,6.533,0,0,0,9,9,0,321,0,17,2,0,0,1,2400,0.021,0.025,0,ACTIVE,ACTIVE,,4095,4095,0,,true,16,false,0,0,true,2.6749,0.0013,52800,2280,0,,,,,,0,,,0,0,2,387,387,0,767543672650,7.806,0,0.029,0,0,390,389,2400,true,0,0,0,0,0,0,12,12,19224,0,0,0,0,0,0,0,0,0,0,0,0,0,,0,0,0,0,0,0,0,0,0,0,0,0,0,0,0,0,0,0,,0,0,0,0,0,0,false,
389,390,29503,false,71,50,2.671,0,2.296,0,dynamic_visual_atlas_upload,,,cell_indirection_lut,1.205,2400,2400,0,0,-1,-1,,1991.701174,3.013,4.027,4.027,1,8,3,1.5,false,2,8.666,,,,,,,,,,,,,,,,,,,,,,,,,,,,,,,,,,,,,,,,,,0,0,0,0,false,0,0,,0,0,0,0,0,0,0,,,,,false,{},{},{},{},{},{},{},0,0,0.366,0,0,0.026,0,0,0,0,0,0.004,0,0,0,0,0,0,100,0,7.631667,518.349,0.081,7.239667,0,0,0,9,9,0,321,0,17,2,0,0,1,2400,0.021,0.025,0,ACTIVE,ACTIVE,,4095,4095,0,,true,16,false,0,0,true,2.7702,0.0069,19200,2280,0,,,,,,0,,,0,0,2,388,388,0,767543696436,7.073,0,0.031,0,0,391,390,2400,true,0,0,0,0,0,0,12,12,52824,0,0,0,0,0,0,0,0,0,0,0,0,0,,0,0,0,0,0,0,0,0,0,0,0,0,0,0,0,0,0,0,,0,0,0,0,0,0,false,
390,391,29526,false,71,50,2.043,0,1.807,0,dynamic_visual_atlas_upload,,,cell_indirection_lut,1.205,2400,2400,0,0,-1,-1,,1991.701174,3.013,4.027,4.027,1,8,3,1.5,false,2,8.666,,,,,,,,,,,,,,,,,,,,,,,,,,,,,,,,,,,,,,,,,,0,0,0,0,false,0,0,,0,0,0,0,0,0,0,,,,,false,{},{},{},{},{},{},{},0,3.954,4.168,0,0,0.023,0,0,0,0,0,0.004,0,0,0,0,0,0,100,0,7.594333,518.349,0.081,3.403333,0,0,0,9,9,0,321,0,17,2,0,0,1,2400,0.021,0.025,0,ACTIVE,ACTIVE,,4095,4095,0,,true,16,false,0,0,true,2.6113,0.0019,21600,2280,0,,,,,,0,,,0,0,2,389,389,0,767543717343,8.835,0,0.05,0,0,393,392,2400,true,0,0,0,0,0,0,12,12,19224,0,0,0,0,0,0,0,0,0,0,0,0,0,,0,0,0,0,0,0,0,0,0,0,0,0,0,0,0,0,0,0,,0,0,0,0,0,0,false,
391,392,29546,false,71,50,1.461,0,1.312,0,dynamic_visual_atlas_upload,,,cell_indirection_lut,1.205,2400,2400,0,0,-1,-1,,1991.701174,3.013,4.027,4.027,1,8,3,1.5,false,2,8.666,,,,,,,,,,,,,,,,,,,,,,,,,,,,,,,,,,,,,,,,,,0,0,0,0,false,0,0,,0,0,0,0,0,0,0,,,,,false,{},{},{},{},{},{},{},0,3.822,4.025,0,0,0.022,0,0,0,0,0,0.003,0,0,0,0,0,0,100,0,6.567333,518.349,0.081,2.520333,0,0,0,9,9,0,321,0,17,2,0,0,1,2400,0.021,0.025,0,ACTIVE,ACTIVE,,4095,4095,0,,true,16,false,0,0,true,1.972,0.0014,19200,2278,0,,,,,,0,,,0,0,2,390,390,0,767543737840,7.996,0,0.031,0,0,394,393,2400,true,0,0,0,0,0,0,12,12,21624,0,0,0,0,0,0,0,0,0,0,0,0,0,,0,0,0,0,0,0,0,0,0,0,0,0,0,0,0,0,0,0,,0,0,0,0,0,0,false,
392,393,29566,false,71,50,1.481,0,1.333,0,dynamic_visual_atlas_upload,,,cell_indirection_lut,1.205,2400,2400,0,0,-1,-1,,1991.701174,3.013,4.027,4.027,1,8,3,1.5,false,2,8.666,,,,,,,,,,,,,,,,,,,,,,,,,,,,,,,,,,,,,,,,,,0,0,0,0,false,0,0,,0,0,0,0,0,0,0,,,,,false,{},{},{},{},{},{},{},0,3.895,4.086,0,0,0.021,0,0,0,0,0,0.004,0,0,0,0,0,0,100,0,6.928333,518.349,0.081,2.821333,0,0,0,9,9,0,321,0,17,2,0,0,1,2400,0.021,0.025,0,ACTIVE,ACTIVE,,4095,4095,0,,true,16,false,0,0,true,2.5085,0.0017,19200,2280,0,,,,,,0,,,0,0,2,391,391,0,767543757810,8.855,0,0.031,0,0,395,394,2400,true,0,0,0,0,0,0,12,12,19224,0,0,0,0,0,0,0,0,0,0,0,0,0,,0,0,0,0,0,0,0,0,0,0,0,0,0,0,0,0,0,0,,0,0,0,0,0,0,false,
393,394,29587,false,71,50,1.445,0,1.319,0,dynamic_visual_atlas_upload,,,cell_indirection_lut,1.205,2400,2400,0,0,-1,-1,,1991.701174,3.013,4.027,4.027,1,8,3,1.5,false,2,8.666,,,,,,,,,,,,,,,,,,,,,,,,,,,,,,,,,,,,,,,,,,0,0,0,0,false,0,0,,0,0,0,0,0,0,0,,,,,false,{},{},{},{},{},{},{},0,3.601,3.802,0,0,0.02,0,0,0,0,0,0.003,0,0,0,0,0,0,100,0,6.825333,518.349,0.081,3.003333,0,0,0,9,9,0,321,0,17,2,0,0,1,2400,0.021,0.025,0,ACTIVE,ACTIVE,,4095,4095,0,,true,16,false,0,0,true,1.9752,0.0016,19200,2280,0,,,,,,0,,,0,0,2,392,392,0,767543777496,9.578,0,0.03,0,0,396,395,2400,true,0,0,0,0,0,0,12,12,19224,0,0,0,0,0,0,0,0,0,0,0,0,0,,0,0,0,0,0,0,0,0,0,0,0,0,0,0,0,0,0,0,,0,0,0,0,0,0,false,
394,395,29607,false,71,50,1.388,0,1.27,0,dynamic_visual_atlas_upload,,,cell_indirection_lut,1.205,2400,2400,0,0,-1,-1,,1991.701174,3.013,4.027,4.027,1,8,3,1.5,false,2,8.666,,,,,,,,,,,,,,,,,,,,,,,,,,,,,,,,,,,,,,,,,,0,0,0,0,false,0,0,,0,0,0,0,0,0,0,,,,,false,{},{},{},{},{},{},{},0,3.619,3.767,0,0,0.015,0,0,0,0,0,0.003,0,0,0,0,0,0,100,0,6.841,518.349,0.081,3.059,0,0,0,9,9,0,321,0,17,2,0,0,1,2400,0.021,0.025,0,ACTIVE,ACTIVE,,4095,4095,0,,true,16,false,0,0,true,2.2118,0.0009,19200,2278,0,,,,,,0,,,0,0,2,393,393,0,767543797854,9.725,0,0.028,0,0,397,396,2400,true,0,0,0,0,0,0,12,12,19224,0,0,0,0,0,0,0,0,0,0,0,0,0,,0,0,0,0,0,0,0,0,0,0,0,0,0,0,0,0,0,0,,0,0,0,0,0,0,false,
395,396,29628,false,71,50,1.435,0,1.293,0,dynamic_visual_atlas_upload,,,cell_indirection_lut,1.205,2400,2400,0,0,-1,-1,,1991.701174,3.013,4.027,4.027,1,8,3,1.5,false,2,8.666,,,,,,,,,,,,,,,,,,,,,,,,,,,,,,,,,,,,,,,,,,0,0,0,0,false,0,0,,0,0,0,0,0,0,0,,,,,false,{},{},{},{},{},{},{},0.001,3.592,3.768,0,0,0.02,0,0,0,0,0,0.003,0,0,0,0,0,0,100,0,6.885,518.349,0.081,3.097,0,0,0,9,9,0,321,0,17,2,0,0,1,2400,0.021,0.025,0,ACTIVE,ACTIVE,,4095,4095,0,,true,16,false,0,0,true,1.8834,0.0012,19200,2280,0,,,,,,0,,,0,0,2,394,394,0,767543816476,11.782,0,0.028,0,0,398,397,2400,true,0,0,0,0,0,0,12,12,19224,0,0,0,0,0,0,0,0,0,0,0,0,0,,0,0,0,0,0,0,0,0,0,0,0,0,0,0,0,0,0,0,,0,0,0,0,0,0,false,
396,397,29639,false,71,50,1.502,0,1.345,0,dynamic_visual_atlas_upload,,,cell_indirection_lut,1.205,2400,2400,0,0,-1,-1,,1991.701174,3.013,4.027,4.027,1,8,3,1.5,false,2,8.666,,,,,,,,,,,,,,,,,,,,,,,,,,,,,,,,,,,,,,,,,,0,0,0,0,false,0,0,,0,0,0,0,0,0,0,,,,,false,{},{},{},{},{},{},{},0,0,0.24,0,0,0.016,0,0,0,0,0,0.003,0,0,0,0,0,0,100,0,5.3055,518.349,0.081,5.0495,0,0,0,9,9,0,321,0,17,2,0,0,1,2400,0.021,0.025,0,ACTIVE,ACTIVE,,4095,4095,0,,true,16,false,0,0,true,3.254,0.0016,55200,2280,0,,,,,,0,,,0,0,2,395,395,0,767543835100,3.758,0,0.028,0,0,398,397,2400,true,0,0,0,0,0,0,12,12,19224,0,0,0,0,0,0,0,0,0,0,0,0,0,,0,0,0,0,0,0,0,0,0,0,0,0,0,0,0,0,0,0,,0,0,0,0,0,0,false,
397,398,29659,false,71,50,1.464,0,1.295,0,dynamic_visual_atlas_upload,,,cell_indirection_lut,1.205,2400,2400,0,0,-1,-1,,1991.701174,3.013,4.027,4.027,1,8,3,1.5,false,2,8.666,,,,,,,,,,,,,,,,,,,,,,,,,,,,,,,,,,,,,,,,,,0,0,0,0,false,0,0,,0,0,0,0,0,0,0,,,,,false,{},{},{},{},{},{},{},0,0,0.245,0,0,0.01,0,0,0,0,0,0.001,0,0,0,0,0,0,100,0,6.890667,518.349,0.081,6.635667,0,0,0,9,9,0,321,0,17,2,0,0,1,2400,0.021,0.025,0,ACTIVE,ACTIVE,,4095,4095,0,,true,16,false,0,0,true,1.8784,0.001,19200,2280,0,,,,,,0,,,0,0,2,396,396,0,767543857436,2.142,0,0.028,0,0,399,398,2400,true,0,0,0,0,0,0,12,12,55224,0,0,0,0,0,0,0,0,0,0,0,0,0,,0,0,0,0,0,0,0,0,0,0,0,0,0,0,0,0,0,0,,0,0,0,0,0,0,false,
398,399,29680,false,71,50,1.547,0,1.35,0,dynamic_visual_atlas_upload,,,cell_indirection_lut,1.205,2400,2400,0,0,-1,-1,,1991.701174,3.013,4.027,4.027,1,8,3,1.5,false,2,8.666,,,,,,,,,,,,,,,,,,,,,,,,,,,,,,,,,,,,,,,,,,0,0,0,0,false,0,0,,0,0,0,0,0,0,0,,,,,false,{},{},{},{},{},{},{},0,0,0.272,0,0,0.019,0,0,0,0,0,0.003,0,0,0,0,0,0,100,0,7.023333,518.349,0.081,6.732333,0,0,0,9,9,0,321,0,17,2,0,0,1,2400,0.021,0.025,0,ACTIVE,ACTIVE,,4095,4095,0,,true,16,false,0,0,true,2.408,0.0011,19200,2280,0,,,,,,0,,,0,0,2,397,397,0,767543876431,4.177,0,0.028,0,0,400,399,2400,true,0,0,0,0,0,0,12,12,19224,0,0,0,0,0,0,0,0,0,0,0,0,0,,0,0,0,0,0,0,0,0,0,0,0,0,0,0,0,0,0,0,,0,0,0,0,0,0,false,
399,400,29703,false,71,50,1.569,0,1.398,0,dynamic_visual_atlas_upload,,,cell_indirection_lut,1.205,2400,2400,0,0,-1,-1,,1991.701174,3.013,4.027,4.027,1,8,3,1.5,false,2,8.666,,,,,,,,,,,,,,,,,,,,,,,,,,,,,,,,,,,,,,,,,,0,0,0,0,false,0,0,,0,0,0,0,0,0,0,,,,,false,{},{},{},{},{},{},{},0,3.006,3.144,0,0,0.012,0,0,0,0,0,0.002,0,0,0,0,0,0,100,0,7.624667,518.349,0.081,4.468667,0,0,0,9,9,0,321,0,17,2,0,0,1,2400,0.021,0.025,0,ACTIVE,ACTIVE,,4095,4095,0,,true,16,false,0,0,true,1.8131,0.0009,19200,2280,0,,,,,,0,,,0,0,2,398,398,0,767543895450,8.025,0,0.029,0,0,402,401,2400,true,0,0,0,0,0,0,12,12,19224,0,0,0,0,0,0,0,0,0,0,0,0,0,,0,0,0,0,0,0,0,0,0,0,0,0,0,0,0,0,0,0,,0,0,0,0,0,0,false,
400,401,29725,false,71,50,1.459,0,1.312,0,dynamic_visual_atlas_upload,,,cell_indirection_lut,1.205,2400,2400,0,0,-1,-1,,1991.701174,3.013,4.027,4.027,1,8,3,1.5,false,2,8.666,,,,,,,,,,,,,,,,,,,,,,,,,,,,,,,,,,,,,,,,,,0,0,0,0,false,0,0,,0,0,0,0,0,0,0,,,,,false,{},{},{},{},{},{},{},0,3.602,3.798,0,0,0.019,0,0,0,0,0,0.004,0,0,0,0,0,0,100,0,7.186333,518.349,0.081,3.369333,0,0,0,9,9,0,321,0,17,2,0,0,1,2400,0.021,0.025,0,ACTIVE,ACTIVE,,4095,4095,0,,true,16,false,0,0,true,2.6121,0.0015,19200,2278,0,,,,,,0,,,0,0,2,399,399,0,767543916772,8.273,0,0.03,0,0,403,402,2400,true,0,0,0,0,0,0,12,12,19224,0,0,0,0,0,0,0,0,0,0,0,0,0,,0,0,0,0,0,0,0,0,0,0,0,0,0,0,0,0,0,0,,0,0,0,0,0,0,false,
401,402,29746,false,71,50,1.466,0,1.311,0,dynamic_visual_atlas_upload,,,cell_indirection_lut,1.205,2400,2400,0,0,-1,-1,,1991.701174,3.013,4.027,4.027,1,8,3,1.5,false,2,8.666,,,,,,,,,,,,,,,,,,,,,,,,,,,,,,,,,,,,,,,,,,0,0,0,0,false,0,0,,0,0,0,0,0,0,0,,,,,false,{},{},{},{},{},{},{},0,3.915,4.104,0,0,0.024,0,0,0,0,0,0.004,0,0,0,0,0,0,100,0,7.052667,518.349,0.081,2.924667,0,0,0,9,9,0,321,0,17,2,0,0,1,2400,0.021,0.025,0,ACTIVE,ACTIVE,,4095,4095,0,,true,16,false,0,0,true,1.8991,0.0014,19200,2280,0,,,,,,0,,,0,0,2,400,400,0,767543937355,8.898,0,0.033,0,0,404,403,2400,true,0,0,0,0,0,0,12,12,19224,0,0,0,0,0,0,0,0,0,0,0,0,0,,0,0,0,0,0,0,0,0,0,0,0,0,0,0,0,0,0,0,,0,0,0,0,0,0,false,
402,403,29767,false,71,50,1.744,0,1.526,0,dynamic_visual_atlas_upload,,,cell_indirection_lut,1.205,2400,2400,0,0,-1,-1,,1991.701174,3.013,4.027,4.027,1,8,3,1.5,false,2,8.666,,,,,,,,,,,,,,,,,,,,,,,,,,,,,,,,,,,,,,,,,,0,0,0,0,false,0,0,,0,0,0,0,0,0,0,,,,,false,{},{},{},{},{},{},{},0,4.148,4.325,0,0,0.018,0,0,0,0,0,0.003,0,0,0,0,0,0,100,0,6.957,518.349,0.081,2.614,0,0,0,9,9,0,321,0,17,2,0,0,1,2400,0.021,0.025,0,ACTIVE,ACTIVE,,4095,4095,0,,true,16,false,0,0,true,2.4248,0.001,21600,2280,0,,,,,,0,,,0,0,2,401,401,0,767543956196,10.929,0,0.028,0,0,405,404,2400,true,0,0,0,0,0,0,12,12,19224,0,0,0,0,0,0,0,0,0,0,0,0,0,,0,0,0,0,0,0,0,0,0,0,0,0,0,0,0,0,0,0,,0,0,0,0,0,0,false,
403,404,29786,false,71,50,1.362,0,1.236,0,dynamic_visual_atlas_upload,,,cell_indirection_lut,1.205,2400,2400,0,0,-1,-1,,1991.701174,3.013,4.027,4.027,1,8,3,1.5,false,2,8.666,,,,,,,,,,,,,,,,,,,,,,,,,,,,,,,,,,,,,,,,,,0,0,0,0,false,0,0,,0,0,0,0,0,0,0,,,,,false,{},{},{},{},{},{},{},0,3.235,3.399,0,0,0.023,0,0,0,0,0,0.004,0,0,0,0,0,0,100,0,6.499,518.349,0.081,3.077,0,0,0,9,9,0,321,0,17,2,0,0,1,2400,0.021,0.025,0,ACTIVE,ACTIVE,,4095,4095,0,,true,16,false,0,0,true,1.9287,0.0011,19200,2277,0,,,,,,0,,,0,0,2,402,402,0,767543976465,10.095,0,0.029,0,0,406,405,2400,true,0,0,0,0,0,0,12,12,21624,0,0,0,0,0,0,0,0,0,0,0,0,0,,0,0,0,0,0,0,0,0,0,0,0,0,0,0,0,0,0,0,,0,0,0,0,0,0,false,
404,405,29797,false,71,50,1.418,0,1.269,0,dynamic_visual_atlas_upload,,,cell_indirection_lut,1.205,2400,2400,0,0,-1,-1,,1991.701174,3.013,4.027,4.027,1,8,3,1.5,false,2,8.666,,,,,,,,,,,,,,,,,,,,,,,,,,,,,,,,,,,,,,,,,,0,0,0,0,false,0,0,,0,0,0,0,0,0,0,,,,,false,{},{},{},{},{},{},{},0,0.001,0.15,0,0,0.012,0,0,0,0,0,0.002,0,0,0,0,0,0,100,0,5.351,518.349,0.081,5.189,0,0,0,9,9,0,321,0,17,2,0,0,1,2400,0.021,0.025,0,ACTIVE,ACTIVE,,4095,4095,0,,true,16,false,0,0,true,1.9287,0.0011,19200,2277,0,,,,,,0,,,0,0,2,403,403,0,767543995090,2.153,0,0.027,0,0,406,405,2400,true,0,0,0,0,0,0,12,12,19224,0,0,0,0,0,0,0,0,0,0,0,0,0,,0,0,0,0,0,0,0,0,0,0,0,0,0,0,0,0,0,0,,0,0,0,0,0,0,false,
405,406,29818,false,71,50,1.471,0,1.283,0,dynamic_visual_atlas_upload,,,cell_indirection_lut,1.205,2400,2400,0,0,-1,-1,,1991.701174,3.013,4.027,4.027,1,8,3,1.5,false,2,8.666,,,,,,,,,,,,,,,,,,,,,,,,,,,,,,,,,,,,,,,,,,0,0,0,0,false,0,0,,0,0,0,0,0,0,0,,,,,false,{},{},{},{},{},{},{},0,0,0.277,0,0,0.021,0,0,0,0,0,0.003,0,0,0,0,0,0,100,0,7.069333,518.349,0.081,6.771333,0,0,0,9,9,0,321,0,17,2,0,0,1,2400,0.021,0.025,0,ACTIVE,ACTIVE,,4095,4095,0,,true,16,false,0,0,true,1.8784,0.0011,19200,2280,0,,,,,,0,,,0,0,2,404,404,0,767544015099,3.45,0,0.028,0,0,407,406,2400,true,0,0,0,0,0,0,12,12,55224,0,0,0,0,0,0,0,0,0,0,0,0,0,,0,0,0,0,0,0,0,0,0,0,0,0,0,0,0,0,0,0,,0,0,0,0,0,0,false,
406,407,29839,false,71,50,1.518,0,1.334,0,dynamic_visual_atlas_upload,,,cell_indirection_lut,1.205,2400,2400,0,0,-1,-1,,1991.701174,3.013,4.027,4.027,1,8,3,1.5,false,2,8.666,,,,,,,,,,,,,,,,,,,,,,,,,,,,,,,,,,,,,,,,,,0,0,0,0,false,0,0,,0,0,0,0,0,0,0,,,,,false,{},{},{},{},{},{},{},0,0.001,0.223,0,0,0.018,0,0,0,0,0,0.002,0,0,0,0,0,0,100,0,6.946,518.349,0.081,6.705,0,0,0,9,9,0,321,0,17,2,0,0,1,2400,0.021,0.025,0,ACTIVE,ACTIVE,,4095,4095,0,,true,16,false,0,0,true,2.1533,0.0013,19200,2277,0,,,,,,0,,,0,0,2,405,405,0,767544033354,5.989,0,0.03,0,0,408,407,2400,true,0,0,0,0,0,0,12,12,19224,0,0,0,0,0,0,0,0,0,0,0,0,0,,0,0,0,0,0,0,0,0,0,0,0,0,0,0,0,0,0,0,,0,0,0,0,0,0,false,
407,408,29860,false,71,50,1.543,0,1.327,0,dynamic_visual_atlas_upload,,,cell_indirection_lut,1.205,2400,2400,0,0,-1,-1,,1991.701174,3.013,4.027,4.027,1,8,3,1.5,false,2,8.666,,,,,,,,,,,,,,,,,,,,,,,,,,,,,,,,,,,,,,,,,,0,0,0,0,false,0,0,,0,0,0,0,0,0,0,,,,,false,{},{},{},{},{},{},{},0,0,0.168,0,0,0.015,0,0,0,0,0,0.002,0,0,0,0,0,0,100,0,6.909333,518.349,0.081,6.726333,0,0,0,9,9,0,321,0,17,2,0,0,1,2400,0.021,0.025,0,ACTIVE,ACTIVE,,4095,4095,0,,true,16,false,0,0,true,1.9042,0.001,19200,2280,0,,,,,,0,,,0,0,2,406,406,0,767544053243,6.859,0,0.03,0,0,409,408,2400,true,0,0,0,0,0,0,12,12,19224,0,0,0,0,0,0,0,0,0,0,0,0,0,,0,0,0,0,0,0,0,0,0,0,0,0,0,0,0,0,0,0,,0,0,0,0,0,0,false,
408,409,29880,false,71,50,1.616,0,1.427,0,dynamic_visual_atlas_upload,,,cell_indirection_lut,1.205,2400,2400,0,0,-1,-1,,1991.701174,3.013,4.027,4.027,1,8,3,1.5,false,2,8.666,,,,,,,,,,,,,,,,,,,,,,,,,,,,,,,,,,,,,,,,,,0,0,0,0,false,0,0,,0,0,0,0,0,0,0,,,,,false,{},{},{},{},{},{},{},0,0,0.256,0,0,0.019,0,0,0,0,0,0.004,0,0,0,0,0,0,100,0,6.884333,518.349,0.081,6.609333,0,0,0,9,9,0,321,0,17,2,0,0,1,2400,0.021,0.025,0,ACTIVE,ACTIVE,,4095,4095,0,,true,16,false,0,0,true,2.897,0.0015,21600,2280,0,,,,,,0,,,0,0,2,407,407,0,767544074397,6.333,0,0.033,0,0,410,409,2400,true,0,0,0,0,0,0,12,12,19224,0,0,0,0,0,0,0,0,0,0,0,0,0,,0,0,0,0,0,0,0,0,0,0,0,0,0,0,0,0,0,0,,0,0,0,0,0,0,false,
409,410,29901,false,71,50,1.494,0,1.301,0,dynamic_visual_atlas_upload,,,cell_indirection_lut,1.205,2400,2400,0,0,-1,-1,,1991.701174,3.013,4.027,4.027,1,8,3,1.5,false,2,8.666,,,,,,,,,,,,,,,,,,,,,,,,,,,,,,,,,,,,,,,,,,0,0,0,0,false,0,0,,0,0,0,0,0,0,0,,,,,false,{},{},{},{},{},{},{},0,0,0.252,0,0,0.021,0,0,0,0,0,0.003,0,0,0,0,0,0,100,0,6.811667,518.349,0.081,6.538667,0,0,0,9,9,0,321,0,17,2,0,0,1,2400,0.021,0.025,0,ACTIVE,ACTIVE,,4095,4095,0,,true,16,false,0,0,true,1.8814,0.0015,19200,2277,0,,,,,,0,,,0,0,2,408,408,0,767544094233,6.904,0,0.032,0,0,411,410,2400,true,0,0,0,0,0,0,12,12,21624,0,0,0,0,0,0,0,0,0,0,0,0,0,,0,0,0,0,0,0,0,0,0,0,0,0,0,0,0,0,0,0,,0,0,0,0,0,0,false,
410,411,29926,false,71,50,2.269,0,2.002,0,dynamic_visual_atlas_upload,,,cell_indirection_lut,1.205,2400,2400,0,0,-1,-1,,1991.701174,3.013,4.027,4.027,1,8,3,1.5,false,2,8.666,,,,,,,,,,,,,,,,,,,,,,,,,,,,,,,,,,,,,,,,,,0,0,0,0,false,0,0,,0,0,0,0,0,0,0,,,,,false,{},{},{},{},{},{},{},0,3.969,4.154,0,0,0.019,0,0,0,0,0,0.003,0,0,0,0,0,0,100,0,8.343667,518.349,0.081,4.170667,0,0,0,9,9,0,321,0,17,2,0,0,1,2400,0.021,0.025,0,ACTIVE,ACTIVE,,4095,4095,0,,true,16,false,0,0,true,1.812,0.0011,19200,2280,0,,,,,,0,,,0,0,2,409,409,0,767544113035,13.241,0,0.028,0,0,413,412,2400,true,0,0,0,0,0,0,12,12,19224,0,0,0,0,0,0,0,0,0,0,0,0,0,,0,0,0,0,0,0,0,0,0,0,0,0,0,0,0,0,0,0,,0,0,0,0,0,0,false,
411,412,29936,false,71,50,1.689,0,1.464,0,dynamic_visual_atlas_upload,,,cell_indirection_lut,1.205,2400,2400,0,0,-1,-1,,1991.701174,3.013,4.027,4.027,1,8,3,1.5,false,2,8.666,,,,,,,,,,,,,,,,,,,,,,,,,,,,,,,,,,,,,,,,,,0,0,0,0,false,0,0,,0,0,0,0,0,0,0,,,,,false,{},{},{},{},{},{},{},0,0,0.249,0,0,0.022,0,0,0,0,0,0.004,0,0,0,0,0,0,100,0,4.871,518.349,0.081,4.6,0,0,0,9,9,0,321,0,17,2,0,0,1,2400,0.021,0.025,0,ACTIVE,ACTIVE,,4095,4095,0,,true,16,false,0,0,true,2.098,0.0017,19200,2280,0,,,,,,0,,,0,0,2,410,410,0,767544132224,3.799,0,0.044,0,0,413,412,2400,true,0,0,0,0,0,0,12,12,19224,0,0,0,0,0,0,0,0,0,0,0,0,0,,0,0,0,0,0,0,0,0,0,0,0,0,0,0,0,0,0,0,,0,0,0,0,0,0,false,
412,413,29956,false,71,50,1.507,0,1.29,0,dynamic_visual_atlas_upload,,,cell_indirection_lut,1.205,2400,2400,0,0,-1,-1,,1991.701174,3.013,4.027,4.027,1,8,3,1.5,false,2,8.666,,,,,,,,,,,,,,,,,,,,,,,,,,,,,,,,,,,,,,,,,,0,0,0,0,false,0,0,,0,0,0,0,0,0,0,,,,,false,{},{},{},{},{},{},{},0,0,0.358,0,0,0.02,0,0,0,0,0,0.004,0,0,0,0,0,0,100,0,6.877667,518.349,0.081,6.499667,0,0,0,9,9,0,321,0,17,2,0,0,1,2400,0.021,0.025,0,ACTIVE,ACTIVE,,4095,4095,0,,true,16,false,0,0,true,2.822,0.0023,52800,2280,0,,,,,,0,,,0,0,2,411,411,0,767544151194,5.441,0,0.029,0,0,414,413,2400,true,0,0,0,0,0,0,12,12,19224,0,0,0,0,0,0,0,0,0,0,0,0,0,,0,0,0,0,0,0,0,0,0,0,0,0,0,0,0,0,0,0,,0,0,0,0,0,0,false,
413,414,29977,false,71,50,1.615,0,1.369,0,dynamic_visual_atlas_upload,,,cell_indirection_lut,1.205,2400,2400,0,0,-1,-1,,1991.701174,3.013,4.027,4.027,1,8,3,1.5,false,2,8.666,,,,,,,,,,,,,,,,,,,,,,,,,,,,,,,,,,,,,,,,,,0,0,0,0,false,0,0,,0,0,0,0,0,0,0,,,,,false,{},{},{},{},{},{},{},0,0,0.294,0,0,0.022,0,0,0,0,0,0.003,0,0,0,0,0,0,100,0,6.941,518.349,0.081,6.625,0,0,0,9,9,0,321,0,17,2,0,0,1,2400,0.021,0.025,0,ACTIVE,ACTIVE,,4095,4095,0,,true,16,false,0,0,true,2.6157,0.0023,19200,2280,0,,,,,,0,,,0,0,2,412,412,0,767544172303,5.093,0,0.03,0,0,415,414,2400,true,0,0,0,0,0,0,12,12,52824,0,0,0,0,0,0,0,0,0,0,0,0,0,,0,0,0,0,0,0,0,0,0,0,0,0,0,0,0,0,0,0,,0,0,0,0,0,0,false,
414,415,29998,false,71,50,1.501,0,1.281,0,dynamic_visual_atlas_upload,,,cell_indirection_lut,1.205,2400,2400,0,0,-1,-1,,1991.701174,3.013,4.027,4.027,1,8,3,1.5,false,2,8.666,,,,,,,,,,,,,,,,,,,,,,,,,,,,,,,,,,,,,,,,,,0,0,0,0,false,0,0,,0,0,0,0,0,0,0,,,,,false,{},{},{},{},{},{},{},0,0,0.284,0,0,0.02,0,0,0,0,0,0.003,0,0,0,0,0,0,100,0,6.814,518.349,0.081,6.51,0,0,0,9,9,0,321,0,17,2,0,0,1,2400,0.021,0.025,0,ACTIVE,ACTIVE,,4095,4095,0,,true,16,false,0,0,true,2.4311,0.0017,21600,2280,0,,,,,,0,,,0,0,2,413,413,0,767544192755,5.479,0,0.033,0,0,416,415,2400,true,0,0,0,0,0,0,12,12,19224,0,0,0,0,0,0,0,0,0,0,0,0,0,,0,0,0,0,0,0,0,0,0,0,0,0,0,0,0,0,0,0,,0,0,0,0,0,0,false,
415,416,30018,false,145,50,1.651,0,1.408,0,dynamic_visual_atlas_upload,,,cell_indirection_lut,1.205,2400,2400,0,0,-1,-1,,1991.701174,3.013,4.027,4.027,1,8,3,1.5,false,2,8.666,,,,,,,,,,,,,,,,,,,,,,,,,,,,,,,,,,,,,,,,,,0,0,0,0,false,0,0,,0,0,0,0,0,0,0,,,,,false,{},{},{},{},{},{},{},0,0.001,0.278,0,0,0.019,0,0,0,0,0,0.003,0,0,0,0,0,0,100,0,6.963667,12.501,0.127,6.666667,0,0,0,9,9,0,321,0,17,2,0,0,1,2400,0.021,0.025,0,ACTIVE,ACTIVE,,4095,4095,0,,true,16,false,0,0,true,2.2091,0.0019,19200,2279,0,,,,,,0,,,0,0,2,414,414,0,767544212432,6.282,0,0.034,0,0,417,416,2400,true,0,0,0,0,0,0,12,12,21624,0,0,0,0,0,0,0,0,0,0,0,0,0,,0,0,0,0,0,0,0,0,0,0,0,0,0,0,0,0,0,0,,0,0,0,0,0,0,false,
416,417,30039,false,145,50,1.714,0,1.45,0,dynamic_visual_atlas_upload,,,cell_indirection_lut,1.205,2400,2400,0,0,-1,-1,,1991.701174,3.013,4.027,4.027,1,8,3,1.5,false,2,8.666,,,,,,,,,,,,,,,,,,,,,,,,,,,,,,,,,,,,,,,,,,0,0,0,0,false,0,0,,0,0,0,0,0,0,0,,,,,false,{},{},{},{},{},{},{},0,0,0.3,0,0,0.023,0,0,0,0,0,0.004,0,0,0,0,0,0,100,0,6.967333,12.501,0.127,6.644333,0,0,0,9,9,0,321,0,17,2,0,0,1,2400,0.021,0.025,0,ACTIVE,ACTIVE,,4095,4095,0,,true,16,false,0,0,true,1.9101,0.002,19200,2280,0,,,,,,0,,,0,0,2,415,415,0,767544233431,6.202,0,0.086,0,0,418,417,2400,true,0,0,0,0,0,0,12,12,19224,0,0,0,0,0,0,0,0,0,0,0,0,0,,0,0,0,0,0,0,0,0,0,0,0,0,0,0,0,0,0,0,,0,0,0,0,0,0,false,
417,418,30060,false,145,50,1.724,0,1.36,0,dynamic_visual_atlas_upload,,,cell_indirection_lut,1.205,2400,2400,0,0,-1,-1,,1991.701174,3.013,4.027,4.027,1,8,3,1.5,false,2,8.666,,,,,,,,,,,,,,,,,,,,,,,,,,,,,,,,,,,,,,,,,,0,0,0,0,false,0,0,,0,0,0,0,0,0,0,,,,,false,{},{},{},{},{},{},{},0,0,0.357,0,0,0.021,0,0,0,0,0,0.004,0,0,0,0,0,0,100,0,6.913333,12.501,0.127,6.535333,0,0,0,9,9,0,321,0,17,2,0,0,1,2400,0.021,0.025,0,ACTIVE,ACTIVE,,4095,4095,0,,true,16,false,0,0,true,1.9121,0.0016,19200,2280,0,,,,,,0,,,0,0,2,416,416,0,767544252808,7.595,0,0.034,0,0,419,418,2400,true,0,0,0,0,0,0,12,12,19224,0,0,0,0,0,0,0,0,0,0,0,0,0,,0,0,0,0,0,0,0,0,0,0,0,0,0,0,0,0,0,0,,0,0,0,0,0,0,false,
418,419,30081,false,145,50,1.606,0,1.39,0,dynamic_visual_atlas_upload,,,cell_indirection_lut,1.205,2400,2400,0,0,-1,-1,,1991.701174,3.013,4.027,4.027,1,8,3,1.5,false,2,8.666,,,,,,,,,,,,,,,,,,,,,,,,,,,,,,,,,,,,,,,,,,0,0,0,0,false,0,0,,0,0,0,0,0,0,0,,,,,false,{},{},{},{},{},{},{},0,0,0.284,0,0,0.02,0,0,0,0,0,0.003,0,0,0,0,0,0,100,0,6.807667,12.501,0.127,6.503667,0,0,0,9,9,0,321,0,17,2,0,0,1,2400,0.021,0.025,0,ACTIVE,ACTIVE,,4095,4095,0,,true,16,false,0,0,true,1.8872,0.0013,19200,2278,0,,,,,,0,,,0,0,2,417,417,0,767544271984,8.784,0,0.034,0,0,420,419,2400,true,0,0,0,0,0,0,12,12,19224,0,0,0,0,0,0,0,0,0,0,0,0,0,,0,0,0,0,0,0,0,0,0,0,0,0,0,0,0,0,0,0,,0,0,0,0,0,0,false,
419,420,30094,false,145,50,1.618,0,1.406,0,dynamic_visual_atlas_upload,,,cell_indirection_lut,1.205,2400,2400,0,0,-1,-1,,1991.701174,3.013,4.027,4.027,1,8,3,1.5,false,2,8.666,,,,,,,,,,,,,,,,,,,,,,,,,,,,,,,,,,,,,,,,,,0,0,0,0,false,0,0,,0,0,0,0,0,0,0,,,,,false,{},{},{},{},{},{},{},0.001,0,0.246,0,0,0.021,0,0,0,0,0,0.004,0,0,0,0,0,0,100,0,6.9035,12.501,0.127,6.6365,0,0,0,9,9,0,321,0,17,2,0,0,1,2400,0.021,0.025,0,ACTIVE,ACTIVE,,4095,4095,0,,true,16,false,0,0,true,2.0798,0.0021,19200,2280,0,,,,,,0,,,0,0,2,418,418,0,767544290956,3.67,0,0.031,0,0,421,420,2400,true,0,0,0,0,0,0,12,12,19224,0,0,0,0,0,0,0,0,0,0,0,0,0,,0,0,0,0,0,0,0,0,0,0,0,0,0,0,0,0,0,0,,0,0,0,0,0,0,false,
420,421,30115,false,145,50,1.585,0,1.375,0,dynamic_visual_atlas_upload,,,cell_indirection_lut,1.205,2400,2400,0,0,-1,-1,,1991.701174,3.013,4.027,4.027,1,8,3,1.5,false,2,8.666,,,,,,,,,,,,,,,,,,,,,,,,,,,,,,,,,,,,,,,,,,0,0,0,0,false,0,0,,0,0,0,0,0,0,0,,,,,false,{},{},{},{},{},{},{},0,0,0.246,0,0,0.021,0,0,0,0,0,0.003,0,0,0,0,0,0,100,0,6.878,12.501,0.127,6.611,0,0,0,9,9,0,321,0,17,2,0,0,1,2400,0.021,0.025,0,ACTIVE,ACTIVE,,4095,4095,0,,true,16,false,0,0,true,3.5953,0.002,55200,2280,0,,,,,,0,,,0,0,2,419,419,0,767544310611,4.616,0,0.031,0,0,422,421,2400,true,0,0,0,0,0,0,12,12,19224,0,0,0,0,0,0,0,0,0,0,0,0,0,,0,0,0,0,0,0,0,0,0,0,0,0,0,0,0,0,0,0,,0,0,0,0,0,0,false,
421,422,30136,false,145,50,1.547,0,1.353,0,dynamic_visual_atlas_upload,,,cell_indirection_lut,1.205,2400,2400,0,0,-1,-1,,1991.701174,3.013,4.027,4.027,1,8,3,1.5,false,2,8.666,,,,,,,,,,,,,,,,,,,,,,,,,,,,,,,,,,,,,,,,,,0,0,0,0,false,0,0,,0,0,0,0,0,0,0,,,,,false,{},{},{},{},{},{},{},0,0,0.22,0,0,0.019,0,0,0,0,0,0.003,0,0,0,0,0,0,100,0,6.844333,12.501,0.127,6.605333,0,0,0,9,9,0,321,0,17,2,0,0,1,2400,0.021,0.025,0,ACTIVE,ACTIVE,,4095,4095,0,,true,16,false,0,0,true,2.5653,0.0021,19200,2280,0,,,,,,0,,,0,0,2,420,420,0,767544332264,3.48,0,0.034,0,0,423,422,2400,true,0,0,0,0,0,0,12,12,55224,0,0,0,0,0,0,0,0,0,0,0,0,0,,0,0,0,0,0,0,0,0,0,0,0,0,0,0,0,0,0,0,,0,0,0,0,0,0,false,
422,423,30157,false,145,50,1.582,0,1.364,0,dynamic_visual_atlas_upload,,,cell_indirection_lut,1.205,2400,2400,0,0,-1,-1,,1991.701174,3.013,4.027,4.027,1,8,3,1.5,false,2,8.666,,,,,,,,,,,,,,,,,,,,,,,,,,,,,,,,,,,,,,,,,,0,0,0,0,false,0,0,,0,0,0,0,0,0,0,,,,,false,{},{},{},{},{},{},{},0,0,0.349,0,0,0.023,0,0,0,0,0,0.004,0,0,0,0,0,0,100,0,7.080667,12.501,0.127,6.708667,0,0,0,9,9,0,321,0,17,2,0,0,1,2400,0.021,0.025,0,ACTIVE,ACTIVE,,4095,4095,0,,true,16,false,0,0,true,2.2669,0.0023,24000,2280,0,,,,,,0,,,0,0,2,421,421,0,767544353868,3.135,0,0.03,0,0,424,423,2400,true,0,0,0,0,0,0,12,12,19224,0,0,0,0,0,0,0,0,0,0,0,0,0,,0,0,0,0,0,0,0,0,0,0,0,0,0,0,0,0,0,0,,0,0,0,0,0,0,false,
423,424,30177,false,145,50,1.57,0,1.351,0,dynamic_visual_atlas_upload,,,cell_indirection_lut,1.205,2400,2400,0,0,-1,-1,,1991.701174,3.013,4.027,4.027,1,8,3,1.5,false,2,8.666,,,,,,,,,,,,,,,,,,,,,,,,,,,,,,,,,,,,,,,,,,0,0,0,0,false,0,0,,0,0,0,0,0,0,0,,,,,false,{},{},{},{},{},{},{},0,0,0.254,0,0,0.02,0,0,0,0,0,0.003,0,0,0,0,0,0,100,0,6.752667,12.501,0.127,6.478667,0,0,0,9,9,0,321,0,17,2,0,0,1,2400,0.021,0.025,0,ACTIVE,ACTIVE,,4095,4095,0,,true,16,false,0,0,true,1.9413,0.0013,19200,2280,0,,,,,,0,,,0,0,2,422,422,0,767544372896,4.372,0,0.037,0,0,425,424,2400,true,0,0,0,0,0,0,12,12,24024,0,0,0,0,0,0,0,0,0,0,0,0,0,,0,0,0,0,0,0,0,0,0,0,0,0,0,0,0,0,0,0,,0,0,0,0,0,0,false,
424,425,30198,false,145,50,1.5,0,1.3,0,dynamic_visual_atlas_upload,,,cell_indirection_lut,1.205,2400,2400,0,0,-1,-1,,1991.701174,3.013,4.027,4.027,1,8,3,1.5,false,2,8.666,,,,,,,,,,,,,,,,,,,,,,,,,,,,,,,,,,,,,,,,,,0,0,0,0,false,0,0,,0,0,0,0,0,0,0,,,,,false,{},{},{},{},{},{},{},0,0,0.271,0,0,0.019,0,0,0,0,0,0.003,0,0,0,0,0,0,100,0,6.905667,12.501,0.127,6.615667,0,0,0,9,9,0,321,0,17,2,0,0,1,2400,0.021,0.025,0,ACTIVE,ACTIVE,,4095,4095,0,,true,16,false,0,0,true,1.9658,0.0011,19200,2278,0,,,,,,0,,,0,0,2,423,423,0,767544392176,5.814,0,0.03,0,0,426,425,2400,true,0,0,0,0,0,0,12,12,19224,0,0,0,0,0,0,0,0,0,0,0,0,0,,0,0,0,0,0,0,0,0,0,0,0,0,0,0,0,0,0,0,,0,0,0,0,0,0,false,
425,426,30219,false,145,50,1.76,0,1.552,0,dynamic_visual_atlas_upload,,,cell_indirection_lut,1.205,2400,2400,0,0,-1,-1,,1991.701174,3.013,4.027,4.027,1,8,3,1.5,false,2,8.666,,,,,,,,,,,,,,,,,,,,,,,,,,,,,,,,,,,,,,,,,,0,0,0,0,false,0,0,,0,0,0,0,0,0,0,,,,,false,{},{},{},{},{},{},{},0,0,0.235,0,0,0.02,0,0,0,0,0,0.004,0,0,0,0,0,0,100,0,6.962,12.501,0.127,6.707,0,0,0,9,9,0,321,0,17,2,0,0,1,2400,0.021,0.025,0,ACTIVE,ACTIVE,,4095,4095,0,,true,16,false,0,0,true,1.8482,0.0009,19200,2280,0,,,,,,0,,,0,0,2,424,424,0,767544411245,7.594,0,0.029,0,0,427,426,2400,true,0,0,0,0,0,0,12,12,19224,0,0,0,0,0,0,0,0,0,0,0,0,0,,0,0,0,0,0,0,0,0,0,0,0,0,0,0,0,0,0,0,,0,0,0,0,0,0,false,
426,427,30239,false,145,50,1.489,0,1.294,0,dynamic_visual_atlas_upload,,,cell_indirection_lut,1.205,2400,2400,0,0,-1,-1,,1991.701174,3.013,4.027,4.027,1,8,3,1.5,false,2,8.666,,,,,,,,,,,,,,,,,,,,,,,,,,,,,,,,,,,,,,,,,,0,0,0,0,false,0,0,,0,0,0,0,0,0,0,,,,,false,{},{},{},{},{},{},{},0,0.001,0.255,0,0,0.02,0,0,0,0,0,0.004,0,0,0,0,0,0,100,0,6.801667,12.501,0.127,6.526667,0,0,0,9,9,0,321,0,17,2,0,0,1,2400,0.021,0.025,0,ACTIVE,ACTIVE,,4095,4095,0,,true,16,false,0,0,true,2.5375,0.0015,21600,2280,0,,,,,,0,,,0,0,2,425,425,0,767544431364,7.878,0,0.029,0,0,428,427,2400,true,0,0,0,0,0,0,12,12,19224,0,0,0,0,0,0,0,0,0,0,0,0,0,,0,0,0,0,0,0,0,0,0,0,0,0,0,0,0,0,0,0,,0,0,0,0,0,0,false,
427,428,30253,false,145,50,1.49,0,1.31,0,dynamic_visual_atlas_upload,,,cell_indirection_lut,1.205,2400,2400,0,0,-1,-1,,1991.701174,3.013,4.027,4.027,1,8,3,1.5,false,2,8.666,,,,,,,,,,,,,,,,,,,,,,,,,,,,,,,,,,,,,,,,,,0,0,0,0,false,0,0,,0,0,0,0,0,0,0,,,,,false,{},{},{},{},{},{},{},0,0,0.251,0,0,0.021,0,0,0,0,0,0.004,0,0,0,0,0,0,100,0,6.883,12.501,0.127,6.611,0,0,0,9,9,0,321,0,17,2,0,0,1,2400,0.021,0.025,0,ACTIVE,ACTIVE,,4095,4095,0,,true,16,false,0,0,true,1.8911,0.0011,19200,2277,0,,,,,,0,,,0,0,2,426,426,0,767544450784,2.239,0,0.029,0,0,429,428,2400,true,0,0,0,0,0,0,12,12,21624,0,0,0,0,0,0,0,0,0,0,0,0,0,,0,0,0,0,0,0,0,0,0,0,0,0,0,0,0,0,0,0,,0,0,0,0,0,0,false,
428,429,30274,false,145,50,1.82,0,1.632,0,dynamic_visual_atlas_upload,,,cell_indirection_lut,1.205,2400,2400,0,0,-1,-1,,1991.701174,3.013,4.027,4.027,1,8,3,1.5,false,2,8.666,,,,,,,,,,,,,,,,,,,,,,,,,,,,,,,,,,,,,,,,,,0,0,0,0,false,0,0,,0,0,0,0,0,0,0,,,,,false,{},{},{},{},{},{},{},0,0.001,0.238,0,0,0.019,0,0,0,0,0,0.004,0,0,0,0,0,0,100,0,7.137,12.501,0.127,6.88,0,0,0,9,9,0,321,0,17,2,0,0,1,2400,0.021,0.025,0,ACTIVE,ACTIVE,,4095,4095,0,,true,16,false,0,0,true,3.0647,0.0018,52800,2280,0,,,,,,0,,,0,0,2,427,427,0,767544469229,5.187,0,0.028,0,0,430,429,2400,true,0,0,0,0,0,0,12,12,19224,0,0,0,0,0,0,0,0,0,0,0,0,0,,0,0,0,0,0,0,0,0,0,0,0,0,0,0,0,0,0,0,,0,0,0,0,0,0,false,
429,430,30294,false,145,50,1.773,0,1.548,0,dynamic_visual_atlas_upload,,,cell_indirection_lut,1.205,2400,2400,0,0,-1,-1,,1991.701174,3.013,4.027,4.027,1,8,3,1.5,false,2,8.666,,,,,,,,,,,,,,,,,,,,,,,,,,,,,,,,,,,,,,,,,,0,0,0,0,false,0,0,,0,0,0,0,0,0,0,,,,,false,{},{},{},{},{},{},{},0,0,0.239,0,0,0.02,0,0,0,0,0,0.003,0,0,0,0,0,0,100,0,6.757,12.501,0.127,6.498,0,0,0,9,9,0,321,0,17,2,0,0,1,2400,0.021,0.025,0,ACTIVE,ACTIVE,,4095,4095,0,,true,16,false,0,0,true,1.9487,0.0015,19200,2280,0,,,,,,0,,,0,0,2,428,428,0,767544491093,3.617,0,0.027,0,0,431,430,2400,true,0,0,0,0,0,0,12,12,52824,0,0,0,0,0,0,0,0,0,0,0,0,0,,0,0,0,0,0,0,0,0,0,0,0,0,0,0,0,0,0,0,,0,0,0,0,0,0,false,
430,431,30315,false,145,50,1.43,0,1.267,0,dynamic_visual_atlas_upload,,,cell_indirection_lut,1.205,2400,2400,0,0,-1,-1,,1991.701174,3.013,4.027,4.027,1,8,3,1.5,false,2,8.666,,,,,,,,,,,,,,,,,,,,,,,,,,,,,,,,,,,,,,,,,,0,0,0,0,false,0,0,,0,0,0,0,0,0,0,,,,,false,{},{},{},{},{},{},{},0,0,0.173,0,0,0.018,0,0,0,0,0,0.003,0,0,0,0,0,0,100,0,6.727667,12.501,0.127,6.536667,0,0,0,9,9,0,321,0,17,2,0,0,1,2400,0.021,0.025,0,ACTIVE,ACTIVE,,4095,4095,0,,true,16,false,0,0,true,2.4593,0.0019,19200,2279,0,,,,,,0,,,0,0,2,429,429,0,767544511064,3.8,0,0.029,0,0,432,431,2400,true,0,0,0,0,0,0,12,12,19224,0,0,0,0,0,0,0,0,0,0,0,0,0,,0,0,0,0,0,0,0,0,0,0,0,0,0,0,0,0,0,0,,0,0,0,0,0,0,false,
431,432,30336,false,145,50,1.854,0,1.583,0,dynamic_visual_atlas_upload,,,cell_indirection_lut,1.205,2400,2400,0,0,-1,-1,,1991.701174,3.013,4.027,4.027,1,8,3,1.5,false,2,8.666,,,,,,,,,,,,,,,,,,,,,,,,,,,,,,,,,,,,,,,,,,0,0,0,0,false,0,0,,0,0,0,0,0,0,0,,,,,false,{},{},{},{},{},{},{},0,0,0.239,0,0,0.02,0,0,0,0,0,0.004,0,0,0,0,0,0,100,0,7.204,12.501,0.127,6.945,0,0,0,9,9,0,321,0,17,2,0,0,1,2400,0.021,0.025,0,ACTIVE,ACTIVE,,4095,4095,0,,true,16,false,0,0,true,1.9523,0.0013,19200,2280,0,,,,,,0,,,0,0,2,430,430,0,767544531151,5.426,0,0.027,0,0,433,432,2400,true,0,0,0,0,0,0,12,12,19224,0,0,0,0,0,0,0,0,0,0,0,0,0,,0,0,0,0,0,0,0,0,0,0,0,0,0,0,0,0,0,0,,0,0,0,0,0,0,false,
432,433,30356,false,145,50,1.52,0,1.334,0,dynamic_visual_atlas_upload,,,cell_indirection_lut,1.205,2400,2400,0,0,-1,-1,,1991.701174,3.013,4.027,4.027,1,8,3,1.5,false,2,8.666,,,,,,,,,,,,,,,,,,,,,,,,,,,,,,,,,,,,,,,,,,0,0,0,0,false,0,0,,0,0,0,0,0,0,0,,,,,false,{},{},{},{},{},{},{},0,0,0.178,0,0,0.014,0,0,0,0,0,0.002,0,0,0,0,0,0,100,0,6.714,12.501,0.127,6.522,0,0,0,9,9,0,321,0,17,2,0,0,1,2400,0.021,0.025,0,ACTIVE,ACTIVE,,4095,4095,0,,true,16,false,0,0,true,2.5796,0.0011,21600,2280,0,,,,,,0,,,0,0,2,431,431,0,767544550297,6.441,0,0.042,0,0,434,433,2400,true,0,0,0,0,0,0,12,12,19224,0,0,0,0,0,0,0,0,0,0,0,0,0,,0,0,0,0,0,0,0,0,0,0,0,0,0,0,0,0,0,0,,0,0,0,0,0,0,false,
433,434,30377,false,145,50,1.601,0,1.384,0,dynamic_visual_atlas_upload,,,cell_indirection_lut,1.205,2400,2400,0,0,-1,-1,,1991.701174,3.013,4.027,4.027,1,8,3,1.5,false,2,8.666,,,,,,,,,,,,,,,,,,,,,,,,,,,,,,,,,,,,,,,,,,0,0,0,0,false,0,0,,0,0,0,0,0,0,0,,,,,false,{},{},{},{},{},{},{},0,0,0.295,0,0,0.025,0,0,0,0,0,0.004,0,0,0,0,0,0,100,0,6.979,12.501,0.127,6.659,0,0,0,9,9,0,321,0,17,2,0,0,1,2400,0.021,0.025,0,ACTIVE,ACTIVE,,4095,4095,0,,true,16,false,0,0,true,2.1844,0.0015,19200,2279,0,,,,,,0,,,0,0,2,432,432,0,767544569833,7.758,0,0.032,0,0,435,434,2400,true,0,0,0,0,0,0,12,12,21624,0,0,0,0,0,0,0,0,0,0,0,0,0,,0,0,0,0,0,0,0,0,0,0,0,0,0,0,0,0,0,0,,0,0,0,0,0,0,false,
434,435,30398,false,145,50,1.52,0,1.307,0,dynamic_visual_atlas_upload,,,cell_indirection_lut,1.205,2400,2400,0,0,-1,-1,,1991.701174,3.013,4.027,4.027,1,8,3,1.5,false,2,8.666,,,,,,,,,,,,,,,,,,,,,,,,,,,,,,,,,,,,,,,,,,0,0,0,0,false,0,0,,0,0,0,0,0,0,0,,,,,false,{},{},{},{},{},{},{},0,0,0.289,0,0,0.022,0,0,0,0,0,0.004,0,0,0,0,0,0,100,0,6.956667,12.501,0.127,6.645667,0,0,0,9,9,0,321,0,17,2,0,0,1,2400,0.021,0.025,0,ACTIVE,ACTIVE,,4095,4095,0,,true,16,false,0,0,true,1.9176,0.0013,19200,2280,0,,,,,,0,,,0,0,2,433,433,0,767544589012,9.437,0,0.028,0,0,436,435,2400,true,0,0,0,0,0,0,12,12,19224,0,0,0,0,0,0,0,0,0,0,0,0,0,,0,0,0,0,0,0,0,0,0,0,0,0,0,0,0,0,0,0,,0,0,0,0,0,0,false,
435,436,30411,false,145,50,1.461,0,1.308,0,dynamic_visual_atlas_upload,,,cell_indirection_lut,1.205,2400,2400,0,0,-1,-1,,1991.701174,3.013,4.027,4.027,1,8,3,1.5,false,2,8.666,,,,,,,,,,,,,,,,,,,,,,,,,,,,,,,,,,,,,,,,,,0,0,0,0,false,0,0,,0,0,0,0,0,0,0,,,,,false,{},{},{},{},{},{},{},0,0,0.173,0,0,0.017,0,0,0,0,0,0.003,0,0,0,0,0,0,100,0,6.514,12.501,0.127,6.324,0,0,0,9,9,0,321,0,17,2,0,0,1,2400,0.021,0.025,0,ACTIVE,ACTIVE,,4095,4095,0,,true,16,false,0,0,true,1.8352,0.0009,19200,2280,0,,,,,,0,,,0,0,2,434,434,0,767544607963,3.5,0,0.029,0,0,437,436,2400,true,0,0,0,0,0,0,12,12,19224,0,0,0,0,0,0,0,0,0,0,0,0,0,,0,0,0,0,0,0,0,0,0,0,0,0,0,0,0,0,0,0,,0,0,0,0,0,0,false,
436,437,30432,false,145,50,1.629,0,1.397,0,dynamic_visual_atlas_upload,,,cell_indirection_lut,1.205,2400,2400,0,0,-1,-1,,1991.701174,3.013,4.027,4.027,1,8,3,1.5,false,2,8.666,,,,,,,,,,,,,,,,,,,,,,,,,,,,,,,,,,,,,,,,,,0,0,0,0,false,0,0,,0,0,0,0,0,0,0,,,,,false,{},{},{},{},{},{},{},0,0,0.227,0,0,0.019,0,0,0,0,0,0.003,0,0,0,0,0,0,100,0,7.019667,12.501,0.127,6.773667,0,0,0,9,9,0,321,0,17,2,0,0,1,2400,0.021,0.025,0,ACTIVE,ACTIVE,,4095,4095,0,,true,16,false,0,0,true,2.8064,0.0014,52800,2280,0,,,,,,0,,,0,0,2,435,435,0,767544626904,5.625,0,0.03,0,0,438,437,2400,true,0,0,0,0,0,0,12,12,19224,0,0,0,0,0,0,0,0,0,0,0,0,0,,0,0,0,0,0,0,0,0,0,0,0,0,0,0,0,0,0,0,,0,0,0,0,0,0,false,
437,438,30449,false,145,50,1.521,0,1.346,0,dynamic_visual_atlas_upload,,,cell_indirection_lut,1.205,2400,2400,0,0,-1,-1,,1991.701174,3.013,4.027,4.027,1,8,3,1.5,false,2,8.666,,,,,,,,,,,,,,,,,,,,,,,,,,,,,,,,,,,,,,,,,,0,0,0,0,false,0,0,,0,0,0,0,0,0,0,,,,,false,{},{},{},{},{},{},{},0,2.893,3.071,0,0,0.017,0,0,0,0,0,0.003,0,0,0,0,0,0,100,0,8.277,12.501,0.127,5.189,0,0,0,9,9,0,321,0,17,2,0,0,1,2400,0.021,0.025,0,ACTIVE,ACTIVE,,4095,4095,0,,true,16,false,0,0,true,1.987,0.0011,19200,2280,0,,,,,,0,,,0,0,2,436,436,0,767544646398,2.719,0,0.032,0,0,439,438,2400,true,0,0,0,0,0,0,12,12,52824,0,0,0,0,0,0,0,0,0,0,0,0,0,,0,0,0,0,0,0,0,0,0,0,0,0,0,0,0,0,0,0,,0,0,0,0,0,0,false,
438,439,30470,false,145,50,1.398,0,1.246,0,dynamic_visual_atlas_upload,,,cell_indirection_lut,1.205,2400,2400,0,0,-1,-1,,1991.701174,3.013,4.027,4.027,1,8,3,1.5,false,2,8.666,,,,,,,,,,,,,,,,,,,,,,,,,,,,,,,,,,,,,,,,,,0,0,0,0,false,0,0,,0,0,0,0,0,0,0,,,,,false,{},{},{},{},{},{},{},0,3.306,3.472,0,0,0.018,0,0,0,0,0,0.003,0,0,0,0,0,0,100,0,6.955333,12.501,0.127,3.465333,0,0,0,9,9,0,321,0,17,2,0,0,1,2400,0.021,0.025,0,ACTIVE,ACTIVE,,4095,4095,0,,true,16,false,0,0,true,2.4442,0.0009,21600,2280,0,,,,,,0,,,0,0,2,437,437,0,767544664746,5.199,0,0.03,0,0,440,439,2400,true,0,0,0,0,0,0,12,12,19224,0,0,0,0,0,0,0,0,0,0,0,0,0,,0,0,0,0,0,0,0,0,0,0,0,0,0,0,0,0,0,0,,0,0,0,0,0,0,false,
439,440,30491,false,145,50,1.773,0,1.427,0,dynamic_visual_atlas_upload,,,cell_indirection_lut,1.205,2400,2400,0,0,-1,-1,,1991.701174,3.013,4.027,4.027,1,8,3,1.5,false,2,8.666,,,,,,,,,,,,,,,,,,,,,,,,,,,,,,,,,,,,,,,,,,0,0,0,0,false,0,0,,0,0,0,0,0,0,0,,,,,false,{},{},{},{},{},{},{},0,3.374,3.548,0,0,0.018,0,0,0,0,0,0.003,0,0,0,0,0,0,100,0,6.976667,12.501,0.127,3.410667,0,0,0,9,9,0,321,0,17,2,0,0,1,2400,0.021,0.025,0,ACTIVE,ACTIVE,,4095,4095,0,,true,16,false,0,0,true,1.9466,0.0008,19200,2279,0,,,,,,0,,,0,0,2,438,438,0,767544684452,6.471,0,0.027,0,0,441,440,2400,true,0,0,0,0,0,0,12,12,21624,0,0,0,0,0,0,0,0,0,0,0,0,0,,0,0,0,0,0,0,0,0,0,0,0,0,0,0,0,0,0,0,,0,0,0,0,0,0,false,
440,441,30511,false,145,50,1.53,0,1.349,0,dynamic_visual_atlas_upload,,,cell_indirection_lut,1.205,2400,2400,0,0,-1,-1,,1991.701174,3.013,4.027,4.027,1,8,3,1.5,false,2,8.666,,,,,,,,,,,,,,,,,,,,,,,,,,,,,,,,,,,,,,,,,,0,0,0,0,false,0,0,,0,0,0,0,0,0,0,,,,,false,{},{},{},{},{},{},{},0,3.217,3.375,0,0,0.015,0,0,0,0,0,0.003,0,0,0,0,0,0,100,0,6.774333,12.501,0.127,3.384333,0,0,0,9,9,0,321,0,17,2,0,0,1,2400,0.021,0.025,0,ACTIVE,ACTIVE,,4095,4095,0,,true,16,false,0,0,true,1.8295,0.0009,19200,2279,0,,,,,,0,,,0,0,2,439,439,0,767544703481,7.75,0,0.033,0,0,442,441,2400,true,0,0,0,0,0,0,12,12,19224,0,0,0,0,0,0,0,0,0,0,0,0,0,,0,0,0,0,0,0,0,0,0,0,0,0,0,0,0,0,0,0,,0,0,0,0,0,0,false,
441,442,30525,false,145,50,1.498,0,1.32,0,dynamic_visual_atlas_upload,,,cell_indirection_lut,1.205,2400,2400,0,0,-1,-1,,1991.701174,3.013,4.027,4.027,1,8,3,1.5,false,2,8.666,,,,,,,,,,,,,,,,,,,,,,,,,,,,,,,,,,,,,,,,,,0,0,0,0,false,0,0,,0,0,0,0,0,0,0,,,,,false,{},{},{},{},{},{},{},0,3.42,3.59,0,0,0.017,0,0,0,0,0,0.003,0,0,0,0,0,0,100,0,7.087,12.501,0.127,3.48,0,0,0,9,9,0,321,0,17,2,0,0,1,2400,0.021,0.025,0,ACTIVE,ACTIVE,,4095,4095,0,,true,16,false,0,0,true,1.8725,0.0009,19200,2279,0,,,,,,0,,,0,0,2,440,440,0,767544722426,2.994,0,0.03,0,0,443,442,2400,true,0,0,0,0,0,0,12,12,19224,0,0,0,0,0,0,0,0,0,0,0,0,0,,0,0,0,0,0,0,0,0,0,0,0,0,0,0,0,0,0,0,,0,0,0,0,0,0,false,
442,443,30546,false,145,50,1.414,0,1.256,0,dynamic_visual_atlas_upload,,,cell_indirection_lut,1.205,2400,2400,0,0,-1,-1,,1991.701174,3.013,4.027,4.027,1,8,3,1.5,false,2,8.666,,,,,,,,,,,,,,,,,,,,,,,,,,,,,,,,,,,,,,,,,,0,0,0,0,false,0,0,,0,0,0,0,0,0,0,,,,,false,{},{},{},{},{},{},{},0,3.243,3.415,0,0,0.017,0,0,0,0,0,0.003,0,0,0,0,0,0,100,0,6.793,12.501,0.127,3.361,0,0,0,9,9,0,321,0,17,2,0,0,1,2400,0.021,0.025,0,ACTIVE,ACTIVE,,4095,4095,0,,true,16,false,0,0,true,2.0001,0.0011,19200,2267,0,,,,,,0,,,0,0,2,441,441,0,767544740832,4.906,0,0.031,0,0,444,443,2400,true,0,0,0,0,0,0,12,12,19224,0,0,0,0,0,0,0,0,0,0,0,0,0,,0,0,0,0,0,0,0,0,0,0,0,0,0,0,0,0,0,0,,0,0,0,0,0,0,false,
443,444,30567,false,145,50,1.485,0,1.349,0,dynamic_visual_atlas_upload,,,cell_indirection_lut,1.205,2400,2400,0,0,-1,-1,,1991.701174,3.013,4.027,4.027,1,8,3,1.5,false,2,8.666,,,,,,,,,,,,,,,,,,,,,,,,,,,,,,,,,,,,,,,,,,0,0,0,0,false,0,0,,0,0,0,0,0,0,0,,,,,false,{},{},{},{},{},{},{},0,4.402,4.578,0,0,0.022,0,0,0,0,0,0.003,0,0,0,0,0,0,100,0,7.283667,12.501,0.127,2.683667,0,0,0,9,9,0,321,0,17,2,0,0,1,2400,0.021,0.025,0,ACTIVE,ACTIVE,,4095,4095,0,,true,16,false,0,0,true,2.1656,0.0011,19200,2279,0,,,,,,0,,,0,0,2,442,442,0,767544759284,8.302,0,0.029,0,0,445,444,2400,true,0,0,0,0,0,0,12,12,19224,0,0,0,0,0,0,0,0,0,0,0,0,0,,0,0,0,0,0,0,0,0,0,0,0,0,0,0,0,0,0,0,,0,0,0,0,0,0,false,
444,445,30592,false,145,50,1.492,0,1.31,0,dynamic_visual_atlas_upload,,,cell_indirection_lut,1.205,2400,2400,0,0,-1,-1,,1991.701174,3.013,4.027,4.027,1,8,3,1.5,false,2,8.666,,,,,,,,,,,,,,,,,,,,,,,,,,,,,,,,,,,,,,,,,,0,0,0,0,false,0,0,,0,0,0,0,0,0,0,,,,,false,{},{},{},{},{},{},{},0,7.659,7.987,0,0,0.013,0,0,0,0,0,0.003,0,0,0,0,0,0,100,0,8.073333,12.501,0.127,0.073333,0,0,0,9,9,0,321,0,17,2,0,0,1,2400,0.021,0.025,0,ACTIVE,ACTIVE,,4095,4095,0,,true,16,false,0,0,true,3.2988,0.0009,55200,2280,0,,,,,,0,,,0,0,2,443,443,0,767544778062,13.758,0,0.03,0,0,446,445,2400,true,0,0,0,0,0,0,12,12,19224,0,0,0,0,0,0,0,0,0,0,0,0,0,,0,0,0,0,0,0,0,0,0,0,0,0,0,0,0,0,0,0,,0,0,0,0,0,0,false,
445,446,30607,false,145,50,1.412,0,1.268,0,dynamic_visual_atlas_upload,,,cell_indirection_lut,1.205,2400,2400,0,0,-1,-1,,1991.701174,3.013,4.027,4.027,1,8,3,1.5,false,2,8.666,,,,,,,,,,,,,,,,,,,,,,,,,,,,,,,,,,,,,,,,,,0,0,0,0,false,0,0,,0,0,0,0,0,0,0,,,,,false,{},{},{},{},{},{},{},0,3.438,3.593,0,0,0.011,0,0,0,0,0,0.002,0,0,0,0,0,0,100,0,5.281333,12.501,0.127,1.677333,0,0,0,9,9,0,321,0,17,2,0,0,1,2400,0.021,0.025,0,ACTIVE,ACTIVE,,4095,4095,0,,true,16,false,0,0,true,1.8294,0.0009,19200,2280,0,,,,,,0,,,0,0,2,444,444,0,767544798564,9.091,0,0.029,0,0,447,446,2400,true,0,0,0,0,0,0,12,12,55224,0,0,0,0,0,0,0,0,0,0,0,0,0,,0,0,0,0,0,0,0,0,0,0,0,0,0,0,0,0,0,0,,0,0,0,0,0,0,false,
446,447,30628,false,145,50,1.43,0,1.283,0,dynamic_visual_atlas_upload,,,cell_indirection_lut,1.205,2400,2400,0,0,-1,-1,,1991.701174,3.013,4.027,4.027,1,8,3,1.5,false,2,8.666,,,,,,,,,,,,,,,,,,,,,,,,,,,,,,,,,,,,,,,,,,0,0,0,0,false,0,0,,0,0,0,0,0,0,0,,,,,false,{},{},{},{},{},{},{},0,3.297,3.474,0,0,0.018,0,0,0,0,0,0.003,0,0,0,0,0,0,100,0,6.925667,12.501,0.127,3.433667,0,0,0,9,9,0,321,0,17,2,0,0,1,2400,0.021,0.025,0,ACTIVE,ACTIVE,,4095,4095,0,,true,16,false,0,0,true,2.0912,0.001,19200,2280,0,,,,,,0,,,0,0,2,445,445,0,767544817075,11.407,0,0.028,0,0,448,447,2400,true,0,0,0,0,0,0,12,12,19224,0,0,0,0,0,0,0,0,0,0,0,0,0,,0,0,0,0,0,0,0,0,0,0,0,0,0,0,0,0,0,0,,0,0,0,0,0,0,false,
447,448,30639,false,145,50,1.602,0,1.411,0,dynamic_visual_atlas_upload,,,cell_indirection_lut,1.205,2400,2400,0,0,-1,-1,,1991.701174,3.013,4.027,4.027,1,8,3,1.5,false,2,8.666,,,,,,,,,,,,,,,,,,,,,,,,,,,,,,,,,,,,,,,,,,0,0,0,0,false,0,0,,0,0,0,0,0,0,0,,,,,false,{},{},{},{},{},{},{},0,0.001,0.249,0,0,0.019,0,0,0,0,0,0.003,0,0,0,0,0,0,100,0,5.562,12.501,0.127,5.294,0,0,0,9,9,0,321,0,17,2,0,0,1,2400,0.021,0.025,0,ACTIVE,ACTIVE,,4095,4095,0,,true,16,false,0,0,true,1.8692,0.0011,19200,2280,0,,,,,,0,,,0,0,2,446,446,0,767544835225,4.443,0,0.027,0,0,448,447,2400,true,0,0,0,0,0,0,12,12,19224,0,0,0,0,0,0,0,0,0,0,0,0,0,,0,0,0,0,0,0,0,0,0,0,0,0,0,0,0,0,0,0,,0,0,0,0,0,0,false,
448,449,30660,false,145,50,1.384,0,1.237,0,dynamic_visual_atlas_upload,,,cell_indirection_lut,1.205,2400,2400,0,0,-1,-1,,1991.701174,3.013,4.027,4.027,1,8,3,1.5,false,2,8.666,,,,,,,,,,,,,,,,,,,,,,,,,,,,,,,,,,,,,,,,,,0,0,0,0,false,0,0,,0,0,0,0,0,0,0,,,,,false,{},{},{},{},{},{},{},0,0,0.167,0,0,0.017,0,0,0,0,0,0.003,0,0,0,0,0,0,100,0,6.755333,12.501,0.127,6.571333,0,0,0,9,9,0,321,0,17,2,0,0,1,2400,0.021,0.025,0,ACTIVE,ACTIVE,,4095,4095,0,,true,16,false,0,0,true,1.8943,0.0011,19200,2280,0,,,,,,0,,,0,0,2,447,447,0,767544854994,4.848,0,0.032,0,0,449,448,2400,true,0,0,0,0,0,0,12,12,19224,0,0,0,0,0,0,0,0,0,0,0,0,0,,0,0,0,0,0,0,0,0,0,0,0,0,0,0,0,0,0,0,,0,0,0,0,0,0,false,
449,450,30681,false,145,50,1.659,0,1.443,0,dynamic_visual_atlas_upload,,,cell_indirection_lut,1.205,2400,2400,0,0,-1,-1,,1991.701174,3.013,4.027,4.027,1,8,3,1.5,false,2,8.666,,,,,,,,,,,,,,,,,,,,,,,,,,,,,,,,,,,,,,,,,,0,0,0,0,false,0,0,,0,0,0,0,0,0,0,,,,,false,{},{},{},{},{},{},{},0,0,0.223,0,0,0.016,0,0,0,0,0,0.003,0,0,0,0,0,0,100,0,7.079667,12.501,0.127,6.840667,0,0,0,9,9,0,321,0,17,2,0,0,1,2400,0.021,0.025,0,ACTIVE,ACTIVE,,4095,4095,0,,true,16,false,0,0,true,1.7862,0.0011,19200,2280,0,,,,,,0,,,0,0,2,448,448,0,767544873341,7.749,0,0.027,0,0,450,449,2400,true,0,0,0,0,0,0,12,12,19224,0,0,0,0,0,0,0,0,0,0,0,0,0,,0,0,0,0,0,0,0,0,0,0,0,0,0,0,0,0,0,0,,0,0,0,0,0,0,false,
450,451,30694,false,145,50,1.391,0,1.257,0,dynamic_visual_atlas_upload,,,cell_indirection_lut,1.205,2400,2400,0,0,-1,-1,,1991.701174,3.013,4.027,4.027,1,8,3,1.5,false,2,8.666,,,,,,,,,,,,,,,,,,,,,,,,,,,,,,,,,,,,,,,,,,0,0,0,0,false,0,0,,0,0,0,0,0,0,0,,,,,false,{},{},{},{},{},{},{},0.001,0,0.188,0,0,0.018,0,0,0,0,0,0.003,0,0,0,0,0,0,100,0,6.642,12.501,0.127,6.436,0,0,0,9,9,0,321,0,17,2,0,0,1,2400,0.021,0.025,0,ACTIVE,ACTIVE,,4095,4095,0,,true,16,false,0,0,true,2.3535,0.0009,21600,2280,0,,,,,,0,,,0,0,2,449,449,0,767544891642,2.682,0,0.032,0,0,451,450,2400,true,0,0,0,0,0,0,12,12,19224,0,0,0,0,0,0,0,0,0,0,0,0,0,,0,0,0,0,0,0,0,0,0,0,0,0,0,0,0,0,0,0,,0,0,0,0,0,0,false,
451,452,30715,false,145,50,1.459,0,1.296,0,dynamic_visual_atlas_upload,,,cell_indirection_lut,1.205,2400,2400,0,0,-1,-1,,1991.701174,3.013,4.027,4.027,1,8,3,1.5,false,2,8.666,,,,,,,,,,,,,,,,,,,,,,,,,,,,,,,,,,,,,,,,,,0,0,0,0,false,0,0,,0,0,0,0,0,0,0,,,,,false,{},{},{},{},{},{},{},0,0.001,0.205,0,0,0.016,0,0,0,0,0,0.003,0,0,0,0,0,0,100,0,6.953,12.501,0.127,6.732,0,0,0,9,9,0,321,0,17,2,0,0,1,2400,0.021,0.025,0,ACTIVE,ACTIVE,,4095,4095,0,,true,16,false,0,0,true,2.0224,0.0016,19200,2280,0,,,,,,0,,,0,0,2,450,450,0,767544911833,3.367,0,0.029,0,0,452,451,2400,true,0,0,0,0,0,0,12,12,21624,0,0,0,0,0,0,0,0,0,0,0,0,0,,0,0,0,0,0,0,0,0,0,0,0,0,0,0,0,0,0,0,,0,0,0,0,0,0,false,
452,453,30736,false,145,50,1.472,0,1.283,0,dynamic_visual_atlas_upload,,,cell_indirection_lut,1.205,2400,2400,0,0,-1,-1,,1991.701174,3.013,4.027,4.027,1,8,3,1.5,false,2,8.666,,,,,,,,,,,,,,,,,,,,,,,,,,,,,,,,,,,,,,,,,,0,0,0,0,false,0,0,,0,0,0,0,0,0,0,,,,,false,{},{},{},{},{},{},{},0.001,0,0.245,0,0,0.018,0,0,0,0,0,0.003,0,0,0,0,0,0,100,0,7.019667,12.501,0.127,6.756667,0,0,0,9,9,0,321,0,17,2,0,0,1,2400,0.021,0.025,0,ACTIVE,ACTIVE,,4095,4095,0,,true,16,false,0,0,true,2.5673,0.0011,52800,2280,0,,,,,,0,,,0,0,2,451,451,0,767544929966,6.303,0,0.027,0,0,453,452,2400,true,0,0,0,0,0,0,12,12,19224,0,0,0,0,0,0,0,0,0,0,0,0,0,,0,0,0,0,0,0,0,0,0,0,0,0,0,0,0,0,0,0,,0,0,0,0,0,0,false,
453,454,30756,false,145,50,1.404,0,1.254,0,dynamic_visual_atlas_upload,,,cell_indirection_lut,1.205,2400,2400,0,0,-1,-1,,1991.701174,3.013,4.027,4.027,1,8,3,1.5,false,2,8.666,,,,,,,,,,,,,,,,,,,,,,,,,,,,,,,,,,,,,,,,,,0,0,0,0,false,0,0,,0,0,0,0,0,0,0,,,,,false,{},{},{},{},{},{},{},0,0,0.201,0,0,0.016,0,0,0,0,0,0.003,0,0,0,0,0,0,100,0,6.729333,12.501,0.127,6.512333,0,0,0,9,9,0,321,0,17,2,0,0,1,2400,0.021,0.025,0,ACTIVE,ACTIVE,,4095,4095,0,,true,16,false,0,0,true,1.9877,0.0012,19200,2280,0,,,,,,0,,,0,0,2,452,452,0,767544949473,6.959,0,0.029,0,0,454,453,2400,true,0,0,0,0,0,0,12,12,52824,0,0,0,0,0,0,0,0,0,0,0,0,0,,0,0,0,0,0,0,0,0,0,0,0,0,0,0,0,0,0,0,,0,0,0,0,0,0,false,
454,455,30770,false,145,50,1.369,0,1.23,0,dynamic_visual_atlas_upload,,,cell_indirection_lut,1.205,2400,2400,0,0,-1,-1,,1991.701174,3.013,4.027,4.027,1,8,3,1.5,false,2,8.666,,,,,,,,,,,,,,,,,,,,,,,,,,,,,,,,,,,,,,,,,,0,0,0,0,false,0,0,,0,0,0,0,0,0,0,,,,,false,{},{},{},{},{},{},{},0,0,0.173,0,0,0.015,0,0,0,0,0,0.002,0,0,0,0,0,0,100,0,6.823,12.501,0.127,6.635,0,0,0,9,9,0,321,0,17,2,0,0,1,2400,0.021,0.025,0,ACTIVE,ACTIVE,,4095,4095,0,,true,16,false,0,0,true,1.8423,0.001,19200,2280,0,,,,,,0,,,0,0,2,453,453,0,767544967994,2.095,0,0.028,0,0,455,454,2400,true,0,0,0,0,0,0,12,12,19224,0,0,0,0,0,0,0,0,0,0,0,0,0,,0,0,0,0,0,0,0,0,0,0,0,0,0,0,0,0,0,0,,0,0,0,0,0,0,false,
455,456,30791,false,145,50,1.599,0,1.352,0,dynamic_visual_atlas_upload,,,cell_indirection_lut,1.205,2400,2400,0,0,-1,-1,,1991.701174,3.013,4.027,4.027,1,8,3,1.5,false,2,8.666,,,,,,,,,,,,,,,,,,,,,,,,,,,,,,,,,,,,,,,,,,0,0,0,0,false,0,0,,0,0,0,0,0,0,0,,,,,false,{},{},{},{},{},{},{},0,0,0.253,0,0,0.022,0,0,0,0,0,0.004,0,0,0,0,0,0,100,0,7.086,12.501,0.127,6.811,0,0,0,9,9,0,321,0,17,2,0,0,1,2400,0.021,0.025,0,ACTIVE,ACTIVE,,4095,4095,0,,true,16,false,0,0,true,1.8121,0.0009,19200,2280,0,,,,,,0,,,0,0,2,454,454,0,767544986306,5.069,0,0.026,0,0,456,455,2400,true,0,0,0,0,0,0,12,12,19224,0,0,0,0,0,0,0,0,0,0,0,0,0,,0,0,0,0,0,0,0,0,0,0,0,0,0,0,0,0,0,0,,0,0,0,0,0,0,false,
456,457,30812,false,145,50,1.457,0,1.288,0,dynamic_visual_atlas_upload,,,cell_indirection_lut,1.205,2400,2400,0,0,-1,-1,,1991.701174,3.013,4.027,4.027,1,8,3,1.5,false,2,8.666,,,,,,,,,,,,,,,,,,,,,,,,,,,,,,,,,,,,,,,,,,0,0,0,0,false,0,0,,0,0,0,0,0,0,0,,,,,false,{},{},{},{},{},{},{},0,7.031,7.205,0,0,0.02,0,0,0,0,0,0.004,0,0,0,0,0,0,100,0,10.375,12.501,0.127,3.15,0,0,0,9,9,0,321,0,17,2,0,0,1,2400,0.021,0.025,0,ACTIVE,ACTIVE,,4095,4095,0,,true,16,false,0,0,true,2.7028,0.0011,21600,2280,0,,,,,,0,,,0,0,2,455,455,0,767545005624,6.484,0,0.029,0,0,457,456,2400,true,0,0,0,0,0,0,12,12,19224,0,0,0,0,0,0,0,0,0,0,0,0,0,,0,0,0,0,0,0,0,0,0,0,0,0,0,0,0,0,0,0,,0,0,0,0,0,0,false,
457,458,30828,false,145,50,1.379,0,1.251,0,dynamic_visual_atlas_upload,,,cell_indirection_lut,1.205,2400,2400,0,0,-1,-1,,1991.701174,3.013,4.027,4.027,1,8,3,1.5,false,2,8.666,,,,,,,,,,,,,,,,,,,,,,,,,,,,,,,,,,,,,,,,,,0,0,0,0,false,0,0,,0,0,0,0,0,0,0,,,,,false,{},{},{},{},{},{},{},0,2.831,2.961,0,0,0.012,0,0,0,0,0,0.002,0,0,0,0,0,0,100,0,5.327333,12.501,0.127,2.354333,0,0,0,9,9,0,321,0,17,2,0,0,1,2400,0.021,0.025,0,ACTIVE,ACTIVE,,4095,4095,0,,true,16,false,0,0,true,1.7833,0.0009,19200,2280,0,,,,,,0,,,0,0,2,456,456,0,767545024772,3.296,0,0.029,0,0,458,457,2400,true,0,0,0,0,0,0,12,12,21624,0,0,0,0,0,0,0,0,0,0,0,0,0,,0,0,0,0,0,0,0,0,0,0,0,0,0,0,0,0,0,0,,0,0,0,0,0,0,false,
458,459,30849,false,145,50,1.388,0,1.263,0,dynamic_visual_atlas_upload,,,cell_indirection_lut,1.205,2400,2400,0,0,-1,-1,,1991.701174,3.013,4.027,4.027,1,8,3,1.5,false,2,8.666,,,,,,,,,,,,,,,,,,,,,,,,,,,,,,,,,,,,,,,,,,0,0,0,0,false,0,0,,0,0,0,0,0,0,0,,,,,false,{},{},{},{},{},{},{},0,3.537,3.711,0,0,0.015,0,0,0,0,0,0.003,0,0,0,0,0,0,100,0,7.123,12.501,0.127,3.397,0,0,0,9,9,0,321,0,17,2,0,0,1,2400,0.021,0.025,0,ACTIVE,ACTIVE,,4095,4095,0,,true,16,false,0,0,true,1.8272,0.0009,19200,2280,0,,,,,,0,,,0,0,2,457,457,0,767545043301,6.158,0,0.026,0,0,459,458,2400,true,0,0,0,0,0,0,12,12,19224,0,0,0,0,0,0,0,0,0,0,0,0,0,,0,0,0,0,0,0,0,0,0,0,0,0,0,0,0,0,0,0,,0,0,0,0,0,0,false,
459,460,30870,false,145,50,1.374,0,1.245,0,dynamic_visual_atlas_upload,,,cell_indirection_lut,1.205,2400,2400,0,0,-1,-1,,1991.701174,3.013,4.027,4.027,1,8,3,1.5,false,2,8.666,,,,,,,,,,,,,,,,,,,,,,,,,,,,,,,,,,,,,,,,,,0,0,0,0,false,0,0,,0,0,0,0,0,0,0,,,,,false,{},{},{},{},{},{},{},0,3.515,3.673,0,0,0.013,0,0,0,0,0,0.002,0,0,0,0,0,0,100,0,6.82,12.501,0.127,3.134,0,0,0,9,9,0,321,0,17,2,0,0,1,2400,0.021,0.025,0,ACTIVE,ACTIVE,,4095,4095,0,,true,16,false,0,0,true,2.0075,0.0011,19200,2280,0,,,,,,0,,,0,0,2,458,458,0,767545064370,5.572,0,0.027,0,0,460,459,2400,true,0,0,0,0,0,0,12,12,19224,0,0,0,0,0,0,0,0,0,0,0,0,0,,0,0,0,0,0,0,0,0,0,0,0,0,0,0,0,0,0,0,,0,0,0,0,0,0,false,
460,461,30891,false,145,50,1.46,0,1.324,0,dynamic_visual_atlas_upload,,,cell_indirection_lut,1.205,2400,2400,0,0,-1,-1,,1991.701174,3.013,4.027,4.027,1,8,3,1.5,false,2,8.666,,,,,,,,,,,,,,,,,,,,,,,,,,,,,,,,,,,,,,,,,,0,0,0,0,false,0,0,,0,0,0,0,0,0,0,,,,,false,{},{},{},{},{},{},{},0,3.748,3.907,0,0,0.016,0,0,0,0,0,0.003,0,0,0,0,0,0,100,0,7.193333,12.501,0.127,3.270333,0,0,0,9,9,0,321,0,17,2,0,0,1,2400,0.021,0.025,0,ACTIVE,ACTIVE,,4095,4095,0,,true,16,false,0,0,true,2.4826,0.0011,52800,2083,0,,,,,,0,,,0,0,2,459,459,0,767545085837,5.654,0,0.028,0,0,461,460,2400,true,0,0,0,0,0,0,12,12,19224,0,0,0,0,0,0,0,0,0,0,0,0,0,,0,0,0,0,0,0,0,0,0,0,0,0,0,0,0,0,0,0,,0,0,0,0,0,0,false,
461,462,30911,false,145,50,1.355,0,1.222,0,dynamic_visual_atlas_upload,,,cell_indirection_lut,1.205,2400,2400,0,0,-1,-1,,1991.701174,3.013,4.027,4.027,1,8,3,1.5,false,2,8.666,,,,,,,,,,,,,,,,,,,,,,,,,,,,,,,,,,,,,,,,,,0,0,0,0,false,0,0,,0,0,0,0,0,0,0,,,,,false,{},{},{},{},{},{},{},0,2.892,3.032,0,0,0.013,0,0,0,0,0,0.002,0,0,0,0,0,0,100,0,6.474333,12.501,0.127,3.429333,0,0,0,9,9,0,321,0,17,2,0,0,1,2400,0.021,0.025,0,ACTIVE,ACTIVE,,4095,4095,0,,true,16,false,0,0,true,1.798,0.0009,19200,2280,0,,,,,,0,,,0,0,2,460,460,0,767545107276,3.623,0,0.029,0,0,462,461,2400,true,0,0,0,0,0,0,12,12,52824,0,0,0,0,0,0,0,0,0,0,0,0,0,,0,0,0,0,0,0,0,0,0,0,0,0,0,0,0,0,0,0,,0,0,0,0,0,0,false,
462,463,30929,false,145,50,1.585,0,1.317,0,dynamic_visual_atlas_upload,,,cell_indirection_lut,1.205,2400,2400,0,0,-1,-1,,1991.701174,3.013,4.027,4.027,1,8,3,1.5,false,2,8.666,,,,,,,,,,,,,,,,,,,,,,,,,,,,,,,,,,,,,,,,,,0,0,0,0,false,0,0,,0,0,0,0,0,0,0,,,,,false,{},{},{},{},{},{},{},0,0,0.208,0,0,0.037,0,0,0,0,0,0.006,0,0,0,0,0,0,100,0,6.124333,12.501,0.127,5.879333,0,0,0,9,9,0,321,0,17,2,0,0,1,2400,0.021,0.025,0,ACTIVE,ACTIVE,,4095,4095,0,,true,16,false,0,0,true,2.7479,0.0017,21600,2280,0,,,,,,0,,,0,0,2,461,461,0,767545126120,3.216,0,0.027,0,0,463,462,2400,true,0,0,0,0,0,0,12,12,19224,0,0,0,0,0,0,0,0,0,0,0,0,0,,0,0,0,0,0,0,0,0,0,0,0,0,0,0,0,0,0,0,,0,0,0,0,0,0,false,
463,464,30950,false,145,50,1.454,0,1.271,0,dynamic_visual_atlas_upload,,,cell_indirection_lut,1.205,2400,2400,0,0,-1,-1,,1991.701174,3.013,4.027,4.027,1,8,3,1.5,false,2,8.666,,,,,,,,,,,,,,,,,,,,,,,,,,,,,,,,,,,,,,,,,,0,0,0,0,false,0,0,,0,0,0,0,0,0,0,,,,,false,{},{},{},{},{},{},{},0,0,0.221,0,0,0.021,0,0,0,0,0,0.003,0,0,0,0,0,0,100,0,6.847,12.501,0.127,6.605,0,0,0,9,9,0,321,0,17,2,0,0,1,2400,0.021,0.025,0,ACTIVE,ACTIVE,,4095,4095,0,,true,16,false,0,0,true,1.9374,0.0012,19200,2280,0,,,,,,0,,,0,0,2,462,462,0,767545146611,3.232,0,0.03,0,0,464,463,2400,true,0,0,0,0,0,0,12,12,21624,0,0,0,0,0,0,0,0,0,0,0,0,0,,0,0,0,0,0,0,0,0,0,0,0,0,0,0,0,0,0,0,,0,0,0,0,0,0,false,
464,465,30970,false,145,50,1.374,0,1.235,0,dynamic_visual_atlas_upload,,,cell_indirection_lut,1.205,2400,2400,0,0,-1,-1,,1991.701174,3.013,4.027,4.027,1,8,3,1.5,false,2,8.666,,,,,,,,,,,,,,,,,,,,,,,,,,,,,,,,,,,,,,,,,,0,0,0,0,false,0,0,,0,0,0,0,0,0,0,,,,,false,{},{},{},{},{},{},{},0,0,0.17,0,0,0.016,0,0,0,0,0,0.002,0,0,0,0,0,0,100,0,6.786333,12.501,0.127,6.600333,0,0,0,9,9,0,321,0,17,2,0,0,1,2400,0.021,0.025,0,ACTIVE,ACTIVE,,4095,4095,0,,true,16,false,0,0,true,1.7767,0.001,19200,2280,0,,,,,,0,,,0,0,2,463,463,0,767545165744,4.433,0,0.029,0,0,465,464,2400,true,0,0,0,0,0,0,12,12,19224,0,0,0,0,0,0,0,0,0,0,0,0,0,,0,0,0,0,0,0,0,0,0,0,0,0,0,0,0,0,0,0,,0,0,0,0,0,0,false,
465,466,30988,false,145,50,1.617,0,1.336,0,dynamic_visual_atlas_upload,,,cell_indirection_lut,1.205,2400,2400,0,0,-1,-1,,1991.701174,3.013,4.027,4.027,1,8,3,1.5,false,2,8.666,,,,,,,,,,,,,,,,,,,,,,,,,,,,,,,,,,,,,,,,,,0,0,0,0,false,0,0,,0,0,0,0,0,0,0,,,,,false,{},{},{},{},{},{},{},0.001,3.621,3.806,0,0,0.019,0,0,0,0,0,0.002,0,0,0,0,0,0,100,0,8.974,12.501,0.127,5.149,0,0,0,9,9,0,321,0,17,2,0,0,1,2400,0.021,0.025,0,ACTIVE,ACTIVE,,4095,4095,0,,true,16,false,0,0,true,1.9483,0.0016,19200,2280,0,,,,,,0,,,0,0,2,464,464,0,767545184440,3.741,0,0.028,0,0,466,465,2400,true,0,0,0,0,0,0,12,12,19224,0,0,0,0,0,0,0,0,0,0,0,0,0,,0,0,0,0,0,0,0,0,0,0,0,0,0,0,0,0,0,0,,0,0,0,0,0,0,false,
466,467,31008,false,145,50,1.601,0,1.408,0,dynamic_visual_atlas_upload,,,cell_indirection_lut,1.205,2400,2400,0,0,-1,-1,,1991.701174,3.013,4.027,4.027,1,8,3,1.5,false,2,8.666,,,,,,,,,,,,,,,,,,,,,,,,,,,,,,,,,,,,,,,,,,0,0,0,0,false,0,0,,0,0,0,0,0,0,0,,,,,false,{},{},{},{},{},{},{},0,3.114,3.28,0,0,0.017,0,0,0,0,0,0.003,0,0,0,0,0,0,100,0,6.656,12.501,0.127,3.359,0,0,0,9,9,0,321,0,17,2,0,0,1,2400,0.021,0.025,0,ACTIVE,ACTIVE,,4095,4095,0,,true,16,false,0,0,true,1.9578,0.0011,19200,2280,0,,,,,,0,,,0,0,2,465,465,0,767545203317,4.86,0,0.034,0,0,467,466,2400,true,0,0,0,0,0,0,12,12,19224,0,0,0,0,0,0,0,0,0,0,0,0,0,,0,0,0,0,0,0,0,0,0,0,0,0,0,0,0,0,0,0,,0,0,0,0,0,0,false,
467,468,31029,false,145,50,1.502,0,1.353,0,dynamic_visual_atlas_upload,,,cell_indirection_lut,1.205,2400,2400,0,0,-1,-1,,1991.701174,3.013,4.027,4.027,1,8,3,1.5,false,2,8.666,,,,,,,,,,,,,,,,,,,,,,,,,,,,,,,,,,,,,,,,,,0,0,0,0,false,0,0,,0,0,0,0,0,0,0,,,,,false,{},{},{},{},{},{},{},0,3.257,3.436,0,0,0.02,0,0,0,0,0,0.003,0,0,0,0,0,0,100,0,6.969,11.936,0.071,3.513,0,0,0,9,9,0,321,0,17,2,0,0,1,2400,0.021,0.025,0,ACTIVE,ACTIVE,,4095,4095,0,,true,16,false,0,0,true,1.8844,0.0012,19200,2280,0,,,,,,0,,,0,0,2,466,466,0,767545223836,5.197,0,0.032,0,0,468,467,2400,true,0,0,0,0,0,0,12,12,19224,0,0,0,0,0,0,0,0,0,0,0,0,0,,0,0,0,0,0,0,0,0,0,0,0,0,0,0,0,0,0,0,,0,0,0,0,0,0,false,
468,469,31050,false,145,50,1.425,0,1.271,0,dynamic_visual_atlas_upload,,,cell_indirection_lut,1.205,2400,2400,0,0,-1,-1,,1991.701174,3.013,4.027,4.027,1,8,3,1.5,false,2,8.666,,,,,,,,,,,,,,,,,,,,,,,,,,,,,,,,,,,,,,,,,,0,0,0,0,false,0,0,,0,0,0,0,0,0,0,,,,,false,{},{},{},{},{},{},{},0,3.501,3.665,0,0,0.019,0,0,0,0,0,0.003,0,0,0,0,0,0,100,0,6.914333,11.936,0.071,3.230333,0,0,0,9,9,0,321,0,17,2,0,0,1,2400,0.021,0.025,0,ACTIVE,ACTIVE,,4095,4095,0,,true,16,false,0,0,true,1.8844,0.0012,19200,2280,0,,,,,,0,,,0,0,2,467,467,0,767545244150,5.635,0,0.029,0,0,469,468,2400,true,0,0,0,0,0,0,12,12,19224,0,0,0,0,0,0,0,0,0,0,0,0,0,,0,0,0,0,0,0,0,0,0,0,0,0,0,0,0,0,0,0,,0,0,0,0,0,0,false,
469,470,31070,false,145,50,1.601,0,1.412,0,dynamic_visual_atlas_upload,,,cell_indirection_lut,1.205,2400,2400,0,0,-1,-1,,1991.701174,3.013,4.027,4.027,1,8,3,1.5,false,2,8.666,,,,,,,,,,,,,,,,,,,,,,,,,,,,,,,,,,,,,,,,,,0,0,0,0,false,0,0,,0,0,0,0,0,0,0,,,,,false,{},{},{},{},{},{},{},0,3.039,3.2,0,0,0.015,0,0,0,0,0,0.003,0,0,0,0,0,0,100,0,6.764,11.936,0.071,3.549,0,0,0,9,9,0,321,0,17,2,0,0,1,2400,0.021,0.025,0,ACTIVE,ACTIVE,,4095,4095,0,,true,16,false,0,0,true,1.8547,0.001,19200,2280,0,,,,,,0,,,0,0,2,468,468,0,767545266803,3.292,0,0.028,0,0,470,469,2400,true,0,0,0,0,0,0,12,12,55224,0,0,0,0,0,0,0,0,0,0,0,0,0,,0,0,0,0,0,0,0,0,0,0,0,0,0,0,0,0,0,0,,0,0,0,0,0,0,false,
470,471,31091,false,145,50,1.392,0,1.25,0,dynamic_visual_atlas_upload,,,cell_indirection_lut,1.205,2400,2400,0,0,-1,-1,,1991.701174,3.013,4.027,4.027,1,8,3,1.5,false,2,8.666,,,,,,,,,,,,,,,,,,,,,,,,,,,,,,,,,,,,,,,,,,0,0,0,0,false,0,0,,0,0,0,0,0,0,0,,,,,false,{},{},{},{},{},{},{},0,3.039,3.196,0,0,0.023,0,0,0,0,0,0.003,0,0,0,0,0,0,100,0,6.909,11.936,0.071,3.69,0,0,0,9,9,0,321,0,17,2,0,0,1,2400,0.021,0.025,0,ACTIVE,ACTIVE,,4095,4095,0,,true,16,false,0,0,true,1.913,0.0012,19200,2280,0,,,,,,0,,,0,0,2,469,469,0,767545285843,4.97,0,0.029,0,0,471,470,2400,true,0,0,0,0,0,0,12,12,19224,0,0,0,0,0,0,0,0,0,0,0,0,0,,0,0,0,0,0,0,0,0,0,0,0,0,0,0,0,0,0,0,,0,0,0,0,0,0,false,
471,472,31111,false,145,50,1.443,0,1.293,0,dynamic_visual_atlas_upload,,,cell_indirection_lut,1.205,2400,2400,0,0,-1,-1,,1991.701174,3.013,4.027,4.027,1,8,3,1.5,false,2,8.666,,,,,,,,,,,,,,,,,,,,,,,,,,,,,,,,,,,,,,,,,,0,0,0,0,false,0,0,,0,0,0,0,0,0,0,,,,,false,{},{},{},{},{},{},{},0,3.051,3.208,0,0,0.017,0,0,0,0,0,0.003,0,0,0,0,0,0,100,0,6.869667,11.936,0.071,3.644667,0,0,0,9,9,0,321,0,17,2,0,0,1,2400,0.021,0.025,0,ACTIVE,ACTIVE,,4095,4095,0,,true,16,false,0,0,true,1.8539,0.001,19200,2280,0,,,,,,0,,,0,0,2,470,470,0,767545306056,5.321,0,0.03,0,0,472,471,2400,true,0,0,0,0,0,0,12,12,19224,0,0,0,0,0,0,0,0,0,0,0,0,0,,0,0,0,0,0,0,0,0,0,0,0,0,0,0,0,0,0,0,,0,0,0,0,0,0,false,
472,473,31129,false,145,50,1.402,0,1.266,0,dynamic_visual_atlas_upload,,,cell_indirection_lut,1.205,2400,2400,0,0,-1,-1,,1991.701174,3.013,4.027,4.027,1,8,3,1.5,false,2,8.666,,,,,,,,,,,,,,,,,,,,,,,,,,,,,,,,,,,,,,,,,,0,0,0,0,false,0,0,,0,0,0,0,0,0,0,,,,,false,{},{},{},{},{},{},{},0,0,0.197,0,0,0.02,0,0,0,0,0,0.003,0,0,0,0,0,0,100,0,5.866667,11.936,0.071,5.649667,0,0,0,9,9,0,321,0,17,2,0,0,1,2400,0.021,0.025,0,ACTIVE,ACTIVE,,4095,4095,0,,true,16,false,0,0,true,1.7726,0.001,19200,2280,0,,,,,,0,,,0,0,2,471,471,0,767545326464,2.504,0,0.029,0,0,473,472,2400,true,0,0,0,0,0,0,12,12,19224,0,0,0,0,0,0,0,0,0,0,0,0,0,,0,0,0,0,0,0,0,0,0,0,0,0,0,0,0,0,0,0,,0,0,0,0,0,0,false,
473,474,31150,false,145,50,1.536,0,1.358,0,dynamic_visual_atlas_upload,,,cell_indirection_lut,1.205,2400,2400,0,0,-1,-1,,1991.701174,3.013,4.027,4.027,1,8,3,1.5,false,2,8.666,,,,,,,,,,,,,,,,,,,,,,,,,,,,,,,,,,,,,,,,,,0,0,0,0,false,0,0,,0,0,0,0,0,0,0,,,,,false,{},{},{},{},{},{},{},0,0,0.174,0,0,0.014,0,0,0,0,0,0.003,0,0,0,0,0,0,100,0,6.952,11.936,0.071,6.764,0,0,0,9,9,0,321,0,17,2,0,0,1,2400,0.021,0.025,0,ACTIVE,ACTIVE,,4095,4095,0,,true,16,false,0,0,true,2.0291,0.0012,19200,2280,0,,,,,,0,,,0,0,2,472,472,0,767545344967,4.877,0,0.027,0,0,474,473,2400,true,0,0,0,0,0,0,12,12,19224,0,0,0,0,0,0,0,0,0,0,0,0,0,,0,0,0,0,0,0,0,0,0,0,0,0,0,0,0,0,0,0,,0,0,0,0,0,0,false,
474,475,31166,false,145,50,1.531,0,1.38,0,dynamic_visual_atlas_upload,,,cell_indirection_lut,1.205,2400,2400,0,0,-1,-1,,1991.701174,3.013,4.027,4.027,1,8,3,1.5,false,2,8.666,,,,,,,,,,,,,,,,,,,,,,,,,,,,,,,,,,,,,,,,,,0,0,0,0,false,0,0,,0,0,0,0,0,0,0,,,,,false,{},{},{},{},{},{},{},0,2.999,3.142,0,0,0.013,0,0,0,0,0,0.002,0,0,0,0,0,0,100,0,8.4015,11.936,0.071,5.2465,0,0,0,9,9,0,321,0,17,2,0,0,1,2400,0.021,0.025,0,ACTIVE,ACTIVE,,4095,4095,0,,true,16,false,0,0,true,2.5643,0.0013,21600,2280,0,,,,,,0,,,0,0,2,473,473,0,767545363123,3.54,0,0.029,0,0,475,474,2400,true,0,0,0,0,0,0,12,12,19224,0,0,0,0,0,0,0,0,0,0,0,0,0,,0,0,0,0,0,0,0,0,0,0,0,0,0,0,0,0,0,0,,0,0,0,0,0,0,false,
475,476,31188,false,145,50,1.464,0,1.287,0,dynamic_visual_atlas_upload,,,cell_indirection_lut,1.205,2400,2400,0,0,-1,-1,,1991.701174,3.013,4.027,4.027,1,8,3,1.5,false,2,8.666,,,,,,,,,,,,,,,,,,,,,,,,,,,,,,,,,,,,,,,,,,0,0,0,0,false,0,0,,0,0,0,0,0,0,0,,,,,false,{},{},{},{},{},{},{},0,3.41,3.587,0,0,0.022,0,0,0,0,0,0.003,0,0,0,0,0,0,100,0,7.073667,11.936,0.071,3.464667,0,0,0,9,9,0,321,0,17,2,0,0,1,2400,0.021,0.025,0,ACTIVE,ACTIVE,,4095,4095,0,,true,16,false,0,0,true,2.0759,0.0013,19200,2280,0,,,,,,0,,,0,0,2,474,474,0,767545382370,5.555,0,0.027,0,0,476,475,2400,true,0,0,0,0,0,0,12,12,21624,0,0,0,0,0,0,0,0,0,0,0,0,0,,0,0,0,0,0,0,0,0,0,0,0,0,0,0,0,0,0,0,,0,0,0,0,0,0,false,
476,477,31208,false,145,50,1.419,0,1.256,0,dynamic_visual_atlas_upload,,,cell_indirection_lut,1.205,2400,2400,0,0,-1,-1,,1991.701174,3.013,4.027,4.027,1,8,3,1.5,false,2,8.666,,,,,,,,,,,,,,,,,,,,,,,,,,,,,,,,,,,,,,,,,,0,0,0,0,false,0,0,,0,0,0,0,0,0,0,,,,,false,{},{},{},{},{},{},{},0,3.468,3.638,0,0,0.019,0,0,0,0,0,0.004,0,0,0,0,0,0,100,0,6.846333,11.936,0.071,3.189333,0,0,0,9,9,0,321,0,17,2,0,0,1,2400,0.021,0.025,0,ACTIVE,ACTIVE,,4095,4095,0,,true,16,false,0,0,true,2.4955,0.0011,52800,2280,0,,,,,,0,,,0,0,2,475,475,0,767545403831,4.577,0,0.03,0,0,477,476,2400,true,0,0,0,0,0,0,12,12,19224,0,0,0,0,0,0,0,0,0,0,0,0,0,,0,0,0,0,0,0,0,0,0,0,0,0,0,0,0,0,0,0,,0,0,0,0,0,0,false,
477,478,31228,false,145,50,1.544,0,1.386,0,dynamic_visual_atlas_upload,,,cell_indirection_lut,1.205,2400,2400,0,0,-1,-1,,1991.701174,3.013,4.027,4.027,1,8,3,1.5,false,2,8.666,,,,,,,,,,,,,,,,,,,,,,,,,,,,,,,,,,,,,,,,,,0,0,0,0,false,0,0,,0,0,0,0,0,0,0,,,,,false,{},{},{},{},{},{},{},0,2.892,3.043,0,0,0.016,0,0,0,0,0,0.003,0,0,0,0,0,0,100,0,6.766,11.936,0.071,3.707,0,0,0,9,9,0,321,0,17,2,0,0,1,2400,0.021,0.025,0,ACTIVE,ACTIVE,,4095,4095,0,,true,16,false,0,0,true,1.8135,0.0009,19200,2280,0,,,,,,0,,,0,0,2,476,476,0,767545424846,3.846,0,0.029,0,0,478,477,2400,true,0,0,0,0,0,0,12,12,52824,0,0,0,0,0,0,0,0,0,0,0,0,0,,0,0,0,0,0,0,0,0,0,0,0,0,0,0,0,0,0,0,,0,0,0,0,0,0,false,
478,479,31251,false,145,50,2.384,0,2.149,0,dynamic_visual_atlas_upload,,,cell_indirection_lut,1.205,2400,2400,0,0,-1,-1,,1991.701174,3.013,4.027,4.027,1,8,3,1.5,false,2,8.666,,,,,,,,,,,,,,,,,,,,,,,,,,,,,,,,,,,,,,,,,,0,0,0,0,false,0,0,,0,0,0,0,0,0,0,,,,,false,{},{},{},{},{},{},{},0,3.849,4.094,0,0,0.019,0,0,0,0,0,0.003,0,0,0,0,0,0,100,0,7.530333,11.936,0.071,3.417333,0,0,0,9,9,0,321,0,17,2,0,0,1,2400,0.021,0.025,0,ACTIVE,ACTIVE,,4095,4095,0,,true,16,false,0,0,true,2.4374,0.0014,19200,2280,0,,,,,,0,,,0,0,2,477,477,0,767545444107,7.317,0,0.031,0,0,479,478,2400,true,0,0,0,0,0,0,12,12,19224,0,0,0,0,0,0,0,0,0,0,0,0,0,,0,0,0,0,0,0,0,0,0,0,0,0,0,0,0,0,0,0,,0,0,0,0,0,0,false,
479,480,31270,false,145,50,1.397,0,1.266,0,dynamic_visual_atlas_upload,,,cell_indirection_lut,1.205,2400,2400,0,0,-1,-1,,1991.701174,3.013,4.027,4.027,1,8,3,1.5,false,2,8.666,,,,,,,,,,,,,,,,,,,,,,,,,,,,,,,,,,,,,,,,,,0,0,0,0,false,0,0,,0,0,0,0,0,0,0,,,,,false,{},{},{},{},{},{},{},0,2.926,3.08,0,0,0.016,0,0,0,0,0,0.003,0,0,0,0,0,0,100,0,6.204333,11.936,0.071,3.108333,0,0,0,9,9,0,321,0,17,2,0,0,1,2400,0.021,0.025,0,ACTIVE,ACTIVE,,4095,4095,0,,true,16,false,0,0,true,1.842,0.001,19200,1968,0,,,,,,0,,,0,0,2,478,478,0,767545466142,3.82,0,0.042,0,0,480,479,2400,true,0,0,0,0,0,0,12,12,19224,0,0,0,0,0,0,0,0,0,0,0,0,0,,0,0,0,0,0,0,0,0,0,0,0,0,0,0,0,0,0,0,,0,0,0,0,0,0,false,
480,481,31291,false,145,50,1.547,0,1.367,0,dynamic_visual_atlas_upload,,,cell_indirection_lut,1.205,2400,2400,0,0,-1,-1,,1991.701174,3.013,4.027,4.027,1,8,3,1.5,false,2,8.666,,,,,,,,,,,,,,,,,,,,,,,,,,,,,,,,,,,,,,,,,,0,0,0,0,false,0,0,,0,0,0,0,0,0,0,,,,,false,{},{},{},{},{},{},{},0,2.982,3.142,0,0,0.017,0,0,0,0,0,0.002,0,0,0,0,0,0,100,0,6.972333,11.936,0.071,3.813333,0,0,0,9,9,0,321,0,17,2,0,0,1,2400,0.021,0.025,0,ACTIVE,ACTIVE,,4095,4095,0,,true,16,false,0,0,true,2.7118,0.0015,21600,2280,0,,,,,,0,,,0,0,2,479,479,0,767545485692,5.177,0,0.03,0,0,481,480,2400,true,0,0,0,0,0,0,12,12,19224,0,0,0,0,0,0,0,0,0,0,0,0,0,,0,0,0,0,0,0,0,0,0,0,0,0,0,0,0,0,0,0,,0,0,0,0,0,0,false,
481,482,31311,false,145,50,1.375,0,1.23,0,dynamic_visual_atlas_upload,,,cell_indirection_lut,1.205,2400,2400,0,0,-1,-1,,1991.701174,3.013,4.027,4.027,1,8,3,1.5,false,2,8.666,,,,,,,,,,,,,,,,,,,,,,,,,,,,,,,,,,,,,,,,,,0,0,0,0,false,0,0,,0,0,0,0,0,0,0,,,,,false,{},{},{},{},{},{},{},0,3.043,3.222,0,0,0.021,0,0,0,0,0,0.004,0,0,0,0,0,0,100,0,6.909,11.936,0.071,3.666,0,0,0,9,9,0,321,0,17,2,0,0,1,2400,0.021,0.025,0,ACTIVE,ACTIVE,,4095,4095,0,,true,16,false,0,0,true,1.9238,0.0012,19200,1996,0,,,,,,0,,,0,0,2,480,480,0,767545508524,3.025,0,0.029,0,0,482,481,2400,true,0,0,0,0,0,0,12,12,21624,0,0,0,0,0,0,0,0,0,0,0,0,0,,0,0,0,0,0,0,0,0,0,0,0,0,0,0,0,0,0,0,,0,0,0,0,0,0,false,
482,483,31329,false,145,50,1.395,0,1.235,0,dynamic_visual_atlas_upload,,,cell_indirection_lut,1.205,2400,2400,0,0,-1,-1,,1991.701174,3.013,4.027,4.027,1,8,3,1.5,false,2,8.666,,,,,,,,,,,,,,,,,,,,,,,,,,,,,,,,,,,,,,,,,,0,0,0,0,false,0,0,,0,0,0,0,0,0,0,,,,,false,{},{},{},{},{},{},{},0,0,0.24,0,0,0.019,0,0,0,0,0,0.003,0,0,0,0,0,0,100,0,5.899,11.936,0.071,5.64,0,0,0,9,9,0,321,0,17,2,0,0,1,2400,0.021,0.025,0,ACTIVE,ACTIVE,,4095,4095,0,,true,16,false,0,0,true,2.0026,0.0012,24000,2280,0,,,,,,0,,,0,0,2,481,481,0,767545526863,2.381,0,0.028,0,0,483,482,2400,true,0,0,0,0,0,0,12,12,19224,0,0,0,0,0,0,0,0,0,0,0,0,0,,0,0,0,0,0,0,0,0,0,0,0,0,0,0,0,0,0,0,,0,0,0,0,0,0,false,
483,484,31350,false,145,50,1.607,0,1.384,0,dynamic_visual_atlas_upload,,,cell_indirection_lut,1.205,2400,2400,0,0,-1,-1,,1991.701174,3.013,4.027,4.027,1,8,3,1.5,false,2,8.666,,,,,,,,,,,,,,,,,,,,,,,,,,,,,,,,,,,,,,,,,,0,0,0,0,false,0,0,,0,0,0,0,0,0,0,,,,,false,{},{},{},{},{},{},{},0.001,0,0.25,0,0,0.021,0,0,0,0,0,0.004,0,0,0,0,0,0,100,0,7.003333,11.936,0.071,6.732333,0,0,0,9,9,0,321,0,17,2,0,0,1,2400,0.021,0.025,0,ACTIVE,ACTIVE,,4095,4095,0,,true,16,false,0,0,true,2.2931,0.0013,19200,2280,0,,,,,,0,,,0,0,2,482,482,0,767545545858,4.478,0,0.027,0,0,484,483,2400,true,0,0,0,0,0,0,12,12,24024,0,0,0,0,0,0,0,0,0,0,0,0,0,,0,0,0,0,0,0,0,0,0,0,0,0,0,0,0,0,0,0,,0,0,0,0,0,0,false,
484,485,31368,false,145,50,1.49,0,1.284,0,dynamic_visual_atlas_upload,,,cell_indirection_lut,1.205,2400,2400,0,0,-1,-1,,1991.701174,3.013,4.027,4.027,1,8,3,1.5,false,2,8.666,,,,,,,,,,,,,,,,,,,,,,,,,,,,,,,,,,,,,,,,,,0,0,0,0,false,0,0,,0,0,0,0,0,0,0,,,,,false,{},{},{},{},{},{},{},0,3.761,3.963,0,0,0.019,0,0,0,0,0,0.003,0,0,0,0,0,0,100,0,8.8525,11.936,0.071,4.8705,0,0,0,9,9,0,321,0,17,2,0,0,1,2400,0.021,0.025,0,ACTIVE,ACTIVE,,4095,4095,0,,true,16,false,0,0,true,3.1489,0.0013,60000,2280,0,,,,,,0,,,0,0,2,483,483,0,767545564715,3.257,0,0.03,0,0,485,484,2400,true,0,0,0,0,0,0,12,12,19224,0,0,0,0,0,0,0,0,0,0,0,0,0,,0,0,0,0,0,0,0,0,0,0,0,0,0,0,0,0,0,0,,0,0,0,0,0,0,false,
485,486,31387,false,145,50,1.48,0,1.324,0,dynamic_visual_atlas_upload,,,cell_indirection_lut,1.205,2400,2400,0,0,-1,-1,,1991.701174,3.013,4.027,4.027,1,8,3,1.5,false,2,8.666,,,,,,,,,,,,,,,,,,,,,,,,,,,,,,,,,,,,,,,,,,0,0,0,0,false,0,0,,0,0,0,0,0,0,0,,,,,false,{},{},{},{},{},{},{},0,3.163,3.327,0,0,0.166,0,0,0,0,0,0.002,0,0,0,0,0,0,100,0,6.583,11.936,0.071,3.09,0,0,0,9,9,0,321,0,17,2,0,0,1,2400,0.021,0.025,0,ACTIVE,ACTIVE,,4095,4095,0,,true,16,false,0,0,true,1.8177,0.001,19200,2280,0,,,,,,0,,,0,0,2,484,484,0,767545583946,3.807,0,0.029,0,0,486,485,2400,true,0,0,0,0,0,0,12,12,60024,0,0,0,0,0,0,0,0,0,0,0,0,0,,0,0,0,0,0,0,0,0,0,0,0,0,0,0,0,0,0,0,,0,0,0,0,0,0,false,
486,487,31408,false,145,50,1.385,0,1.262,0,dynamic_visual_atlas_upload,,,cell_indirection_lut,1.205,2400,2400,0,0,-1,-1,,1991.701174,3.013,4.027,4.027,1,8,3,1.5,false,2,8.666,,,,,,,,,,,,,,,,,,,,,,,,,,,,,,,,,,,,,,,,,,0,0,0,0,false,0,0,,0,0,0,0,0,0,0,,,,,false,{},{},{},{},{},{},{},0,3.496,3.663,0,0,0.021,0,0,0,0,0,0.004,0,0,0,0,0,0,100,0,6.856333,11.936,0.071,3.172333,0,0,0,9,9,0,321,0,17,2,0,0,1,2400,0.021,0.025,0,ACTIVE,ACTIVE,,4095,4095,0,,true,16,false,0,0,true,2.4295,0.0011,21600,2280,0,,,,,,0,,,0,0,2,485,485,0,767545602866,5.407,0,0.027,0,0,487,486,2400,true,0,0,0,0,0,0,12,12,19224,0,0,0,0,0,0,0,0,0,0,0,0,0,,0,0,0,0,0,0,0,0,0,0,0,0,0,0,0,0,0,0,,0,0,0,0,0,0,false,
487,488,31429,false,145,50,1.57,0,1.383,0,dynamic_visual_atlas_upload,,,cell_indirection_lut,1.205,2400,2400,0,0,-1,-1,,1991.701174,3.013,4.027,4.027,1,8,3,1.5,false,2,8.666,,,,,,,,,,,,,,,,,,,,,,,,,,,,,,,,,,,,,,,,,,0,0,0,0,false,0,0,,0,0,0,0,0,0,0,,,,,false,{},{},{},{},{},{},{},0,3.089,3.264,0,0,0.015,0,0,0,0,0,0.003,0,0,0,0,0,0,100,0,6.917667,11.936,0.071,3.638667,0,0,0,9,9,0,321,0,17,2,0,0,1,2400,0.021,0.025,0,ACTIVE,ACTIVE,,4095,4095,0,,true,16,false,0,0,true,2.2283,0.0012,19200,1884,0,,,,,,0,,,0,0,2,486,486,0,767545624215,4.916,0,0.027,0,0,488,487,2400,true,0,0,0,0,0,0,12,12,21624,0,0,0,0,0,0,0,0,0,0,0,0,0,,0,0,0,0,0,0,0,0,0,0,0,0,0,0,0,0,0,0,,0,0,0,0,0,0,false,
488,489,31450,false,145,50,1.404,0,1.263,0,dynamic_visual_atlas_upload,,,cell_indirection_lut,1.205,2400,2400,0,0,-1,-1,,1991.701174,3.013,4.027,4.027,1,8,3,1.5,false,2,8.666,,,,,,,,,,,,,,,,,,,,,,,,,,,,,,,,,,,,,,,,,,0,0,0,0,false,0,0,,0,0,0,0,0,0,0,,,,,false,{},{},{},{},{},{},{},0,3.335,3.506,0,0,0.018,0,0,0,0,0,0.003,0,0,0,0,0,0,100,0,6.930333,11.936,0.071,3.406333,0,0,0,9,9,0,321,0,17,2,0,0,1,2400,0.021,0.025,0,ACTIVE,ACTIVE,,4095,4095,0,,true,16,false,0,0,true,1.9614,0.0011,19200,2280,0,,,,,,0,,,0,0,2,487,487,0,767545644883,4.939,0,0.031,0,0,489,488,2400,true,0,0,0,0,0,0,12,12,19224,0,0,0,0,0,0,0,0,0,0,0,0,0,,0,0,0,0,0,0,0,0,0,0,0,0,0,0,0,0,0,0,,0,0,0,0,0,0,false,
489,490,31470,false,145,50,1.414,0,1.269,0,dynamic_visual_atlas_upload,,,cell_indirection_lut,1.205,2400,2400,0,0,-1,-1,,1991.701174,3.013,4.027,4.027,1,8,3,1.5,false,2,8.666,,,,,,,,,,,,,,,,,,,,,,,,,,,,,,,,,,,,,,,,,,0,0,0,0,false,0,0,,0,0,0,0,0,0,0,,,,,false,{},{},{},{},{},{},{},0,3.036,3.21,0,0,0.019,0,0,0,0,0,0.003,0,0,0,0,0,0,100,0,6.801333,11.936,0.071,3.572333,0,0,0,9,9,0,321,0,17,2,0,0,1,2400,0.021,0.025,0,ACTIVE,ACTIVE,,4095,4095,0,,true,16,false,0,0,true,1.8346,0.0011,19200,1910,0,,,,,,0,,,0,0,2,488,488,0,767545665415,4.835,0,0.028,0,0,490,489,2400,true,0,0,0,0,0,0,12,12,19224,0,0,0,0,0,0,0,0,0,0,0,0,0,,0,0,0,0,0,0,0,0,0,0,0,0,0,0,0,0,0,0,,0,0,0,0,0,0,false,
490,491,31491,false,145,50,1.661,0,1.474,0,dynamic_visual_atlas_upload,,,cell_indirection_lut,1.205,2400,2400,0,0,-1,-1,,1991.701174,3.013,4.027,4.027,1,8,3,1.5,false,2,8.666,,,,,,,,,,,,,,,,,,,,,,,,,,,,,,,,,,,,,,,,,,0,0,0,0,false,0,0,,0,0,0,0,0,0,0,,,,,false,{},{},{},{},{},{},{},0.001,3.855,4.008,0,0,0.016,0,0,0,0,0,0.003,0,0,0,0,0,0,100,0,7.159667,11.936,0.071,3.135667,0,0,0,9,9,0,321,0,17,2,0,0,1,2400,0.021,0.025,0,ACTIVE,ACTIVE,,4095,4095,0,,true,16,false,0,0,true,2.0177,0.0013,19200,2280,0,,,,,,0,,,0,0,2,489,489,0,767545685136,6.673,0,0.026,0,0,491,490,2400,true,0,0,0,0,0,0,12,12,19224,0,0,0,0,0,0,0,0,0,0,0,0,0,,0,0,0,0,0,0,0,0,0,0,0,0,0,0,0,0,0,0,,0,0,0,0,0,0,false,
491,492,31511,false,145,50,1.421,0,1.273,0,dynamic_visual_atlas_upload,,,cell_indirection_lut,1.205,2400,2400,0,0,-1,-1,,1991.701174,3.013,4.027,4.027,1,8,3,1.5,false,2,8.666,,,,,,,,,,,,,,,,,,,,,,,,,,,,,,,,,,,,,,,,,,0,0,0,0,false,0,0,,0,0,0,0,0,0,0,,,,,false,{},{},{},{},{},{},{},0.001,3.121,3.297,0,0,0.017,0,0,0,0,0,0.003,0,0,0,0,0,0,100,0,6.668333,11.936,0.071,3.354333,0,0,0,9,9,0,321,0,17,2,0,0,1,2400,0.021,0.025,0,ACTIVE,ACTIVE,,4095,4095,0,,true,16,false,0,0,true,1.8952,0.0012,19200,1842,0,,,,,,0,,,0,0,2,490,490,0,767545707325,4.498,0,0.032,0,0,492,491,2400,true,0,0,0,0,0,0,12,12,19224,0,0,0,0,0,0,0,0,0,0,0,0,0,,0,0,0,0,0,0,0,0,0,0,0,0,0,0,0,0,0,0,,0,0,0,0,0,0,false,
492,493,31529,false,145,50,1.356,0,1.201,0,dynamic_visual_atlas_upload,,,cell_indirection_lut,1.205,2400,2400,0,0,-1,-1,,1991.701174,3.013,4.027,4.027,1,8,3,1.5,false,2,8.666,,,,,,,,,,,,,,,,,,,,,,,,,,,,,,,,,,,,,,,,,,0,0,0,0,false,0,0,,0,0,0,0,0,0,0,,,,,false,{},{},{},{},{},{},{},0,0,0.18,0,0,0.021,0,0,0,0,0,0.004,0,0,0,0,0,0,100,0,5.818,11.936,0.071,5.617,0,0,0,9,9,0,321,0,17,2,0,0,1,2400,0.021,0.025,0,ACTIVE,ACTIVE,,4095,4095,0,,true,16,false,0,0,true,1.8952,0.0012,19200,1842,0,,,,,,0,,,0,0,2,491,491,0,767545726952,2.214,0,0.027,0,0,493,492,2400,true,0,0,0,0,0,0,12,12,19224,0,0,0,0,0,0,0,0,0,0,0,0,0,,0,0,0,0,0,0,0,0,0,0,0,0,0,0,0,0,0,0,,0,0,0,0,0,0,false,
493,494,31550,false,145,50,1.361,0,1.223,0,dynamic_visual_atlas_upload,,,cell_indirection_lut,1.205,2400,2400,0,0,-1,-1,,1991.701174,3.013,4.027,4.027,1,8,3,1.5,false,2,8.666,,,,,,,,,,,,,,,,,,,,,,,,,,,,,,,,,,,,,,,,,,0,0,0,0,false,0,0,,0,0,0,0,0,0,0,,,,,false,{},{},{},{},{},{},{},0,0,0.171,0,0,0.017,0,0,0,0,0,0.003,0,0,0,0,0,0,100,0,6.902667,11.936,0.071,6.714667,0,0,0,9,9,0,321,0,17,2,0,0,1,2400,0.021,0.025,0,ACTIVE,ACTIVE,,4095,4095,0,,true,16,false,0,0,true,1.8347,0.0008,19200,2280,0,,,,,,0,,,0,0,2,492,492,0,767545746801,3.059,0,0.027,0,0,494,493,2400,true,0,0,0,0,0,0,12,12,55224,0,0,0,0,0,0,0,0,0,0,0,0,0,,0,0,0,0,0,0,0,0,0,0,0,0,0,0,0,0,0,0,,0,0,0,0,0,0,false,
494,495,31571,false,145,50,1.525,0,1.302,0,dynamic_visual_atlas_upload,,,cell_indirection_lut,1.205,2400,2400,0,0,-1,-1,,1991.701174,3.013,4.027,4.027,1,8,3,1.5,false,2,8.666,,,,,,,,,,,,,,,,,,,,,,,,,,,,,,,,,,,,,,,,,,0,0,0,0,false,0,0,,0,0,0,0,0,0,0,,,,,false,{},{},{},{},{},{},{},0,6.92,7.156,0,0,0.016,0,0,0,0,0,0.003,0,0,0,0,0,0,100,0,10.5945,11.936,0.071,3.4225,0,0,0,9,9,0,321,0,17,2,0,0,1,2400,0.021,0.025,0,ACTIVE,ACTIVE,,4095,4095,0,,true,16,false,0,0,true,2.3594,0.0018,19200,2280,0,,,,,,0,,,0,0,2,493,493,0,767545766520,4.579,0,0.029,0,0,495,494,2400,true,0,0,0,0,0,0,12,12,19224,0,0,0,0,0,0,0,0,0,0,0,0,0,,0,0,0,0,0,0,0,0,0,0,0,0,0,0,0,0,0,0,,0,0,0,0,0,0,false,
495,496,31588,false,145,50,1.504,0,1.307,0,dynamic_visual_atlas_upload,,,cell_indirection_lut,1.205,2400,2400,0,0,-1,-1,,1991.701174,3.013,4.027,4.027,1,8,3,1.5,false,2,8.666,,,,,,,,,,,,,,,,,,,,,,,,,,,,,,,,,,,,,,,,,,0,0,0,0,false,0,0,,0,0,0,0,0,0,0,,,,,false,{},{},{},{},{},{},{},0,3.702,3.966,0,0,0.021,0,0,0,0,0,0.004,0,0,0,0,0,0,100,0,5.864333,11.936,0.071,1.877333,0,0,0,9,9,0,321,0,17,2,0,0,1,2400,0.021,0.025,0,ACTIVE,ACTIVE,,4095,4095,0,,true,16,false,0,0,true,1.9688,0.0013,19200,2272,0,,,,,,0,,,0,0,2,494,494,0,767545786458,2.264,0,0.029,0,0,496,495,2400,true,0,0,0,0,0,0,12,12,19224,0,0,0,0,0,0,0,0,0,0,0,0,0,,0,0,0,0,0,0,0,0,0,0,0,0,0,0,0,0,0,0,,0,0,0,0,0,0,false,
496,497,31609,false,145,50,1.61,0,1.361,0,dynamic_visual_atlas_upload,,,cell_indirection_lut,1.205,2400,2400,0,0,-1,-1,,1991.701174,3.013,4.027,4.027,1,8,3,1.5,false,2,8.666,,,,,,,,,,,,,,,,,,,,,,,,,,,,,,,,,,,,,,,,,,0,0,0,0,false,0,0,,0,0,0,0,0,0,0,,,,,false,{},{},{},{},{},{},{},0.001,3.597,3.793,0,0,0.022,0,0,0,0,0,0.004,0,0,0,0,0,0,100,0,6.841,11.936,0.071,3.026,0,0,0,9,9,0,321,0,17,2,0,0,1,2400,0.021,0.025,0,ACTIVE,ACTIVE,,4095,4095,0,,true,16,false,0,0,true,2.0736,0.0013,19200,2280,0,,,,,,0,,,0,0,2,495,495,0,767545805779,3.439,0,0.032,0,0,497,496,2400,true,0,0,0,0,0,0,12,12,19224,0,0,0,0,0,0,0,0,0,0,0,0,0,,0,0,0,0,0,0,0,0,0,0,0,0,0,0,0,0,0,0,,0,0,0,0,0,0,false,
497,498,31629,false,145,50,1.493,0,1.314,0,dynamic_visual_atlas_upload,,,cell_indirection_lut,1.205,2400,2400,0,0,-1,-1,,1991.701174,3.013,4.027,4.027,1,8,3,1.5,false,2,8.666,,,,,,,,,,,,,,,,,,,,,,,,,,,,,,,,,,,,,,,,,,0,0,0,0,false,0,0,,0,0,0,0,0,0,0,,,,,false,{},{},{},{},{},{},{},0,3.291,3.475,0,0,0.019,0,0,0,0,0,0.004,0,0,0,0,0,0,100,0,6.687333,11.936,0.071,3.193333,0,0,0,9,9,0,321,0,17,2,0,0,1,2400,0.021,0.025,0,ACTIVE,ACTIVE,,4095,4095,0,,true,16,false,0,0,true,1.9409,0.0014,19200,2271,0,,,,,,0,,,0,0,2,496,496,0,767545825863,3.56,0,0.03,0,0,498,497,2400,true,0,0,0,0,0,0,12,12,19224,0,0,0,0,0,0,0,0,0,0,0,0,0,,0,0,0,0,0,0,0,0,0,0,0,0,0,0,0,0,0,0,,0,0,0,0,0,0,false,
498,499,31651,false,145,50,1.608,0,1.36,0,dynamic_visual_atlas_upload,,,cell_indirection_lut,1.205,2400,2400,0,0,-1,-1,,1991.701174,3.013,4.027,4.027,1,8,3,1.5,false,2,8.666,,,,,,,,,,,,,,,,,,,,,,,,,,,,,,,,,,,,,,,,,,0,0,0,0,false,0,0,,0,0,0,0,0,0,0,,,,,false,{},{},{},{},{},{},{},0,4.246,4.47,0,0,0.022,0,0,0,0,0,0.003,0,0,0,0,0,0,100,0,7.389,11.936,0.071,2.897,0,0,0,9,9,0,321,0,17,2,0,0,1,2400,0.021,0.025,0,ACTIVE,ACTIVE,,4095,4095,0,,true,16,false,0,0,true,2.9966,0.0013,21600,2280,0,,,,,,0,,,0,0,2,497,497,0,767545845370,6.085,0,0.032,0,0,499,498,2400,true,0,0,0,0,0,0,12,12,19224,0,0,0,0,0,0,0,0,0,0,0,0,0,,0,0,0,0,0,0,0,0,0,0,0,0,0,0,0,0,0,0,,0,0,0,0,0,0,false,
499,500,31671,false,145,50,1.617,0,1.389,0,dynamic_visual_atlas_upload,,,cell_indirection_lut,1.205,2400,2400,0,0,-1,-1,,1991.701174,3.013,4.027,4.027,1,8,3,1.5,false,2,8.666,,,,,,,,,,,,,,,,,,,,,,,,,,,,,,,,,,,,,,,,,,0,0,0,0,false,0,0,,0,0,0,0,0,0,0,,,,,false,{},{},{},{},{},{},{},0,3.665,3.874,0,0,0.021,0,0,0,0,0,0.004,0,0,0,0,0,0,100,0,6.682667,11.936,0.071,2.787667,0,0,0,9,9,0,321,0,17,2,0,0,1,2400,0.021,0.025,0,ACTIVE,ACTIVE,,4095,4095,0,,true,16,false,0,0,true,2.0832,0.0018,19200,2272,0,,,,,,0,,,0,0,2,498,498,0,767545867361,4.213,0,0.035,0,0,500,499,2400,true,0,0,0,0,0,0,12,12,21624,0,0,0,0,0,0,0,0,0,0,0,0,0,,0,0,0,0,0,0,0,0,0,0,0,0,0,0,0,0,0,0,,0,0,0,0,0,0,false,
500,501,31692,false,145,50,1.794,0,1.512,0,dynamic_visual_atlas_upload,,,cell_indirection_lut,1.205,2400,2400,0,0,-1,-1,,1991.701174,3.013,4.027,4.027,1,8,3,1.5,false,2,8.666,,,,,,,,,,,,,,,,,,,,,,,,,,,,,,,,,,,,,,,,,,0,0,0,0,false,0,0,,0,0,0,0,0,0,0,,,,,false,{},{},{},{},{},{},{},0,3.841,4.035,0,0,0.021,0,0,0,0,0,0.003,0,0,0,0,0,0,100,0,6.970667,11.936,0.071,2.914667,0,0,0,9,9,0,321,0,17,2,0,0,1,2400,0.021,0.025,0,ACTIVE,ACTIVE,,4095,4095,0,,true,16,false,0,0,true,2.997,0.0018,52800,2280,0,,,,,,0,,,0,0,2,499,499,0,767545888066,4.391,0,0.033,0,0,501,500,2400,true,0,0,0,0,0,0,12,12,19224,0,0,0,0,0,0,0,0,0,0,0,0,0,,0,0,0,0,0,0,0,0,0,0,0,0,0,0,0,0,0,0,,0,0,0,0,0,0,false,
501,502,31727,false,145,50,1.631,0,1.422,0,dynamic_visual_atlas_upload,,,cell_indirection_lut,1.205,2400,2400,0,0,-1,-1,,1991.701174,3.013,4.027,4.027,1,8,3,1.5,false,2,8.666,,,,,,,,,,,,,,,,,,,,,,,,,,,,,,,,,,,,,,,,,,0,0,0,0,false,0,0,,0,0,0,0,0,0,0,,,,,false,{},{},{},{},{},{},{},0,4.757,5.005,0,0,0.035,0,0,0,0,0,0.005,0,0,0,0,0,0,100,0,7.0648,11.936,0.071,2.0248,0,0,0,9,9,0,321,0,17,2,0,0,1,2400,0.021,0.025,0,ACTIVE,ACTIVE,,4095,4095,0,,true,16,false,0,0,true,2.8337,0.0018,19200,2280,0,,,,,,0,,,0,0,2,500,500,0,767545916793,11.071,0,0.035,0,0,503,502,2400,true,0,0,0,0,0,0,12,12,52824,0,0,0,0,0,0,0,0,0,0,0,0,0,,0,0,0,0,0,0,0,0,0,0,0,0,0,0,0,0,0,0,,0,0,0,0,0,0,false,
502,503,31749,false,145,50,2.069,0,1.734,0,dynamic_visual_atlas_upload,,,cell_indirection_lut,1.205,2400,2400,0,0,-1,-1,,1991.701174,3.013,4.027,4.027,1,8,3,1.5,false,2,8.666,,,,,,,,,,,,,,,,,,,,,,,,,,,,,,,,,,,,,,,,,,0,0,0,0,false,0,0,,0,0,0,0,0,0,0,,,,,false,{},{},{},{},{},{},{},0,4.388,4.611,0,0,0.046,0,0,0,0,0,0.007,0,0,0,0,0,0,100,0,7.164333,11.936,0.071,2.507333,0,0,0,9,9,0,321,0,17,2,0,0,1,2400,0.021,0.025,0,ACTIVE,ACTIVE,,4095,4095,0,,true,16,false,0,0,true,2.6861,0.0016,19200,2280,0,,,,,,0,,,0,0,2,501,501,0,767545942598,6.71,0,0.033,0,0,504,503,2400,true,0,0,0,0,0,0,12,12,19224,0,0,0,0,0,0,0,0,0,0,0,0,0,,0,0,0,0,0,0,0,0,0,0,0,0,0,0,0,0,0,0,,0,0,0,0,0,0,false,
503,504,31767,false,145,50,1.502,0,1.32,0,dynamic_visual_atlas_upload,,,cell_indirection_lut,1.205,2400,2400,0,0,-1,-1,,1991.701174,3.013,4.027,4.027,1,8,3,1.5,false,2,8.666,,,,,,,,,,,,,,,,,,,,,,,,,,,,,,,,,,,,,,,,,,0,0,0,0,false,0,0,,0,0,0,0,0,0,0,,,,,false,{},{},{},{},{},{},{},0,3.287,3.469,0,0,0.015,0,0,0,0,0,0.002,0,0,0,0,0,0,100,0,6.066333,11.936,0.071,2.582333,0,0,0,9,9,0,321,0,17,2,0,0,1,2400,0.021,0.025,0,ACTIVE,ACTIVE,,4095,4095,0,,true,16,false,0,0,true,1.9738,0.0013,19200,2260,0,,,,,,0,,,0,0,2,502,502,0,767545965162,2.236,0,0.038,0,0,505,504,2400,true,0,0,0,0,0,0,12,12,19224,0,0,0,0,0,0,0,0,0,0,0,0,0,,0,0,0,0,0,0,0,0,0,0,0,0,0,0,0,0,0,0,,0,0,0,0,0,0,false,
504,505,31792,false,145,50,1.538,0,1.359,0,dynamic_visual_atlas_upload,,,cell_indirection_lut,1.205,2400,2400,0,0,-1,-1,,1991.701174,3.013,4.027,4.027,1,8,3,1.5,false,2,8.666,,,,,,,,,,,,,,,,,,,,,,,,,,,,,,,,,,,,,,,,,,0,0,0,0,false,0,0,,0,0,0,0,0,0,0,,,,,false,{},{},{},{},{},{},{},0,0,0.232,0,0,0.021,0,0,0,0,0,0.003,0,0,0,0,0,0,100,0,6.089,11.936,0.071,5.836,0,0,0,9,9,0,321,0,17,2,0,0,1,2400,0.021,0.025,0,ACTIVE,ACTIVE,,4095,4095,0,,true,16,false,0,0,true,2.8605,0.0011,21600,2271,0,,,,,,0,,,0,0,2,503,503,0,767545988078,3.667,0,0.031,0,0,506,505,2400,true,0,0,0,0,0,0,12,12,19224,0,0,0,0,0,0,0,0,0,0,0,0,0,,0,0,0,0,0,0,0,0,0,0,0,0,0,0,0,0,0,0,,0,0,0,0,0,0,false,
505,506,31812,false,145,50,1.463,0,1.296,0,dynamic_visual_atlas_upload,,,cell_indirection_lut,1.205,2400,2400,0,0,-1,-1,,1991.701174,3.013,4.027,4.027,1,8,3,1.5,false,2,8.666,,,,,,,,,,,,,,,,,,,,,,,,,,,,,,,,,,,,,,,,,,0,0,0,0,false,0,0,,0,0,0,0,0,0,0,,,,,false,{},{},{},{},{},{},{},0,0,0.228,0,0,0.011,0,0,0,0,0,0.002,0,0,0,0,0,0,100,0,6.837,11.936,0.071,6.598,0,0,0,9,9,0,321,0,17,2,0,0,1,2400,0.021,0.025,0,ACTIVE,ACTIVE,,4095,4095,0,,true,16,false,0,0,true,2.517,0.0015,19200,2280,0,,,,,,0,,,0,0,2,504,504,0,767546008295,3.949,0,0.029,0,0,507,506,2400,true,0,0,0,0,0,0,12,12,21624,0,0,0,0,0,0,0,0,0,0,0,0,0,,0,0,0,0,0,0,0,0,0,0,0,0,0,0,0,0,0,0,,0,0,0,0,0,0,false,
506,507,31834,false,145,50,2.685,0,2.295,0,dynamic_visual_atlas_upload,,,cell_indirection_lut,1.205,2400,2400,0,0,-1,-1,,1991.701174,3.013,4.027,4.027,1,8,3,1.5,false,2,8.666,,,,,,,,,,,,,,,,,,,,,,,,,,,,,,,,,,,,,,,,,,0,0,0,0,false,0,0,,0,0,0,0,0,0,0,,,,,false,{},{},{},{},{},{},{},0,0,0.242,0,0,0.02,0,0,0,0,0,0.003,0,0,0,0,0,0,100,0,7.348667,11.936,0.071,7.086667,0,0,0,9,9,0,321,0,17,2,0,0,1,2400,0.021,0.025,0,ACTIVE,ACTIVE,,4095,4095,0,,true,16,false,0,0,true,1.8748,0.001,19200,2270,0,,,,,,0,,,0,0,2,505,505,0,767546028348,6.597,0,0.028,0,0,508,507,2400,true,0,0,0,0,0,0,12,12,19224,0,0,0,0,0,0,0,0,0,0,0,0,0,,0,0,0,0,0,0,0,0,0,0,0,0,0,0,0,0,0,0,,0,0,0,0,0,0,false,
507,508,31850,false,145,50,1.455,0,1.296,0,dynamic_visual_atlas_upload,,,cell_indirection_lut,1.205,2400,2400,0,0,-1,-1,,1991.701174,3.013,4.027,4.027,1,8,3,1.5,false,2,8.666,,,,,,,,,,,,,,,,,,,,,,,,,,,,,,,,,,,,,,,,,,0,0,0,0,false,0,0,,0,0,0,0,0,0,0,,,,,false,{},{},{},{},{},{},{},0,3.917,4.075,0,0,0.016,0,0,0,0,0,0.003,0,0,0,0,0,0,100,0,8.1855,11.936,0.071,4.0945,0,0,0,9,9,0,321,0,17,2,0,0,1,2400,0.021,0.025,0,ACTIVE,ACTIVE,,4095,4095,0,,true,16,false,0,0,true,1.9489,0.001,19200,2271,0,,,,,,0,,,0,0,2,506,506,0,767546047777,2.927,0,0.057,0,0,509,508,2400,true,0,0,0,0,0,0,12,12,19224,0,0,0,0,0,0,0,0,0,0,0,0,0,,0,0,0,0,0,0,0,0,0,0,0,0,0,0,0,0,0,0,,0,0,0,0,0,0,false,
508,509,31871,false,145,50,1.646,0,1.258,0,dynamic_visual_atlas_upload,,,cell_indirection_lut,1.205,2400,2400,0,0,-1,-1,,1991.701174,3.013,4.027,4.027,1,8,3,1.5,false,2,8.666,,,,,,,,,,,,,,,,,,,,,,,,,,,,,,,,,,,,,,,,,,0,0,0,0,false,0,0,,0,0,0,0,0,0,0,,,,,false,{},{},{},{},{},{},{},0,3.432,3.604,0,0,0.019,0,0,0,0,0,0.003,0,0,0,0,0,0,100,0,6.796667,11.936,0.071,3.173667,0,0,0,9,9,0,321,0,17,2,0,0,1,2400,0.021,0.025,0,ACTIVE,ACTIVE,,4095,4095,0,,true,16,false,0,0,true,2.6239,0.0014,52800,2280,0,,,,,,0,,,0,0,2,507,507,0,767546066198,5.127,0,0.029,0,0,510,509,2400,true,0,0,0,0,0,0,12,12,19224,0,0,0,0,0,0,0,0,0,0,0,0,0,,0,0,0,0,0,0,0,0,0,0,0,0,0,0,0,0,0,0,,0,0,0,0,0,0,false,
509,510,31891,false,145,50,1.383,0,1.246,0,dynamic_visual_atlas_upload,,,cell_indirection_lut,1.205,2400,2400,0,0,-1,-1,,1991.701174,3.013,4.027,4.027,1,8,3,1.5,false,2,8.666,,,,,,,,,,,,,,,,,,,,,,,,,,,,,,,,,,,,,,,,,,0,0,0,0,false,0,0,,0,0,0,0,0,0,0,,,,,false,{},{},{},{},{},{},{},0,2.974,3.121,0,0,0.016,0,0,0,0,0,0.002,0,0,0,0,0,0,100,0,6.621333,11.936,0.071,3.484333,0,0,0,9,9,0,321,0,17,2,0,0,1,2400,0.021,0.025,0,ACTIVE,ACTIVE,,4095,4095,0,,true,16,false,0,0,true,1.874,0.0009,19200,2280,0,,,,,,0,,,0,0,2,508,508,0,767546086345,4.625,0,0.052,0,0,511,510,2400,true,0,0,0,0,0,0,12,12,52824,0,0,0,0,0,0,0,0,0,0,0,0,0,,0,0,0,0,0,0,0,0,0,0,0,0,0,0,0,0,0,0,,0,0,0,0,0,0,false,
510,511,31912,false,145,50,1.447,0,1.302,0,dynamic_visual_atlas_upload,,,cell_indirection_lut,1.205,2400,2400,0,0,-1,-1,,1991.701174,3.013,4.027,4.027,1,8,3,1.5,false,2,8.666,,,,,,,,,,,,,,,,,,,,,,,,,,,,,,,,,,,,,,,,,,0,0,0,0,false,0,0,,0,0,0,0,0,0,0,,,,,false,{},{},{},{},{},{},{},0,3.346,3.531,0,0,0.018,0,0,0,0,0,0.003,0,0,0,0,0,0,100,0,7.001,11.936,0.071,3.452,0,0,0,9,9,0,321,0,17,2,0,0,1,2400,0.021,0.025,0,ACTIVE,ACTIVE,,4095,4095,0,,true,16,false,0,0,true,2.4214,0.0011,21600,2273,0,,,,,,0,,,0,0,2,509,509,0,767546105665,6.266,0,0.027,0,0,512,511,2400,true,0,0,0,0,0,0,12,12,19224,0,0,0,0,0,0,0,0,0,0,0,0,0,,0,0,0,0,0,0,0,0,0,0,0,0,0,0,0,0,0,0,,0,0,0,0,0,0,false,
511,512,31930,false,145,50,1.458,0,1.284,0,dynamic_visual_atlas_upload,,,cell_indirection_lut,1.205,2400,2400,0,0,-1,-1,,1991.701174,3.013,4.027,4.027,1,8,3,1.5,false,2,8.666,,,,,,,,,,,,,,,,,,,,,,,,,,,,,,,,,,,,,,,,,,0,0,0,0,false,0,0,,0,0,0,0,0,0,0,,,,,false,{},{},{},{},{},{},{},0,0,0.214,0,0,0.016,0,0,0,0,0,0,0,0,0,0,0,0,100,0,5.984333,11.936,0.071,5.754333,0,0,0,9,9,0,321,0,17,2,0,0,1,2400,0.021,0.025,0,ACTIVE,ACTIVE,,4095,4095,0,,true,16,false,0,0,true,2.06,0.0014,19200,2277,0,,,,,,0,,,0,0,2,510,510,0,767546124313,5.577,0,0.03,0,0,513,512,2400,true,0,0,0,0,0,0,12,12,21624,0,0,0,0,0,0,0,0,0,0,0,0,0,,0,0,0,0,0,0,0,0,0,0,0,0,0,0,0,0,0,0,,0,0,0,0,0,0,false,
512,513,31946,false,145,50,1.394,0,1.246,0,dynamic_visual_atlas_upload,,,cell_indirection_lut,1.205,2400,2400,0,0,-1,-1,,1991.701174,3.013,4.027,4.027,1,8,3,1.5,false,2,8.666,,,,,,,,,,,,,,,,,,,,,,,,,,,,,,,,,,,,,,,,,,0,0,0,0,false,0,0,,0,0,0,0,0,0,0,,,,,false,{},{},{},{},{},{},{},0,2.942,3.103,0,0,0.015,0,0,0,0,0,0,0,0,0,0,0,0,100,0,8.2235,11.936,0.071,5.1055,0,0,0,9,9,0,321,0,17,2,0,0,1,2400,0.021,0.025,0,ACTIVE,ACTIVE,,4095,4095,0,,true,16,false,0,0,true,1.8575,0.0009,19200,2269,0,,,,,,0,,,0,0,2,511,511,0,767546142924,3.431,0,0.028,0,0,514,513,2400,true,0,0,0,0,0,0,12,12,19224,0,0,0,0,0,0,0,0,0,0,0,0,0,,0,0,0,0,0,0,0,0,0,0,0,0,0,0,0,0,0,0,,0,0,0,0,0,0,false,
513,514,31967,false,145,50,1.436,0,1.289,0,dynamic_visual_atlas_upload,,,cell_indirection_lut,1.205,2400,2400,0,0,-1,-1,,1991.701174,3.013,4.027,4.027,1,8,3,1.5,false,2,8.666,,,,,,,,,,,,,,,,,,,,,,,,,,,,,,,,,,,,,,,,,,0,0,0,0,false,0,0,,0,0,0,0,0,0,0,,,,,false,{},{},{},{},{},{},{},0,3.362,3.547,0,0,0.016,0,0,0,0,0,0,0,0,0,0,0,0,100,0,6.977,11.936,0.071,3.414,0,0,0,9,9,0,321,0,17,2,0,0,1,2400,0.021,0.025,0,ACTIVE,ACTIVE,,4095,4095,0,,true,16,false,0,0,true,1.8591,0.001,19200,2278,0,,,,,,0,,,0,0,2,512,512,0,767546161673,5.704,0,0.027,0,0,515,514,2400,true,0,0,0,0,0,0,12,12,19224,0,0,0,0,0,0,0,0,0,0,0,0,0,,0,0,0,0,0,0,0,0,0,0,0,0,0,0,0,0,0,0,,0,0,0,0,0,0,false,
514,515,31988,false,145,50,1.528,0,1.357,0,dynamic_visual_atlas_upload,,,cell_indirection_lut,1.205,2400,2400,0,0,-1,-1,,1991.701174,3.013,4.027,4.027,1,8,3,1.5,false,2,8.666,,,,,,,,,,,,,,,,,,,,,,,,,,,,,,,,,,,,,,,,,,0,0,0,0,false,0,0,,0,0,0,0,0,0,0,,,,,false,{},{},{},{},{},{},{},0,3.471,3.62,0,0,0.012,0,0,0,0,0,0,0,0,0,0,0,0,100,0,6.896333,11.936,0.071,3.264333,0,0,0,9,9,0,321,0,17,2,0,0,1,2400,0.021,0.025,0,ACTIVE,ACTIVE,,4095,4095,0,,true,16,false,0,0,true,1.817,0.0009,19200,2280,0,,,,,,0,,,0,0,2,513,513,0,767546179429,8.582,0,0.028,0,0,516,515,2400,true,0,0,0,0,0,0,12,12,19224,0,0,0,0,0,0,0,0,0,0,0,0,0,,0,0,0,0,0,0,0,0,0,0,0,0,0,0,0,0,0,0,,0,0,0,0,0,0,false,
515,516,32009,false,145,50,1.403,0,1.272,0,dynamic_visual_atlas_upload,,,cell_indirection_lut,1.205,2400,2400,0,0,-1,-1,,1991.701174,3.013,4.027,4.027,1,8,3,1.5,false,2,8.666,,,,,,,,,,,,,,,,,,,,,,,,,,,,,,,,,,,,,,,,,,0,0,0,0,false,0,0,,0,0,0,0,0,0,0,,,,,false,{},{},{},{},{},{},{},0,3.89,4.055,0,0,0.014,0,0,0,0,0,0,0,0,0,0,0,0,100,0,7.015667,11.936,0.071,2.946667,0,0,0,9,9,0,321,0,17,2,0,0,1,2400,0.021,0.025,0,ACTIVE,ACTIVE,,4095,4095,0,,true,16,false,0,0,true,2.0256,0.0009,19200,2278,0,,,,,,0,,,0,0,2,514,514,0,767546198888,10.105,0,0.03,0,0,517,516,2400,true,0,0,0,0,0,0,12,12,19224,0,0,0,0,0,0,0,0,0,0,0,0,0,,0,0,0,0,0,0,0,0,0,0,0,0,0,0,0,0,0,0,,0,0,0,0,0,0,false,
516,517,32031,false,145,50,2.477,0,2.23,0,dynamic_visual_atlas_upload,,,cell_indirection_lut,1.205,2400,2400,0,0,-1,-1,,1991.701174,3.013,4.027,4.027,1,8,3,1.5,false,2,8.666,,,,,,,,,,,,,,,,,,,,,,,,,,,,,,,,,,,,,,,,,,0,0,0,0,false,0,0,,0,0,0,0,0,0,0,,,,,false,{},{},{},{},{},{},{},0,4.277,4.542,0,0,0.017,0,0,0,0,0,0,0,0,0,0,0,0,100,0,7.543333,11.644,0.077,2.984333,0,0,0,9,9,0,321,0,17,2,0,0,1,2400,0.021,0.025,0,ACTIVE,ACTIVE,,4095,4095,0,,true,16,false,0,0,true,3.653,0.0015,55200,2280,0,,,,,,0,,,0,0,2,515,515,0,767546217168,14.64,0,0.036,0,0,518,517,2400,true,0,0,0,0,0,0,12,12,19224,0,0,0,0,0,0,0,0,0,0,0,0,0,,0,0,0,0,0,0,0,0,0,0,0,0,0,0,0,0,0,0,,0,0,0,0,0,0,false,
517,518,32050,false,145,50,1.669,0,1.433,0,dynamic_visual_atlas_upload,,,cell_indirection_lut,1.205,2400,2400,0,0,-1,-1,,1991.701174,3.013,4.027,4.027,1,8,3,1.5,false,2,8.666,,,,,,,,,,,,,,,,,,,,,,,,,,,,,,,,,,,,,,,,,,0,0,0,0,false,0,0,,0,0,0,0,0,0,0,,,,,false,{},{},{},{},{},{},{},0,3.475,3.684,0,0,0.019,0,0,0,0,0,0,0,0,0,0,0,0,100,0,6.265667,11.644,0.077,2.562667,0,0,0,9,9,0,321,0,17,2,0,0,1,2400,0.021,0.025,0,ACTIVE,ACTIVE,,4095,4095,0,,true,16,false,0,0,true,2.5096,0.0016,19200,2280,0,,,,,,0,,,0,0,2,516,516,0,767546238535,12.234,0,0.063,0,0,519,518,2400,true,0,0,0,0,0,0,12,12,55224,0,0,0,0,0,0,0,0,0,0,0,0,0,,0,0,0,0,0,0,0,0,0,0,0,0,0,0,0,0,0,0,,0,0,0,0,0,0,false,
518,519,32071,false,145,50,1.423,0,1.278,0,dynamic_visual_atlas_upload,,,cell_indirection_lut,1.205,2400,2400,0,0,-1,-1,,1991.701174,3.013,4.027,4.027,1,8,3,1.5,false,2,8.666,,,,,,,,,,,,,,,,,,,,,,,,,,,,,,,,,,,,,,,,,,0,0,0,0,false,0,0,,0,0,0,0,0,0,0,,,,,false,{},{},{},{},{},{},{},0,4.145,4.363,0,0,0.031,0,0,0,0,0,0,0,0,0,0,0,0,100,0,7.090333,11.644,0.077,2.696333,0,0,0,9,9,0,321,0,17,2,0,0,1,2400,0.021,0.025,0,ACTIVE,ACTIVE,,4095,4095,0,,true,16,false,0,0,true,2.1282,0.0022,19200,2279,0,,,,,,0,,,0,0,2,517,517,0,767546260720,11.031,0,0.035,0,0,520,519,2400,true,0,0,0,0,0,0,12,12,19224,0,0,0,0,0,0,0,0,0,0,0,0,0,,0,0,0,0,0,0,0,0,0,0,0,0,0,0,0,0,0,0,,0,0,0,0,0,0,false,
519,520,32092,false,145,50,1.933,0,1.666,0,dynamic_visual_atlas_upload,,,cell_indirection_lut,1.205,2400,2400,0,0,-1,-1,,1991.701174,3.013,4.027,4.027,1,8,3,1.5,false,2,8.666,,,,,,,,,,,,,,,,,,,,,,,,,,,,,,,,,,,,,,,,,,0,0,0,0,false,0,0,,0,0,0,0,0,0,0,,,,,false,{},{},{},{},{},{},{},0,3.778,3.98,0,0,0.018,0,0,0,0,0,0,0,0,0,0,0,0,100,0,6.914,11.644,0.077,2.916,0,0,0,9,9,0,321,0,17,2,0,0,1,2400,0.021,0.025,0,ACTIVE,ACTIVE,,4095,4095,0,,true,16,false,0,0,true,2.1104,0.0024,19200,2280,0,,,,,,0,,,0,0,2,518,518,0,767546280416,12.066,0,0.03,0,0,521,520,2400,true,0,0,0,0,0,0,12,12,19224,0,0,0,0,0,0,0,0,0,0,0,0,0,,0,0,0,0,0,0,0,0,0,0,0,0,0,0,0,0,0,0,,0,0,0,0,0,0,false,
520,521,32113,false,145,50,1.48,0,1.327,0,dynamic_visual_atlas_upload,,,cell_indirection_lut,1.205,2400,2400,0,0,-1,-1,,1991.701174,3.013,4.027,4.027,1,8,3,1.5,false,2,8.666,,,,,,,,,,,,,,,,,,,,,,,,,,,,,,,,,,,,,,,,,,0,0,0,0,false,0,0,,0,0,0,0,0,0,0,,,,,false,{},{},{},{},{},{},{},0,3.772,3.973,0,0,0.019,0,0,0,0,0,0,0,0,0,0,0,0,100,0,6.766,11.644,0.077,2.774,0,0,0,9,9,0,321,0,17,2,0,0,1,2400,0.021,0.025,0,ACTIVE,ACTIVE,,4095,4095,0,,true,16,false,0,0,true,1.9645,0.0015,19200,2280,0,,,,,,0,,,0,0,2,519,519,0,767546301100,11.851,0,0.032,0,0,522,521,2400,true,0,0,0,0,0,0,12,12,19224,0,0,0,0,0,0,0,0,0,0,0,0,0,,0,0,0,0,0,0,0,0,0,0,0,0,0,0,0,0,0,0,,0,0,0,0,0,0,false,
521,522,32127,false,145,50,2.53,0,2.19,0,dynamic_visual_atlas_upload,,,cell_indirection_lut,1.205,2400,2400,0,0,-1,-1,,1991.701174,3.013,4.027,4.027,1,8,3,1.5,false,2,8.666,,,,,,,,,,,,,,,,,,,,,,,,,,,,,,,,,,,,,,,,,,0,0,0,0,false,0,0,,0,0,0,0,0,0,0,,,,,false,{},{},{},{},{},{},{},0,3.287,3.48,0,0,0.018,0,0,0,0,0,0,0,0,0,0,0,0,100,0,7.2075,11.644,0.077,3.7095,0,0,0,9,9,0,321,0,17,2,0,0,1,2400,0.021,0.025,0,ACTIVE,ACTIVE,,4095,4095,0,,true,16,false,0,0,true,2.6113,0.0019,19200,2280,0,,,,,,0,,,0,0,2,520,520,0,767546320709,6.554,0,0.033,0,0,523,522,2400,true,0,0,0,0,0,0,12,12,19224,0,0,0,0,0,0,0,0,0,0,0,0,0,,0,0,0,0,0,0,0,0,0,0,0,0,0,0,0,0,0,0,,0,0,0,0,0,0,false,
522,523,32147,false,145,50,1.594,0,1.372,0,dynamic_visual_atlas_upload,,,cell_indirection_lut,1.205,2400,2400,0,0,-1,-1,,1991.701174,3.013,4.027,4.027,1,8,3,1.5,false,2,8.666,,,,,,,,,,,,,,,,,,,,,,,,,,,,,,,,,,,,,,,,,,0,0,0,0,false,0,0,,0,0,0,0,0,0,0,,,,,false,{},{},{},{},{},{},{},0,3.975,4.176,0,0,0.017,0,0,0,0,0,0,0,0,0,0,0,0,100,0,6.848333,11.644,0.077,2.655333,0,0,0,9,9,0,321,0,17,2,0,0,1,2400,0.021,0.025,0,ACTIVE,ACTIVE,,4095,4095,0,,true,16,false,0,0,true,3.0268,0.002,21600,2280,0,,,,,,0,,,0,0,2,521,521,0,767546341512,6.291,0,0.034,0,0,524,523,2400,true,0,0,0,0,0,0,12,12,19224,0,0,0,0,0,0,0,0,0,0,0,0,0,,0,0,0,0,0,0,0,0,0,0,0,0,0,0,0,0,0,0,,0,0,0,0,0,0,false,
523,524,32168,false,145,50,1.623,0,1.435,0,dynamic_visual_atlas_upload,,,cell_indirection_lut,1.205,2400,2400,0,0,-1,-1,,1991.701174,3.013,4.027,4.027,1,8,3,1.5,false,2,8.666,,,,,,,,,,,,,,,,,,,,,,,,,,,,,,,,,,,,,,,,,,0,0,0,0,false,0,0,,0,0,0,0,0,0,0,,,,,false,{},{},{},{},{},{},{},0,3.695,3.889,0,0,0.018,0,0,0,0,0,0,0,0,0,0,0,0,100,0,6.838667,11.644,0.077,2.931667,0,0,0,9,9,0,321,0,17,2,0,0,1,2400,0.021,0.025,0,ACTIVE,ACTIVE,,4095,4095,0,,true,16,false,0,0,true,1.9446,0.0015,19200,2280,0,,,,,,0,,,0,0,2,522,522,0,767546362012,6.221,0,0.034,0,0,525,524,2400,true,0,0,0,0,0,0,12,12,21624,0,0,0,0,0,0,0,0,0,0,0,0,0,,0,0,0,0,0,0,0,0,0,0,0,0,0,0,0,0,0,0,,0,0,0,0,0,0,false,
524,525,32188,false,145,50,1.632,0,1.428,0,dynamic_visual_atlas_upload,,,cell_indirection_lut,1.205,2400,2400,0,0,-1,-1,,1991.701174,3.013,4.027,4.027,1,8,3,1.5,false,2,8.666,,,,,,,,,,,,,,,,,,,,,,,,,,,,,,,,,,,,,,,,,,0,0,0,0,false,0,0,,0,0,0,0,0,0,0,,,,,false,{},{},{},{},{},{},{},0,3.541,3.735,0,0,0.018,0,0,0,0,0,0,0,0,0,0,0,0,100,0,6.741,11.644,0.077,2.988,0,0,0,9,9,0,321,0,17,2,0,0,1,2400,0.021,0.025,0,ACTIVE,ACTIVE,,4095,4095,0,,true,16,false,0,0,true,2.6865,0.0021,52800,2280,0,,,,,,0,,,0,0,2,523,523,0,767546381285,7.236,0,0.03,0,0,526,525,2400,true,0,0,0,0,0,0,12,12,19224,0,0,0,0,0,0,0,0,0,0,0,0,0,,0,0,0,0,0,0,0,0,0,0,0,0,0,0,0,0,0,0,,0,0,0,0,0,0,false,
525,526,32210,false,145,50,1.507,0,1.347,0,dynamic_visual_atlas_upload,,,cell_indirection_lut,1.205,2400,2400,0,0,-1,-1,,1991.701174,3.013,4.027,4.027,1,8,3,1.5,false,2,8.666,,,,,,,,,,,,,,,,,,,,,,,,,,,,,,,,,,,,,,,,,,0,0,0,0,false,0,0,,0,0,0,0,0,0,0,,,,,false,{},{},{},{},{},{},{},0,4.53,4.731,0,0,0.017,0,0,0,0,0,0,0,0,0,0,0,0,100,0,7.164667,11.644,0.077,2.416667,0,0,0,9,9,0,321,0,17,2,0,0,1,2400,0.021,0.025,0,ACTIVE,ACTIVE,,4095,4095,0,,true,16,false,0,0,true,2.4346,0.0015,19200,2280,0,,,,,,0,,,0,0,2,524,524,0,767546401757,8.199,0,0.03,0,0,527,526,2400,true,0,0,0,0,0,0,12,12,52824,0,0,0,0,0,0,0,0,0,0,0,0,0,,0,0,0,0,0,0,0,0,0,0,0,0,0,0,0,0,0,0,,0,0,0,0,0,0,false,
526,527,32229,false,145,50,1.486,0,1.335,0,dynamic_visual_atlas_upload,,,cell_indirection_lut,1.205,2400,2400,0,0,-1,-1,,1991.701174,3.013,4.027,4.027,1,8,3,1.5,false,2,8.666,,,,,,,,,,,,,,,,,,,,,,,,,,,,,,,,,,,,,,,,,,0,0,0,0,false,0,0,,0,0,0,0,0,0,0,,,,,false,{},{},{},{},{},{},{},0,3.532,3.717,0,0,0.018,0,0,0,0,0,0,0,0,0,0,0,0,100,0,6.563667,11.644,0.077,2.828667,0,0,0,9,9,0,321,0,17,2,0,0,1,2400,0.021,0.025,0,ACTIVE,ACTIVE,,4095,4095,0,,true,16,false,0,0,true,1.9268,0.0018,19200,2280,0,,,,,,0,,,0,0,2,525,525,0,767546423395,6.274,0,0.037,0,0,528,527,2400,true,0,0,0,0,0,0,12,12,19224,0,0,0,0,0,0,0,0,0,0,0,0,0,,0,0,0,0,0,0,0,0,0,0,0,0,0,0,0,0,0,0,,0,0,0,0,0,0,false,
527,528,32251,false,145,50,1.662,0,1.384,0,dynamic_visual_atlas_upload,,,cell_indirection_lut,1.205,2400,2400,0,0,-1,-1,,1991.701174,3.013,4.027,4.027,1,8,3,1.5,false,2,8.666,,,,,,,,,,,,,,,,,,,,,,,,,,,,,,,,,,,,,,,,,,0,0,0,0,false,0,0,,0,0,0,0,0,0,0,,,,,false,{},{},{},{},{},{},{},0,3.976,4.191,0,0,0.021,0,0,0,0,0,0,0,0,0,0,0,0,100,0,7.201333,11.644,0.077,2.989333,0,0,0,9,9,0,321,0,17,2,0,0,1,2400,0.021,0.025,0,ACTIVE,ACTIVE,,4095,4095,0,,true,16,false,0,0,true,2.2446,0.0022,19200,2280,0,,,,,,0,,,0,0,2,526,526,0,767546442743,8.603,0,0.03,0,0,529,528,2400,true,0,0,0,0,0,0,12,12,19224,0,0,0,0,0,0,0,0,0,0,0,0,0,,0,0,0,0,0,0,0,0,0,0,0,0,0,0,0,0,0,0,,0,0,0,0,0,0,false,
528,529,32272,false,145,50,1.574,0,1.385,0,dynamic_visual_atlas_upload,,,cell_indirection_lut,1.205,2400,2400,0,0,-1,-1,,1991.701174,3.013,4.027,4.027,1,8,3,1.5,false,2,8.666,,,,,,,,,,,,,,,,,,,,,,,,,,,,,,,,,,,,,,,,,,0,0,0,0,false,0,0,,0,0,0,0,0,0,0,,,,,false,{},{},{},{},{},{},{},0,4.15,4.387,0,0,0.02,0,0,0,0,0,0,0,0,0,0,0,0,100,0,6.887333,11.644,0.077,2.480333,0,0,0,9,9,0,321,0,17,2,0,0,1,2400,0.021,0.025,0,ACTIVE,ACTIVE,,4095,4095,0,,true,16,false,0,0,true,2.7414,0.0027,21600,2280,0,,,,,,0,,,0,0,2,527,527,0,767546462922,9.021,0,0.033,0,0,530,529,2400,true,0,0,0,0,0,0,12,12,19224,0,0,0,0,0,0,0,0,0,0,0,0,0,,0,0,0,0,0,0,0,0,0,0,0,0,0,0,0,0,0,0,,0,0,0,0,0,0,false,
529,530,32292,false,145,50,1.618,0,1.376,0,dynamic_visual_atlas_upload,,,cell_indirection_lut,1.205,2400,2400,0,0,-1,-1,,1991.701174,3.013,4.027,4.027,1,8,3,1.5,false,2,8.666,,,,,,,,,,,,,,,,,,,,,,,,,,,,,,,,,,,,,,,,,,0,0,0,0,false,0,0,,0,0,0,0,0,0,0,,,,,false,{},{},{},{},{},{},{},0,3.659,3.869,0,0,0.018,0,0,0,0,0,0,0,0,0,0,0,0,100,0,6.733,11.644,0.077,2.846,0,0,0,9,9,0,321,0,17,2,0,0,1,2400,0.021,0.025,0,ACTIVE,ACTIVE,,4095,4095,0,,true,16,false,0,0,true,2.0468,0.0017,19200,2280,0,,,,,,0,,,0,0,2,528,528,0,767546484848,7.277,0,0.033,0,0,531,530,2400,true,0,0,0,0,0,0,12,12,21624,0,0,0,0,0,0,0,0,0,0,0,0,0,,0,0,0,0,0,0,0,0,0,0,0,0,0,0,0,0,0,0,,0,0,0,0,0,0,false,
530,531,32313,false,145,50,1.53,0,1.369,0,dynamic_visual_atlas_upload,,,cell_indirection_lut,1.205,2400,2400,0,0,-1,-1,,1991.701174,3.013,4.027,4.027,1,8,3,1.5,false,2,8.666,,,,,,,,,,,,,,,,,,,,,,,,,,,,,,,,,,,,,,,,,,0,0,0,0,false,0,0,,0,0,0,0,0,0,0,,,,,false,{},{},{},{},{},{},{},0,3.816,4.026,0,0,0.018,0,0,0,0,0,0,0,0,0,0,0,0,100,0,6.910667,11.644,0.077,2.866667,0,0,0,9,9,0,321,0,17,2,0,0,1,2400,0.021,0.025,0,ACTIVE,ACTIVE,,4095,4095,0,,true,16,false,0,0,true,2.2019,0.0021,19200,2280,0,,,,,,0,,,0,0,2,529,529,0,767546504960,8.131,0,0.031,0,0,532,531,2400,true,0,0,0,0,0,0,12,12,19224,0,0,0,0,0,0,0,0,0,0,0,0,0,,0,0,0,0,0,0,0,0,0,0,0,0,0,0,0,0,0,0,,0,0,0,0,0,0,false,
531,532,32331,false,145,50,1.76,0,1.512,0,dynamic_visual_atlas_upload,,,cell_indirection_lut,1.205,2400,2400,0,0,-1,-1,,1991.701174,3.013,4.027,4.027,1,8,3,1.5,false,2,8.666,,,,,,,,,,,,,,,,,,,,,,,,,,,,,,,,,,,,,,,,,,0,0,0,0,false,0,0,,0,0,0,0,0,0,0,,,,,false,{},{},{},{},{},{},{},0,7.233,7.413,0,0,0.014,0,0,0,0,0,0,0,0,0,0,0,0,100,0,9.016,11.644,0.077,1.589,0,0,0,9,9,0,321,0,17,2,0,0,1,2400,0.021,0.025,0,ACTIVE,ACTIVE,,4095,4095,0,,true,16,false,0,0,true,1.9213,0.0011,19200,2280,0,,,,,,0,,,0,0,2,530,530,0,767546525135,5.785,0,0.049,0,0,533,532,2400,true,0,0,0,0,0,0,12,12,19224,0,0,0,0,0,0,0,0,0,0,0,0,0,,0,0,0,0,0,0,0,0,0,0,0,0,0,0,0,0,0,0,,0,0,0,0,0,0,false,
532,533,32352,false,145,50,2.224,0,2.026,0,dynamic_visual_atlas_upload,,,cell_indirection_lut,1.205,2400,2400,0,0,-1,-1,,1991.701174,3.013,4.027,4.027,1,8,3,1.5,false,2,8.666,,,,,,,,,,,,,,,,,,,,,,,,,,,,,,,,,,,,,,,,,,0,0,0,0,false,0,0,,0,0,0,0,0,0,0,,,,,false,{},{},{},{},{},{},{},0,0.001,0.327,0,0,0.023,0,0,0,0,0,0,0,0,0,0,0,0,100,0,5.2985,11.644,0.077,4.9485,0,0,0,9,9,0,321,0,17,2,0,0,1,2400,0.021,0.025,0,ACTIVE,ACTIVE,,4095,4095,0,,true,16,false,0,0,true,2.808,0.0016,52800,2279,0,,,,,,0,,,0,0,2,531,531,0,767546545756,6.3,0,0.031,0,0,534,533,2400,true,0,0,0,0,0,0,12,12,19224,0,0,0,0,0,0,0,0,0,0,0,0,0,,0,0,0,0,0,0,0,0,0,0,0,0,0,0,0,0,0,0,,0,0,0,0,0,0,false,
533,534,32368,false,145,50,1.535,0,1.328,0,dynamic_visual_atlas_upload,,,cell_indirection_lut,1.205,2400,2400,0,0,-1,-1,,1991.701174,3.013,4.027,4.027,1,8,3,1.5,false,2,8.666,,,,,,,,,,,,,,,,,,,,,,,,,,,,,,,,,,,,,,,,,,0,0,0,0,false,0,0,,0,0,0,0,0,0,0,,,,,false,{},{},{},{},{},{},{},0,3.169,3.461,0,0,0.016,0,0,0,0,0,0,0,0,0,0,0,0,100,0,7.913,11.644,0.077,4.436,0,0,0,9,9,0,321,0,17,2,0,0,1,2400,0.021,0.025,0,ACTIVE,ACTIVE,,4095,4095,0,,true,16,false,0,0,true,1.9616,0.0011,19200,2280,0,,,,,,0,,,0,0,2,532,532,0,767546565337,2.535,0,0.029,0,0,535,534,2400,true,0,0,0,0,0,0,12,12,52824,0,0,0,0,0,0,0,0,0,0,0,0,0,,0,0,0,0,0,0,0,0,0,0,0,0,0,0,0,0,0,0,,0,0,0,0,0,0,false,
534,535,32388,false,145,50,1.452,0,1.299,0,dynamic_visual_atlas_upload,,,cell_indirection_lut,1.205,2400,2400,0,0,-1,-1,,1991.701174,3.013,4.027,4.027,1,8,3,1.5,false,2,8.666,,,,,,,,,,,,,,,,,,,,,,,,,,,,,,,,,,,,,,,,,,0,0,0,0,false,0,0,,0,0,0,0,0,0,0,,,,,false,{},{},{},{},{},{},{},0,3.006,3.169,0,0,0.015,0,0,0,0,0,0,0,0,0,0,0,0,100,0,6.682333,11.644,0.077,3.498333,0,0,0,9,9,0,321,0,17,2,0,0,1,2400,0.021,0.025,0,ACTIVE,ACTIVE,,4095,4095,0,,true,16,false,0,0,true,2.4168,0.0012,21600,2280,0,,,,,,0,,,0,0,2,533,533,0,767546583773,4.155,0,0.029,0,0,536,535,2400,true,0,0,0,0,0,0,12,12,19224,0,0,0,0,0,0,0,0,0,0,0,0,0,,0,0,0,0,0,0,0,0,0,0,0,0,0,0,0,0,0,0,,0,0,0,0,0,0,false,
535,536,32411,false,145,50,1.435,0,1.298,0,dynamic_visual_atlas_upload,,,cell_indirection_lut,1.205,2400,2400,0,0,-1,-1,,1991.701174,3.013,4.027,4.027,1,8,3,1.5,false,2,8.666,,,,,,,,,,,,,,,,,,,,,,,,,,,,,,,,,,,,,,,,,,0,0,0,0,false,0,0,,0,0,0,0,0,0,0,,,,,false,{},{},{},{},{},{},{},0,5.154,5.327,0,0,0.031,0,0,0,0,0,0,0,0,0,0,0,0,100,0,7.614,11.644,0.077,2.256,0,0,0,9,9,0,321,0,17,2,0,0,1,2400,0.021,0.025,0,ACTIVE,ACTIVE,,4095,4095,0,,true,16,false,0,0,true,1.9058,0.0011,19200,2280,0,,,,,,0,,,0,0,2,534,534,0,767546603243,7.496,0,0.027,0,0,537,536,2400,true,0,0,0,0,0,0,12,12,21624,0,0,0,0,0,0,0,0,0,0,0,0,0,,0,0,0,0,0,0,0,0,0,0,0,0,0,0,0,0,0,0,,0,0,0,0,0,0,false,
536,537,32432,false,145,50,1.471,0,1.291,0,dynamic_visual_atlas_upload,,,cell_indirection_lut,1.205,2400,2400,0,0,-1,-1,,1991.701174,3.013,4.027,4.027,1,8,3,1.5,false,2,8.666,,,,,,,,,,,,,,,,,,,,,,,,,,,,,,,,,,,,,,,,,,0,0,0,0,false,0,0,,0,0,0,0,0,0,0,,,,,false,{},{},{},{},{},{},{},0,5.328,5.646,0,0,0.015,0,0,0,0,0,0,0,0,0,0,0,0,100,0,7.040333,11.644,0.077,1.379333,0,0,0,9,9,0,321,0,17,2,0,0,1,2400,0.021,0.025,0,ACTIVE,ACTIVE,,4095,4095,0,,true,16,false,0,0,true,3.1751,0.0018,19200,2280,0,,,,,,0,,,0,0,2,535,535,0,767546622244,9.629,0,0.027,0,0,538,537,2400,true,0,0,0,0,0,0,12,12,19224,0,0,0,0,0,0,0,0,0,0,0,0,0,,0,0,0,0,0,0,0,0,0,0,0,0,0,0,0,0,0,0,,0,0,0,0,0,0,false,
537,538,32450,false,145,50,1.388,0,1.258,0,dynamic_visual_atlas_upload,,,cell_indirection_lut,1.205,2400,2400,0,0,-1,-1,,1991.701174,3.013,4.027,4.027,1,8,3,1.5,false,2,8.666,,,,,,,,,,,,,,,,,,,,,,,,,,,,,,,,,,,,,,,,,,0,0,0,0,false,0,0,,0,0,0,0,0,0,0,,,,,false,{},{},{},{},{},{},{},0,3.202,3.338,0,0,0.012,0,0,0,0,0,0,0,0,0,0,0,0,100,0,5.967333,11.644,0.077,2.617333,0,0,0,9,9,0,321,0,17,2,0,0,1,2400,0.021,0.025,0,ACTIVE,ACTIVE,,4095,4095,0,,true,16,false,0,0,true,1.8924,0.0009,19200,2279,0,,,,,,0,,,0,0,2,536,536,0,767546642175,7.631,0,0.028,0,0,539,538,2400,true,0,0,0,0,0,0,12,12,19224,0,0,0,0,0,0,0,0,0,0,0,0,0,,0,0,0,0,0,0,0,0,0,0,0,0,0,0,0,0,0,0,,0,0,0,0,0,0,false,
538,539,32471,false,145,50,1.558,0,1.389,0,dynamic_visual_atlas_upload,,,cell_indirection_lut,1.205,2400,2400,0,0,-1,-1,,1991.701174,3.013,4.027,4.027,1,8,3,1.5,false,2,8.666,,,,,,,,,,,,,,,,,,,,,,,,,,,,,,,,,,,,,,,,,,0,0,0,0,false,0,0,,0,0,0,0,0,0,0,,,,,false,{},{},{},{},{},{},{},0,3.746,3.934,0,0,0.017,0,0,0,0,0,0,0,0,0,0,0,0,100,0,7.192667,11.644,0.077,3.241667,0,0,0,9,9,0,321,0,17,2,0,0,1,2400,0.021,0.025,0,ACTIVE,ACTIVE,,4095,4095,0,,true,16,false,0,0,true,3.2736,0.0028,19200,2280,0,,,,,,0,,,0,0,2,537,537,0,767546660583,10.781,0,0.027,0,0,540,539,2400,true,0,0,0,0,0,0,12,12,19224,0,0,0,0,0,0,0,0,0,0,0,0,0,,0,0,0,0,0,0,0,0,0,0,0,0,0,0,0,0,0,0,,0,0,0,0,0,0,false,
539,540,32492,false,145,50,1.5,0,1.326,0,dynamic_visual_atlas_upload,,,cell_indirection_lut,1.205,2400,2400,0,0,-1,-1,,1991.701174,3.013,4.027,4.027,1,8,3,1.5,false,2,8.666,,,,,,,,,,,,,,,,,,,,,,,,,,,,,,,,,,,,,,,,,,0,0,0,0,false,0,0,,0,0,0,0,0,0,0,,,,,false,{},{},{},{},{},{},{},0,4.003,4.191,0,0,0.014,0,0,0,0,0,0,0,0,0,0,0,0,100,0,6.943333,11.644,0.077,2.738333,0,0,0,9,9,0,321,0,17,2,0,0,1,2400,0.021,0.025,0,ACTIVE,ACTIVE,,4095,4095,0,,true,16,false,0,0,true,1.9123,0.002,19200,2278,0,,,,,,0,,,0,0,2,538,538,0,767546681744,10.517,0,0.03,0,0,541,540,2400,true,0,0,0,0,0,0,12,12,19224,0,0,0,0,0,0,0,0,0,0,0,0,0,,0,0,0,0,0,0,0,0,0,0,0,0,0,0,0,0,0,0,,0,0,0,0,0,0,false,
540,541,32512,false,145,50,1.451,0,1.306,0,dynamic_visual_atlas_upload,,,cell_indirection_lut,1.205,2400,2400,0,0,-1,-1,,1991.701174,3.013,4.027,4.027,1,8,3,1.5,false,2,8.666,,,,,,,,,,,,,,,,,,,,,,,,,,,,,,,,,,,,,,,,,,0,0,0,0,false,0,0,,0,0,0,0,0,0,0,,,,,false,{},{},{},{},{},{},{},0,3.389,3.57,0,0,0.013,0,0,0,0,0,0,0,0,0,0,0,0,100,0,6.662667,11.644,0.077,3.079667,0,0,0,9,9,0,321,0,17,2,0,0,1,2400,0.021,0.025,0,ACTIVE,ACTIVE,,4095,4095,0,,true,16,false,0,0,true,3.3903,0.0017,55200,2280,0,,,,,,0,,,0,0,2,539,539,0,767546701914,10.282,0,0.031,0,0,542,541,2400,true,0,0,0,0,0,0,12,12,19224,0,0,0,0,0,0,0,0,0,0,0,0,0,,0,0,0,0,0,0,0,0,0,0,0,0,0,0,0,0,0,0,,0,0,0,0,0,0,false,
541,542,32526,false,145,50,1.498,0,1.328,0,dynamic_visual_atlas_upload,,,cell_indirection_lut,1.205,2400,2400,0,0,-1,-1,,1991.701174,3.013,4.027,4.027,1,8,3,1.5,false,2,8.666,,,,,,,,,,,,,,,,,,,,,,,,,,,,,,,,,,,,,,,,,,0,0,0,0,false,0,0,,0,0,0,0,0,0,0,,,,,false,{},{},{},{},{},{},{},0.001,3.592,3.774,0,0,0.016,0,0,0,0,0,0,0,0,0,0,0,0,100,0,7.21,11.644,0.077,3.42,0,0,0,9,9,0,321,0,17,2,0,0,1,2400,0.021,0.025,0,ACTIVE,ACTIVE,,4095,4095,0,,true,16,false,0,0,true,2.2386,0.0012,19200,2280,0,,,,,,0,,,0,0,2,540,540,0,767546722011,4.611,0,0.028,0,0,543,542,2400,true,0,0,0,0,0,0,12,12,55224,0,0,0,0,0,0,0,0,0,0,0,0,0,,0,0,0,0,0,0,0,0,0,0,0,0,0,0,0,0,0,0,,0,0,0,0,0,0,false,
542,543,32546,false,145,50,1.404,0,1.277,0,dynamic_visual_atlas_upload,,,cell_indirection_lut,1.205,2400,2400,0,0,-1,-1,,1991.701174,3.013,4.027,4.027,1,8,3,1.5,false,2,8.666,,,,,,,,,,,,,,,,,,,,,,,,,,,,,,,,,,,,,,,,,,0,0,0,0,false,0,0,,0,0,0,0,0,0,0,,,,,false,{},{},{},{},{},{},{},0,3.306,3.452,0,0,0.013,0,0,0,0,0,0,0,0,0,0,0,0,100,0,6.651333,11.644,0.077,3.186333,0,0,0,9,9,0,321,0,17,2,0,0,1,2400,0.021,0.025,0,ACTIVE,ACTIVE,,4095,4095,0,,true,16,false,0,0,true,2.0024,0.001,24000,2266,0,,,,,,0,,,0,0,2,541,541,0,767546740656,5.892,0,0.027,0,0,544,543,2400,true,0,0,0,0,0,0,12,12,19224,0,0,0,0,0,0,0,0,0,0,0,0,0,,0,0,0,0,0,0,0,0,0,0,0,0,0,0,0,0,0,0,,0,0,0,0,0,0,false,
543,544,32567,false,145,50,1.339,0,1.213,0,dynamic_visual_atlas_upload,,,cell_indirection_lut,1.205,2400,2400,0,0,-1,-1,,1991.701174,3.013,4.027,4.027,1,8,3,1.5,false,2,8.666,,,,,,,,,,,,,,,,,,,,,,,,,,,,,,,,,,,,,,,,,,0,0,0,0,false,0,0,,0,0,0,0,0,0,0,,,,,false,{},{},{},{},{},{},{},0,3.545,3.717,0,0,0.016,0,0,0,0,0,0,0,0,0,0,0,0,100,0,6.997667,11.644,0.077,3.264667,0,0,0,9,9,0,321,0,17,2,0,0,1,2400,0.021,0.025,0,ACTIVE,ACTIVE,,4095,4095,0,,true,16,false,0,0,true,1.9811,0.0018,19200,2280,0,,,,,,0,,,0,0,2,542,542,0,767546759207,8.322,0,0.027,0,0,545,544,2400,true,0,0,0,0,0,0,12,12,24024,0,0,0,0,0,0,0,0,0,0,0,0,0,,0,0,0,0,0,0,0,0,0,0,0,0,0,0,0,0,0,0,,0,0,0,0,0,0,false,
544,545,32589,false,145,50,1.577,0,1.33,0,dynamic_visual_atlas_upload,,,cell_indirection_lut,1.205,2400,2400,0,0,-1,-1,,1991.701174,3.013,4.027,4.027,1,8,3,1.5,false,2,8.666,,,,,,,,,,,,,,,,,,,,,,,,,,,,,,,,,,,,,,,,,,0,0,0,0,false,0,0,,0,0,0,0,0,0,0,,,,,false,{},{},{},{},{},{},{},0.001,3.918,4.113,0,0,0.041,0,0,0,0,0,0,0,0,0,0,0,0,100,0,7.210333,11.644,0.077,3.056333,0,0,0,9,9,0,321,0,17,2,0,0,1,2400,0.021,0.025,0,ACTIVE,ACTIVE,,4095,4095,0,,true,16,false,0,0,true,1.8627,0.0011,19200,2279,0,,,,,,0,,,0,0,2,543,543,0,767546777873,11.394,0,0.028,0,0,546,545,2400,true,0,0,0,0,0,0,12,12,19224,0,0,0,0,0,0,0,0,0,0,0,0,0,,0,0,0,0,0,0,0,0,0,0,0,0,0,0,0,0,0,0,,0,0,0,0,0,0,false,
545,546,32608,false,145,50,1.398,0,1.262,0,dynamic_visual_atlas_upload,,,cell_indirection_lut,1.205,2400,2400,0,0,-1,-1,,1991.701174,3.013,4.027,4.027,1,8,3,1.5,false,2,8.666,,,,,,,,,,,,,,,,,,,,,,,,,,,,,,,,,,,,,,,,,,0,0,0,0,false,0,0,,0,0,0,0,0,0,0,,,,,false,{},{},{},{},{},{},{},0,3.351,3.52,0,0,0.015,0,0,0,0,0,0,0,0,0,0,0,0,100,0,6.503333,11.644,0.077,2.968333,0,0,0,9,9,0,321,0,17,2,0,0,1,2400,0.021,0.025,0,ACTIVE,ACTIVE,,4095,4095,0,,true,16,false,0,0,true,2.3979,0.002,19200,2280,0,,,,,,0,,,0,0,2,544,544,0,767546796987,11.694,0,0.03,0,0,547,546,2400,true,0,0,0,0,0,0,12,12,19224,0,0,0,0,0,0,0,0,0,0,0,0,0,,0,0,0,0,0,0,0,0,0,0,0,0,0,0,0,0,0,0,,0,0,0,0,0,0,false,
546,547,32620,false,145,50,1.489,0,1.298,0,dynamic_visual_atlas_upload,,,cell_indirection_lut,1.205,2400,2400,0,0,-1,-1,,1991.701174,3.013,4.027,4.027,1,8,3,1.5,false,2,8.666,,,,,,,,,,,,,,,,,,,,,,,,,,,,,,,,,,,,,,,,,,0,0,0,0,false,0,0,,0,0,0,0,0,0,0,,,,,false,{},{},{},{},{},{},{},0,0,0.335,0,0,0.015,0,0,0,0,0,0,0,0,0,0,0,0,100,0,5.7065,11.644,0.077,5.3565,0,0,0,9,9,0,321,0,17,2,0,0,1,2400,0.021,0.025,0,ACTIVE,ACTIVE,,4095,4095,0,,true,16,false,0,0,true,2.3979,0.002,19200,2280,0,,,,,,0,,,0,0,2,545,545,0,767546816965,3.167,0,0.03,0,0,547,546,2400,true,0,0,0,0,0,0,12,12,19224,0,0,0,0,0,0,0,0,0,0,0,0,0,,0,0,0,0,0,0,0,0,0,0,0,0,0,0,0,0,0,0,,0,0,0,0,0,0,false,
547,548,32640,false,145,50,1.415,0,1.256,0,dynamic_visual_atlas_upload,,,cell_indirection_lut,1.205,2400,2400,0,0,-1,-1,,1991.701174,3.013,4.027,4.027,1,8,3,1.5,false,2,8.666,,,,,,,,,,,,,,,,,,,,,,,,,,,,,,,,,,,,,,,,,,0,0,0,0,false,0,0,,0,0,0,0,0,0,0,,,,,false,{},{},{},{},{},{},{},0,0.001,0.195,0,0,0.014,0,0,0,0,0,0,0,0,0,0,0,0,100,0,6.681667,11.644,0.077,6.472667,0,0,0,9,9,0,321,0,17,2,0,0,1,2400,0.021,0.025,0,ACTIVE,ACTIVE,,4095,4095,0,,true,16,false,0,0,true,1.8661,0.0011,19200,2280,0,,,,,,0,,,0,0,2,546,546,0,767546837582,2.576,0,0.027,0,0,548,547,2400,true,0,0,0,0,0,0,12,12,21624,0,0,0,0,0,0,0,0,0,0,0,0,0,,0,0,0,0,0,0,0,0,0,0,0,0,0,0,0,0,0,0,,0,0,0,0,0,0,false,
548,549,32661,false,145,50,1.468,0,1.294,0,dynamic_visual_atlas_upload,,,cell_indirection_lut,1.205,2400,2400,0,0,-1,-1,,1991.701174,3.013,4.027,4.027,1,8,3,1.5,false,2,8.666,,,,,,,,,,,,,,,,,,,,,,,,,,,,,,,,,,,,,,,,,,0,0,0,0,false,0,0,,0,0,0,0,0,0,0,,,,,false,{},{},{},{},{},{},{},0,0,0.253,0,0,0.017,0,0,0,0,0,0,0,0,0,0,0,0,100,0,6.994667,11.644,0.077,6.724667,0,0,0,9,9,0,321,0,17,2,0,0,1,2400,0.021,0.025,0,ACTIVE,ACTIVE,,4095,4095,0,,true,16,false,0,0,true,2.5729,0.0012,52800,2280,0,,,,,,0,,,0,0,2,547,547,0,767546856485,4.644,0,0.032,0,0,549,548,2400,true,0,0,0,0,0,0,12,12,19224,0,0,0,0,0,0,0,0,0,0,0,0,0,,0,0,0,0,0,0,0,0,0,0,0,0,0,0,0,0,0,0,,0,0,0,0,0,0,false,
549,550,32682,false,145,50,1.494,0,1.315,0,dynamic_visual_atlas_upload,,,cell_indirection_lut,1.205,2400,2400,0,0,-1,-1,,1991.701174,3.013,4.027,4.027,1,8,3,1.5,false,2,8.666,,,,,,,,,,,,,,,,,,,,,,,,,,,,,,,,,,,,,,,,,,0,0,0,0,false,0,0,,0,0,0,0,0,0,0,,,,,false,{},{},{},{},{},{},{},0,0.001,0.252,0,0,0.016,0,0,0,0,0,0,0,0,0,0,0,0,100,0,6.921667,11.644,0.077,6.653667,0,0,0,9,9,0,321,0,17,2,0,0,1,2400,0.021,0.025,0,ACTIVE,ACTIVE,,4095,4095,0,,true,16,false,0,0,true,1.8824,0.0013,19200,2280,0,,,,,,0,,,0,0,2,548,548,0,767546875237,6.657,0,0.028,0,0,550,549,2400,true,0,0,0,0,0,0,12,12,52824,0,0,0,0,0,0,0,0,0,0,0,0,0,,0,0,0,0,0,0,0,0,0,0,0,0,0,0,0,0,0,0,,0,0,0,0,0,0,false,
550,551,32702,false,145,50,1.457,0,1.287,0,dynamic_visual_atlas_upload,,,cell_indirection_lut,1.205,2400,2400,0,0,-1,-1,,1991.701174,3.013,4.027,4.027,1,8,3,1.5,false,2,8.666,,,,,,,,,,,,,,,,,,,,,,,,,,,,,,,,,,,,,,,,,,0,0,0,0,false,0,0,,0,0,0,0,0,0,0,,,,,false,{},{},{},{},{},{},{},0,0,0.204,0,0,0.013,0,0,0,0,0,0,0,0,0,0,0,0,100,0,6.808333,11.644,0.077,6.591333,0,0,0,9,9,0,321,0,17,2,0,0,1,2400,0.021,0.025,0,ACTIVE,ACTIVE,,4095,4095,0,,true,16,false,0,0,true,1.8065,0.0009,19200,2278,0,,,,,,0,,,0,0,2,549,549,0,767546893688,8.707,0,0.027,0,0,551,550,2400,true,0,0,0,0,0,0,12,12,19224,0,0,0,0,0,0,0,0,0,0,0,0,0,,0,0,0,0,0,0,0,0,0,0,0,0,0,0,0,0,0,0,,0,0,0,0,0,0,false,
551,552,32716,false,145,50,1.557,0,1.315,0,dynamic_visual_atlas_upload,,,cell_indirection_lut,1.205,2400,2400,0,0,-1,-1,,1991.701174,3.013,4.027,4.027,1,8,3,1.5,false,2,8.666,,,,,,,,,,,,,,,,,,,,,,,,,,,,,,,,,,,,,,,,,,0,0,0,0,false,0,0,,0,0,0,0,0,0,0,,,,,false,{},{},{},{},{},{},{},0,0.001,0.214,0,0,0.017,0,0,0,0,0,0,0,0,0,0,0,0,100,0,6.9885,11.644,0.077,6.7575,0,0,0,9,9,0,321,0,17,2,0,0,1,2400,0.021,0.025,0,ACTIVE,ACTIVE,,4095,4095,0,,true,16,false,0,0,true,1.8598,0.0013,19200,2279,0,,,,,,0,,,0,0,2,550,550,0,767546913787,2.512,0,0.028,0,0,552,551,2400,true,0,0,0,0,0,0,12,12,19224,0,0,0,0,0,0,0,0,0,0,0,0,0,,0,0,0,0,0,0,0,0,0,0,0,0,0,0,0,0,0,0,,0,0,0,0,0,0,false,
552,553,32737,false,145,50,1.491,0,1.315,0,dynamic_visual_atlas_upload,,,cell_indirection_lut,1.205,2400,2400,0,0,-1,-1,,1991.701174,3.013,4.027,4.027,1,8,3,1.5,false,2,8.666,,,,,,,,,,,,,,,,,,,,,,,,,,,,,,,,,,,,,,,,,,0,0,0,0,false,0,0,,0,0,0,0,0,0,0,,,,,false,{},{},{},{},{},{},{},0,0,0.323,0,0,0.013,0,0,0,0,0,0,0,0,0,0,0,0,100,0,6.912667,11.644,0.077,6.576667,0,0,0,9,9,0,321,0,17,2,0,0,1,2400,0.021,0.025,0,ACTIVE,ACTIVE,,4095,4095,0,,true,16,false,0,0,true,2.7408,0.0014,21600,2277,0,,,,,,0,,,0,0,2,551,551,0,767546932004,5.039,0,0.029,0,0,553,552,2400,true,0,0,0,0,0,0,12,12,19224,0,0,0,0,0,0,0,0,0,0,0,0,0,,0,0,0,0,0,0,0,0,0,0,0,0,0,0,0,0,0,0,,0,0,0,0,0,0,false,
553,554,32758,false,145,50,1.483,0,1.291,0,dynamic_visual_atlas_upload,,,cell_indirection_lut,1.205,2400,2400,0,0,-1,-1,,1991.701174,3.013,4.027,4.027,1,8,3,1.5,false,2,8.666,,,,,,,,,,,,,,,,,,,,,,,,,,,,,,,,,,,,,,,,,,0,0,0,0,false,0,0,,0,0,0,0,0,0,0,,,,,false,{},{},{},{},{},{},{},0,0,0.262,0,0,0.017,0,0,0,0,0,0,0,0,0,0,0,0,100,0,6.971667,11.644,0.077,6.692667,0,0,0,9,9,0,321,0,17,2,0,0,1,2400,0.021,0.025,0,ACTIVE,ACTIVE,,4095,4095,0,,true,16,false,0,0,true,1.8632,0.0013,19200,2279,0,,,,,,0,,,0,0,2,552,552,0,767546951653,6.291,0,0.027,0,0,554,553,2400,true,0,0,0,0,0,0,12,12,21624,0,0,0,0,0,0,0,0,0,0,0,0,0,,0,0,0,0,0,0,0,0,0,0,0,0,0,0,0,0,0,0,,0,0,0,0,0,0,false,
554,555,32779,false,145,50,1.494,0,1.3,0,dynamic_visual_atlas_upload,,,cell_indirection_lut,1.205,2400,2400,0,0,-1,-1,,1991.701174,3.013,4.027,4.027,1,8,3,1.5,false,2,8.666,,,,,,,,,,,,,,,,,,,,,,,,,,,,,,,,,,,,,,,,,,0,0,0,0,false,0,0,,0,0,0,0,0,0,0,,,,,false,{},{},{},{},{},{},{},0,0,0.257,0,0,0.016,0,0,0,0,0,0,0,0,0,0,0,0,100,0,6.972667,11.644,0.077,6.699667,0,0,0,9,9,0,321,0,17,2,0,0,1,2400,0.021,0.025,0,ACTIVE,ACTIVE,,4095,4095,0,,true,16,false,0,0,true,2.0174,0.0014,19200,2276,0,,,,,,0,,,0,0,2,553,553,0,767546970010,8.861,0,0.028,0,0,555,554,2400,true,0,0,0,0,0,0,12,12,19224,0,0,0,0,0,0,0,0,0,0,0,0,0,,0,0,0,0,0,0,0,0,0,0,0,0,0,0,0,0,0,0,,0,0,0,0,0,0,false,
555,556,32792,false,145,50,1.416,0,1.269,0,dynamic_visual_atlas_upload,,,cell_indirection_lut,1.205,2400,2400,0,0,-1,-1,,1991.701174,3.013,4.027,4.027,1,8,3,1.5,false,2,8.666,,,,,,,,,,,,,,,,,,,,,,,,,,,,,,,,,,,,,,,,,,0,0,0,0,false,0,0,,0,0,0,0,0,0,0,,,,,false,{},{},{},{},{},{},{},0,0,0.158,0,0,0.014,0,0,0,0,0,0,0,0,0,0,0,0,100,0,6.495,11.644,0.077,6.323,0,0,0,9,9,0,321,0,17,2,0,0,1,2400,0.021,0.025,0,ACTIVE,ACTIVE,,4095,4095,0,,true,16,false,0,0,true,1.8511,0.001,19200,2279,0,,,,,,0,,,0,0,2,554,554,0,767546989025,2.817,0,0.029,0,0,556,555,2400,true,0,0,0,0,0,0,12,12,19224,0,0,0,0,0,0,0,0,0,0,0,0,0,,0,0,0,0,0,0,0,0,0,0,0,0,0,0,0,0,0,0,,0,0,0,0,0,0,false,
556,557,32813,false,145,50,1.817,0,1.649,0,dynamic_visual_atlas_upload,,,cell_indirection_lut,1.205,2400,2400,0,0,-1,-1,,1991.701174,3.013,4.027,4.027,1,8,3,1.5,false,2,8.666,,,,,,,,,,,,,,,,,,,,,,,,,,,,,,,,,,,,,,,,,,0,0,0,0,false,0,0,,0,0,0,0,0,0,0,,,,,false,{},{},{},{},{},{},{},0.001,0,0.186,0,0,0.014,0,0,0,0,0,0,0,0,0,0,0,0,100,0,7.054,11.644,0.077,6.854,0,0,0,9,9,0,321,0,17,2,0,0,1,2400,0.021,0.025,0,ACTIVE,ACTIVE,,4095,4095,0,,true,16,false,0,0,true,1.8511,0.001,19200,2279,0,,,,,,0,,,0,0,2,555,555,0,767547010229,2.854,0,0.028,0,0,557,556,2400,true,0,0,0,0,0,0,12,12,19224,0,0,0,0,0,0,0,0,0,0,0,0,0,,0,0,0,0,0,0,0,0,0,0,0,0,0,0,0,0,0,0,,0,0,0,0,0,0,false,
557,558,32833,false,145,50,1.504,0,1.343,0,dynamic_visual_atlas_upload,,,cell_indirection_lut,1.205,2400,2400,0,0,-1,-1,,1991.701174,3.013,4.027,4.027,1,8,3,1.5,false,2,8.666,,,,,,,,,,,,,,,,,,,,,,,,,,,,,,,,,,,,,,,,,,0,0,0,0,false,0,0,,0,0,0,0,0,0,0,,,,,false,{},{},{},{},{},{},{},0,0,0.168,0,0,0.014,0,0,0,0,0,0,0,0,0,0,0,0,100,0,6.795,11.644,0.077,6.613,0,0,0,9,9,0,321,0,17,2,0,0,1,2400,0.021,0.025,0,ACTIVE,ACTIVE,,4095,4095,0,,true,16,false,0,0,true,1.8279,0.0012,19200,2280,0,,,,,,0,,,0,0,2,556,556,0,767547029416,3.993,0,0.028,0,0,558,557,2400,true,0,0,0,0,0,0,12,12,52824,0,0,0,0,0,0,0,0,0,0,0,0,0,,0,0,0,0,0,0,0,0,0,0,0,0,0,0,0,0,0,0,,0,0,0,0,0,0,false,
558,559,32850,false,145,50,1.423,0,1.278,0,dynamic_visual_atlas_upload,,,cell_indirection_lut,1.205,2400,2400,0,0,-1,-1,,1991.701174,3.013,4.027,4.027,1,8,3,1.5,false,2,8.666,,,,,,,,,,,,,,,,,,,,,,,,,,,,,,,,,,,,,,,,,,0,0,0,0,false,0,0,,0,0,0,0,0,0,0,,,,,false,{},{},{},{},{},{},{},0,3.04,3.227,0,0,0.014,0,0,0,0,0,0,0,0,0,0,0,0,100,0,8.4205,11.644,0.077,5.1795,0,0,0,9,9,0,321,0,17,2,0,0,1,2400,0.021,0.025,0,ACTIVE,ACTIVE,,4095,4095,0,,true,16,false,0,0,true,2.3613,0.0009,21600,2276,0,,,,,,0,,,0,0,2,557,557,0,767547047822,2.405,0,0.028,0,0,559,558,2400,true,0,0,0,0,0,0,12,12,19224,0,0,0,0,0,0,0,0,0,0,0,0,0,,0,0,0,0,0,0,0,0,0,0,0,0,0,0,0,0,0,0,,0,0,0,0,0,0,false,
559,560,32871,false,145,50,1.471,0,1.306,0,dynamic_visual_atlas_upload,,,cell_indirection_lut,1.205,2400,2400,0,0,-1,-1,,1991.701174,3.013,4.027,4.027,1,8,3,1.5,false,2,8.666,,,,,,,,,,,,,,,,,,,,,,,,,,,,,,,,,,,,,,,,,,0,0,0,0,false,0,0,,0,0,0,0,0,0,0,,,,,false,{},{},{},{},{},{},{},0,3.249,3.417,0,0,0.016,0,0,0,0,0,0,0,0,0,0,0,0,100,0,6.983,11.644,0.077,3.55,0,0,0,9,9,0,321,0,17,2,0,0,1,2400,0.021,0.025,0,ACTIVE,ACTIVE,,4095,4095,0,,true,16,false,0,0,true,1.9352,0.0014,19200,2279,0,,,,,,0,,,0,0,2,558,558,0,767547066176,5.015,0,0.027,0,0,560,559,2400,true,0,0,0,0,0,0,12,12,21624,0,0,0,0,0,0,0,0,0,0,0,0,0,,0,0,0,0,0,0,0,0,0,0,0,0,0,0,0,0,0,0,,0,0,0,0,0,0,false,
560,561,32891,false,145,50,1.421,0,1.3,0,dynamic_visual_atlas_upload,,,cell_indirection_lut,1.205,2400,2400,0,0,-1,-1,,1991.701174,3.013,4.027,4.027,1,8,3,1.5,false,2,8.666,,,,,,,,,,,,,,,,,,,,,,,,,,,,,,,,,,,,,,,,,,0,0,0,0,false,0,0,,0,0,0,0,0,0,0,,,,,false,{},{},{},{},{},{},{},0,3.407,3.574,0,0,0.014,0,0,0,0,0,0,0,0,0,0,0,0,100,0,6.821333,11.644,0.077,3.233333,0,0,0,9,9,0,321,0,17,2,0,0,1,2400,0.021,0.025,0,ACTIVE,ACTIVE,,4095,4095,0,,true,16,false,0,0,true,2.1621,0.0012,19200,2276,0,,,,,,0,,,0,0,2,559,559,0,767547086005,5.657,0,0.027,0,0,561,560,2400,true,0,0,0,0,0,0,12,12,19224,0,0,0,0,0,0,0,0,0,0,0,0,0,,0,0,0,0,0,0,0,0,0,0,0,0,0,0,0,0,0,0,,0,0,0,0,0,0,false,
561,562,32912,false,145,50,1.439,0,1.277,0,dynamic_visual_atlas_upload,,,cell_indirection_lut,1.205,2400,2400,0,0,-1,-1,,1991.701174,3.013,4.027,4.027,1,8,3,1.5,false,2,8.666,,,,,,,,,,,,,,,,,,,,,,,,,,,,,,,,,,,,,,,,,,0,0,0,0,false,0,0,,0,0,0,0,0,0,0,,,,,false,{},{},{},{},{},{},{},0,3.199,3.368,0,0,0.016,0,0,0,0,0,0,0,0,0,0,0,0,100,0,6.932,11.644,0.077,3.548,0,0,0,9,9,0,321,0,17,2,0,0,1,2400,0.021,0.025,0,ACTIVE,ACTIVE,,4095,4095,0,,true,16,false,0,0,true,1.9022,0.0009,19200,1418,0,,,,,,0,,,0,0,2,560,560,0,767547108803,3.646,0,0.027,0,0,562,561,2400,true,0,0,0,0,0,0,12,12,19224,0,0,0,0,0,0,0,0,0,0,0,0,0,,0,0,0,0,0,0,0,0,0,0,0,0,0,0,0,0,0,0,,0,0,0,0,0,0,false,
562,563,32930,false,145,50,1.635,0,1.462,0,dynamic_visual_atlas_upload,,,cell_indirection_lut,1.205,2400,2400,0,0,-1,-1,,1991.701174,3.013,4.027,4.027,1,8,3,1.5,false,2,8.666,,,,,,,,,,,,,,,,,,,,,,,,,,,,,,,,,,,,,,,,,,0,0,0,0,false,0,0,,0,0,0,0,0,0,0,,,,,false,{},{},{},{},{},{},{},0,0,0.226,0,0,0.015,0,0,0,0,0,0,0,0,0,0,0,0,100,0,5.947333,11.644,0.077,5.706333,0,0,0,9,9,0,321,0,17,2,0,0,1,2400,0.021,0.025,0,ACTIVE,ACTIVE,,4095,4095,0,,true,16,false,0,0,true,2.2503,0.0019,19200,2276,0,,,,,,0,,,0,0,2,561,561,0,767547127537,2.76,0,0.027,0,0,563,562,2400,true,0,0,0,0,0,0,12,12,19224,0,0,0,0,0,0,0,0,0,0,0,0,0,,0,0,0,0,0,0,0,0,0,0,0,0,0,0,0,0,0,0,,0,0,0,0,0,0,false,
563,564,32951,false,145,50,1.388,0,1.248,0,dynamic_visual_atlas_upload,,,cell_indirection_lut,1.205,2400,2400,0,0,-1,-1,,1991.701174,3.013,4.027,4.027,1,8,3,1.5,false,2,8.666,,,,,,,,,,,,,,,,,,,,,,,,,,,,,,,,,,,,,,,,,,0,0,0,0,false,0,0,,0,0,0,0,0,0,0,,,,,false,{},{},{},{},{},{},{},0,0,0.242,0,0,0.015,0,0,0,0,0,0,0,0,0,0,0,0,100,0,6.835667,11.644,0.077,6.578667,0,0,0,9,9,0,321,0,17,2,0,0,1,2400,0.021,0.025,0,ACTIVE,ACTIVE,,4095,4095,0,,true,16,false,0,0,true,1.8501,0.0009,19200,2255,0,,,,,,0,,,0,0,2,562,562,0,767547147857,2.924,0,0.029,0,0,564,563,2400,true,0,0,0,0,0,0,12,12,19224,0,0,0,0,0,0,0,0,0,0,0,0,0,,0,0,0,0,0,0,0,0,0,0,0,0,0,0,0,0,0,0,,0,0,0,0,0,0,false,
564,565,32971,false,145,50,1.431,0,1.282,0,dynamic_visual_atlas_upload,,,cell_indirection_lut,1.205,2400,2400,0,0,-1,-1,,1991.701174,3.013,4.027,4.027,1,8,3,1.5,false,2,8.666,,,,,,,,,,,,,,,,,,,,,,,,,,,,,,,,,,,,,,,,,,0,0,0,0,false,0,0,,0,0,0,0,0,0,0,,,,,false,{},{},{},{},{},{},{},0,0,0.233,0,0,0.015,0,0,0,0,0,0,0,0,0,0,0,0,100,0,6.888667,11.644,0.077,6.640667,0,0,0,9,9,0,321,0,17,2,0,0,1,2400,0.021,0.025,0,ACTIVE,ACTIVE,,4095,4095,0,,true,16,false,0,0,true,3.8126,0.0011,57600,2280,0,,,,,,0,,,0,0,2,563,563,0,767547166448,5.007,0,0.027,0,0,565,564,2400,true,0,0,0,0,0,0,12,12,19224,0,0,0,0,0,0,0,0,0,0,0,0,0,,0,0,0,0,0,0,0,0,0,0,0,0,0,0,0,0,0,0,,0,0,0,0,0,0,false,
565,566,32992,false,145,50,1.575,0,1.39,0,dynamic_visual_atlas_upload,,,cell_indirection_lut,1.205,2400,2400,0,0,-1,-1,,1991.701174,3.013,4.027,4.027,1,8,3,1.5,false,2,8.666,,,,,,,,,,,,,,,,,,,,,,,,,,,,,,,,,,,,,,,,,,0,0,0,0,false,0,0,,0,0,0,0,0,0,0,,,,,false,{},{},{},{},{},{},{},0,0,0.232,0,0,0.015,0,0,0,0,0,0,0,0,0,0,0,0,100,0,6.973667,11.644,0.077,6.726667,0,0,0,9,9,0,321,0,17,2,0,0,1,2400,0.021,0.025,0,ACTIVE,ACTIVE,,4095,4095,0,,true,16,false,0,0,true,1.8917,0.0013,19200,2280,0,,,,,,0,,,0,0,2,564,564,0,767547186425,5.962,0,0.028,0,0,566,565,2400,true,0,0,0,0,0,0,12,12,57624,0,0,0,0,0,0,0,0,0,0,0,0,0,,0,0,0,0,0,0,0,0,0,0,0,0,0,0,0,0,0,0,,0,0,0,0,0,0,false,
566,567,33009,false,145,50,1.423,0,1.276,0,dynamic_visual_atlas_upload,,,cell_indirection_lut,1.205,2400,2400,0,0,-1,-1,,1991.701174,3.013,4.027,4.027,1,8,3,1.5,false,2,8.666,,,,,,,,,,,,,,,,,,,,,,,,,,,,,,,,,,,,,,,,,,0,0,0,0,false,0,0,,0,0,0,0,0,0,0,,,,,false,{},{},{},{},{},{},{},0,2.974,3.139,0,0,0.015,0,0,0,0,0,0,0,0,0,0,0,0,100,0,8.2245,11.644,0.077,5.0705,0,0,0,9,9,0,321,0,17,2,0,0,1,2400,0.021,0.025,0,ACTIVE,ACTIVE,,4095,4095,0,,true,16,false,0,0,true,1.7963,0.0009,19200,2273,0,,,,,,0,,,0,0,2,565,565,0,767547204678,4.146,0,0.028,0,0,567,566,2400,true,0,0,0,0,0,0,12,12,19224,0,0,0,0,0,0,0,0,0,0,0,0,0,,0,0,0,0,0,0,0,0,0,0,0,0,0,0,0,0,0,0,,0,0,0,0,0,0,false,
567,568,33030,false,145,50,1.561,0,1.35,0,dynamic_visual_atlas_upload,,,cell_indirection_lut,1.205,2400,2400,0,0,-1,-1,,1991.701174,3.013,4.027,4.027,1,8,3,1.5,false,2,8.666,,,,,,,,,,,,,,,,,,,,,,,,,,,,,,,,,,,,,,,,,,0,0,0,0,false,0,0,,0,0,0,0,0,0,0,,,,,false,{},{},{},{},{},{},{},0,3.742,3.914,0,0,0.031,0,0,0,0,0,0,0,0,0,0,0,0,100,0,7.168333,12.564,0.057,3.223333,0,0,0,9,9,0,321,0,17,2,0,0,1,2400,0.021,0.025,0,ACTIVE,ACTIVE,,4095,4095,0,,true,16,false,0,0,true,1.8978,0.001,19200,2273,0,,,,,,0,,,0,0,2,566,566,0,767547224084,6.331,0,0.028,0,0,568,567,2400,true,0,0,0,0,0,0,12,12,19224,0,0,0,0,0,0,0,0,0,0,0,0,0,,0,0,0,0,0,0,0,0,0,0,0,0,0,0,0,0,0,0,,0,0,0,0,0,0,false,
568,569,33050,false,145,50,1.433,0,1.295,0,dynamic_visual_atlas_upload,,,cell_indirection_lut,1.205,2400,2400,0,0,-1,-1,,1991.701174,3.013,4.027,4.027,1,8,3,1.5,false,2,8.666,,,,,,,,,,,,,,,,,,,,,,,,,,,,,,,,,,,,,,,,,,0,0,0,0,false,0,0,,0,0,0,0,0,0,0,,,,,false,{},{},{},{},{},{},{},0,3.07,3.223,0,0,0.011,0,0,0,0,0,0,0,0,0,0,0,0,100,0,6.64,12.564,0.057,3.406,0,0,0,9,9,0,321,0,17,2,0,0,1,2400,0.021,0.025,0,ACTIVE,ACTIVE,,4095,4095,0,,true,16,false,0,0,true,1.9093,0.0012,19200,1418,0,,,,,,0,,,0,0,2,567,567,0,767547245303,4.949,0,0.029,0,0,569,568,2400,true,0,0,0,0,0,0,12,12,19224,0,0,0,0,0,0,0,0,0,0,0,0,0,,0,0,0,0,0,0,0,0,0,0,0,0,0,0,0,0,0,0,,0,0,0,0,0,0,false,
569,570,33071,false,145,50,1.711,0,1.577,0,dynamic_visual_atlas_upload,,,cell_indirection_lut,1.205,2400,2400,0,0,-1,-1,,1991.701174,3.013,4.027,4.027,1,8,3,1.5,false,2,8.666,,,,,,,,,,,,,,,,,,,,,,,,,,,,,,,,,,,,,,,,,,0,0,0,0,false,0,0,,0,0,0,0,0,0,0,,,,,false,{},{},{},{},{},{},{},0,3.177,3.389,0,0,0.014,0,0,0,0,0,0,0,0,0,0,0,0,100,0,7.150333,12.564,0.057,3.747333,0,0,0,9,9,0,321,0,17,2,0,0,1,2400,0.021,0.025,0,ACTIVE,ACTIVE,,4095,4095,0,,true,16,false,0,0,true,2.4064,0.0012,19200,2273,0,,,,,,0,,,0,0,2,568,568,0,767547265753,5.957,0,0.028,0,0,570,569,2400,true,0,0,0,0,0,0,12,12,19224,0,0,0,0,0,0,0,0,0,0,0,0,0,,0,0,0,0,0,0,0,0,0,0,0,0,0,0,0,0,0,0,,0,0,0,0,0,0,false,
570,571,33091,false,145,50,1.392,0,1.244,0,dynamic_visual_atlas_upload,,,cell_indirection_lut,1.205,2400,2400,0,0,-1,-1,,1991.701174,3.013,4.027,4.027,1,8,3,1.5,false,2,8.666,,,,,,,,,,,,,,,,,,,,,,,,,,,,,,,,,,,,,,,,,,0,0,0,0,false,0,0,,0,0,0,0,0,0,0,,,,,false,{},{},{},{},{},{},{},0,2.963,3.128,0,0,0.016,0,0,0,0,0,0,0,0,0,0,0,0,100,0,6.617667,12.564,0.057,3.473667,0,0,0,9,9,0,321,0,17,2,0,0,1,2400,0.021,0.025,0,ACTIVE,ACTIVE,,4095,4095,0,,true,16,false,0,0,true,2.3761,0.0009,21600,1622,0,,,,,,0,,,0,0,2,569,569,0,767547287173,4.447,0,0.028,0,0,571,570,2400,true,0,0,0,0,0,0,12,12,19224,0,0,0,0,0,0,0,0,0,0,0,0,0,,0,0,0,0,0,0,0,0,0,0,0,0,0,0,0,0,0,0,,0,0,0,0,0,0,false,
571,572,33112,false,145,50,1.362,0,1.241,0,dynamic_visual_atlas_upload,,,cell_indirection_lut,1.205,2400,2400,0,0,-1,-1,,1991.701174,3.013,4.027,4.027,1,8,3,1.5,false,2,8.666,,,,,,,,,,,,,,,,,,,,,,,,,,,,,,,,,,,,,,,,,,0,0,0,0,false,0,0,,0,0,0,0,0,0,0,,,,,false,{},{},{},{},{},{},{},0,3.541,3.702,0,0,0.011,0,0,0,0,0,0,0,0,0,0,0,0,100,0,6.997333,12.564,0.057,3.284333,0,0,0,9,9,0,321,0,17,2,0,0,1,2400,0.021,0.025,0,ACTIVE,ACTIVE,,4095,4095,0,,true,16,false,0,0,true,1.9151,0.001,19200,2274,0,,,,,,0,,,0,0,2,570,570,0,767547306611,5.931,0,0.031,0,0,572,571,2400,true,0,0,0,0,0,0,12,12,21624,0,0,0,0,0,0,0,0,0,0,0,0,0,,0,0,0,0,0,0,0,0,0,0,0,0,0,0,0,0,0,0,,0,0,0,0,0,0,false,
572,573,33137,false,145,50,1.447,0,1.281,0,dynamic_visual_atlas_upload,,,cell_indirection_lut,1.205,2400,2400,0,0,-1,-1,,1991.701174,3.013,4.027,4.027,1,8,3,1.5,false,2,8.666,,,,,,,,,,,,,,,,,,,,,,,,,,,,,,,,,,,,,,,,,,0,0,0,0,false,0,0,,0,0,0,0,0,0,0,,,,,false,{},{},{},{},{},{},{},0,0,0.196,0,0,0.014,0,0,0,0,0,0,0,0,0,0,0,0,100,0,6.1105,12.564,0.057,5.9005,0,0,0,9,9,0,321,0,17,2,0,0,1,2400,0.021,0.025,0,ACTIVE,ACTIVE,,4095,4095,0,,true,16,false,0,0,true,2.5092,0.0013,52800,2278,0,,,,,,0,,,0,0,2,571,571,0,767547329023,7.965,0,0.031,0,0,573,572,2400,true,0,0,0,0,0,0,12,12,19224,0,0,0,0,0,0,0,0,0,0,0,0,0,,0,0,0,0,0,0,0,0,0,0,0,0,0,0,0,0,0,0,,0,0,0,0,0,0,false,
573,574,33158,false,145,50,1.452,0,1.277,0,dynamic_visual_atlas_upload,,,cell_indirection_lut,1.205,2400,2400,0,0,-1,-1,,1991.701174,3.013,4.027,4.027,1,8,3,1.5,false,2,8.666,,,,,,,,,,,,,,,,,,,,,,,,,,,,,,,,,,,,,,,,,,0,0,0,0,false,0,0,,0,0,0,0,0,0,0,,,,,false,{},{},{},{},{},{},{},0,0,0.226,0,0,0.016,0,0,0,0,0,0,0,0,0,0,0,0,100,0,6.929,12.564,0.057,6.687,0,0,0,9,9,0,321,0,17,2,0,0,1,2400,0.021,0.025,0,ACTIVE,ACTIVE,,4095,4095,0,,true,16,false,0,0,true,1.8119,0.0009,19200,2280,0,,,,,,0,,,0,0,2,572,572,0,767547349102,8.682,0,0.026,0,0,574,573,2400,true,0,0,0,0,0,0,12,12,52824,0,0,0,0,0,0,0,0,0,0,0,0,0,,0,0,0,0,0,0,0,0,0,0,0,0,0,0,0,0,0,0,,0,0,0,0,0,0,false,
574,575,33171,false,145,50,1.448,0,1.292,0,dynamic_visual_atlas_upload,,,cell_indirection_lut,1.205,2400,2400,0,0,-1,-1,,1991.701174,3.013,4.027,4.027,1,8,3,1.5,false,2,8.666,,,,,,,,,,,,,,,,,,,,,,,,,,,,,,,,,,,,,,,,,,0,0,0,0,false,0,0,,0,0,0,0,0,0,0,,,,,false,{},{},{},{},{},{},{},0,0,0.149,0,0,0.01,0,0,0,0,0,0,0,0,0,0,0,0,100,0,6.7705,12.564,0.057,6.6115,0,0,0,9,9,0,321,0,17,2,0,0,1,2400,0.021,0.025,0,ACTIVE,ACTIVE,,4095,4095,0,,true,16,false,0,0,true,1.7687,0.0009,19200,2275,0,,,,,,0,,,0,0,2,573,573,0,767547366869,4.436,0,0.027,0,0,575,574,2400,true,0,0,0,0,0,0,12,12,19224,0,0,0,0,0,0,0,0,0,0,0,0,0,,0,0,0,0,0,0,0,0,0,0,0,0,0,0,0,0,0,0,,0,0,0,0,0,0,false,
575,576,33188,false,145,50,1.489,0,1.336,0,dynamic_visual_atlas_upload,,,cell_indirection_lut,1.205,2400,2400,0,0,-1,-1,,1991.701174,3.013,4.027,4.027,1,8,3,1.5,false,2,8.666,,,,,,,,,,,,,,,,,,,,,,,,,,,,,,,,,,,,,,,,,,0,0,0,0,false,0,0,,0,0,0,0,0,0,0,,,,,false,{},{},{},{},{},{},{},0,3.259,3.422,0,0,0.016,0,0,0,0,0,0,0,0,0,0,0,0,100,0,8.6035,12.564,0.057,5.1655,0,0,0,9,9,0,321,0,17,2,0,0,1,2400,0.021,0.025,0,ACTIVE,ACTIVE,,4095,4095,0,,true,16,false,0,0,true,2.0179,0.0014,19200,2275,0,,,,,,0,,,0,0,2,574,574,0,767547385470,3.054,0,0.027,0,0,576,575,2400,true,0,0,0,0,0,0,12,12,19224,0,0,0,0,0,0,0,0,0,0,0,0,0,,0,0,0,0,0,0,0,0,0,0,0,0,0,0,0,0,0,0,,0,0,0,0,0,0,false,
576,577,33209,false,145,50,1.479,0,1.298,0,dynamic_visual_atlas_upload,,,cell_indirection_lut,1.205,2400,2400,0,0,-1,-1,,1991.701174,3.013,4.027,4.027,1,8,3,1.5,false,2,8.666,,,,,,,,,,,,,,,,,,,,,,,,,,,,,,,,,,,,,,,,,,0,0,0,0,false,0,0,,0,0,0,0,0,0,0,,,,,false,{},{},{},{},{},{},{},0,3.006,3.179,0,0,0.015,0,0,0,0,0,0,0,0,0,0,0,0,100,0,6.827667,12.564,0.057,3.633667,0,0,0,9,9,0,321,0,17,2,0,0,1,2400,0.021,0.025,0,ACTIVE,ACTIVE,,4095,4095,0,,true,16,false,0,0,true,2.7063,0.0014,21600,2275,0,,,,,,0,,,0,0,2,575,575,0,767547405069,3.939,0,0.031,0,0,577,576,2400,true,0,0,0,0,0,0,12,12,19224,0,0,0,0,0,0,0,0,0,0,0,0,0,,0,0,0,0,0,0,0,0,0,0,0,0,0,0,0,0,0,0,,0,0,0,0,0,0,false,
577,578,33229,false,145,50,1.396,0,1.253,0,dynamic_visual_atlas_upload,,,cell_indirection_lut,1.205,2400,2400,0,0,-1,-1,,1991.701174,3.013,4.027,4.027,1,8,3,1.5,false,2,8.666,,,,,,,,,,,,,,,,,,,,,,,,,,,,,,,,,,,,,,,,,,0,0,0,0,false,0,0,,0,0,0,0,0,0,0,,,,,false,{},{},{},{},{},{},{},0,3.031,3.198,0,0,0.015,0,0,0,0,0,0,0,0,0,0,0,0,100,0,6.869333,12.564,0.057,3.656333,0,0,0,9,9,0,321,0,17,2,0,0,1,2400,0.021,0.025,0,ACTIVE,ACTIVE,,4095,4095,0,,true,16,false,0,0,true,1.7848,0.001,19200,2275,0,,,,,,0,,,0,0,2,576,576,0,767547425445,4.168,0,0.029,0,0,578,577,2400,true,0,0,0,0,0,0,12,12,21624,0,0,0,0,0,0,0,0,0,0,0,0,0,,0,0,0,0,0,0,0,0,0,0,0,0,0,0,0,0,0,0,,0,0,0,0,0,0,false,
578,579,33250,false,145,50,1.374,0,1.25,0,dynamic_visual_atlas_upload,,,cell_indirection_lut,1.205,2400,2400,0,0,-1,-1,,1991.701174,3.013,4.027,4.027,1,8,3,1.5,false,2,8.666,,,,,,,,,,,,,,,,,,,,,,,,,,,,,,,,,,,,,,,,,,0,0,0,0,false,0,0,,0,0,0,0,0,0,0,,,,,false,{},{},{},{},{},{},{},0,3.499,3.66,0,0,0.013,0,0,0,0,0,0,0,0,0,0,0,0,100,0,6.967333,12.564,0.057,3.294333,0,0,0,9,9,0,321,0,17,2,0,0,1,2400,0.021,0.025,0,ACTIVE,ACTIVE,,4095,4095,0,,true,16,false,0,0,true,1.9759,0.0011,19200,2274,0,,,,,,0,,,0,0,2,577,577,0,767547444476,6.031,0,0.026,0,0,579,578,2400,true,0,0,0,0,0,0,12,12,19224,0,0,0,0,0,0,0,0,0,0,0,0,0,,0,0,0,0,0,0,0,0,0,0,0,0,0,0,0,0,0,0,,0,0,0,0,0,0,false,
579,580,33271,false,145,50,1.476,0,1.32,0,dynamic_visual_atlas_upload,,,cell_indirection_lut,1.205,2400,2400,0,0,-1,-1,,1991.701174,3.013,4.027,4.027,1,8,3,1.5,false,2,8.666,,,,,,,,,,,,,,,,,,,,,,,,,,,,,,,,,,,,,,,,,,0,0,0,0,false,0,0,,0,0,0,0,0,0,0,,,,,false,{},{},{},{},{},{},{},0,3.594,3.764,0,0,0.017,0,0,0,0,0,0,0,0,0,0,0,0,100,0,6.988333,12.564,0.057,3.207333,0,0,0,9,9,0,321,0,17,2,0,0,1,2400,0.021,0.025,0,ACTIVE,ACTIVE,,4095,4095,0,,true,16,false,0,0,true,1.8828,0.0013,19200,2274,0,,,,,,0,,,0,0,2,578,578,0,767547465686,5.843,0,0.028,0,0,580,579,2400,true,0,0,0,0,0,0,12,12,19224,0,0,0,0,0,0,0,0,0,0,0,0,0,,0,0,0,0,0,0,0,0,0,0,0,0,0,0,0,0,0,0,,0,0,0,0,0,0,false,
580,581,33292,false,145,50,1.399,0,1.27,0,dynamic_visual_atlas_upload,,,cell_indirection_lut,1.205,2400,2400,0,0,-1,-1,,1991.701174,3.013,4.027,4.027,1,8,3,1.5,false,2,8.666,,,,,,,,,,,,,,,,,,,,,,,,,,,,,,,,,,,,,,,,,,0,0,0,0,false,0,0,,0,0,0,0,0,0,0,,,,,false,{},{},{},{},{},{},{},0,3.46,3.613,0,0,0.014,0,0,0,0,0,0,0,0,0,0,0,0,100,0,6.880667,12.564,0.057,3.253667,0,0,0,9,9,0,321,0,17,2,0,0,1,2400,0.021,0.025,0,ACTIVE,ACTIVE,,4095,4095,0,,true,16,false,0,0,true,2.4467,0.001,52800,1577,0,,,,,,0,,,0,0,2,579,579,0,767547486656,5.454,0,0.03,0,0,581,580,2400,true,0,0,0,0,0,0,12,12,19224,0,0,0,0,0,0,0,0,0,0,0,0,0,,0,0,0,0,0,0,0,0,0,0,0,0,0,0,0,0,0,0,,0,0,0,0,0,0,false,
581,582,33313,false,145,50,1.475,0,1.286,0,dynamic_visual_atlas_upload,,,cell_indirection_lut,1.205,2400,2400,0,0,-1,-1,,1991.701174,3.013,4.027,4.027,1,8,3,1.5,false,2,8.666,,,,,,,,,,,,,,,,,,,,,,,,,,,,,,,,,,,,,,,,,,0,0,0,0,false,0,0,,0,0,0,0,0,0,0,,,,,false,{},{},{},{},{},{},{},0,4.036,4.229,0,0,0.017,0,0,0,0,0,0,0,0,0,0,0,0,100,0,7.192667,12.564,0.057,2.946667,0,0,0,9,9,0,321,0,17,2,0,0,1,2400,0.021,0.025,0,ACTIVE,ACTIVE,,4095,4095,0,,true,16,false,0,0,true,2.0884,0.0013,19200,2280,0,,,,,,0,,,0,0,2,580,580,0,767547508681,5.034,0,0.028,0,0,582,581,2400,true,0,0,0,0,0,0,12,12,52824,0,0,0,0,0,0,0,0,0,0,0,0,0,,0,0,0,0,0,0,0,0,0,0,0,0,0,0,0,0,0,0,,0,0,0,0,0,0,false,
582,583,33337,false,145,50,1.492,0,1.297,0,dynamic_visual_atlas_upload,,,cell_indirection_lut,1.205,2400,2400,0,0,-1,-1,,1991.701174,3.013,4.027,4.027,1,8,3,1.5,false,2,8.666,,,,,,,,,,,,,,,,,,,,,,,,,,,,,,,,,,,,,,,,,,0,0,0,0,false,0,0,,0,0,0,0,0,0,0,,,,,false,{},{},{},{},{},{},{},0,0.001,0.243,0,0,0.015,0,0,0,0,0,0,0,0,0,0,0,0,100,0,5.88875,12.564,0.057,5.63075,0,0,0,9,9,0,321,0,17,2,0,0,1,2400,0.021,0.025,0,ACTIVE,ACTIVE,,4095,4095,0,,true,16,false,0,0,true,2.398,0.0009,21600,2275,0,,,,,,0,,,0,0,2,581,581,0,767547528314,8.958,0,0.028,0,0,583,582,2400,true,0,0,0,0,0,0,12,12,19224,0,0,0,0,0,0,0,0,0,0,0,0,0,,0,0,0,0,0,0,0,0,0,0,0,0,0,0,0,0,0,0,,0,0,0,0,0,0,false,
583,584,33351,false,145,50,1.414,0,1.259,0,dynamic_visual_atlas_upload,,,cell_indirection_lut,1.205,2400,2400,0,0,-1,-1,,1991.701174,3.013,4.027,4.027,1,8,3,1.5,false,2,8.666,,,,,,,,,,,,,,,,,,,,,,,,,,,,,,,,,,,,,,,,,,0,0,0,0,false,0,0,,0,0,0,0,0,0,0,,,,,false,{},{},{},{},{},{},{},0,0,0.198,0,0,0.015,0,0,0,0,0,0,0,0,0,0,0,0,100,0,6.863,12.564,0.057,6.65,0,0,0,9,9,0,321,0,17,2,0,0,1,2400,0.021,0.025,0,ACTIVE,ACTIVE,,4095,4095,0,,true,16,false,0,0,true,1.8808,0.0011,19200,2274,0,,,,,,0,,,0,0,2,582,582,0,767547547467,3.529,0,0.032,0,0,584,583,2400,true,0,0,0,0,0,0,12,12,21624,0,0,0,0,0,0,0,0,0,0,0,0,0,,0,0,0,0,0,0,0,0,0,0,0,0,0,0,0,0,0,0,,0,0,0,0,0,0,false,
584,585,33368,false,145,50,1.402,0,1.248,0,dynamic_visual_atlas_upload,,,cell_indirection_lut,1.205,2400,2400,0,0,-1,-1,,1991.701174,3.013,4.027,4.027,1,8,3,1.5,false,2,8.666,,,,,,,,,,,,,,,,,,,,,,,,,,,,,,,,,,,,,,,,,,0,0,0,0,false,0,0,,0,0,0,0,0,0,0,,,,,false,{},{},{},{},{},{},{},0,3.432,3.612,0,0,0.014,0,0,0,0,0,0,0,0,0,0,0,0,100,0,8.5625,12.564,0.057,4.9365,0,0,0,9,9,0,321,0,17,2,0,0,1,2400,0.021,0.025,0,ACTIVE,ACTIVE,,4095,4095,0,,true,16,false,0,0,true,1.7879,0.0009,19200,2274,0,,,,,,0,,,0,0,2,583,583,0,767547565536,2.564,0,0.027,0,0,585,584,2400,true,0,0,0,0,0,0,12,12,19224,0,0,0,0,0,0,0,0,0,0,0,0,0,,0,0,0,0,0,0,0,0,0,0,0,0,0,0,0,0,0,0,,0,0,0,0,0,0,false,
585,586,33391,false,145,50,1.449,0,1.284,0,dynamic_visual_atlas_upload,,,cell_indirection_lut,1.205,2400,2400,0,0,-1,-1,,1991.701174,3.013,4.027,4.027,1,8,3,1.5,false,2,8.666,,,,,,,,,,,,,,,,,,,,,,,,,,,,,,,,,,,,,,,,,,0,0,0,0,false,0,0,,0,0,0,0,0,0,0,,,,,false,{},{},{},{},{},{},{},0,6.206,6.36,0,0,0.011,0,0,0,0,0,0,0,0,0,0,0,0,100,0,7.803667,12.564,0.057,1.432667,0,0,0,9,9,0,321,0,17,2,0,0,1,2400,0.021,0.025,0,ACTIVE,ACTIVE,,4095,4095,0,,true,16,false,0,0,true,1.9547,0.0013,19200,2273,0,,,,,,0,,,0,0,2,584,584,0,767547583075,8.443,0,0.029,0,0,586,585,2400,true,0,0,0,0,0,0,12,12,19224,0,0,0,0,0,0,0,0,0,0,0,0,0,,0,0,0,0,0,0,0,0,0,0,0,0,0,0,0,0,0,0,,0,0,0,0,0,0,false,
586,587,33409,false,145,50,1.394,0,1.282,0,dynamic_visual_atlas_upload,,,cell_indirection_lut,1.205,2400,2400,0,0,-1,-1,,1991.701174,3.013,4.027,4.027,1,8,3,1.5,false,2,8.666,,,,,,,,,,,,,,,,,,,,,,,,,,,,,,,,,,,,,,,,,,0,0,0,0,false,0,0,,0,0,0,0,0,0,0,,,,,false,{},{},{},{},{},{},{},0,3.214,3.367,0,0,0.013,0,0,0,0,0,0,0,0,0,0,0,0,100,0,5.822,12.564,0.057,2.442,0,0,0,9,9,0,321,0,17,2,0,0,1,2400,0.021,0.025,0,ACTIVE,ACTIVE,,4095,4095,0,,true,16,false,0,0,true,1.7652,0.001,19200,2272,0,,,,,,0,,,0,0,2,585,585,0,767547603438,5.535,0,0.029,0,0,587,586,2400,true,0,0,0,0,0,0,12,12,19224,0,0,0,0,0,0,0,0,0,0,0,0,0,,0,0,0,0,0,0,0,0,0,0,0,0,0,0,0,0,0,0,,0,0,0,0,0,0,false,
587,588,33430,false,145,50,1.419,0,1.301,0,dynamic_visual_atlas_upload,,,cell_indirection_lut,1.205,2400,2400,0,0,-1,-1,,1991.701174,3.013,4.027,4.027,1,8,3,1.5,false,2,8.666,,,,,,,,,,,,,,,,,,,,,,,,,,,,,,,,,,,,,,,,,,0,0,0,0,false,0,0,,0,0,0,0,0,0,0,,,,,false,{},{},{},{},{},{},{},0,3.707,3.853,0,0,0.011,0,0,0,0,0,0,0,0,0,0,0,0,100,0,7.044667,12.564,0.057,3.180667,0,0,0,9,9,0,321,0,17,2,0,0,1,2400,0.021,0.025,0,ACTIVE,ACTIVE,,4095,4095,0,,true,16,false,0,0,true,1.9034,0.0012,19200,2272,0,,,,,,0,,,0,0,2,586,586,0,767547623551,6.562,0,0.026,0,0,588,587,2400,true,0,0,0,0,0,0,12,12,19224,0,0,0,0,0,0,0,0,0,0,0,0,0,,0,0,0,0,0,0,0,0,0,0,0,0,0,0,0,0,0,0,,0,0,0,0,0,0,false,
588,589,33451,false,145,50,1.397,0,1.227,0,dynamic_visual_atlas_upload,,,cell_indirection_lut,1.205,2400,2400,0,0,-1,-1,,1991.701174,3.013,4.027,4.027,1,8,3,1.5,false,2,8.666,,,,,,,,,,,,,,,,,,,,,,,,,,,,,,,,,,,,,,,,,,0,0,0,0,false,0,0,,0,0,0,0,0,0,0,,,,,false,{},{},{},{},{},{},{},0,3.616,3.773,0,0,0.011,0,0,0,0,0,0,0,0,0,0,0,0,100,0,6.944333,12.564,0.057,3.160333,0,0,0,9,9,0,321,0,17,2,0,0,1,2400,0.021,0.025,0,ACTIVE,ACTIVE,,4095,4095,0,,true,16,false,0,0,true,1.9034,0.0012,19200,2272,0,,,,,,0,,,0,0,2,587,587,0,767547645428,5.537,0,0.026,0,0,589,588,2400,true,0,0,0,0,0,0,12,12,19224,0,0,0,0,0,0,0,0,0,0,0,0,0,,0,0,0,0,0,0,0,0,0,0,0,0,0,0,0,0,0,0,,0,0,0,0,0,0,false,
589,590,33471,false,145,50,1.391,0,1.258,0,dynamic_visual_atlas_upload,,,cell_indirection_lut,1.205,2400,2400,0,0,-1,-1,,1991.701174,3.013,4.027,4.027,1,8,3,1.5,false,2,8.666,,,,,,,,,,,,,,,,,,,,,,,,,,,,,,,,,,,,,,,,,,0,0,0,0,false,0,0,,0,0,0,0,0,0,0,,,,,false,{},{},{},{},{},{},{},0,2.94,3.092,0,0,0.013,0,0,0,0,0,0,0,0,0,0,0,0,100,0,6.694667,12.564,0.057,3.589667,0,0,0,9,9,0,321,0,17,2,0,0,1,2400,0.021,0.025,0,ACTIVE,ACTIVE,,4095,4095,0,,true,16,false,0,0,true,1.8274,0.0012,19200,2280,0,,,,,,0,,,0,0,2,588,588,0,767547667523,3.51,0,0.027,0,0,590,589,2400,true,0,0,0,0,0,0,12,12,55224,0,0,0,0,0,0,0,0,0,0,0,0,0,,0,0,0,0,0,0,0,0,0,0,0,0,0,0,0,0,0,0,,0,0,0,0,0,0,false,
590,591,33492,false,145,50,1.49,0,1.344,0,dynamic_visual_atlas_upload,,,cell_indirection_lut,1.205,2400,2400,0,0,-1,-1,,1991.701174,3.013,4.027,4.027,1,8,3,1.5,false,2,8.666,,,,,,,,,,,,,,,,,,,,,,,,,,,,,,,,,,,,,,,,,,0,0,0,0,false,0,0,,0,0,0,0,0,0,0,,,,,false,{},{},{},{},{},{},{},0,3.408,3.564,0,0,0.012,0,0,0,0,0,0,0,0,0,0,0,0,100,0,6.981667,12.564,0.057,3.405667,0,0,0,9,9,0,321,0,17,2,0,0,1,2400,0.021,0.025,0,ACTIVE,ACTIVE,,4095,4095,0,,true,16,false,0,0,true,2.0968,0.0013,19200,2276,0,,,,,,0,,,0,0,2,589,589,0,767547685624,6.37,0,0.028,0,0,591,590,2400,true,0,0,0,0,0,0,12,12,19224,0,0,0,0,0,0,0,0,0,0,0,0,0,,0,0,0,0,0,0,0,0,0,0,0,0,0,0,0,0,0,0,,0,0,0,0,0,0,false,
591,592,33512,false,145,50,1.407,0,1.261,0,dynamic_visual_atlas_upload,,,cell_indirection_lut,1.205,2400,2400,0,0,-1,-1,,1991.701174,3.013,4.027,4.027,1,8,3,1.5,false,2,8.666,,,,,,,,,,,,,,,,,,,,,,,,,,,,,,,,,,,,,,,,,,0,0,0,0,false,0,0,,0,0,0,0,0,0,0,,,,,false,{},{},{},{},{},{},{},0,3.054,3.204,0,0,0.012,0,0,0,0,0,0,0,0,0,0,0,0,100,0,6.85,12.564,0.057,3.634,0,0,0,9,9,0,321,0,17,2,0,0,1,2400,0.021,0.025,0,ACTIVE,ACTIVE,,4095,4095,0,,true,16,false,0,0,true,1.8317,0.001,19200,1669,0,,,,,,0,,,0,0,2,590,590,0,767547707489,5.052,0,0.029,0,0,592,591,2400,true,0,0,0,0,0,0,12,12,19224,0,0,0,0,0,0,0,0,0,0,0,0,0,,0,0,0,0,0,0,0,0,0,0,0,0,0,0,0,0,0,0,,0,0,0,0,0,0,false,
592,593,33530,false,145,50,1.385,0,1.239,0,dynamic_visual_atlas_upload,,,cell_indirection_lut,1.205,2400,2400,0,0,-1,-1,,1991.701174,3.013,4.027,4.027,1,8,3,1.5,false,2,8.666,,,,,,,,,,,,,,,,,,,,,,,,,,,,,,,,,,,,,,,,,,0,0,0,0,false,0,0,,0,0,0,0,0,0,0,,,,,false,{},{},{},{},{},{},{},0,0,0.176,0,0,0.013,0,0,0,0,0,0,0,0,0,0,0,0,100,0,5.918667,12.564,0.057,5.729667,0,0,0,9,9,0,321,0,17,2,0,0,1,2400,0.021,0.025,0,ACTIVE,ACTIVE,,4095,4095,0,,true,16,false,0,0,true,1.8019,0.001,19200,2275,0,,,,,,0,,,0,0,2,591,591,0,767547727548,2.723,0,0.027,0,0,593,592,2400,true,0,0,0,0,0,0,12,12,19224,0,0,0,0,0,0,0,0,0,0,0,0,0,,0,0,0,0,0,0,0,0,0,0,0,0,0,0,0,0,0,0,,0,0,0,0,0,0,false,
593,594,33551,false,145,50,1.371,0,1.228,0,dynamic_visual_atlas_upload,,,cell_indirection_lut,1.205,2400,2400,0,0,-1,-1,,1991.701174,3.013,4.027,4.027,1,8,3,1.5,false,2,8.666,,,,,,,,,,,,,,,,,,,,,,,,,,,,,,,,,,,,,,,,,,0,0,0,0,false,0,0,,0,0,0,0,0,0,0,,,,,false,{},{},{},{},{},{},{},0,0,0.217,0,0,0.015,0,0,0,0,0,0,0,0,0,0,0,0,100,0,6.886667,12.564,0.057,6.654667,0,0,0,9,9,0,321,0,17,2,0,0,1,2400,0.021,0.025,0,ACTIVE,ACTIVE,,4095,4095,0,,true,16,false,0,0,true,1.9362,0.001,19200,2258,0,,,,,,0,,,0,0,2,592,592,0,767547746056,4.887,0,0.029,0,0,594,593,2400,true,0,0,0,0,0,0,12,12,19224,0,0,0,0,0,0,0,0,0,0,0,0,0,,0,0,0,0,0,0,0,0,0,0,0,0,0,0,0,0,0,0,,0,0,0,0,0,0,false,
594,595,33567,false,145,50,1.407,0,1.268,0,dynamic_visual_atlas_upload,,,cell_indirection_lut,1.205,2400,2400,0,0,-1,-1,,1991.701174,3.013,4.027,4.027,1,8,3,1.5,false,2,8.666,,,,,,,,,,,,,,,,,,,,,,,,,,,,,,,,,,,,,,,,,,0,0,0,0,false,0,0,,0,0,0,0,0,0,0,,,,,false,{},{},{},{},{},{},{},0,2.963,3.118,0,0,0.013,0,0,0,0,0,0,0,0,0,0,0,0,100,0,8.3655,12.564,0.057,5.2345,0,0,0,9,9,0,321,0,17,2,0,0,1,2400,0.021,0.025,0,ACTIVE,ACTIVE,,4095,4095,0,,true,16,false,0,0,true,2.3858,0.001,21600,2278,0,,,,,,0,,,0,0,2,593,593,0,767547764954,2.719,0,0.029,0,0,595,594,2400,true,0,0,0,0,0,0,12,12,19224,0,0,0,0,0,0,0,0,0,0,0,0,0,,0,0,0,0,0,0,0,0,0,0,0,0,0,0,0,0,0,0,,0,0,0,0,0,0,false,
595,596,33588,false,145,50,1.339,0,1.22,0,dynamic_visual_atlas_upload,,,cell_indirection_lut,1.205,2400,2400,0,0,-1,-1,,1991.701174,3.013,4.027,4.027,1,8,3,1.5,false,2,8.666,,,,,,,,,,,,,,,,,,,,,,,,,,,,,,,,,,,,,,,,,,0,0,0,0,false,0,0,,0,0,0,0,0,0,0,,,,,false,{},{},{},{},{},{},{},0,3.553,3.711,0,0,0.014,0,0,0,0,0,0,0,0,0,0,0,0,100,0,6.993,12.564,0.057,3.268,0,0,0,9,9,0,321,0,17,2,0,0,1,2400,0.021,0.025,0,ACTIVE,ACTIVE,,4095,4095,0,,true,16,false,0,0,true,1.8722,0.001,19200,2278,0,,,,,,0,,,0,0,2,594,594,0,767547783018,5.63,0,0.027,0,0,596,595,2400,true,0,0,0,0,0,0,12,12,21624,0,0,0,0,0,0,0,0,0,0,0,0,0,,0,0,0,0,0,0,0,0,0,0,0,0,0,0,0,0,0,0,,0,0,0,0,0,0,false,
596,597,33609,false,145,50,1.408,0,1.249,0,dynamic_visual_atlas_upload,,,cell_indirection_lut,1.205,2400,2400,0,0,-1,-1,,1991.701174,3.013,4.027,4.027,1,8,3,1.5,false,2,8.666,,,,,,,,,,,,,,,,,,,,,,,,,,,,,,,,,,,,,,,,,,0,0,0,0,false,0,0,,0,0,0,0,0,0,0,,,,,false,{},{},{},{},{},{},{},0,3.488,3.648,0,0,0.011,0,0,0,0,0,0,0,0,0,0,0,0,100,0,6.96,12.564,0.057,3.301,0,0,0,9,9,0,321,0,17,2,0,0,1,2400,0.021,0.025,0,ACTIVE,ACTIVE,,4095,4095,0,,true,16,false,0,0,true,2.4166,0.0015,52800,1828,0,,,,,,0,,,0,0,2,595,595,0,767547806230,3.311,0,0.027,0,0,597,596,2400,true,0,0,0,0,0,0,12,12,19224,0,0,0,0,0,0,0,0,0,0,0,0,0,,0,0,0,0,0,0,0,0,0,0,0,0,0,0,0,0,0,0,,0,0,0,0,0,0,false,
597,598,33630,false,145,50,1.423,0,1.276,0,dynamic_visual_atlas_upload,,,cell_indirection_lut,1.205,2400,2400,0,0,-1,-1,,1991.701174,3.013,4.027,4.027,1,8,3,1.5,false,2,8.666,,,,,,,,,,,,,,,,,,,,,,,,,,,,,,,,,,,,,,,,,,0,0,0,0,false,0,0,,0,0,0,0,0,0,0,,,,,false,{},{},{},{},{},{},{},0,2.99,3.171,0,0,0.017,0,0,0,0,0,0,0,0,0,0,0,0,100,0,6.784667,12.564,0.057,3.596667,0,0,0,9,9,0,321,0,17,2,0,0,1,2400,0.021,0.025,0,ACTIVE,ACTIVE,,4095,4095,0,,true,16,false,0,0,true,1.8884,0.001,19200,2280,0,,,,,,0,,,0,0,2,596,596,0,767547825905,3.984,0,0.026,0,0,598,597,2400,true,0,0,0,0,0,0,12,12,52824,0,0,0,0,0,0,0,0,0,0,0,0,0,,0,0,0,0,0,0,0,0,0,0,0,0,0,0,0,0,0,0,,0,0,0,0,0,0,false,
598,599,33651,false,145,50,1.46,0,1.324,0,dynamic_visual_atlas_upload,,,cell_indirection_lut,1.205,2400,2400,0,0,-1,-1,,1991.701174,3.013,4.027,4.027,1,8,3,1.5,false,2,8.666,,,,,,,,,,,,,,,,,,,,,,,,,,,,,,,,,,,,,,,,,,0,0,0,0,false,0,0,,0,0,0,0,0,0,0,,,,,false,{},{},{},{},{},{},{},0.001,3.58,3.754,0,0,0.013,0,0,0,0,0,0,0,0,0,0,0,0,100,0,7.012667,12.564,0.057,3.245667,0,0,0,9,9,0,321,0,17,2,0,0,1,2400,0.021,0.025,0,ACTIVE,ACTIVE,,4095,4095,0,,true,16,false,0,0,true,1.9083,0.001,19200,2278,0,,,,,,0,,,0,0,2,597,597,0,767547844754,6.215,0,0.028,0,0,599,598,2400,true,0,0,0,0,0,0,12,12,19224,0,0,0,0,0,0,0,0,0,0,0,0,0,,0,0,0,0,0,0,0,0,0,0,0,0,0,0,0,0,0,0,,0,0,0,0,0,0,false,
599,600,33671,false,145,50,1.396,0,1.255,0,dynamic_visual_atlas_upload,,,cell_indirection_lut,1.205,2400,2400,0,0,-1,-1,,1991.701174,3.013,4.027,4.027,1,8,3,1.5,false,2,8.666,,,,,,,,,,,,,,,,,,,,,,,,,,,,,,,,,,,,,,,,,,0,0,0,0,false,0,0,,0,0,0,0,0,0,0,,,,,false,{},{},{},{},{},{},{},0,2.893,3.042,0,0,0.013,0,0,0,0,0,0,0,0,0,0,0,0,100,0,6.713,12.564,0.057,3.658,0,0,0,9,9,0,321,0,17,2,0,0,1,2400,0.021,0.025,0,ACTIVE,ACTIVE,,4095,4095,0,,true,16,false,0,0,true,1.7673,0.0009,19200,1749,0,,,,,,0,,,0,0,2,598,598,0,767547866061,4.993,0,0.032,0,0,600,599,2400,true,0,0,0,0,0,0,12,12,19224,0,0,0,0,0,0,0,0,0,0,0,0,0,,0,0,0,0,0,0,0,0,0,0,0,0,0,0,0,0,0,0,,0,0,0,0,0,0,false,
600,601,33692,false,145,50,1.356,0,1.242,0,dynamic_visual_atlas_upload,,,cell_indirection_lut,1.205,2400,2400,0,0,-1,-1,,1991.701174,3.013,4.027,4.027,1,8,3,1.5,false,2,8.666,,,,,,,,,,,,,,,,,,,,,,,,,,,,,,,,,,,,,,,,,,0,0,0,0,false,0,0,,0,0,0,0,0,0,0,,,,,false,{},{},{},{},{},{},{},0,3.5,3.659,0,0,0.015,0,0,0,0,0,0,0,0,0,0,0,0,100,0,7.005667,12.564,0.057,3.331667,0,0,0,9,9,0,321,0,17,2,0,0,1,2400,0.021,0.025,0,ACTIVE,ACTIVE,,4095,4095,0,,true,16,false,0,0,true,2.6551,0.0012,21600,2278,0,,,,,,0,,,0,0,2,599,599,0,767547885706,6.369,0,0.027,0,0,601,600,2400,true,0,0,0,0,0,0,12,12,19224,0,0,0,0,0,0,0,0,0,0,0,0,0,,0,0,0,0,0,0,0,0,0,0,0,0,0,0,0,0,0,0,,0,0,0,0,0,0,false,
601,602,33713,false,145,50,1.479,0,1.295,0,dynamic_visual_atlas_upload,,,cell_indirection_lut,1.205,2400,2400,0,0,-1,-1,,1991.701174,3.013,4.027,4.027,1,8,3,1.5,false,2,8.666,,,,,,,,,,,,,,,,,,,,,,,,,,,,,,,,,,,,,,,,,,0,0,0,0,false,0,0,,0,0,0,0,0,0,0,,,,,false,{},{},{},{},{},{},{},0,3.245,3.417,0,0,0.012,0,0,0,0,0,0,0,0,0,0,0,0,100,0,6.959333,12.564,0.057,3.530333,0,0,0,9,9,0,321,0,17,2,0,0,1,2400,0.021,0.025,0,ACTIVE,ACTIVE,,4095,4095,0,,true,16,false,0,0,true,1.9248,0.0012,19200,1749,0,,,,,,0,,,0,0,2,600,600,0,767547908871,4.096,0,0.026,0,0,602,601,2400,true,0,0,0,0,0,0,12,12,21624,0,0,0,0,0,0,0,0,0,0,0,0,0,,0,0,0,0,0,0,0,0,0,0,0,0,0,0,0,0,0,0,,0,0,0,0,0,0,false,
602,603,33730,false,145,50,1.37,0,1.227,0,dynamic_visual_atlas_upload,,,cell_indirection_lut,1.205,2400,2400,0,0,-1,-1,,1991.701174,3.013,4.027,4.027,1,8,3,1.5,false,2,8.666,,,,,,,,,,,,,,,,,,,,,,,,,,,,,,,,,,,,,,,,,,0,0,0,0,false,0,0,,0,0,0,0,0,0,0,,,,,false,{},{},{},{},{},{},{},0,0.001,0.167,0,0,0.015,0,0,0,0,0,0,0,0,0,0,0,0,100,0,5.771333,12.564,0.057,5.589333,0,0,0,9,9,0,321,0,17,2,0,0,1,2400,0.021,0.025,0,ACTIVE,ACTIVE,,4095,4095,0,,true,16,false,0,0,true,1.9703,0.001,24000,2278,0,,,,,,0,,,0,0,2,601,601,0,767547927553,2.715,0,0.027,0,0,603,602,2400,true,0,0,0,0,0,0,12,12,19224,0,0,0,0,0,0,0,0,0,0,0,0,0,,0,0,0,0,0,0,0,0,0,0,0,0,0,0,0,0,0,0,,0,0,0,0,0,0,false,
603,604,33751,false,145,50,1.556,0,1.397,0,dynamic_visual_atlas_upload,,,cell_indirection_lut,1.205,2400,2400,0,0,-1,-1,,1991.701174,3.013,4.027,4.027,1,8,3,1.5,false,2,8.666,,,,,,,,,,,,,,,,,,,,,,,,,,,,,,,,,,,,,,,,,,0,0,0,0,false,0,0,,0,0,0,0,0,0,0,,,,,false,{},{},{},{},{},{},{},0,0,0.192,0,0,0.015,0,0,0,0,0,0,0,0,0,0,0,0,100,0,6.987333,12.564,0.057,6.780333,0,0,0,9,9,0,321,0,17,2,0,0,1,2400,0.021,0.025,0,ACTIVE,ACTIVE,,4095,4095,0,,true,16,false,0,0,true,1.8544,0.001,19200,2261,0,,,,,,0,,,0,0,2,602,602,0,767547945467,5.77,0,0.027,0,0,604,603,2400,true,0,0,0,0,0,0,12,12,24024,0,0,0,0,0,0,0,0,0,0,0,0,0,,0,0,0,0,0,0,0,0,0,0,0,0,0,0,0,0,0,0,,0,0,0,0,0,0,false,
604,605,33768,false,145,50,1.386,0,1.257,0,dynamic_visual_atlas_upload,,,cell_indirection_lut,1.205,2400,2400,0,0,-1,-1,,1991.701174,3.013,4.027,4.027,1,8,3,1.5,false,2,8.666,,,,,,,,,,,,,,,,,,,,,,,,,,,,,,,,,,,,,,,,,,0,0,0,0,false,0,0,,0,0,0,0,0,0,0,,,,,false,{},{},{},{},{},{},{},0,3.35,3.493,0,0,0.012,0,0,0,0,0,0,0,0,0,0,0,0,100,0,8.42,12.564,0.057,4.915,0,0,0,9,9,0,321,0,17,2,0,0,1,2400,0.021,0.025,0,ACTIVE,ACTIVE,,4095,4095,0,,true,16,false,0,0,true,2.484,0.0009,52800,2280,0,,,,,,0,,,0,0,2,603,603,0,767547963680,4.418,0,0.027,0,0,605,604,2400,true,0,0,0,0,0,0,12,12,19224,0,0,0,0,0,0,0,0,0,0,0,0,0,,0,0,0,0,0,0,0,0,0,0,0,0,0,0,0,0,0,0,,0,0,0,0,0,0,false,
605,606,33788,false,145,50,1.402,0,1.252,0,dynamic_visual_atlas_upload,,,cell_indirection_lut,1.205,2400,2400,0,0,-1,-1,,1991.701174,3.013,4.027,4.027,1,8,3,1.5,false,2,8.666,,,,,,,,,,,,,,,,,,,,,,,,,,,,,,,,,,,,,,,,,,0,0,0,0,false,0,0,,0,0,0,0,0,0,0,,,,,false,{},{},{},{},{},{},{},0,3.061,3.217,0,0,0.014,0,0,0,0,0,0,0,0,0,0,0,0,100,0,6.836,12.564,0.057,3.605,0,0,0,9,9,0,321,0,17,2,0,0,1,2400,0.021,0.025,0,ACTIVE,ACTIVE,,4095,4095,0,,true,16,false,0,0,true,1.8108,0.001,19200,2280,0,,,,,,0,,,0,0,2,604,604,0,767547983849,4.734,0,0.026,0,0,606,605,2400,true,0,0,0,0,0,0,12,12,52824,0,0,0,0,0,0,0,0,0,0,0,0,0,,0,0,0,0,0,0,0,0,0,0,0,0,0,0,0,0,0,0,,0,0,0,0,0,0,false,
606,607,33809,false,145,50,1.422,0,1.286,0,dynamic_visual_atlas_upload,,,cell_indirection_lut,1.205,2400,2400,0,0,-1,-1,,1991.701174,3.013,4.027,4.027,1,8,3,1.5,false,2,8.666,,,,,,,,,,,,,,,,,,,,,,,,,,,,,,,,,,,,,,,,,,0,0,0,0,false,0,0,,0,0,0,0,0,0,0,,,,,false,{},{},{},{},{},{},{},0,3.482,3.655,0,0,0.013,0,0,0,0,0,0,0,0,0,0,0,0,100,0,6.952333,12.564,0.057,3.284333,0,0,0,9,9,0,321,0,17,2,0,0,1,2400,0.021,0.025,0,ACTIVE,ACTIVE,,4095,4095,0,,true,16,false,0,0,true,2.4896,0.0013,21600,2279,0,,,,,,0,,,0,0,2,605,605,0,767548002987,6.486,0,0.027,0,0,607,606,2400,true,0,0,0,0,0,0,12,12,19224,0,0,0,0,0,0,0,0,0,0,0,0,0,,0,0,0,0,0,0,0,0,0,0,0,0,0,0,0,0,0,0,,0,0,0,0,0,0,false,
607,608,33829,false,145,50,1.396,0,1.264,0,dynamic_visual_atlas_upload,,,cell_indirection_lut,1.205,2400,2400,0,0,-1,-1,,1991.701174,3.013,4.027,4.027,1,8,3,1.5,false,2,8.666,,,,,,,,,,,,,,,,,,,,,,,,,,,,,,,,,,,,,,,,,,0,0,0,0,false,0,0,,0,0,0,0,0,0,0,,,,,false,{},{},{},{},{},{},{},0,2.863,3.007,0,0,0.012,0,0,0,0,0,0,0,0,0,0,0,0,100,0,6.741,12.564,0.057,3.722,0,0,0,9,9,0,321,0,17,2,0,0,1,2400,0.021,0.025,0,ACTIVE,ACTIVE,,4095,4095,0,,true,16,false,0,0,true,1.7911,0.0009,19200,1883,0,,,,,,0,,,0,0,2,606,606,0,767548024919,4.733,0,0.027,0,0,608,607,2400,true,0,0,0,0,0,0,12,12,21624,0,0,0,0,0,0,0,0,0,0,0,0,0,,0,0,0,0,0,0,0,0,0,0,0,0,0,0,0,0,0,0,,0,0,0,0,0,0,false,
608,609,33851,false,145,50,1.455,0,1.325,0,dynamic_visual_atlas_upload,,,cell_indirection_lut,1.205,2400,2400,0,0,-1,-1,,1991.701174,3.013,4.027,4.027,1,8,3,1.5,false,2,8.666,,,,,,,,,,,,,,,,,,,,,,,,,,,,,,,,,,,,,,,,,,0,0,0,0,false,0,0,,0,0,0,0,0,0,0,,,,,false,{},{},{},{},{},{},{},0.001,3.667,3.833,0,0,0.013,0,0,0,0,0,0,0,0,0,0,0,0,100,0,7.155667,12.564,0.057,3.309667,0,0,0,9,9,0,321,0,17,2,0,0,1,2400,0.021,0.025,0,ACTIVE,ACTIVE,,4095,4095,0,,true,16,false,0,0,true,1.8123,0.0011,19200,2279,0,,,,,,0,,,0,0,2,607,607,0,767548044648,6.493,0,0.034,0,0,609,608,2400,true,0,0,0,0,0,0,12,12,19224,0,0,0,0,0,0,0,0,0,0,0,0,0,,0,0,0,0,0,0,0,0,0,0,0,0,0,0,0,0,0,0,,0,0,0,0,0,0,false,
609,610,33872,false,145,50,1.539,0,1.378,0,dynamic_visual_atlas_upload,,,cell_indirection_lut,1.205,2400,2400,0,0,-1,-1,,1991.701174,3.013,4.027,4.027,1,8,3,1.5,false,2,8.666,,,,,,,,,,,,,,,,,,,,,,,,,,,,,,,,,,,,,,,,,,0,0,0,0,false,0,0,,0,0,0,0,0,0,0,,,,,false,{},{},{},{},{},{},{},0,3.733,3.901,0,0,0.021,0,0,0,0,0,0,0,0,0,0,0,0,100,0,6.946,12.564,0.057,3.024,0,0,0,9,9,0,321,0,17,2,0,0,1,2400,0.021,0.025,0,ACTIVE,ACTIVE,,4095,4095,0,,true,16,false,0,0,true,2.0977,0.0011,19200,2279,0,,,,,,0,,,0,0,2,608,608,0,767548065888,6.117,0,0.028,0,0,610,609,2400,true,0,0,0,0,0,0,12,12,19224,0,0,0,0,0,0,0,0,0,0,0,0,0,,0,0,0,0,0,0,0,0,0,0,0,0,0,0,0,0,0,0,,0,0,0,0,0,0,false,
610,611,33891,false,145,50,1.379,0,1.255,0,dynamic_visual_atlas_upload,,,cell_indirection_lut,1.205,2400,2400,0,0,-1,-1,,1991.701174,3.013,4.027,4.027,1,8,3,1.5,false,2,8.666,,,,,,,,,,,,,,,,,,,,,,,,,,,,,,,,,,,,,,,,,,0,0,0,0,false,0,0,,0,0,0,0,0,0,0,,,,,false,{},{},{},{},{},{},{},0,2.848,2.986,0,0,0.01,0,0,0,0,0,0,0,0,0,0,0,0,100,0,6.573333,12.564,0.057,3.577333,0,0,0,9,9,0,321,0,17,2,0,0,1,2400,0.021,0.025,0,ACTIVE,ACTIVE,,4095,4095,0,,true,16,false,0,0,true,1.8068,0.0008,19200,1883,0,,,,,,0,,,0,0,2,609,609,0,767548086726,4.949,0,0.029,0,0,611,610,2400,true,0,0,0,0,0,0,12,12,19224,0,0,0,0,0,0,0,0,0,0,0,0,0,,0,0,0,0,0,0,0,0,0,0,0,0,0,0,0,0,0,0,,0,0,0,0,0,0,false,
611,612,33913,false,145,50,1.4,0,1.258,0,dynamic_visual_atlas_upload,,,cell_indirection_lut,1.205,2400,2400,0,0,-1,-1,,1991.701174,3.013,4.027,4.027,1,8,3,1.5,false,2,8.666,,,,,,,,,,,,,,,,,,,,,,,,,,,,,,,,,,,,,,,,,,0,0,0,0,false,0,0,,0,0,0,0,0,0,0,,,,,false,{},{},{},{},{},{},{},0,3.818,3.988,0,0,0.015,0,0,0,0,0,0,0,0,0,0,0,0,100,0,7.202333,12.564,0.057,3.199333,0,0,0,9,9,0,321,0,17,2,0,0,1,2400,0.021,0.025,0,ACTIVE,ACTIVE,,4095,4095,0,,true,16,false,0,0,true,2.0031,0.0011,19200,2279,0,,,,,,0,,,0,0,2,610,610,0,767548106073,7.217,0,0.026,0,0,612,611,2400,true,0,0,0,0,0,0,12,12,19224,0,0,0,0,0,0,0,0,0,0,0,0,0,,0,0,0,0,0,0,0,0,0,0,0,0,0,0,0,0,0,0,,0,0,0,0,0,0,false,
612,613,33931,false,145,50,1.539,0,1.352,0,dynamic_visual_atlas_upload,,,cell_indirection_lut,1.205,2400,2400,0,0,-1,-1,,1991.701174,3.013,4.027,4.027,1,8,3,1.5,false,2,8.666,,,,,,,,,,,,,,,,,,,,,,,,,,,,,,,,,,,,,,,,,,0,0,0,0,false,0,0,,0,0,0,0,0,0,0,,,,,false,{},{},{},{},{},{},{},0,0,0.263,0,0,0.016,0,0,0,0,0,0,0,0,0,0,0,0,100,0,5.844667,12.564,0.057,5.565667,0,0,0,9,9,0,321,0,17,2,0,0,1,2400,0.021,0.025,0,ACTIVE,ACTIVE,,4095,4095,0,,true,16,false,0,0,true,2.0031,0.0011,19200,2279,0,,,,,,0,,,0,0,2,611,611,0,767548128598,2.24,0,0.033,0,0,613,612,2400,true,0,0,0,0,0,0,12,12,19224,0,0,0,0,0,0,0,0,0,0,0,0,0,,0,0,0,0,0,0,0,0,0,0,0,0,0,0,0,0,0,0,,0,0,0,0,0,0,false,
613,614,33951,false,145,50,1.418,0,1.274,0,dynamic_visual_atlas_upload,,,cell_indirection_lut,1.205,2400,2400,0,0,-1,-1,,1991.701174,3.013,4.027,4.027,1,8,3,1.5,false,2,8.666,,,,,,,,,,,,,,,,,,,,,,,,,,,,,,,,,,,,,,,,,,0,0,0,0,false,0,0,,0,0,0,0,0,0,0,,,,,false,{},{},{},{},{},{},{},0,0,0.173,0,0,0.012,0,0,0,0,0,0,0,0,0,0,0,0,100,0,6.749667,12.564,0.057,6.564667,0,0,0,9,9,0,321,0,17,2,0,0,1,2400,0.021,0.025,0,ACTIVE,ACTIVE,,4095,4095,0,,true,16,false,0,0,true,1.7848,0.0008,19200,2280,0,,,,,,0,,,0,0,2,612,612,0,767548148359,2.769,0,0.029,0,0,614,613,2400,true,0,0,0,0,0,0,12,12,55224,0,0,0,0,0,0,0,0,0,0,0,0,0,,0,0,0,0,0,0,0,0,0,0,0,0,0,0,0,0,0,0,,0,0,0,0,0,0,false,
614,615,33968,false,145,50,1.456,0,1.302,0,dynamic_visual_atlas_upload,,,cell_indirection_lut,1.205,2400,2400,0,0,-1,-1,,1991.701174,3.013,4.027,4.027,1,8,3,1.5,false,2,8.666,,,,,,,,,,,,,,,,,,,,,,,,,,,,,,,,,,,,,,,,,,0,0,0,0,false,0,0,,0,0,0,0,0,0,0,,,,,false,{},{},{},{},{},{},{},0,3.212,3.403,0,0,0.015,0,0,0,0,0,0,0,0,0,0,0,0,100,0,8.7055,12.564,0.057,5.2875,0,0,0,9,9,0,321,0,17,2,0,0,1,2400,0.021,0.025,0,ACTIVE,ACTIVE,,4095,4095,0,,true,16,false,0,0,true,1.8486,0.0011,19200,2272,0,,,,,,0,,,0,0,2,613,613,0,767548166035,2.495,0,0.026,0,0,615,614,2400,true,0,0,0,0,0,0,12,12,19224,0,0,0,0,0,0,0,0,0,0,0,0,0,,0,0,0,0,0,0,0,0,0,0,0,0,0,0,0,0,0,0,,0,0,0,0,0,0,false,
615,616,33988,false,145,50,1.613,0,1.446,0,dynamic_visual_atlas_upload,,,cell_indirection_lut,1.205,2400,2400,0,0,-1,-1,,1991.701174,3.013,4.027,4.027,1,8,3,1.5,false,2,8.666,,,,,,,,,,,,,,,,,,,,,,,,,,,,,,,,,,,,,,,,,,0,0,0,0,false,0,0,,0,0,0,0,0,0,0,,,,,false,{},{},{},{},{},{},{},0,2.851,2.991,0,0,0.012,0,0,0,0,0,0,0,0,0,0,0,0,100,0,6.694667,12.564,0.057,3.691667,0,0,0,9,9,0,321,0,17,2,0,0,1,2400,0.021,0.025,0,ACTIVE,ACTIVE,,4095,4095,0,,true,16,false,0,0,true,1.8823,0.0012,19200,2280,0,,,,,,0,,,0,0,2,614,614,0,767548183656,4.964,0,0.027,0,0,616,615,2400,true,0,0,0,0,0,0,12,12,19224,0,0,0,0,0,0,0,0,0,0,0,0,0,,0,0,0,0,0,0,0,0,0,0,0,0,0,0,0,0,0,0,,0,0,0,0,0,0,false,
616,617,34009,false,145,50,1.356,0,1.242,0,dynamic_visual_atlas_upload,,,cell_indirection_lut,1.205,2400,2400,0,0,-1,-1,,1991.701174,3.013,4.027,4.027,1,8,3,1.5,false,2,8.666,,,,,,,,,,,,,,,,,,,,,,,,,,,,,,,,,,,,,,,,,,0,0,0,0,false,0,0,,0,0,0,0,0,0,0,,,,,false,{},{},{},{},{},{},{},0,3.238,3.391,0,0,0.014,0,0,0,0,0,0,0,0,0,0,0,0,100,0,6.875333,12.564,0.057,3.470333,0,0,0,9,9,0,321,0,17,2,0,0,1,2400,0.021,0.025,0,ACTIVE,ACTIVE,,4095,4095,0,,true,16,false,0,0,true,1.8776,0.001,19200,2273,0,,,,,,0,,,0,0,2,615,615,0,767548203329,5.855,0,0.029,0,0,617,616,2400,true,0,0,0,0,0,0,12,12,19224,0,0,0,0,0,0,0,0,0,0,0,0,0,,0,0,0,0,0,0,0,0,0,0,0,0,0,0,0,0,0,0,,0,0,0,0,0,0,false,
617,618,34030,false,145,50,1.42,0,1.275,0,dynamic_visual_atlas_upload,,,cell_indirection_lut,1.205,2400,2400,0,0,-1,-1,,1991.701174,3.013,4.027,4.027,1,8,3,1.5,false,2,8.666,,,,,,,,,,,,,,,,,,,,,,,,,,,,,,,,,,,,,,,,,,0,0,0,0,false,0,0,,0,0,0,0,0,0,0,,,,,false,{},{},{},{},{},{},{},0,3.677,3.855,0,0,0.016,0,0,0,0,0,0,0,0,0,0,0,0,100,0,7.147667,10.293,0.099,3.276667,0,0,0,9,9,0,321,0,17,2,0,0,1,2400,0.021,0.025,0,ACTIVE,ACTIVE,,4095,4095,0,,true,16,false,0,0,true,1.9603,0.0011,19200,2273,0,,,,,,0,,,0,0,2,616,616,0,767548224087,6.595,0,0.027,0,0,618,617,2400,true,0,0,0,0,0,0,12,12,19224,0,0,0,0,0,0,0,0,0,0,0,0,0,,0,0,0,0,0,0,0,0,0,0,0,0,0,0,0,0,0,0,,0,0,0,0,0,0,false,
618,619,34051,false,145,50,1.503,0,1.322,0,dynamic_visual_atlas_upload,,,cell_indirection_lut,1.205,2400,2400,0,0,-1,-1,,1991.701174,3.013,4.027,4.027,1,8,3,1.5,false,2,8.666,,,,,,,,,,,,,,,,,,,,,,,,,,,,,,,,,,,,,,,,,,0,0,0,0,false,0,0,,0,0,0,0,0,0,0,,,,,false,{},{},{},{},{},{},{},0,3.021,3.182,0,0,0.015,0,0,0,0,0,0,0,0,0,0,0,0,100,0,6.735667,10.293,0.099,3.538667,0,0,0,9,9,0,321,0,17,2,0,0,1,2400,0.021,0.025,0,ACTIVE,ACTIVE,,4095,4095,0,,true,16,false,0,0,true,2.524,0.0013,21600,2047,0,,,,,,0,,,0,0,2,617,617,0,767548245652,5.242,0,0.027,0,0,619,618,2400,true,0,0,0,0,0,0,12,12,19224,0,0,0,0,0,0,0,0,0,0,0,0,0,,0,0,0,0,0,0,0,0,0,0,0,0,0,0,0,0,0,0,,0,0,0,0,0,0,false,
619,620,34072,false,145,50,1.55,0,1.381,0,dynamic_visual_atlas_upload,,,cell_indirection_lut,1.205,2400,2400,0,0,-1,-1,,1991.701174,3.013,4.027,4.027,1,8,3,1.5,false,2,8.666,,,,,,,,,,,,,,,,,,,,,,,,,,,,,,,,,,,,,,,,,,0,0,0,0,false,0,0,,0,0,0,0,0,0,0,,,,,false,{},{},{},{},{},{},{},0,3.306,3.495,0,0,0.017,0,0,0,0,0,0,0,0,0,0,0,0,100,0,7.062667,10.293,0.099,3.550667,0,0,0,9,9,0,321,0,17,2,0,0,1,2400,0.021,0.025,0,ACTIVE,ACTIVE,,4095,4095,0,,true,16,false,0,0,true,1.9082,0.0013,19200,2273,0,,,,,,0,,,0,0,2,618,618,0,767548266732,5.372,0,0.029,0,0,620,619,2400,true,0,0,0,0,0,0,12,12,21624,0,0,0,0,0,0,0,0,0,0,0,0,0,,0,0,0,0,0,0,0,0,0,0,0,0,0,0,0,0,0,0,,0,0,0,0,0,0,false,
620,621,34093,false,145,50,1.427,0,1.296,0,dynamic_visual_atlas_upload,,,cell_indirection_lut,1.205,2400,2400,0,0,-1,-1,,1991.701174,3.013,4.027,4.027,1,8,3,1.5,false,2,8.666,,,,,,,,,,,,,,,,,,,,,,,,,,,,,,,,,,,,,,,,,,0,0,0,0,false,0,0,,0,0,0,0,0,0,0,,,,,false,{},{},{},{},{},{},{},0,4.068,4.251,0,0,0.018,0,0,0,0,0,0,0,0,0,0,0,0,100,0,7.007667,10.293,0.099,2.738667,0,0,0,9,9,0,321,0,17,2,0,0,1,2400,0.021,0.025,0,ACTIVE,ACTIVE,,4095,4095,0,,true,16,false,0,0,true,2.5892,0.0012,52800,2280,0,,,,,,0,,,0,0,2,619,619,0,767548286923,6.148,0,0.029,0,0,621,620,2400,true,0,0,0,0,0,0,12,12,19224,0,0,0,0,0,0,0,0,0,0,0,0,0,,0,0,0,0,0,0,0,0,0,0,0,0,0,0,0,0,0,0,,0,0,0,0,0,0,false,
621,622,34114,false,145,50,2.002,0,1.624,0,dynamic_visual_atlas_upload,,,cell_indirection_lut,1.205,2400,2400,0,0,-1,-1,,1991.701174,3.013,4.027,4.027,1,8,3,1.5,false,2,8.666,,,,,,,,,,,,,,,,,,,,,,,,,,,,,,,,,,,,,,,,,,0,0,0,0,false,0,0,,0,0,0,0,0,0,0,,,,,false,{},{},{},{},{},{},{},0,3.416,3.606,0,0,0.016,0,0,0,0,0,0,0,0,0,0,0,0,100,0,7.003667,10.293,0.099,3.381667,0,0,0,9,9,0,321,0,17,2,0,0,1,2400,0.021,0.025,0,ACTIVE,ACTIVE,,4095,4095,0,,true,16,false,0,0,true,2.1888,0.0018,19200,2080,0,,,,,,0,,,0,0,2,620,620,0,767548308765,5.42,0,0.028,0,0,622,621,2400,true,0,0,0,0,0,0,12,12,52824,0,0,0,0,0,0,0,0,0,0,0,0,0,,0,0,0,0,0,0,0,0,0,0,0,0,0,0,0,0,0,0,,0,0,0,0,0,0,false,
622,623,34142,false,145,50,5.546,0,1.47,0,dynamic_visual_atlas_upload,,,cell_indirection_lut,1.205,2400,2400,0,0,-1,-1,,1991.701174,3.013,4.027,4.027,1,8,3,1.5,false,2,8.666,,,,,,,,,,,,,,,,,,,,,,,,,,,,,,,,,,,,,,,,,,0,0,0,0,false,0,0,,0,0,0,0,0,0,0,,,,,false,{},{},{},{},{},{},{},0,0,0.289,0,0,0.017,0,0,0,0,0,0,0,0,0,0,0,0,100,0,6.957,10.293,0.099,6.651,0,0,0,9,9,0,321,0,17,2,0,0,1,2400,0.021,0.025,0,ACTIVE,ACTIVE,,4095,4095,0,,true,16,false,0,0,true,1.8612,0.0012,19200,2274,0,,,,,,0,,,0,0,2,621,621,0,767548329685,12.295,0,0.037,0,0,623,622,2400,true,0,0,0,0,0,0,12,12,19224,0,0,0,0,0,0,0,0,0,0,0,0,0,,0,0,0,0,0,0,0,0,0,0,0,0,0,0,0,0,0,0,,0,0,0,0,0,0,false,
623,624,34152,false,145,50,1.533,0,1.323,0,dynamic_visual_atlas_upload,,,cell_indirection_lut,1.205,2400,2400,0,0,-1,-1,,1991.701174,3.013,4.027,4.027,1,8,3,1.5,false,2,8.666,,,,,,,,,,,,,,,,,,,,,,,,,,,,,,,,,,,,,,,,,,0,0,0,0,false,0,0,,0,0,0,0,0,0,0,,,,,false,{},{},{},{},{},{},{},0,0,0.228,0,0,0.017,0,0,0,0,0,0,0,0,0,0,0,0,100,0,5.186,10.293,0.099,4.941,0,0,0,9,9,0,321,0,17,2,0,0,1,2400,0.021,0.025,0,ACTIVE,ACTIVE,,4095,4095,0,,true,16,false,0,0,true,2.0056,0.0016,19200,2274,0,,,,,,0,,,0,0,2,622,622,0,767548348540,3.795,0,0.035,0,0,624,623,2400,true,0,0,0,0,0,0,12,12,19224,0,0,0,0,0,0,0,0,0,0,0,0,0,,0,0,0,0,0,0,0,0,0,0,0,0,0,0,0,0,0,0,,0,0,0,0,0,0,false,
624,625,34172,false,145,50,1.577,0,1.347,0,dynamic_visual_atlas_upload,,,cell_indirection_lut,1.205,2400,2400,0,0,-1,-1,,1991.701174,3.013,4.027,4.027,1,8,3,1.5,false,2,8.666,,,,,,,,,,,,,,,,,,,,,,,,,,,,,,,,,,,,,,,,,,0,0,0,0,false,0,0,,0,0,0,0,0,0,0,,,,,false,{},{},{},{},{},{},{},0,0,0.284,0,0,0.018,0,0,0,0,0,0,0,0,0,0,0,0,100,0,6.705,10.293,0.099,6.403,0,0,0,9,9,0,321,0,17,2,0,0,1,2400,0.021,0.025,0,ACTIVE,ACTIVE,,4095,4095,0,,true,16,false,0,0,true,2.7615,0.0018,21600,2274,0,,,,,,0,,,0,0,2,623,623,0,767548367569,5.016,0,0.03,0,0,625,624,2400,true,0,0,0,0,0,0,12,12,19224,0,0,0,0,0,0,0,0,0,0,0,0,0,,0,0,0,0,0,0,0,0,0,0,0,0,0,0,0,0,0,0,,0,0,0,0,0,0,false,
625,626,34193,false,145,50,1.553,0,1.344,0,dynamic_visual_atlas_upload,,,cell_indirection_lut,1.205,2400,2400,0,0,-1,-1,,1991.701174,3.013,4.027,4.027,1,8,3,1.5,false,2,8.666,,,,,,,,,,,,,,,,,,,,,,,,,,,,,,,,,,,,,,,,,,0,0,0,0,false,0,0,,0,0,0,0,0,0,0,,,,,false,{},{},{},{},{},{},{},0,0,0.244,0,0,0.019,0,0,0,0,0,0,0,0,0,0,0,0,100,0,6.86,10.293,0.099,6.597,0,0,0,9,9,0,321,0,17,2,0,0,1,2400,0.021,0.025,0,ACTIVE,ACTIVE,,4095,4095,0,,true,16,false,0,0,true,2.0533,0.0013,19200,2274,0,,,,,,0,,,0,0,2,624,624,0,767548388554,4.448,0,0.034,0,0,626,625,2400,true,0,0,0,0,0,0,12,12,21624,0,0,0,0,0,0,0,0,0,0,0,0,0,,0,0,0,0,0,0,0,0,0,0,0,0,0,0,0,0,0,0,,0,0,0,0,0,0,false,
626,627,34222,false,145,50,1.774,0,1.475,0,dynamic_visual_atlas_upload,,,cell_indirection_lut,1.205,2400,2400,0,0,-1,-1,,1991.701174,3.013,4.027,4.027,1,8,3,1.5,false,2,8.666,,,,,,,,,,,,,,,,,,,,,,,,,,,,,,,,,,,,,,,,,,0,0,0,0,false,0,0,,0,0,0,0,0,0,0,,,,,false,{},{},{},{},{},{},{},0,0,0.486,0,0,0.028,0,0,0,0,0,0,0,0,0,0,0,0,100,0,7.244,10.293,0.099,6.73,0,0,0,9,9,0,321,0,17,2,0,0,1,2400,0.021,0.025,0,ACTIVE,ACTIVE,,4095,4095,0,,true,16,false,0,0,true,2.1571,0.0014,19200,2274,0,,,,,,0,,,0,0,2,625,625,0,767548413439,8.581,0,0.036,0,0,627,626,2400,true,0,0,0,0,0,0,12,12,19224,0,0,0,0,0,0,0,0,0,0,0,0,0,,0,0,0,0,0,0,0,0,0,0,0,0,0,0,0,0,0,0,,0,0,0,0,0,0,false,
627,628,34244,false,145,50,3.339,0,2.772,0,dynamic_visual_atlas_upload,,,cell_indirection_lut,1.205,2400,2400,0,0,-1,-1,,1991.701174,3.013,4.027,4.027,1,8,3,1.5,false,2,8.666,,,,,,,,,,,,,,,,,,,,,,,,,,,,,,,,,,,,,,,,,,0,0,0,0,false,0,0,,0,0,0,0,0,0,0,,,,,false,{},{},{},{},{},{},{},0,0,0.433,0,0,0.031,0,0,0,0,0,0,0,0,0,0,0,0,100,0,7.434333,10.293,0.099,6.970333,0,0,0,9,9,0,321,0,17,2,0,0,1,2400,0.021,0.025,0,ACTIVE,ACTIVE,,4095,4095,0,,true,16,false,0,0,true,2.6253,0.0015,19200,2274,0,,,,,,0,,,0,0,2,626,626,0,767548434725,9.873,0,0.033,0,0,628,627,2400,true,0,0,0,0,0,0,12,12,19224,0,0,0,0,0,0,0,0,0,0,0,0,0,,0,0,0,0,0,0,0,0,0,0,0,0,0,0,0,0,0,0,,0,0,0,0,0,0,false,
628,629,34262,false,145,50,1.608,0,1.396,0,dynamic_visual_atlas_upload,,,cell_indirection_lut,1.205,2400,2400,0,0,-1,-1,,1991.701174,3.013,4.027,4.027,1,8,3,1.5,false,2,8.666,,,,,,,,,,,,,,,,,,,,,,,,,,,,,,,,,,,,,,,,,,0,0,0,0,false,0,0,,0,0,0,0,0,0,0,,,,,false,{},{},{},{},{},{},{},0,0,0.273,0,0,0.017,0,0,0,0,0,0,0,0,0,0,0,0,100,0,5.977667,10.293,0.099,5.687667,0,0,0,9,9,0,321,0,17,2,0,0,1,2400,0.021,0.025,0,ACTIVE,ACTIVE,,4095,4095,0,,true,16,false,0,0,true,2.7603,0.0016,52800,2280,0,,,,,,0,,,0,0,2,627,627,0,767548457942,4.313,0,0.045,0,0,629,628,2400,true,0,0,0,0,0,0,12,12,19224,0,0,0,0,0,0,0,0,0,0,0,0,0,,0,0,0,0,0,0,0,0,0,0,0,0,0,0,0,0,0,0,,0,0,0,0,0,0,false,
629,630,34283,false,145,50,1.532,0,1.34,0,dynamic_visual_atlas_upload,,,cell_indirection_lut,1.205,2400,2400,0,0,-1,-1,,1991.701174,3.013,4.027,4.027,1,8,3,1.5,false,2,8.666,,,,,,,,,,,,,,,,,,,,,,,,,,,,,,,,,,,,,,,,,,0,0,0,0,false,0,0,,0,0,0,0,0,0,0,,,,,false,{},{},{},{},{},{},{},0,0.001,0.425,0,0,0.028,0,0,0,0,0,0,0,0,0,0,0,0,100,0,7.009667,10.293,0.099,6.556667,0,0,0,9,9,0,321,0,17,2,0,0,1,2400,0.021,0.025,0,ACTIVE,ACTIVE,,4095,4095,0,,true,16,false,0,0,true,2.1191,0.0015,19200,2280,0,,,,,,0,,,0,0,2,628,628,0,767548478655,4.617,0,0.031,0,0,630,629,2400,true,0,0,0,0,0,0,12,12,52824,0,0,0,0,0,0,0,0,0,0,0,0,0,,0,0,0,0,0,0,0,0,0,0,0,0,0,0,0,0,0,0,,0,0,0,0,0,0,false,
630,631,34303,false,145,50,1.773,0,1.545,0,dynamic_visual_atlas_upload,,,cell_indirection_lut,1.205,2400,2400,0,0,-1,-1,,1991.701174,3.013,4.027,4.027,1,8,3,1.5,false,2,8.666,,,,,,,,,,,,,,,,,,,,,,,,,,,,,,,,,,,,,,,,,,0,0,0,0,false,0,0,,0,0,0,0,0,0,0,,,,,false,{},{},{},{},{},{},{},0,0,0.244,0,0,0.016,0,0,0,0,0,0,0,0,0,0,0,0,100,0,6.789333,10.293,0.099,6.529333,0,0,0,9,9,0,321,0,17,2,0,0,1,2400,0.021,0.025,0,ACTIVE,ACTIVE,,4095,4095,0,,true,16,false,0,0,true,2.5245,0.0011,21600,2273,0,,,,,,0,,,0,0,2,629,629,0,767548497689,5.913,0,0.028,0,0,631,630,2400,true,0,0,0,0,0,0,12,12,19224,0,0,0,0,0,0,0,0,0,0,0,0,0,,0,0,0,0,0,0,0,0,0,0,0,0,0,0,0,0,0,0,,0,0,0,0,0,0,false,
631,632,34327,false,145,50,1.622,0,1.358,0,dynamic_visual_atlas_upload,,,cell_indirection_lut,1.205,2400,2400,0,0,-1,-1,,1991.701174,3.013,4.027,4.027,1,8,3,1.5,false,2,8.666,,,,,,,,,,,,,,,,,,,,,,,,,,,,,,,,,,,,,,,,,,0,0,0,0,false,0,0,,0,0,0,0,0,0,0,,,,,false,{},{},{},{},{},{},{},0,3.223,3.381,0,0,0.014,0,0,0,0,0,0,0,0,0,0,0,0,100,0,7.749,10.293,0.099,4.354,0,0,0,9,9,0,321,0,17,2,0,0,1,2400,0.021,0.025,0,ACTIVE,ACTIVE,,4095,4095,0,,true,16,false,0,0,true,1.9045,0.001,19200,2274,0,,,,,,0,,,0,0,2,630,630,0,767548516848,10.098,0,0.035,0,0,633,632,2400,true,0,0,0,0,0,0,12,12,21624,0,0,0,0,0,0,0,0,0,0,0,0,0,,0,0,0,0,0,0,0,0,0,0,0,0,0,0,0,0,0,0,,0,0,0,0,0,0,false,
632,633,34338,false,145,50,1.479,0,1.32,0,dynamic_visual_atlas_upload,,,cell_indirection_lut,1.205,2400,2400,0,0,-1,-1,,1991.701174,3.013,4.027,4.027,1,8,3,1.5,false,2,8.666,,,,,,,,,,,,,,,,,,,,,,,,,,,,,,,,,,,,,,,,,,0,0,0,0,false,0,0,,0,0,0,0,0,0,0,,,,,false,{},{},{},{},{},{},{},0,0,0.522,0,0,0.025,0,0,0,0,0,0,0,0,0,0,0,0,100,0,5.7045,10.293,0.099,5.1575,0,0,0,9,9,0,321,0,17,2,0,0,1,2400,0.021,0.025,0,ACTIVE,ACTIVE,,4095,4095,0,,true,16,false,0,0,true,2.1329,0.0014,19200,2280,0,,,,,,0,,,0,0,2,631,631,0,767548535395,2.88,0,0.041,0,0,633,632,2400,true,0,0,0,0,0,0,12,12,19224,0,0,0,0,0,0,0,0,0,0,0,0,0,,0,0,0,0,0,0,0,0,0,0,0,0,0,0,0,0,0,0,,0,0,0,0,0,0,false,
633,634,34358,false,145,50,1.572,0,1.405,0,dynamic_visual_atlas_upload,,,cell_indirection_lut,1.205,2400,2400,0,0,-1,-1,,1991.701174,3.013,4.027,4.027,1,8,3,1.5,false,2,8.666,,,,,,,,,,,,,,,,,,,,,,,,,,,,,,,,,,,,,,,,,,0,0,0,0,false,0,0,,0,0,0,0,0,0,0,,,,,false,{},{},{},{},{},{},{},0.001,0,0.173,0,0,0.013,0,0,0,0,0,0,0,0,0,0,0,0,100,0,6.721333,10.293,0.099,6.535333,0,0,0,9,9,0,321,0,17,2,0,0,1,2400,0.021,0.025,0,ACTIVE,ACTIVE,,4095,4095,0,,true,16,false,0,0,true,1.8085,0.0009,19200,2280,0,,,,,,0,,,0,0,2,632,632,0,767548554362,4.061,0,0.028,0,0,634,633,2400,true,0,0,0,0,0,0,12,12,19224,0,0,0,0,0,0,0,0,0,0,0,0,0,,0,0,0,0,0,0,0,0,0,0,0,0,0,0,0,0,0,0,,0,0,0,0,0,0,false,
634,635,34379,false,145,50,1.566,0,1.356,0,dynamic_visual_atlas_upload,,,cell_indirection_lut,1.205,2400,2400,0,0,-1,-1,,1991.701174,3.013,4.027,4.027,1,8,3,1.5,false,2,8.666,,,,,,,,,,,,,,,,,,,,,,,,,,,,,,,,,,,,,,,,,,0,0,0,0,false,0,0,,0,0,0,0,0,0,0,,,,,false,{},{},{},{},{},{},{},0,0,0.273,0,0,0.017,0,0,0,0,0,0,0,0,0,0,0,0,100,0,6.983333,10.293,0.099,6.693333,0,0,0,9,9,0,321,0,17,2,0,0,1,2400,0.021,0.025,0,ACTIVE,ACTIVE,,4095,4095,0,,true,16,false,0,0,true,1.9452,0.002,19200,2280,0,,,,,,0,,,0,0,2,633,633,0,767548572797,6.569,0,0.029,0,0,635,634,2400,true,0,0,0,0,0,0,12,12,19224,0,0,0,0,0,0,0,0,0,0,0,0,0,,0,0,0,0,0,0,0,0,0,0,0,0,0,0,0,0,0,0,,0,0,0,0,0,0,false,
635,636,34393,false,145,50,1.412,0,1.239,0,dynamic_visual_atlas_upload,,,cell_indirection_lut,1.205,2400,2400,0,0,-1,-1,,1991.701174,3.013,4.027,4.027,1,8,3,1.5,false,2,8.666,,,,,,,,,,,,,,,,,,,,,,,,,,,,,,,,,,,,,,,,,,0,0,0,0,false,0,0,,0,0,0,0,0,0,0,,,,,false,{},{},{},{},{},{},{},0,0,0.221,0,0,0.015,0,0,0,0,0,0,0,0,0,0,0,0,100,0,6.741,10.293,0.099,6.505,0,0,0,9,9,0,321,0,17,2,0,0,1,2400,0.021,0.025,0,ACTIVE,ACTIVE,,4095,4095,0,,true,16,false,0,0,true,1.8358,0.0009,19200,2280,0,,,,,,0,,,0,0,2,634,634,0,767548590669,2.162,0,0.027,0,0,636,635,2400,true,0,0,0,0,0,0,12,12,19224,0,0,0,0,0,0,0,0,0,0,0,0,0,,0,0,0,0,0,0,0,0,0,0,0,0,0,0,0,0,0,0,,0,0,0,0,0,0,false,
636,637,34413,false,145,50,1.496,0,1.298,0,dynamic_visual_atlas_upload,,,cell_indirection_lut,1.205,2400,2400,0,0,-1,-1,,1991.701174,3.013,4.027,4.027,1,8,3,1.5,false,2,8.666,,,,,,,,,,,,,,,,,,,,,,,,,,,,,,,,,,,,,,,,,,0,0,0,0,false,0,0,,0,0,0,0,0,0,0,,,,,false,{},{},{},{},{},{},{},0,0,0.248,0,0,0.016,0,0,0,0,0,0,0,0,0,0,0,0,100,0,6.947667,10.293,0.099,6.683667,0,0,0,9,9,0,321,0,17,2,0,0,1,2400,0.021,0.025,0,ACTIVE,ACTIVE,,4095,4095,0,,true,16,false,0,0,true,3.3401,0.0019,55200,2280,0,,,,,,0,,,0,0,2,635,635,0,767548609345,4.345,0,0.028,0,0,637,636,2400,true,0,0,0,0,0,0,12,12,19224,0,0,0,0,0,0,0,0,0,0,0,0,0,,0,0,0,0,0,0,0,0,0,0,0,0,0,0,0,0,0,0,,0,0,0,0,0,0,false,
637,638,34434,false,145,50,1.482,0,1.295,0,dynamic_visual_atlas_upload,,,cell_indirection_lut,1.205,2400,2400,0,0,-1,-1,,1991.701174,3.013,4.027,4.027,1,8,3,1.5,false,2,8.666,,,,,,,,,,,,,,,,,,,,,,,,,,,,,,,,,,,,,,,,,,0,0,0,0,false,0,0,,0,0,0,0,0,0,0,,,,,false,{},{},{},{},{},{},{},0,0,0.226,0,0,0.018,0,0,0,0,0,0,0,0,0,0,0,0,100,0,6.909333,10.293,0.099,6.665333,0,0,0,9,9,0,321,0,17,2,0,0,1,2400,0.021,0.025,0,ACTIVE,ACTIVE,,4095,4095,0,,true,16,false,0,0,true,2.0165,0.0011,19200,2280,0,,,,,,0,,,0,0,2,636,636,0,767548629334,5.109,0,0.033,0,0,638,637,2400,true,0,0,0,0,0,0,12,12,55224,0,0,0,0,0,0,0,0,0,0,0,0,0,,0,0,0,0,0,0,0,0,0,0,0,0,0,0,0,0,0,0,,0,0,0,0,0,0,false,
638,639,34455,false,145,50,1.577,0,1.366,0,dynamic_visual_atlas_upload,,,cell_indirection_lut,1.205,2400,2400,0,0,-1,-1,,1991.701174,3.013,4.027,4.027,1,8,3,1.5,false,2,8.666,,,,,,,,,,,,,,,,,,,,,,,,,,,,,,,,,,,,,,,,,,0,0,0,0,false,0,0,,0,0,0,0,0,0,0,,,,,false,{},{},{},{},{},{},{},0,6.634,6.846,0,0,0.015,0,0,0,0,0,0,0,0,0,0,0,0,100,0,10.264,10.293,0.099,3.403,0,0,0,9,9,0,321,0,17,2,0,0,1,2400,0.021,0.025,0,ACTIVE,ACTIVE,,4095,4095,0,,true,16,false,0,0,true,1.8288,0.0015,19200,2280,0,,,,,,0,,,0,0,2,637,637,0,767548648014,6.938,0,0.029,0,0,639,638,2400,true,0,0,0,0,0,0,12,12,19224,0,0,0,0,0,0,0,0,0,0,0,0,0,,0,0,0,0,0,0,0,0,0,0,0,0,0,0,0,0,0,0,,0,0,0,0,0,0,false,
639,640,34474,false,145,50,2.436,0,2.181,0,dynamic_visual_atlas_upload,,,cell_indirection_lut,1.205,2400,2400,0,0,-1,-1,,1991.701174,3.013,4.027,4.027,1,8,3,1.5,false,2,8.666,,,,,,,,,,,,,,,,,,,,,,,,,,,,,,,,,,,,,,,,,,0,0,0,0,false,0,0,,0,0,0,0,0,0,0,,,,,false,{},{},{},{},{},{},{},0,4.136,4.396,0,0,0.016,0,0,0,0,0,0,0,0,0,0,0,0,100,0,6.487667,10.293,0.099,2.075667,0,0,0,9,9,0,321,0,17,2,0,0,1,2400,0.021,0.025,0,ACTIVE,ACTIVE,,4095,4095,0,,true,16,false,0,0,true,2.0049,0.0013,19200,2280,0,,,,,,0,,,0,0,2,638,638,0,767548666958,7.563,0,0.028,0,0,640,639,2400,true,0,0,0,0,0,0,12,12,19224,0,0,0,0,0,0,0,0,0,0,0,0,0,,0,0,0,0,0,0,0,0,0,0,0,0,0,0,0,0,0,0,,0,0,0,0,0,0,false,
640,641,34493,false,145,50,1.466,0,1.296,0,dynamic_visual_atlas_upload,,,cell_indirection_lut,1.205,2400,2400,0,0,-1,-1,,1991.701174,3.013,4.027,4.027,1,8,3,1.5,false,2,8.666,,,,,,,,,,,,,,,,,,,,,,,,,,,,,,,,,,,,,,,,,,0,0,0,0,false,0,0,,0,0,0,0,0,0,0,,,,,false,{},{},{},{},{},{},{},0,3.315,3.89,0,0,0.017,0,0,0,0,0,0,0,0,0,0,0,0,100,0,6.325333,10.293,0.099,2.418333,0,0,0,9,9,0,321,0,17,2,0,0,1,2400,0.021,0.025,0,ACTIVE,ACTIVE,,4095,4095,0,,true,16,false,0,0,true,2.3399,0.0011,19200,2280,0,,,,,,0,,,0,0,2,639,639,0,767548687787,5.615,0,0.046,0,0,641,640,2400,true,0,0,0,0,0,0,12,12,19224,0,0,0,0,0,0,0,0,0,0,0,0,0,,0,0,0,0,0,0,0,0,0,0,0,0,0,0,0,0,0,0,,0,0,0,0,0,0,false,
641,642,34514,false,145,50,1.785,0,1.491,0,dynamic_visual_atlas_upload,,,cell_indirection_lut,1.205,2400,2400,0,0,-1,-1,,1991.701174,3.013,4.027,4.027,1,8,3,1.5,false,2,8.666,,,,,,,,,,,,,,,,,,,,,,,,,,,,,,,,,,,,,,,,,,0,0,0,0,false,0,0,,0,0,0,0,0,0,0,,,,,false,{},{},{},{},{},{},{},0,3.252,3.423,0,0,0.014,0,0,0,0,0,0,0,0,0,0,0,0,100,0,6.781333,10.293,0.099,3.344333,0,0,0,9,9,0,321,0,17,2,0,0,1,2400,0.021,0.025,0,ACTIVE,ACTIVE,,4095,4095,0,,true,16,false,0,0,true,1.9043,0.0011,19200,2280,0,,,,,,0,,,0,0,2,640,640,0,767548708440,5.489,0,0.056,0,0,642,641,2400,true,0,0,0,0,0,0,12,12,19224,0,0,0,0,0,0,0,0,0,0,0,0,0,,0,0,0,0,0,0,0,0,0,0,0,0,0,0,0,0,0,0,,0,0,0,0,0,0,false,
642,643,34539,false,145,50,1.517,0,1.308,0,dynamic_visual_atlas_upload,,,cell_indirection_lut,1.205,2400,2400,0,0,-1,-1,,1991.701174,3.013,4.027,4.027,1,8,3,1.5,false,2,8.666,,,,,,,,,,,,,,,,,,,,,,,,,,,,,,,,,,,,,,,,,,0,0,0,0,false,0,0,,0,0,0,0,0,0,0,,,,,false,{},{},{},{},{},{},{},0,0.001,0.456,0,0,0.025,0,0,0,0,0,0,0,0,0,0,0,0,100,0,6.3145,10.293,0.099,5.8335,0,0,0,9,9,0,321,0,17,2,0,0,1,2400,0.021,0.025,0,ACTIVE,ACTIVE,,4095,4095,0,,true,16,false,0,0,true,3.8058,0.0014,21600,2280,0,,,,,,0,,,0,0,2,641,641,0,767548730303,8.684,0,0.031,0,0,643,642,2400,true,0,0,0,0,0,0,12,12,19224,0,0,0,0,0,0,0,0,0,0,0,0,0,,0,0,0,0,0,0,0,0,0,0,0,0,0,0,0,0,0,0,,0,0,0,0,0,0,false,
643,644,34559,false,145,50,1.965,0,1.767,0,dynamic_visual_atlas_upload,,,cell_indirection_lut,1.205,2400,2400,0,0,-1,-1,,1991.701174,3.013,4.027,4.027,1,8,3,1.5,false,2,8.666,,,,,,,,,,,,,,,,,,,,,,,,,,,,,,,,,,,,,,,,,,0,0,0,0,false,0,0,,0,0,0,0,0,0,0,,,,,false,{},{},{},{},{},{},{},0,0,0.24,0,0,0.015,0,0,0,0,0,0,0,0,0,0,0,0,100,0,6.693667,10.293,0.099,6.438667,0,0,0,9,9,0,321,0,17,2,0,0,1,2400,0.021,0.025,0,ACTIVE,ACTIVE,,4095,4095,0,,true,16,false,0,0,true,1.9538,0.001,19200,2280,0,,,,,,0,,,0,0,2,642,642,0,767548750879,8.208,0,0.029,0,0,644,643,2400,true,0,0,0,0,0,0,12,12,21624,0,0,0,0,0,0,0,0,0,0,0,0,0,,0,0,0,0,0,0,0,0,0,0,0,0,0,0,0,0,0,0,,0,0,0,0,0,0,false,
644,645,34574,false,145,50,2.375,0,2.163,0,dynamic_visual_atlas_upload,,,cell_indirection_lut,1.205,2400,2400,0,0,-1,-1,,1991.701174,3.013,4.027,4.027,1,8,3,1.5,false,2,8.666,,,,,,,,,,,,,,,,,,,,,,,,,,,,,,,,,,,,,,,,,,0,0,0,0,false,0,0,,0,0,0,0,0,0,0,,,,,false,{},{},{},{},{},{},{},0,0.006,0.296,0,0,0.016,0,0,0,0,0,0,0,0,0,0,0,0,100,0,7.3845,10.293,0.099,7.0725,0,0,0,9,9,0,321,0,17,2,0,0,1,2400,0.021,0.025,0,ACTIVE,ACTIVE,,4095,4095,0,,true,16,false,0,0,true,2.9194,0.0011,60000,2280,0,,,,,,0,,,0,0,2,643,643,0,767548769919,4.024,0,0.031,0,0,645,644,2400,true,0,0,0,0,0,0,12,12,19224,0,0,0,0,0,0,0,0,0,0,0,0,0,,0,0,0,0,0,0,0,0,0,0,0,0,0,0,0,0,0,0,,0,0,0,0,0,0,false,
645,646,34600,false,145,50,1.624,0,1.4,0,dynamic_visual_atlas_upload,,,cell_indirection_lut,1.205,2400,2400,0,0,-1,-1,,1991.701174,3.013,4.027,4.027,1,8,3,1.5,false,2,8.666,,,,,,,,,,,,,,,,,,,,,,,,,,,,,,,,,,,,,,,,,,0,0,0,0,false,0,0,,0,0,0,0,0,0,0,,,,,false,{},{},{},{},{},{},{},0,0.001,0.314,0,0,0.018,0,0,0,0,0,0,0,0,0,0,0,0,100,0,6.65125,10.293,0.099,6.31925,0,0,0,9,9,0,321,0,17,2,0,0,1,2400,0.021,0.025,0,ACTIVE,ACTIVE,,4095,4095,0,,true,16,false,0,0,true,2.0901,0.0016,19200,2280,0,,,,,,0,,,0,0,2,644,644,0,767548793248,7.226,0,0.032,0,0,646,645,2400,true,0,0,0,0,0,0,12,12,60024,0,0,0,0,0,0,0,0,0,0,0,0,0,,0,0,0,0,0,0,0,0,0,0,0,0,0,0,0,0,0,0,,0,0,0,0,0,0,false,
646,647,34621,false,145,50,1.502,0,1.306,0,dynamic_visual_atlas_upload,,,cell_indirection_lut,1.205,2400,2400,0,0,-1,-1,,1991.701174,3.013,4.027,4.027,1,8,3,1.5,false,2,8.666,,,,,,,,,,,,,,,,,,,,,,,,,,,,,,,,,,,,,,,,,,0,0,0,0,false,0,0,,0,0,0,0,0,0,0,,,,,false,{},{},{},{},{},{},{},0.001,0,0.459,0,0,0.042,0,0,0,0,0,0,0,0,0,0,0,0,100,0,7.041667,10.293,0.099,6.540667,0,0,0,9,9,0,321,0,17,2,0,0,1,2400,0.021,0.025,0,ACTIVE,ACTIVE,,4095,4095,0,,true,16,false,0,0,true,2.017,0.0018,19200,2280,0,,,,,,0,,,0,0,2,645,645,0,767548813620,7.957,0,0.031,0,0,647,646,2400,true,0,0,0,0,0,0,12,12,19224,0,0,0,0,0,0,0,0,0,0,0,0,0,,0,0,0,0,0,0,0,0,0,0,0,0,0,0,0,0,0,0,,0,0,0,0,0,0,false,
647,648,34641,false,145,50,1.53,0,1.317,0,dynamic_visual_atlas_upload,,,cell_indirection_lut,1.205,2400,2400,0,0,-1,-1,,1991.701174,3.013,4.027,4.027,1,8,3,1.5,false,2,8.666,,,,,,,,,,,,,,,,,,,,,,,,,,,,,,,,,,,,,,,,,,0,0,0,0,false,0,0,,0,0,0,0,0,0,0,,,,,false,{},{},{},{},{},{},{},0,0,0.28,0,0,0.017,0,0,0,0,0,0,0,0,0,0,0,0,100,0,6.711,10.293,0.099,6.414,0,0,0,9,9,0,321,0,17,2,0,0,1,2400,0.021,0.025,0,ACTIVE,ACTIVE,,4095,4095,0,,true,16,false,0,0,true,1.9294,0.0016,19200,2280,0,,,,,,0,,,0,0,2,646,646,0,767548833220,8.488,0,0.028,0,0,648,647,2400,true,0,0,0,0,0,0,12,12,19224,0,0,0,0,0,0,0,0,0,0,0,0,0,,0,0,0,0,0,0,0,0,0,0,0,0,0,0,0,0,0,0,,0,0,0,0,0,0,false,
648,649,34655,false,145,50,1.605,0,1.424,0,dynamic_visual_atlas_upload,,,cell_indirection_lut,1.205,2400,2400,0,0,-1,-1,,1991.701174,3.013,4.027,4.027,1,8,3,1.5,false,2,8.666,,,,,,,,,,,,,,,,,,,,,,,,,,,,,,,,,,,,,,,,,,0,0,0,0,false,0,0,,0,0,0,0,0,0,0,,,,,false,{},{},{},{},{},{},{},0,0,0.212,0,0,0.015,0,0,0,0,0,0,0,0,0,0,0,0,100,0,6.758,10.293,0.099,6.531,0,0,0,9,9,0,321,0,17,2,0,0,1,2400,0.021,0.025,0,ACTIVE,ACTIVE,,4095,4095,0,,true,16,false,0,0,true,2.7175,0.0014,21600,2280,0,,,,,,0,,,0,0,2,647,647,0,767548852089,3.114,0,0.031,0,0,649,648,2400,true,0,0,0,0,0,0,12,12,19224,0,0,0,0,0,0,0,0,0,0,0,0,0,,0,0,0,0,0,0,0,0,0,0,0,0,0,0,0,0,0,0,,0,0,0,0,0,0,false,
649,650,34676,false,145,50,1.454,0,1.291,0,dynamic_visual_atlas_upload,,,cell_indirection_lut,1.205,2400,2400,0,0,-1,-1,,1991.701174,3.013,4.027,4.027,1,8,3,1.5,false,2,8.666,,,,,,,,,,,,,,,,,,,,,,,,,,,,,,,,,,,,,,,,,,0,0,0,0,false,0,0,,0,0,0,0,0,0,0,,,,,false,{},{},{},{},{},{},{},0,0,0.193,0,0,0.014,0,0,0,0,0,0,0,0,0,0,0,0,100,0,6.841667,10.293,0.099,6.634667,0,0,0,9,9,0,321,0,17,2,0,0,1,2400,0.021,0.025,0,ACTIVE,ACTIVE,,4095,4095,0,,true,16,false,0,0,true,1.8764,0.0011,19200,2280,0,,,,,,0,,,0,0,2,648,648,0,767548870864,4.875,0,0.031,0,0,650,649,2400,true,0,0,0,0,0,0,12,12,21624,0,0,0,0,0,0,0,0,0,0,0,0,0,,0,0,0,0,0,0,0,0,0,0,0,0,0,0,0,0,0,0,,0,0,0,0,0,0,false,
650,651,34692,false,145,50,1.423,0,1.283,0,dynamic_visual_atlas_upload,,,cell_indirection_lut,1.205,2400,2400,0,0,-1,-1,,1991.701174,3.013,4.027,4.027,1,8,3,1.5,false,2,8.666,,,,,,,,,,,,,,,,,,,,,,,,,,,,,,,,,,,,,,,,,,0,0,0,0,false,0,0,,0,0,0,0,0,0,0,,,,,false,{},{},{},{},{},{},{},0,3.052,3.223,0,0,0.014,0,0,0,0,0,0,0,0,0,0,0,0,100,0,8.4025,10.293,0.099,5.1655,0,0,0,9,9,0,321,0,17,2,0,0,1,2400,0.021,0.025,0,ACTIVE,ACTIVE,,4095,4095,0,,true,16,false,0,0,true,1.8604,0.0009,19200,2280,0,,,,,,0,,,0,0,2,649,649,0,767548889112,3.456,0,0.029,0,0,651,650,2400,true,0,0,0,0,0,0,12,12,19224,0,0,0,0,0,0,0,0,0,0,0,0,0,,0,0,0,0,0,0,0,0,0,0,0,0,0,0,0,0,0,0,,0,0,0,0,0,0,false,
651,652,34716,false,145,50,2.595,0,2.268,0,dynamic_visual_atlas_upload,,,cell_indirection_lut,1.205,2400,2400,0,0,-1,-1,,1991.701174,3.013,4.027,4.027,1,8,3,1.5,false,2,8.666,,,,,,,,,,,,,,,,,,,,,,,,,,,,,,,,,,,,,,,,,,0,0,0,0,false,0,0,,0,0,0,0,0,0,0,,,,,false,{},{},{},{},{},{},{},0,4.691,4.992,0,0,0.016,0,0,0,0,0,0,0,0,0,0,0,0,100,0,8.035,10.293,0.099,3.027,0,0,0,9,9,0,321,0,17,2,0,0,1,2400,0.021,0.025,0,ACTIVE,ACTIVE,,4095,4095,0,,true,16,false,0,0,true,1.8305,0.0011,19200,2280,0,,,,,,0,,,0,0,2,650,650,0,767548908306,8.473,0,0.028,0,0,652,651,2400,true,0,0,0,0,0,0,12,12,19224,0,0,0,0,0,0,0,0,0,0,0,0,0,,0,0,0,0,0,0,0,0,0,0,0,0,0,0,0,0,0,0,,0,0,0,0,0,0,false,
652,653,34738,false,145,50,1.592,0,1.404,0,dynamic_visual_atlas_upload,,,cell_indirection_lut,1.205,2400,2400,0,0,-1,-1,,1991.701174,3.013,4.027,4.027,1,8,3,1.5,false,2,8.666,,,,,,,,,,,,,,,,,,,,,,,,,,,,,,,,,,,,,,,,,,0,0,0,0,false,0,0,,0,0,0,0,0,0,0,,,,,false,{},{},{},{},{},{},{},0,0.001,0.216,0,0,0.014,0,0,0,0,0,0,0,0,0,0,0,0,100,0,5.353,10.293,0.099,5.123,0,0,0,9,9,0,321,0,17,2,0,0,1,2400,0.021,0.025,0,ACTIVE,ACTIVE,,4095,4095,0,,true,16,false,0,0,true,2.5928,0.0013,52800,2280,0,,,,,,0,,,0,0,2,651,651,0,767548929747,8.334,0,0.03,0,0,653,652,2400,true,0,0,0,0,0,0,12,12,19224,0,0,0,0,0,0,0,0,0,0,0,0,0,,0,0,0,0,0,0,0,0,0,0,0,0,0,0,0,0,0,0,,0,0,0,0,0,0,false,
653,654,34752,false,145,50,1.812,0,1.617,0,dynamic_visual_atlas_upload,,,cell_indirection_lut,1.205,2400,2400,0,0,-1,-1,,1991.701174,3.013,4.027,4.027,1,8,3,1.5,false,2,8.666,,,,,,,,,,,,,,,,,,,,,,,,,,,,,,,,,,,,,,,,,,0,0,0,0,false,0,0,,0,0,0,0,0,0,0,,,,,false,{},{},{},{},{},{},{},0,0.001,0.258,0,0,0.016,0,0,0,0,0,0,0,0,0,0,0,0,100,0,7.157,10.293,0.099,6.883,0,0,0,9,9,0,321,0,17,2,0,0,1,2400,0.021,0.025,0,ACTIVE,ACTIVE,,4095,4095,0,,true,16,false,0,0,true,2.5928,0.0013,52800,2280,0,,,,,,0,,,0,0,2,652,652,0,767548949612,2.873,0,0.032,0,0,654,653,2400,true,0,0,0,0,0,0,12,12,52824,0,0,0,0,0,0,0,0,0,0,0,0,0,,0,0,0,0,0,0,0,0,0,0,0,0,0,0,0,0,0,0,,0,0,0,0,0,0,false,
654,655,34772,false,145,50,1.523,0,1.353,0,dynamic_visual_atlas_upload,,,cell_indirection_lut,1.205,2400,2400,0,0,-1,-1,,1991.701174,3.013,4.027,4.027,1,8,3,1.5,false,2,8.666,,,,,,,,,,,,,,,,,,,,,,,,,,,,,,,,,,,,,,,,,,0,0,0,0,false,0,0,,0,0,0,0,0,0,0,,,,,false,{},{},{},{},{},{},{},0.001,0,0.222,0,0,0.016,0,0,0,0,0,0,0,0,0,0,0,0,100,0,6.692667,10.293,0.099,6.454667,0,0,0,9,9,0,321,0,17,2,0,0,1,2400,0.021,0.025,0,ACTIVE,ACTIVE,,4095,4095,0,,true,16,false,0,0,true,2.9362,0.0016,19200,2280,0,,,,,,0,,,0,0,2,653,653,0,767548969733,2.79,0,0.029,0,0,655,654,2400,true,0,0,0,0,0,0,12,12,19224,0,0,0,0,0,0,0,0,0,0,0,0,0,,0,0,0,0,0,0,0,0,0,0,0,0,0,0,0,0,0,0,,0,0,0,0,0,0,false,
655,656,34793,false,145,50,1.455,0,1.308,0,dynamic_visual_atlas_upload,,,cell_indirection_lut,1.205,2400,2400,0,0,-1,-1,,1991.701174,3.013,4.027,4.027,1,8,3,1.5,false,2,8.666,,,,,,,,,,,,,,,,,,,,,,,,,,,,,,,,,,,,,,,,,,0,0,0,0,false,0,0,,0,0,0,0,0,0,0,,,,,false,{},{},{},{},{},{},{},0,0,0.186,0,0,0.015,0,0,0,0,0,0,0,0,0,0,0,0,100,0,6.842,10.293,0.099,6.641,0,0,0,9,9,0,321,0,17,2,0,0,1,2400,0.021,0.025,0,ACTIVE,ACTIVE,,4095,4095,0,,true,16,false,0,0,true,2.2787,0.0012,19200,2280,0,,,,,,0,,,0,0,2,654,654,0,767548990490,2.468,0,0.03,0,0,656,655,2400,true,0,0,0,0,0,0,12,12,21624,0,0,0,0,0,0,0,0,0,0,0,0,0,,0,0,0,0,0,0,0,0,0,0,0,0,0,0,0,0,0,0,,0,0,0,0,0,0,false,
656,657,34812,false,145,50,1.626,0,1.431,0,dynamic_visual_atlas_upload,,,cell_indirection_lut,1.205,2400,2400,0,0,-1,-1,,1991.701174,3.013,4.027,4.027,1,8,3,1.5,false,2,8.666,,,,,,,,,,,,,,,,,,,,,,,,,,,,,,,,,,,,,,,,,,0,0,0,0,false,0,0,,0,0,0,0,0,0,0,,,,,false,{},{},{},{},{},{},{},0,4.222,4.47,0,0,0.016,0,0,0,0,0,0,0,0,0,0,0,0,100,0,9.4105,10.293,0.099,4.9245,0,0,0,9,9,0,321,0,17,2,0,0,1,2400,0.021,0.025,0,ACTIVE,ACTIVE,,4095,4095,0,,true,16,false,0,0,true,1.986,0.0013,19200,2280,0,,,,,,0,,,0,0,2,655,655,0,767549009347,2.48,0,0.03,0,0,657,656,2400,true,0,0,0,0,0,0,12,12,19224,0,0,0,0,0,0,0,0,0,0,0,0,0,,0,0,0,0,0,0,0,0,0,0,0,0,0,0,0,0,0,0,,0,0,0,0,0,0,false,
657,658,34830,false,145,50,1.479,0,1.314,0,dynamic_visual_atlas_upload,,,cell_indirection_lut,1.205,2400,2400,0,0,-1,-1,,1991.701174,3.013,4.027,4.027,1,8,3,1.5,false,2,8.666,,,,,,,,,,,,,,,,,,,,,,,,,,,,,,,,,,,,,,,,,,0,0,0,0,false,0,0,,0,0,0,0,0,0,0,,,,,false,{},{},{},{},{},{},{},0,3.066,3.228,0,0,0.011,0,0,0,0,0,0,0,0,0,0,0,0,100,0,6.238333,10.293,0.099,2.999333,0,0,0,9,9,0,321,0,17,2,0,0,1,2400,0.021,0.025,0,ACTIVE,ACTIVE,,4095,4095,0,,true,16,false,0,0,true,1.9091,0.0011,19200,2280,0,,,,,,0,,,0,0,2,656,656,0,767549027408,3.109,0,0.029,0,0,658,657,2400,true,0,0,0,0,0,0,12,12,19224,0,0,0,0,0,0,0,0,0,0,0,0,0,,0,0,0,0,0,0,0,0,0,0,0,0,0,0,0,0,0,0,,0,0,0,0,0,0,false,
658,659,34851,false,145,50,1.483,0,1.327,0,dynamic_visual_atlas_upload,,,cell_indirection_lut,1.205,2400,2400,0,0,-1,-1,,1991.701174,3.013,4.027,4.027,1,8,3,1.5,false,2,8.666,,,,,,,,,,,,,,,,,,,,,,,,,,,,,,,,,,,,,,,,,,0,0,0,0,false,0,0,,0,0,0,0,0,0,0,,,,,false,{},{},{},{},{},{},{},0,3.058,3.233,0,0,0.017,0,0,0,0,0,0,0,0,0,0,0,0,100,0,6.949,10.293,0.099,3.699,0,0,0,9,9,0,321,0,17,2,0,0,1,2400,0.021,0.025,0,ACTIVE,ACTIVE,,4095,4095,0,,true,16,false,0,0,true,1.8675,0.001,19200,2280,0,,,,,,0,,,0,0,2,657,657,0,767549046599,4.788,0,0.028,0,0,659,658,2400,true,0,0,0,0,0,0,12,12,19224,0,0,0,0,0,0,0,0,0,0,0,0,0,,0,0,0,0,0,0,0,0,0,0,0,0,0,0,0,0,0,0,,0,0,0,0,0,0,false,
659,660,34872,false,145,50,1.551,0,1.37,0,dynamic_visual_atlas_upload,,,cell_indirection_lut,1.205,2400,2400,0,0,-1,-1,,1991.701174,3.013,4.027,4.027,1,8,3,1.5,false,2,8.666,,,,,,,,,,,,,,,,,,,,,,,,,,,,,,,,,,,,,,,,,,0,0,0,0,false,0,0,,0,0,0,0,0,0,0,,,,,false,{},{},{},{},{},{},{},0,3.326,3.486,0,0,0.014,0,0,0,0,0,0,0,0,0,0,0,0,100,0,6.998667,10.293,0.099,3.498667,0,0,0,9,9,0,321,0,17,2,0,0,1,2400,0.021,0.025,0,ACTIVE,ACTIVE,,4095,4095,0,,true,16,false,0,0,true,1.8803,0.0011,19200,2280,0,,,,,,0,,,0,0,2,658,658,0,767549067261,5.095,0,0.028,0,0,660,659,2400,true,0,0,0,0,0,0,12,12,19224,0,0,0,0,0,0,0,0,0,0,0,0,0,,0,0,0,0,0,0,0,0,0,0,0,0,0,0,0,0,0,0,,0,0,0,0,0,0,false,
660,661,34893,false,145,50,1.496,0,1.335,0,dynamic_visual_atlas_upload,,,cell_indirection_lut,1.205,2400,2400,0,0,-1,-1,,1991.701174,3.013,4.027,4.027,1,8,3,1.5,false,2,8.666,,,,,,,,,,,,,,,,,,,,,,,,,,,,,,,,,,,,,,,,,,0,0,0,0,false,0,0,,0,0,0,0,0,0,0,,,,,false,{},{},{},{},{},{},{},0,3.753,3.913,0,0,0.01,0,0,0,0,0,0,0,0,0,0,0,0,100,0,6.978667,10.293,0.099,3.055667,0,0,0,9,9,0,321,0,17,2,0,0,1,2400,0.021,0.025,0,ACTIVE,ACTIVE,,4095,4095,0,,true,16,false,0,0,true,1.8803,0.0011,19200,2280,0,,,,,,0,,,0,0,2,659,659,0,767549087879,5.443,0,0.033,0,0,661,660,2400,true,0,0,0,0,0,0,12,12,19224,0,0,0,0,0,0,0,0,0,0,0,0,0,,0,0,0,0,0,0,0,0,0,0,0,0,0,0,0,0,0,0,,0,0,0,0,0,0,false,
661,662,34913,false,145,50,1.435,0,1.295,0,dynamic_visual_atlas_upload,,,cell_indirection_lut,1.205,2400,2400,0,0,-1,-1,,1991.701174,3.013,4.027,4.027,1,8,3,1.5,false,2,8.666,,,,,,,,,,,,,,,,,,,,,,,,,,,,,,,,,,,,,,,,,,0,0,0,0,false,0,0,,0,0,0,0,0,0,0,,,,,false,{},{},{},{},{},{},{},0.001,2.917,3.073,0,0,0.013,0,0,0,0,0,0,0,0,0,0,0,0,100,0,6.620667,10.293,0.099,3.534667,0,0,0,9,9,0,321,0,17,2,0,0,1,2400,0.021,0.025,0,ACTIVE,ACTIVE,,4095,4095,0,,true,16,false,0,0,true,1.8367,0.0011,19200,2280,0,,,,,,0,,,0,0,2,660,660,0,767549109727,3.415,0,0.028,0,0,662,661,2400,true,0,0,0,0,0,0,12,12,55224,0,0,0,0,0,0,0,0,0,0,0,0,0,,0,0,0,0,0,0,0,0,0,0,0,0,0,0,0,0,0,0,,0,0,0,0,0,0,false,
662,663,34931,false,145,50,1.545,0,1.378,0,dynamic_visual_atlas_upload,,,cell_indirection_lut,1.205,2400,2400,0,0,-1,-1,,1991.701174,3.013,4.027,4.027,1,8,3,1.5,false,2,8.666,,,,,,,,,,,,,,,,,,,,,,,,,,,,,,,,,,,,,,,,,,0,0,0,0,false,0,0,,0,0,0,0,0,0,0,,,,,false,{},{},{},{},{},{},{},0,0,0.227,0,0,0.015,0,0,0,0,0,0,0,0,0,0,0,0,100,0,6.015,10.293,0.099,5.773,0,0,0,9,9,0,321,0,17,2,0,0,1,2400,0.021,0.025,0,ACTIVE,ACTIVE,,4095,4095,0,,true,16,false,0,0,true,2.015,0.0011,24000,2280,0,,,,,,0,,,0,0,2,661,661,0,767549128370,2.817,0,0.029,0,0,663,662,2400,true,0,0,0,0,0,0,12,12,19224,0,0,0,0,0,0,0,0,0,0,0,0,0,,0,0,0,0,0,0,0,0,0,0,0,0,0,0,0,0,0,0,,0,0,0,0,0,0,false,
663,664,34952,false,145,50,1.636,0,1.365,0,dynamic_visual_atlas_upload,,,cell_indirection_lut,1.205,2400,2400,0,0,-1,-1,,1991.701174,3.013,4.027,4.027,1,8,3,1.5,false,2,8.666,,,,,,,,,,,,,,,,,,,,,,,,,,,,,,,,,,,,,,,,,,0,0,0,0,false,0,0,,0,0,0,0,0,0,0,,,,,false,{},{},{},{},{},{},{},0,0,0.31,0,0,0.018,0,0,0,0,0,0,0,0,0,0,0,0,100,0,7.029667,10.293,0.099,6.701667,0,0,0,9,9,0,321,0,17,2,0,0,1,2400,0.021,0.025,0,ACTIVE,ACTIVE,,4095,4095,0,,true,16,false,0,0,true,2.0457,0.0017,19200,2280,0,,,,,,0,,,0,0,2,662,662,0,767549146841,5.686,0,0.031,0,0,664,663,2400,true,0,0,0,0,0,0,12,12,24024,0,0,0,0,0,0,0,0,0,0,0,0,0,,0,0,0,0,0,0,0,0,0,0,0,0,0,0,0,0,0,0,,0,0,0,0,0,0,false,
664,665,34973,false,145,50,1.773,0,1.312,0,dynamic_visual_atlas_upload,,,cell_indirection_lut,1.205,2400,2400,0,0,-1,-1,,1991.701174,3.013,4.027,4.027,1,8,3,1.5,false,2,8.666,,,,,,,,,,,,,,,,,,,,,,,,,,,,,,,,,,,,,,,,,,0,0,0,0,false,0,0,,0,0,0,0,0,0,0,,,,,false,{},{},{},{},{},{},{},0,0,0.32,0,0,0.022,0,0,0,0,0,0,0,0,0,0,0,0,100,0,6.911667,10.293,0.099,6.569667,0,0,0,9,9,0,321,0,17,2,0,0,1,2400,0.021,0.025,0,ACTIVE,ACTIVE,,4095,4095,0,,true,16,false,0,0,true,2.0333,0.0017,19200,2280,0,,,,,,0,,,0,0,2,663,663,0,767549167494,5.56,0,0.032,0,0,665,664,2400,true,0,0,0,0,0,0,12,12,19224,0,0,0,0,0,0,0,0,0,0,0,0,0,,0,0,0,0,0,0,0,0,0,0,0,0,0,0,0,0,0,0,,0,0,0,0,0,0,false,
665,666,34990,false,145,50,1.573,0,1.347,0,dynamic_visual_atlas_upload,,,cell_indirection_lut,1.205,2400,2400,0,0,-1,-1,,1991.701174,3.013,4.027,4.027,1,8,3,1.5,false,2,8.666,,,,,,,,,,,,,,,,,,,,,,,,,,,,,,,,,,,,,,,,,,0,0,0,0,false,0,0,,0,0,0,0,0,0,0,,,,,false,{},{},{},{},{},{},{},0,3.435,3.625,0,0,0.017,0,0,0,0,0,0,0,0,0,0,0,0,100,0,8.465,10.293,0.099,4.823,0,0,0,9,9,0,321,0,17,2,0,0,1,2400,0.021,0.025,0,ACTIVE,ACTIVE,,4095,4095,0,,true,16,false,0,0,true,2.0712,0.0014,19200,2280,0,,,,,,0,,,0,0,2,664,664,0,767549186464,3.493,0,0.032,0,0,666,665,2400,true,0,0,0,0,0,0,12,12,19224,0,0,0,0,0,0,0,0,0,0,0,0,0,,0,0,0,0,0,0,0,0,0,0,0,0,0,0,0,0,0,0,,0,0,0,0,0,0,false,
666,667,35010,false,145,50,1.44,0,1.286,0,dynamic_visual_atlas_upload,,,cell_indirection_lut,1.205,2400,2400,0,0,-1,-1,,1991.701174,3.013,4.027,4.027,1,8,3,1.5,false,2,8.666,,,,,,,,,,,,,,,,,,,,,,,,,,,,,,,,,,,,,,,,,,0,0,0,0,false,0,0,,0,0,0,0,0,0,0,,,,,false,{},{},{},{},{},{},{},0,3.032,3.2,0,0,0.015,0,0,0,0,0,0,0,0,0,0,0,0,100,0,6.653,10.293,0.099,3.438,0,0,0,9,9,0,321,0,17,2,0,0,1,2400,0.021,0.025,0,ACTIVE,ACTIVE,,4095,4095,0,,true,16,false,0,0,true,2.4752,0.001,21600,2280,0,,,,,,0,,,0,0,2,665,665,0,767549205043,4.871,0,0.031,0,0,667,666,2400,true,0,0,0,0,0,0,12,12,19224,0,0,0,0,0,0,0,0,0,0,0,0,0,,0,0,0,0,0,0,0,0,0,0,0,0,0,0,0,0,0,0,,0,0,0,0,0,0,false,
667,668,35031,false,145,50,1.637,0,1.333,0,dynamic_visual_atlas_upload,,,cell_indirection_lut,1.205,2400,2400,0,0,-1,-1,,1991.701174,3.013,4.027,4.027,1,8,3,1.5,false,2,8.666,,,,,,,,,,,,,,,,,,,,,,,,,,,,,,,,,,,,,,,,,,0,0,0,0,false,0,0,,0,0,0,0,0,0,0,,,,,false,{},{},{},{},{},{},{},0,3.434,3.631,0,0,0.016,0,0,0,0,0,0,0,0,0,0,0,0,100,0,7.153,11.178,0.104,3.506,0,0,0,9,9,0,321,0,17,2,0,0,1,2400,0.021,0.025,0,ACTIVE,ACTIVE,,4095,4095,0,,true,16,false,0,0,true,2.0736,0.0013,19200,2280,0,,,,,,0,,,0,0,2,666,666,0,767549225783,5.785,0,0.03,0,0,668,667,2400,true,0,0,0,0,0,0,12,12,21624,0,0,0,0,0,0,0,0,0,0,0,0,0,,0,0,0,0,0,0,0,0,0,0,0,0,0,0,0,0,0,0,,0,0,0,0,0,0,false,
668,669,35052,false,145,50,1.431,0,1.275,0,dynamic_visual_atlas_upload,,,cell_indirection_lut,1.205,2400,2400,0,0,-1,-1,,1991.701174,3.013,4.027,4.027,1,8,3,1.5,false,2,8.666,,,,,,,,,,,,,,,,,,,,,,,,,,,,,,,,,,,,,,,,,,0,0,0,0,false,0,0,,0,0,0,0,0,0,0,,,,,false,{},{},{},{},{},{},{},0,3.546,3.713,0,0,0.015,0,0,0,0,0,0,0,0,0,0,0,0,100,0,6.816667,11.178,0.104,3.088667,0,0,0,9,9,0,321,0,17,2,0,0,1,2400,0.021,0.025,0,ACTIVE,ACTIVE,,4095,4095,0,,true,16,false,0,0,true,2.5476,0.0011,52800,2280,0,,,,,,0,,,0,0,2,667,667,0,767549246698,5.148,0,0.029,0,0,669,668,2400,true,0,0,0,0,0,0,12,12,19224,0,0,0,0,0,0,0,0,0,0,0,0,0,,0,0,0,0,0,0,0,0,0,0,0,0,0,0,0,0,0,0,,0,0,0,0,0,0,false,
669,670,35073,false,145,50,1.568,0,1.347,0,dynamic_visual_atlas_upload,,,cell_indirection_lut,1.205,2400,2400,0,0,-1,-1,,1991.701174,3.013,4.027,4.027,1,8,3,1.5,false,2,8.666,,,,,,,,,,,,,,,,,,,,,,,,,,,,,,,,,,,,,,,,,,0,0,0,0,false,0,0,,0,0,0,0,0,0,0,,,,,false,{},{},{},{},{},{},{},0,3.916,4.117,0,0,0.016,0,0,0,0,0,0,0,0,0,0,0,0,100,0,7.168667,11.178,0.104,3.035667,0,0,0,9,9,0,321,0,17,2,0,0,1,2400,0.021,0.025,0,ACTIVE,ACTIVE,,4095,4095,0,,true,16,false,0,0,true,2.0824,0.0014,19200,2280,0,,,,,,0,,,0,0,2,668,668,0,767549268136,5.387,0,0.032,0,0,670,669,2400,true,0,0,0,0,0,0,12,12,52824,0,0,0,0,0,0,0,0,0,0,0,0,0,,0,0,0,0,0,0,0,0,0,0,0,0,0,0,0,0,0,0,,0,0,0,0,0,0,false,
670,671,35094,false,145,50,1.635,0,1.428,0,dynamic_visual_atlas_upload,,,cell_indirection_lut,1.205,2400,2400,0,0,-1,-1,,1991.701174,3.013,4.027,4.027,1,8,3,1.5,false,2,8.666,,,,,,,,,,,,,,,,,,,,,,,,,,,,,,,,,,,,,,,,,,0,0,0,0,false,0,0,,0,0,0,0,0,0,0,,,,,false,{},{},{},{},{},{},{},0,3.426,3.623,0,0,0.018,0,0,0,0,0,0,0,0,0,0,0,0,100,0,6.806667,11.178,0.104,3.165667,0,0,0,9,9,0,321,0,17,2,0,0,1,2400,0.021,0.025,0,ACTIVE,ACTIVE,,4095,4095,0,,true,16,false,0,0,true,1.9811,0.0011,19200,2280,0,,,,,,0,,,0,0,2,669,669,0,767549288792,4.978,0,0.033,0,0,671,670,2400,true,0,0,0,0,0,0,12,12,19224,0,0,0,0,0,0,0,0,0,0,0,0,0,,0,0,0,0,0,0,0,0,0,0,0,0,0,0,0,0,0,0,,0,0,0,0,0,0,false,
671,672,35114,false,145,50,1.443,0,1.293,0,dynamic_visual_atlas_upload,,,cell_indirection_lut,1.205,2400,2400,0,0,-1,-1,,1991.701174,3.013,4.027,4.027,1,8,3,1.5,false,2,8.666,,,,,,,,,,,,,,,,,,,,,,,,,,,,,,,,,,,,,,,,,,0,0,0,0,false,0,0,,0,0,0,0,0,0,0,,,,,false,{},{},{},{},{},{},{},0,3.73,3.911,0,0,0.017,0,0,0,0,0,0,0,0,0,0,0,0,100,0,6.770333,11.178,0.104,2.842333,0,0,0,9,9,0,321,0,17,2,0,0,1,2400,0.021,0.025,0,ACTIVE,ACTIVE,,4095,4095,0,,true,16,false,0,0,true,1.9479,0.0014,19200,2280,0,,,,,,0,,,0,0,2,670,670,0,767549308198,5.902,0,0.03,0,0,672,671,2400,true,0,0,0,0,0,0,12,12,19224,0,0,0,0,0,0,0,0,0,0,0,0,0,,0,0,0,0,0,0,0,0,0,0,0,0,0,0,0,0,0,0,,0,0,0,0,0,0,false,
672,673,35138,false,145,50,1.521,0,1.319,0,dynamic_visual_atlas_upload,,,cell_indirection_lut,1.205,2400,2400,0,0,-1,-1,,1991.701174,3.013,4.027,4.027,1,8,3,1.5,false,2,8.666,,,,,,,,,,,,,,,,,,,,,,,,,,,,,,,,,,,,,,,,,,0,0,0,0,false,0,0,,0,0,0,0,0,0,0,,,,,false,{},{},{},{},{},{},{},0.001,0,0.229,0,0,0.015,0,0,0,0,0,0,0,0,0,0,0,0,100,0,6.02325,11.178,0.104,5.77925,0,0,0,9,9,0,321,0,17,2,0,0,1,2400,0.021,0.025,0,ACTIVE,ACTIVE,,4095,4095,0,,true,16,false,0,0,true,2.572,0.0009,21600,2280,0,,,,,,0,,,0,0,2,671,671,0,767549329859,8.341,0,0.032,0,0,673,672,2400,true,0,0,0,0,0,0,12,12,19224,0,0,0,0,0,0,0,0,0,0,0,0,0,,0,0,0,0,0,0,0,0,0,0,0,0,0,0,0,0,0,0,,0,0,0,0,0,0,false,
673,674,35152,false,145,50,1.552,0,1.334,0,dynamic_visual_atlas_upload,,,cell_indirection_lut,1.205,2400,2400,0,0,-1,-1,,1991.701174,3.013,4.027,4.027,1,8,3,1.5,false,2,8.666,,,,,,,,,,,,,,,,,,,,,,,,,,,,,,,,,,,,,,,,,,0,0,0,0,false,0,0,,0,0,0,0,0,0,0,,,,,false,{},{},{},{},{},{},{},0,0,0.358,0,0,0.017,0,0,0,0,0,0,0,0,0,0,0,0,100,0,7.133,11.178,0.104,6.758,0,0,0,9,9,0,321,0,17,2,0,0,1,2400,0.021,0.025,0,ACTIVE,ACTIVE,,4095,4095,0,,true,16,false,0,0,true,2.1905,0.0014,19200,2280,0,,,,,,0,,,0,0,2,672,672,0,767549349404,3.028,0,0.028,0,0,674,673,2400,true,0,0,0,0,0,0,12,12,21624,0,0,0,0,0,0,0,0,0,0,0,0,0,,0,0,0,0,0,0,0,0,0,0,0,0,0,0,0,0,0,0,,0,0,0,0,0,0,false,
674,675,35173,false,145,50,1.717,0,1.441,0,dynamic_visual_atlas_upload,,,cell_indirection_lut,1.205,2400,2400,0,0,-1,-1,,1991.701174,3.013,4.027,4.027,1,8,3,1.5,false,2,8.666,,,,,,,,,,,,,,,,,,,,,,,,,,,,,,,,,,,,,,,,,,0,0,0,0,false,0,0,,0,0,0,0,0,0,0,,,,,false,{},{},{},{},{},{},{},0,0,0.289,0,0,0.019,0,0,0,0,0,0,0,0,0,0,0,0,100,0,6.88,11.178,0.104,6.572,0,0,0,9,9,0,321,0,17,2,0,0,1,2400,0.021,0.025,0,ACTIVE,ACTIVE,,4095,4095,0,,true,16,false,0,0,true,2.0322,0.0019,19200,2280,0,,,,,,0,,,0,0,2,673,673,0,767549368100,5.017,0,0.031,0,0,675,674,2400,true,0,0,0,0,0,0,12,12,19224,0,0,0,0,0,0,0,0,0,0,0,0,0,,0,0,0,0,0,0,0,0,0,0,0,0,0,0,0,0,0,0,,0,0,0,0,0,0,false,
675,676,35193,false,145,50,1.474,0,1.282,0,dynamic_visual_atlas_upload,,,cell_indirection_lut,1.205,2400,2400,0,0,-1,-1,,1991.701174,3.013,4.027,4.027,1,8,3,1.5,false,2,8.666,,,,,,,,,,,,,,,,,,,,,,,,,,,,,,,,,,,,,,,,,,0,0,0,0,false,0,0,,0,0,0,0,0,0,0,,,,,false,{},{},{},{},{},{},{},0,0,0.185,0,0,0.017,0,0,0,0,0,0,0,0,0,0,0,0,100,0,6.731,11.178,0.104,6.529,0,0,0,9,9,0,321,0,17,2,0,0,1,2400,0.021,0.025,0,ACTIVE,ACTIVE,,4095,4095,0,,true,16,false,0,0,true,1.8937,0.0013,19200,2280,0,,,,,,0,,,0,0,2,674,674,0,767549390273,2.985,0,0.031,0,0,676,675,2400,true,0,0,0,0,0,0,12,12,19224,0,0,0,0,0,0,0,0,0,0,0,0,0,,0,0,0,0,0,0,0,0,0,0,0,0,0,0,0,0,0,0,,0,0,0,0,0,0,false,
676,677,35215,false,145,50,1.665,0,1.401,0,dynamic_visual_atlas_upload,,,cell_indirection_lut,1.205,2400,2400,0,0,-1,-1,,1991.701174,3.013,4.027,4.027,1,8,3,1.5,false,2,8.666,,,,,,,,,,,,,,,,,,,,,,,,,,,,,,,,,,,,,,,,,,0,0,0,0,false,0,0,,0,0,0,0,0,0,0,,,,,false,{},{},{},{},{},{},{},0,7.326,7.571,0,0,0.018,0,0,0,0,0,0,0,0,0,0,0,0,100,0,10.8515,11.178,0.104,3.2625,0,0,0,9,9,0,321,0,17,2,0,0,1,2400,0.021,0.025,0,ACTIVE,ACTIVE,,4095,4095,0,,true,16,false,0,0,true,3.0402,0.0018,52800,2280,0,,,,,,0,,,0,0,2,675,675,0,767549410004,5.002,0,0.04,0,0,677,676,2400,true,0,0,0,0,0,0,12,12,19224,0,0,0,0,0,0,0,0,0,0,0,0,0,,0,0,0,0,0,0,0,0,0,0,0,0,0,0,0,0,0,0,,0,0,0,0,0,0,false,
677,678,35235,false,145,50,1.577,0,1.342,0,dynamic_visual_atlas_upload,,,cell_indirection_lut,1.205,2400,2400,0,0,-1,-1,,1991.701174,3.013,4.027,4.027,1,8,3,1.5,false,2,8.666,,,,,,,,,,,,,,,,,,,,,,,,,,,,,,,,,,,,,,,,,,0,0,0,0,false,0,0,,0,0,0,0,0,0,0,,,,,false,{},{},{},{},{},{},{},0,0.001,0.275,0,0,0.017,0,0,0,0,0,0,0,0,0,0,0,0,100,0,5.0195,11.178,0.104,4.7275,0,0,0,9,9,0,321,0,17,2,0,0,1,2400,0.021,0.025,0,ACTIVE,ACTIVE,,4095,4095,0,,true,16,false,0,0,true,1.9243,0.0018,19200,2280,0,,,,,,0,,,0,0,2,676,676,0,767549430993,4.069,0,0.031,0,0,678,677,2400,true,0,0,0,0,0,0,12,12,52824,0,0,0,0,0,0,0,0,0,0,0,0,0,,0,0,0,0,0,0,0,0,0,0,0,0,0,0,0,0,0,0,,0,0,0,0,0,0,false,
678,679,35255,false,145,50,1.515,0,1.301,0,dynamic_visual_atlas_upload,,,cell_indirection_lut,1.205,2400,2400,0,0,-1,-1,,1991.701174,3.013,4.027,4.027,1,8,3,1.5,false,2,8.666,,,,,,,,,,,,,,,,,,,,,,,,,,,,,,,,,,,,,,,,,,0,0,0,0,false,0,0,,0,0,0,0,0,0,0,,,,,false,{},{},{},{},{},{},{},0,0,0.266,0,0,0.018,0,0,0,0,0,0,0,0,0,0,0,0,100,0,6.842667,11.178,0.104,6.558667,0,0,0,9,9,0,321,0,17,2,0,0,1,2400,0.021,0.025,0,ACTIVE,ACTIVE,,4095,4095,0,,true,16,false,0,0,true,2.4698,0.0018,21600,2275,0,,,,,,0,,,0,0,2,677,677,0,767549451204,4.364,0,0.031,0,0,679,678,2400,true,0,0,0,0,0,0,12,12,19224,0,0,0,0,0,0,0,0,0,0,0,0,0,,0,0,0,0,0,0,0,0,0,0,0,0,0,0,0,0,0,0,,0,0,0,0,0,0,false,
679,680,35276,false,145,50,1.628,0,1.417,0,dynamic_visual_atlas_upload,,,cell_indirection_lut,1.205,2400,2400,0,0,-1,-1,,1991.701174,3.013,4.027,4.027,1,8,3,1.5,false,2,8.666,,,,,,,,,,,,,,,,,,,,,,,,,,,,,,,,,,,,,,,,,,0,0,0,0,false,0,0,,0,0,0,0,0,0,0,,,,,false,{},{},{},{},{},{},{},0,0,0.236,0,0,0.016,0,0,0,0,0,0,0,0,0,0,0,0,100,0,6.938667,11.178,0.104,6.686667,0,0,0,9,9,0,321,0,17,2,0,0,1,2400,0.021,0.025,0,ACTIVE,ACTIVE,,4095,4095,0,,true,16,false,0,0,true,2.4897,0.0017,19200,2280,0,,,,,,0,,,0,0,2,678,678,0,767549470505,5.894,0,0.031,0,0,680,679,2400,true,0,0,0,0,0,0,12,12,21624,0,0,0,0,0,0,0,0,0,0,0,0,0,,0,0,0,0,0,0,0,0,0,0,0,0,0,0,0,0,0,0,,0,0,0,0,0,0,false,
680,681,35293,false,145,50,1.518,0,1.329,0,dynamic_visual_atlas_upload,,,cell_indirection_lut,1.205,2400,2400,0,0,-1,-1,,1991.701174,3.013,4.027,4.027,1,8,3,1.5,false,2,8.666,,,,,,,,,,,,,,,,,,,,,,,,,,,,,,,,,,,,,,,,,,0,0,0,0,false,0,0,,0,0,0,0,0,0,0,,,,,false,{},{},{},{},{},{},{},0,3.056,3.259,0,0,0.016,0,0,0,0,0,0,0,0,0,0,0,0,100,0,8.3145,11.178,0.104,5.0395,0,0,0,9,9,0,321,0,17,2,0,0,1,2400,0.021,0.025,0,ACTIVE,ACTIVE,,4095,4095,0,,true,16,false,0,0,true,2.0129,0.0012,19200,2276,0,,,,,,0,,,0,0,2,679,679,0,767549489521,3.495,0,0.03,0,0,681,680,2400,true,0,0,0,0,0,0,12,12,19224,0,0,0,0,0,0,0,0,0,0,0,0,0,,0,0,0,0,0,0,0,0,0,0,0,0,0,0,0,0,0,0,,0,0,0,0,0,0,false,
681,682,35314,false,145,50,1.476,0,1.288,0,dynamic_visual_atlas_upload,,,cell_indirection_lut,1.205,2400,2400,0,0,-1,-1,,1991.701174,3.013,4.027,4.027,1,8,3,1.5,false,2,8.666,,,,,,,,,,,,,,,,,,,,,,,,,,,,,,,,,,,,,,,,,,0,0,0,0,false,0,0,,0,0,0,0,0,0,0,,,,,false,{},{},{},{},{},{},{},0,3.548,3.745,0,0,0.019,0,0,0,0,0,0,0,0,0,0,0,0,100,0,7.076,11.178,0.104,3.312,0,0,0,9,9,0,321,0,17,2,0,0,1,2400,0.021,0.025,0,ACTIVE,ACTIVE,,4095,4095,0,,true,16,false,0,0,true,1.9355,0.0012,19200,2280,0,,,,,,0,,,0,0,2,680,680,0,767549508485,5.794,0,0.028,0,0,682,681,2400,true,0,0,0,0,0,0,12,12,19224,0,0,0,0,0,0,0,0,0,0,0,0,0,,0,0,0,0,0,0,0,0,0,0,0,0,0,0,0,0,0,0,,0,0,0,0,0,0,false,
682,683,35338,false,145,50,1.551,0,1.323,0,dynamic_visual_atlas_upload,,,cell_indirection_lut,1.205,2400,2400,0,0,-1,-1,,1991.701174,3.013,4.027,4.027,1,8,3,1.5,false,2,8.666,,,,,,,,,,,,,,,,,,,,,,,,,,,,,,,,,,,,,,,,,,0,0,0,0,false,0,0,,0,0,0,0,0,0,0,,,,,false,{},{},{},{},{},{},{},0,0,0.412,0,0,0.017,0,0,0,0,0,0,0,0,0,0,0,0,100,0,6.107,11.178,0.104,5.678,0,0,0,9,9,0,321,0,17,2,0,0,1,2400,0.021,0.025,0,ACTIVE,ACTIVE,,4095,4095,0,,true,16,false,0,0,true,1.8312,0.0009,19200,2278,0,,,,,,0,,,0,0,2,681,681,0,767549529457,9.249,0,0.028,0,0,683,682,2400,true,0,0,0,0,0,0,12,12,19224,0,0,0,0,0,0,0,0,0,0,0,0,0,,0,0,0,0,0,0,0,0,0,0,0,0,0,0,0,0,0,0,,0,0,0,0,0,0,false,
683,684,35352,false,145,50,1.727,0,1.504,0,dynamic_visual_atlas_upload,,,cell_indirection_lut,1.205,2400,2400,0,0,-1,-1,,1991.701174,3.013,4.027,4.027,1,8,3,1.5,false,2,8.666,,,,,,,,,,,,,,,,,,,,,,,,,,,,,,,,,,,,,,,,,,0,0,0,0,false,0,0,,0,0,0,0,0,0,0,,,,,false,{},{},{},{},{},{},{},0,0,0.197,0,0,0.016,0,0,0,0,0,0,0,0,0,0,0,0,100,0,6.8,11.178,0.104,6.587,0,0,0,9,9,0,321,0,17,2,0,0,1,2400,0.021,0.025,0,ACTIVE,ACTIVE,,4095,4095,0,,true,16,false,0,0,true,1.8542,0.001,19200,2280,0,,,,,,0,,,0,0,2,682,682,0,767549548021,4.329,0,0.029,0,0,684,683,2400,true,0,0,0,0,0,0,12,12,19224,0,0,0,0,0,0,0,0,0,0,0,0,0,,0,0,0,0,0,0,0,0,0,0,0,0,0,0,0,0,0,0,,0,0,0,0,0,0,false,
684,685,35370,false,145,50,1.493,0,1.303,0,dynamic_visual_atlas_upload,,,cell_indirection_lut,1.205,2400,2400,0,0,-1,-1,,1991.701174,3.013,4.027,4.027,1,8,3,1.5,false,2,8.666,,,,,,,,,,,,,,,,,,,,,,,,,,,,,,,,,,,,,,,,,,0,0,0,0,false,0,0,,0,0,0,0,0,0,0,,,,,false,{},{},{},{},{},{},{},0,4.601,4.783,0,0,0.018,0,0,0,0,0,0,0,0,0,0,0,0,100,0,9.1745,11.178,0.104,4.3735,0,0,0,9,9,0,321,0,17,2,0,0,1,2400,0.021,0.025,0,ACTIVE,ACTIVE,,4095,4095,0,,true,16,false,0,0,true,3.4772,0.0013,55200,2280,0,,,,,,0,,,0,0,2,683,683,0,767549566556,4.096,0,0.032,0,0,685,684,2400,true,0,0,0,0,0,0,12,12,19224,0,0,0,0,0,0,0,0,0,0,0,0,0,,0,0,0,0,0,0,0,0,0,0,0,0,0,0,0,0,0,0,,0,0,0,0,0,0,false,
685,686,35390,false,145,50,1.47,0,1.3,0,dynamic_visual_atlas_upload,,,cell_indirection_lut,1.205,2400,2400,0,0,-1,-1,,1991.701174,3.013,4.027,4.027,1,8,3,1.5,false,2,8.666,,,,,,,,,,,,,,,,,,,,,,,,,,,,,,,,,,,,,,,,,,0,0,0,0,false,0,0,,0,0,0,0,0,0,0,,,,,false,{},{},{},{},{},{},{},0,3.325,3.515,0,0,0.018,0,0,0,0,0,0,0,0,0,0,0,0,100,0,6.423,11.178,0.104,2.89,0,0,0,9,9,0,321,0,17,2,0,0,1,2400,0.021,0.025,0,ACTIVE,ACTIVE,,4095,4095,0,,true,16,false,0,0,true,1.9359,0.0009,19200,2280,0,,,,,,0,,,0,0,2,684,684,0,767549586931,2.968,0,0.027,0,0,686,685,2400,true,0,0,0,0,0,0,12,12,55224,0,0,0,0,0,0,0,0,0,0,0,0,0,,0,0,0,0,0,0,0,0,0,0,0,0,0,0,0,0,0,0,,0,0,0,0,0,0,false,
686,687,35410,false,145,50,1.573,0,1.367,0,dynamic_visual_atlas_upload,,,cell_indirection_lut,1.205,2400,2400,0,0,-1,-1,,1991.701174,3.013,4.027,4.027,1,8,3,1.5,false,2,8.666,,,,,,,,,,,,,,,,,,,,,,,,,,,,,,,,,,,,,,,,,,0,0,0,0,false,0,0,,0,0,0,0,0,0,0,,,,,false,{},{},{},{},{},{},{},0,3.244,3.434,0,0,0.017,0,0,0,0,0,0,0,0,0,0,0,0,100,0,6.914333,11.178,0.104,3.463333,0,0,0,9,9,0,321,0,17,2,0,0,1,2400,0.021,0.025,0,ACTIVE,ACTIVE,,4095,4095,0,,true,16,false,0,0,true,2.0266,0.0016,19200,2275,0,,,,,,0,,,0,0,2,685,685,0,767549606001,4.735,0,0.033,0,0,687,686,2400,true,0,0,0,0,0,0,12,12,19224,0,0,0,0,0,0,0,0,0,0,0,0,0,,0,0,0,0,0,0,0,0,0,0,0,0,0,0,0,0,0,0,,0,0,0,0,0,0,false,
687,688,35431,false,145,50,1.456,0,1.297,0,dynamic_visual_atlas_upload,,,cell_indirection_lut,1.205,2400,2400,0,0,-1,-1,,1991.701174,3.013,4.027,4.027,1,8,3,1.5,false,2,8.666,,,,,,,,,,,,,,,,,,,,,,,,,,,,,,,,,,,,,,,,,,0,0,0,0,false,0,0,,0,0,0,0,0,0,0,,,,,false,{},{},{},{},{},{},{},0,3.389,3.699,0,0,0.017,0,0,0,0,0,0,0,0,0,0,0,0,100,0,6.949333,11.178,0.104,3.233333,0,0,0,9,9,0,321,0,17,2,0,0,1,2400,0.021,0.025,0,ACTIVE,ACTIVE,,4095,4095,0,,true,16,false,0,0,true,2.037,0.0012,19200,2280,0,,,,,,0,,,0,0,2,686,686,0,767549626432,5.054,0,0.03,0,0,688,687,2400,true,0,0,0,0,0,0,12,12,19224,0,0,0,0,0,0,0,0,0,0,0,0,0,,0,0,0,0,0,0,0,0,0,0,0,0,0,0,0,0,0,0,,0,0,0,0,0,0,false,
688,689,35452,false,145,50,1.449,0,1.299,0,dynamic_visual_atlas_upload,,,cell_indirection_lut,1.205,2400,2400,0,0,-1,-1,,1991.701174,3.013,4.027,4.027,1,8,3,1.5,false,2,8.666,,,,,,,,,,,,,,,,,,,,,,,,,,,,,,,,,,,,,,,,,,0,0,0,0,false,0,0,,0,0,0,0,0,0,0,,,,,false,{},{},{},{},{},{},{},0,3.656,3.844,0,0,0.018,0,0,0,0,0,0,0,0,0,0,0,0,100,0,6.858667,11.178,0.104,2.996667,0,0,0,9,9,0,321,0,17,2,0,0,1,2400,0.021,0.025,0,ACTIVE,ACTIVE,,4095,4095,0,,true,16,false,0,0,true,1.9585,0.0014,19200,2280,0,,,,,,0,,,0,0,2,687,687,0,767549646280,5.818,0,0.028,0,0,689,688,2400,true,0,0,0,0,0,0,12,12,19224,0,0,0,0,0,0,0,0,0,0,0,0,0,,0,0,0,0,0,0,0,0,0,0,0,0,0,0,0,0,0,0,,0,0,0,0,0,0,false,
689,690,35472,false,145,50,1.43,0,1.277,0,dynamic_visual_atlas_upload,,,cell_indirection_lut,1.205,2400,2400,0,0,-1,-1,,1991.701174,3.013,4.027,4.027,1,8,3,1.5,false,2,8.666,,,,,,,,,,,,,,,,,,,,,,,,,,,,,,,,,,,,,,,,,,0,0,0,0,false,0,0,,0,0,0,0,0,0,0,,,,,false,{},{},{},{},{},{},{},0,3.01,3.23,0,0,0.015,0,0,0,0,0,0,0,0,0,0,0,0,100,0,6.741667,11.178,0.104,3.496667,0,0,0,9,9,0,321,0,17,2,0,0,1,2400,0.021,0.025,0,ACTIVE,ACTIVE,,4095,4095,0,,true,16,false,0,0,true,1.9542,0.0011,19200,1713,0,,,,,,0,,,0,0,2,688,688,0,767549667455,4.821,0,0.031,0,0,690,689,2400,true,0,0,0,0,0,0,12,12,19224,0,0,0,0,0,0,0,0,0,0,0,0,0,,0,0,0,0,0,0,0,0,0,0,0,0,0,0,0,0,0,0,,0,0,0,0,0,0,false,
690,691,35493,false,145,50,1.66,0,1.474,0,dynamic_visual_atlas_upload,,,cell_indirection_lut,1.205,2400,2400,0,0,-1,-1,,1991.701174,3.013,4.027,4.027,1,8,3,1.5,false,2,8.666,,,,,,,,,,,,,,,,,,,,,,,,,,,,,,,,,,,,,,,,,,0,0,0,0,false,0,0,,0,0,0,0,0,0,0,,,,,false,{},{},{},{},{},{},{},0,3.28,3.467,0,0,0.013,0,0,0,0,0,0,0,0,0,0,0,0,100,0,7.061,11.178,0.104,3.581,0,0,0,9,9,0,321,0,17,2,0,0,1,2400,0.021,0.025,0,ACTIVE,ACTIVE,,4095,4095,0,,true,16,false,0,0,true,3.0215,0.0015,21600,2278,0,,,,,,0,,,0,0,2,689,689,0,767549687826,5.691,0,0.029,0,0,691,690,2400,true,0,0,0,0,0,0,12,12,19224,0,0,0,0,0,0,0,0,0,0,0,0,0,,0,0,0,0,0,0,0,0,0,0,0,0,0,0,0,0,0,0,,0,0,0,0,0,0,false,
691,692,35513,false,145,50,1.405,0,1.268,0,dynamic_visual_atlas_upload,,,cell_indirection_lut,1.205,2400,2400,0,0,-1,-1,,1991.701174,3.013,4.027,4.027,1,8,3,1.5,false,2,8.666,,,,,,,,,,,,,,,,,,,,,,,,,,,,,,,,,,,,,,,,,,0,0,0,0,false,0,0,,0,0,0,0,0,0,0,,,,,false,{},{},{},{},{},{},{},0,2.862,3.011,0,0,0.012,0,0,0,0,0,0,0,0,0,0,0,0,100,0,6.616667,11.178,0.104,3.593667,0,0,0,9,9,0,321,0,17,2,0,0,1,2400,0.021,0.025,0,ACTIVE,ACTIVE,,4095,4095,0,,true,16,false,0,0,true,1.8719,0.0009,19200,1737,0,,,,,,0,,,0,0,2,690,690,0,767549708760,4.532,0,0.035,0,0,692,691,2400,true,0,0,0,0,0,0,12,12,21624,0,0,0,0,0,0,0,0,0,0,0,0,0,,0,0,0,0,0,0,0,0,0,0,0,0,0,0,0,0,0,0,,0,0,0,0,0,0,false,
692,693,35531,false,145,50,1.353,0,1.206,0,dynamic_visual_atlas_upload,,,cell_indirection_lut,1.205,2400,2400,0,0,-1,-1,,1991.701174,3.013,4.027,4.027,1,8,3,1.5,false,2,8.666,,,,,,,,,,,,,,,,,,,,,,,,,,,,,,,,,,,,,,,,,,0,0,0,0,false,0,0,,0,0,0,0,0,0,0,,,,,false,{},{},{},{},{},{},{},0,0,0.168,0,0,0.014,0,0,0,0,0,0,0,0,0,0,0,0,100,0,5.927333,11.178,0.104,5.745333,0,0,0,9,9,0,321,0,17,2,0,0,1,2400,0.021,0.025,0,ACTIVE,ACTIVE,,4095,4095,0,,true,16,false,0,0,true,1.8719,0.0009,19200,1737,0,,,,,,0,,,0,0,2,691,691,0,767549728068,3.056,0,0.03,0,0,693,692,2400,true,0,0,0,0,0,0,12,12,19224,0,0,0,0,0,0,0,0,0,0,0,0,0,,0,0,0,0,0,0,0,0,0,0,0,0,0,0,0,0,0,0,,0,0,0,0,0,0,false,
693,694,35552,false,145,50,1.558,0,1.366,0,dynamic_visual_atlas_upload,,,cell_indirection_lut,1.205,2400,2400,0,0,-1,-1,,1991.701174,3.013,4.027,4.027,1,8,3,1.5,false,2,8.666,,,,,,,,,,,,,,,,,,,,,,,,,,,,,,,,,,,,,,,,,,0,0,0,0,false,0,0,,0,0,0,0,0,0,0,,,,,false,{},{},{},{},{},{},{},0,0,0.155,0,0,0.01,0,0,0,0,0,0,0,0,0,0,0,0,100,0,6.958,11.178,0.104,6.793,0,0,0,9,9,0,321,0,17,2,0,0,1,2400,0.021,0.025,0,ACTIVE,ACTIVE,,4095,4095,0,,true,16,false,0,0,true,1.7864,0.0012,19200,2280,0,,,,,,0,,,0,0,2,692,692,0,767549747910,4.096,0,0.027,0,0,694,693,2400,true,0,0,0,0,0,0,12,12,52824,0,0,0,0,0,0,0,0,0,0,0,0,0,,0,0,0,0,0,0,0,0,0,0,0,0,0,0,0,0,0,0,,0,0,0,0,0,0,false,
694,695,35569,false,145,50,1.42,0,1.265,0,dynamic_visual_atlas_upload,,,cell_indirection_lut,1.205,2400,2400,0,0,-1,-1,,1991.701174,3.013,4.027,4.027,1,8,3,1.5,false,2,8.666,,,,,,,,,,,,,,,,,,,,,,,,,,,,,,,,,,,,,,,,,,0,0,0,0,false,0,0,,0,0,0,0,0,0,0,,,,,false,{},{},{},{},{},{},{},0,2.896,3.057,0,0,0.014,0,0,0,0,0,0,0,0,0,0,0,0,100,0,8.4345,11.178,0.104,5.3635,0,0,0,9,9,0,321,0,17,2,0,0,1,2400,0.021,0.025,0,ACTIVE,ACTIVE,,4095,4095,0,,true,16,false,0,0,true,1.9762,0.0011,19200,2278,0,,,,,,0,,,0,0,2,693,693,0,767549766503,2.345,0,0.032,0,0,695,694,2400,true,0,0,0,0,0,0,12,12,19224,0,0,0,0,0,0,0,0,0,0,0,0,0,,0,0,0,0,0,0,0,0,0,0,0,0,0,0,0,0,0,0,,0,0,0,0,0,0,false,
695,696,35589,false,145,50,1.445,0,1.297,0,dynamic_visual_atlas_upload,,,cell_indirection_lut,1.205,2400,2400,0,0,-1,-1,,1991.701174,3.013,4.027,4.027,1,8,3,1.5,false,2,8.666,,,,,,,,,,,,,,,,,,,,,,,,,,,,,,,,,,,,,,,,,,0,0,0,0,false,0,0,,0,0,0,0,0,0,0,,,,,false,{},{},{},{},{},{},{},0,3.131,3.332,0,0,0.011,0,0,0,0,0,0,0,0,0,0,0,0,100,0,6.924667,11.178,0.104,3.581667,0,0,0,9,9,0,321,0,17,2,0,0,1,2400,0.021,0.025,0,ACTIVE,ACTIVE,,4095,4095,0,,true,16,false,0,0,true,1.9228,0.0011,19200,2280,0,,,,,,0,,,0,0,2,694,694,0,767549785241,4.399,0,0.027,0,0,696,695,2400,true,0,0,0,0,0,0,12,12,19224,0,0,0,0,0,0,0,0,0,0,0,0,0,,0,0,0,0,0,0,0,0,0,0,0,0,0,0,0,0,0,0,,0,0,0,0,0,0,false,
696,697,35610,false,145,50,1.334,0,1.217,0,dynamic_visual_atlas_upload,,,cell_indirection_lut,1.205,2400,2400,0,0,-1,-1,,1991.701174,3.013,4.027,4.027,1,8,3,1.5,false,2,8.666,,,,,,,,,,,,,,,,,,,,,,,,,,,,,,,,,,,,,,,,,,0,0,0,0,false,0,0,,0,0,0,0,0,0,0,,,,,false,{},{},{},{},{},{},{},0,3.497,3.633,0,0,0.011,0,0,0,0,0,0,0,0,0,0,0,0,100,0,6.862667,11.178,0.104,3.218667,0,0,0,9,9,0,321,0,17,2,0,0,1,2400,0.021,0.025,0,ACTIVE,ACTIVE,,4095,4095,0,,true,16,false,0,0,true,2.5331,0.0011,21600,2280,0,,,,,,0,,,0,0,2,695,695,0,767549804236,5.928,0,0.029,0,0,697,696,2400,true,0,0,0,0,0,0,12,12,19224,0,0,0,0,0,0,0,0,0,0,0,0,0,,0,0,0,0,0,0,0,0,0,0,0,0,0,0,0,0,0,0,,0,0,0,0,0,0,false,
697,698,35631,false,145,50,1.43,0,1.26,0,dynamic_visual_atlas_upload,,,cell_indirection_lut,1.205,2400,2400,0,0,-1,-1,,1991.701174,3.013,4.027,4.027,1,8,3,1.5,false,2,8.666,,,,,,,,,,,,,,,,,,,,,,,,,,,,,,,,,,,,,,,,,,0,0,0,0,false,0,0,,0,0,0,0,0,0,0,,,,,false,{},{},{},{},{},{},{},0,3.4,3.597,0,0,0.016,0,0,0,0,0,0,0,0,0,0,0,0,100,0,7.080667,11.178,0.104,3.467667,0,0,0,9,9,0,321,0,17,2,0,0,1,2400,0.021,0.025,0,ACTIVE,ACTIVE,,4095,4095,0,,true,16,false,0,0,true,2.0059,0.0013,19200,1442,0,,,,,,0,,,0,0,2,696,696,0,767549826164,5.325,0,0.025,0,0,698,697,2400,true,0,0,0,0,0,0,12,12,21624,0,0,0,0,0,0,0,0,0,0,0,0,0,,0,0,0,0,0,0,0,0,0,0,0,0,0,0,0,0,0,0,,0,0,0,0,0,0,false,
698,699,35652,false,145,50,1.705,0,1.481,0,dynamic_visual_atlas_upload,,,cell_indirection_lut,1.205,2400,2400,0,0,-1,-1,,1991.701174,3.013,4.027,4.027,1,8,3,1.5,false,2,8.666,,,,,,,,,,,,,,,,,,,,,,,,,,,,,,,,,,,,,,,,,,0,0,0,0,false,0,0,,0,0,0,0,0,0,0,,,,,false,{},{},{},{},{},{},{},0,3.709,3.899,0,0,0.02,0,0,0,0,0,0,0,0,0,0,0,0,100,0,7.014,11.178,0.104,3.095,0,0,0,9,9,0,321,0,17,2,0,0,1,2400,0.021,0.025,0,ACTIVE,ACTIVE,,4095,4095,0,,true,16,false,0,0,true,2.3635,0.0018,19200,2280,0,,,,,,0,,,0,0,2,697,697,0,767549846092,6.397,0,0.028,0,0,699,698,2400,true,0,0,0,0,0,0,12,12,19224,0,0,0,0,0,0,0,0,0,0,0,0,0,,0,0,0,0,0,0,0,0,0,0,0,0,0,0,0,0,0,0,,0,0,0,0,0,0,false,
699,700,35672,false,145,50,1.362,0,1.222,0,dynamic_visual_atlas_upload,,,cell_indirection_lut,1.205,2400,2400,0,0,-1,-1,,1991.701174,3.013,4.027,4.027,1,8,3,1.5,false,2,8.666,,,,,,,,,,,,,,,,,,,,,,,,,,,,,,,,,,,,,,,,,,0,0,0,0,false,0,0,,0,0,0,0,0,0,0,,,,,false,{},{},{},{},{},{},{},0,2.92,3.064,0,0,0.012,0,0,0,0,0,0,0,0,0,0,0,0,100,0,6.535,11.178,0.104,3.459,0,0,0,9,9,0,321,0,17,2,0,0,1,2400,0.021,0.025,0,ACTIVE,ACTIVE,,4095,4095,0,,true,16,false,0,0,true,1.8172,0.001,19200,1442,0,,,,,,0,,,0,0,2,698,698,0,767549867713,4.379,0,0.034,0,0,700,699,2400,true,0,0,0,0,0,0,12,12,19224,0,0,0,0,0,0,0,0,0,0,0,0,0,,0,0,0,0,0,0,0,0,0,0,0,0,0,0,0,0,0,0,,0,0,0,0,0,0,false,
700,701,35694,false,145,50,1.367,0,1.241,0,dynamic_visual_atlas_upload,,,cell_indirection_lut,1.205,2400,2400,0,0,-1,-1,,1991.701174,3.013,4.027,4.027,1,8,3,1.5,false,2,8.666,,,,,,,,,,,,,,,,,,,,,,,,,,,,,,,,,,,,,,,,,,0,0,0,0,false,0,0,,0,0,0,0,0,0,0,,,,,false,{},{},{},{},{},{},{},0,4.136,4.308,0,0,0.017,0,0,0,0,0,0,0,0,0,0,0,0,100,0,7.262,11.178,0.104,2.937,0,0,0,9,9,0,321,0,17,2,0,0,1,2400,0.021,0.025,0,ACTIVE,ACTIVE,,4095,4095,0,,true,16,false,0,0,true,2.6046,0.001,52800,2280,0,,,,,,0,,,0,0,2,699,699,0,767549887430,6.429,0,0.027,0,0,701,700,2400,true,0,0,0,0,0,0,12,12,19224,0,0,0,0,0,0,0,0,0,0,0,0,0,,0,0,0,0,0,0,0,0,0,0,0,0,0,0,0,0,0,0,,0,0,0,0,0,0,false,
701,702,35714,false,145,50,1.504,0,1.339,0,dynamic_visual_atlas_upload,,,cell_indirection_lut,1.205,2400,2400,0,0,-1,-1,,1991.701174,3.013,4.027,4.027,1,8,3,1.5,false,2,8.666,,,,,,,,,,,,,,,,,,,,,,,,,,,,,,,,,,,,,,,,,,0,0,0,0,false,0,0,,0,0,0,0,0,0,0,,,,,false,{},{},{},{},{},{},{},0,3.346,3.518,0,0,0.013,0,0,0,0,0,0,0,0,0,0,0,0,100,0,6.768667,11.178,0.104,3.237667,0,0,0,9,9,0,321,0,17,2,0,0,1,2400,0.021,0.025,0,ACTIVE,ACTIVE,,4095,4095,0,,true,16,false,0,0,true,1.9137,0.0009,19200,1607,0,,,,,,0,,,0,0,2,700,700,0,767549910914,3.283,0,0.028,0,0,702,701,2400,true,0,0,0,0,0,0,12,12,52824,0,0,0,0,0,0,0,0,0,0,0,0,0,,0,0,0,0,0,0,0,0,0,0,0,0,0,0,0,0,0,0,,0,0,0,0,0,0,false,
702,703,35731,false,145,50,1.365,0,1.234,0,dynamic_visual_atlas_upload,,,cell_indirection_lut,1.205,2400,2400,0,0,-1,-1,,1991.701174,3.013,4.027,4.027,1,8,3,1.5,false,2,8.666,,,,,,,,,,,,,,,,,,,,,,,,,,,,,,,,,,,,,,,,,,0,0,0,0,false,0,0,,0,0,0,0,0,0,0,,,,,false,{},{},{},{},{},{},{},0,0,0.219,0,0,0.014,0,0,0,0,0,0,0,0,0,0,0,0,100,0,5.741667,11.178,0.104,5.508667,0,0,0,9,9,0,321,0,17,2,0,0,1,2400,0.021,0.025,0,ACTIVE,ACTIVE,,4095,4095,0,,true,16,false,0,0,true,2.3366,0.001,21600,2280,0,,,,,,0,,,0,0,2,701,701,0,767549928771,2.604,0,0.028,0,0,703,702,2400,true,0,0,0,0,0,0,12,12,19224,0,0,0,0,0,0,0,0,0,0,0,0,0,,0,0,0,0,0,0,0,0,0,0,0,0,0,0,0,0,0,0,,0,0,0,0,0,0,false,
703,704,35749,false,145,50,1.492,0,1.328,0,dynamic_visual_atlas_upload,,,cell_indirection_lut,1.205,2400,2400,0,0,-1,-1,,1991.701174,3.013,4.027,4.027,1,8,3,1.5,false,2,8.666,,,,,,,,,,,,,,,,,,,,,,,,,,,,,,,,,,,,,,,,,,0,0,0,0,false,0,0,,0,0,0,0,0,0,0,,,,,false,{},{},{},{},{},{},{},0,3.789,4.05,0,0,0.018,0,0,0,0,0,0,0,0,0,0,0,0,100,0,8.9255,11.178,0.104,4.8575,0,0,0,9,9,0,321,0,17,2,0,0,1,2400,0.021,0.025,0,ACTIVE,ACTIVE,,4095,4095,0,,true,16,false,0,0,true,1.8334,0.0009,19200,2280,0,,,,,,0,,,0,0,2,702,702,0,767549946910,2.353,0,0.027,0,0,704,703,2400,true,0,0,0,0,0,0,12,12,21624,0,0,0,0,0,0,0,0,0,0,0,0,0,,0,0,0,0,0,0,0,0,0,0,0,0,0,0,0,0,0,0,,0,0,0,0,0,0,false,
704,705,35768,false,145,50,1.331,0,1.203,0,dynamic_visual_atlas_upload,,,cell_indirection_lut,1.205,2400,2400,0,0,-1,-1,,1991.701174,3.013,4.027,4.027,1,8,3,1.5,false,2,8.666,,,,,,,,,,,,,,,,,,,,,,,,,,,,,,,,,,,,,,,,,,0,0,0,0,false,0,0,,0,0,0,0,0,0,0,,,,,false,{},{},{},{},{},{},{},0.001,2.792,2.925,0,0,0.009,0,0,0,0,0,0,0,0,0,0,0,0,100,0,6.368,11.178,0.104,3.434,0,0,0,9,9,0,321,0,17,2,0,0,1,2400,0.021,0.025,0,ACTIVE,ACTIVE,,4095,4095,0,,true,16,false,0,0,true,1.7951,0.0009,19200,2280,0,,,,,,0,,,0,0,2,703,703,0,767549964488,3.836,0,0.028,0,0,705,704,2400,true,0,0,0,0,0,0,12,12,19224,0,0,0,0,0,0,0,0,0,0,0,0,0,,0,0,0,0,0,0,0,0,0,0,0,0,0,0,0,0,0,0,,0,0,0,0,0,0,false,
705,706,35789,false,145,50,1.373,0,1.248,0,dynamic_visual_atlas_upload,,,cell_indirection_lut,1.205,2400,2400,0,0,-1,-1,,1991.701174,3.013,4.027,4.027,1,8,3,1.5,false,2,8.666,,,,,,,,,,,,,,,,,,,,,,,,,,,,,,,,,,,,,,,,,,0,0,0,0,false,0,0,,0,0,0,0,0,0,0,,,,,false,{},{},{},{},{},{},{},0,3.56,3.726,0,0,0.012,0,0,0,0,0,0,0,0,0,0,0,0,100,0,7.122333,11.178,0.104,3.384333,0,0,0,9,9,0,321,0,17,2,0,0,1,2400,0.021,0.025,0,ACTIVE,ACTIVE,,4095,4095,0,,true,16,false,0,0,true,1.8949,0.0011,19200,2280,0,,,,,,0,,,0,0,2,704,704,0,767549983401,6.333,0,0.026,0,0,706,705,2400,true,0,0,0,0,0,0,12,12,19224,0,0,0,0,0,0,0,0,0,0,0,0,0,,0,0,0,0,0,0,0,0,0,0,0,0,0,0,0,0,0,0,,0,0,0,0,0,0,false,
706,707,35810,false,145,50,1.385,0,1.251,0,dynamic_visual_atlas_upload,,,cell_indirection_lut,1.205,2400,2400,0,0,-1,-1,,1991.701174,3.013,4.027,4.027,1,8,3,1.5,false,2,8.666,,,,,,,,,,,,,,,,,,,,,,,,,,,,,,,,,,,,,,,,,,0,0,0,0,false,0,0,,0,0,0,0,0,0,0,,,,,false,{},{},{},{},{},{},{},0,3.575,3.756,0,0,0.016,0,0,0,0,0,0,0,0,0,0,0,0,100,0,6.959667,11.178,0.104,3.187667,0,0,0,9,9,0,321,0,17,2,0,0,1,2400,0.021,0.025,0,ACTIVE,ACTIVE,,4095,4095,0,,true,16,false,0,0,true,1.8825,0.0009,19200,2280,0,,,,,,0,,,0,0,2,705,705,0,767550004508,6.082,0,0.03,0,0,707,706,2400,true,0,0,0,0,0,0,12,12,19224,0,0,0,0,0,0,0,0,0,0,0,0,0,,0,0,0,0,0,0,0,0,0,0,0,0,0,0,0,0,0,0,,0,0,0,0,0,0,false,
707,708,35830,false,145,50,1.38,0,1.248,0,dynamic_visual_atlas_upload,,,cell_indirection_lut,1.205,2400,2400,0,0,-1,-1,,1991.701174,3.013,4.027,4.027,1,8,3,1.5,false,2,8.666,,,,,,,,,,,,,,,,,,,,,,,,,,,,,,,,,,,,,,,,,,0,0,0,0,false,0,0,,0,0,0,0,0,0,0,,,,,false,{},{},{},{},{},{},{},0,2.879,3.026,0,0,0.011,0,0,0,0,0,0,0,0,0,0,0,0,100,0,6.679,11.178,0.104,3.642,0,0,0,9,9,0,321,0,17,2,0,0,1,2400,0.021,0.025,0,ACTIVE,ACTIVE,,4095,4095,0,,true,16,false,0,0,true,1.798,0.001,19200,1441,0,,,,,,0,,,0,0,2,706,706,0,767550025967,4.677,0,0.029,0,0,708,707,2400,true,0,0,0,0,0,0,12,12,19224,0,0,0,0,0,0,0,0,0,0,0,0,0,,0,0,0,0,0,0,0,0,0,0,0,0,0,0,0,0,0,0,,0,0,0,0,0,0,false,
708,709,35852,false,145,50,1.444,0,1.291,0,dynamic_visual_atlas_upload,,,cell_indirection_lut,1.205,2400,2400,0,0,-1,-1,,1991.701174,3.013,4.027,4.027,1,8,3,1.5,false,2,8.666,,,,,,,,,,,,,,,,,,,,,,,,,,,,,,,,,,,,,,,,,,0,0,0,0,false,0,0,,0,0,0,0,0,0,0,,,,,false,{},{},{},{},{},{},{},0,3.615,3.786,0,0,0.017,0,0,0,0,0,0,0,0,0,0,0,0,100,0,7.238333,11.178,0.104,3.435333,0,0,0,9,9,0,321,0,17,2,0,0,1,2400,0.021,0.025,0,ACTIVE,ACTIVE,,4095,4095,0,,true,16,false,0,0,true,1.798,0.001,19200,1441,0,,,,,,0,,,0,0,2,707,707,0,767550046494,5.921,0,0.027,0,0,709,708,2400,true,0,0,0,0,0,0,12,12,19224,0,0,0,0,0,0,0,0,0,0,0,0,0,,0,0,0,0,0,0,0,0,0,0,0,0,0,0,0,0,0,0,,0,0,0,0,0,0,false,
709,710,35873,false,145,50,1.525,0,1.371,0,dynamic_visual_atlas_upload,,,cell_indirection_lut,1.205,2400,2400,0,0,-1,-1,,1991.701174,3.013,4.027,4.027,1,8,3,1.5,false,2,8.666,,,,,,,,,,,,,,,,,,,,,,,,,,,,,,,,,,,,,,,,,,0,0,0,0,false,0,0,,0,0,0,0,0,0,0,,,,,false,{},{},{},{},{},{},{},0,3.315,3.492,0,0,0.017,0,0,0,0,0,0,0,0,0,0,0,0,100,0,6.861333,11.178,0.104,3.352333,0,0,0,9,9,0,321,0,17,2,0,0,1,2400,0.021,0.025,0,ACTIVE,ACTIVE,,4095,4095,0,,true,16,false,0,0,true,1.8169,0.001,19200,1626,0,,,,,,0,,,0,0,2,708,708,0,767550068663,4.309,0,0.028,0,0,710,709,2400,true,0,0,0,0,0,0,12,12,55224,0,0,0,0,0,0,0,0,0,0,0,0,0,,0,0,0,0,0,0,0,0,0,0,0,0,0,0,0,0,0,0,,0,0,0,0,0,0,false,
710,711,35893,false,145,50,1.347,0,1.226,0,dynamic_visual_atlas_upload,,,cell_indirection_lut,1.205,2400,2400,0,0,-1,-1,,1991.701174,3.013,4.027,4.027,1,8,3,1.5,false,2,8.666,,,,,,,,,,,,,,,,,,,,,,,,,,,,,,,,,,,,,,,,,,0,0,0,0,false,0,0,,0,0,0,0,0,0,0,,,,,false,{},{},{},{},{},{},{},0,3.557,3.7,0,0,0.012,0,0,0,0,0,0,0,0,0,0,0,0,100,0,6.733333,11.178,0.104,3.021333,0,0,0,9,9,0,321,0,17,2,0,0,1,2400,0.021,0.025,0,ACTIVE,ACTIVE,,4095,4095,0,,true,16,false,0,0,true,1.8251,0.001,19200,2280,0,,,,,,0,,,0,0,2,709,709,0,767550087499,5.614,0,0.03,0,0,711,710,2400,true,0,0,0,0,0,0,12,12,19224,0,0,0,0,0,0,0,0,0,0,0,0,0,,0,0,0,0,0,0,0,0,0,0,0,0,0,0,0,0,0,0,,0,0,0,0,0,0,false,
711,712,35914,false,145,50,1.369,0,1.248,0,dynamic_visual_atlas_upload,,,cell_indirection_lut,1.205,2400,2400,0,0,-1,-1,,1991.701174,3.013,4.027,4.027,1,8,3,1.5,false,2,8.666,,,,,,,,,,,,,,,,,,,,,,,,,,,,,,,,,,,,,,,,,,0,0,0,0,false,0,0,,0,0,0,0,0,0,0,,,,,false,{},{},{},{},{},{},{},0,3.456,3.606,0,0,0.012,0,0,0,0,0,0,0,0,0,0,0,0,100,0,6.897667,11.178,0.104,3.279667,0,0,0,9,9,0,321,0,17,2,0,0,1,2400,0.021,0.025,0,ACTIVE,ACTIVE,,4095,4095,0,,true,16,false,0,0,true,1.8167,0.0009,19200,2280,0,,,,,,0,,,0,0,2,710,710,0,767550108255,5.58,0,0.028,0,0,712,711,2400,true,0,0,0,0,0,0,12,12,19224,0,0,0,0,0,0,0,0,0,0,0,0,0,,0,0,0,0,0,0,0,0,0,0,0,0,0,0,0,0,0,0,,0,0,0,0,0,0,false,
712,713,35931,false,145,50,1.471,0,1.304,0,dynamic_visual_atlas_upload,,,cell_indirection_lut,1.205,2400,2400,0,0,-1,-1,,1991.701174,3.013,4.027,4.027,1,8,3,1.5,false,2,8.666,,,,,,,,,,,,,,,,,,,,,,,,,,,,,,,,,,,,,,,,,,0,0,0,0,false,0,0,,0,0,0,0,0,0,0,,,,,false,{},{},{},{},{},{},{},0,0,0.209,0,0,0.014,0,0,0,0,0,0,0,0,0,0,0,0,100,0,5.917667,11.178,0.104,5.694667,0,0,0,9,9,0,321,0,17,2,0,0,1,2400,0.021,0.025,0,ACTIVE,ACTIVE,,4095,4095,0,,true,16,false,0,0,true,2.1542,0.0011,19200,2246,0,,,,,,0,,,0,0,2,711,711,0,767550128526,3.033,0,0.03,0,0,713,712,2400,true,0,0,0,0,0,0,12,12,19224,0,0,0,0,0,0,0,0,0,0,0,0,0,,0,0,0,0,0,0,0,0,0,0,0,0,0,0,0,0,0,0,,0,0,0,0,0,0,false,
713,714,35952,false,145,50,1.426,0,1.27,0,dynamic_visual_atlas_upload,,,cell_indirection_lut,1.205,2400,2400,0,0,-1,-1,,1991.701174,3.013,4.027,4.027,1,8,3,1.5,false,2,8.666,,,,,,,,,,,,,,,,,,,,,,,,,,,,,,,,,,,,,,,,,,0,0,0,0,false,0,0,,0,0,0,0,0,0,0,,,,,false,{},{},{},{},{},{},{},0,0,0.19,0,0,0.014,0,0,0,0,0,0,0,0,0,0,0,0,100,0,6.867667,11.178,0.104,6.663667,0,0,0,9,9,0,321,0,17,2,0,0,1,2400,0.021,0.025,0,ACTIVE,ACTIVE,,4095,4095,0,,true,16,false,0,0,true,1.827,0.0009,19200,2280,0,,,,,,0,,,0,0,2,712,712,0,767550146551,5.626,0,0.031,0,0,714,713,2400,true,0,0,0,0,0,0,12,12,19224,0,0,0,0,0,0,0,0,0,0,0,0,0,,0,0,0,0,0,0,0,0,0,0,0,0,0,0,0,0,0,0,,0,0,0,0,0,0,false,
714,715,35973,false,145,50,1.64,0,1.434,0,dynamic_visual_atlas_upload,,,cell_indirection_lut,1.205,2400,2400,0,0,-1,-1,,1991.701174,3.013,4.027,4.027,1,8,3,1.5,false,2,8.666,,,,,,,,,,,,,,,,,,,,,,,,,,,,,,,,,,,,,,,,,,0,0,0,0,false,0,0,,0,0,0,0,0,0,0,,,,,false,{},{},{},{},{},{},{},0,6.422,6.593,0,0,0.014,0,0,0,0,0,0,0,0,0,0,0,0,100,0,10.3515,11.178,0.104,3.7445,0,0,0,9,9,0,321,0,17,2,0,0,1,2400,0.021,0.025,0,ACTIVE,ACTIVE,,4095,4095,0,,true,16,false,0,0,true,2.4136,0.0011,21600,2280,0,,,,,,0,,,0,0,2,713,713,0,767550164996,7.913,0,0.027,0,0,715,714,2400,true,0,0,0,0,0,0,12,12,19224,0,0,0,0,0,0,0,0,0,0,0,0,0,,0,0,0,0,0,0,0,0,0,0,0,0,0,0,0,0,0,0,,0,0,0,0,0,0,false,
715,716,35990,false,145,50,1.515,0,1.32,0,dynamic_visual_atlas_upload,,,cell_indirection_lut,1.205,2400,2400,0,0,-1,-1,,1991.701174,3.013,4.027,4.027,1,8,3,1.5,false,2,8.666,,,,,,,,,,,,,,,,,,,,,,,,,,,,,,,,,,,,,,,,,,0,0,0,0,false,0,0,,0,0,0,0,0,0,0,,,,,false,{},{},{},{},{},{},{},0.001,3.506,3.682,0,0,0.011,0,0,0,0,0,0,0,0,0,0,0,0,100,0,5.806667,11.178,0.104,2.113667,0,0,0,9,9,0,321,0,17,2,0,0,1,2400,0.021,0.025,0,ACTIVE,ACTIVE,,4095,4095,0,,true,16,false,0,0,true,2.0385,0.0017,19200,2280,0,,,,,,0,,,0,0,2,714,714,0,767550185085,5.305,0,0.03,0,0,716,715,2400,true,0,0,0,0,0,0,12,12,21624,0,0,0,0,0,0,0,0,0,0,0,0,0,,0,0,0,0,0,0,0,0,0,0,0,0,0,0,0,0,0,0,,0,0,0,0,0,0,false,
716,717,36011,false,145,50,1.497,0,1.309,0,dynamic_visual_atlas_upload,,,cell_indirection_lut,1.205,2400,2400,0,0,-1,-1,,1991.701174,3.013,4.027,4.027,1,8,3,1.5,false,2,8.666,,,,,,,,,,,,,,,,,,,,,,,,,,,,,,,,,,,,,,,,,,0,0,0,0,false,0,0,,0,0,0,0,0,0,0,,,,,false,{},{},{},{},{},{},{},0,3.695,3.883,0,0,0.018,0,0,0,0,0,0,0,0,0,0,0,0,100,0,6.973,11.178,0.104,3.072,0,0,0,9,9,0,321,0,17,2,0,0,1,2400,0.021,0.025,0,ACTIVE,ACTIVE,,4095,4095,0,,true,16,false,0,0,true,2.6891,0.0014,52800,2280,0,,,,,,0,,,0,0,2,715,715,0,767550205408,5.84,0,0.031,0,0,717,716,2400,true,0,0,0,0,0,0,12,12,19224,0,0,0,0,0,0,0,0,0,0,0,0,0,,0,0,0,0,0,0,0,0,0,0,0,0,0,0,0,0,0,0,,0,0,0,0,0,0,false,
717,718,36031,false,145,50,1.448,0,1.261,0,dynamic_visual_atlas_upload,,,cell_indirection_lut,1.205,2400,2400,0,0,-1,-1,,1991.701174,3.013,4.027,4.027,1,8,3,1.5,false,2,8.666,,,,,,,,,,,,,,,,,,,,,,,,,,,,,,,,,,,,,,,,,,0,0,0,0,false,0,0,,0,0,0,0,0,0,0,,,,,false,{},{},{},{},{},{},{},0,3.491,3.678,0,0,0.02,0,0,0,0,0,0,0,0,0,0,0,0,100,0,6.832,12.305,0.129,3.134,0,0,0,9,9,0,321,0,17,2,0,0,1,2400,0.021,0.025,0,ACTIVE,ACTIVE,,4095,4095,0,,true,16,false,0,0,true,2.2748,0.0012,19200,2280,0,,,,,,0,,,0,0,2,716,716,0,767550227595,4.205,0,0.028,0,0,718,717,2400,true,0,0,0,0,0,0,12,12,52824,0,0,0,0,0,0,0,0,0,0,0,0,0,,0,0,0,0,0,0,0,0,0,0,0,0,0,0,0,0,0,0,,0,0,0,0,0,0,false,
718,719,36052,false,145,50,1.417,0,1.264,0,dynamic_visual_atlas_upload,,,cell_indirection_lut,1.205,2400,2400,0,0,-1,-1,,1991.701174,3.013,4.027,4.027,1,8,3,1.5,false,2,8.666,,,,,,,,,,,,,,,,,,,,,,,,,,,,,,,,,,,,,,,,,,0,0,0,0,false,0,0,,0,0,0,0,0,0,0,,,,,false,{},{},{},{},{},{},{},0,3.118,3.275,0,0,0.01,0,0,0,0,0,0,0,0,0,0,0,0,100,0,6.693,12.305,0.129,3.408,0,0,0,9,9,0,321,0,17,2,0,0,1,2400,0.021,0.025,0,ACTIVE,ACTIVE,,4095,4095,0,,true,16,false,0,0,true,1.8726,0.001,19200,2280,0,,,,,,0,,,0,0,2,717,717,0,767550246506,5.278,0,0.03,0,0,719,718,2400,true,0,0,0,0,0,0,12,12,19224,0,0,0,0,0,0,0,0,0,0,0,0,0,,0,0,0,0,0,0,0,0,0,0,0,0,0,0,0,0,0,0,,0,0,0,0,0,0,false,
719,720,36073,false,145,50,1.435,0,1.297,0,dynamic_visual_atlas_upload,,,cell_indirection_lut,1.205,2400,2400,0,0,-1,-1,,1991.701174,3.013,4.027,4.027,1,8,3,1.5,false,2,8.666,,,,,,,,,,,,,,,,,,,,,,,,,,,,,,,,,,,,,,,,,,0,0,0,0,false,0,0,,0,0,0,0,0,0,0,,,,,false,{},{},{},{},{},{},{},0,3.824,3.987,0,0,0.014,0,0,0,0,0,0,0,0,0,0,0,0,100,0,7.088333,12.305,0.129,3.087333,0,0,0,9,9,0,321,0,17,2,0,0,1,2400,0.021,0.025,0,ACTIVE,ACTIVE,,4095,4095,0,,true,16,false,0,0,true,1.8419,0.001,19200,2280,0,,,,,,0,,,0,0,2,718,718,0,767550266683,6.469,0,0.028,0,0,720,719,2400,true,0,0,0,0,0,0,12,12,19224,0,0,0,0,0,0,0,0,0,0,0,0,0,,0,0,0,0,0,0,0,0,0,0,0,0,0,0,0,0,0,0,,0,0,0,0,0,0,false,
720,721,36093,false,145,50,1.513,0,1.251,0,dynamic_visual_atlas_upload,,,cell_indirection_lut,1.205,2400,2400,0,0,-1,-1,,1991.701174,3.013,4.027,4.027,1,8,3,1.5,false,2,8.666,,,,,,,,,,,,,,,,,,,,,,,,,,,,,,,,,,,,,,,,,,0,0,0,0,false,0,0,,0,0,0,0,0,0,0,,,,,false,{},{},{},{},{},{},{},0,2.927,3.08,0,0,0.013,0,0,0,0,0,0,0,0,0,0,0,0,100,0,6.688,12.305,0.129,3.595,0,0,0,9,9,0,321,0,17,2,0,0,1,2400,0.021,0.025,0,ACTIVE,ACTIVE,,4095,4095,0,,true,16,false,0,0,true,2.6911,0.0011,21600,1416,0,,,,,,0,,,0,0,2,719,719,0,767550288105,5.043,0,0.028,0,0,721,720,2400,true,0,0,0,0,0,0,12,12,19224,0,0,0,0,0,0,0,0,0,0,0,0,0,,0,0,0,0,0,0,0,0,0,0,0,0,0,0,0,0,0,0,,0,0,0,0,0,0,false,
721,722,36114,false,145,50,1.398,0,1.267,0,dynamic_visual_atlas_upload,,,cell_indirection_lut,1.205,2400,2400,0,0,-1,-1,,1991.701174,3.013,4.027,4.027,1,8,3,1.5,false,2,8.666,,,,,,,,,,,,,,,,,,,,,,,,,,,,,,,,,,,,,,,,,,0,0,0,0,false,0,0,,0,0,0,0,0,0,0,,,,,false,{},{},{},{},{},{},{},0,3.492,3.645,0,0,0.012,0,0,0,0,0,0,0,0,0,0,0,0,100,0,6.948333,12.305,0.129,3.291333,0,0,0,9,9,0,321,0,17,2,0,0,1,2400,0.021,0.025,0,ACTIVE,ACTIVE,,4095,4095,0,,true,16,false,0,0,true,1.8131,0.001,19200,2280,0,,,,,,0,,,0,0,2,720,720,0,767550308492,5.457,0,0.029,0,0,722,721,2400,true,0,0,0,0,0,0,12,12,21624,0,0,0,0,0,0,0,0,0,0,0,0,0,,0,0,0,0,0,0,0,0,0,0,0,0,0,0,0,0,0,0,,0,0,0,0,0,0,false,
722,723,36131,false,145,50,1.379,0,1.244,0,dynamic_visual_atlas_upload,,,cell_indirection_lut,1.205,2400,2400,0,0,-1,-1,,1991.701174,3.013,4.027,4.027,1,8,3,1.5,false,2,8.666,,,,,,,,,,,,,,,,,,,,,,,,,,,,,,,,,,,,,,,,,,0,0,0,0,false,0,0,,0,0,0,0,0,0,0,,,,,false,{},{},{},{},{},{},{},0,0,0.195,0,0,0.014,0,0,0,0,0,0,0,0,0,0,0,0,100,0,5.849667,12.305,0.129,5.640667,0,0,0,9,9,0,321,0,17,2,0,0,1,2400,0.021,0.025,0,ACTIVE,ACTIVE,,4095,4095,0,,true,16,false,0,0,true,1.9533,0.0011,24000,2266,0,,,,,,0,,,0,0,2,721,721,0,767550329312,2.185,0,0.027,0,0,723,722,2400,true,0,0,0,0,0,0,12,12,19224,0,0,0,0,0,0,0,0,0,0,0,0,0,,0,0,0,0,0,0,0,0,0,0,0,0,0,0,0,0,0,0,,0,0,0,0,0,0,false,
723,724,36152,false,145,50,1.402,0,1.253,0,dynamic_visual_atlas_upload,,,cell_indirection_lut,1.205,2400,2400,0,0,-1,-1,,1991.701174,3.013,4.027,4.027,1,8,3,1.5,false,2,8.666,,,,,,,,,,,,,,,,,,,,,,,,,,,,,,,,,,,,,,,,,,0,0,0,0,false,0,0,,0,0,0,0,0,0,0,,,,,false,{},{},{},{},{},{},{},0,0,0.19,0,0,0.014,0,0,0,0,0,0,0,0,0,0,0,0,100,0,6.981333,12.305,0.129,6.777333,0,0,0,9,9,0,321,0,17,2,0,0,1,2400,0.021,0.025,0,ACTIVE,ACTIVE,,4095,4095,0,,true,16,false,0,0,true,1.9476,0.0011,19200,2280,0,,,,,,0,,,0,0,2,722,722,0,767550346959,5.494,0,0.027,0,0,724,723,2400,true,0,0,0,0,0,0,12,12,24024,0,0,0,0,0,0,0,0,0,0,0,0,0,,0,0,0,0,0,0,0,0,0,0,0,0,0,0,0,0,0,0,,0,0,0,0,0,0,false,
724,725,36169,false,145,50,1.359,0,1.238,0,dynamic_visual_atlas_upload,,,cell_indirection_lut,1.205,2400,2400,0,0,-1,-1,,1991.701174,3.013,4.027,4.027,1,8,3,1.5,false,2,8.666,,,,,,,,,,,,,,,,,,,,,,,,,,,,,,,,,,,,,,,,,,0,0,0,0,false,0,0,,0,0,0,0,0,0,0,,,,,false,{},{},{},{},{},{},{},0,3.398,3.536,0,0,0.013,0,0,0,0,0,0,0,0,0,0,0,0,100,0,8.4955,12.305,0.129,4.9465,0,0,0,9,9,0,321,0,17,2,0,0,1,2400,0.021,0.025,0,ACTIVE,ACTIVE,,4095,4095,0,,true,16,false,0,0,true,2.7121,0.0009,55200,2280,0,,,,,,0,,,0,0,2,723,723,0,767550364581,4.882,0,0.027,0,0,725,724,2400,true,0,0,0,0,0,0,12,12,19224,0,0,0,0,0,0,0,0,0,0,0,0,0,,0,0,0,0,0,0,0,0,0,0,0,0,0,0,0,0,0,0,,0,0,0,0,0,0,false,
725,726,36190,false,145,50,1.468,0,1.319,0,dynamic_visual_atlas_upload,,,cell_indirection_lut,1.205,2400,2400,0,0,-1,-1,,1991.701174,3.013,4.027,4.027,1,8,3,1.5,false,2,8.666,,,,,,,,,,,,,,,,,,,,,,,,,,,,,,,,,,,,,,,,,,0,0,0,0,false,0,0,,0,0,0,0,0,0,0,,,,,false,{},{},{},{},{},{},{},0,3.24,3.42,0,0,0.012,0,0,0,0,0,0,0,0,0,0,0,0,100,0,6.867667,12.305,0.129,3.435667,0,0,0,9,9,0,321,0,17,2,0,0,1,2400,0.021,0.025,0,ACTIVE,ACTIVE,,4095,4095,0,,true,16,false,0,0,true,1.8885,0.0009,19200,2280,0,,,,,,0,,,0,0,2,724,724,0,767550385670,4.381,0,0.029,0,0,726,725,2400,true,0,0,0,0,0,0,12,12,55224,0,0,0,0,0,0,0,0,0,0,0,0,0,,0,0,0,0,0,0,0,0,0,0,0,0,0,0,0,0,0,0,,0,0,0,0,0,0,false,
726,727,36211,false,145,50,2.238,0,2.03,0,dynamic_visual_atlas_upload,,,cell_indirection_lut,1.205,2400,2400,0,0,-1,-1,,1991.701174,3.013,4.027,4.027,1,8,3,1.5,false,2,8.666,,,,,,,,,,,,,,,,,,,,,,,,,,,,,,,,,,,,,,,,,,0,0,0,0,false,0,0,,0,0,0,0,0,0,0,,,,,false,{},{},{},{},{},{},{},0,2.903,3.056,0,0,0.013,0,0,0,0,0,0,0,0,0,0,0,0,100,0,7.008667,12.305,0.129,3.939667,0,0,0,9,9,0,321,0,17,2,0,0,1,2400,0.021,0.025,0,ACTIVE,ACTIVE,,4095,4095,0,,true,16,false,0,0,true,2.8962,0.0014,21600,2280,0,,,,,,0,,,0,0,2,725,725,0,767550405913,5.297,0,0.027,0,0,727,726,2400,true,0,0,0,0,0,0,12,12,19224,0,0,0,0,0,0,0,0,0,0,0,0,0,,0,0,0,0,0,0,0,0,0,0,0,0,0,0,0,0,0,0,,0,0,0,0,0,0,false,
727,728,36231,false,145,50,1.518,0,1.305,0,dynamic_visual_atlas_upload,,,cell_indirection_lut,1.205,2400,2400,0,0,-1,-1,,1991.701174,3.013,4.027,4.027,1,8,3,1.5,false,2,8.666,,,,,,,,,,,,,,,,,,,,,,,,,,,,,,,,,,,,,,,,,,0,0,0,0,false,0,0,,0,0,0,0,0,0,0,,,,,false,{},{},{},{},{},{},{},0,3.025,3.19,0,0,0.014,0,0,0,0,0,0,0,0,0,0,0,0,100,0,6.731,12.305,0.129,3.527,0,0,0,9,9,0,321,0,17,2,0,0,1,2400,0.021,0.025,0,ACTIVE,ACTIVE,,4095,4095,0,,true,16,false,0,0,true,1.8639,0.0011,19200,2280,0,,,,,,0,,,0,0,2,726,726,0,767550426260,5.061,0,0.029,0,0,728,727,2400,true,0,0,0,0,0,0,12,12,21624,0,0,0,0,0,0,0,0,0,0,0,0,0,,0,0,0,0,0,0,0,0,0,0,0,0,0,0,0,0,0,0,,0,0,0,0,0,0,false,
728,729,36252,false,145,50,1.403,0,1.262,0,dynamic_visual_atlas_upload,,,cell_indirection_lut,1.205,2400,2400,0,0,-1,-1,,1991.701174,3.013,4.027,4.027,1,8,3,1.5,false,2,8.666,,,,,,,,,,,,,,,,,,,,,,,,,,,,,,,,,,,,,,,,,,0,0,0,0,false,0,0,,0,0,0,0,0,0,0,,,,,false,{},{},{},{},{},{},{},0,3.459,3.64,0,0,0.017,0,0,0,0,0,0,0,0,0,0,0,0,100,0,6.971333,12.305,0.129,3.314333,0,0,0,9,9,0,321,0,17,2,0,0,1,2400,0.021,0.025,0,ACTIVE,ACTIVE,,4095,4095,0,,true,16,false,0,0,true,1.8863,0.001,19200,2280,0,,,,,,0,,,0,0,2,727,727,0,767550446301,5.87,0,0.03,0,0,729,728,2400,true,0,0,0,0,0,0,12,12,19224,0,0,0,0,0,0,0,0,0,0,0,0,0,,0,0,0,0,0,0,0,0,0,0,0,0,0,0,0,0,0,0,,0,0,0,0,0,0,false,
729,730,36281,false,145,50,1.526,0,1.349,0,dynamic_visual_atlas_upload,,,cell_indirection_lut,1.205,2400,2400,0,0,-1,-1,,1991.701174,3.013,4.027,4.027,1,8,3,1.5,false,2,8.666,,,,,,,,,,,,,,,,,,,,,,,,,,,,,,,,,,,,,,,,,,0,0,0,0,false,0,0,,0,0,0,0,0,0,0,,,,,false,{},{},{},{},{},{},{},0,11.511,11.703,0,0,0.014,0,0,0,0,0,0,0,0,0,0,0,0,100,0,9.642333,12.305,0.129,0,0,0,0,9,9,0,321,0,17,2,0,0,1,2400,0.021,0.025,0,ACTIVE,ACTIVE,,4095,4095,0,,true,16,false,0,0,true,2.0669,0.0011,19200,2280,0,,,,,,0,,,0,0,2,728,728,0,767550467035,14.095,0,0.028,0,0,730,729,2400,true,0,0,0,0,0,0,12,12,19224,0,0,0,0,0,0,0,0,0,0,0,0,0,,0,0,0,0,0,0,0,0,0,0,0,0,0,0,0,0,0,0,,0,0,0,0,0,0,false,
730,731,36295,false,145,50,1.452,0,1.272,0,dynamic_visual_atlas_upload,,,cell_indirection_lut,1.205,2400,2400,0,0,-1,-1,,1991.701174,3.013,4.027,4.027,1,8,3,1.5,false,2,8.666,,,,,,,,,,,,,,,,,,,,,,,,,,,,,,,,,,,,,,,,,,0,0,0,0,false,0,0,,0,0,0,0,0,0,0,,,,,false,{},{},{},{},{},{},{},0,11.511,11.703,0,0,0.01,0,0,0,0,0,0,0,0,0,0,0,0,100,0,4.693,12.305,0.129,0,0,0,0,9,9,0,321,0,17,2,0,0,1,2400,0.021,0.025,0,ACTIVE,ACTIVE,,4095,4095,0,,true,16,false,0,0,true,2.0669,0.0011,19200,2280,0,,,,,,0,,,0,0,4,729,729,0,767550488138,7.034,0,0.029,0,0,730,729,2400,true,0,0,0,0,0,0,12,12,19224,0,0,0,0,0,0,0,0,0,0,0,0,0,,0,0,0,0,0,0,0,0,0,0,0,0,0,0,0,0,0,0,,0,0,0,0,0,0,false,
731,732,37032,false,65,50,1.408,0,1.275,0,dynamic_visual_atlas_upload,,,cell_indirection_lut,1.205,2400,2400,0,0,-1,-1,,1991.701174,3.013,4.027,4.027,1,8,3,1.5,false,2,8.666,,,,,,,,,,,,,,,,,,,,,,,,,,,,,,,,,,,,,,,,,,0,0,0,0,false,0,0,,0,0,0,0,0,0,0,,,,,false,{},{},{},{},{},{},{},0,7.5,7.67,0,0,0.015,0,0,0,0,0,0,0,0,0,0,0,0,100,0,26.324071,549.52,0.111,18.639071,0,0,0,9,9,0,321,0,17,2,0,0,1,2400,0.021,0.025,0,ACTIVE,ACTIVE,,4095,4095,0,,true,16,false,0,0,true,2.1915,0.0011,19200,1414,0,,,,,,0,,,0,0,2,730,730,0,767551222121,10.144,0,0.027,0,0,734,733,2400,true,0,0,0,0,0,0,12,12,19224,0,0,0,0,0,0,0,0,0,0,0,0,0,,0,0,0,0,0,0,0,0,0,0,0,0,0,0,0,0,0,0,,0,0,0,0,0,0,false,
732,733,37049,false,65,50,1.473,0,1.332,0,dynamic_visual_atlas_upload,,,cell_indirection_lut,1.205,2400,2400,0,0,-1,-1,,1991.701174,3.013,4.027,4.027,1,8,3,1.5,false,2,8.666,,,,,,,,,,,,,,,,,,,,,,,,,,,,,,,,,,,,,,,,,,0,0,0,0,false,0,0,,0,0,0,0,0,0,0,,,,,false,{},{},{},{},{},{},{},0,3.431,3.631,0,0,0.019,0,0,0,0,0,0,0,0,0,0,0,0,100,0,5.571,549.52,0.111,1.921,0,0,0,9,9,0,321,0,17,2,0,0,1,2400,0.021,0.025,0,ACTIVE,ACTIVE,,4095,4095,0,,true,16,false,0,0,true,3.4696,0.0024,55200,2280,0,,,,,,0,,,0,0,2,731,731,0,767551240767,8.212,0,0.03,0,0,735,734,2400,true,0,0,0,0,0,0,12,12,19224,0,0,0,0,0,0,0,0,0,0,0,0,0,,0,0,0,0,0,0,0,0,0,0,0,0,0,0,0,0,0,0,,0,0,0,0,0,0,false,
733,734,37070,false,65,50,1.486,0,1.336,0,dynamic_visual_atlas_upload,,,cell_indirection_lut,1.205,2400,2400,0,0,-1,-1,,1991.701174,3.013,4.027,4.027,1,8,3,1.5,false,2,8.666,,,,,,,,,,,,,,,,,,,,,,,,,,,,,,,,,,,,,,,,,,0,0,0,0,false,0,0,,0,0,0,0,0,0,0,,,,,false,{},{},{},{},{},{},{},0,3.928,4.134,0,0,0.017,0,0,0,0,0,0,0,0,0,0,0,0,100,0,7.084333,549.52,0.111,2.933333,0,0,0,9,9,0,321,0,17,2,0,0,1,2400,0.021,0.025,0,ACTIVE,ACTIVE,,4095,4095,0,,true,16,false,0,0,true,1.869,0.0011,19200,2280,0,,,,,,0,,,0,0,2,732,732,0,767551260927,9.366,0,0.028,0,0,736,735,2400,true,0,0,0,0,0,0,12,12,55224,0,0,0,0,0,0,0,0,0,0,0,0,0,,0,0,0,0,0,0,0,0,0,0,0,0,0,0,0,0,0,0,,0,0,0,0,0,0,false,
734,735,37090,false,65,50,1.374,0,1.248,0,dynamic_visual_atlas_upload,,,cell_indirection_lut,1.205,2400,2400,0,0,-1,-1,,1991.701174,3.013,4.027,4.027,1,8,3,1.5,false,2,8.666,,,,,,,,,,,,,,,,,,,,,,,,,,,,,,,,,,,,,,,,,,0,0,0,0,false,0,0,,0,0,0,0,0,0,0,,,,,false,{},{},{},{},{},{},{},0.001,3.438,3.61,0,0,0.02,0,0,0,0,0,0,0,0,0,0,0,0,100,0,6.668333,549.52,0.111,3.038333,0,0,0,9,9,0,321,0,17,2,0,0,1,2400,0.021,0.025,0,ACTIVE,ACTIVE,,4095,4095,0,,true,16,false,0,0,true,1.8798,0.0013,19200,2280,0,,,,,,0,,,0,0,2,733,733,0,767551280218,10.047,0,0.031,0,0,737,736,2400,true,0,0,0,0,0,0,12,12,19224,0,0,0,0,0,0,0,0,0,0,0,0,0,,0,0,0,0,0,0,0,0,0,0,0,0,0,0,0,0,0,0,,0,0,0,0,0,0,false,
735,736,37104,false,65,50,1.487,0,1.325,0,dynamic_visual_atlas_upload,,,cell_indirection_lut,1.205,2400,2400,0,0,-1,-1,,1991.701174,3.013,4.027,4.027,1,8,3,1.5,false,2,8.666,,,,,,,,,,,,,,,,,,,,,,,,,,,,,,,,,,,,,,,,,,0,0,0,0,false,0,0,,0,0,0,0,0,0,0,,,,,false,{},{},{},{},{},{},{},0,2.965,3.11,0,0,0.011,0,0,0,0,0,0,0,0,0,0,0,0,100,0,6.958,549.52,0.111,3.837,0,0,0,9,9,0,321,0,17,2,0,0,1,2400,0.021,0.025,0,ACTIVE,ACTIVE,,4095,4095,0,,true,16,false,0,0,true,1.9066,0.0014,19200,2280,0,,,,,,0,,,0,0,2,734,734,0,767551298584,5.578,0,0.026,0,0,738,737,2400,true,0,0,0,0,0,0,12,12,19224,0,0,0,0,0,0,0,0,0,0,0,0,0,,0,0,0,0,0,0,0,0,0,0,0,0,0,0,0,0,0,0,,0,0,0,0,0,0,false,
736,737,37125,false,65,50,1.433,0,1.288,0,dynamic_visual_atlas_upload,,,cell_indirection_lut,1.205,2400,2400,0,0,-1,-1,,1991.701174,3.013,4.027,4.027,1,8,3,1.5,false,2,8.666,,,,,,,,,,,,,,,,,,,,,,,,,,,,,,,,,,,,,,,,,,0,0,0,0,false,0,0,,0,0,0,0,0,0,0,,,,,false,{},{},{},{},{},{},{},0,4.027,4.224,0,0,0.018,0,0,0,0,0,0,0,0,0,0,0,0,100,0,7.132667,549.52,0.111,2.890667,0,0,0,9,9,0,321,0,17,2,0,0,1,2400,0.021,0.025,0,ACTIVE,ACTIVE,,4095,4095,0,,true,16,false,0,0,true,2.6513,0.0024,19200,2280,0,,,,,,0,,,0,0,2,735,735,0,767551316916,8.669,0,0.029,0,0,739,738,2400,true,0,0,0,0,0,0,12,12,19224,0,0,0,0,0,0,0,0,0,0,0,0,0,,0,0,0,0,0,0,0,0,0,0,0,0,0,0,0,0,0,0,,0,0,0,0,0,0,false,
737,738,37145,false,65,50,1.381,0,1.246,0,dynamic_visual_atlas_upload,,,cell_indirection_lut,1.205,2400,2400,0,0,-1,-1,,1991.701174,3.013,4.027,4.027,1,8,3,1.5,false,2,8.666,,,,,,,,,,,,,,,,,,,,,,,,,,,,,,,,,,,,,,,,,,0,0,0,0,false,0,0,,0,0,0,0,0,0,0,,,,,false,{},{},{},{},{},{},{},0,3.245,3.394,0,0,0.012,0,0,0,0,0,0,0,0,0,0,0,0,100,0,6.593,549.52,0.111,3.187,0,0,0,9,9,0,321,0,17,2,0,0,1,2400,0.021,0.025,0,ACTIVE,ACTIVE,,4095,4095,0,,true,16,false,0,0,true,1.8216,0.001,19200,2248,0,,,,,,0,,,0,0,2,736,736,0,767551336437,8.919,0,0.029,0,0,740,739,2400,true,0,0,0,0,0,0,12,12,19224,0,0,0,0,0,0,0,0,0,0,0,0,0,,0,0,0,0,0,0,0,0,0,0,0,0,0,0,0,0,0,0,,0,0,0,0,0,0,false,
738,739,37166,false,65,50,1.51,0,1.361,0,dynamic_visual_atlas_upload,,,cell_indirection_lut,1.205,2400,2400,0,0,-1,-1,,1991.701174,3.013,4.027,4.027,1,8,3,1.5,false,2,8.666,,,,,,,,,,,,,,,,,,,,,,,,,,,,,,,,,,,,,,,,,,0,0,0,0,false,0,0,,0,0,0,0,0,0,0,,,,,false,{},{},{},{},{},{},{},0,3.917,4.086,0,0,0.011,0,0,0,0,0,0,0,0,0,0,0,0,100,0,7.098667,549.52,0.111,3.001667,0,0,0,9,9,0,321,0,17,2,0,0,1,2400,0.021,0.025,0,ACTIVE,ACTIVE,,4095,4095,0,,true,16,false,0,0,true,2.8202,0.0011,21600,2280,0,,,,,,0,,,0,0,2,737,737,0,767551354531,12.101,0,0.032,0,0,741,740,2400,true,0,0,0,0,0,0,12,12,19224,0,0,0,0,0,0,0,0,0,0,0,0,0,,0,0,0,0,0,0,0,0,0,0,0,0,0,0,0,0,0,0,,0,0,0,0,0,0,false,
739,740,37176,false,65,50,1.394,0,1.254,0,dynamic_visual_atlas_upload,,,cell_indirection_lut,1.205,2400,2400,0,0,-1,-1,,1991.701174,3.013,4.027,4.027,1,8,3,1.5,false,2,8.666,,,,,,,,,,,,,,,,,,,,,,,,,,,,,,,,,,,,,,,,,,0,0,0,0,false,0,0,,0,0,0,0,0,0,0,,,,,false,{},{},{},{},{},{},{},0,0,0.164,0,0,0.011,0,0,0,0,0,0,0,0,0,0,0,0,100,0,5.022,549.52,0.111,4.847,0,0,0,9,9,0,321,0,17,2,0,0,1,2400,0.021,0.025,0,ACTIVE,ACTIVE,,4095,4095,0,,true,16,false,0,0,true,1.8001,0.001,19200,2280,0,,,,,,0,,,0,0,2,738,738,0,767551373366,3.278,0,0.027,0,0,741,740,2400,true,0,0,0,0,0,0,12,12,21624,0,0,0,0,0,0,0,0,0,0,0,0,0,,0,0,0,0,0,0,0,0,0,0,0,0,0,0,0,0,0,0,,0,0,0,0,0,0,false,
740,741,37197,false,65,50,1.451,0,1.292,0,dynamic_visual_atlas_upload,,,cell_indirection_lut,1.205,2400,2400,0,0,-1,-1,,1991.701174,3.013,4.027,4.027,1,8,3,1.5,false,2,8.666,,,,,,,,,,,,,,,,,,,,,,,,,,,,,,,,,,,,,,,,,,0,0,0,0,false,0,0,,0,0,0,0,0,0,0,,,,,false,{},{},{},{},{},{},{},0,0,0.178,0,0,0.013,0,0,0,0,0,0,0,0,0,0,0,0,100,0,6.944667,549.52,0.111,6.753667,0,0,0,9,9,0,321,0,17,2,0,0,1,2400,0.021,0.025,0,ACTIVE,ACTIVE,,4095,4095,0,,true,16,false,0,0,true,2.6739,0.001,52800,2280,0,,,,,,0,,,0,0,2,739,739,0,767551392086,5.411,0,0.028,0,0,742,741,2400,true,0,0,0,0,0,0,12,12,19224,0,0,0,0,0,0,0,0,0,0,0,0,0,,0,0,0,0,0,0,0,0,0,0,0,0,0,0,0,0,0,0,,0,0,0,0,0,0,false,
741,742,37218,false,65,50,1.51,0,1.321,0,dynamic_visual_atlas_upload,,,cell_indirection_lut,1.205,2400,2400,0,0,-1,-1,,1991.701174,3.013,4.027,4.027,1,8,3,1.5,false,2,8.666,,,,,,,,,,,,,,,,,,,,,,,,,,,,,,,,,,,,,,,,,,0,0,0,0,false,0,0,,0,0,0,0,0,0,0,,,,,false,{},{},{},{},{},{},{},0,0,0.239,0,0,0.018,0,0,0,0,0,0,0,0,0,0,0,0,100,0,7.035333,549.52,0.111,6.778333,0,0,0,9,9,0,321,0,17,2,0,0,1,2400,0.021,0.025,0,ACTIVE,ACTIVE,,4095,4095,0,,true,16,false,0,0,true,1.9325,0.0011,19200,2280,0,,,,,,0,,,0,0,2,740,740,0,767551411431,7.179,0,0.026,0,0,743,742,2400,true,0,0,0,0,0,0,12,12,52824,0,0,0,0,0,0,0,0,0,0,0,0,0,,0,0,0,0,0,0,0,0,0,0,0,0,0,0,0,0,0,0,,0,0,0,0,0,0,false,
742,743,37232,false,65,50,1.415,0,1.271,0,dynamic_visual_atlas_upload,,,cell_indirection_lut,1.205,2400,2400,0,0,-1,-1,,1991.701174,3.013,4.027,4.027,1,8,3,1.5,false,2,8.666,,,,,,,,,,,,,,,,,,,,,,,,,,,,,,,,,,,,,,,,,,0,0,0,0,false,0,0,,0,0,0,0,0,0,0,,,,,false,{},{},{},{},{},{},{},0,0,0.181,0,0,0.016,0,0,0,0,0,0,0,0,0,0,0,0,100,0,6.6755,549.52,0.111,6.4785,0,0,0,9,9,0,321,0,17,2,0,0,1,2400,0.021,0.025,0,ACTIVE,ACTIVE,,4095,4095,0,,true,16,false,0,0,true,1.826,0.0013,19200,2280,0,,,,,,0,,,0,0,2,741,741,0,767551429776,2.174,0,0.03,0,0,744,743,2400,true,0,0,0,0,0,0,12,12,19224,0,0,0,0,0,0,0,0,0,0,0,0,0,,0,0,0,0,0,0,0,0,0,0,0,0,0,0,0,0,0,0,,0,0,0,0,0,0,false,
743,744,37254,false,65,50,2.284,0,2.079,0,dynamic_visual_atlas_upload,,,cell_indirection_lut,1.205,2400,2400,0,0,-1,-1,,1991.701174,3.013,4.027,4.027,1,8,3,1.5,false,2,8.666,,,,,,,,,,,,,,,,,,,,,,,,,,,,,,,,,,,,,,,,,,0,0,0,0,false,0,0,,0,0,0,0,0,0,0,,,,,false,{},{},{},{},{},{},{},0,0,0.25,0,0,0.019,0,0,0,0,0,0,0,0,0,0,0,0,100,0,7.357,549.52,0.111,7.088,0,0,0,9,9,0,321,0,17,2,0,0,1,2400,0.021,0.025,0,ACTIVE,ACTIVE,,4095,4095,0,,true,16,false,0,0,true,1.8829,0.0009,19200,2280,0,,,,,,0,,,0,0,2,742,742,0,767551448512,5.787,0,0.026,0,0,745,744,2400,true,0,0,0,0,0,0,12,12,19224,0,0,0,0,0,0,0,0,0,0,0,0,0,,0,0,0,0,0,0,0,0,0,0,0,0,0,0,0,0,0,0,,0,0,0,0,0,0,false,
744,745,37269,false,65,50,1.428,0,1.241,0,dynamic_visual_atlas_upload,,,cell_indirection_lut,1.205,2400,2400,0,0,-1,-1,,1991.701174,3.013,4.027,4.027,1,8,3,1.5,false,2,8.666,,,,,,,,,,,,,,,,,,,,,,,,,,,,,,,,,,,,,,,,,,0,0,0,0,false,0,0,,0,0,0,0,0,0,0,,,,,false,{},{},{},{},{},{},{},0,3.115,3.291,0,0,0.016,0,0,0,0,0,0,0,0,0,0,0,0,100,0,7.799,549.52,0.111,4.492,0,0,0,9,9,0,321,0,17,2,0,0,1,2400,0.021,0.025,0,ACTIVE,ACTIVE,,4095,4095,0,,true,16,false,0,0,true,1.8829,0.0009,19200,2280,0,,,,,,0,,,0,0,2,743,743,0,767551467339,2.638,0,0.03,0,0,746,745,2400,true,0,0,0,0,0,0,12,12,19224,0,0,0,0,0,0,0,0,0,0,0,0,0,,0,0,0,0,0,0,0,0,0,0,0,0,0,0,0,0,0,0,,0,0,0,0,0,0,false,
745,746,37291,false,65,50,1.408,0,1.257,0,dynamic_visual_atlas_upload,,,cell_indirection_lut,1.205,2400,2400,0,0,-1,-1,,1991.701174,3.013,4.027,4.027,1,8,3,1.5,false,2,8.666,,,,,,,,,,,,,,,,,,,,,,,,,,,,,,,,,,,,,,,,,,0,0,0,0,false,0,0,,0,0,0,0,0,0,0,,,,,false,{},{},{},{},{},{},{},0,3.086,3.255,0,0,0.016,0,0,0,0,0,0,0,0,0,0,0,0,100,0,7.045333,549.52,0.111,3.774333,0,0,0,9,9,0,321,0,17,2,0,0,1,2400,0.021,0.025,0,ACTIVE,ACTIVE,,4095,4095,0,,true,16,false,0,0,true,1.8624,0.001,19200,2280,0,,,,,,0,,,0,0,2,744,744,0,767551487458,3.356,0,0.046,0,0,747,746,2400,true,0,0,0,0,0,0,12,12,21624,0,0,0,0,0,0,0,0,0,0,0,0,0,,0,0,0,0,0,0,0,0,0,0,0,0,0,0,0,0,0,0,,0,0,0,0,0,0,false,
746,747,37311,false,65,50,1.447,0,1.267,0,dynamic_visual_atlas_upload,,,cell_indirection_lut,1.205,2400,2400,0,0,-1,-1,,1991.701174,3.013,4.027,4.027,1,8,3,1.5,false,2,8.666,,,,,,,,,,,,,,,,,,,,,,,,,,,,,,,,,,,,,,,,,,0,0,0,0,false,0,0,,0,0,0,0,0,0,0,,,,,false,{},{},{},{},{},{},{},0,3.638,3.882,0,0,0.017,0,0,0,0,0,0,0,0,0,0,0,0,100,0,6.958333,549.52,0.111,3.059333,0,0,0,9,9,0,321,0,17,2,0,0,1,2400,0.021,0.025,0,ACTIVE,ACTIVE,,4095,4095,0,,true,16,false,0,0,true,1.928,0.0011,19200,2280,0,,,,,,0,,,0,0,2,745,745,0,767551505558,6.123,0,0.031,0,0,748,747,2400,true,0,0,0,0,0,0,12,12,19224,0,0,0,0,0,0,0,0,0,0,0,0,0,,0,0,0,0,0,0,0,0,0,0,0,0,0,0,0,0,0,0,,0,0,0,0,0,0,false,
747,748,37332,false,65,50,1.385,0,1.26,0,dynamic_visual_atlas_upload,,,cell_indirection_lut,1.205,2400,2400,0,0,-1,-1,,1991.701174,3.013,4.027,4.027,1,8,3,1.5,false,2,8.666,,,,,,,,,,,,,,,,,,,,,,,,,,,,,,,,,,,,,,,,,,0,0,0,0,false,0,0,,0,0,0,0,0,0,0,,,,,false,{},{},{},{},{},{},{},0,3.633,3.768,0,0,0.009,0,0,0,0,0,0,0,0,0,0,0,0,100,0,6.71,549.52,0.111,2.933,0,0,0,9,9,0,321,0,17,2,0,0,1,2400,0.021,0.025,0,ACTIVE,ACTIVE,,4095,4095,0,,true,16,false,0,0,true,2.3565,0.0015,19200,2280,0,,,,,,0,,,0,0,2,746,746,0,767551524269,7.715,0,0.028,0,0,749,748,2400,true,0,0,0,0,0,0,12,12,19224,0,0,0,0,0,0,0,0,0,0,0,0,0,,0,0,0,0,0,0,0,0,0,0,0,0,0,0,0,0,0,0,,0,0,0,0,0,0,false,
748,749,37353,false,65,50,1.446,0,1.295,0,dynamic_visual_atlas_upload,,,cell_indirection_lut,1.205,2400,2400,0,0,-1,-1,,1991.701174,3.013,4.027,4.027,1,8,3,1.5,false,2,8.666,,,,,,,,,,,,,,,,,,,,,,,,,,,,,,,,,,,,,,,,,,0,0,0,0,false,0,0,,0,0,0,0,0,0,0,,,,,false,{},{},{},{},{},{},{},0,3.72,3.937,0,0,0.02,0,0,0,0,0,0,0,0,0,0,0,0,100,0,7.124667,549.52,0.111,3.167667,0,0,0,9,9,0,321,0,17,2,0,0,1,2400,0.021,0.025,0,ACTIVE,ACTIVE,,4095,4095,0,,true,16,false,0,0,true,2.4722,0.0014,52800,2280,0,,,,,,0,,,0,0,2,747,747,0,767551544051,9.182,0,0.03,0,0,750,749,2400,true,0,0,0,0,0,0,12,12,19224,0,0,0,0,0,0,0,0,0,0,0,0,0,,0,0,0,0,0,0,0,0,0,0,0,0,0,0,0,0,0,0,,0,0,0,0,0,0,false,
749,750,37373,false,65,50,1.542,0,1.362,0,dynamic_visual_atlas_upload,,,cell_indirection_lut,1.205,2400,2400,0,0,-1,-1,,1991.701174,3.013,4.027,4.027,1,8,3,1.5,false,2,8.666,,,,,,,,,,,,,,,,,,,,,,,,,,,,,,,,,,,,,,,,,,0,0,0,0,false,0,0,,0,0,0,0,0,0,0,,,,,false,{},{},{},{},{},{},{},0,3.555,3.755,0,0,0.034,0,0,0,0,0,0,0,0,0,0,0,0,100,0,6.842,549.52,0.111,3.053,0,0,0,9,9,0,321,0,17,2,0,0,1,2400,0.021,0.025,0,ACTIVE,ACTIVE,,4095,4095,0,,true,16,false,0,0,true,2.0353,0.0015,19200,2280,0,,,,,,0,,,0,0,2,748,748,0,767551563046,10.68,0,0.029,0,0,751,750,2400,true,0,0,0,0,0,0,12,12,52824,0,0,0,0,0,0,0,0,0,0,0,0,0,,0,0,0,0,0,0,0,0,0,0,0,0,0,0,0,0,0,0,,0,0,0,0,0,0,false,
750,751,37394,false,65,50,1.525,0,1.336,0,dynamic_visual_atlas_upload,,,cell_indirection_lut,1.205,2400,2400,0,0,-1,-1,,1991.701174,3.013,4.027,4.027,1,8,3,1.5,false,2,8.666,,,,,,,,,,,,,,,,,,,,,,,,,,,,,,,,,,,,,,,,,,0,0,0,0,false,0,0,,0,0,0,0,0,0,0,,,,,false,{},{},{},{},{},{},{},0,3.731,3.939,0,0,0.019,0,0,0,0,0,0,0,0,0,0,0,0,100,0,6.904667,549.52,0.111,2.946667,0,0,0,9,9,0,321,0,17,2,0,0,1,2400,0.021,0.025,0,ACTIVE,ACTIVE,,4095,4095,0,,true,16,false,0,0,true,2.5254,0.0018,21600,2280,0,,,,,,0,,,0,0,2,749,749,0,767551583158,11.64,0,0.03,0,0,752,751,2400,true,0,0,0,0,0,0,12,12,19224,0,0,0,0,0,0,0,0,0,0,0,0,0,,0,0,0,0,0,0,0,0,0,0,0,0,0,0,0,0,0,0,,0,0,0,0,0,0,false,
751,752,37419,false,65,50,1.469,0,1.324,0,dynamic_visual_atlas_upload,,,cell_indirection_lut,1.205,2400,2400,0,0,-1,-1,,1991.701174,3.013,4.027,4.027,1,8,3,1.5,false,2,8.666,,,,,,,,,,,,,,,,,,,,,,,,,,,,,,,,,,,,,,,,,,0,0,0,0,false,0,0,,0,0,0,0,0,0,0,,,,,false,{},{},{},{},{},{},{},0,7.6,7.784,0,0,0.017,0,0,0,0,0,0,0,0,0,0,0,0,100,0,8.190333,549.52,0.111,0.389333,0,0,0,9,9,0,321,0,17,2,0,0,1,2400,0.021,0.025,0,ACTIVE,ACTIVE,,4095,4095,0,,true,16,false,0,0,true,1.9407,0.0012,19200,2280,0,,,,,,0,,,0,0,2,750,750,0,767551605669,13.299,0,0.047,0,0,753,752,2400,true,0,0,0,0,0,0,12,12,21624,0,0,0,0,0,0,0,0,0,0,0,0,0,,0,0,0,0,0,0,0,0,0,0,0,0,0,0,0,0,0,0,,0,0,0,0,0,0,false,
752,753,37436,false,65,50,1.454,0,1.29,0,dynamic_visual_atlas_upload,,,cell_indirection_lut,1.205,2400,2400,0,0,-1,-1,,1991.701174,3.013,4.027,4.027,1,8,3,1.5,false,2,8.666,,,,,,,,,,,,,,,,,,,,,,,,,,,,,,,,,,,,,,,,,,0,0,0,0,false,0,0,,0,0,0,0,0,0,0,,,,,false,{},{},{},{},{},{},{},0,3.792,3.976,0,0,0.021,0,0,0,0,0,0,0,0,0,0,0,0,100,0,5.644333,549.52,0.111,1.647333,0,0,0,9,9,0,321,0,17,2,0,0,1,2400,0.021,0.025,0,ACTIVE,ACTIVE,,4095,4095,0,,true,16,false,0,0,true,2.0096,0.0013,19200,2280,0,,,,,,0,,,0,0,2,751,751,0,767551624879,11.152,0,0.029,0,0,754,753,2400,true,0,0,0,0,0,0,12,12,19224,0,0,0,0,0,0,0,0,0,0,0,0,0,,0,0,0,0,0,0,0,0,0,0,0,0,0,0,0,0,0,0,,0,0,0,0,0,0,false,
753,754,37446,false,65,50,1.507,0,1.321,0,dynamic_visual_atlas_upload,,,cell_indirection_lut,1.205,2400,2400,0,0,-1,-1,,1991.701174,3.013,4.027,4.027,1,8,3,1.5,false,2,8.666,,,,,,,,,,,,,,,,,,,,,,,,,,,,,,,,,,,,,,,,,,0,0,0,0,false,0,0,,0,0,0,0,0,0,0,,,,,false,{},{},{},{},{},{},{},0,0.001,0.271,0,0,0.019,0,0,0,0,0,0,0,0,0,0,0,0,100,0,5.169,549.52,0.111,4.879,0,0,0,9,9,0,321,0,17,2,0,0,1,2400,0.021,0.025,0,ACTIVE,ACTIVE,,4095,4095,0,,true,16,false,0,0,true,1.871,0.0012,19200,2280,0,,,,,,0,,,0,0,2,752,752,0,767551643793,2.472,0,0.029,0,0,754,753,2400,true,0,0,0,0,0,0,12,12,19224,0,0,0,0,0,0,0,0,0,0,0,0,0,,0,0,0,0,0,0,0,0,0,0,0,0,0,0,0,0,0,0,,0,0,0,0,0,0,false,
754,755,37467,false,65,50,1.506,0,1.321,0,dynamic_visual_atlas_upload,,,cell_indirection_lut,1.205,2400,2400,0,0,-1,-1,,1991.701174,3.013,4.027,4.027,1,8,3,1.5,false,2,8.666,,,,,,,,,,,,,,,,,,,,,,,,,,,,,,,,,,,,,,,,,,0,0,0,0,false,0,0,,0,0,0,0,0,0,0,,,,,false,{},{},{},{},{},{},{},0,0,0.227,0,0,0.016,0,0,0,0,0,0,0,0,0,0,0,0,100,0,6.850667,549.52,0.111,6.607667,0,0,0,9,9,0,321,0,17,2,0,0,1,2400,0.021,0.025,0,ACTIVE,ACTIVE,,4095,4095,0,,true,16,false,0,0,true,1.7965,0.0011,19200,2280,0,,,,,,0,,,0,0,2,753,753,0,767551662258,4.523,0,0.028,0,0,755,754,2400,true,0,0,0,0,0,0,12,12,19224,0,0,0,0,0,0,0,0,0,0,0,0,0,,0,0,0,0,0,0,0,0,0,0,0,0,0,0,0,0,0,0,,0,0,0,0,0,0,false,
755,756,37488,false,65,50,1.578,0,1.376,0,dynamic_visual_atlas_upload,,,cell_indirection_lut,1.205,2400,2400,0,0,-1,-1,,1991.701174,3.013,4.027,4.027,1,8,3,1.5,false,2,8.666,,,,,,,,,,,,,,,,,,,,,,,,,,,,,,,,,,,,,,,,,,0,0,0,0,false,0,0,,0,0,0,0,0,0,0,,,,,false,{},{},{},{},{},{},{},0,0,0.278,0,0,0.015,0,0,0,0,0,0,0,0,0,0,0,0,100,0,7.007667,549.52,0.111,6.714667,0,0,0,9,9,0,321,0,17,2,0,0,1,2400,0.021,0.025,0,ACTIVE,ACTIVE,,4095,4095,0,,true,16,false,0,0,true,1.8577,0.0009,19200,2279,0,,,,,,0,,,0,0,2,754,754,0,767551680861,6.989,0,0.027,0,0,756,755,2400,true,0,0,0,0,0,0,12,12,19224,0,0,0,0,0,0,0,0,0,0,0,0,0,,0,0,0,0,0,0,0,0,0,0,0,0,0,0,0,0,0,0,,0,0,0,0,0,0,false,
756,757,37508,false,65,50,1.517,0,1.328,0,dynamic_visual_atlas_upload,,,cell_indirection_lut,1.205,2400,2400,0,0,-1,-1,,1991.701174,3.013,4.027,4.027,1,8,3,1.5,false,2,8.666,,,,,,,,,,,,,,,,,,,,,,,,,,,,,,,,,,,,,,,,,,0,0,0,0,false,0,0,,0,0,0,0,0,0,0,,,,,false,{},{},{},{},{},{},{},0,0,0.261,0,0,0.017,0,0,0,0,0,0,0,0,0,0,0,0,100,0,6.812,549.52,0.111,6.534,0,0,0,9,9,0,321,0,17,2,0,0,1,2400,0.021,0.025,0,ACTIVE,ACTIVE,,4095,4095,0,,true,16,false,0,0,true,3.425,0.0011,55200,2280,0,,,,,,0,,,0,0,2,755,755,0,767551700140,8.103,0,0.031,0,0,757,756,2400,true,0,0,0,0,0,0,12,12,19224,0,0,0,0,0,0,0,0,0,0,0,0,0,,0,0,0,0,0,0,0,0,0,0,0,0,0,0,0,0,0,0,,0,0,0,0,0,0,false,
757,758,37533,false,65,50,2.08,0,1.805,0,dynamic_visual_atlas_upload,,,cell_indirection_lut,1.205,2400,2400,0,0,-1,-1,,1991.701174,3.013,4.027,4.027,1,8,3,1.5,false,2,8.666,,,,,,,,,,,,,,,,,,,,,,,,,,,,,,,,,,,,,,,,,,0,0,0,0,false,0,0,,0,0,0,0,0,0,0,,,,,false,{},{},{},{},{},{},{},0,3.372,3.545,0,0,0.021,0,0,0,0,0,0,0,0,0,0,0,0,100,0,8.214333,549.52,0.111,4.648333,0,0,0,9,9,0,321,0,17,2,0,0,1,2400,0.021,0.025,0,ACTIVE,ACTIVE,,4095,4095,0,,true,16,false,0,0,true,2.2226,0.0018,19200,2280,0,,,,,,0,,,0,0,2,756,756,0,767551720083,12.908,0,0.029,0,0,759,758,2400,true,0,0,0,0,0,0,12,12,55224,0,0,0,0,0,0,0,0,0,0,0,0,0,,0,0,0,0,0,0,0,0,0,0,0,0,0,0,0,0,0,0,,0,0,0,0,0,0,false,
758,759,37542,false,65,50,1.427,0,1.265,0,dynamic_visual_atlas_upload,,,cell_indirection_lut,1.205,2400,2400,0,0,-1,-1,,1991.701174,3.013,4.027,4.027,1,8,3,1.5,false,2,8.666,,,,,,,,,,,,,,,,,,,,,,,,,,,,,,,,,,,,,,,,,,0,0,0,0,false,0,0,,0,0,0,0,0,0,0,,,,,false,{},{},{},{},{},{},{},0,0,0.194,0,0,0.014,0,0,0,0,0,0,0,0,0,0,0,0,100,0,4.785,549.52,0.111,4.577,0,0,0,9,9,0,321,0,17,2,0,0,1,2400,0.021,0.025,0,ACTIVE,ACTIVE,,4095,4095,0,,true,16,false,0,0,true,1.8043,0.0009,19200,2280,0,,,,,,0,,,0,0,2,757,757,0,767551738975,3.5,0,0.046,0,0,759,758,2400,true,0,0,0,0,0,0,12,12,19224,0,0,0,0,0,0,0,0,0,0,0,0,0,,0,0,0,0,0,0,0,0,0,0,0,0,0,0,0,0,0,0,,0,0,0,0,0,0,false,
759,760,37564,false,65,50,1.563,0,1.334,0,dynamic_visual_atlas_upload,,,cell_indirection_lut,1.205,2400,2400,0,0,-1,-1,,1991.701174,3.013,4.027,4.027,1,8,3,1.5,false,2,8.666,,,,,,,,,,,,,,,,,,,,,,,,,,,,,,,,,,,,,,,,,,0,0,0,0,false,0,0,,0,0,0,0,0,0,0,,,,,false,{},{},{},{},{},{},{},0,0,0.449,0,0,0.018,0,0,0,0,0,0,0,0,0,0,0,0,100,0,7.223,549.52,0.111,6.756,0,0,0,9,9,0,321,0,17,2,0,0,1,2400,0.021,0.025,0,ACTIVE,ACTIVE,,4095,4095,0,,true,16,false,0,0,true,2.0013,0.0017,19200,2280,0,,,,,,0,,,0,0,2,758,758,0,767551757299,6.847,0,0.031,0,0,760,759,2400,true,0,0,0,0,0,0,12,12,19224,0,0,0,0,0,0,0,0,0,0,0,0,0,,0,0,0,0,0,0,0,0,0,0,0,0,0,0,0,0,0,0,,0,0,0,0,0,0,false,
760,761,37585,false,65,50,1.599,0,1.365,0,dynamic_visual_atlas_upload,,,cell_indirection_lut,1.205,2400,2400,0,0,-1,-1,,1991.701174,3.013,4.027,4.027,1,8,3,1.5,false,2,8.666,,,,,,,,,,,,,,,,,,,,,,,,,,,,,,,,,,,,,,,,,,0,0,0,0,false,0,0,,0,0,0,0,0,0,0,,,,,false,{},{},{},{},{},{},{},0,0,0.405,0,0,0.018,0,0,0,0,0,0,0,0,0,0,0,0,100,0,6.911333,549.52,0.111,6.488333,0,0,0,9,9,0,321,0,17,2,0,0,1,2400,0.021,0.025,0,ACTIVE,ACTIVE,,4095,4095,0,,true,16,false,0,0,true,2.0789,0.002,19200,2279,0,,,,,,0,,,0,0,2,759,759,0,767551776159,8.728,0,0.031,0,0,761,760,2400,true,0,0,0,0,0,0,12,12,19224,0,0,0,0,0,0,0,0,0,0,0,0,0,,0,0,0,0,0,0,0,0,0,0,0,0,0,0,0,0,0,0,,0,0,0,0,0,0,false,
761,762,37605,false,65,50,1.519,0,1.317,0,dynamic_visual_atlas_upload,,,cell_indirection_lut,1.205,2400,2400,0,0,-1,-1,,1991.701174,3.013,4.027,4.027,1,8,3,1.5,false,2,8.666,,,,,,,,,,,,,,,,,,,,,,,,,,,,,,,,,,,,,,,,,,0,0,0,0,false,0,0,,0,0,0,0,0,0,0,,,,,false,{},{},{},{},{},{},{},0,0,0.272,0,0,0.016,0,0,0,0,0,0,0,0,0,0,0,0,100,0,6.677667,549.52,0.111,6.389667,0,0,0,9,9,0,321,0,17,2,0,0,1,2400,0.021,0.025,0,ACTIVE,ACTIVE,,4095,4095,0,,true,16,false,0,0,true,1.8476,0.0012,19200,2279,0,,,,,,0,,,0,0,2,760,760,0,767551797191,7.703,0,0.034,0,0,762,761,2400,true,0,0,0,0,0,0,12,12,19224,0,0,0,0,0,0,0,0,0,0,0,0,0,,0,0,0,0,0,0,0,0,0,0,0,0,0,0,0,0,0,0,,0,0,0,0,0,0,false,
762,763,37620,false,65,50,2.454,0,2.28,0,dynamic_visual_atlas_upload,,,cell_indirection_lut,1.205,2400,2400,0,0,-1,-1,,1991.701174,3.013,4.027,4.027,1,8,3,1.5,false,2,8.666,,,,,,,,,,,,,,,,,,,,,,,,,,,,,,,,,,,,,,,,,,0,0,0,0,false,0,0,,0,0,0,0,0,0,0,,,,,false,{},{},{},{},{},{},{},0,0,0.378,0,0,0.026,0,0,0,0,0,0,0,0,0,0,0,0,100,0,7.774,549.52,0.111,7.37,0,0,0,9,9,0,321,0,17,2,0,0,1,2400,0.021,0.025,0,ACTIVE,ACTIVE,,4095,4095,0,,true,16,false,0,0,true,2.3934,0.0013,21600,2280,0,,,,,,0,,,0,0,2,761,761,0,767551815742,4.72,0,0.03,0,0,763,762,2400,true,0,0,0,0,0,0,12,12,19224,0,0,0,0,0,0,0,0,0,0,0,0,0,,0,0,0,0,0,0,0,0,0,0,0,0,0,0,0,0,0,0,,0,0,0,0,0,0,false,
763,764,37639,false,65,50,1.715,0,1.477,0,dynamic_visual_atlas_upload,,,cell_indirection_lut,1.205,2400,2400,0,0,-1,-1,,1991.701174,3.013,4.027,4.027,1,8,3,1.5,false,2,8.666,,,,,,,,,,,,,,,,,,,,,,,,,,,,,,,,,,,,,,,,,,0,0,0,0,false,0,0,,0,0,0,0,0,0,0,,,,,false,{},{},{},{},{},{},{},0,0,0.267,0,0,0.018,0,0,0,0,0,0,0,0,0,0,0,0,100,0,6.375667,549.52,0.111,6.090667,0,0,0,9,9,0,321,0,17,2,0,0,1,2400,0.021,0.025,0,ACTIVE,ACTIVE,,4095,4095,0,,true,16,false,0,0,true,1.8467,0.0016,19200,2280,0,,,,,,0,,,0,0,2,762,762,0,767551835292,4.376,0,0.028,0,0,764,763,2400,true,0,0,0,0,0,0,12,12,21624,0,0,0,0,0,0,0,0,0,0,0,0,0,,0,0,0,0,0,0,0,0,0,0,0,0,0,0,0,0,0,0,,0,0,0,0,0,0,false,
764,765,37658,false,65,50,1.522,0,1.317,0,dynamic_visual_atlas_upload,,,cell_indirection_lut,1.205,2400,2400,0,0,-1,-1,,1991.701174,3.013,4.027,4.027,1,8,3,1.5,false,2,8.666,,,,,,,,,,,,,,,,,,,,,,,,,,,,,,,,,,,,,,,,,,0,0,0,0,false,0,0,,0,0,0,0,0,0,0,,,,,false,{},{},{},{},{},{},{},0,4.905,5.096,0,0,0.019,0,0,0,0,0,0,0,0,0,0,0,0,100,0,9.286,549.52,0.111,4.171,0,0,0,9,9,0,321,0,17,2,0,0,1,2400,0.021,0.025,0,ACTIVE,ACTIVE,,4095,4095,0,,true,16,false,0,0,true,2.741,0.0014,52800,2280,0,,,,,,0,,,0,0,2,763,763,0,767551854852,3.35,0,0.03,0,0,765,764,2400,true,0,0,0,0,0,0,12,12,19224,0,0,0,0,0,0,0,0,0,0,0,0,0,,0,0,0,0,0,0,0,0,0,0,0,0,0,0,0,0,0,0,,0,0,0,0,0,0,false,
765,766,37677,false,65,50,1.806,0,1.492,0,dynamic_visual_atlas_upload,,,cell_indirection_lut,1.205,2400,2400,0,0,-1,-1,,1991.701174,3.013,4.027,4.027,1,8,3,1.5,false,2,8.666,,,,,,,,,,,,,,,,,,,,,,,,,,,,,,,,,,,,,,,,,,0,0,0,0,false,0,0,,0,0,0,0,0,0,0,,,,,false,{},{},{},{},{},{},{},0,3.316,3.515,0,0,0.017,0,0,0,0,0,0,0,0,0,0,0,0,100,0,6.421333,549.52,0.111,2.889333,0,0,0,9,9,0,321,0,17,2,0,0,1,2400,0.021,0.025,0,ACTIVE,ACTIVE,,4095,4095,0,,true,16,false,0,0,true,1.9151,0.0022,19200,2280,0,,,,,,0,,,0,0,2,764,764,0,767551874201,3.269,0,0.03,0,0,766,765,2400,true,0,0,0,0,0,0,12,12,52824,0,0,0,0,0,0,0,0,0,0,0,0,0,,0,0,0,0,0,0,0,0,0,0,0,0,0,0,0,0,0,0,,0,0,0,0,0,0,false,
766,767,37698,false,65,50,1.532,0,1.326,0,dynamic_visual_atlas_upload,,,cell_indirection_lut,1.205,2400,2400,0,0,-1,-1,,1991.701174,3.013,4.027,4.027,1,8,3,1.5,false,2,8.666,,,,,,,,,,,,,,,,,,,,,,,,,,,,,,,,,,,,,,,,,,0,0,0,0,false,0,0,,0,0,0,0,0,0,0,,,,,false,{},{},{},{},{},{},{},0,3.281,3.474,0,0,0.018,0,0,0,0,0,0,0,0,0,0,0,0,100,0,6.821333,549.52,0.111,3.329333,0,0,0,9,9,0,321,0,17,2,0,0,1,2400,0.021,0.025,0,ACTIVE,ACTIVE,,4095,4095,0,,true,16,false,0,0,true,1.8936,0.0012,19200,2280,0,,,,,,0,,,0,0,2,765,765,0,767551894796,3.121,0,0.032,0,0,767,766,2400,true,0,0,0,0,0,0,12,12,19224,0,0,0,0,0,0,0,0,0,0,0,0,0,,0,0,0,0,0,0,0,0,0,0,0,0,0,0,0,0,0,0,,0,0,0,0,0,0,false,
767,768,37719,false,65,50,1.577,0,1.363,0,dynamic_visual_atlas_upload,,,cell_indirection_lut,1.205,2400,2400,0,0,-1,-1,,1991.701174,3.013,4.027,4.027,1,8,3,1.5,false,2,8.666,,,,,,,,,,,,,,,,,,,,,,,,,,,,,,,,,,,,,,,,,,0,0,0,0,false,0,0,,0,0,0,0,0,0,0,,,,,false,{},{},{},{},{},{},{},0,3.572,3.805,0,0,0.018,0,0,0,0,0,0,0,0,0,0,0,0,100,0,7.046667,549.52,0.111,3.223667,0,0,0,9,9,0,321,0,17,2,0,0,1,2400,0.021,0.025,0,ACTIVE,ACTIVE,,4095,4095,0,,true,16,false,0,0,true,2.2213,0.0013,19200,2280,0,,,,,,0,,,0,0,2,766,766,0,767551915326,3.709,0,0.03,0,0,768,767,2400,true,0,0,0,0,0,0,12,12,19224,0,0,0,0,0,0,0,0,0,0,0,0,0,,0,0,0,0,0,0,0,0,0,0,0,0,0,0,0,0,0,0,,0,0,0,0,0,0,false,
768,769,37743,false,65,50,1.578,0,1.34,0,dynamic_visual_atlas_upload,,,cell_indirection_lut,1.205,2400,2400,0,0,-1,-1,,1991.701174,3.013,4.027,4.027,1,8,3,1.5,false,2,8.666,,,,,,,,,,,,,,,,,,,,,,,,,,,,,,,,,,,,,,,,,,0,0,0,0,false,0,0,,0,0,0,0,0,0,0,,,,,false,{},{},{},{},{},{},{},0,0,0.309,0,0,0.02,0,0,0,0,0,0,0,0,0,0,0,0,100,0,6.0705,549.52,0.111,5.7415,0,0,0,9,9,0,321,0,17,2,0,0,1,2400,0.021,0.025,0,ACTIVE,ACTIVE,,4095,4095,0,,true,16,false,0,0,true,2.7712,0.0016,21600,2280,0,,,,,,0,,,0,0,2,767,767,0,767551934535,8.834,0,0.03,0,0,769,768,2400,true,0,0,0,0,0,0,12,12,19224,0,0,0,0,0,0,0,0,0,0,0,0,0,,0,0,0,0,0,0,0,0,0,0,0,0,0,0,0,0,0,0,,0,0,0,0,0,0,false,
769,770,37763,false,65,50,1.617,0,1.409,0,dynamic_visual_atlas_upload,,,cell_indirection_lut,1.205,2400,2400,0,0,-1,-1,,1991.701174,3.013,4.027,4.027,1,8,3,1.5,false,2,8.666,,,,,,,,,,,,,,,,,,,,,,,,,,,,,,,,,,,,,,,,,,0,0,0,0,false,0,0,,0,0,0,0,0,0,0,,,,,false,{},{},{},{},{},{},{},0,0,0.199,0,0,0.014,0,0,0,0,0,0,0,0,0,0,0,0,100,0,6.805,549.52,0.111,6.592,0,0,0,9,9,0,321,0,17,2,0,0,1,2400,0.021,0.025,0,ACTIVE,ACTIVE,,4095,4095,0,,true,16,false,0,0,true,1.8481,0.001,19200,2280,0,,,,,,0,,,0,0,2,768,768,0,767551955064,8.696,0,0.032,0,0,770,769,2400,true,0,0,0,0,0,0,12,12,21624,0,0,0,0,0,0,0,0,0,0,0,0,0,,0,0,0,0,0,0,0,0,0,0,0,0,0,0,0,0,0,0,,0,0,0,0,0,0,false,
770,771,37777,false,65,50,1.468,0,1.291,0,dynamic_visual_atlas_upload,,,cell_indirection_lut,1.205,2400,2400,0,0,-1,-1,,1991.701174,3.013,4.027,4.027,1,8,3,1.5,false,2,8.666,,,,,,,,,,,,,,,,,,,,,,,,,,,,,,,,,,,,,,,,,,0,0,0,0,false,0,0,,0,0,0,0,0,0,0,,,,,false,{},{},{},{},{},{},{},0,0,0.195,0,0,0.015,0,0,0,0,0,0,0,0,0,0,0,0,100,0,6.7275,549.52,0.111,6.5175,0,0,0,9,9,0,321,0,17,2,0,0,1,2400,0.021,0.025,0,ACTIVE,ACTIVE,,4095,4095,0,,true,16,false,0,0,true,1.8516,0.001,19200,2280,0,,,,,,0,,,0,0,2,769,769,0,767551973892,3.352,0,0.039,0,0,771,770,2400,true,0,0,0,0,0,0,12,12,19224,0,0,0,0,0,0,0,0,0,0,0,0,0,,0,0,0,0,0,0,0,0,0,0,0,0,0,0,0,0,0,0,,0,0,0,0,0,0,false,
771,772,37794,false,65,50,1.472,0,1.31,0,dynamic_visual_atlas_upload,,,cell_indirection_lut,1.205,2400,2400,0,0,-1,-1,,1991.701174,3.013,4.027,4.027,1,8,3,1.5,false,2,8.666,,,,,,,,,,,,,,,,,,,,,,,,,,,,,,,,,,,,,,,,,,0,0,0,0,false,0,0,,0,0,0,0,0,0,0,,,,,false,{},{},{},{},{},{},{},0,2.865,3.014,0,0,0.014,0,0,0,0,0,0,0,0,0,0,0,0,100,0,8.287,549.52,0.111,5.259,0,0,0,9,9,0,321,0,17,2,0,0,1,2400,0.021,0.025,0,ACTIVE,ACTIVE,,4095,4095,0,,true,16,false,0,0,true,1.8706,0.001,19200,2280,0,,,,,,0,,,0,0,2,770,770,0,767551991541,2.308,0,0.029,0,0,772,771,2400,true,0,0,0,0,0,0,12,12,19224,0,0,0,0,0,0,0,0,0,0,0,0,0,,0,0,0,0,0,0,0,0,0,0,0,0,0,0,0,0,0,0,,0,0,0,0,0,0,false,
772,773,37815,false,65,50,1.424,0,1.267,0,dynamic_visual_atlas_upload,,,cell_indirection_lut,1.205,2400,2400,0,0,-1,-1,,1991.701174,3.013,4.027,4.027,1,8,3,1.5,false,2,8.666,,,,,,,,,,,,,,,,,,,,,,,,,,,,,,,,,,,,,,,,,,0,0,0,0,false,0,0,,0,0,0,0,0,0,0,,,,,false,{},{},{},{},{},{},{},0,3.933,4.113,0,0,0.018,0,0,0,0,0,0,0,0,0,0,0,0,100,0,7.318,549.52,0.111,3.187,0,0,0,9,9,0,321,0,17,2,0,0,1,2400,0.021,0.025,0,ACTIVE,ACTIVE,,4095,4095,0,,true,16,false,0,0,true,2.4627,0.0012,52800,2280,0,,,,,,0,,,0,0,2,771,771,0,767552010196,5.484,0,0.032,0,0,773,772,2400,true,0,0,0,0,0,0,12,12,19224,0,0,0,0,0,0,0,0,0,0,0,0,0,,0,0,0,0,0,0,0,0,0,0,0,0,0,0,0,0,0,0,,0,0,0,0,0,0,false,
773,774,37835,false,65,50,1.404,0,1.27,0,dynamic_visual_atlas_upload,,,cell_indirection_lut,1.205,2400,2400,0,0,-1,-1,,1991.701174,3.013,4.027,4.027,1,8,3,1.5,false,2,8.666,,,,,,,,,,,,,,,,,,,,,,,,,,,,,,,,,,,,,,,,,,0,0,0,0,false,0,0,,0,0,0,0,0,0,0,,,,,false,{},{},{},{},{},{},{},0,2.916,3.073,0,0,0.014,0,0,0,0,0,0,0,0,0,0,0,0,100,0,6.482,549.52,0.111,3.395,0,0,0,9,9,0,321,0,17,2,0,0,1,2400,0.021,0.025,0,ACTIVE,ACTIVE,,4095,4095,0,,true,16,false,0,0,true,1.87,0.001,19200,2280,0,,,,,,0,,,0,0,2,772,772,0,767552031065,4.085,0,0.027,0,0,774,773,2400,true,0,0,0,0,0,0,12,12,52824,0,0,0,0,0,0,0,0,0,0,0,0,0,,0,0,0,0,0,0,0,0,0,0,0,0,0,0,0,0,0,0,,0,0,0,0,0,0,false,
774,775,37856,false,65,50,1.459,0,1.297,0,dynamic_visual_atlas_upload,,,cell_indirection_lut,1.205,2400,2400,0,0,-1,-1,,1991.701174,3.013,4.027,4.027,1,8,3,1.5,false,2,8.666,,,,,,,,,,,,,,,,,,,,,,,,,,,,,,,,,,,,,,,,,,0,0,0,0,false,0,0,,0,0,0,0,0,0,0,,,,,false,{},{},{},{},{},{},{},0,2.872,3.019,0,0,0.011,0,0,0,0,0,0,0,0,0,0,0,0,100,0,6.928,549.52,0.111,3.898,0,0,0,9,9,0,321,0,17,2,0,0,1,2400,0.021,0.025,0,ACTIVE,ACTIVE,,4095,4095,0,,true,16,false,0,0,true,2.4678,0.0015,21600,2280,0,,,,,,0,,,0,0,2,773,773,0,767552051593,4.324,0,0.042,0,0,775,774,2400,true,0,0,0,0,0,0,12,12,19224,0,0,0,0,0,0,0,0,0,0,0,0,0,,0,0,0,0,0,0,0,0,0,0,0,0,0,0,0,0,0,0,,0,0,0,0,0,0,false,
775,776,37877,false,65,50,1.454,0,1.294,0,dynamic_visual_atlas_upload,,,cell_indirection_lut,1.205,2400,2400,0,0,-1,-1,,1991.701174,3.013,4.027,4.027,1,8,3,1.5,false,2,8.666,,,,,,,,,,,,,,,,,,,,,,,,,,,,,,,,,,,,,,,,,,0,0,0,0,false,0,0,,0,0,0,0,0,0,0,,,,,false,{},{},{},{},{},{},{},0,3.012,3.194,0,0,0.017,0,0,0,0,0,0,0,0,0,0,0,0,100,0,6.938333,549.52,0.111,3.727333,0,0,0,9,9,0,321,0,17,2,0,0,1,2400,0.021,0.025,0,ACTIVE,ACTIVE,,4095,4095,0,,true,16,false,0,0,true,1.854,0.0012,19200,2279,0,,,,,,0,,,0,0,2,774,774,0,767552071519,5.254,0,0.028,0,0,776,775,2400,true,0,0,0,0,0,0,12,12,21624,0,0,0,0,0,0,0,0,0,0,0,0,0,,0,0,0,0,0,0,0,0,0,0,0,0,0,0,0,0,0,0,,0,0,0,0,0,0,false,
776,777,37898,false,65,50,1.61,0,1.438,0,dynamic_visual_atlas_upload,,,cell_indirection_lut,1.205,2400,2400,0,0,-1,-1,,1991.701174,3.013,4.027,4.027,1,8,3,1.5,false,2,8.666,,,,,,,,,,,,,,,,,,,,,,,,,,,,,,,,,,,,,,,,,,0,0,0,0,false,0,0,,0,0,0,0,0,0,0,,,,,false,{},{},{},{},{},{},{},0,3.313,3.489,0,0,0.015,0,0,0,0,0,0,0,0,0,0,0,0,100,0,7.094667,549.52,0.111,3.590667,0,0,0,9,9,0,321,0,17,2,0,0,1,2400,0.021,0.025,0,ACTIVE,ACTIVE,,4095,4095,0,,true,16,false,0,0,true,2.1754,0.0012,19200,2279,0,,,,,,0,,,0,0,2,775,775,0,767552093330,4.692,0,0.029,0,0,777,776,2400,true,0,0,0,0,0,0,12,12,19224,0,0,0,0,0,0,0,0,0,0,0,0,0,,0,0,0,0,0,0,0,0,0,0,0,0,0,0,0,0,0,0,,0,0,0,0,0,0,false,
777,778,37918,false,65,50,1.582,0,1.387,0,dynamic_visual_atlas_upload,,,cell_indirection_lut,1.205,2400,2400,0,0,-1,-1,,1991.701174,3.013,4.027,4.027,1,8,3,1.5,false,2,8.666,,,,,,,,,,,,,,,,,,,,,,,,,,,,,,,,,,,,,,,,,,0,0,0,0,false,0,0,,0,0,0,0,0,0,0,,,,,false,{},{},{},{},{},{},{},0,2.929,3.085,0,0,0.015,0,0,0,0,0,0,0,0,0,0,0,0,100,0,6.722,549.52,0.111,3.622,0,0,0,9,9,0,321,0,17,2,0,0,1,2400,0.021,0.025,0,ACTIVE,ACTIVE,,4095,4095,0,,true,16,false,0,0,true,1.9471,0.0014,19200,2279,0,,,,,,0,,,0,0,2,776,776,0,767552112880,5.361,0,0.029,0,0,778,777,2400,true,0,0,0,0,0,0,12,12,19224,0,0,0,0,0,0,0,0,0,0,0,0,0,,0,0,0,0,0,0,0,0,0,0,0,0,0,0,0,0,0,0,,0,0,0,0,0,0,false,
778,779,37936,false,65,50,1.587,0,1.323,0,dynamic_visual_atlas_upload,,,cell_indirection_lut,1.205,2400,2400,0,0,-1,-1,,1991.701174,3.013,4.027,4.027,1,8,3,1.5,false,2,8.666,,,,,,,,,,,,,,,,,,,,,,,,,,,,,,,,,,,,,,,,,,0,0,0,0,false,0,0,,0,0,0,0,0,0,0,,,,,false,{},{},{},{},{},{},{},0,0.001,0.334,0,0,0.022,0,0,0,0,0,0,0,0,0,0,0,0,100,0,6.045333,549.52,0.111,5.689333,0,0,0,9,9,0,321,0,17,2,0,0,1,2400,0.021,0.025,0,ACTIVE,ACTIVE,,4095,4095,0,,true,16,false,0,0,true,2.0008,0.0019,19200,2279,0,,,,,,0,,,0,0,2,777,777,0,767552133437,3.038,0,0.029,0,0,779,778,2400,true,0,0,0,0,0,0,12,12,19224,0,0,0,0,0,0,0,0,0,0,0,0,0,,0,0,0,0,0,0,0,0,0,0,0,0,0,0,0,0,0,0,,0,0,0,0,0,0,false,
779,780,37956,false,65,50,1.384,0,1.231,0,dynamic_visual_atlas_upload,,,cell_indirection_lut,1.205,2400,2400,0,0,-1,-1,,1991.701174,3.013,4.027,4.027,1,8,3,1.5,false,2,8.666,,,,,,,,,,,,,,,,,,,,,,,,,,,,,,,,,,,,,,,,,,0,0,0,0,false,0,0,,0,0,0,0,0,0,0,,,,,false,{},{},{},{},{},{},{},0,0,0.224,0,0,0.017,0,0,0,0,0,0,0,0,0,0,0,0,100,0,6.736,549.52,0.111,6.495,0,0,0,9,9,0,321,0,17,2,0,0,1,2400,0.021,0.025,0,ACTIVE,ACTIVE,,4095,4095,0,,true,16,false,0,0,true,1.8562,0.0016,19200,2279,0,,,,,,0,,,0,0,2,778,778,0,767552152965,3.619,0,0.032,0,0,780,779,2400,true,0,0,0,0,0,0,12,12,19224,0,0,0,0,0,0,0,0,0,0,0,0,0,,0,0,0,0,0,0,0,0,0,0,0,0,0,0,0,0,0,0,,0,0,0,0,0,0,false,
780,781,37976,false,65,50,2.289,0,2.086,0,dynamic_visual_atlas_upload,,,cell_indirection_lut,1.205,2400,2400,0,0,-1,-1,,1991.701174,3.013,4.027,4.027,1,8,3,1.5,false,2,8.666,,,,,,,,,,,,,,,,,,,,,,,,,,,,,,,,,,,,,,,,,,0,0,0,0,false,0,0,,0,0,0,0,0,0,0,,,,,false,{},{},{},{},{},{},{},0,4.786,5.023,0,0,0.019,0,0,0,0,0,0,0,0,0,0,0,0,100,0,9.9975,549.52,0.111,4.9555,0,0,0,9,9,0,321,0,17,2,0,0,1,2400,0.021,0.025,0,ACTIVE,ACTIVE,,4095,4095,0,,true,16,false,0,0,true,3.3176,0.001,55200,2280,0,,,,,,0,,,0,0,2,779,779,0,767552171723,4.913,0,0.033,0,0,781,780,2400,true,0,0,0,0,0,0,12,12,19224,0,0,0,0,0,0,0,0,0,0,0,0,0,,0,0,0,0,0,0,0,0,0,0,0,0,0,0,0,0,0,0,,0,0,0,0,0,0,false,
781,782,37995,false,65,50,1.609,0,1.385,0,dynamic_visual_atlas_upload,,,cell_indirection_lut,1.205,2400,2400,0,0,-1,-1,,1991.701174,3.013,4.027,4.027,1,8,3,1.5,false,2,8.666,,,,,,,,,,,,,,,,,,,,,,,,,,,,,,,,,,,,,,,,,,0,0,0,0,false,0,0,,0,0,0,0,0,0,0,,,,,false,{},{},{},{},{},{},{},0.001,3.233,3.423,0,0,0.015,0,0,0,0,0,0,0,0,0,0,0,0,100,0,6.131333,549.52,0.111,2.693333,0,0,0,9,9,0,321,0,17,2,0,0,1,2400,0.021,0.025,0,ACTIVE,ACTIVE,,4095,4095,0,,true,16,false,0,0,true,1.9994,0.0014,19200,2280,0,,,,,,0,,,0,0,2,780,780,0,767552191714,3.216,0,0.041,0,0,782,781,2400,true,0,0,0,0,0,0,12,12,55224,0,0,0,0,0,0,0,0,0,0,0,0,0,,0,0,0,0,0,0,0,0,0,0,0,0,0,0,0,0,0,0,,0,0,0,0,0,0,false,
782,783,38015,false,146,50,1.443,0,1.298,0,dynamic_visual_atlas_upload,,,cell_indirection_lut,1.205,2400,2400,0,0,-1,-1,,1991.701174,3.013,4.027,4.027,1,8,3,1.5,false,2,8.666,,,,,,,,,,,,,,,,,,,,,,,,,,,,,,,,,,,,,,,,,,0,0,0,0,false,0,0,,0,0,0,0,0,0,0,,,,,false,{},{},{},{},{},{},{},0,3.452,3.617,0,0,0.013,0,0,0,0,0,0,0,0,0,0,0,0,100,0,6.742667,11.659,0.092,3.112667,0,0,0,9,9,0,321,0,17,2,0,0,1,2400,0.021,0.025,0,ACTIVE,ACTIVE,,4095,4095,0,,true,16,false,0,0,true,2.0399,0.001,24000,2279,0,,,,,,0,,,0,0,2,781,781,0,767552210183,4.942,0,0.031,0,0,783,782,2400,true,0,0,0,0,0,0,12,12,19224,0,0,0,0,0,0,0,0,0,0,0,0,0,,0,0,0,0,0,0,0,0,0,0,0,0,0,0,0,0,0,0,,0,0,0,0,0,0,false,
783,784,38035,false,146,50,1.374,0,1.237,0,dynamic_visual_atlas_upload,,,cell_indirection_lut,1.205,2400,2400,0,0,-1,-1,,1991.701174,3.013,4.027,4.027,1,8,3,1.5,false,2,8.666,,,,,,,,,,,,,,,,,,,,,,,,,,,,,,,,,,,,,,,,,,0,0,0,0,false,0,0,,0,0,0,0,0,0,0,,,,,false,{},{},{},{},{},{},{},0,3.001,3.16,0,0,0.015,0,0,0,0,0,0,0,0,0,0,0,0,100,0,6.726667,11.659,0.092,3.551667,0,0,0,9,9,0,321,0,17,2,0,0,1,2400,0.021,0.025,0,ACTIVE,ACTIVE,,4095,4095,0,,true,16,false,0,0,true,1.972,0.001,19200,2279,0,,,,,,0,,,0,0,2,782,782,0,767552230381,5.012,0,0.029,0,0,784,783,2400,true,0,0,0,0,0,0,12,12,24024,0,0,0,0,0,0,0,0,0,0,0,0,0,,0,0,0,0,0,0,0,0,0,0,0,0,0,0,0,0,0,0,,0,0,0,0,0,0,false,
784,785,38057,false,146,50,1.523,0,1.358,0,dynamic_visual_atlas_upload,,,cell_indirection_lut,1.205,2400,2400,0,0,-1,-1,,1991.701174,3.013,4.027,4.027,1,8,3,1.5,false,2,8.666,,,,,,,,,,,,,,,,,,,,,,,,,,,,,,,,,,,,,,,,,,0,0,0,0,false,0,0,,0,0,0,0,0,0,0,,,,,false,{},{},{},{},{},{},{},0,3.606,3.766,0,0,0.014,0,0,0,0,0,0,0,0,0,0,0,0,100,0,7.162,11.659,0.092,3.382,0,0,0,9,9,0,321,0,17,2,0,0,1,2400,0.021,0.025,0,ACTIVE,ACTIVE,,4095,4095,0,,true,16,false,0,0,true,1.9764,0.0011,19200,2279,0,,,,,,0,,,0,0,2,783,783,0,767552250214,6.608,0,0.03,0,0,785,784,2400,true,0,0,0,0,0,0,12,12,19224,0,0,0,0,0,0,0,0,0,0,0,0,0,,0,0,0,0,0,0,0,0,0,0,0,0,0,0,0,0,0,0,,0,0,0,0,0,0,false,
785,786,38076,false,146,50,1.454,0,1.3,0,dynamic_visual_atlas_upload,,,cell_indirection_lut,1.205,2400,2400,0,0,-1,-1,,1991.701174,3.013,4.027,4.027,1,8,3,1.5,false,2,8.666,,,,,,,,,,,,,,,,,,,,,,,,,,,,,,,,,,,,,,,,,,0,0,0,0,false,0,0,,0,0,0,0,0,0,0,,,,,false,{},{},{},{},{},{},{},0,3.023,3.18,0,0,0.012,0,0,0,0,0,0,0,0,0,0,0,0,100,0,6.638333,11.659,0.092,3.446333,0,0,0,9,9,0,321,0,17,2,0,0,1,2400,0.021,0.025,0,ACTIVE,ACTIVE,,4095,4095,0,,true,16,false,0,0,true,1.8961,0.0011,19200,1882,0,,,,,,0,,,0,0,2,784,784,0,767552271964,4.795,0,0.03,0,0,786,785,2400,true,0,0,0,0,0,0,12,12,19224,0,0,0,0,0,0,0,0,0,0,0,0,0,,0,0,0,0,0,0,0,0,0,0,0,0,0,0,0,0,0,0,,0,0,0,0,0,0,false,
786,787,38098,false,146,50,1.38,0,1.254,0,dynamic_visual_atlas_upload,,,cell_indirection_lut,1.205,2400,2400,0,0,-1,-1,,1991.701174,3.013,4.027,4.027,1,8,3,1.5,false,2,8.666,,,,,,,,,,,,,,,,,,,,,,,,,,,,,,,,,,,,,,,,,,0,0,0,0,false,0,0,,0,0,0,0,0,0,0,,,,,false,{},{},{},{},{},{},{},0,3.615,3.792,0,0,0.016,0,0,0,0,0,0,0,0,0,0,0,0,100,0,7.043667,11.659,0.092,3.235667,0,0,0,9,9,0,321,0,17,2,0,0,1,2400,0.021,0.025,0,ACTIVE,ACTIVE,,4095,4095,0,,true,16,false,0,0,true,2.4175,0.0013,21600,2280,0,,,,,,0,,,0,0,2,785,785,0,767552291786,6.061,0,0.028,0,0,787,786,2400,true,0,0,0,0,0,0,12,12,19224,0,0,0,0,0,0,0,0,0,0,0,0,0,,0,0,0,0,0,0,0,0,0,0,0,0,0,0,0,0,0,0,,0,0,0,0,0,0,false,
787,788,38118,false,146,50,1.431,0,1.298,0,dynamic_visual_atlas_upload,,,cell_indirection_lut,1.205,2400,2400,0,0,-1,-1,,1991.701174,3.013,4.027,4.027,1,8,3,1.5,false,2,8.666,,,,,,,,,,,,,,,,,,,,,,,,,,,,,,,,,,,,,,,,,,0,0,0,0,false,0,0,,0,0,0,0,0,0,0,,,,,false,{},{},{},{},{},{},{},0,3.752,3.9,0,0,0.012,0,0,0,0,0,0,0,0,0,0,0,0,100,0,6.932333,11.659,0.092,3.020333,0,0,0,9,9,0,321,0,17,2,0,0,1,2400,0.021,0.025,0,ACTIVE,ACTIVE,,4095,4095,0,,true,16,false,0,0,true,2.2439,0.001,19200,2280,0,,,,,,0,,,0,0,2,786,786,0,767552312913,5.763,0,0.03,0,0,788,787,2400,true,0,0,0,0,0,0,12,12,21624,0,0,0,0,0,0,0,0,0,0,0,0,0,,0,0,0,0,0,0,0,0,0,0,0,0,0,0,0,0,0,0,,0,0,0,0,0,0,false,
788,789,38142,false,146,50,1.382,0,1.23,0,dynamic_visual_atlas_upload,,,cell_indirection_lut,1.205,2400,2400,0,0,-1,-1,,1991.701174,3.013,4.027,4.027,1,8,3,1.5,false,2,8.666,,,,,,,,,,,,,,,,,,,,,,,,,,,,,,,,,,,,,,,,,,0,0,0,0,false,0,0,,0,0,0,0,0,0,0,,,,,false,{},{},{},{},{},{},{},0,0,0.176,0,0,0.011,0,0,0,0,0,0,0,0,0,0,0,0,100,0,5.99375,11.659,0.092,5.80675,0,0,0,9,9,0,321,0,17,2,0,0,1,2400,0.021,0.025,0,ACTIVE,ACTIVE,,4095,4095,0,,true,16,false,0,0,true,2.4881,0.001,52800,2278,0,,,,,,0,,,0,0,2,787,787,0,767552334553,8.133,0,0.031,0,0,789,788,2400,true,0,0,0,0,0,0,12,12,19224,0,0,0,0,0,0,0,0,0,0,0,0,0,,0,0,0,0,0,0,0,0,0,0,0,0,0,0,0,0,0,0,,0,0,0,0,0,0,false,
789,790,38157,false,146,50,1.566,0,1.397,0,dynamic_visual_atlas_upload,,,cell_indirection_lut,1.205,2400,2400,0,0,-1,-1,,1991.701174,3.013,4.027,4.027,1,8,3,1.5,false,2,8.666,,,,,,,,,,,,,,,,,,,,,,,,,,,,,,,,,,,,,,,,,,0,0,0,0,false,0,0,,0,0,0,0,0,0,0,,,,,false,{},{},{},{},{},{},{},0,0,0.226,0,0,0.014,0,0,0,0,0,0,0,0,0,0,0,0,100,0,7.112,11.659,0.092,6.872,0,0,0,9,9,0,321,0,17,2,0,0,1,2400,0.021,0.025,0,ACTIVE,ACTIVE,,4095,4095,0,,true,16,false,0,0,true,1.8784,0.001,19200,2280,0,,,,,,0,,,0,0,2,788,788,0,767552353278,3.572,0,0.038,0,0,790,789,2400,true,0,0,0,0,0,0,12,12,52824,0,0,0,0,0,0,0,0,0,0,0,0,0,,0,0,0,0,0,0,0,0,0,0,0,0,0,0,0,0,0,0,,0,0,0,0,0,0,false,
790,791,38176,false,146,50,1.38,0,1.235,0,dynamic_visual_atlas_upload,,,cell_indirection_lut,1.205,2400,2400,0,0,-1,-1,,1991.701174,3.013,4.027,4.027,1,8,3,1.5,false,2,8.666,,,,,,,,,,,,,,,,,,,,,,,,,,,,,,,,,,,,,,,,,,0,0,0,0,false,0,0,,0,0,0,0,0,0,0,,,,,false,{},{},{},{},{},{},{},0,5.576,5.719,0,0,0.01,0,0,0,0,0,0,0,0,0,0,0,0,100,0,9.4775,11.659,0.092,3.7485,0,0,0,9,9,0,321,0,17,2,0,0,1,2400,0.021,0.025,0,ACTIVE,ACTIVE,,4095,4095,0,,true,16,false,0,0,true,1.7979,0.0012,19200,2278,0,,,,,,0,,,0,0,2,789,789,0,767552371373,4.419,0,0.028,0,0,791,790,2400,true,0,0,0,0,0,0,12,12,19224,0,0,0,0,0,0,0,0,0,0,0,0,0,,0,0,0,0,0,0,0,0,0,0,0,0,0,0,0,0,0,0,,0,0,0,0,0,0,false,
791,792,38194,false,146,50,1.485,0,1.249,0,dynamic_visual_atlas_upload,,,cell_indirection_lut,1.205,2400,2400,0,0,-1,-1,,1991.701174,3.013,4.027,4.027,1,8,3,1.5,false,2,8.666,,,,,,,,,,,,,,,,,,,,,,,,,,,,,,,,,,,,,,,,,,0,0,0,0,false,0,0,,0,0,0,0,0,0,0,,,,,false,{},{},{},{},{},{},{},0,2.919,3.075,0,0,0.013,0,0,0,0,0,0,0,0,0,0,0,0,100,0,6.059,11.659,0.092,2.971,0,0,0,9,9,0,321,0,17,2,0,0,1,2400,0.021,0.025,0,ACTIVE,ACTIVE,,4095,4095,0,,true,16,false,0,0,true,1.8471,0.0009,19200,2280,0,,,,,,0,,,0,0,2,790,790,0,767552389641,4.36,0,0.029,0,0,792,791,2400,true,0,0,0,0,0,0,12,12,19224,0,0,0,0,0,0,0,0,0,0,0,0,0,,0,0,0,0,0,0,0,0,0,0,0,0,0,0,0,0,0,0,,0,0,0,0,0,0,false,
792,793,38215,false,146,50,1.487,0,1.357,0,dynamic_visual_atlas_upload,,,cell_indirection_lut,1.205,2400,2400,0,0,-1,-1,,1991.701174,3.013,4.027,4.027,1,8,3,1.5,false,2,8.666,,,,,,,,,,,,,,,,,,,,,,,,,,,,,,,,,,,,,,,,,,0,0,0,0,false,0,0,,0,0,0,0,0,0,0,,,,,false,{},{},{},{},{},{},{},0,3.918,4.087,0,0,0.025,0,0,0,0,0,0,0,0,0,0,0,0,100,0,7.154667,11.659,0.092,3.042667,0,0,0,9,9,0,321,0,17,2,0,0,1,2400,0.021,0.025,0,ACTIVE,ACTIVE,,4095,4095,0,,true,16,false,0,0,true,2.6636,0.0012,21600,2279,0,,,,,,0,,,0,0,2,791,791,0,767552408536,6.962,0,0.029,0,0,793,792,2400,true,0,0,0,0,0,0,12,12,19224,0,0,0,0,0,0,0,0,0,0,0,0,0,,0,0,0,0,0,0,0,0,0,0,0,0,0,0,0,0,0,0,,0,0,0,0,0,0,false,
793,794,38235,false,146,50,1.423,0,1.289,0,dynamic_visual_atlas_upload,,,cell_indirection_lut,1.205,2400,2400,0,0,-1,-1,,1991.701174,3.013,4.027,4.027,1,8,3,1.5,false,2,8.666,,,,,,,,,,,,,,,,,,,,,,,,,,,,,,,,,,,,,,,,,,0,0,0,0,false,0,0,,0,0,0,0,0,0,0,,,,,false,{},{},{},{},{},{},{},0,2.918,3.064,0,0,0.013,0,0,0,0,0,0,0,0,0,0,0,0,100,0,6.626667,11.659,0.092,3.549667,0,0,0,9,9,0,321,0,17,2,0,0,1,2400,0.021,0.025,0,ACTIVE,ACTIVE,,4095,4095,0,,true,16,false,0,0,true,1.8876,0.001,19200,1916,0,,,,,,0,,,0,0,2,792,792,0,767552431623,3.689,0,0.03,0,0,794,793,2400,true,0,0,0,0,0,0,12,12,21624,0,0,0,0,0,0,0,0,0,0,0,0,0,,0,0,0,0,0,0,0,0,0,0,0,0,0,0,0,0,0,0,,0,0,0,0,0,0,false,
794,795,38256,false,146,50,1.386,0,1.263,0,dynamic_visual_atlas_upload,,,cell_indirection_lut,1.205,2400,2400,0,0,-1,-1,,1991.701174,3.013,4.027,4.027,1,8,3,1.5,false,2,8.666,,,,,,,,,,,,,,,,,,,,,,,,,,,,,,,,,,,,,,,,,,0,0,0,0,false,0,0,,0,0,0,0,0,0,0,,,,,false,{},{},{},{},{},{},{},0,3.3,3.45,0,0,0.012,0,0,0,0,0,0,0,0,0,0,0,0,100,0,6.922,11.659,0.092,3.46,0,0,0,9,9,0,321,0,17,2,0,0,1,2400,0.021,0.025,0,ACTIVE,ACTIVE,,4095,4095,0,,true,16,false,0,0,true,1.8082,0.0011,19200,2280,0,,,,,,0,,,0,0,2,793,793,0,767552450327,5.933,0,0.029,0,0,795,794,2400,true,0,0,0,0,0,0,12,12,19224,0,0,0,0,0,0,0,0,0,0,0,0,0,,0,0,0,0,0,0,0,0,0,0,0,0,0,0,0,0,0,0,,0,0,0,0,0,0,false,
795,796,38277,false,146,50,1.391,0,1.267,0,dynamic_visual_atlas_upload,,,cell_indirection_lut,1.205,2400,2400,0,0,-1,-1,,1991.701174,3.013,4.027,4.027,1,8,3,1.5,false,2,8.666,,,,,,,,,,,,,,,,,,,,,,,,,,,,,,,,,,,,,,,,,,0,0,0,0,false,0,0,,0,0,0,0,0,0,0,,,,,false,{},{},{},{},{},{},{},0,3.397,3.551,0,0,0.011,0,0,0,0,0,0,0,0,0,0,0,0,100,0,6.984,11.659,0.092,3.422,0,0,0,9,9,0,321,0,17,2,0,0,1,2400,0.021,0.025,0,ACTIVE,ACTIVE,,4095,4095,0,,true,16,false,0,0,true,1.9109,0.0011,19200,2280,0,,,,,,0,,,0,0,2,794,794,0,767552470955,6.079,0,0.032,0,0,796,795,2400,true,0,0,0,0,0,0,12,12,19224,0,0,0,0,0,0,0,0,0,0,0,0,0,,0,0,0,0,0,0,0,0,0,0,0,0,0,0,0,0,0,0,,0,0,0,0,0,0,false,
796,797,38298,false,146,50,1.432,0,1.304,0,dynamic_visual_atlas_upload,,,cell_indirection_lut,1.205,2400,2400,0,0,-1,-1,,1991.701174,3.013,4.027,4.027,1,8,3,1.5,false,2,8.666,,,,,,,,,,,,,,,,,,,,,,,,,,,,,,,,,,,,,,,,,,0,0,0,0,false,0,0,,0,0,0,0,0,0,0,,,,,false,{},{},{},{},{},{},{},0,3.948,4.102,0,0,0.024,0,0,0,0,0,0,0,0,0,0,0,0,100,0,7.088333,11.659,0.092,2.962333,0,0,0,9,9,0,321,0,17,2,0,0,1,2400,0.021,0.025,0,ACTIVE,ACTIVE,,4095,4095,0,,true,16,false,0,0,true,2.4735,0.0011,52800,2280,0,,,,,,0,,,0,0,2,795,795,0,767552492010,6.28,0,0.029,0,0,797,796,2400,true,0,0,0,0,0,0,12,12,19224,0,0,0,0,0,0,0,0,0,0,0,0,0,,0,0,0,0,0,0,0,0,0,0,0,0,0,0,0,0,0,0,,0,0,0,0,0,0,false,
797,798,38318,false,146,50,1.575,0,1.389,0,dynamic_visual_atlas_upload,,,cell_indirection_lut,1.205,2400,2400,0,0,-1,-1,,1991.701174,3.013,4.027,4.027,1,8,3,1.5,false,2,8.666,,,,,,,,,,,,,,,,,,,,,,,,,,,,,,,,,,,,,,,,,,0,0,0,0,false,0,0,,0,0,0,0,0,0,0,,,,,false,{},{},{},{},{},{},{},0,3.166,3.334,0,0,0.014,0,0,0,0,0,0,0,0,0,0,0,0,100,0,6.782667,11.659,0.092,3.434667,0,0,0,9,9,0,321,0,17,2,0,0,1,2400,0.021,0.025,0,ACTIVE,ACTIVE,,4095,4095,0,,true,16,false,0,0,true,1.8527,0.0012,19200,2058,0,,,,,,0,,,0,0,2,796,796,0,767552514445,4.28,0,0.03,0,0,798,797,2400,true,0,0,0,0,0,0,12,12,52824,0,0,0,0,0,0,0,0,0,0,0,0,0,,0,0,0,0,0,0,0,0,0,0,0,0,0,0,0,0,0,0,,0,0,0,0,0,0,false,
798,799,38336,false,146,50,1.467,0,1.285,0,dynamic_visual_atlas_upload,,,cell_indirection_lut,1.205,2400,2400,0,0,-1,-1,,1991.701174,3.013,4.027,4.027,1,8,3,1.5,false,2,8.666,,,,,,,,,,,,,,,,,,,,,,,,,,,,,,,,,,,,,,,,,,0,0,0,0,false,0,0,,0,0,0,0,0,0,0,,,,,false,{},{},{},{},{},{},{},0,0,0.198,0,0,0.018,0,0,0,0,0,0,0,0,0,0,0,0,100,0,5.829667,11.659,0.092,5.613667,0,0,0,9,9,0,321,0,17,2,0,0,1,2400,0.021,0.025,0,ACTIVE,ACTIVE,,4095,4095,0,,true,16,false,0,0,true,1.8527,0.0012,19200,2058,0,,,,,,0,,,0,0,2,797,797,0,767552533803,2.373,0,0.033,0,0,799,798,2400,true,0,0,0,0,0,0,12,12,19224,0,0,0,0,0,0,0,0,0,0,0,0,0,,0,0,0,0,0,0,0,0,0,0,0,0,0,0,0,0,0,0,,0,0,0,0,0,0,false,
799,800,38356,false,146,50,1.474,0,1.333,0,dynamic_visual_atlas_upload,,,cell_indirection_lut,1.205,2400,2400,0,0,-1,-1,,1991.701174,3.013,4.027,4.027,1,8,3,1.5,false,2,8.666,,,,,,,,,,,,,,,,,,,,,,,,,,,,,,,,,,,,,,,,,,0,0,0,0,false,0,0,,0,0,0,0,0,0,0,,,,,false,{},{},{},{},{},{},{},0,0,0.178,0,0,0.014,0,0,0,0,0,0,0,0,0,0,0,0,100,0,6.841333,11.659,0.092,6.649333,0,0,0,9,9,0,321,0,17,2,0,0,1,2400,0.021,0.025,0,ACTIVE,ACTIVE,,4095,4095,0,,true,16,false,0,0,true,1.8004,0.0011,19200,2278,0,,,,,,0,,,0,0,2,798,798,0,767552553113,3.562,0,0.033,0,0,800,799,2400,true,0,0,0,0,0,0,12,12,21624,0,0,0,0,0,0,0,0,0,0,0,0,0,,0,0,0,0,0,0,0,0,0,0,0,0,0,0,0,0,0,0,,0,0,0,0,0,0,false,
800,801,38374,false,146,50,1.437,0,1.284,0,dynamic_visual_atlas_upload,,,cell_indirection_lut,1.205,2400,2400,0,0,-1,-1,,1991.701174,3.013,4.027,4.027,1,8,3,1.5,false,2,8.666,,,,,,,,,,,,,,,,,,,,,,,,,,,,,,,,,,,,,,,,,,0,0,0,0,false,0,0,,0,0,0,0,0,0,0,,,,,false,{},{},{},{},{},{},{},0,3.135,3.4,0,0,0.015,0,0,0,0,0,0,0,0,0,0,0,0,100,0,8.579,11.659,0.092,5.164,0,0,0,9,9,0,321,0,17,2,0,0,1,2400,0.021,0.025,0,ACTIVE,ACTIVE,,4095,4095,0,,true,16,false,0,0,true,1.9913,0.001,19200,2280,0,,,,,,0,,,0,0,2,799,799,0,767552571063,2.803,0,0.029,0,0,801,800,2400,true,0,0,0,0,0,0,12,12,19224,0,0,0,0,0,0,0,0,0,0,0,0,0,,0,0,0,0,0,0,0,0,0,0,0,0,0,0,0,0,0,0,,0,0,0,0,0,0,false,
801,802,38394,false,146,50,1.399,0,1.265,0,dynamic_visual_atlas_upload,,,cell_indirection_lut,1.205,2400,2400,0,0,-1,-1,,1991.701174,3.013,4.027,4.027,1,8,3,1.5,false,2,8.666,,,,,,,,,,,,,,,,,,,,,,,,,,,,,,,,,,,,,,,,,,0,0,0,0,false,0,0,,0,0,0,0,0,0,0,,,,,false,{},{},{},{},{},{},{},0,2.897,3.037,0,0,0.01,0,0,0,0,0,0,0,0,0,0,0,0,100,0,6.702333,11.659,0.092,3.655333,0,0,0,9,9,0,321,0,17,2,0,0,1,2400,0.021,0.025,0,ACTIVE,ACTIVE,,4095,4095,0,,true,16,false,0,0,true,1.8053,0.0008,19200,2278,0,,,,,,0,,,0,0,2,800,800,0,767552590034,3.897,0,0.033,0,0,802,801,2400,true,0,0,0,0,0,0,12,12,19224,0,0,0,0,0,0,0,0,0,0,0,0,0,,0,0,0,0,0,0,0,0,0,0,0,0,0,0,0,0,0,0,,0,0,0,0,0,0,false,
802,803,38415,false,146,50,1.462,0,1.296,0,dynamic_visual_atlas_upload,,,cell_indirection_lut,1.205,2400,2400,0,0,-1,-1,,1991.701174,3.013,4.027,4.027,1,8,3,1.5,false,2,8.666,,,,,,,,,,,,,,,,,,,,,,,,,,,,,,,,,,,,,,,,,,0,0,0,0,false,0,0,,0,0,0,0,0,0,0,,,,,false,{},{},{},{},{},{},{},0,3.068,3.223,0,0,0.015,0,0,0,0,0,0,0,0,0,0,0,0,100,0,7.007,11.659,0.092,3.769,0,0,0,9,9,0,321,0,17,2,0,0,1,2400,0.021,0.025,0,ACTIVE,ACTIVE,,4095,4095,0,,true,16,false,0,0,true,1.9688,0.0012,19200,2279,0,,,,,,0,,,0,0,2,801,801,0,767552609888,5.097,0,0.029,0,0,803,802,2400,true,0,0,0,0,0,0,12,12,19224,0,0,0,0,0,0,0,0,0,0,0,0,0,,0,0,0,0,0,0,0,0,0,0,0,0,0,0,0,0,0,0,,0,0,0,0,0,0,false,
803,804,38436,false,146,50,1.439,0,1.306,0,dynamic_visual_atlas_upload,,,cell_indirection_lut,1.205,2400,2400,0,0,-1,-1,,1991.701174,3.013,4.027,4.027,1,8,3,1.5,false,2,8.666,,,,,,,,,,,,,,,,,,,,,,,,,,,,,,,,,,,,,,,,,,0,0,0,0,false,0,0,,0,0,0,0,0,0,0,,,,,false,{},{},{},{},{},{},{},0,3.436,3.61,0,0,0.016,0,0,0,0,0,0,0,0,0,0,0,0,100,0,6.959333,11.659,0.092,3.333333,0,0,0,9,9,0,321,0,17,2,0,0,1,2400,0.021,0.025,0,ACTIVE,ACTIVE,,4095,4095,0,,true,16,false,0,0,true,2.2312,0.001,19200,2279,0,,,,,,0,,,0,0,2,802,802,0,767552630038,5.778,0,0.028,0,0,804,803,2400,true,0,0,0,0,0,0,12,12,19224,0,0,0,0,0,0,0,0,0,0,0,0,0,,0,0,0,0,0,0,0,0,0,0,0,0,0,0,0,0,0,0,,0,0,0,0,0,0,false,
804,805,38456,false,146,50,1.371,0,1.247,0,dynamic_visual_atlas_upload,,,cell_indirection_lut,1.205,2400,2400,0,0,-1,-1,,1991.701174,3.013,4.027,4.027,1,8,3,1.5,false,2,8.666,,,,,,,,,,,,,,,,,,,,,,,,,,,,,,,,,,,,,,,,,,0,0,0,0,false,0,0,,0,0,0,0,0,0,0,,,,,false,{},{},{},{},{},{},{},0,3.868,4.027,0,0,0.012,0,0,0,0,0,0,0,0,0,0,0,0,100,0,6.956,11.659,0.092,2.917,0,0,0,9,9,0,321,0,17,2,0,0,1,2400,0.021,0.025,0,ACTIVE,ACTIVE,,4095,4095,0,,true,16,false,0,0,true,2.2312,0.001,19200,2279,0,,,,,,0,,,0,0,2,803,803,0,767552650890,5.857,0,0.029,0,0,805,804,2400,true,0,0,0,0,0,0,12,12,19224,0,0,0,0,0,0,0,0,0,0,0,0,0,,0,0,0,0,0,0,0,0,0,0,0,0,0,0,0,0,0,0,,0,0,0,0,0,0,false,
805,806,38477,false,146,50,1.443,0,1.266,0,dynamic_visual_atlas_upload,,,cell_indirection_lut,1.205,2400,2400,0,0,-1,-1,,1991.701174,3.013,4.027,4.027,1,8,3,1.5,false,2,8.666,,,,,,,,,,,,,,,,,,,,,,,,,,,,,,,,,,,,,,,,,,0,0,0,0,false,0,0,,0,0,0,0,0,0,0,,,,,false,{},{},{},{},{},{},{},0,3.284,3.471,0,0,0.014,0,0,0,0,0,0,0,0,0,0,0,0,100,0,6.856333,11.659,0.092,3.371333,0,0,0,9,9,0,321,0,17,2,0,0,1,2400,0.021,0.025,0,ACTIVE,ACTIVE,,4095,4095,0,,true,16,false,0,0,true,1.8022,0.0011,19200,2077,0,,,,,,0,,,0,0,2,804,804,0,767552673902,3.369,0,0.029,0,0,806,805,2400,true,0,0,0,0,0,0,12,12,62424,0,0,0,0,0,0,0,0,0,0,0,0,0,,0,0,0,0,0,0,0,0,0,0,0,0,0,0,0,0,0,0,,0,0,0,0,0,0,false,
806,807,38499,false,146,50,2.452,0,2.195,0,dynamic_visual_atlas_upload,,,cell_indirection_lut,1.205,2400,2400,0,0,-1,-1,,1991.701174,3.013,4.027,4.027,1,8,3,1.5,false,2,8.666,,,,,,,,,,,,,,,,,,,,,,,,,,,,,,,,,,,,,,,,,,0,0,0,0,false,0,0,,0,0,0,0,0,0,0,,,,,false,{},{},{},{},{},{},{},0,3.62,3.854,0,0,0.015,0,0,0,0,0,0,0,0,0,0,0,0,100,0,7.388333,11.659,0.092,3.519333,0,0,0,9,9,0,321,0,17,2,0,0,1,2400,0.021,0.025,0,ACTIVE,ACTIVE,,4095,4095,0,,true,16,false,0,0,true,2.5075,0.0016,19200,2279,0,,,,,,0,,,0,0,2,805,805,0,767552691762,7.927,0,0.027,0,0,807,806,2400,true,0,0,0,0,0,0,12,12,19224,0,0,0,0,0,0,0,0,0,0,0,0,0,,0,0,0,0,0,0,0,0,0,0,0,0,0,0,0,0,0,0,,0,0,0,0,0,0,false,
807,808,38518,false,146,50,1.432,0,1.285,0,dynamic_visual_atlas_upload,,,cell_indirection_lut,1.205,2400,2400,0,0,-1,-1,,1991.701174,3.013,4.027,4.027,1,8,3,1.5,false,2,8.666,,,,,,,,,,,,,,,,,,,,,,,,,,,,,,,,,,,,,,,,,,0,0,0,0,false,0,0,,0,0,0,0,0,0,0,,,,,false,{},{},{},{},{},{},{},0,3.088,3.264,0,0,0.017,0,0,0,0,0,0,0,0,0,0,0,0,100,0,6.379,11.659,0.092,3.098,0,0,0,9,9,0,321,0,17,2,0,0,1,2400,0.021,0.025,0,ACTIVE,ACTIVE,,4095,4095,0,,true,16,false,0,0,true,1.8057,0.001,19200,1978,0,,,,,,0,,,0,0,2,806,806,0,767552714680,3.891,0,0.057,0,0,808,807,2400,true,0,0,0,0,0,0,12,12,19224,0,0,0,0,0,0,0,0,0,0,0,0,0,,0,0,0,0,0,0,0,0,0,0,0,0,0,0,0,0,0,0,,0,0,0,0,0,0,false,
808,809,38536,false,146,50,1.471,0,1.317,0,dynamic_visual_atlas_upload,,,cell_indirection_lut,1.205,2400,2400,0,0,-1,-1,,1991.701174,3.013,4.027,4.027,1,8,3,1.5,false,2,8.666,,,,,,,,,,,,,,,,,,,,,,,,,,,,,,,,,,,,,,,,,,0,0,0,0,false,0,0,,0,0,0,0,0,0,0,,,,,false,{},{},{},{},{},{},{},0,0,0.177,0,0,0.014,0,0,0,0,0,0,0,0,0,0,0,0,100,0,5.927333,11.659,0.092,5.736333,0,0,0,9,9,0,321,0,17,2,0,0,1,2400,0.021,0.025,0,ACTIVE,ACTIVE,,4095,4095,0,,true,16,false,0,0,true,1.8827,0.0012,19200,2279,0,,,,,,0,,,0,0,2,807,807,0,767552734101,2.252,0,0.03,0,0,809,808,2400,true,0,0,0,0,0,0,12,12,19224,0,0,0,0,0,0,0,0,0,0,0,0,0,,0,0,0,0,0,0,0,0,0,0,0,0,0,0,0,0,0,0,,0,0,0,0,0,0,false,
809,810,38557,false,146,50,1.493,0,1.32,0,dynamic_visual_atlas_upload,,,cell_indirection_lut,1.205,2400,2400,0,0,-1,-1,,1991.701174,3.013,4.027,4.027,1,8,3,1.5,false,2,8.666,,,,,,,,,,,,,,,,,,,,,,,,,,,,,,,,,,,,,,,,,,0,0,0,0,false,0,0,,0,0,0,0,0,0,0,,,,,false,{},{},{},{},{},{},{},0,0.001,0.202,0,0,0.015,0,0,0,0,0,0,0,0,0,0,0,0,100,0,6.932,11.659,0.092,6.715,0,0,0,9,9,0,321,0,17,2,0,0,1,2400,0.021,0.025,0,ACTIVE,ACTIVE,,4095,4095,0,,true,16,false,0,0,true,1.872,0.0013,19200,2275,0,,,,,,0,,,0,0,2,808,808,0,767552751705,5.453,0,0.029,0,0,810,809,2400,true,0,0,0,0,0,0,12,12,19224,0,0,0,0,0,0,0,0,0,0,0,0,0,,0,0,0,0,0,0,0,0,0,0,0,0,0,0,0,0,0,0,,0,0,0,0,0,0,false,
810,811,38573,false,146,50,1.401,0,1.269,0,dynamic_visual_atlas_upload,,,cell_indirection_lut,1.205,2400,2400,0,0,-1,-1,,1991.701174,3.013,4.027,4.027,1,8,3,1.5,false,2,8.666,,,,,,,,,,,,,,,,,,,,,,,,,,,,,,,,,,,,,,,,,,0,0,0,0,false,0,0,,0,0,0,0,0,0,0,,,,,false,{},{},{},{},{},{},{},0,2.927,3.067,0,0,0.012,0,0,0,0,0,0,0,0,0,0,0,0,100,0,8.082,11.659,0.092,5.003,0,0,0,9,9,0,321,0,17,2,0,0,1,2400,0.021,0.025,0,ACTIVE,ACTIVE,,4095,4095,0,,true,16,false,0,0,true,2.3235,0.0009,21600,2279,0,,,,,,0,,,0,0,2,809,809,0,767552770334,2.994,0,0.029,0,0,811,810,2400,true,0,0,0,0,0,0,12,12,19224,0,0,0,0,0,0,0,0,0,0,0,0,0,,0,0,0,0,0,0,0,0,0,0,0,0,0,0,0,0,0,0,,0,0,0,0,0,0,false,
811,812,38594,false,146,50,1.455,0,1.31,0,dynamic_visual_atlas_upload,,,cell_indirection_lut,1.205,2400,2400,0,0,-1,-1,,1991.701174,3.013,4.027,4.027,1,8,3,1.5,false,2,8.666,,,,,,,,,,,,,,,,,,,,,,,,,,,,,,,,,,,,,,,,,,0,0,0,0,false,0,0,,0,0,0,0,0,0,0,,,,,false,{},{},{},{},{},{},{},0,3.084,3.243,0,0,0.015,0,0,0,0,0,0,0,0,0,0,0,0,100,0,7.029667,11.659,0.092,3.771667,0,0,0,9,9,0,321,0,17,2,0,0,1,2400,0.021,0.025,0,ACTIVE,ACTIVE,,4095,4095,0,,true,16,false,0,0,true,1.8326,0.0011,19200,2276,0,,,,,,0,,,0,0,2,810,810,0,767552789416,4.993,0,0.03,0,0,812,811,2400,true,0,0,0,0,0,0,12,12,21624,0,0,0,0,0,0,0,0,0,0,0,0,0,,0,0,0,0,0,0,0,0,0,0,0,0,0,0,0,0,0,0,,0,0,0,0,0,0,false,
812,813,38616,false,146,50,1.355,0,1.237,0,dynamic_visual_atlas_upload,,,cell_indirection_lut,1.205,2400,2400,0,0,-1,-1,,1991.701174,3.013,4.027,4.027,1,8,3,1.5,false,2,8.666,,,,,,,,,,,,,,,,,,,,,,,,,,,,,,,,,,,,,,,,,,0,0,0,0,false,0,0,,0,0,0,0,0,0,0,,,,,false,{},{},{},{},{},{},{},0,4.23,4.383,0,0,0.011,0,0,0,0,0,0,0,0,0,0,0,0,100,0,7.145667,11.659,0.092,2.751667,0,0,0,9,9,0,321,0,17,2,0,0,1,2400,0.021,0.025,0,ACTIVE,ACTIVE,,4095,4095,0,,true,16,false,0,0,true,1.8326,0.0011,19200,2276,0,,,,,,0,,,0,0,2,811,811,0,767552808950,6.949,0,0.029,0,0,813,812,2400,true,0,0,0,0,0,0,12,12,19224,0,0,0,0,0,0,0,0,0,0,0,0,0,,0,0,0,0,0,0,0,0,0,0,0,0,0,0,0,0,0,0,,0,0,0,0,0,0,false,
813,814,38635,false,146,50,1.374,0,1.228,0,dynamic_visual_atlas_upload,,,cell_indirection_lut,1.205,2400,2400,0,0,-1,-1,,1991.701174,3.013,4.027,4.027,1,8,3,1.5,false,2,8.666,,,,,,,,,,,,,,,,,,,,,,,,,,,,,,,,,,,,,,,,,,0,0,0,0,false,0,0,,0,0,0,0,0,0,0,,,,,false,{},{},{},{},{},{},{},0,3.004,3.168,0,0,0.016,0,0,0,0,0,0,0,0,0,0,0,0,100,0,6.615333,11.659,0.092,3.431333,0,0,0,9,9,0,321,0,17,2,0,0,1,2400,0.021,0.025,0,ACTIVE,ACTIVE,,4095,4095,0,,true,16,false,0,0,true,1.7819,0.001,19200,2060,0,,,,,,0,,,0,0,2,812,812,0,767552832531,3.182,0,0.031,0,0,814,813,2400,true,0,0,0,0,0,0,12,12,52824,0,0,0,0,0,0,0,0,0,0,0,0,0,,0,0,0,0,0,0,0,0,0,0,0,0,0,0,0,0,0,0,,0,0,0,0,0,0,false,
814,815,38656,false,146,50,1.45,0,1.314,0,dynamic_visual_atlas_upload,,,cell_indirection_lut,1.205,2400,2400,0,0,-1,-1,,1991.701174,3.013,4.027,4.027,1,8,3,1.5,false,2,8.666,,,,,,,,,,,,,,,,,,,,,,,,,,,,,,,,,,,,,,,,,,0,0,0,0,false,0,0,,0,0,0,0,0,0,0,,,,,false,{},{},{},{},{},{},{},0,3.474,3.638,0,0,0.014,0,0,0,0,0,0,0,0,0,0,0,0,100,0,6.972,11.659,0.092,3.32,0,0,0,9,9,0,321,0,17,2,0,0,1,2400,0.021,0.025,0,ACTIVE,ACTIVE,,4095,4095,0,,true,16,false,0,0,true,1.7923,0.0012,19200,2278,0,,,,,,0,,,0,0,2,813,813,0,767552850923,5.701,0,0.03,0,0,815,814,2400,true,0,0,0,0,0,0,12,12,19224,0,0,0,0,0,0,0,0,0,0,0,0,0,,0,0,0,0,0,0,0,0,0,0,0,0,0,0,0,0,0,0,,0,0,0,0,0,0,false,
815,816,38677,false,146,50,1.427,0,1.275,0,dynamic_visual_atlas_upload,,,cell_indirection_lut,1.205,2400,2400,0,0,-1,-1,,1991.701174,3.013,4.027,4.027,1,8,3,1.5,false,2,8.666,,,,,,,,,,,,,,,,,,,,,,,,,,,,,,,,,,,,,,,,,,0,0,0,0,false,0,0,,0,0,0,0,0,0,0,,,,,false,{},{},{},{},{},{},{},0,3.793,3.974,0,0,0.012,0,0,0,0,0,0,0,0,0,0,0,0,100,0,6.966333,11.659,0.092,2.980333,0,0,0,9,9,0,321,0,17,2,0,0,1,2400,0.021,0.025,0,ACTIVE,ACTIVE,,4095,4095,0,,true,16,false,0,0,true,1.8745,0.0014,19200,2280,0,,,,,,0,,,0,0,2,814,814,0,767552871037,6.485,0,0.031,0,0,816,815,2400,true,0,0,0,0,0,0,12,12,19224,0,0,0,0,0,0,0,0,0,0,0,0,0,,0,0,0,0,0,0,0,0,0,0,0,0,0,0,0,0,0,0,,0,0,0,0,0,0,false,
816,817,38698,false,146,50,1.408,0,1.257,0,dynamic_visual_atlas_upload,,,cell_indirection_lut,1.205,2400,2400,0,0,-1,-1,,1991.701174,3.013,4.027,4.027,1,8,3,1.5,false,2,8.666,,,,,,,,,,,,,,,,,,,,,,,,,,,,,,,,,,,,,,,,,,0,0,0,0,false,0,0,,0,0,0,0,0,0,0,,,,,false,{},{},{},{},{},{},{},0,3.007,3.181,0,0,0.017,0,0,0,0,0,0,0,0,0,0,0,0,100,0,6.779,11.659,0.092,3.581,0,0,0,9,9,0,321,0,17,2,0,0,1,2400,0.021,0.025,0,ACTIVE,ACTIVE,,4095,4095,0,,true,16,false,0,0,true,2.7775,0.0009,21600,2064,0,,,,,,0,,,0,0,2,815,815,0,767552893347,4.517,0,0.031,0,0,817,816,2400,true,0,0,0,0,0,0,12,12,19224,0,0,0,0,0,0,0,0,0,0,0,0,0,,0,0,0,0,0,0,0,0,0,0,0,0,0,0,0,0,0,0,,0,0,0,0,0,0,false,
817,818,38718,false,146,50,1.436,0,1.29,0,dynamic_visual_atlas_upload,,,cell_indirection_lut,1.205,2400,2400,0,0,-1,-1,,1991.701174,3.013,4.027,4.027,1,8,3,1.5,false,2,8.666,,,,,,,,,,,,,,,,,,,,,,,,,,,,,,,,,,,,,,,,,,0,0,0,0,false,0,0,,0,0,0,0,0,0,0,,,,,false,{},{},{},{},{},{},{},0,3.087,3.251,0,0,0.015,0,0,0,0,0,0,0,0,0,0,0,0,100,0,6.925667,11.659,0.092,3.659667,0,0,0,9,9,0,321,0,17,2,0,0,1,2400,0.021,0.025,0,ACTIVE,ACTIVE,,4095,4095,0,,true,16,false,0,0,true,1.8973,0.0012,19200,2280,0,,,,,,0,,,0,0,2,816,816,0,767552913696,4.913,0,0.03,0,0,818,817,2400,true,0,0,0,0,0,0,12,12,21624,0,0,0,0,0,0,0,0,0,0,0,0,0,,0,0,0,0,0,0,0,0,0,0,0,0,0,0,0,0,0,0,,0,0,0,0,0,0,false,
818,819,38736,false,146,50,1.395,0,1.266,0,dynamic_visual_atlas_upload,,,cell_indirection_lut,1.205,2400,2400,0,0,-1,-1,,1991.701174,3.013,4.027,4.027,1,8,3,1.5,false,2,8.666,,,,,,,,,,,,,,,,,,,,,,,,,,,,,,,,,,,,,,,,,,0,0,0,0,false,0,0,,0,0,0,0,0,0,0,,,,,false,{},{},{},{},{},{},{},0,0,0.187,0,0,0.012,0,0,0,0,0,0,0,0,0,0,0,0,100,0,5.840667,11.659,0.092,5.641667,0,0,0,9,9,0,321,0,17,2,0,0,1,2400,0.021,0.025,0,ACTIVE,ACTIVE,,4095,4095,0,,true,16,false,0,0,true,1.7778,0.0011,19200,2280,0,,,,,,0,,,0,0,2,817,817,0,767552933221,2.956,0,0.031,0,0,819,818,2400,true,0,0,0,0,0,0,12,12,19224,0,0,0,0,0,0,0,0,0,0,0,0,0,,0,0,0,0,0,0,0,0,0,0,0,0,0,0,0,0,0,0,,0,0,0,0,0,0,false,
819,820,38757,false,146,50,1.451,0,1.301,0,dynamic_visual_atlas_upload,,,cell_indirection_lut,1.205,2400,2400,0,0,-1,-1,,1991.701174,3.013,4.027,4.027,1,8,3,1.5,false,2,8.666,,,,,,,,,,,,,,,,,,,,,,,,,,,,,,,,,,,,,,,,,,0,0,0,0,false,0,0,,0,0,0,0,0,0,0,,,,,false,{},{},{},{},{},{},{},0,0,0.232,0,0,0.015,0,0,0,0,0,0,0,0,0,0,0,0,100,0,7.104333,11.659,0.092,6.857333,0,0,0,9,9,0,321,0,17,2,0,0,1,2400,0.021,0.025,0,ACTIVE,ACTIVE,,4095,4095,0,,true,16,false,0,0,true,1.8343,0.0011,19200,2280,0,,,,,,0,,,0,0,2,818,818,0,767552952053,5.39,0,0.027,0,0,820,819,2400,true,0,0,0,0,0,0,12,12,19224,0,0,0,0,0,0,0,0,0,0,0,0,0,,0,0,0,0,0,0,0,0,0,0,0,0,0,0,0,0,0,0,,0,0,0,0,0,0,false,
820,821,38775,false,146,50,1.634,0,1.45,0,dynamic_visual_atlas_upload,,,cell_indirection_lut,1.205,2400,2400,0,0,-1,-1,,1991.701174,3.013,4.027,4.027,1,8,3,1.5,false,2,8.666,,,,,,,,,,,,,,,,,,,,,,,,,,,,,,,,,,,,,,,,,,0,0,0,0,false,0,0,,0,0,0,0,0,0,0,,,,,false,{},{},{},{},{},{},{},0,3.837,4.015,0,0,0.016,0,0,0,0,0,0,0,0,0,0,0,0,100,0,8.7295,11.659,0.092,4.6985,0,0,0,9,9,0,321,0,17,2,0,0,1,2400,0.021,0.025,0,ACTIVE,ACTIVE,,4095,4095,0,,true,16,false,0,0,true,2.5659,0.001,52800,2280,0,,,,,,0,,,0,0,2,819,819,0,767552970238,4.735,0,0.031,0,0,821,820,2400,true,0,0,0,0,0,0,12,12,19224,0,0,0,0,0,0,0,0,0,0,0,0,0,,0,0,0,0,0,0,0,0,0,0,0,0,0,0,0,0,0,0,,0,0,0,0,0,0,false,
821,822,38798,false,146,50,1.476,0,1.329,0,dynamic_visual_atlas_upload,,,cell_indirection_lut,1.205,2400,2400,0,0,-1,-1,,1991.701174,3.013,4.027,4.027,1,8,3,1.5,false,2,8.666,,,,,,,,,,,,,,,,,,,,,,,,,,,,,,,,,,,,,,,,,,0,0,0,0,false,0,0,,0,0,0,0,0,0,0,,,,,false,{},{},{},{},{},{},{},0,6.539,6.705,0,0,0.014,0,0,0,0,0,0,0,0,0,0,0,0,100,0,7.712,11.659,0.092,0.993,0,0,0,9,9,0,321,0,17,2,0,0,1,2400,0.021,0.025,0,ACTIVE,ACTIVE,,4095,4095,0,,true,16,false,0,0,true,1.7676,0.0008,19200,2280,0,,,,,,0,,,0,0,2,820,820,0,767552990106,7.943,0,0.029,0,0,822,821,2400,true,0,0,0,0,0,0,12,12,52824,0,0,0,0,0,0,0,0,0,0,0,0,0,,0,0,0,0,0,0,0,0,0,0,0,0,0,0,0,0,0,0,,0,0,0,0,0,0,false,
822,823,38815,false,146,50,1.683,0,1.495,0,dynamic_visual_atlas_upload,,,cell_indirection_lut,1.205,2400,2400,0,0,-1,-1,,1991.701174,3.013,4.027,4.027,1,8,3,1.5,false,2,8.666,,,,,,,,,,,,,,,,,,,,,,,,,,,,,,,,,,,,,,,,,,0,0,0,0,false,0,0,,0,0,0,0,0,0,0,,,,,false,{},{},{},{},{},{},{},0,3.438,3.597,0,0,0.014,0,0,0,0,0,0,0,0,0,0,0,0,100,0,5.832667,11.659,0.092,2.221667,0,0,0,9,9,0,321,0,17,2,0,0,1,2400,0.021,0.025,0,ACTIVE,ACTIVE,,4095,4095,0,,true,16,false,0,0,true,2.6099,0.0012,21600,2280,0,,,,,,0,,,0,0,2,821,821,0,767553009440,6.107,0,0.031,0,0,823,822,2400,true,0,0,0,0,0,0,12,12,19224,0,0,0,0,0,0,0,0,0,0,0,0,0,,0,0,0,0,0,0,0,0,0,0,0,0,0,0,0,0,0,0,,0,0,0,0,0,0,false,
823,824,38836,false,146,50,1.474,0,1.264,0,dynamic_visual_atlas_upload,,,cell_indirection_lut,1.205,2400,2400,0,0,-1,-1,,1991.701174,3.013,4.027,4.027,1,8,3,1.5,false,2,8.666,,,,,,,,,,,,,,,,,,,,,,,,,,,,,,,,,,,,,,,,,,0,0,0,0,false,0,0,,0,0,0,0,0,0,0,,,,,false,{},{},{},{},{},{},{},0,3.332,3.508,0,0,0.012,0,0,0,0,0,0,0,0,0,0,0,0,100,0,6.872,11.659,0.092,3.352,0,0,0,9,9,0,321,0,17,2,0,0,1,2400,0.021,0.025,0,ACTIVE,ACTIVE,,4095,4095,0,,true,16,false,0,0,true,1.9776,0.0012,19200,2098,0,,,,,,0,,,0,0,2,822,822,0,767553031097,5.123,0,0.031,0,0,824,823,2400,true,0,0,0,0,0,0,12,12,21624,0,0,0,0,0,0,0,0,0,0,0,0,0,,0,0,0,0,0,0,0,0,0,0,0,0,0,0,0,0,0,0,,0,0,0,0,0,0,false,
824,825,38856,false,146,50,1.385,0,1.251,0,dynamic_visual_atlas_upload,,,cell_indirection_lut,1.205,2400,2400,0,0,-1,-1,,1991.701174,3.013,4.027,4.027,1,8,3,1.5,false,2,8.666,,,,,,,,,,,,,,,,,,,,,,,,,,,,,,,,,,,,,,,,,,0,0,0,0,false,0,0,,0,0,0,0,0,0,0,,,,,false,{},{},{},{},{},{},{},0,3.553,3.703,0,0,0.014,0,0,0,0,0,0,0,0,0,0,0,0,100,0,6.830333,11.659,0.092,3.113333,0,0,0,9,9,0,321,0,17,2,0,0,1,2400,0.021,0.025,0,ACTIVE,ACTIVE,,4095,4095,0,,true,16,false,0,0,true,1.7441,0.0009,19200,2280,0,,,,,,0,,,0,0,2,823,823,0,767553051104,5.544,0,0.028,0,0,825,824,2400,true,0,0,0,0,0,0,12,12,19224,0,0,0,0,0,0,0,0,0,0,0,0,0,,0,0,0,0,0,0,0,0,0,0,0,0,0,0,0,0,0,0,,0,0,0,0,0,0,false,
825,826,38877,false,146,50,1.71,0,1.523,0,dynamic_visual_atlas_upload,,,cell_indirection_lut,1.205,2400,2400,0,0,-1,-1,,1991.701174,3.013,4.027,4.027,1,8,3,1.5,false,2,8.666,,,,,,,,,,,,,,,,,,,,,,,,,,,,,,,,,,,,,,,,,,0,0,0,0,false,0,0,,0,0,0,0,0,0,0,,,,,false,{},{},{},{},{},{},{},0,3.303,3.45,0,0,0.013,0,0,0,0,0,0,0,0,0,0,0,0,100,0,6.919333,11.659,0.092,3.456333,0,0,0,9,9,0,321,0,17,2,0,0,1,2400,0.021,0.025,0,ACTIVE,ACTIVE,,4095,4095,0,,true,16,false,0,0,true,1.8898,0.0013,19200,2280,0,,,,,,0,,,0,0,2,824,824,0,767553071806,5.637,0,0.028,0,0,826,825,2400,true,0,0,0,0,0,0,12,12,19224,0,0,0,0,0,0,0,0,0,0,0,0,0,,0,0,0,0,0,0,0,0,0,0,0,0,0,0,0,0,0,0,,0,0,0,0,0,0,false,
826,827,38898,false,146,50,1.475,0,1.318,0,dynamic_visual_atlas_upload,,,cell_indirection_lut,1.205,2400,2400,0,0,-1,-1,,1991.701174,3.013,4.027,4.027,1,8,3,1.5,false,2,8.666,,,,,,,,,,,,,,,,,,,,,,,,,,,,,,,,,,,,,,,,,,0,0,0,0,false,0,0,,0,0,0,0,0,0,0,,,,,false,{},{},{},{},{},{},{},0,2.983,3.134,0,0,0.011,0,0,0,0,0,0,0,0,0,0,0,0,100,0,6.815333,11.659,0.092,3.670333,0,0,0,9,9,0,321,0,17,2,0,0,1,2400,0.021,0.025,0,ACTIVE,ACTIVE,,4095,4095,0,,true,16,false,0,0,true,1.8561,0.0011,19200,2060,0,,,,,,0,,,0,0,2,825,825,0,767553093166,4.711,0,0.03,0,0,827,826,2400,true,0,0,0,0,0,0,12,12,19224,0,0,0,0,0,0,0,0,0,0,0,0,0,,0,0,0,0,0,0,0,0,0,0,0,0,0,0,0,0,0,0,,0,0,0,0,0,0,false,
827,828,38919,false,146,50,1.404,0,1.284,0,dynamic_visual_atlas_upload,,,cell_indirection_lut,1.205,2400,2400,0,0,-1,-1,,1991.701174,3.013,4.027,4.027,1,8,3,1.5,false,2,8.666,,,,,,,,,,,,,,,,,,,,,,,,,,,,,,,,,,,,,,,,,,0,0,0,0,false,0,0,,0,0,0,0,0,0,0,,,,,false,{},{},{},{},{},{},{},0,3.43,3.581,0,0,0.012,0,0,0,0,0,0,0,0,0,0,0,0,100,0,6.960667,11.659,0.092,3.367667,0,0,0,9,9,0,321,0,17,2,0,0,1,2400,0.021,0.025,0,ACTIVE,ACTIVE,,4095,4095,0,,true,16,false,0,0,true,1.8881,0.001,19200,2280,0,,,,,,0,,,0,0,2,826,826,0,767553113247,5.461,0,0.03,0,0,828,827,2400,true,0,0,0,0,0,0,12,12,19224,0,0,0,0,0,0,0,0,0,0,0,0,0,,0,0,0,0,0,0,0,0,0,0,0,0,0,0,0,0,0,0,,0,0,0,0,0,0,false,
828,829,38943,false,146,50,1.447,0,1.289,0,dynamic_visual_atlas_upload,,,cell_indirection_lut,1.205,2400,2400,0,0,-1,-1,,1991.701174,3.013,4.027,4.027,1,8,3,1.5,false,2,8.666,,,,,,,,,,,,,,,,,,,,,,,,,,,,,,,,,,,,,,,,,,0,0,0,0,false,0,0,,0,0,0,0,0,0,0,,,,,false,{},{},{},{},{},{},{},0,0,0.202,0,0,0.013,0,0,0,0,0,0,0,0,0,0,0,0,100,0,6.13325,11.659,0.092,5.91825,0,0,0,9,9,0,321,0,17,2,0,0,1,2400,0.021,0.025,0,ACTIVE,ACTIVE,,4095,4095,0,,true,16,false,0,0,true,3.4064,0.001,55200,2280,0,,,,,,0,,,0,0,2,827,827,0,767553134344,8.932,0,0.027,0,0,829,828,2400,true,0,0,0,0,0,0,12,12,19224,0,0,0,0,0,0,0,0,0,0,0,0,0,,0,0,0,0,0,0,0,0,0,0,0,0,0,0,0,0,0,0,,0,0,0,0,0,0,false,
829,830,38957,false,146,50,1.698,0,1.528,0,dynamic_visual_atlas_upload,,,cell_indirection_lut,1.205,2400,2400,0,0,-1,-1,,1991.701174,3.013,4.027,4.027,1,8,3,1.5,false,2,8.666,,,,,,,,,,,,,,,,,,,,,,,,,,,,,,,,,,,,,,,,,,0,0,0,0,false,0,0,,0,0,0,0,0,0,0,,,,,false,{},{},{},{},{},{},{},0,0,0.175,0,0,0.01,0,0,0,0,0,0,0,0,0,0,0,0,100,0,6.9595,11.659,0.092,6.7745,0,0,0,9,9,0,321,0,17,2,0,0,1,2400,0.021,0.025,0,ACTIVE,ACTIVE,,4095,4095,0,,true,16,false,0,0,true,1.7923,0.0012,19200,2280,0,,,,,,0,,,0,0,2,828,828,0,767553153512,3.672,0,0.03,0,0,830,829,2400,true,0,0,0,0,0,0,12,12,55224,0,0,0,0,0,0,0,0,0,0,0,0,0,,0,0,0,0,0,0,0,0,0,0,0,0,0,0,0,0,0,0,,0,0,0,0,0,0,false,
830,831,38974,false,146,50,1.449,0,1.271,0,dynamic_visual_atlas_upload,,,cell_indirection_lut,1.205,2400,2400,0,0,-1,-1,,1991.701174,3.013,4.027,4.027,1,8,3,1.5,false,2,8.666,,,,,,,,,,,,,,,,,,,,,,,,,,,,,,,,,,,,,,,,,,0,0,0,0,false,0,0,,0,0,0,0,0,0,0,,,,,false,{},{},{},{},{},{},{},0,3.173,3.354,0,0,0.014,0,0,0,0,0,0,0,0,0,0,0,0,100,0,8.414,11.659,0.092,5.046,0,0,0,9,9,0,321,0,17,2,0,0,1,2400,0.021,0.025,0,ACTIVE,ACTIVE,,4095,4095,0,,true,16,false,0,0,true,1.8966,0.0013,19200,2280,0,,,,,,0,,,0,0,2,829,829,0,767553171772,2.275,0,0.029,0,0,831,830,2400,true,0,0,0,0,0,0,12,12,19224,0,0,0,0,0,0,0,0,0,0,0,0,0,,0,0,0,0,0,0,0,0,0,0,0,0,0,0,0,0,0,0,,0,0,0,0,0,0,false,
831,832,38996,false,146,50,1.769,0,1.543,0,dynamic_visual_atlas_upload,,,cell_indirection_lut,1.205,2400,2400,0,0,-1,-1,,1991.701174,3.013,4.027,4.027,1,8,3,1.5,false,2,8.666,,,,,,,,,,,,,,,,,,,,,,,,,,,,,,,,,,,,,,,,,,0,0,0,0,false,0,0,,0,0,0,0,0,0,0,,,,,false,{},{},{},{},{},{},{},0,3.535,3.73,0,0,0.017,0,0,0,0,0,0,0,0,0,0,0,0,100,0,7.24,11.659,0.092,3.493,0,0,0,9,9,0,321,0,17,2,0,0,1,2400,0.021,0.025,0,ACTIVE,ACTIVE,,4095,4095,0,,true,16,false,0,0,true,1.9398,0.0012,19200,2280,0,,,,,,0,,,0,0,2,830,830,0,767553189559,6.216,0,0.032,0,0,832,831,2400,true,0,0,0,0,0,0,12,12,19224,0,0,0,0,0,0,0,0,0,0,0,0,0,,0,0,0,0,0,0,0,0,0,0,0,0,0,0,0,0,0,0,,0,0,0,0,0,0,false,
832,833,39015,false,145,50,1.456,0,1.32,0,dynamic_visual_atlas_upload,,,cell_indirection_lut,1.205,2400,2400,0,0,-1,-1,,1991.701174,3.013,4.027,4.027,1,8,3,1.5,false,2,8.666,,,,,,,,,,,,,,,,,,,,,,,,,,,,,,,,,,,,,,,,,,0,0,0,0,false,0,0,,0,0,0,0,0,0,0,,,,,false,{},{},{},{},{},{},{},0,3.552,3.742,0,0,0.015,0,0,0,0,0,0,0,0,0,0,0,0,100,0,6.611,10.923,0.058,2.854,0,0,0,9,9,0,321,0,17,2,0,0,1,2400,0.021,0.025,0,ACTIVE,ACTIVE,,4095,4095,0,,true,16,false,0,0,true,1.8567,0.0011,19200,2280,0,,,,,,0,,,0,0,2,831,831,0,767553209817,5.753,0,0.032,0,0,833,832,2400,true,0,0,0,0,0,0,12,12,19224,0,0,0,0,0,0,0,0,0,0,0,0,0,,0,0,0,0,0,0,0,0,0,0,0,0,0,0,0,0,0,0,,0,0,0,0,0,0,false,
833,834,39036,false,145,50,1.423,0,1.276,0,dynamic_visual_atlas_upload,,,cell_indirection_lut,1.205,2400,2400,0,0,-1,-1,,1991.701174,3.013,4.027,4.027,1,8,3,1.5,false,2,8.666,,,,,,,,,,,,,,,,,,,,,,,,,,,,,,,,,,,,,,,,,,0,0,0,0,false,0,0,,0,0,0,0,0,0,0,,,,,false,{},{},{},{},{},{},{},0,3.316,3.483,0,0,0.015,0,0,0,0,0,0,0,0,0,0,0,0,100,0,6.887,10.923,0.058,3.389,0,0,0,9,9,0,321,0,17,2,0,0,1,2400,0.021,0.025,0,ACTIVE,ACTIVE,,4095,4095,0,,true,16,false,0,0,true,1.8802,0.0011,19200,1960,0,,,,,,0,,,0,0,2,832,832,0,767553231240,5.019,0,0.03,0,0,834,833,2400,true,0,0,0,0,0,0,12,12,19224,0,0,0,0,0,0,0,0,0,0,0,0,0,,0,0,0,0,0,0,0,0,0,0,0,0,0,0,0,0,0,0,,0,0,0,0,0,0,false,
834,835,39057,false,145,50,1.384,0,1.243,0,dynamic_visual_atlas_upload,,,cell_indirection_lut,1.205,2400,2400,0,0,-1,-1,,1991.701174,3.013,4.027,4.027,1,8,3,1.5,false,2,8.666,,,,,,,,,,,,,,,,,,,,,,,,,,,,,,,,,,,,,,,,,,0,0,0,0,false,0,0,,0,0,0,0,0,0,0,,,,,false,{},{},{},{},{},{},{},0,3.775,3.958,0,0,0.019,0,0,0,0,0,0,0,0,0,0,0,0,100,0,6.973333,10.923,0.058,2.996333,0,0,0,9,9,0,321,0,17,2,0,0,1,2400,0.021,0.025,0,ACTIVE,ACTIVE,,4095,4095,0,,true,16,false,0,0,true,2.9283,0.0015,21600,2280,0,,,,,,0,,,0,0,2,833,833,0,767553250888,6.34,0,0.029,0,0,835,834,2400,true,0,0,0,0,0,0,12,12,19224,0,0,0,0,0,0,0,0,0,0,0,0,0,,0,0,0,0,0,0,0,0,0,0,0,0,0,0,0,0,0,0,,0,0,0,0,0,0,false,
835,836,39077,false,145,50,1.427,0,1.252,0,dynamic_visual_atlas_upload,,,cell_indirection_lut,1.205,2400,2400,0,0,-1,-1,,1991.701174,3.013,4.027,4.027,1,8,3,1.5,false,2,8.666,,,,,,,,,,,,,,,,,,,,,,,,,,,,,,,,,,,,,,,,,,0,0,0,0,false,0,0,,0,0,0,0,0,0,0,,,,,false,{},{},{},{},{},{},{},0,3.094,3.26,0,0,0.015,0,0,0,0,0,0,0,0,0,0,0,0,100,0,6.733,10.923,0.058,3.458,0,0,0,9,9,0,321,0,17,2,0,0,1,2400,0.021,0.025,0,ACTIVE,ACTIVE,,4095,4095,0,,true,16,false,0,0,true,1.8122,0.0011,19200,1961,0,,,,,,0,,,0,0,2,834,834,0,767553273848,3.528,0,0.032,0,0,836,835,2400,true,0,0,0,0,0,0,12,12,21624,0,0,0,0,0,0,0,0,0,0,0,0,0,,0,0,0,0,0,0,0,0,0,0,0,0,0,0,0,0,0,0,,0,0,0,0,0,0,false,
836,837,39099,false,145,50,1.497,0,1.317,0,dynamic_visual_atlas_upload,,,cell_indirection_lut,1.205,2400,2400,0,0,-1,-1,,1991.701174,3.013,4.027,4.027,1,8,3,1.5,false,2,8.666,,,,,,,,,,,,,,,,,,,,,,,,,,,,,,,,,,,,,,,,,,0,0,0,0,false,0,0,,0,0,0,0,0,0,0,,,,,false,{},{},{},{},{},{},{},0,3.682,3.864,0,0,0.017,0,0,0,0,0,0,0,0,0,0,0,0,100,0,7.147333,10.923,0.058,3.266333,0,0,0,9,9,0,321,0,17,2,0,0,1,2400,0.021,0.025,0,ACTIVE,ACTIVE,,4095,4095,0,,true,16,false,0,0,true,2.5647,0.0012,52800,2280,0,,,,,,0,,,0,0,2,835,835,0,767553292945,5.863,0,0.028,0,0,837,836,2400,true,0,0,0,0,0,0,12,12,19224,0,0,0,0,0,0,0,0,0,0,0,0,0,,0,0,0,0,0,0,0,0,0,0,0,0,0,0,0,0,0,0,,0,0,0,0,0,0,false,
837,838,39119,false,145,50,1.552,0,1.337,0,dynamic_visual_atlas_upload,,,cell_indirection_lut,1.205,2400,2400,0,0,-1,-1,,1991.701174,3.013,4.027,4.027,1,8,3,1.5,false,2,8.666,,,,,,,,,,,,,,,,,,,,,,,,,,,,,,,,,,,,,,,,,,0,0,0,0,false,0,0,,0,0,0,0,0,0,0,,,,,false,{},{},{},{},{},{},{},0,3.406,3.607,0,0,0.018,0,0,0,0,0,0,0,0,0,0,0,0,100,0,6.893333,10.923,0.058,3.268333,0,0,0,9,9,0,321,0,17,2,0,0,1,2400,0.021,0.025,0,ACTIVE,ACTIVE,,4095,4095,0,,true,16,false,0,0,true,2.2302,0.0016,19200,2080,0,,,,,,0,,,0,0,2,836,836,0,767553314696,4.856,0,0.028,0,0,838,837,2400,true,0,0,0,0,0,0,12,12,52824,0,0,0,0,0,0,0,0,0,0,0,0,0,,0,0,0,0,0,0,0,0,0,0,0,0,0,0,0,0,0,0,,0,0,0,0,0,0,false,
838,839,39144,false,145,50,1.674,0,1.4,0,dynamic_visual_atlas_upload,,,cell_indirection_lut,1.205,2400,2400,0,0,-1,-1,,1991.701174,3.013,4.027,4.027,1,8,3,1.5,false,2,8.666,,,,,,,,,,,,,,,,,,,,,,,,,,,,,,,,,,,,,,,,,,0,0,0,0,false,0,0,,0,0,0,0,0,0,0,,,,,false,{},{},{},{},{},{},{},0.001,0.001,0.584,0,0,0.069,0,0,0,0,0,0,0,0,0,0,0,0,100,0,6.30075,10.923,0.058,5.64775,0,0,0,9,9,0,321,0,17,2,0,0,1,2400,0.021,0.025,0,ACTIVE,ACTIVE,,4095,4095,0,,true,16,false,0,0,true,1.9509,0.0017,19200,2280,0,,,,,,0,,,0,0,2,837,837,0,767553335957,8.814,0,0.032,0,0,839,838,2400,true,0,0,0,0,0,0,12,12,19224,0,0,0,0,0,0,0,0,0,0,0,0,0,,0,0,0,0,0,0,0,0,0,0,0,0,0,0,0,0,0,0,,0,0,0,0,0,0,false,
839,840,39166,false,145,50,2.091,0,1.734,0,dynamic_visual_atlas_upload,,,cell_indirection_lut,1.205,2400,2400,0,0,-1,-1,,1991.701174,3.013,4.027,4.027,1,8,3,1.5,false,2,8.666,,,,,,,,,,,,,,,,,,,,,,,,,,,,,,,,,,,,,,,,,,0,0,0,0,false,0,0,,0,0,0,0,0,0,0,,,,,false,{},{},{},{},{},{},{},0,0.001,0.47,0,0,0.027,0,0,0,0,0,0,0,0,0,0,0,0,100,0,7.132333,10.923,0.058,6.635333,0,0,0,9,9,0,321,0,17,2,0,0,1,2400,0.021,0.025,0,ACTIVE,ACTIVE,,4095,4095,0,,true,16,false,0,0,true,3.3751,0.0031,19200,2280,0,,,,,,0,,,0,0,2,838,838,0,767553359457,6.717,0,0.037,0,0,840,839,2400,true,0,0,0,0,0,0,12,12,19224,0,0,0,0,0,0,0,0,0,0,0,0,0,,0,0,0,0,0,0,0,0,0,0,0,0,0,0,0,0,0,0,,0,0,0,0,0,0,false,
840,841,39187,false,145,50,2.771,0,2.237,0,dynamic_visual_atlas_upload,,,cell_indirection_lut,1.205,2400,2400,0,0,-1,-1,,1991.701174,3.013,4.027,4.027,1,8,3,1.5,false,2,8.666,,,,,,,,,,,,,,,,,,,,,,,,,,,,,,,,,,,,,,,,,,0,0,0,0,false,0,0,,0,0,0,0,0,0,0,,,,,false,{},{},{},{},{},{},{},0,0.001,0.475,0,0,0.029,0,0,0,0,0,0,0,0,0,0,0,0,100,0,7.097333,10.923,0.058,6.593333,0,0,0,9,9,0,321,0,17,2,0,0,1,2400,0.021,0.025,0,ACTIVE,ACTIVE,,4095,4095,0,,true,16,false,0,0,true,2.9429,0.0017,21600,2280,0,,,,,,0,,,0,0,2,839,839,0,767553381151,6.52,0,0.032,0,0,841,840,2400,true,0,0,0,0,0,0,12,12,19224,0,0,0,0,0,0,0,0,0,0,0,0,0,,0,0,0,0,0,0,0,0,0,0,0,0,0,0,0,0,0,0,,0,0,0,0,0,0,false,
841,842,39216,false,145,50,1.553,0,1.358,0,dynamic_visual_atlas_upload,,,cell_indirection_lut,1.205,2400,2400,0,0,-1,-1,,1991.701174,3.013,4.027,4.027,1,8,3,1.5,false,2,8.666,,,,,,,,,,,,,,,,,,,,,,,,,,,,,,,,,,,,,,,,,,0,0,0,0,false,0,0,,0,0,0,0,0,0,0,,,,,false,{},{},{},{},{},{},{},0,3.805,3.995,0,0,0.017,0,0,0,0,0,0,0,0,0,0,0,0,100,0,7.282,10.923,0.058,3.27,0,0,0,9,9,0,321,0,17,2,0,0,1,2400,0.021,0.025,0,ACTIVE,ACTIVE,,4095,4095,0,,true,16,false,0,0,true,2.3588,0.0013,19200,2280,0,,,,,,0,,,0,0,2,840,840,0,767553410979,5.534,0,0.079,0,0,843,842,2400,true,0,0,0,0,0,0,12,12,21624,0,0,0,0,0,0,0,0,0,0,0,0,0,,0,0,0,0,0,0,0,0,0,0,0,0,0,0,0,0,0,0,,0,0,0,0,0,0,false,
842,843,39237,false,145,50,1.586,0,1.389,0,dynamic_visual_atlas_upload,,,cell_indirection_lut,1.205,2400,2400,0,0,-1,-1,,1991.701174,3.013,4.027,4.027,1,8,3,1.5,false,2,8.666,,,,,,,,,,,,,,,,,,,,,,,,,,,,,,,,,,,,,,,,,,0,0,0,0,false,0,0,,0,0,0,0,0,0,0,,,,,false,{},{},{},{},{},{},{},0,3.375,3.573,0,0,0.019,0,0,0,0,0,0,0,0,0,0,0,0,100,0,6.818,10.923,0.058,3.226,0,0,0,9,9,0,321,0,17,2,0,0,1,2400,0.021,0.025,0,ACTIVE,ACTIVE,,4095,4095,0,,true,16,false,0,0,true,2.1534,0.0011,24000,2008,0,,,,,,0,,,0,0,2,841,841,0,767553430919,6.106,0,0.032,0,0,844,843,2400,true,0,0,0,0,0,0,12,12,19224,0,0,0,0,0,0,0,0,0,0,0,0,0,,0,0,0,0,0,0,0,0,0,0,0,0,0,0,0,0,0,0,,0,0,0,0,0,0,false,
843,844,39257,false,145,50,1.507,0,1.362,0,dynamic_visual_atlas_upload,,,cell_indirection_lut,1.205,2400,2400,0,0,-1,-1,,1991.701174,3.013,4.027,4.027,1,8,3,1.5,false,2,8.666,,,,,,,,,,,,,,,,,,,,,,,,,,,,,,,,,,,,,,,,,,0,0,0,0,false,0,0,,0,0,0,0,0,0,0,,,,,false,{},{},{},{},{},{},{},0,4.159,4.335,0,0,0.018,0,0,0,0,0,0,0,0,0,0,0,0,100,0,6.923,10.923,0.058,2.57,0,0,0,9,9,0,321,0,17,2,0,0,1,2400,0.021,0.025,0,ACTIVE,ACTIVE,,4095,4095,0,,true,16,false,0,0,true,2.0535,0.0012,19200,2280,0,,,,,,0,,,0,0,2,842,842,0,767553450520,7.218,0,0.033,0,0,845,844,2400,true,0,0,0,0,0,0,12,12,24024,0,0,0,0,0,0,0,0,0,0,0,0,0,,0,0,0,0,0,0,0,0,0,0,0,0,0,0,0,0,0,0,,0,0,0,0,0,0,false,
844,845,39278,false,145,50,1.481,0,1.327,0,dynamic_visual_atlas_upload,,,cell_indirection_lut,1.205,2400,2400,0,0,-1,-1,,1991.701174,3.013,4.027,4.027,1,8,3,1.5,false,2,8.666,,,,,,,,,,,,,,,,,,,,,,,,,,,,,,,,,,,,,,,,,,0,0,0,0,false,0,0,,0,0,0,0,0,0,0,,,,,false,{},{},{},{},{},{},{},0,3.642,3.837,0,0,0.018,0,0,0,0,0,0,0,0,0,0,0,0,100,0,6.733667,10.923,0.058,2.878667,0,0,0,9,9,0,321,0,17,2,0,0,1,2400,0.021,0.025,0,ACTIVE,ACTIVE,,4095,4095,0,,true,16,false,0,0,true,2.7357,0.0019,52800,2280,0,,,,,,0,,,0,0,2,843,843,0,767553469692,8.288,0,0.03,0,0,846,845,2400,true,0,0,0,0,0,0,12,12,19224,0,0,0,0,0,0,0,0,0,0,0,0,0,,0,0,0,0,0,0,0,0,0,0,0,0,0,0,0,0,0,0,,0,0,0,0,0,0,false,
845,846,39299,false,145,50,1.578,0,1.374,0,dynamic_visual_atlas_upload,,,cell_indirection_lut,1.205,2400,2400,0,0,-1,-1,,1991.701174,3.013,4.027,4.027,1,8,3,1.5,false,2,8.666,,,,,,,,,,,,,,,,,,,,,,,,,,,,,,,,,,,,,,,,,,0,0,0,0,false,0,0,,0,0,0,0,0,0,0,,,,,false,{},{},{},{},{},{},{},0,3.758,4.108,0,0,0.016,0,0,0,0,0,0,0,0,0,0,0,0,100,0,7.052333,10.923,0.058,2.928333,0,0,0,9,9,0,321,0,17,2,0,0,1,2400,0.021,0.025,0,ACTIVE,ACTIVE,,4095,4095,0,,true,16,false,0,0,true,1.9315,0.0014,19200,2280,0,,,,,,0,,,0,0,2,844,844,0,767553490032,9.128,0,0.033,0,0,847,846,2400,true,0,0,0,0,0,0,12,12,52824,0,0,0,0,0,0,0,0,0,0,0,0,0,,0,0,0,0,0,0,0,0,0,0,0,0,0,0,0,0,0,0,,0,0,0,0,0,0,false,
846,847,39319,false,145,50,1.626,0,1.404,0,dynamic_visual_atlas_upload,,,cell_indirection_lut,1.205,2400,2400,0,0,-1,-1,,1991.701174,3.013,4.027,4.027,1,8,3,1.5,false,2,8.666,,,,,,,,,,,,,,,,,,,,,,,,,,,,,,,,,,,,,,,,,,0,0,0,0,false,0,0,,0,0,0,0,0,0,0,,,,,false,{},{},{},{},{},{},{},0,3.778,3.97,0,0,0.018,0,0,0,0,0,0,0,0,0,0,0,0,100,0,6.851,10.923,0.058,2.863,0,0,0,9,9,0,321,0,17,2,0,0,1,2400,0.021,0.025,0,ACTIVE,ACTIVE,,4095,4095,0,,true,16,false,0,0,true,2.7486,0.0013,21600,2280,0,,,,,,0,,,0,0,2,845,845,0,767553509516,10.199,0,0.035,0,0,848,847,2400,true,0,0,0,0,0,0,12,12,19224,0,0,0,0,0,0,0,0,0,0,0,0,0,,0,0,0,0,0,0,0,0,0,0,0,0,0,0,0,0,0,0,,0,0,0,0,0,0,false,
847,848,39333,false,145,50,1.449,0,1.281,0,dynamic_visual_atlas_upload,,,cell_indirection_lut,1.205,2400,2400,0,0,-1,-1,,1991.701174,3.013,4.027,4.027,1,8,3,1.5,false,2,8.666,,,,,,,,,,,,,,,,,,,,,,,,,,,,,,,,,,,,,,,,,,0,0,0,0,false,0,0,,0,0,0,0,0,0,0,,,,,false,{},{},{},{},{},{},{},0,3.194,3.377,0,0,0.018,0,0,0,0,0,0,0,0,0,0,0,0,100,0,6.6445,10.923,0.058,3.2495,0,0,0,9,9,0,321,0,17,2,0,0,1,2400,0.021,0.025,0,ACTIVE,ACTIVE,,4095,4095,0,,true,16,false,0,0,true,1.9585,0.0011,19200,2280,0,,,,,,0,,,0,0,2,846,846,0,767553529427,3.521,0,0.034,0,0,849,848,2400,true,0,0,0,0,0,0,12,12,21624,0,0,0,0,0,0,0,0,0,0,0,0,0,,0,0,0,0,0,0,0,0,0,0,0,0,0,0,0,0,0,0,,0,0,0,0,0,0,false,
848,849,39354,false,145,50,1.543,0,1.361,0,dynamic_visual_atlas_upload,,,cell_indirection_lut,1.205,2400,2400,0,0,-1,-1,,1991.701174,3.013,4.027,4.027,1,8,3,1.5,false,2,8.666,,,,,,,,,,,,,,,,,,,,,,,,,,,,,,,,,,,,,,,,,,0,0,0,0,false,0,0,,0,0,0,0,0,0,0,,,,,false,{},{},{},{},{},{},{},0,3.396,3.593,0,0,0.016,0,0,0,0,0,0,0,0,0,0,0,0,100,0,7.077333,10.923,0.058,3.468333,0,0,0,9,9,0,321,0,17,2,0,0,1,2400,0.021,0.025,0,ACTIVE,ACTIVE,,4095,4095,0,,true,16,false,0,0,true,1.9679,0.0013,19200,2280,0,,,,,,0,,,0,0,2,847,847,0,767553548228,5.979,0,0.032,0,0,850,849,2400,true,0,0,0,0,0,0,12,12,19224,0,0,0,0,0,0,0,0,0,0,0,0,0,,0,0,0,0,0,0,0,0,0,0,0,0,0,0,0,0,0,0,,0,0,0,0,0,0,false,
849,850,39374,false,145,50,1.515,0,1.332,0,dynamic_visual_atlas_upload,,,cell_indirection_lut,1.205,2400,2400,0,0,-1,-1,,1991.701174,3.013,4.027,4.027,1,8,3,1.5,false,2,8.666,,,,,,,,,,,,,,,,,,,,,,,,,,,,,,,,,,,,,,,,,,0,0,0,0,false,0,0,,0,0,0,0,0,0,0,,,,,false,{},{},{},{},{},{},{},0,3.574,3.764,0,0,0.017,0,0,0,0,0,0,0,0,0,0,0,0,100,0,6.794,10.923,0.058,3.013,0,0,0,9,9,0,321,0,17,2,0,0,1,2400,0.021,0.025,0,ACTIVE,ACTIVE,,4095,4095,0,,true,16,false,0,0,true,1.9206,0.001,19200,2280,0,,,,,,0,,,0,0,2,848,848,0,767553567814,6.724,0,0.031,0,0,851,850,2400,true,0,0,0,0,0,0,12,12,19224,0,0,0,0,0,0,0,0,0,0,0,0,0,,0,0,0,0,0,0,0,0,0,0,0,0,0,0,0,0,0,0,,0,0,0,0,0,0,false,
850,851,39395,false,145,50,1.45,0,1.31,0,dynamic_visual_atlas_upload,,,cell_indirection_lut,1.205,2400,2400,0,0,-1,-1,,1991.701174,3.013,4.027,4.027,1,8,3,1.5,false,2,8.666,,,,,,,,,,,,,,,,,,,,,,,,,,,,,,,,,,,,,,,,,,0,0,0,0,false,0,0,,0,0,0,0,0,0,0,,,,,false,{},{},{},{},{},{},{},0,3.574,3.753,0,0,0.017,0,0,0,0,0,0,0,0,0,0,0,0,100,0,6.851333,10.923,0.058,3.081333,0,0,0,9,9,0,321,0,17,2,0,0,1,2400,0.021,0.025,0,ACTIVE,ACTIVE,,4095,4095,0,,true,16,false,0,0,true,1.9652,0.0012,19200,2280,0,,,,,,0,,,0,0,2,849,849,0,767553586615,8.512,0,0.03,0,0,852,851,2400,true,0,0,0,0,0,0,12,12,19224,0,0,0,0,0,0,0,0,0,0,0,0,0,,0,0,0,0,0,0,0,0,0,0,0,0,0,0,0,0,0,0,,0,0,0,0,0,0,false,
851,852,39416,false,145,50,1.427,0,1.283,0,dynamic_visual_atlas_upload,,,cell_indirection_lut,1.205,2400,2400,0,0,-1,-1,,1991.701174,3.013,4.027,4.027,1,8,3,1.5,false,2,8.666,,,,,,,,,,,,,,,,,,,,,,,,,,,,,,,,,,,,,,,,,,0,0,0,0,false,0,0,,0,0,0,0,0,0,0,,,,,false,{},{},{},{},{},{},{},0,3.913,4.094,0,0,0.017,0,0,0,0,0,0,0,0,0,0,0,0,100,0,7.030333,10.923,0.058,2.919333,0,0,0,9,9,0,321,0,17,2,0,0,1,2400,0.021,0.025,0,ACTIVE,ACTIVE,,4095,4095,0,,true,16,false,0,0,true,1.8703,0.0016,19200,2280,0,,,,,,0,,,0,0,2,850,850,0,767553606355,9.821,0,0.031,0,0,853,852,2400,true,0,0,0,0,0,0,12,12,19224,0,0,0,0,0,0,0,0,0,0,0,0,0,,0,0,0,0,0,0,0,0,0,0,0,0,0,0,0,0,0,0,,0,0,0,0,0,0,false,
852,853,39437,false,145,50,1.695,0,1.455,0,dynamic_visual_atlas_upload,,,cell_indirection_lut,1.205,2400,2400,0,0,-1,-1,,1991.701174,3.013,4.027,4.027,1,8,3,1.5,false,2,8.666,,,,,,,,,,,,,,,,,,,,,,,,,,,,,,,,,,,,,,,,,,0,0,0,0,false,0,0,,0,0,0,0,0,0,0,,,,,false,{},{},{},{},{},{},{},0,3.682,3.88,0,0,0.018,0,0,0,0,0,0,0,0,0,0,0,0,100,0,6.931667,10.923,0.058,3.033667,0,0,0,9,9,0,321,0,17,2,0,0,1,2400,0.021,0.025,0,ACTIVE,ACTIVE,,4095,4095,0,,true,16,false,0,0,true,3.6946,0.0015,55200,2280,0,,,,,,0,,,0,0,2,851,851,0,767553624633,12.479,0,0.045,0,0,854,853,2400,true,0,0,0,0,0,0,12,12,19224,0,0,0,0,0,0,0,0,0,0,0,0,0,,0,0,0,0,0,0,0,0,0,0,0,0,0,0,0,0,0,0,,0,0,0,0,0,0,false,
853,854,39458,false,145,50,1.623,0,1.406,0,dynamic_visual_atlas_upload,,,cell_indirection_lut,1.205,2400,2400,0,0,-1,-1,,1991.701174,3.013,4.027,4.027,1,8,3,1.5,false,2,8.666,,,,,,,,,,,,,,,,,,,,,,,,,,,,,,,,,,,,,,,,,,0,0,0,0,false,0,0,,0,0,0,0,0,0,0,,,,,false,{},{},{},{},{},{},{},0,4.475,4.67,0,0,0.02,0,0,0,0,0,0,0,0,0,0,0,0,100,0,7.223333,10.923,0.058,2.533333,0,0,0,9,9,0,321,0,17,2,0,0,1,2400,0.021,0.025,0,ACTIVE,ACTIVE,,4095,4095,0,,true,16,false,0,0,true,2.3428,0.0017,19200,2280,0,,,,,,0,,,0,0,2,852,852,0,767553647305,11.425,0,0.04,0,0,855,854,2400,true,0,0,0,0,0,0,12,12,55224,0,0,0,0,0,0,0,0,0,0,0,0,0,,0,0,0,0,0,0,0,0,0,0,0,0,0,0,0,0,0,0,,0,0,0,0,0,0,false,
854,855,39477,false,145,50,1.404,0,1.264,0,dynamic_visual_atlas_upload,,,cell_indirection_lut,1.205,2400,2400,0,0,-1,-1,,1991.701174,3.013,4.027,4.027,1,8,3,1.5,false,2,8.666,,,,,,,,,,,,,,,,,,,,,,,,,,,,,,,,,,,,,,,,,,0,0,0,0,false,0,0,,0,0,0,0,0,0,0,,,,,false,{},{},{},{},{},{},{},0,2.985,3.141,0,0,0.014,0,0,0,0,0,0,0,0,0,0,0,0,100,0,6.242667,10.923,0.058,3.087667,0,0,0,9,9,0,321,0,17,2,0,0,1,2400,0.021,0.025,0,ACTIVE,ACTIVE,,4095,4095,0,,true,16,false,0,0,true,2.5417,0.0011,19200,2280,0,,,,,,0,,,0,0,2,853,853,0,767553674039,3.323,0,0.035,0,0,856,855,2400,true,0,0,0,0,0,0,12,12,19224,0,0,0,0,0,0,0,0,0,0,0,0,0,,0,0,0,0,0,0,0,0,0,0,0,0,0,0,0,0,0,0,,0,0,0,0,0,0,false,
855,856,39499,false,145,50,1.518,0,1.357,0,dynamic_visual_atlas_upload,,,cell_indirection_lut,1.205,2400,2400,0,0,-1,-1,,1991.701174,3.013,4.027,4.027,1,8,3,1.5,false,2,8.666,,,,,,,,,,,,,,,,,,,,,,,,,,,,,,,,,,,,,,,,,,0,0,0,0,false,0,0,,0,0,0,0,0,0,0,,,,,false,{},{},{},{},{},{},{},0,3.295,3.477,0,0,0.016,0,0,0,0,0,0,0,0,0,0,0,0,100,0,7.134333,10.923,0.058,3.641333,0,0,0,9,9,0,321,0,17,2,0,0,1,2400,0.021,0.025,0,ACTIVE,ACTIVE,,4095,4095,0,,true,16,false,0,0,true,2.3186,0.0013,19200,1843,0,,,,,,0,,,0,0,2,854,854,0,767553694788,4.029,0,0.029,0,0,857,856,2400,true,0,0,0,0,0,0,12,12,19224,0,0,0,0,0,0,0,0,0,0,0,0,0,,0,0,0,0,0,0,0,0,0,0,0,0,0,0,0,0,0,0,,0,0,0,0,0,0,false,
856,857,39519,false,145,50,1.455,0,1.313,0,dynamic_visual_atlas_upload,,,cell_indirection_lut,1.205,2400,2400,0,0,-1,-1,,1991.701174,3.013,4.027,4.027,1,8,3,1.5,false,2,8.666,,,,,,,,,,,,,,,,,,,,,,,,,,,,,,,,,,,,,,,,,,0,0,0,0,false,0,0,,0,0,0,0,0,0,0,,,,,false,{},{},{},{},{},{},{},0,3.343,3.515,0,0,0.015,0,0,0,0,0,0,0,0,0,0,0,0,100,0,6.740667,10.923,0.058,3.210667,0,0,0,9,9,0,321,0,17,2,0,0,1,2400,0.021,0.025,0,ACTIVE,ACTIVE,,4095,4095,0,,true,16,false,0,0,true,1.9086,0.0013,19200,2280,0,,,,,,0,,,0,0,2,855,855,0,767553713586,5.412,0,0.03,0,0,858,857,2400,true,0,0,0,0,0,0,12,12,19224,0,0,0,0,0,0,0,0,0,0,0,0,0,,0,0,0,0,0,0,0,0,0,0,0,0,0,0,0,0,0,0,,0,0,0,0,0,0,false,
857,858,39537,false,145,50,1.649,0,1.45,0,dynamic_visual_atlas_upload,,,cell_indirection_lut,1.205,2400,2400,0,0,-1,-1,,1991.701174,3.013,4.027,4.027,1,8,3,1.5,false,2,8.666,,,,,,,,,,,,,,,,,,,,,,,,,,,,,,,,,,,,,,,,,,0,0,0,0,false,0,0,,0,0,0,0,0,0,0,,,,,false,{},{},{},{},{},{},{},0,0,0.246,0,0,0.018,0,0,0,0,0,0,0,0,0,0,0,0,100,0,6.000667,10.923,0.058,5.736667,0,0,0,9,9,0,321,0,17,2,0,0,1,2400,0.021,0.025,0,ACTIVE,ACTIVE,,4095,4095,0,,true,16,false,0,0,true,2.522,0.0018,19200,2280,0,,,,,,0,,,0,0,2,856,856,0,767553732921,4.094,0,0.033,0,0,859,858,2400,true,0,0,0,0,0,0,12,12,19224,0,0,0,0,0,0,0,0,0,0,0,0,0,,0,0,0,0,0,0,0,0,0,0,0,0,0,0,0,0,0,0,,0,0,0,0,0,0,false,
858,859,39558,false,145,50,2.094,0,1.636,0,dynamic_visual_atlas_upload,,,cell_indirection_lut,1.205,2400,2400,0,0,-1,-1,,1991.701174,3.013,4.027,4.027,1,8,3,1.5,false,2,8.666,,,,,,,,,,,,,,,,,,,,,,,,,,,,,,,,,,,,,,,,,,0,0,0,0,false,0,0,,0,0,0,0,0,0,0,,,,,false,{},{},{},{},{},{},{},0,7.329,7.518,0,0,0.018,0,0,0,0,0,0,0,0,0,0,0,0,100,0,10.818,10.923,0.058,3.282,0,0,0,9,9,0,321,0,17,2,0,0,1,2400,0.021,0.025,0,ACTIVE,ACTIVE,,4095,4095,0,,true,16,false,0,0,true,2.7647,0.0012,21600,2272,0,,,,,,0,,,0,0,2,857,857,0,767553753671,5.221,0,0.031,0,0,860,859,2400,true,0,0,0,0,0,0,12,12,19224,0,0,0,0,0,0,0,0,0,0,0,0,0,,0,0,0,0,0,0,0,0,0,0,0,0,0,0,0,0,0,0,,0,0,0,0,0,0,false,
859,860,39578,false,145,50,1.571,0,1.404,0,dynamic_visual_atlas_upload,,,cell_indirection_lut,1.205,2400,2400,0,0,-1,-1,,1991.701174,3.013,4.027,4.027,1,8,3,1.5,false,2,8.666,,,,,,,,,,,,,,,,,,,,,,,,,,,,,,,,,,,,,,,,,,0,0,0,0,false,0,0,,0,0,0,0,0,0,0,,,,,false,{},{},{},{},{},{},{},0,0,0.194,0,0,0.013,0,0,0,0,0,0,0,0,0,0,0,0,100,0,4.89875,10.923,0.058,4.69175,0,0,0,9,9,0,321,0,17,2,0,0,1,2400,0.021,0.025,0,ACTIVE,ACTIVE,,4095,4095,0,,true,16,false,0,0,true,2.0635,0.0014,19200,2280,0,,,,,,0,,,0,0,2,858,858,0,767553774003,4.243,0,0.061,0,0,861,860,2400,true,0,0,0,0,0,0,12,12,21624,0,0,0,0,0,0,0,0,0,0,0,0,0,,0,0,0,0,0,0,0,0,0,0,0,0,0,0,0,0,0,0,,0,0,0,0,0,0,false,
860,861,39599,false,145,50,1.435,0,1.252,0,dynamic_visual_atlas_upload,,,cell_indirection_lut,1.205,2400,2400,0,0,-1,-1,,1991.701174,3.013,4.027,4.027,1,8,3,1.5,false,2,8.666,,,,,,,,,,,,,,,,,,,,,,,,,,,,,,,,,,,,,,,,,,0,0,0,0,false,0,0,,0,0,0,0,0,0,0,,,,,false,{},{},{},{},{},{},{},0,0,0.212,0,0,0.015,0,0,0,0,0,0,0,0,0,0,0,0,100,0,6.834667,10.923,0.058,6.607667,0,0,0,9,9,0,321,0,17,2,0,0,1,2400,0.021,0.025,0,ACTIVE,ACTIVE,,4095,4095,0,,true,16,false,0,0,true,2.6969,0.0014,52800,2280,0,,,,,,0,,,0,0,2,859,859,0,767553793458,5.277,0,0.029,0,0,862,861,2400,true,0,0,0,0,0,0,12,12,19224,0,0,0,0,0,0,0,0,0,0,0,0,0,,0,0,0,0,0,0,0,0,0,0,0,0,0,0,0,0,0,0,,0,0,0,0,0,0,false,
861,862,39616,false,145,50,1.769,0,1.595,0,dynamic_visual_atlas_upload,,,cell_indirection_lut,1.205,2400,2400,0,0,-1,-1,,1991.701174,3.013,4.027,4.027,1,8,3,1.5,false,2,8.666,,,,,,,,,,,,,,,,,,,,,,,,,,,,,,,,,,,,,,,,,,0,0,0,0,false,0,0,,0,0,0,0,0,0,0,,,,,false,{},{},{},{},{},{},{},0,3.178,3.353,0,0,0.02,0,0,0,0,0,0,0,0,0,0,0,0,100,0,8.679,10.923,0.058,5.306,0,0,0,9,9,0,321,0,17,2,0,0,1,2400,0.021,0.025,0,ACTIVE,ACTIVE,,4095,4095,0,,true,16,false,0,0,true,1.9268,0.001,19200,2280,0,,,,,,0,,,0,0,2,860,860,0,767553812568,3.575,0,0.031,0,0,863,862,2400,true,0,0,0,0,0,0,12,12,52824,0,0,0,0,0,0,0,0,0,0,0,0,0,,0,0,0,0,0,0,0,0,0,0,0,0,0,0,0,0,0,0,,0,0,0,0,0,0,false,
862,863,39636,false,145,50,1.632,0,1.413,0,dynamic_visual_atlas_upload,,,cell_indirection_lut,1.205,2400,2400,0,0,-1,-1,,1991.701174,3.013,4.027,4.027,1,8,3,1.5,false,2,8.666,,,,,,,,,,,,,,,,,,,,,,,,,,,,,,,,,,,,,,,,,,0,0,0,0,false,0,0,,0,0,0,0,0,0,0,,,,,false,{},{},{},{},{},{},{},0,3.062,3.237,0,0,0.016,0,0,0,0,0,0,0,0,0,0,0,0,100,0,6.809667,10.923,0.058,3.556667,0,0,0,9,9,0,321,0,17,2,0,0,1,2400,0.021,0.025,0,ACTIVE,ACTIVE,,4095,4095,0,,true,16,false,0,0,true,1.9387,0.0009,19200,2280,0,,,,,,0,,,0,0,2,861,861,0,767553831652,4.915,0,0.03,0,0,864,863,2400,true,0,0,0,0,0,0,12,12,19224,0,0,0,0,0,0,0,0,0,0,0,0,0,,0,0,0,0,0,0,0,0,0,0,0,0,0,0,0,0,0,0,,0,0,0,0,0,0,false,
863,864,39660,false,145,50,2.335,0,2.094,0,dynamic_visual_atlas_upload,,,cell_indirection_lut,1.205,2400,2400,0,0,-1,-1,,1991.701174,3.013,4.027,4.027,1,8,3,1.5,false,2,8.666,,,,,,,,,,,,,,,,,,,,,,,,,,,,,,,,,,,,,,,,,,0,0,0,0,false,0,0,,0,0,0,0,0,0,0,,,,,false,{},{},{},{},{},{},{},0,4.868,5.109,0,0,0.02,0,0,0,0,0,0,0,0,0,0,0,0,100,0,7.819333,10.923,0.058,2.690333,0,0,0,9,9,0,321,0,17,2,0,0,1,2400,0.021,0.025,0,ACTIVE,ACTIVE,,4095,4095,0,,true,16,false,0,0,true,1.9716,0.0014,19200,2280,0,,,,,,0,,,0,0,2,862,862,0,767553850310,9.809,0,0.037,0,0,865,864,2400,true,0,0,0,0,0,0,12,12,19224,0,0,0,0,0,0,0,0,0,0,0,0,0,,0,0,0,0,0,0,0,0,0,0,0,0,0,0,0,0,0,0,,0,0,0,0,0,0,false,
864,865,39678,false,145,50,1.661,0,1.369,0,dynamic_visual_atlas_upload,,,cell_indirection_lut,1.205,2400,2400,0,0,-1,-1,,1991.701174,3.013,4.027,4.027,1,8,3,1.5,false,2,8.666,,,,,,,,,,,,,,,,,,,,,,,,,,,,,,,,,,,,,,,,,,0,0,0,0,false,0,0,,0,0,0,0,0,0,0,,,,,false,{},{},{},{},{},{},{},0,3.402,3.567,0,0,0.016,0,0,0,0,0,0,0,0,0,0,0,0,100,0,5.989667,10.923,0.058,2.406667,0,0,0,9,9,0,321,0,17,2,0,0,1,2400,0.021,0.025,0,ACTIVE,ACTIVE,,4095,4095,0,,true,16,false,0,0,true,2.6915,0.0011,21600,2280,0,,,,,,0,,,0,0,2,863,863,0,767553869657,8.297,0,0.045,0,0,866,865,2400,true,0,0,0,0,0,0,12,12,19224,0,0,0,0,0,0,0,0,0,0,0,0,0,,0,0,0,0,0,0,0,0,0,0,0,0,0,0,0,0,0,0,,0,0,0,0,0,0,false,
865,866,39698,false,145,50,1.634,0,1.426,0,dynamic_visual_atlas_upload,,,cell_indirection_lut,1.205,2400,2400,0,0,-1,-1,,1991.701174,3.013,4.027,4.027,1,8,3,1.5,false,2,8.666,,,,,,,,,,,,,,,,,,,,,,,,,,,,,,,,,,,,,,,,,,0,0,0,0,false,0,0,,0,0,0,0,0,0,0,,,,,false,{},{},{},{},{},{},{},0,3.276,3.432,0,0,0.015,0,0,0,0,0,0,0,0,0,0,0,0,100,0,6.853667,10.923,0.058,3.406667,0,0,0,9,9,0,321,0,17,2,0,0,1,2400,0.021,0.025,0,ACTIVE,ACTIVE,,4095,4095,0,,true,16,false,0,0,true,1.8551,0.0009,19200,2280,0,,,,,,0,,,0,0,2,864,864,0,767553889021,9.535,0,0.032,0,0,867,866,2400,true,0,0,0,0,0,0,12,12,21624,0,0,0,0,0,0,0,0,0,0,0,0,0,,0,0,0,0,0,0,0,0,0,0,0,0,0,0,0,0,0,0,,0,0,0,0,0,0,false,
866,867,39710,false,145,50,1.967,0,1.726,0,dynamic_visual_atlas_upload,,,cell_indirection_lut,1.205,2400,2400,0,0,-1,-1,,1991.701174,3.013,4.027,4.027,1,8,3,1.5,false,2,8.666,,,,,,,,,,,,,,,,,,,,,,,,,,,,,,,,,,,,,,,,,,0,0,0,0,false,0,0,,0,0,0,0,0,0,0,,,,,false,{},{},{},{},{},{},{},0,0,0.271,0,0,0.017,0,0,0,0,0,0,0,0,0,0,0,0,100,0,5.686,10.923,0.058,5.398,0,0,0,9,9,0,321,0,17,2,0,0,1,2400,0.021,0.025,0,ACTIVE,ACTIVE,,4095,4095,0,,true,16,false,0,0,true,2.1079,0.0019,19200,2280,0,,,,,,0,,,0,0,2,865,865,0,767553906967,2.916,0,0.034,0,0,867,866,2400,true,0,0,0,0,0,0,12,12,19224,0,0,0,0,0,0,0,0,0,0,0,0,0,,0,0,0,0,0,0,0,0,0,0,0,0,0,0,0,0,0,0,,0,0,0,0,0,0,false,
867,868,39735,false,145,50,1.437,0,1.284,0,dynamic_visual_atlas_upload,,,cell_indirection_lut,1.205,2400,2400,0,0,-1,-1,,1991.701174,3.013,4.027,4.027,1,8,3,1.5,false,2,8.666,,,,,,,,,,,,,,,,,,,,,,,,,,,,,,,,,,,,,,,,,,0,0,0,0,false,0,0,,0,0,0,0,0,0,0,,,,,false,{},{},{},{},{},{},{},0,5.581,5.772,0,0,0.014,0,0,0,0,0,0,0,0,0,0,0,0,100,0,8.415667,10.923,0.058,2.629667,0,0,0,9,9,0,321,0,17,2,0,0,1,2400,0.021,0.025,0,ACTIVE,ACTIVE,,4095,4095,0,,true,16,false,0,0,true,1.942,0.0013,19200,2280,0,,,,,,0,,,0,0,2,866,866,0,767553926237,8.919,0,0.03,0,0,869,868,2400,true,0,0,0,0,0,0,12,12,19224,0,0,0,0,0,0,0,0,0,0,0,0,0,,0,0,0,0,0,0,0,0,0,0,0,0,0,0,0,0,0,0,,0,0,0,0,0,0,false,
868,869,39753,false,145,50,1.422,0,1.294,0,dynamic_visual_atlas_upload,,,cell_indirection_lut,1.205,2400,2400,0,0,-1,-1,,1991.701174,3.013,4.027,4.027,1,8,3,1.5,false,2,8.666,,,,,,,,,,,,,,,,,,,,,,,,,,,,,,,,,,,,,,,,,,0,0,0,0,false,0,0,,0,0,0,0,0,0,0,,,,,false,{},{},{},{},{},{},{},0,3.257,3.419,0,0,0.015,0,0,0,0,0,0,0,0,0,0,0,0,100,0,6.115333,10.923,0.058,2.681333,0,0,0,9,9,0,321,0,17,2,0,0,1,2400,0.021,0.025,0,ACTIVE,ACTIVE,,4095,4095,0,,true,16,false,0,0,true,2.587,0.001,52800,2280,0,,,,,,0,,,0,0,2,867,867,0,767553945067,8.429,0,0.032,0,0,870,869,2400,true,0,0,0,0,0,0,12,12,19224,0,0,0,0,0,0,0,0,0,0,0,0,0,,0,0,0,0,0,0,0,0,0,0,0,0,0,0,0,0,0,0,,0,0,0,0,0,0,false,
869,870,39776,false,145,50,2.124,0,1.95,0,dynamic_visual_atlas_upload,,,cell_indirection_lut,1.205,2400,2400,0,0,-1,-1,,1991.701174,3.013,4.027,4.027,1,8,3,1.5,false,2,8.666,,,,,,,,,,,,,,,,,,,,,,,,,,,,,,,,,,,,,,,,,,0,0,0,0,false,0,0,,0,0,0,0,0,0,0,,,,,false,{},{},{},{},{},{},{},0,3.818,4.124,0,0,0.013,0,0,0,0,0,0,0,0,0,0,0,0,100,0,7.454,10.923,0.058,3.317,0,0,0,9,9,0,321,0,17,2,0,0,1,2400,0.021,0.025,0,ACTIVE,ACTIVE,,4095,4095,0,,true,16,false,0,0,true,1.8953,0.0012,19200,2280,0,,,,,,0,,,0,0,2,868,868,0,767553964006,11.833,0,0.028,0,0,871,870,2400,true,0,0,0,0,0,0,12,12,52824,0,0,0,0,0,0,0,0,0,0,0,0,0,,0,0,0,0,0,0,0,0,0,0,0,0,0,0,0,0,0,0,,0,0,0,0,0,0,false,
870,871,39785,false,145,50,1.434,0,1.282,0,dynamic_visual_atlas_upload,,,cell_indirection_lut,1.205,2400,2400,0,0,-1,-1,,1991.701174,3.013,4.027,4.027,1,8,3,1.5,false,2,8.666,,,,,,,,,,,,,,,,,,,,,,,,,,,,,,,,,,,,,,,,,,0,0,0,0,false,0,0,,0,0,0,0,0,0,0,,,,,false,{},{},{},{},{},{},{},0,0,0.214,0,0,0.015,0,0,0,0,0,0,0,0,0,0,0,0,100,0,4.6475,10.923,0.058,4.4185,0,0,0,9,9,0,321,0,17,2,0,0,1,2400,0.021,0.025,0,ACTIVE,ACTIVE,,4095,4095,0,,true,16,false,0,0,true,1.8953,0.0012,19200,2280,0,,,,,,0,,,0,0,2,869,869,0,767553982892,2.288,0,0.031,0,0,871,870,2400,true,0,0,0,0,0,0,12,12,19224,0,0,0,0,0,0,0,0,0,0,0,0,0,,0,0,0,0,0,0,0,0,0,0,0,0,0,0,0,0,0,0,,0,0,0,0,0,0,false,
871,872,39806,false,145,50,1.635,0,1.407,0,dynamic_visual_atlas_upload,,,cell_indirection_lut,1.205,2400,2400,0,0,-1,-1,,1991.701174,3.013,4.027,4.027,1,8,3,1.5,false,2,8.666,,,,,,,,,,,,,,,,,,,,,,,,,,,,,,,,,,,,,,,,,,0,0,0,0,false,0,0,,0,0,0,0,0,0,0,,,,,false,{},{},{},{},{},{},{},0,0,0.226,0,0,0.016,0,0,0,0,0,0,0,0,0,0,0,0,100,0,7.058,10.923,0.058,6.816,0,0,0,9,9,0,321,0,17,2,0,0,1,2400,0.021,0.025,0,ACTIVE,ACTIVE,,4095,4095,0,,true,16,false,0,0,true,2.1229,0.0014,19200,2276,0,,,,,,0,,,0,0,2,870,870,0,767554002135,4.176,0,0.03,0,0,872,871,2400,true,0,0,0,0,0,0,12,12,21624,0,0,0,0,0,0,0,0,0,0,0,0,0,,0,0,0,0,0,0,0,0,0,0,0,0,0,0,0,0,0,0,,0,0,0,0,0,0,false,
872,873,39826,false,145,50,1.472,0,1.3,0,dynamic_visual_atlas_upload,,,cell_indirection_lut,1.205,2400,2400,0,0,-1,-1,,1991.701174,3.013,4.027,4.027,1,8,3,1.5,false,2,8.666,,,,,,,,,,,,,,,,,,,,,,,,,,,,,,,,,,,,,,,,,,0,0,0,0,false,0,0,,0,0,0,0,0,0,0,,,,,false,{},{},{},{},{},{},{},0,0,0.217,0,0,0.013,0,0,0,0,0,0,0,0,0,0,0,0,100,0,6.721667,10.923,0.058,6.491667,0,0,0,9,9,0,321,0,17,2,0,0,1,2400,0.021,0.025,0,ACTIVE,ACTIVE,,4095,4095,0,,true,16,false,0,0,true,1.8246,0.0013,19200,2278,0,,,,,,0,,,0,0,2,871,871,0,767554020821,5.638,0,0.034,0,0,873,872,2400,true,0,0,0,0,0,0,12,12,19224,0,0,0,0,0,0,0,0,0,0,0,0,0,,0,0,0,0,0,0,0,0,0,0,0,0,0,0,0,0,0,0,,0,0,0,0,0,0,false,
873,874,39847,false,145,50,1.472,0,1.305,0,dynamic_visual_atlas_upload,,,cell_indirection_lut,1.205,2400,2400,0,0,-1,-1,,1991.701174,3.013,4.027,4.027,1,8,3,1.5,false,2,8.666,,,,,,,,,,,,,,,,,,,,,,,,,,,,,,,,,,,,,,,,,,0,0,0,0,false,0,0,,0,0,0,0,0,0,0,,,,,false,{},{},{},{},{},{},{},0,0,0.207,0,0,0.015,0,0,0,0,0,0,0,0,0,0,0,0,100,0,6.913,10.923,0.058,6.691,0,0,0,9,9,0,321,0,17,2,0,0,1,2400,0.021,0.025,0,ACTIVE,ACTIVE,,4095,4095,0,,true,16,false,0,0,true,2.8887,0.0013,19200,2276,0,,,,,,0,,,0,0,2,872,872,0,767554038390,8.816,0,0.028,0,0,874,873,2400,true,0,0,0,0,0,0,12,12,19224,0,0,0,0,0,0,0,0,0,0,0,0,0,,0,0,0,0,0,0,0,0,0,0,0,0,0,0,0,0,0,0,,0,0,0,0,0,0,false,
874,875,39861,false,145,50,1.543,0,1.37,0,dynamic_visual_atlas_upload,,,cell_indirection_lut,1.205,2400,2400,0,0,-1,-1,,1991.701174,3.013,4.027,4.027,1,8,3,1.5,false,2,8.666,,,,,,,,,,,,,,,,,,,,,,,,,,,,,,,,,,,,,,,,,,0,0,0,0,false,0,0,,0,0,0,0,0,0,0,,,,,false,{},{},{},{},{},{},{},0,0,0.229,0,0,0.016,0,0,0,0,0,0,0,0,0,0,0,0,100,0,6.96,10.923,0.058,6.715,0,0,0,9,9,0,321,0,17,2,0,0,1,2400,0.021,0.025,0,ACTIVE,ACTIVE,,4095,4095,0,,true,16,false,0,0,true,1.9099,0.0013,19200,2278,0,,,,,,0,,,0,0,2,873,873,0,767554057195,3.937,0,0.032,0,0,875,874,2400,true,0,0,0,0,0,0,12,12,19224,0,0,0,0,0,0,0,0,0,0,0,0,0,,0,0,0,0,0,0,0,0,0,0,0,0,0,0,0,0,0,0,,0,0,0,0,0,0,false,
875,876,39878,false,145,50,1.494,0,1.304,0,dynamic_visual_atlas_upload,,,cell_indirection_lut,1.205,2400,2400,0,0,-1,-1,,1991.701174,3.013,4.027,4.027,1,8,3,1.5,false,2,8.666,,,,,,,,,,,,,,,,,,,,,,,,,,,,,,,,,,,,,,,,,,0,0,0,0,false,0,0,,0,0,0,0,0,0,0,,,,,false,{},{},{},{},{},{},{},0,3.052,3.237,0,0,0.017,0,0,0,0,0,0,0,0,0,0,0,0,100,0,8.3995,10.923,0.058,5.1455,0,0,0,9,9,0,321,0,17,2,0,0,1,2400,0.021,0.025,0,ACTIVE,ACTIVE,,4095,4095,0,,true,16,false,0,0,true,1.9289,0.0013,19200,2275,0,,,,,,0,,,0,0,2,874,874,0,767554075762,2.199,0,0.03,0,0,876,875,2400,true,0,0,0,0,0,0,12,12,19224,0,0,0,0,0,0,0,0,0,0,0,0,0,,0,0,0,0,0,0,0,0,0,0,0,0,0,0,0,0,0,0,,0,0,0,0,0,0,false,
876,877,39900,false,145,50,1.621,0,1.398,0,dynamic_visual_atlas_upload,,,cell_indirection_lut,1.205,2400,2400,0,0,-1,-1,,1991.701174,3.013,4.027,4.027,1,8,3,1.5,false,2,8.666,,,,,,,,,,,,,,,,,,,,,,,,,,,,,,,,,,,,,,,,,,0,0,0,0,false,0,0,,0,0,0,0,0,0,0,,,,,false,{},{},{},{},{},{},{},0,3.788,4.256,0,0,0.018,0,0,0,0,0,0,0,0,0,0,0,0,100,0,7.341333,10.923,0.058,3.067333,0,0,0,9,9,0,321,0,17,2,0,0,1,2400,0.021,0.025,0,ACTIVE,ACTIVE,,4095,4095,0,,true,16,false,0,0,true,3.7952,0.0017,55200,2280,0,,,,,,0,,,0,0,2,875,875,0,767554095405,4.574,0,0.03,0,0,877,876,2400,true,0,0,0,0,0,0,12,12,19224,0,0,0,0,0,0,0,0,0,0,0,0,0,,0,0,0,0,0,0,0,0,0,0,0,0,0,0,0,0,0,0,,0,0,0,0,0,0,false,
877,878,39919,false,145,50,1.398,0,1.248,0,dynamic_visual_atlas_upload,,,cell_indirection_lut,1.205,2400,2400,0,0,-1,-1,,1991.701174,3.013,4.027,4.027,1,8,3,1.5,false,2,8.666,,,,,,,,,,,,,,,,,,,,,,,,,,,,,,,,,,,,,,,,,,0,0,0,0,false,0,0,,0,0,0,0,0,0,0,,,,,false,{},{},{},{},{},{},{},0,3.047,3.22,0,0,0.014,0,0,0,0,0,0,0,0,0,0,0,0,100,0,6.400667,10.923,0.058,3.166667,0,0,0,9,9,0,321,0,17,2,0,0,1,2400,0.021,0.025,0,ACTIVE,ACTIVE,,4095,4095,0,,true,16,false,0,0,true,1.8476,0.0009,19200,2280,0,,,,,,0,,,0,0,2,876,876,0,767554116205,2.971,0,0.034,0,0,878,877,2400,true,0,0,0,0,0,0,12,12,55224,0,0,0,0,0,0,0,0,0,0,0,0,0,,0,0,0,0,0,0,0,0,0,0,0,0,0,0,0,0,0,0,,0,0,0,0,0,0,false,
878,879,39937,false,145,50,1.5,0,1.304,0,dynamic_visual_atlas_upload,,,cell_indirection_lut,1.205,2400,2400,0,0,-1,-1,,1991.701174,3.013,4.027,4.027,1,8,3,1.5,false,2,8.666,,,,,,,,,,,,,,,,,,,,,,,,,,,,,,,,,,,,,,,,,,0,0,0,0,false,0,0,,0,0,0,0,0,0,0,,,,,false,{},{},{},{},{},{},{},0,0,0.282,0,0,0.018,0,0,0,0,0,0,0,0,0,0,0,0,100,0,5.988,10.923,0.058,5.688,0,0,0,9,9,0,321,0,17,2,0,0,1,2400,0.021,0.025,0,ACTIVE,ACTIVE,,4095,4095,0,,true,16,false,0,0,true,1.9923,0.0012,19200,2215,0,,,,,,0,,,0,0,2,877,877,0,767554134589,2.527,0,0.031,0,0,879,878,2400,true,0,0,0,0,0,0,12,12,19224,0,0,0,0,0,0,0,0,0,0,0,0,0,,0,0,0,0,0,0,0,0,0,0,0,0,0,0,0,0,0,0,,0,0,0,0,0,0,false,
879,880,39957,false,145,50,1.456,0,1.296,0,dynamic_visual_atlas_upload,,,cell_indirection_lut,1.205,2400,2400,0,0,-1,-1,,1991.701174,3.013,4.027,4.027,1,8,3,1.5,false,2,8.666,,,,,,,,,,,,,,,,,,,,,,,,,,,,,,,,,,,,,,,,,,0,0,0,0,false,0,0,,0,0,0,0,0,0,0,,,,,false,{},{},{},{},{},{},{},0,0,0.182,0,0,0.015,0,0,0,0,0,0,0,0,0,0,0,0,100,0,6.771667,10.923,0.058,6.574667,0,0,0,9,9,0,321,0,17,2,0,0,1,2400,0.021,0.025,0,ACTIVE,ACTIVE,,4095,4095,0,,true,16,false,0,0,true,1.8354,0.0011,19200,2280,0,,,,,,0,,,0,0,2,878,878,0,767554152603,4.838,0,0.03,0,0,880,879,2400,true,0,0,0,0,0,0,12,12,19224,0,0,0,0,0,0,0,0,0,0,0,0,0,,0,0,0,0,0,0,0,0,0,0,0,0,0,0,0,0,0,0,,0,0,0,0,0,0,false,
880,881,39975,false,145,50,1.501,0,1.295,0,dynamic_visual_atlas_upload,,,cell_indirection_lut,1.205,2400,2400,0,0,-1,-1,,1991.701174,3.013,4.027,4.027,1,8,3,1.5,false,2,8.666,,,,,,,,,,,,,,,,,,,,,,,,,,,,,,,,,,,,,,,,,,0,0,0,0,false,0,0,,0,0,0,0,0,0,0,,,,,false,{},{},{},{},{},{},{},0,3.323,3.519,0,0,0.017,0,0,0,0,0,0,0,0,0,0,0,0,100,0,8.714,10.923,0.058,5.178,0,0,0,9,9,0,321,0,17,2,0,0,1,2400,0.021,0.025,0,ACTIVE,ACTIVE,,4095,4095,0,,true,16,false,0,0,true,2.0588,0.0012,19200,2216,0,,,,,,0,,,0,0,2,879,879,0,767554171148,3.757,0,0.03,0,0,881,880,2400,true,0,0,0,0,0,0,12,12,19224,0,0,0,0,0,0,0,0,0,0,0,0,0,,0,0,0,0,0,0,0,0,0,0,0,0,0,0,0,0,0,0,,0,0,0,0,0,0,false,
881,882,39996,false,145,50,1.495,0,1.31,0,dynamic_visual_atlas_upload,,,cell_indirection_lut,1.205,2400,2400,0,0,-1,-1,,1991.701174,3.013,4.027,4.027,1,8,3,1.5,false,2,8.666,,,,,,,,,,,,,,,,,,,,,,,,,,,,,,,,,,,,,,,,,,0,0,0,0,false,0,0,,0,0,0,0,0,0,0,,,,,false,{},{},{},{},{},{},{},0,4.011,4.21,0,0,0.019,0,0,0,0,0,0,0,0,0,0,0,0,100,0,7.157667,10.923,0.058,2.928667,0,0,0,9,9,0,321,0,17,2,0,0,1,2400,0.021,0.025,0,ACTIVE,ACTIVE,,4095,4095,0,,true,16,false,0,0,true,2.1769,0.0013,19200,2280,0,,,,,,0,,,0,0,2,880,880,0,767554189971,6.389,0,0.033,0,0,882,881,2400,true,0,0,0,0,0,0,12,12,19224,0,0,0,0,0,0,0,0,0,0,0,0,0,,0,0,0,0,0,0,0,0,0,0,0,0,0,0,0,0,0,0,,0,0,0,0,0,0,false,
882,883,40016,false,145,50,1.51,0,1.325,0,dynamic_visual_atlas_upload,,,cell_indirection_lut,1.205,2400,2400,0,0,-1,-1,,1991.701174,3.013,4.027,4.027,1,8,3,1.5,false,2,8.666,,,,,,,,,,,,,,,,,,,,,,,,,,,,,,,,,,,,,,,,,,0,0,0,0,false,0,0,,0,0,0,0,0,0,0,,,,,false,{},{},{},{},{},{},{},0,3.36,3.549,0,0,0.016,0,0,0,0,0,0,0,0,0,0,0,0,100,0,6.643333,13.392,0.084,3.078333,0,0,0,9,9,0,321,0,17,2,0,0,1,2400,0.021,0.025,0,ACTIVE,ACTIVE,,4095,4095,0,,true,16,false,0,0,true,2.6182,0.0013,21600,2216,0,,,,,,0,,,0,0,2,881,881,0,767554211451,4.863,0,0.03,0,0,883,882,2400,true,0,0,0,0,0,0,12,12,19224,0,0,0,0,0,0,0,0,0,0,0,0,0,,0,0,0,0,0,0,0,0,0,0,0,0,0,0,0,0,0,0,,0,0,0,0,0,0,false,
883,884,40036,false,145,50,1.431,0,1.28,0,dynamic_visual_atlas_upload,,,cell_indirection_lut,1.205,2400,2400,0,0,-1,-1,,1991.701174,3.013,4.027,4.027,1,8,3,1.5,false,2,8.666,,,,,,,,,,,,,,,,,,,,,,,,,,,,,,,,,,,,,,,,,,0,0,0,0,false,0,0,,0,0,0,0,0,0,0,,,,,false,{},{},{},{},{},{},{},0,3.128,3.304,0,0,0.017,0,0,0,0,0,0,0,0,0,0,0,0,100,0,6.778667,13.392,0.084,3.457667,0,0,0,9,9,0,321,0,17,2,0,0,1,2400,0.021,0.025,0,ACTIVE,ACTIVE,,4095,4095,0,,true,16,false,0,0,true,1.8681,0.001,19200,2279,0,,,,,,0,,,0,0,2,882,882,0,767554233275,3.316,0,0.032,0,0,884,883,2400,true,0,0,0,0,0,0,12,12,21624,0,0,0,0,0,0,0,0,0,0,0,0,0,,0,0,0,0,0,0,0,0,0,0,0,0,0,0,0,0,0,0,,0,0,0,0,0,0,false,
884,885,40059,false,145,50,1.429,0,1.299,0,dynamic_visual_atlas_upload,,,cell_indirection_lut,1.205,2400,2400,0,0,-1,-1,,1991.701174,3.013,4.027,4.027,1,8,3,1.5,false,2,8.666,,,,,,,,,,,,,,,,,,,,,,,,,,,,,,,,,,,,,,,,,,0,0,0,0,false,0,0,,0,0,0,0,0,0,0,,,,,false,{},{},{},{},{},{},{},0,4.846,5.036,0,0,0.017,0,0,0,0,0,0,0,0,0,0,0,0,100,0,7.378667,13.392,0.084,2.325667,0,0,0,9,9,0,321,0,17,2,0,0,1,2400,0.021,0.025,0,ACTIVE,ACTIVE,,4095,4095,0,,true,16,false,0,0,true,3.0467,0.0018,55200,2280,0,,,,,,0,,,0,0,2,883,883,0,767554251790,6.97,0,0.034,0,0,885,884,2400,true,0,0,0,0,0,0,12,12,19224,0,0,0,0,0,0,0,0,0,0,0,0,0,,0,0,0,0,0,0,0,0,0,0,0,0,0,0,0,0,0,0,,0,0,0,0,0,0,false,
885,886,40078,false,145,50,1.469,0,1.316,0,dynamic_visual_atlas_upload,,,cell_indirection_lut,1.205,2400,2400,0,0,-1,-1,,1991.701174,3.013,4.027,4.027,1,8,3,1.5,false,2,8.666,,,,,,,,,,,,,,,,,,,,,,,,,,,,,,,,,,,,,,,,,,0,0,0,0,false,0,0,,0,0,0,0,0,0,0,,,,,false,{},{},{},{},{},{},{},0,3.276,3.45,0,0,0.016,0,0,0,0,0,0,0,0,0,0,0,0,100,0,6.473333,13.392,0.084,3.007333,0,0,0,9,9,0,321,0,17,2,0,0,1,2400,0.021,0.025,0,ACTIVE,ACTIVE,,4095,4095,0,,true,16,false,0,0,true,1.9011,0.0013,19200,1562,0,,,,,,0,,,0,0,2,884,884,0,767554274856,3.301,0,0.028,0,0,886,885,2400,true,0,0,0,0,0,0,12,12,55224,0,0,0,0,0,0,0,0,0,0,0,0,0,,0,0,0,0,0,0,0,0,0,0,0,0,0,0,0,0,0,0,,0,0,0,0,0,0,false,
886,887,40098,false,145,50,1.417,0,1.277,0,dynamic_visual_atlas_upload,,,cell_indirection_lut,1.205,2400,2400,0,0,-1,-1,,1991.701174,3.013,4.027,4.027,1,8,3,1.5,false,2,8.666,,,,,,,,,,,,,,,,,,,,,,,,,,,,,,,,,,,,,,,,,,0,0,0,0,false,0,0,,0,0,0,0,0,0,0,,,,,false,{},{},{},{},{},{},{},0,2.94,3.097,0,0,0.017,0,0,0,0,0,0,0,0,0,0,0,0,100,0,6.733333,13.392,0.084,3.619333,0,0,0,9,9,0,321,0,17,2,0,0,1,2400,0.021,0.025,0,ACTIVE,ACTIVE,,4095,4095,0,,true,16,false,0,0,true,1.8616,0.0011,19200,2280,0,,,,,,0,,,0,0,2,885,885,0,767554293974,4.369,0,0.029,0,0,887,886,2400,true,0,0,0,0,0,0,12,12,19224,0,0,0,0,0,0,0,0,0,0,0,0,0,,0,0,0,0,0,0,0,0,0,0,0,0,0,0,0,0,0,0,,0,0,0,0,0,0,false,
887,888,40119,false,145,50,1.505,0,1.325,0,dynamic_visual_atlas_upload,,,cell_indirection_lut,1.205,2400,2400,0,0,-1,-1,,1991.701174,3.013,4.027,4.027,1,8,3,1.5,false,2,8.666,,,,,,,,,,,,,,,,,,,,,,,,,,,,,,,,,,,,,,,,,,0,0,0,0,false,0,0,,0,0,0,0,0,0,0,,,,,false,{},{},{},{},{},{},{},0,3.408,3.61,0,0,0.013,0,0,0,0,0,0,0,0,0,0,0,0,100,0,7.121333,13.392,0.084,3.498333,0,0,0,9,9,0,321,0,17,2,0,0,1,2400,0.021,0.025,0,ACTIVE,ACTIVE,,4095,4095,0,,true,16,false,0,0,true,2.18,0.0015,19200,1550,0,,,,,,0,,,0,0,2,886,886,0,767554314865,4.86,0,0.03,0,0,888,887,2400,true,0,0,0,0,0,0,12,12,19224,0,0,0,0,0,0,0,0,0,0,0,0,0,,0,0,0,0,0,0,0,0,0,0,0,0,0,0,0,0,0,0,,0,0,0,0,0,0,false,
888,889,40144,false,145,50,1.506,0,1.313,0,dynamic_visual_atlas_upload,,,cell_indirection_lut,1.205,2400,2400,0,0,-1,-1,,1991.701174,3.013,4.027,4.027,1,8,3,1.5,false,2,8.666,,,,,,,,,,,,,,,,,,,,,,,,,,,,,,,,,,,,,,,,,,0,0,0,0,false,0,0,,0,0,0,0,0,0,0,,,,,false,{},{},{},{},{},{},{},0,0,0.288,0,0,0.017,0,0,0,0,0,0,0,0,0,0,0,0,100,0,6.1025,13.392,0.084,5.7975,0,0,0,9,9,0,321,0,17,2,0,0,1,2400,0.021,0.025,0,ACTIVE,ACTIVE,,4095,4095,0,,true,16,false,0,0,true,2.8228,0.0013,21600,2280,0,,,,,,0,,,0,0,2,887,887,0,767554335130,9,0,0.031,0,0,889,888,2400,true,0,0,0,0,0,0,12,12,19224,0,0,0,0,0,0,0,0,0,0,0,0,0,,0,0,0,0,0,0,0,0,0,0,0,0,0,0,0,0,0,0,,0,0,0,0,0,0,false,
889,890,40158,false,145,50,1.467,0,1.303,0,dynamic_visual_atlas_upload,,,cell_indirection_lut,1.205,2400,2400,0,0,-1,-1,,1991.701174,3.013,4.027,4.027,1,8,3,1.5,false,2,8.666,,,,,,,,,,,,,,,,,,,,,,,,,,,,,,,,,,,,,,,,,,0,0,0,0,false,0,0,,0,0,0,0,0,0,0,,,,,false,{},{},{},{},{},{},{},0,0,0.237,0,0,0.017,0,0,0,0,0,0,0,0,0,0,0,0,100,0,6.8025,13.392,0.084,6.5485,0,0,0,9,9,0,321,0,17,2,0,0,1,2400,0.021,0.025,0,ACTIVE,ACTIVE,,4095,4095,0,,true,16,false,0,0,true,1.8875,0.0019,19200,2280,0,,,,,,0,,,0,0,2,888,888,0,767554355107,2.613,0,0.032,0,0,890,889,2400,true,0,0,0,0,0,0,12,12,21624,0,0,0,0,0,0,0,0,0,0,0,0,0,,0,0,0,0,0,0,0,0,0,0,0,0,0,0,0,0,0,0,,0,0,0,0,0,0,false,
890,891,40179,false,145,50,1.887,0,1.569,0,dynamic_visual_atlas_upload,,,cell_indirection_lut,1.205,2400,2400,0,0,-1,-1,,1991.701174,3.013,4.027,4.027,1,8,3,1.5,false,2,8.666,,,,,,,,,,,,,,,,,,,,,,,,,,,,,,,,,,,,,,,,,,0,0,0,0,false,0,0,,0,0,0,0,0,0,0,,,,,false,{},{},{},{},{},{},{},0,0.001,0.219,0,0,0.017,0,0,0,0,0,0,0,0,0,0,0,0,100,0,7.164333,13.392,0.084,6.928333,0,0,0,9,9,0,321,0,17,2,0,0,1,2400,0.021,0.025,0,ACTIVE,ACTIVE,,4095,4095,0,,true,16,false,0,0,true,1.8432,0.0009,19200,2280,0,,,,,,0,,,0,0,2,889,889,0,767554373226,6.054,0,0.031,0,0,891,890,2400,true,0,0,0,0,0,0,12,12,19224,0,0,0,0,0,0,0,0,0,0,0,0,0,,0,0,0,0,0,0,0,0,0,0,0,0,0,0,0,0,0,0,,0,0,0,0,0,0,false,
891,892,40196,false,145,50,1.48,0,1.309,0,dynamic_visual_atlas_upload,,,cell_indirection_lut,1.205,2400,2400,0,0,-1,-1,,1991.701174,3.013,4.027,4.027,1,8,3,1.5,false,2,8.666,,,,,,,,,,,,,,,,,,,,,,,,,,,,,,,,,,,,,,,,,,0,0,0,0,false,0,0,,0,0,0,0,0,0,0,,,,,false,{},{},{},{},{},{},{},0.001,3.555,3.81,0,0,0.018,0,0,0,0,0,0,0,0,0,0,0,0,100,0,8.379,13.392,0.084,4.551,0,0,0,9,9,0,321,0,17,2,0,0,1,2400,0.021,0.025,0,ACTIVE,ACTIVE,,4095,4095,0,,true,16,false,0,0,true,1.9928,0.0012,19200,2280,0,,,,,,0,,,0,0,2,890,890,0,767554393218,2.812,0,0.036,0,0,892,891,2400,true,0,0,0,0,0,0,12,12,19224,0,0,0,0,0,0,0,0,0,0,0,0,0,,0,0,0,0,0,0,0,0,0,0,0,0,0,0,0,0,0,0,,0,0,0,0,0,0,false,
892,893,40217,false,145,50,1.47,0,1.305,0,dynamic_visual_atlas_upload,,,cell_indirection_lut,1.205,2400,2400,0,0,-1,-1,,1991.701174,3.013,4.027,4.027,1,8,3,1.5,false,2,8.666,,,,,,,,,,,,,,,,,,,,,,,,,,,,,,,,,,,,,,,,,,0,0,0,0,false,0,0,,0,0,0,0,0,0,0,,,,,false,{},{},{},{},{},{},{},0,3.908,4.096,0,0,0.017,0,0,0,0,0,0,0,0,0,0,0,0,100,0,6.974667,13.392,0.084,2.861667,0,0,0,9,9,0,321,0,17,2,0,0,1,2400,0.021,0.025,0,ACTIVE,ACTIVE,,4095,4095,0,,true,16,false,0,0,true,2.6823,0.0012,52800,2280,0,,,,,,0,,,0,0,2,891,891,0,767554412079,4.848,0,0.04,0,0,893,892,2400,true,0,0,0,0,0,0,12,12,19224,0,0,0,0,0,0,0,0,0,0,0,0,0,,0,0,0,0,0,0,0,0,0,0,0,0,0,0,0,0,0,0,,0,0,0,0,0,0,false,
893,894,40236,false,145,50,1.367,0,1.232,0,dynamic_visual_atlas_upload,,,cell_indirection_lut,1.205,2400,2400,0,0,-1,-1,,1991.701174,3.013,4.027,4.027,1,8,3,1.5,false,2,8.666,,,,,,,,,,,,,,,,,,,,,,,,,,,,,,,,,,,,,,,,,,0,0,0,0,false,0,0,,0,0,0,0,0,0,0,,,,,false,{},{},{},{},{},{},{},0,2.876,3.02,0,0,0.013,0,0,0,0,0,0,0,0,0,0,0,0,100,0,6.424333,13.392,0.084,3.391333,0,0,0,9,9,0,321,0,17,2,0,0,1,2400,0.021,0.025,0,ACTIVE,ACTIVE,,4095,4095,0,,true,16,false,0,0,true,1.8082,0.0009,19200,2280,0,,,,,,0,,,0,0,2,892,892,0,767554432570,3.626,0,0.034,0,0,894,893,2400,true,0,0,0,0,0,0,12,12,52824,0,0,0,0,0,0,0,0,0,0,0,0,0,,0,0,0,0,0,0,0,0,0,0,0,0,0,0,0,0,0,0,,0,0,0,0,0,0,false,
894,895,40257,false,145,50,1.478,0,1.285,0,dynamic_visual_atlas_upload,,,cell_indirection_lut,1.205,2400,2400,0,0,-1,-1,,1991.701174,3.013,4.027,4.027,1,8,3,1.5,false,2,8.666,,,,,,,,,,,,,,,,,,,,,,,,,,,,,,,,,,,,,,,,,,0,0,0,0,false,0,0,,0,0,0,0,0,0,0,,,,,false,{},{},{},{},{},{},{},0,3.039,3.299,0,0,0.018,0,0,0,0,0,0,0,0,0,0,0,0,100,0,7.106667,13.392,0.084,3.789667,0,0,0,9,9,0,321,0,17,2,0,0,1,2400,0.021,0.025,0,ACTIVE,ACTIVE,,4095,4095,0,,true,16,false,0,0,true,3.107,0.0019,21600,2280,0,,,,,,0,,,0,0,2,893,893,0,767554452006,5.498,0,0.027,0,0,895,894,2400,true,0,0,0,0,0,0,12,12,19224,0,0,0,0,0,0,0,0,0,0,0,0,0,,0,0,0,0,0,0,0,0,0,0,0,0,0,0,0,0,0,0,,0,0,0,0,0,0,false,
895,896,40282,false,145,50,1.559,0,1.383,0,dynamic_visual_atlas_upload,,,cell_indirection_lut,1.205,2400,2400,0,0,-1,-1,,1991.701174,3.013,4.027,4.027,1,8,3,1.5,false,2,8.666,,,,,,,,,,,,,,,,,,,,,,,,,,,,,,,,,,,,,,,,,,0,0,0,0,false,0,0,,0,0,0,0,0,0,0,,,,,false,{},{},{},{},{},{},{},0,0,0.21,0,0,0.016,0,0,0,0,0,0,0,0,0,0,0,0,100,0,6.148,13.392,0.084,5.922,0,0,0,9,9,0,321,0,17,2,0,0,1,2400,0.021,0.025,0,ACTIVE,ACTIVE,,4095,4095,0,,true,16,false,0,0,true,2.5379,0.0011,19200,2280,0,,,,,,0,,,0,0,2,894,894,0,767554478819,3.268,0,0.029,0,0,896,895,2400,true,0,0,0,0,0,0,12,12,21624,0,0,0,0,0,0,0,0,0,0,0,0,0,,0,0,0,0,0,0,0,0,0,0,0,0,0,0,0,0,0,0,,0,0,0,0,0,0,false,
896,897,40306,false,145,50,4.823,0,1.342,0,dynamic_visual_atlas_upload,,,cell_indirection_lut,1.205,2400,2400,0,0,-1,-1,,1991.701174,3.013,4.027,4.027,1,8,3,1.5,false,2,8.666,,,,,,,,,,,,,,,,,,,,,,,,,,,,,,,,,,,,,,,,,,0,0,0,0,false,0,0,,0,0,0,0,0,0,0,,,,,false,{},{},{},{},{},{},{},0,0,0.155,0,0,0.011,0,0,0,0,0,0,0,0,0,0,0,0,100,0,7.927,13.392,0.084,7.761,0,0,0,9,9,0,321,0,17,2,0,0,1,2400,0.021,0.025,0,ACTIVE,ACTIVE,,4095,4095,0,,true,16,false,0,0,true,1.7731,0.0008,19200,2280,0,,,,,,0,,,0,0,2,895,895,0,767554497134,8.811,0,0.028,0,0,897,896,2400,true,0,0,0,0,0,0,12,12,19224,0,0,0,0,0,0,0,0,0,0,0,0,0,,0,0,0,0,0,0,0,0,0,0,0,0,0,0,0,0,0,0,,0,0,0,0,0,0,false,
897,898,40319,false,145,50,1.479,0,1.301,0,dynamic_visual_atlas_upload,,,cell_indirection_lut,1.205,2400,2400,0,0,-1,-1,,1991.701174,3.013,4.027,4.027,1,8,3,1.5,false,2,8.666,,,,,,,,,,,,,,,,,,,,,,,,,,,,,,,,,,,,,,,,,,0,0,0,0,false,0,0,,0,0,0,0,0,0,0,,,,,false,{},{},{},{},{},{},{},0,3.007,3.202,0,0,0.015,0,0,0,0,0,0,0,0,0,0,0,0,100,0,6.7865,13.392,0.084,3.5695,0,0,0,9,9,0,321,0,17,2,0,0,1,2400,0.021,0.025,0,ACTIVE,ACTIVE,,4095,4095,0,,true,16,false,0,0,true,1.9785,0.0013,19200,2280,0,,,,,,0,,,0,0,2,896,896,0,767554515438,4.038,0,0.049,0,0,898,897,2400,true,0,0,0,0,0,0,12,12,19224,0,0,0,0,0,0,0,0,0,0,0,0,0,,0,0,0,0,0,0,0,0,0,0,0,0,0,0,0,0,0,0,,0,0,0,0,0,0,false,
898,899,40337,false,145,50,1.464,0,1.28,0,dynamic_visual_atlas_upload,,,cell_indirection_lut,1.205,2400,2400,0,0,-1,-1,,1991.701174,3.013,4.027,4.027,1,8,3,1.5,false,2,8.666,,,,,,,,,,,,,,,,,,,,,,,,,,,,,,,,,,,,,,,,,,0,0,0,0,false,0,0,,0,0,0,0,0,0,0,,,,,false,{},{},{},{},{},{},{},0,0,0.341,0,0,0.018,0,0,0,0,0,0,0,0,0,0,0,0,100,0,5.951,13.392,0.084,5.592,0,0,0,9,9,0,321,0,17,2,0,0,1,2400,0.021,0.025,0,ACTIVE,ACTIVE,,4095,4095,0,,true,16,false,0,0,true,1.9502,0.0013,19200,2280,0,,,,,,0,,,0,0,2,897,897,0,767554534525,2.784,0,0.028,0,0,899,898,2400,true,0,0,0,0,0,0,12,12,19224,0,0,0,0,0,0,0,0,0,0,0,0,0,,0,0,0,0,0,0,0,0,0,0,0,0,0,0,0,0,0,0,,0,0,0,0,0,0,false,
899,900,40358,false,145,50,1.533,0,1.335,0,dynamic_visual_atlas_upload,,,cell_indirection_lut,1.205,2400,2400,0,0,-1,-1,,1991.701174,3.013,4.027,4.027,1,8,3,1.5,false,2,8.666,,,,,,,,,,,,,,,,,,,,,,,,,,,,,,,,,,,,,,,,,,0,0,0,0,false,0,0,,0,0,0,0,0,0,0,,,,,false,{},{},{},{},{},{},{},0,0,0.199,0,0,0.014,0,0,0,0,0,0,0,0,0,0,0,0,100,0,6.846,13.392,0.084,6.633,0,0,0,9,9,0,321,0,17,2,0,0,1,2400,0.021,0.025,0,ACTIVE,ACTIVE,,4095,4095,0,,true,16,false,0,0,true,1.868,0.0011,19200,2280,0,,,,,,0,,,0,0,2,898,898,0,767554553081,4.83,0,0.032,0,0,900,899,2400,true,0,0,0,0,0,0,12,12,19224,0,0,0,0,0,0,0,0,0,0,0,0,0,,0,0,0,0,0,0,0,0,0,0,0,0,0,0,0,0,0,0,,0,0,0,0,0,0,false,
900,901,40375,false,145,50,1.47,0,1.311,0,dynamic_visual_atlas_upload,,,cell_indirection_lut,1.205,2400,2400,0,0,-1,-1,,1991.701174,3.013,4.027,4.027,1,8,3,1.5,false,2,8.666,,,,,,,,,,,,,,,,,,,,,,,,,,,,,,,,,,,,,,,,,,0,0,0,0,false,0,0,,0,0,0,0,0,0,0,,,,,false,{},{},{},{},{},{},{},0,3.721,3.9,0,0,0.017,0,0,0,0,0,0,0,0,0,0,0,0,100,0,8.7395,13.392,0.084,4.8225,0,0,0,9,9,0,321,0,17,2,0,0,1,2400,0.021,0.025,0,ACTIVE,ACTIVE,,4095,4095,0,,true,16,false,0,0,true,1.868,0.0011,19200,2280,0,,,,,,0,,,0,0,2,899,899,0,767554571970,3.336,0,0.031,0,0,901,900,2400,true,0,0,0,0,0,0,12,12,19224,0,0,0,0,0,0,0,0,0,0,0,0,0,,0,0,0,0,0,0,0,0,0,0,0,0,0,0,0,0,0,0,,0,0,0,0,0,0,false,
901,902,40395,false,145,50,1.538,0,1.35,0,dynamic_visual_atlas_upload,,,cell_indirection_lut,1.205,2400,2400,0,0,-1,-1,,1991.701174,3.013,4.027,4.027,1,8,3,1.5,false,2,8.666,,,,,,,,,,,,,,,,,,,,,,,,,,,,,,,,,,,,,,,,,,0,0,0,0,false,0,0,,0,0,0,0,0,0,0,,,,,false,{},{},{},{},{},{},{},0,3.161,3.321,0,0,0.012,0,0,0,0,0,0,0,0,0,0,0,0,100,0,6.688667,13.392,0.084,3.355667,0,0,0,9,9,0,321,0,17,2,0,0,1,2400,0.021,0.025,0,ACTIVE,ACTIVE,,4095,4095,0,,true,16,false,0,0,true,1.8633,0.0014,19200,2280,0,,,,,,0,,,0,0,2,900,900,0,767554592361,3.084,0,0.029,0,0,902,901,2400,true,0,0,0,0,0,0,12,12,55224,0,0,0,0,0,0,0,0,0,0,0,0,0,,0,0,0,0,0,0,0,0,0,0,0,0,0,0,0,0,0,0,,0,0,0,0,0,0,false,
902,903,40416,false,145,50,1.405,0,1.274,0,dynamic_visual_atlas_upload,,,cell_indirection_lut,1.205,2400,2400,0,0,-1,-1,,1991.701174,3.013,4.027,4.027,1,8,3,1.5,false,2,8.666,,,,,,,,,,,,,,,,,,,,,,,,,,,,,,,,,,,,,,,,,,0,0,0,0,false,0,0,,0,0,0,0,0,0,0,,,,,false,{},{},{},{},{},{},{},0,3.744,3.938,0,0,0.023,0,0,0,0,0,0,0,0,0,0,0,0,100,0,7.074667,13.392,0.084,3.113667,0,0,0,9,9,0,321,0,17,2,0,0,1,2400,0.021,0.025,0,ACTIVE,ACTIVE,,4095,4095,0,,true,16,false,0,0,true,2.1194,0.0011,24000,2280,0,,,,,,0,,,0,0,2,901,901,0,767554610550,6.058,0,0.028,0,0,903,902,2400,true,0,0,0,0,0,0,12,12,19224,0,0,0,0,0,0,0,0,0,0,0,0,0,,0,0,0,0,0,0,0,0,0,0,0,0,0,0,0,0,0,0,,0,0,0,0,0,0,false,
903,904,40437,false,145,50,1.519,0,1.35,0,dynamic_visual_atlas_upload,,,cell_indirection_lut,1.205,2400,2400,0,0,-1,-1,,1991.701174,3.013,4.027,4.027,1,8,3,1.5,false,2,8.666,,,,,,,,,,,,,,,,,,,,,,,,,,,,,,,,,,,,,,,,,,0,0,0,0,false,0,0,,0,0,0,0,0,0,0,,,,,false,{},{},{},{},{},{},{},0,3.392,3.579,0,0,0.018,0,0,0,0,0,0,0,0,0,0,0,0,100,0,6.864333,13.392,0.084,3.267333,0,0,0,9,9,0,321,0,17,2,0,0,1,2400,0.021,0.025,0,ACTIVE,ACTIVE,,4095,4095,0,,true,16,false,0,0,true,2.0168,0.001,19200,1394,0,,,,,,0,,,0,0,2,902,902,0,767554632095,5.114,0,0.028,0,0,904,903,2400,true,0,0,0,0,0,0,12,12,24024,0,0,0,0,0,0,0,0,0,0,0,0,0,,0,0,0,0,0,0,0,0,0,0,0,0,0,0,0,0,0,0,,0,0,0,0,0,0,false,
904,905,40458,false,145,50,2.461,0,2.157,0,dynamic_visual_atlas_upload,,,cell_indirection_lut,1.205,2400,2400,0,0,-1,-1,,1991.701174,3.013,4.027,4.027,1,8,3,1.5,false,2,8.666,,,,,,,,,,,,,,,,,,,,,,,,,,,,,,,,,,,,,,,,,,0,0,0,0,false,0,0,,0,0,0,0,0,0,0,,,,,false,{},{},{},{},{},{},{},0,2.995,3.154,0,0,0.014,0,0,0,0,0,0,0,0,0,0,0,0,100,0,7.077,13.392,0.084,3.909,0,0,0,9,9,0,321,0,17,2,0,0,1,2400,0.021,0.025,0,ACTIVE,ACTIVE,,4095,4095,0,,true,16,false,0,0,true,1.9982,0.0012,19200,2280,0,,,,,,0,,,0,0,2,903,903,0,767554652206,6.406,0,0.029,0,0,905,904,2400,true,0,0,0,0,0,0,12,12,19224,0,0,0,0,0,0,0,0,0,0,0,0,0,,0,0,0,0,0,0,0,0,0,0,0,0,0,0,0,0,0,0,,0,0,0,0,0,0,false,
905,906,40478,false,145,50,1.445,0,1.289,0,dynamic_visual_atlas_upload,,,cell_indirection_lut,1.205,2400,2400,0,0,-1,-1,,1991.701174,3.013,4.027,4.027,1,8,3,1.5,false,2,8.666,,,,,,,,,,,,,,,,,,,,,,,,,,,,,,,,,,,,,,,,,,0,0,0,0,false,0,0,,0,0,0,0,0,0,0,,,,,false,{},{},{},{},{},{},{},0,3.035,3.199,0,0,0.015,0,0,0,0,0,0,0,0,0,0,0,0,100,0,6.540333,13.392,0.084,3.326333,0,0,0,9,9,0,321,0,17,2,0,0,1,2400,0.021,0.025,0,ACTIVE,ACTIVE,,4095,4095,0,,true,16,false,0,0,true,1.9493,0.0013,19200,1421,0,,,,,,0,,,0,0,2,904,904,0,767554672759,5.27,0,0.042,0,0,906,905,2400,true,0,0,0,0,0,0,12,12,19224,0,0,0,0,0,0,0,0,0,0,0,0,0,,0,0,0,0,0,0,0,0,0,0,0,0,0,0,0,0,0,0,,0,0,0,0,0,0,false,
906,907,40499,false,145,50,1.378,0,1.239,0,dynamic_visual_atlas_upload,,,cell_indirection_lut,1.205,2400,2400,0,0,-1,-1,,1991.701174,3.013,4.027,4.027,1,8,3,1.5,false,2,8.666,,,,,,,,,,,,,,,,,,,,,,,,,,,,,,,,,,,,,,,,,,0,0,0,0,false,0,0,,0,0,0,0,0,0,0,,,,,false,{},{},{},{},{},{},{},0.001,3.569,3.752,0,0,0.017,0,0,0,0,0,0,0,0,0,0,0,0,100,0,7.016667,13.392,0.084,3.247667,0,0,0,9,9,0,321,0,17,2,0,0,1,2400,0.021,0.025,0,ACTIVE,ACTIVE,,4095,4095,0,,true,16,false,0,0,true,2.6357,0.0011,21600,2280,0,,,,,,0,,,0,0,2,905,905,0,767554693271,5.817,0,0.029,0,0,907,906,2400,true,0,0,0,0,0,0,12,12,19224,0,0,0,0,0,0,0,0,0,0,0,0,0,,0,0,0,0,0,0,0,0,0,0,0,0,0,0,0,0,0,0,,0,0,0,0,0,0,false,
907,908,40520,false,145,50,1.584,0,1.366,0,dynamic_visual_atlas_upload,,,cell_indirection_lut,1.205,2400,2400,0,0,-1,-1,,1991.701174,3.013,4.027,4.027,1,8,3,1.5,false,2,8.666,,,,,,,,,,,,,,,,,,,,,,,,,,,,,,,,,,,,,,,,,,0,0,0,0,false,0,0,,0,0,0,0,0,0,0,,,,,false,{},{},{},{},{},{},{},0,3.3,3.48,0,0,0.017,0,0,0,0,0,0,0,0,0,0,0,0,100,0,7.049,13.392,0.084,3.552,0,0,0,9,9,0,321,0,17,2,0,0,1,2400,0.021,0.025,0,ACTIVE,ACTIVE,,4095,4095,0,,true,16,false,0,0,true,1.8842,0.0014,19200,1393,0,,,,,,0,,,0,0,2,906,906,0,767554714801,5.495,0,0.027,0,0,908,907,2400,true,0,0,0,0,0,0,12,12,21624,0,0,0,0,0,0,0,0,0,0,0,0,0,,0,0,0,0,0,0,0,0,0,0,0,0,0,0,0,0,0,0,,0,0,0,0,0,0,false,
908,909,40544,false,145,50,1.462,0,1.273,0,dynamic_visual_atlas_upload,,,cell_indirection_lut,1.205,2400,2400,0,0,-1,-1,,1991.701174,3.013,4.027,4.027,1,8,3,1.5,false,2,8.666,,,,,,,,,,,,,,,,,,,,,,,,,,,,,,,,,,,,,,,,,,0,0,0,0,false,0,0,,0,0,0,0,0,0,0,,,,,false,{},{},{},{},{},{},{},0,0,0.255,0,0,0.015,0,0,0,0,0,0,0,0,0,0,0,0,100,0,5.97925,13.392,0.084,5.70925,0,0,0,9,9,0,321,0,17,2,0,0,1,2400,0.021,0.025,0,ACTIVE,ACTIVE,,4095,4095,0,,true,16,false,0,0,true,2.5225,0.0018,52800,2280,0,,,,,,0,,,0,0,2,907,907,0,767554735395,8.768,0,0.03,0,0,909,908,2400,true,0,0,0,0,0,0,12,12,19224,0,0,0,0,0,0,0,0,0,0,0,0,0,,0,0,0,0,0,0,0,0,0,0,0,0,0,0,0,0,0,0,,0,0,0,0,0,0,false,
909,910,40560,false,145,50,2.621,0,2.348,0,dynamic_visual_atlas_upload,,,cell_indirection_lut,1.205,2400,2400,0,0,-1,-1,,1991.701174,3.013,4.027,4.027,1,8,3,1.5,false,2,8.666,,,,,,,,,,,,,,,,,,,,,,,,,,,,,,,,,,,,,,,,,,0,0,0,0,false,0,0,,0,0,0,0,0,0,0,,,,,false,{},{},{},{},{},{},{},0,0,0.474,0,0,0.025,0,0,0,0,0,0,0,0,0,0,0,0,100,0,7.8495,13.392,0.084,7.3505,0,0,0,9,9,0,321,0,17,2,0,0,1,2400,0.021,0.025,0,ACTIVE,ACTIVE,,4095,4095,0,,true,16,false,0,0,true,2.4965,0.0018,19200,2280,0,,,,,,0,,,0,0,2,908,908,0,767554753963,6.01,0,0.028,0,0,910,909,2400,true,0,0,0,0,0,0,12,12,52824,0,0,0,0,0,0,0,0,0,0,0,0,0,,0,0,0,0,0,0,0,0,0,0,0,0,0,0,0,0,0,0,,0,0,0,0,0,0,false,
910,911,40579,false,145,50,1.458,0,1.288,0,dynamic_visual_atlas_upload,,,cell_indirection_lut,1.205,2400,2400,0,0,-1,-1,,1991.701174,3.013,4.027,4.027,1,8,3,1.5,false,2,8.666,,,,,,,,,,,,,,,,,,,,,,,,,,,,,,,,,,,,,,,,,,0,0,0,0,false,0,0,,0,0,0,0,0,0,0,,,,,false,{},{},{},{},{},{},{},0,0,0.204,0,0,0.015,0,0,0,0,0,0,0,0,0,0,0,0,100,0,6.299,13.392,0.084,6.08,0,0,0,9,9,0,321,0,17,2,0,0,1,2400,0.021,0.025,0,ACTIVE,ACTIVE,,4095,4095,0,,true,16,false,0,0,true,1.7798,0.001,19200,2280,0,,,,,,0,,,0,0,2,909,909,0,767554773384,5.374,0,0.046,0,0,911,910,2400,true,0,0,0,0,0,0,12,12,19224,0,0,0,0,0,0,0,0,0,0,0,0,0,,0,0,0,0,0,0,0,0,0,0,0,0,0,0,0,0,0,0,,0,0,0,0,0,0,false,
911,912,40595,false,145,50,1.519,0,1.318,0,dynamic_visual_atlas_upload,,,cell_indirection_lut,1.205,2400,2400,0,0,-1,-1,,1991.701174,3.013,4.027,4.027,1,8,3,1.5,false,2,8.666,,,,,,,,,,,,,,,,,,,,,,,,,,,,,,,,,,,,,,,,,,0,0,0,0,false,0,0,,0,0,0,0,0,0,0,,,,,false,{},{},{},{},{},{},{},0,3.022,3.187,0,0,0.015,0,0,0,0,0,0,0,0,0,0,0,0,100,0,8.3115,13.392,0.084,5.1095,0,0,0,9,9,0,321,0,17,2,0,0,1,2400,0.021,0.025,0,ACTIVE,ACTIVE,,4095,4095,0,,true,16,false,0,0,true,1.9494,0.0011,19200,2279,0,,,,,,0,,,0,0,2,910,910,0,767554792225,3.17,0,0.035,0,0,912,911,2400,true,0,0,0,0,0,0,12,12,19224,0,0,0,0,0,0,0,0,0,0,0,0,0,,0,0,0,0,0,0,0,0,0,0,0,0,0,0,0,0,0,0,,0,0,0,0,0,0,false,
912,913,40671,false,145,50,1.549,0,1.3,0,dynamic_visual_atlas_upload,,,cell_indirection_lut,1.205,2400,2400,0,0,-1,-1,,1991.701174,3.013,4.027,4.027,1,8,3,1.5,false,2,8.666,,,,,,,,,,,,,,,,,,,,,,,,,,,,,,,,,,,,,,,,,,0,0,0,0,false,0,0,,0,0,0,0,0,0,0,,,,,false,{},{},{},{},{},{},{},0,0.001,0.266,0,0,0.017,0,0,0,0,0,0,0,0,0,0,0,0,100,0,37.998,13.392,0.084,37.715,0,0,0,9,9,0,321,0,17,2,0,0,1,2400,0.021,0.025,0,ACTIVE,ACTIVE,,4095,4095,0,,true,16,false,0,0,true,1.9494,0.0011,19200,2279,0,,,,,,0,,,0,0,3,911,911,0,767554810997,60.392,0,0.034,0,0,912,911,2400,true,0,0,0,0,0,0,12,12,19224,0,0,0,0,0,0,0,0,0,0,0,0,0,,0,0,0,0,0,0,0,0,0,0,0,0,0,0,0,0,0,0,,0,0,0,0,0,0,false,
913,914,40698,false,145,50,2.586,0,2.337,0,dynamic_visual_atlas_upload,,,cell_indirection_lut,1.205,2400,2400,0,0,-1,-1,,1991.701174,3.013,4.027,4.027,1,8,3,1.5,false,2,8.666,,,,,,,,,,,,,,,,,,,,,,,,,,,,,,,,,,,,,,,,,,0,0,0,0,false,0,0,,0,0,0,0,0,0,0,,,,,false,{},{},{},{},{},{},{},0,3.465,3.764,0,0,0.015,0,0,0,0,0,0,0,0,0,0,0,0,100,0,6.79975,13.392,0.084,3.02075,0,0,0,9,9,0,321,0,17,2,0,0,1,2400,0.021,0.025,0,ACTIVE,ACTIVE,,4095,4095,0,,true,16,false,0,0,true,1.8184,0.0011,19200,1394,0,,,,,,0,,,0,0,2,912,912,0,767554895057,3.742,0,0.03,0,0,916,915,2400,true,0,0,0,0,0,0,12,12,21624,0,0,0,0,0,0,0,0,0,0,0,0,0,,0,0,0,0,0,0,0,0,0,0,0,0,0,0,0,0,0,0,,0,0,0,0,0,0,false,
914,915,40721,false,145,50,1.589,0,1.382,0,dynamic_visual_atlas_upload,,,cell_indirection_lut,1.205,2400,2400,0,0,-1,-1,,1991.701174,3.013,4.027,4.027,1,8,3,1.5,false,2,8.666,,,,,,,,,,,,,,,,,,,,,,,,,,,,,,,,,,,,,,,,,,0,0,0,0,false,0,0,,0,0,0,0,0,0,0,,,,,false,{},{},{},{},{},{},{},0,0.001,0.184,0,0,0.012,0,0,0,0,0,0,0,0,0,0,0,0,100,0,5.59275,13.392,0.084,5.39675,0,0,0,9,9,0,321,0,17,2,0,0,1,2400,0.021,0.025,0,ACTIVE,ACTIVE,,4095,4095,0,,true,16,false,0,0,true,1.8334,0.0009,19200,2269,0,,,,,,0,,,0,0,2,913,913,0,767554914559,6.395,0,0.052,0,0,917,916,2400,true,0,0,0,0,0,0,12,12,19224,0,0,0,0,0,0,0,0,0,0,0,0,0,,0,0,0,0,0,0,0,0,0,0,0,0,0,0,0,0,0,0,,0,0,0,0,0,0,false,
915,916,40735,false,145,50,1.474,0,1.309,0,dynamic_visual_atlas_upload,,,cell_indirection_lut,1.205,2400,2400,0,0,-1,-1,,1991.701174,3.013,4.027,4.027,1,8,3,1.5,false,2,8.666,,,,,,,,,,,,,,,,,,,,,,,,,,,,,,,,,,,,,,,,,,0,0,0,0,false,0,0,,0,0,0,0,0,0,0,,,,,false,{},{},{},{},{},{},{},0.001,0,0.227,0,0,0.016,0,0,0,0,0,0,0,0,0,0,0,0,100,0,6.956,13.392,0.084,6.713,0,0,0,9,9,0,321,0,17,2,0,0,1,2400,0.021,0.025,0,ACTIVE,ACTIVE,,4095,4095,0,,true,16,false,0,0,true,1.8432,0.0014,19200,2278,0,,,,,,0,,,0,0,2,914,914,0,767554932669,2.181,0,0.028,0,0,918,917,2400,true,0,0,0,0,0,0,12,12,19224,0,0,0,0,0,0,0,0,0,0,0,0,0,,0,0,0,0,0,0,0,0,0,0,0,0,0,0,0,0,0,0,,0,0,0,0,0,0,false,
916,917,40755,false,145,50,1.488,0,1.313,0,dynamic_visual_atlas_upload,,,cell_indirection_lut,1.205,2400,2400,0,0,-1,-1,,1991.701174,3.013,4.027,4.027,1,8,3,1.5,false,2,8.666,,,,,,,,,,,,,,,,,,,,,,,,,,,,,,,,,,,,,,,,,,0,0,0,0,false,0,0,,0,0,0,0,0,0,0,,,,,false,{},{},{},{},{},{},{},0,0,0.211,0,0,0.016,0,0,0,0,0,0,0,0,0,0,0,0,100,0,6.880667,13.392,0.084,6.653667,0,0,0,9,9,0,321,0,17,2,0,0,1,2400,0.021,0.025,0,ACTIVE,ACTIVE,,4095,4095,0,,true,16,false,0,0,true,2.5955,0.0018,52800,2280,0,,,,,,0,,,0,0,2,915,915,0,767554951135,4.367,0,0.027,0,0,919,918,2400,true,0,0,0,0,0,0,12,12,19224,0,0,0,0,0,0,0,0,0,0,0,0,0,,0,0,0,0,0,0,0,0,0,0,0,0,0,0,0,0,0,0,,0,0,0,0,0,0,false,
917,918,40772,false,145,50,1.651,0,1.475,0,dynamic_visual_atlas_upload,,,cell_indirection_lut,1.205,2400,2400,0,0,-1,-1,,1991.701174,3.013,4.027,4.027,1,8,3,1.5,false,2,8.666,,,,,,,,,,,,,,,,,,,,,,,,,,,,,,,,,,,,,,,,,,0,0,0,0,false,0,0,,0,0,0,0,0,0,0,,,,,false,{},{},{},{},{},{},{},0,3.092,3.259,0,0,0.012,0,0,0,0,0,0,0,0,0,0,0,0,100,0,8.4895,13.392,0.084,5.2185,0,0,0,9,9,0,321,0,17,2,0,0,1,2400,0.021,0.025,0,ACTIVE,ACTIVE,,4095,4095,0,,true,16,false,0,0,true,1.841,0.001,19200,2280,0,,,,,,0,,,0,0,2,916,916,0,767554969579,3.081,0,0.029,0,0,920,919,2400,true,0,0,0,0,0,0,12,12,52824,0,0,0,0,0,0,0,0,0,0,0,0,0,,0,0,0,0,0,0,0,0,0,0,0,0,0,0,0,0,0,0,,0,0,0,0,0,0,false,
918,919,40792,false,145,50,1.415,0,1.276,0,dynamic_visual_atlas_upload,,,cell_indirection_lut,1.205,2400,2400,0,0,-1,-1,,1991.701174,3.013,4.027,4.027,1,8,3,1.5,false,2,8.666,,,,,,,,,,,,,,,,,,,,,,,,,,,,,,,,,,,,,,,,,,0,0,0,0,false,0,0,,0,0,0,0,0,0,0,,,,,false,{},{},{},{},{},{},{},0,2.885,3.039,0,0,0.014,0,0,0,0,0,0,0,0,0,0,0,0,100,0,6.720333,13.392,0.084,3.667333,0,0,0,9,9,0,321,0,17,2,0,0,1,2400,0.021,0.025,0,ACTIVE,ACTIVE,,4095,4095,0,,true,16,false,0,0,true,2.4266,0.001,21600,2280,0,,,,,,0,,,0,0,2,917,917,0,767554988171,4.459,0,0.043,0,0,921,920,2400,true,0,0,0,0,0,0,12,12,19224,0,0,0,0,0,0,0,0,0,0,0,0,0,,0,0,0,0,0,0,0,0,0,0,0,0,0,0,0,0,0,0,,0,0,0,0,0,0,false,
919,920,40813,false,145,50,1.366,0,1.249,0,dynamic_visual_atlas_upload,,,cell_indirection_lut,1.205,2400,2400,0,0,-1,-1,,1991.701174,3.013,4.027,4.027,1,8,3,1.5,false,2,8.666,,,,,,,,,,,,,,,,,,,,,,,,,,,,,,,,,,,,,,,,,,0,0,0,0,false,0,0,,0,0,0,0,0,0,0,,,,,false,{},{},{},{},{},{},{},0,3.231,3.396,0,0,0.017,0,0,0,0,0,0,0,0,0,0,0,0,100,0,6.933333,13.392,0.084,3.520333,0,0,0,9,9,0,321,0,17,2,0,0,1,2400,0.021,0.025,0,ACTIVE,ACTIVE,,4095,4095,0,,true,16,false,0,0,true,1.8788,0.001,19200,2279,0,,,,,,0,,,0,0,2,918,918,0,767555006788,6.668,0,0.027,0,0,922,921,2400,true,0,0,0,0,0,0,12,12,21624,0,0,0,0,0,0,0,0,0,0,0,0,0,,0,0,0,0,0,0,0,0,0,0,0,0,0,0,0,0,0,0,,0,0,0,0,0,0,false,
920,921,40834,false,145,50,1.55,0,1.321,0,dynamic_visual_atlas_upload,,,cell_indirection_lut,1.205,2400,2400,0,0,-1,-1,,1991.701174,3.013,4.027,4.027,1,8,3,1.5,false,2,8.666,,,,,,,,,,,,,,,,,,,,,,,,,,,,,,,,,,,,,,,,,,0,0,0,0,false,0,0,,0,0,0,0,0,0,0,,,,,false,{},{},{},{},{},{},{},0,3.375,3.549,0,0,0.01,0,0,0,0,0,0,0,0,0,0,0,0,100,0,7.019333,13.392,0.084,3.460333,0,0,0,9,9,0,321,0,17,2,0,0,1,2400,0.021,0.025,0,ACTIVE,ACTIVE,,4095,4095,0,,true,16,false,0,0,true,1.7715,0.0009,19200,2279,0,,,,,,0,,,0,0,2,919,919,0,767555024469,10.155,0,0.031,0,0,923,922,2400,true,0,0,0,0,0,0,12,12,19224,0,0,0,0,0,0,0,0,0,0,0,0,0,,0,0,0,0,0,0,0,0,0,0,0,0,0,0,0,0,0,0,,0,0,0,0,0,0,false,
921,922,40845,false,145,50,1.432,0,1.286,0,dynamic_visual_atlas_upload,,,cell_indirection_lut,1.205,2400,2400,0,0,-1,-1,,1991.701174,3.013,4.027,4.027,1,8,3,1.5,false,2,8.666,,,,,,,,,,,,,,,,,,,,,,,,,,,,,,,,,,,,,,,,,,0,0,0,0,false,0,0,,0,0,0,0,0,0,0,,,,,false,{},{},{},{},{},{},{},0,0,0.187,0,0,0.013,0,0,0,0,0,0,0,0,0,0,0,0,100,0,5.2645,13.392,0.084,5.0645,0,0,0,9,9,0,321,0,17,2,0,0,1,2400,0.021,0.025,0,ACTIVE,ACTIVE,,4095,4095,0,,true,16,false,0,0,true,1.864,0.0011,19200,2280,0,,,,,,0,,,0,0,2,920,920,0,767555042885,2.115,0,0.028,0,0,923,922,2400,true,0,0,0,0,0,0,12,12,19224,0,0,0,0,0,0,0,0,0,0,0,0,0,,0,0,0,0,0,0,0,0,0,0,0,0,0,0,0,0,0,0,,0,0,0,0,0,0,false,
922,923,40869,false,145,50,1.457,0,1.292,0,dynamic_visual_atlas_upload,,,cell_indirection_lut,1.205,2400,2400,0,0,-1,-1,,1991.701174,3.013,4.027,4.027,1,8,3,1.5,false,2,8.666,,,,,,,,,,,,,,,,,,,,,,,,,,,,,,,,,,,,,,,,,,0,0,0,0,false,0,0,,0,0,0,0,0,0,0,,,,,false,{},{},{},{},{},{},{},0,3.912,4.088,0,0,0.014,0,0,0,0,0,0,0,0,0,0,0,0,100,0,8.123667,13.392,0.084,4.021667,0,0,0,9,9,0,321,0,17,2,0,0,1,2400,0.021,0.025,0,ACTIVE,ACTIVE,,4095,4095,0,,true,16,false,0,0,true,2.1341,0.0015,19200,2279,0,,,,,,0,,,0,0,2,921,921,0,767555060913,8.485,0,0.025,0,0,925,924,2400,true,0,0,0,0,0,0,12,12,19224,0,0,0,0,0,0,0,0,0,0,0,0,0,,0,0,0,0,0,0,0,0,0,0,0,0,0,0,0,0,0,0,,0,0,0,0,0,0,false,
923,924,40889,false,145,50,1.406,0,1.276,0,dynamic_visual_atlas_upload,,,cell_indirection_lut,1.205,2400,2400,0,0,-1,-1,,1991.701174,3.013,4.027,4.027,1,8,3,1.5,false,2,8.666,,,,,,,,,,,,,,,,,,,,,,,,,,,,,,,,,,,,,,,,,,0,0,0,0,false,0,0,,0,0,0,0,0,0,0,,,,,false,{},{},{},{},{},{},{},0,3.116,3.269,0,0,0.012,0,0,0,0,0,0,0,0,0,0,0,0,100,0,6.595333,13.392,0.084,3.314333,0,0,0,9,9,0,321,0,17,2,0,0,1,2400,0.021,0.025,0,ACTIVE,ACTIVE,,4095,4095,0,,true,16,false,0,0,true,1.8515,0.0009,19200,2279,0,,,,,,0,,,0,0,2,922,922,0,767555080145,9.027,0,0.027,0,0,926,925,2400,true,0,0,0,0,0,0,12,12,19224,0,0,0,0,0,0,0,0,0,0,0,0,0,,0,0,0,0,0,0,0,0,0,0,0,0,0,0,0,0,0,0,,0,0,0,0,0,0,false,
924,925,40900,false,145,50,1.447,0,1.271,0,dynamic_visual_atlas_upload,,,cell_indirection_lut,1.205,2400,2400,0,0,-1,-1,,1991.701174,3.013,4.027,4.027,1,8,3,1.5,false,2,8.666,,,,,,,,,,,,,,,,,,,,,,,,,,,,,,,,,,,,,,,,,,0,0,0,0,false,0,0,,0,0,0,0,0,0,0,,,,,false,{},{},{},{},{},{},{},0,0,0.248,0,0,0.017,0,0,0,0,0,0,0,0,0,0,0,0,100,0,5.677,13.392,0.084,5.412,0,0,0,9,9,0,321,0,17,2,0,0,1,2400,0.021,0.025,0,ACTIVE,ACTIVE,,4095,4095,0,,true,16,false,0,0,true,1.8515,0.0009,19200,2279,0,,,,,,0,,,0,0,2,923,923,0,767555098089,2.478,0,0.027,0,0,926,925,2400,true,0,0,0,0,0,0,12,12,19224,0,0,0,0,0,0,0,0,0,0,0,0,0,,0,0,0,0,0,0,0,0,0,0,0,0,0,0,0,0,0,0,,0,0,0,0,0,0,false,
925,926,40921,false,145,50,1.411,0,1.266,0,dynamic_visual_atlas_upload,,,cell_indirection_lut,1.205,2400,2400,0,0,-1,-1,,1991.701174,3.013,4.027,4.027,1,8,3,1.5,false,2,8.666,,,,,,,,,,,,,,,,,,,,,,,,,,,,,,,,,,,,,,,,,,0,0,0,0,false,0,0,,0,0,0,0,0,0,0,,,,,false,{},{},{},{},{},{},{},0,0,0.169,0,0,0.013,0,0,0,0,0,0,0,0,0,0,0,0,100,0,6.791333,13.392,0.084,6.609333,0,0,0,9,9,0,321,0,17,2,0,0,1,2400,0.021,0.025,0,ACTIVE,ACTIVE,,4095,4095,0,,true,16,false,0,0,true,1.7983,0.0009,19200,2280,0,,,,,,0,,,0,0,2,924,924,0,767555118043,2.881,0,0.027,0,0,927,926,2400,true,0,0,0,0,0,0,12,12,55224,0,0,0,0,0,0,0,0,0,0,0,0,0,,0,0,0,0,0,0,0,0,0,0,0,0,0,0,0,0,0,0,,0,0,0,0,0,0,false,
926,927,40942,false,145,50,1.457,0,1.279,0,dynamic_visual_atlas_upload,,,cell_indirection_lut,1.205,2400,2400,0,0,-1,-1,,1991.701174,3.013,4.027,4.027,1,8,3,1.5,false,2,8.666,,,,,,,,,,,,,,,,,,,,,,,,,,,,,,,,,,,,,,,,,,0,0,0,0,false,0,0,,0,0,0,0,0,0,0,,,,,false,{},{},{},{},{},{},{},0.001,0,0.269,0,0,0.017,0,0,0,0,0,0,0,0,0,0,0,0,100,0,7.004667,13.392,0.084,6.718667,0,0,0,9,9,0,321,0,17,2,0,0,1,2400,0.021,0.025,0,ACTIVE,ACTIVE,,4095,4095,0,,true,16,false,0,0,true,1.967,0.0016,19200,2279,0,,,,,,0,,,0,0,2,925,925,0,767555137787,4.129,0,0.028,0,0,928,927,2400,true,0,0,0,0,0,0,12,12,19224,0,0,0,0,0,0,0,0,0,0,0,0,0,,0,0,0,0,0,0,0,0,0,0,0,0,0,0,0,0,0,0,,0,0,0,0,0,0,false,
927,928,40962,false,145,50,1.482,0,1.297,0,dynamic_visual_atlas_upload,,,cell_indirection_lut,1.205,2400,2400,0,0,-1,-1,,1991.701174,3.013,4.027,4.027,1,8,3,1.5,false,2,8.666,,,,,,,,,,,,,,,,,,,,,,,,,,,,,,,,,,,,,,,,,,0,0,0,0,false,0,0,,0,0,0,0,0,0,0,,,,,false,{},{},{},{},{},{},{},0,0,0.261,0,0,0.018,0,0,0,0,0,0,0,0,0,0,0,0,100,0,6.891,13.392,0.084,6.612,0,0,0,9,9,0,321,0,17,2,0,0,1,2400,0.021,0.025,0,ACTIVE,ACTIVE,,4095,4095,0,,true,16,false,0,0,true,1.8291,0.001,19200,2279,0,,,,,,0,,,0,0,2,926,926,0,767555155383,7.209,0,0.027,0,0,929,928,2400,true,0,0,0,0,0,0,12,12,19224,0,0,0,0,0,0,0,0,0,0,0,0,0,,0,0,0,0,0,0,0,0,0,0,0,0,0,0,0,0,0,0,,0,0,0,0,0,0,false,
928,929,40976,false,145,50,1.408,0,1.262,0,dynamic_visual_atlas_upload,,,cell_indirection_lut,1.205,2400,2400,0,0,-1,-1,,1991.701174,3.013,4.027,4.027,1,8,3,1.5,false,2,8.666,,,,,,,,,,,,,,,,,,,,,,,,,,,,,,,,,,,,,,,,,,0,0,0,0,false,0,0,,0,0,0,0,0,0,0,,,,,false,{},{},{},{},{},{},{},0,0.001,0.197,0,0,0.017,0,0,0,0,0,0,0,0,0,0,0,0,100,0,6.767,13.392,0.084,6.553,0,0,0,9,9,0,321,0,17,2,0,0,1,2400,0.021,0.025,0,ACTIVE,ACTIVE,,4095,4095,0,,true,16,false,0,0,true,1.8989,0.001,19200,2278,0,,,,,,0,,,0,0,2,927,927,0,767555173415,2.696,0,0.03,0,0,930,929,2400,true,0,0,0,0,0,0,12,12,19224,0,0,0,0,0,0,0,0,0,0,0,0,0,,0,0,0,0,0,0,0,0,0,0,0,0,0,0,0,0,0,0,,0,0,0,0,0,0,false,
929,930,40997,false,145,50,1.493,0,1.327,0,dynamic_visual_atlas_upload,,,cell_indirection_lut,1.205,2400,2400,0,0,-1,-1,,1991.701174,3.013,4.027,4.027,1,8,3,1.5,false,2,8.666,,,,,,,,,,,,,,,,,,,,,,,,,,,,,,,,,,,,,,,,,,0,0,0,0,false,0,0,,0,0,0,0,0,0,0,,,,,false,{},{},{},{},{},{},{},0,0,0.205,0,0,0.014,0,0,0,0,0,0,0,0,0,0,0,0,100,0,6.932667,13.392,0.084,6.713667,0,0,0,9,9,0,321,0,17,2,0,0,1,2400,0.021,0.025,0,ACTIVE,ACTIVE,,4095,4095,0,,true,16,false,0,0,true,2.1035,0.001,19200,2278,0,,,,,,0,,,0,0,2,928,928,0,767555190974,5.946,0,0.027,0,0,931,930,2400,true,0,0,0,0,0,0,12,12,19224,0,0,0,0,0,0,0,0,0,0,0,0,0,,0,0,0,0,0,0,0,0,0,0,0,0,0,0,0,0,0,0,,0,0,0,0,0,0,false,
930,931,41013,false,136,50,1.382,0,1.256,0,dynamic_visual_atlas_upload,,,cell_indirection_lut,1.205,2400,2400,0,0,-1,-1,,1991.701174,3.013,4.027,4.027,1,8,3,1.5,false,2,8.666,,,,,,,,,,,,,,,,,,,,,,,,,,,,,,,,,,,,,,,,,,0,0,0,0,false,0,0,,0,0,0,0,0,0,0,,,,,false,{},{},{},{},{},{},{},0,2.981,3.121,0,0,0.011,0,0,0,0,0,0,0,0,0,0,0,0,100,0,8.2615,69.457,0.165,5.1295,0,0,0,9,9,0,321,0,17,2,0,0,1,2400,0.021,0.025,0,ACTIVE,ACTIVE,,4095,4095,0,,true,16,false,0,0,true,2.3828,0.0011,21600,2278,0,,,,,,0,,,0,0,2,929,929,0,767555209065,4.367,0,0.027,0,0,932,931,2400,true,0,0,0,0,0,0,12,12,19224,0,0,0,0,0,0,0,0,0,0,0,0,0,,0,0,0,0,0,0,0,0,0,0,0,0,0,0,0,0,0,0,,0,0,0,0,0,0,false,
931,932,41035,false,136,50,1.424,0,1.282,0,dynamic_visual_atlas_upload,,,cell_indirection_lut,1.205,2400,2400,0,0,-1,-1,,1991.701174,3.013,4.027,4.027,1,8,3,1.5,false,2,8.666,,,,,,,,,,,,,,,,,,,,,,,,,,,,,,,,,,,,,,,,,,0,0,0,0,false,0,0,,0,0,0,0,0,0,0,,,,,false,{},{},{},{},{},{},{},0,3.906,4.072,0,0,0.012,0,0,0,0,0,0,0,0,0,0,0,0,100,0,7.143,69.457,0.165,3.059,0,0,0,9,9,0,321,0,17,2,0,0,1,2400,0.021,0.025,0,ACTIVE,ACTIVE,,4095,4095,0,,true,16,false,0,0,true,1.813,0.0009,19200,2278,0,,,,,,0,,,0,0,2,930,930,0,767555228141,6.733,0,0.026,0,0,933,932,2400,true,0,0,0,0,0,0,12,12,21624,0,0,0,0,0,0,0,0,0,0,0,0,0,,0,0,0,0,0,0,0,0,0,0,0,0,0,0,0,0,0,0,,0,0,0,0,0,0,false,
932,933,41056,false,136,50,1.452,0,1.299,0,dynamic_visual_atlas_upload,,,cell_indirection_lut,1.205,2400,2400,0,0,-1,-1,,1991.701174,3.013,4.027,4.027,1,8,3,1.5,false,2,8.666,,,,,,,,,,,,,,,,,,,,,,,,,,,,,,,,,,,,,,,,,,0,0,0,0,false,0,0,,0,0,0,0,0,0,0,,,,,false,{},{},{},{},{},{},{},0,3.697,3.992,0,0,0.016,0,0,0,0,0,0,0,0,0,0,0,0,100,0,6.957333,69.457,0.165,2.949333,0,0,0,9,9,0,321,0,17,2,0,0,1,2400,0.021,0.025,0,ACTIVE,ACTIVE,,4095,4095,0,,true,16,false,0,0,true,2.6278,0.0015,52800,2280,0,,,,,,0,,,0,0,2,931,931,0,767555245682,10.086,0,0.029,0,0,934,933,2400,true,0,0,0,0,0,0,12,12,19224,0,0,0,0,0,0,0,0,0,0,0,0,0,,0,0,0,0,0,0,0,0,0,0,0,0,0,0,0,0,0,0,,0,0,0,0,0,0,false,
933,934,41075,false,136,50,1.363,0,1.242,0,dynamic_visual_atlas_upload,,,cell_indirection_lut,1.205,2400,2400,0,0,-1,-1,,1991.701174,3.013,4.027,4.027,1,8,3,1.5,false,2,8.666,,,,,,,,,,,,,,,,,,,,,,,,,,,,,,,,,,,,,,,,,,0,0,0,0,false,0,0,,0,0,0,0,0,0,0,,,,,false,{},{},{},{},{},{},{},0,3.323,3.48,0,0,0.014,0,0,0,0,0,0,0,0,0,0,0,0,100,0,6.645667,69.457,0.165,3.151667,0,0,0,9,9,0,321,0,17,2,0,0,1,2400,0.021,0.025,0,ACTIVE,ACTIVE,,4095,4095,0,,true,16,false,0,0,true,1.841,0.0009,19200,2280,0,,,,,,0,,,0,0,2,932,932,0,767555266411,9.275,0,0.028,0,0,935,934,2400,true,0,0,0,0,0,0,12,12,52824,0,0,0,0,0,0,0,0,0,0,0,0,0,,0,0,0,0,0,0,0,0,0,0,0,0,0,0,0,0,0,0,,0,0,0,0,0,0,false,
934,935,41087,false,136,50,1.499,0,1.314,0,dynamic_visual_atlas_upload,,,cell_indirection_lut,1.205,2400,2400,0,0,-1,-1,,1991.701174,3.013,4.027,4.027,1,8,3,1.5,false,2,8.666,,,,,,,,,,,,,,,,,,,,,,,,,,,,,,,,,,,,,,,,,,0,0,0,0,false,0,0,,0,0,0,0,0,0,0,,,,,false,{},{},{},{},{},{},{},0.001,0,0.246,0,0,0.018,0,0,0,0,0,0,0,0,0,0,0,0,100,0,5.672,69.457,0.165,5.408,0,0,0,9,9,0,321,0,17,2,0,0,1,2400,0.021,0.025,0,ACTIVE,ACTIVE,,4095,4095,0,,true,16,false,0,0,true,1.9263,0.0011,19200,2278,0,,,,,,0,,,0,0,2,933,933,0,767555284721,2.331,0,0.028,0,0,935,934,2400,true,0,0,0,0,0,0,12,12,19224,0,0,0,0,0,0,0,0,0,0,0,0,0,,0,0,0,0,0,0,0,0,0,0,0,0,0,0,0,0,0,0,,0,0,0,0,0,0,false,
935,936,41107,false,136,50,1.387,0,1.245,0,dynamic_visual_atlas_upload,,,cell_indirection_lut,1.205,2400,2400,0,0,-1,-1,,1991.701174,3.013,4.027,4.027,1,8,3,1.5,false,2,8.666,,,,,,,,,,,,,,,,,,,,,,,,,,,,,,,,,,,,,,,,,,0,0,0,0,false,0,0,,0,0,0,0,0,0,0,,,,,false,{},{},{},{},{},{},{},0,0,0.16,0,0,0.012,0,0,0,0,0,0,0,0,0,0,0,0,100,0,6.689,69.457,0.165,6.517,0,0,0,9,9,0,321,0,17,2,0,0,1,2400,0.021,0.025,0,ACTIVE,ACTIVE,,4095,4095,0,,true,16,false,0,0,true,1.8087,0.001,19200,2278,0,,,,,,0,,,0,0,2,934,934,0,767555302730,4.35,0,0.027,0,0,936,935,2400,true,0,0,0,0,0,0,12,12,19224,0,0,0,0,0,0,0,0,0,0,0,0,0,,0,0,0,0,0,0,0,0,0,0,0,0,0,0,0,0,0,0,,0,0,0,0,0,0,false,
936,937,41128,false,136,50,1.465,0,1.293,0,dynamic_visual_atlas_upload,,,cell_indirection_lut,1.205,2400,2400,0,0,-1,-1,,1991.701174,3.013,4.027,4.027,1,8,3,1.5,false,2,8.666,,,,,,,,,,,,,,,,,,,,,,,,,,,,,,,,,,,,,,,,,,0,0,0,0,false,0,0,,0,0,0,0,0,0,0,,,,,false,{},{},{},{},{},{},{},0,0,0.216,0,0,0.013,0,0,0,0,0,0,0,0,0,0,0,0,100,0,6.99,69.457,0.165,6.761,0,0,0,9,9,0,321,0,17,2,0,0,1,2400,0.021,0.025,0,ACTIVE,ACTIVE,,4095,4095,0,,true,16,false,0,0,true,2.5462,0.0011,21600,2278,0,,,,,,0,,,0,0,2,935,935,0,767555320250,7.818,0,0.028,0,0,937,936,2400,true,0,0,0,0,0,0,12,12,19224,0,0,0,0,0,0,0,0,0,0,0,0,0,,0,0,0,0,0,0,0,0,0,0,0,0,0,0,0,0,0,0,,0,0,0,0,0,0,false,
937,938,41142,false,136,50,1.462,0,1.322,0,dynamic_visual_atlas_upload,,,cell_indirection_lut,1.205,2400,2400,0,0,-1,-1,,1991.701174,3.013,4.027,4.027,1,8,3,1.5,false,2,8.666,,,,,,,,,,,,,,,,,,,,,,,,,,,,,,,,,,,,,,,,,,0,0,0,0,false,0,0,,0,0,0,0,0,0,0,,,,,false,{},{},{},{},{},{},{},0,0.001,0.172,0,0,0.015,0,0,0,0,0,0,0,0,0,0,0,0,100,0,6.845,69.457,0.165,6.658,0,0,0,9,9,0,321,0,17,2,0,0,1,2400,0.021,0.025,0,ACTIVE,ACTIVE,,4095,4095,0,,true,16,false,0,0,true,1.9245,0.001,19200,2278,0,,,,,,0,,,0,0,2,936,936,0,767555338585,3.16,0,0.028,0,0,938,937,2400,true,0,0,0,0,0,0,12,12,21624,0,0,0,0,0,0,0,0,0,0,0,0,0,,0,0,0,0,0,0,0,0,0,0,0,0,0,0,0,0,0,0,,0,0,0,0,0,0,false,
938,939,41162,false,136,50,1.382,0,1.24,0,dynamic_visual_atlas_upload,,,cell_indirection_lut,1.205,2400,2400,0,0,-1,-1,,1991.701174,3.013,4.027,4.027,1,8,3,1.5,false,2,8.666,,,,,,,,,,,,,,,,,,,,,,,,,,,,,,,,,,,,,,,,,,0,0,0,0,false,0,0,,0,0,0,0,0,0,0,,,,,false,{},{},{},{},{},{},{},0.001,0,0.189,0,0,0.013,0,0,0,0,0,0,0,0,0,0,0,0,100,0,6.910333,69.457,0.165,6.708333,0,0,0,9,9,0,321,0,17,2,0,0,1,2400,0.021,0.025,0,ACTIVE,ACTIVE,,4095,4095,0,,true,16,false,0,0,true,1.8274,0.001,19200,2278,0,,,,,,0,,,0,0,2,937,937,0,767555357099,5.382,0,0.028,0,0,939,938,2400,true,0,0,0,0,0,0,12,12,19224,0,0,0,0,0,0,0,0,0,0,0,0,0,,0,0,0,0,0,0,0,0,0,0,0,0,0,0,0,0,0,0,,0,0,0,0,0,0,false,
939,940,41179,false,136,50,1.448,0,1.295,0,dynamic_visual_atlas_upload,,,cell_indirection_lut,1.205,2400,2400,0,0,-1,-1,,1991.701174,3.013,4.027,4.027,1,8,3,1.5,false,2,8.666,,,,,,,,,,,,,,,,,,,,,,,,,,,,,,,,,,,,,,,,,,0,0,0,0,false,0,0,,0,0,0,0,0,0,0,,,,,false,{},{},{},{},{},{},{},0,3.065,3.221,0,0,0.013,0,0,0,0,0,0,0,0,0,0,0,0,100,0,8.3975,69.457,0.165,5.1635,0,0,0,9,9,0,321,0,17,2,0,0,1,2400,0.021,0.025,0,ACTIVE,ACTIVE,,4095,4095,0,,true,16,false,0,0,true,2.0051,0.0016,19200,2278,0,,,,,,0,,,0,0,2,938,938,0,767555374614,4.661,0,0.027,0,0,940,939,2400,true,0,0,0,0,0,0,12,12,19224,0,0,0,0,0,0,0,0,0,0,0,0,0,,0,0,0,0,0,0,0,0,0,0,0,0,0,0,0,0,0,0,,0,0,0,0,0,0,false,
940,941,41200,false,136,50,1.346,0,1.232,0,dynamic_visual_atlas_upload,,,cell_indirection_lut,1.205,2400,2400,0,0,-1,-1,,1991.701174,3.013,4.027,4.027,1,8,3,1.5,false,2,8.666,,,,,,,,,,,,,,,,,,,,,,,,,,,,,,,,,,,,,,,,,,0,0,0,0,false,0,0,,0,0,0,0,0,0,0,,,,,false,{},{},{},{},{},{},{},0,3.803,3.948,0,0,0.012,0,0,0,0,0,0,0,0,0,0,0,0,100,0,7.011667,69.457,0.165,3.051667,0,0,0,9,9,0,321,0,17,2,0,0,1,2400,0.021,0.025,0,ACTIVE,ACTIVE,,4095,4095,0,,true,16,false,0,0,true,2.5521,0.001,52800,2280,0,,,,,,0,,,0,0,2,939,939,0,767555394082,6.206,0,0.027,0,0,941,940,2400,true,0,0,0,0,0,0,12,12,19224,0,0,0,0,0,0,0,0,0,0,0,0,0,,0,0,0,0,0,0,0,0,0,0,0,0,0,0,0,0,0,0,,0,0,0,0,0,0,false,
941,942,41221,false,136,50,1.404,0,1.241,0,dynamic_visual_atlas_upload,,,cell_indirection_lut,1.205,2400,2400,0,0,-1,-1,,1991.701174,3.013,4.027,4.027,1,8,3,1.5,false,2,8.666,,,,,,,,,,,,,,,,,,,,,,,,,,,,,,,,,,,,,,,,,,0,0,0,0,false,0,0,,0,0,0,0,0,0,0,,,,,false,{},{},{},{},{},{},{},0.001,3.163,3.328,0,0,0.014,0,0,0,0,0,0,0,0,0,0,0,0,100,0,6.856,69.457,0.165,3.514,0,0,0,9,9,0,321,0,17,2,0,0,1,2400,0.021,0.025,0,ACTIVE,ACTIVE,,4095,4095,0,,true,16,false,0,0,true,1.9076,0.0012,19200,1589,0,,,,,,0,,,0,0,2,940,940,0,767555416226,4.67,0,0.026,0,0,942,941,2400,true,0,0,0,0,0,0,12,12,52824,0,0,0,0,0,0,0,0,0,0,0,0,0,,0,0,0,0,0,0,0,0,0,0,0,0,0,0,0,0,0,0,,0,0,0,0,0,0,false,
942,943,41241,false,136,50,1.444,0,1.293,0,dynamic_visual_atlas_upload,,,cell_indirection_lut,1.205,2400,2400,0,0,-1,-1,,1991.701174,3.013,4.027,4.027,1,8,3,1.5,false,2,8.666,,,,,,,,,,,,,,,,,,,,,,,,,,,,,,,,,,,,,,,,,,0,0,0,0,false,0,0,,0,0,0,0,0,0,0,,,,,false,{},{},{},{},{},{},{},0,3.489,3.663,0,0,0.016,0,0,0,0,0,0,0,0,0,0,0,0,100,0,6.911667,69.457,0.165,3.232667,0,0,0,9,9,0,321,0,17,2,0,0,1,2400,0.021,0.025,0,ACTIVE,ACTIVE,,4095,4095,0,,true,16,false,0,0,true,2.822,0.0013,21600,2278,0,,,,,,0,,,0,0,2,941,941,0,767555435370,6.259,0,0.026,0,0,943,942,2400,true,0,0,0,0,0,0,12,12,19224,0,0,0,0,0,0,0,0,0,0,0,0,0,,0,0,0,0,0,0,0,0,0,0,0,0,0,0,0,0,0,0,,0,0,0,0,0,0,false,
943,944,41262,false,136,50,1.415,0,1.276,0,dynamic_visual_atlas_upload,,,cell_indirection_lut,1.205,2400,2400,0,0,-1,-1,,1991.701174,3.013,4.027,4.027,1,8,3,1.5,false,2,8.666,,,,,,,,,,,,,,,,,,,,,,,,,,,,,,,,,,,,,,,,,,0,0,0,0,false,0,0,,0,0,0,0,0,0,0,,,,,false,{},{},{},{},{},{},{},0,2.968,3.118,0,0,0.011,0,0,0,0,0,0,0,0,0,0,0,0,100,0,6.766667,69.457,0.165,3.637667,0,0,0,9,9,0,321,0,17,2,0,0,1,2400,0.021,0.025,0,ACTIVE,ACTIVE,,4095,4095,0,,true,16,false,0,0,true,1.8091,0.001,19200,2172,0,,,,,,0,,,0,0,2,942,942,0,767555457394,4.52,0,0.027,0,0,944,943,2400,true,0,0,0,0,0,0,12,12,21624,0,0,0,0,0,0,0,0,0,0,0,0,0,,0,0,0,0,0,0,0,0,0,0,0,0,0,0,0,0,0,0,,0,0,0,0,0,0,false,
944,945,41283,false,136,50,1.342,0,1.209,0,dynamic_visual_atlas_upload,,,cell_indirection_lut,1.205,2400,2400,0,0,-1,-1,,1991.701174,3.013,4.027,4.027,1,8,3,1.5,false,2,8.666,,,,,,,,,,,,,,,,,,,,,,,,,,,,,,,,,,,,,,,,,,0,0,0,0,false,0,0,,0,0,0,0,0,0,0,,,,,false,{},{},{},{},{},{},{},0,3.699,3.853,0,0,0.011,0,0,0,0,0,0,0,0,0,0,0,0,100,0,7.031333,69.457,0.165,3.167333,0,0,0,9,9,0,321,0,17,2,0,0,1,2400,0.021,0.025,0,ACTIVE,ACTIVE,,4095,4095,0,,true,16,false,0,0,true,1.8374,0.0009,19200,2277,0,,,,,,0,,,0,0,2,943,943,0,767555477200,5.81,0,0.027,0,0,945,944,2400,true,0,0,0,0,0,0,12,12,19224,0,0,0,0,0,0,0,0,0,0,0,0,0,,0,0,0,0,0,0,0,0,0,0,0,0,0,0,0,0,0,0,,0,0,0,0,0,0,false,
945,946,41303,false,136,50,1.423,0,1.274,0,dynamic_visual_atlas_upload,,,cell_indirection_lut,1.205,2400,2400,0,0,-1,-1,,1991.701174,3.013,4.027,4.027,1,8,3,1.5,false,2,8.666,,,,,,,,,,,,,,,,,,,,,,,,,,,,,,,,,,,,,,,,,,0,0,0,0,false,0,0,,0,0,0,0,0,0,0,,,,,false,{},{},{},{},{},{},{},0,3.39,3.555,0,0,0.014,0,0,0,0,0,0,0,0,0,0,0,0,100,0,6.849667,69.457,0.165,3.280667,0,0,0,9,9,0,321,0,17,2,0,0,1,2400,0.021,0.025,0,ACTIVE,ACTIVE,,4095,4095,0,,true,16,false,0,0,true,1.9689,0.0015,19200,2277,0,,,,,,0,,,0,0,2,944,944,0,767555498064,5.498,0,0.029,0,0,946,945,2400,true,0,0,0,0,0,0,12,12,19224,0,0,0,0,0,0,0,0,0,0,0,0,0,,0,0,0,0,0,0,0,0,0,0,0,0,0,0,0,0,0,0,,0,0,0,0,0,0,false,
946,947,41328,false,136,50,1.433,0,1.261,0,dynamic_visual_atlas_upload,,,cell_indirection_lut,1.205,2400,2400,0,0,-1,-1,,1991.701174,3.013,4.027,4.027,1,8,3,1.5,false,2,8.666,,,,,,,,,,,,,,,,,,,,,,,,,,,,,,,,,,,,,,,,,,0,0,0,0,false,0,0,,0,0,0,0,0,0,0,,,,,false,{},{},{},{},{},{},{},0,0,0.215,0,0,0.014,0,0,0,0,0,0,0,0,0,0,0,0,100,0,6.13925,69.457,0.165,5.91025,0,0,0,9,9,0,321,0,17,2,0,0,1,2400,0.021,0.025,0,ACTIVE,ACTIVE,,4095,4095,0,,true,16,false,0,0,true,1.9334,0.0009,19200,2263,0,,,,,,0,,,0,0,2,945,945,0,767555519240,8.881,0,0.026,0,0,947,946,2400,true,0,0,0,0,0,0,12,12,19224,0,0,0,0,0,0,0,0,0,0,0,0,0,,0,0,0,0,0,0,0,0,0,0,0,0,0,0,0,0,0,0,,0,0,0,0,0,0,false,
947,948,41342,false,136,50,1.45,0,1.281,0,dynamic_visual_atlas_upload,,,cell_indirection_lut,1.205,2400,2400,0,0,-1,-1,,1991.701174,3.013,4.027,4.027,1,8,3,1.5,false,2,8.666,,,,,,,,,,,,,,,,,,,,,,,,,,,,,,,,,,,,,,,,,,0,0,0,0,false,0,0,,0,0,0,0,0,0,0,,,,,false,{},{},{},{},{},{},{},0,0,0.187,0,0,0.094,0,0,0,0,0,0,0,0,0,0,0,0,100,0,6.927,69.457,0.165,6.646,0,0,0,9,9,0,321,0,17,2,0,0,1,2400,0.021,0.025,0,ACTIVE,ACTIVE,,4095,4095,0,,true,16,false,0,0,true,1.8023,0.001,19200,2277,0,,,,,,0,,,0,0,2,946,946,0,767555537236,4.751,0,0.027,0,0,948,947,2400,true,0,0,0,0,0,0,12,12,19224,0,0,0,0,0,0,0,0,0,0,0,0,0,,0,0,0,0,0,0,0,0,0,0,0,0,0,0,0,0,0,0,,0,0,0,0,0,0,false,
948,949,41359,false,136,50,1.419,0,1.269,0,dynamic_visual_atlas_upload,,,cell_indirection_lut,1.205,2400,2400,0,0,-1,-1,,1991.701174,3.013,4.027,4.027,1,8,3,1.5,false,2,8.666,,,,,,,,,,,,,,,,,,,,,,,,,,,,,,,,,,,,,,,,,,0,0,0,0,false,0,0,,0,0,0,0,0,0,0,,,,,false,{},{},{},{},{},{},{},0,3.5,3.647,0,0,0.011,0,0,0,0,0,0,0,0,0,0,0,0,100,0,8.51,69.457,0.165,4.852,0,0,0,9,9,0,321,0,17,2,0,0,1,2400,0.021,0.025,0,ACTIVE,ACTIVE,,4095,4095,0,,true,16,false,0,0,true,1.8023,0.001,19200,2277,0,,,,,,0,,,0,0,2,947,947,0,767555555128,3.864,0,0.027,0,0,949,948,2400,true,0,0,0,0,0,0,12,12,19224,0,0,0,0,0,0,0,0,0,0,0,0,0,,0,0,0,0,0,0,0,0,0,0,0,0,0,0,0,0,0,0,,0,0,0,0,0,0,false,
949,950,41379,false,136,50,1.379,0,1.245,0,dynamic_visual_atlas_upload,,,cell_indirection_lut,1.205,2400,2400,0,0,-1,-1,,1991.701174,3.013,4.027,4.027,1,8,3,1.5,false,2,8.666,,,,,,,,,,,,,,,,,,,,,,,,,,,,,,,,,,,,,,,,,,0,0,0,0,false,0,0,,0,0,0,0,0,0,0,,,,,false,{},{},{},{},{},{},{},0,2.855,3.002,0,0,0.013,0,0,0,0,0,0,0,0,0,0,0,0,100,0,6.699,69.457,0.165,3.684,0,0,0,9,9,0,321,0,17,2,0,0,1,2400,0.021,0.025,0,ACTIVE,ACTIVE,,4095,4095,0,,true,16,false,0,0,true,1.9071,0.001,19200,2280,0,,,,,,0,,,0,0,2,948,948,0,767555575470,3.609,0,0.027,0,0,950,949,2400,true,0,0,0,0,0,0,12,12,55224,0,0,0,0,0,0,0,0,0,0,0,0,0,,0,0,0,0,0,0,0,0,0,0,0,0,0,0,0,0,0,0,,0,0,0,0,0,0,false,
950,951,41400,false,136,50,1.405,0,1.272,0,dynamic_visual_atlas_upload,,,cell_indirection_lut,1.205,2400,2400,0,0,-1,-1,,1991.701174,3.013,4.027,4.027,1,8,3,1.5,false,2,8.666,,,,,,,,,,,,,,,,,,,,,,,,,,,,,,,,,,,,,,,,,,0,0,0,0,false,0,0,,0,0,0,0,0,0,0,,,,,false,{},{},{},{},{},{},{},0,3.518,3.665,0,0,0.012,0,0,0,0,0,0,0,0,0,0,0,0,100,0,7.058,69.457,0.165,3.381,0,0,0,9,9,0,321,0,17,2,0,0,1,2400,0.021,0.025,0,ACTIVE,ACTIVE,,4095,4095,0,,true,16,false,0,0,true,1.8207,0.001,19200,2277,0,,,,,,0,,,0,0,2,949,949,0,767555594174,6.089,0,0.027,0,0,951,950,2400,true,0,0,0,0,0,0,12,12,19224,0,0,0,0,0,0,0,0,0,0,0,0,0,,0,0,0,0,0,0,0,0,0,0,0,0,0,0,0,0,0,0,,0,0,0,0,0,0,false,
951,952,41421,false,136,50,1.758,0,1.57,0,dynamic_visual_atlas_upload,,,cell_indirection_lut,1.205,2400,2400,0,0,-1,-1,,1991.701174,3.013,4.027,4.027,1,8,3,1.5,false,2,8.666,,,,,,,,,,,,,,,,,,,,,,,,,,,,,,,,,,,,,,,,,,0,0,0,0,false,0,0,,0,0,0,0,0,0,0,,,,,false,{},{},{},{},{},{},{},0,3.338,3.526,0,0,0.014,0,0,0,0,0,0,0,0,0,0,0,0,100,0,7.127667,69.457,0.165,3.587667,0,0,0,9,9,0,321,0,17,2,0,0,1,2400,0.021,0.025,0,ACTIVE,ACTIVE,,4095,4095,0,,true,16,false,0,0,true,1.9489,0.0011,19200,1649,0,,,,,,0,,,0,0,2,950,950,0,767555616688,5.008,0,0.027,0,0,952,951,2400,true,0,0,0,0,0,0,12,12,19224,0,0,0,0,0,0,0,0,0,0,0,0,0,,0,0,0,0,0,0,0,0,0,0,0,0,0,0,0,0,0,0,,0,0,0,0,0,0,false,
952,953,41445,false,136,50,1.402,0,1.253,0,dynamic_visual_atlas_upload,,,cell_indirection_lut,1.205,2400,2400,0,0,-1,-1,,1991.701174,3.013,4.027,4.027,1,8,3,1.5,false,2,8.666,,,,,,,,,,,,,,,,,,,,,,,,,,,,,,,,,,,,,,,,,,0,0,0,0,false,0,0,,0,0,0,0,0,0,0,,,,,false,{},{},{},{},{},{},{},0,6.732,6.898,0,0,0.013,0,0,0,0,0,0,0,0,0,0,0,0,100,0,7.754333,69.457,0.165,0.843333,0,0,0,9,9,0,321,0,17,2,0,0,1,2400,0.021,0.025,0,ACTIVE,ACTIVE,,4095,4095,0,,true,16,false,0,0,true,1.8704,0.0012,19200,2277,0,,,,,,0,,,0,0,2,951,951,0,767555635778,9.151,0,0.033,0,0,953,952,2400,true,0,0,0,0,0,0,12,12,19224,0,0,0,0,0,0,0,0,0,0,0,0,0,,0,0,0,0,0,0,0,0,0,0,0,0,0,0,0,0,0,0,,0,0,0,0,0,0,false,
953,954,41463,false,136,50,1.604,0,1.42,0,dynamic_visual_atlas_upload,,,cell_indirection_lut,1.205,2400,2400,0,0,-1,-1,,1991.701174,3.013,4.027,4.027,1,8,3,1.5,false,2,8.666,,,,,,,,,,,,,,,,,,,,,,,,,,,,,,,,,,,,,,,,,,0,0,0,0,false,0,0,,0,0,0,0,0,0,0,,,,,false,{},{},{},{},{},{},{},0,3.387,3.583,0,0,0.013,0,0,0,0,0,0,0,0,0,0,0,0,100,0,5.956333,69.457,0.165,2.360333,0,0,0,9,9,0,321,0,17,2,0,0,1,2400,0.021,0.025,0,ACTIVE,ACTIVE,,4095,4095,0,,true,16,false,0,0,true,2.1482,0.0012,19200,1649,0,,,,,,0,,,0,0,2,952,952,0,767555657245,5.576,0,0.027,0,0,954,953,2400,true,0,0,0,0,0,0,12,12,19224,0,0,0,0,0,0,0,0,0,0,0,0,0,,0,0,0,0,0,0,0,0,0,0,0,0,0,0,0,0,0,0,,0,0,0,0,0,0,false,
954,955,41483,false,136,50,1.466,0,1.285,0,dynamic_visual_atlas_upload,,,cell_indirection_lut,1.205,2400,2400,0,0,-1,-1,,1991.701174,3.013,4.027,4.027,1,8,3,1.5,false,2,8.666,,,,,,,,,,,,,,,,,,,,,,,,,,,,,,,,,,,,,,,,,,0,0,0,0,false,0,0,,0,0,0,0,0,0,0,,,,,false,{},{},{},{},{},{},{},0,3.206,3.386,0,0,0.016,0,0,0,0,0,0,0,0,0,0,0,0,100,0,6.785667,69.457,0.165,3.383667,0,0,0,9,9,0,321,0,17,2,0,0,1,2400,0.021,0.025,0,ACTIVE,ACTIVE,,4095,4095,0,,true,16,false,0,0,true,2.52,0.0012,21600,2278,0,,,,,,0,,,0,0,2,953,953,0,767555677883,5.271,0,0.032,0,0,955,954,2400,true,0,0,0,0,0,0,12,12,19224,0,0,0,0,0,0,0,0,0,0,0,0,0,,0,0,0,0,0,0,0,0,0,0,0,0,0,0,0,0,0,0,,0,0,0,0,0,0,false,
955,956,41503,false,136,50,1.453,0,1.298,0,dynamic_visual_atlas_upload,,,cell_indirection_lut,1.205,2400,2400,0,0,-1,-1,,1991.701174,3.013,4.027,4.027,1,8,3,1.5,false,2,8.666,,,,,,,,,,,,,,,,,,,,,,,,,,,,,,,,,,,,,,,,,,0,0,0,0,false,0,0,,0,0,0,0,0,0,0,,,,,false,{},{},{},{},{},{},{},0,3.025,3.199,0,0,0.017,0,0,0,0,0,0,0,0,0,0,0,0,100,0,6.835667,69.457,0.165,3.619667,0,0,0,9,9,0,321,0,17,2,0,0,1,2400,0.021,0.025,0,ACTIVE,ACTIVE,,4095,4095,0,,true,16,false,0,0,true,1.9262,0.001,19200,1699,0,,,,,,0,,,0,0,2,954,954,0,767555698572,5.074,0,0.027,0,0,956,955,2400,true,0,0,0,0,0,0,12,12,21624,0,0,0,0,0,0,0,0,0,0,0,0,0,,0,0,0,0,0,0,0,0,0,0,0,0,0,0,0,0,0,0,,0,0,0,0,0,0,false,
956,957,41521,false,136,50,1.493,0,1.306,0,dynamic_visual_atlas_upload,,,cell_indirection_lut,1.205,2400,2400,0,0,-1,-1,,1991.701174,3.013,4.027,4.027,1,8,3,1.5,false,2,8.666,,,,,,,,,,,,,,,,,,,,,,,,,,,,,,,,,,,,,,,,,,0,0,0,0,false,0,0,,0,0,0,0,0,0,0,,,,,false,{},{},{},{},{},{},{},0,0.001,0.225,0,0,0.014,0,0,0,0,0,0,0,0,0,0,0,0,100,0,5.911333,69.457,0.165,5.672333,0,0,0,9,9,0,321,0,17,2,0,0,1,2400,0.021,0.025,0,ACTIVE,ACTIVE,,4095,4095,0,,true,16,false,0,0,true,2.5249,0.0015,52800,2280,0,,,,,,0,,,0,0,2,955,955,0,767555718269,3.273,0,0.027,0,0,957,956,2400,true,0,0,0,0,0,0,12,12,19224,0,0,0,0,0,0,0,0,0,0,0,0,0,,0,0,0,0,0,0,0,0,0,0,0,0,0,0,0,0,0,0,,0,0,0,0,0,0,false,
957,958,41542,false,136,50,1.594,0,1.414,0,dynamic_visual_atlas_upload,,,cell_indirection_lut,1.205,2400,2400,0,0,-1,-1,,1991.701174,3.013,4.027,4.027,1,8,3,1.5,false,2,8.666,,,,,,,,,,,,,,,,,,,,,,,,,,,,,,,,,,,,,,,,,,0,0,0,0,false,0,0,,0,0,0,0,0,0,0,,,,,false,{},{},{},{},{},{},{},0,0,0.231,0,0,0.014,0,0,0,0,0,0,0,0,0,0,0,0,100,0,6.916,69.457,0.165,6.671,0,0,0,9,9,0,321,0,17,2,0,0,1,2400,0.021,0.025,0,ACTIVE,ACTIVE,,4095,4095,0,,true,16,false,0,0,true,1.7885,0.001,19200,2280,0,,,,,,0,,,0,0,2,956,956,0,767555737707,4.433,0,0.031,0,0,958,957,2400,true,0,0,0,0,0,0,12,12,52824,0,0,0,0,0,0,0,0,0,0,0,0,0,,0,0,0,0,0,0,0,0,0,0,0,0,0,0,0,0,0,0,,0,0,0,0,0,0,false,
958,959,41559,false,136,50,1.478,0,1.302,0,dynamic_visual_atlas_upload,,,cell_indirection_lut,1.205,2400,2400,0,0,-1,-1,,1991.701174,3.013,4.027,4.027,1,8,3,1.5,false,2,8.666,,,,,,,,,,,,,,,,,,,,,,,,,,,,,,,,,,,,,,,,,,0,0,0,0,false,0,0,,0,0,0,0,0,0,0,,,,,false,{},{},{},{},{},{},{},0,3.314,3.506,0,0,0.019,0,0,0,0,0,0,0,0,0,0,0,0,100,0,8.581,69.457,0.165,5.056,0,0,0,9,9,0,321,0,17,2,0,0,1,2400,0.021,0.025,0,ACTIVE,ACTIVE,,4095,4095,0,,true,16,false,0,0,true,2.0018,0.001,19200,2278,0,,,,,,0,,,0,0,2,957,957,0,767555756127,3.181,0,0.029,0,0,959,958,2400,true,0,0,0,0,0,0,12,12,19224,0,0,0,0,0,0,0,0,0,0,0,0,0,,0,0,0,0,0,0,0,0,0,0,0,0,0,0,0,0,0,0,,0,0,0,0,0,0,false,
959,960,41580,false,136,50,1.474,0,1.297,0,dynamic_visual_atlas_upload,,,cell_indirection_lut,1.205,2400,2400,0,0,-1,-1,,1991.701174,3.013,4.027,4.027,1,8,3,1.5,false,2,8.666,,,,,,,,,,,,,,,,,,,,,,,,,,,,,,,,,,,,,,,,,,0,0,0,0,false,0,0,,0,0,0,0,0,0,0,,,,,false,{},{},{},{},{},{},{},0,3.121,3.304,0,0,0.018,0,0,0,0,0,0,0,0,0,0,0,0,100,0,6.820333,69.457,0.165,3.498333,0,0,0,9,9,0,321,0,17,2,0,0,1,2400,0.021,0.025,0,ACTIVE,ACTIVE,,4095,4095,0,,true,16,false,0,0,true,1.9662,0.0012,19200,2279,0,,,,,,0,,,0,0,2,958,958,0,767555774419,5.344,0,0.031,0,0,960,959,2400,true,0,0,0,0,0,0,12,12,19224,0,0,0,0,0,0,0,0,0,0,0,0,0,,0,0,0,0,0,0,0,0,0,0,0,0,0,0,0,0,0,0,,0,0,0,0,0,0,false,
960,961,41600,false,136,50,1.486,0,1.318,0,dynamic_visual_atlas_upload,,,cell_indirection_lut,1.205,2400,2400,0,0,-1,-1,,1991.701174,3.013,4.027,4.027,1,8,3,1.5,false,2,8.666,,,,,,,,,,,,,,,,,,,,,,,,,,,,,,,,,,,,,,,,,,0,0,0,0,false,0,0,,0,0,0,0,0,0,0,,,,,false,{},{},{},{},{},{},{},0,3.172,3.357,0,0,0.016,0,0,0,0,0,0,0,0,0,0,0,0,100,0,6.920333,69.457,0.165,3.547333,0,0,0,9,9,0,321,0,17,2,0,0,1,2400,0.021,0.025,0,ACTIVE,ACTIVE,,4095,4095,0,,true,16,false,0,0,true,2.7378,0.001,21600,2279,0,,,,,,0,,,0,0,2,959,959,0,767555796338,4.201,0,0.028,0,0,961,960,2400,true,0,0,0,0,0,0,12,12,19224,0,0,0,0,0,0,0,0,0,0,0,0,0,,0,0,0,0,0,0,0,0,0,0,0,0,0,0,0,0,0,0,,0,0,0,0,0,0,false,
961,962,41624,false,136,50,2.03,0,1.729,0,dynamic_visual_atlas_upload,,,cell_indirection_lut,1.205,2400,2400,0,0,-1,-1,,1991.701174,3.013,4.027,4.027,1,8,3,1.5,false,2,8.666,,,,,,,,,,,,,,,,,,,,,,,,,,,,,,,,,,,,,,,,,,0,0,0,0,false,0,0,,0,0,0,0,0,0,0,,,,,false,{},{},{},{},{},{},{},0,5.238,5.599,0,0,0.02,0,0,0,0,0,0,0,0,0,0,0,0,100,0,8.038333,69.457,0.165,2.419333,0,0,0,9,9,0,321,0,17,2,0,0,1,2400,0.021,0.025,0,ACTIVE,ACTIVE,,4095,4095,0,,true,16,false,0,0,true,3.7509,0.0026,19200,2279,0,,,,,,0,,,0,0,2,960,960,0,767555817232,7.705,0,0.028,0,0,962,961,2400,true,0,0,0,0,0,0,12,12,21624,0,0,0,0,0,0,0,0,0,0,0,0,0,,0,0,0,0,0,0,0,0,0,0,0,0,0,0,0,0,0,0,,0,0,0,0,0,0,false,
962,963,41653,false,136,50,1.717,0,1.454,0,dynamic_visual_atlas_upload,,,cell_indirection_lut,1.205,2400,2400,0,0,-1,-1,,1991.701174,3.013,4.027,4.027,1,8,3,1.5,false,2,8.666,,,,,,,,,,,,,,,,,,,,,,,,,,,,,,,,,,,,,,,,,,0,0,0,0,false,0,0,,0,0,0,0,0,0,0,,,,,false,{},{},{},{},{},{},{},0,0.001,0.348,0,0,0.023,0,0,0,0,0,0,0,0,0,0,0,0,100,0,5.7524,69.457,0.165,5.3814,0,0,0,9,9,0,321,0,17,2,0,0,1,2400,0.021,0.025,0,ACTIVE,ACTIVE,,4095,4095,0,,true,16,false,0,0,true,3.4667,0.0031,24000,2279,0,,,,,,0,,,0,0,2,961,961,0,767555846638,6.828,0,0.049,0,0,963,962,2400,true,0,0,0,0,0,0,12,12,19224,0,0,0,0,0,0,0,0,0,0,0,0,0,,0,0,0,0,0,0,0,0,0,0,0,0,0,0,0,0,0,0,,0,0,0,0,0,0,false,
963,964,41673,false,136,50,1.691,0,1.452,0,dynamic_visual_atlas_upload,,,cell_indirection_lut,1.205,2400,2400,0,0,-1,-1,,1991.701174,3.013,4.027,4.027,1,8,3,1.5,false,2,8.666,,,,,,,,,,,,,,,,,,,,,,,,,,,,,,,,,,,,,,,,,,0,0,0,0,false,0,0,,0,0,0,0,0,0,0,,,,,false,{},{},{},{},{},{},{},0,0,0.32,0,0,0.019,0,0,0,0,0,0,0,0,0,0,0,0,100,0,6.774667,69.457,0.165,6.435667,0,0,0,9,9,0,321,0,17,2,0,0,1,2400,0.021,0.025,0,ACTIVE,ACTIVE,,4095,4095,0,,true,16,false,0,0,true,2.0314,0.0018,19200,2279,0,,,,,,0,,,0,0,2,962,962,0,767555868513,5.24,0,0.037,0,0,964,963,2400,true,0,0,0,0,0,0,12,12,24024,0,0,0,0,0,0,0,0,0,0,0,0,0,,0,0,0,0,0,0,0,0,0,0,0,0,0,0,0,0,0,0,,0,0,0,0,0,0,false,
964,965,41694,false,136,50,1.512,0,1.329,0,dynamic_visual_atlas_upload,,,cell_indirection_lut,1.205,2400,2400,0,0,-1,-1,,1991.701174,3.013,4.027,4.027,1,8,3,1.5,false,2,8.666,,,,,,,,,,,,,,,,,,,,,,,,,,,,,,,,,,,,,,,,,,0,0,0,0,false,0,0,,0,0,0,0,0,0,0,,,,,false,{},{},{},{},{},{},{},0,0,0.231,0,0,0.018,0,0,0,0,0,0,0,0,0,0,0,0,100,0,6.765333,69.457,0.165,6.516333,0,0,0,9,9,0,321,0,17,2,0,0,1,2400,0.021,0.025,0,ACTIVE,ACTIVE,,4095,4095,0,,true,16,false,0,0,true,3.1057,0.0014,60000,2280,0,,,,,,0,,,0,0,2,963,963,0,767555888906,5.137,0,0.036,0,0,965,964,2400,true,0,0,0,0,0,0,12,12,19224,0,0,0,0,0,0,0,0,0,0,0,0,0,,0,0,0,0,0,0,0,0,0,0,0,0,0,0,0,0,0,0,,0,0,0,0,0,0,false,
965,966,41718,false,136,50,1.508,0,1.368,0,dynamic_visual_atlas_upload,,,cell_indirection_lut,1.205,2400,2400,0,0,-1,-1,,1991.701174,3.013,4.027,4.027,1,8,3,1.5,false,2,8.666,,,,,,,,,,,,,,,,,,,,,,,,,,,,,,,,,,,,,,,,,,0,0,0,0,false,0,0,,0,0,0,0,0,0,0,,,,,false,{},{},{},{},{},{},{},0,3.795,3.985,0,0,0.026,0,0,0,0,0,0,0,0,0,0,0,0,100,0,8.082667,69.457,0.165,4.071667,0,0,0,9,9,0,321,0,17,2,0,0,1,2400,0.021,0.025,0,ACTIVE,ACTIVE,,4095,4095,0,,true,16,false,0,0,true,1.8579,0.001,19200,2280,0,,,,,,0,,,0,0,2,964,964,0,767555908890,9.384,0,0.029,0,0,967,966,2400,true,0,0,0,0,0,0,12,12,60024,0,0,0,0,0,0,0,0,0,0,0,0,0,,0,0,0,0,0,0,0,0,0,0,0,0,0,0,0,0,0,0,,0,0,0,0,0,0,false,
966,967,41738,false,136,50,1.439,0,1.305,0,dynamic_visual_atlas_upload,,,cell_indirection_lut,1.205,2400,2400,0,0,-1,-1,,1991.701174,3.013,4.027,4.027,1,8,3,1.5,false,2,8.666,,,,,,,,,,,,,,,,,,,,,,,,,,,,,,,,,,,,,,,,,,0,0,0,0,false,0,0,,0,0,0,0,0,0,0,,,,,false,{},{},{},{},{},{},{},0.001,3.383,3.56,0,0,0.019,0,0,0,0,0,0,0,0,0,0,0,0,100,0,6.692,69.457,0.165,3.113,0,0,0,9,9,0,321,0,17,2,0,0,1,2400,0.021,0.025,0,ACTIVE,ACTIVE,,4095,4095,0,,true,16,false,0,0,true,2.6666,0.0014,21600,2279,0,,,,,,0,,,0,0,2,965,965,0,767555927604,10.8,0,0.028,0,0,968,967,2400,true,0,0,0,0,0,0,12,12,19224,0,0,0,0,0,0,0,0,0,0,0,0,0,,0,0,0,0,0,0,0,0,0,0,0,0,0,0,0,0,0,0,,0,0,0,0,0,0,false,
967,968,41760,false,136,50,1.875,0,1.602,0,dynamic_visual_atlas_upload,,,cell_indirection_lut,1.205,2400,2400,0,0,-1,-1,,1991.701174,3.013,4.027,4.027,1,8,3,1.5,false,2,8.666,,,,,,,,,,,,,,,,,,,,,,,,,,,,,,,,,,,,,,,,,,0,0,0,0,false,0,0,,0,0,0,0,0,0,0,,,,,false,{},{},{},{},{},{},{},0,3.693,3.916,0,0,0.017,0,0,0,0,0,0,0,0,0,0,0,0,100,0,7.167667,69.457,0.165,3.234667,0,0,0,9,9,0,321,0,17,2,0,0,1,2400,0.021,0.025,0,ACTIVE,ACTIVE,,4095,4095,0,,true,16,false,0,0,true,1.9647,0.0013,19200,2279,0,,,,,,0,,,0,0,2,966,966,0,767555947677,12.298,0,0.029,0,0,969,968,2400,true,0,0,0,0,0,0,12,12,21624,0,0,0,0,0,0,0,0,0,0,0,0,0,,0,0,0,0,0,0,0,0,0,0,0,0,0,0,0,0,0,0,,0,0,0,0,0,0,false,
968,969,41770,false,136,50,1.612,0,1.361,0,dynamic_visual_atlas_upload,,,cell_indirection_lut,1.205,2400,2400,0,0,-1,-1,,1991.701174,3.013,4.027,4.027,1,8,3,1.5,false,2,8.666,,,,,,,,,,,,,,,,,,,,,,,,,,,,,,,,,,,,,,,,,,0,0,0,0,false,0,0,,0,0,0,0,0,0,0,,,,,false,{},{},{},{},{},{},{},0,0.001,0.305,0,0,0.035,0,0,0,0,0,0,0,0,0,0,0,0,100,0,5.196,69.457,0.165,4.856,0,0,0,9,9,0,321,0,17,2,0,0,1,2400,0.021,0.025,0,ACTIVE,ACTIVE,,4095,4095,0,,true,16,false,0,0,true,1.9985,0.0019,19200,2279,0,,,,,,0,,,0,0,2,967,967,0,767555967039,3.258,0,0.033,0,0,969,968,2400,true,0,0,0,0,0,0,12,12,19224,0,0,0,0,0,0,0,0,0,0,0,0,0,,0,0,0,0,0,0,0,0,0,0,0,0,0,0,0,0,0,0,,0,0,0,0,0,0,false,
969,970,41791,false,136,50,1.638,0,1.431,0,dynamic_visual_atlas_upload,,,cell_indirection_lut,1.205,2400,2400,0,0,-1,-1,,1991.701174,3.013,4.027,4.027,1,8,3,1.5,false,2,8.666,,,,,,,,,,,,,,,,,,,,,,,,,,,,,,,,,,,,,,,,,,0,0,0,0,false,0,0,,0,0,0,0,0,0,0,,,,,false,{},{},{},{},{},{},{},0,0,0.259,0,0,0.018,0,0,0,0,0,0,0,0,0,0,0,0,100,0,6.841,69.457,0.165,6.564,0,0,0,9,9,0,321,0,17,2,0,0,1,2400,0.021,0.025,0,ACTIVE,ACTIVE,,4095,4095,0,,true,16,false,0,0,true,1.9382,0.0017,19200,2278,0,,,,,,0,,,0,0,2,968,968,0,767555986833,3.952,0,0.031,0,0,970,969,2400,true,0,0,0,0,0,0,12,12,19224,0,0,0,0,0,0,0,0,0,0,0,0,0,,0,0,0,0,0,0,0,0,0,0,0,0,0,0,0,0,0,0,,0,0,0,0,0,0,false,
970,971,41811,false,136,50,1.544,0,1.335,0,dynamic_visual_atlas_upload,,,cell_indirection_lut,1.205,2400,2400,0,0,-1,-1,,1991.701174,3.013,4.027,4.027,1,8,3,1.5,false,2,8.666,,,,,,,,,,,,,,,,,,,,,,,,,,,,,,,,,,,,,,,,,,0,0,0,0,false,0,0,,0,0,0,0,0,0,0,,,,,false,{},{},{},{},{},{},{},0,0,0.283,0,0,0.017,0,0,0,0,0,0,0,0,0,0,0,0,100,0,6.893333,69.457,0.165,6.593333,0,0,0,9,9,0,321,0,17,2,0,0,1,2400,0.021,0.025,0,ACTIVE,ACTIVE,,4095,4095,0,,true,16,false,0,0,true,1.899,0.0012,19200,2278,0,,,,,,0,,,0,0,2,969,969,0,767556006747,4.701,0,0.033,0,0,971,970,2400,true,0,0,0,0,0,0,12,12,19224,0,0,0,0,0,0,0,0,0,0,0,0,0,,0,0,0,0,0,0,0,0,0,0,0,0,0,0,0,0,0,0,,0,0,0,0,0,0,false,
971,972,41832,false,136,50,1.53,0,1.321,0,dynamic_visual_atlas_upload,,,cell_indirection_lut,1.205,2400,2400,0,0,-1,-1,,1991.701174,3.013,4.027,4.027,1,8,3,1.5,false,2,8.666,,,,,,,,,,,,,,,,,,,,,,,,,,,,,,,,,,,,,,,,,,0,0,0,0,false,0,0,,0,0,0,0,0,0,0,,,,,false,{},{},{},{},{},{},{},0.001,0,0.278,0,0,0.023,0,0,0,0,0,0,0,0,0,0,0,0,100,0,6.904667,69.457,0.165,6.603667,0,0,0,9,9,0,321,0,17,2,0,0,1,2400,0.021,0.025,0,ACTIVE,ACTIVE,,4095,4095,0,,true,16,false,0,0,true,1.8817,0.0012,19200,2278,0,,,,,,0,,,0,0,2,970,970,0,767556024935,7.239,0,0.028,0,0,972,971,2400,true,0,0,0,0,0,0,12,12,19224,0,0,0,0,0,0,0,0,0,0,0,0,0,,0,0,0,0,0,0,0,0,0,0,0,0,0,0,0,0,0,0,,0,0,0,0,0,0,false,
972,973,41846,false,136,50,2.181,0,1.985,0,dynamic_visual_atlas_upload,,,cell_indirection_lut,1.205,2400,2400,0,0,-1,-1,,1991.701174,3.013,4.027,4.027,1,8,3,1.5,false,2,8.666,,,,,,,,,,,,,,,,,,,,,,,,,,,,,,,,,,,,,,,,,,0,0,0,0,false,0,0,,0,0,0,0,0,0,0,,,,,false,{},{},{},{},{},{},{},0,0,0.217,0,0,0.015,0,0,0,0,0,0,0,0,0,0,0,0,100,0,7.2635,69.457,0.165,7.0315,0,0,0,9,9,0,321,0,17,2,0,0,1,2400,0.021,0.025,0,ACTIVE,ACTIVE,,4095,4095,0,,true,16,false,0,0,true,1.8817,0.0012,19200,2278,0,,,,,,0,,,0,0,2,971,971,0,767556043688,3.062,0,0.028,0,0,973,972,2400,true,0,0,0,0,0,0,12,12,19224,0,0,0,0,0,0,0,0,0,0,0,0,0,,0,0,0,0,0,0,0,0,0,0,0,0,0,0,0,0,0,0,,0,0,0,0,0,0,false,
973,974,41867,false,136,50,2.573,0,2.225,0,dynamic_visual_atlas_upload,,,cell_indirection_lut,1.205,2400,2400,0,0,-1,-1,,1991.701174,3.013,4.027,4.027,1,8,3,1.5,false,2,8.666,,,,,,,,,,,,,,,,,,,,,,,,,,,,,,,,,,,,,,,,,,0,0,0,0,false,0,0,,0,0,0,0,0,0,0,,,,,false,{},{},{},{},{},{},{},0,0.001,0.349,0,0,0.017,0,0,0,0,0,0,0,0,0,0,0,0,100,0,6.992667,69.457,0.165,6.626667,0,0,0,9,9,0,321,0,17,2,0,0,1,2400,0.021,0.025,0,ACTIVE,ACTIVE,,4095,4095,0,,true,16,false,0,0,true,2.2534,0.0019,19200,2280,0,,,,,,0,,,0,0,2,972,972,0,767556063845,3.93,0,0.039,0,0,974,973,2400,true,0,0,0,0,0,0,12,12,55224,0,0,0,0,0,0,0,0,0,0,0,0,0,,0,0,0,0,0,0,0,0,0,0,0,0,0,0,0,0,0,0,,0,0,0,0,0,0,false,
974,975,41887,false,136,50,1.481,0,1.305,0,dynamic_visual_atlas_upload,,,cell_indirection_lut,1.205,2400,2400,0,0,-1,-1,,1991.701174,3.013,4.027,4.027,1,8,3,1.5,false,2,8.666,,,,,,,,,,,,,,,,,,,,,,,,,,,,,,,,,,,,,,,,,,0,0,0,0,false,0,0,,0,0,0,0,0,0,0,,,,,false,{},{},{},{},{},{},{},0,0,0.241,0,0,0.016,0,0,0,0,0,0,0,0,0,0,0,0,100,0,6.499,69.457,0.165,6.242,0,0,0,9,9,0,321,0,17,2,0,0,1,2400,0.021,0.025,0,ACTIVE,ACTIVE,,4095,4095,0,,true,16,false,0,0,true,1.9046,0.0014,19200,2279,0,,,,,,0,,,0,0,2,973,973,0,767556083262,3.949,0,0.048,0,0,975,974,2400,true,0,0,0,0,0,0,12,12,19224,0,0,0,0,0,0,0,0,0,0,0,0,0,,0,0,0,0,0,0,0,0,0,0,0,0,0,0,0,0,0,0,,0,0,0,0,0,0,false,
975,976,41907,false,136,50,2.491,0,2.185,0,dynamic_visual_atlas_upload,,,cell_indirection_lut,1.205,2400,2400,0,0,-1,-1,,1991.701174,3.013,4.027,4.027,1,8,3,1.5,false,2,8.666,,,,,,,,,,,,,,,,,,,,,,,,,,,,,,,,,,,,,,,,,,0,0,0,0,false,0,0,,0,0,0,0,0,0,0,,,,,false,{},{},{},{},{},{},{},0.001,4.39,4.653,0,0,0.02,0,0,0,0,0,0,0,0,0,0,0,0,100,0,9.8955,69.457,0.165,5.2225,0,0,0,9,9,0,321,0,17,2,0,0,1,2400,0.021,0.025,0,ACTIVE,ACTIVE,,4095,4095,0,,true,16,false,0,0,true,1.9191,0.0014,19200,2275,0,,,,,,0,,,0,0,2,974,974,0,767556101864,5.244,0,0.028,0,0,976,975,2400,true,0,0,0,0,0,0,12,12,19224,0,0,0,0,0,0,0,0,0,0,0,0,0,,0,0,0,0,0,0,0,0,0,0,0,0,0,0,0,0,0,0,,0,0,0,0,0,0,false,
976,977,41929,false,136,50,1.934,0,1.291,0,dynamic_visual_atlas_upload,,,cell_indirection_lut,1.205,2400,2400,0,0,-1,-1,,1991.701174,3.013,4.027,4.027,1,8,3,1.5,false,2,8.666,,,,,,,,,,,,,,,,,,,,,,,,,,,,,,,,,,,,,,,,,,0,0,0,0,false,0,0,,0,0,0,0,0,0,0,,,,,false,{},{},{},{},{},{},{},0,0,0.191,0,0,0.012,0,0,0,0,0,0,0,0,0,0,0,0,100,0,5.48975,69.457,0.165,5.28675,0,0,0,9,9,0,321,0,17,2,0,0,1,2400,0.021,0.025,0,ACTIVE,ACTIVE,,4095,4095,0,,true,16,false,0,0,true,1.8518,0.001,19200,2279,0,,,,,,0,,,0,0,2,975,975,0,767556122092,7.097,0,0.042,0,0,977,976,2400,true,0,0,0,0,0,0,12,12,19224,0,0,0,0,0,0,0,0,0,0,0,0,0,,0,0,0,0,0,0,0,0,0,0,0,0,0,0,0,0,0,0,,0,0,0,0,0,0,false,
977,978,41951,false,136,50,2.447,0,2.23,0,dynamic_visual_atlas_upload,,,cell_indirection_lut,1.205,2400,2400,0,0,-1,-1,,1991.701174,3.013,4.027,4.027,1,8,3,1.5,false,2,8.666,,,,,,,,,,,,,,,,,,,,,,,,,,,,,,,,,,,,,,,,,,0,0,0,0,false,0,0,,0,0,0,0,0,0,0,,,,,false,{},{},{},{},{},{},{},0,0,0.646,0,0,0.034,0,0,0,0,0,0,0,0,0,0,0,0,100,0,7.425333,69.457,0.165,6.745333,0,0,0,9,9,0,321,0,17,2,0,0,1,2400,0.021,0.025,0,ACTIVE,ACTIVE,,4095,4095,0,,true,16,false,0,0,true,2.4785,0.0022,19200,2275,0,,,,,,0,,,0,0,2,976,976,0,767556141477,9.749,0,0.042,0,0,978,977,2400,true,0,0,0,0,0,0,12,12,19224,0,0,0,0,0,0,0,0,0,0,0,0,0,,0,0,0,0,0,0,0,0,0,0,0,0,0,0,0,0,0,0,,0,0,0,0,0,0,false,
978,979,41970,false,136,50,1.569,0,1.377,0,dynamic_visual_atlas_upload,,,cell_indirection_lut,1.205,2400,2400,0,0,-1,-1,,1991.701174,3.013,4.027,4.027,1,8,3,1.5,false,2,8.666,,,,,,,,,,,,,,,,,,,,,,,,,,,,,,,,,,,,,,,,,,0,0,0,0,false,0,0,,0,0,0,0,0,0,0,,,,,false,{},{},{},{},{},{},{},0,0,0.249,0,0,0.017,0,0,0,0,0,0,0,0,0,0,0,0,100,0,6.372667,69.457,0.165,6.106667,0,0,0,9,9,0,321,0,17,2,0,0,1,2400,0.021,0.025,0,ACTIVE,ACTIVE,,4095,4095,0,,true,16,false,0,0,true,2.6047,0.0018,21600,2279,0,,,,,,0,,,0,0,2,977,977,0,767556162982,7.344,0,0.03,0,0,979,978,2400,true,0,0,0,0,0,0,12,12,19224,0,0,0,0,0,0,0,0,0,0,0,0,0,,0,0,0,0,0,0,0,0,0,0,0,0,0,0,0,0,0,0,,0,0,0,0,0,0,false,
979,980,41991,false,136,50,1.66,0,1.474,0,dynamic_visual_atlas_upload,,,cell_indirection_lut,1.205,2400,2400,0,0,-1,-1,,1991.701174,3.013,4.027,4.027,1,8,3,1.5,false,2,8.666,,,,,,,,,,,,,,,,,,,,,,,,,,,,,,,,,,,,,,,,,,0,0,0,0,false,0,0,,0,0,0,0,0,0,0,,,,,false,{},{},{},{},{},{},{},0,0,0.205,0,0,0.013,0,0,0,0,0,0,0,0,0,0,0,0,100,0,6.816333,69.457,0.165,6.598333,0,0,0,9,9,0,321,0,17,2,0,0,1,2400,0.021,0.025,0,ACTIVE,ACTIVE,,4095,4095,0,,true,16,false,0,0,true,1.8513,0.0009,19200,2275,0,,,,,,0,,,0,0,2,978,978,0,767556182601,8.246,0,0.028,0,0,980,979,2400,true,0,0,0,0,0,0,12,12,21624,0,0,0,0,0,0,0,0,0,0,0,0,0,,0,0,0,0,0,0,0,0,0,0,0,0,0,0,0,0,0,0,,0,0,0,0,0,0,false,
980,981,42011,false,145,50,1.504,0,1.332,0,dynamic_visual_atlas_upload,,,cell_indirection_lut,1.205,2400,2400,0,0,-1,-1,,1991.701174,3.013,4.027,4.027,1,8,3,1.5,false,2,8.666,,,,,,,,,,,,,,,,,,,,,,,,,,,,,,,,,,,,,,,,,,0,0,0,0,false,0,0,,0,0,0,0,0,0,0,,,,,false,{},{},{},{},{},{},{},0,0,0.223,0,0,0.016,0,0,0,0,0,0,0,0,0,0,0,0,100,0,6.878333,11.351,0.086,6.639333,0,0,0,9,9,0,321,0,17,2,0,0,1,2400,0.021,0.025,0,ACTIVE,ACTIVE,,4095,4095,0,,true,16,false,0,0,true,2.5277,0.0014,52800,2280,0,,,,,,0,,,0,0,2,979,979,0,767556202418,8.973,0,0.035,0,0,981,980,2400,true,0,0,0,0,0,0,12,12,19224,0,0,0,0,0,0,0,0,0,0,0,0,0,,0,0,0,0,0,0,0,0,0,0,0,0,0,0,0,0,0,0,,0,0,0,0,0,0,false,
981,982,42025,false,145,50,1.533,0,1.354,0,dynamic_visual_atlas_upload,,,cell_indirection_lut,1.205,2400,2400,0,0,-1,-1,,1991.701174,3.013,4.027,4.027,1,8,3,1.5,false,2,8.666,,,,,,,,,,,,,,,,,,,,,,,,,,,,,,,,,,,,,,,,,,0,0,0,0,false,0,0,,0,0,0,0,0,0,0,,,,,false,{},{},{},{},{},{},{},0,0,0.204,0,0,0.015,0,0,0,0,0,0,0,0,0,0,0,0,100,0,6.906,11.351,0.086,6.687,0,0,0,9,9,0,321,0,17,2,0,0,1,2400,0.021,0.025,0,ACTIVE,ACTIVE,,4095,4095,0,,true,16,false,0,0,true,2.0835,0.0013,19200,2280,0,,,,,,0,,,0,0,2,980,980,0,767556221681,3.522,0,0.028,0,0,982,981,2400,true,0,0,0,0,0,0,12,12,52824,0,0,0,0,0,0,0,0,0,0,0,0,0,,0,0,0,0,0,0,0,0,0,0,0,0,0,0,0,0,0,0,,0,0,0,0,0,0,false,
982,983,42046,false,145,50,1.449,0,1.301,0,dynamic_visual_atlas_upload,,,cell_indirection_lut,1.205,2400,2400,0,0,-1,-1,,1991.701174,3.013,4.027,4.027,1,8,3,1.5,false,2,8.666,,,,,,,,,,,,,,,,,,,,,,,,,,,,,,,,,,,,,,,,,,0,0,0,0,false,0,0,,0,0,0,0,0,0,0,,,,,false,{},{},{},{},{},{},{},0,0,0.198,0,0,0.014,0,0,0,0,0,0,0,0,0,0,0,0,100,0,6.858333,11.351,0.086,6.646333,0,0,0,9,9,0,321,0,17,2,0,0,1,2400,0.021,0.025,0,ACTIVE,ACTIVE,,4095,4095,0,,true,16,false,0,0,true,1.8725,0.0008,19200,2280,0,,,,,,0,,,0,0,2,981,981,0,767556240113,5.65,0,0.029,0,0,983,982,2400,true,0,0,0,0,0,0,12,12,19224,0,0,0,0,0,0,0,0,0,0,0,0,0,,0,0,0,0,0,0,0,0,0,0,0,0,0,0,0,0,0,0,,0,0,0,0,0,0,false,
983,984,42063,false,145,50,1.451,0,1.275,0,dynamic_visual_atlas_upload,,,cell_indirection_lut,1.205,2400,2400,0,0,-1,-1,,1991.701174,3.013,4.027,4.027,1,8,3,1.5,false,2,8.666,,,,,,,,,,,,,,,,,,,,,,,,,,,,,,,,,,,,,,,,,,0,0,0,0,false,0,0,,0,0,0,0,0,0,0,,,,,false,{},{},{},{},{},{},{},0,3.603,3.773,0,0,0.015,0,0,0,0,0,0,0,0,0,0,0,0,100,0,8.682,11.351,0.086,4.894,0,0,0,9,9,0,321,0,17,2,0,0,1,2400,0.021,0.025,0,ACTIVE,ACTIVE,,4095,4095,0,,true,16,false,0,0,true,1.8889,0.0012,19200,2276,0,,,,,,0,,,0,0,2,982,982,0,767556257878,5.25,0,0.029,0,0,984,983,2400,true,0,0,0,0,0,0,12,12,19224,0,0,0,0,0,0,0,0,0,0,0,0,0,,0,0,0,0,0,0,0,0,0,0,0,0,0,0,0,0,0,0,,0,0,0,0,0,0,false,
984,985,42083,false,145,50,1.563,0,1.369,0,dynamic_visual_atlas_upload,,,cell_indirection_lut,1.205,2400,2400,0,0,-1,-1,,1991.701174,3.013,4.027,4.027,1,8,3,1.5,false,2,8.666,,,,,,,,,,,,,,,,,,,,,,,,,,,,,,,,,,,,,,,,,,0,0,0,0,false,0,0,,0,0,0,0,0,0,0,,,,,false,{},{},{},{},{},{},{},0,3.057,3.213,0,0,0.013,0,0,0,0,0,0,0,0,0,0,0,0,100,0,6.733667,11.351,0.086,3.507667,0,0,0,9,9,0,321,0,17,2,0,0,1,2400,0.021,0.025,0,ACTIVE,ACTIVE,,4095,4095,0,,true,16,false,0,0,true,2.7444,0.0011,21600,2280,0,,,,,,0,,,0,0,2,983,983,0,767556277991,5.366,0,0.028,0,0,985,984,2400,true,0,0,0,0,0,0,12,12,19224,0,0,0,0,0,0,0,0,0,0,0,0,0,,0,0,0,0,0,0,0,0,0,0,0,0,0,0,0,0,0,0,,0,0,0,0,0,0,false,
985,986,42104,false,145,50,1.456,0,1.284,0,dynamic_visual_atlas_upload,,,cell_indirection_lut,1.205,2400,2400,0,0,-1,-1,,1991.701174,3.013,4.027,4.027,1,8,3,1.5,false,2,8.666,,,,,,,,,,,,,,,,,,,,,,,,,,,,,,,,,,,,,,,,,,0,0,0,0,false,0,0,,0,0,0,0,0,0,0,,,,,false,{},{},{},{},{},{},{},0,3.452,3.635,0,0,0.017,0,0,0,0,0,0,0,0,0,0,0,0,100,0,7.023667,11.351,0.086,3.371667,0,0,0,9,9,0,321,0,17,2,0,0,1,2400,0.021,0.025,0,ACTIVE,ACTIVE,,4095,4095,0,,true,16,false,0,0,true,1.8872,0.001,19200,2276,0,,,,,,0,,,0,0,2,984,984,0,767556300545,3.884,0,0.031,0,0,986,985,2400,true,0,0,0,0,0,0,12,12,21624,0,0,0,0,0,0,0,0,0,0,0,0,0,,0,0,0,0,0,0,0,0,0,0,0,0,0,0,0,0,0,0,,0,0,0,0,0,0,false,
986,987,42121,false,145,50,1.443,0,1.271,0,dynamic_visual_atlas_upload,,,cell_indirection_lut,1.205,2400,2400,0,0,-1,-1,,1991.701174,3.013,4.027,4.027,1,8,3,1.5,false,2,8.666,,,,,,,,,,,,,,,,,,,,,,,,,,,,,,,,,,,,,,,,,,0,0,0,0,false,0,0,,0,0,0,0,0,0,0,,,,,false,{},{},{},{},{},{},{},0,0.001,0.232,0,0,0.016,0,0,0,0,0,0,0,0,0,0,0,0,100,0,5.750667,11.351,0.086,5.502667,0,0,0,9,9,0,321,0,17,2,0,0,1,2400,0.021,0.025,0,ACTIVE,ACTIVE,,4095,4095,0,,true,16,false,0,0,true,1.8562,0.0009,19200,2280,0,,,,,,0,,,0,0,2,985,985,0,767556319234,2.566,0,0.029,0,0,987,986,2400,true,0,0,0,0,0,0,12,12,19224,0,0,0,0,0,0,0,0,0,0,0,0,0,,0,0,0,0,0,0,0,0,0,0,0,0,0,0,0,0,0,0,,0,0,0,0,0,0,false,
987,988,42142,false,145,50,1.388,0,1.257,0,dynamic_visual_atlas_upload,,,cell_indirection_lut,1.205,2400,2400,0,0,-1,-1,,1991.701174,3.013,4.027,4.027,1,8,3,1.5,false,2,8.666,,,,,,,,,,,,,,,,,,,,,,,,,,,,,,,,,,,,,,,,,,0,0,0,0,false,0,0,,0,0,0,0,0,0,0,,,,,false,{},{},{},{},{},{},{},0,0.001,0.162,0,0,0.011,0,0,0,0,0,0,0,0,0,0,0,0,100,0,6.791333,11.351,0.086,6.618333,0,0,0,9,9,0,321,0,17,2,0,0,1,2400,0.021,0.025,0,ACTIVE,ACTIVE,,4095,4095,0,,true,16,false,0,0,true,1.7719,0.0009,19200,2276,0,,,,,,0,,,0,0,2,986,986,0,767556338477,3.531,0,0.029,0,0,988,987,2400,true,0,0,0,0,0,0,12,12,19224,0,0,0,0,0,0,0,0,0,0,0,0,0,,0,0,0,0,0,0,0,0,0,0,0,0,0,0,0,0,0,0,,0,0,0,0,0,0,false,
988,989,42159,false,145,50,1.41,0,1.268,0,dynamic_visual_atlas_upload,,,cell_indirection_lut,1.205,2400,2400,0,0,-1,-1,,1991.701174,3.013,4.027,4.027,1,8,3,1.5,false,2,8.666,,,,,,,,,,,,,,,,,,,,,,,,,,,,,,,,,,,,,,,,,,0,0,0,0,false,0,0,,0,0,0,0,0,0,0,,,,,false,{},{},{},{},{},{},{},0,3.523,3.677,0,0,0.013,0,0,0,0,0,0,0,0,0,0,0,0,100,0,8.7425,11.351,0.086,5.0525,0,0,0,9,9,0,321,0,17,2,0,0,1,2400,0.021,0.025,0,ACTIVE,ACTIVE,,4095,4095,0,,true,16,false,0,0,true,2.4903,0.0011,52800,2280,0,,,,,,0,,,0,0,2,987,987,0,767556356312,3.224,0,0.027,0,0,989,988,2400,true,0,0,0,0,0,0,12,12,19224,0,0,0,0,0,0,0,0,0,0,0,0,0,,0,0,0,0,0,0,0,0,0,0,0,0,0,0,0,0,0,0,,0,0,0,0,0,0,false,
989,990,42179,false,145,50,1.474,0,1.313,0,dynamic_visual_atlas_upload,,,cell_indirection_lut,1.205,2400,2400,0,0,-1,-1,,1991.701174,3.013,4.027,4.027,1,8,3,1.5,false,2,8.666,,,,,,,,,,,,,,,,,,,,,,,,,,,,,,,,,,,,,,,,,,0,0,0,0,false,0,0,,0,0,0,0,0,0,0,,,,,false,{},{},{},{},{},{},{},0,2.95,3.098,0,0,0.01,0,0,0,0,0,0,0,0,0,0,0,0,100,0,6.708667,11.351,0.086,3.600667,0,0,0,9,9,0,321,0,17,2,0,0,1,2400,0.021,0.025,0,ACTIVE,ACTIVE,,4095,4095,0,,true,16,false,0,0,true,1.9356,0.0011,19200,2280,0,,,,,,0,,,0,0,2,988,988,0,767556374992,4.652,0,0.027,0,0,990,989,2400,true,0,0,0,0,0,0,12,12,52824,0,0,0,0,0,0,0,0,0,0,0,0,0,,0,0,0,0,0,0,0,0,0,0,0,0,0,0,0,0,0,0,,0,0,0,0,0,0,false,
990,991,42204,false,145,50,1.422,0,1.272,0,dynamic_visual_atlas_upload,,,cell_indirection_lut,1.205,2400,2400,0,0,-1,-1,,1991.701174,3.013,4.027,4.027,1,8,3,1.5,false,2,8.666,,,,,,,,,,,,,,,,,,,,,,,,,,,,,,,,,,,,,,,,,,0,0,0,0,false,0,0,,0,0,0,0,0,0,0,,,,,false,{},{},{},{},{},{},{},0,6.155,6.307,0,0,0.013,0,0,0,0,0,0,0,0,0,0,0,0,100,0,8.038667,11.351,0.086,1.718667,0,0,0,9,9,0,321,0,17,2,0,0,1,2400,0.021,0.025,0,ACTIVE,ACTIVE,,4095,4095,0,,true,16,false,0,0,true,2.5594,0.0009,21600,2276,0,,,,,,0,,,0,0,2,989,989,0,767556395841,7.917,0,0.03,0,0,991,990,2400,true,0,0,0,0,0,0,12,12,19224,0,0,0,0,0,0,0,0,0,0,0,0,0,,0,0,0,0,0,0,0,0,0,0,0,0,0,0,0,0,0,0,,0,0,0,0,0,0,false,
991,992,42221,false,145,50,1.472,0,1.325,0,dynamic_visual_atlas_upload,,,cell_indirection_lut,1.205,2400,2400,0,0,-1,-1,,1991.701174,3.013,4.027,4.027,1,8,3,1.5,false,2,8.666,,,,,,,,,,,,,,,,,,,,,,,,,,,,,,,,,,,,,,,,,,0,0,0,0,false,0,0,,0,0,0,0,0,0,0,,,,,false,{},{},{},{},{},{},{},0,3.171,3.339,0,0,0.015,0,0,0,0,0,0,0,0,0,0,0,0,100,0,5.869667,11.351,0.086,2.515667,0,0,0,9,9,0,321,0,17,2,0,0,1,2400,0.021,0.025,0,ACTIVE,ACTIVE,,4095,4095,0,,true,16,false,0,0,true,1.9124,0.0012,19200,2276,0,,,,,,0,,,0,0,2,990,990,0,767556416705,4.678,0,0.028,0,0,992,991,2400,true,0,0,0,0,0,0,12,12,21624,0,0,0,0,0,0,0,0,0,0,0,0,0,,0,0,0,0,0,0,0,0,0,0,0,0,0,0,0,0,0,0,,0,0,0,0,0,0,false,
992,993,42242,false,145,50,1.646,0,1.445,0,dynamic_visual_atlas_upload,,,cell_indirection_lut,1.205,2400,2400,0,0,-1,-1,,1991.701174,3.013,4.027,4.027,1,8,3,1.5,false,2,8.666,,,,,,,,,,,,,,,,,,,,,,,,,,,,,,,,,,,,,,,,,,0,0,0,0,false,0,0,,0,0,0,0,0,0,0,,,,,false,{},{},{},{},{},{},{},0,3.01,3.158,0,0,0.013,0,0,0,0,0,0,0,0,0,0,0,0,100,0,6.904,11.351,0.086,3.733,0,0,0,9,9,0,321,0,17,2,0,0,1,2400,0.021,0.025,0,ACTIVE,ACTIVE,,4095,4095,0,,true,16,false,0,0,true,2.1948,0.0014,19200,2276,0,,,,,,0,,,0,0,2,991,991,0,767556436593,5.583,0,0.028,0,0,993,992,2400,true,0,0,0,0,0,0,12,12,19224,0,0,0,0,0,0,0,0,0,0,0,0,0,,0,0,0,0,0,0,0,0,0,0,0,0,0,0,0,0,0,0,,0,0,0,0,0,0,false,
993,994,42262,false,145,50,1.414,0,1.266,0,dynamic_visual_atlas_upload,,,cell_indirection_lut,1.205,2400,2400,0,0,-1,-1,,1991.701174,3.013,4.027,4.027,1,8,3,1.5,false,2,8.666,,,,,,,,,,,,,,,,,,,,,,,,,,,,,,,,,,,,,,,,,,0,0,0,0,false,0,0,,0,0,0,0,0,0,0,,,,,false,{},{},{},{},{},{},{},0,2.952,3.11,0,0,0.015,0,0,0,0,0,0,0,0,0,0,0,0,100,0,6.780333,11.351,0.086,3.655333,0,0,0,9,9,0,321,0,17,2,0,0,1,2400,0.021,0.025,0,ACTIVE,ACTIVE,,4095,4095,0,,true,16,false,0,0,true,1.8751,0.0013,19200,2276,0,,,,,,0,,,0,0,2,992,992,0,767556457572,4.837,0,0.029,0,0,994,993,2400,true,0,0,0,0,0,0,12,12,19224,0,0,0,0,0,0,0,0,0,0,0,0,0,,0,0,0,0,0,0,0,0,0,0,0,0,0,0,0,0,0,0,,0,0,0,0,0,0,false,
994,995,42284,false,145,50,1.455,0,1.293,0,dynamic_visual_atlas_upload,,,cell_indirection_lut,1.205,2400,2400,0,0,-1,-1,,1991.701174,3.013,4.027,4.027,1,8,3,1.5,false,2,8.666,,,,,,,,,,,,,,,,,,,,,,,,,,,,,,,,,,,,,,,,,,0,0,0,0,false,0,0,,0,0,0,0,0,0,0,,,,,false,{},{},{},{},{},{},{},0,3.566,3.749,0,0,0.022,0,0,0,0,0,0,0,0,0,0,0,0,100,0,7.106667,11.351,0.086,3.335667,0,0,0,9,9,0,321,0,17,2,0,0,1,2400,0.021,0.025,0,ACTIVE,ACTIVE,,4095,4095,0,,true,16,false,0,0,true,1.9644,0.001,19200,2276,0,,,,,,0,,,0,0,2,993,993,0,767556477827,5.982,0,0.027,0,0,995,994,2400,true,0,0,0,0,0,0,12,12,19224,0,0,0,0,0,0,0,0,0,0,0,0,0,,0,0,0,0,0,0,0,0,0,0,0,0,0,0,0,0,0,0,,0,0,0,0,0,0,false,
995,996,42304,false,145,50,1.483,0,1.326,0,dynamic_visual_atlas_upload,,,cell_indirection_lut,1.205,2400,2400,0,0,-1,-1,,1991.701174,3.013,4.027,4.027,1,8,3,1.5,false,2,8.666,,,,,,,,,,,,,,,,,,,,,,,,,,,,,,,,,,,,,,,,,,0,0,0,0,false,0,0,,0,0,0,0,0,0,0,,,,,false,{},{},{},{},{},{},{},0,3.087,3.238,0,0,0.013,0,0,0,0,0,0,0,0,0,0,0,0,100,0,6.778,11.351,0.086,3.527,0,0,0,9,9,0,321,0,17,2,0,0,1,2400,0.021,0.025,0,ACTIVE,ACTIVE,,4095,4095,0,,true,16,false,0,0,true,2.1156,0.0011,19200,2006,0,,,,,,0,,,0,0,2,994,994,0,767556498783,5.293,0,0.027,0,0,996,995,2400,true,0,0,0,0,0,0,12,12,19224,0,0,0,0,0,0,0,0,0,0,0,0,0,,0,0,0,0,0,0,0,0,0,0,0,0,0,0,0,0,0,0,,0,0,0,0,0,0,false,
996,997,42321,false,145,50,1.382,0,1.235,0,dynamic_visual_atlas_upload,,,cell_indirection_lut,1.205,2400,2400,0,0,-1,-1,,1991.701174,3.013,4.027,4.027,1,8,3,1.5,false,2,8.666,,,,,,,,,,,,,,,,,,,,,,,,,,,,,,,,,,,,,,,,,,0,0,0,0,false,0,0,,0,0,0,0,0,0,0,,,,,false,{},{},{},{},{},{},{},0,0,0.199,0,0,0.014,0,0,0,0,0,0,0,0,0,0,0,0,100,0,5.846667,11.351,0.086,5.633667,0,0,0,9,9,0,321,0,17,2,0,0,1,2400,0.021,0.025,0,ACTIVE,ACTIVE,,4095,4095,0,,true,16,false,0,0,true,2.1156,0.0011,19200,2006,0,,,,,,0,,,0,0,2,995,995,0,767556519458,2.142,0,0.029,0,0,997,996,2400,true,0,0,0,0,0,0,12,12,19224,0,0,0,0,0,0,0,0,0,0,0,0,0,,0,0,0,0,0,0,0,0,0,0,0,0,0,0,0,0,0,0,,0,0,0,0,0,0,false,
997,998,42342,false,145,50,1.454,0,1.302,0,dynamic_visual_atlas_upload,,,cell_indirection_lut,1.205,2400,2400,0,0,-1,-1,,1991.701174,3.013,4.027,4.027,1,8,3,1.5,false,2,8.666,,,,,,,,,,,,,,,,,,,,,,,,,,,,,,,,,,,,,,,,,,0,0,0,0,false,0,0,,0,0,0,0,0,0,0,,,,,false,{},{},{},{},{},{},{},0.001,0,0.193,0,0,0.014,0,0,0,0,0,0,0,0,0,0,0,0,100,0,6.914333,11.351,0.086,6.707333,0,0,0,9,9,0,321,0,17,2,0,0,1,2400,0.021,0.025,0,ACTIVE,ACTIVE,,4095,4095,0,,true,16,false,0,0,true,1.8491,0.0009,19200,2280,0,,,,,,0,,,0,0,2,996,996,0,767556539061,3.289,0,0.027,0,0,998,997,2400,true,0,0,0,0,0,0,12,12,55224,0,0,0,0,0,0,0,0,0,0,0,0,0,,0,0,0,0,0,0,0,0,0,0,0,0,0,0,0,0,0,0,,0,0,0,0,0,0,false,
998,999,42363,false,145,50,1.42,0,1.261,0,dynamic_visual_atlas_upload,,,cell_indirection_lut,1.205,2400,2400,0,0,-1,-1,,1991.701174,3.013,4.027,4.027,1,8,3,1.5,false,2,8.666,,,,,,,,,,,,,,,,,,,,,,,,,,,,,,,,,,,,,,,,,,0,0,0,0,false,0,0,,0,0,0,0,0,0,0,,,,,false,{},{},{},{},{},{},{},0,0,0.191,0,0,0.013,0,0,0,0,0,0,0,0,0,0,0,0,100,0,6.939333,11.351,0.086,6.735333,0,0,0,9,9,0,321,0,17,2,0,0,1,2400,0.021,0.025,0,ACTIVE,ACTIVE,,4095,4095,0,,true,16,false,0,0,true,1.7991,0.0014,19200,2280,0,,,,,,0,,,0,0,2,997,997,0,767556557175,6.092,0,0.027,0,0,999,998,2400,true,0,0,0,0,0,0,12,12,19224,0,0,0,0,0,0,0,0,0,0,0,0,0,,0,0,0,0,0,0,0,0,0,0,0,0,0,0,0,0,0,0,,0,0,0,0,0,0,false,
999,1000,42380,false,145,50,1.535,0,1.326,0,dynamic_visual_atlas_upload,,,cell_indirection_lut,1.205,2400,2400,0,0,-1,-1,,1991.701174,3.013,4.027,4.027,1,8,3,1.5,false,2,8.666,,,,,,,,,,,,,,,,,,,,,,,,,,,,,,,,,,,,,,,,,,0,0,0,0,false,0,0,,0,0,0,0,0,0,0,,,,,false,{},{},{},{},{},{},{},0,2.984,3.15,0,0,0.014,0,0,0,0,0,0,0,0,0,0,0,0,100,0,8.3875,11.351,0.086,5.2235,0,0,0,9,9,0,321,0,17,2,0,0,1,2400,0.021,0.025,0,ACTIVE,ACTIVE,,4095,4095,0,,true,16,false,0,0,true,1.9275,0.0014,19200,2280,0,,,,,,0,,,0,0,2,998,998,0,767556575317,4.679,0,0.031,0,0,1000,999,2400,true,0,0,0,0,0,0,12,12,19224,0,0,0,0,0,0,0,0,0,0,0,0,0,,0,0,0,0,0,0,0,0,0,0,0,0,0,0,0,0,0,0,,0,0,0,0,0,0,false,
1000,1001,42402,false,145,50,1.501,0,1.339,0,dynamic_visual_atlas_upload,,,cell_indirection_lut,1.205,2400,2400,0,0,-1,-1,,1991.701174,3.013,4.027,4.027,1,8,3,1.5,false,2,8.666,,,,,,,,,,,,,,,,,,,,,,,,,,,,,,,,,,,,,,,,,,0,0,0,0,false,0,0,,0,0,0,0,0,0,0,,,,,false,{},{},{},{},{},{},{},0,4.201,4.422,0,0,0.023,0,0,0,0,0,0,0,0,0,0,0,0,100,0,7.379667,11.351,0.086,2.934667,0,0,0,9,9,0,321,0,17,2,0,0,1,2400,0.021,0.025,0,ACTIVE,ACTIVE,,4095,4095,0,,true,16,false,0,0,true,2.3609,0.0012,19200,2280,0,,,,,,0,,,0,0,2,999,999,0,767556595473,6.651,0,0.029,0,0,1001,1000,2400,true,0,0,0,0,0,0,12,12,19224,0,0,0,0,0,0,0,0,0,0,0,0,0,,0,0,0,0,0,0,0,0,0,0,0,0,0,0,0,0,0,0,,0,0,0,0,0,0,false,
1001,1002,42425,false,145,50,1.483,0,1.289,0,dynamic_visual_atlas_upload,,,cell_indirection_lut,1.205,2400,2400,0,0,-1,-1,,1991.701174,3.013,4.027,4.027,1,8,3,1.5,false,2,8.666,,,,,,,,,,,,,,,,,,,,,,,,,,,,,,,,,,,,,,,,,,0,0,0,0,false,0,0,,0,0,0,0,0,0,0,,,,,false,{},{},{},{},{},{},{},0.001,0,0.24,0,0,0.019,0,0,0,0,0,0,0,0,0,0,0,0,100,0,5.8635,11.351,0.086,5.6045,0,0,0,9,9,0,321,0,17,2,0,0,1,2400,0.021,0.025,0,ACTIVE,ACTIVE,,4095,4095,0,,true,16,false,0,0,true,2.0444,0.0011,19200,2098,0,,,,,,0,,,0,0,2,1000,1000,0,767556619871,5.929,0,0.034,0,0,1002,1001,2400,true,0,0,0,0,0,0,12,12,19224,0,0,0,0,0,0,0,0,0,0,0,0,0,,0,0,0,0,0,0,0,0,0,0,0,0,0,0,0,0,0,0,,0,0,0,0,0,0,false,
1002,1003,42442,false,145,50,1.484,0,1.321,0,dynamic_visual_atlas_upload,,,cell_indirection_lut,1.205,2400,2400,0,0,-1,-1,,1991.701174,3.013,4.027,4.027,1,8,3,1.5,false,2,8.666,,,,,,,,,,,,,,,,,,,,,,,,,,,,,,,,,,,,,,,,,,0,0,0,0,false,0,0,,0,0,0,0,0,0,0,,,,,false,{},{},{},{},{},{},{},0,2.995,3.158,0,0,0.014,0,0,0,0,0,0,0,0,0,0,0,0,100,0,8.2045,11.351,0.086,5.0325,0,0,0,9,9,0,321,0,17,2,0,0,1,2400,0.021,0.025,0,ACTIVE,ACTIVE,,4095,4095,0,,true,16,false,0,0,true,2.4325,0.0015,21600,2280,0,,,,,,0,,,0,0,2,1001,1001,0,767556638990,2.984,0,0.032,0,0,1003,1002,2400,true,0,0,0,0,0,0,12,12,19224,0,0,0,0,0,0,0,0,0,0,0,0,0,,0,0,0,0,0,0,0,0,0,0,0,0,0,0,0,0,0,0,,0,0,0,0,0,0,false,
1003,1004,42467,false,145,50,1.443,0,1.288,0,dynamic_visual_atlas_upload,,,cell_indirection_lut,1.205,2400,2400,0,0,-1,-1,,1991.701174,3.013,4.027,4.027,1,8,3,1.5,false,2,8.666,,,,,,,,,,,,,,,,,,,,,,,,,,,,,,,,,,,,,,,,,,0,0,0,0,false,0,0,,0,0,0,0,0,0,0,,,,,false,{},{},{},{},{},{},{},0,7.118,7.336,0,0,0.021,0,0,0,0,0,0,0,0,0,0,0,0,100,0,8.283,11.351,0.086,0.926,0,0,0,9,9,0,321,0,17,2,0,0,1,2400,0.021,0.025,0,ACTIVE,ACTIVE,,4095,4095,0,,true,16,false,0,0,true,1.874,0.001,19200,2280,0,,,,,,0,,,0,0,2,1002,1002,0,767556657433,9.382,0,0.027,0,0,1004,1003,2400,true,0,0,0,0,0,0,12,12,21624,0,0,0,0,0,0,0,0,0,0,0,0,0,,0,0,0,0,0,0,0,0,0,0,0,0,0,0,0,0,0,0,,0,0,0,0,0,0,false,
1004,1005,42484,false,145,50,1.561,0,1.334,0,dynamic_visual_atlas_upload,,,cell_indirection_lut,1.205,2400,2400,0,0,-1,-1,,1991.701174,3.013,4.027,4.027,1,8,3,1.5,false,2,8.666,,,,,,,,,,,,,,,,,,,,,,,,,,,,,,,,,,,,,,,,,,0,0,0,0,false,0,0,,0,0,0,0,0,0,0,,,,,false,{},{},{},{},{},{},{},0,3.685,3.866,0,0,0.017,0,0,0,0,0,0,0,0,0,0,0,0,100,0,5.843,11.351,0.086,1.96,0,0,0,9,9,0,321,0,17,2,0,0,1,2400,0.021,0.025,0,ACTIVE,ACTIVE,,4095,4095,0,,true,16,false,0,0,true,2.7526,0.0015,52800,2102,0,,,,,,0,,,0,0,2,1003,1003,0,767556678467,5.895,0,0.029,0,0,1005,1004,2400,true,0,0,0,0,0,0,12,12,19224,0,0,0,0,0,0,0,0,0,0,0,0,0,,0,0,0,0,0,0,0,0,0,0,0,0,0,0,0,0,0,0,,0,0,0,0,0,0,false,
1005,1006,42505,false,145,50,1.8,0,1.569,0,dynamic_visual_atlas_upload,,,cell_indirection_lut,1.205,2400,2400,0,0,-1,-1,,1991.701174,3.013,4.027,4.027,1,8,3,1.5,false,2,8.666,,,,,,,,,,,,,,,,,,,,,,,,,,,,,,,,,,,,,,,,,,0,0,0,0,false,0,0,,0,0,0,0,0,0,0,,,,,false,{},{},{},{},{},{},{},0,3.225,3.411,0,0,0.017,0,0,0,0,0,0,0,0,0,0,0,0,100,0,6.804,11.351,0.086,3.376,0,0,0,9,9,0,321,0,17,2,0,0,1,2400,0.021,0.025,0,ACTIVE,ACTIVE,,4095,4095,0,,true,16,false,0,0,true,1.9603,0.0016,19200,2280,0,,,,,,0,,,0,0,2,1004,1004,0,767556700360,4.555,0,0.029,0,0,1006,1005,2400,true,0,0,0,0,0,0,12,12,52824,0,0,0,0,0,0,0,0,0,0,0,0,0,,0,0,0,0,0,0,0,0,0,0,0,0,0,0,0,0,0,0,,0,0,0,0,0,0,false,
1006,1007,42529,false,145,50,1.579,0,1.365,0,dynamic_visual_atlas_upload,,,cell_indirection_lut,1.205,2400,2400,0,0,-1,-1,,1991.701174,3.013,4.027,4.027,1,8,3,1.5,false,2,8.666,,,,,,,,,,,,,,,,,,,,,,,,,,,,,,,,,,,,,,,,,,0,0,0,0,false,0,0,,0,0,0,0,0,0,0,,,,,false,{},{},{},{},{},{},{},0,0,0.283,0,0,0.017,0,0,0,0,0,0,0,0,0,0,0,0,100,0,6.10325,11.351,0.086,5.80325,0,0,0,9,9,0,321,0,17,2,0,0,1,2400,0.021,0.025,0,ACTIVE,ACTIVE,,4095,4095,0,,true,16,false,0,0,true,2.2313,0.0016,19200,2280,0,,,,,,0,,,0,0,2,1005,1005,0,767556720018,9.169,0,0.034,0,0,1007,1006,2400,true,0,0,0,0,0,0,12,12,19224,0,0,0,0,0,0,0,0,0,0,0,0,0,,0,0,0,0,0,0,0,0,0,0,0,0,0,0,0,0,0,0,,0,0,0,0,0,0,false,
1007,1008,42542,false,145,50,1.419,0,1.276,0,dynamic_visual_atlas_upload,,,cell_indirection_lut,1.205,2400,2400,0,0,-1,-1,,1991.701174,3.013,4.027,4.027,1,8,3,1.5,false,2,8.666,,,,,,,,,,,,,,,,,,,,,,,,,,,,,,,,,,,,,,,,,,0,0,0,0,false,0,0,,0,0,0,0,0,0,0,,,,,false,{},{},{},{},{},{},{},0,0.001,0.195,0,0,0.014,0,0,0,0,0,0,0,0,0,0,0,0,100,0,6.6285,11.351,0.086,6.4195,0,0,0,9,9,0,321,0,17,2,0,0,1,2400,0.021,0.025,0,ACTIVE,ACTIVE,,4095,4095,0,,true,16,false,0,0,true,1.7974,0.0009,19200,2280,0,,,,,,0,,,0,0,2,1006,1006,0,767556738332,4.086,0,0.028,0,0,1008,1007,2400,true,0,0,0,0,0,0,12,12,19224,0,0,0,0,0,0,0,0,0,0,0,0,0,,0,0,0,0,0,0,0,0,0,0,0,0,0,0,0,0,0,0,,0,0,0,0,0,0,false,
1008,1009,42561,false,145,50,1.507,0,1.318,0,dynamic_visual_atlas_upload,,,cell_indirection_lut,1.205,2400,2400,0,0,-1,-1,,1991.701174,3.013,4.027,4.027,1,8,3,1.5,false,2,8.666,,,,,,,,,,,,,,,,,,,,,,,,,,,,,,,,,,,,,,,,,,0,0,0,0,false,0,0,,0,0,0,0,0,0,0,,,,,false,{},{},{},{},{},{},{},0,4.231,4.428,0,0,0.018,0,0,0,0,0,0,0,0,0,0,0,0,100,0,9.1895,11.351,0.086,4.7435,0,0,0,9,9,0,321,0,17,2,0,0,1,2400,0.021,0.025,0,ACTIVE,ACTIVE,,4095,4095,0,,true,16,false,0,0,true,3.1573,0.0012,21600,2280,0,,,,,,0,,,0,0,2,1007,1007,0,767556756648,4.189,0,0.027,0,0,1009,1008,2400,true,0,0,0,0,0,0,12,12,19224,0,0,0,0,0,0,0,0,0,0,0,0,0,,0,0,0,0,0,0,0,0,0,0,0,0,0,0,0,0,0,0,,0,0,0,0,0,0,false,
1009,1010,42580,false,145,50,1.451,0,1.299,0,dynamic_visual_atlas_upload,,,cell_indirection_lut,1.205,2400,2400,0,0,-1,-1,,1991.701174,3.013,4.027,4.027,1,8,3,1.5,false,2,8.666,,,,,,,,,,,,,,,,,,,,,,,,,,,,,,,,,,,,,,,,,,0,0,0,0,false,0,0,,0,0,0,0,0,0,0,,,,,false,{},{},{},{},{},{},{},0.001,3.09,3.258,0,0,0.015,0,0,0,0,0,0,0,0,0,0,0,0,100,0,6.427667,11.351,0.086,3.154667,0,0,0,9,9,0,321,0,17,2,0,0,1,2400,0.021,0.025,0,ACTIVE,ACTIVE,,4095,4095,0,,true,16,false,0,0,true,1.8979,0.001,19200,2280,0,,,,,,0,,,0,0,2,1008,1008,0,767556776778,3.316,0,0.028,0,0,1010,1009,2400,true,0,0,0,0,0,0,12,12,21624,0,0,0,0,0,0,0,0,0,0,0,0,0,,0,0,0,0,0,0,0,0,0,0,0,0,0,0,0,0,0,0,,0,0,0,0,0,0,false,
1010,1011,42601,false,145,50,1.447,0,1.287,0,dynamic_visual_atlas_upload,,,cell_indirection_lut,1.205,2400,2400,0,0,-1,-1,,1991.701174,3.013,4.027,4.027,1,8,3,1.5,false,2,8.666,,,,,,,,,,,,,,,,,,,,,,,,,,,,,,,,,,,,,,,,,,0,0,0,0,false,0,0,,0,0,0,0,0,0,0,,,,,false,{},{},{},{},{},{},{},0,3.438,3.627,0,0,0.018,0,0,0,0,0,0,0,0,0,0,0,0,100,0,7.078333,11.351,0.086,3.433333,0,0,0,9,9,0,321,0,17,2,0,0,1,2400,0.021,0.025,0,ACTIVE,ACTIVE,,4095,4095,0,,true,16,false,0,0,true,1.9988,0.001,19200,2280,0,,,,,,0,,,0,0,2,1009,1009,0,767556797041,4.413,0,0.033,0,0,1011,1010,2400,true,0,0,0,0,0,0,12,12,19224,0,0,0,0,0,0,0,0,0,0,0,0,0,,0,0,0,0,0,0,0,0,0,0,0,0,0,0,0,0,0,0,,0,0,0,0,0,0,false,
1011,1012,42622,false,145,50,1.541,0,1.402,0,dynamic_visual_atlas_upload,,,cell_indirection_lut,1.205,2400,2400,0,0,-1,-1,,1991.701174,3.013,4.027,4.027,1,8,3,1.5,false,2,8.666,,,,,,,,,,,,,,,,,,,,,,,,,,,,,,,,,,,,,,,,,,0,0,0,0,false,0,0,,0,0,0,0,0,0,0,,,,,false,{},{},{},{},{},{},{},0,3.876,4.07,0,0,0.04,0,0,0,0,0,0,0,0,0,0,0,0,100,0,7.022,11.351,0.086,2.912,0,0,0,9,9,0,321,0,17,2,0,0,1,2400,0.021,0.025,0,ACTIVE,ACTIVE,,4095,4095,0,,true,16,false,0,0,true,1.9376,0.001,19200,2280,0,,,,,,0,,,0,0,2,1010,1010,0,767556815826,6.573,0,0.028,0,0,1012,1011,2400,true,0,0,0,0,0,0,12,12,19224,0,0,0,0,0,0,0,0,0,0,0,0,0,,0,0,0,0,0,0,0,0,0,0,0,0,0,0,0,0,0,0,,0,0,0,0,0,0,false,
1012,1013,42643,false,145,50,1.6,0,1.367,0,dynamic_visual_atlas_upload,,,cell_indirection_lut,1.205,2400,2400,0,0,-1,-1,,1991.701174,3.013,4.027,4.027,1,8,3,1.5,false,2,8.666,,,,,,,,,,,,,,,,,,,,,,,,,,,,,,,,,,,,,,,,,,0,0,0,0,false,0,0,,0,0,0,0,0,0,0,,,,,false,{},{},{},{},{},{},{},0,3.663,3.846,0,0,0.017,0,0,0,0,0,0,0,0,0,0,0,0,100,0,6.857,11.351,0.086,2.994,0,0,0,9,9,0,321,0,17,2,0,0,1,2400,0.021,0.025,0,ACTIVE,ACTIVE,,4095,4095,0,,true,16,false,0,0,true,2.5623,0.0018,52800,2072,0,,,,,,0,,,0,0,2,1011,1011,0,767556837959,5.061,0,0.032,0,0,1013,1012,2400,true,0,0,0,0,0,0,12,12,19224,0,0,0,0,0,0,0,0,0,0,0,0,0,,0,0,0,0,0,0,0,0,0,0,0,0,0,0,0,0,0,0,,0,0,0,0,0,0,false,
1013,1014,42663,false,145,50,1.452,0,1.281,0,dynamic_visual_atlas_upload,,,cell_indirection_lut,1.205,2400,2400,0,0,-1,-1,,1991.701174,3.013,4.027,4.027,1,8,3,1.5,false,2,8.666,,,,,,,,,,,,,,,,,,,,,,,,,,,,,,,,,,,,,,,,,,0,0,0,0,false,0,0,,0,0,0,0,0,0,0,,,,,false,{},{},{},{},{},{},{},0,3.285,3.466,0,0,0.015,0,0,0,0,0,0,0,0,0,0,0,0,100,0,6.775333,11.351,0.086,3.294333,0,0,0,9,9,0,321,0,17,2,0,0,1,2400,0.021,0.025,0,ACTIVE,ACTIVE,,4095,4095,0,,true,16,false,0,0,true,1.9476,0.0014,19200,2280,0,,,,,,0,,,0,0,2,1012,1012,0,767556859634,3.666,0,0.031,0,0,1014,1013,2400,true,0,0,0,0,0,0,12,12,52824,0,0,0,0,0,0,0,0,0,0,0,0,0,,0,0,0,0,0,0,0,0,0,0,0,0,0,0,0,0,0,0,,0,0,0,0,0,0,false,
1014,1015,42684,false,145,50,1.501,0,1.322,0,dynamic_visual_atlas_upload,,,cell_indirection_lut,1.205,2400,2400,0,0,-1,-1,,1991.701174,3.013,4.027,4.027,1,8,3,1.5,false,2,8.666,,,,,,,,,,,,,,,,,,,,,,,,,,,,,,,,,,,,,,,,,,0,0,0,0,false,0,0,,0,0,0,0,0,0,0,,,,,false,{},{},{},{},{},{},{},0,3.513,3.703,0,0,0.018,0,0,0,0,0,0,0,0,0,0,0,0,100,0,6.984333,11.351,0.086,3.263333,0,0,0,9,9,0,321,0,17,2,0,0,1,2400,0.021,0.025,0,ACTIVE,ACTIVE,,4095,4095,0,,true,16,false,0,0,true,2.5807,0.0013,21600,2085,0,,,,,,0,,,0,0,2,1013,1013,0,767556878989,5.356,0,0.029,0,0,1015,1014,2400,true,0,0,0,0,0,0,12,12,19224,0,0,0,0,0,0,0,0,0,0,0,0,0,,0,0,0,0,0,0,0,0,0,0,0,0,0,0,0,0,0,0,,0,0,0,0,0,0,false,
1015,1016,42704,false,145,50,1.407,0,1.263,0,dynamic_visual_atlas_upload,,,cell_indirection_lut,1.205,2400,2400,0,0,-1,-1,,1991.701174,3.013,4.027,4.027,1,8,3,1.5,false,2,8.666,,,,,,,,,,,,,,,,,,,,,,,,,,,,,,,,,,,,,,,,,,0,0,0,0,false,0,0,,0,0,0,0,0,0,0,,,,,false,{},{},{},{},{},{},{},0,2.895,3.039,0,0,0.012,0,0,0,0,0,0,0,0,0,0,0,0,100,0,6.548333,11.351,0.086,3.497333,0,0,0,9,9,0,321,0,17,2,0,0,1,2400,0.021,0.025,0,ACTIVE,ACTIVE,,4095,4095,0,,true,16,false,0,0,true,1.7891,0.001,19200,2280,0,,,,,,0,,,0,0,2,1014,1014,0,767556899622,4.241,0,0.028,0,0,1016,1015,2400,true,0,0,0,0,0,0,12,12,21624,0,0,0,0,0,0,0,0,0,0,0,0,0,,0,0,0,0,0,0,0,0,0,0,0,0,0,0,0,0,0,0,,0,0,0,0,0,0,false,
1016,1017,42722,false,145,50,1.562,0,1.386,0,dynamic_visual_atlas_upload,,,cell_indirection_lut,1.205,2400,2400,0,0,-1,-1,,1991.701174,3.013,4.027,4.027,1,8,3,1.5,false,2,8.666,,,,,,,,,,,,,,,,,,,,,,,,,,,,,,,,,,,,,,,,,,0,0,0,0,false,0,0,,0,0,0,0,0,0,0,,,,,false,{},{},{},{},{},{},{},0,0,0.262,0,0,0.02,0,0,0,0,0,0,0,0,0,0,0,0,100,0,6.094667,11.351,0.086,5.812667,0,0,0,9,9,0,321,0,17,2,0,0,1,2400,0.021,0.025,0,ACTIVE,ACTIVE,,4095,4095,0,,true,16,false,0,0,true,1.7681,0.001,19200,2280,0,,,,,,0,,,0,0,2,1015,1015,0,767556919382,2.778,0,0.028,0,0,1017,1016,2400,true,0,0,0,0,0,0,12,12,19224,0,0,0,0,0,0,0,0,0,0,0,0,0,,0,0,0,0,0,0,0,0,0,0,0,0,0,0,0,0,0,0,,0,0,0,0,0,0,false,
1017,1018,42743,false,145,50,1.534,0,1.316,0,dynamic_visual_atlas_upload,,,cell_indirection_lut,1.205,2400,2400,0,0,-1,-1,,1991.701174,3.013,4.027,4.027,1,8,3,1.5,false,2,8.666,,,,,,,,,,,,,,,,,,,,,,,,,,,,,,,,,,,,,,,,,,0,0,0,0,false,0,0,,0,0,0,0,0,0,0,,,,,false,{},{},{},{},{},{},{},0,0,0.242,0,0,0.017,0,0,0,0,0,0,0,0,0,0,0,0,100,0,6.952333,11.351,0.086,6.693333,0,0,0,9,9,0,321,0,17,2,0,0,1,2400,0.021,0.025,0,ACTIVE,ACTIVE,,4095,4095,0,,true,16,false,0,0,true,1.8656,0.0017,19200,2280,0,,,,,,0,,,0,0,2,1016,1016,0,767556936847,6.19,0,0.028,0,0,1018,1017,2400,true,0,0,0,0,0,0,12,12,19224,0,0,0,0,0,0,0,0,0,0,0,0,0,,0,0,0,0,0,0,0,0,0,0,0,0,0,0,0,0,0,0,,0,0,0,0,0,0,false,
1018,1019,42759,false,145,50,1.376,0,1.237,0,dynamic_visual_atlas_upload,,,cell_indirection_lut,1.205,2400,2400,0,0,-1,-1,,1991.701174,3.013,4.027,4.027,1,8,3,1.5,false,2,8.666,,,,,,,,,,,,,,,,,,,,,,,,,,,,,,,,,,,,,,,,,,0,0,0,0,false,0,0,,0,0,0,0,0,0,0,,,,,false,{},{},{},{},{},{},{},0,2.926,3.086,0,0,0.013,0,0,0,0,0,0,0,0,0,0,0,0,100,0,8.07,11.351,0.086,4.971,0,0,0,9,9,0,321,0,17,2,0,0,1,2400,0.021,0.025,0,ACTIVE,ACTIVE,,4095,4095,0,,true,16,false,0,0,true,1.7936,0.0008,19200,2280,0,,,,,,0,,,0,0,2,1017,1017,0,767556954952,4.212,0,0.03,0,0,1019,1018,2400,true,0,0,0,0,0,0,12,12,19224,0,0,0,0,0,0,0,0,0,0,0,0,0,,0,0,0,0,0,0,0,0,0,0,0,0,0,0,0,0,0,0,,0,0,0,0,0,0,false,
1019,1020,42781,false,145,50,1.557,0,1.399,0,dynamic_visual_atlas_upload,,,cell_indirection_lut,1.205,2400,2400,0,0,-1,-1,,1991.701174,3.013,4.027,4.027,1,8,3,1.5,false,2,8.666,,,,,,,,,,,,,,,,,,,,,,,,,,,,,,,,,,,,,,,,,,0,0,0,0,false,0,0,,0,0,0,0,0,0,0,,,,,false,{},{},{},{},{},{},{},0,3.731,3.924,0,0,0.017,0,0,0,0,0,0,0,0,0,0,0,0,100,0,7.244667,11.351,0.086,3.303667,0,0,0,9,9,0,321,0,17,2,0,0,1,2400,0.021,0.025,0,ACTIVE,ACTIVE,,4095,4095,0,,true,16,false,0,0,true,1.9882,0.0012,19200,2280,0,,,,,,0,,,0,0,2,1018,1018,0,767556973941,6.963,0,0.026,0,0,1020,1019,2400,true,0,0,0,0,0,0,12,12,19224,0,0,0,0,0,0,0,0,0,0,0,0,0,,0,0,0,0,0,0,0,0,0,0,0,0,0,0,0,0,0,0,,0,0,0,0,0,0,false,
1020,1021,42802,false,145,50,1.484,0,1.286,0,dynamic_visual_atlas_upload,,,cell_indirection_lut,1.205,2400,2400,0,0,-1,-1,,1991.701174,3.013,4.027,4.027,1,8,3,1.5,false,2,8.666,,,,,,,,,,,,,,,,,,,,,,,,,,,,,,,,,,,,,,,,,,0,0,0,0,false,0,0,,0,0,0,0,0,0,0,,,,,false,{},{},{},{},{},{},{},0,3.745,4.031,0,0,0.015,0,0,0,0,0,0,0,0,0,0,0,0,100,0,6.990667,11.351,0.086,2.944667,0,0,0,9,9,0,321,0,17,2,0,0,1,2400,0.021,0.025,0,ACTIVE,ACTIVE,,4095,4095,0,,true,16,false,0,0,true,1.9882,0.0012,19200,2280,0,,,,,,0,,,0,0,2,1019,1019,0,767556996100,5.826,0,0.031,0,0,1021,1020,2400,true,0,0,0,0,0,0,12,12,19224,0,0,0,0,0,0,0,0,0,0,0,0,0,,0,0,0,0,0,0,0,0,0,0,0,0,0,0,0,0,0,0,,0,0,0,0,0,0,false,
1021,1022,42826,false,145,50,1.552,0,1.319,0,dynamic_visual_atlas_upload,,,cell_indirection_lut,1.205,2400,2400,0,0,-1,-1,,1991.701174,3.013,4.027,4.027,1,8,3,1.5,false,2,8.666,,,,,,,,,,,,,,,,,,,,,,,,,,,,,,,,,,,,,,,,,,0,0,0,0,false,0,0,,0,0,0,0,0,0,0,,,,,false,{},{},{},{},{},{},{},0,0,0.271,0,0,0.02,0,0,0,0,0,0,0,0,0,0,0,0,100,0,5.9915,11.351,0.086,5.7005,0,0,0,9,9,0,321,0,17,2,0,0,1,2400,0.021,0.025,0,ACTIVE,ACTIVE,,4095,4095,0,,true,16,false,0,0,true,2.0514,0.0014,19200,2280,0,,,,,,0,,,0,0,2,1020,1020,0,767557020735,5.104,0,0.031,0,0,1022,1021,2400,true,0,0,0,0,0,0,12,12,55224,0,0,0,0,0,0,0,0,0,0,0,0,0,,0,0,0,0,0,0,0,0,0,0,0,0,0,0,0,0,0,0,,0,0,0,0,0,0,false,
1022,1023,42842,false,145,50,1.456,0,1.26,0,dynamic_visual_atlas_upload,,,cell_indirection_lut,1.205,2400,2400,0,0,-1,-1,,1991.701174,3.013,4.027,4.027,1,8,3,1.5,false,2,8.666,,,,,,,,,,,,,,,,,,,,,,,,,,,,,,,,,,,,,,,,,,0,0,0,0,false,0,0,,0,0,0,0,0,0,0,,,,,false,{},{},{},{},{},{},{},0,3.182,3.399,0,0,0.019,0,0,0,0,0,0,0,0,0,0,0,0,100,0,8.36,11.351,0.086,4.942,0,0,0,9,9,0,321,0,17,2,0,0,1,2400,0.021,0.025,0,ACTIVE,ACTIVE,,4095,4095,0,,true,16,false,0,0,true,2.0567,0.0019,24000,2085,0,,,,,,0,,,0,0,2,1021,1021,0,767557039889,2.695,0,0.028,0,0,1023,1022,2400,true,0,0,0,0,0,0,12,12,19224,0,0,0,0,0,0,0,0,0,0,0,0,0,,0,0,0,0,0,0,0,0,0,0,0,0,0,0,0,0,0,0,,0,0,0,0,0,0,false,
1023,1024,42863,false,145,50,1.542,0,1.35,0,dynamic_visual_atlas_upload,,,cell_indirection_lut,1.205,2400,2400,0,0,-1,-1,,1991.701174,3.013,4.027,4.027,1,8,3,1.5,false,2,8.666,,,,,,,,,,,,,,,,,,,,,,,,,,,,,,,,,,,,,,,,,,0,0,0,0,false,0,0,,0,0,0,0,0,0,0,,,,,false,{},{},{},{},{},{},{},0,3.073,3.277,0,0,0.014,0,0,0,0,0,0,0,0,0,0,0,0,100,0,6.917667,11.351,0.086,3.626667,0,0,0,9,9,0,321,0,17,2,0,0,1,2400,0.021,0.025,0,ACTIVE,ACTIVE,,4095,4095,0,,true,16,false,0,0,true,2.2123,0.0013,19200,2280,0,,,,,,0,,,0,0,2,1022,1022,0,767557057952,5.36,0,0.027,0,0,1024,1023,2400,true,0,0,0,0,0,0,12,12,24024,0,0,0,0,0,0,0,0,0,0,0,0,0,,0,0,0,0,0,0,0,0,0,0,0,0,0,0,0,0,0,0,,0,0,0,0,0,0,false,
1024,1025,42883,false,145,50,1.472,0,1.318,0,dynamic_visual_atlas_upload,,,cell_indirection_lut,1.205,2400,2400,0,0,-1,-1,,1991.701174,3.013,4.027,4.027,1,8,3,1.5,false,2,8.666,,,,,,,,,,,,,,,,,,,,,,,,,,,,,,,,,,,,,,,,,,0,0,0,0,false,0,0,,0,0,0,0,0,0,0,,,,,false,{},{},{},{},{},{},{},0,3.058,3.228,0,0,0.015,0,0,0,0,0,0,0,0,0,0,0,0,100,0,6.800667,11.351,0.086,3.557667,0,0,0,9,9,0,321,0,17,2,0,0,1,2400,0.021,0.025,0,ACTIVE,ACTIVE,,4095,4095,0,,true,16,false,0,0,true,1.8541,0.0009,19200,2098,0,,,,,,0,,,0,0,2,1023,1023,0,767557078985,4.747,0,0.028,0,0,1025,1024,2400,true,0,0,0,0,0,0,12,12,19224,0,0,0,0,0,0,0,0,0,0,0,0,0,,0,0,0,0,0,0,0,0,0,0,0,0,0,0,0,0,0,0,,0,0,0,0,0,0,false,
1025,1026,42904,false,145,50,1.387,0,1.271,0,dynamic_visual_atlas_upload,,,cell_indirection_lut,1.205,2400,2400,0,0,-1,-1,,1991.701174,3.013,4.027,4.027,1,8,3,1.5,false,2,8.666,,,,,,,,,,,,,,,,,,,,,,,,,,,,,,,,,,,,,,,,,,0,0,0,0,false,0,0,,0,0,0,0,0,0,0,,,,,false,{},{},{},{},{},{},{},0,3.554,3.725,0,0,0.017,0,0,0,0,0,0,0,0,0,0,0,0,100,0,6.95,11.351,0.086,3.208,0,0,0,9,9,0,321,0,17,2,0,0,1,2400,0.021,0.025,0,ACTIVE,ACTIVE,,4095,4095,0,,true,16,false,0,0,true,2.0269,0.0012,19200,2280,0,,,,,,0,,,0,0,2,1024,1024,0,767557098933,5.632,0,0.027,0,0,1026,1025,2400,true,0,0,0,0,0,0,12,12,19224,0,0,0,0,0,0,0,0,0,0,0,0,0,,0,0,0,0,0,0,0,0,0,0,0,0,0,0,0,0,0,0,,0,0,0,0,0,0,false,
1026,1027,42929,false,145,50,1.556,0,1.361,0,dynamic_visual_atlas_upload,,,cell_indirection_lut,1.205,2400,2400,0,0,-1,-1,,1991.701174,3.013,4.027,4.027,1,8,3,1.5,false,2,8.666,,,,,,,,,,,,,,,,,,,,,,,,,,,,,,,,,,,,,,,,,,0,0,0,0,false,0,0,,0,0,0,0,0,0,0,,,,,false,{},{},{},{},{},{},{},0,0,0.244,0,0,0.016,0,0,0,0,0,0,0,0,0,0,0,0,100,0,6.138,11.351,0.086,5.878,0,0,0,9,9,0,321,0,17,2,0,0,1,2400,0.021,0.025,0,ACTIVE,ACTIVE,,4095,4095,0,,true,16,false,0,0,true,2.538,0.0017,21600,2280,0,,,,,,0,,,0,0,2,1025,1025,0,767557120898,8.22,0,0.029,0,0,1027,1026,2400,true,0,0,0,0,0,0,12,12,19224,0,0,0,0,0,0,0,0,0,0,0,0,0,,0,0,0,0,0,0,0,0,0,0,0,0,0,0,0,0,0,0,,0,0,0,0,0,0,false,
1027,1028,42942,false,145,50,1.454,0,1.307,0,dynamic_visual_atlas_upload,,,cell_indirection_lut,1.205,2400,2400,0,0,-1,-1,,1991.701174,3.013,4.027,4.027,1,8,3,1.5,false,2,8.666,,,,,,,,,,,,,,,,,,,,,,,,,,,,,,,,,,,,,,,,,,0,0,0,0,false,0,0,,0,0,0,0,0,0,0,,,,,false,{},{},{},{},{},{},{},0,0,0.2,0,0,0.015,0,0,0,0,0,0,0,0,0,0,0,0,100,0,6.803,11.351,0.086,6.588,0,0,0,9,9,0,321,0,17,2,0,0,1,2400,0.021,0.025,0,ACTIVE,ACTIVE,,4095,4095,0,,true,16,false,0,0,true,1.825,0.0012,19200,2280,0,,,,,,0,,,0,0,2,1026,1026,0,767557139660,3.036,0,0.029,0,0,1028,1027,2400,true,0,0,0,0,0,0,12,12,21624,0,0,0,0,0,0,0,0,0,0,0,0,0,,0,0,0,0,0,0,0,0,0,0,0,0,0,0,0,0,0,0,,0,0,0,0,0,0,false,
1028,1029,42960,false,145,50,1.463,0,1.292,0,dynamic_visual_atlas_upload,,,cell_indirection_lut,1.205,2400,2400,0,0,-1,-1,,1991.701174,3.013,4.027,4.027,1,8,3,1.5,false,2,8.666,,,,,,,,,,,,,,,,,,,,,,,,,,,,,,,,,,,,,,,,,,0,0,0,0,false,0,0,,0,0,0,0,0,0,0,,,,,false,{},{},{},{},{},{},{},0,3.424,3.602,0,0,0.012,0,0,0,0,0,0,0,0,0,0,0,0,100,0,8.5705,11.351,0.086,4.9565,0,0,0,9,9,0,321,0,17,2,0,0,1,2400,0.021,0.025,0,ACTIVE,ACTIVE,,4095,4095,0,,true,16,false,0,0,true,1.825,0.0012,19200,2280,0,,,,,,0,,,0,0,2,1027,1027,0,767557157370,2.481,0,0.028,0,0,1029,1028,2400,true,0,0,0,0,0,0,12,12,19224,0,0,0,0,0,0,0,0,0,0,0,0,0,,0,0,0,0,0,0,0,0,0,0,0,0,0,0,0,0,0,0,,0,0,0,0,0,0,false,
1029,1030,42980,false,145,50,1.405,0,1.264,0,dynamic_visual_atlas_upload,,,cell_indirection_lut,1.205,2400,2400,0,0,-1,-1,,1991.701174,3.013,4.027,4.027,1,8,3,1.5,false,2,8.666,,,,,,,,,,,,,,,,,,,,,,,,,,,,,,,,,,,,,,,,,,0,0,0,0,false,0,0,,0,0,0,0,0,0,0,,,,,false,{},{},{},{},{},{},{},0,2.964,3.117,0,0,0.016,0,0,0,0,0,0,0,0,0,0,0,0,100,0,6.797667,11.351,0.086,3.664667,0,0,0,9,9,0,321,0,17,2,0,0,1,2400,0.021,0.025,0,ACTIVE,ACTIVE,,4095,4095,0,,true,16,false,0,0,true,1.8042,0.0008,19200,2280,0,,,,,,0,,,0,0,2,1028,1028,0,767557176214,4.003,0,0.027,0,0,1030,1029,2400,true,0,0,0,0,0,0,12,12,52824,0,0,0,0,0,0,0,0,0,0,0,0,0,,0,0,0,0,0,0,0,0,0,0,0,0,0,0,0,0,0,0,,0,0,0,0,0,0,false,
1030,1031,43001,false,145,50,1.581,0,1.398,0,dynamic_visual_atlas_upload,,,cell_indirection_lut,1.205,2400,2400,0,0,-1,-1,,1991.701174,3.013,4.027,4.027,1,8,3,1.5,false,2,8.666,,,,,,,,,,,,,,,,,,,,,,,,,,,,,,,,,,,,,,,,,,0,0,0,0,false,0,0,,0,0,0,0,0,0,0,,,,,false,{},{},{},{},{},{},{},0,3.65,3.811,0,0,0.015,0,0,0,0,0,0,0,0,0,0,0,0,100,0,7.059,11.351,0.086,3.233,0,0,0,9,9,0,321,0,17,2,0,0,1,2400,0.021,0.025,0,ACTIVE,ACTIVE,,4095,4095,0,,true,16,false,0,0,true,1.8328,0.0015,19200,2280,0,,,,,,0,,,0,0,2,1029,1029,0,767557195581,5.84,0,0.029,0,0,1031,1030,2400,true,0,0,0,0,0,0,12,12,19224,0,0,0,0,0,0,0,0,0,0,0,0,0,,0,0,0,0,0,0,0,0,0,0,0,0,0,0,0,0,0,0,,0,0,0,0,0,0,false,
1031,1032,43021,false,145,50,1.311,0,1.192,0,dynamic_visual_atlas_upload,,,cell_indirection_lut,1.205,2400,2400,0,0,-1,-1,,1991.701174,3.013,4.027,4.027,1,8,3,1.5,false,2,8.666,,,,,,,,,,,,,,,,,,,,,,,,,,,,,,,,,,,,,,,,,,0,0,0,0,false,0,0,,0,0,0,0,0,0,0,,,,,false,{},{},{},{},{},{},{},0,3.387,3.535,0,0,0.017,0,0,0,0,0,0,0,0,0,0,0,0,100,0,6.702333,11.349,0.078,3.150333,0,0,0,9,9,0,321,0,17,2,0,0,1,2400,0.021,0.025,0,ACTIVE,ACTIVE,,4095,4095,0,,true,16,false,0,0,true,1.8585,0.0012,19200,2280,0,,,,,,0,,,0,0,2,1030,1030,0,767557216050,5.452,0,0.028,0,0,1032,1031,2400,true,0,0,0,0,0,0,12,12,19224,0,0,0,0,0,0,0,0,0,0,0,0,0,,0,0,0,0,0,0,0,0,0,0,0,0,0,0,0,0,0,0,,0,0,0,0,0,0,false,
1032,1033,43042,false,145,50,1.362,0,1.234,0,dynamic_visual_atlas_upload,,,cell_indirection_lut,1.205,2400,2400,0,0,-1,-1,,1991.701174,3.013,4.027,4.027,1,8,3,1.5,false,2,8.666,,,,,,,,,,,,,,,,,,,,,,,,,,,,,,,,,,,,,,,,,,0,0,0,0,false,0,0,,0,0,0,0,0,0,0,,,,,false,{},{},{},{},{},{},{},0,3.306,3.451,0,0,0.014,0,0,0,0,0,0,0,0,0,0,0,0,100,0,6.875667,11.349,0.078,3.410667,0,0,0,9,9,0,321,0,17,2,0,0,1,2400,0.021,0.025,0,ACTIVE,ACTIVE,,4095,4095,0,,true,16,false,0,0,true,2.5439,0.001,21600,2280,0,,,,,,0,,,0,0,2,1031,1031,0,767557236881,5.289,0,0.031,0,0,1033,1032,2400,true,0,0,0,0,0,0,12,12,19224,0,0,0,0,0,0,0,0,0,0,0,0,0,,0,0,0,0,0,0,0,0,0,0,0,0,0,0,0,0,0,0,,0,0,0,0,0,0,false,
1033,1034,43063,false,145,50,1.548,0,1.384,0,dynamic_visual_atlas_upload,,,cell_indirection_lut,1.205,2400,2400,0,0,-1,-1,,1991.701174,3.013,4.027,4.027,1,8,3,1.5,false,2,8.666,,,,,,,,,,,,,,,,,,,,,,,,,,,,,,,,,,,,,,,,,,0,0,0,0,false,0,0,,0,0,0,0,0,0,0,,,,,false,{},{},{},{},{},{},{},0,2.914,3.067,0,0,0.014,0,0,0,0,0,0,0,0,0,0,0,0,100,0,6.923,11.349,0.078,3.842,0,0,0,9,9,0,321,0,17,2,0,0,1,2400,0.021,0.025,0,ACTIVE,ACTIVE,,4095,4095,0,,true,16,false,0,0,true,1.9022,0.001,19200,1919,0,,,,,,0,,,0,0,2,1032,1032,0,767557258068,4.843,0,0.026,0,0,1034,1033,2400,true,0,0,0,0,0,0,12,12,21624,0,0,0,0,0,0,0,0,0,0,0,0,0,,0,0,0,0,0,0,0,0,0,0,0,0,0,0,0,0,0,0,,0,0,0,0,0,0,false,
1034,1035,43083,false,145,50,1.377,0,1.259,0,dynamic_visual_atlas_upload,,,cell_indirection_lut,1.205,2400,2400,0,0,-1,-1,,1991.701174,3.013,4.027,4.027,1,8,3,1.5,false,2,8.666,,,,,,,,,,,,,,,,,,,,,,,,,,,,,,,,,,,,,,,,,,0,0,0,0,false,0,0,,0,0,0,0,0,0,0,,,,,false,{},{},{},{},{},{},{},0,3.316,3.455,0,0,0.011,0,0,0,0,0,0,0,0,0,0,0,0,100,0,6.874667,11.349,0.078,3.408667,0,0,0,9,9,0,321,0,17,2,0,0,1,2400,0.021,0.025,0,ACTIVE,ACTIVE,,4095,4095,0,,true,16,false,0,0,true,1.8595,0.0011,19200,2280,0,,,,,,0,,,0,0,2,1033,1033,0,767557277498,6.02,0,0.029,0,0,1035,1034,2400,true,0,0,0,0,0,0,12,12,19224,0,0,0,0,0,0,0,0,0,0,0,0,0,,0,0,0,0,0,0,0,0,0,0,0,0,0,0,0,0,0,0,,0,0,0,0,0,0,false,
1035,1036,43104,false,145,50,1.349,0,1.23,0,dynamic_visual_atlas_upload,,,cell_indirection_lut,1.205,2400,2400,0,0,-1,-1,,1991.701174,3.013,4.027,4.027,1,8,3,1.5,false,2,8.666,,,,,,,,,,,,,,,,,,,,,,,,,,,,,,,,,,,,,,,,,,0,0,0,0,false,0,0,,0,0,0,0,0,0,0,,,,,false,{},{},{},{},{},{},{},0,3.335,3.483,0,0,0.013,0,0,0,0,0,0,0,0,0,0,0,0,100,0,6.909667,11.349,0.078,3.413667,0,0,0,9,9,0,321,0,17,2,0,0,1,2400,0.021,0.025,0,ACTIVE,ACTIVE,,4095,4095,0,,true,16,false,0,0,true,1.8985,0.001,19200,2280,0,,,,,,0,,,0,0,2,1034,1034,0,767557298847,5.402,0,0.031,0,0,1036,1035,2400,true,0,0,0,0,0,0,12,12,19224,0,0,0,0,0,0,0,0,0,0,0,0,0,,0,0,0,0,0,0,0,0,0,0,0,0,0,0,0,0,0,0,,0,0,0,0,0,0,false,
1036,1037,43122,false,145,50,1.379,0,1.237,0,dynamic_visual_atlas_upload,,,cell_indirection_lut,1.205,2400,2400,0,0,-1,-1,,1991.701174,3.013,4.027,4.027,1,8,3,1.5,false,2,8.666,,,,,,,,,,,,,,,,,,,,,,,,,,,,,,,,,,,,,,,,,,0,0,0,0,false,0,0,,0,0,0,0,0,0,0,,,,,false,{},{},{},{},{},{},{},0,0,0.199,0,0,0.015,0,0,0,0,0,0,0,0,0,0,0,0,100,0,5.893,11.349,0.078,5.679,0,0,0,9,9,0,321,0,17,2,0,0,1,2400,0.021,0.025,0,ACTIVE,ACTIVE,,4095,4095,0,,true,16,false,0,0,true,1.8985,0.001,19200,2280,0,,,,,,0,,,0,0,2,1035,1035,0,767557319506,2.421,0,0.026,0,0,1037,1036,2400,true,0,0,0,0,0,0,12,12,19224,0,0,0,0,0,0,0,0,0,0,0,0,0,,0,0,0,0,0,0,0,0,0,0,0,0,0,0,0,0,0,0,,0,0,0,0,0,0,false,
1037,1038,43143,false,145,50,1.443,0,1.261,0,dynamic_visual_atlas_upload,,,cell_indirection_lut,1.205,2400,2400,0,0,-1,-1,,1991.701174,3.013,4.027,4.027,1,8,3,1.5,false,2,8.666,,,,,,,,,,,,,,,,,,,,,,,,,,,,,,,,,,,,,,,,,,0,0,0,0,false,0,0,,0,0,0,0,0,0,0,,,,,false,{},{},{},{},{},{},{},0,0,0.225,0,0,0.016,0,0,0,0,0,0,0,0,0,0,0,0,100,0,7.095667,11.349,0.078,6.854667,0,0,0,9,9,0,321,0,17,2,0,0,1,2400,0.021,0.025,0,ACTIVE,ACTIVE,,4095,4095,0,,true,16,false,0,0,true,1.7835,0.0011,19200,2280,0,,,,,,0,,,0,0,2,1036,1036,0,767557337932,5.298,0,0.026,0,0,1038,1037,2400,true,0,0,0,0,0,0,12,12,52824,0,0,0,0,0,0,0,0,0,0,0,0,0,,0,0,0,0,0,0,0,0,0,0,0,0,0,0,0,0,0,0,,0,0,0,0,0,0,false,
1038,1039,43159,false,145,50,1.399,0,1.255,0,dynamic_visual_atlas_upload,,,cell_indirection_lut,1.205,2400,2400,0,0,-1,-1,,1991.701174,3.013,4.027,4.027,1,8,3,1.5,false,2,8.666,,,,,,,,,,,,,,,,,,,,,,,,,,,,,,,,,,,,,,,,,,0,0,0,0,false,0,0,,0,0,0,0,0,0,0,,,,,false,{},{},{},{},{},{},{},0,3.159,3.326,0,0,0.014,0,0,0,0,0,0,0,0,0,0,0,0,100,0,8.183,11.349,0.078,4.843,0,0,0,9,9,0,321,0,17,2,0,0,1,2400,0.021,0.025,0,ACTIVE,ACTIVE,,4095,4095,0,,true,16,false,0,0,true,2.5489,0.0009,21600,2279,0,,,,,,0,,,0,0,2,1037,1037,0,767557356345,3.246,0,0.029,0,0,1039,1038,2400,true,0,0,0,0,0,0,12,12,19224,0,0,0,0,0,0,0,0,0,0,0,0,0,,0,0,0,0,0,0,0,0,0,0,0,0,0,0,0,0,0,0,,0,0,0,0,0,0,false,
1039,1040,43181,false,145,50,1.396,0,1.256,0,dynamic_visual_atlas_upload,,,cell_indirection_lut,1.205,2400,2400,0,0,-1,-1,,1991.701174,3.013,4.027,4.027,1,8,3,1.5,false,2,8.666,,,,,,,,,,,,,,,,,,,,,,,,,,,,,,,,,,,,,,,,,,0,0,0,0,false,0,0,,0,0,0,0,0,0,0,,,,,false,{},{},{},{},{},{},{},0,3.603,4.148,0,0,0.013,0,0,0,0,0,0,0,0,0,0,0,0,100,0,7.113667,11.349,0.078,2.952667,0,0,0,9,9,0,321,0,17,2,0,0,1,2400,0.021,0.025,0,ACTIVE,ACTIVE,,4095,4095,0,,true,16,false,0,0,true,2.181,0.0013,19200,2280,0,,,,,,0,,,0,0,2,1038,1038,0,767557374463,6.53,0,0.026,0,0,1040,1039,2400,true,0,0,0,0,0,0,12,12,21624,0,0,0,0,0,0,0,0,0,0,0,0,0,,0,0,0,0,0,0,0,0,0,0,0,0,0,0,0,0,0,0,,0,0,0,0,0,0,false,
1040,1041,43201,false,145,50,1.4,0,1.266,0,dynamic_visual_atlas_upload,,,cell_indirection_lut,1.205,2400,2400,0,0,-1,-1,,1991.701174,3.013,4.027,4.027,1,8,3,1.5,false,2,8.666,,,,,,,,,,,,,,,,,,,,,,,,,,,,,,,,,,,,,,,,,,0,0,0,0,false,0,0,,0,0,0,0,0,0,0,,,,,false,{},{},{},{},{},{},{},0,3.424,3.573,0,0,0.013,0,0,0,0,0,0,0,0,0,0,0,0,100,0,6.696,11.349,0.078,3.11,0,0,0,9,9,0,321,0,17,2,0,0,1,2400,0.021,0.025,0,ACTIVE,ACTIVE,,4095,4095,0,,true,16,false,0,0,true,1.849,0.0013,19200,2280,0,,,,,,0,,,0,0,2,1039,1039,0,767557395594,5.422,0,0.027,0,0,1041,1040,2400,true,0,0,0,0,0,0,12,12,19224,0,0,0,0,0,0,0,0,0,0,0,0,0,,0,0,0,0,0,0,0,0,0,0,0,0,0,0,0,0,0,0,,0,0,0,0,0,0,false,
1041,1042,43225,false,145,50,1.479,0,1.301,0,dynamic_visual_atlas_upload,,,cell_indirection_lut,1.205,2400,2400,0,0,-1,-1,,1991.701174,3.013,4.027,4.027,1,8,3,1.5,false,2,8.666,,,,,,,,,,,,,,,,,,,,,,,,,,,,,,,,,,,,,,,,,,0,0,0,0,false,0,0,,0,0,0,0,0,0,0,,,,,false,{},{},{},{},{},{},{},0,6.813,6.996,0,0,0.016,0,0,0,0,0,0,0,0,0,0,0,0,100,0,8.215667,11.349,0.078,1.203667,0,0,0,9,9,0,321,0,17,2,0,0,1,2400,0.021,0.025,0,ACTIVE,ACTIVE,,4095,4095,0,,true,16,false,0,0,true,1.8964,0.0009,19200,1827,0,,,,,,0,,,0,0,2,1040,1040,0,767557416722,8.947,0,0.028,0,0,1042,1041,2400,true,0,0,0,0,0,0,12,12,19224,0,0,0,0,0,0,0,0,0,0,0,0,0,,0,0,0,0,0,0,0,0,0,0,0,0,0,0,0,0,0,0,,0,0,0,0,0,0,false,
1042,1043,43242,false,145,50,1.487,0,1.339,0,dynamic_visual_atlas_upload,,,cell_indirection_lut,1.205,2400,2400,0,0,-1,-1,,1991.701174,3.013,4.027,4.027,1,8,3,1.5,false,2,8.666,,,,,,,,,,,,,,,,,,,,,,,,,,,,,,,,,,,,,,,,,,0,0,0,0,false,0,0,,0,0,0,0,0,0,0,,,,,false,{},{},{},{},{},{},{},0,3.376,3.531,0,0,0.012,0,0,0,0,0,0,0,0,0,0,0,0,100,0,5.588667,11.349,0.078,2.045667,0,0,0,9,9,0,321,0,17,2,0,0,1,2400,0.021,0.025,0,ACTIVE,ACTIVE,,4095,4095,0,,true,16,false,0,0,true,2.0928,0.0012,19200,2280,0,,,,,,0,,,0,0,2,1041,1041,0,767557436397,6.037,0,0.027,0,0,1043,1042,2400,true,0,0,0,0,0,0,12,12,19224,0,0,0,0,0,0,0,0,0,0,0,0,0,,0,0,0,0,0,0,0,0,0,0,0,0,0,0,0,0,0,0,,0,0,0,0,0,0,false,
1043,1044,43263,false,145,50,1.435,0,1.305,0,dynamic_visual_atlas_upload,,,cell_indirection_lut,1.205,2400,2400,0,0,-1,-1,,1991.701174,3.013,4.027,4.027,1,8,3,1.5,false,2,8.666,,,,,,,,,,,,,,,,,,,,,,,,,,,,,,,,,,,,,,,,,,0,0,0,0,false,0,0,,0,0,0,0,0,0,0,,,,,false,{},{},{},{},{},{},{},0,2.795,2.933,0,0,0.011,0,0,0,0,0,0,0,0,0,0,0,0,100,0,6.764333,11.349,0.078,3.820333,0,0,0,9,9,0,321,0,17,2,0,0,1,2400,0.021,0.025,0,ACTIVE,ACTIVE,,4095,4095,0,,true,16,false,0,0,true,2.0986,0.001,19200,1828,0,,,,,,0,,,0,0,2,1042,1042,0,767557457841,4.883,0,0.026,0,0,1044,1043,2400,true,0,0,0,0,0,0,12,12,19224,0,0,0,0,0,0,0,0,0,0,0,0,0,,0,0,0,0,0,0,0,0,0,0,0,0,0,0,0,0,0,0,,0,0,0,0,0,0,false,
1044,1045,43284,false,145,50,1.388,0,1.271,0,dynamic_visual_atlas_upload,,,cell_indirection_lut,1.205,2400,2400,0,0,-1,-1,,1991.701174,3.013,4.027,4.027,1,8,3,1.5,false,2,8.666,,,,,,,,,,,,,,,,,,,,,,,,,,,,,,,,,,,,,,,,,,0,0,0,0,false,0,0,,0,0,0,0,0,0,0,,,,,false,{},{},{},{},{},{},{},0,3.88,4.027,0,0,0.012,0,0,0,0,0,0,0,0,0,0,0,0,100,0,7.177,11.349,0.078,3.138,0,0,0,9,9,0,321,0,17,2,0,0,1,2400,0.021,0.025,0,ACTIVE,ACTIVE,,4095,4095,0,,true,16,false,0,0,true,2.0986,0.001,19200,1828,0,,,,,,0,,,0,0,2,1043,1043,0,767557477705,6.542,0,0.034,0,0,1045,1044,2400,true,0,0,0,0,0,0,12,12,19224,0,0,0,0,0,0,0,0,0,0,0,0,0,,0,0,0,0,0,0,0,0,0,0,0,0,0,0,0,0,0,0,,0,0,0,0,0,0,false,
1045,1046,43305,false,145,50,1.441,0,1.288,0,dynamic_visual_atlas_upload,,,cell_indirection_lut,1.205,2400,2400,0,0,-1,-1,,1991.701174,3.013,4.027,4.027,1,8,3,1.5,false,2,8.666,,,,,,,,,,,,,,,,,,,,,,,,,,,,,,,,,,,,,,,,,,0,0,0,0,false,0,0,,0,0,0,0,0,0,0,,,,,false,{},{},{},{},{},{},{},0,3.171,3.748,0,0,0.013,0,0,0,0,0,0,0,0,0,0,0,0,100,0,6.946667,11.349,0.078,3.185667,0,0,0,9,9,0,321,0,17,2,0,0,1,2400,0.021,0.025,0,ACTIVE,ACTIVE,,4095,4095,0,,true,16,false,0,0,true,2.1339,0.0012,19200,1967,0,,,,,,0,,,0,0,2,1044,1044,0,767557501291,3.822,0,0.026,0,0,1046,1045,2400,true,0,0,0,0,0,0,12,12,57624,0,0,0,0,0,0,0,0,0,0,0,0,0,,0,0,0,0,0,0,0,0,0,0,0,0,0,0,0,0,0,0,,0,0,0,0,0,0,false,
1046,1047,43322,false,145,50,1.478,0,1.33,0,dynamic_visual_atlas_upload,,,cell_indirection_lut,1.205,2400,2400,0,0,-1,-1,,1991.701174,3.013,4.027,4.027,1,8,3,1.5,false,2,8.666,,,,,,,,,,,,,,,,,,,,,,,,,,,,,,,,,,,,,,,,,,0,0,0,0,false,0,0,,0,0,0,0,0,0,0,,,,,false,{},{},{},{},{},{},{},0,0,0.222,0,0,0.016,0,0,0,0,0,0,0,0,0,0,0,0,100,0,5.713,11.349,0.078,5.475,0,0,0,9,9,0,321,0,17,2,0,0,1,2400,0.021,0.025,0,ACTIVE,ACTIVE,,4095,4095,0,,true,16,false,0,0,true,1.7981,0.0012,19200,2280,0,,,,,,0,,,0,0,2,1045,1045,0,767557519623,2.617,0,0.028,0,0,1047,1046,2400,true,0,0,0,0,0,0,12,12,19224,0,0,0,0,0,0,0,0,0,0,0,0,0,,0,0,0,0,0,0,0,0,0,0,0,0,0,0,0,0,0,0,,0,0,0,0,0,0,false,
1047,1048,43343,false,145,50,1.495,0,1.326,0,dynamic_visual_atlas_upload,,,cell_indirection_lut,1.205,2400,2400,0,0,-1,-1,,1991.701174,3.013,4.027,4.027,1,8,3,1.5,false,2,8.666,,,,,,,,,,,,,,,,,,,,,,,,,,,,,,,,,,,,,,,,,,0,0,0,0,false,0,0,,0,0,0,0,0,0,0,,,,,false,{},{},{},{},{},{},{},0,0,0.32,0,0,0.017,0,0,0,0,0,0,0,0,0,0,0,0,100,0,7.033667,11.349,0.078,6.696667,0,0,0,9,9,0,321,0,17,2,0,0,1,2400,0.021,0.025,0,ACTIVE,ACTIVE,,4095,4095,0,,true,16,false,0,0,true,1.7825,0.001,19200,2271,0,,,,,,0,,,0,0,2,1046,1046,0,767557537251,6.096,0,0.027,0,0,1048,1047,2400,true,0,0,0,0,0,0,12,12,19224,0,0,0,0,0,0,0,0,0,0,0,0,0,,0,0,0,0,0,0,0,0,0,0,0,0,0,0,0,0,0,0,,0,0,0,0,0,0,false,
1048,1049,43360,false,145,50,1.733,0,1.532,0,dynamic_visual_atlas_upload,,,cell_indirection_lut,1.205,2400,2400,0,0,-1,-1,,1991.701174,3.013,4.027,4.027,1,8,3,1.5,false,2,8.666,,,,,,,,,,,,,,,,,,,,,,,,,,,,,,,,,,,,,,,,,,0,0,0,0,false,0,0,,0,0,0,0,0,0,0,,,,,false,{},{},{},{},{},{},{},0,3.488,3.686,0,0,0.012,0,0,0,0,0,0,0,0,0,0,0,0,100,0,8.567,11.349,0.078,4.869,0,0,0,9,9,0,321,0,17,2,0,0,1,2400,0.021,0.025,0,ACTIVE,ACTIVE,,4095,4095,0,,true,16,false,0,0,true,1.9214,0.0011,19200,2280,0,,,,,,0,,,0,0,2,1047,1047,0,767557554916,5.607,0,0.029,0,0,1049,1048,2400,true,0,0,0,0,0,0,12,12,19224,0,0,0,0,0,0,0,0,0,0,0,0,0,,0,0,0,0,0,0,0,0,0,0,0,0,0,0,0,0,0,0,,0,0,0,0,0,0,false,
1049,1050,43380,false,145,50,1.408,0,1.269,0,dynamic_visual_atlas_upload,,,cell_indirection_lut,1.205,2400,2400,0,0,-1,-1,,1991.701174,3.013,4.027,4.027,1,8,3,1.5,false,2,8.666,,,,,,,,,,,,,,,,,,,,,,,,,,,,,,,,,,,,,,,,,,0,0,0,0,false,0,0,,0,0,0,0,0,0,0,,,,,false,{},{},{},{},{},{},{},0,3.024,3.192,0,0,0.016,0,0,0,0,0,0,0,0,0,0,0,0,100,0,6.627333,11.349,0.078,3.419333,0,0,0,9,9,0,321,0,17,2,0,0,1,2400,0.021,0.025,0,ACTIVE,ACTIVE,,4095,4095,0,,true,16,false,0,0,true,1.861,0.001,19200,2274,0,,,,,,0,,,0,0,2,1048,1048,0,767557575224,5.176,0,0.038,0,0,1050,1049,2400,true,0,0,0,0,0,0,12,12,19224,0,0,0,0,0,0,0,0,0,0,0,0,0,,0,0,0,0,0,0,0,0,0,0,0,0,0,0,0,0,0,0,,0,0,0,0,0,0,false,
1050,1051,43401,false,145,50,1.356,0,1.239,0,dynamic_visual_atlas_upload,,,cell_indirection_lut,1.205,2400,2400,0,0,-1,-1,,1991.701174,3.013,4.027,4.027,1,8,3,1.5,false,2,8.666,,,,,,,,,,,,,,,,,,,,,,,,,,,,,,,,,,,,,,,,,,0,0,0,0,false,0,0,,0,0,0,0,0,0,0,,,,,false,{},{},{},{},{},{},{},0,3.422,3.58,0,0,0.014,0,0,0,0,0,0,0,0,0,0,0,0,100,0,6.923,11.349,0.078,3.329,0,0,0,9,9,0,321,0,17,2,0,0,1,2400,0.021,0.025,0,ACTIVE,ACTIVE,,4095,4095,0,,true,16,false,0,0,true,2.3724,0.001,21600,2278,0,,,,,,0,,,0,0,2,1049,1049,0,767557595276,5.873,0,0.026,0,0,1051,1050,2400,true,0,0,0,0,0,0,12,12,19224,0,0,0,0,0,0,0,0,0,0,0,0,0,,0,0,0,0,0,0,0,0,0,0,0,0,0,0,0,0,0,0,,0,0,0,0,0,0,false,
1051,1052,43422,false,145,50,1.493,0,1.299,0,dynamic_visual_atlas_upload,,,cell_indirection_lut,1.205,2400,2400,0,0,-1,-1,,1991.701174,3.013,4.027,4.027,1,8,3,1.5,false,2,8.666,,,,,,,,,,,,,,,,,,,,,,,,,,,,,,,,,,,,,,,,,,0,0,0,0,false,0,0,,0,0,0,0,0,0,0,,,,,false,{},{},{},{},{},{},{},0,3.041,3.209,0,0,0.011,0,0,0,0,0,0,0,0,0,0,0,0,100,0,6.915667,11.349,0.078,3.695667,0,0,0,9,9,0,321,0,17,2,0,0,1,2400,0.021,0.025,0,ACTIVE,ACTIVE,,4095,4095,0,,true,16,false,0,0,true,1.856,0.0012,19200,1757,0,,,,,,0,,,0,0,2,1050,1050,0,767557618392,3.536,0,0.026,0,0,1052,1051,2400,true,0,0,0,0,0,0,12,12,21624,0,0,0,0,0,0,0,0,0,0,0,0,0,,0,0,0,0,0,0,0,0,0,0,0,0,0,0,0,0,0,0,,0,0,0,0,0,0,false,
1052,1053,43443,false,145,50,1.405,0,1.261,0,dynamic_visual_atlas_upload,,,cell_indirection_lut,1.205,2400,2400,0,0,-1,-1,,1991.701174,3.013,4.027,4.027,1,8,3,1.5,false,2,8.666,,,,,,,,,,,,,,,,,,,,,,,,,,,,,,,,,,,,,,,,,,0,0,0,0,false,0,0,,0,0,0,0,0,0,0,,,,,false,{},{},{},{},{},{},{},0,3.583,3.756,0,0,0.017,0,0,0,0,0,0,0,0,0,0,0,0,100,0,7.046333,11.349,0.078,3.273333,0,0,0,9,9,0,321,0,17,2,0,0,1,2400,0.021,0.025,0,ACTIVE,ACTIVE,,4095,4095,0,,true,16,false,0,0,true,2.4842,0.0009,52800,2280,0,,,,,,0,,,0,0,2,1051,1051,0,767557637516,5.527,0,0.028,0,0,1053,1052,2400,true,0,0,0,0,0,0,12,12,19224,0,0,0,0,0,0,0,0,0,0,0,0,0,,0,0,0,0,0,0,0,0,0,0,0,0,0,0,0,0,0,0,,0,0,0,0,0,0,false,
1053,1054,43463,false,145,50,1.405,0,1.268,0,dynamic_visual_atlas_upload,,,cell_indirection_lut,1.205,2400,2400,0,0,-1,-1,,1991.701174,3.013,4.027,4.027,1,8,3,1.5,false,2,8.666,,,,,,,,,,,,,,,,,,,,,,,,,,,,,,,,,,,,,,,,,,0,0,0,0,false,0,0,,0,0,0,0,0,0,0,,,,,false,{},{},{},{},{},{},{},0,3.045,3.194,0,0,0.013,0,0,0,0,0,0,0,0,0,0,0,0,100,0,6.677,11.349,0.078,3.47,0,0,0,9,9,0,321,0,17,2,0,0,1,2400,0.021,0.025,0,ACTIVE,ACTIVE,,4095,4095,0,,true,16,false,0,0,true,1.8034,0.001,19200,1968,0,,,,,,0,,,0,0,2,1052,1052,0,767557658011,5.064,0,0.027,0,0,1054,1053,2400,true,0,0,0,0,0,0,12,12,52824,0,0,0,0,0,0,0,0,0,0,0,0,0,,0,0,0,0,0,0,0,0,0,0,0,0,0,0,0,0,0,0,,0,0,0,0,0,0,false,
1054,1055,43484,false,145,50,1.364,0,1.234,0,dynamic_visual_atlas_upload,,,cell_indirection_lut,1.205,2400,2400,0,0,-1,-1,,1991.701174,3.013,4.027,4.027,1,8,3,1.5,false,2,8.666,,,,,,,,,,,,,,,,,,,,,,,,,,,,,,,,,,,,,,,,,,0,0,0,0,false,0,0,,0,0,0,0,0,0,0,,,,,false,{},{},{},{},{},{},{},0,3.748,3.896,0,0,0.011,0,0,0,0,0,0,0,0,0,0,0,0,100,0,7.071333,11.349,0.078,3.164333,0,0,0,9,9,0,321,0,17,2,0,0,1,2400,0.021,0.025,0,ACTIVE,ACTIVE,,4095,4095,0,,true,16,false,0,0,true,1.9401,0.0011,19200,2278,0,,,,,,0,,,0,0,2,1053,1053,0,767557677441,6.857,0,0.026,0,0,1055,1054,2400,true,0,0,0,0,0,0,12,12,19224,0,0,0,0,0,0,0,0,0,0,0,0,0,,0,0,0,0,0,0,0,0,0,0,0,0,0,0,0,0,0,0,,0,0,0,0,0,0,false,
1055,1056,43504,false,145,50,1.418,0,1.262,0,dynamic_visual_atlas_upload,,,cell_indirection_lut,1.205,2400,2400,0,0,-1,-1,,1991.701174,3.013,4.027,4.027,1,8,3,1.5,false,2,8.666,,,,,,,,,,,,,,,,,,,,,,,,,,,,,,,,,,,,,,,,,,0,0,0,0,false,0,0,,0,0,0,0,0,0,0,,,,,false,{},{},{},{},{},{},{},0,3.143,3.321,0,0,0.018,0,0,0,0,0,0,0,0,0,0,0,0,100,0,6.817333,11.349,0.078,3.478333,0,0,0,9,9,0,321,0,17,2,0,0,1,2400,0.021,0.025,0,ACTIVE,ACTIVE,,4095,4095,0,,true,16,false,0,0,true,1.8663,0.001,19200,1721,0,,,,,,0,,,0,0,2,1054,1054,0,767557699782,4.985,0,0.033,0,0,1056,1055,2400,true,0,0,0,0,0,0,12,12,19224,0,0,0,0,0,0,0,0,0,0,0,0,0,,0,0,0,0,0,0,0,0,0,0,0,0,0,0,0,0,0,0,,0,0,0,0,0,0,false,
1056,1057,43522,false,145,50,1.475,0,1.318,0,dynamic_visual_atlas_upload,,,cell_indirection_lut,1.205,2400,2400,0,0,-1,-1,,1991.701174,3.013,4.027,4.027,1,8,3,1.5,false,2,8.666,,,,,,,,,,,,,,,,,,,,,,,,,,,,,,,,,,,,,,,,,,0,0,0,0,false,0,0,,0,0,0,0,0,0,0,,,,,false,{},{},{},{},{},{},{},0,0,0.257,0,0,0.016,0,0,0,0,0,0,0,0,0,0,0,0,100,0,5.910333,11.349,0.078,5.637333,0,0,0,9,9,0,321,0,17,2,0,0,1,2400,0.021,0.025,0,ACTIVE,ACTIVE,,4095,4095,0,,true,16,false,0,0,true,1.8663,0.001,19200,1721,0,,,,,,0,,,0,0,2,1055,1055,0,767557719652,2.807,0,0.026,0,0,1057,1056,2400,true,0,0,0,0,0,0,12,12,19224,0,0,0,0,0,0,0,0,0,0,0,0,0,,0,0,0,0,0,0,0,0,0,0,0,0,0,0,0,0,0,0,,0,0,0,0,0,0,false,
1057,1058,43543,false,145,50,1.495,0,1.248,0,dynamic_visual_atlas_upload,,,cell_indirection_lut,1.205,2400,2400,0,0,-1,-1,,1991.701174,3.013,4.027,4.027,1,8,3,1.5,false,2,8.666,,,,,,,,,,,,,,,,,,,,,,,,,,,,,,,,,,,,,,,,,,0,0,0,0,false,0,0,,0,0,0,0,0,0,0,,,,,false,{},{},{},{},{},{},{},0,0,0.173,0,0,0.014,0,0,0,0,0,0,0,0,0,0,0,0,100,0,6.81,11.349,0.078,6.623,0,0,0,9,9,0,321,0,17,2,0,0,1,2400,0.021,0.025,0,ACTIVE,ACTIVE,,4095,4095,0,,true,16,false,0,0,true,1.8655,0.0012,19200,2251,0,,,,,,0,,,0,0,2,1056,1056,0,767557738752,4.223,0,0.028,0,0,1058,1057,2400,true,0,0,0,0,0,0,12,12,21624,0,0,0,0,0,0,0,0,0,0,0,0,0,,0,0,0,0,0,0,0,0,0,0,0,0,0,0,0,0,0,0,,0,0,0,0,0,0,false,
1058,1059,43560,false,145,50,1.515,0,1.343,0,dynamic_visual_atlas_upload,,,cell_indirection_lut,1.205,2400,2400,0,0,-1,-1,,1991.701174,3.013,4.027,4.027,1,8,3,1.5,false,2,8.666,,,,,,,,,,,,,,,,,,,,,,,,,,,,,,,,,,,,,,,,,,0,0,0,0,false,0,0,,0,0,0,0,0,0,0,,,,,false,{},{},{},{},{},{},{},0,3.136,3.287,0,0,0.012,0,0,0,0,0,0,0,0,0,0,0,0,100,0,8.527,11.349,0.078,5.228,0,0,0,9,9,0,321,0,17,2,0,0,1,2400,0.021,0.025,0,ACTIVE,ACTIVE,,4095,4095,0,,true,16,false,0,0,true,1.8572,0.0017,19200,2277,0,,,,,,0,,,0,0,2,1057,1057,0,767557756822,3.102,0,0.032,0,0,1059,1058,2400,true,0,0,0,0,0,0,12,12,19224,0,0,0,0,0,0,0,0,0,0,0,0,0,,0,0,0,0,0,0,0,0,0,0,0,0,0,0,0,0,0,0,,0,0,0,0,0,0,false,
1059,1060,43580,false,145,50,1.35,0,1.234,0,dynamic_visual_atlas_upload,,,cell_indirection_lut,1.205,2400,2400,0,0,-1,-1,,1991.701174,3.013,4.027,4.027,1,8,3,1.5,false,2,8.666,,,,,,,,,,,,,,,,,,,,,,,,,,,,,,,,,,,,,,,,,,0,0,0,0,false,0,0,,0,0,0,0,0,0,0,,,,,false,{},{},{},{},{},{},{},0,3.306,3.454,0,0,0.011,0,0,0,0,0,0,0,0,0,0,0,0,100,0,6.790667,11.349,0.078,3.325667,0,0,0,9,9,0,321,0,17,2,0,0,1,2400,0.021,0.025,0,ACTIVE,ACTIVE,,4095,4095,0,,true,16,false,0,0,true,1.8423,0.0011,19200,2278,0,,,,,,0,,,0,0,2,1058,1058,0,767557774261,6.017,0,0.028,0,0,1060,1059,2400,true,0,0,0,0,0,0,12,12,19224,0,0,0,0,0,0,0,0,0,0,0,0,0,,0,0,0,0,0,0,0,0,0,0,0,0,0,0,0,0,0,0,,0,0,0,0,0,0,false,
1060,1061,43601,false,145,50,1.355,0,1.239,0,dynamic_visual_atlas_upload,,,cell_indirection_lut,1.205,2400,2400,0,0,-1,-1,,1991.701174,3.013,4.027,4.027,1,8,3,1.5,false,2,8.666,,,,,,,,,,,,,,,,,,,,,,,,,,,,,,,,,,,,,,,,,,0,0,0,0,false,0,0,,0,0,0,0,0,0,0,,,,,false,{},{},{},{},{},{},{},0,3.869,4.01,0,0,0.012,0,0,0,0,0,0,0,0,0,0,0,0,100,0,7.120667,11.349,0.078,3.098667,0,0,0,9,9,0,321,0,17,2,0,0,1,2400,0.021,0.025,0,ACTIVE,ACTIVE,,4095,4095,0,,true,16,false,0,0,true,2.44,0.001,52800,2280,0,,,,,,0,,,0,0,2,1059,1059,0,767557795454,6.224,0,0.028,0,0,1061,1060,2400,true,0,0,0,0,0,0,12,12,19224,0,0,0,0,0,0,0,0,0,0,0,0,0,,0,0,0,0,0,0,0,0,0,0,0,0,0,0,0,0,0,0,,0,0,0,0,0,0,false,
1061,1062,43622,false,145,50,1.491,0,1.314,0,dynamic_visual_atlas_upload,,,cell_indirection_lut,1.205,2400,2400,0,0,-1,-1,,1991.701174,3.013,4.027,4.027,1,8,3,1.5,false,2,8.666,,,,,,,,,,,,,,,,,,,,,,,,,,,,,,,,,,,,,,,,,,0,0,0,0,false,0,0,,0,0,0,0,0,0,0,,,,,false,{},{},{},{},{},{},{},0,3.109,3.315,0,0,0.016,0,0,0,0,0,0,0,0,0,0,0,0,100,0,6.819667,11.349,0.078,3.488667,0,0,0,9,9,0,321,0,17,2,0,0,1,2400,0.021,0.025,0,ACTIVE,ACTIVE,,4095,4095,0,,true,16,false,0,0,true,1.9523,0.0012,19200,1717,0,,,,,,0,,,0,0,2,1060,1060,0,767557817455,4.69,0,0.027,0,0,1062,1061,2400,true,0,0,0,0,0,0,12,12,52824,0,0,0,0,0,0,0,0,0,0,0,0,0,,0,0,0,0,0,0,0,0,0,0,0,0,0,0,0,0,0,0,,0,0,0,0,0,0,false,
1062,1063,43643,false,145,50,1.381,0,1.261,0,dynamic_visual_atlas_upload,,,cell_indirection_lut,1.205,2400,2400,0,0,-1,-1,,1991.701174,3.013,4.027,4.027,1,8,3,1.5,false,2,8.666,,,,,,,,,,,,,,,,,,,,,,,,,,,,,,,,,,,,,,,,,,0,0,0,0,false,0,0,,0,0,0,0,0,0,0,,,,,false,{},{},{},{},{},{},{},0,3.466,3.636,0,0,0.016,0,0,0,0,0,0,0,0,0,0,0,0,100,0,6.870667,11.349,0.078,3.218667,0,0,0,9,9,0,321,0,17,2,0,0,1,2400,0.021,0.025,0,ACTIVE,ACTIVE,,4095,4095,0,,true,16,false,0,0,true,2.4548,0.0012,21600,2280,0,,,,,,0,,,0,0,2,1061,1061,0,767557837176,5.582,0,0.028,0,0,1063,1062,2400,true,0,0,0,0,0,0,12,12,19224,0,0,0,0,0,0,0,0,0,0,0,0,0,,0,0,0,0,0,0,0,0,0,0,0,0,0,0,0,0,0,0,,0,0,0,0,0,0,false,
1063,1064,43663,false,145,50,1.396,0,1.264,0,dynamic_visual_atlas_upload,,,cell_indirection_lut,1.205,2400,2400,0,0,-1,-1,,1991.701174,3.013,4.027,4.027,1,8,3,1.5,false,2,8.666,,,,,,,,,,,,,,,,,,,,,,,,,,,,,,,,,,,,,,,,,,0,0,0,0,false,0,0,,0,0,0,0,0,0,0,,,,,false,{},{},{},{},{},{},{},0,2.929,3.08,0,0,0.012,0,0,0,0,0,0,0,0,0,0,0,0,100,0,6.772333,11.349,0.078,3.680333,0,0,0,9,9,0,321,0,17,2,0,0,1,2400,0.021,0.025,0,ACTIVE,ACTIVE,,4095,4095,0,,true,16,false,0,0,true,1.8036,0.001,19200,1448,0,,,,,,0,,,0,0,2,1062,1062,0,767557859031,4.011,0,0.026,0,0,1064,1063,2400,true,0,0,0,0,0,0,12,12,21624,0,0,0,0,0,0,0,0,0,0,0,0,0,,0,0,0,0,0,0,0,0,0,0,0,0,0,0,0,0,0,0,,0,0,0,0,0,0,false,
1064,1065,43684,false,145,50,1.373,0,1.241,0,dynamic_visual_atlas_upload,,,cell_indirection_lut,1.205,2400,2400,0,0,-1,-1,,1991.701174,3.013,4.027,4.027,1,8,3,1.5,false,2,8.666,,,,,,,,,,,,,,,,,,,,,,,,,,,,,,,,,,,,,,,,,,0,0,0,0,false,0,0,,0,0,0,0,0,0,0,,,,,false,{},{},{},{},{},{},{},0,3.322,3.512,0,0,0.015,0,0,0,0,0,0,0,0,0,0,0,0,100,0,7.059667,11.349,0.078,3.532667,0,0,0,9,9,0,321,0,17,2,0,0,1,2400,0.021,0.025,0,ACTIVE,ACTIVE,,4095,4095,0,,true,16,false,0,0,true,1.9846,0.0012,19200,2280,0,,,,,,0,,,0,0,2,1063,1063,0,767557878537,5.735,0,0.026,0,0,1065,1064,2400,true,0,0,0,0,0,0,12,12,19224,0,0,0,0,0,0,0,0,0,0,0,0,0,,0,0,0,0,0,0,0,0,0,0,0,0,0,0,0,0,0,0,,0,0,0,0,0,0,false,
1065,1066,43704,false,145,50,1.396,0,1.266,0,dynamic_visual_atlas_upload,,,cell_indirection_lut,1.205,2400,2400,0,0,-1,-1,,1991.701174,3.013,4.027,4.027,1,8,3,1.5,false,2,8.666,,,,,,,,,,,,,,,,,,,,,,,,,,,,,,,,,,,,,,,,,,0,0,0,0,false,0,0,,0,0,0,0,0,0,0,,,,,false,{},{},{},{},{},{},{},0,3.367,3.508,0,0,0.011,0,0,0,0,0,0,0,0,0,0,0,0,100,0,6.795667,11.349,0.078,3.276667,0,0,0,9,9,0,321,0,17,2,0,0,1,2400,0.021,0.025,0,ACTIVE,ACTIVE,,4095,4095,0,,true,16,false,0,0,true,1.8586,0.0009,19200,2280,0,,,,,,0,,,0,0,2,1064,1064,0,767557899289,5.316,0,0.029,0,0,1066,1065,2400,true,0,0,0,0,0,0,12,12,19224,0,0,0,0,0,0,0,0,0,0,0,0,0,,0,0,0,0,0,0,0,0,0,0,0,0,0,0,0,0,0,0,,0,0,0,0,0,0,false,
1066,1067,43722,false,145,50,1.399,0,1.254,0,dynamic_visual_atlas_upload,,,cell_indirection_lut,1.205,2400,2400,0,0,-1,-1,,1991.701174,3.013,4.027,4.027,1,8,3,1.5,false,2,8.666,,,,,,,,,,,,,,,,,,,,,,,,,,,,,,,,,,,,,,,,,,0,0,0,0,false,0,0,,0,0,0,0,0,0,0,,,,,false,{},{},{},{},{},{},{},0,0,0.176,0,0,0.014,0,0,0,0,0,0,0,0,0,0,0,0,100,0,5.867333,11.349,0.078,5.677333,0,0,0,9,9,0,321,0,17,2,0,0,1,2400,0.021,0.025,0,ACTIVE,ACTIVE,,4095,4095,0,,true,16,false,0,0,true,1.7988,0.0009,19200,2253,0,,,,,,0,,,0,0,2,1065,1065,0,767557919472,2.735,0,0.03,0,0,1067,1066,2400,true,0,0,0,0,0,0,12,12,19224,0,0,0,0,0,0,0,0,0,0,0,0,0,,0,0,0,0,0,0,0,0,0,0,0,0,0,0,0,0,0,0,,0,0,0,0,0,0,false,
1067,1068,43739,false,145,50,1.415,0,1.241,0,dynamic_visual_atlas_upload,,,cell_indirection_lut,1.205,2400,2400,0,0,-1,-1,,1991.701174,3.013,4.027,4.027,1,8,3,1.5,false,2,8.666,,,,,,,,,,,,,,,,,,,,,,,,,,,,,,,,,,,,,,,,,,0,0,0,0,false,0,0,,0,0,0,0,0,0,0,,,,,false,{},{},{},{},{},{},{},0.001,2.962,3.141,0,0,0.015,0,0,0,0,0,0,0,0,0,0,0,0,100,0,8.4405,11.349,0.078,5.2845,0,0,0,9,9,0,321,0,17,2,0,0,1,2400,0.021,0.025,0,ACTIVE,ACTIVE,,4095,4095,0,,true,16,false,0,0,true,1.8076,0.0013,19200,2280,0,,,,,,0,,,0,0,2,1066,1066,0,767557936895,2.288,0,0.027,0,0,1068,1067,2400,true,0,0,0,0,0,0,12,12,19224,0,0,0,0,0,0,0,0,0,0,0,0,0,,0,0,0,0,0,0,0,0,0,0,0,0,0,0,0,0,0,0,,0,0,0,0,0,0,false,
1068,1069,43760,false,145,50,1.55,0,1.337,0,dynamic_visual_atlas_upload,,,cell_indirection_lut,1.205,2400,2400,0,0,-1,-1,,1991.701174,3.013,4.027,4.027,1,8,3,1.5,false,2,8.666,,,,,,,,,,,,,,,,,,,,,,,,,,,,,,,,,,,,,,,,,,0,0,0,0,false,0,0,,0,0,0,0,0,0,0,,,,,false,{},{},{},{},{},{},{},0,3.608,3.806,0,0,0.016,0,0,0,0,0,0,0,0,0,0,0,0,100,0,7.179333,11.349,0.078,3.357333,0,0,0,9,9,0,321,0,17,2,0,0,1,2400,0.021,0.025,0,ACTIVE,ACTIVE,,4095,4095,0,,true,16,false,0,0,true,3.3925,0.0017,55200,2280,0,,,,,,0,,,0,0,2,1067,1067,0,767557955417,5.252,0,0.03,0,0,1069,1068,2400,true,0,0,0,0,0,0,12,12,19224,0,0,0,0,0,0,0,0,0,0,0,0,0,,0,0,0,0,0,0,0,0,0,0,0,0,0,0,0,0,0,0,,0,0,0,0,0,0,false,
1069,1070,43781,false,145,50,1.487,0,1.298,0,dynamic_visual_atlas_upload,,,cell_indirection_lut,1.205,2400,2400,0,0,-1,-1,,1991.701174,3.013,4.027,4.027,1,8,3,1.5,false,2,8.666,,,,,,,,,,,,,,,,,,,,,,,,,,,,,,,,,,,,,,,,,,0,0,0,0,false,0,0,,0,0,0,0,0,0,0,,,,,false,{},{},{},{},{},{},{},0,3.329,3.507,0,0,0.015,0,0,0,0,0,0,0,0,0,0,0,0,100,0,6.8,11.349,0.078,3.278,0,0,0,9,9,0,321,0,17,2,0,0,1,2400,0.021,0.025,0,ACTIVE,ACTIVE,,4095,4095,0,,true,16,false,0,0,true,1.8965,0.0013,19200,2280,0,,,,,,0,,,0,0,2,1068,1068,0,767557977342,3.761,0,0.036,0,0,1070,1069,2400,true,0,0,0,0,0,0,12,12,55224,0,0,0,0,0,0,0,0,0,0,0,0,0,,0,0,0,0,0,0,0,0,0,0,0,0,0,0,0,0,0,0,,0,0,0,0,0,0,false,
1070,1071,43801,false,145,50,1.463,0,1.313,0,dynamic_visual_atlas_upload,,,cell_indirection_lut,1.205,2400,2400,0,0,-1,-1,,1991.701174,3.013,4.027,4.027,1,8,3,1.5,false,2,8.666,,,,,,,,,,,,,,,,,,,,,,,,,,,,,,,,,,,,,,,,,,0,0,0,0,false,0,0,,0,0,0,0,0,0,0,,,,,false,{},{},{},{},{},{},{},0,3.483,3.663,0,0,0.015,0,0,0,0,0,0,0,0,0,0,0,0,100,0,6.843333,11.349,0.078,3.165333,0,0,0,9,9,0,321,0,17,2,0,0,1,2400,0.021,0.025,0,ACTIVE,ACTIVE,,4095,4095,0,,true,16,false,0,0,true,1.9142,0.0014,19200,2280,0,,,,,,0,,,0,0,2,1069,1069,0,767557995608,5.981,0,0.029,0,0,1071,1070,2400,true,0,0,0,0,0,0,12,12,19224,0,0,0,0,0,0,0,0,0,0,0,0,0,,0,0,0,0,0,0,0,0,0,0,0,0,0,0,0,0,0,0,,0,0,0,0,0,0,false,
1071,1072,43822,false,145,50,1.449,0,1.299,0,dynamic_visual_atlas_upload,,,cell_indirection_lut,1.205,2400,2400,0,0,-1,-1,,1991.701174,3.013,4.027,4.027,1,8,3,1.5,false,2,8.666,,,,,,,,,,,,,,,,,,,,,,,,,,,,,,,,,,,,,,,,,,0,0,0,0,false,0,0,,0,0,0,0,0,0,0,,,,,false,{},{},{},{},{},{},{},0,3.17,3.344,0,0,0.016,0,0,0,0,0,0,0,0,0,0,0,0,100,0,6.872,11.349,0.078,3.512,0,0,0,9,9,0,321,0,17,2,0,0,1,2400,0.021,0.025,0,ACTIVE,ACTIVE,,4095,4095,0,,true,16,false,0,0,true,1.7916,0.0009,19200,1449,0,,,,,,0,,,0,0,2,1070,1070,0,767558017149,5.072,0,0.03,0,0,1072,1071,2400,true,0,0,0,0,0,0,12,12,19224,0,0,0,0,0,0,0,0,0,0,0,0,0,,0,0,0,0,0,0,0,0,0,0,0,0,0,0,0,0,0,0,,0,0,0,0,0,0,false,
1072,1073,43843,false,145,50,1.425,0,1.271,0,dynamic_visual_atlas_upload,,,cell_indirection_lut,1.205,2400,2400,0,0,-1,-1,,1991.701174,3.013,4.027,4.027,1,8,3,1.5,false,2,8.666,,,,,,,,,,,,,,,,,,,,,,,,,,,,,,,,,,,,,,,,,,0,0,0,0,false,0,0,,0,0,0,0,0,0,0,,,,,false,{},{},{},{},{},{},{},0.001,3.683,3.855,0,0,0.013,0,0,0,0,0,0,0,0,0,0,0,0,100,0,6.969333,11.349,0.078,3.101333,0,0,0,9,9,0,321,0,17,2,0,0,1,2400,0.021,0.025,0,ACTIVE,ACTIVE,,4095,4095,0,,true,16,false,0,0,true,1.8798,0.001,19200,2280,0,,,,,,0,,,0,0,2,1071,1071,0,767558036830,6.264,0,0.028,0,0,1073,1072,2400,true,0,0,0,0,0,0,12,12,19224,0,0,0,0,0,0,0,0,0,0,0,0,0,,0,0,0,0,0,0,0,0,0,0,0,0,0,0,0,0,0,0,,0,0,0,0,0,0,false,
1073,1074,43863,false,145,50,1.385,0,1.263,0,dynamic_visual_atlas_upload,,,cell_indirection_lut,1.205,2400,2400,0,0,-1,-1,,1991.701174,3.013,4.027,4.027,1,8,3,1.5,false,2,8.666,,,,,,,,,,,,,,,,,,,,,,,,,,,,,,,,,,,,,,,,,,0,0,0,0,false,0,0,,0,0,0,0,0,0,0,,,,,false,{},{},{},{},{},{},{},0,3.313,3.474,0,0,0.015,0,0,0,0,0,0,0,0,0,0,0,0,100,0,6.754667,11.349,0.078,3.265667,0,0,0,9,9,0,321,0,17,2,0,0,1,2400,0.021,0.025,0,ACTIVE,ACTIVE,,4095,4095,0,,true,16,false,0,0,true,1.7891,0.001,19200,2280,0,,,,,,0,,,0,0,2,1072,1072,0,767558057784,5.597,0,0.028,0,0,1074,1073,2400,true,0,0,0,0,0,0,12,12,19224,0,0,0,0,0,0,0,0,0,0,0,0,0,,0,0,0,0,0,0,0,0,0,0,0,0,0,0,0,0,0,0,,0,0,0,0,0,0,false,
1074,1075,43884,false,145,50,1.371,0,1.264,0,dynamic_visual_atlas_upload,,,cell_indirection_lut,1.205,2400,2400,0,0,-1,-1,,1991.701174,3.013,4.027,4.027,1,8,3,1.5,false,2,8.666,,,,,,,,,,,,,,,,,,,,,,,,,,,,,,,,,,,,,,,,,,0,0,0,0,false,0,0,,0,0,0,0,0,0,0,,,,,false,{},{},{},{},{},{},{},0,3.269,3.404,0,0,0.013,0,0,0,0,0,0,0,0,0,0,0,0,100,0,6.829,11.349,0.078,3.412,0,0,0,9,9,0,321,0,17,2,0,0,1,2400,0.021,0.025,0,ACTIVE,ACTIVE,,4095,4095,0,,true,16,false,0,0,true,2.3629,0.0009,21600,2280,0,,,,,,0,,,0,0,2,1073,1073,0,767558078456,5.374,0,0.028,0,0,1075,1074,2400,true,0,0,0,0,0,0,12,12,19224,0,0,0,0,0,0,0,0,0,0,0,0,0,,0,0,0,0,0,0,0,0,0,0,0,0,0,0,0,0,0,0,,0,0,0,0,0,0,false,
1075,1076,43905,false,145,50,1.409,0,1.271,0,dynamic_visual_atlas_upload,,,cell_indirection_lut,1.205,2400,2400,0,0,-1,-1,,1991.701174,3.013,4.027,4.027,1,8,3,1.5,false,2,8.666,,,,,,,,,,,,,,,,,,,,,,,,,,,,,,,,,,,,,,,,,,0,0,0,0,false,0,0,,0,0,0,0,0,0,0,,,,,false,{},{},{},{},{},{},{},0,3.526,3.694,0,0,0.01,0,0,0,0,0,0,0,0,0,0,0,0,100,0,7.02,11.349,0.078,3.316,0,0,0,9,9,0,321,0,17,2,0,0,1,2400,0.021,0.025,0,ACTIVE,ACTIVE,,4095,4095,0,,true,16,false,0,0,true,1.8888,0.0011,19200,2279,0,,,,,,0,,,0,0,2,1074,1074,0,767558099226,5.705,0,0.028,0,0,1076,1075,2400,true,0,0,0,0,0,0,12,12,21624,0,0,0,0,0,0,0,0,0,0,0,0,0,,0,0,0,0,0,0,0,0,0,0,0,0,0,0,0,0,0,0,,0,0,0,0,0,0,false,
1076,1077,43932,false,145,50,4.474,0,4.215,0,dynamic_visual_atlas_upload,,,cell_indirection_lut,1.205,2400,2400,0,0,-1,-1,,1991.701174,3.013,4.027,4.027,1,8,3,1.5,false,2,8.666,,,,,,,,,,,,,,,,,,,,,,,,,,,,,,,,,,,,,,,,,,0,0,0,0,false,0,0,,0,0,0,0,0,0,0,,,,,false,{},{},{},{},{},{},{},0,0,0.237,0,0,0.015,0,0,0,0,0,0,0,0,0,0,0,0,100,0,6.95175,11.349,0.078,6.69975,0,0,0,9,9,0,321,0,17,2,0,0,1,2400,0.021,0.025,0,ACTIVE,ACTIVE,,4095,4095,0,,true,16,false,0,0,true,2.4113,0.0011,52800,2277,0,,,,,,0,,,0,0,2,1075,1075,0,767558120763,11.982,0,0.028,0,0,1077,1076,2400,true,0,0,0,0,0,0,12,12,19224,0,0,0,0,0,0,0,0,0,0,0,0,0,,0,0,0,0,0,0,0,0,0,0,0,0,0,0,0,0,0,0,,0,0,0,0,0,0,false,
1077,1078,43943,false,145,50,1.439,0,1.256,0,dynamic_visual_atlas_upload,,,cell_indirection_lut,1.205,2400,2400,0,0,-1,-1,,1991.701174,3.013,4.027,4.027,1,8,3,1.5,false,2,8.666,,,,,,,,,,,,,,,,,,,,,,,,,,,,,,,,,,,,,,,,,,0,0,0,0,false,0,0,,0,0,0,0,0,0,0,,,,,false,{},{},{},{},{},{},{},0,0,0.208,0,0,0.016,0,0,0,0,0,0,0,0,0,0,0,0,100,0,5.294,11.349,0.078,5.07,0,0,0,9,9,0,321,0,17,2,0,0,1,2400,0.021,0.025,0,ACTIVE,ACTIVE,,4095,4095,0,,true,16,false,0,0,true,1.8491,0.0013,19200,2280,0,,,,,,0,,,0,0,2,1076,1076,0,767558139280,4.04,0,0.03,0,0,1078,1077,2400,true,0,0,0,0,0,0,12,12,52824,0,0,0,0,0,0,0,0,0,0,0,0,0,,0,0,0,0,0,0,0,0,0,0,0,0,0,0,0,0,0,0,,0,0,0,0,0,0,false,
1078,1079,43960,false,145,50,1.865,0,1.669,0,dynamic_visual_atlas_upload,,,cell_indirection_lut,1.205,2400,2400,0,0,-1,-1,,1991.701174,3.013,4.027,4.027,1,8,3,1.5,false,2,8.666,,,,,,,,,,,,,,,,,,,,,,,,,,,,,,,,,,,,,,,,,,0,0,0,0,false,0,0,,0,0,0,0,0,0,0,,,,,false,{},{},{},{},{},{},{},0,3.055,3.269,0,0,0.016,0,0,0,0,0,0,0,0,0,0,0,0,100,0,8.6185,11.349,0.078,5.3335,0,0,0,9,9,0,321,0,17,2,0,0,1,2400,0.021,0.025,0,ACTIVE,ACTIVE,,4095,4095,0,,true,16,false,0,0,true,2.3067,0.0021,19200,2278,0,,,,,,0,,,0,0,2,1077,1077,0,767558157414,3.167,0,0.029,0,0,1079,1078,2400,true,0,0,0,0,0,0,12,12,19224,0,0,0,0,0,0,0,0,0,0,0,0,0,,0,0,0,0,0,0,0,0,0,0,0,0,0,0,0,0,0,0,,0,0,0,0,0,0,false,
1079,1080,43984,false,145,50,1.468,0,1.291,0,dynamic_visual_atlas_upload,,,cell_indirection_lut,1.205,2400,2400,0,0,-1,-1,,1991.701174,3.013,4.027,4.027,1,8,3,1.5,false,2,8.666,,,,,,,,,,,,,,,,,,,,,,,,,,,,,,,,,,,,,,,,,,0,0,0,0,false,0,0,,0,0,0,0,0,0,0,,,,,false,{},{},{},{},{},{},{},0,6.33,6.499,0,0,0.014,0,0,0,0,0,0,0,0,0,0,0,0,100,0,7.844,11.349,0.078,1.331,0,0,0,9,9,0,321,0,17,2,0,0,1,2400,0.021,0.025,0,ACTIVE,ACTIVE,,4095,4095,0,,true,16,false,0,0,true,1.8663,0.0015,19200,2279,0,,,,,,0,,,0,0,2,1078,1078,0,767558175832,8.242,0,0.029,0,0,1080,1079,2400,true,0,0,0,0,0,0,12,12,19224,0,0,0,0,0,0,0,0,0,0,0,0,0,,0,0,0,0,0,0,0,0,0,0,0,0,0,0,0,0,0,0,,0,0,0,0,0,0,false,
1080,1081,44002,false,145,50,1.446,0,1.284,0,dynamic_visual_atlas_upload,,,cell_indirection_lut,1.205,2400,2400,0,0,-1,-1,,1991.701174,3.013,4.027,4.027,1,8,3,1.5,false,2,8.666,,,,,,,,,,,,,,,,,,,,,,,,,,,,,,,,,,,,,,,,,,0,0,0,0,false,0,0,,0,0,0,0,0,0,0,,,,,false,{},{},{},{},{},{},{},0,3.89,4.079,0,0,0.019,0,0,0,0,0,0,0,0,0,0,0,0,100,0,6.070667,11.349,0.078,1.972667,0,0,0,9,9,0,321,0,17,2,0,0,1,2400,0.021,0.025,0,ACTIVE,ACTIVE,,4095,4095,0,,true,16,false,0,0,true,2.862,0.0013,21600,2279,0,,,,,,0,,,0,0,2,1079,1079,0,767558195568,6.724,0,0.028,0,0,1081,1080,2400,true,0,0,0,0,0,0,12,12,19224,0,0,0,0,0,0,0,0,0,0,0,0,0,,0,0,0,0,0,0,0,0,0,0,0,0,0,0,0,0,0,0,,0,0,0,0,0,0,false,
1081,1082,44022,false,145,50,1.632,0,1.416,0,dynamic_visual_atlas_upload,,,cell_indirection_lut,1.205,2400,2400,0,0,-1,-1,,1991.701174,3.013,4.027,4.027,1,8,3,1.5,false,2,8.666,,,,,,,,,,,,,,,,,,,,,,,,,,,,,,,,,,,,,,,,,,0,0,0,0,false,0,0,,0,0,0,0,0,0,0,,,,,false,{},{},{},{},{},{},{},0,3.153,3.336,0,0,0.016,0,0,0,0,0,0,0,0,0,0,0,0,100,0,6.726667,11.18,0.079,3.374667,0,0,0,9,9,0,321,0,17,2,0,0,1,2400,0.021,0.025,0,ACTIVE,ACTIVE,,4095,4095,0,,true,16,false,0,0,true,2.037,0.0012,19200,1450,0,,,,,,0,,,0,0,2,1080,1080,0,767558218155,4.425,0,0.032,0,0,1082,1081,2400,true,0,0,0,0,0,0,12,12,21624,0,0,0,0,0,0,0,0,0,0,0,0,0,,0,0,0,0,0,0,0,0,0,0,0,0,0,0,0,0,0,0,,0,0,0,0,0,0,false,
1082,1083,44043,false,145,50,1.723,0,1.453,0,dynamic_visual_atlas_upload,,,cell_indirection_lut,1.205,2400,2400,0,0,-1,-1,,1991.701174,3.013,4.027,4.027,1,8,3,1.5,false,2,8.666,,,,,,,,,,,,,,,,,,,,,,,,,,,,,,,,,,,,,,,,,,0,0,0,0,false,0,0,,0,0,0,0,0,0,0,,,,,false,{},{},{},{},{},{},{},0,3.174,3.531,0,0,0.017,0,0,0,0,0,0,0,0,0,0,0,0,100,0,7.036667,11.18,0.079,3.488667,0,0,0,9,9,0,321,0,17,2,0,0,1,2400,0.021,0.025,0,ACTIVE,ACTIVE,,4095,4095,0,,true,16,false,0,0,true,2.3732,0.0012,24000,2279,0,,,,,,0,,,0,0,2,1081,1081,0,767558237560,6.053,0,0.028,0,0,1083,1082,2400,true,0,0,0,0,0,0,12,12,19224,0,0,0,0,0,0,0,0,0,0,0,0,0,,0,0,0,0,0,0,0,0,0,0,0,0,0,0,0,0,0,0,,0,0,0,0,0,0,false,
1083,1084,44064,false,145,50,1.549,0,1.349,0,dynamic_visual_atlas_upload,,,cell_indirection_lut,1.205,2400,2400,0,0,-1,-1,,1991.701174,3.013,4.027,4.027,1,8,3,1.5,false,2,8.666,,,,,,,,,,,,,,,,,,,,,,,,,,,,,,,,,,,,,,,,,,0,0,0,0,false,0,0,,0,0,0,0,0,0,0,,,,,false,{},{},{},{},{},{},{},0,3.77,3.956,0,0,0.017,0,0,0,0,0,0,0,0,0,0,0,0,100,0,6.995667,11.18,0.079,3.022667,0,0,0,9,9,0,321,0,17,2,0,0,1,2400,0.021,0.025,0,ACTIVE,ACTIVE,,4095,4095,0,,true,16,false,0,0,true,2.0853,0.0013,19200,1486,0,,,,,,0,,,0,0,2,1082,1082,0,767558259307,5.321,0,0.03,0,0,1084,1083,2400,true,0,0,0,0,0,0,12,12,24024,0,0,0,0,0,0,0,0,0,0,0,0,0,,0,0,0,0,0,0,0,0,0,0,0,0,0,0,0,0,0,0,,0,0,0,0,0,0,false,
1084,1085,44091,false,145,50,2.789,0,2.494,0,dynamic_visual_atlas_upload,,,cell_indirection_lut,1.205,2400,2400,0,0,-1,-1,,1991.701174,3.013,4.027,4.027,1,8,3,1.5,false,2,8.666,,,,,,,,,,,,,,,,,,,,,,,,,,,,,,,,,,,,,,,,,,0,0,0,0,false,0,0,,0,0,0,0,0,0,0,,,,,false,{},{},{},{},{},{},{},0,6.63,6.97,0,0,0.018,0,0,0,0,0,0,0,0,0,0,0,0,100,0,8.766,11.18,0.079,1.778,0,0,0,9,9,0,321,0,17,2,0,0,1,2400,0.021,0.025,0,ACTIVE,ACTIVE,,4095,4095,0,,true,16,false,0,0,true,3.8966,0.0029,52800,2280,0,,,,,,0,,,0,0,2,1083,1083,0,767558280267,10.725,0,0.029,0,0,1085,1084,2400,true,0,0,0,0,0,0,12,12,19224,0,0,0,0,0,0,0,0,0,0,0,0,0,,0,0,0,0,0,0,0,0,0,0,0,0,0,0,0,0,0,0,,0,0,0,0,0,0,false,
1085,1086,44122,false,145,50,2.976,0,2.635,0,dynamic_visual_atlas_upload,,,cell_indirection_lut,1.205,2400,2400,0,0,-1,-1,,1991.701174,3.013,4.027,4.027,1,8,3,1.5,false,2,8.666,,,,,,,,,,,,,,,,,,,,,,,,,,,,,,,,,,,,,,,,,,0,0,0,0,false,0,0,,0,0,0,0,0,0,0,,,,,false,{},{},{},{},{},{},{},0,4.421,4.919,0,0,0.019,0,0,0,0,0,0,0,0,0,0,0,0,100,0,6.3126,11.18,0.079,1.3746,0,0,0,9,9,0,321,0,17,2,0,0,1,2400,0.021,0.025,0,ACTIVE,ACTIVE,,4095,4095,0,,true,16,false,0,0,true,1.9515,0.0015,19200,1680,0,,,,,,0,,,0,0,2,1084,1084,0,767558308499,14.059,0,0.048,0,0,1087,1086,2400,true,0,0,0,0,0,0,12,12,52824,0,0,0,0,0,0,0,0,0,0,0,0,0,,0,0,0,0,0,0,0,0,0,0,0,0,0,0,0,0,0,0,,0,0,0,0,0,0,false,
1086,1087,44142,false,145,50,1.68,0,1.432,0,dynamic_visual_atlas_upload,,,cell_indirection_lut,1.205,2400,2400,0,0,-1,-1,,1991.701174,3.013,4.027,4.027,1,8,3,1.5,false,2,8.666,,,,,,,,,,,,,,,,,,,,,,,,,,,,,,,,,,,,,,,,,,0,0,0,0,false,0,0,,0,0,0,0,0,0,0,,,,,false,{},{},{},{},{},{},{},0,5.207,5.531,0,0,0.022,0,0,0,0,0,0,0,0,0,0,0,0,100,0,6.529667,11.18,0.079,0.976667,0,0,0,9,9,0,321,0,17,2,0,0,1,2400,0.021,0.025,0,ACTIVE,ACTIVE,,4095,4095,0,,true,16,false,0,0,true,2.7735,0.0014,21600,2278,0,,,,,,0,,,0,0,2,1085,1085,0,767558329901,12.345,0,0.05,0,0,1088,1087,2400,true,0,0,0,0,0,0,12,12,19224,0,0,0,0,0,0,0,0,0,0,0,0,0,,0,0,0,0,0,0,0,0,0,0,0,0,0,0,0,0,0,0,,0,0,0,0,0,0,false,
1087,1088,44161,false,145,50,1.506,0,1.358,0,dynamic_visual_atlas_upload,,,cell_indirection_lut,1.205,2400,2400,0,0,-1,-1,,1991.701174,3.013,4.027,4.027,1,8,3,1.5,false,2,8.666,,,,,,,,,,,,,,,,,,,,,,,,,,,,,,,,,,,,,,,,,,0,0,0,0,false,0,0,,0,0,0,0,0,0,0,,,,,false,{},{},{},{},{},{},{},0,3.739,3.936,0,0,0.016,0,0,0,0,0,0,0,0,0,0,0,0,100,0,6.252333,11.18,0.079,2.300333,0,0,0,9,9,0,321,0,17,2,0,0,1,2400,0.021,0.025,0,ACTIVE,ACTIVE,,4095,4095,0,,true,16,false,0,0,true,2.0556,0.0013,19200,2278,0,,,,,,0,,,0,0,2,1086,1086,0,767558351521,9.278,0,0.036,0,0,1089,1088,2400,true,0,0,0,0,0,0,12,12,21624,0,0,0,0,0,0,0,0,0,0,0,0,0,,0,0,0,0,0,0,0,0,0,0,0,0,0,0,0,0,0,0,,0,0,0,0,0,0,false,
1088,1089,44181,false,145,50,1.597,0,1.403,0,dynamic_visual_atlas_upload,,,cell_indirection_lut,1.205,2400,2400,0,0,-1,-1,,1991.701174,3.013,4.027,4.027,1,8,3,1.5,false,2,8.666,,,,,,,,,,,,,,,,,,,,,,,,,,,,,,,,,,,,,,,,,,0,0,0,0,false,0,0,,0,0,0,0,0,0,0,,,,,false,{},{},{},{},{},{},{},0,3.659,3.86,0,0,0.016,0,0,0,0,0,0,0,0,0,0,0,0,100,0,6.909,11.18,0.079,3.033,0,0,0,9,9,0,321,0,17,2,0,0,1,2400,0.021,0.025,0,ACTIVE,ACTIVE,,4095,4095,0,,true,16,false,0,0,true,1.872,0.0011,19200,2278,0,,,,,,0,,,0,0,2,1087,1087,0,767558370850,10.662,0,0.029,0,0,1090,1089,2400,true,0,0,0,0,0,0,12,12,19224,0,0,0,0,0,0,0,0,0,0,0,0,0,,0,0,0,0,0,0,0,0,0,0,0,0,0,0,0,0,0,0,,0,0,0,0,0,0,false,
1089,1090,44201,false,145,50,1.463,0,1.327,0,dynamic_visual_atlas_upload,,,cell_indirection_lut,1.205,2400,2400,0,0,-1,-1,,1991.701174,3.013,4.027,4.027,1,8,3,1.5,false,2,8.666,,,,,,,,,,,,,,,,,,,,,,,,,,,,,,,,,,,,,,,,,,0,0,0,0,false,0,0,,0,0,0,0,0,0,0,,,,,false,{},{},{},{},{},{},{},0,3.341,3.514,0,0,0.014,0,0,0,0,0,0,0,0,0,0,0,0,100,0,6.701,11.18,0.079,3.173,0,0,0,9,9,0,321,0,17,2,0,0,1,2400,0.021,0.025,0,ACTIVE,ACTIVE,,4095,4095,0,,true,16,false,0,0,true,1.8195,0.001,19200,2278,0,,,,,,0,,,0,0,2,1088,1088,0,767558390261,11.33,0,0.031,0,0,1091,1090,2400,true,0,0,0,0,0,0,12,12,19224,0,0,0,0,0,0,0,0,0,0,0,0,0,,0,0,0,0,0,0,0,0,0,0,0,0,0,0,0,0,0,0,,0,0,0,0,0,0,false,
1090,1091,44214,false,145,50,2.626,0,2.287,0,dynamic_visual_atlas_upload,,,cell_indirection_lut,1.205,2400,2400,0,0,-1,-1,,1991.701174,3.013,4.027,4.027,1,8,3,1.5,false,2,8.666,,,,,,,,,,,,,,,,,,,,,,,,,,,,,,,,,,,,,,,,,,0,0,0,0,false,0,0,,0,0,0,0,0,0,0,,,,,false,{},{},{},{},{},{},{},0,0,0.406,0,0,0.026,0,0,0,0,0,0,0,0,0,0,0,0,100,0,6.433,11.18,0.079,6.001,0,0,0,9,9,0,321,0,17,2,0,0,1,2400,0.021,0.025,0,ACTIVE,ACTIVE,,4095,4095,0,,true,16,false,0,0,true,2.2313,0.0024,19200,2278,0,,,,,,0,,,0,0,2,1089,1089,0,767558408025,6.551,0,0.029,0,0,1091,1090,2400,true,0,0,0,0,0,0,12,12,19224,0,0,0,0,0,0,0,0,0,0,0,0,0,,0,0,0,0,0,0,0,0,0,0,0,0,0,0,0,0,0,0,,0,0,0,0,0,0,false,
1091,1092,44233,false,145,50,1.48,0,1.311,0,dynamic_visual_atlas_upload,,,cell_indirection_lut,1.205,2400,2400,0,0,-1,-1,,1991.701174,3.013,4.027,4.027,1,8,3,1.5,false,2,8.666,,,,,,,,,,,,,,,,,,,,,,,,,,,,,,,,,,,,,,,,,,0,0,0,0,false,0,0,,0,0,0,0,0,0,0,,,,,false,{},{},{},{},{},{},{},0,0,0.234,0,0,0.017,0,0,0,0,0,0,0,0,0,0,0,0,100,0,6.251,11.18,0.079,6,0,0,0,9,9,0,321,0,17,2,0,0,1,2400,0.021,0.025,0,ACTIVE,ACTIVE,,4095,4095,0,,true,16,false,0,0,true,1.9028,0.0009,19200,2278,0,,,,,,0,,,0,0,2,1090,1090,0,767558429062,4.212,0,0.032,0,0,1092,1091,2400,true,0,0,0,0,0,0,12,12,19224,0,0,0,0,0,0,0,0,0,0,0,0,0,,0,0,0,0,0,0,0,0,0,0,0,0,0,0,0,0,0,0,,0,0,0,0,0,0,false,
1092,1093,44254,false,145,50,1.464,0,1.28,0,dynamic_visual_atlas_upload,,,cell_indirection_lut,1.205,2400,2400,0,0,-1,-1,,1991.701174,3.013,4.027,4.027,1,8,3,1.5,false,2,8.666,,,,,,,,,,,,,,,,,,,,,,,,,,,,,,,,,,,,,,,,,,0,0,0,0,false,0,0,,0,0,0,0,0,0,0,,,,,false,{},{},{},{},{},{},{},0,0,0.203,0,0,0.013,0,0,0,0,0,0,0,0,0,0,0,0,100,0,6.847333,11.18,0.079,6.631333,0,0,0,9,9,0,321,0,17,2,0,0,1,2400,0.021,0.025,0,ACTIVE,ACTIVE,,4095,4095,0,,true,16,false,0,0,true,3.4174,0.0013,55200,2280,0,,,,,,0,,,0,0,2,1091,1091,0,767558447814,5.981,0,0.03,0,0,1093,1092,2400,true,0,0,0,0,0,0,12,12,19224,0,0,0,0,0,0,0,0,0,0,0,0,0,,0,0,0,0,0,0,0,0,0,0,0,0,0,0,0,0,0,0,,0,0,0,0,0,0,false,
1093,1094,44275,false,145,50,1.714,0,1.457,0,dynamic_visual_atlas_upload,,,cell_indirection_lut,1.205,2400,2400,0,0,-1,-1,,1991.701174,3.013,4.027,4.027,1,8,3,1.5,false,2,8.666,,,,,,,,,,,,,,,,,,,,,,,,,,,,,,,,,,,,,,,,,,0,0,0,0,false,0,0,,0,0,0,0,0,0,0,,,,,false,{},{},{},{},{},{},{},0.001,0,0.257,0,0,0.016,0,0,0,0,0,0,0,0,0,0,0,0,100,0,7.098,11.18,0.079,6.825,0,0,0,9,9,0,321,0,17,2,0,0,1,2400,0.021,0.025,0,ACTIVE,ACTIVE,,4095,4095,0,,true,16,false,0,0,true,2.2069,0.0017,19200,2280,0,,,,,,0,,,0,0,2,1092,1092,0,767558469274,5.818,0,0.027,0,0,1094,1093,2400,true,0,0,0,0,0,0,12,12,55224,0,0,0,0,0,0,0,0,0,0,0,0,0,,0,0,0,0,0,0,0,0,0,0,0,0,0,0,0,0,0,0,,0,0,0,0,0,0,false,
1094,1095,44294,false,145,50,1.515,0,1.333,0,dynamic_visual_atlas_upload,,,cell_indirection_lut,1.205,2400,2400,0,0,-1,-1,,1991.701174,3.013,4.027,4.027,1,8,3,1.5,false,2,8.666,,,,,,,,,,,,,,,,,,,,,,,,,,,,,,,,,,,,,,,,,,0,0,0,0,false,0,0,,0,0,0,0,0,0,0,,,,,false,{},{},{},{},{},{},{},0,12.516,12.708,0,0,0.017,0,0,0,0,0,0,0,0,0,0,0,0,100,0,19.065,11.18,0.079,6.34,0,0,0,9,9,0,321,0,17,2,0,0,1,2400,0.021,0.025,0,ACTIVE,ACTIVE,,4095,4095,0,,true,16,false,0,0,true,1.9762,0.0012,19200,2278,0,,,,,,0,,,0,0,2,1093,1093,0,767558490127,4.005,0,0.031,0,0,1095,1094,2400,true,0,0,0,0,0,0,12,12,19224,0,0,0,0,0,0,0,0,0,0,0,0,0,,0,0,0,0,0,0,0,0,0,0,0,0,0,0,0,0,0,0,,0,0,0,0,0,0,false,
1095,1096,44313,false,145,50,1.627,0,1.369,0,dynamic_visual_atlas_upload,,,cell_indirection_lut,1.205,2400,2400,0,0,-1,-1,,1991.701174,3.013,4.027,4.027,1,8,3,1.5,false,2,8.666,,,,,,,,,,,,,,,,,,,,,,,,,,,,,,,,,,,,,,,,,,0,0,0,0,false,0,0,,0,0,0,0,0,0,0,,,,,false,{},{},{},{},{},{},{},0,12.516,12.708,0,0,0.014,0,0,0,0,0,0,0,0,0,0,0,0,100,0,4.75425,11.18,0.079,0,0,0,0,11,11,0,321,0,14,2,0,0,1,2400,0.021,0.025,0,ACTIVE,ACTIVE,,4095,4095,0,,true,16,false,0,0,true,1.9762,0.0012,19200,2278,0,,,,,,0,,,0,0,4,1094,1094,0,767558510231,2.913,0,0.031,0,0,1095,1094,2400,true,0,0,0,0,0,0,12,12,19224,0,0,0,0,0,0,0,0,0,0,0,0,0,,0,0,0,0,0,0,0,0,0,0,0,0,0,0,0,0,0,0,,0,0,0,0,0,0,false,
1096,1097,45051,false,71,50,2.573,0,2.202,0,dynamic_visual_atlas_upload,,,cell_indirection_lut,1.205,2400,2400,0,0,-1,-1,,1991.701174,3.013,4.027,4.027,1,8,3,1.5,false,2,8.666,,,,,,,,,,,,,,,,,,,,,,,,,,,,,,,,,,,,,,,,,,0,0,0,0,false,0,0,,0,0,0,0,0,0,0,,,,,false,{},{},{},{},{},{},{},0,7.724,8.042,0,0,0.017,0,0,0,0,0,0,0,0,0,0,0,0,100,0,24.611167,534.895,0.075,16.552167,0,0,0,11,11,0,321,0,14,2,0,0,1,2400,0.021,0.025,0,ACTIVE,ACTIVE,,4095,4095,0,,true,16,false,0,0,true,2.0013,0.0022,19200,1423,0,,,,,,0,,,0,0,2,1095,1095,0,767559246583,5.004,0,0.028,0,0,1098,1097,2400,true,0,0,0,0,0,0,12,12,19224,0,0,0,0,0,0,0,0,0,0,0,0,0,,0,0,0,0,0,0,0,0,0,0,0,0,0,0,0,0,0,0,,0,0,0,0,0,0,false,
1097,1098,45074,false,71,50,1.745,0,1.523,0,dynamic_visual_atlas_upload,,,cell_indirection_lut,1.205,2400,2400,0,0,-1,-1,,1991.701174,3.013,4.027,4.027,1,8,3,1.5,false,2,8.666,,,,,,,,,,,,,,,,,,,,,,,,,,,,,,,,,,,,,,,,,,0,0,0,0,false,0,0,,0,0,0,0,0,0,0,,,,,false,{},{},{},{},{},{},{},0,4.015,4.217,0,0,0.018,0,0,0,0,0,0,0,0,0,0,0,0,100,0,5.74875,534.895,0.075,1.51375,0,0,0,11,11,0,321,0,14,2,0,0,1,2400,0.021,0.025,0,ACTIVE,ACTIVE,,4095,4095,0,,true,16,false,0,0,true,1.9086,0.0014,19200,2280,0,,,,,,0,,,0,0,2,1096,1096,0,767559265639,8.866,0,0.044,0,0,1100,1099,2400,true,0,0,0,0,0,0,12,12,19224,0,0,0,0,0,0,0,0,0,0,0,0,0,,0,0,0,0,0,0,0,0,0,0,0,0,0,0,0,0,0,0,,0,0,0,0,0,0,false,
1098,1099,45094,false,71,50,1.419,0,1.279,0,dynamic_visual_atlas_upload,,,cell_indirection_lut,1.205,2400,2400,0,0,-1,-1,,1991.701174,3.013,4.027,4.027,1,8,3,1.5,false,2,8.666,,,,,,,,,,,,,,,,,,,,,,,,,,,,,,,,,,,,,,,,,,0,0,0,0,false,0,0,,0,0,0,0,0,0,0,,,,,false,{},{},{},{},{},{},{},0.001,3.843,4.025,0,0,0.018,0,0,0,0,0,0,0,0,0,0,0,0,100,0,6.684,534.895,0.075,2.641,0,0,0,11,11,0,321,0,14,2,0,0,1,2400,0.021,0.025,0,ACTIVE,ACTIVE,,4095,4095,0,,true,16,false,0,0,true,2.5987,0.0012,21600,2280,0,,,,,,0,,,0,0,2,1097,1097,0,767559286077,8.701,0,0.035,0,0,1101,1100,2400,true,0,0,0,0,0,0,12,12,19224,0,0,0,0,0,0,0,0,0,0,0,0,0,,0,0,0,0,0,0,0,0,0,0,0,0,0,0,0,0,0,0,,0,0,0,0,0,0,false,
1099,1100,45115,false,71,50,1.482,0,1.33,0,dynamic_visual_atlas_upload,,,cell_indirection_lut,1.205,2400,2400,0,0,-1,-1,,1991.701174,3.013,4.027,4.027,1,8,3,1.5,false,2,8.666,,,,,,,,,,,,,,,,,,,,,,,,,,,,,,,,,,,,,,,,,,0,0,0,0,false,0,0,,0,0,0,0,0,0,0,,,,,false,{},{},{},{},{},{},{},0,3.522,3.716,0,0,0.015,0,0,0,0,0,0,0,0,0,0,0,0,100,0,6.800333,534.895,0.075,3.069333,0,0,0,11,11,0,321,0,14,2,0,0,1,2400,0.021,0.025,0,ACTIVE,ACTIVE,,4095,4095,0,,true,16,false,0,0,true,1.8774,0.0012,19200,2258,0,,,,,,0,,,0,0,2,1098,1098,0,767559305042,9.984,0,0.031,0,0,1102,1101,2400,true,0,0,0,0,0,0,12,12,21624,0,0,0,0,0,0,0,0,0,0,0,0,0,,0,0,0,0,0,0,0,0,0,0,0,0,0,0,0,0,0,0,,0,0,0,0,0,0,false,
1100,1101,45125,false,71,50,1.449,0,1.293,0,dynamic_visual_atlas_upload,,,cell_indirection_lut,1.205,2400,2400,0,0,-1,-1,,1991.701174,3.013,4.027,4.027,1,8,3,1.5,false,2,8.666,,,,,,,,,,,,,,,,,,,,,,,,,,,,,,,,,,,,,,,,,,0,0,0,0,false,0,0,,0,0,0,0,0,0,0,,,,,false,{},{},{},{},{},{},{},0,0,0.188,0,0,0.014,0,0,0,0,0,0,0,0,0,0,0,0,100,0,5.315,534.895,0.075,5.113,0,0,0,11,11,0,321,0,14,2,0,0,1,2400,0.021,0.025,0,ACTIVE,ACTIVE,,4095,4095,0,,true,16,false,0,0,true,1.8774,0.0012,19200,2258,0,,,,,,0,,,0,0,2,1099,1099,0,767559323380,2.171,0,0.034,0,0,1102,1101,2400,true,0,0,0,0,0,0,12,12,19224,0,0,0,0,0,0,0,0,0,0,0,0,0,,0,0,0,0,0,0,0,0,0,0,0,0,0,0,0,0,0,0,,0,0,0,0,0,0,false,
1101,1102,45150,false,71,50,1.373,0,1.237,0,dynamic_visual_atlas_upload,,,cell_indirection_lut,1.205,2400,2400,0,0,-1,-1,,1991.701174,3.013,4.027,4.027,1,8,3,1.5,false,2,8.666,,,,,,,,,,,,,,,,,,,,,,,,,,,,,,,,,,,,,,,,,,0,0,0,0,false,0,0,,0,0,0,0,0,0,0,,,,,false,{},{},{},{},{},{},{},0,4.126,4.303,0,0,0.016,0,0,0,0,0,0,0,0,0,0,0,0,100,0,8.119,534.895,0.075,3.8,0,0,0,11,11,0,321,0,14,2,0,0,1,2400,0.021,0.025,0,ACTIVE,ACTIVE,,4095,4095,0,,true,16,false,0,0,true,1.8656,0.0018,19200,2280,0,,,,,,0,,,0,0,2,1100,1100,0,767559343682,6.255,0,0.069,0,0,1104,1103,2400,true,0,0,0,0,0,0,12,12,52824,0,0,0,0,0,0,0,0,0,0,0,0,0,,0,0,0,0,0,0,0,0,0,0,0,0,0,0,0,0,0,0,,0,0,0,0,0,0,false,
1102,1103,45170,false,71,50,1.399,0,1.263,0,dynamic_visual_atlas_upload,,,cell_indirection_lut,1.205,2400,2400,0,0,-1,-1,,1991.701174,3.013,4.027,4.027,1,8,3,1.5,false,2,8.666,,,,,,,,,,,,,,,,,,,,,,,,,,,,,,,,,,,,,,,,,,0,0,0,0,false,0,0,,0,0,0,0,0,0,0,,,,,false,{},{},{},{},{},{},{},0,3.358,3.535,0,0,0.014,0,0,0,0,0,0,0,0,0,0,0,0,100,0,6.655,534.895,0.075,3.106,0,0,0,11,11,0,321,0,14,2,0,0,1,2400,0.021,0.025,0,ACTIVE,ACTIVE,,4095,4095,0,,true,16,false,0,0,true,1.8426,0.001,19200,2279,0,,,,,,0,,,0,0,2,1101,1101,0,767559362783,7.138,0,0.028,0,0,1105,1104,2400,true,0,0,0,0,0,0,12,12,19224,0,0,0,0,0,0,0,0,0,0,0,0,0,,0,0,0,0,0,0,0,0,0,0,0,0,0,0,0,0,0,0,,0,0,0,0,0,0,false,
1103,1104,45190,false,71,50,1.371,0,1.25,0,dynamic_visual_atlas_upload,,,cell_indirection_lut,1.205,2400,2400,0,0,-1,-1,,1991.701174,3.013,4.027,4.027,1,8,3,1.5,false,2,8.666,,,,,,,,,,,,,,,,,,,,,,,,,,,,,,,,,,,,,,,,,,0,0,0,0,false,0,0,,0,0,0,0,0,0,0,,,,,false,{},{},{},{},{},{},{},0,3.338,3.501,0,0,0.015,0,0,0,0,0,0,0,0,0,0,0,0,100,0,6.921667,534.895,0.075,3.405667,0,0,0,11,11,0,321,0,14,2,0,0,1,2400,0.021,0.025,0,ACTIVE,ACTIVE,,4095,4095,0,,true,16,false,0,0,true,1.8051,0.0009,19200,2280,0,,,,,,0,,,0,0,2,1102,1102,0,767559381834,8.851,0,0.027,0,0,1106,1105,2400,true,0,0,0,0,0,0,12,12,19224,0,0,0,0,0,0,0,0,0,0,0,0,0,,0,0,0,0,0,0,0,0,0,0,0,0,0,0,0,0,0,0,,0,0,0,0,0,0,false,
1104,1105,45212,false,71,50,1.939,0,1.551,0,dynamic_visual_atlas_upload,,,cell_indirection_lut,1.205,2400,2400,0,0,-1,-1,,1991.701174,3.013,4.027,4.027,1,8,3,1.5,false,2,8.666,,,,,,,,,,,,,,,,,,,,,,,,,,,,,,,,,,,,,,,,,,0,0,0,0,false,0,0,,0,0,0,0,0,0,0,,,,,false,{},{},{},{},{},{},{},0,3.374,3.556,0,0,0.016,0,0,0,0,0,0,0,0,0,0,0,0,100,0,7.059667,534.895,0.075,3.487667,0,0,0,11,11,0,321,0,14,2,0,0,1,2400,0.021,0.025,0,ACTIVE,ACTIVE,,4095,4095,0,,true,16,false,0,0,true,2.6248,0.0015,21600,2280,0,,,,,,0,,,0,0,2,1103,1103,0,767559400025,11.863,0,0.029,0,0,1107,1106,2400,true,0,0,0,0,0,0,12,12,19224,0,0,0,0,0,0,0,0,0,0,0,0,0,,0,0,0,0,0,0,0,0,0,0,0,0,0,0,0,0,0,0,,0,0,0,0,0,0,false,
1105,1106,45223,false,71,50,1.546,0,1.364,0,dynamic_visual_atlas_upload,,,cell_indirection_lut,1.205,2400,2400,0,0,-1,-1,,1991.701174,3.013,4.027,4.027,1,8,3,1.5,false,2,8.666,,,,,,,,,,,,,,,,,,,,,,,,,,,,,,,,,,,,,,,,,,0,0,0,0,false,0,0,,0,0,0,0,0,0,0,,,,,false,{},{},{},{},{},{},{},0,0,0.265,0,0,0.017,0,0,0,0,0,0,0,0,0,0,0,0,100,0,5.4755,534.895,0.075,5.1935,0,0,0,11,11,0,321,0,14,2,0,0,1,2400,0.021,0.025,0,ACTIVE,ACTIVE,,4095,4095,0,,true,16,false,0,0,true,1.9921,0.001,19200,2277,0,,,,,,0,,,0,0,2,1104,1104,0,767559419149,3.651,0,0.03,0,0,1107,1106,2400,true,0,0,0,0,0,0,12,12,21624,0,0,0,0,0,0,0,0,0,0,0,0,0,,0,0,0,0,0,0,0,0,0,0,0,0,0,0,0,0,0,0,,0,0,0,0,0,0,false,
1106,1107,45245,false,71,50,2.487,0,2.254,0,dynamic_visual_atlas_upload,,,cell_indirection_lut,1.205,2400,2400,0,0,-1,-1,,1991.701174,3.013,4.027,4.027,1,8,3,1.5,false,2,8.666,,,,,,,,,,,,,,,,,,,,,,,,,,,,,,,,,,,,,,,,,,0,0,0,0,false,0,0,,0,0,0,0,0,0,0,,,,,false,{},{},{},{},{},{},{},0,0.001,0.392,0,0,0.025,0,0,0,0,0,0,0,0,0,0,0,0,100,0,7.468667,534.895,0.075,7.051667,0,0,0,11,11,0,321,0,14,2,0,0,1,2400,0.021,0.025,0,ACTIVE,ACTIVE,,4095,4095,0,,true,16,false,0,0,true,1.8284,0.001,19200,2280,0,,,,,,0,,,0,0,2,1105,1105,0,767559437155,8.258,0,0.029,0,0,1108,1107,2400,true,0,0,0,0,0,0,12,12,19224,0,0,0,0,0,0,0,0,0,0,0,0,0,,0,0,0,0,0,0,0,0,0,0,0,0,0,0,0,0,0,0,,0,0,0,0,0,0,false,
1107,1108,45263,false,71,50,1.39,0,1.246,0,dynamic_visual_atlas_upload,,,cell_indirection_lut,1.205,2400,2400,0,0,-1,-1,,1991.701174,3.013,4.027,4.027,1,8,3,1.5,false,2,8.666,,,,,,,,,,,,,,,,,,,,,,,,,,,,,,,,,,,,,,,,,,0,0,0,0,false,0,0,,0,0,0,0,0,0,0,,,,,false,{},{},{},{},{},{},{},0,0,0.172,0,0,0.011,0,0,0,0,0,0,0,0,0,0,0,0,100,0,6.019,534.895,0.075,5.836,0,0,0,11,11,0,321,0,14,2,0,0,1,2400,0.021,0.025,0,ACTIVE,ACTIVE,,4095,4095,0,,true,16,false,0,0,true,1.7772,0.001,19200,2280,0,,,,,,0,,,0,0,2,1106,1106,0,767559455115,8.142,0,0.047,0,0,1109,1108,2400,true,0,0,0,0,0,0,12,12,19224,0,0,0,0,0,0,0,0,0,0,0,0,0,,0,0,0,0,0,0,0,0,0,0,0,0,0,0,0,0,0,0,,0,0,0,0,0,0,false,
1108,1109,45277,false,71,50,1.396,0,1.251,0,dynamic_visual_atlas_upload,,,cell_indirection_lut,1.205,2400,2400,0,0,-1,-1,,1991.701174,3.013,4.027,4.027,1,8,3,1.5,false,2,8.666,,,,,,,,,,,,,,,,,,,,,,,,,,,,,,,,,,,,,,,,,,0,0,0,0,false,0,0,,0,0,0,0,0,0,0,,,,,false,{},{},{},{},{},{},{},0,0.001,0.189,0,0,0.014,0,0,0,0,0,0,0,0,0,0,0,0,100,0,6.9285,534.895,0.075,6.7255,0,0,0,11,11,0,321,0,14,2,0,0,1,2400,0.021,0.025,0,ACTIVE,ACTIVE,,4095,4095,0,,true,16,false,0,0,true,2.8239,0.0012,52800,2280,0,,,,,,0,,,0,0,2,1107,1107,0,767559473825,3.549,0,0.026,0,0,1110,1109,2400,true,0,0,0,0,0,0,12,12,19224,0,0,0,0,0,0,0,0,0,0,0,0,0,,0,0,0,0,0,0,0,0,0,0,0,0,0,0,0,0,0,0,,0,0,0,0,0,0,false,
1109,1110,45298,false,71,50,1.422,0,1.246,0,dynamic_visual_atlas_upload,,,cell_indirection_lut,1.205,2400,2400,0,0,-1,-1,,1991.701174,3.013,4.027,4.027,1,8,3,1.5,false,2,8.666,,,,,,,,,,,,,,,,,,,,,,,,,,,,,,,,,,,,,,,,,,0,0,0,0,false,0,0,,0,0,0,0,0,0,0,,,,,false,{},{},{},{},{},{},{},0,0,0.198,0,0,0.015,0,0,0,0,0,0,0,0,0,0,0,0,100,0,7.009,534.895,0.075,6.796,0,0,0,11,11,0,321,0,14,2,0,0,1,2400,0.021,0.025,0,ACTIVE,ACTIVE,,4095,4095,0,,true,16,false,0,0,true,1.7701,0.001,19200,2280,0,,,,,,0,,,0,0,2,1108,1108,0,767559492763,5.338,0,0.028,0,0,1111,1110,2400,true,0,0,0,0,0,0,12,12,52824,0,0,0,0,0,0,0,0,0,0,0,0,0,,0,0,0,0,0,0,0,0,0,0,0,0,0,0,0,0,0,0,,0,0,0,0,0,0,false,
1110,1111,45381,false,71,50,1.597,0,1.33,0,dynamic_visual_atlas_upload,,,cell_indirection_lut,1.205,2400,2400,0,0,-1,-1,,1991.701174,3.013,4.027,4.027,1,8,3,1.5,false,2,8.666,,,,,,,,,,,,,,,,,,,,,,,,,,,,,,,,,,,,,,,,,,0,0,0,0,false,0,0,,0,0,0,0,0,0,0,,,,,false,{},{},{},{},{},{},{},0,0,0.261,0,0,0.018,0,0,0,0,0,0,0,0,0,0,0,0,100,0,82.733,534.895,0.075,82.454,0,0,0,11,11,0,321,0,14,2,0,0,1,2400,0.021,0.025,0,ACTIVE,ACTIVE,,4095,4095,0,,true,16,false,0,0,true,2.6332,0.0014,21600,2280,0,,,,,,0,,,0,0,3,1110,1110,0,767559531612,49.254,0,0.029,0,0,1111,1110,2400,true,0,0,0,0,0,0,12,12,21624,0,0,0,0,0,0,0,0,0,0,0,0,0,,0,0,0,0,0,0,0,0,0,0,0,0,0,0,0,0,0,0,,0,0,0,0,0,0,false,
1111,1112,45410,false,71,50,1.483,0,1.306,0,dynamic_visual_atlas_upload,,,cell_indirection_lut,1.205,2400,2400,0,0,-1,-1,,1991.701174,3.013,4.027,4.027,1,8,3,1.5,false,2,8.666,,,,,,,,,,,,,,,,,,,,,,,,,,,,,,,,,,,,,,,,,,0,0,0,0,false,0,0,,0,0,0,0,0,0,0,,,,,false,{},{},{},{},{},{},{},0,0.001,0.213,0,0,0.016,0,0,0,0,0,0,0,0,0,0,0,0,100,0,5.9184,534.895,0.075,5.6894,0,0,0,11,11,0,321,0,14,2,0,0,1,2400,0.021,0.025,0,ACTIVE,ACTIVE,,4095,4095,0,,true,16,false,0,0,true,1.8517,0.001,19200,1450,0,,,,,,0,,,0,0,2,1111,1111,0,767559604792,5.654,0,0.028,0,0,1115,1114,2400,true,0,0,0,0,0,0,12,12,19224,0,0,0,0,0,0,0,0,0,0,0,0,0,,0,0,0,0,0,0,0,0,0,0,0,0,0,0,0,0,0,0,,0,0,0,0,0,0,false,
1112,1113,45431,false,71,50,1.457,0,1.27,0,dynamic_visual_atlas_upload,,,cell_indirection_lut,1.205,2400,2400,0,0,-1,-1,,1991.701174,3.013,4.027,4.027,1,8,3,1.5,false,2,8.666,,,,,,,,,,,,,,,,,,,,,,,,,,,,,,,,,,,,,,,,,,0,0,0,0,false,0,0,,0,0,0,0,0,0,0,,,,,false,{},{},{},{},{},{},{},0,0,0.243,0,0,0.015,0,0,0,0,0,0,0,0,0,0,0,0,100,0,6.857667,534.895,0.075,6.599667,0,0,0,11,11,0,321,0,14,2,0,0,1,2400,0.021,0.025,0,ACTIVE,ACTIVE,,4095,4095,0,,true,16,false,0,0,true,1.8731,0.0011,19200,998,0,,,,,,0,,,0,0,2,1112,1112,0,767559622934,8.075,0,0.028,0,0,1116,1115,2400,true,0,0,0,0,0,0,12,12,19224,0,0,0,0,0,0,0,0,0,0,0,0,0,,0,0,0,0,0,0,0,0,0,0,0,0,0,0,0,0,0,0,,0,0,0,0,0,0,false,
1113,1114,45444,false,71,50,1.42,0,1.269,0,dynamic_visual_atlas_upload,,,cell_indirection_lut,1.205,2400,2400,0,0,-1,-1,,1991.701174,3.013,4.027,4.027,1,8,3,1.5,false,2,8.666,,,,,,,,,,,,,,,,,,,,,,,,,,,,,,,,,,,,,,,,,,0,0,0,0,false,0,0,,0,0,0,0,0,0,0,,,,,false,{},{},{},{},{},{},{},0,0,0.188,0,0,0.017,0,0,0,0,0,0,0,0,0,0,0,0,100,0,6.7795,534.895,0.075,6.5745,0,0,0,11,11,0,321,0,14,2,0,0,1,2400,0.021,0.025,0,ACTIVE,ACTIVE,,4095,4095,0,,true,16,false,0,0,true,1.8479,0.0011,19200,2280,0,,,,,,0,,,0,0,2,1113,1113,0,767559641982,2.586,0,0.026,0,0,1117,1116,2400,true,0,0,0,0,0,0,12,12,19224,0,0,0,0,0,0,0,0,0,0,0,0,0,,0,0,0,0,0,0,0,0,0,0,0,0,0,0,0,0,0,0,,0,0,0,0,0,0,false,
1114,1115,45465,false,71,50,1.725,0,1.52,0,dynamic_visual_atlas_upload,,,cell_indirection_lut,1.205,2400,2400,0,0,-1,-1,,1991.701174,3.013,4.027,4.027,1,8,3,1.5,false,2,8.666,,,,,,,,,,,,,,,,,,,,,,,,,,,,,,,,,,,,,,,,,,0,0,0,0,false,0,0,,0,0,0,0,0,0,0,,,,,false,{},{},{},{},{},{},{},0,0,0.171,0,0,0.014,0,0,0,0,0,0,0,0,0,0,0,0,100,0,7.006333,534.895,0.075,6.821333,0,0,0,11,11,0,321,0,14,2,0,0,1,2400,0.021,0.025,0,ACTIVE,ACTIVE,,4095,4095,0,,true,16,false,0,0,true,2.3402,0.0013,19200,2280,0,,,,,,0,,,0,0,2,1114,1114,0,767559660631,5.13,0,0.029,0,0,1118,1117,2400,true,0,0,0,0,0,0,12,12,19224,0,0,0,0,0,0,0,0,0,0,0,0,0,,0,0,0,0,0,0,0,0,0,0,0,0,0,0,0,0,0,0,,0,0,0,0,0,0,false,
1115,1116,45482,false,71,50,1.47,0,1.299,0,dynamic_visual_atlas_upload,,,cell_indirection_lut,1.205,2400,2400,0,0,-1,-1,,1991.701174,3.013,4.027,4.027,1,8,3,1.5,false,2,8.666,,,,,,,,,,,,,,,,,,,,,,,,,,,,,,,,,,,,,,,,,,0,0,0,0,false,0,0,,0,0,0,0,0,0,0,,,,,false,{},{},{},{},{},{},{},0,2.978,3.132,0,0,0.013,0,0,0,0,0,0,0,0,0,0,0,0,100,0,8.2245,534.895,0.075,5.0795,0,0,0,11,11,0,321,0,14,2,0,0,1,2400,0.021,0.025,0,ACTIVE,ACTIVE,,4095,4095,0,,true,16,false,0,0,true,2.3402,0.0013,19200,2280,0,,,,,,0,,,0,0,2,1115,1115,0,767559679320,2.726,0,0.029,0,0,1119,1118,2400,true,0,0,0,0,0,0,12,12,19224,0,0,0,0,0,0,0,0,0,0,0,0,0,,0,0,0,0,0,0,0,0,0,0,0,0,0,0,0,0,0,0,,0,0,0,0,0,0,false,
1116,1117,45503,false,71,50,1.406,0,1.267,0,dynamic_visual_atlas_upload,,,cell_indirection_lut,1.205,2400,2400,0,0,-1,-1,,1991.701174,3.013,4.027,4.027,1,8,3,1.5,false,2,8.666,,,,,,,,,,,,,,,,,,,,,,,,,,,,,,,,,,,,,,,,,,0,0,0,0,false,0,0,,0,0,0,0,0,0,0,,,,,false,{},{},{},{},{},{},{},0,3.107,3.268,0,0,0.013,0,0,0,0,0,0,0,0,0,0,0,0,100,0,6.933,534.895,0.075,3.652,0,0,0,11,11,0,321,0,14,2,0,0,1,2400,0.021,0.025,0,ACTIVE,ACTIVE,,4095,4095,0,,true,16,false,0,0,true,1.8464,0.001,19200,2280,0,,,,,,0,,,0,0,2,1116,1116,0,767559699503,3.327,0,0.028,0,0,1120,1119,2400,true,0,0,0,0,0,0,12,12,55224,0,0,0,0,0,0,0,0,0,0,0,0,0,,0,0,0,0,0,0,0,0,0,0,0,0,0,0,0,0,0,0,,0,0,0,0,0,0,false,
1117,1118,45524,false,71,50,1.679,0,1.492,0,dynamic_visual_atlas_upload,,,cell_indirection_lut,1.205,2400,2400,0,0,-1,-1,,1991.701174,3.013,4.027,4.027,1,8,3,1.5,false,2,8.666,,,,,,,,,,,,,,,,,,,,,,,,,,,,,,,,,,,,,,,,,,0,0,0,0,false,0,0,,0,0,0,0,0,0,0,,,,,false,{},{},{},{},{},{},{},0.001,3.365,3.629,0,0,0.015,0,0,0,0,0,0,0,0,0,0,0,0,100,0,7.081333,534.895,0.075,3.437333,0,0,0,11,11,0,321,0,14,2,0,0,1,2400,0.021,0.025,0,ACTIVE,ACTIVE,,4095,4095,0,,true,16,false,0,0,true,1.8301,0.0013,19200,2280,0,,,,,,0,,,0,0,2,1117,1117,0,767559717409,6.708,0,0.027,0,0,1121,1120,2400,true,0,0,0,0,0,0,12,12,19224,0,0,0,0,0,0,0,0,0,0,0,0,0,,0,0,0,0,0,0,0,0,0,0,0,0,0,0,0,0,0,0,,0,0,0,0,0,0,false,
1118,1119,45544,false,71,50,1.516,0,1.316,0,dynamic_visual_atlas_upload,,,cell_indirection_lut,1.205,2400,2400,0,0,-1,-1,,1991.701174,3.013,4.027,4.027,1,8,3,1.5,false,2,8.666,,,,,,,,,,,,,,,,,,,,,,,,,,,,,,,,,,,,,,,,,,0,0,0,0,false,0,0,,0,0,0,0,0,0,0,,,,,false,{},{},{},{},{},{},{},0,3.28,3.453,0,0,0.014,0,0,0,0,0,0,0,0,0,0,0,0,100,0,6.794333,534.895,0.075,3.327333,0,0,0,11,11,0,321,0,14,2,0,0,1,2400,0.021,0.025,0,ACTIVE,ACTIVE,,4095,4095,0,,true,16,false,0,0,true,1.8086,0.0011,19200,2280,0,,,,,,0,,,0,0,2,1118,1118,0,767559736104,8.399,0,0.03,0,0,1122,1121,2400,true,0,0,0,0,0,0,12,12,19224,0,0,0,0,0,0,0,0,0,0,0,0,0,,0,0,0,0,0,0,0,0,0,0,0,0,0,0,0,0,0,0,,0,0,0,0,0,0,false,
1119,1120,45565,false,71,50,1.367,0,1.237,0,dynamic_visual_atlas_upload,,,cell_indirection_lut,1.205,2400,2400,0,0,-1,-1,,1991.701174,3.013,4.027,4.027,1,8,3,1.5,false,2,8.666,,,,,,,,,,,,,,,,,,,,,,,,,,,,,,,,,,,,,,,,,,0,0,0,0,false,0,0,,0,0,0,0,0,0,0,,,,,false,{},{},{},{},{},{},{},0,3.35,3.537,0,0,0.018,0,0,0,0,0,0,0,0,0,0,0,0,100,0,6.856,534.895,0.075,3.301,0,0,0,11,11,0,321,0,14,2,0,0,1,2400,0.021,0.025,0,ACTIVE,ACTIVE,,4095,4095,0,,true,16,false,0,0,true,2.2205,0.002,19200,1495,0,,,,,,0,,,0,0,2,1119,1119,0,767559754226,10.846,0,0.027,0,0,1123,1122,2400,true,0,0,0,0,0,0,12,12,19224,0,0,0,0,0,0,0,0,0,0,0,0,0,,0,0,0,0,0,0,0,0,0,0,0,0,0,0,0,0,0,0,,0,0,0,0,0,0,false,
1120,1121,45576,false,71,50,1.417,0,1.255,0,dynamic_visual_atlas_upload,,,cell_indirection_lut,1.205,2400,2400,0,0,-1,-1,,1991.701174,3.013,4.027,4.027,1,8,3,1.5,false,2,8.666,,,,,,,,,,,,,,,,,,,,,,,,,,,,,,,,,,,,,,,,,,0,0,0,0,false,0,0,,0,0,0,0,0,0,0,,,,,false,{},{},{},{},{},{},{},0,0,0.177,0,0,0.012,0,0,0,0,0,0,0,0,0,0,0,0,100,0,5.414,534.895,0.075,5.225,0,0,0,11,11,0,321,0,14,2,0,0,1,2400,0.021,0.025,0,ACTIVE,ACTIVE,,4095,4095,0,,true,16,false,0,0,true,1.8139,0.0012,19200,2280,0,,,,,,0,,,0,0,2,1120,1120,0,767559772713,3.141,0,0.028,0,0,1123,1122,2400,true,0,0,0,0,0,0,12,12,19224,0,0,0,0,0,0,0,0,0,0,0,0,0,,0,0,0,0,0,0,0,0,0,0,0,0,0,0,0,0,0,0,,0,0,0,0,0,0,false,
1121,1122,45597,false,71,50,1.448,0,1.278,0,dynamic_visual_atlas_upload,,,cell_indirection_lut,1.205,2400,2400,0,0,-1,-1,,1991.701174,3.013,4.027,4.027,1,8,3,1.5,false,2,8.666,,,,,,,,,,,,,,,,,,,,,,,,,,,,,,,,,,,,,,,,,,0,0,0,0,false,0,0,,0,0,0,0,0,0,0,,,,,false,{},{},{},{},{},{},{},0,0,0.207,0,0,0.014,0,0,0,0,0,0,0,0,0,0,0,0,100,0,6.960667,534.895,0.075,6.739667,0,0,0,11,11,0,321,0,14,2,0,0,1,2400,0.021,0.025,0,ACTIVE,ACTIVE,,4095,4095,0,,true,16,false,0,0,true,2.4056,0.0011,21600,2280,0,,,,,,0,,,0,0,2,1121,1121,0,767559790755,5.983,0,0.026,0,0,1124,1123,2400,true,0,0,0,0,0,0,12,12,19224,0,0,0,0,0,0,0,0,0,0,0,0,0,,0,0,0,0,0,0,0,0,0,0,0,0,0,0,0,0,0,0,,0,0,0,0,0,0,false,
1122,1123,45617,false,71,50,1.564,0,1.384,0,dynamic_visual_atlas_upload,,,cell_indirection_lut,1.205,2400,2400,0,0,-1,-1,,1991.701174,3.013,4.027,4.027,1,8,3,1.5,false,2,8.666,,,,,,,,,,,,,,,,,,,,,,,,,,,,,,,,,,,,,,,,,,0,0,0,0,false,0,0,,0,0,0,0,0,0,0,,,,,false,{},{},{},{},{},{},{},0,0,0.188,0,0,0.013,0,0,0,0,0,0,0,0,0,0,0,0,100,0,6.857667,534.895,0.075,6.656667,0,0,0,11,11,0,321,0,14,2,0,0,1,2400,0.021,0.025,0,ACTIVE,ACTIVE,,4095,4095,0,,true,16,false,0,0,true,1.8036,0.0009,19200,1502,0,,,,,,0,,,0,0,2,1122,1122,0,767559808912,8.418,0,0.027,0,0,1125,1124,2400,true,0,0,0,0,0,0,12,12,21624,0,0,0,0,0,0,0,0,0,0,0,0,0,,0,0,0,0,0,0,0,0,0,0,0,0,0,0,0,0,0,0,,0,0,0,0,0,0,false,
1123,1124,45631,false,71,50,1.377,0,1.225,0,dynamic_visual_atlas_upload,,,cell_indirection_lut,1.205,2400,2400,0,0,-1,-1,,1991.701174,3.013,4.027,4.027,1,8,3,1.5,false,2,8.666,,,,,,,,,,,,,,,,,,,,,,,,,,,,,,,,,,,,,,,,,,0,0,0,0,false,0,0,,0,0,0,0,0,0,0,,,,,false,{},{},{},{},{},{},{},0,0,0.181,0,0,0.015,0,0,0,0,0,0,0,0,0,0,0,0,100,0,6.7345,534.895,0.075,6.5385,0,0,0,11,11,0,321,0,14,2,0,0,1,2400,0.021,0.025,0,ACTIVE,ACTIVE,,4095,4095,0,,true,16,false,0,0,true,2.7477,0.0012,60000,2280,0,,,,,,0,,,0,0,2,1123,1123,0,767559827028,3.746,0,0.029,0,0,1126,1125,2400,true,0,0,0,0,0,0,12,12,19224,0,0,0,0,0,0,0,0,0,0,0,0,0,,0,0,0,0,0,0,0,0,0,0,0,0,0,0,0,0,0,0,,0,0,0,0,0,0,false,
1124,1125,45652,false,71,50,1.632,0,1.45,0,dynamic_visual_atlas_upload,,,cell_indirection_lut,1.205,2400,2400,0,0,-1,-1,,1991.701174,3.013,4.027,4.027,1,8,3,1.5,false,2,8.666,,,,,,,,,,,,,,,,,,,,,,,,,,,,,,,,,,,,,,,,,,0,0,0,0,false,0,0,,0,0,0,0,0,0,0,,,,,false,{},{},{},{},{},{},{},0,0,0.21,0,0,0.015,0,0,0,0,0,0,0,0,0,0,0,0,100,0,7.224333,534.895,0.075,6.999333,0,0,0,11,11,0,321,0,14,2,0,0,1,2400,0.021,0.025,0,ACTIVE,ACTIVE,,4095,4095,0,,true,16,false,0,0,true,2.0622,0.0012,19200,2280,0,,,,,,0,,,0,0,2,1124,1124,0,767559846082,6.376,0,0.027,0,0,1127,1126,2400,true,0,0,0,0,0,0,12,12,60024,0,0,0,0,0,0,0,0,0,0,0,0,0,,0,0,0,0,0,0,0,0,0,0,0,0,0,0,0,0,0,0,,0,0,0,0,0,0,false,
1125,1126,45668,false,71,50,1.475,0,1.294,0,dynamic_visual_atlas_upload,,,cell_indirection_lut,1.205,2400,2400,0,0,-1,-1,,1991.701174,3.013,4.027,4.027,1,8,3,1.5,false,2,8.666,,,,,,,,,,,,,,,,,,,,,,,,,,,,,,,,,,,,,,,,,,0,0,0,0,false,0,0,,0,0,0,0,0,0,0,,,,,false,{},{},{},{},{},{},{},0,3.233,3.385,0,0,0.012,0,0,0,0,0,0,0,0,0,0,0,0,100,0,8.109,534.895,0.075,4.712,0,0,0,11,11,0,321,0,14,2,0,0,1,2400,0.021,0.025,0,ACTIVE,ACTIVE,,4095,4095,0,,true,16,false,0,0,true,2.012,0.0011,19200,1505,0,,,,,,0,,,0,0,2,1125,1125,0,767559865413,3.262,0,0.029,0,0,1128,1127,2400,true,0,0,0,0,0,0,12,12,19224,0,0,0,0,0,0,0,0,0,0,0,0,0,,0,0,0,0,0,0,0,0,0,0,0,0,0,0,0,0,0,0,,0,0,0,0,0,0,false,
1126,1127,45689,false,71,50,1.368,0,1.248,0,dynamic_visual_atlas_upload,,,cell_indirection_lut,1.205,2400,2400,0,0,-1,-1,,1991.701174,3.013,4.027,4.027,1,8,3,1.5,false,2,8.666,,,,,,,,,,,,,,,,,,,,,,,,,,,,,,,,,,,,,,,,,,0,0,0,0,false,0,0,,0,0,0,0,0,0,0,,,,,false,{},{},{},{},{},{},{},0,3.198,3.357,0,0,0.015,0,0,0,0,0,0,0,0,0,0,0,0,100,0,6.773,534.895,0.075,3.401,0,0,0,11,11,0,321,0,14,2,0,0,1,2400,0.021,0.025,0,ACTIVE,ACTIVE,,4095,4095,0,,true,16,false,0,0,true,1.865,0.0009,19200,2280,0,,,,,,0,,,0,0,2,1126,1126,0,767559883576,5.409,0,0.029,0,0,1129,1128,2400,true,0,0,0,0,0,0,12,12,19224,0,0,0,0,0,0,0,0,0,0,0,0,0,,0,0,0,0,0,0,0,0,0,0,0,0,0,0,0,0,0,0,,0,0,0,0,0,0,false,
1127,1128,45710,false,71,50,1.469,0,1.323,0,dynamic_visual_atlas_upload,,,cell_indirection_lut,1.205,2400,2400,0,0,-1,-1,,1991.701174,3.013,4.027,4.027,1,8,3,1.5,false,2,8.666,,,,,,,,,,,,,,,,,,,,,,,,,,,,,,,,,,,,,,,,,,0,0,0,0,false,0,0,,0,0,0,0,0,0,0,,,,,false,{},{},{},{},{},{},{},0,3.444,3.597,0,0,0.01,0,0,0,0,0,0,0,0,0,0,0,0,100,0,6.980333,534.895,0.075,3.373333,0,0,0,11,11,0,321,0,14,2,0,0,1,2400,0.021,0.025,0,ACTIVE,ACTIVE,,4095,4095,0,,true,16,false,0,0,true,2.563,0.001,21600,2280,0,,,,,,0,,,0,0,2,1127,1127,0,767559901126,8.802,0,0.026,0,0,1130,1129,2400,true,0,0,0,0,0,0,12,12,19224,0,0,0,0,0,0,0,0,0,0,0,0,0,,0,0,0,0,0,0,0,0,0,0,0,0,0,0,0,0,0,0,,0,0,0,0,0,0,false,
1128,1129,45731,false,71,50,1.553,0,1.306,0,dynamic_visual_atlas_upload,,,cell_indirection_lut,1.205,2400,2400,0,0,-1,-1,,1991.701174,3.013,4.027,4.027,1,8,3,1.5,false,2,8.666,,,,,,,,,,,,,,,,,,,,,,,,,,,,,,,,,,,,,,,,,,0,0,0,0,false,0,0,,0,0,0,0,0,0,0,,,,,false,{},{},{},{},{},{},{},0,3.372,3.561,0,0,0.015,0,0,0,0,0,0,0,0,0,0,0,0,100,0,6.932667,534.895,0.075,3.356667,0,0,0,11,11,0,321,0,14,2,0,0,1,2400,0.021,0.025,0,ACTIVE,ACTIVE,,4095,4095,0,,true,16,false,0,0,true,1.8063,0.0012,19200,2280,0,,,,,,0,,,0,0,2,1128,1128,0,767559919877,10.962,0,0.027,0,0,1131,1130,2400,true,0,0,0,0,0,0,12,12,21624,0,0,0,0,0,0,0,0,0,0,0,0,0,,0,0,0,0,0,0,0,0,0,0,0,0,0,0,0,0,0,0,,0,0,0,0,0,0,false,
1129,1130,45741,false,71,50,1.526,0,1.354,0,dynamic_visual_atlas_upload,,,cell_indirection_lut,1.205,2400,2400,0,0,-1,-1,,1991.701174,3.013,4.027,4.027,1,8,3,1.5,false,2,8.666,,,,,,,,,,,,,,,,,,,,,,,,,,,,,,,,,,,,,,,,,,0,0,0,0,false,0,0,,0,0,0,0,0,0,0,,,,,false,{},{},{},{},{},{},{},0,0,0.21,0,0,0.014,0,0,0,0,0,0,0,0,0,0,0,0,100,0,5.417,534.895,0.075,5.193,0,0,0,11,11,0,321,0,14,2,0,0,1,2400,0.021,0.025,0,ACTIVE,ACTIVE,,4095,4095,0,,true,16,false,0,0,true,1.9849,0.0011,19200,2280,0,,,,,,0,,,0,0,2,1129,1129,0,767559938340,3.224,0,0.029,0,0,1131,1130,2400,true,0,0,0,0,0,0,12,12,19224,0,0,0,0,0,0,0,0,0,0,0,0,0,,0,0,0,0,0,0,0,0,0,0,0,0,0,0,0,0,0,0,,0,0,0,0,0,0,false,
1130,1131,45766,false,71,50,1.421,0,1.282,0,dynamic_visual_atlas_upload,,,cell_indirection_lut,1.205,2400,2400,0,0,-1,-1,,1991.701174,3.013,4.027,4.027,1,8,3,1.5,false,2,8.666,,,,,,,,,,,,,,,,,,,,,,,,,,,,,,,,,,,,,,,,,,0,0,0,0,false,0,0,,0,0,0,0,0,0,0,,,,,false,{},{},{},{},{},{},{},0,3.859,4.045,0,0,0.016,0,0,0,0,0,0,0,0,0,0,0,0,100,0,8.079667,534.895,0.075,4.018667,0,0,0,11,11,0,321,0,14,2,0,0,1,2400,0.021,0.025,0,ACTIVE,ACTIVE,,4095,4095,0,,true,16,false,0,0,true,1.783,0.0011,19200,2280,0,,,,,,0,,,0,0,2,1130,1130,0,767559956218,9.591,0,0.029,0,0,1133,1132,2400,true,0,0,0,0,0,0,12,12,19224,0,0,0,0,0,0,0,0,0,0,0,0,0,,0,0,0,0,0,0,0,0,0,0,0,0,0,0,0,0,0,0,,0,0,0,0,0,0,false,
1131,1132,45786,false,71,50,1.482,0,1.314,0,dynamic_visual_atlas_upload,,,cell_indirection_lut,1.205,2400,2400,0,0,-1,-1,,1991.701174,3.013,4.027,4.027,1,8,3,1.5,false,2,8.666,,,,,,,,,,,,,,,,,,,,,,,,,,,,,,,,,,,,,,,,,,0,0,0,0,false,0,0,,0,0,0,0,0,0,0,,,,,false,{},{},{},{},{},{},{},0,3.345,3.523,0,0,0.014,0,0,0,0,0,0,0,0,0,0,0,0,100,0,6.689667,534.895,0.075,3.152667,0,0,0,11,11,0,321,0,14,2,0,0,1,2400,0.021,0.025,0,ACTIVE,ACTIVE,,4095,4095,0,,true,16,false,0,0,true,2.614,0.0013,52800,2280,0,,,,,,0,,,0,0,2,1131,1131,0,767559974754,11.182,0,0.029,0,0,1134,1133,2400,true,0,0,0,0,0,0,12,12,19224,0,0,0,0,0,0,0,0,0,0,0,0,0,,0,0,0,0,0,0,0,0,0,0,0,0,0,0,0,0,0,0,,0,0,0,0,0,0,false,
1132,1133,45797,false,71,50,1.485,0,1.302,0,dynamic_visual_atlas_upload,,,cell_indirection_lut,1.205,2400,2400,0,0,-1,-1,,1991.701174,3.013,4.027,4.027,1,8,3,1.5,false,2,8.666,,,,,,,,,,,,,,,,,,,,,,,,,,,,,,,,,,,,,,,,,,0,0,0,0,false,0,0,,0,0,0,0,0,0,0,,,,,false,{},{},{},{},{},{},{},0,0,0.248,0,0,0.017,0,0,0,0,0,0,0,0,0,0,0,0,100,0,5.445,534.895,0.075,5.18,0,0,0,11,11,0,321,0,14,2,0,0,1,2400,0.021,0.025,0,ACTIVE,ACTIVE,,4095,4095,0,,true,16,false,0,0,true,1.8284,0.0011,19200,2280,0,,,,,,0,,,0,0,2,1132,1132,0,767559993308,3.486,0,0.03,0,0,1134,1133,2400,true,0,0,0,0,0,0,12,12,52824,0,0,0,0,0,0,0,0,0,0,0,0,0,,0,0,0,0,0,0,0,0,0,0,0,0,0,0,0,0,0,0,,0,0,0,0,0,0,false,
1133,1134,45818,false,71,50,1.499,0,1.295,0,dynamic_visual_atlas_upload,,,cell_indirection_lut,1.205,2400,2400,0,0,-1,-1,,1991.701174,3.013,4.027,4.027,1,8,3,1.5,false,2,8.666,,,,,,,,,,,,,,,,,,,,,,,,,,,,,,,,,,,,,,,,,,0,0,0,0,false,0,0,,0,0,0,0,0,0,0,,,,,false,{},{},{},{},{},{},{},0,0,0.263,0,0,0.016,0,0,0,0,0,0,0,0,0,0,0,0,100,0,7.048,534.895,0.075,6.769,0,0,0,11,11,0,321,0,14,2,0,0,1,2400,0.021,0.025,0,ACTIVE,ACTIVE,,4095,4095,0,,true,16,false,0,0,true,2.381,0.0013,21600,2280,0,,,,,,0,,,0,0,2,1133,1133,0,767560011267,6.646,0,0.029,0,0,1135,1134,2400,true,0,0,0,0,0,0,12,12,19224,0,0,0,0,0,0,0,0,0,0,0,0,0,,0,0,0,0,0,0,0,0,0,0,0,0,0,0,0,0,0,0,,0,0,0,0,0,0,false,
1134,1135,45838,false,71,50,1.576,0,1.364,0,dynamic_visual_atlas_upload,,,cell_indirection_lut,1.205,2400,2400,0,0,-1,-1,,1991.701174,3.013,4.027,4.027,1,8,3,1.5,false,2,8.666,,,,,,,,,,,,,,,,,,,,,,,,,,,,,,,,,,,,,,,,,,0,0,0,0,false,0,0,,0,0,0,0,0,0,0,,,,,false,{},{},{},{},{},{},{},0,0,0.42,0,0,0.018,0,0,0,0,0,0,0,0,0,0,0,0,100,0,6.910667,534.895,0.075,6.472667,0,0,0,11,11,0,321,0,14,2,0,0,1,2400,0.021,0.025,0,ACTIVE,ACTIVE,,4095,4095,0,,true,16,false,0,0,true,1.8512,0.001,19200,2280,0,,,,,,0,,,0,0,2,1134,1134,0,767560029987,8.715,0,0.027,0,0,1136,1135,2400,true,0,0,0,0,0,0,12,12,21624,0,0,0,0,0,0,0,0,0,0,0,0,0,,0,0,0,0,0,0,0,0,0,0,0,0,0,0,0,0,0,0,,0,0,0,0,0,0,false,
1135,1136,45852,false,71,50,1.653,0,1.399,0,dynamic_visual_atlas_upload,,,cell_indirection_lut,1.205,2400,2400,0,0,-1,-1,,1991.701174,3.013,4.027,4.027,1,8,3,1.5,false,2,8.666,,,,,,,,,,,,,,,,,,,,,,,,,,,,,,,,,,,,,,,,,,0,0,0,0,false,0,0,,0,0,0,0,0,0,0,,,,,false,{},{},{},{},{},{},{},0,0.001,0.238,0,0,0.017,0,0,0,0,0,0,0,0,0,0,0,0,100,0,6.8085,534.895,0.075,6.5535,0,0,0,11,11,0,321,0,14,2,0,0,1,2400,0.021,0.025,0,ACTIVE,ACTIVE,,4095,4095,0,,true,16,false,0,0,true,1.8291,0.0015,19200,2280,0,,,,,,0,,,0,0,2,1135,1135,0,767560048203,4.094,0,0.029,0,0,1137,1136,2400,true,0,0,0,0,0,0,12,12,19224,0,0,0,0,0,0,0,0,0,0,0,0,0,,0,0,0,0,0,0,0,0,0,0,0,0,0,0,0,0,0,0,,0,0,0,0,0,0,false,
1136,1137,45869,false,71,50,1.616,0,1.36,0,dynamic_visual_atlas_upload,,,cell_indirection_lut,1.205,2400,2400,0,0,-1,-1,,1991.701174,3.013,4.027,4.027,1,8,3,1.5,false,2,8.666,,,,,,,,,,,,,,,,,,,,,,,,,,,,,,,,,,,,,,,,,,0,0,0,0,false,0,0,,0,0,0,0,0,0,0,,,,,false,{},{},{},{},{},{},{},0.001,3.215,3.409,0,0,0.019,0,0,0,0,0,0,0,0,0,0,0,0,100,0,8.69,534.895,0.075,5.262,0,0,0,11,11,0,321,0,14,2,0,0,1,2400,0.021,0.025,0,ACTIVE,ACTIVE,,4095,4095,0,,true,16,false,0,0,true,1.8291,0.0015,19200,2280,0,,,,,,0,,,0,0,2,1136,1136,0,767560066958,2.696,0,0.032,0,0,1138,1137,2400,true,0,0,0,0,0,0,12,12,19224,0,0,0,0,0,0,0,0,0,0,0,0,0,,0,0,0,0,0,0,0,0,0,0,0,0,0,0,0,0,0,0,,0,0,0,0,0,0,false,
1137,1138,45890,false,71,50,1.565,0,1.351,0,dynamic_visual_atlas_upload,,,cell_indirection_lut,1.205,2400,2400,0,0,-1,-1,,1991.701174,3.013,4.027,4.027,1,8,3,1.5,false,2,8.666,,,,,,,,,,,,,,,,,,,,,,,,,,,,,,,,,,,,,,,,,,0,0,0,0,false,0,0,,0,0,0,0,0,0,0,,,,,false,{},{},{},{},{},{},{},0,3.468,3.657,0,0,0.017,0,0,0,0,0,0,0,0,0,0,0,0,100,0,6.790333,534.895,0.075,3.116333,0,0,0,11,11,0,321,0,14,2,0,0,1,2400,0.021,0.025,0,ACTIVE,ACTIVE,,4095,4095,0,,true,16,false,0,0,true,1.898,0.0017,19200,2280,0,,,,,,0,,,0,0,2,1137,1137,0,767560086741,3.318,0,0.029,0,0,1139,1138,2400,true,0,0,0,0,0,0,12,12,19224,0,0,0,0,0,0,0,0,0,0,0,0,0,,0,0,0,0,0,0,0,0,0,0,0,0,0,0,0,0,0,0,,0,0,0,0,0,0,false,
1138,1139,45910,false,71,50,1.466,0,1.281,0,dynamic_visual_atlas_upload,,,cell_indirection_lut,1.205,2400,2400,0,0,-1,-1,,1991.701174,3.013,4.027,4.027,1,8,3,1.5,false,2,8.666,,,,,,,,,,,,,,,,,,,,,,,,,,,,,,,,,,,,,,,,,,0,0,0,0,false,0,0,,0,0,0,0,0,0,0,,,,,false,{},{},{},{},{},{},{},0,3.135,3.321,0,0,0.017,0,0,0,0,0,0,0,0,0,0,0,0,100,0,6.730667,534.895,0.075,3.392667,0,0,0,11,11,0,321,0,14,2,0,0,1,2400,0.021,0.025,0,ACTIVE,ACTIVE,,4095,4095,0,,true,16,false,0,0,true,1.8847,0.0012,19200,2280,0,,,,,,0,,,0,0,2,1138,1138,0,767560105387,4.827,0,0.029,0,0,1140,1139,2400,true,0,0,0,0,0,0,12,12,19224,0,0,0,0,0,0,0,0,0,0,0,0,0,,0,0,0,0,0,0,0,0,0,0,0,0,0,0,0,0,0,0,,0,0,0,0,0,0,false,
1139,1140,45928,false,71,50,1.652,0,1.409,0,dynamic_visual_atlas_upload,,,cell_indirection_lut,1.205,2400,2400,0,0,-1,-1,,1991.701174,3.013,4.027,4.027,1,8,3,1.5,false,2,8.666,,,,,,,,,,,,,,,,,,,,,,,,,,,,,,,,,,,,,,,,,,0,0,0,0,false,0,0,,0,0,0,0,0,0,0,,,,,false,{},{},{},{},{},{},{},0,0,0.214,0,0,0.019,0,0,0,0,0,0,0,0,0,0,0,0,100,0,5.931333,534.895,0.075,5.698333,0,0,0,11,11,0,321,0,14,2,0,0,1,2400,0.021,0.025,0,ACTIVE,ACTIVE,,4095,4095,0,,true,16,false,0,0,true,1.8847,0.0012,19200,2280,0,,,,,,0,,,0,0,2,1139,1139,0,767560125075,3.023,0,0.028,0,0,1141,1140,2400,true,0,0,0,0,0,0,12,12,19224,0,0,0,0,0,0,0,0,0,0,0,0,0,,0,0,0,0,0,0,0,0,0,0,0,0,0,0,0,0,0,0,,0,0,0,0,0,0,false,
1140,1141,45949,false,71,50,1.693,0,1.442,0,dynamic_visual_atlas_upload,,,cell_indirection_lut,1.205,2400,2400,0,0,-1,-1,,1991.701174,3.013,4.027,4.027,1,8,3,1.5,false,2,8.666,,,,,,,,,,,,,,,,,,,,,,,,,,,,,,,,,,,,,,,,,,0,0,0,0,false,0,0,,0,0,0,0,0,0,0,,,,,false,{},{},{},{},{},{},{},0,0,0.293,0,0,0.02,0,0,0,0,0,0,0,0,0,0,0,0,100,0,7.023,534.895,0.075,6.71,0,0,0,11,11,0,321,0,14,2,0,0,1,2400,0.021,0.025,0,ACTIVE,ACTIVE,,4095,4095,0,,true,16,false,0,0,true,2.002,0.0018,19200,2280,0,,,,,,0,,,0,0,2,1140,1140,0,767560146519,2.583,0,0.032,0,0,1142,1141,2400,true,0,0,0,0,0,0,12,12,55224,0,0,0,0,0,0,0,0,0,0,0,0,0,,0,0,0,0,0,0,0,0,0,0,0,0,0,0,0,0,0,0,,0,0,0,0,0,0,false,
1141,1142,45969,false,71,50,1.453,0,1.291,0,dynamic_visual_atlas_upload,,,cell_indirection_lut,1.205,2400,2400,0,0,-1,-1,,1991.701174,3.013,4.027,4.027,1,8,3,1.5,false,2,8.666,,,,,,,,,,,,,,,,,,,,,,,,,,,,,,,,,,,,,,,,,,0,0,0,0,false,0,0,,0,0,0,0,0,0,0,,,,,false,{},{},{},{},{},{},{},0,0,0.238,0,0,0.016,0,0,0,0,0,0,0,0,0,0,0,0,100,0,6.695,534.895,0.075,6.441,0,0,0,11,11,0,321,0,14,2,0,0,1,2400,0.021,0.025,0,ACTIVE,ACTIVE,,4095,4095,0,,true,16,false,0,0,true,2.1515,0.0014,24000,2280,0,,,,,,0,,,0,0,2,1141,1141,0,767560165483,3.669,0,0.031,0,0,1143,1142,2400,true,0,0,0,0,0,0,12,12,19224,0,0,0,0,0,0,0,0,0,0,0,0,0,,0,0,0,0,0,0,0,0,0,0,0,0,0,0,0,0,0,0,,0,0,0,0,0,0,false,
1142,1143,45989,false,71,50,1.416,0,1.274,0,dynamic_visual_atlas_upload,,,cell_indirection_lut,1.205,2400,2400,0,0,-1,-1,,1991.701174,3.013,4.027,4.027,1,8,3,1.5,false,2,8.666,,,,,,,,,,,,,,,,,,,,,,,,,,,,,,,,,,,,,,,,,,0,0,0,0,false,0,0,,0,0,0,0,0,0,0,,,,,false,{},{},{},{},{},{},{},0,0,0.156,0,0,0.012,0,0,0,0,0,0,0,0,0,0,0,0,100,0,6.853,534.895,0.075,6.685,0,0,0,11,11,0,321,0,14,2,0,0,1,2400,0.021,0.025,0,ACTIVE,ACTIVE,,4095,4095,0,,true,16,false,0,0,true,1.7817,0.0008,19200,2280,0,,,,,,0,,,0,0,2,1142,1142,0,767560184030,5.666,0,0.027,0,0,1144,1143,2400,true,0,0,0,0,0,0,12,12,24024,0,0,0,0,0,0,0,0,0,0,0,0,0,,0,0,0,0,0,0,0,0,0,0,0,0,0,0,0,0,0,0,,0,0,0,0,0,0,false,
1143,1144,46006,false,71,50,1.485,0,1.33,0,dynamic_visual_atlas_upload,,,cell_indirection_lut,1.205,2400,2400,0,0,-1,-1,,1991.701174,3.013,4.027,4.027,1,8,3,1.5,false,2,8.666,,,,,,,,,,,,,,,,,,,,,,,,,,,,,,,,,,,,,,,,,,0,0,0,0,false,0,0,,0,0,0,0,0,0,0,,,,,false,{},{},{},{},{},{},{},0.001,2.984,3.152,0,0,0.014,0,0,0,0,0,0,0,0,0,0,0,0,100,0,8.421,534.895,0.075,5.255,0,0,0,11,11,0,321,0,14,2,0,0,1,2400,0.021,0.025,0,ACTIVE,ACTIVE,,4095,4095,0,,true,16,false,0,0,true,1.92,0.0009,19200,2280,0,,,,,,0,,,0,0,2,1143,1143,0,767560202289,4.246,0,0.029,0,0,1145,1144,2400,true,0,0,0,0,0,0,12,12,19224,0,0,0,0,0,0,0,0,0,0,0,0,0,,0,0,0,0,0,0,0,0,0,0,0,0,0,0,0,0,0,0,,0,0,0,0,0,0,false,
1144,1145,46027,false,132,50,1.532,0,1.386,0,dynamic_visual_atlas_upload,,,cell_indirection_lut,1.205,2400,2400,0,0,-1,-1,,1991.701174,3.013,4.027,4.027,1,8,3,1.5,false,2,8.666,,,,,,,,,,,,,,,,,,,,,,,,,,,,,,,,,,,,,,,,,,0,0,0,0,false,0,0,,0,0,0,0,0,0,0,,,,,false,{},{},{},{},{},{},{},0,3.422,3.576,0,0,0.012,0,0,0,0,0,0,0,0,0,0,0,0,100,0,6.945333,80.305,0.056,3.357333,0,0,0,11,11,0,321,0,14,2,0,0,1,2400,0.021,0.025,0,ACTIVE,ACTIVE,,4095,4095,0,,true,16,false,0,0,true,2.0085,0.0011,19200,2279,0,,,,,,0,,,0,0,2,1144,1144,0,767560220800,6.566,0,0.027,0,0,1146,1145,2400,true,0,0,0,0,0,0,12,12,19224,0,0,0,0,0,0,0,0,0,0,0,0,0,,0,0,0,0,0,0,0,0,0,0,0,0,0,0,0,0,0,0,,0,0,0,0,0,0,false,
1145,1146,46048,false,132,50,1.356,0,1.242,0,dynamic_visual_atlas_upload,,,cell_indirection_lut,1.205,2400,2400,0,0,-1,-1,,1991.701174,3.013,4.027,4.027,1,8,3,1.5,false,2,8.666,,,,,,,,,,,,,,,,,,,,,,,,,,,,,,,,,,,,,,,,,,0,0,0,0,false,0,0,,0,0,0,0,0,0,0,,,,,false,{},{},{},{},{},{},{},0,3.546,3.686,0,0,0.011,0,0,0,0,0,0,0,0,0,0,0,0,100,0,6.871333,80.305,0.056,3.174333,0,0,0,11,11,0,321,0,14,2,0,0,1,2400,0.021,0.025,0,ACTIVE,ACTIVE,,4095,4095,0,,true,16,false,0,0,true,2.4843,0.0009,21600,2279,0,,,,,,0,,,0,0,2,1145,1145,0,767560242416,5.554,0,0.028,0,0,1147,1146,2400,true,0,0,0,0,0,0,12,12,19224,0,0,0,0,0,0,0,0,0,0,0,0,0,,0,0,0,0,0,0,0,0,0,0,0,0,0,0,0,0,0,0,,0,0,0,0,0,0,false,
1146,1147,46071,false,132,50,1.415,0,1.26,0,dynamic_visual_atlas_upload,,,cell_indirection_lut,1.205,2400,2400,0,0,-1,-1,,1991.701174,3.013,4.027,4.027,1,8,3,1.5,false,2,8.666,,,,,,,,,,,,,,,,,,,,,,,,,,,,,,,,,,,,,,,,,,0,0,0,0,false,0,0,,0,0,0,0,0,0,0,,,,,false,{},{},{},{},{},{},{},0,5.933,6.094,0,0,0.013,0,0,0,0,0,0,0,0,0,0,0,0,100,0,7.853667,80.305,0.056,1.746667,0,0,0,11,11,0,321,0,14,2,0,0,1,2400,0.021,0.025,0,ACTIVE,ACTIVE,,4095,4095,0,,true,16,false,0,0,true,1.7908,0.001,19200,1832,0,,,,,,0,,,0,0,2,1146,1146,0,767560264424,7.133,0,0.025,0,0,1148,1147,2400,true,0,0,0,0,0,0,12,12,21624,0,0,0,0,0,0,0,0,0,0,0,0,0,,0,0,0,0,0,0,0,0,0,0,0,0,0,0,0,0,0,0,,0,0,0,0,0,0,false,
1147,1148,46087,false,132,50,1.741,0,1.568,0,dynamic_visual_atlas_upload,,,cell_indirection_lut,1.205,2400,2400,0,0,-1,-1,,1991.701174,3.013,4.027,4.027,1,8,3,1.5,false,2,8.666,,,,,,,,,,,,,,,,,,,,,,,,,,,,,,,,,,,,,,,,,,0,0,0,0,false,0,0,,0,0,0,0,0,0,0,,,,,false,{},{},{},{},{},{},{},0,0.001,0.172,0,0,0.014,0,0,0,0,0,0,0,0,0,0,0,0,100,0,5.071667,80.305,0.056,4.885667,0,0,0,11,11,0,321,0,14,2,0,0,1,2400,0.021,0.025,0,ACTIVE,ACTIVE,,4095,4095,0,,true,16,false,0,0,true,2.6244,0.001,52800,2280,0,,,,,,0,,,0,0,2,1147,1147,0,767560284067,2.702,0,0.026,0,0,1149,1148,2400,true,0,0,0,0,0,0,12,12,19224,0,0,0,0,0,0,0,0,0,0,0,0,0,,0,0,0,0,0,0,0,0,0,0,0,0,0,0,0,0,0,0,,0,0,0,0,0,0,false,
1148,1149,46107,false,132,50,1.499,0,1.338,0,dynamic_visual_atlas_upload,,,cell_indirection_lut,1.205,2400,2400,0,0,-1,-1,,1991.701174,3.013,4.027,4.027,1,8,3,1.5,false,2,8.666,,,,,,,,,,,,,,,,,,,,,,,,,,,,,,,,,,,,,,,,,,0,0,0,0,false,0,0,,0,0,0,0,0,0,0,,,,,false,{},{},{},{},{},{},{},0,0,0.19,0,0,0.014,0,0,0,0,0,0,0,0,0,0,0,0,100,0,6.776,80.305,0.056,6.572,0,0,0,11,11,0,321,0,14,2,0,0,1,2400,0.021,0.025,0,ACTIVE,ACTIVE,,4095,4095,0,,true,16,false,0,0,true,1.8773,0.001,19200,2280,0,,,,,,0,,,0,0,2,1148,1148,0,767560302759,4.35,0,0.029,0,0,1150,1149,2400,true,0,0,0,0,0,0,12,12,52824,0,0,0,0,0,0,0,0,0,0,0,0,0,,0,0,0,0,0,0,0,0,0,0,0,0,0,0,0,0,0,0,,0,0,0,0,0,0,false,
1149,1150,46124,false,132,50,1.468,0,1.323,0,dynamic_visual_atlas_upload,,,cell_indirection_lut,1.205,2400,2400,0,0,-1,-1,,1991.701174,3.013,4.027,4.027,1,8,3,1.5,false,2,8.666,,,,,,,,,,,,,,,,,,,,,,,,,,,,,,,,,,,,,,,,,,0,0,0,0,false,0,0,,0,0,0,0,0,0,0,,,,,false,{},{},{},{},{},{},{},0,3.095,3.403,0,0,0.015,0,0,0,0,0,0,0,0,0,0,0,0,100,0,8.5665,80.305,0.056,5.1485,0,0,0,11,11,0,321,0,14,2,0,0,1,2400,0.021,0.025,0,ACTIVE,ACTIVE,,4095,4095,0,,true,16,false,0,0,true,2.2678,0.0009,19200,2278,0,,,,,,0,,,0,0,2,1149,1149,0,767560321879,2.349,0,0.027,0,0,1151,1150,2400,true,0,0,0,0,0,0,12,12,19224,0,0,0,0,0,0,0,0,0,0,0,0,0,,0,0,0,0,0,0,0,0,0,0,0,0,0,0,0,0,0,0,,0,0,0,0,0,0,false,
1150,1151,46144,false,132,50,1.388,0,1.264,0,dynamic_visual_atlas_upload,,,cell_indirection_lut,1.205,2400,2400,0,0,-1,-1,,1991.701174,3.013,4.027,4.027,1,8,3,1.5,false,2,8.666,,,,,,,,,,,,,,,,,,,,,,,,,,,,,,,,,,,,,,,,,,0,0,0,0,false,0,0,,0,0,0,0,0,0,0,,,,,false,{},{},{},{},{},{},{},0,2.8,2.935,0,0,0.011,0,0,0,0,0,0,0,0,0,0,0,0,100,0,6.607,80.305,0.056,3.661,0,0,0,11,11,0,321,0,14,2,0,0,1,2400,0.021,0.025,0,ACTIVE,ACTIVE,,4095,4095,0,,true,16,false,0,0,true,1.7616,0.0009,19200,2279,0,,,,,,0,,,0,0,2,1150,1150,0,767560340928,3.105,0,0.027,0,0,1152,1151,2400,true,0,0,0,0,0,0,12,12,19224,0,0,0,0,0,0,0,0,0,0,0,0,0,,0,0,0,0,0,0,0,0,0,0,0,0,0,0,0,0,0,0,,0,0,0,0,0,0,false,
1151,1152,46165,false,132,50,1.402,0,1.285,0,dynamic_visual_atlas_upload,,,cell_indirection_lut,1.205,2400,2400,0,0,-1,-1,,1991.701174,3.013,4.027,4.027,1,8,3,1.5,false,2,8.666,,,,,,,,,,,,,,,,,,,,,,,,,,,,,,,,,,,,,,,,,,0,0,0,0,false,0,0,,0,0,0,0,0,0,0,,,,,false,{},{},{},{},{},{},{},0,3.533,3.693,0,0,0.013,0,0,0,0,0,0,0,0,0,0,0,0,100,0,7.117333,80.305,0.056,3.411333,0,0,0,11,11,0,321,0,14,2,0,0,1,2400,0.021,0.025,0,ACTIVE,ACTIVE,,4095,4095,0,,true,16,false,0,0,true,2.6731,0.0011,21600,2279,0,,,,,,0,,,0,0,2,1151,1151,0,767560359074,6.319,0,0.029,0,0,1153,1152,2400,true,0,0,0,0,0,0,12,12,19224,0,0,0,0,0,0,0,0,0,0,0,0,0,,0,0,0,0,0,0,0,0,0,0,0,0,0,0,0,0,0,0,,0,0,0,0,0,0,false,
1152,1153,46186,false,132,50,1.423,0,1.27,0,dynamic_visual_atlas_upload,,,cell_indirection_lut,1.205,2400,2400,0,0,-1,-1,,1991.701174,3.013,4.027,4.027,1,8,3,1.5,false,2,8.666,,,,,,,,,,,,,,,,,,,,,,,,,,,,,,,,,,,,,,,,,,0,0,0,0,false,0,0,,0,0,0,0,0,0,0,,,,,false,{},{},{},{},{},{},{},0,3.52,3.694,0,0,0.018,0,0,0,0,0,0,0,0,0,0,0,0,100,0,7.034667,80.305,0.056,3.322667,0,0,0,11,11,0,321,0,14,2,0,0,1,2400,0.021,0.025,0,ACTIVE,ACTIVE,,4095,4095,0,,true,16,false,0,0,true,1.8849,0.001,19200,1891,0,,,,,,0,,,0,0,2,1152,1152,0,767560381727,4.771,0,0.028,0,0,1154,1153,2400,true,0,0,0,0,0,0,12,12,21624,0,0,0,0,0,0,0,0,0,0,0,0,0,,0,0,0,0,0,0,0,0,0,0,0,0,0,0,0,0,0,0,,0,0,0,0,0,0,false,
1153,1154,46207,false,132,50,1.341,0,1.228,0,dynamic_visual_atlas_upload,,,cell_indirection_lut,1.205,2400,2400,0,0,-1,-1,,1991.701174,3.013,4.027,4.027,1,8,3,1.5,false,2,8.666,,,,,,,,,,,,,,,,,,,,,,,,,,,,,,,,,,,,,,,,,,0,0,0,0,false,0,0,,0,0,0,0,0,0,0,,,,,false,{},{},{},{},{},{},{},0,3.545,3.679,0,0,0.013,0,0,0,0,0,0,0,0,0,0,0,0,100,0,6.788,80.305,0.056,3.096,0,0,0,11,11,0,321,0,14,2,0,0,1,2400,0.021,0.025,0,ACTIVE,ACTIVE,,4095,4095,0,,true,16,false,0,0,true,1.7918,0.001,19200,2279,0,,,,,,0,,,0,0,2,1153,1153,0,767560401124,5.834,0,0.028,0,0,1155,1154,2400,true,0,0,0,0,0,0,12,12,19224,0,0,0,0,0,0,0,0,0,0,0,0,0,,0,0,0,0,0,0,0,0,0,0,0,0,0,0,0,0,0,0,,0,0,0,0,0,0,false,
1154,1155,46227,false,132,50,1.42,0,1.282,0,dynamic_visual_atlas_upload,,,cell_indirection_lut,1.205,2400,2400,0,0,-1,-1,,1991.701174,3.013,4.027,4.027,1,8,3,1.5,false,2,8.666,,,,,,,,,,,,,,,,,,,,,,,,,,,,,,,,,,,,,,,,,,0,0,0,0,false,0,0,,0,0,0,0,0,0,0,,,,,false,{},{},{},{},{},{},{},0,3.21,3.371,0,0,0.013,0,0,0,0,0,0,0,0,0,0,0,0,100,0,6.870333,80.305,0.056,3.486333,0,0,0,11,11,0,321,0,14,2,0,0,1,2400,0.021,0.025,0,ACTIVE,ACTIVE,,4095,4095,0,,true,16,false,0,0,true,1.9331,0.0012,19200,1924,0,,,,,,0,,,0,0,2,1154,1154,0,767560422256,5.22,0,0.03,0,0,1156,1155,2400,true,0,0,0,0,0,0,12,12,19224,0,0,0,0,0,0,0,0,0,0,0,0,0,,0,0,0,0,0,0,0,0,0,0,0,0,0,0,0,0,0,0,,0,0,0,0,0,0,false,
1155,1156,46248,false,132,50,1.355,0,1.236,0,dynamic_visual_atlas_upload,,,cell_indirection_lut,1.205,2400,2400,0,0,-1,-1,,1991.701174,3.013,4.027,4.027,1,8,3,1.5,false,2,8.666,,,,,,,,,,,,,,,,,,,,,,,,,,,,,,,,,,,,,,,,,,0,0,0,0,false,0,0,,0,0,0,0,0,0,0,,,,,false,{},{},{},{},{},{},{},0.001,3.915,4.079,0,0,0.014,0,0,0,0,0,0,0,0,0,0,0,0,100,0,7.032333,80.305,0.056,2.939333,0,0,0,11,11,0,321,0,14,2,0,0,1,2400,0.021,0.025,0,ACTIVE,ACTIVE,,4095,4095,0,,true,16,false,0,0,true,2.5171,0.0012,52800,2280,0,,,,,,0,,,0,0,2,1155,1155,0,767560442300,6.268,0,0.029,0,0,1157,1156,2400,true,0,0,0,0,0,0,12,12,19224,0,0,0,0,0,0,0,0,0,0,0,0,0,,0,0,0,0,0,0,0,0,0,0,0,0,0,0,0,0,0,0,,0,0,0,0,0,0,false,
1156,1157,46272,false,132,50,1.438,0,1.258,0,dynamic_visual_atlas_upload,,,cell_indirection_lut,1.205,2400,2400,0,0,-1,-1,,1991.701174,3.013,4.027,4.027,1,8,3,1.5,false,2,8.666,,,,,,,,,,,,,,,,,,,,,,,,,,,,,,,,,,,,,,,,,,0,0,0,0,false,0,0,,0,0,0,0,0,0,0,,,,,false,{},{},{},{},{},{},{},0,0,0.197,0,0,0.013,0,0,0,0,0,0,0,0,0,0,0,0,100,0,6.01875,80.305,0.056,5.80875,0,0,0,11,11,0,321,0,14,2,0,0,1,2400,0.021,0.025,0,ACTIVE,ACTIVE,,4095,4095,0,,true,16,false,0,0,true,1.7775,0.0009,19200,2280,0,,,,,,0,,,0,0,2,1156,1156,0,767560464050,8.62,0,0.027,0,0,1158,1157,2400,true,0,0,0,0,0,0,12,12,52824,0,0,0,0,0,0,0,0,0,0,0,0,0,,0,0,0,0,0,0,0,0,0,0,0,0,0,0,0,0,0,0,,0,0,0,0,0,0,false,
1157,1158,46286,false,132,50,1.455,0,1.284,0,dynamic_visual_atlas_upload,,,cell_indirection_lut,1.205,2400,2400,0,0,-1,-1,,1991.701174,3.013,4.027,4.027,1,8,3,1.5,false,2,8.666,,,,,,,,,,,,,,,,,,,,,,,,,,,,,,,,,,,,,,,,,,0,0,0,0,false,0,0,,0,0,0,0,0,0,0,,,,,false,{},{},{},{},{},{},{},0,0,0.162,0,0,0.012,0,0,0,0,0,0,0,0,0,0,0,0,100,0,6.8655,80.305,0.056,6.6915,0,0,0,11,11,0,321,0,14,2,0,0,1,2400,0.021,0.025,0,ACTIVE,ACTIVE,,4095,4095,0,,true,16,false,0,0,true,2.3735,0.0011,21600,2279,0,,,,,,0,,,0,0,2,1157,1157,0,767560482024,4.354,0,0.028,0,0,1159,1158,2400,true,0,0,0,0,0,0,12,12,19224,0,0,0,0,0,0,0,0,0,0,0,0,0,,0,0,0,0,0,0,0,0,0,0,0,0,0,0,0,0,0,0,,0,0,0,0,0,0,false,
1158,1159,46303,false,132,50,1.392,0,1.248,0,dynamic_visual_atlas_upload,,,cell_indirection_lut,1.205,2400,2400,0,0,-1,-1,,1991.701174,3.013,4.027,4.027,1,8,3,1.5,false,2,8.666,,,,,,,,,,,,,,,,,,,,,,,,,,,,,,,,,,,,,,,,,,0,0,0,0,false,0,0,,0,0,0,0,0,0,0,,,,,false,{},{},{},{},{},{},{},0,2.868,3.024,0,0,0.011,0,0,0,0,0,0,0,0,0,0,0,0,100,0,8.2545,80.305,0.056,5.2195,0,0,0,11,11,0,321,0,14,2,0,0,1,2400,0.021,0.025,0,ACTIVE,ACTIVE,,4095,4095,0,,true,16,false,0,0,true,2.1728,0.0012,19200,2278,0,,,,,,0,,,0,0,2,1158,1158,0,767560500029,2.856,0,0.028,0,0,1160,1159,2400,true,0,0,0,0,0,0,12,12,21624,0,0,0,0,0,0,0,0,0,0,0,0,0,,0,0,0,0,0,0,0,0,0,0,0,0,0,0,0,0,0,0,,0,0,0,0,0,0,false,
1159,1160,46324,false,132,50,1.341,0,1.23,0,dynamic_visual_atlas_upload,,,cell_indirection_lut,1.205,2400,2400,0,0,-1,-1,,1991.701174,3.013,4.027,4.027,1,8,3,1.5,false,2,8.666,,,,,,,,,,,,,,,,,,,,,,,,,,,,,,,,,,,,,,,,,,0,0,0,0,false,0,0,,0,0,0,0,0,0,0,,,,,false,{},{},{},{},{},{},{},0,3.417,3.573,0,0,0.013,0,0,0,0,0,0,0,0,0,0,0,0,100,0,7.007333,80.305,0.056,3.421333,0,0,0,11,11,0,321,0,14,2,0,0,1,2400,0.021,0.025,0,ACTIVE,ACTIVE,,4095,4095,0,,true,16,false,0,0,true,1.9619,0.001,19200,2280,0,,,,,,0,,,0,0,2,1159,1159,0,767560518260,5.634,0,0.04,0,0,1161,1160,2400,true,0,0,0,0,0,0,12,12,19224,0,0,0,0,0,0,0,0,0,0,0,0,0,,0,0,0,0,0,0,0,0,0,0,0,0,0,0,0,0,0,0,,0,0,0,0,0,0,false,
1160,1161,46345,false,132,50,1.374,0,1.258,0,dynamic_visual_atlas_upload,,,cell_indirection_lut,1.205,2400,2400,0,0,-1,-1,,1991.701174,3.013,4.027,4.027,1,8,3,1.5,false,2,8.666,,,,,,,,,,,,,,,,,,,,,,,,,,,,,,,,,,,,,,,,,,0,0,0,0,false,0,0,,0,0,0,0,0,0,0,,,,,false,{},{},{},{},{},{},{},0,3.472,3.63,0,0,0.017,0,0,0,0,0,0,0,0,0,0,0,0,100,0,6.947667,80.305,0.056,3.300667,0,0,0,11,11,0,321,0,14,2,0,0,1,2400,0.021,0.025,0,ACTIVE,ACTIVE,,4095,4095,0,,true,16,false,0,0,true,1.8434,0.001,19200,2280,0,,,,,,0,,,0,0,2,1160,1160,0,767560539112,5.639,0,0.026,0,0,1162,1161,2400,true,0,0,0,0,0,0,12,12,19224,0,0,0,0,0,0,0,0,0,0,0,0,0,,0,0,0,0,0,0,0,0,0,0,0,0,0,0,0,0,0,0,,0,0,0,0,0,0,false,
1161,1162,46365,false,132,50,1.405,0,1.242,0,dynamic_visual_atlas_upload,,,cell_indirection_lut,1.205,2400,2400,0,0,-1,-1,,1991.701174,3.013,4.027,4.027,1,8,3,1.5,false,2,8.666,,,,,,,,,,,,,,,,,,,,,,,,,,,,,,,,,,,,,,,,,,0,0,0,0,false,0,0,,0,0,0,0,0,0,0,,,,,false,{},{},{},{},{},{},{},0,3.242,3.428,0,0,0.01,0,0,0,0,0,0,0,0,0,0,0,0,100,0,6.827,80.305,0.056,3.389,0,0,0,11,11,0,321,0,14,2,0,0,1,2400,0.021,0.025,0,ACTIVE,ACTIVE,,4095,4095,0,,true,16,false,0,0,true,1.9449,0.0013,19200,2280,0,,,,,,0,,,0,0,2,1161,1161,0,767560559473,5.792,0,0.033,0,0,1163,1162,2400,true,0,0,0,0,0,0,12,12,19224,0,0,0,0,0,0,0,0,0,0,0,0,0,,0,0,0,0,0,0,0,0,0,0,0,0,0,0,0,0,0,0,,0,0,0,0,0,0,false,
1162,1163,46386,false,132,50,1.365,0,1.228,0,dynamic_visual_atlas_upload,,,cell_indirection_lut,1.205,2400,2400,0,0,-1,-1,,1991.701174,3.013,4.027,4.027,1,8,3,1.5,false,2,8.666,,,,,,,,,,,,,,,,,,,,,,,,,,,,,,,,,,,,,,,,,,0,0,0,0,false,0,0,,0,0,0,0,0,0,0,,,,,false,{},{},{},{},{},{},{},0,2.991,3.14,0,0,0.013,0,0,0,0,0,0,0,0,0,0,0,0,100,0,6.866,80.305,0.056,3.713,0,0,0,11,11,0,321,0,14,2,0,0,1,2400,0.021,0.025,0,ACTIVE,ACTIVE,,4095,4095,0,,true,16,false,0,0,true,1.905,0.001,19200,1999,0,,,,,,0,,,0,0,2,1162,1162,0,767560580795,5.025,0,0.036,0,0,1164,1163,2400,true,0,0,0,0,0,0,12,12,19224,0,0,0,0,0,0,0,0,0,0,0,0,0,,0,0,0,0,0,0,0,0,0,0,0,0,0,0,0,0,0,0,,0,0,0,0,0,0,false,
1163,1164,46407,false,132,50,1.373,0,1.254,0,dynamic_visual_atlas_upload,,,cell_indirection_lut,1.205,2400,2400,0,0,-1,-1,,1991.701174,3.013,4.027,4.027,1,8,3,1.5,false,2,8.666,,,,,,,,,,,,,,,,,,,,,,,,,,,,,,,,,,,,,,,,,,0,0,0,0,false,0,0,,0,0,0,0,0,0,0,,,,,false,{},{},{},{},{},{},{},0,4.064,4.237,0,0,0.015,0,0,0,0,0,0,0,0,0,0,0,0,100,0,7.222333,80.305,0.056,2.970333,0,0,0,11,11,0,321,0,14,2,0,0,1,2400,0.021,0.025,0,ACTIVE,ACTIVE,,4095,4095,0,,true,16,false,0,0,true,1.905,0.001,19200,1999,0,,,,,,0,,,0,0,2,1163,1163,0,767560600612,6.888,0,0.026,0,0,1165,1164,2400,true,0,0,0,0,0,0,12,12,19224,0,0,0,0,0,0,0,0,0,0,0,0,0,,0,0,0,0,0,0,0,0,0,0,0,0,0,0,0,0,0,0,,0,0,0,0,0,0,false,
1164,1165,46432,false,132,50,1.552,0,1.327,0,dynamic_visual_atlas_upload,,,cell_indirection_lut,1.205,2400,2400,0,0,-1,-1,,1991.701174,3.013,4.027,4.027,1,8,3,1.5,false,2,8.666,,,,,,,,,,,,,,,,,,,,,,,,,,,,,,,,,,,,,,,,,,0,0,0,0,false,0,0,,0,0,0,0,0,0,0,,,,,false,{},{},{},{},{},{},{},0,0,0.283,0,0,0.017,0,0,0,0,0,0,0,0,0,0,0,0,100,0,6.11675,80.305,0.056,5.81675,0,0,0,11,11,0,321,0,14,2,0,0,1,2400,0.021,0.025,0,ACTIVE,ACTIVE,,4095,4095,0,,true,16,false,0,0,true,1.8922,0.0014,19200,2280,0,,,,,,0,,,0,0,2,1164,1164,0,767560625433,6.562,0,0.026,0,0,1166,1165,2400,true,0,0,0,0,0,0,12,12,55224,0,0,0,0,0,0,0,0,0,0,0,0,0,,0,0,0,0,0,0,0,0,0,0,0,0,0,0,0,0,0,0,,0,0,0,0,0,0,false,
1165,1166,46452,false,132,50,1.545,0,1.312,0,dynamic_visual_atlas_upload,,,cell_indirection_lut,1.205,2400,2400,0,0,-1,-1,,1991.701174,3.013,4.027,4.027,1,8,3,1.5,false,2,8.666,,,,,,,,,,,,,,,,,,,,,,,,,,,,,,,,,,,,,,,,,,0,0,0,0,false,0,0,,0,0,0,0,0,0,0,,,,,false,{},{},{},{},{},{},{},0,0,0.295,0,0,0.018,0,0,0,0,0,0,0,0,0,0,0,0,100,0,6.814333,80.305,0.056,6.501333,0,0,0,11,11,0,321,0,14,2,0,0,1,2400,0.021,0.025,0,ACTIVE,ACTIVE,,4095,4095,0,,true,16,false,0,0,true,1.9445,0.0016,19200,2280,0,,,,,,0,,,0,0,2,1165,1165,0,767560643853,8.591,0,0.029,0,0,1167,1166,2400,true,0,0,0,0,0,0,12,12,19224,0,0,0,0,0,0,0,0,0,0,0,0,0,,0,0,0,0,0,0,0,0,0,0,0,0,0,0,0,0,0,0,,0,0,0,0,0,0,false,
1166,1167,46466,false,132,50,1.446,0,1.28,0,dynamic_visual_atlas_upload,,,cell_indirection_lut,1.205,2400,2400,0,0,-1,-1,,1991.701174,3.013,4.027,4.027,1,8,3,1.5,false,2,8.666,,,,,,,,,,,,,,,,,,,,,,,,,,,,,,,,,,,,,,,,,,0,0,0,0,false,0,0,,0,0,0,0,0,0,0,,,,,false,{},{},{},{},{},{},{},0,0,0.212,0,0,0.016,0,0,0,0,0,0,0,0,0,0,0,0,100,0,6.757,80.305,0.056,6.529,0,0,0,11,11,0,321,0,14,2,0,0,1,2400,0.021,0.025,0,ACTIVE,ACTIVE,,4095,4095,0,,true,16,false,0,0,true,1.8514,0.0011,19200,2278,0,,,,,,0,,,0,0,2,1166,1166,0,767560662368,3.56,0,0.03,0,0,1168,1167,2400,true,0,0,0,0,0,0,12,12,19224,0,0,0,0,0,0,0,0,0,0,0,0,0,,0,0,0,0,0,0,0,0,0,0,0,0,0,0,0,0,0,0,,0,0,0,0,0,0,false,
1167,1168,46483,false,132,50,1.398,0,1.251,0,dynamic_visual_atlas_upload,,,cell_indirection_lut,1.205,2400,2400,0,0,-1,-1,,1991.701174,3.013,4.027,4.027,1,8,3,1.5,false,2,8.666,,,,,,,,,,,,,,,,,,,,,,,,,,,,,,,,,,,,,,,,,,0,0,0,0,false,0,0,,0,0,0,0,0,0,0,,,,,false,{},{},{},{},{},{},{},0.001,3.073,3.356,0,0,0.017,0,0,0,0,0,0,0,0,0,0,0,0,100,0,8.4735,80.305,0.056,5.1005,0,0,0,11,11,0,321,0,14,2,0,0,1,2400,0.021,0.025,0,ACTIVE,ACTIVE,,4095,4095,0,,true,16,false,0,0,true,1.8652,0.0009,19200,2280,0,,,,,,0,,,0,0,2,1167,1167,0,767560680314,2.593,0,0.027,0,0,1169,1168,2400,true,0,0,0,0,0,0,12,12,19224,0,0,0,0,0,0,0,0,0,0,0,0,0,,0,0,0,0,0,0,0,0,0,0,0,0,0,0,0,0,0,0,,0,0,0,0,0,0,false,
1168,1169,46504,false,132,50,1.461,0,1.292,0,dynamic_visual_atlas_upload,,,cell_indirection_lut,1.205,2400,2400,0,0,-1,-1,,1991.701174,3.013,4.027,4.027,1,8,3,1.5,false,2,8.666,,,,,,,,,,,,,,,,,,,,,,,,,,,,,,,,,,,,,,,,,,0,0,0,0,false,0,0,,0,0,0,0,0,0,0,,,,,false,{},{},{},{},{},{},{},0,3.284,3.477,0,0,0.016,0,0,0,0,0,0,0,0,0,0,0,0,100,0,6.977667,80.305,0.056,3.484667,0,0,0,11,11,0,321,0,14,2,0,0,1,2400,0.021,0.025,0,ACTIVE,ACTIVE,,4095,4095,0,,true,16,false,0,0,true,1.9849,0.0012,19200,2277,0,,,,,,0,,,0,0,2,1168,1168,0,767560698699,5.12,0,0.026,0,0,1170,1169,2400,true,0,0,0,0,0,0,12,12,19224,0,0,0,0,0,0,0,0,0,0,0,0,0,,0,0,0,0,0,0,0,0,0,0,0,0,0,0,0,0,0,0,,0,0,0,0,0,0,false,
1169,1170,46524,false,132,50,1.437,0,1.291,0,dynamic_visual_atlas_upload,,,cell_indirection_lut,1.205,2400,2400,0,0,-1,-1,,1991.701174,3.013,4.027,4.027,1,8,3,1.5,false,2,8.666,,,,,,,,,,,,,,,,,,,,,,,,,,,,,,,,,,,,,,,,,,0,0,0,0,false,0,0,,0,0,0,0,0,0,0,,,,,false,{},{},{},{},{},{},{},0,3.674,3.863,0,0,0.045,0,0,0,0,0,0,0,0,0,0,0,0,100,0,6.945667,80.305,0.056,3.037667,0,0,0,11,11,0,321,0,14,2,0,0,1,2400,0.021,0.025,0,ACTIVE,ACTIVE,,4095,4095,0,,true,16,false,0,0,true,2.565,0.0015,21600,2277,0,,,,,,0,,,0,0,2,1169,1169,0,767560718432,6.228,0,0.031,0,0,1171,1170,2400,true,0,0,0,0,0,0,12,12,19224,0,0,0,0,0,0,0,0,0,0,0,0,0,,0,0,0,0,0,0,0,0,0,0,0,0,0,0,0,0,0,0,,0,0,0,0,0,0,false,
1170,1171,46545,false,132,50,1.456,0,1.274,0,dynamic_visual_atlas_upload,,,cell_indirection_lut,1.205,2400,2400,0,0,-1,-1,,1991.701174,3.013,4.027,4.027,1,8,3,1.5,false,2,8.666,,,,,,,,,,,,,,,,,,,,,,,,,,,,,,,,,,,,,,,,,,0,0,0,0,false,0,0,,0,0,0,0,0,0,0,,,,,false,{},{},{},{},{},{},{},0,3.195,3.382,0,0,0.016,0,0,0,0,0,0,0,0,0,0,0,0,100,0,6.795667,80.305,0.056,3.397667,0,0,0,11,11,0,321,0,14,2,0,0,1,2400,0.021,0.025,0,ACTIVE,ACTIVE,,4095,4095,0,,true,16,false,0,0,true,1.9155,0.0011,19200,1983,0,,,,,,0,,,0,0,2,1170,1170,0,767560741053,4.006,0,0.029,0,0,1172,1171,2400,true,0,0,0,0,0,0,12,12,21624,0,0,0,0,0,0,0,0,0,0,0,0,0,,0,0,0,0,0,0,0,0,0,0,0,0,0,0,0,0,0,0,,0,0,0,0,0,0,false,
1171,1172,46566,false,132,50,1.575,0,1.345,0,dynamic_visual_atlas_upload,,,cell_indirection_lut,1.205,2400,2400,0,0,-1,-1,,1991.701174,3.013,4.027,4.027,1,8,3,1.5,false,2,8.666,,,,,,,,,,,,,,,,,,,,,,,,,,,,,,,,,,,,,,,,,,0,0,0,0,false,0,0,,0,0,0,0,0,0,0,,,,,false,{},{},{},{},{},{},{},0,3.905,4.094,0,0,0.017,0,0,0,0,0,0,0,0,0,0,0,0,100,0,7.197667,80.305,0.056,3.086667,0,0,0,11,11,0,321,0,14,2,0,0,1,2400,0.021,0.025,0,ACTIVE,ACTIVE,,4095,4095,0,,true,16,false,0,0,true,3.493,0.0013,52800,2280,0,,,,,,0,,,0,0,2,1171,1171,0,767560761467,5.186,0,0.03,0,0,1173,1172,2400,true,0,0,0,0,0,0,12,12,19224,0,0,0,0,0,0,0,0,0,0,0,0,0,,0,0,0,0,0,0,0,0,0,0,0,0,0,0,0,0,0,0,,0,0,0,0,0,0,false,
1172,1173,46593,false,132,50,1.97,0,1.709,0,dynamic_visual_atlas_upload,,,cell_indirection_lut,1.205,2400,2400,0,0,-1,-1,,1991.701174,3.013,4.027,4.027,1,8,3,1.5,false,2,8.666,,,,,,,,,,,,,,,,,,,,,,,,,,,,,,,,,,,,,,,,,,0,0,0,0,false,0,0,,0,0,0,0,0,0,0,,,,,false,{},{},{},{},{},{},{},0,0.001,0.636,0,0,0.029,0,0,0,0,0,0,0,0,0,0,0,0,100,0,6.55225,80.305,0.056,5.88725,0,0,0,11,11,0,321,0,14,2,0,0,1,2400,0.021,0.025,0,ACTIVE,ACTIVE,,4095,4095,0,,true,16,false,0,0,true,2.1935,0.0016,19200,2280,0,,,,,,0,,,0,0,2,1172,1172,0,767560786700,6.222,0,0.033,0,0,1174,1173,2400,true,0,0,0,0,0,0,12,12,52824,0,0,0,0,0,0,0,0,0,0,0,0,0,,0,0,0,0,0,0,0,0,0,0,0,0,0,0,0,0,0,0,,0,0,0,0,0,0,false,
1173,1174,46622,false,132,50,1.617,0,1.411,0,dynamic_visual_atlas_upload,,,cell_indirection_lut,1.205,2400,2400,0,0,-1,-1,,1991.701174,3.013,4.027,4.027,1,8,3,1.5,false,2,8.666,,,,,,,,,,,,,,,,,,,,,,,,,,,,,,,,,,,,,,,,,,0,0,0,0,false,0,0,,0,0,0,0,0,0,0,,,,,false,{},{},{},{},{},{},{},0,4.272,4.506,0,0,0.019,0,0,0,0,0,0,0,0,0,0,0,0,100,0,7.33575,80.305,0.056,2.81075,0,0,0,11,11,0,321,0,14,2,0,0,1,2400,0.021,0.025,0,ACTIVE,ACTIVE,,4095,4095,0,,true,16,false,0,0,true,2.5761,0.0021,19200,2277,0,,,,,,0,,,0,0,2,1173,1173,0,767560812113,10.26,0,0.032,0,0,1176,1175,2400,true,0,0,0,0,0,0,12,12,19224,0,0,0,0,0,0,0,0,0,0,0,0,0,,0,0,0,0,0,0,0,0,0,0,0,0,0,0,0,0,0,0,,0,0,0,0,0,0,false,
1174,1175,46642,false,132,50,1.876,0,1.629,0,dynamic_visual_atlas_upload,,,cell_indirection_lut,1.205,2400,2400,0,0,-1,-1,,1991.701174,3.013,4.027,4.027,1,8,3,1.5,false,2,8.666,,,,,,,,,,,,,,,,,,,,,,,,,,,,,,,,,,,,,,,,,,0,0,0,0,false,0,0,,0,0,0,0,0,0,0,,,,,false,{},{},{},{},{},{},{},0,3.772,3.984,0,0,0.018,0,0,0,0,0,0,0,0,0,0,0,0,100,0,6.762667,80.305,0.056,2.760667,0,0,0,11,11,0,321,0,14,2,0,0,1,2400,0.021,0.025,0,ACTIVE,ACTIVE,,4095,4095,0,,true,16,false,0,0,true,2.0605,0.0019,19200,2278,0,,,,,,0,,,0,0,2,1174,1174,0,767560833743,8.821,0,0.036,0,0,1177,1176,2400,true,0,0,0,0,0,0,12,12,19224,0,0,0,0,0,0,0,0,0,0,0,0,0,,0,0,0,0,0,0,0,0,0,0,0,0,0,0,0,0,0,0,,0,0,0,0,0,0,false,
1175,1176,46662,false,132,50,1.616,0,1.384,0,dynamic_visual_atlas_upload,,,cell_indirection_lut,1.205,2400,2400,0,0,-1,-1,,1991.701174,3.013,4.027,4.027,1,8,3,1.5,false,2,8.666,,,,,,,,,,,,,,,,,,,,,,,,,,,,,,,,,,,,,,,,,,0,0,0,0,false,0,0,,0,0,0,0,0,0,0,,,,,false,{},{},{},{},{},{},{},0,3.532,3.757,0,0,0.018,0,0,0,0,0,0,0,0,0,0,0,0,100,0,6.734667,80.305,0.056,2.959667,0,0,0,11,11,0,321,0,14,2,0,0,1,2400,0.021,0.025,0,ACTIVE,ACTIVE,,4095,4095,0,,true,16,false,0,0,true,2.7921,0.0016,21600,2278,0,,,,,,0,,,0,0,2,1175,1175,0,767560855000,7.694,0,0.032,0,0,1178,1177,2400,true,0,0,0,0,0,0,12,12,19224,0,0,0,0,0,0,0,0,0,0,0,0,0,,0,0,0,0,0,0,0,0,0,0,0,0,0,0,0,0,0,0,,0,0,0,0,0,0,false,
1176,1177,46683,false,132,50,1.49,0,1.332,0,dynamic_visual_atlas_upload,,,cell_indirection_lut,1.205,2400,2400,0,0,-1,-1,,1991.701174,3.013,4.027,4.027,1,8,3,1.5,false,2,8.666,,,,,,,,,,,,,,,,,,,,,,,,,,,,,,,,,,,,,,,,,,0,0,0,0,false,0,0,,0,0,0,0,0,0,0,,,,,false,{},{},{},{},{},{},{},0,3.99,4.192,0,0,0.018,0,0,0,0,0,0,0,0,0,0,0,0,100,0,7.008,80.305,0.056,2.798,0,0,0,11,11,0,321,0,14,2,0,0,1,2400,0.021,0.025,0,ACTIVE,ACTIVE,,4095,4095,0,,true,16,false,0,0,true,2.5961,0.0022,19200,2278,0,,,,,,0,,,0,0,2,1176,1176,0,767560874763,9.001,0,0.032,0,0,1179,1178,2400,true,0,0,0,0,0,0,12,12,21624,0,0,0,0,0,0,0,0,0,0,0,0,0,,0,0,0,0,0,0,0,0,0,0,0,0,0,0,0,0,0,0,,0,0,0,0,0,0,false,
1177,1178,46704,false,132,50,1.624,0,1.415,0,dynamic_visual_atlas_upload,,,cell_indirection_lut,1.205,2400,2400,0,0,-1,-1,,1991.701174,3.013,4.027,4.027,1,8,3,1.5,false,2,8.666,,,,,,,,,,,,,,,,,,,,,,,,,,,,,,,,,,,,,,,,,,0,0,0,0,false,0,0,,0,0,0,0,0,0,0,,,,,false,{},{},{},{},{},{},{},0,3.778,3.944,0,0,0.013,0,0,0,0,0,0,0,0,0,0,0,0,100,0,6.805667,80.305,0.056,2.848667,0,0,0,11,11,0,321,0,14,2,0,0,1,2400,0.021,0.025,0,ACTIVE,ACTIVE,,4095,4095,0,,true,16,false,0,0,true,1.8461,0.0011,19200,2278,0,,,,,,0,,,0,0,2,1177,1177,0,767560894900,9.425,0,0.028,0,0,1180,1179,2400,true,0,0,0,0,0,0,12,12,19224,0,0,0,0,0,0,0,0,0,0,0,0,0,,0,0,0,0,0,0,0,0,0,0,0,0,0,0,0,0,0,0,,0,0,0,0,0,0,false,
1178,1179,46725,false,132,50,1.504,0,1.33,0,dynamic_visual_atlas_upload,,,cell_indirection_lut,1.205,2400,2400,0,0,-1,-1,,1991.701174,3.013,4.027,4.027,1,8,3,1.5,false,2,8.666,,,,,,,,,,,,,,,,,,,,,,,,,,,,,,,,,,,,,,,,,,0,0,0,0,false,0,0,,0,0,0,0,0,0,0,,,,,false,{},{},{},{},{},{},{},0,4.23,4.484,0,0,0.019,0,0,0,0,0,0,0,0,0,0,0,0,100,0,7.085667,80.305,0.056,2.582667,0,0,0,11,11,0,321,0,14,2,0,0,1,2400,0.021,0.025,0,ACTIVE,ACTIVE,,4095,4095,0,,true,16,false,0,0,true,2.0046,0.0012,19200,2278,0,,,,,,0,,,0,0,2,1178,1178,0,767560914634,10.819,0,0.032,0,0,1181,1180,2400,true,0,0,0,0,0,0,12,12,19224,0,0,0,0,0,0,0,0,0,0,0,0,0,,0,0,0,0,0,0,0,0,0,0,0,0,0,0,0,0,0,0,,0,0,0,0,0,0,false,
1179,1180,46745,false,132,50,1.391,0,1.255,0,dynamic_visual_atlas_upload,,,cell_indirection_lut,1.205,2400,2400,0,0,-1,-1,,1991.701174,3.013,4.027,4.027,1,8,3,1.5,false,2,8.666,,,,,,,,,,,,,,,,,,,,,,,,,,,,,,,,,,,,,,,,,,0,0,0,0,false,0,0,,0,0,0,0,0,0,0,,,,,false,{},{},{},{},{},{},{},0,3.672,3.872,0,0,0.019,0,0,0,0,0,0,0,0,0,0,0,0,100,0,6.679,80.305,0.056,2.788,0,0,0,11,11,0,321,0,14,2,0,0,1,2400,0.021,0.025,0,ACTIVE,ACTIVE,,4095,4095,0,,true,16,false,0,0,true,2.6845,0.0016,52800,2280,0,,,,,,0,,,0,0,2,1179,1179,0,767560934908,10.518,0,0.035,0,0,1182,1181,2400,true,0,0,0,0,0,0,12,12,19224,0,0,0,0,0,0,0,0,0,0,0,0,0,,0,0,0,0,0,0,0,0,0,0,0,0,0,0,0,0,0,0,,0,0,0,0,0,0,false,
1180,1181,46763,false,132,50,1.491,0,1.288,0,dynamic_visual_atlas_upload,,,cell_indirection_lut,1.205,2400,2400,0,0,-1,-1,,1991.701174,3.013,4.027,4.027,1,8,3,1.5,false,2,8.666,,,,,,,,,,,,,,,,,,,,,,,,,,,,,,,,,,,,,,,,,,0,0,0,0,false,0,0,,0,0,0,0,0,0,0,,,,,false,{},{},{},{},{},{},{},0,0,0.246,0,0,0.016,0,0,0,0,0,0,0,0,0,0,0,0,100,0,5.892333,80.305,0.056,5.630333,0,0,0,11,11,0,321,0,14,2,0,0,1,2400,0.021,0.025,0,ACTIVE,ACTIVE,,4095,4095,0,,true,16,false,0,0,true,1.8908,0.0013,19200,2280,0,,,,,,0,,,0,0,2,1180,1180,0,767560957571,5.611,0,0.029,0,0,1183,1182,2400,true,0,0,0,0,0,0,12,12,52824,0,0,0,0,0,0,0,0,0,0,0,0,0,,0,0,0,0,0,0,0,0,0,0,0,0,0,0,0,0,0,0,,0,0,0,0,0,0,false,
1181,1182,46779,false,132,50,1.437,0,1.279,0,dynamic_visual_atlas_upload,,,cell_indirection_lut,1.205,2400,2400,0,0,-1,-1,,1991.701174,3.013,4.027,4.027,1,8,3,1.5,false,2,8.666,,,,,,,,,,,,,,,,,,,,,,,,,,,,,,,,,,,,,,,,,,0,0,0,0,false,0,0,,0,0,0,0,0,0,0,,,,,false,{},{},{},{},{},{},{},0,2.999,3.173,0,0,0.016,0,0,0,0,0,0,0,0,0,0,0,0,100,0,8.1195,80.305,0.056,4.9305,0,0,0,11,11,0,321,0,14,2,0,0,1,2400,0.021,0.025,0,ACTIVE,ACTIVE,,4095,4095,0,,true,16,false,0,0,true,2.5058,0.001,21600,2280,0,,,,,,0,,,0,0,2,1181,1181,0,767560976515,2.9,0,0.035,0,0,1184,1183,2400,true,0,0,0,0,0,0,12,12,19224,0,0,0,0,0,0,0,0,0,0,0,0,0,,0,0,0,0,0,0,0,0,0,0,0,0,0,0,0,0,0,0,,0,0,0,0,0,0,false,
1182,1183,46800,false,132,50,1.497,0,1.315,0,dynamic_visual_atlas_upload,,,cell_indirection_lut,1.205,2400,2400,0,0,-1,-1,,1991.701174,3.013,4.027,4.027,1,8,3,1.5,false,2,8.666,,,,,,,,,,,,,,,,,,,,,,,,,,,,,,,,,,,,,,,,,,0,0,0,0,false,0,0,,0,0,0,0,0,0,0,,,,,false,{},{},{},{},{},{},{},0,3.432,3.626,0,0,0.016,0,0,0,0,0,0,0,0,0,0,0,0,100,0,7.108667,80.305,0.056,3.466667,0,0,0,11,11,0,321,0,14,2,0,0,1,2400,0.021,0.025,0,ACTIVE,ACTIVE,,4095,4095,0,,true,16,false,0,0,true,2.0396,0.0012,19200,2280,0,,,,,,0,,,0,0,2,1182,1182,0,767560996680,4.029,0,0.026,0,0,1185,1184,2400,true,0,0,0,0,0,0,12,12,21624,0,0,0,0,0,0,0,0,0,0,0,0,0,,0,0,0,0,0,0,0,0,0,0,0,0,0,0,0,0,0,0,,0,0,0,0,0,0,false,
1183,1184,46824,false,132,50,1.507,0,1.314,0,dynamic_visual_atlas_upload,,,cell_indirection_lut,1.205,2400,2400,0,0,-1,-1,,1991.701174,3.013,4.027,4.027,1,8,3,1.5,false,2,8.666,,,,,,,,,,,,,,,,,,,,,,,,,,,,,,,,,,,,,,,,,,0,0,0,0,false,0,0,,0,0,0,0,0,0,0,,,,,false,{},{},{},{},{},{},{},0,6.288,6.485,0,0,0.017,0,0,0,0,0,0,0,0,0,0,0,0,100,0,7.860667,80.305,0.056,1.358667,0,0,0,11,11,0,321,0,14,2,0,0,1,2400,0.021,0.025,0,ACTIVE,ACTIVE,,4095,4095,0,,true,16,false,0,0,true,1.8513,0.0013,19200,2280,0,,,,,,0,,,0,0,2,1183,1183,0,767561017462,6.767,0,0.03,0,0,1186,1185,2400,true,0,0,0,0,0,0,12,12,19224,0,0,0,0,0,0,0,0,0,0,0,0,0,,0,0,0,0,0,0,0,0,0,0,0,0,0,0,0,0,0,0,,0,0,0,0,0,0,false,
1184,1185,46846,false,132,50,1.614,0,1.36,0,dynamic_visual_atlas_upload,,,cell_indirection_lut,1.205,2400,2400,0,0,-1,-1,,1991.701174,3.013,4.027,4.027,1,8,3,1.5,false,2,8.666,,,,,,,,,,,,,,,,,,,,,,,,,,,,,,,,,,,,,,,,,,0,0,0,0,false,0,0,,0,0,0,0,0,0,0,,,,,false,{},{},{},{},{},{},{},0,7.523,7.715,0,0,0.017,0,0,0,0,0,0,0,0,0,0,0,0,100,0,7.388,80.305,0.056,0,0,0,0,11,11,0,321,0,14,2,0,0,1,2400,0.021,0.025,0,ACTIVE,ACTIVE,,4095,4095,0,,true,16,false,0,0,true,1.9005,0.0011,19200,2280,0,,,,,,0,,,0,0,2,1184,1184,0,767561036545,9.886,0,0.027,0,0,1187,1186,2400,true,0,0,0,0,0,0,12,12,19224,0,0,0,0,0,0,0,0,0,0,0,0,0,,0,0,0,0,0,0,0,0,0,0,0,0,0,0,0,0,0,0,,0,0,0,0,0,0,false,
1185,1186,46862,false,132,50,1.504,0,1.317,0,dynamic_visual_atlas_upload,,,cell_indirection_lut,1.205,2400,2400,0,0,-1,-1,,1991.701174,3.013,4.027,4.027,1,8,3,1.5,false,2,8.666,,,,,,,,,,,,,,,,,,,,,,,,,,,,,,,,,,,,,,,,,,0,0,0,0,false,0,0,,0,0,0,0,0,0,0,,,,,false,{},{},{},{},{},{},{},0,3.5,3.689,0,0,0.01,0,0,0,0,0,0,0,0,0,0,0,0,100,0,5.316,80.305,0.056,1.617,0,0,0,11,11,0,321,0,14,2,0,0,1,2400,0.021,0.025,0,ACTIVE,ACTIVE,,4095,4095,0,,true,16,false,0,0,true,1.8707,0.0012,19200,2280,0,,,,,,0,,,0,0,2,1185,1185,0,767561054856,7.532,0,0.041,0,0,1188,1187,2400,true,0,0,0,0,0,0,12,12,19224,0,0,0,0,0,0,0,0,0,0,0,0,0,,0,0,0,0,0,0,0,0,0,0,0,0,0,0,0,0,0,0,,0,0,0,0,0,0,false,
1186,1187,46886,false,132,50,1.658,0,1.402,0,dynamic_visual_atlas_upload,,,cell_indirection_lut,1.205,2400,2400,0,0,-1,-1,,1991.701174,3.013,4.027,4.027,1,8,3,1.5,false,2,8.666,,,,,,,,,,,,,,,,,,,,,,,,,,,,,,,,,,,,,,,,,,0,0,0,0,false,0,0,,0,0,0,0,0,0,0,,,,,false,{},{},{},{},{},{},{},0.001,5.648,6.212,0,0,0.027,0,0,0,0,0,0,0,0,0,0,0,0,100,0,8.059333,80.305,0.056,1.820333,0,0,0,11,11,0,321,0,14,2,0,0,1,2400,0.021,0.025,0,ACTIVE,ACTIVE,,4095,4095,0,,true,16,false,0,0,true,2.8289,0.0023,19200,2280,0,,,,,,0,,,0,0,2,1186,1186,0,767561076762,9.823,0,0.034,0,0,1189,1188,2400,true,0,0,0,0,0,0,12,12,19224,0,0,0,0,0,0,0,0,0,0,0,0,0,,0,0,0,0,0,0,0,0,0,0,0,0,0,0,0,0,0,0,,0,0,0,0,0,0,false,
1187,1188,46904,false,132,50,1.511,0,1.338,0,dynamic_visual_atlas_upload,,,cell_indirection_lut,1.205,2400,2400,0,0,-1,-1,,1991.701174,3.013,4.027,4.027,1,8,3,1.5,false,2,8.666,,,,,,,,,,,,,,,,,,,,,,,,,,,,,,,,,,,,,,,,,,0,0,0,0,false,0,0,,0,0,0,0,0,0,0,,,,,false,{},{},{},{},{},{},{},0,3.943,4.127,0,0,0.023,0,0,0,0,0,0,0,0,0,0,0,0,100,0,5.97,80.305,0.056,1.82,0,0,0,11,11,0,321,0,14,2,0,0,1,2400,0.021,0.025,0,ACTIVE,ACTIVE,,4095,4095,0,,true,16,false,0,0,true,3.7326,0.0014,55200,2280,0,,,,,,0,,,0,0,2,1187,1187,0,767561097920,6.506,0,0.035,0,0,1190,1189,2400,true,0,0,0,0,0,0,12,12,19224,0,0,0,0,0,0,0,0,0,0,0,0,0,,0,0,0,0,0,0,0,0,0,0,0,0,0,0,0,0,0,0,,0,0,0,0,0,0,false,
1188,1189,46921,false,132,50,1.437,0,1.284,0,dynamic_visual_atlas_upload,,,cell_indirection_lut,1.205,2400,2400,0,0,-1,-1,,1991.701174,3.013,4.027,4.027,1,8,3,1.5,false,2,8.666,,,,,,,,,,,,,,,,,,,,,,,,,,,,,,,,,,,,,,,,,,0,0,0,0,false,0,0,,0,0,0,0,0,0,0,,,,,false,{},{},{},{},{},{},{},0,0.001,0.189,0,0,0.015,0,0,0,0,0,0,0,0,0,0,0,0,100,0,5.599667,80.305,0.056,5.395667,0,0,0,11,11,0,321,0,14,2,0,0,1,2400,0.021,0.025,0,ACTIVE,ACTIVE,,4095,4095,0,,true,16,false,0,0,true,3.7326,0.0014,55200,2280,0,,,,,,0,,,0,0,2,1188,1188,0,767561119135,2.092,0,0.028,0,0,1191,1190,2400,true,0,0,0,0,0,0,12,12,55224,0,0,0,0,0,0,0,0,0,0,0,0,0,,0,0,0,0,0,0,0,0,0,0,0,0,0,0,0,0,0,0,,0,0,0,0,0,0,false,
1189,1190,46942,false,132,50,1.559,0,1.359,0,dynamic_visual_atlas_upload,,,cell_indirection_lut,1.205,2400,2400,0,0,-1,-1,,1991.701174,3.013,4.027,4.027,1,8,3,1.5,false,2,8.666,,,,,,,,,,,,,,,,,,,,,,,,,,,,,,,,,,,,,,,,,,0,0,0,0,false,0,0,,0,0,0,0,0,0,0,,,,,false,{},{},{},{},{},{},{},0,0,0.287,0,0,0.019,0,0,0,0,0,0,0,0,0,0,0,0,100,0,7.095667,80.305,0.056,6.789667,0,0,0,11,11,0,321,0,14,2,0,0,1,2400,0.021,0.025,0,ACTIVE,ACTIVE,,4095,4095,0,,true,16,false,0,0,true,1.9944,0.0015,19200,2280,0,,,,,,0,,,0,0,2,1189,1189,0,767561139124,3.425,0,0.028,0,0,1192,1191,2400,true,0,0,0,0,0,0,12,12,19224,0,0,0,0,0,0,0,0,0,0,0,0,0,,0,0,0,0,0,0,0,0,0,0,0,0,0,0,0,0,0,0,,0,0,0,0,0,0,false,
1190,1191,46963,false,132,50,1.648,0,1.442,0,dynamic_visual_atlas_upload,,,cell_indirection_lut,1.205,2400,2400,0,0,-1,-1,,1991.701174,3.013,4.027,4.027,1,8,3,1.5,false,2,8.666,,,,,,,,,,,,,,,,,,,,,,,,,,,,,,,,,,,,,,,,,,0,0,0,0,false,0,0,,0,0,0,0,0,0,0,,,,,false,{},{},{},{},{},{},{},0,0,0.193,0,0,0.013,0,0,0,0,0,0,0,0,0,0,0,0,100,0,6.78,80.305,0.056,6.574,0,0,0,11,11,0,321,0,14,2,0,0,1,2400,0.021,0.025,0,ACTIVE,ACTIVE,,4095,4095,0,,true,16,false,0,0,true,1.9697,0.0011,19200,2280,0,,,,,,0,,,0,0,2,1190,1190,0,767561158242,4.694,0,0.041,0,0,1193,1192,2400,true,0,0,0,0,0,0,12,12,19224,0,0,0,0,0,0,0,0,0,0,0,0,0,,0,0,0,0,0,0,0,0,0,0,0,0,0,0,0,0,0,0,,0,0,0,0,0,0,false,
1191,1192,46979,false,132,50,1.433,0,1.288,0,dynamic_visual_atlas_upload,,,cell_indirection_lut,1.205,2400,2400,0,0,-1,-1,,1991.701174,3.013,4.027,4.027,1,8,3,1.5,false,2,8.666,,,,,,,,,,,,,,,,,,,,,,,,,,,,,,,,,,,,,,,,,,0,0,0,0,false,0,0,,0,0,0,0,0,0,0,,,,,false,{},{},{},{},{},{},{},0,3.046,3.239,0,0,0.015,0,0,0,0,0,0,0,0,0,0,0,0,100,0,8.318,80.305,0.056,5.064,0,0,0,11,11,0,321,0,14,2,0,0,1,2400,0.021,0.025,0,ACTIVE,ACTIVE,,4095,4095,0,,true,16,false,0,0,true,1.8463,0.001,19200,2280,0,,,,,,0,,,0,0,2,1191,1191,0,767561176846,2.644,0,0.033,0,0,1194,1193,2400,true,0,0,0,0,0,0,12,12,19224,0,0,0,0,0,0,0,0,0,0,0,0,0,,0,0,0,0,0,0,0,0,0,0,0,0,0,0,0,0,0,0,,0,0,0,0,0,0,false,
1192,1193,47001,false,132,50,1.579,0,1.371,0,dynamic_visual_atlas_upload,,,cell_indirection_lut,1.205,2400,2400,0,0,-1,-1,,1991.701174,3.013,4.027,4.027,1,8,3,1.5,false,2,8.666,,,,,,,,,,,,,,,,,,,,,,,,,,,,,,,,,,,,,,,,,,0,0,0,0,false,0,0,,0,0,0,0,0,0,0,,,,,false,{},{},{},{},{},{},{},0,3.458,3.652,0,0,0.017,0,0,0,0,0,0,0,0,0,0,0,0,100,0,7.151333,80.305,0.056,3.482333,0,0,0,11,11,0,321,0,14,2,0,0,1,2400,0.021,0.025,0,ACTIVE,ACTIVE,,4095,4095,0,,true,16,false,0,0,true,2.0945,0.0012,19200,2280,0,,,,,,0,,,0,0,2,1192,1192,0,767561196149,4.826,0,0.031,0,0,1195,1194,2400,true,0,0,0,0,0,0,12,12,19224,0,0,0,0,0,0,0,0,0,0,0,0,0,,0,0,0,0,0,0,0,0,0,0,0,0,0,0,0,0,0,0,,0,0,0,0,0,0,false,
1193,1194,47022,false,145,50,1.475,0,1.333,0,dynamic_visual_atlas_upload,,,cell_indirection_lut,1.205,2400,2400,0,0,-1,-1,,1991.701174,3.013,4.027,4.027,1,8,3,1.5,false,2,8.666,,,,,,,,,,,,,,,,,,,,,,,,,,,,,,,,,,,,,,,,,,0,0,0,0,false,0,0,,0,0,0,0,0,0,0,,,,,false,{},{},{},{},{},{},{},0,4.14,4.311,0,0,0.013,0,0,0,0,0,0,0,0,0,0,0,0,100,0,6.947333,12.421,0.069,2.623333,0,0,0,11,11,0,321,0,14,2,0,0,1,2400,0.021,0.025,0,ACTIVE,ACTIVE,,4095,4095,0,,true,16,false,0,0,true,2.6842,0.0016,21600,2280,0,,,,,,0,,,0,0,2,1193,1193,0,767561214391,7.44,0,0.027,0,0,1196,1195,2400,true,0,0,0,0,0,0,12,12,19224,0,0,0,0,0,0,0,0,0,0,0,0,0,,0,0,0,0,0,0,0,0,0,0,0,0,0,0,0,0,0,0,,0,0,0,0,0,0,false,
1194,1195,47042,false,145,50,1.44,0,1.306,0,dynamic_visual_atlas_upload,,,cell_indirection_lut,1.205,2400,2400,0,0,-1,-1,,1991.701174,3.013,4.027,4.027,1,8,3,1.5,false,2,8.666,,,,,,,,,,,,,,,,,,,,,,,,,,,,,,,,,,,,,,,,,,0,0,0,0,false,0,0,,0,0,0,0,0,0,0,,,,,false,{},{},{},{},{},{},{},0,3.893,4.055,0,0,0.014,0,0,0,0,0,0,0,0,0,0,0,0,100,0,6.790333,12.421,0.069,2.721333,0,0,0,11,11,0,321,0,14,2,0,0,1,2400,0.021,0.025,0,ACTIVE,ACTIVE,,4095,4095,0,,true,16,false,0,0,true,1.8821,0.0009,19200,2280,0,,,,,,0,,,0,0,2,1194,1194,0,767561235529,6.631,0,0.031,0,0,1197,1196,2400,true,0,0,0,0,0,0,12,12,21624,0,0,0,0,0,0,0,0,0,0,0,0,0,,0,0,0,0,0,0,0,0,0,0,0,0,0,0,0,0,0,0,,0,0,0,0,0,0,false,
1195,1196,47062,false,145,50,1.5,0,1.341,0,dynamic_visual_atlas_upload,,,cell_indirection_lut,1.205,2400,2400,0,0,-1,-1,,1991.701174,3.013,4.027,4.027,1,8,3,1.5,false,2,8.666,,,,,,,,,,,,,,,,,,,,,,,,,,,,,,,,,,,,,,,,,,0,0,0,0,false,0,0,,0,0,0,0,0,0,0,,,,,false,{},{},{},{},{},{},{},0,3.256,3.393,0,0,0.01,0,0,0,0,0,0,0,0,0,0,0,0,100,0,6.674333,12.421,0.069,3.271333,0,0,0,11,11,0,321,0,14,2,0,0,1,2400,0.021,0.025,0,ACTIVE,ACTIVE,,4095,4095,0,,true,16,false,0,0,true,2.8871,0.001,52800,2280,0,,,,,,0,,,0,0,2,1195,1195,0,767561254153,8.03,0,0.027,0,0,1198,1197,2400,true,0,0,0,0,0,0,12,12,19224,0,0,0,0,0,0,0,0,0,0,0,0,0,,0,0,0,0,0,0,0,0,0,0,0,0,0,0,0,0,0,0,,0,0,0,0,0,0,false,
1196,1197,47082,false,145,50,1.354,0,1.23,0,dynamic_visual_atlas_upload,,,cell_indirection_lut,1.205,2400,2400,0,0,-1,-1,,1991.701174,3.013,4.027,4.027,1,8,3,1.5,false,2,8.666,,,,,,,,,,,,,,,,,,,,,,,,,,,,,,,,,,,,,,,,,,0,0,0,0,false,0,0,,0,0,0,0,0,0,0,,,,,false,{},{},{},{},{},{},{},0.001,3.205,3.357,0,0,0.011,0,0,0,0,0,0,0,0,0,0,0,0,100,0,6.839333,12.421,0.069,3.471333,0,0,0,11,11,0,321,0,14,2,0,0,1,2400,0.021,0.025,0,ACTIVE,ACTIVE,,4095,4095,0,,true,16,false,0,0,true,1.7776,0.0009,19200,2280,0,,,,,,0,,,0,0,2,1196,1196,0,767561272984,9.723,0,0.036,0,0,1199,1198,2400,true,0,0,0,0,0,0,12,12,52824,0,0,0,0,0,0,0,0,0,0,0,0,0,,0,0,0,0,0,0,0,0,0,0,0,0,0,0,0,0,0,0,,0,0,0,0,0,0,false,
1197,1198,47094,false,145,50,1.443,0,1.273,0,dynamic_visual_atlas_upload,,,cell_indirection_lut,1.205,2400,2400,0,0,-1,-1,,1991.701174,3.013,4.027,4.027,1,8,3,1.5,false,2,8.666,,,,,,,,,,,,,,,,,,,,,,,,,,,,,,,,,,,,,,,,,,0,0,0,0,false,0,0,,0,0,0,0,0,0,0,,,,,false,{},{},{},{},{},{},{},0,0.001,0.244,0,0,0.02,0,0,0,0,0,0,0,0,0,0,0,0,100,0,5.6555,12.421,0.069,5.3915,0,0,0,11,11,0,321,0,14,2,0,0,1,2400,0.021,0.025,0,ACTIVE,ACTIVE,,4095,4095,0,,true,16,false,0,0,true,2.0358,0.001,19200,2280,0,,,,,,0,,,0,0,2,1197,1197,0,767561291806,2.264,0,0.037,0,0,1199,1198,2400,true,0,0,0,0,0,0,12,12,19224,0,0,0,0,0,0,0,0,0,0,0,0,0,,0,0,0,0,0,0,0,0,0,0,0,0,0,0,0,0,0,0,,0,0,0,0,0,0,false,
1198,1199,47118,false,145,50,1.454,0,1.309,0,dynamic_visual_atlas_upload,,,cell_indirection_lut,1.205,2400,2400,0,0,-1,-1,,1991.701174,3.013,4.027,4.027,1,8,3,1.5,false,2,8.666,,,,,,,,,,,,,,,,,,,,,,,,,,,,,,,,,,,,,,,,,,0,0,0,0,false,0,0,,0,0,0,0,0,0,0,,,,,false,{},{},{},{},{},{},{},0,3.607,3.873,0,0,0.014,0,0,0,0,0,0,0,0,0,0,0,0,100,0,7.963333,12.421,0.069,4.076333,0,0,0,11,11,0,321,0,14,2,0,0,1,2400,0.021,0.025,0,ACTIVE,ACTIVE,,4095,4095,0,,true,16,false,0,0,true,1.8611,0.0011,19200,2280,0,,,,,,0,,,0,0,2,1198,1198,0,767561310278,7.624,0,0.026,0,0,1201,1200,2400,true,0,0,0,0,0,0,12,12,19224,0,0,0,0,0,0,0,0,0,0,0,0,0,,0,0,0,0,0,0,0,0,0,0,0,0,0,0,0,0,0,0,,0,0,0,0,0,0,false,
1199,1200,47138,false,145,50,1.424,0,1.295,0,dynamic_visual_atlas_upload,,,cell_indirection_lut,1.205,2400,2400,0,0,-1,-1,,1991.701174,3.013,4.027,4.027,1,8,3,1.5,false,2,8.666,,,,,,,,,,,,,,,,,,,,,,,,,,,,,,,,,,,,,,,,,,0,0,0,0,false,0,0,,0,0,0,0,0,0,0,,,,,false,{},{},{},{},{},{},{},0,3.143,3.282,0,0,0.011,0,0,0,0,0,0,0,0,0,0,0,0,100,0,6.647667,12.421,0.069,3.354667,0,0,0,11,11,0,321,0,14,2,0,0,1,2400,0.021,0.025,0,ACTIVE,ACTIVE,,4095,4095,0,,true,16,false,0,0,true,2.701,0.001,21600,2280,0,,,,,,0,,,0,0,2,1199,1199,0,767561328868,9.053,0,0.027,0,0,1202,1201,2400,true,0,0,0,0,0,0,12,12,19224,0,0,0,0,0,0,0,0,0,0,0,0,0,,0,0,0,0,0,0,0,0,0,0,0,0,0,0,0,0,0,0,,0,0,0,0,0,0,false,
1200,1201,47159,false,145,50,1.404,0,1.277,0,dynamic_visual_atlas_upload,,,cell_indirection_lut,1.205,2400,2400,0,0,-1,-1,,1991.701174,3.013,4.027,4.027,1,8,3,1.5,false,2,8.666,,,,,,,,,,,,,,,,,,,,,,,,,,,,,,,,,,,,,,,,,,0,0,0,0,false,0,0,,0,0,0,0,0,0,0,,,,,false,{},{},{},{},{},{},{},0,3.521,3.693,0,0,0.014,0,0,0,0,0,0,0,0,0,0,0,0,100,0,7.095333,12.421,0.069,3.388333,0,0,0,11,11,0,321,0,14,2,0,0,1,2400,0.021,0.025,0,ACTIVE,ACTIVE,,4095,4095,0,,true,16,false,0,0,true,1.7738,0.0008,19200,2280,0,,,,,,0,,,0,0,2,1200,1200,0,767561350166,8.973,0,0.028,0,0,1203,1202,2400,true,0,0,0,0,0,0,12,12,21624,0,0,0,0,0,0,0,0,0,0,0,0,0,,0,0,0,0,0,0,0,0,0,0,0,0,0,0,0,0,0,0,,0,0,0,0,0,0,false,
1201,1202,47180,false,145,50,1.493,0,1.336,0,dynamic_visual_atlas_upload,,,cell_indirection_lut,1.205,2400,2400,0,0,-1,-1,,1991.701174,3.013,4.027,4.027,1,8,3,1.5,false,2,8.666,,,,,,,,,,,,,,,,,,,,,,,,,,,,,,,,,,,,,,,,,,0,0,0,0,false,0,0,,0,0,0,0,0,0,0,,,,,false,{},{},{},{},{},{},{},0,3.369,3.553,0,0,0.015,0,0,0,0,0,0,0,0,0,0,0,0,100,0,6.870333,12.421,0.069,3.302333,0,0,0,11,11,0,321,0,14,2,0,0,1,2400,0.021,0.025,0,ACTIVE,ACTIVE,,4095,4095,0,,true,16,false,0,0,true,2.2074,0.0011,24000,2280,0,,,,,,0,,,0,0,2,1201,1201,0,767561368200,11.536,0,0.026,0,0,1204,1203,2400,true,0,0,0,0,0,0,12,12,19224,0,0,0,0,0,0,0,0,0,0,0,0,0,,0,0,0,0,0,0,0,0,0,0,0,0,0,0,0,0,0,0,,0,0,0,0,0,0,false,
1202,1203,47190,false,145,50,1.54,0,1.369,0,dynamic_visual_atlas_upload,,,cell_indirection_lut,1.205,2400,2400,0,0,-1,-1,,1991.701174,3.013,4.027,4.027,1,8,3,1.5,false,2,8.666,,,,,,,,,,,,,,,,,,,,,,,,,,,,,,,,,,,,,,,,,,0,0,0,0,false,0,0,,0,0,0,0,0,0,0,,,,,false,{},{},{},{},{},{},{},0,0,0.18,0,0,0.012,0,0,0,0,0,0,0,0,0,0,0,0,100,0,5.344,12.421,0.069,5.152,0,0,0,11,11,0,321,0,14,2,0,0,1,2400,0.021,0.025,0,ACTIVE,ACTIVE,,4095,4095,0,,true,16,false,0,0,true,1.9006,0.001,19200,2280,0,,,,,,0,,,0,0,2,1202,1202,0,767561386830,3.634,0,0.027,0,0,1204,1203,2400,true,0,0,0,0,0,0,12,12,24024,0,0,0,0,0,0,0,0,0,0,0,0,0,,0,0,0,0,0,0,0,0,0,0,0,0,0,0,0,0,0,0,,0,0,0,0,0,0,false,
1203,1204,47212,false,145,50,1.515,0,1.337,0,dynamic_visual_atlas_upload,,,cell_indirection_lut,1.205,2400,2400,0,0,-1,-1,,1991.701174,3.013,4.027,4.027,1,8,3,1.5,false,2,8.666,,,,,,,,,,,,,,,,,,,,,,,,,,,,,,,,,,,,,,,,,,0,0,0,0,false,0,0,,0,0,0,0,0,0,0,,,,,false,{},{},{},{},{},{},{},0,0,0.394,0,0,0.014,0,0,0,0,0,0,0,0,0,0,0,0,100,0,7.108667,12.421,0.069,6.700667,0,0,0,11,11,0,321,0,14,2,0,0,1,2400,0.021,0.025,0,ACTIVE,ACTIVE,,4095,4095,0,,true,16,false,0,0,true,2.8621,0.0013,55200,2280,0,,,,,,0,,,0,0,2,1203,1203,0,767561404932,6.841,0,0.028,0,0,1205,1204,2400,true,0,0,0,0,0,0,12,12,19224,0,0,0,0,0,0,0,0,0,0,0,0,0,,0,0,0,0,0,0,0,0,0,0,0,0,0,0,0,0,0,0,,0,0,0,0,0,0,false,
1204,1205,47232,false,145,50,1.469,0,1.3,0,dynamic_visual_atlas_upload,,,cell_indirection_lut,1.205,2400,2400,0,0,-1,-1,,1991.701174,3.013,4.027,4.027,1,8,3,1.5,false,2,8.666,,,,,,,,,,,,,,,,,,,,,,,,,,,,,,,,,,,,,,,,,,0,0,0,0,false,0,0,,0,0,0,0,0,0,0,,,,,false,{},{},{},{},{},{},{},0,0,0.191,0,0,0.011,0,0,0,0,0,0,0,0,0,0,0,0,100,0,6.665,12.421,0.069,6.463,0,0,0,11,11,0,321,0,14,2,0,0,1,2400,0.021,0.025,0,ACTIVE,ACTIVE,,4095,4095,0,,true,16,false,0,0,true,1.7779,0.0009,19200,2280,0,,,,,,0,,,0,0,2,1204,1204,0,767561424753,7.065,0,0.027,0,0,1206,1205,2400,true,0,0,0,0,0,0,12,12,55224,0,0,0,0,0,0,0,0,0,0,0,0,0,,0,0,0,0,0,0,0,0,0,0,0,0,0,0,0,0,0,0,,0,0,0,0,0,0,false,
1205,1206,47245,false,145,50,1.355,0,1.214,0,dynamic_visual_atlas_upload,,,cell_indirection_lut,1.205,2400,2400,0,0,-1,-1,,1991.701174,3.013,4.027,4.027,1,8,3,1.5,false,2,8.666,,,,,,,,,,,,,,,,,,,,,,,,,,,,,,,,,,,,,,,,,,0,0,0,0,false,0,0,,0,0,0,0,0,0,0,,,,,false,{},{},{},{},{},{},{},0,0,0.188,0,0,0.019,0,0,0,0,0,0,0,0,0,0,0,0,100,0,6.845,12.421,0.069,6.638,0,0,0,11,11,0,321,0,14,2,0,0,1,2400,0.021,0.025,0,ACTIVE,ACTIVE,,4095,4095,0,,true,16,false,0,0,true,1.7779,0.0009,19200,2280,0,,,,,,0,,,0,0,2,1205,1205,0,767561442778,2.643,0,0.026,0,0,1207,1206,2400,true,0,0,0,0,0,0,12,12,19224,0,0,0,0,0,0,0,0,0,0,0,0,0,,0,0,0,0,0,0,0,0,0,0,0,0,0,0,0,0,0,0,,0,0,0,0,0,0,false,
1206,1207,47266,false,145,50,1.539,0,1.38,0,dynamic_visual_atlas_upload,,,cell_indirection_lut,1.205,2400,2400,0,0,-1,-1,,1991.701174,3.013,4.027,4.027,1,8,3,1.5,false,2,8.666,,,,,,,,,,,,,,,,,,,,,,,,,,,,,,,,,,,,,,,,,,0,0,0,0,false,0,0,,0,0,0,0,0,0,0,,,,,false,{},{},{},{},{},{},{},0,0.001,0.216,0,0,0.011,0,0,0,0,0,0,0,0,0,0,0,0,100,0,6.979333,12.421,0.069,6.752333,0,0,0,11,11,0,321,0,14,2,0,0,1,2400,0.021,0.025,0,ACTIVE,ACTIVE,,4095,4095,0,,true,16,false,0,0,true,2.0105,0.0011,19200,2280,0,,,,,,0,,,0,0,2,1206,1206,0,767561462866,3.52,0,0.026,0,0,1208,1207,2400,true,0,0,0,0,0,0,12,12,21624,0,0,0,0,0,0,0,0,0,0,0,0,0,,0,0,0,0,0,0,0,0,0,0,0,0,0,0,0,0,0,0,,0,0,0,0,0,0,false,
1207,1208,47283,false,145,50,1.393,0,1.245,0,dynamic_visual_atlas_upload,,,cell_indirection_lut,1.205,2400,2400,0,0,-1,-1,,1991.701174,3.013,4.027,4.027,1,8,3,1.5,false,2,8.666,,,,,,,,,,,,,,,,,,,,,,,,,,,,,,,,,,,,,,,,,,0,0,0,0,false,0,0,,0,0,0,0,0,0,0,,,,,false,{},{},{},{},{},{},{},0,3.225,3.402,0,0,0.011,0,0,0,0,0,0,0,0,0,0,0,0,100,0,8.3745,12.421,0.069,4.9615,0,0,0,11,11,0,321,0,14,2,0,0,1,2400,0.021,0.025,0,ACTIVE,ACTIVE,,4095,4095,0,,true,16,false,0,0,true,1.8393,0.0011,19200,2280,0,,,,,,0,,,0,0,2,1207,1207,0,767561480796,2.351,0,0.03,0,0,1209,1208,2400,true,0,0,0,0,0,0,12,12,19224,0,0,0,0,0,0,0,0,0,0,0,0,0,,0,0,0,0,0,0,0,0,0,0,0,0,0,0,0,0,0,0,,0,0,0,0,0,0,false,
1208,1209,47305,false,145,50,2.314,0,2.092,0,dynamic_visual_atlas_upload,,,cell_indirection_lut,1.205,2400,2400,0,0,-1,-1,,1991.701174,3.013,4.027,4.027,1,8,3,1.5,false,2,8.666,,,,,,,,,,,,,,,,,,,,,,,,,,,,,,,,,,,,,,,,,,0,0,0,0,false,0,0,,0,0,0,0,0,0,0,,,,,false,{},{},{},{},{},{},{},0,3.49,3.665,0,0,0.016,0,0,0,0,0,0,0,0,0,0,0,0,100,0,7.246,12.421,0.069,3.565,0,0,0,11,11,0,321,0,14,2,0,0,1,2400,0.021,0.025,0,ACTIVE,ACTIVE,,4095,4095,0,,true,16,false,0,0,true,2.4086,0.0015,19200,2280,0,,,,,,0,,,0,0,2,1208,1208,0,767561498246,6.748,0,0.027,0,0,1210,1209,2400,true,0,0,0,0,0,0,12,12,19224,0,0,0,0,0,0,0,0,0,0,0,0,0,,0,0,0,0,0,0,0,0,0,0,0,0,0,0,0,0,0,0,,0,0,0,0,0,0,false,
1209,1210,47329,false,145,50,1.533,0,1.31,0,dynamic_visual_atlas_upload,,,cell_indirection_lut,1.205,2400,2400,0,0,-1,-1,,1991.701174,3.013,4.027,4.027,1,8,3,1.5,false,2,8.666,,,,,,,,,,,,,,,,,,,,,,,,,,,,,,,,,,,,,,,,,,0,0,0,0,false,0,0,,0,0,0,0,0,0,0,,,,,false,{},{},{},{},{},{},{},0,0,0.285,0,0,0.016,0,0,0,0,0,0,0,0,0,0,0,0,100,0,5.96575,12.421,0.069,5.66475,0,0,0,11,11,0,321,0,14,2,0,0,1,2400,0.021,0.025,0,ACTIVE,ACTIVE,,4095,4095,0,,true,16,false,0,0,true,1.8452,0.001,19200,2280,0,,,,,,0,,,0,0,2,1209,1209,0,767561520370,8.375,0,0.047,0,0,1211,1210,2400,true,0,0,0,0,0,0,12,12,19224,0,0,0,0,0,0,0,0,0,0,0,0,0,,0,0,0,0,0,0,0,0,0,0,0,0,0,0,0,0,0,0,,0,0,0,0,0,0,false,
1210,1211,47342,false,145,50,1.523,0,1.292,0,dynamic_visual_atlas_upload,,,cell_indirection_lut,1.205,2400,2400,0,0,-1,-1,,1991.701174,3.013,4.027,4.027,1,8,3,1.5,false,2,8.666,,,,,,,,,,,,,,,,,,,,,,,,,,,,,,,,,,,,,,,,,,0,0,0,0,false,0,0,,0,0,0,0,0,0,0,,,,,false,{},{},{},{},{},{},{},0,0,0.37,0,0,0.022,0,0,0,0,0,0,0,0,0,0,0,0,100,0,6.9375,12.421,0.069,6.5455,0,0,0,11,11,0,321,0,14,2,0,0,1,2400,0.021,0.025,0,ACTIVE,ACTIVE,,4095,4095,0,,true,16,false,0,0,true,2.2174,0.0016,19200,2280,0,,,,,,0,,,0,0,2,1210,1210,0,767561539313,3.314,0,0.028,0,0,1212,1211,2400,true,0,0,0,0,0,0,12,12,19224,0,0,0,0,0,0,0,0,0,0,0,0,0,,0,0,0,0,0,0,0,0,0,0,0,0,0,0,0,0,0,0,,0,0,0,0,0,0,false,
1211,1212,47363,false,145,50,1.45,0,1.274,0,dynamic_visual_atlas_upload,,,cell_indirection_lut,1.205,2400,2400,0,0,-1,-1,,1991.701174,3.013,4.027,4.027,1,8,3,1.5,false,2,8.666,,,,,,,,,,,,,,,,,,,,,,,,,,,,,,,,,,,,,,,,,,0,0,0,0,false,0,0,,0,0,0,0,0,0,0,,,,,false,{},{},{},{},{},{},{},0,0,0.218,0,0,0.017,0,0,0,0,0,0,0,0,0,0,0,0,100,0,6.771333,12.421,0.069,6.536333,0,0,0,11,11,0,321,0,14,2,0,0,1,2400,0.021,0.025,0,ACTIVE,ACTIVE,,4095,4095,0,,true,16,false,0,0,true,3.3498,0.0013,55200,2280,0,,,,,,0,,,0,0,2,1211,1211,0,767561557525,5.401,0,0.048,0,0,1213,1212,2400,true,0,0,0,0,0,0,12,12,19224,0,0,0,0,0,0,0,0,0,0,0,0,0,,0,0,0,0,0,0,0,0,0,0,0,0,0,0,0,0,0,0,,0,0,0,0,0,0,false,
1212,1213,47384,false,145,50,1.491,0,1.289,0,dynamic_visual_atlas_upload,,,cell_indirection_lut,1.205,2400,2400,0,0,-1,-1,,1991.701174,3.013,4.027,4.027,1,8,3,1.5,false,2,8.666,,,,,,,,,,,,,,,,,,,,,,,,,,,,,,,,,,,,,,,,,,0,0,0,0,false,0,0,,0,0,0,0,0,0,0,,,,,false,{},{},{},{},{},{},{},0,0.001,0.227,0,0,0.015,0,0,0,0,0,0,0,0,0,0,0,0,100,0,6.973333,12.421,0.069,6.731333,0,0,0,11,11,0,321,0,14,2,0,0,1,2400,0.021,0.025,0,ACTIVE,ACTIVE,,4095,4095,0,,true,16,false,0,0,true,1.82,0.0009,19200,2280,0,,,,,,0,,,0,0,2,1212,1212,0,767561577803,6.074,0,0.028,0,0,1214,1213,2400,true,0,0,0,0,0,0,12,12,55224,0,0,0,0,0,0,0,0,0,0,0,0,0,,0,0,0,0,0,0,0,0,0,0,0,0,0,0,0,0,0,0,,0,0,0,0,0,0,false,
1213,1214,47401,false,145,50,1.561,0,1.341,0,dynamic_visual_atlas_upload,,,cell_indirection_lut,1.205,2400,2400,0,0,-1,-1,,1991.701174,3.013,4.027,4.027,1,8,3,1.5,false,2,8.666,,,,,,,,,,,,,,,,,,,,,,,,,,,,,,,,,,,,,,,,,,0,0,0,0,false,0,0,,0,0,0,0,0,0,0,,,,,false,{},{},{},{},{},{},{},0,3.505,3.681,0,0,0.016,0,0,0,0,0,0,0,0,0,0,0,0,100,0,8.619,12.421,0.069,4.922,0,0,0,11,11,0,321,0,14,2,0,0,1,2400,0.021,0.025,0,ACTIVE,ACTIVE,,4095,4095,0,,true,16,false,0,0,true,1.9213,0.0012,19200,2280,0,,,,,,0,,,0,0,2,1213,1213,0,767561596064,5.096,0,0.028,0,0,1215,1214,2400,true,0,0,0,0,0,0,12,12,19224,0,0,0,0,0,0,0,0,0,0,0,0,0,,0,0,0,0,0,0,0,0,0,0,0,0,0,0,0,0,0,0,,0,0,0,0,0,0,false,
1214,1215,47421,false,145,50,1.498,0,1.312,0,dynamic_visual_atlas_upload,,,cell_indirection_lut,1.205,2400,2400,0,0,-1,-1,,1991.701174,3.013,4.027,4.027,1,8,3,1.5,false,2,8.666,,,,,,,,,,,,,,,,,,,,,,,,,,,,,,,,,,,,,,,,,,0,0,0,0,false,0,0,,0,0,0,0,0,0,0,,,,,false,{},{},{},{},{},{},{},0,3.392,3.569,0,0,0.016,0,0,0,0,0,0,0,0,0,0,0,0,100,0,6.784667,12.421,0.069,3.199667,0,0,0,11,11,0,321,0,14,2,0,0,1,2400,0.021,0.025,0,ACTIVE,ACTIVE,,4095,4095,0,,true,16,false,0,0,true,1.9758,0.0012,19200,2280,0,,,,,,0,,,0,0,2,1214,1214,0,767561616922,4.531,0,0.036,0,0,1216,1215,2400,true,0,0,0,0,0,0,12,12,19224,0,0,0,0,0,0,0,0,0,0,0,0,0,,0,0,0,0,0,0,0,0,0,0,0,0,0,0,0,0,0,0,,0,0,0,0,0,0,false,
1215,1216,47442,false,145,50,1.411,0,1.259,0,dynamic_visual_atlas_upload,,,cell_indirection_lut,1.205,2400,2400,0,0,-1,-1,,1991.701174,3.013,4.027,4.027,1,8,3,1.5,false,2,8.666,,,,,,,,,,,,,,,,,,,,,,,,,,,,,,,,,,,,,,,,,,0,0,0,0,false,0,0,,0,0,0,0,0,0,0,,,,,false,{},{},{},{},{},{},{},0,3.111,3.29,0,0,0.017,0,0,0,0,0,0,0,0,0,0,0,0,100,0,6.812667,12.421,0.069,3.505667,0,0,0,11,11,0,321,0,14,2,0,0,1,2400,0.021,0.025,0,ACTIVE,ACTIVE,,4095,4095,0,,true,16,false,0,0,true,1.978,0.0011,19200,2280,0,,,,,,0,,,0,0,2,1215,1215,0,767561637392,4.48,0,0.029,0,0,1217,1216,2400,true,0,0,0,0,0,0,12,12,19224,0,0,0,0,0,0,0,0,0,0,0,0,0,,0,0,0,0,0,0,0,0,0,0,0,0,0,0,0,0,0,0,,0,0,0,0,0,0,false,
1216,1217,47463,false,145,50,1.628,0,1.418,0,dynamic_visual_atlas_upload,,,cell_indirection_lut,1.205,2400,2400,0,0,-1,-1,,1991.701174,3.013,4.027,4.027,1,8,3,1.5,false,2,8.666,,,,,,,,,,,,,,,,,,,,,,,,,,,,,,,,,,,,,,,,,,0,0,0,0,false,0,0,,0,0,0,0,0,0,0,,,,,false,{},{},{},{},{},{},{},0,3.186,3.445,0,0,0.016,0,0,0,0,0,0,0,0,0,0,0,0,100,0,7.038,12.421,0.069,3.577,0,0,0,11,11,0,321,0,14,2,0,0,1,2400,0.021,0.025,0,ACTIVE,ACTIVE,,4095,4095,0,,true,16,false,0,0,true,2.2255,0.0012,19200,2280,0,,,,,,0,,,0,0,2,1216,1216,0,767561658272,4.723,0,0.028,0,0,1218,1217,2400,true,0,0,0,0,0,0,12,12,19224,0,0,0,0,0,0,0,0,0,0,0,0,0,,0,0,0,0,0,0,0,0,0,0,0,0,0,0,0,0,0,0,,0,0,0,0,0,0,false,
1217,1218,47483,false,145,50,1.459,0,1.297,0,dynamic_visual_atlas_upload,,,cell_indirection_lut,1.205,2400,2400,0,0,-1,-1,,1991.701174,3.013,4.027,4.027,1,8,3,1.5,false,2,8.666,,,,,,,,,,,,,,,,,,,,,,,,,,,,,,,,,,,,,,,,,,0,0,0,0,false,0,0,,0,0,0,0,0,0,0,,,,,false,{},{},{},{},{},{},{},0,3.447,3.631,0,0,0.014,0,0,0,0,0,0,0,0,0,0,0,0,100,0,6.879,12.421,0.069,3.234,0,0,0,11,11,0,321,0,14,2,0,0,1,2400,0.021,0.025,0,ACTIVE,ACTIVE,,4095,4095,0,,true,16,false,0,0,true,2.5964,0.0012,21600,2280,0,,,,,,0,,,0,0,2,1217,1217,0,767561678177,5.456,0,0.029,0,0,1219,1218,2400,true,0,0,0,0,0,0,12,12,19224,0,0,0,0,0,0,0,0,0,0,0,0,0,,0,0,0,0,0,0,0,0,0,0,0,0,0,0,0,0,0,0,,0,0,0,0,0,0,false,
1218,1219,47504,false,145,50,1.525,0,1.327,0,dynamic_visual_atlas_upload,,,cell_indirection_lut,1.205,2400,2400,0,0,-1,-1,,1991.701174,3.013,4.027,4.027,1,8,3,1.5,false,2,8.666,,,,,,,,,,,,,,,,,,,,,,,,,,,,,,,,,,,,,,,,,,0,0,0,0,false,0,0,,0,0,0,0,0,0,0,,,,,false,{},{},{},{},{},{},{},0,3.417,3.612,0,0,0.019,0,0,0,0,0,0,0,0,0,0,0,0,100,0,6.960333,12.421,0.069,3.329333,0,0,0,11,11,0,321,0,14,2,0,0,1,2400,0.021,0.025,0,ACTIVE,ACTIVE,,4095,4095,0,,true,16,false,0,0,true,2.0186,0.0013,19200,2280,0,,,,,,0,,,0,0,2,1218,1218,0,767561699677,4.954,0,0.026,0,0,1220,1219,2400,true,0,0,0,0,0,0,12,12,21624,0,0,0,0,0,0,0,0,0,0,0,0,0,,0,0,0,0,0,0,0,0,0,0,0,0,0,0,0,0,0,0,,0,0,0,0,0,0,false,
1219,1220,47529,false,145,50,1.507,0,1.315,0,dynamic_visual_atlas_upload,,,cell_indirection_lut,1.205,2400,2400,0,0,-1,-1,,1991.701174,3.013,4.027,4.027,1,8,3,1.5,false,2,8.666,,,,,,,,,,,,,,,,,,,,,,,,,,,,,,,,,,,,,,,,,,0,0,0,0,false,0,0,,0,0,0,0,0,0,0,,,,,false,{},{},{},{},{},{},{},0,0.001,0.268,0,0,0.017,0,0,0,0,0,0,0,0,0,0,0,0,100,0,6.112,12.421,0.069,5.827,0,0,0,11,11,0,321,0,14,2,0,0,1,2400,0.021,0.025,0,ACTIVE,ACTIVE,,4095,4095,0,,true,16,false,0,0,true,3.5376,0.0022,52800,2280,0,,,,,,0,,,0,0,2,1219,1219,0,767561720801,8.161,0,0.029,0,0,1221,1220,2400,true,0,0,0,0,0,0,12,12,19224,0,0,0,0,0,0,0,0,0,0,0,0,0,,0,0,0,0,0,0,0,0,0,0,0,0,0,0,0,0,0,0,,0,0,0,0,0,0,false,
1220,1221,47549,false,145,50,1.426,0,1.273,0,dynamic_visual_atlas_upload,,,cell_indirection_lut,1.205,2400,2400,0,0,-1,-1,,1991.701174,3.013,4.027,4.027,1,8,3,1.5,false,2,8.666,,,,,,,,,,,,,,,,,,,,,,,,,,,,,,,,,,,,,,,,,,0,0,0,0,false,0,0,,0,0,0,0,0,0,0,,,,,false,{},{},{},{},{},{},{},0,0,0.186,0,0,0.011,0,0,0,0,0,0,0,0,0,0,0,0,100,0,6.719,12.421,0.069,6.522,0,0,0,11,11,0,321,0,14,2,0,0,1,2400,0.021,0.025,0,ACTIVE,ACTIVE,,4095,4095,0,,true,16,false,0,0,true,1.8169,0.0008,19200,2280,0,,,,,,0,,,0,0,2,1220,1220,0,767561740671,8.433,0,0.027,0,0,1222,1221,2400,true,0,0,0,0,0,0,12,12,52824,0,0,0,0,0,0,0,0,0,0,0,0,0,,0,0,0,0,0,0,0,0,0,0,0,0,0,0,0,0,0,0,,0,0,0,0,0,0,false,
1221,1222,47563,false,145,50,1.591,0,1.39,0,dynamic_visual_atlas_upload,,,cell_indirection_lut,1.205,2400,2400,0,0,-1,-1,,1991.701174,3.013,4.027,4.027,1,8,3,1.5,false,2,8.666,,,,,,,,,,,,,,,,,,,,,,,,,,,,,,,,,,,,,,,,,,0,0,0,0,false,0,0,,0,0,0,0,0,0,0,,,,,false,{},{},{},{},{},{},{},0,0,0.225,0,0,0.015,0,0,0,0,0,0,0,0,0,0,0,0,100,0,7.1435,12.421,0.069,6.9035,0,0,0,11,11,0,321,0,14,2,0,0,1,2400,0.021,0.025,0,ACTIVE,ACTIVE,,4095,4095,0,,true,16,false,0,0,true,3.2782,0.003,19200,2280,0,,,,,,0,,,0,0,2,1221,1221,0,767561758217,5.169,0,0.026,0,0,1223,1222,2400,true,0,0,0,0,0,0,12,12,19224,0,0,0,0,0,0,0,0,0,0,0,0,0,,0,0,0,0,0,0,0,0,0,0,0,0,0,0,0,0,0,0,,0,0,0,0,0,0,false,
1222,1223,47582,false,145,50,2.281,0,2.051,0,dynamic_visual_atlas_upload,,,cell_indirection_lut,1.205,2400,2400,0,0,-1,-1,,1991.701174,3.013,4.027,4.027,1,8,3,1.5,false,2,8.666,,,,,,,,,,,,,,,,,,,,,,,,,,,,,,,,,,,,,,,,,,0,0,0,0,false,0,0,,0,0,0,0,0,0,0,,,,,false,{},{},{},{},{},{},{},0,4.12,4.361,0,0,0.022,0,0,0,0,0,0,0,0,0,0,0,0,100,0,9.4675,12.421,0.069,5.0845,0,0,0,11,11,0,321,0,14,2,0,0,1,2400,0.021,0.025,0,ACTIVE,ACTIVE,,4095,4095,0,,true,16,false,0,0,true,1.7795,0.0012,19200,2280,0,,,,,,0,,,0,0,2,1222,1222,0,767561779015,3.412,0,0.027,0,0,1224,1223,2400,true,0,0,0,0,0,0,12,12,19224,0,0,0,0,0,0,0,0,0,0,0,0,0,,0,0,0,0,0,0,0,0,0,0,0,0,0,0,0,0,0,0,,0,0,0,0,0,0,false,
1223,1224,47604,false,145,50,1.52,0,1.357,0,dynamic_visual_atlas_upload,,,cell_indirection_lut,1.205,2400,2400,0,0,-1,-1,,1991.701174,3.013,4.027,4.027,1,8,3,1.5,false,2,8.666,,,,,,,,,,,,,,,,,,,,,,,,,,,,,,,,,,,,,,,,,,0,0,0,0,false,0,0,,0,0,0,0,0,0,0,,,,,false,{},{},{},{},{},{},{},0,6.242,6.456,0,0,0.016,0,0,0,0,0,0,0,0,0,0,0,0,100,0,7.197333,12.421,0.069,0.725333,0,0,0,11,11,0,321,0,14,2,0,0,1,2400,0.021,0.025,0,ACTIVE,ACTIVE,,4095,4095,0,,true,16,false,0,0,true,2.6449,0.0014,21600,2280,0,,,,,,0,,,0,0,2,1223,1223,0,767561798030,5.918,0,0.045,0,0,1225,1224,2400,true,0,0,0,0,0,0,12,12,19224,0,0,0,0,0,0,0,0,0,0,0,0,0,,0,0,0,0,0,0,0,0,0,0,0,0,0,0,0,0,0,0,,0,0,0,0,0,0,false,
1224,1225,47622,false,145,50,1.804,0,1.413,0,dynamic_visual_atlas_upload,,,cell_indirection_lut,1.205,2400,2400,0,0,-1,-1,,1991.701174,3.013,4.027,4.027,1,8,3,1.5,false,2,8.666,,,,,,,,,,,,,,,,,,,,,,,,,,,,,,,,,,,,,,,,,,0,0,0,0,false,0,0,,0,0,0,0,0,0,0,,,,,false,{},{},{},{},{},{},{},0,3.389,3.57,0,0,0.014,0,0,0,0,0,0,0,0,0,0,0,0,100,0,6.016333,12.421,0.069,2.432333,0,0,0,11,11,0,321,0,14,2,0,0,1,2400,0.021,0.025,0,ACTIVE,ACTIVE,,4095,4095,0,,true,16,false,0,0,true,2.103,0.0012,19200,2280,0,,,,,,0,,,0,0,2,1224,1224,0,767561817759,4.35,0,0.029,0,0,1226,1225,2400,true,0,0,0,0,0,0,12,12,21624,0,0,0,0,0,0,0,0,0,0,0,0,0,,0,0,0,0,0,0,0,0,0,0,0,0,0,0,0,0,0,0,,0,0,0,0,0,0,false,
1225,1226,47642,false,145,50,1.51,0,1.33,0,dynamic_visual_atlas_upload,,,cell_indirection_lut,1.205,2400,2400,0,0,-1,-1,,1991.701174,3.013,4.027,4.027,1,8,3,1.5,false,2,8.666,,,,,,,,,,,,,,,,,,,,,,,,,,,,,,,,,,,,,,,,,,0,0,0,0,false,0,0,,0,0,0,0,0,0,0,,,,,false,{},{},{},{},{},{},{},0,3.058,3.23,0,0,0.016,0,0,0,0,0,0,0,0,0,0,0,0,100,0,6.669,12.421,0.069,3.423,0,0,0,11,11,0,321,0,14,2,0,0,1,2400,0.021,0.025,0,ACTIVE,ACTIVE,,4095,4095,0,,true,16,false,0,0,true,1.8759,0.0012,19200,2280,0,,,,,,0,,,0,0,2,1225,1225,0,767561838202,3.775,0,0.031,0,0,1227,1226,2400,true,0,0,0,0,0,0,12,12,19224,0,0,0,0,0,0,0,0,0,0,0,0,0,,0,0,0,0,0,0,0,0,0,0,0,0,0,0,0,0,0,0,,0,0,0,0,0,0,false,
1226,1227,47662,false,145,50,1.337,0,1.221,0,dynamic_visual_atlas_upload,,,cell_indirection_lut,1.205,2400,2400,0,0,-1,-1,,1991.701174,3.013,4.027,4.027,1,8,3,1.5,false,2,8.666,,,,,,,,,,,,,,,,,,,,,,,,,,,,,,,,,,,,,,,,,,0,0,0,0,false,0,0,,0,0,0,0,0,0,0,,,,,false,{},{},{},{},{},{},{},0,3.338,3.506,0,0,0.016,0,0,0,0,0,0,0,0,0,0,0,0,100,0,6.831333,12.421,0.069,3.309333,0,0,0,11,11,0,321,0,14,2,0,0,1,2400,0.021,0.025,0,ACTIVE,ACTIVE,,4095,4095,0,,true,16,false,0,0,true,1.8521,0.001,19200,2280,0,,,,,,0,,,0,0,2,1226,1226,0,767561857192,5.262,0,0.03,0,0,1228,1227,2400,true,0,0,0,0,0,0,12,12,19224,0,0,0,0,0,0,0,0,0,0,0,0,0,,0,0,0,0,0,0,0,0,0,0,0,0,0,0,0,0,0,0,,0,0,0,0,0,0,false,
1227,1228,47684,false,145,50,1.556,0,1.394,0,dynamic_visual_atlas_upload,,,cell_indirection_lut,1.205,2400,2400,0,0,-1,-1,,1991.701174,3.013,4.027,4.027,1,8,3,1.5,false,2,8.666,,,,,,,,,,,,,,,,,,,,,,,,,,,,,,,,,,,,,,,,,,0,0,0,0,false,0,0,,0,0,0,0,0,0,0,,,,,false,{},{},{},{},{},{},{},0,4.224,4.397,0,0,0.014,0,0,0,0,0,0,0,0,0,0,0,0,100,0,7.285,12.421,0.069,2.874,0,0,0,11,11,0,321,0,14,2,0,0,1,2400,0.021,0.025,0,ACTIVE,ACTIVE,,4095,4095,0,,true,16,false,0,0,true,2.9524,0.0014,52800,2280,0,,,,,,0,,,0,0,2,1227,1227,0,767561877590,6.733,0,0.028,0,0,1229,1228,2400,true,0,0,0,0,0,0,12,12,19224,0,0,0,0,0,0,0,0,0,0,0,0,0,,0,0,0,0,0,0,0,0,0,0,0,0,0,0,0,0,0,0,,0,0,0,0,0,0,false,
1228,1229,47704,false,145,50,1.392,0,1.243,0,dynamic_visual_atlas_upload,,,cell_indirection_lut,1.205,2400,2400,0,0,-1,-1,,1991.701174,3.013,4.027,4.027,1,8,3,1.5,false,2,8.666,,,,,,,,,,,,,,,,,,,,,,,,,,,,,,,,,,,,,,,,,,0,0,0,0,false,0,0,,0,0,0,0,0,0,0,,,,,false,{},{},{},{},{},{},{},0,3.003,3.157,0,0,0.013,0,0,0,0,0,0,0,0,0,0,0,0,100,0,6.491667,12.421,0.069,3.321667,0,0,0,11,11,0,321,0,14,2,0,0,1,2400,0.021,0.025,0,ACTIVE,ACTIVE,,4095,4095,0,,true,16,false,0,0,true,1.8039,0.0009,19200,1884,0,,,,,,0,,,0,0,2,1228,1228,0,767561900342,3.462,0,0.028,0,0,1230,1229,2400,true,0,0,0,0,0,0,12,12,52824,0,0,0,0,0,0,0,0,0,0,0,0,0,,0,0,0,0,0,0,0,0,0,0,0,0,0,0,0,0,0,0,,0,0,0,0,0,0,false,
1229,1230,47721,false,145,50,1.335,0,1.203,0,dynamic_visual_atlas_upload,,,cell_indirection_lut,1.205,2400,2400,0,0,-1,-1,,1991.701174,3.013,4.027,4.027,1,8,3,1.5,false,2,8.666,,,,,,,,,,,,,,,,,,,,,,,,,,,,,,,,,,,,,,,,,,0,0,0,0,false,0,0,,0,0,0,0,0,0,0,,,,,false,{},{},{},{},{},{},{},0,0,0.2,0,0,0.013,0,0,0,0,0,0,0,0,0,0,0,0,100,0,5.879,12.421,0.069,5.666,0,0,0,11,11,0,321,0,14,2,0,0,1,2400,0.021,0.025,0,ACTIVE,ACTIVE,,4095,4095,0,,true,16,false,0,0,true,1.8039,0.0009,19200,1884,0,,,,,,0,,,0,0,2,1229,1229,0,767561919059,2.357,0,0.028,0,0,1231,1230,2400,true,0,0,0,0,0,0,12,12,19224,0,0,0,0,0,0,0,0,0,0,0,0,0,,0,0,0,0,0,0,0,0,0,0,0,0,0,0,0,0,0,0,,0,0,0,0,0,0,false,
1230,1231,47743,false,145,50,1.712,0,1.526,0,dynamic_visual_atlas_upload,,,cell_indirection_lut,1.205,2400,2400,0,0,-1,-1,,1991.701174,3.013,4.027,4.027,1,8,3,1.5,false,2,8.666,,,,,,,,,,,,,,,,,,,,,,,,,,,,,,,,,,,,,,,,,,0,0,0,0,false,0,0,,0,0,0,0,0,0,0,,,,,false,{},{},{},{},{},{},{},0,0,0.174,0,0,0.013,0,0,0,0,0,0,0,0,0,0,0,0,100,0,7.177333,12.421,0.069,6.990333,0,0,0,11,11,0,321,0,14,2,0,0,1,2400,0.021,0.025,0,ACTIVE,ACTIVE,,4095,4095,0,,true,16,false,0,0,true,1.932,0.0012,19200,2271,0,,,,,,0,,,0,0,2,1230,1230,0,767561937522,5.449,0,0.026,0,0,1232,1231,2400,true,0,0,0,0,0,0,12,12,21624,0,0,0,0,0,0,0,0,0,0,0,0,0,,0,0,0,0,0,0,0,0,0,0,0,0,0,0,0,0,0,0,,0,0,0,0,0,0,false,
1231,1232,47759,false,145,50,1.44,0,1.29,0,dynamic_visual_atlas_upload,,,cell_indirection_lut,1.205,2400,2400,0,0,-1,-1,,1991.701174,3.013,4.027,4.027,1,8,3,1.5,false,2,8.666,,,,,,,,,,,,,,,,,,,,,,,,,,,,,,,,,,,,,,,,,,0,0,0,0,false,0,0,,0,0,0,0,0,0,0,,,,,false,{},{},{},{},{},{},{},0,2.907,3.047,0,0,0.011,0,0,0,0,0,0,0,0,0,0,0,0,100,0,8.074,12.421,0.069,5.016,0,0,0,11,11,0,321,0,14,2,0,0,1,2400,0.021,0.025,0,ACTIVE,ACTIVE,,4095,4095,0,,true,16,false,0,0,true,1.8802,0.0011,19200,2280,0,,,,,,0,,,0,0,2,1231,1231,0,767561955551,3.624,0,0.029,0,0,1233,1232,2400,true,0,0,0,0,0,0,12,12,19224,0,0,0,0,0,0,0,0,0,0,0,0,0,,0,0,0,0,0,0,0,0,0,0,0,0,0,0,0,0,0,0,,0,0,0,0,0,0,false,
1232,1233,47780,false,145,50,1.353,0,1.237,0,dynamic_visual_atlas_upload,,,cell_indirection_lut,1.205,2400,2400,0,0,-1,-1,,1991.701174,3.013,4.027,4.027,1,8,3,1.5,false,2,8.666,,,,,,,,,,,,,,,,,,,,,,,,,,,,,,,,,,,,,,,,,,0,0,0,0,false,0,0,,0,0,0,0,0,0,0,,,,,false,{},{},{},{},{},{},{},0,3.394,3.556,0,0,0.015,0,0,0,0,0,0,0,0,0,0,0,0,100,0,6.922333,12.421,0.069,3.351333,0,0,0,11,11,0,321,0,14,2,0,0,1,2400,0.021,0.025,0,ACTIVE,ACTIVE,,4095,4095,0,,true,16,false,0,0,true,1.8716,0.0012,19200,2280,0,,,,,,0,,,0,0,2,1232,1232,0,767561974160,5.712,0,0.027,0,0,1234,1233,2400,true,0,0,0,0,0,0,12,12,19224,0,0,0,0,0,0,0,0,0,0,0,0,0,,0,0,0,0,0,0,0,0,0,0,0,0,0,0,0,0,0,0,,0,0,0,0,0,0,false,
1233,1234,47800,false,145,50,1.398,0,1.254,0,dynamic_visual_atlas_upload,,,cell_indirection_lut,1.205,2400,2400,0,0,-1,-1,,1991.701174,3.013,4.027,4.027,1,8,3,1.5,false,2,8.666,,,,,,,,,,,,,,,,,,,,,,,,,,,,,,,,,,,,,,,,,,0,0,0,0,false,0,0,,0,0,0,0,0,0,0,,,,,false,{},{},{},{},{},{},{},0.001,3.176,3.35,0,0,0.016,0,0,0,0,0,0,0,0,0,0,0,0,100,0,6.936333,12.421,0.069,3.570333,0,0,0,11,11,0,321,0,14,2,0,0,1,2400,0.021,0.025,0,ACTIVE,ACTIVE,,4095,4095,0,,true,16,false,0,0,true,1.9158,0.0011,19200,1676,0,,,,,,0,,,0,0,2,1233,1233,0,767561995315,5.381,0,0.027,0,0,1235,1234,2400,true,0,0,0,0,0,0,12,12,19224,0,0,0,0,0,0,0,0,0,0,0,0,0,,0,0,0,0,0,0,0,0,0,0,0,0,0,0,0,0,0,0,,0,0,0,0,0,0,false,
1234,1235,47821,false,145,50,1.43,0,1.272,0,dynamic_visual_atlas_upload,,,cell_indirection_lut,1.205,2400,2400,0,0,-1,-1,,1991.701174,3.013,4.027,4.027,1,8,3,1.5,false,2,8.666,,,,,,,,,,,,,,,,,,,,,,,,,,,,,,,,,,,,,,,,,,0,0,0,0,false,0,0,,0,0,0,0,0,0,0,,,,,false,{},{},{},{},{},{},{},0,3.057,3.242,0,0,0.017,0,0,0,0,0,0,0,0,0,0,0,0,100,0,6.887667,12.421,0.069,3.628667,0,0,0,11,11,0,321,0,14,2,0,0,1,2400,0.021,0.025,0,ACTIVE,ACTIVE,,4095,4095,0,,true,16,false,0,0,true,1.9628,0.0012,19200,2280,0,,,,,,0,,,0,0,2,1234,1234,0,767562016249,5.108,0,0.028,0,0,1236,1235,2400,true,0,0,0,0,0,0,12,12,19224,0,0,0,0,0,0,0,0,0,0,0,0,0,,0,0,0,0,0,0,0,0,0,0,0,0,0,0,0,0,0,0,,0,0,0,0,0,0,false,
1235,1236,47843,false,145,50,1.427,0,1.264,0,dynamic_visual_atlas_upload,,,cell_indirection_lut,1.205,2400,2400,0,0,-1,-1,,1991.701174,3.013,4.027,4.027,1,8,3,1.5,false,2,8.666,,,,,,,,,,,,,,,,,,,,,,,,,,,,,,,,,,,,,,,,,,0,0,0,0,false,0,0,,0,0,0,0,0,0,0,,,,,false,{},{},{},{},{},{},{},0,3.897,4.142,0,0,0.019,0,0,0,0,0,0,0,0,0,0,0,0,100,0,7.225667,12.421,0.069,3.064667,0,0,0,11,11,0,321,0,14,2,0,0,1,2400,0.021,0.025,0,ACTIVE,ACTIVE,,4095,4095,0,,true,16,false,0,0,true,1.9628,0.0012,19200,2280,0,,,,,,0,,,0,0,2,1235,1235,0,767562036824,6.215,0,0.026,0,0,1237,1236,2400,true,0,0,0,0,0,0,12,12,19224,0,0,0,0,0,0,0,0,0,0,0,0,0,,0,0,0,0,0,0,0,0,0,0,0,0,0,0,0,0,0,0,,0,0,0,0,0,0,false,
1236,1237,47863,false,145,50,1.416,0,1.273,0,dynamic_visual_atlas_upload,,,cell_indirection_lut,1.205,2400,2400,0,0,-1,-1,,1991.701174,3.013,4.027,4.027,1,8,3,1.5,false,2,8.666,,,,,,,,,,,,,,,,,,,,,,,,,,,,,,,,,,,,,,,,,,0,0,0,0,false,0,0,,0,0,0,0,0,0,0,,,,,false,{},{},{},{},{},{},{},0,3.072,3.262,0,0,0.013,0,0,0,0,0,0,0,0,0,0,0,0,100,0,6.571,12.421,0.069,3.296,0,0,0,11,11,0,321,0,14,2,0,0,1,2400,0.021,0.025,0,ACTIVE,ACTIVE,,4095,4095,0,,true,16,false,0,0,true,1.9001,0.0009,19200,2280,0,,,,,,0,,,0,0,2,1236,1236,0,767562059983,2.814,0,0.028,0,0,1238,1237,2400,true,0,0,0,0,0,0,12,12,55224,0,0,0,0,0,0,0,0,0,0,0,0,0,,0,0,0,0,0,0,0,0,0,0,0,0,0,0,0,0,0,0,,0,0,0,0,0,0,false,
1237,1238,47883,false,145,50,1.465,0,1.295,0,dynamic_visual_atlas_upload,,,cell_indirection_lut,1.205,2400,2400,0,0,-1,-1,,1991.701174,3.013,4.027,4.027,1,8,3,1.5,false,2,8.666,,,,,,,,,,,,,,,,,,,,,,,,,,,,,,,,,,,,,,,,,,0,0,0,0,false,0,0,,0,0,0,0,0,0,0,,,,,false,{},{},{},{},{},{},{},0,3.1,3.263,0,0,0.015,0,0,0,0,0,0,0,0,0,0,0,0,100,0,6.979333,12.421,0.069,3.701333,0,0,0,11,11,0,321,0,14,2,0,0,1,2400,0.021,0.025,0,ACTIVE,ACTIVE,,4095,4095,0,,true,16,false,0,0,true,1.9995,0.0012,19200,1832,0,,,,,,0,,,0,0,2,1237,1237,0,767562078571,5.118,0,0.028,0,0,1239,1238,2400,true,0,0,0,0,0,0,12,12,19224,0,0,0,0,0,0,0,0,0,0,0,0,0,,0,0,0,0,0,0,0,0,0,0,0,0,0,0,0,0,0,0,,0,0,0,0,0,0,false,
1238,1239,47905,false,145,50,1.455,0,1.304,0,dynamic_visual_atlas_upload,,,cell_indirection_lut,1.205,2400,2400,0,0,-1,-1,,1991.701174,3.013,4.027,4.027,1,8,3,1.5,false,2,8.666,,,,,,,,,,,,,,,,,,,,,,,,,,,,,,,,,,,,,,,,,,0,0,0,0,false,0,0,,0,0,0,0,0,0,0,,,,,false,{},{},{},{},{},{},{},0,3.967,4.167,0,0,0.019,0,0,0,0,0,0,0,0,0,0,0,0,100,0,7.079667,12.421,0.069,2.893667,0,0,0,11,11,0,321,0,14,2,0,0,1,2400,0.021,0.025,0,ACTIVE,ACTIVE,,4095,4095,0,,true,16,false,0,0,true,2.7256,0.0021,19200,2275,0,,,,,,0,,,0,0,2,1238,1238,0,767562098307,6.625,0,0.028,0,0,1240,1239,2400,true,0,0,0,0,0,0,12,12,19224,0,0,0,0,0,0,0,0,0,0,0,0,0,,0,0,0,0,0,0,0,0,0,0,0,0,0,0,0,0,0,0,,0,0,0,0,0,0,false,
1239,1240,47928,false,145,50,1.615,0,1.409,0,dynamic_visual_atlas_upload,,,cell_indirection_lut,1.205,2400,2400,0,0,-1,-1,,1991.701174,3.013,4.027,4.027,1,8,3,1.5,false,2,8.666,,,,,,,,,,,,,,,,,,,,,,,,,,,,,,,,,,,,,,,,,,0,0,0,0,false,0,0,,0,0,0,0,0,0,0,,,,,false,{},{},{},{},{},{},{},0,0,0.157,0,0,0.011,0,0,0,0,0,0,0,0,0,0,0,0,100,0,5.945,12.421,0.069,5.777,0,0,0,11,11,0,321,0,14,2,0,0,1,2400,0.021,0.025,0,ACTIVE,ACTIVE,,4095,4095,0,,true,16,false,0,0,true,1.7972,0.0009,19200,2258,0,,,,,,0,,,0,0,2,1239,1239,0,767562121163,7.597,0,0.03,0,0,1241,1240,2400,true,0,0,0,0,0,0,12,12,19224,0,0,0,0,0,0,0,0,0,0,0,0,0,,0,0,0,0,0,0,0,0,0,0,0,0,0,0,0,0,0,0,,0,0,0,0,0,0,false,
1240,1241,47942,false,145,50,1.402,0,1.261,0,dynamic_visual_atlas_upload,,,cell_indirection_lut,1.205,2400,2400,0,0,-1,-1,,1991.701174,3.013,4.027,4.027,1,8,3,1.5,false,2,8.666,,,,,,,,,,,,,,,,,,,,,,,,,,,,,,,,,,,,,,,,,,0,0,0,0,false,0,0,,0,0,0,0,0,0,0,,,,,false,{},{},{},{},{},{},{},0,0,0.212,0,0,0.014,0,0,0,0,0,0,0,0,0,0,0,0,100,0,6.85,12.421,0.069,6.624,0,0,0,11,11,0,321,0,14,2,0,0,1,2400,0.021,0.025,0,ACTIVE,ACTIVE,,4095,4095,0,,true,16,false,0,0,true,1.8499,0.001,19200,2275,0,,,,,,0,,,0,0,2,1240,1240,0,767562140080,2.315,0,0.03,0,0,1242,1241,2400,true,0,0,0,0,0,0,12,12,19224,0,0,0,0,0,0,0,0,0,0,0,0,0,,0,0,0,0,0,0,0,0,0,0,0,0,0,0,0,0,0,0,,0,0,0,0,0,0,false,
1241,1242,47964,false,145,50,2.247,0,1.983,0,dynamic_visual_atlas_upload,,,cell_indirection_lut,1.205,2400,2400,0,0,-1,-1,,1991.701174,3.013,4.027,4.027,1,8,3,1.5,false,2,8.666,,,,,,,,,,,,,,,,,,,,,,,,,,,,,,,,,,,,,,,,,,0,0,0,0,false,0,0,,0,0,0,0,0,0,0,,,,,false,{},{},{},{},{},{},{},0,0,0.239,0,0,0.017,0,0,0,0,0,0,0,0,0,0,0,0,100,0,7.281333,12.421,0.069,7.025333,0,0,0,11,11,0,321,0,14,2,0,0,1,2400,0.021,0.025,0,ACTIVE,ACTIVE,,4095,4095,0,,true,16,false,0,0,true,2.5601,0.0014,21600,2278,0,,,,,,0,,,0,0,2,1241,1241,0,767562157959,6.383,0,0.027,0,0,1243,1242,2400,true,0,0,0,0,0,0,12,12,19224,0,0,0,0,0,0,0,0,0,0,0,0,0,,0,0,0,0,0,0,0,0,0,0,0,0,0,0,0,0,0,0,,0,0,0,0,0,0,false,
1242,1243,47979,false,145,50,1.341,0,1.21,0,dynamic_visual_atlas_upload,,,cell_indirection_lut,1.205,2400,2400,0,0,-1,-1,,1991.701174,3.013,4.027,4.027,1,8,3,1.5,false,2,8.666,,,,,,,,,,,,,,,,,,,,,,,,,,,,,,,,,,,,,,,,,,0,0,0,0,false,0,0,,0,0,0,0,0,0,0,,,,,false,{},{},{},{},{},{},{},0,2.971,3.114,0,0,0.012,0,0,0,0,0,0,0,0,0,0,0,0,100,0,7.7145,12.421,0.069,4.5885,0,0,0,11,11,0,321,0,14,2,0,0,1,2400,0.021,0.025,0,ACTIVE,ACTIVE,,4095,4095,0,,true,16,false,0,0,true,1.7792,0.001,19200,2279,0,,,,,,0,,,0,0,2,1242,1242,0,767562176607,3.076,0,0.043,0,0,1244,1243,2400,true,0,0,0,0,0,0,12,12,21624,0,0,0,0,0,0,0,0,0,0,0,0,0,,0,0,0,0,0,0,0,0,0,0,0,0,0,0,0,0,0,0,,0,0,0,0,0,0,false,
1243,1244,48001,false,145,50,1.353,0,1.226,0,dynamic_visual_atlas_upload,,,cell_indirection_lut,1.205,2400,2400,0,0,-1,-1,,1991.701174,3.013,4.027,4.027,1,8,3,1.5,false,2,8.666,,,,,,,,,,,,,,,,,,,,,,,,,,,,,,,,,,,,,,,,,,0,0,0,0,false,0,0,,0,0,0,0,0,0,0,,,,,false,{},{},{},{},{},{},{},0,3.968,4.134,0,0,0.017,0,0,0,0,0,0,0,0,0,0,0,0,100,0,7.223667,12.421,0.069,3.072667,0,0,0,11,11,0,321,0,14,2,0,0,1,2400,0.021,0.025,0,ACTIVE,ACTIVE,,4095,4095,0,,true,16,false,0,0,true,2.5309,0.0012,52800,2280,0,,,,,,0,,,0,0,2,1243,1243,0,767562195043,6.294,0,0.025,0,0,1245,1244,2400,true,0,0,0,0,0,0,12,12,19224,0,0,0,0,0,0,0,0,0,0,0,0,0,,0,0,0,0,0,0,0,0,0,0,0,0,0,0,0,0,0,0,,0,0,0,0,0,0,false,
1244,1245,48021,false,145,50,1.608,0,1.416,0,dynamic_visual_atlas_upload,,,cell_indirection_lut,1.205,2400,2400,0,0,-1,-1,,1991.701174,3.013,4.027,4.027,1,8,3,1.5,false,2,8.666,,,,,,,,,,,,,,,,,,,,,,,,,,,,,,,,,,,,,,,,,,0,0,0,0,false,0,0,,0,0,0,0,0,0,0,,,,,false,{},{},{},{},{},{},{},0,2.946,3.087,0,0,0.012,0,0,0,0,0,0,0,0,0,0,0,0,100,0,6.644,10.705,0.077,3.545,0,0,0,11,11,0,321,0,14,2,0,0,1,2400,0.021,0.025,0,ACTIVE,ACTIVE,,4095,4095,0,,true,16,false,0,0,true,1.793,0.001,19200,1587,0,,,,,,0,,,0,0,2,1244,1244,0,767562216754,4.601,0,0.027,0,0,1246,1245,2400,true,0,0,0,0,0,0,12,12,52824,0,0,0,0,0,0,0,0,0,0,0,0,0,,0,0,0,0,0,0,0,0,0,0,0,0,0,0,0,0,0,0,,0,0,0,0,0,0,false,
1245,1246,48042,false,145,50,1.408,0,1.283,0,dynamic_visual_atlas_upload,,,cell_indirection_lut,1.205,2400,2400,0,0,-1,-1,,1991.701174,3.013,4.027,4.027,1,8,3,1.5,false,2,8.666,,,,,,,,,,,,,,,,,,,,,,,,,,,,,,,,,,,,,,,,,,0,0,0,0,false,0,0,,0,0,0,0,0,0,0,,,,,false,{},{},{},{},{},{},{},0,3.554,3.733,0,0,0.015,0,0,0,0,0,0,0,0,0,0,0,0,100,0,7.001667,10.705,0.077,3.253667,0,0,0,11,11,0,321,0,14,2,0,0,1,2400,0.021,0.025,0,ACTIVE,ACTIVE,,4095,4095,0,,true,16,false,0,0,true,1.8312,0.0009,19200,2280,0,,,,,,0,,,0,0,2,1245,1245,0,767562236354,5.914,0,0.028,0,0,1247,1246,2400,true,0,0,0,0,0,0,12,12,19224,0,0,0,0,0,0,0,0,0,0,0,0,0,,0,0,0,0,0,0,0,0,0,0,0,0,0,0,0,0,0,0,,0,0,0,0,0,0,false,
1246,1247,48063,false,145,50,1.384,0,1.26,0,dynamic_visual_atlas_upload,,,cell_indirection_lut,1.205,2400,2400,0,0,-1,-1,,1991.701174,3.013,4.027,4.027,1,8,3,1.5,false,2,8.666,,,,,,,,,,,,,,,,,,,,,,,,,,,,,,,,,,,,,,,,,,0,0,0,0,false,0,0,,0,0,0,0,0,0,0,,,,,false,{},{},{},{},{},{},{},0,3.402,3.574,0,0,0.02,0,0,0,0,0,0,0,0,0,0,0,0,100,0,6.863333,10.705,0.077,3.269333,0,0,0,11,11,0,321,0,14,2,0,0,1,2400,0.021,0.025,0,ACTIVE,ACTIVE,,4095,4095,0,,true,16,false,0,0,true,1.8901,0.0009,19200,2280,0,,,,,,0,,,0,0,2,1246,1246,0,767562257186,5.671,0,0.027,0,0,1248,1247,2400,true,0,0,0,0,0,0,12,12,19224,0,0,0,0,0,0,0,0,0,0,0,0,0,,0,0,0,0,0,0,0,0,0,0,0,0,0,0,0,0,0,0,,0,0,0,0,0,0,false,
1247,1248,48084,false,145,50,1.732,0,1.553,0,dynamic_visual_atlas_upload,,,cell_indirection_lut,1.205,2400,2400,0,0,-1,-1,,1991.701174,3.013,4.027,4.027,1,8,3,1.5,false,2,8.666,,,,,,,,,,,,,,,,,,,,,,,,,,,,,,,,,,,,,,,,,,0,0,0,0,false,0,0,,0,0,0,0,0,0,0,,,,,false,{},{},{},{},{},{},{},0,3.558,3.701,0,0,0.013,0,0,0,0,0,0,0,0,0,0,0,0,100,0,7.02,10.705,0.077,3.306,0,0,0,11,11,0,321,0,14,2,0,0,1,2400,0.021,0.025,0,ACTIVE,ACTIVE,,4095,4095,0,,true,16,false,0,0,true,1.8901,0.0009,19200,2280,0,,,,,,0,,,0,0,2,1247,1247,0,767562278006,5.939,0,0.037,0,0,1249,1248,2400,true,0,0,0,0,0,0,12,12,19224,0,0,0,0,0,0,0,0,0,0,0,0,0,,0,0,0,0,0,0,0,0,0,0,0,0,0,0,0,0,0,0,,0,0,0,0,0,0,false,
1248,1249,48104,false,145,50,1.43,0,1.287,0,dynamic_visual_atlas_upload,,,cell_indirection_lut,1.205,2400,2400,0,0,-1,-1,,1991.701174,3.013,4.027,4.027,1,8,3,1.5,false,2,8.666,,,,,,,,,,,,,,,,,,,,,,,,,,,,,,,,,,,,,,,,,,0,0,0,0,false,0,0,,0,0,0,0,0,0,0,,,,,false,{},{},{},{},{},{},{},0,2.966,3.119,0,0,0.012,0,0,0,0,0,0,0,0,0,0,0,0,100,0,6.661,10.705,0.077,3.53,0,0,0,11,11,0,321,0,14,2,0,0,1,2400,0.021,0.025,0,ACTIVE,ACTIVE,,4095,4095,0,,true,16,false,0,0,true,1.7898,0.0008,19200,1429,0,,,,,,0,,,0,0,2,1248,1248,0,767562300246,3.659,0,0.029,0,0,1250,1249,2400,true,0,0,0,0,0,0,12,12,21624,0,0,0,0,0,0,0,0,0,0,0,0,0,,0,0,0,0,0,0,0,0,0,0,0,0,0,0,0,0,0,0,,0,0,0,0,0,0,false,
1249,1250,48123,false,145,50,2.301,0,2.086,0,dynamic_visual_atlas_upload,,,cell_indirection_lut,1.205,2400,2400,0,0,-1,-1,,1991.701174,3.013,4.027,4.027,1,8,3,1.5,false,2,8.666,,,,,,,,,,,,,,,,,,,,,,,,,,,,,,,,,,,,,,,,,,0,0,0,0,false,0,0,,0,0,0,0,0,0,0,,,,,false,{},{},{},{},{},{},{},0,0,0.253,0,0,0.014,0,0,0,0,0,0,0,0,0,0,0,0,100,0,6.363333,10.705,0.077,6.096333,0,0,0,11,11,0,321,0,14,2,0,0,1,2400,0.021,0.025,0,ACTIVE,ACTIVE,,4095,4095,0,,true,16,false,0,0,true,1.9955,0.0011,19200,2280,0,,,,,,0,,,0,0,2,1249,1249,0,767562318178,4.92,0,0.027,0,0,1251,1250,2400,true,0,0,0,0,0,0,12,12,19224,0,0,0,0,0,0,0,0,0,0,0,0,0,,0,0,0,0,0,0,0,0,0,0,0,0,0,0,0,0,0,0,,0,0,0,0,0,0,false,
1250,1251,48142,false,145,50,1.381,0,1.248,0,dynamic_visual_atlas_upload,,,cell_indirection_lut,1.205,2400,2400,0,0,-1,-1,,1991.701174,3.013,4.027,4.027,1,8,3,1.5,false,2,8.666,,,,,,,,,,,,,,,,,,,,,,,,,,,,,,,,,,,,,,,,,,0,0,0,0,false,0,0,,0,0,0,0,0,0,0,,,,,false,{},{},{},{},{},{},{},0,0.001,0.202,0,0,0.011,0,0,0,0,0,0,0,0,0,0,0,0,100,0,6.469667,10.705,0.077,6.256667,0,0,0,11,11,0,321,0,14,2,0,0,1,2400,0.021,0.025,0,ACTIVE,ACTIVE,,4095,4095,0,,true,16,false,0,0,true,1.773,0.0008,19200,2266,0,,,,,,0,,,0,0,2,1250,1250,0,767562337141,5.263,0,0.043,0,0,1252,1251,2400,true,0,0,0,0,0,0,12,12,19224,0,0,0,0,0,0,0,0,0,0,0,0,0,,0,0,0,0,0,0,0,0,0,0,0,0,0,0,0,0,0,0,,0,0,0,0,0,0,false,
1251,1252,48159,false,145,50,1.386,0,1.241,0,dynamic_visual_atlas_upload,,,cell_indirection_lut,1.205,2400,2400,0,0,-1,-1,,1991.701174,3.013,4.027,4.027,1,8,3,1.5,false,2,8.666,,,,,,,,,,,,,,,,,,,,,,,,,,,,,,,,,,,,,,,,,,0,0,0,0,false,0,0,,0,0,0,0,0,0,0,,,,,false,{},{},{},{},{},{},{},0,3.387,3.531,0,0,0.012,0,0,0,0,0,0,0,0,0,0,0,0,100,0,8.596,10.705,0.077,5.053,0,0,0,11,11,0,321,0,14,2,0,0,1,2400,0.021,0.025,0,ACTIVE,ACTIVE,,4095,4095,0,,true,16,false,0,0,true,2.4303,0.001,52800,2280,0,,,,,,0,,,0,0,2,1251,1251,0,767562354677,4.908,0,0.03,0,0,1253,1252,2400,true,0,0,0,0,0,0,12,12,19224,0,0,0,0,0,0,0,0,0,0,0,0,0,,0,0,0,0,0,0,0,0,0,0,0,0,0,0,0,0,0,0,,0,0,0,0,0,0,false,
1252,1253,48180,false,145,50,1.403,0,1.249,0,dynamic_visual_atlas_upload,,,cell_indirection_lut,1.205,2400,2400,0,0,-1,-1,,1991.701174,3.013,4.027,4.027,1,8,3,1.5,false,2,8.666,,,,,,,,,,,,,,,,,,,,,,,,,,,,,,,,,,,,,,,,,,0,0,0,0,false,0,0,,0,0,0,0,0,0,0,,,,,false,{},{},{},{},{},{},{},0,2.885,3.027,0,0,0.01,0,0,0,0,0,0,0,0,0,0,0,0,100,0,6.721,10.705,0.077,3.684,0,0,0,11,11,0,321,0,14,2,0,0,1,2400,0.021,0.025,0,ACTIVE,ACTIVE,,4095,4095,0,,true,16,false,0,0,true,1.9323,0.0014,19200,2280,0,,,,,,0,,,0,0,2,1252,1252,0,767562375061,4.748,0,0.026,0,0,1254,1253,2400,true,0,0,0,0,0,0,12,12,52824,0,0,0,0,0,0,0,0,0,0,0,0,0,,0,0,0,0,0,0,0,0,0,0,0,0,0,0,0,0,0,0,,0,0,0,0,0,0,false,
1253,1254,48201,false,145,50,1.362,0,1.253,0,dynamic_visual_atlas_upload,,,cell_indirection_lut,1.205,2400,2400,0,0,-1,-1,,1991.701174,3.013,4.027,4.027,1,8,3,1.5,false,2,8.666,,,,,,,,,,,,,,,,,,,,,,,,,,,,,,,,,,,,,,,,,,0,0,0,0,false,0,0,,0,0,0,0,0,0,0,,,,,false,{},{},{},{},{},{},{},0,3.501,3.661,0,0,0.013,0,0,0,0,0,0,0,0,0,0,0,0,100,0,7.027,10.705,0.077,3.353,0,0,0,11,11,0,321,0,14,2,0,0,1,2400,0.021,0.025,0,ACTIVE,ACTIVE,,4095,4095,0,,true,16,false,0,0,true,2.4235,0.001,21600,2280,0,,,,,,0,,,0,0,2,1253,1253,0,767562395072,5.795,0,0.028,0,0,1255,1254,2400,true,0,0,0,0,0,0,12,12,19224,0,0,0,0,0,0,0,0,0,0,0,0,0,,0,0,0,0,0,0,0,0,0,0,0,0,0,0,0,0,0,0,,0,0,0,0,0,0,false,
1254,1255,48221,false,145,50,1.391,0,1.255,0,dynamic_visual_atlas_upload,,,cell_indirection_lut,1.205,2400,2400,0,0,-1,-1,,1991.701174,3.013,4.027,4.027,1,8,3,1.5,false,2,8.666,,,,,,,,,,,,,,,,,,,,,,,,,,,,,,,,,,,,,,,,,,0,0,0,0,false,0,0,,0,0,0,0,0,0,0,,,,,false,{},{},{},{},{},{},{},0,2.982,3.141,0,0,0.015,0,0,0,0,0,0,0,0,0,0,0,0,100,0,6.829667,10.705,0.077,3.673667,0,0,0,11,11,0,321,0,14,2,0,0,1,2400,0.021,0.025,0,ACTIVE,ACTIVE,,4095,4095,0,,true,16,false,0,0,true,1.8246,0.001,19200,1429,0,,,,,,0,,,0,0,2,1254,1254,0,767562416643,4.686,0,0.026,0,0,1256,1255,2400,true,0,0,0,0,0,0,12,12,21624,0,0,0,0,0,0,0,0,0,0,0,0,0,,0,0,0,0,0,0,0,0,0,0,0,0,0,0,0,0,0,0,,0,0,0,0,0,0,false,
1255,1256,48243,false,145,50,1.396,0,1.269,0,dynamic_visual_atlas_upload,,,cell_indirection_lut,1.205,2400,2400,0,0,-1,-1,,1991.701174,3.013,4.027,4.027,1,8,3,1.5,false,2,8.666,,,,,,,,,,,,,,,,,,,,,,,,,,,,,,,,,,,,,,,,,,0,0,0,0,false,0,0,,0,0,0,0,0,0,0,,,,,false,{},{},{},{},{},{},{},0,3.968,4.124,0,0,0.014,0,0,0,0,0,0,0,0,0,0,0,0,100,0,7.162333,10.705,0.077,3.024333,0,0,0,11,11,0,321,0,14,2,0,0,1,2400,0.021,0.025,0,ACTIVE,ACTIVE,,4095,4095,0,,true,16,false,0,0,true,2.004,0.0011,19200,2280,0,,,,,,0,,,0,0,2,1255,1255,0,767562435915,6.901,0,0.026,0,0,1257,1256,2400,true,0,0,0,0,0,0,12,12,19224,0,0,0,0,0,0,0,0,0,0,0,0,0,,0,0,0,0,0,0,0,0,0,0,0,0,0,0,0,0,0,0,,0,0,0,0,0,0,false,
1256,1257,48262,false,145,50,1.39,0,1.255,0,dynamic_visual_atlas_upload,,,cell_indirection_lut,1.205,2400,2400,0,0,-1,-1,,1991.701174,3.013,4.027,4.027,1,8,3,1.5,false,2,8.666,,,,,,,,,,,,,,,,,,,,,,,,,,,,,,,,,,,,,,,,,,0,0,0,0,false,0,0,,0,0,0,0,0,0,0,,,,,false,{},{},{},{},{},{},{},0,2.929,3.078,0,0,0.013,0,0,0,0,0,0,0,0,0,0,0,0,100,0,6.582,10.705,0.077,3.491,0,0,0,11,11,0,321,0,14,2,0,0,1,2400,0.021,0.025,0,ACTIVE,ACTIVE,,4095,4095,0,,true,16,false,0,0,true,1.8813,0.001,19200,1429,0,,,,,,0,,,0,0,2,1256,1256,0,767562458425,4.175,0,0.03,0,0,1258,1257,2400,true,0,0,0,0,0,0,12,12,19224,0,0,0,0,0,0,0,0,0,0,0,0,0,,0,0,0,0,0,0,0,0,0,0,0,0,0,0,0,0,0,0,,0,0,0,0,0,0,false,
1257,1258,48283,false,145,50,1.372,0,1.244,0,dynamic_visual_atlas_upload,,,cell_indirection_lut,1.205,2400,2400,0,0,-1,-1,,1991.701174,3.013,4.027,4.027,1,8,3,1.5,false,2,8.666,,,,,,,,,,,,,,,,,,,,,,,,,,,,,,,,,,,,,,,,,,0,0,0,0,false,0,0,,0,0,0,0,0,0,0,,,,,false,{},{},{},{},{},{},{},0,3.462,3.628,0,0,0.016,0,0,0,0,0,0,0,0,0,0,0,0,100,0,7.033667,10.705,0.077,3.389667,0,0,0,11,11,0,321,0,14,2,0,0,1,2400,0.021,0.025,0,ACTIVE,ACTIVE,,4095,4095,0,,true,16,false,0,0,true,1.885,0.001,19200,2280,0,,,,,,0,,,0,0,2,1257,1257,0,767562477823,5.837,0,0.028,0,0,1259,1258,2400,true,0,0,0,0,0,0,12,12,19224,0,0,0,0,0,0,0,0,0,0,0,0,0,,0,0,0,0,0,0,0,0,0,0,0,0,0,0,0,0,0,0,,0,0,0,0,0,0,false,
1258,1259,48305,false,145,50,1.497,0,1.333,0,dynamic_visual_atlas_upload,,,cell_indirection_lut,1.205,2400,2400,0,0,-1,-1,,1991.701174,3.013,4.027,4.027,1,8,3,1.5,false,2,8.666,,,,,,,,,,,,,,,,,,,,,,,,,,,,,,,,,,,,,,,,,,0,0,0,0,false,0,0,,0,0,0,0,0,0,0,,,,,false,{},{},{},{},{},{},{},0,3.934,4.199,0,0,0.012,0,0,0,0,0,0,0,0,0,0,0,0,100,0,7.159,10.705,0.077,2.948,0,0,0,11,11,0,321,0,14,2,0,0,1,2400,0.021,0.025,0,ACTIVE,ACTIVE,,4095,4095,0,,true,16,false,0,0,true,2.2018,0.0016,19200,2280,0,,,,,,0,,,0,0,2,1258,1258,0,767562498617,6.539,0,0.031,0,0,1260,1259,2400,true,0,0,0,0,0,0,12,12,19224,0,0,0,0,0,0,0,0,0,0,0,0,0,,0,0,0,0,0,0,0,0,0,0,0,0,0,0,0,0,0,0,,0,0,0,0,0,0,false,
1259,1260,48329,false,145,50,1.438,0,1.282,0,dynamic_visual_atlas_upload,,,cell_indirection_lut,1.205,2400,2400,0,0,-1,-1,,1991.701174,3.013,4.027,4.027,1,8,3,1.5,false,2,8.666,,,,,,,,,,,,,,,,,,,,,,,,,,,,,,,,,,,,,,,,,,0,0,0,0,false,0,0,,0,0,0,0,0,0,0,,,,,false,{},{},{},{},{},{},{},0,0,0.177,0,0,0.011,0,0,0,0,0,0,0,0,0,0,0,0,100,0,5.914,10.705,0.077,5.726,0,0,0,11,11,0,321,0,14,2,0,0,1,2400,0.021,0.025,0,ACTIVE,ACTIVE,,4095,4095,0,,true,16,false,0,0,true,3.2338,0.001,55200,2280,0,,,,,,0,,,0,0,2,1259,1259,0,767562520013,8.792,0,0.028,0,0,1261,1260,2400,true,0,0,0,0,0,0,12,12,19224,0,0,0,0,0,0,0,0,0,0,0,0,0,,0,0,0,0,0,0,0,0,0,0,0,0,0,0,0,0,0,0,,0,0,0,0,0,0,false,
1260,1261,48344,false,145,50,2.375,0,2.126,0,dynamic_visual_atlas_upload,,,cell_indirection_lut,1.205,2400,2400,0,0,-1,-1,,1991.701174,3.013,4.027,4.027,1,8,3,1.5,false,2,8.666,,,,,,,,,,,,,,,,,,,,,,,,,,,,,,,,,,,,,,,,,,0,0,0,0,false,0,0,,0,0,0,0,0,0,0,,,,,false,{},{},{},{},{},{},{},0,0,0.313,0,0,0.014,0,0,0,0,0,0,0,0,0,0,0,0,100,0,7.608,10.705,0.077,7.281,0,0,0,11,11,0,321,0,14,2,0,0,1,2400,0.021,0.025,0,ACTIVE,ACTIVE,,4095,4095,0,,true,16,false,0,0,true,2.262,0.0015,19200,2280,0,,,,,,0,,,0,0,2,1260,1260,0,767562538944,5.262,0,0.03,0,0,1262,1261,2400,true,0,0,0,0,0,0,12,12,55224,0,0,0,0,0,0,0,0,0,0,0,0,0,,0,0,0,0,0,0,0,0,0,0,0,0,0,0,0,0,0,0,,0,0,0,0,0,0,false,
1261,1262,48362,false,145,50,1.47,0,1.283,0,dynamic_visual_atlas_upload,,,cell_indirection_lut,1.205,2400,2400,0,0,-1,-1,,1991.701174,3.013,4.027,4.027,1,8,3,1.5,false,2,8.666,,,,,,,,,,,,,,,,,,,,,,,,,,,,,,,,,,,,,,,,,,0,0,0,0,false,0,0,,0,0,0,0,0,0,0,,,,,false,{},{},{},{},{},{},{},0,6.12,6.279,0,0,0.015,0,0,0,0,0,0,0,0,0,0,0,0,100,0,9.275,10.705,0.077,2.981,0,0,0,11,11,0,321,0,14,2,0,0,1,2400,0.021,0.025,0,ACTIVE,ACTIVE,,4095,4095,0,,true,16,false,0,0,true,1.9681,0.001,24000,2280,0,,,,,,0,,,0,0,2,1261,1261,0,767562556867,5.698,0,0.038,0,0,1263,1262,2400,true,0,0,0,0,0,0,12,12,19224,0,0,0,0,0,0,0,0,0,0,0,0,0,,0,0,0,0,0,0,0,0,0,0,0,0,0,0,0,0,0,0,,0,0,0,0,0,0,false,
1262,1263,48380,false,145,50,1.639,0,1.401,0,dynamic_visual_atlas_upload,,,cell_indirection_lut,1.205,2400,2400,0,0,-1,-1,,1991.701174,3.013,4.027,4.027,1,8,3,1.5,false,2,8.666,,,,,,,,,,,,,,,,,,,,,,,,,,,,,,,,,,,,,,,,,,0,0,0,0,false,0,0,,0,0,0,0,0,0,0,,,,,false,{},{},{},{},{},{},{},0,3.112,3.281,0,0,0.015,0,0,0,0,0,0,0,0,0,0,0,0,100,0,5.952,10.705,0.077,2.656,0,0,0,11,11,0,321,0,14,2,0,0,1,2400,0.021,0.025,0,ACTIVE,ACTIVE,,4095,4095,0,,true,16,false,0,0,true,1.8758,0.001,19200,2280,0,,,,,,0,,,0,0,2,1262,1262,0,767562575469,4.99,0,0.028,0,0,1264,1263,2400,true,0,0,0,0,0,0,12,12,24024,0,0,0,0,0,0,0,0,0,0,0,0,0,,0,0,0,0,0,0,0,0,0,0,0,0,0,0,0,0,0,0,,0,0,0,0,0,0,false,
1263,1264,48401,false,145,50,1.411,0,1.277,0,dynamic_visual_atlas_upload,,,cell_indirection_lut,1.205,2400,2400,0,0,-1,-1,,1991.701174,3.013,4.027,4.027,1,8,3,1.5,false,2,8.666,,,,,,,,,,,,,,,,,,,,,,,,,,,,,,,,,,,,,,,,,,0,0,0,0,false,0,0,,0,0,0,0,0,0,0,,,,,false,{},{},{},{},{},{},{},0,3.598,3.769,0,0,0.015,0,0,0,0,0,0,0,0,0,0,0,0,100,0,6.891,10.705,0.077,3.107,0,0,0,11,11,0,321,0,14,2,0,0,1,2400,0.021,0.025,0,ACTIVE,ACTIVE,,4095,4095,0,,true,16,false,0,0,true,1.9167,0.0012,19200,2280,0,,,,,,0,,,0,0,2,1263,1263,0,767562595073,6.082,0,0.029,0,0,1265,1264,2400,true,0,0,0,0,0,0,12,12,19224,0,0,0,0,0,0,0,0,0,0,0,0,0,,0,0,0,0,0,0,0,0,0,0,0,0,0,0,0,0,0,0,,0,0,0,0,0,0,false,
1264,1265,48421,false,145,50,1.359,0,1.25,0,dynamic_visual_atlas_upload,,,cell_indirection_lut,1.205,2400,2400,0,0,-1,-1,,1991.701174,3.013,4.027,4.027,1,8,3,1.5,false,2,8.666,,,,,,,,,,,,,,,,,,,,,,,,,,,,,,,,,,,,,,,,,,0,0,0,0,false,0,0,,0,0,0,0,0,0,0,,,,,false,{},{},{},{},{},{},{},0.001,3.27,3.41,0,0,0.011,0,0,0,0,0,0,0,0,0,0,0,0,100,0,6.742333,10.705,0.077,3.321333,0,0,0,11,11,0,321,0,14,2,0,0,1,2400,0.021,0.025,0,ACTIVE,ACTIVE,,4095,4095,0,,true,16,false,0,0,true,1.8286,0.001,19200,2280,0,,,,,,0,,,0,0,2,1264,1264,0,767562616074,5.236,0,0.031,0,0,1266,1265,2400,true,0,0,0,0,0,0,12,12,19224,0,0,0,0,0,0,0,0,0,0,0,0,0,,0,0,0,0,0,0,0,0,0,0,0,0,0,0,0,0,0,0,,0,0,0,0,0,0,false,
1265,1266,48442,false,145,50,1.358,0,1.237,0,dynamic_visual_atlas_upload,,,cell_indirection_lut,1.205,2400,2400,0,0,-1,-1,,1991.701174,3.013,4.027,4.027,1,8,3,1.5,false,2,8.666,,,,,,,,,,,,,,,,,,,,,,,,,,,,,,,,,,,,,,,,,,0,0,0,0,false,0,0,,0,0,0,0,0,0,0,,,,,false,{},{},{},{},{},{},{},0,3.401,3.573,0,0,0.016,0,0,0,0,0,0,0,0,0,0,0,0,100,0,7.011667,10.705,0.077,3.422667,0,0,0,11,11,0,321,0,14,2,0,0,1,2400,0.021,0.025,0,ACTIVE,ACTIVE,,4095,4095,0,,true,16,false,0,0,true,2.4459,0.0011,21600,2280,0,,,,,,0,,,0,0,2,1265,1265,0,767562636453,5.896,0,0.028,0,0,1267,1266,2400,true,0,0,0,0,0,0,12,12,19224,0,0,0,0,0,0,0,0,0,0,0,0,0,,0,0,0,0,0,0,0,0,0,0,0,0,0,0,0,0,0,0,,0,0,0,0,0,0,false,
1266,1267,48463,false,145,50,1.518,0,1.287,0,dynamic_visual_atlas_upload,,,cell_indirection_lut,1.205,2400,2400,0,0,-1,-1,,1991.701174,3.013,4.027,4.027,1,8,3,1.5,false,2,8.666,,,,,,,,,,,,,,,,,,,,,,,,,,,,,,,,,,,,,,,,,,0,0,0,0,false,0,0,,0,0,0,0,0,0,0,,,,,false,{},{},{},{},{},{},{},0,3.276,3.458,0,0,0.012,0,0,0,0,0,0,0,0,0,0,0,0,100,0,6.974667,10.705,0.077,3.504667,0,0,0,11,11,0,321,0,14,2,0,0,1,2400,0.021,0.025,0,ACTIVE,ACTIVE,,4095,4095,0,,true,16,false,0,0,true,2.0934,0.0014,19200,1393,0,,,,,,0,,,0,0,2,1266,1266,0,767562657973,5.333,0,0.03,0,0,1268,1267,2400,true,0,0,0,0,0,0,12,12,21624,0,0,0,0,0,0,0,0,0,0,0,0,0,,0,0,0,0,0,0,0,0,0,0,0,0,0,0,0,0,0,0,,0,0,0,0,0,0,false,
1267,1268,48484,false,145,50,1.425,0,1.285,0,dynamic_visual_atlas_upload,,,cell_indirection_lut,1.205,2400,2400,0,0,-1,-1,,1991.701174,3.013,4.027,4.027,1,8,3,1.5,false,2,8.666,,,,,,,,,,,,,,,,,,,,,,,,,,,,,,,,,,,,,,,,,,0,0,0,0,false,0,0,,0,0,0,0,0,0,0,,,,,false,{},{},{},{},{},{},{},0,3.665,3.822,0,0,0.016,0,0,0,0,0,0,0,0,0,0,0,0,100,0,6.987,10.705,0.077,3.149,0,0,0,11,11,0,321,0,14,2,0,0,1,2400,0.021,0.025,0,ACTIVE,ACTIVE,,4095,4095,0,,true,16,false,0,0,true,2.4074,0.0009,52800,2280,0,,,,,,0,,,0,0,2,1267,1267,0,767562678556,5.677,0,0.029,0,0,1269,1268,2400,true,0,0,0,0,0,0,12,12,19224,0,0,0,0,0,0,0,0,0,0,0,0,0,,0,0,0,0,0,0,0,0,0,0,0,0,0,0,0,0,0,0,,0,0,0,0,0,0,false,
1268,1269,48504,false,145,50,1.484,0,1.32,0,dynamic_visual_atlas_upload,,,cell_indirection_lut,1.205,2400,2400,0,0,-1,-1,,1991.701174,3.013,4.027,4.027,1,8,3,1.5,false,2,8.666,,,,,,,,,,,,,,,,,,,,,,,,,,,,,,,,,,,,,,,,,,0,0,0,0,false,0,0,,0,0,0,0,0,0,0,,,,,false,{},{},{},{},{},{},{},0,2.993,3.152,0,0,0.014,0,0,0,0,0,0,0,0,0,0,0,0,100,0,6.688,10.705,0.077,3.522,0,0,0,11,11,0,321,0,14,2,0,0,1,2400,0.021,0.025,0,ACTIVE,ACTIVE,,4095,4095,0,,true,16,false,0,0,true,1.879,0.001,19200,1565,0,,,,,,0,,,0,0,2,1268,1268,0,767562699863,4.497,0,0.027,0,0,1270,1269,2400,true,0,0,0,0,0,0,12,12,52824,0,0,0,0,0,0,0,0,0,0,0,0,0,,0,0,0,0,0,0,0,0,0,0,0,0,0,0,0,0,0,0,,0,0,0,0,0,0,false,
1269,1270,48522,false,145,50,1.421,0,1.263,0,dynamic_visual_atlas_upload,,,cell_indirection_lut,1.205,2400,2400,0,0,-1,-1,,1991.701174,3.013,4.027,4.027,1,8,3,1.5,false,2,8.666,,,,,,,,,,,,,,,,,,,,,,,,,,,,,,,,,,,,,,,,,,0,0,0,0,false,0,0,,0,0,0,0,0,0,0,,,,,false,{},{},{},{},{},{},{},0,0,0.21,0,0,0.014,0,0,0,0,0,0,0,0,0,0,0,0,100,0,5.976,10.705,0.077,5.752,0,0,0,11,11,0,321,0,14,2,0,0,1,2400,0.021,0.025,0,ACTIVE,ACTIVE,,4095,4095,0,,true,16,false,0,0,true,1.9695,0.0013,19200,2280,0,,,,,,0,,,0,0,2,1269,1269,0,767562718743,3.639,0,0.027,0,0,1271,1270,2400,true,0,0,0,0,0,0,12,12,19224,0,0,0,0,0,0,0,0,0,0,0,0,0,,0,0,0,0,0,0,0,0,0,0,0,0,0,0,0,0,0,0,,0,0,0,0,0,0,false,
1270,1271,48543,false,145,50,1.448,0,1.29,0,dynamic_visual_atlas_upload,,,cell_indirection_lut,1.205,2400,2400,0,0,-1,-1,,1991.701174,3.013,4.027,4.027,1,8,3,1.5,false,2,8.666,,,,,,,,,,,,,,,,,,,,,,,,,,,,,,,,,,,,,,,,,,0,0,0,0,false,0,0,,0,0,0,0,0,0,0,,,,,false,{},{},{},{},{},{},{},0,0,0.198,0,0,0.014,0,0,0,0,0,0,0,0,0,0,0,0,100,0,6.893333,10.705,0.077,6.681333,0,0,0,11,11,0,321,0,14,2,0,0,1,2400,0.021,0.025,0,ACTIVE,ACTIVE,,4095,4095,0,,true,16,false,0,0,true,1.7912,0.001,19200,2278,0,,,,,,0,,,0,0,2,1270,1270,0,767562737013,5.907,0,0.027,0,0,1272,1271,2400,true,0,0,0,0,0,0,12,12,19224,0,0,0,0,0,0,0,0,0,0,0,0,0,,0,0,0,0,0,0,0,0,0,0,0,0,0,0,0,0,0,0,,0,0,0,0,0,0,false,
1271,1272,48559,false,145,50,1.485,0,1.321,0,dynamic_visual_atlas_upload,,,cell_indirection_lut,1.205,2400,2400,0,0,-1,-1,,1991.701174,3.013,4.027,4.027,1,8,3,1.5,false,2,8.666,,,,,,,,,,,,,,,,,,,,,,,,,,,,,,,,,,,,,,,,,,0,0,0,0,false,0,0,,0,0,0,0,0,0,0,,,,,false,{},{},{},{},{},{},{},0,3.061,3.227,0,0,0.016,0,0,0,0,0,0,0,0,0,0,0,0,100,0,8.3635,10.705,0.077,5.1205,0,0,0,11,11,0,321,0,14,2,0,0,1,2400,0.021,0.025,0,ACTIVE,ACTIVE,,4095,4095,0,,true,16,false,0,0,true,2.7912,0.0011,21600,2280,0,,,,,,0,,,0,0,2,1271,1271,0,767562754677,4.969,0,0.028,0,0,1273,1272,2400,true,0,0,0,0,0,0,12,12,19224,0,0,0,0,0,0,0,0,0,0,0,0,0,,0,0,0,0,0,0,0,0,0,0,0,0,0,0,0,0,0,0,,0,0,0,0,0,0,false,
1272,1273,48580,false,145,50,1.4,0,1.264,0,dynamic_visual_atlas_upload,,,cell_indirection_lut,1.205,2400,2400,0,0,-1,-1,,1991.701174,3.013,4.027,4.027,1,8,3,1.5,false,2,8.666,,,,,,,,,,,,,,,,,,,,,,,,,,,,,,,,,,,,,,,,,,0,0,0,0,false,0,0,,0,0,0,0,0,0,0,,,,,false,{},{},{},{},{},{},{},0,2.965,3.119,0,0,0.012,0,0,0,0,0,0,0,0,0,0,0,0,100,0,6.815667,10.705,0.077,3.684667,0,0,0,11,11,0,321,0,14,2,0,0,1,2400,0.021,0.025,0,ACTIVE,ACTIVE,,4095,4095,0,,true,16,false,0,0,true,1.8034,0.001,19200,2279,0,,,,,,0,,,0,0,2,1272,1272,0,767562775473,4.606,0,0.028,0,0,1274,1273,2400,true,0,0,0,0,0,0,12,12,21624,0,0,0,0,0,0,0,0,0,0,0,0,0,,0,0,0,0,0,0,0,0,0,0,0,0,0,0,0,0,0,0,,0,0,0,0,0,0,false,
1273,1274,48601,false,145,50,1.44,0,1.28,0,dynamic_visual_atlas_upload,,,cell_indirection_lut,1.205,2400,2400,0,0,-1,-1,,1991.701174,3.013,4.027,4.027,1,8,3,1.5,false,2,8.666,,,,,,,,,,,,,,,,,,,,,,,,,,,,,,,,,,,,,,,,,,0,0,0,0,false,0,0,,0,0,0,0,0,0,0,,,,,false,{},{},{},{},{},{},{},0,3.496,3.692,0,0,0.013,0,0,0,0,0,0,0,0,0,0,0,0,100,0,7.067,10.705,0.077,3.362,0,0,0,11,11,0,321,0,14,2,0,0,1,2400,0.021,0.025,0,ACTIVE,ACTIVE,,4095,4095,0,,true,16,false,0,0,true,1.9914,0.0015,19200,2280,0,,,,,,0,,,0,0,2,1273,1273,0,767562794946,6.36,0,0.03,0,0,1275,1274,2400,true,0,0,0,0,0,0,12,12,19224,0,0,0,0,0,0,0,0,0,0,0,0,0,,0,0,0,0,0,0,0,0,0,0,0,0,0,0,0,0,0,0,,0,0,0,0,0,0,false,
1274,1275,48622,false,145,50,1.539,0,1.381,0,dynamic_visual_atlas_upload,,,cell_indirection_lut,1.205,2400,2400,0,0,-1,-1,,1991.701174,3.013,4.027,4.027,1,8,3,1.5,false,2,8.666,,,,,,,,,,,,,,,,,,,,,,,,,,,,,,,,,,,,,,,,,,0,0,0,0,false,0,0,,0,0,0,0,0,0,0,,,,,false,{},{},{},{},{},{},{},0,3.021,3.194,0,0,0.017,0,0,0,0,0,0,0,0,0,0,0,0,100,0,6.829667,10.705,0.077,3.618667,0,0,0,11,11,0,321,0,14,2,0,0,1,2400,0.021,0.025,0,ACTIVE,ACTIVE,,4095,4095,0,,true,16,false,0,0,true,2.0146,0.0013,19200,1394,0,,,,,,0,,,0,0,2,1274,1274,0,767562816420,5.359,0,0.028,0,0,1276,1275,2400,true,0,0,0,0,0,0,12,12,19224,0,0,0,0,0,0,0,0,0,0,0,0,0,,0,0,0,0,0,0,0,0,0,0,0,0,0,0,0,0,0,0,,0,0,0,0,0,0,false,
1275,1276,48642,false,145,50,0.416,0,0.27,0,dynamic_visual_atlas_upload,,,cell_indirection_lut,1.205,2400,2400,0,0,-1,-1,,1991.701174,3.013,4.027,4.027,1,8,3,1.5,false,2,8.666,,,,,,,,,,,,,,,,,,,,,,,,,,,,,,,,,,,,,,,,,,0,0,0,0,false,0,0,,0,0,0,0,0,0,0,,,,,false,{},{},{},{},{},{},{},0,3.54,3.704,0,0,0.015,0,0,0,0,0,0,0,0,0,0,0,0,100,0,6.66,10.705,0.077,2.941,0,0,0,11,11,0,321,0,14,2,0,0,1,2400,0.021,0.025,0,ACTIVE,ACTIVE,,4095,4095,0,,true,16,false,0,0,true,2.0146,0.0013,19200,1394,0,,,,,,0,,,0,0,2,1275,1275,0,767562837940,3.817,0,0.028,0,0,1277,1276,2400,true,0,0,0,0,0,0,12,12,19224,0,0,0,0,0,0,0,0,0,0,0,0,0,,0,0,0,0,0,0,0,0,0,0,0,0,0,0,0,0,0,0,,0,0,0,0,0,0,false,
1276,1277,48666,false,145,50,1.436,0,1.28,0,dynamic_visual_atlas_upload,,,cell_indirection_lut,1.205,2400,2400,0,0,-1,-1,,1991.701174,3.013,4.027,4.027,1,8,3,1.5,false,2,8.666,,,,,,,,,,,,,,,,,,,,,,,,,,,,,,,,,,,,,,,,,,0,0,0,0,false,0,0,,0,0,0,0,0,0,0,,,,,false,{},{},{},{},{},{},{},0.001,6.444,6.611,0,0,0.015,0,0,0,0,0,0,0,0,0,0,0,0,100,0,8.251,10.705,0.077,1.625,0,0,0,11,11,0,321,0,14,2,0,0,1,2400,0.021,0.025,0,ACTIVE,ACTIVE,,4095,4095,0,,true,16,false,0,0,true,1.8756,0.0011,19200,1563,0,,,,,,0,,,0,0,2,1276,1276,0,767562858649,7.866,0,0.027,0,0,1278,1277,2400,true,0,0,0,0,0,0,12,12,52824,0,0,0,0,0,0,0,0,0,0,0,0,0,,0,0,0,0,0,0,0,0,0,0,0,0,0,0,0,0,0,0,,0,0,0,0,0,0,false,
1277,1278,48686,false,145,50,2.562,0,2.334,0,dynamic_visual_atlas_upload,,,cell_indirection_lut,1.205,2400,2400,0,0,-1,-1,,1991.701174,3.013,4.027,4.027,1,8,3,1.5,false,2,8.666,,,,,,,,,,,,,,,,,,,,,,,,,,,,,,,,,,,,,,,,,,0,0,0,0,false,0,0,,0,0,0,0,0,0,0,,,,,false,{},{},{},{},{},{},{},0,3.694,3.965,0,0,0.015,0,0,0,0,0,0,0,0,0,0,0,0,100,0,6.416667,10.705,0.077,2.436667,0,0,0,11,11,0,321,0,14,2,0,0,1,2400,0.021,0.025,0,ACTIVE,ACTIVE,,4095,4095,0,,true,16,false,0,0,true,3.4155,0.0018,21600,2279,0,,,,,,0,,,0,0,2,1277,1277,0,767562878016,7.846,0,0.027,0,0,1279,1278,2400,true,0,0,0,0,0,0,12,12,19224,0,0,0,0,0,0,0,0,0,0,0,0,0,,0,0,0,0,0,0,0,0,0,0,0,0,0,0,0,0,0,0,,0,0,0,0,0,0,false,
1278,1279,48704,false,145,50,1.445,0,1.311,0,dynamic_visual_atlas_upload,,,cell_indirection_lut,1.205,2400,2400,0,0,-1,-1,,1991.701174,3.013,4.027,4.027,1,8,3,1.5,false,2,8.666,,,,,,,,,,,,,,,,,,,,,,,,,,,,,,,,,,,,,,,,,,0,0,0,0,false,0,0,,0,0,0,0,0,0,0,,,,,false,{},{},{},{},{},{},{},0,3.012,3.158,0,0,0.011,0,0,0,0,0,0,0,0,0,0,0,0,100,0,6.183667,10.705,0.077,3.014667,0,0,0,11,11,0,321,0,14,2,0,0,1,2400,0.021,0.025,0,ACTIVE,ACTIVE,,4095,4095,0,,true,16,false,0,0,true,1.8133,0.0009,19200,1395,0,,,,,,0,,,0,0,2,1278,1278,0,767562900711,3.595,0,0.027,0,0,1280,1279,2400,true,0,0,0,0,0,0,12,12,21624,0,0,0,0,0,0,0,0,0,0,0,0,0,,0,0,0,0,0,0,0,0,0,0,0,0,0,0,0,0,0,0,,0,0,0,0,0,0,false,
1279,1280,48722,false,145,50,1.453,0,1.299,0,dynamic_visual_atlas_upload,,,cell_indirection_lut,1.205,2400,2400,0,0,-1,-1,,1991.701174,3.013,4.027,4.027,1,8,3,1.5,false,2,8.666,,,,,,,,,,,,,,,,,,,,,,,,,,,,,,,,,,,,,,,,,,0,0,0,0,false,0,0,,0,0,0,0,0,0,0,,,,,false,{},{},{},{},{},{},{},0.001,0,0.179,0,0,0.013,0,0,0,0,0,0,0,0,0,0,0,0,100,0,5.907333,10.705,0.077,5.715333,0,0,0,11,11,0,321,0,14,2,0,0,1,2400,0.021,0.025,0,ACTIVE,ACTIVE,,4095,4095,0,,true,16,false,0,0,true,1.766,0.0009,19200,2278,0,,,,,,0,,,0,0,2,1279,1279,0,767562918867,3.181,0,0.027,0,0,1281,1280,2400,true,0,0,0,0,0,0,12,12,19224,0,0,0,0,0,0,0,0,0,0,0,0,0,,0,0,0,0,0,0,0,0,0,0,0,0,0,0,0,0,0,0,,0,0,0,0,0,0,false,
1280,1281,48738,false,145,50,1.438,0,1.283,0,dynamic_visual_atlas_upload,,,cell_indirection_lut,1.205,2400,2400,0,0,-1,-1,,1991.701174,3.013,4.027,4.027,1,8,3,1.5,false,2,8.666,,,,,,,,,,,,,,,,,,,,,,,,,,,,,,,,,,,,,,,,,,0,0,0,0,false,0,0,,0,0,0,0,0,0,0,,,,,false,{},{},{},{},{},{},{},0,2.777,2.915,0,0,0.01,0,0,0,0,0,0,0,0,0,0,0,0,100,0,8.2655,10.705,0.077,5.3405,0,0,0,11,11,0,321,0,14,2,0,0,1,2400,0.021,0.025,0,ACTIVE,ACTIVE,,4095,4095,0,,true,16,false,0,0,true,1.9609,0.0012,19200,2265,0,,,,,,0,,,0,0,2,1280,1280,0,767562936530,2.033,0,0.027,0,0,1282,1281,2400,true,0,0,0,0,0,0,12,12,19224,0,0,0,0,0,0,0,0,0,0,0,0,0,,0,0,0,0,0,0,0,0,0,0,0,0,0,0,0,0,0,0,,0,0,0,0,0,0,false,
1281,1282,48759,false,145,50,1.397,0,1.263,0,dynamic_visual_atlas_upload,,,cell_indirection_lut,1.205,2400,2400,0,0,-1,-1,,1991.701174,3.013,4.027,4.027,1,8,3,1.5,false,2,8.666,,,,,,,,,,,,,,,,,,,,,,,,,,,,,,,,,,,,,,,,,,0,0,0,0,false,0,0,,0,0,0,0,0,0,0,,,,,false,{},{},{},{},{},{},{},0,2.873,3.019,0,0,0.012,0,0,0,0,0,0,0,0,0,0,0,0,100,0,6.909667,10.705,0.077,3.878667,0,0,0,11,11,0,321,0,14,2,0,0,1,2400,0.021,0.025,0,ACTIVE,ACTIVE,,4095,4095,0,,true,16,false,0,0,true,1.7616,0.001,19200,2278,0,,,,,,0,,,0,0,2,1281,1281,0,767562954745,4.537,0,0.028,0,0,1283,1282,2400,true,0,0,0,0,0,0,12,12,19224,0,0,0,0,0,0,0,0,0,0,0,0,0,,0,0,0,0,0,0,0,0,0,0,0,0,0,0,0,0,0,0,,0,0,0,0,0,0,false,
1282,1283,48780,false,145,50,1.36,0,1.248,0,dynamic_visual_atlas_upload,,,cell_indirection_lut,1.205,2400,2400,0,0,-1,-1,,1991.701174,3.013,4.027,4.027,1,8,3,1.5,false,2,8.666,,,,,,,,,,,,,,,,,,,,,,,,,,,,,,,,,,,,,,,,,,0,0,0,0,false,0,0,,0,0,0,0,0,0,0,,,,,false,{},{},{},{},{},{},{},0,3.432,3.596,0,0,0.015,0,0,0,0,0,0,0,0,0,0,0,0,100,0,7.038,10.705,0.077,3.427,0,0,0,11,11,0,321,0,14,2,0,0,1,2400,0.021,0.025,0,ACTIVE,ACTIVE,,4095,4095,0,,true,16,false,0,0,true,1.8761,0.001,19200,2278,0,,,,,,0,,,0,0,2,1282,1282,0,767562974343,6.061,0,0.028,0,0,1284,1283,2400,true,0,0,0,0,0,0,12,12,19224,0,0,0,0,0,0,0,0,0,0,0,0,0,,0,0,0,0,0,0,0,0,0,0,0,0,0,0,0,0,0,0,,0,0,0,0,0,0,false,
1283,1284,48801,false,145,50,1.478,0,1.327,0,dynamic_visual_atlas_upload,,,cell_indirection_lut,1.205,2400,2400,0,0,-1,-1,,1991.701174,3.013,4.027,4.027,1,8,3,1.5,false,2,8.666,,,,,,,,,,,,,,,,,,,,,,,,,,,,,,,,,,,,,,,,,,0,0,0,0,false,0,0,,0,0,0,0,0,0,0,,,,,false,{},{},{},{},{},{},{},0,3.492,3.634,0,0,0.013,0,0,0,0,0,0,0,0,0,0,0,0,100,0,7.018667,10.705,0.077,3.371667,0,0,0,11,11,0,321,0,14,2,0,0,1,2400,0.021,0.025,0,ACTIVE,ACTIVE,,4095,4095,0,,true,16,false,0,0,true,1.8761,0.001,19200,2278,0,,,,,,0,,,0,0,2,1283,1283,0,767562995796,5.709,0,0.027,0,0,1285,1284,2400,true,0,0,0,0,0,0,12,12,19224,0,0,0,0,0,0,0,0,0,0,0,0,0,,0,0,0,0,0,0,0,0,0,0,0,0,0,0,0,0,0,0,,0,0,0,0,0,0,false,
1284,1285,48823,false,145,50,1.385,0,1.259,0,dynamic_visual_atlas_upload,,,cell_indirection_lut,1.205,2400,2400,0,0,-1,-1,,1991.701174,3.013,4.027,4.027,1,8,3,1.5,false,2,8.666,,,,,,,,,,,,,,,,,,,,,,,,,,,,,,,,,,,,,,,,,,0,0,0,0,false,0,0,,0,0,0,0,0,0,0,,,,,false,{},{},{},{},{},{},{},0,4.696,4.847,0,0,0.014,0,0,0,0,0,0,0,0,0,0,0,0,100,0,7.281667,10.705,0.077,2.420667,0,0,0,11,11,0,321,0,14,2,0,0,1,2400,0.021,0.025,0,ACTIVE,ACTIVE,,4095,4095,0,,true,16,false,0,0,true,1.8022,0.0009,19200,2280,0,,,,,,0,,,0,0,2,1284,1284,0,767563018240,5.069,0,0.028,0,0,1286,1285,2400,true,0,0,0,0,0,0,12,12,62424,0,0,0,0,0,0,0,0,0,0,0,0,0,,0,0,0,0,0,0,0,0,0,0,0,0,0,0,0,0,0,0,,0,0,0,0,0,0,false,
1285,1286,48843,false,145,50,1.451,0,1.3,0,dynamic_visual_atlas_upload,,,cell_indirection_lut,1.205,2400,2400,0,0,-1,-1,,1991.701174,3.013,4.027,4.027,1,8,3,1.5,false,2,8.666,,,,,,,,,,,,,,,,,,,,,,,,,,,,,,,,,,,,,,,,,,0,0,0,0,false,0,0,,0,0,0,0,0,0,0,,,,,false,{},{},{},{},{},{},{},0,3.402,3.576,0,0,0.018,0,0,0,0,0,0,0,0,0,0,0,0,100,0,6.576,10.705,0.077,2.982,0,0,0,11,11,0,321,0,14,2,0,0,1,2400,0.021,0.025,0,ACTIVE,ACTIVE,,4095,4095,0,,true,16,false,0,0,true,1.8435,0.0009,19200,1482,0,,,,,,0,,,0,0,2,1285,1285,0,767563038068,4.97,0,0.027,0,0,1287,1286,2400,true,0,0,0,0,0,0,12,12,19224,0,0,0,0,0,0,0,0,0,0,0,0,0,,0,0,0,0,0,0,0,0,0,0,0,0,0,0,0,0,0,0,,0,0,0,0,0,0,false,
1286,1287,48863,false,145,50,1.377,0,1.26,0,dynamic_visual_atlas_upload,,,cell_indirection_lut,1.205,2400,2400,0,0,-1,-1,,1991.701174,3.013,4.027,4.027,1,8,3,1.5,false,2,8.666,,,,,,,,,,,,,,,,,,,,,,,,,,,,,,,,,,,,,,,,,,0,0,0,0,false,0,0,,0,0,0,0,0,0,0,,,,,false,{},{},{},{},{},{},{},0,3.197,3.334,0,0,0.009,0,0,0,0,0,0,0,0,0,0,0,0,100,0,6.578,10.705,0.077,3.235,0,0,0,11,11,0,321,0,14,2,0,0,1,2400,0.021,0.025,0,ACTIVE,ACTIVE,,4095,4095,0,,true,16,false,0,0,true,1.8444,0.001,19200,2278,0,,,,,,0,,,0,0,2,1286,1286,0,767563057500,5.254,0,0.026,0,0,1288,1287,2400,true,0,0,0,0,0,0,12,12,19224,0,0,0,0,0,0,0,0,0,0,0,0,0,,0,0,0,0,0,0,0,0,0,0,0,0,0,0,0,0,0,0,,0,0,0,0,0,0,false,
1287,1288,48884,false,145,50,1.429,0,1.29,0,dynamic_visual_atlas_upload,,,cell_indirection_lut,1.205,2400,2400,0,0,-1,-1,,1991.701174,3.013,4.027,4.027,1,8,3,1.5,false,2,8.666,,,,,,,,,,,,,,,,,,,,,,,,,,,,,,,,,,,,,,,,,,0,0,0,0,false,0,0,,0,0,0,0,0,0,0,,,,,false,{},{},{},{},{},{},{},0,3.664,3.835,0,0,0.013,0,0,0,0,0,0,0,0,0,0,0,0,100,0,7.107667,10.705,0.077,3.259667,0,0,0,11,11,0,321,0,14,2,0,0,1,2400,0.021,0.025,0,ACTIVE,ACTIVE,,4095,4095,0,,true,16,false,0,0,true,1.9597,0.0012,19200,2278,0,,,,,,0,,,0,0,2,1287,1287,0,767563078552,5.547,0,0.031,0,0,1289,1288,2400,true,0,0,0,0,0,0,12,12,19224,0,0,0,0,0,0,0,0,0,0,0,0,0,,0,0,0,0,0,0,0,0,0,0,0,0,0,0,0,0,0,0,,0,0,0,0,0,0,false,
1288,1289,48904,false,145,50,1.454,0,1.309,0,dynamic_visual_atlas_upload,,,cell_indirection_lut,1.205,2400,2400,0,0,-1,-1,,1991.701174,3.013,4.027,4.027,1,8,3,1.5,false,2,8.666,,,,,,,,,,,,,,,,,,,,,,,,,,,,,,,,,,,,,,,,,,0,0,0,0,false,0,0,,0,0,0,0,0,0,0,,,,,false,{},{},{},{},{},{},{},0,3.109,3.285,0,0,0.017,0,0,0,0,0,0,0,0,0,0,0,0,100,0,6.865333,10.705,0.077,3.563333,0,0,0,11,11,0,321,0,14,2,0,0,1,2400,0.021,0.025,0,ACTIVE,ACTIVE,,4095,4095,0,,true,16,false,0,0,true,1.835,0.0012,19200,1427,0,,,,,,0,,,0,0,2,1288,1288,0,767563099314,5.379,0,0.032,0,0,1290,1289,2400,true,0,0,0,0,0,0,12,12,19224,0,0,0,0,0,0,0,0,0,0,0,0,0,,0,0,0,0,0,0,0,0,0,0,0,0,0,0,0,0,0,0,,0,0,0,0,0,0,false,
1289,1290,48922,false,145,50,1.486,0,1.289,0,dynamic_visual_atlas_upload,,,cell_indirection_lut,1.205,2400,2400,0,0,-1,-1,,1991.701174,3.013,4.027,4.027,1,8,3,1.5,false,2,8.666,,,,,,,,,,,,,,,,,,,,,,,,,,,,,,,,,,,,,,,,,,0,0,0,0,false,0,0,,0,0,0,0,0,0,0,,,,,false,{},{},{},{},{},{},{},0,0,0.254,0,0,0.016,0,0,0,0,0,0,0,0,0,0,0,0,100,0,5.903333,10.705,0.077,5.633333,0,0,0,11,11,0,321,0,14,2,0,0,1,2400,0.021,0.025,0,ACTIVE,ACTIVE,,4095,4095,0,,true,16,false,0,0,true,2.4264,0.002,21600,2279,0,,,,,,0,,,0,0,2,1289,1289,0,767563119186,3.23,0,0.028,0,0,1291,1290,2400,true,0,0,0,0,0,0,12,12,19224,0,0,0,0,0,0,0,0,0,0,0,0,0,,0,0,0,0,0,0,0,0,0,0,0,0,0,0,0,0,0,0,,0,0,0,0,0,0,false,
1290,1291,48943,false,145,50,1.554,0,1.34,0,dynamic_visual_atlas_upload,,,cell_indirection_lut,1.205,2400,2400,0,0,-1,-1,,1991.701174,3.013,4.027,4.027,1,8,3,1.5,false,2,8.666,,,,,,,,,,,,,,,,,,,,,,,,,,,,,,,,,,,,,,,,,,0,0,0,0,false,0,0,,0,0,0,0,0,0,0,,,,,false,{},{},{},{},{},{},{},0,0,0.25,0,0,0.016,0,0,0,0,0,0,0,0,0,0,0,0,100,0,6.978667,10.705,0.077,6.712667,0,0,0,11,11,0,321,0,14,2,0,0,1,2400,0.021,0.025,0,ACTIVE,ACTIVE,,4095,4095,0,,true,16,false,0,0,true,2.4501,0.0015,19200,2264,0,,,,,,0,,,0,0,2,1290,1290,0,767563138529,4.839,0,0.036,0,0,1292,1291,2400,true,0,0,0,0,0,0,12,12,21624,0,0,0,0,0,0,0,0,0,0,0,0,0,,0,0,0,0,0,0,0,0,0,0,0,0,0,0,0,0,0,0,,0,0,0,0,0,0,false,
1291,1292,48960,false,145,50,1.478,0,1.297,0,dynamic_visual_atlas_upload,,,cell_indirection_lut,1.205,2400,2400,0,0,-1,-1,,1991.701174,3.013,4.027,4.027,1,8,3,1.5,false,2,8.666,,,,,,,,,,,,,,,,,,,,,,,,,,,,,,,,,,,,,,,,,,0,0,0,0,false,0,0,,0,0,0,0,0,0,0,,,,,false,{},{},{},{},{},{},{},0,3.716,3.904,0,0,0.016,0,0,0,0,0,0,0,0,0,0,0,0,100,0,8.588,10.705,0.077,4.668,0,0,0,11,11,0,321,0,14,2,0,0,1,2400,0.021,0.025,0,ACTIVE,ACTIVE,,4095,4095,0,,true,16,false,0,0,true,2.5762,0.0016,52800,2280,0,,,,,,0,,,0,0,2,1291,1291,0,767563157144,3.388,0,0.028,0,0,1293,1292,2400,true,0,0,0,0,0,0,12,12,19224,0,0,0,0,0,0,0,0,0,0,0,0,0,,0,0,0,0,0,0,0,0,0,0,0,0,0,0,0,0,0,0,,0,0,0,0,0,0,false,
1292,1293,48980,false,145,50,1.377,0,1.226,0,dynamic_visual_atlas_upload,,,cell_indirection_lut,1.205,2400,2400,0,0,-1,-1,,1991.701174,3.013,4.027,4.027,1,8,3,1.5,false,2,8.666,,,,,,,,,,,,,,,,,,,,,,,,,,,,,,,,,,,,,,,,,,0,0,0,0,false,0,0,,0,0,0,0,0,0,0,,,,,false,{},{},{},{},{},{},{},0,3.038,3.218,0,0,0.016,0,0,0,0,0,0,0,0,0,0,0,0,100,0,6.645333,10.705,0.077,3.411333,0,0,0,11,11,0,321,0,14,2,0,0,1,2400,0.021,0.025,0,ACTIVE,ACTIVE,,4095,4095,0,,true,16,false,0,0,true,1.8932,0.0011,19200,2265,0,,,,,,0,,,0,0,2,1292,1292,0,767563176655,3.788,0,0.029,0,0,1294,1293,2400,true,0,0,0,0,0,0,12,12,52824,0,0,0,0,0,0,0,0,0,0,0,0,0,,0,0,0,0,0,0,0,0,0,0,0,0,0,0,0,0,0,0,,0,0,0,0,0,0,false,
1293,1294,49002,false,145,50,1.598,0,1.389,0,dynamic_visual_atlas_upload,,,cell_indirection_lut,1.205,2400,2400,0,0,-1,-1,,1991.701174,3.013,4.027,4.027,1,8,3,1.5,false,2,8.666,,,,,,,,,,,,,,,,,,,,,,,,,,,,,,,,,,,,,,,,,,0,0,0,0,false,0,0,,0,0,0,0,0,0,0,,,,,false,{},{},{},{},{},{},{},0,3.737,3.924,0,0,0.019,0,0,0,0,0,0,0,0,0,0,0,0,100,0,7.221,10.705,0.077,3.278,0,0,0,11,11,0,321,0,14,2,0,0,1,2400,0.021,0.025,0,ACTIVE,ACTIVE,,4095,4095,0,,true,16,false,0,0,true,2.067,0.0012,19200,2279,0,,,,,,0,,,0,0,2,1293,1293,0,767563195452,6.702,0,0.027,0,0,1295,1294,2400,true,0,0,0,0,0,0,12,12,19224,0,0,0,0,0,0,0,0,0,0,0,0,0,,0,0,0,0,0,0,0,0,0,0,0,0,0,0,0,0,0,0,,0,0,0,0,0,0,false,
1294,1295,49022,false,145,50,1.551,0,1.337,0,dynamic_visual_atlas_upload,,,cell_indirection_lut,1.205,2400,2400,0,0,-1,-1,,1991.701174,3.013,4.027,4.027,1,8,3,1.5,false,2,8.666,,,,,,,,,,,,,,,,,,,,,,,,,,,,,,,,,,,,,,,,,,0,0,0,0,false,0,0,,0,0,0,0,0,0,0,,,,,false,{},{},{},{},{},{},{},0,3.374,3.563,0,0,0.018,0,0,0,0,0,0,0,0,0,0,0,0,100,0,6.812667,10.591,0.101,3.231667,0,0,0,11,11,0,321,0,14,2,0,0,1,2400,0.021,0.025,0,ACTIVE,ACTIVE,,4095,4095,0,,true,16,false,0,0,true,1.9417,0.0011,19200,1427,0,,,,,,0,,,0,0,2,1294,1294,0,767563217436,5.146,0,0.03,0,0,1296,1295,2400,true,0,0,0,0,0,0,12,12,19224,0,0,0,0,0,0,0,0,0,0,0,0,0,,0,0,0,0,0,0,0,0,0,0,0,0,0,0,0,0,0,0,,0,0,0,0,0,0,false,
1295,1296,49043,false,145,50,1.496,0,1.314,0,dynamic_visual_atlas_upload,,,cell_indirection_lut,1.205,2400,2400,0,0,-1,-1,,1991.701174,3.013,4.027,4.027,1,8,3,1.5,false,2,8.666,,,,,,,,,,,,,,,,,,,,,,,,,,,,,,,,,,,,,,,,,,0,0,0,0,false,0,0,,0,0,0,0,0,0,0,,,,,false,{},{},{},{},{},{},{},0,3.368,3.558,0,0,0.019,0,0,0,0,0,0,0,0,0,0,0,0,100,0,6.853,10.591,0.101,3.276,0,0,0,11,11,0,321,0,14,2,0,0,1,2400,0.021,0.025,0,ACTIVE,ACTIVE,,4095,4095,0,,true,16,false,0,0,true,2.8139,0.0013,21600,2279,0,,,,,,0,,,0,0,2,1295,1295,0,767563238086,5.042,0,0.029,0,0,1297,1296,2400,true,0,0,0,0,0,0,12,12,19224,0,0,0,0,0,0,0,0,0,0,0,0,0,,0,0,0,0,0,0,0,0,0,0,0,0,0,0,0,0,0,0,,0,0,0,0,0,0,false,
1296,1297,49063,false,145,50,1.518,0,1.338,0,dynamic_visual_atlas_upload,,,cell_indirection_lut,1.205,2400,2400,0,0,-1,-1,,1991.701174,3.013,4.027,4.027,1,8,3,1.5,false,2,8.666,,,,,,,,,,,,,,,,,,,,,,,,,,,,,,,,,,,,,,,,,,0,0,0,0,false,0,0,,0,0,0,0,0,0,0,,,,,false,{},{},{},{},{},{},{},0.001,3.281,3.466,0,0,0.017,0,0,0,0,0,0,0,0,0,0,0,0,100,0,6.854667,10.591,0.101,3.371667,0,0,0,11,11,0,321,0,14,2,0,0,1,2400,0.021,0.025,0,ACTIVE,ACTIVE,,4095,4095,0,,true,16,false,0,0,true,1.9379,0.0013,19200,1442,0,,,,,,0,,,0,0,2,1296,1296,0,767563259764,3.933,0,0.028,0,0,1298,1297,2400,true,0,0,0,0,0,0,12,12,21624,0,0,0,0,0,0,0,0,0,0,0,0,0,,0,0,0,0,0,0,0,0,0,0,0,0,0,0,0,0,0,0,,0,0,0,0,0,0,false,
1297,1298,49087,false,145,50,2.876,0,2.404,0,dynamic_visual_atlas_upload,,,cell_indirection_lut,1.205,2400,2400,0,0,-1,-1,,1991.701174,3.013,4.027,4.027,1,8,3,1.5,false,2,8.666,,,,,,,,,,,,,,,,,,,,,,,,,,,,,,,,,,,,,,,,,,0,0,0,0,false,0,0,,0,0,0,0,0,0,0,,,,,false,{},{},{},{},{},{},{},0,3.981,4.309,0,0,0.016,0,0,0,0,0,0,0,0,0,0,0,0,100,0,7.818,10.591,0.101,3.493,0,0,0,11,11,0,321,0,14,2,0,0,1,2400,0.021,0.025,0,ACTIVE,ACTIVE,,4095,4095,0,,true,16,false,0,0,true,2.3102,0.0021,19200,2279,0,,,,,,0,,,0,0,2,1297,1297,0,767563279328,8.048,0,0.031,0,0,1299,1298,2400,true,0,0,0,0,0,0,12,12,19224,0,0,0,0,0,0,0,0,0,0,0,0,0,,0,0,0,0,0,0,0,0,0,0,0,0,0,0,0,0,0,0,,0,0,0,0,0,0,false,
1298,1299,49107,false,145,50,1.849,0,1.506,0,dynamic_visual_atlas_upload,,,cell_indirection_lut,1.205,2400,2400,0,0,-1,-1,,1991.701174,3.013,4.027,4.027,1,8,3,1.5,false,2,8.666,,,,,,,,,,,,,,,,,,,,,,,,,,,,,,,,,,,,,,,,,,0,0,0,0,false,0,0,,0,0,0,0,0,0,0,,,,,false,{},{},{},{},{},{},{},0.001,4.713,4.912,0,0,0.03,0,0,0,0,0,0,0,0,0,0,0,0,100,0,6.707333,10.591,0.101,1.765333,0,0,0,11,11,0,321,0,14,2,0,0,1,2400,0.021,0.025,0,ACTIVE,ACTIVE,,4095,4095,0,,true,16,false,0,0,true,2.0154,0.0015,19200,1459,0,,,,,,0,,,0,0,2,1298,1298,0,767563303775,3.803,0,0.052,0,0,1300,1299,2400,true,0,0,0,0,0,0,12,12,19224,0,0,0,0,0,0,0,0,0,0,0,0,0,,0,0,0,0,0,0,0,0,0,0,0,0,0,0,0,0,0,0,,0,0,0,0,0,0,false,
1299,1300,49140,false,145,50,1.648,0,1.424,0,dynamic_visual_atlas_upload,,,cell_indirection_lut,1.205,2400,2400,0,0,-1,-1,,1991.701174,3.013,4.027,4.027,1,8,3,1.5,false,2,8.666,,,,,,,,,,,,,,,,,,,,,,,,,,,,,,,,,,,,,,,,,,0,0,0,0,false,0,0,,0,0,0,0,0,0,0,,,,,false,{},{},{},{},{},{},{},0,3.642,3.834,0,0,0.019,0,0,0,0,0,0,0,0,0,0,0,0,100,0,6.5894,10.591,0.101,2.7364,0,0,0,11,11,0,321,0,14,2,0,0,1,2400,0.021,0.025,0,ACTIVE,ACTIVE,,4095,4095,0,,true,16,false,0,0,true,2.7759,0.0024,52800,2280,0,,,,,,0,,,0,0,2,1299,1299,0,767563329234,11.007,0,0.05,0,0,1302,1301,2400,true,0,0,0,0,0,0,12,12,19224,0,0,0,0,0,0,0,0,0,0,0,0,0,,0,0,0,0,0,0,0,0,0,0,0,0,0,0,0,0,0,0,,0,0,0,0,0,0,false,
1300,1301,49161,false,145,50,1.505,0,1.352,0,dynamic_visual_atlas_upload,,,cell_indirection_lut,1.205,2400,2400,0,0,-1,-1,,1991.701174,3.013,4.027,4.027,1,8,3,1.5,false,2,8.666,,,,,,,,,,,,,,,,,,,,,,,,,,,,,,,,,,,,,,,,,,0,0,0,0,false,0,0,,0,0,0,0,0,0,0,,,,,false,{},{},{},{},{},{},{},0.001,4.547,4.751,0,0,0.014,0,0,0,0,0,0,0,0,0,0,0,0,100,0,7.005667,10.591,0.101,2.240667,0,0,0,11,11,0,321,0,14,2,0,0,1,2400,0.021,0.025,0,ACTIVE,ACTIVE,,4095,4095,0,,true,16,false,0,0,true,1.8295,0.0009,19200,2280,0,,,,,,0,,,0,0,2,1300,1300,0,767563351558,9.747,0,0.031,0,0,1303,1302,2400,true,0,0,0,0,0,0,12,12,52824,0,0,0,0,0,0,0,0,0,0,0,0,0,,0,0,0,0,0,0,0,0,0,0,0,0,0,0,0,0,0,0,,0,0,0,0,0,0,false,
1301,1302,49181,false,145,50,1.509,0,1.351,0,dynamic_visual_atlas_upload,,,cell_indirection_lut,1.205,2400,2400,0,0,-1,-1,,1991.701174,3.013,4.027,4.027,1,8,3,1.5,false,2,8.666,,,,,,,,,,,,,,,,,,,,,,,,,,,,,,,,,,,,,,,,,,0,0,0,0,false,0,0,,0,0,0,0,0,0,0,,,,,false,{},{},{},{},{},{},{},0,3.641,3.839,0,0,0.017,0,0,0,0,0,0,0,0,0,0,0,0,100,0,6.608667,10.591,0.101,2.752667,0,0,0,11,11,0,321,0,14,2,0,0,1,2400,0.021,0.025,0,ACTIVE,ACTIVE,,4095,4095,0,,true,16,false,0,0,true,2.669,0.0019,21600,2279,0,,,,,,0,,,0,0,2,1301,1301,0,767563371055,10.034,0,0.031,0,0,1304,1303,2400,true,0,0,0,0,0,0,12,12,19224,0,0,0,0,0,0,0,0,0,0,0,0,0,,0,0,0,0,0,0,0,0,0,0,0,0,0,0,0,0,0,0,,0,0,0,0,0,0,false,
1302,1303,49201,false,145,50,1.477,0,1.33,0,dynamic_visual_atlas_upload,,,cell_indirection_lut,1.205,2400,2400,0,0,-1,-1,,1991.701174,3.013,4.027,4.027,1,8,3,1.5,false,2,8.666,,,,,,,,,,,,,,,,,,,,,,,,,,,,,,,,,,,,,,,,,,0,0,0,0,false,0,0,,0,0,0,0,0,0,0,,,,,false,{},{},{},{},{},{},{},0,3.574,3.767,0,0,0.017,0,0,0,0,0,0,0,0,0,0,0,0,100,0,6.874667,10.591,0.101,3.090667,0,0,0,11,11,0,321,0,14,2,0,0,1,2400,0.021,0.025,0,ACTIVE,ACTIVE,,4095,4095,0,,true,16,false,0,0,true,2.0114,0.0012,19200,2278,0,,,,,,0,,,0,0,2,1302,1302,0,767563391801,9.929,0,0.033,0,0,1305,1304,2400,true,0,0,0,0,0,0,12,12,21624,0,0,0,0,0,0,0,0,0,0,0,0,0,,0,0,0,0,0,0,0,0,0,0,0,0,0,0,0,0,0,0,,0,0,0,0,0,0,false,
1303,1304,49222,false,145,50,1.45,0,1.313,0,dynamic_visual_atlas_upload,,,cell_indirection_lut,1.205,2400,2400,0,0,-1,-1,,1991.701174,3.013,4.027,4.027,1,8,3,1.5,false,2,8.666,,,,,,,,,,,,,,,,,,,,,,,,,,,,,,,,,,,,,,,,,,0,0,0,0,false,0,0,,0,0,0,0,0,0,0,,,,,false,{},{},{},{},{},{},{},0,3.677,3.867,0,0,0.017,0,0,0,0,0,0,0,0,0,0,0,0,100,0,6.968667,10.591,0.101,3.084667,0,0,0,11,11,0,321,0,14,2,0,0,1,2400,0.021,0.025,0,ACTIVE,ACTIVE,,4095,4095,0,,true,16,false,0,0,true,2.0444,0.0015,19200,2278,0,,,,,,0,,,0,0,2,1303,1303,0,767563411521,11.081,0,0.051,0,0,1306,1305,2400,true,0,0,0,0,0,0,12,12,19224,0,0,0,0,0,0,0,0,0,0,0,0,0,,0,0,0,0,0,0,0,0,0,0,0,0,0,0,0,0,0,0,,0,0,0,0,0,0,false,
1304,1305,49243,false,145,50,1.582,0,1.327,0,dynamic_visual_atlas_upload,,,cell_indirection_lut,1.205,2400,2400,0,0,-1,-1,,1991.701174,3.013,4.027,4.027,1,8,3,1.5,false,2,8.666,,,,,,,,,,,,,,,,,,,,,,,,,,,,,,,,,,,,,,,,,,0,0,0,0,false,0,0,,0,0,0,0,0,0,0,,,,,false,{},{},{},{},{},{},{},0,3.947,4.208,0,0,0.018,0,0,0,0,0,0,0,0,0,0,0,0,100,0,7.037333,10.591,0.101,2.811333,0,0,0,11,11,0,321,0,14,2,0,0,1,2400,0.021,0.025,0,ACTIVE,ACTIVE,,4095,4095,0,,true,16,false,0,0,true,1.9267,0.0013,19200,2278,0,,,,,,0,,,0,0,2,1304,1304,0,767563430859,12.83,0,0.028,0,0,1307,1306,2400,true,0,0,0,0,0,0,12,12,19224,0,0,0,0,0,0,0,0,0,0,0,0,0,,0,0,0,0,0,0,0,0,0,0,0,0,0,0,0,0,0,0,,0,0,0,0,0,0,false,
1305,1306,49266,false,145,50,1.889,0,1.649,0,dynamic_visual_atlas_upload,,,cell_indirection_lut,1.205,2400,2400,0,0,-1,-1,,1991.701174,3.013,4.027,4.027,1,8,3,1.5,false,2,8.666,,,,,,,,,,,,,,,,,,,,,,,,,,,,,,,,,,,,,,,,,,0,0,0,0,false,0,0,,0,0,0,0,0,0,0,,,,,false,{},{},{},{},{},{},{},0,5.405,5.624,0,0,0.019,0,0,0,0,0,0,0,0,0,0,0,0,100,0,7.474333,10.591,0.101,1.831333,0,0,0,11,11,0,321,0,14,2,0,0,1,2400,0.021,0.025,0,ACTIVE,ACTIVE,,4095,4095,0,,true,16,false,0,0,true,1.9043,0.0017,19200,2278,0,,,,,,0,,,0,0,2,1305,1305,0,767563452153,13.982,0,0.042,0,0,1308,1307,2400,true,0,0,0,0,0,0,12,12,19224,0,0,0,0,0,0,0,0,0,0,0,0,0,,0,0,0,0,0,0,0,0,0,0,0,0,0,0,0,0,0,0,,0,0,0,0,0,0,false,
1306,1307,49351,false,145,50,1.579,0,1.377,0,dynamic_visual_atlas_upload,,,cell_indirection_lut,1.205,2400,2400,0,0,-1,-1,,1991.701174,3.013,4.027,4.027,1,8,3,1.5,false,2,8.666,,,,,,,,,,,,,,,,,,,,,,,,,,,,,,,,,,,,,,,,,,0,0,0,0,false,0,0,,0,0,0,0,0,0,0,,,,,false,{},{},{},{},{},{},{},0,69.252,69.44,0,0,0.014,0,0,0,0,0,0,0,0,0,0,0,0,100,0,28.289,10.591,0.101,0,0,0,0,11,11,0,321,0,14,2,0,0,1,2400,0.021,0.025,0,ACTIVE,ACTIVE,,4095,4095,0,,true,16,false,0,0,true,3.6787,0.0018,55200,2280,0,,,,,,0,,,0,0,3,1308,1308,0,767563513466,37.532,0,0.03,0,0,1309,1308,2400,true,0,0,0,0,0,0,12,12,55224,0,0,0,0,0,0,0,0,0,0,0,0,0,,0,0,0,0,0,0,0,0,0,0,0,0,0,0,0,0,0,0,,0,0,0,0,0,0,false,
1307,1308,49379,false,145,50,1.493,0,1.334,0,dynamic_visual_atlas_upload,,,cell_indirection_lut,1.205,2400,2400,0,0,-1,-1,,1991.701174,3.013,4.027,4.027,1,8,3,1.5,false,2,8.666,,,,,,,,,,,,,,,,,,,,,,,,,,,,,,,,,,,,,,,,,,0,0,0,0,false,0,0,,0,0,0,0,0,0,0,,,,,false,{},{},{},{},{},{},{},0,3.21,3.391,0,0,0.016,0,0,0,0,0,0,0,0,0,0,0,0,100,0,5.6692,10.591,0.101,2.2622,0,0,0,11,11,0,321,0,14,2,0,0,1,2400,0.021,0.025,0,ACTIVE,ACTIVE,,4095,4095,0,,true,16,false,0,0,true,1.9626,0.001,19200,1447,0,,,,,,0,,,0,0,2,1309,1309,0,767563575578,3.766,0,0.03,0,0,1311,1310,2400,true,0,0,0,0,0,0,12,12,19224,0,0,0,0,0,0,0,0,0,0,0,0,0,,0,0,0,0,0,0,0,0,0,0,0,0,0,0,0,0,0,0,,0,0,0,0,0,0,false,
1308,1309,49400,false,145,50,1.63,0,1.42,0,dynamic_visual_atlas_upload,,,cell_indirection_lut,1.205,2400,2400,0,0,-1,-1,,1991.701174,3.013,4.027,4.027,1,8,3,1.5,false,2,8.666,,,,,,,,,,,,,,,,,,,,,,,,,,,,,,,,,,,,,,,,,,0,0,0,0,false,0,0,,0,0,0,0,0,0,0,,,,,false,{},{},{},{},{},{},{},0,3.926,4.112,0,0,0.018,0,0,0,0,0,0,0,0,0,0,0,0,100,0,7.090667,10.591,0.101,2.960667,0,0,0,11,11,0,321,0,14,2,0,0,1,2400,0.021,0.025,0,ACTIVE,ACTIVE,,4095,4095,0,,true,16,false,0,0,true,2.3419,0.0015,19200,2278,0,,,,,,0,,,0,0,2,1310,1310,0,767563594225,6.435,0,0.028,0,0,1312,1311,2400,true,0,0,0,0,0,0,12,12,19224,0,0,0,0,0,0,0,0,0,0,0,0,0,,0,0,0,0,0,0,0,0,0,0,0,0,0,0,0,0,0,0,,0,0,0,0,0,0,false,
1309,1310,49424,false,145,50,1.572,0,1.375,0,dynamic_visual_atlas_upload,,,cell_indirection_lut,1.205,2400,2400,0,0,-1,-1,,1991.701174,3.013,4.027,4.027,1,8,3,1.5,false,2,8.666,,,,,,,,,,,,,,,,,,,,,,,,,,,,,,,,,,,,,,,,,,0,0,0,0,false,0,0,,0,0,0,0,0,0,0,,,,,false,{},{},{},{},{},{},{},0,0,0.244,0,0,0.027,0,0,0,0,0,0,0,0,0,0,0,0,100,0,5.99525,10.591,0.101,5.72425,0,0,0,11,11,0,321,0,14,2,0,0,1,2400,0.021,0.025,0,ACTIVE,ACTIVE,,4095,4095,0,,true,16,false,0,0,true,2.0372,0.0011,19200,2262,0,,,,,,0,,,0,0,2,1311,1311,0,767563621452,3.152,0,0.037,0,0,1313,1312,2400,true,0,0,0,0,0,0,12,12,19224,0,0,0,0,0,0,0,0,0,0,0,0,0,,0,0,0,0,0,0,0,0,0,0,0,0,0,0,0,0,0,0,,0,0,0,0,0,0,false,
1310,1311,49445,false,145,50,1.434,0,1.283,0,dynamic_visual_atlas_upload,,,cell_indirection_lut,1.205,2400,2400,0,0,-1,-1,,1991.701174,3.013,4.027,4.027,1,8,3,1.5,false,2,8.666,,,,,,,,,,,,,,,,,,,,,,,,,,,,,,,,,,,,,,,,,,0,0,0,0,false,0,0,,0,0,0,0,0,0,0,,,,,false,{},{},{},{},{},{},{},0,0,0.219,0,0,0.014,0,0,0,0,0,0,0,0,0,0,0,0,100,0,6.816333,10.591,0.101,6.583333,0,0,0,11,11,0,321,0,14,2,0,0,1,2400,0.021,0.025,0,ACTIVE,ACTIVE,,4095,4095,0,,true,16,false,0,0,true,2.4529,0.0017,19200,2276,0,,,,,,0,,,0,0,2,1312,1312,0,767563641012,4.013,0,0.03,0,0,1314,1313,2400,true,0,0,0,0,0,0,12,12,19224,0,0,0,0,0,0,0,0,0,0,0,0,0,,0,0,0,0,0,0,0,0,0,0,0,0,0,0,0,0,0,0,,0,0,0,0,0,0,false,
1311,1312,49467,false,145,50,2.317,0,2.126,0,dynamic_visual_atlas_upload,,,cell_indirection_lut,1.205,2400,2400,0,0,-1,-1,,1991.701174,3.013,4.027,4.027,1,8,3,1.5,false,2,8.666,,,,,,,,,,,,,,,,,,,,,,,,,,,,,,,,,,,,,,,,,,0,0,0,0,false,0,0,,0,0,0,0,0,0,0,,,,,false,{},{},{},{},{},{},{},0,0.001,0.259,0,0,0.031,0,0,0,0,0,0,0,0,0,0,0,0,100,0,7.416667,10.591,0.101,7.126667,0,0,0,11,11,0,321,0,14,2,0,0,1,2400,0.021,0.025,0,ACTIVE,ACTIVE,,4095,4095,0,,true,16,false,0,0,true,2.4707,0.0013,21600,2277,0,,,,,,0,,,0,0,2,1313,1313,0,767563660889,6.393,0,0.027,0,0,1315,1314,2400,true,0,0,0,0,0,0,12,12,19224,0,0,0,0,0,0,0,0,0,0,0,0,0,,0,0,0,0,0,0,0,0,0,0,0,0,0,0,0,0,0,0,,0,0,0,0,0,0,false,
1312,1313,49483,false,145,50,1.525,0,1.344,0,dynamic_visual_atlas_upload,,,cell_indirection_lut,1.205,2400,2400,0,0,-1,-1,,1991.701174,3.013,4.027,4.027,1,8,3,1.5,false,2,8.666,,,,,,,,,,,,,,,,,,,,,,,,,,,,,,,,,,,,,,,,,,0,0,0,0,false,0,0,,0,0,0,0,0,0,0,,,,,false,{},{},{},{},{},{},{},0,3.215,3.384,0,0,0.011,0,0,0,0,0,0,0,0,0,0,0,0,100,0,7.734,10.591,0.101,4.339,0,0,0,11,11,0,321,0,14,2,0,0,1,2400,0.021,0.025,0,ACTIVE,ACTIVE,,4095,4095,0,,true,16,false,0,0,true,1.9526,0.0012,19200,2276,0,,,,,,0,,,0,0,2,1314,1314,0,767563679631,3.121,0,0.03,0,0,1316,1315,2400,true,0,0,0,0,0,0,12,12,21624,0,0,0,0,0,0,0,0,0,0,0,0,0,,0,0,0,0,0,0,0,0,0,0,0,0,0,0,0,0,0,0,,0,0,0,0,0,0,false,
1313,1314,49504,false,145,50,1.547,0,1.364,0,dynamic_visual_atlas_upload,,,cell_indirection_lut,1.205,2400,2400,0,0,-1,-1,,1991.701174,3.013,4.027,4.027,1,8,3,1.5,false,2,8.666,,,,,,,,,,,,,,,,,,,,,,,,,,,,,,,,,,,,,,,,,,0,0,0,0,false,0,0,,0,0,0,0,0,0,0,,,,,false,{},{},{},{},{},{},{},0,3.96,4.149,0,0,0.017,0,0,0,0,0,0,0,0,0,0,0,0,100,0,7.211333,10.591,0.101,3.045333,0,0,0,11,11,0,321,0,14,2,0,0,1,2400,0.021,0.025,0,ACTIVE,ACTIVE,,4095,4095,0,,true,16,false,0,0,true,2.7566,0.0013,52800,2280,0,,,,,,0,,,0,0,2,1315,1315,0,767563699131,5.26,0,0.028,0,0,1317,1316,2400,true,0,0,0,0,0,0,12,12,19224,0,0,0,0,0,0,0,0,0,0,0,0,0,,0,0,0,0,0,0,0,0,0,0,0,0,0,0,0,0,0,0,,0,0,0,0,0,0,false,
1314,1315,49524,false,145,50,1.447,0,1.296,0,dynamic_visual_atlas_upload,,,cell_indirection_lut,1.205,2400,2400,0,0,-1,-1,,1991.701174,3.013,4.027,4.027,1,8,3,1.5,false,2,8.666,,,,,,,,,,,,,,,,,,,,,,,,,,,,,,,,,,,,,,,,,,0,0,0,0,false,0,0,,0,0,0,0,0,0,0,,,,,false,{},{},{},{},{},{},{},0,3.305,3.495,0,0,0.014,0,0,0,0,0,0,0,0,0,0,0,0,100,0,6.614,10.591,0.101,3.105,0,0,0,11,11,0,321,0,14,2,0,0,1,2400,0.021,0.025,0,ACTIVE,ACTIVE,,4095,4095,0,,true,16,false,0,0,true,2.1967,0.0012,19200,2280,0,,,,,,0,,,0,0,2,1316,1316,0,767563720539,3.677,0,0.028,0,0,1318,1317,2400,true,0,0,0,0,0,0,12,12,52824,0,0,0,0,0,0,0,0,0,0,0,0,0,,0,0,0,0,0,0,0,0,0,0,0,0,0,0,0,0,0,0,,0,0,0,0,0,0,false,
1315,1316,49544,false,145,50,1.455,0,1.308,0,dynamic_visual_atlas_upload,,,cell_indirection_lut,1.205,2400,2400,0,0,-1,-1,,1991.701174,3.013,4.027,4.027,1,8,3,1.5,false,2,8.666,,,,,,,,,,,,,,,,,,,,,,,,,,,,,,,,,,,,,,,,,,0,0,0,0,false,0,0,,0,0,0,0,0,0,0,,,,,false,{},{},{},{},{},{},{},0,3.095,3.25,0,0,0.012,0,0,0,0,0,0,0,0,0,0,0,0,100,0,6.799,10.591,0.101,3.537,0,0,0,11,11,0,321,0,14,2,0,0,1,2400,0.021,0.025,0,ACTIVE,ACTIVE,,4095,4095,0,,true,16,false,0,0,true,1.9277,0.001,19200,2277,0,,,,,,0,,,0,0,2,1317,1317,0,767563739841,4.777,0,0.033,0,0,1319,1318,2400,true,0,0,0,0,0,0,12,12,19224,0,0,0,0,0,0,0,0,0,0,0,0,0,,0,0,0,0,0,0,0,0,0,0,0,0,0,0,0,0,0,0,,0,0,0,0,0,0,false,
1316,1317,49565,false,145,50,1.436,0,1.281,0,dynamic_visual_atlas_upload,,,cell_indirection_lut,1.205,2400,2400,0,0,-1,-1,,1991.701174,3.013,4.027,4.027,1,8,3,1.5,false,2,8.666,,,,,,,,,,,,,,,,,,,,,,,,,,,,,,,,,,,,,,,,,,0,0,0,0,false,0,0,,0,0,0,0,0,0,0,,,,,false,{},{},{},{},{},{},{},0,3.034,3.197,0,0,0.015,0,0,0,0,0,0,0,0,0,0,0,0,100,0,6.879333,10.591,0.101,3.667333,0,0,0,11,11,0,321,0,14,2,0,0,1,2400,0.021,0.025,0,ACTIVE,ACTIVE,,4095,4095,0,,true,16,false,0,0,true,1.8781,0.0013,19200,2277,0,,,,,,0,,,0,0,2,1318,1318,0,767563760198,5.049,0,0.03,0,0,1320,1319,2400,true,0,0,0,0,0,0,12,12,19224,0,0,0,0,0,0,0,0,0,0,0,0,0,,0,0,0,0,0,0,0,0,0,0,0,0,0,0,0,0,0,0,,0,0,0,0,0,0,false,
1317,1318,49586,false,145,50,1.419,0,1.263,0,dynamic_visual_atlas_upload,,,cell_indirection_lut,1.205,2400,2400,0,0,-1,-1,,1991.701174,3.013,4.027,4.027,1,8,3,1.5,false,2,8.666,,,,,,,,,,,,,,,,,,,,,,,,,,,,,,,,,,,,,,,,,,0,0,0,0,false,0,0,,0,0,0,0,0,0,0,,,,,false,{},{},{},{},{},{},{},0,3.638,3.833,0,0,0.017,0,0,0,0,0,0,0,0,0,0,0,0,100,0,7.045,10.591,0.101,3.195,0,0,0,11,11,0,321,0,14,2,0,0,1,2400,0.021,0.025,0,ACTIVE,ACTIVE,,4095,4095,0,,true,16,false,0,0,true,1.8781,0.0013,19200,2277,0,,,,,,0,,,0,0,2,1319,1319,0,767563780058,6.34,0,0.029,0,0,1321,1320,2400,true,0,0,0,0,0,0,12,12,19224,0,0,0,0,0,0,0,0,0,0,0,0,0,,0,0,0,0,0,0,0,0,0,0,0,0,0,0,0,0,0,0,,0,0,0,0,0,0,false,
1318,1319,49606,false,145,50,1.441,0,1.298,0,dynamic_visual_atlas_upload,,,cell_indirection_lut,1.205,2400,2400,0,0,-1,-1,,1991.701174,3.013,4.027,4.027,1,8,3,1.5,false,2,8.666,,,,,,,,,,,,,,,,,,,,,,,,,,,,,,,,,,,,,,,,,,0,0,0,0,false,0,0,,0,0,0,0,0,0,0,,,,,false,{},{},{},{},{},{},{},0,2.988,3.139,0,0,0.013,0,0,0,0,0,0,0,0,0,0,0,0,100,0,6.716333,10.591,0.101,3.564333,0,0,0,11,11,0,321,0,14,2,0,0,1,2400,0.021,0.025,0,ACTIVE,ACTIVE,,4095,4095,0,,true,16,false,0,0,true,1.8421,0.001,19200,1676,0,,,,,,0,,,0,0,2,1320,1320,0,767563802120,4.413,0,0.028,0,0,1322,1321,2400,true,0,0,0,0,0,0,12,12,21624,0,0,0,0,0,0,0,0,0,0,0,0,0,,0,0,0,0,0,0,0,0,0,0,0,0,0,0,0,0,0,0,,0,0,0,0,0,0,false,
1319,1320,49627,false,145,50,1.409,0,1.257,0,dynamic_visual_atlas_upload,,,cell_indirection_lut,1.205,2400,2400,0,0,-1,-1,,1991.701174,3.013,4.027,4.027,1,8,3,1.5,false,2,8.666,,,,,,,,,,,,,,,,,,,,,,,,,,,,,,,,,,,,,,,,,,0,0,0,0,false,0,0,,0,0,0,0,0,0,0,,,,,false,{},{},{},{},{},{},{},0,3.037,3.217,0,0,0.016,0,0,0,0,0,0,0,0,0,0,0,0,100,0,6.945,10.591,0.101,3.712,0,0,0,11,11,0,321,0,14,2,0,0,1,2400,0.021,0.025,0,ACTIVE,ACTIVE,,4095,4095,0,,true,16,false,0,0,true,2.218,0.0011,24000,2276,0,,,,,,0,,,0,0,2,1321,1321,0,767563823026,4.339,0,0.026,0,0,1323,1322,2400,true,0,0,0,0,0,0,12,12,19224,0,0,0,0,0,0,0,0,0,0,0,0,0,,0,0,0,0,0,0,0,0,0,0,0,0,0,0,0,0,0,0,,0,0,0,0,0,0,false,
1320,1321,49649,false,145,50,2.352,0,2.142,0,dynamic_visual_atlas_upload,,,cell_indirection_lut,1.205,2400,2400,0,0,-1,-1,,1991.701174,3.013,4.027,4.027,1,8,3,1.5,false,2,8.666,,,,,,,,,,,,,,,,,,,,,,,,,,,,,,,,,,,,,,,,,,0,0,0,0,false,0,0,,0,0,0,0,0,0,0,,,,,false,{},{},{},{},{},{},{},0,3.054,3.227,0,0,0.015,0,0,0,0,0,0,0,0,0,0,0,0,100,0,7.227,10.591,0.101,3.985,0,0,0,11,11,0,321,0,14,2,0,0,1,2400,0.021,0.025,0,ACTIVE,ACTIVE,,4095,4095,0,,true,16,false,0,0,true,2.3747,0.0019,19200,2264,0,,,,,,0,,,0,0,2,1322,1322,0,767563844105,5.065,0,0.028,0,0,1324,1323,2400,true,0,0,0,0,0,0,12,12,24024,0,0,0,0,0,0,0,0,0,0,0,0,0,,0,0,0,0,0,0,0,0,0,0,0,0,0,0,0,0,0,0,,0,0,0,0,0,0,false,
1321,1322,49669,false,145,50,1.529,0,1.366,0,dynamic_visual_atlas_upload,,,cell_indirection_lut,1.205,2400,2400,0,0,-1,-1,,1991.701174,3.013,4.027,4.027,1,8,3,1.5,false,2,8.666,,,,,,,,,,,,,,,,,,,,,,,,,,,,,,,,,,,,,,,,,,0,0,0,0,false,0,0,,0,0,0,0,0,0,0,,,,,false,{},{},{},{},{},{},{},0,3.634,3.8,0,0,0.014,0,0,0,0,0,0,0,0,0,0,0,0,100,0,6.790333,10.591,0.101,2.976333,0,0,0,11,11,0,321,0,14,2,0,0,1,2400,0.021,0.025,0,ACTIVE,ACTIVE,,4095,4095,0,,true,16,false,0,0,true,2.565,0.0011,52800,2280,0,,,,,,0,,,0,0,2,1323,1323,0,767563863576,5.864,0,0.044,0,0,1325,1324,2400,true,0,0,0,0,0,0,12,12,19224,0,0,0,0,0,0,0,0,0,0,0,0,0,,0,0,0,0,0,0,0,0,0,0,0,0,0,0,0,0,0,0,,0,0,0,0,0,0,false,
1322,1323,49689,false,145,50,1.416,0,1.275,0,dynamic_visual_atlas_upload,,,cell_indirection_lut,1.205,2400,2400,0,0,-1,-1,,1991.701174,3.013,4.027,4.027,1,8,3,1.5,false,2,8.666,,,,,,,,,,,,,,,,,,,,,,,,,,,,,,,,,,,,,,,,,,0,0,0,0,false,0,0,,0,0,0,0,0,0,0,,,,,false,{},{},{},{},{},{},{},0,3.078,3.246,0,0,0.016,0,0,0,0,0,0,0,0,0,0,0,0,100,0,6.698,10.591,0.101,3.436,0,0,0,11,11,0,321,0,14,2,0,0,1,2400,0.021,0.025,0,ACTIVE,ACTIVE,,4095,4095,0,,true,16,false,0,0,true,1.8602,0.001,19200,2280,0,,,,,,0,,,0,0,2,1324,1324,0,767563885671,3.841,0,0.026,0,0,1326,1325,2400,true,0,0,0,0,0,0,12,12,52824,0,0,0,0,0,0,0,0,0,0,0,0,0,,0,0,0,0,0,0,0,0,0,0,0,0,0,0,0,0,0,0,,0,0,0,0,0,0,false,
1323,1324,49710,false,145,50,1.529,0,1.358,0,dynamic_visual_atlas_upload,,,cell_indirection_lut,1.205,2400,2400,0,0,-1,-1,,1991.701174,3.013,4.027,4.027,1,8,3,1.5,false,2,8.666,,,,,,,,,,,,,,,,,,,,,,,,,,,,,,,,,,,,,,,,,,0,0,0,0,false,0,0,,0,0,0,0,0,0,0,,,,,false,{},{},{},{},{},{},{},0,2.975,3.127,0,0,0.012,0,0,0,0,0,0,0,0,0,0,0,0,100,0,6.972333,10.591,0.101,3.833333,0,0,0,11,11,0,321,0,14,2,0,0,1,2400,0.021,0.025,0,ACTIVE,ACTIVE,,4095,4095,0,,true,16,false,0,0,true,1.8602,0.001,19200,2280,0,,,,,,0,,,0,0,2,1325,1325,0,767563905490,4.954,0,0.027,0,0,1327,1326,2400,true,0,0,0,0,0,0,12,12,19224,0,0,0,0,0,0,0,0,0,0,0,0,0,,0,0,0,0,0,0,0,0,0,0,0,0,0,0,0,0,0,0,,0,0,0,0,0,0,false,
1324,1325,49731,false,145,50,1.498,0,1.33,0,dynamic_visual_atlas_upload,,,cell_indirection_lut,1.205,2400,2400,0,0,-1,-1,,1991.701174,3.013,4.027,4.027,1,8,3,1.5,false,2,8.666,,,,,,,,,,,,,,,,,,,,,,,,,,,,,,,,,,,,,,,,,,0,0,0,0,false,0,0,,0,0,0,0,0,0,0,,,,,false,{},{},{},{},{},{},{},0,3.135,3.307,0,0,0.015,0,0,0,0,0,0,0,0,0,0,0,0,100,0,6.94,10.591,0.101,3.618,0,0,0,11,11,0,321,0,14,2,0,0,1,2400,0.021,0.025,0,ACTIVE,ACTIVE,,4095,4095,0,,true,16,false,0,0,true,2.0423,0.0013,19200,2279,0,,,,,,0,,,0,0,2,1326,1326,0,767563927636,3.63,0,0.026,0,0,1328,1327,2400,true,0,0,0,0,0,0,12,12,21624,0,0,0,0,0,0,0,0,0,0,0,0,0,,0,0,0,0,0,0,0,0,0,0,0,0,0,0,0,0,0,0,,0,0,0,0,0,0,false,
1325,1326,49752,false,145,50,1.474,0,1.312,0,dynamic_visual_atlas_upload,,,cell_indirection_lut,1.205,2400,2400,0,0,-1,-1,,1991.701174,3.013,4.027,4.027,1,8,3,1.5,false,2,8.666,,,,,,,,,,,,,,,,,,,,,,,,,,,,,,,,,,,,,,,,,,0,0,0,0,false,0,0,,0,0,0,0,0,0,0,,,,,false,{},{},{},{},{},{},{},0,3.072,3.254,0,0,0.016,0,0,0,0,0,0,0,0,0,0,0,0,100,0,6.825333,10.591,0.101,3.555333,0,0,0,11,11,0,321,0,14,2,0,0,1,2400,0.021,0.025,0,ACTIVE,ACTIVE,,4095,4095,0,,true,16,false,0,0,true,1.983,0.0011,19200,2279,0,,,,,,0,,,0,0,2,1327,1327,0,767563946720,5.013,0,0.028,0,0,1329,1328,2400,true,0,0,0,0,0,0,12,12,19224,0,0,0,0,0,0,0,0,0,0,0,0,0,,0,0,0,0,0,0,0,0,0,0,0,0,0,0,0,0,0,0,,0,0,0,0,0,0,false,
1326,1327,49773,false,145,50,1.502,0,1.351,0,dynamic_visual_atlas_upload,,,cell_indirection_lut,1.205,2400,2400,0,0,-1,-1,,1991.701174,3.013,4.027,4.027,1,8,3,1.5,false,2,8.666,,,,,,,,,,,,,,,,,,,,,,,,,,,,,,,,,,,,,,,,,,0,0,0,0,false,0,0,,0,0,0,0,0,0,0,,,,,false,{},{},{},{},{},{},{},0,3.708,3.873,0,0,0.017,0,0,0,0,0,0,0,0,0,0,0,0,100,0,7.06,10.591,0.101,3.17,0,0,0,11,11,0,321,0,14,2,0,0,1,2400,0.021,0.025,0,ACTIVE,ACTIVE,,4095,4095,0,,true,16,false,0,0,true,2.0674,0.0013,19200,2279,0,,,,,,0,,,0,0,2,1328,1328,0,767563966973,5.926,0,0.027,0,0,1330,1329,2400,true,0,0,0,0,0,0,12,12,19224,0,0,0,0,0,0,0,0,0,0,0,0,0,,0,0,0,0,0,0,0,0,0,0,0,0,0,0,0,0,0,0,,0,0,0,0,0,0,false,
1327,1328,49797,false,145,50,1.517,0,1.324,0,dynamic_visual_atlas_upload,,,cell_indirection_lut,1.205,2400,2400,0,0,-1,-1,,1991.701174,3.013,4.027,4.027,1,8,3,1.5,false,2,8.666,,,,,,,,,,,,,,,,,,,,,,,,,,,,,,,,,,,,,,,,,,0,0,0,0,false,0,0,,0,0,0,0,0,0,0,,,,,false,{},{},{},{},{},{},{},0,0,0.251,0,0,0.016,0,0,0,0,0,0,0,0,0,0,0,0,100,0,6.04575,10.591,0.101,5.77875,0,0,0,11,11,0,321,0,14,2,0,0,1,2400,0.021,0.025,0,ACTIVE,ACTIVE,,4095,4095,0,,true,16,false,0,0,true,1.9563,0.0012,19200,2264,0,,,,,,0,,,0,0,2,1329,1329,0,767563988268,8.847,0,0.032,0,0,1331,1330,2400,true,0,0,0,0,0,0,12,12,19224,0,0,0,0,0,0,0,0,0,0,0,0,0,,0,0,0,0,0,0,0,0,0,0,0,0,0,0,0,0,0,0,,0,0,0,0,0,0,false,
1328,1329,49810,false,145,50,1.433,0,1.267,0,dynamic_visual_atlas_upload,,,cell_indirection_lut,1.205,2400,2400,0,0,-1,-1,,1991.701174,3.013,4.027,4.027,1,8,3,1.5,false,2,8.666,,,,,,,,,,,,,,,,,,,,,,,,,,,,,,,,,,,,,,,,,,0,0,0,0,false,0,0,,0,0,0,0,0,0,0,,,,,false,{},{},{},{},{},{},{},0,0,0.204,0,0,0.015,0,0,0,0,0,0,0,0,0,0,0,0,100,0,6.7765,10.591,0.101,6.5575,0,0,0,11,11,0,321,0,14,2,0,0,1,2400,0.021,0.025,0,ACTIVE,ACTIVE,,4095,4095,0,,true,16,false,0,0,true,1.8107,0.0009,19200,2279,0,,,,,,0,,,0,0,2,1330,1330,0,767564006399,4.25,0,0.027,0,0,1332,1331,2400,true,0,0,0,0,0,0,12,12,19224,0,0,0,0,0,0,0,0,0,0,0,0,0,,0,0,0,0,0,0,0,0,0,0,0,0,0,0,0,0,0,0,,0,0,0,0,0,0,false,
1329,1330,49828,false,145,50,1.391,0,1.248,0,dynamic_visual_atlas_upload,,,cell_indirection_lut,1.205,2400,2400,0,0,-1,-1,,1991.701174,3.013,4.027,4.027,1,8,3,1.5,false,2,8.666,,,,,,,,,,,,,,,,,,,,,,,,,,,,,,,,,,,,,,,,,,0,0,0,0,false,0,0,,0,0,0,0,0,0,0,,,,,false,{},{},{},{},{},{},{},0,3.426,3.581,0,0,0.014,0,0,0,0,0,0,0,0,0,0,0,0,100,0,8.545,10.591,0.101,4.95,0,0,0,11,11,0,321,0,14,2,0,0,1,2400,0.021,0.025,0,ACTIVE,ACTIVE,,4095,4095,0,,true,16,false,0,0,true,1.8107,0.0009,19200,2279,0,,,,,,0,,,0,0,2,1331,1331,0,767564024143,3.577,0,0.027,0,0,1333,1332,2400,true,0,0,0,0,0,0,12,12,19224,0,0,0,0,0,0,0,0,0,0,0,0,0,,0,0,0,0,0,0,0,0,0,0,0,0,0,0,0,0,0,0,,0,0,0,0,0,0,false,
1330,1331,49848,false,145,50,1.371,0,1.235,0,dynamic_visual_atlas_upload,,,cell_indirection_lut,1.205,2400,2400,0,0,-1,-1,,1991.701174,3.013,4.027,4.027,1,8,3,1.5,false,2,8.666,,,,,,,,,,,,,,,,,,,,,,,,,,,,,,,,,,,,,,,,,,0,0,0,0,false,0,0,,0,0,0,0,0,0,0,,,,,false,{},{},{},{},{},{},{},0,2.915,3.061,0,0,0.012,0,0,0,0,0,0,0,0,0,0,0,0,100,0,6.708333,10.591,0.101,3.635333,0,0,0,11,11,0,321,0,14,2,0,0,1,2400,0.021,0.025,0,ACTIVE,ACTIVE,,4095,4095,0,,true,16,false,0,0,true,1.9215,0.0011,19200,2280,0,,,,,,0,,,0,0,2,1332,1332,0,767564044466,3.383,0,0.027,0,0,1334,1333,2400,true,0,0,0,0,0,0,12,12,55224,0,0,0,0,0,0,0,0,0,0,0,0,0,,0,0,0,0,0,0,0,0,0,0,0,0,0,0,0,0,0,0,,0,0,0,0,0,0,false,
1331,1332,49870,false,145,50,1.481,0,1.332,0,dynamic_visual_atlas_upload,,,cell_indirection_lut,1.205,2400,2400,0,0,-1,-1,,1991.701174,3.013,4.027,4.027,1,8,3,1.5,false,2,8.666,,,,,,,,,,,,,,,,,,,,,,,,,,,,,,,,,,,,,,,,,,0,0,0,0,false,0,0,,0,0,0,0,0,0,0,,,,,false,{},{},{},{},{},{},{},0.001,4.069,4.257,0,0,0.015,0,0,0,0,0,0,0,0,0,0,0,0,100,0,7.299667,10.591,0.101,3.027667,0,0,0,11,11,0,321,0,14,2,0,0,1,2400,0.021,0.025,0,ACTIVE,ACTIVE,,4095,4095,0,,true,16,false,0,0,true,2.0009,0.0016,19200,2279,0,,,,,,0,,,0,0,2,1333,1333,0,767564062947,6.831,0,0.028,0,0,1335,1334,2400,true,0,0,0,0,0,0,12,12,19224,0,0,0,0,0,0,0,0,0,0,0,0,0,,0,0,0,0,0,0,0,0,0,0,0,0,0,0,0,0,0,0,,0,0,0,0,0,0,false,
1332,1333,49890,false,145,50,1.437,0,1.282,0,dynamic_visual_atlas_upload,,,cell_indirection_lut,1.205,2400,2400,0,0,-1,-1,,1991.701174,3.013,4.027,4.027,1,8,3,1.5,false,2,8.666,,,,,,,,,,,,,,,,,,,,,,,,,,,,,,,,,,,,,,,,,,0,0,0,0,false,0,0,,0,0,0,0,0,0,0,,,,,false,{},{},{},{},{},{},{},0,3.226,3.402,0,0,0.017,0,0,0,0,0,0,0,0,0,0,0,0,100,0,6.701667,10.591,0.101,3.282667,0,0,0,11,11,0,321,0,14,2,0,0,1,2400,0.021,0.025,0,ACTIVE,ACTIVE,,4095,4095,0,,true,16,false,0,0,true,2.0087,0.0011,19200,1843,0,,,,,,0,,,0,0,2,1334,1334,0,767564085409,4.47,0,0.029,0,0,1336,1335,2400,true,0,0,0,0,0,0,12,12,19224,0,0,0,0,0,0,0,0,0,0,0,0,0,,0,0,0,0,0,0,0,0,0,0,0,0,0,0,0,0,0,0,,0,0,0,0,0,0,false,
1333,1334,49913,false,145,50,2.294,0,1.987,0,dynamic_visual_atlas_upload,,,cell_indirection_lut,1.205,2400,2400,0,0,-1,-1,,1991.701174,3.013,4.027,4.027,1,8,3,1.5,false,2,8.666,,,,,,,,,,,,,,,,,,,,,,,,,,,,,,,,,,,,,,,,,,0,0,0,0,false,0,0,,0,0,0,0,0,0,0,,,,,false,{},{},{},{},{},{},{},0,4.609,4.906,0,0,0.024,0,0,0,0,0,0,0,0,0,0,0,0,100,0,7.887333,10.591,0.101,2.957333,0,0,0,11,11,0,321,0,14,2,0,0,1,2400,0.021,0.025,0,ACTIVE,ACTIVE,,4095,4095,0,,true,16,false,0,0,true,2.0068,0.0012,19200,2279,0,,,,,,0,,,0,0,2,1335,1335,0,767564106700,6.906,0,0.029,0,0,1337,1336,2400,true,0,0,0,0,0,0,12,12,19224,0,0,0,0,0,0,0,0,0,0,0,0,0,,0,0,0,0,0,0,0,0,0,0,0,0,0,0,0,0,0,0,,0,0,0,0,0,0,false,
1334,1335,49935,false,145,50,1.518,0,1.317,0,dynamic_visual_atlas_upload,,,cell_indirection_lut,1.205,2400,2400,0,0,-1,-1,,1991.701174,3.013,4.027,4.027,1,8,3,1.5,false,2,8.666,,,,,,,,,,,,,,,,,,,,,,,,,,,,,,,,,,,,,,,,,,0,0,0,0,false,0,0,,0,0,0,0,0,0,0,,,,,false,{},{},{},{},{},{},{},0,0,0.28,0,0,0.017,0,0,0,0,0,0,0,0,0,0,0,0,100,0,5.42325,10.591,0.101,5.12625,0,0,0,11,11,0,321,0,14,2,0,0,1,2400,0.021,0.025,0,ACTIVE,ACTIVE,,4095,4095,0,,true,16,false,0,0,true,2.1691,0.0014,19200,2257,0,,,,,,0,,,0,0,2,1336,1336,0,767564127369,7.888,0,0.029,0,0,1338,1337,2400,true,0,0,0,0,0,0,12,12,19224,0,0,0,0,0,0,0,0,0,0,0,0,0,,0,0,0,0,0,0,0,0,0,0,0,0,0,0,0,0,0,0,,0,0,0,0,0,0,false,
1335,1336,49949,false,145,50,1.511,0,1.308,0,dynamic_visual_atlas_upload,,,cell_indirection_lut,1.205,2400,2400,0,0,-1,-1,,1991.701174,3.013,4.027,4.027,1,8,3,1.5,false,2,8.666,,,,,,,,,,,,,,,,,,,,,,,,,,,,,,,,,,,,,,,,,,0,0,0,0,false,0,0,,0,0,0,0,0,0,0,,,,,false,{},{},{},{},{},{},{},0,0.001,0.259,0,0,0.019,0,0,0,0,0,0,0,0,0,0,0,0,100,0,6.8485,10.591,0.101,6.5705,0,0,0,11,11,0,321,0,14,2,0,0,1,2400,0.021,0.025,0,ACTIVE,ACTIVE,,4095,4095,0,,true,16,false,0,0,true,2.4856,0.0016,21600,2279,0,,,,,,0,,,0,0,2,1337,1337,0,767564145845,3.086,0,0.029,0,0,1339,1338,2400,true,0,0,0,0,0,0,12,12,19224,0,0,0,0,0,0,0,0,0,0,0,0,0,,0,0,0,0,0,0,0,0,0,0,0,0,0,0,0,0,0,0,,0,0,0,0,0,0,false,
1336,1337,49969,false,145,50,1.447,0,1.281,0,dynamic_visual_atlas_upload,,,cell_indirection_lut,1.205,2400,2400,0,0,-1,-1,,1991.701174,3.013,4.027,4.027,1,8,3,1.5,false,2,8.666,,,,,,,,,,,,,,,,,,,,,,,,,,,,,,,,,,,,,,,,,,0,0,0,0,false,0,0,,0,0,0,0,0,0,0,,,,,false,{},{},{},{},{},{},{},0,0,0.224,0,0,0.016,0,0,0,0,0,0,0,0,0,0,0,0,100,0,6.841333,10.591,0.101,6.601333,0,0,0,11,11,0,321,0,14,2,0,0,1,2400,0.021,0.025,0,ACTIVE,ACTIVE,,4095,4095,0,,true,16,false,0,0,true,1.9467,0.0011,19200,2275,0,,,,,,0,,,0,0,2,1338,1338,0,767564165123,4.358,0,0.028,0,0,1340,1339,2400,true,0,0,0,0,0,0,12,12,21624,0,0,0,0,0,0,0,0,0,0,0,0,0,,0,0,0,0,0,0,0,0,0,0,0,0,0,0,0,0,0,0,,0,0,0,0,0,0,false,
1337,1338,49988,false,145,50,1.548,0,1.321,0,dynamic_visual_atlas_upload,,,cell_indirection_lut,1.205,2400,2400,0,0,-1,-1,,1991.701174,3.013,4.027,4.027,1,8,3,1.5,false,2,8.666,,,,,,,,,,,,,,,,,,,,,,,,,,,,,,,,,,,,,,,,,,0,0,0,0,false,0,0,,0,0,0,0,0,0,0,,,,,false,{},{},{},{},{},{},{},0,5.1,5.303,0,0,0.02,0,0,0,0,0,0,0,0,0,0,0,0,100,0,9.6135,10.591,0.101,4.2905,0,0,0,11,11,0,321,0,14,2,0,0,1,2400,0.021,0.025,0,ACTIVE,ACTIVE,,4095,4095,0,,true,16,false,0,0,true,2.8013,0.0016,52800,2280,0,,,,,,0,,,0,0,2,1339,1339,0,767564183599,5.103,0,0.026,0,0,1341,1340,2400,true,0,0,0,0,0,0,12,12,19224,0,0,0,0,0,0,0,0,0,0,0,0,0,,0,0,0,0,0,0,0,0,0,0,0,0,0,0,0,0,0,0,,0,0,0,0,0,0,false,
1338,1339,50007,false,145,50,1.666,0,1.452,0,dynamic_visual_atlas_upload,,,cell_indirection_lut,1.205,2400,2400,0,0,-1,-1,,1991.701174,3.013,4.027,4.027,1,8,3,1.5,false,2,8.666,,,,,,,,,,,,,,,,,,,,,,,,,,,,,,,,,,,,,,,,,,0,0,0,0,false,0,0,,0,0,0,0,0,0,0,,,,,false,{},{},{},{},{},{},{},0,3.107,3.288,0,0,0.015,0,0,0,0,0,0,0,0,0,0,0,0,100,0,6.178667,10.591,0.101,2.875667,0,0,0,11,11,0,321,0,14,2,0,0,1,2400,0.021,0.025,0,ACTIVE,ACTIVE,,4095,4095,0,,true,16,false,0,0,true,2.2351,0.0016,19200,2280,0,,,,,,0,,,0,0,2,1340,1340,0,767564204761,2.476,0,0.031,0,0,1342,1341,2400,true,0,0,0,0,0,0,12,12,52824,0,0,0,0,0,0,0,0,0,0,0,0,0,,0,0,0,0,0,0,0,0,0,0,0,0,0,0,0,0,0,0,,0,0,0,0,0,0,false,
1339,1340,50028,false,136,50,1.519,0,1.327,0,dynamic_visual_atlas_upload,,,cell_indirection_lut,1.205,2400,2400,0,0,-1,-1,,1991.701174,3.013,4.027,4.027,1,8,3,1.5,false,2,8.666,,,,,,,,,,,,,,,,,,,,,,,,,,,,,,,,,,,,,,,,,,0,0,0,0,false,0,0,,0,0,0,0,0,0,0,,,,,false,{},{},{},{},{},{},{},0,3.361,3.553,0,0,0.019,0,0,0,0,0,0,0,0,0,0,0,0,100,0,6.984333,74.184,0.072,3.412333,0,0,0,11,11,0,321,0,14,2,0,0,1,2400,0.021,0.025,0,ACTIVE,ACTIVE,,4095,4095,0,,true,16,false,0,0,true,1.9468,0.0014,19200,2279,0,,,,,,0,,,0,0,2,1341,1341,0,767564224638,3.554,0,0.031,0,0,1343,1342,2400,true,0,0,0,0,0,0,12,12,19224,0,0,0,0,0,0,0,0,0,0,0,0,0,,0,0,0,0,0,0,0,0,0,0,0,0,0,0,0,0,0,0,,0,0,0,0,0,0,false,
1340,1341,50054,false,136,50,2.354,0,2.081,0,dynamic_visual_atlas_upload,,,cell_indirection_lut,1.205,2400,2400,0,0,-1,-1,,1991.701174,3.013,4.027,4.027,1,8,3,1.5,false,2,8.666,,,,,,,,,,,,,,,,,,,,,,,,,,,,,,,,,,,,,,,,,,0,0,0,0,false,0,0,,0,0,0,0,0,0,0,,,,,false,{},{},{},{},{},{},{},0,0,0.171,0,0,0.015,0,0,0,0,0,0,0,0,0,0,0,0,100,0,6.545,74.184,0.072,6.359,0,0,0,11,11,0,321,0,14,2,0,0,1,2400,0.021,0.025,0,ACTIVE,ACTIVE,,4095,4095,0,,true,16,false,0,0,true,2.3103,0.0018,19200,2275,0,,,,,,0,,,0,0,2,1342,1342,0,767564251088,3.366,0,0.029,0,0,1344,1343,2400,true,0,0,0,0,0,0,12,12,19224,0,0,0,0,0,0,0,0,0,0,0,0,0,,0,0,0,0,0,0,0,0,0,0,0,0,0,0,0,0,0,0,,0,0,0,0,0,0,false,
1341,1342,50073,false,136,50,1.481,0,1.312,0,dynamic_visual_atlas_upload,,,cell_indirection_lut,1.205,2400,2400,0,0,-1,-1,,1991.701174,3.013,4.027,4.027,1,8,3,1.5,false,2,8.666,,,,,,,,,,,,,,,,,,,,,,,,,,,,,,,,,,,,,,,,,,0,0,0,0,false,0,0,,0,0,0,0,0,0,0,,,,,false,{},{},{},{},{},{},{},0,0,0.231,0,0,0.017,0,0,0,0,0,0,0,0,0,0,0,0,100,0,6.216,74.184,0.072,5.968,0,0,0,11,11,0,321,0,14,2,0,0,1,2400,0.021,0.025,0,ACTIVE,ACTIVE,,4095,4095,0,,true,16,false,0,0,true,2.6359,0.0016,21600,2279,0,,,,,,0,,,0,0,2,1343,1343,0,767564269944,3.045,0,0.042,0,0,1345,1344,2400,true,0,0,0,0,0,0,12,12,19224,0,0,0,0,0,0,0,0,0,0,0,0,0,,0,0,0,0,0,0,0,0,0,0,0,0,0,0,0,0,0,0,,0,0,0,0,0,0,false,
1342,1343,50093,false,136,50,1.484,0,1.321,0,dynamic_visual_atlas_upload,,,cell_indirection_lut,1.205,2400,2400,0,0,-1,-1,,1991.701174,3.013,4.027,4.027,1,8,3,1.5,false,2,8.666,,,,,,,,,,,,,,,,,,,,,,,,,,,,,,,,,,,,,,,,,,0,0,0,0,false,0,0,,0,0,0,0,0,0,0,,,,,false,{},{},{},{},{},{},{},0,0,0.215,0,0,0.014,0,0,0,0,0,0,0,0,0,0,0,0,100,0,6.871,74.184,0.072,6.642,0,0,0,11,11,0,321,0,14,2,0,0,1,2400,0.021,0.025,0,ACTIVE,ACTIVE,,4095,4095,0,,true,16,false,0,0,true,1.8823,0.0011,19200,2276,0,,,,,,0,,,0,0,2,1344,1344,0,767564289122,4.468,0,0.027,0,0,1346,1345,2400,true,0,0,0,0,0,0,12,12,21624,0,0,0,0,0,0,0,0,0,0,0,0,0,,0,0,0,0,0,0,0,0,0,0,0,0,0,0,0,0,0,0,,0,0,0,0,0,0,false,
1343,1344,50117,false,136,50,2.573,0,2.273,0,dynamic_visual_atlas_upload,,,cell_indirection_lut,1.205,2400,2400,0,0,-1,-1,,1991.701174,3.013,4.027,4.027,1,8,3,1.5,false,2,8.666,,,,,,,,,,,,,,,,,,,,,,,,,,,,,,,,,,,,,,,,,,0,0,0,0,false,0,0,,0,0,0,0,0,0,0,,,,,false,{},{},{},{},{},{},{},0,0,0.481,0,0,0.026,0,0,0,0,0,0,0,0,0,0,0,0,100,0,7.881,74.184,0.072,7.374,0,0,0,11,11,0,321,0,14,2,0,0,1,2400,0.021,0.025,0,ACTIVE,ACTIVE,,4095,4095,0,,true,16,false,0,0,true,2.0832,0.0018,19200,2280,0,,,,,,0,,,0,0,2,1345,1345,0,767564308034,9.305,0,0.027,0,0,1347,1346,2400,true,0,0,0,0,0,0,12,12,19224,0,0,0,0,0,0,0,0,0,0,0,0,0,,0,0,0,0,0,0,0,0,0,0,0,0,0,0,0,0,0,0,,0,0,0,0,0,0,false,
1344,1345,50135,false,136,50,1.579,0,1.364,0,dynamic_visual_atlas_upload,,,cell_indirection_lut,1.205,2400,2400,0,0,-1,-1,,1991.701174,3.013,4.027,4.027,1,8,3,1.5,false,2,8.666,,,,,,,,,,,,,,,,,,,,,,,,,,,,,,,,,,,,,,,,,,0,0,0,0,false,0,0,,0,0,0,0,0,0,0,,,,,false,{},{},{},{},{},{},{},0,0.001,0.286,0,0,0.021,0,0,0,0,0,0,0,0,0,0,0,0,100,0,6.064,74.184,0.072,5.757,0,0,0,11,11,0,321,0,14,2,0,0,1,2400,0.021,0.025,0,ACTIVE,ACTIVE,,4095,4095,0,,true,16,false,0,0,true,2.0288,0.0016,19200,2276,0,,,,,,0,,,0,0,2,1346,1346,0,767564329322,6.137,0,0.042,0,0,1348,1347,2400,true,0,0,0,0,0,0,12,12,19224,0,0,0,0,0,0,0,0,0,0,0,0,0,,0,0,0,0,0,0,0,0,0,0,0,0,0,0,0,0,0,0,,0,0,0,0,0,0,false,
1345,1346,50156,false,136,50,1.496,0,1.312,0,dynamic_visual_atlas_upload,,,cell_indirection_lut,1.205,2400,2400,0,0,-1,-1,,1991.701174,3.013,4.027,4.027,1,8,3,1.5,false,2,8.666,,,,,,,,,,,,,,,,,,,,,,,,,,,,,,,,,,,,,,,,,,0,0,0,0,false,0,0,,0,0,0,0,0,0,0,,,,,false,{},{},{},{},{},{},{},0,0,0.233,0,0,0.016,0,0,0,0,0,0,0,0,0,0,0,0,100,0,6.79,74.184,0.072,6.541,0,0,0,11,11,0,321,0,14,2,0,0,1,2400,0.021,0.025,0,ACTIVE,ACTIVE,,4095,4095,0,,true,16,false,0,0,true,2.6856,0.0012,52800,2280,0,,,,,,0,,,0,0,2,1347,1347,0,767564348421,7.387,0,0.028,0,0,1349,1348,2400,true,0,0,0,0,0,0,12,12,19224,0,0,0,0,0,0,0,0,0,0,0,0,0,,0,0,0,0,0,0,0,0,0,0,0,0,0,0,0,0,0,0,,0,0,0,0,0,0,false,
1346,1347,50169,false,136,50,1.474,0,1.299,0,dynamic_visual_atlas_upload,,,cell_indirection_lut,1.205,2400,2400,0,0,-1,-1,,1991.701174,3.013,4.027,4.027,1,8,3,1.5,false,2,8.666,,,,,,,,,,,,,,,,,,,,,,,,,,,,,,,,,,,,,,,,,,0,0,0,0,false,0,0,,0,0,0,0,0,0,0,,,,,false,{},{},{},{},{},{},{},0,0,0.225,0,0,0.016,0,0,0,0,0,0,0,0,0,0,0,0,100,0,6.909,74.184,0.072,6.668,0,0,0,11,11,0,321,0,14,2,0,0,1,2400,0.021,0.025,0,ACTIVE,ACTIVE,,4095,4095,0,,true,16,false,0,0,true,1.8482,0.0012,19200,2280,0,,,,,,0,,,0,0,2,1348,1348,0,767564367360,2.258,0,0.029,0,0,1350,1349,2400,true,0,0,0,0,0,0,12,12,52824,0,0,0,0,0,0,0,0,0,0,0,0,0,,0,0,0,0,0,0,0,0,0,0,0,0,0,0,0,0,0,0,,0,0,0,0,0,0,false,
1347,1348,50190,false,136,50,1.564,0,1.283,0,dynamic_visual_atlas_upload,,,cell_indirection_lut,1.205,2400,2400,0,0,-1,-1,,1991.701174,3.013,4.027,4.027,1,8,3,1.5,false,2,8.666,,,,,,,,,,,,,,,,,,,,,,,,,,,,,,,,,,,,,,,,,,0,0,0,0,false,0,0,,0,0,0,0,0,0,0,,,,,false,{},{},{},{},{},{},{},0,0.001,0.198,0,0,0.016,0,0,0,0,0,0,0,0,0,0,0,0,100,0,6.896667,74.184,0.072,6.682667,0,0,0,11,11,0,321,0,14,2,0,0,1,2400,0.021,0.025,0,ACTIVE,ACTIVE,,4095,4095,0,,true,16,false,0,0,true,2.3959,0.0009,21600,2280,0,,,,,,0,,,0,0,2,1349,1349,0,767564386465,3.992,0,0.029,0,0,1351,1350,2400,true,0,0,0,0,0,0,12,12,19224,0,0,0,0,0,0,0,0,0,0,0,0,0,,0,0,0,0,0,0,0,0,0,0,0,0,0,0,0,0,0,0,,0,0,0,0,0,0,false,
1348,1349,50211,false,136,50,1.475,0,1.289,0,dynamic_visual_atlas_upload,,,cell_indirection_lut,1.205,2400,2400,0,0,-1,-1,,1991.701174,3.013,4.027,4.027,1,8,3,1.5,false,2,8.666,,,,,,,,,,,,,,,,,,,,,,,,,,,,,,,,,,,,,,,,,,0,0,0,0,false,0,0,,0,0,0,0,0,0,0,,,,,false,{},{},{},{},{},{},{},0,0,0.196,0,0,0.014,0,0,0,0,0,0,0,0,0,0,0,0,100,0,6.856,74.184,0.072,6.646,0,0,0,11,11,0,321,0,14,2,0,0,1,2400,0.021,0.025,0,ACTIVE,ACTIVE,,4095,4095,0,,true,16,false,0,0,true,1.8422,0.0013,19200,2276,0,,,,,,0,,,0,0,2,1350,1350,0,767564406404,4.472,0,0.039,0,0,1352,1351,2400,true,0,0,0,0,0,0,12,12,21624,0,0,0,0,0,0,0,0,0,0,0,0,0,,0,0,0,0,0,0,0,0,0,0,0,0,0,0,0,0,0,0,,0,0,0,0,0,0,false,
1349,1350,50230,false,136,50,2.237,0,2.01,0,dynamic_visual_atlas_upload,,,cell_indirection_lut,1.205,2400,2400,0,0,-1,-1,,1991.701174,3.013,4.027,4.027,1,8,3,1.5,false,2,8.666,,,,,,,,,,,,,,,,,,,,,,,,,,,,,,,,,,,,,,,,,,0,0,0,0,false,0,0,,0,0,0,0,0,0,0,,,,,false,{},{},{},{},{},{},{},0,4.079,4.304,0,0,0.018,0,0,0,0,0,0,0,0,0,0,0,0,100,0,9.5805,74.184,0.072,5.2585,0,0,0,11,11,0,321,0,14,2,0,0,1,2400,0.021,0.025,0,ACTIVE,ACTIVE,,4095,4095,0,,true,16,false,0,0,true,1.9548,0.0012,19200,2276,0,,,,,,0,,,0,0,2,1351,1351,0,767564424743,5.379,0,0.03,0,0,1353,1352,2400,true,0,0,0,0,0,0,12,12,19224,0,0,0,0,0,0,0,0,0,0,0,0,0,,0,0,0,0,0,0,0,0,0,0,0,0,0,0,0,0,0,0,,0,0,0,0,0,0,false,
1350,1351,50249,false,136,50,1.393,0,1.249,0,dynamic_visual_atlas_upload,,,cell_indirection_lut,1.205,2400,2400,0,0,-1,-1,,1991.701174,3.013,4.027,4.027,1,8,3,1.5,false,2,8.666,,,,,,,,,,,,,,,,,,,,,,,,,,,,,,,,,,,,,,,,,,0,0,0,0,false,0,0,,0,0,0,0,0,0,0,,,,,false,{},{},{},{},{},{},{},0,3.655,3.822,0,0,0.018,0,0,0,0,0,0,0,0,0,0,0,0,100,0,6.33,74.184,0.072,2.49,0,0,0,11,11,0,321,0,14,2,0,0,1,2400,0.021,0.025,0,ACTIVE,ACTIVE,,4095,4095,0,,true,16,false,0,0,true,1.9071,0.0011,19200,2276,0,,,,,,0,,,0,0,2,1352,1352,0,767564444049,4.972,0,0.041,0,0,1354,1353,2400,true,0,0,0,0,0,0,12,12,19224,0,0,0,0,0,0,0,0,0,0,0,0,0,,0,0,0,0,0,0,0,0,0,0,0,0,0,0,0,0,0,0,,0,0,0,0,0,0,false,
1351,1352,50273,false,136,50,1.554,0,1.367,0,dynamic_visual_atlas_upload,,,cell_indirection_lut,1.205,2400,2400,0,0,-1,-1,,1991.701174,3.013,4.027,4.027,1,8,3,1.5,false,2,8.666,,,,,,,,,,,,,,,,,,,,,,,,,,,,,,,,,,,,,,,,,,0,0,0,0,false,0,0,,0,0,0,0,0,0,0,,,,,false,{},{},{},{},{},{},{},0,0,0.228,0,0,0.017,0,0,0,0,0,0,0,0,0,0,0,0,100,0,6.04625,74.184,0.072,5.80125,0,0,0,11,11,0,321,0,14,2,0,0,1,2400,0.021,0.025,0,ACTIVE,ACTIVE,,4095,4095,0,,true,16,false,0,0,true,1.8059,0.001,19200,2276,0,,,,,,0,,,0,0,2,1353,1353,0,767564464347,8.91,0,0.028,0,0,1355,1354,2400,true,0,0,0,0,0,0,12,12,19224,0,0,0,0,0,0,0,0,0,0,0,0,0,,0,0,0,0,0,0,0,0,0,0,0,0,0,0,0,0,0,0,,0,0,0,0,0,0,false,
1352,1353,50287,false,136,50,1.394,0,1.245,0,dynamic_visual_atlas_upload,,,cell_indirection_lut,1.205,2400,2400,0,0,-1,-1,,1991.701174,3.013,4.027,4.027,1,8,3,1.5,false,2,8.666,,,,,,,,,,,,,,,,,,,,,,,,,,,,,,,,,,,,,,,,,,0,0,0,0,false,0,0,,0,0,0,0,0,0,0,,,,,false,{},{},{},{},{},{},{},0,0.001,0.212,0,0,0.019,0,0,0,0,0,0,0,0,0,0,0,0,100,0,6.8215,74.184,0.072,6.5905,0,0,0,11,11,0,321,0,14,2,0,0,1,2400,0.021,0.025,0,ACTIVE,ACTIVE,,4095,4095,0,,true,16,false,0,0,true,1.7955,0.0011,19200,2239,0,,,,,,0,,,0,0,2,1354,1354,0,767564484830,2.013,0,0.028,0,0,1356,1355,2400,true,0,0,0,0,0,0,12,12,19224,0,0,0,0,0,0,0,0,0,0,0,0,0,,0,0,0,0,0,0,0,0,0,0,0,0,0,0,0,0,0,0,,0,0,0,0,0,0,false,
1353,1354,50307,false,136,50,1.48,0,1.313,0,dynamic_visual_atlas_upload,,,cell_indirection_lut,1.205,2400,2400,0,0,-1,-1,,1991.701174,3.013,4.027,4.027,1,8,3,1.5,false,2,8.666,,,,,,,,,,,,,,,,,,,,,,,,,,,,,,,,,,,,,,,,,,0,0,0,0,false,0,0,,0,0,0,0,0,0,0,,,,,false,{},{},{},{},{},{},{},0,0.001,0.196,0,0,0.013,0,0,0,0,0,0,0,0,0,0,0,0,100,0,6.891667,74.184,0.072,6.682667,0,0,0,11,11,0,321,0,14,2,0,0,1,2400,0.021,0.025,0,ACTIVE,ACTIVE,,4095,4095,0,,true,16,false,0,0,true,3.3455,0.0013,55200,2280,0,,,,,,0,,,0,0,2,1355,1355,0,767564502360,5.187,0,0.026,0,0,1357,1356,2400,true,0,0,0,0,0,0,12,12,19224,0,0,0,0,0,0,0,0,0,0,0,0,0,,0,0,0,0,0,0,0,0,0,0,0,0,0,0,0,0,0,0,,0,0,0,0,0,0,false,
1354,1355,50324,false,136,50,1.481,0,1.303,0,dynamic_visual_atlas_upload,,,cell_indirection_lut,1.205,2400,2400,0,0,-1,-1,,1991.701174,3.013,4.027,4.027,1,8,3,1.5,false,2,8.666,,,,,,,,,,,,,,,,,,,,,,,,,,,,,,,,,,,,,,,,,,0,0,0,0,false,0,0,,0,0,0,0,0,0,0,,,,,false,{},{},{},{},{},{},{},0,3.12,3.328,0,0,0.015,0,0,0,0,0,0,0,0,0,0,0,0,100,0,8.5725,74.184,0.072,5.2295,0,0,0,11,11,0,321,0,14,2,0,0,1,2400,0.021,0.025,0,ACTIVE,ACTIVE,,4095,4095,0,,true,16,false,0,0,true,1.995,0.0016,19200,2246,0,,,,,,0,,,0,0,2,1356,1356,0,767564522443,2.259,0,0.033,0,0,1358,1357,2400,true,0,0,0,0,0,0,12,12,55224,0,0,0,0,0,0,0,0,0,0,0,0,0,,0,0,0,0,0,0,0,0,0,0,0,0,0,0,0,0,0,0,,0,0,0,0,0,0,false,
1355,1356,50345,false,136,50,1.491,0,1.317,0,dynamic_visual_atlas_upload,,,cell_indirection_lut,1.205,2400,2400,0,0,-1,-1,,1991.701174,3.013,4.027,4.027,1,8,3,1.5,false,2,8.666,,,,,,,,,,,,,,,,,,,,,,,,,,,,,,,,,,,,,,,,,,0,0,0,0,false,0,0,,0,0,0,0,0,0,0,,,,,false,{},{},{},{},{},{},{},0,3.369,3.55,0,0,0.018,0,0,0,0,0,0,0,0,0,0,0,0,100,0,6.923,74.184,0.072,3.355,0,0,0,11,11,0,321,0,14,2,0,0,1,2400,0.021,0.025,0,ACTIVE,ACTIVE,,4095,4095,0,,true,16,false,0,0,true,1.8854,0.0011,19200,2276,0,,,,,,0,,,0,0,2,1357,1357,0,767564542000,3.494,0,0.027,0,0,1359,1358,2400,true,0,0,0,0,0,0,12,12,19224,0,0,0,0,0,0,0,0,0,0,0,0,0,,0,0,0,0,0,0,0,0,0,0,0,0,0,0,0,0,0,0,,0,0,0,0,0,0,false,
1356,1357,50366,false,136,50,1.542,0,1.337,0,dynamic_visual_atlas_upload,,,cell_indirection_lut,1.205,2400,2400,0,0,-1,-1,,1991.701174,3.013,4.027,4.027,1,8,3,1.5,false,2,8.666,,,,,,,,,,,,,,,,,,,,,,,,,,,,,,,,,,,,,,,,,,0,0,0,0,false,0,0,,0,0,0,0,0,0,0,,,,,false,{},{},{},{},{},{},{},0,3.186,3.366,0,0,0.015,0,0,0,0,0,0,0,0,0,0,0,0,100,0,6.858,74.184,0.072,3.477,0,0,0,11,11,0,321,0,14,2,0,0,1,2400,0.021,0.025,0,ACTIVE,ACTIVE,,4095,4095,0,,true,16,false,0,0,true,1.9845,0.0012,19200,2215,0,,,,,,0,,,0,0,2,1358,1358,0,767564560540,5.512,0,0.029,0,0,1360,1359,2400,true,0,0,0,0,0,0,12,12,19224,0,0,0,0,0,0,0,0,0,0,0,0,0,,0,0,0,0,0,0,0,0,0,0,0,0,0,0,0,0,0,0,,0,0,0,0,0,0,false,
1357,1358,50386,false,136,50,1.359,0,1.22,0,dynamic_visual_atlas_upload,,,cell_indirection_lut,1.205,2400,2400,0,0,-1,-1,,1991.701174,3.013,4.027,4.027,1,8,3,1.5,false,2,8.666,,,,,,,,,,,,,,,,,,,,,,,,,,,,,,,,,,,,,,,,,,0,0,0,0,false,0,0,,0,0,0,0,0,0,0,,,,,false,{},{},{},{},{},{},{},0,2.993,3.157,0,0,0.016,0,0,0,0,0,0,0,0,0,0,0,0,100,0,6.748333,74.184,0.072,3.575333,0,0,0,11,11,0,321,0,14,2,0,0,1,2400,0.021,0.025,0,ACTIVE,ACTIVE,,4095,4095,0,,true,16,false,0,0,true,1.804,0.0009,19200,2276,0,,,,,,0,,,0,0,2,1359,1359,0,767564581162,5.125,0,0.029,0,0,1361,1360,2400,true,0,0,0,0,0,0,12,12,19224,0,0,0,0,0,0,0,0,0,0,0,0,0,,0,0,0,0,0,0,0,0,0,0,0,0,0,0,0,0,0,0,,0,0,0,0,0,0,false,
1358,1359,50407,false,136,50,1.393,0,1.271,0,dynamic_visual_atlas_upload,,,cell_indirection_lut,1.205,2400,2400,0,0,-1,-1,,1991.701174,3.013,4.027,4.027,1,8,3,1.5,false,2,8.666,,,,,,,,,,,,,,,,,,,,,,,,,,,,,,,,,,,,,,,,,,0,0,0,0,false,0,0,,0,0,0,0,0,0,0,,,,,false,{},{},{},{},{},{},{},0,3.429,3.591,0,0,0.015,0,0,0,0,0,0,0,0,0,0,0,0,100,0,6.959333,74.184,0.072,3.353333,0,0,0,11,11,0,321,0,14,2,0,0,1,2400,0.021,0.025,0,ACTIVE,ACTIVE,,4095,4095,0,,true,16,false,0,0,true,1.8545,0.001,19200,2276,0,,,,,,0,,,0,0,2,1360,1360,0,767564601565,5.58,0,0.027,0,0,1362,1361,2400,true,0,0,0,0,0,0,12,12,19224,0,0,0,0,0,0,0,0,0,0,0,0,0,,0,0,0,0,0,0,0,0,0,0,0,0,0,0,0,0,0,0,,0,0,0,0,0,0,false,
1359,1360,50428,false,136,50,1.752,0,1.492,0,dynamic_visual_atlas_upload,,,cell_indirection_lut,1.205,2400,2400,0,0,-1,-1,,1991.701174,3.013,4.027,4.027,1,8,3,1.5,false,2,8.666,,,,,,,,,,,,,,,,,,,,,,,,,,,,,,,,,,,,,,,,,,0,0,0,0,false,0,0,,0,0,0,0,0,0,0,,,,,false,{},{},{},{},{},{},{},0,3.158,3.324,0,0,0.014,0,0,0,0,0,0,0,0,0,0,0,0,100,0,7.020667,74.184,0.072,3.682667,0,0,0,11,11,0,321,0,14,2,0,0,1,2400,0.021,0.025,0,ACTIVE,ACTIVE,,4095,4095,0,,true,16,false,0,0,true,2.4589,0.0012,21600,2129,0,,,,,,0,,,0,0,2,1361,1361,0,767564622525,5.704,0,0.027,0,0,1363,1362,2400,true,0,0,0,0,0,0,12,12,19224,0,0,0,0,0,0,0,0,0,0,0,0,0,,0,0,0,0,0,0,0,0,0,0,0,0,0,0,0,0,0,0,,0,0,0,0,0,0,false,
