frame_idx,timestamp_ms,frame_wall_ms,fast_tick_count,fast_tick_occurred,last_fast_tick_ms,clock_day,writeback_last_day,writeback_lag_days,main_wait_on_sim_us,worker_fault_count,completed_days,runtime_graph_last_elapsed_us,climate_pod_plan_ms,climate_pod_replay_ms,domain_authority_plan_ms,domain_authority_replay_ms
0,28153,2.058,2,false,18,71,65,6,0,0,65,27,2.6925,0.0037,0,0
1,28160,6.916,2,false,18,71,65,6,0,0,65,27,2.6925,0.0037,0,0
2,28167,6.934,2,false,18,71,65,6,0,0,66,27,2.6925,0.0037,0,0
3,28176,9.148,2,false,18,72,66,6,0,0,66,27,1.6047,0.0016,0,0
4,28181,4.662,2,false,18,72,66,6,0,0,66,27,1.6047,0.0016,0,0
5,28188,6.849,2,false,18,72,66,6,0,0,66,27,1.6047,0.0016,0,0
6,28196,7.866,2,false,18,73,67,6,0,0,67,27,2.7244,0.0016,0,0
7,28202,5.978,2,false,18,73,67,6,0,0,67,27,2.7244,0.0016,0,0
8,28209,6.865,2,false,18,73,67,6,0,0,67,27,2.7244,0.0016,0,0
9,28216,6.939,2,false,18,74,67,7,0,0,68,27,2.1727,0.0021,0,0
10,28222,6.843,2,false,18,74,68,6,0,0,68,26,2.1727,0.0021,0,0
11,28229,6.953,2,false,18,74,68,6,0,0,68,26,2.1727,0.0021,0,0
12,28236,6.866,2,false,18,74,68,6,0,0,68,26,2.1727,0.0021,0,0
13,28244,7.77,2,false,18,75,69,6,0,0,69,26,2.0831,0.0062,0,0
14,28250,6.077,2,false,18,75,69,6,0,0,69,26,2.0831,0.0062,0,0
15,28257,6.845,2,false,18,75,69,6,0,0,69,26,2.0831,0.0062,0,0
16,28264,6.936,2,false,18,76,69,7,0,0,70,26,2.0831,0.0062,0,0
17,28271,6.858,2,false,18,76,70,6,0,0,70,25,1.9311,0.0019,0,0
18,28277,6.909,2,false,18,76,70,6,0,0,70,25,1.9311,0.0019,0,0
19,28285,6.969,2,false,18,76,70,6,0,0,71,25,1.9311,0.0019,0,0
20,28292,7.737,2,false,18,77,71,6,0,0,71,25,1.9535,0.0017,0,0
21,28299,6.049,2,false,18,77,71,6,0,0,71,25,1.9535,0.0017,0,0
22,28305,6.844,2,false,18,77,71,6,0,0,71,25,1.9535,0.0017,0,0
23,28312,6.942,2,false,18,78,71,7,0,0,72,25,1.7464,0.0012,0,0
24,28319,6.851,2,false,18,78,72,6,0,0,72,17,1.7464,0.0012,0,0
25,28326,6.904,2,false,18,78,72,6,0,0,72,17,1.7464,0.0012,0,0
26,28333,6.968,2,false,18,78,72,6,0,0,73,17,1.7464,0.0012,0,0
27,28340,7.332,2,false,18,79,73,6,0,0,73,17,2.2154,0.0028,0,0
28,28347,6.466,2,false,18,79,73,6,0,0,73,17,2.2154,0.0028,0,0
29,28354,6.837,2,false,18,79,73,6,0,0,73,17,2.2154,0.0028,0,0
30,28360,6.993,2,false,18,80,74,6,0,0,74,17,1.8604,0.0016,0,0
31,28368,6.877,2,false,18,80,74,6,0,0,74,17,1.8604,0.0016,0,0
32,28374,6.823,2,false,18,81,74,7,0,0,74,17,1.8604,0.0016,0,0
33,28381,6.951,2,false,18,81,74,7,0,0,75,23,1.8604,0.0016,0,0
34,28391,10.084,2,false,18,81,75,6,0,0,75,33,3.5535,0.002,0,0
35,28395,3.669,2,false,18,81,75,6,0,0,75,33,3.5535,0.002,0,0
36,28402,6.974,2,false,18,81,75,6,0,0,75,33,3.5535,0.002,0,0
37,28409,6.829,2,false,18,82,75,7,0,0,75,33,3.5535,0.002,0,0
38,28416,6.936,2,false,18,82,75,7,0,0,76,40,2.4258,0.0016,0,0
39,28422,6.853,2,false,18,82,76,6,0,0,76,28,2.4258,0.0016,0,0
40,28429,6.949,2,false,18,82,76,6,0,0,76,28,2.4258,0.0016,0,0
41,28436,6.86,2,false,18,82,76,6,0,0,77,28,2.4258,0.0016,0,0
42,28443,6.917,2,false,18,83,77,6,0,0,77,28,1.9819,0.0022,0,0
43,28450,6.918,2,false,18,83,77,6,0,0,77,28,1.9819,0.0022,0,0
44,28457,6.87,2,false,18,83,77,6,0,0,77,28,1.9819,0.0022,0,0
45,28464,6.936,2,false,18,84,78,6,0,0,78,28,2.5101,0.0018,0,0
46,28471,6.85,2,false,18,84,78,6,0,0,78,21,2.5101,0.0018,0,0
47,28478,6.903,2,false,18,84,78,6,0,0,78,21,2.5101,0.0018,0,0
48,28485,6.953,2,false,18,84,78,6,0,0,79,21,2.0452,0.0031,0,0
49,28492,7.455,2,false,18,85,79,6,0,0,79,21,2.0452,0.0031,0,0
50,28498,6.334,2,false,18,85,79,6,0,0,79,21,2.0452,0.0031,0,0
51,28505,6.867,2,false,18,85,79,6,0,0,79,21,2.0452,0.0031,0,0
52,28512,7.101,2,false,18,86,80,6,0,0,80,21,2.0587,0.0014,0,0
53,28519,6.701,2,false,18,86,80,6,0,0,80,21,2.0587,0.0014,0,0
54,28526,6.899,2,false,18,86,80,6,0,0,80,21,2.0587,0.0014,0,0
55,28533,6.927,2,false,18,87,80,7,0,0,81,21,1.8418,0.0018,0,0
56,28540,6.857,2,false,18,87,81,6,0,0,81,23,1.8418,0.0018,0,0
57,28547,6.959,2,false,18,87,81,6,0,0,81,23,1.8418,0.0018,0,0
58,28554,6.853,2,false,18,87,81,6,0,0,82,23,1.8418,0.0018,0,0
59,28561,7.346,2,false,18,88,82,6,0,0,82,23,2.0558,0.0019,0,0
60,28567,6.497,2,false,18,88,82,6,0,0,82,23,2.0558,0.0019,0,0
61,28574,6.85,2,false,18,88,82,6,0,0,82,23,2.0558,0.0019,0,0
62,28581,6.942,2,false,18,89,83,6,0,0,83,23,4.5075,0.0018,0,0
63,28588,6.857,2,false,18,89,83,6,0,0,83,19,4.5075,0.0018,0,0
64,28595,6.906,2,false,18,89,83,6,0,0,83,19,4.5075,0.0018,0,0
65,28602,6.952,2,false,18,89,83,6,0,0,83,19,4.5075,0.0018,0,0
66,28609,7.466,2,false,18,90,84,6,0,0,84,19,1.7296,0.0013,0,0
67,28616,6.324,2,false,18,90,84,6,0,0,84,19,1.7296,0.0013,0,0
68,28622,6.857,2,false,18,91,84,7,0,0,84,19,1.7296,0.0013,0,0
69,28629,6.931,2,false,18,91,84,7,0,0,85,20,1.8284,0.002,0,0
70,28636,6.867,2,false,18,91,85,6,0,0,85,18,1.8284,0.002,0,0
71,28643,6.897,2,false,18,91,85,6,0,0,85,18,1.8284,0.002,0,0
72,28650,6.985,2,false,18,91,85,6,0,0,86,18,1.965,0.0021,0,0
73,28663,12.987,2,false,18,92,86,6,0,0,86,18,1.965,0.0021,0,0
74,28665,2.113,2,false,18,92,86,6,0,0,86,18,1.965,0.0021,0,0
75,28671,5.535,2,false,18,92,86,6,0,0,87,18,1.965,0.0021,0,0
76,28678,7.699,2,false,18,93,87,6,0,0,87,18,1.9507,0.0016,0,0
77,28685,6.167,2,false,18,93,87,6,0,0,87,18,1.9507,0.0016,0,0
78,28691,6.817,2,false,18,93,87,6,0,0,87,18,1.9507,0.0016,0,0
79,28698,6.947,2,false,18,94,87,7,0,0,88,18,2.0053,0.0023,0,0
80,28705,6.851,2,false,18,94,88,6,0,0,88,21,2.0053,0.0023,0,0
81,28712,6.979,2,false,18,94,88,6,0,0,88,21,2.0053,0.0023,0,0
82,28719,6.823,2,false,18,94,88,6,0,0,89,21,2.0053,0.0023,0,0
83,28726,7.265,2,false,18,95,89,6,0,0,89,21,1.8907,0.0015,0,0
84,28733,6.582,2,false,18,95,89,6,0,0,89,21,1.8907,0.0015,0,0
85,28740,6.857,2,false,18,95,89,6,0,0,89,21,1.8907,0.0015,0,0
86,28747,7.657,2,false,18,96,90,6,0,0,90,21,2.0002,0.0022,0,0
87,28754,6.159,2,false,18,96,90,6,0,0,90,21,2.0002,0.0022,0,0
88,28761,6.924,2,false,18,96,90,6,0,0,90,21,2.0002,0.0022,0,0
89,28767,6.914,2,false,18,97,90,7,0,0,91,21,2.9143,0.0015,0,0
90,28775,7.407,2,false,18,97,91,6,0,0,91,25,2.9143,0.0015,0,0
91,28781,6.379,2,false,18,97,91,6,0,0,91,25,2.9143,0.0015,0,0
92,28788,7.083,2,false,18,97,91,6,0,0,91,25,2.9143,0.0015,0,0
93,28795,6.663,2,false,18,98,92,6,0,0,92,25,2.0221,0.0027,0,0
94,28802,6.993,2,false,18,98,92,6,0,0,92,25,2.0221,0.0027,0,0
95,28809,6.824,2,false,18,98,92,6,0,0,92,25,2.0221,0.0027,0,0
96,28816,6.938,2,false,18,99,92,7,0,0,93,25,2.1371,0.0027,0,0
97,28823,7.212,2,false,18,99,93,6,0,0,93,26,2.1371,0.0027,0,0
98,28829,6.577,2,false,18,99,93,6,0,0,93,26,2.1371,0.0027,0,0
99,28836,6.877,2,false,18,99,93,6,0,0,94,26,2.1371,0.0027,0,0
100,28844,7.325,2,false,18,100,94,6,0,0,94,26,2.3374,0.0026,0,0
101,28850,6.507,2,false,18,100,94,6,0,0,94,26,2.3374,0.0026,0,0
102,28857,6.861,2,false,18,101,94,7,0,0,94,26,2.3374,0.0026,0,0
103,28864,6.96,2,false,18,101,94,7,0,0,95,31,2.031,0.0016,0,0
104,28872,8.474,2,false,18,101,95,6,0,0,95,27,2.031,0.0016,0,0
105,28878,5.287,2,false,18,101,95,6,0,0,95,27,2.031,0.0016,0,0
106,28885,6.923,2,false,18,101,95,6,0,0,96,27,2.031,0.0016,0,0
107,28892,6.847,2,false,18,102,96,6,0,0,96,27,2.0821,0.0022,0,0
108,28899,6.982,2,false,18,102,96,6,0,0,96,27,2.0821,0.0022,0,0
109,28905,6.831,2,false,18,102,96,6,0,0,96,27,2.0821,0.0022,0,0
110,28912,6.931,2,false,18,103,96,7,0,0,97,27,2.0617,0.0019,0,0
111,28919,6.856,2,false,18,103,97,6,0,0,97,22,2.0617,0.0019,0,0
112,28926,6.916,2,false,18,103,97,6,0,0,97,22,2.0617,0.0019,0,0
113,28933,6.935,2,false,18,103,97,6,0,0,98,22,1.7339,0.0014,0,0
114,28940,6.85,2,false,18,104,98,6,0,0,98,22,1.7339,0.0014,0,0
115,28947,6.948,2,false,18,104,98,6,0,0,98,22,1.7339,0.0014,0,0
116,28954,6.863,2,false,18,104,98,6,0,0,99,22,1.7339,0.0014,0,0
117,28961,6.89,2,false,18,105,99,6,0,0,99,22,3.1684,0.0016,0,0
118,28968,6.99,2,false,18,105,99,6,0,0,99,22,3.1684,0.0016,0,0
119,28974,6.817,2,false,18,105,99,6,0,0,99,22,3.1684,0.0016,0,0
120,28981,6.956,2,false,18,106,99,7,0,0,100,22,1.6056,0.0013,0,0
121,28988,6.837,2,false,18,106,100,6,0,0,100,21,1.6056,0.0013,0,0
122,28995,6.908,2,false,18,106,100,6,0,0,100,21,1.6056,0.0013,0,0
123,29002,6.961,2,false,18,106,100,6,0,0,100,21,1.6056,0.0013,0,0
124,29009,6.824,2,false,18,107,101,6,0,0,101,21,2.1379,0.0016,0,0
125,29016,6.962,2,false,18,107,101,6,0,0,101,21,2.1379,0.0016,0,0
126,29023,6.855,2,false,18,107,101,6,0,0,101,21,2.1379,0.0016,0,0
127,29030,6.921,2,false,18,108,101,7,0,0,102,21,2.1379,0.0016,0,0
128,29037,6.867,2,false,18,108,102,6,0,0,102,20,2.8319,0.0023,0,0
129,29043,6.912,2,false,18,108,102,6,0,0,102,20,2.8319,0.0023,0,0
130,29050,6.944,2,false,18,108,102,6,0,0,102,20,2.8319,0.0023,0,0
131,29058,8.131,2,false,18,109,103,6,0,0,103,20,1.6175,0.0015,0,0
132,29064,5.656,2,false,18,109,103,6,0,0,103,20,1.6175,0.0015,0,0
133,29071,6.867,2,false,18,109,103,6,0,0,103,20,1.6175,0.0015,0,0
134,29078,6.908,2,false,18,110,103,7,0,0,104,20,1.5493,0.0015,0,0
135,29085,6.906,2,false,18,110,104,6,0,0,104,34,1.5493,0.0015,0,0
136,29092,6.886,2,false,18,110,104,6,0,0,104,34,1.5493,0.0015,0,0
137,29099,6.933,2,false,18,111,104,7,0,0,104,34,1.5493,0.0015,0,0
138,29105,6.854,2,false,18,111,105,6,0,0,105,31,1.7358,0.0014,0,0
139,29113,6.992,2,false,18,111,105,6,0,0,105,31,1.7358,0.0014,0,0
140,29119,6.813,2,false,18,111,105,6,0,0,105,31,1.7358,0.0014,0,0
141,29126,6.907,2,false,18,112,105,7,0,0,106,31,2.6377,0.0025,0,0
142,29134,8.042,2,false,18,112,106,6,0,0,106,214,2.6377,0.0025,0,0
143,29140,5.763,2,false,18,112,106,6,0,0,106,214,2.6377,0.0025,0,0
144,29147,6.938,2,false,18,112,106,6,0,0,106,214,2.6377,0.0025,0,0
145,29154,6.845,2,false,18,113,107,6,0,0,107,214,2.9196,0.0015,0,0
146,29162,7.867,2,false,18,113,107,6,0,0,107,25,2.9196,0.0015,0,0
147,29168,5.995,2,false,18,113,107,6,0,0,107,25,2.9196,0.0015,0,0
148,29175,6.853,2,false,18,113,107,6,0,0,107,25,2.9196,0.0015,0,0
149,29182,6.956,2,false,18,114,108,6,0,0,108,25,2.998,0.0027,0,0
150,29189,7.272,2,false,18,114,108,6,0,0,108,27,2.998,0.0027,0,0
151,29195,6.468,2,false,18,114,108,6,0,0,108,27,2.998,0.0027,0,0
152,29202,6.99,2,false,18,114,108,6,0,0,108,27,2.998,0.0027,0,0
153,29209,6.805,2,false,18,115,109,6,0,0,109,27,1.8925,0.0015,0,0
154,29218,8.712,2,false,18,115,109,6,0,0,109,24,1.8925,0.0015,0,0
155,29223,5.085,2,false,18,115,109,6,0,0,109,24,1.8925,0.0015,0,0
156,29230,6.925,2,false,18,115,109,6,0,0,109,24,1.8925,0.0015,0,0
157,29237,6.882,2,false,18,116,110,6,0,0,110,24,2.4213,0.0114,0,0
158,29243,6.89,2,false,18,116,110,6,0,0,110,24,2.4213,0.0114,0,0
159,29251,6.962,2,false,18,116,110,6,0,0,110,24,2.4213,0.0114,0,0
160,29257,6.843,2,false,18,116,110,6,0,0,110,24,2.4213,0.0114,0,0
161,29266,8.793,2,false,18,117,111,6,0,0,111,24,1.5647,0.0012,0,0
162,29271,5.037,2,false,18,117,111,6,0,0,111,24,1.5647,0.0012,0,0
163,29278,6.878,2,false,18,117,111,6,0,0,111,24,1.5647,0.0012,0,0
164,29285,6.93,2,false,18,118,111,7,0,0,112,24,1.7803,0.0014,0,0
165,29294,9.167,2,false,18,118,112,6,0,0,112,68,1.7803,0.0014,0,0
166,29299,4.618,2,false,18,118,112,6,0,0,112,68,1.7803,0.0014,0,0
167,29306,6.886,2,false,18,118,112,6,0,0,113,68,1.7803,0.0014,0,0
168,29313,7.381,2,false,18,119,113,6,0,0,113,68,2.6779,0.0018,0,0
169,29319,6.416,2,false,18,119,113,6,0,0,113,68,2.6779,0.0018,0,0
170,29326,6.897,2,false,18,119,113,6,0,0,113,68,2.6779,0.0018,0,0
171,29333,6.928,2,false,18,120,114,6,0,0,114,68,1.5906,0.0011,0,0
172,29340,6.881,2,false,18,120,114,6,0,0,114,19,1.5906,0.0011,0,0
173,29347,6.94,2,false,18,120,114,6,0,0,114,19,1.5906,0.0011,0,0
174,29354,6.909,2,false,18,121,114,7,0,0,115,19,1.5906,0.0011,0,0
175,29361,6.831,2,false,18,121,115,6,0,0,115,24,3.3103,0.0019,0,0
176,29368,6.967,2,false,18,121,115,6,0,0,115,24,3.3103,0.0019,0,0
177,29375,6.851,2,false,18,121,115,6,0,0,115,24,3.3103,0.0019,0,0
178,29381,6.93,2,false,18,122,115,7,0,0,116,24,3.3103,0.0019,0,0
179,29388,6.95,2,false,18,122,116,6,0,0,116,48,1.8209,0.0014,0,0
180,29395,6.837,2,false,18,122,116,6,0,0,116,48,1.8209,0.0014,0,0
181,29402,6.949,2,false,18,122,116,6,0,0,116,48,1.8209,0.0014,0,0
182,29409,6.832,2,false,18,123,116,7,0,0,116,48,1.8209,0.0014,0,0
183,29416,6.965,2,false,18,123,116,7,0,0,117,21,3.0714,0.0022,0,0
184,29433,17.27,2,false,18,123,117,6,0,0,117,26,3.0714,0.0022,0,0
185,29436,2.912,2,false,18,123,117,6,0,0,117,26,3.0714,0.0022,0,0
186,29440,3.988,2,false,18,123,117,6,0,0,117,26,3.0714,0.0022,0,0
187,29448,6.919,2,false,18,124,117,7,0,0,118,26,3.0714,0.0022,0,0
188,29457,10.097,2,false,18,124,118,6,0,0,118,35,2.9279,0.0025,0,0
189,29461,3.697,2,false,18,124,118,6,0,0,118,35,2.9279,0.0025,0,0
190,29468,7.038,2,false,18,124,118,6,0,0,118,35,2.9279,0.0025,0,0
191,29475,6.757,2,false,18,125,118,7,0,0,118,35,2.9279,0.0025,0,0
192,29482,6.91,2,false,18,125,118,7,0,0,119,38,2.3074,0.0024,0,0
193,29490,8.304,2,false,18,125,119,6,0,0,119,27,2.3074,0.0024,0,0
194,29495,5.5,2,false,18,125,119,6,0,0,119,27,2.3074,0.0024,0,0
195,29502,6.934,2,false,18,125,119,6,0,0,119,27,2.3074,0.0024,0,0
196,29510,7.111,2,false,18,126,120,6,0,0,120,27,1.7689,0.0015,0,0
197,29516,6.673,2,false,18,126,120,6,0,0,120,27,1.7689,0.0015,0,0
198,29523,6.869,2,false,18,126,120,6,0,0,120,27,1.7689,0.0015,0,0
199,29530,6.906,2,false,18,127,120,7,0,0,121,27,2.0071,0.0023,0,0
200,29537,7.364,2,false,18,127,121,6,0,0,121,19,2.0071,0.0023,0,0
201,29544,6.433,2,false,18,127,121,6,0,0,121,19,2.0071,0.0023,0,0
202,29551,6.938,2,false,18,127,121,6,0,0,121,19,2.0071,0.0023,0,0
203,29558,7.445,2,false,18,128,122,6,0,0,122,19,1.8604,0.0024,0,0
204,29565,6.325,2,false,18,128,122,6,0,0,122,19,1.8604,0.0024,0,0
205,29571,6.931,2,false,18,128,122,6,0,0,122,19,1.8604,0.0024,0,0
206,29578,6.863,2,false,18,129,122,7,0,0,123,19,1.8604,0.0024,0,0
207,29586,7.445,2,false,18,129,123,6,0,0,123,24,2.8829,0.0016,0,0
208,29592,6.38,2,false,18,129,123,6,0,0,123,24,2.8829,0.0016,0,0
209,29599,6.909,2,false,18,130,123,7,0,0,123,24,2.8829,0.0016,0,0
210,29606,6.861,2,false,18,130,123,7,0,0,124,33,1.732,0.0013,0,0
211,29613,6.887,2,false,18,130,124,6,0,0,124,18,1.732,0.0013,0,0
212,29620,6.981,2,false,18,130,124,6,0,0,124,18,1.732,0.0013,0,0
213,29627,6.845,2,false,18,130,124,6,0,0,124,18,1.732,0.0013,0,0
214,29634,7.799,2,false,18,131,125,6,0,0,125,18,1.8965,0.0018,0,0
215,29641,5.993,2,false,18,131,125,6,0,0,125,18,1.8965,0.0018,0,0
216,29647,6.899,2,false,18,131,125,6,0,0,125,18,1.8965,0.0018,0,0
217,29654,6.945,2,false,18,132,125,7,0,0,126,18,1.7517,0.0023,0,0
218,29661,7.143,2,false,18,132,126,6,0,0,126,141,1.7517,0.0023,0,0
219,29668,6.671,2,false,18,132,126,6,0,0,126,141,1.7517,0.0023,0,0
220,29675,7.076,2,false,18,132,126,6,0,0,126,141,1.7517,0.0023,0,0
221,29688,13.311,2,false,18,133,127,6,0,0,127,141,3.4303,0.0029,0,0
222,29690,2.063,2,false,18,133,127,6,0,0,127,141,3.4303,0.0029,0,0
223,29696,5.105,2,false,18,133,127,6,0,0,127,141,3.4303,0.0029,0,0
224,29703,6.922,2,false,18,134,127,7,0,0,127,141,3.4303,0.0029,0,0
225,29709,6.866,2,false,18,134,128,6,0,0,128,41,2.2625,0.0029,0,0
226,29716,6.919,2,false,18,134,128,6,0,0,128,40,2.2625,0.0029,0,0
227,29723,6.885,2,false,18,134,128,6,0,0,128,40,2.2625,0.0029,0,0
228,29730,6.888,2,false,18,134,128,6,0,0,129,40,2.2625,0.0029,0,0
229,29737,6.937,2,false,18,135,129,6,0,0,129,40,2.1318,0.0022,0,0
230,29744,6.867,2,false,18,135,129,6,0,0,129,40,2.1318,0.0022,0,0
231,29751,6.948,2,false,18,135,129,6,0,0,129,40,2.1318,0.0022,0,0
232,29758,6.855,2,false,18,136,130,6,0,0,130,40,2.232,0.0025,0,0
233,29765,6.95,2,false,18,136,130,6,0,0,130,32,2.232,0.0025,0,0
234,29772,6.85,2,false,18,136,130,6,0,0,130,32,2.232,0.0025,0,0
235,29778,6.894,2,false,18,136,130,6,0,0,131,32,2.232,0.0025,0,0
236,29785,6.936,2,false,18,137,131,6,0,0,131,32,2.3772,0.0016,0,0
237,29792,6.867,2,false,18,137,131,6,0,0,131,32,2.3772,0.0016,0,0
238,29799,6.95,2,false,18,138,131,7,0,0,131,32,2.3772,0.0016,0,0
239,29806,6.847,2,false,18,138,132,6,0,0,132,32,2.1678,0.002,0,0
240,29813,6.89,2,false,18,138,132,6,0,0,132,25,2.1678,0.002,0,0
241,29820,6.945,2,false,18,138,132,6,0,0,132,25,2.1678,0.002,0,0
242,29827,6.868,2,false,18,138,132,6,0,0,133,25,2.1678,0.002,0,0
243,29834,7.865,2,false,18,139,133,6,0,0,133,25,2.0364,0.002,0,0
244,29840,5.932,2,false,18,139,133,6,0,0,133,25,2.0364,0.002,0,0
245,29848,6.981,2,false,18,139,133,6,0,0,133,25,2.0364,0.002,0,0
246,29855,7.34,2,false,18,140,134,6,0,0,134,25,1.8418,0.0015,0,0
247,29861,6.389,2,false,18,140,134,6,0,0,134,25,1.8418,0.0015,0,0
248,29868,6.936,2,false,18,140,134,6,0,0,134,25,1.8418,0.0015,0,0
249,29875,6.863,2,false,18,141,134,7,0,0,135,25,1.9438,0.0017,0,0
250,29884,8.716,2,false,18,141,135,6,0,0,135,30,1.9438,0.0017,0,0
251,29889,5.068,2,false,18,141,135,6,0,0,135,30,1.9438,0.0017,0,0
252,29896,6.912,2,false,18,141,135,6,0,0,136,30,1.9438,0.0017,0,0
253,29903,6.913,2,false,18,142,136,6,0,0,136,30,1.9019,0.002,0,0
254,29909,6.887,2,false,18,142,136,6,0,0,136,30,1.9019,0.002,0,0
255,29916,6.93,2,false,18,142,136,6,0,0,136,30,1.9019,0.002,0,0
256,29923,6.972,2,false,18,143,137,6,0,0,137,30,1.9567,0.0021,0,0
257,29930,6.855,2,false,18,143,137,6,0,0,137,30,1.9567,0.0021,0,0
258,29937,6.842,2,false,18,143,137,6,0,0,137,30,1.9567,0.0021,0,0
259,29944,6.909,2,false,18,144,137,7,0,0,138,30,1.9048,0.0017,0,0
260,29951,6.934,2,false,18,144,138,6,0,0,138,17,1.9048,0.0017,0,0
261,29958,6.854,2,false,18,144,138,6,0,0,138,17,1.9048,0.0017,0,0
262,29965,6.935,2,false,18,144,138,6,0,0,139,17,1.9048,0.0017,0,0
263,29973,8.427,2,false,18,145,139,6,0,0,139,17,2.3969,0.0022,0,0
264,29979,5.331,2,false,18,145,139,6,0,0,139,17,2.3969,0.0022,0,0
265,29986,6.954,2,false,18,146,139,7,0,0,139,17,2.3969,0.0022,0,0
266,29992,6.854,2,false,18,146,139,7,0,0,140,25,1.8787,0.0014,0,0
267,29999,7.336,2,false,18,146,140,6,0,0,140,24,1.8787,0.0014,0,0
268,30006,6.461,2,false,18,146,140,6,0,0,140,24,1.8787,0.0014,0,0
269,30013,6.944,2,false,18,146,140,6,0,0,141,24,1.6592,0.0012,0,0
270,30020,7.418,2,false,18,147,141,6,0,0,141,24,1.6592,0.0012,0,0
271,30027,6.339,2,false,18,147,141,6,0,0,141,24,1.6592,0.0012,0,0
272,30034,6.954,2,false,18,147,141,6,0,0,141,24,1.6592,0.0012,0,0
273,30041,6.843,2,false,18,148,141,7,0,0,142,24,1.6592,0.0012,0,0
274,30051,10.779,2,false,18,148,142,6,0,0,142,29,2.8855,0.0023,0,0
275,30054,3.018,2,false,18,148,142,6,0,0,142,29,2.8855,0.0023,0,0
276,30061,6.925,2,false,18,148,142,6,0,0,142,29,2.8855,0.0023,0,0
277,30068,6.93,2,false,18,149,142,7,0,0,142,29,2.8855,0.0023,0,0
278,30075,6.849,2,false,18,149,142,7,0,0,143,33,2.3404,0.0017,0,0
279,30082,6.919,2,false,18,149,143,6,0,0,143,19,2.3404,0.0017,0,0
280,30089,6.892,2,false,18,149,143,6,0,0,143,19,2.3404,0.0017,0,0
281,30096,6.937,2,false,18,149,143,6,0,0,143,19,2.3404,0.0017,0,0
282,30103,6.854,2,false,18,150,143,7,0,0,144,19,2.3404,0.0017,0,0
283,30109,6.89,2,false,18,150,144,6,0,0,144,21,1.9651,0.0013,0,0
284,30117,6.966,2,false,18,150,144,6,0,0,144,21,1.9651,0.0013,0,0
285,30123,6.847,2,false,18,150,144,6,0,0,144,21,1.9651,0.0013,0,0
286,30130,6.928,2,false,18,151,144,7,0,0,145,21,1.9651,0.0013,0,0
287,30137,7.306,2,false,18,151,145,6,0,0,145,28,2.6721,0.0024,0,0
288,30144,6.479,2,false,18,151,145,6,0,0,145,28,2.6721,0.0024,0,0
289,30151,6.928,2,false,18,151,145,6,0,0,145,28,2.6721,0.0024,0,0
290,30158,6.861,2,false,18,152,145,7,0,0,146,28,2.6721,0.0024,0,0
291,30165,6.911,2,false,18,152,146,6,0,0,146,30,1.9606,0.0014,0,0
292,30172,6.887,2,false,18,152,146,6,0,0,146,30,1.9606,0.0014,0,0
293,30179,6.953,2,false,18,152,146,6,0,0,146,30,1.9606,0.0014,0,0
294,30192,13.185,2,false,18,153,147,6,0,0,147,30,2.6744,0.0019,0,0
295,30194,2.449,2,false,18,153,147,6,0,0,147,30,2.6744,0.0019,0,0
296,30199,5.037,2,false,18,153,147,6,0,0,147,30,2.6744,0.0019,0,0
297,30206,6.871,2,false,18,154,147,7,0,0,148,30,1.8499,0.0019,0,0
298,30213,6.947,2,false,18,154,148,6,0,0,148,21,1.8499,0.0019,0,0
299,30220,6.856,2,false,18,154,148,6,0,0,148,21,1.8499,0.0019,0,0
300,30227,6.897,2,false,18,155,148,7,0,0,148,21,1.8499,0.0019,0,0
301,30234,6.931,2,false,18,155,149,6,0,0,149,26,2.5196,0.0024,0,0
302,30241,6.863,2,false,18,155,149,6,0,0,149,17,2.5196,0.0024,0,0
303,30248,6.959,2,false,18,155,149,6,0,0,149,17,2.5196,0.0024,0,0
304,30254,6.847,2,false,18,155,149,6,0,0,149,17,2.5196,0.0024,0,0
305,30262,6.94,2,false,18,156,150,6,0,0,150,17,2.0337,0.0015,0,0
306,30268,7.03,2,false,18,156,150,6,0,0,150,33,2.0337,0.0015,0,0
307,30275,6.742,2,false,18,156,150,6,0,0,150,33,2.0337,0.0015,0,0
308,30282,6.938,2,false,18,156,150,6,0,0,150,33,2.0337,0.0015,0,0
309,30289,6.862,2,false,18,157,151,6,0,0,151,33,2.9558,0.0022,0,0
310,30296,6.938,2,false,18,157,151,6,0,0,151,17,2.9558,0.0022,0,0
311,30303,6.853,2,false,18,157,151,6,0,0,151,17,2.9558,0.0022,0,0
312,30310,6.902,2,false,18,157,151,6,0,0,151,17,2.9558,0.0022,0,0
313,30317,6.936,2,false,18,158,151,7,0,0,152,17,2.9558,0.0022,0,0
314,30324,7.445,2,false,18,158,152,6,0,0,152,34,2.9348,0.0019,0,0
315,30331,6.356,2,false,18,158,152,6,0,0,152,34,2.9348,0.0019,0,0
316,30337,6.86,2,false,18,158,152,6,0,0,152,34,2.9348,0.0019,0,0
317,30344,6.949,2,false,18,159,152,7,0,0,153,34,2.0586,0.002,0,0
318,30351,6.843,2,false,18,159,153,6,0,0,153,24,2.0586,0.002,0,0
319,30358,6.909,2,false,18,159,153,6,0,0,153,24,2.0586,0.002,0,0
320,30365,6.928,2,false,18,159,153,6,0,0,154,24,2.0586,0.002,0,0
321,30372,6.863,2,false,18,160,154,6,0,0,154,24,1.7179,0.001,0,0
322,30379,6.99,2,false,18,160,154,6,0,0,154,24,1.7179,0.001,0,0
323,30386,6.811,2,false,18,160,154,6,0,0,154,24,1.7179,0.001,0,0
324,30392,6.899,2,false,18,161,155,6,0,0,155,24,2.7552,0.0013,0,0
325,30400,6.964,2,false,18,161,155,6,0,0,155,24,2.7552,0.0013,0,0
326,30406,6.834,2,false,18,161,155,6,0,0,155,24,2.7552,0.0013,0,0
327,30413,6.941,2,false,18,162,155,7,0,0,156,24,1.8516,0.0013,0,0
328,30421,7.97,2,false,18,162,156,6,0,0,156,27,1.8516,0.0013,0,0
329,30427,5.84,2,false,18,162,156,6,0,0,156,27,1.8516,0.0013,0,0
330,30434,6.854,2,false,18,163,156,7,0,0,157,27,1.8516,0.0013,0,0
331,30441,6.895,2,false,18,163,157,6,0,0,157,19,1.9928,0.0017,0,0
332,30448,6.949,2,false,18,163,157,6,0,0,157,19,1.9928,0.0017,0,0
333,30455,6.858,2,false,18,163,157,6,0,0,157,19,1.9928,0.0017,0,0
334,30461,6.932,2,false,18,164,158,6,0,0,158,19,1.6996,0.0018,0,0
335,30468,6.87,2,false,18,164,158,6,0,0,158,19,1.6996,0.0018,0,0
336,30475,6.915,2,false,18,164,158,6,0,0,158,19,1.6996,0.0018,0,0
337,30482,6.92,2,false,18,165,159,6,0,0,159,19,1.6509,0.0015,0,0
338,30489,6.855,2,false,18,165,159,6,0,0,159,24,1.6509,0.0015,0,0
339,30496,6.95,2,false,18,165,159,6,0,0,159,24,1.6509,0.0015,0,0
340,30503,6.868,2,false,18,165,159,6,0,0,160,24,2.1276,0.0017,0,0
341,30511,7.953,2,false,18,166,160,6,0,0,160,24,2.1276,0.0017,0,0
342,30516,5.828,2,false,18,166,160,6,0,0,160,24,2.1276,0.0017,0,0
343,30524,6.923,2,false,18,166,160,6,0,0,161,24,1.7202,0.0027,0,0
344,30531,7.369,2,false,18,167,161,6,0,0,161,24,1.7202,0.0027,0,0
345,30537,6.427,2,false,18,167,161,6,0,0,161,24,1.7202,0.0027,0,0
346,30544,6.919,2,false,18,167,161,6,0,0,161,24,1.7202,0.0027,0,0
347,30555,10.415,2,false,18,168,162,6,0,0,162,24,1.7692,0.0016,0,0
348,30558,3.349,2,false,18,168,162,6,0,0,162,24,1.7692,0.0016,0,0
349,30565,6.942,2,false,18,168,162,6,0,0,162,24,1.7692,0.0016,0,0
350,30572,6.864,2,false,18,169,162,7,0,0,162,24,1.7692,0.0016,0,0
351,30579,6.926,2,false,18,169,162,7,0,0,163,20,3.942,0.0016,0,0
352,30586,6.878,2,false,18,169,163,6,0,0,163,17,3.942,0.0016,0,0
353,30593,6.914,2,false,18,169,163,6,0,0,163,17,3.942,0.0016,0,0
354,30599,6.939,2,false,18,169,163,6,0,0,163,17,3.942,0.0016,0,0
355,30606,6.839,2,false,18,170,163,7,0,0,164,17,3.942,0.0016,0,0
356,30613,6.942,2,false,18,170,164,6,0,0,164,17,2.6776,0.0018,0,0
357,30620,6.87,2,false,18,170,164,6,0,0,164,17,2.6776,0.0018,0,0
358,30627,6.924,2,false,18,170,164,6,0,0,164,17,2.6776,0.0018,0,0
359,30634,6.874,2,false,18,171,164,7,0,0,165,17,1.9529,0.0016,0,0
360,30643,8.952,2,false,18,171,165,6,0,0,165,30,1.9529,0.0016,0,0
361,30648,4.886,2,false,18,171,165,6,0,0,165,30,1.9529,0.0016,0,0
362,30655,6.852,2,false,18,171,165,6,0,0,165,30,1.9529,0.0016,0,0
363,30663,8.662,2,false,18,172,166,6,0,0,166,30,1.6205,0.0013,0,0
364,30668,5.142,2,false,18,172,166,6,0,0,166,30,1.6205,0.0013,0,0
365,30675,6.917,2,false,18,173,166,7,0,0,166,30,1.6205,0.0013,0,0
366,30682,6.941,2,false,18,173,166,7,0,0,167,28,2.7341,0.002,0,0
367,30689,6.829,2,false,18,173,167,6,0,0,167,20,2.7341,0.002,0,0
368,30696,6.969,2,false,18,173,167,6,0,0,167,20,2.7341,0.002,0,0
369,30703,6.837,2,false,18,173,167,6,0,0,168,20,2.7341,0.002,0,0
370,30710,6.943,2,false,18,174,168,6,0,0,168,20,1.97,0.0024,0,0
371,30717,6.868,2,false,18,174,168,6,0,0,168,20,1.97,0.0024,0,0
372,30724,6.902,2,false,18,174,168,6,0,0,168,20,1.97,0.0024,0,0
373,30731,6.947,2,false,18,175,168,7,0,0,169,20,1.6235,0.0012,0,0
374,30737,6.901,2,false,18,175,169,6,0,0,169,24,1.6235,0.0012,0,0
375,30744,6.887,2,false,18,175,169,6,0,0,169,24,1.6235,0.0012,0,0
376,30751,6.87,2,false,18,175,169,6,0,0,169,24,1.6235,0.0012,0,0
377,30758,6.987,2,false,18,176,170,6,0,0,170,24,1.5947,0.0015,0,0
378,30765,6.853,2,false,18,176,170,6,0,0,170,24,1.5947,0.0015,0,0
379,30772,6.861,2,false,18,176,170,6,0,0,170,24,1.5947,0.0015,0,0
380,30779,6.928,2,false,18,177,170,7,0,0,171,24,3.4912,0.0027,0,0
381,30787,8.396,2,false,18,177,171,6,0,0,171,22,3.4912,0.0027,0,0
382,30793,5.369,2,false,18,177,171,6,0,0,171,22,3.4912,0.0027,0,0
383,30800,6.962,2,false,18,177,171,6,0,0,171,22,3.4912,0.0027,0,0
384,30807,7.324,2,false,18,178,172,6,0,0,172,22,1.6566,0.0018,0,0
385,30813,6.464,2,false,18,178,172,6,0,0,172,22,1.6566,0.0018,0,0
386,30820,6.846,2,false,18,178,172,6,0,0,172,22,1.6566,0.0018,0,0
387,30827,6.945,2,false,18,179,173,6,0,0,173,22,1.775,0.0014,0,0
388,30834,6.871,2,false,18,179,173,6,0,0,173,32,1.775,0.0014,0,0
389,30841,6.883,2,false,18,179,173,6,0,0,173,32,1.775,0.0014,0,0
390,30848,6.949,2,false,18,179,173,6,0,0,174,32,1.775,0.0014,0,0
391,30855,6.842,2,false,18,180,174,6,0,0,174,32,2.1401,0.0016,0,0
392,30862,6.964,2,false,18,180,174,6,0,0,174,32,2.1401,0.0016,0,0
393,30868,6.842,2,false,18,180,174,6,0,0,174,32,2.1401,0.0016,0,0
394,30876,6.908,2,false,18,181,174,7,0,0,175,32,1.8326,0.002,0,0
395,30882,7.049,2,false,18,181,175,6,0,0,175,26,1.8326,0.002,0,0
396,30889,6.751,2,false,18,181,175,6,0,0,175,26,1.8326,0.002,0,0
397,30896,6.924,2,false,18,181,175,6,0,0,176,26,1.9393,0.0016,0,0
398,30903,7.014,2,false,18,182,176,6,0,0,176,26,1.9393,0.0016,0,0
399,30910,6.8,2,false,18,182,176,6,0,0,176,26,1.9393,0.0016,0,0
400,30917,6.847,2,false,18,183,176,7,0,0,176,26,1.9393,0.0016,0,0
401,30924,6.907,2,false,18,183,177,6,0,0,177,18,1.9543,0.0013,0,0
402,30931,6.94,2,false,18,183,177,6,0,0,177,16,1.9543,0.0013,0,0
403,30938,6.862,2,false,18,183,177,6,0,0,177,16,1.9543,0.0013,0,0
404,30945,6.933,2,false,18,183,177,6,0,0,178,16,1.662,0.0012,0,0
405,30951,6.87,2,false,18,184,178,6,0,0,178,16,1.662,0.0012,0,0
406,30958,6.897,2,false,18,184,178,6,0,0,178,16,1.662,0.0012,0,0
407,30965,6.941,2,false,18,184,178,6,0,0,179,16,3.0852,0.0015,0,0
408,30972,6.852,2,false,18,185,179,6,0,0,179,16,3.0852,0.0015,0,0
409,30979,6.989,2,false,18,185,179,6,0,0,179,16,3.0852,0.0015,0,0
410,30986,6.82,2,false,18,185,179,6,0,0,180,16,3.0852,0.0015,0,0
411,30993,6.89,2,false,18,186,180,6,0,0,180,16,1.8309,0.0016,0,0
412,31000,6.964,2,false,18,186,180,6,0,0,180,16,1.8309,0.0016,0,0
413,31007,6.834,2,false,18,186,180,6,0,0,180,16,1.8309,0.0016,0,0
414,31013,6.934,2,false,18,187,181,6,0,0,181,16,1.8303,0.0015,0,0
415,31020,6.88,2,false,18,187,181,6,0,0,181,16,1.8303,0.0015,0,0
416,31027,6.939,2,false,18,187,181,6,0,0,181,16,1.8303,0.0015,0,0
417,31034,6.856,2,false,18,188,181,7,0,0,182,16,1.8208,0.0014,0,0
418,31041,7.3,2,false,18,188,182,6,0,0,182,21,1.8208,0.0014,0,0
419,31048,6.53,2,false,18,188,182,6,0,0,182,21,1.8208,0.0014,0,0
420,31055,6.869,2,false,18,188,182,6,0,0,183,21,1.8529,0.0012,0,0
421,31062,7.447,2,false,18,189,183,6,0,0,183,21,1.8529,0.0012,0,0
422,31069,6.358,2,false,18,189,183,6,0,0,183,21,1.8529,0.0012,0,0
423,31075,6.905,2,false,18,189,183,6,0,0,184,21,1.8529,0.0012,0,0
424,31082,6.924,2,false,18,190,184,6,0,0,184,21,1.8662,0.0017,0,0
425,31089,6.875,2,false,18,190,184,6,0,0,184,21,1.8662,0.0017,0,0
426,31096,6.928,2,false,18,190,184,6,0,0,184,21,1.8662,0.0017,0,0
427,31103,6.867,2,false,18,191,184,7,0,0,185,21,1.7676,0.0012,0,0
428,31110,6.93,2,false,18,191,185,6,0,0,185,18,1.7676,0.0012,0,0
429,31117,6.865,2,false,18,191,185,6,0,0,185,18,1.7676,0.0012,0,0
430,31124,6.901,2,false,18,191,185,6,0,0,186,18,1.8766,0.0017,0,0
431,31131,6.933,2,false,18,192,186,6,0,0,186,18,1.8766,0.0017,0,0
432,31138,6.87,2,false,18,192,186,6,0,0,186,18,1.8766,0.0017,0,0
433,31144,6.926,2,false,18,193,186,7,0,0,187,18,1.8766,0.0017,0,0
434,31151,6.868,2,false,18,193,187,6,0,0,187,18,3.1692,0.0019,0,0
435,31158,6.907,2,false,18,193,187,6,0,0,187,18,3.1692,0.0019,0,0
436,31165,6.93,2,false,18,193,187,6,0,0,187,18,3.1692,0.0019,0,0
437,31172,6.862,2,false,18,194,187,7,0,0,188,18,1.6799,0.0017,0,0
438,31179,6.985,2,false,18,194,188,6,0,0,188,41,1.6799,0.0017,0,0
439,31186,6.82,2,false,18,194,188,6,0,0,188,41,1.6799,0.0017,0,0
440,31193,6.898,2,false,18,194,188,6,0,0,189,41,1.6634,0.0017,0,0
441,31200,6.923,2,false,18,195,189,6,0,0,189,41,1.6634,0.0017,0,0
442,31207,6.879,2,false,18,195,189,6,0,0,189,41,1.6634,0.0017,0,0
443,31214,6.943,2,false,18,195,189,6,0,0,190,41,1.6634,0.0017,0,0
444,31220,6.849,2,false,18,196,190,6,0,0,190,41,1.6802,0.0011,0,0
445,31227,6.95,2,false,18,196,190,6,0,0,190,41,1.6802,0.0011,0,0
446,31234,6.857,2,false,18,196,190,6,0,0,190,41,1.6802,0.0011,0,0
447,31241,6.9,2,false,18,197,191,6,0,0,191,41,1.6689,0.0012,0,0
448,31248,6.96,2,false,18,197,191,6,0,0,191,41,1.6689,0.0012,0,0
449,31255,6.847,2,false,18,197,191,6,0,0,191,41,1.6689,0.0012,0,0
450,31262,6.93,2,false,18,198,191,7,0,0,192,41,1.919,0.0013,0,0
451,31269,6.859,2,false,18,198,192,6,0,0,192,20,1.919,0.0013,0,0
452,31276,6.915,2,false,18,198,192,6,0,0,192,20,1.919,0.0013,0,0
453,31283,6.939,2,false,18,198,192,6,0,0,193,20,1.919,0.0013,0,0
454,31289,6.845,2,false,18,199,193,6,0,0,193,20,2.0371,0.0016,0,0
455,31296,6.942,2,false,18,199,193,6,0,0,193,20,2.0371,0.0016,0,0
456,31303,6.874,2,false,18,199,193,6,0,0,193,20,2.0371,0.0016,0,0
457,31311,7.564,2,false,18,200,194,6,0,0,194,20,2.0934,0.0025,0,0
458,31317,6.233,2,false,18,200,194,6,0,0,194,20,2.0934,0.0025,0,0
459,31324,6.896,2,false,18,200,194,6,0,0,194,20,2.0934,0.0025,0,0
460,31331,6.956,2,false,18,201,194,7,0,0,195,20,2.0934,0.0025,0,0
461,31338,7.504,2,false,18,201,195,6,0,0,195,29,3.9337,0.0023,0,0
462,31345,6.329,2,false,18,201,195,6,0,0,195,29,3.9337,0.0023,0,0
463,31352,6.817,2,false,18,201,195,6,0,0,195,29,3.9337,0.0023,0,0
464,31358,6.894,2,false,18,202,195,7,0,0,196,29,3.9337,0.0023,0,0
465,31365,6.916,2,false,18,202,196,6,0,0,196,19,2.6486,0.0015,0,0
466,31372,6.886,2,false,18,202,196,6,0,0,196,19,2.6486,0.0015,0,0
467,31379,6.933,2,false,18,203,196,7,0,0,196,19,2.6486,0.0015,0,0
468,31386,6.854,2,false,18,203,197,6,0,0,197,21,1.7916,0.0014,0,0
469,31393,6.912,2,false,18,203,197,6,0,0,197,21,1.7916,0.0014,0,0
470,31400,6.94,2,false,18,203,197,6,0,0,197,21,1.7916,0.0014,0,0
471,31407,6.849,2,false,18,204,198,6,0,0,198,21,1.641,0.0012,0,0
472,31414,6.98,2,false,18,204,198,6,0,0,198,21,1.641,0.0012,0,0
473,31420,6.822,2,false,18,204,198,6,0,0,198,21,1.641,0.0012,0,0
474,31427,6.953,2,false,18,205,198,7,0,0,199,21,1.8021,0.0014,0,0
475,31435,7.535,2,false,18,205,199,6,0,0,199,18,1.8021,0.0014,0,0
476,31441,6.228,2,false,18,205,199,6,0,0,199,18,1.8021,0.0014,0,0
477,31448,6.922,2,false,18,205,199,6,0,0,200,18,1.8021,0.0014,0,0
478,31455,6.874,2,false,18,206,200,6,0,0,200,18,1.6708,0.0014,0,0
479,31462,6.955,2,false,18,206,200,6,0,0,200,18,1.6708,0.0014,0,0
480,31469,6.836,2,false,18,206,200,6,0,0,200,18,1.6708,0.0014,0,0
481,31476,6.905,2,false,18,207,200,7,0,0,201,18,1.8377,0.0012,0,0
482,31483,6.926,2,false,18,207,201,6,0,0,201,17,1.8377,0.0012,0,0
483,31489,6.879,2,false,18,207,201,6,0,0,201,17,1.8377,0.0012,0,0
484,31496,6.927,2,false,18,207,201,6,0,0,202,17,1.8377,0.0012,0,0
485,31503,6.864,2,false,18,208,202,6,0,0,202,17,1.624,0.0014,0,0
486,31510,6.945,2,false,18,208,202,6,0,0,202,17,1.624,0.0014,0,0
487,31517,6.862,2,false,18,208,202,6,0,0,202,17,1.624,0.0014,0,0
488,31524,6.9,2,false,18,209,203,6,0,0,203,17,3.0003,0.0017,0,0
489,31531,6.913,2,false,18,209,203,6,0,0,203,22,3.0003,0.0017,0,0
490,31538,6.887,2,false,18,209,203,6,0,0,203,22,3.0003,0.0017,0,0
491,31545,6.933,2,false,18,209,203,6,0,0,204,22,1.5859,0.0013,0,0
492,31552,7.11,2,false,18,210,204,6,0,0,204,22,1.5859,0.0013,0,0
493,31558,6.654,2,false,18,210,204,6,0,0,204,22,1.5859,0.0013,0,0
494,31566,6.939,2,false,18,210,204,6,0,0,205,22,1.7374,0.0014,0,0
495,31572,6.854,2,false,18,211,205,6,0,0,205,22,1.7374,0.0014,0,0
496,31579,6.973,2,false,18,211,205,6,0,0,205,22,1.7374,0.0014,0,0
497,31586,6.845,2,false,18,211,205,6,0,0,206,22,1.7374,0.0014,0,0
498,31594,7.592,2,false,18,212,206,6,0,0,206,22,2.3163,0.0018,0,0
499,31600,6.259,2,false,18,212,206,6,0,0,206,22,2.3163,0.0018,0,0
500,31607,6.84,2,false,18,213,206,7,0,0,206,22,2.3163,0.0018,0,0
501,31614,6.936,2,false,18,213,206,7,0,0,207,40,2.071,0.0016,0,0
502,31623,8.834,2,false,18,213,207,6,0,0,207,29,2.071,0.0016,0,0
503,31628,4.985,2,false,18,213,207,6,0,0,207,29,2.071,0.0016,0,0
504,31635,6.845,2,false,18,213,207,6,0,0,207,29,2.071,0.0016,0,0
505,31642,6.905,2,false,18,214,208,6,0,0,208,29,2.3352,0.0014,0,0
506,31648,6.932,2,false,18,214,208,6,0,0,208,22,2.3352,0.0014,0,0
507,31655,6.867,2,false,18,214,208,6,0,0,208,22,2.3352,0.0014,0,0
508,31662,6.956,2,false,18,214,208,6,0,0,209,22,2.5562,0.0023,0,0
509,31676,13.535,2,false,18,215,209,6,0,0,209,22,2.5562,0.0023,0,0
510,31678,2.539,2,false,18,215,209,6,0,0,209,22,2.5562,0.0023,0,0
511,31683,4.616,2,false,18,215,209,6,0,0,209,22,2.5562,0.0023,0,0
512,31690,6.858,2,false,18,216,209,7,0,0,210,22,1.8909,0.0021,0,0
513,31698,8.066,2,false,18,216,210,6,0,0,210,27,1.8909,0.0021,0,0
514,31703,5.723,2,false,18,216,210,6,0,0,210,27,1.8909,0.0021,0,0
515,31711,6.967,2,false,18,216,210,6,0,0,211,27,1.8909,0.0021,0,0
516,31717,7.111,2,false,18,217,211,6,0,0,211,27,2.6531,0.0015,0,0
517,31724,6.656,2,false,18,217,211,6,0,0,211,27,2.6531,0.0015,0,0
518,31731,6.917,2,false,18,217,211,6,0,0,211,27,2.6531,0.0015,0,0
519,31738,6.863,2,false,18,218,211,7,0,0,212,27,2.0268,0.0014,0,0
520,31745,7.503,2,false,18,218,212,6,0,0,212,33,2.0268,0.0014,0,0
521,31752,6.285,2,false,18,218,212,6,0,0,212,33,2.0268,0.0014,0,0
522,31759,6.893,2,false,18,218,212,6,0,0,213,33,1.6955,0.0014,0,0
523,31765,6.924,2,false,18,219,213,6,0,0,213,33,1.6955,0.0014,0,0
524,31773,6.895,2,false,18,219,213,6,0,0,213,33,1.6955,0.0014,0,0
525,31779,6.919,2,false,18,219,213,6,0,0,214,33,1.6955,0.0014,0,0
526,31786,6.86,2,false,18,220,214,6,0,0,214,33,1.7183,0.0015,0,0
527,31793,6.911,2,false,18,220,214,6,0,0,214,33,1.7183,0.0015,0,0
528,31800,6.933,2,false,18,220,214,6,0,0,214,33,1.7183,0.0015,0,0
529,31807,6.862,2,false,18,221,215,6,0,0,215,33,1.9511,0.0019,0,0
530,31814,7.248,2,false,18,221,215,6,0,0,215,29,1.9511,0.0019,0,0
531,31821,6.556,2,false,18,221,215,6,0,0,215,29,1.9511,0.0019,0,0
532,31828,6.936,2,false,18,221,215,6,0,0,216,29,1.6195,0.0011,0,0
533,31835,7.451,2,false,18,222,216,6,0,0,216,29,1.6195,0.0011,0,0
534,31841,6.332,2,false,18,222,216,6,0,0,216,29,1.6195,0.0011,0,0
535,31848,6.928,2,false,18,223,216,7,0,0,216,29,1.6195,0.0011,0,0
536,31855,7.026,2,false,18,223,217,6,0,0,217,37,1.783,0.0016,0,0
537,31862,6.772,2,false,18,223,217,6,0,0,217,37,1.783,0.0016,0,0
538,31869,6.881,2,false,18,223,217,6,0,0,217,37,1.783,0.0016,0,0
539,31876,6.869,2,false,18,224,217,7,0,0,218,37,1.783,0.0016,0,0
540,31883,6.917,2,false,18,224,218,6,0,0,218,28,2.8921,0.0026,0,0
541,31890,6.885,2,false,18,224,218,6,0,0,218,28,2.8921,0.0026,0,0
542,31897,6.922,2,false,18,224,218,6,0,0,218,28,2.8921,0.0026,0,0
543,31903,6.882,2,false,18,225,218,7,0,0,219,28,2.8921,0.0026,0,0
544,31910,6.916,2,false,18,225,219,6,0,0,219,20,3.3133,0.0016,0,0
545,31918,6.893,2,false,18,225,219,6,0,0,219,20,3.3133,0.0016,0,0
546,31924,6.894,2,false,18,225,219,6,0,0,220,20,3.3133,0.0016,0,0
547,31932,7.841,2,false,18,226,220,6,0,0,220,20,1.5839,0.0015,0,0
548,31938,5.963,2,false,18,226,220,6,0,0,220,20,1.5839,0.0015,0,0
549,31945,6.96,2,false,18,226,220,6,0,0,220,20,1.5839,0.0015,0,0
550,31952,6.831,2,false,18,227,220,7,0,0,221,20,2.3977,0.0015,0,0
551,31959,6.899,2,false,18,227,221,6,0,0,221,41,2.3977,0.0015,0,0
552,31966,7.009,2,false,18,227,221,6,0,0,221,41,2.3977,0.0015,0,0
553,31973,6.795,2,false,18,227,221,6,0,0,221,41,2.3977,0.0015,0,0
554,31979,6.933,2,false,18,228,221,7,0,0,222,41,2.3977,0.0015,0,0
555,31986,6.857,2,false,18,228,222,6,0,0,222,23,2.728,0.003,0,0
556,31993,6.918,2,false,18,228,222,6,0,0,222,23,2.728,0.003,0,0
557,32000,6.932,2,false,18,228,222,6,0,0,222,23,2.728,0.003,0,0
558,32007,6.85,2,false,18,229,222,7,0,0,223,23,2.728,0.003,0,0
559,32015,8.125,2,false,18,229,223,6,0,0,223,34,2.028,0.0021,0,0
560,32021,5.681,2,false,18,229,223,6,0,0,223,34,2.028,0.0021,0,0
561,32028,6.998,2,false,18,229,223,6,0,0,223,34,2.028,0.0021,0,0
562,32035,6.813,2,false,18,230,223,7,0,0,224,34,2.028,0.0021,0,0
563,32045,9.947,2,false,18,230,224,6,0,0,224,33,2.7701,0.0016,0,0
564,32049,4.031,2,false,18,230,224,6,0,0,224,33,2.7701,0.0016,0,0
565,32056,6.925,2,false,18,230,224,6,0,0,224,33,2.7701,0.0016,0,0
566,32062,6.734,2,false,18,231,224,7,0,0,224,33,2.7701,0.0016,0,0
567,32070,6.862,2,false,18,231,224,7,0,0,225,31,2.8057,0.0027,0,0
568,32079,9.518,2,false,18,231,225,6,0,0,225,28,2.8057,0.0027,0,0
569,32083,4.301,2,false,18,231,225,6,0,0,225,28,2.8057,0.0027,0,0
570,32090,6.879,2,false,18,231,225,6,0,0,225,28,2.8057,0.0027,0,0
571,32097,6.943,2,false,18,232,225,7,0,0,226,28,2.8057,0.0027,0,0
572,32104,7.208,2,false,18,232,226,6,0,0,226,30,1.7768,0.0017,0,0
573,32111,6.576,2,false,18,232,226,6,0,0,226,30,1.7768,0.0017,0,0
574,32118,6.873,2,false,18,233,226,7,0,0,226,30,1.7768,0.0017,0,0
575,32124,6.895,2,false,18,233,227,6,0,0,227,36,2.7112,0.0016,0,0
576,32131,6.922,2,false,18,233,227,6,0,0,227,22,2.7112,0.0016,0,0
577,32138,6.875,2,false,18,233,227,6,0,0,227,22,2.7112,0.0016,0,0
578,32145,6.945,2,false,18,233,227,6,0,0,228,22,2.0397,0.0023,0,0
579,32152,6.883,2,false,18,234,228,6,0,0,228,22,2.0397,0.0023,0,0
580,32159,6.881,2,false,18,234,228,6,0,0,228,22,2.0397,0.0023,0,0
581,32166,6.954,2,false,18,234,228,6,0,0,228,22,2.0397,0.0023,0,0
582,32173,7.275,2,false,18,235,229,6,0,0,229,22,1.7867,0.0021,0,0
583,32180,6.519,2,false,18,235,229,6,0,0,229,22,1.7867,0.0021,0,0
584,32186,6.842,2,false,18,235,229,6,0,0,229,22,1.7867,0.0021,0,0
585,32194,6.908,2,false,18,236,229,7,0,0,230,22,1.8275,0.0014,0,0
586,32200,6.917,2,false,18,236,230,6,0,0,230,30,1.8275,0.0014,0,0
587,32207,6.884,2,false,18,236,230,6,0,0,230,30,1.8275,0.0014,0,0
588,32214,6.946,2,false,18,236,230,6,0,0,230,30,1.8275,0.0014,0,0
589,32221,7.2,2,false,18,237,231,6,0,0,231,30,1.5443,0.0016,0,0
590,32228,6.611,2,false,18,237,231,6,0,0,231,30,1.5443,0.0016,0,0
591,32235,6.841,2,false,18,237,231,6,0,0,231,30,1.5443,0.0016,0,0
592,32242,6.894,2,false,18,238,231,7,0,0,232,30,1.9278,0.0014,0,0
593,32248,6.914,2,false,18,238,232,6,0,0,232,25,1.9278,0.0014,0,0
594,32255,6.889,2,false,18,238,232,6,0,0,232,25,1.9278,0.0014,0,0
595,32262,6.945,2,false,18,238,232,6,0,0,233,25,1.9278,0.0014,0,0
596,32271,8.198,2,false,18,239,233,6,0,0,233,25,2.0452,0.0018,0,0
597,32276,5.565,2,false,18,239,233,6,0,0,233,25,2.0452,0.0018,0,0
598,32283,7.029,2,false,18,239,233,6,0,0,233,25,2.0452,0.0018,0,0
599,32290,6.756,2,false,18,240,233,7,0,0,233,25,2.0452,0.0018,0,0
600,32297,6.94,2,false,18,240,233,7,0,0,234,27,1.7979,0.0012,0,0
601,32304,6.857,2,false,18,240,234,6,0,0,234,28,1.7979,0.0012,0,0
602,32311,6.958,2,false,18,240,234,6,0,0,234,28,1.7979,0.0012,0,0
603,32317,6.848,2,false,18,240,234,6,0,0,235,28,1.7979,0.0012,0,0
604,32324,6.891,2,false,18,241,235,6,0,0,235,28,3.1713,0.0022,0,0
605,32331,6.958,2,false,18,241,235,6,0,0,235,28,3.1713,0.0022,0,0
606,32338,6.849,2,false,18,241,235,6,0,0,235,28,3.1713,0.0022,0,0
607,32345,6.942,2,false,18,242,235,7,0,0,236,28,1.8918,0.0022,0,0
608,32352,6.85,2,false,18,242,236,6,0,0,236,22,1.8918,0.0022,0,0
609,32359,6.909,2,false,18,242,236,6,0,0,236,22,1.8918,0.0022,0,0
610,32366,6.937,2,false,18,243,236,7,0,0,237,22,1.8918,0.0022,0,0
611,32373,6.858,2,false,18,243,237,6,0,0,237,29,2.117,0.0019,0,0
612,32380,6.953,2,false,18,243,237,6,0,0,237,29,2.117,0.0019,0,0
613,32386,6.847,2,false,18,243,237,6,0,0,237,29,2.117,0.0019,0,0
614,32393,6.904,2,false,18,244,238,6,0,0,238,29,1.6722,0.0013,0,0
615,32400,6.955,2,false,18,244,238,6,0,0,238,29,1.6722,0.0013,0,0
616,32407,6.848,2,false,18,244,238,6,0,0,238,29,1.6722,0.0013,0,0
617,32414,6.938,2,false,18,245,239,6,0,0,239,29,1.7858,0.0018,0,0
618,32422,7.476,2,false,18,245,239,6,0,0,239,17,1.7858,0.0018,0,0
619,32428,6.322,2,false,18,245,239,6,0,0,239,17,1.7858,0.0018,0,0
620,32435,6.864,2,false,18,245,239,6,0,0,240,17,1.8638,0.0018,0,0
621,32449,14.051,2,false,18,246,240,6,0,0,240,17,1.8638,0.0018,0,0
622,32451,1.618,2,false,18,246,240,6,0,0,240,17,1.8638,0.0018,0,0
623,32456,5.287,2,false,18,246,240,6,0,0,240,17,1.8638,0.0018,0,0
624,32463,6.933,2,false,18,247,241,6,0,0,241,17,1.7792,0.0015,0,0
625,32470,6.865,2,false,18,247,241,6,0,0,241,22,1.7792,0.0015,0,0
626,32477,6.904,2,false,18,247,241,6,0,0,241,22,1.7792,0.0015,0,0
627,32483,6.948,2,false,18,247,241,6,0,0,242,22,1.8484,0.0019,0,0
628,32491,7.761,2,false,18,248,242,6,0,0,242,22,1.8484,0.0019,0,0
629,32497,6.031,2,false,18,248,242,6,0,0,242,22,1.8484,0.0019,0,0
630,32504,6.858,2,false,18,248,242,6,0,0,243,22,1.8484,0.0019,0,0
631,32511,6.925,2,false,18,249,243,6,0,0,243,22,3.8354,0.0024,0,0
632,32518,6.879,2,false,18,249,243,6,0,0,243,22,3.8354,0.0024,0,0
633,32525,6.896,2,false,18,249,243,6,0,0,243,22,3.8354,0.0024,0,0
634,32532,7.029,2,false,18,250,243,7,0,0,244,22,1.6377,0.0014,0,0
635,32541,8.778,2,false,18,250,244,6,0,0,244,22,1.6377,0.0014,0,0
636,32546,4.933,2,false,18,250,244,6,0,0,244,22,1.6377,0.0014,0,0
637,32553,6.882,2,false,18,250,244,6,0,0,245,22,1.8295,0.0072,0,0
638,32561,8.56,2,false,18,251,245,6,0,0,245,22,1.8295,0.0072,0,0
639,32566,5.247,2,false,18,251,245,6,0,0,245,22,1.8295,0.0072,0,0
640,32573,6.888,2,false,18,251,245,6,0,0,246,22,1.8159,0.0012,0,0
641,32581,8.249,2,false,18,252,246,6,0,0,246,22,1.8159,0.0012,0,0
642,32587,5.54,2,false,18,252,246,6,0,0,246,22,1.8159,0.0012,0,0
643,32594,6.89,2,false,18,253,246,7,0,0,247,22,1.8159,0.0012,0,0
644,32602,7.835,2,false,18,253,247,6,0,0,247,28,1.7246,0.0021,0,0
645,32608,5.979,2,false,18,253,247,6,0,0,247,28,1.7246,0.0021,0,0
646,32614,6.924,2,false,18,253,247,6,0,0,247,28,1.7246,0.0021,0,0
647,32622,7.322,2,false,18,254,248,6,0,0,248,28,1.7445,0.0015,0,0
648,32628,6.496,2,false,18,254,248,6,0,0,248,28,1.7445,0.0015,0,0
649,32635,6.841,2,false,18,254,248,6,0,0,248,28,1.7445,0.0015,0,0
650,32642,6.899,2,false,18,255,249,6,0,0,249,28,1.9533,0.0018,0,0
651,32649,6.937,2,false,18,255,249,6,0,0,249,19,1.9533,0.0018,0,0
652,32656,6.874,2,false,18,255,249,6,0,0,249,19,1.9533,0.0018,0,0
653,32663,6.927,2,false,18,255,249,6,0,0,249,19,1.9533,0.0018,0,0
654,32670,6.866,2,false,18,256,250,6,0,0,250,19,1.6389,0.0012,0,0
655,32677,6.905,2,false,18,256,250,6,0,0,250,19,1.6389,0.0012,0,0
656,32683,6.942,2,false,18,256,250,6,0,0,250,19,1.6389,0.0012,0,0
657,32690,6.856,2,false,18,257,250,7,0,0,251,19,1.6389,0.0012,0,0
658,32697,6.943,2,false,18,257,251,6,0,0,251,19,3.4381,0.0021,0,0
659,32704,6.858,2,false,18,257,251,6,0,0,251,19,3.4381,0.0021,0,0
660,32711,6.925,2,false,18,257,251,6,0,0,251,19,3.4381,0.0021,0,0
661,32718,6.888,2,false,18,258,251,7,0,0,252,19,2.1006,0.0022,0,0
662,32725,7.373,2,false,18,258,252,6,0,0,252,20,2.1006,0.0022,0,0
663,32732,6.436,2,false,18,258,252,6,0,0,252,20,2.1006,0.0022,0,0
664,32739,6.87,2,false,18,258,252,6,0,0,253,20,2.1006,0.0022,0,0
665,32747,8.401,2,false,18,259,253,6,0,0,253,20,1.7048,0.0014,0,0
666,32753,5.414,2,false,18,259,253,6,0,0,253,20,1.7048,0.0014,0,0
667,32759,6.883,2,false,18,259,253,6,0,0,253,20,1.7048,0.0014,0,0
668,32767,7.98,2,false,18,260,254,6,0,0,254,20,1.6984,0.0011,0,0
669,32773,5.833,2,false,18,260,254,6,0,0,254,20,1.6984,0.0011,0,0
670,32780,6.952,2,false,18,260,254,6,0,0,254,20,1.6984,0.0011,0,0
671,32787,6.837,2,false,18,261,254,7,0,0,255,20,1.8913,0.0014,0,0
672,32794,6.9,2,false,18,261,255,6,0,0,255,23,1.8913,0.0014,0,0
673,32801,6.945,2,false,18,261,255,6,0,0,255,23,1.8913,0.0014,0,0
674,32808,6.869,2,false,18,261,255,6,0,0,256,23,1.8913,0.0014,0,0
675,32815,6.922,2,false,18,262,256,6,0,0,256,23,1.8037,0.0014,0,0
676,32821,6.877,2,false,18,262,256,6,0,0,256,23,1.8037,0.0014,0,0
677,32829,6.95,2,false,18,263,256,7,0,0,256,23,1.8037,0.0014,0,0
678,32835,6.927,2,false,18,263,257,6,0,0,257,29,1.9855,0.0019,0,0
679,32842,6.832,2,false,18,263,257,6,0,0,257,29,1.9855,0.0019,0,0
680,32849,6.998,2,false,18,263,257,6,0,0,257,29,1.9855,0.0019,0,0
681,32856,6.79,2,false,18,264,257,7,0,0,258,29,2.1245,0.0018,0,0
682,32863,6.927,2,false,18,264,258,6,0,0,258,18,2.1245,0.0018,0,0
683,32870,6.878,2,false,18,264,258,6,0,0,258,18,2.1245,0.0018,0,0
684,32877,6.895,2,false,18,264,258,6,0,0,258,18,2.1245,0.0018,0,0
685,32884,6.946,2,false,18,265,259,6,0,0,259,18,2.8823,0.0013,0,0
686,32890,6.851,2,false,18,265,259,6,0,0,259,24,2.8823,0.0013,0,0
687,32897,6.94,2,false,18,265,259,6,0,0,259,24,2.8823,0.0013,0,0
688,32904,6.868,2,false,18,265,259,6,0,0,260,24,1.8338,0.0017,0,0
689,32912,7.366,2,false,18,266,260,6,0,0,260,24,1.8338,0.0017,0,0
690,32918,6.433,2,false,18,266,260,6,0,0,260,24,1.8338,0.0017,0,0
691,32925,6.887,2,false,18,266,260,6,0,0,260,24,1.8338,0.0017,0,0
692,32932,6.947,2,false,18,267,261,6,0,0,261,24,2.0677,0.0025,0,0
693,32939,6.859,2,false,18,267,261,6,0,0,261,27,2.0677,0.0025,0,0
694,32946,6.94,2,false,18,267,261,6,0,0,261,27,2.0677,0.0025,0,0
695,32953,6.863,2,false,18,267,261,6,0,0,262,27,2.0677,0.0025,0,0
696,32960,7.084,2,false,18,268,262,6,0,0,262,27,2.0566,0.0021,0,0
697,32966,6.763,2,false,18,268,262,6,0,0,262,27,2.0566,0.0021,0,0
698,32973,6.852,2,false,18,268,262,6,0,0,262,27,2.0566,0.0021,0,0
699,32980,6.935,2,false,18,269,263,6,0,0,263,27,1.9876,0.002,0,0
700,32987,7.042,2,false,18,269,263,6,0,0,263,27,1.9876,0.002,0,0
701,32994,6.731,2,false,18,269,263,6,0,0,263,27,1.9876,0.002,0,0
702,33001,6.93,2,false,18,269,263,6,0,0,264,27,1.9876,0.002,0,0
703,33008,6.856,2,false,18,270,264,6,0,0,264,27,1.9495,0.0017,0,0
704,33015,6.945,2,false,18,270,264,6,0,0,264,27,1.9495,0.0017,0,0
705,33022,6.866,2,false,18,270,264,6,0,0,264,27,1.9495,0.0017,0,0
706,33028,6.944,2,false,18,271,265,6,0,0,265,27,2.0636,0.0026,0,0
707,33036,6.863,2,false,18,271,265,6,0,0,265,27,2.0636,0.0026,0,0
708,33042,6.89,2,false,18,271,265,6,0,0,265,27,2.0636,0.0026,0,0
709,33049,6.961,2,false,18,272,265,7,0,0,266,27,1.798,0.0019,0,0
710,33056,6.832,2,false,18,272,266,6,0,0,266,24,1.798,0.0019,0,0
711,33063,6.955,2,false,18,272,266,6,0,0,266,24,1.798,0.0019,0,0
712,33070,6.846,2,false,18,273,266,7,0,0,267,24,1.798,0.0019,0,0
713,33077,6.905,2,false,18,273,267,6,0,0,267,24,3.0354,0.0019,0,0
714,33084,7.431,2,false,18,273,267,6,0,0,267,26,3.0354,0.0019,0,0
715,33091,6.368,2,false,18,273,267,6,0,0,267,26,3.0354,0.0019,0,0
716,33097,6.953,2,false,18,273,267,6,0,0,268,26,1.9725,0.0022,0,0
717,33111,13.259,2,false,18,274,268,6,0,0,268,26,1.9725,0.0022,0,0
718,33112,1.23,2,false,18,274,268,6,0,0,268,26,1.9725,0.0022,0,0
719,33118,6.151,2,false,18,274,268,6,0,0,268,26,1.9725,0.0022,0,0
720,33125,6.96,2,false,18,275,269,6,0,0,269,26,1.8103,0.0018,0,0
721,33132,6.912,2,false,18,275,269,6,0,0,269,26,1.8103,0.0018,0,0
722,33139,6.842,2,false,18,275,269,6,0,0,269,26,1.8103,0.0018,0,0
723,33146,6.929,2,false,18,276,269,7,0,0,270,26,1.9339,0.0016,0,0
724,33153,7.127,2,false,18,276,270,6,0,0,270,30,1.9339,0.0016,0,0
725,33160,6.64,2,false,18,276,270,6,0,0,270,30,1.9339,0.0016,0,0
726,33167,6.955,2,false,18,276,270,6,0,0,270,30,1.9339,0.0016,0,0
727,33175,8.259,2,false,18,277,271,6,0,0,271,30,2.3909,0.0016,0,0
728,33180,5.53,2,false,18,277,271,6,0,0,271,30,2.3909,0.0016,0,0
729,33187,6.862,2,false,18,277,271,6,0,0,271,30,2.3909,0.0016,0,0
730,33194,6.882,2,false,18,278,271,7,0,0,272,30,1.9205,0.0019,0,0
731,33201,6.959,2,false,18,278,272,6,0,0,272,23,1.9205,0.0019,0,0
732,33208,6.859,2,false,18,278,272,6,0,0,272,23,1.9205,0.0019,0,0
733,33215,6.927,2,false,18,278,272,6,0,0,272,23,1.9205,0.0019,0,0
734,33222,6.942,2,false,18,279,273,6,0,0,273,23,1.6431,0.0015,0,0
735,33229,6.866,2,false,18,279,273,6,0,0,273,23,1.6431,0.0015,0,0
736,33236,6.859,2,false,18,279,273,6,0,0,273,23,1.6431,0.0015,0,0
737,33242,6.893,2,false,18,280,273,7,0,0,274,23,1.7892,0.0012,0,0
738,33249,6.935,2,false,18,280,274,6,0,0,274,24,1.7892,0.0012,0,0
739,33256,6.874,2,false,18,280,274,6,0,0,274,24,1.7892,0.0012,0,0
740,33263,6.933,2,false,18,280,274,6,0,0,274,24,1.7892,0.0012,0,0
741,33270,6.854,2,false,18,281,275,6,0,0,275,24,2.8535,0.0013,0,0
742,33277,6.901,2,false,18,281,275,6,0,0,275,26,2.8535,0.0013,0,0
743,33284,6.959,2,false,18,281,275,6,0,0,275,26,2.8535,0.0013,0,0
744,33291,6.838,2,false,18,281,275,6,0,0,276,26,1.8393,0.0012,0,0
745,33298,6.934,2,false,18,282,276,6,0,0,276,26,1.8393,0.0012,0,0
746,33304,6.882,2,false,18,282,276,6,0,0,276,26,1.8393,0.0012,0,0
747,33311,6.93,2,false,18,283,276,7,0,0,276,26,1.8393,0.0012,0,0
748,33318,6.864,2,false,18,283,277,6,0,0,277,36,1.9693,0.0014,0,0
749,33325,6.895,2,false,18,283,277,6,0,0,277,16,1.9693,0.0014,0,0
750,33332,6.933,2,false,18,283,277,6,0,0,277,16,1.9693,0.0014,0,0
751,33339,6.882,2,false,18,283,277,6,0,0,278,16,1.9268,0.0016,0,0
752,33346,6.911,2,false,18,284,278,6,0,0,278,16,1.9268,0.0016,0,0
753,33353,6.88,2,false,18,284,278,6,0,0,278,16,1.9268,0.0016,0,0
754,33360,6.896,2,false,18,284,278,6,0,0,279,16,1.9268,0.0016,0,0
755,33368,8.128,2,false,18,285,279,6,0,0,279,16,1.6199,0.0012,0,0
756,33374,5.681,2,false,18,285,279,6,0,0,279,16,1.6199,0.0012,0,0
757,33380,6.919,2,false,18,285,279,6,0,0,279,16,1.6199,0.0012,0,0
758,33387,6.882,2,false,18,286,279,7,0,0,280,16,2.6539,0.003,0,0
759,33394,6.884,2,false,18,286,280,6,0,0,280,18,2.6539,0.003,0,0
760,33401,6.963,2,false,18,286,280,6,0,0,280,18,2.6539,0.003,0,0
761,33408,6.849,2,false,18,286,280,6,0,0,280,18,2.6539,0.003,0,0
762,33415,6.96,2,false,18,287,281,6,0,0,281,18,2.3736,0.0016,0,0
763,33422,7.107,2,false,18,287,281,6,0,0,281,23,2.3736,0.0016,0,0
764,33429,6.676,2,false,18,287,281,6,0,0,281,23,2.3736,0.0016,0,0
765,33436,6.863,2,false,18,287,281,6,0,0,282,23,1.9697,0.0014,0,0
766,33442,6.9,2,false,18,288,282,6,0,0,282,23,1.9697,0.0014,0,0
767,33449,6.938,2,false,18,288,282,6,0,0,282,23,1.9697,0.0014,0,0
768,33456,6.854,2,false,18,288,282,6,0,0,283,23,1.9697,0.0014,0,0
769,33463,6.942,2,false,18,289,283,6,0,0,283,23,2.9727,0.0016,0,0
770,33470,6.855,2,false,18,289,283,6,0,0,283,45,2.9727,0.0016,0,0
771,33477,6.922,2,false,18,289,283,6,0,0,283,45,2.9727,0.0016,0,0
772,33484,6.907,2,false,18,289,283,6,0,0,284,45,1.961,0.0015,0,0
773,33491,7.002,2,false,18,290,284,6,0,0,284,45,1.961,0.0015,0,0
774,33498,6.827,2,false,18,290,284,6,0,0,284,45,1.961,0.0015,0,0
775,33505,6.837,2,false,18,290,284,6,0,0,284,45,1.961,0.0015,0,0
776,33511,6.917,2,false,18,291,285,6,0,0,285,45,1.8074,0.0015,0,0
777,33519,6.892,2,false,18,291,285,6,0,0,285,45,1.8074,0.0015,0,0
778,33525,6.9,2,false,18,291,285,6,0,0,285,45,1.8074,0.0015,0,0
779,33532,6.929,2,false,18,292,285,7,0,0,286,45,1.7125,0.002,0,0
780,33539,6.863,2,false,18,292,286,6,0,0,286,16,1.7125,0.002,0,0
781,33546,6.936,2,false,18,292,286,6,0,0,286,16,1.7125,0.002,0,0
782,33553,6.866,2,false,18,293,286,7,0,0,287,16,1.862,0.0013,0,0
783,33560,7.127,2,false,18,293,287,6,0,0,287,27,1.862,0.0013,0,0
784,33567,6.721,2,false,18,293,287,6,0,0,287,27,1.862,0.0013,0,0
785,33574,6.859,2,false,18,293,287,6,0,0,288,27,1.862,0.0013,0,0
786,33581,7.07,2,false,18,294,288,6,0,0,288,27,2.1389,0.0016,0,0
787,33587,6.733,2,false,18,294,288,6,0,0,288,27,2.1389,0.0016,0,0
788,33594,6.895,2,false,18,294,288,6,0,0,288,27,2.1389,0.0016,0,0
789,33601,6.936,2,false,18,295,288,7,0,0,289,27,1.6088,0.0012,0,0
790,33608,6.858,2,false,18,295,289,6,0,0,289,33,1.6088,0.0012,0,0
791,33615,6.937,2,false,18,295,289,6,0,0,289,33,1.6088,0.0012,0,0
792,33622,6.867,2,false,18,295,289,6,0,0,290,33,1.6622,0.0012,0,0
793,33629,6.928,2,false,18,296,290,6,0,0,290,33,1.6622,0.0012,0,0
794,33636,6.875,2,false,18,296,290,6,0,0,290,33,1.6622,0.0012,0,0
795,33643,7.01,2,false,18,296,290,6,0,0,291,33,1.6622,0.0012,0,0
796,33650,6.808,2,false,18,297,291,6,0,0,291,33,2.4649,0.0013,0,0
797,33657,6.882,2,false,18,297,291,6,0,0,291,33,2.4649,0.0013,0,0
798,33663,6.952,2,false,18,297,291,6,0,0,291,33,2.4649,0.0013,0,0
799,33670,6.845,2,false,18,298,292,6,0,0,292,33,2.1533,0.0018,0,0
800,33677,6.899,2,false,18,298,292,6,0,0,292,22,2.1533,0.0018,0,0
801,33684,6.927,2,false,18,298,292,6,0,0,292,22,2.1533,0.0018,0,0
802,33691,6.881,2,false,18,298,292,6,0,0,293,22,1.7972,0.0017,0,0
803,33698,7.297,2,false,18,299,293,6,0,0,293,22,1.7972,0.0017,0,0
804,33705,6.496,2,false,18,299,293,6,0,0,293,22,1.7972,0.0017,0,0
805,33712,6.956,2,false,18,299,293,6,0,0,294,22,1.7733,0.0018,0,0
806,33718,6.836,2,false,18,300,294,6,0,0,294,22,1.7733,0.0018,0,0
807,33726,6.918,2,false,18,300,294,6,0,0,294,22,1.7733,0.0018,0,0
808,33732,6.912,2,false,18,300,294,6,0,0,294,22,1.7733,0.0018,0,0
809,33739,6.88,2,false,18,301,295,6,0,0,295,22,1.8276,0.0014,0,0
810,33746,6.931,2,false,18,301,295,6,0,0,295,22,1.8276,0.0014,0,0
811,33753,6.869,2,false,18,301,295,6,0,0,295,22,1.8276,0.0014,0,0
812,33760,6.896,2,false,18,302,296,6,0,0,296,22,1.6712,0.0012,0,0
813,33767,6.938,2,false,18,302,296,6,0,0,296,17,1.6712,0.0012,0,0
814,33774,6.864,2,false,18,302,296,6,0,0,296,17,1.6712,0.0012,0,0
815,33781,6.927,2,false,18,303,296,7,0,0,297,17,1.4834,0.001,0,0
816,33787,6.873,2,false,18,303,297,6,0,0,297,26,1.4834,0.001,0,0
817,33794,6.895,2,false,18,303,297,6,0,0,297,26,1.4834,0.001,0,0
818,33801,6.945,2,false,18,303,297,6,0,0,298,26,1.8005,0.0015,0,0
819,33808,6.85,2,false,18,304,298,6,0,0,298,26,1.8005,0.0015,0,0
820,33815,6.965,2,false,18,304,298,6,0,0,298,26,1.8005,0.0015,0,0
821,33822,6.844,2,false,18,304,298,6,0,0,299,26,1.8005,0.0015,0,0
822,33829,7.353,2,false,18,305,299,6,0,0,299,26,2.8355,0.0019,0,0
823,33836,6.456,2,false,18,305,299,6,0,0,299,26,2.8355,0.0019,0,0
824,33843,6.891,2,false,18,305,299,6,0,0,299,26,2.8355,0.0019,0,0
825,33850,6.997,2,false,18,306,299,7,0,0,300,26,1.6571,0.0014,0,0
826,33856,6.798,2,false,18,306,300,6,0,0,300,20,1.6571,0.0014,0,0
827,33863,6.949,2,false,18,306,300,6,0,0,300,20,1.6571,0.0014,0,0
828,33870,6.862,2,false,18,306,300,6,0,0,301,20,1.6571,0.0014,0,0
829,33882,11.289,2,false,18,307,301,6,0,0,301,20,2.1626,0.0021,0,0
830,33884,2.548,2,false,18,307,301,6,0,0,301,20,2.1626,0.0021,0,0
831,33891,6.867,2,false,18,307,301,6,0,0,301,20,2.1626,0.0021,0,0
832,33898,6.973,2,false,18,308,301,7,0,0,301,20,2.1626,0.0021,0,0
833,33905,7.24,2,false,18,308,302,6,0,0,302,31,2.2864,0.0023,0,0
834,33912,6.525,2,false,18,308,302,6,0,0,302,31,2.2864,0.0023,0,0
835,33919,6.866,2,false,18,308,302,6,0,0,302,31,2.2864,0.0023,0,0
836,33925,6.889,2,false,18,309,302,7,0,0,303,31,1.6664,0.0017,0,0
837,33933,7.408,2,false,18,309,303,6,0,0,303,21,1.6664,0.0017,0,0
838,33939,6.395,2,false,18,309,303,6,0,0,303,21,1.6664,0.0017,0,0
839,33946,6.93,2,false,18,309,303,6,0,0,304,21,1.8475,0.0017,0,0
840,33954,7.82,2,false,18,310,304,6,0,0,304,21,1.8475,0.0017,0,0
841,33960,5.949,2,false,18,310,304,6,0,0,304,21,1.8475,0.0017,0,0
842,33967,7.003,2,false,18,310,304,6,0,0,304,21,1.8475,0.0017,0,0
843,33974,6.807,2,false,18,311,305,6,0,0,305,21,2.0627,0.0023,0,0
844,33981,6.907,2,false,18,311,305,6,0,0,305,20,2.0627,0.0023,0,0
845,33988,6.885,2,false,18,311,305,6,0,0,305,20,2.0627,0.0023,0,0
846,33995,6.898,2,false,18,311,305,6,0,0,306,20,1.7336,0.0015,0,0
847,34003,8.078,2,false,18,312,306,6,0,0,306,20,1.7336,0.0015,0,0
848,34008,5.718,2,false,18,312,306,6,0,0,306,20,1.7336,0.0015,0,0
849,34015,6.953,2,false,18,313,306,7,0,0,306,20,1.7336,0.0015,0,0
850,34022,6.848,2,false,18,313,307,6,0,0,307,25,2.6522,0.0019,0,0
851,34029,6.942,2,false,18,313,307,6,0,0,307,16,2.6522,0.0019,0,0
852,34036,6.862,2,false,18,313,307,6,0,0,307,16,2.6522,0.0019,0,0
853,34043,6.915,2,false,18,313,307,6,0,0,308,16,1.6685,0.0018,0,0
854,34050,7.023,2,false,18,314,308,6,0,0,308,16,1.6685,0.0018,0,0
855,34057,6.757,2,false,18,314,308,6,0,0,308,16,1.6685,0.0018,0,0
856,34064,6.948,2,false,18,314,308,6,0,0,309,16,1.6685,0.0018,0,0
857,34070,6.846,2,false,18,315,309,6,0,0,309,16,1.801,0.0022,0,0
858,34077,6.912,2,false,18,315,309,6,0,0,309,16,1.801,0.0022,0,0
859,34084,6.938,2,false,18,315,309,6,0,0,309,16,1.801,0.0022,0,0
860,34091,6.851,2,false,18,316,310,6,0,0,310,16,2.3053,0.0023,0,0
861,34099,6.956,2,false,18,316,310,6,0,0,310,16,2.3053,0.0023,0,0
862,34105,6.848,2,false,18,316,310,6,0,0,310,16,2.3053,0.0023,0,0
863,34112,6.943,2,false,18,317,311,6,0,0,311,16,2.1346,0.0017,0,0
864,34119,6.864,2,false,18,317,311,6,0,0,311,17,2.1346,0.0017,0,0
865,34126,6.904,2,false,18,317,311,6,0,0,311,17,2.1346,0.0017,0,0
866,34133,6.959,2,false,18,317,311,6,0,0,311,17,2.1346,0.0017,0,0
867,34140,7.536,2,false,18,318,312,6,0,0,312,17,1.8174,0.0012,0,0
868,34146,6.242,2,false,18,318,312,6,0,0,312,17,1.8174,0.0012,0,0
869,34153,6.861,2,false,18,318,312,6,0,0,312,17,1.8174,0.0012,0,0
870,34160,6.895,2,false,18,319,312,7,0,0,313,17,2.0436,0.0013,0,0
871,34167,7.263,2,false,18,319,313,6,0,0,313,25,2.0436,0.0013,0,0
872,34174,6.539,2,false,18,319,313,6,0,0,313,25,2.0436,0.0013,0,0
873,34181,6.952,2,false,18,319,313,6,0,0,313,25,2.0436,0.0013,0,0
874,34188,6.837,2,false,18,320,314,6,0,0,314,25,2.1322,0.0025,0,0
875,34195,6.918,2,false,18,320,314,6,0,0,314,25,2.1322,0.0025,0,0
876,34202,6.946,2,false,18,320,314,6,0,0,314,25,2.1322,0.0025,0,0
877,34209,6.851,2,false,18,321,314,7,0,0,315,25,2.5354,0.0017,0,0
878,34216,7.313,2,false,18,321,315,6,0,0,315,23,2.5354,0.0017,0,0
879,34222,6.482,2,false,18,321,315,6,0,0,315,23,2.5354,0.0017,0,0
880,34229,6.954,2,false,18,321,315,6,0,0,316,23,2.5354,0.0017,0,0
881,34236,7.287,2,false,18,322,316,6,0,0,316,23,2.117,0.002,0,0
882,34243,6.706,2,false,18,322,316,6,0,0,316,23,2.117,0.002,0,0
883,34250,6.725,2,false,18,323,316,7,0,0,316,23,2.117,0.002,0,0
884,34257,7.071,2,false,18,323,317,6,0,0,317,24,1.8696,0.0015,0,0
885,34264,6.721,2,false,18,323,317,6,0,0,317,24,1.8696,0.0015,0,0
886,34271,6.832,2,false,18,323,317,6,0,0,317,24,1.8696,0.0015,0,0
887,34278,6.925,2,false,18,324,318,6,0,0,318,24,1.7818,0.0029,0,0
888,34284,6.916,2,false,18,324,318,6,0,0,318,22,1.7818,0.0029,0,0
889,34291,6.871,2,false,18,324,318,6,0,0,318,22,1.7818,0.0029,0,0
890,34298,6.945,2,false,18,324,318,6,0,0,319,22,1.8096,0.0016,0,0
891,34307,9.058,2,false,18,325,319,6,0,0,319,22,1.8096,0.0016,0,0
892,34312,4.727,2,false,18,325,319,6,0,0,319,22,1.8096,0.0016,0,0
893,34319,6.862,2,false,18,325,319,6,0,0,319,22,1.8096,0.0016,0,0
894,34326,6.901,2,false,18,326,319,7,0,0,320,22,2.1632,0.0029,0,0
895,34333,6.92,2,false,18,326,320,6,0,0,320,24,2.1632,0.0029,0,0
896,34340,6.883,2,false,18,326,320,6,0,0,320,24,2.1632,0.0029,0,0
897,34347,6.947,2,false,18,326,320,6,0,0,321,24,2.1632,0.0029,0,0
898,34355,8.493,2,false,18,327,321,6,0,0,321,24,2.1292,0.0014,0,0
899,34360,5.256,2,false,18,327,321,6,0,0,321,24,2.1292,0.0014,0,0
900,34367,6.954,2,false,18,327,321,6,0,0,321,24,2.1292,0.0014,0,0
901,34374,6.844,2,false,18,328,321,7,0,0,322,24,1.7444,0.0017,0,0
902,34381,7.229,2,false,18,328,322,6,0,0,322,27,1.7444,0.0017,0,0
903,34388,6.578,2,false,18,328,322,6,0,0,322,27,1.7444,0.0017,0,0
904,34395,6.903,2,false,18,328,322,6,0,0,323,27,1.7444,0.0017,0,0
905,34402,7.475,2,false,18,329,323,6,0,0,323,27,3.4084,0.002,0,0
906,34408,6.32,2,false,18,329,323,6,0,0,323,27,3.4084,0.002,0,0
907,34415,6.936,2,false,18,329,323,6,0,0,323,27,3.4084,0.002,0,0
908,34422,6.862,2,false,18,330,323,7,0,0,324,27,1.9047,0.0019,0,0
909,34430,7.328,2,false,18,330,324,6,0,0,324,29,1.9047,0.0019,0,0
910,34436,6.468,2,false,18,330,324,6,0,0,324,29,1.9047,0.0019,0,0
911,34443,6.917,2,false,18,330,324,6,0,0,325,29,1.9047,0.0019,0,0
912,34451,7.712,2,false,18,331,325,6,0,0,325,29,1.879,0.0029,0,0
913,34457,6.081,2,false,18,331,325,6,0,0,325,29,1.879,0.0029,0,0
914,34464,6.922,2,false,18,331,325,6,0,0,325,29,1.879,0.0029,0,0
915,34471,6.87,2,false,18,332,326,6,0,0,326,29,1.5373,0.0018,0,0
916,34478,6.9,2,false,18,332,326,6,0,0,326,18,1.5373,0.0018,0,0
917,34485,6.941,2,false,18,332,326,6,0,0,326,18,1.5373,0.0018,0,0
918,34491,6.868,2,false,18,332,326,6,0,0,327,18,2.5143,0.002,0,0
919,34501,9.43,2,false,18,333,327,6,0,0,327,18,2.5143,0.002,0,0
920,34505,4.373,2,false,18,333,327,6,0,0,327,18,2.5143,0.002,0,0
921,34512,6.919,2,false,18,334,327,7,0,0,327,18,2.5143,0.002,0,0
922,34519,6.866,2,false,18,334,327,7,0,0,328,20,1.7421,0.0016,0,0
923,34526,6.894,2,false,18,334,328,6,0,0,328,25,1.7421,0.0016,0,0
924,34533,6.96,2,false,18,334,328,6,0,0,328,25,1.7421,0.0016,0,0
925,34540,6.855,2,false,18,334,328,6,0,0,328,25,1.7421,0.0016,0,0
926,34547,6.926,2,false,18,335,329,6,0,0,329,25,2.0451,0.002,0,0
927,34554,7.06,2,false,18,335,329,6,0,0,329,23,2.0451,0.002,0,0
928,34560,6.71,2,false,18,335,329,6,0,0,329,23,2.0451,0.002,0,0
929,34568,7.013,2,false,18,335,329,6,0,0,330,23,2.0451,0.002,0,0
930,34575,7.493,2,false,18,336,330,6,0,0,330,23,2.2476,0.0017,0,0
931,34581,6.352,2,false,18,336,330,6,0,0,330,23,2.2476,0.0017,0,0
932,34588,6.749,2,false,18,336,330,6,0,0,330,23,2.2476,0.0017,0,0
933,34595,6.897,2,false,18,337,330,7,0,0,331,23,2.2476,0.0017,0,0
934,34605,10.393,2,false,18,337,331,6,0,0,331,28,4.3882,0.0024,0,0
935,34609,3.4,2,false,18,337,331,6,0,0,331,28,4.3882,0.0024,0,0
936,34615,6.945,2,false,18,337,331,6,0,0,331,28,4.3882,0.0024,0,0
937,34622,6.869,2,false,18,338,331,7,0,0,331,28,4.3882,0.0024,0,0
938,34638,15.314,2,false,18,338,332,6,0,0,332,29,2.125,0.0022,0,0
939,34642,4.08,2,false,18,338,332,6,0,0,332,29,2.125,0.0022,0,0
940,34645,3.117,2,false,18,338,332,6,0,0,332,29,2.125,0.0022,0,0
941,34652,6.615,2,false,18,339,332,7,0,0,332,29,2.125,0.0022,0,0
942,34659,6.864,2,false,18,339,332,7,0,0,333,38,2.2403,0.0031,0,0
943,34666,7.607,2,false,18,339,333,6,0,0,333,146,2.2403,0.0031,0,0
944,34673,6.245,2,false,18,339,333,6,0,0,333,146,2.2403,0.0031,0,0
945,34679,6.828,2,false,18,339,333,6,0,0,333,146,2.2403,0.0031,0,0
946,34686,6.94,2,false,18,340,333,7,0,0,334,146,2.1253,0.0024,0,0
947,34695,9.146,2,false,18,340,334,6,0,0,334,28,2.1253,0.0024,0,0
948,34700,4.649,2,false,18,340,334,6,0,0,334,28,2.1253,0.0024,0,0
949,34707,6.863,2,false,18,340,334,6,0,0,334,28,2.1253,0.0024,0,0
950,34714,6.929,2,false,18,341,335,6,0,0,335,28,2.2775,0.0014,0,0
951,34721,6.866,2,false,18,341,335,6,0,0,335,20,2.2775,0.0014,0,0
952,34727,6.892,2,false,18,341,335,6,0,0,335,20,2.2775,0.0014,0,0
953,34734,6.956,2,false,18,341,335,6,0,0,336,20,1.8324,0.0025,0,0
954,34741,6.841,2,false,18,342,336,6,0,0,336,20,1.8324,0.0025,0,0
955,34748,6.96,2,false,18,342,336,6,0,0,336,20,1.8324,0.0025,0,0
956,34755,6.859,2,false,18,343,336,7,0,0,336,20,1.8324,0.0025,0,0
957,34762,6.885,2,false,18,343,336,7,0,0,337,31,1.8324,0.0025,0,0
958,34769,6.931,2,false,18,343,337,6,0,0,337,24,2.8012,0.0021,0,0
959,34776,6.883,2,false,18,343,337,6,0,0,337,24,2.8012,0.0021,0,0
960,34783,6.946,2,false,18,343,337,6,0,0,338,24,2.8012,0.0021,0,0
961,34789,6.839,2,false,18,344,338,6,0,0,338,24,2.2113,0.0027,0,0
962,34797,6.971,2,false,18,344,338,6,0,0,338,24,2.2113,0.0027,0,0
963,34803,6.837,2,false,18,344,338,6,0,0,338,24,2.2113,0.0027,0,0
964,34810,6.911,2,false,18,345,338,7,0,0,339,24,2.2113,0.0027,0,0
965,34817,6.933,2,false,18,345,339,6,0,0,339,30,3.5405,0.0017,0,0
966,34824,6.857,2,false,18,345,339,6,0,0,339,30,3.5405,0.0017,0,0
967,34831,6.957,2,false,18,345,339,6,0,0,339,30,3.5405,0.0017,0,0
968,34838,6.852,2,false,18,346,340,6,0,0,340,30,2.3465,0.0017,0,0
969,34845,6.883,2,false,18,346,340,6,0,0,340,27,2.3465,0.0017,0,0
970,34852,6.952,2,false,18,346,340,6,0,0,340,27,2.3465,0.0017,0,0
971,34859,6.864,2,false,18,346,340,6,0,0,341,27,2.3465,0.0017,0,0
972,34865,6.91,2,false,18,347,341,6,0,0,341,27,1.7785,0.0015,0,0
973,34872,6.898,2,false,18,347,341,6,0,0,341,27,1.7785,0.0015,0,0
974,34879,6.943,2,false,18,347,341,6,0,0,341,27,1.7785,0.0015,0,0
975,34886,6.842,2,false,18,348,341,7,0,0,341,27,1.7785,0.0015,0,0
976,34893,6.908,2,false,18,348,341,7,0,0,342,35,1.7785,0.0015,0,0
977,34900,7.478,2,false,18,348,342,6,0,0,342,24,3.0566,0.003,0,0
978,34907,6.315,2,false,18,348,342,6,0,0,342,24,3.0566,0.003,0,0
979,34914,6.928,2,false,18,348,342,6,0,0,342,24,3.0566,0.003,0,0
980,34921,6.889,2,false,18,349,342,7,0,0,343,24,2.5919,0.0019,0,0
981,34927,6.869,2,false,18,349,343,6,0,0,343,32,2.5919,0.0019,0,0
982,34935,6.977,2,false,18,349,343,6,0,0,343,32,2.5919,0.0019,0,0
983,34941,6.833,2,false,18,349,343,6,0,0,343,32,2.5919,0.0019,0,0
984,34948,6.948,2,false,18,350,343,7,0,0,344,32,2.087,0.0025,0,0
985,34955,6.847,2,false,18,350,344,6,0,0,344,20,2.087,0.0025,0,0
986,34962,6.97,2,false,18,350,344,6,0,0,344,20,2.087,0.0025,0,0
987,34969,6.839,2,false,18,351,344,7,0,0,344,20,2.087,0.0025,0,0
988,34976,6.889,2,false,18,351,345,6,0,0,345,27,1.7191,0.0021,0,0
989,34983,6.981,2,false,18,351,345,6,0,0,345,27,1.7191,0.0021,0,0
990,34990,6.831,2,false,18,351,345,6,0,0,345,27,1.7191,0.0021,0,0
991,34997,6.942,2,false,18,352,345,7,0,0,346,27,2.1665,0.0022,0,0
992,35003,6.846,2,false,18,352,346,6,0,0,346,24,2.1665,0.0022,0,0
993,35010,6.922,2,false,18,352,346,6,0,0,346,24,2.1665,0.0022,0,0
994,35017,6.935,2,false,18,352,346,6,0,0,347,24,2.6974,0.0023,0,0
995,35025,7.573,2,false,18,353,347,6,0,0,347,24,2.6974,0.0023,0,0
996,35031,6.243,2,false,18,353,347,6,0,0,347,24,2.6974,0.0023,0,0
997,35038,6.834,2,false,18,353,347,6,0,0,347,24,2.6974,0.0023,0,0
998,35045,6.963,2,false,18,354,348,6,0,0,348,24,1.9964,0.0014,0,0
999,35052,6.831,2,false,18,354,348,6,0,0,348,18,1.9964,0.0014,0,0
1000,35059,6.924,2,false,18,354,348,6,0,0,348,18,1.9964,0.0014,0,0
1001,35066,6.924,2,false,18,354,348,6,0,0,349,18,1.8609,0.002,0,0
1002,35072,6.854,2,false,18,355,349,6,0,0,349,18,1.8609,0.002,0,0
1003,35079,6.955,2,false,18,355,349,6,0,0,349,18,1.8609,0.002,0,0
1004,35086,6.84,2,false,18,355,349,6,0,0,349,18,1.8609,0.002,0,0
1005,35093,6.906,2,false,18,356,350,6,0,0,350,18,1.616,0.0013,0,0
1006,35100,6.974,2,false,18,356,350,6,0,0,350,17,1.616,0.0013,0,0
1007,35107,6.825,2,false,18,356,350,6,0,0,350,17,1.616,0.0013,0,0
1008,35114,6.935,2,false,18,356,350,6,0,0,351,17,1.6958,0.0015,0,0
1009,35121,6.863,2,false,18,357,351,6,0,0,351,17,1.6958,0.0015,0,0
1010,35128,6.938,2,false,18,357,351,6,0,0,351,17,1.6958,0.0015,0,0
1011,35135,6.868,2,false,18,357,351,6,0,0,352,17,1.6079,0.001,0,0
1012,35142,7.014,2,false,18,358,352,6,0,0,352,17,1.6079,0.001,0,0
1013,35149,6.839,2,false,18,358,352,6,0,0,352,17,1.6079,0.001,0,0
1014,35155,6.846,2,false,18,359,352,7,0,0,353,17,2.5653,0.0017,0,0
1015,35162,6.923,2,false,18,359,353,6,0,0,353,249,2.5653,0.0017,0,0
1016,35169,6.879,2,false,18,359,353,6,0,0,353,249,2.5653,0.0017,0,0
1017,35176,6.896,2,false,18,359,353,6,0,0,354,249,1.6139,0.0015,0,0
1018,35183,6.926,2,false,18,360,354,6,0,0,354,249,1.6139,0.0015,0,0
1019,35190,6.883,2,false,18,360,354,6,0,0,354,249,1.6139,0.0015,0,0
1020,35197,6.945,2,false,18,360,354,6,0,0,354,249,1.6139,0.0015,0,0
1021,35203,6.843,2,false,18,361,355,6,0,0,355,249,2.5637,0.0015,0,0
1022,35210,6.962,2,false,18,361,355,6,0,0,355,18,2.5637,0.0015,0,0
1023,35217,6.839,2,false,18,361,355,6,0,0,355,18,2.5637,0.0015,0,0
1024,35224,6.908,2,false,18,361,355,6,0,0,356,18,2.3009,0.0026,0,0
1025,35231,6.914,2,false,18,362,356,6,0,0,356,18,2.3009,0.0026,0,0
1026,35238,6.882,2,false,18,362,356,6,0,0,356,18,2.3009,0.0026,0,0
1027,35245,6.94,2,false,18,362,356,6,0,0,356,18,2.3009,0.0026,0,0
1028,35252,6.856,2,false,18,363,357,6,0,0,357,18,2.2095,0.0015,0,0
1029,35259,6.9,2,false,18,363,357,6,0,0,357,26,2.2095,0.0015,0,0
1030,35265,6.924,2,false,18,363,357,6,0,0,357,26,2.2095,0.0015,0,0
1031,35273,6.888,2,false,18,363,357,6,0,0,358,26,1.9981,0.0016,0,0
1032,35280,7.566,2,false,18,364,358,6,0,0,358,26,1.9981,0.0016,0,0
1033,35286,6.236,2,false,18,364,358,6,0,0,358,26,1.9981,0.0016,0,0
1034,35293,6.928,2,false,18,364,358,6,0,0,359,26,1.7665,0.0014,0,0
1035,35311,18.087,2,false,18,365,359,6,0,0,359,26,1.7665,0.0014,0,0
1036,35312,1.01,2,false,18,365,359,6,0,0,359,26,1.7665,0.0014,0,0
1037,35318,6.048,2,false,18,365,359,6,0,0,360,26,2.0219,0.0025,0,0
1038,35325,6.832,2,false,18,365,360,5,0,0,360,26,2.0219,0.0025,0,0
1039,35332,6.943,2,false,18,365,360,5,0,0,360,26,2.0219,0.0025,0,0
1040,35339,6.917,2,false,18,365,360,5,0,0,361,26,1.6669,0.0012,0,0
1041,35346,6.857,2,false,18,365,361,4,0,0,361,26,1.6669,0.0012,0,0
1042,35353,7,2,false,18,365,361,4,0,0,361,26,1.6669,0.0012,0,0
1043,35360,6.794,2,false,18,365,361,4,0,0,362,26,1.8203,0.0011,0,0
1044,35367,7.077,2,false,18,365,362,3,0,0,362,26,1.8203,0.0011,0,0
1045,35373,6.701,2,false,18,365,362,3,0,0,362,26,1.8203,0.0011,0,0
1046,35381,6.974,2,false,18,365,362,3,0,0,363,26,1.8203,0.0011,0,0
1047,35387,6.802,2,false,18,365,363,2,0,0,363,26,3.7033,0.002,0,0
1048,35394,6.961,2,false,18,365,363,2,0,0,363,26,3.7033,0.002,0,0
1049,35401,6.981,2,false,18,365,363,2,0,0,363,26,3.7033,0.002,0,0
1050,35408,6.827,2,false,18,365,363,2,0,0,364,26,3.7033,0.002,0,0
1051,35415,7.018,2,false,18,365,364,1,0,0,364,26,3.7033,0.002,0,0
1052,35422,6.832,2,false,18,365,364,1,0,0,364,26,3.7033,0.002,0,0
1053,35429,6.848,2,false,18,365,364,1,0,0,364,26,3.7033,0.002,0,0
1054,35436,6.916,2,false,18,365,364,1,0,0,364,26,3.7033,0.002,0,0
1055,35443,6.869,2,false,18,365,364,1,0,0,364,26,3.7033,0.002,0,0
1056,35449,6.951,2,false,18,365,364,1,0,0,364,26,3.7033,0.002,0,0
1057,35457,6.936,2,false,18,365,364,1,0,0,364,26,3.7033,0.002,0,0
1058,35463,6.871,2,false,18,365,364,1,0,0,364,26,3.7033,0.002,0,0
1059,35470,6.894,2,false,18,365,364,1,0,0,364,26,3.7033,0.002,0,0
1060,35477,6.893,2,false,18,365,364,1,0,0,364,26,3.7033,0.002,0,0
1061,35484,6.879,2,false,18,365,364,1,0,0,364,26,3.7033,0.002,0,0
1062,35491,7.007,2,false,18,365,364,1,0,0,364,26,3.7033,0.002,0,0
1063,35498,7.047,2,false,18,365,364,1,0,0,364,26,3.7033,0.002,0,0
1064,35505,6.672,2,false,18,365,364,1,0,0,364,26,3.7033,0.002,0,0
1065,35512,6.917,2,false,18,365,364,1,0,0,364,26,3.7033,0.002,0,0
1066,35519,6.894,2,false,18,365,364,1,0,0,364,26,3.7033,0.002,0,0
1067,35525,6.972,2,false,18,365,364,1,0,0,364,26,3.7033,0.002,0,0
1068,35532,6.841,2,false,18,365,364,1,0,0,364,26,3.7033,0.002,0,0
1069,35539,6.82,2,false,18,365,364,1,0,0,364,26,3.7033,0.002,0,0
1070,35546,7.05,2,false,18,365,364,1,0,0,364,26,3.7033,0.002,0,0
1071,35553,6.789,2,false,18,365,364,1,0,0,364,26,3.7033,0.002,0,0
1072,35560,6.964,2,false,18,365,364,1,0,0,364,26,3.7033,0.002,0,0
1073,35567,6.84,2,false,18,365,364,1,0,0,364,26,3.7033,0.002,0,0
1074,35574,6.871,2,false,18,365,364,1,0,0,364,26,3.7033,0.002,0,0
1075,35581,6.939,2,false,18,365,364,1,0,0,364,26,3.7033,0.002,0,0
1076,35587,6.815,2,false,18,365,364,1,0,0,364,26,3.7033,0.002,0,0
1077,35594,7.009,2,false,18,365,364,1,0,0,364,26,3.7033,0.002,0,0
1078,35601,6.885,2,false,18,365,364,1,0,0,364,26,3.7033,0.002,0,0
1079,35608,6.886,2,false,18,365,364,1,0,0,364,26,3.7033,0.002,0,0
1080,35615,6.988,2,false,18,365,364,1,0,0,364,26,3.7033,0.002,0,0
1081,35622,6.825,2,false,18,365,364,1,0,0,364,26,3.7033,0.002,0,0
1082,36398,776.262,2,false,18,365,364,1,0,0,364,26,3.7033,0.002,0,0
1083,36401,2.507,2,false,18,365,364,1,0,0,364,26,3.7033,0.002,0,0
1084,36413,12.635,2,false,18,366,364,2,0,0,364,26,1.9457,0.0016,0,0
1085,36421,7.364,2,false,18,367,364,3,0,0,364,26,1.9457,0.0016,0,0
1086,36422,1.733,2,false,18,367,364,3,0,0,364,26,1.9457,0.0016,0,0
1087,36428,5.233,2,false,18,367,364,3,0,0,365,26,1.9457,0.0016,0,0
1088,36435,6.843,2,false,18,367,365,2,0,0,365,26,2.0791,0.0024,0,0
1089,36443,8.674,2,false,18,368,365,3,0,0,365,26,2.0791,0.0024,0,0
1090,36448,5.178,2,false,18,368,365,3,0,0,365,26,2.0791,0.0024,0,0
1091,36455,6.855,2,false,18,368,365,3,0,0,366,26,2.0791,0.0024,0,0
1092,36463,7.907,2,false,18,369,366,3,0,0,366,26,2.6701,0.002,0,0
1093,36469,5.892,2,false,18,369,366,3,0,0,366,26,2.6701,0.002,0,0
1094,36476,6.897,2,false,18,369,366,3,0,0,366,26,2.6701,0.002,0,0
1095,36484,8.302,2,false,18,370,367,3,0,0,367,26,1.8512,0.0015,0,0
1096,36490,5.495,2,false,18,370,367,3,0,0,367,26,1.8512,0.0015,0,0
1097,36497,6.937,2,false,18,370,367,3,0,0,367,26,1.8512,0.0015,0,0
1098,36504,6.853,2,false,18,371,367,4,0,0,368,26,1.8512,0.0015,0,0
1099,36510,6.912,2,false,18,371,368,3,0,0,368,26,1.899,0.0015,0,0
1100,36517,6.945,2,false,18,371,368,3,0,0,368,26,1.899,0.0015,0,0
1101,36524,6.846,2,false,18,372,368,4,0,0,368,26,1.899,0.0015,0,0
1102,36531,6.951,2,false,18,372,368,4,0,0,369,26,2.1583,0.0023,0,0
1103,36538,6.857,2,false,18,372,369,3,0,0,369,26,2.1583,0.0023,0,0
1104,36545,6.887,2,false,18,373,369,4,0,0,369,26,2.1583,0.0023,0,0
1105,36552,6.976,2,false,18,373,369,4,0,0,370,26,2.1583,0.0023,0,0
1106,36559,6.834,2,false,18,373,370,3,0,0,370,26,2.2077,0.0024,0,0
1107,36566,6.949,2,false,18,374,370,4,0,0,370,26,2.2077,0.0024,0,0
1108,36573,6.857,2,false,18,374,370,4,0,0,370,26,2.2077,0.0024,0,0
1109,36579,6.901,2,false,18,374,370,4,0,0,371,26,3.0915,0.0022,0,0
1110,36587,6.963,2,false,18,375,371,4,0,0,371,26,3.0915,0.0022,0,0
1111,36593,6.835,2,false,18,375,371,4,0,0,371,26,3.0915,0.0022,0,0
1112,36600,6.964,2,false,18,375,371,4,0,0,371,26,3.0915,0.0022,0,0
1113,36607,6.82,2,false,18,376,372,4,0,0,372,26,2.5078,0.002,0,0
1114,36614,6.918,2,false,18,376,372,4,0,0,372,26,2.5078,0.002,0,0
1115,36621,6.975,2,false,18,376,372,4,0,0,372,26,2.5078,0.002,0,0
1116,36628,6.815,2,false,18,377,372,5,0,0,372,26,2.5078,0.002,0,0
1117,36635,6.966,2,false,18,377,372,5,0,0,373,26,1.9335,0.0025,0,0
1118,36642,6.841,2,false,18,377,373,4,0,0,373,26,1.9335,0.0025,0,0
1119,36648,6.887,2,false,18,378,373,5,0,0,373,26,1.9335,0.0025,0,0
1120,36655,6.995,2,false,18,378,373,5,0,0,374,26,1.9335,0.0025,0,0
1121,36662,6.816,2,false,18,378,374,4,0,0,374,26,2.1636,0.0018,0,0
1122,36669,6.93,2,false,18,379,374,5,0,0,374,26,2.1636,0.0018,0,0
1123,36676,6.864,2,false,18,379,374,5,0,0,374,26,2.1636,0.0018,0,0
1124,36683,6.903,2,false,18,379,374,5,0,0,375,26,1.9524,0.0016,0,0
1125,36690,6.925,2,false,18,380,375,5,0,0,375,26,1.9524,0.0016,0,0
1126,36697,6.878,2,false,18,380,375,5,0,0,375,26,1.9524,0.0016,0,0
1127,36704,6.926,2,false,18,380,375,5,0,0,376,26,1.7305,0.0017,0,0
1128,36711,7.207,2,false,18,381,376,5,0,0,376,26,1.7305,0.0017,0,0
1129,36717,6.569,2,false,18,381,376,5,0,0,376,26,1.7305,0.0017,0,0
1130,36724,6.937,2,false,18,382,376,6,0,0,377,26,1.7305,0.0017,0,0
1131,36731,6.857,2,false,18,382,377,5,0,0,377,26,2.035,0.0022,0,0
1132,36738,6.954,2,false,18,382,377,5,0,0,377,26,2.035,0.0022,0,0
1133,36745,6.856,2,false,18,383,377,6,0,0,377,26,2.035,0.0022,0,0
1134,36752,6.89,2,false,18,383,378,5,0,0,378,26,1.8027,0.0024,0,0
1135,36759,6.939,2,false,18,383,378,5,0,0,378,26,1.8027,0.0024,0,0
1136,36766,6.853,2,false,18,384,378,6,0,0,378,26,1.8027,0.0024,0,0
1137,36773,6.948,2,false,18,384,378,6,0,0,379,26,2.7538,0.0014,0,0
1138,36779,6.854,2,false,18,384,379,5,0,0,379,26,2.7538,0.0014,0,0
1139,36786,6.937,2,false,18,385,379,6,0,0,379,26,2.7538,0.0014,0,0
1140,36794,6.872,2,false,18,385,379,6,0,0,380,26,2.7538,0.0014,0,0
1141,36800,6.901,2,false,18,385,380,5,0,0,380,26,2.4963,0.0018,0,0
1142,36807,6.919,2,false,18,386,380,6,0,0,380,26,2.4963,0.0018,0,0
1143,36814,6.899,2,false,18,386,380,6,0,0,381,26,2.4963,0.0018,0,0
1144,36821,6.918,2,false,18,386,381,5,0,0,381,26,1.8773,0.0025,0,0
1145,36828,6.86,2,false,18,387,381,6,0,0,381,26,1.8773,0.0025,0,0
1146,36835,6.9,2,false,18,387,381,6,0,0,381,26,1.8773,0.0025,0,0
1147,36842,6.936,2,false,18,387,381,6,0,0,382,26,1.7048,0.0013,0,0
1148,36848,6.858,2,false,18,388,382,6,0,0,382,26,1.7048,0.0013,0,0
1149,36855,6.934,2,false,18,388,382,6,0,0,382,26,1.7048,0.0013,0,0
1150,36863,6.899,2,false,18,388,382,6,0,0,383,26,1.5936,0.0015,0,0
1151,36869,7.261,2,false,18,389,383,6,0,0,383,26,1.5936,0.0015,0,0
1152,36876,6.521,2,false,18,389,383,6,0,0,383,26,1.5936,0.0015,0,0
1153,36883,6.888,2,false,18,389,383,6,0,0,384,26,1.5936,0.0015,0,0
1154,36890,6.934,2,false,18,390,384,6,0,0,384,26,1.593,0.0013,0,0
1155,36897,6.889,2,false,18,390,384,6,0,0,384,26,1.593,0.0013,0,0
1156,36904,6.908,2,false,18,391,384,7,0,0,384,26,1.593,0.0013,0,0
1157,36911,6.887,2,false,18,391,385,6,0,0,385,27,2.0704,0.0015,0,0
1158,36918,6.891,2,false,18,391,385,6,0,0,385,27,2.0704,0.0015,0,0
1159,36925,6.933,2,false,18,391,385,6,0,0,385,27,2.0704,0.0015,0,0
1160,36931,6.869,2,false,18,392,385,7,0,0,386,27,2.2433,0.0039,0,0
1161,36938,6.96,2,false,18,392,386,6,0,0,386,24,2.2433,0.0039,0,0
1162,36945,6.849,2,false,18,392,386,6,0,0,386,24,2.2433,0.0039,0,0
1163,36952,6.937,2,false,18,392,386,6,0,0,387,24,2.2433,0.0039,0,0
1164,36960,7.817,2,false,18,393,387,6,0,0,387,24,3.3091,0.0036,0,0
1165,36966,5.955,2,false,18,393,387,6,0,0,387,24,3.3091,0.0036,0,0
1166,36973,6.925,2,false,18,393,387,6,0,0,387,24,3.3091,0.0036,0,0
1167,36980,6.854,2,false,18,394,387,7,0,0,388,24,3.3091,0.0036,0,0
1168,36988,8.372,2,false,18,394,388,6,0,0,388,30,1.9592,0.0022,0,0
1169,36994,5.436,2,false,18,394,388,6,0,0,388,30,1.9592,0.0022,0,0
1170,37000,6.893,2,false,18,394,388,6,0,0,388,30,1.9592,0.0022,0,0
1171,37007,6.959,2,false,18,395,388,7,0,0,389,30,1.8182,0.0019,0,0
1172,37016,9.027,2,false,18,395,389,6,0,0,389,30,1.8182,0.0019,0,0
1173,37021,4.738,2,false,18,395,389,6,0,0,389,30,1.8182,0.0019,0,0
1174,37028,6.906,2,false,18,395,389,6,0,0,390,30,1.8182,0.0019,0,0
1175,37037,9.381,2,false,18,396,390,6,0,0,390,30,2.1041,0.0023,0,0
1176,37042,4.377,2,false,18,396,390,6,0,0,390,30,2.1041,0.0023,0,0
1177,37049,6.908,2,false,18,396,390,6,0,0,390,30,2.1041,0.0023,0,0
1178,37056,6.973,2,false,18,397,390,7,0,0,391,30,2.1041,0.0023,0,0
1179,37063,7.703,2,false,18,397,391,6,0,0,391,28,1.8248,0.0016,0,0
1180,37070,6.074,2,false,18,397,391,6,0,0,391,28,1.8248,0.0016,0,0
1181,37076,6.853,2,false,18,398,391,7,0,0,391,28,1.8248,0.0016,0,0
1182,37083,6.909,2,false,18,398,392,6,0,0,392,35,1.8809,0.0014,0,0
1183,37090,6.918,2,false,18,398,392,6,0,0,392,24,1.8809,0.0014,0,0
1184,37097,6.869,2,false,18,398,392,6,0,0,392,24,1.8809,0.0014,0,0
1185,37104,6.969,2,false,18,398,392,6,0,0,393,24,2.2643,0.0018,0,0
1186,37111,6.928,2,false,18,399,393,6,0,0,393,24,2.2643,0.0018,0,0
1187,37118,6.841,2,false,18,399,393,6,0,0,393,24,2.2643,0.0018,0,0
1188,37125,6.868,2,false,18,399,393,6,0,0,393,24,2.2643,0.0018,0,0
1189,37131,6.889,2,false,18,400,394,6,0,0,394,24,1.9071,0.0016,0,0
1190,37139,6.967,2,false,18,400,394,6,0,0,394,24,1.9071,0.0016,0,0
1191,37145,6.847,2,false,18,400,394,6,0,0,394,24,1.9071,0.0016,0,0
1192,37152,6.939,2,false,18,401,394,7,0,0,395,24,1.9071,0.0016,0,0
1193,37168,15.208,2,false,18,401,395,6,0,0,395,94,3.6689,0.0024,0,0
1194,37170,2.222,2,false,18,401,395,6,0,0,395,94,3.6689,0.0024,0,0
1195,37175,4.684,2,false,18,402,395,7,0,0,396,94,3.6689,0.0024,0,0
1196,37183,8.465,2,false,18,402,396,6,0,0,396,35,1.7632,0.0014,0,0
1197,37188,5.346,2,false,18,402,396,6,0,0,396,35,1.7632,0.0014,0,0
1198,37195,6.895,2,false,18,402,396,6,0,0,396,35,1.7632,0.0014,0,0
1199,37202,6.96,2,false,18,403,396,7,0,0,397,35,1.7632,0.0014,0,0
1200,37211,9.276,2,false,18,403,397,6,0,0,397,34,2.8112,0.0023,0,0
1201,37216,4.499,2,false,18,403,397,6,0,0,397,34,2.8112,0.0023,0,0
1202,37223,6.869,2,false,18,403,397,6,0,0,397,34,2.8112,0.0023,0,0
1203,37230,6.957,2,false,18,404,397,7,0,0,398,34,2.1256,0.0022,0,0
1204,37238,8.248,2,false,18,404,398,6,0,0,398,51,2.1256,0.0022,0,0
1205,37244,5.561,2,false,18,404,398,6,0,0,398,51,2.1256,0.0022,0,0
1206,37250,6.82,2,false,18,404,398,6,0,0,398,51,2.1256,0.0022,0,0
1207,37257,6.9,2,false,18,405,398,7,0,0,399,51,2.3227,0.0019,0,0
1208,37265,8.309,2,false,18,405,399,6,0,0,399,29,2.3227,0.0019,0,0
1209,37271,5.504,2,false,18,405,399,6,0,0,399,29,2.3227,0.0019,0,0
1210,37279,7.246,2,false,18,406,399,7,0,0,399,29,2.3227,0.0019,0,0
1211,37285,6.554,2,false,18,406,399,7,0,0,400,72,2.8957,0.0029,0,0
1212,37294,9.517,2,false,18,406,400,6,0,0,400,33,2.8957,0.0029,0,0
1213,37299,4.287,2,false,18,406,400,6,0,0,400,33,2.8957,0.0029,0,0
1214,37306,6.975,2,false,18,406,400,6,0,0,400,33,2.8957,0.0029,0,0
1215,37312,6.814,2,false,18,407,400,7,0,0,400,33,2.8957,0.0029,0,0
1216,37320,6.913,2,false,18,407,400,7,0,0,401,30,1.767,0.0017,0,0
1217,37327,7.352,2,false,18,407,401,6,0,0,401,27,1.767,0.0017,0,0
1218,37333,6.468,2,false,18,407,401,6,0,0,401,27,1.767,0.0017,0,0
1219,37340,6.917,2,false,18,407,401,6,0,0,402,27,2.0224,0.0021,0,0
1220,37347,6.841,2,false,18,408,402,6,0,0,402,27,2.0224,0.0021,0,0
1221,37354,6.957,2,false,18,408,402,6,0,0,402,27,2.0224,0.0021,0,0
1222,37361,6.857,2,false,18,408,402,6,0,0,402,27,2.0224,0.0021,0,0
1223,37367,6.903,2,false,18,409,403,6,0,0,403,27,3.7573,0.0022,0,0
1224,37374,6.923,2,false,18,409,403,6,0,0,403,18,3.7573,0.0022,0,0
1225,37381,6.892,2,false,18,409,403,6,0,0,403,18,3.7573,0.0022,0,0
1226,37388,6.93,2,false,18,410,403,7,0,0,404,18,2.2131,0.0019,0,0
1227,37395,6.839,2,false,18,410,404,6,0,0,404,30,2.2131,0.0019,0,0
1228,37402,6.968,2,false,18,410,404,6,0,0,404,30,2.2131,0.0019,0,0
1229,37409,6.836,2,false,18,410,404,6,0,0,404,30,2.2131,0.0019,0,0
1230,37416,6.903,2,false,18,411,405,6,0,0,405,30,1.6997,0.0026,0,0
1231,37423,6.924,2,false,18,411,405,6,0,0,405,25,1.6997,0.0026,0,0
1232,37430,6.89,2,false,18,411,405,6,0,0,405,25,1.6997,0.0026,0,0
1233,37437,6.93,2,false,18,411,405,6,0,0,406,25,1.6997,0.0026,0,0
1234,37443,6.961,2,false,18,412,406,6,0,0,406,25,1.8982,0.0018,0,0
1235,37450,6.864,2,false,18,412,406,6,0,0,406,25,1.8982,0.0018,0,0
1236,37457,6.829,2,false,18,412,406,6,0,0,406,25,1.8982,0.0018,0,0
1237,37464,6.908,2,false,18,413,407,6,0,0,407,25,2.1419,0.0025,0,0
1238,37471,6.965,2,false,18,413,407,6,0,0,407,20,2.1419,0.0025,0,0
1239,37478,6.839,2,false,18,413,407,6,0,0,407,20,2.1419,0.0025,0,0
1240,37485,6.93,2,false,18,413,407,6,0,0,408,20,1.7003,0.0011,0,0
1241,37492,7.471,2,false,18,414,408,6,0,0,408,20,1.7003,0.0011,0,0
1242,37499,6.336,2,false,18,414,408,6,0,0,408,20,1.7003,0.0011,0,0
1243,37506,6.876,2,false,18,415,408,7,0,0,409,20,1.7003,0.0011,0,0
1244,37513,7.046,2,false,18,415,409,6,0,0,409,30,1.9408,0.0023,0,0
1245,37520,6.818,2,false,18,415,409,6,0,0,409,30,1.9408,0.0023,0,0
1246,37526,6.822,2,false,18,415,409,6,0,0,409,30,1.9408,0.0023,0,0
1247,37533,6.926,2,false,18,416,409,7,0,0,410,30,1.9408,0.0023,0,0
1248,37540,6.861,2,false,18,416,410,6,0,0,410,21,2.1208,0.0022,0,0
1249,37547,6.904,2,false,18,416,410,6,0,0,410,21,2.1208,0.0022,0,0
1250,37554,6.96,2,false,18,416,410,6,0,0,410,21,2.1208,0.0022,0,0
1251,37561,6.834,2,false,18,417,411,6,0,0,411,21,3.6611,0.002,0,0
1252,37568,6.938,2,false,18,417,411,6,0,0,411,21,3.6611,0.002,0,0
1253,37574,6.867,2,false,18,417,411,6,0,0,411,21,3.6611,0.002,0,0
1254,37581,6.954,2,false,18,417,411,6,0,0,412,21,3.6611,0.002,0,0
1255,37588,6.837,2,false,18,418,412,6,0,0,412,21,1.7916,0.0014,0,0
1256,37595,6.937,2,false,18,418,412,6,0,0,412,21,1.7916,0.0014,0,0
1257,37602,6.898,2,false,18,418,412,6,0,0,412,21,1.7916,0.0014,0,0
1258,37609,6.865,2,false,18,419,413,6,0,0,413,21,2.1667,0.0019,0,0
1259,37616,6.965,2,false,18,419,413,6,0,0,413,21,2.1667,0.0019,0,0
1260,37623,6.842,2,false,18,419,413,6,0,0,413,21,2.1667,0.0019,0,0
1261,37630,6.907,2,false,18,420,413,7,0,0,414,21,1.6771,0.0015,0,0
1262,37637,6.927,2,false,18,420,414,6,0,0,414,20,1.6771,0.0015,0,0
1263,37644,6.884,2,false,18,420,414,6,0,0,414,20,1.6771,0.0015,0,0
1264,37650,6.936,2,false,18,420,414,6,0,0,414,20,1.6771,0.0015,0,0
1265,37657,6.852,2,false,18,421,414,7,0,0,415,20,1.6839,0.0017,0,0
1266,37667,10.073,2,false,18,421,415,6,0,0,415,35,1.6839,0.0017,0,0
1267,37671,3.713,2,false,18,421,415,6,0,0,415,35,1.6839,0.0017,0,0
1268,37678,6.924,2,false,18,421,415,6,0,0,416,35,1.6839,0.0017,0,0
1269,37687,9.26,2,false,18,422,416,6,0,0,416,35,2.1648,0.0018,0,0
1270,37692,4.543,2,false,18,422,416,6,0,0,416,35,2.1648,0.0018,0,0
1271,37699,6.912,2,false,18,422,416,6,0,0,416,35,2.1648,0.0018,0,0
1272,37706,6.875,2,false,18,423,417,6,0,0,417,35,1.7599,0.0014,0,0
1273,37713,6.887,2,false,18,423,417,6,0,0,417,24,1.7599,0.0014,0,0
1274,37719,6.943,2,false,18,423,417,6,0,0,417,24,1.7599,0.0014,0,0
1275,37727,6.865,2,false,18,424,417,7,0,0,418,24,1.6671,0.0013,0,0
1276,37733,6.922,2,false,18,424,418,6,0,0,418,19,1.6671,0.0013,0,0
1277,37740,6.883,2,false,18,424,418,6,0,0,418,19,1.6671,0.0013,0,0
1278,37747,6.893,2,false,18,424,418,6,0,0,419,19,1.6671,0.0013,0,0
1279,37754,7.135,2,false,18,425,419,6,0,0,419,19,3.5175,0.0017,0,0
1280,37761,6.679,2,false,18,425,419,6,0,0,419,19,3.5175,0.0017,0,0
1281,37768,6.934,2,false,18,425,419,6,0,0,419,19,3.5175,0.0017,0,0
1282,37775,6.855,2,false,18,426,419,7,0,0,420,19,1.8054,0.0014,0,0
1283,37781,6.897,2,false,18,426,420,6,0,0,420,26,1.8054,0.0014,0,0
1284,37788,6.965,2,false,18,426,420,6,0,0,420,26,1.8054,0.0014,0,0
1285,37795,6.836,2,false,18,426,420,6,0,0,421,26,1.9005,0.0016,0,0
1286,37802,6.933,2,false,18,427,421,6,0,0,421,26,1.9005,0.0016,0,0
1287,37809,6.876,2,false,18,427,421,6,0,0,421,26,1.9005,0.0016,0,0
1288,37816,6.891,2,false,18,427,421,6,0,0,422,26,1.9005,0.0016,0,0
1289,37823,6.92,2,false,18,428,422,6,0,0,422,26,1.641,0.0012,0,0
1290,37830,6.891,2,false,18,428,422,6,0,0,422,26,1.641,0.0012,0,0
1291,37837,6.935,2,false,18,428,422,6,0,0,422,26,1.641,0.0012,0,0
1292,37844,6.86,2,false,18,429,422,7,0,0,423,26,1.5374,0.0011,0,0
1293,37851,7.69,2,false,18,429,423,6,0,0,423,25,1.5374,0.0011,0,0
1294,37857,6.145,2,false,18,429,423,6,0,0,423,25,1.5374,0.0011,0,0
1295,37865,6.868,2,false,18,429,423,6,0,0,424,25,1.626,0.0017,0,0
1296,37871,7.333,2,false,18,430,424,6,0,0,424,25,1.626,0.0017,0,0
1297,37878,6.464,2,false,18,430,424,6,0,0,424,25,1.626,0.0017,0,0
1298,37885,6.888,2,false,18,430,424,6,0,0,424,25,1.626,0.0017,0,0
1299,37892,6.965,2,false,18,431,424,7,0,0,425,25,1.7166,0.0018,0,0
1300,37899,6.846,2,false,18,431,425,6,0,0,425,23,1.7166,0.0018,0,0
1301,37906,6.954,2,false,18,431,425,6,0,0,425,23,1.7166,0.0018,0,0
1302,37913,6.85,2,false,18,431,425,6,0,0,426,23,1.7166,0.0018,0,0
1303,37923,11.026,2,false,18,432,426,6,0,0,426,23,1.6558,0.0016,0,0
1304,37926,2.787,2,false,18,432,426,6,0,0,426,23,1.6558,0.0016,0,0
1305,37933,6.875,2,false,18,432,426,6,0,0,426,23,1.6558,0.0016,0,0
1306,37940,6.934,2,false,18,433,427,6,0,0,427,23,3.4178,0.002,0,0
1307,37947,6.866,2,false,18,433,427,6,0,0,427,19,3.4178,0.002,0,0
1308,37954,6.91,2,false,18,433,427,6,0,0,427,19,3.4178,0.002,0,0
1309,37961,6.974,2,false,18,433,427,6,0,0,428,19,2.0235,0.0027,0,0
1310,37968,7.088,2,false,18,434,428,6,0,0,428,19,2.0235,0.0027,0,0
1311,37975,6.671,2,false,18,434,428,6,0,0,428,19,2.0235,0.0027,0,0
1312,37982,6.871,2,false,18,434,428,6,0,0,428,19,2.0235,0.0027,0,0
1313,37989,7.199,2,false,18,435,429,6,0,0,429,19,2.1296,0.002,0,0
1314,37995,6.639,2,false,18,435,429,6,0,0,429,19,2.1296,0.002,0,0
1315,38002,6.851,2,false,18,435,429,6,0,0,429,19,2.1296,0.002,0,0
1316,38009,6.961,2,false,18,436,429,7,0,0,430,19,1.6887,0.0013,0,0
1317,38016,6.834,2,false,18,436,430,6,0,0,430,19,1.6887,0.0013,0,0
1318,38023,6.937,2,false,18,436,430,6,0,0,430,19,1.6887,0.0013,0,0
1319,38030,6.87,2,false,18,436,430,6,0,0,431,19,2.008,0.0021,0,0
1320,38037,6.89,2,false,18,437,431,6,0,0,431,19,2.008,0.0021,0,0
1321,38044,6.947,2,false,18,437,431,6,0,0,431,19,2.008,0.0021,0,0
1322,38051,6.866,2,false,18,437,431,6,0,0,432,19,2.008,0.0021,0,0
1323,38058,6.925,2,false,18,438,432,6,0,0,432,19,1.8029,0.0015,0,0
1324,38064,6.88,2,false,18,438,432,6,0,0,432,19,1.8029,0.0015,0,0
1325,38072,6.902,2,false,18,438,432,6,0,0,432,19,1.8029,0.0015,0,0
1326,38079,7.95,2,false,18,439,433,6,0,0,433,19,2.466,0.0028,0,0
1327,38085,5.842,2,false,18,439,433,6,0,0,433,19,2.466,0.0028,0,0
1328,38092,6.942,2,false,18,439,433,6,0,0,433,19,2.466,0.0028,0,0
1329,38099,6.856,2,false,18,440,433,7,0,0,434,19,2.466,0.0028,0,0
1330,38106,6.901,2,false,18,440,434,6,0,0,434,42,2.2429,0.0023,0,0
1331,38113,6.947,2,false,18,440,434,6,0,0,434,42,2.2429,0.0023,0,0
1332,38120,6.87,2,false,18,440,434,6,0,0,434,42,2.2429,0.0023,0,0
1333,38127,6.936,2,false,18,441,435,6,0,0,435,42,2.8535,0.0014,0,0
1334,38133,6.84,2,false,18,441,435,6,0,0,435,31,2.8535,0.0014,0,0
1335,38140,6.921,2,false,18,441,435,6,0,0,435,31,2.8535,0.0014,0,0
1336,38147,6.882,2,false,18,441,435,6,0,0,436,31,2.8535,0.0014,0,0
1337,38155,8.032,2,false,18,442,436,6,0,0,436,31,2.2397,0.0021,0,0
1338,38161,5.815,2,false,18,442,436,6,0,0,436,31,2.2397,0.0021,0,0
1339,38168,6.858,2,false,18,442,436,6,0,0,436,31,2.2397,0.0021,0,0
1340,38175,6.938,2,false,18,443,437,6,0,0,437,31,2.213,0.0025,0,0
1341,38182,7.372,2,false,18,443,437,6,0,0,437,31,2.213,0.0025,0,0
1342,38189,6.382,2,false,18,443,437,6,0,0,437,31,2.213,0.0025,0,0
1343,38196,6.937,2,false,18,443,437,6,0,0,438,31,1.9285,0.0024,0,0
1344,38203,7.209,2,false,18,444,438,6,0,0,438,31,1.9285,0.0024,0,0
1345,38210,6.611,2,false,18,444,438,6,0,0,438,31,1.9285,0.0024,0,0
1346,38216,6.857,2,false,18,445,438,7,0,0,439,31,1.9285,0.0024,0,0
1347,38223,7.363,2,false,18,445,439,6,0,0,439,26,1.6306,0.0013,0,0
1348,38230,6.427,2,false,18,445,439,6,0,0,439,26,1.6306,0.0013,0,0
1349,38237,6.894,2,false,18,445,439,6,0,0,439,26,1.6306,0.0013,0,0
1350,38244,6.947,2,false,18,446,439,7,0,0,440,26,2.0943,0.0012,0,0
1351,38251,6.855,2,false,18,446,440,6,0,0,440,30,2.0943,0.0012,0,0
1352,38258,6.955,2,false,18,446,440,6,0,0,440,30,2.0943,0.0012,0,0
1353,38265,6.854,2,false,18,446,440,6,0,0,441,30,1.8379,0.0015,0,0
1354,38272,7.113,2,false,18,447,441,6,0,0,441,30,1.8379,0.0015,0,0
1355,38278,6.744,2,false,18,447,441,6,0,0,441,30,1.8379,0.0015,0,0
1356,38285,6.839,2,false,18,447,441,6,0,0,442,30,1.8379,0.0015,0,0
1357,38292,6.937,2,false,18,448,442,6,0,0,442,30,1.9125,0.0015,0,0
1358,38299,6.869,2,false,18,448,442,6,0,0,442,30,1.9125,0.0015,0,0
1359,38306,6.897,2,false,18,448,442,6,0,0,442,30,1.9125,0.0015,0,0
1360,38313,7.147,2,false,18,449,442,7,0,0,443,30,3.0679,0.0015,0,0
1361,38320,6.644,2,false,18,449,443,6,0,0,443,24,3.0679,0.0015,0,0
1362,38327,6.943,2,false,18,449,443,6,0,0,443,24,3.0679,0.0015,0,0
1363,38334,6.865,2,false,18,449,443,6,0,0,444,24,3.0679,0.0015,0,0
1364,38342,8.297,2,false,18,450,444,6,0,0,444,24,1.5755,0.001,0,0
1365,38347,5.51,2,false,18,450,444,6,0,0,444,24,1.5755,0.001,0,0
1366,38354,6.89,2,false,18,450,444,6,0,0,444,24,1.5755,0.001,0,0
1367,38361,6.957,2,false,18,451,445,6,0,0,445,24,1.7447,0.0022,0,0
1368,38368,6.852,2,false,18,451,445,6,0,0,445,17,1.7447,0.0022,0,0
1369,38375,6.945,2,false,18,451,445,6,0,0,445,17,1.7447,0.0022,0,0
1370,38382,6.858,2,false,18,451,445,6,0,0,446,17,1.9417,0.0018,0,0
1371,38389,6.881,2,false,18,452,446,6,0,0,446,17,1.9417,0.0018,0,0
1372,38396,6.97,2,false,18,452,446,6,0,0,446,17,1.9417,0.0018,0,0
1373,38403,6.86,2,false,18,452,446,6,0,0,447,17,1.9417,0.0018,0,0
1374,38409,6.895,2,false,18,453,447,6,0,0,447,17,1.81,0.0013,0,0
1375,38416,6.889,2,false,18,453,447,6,0,0,447,17,1.81,0.0013,0,0
1376,38423,6.934,2,false,18,453,447,6,0,0,447,17,1.81,0.0013,0,0
1377,38430,6.847,2,false,18,454,448,6,0,0,448,17,1.7925,0.0019,0,0
1378,38437,6.918,2,false,18,454,448,6,0,0,448,17,1.7925,0.0019,0,0
1379,38444,6.932,2,false,18,455,448,7,0,0,448,17,1.7925,0.0019,0,0
1380,38451,6.866,2,false,18,455,448,7,0,0,449,24,2.6652,0.0016,0,0
1381,38458,6.919,2,false,18,455,449,6,0,0,449,21,2.6652,0.0016,0,0
1382,38465,6.9,2,false,18,455,449,6,0,0,449,21,2.6652,0.0016,0,0
1383,38471,6.873,2,false,18,455,449,6,0,0,449,21,2.6652,0.0016,0,0
1384,38479,6.935,2,false,18,456,450,6,0,0,450,21,1.9191,0.001,0,0
1385,38485,6.866,2,false,18,456,450,6,0,0,450,19,1.9191,0.001,0,0
1386,38492,6.932,2,false,18,456,450,6,0,0,450,19,1.9191,0.001,0,0
1387,38499,6.883,2,false,18,456,450,6,0,0,451,19,2.9565,0.0023,0,0
1388,38511,11.822,2,false,18,457,451,6,0,0,451,19,2.9565,0.0023,0,0
1389,38513,1.988,2,false,18,457,451,6,0,0,451,19,2.9565,0.0023,0,0
1390,38520,6.876,2,false,18,457,451,6,0,0,451,19,2.9565,0.0023,0,0
1391,38527,6.943,2,false,18,458,452,6,0,0,452,19,2.0786,0.0018,0,0
1392,38534,6.853,2,false,18,458,452,6,0,0,452,23,2.0786,0.0018,0,0
1393,38541,6.939,2,false,18,458,452,6,0,0,452,23,2.0786,0.0018,0,0
1394,38547,6.863,2,false,18,458,452,6,0,0,453,23,1.7922,0.0019,0,0
1395,38555,7.222,2,false,18,459,453,6,0,0,453,23,1.7922,0.0019,0,0
1396,38561,6.625,2,false,18,459,453,6,0,0,453,23,1.7922,0.0019,0,0
1397,38568,6.851,2,false,18,459,453,6,0,0,454,23,1.688,0.0017,0,0
1398,38576,7.967,2,false,18,460,454,6,0,0,454,23,1.688,0.0017,0,0
1399,38582,5.836,2,false,18,460,454,6,0,0,454,23,1.688,0.0017,0,0
1400,38589,6.923,2,false,18,460,454,6,0,0,455,23,1.8799,0.0023,0,0
1401,38596,6.903,2,false,18,461,455,6,0,0,455,23,1.8799,0.0023,0,0
1402,38603,6.879,2,false,18,461,455,6,0,0,455,23,1.8799,0.0023,0,0
1403,38610,6.934,2,false,18,461,455,6,0,0,455,23,1.8799,0.0023,0,0
1404,38616,6.861,2,false,18,462,456,6,0,0,456,23,1.9903,0.0018,0,0
1405,38623,6.942,2,false,18,462,456,6,0,0,456,26,1.9903,0.0018,0,0
1406,38630,6.861,2,false,18,462,456,6,0,0,456,26,1.9903,0.0018,0,0
1407,38637,6.91,2,false,18,462,456,6,0,0,457,26,1.5828,0.0016,0,0
1408,38645,7.957,2,false,18,463,457,6,0,0,457,26,1.5828,0.0016,0,0
1409,38651,5.861,2,false,18,463,457,6,0,0,457,26,1.5828,0.0016,0,0
1410,38658,6.911,2,false,18,463,457,6,0,0,458,26,1.9324,0.0012,0,0
1411,38665,6.855,2,false,18,464,458,6,0,0,458,26,1.9324,0.0012,0,0
1412,38672,6.931,2,false,18,464,458,6,0,0,458,26,1.9324,0.0012,0,0
1413,38678,6.898,2,false,18,465,458,7,0,0,458,26,1.9324,0.0012,0,0
1414,38685,6.881,2,false,18,465,459,6,0,0,459,19,2.8211,0.0014,0,0
1415,38692,6.927,2,false,18,465,459,6,0,0,459,17,2.8211,0.0014,0,0
1416,38699,6.865,2,false,18,465,459,6,0,0,459,17,2.8211,0.0014,0,0
1417,38706,7.046,2,false,18,465,460,5,0,0,460,17,1.7192,0.0015,0,0
1418,38713,6.956,2,false,18,466,460,6,0,0,460,17,1.7192,0.0015,0,0
1419,38720,6.706,2,false,18,466,460,6,0,0,460,17,1.7192,0.0015,0,0
1420,38727,6.954,2,false,18,466,460,6,0,0,461,17,1.7192,0.0015,0,0
1421,38734,7.748,2,false,18,467,461,6,0,0,461,17,2.8326,0.0024,0,0
1422,38741,6.052,2,false,18,467,461,6,0,0,461,17,2.8326,0.0024,0,0
1423,38748,6.845,2,false,18,467,461,6,0,0,461,17,2.8326,0.0024,0,0
1424,38754,6.892,2,false,18,468,462,6,0,0,462,17,1.5781,0.0011,0,0
1425,38761,6.941,2,false,18,468,462,6,0,0,462,17,1.5781,0.0011,0,0
1426,38768,6.858,2,false,18,468,462,6,0,0,462,17,1.5781,0.0011,0,0
1427,38775,6.938,2,false,18,469,463,6,0,0,463,17,1.5798,0.0012,0,0
1428,38782,6.866,2,false,18,469,463,6,0,0,463,21,1.5798,0.0012,0,0
1429,38789,6.895,2,false,18,469,463,6,0,0,463,21,1.5798,0.0012,0,0
1430,38796,6.936,2,false,18,469,463,6,0,0,464,21,1.7978,0.0014,0,0
1431,38803,6.879,2,false,18,470,464,6,0,0,464,21,1.7978,0.0014,0,0
1432,38810,6.931,2,false,18,470,464,6,0,0,464,21,1.7978,0.0014,0,0
1433,38817,6.863,2,false,18,470,464,6,0,0,465,21,1.5724,0.0015,0,0
1434,38823,6.923,2,false,18,471,465,6,0,0,465,21,1.5724,0.0015,0,0
1435,38830,6.885,2,false,18,471,465,6,0,0,465,21,1.5724,0.0015,0,0
1436,38837,6.898,2,false,18,471,465,6,0,0,466,21,2.0143,0.0018,0,0
1437,38844,6.91,2,false,18,472,466,6,0,0,466,21,2.0143,0.0018,0,0
1438,38851,6.882,2,false,18,472,466,6,0,0,466,21,2.0143,0.0018,0,0
1439,38858,6.943,2,false,18,472,466,6,0,0,467,21,2.0143,0.0018,0,0
1440,38865,6.849,2,false,18,473,467,6,0,0,467,21,2.5968,0.0017,0,0
1441,38872,6.915,2,false,18,473,467,6,0,0,467,21,2.5968,0.0017,0,0
1442,38879,6.922,2,false,18,473,467,6,0,0,467,21,2.5968,0.0017,0,0
1443,38886,6.871,2,false,18,474,468,6,0,0,468,21,1.8284,0.0014,0,0
1444,38892,6.941,2,false,18,474,468,6,0,0,468,21,1.8284,0.0014,0,0
1445,38899,6.866,2,false,18,475,468,7,0,0,468,21,1.8284,0.0014,0,0
1446,38906,6.901,2,false,18,475,468,7,0,0,469,23,1.9842,0.0017,0,0
1447,38913,6.929,2,false,18,475,469,6,0,0,469,23,1.9842,0.0017,0,0
1448,38920,6.873,2,false,18,475,469,6,0,0,469,23,1.9842,0.0017,0,0
1449,38927,6.954,2,false,18,475,469,6,0,0,469,23,1.9842,0.0017,0,0
1450,38935,8.026,2,false,18,476,470,6,0,0,470,23,1.646,0.0018,0,0
1451,38941,5.753,2,false,18,476,470,6,0,0,470,23,1.646,0.0018,0,0
1452,38948,6.861,2,false,18,476,470,6,0,0,470,23,1.646,0.0018,0,0
1453,38955,6.904,2,false,18,477,470,7,0,0,471,23,2.1818,0.0023,0,0
1454,38962,7.906,2,false,18,477,471,6,0,0,471,32,2.1818,0.0023,0,0
1455,38968,5.89,2,false,18,477,471,6,0,0,471,32,2.1818,0.0023,0,0
1456,38975,6.934,2,false,18,477,471,6,0,0,471,32,2.1818,0.0023,0,0
1457,38983,7.936,2,false,18,478,472,6,0,0,472,32,1.8291,0.003,0,0
1458,38989,5.857,2,false,18,478,472,6,0,0,472,32,1.8291,0.003,0,0
1459,38996,6.943,2,false,18,478,472,6,0,0,472,32,1.8291,0.003,0,0
1460,39003,6.834,2,false,18,479,472,7,0,0,473,32,1.8291,0.003,0,0
1461,39011,7.907,2,false,18,479,473,6,0,0,473,29,1.801,0.0013,0,0
1462,39017,5.903,2,false,18,479,473,6,0,0,473,29,1.801,0.0013,0,0
1463,39024,6.939,2,false,18,479,473,6,0,0,473,29,1.801,0.0013,0,0
1464,39031,6.849,2,false,18,480,473,7,0,0,474,29,1.9379,0.0019,0,0
1465,39037,6.89,2,false,18,480,474,6,0,0,474,26,1.9379,0.0019,0,0
1466,39044,6.966,2,false,18,480,474,6,0,0,474,26,1.9379,0.0019,0,0
1467,39051,6.846,2,false,18,480,474,6,0,0,474,26,1.9379,0.0019,0,0
1468,39058,6.946,2,false,18,481,475,6,0,0,475,26,3.2859,0.0027,0,0
1469,39065,7.108,2,false,18,481,475,6,0,0,475,22,3.2859,0.0027,0,0
1470,39072,6.65,2,false,18,481,475,6,0,0,475,22,3.2859,0.0027,0,0
1471,39079,6.922,2,false,18,481,475,6,0,0,476,22,3.2859,0.0027,0,0
1472,39086,6.862,2,false,18,482,476,6,0,0,476,22,1.755,0.0013,0,0
1473,39092,6.946,2,false,18,482,476,6,0,0,476,22,1.755,0.0013,0,0
1474,39099,6.863,2,false,18,482,476,6,0,0,477,22,1.755,0.0013,0,0
1475,39106,6.889,2,false,18,483,477,6,0,0,477,22,1.667,0.0015,0,0
1476,39113,6.951,2,false,18,483,477,6,0,0,477,22,1.667,0.0015,0,0
1477,39120,6.866,2,false,18,483,477,6,0,0,477,22,1.667,0.0015,0,0
1478,39127,6.937,2,false,18,484,478,6,0,0,478,22,1.7572,0.0018,0,0
1479,39134,6.858,2,false,18,484,478,6,0,0,478,18,1.7572,0.0018,0,0
1480,39141,6.938,2,false,18,484,478,6,0,0,478,18,1.7572,0.0018,0,0
1481,39148,6.867,2,false,18,485,478,7,0,0,479,18,2.2589,0.0025,0,0
1482,39155,7.762,2,false,18,485,479,6,0,0,479,21,2.2589,0.0025,0,0
1483,39162,6.089,2,false,18,485,479,6,0,0,479,21,2.2589,0.0025,0,0
1484,39168,6.841,2,false,18,485,479,6,0,0,479,21,2.2589,0.0025,0,0
1485,39175,6.945,2,false,18,486,479,7,0,0,480,21,2.0838,0.0019,0,0
1486,39183,7.238,2,false,18,486,480,6,0,0,480,29,2.0838,0.0019,0,0
1487,39189,6.518,2,false,18,486,480,6,0,0,480,29,2.0838,0.0019,0,0
1488,39196,6.979,2,false,18,486,480,6,0,0,481,29,2.0838,0.0019,0,0
1489,39203,6.817,2,false,18,487,481,6,0,0,481,29,1.7983,0.0018,0,0
1490,39210,6.999,2,false,18,487,481,6,0,0,481,29,1.7983,0.0018,0,0
1491,39217,6.808,2,false,18,487,481,6,0,0,481,29,1.7983,0.0018,0,0
1492,39224,6.964,2,false,18,488,481,7,0,0,482,29,1.9977,0.003,0,0
1493,39231,7.028,2,false,18,488,482,6,0,0,482,30,1.9977,0.003,0,0
1494,39238,6.711,2,false,18,488,482,6,0,0,482,30,1.9977,0.003,0,0
1495,39244,7.008,2,false,18,488,482,6,0,0,483,30,1.9977,0.003,0,0
1496,39251,6.784,2,false,18,489,483,6,0,0,483,30,4.0387,0.0019,0,0
1497,39258,6.963,2,false,18,489,483,6,0,0,483,24,4.0387,0.0019,0,0
1498,39265,6.847,2,false,18,489,483,6,0,0,483,24,4.0387,0.0019,0,0
1499,39272,6.898,2,false,18,489,483,6,0,0,483,24,4.0387,0.0019,0,0
1500,39286,14.521,2,false,18,490,484,6,0,0,484,24,2.0775,0.0015,0,0
1501,39289,2.382,2,false,18,490,484,6,0,0,484,24,2.0775,0.0015,0,0
1502,39293,4.499,2,false,18,490,484,6,0,0,484,24,2.0775,0.0015,0,0
1503,39300,6.888,2,false,18,491,484,7,0,0,485,24,2.286,0.0025,0,0
1504,39311,11.033,2,false,18,491,485,6,0,0,485,39,2.286,0.0025,0,0
1505,39314,2.773,2,false,18,491,485,6,0,0,485,39,2.286,0.0025,0,0
1506,39321,6.889,2,false,18,491,485,6,0,0,485,39,2.286,0.0025,0,0
1507,39328,6.938,2,false,18,492,485,7,0,0,485,39,2.286,0.0025,0,0
1508,39336,7.925,2,false,18,492,486,6,0,0,486,30,2.5714,0.0022,0,0
1509,39342,5.87,2,false,18,492,486,6,0,0,486,30,2.5714,0.0022,0,0
1510,39349,6.865,2,false,18,492,486,6,0,0,486,30,2.5714,0.0022,0,0
1511,39355,6.891,2,false,18,493,486,7,0,0,487,30,2.5714,0.0022,0,0
1512,39364,8.51,2,false,18,493,487,6,0,0,487,31,1.7797,0.0027,0,0
1513,39370,5.313,2,false,18,493,487,6,0,0,487,31,1.7797,0.0027,0,0
1514,39376,6.906,2,false,18,493,487,6,0,0,487,31,1.7797,0.0027,0,0
1515,39383,6.873,2,false,18,494,487,7,0,0,488,31,1.8793,0.0029,0,0
1516,39390,6.886,2,false,18,494,488,6,0,0,488,20,1.8793,0.0029,0,0
1517,39397,6.974,2,false,18,494,488,6,0,0,488,20,1.8793,0.0029,0,0
1518,39404,6.836,2,false,18,495,488,7,0,0,489,20,1.8793,0.0029,0,0
1519,39411,6.926,2,false,18,495,489,6,0,0,489,21,1.6296,0.0015,0,0
1520,39417,6.898,2,false,18,495,489,6,0,0,489,21,1.6296,0.0015,0,0
1521,39424,6.927,2,false,18,495,489,6,0,0,490,21,1.6296,0.0015,0,0
1522,39433,8.17,2,false,18,496,490,6,0,0,490,21,1.8952,0.002,0,0
1523,39438,5.572,2,false,18,496,490,6,0,0,490,21,1.8952,0.002,0,0
1524,39445,6.963,2,false,18,496,490,6,0,0,490,21,1.8952,0.002,0,0
1525,39452,6.837,2,false,18,497,491,6,0,0,491,21,3.0263,0.0017,0,0
1526,39459,6.942,2,false,18,497,491,6,0,0,491,25,3.0263,0.0017,0,0
1527,39466,6.863,2,false,18,497,491,6,0,0,491,25,3.0263,0.0017,0,0
1528,39473,6.898,2,false,18,497,491,6,0,0,492,25,3.0263,0.0017,0,0
1529,39480,7.615,2,false,18,498,492,6,0,0,492,25,2.2351,0.0025,0,0
1530,39487,6.191,2,false,18,498,492,6,0,0,492,25,2.2351,0.0025,0,0
1531,39494,6.989,2,false,18,498,492,6,0,0,492,25,2.2351,0.0025,0,0
1532,39501,6.8,2,false,18,499,492,7,0,0,493,25,2.8057,0.0016,0,0
1533,39507,6.898,2,false,18,499,493,6,0,0,493,20,2.8057,0.0016,0,0
1534,39514,6.946,2,false,18,499,493,6,0,0,493,20,2.8057,0.0016,0,0
1535,39521,6.894,2,false,18,499,493,6,0,0,494,20,2.8057,0.0016,0,0
1536,39528,7.543,2,false,18,500,494,6,0,0,494,20,1.9403,0.0028,0,0
1537,39535,6.225,2,false,18,500,494,6,0,0,494,20,1.9403,0.0028,0,0
1538,39542,6.946,2,false,18,500,494,6,0,0,494,20,1.9403,0.0028,0,0
1539,39549,6.856,2,false,18,501,495,6,0,0,495,20,2.0148,0.0021,0,0
1540,39555,6.9,2,false,18,501,495,6,0,0,495,18,2.0148,0.0021,0,0
1541,39562,6.944,2,false,18,501,495,6,0,0,495,18,2.0148,0.0021,0,0
1542,39569,6.855,2,false,18,501,495,6,0,0,496,18,2.2008,0.0013,0,0
1543,39576,6.932,2,false,18,502,496,6,0,0,496,18,2.2008,0.0013,0,0
1544,39583,6.869,2,false,18,502,496,6,0,0,496,18,2.2008,0.0013,0,0
1545,39590,6.905,2,false,18,502,496,6,0,0,496,18,2.2008,0.0013,0,0
1546,39597,6.938,2,false,18,503,497,6,0,0,497,18,1.5897,0.0014,0,0
1547,39604,7.365,2,false,18,503,497,6,0,0,497,27,1.5897,0.0014,0,0
1548,39611,6.464,2,false,18,503,497,6,0,0,497,27,1.5897,0.0014,0,0
1549,39618,6.831,2,false,18,503,497,6,0,0,498,27,1.8604,0.0016,0,0
1550,39624,6.91,2,false,18,504,498,6,0,0,498,27,1.8604,0.0016,0,0
1551,39631,6.892,2,false,18,504,498,6,0,0,498,27,1.8604,0.0016,0,0
1552,39638,6.893,2,false,18,505,498,7,0,0,499,27,1.8604,0.0016,0,0
1553,39645,6.923,2,false,18,505,499,6,0,0,499,26,2.5198,0.0013,0,0
1554,39652,6.878,2,false,18,505,499,6,0,0,499,26,2.5198,0.0013,0,0
1555,39659,6.937,2,false,18,505,499,6,0,0,499,26,2.5198,0.0013,0,0
1556,39666,6.865,2,false,18,506,499,7,0,0,500,26,1.9353,0.0014,0,0
1557,39673,6.889,2,false,18,506,500,6,0,0,500,18,1.9353,0.0014,0,0
1558,39680,6.966,2,false,18,506,500,6,0,0,500,18,1.9353,0.0014,0,0
1559,39687,6.847,2,false,18,506,500,6,0,0,500,18,1.9353,0.0014,0,0
1560,39693,6.923,2,false,18,507,501,6,0,0,501,18,2.3723,0.0021,0,0
1561,39700,6.892,2,false,18,507,501,6,0,0,501,18,2.3723,0.0021,0,0
1562,39707,6.897,2,false,18,507,501,6,0,0,501,18,2.3723,0.0021,0,0
1563,39714,6.918,2,false,18,508,501,7,0,0,502,18,2.0314,0.0016,0,0
1564,39721,6.861,2,false,18,508,502,6,0,0,502,16,2.0314,0.0016,0,0
1565,39728,6.95,2,false,18,508,502,6,0,0,502,16,2.0314,0.0016,0,0
1566,39735,6.85,2,false,18,508,502,6,0,0,503,16,2.0314,0.0016,0,0
1567,39742,7.512,2,false,18,509,503,6,0,0,503,16,1.7762,0.0014,0,0
1568,39749,6.292,2,false,18,509,503,6,0,0,503,16,1.7762,0.0014,0,0
1569,39756,6.909,2,false,18,509,503,6,0,0,503,16,1.7762,0.0014,0,0
1570,39763,6.92,2,false,18,510,504,6,0,0,504,16,1.8641,0.0016,0,0
1571,39769,6.87,2,false,18,510,504,6,0,0,504,18,1.8641,0.0016,0,0
1572,39776,6.94,2,false,18,510,504,6,0,0,504,18,1.8641,0.0016,0,0
1573,39784,6.875,2,false,18,510,504,6,0,0,505,18,2.0816,0.0024,0,0
1574,39790,7.352,2,false,18,511,505,6,0,0,505,18,2.0816,0.0024,0,0
1575,39797,6.483,2,false,18,511,505,6,0,0,505,18,2.0816,0.0024,0,0
1576,39804,6.859,2,false,18,511,505,6,0,0,506,18,2.0816,0.0024,0,0
1577,39811,6.912,2,false,18,512,506,6,0,0,506,18,2.3721,0.0037,0,0
1578,39818,6.893,2,false,18,512,506,6,0,0,506,18,2.3721,0.0037,0,0
1579,39825,6.954,2,false,18,512,506,6,0,0,506,18,2.3721,0.0037,0,0
1580,39832,6.853,2,false,18,513,506,7,0,0,507,18,2.3721,0.0037,0,0
1581,39839,7.691,2,false,18,513,507,6,0,0,507,31,2.9884,0.0017,0,0
1582,39845,6.144,2,false,18,513,507,6,0,0,507,31,2.9884,0.0017,0,0
1583,39852,6.851,2,false,18,513,507,6,0,0,507,31,2.9884,0.0017,0,0
1584,39859,6.945,2,false,18,514,507,7,0,0,508,31,2.9884,0.0017,0,0
1585,39868,9.252,2,false,18,514,508,6,0,0,508,39,2.3524,0.0017,0,0
1586,39873,4.502,2,false,18,514,508,6,0,0,508,39,2.3524,0.0017,0,0
1587,39880,6.947,2,false,18,515,508,7,0,0,508,39,2.3524,0.0017,0,0
1588,39887,6.858,2,false,18,515,508,7,0,0,508,38,2.3524,0.0017,0,0
1589,39898,11.665,2,false,18,515,509,6,0,0,509,37,2.2724,0.0025,0,0
1590,39901,2.275,2,false,18,515,509,6,0,0,509,37,2.2724,0.0025,0,0
1591,39907,6.757,2,false,18,515,509,6,0,0,509,37,2.2724,0.0025,0,0
1592,39914,6.958,2,false,18,516,509,7,0,0,509,37,2.2724,0.0025,0,0
1593,39921,6.837,2,false,18,516,510,6,0,0,510,37,2.1489,0.0015,0,0
1594,39928,6.934,2,false,18,516,510,6,0,0,510,34,2.1489,0.0015,0,0
1595,39935,6.865,2,false,18,516,510,6,0,0,510,34,2.1489,0.0015,0,0
1596,39942,6.929,2,false,18,516,510,6,0,0,511,34,1.708,0.0014,0,0
1597,39950,7.801,2,false,18,517,511,6,0,0,511,34,1.708,0.0014,0,0
1598,39956,5.981,2,false,18,517,511,6,0,0,511,34,1.708,0.0014,0,0
1599,39963,6.94,2,false,18,517,511,6,0,0,511,34,1.708,0.0014,0,0
1600,39969,6.842,2,false,18,518,512,6,0,0,512,34,1.999,0.0013,0,0
1601,39976,6.952,2,false,18,518,512,6,0,0,512,34,1.999,0.0013,0,0
1602,39983,6.86,2,false,18,518,512,6,0,0,512,34,1.999,0.0013,0,0
1603,39990,6.917,2,false,18,519,512,7,0,0,512,34,1.999,0.0013,0,0
1604,39997,6.914,2,false,18,519,513,6,0,0,513,30,2.9663,0.0027,0,0
1605,40004,6.855,2,false,18,519,513,6,0,0,513,17,2.9663,0.0027,0,0
1606,40011,6.958,2,false,18,519,513,6,0,0,513,17,2.9663,0.0027,0,0
1607,40018,6.872,2,false,18,519,513,6,0,0,513,17,2.9663,0.0027,0,0
1608,40028,10.548,2,false,18,520,514,6,0,0,514,17,2.1047,0.0024,0,0
1609,40031,3.222,2,false,18,520,514,6,0,0,514,17,2.1047,0.0024,0,0
1610,40039,6.915,2,false,18,520,514,6,0,0,514,17,2.1047,0.0024,0,0
1611,40048,9.441,2,false,18,521,514,7,0,0,515,17,2.1047,0.0024,0,0
1612,40052,4.344,2,false,18,521,515,6,0,0,515,22,3.4339,0.0024,0,0
1613,40059,6.928,2,false,18,521,515,6,0,0,515,27,3.4339,0.0024,0,0
1614,40066,6.892,2,false,18,521,515,6,0,0,515,27,3.4339,0.0024,0,0
1615,40073,6.885,2,false,18,521,515,6,0,0,515,27,3.4339,0.0024,0,0
1616,40080,6.972,2,false,18,522,515,7,0,0,516,27,1.843,0.0021,0,0
1617,40087,6.823,2,false,18,522,516,6,0,0,516,26,1.843,0.0021,0,0
1618,40094,6.96,2,false,18,522,516,6,0,0,516,26,1.843,0.0021,0,0
1619,40101,6.843,2,false,18,522,516,6,0,0,516,26,1.843,0.0021,0,0
1620,40108,6.897,2,false,18,523,517,6,0,0,517,26,2.7815,0.0015,0,0
1621,40116,8.837,2,false,18,523,517,6,0,0,517,32,2.7815,0.0015,0,0
1622,40121,4.969,2,false,18,523,517,6,0,0,517,32,2.7815,0.0015,0,0
1623,40128,6.952,2,false,18,523,517,6,0,0,518,32,2.7815,0.0015,0,0
1624,40135,6.841,2,false,18,524,518,6,0,0,518,32,1.982,0.0013,0,0
1625,40142,6.974,2,false,18,524,518,6,0,0,518,32,1.982,0.0013,0,0
1626,40149,6.839,2,false,18,525,518,7,0,0,518,32,1.982,0.0013,0,0
1627,40156,6.898,2,false,18,525,518,7,0,0,519,28,1.76,0.0018,0,0
1628,40163,7.047,2,false,18,525,519,6,0,0,519,26,1.76,0.0018,0,0
1629,40170,6.748,2,false,18,525,519,6,0,0,519,26,1.76,0.0018,0,0
1630,40177,6.943,2,false,18,525,519,6,0,0,520,26,1.76,0.0018,0,0
1631,40183,6.849,2,false,18,526,520,6,0,0,520,26,1.8383,0.0017,0,0
1632,40190,6.922,2,false,18,526,520,6,0,0,520,26,1.8383,0.0017,0,0
1633,40197,6.923,2,false,18,526,520,6,0,0,520,26,1.8383,0.0017,0,0
1634,40204,6.87,2,false,18,527,521,6,0,0,521,26,2.424,0.0015,0,0
1635,40211,6.94,2,false,18,527,521,6,0,0,521,25,2.424,0.0015,0,0
1636,40218,6.856,2,false,18,527,521,6,0,0,521,25,2.424,0.0015,0,0
1637,40225,6.936,2,false,18,527,521,6,0,0,521,25,2.424,0.0015,0,0
1638,40233,8.467,2,false,18,528,522,6,0,0,522,25,2.0191,0.0014,0,0
1639,40239,5.301,2,false,18,528,522,6,0,0,522,25,2.0191,0.0014,0,0
1640,40246,6.945,2,false,18,528,522,6,0,0,522,25,2.0191,0.0014,0,0
1641,40252,6.853,2,false,18,529,522,7,0,0,523,25,2.0191,0.0014,0,0
1642,40259,6.934,2,false,18,529,523,6,0,0,523,31,3.5549,0.0017,0,0
1643,40266,6.877,2,false,18,529,523,6,0,0,523,31,3.5549,0.0017,0,0
1644,40273,6.889,2,false,18,529,523,6,0,0,523,31,3.5549,0.0017,0,0
1645,40280,6.928,2,false,18,530,523,7,0,0,524,31,3.5549,0.0017,0,0
1646,40287,6.86,2,false,18,530,524,6,0,0,524,20,2.8811,0.0021,0,0
1647,40294,6.937,2,false,18,530,524,6,0,0,524,20,2.8811,0.0021,0,0
1648,40301,6.872,2,false,18,530,524,6,0,0,524,20,2.8811,0.0021,0,0
1649,40308,6.904,2,false,18,531,524,7,0,0,525,20,2.8811,0.0021,0,0
1650,40314,6.914,2,false,18,531,525,6,0,0,525,28,1.6273,0.0014,0,0
1651,40322,6.887,2,false,18,531,525,6,0,0,525,28,1.6273,0.0014,0,0
1652,40328,6.942,2,false,18,531,525,6,0,0,525,28,1.6273,0.0014,0,0
1653,40335,6.843,2,false,18,532,526,6,0,0,526,28,1.6547,0.002,0,0
1654,40342,6.969,2,false,18,532,526,6,0,0,526,18,1.6547,0.002,0,0
1655,40349,6.852,2,false,18,532,526,6,0,0,526,18,1.6547,0.002,0,0
1656,40356,6.89,2,false,18,532,527,5,0,0,527,18,1.6913,0.002,0,0
1657,40366,10.039,2,false,18,533,527,6,0,0,527,18,1.6913,0.002,0,0
1658,40370,3.749,2,false,18,533,527,6,0,0,527,18,1.6913,0.002,0,0
1659,40377,6.969,2,false,18,533,527,6,0,0,528,18,1.6913,0.002,0,0
1660,40383,6.826,2,false,18,534,528,6,0,0,528,18,1.8568,0.0021,0,0
1661,40391,6.921,2,false,18,534,528,6,0,0,528,18,1.8568,0.0021,0,0
1662,40397,6.919,2,false,18,535,528,7,0,0,528,18,1.8568,0.0021,0,0
1663,40404,6.867,2,false,18,535,528,7,0,0,529,27,2.6234,0.0016,0,0
1664,40412,7.474,2,false,18,535,529,6,0,0,529,245,2.6234,0.0016,0,0
1665,40418,6.332,2,false,18,535,529,6,0,0,529,245,2.6234,0.0016,0,0
1666,40425,6.976,2,false,18,535,529,6,0,0,529,245,2.6234,0.0016,0,0
1667,40432,6.824,2,false,18,536,530,6,0,0,530,245,1.6935,0.0012,0,0
1668,40439,7.246,2,false,18,536,530,6,0,0,530,23,1.6935,0.0012,0,0
1669,40446,6.595,2,false,18,536,530,6,0,0,530,23,1.6935,0.0012,0,0
1670,40453,6.867,2,false,18,536,530,6,0,0,530,23,1.6935,0.0012,0,0
1671,40460,7.726,2,false,18,537,531,6,0,0,531,23,3.1601,0.0022,0,0
1672,40466,6.069,2,false,18,537,531,6,0,0,531,23,3.1601,0.0022,0,0
1673,40473,6.902,2,false,18,537,531,6,0,0,531,23,3.1601,0.0022,0,0
1674,40480,6.937,2,false,18,538,531,7,0,0,531,23,3.1601,0.0022,0,0
1675,40487,6.853,2,false,18,538,532,6,0,0,532,42,2.0142,0.0021,0,0
1676,40494,6.939,2,false,18,538,532,6,0,0,532,42,2.0142,0.0021,0,0
1677,40501,6.869,2,false,18,538,532,6,0,0,532,42,2.0142,0.0021,0,0
1678,40508,6.9,2,false,18,539,533,6,0,0,533,42,1.9239,0.0017,0,0
1679,40514,6.918,2,false,18,539,533,6,0,0,533,27,1.9239,0.0017,0,0
1680,40521,6.873,2,false,18,539,533,6,0,0,533,27,1.9239,0.0017,0,0
1681,40528,6.946,2,false,18,539,533,6,0,0,534,27,1.7044,0.0013,0,0
1682,40535,6.858,2,false,18,540,534,6,0,0,534,27,1.7044,0.0013,0,0
1683,40542,6.932,2,false,18,540,534,6,0,0,534,27,1.7044,0.0013,0,0
1684,40549,6.872,2,false,18,540,534,6,0,0,535,27,1.7044,0.0013,0,0
1685,40556,6.889,2,false,18,541,535,6,0,0,535,27,1.8494,0.0018,0,0
1686,40563,6.968,2,false,18,541,535,6,0,0,535,27,1.8494,0.0018,0,0
1687,40570,6.832,2,false,18,541,535,6,0,0,536,27,1.8494,0.0018,0,0
1688,40577,6.988,2,false,18,542,536,6,0,0,536,27,1.632,0.0015,0,0
1689,40583,6.822,2,false,18,542,536,6,0,0,536,27,1.632,0.0015,0,0
1690,40590,6.899,2,false,18,542,536,6,0,0,536,27,1.632,0.0015,0,0
1691,40597,6.922,2,false,18,543,537,6,0,0,537,27,2.0629,0.002,0,0
1692,40604,6.875,2,false,18,543,537,6,0,0,537,27,2.0629,0.002,0,0
1693,40611,6.942,2,false,18,543,537,6,0,0,537,27,2.0629,0.002,0,0
1694,40618,6.876,2,false,18,544,538,6,0,0,538,27,2.1158,0.0022,0,0
1695,40625,6.909,2,false,18,544,538,6,0,0,538,18,2.1158,0.0022,0,0
1696,40632,6.876,2,false,18,544,538,6,0,0,538,18,2.1158,0.0022,0,0
1697,40639,6.906,2,false,18,545,538,7,0,0,539,18,2.7452,0.0015,0,0
1698,40646,6.921,2,false,18,545,539,6,0,0,539,19,2.7452,0.0015,0,0
1699,40652,6.87,2,false,18,545,539,6,0,0,539,19,2.7452,0.0015,0,0
1700,40659,6.939,2,false,18,545,539,6,0,0,540,19,2.7452,0.0015,0,0
1701,40666,6.854,2,false,18,546,540,6,0,0,540,19,1.6636,0.0011,0,0
1702,40673,6.914,2,false,18,546,540,6,0,0,540,19,1.6636,0.0011,0,0
1703,40680,6.918,2,false,18,546,540,6,0,0,541,19,1.6636,0.0011,0,0
1704,40687,6.872,2,false,18,547,541,6,0,0,541,19,2.1057,0.0018,0,0
1705,40694,6.939,2,false,18,547,541,6,0,0,541,19,2.1057,0.0018,0,0
1706,40701,6.861,2,false,18,547,541,6,0,0,541,19,2.1057,0.0018,0,0
1707,40713,12.066,2,false,18,548,542,6,0,0,542,19,1.8537,0.002,0,0
1708,40715,1.76,2,false,18,548,542,6,0,0,542,19,1.8537,0.002,0,0
1709,40722,6.884,2,false,18,548,542,6,0,0,542,19,1.8537,0.002,0,0
1710,40728,6.916,2,false,18,549,542,7,0,0,543,19,1.7099,0.0012,0,0
1711,40735,6.991,2,false,18,549,543,6,0,0,543,26,1.7099,0.0012,0,0
1712,40742,6.849,2,false,18,549,543,6,0,0,543,26,1.7099,0.0012,0,0
1713,40749,6.844,2,false,18,549,543,6,0,0,544,26,1.7099,0.0012,0,0
1714,40756,6.892,2,false,18,550,544,6,0,0,544,26,2.0669,0.0022,0,0
1715,40763,6.963,2,false,18,550,544,6,0,0,544,26,2.0669,0.0022,0,0
1716,40770,6.852,2,false,18,550,544,6,0,0,544,26,2.0669,0.0022,0,0
1717,40779,8.744,2,false,18,551,545,6,0,0,545,26,1.8797,0.0018,0,0
1718,40784,5.05,2,false,18,551,545,6,0,0,545,26,1.8797,0.0018,0,0
1719,40791,6.887,2,false,18,551,545,6,0,0,545,26,1.8797,0.0018,0,0
1720,40798,6.943,2,false,18,552,545,7,0,0,546,26,1.6639,0.0011,0,0
1721,40804,6.856,2,false,18,552,546,6,0,0,546,25,1.6639,0.0011,0,0
1722,40811,6.956,2,false,18,552,546,6,0,0,546,25,1.6639,0.0011,0,0
1723,40818,6.847,2,false,18,552,546,6,0,0,547,25,1.6639,0.0011,0,0
1724,40825,6.93,2,false,18,553,547,6,0,0,547,25,3.0398,0.0025,0,0
1725,40832,6.873,2,false,18,553,547,6,0,0,547,25,3.0398,0.0025,0,0
1726,40839,6.904,2,false,18,553,547,6,0,0,547,25,3.0398,0.0025,0,0
1727,40846,6.94,2,false,18,554,548,6,0,0,548,25,2.0885,0.0019,0,0
1728,40853,6.853,2,false,18,554,548,6,0,0,548,22,2.0885,0.0019,0,0
1729,40860,6.943,2,false,18,554,548,6,0,0,548,22,2.0885,0.0019,0,0
1730,40867,6.983,2,false,18,555,548,7,0,0,549,22,1.6214,0.0013,0,0
1731,40873,7.007,2,false,18,555,549,6,0,0,549,44,1.6214,0.0013,0,0
1732,40880,6.709,2,false,18,555,549,6,0,0,549,44,1.6214,0.0013,0,0
1733,40887,6.859,2,false,18,555,549,6,0,0,550,44,1.6214,0.0013,0,0
1734,40894,6.957,2,false,18,556,550,6,0,0,550,44,1.7894,0.0013,0,0
1735,40901,6.892,2,false,18,556,550,6,0,0,550,44,1.7894,0.0013,0,0
1736,40908,6.851,2,false,18,556,550,6,0,0,550,44,1.7894,0.0013,0,0
1737,40915,6.926,2,false,18,557,551,6,0,0,551,44,2.2206,0.0022,0,0
1738,40922,6.896,2,false,18,557,551,6,0,0,551,26,2.2206,0.0022,0,0
1739,40929,6.921,2,false,18,557,551,6,0,0,551,26,2.2206,0.0022,0,0
1740,40936,6.87,2,false,18,557,551,6,0,0,552,26,2.2206,0.0022,0,0
1741,40943,7.013,2,false,18,558,552,6,0,0,552,26,1.8241,0.0011,0,0
1742,40949,6.803,2,false,18,558,552,6,0,0,552,26,1.8241,0.0011,0,0
1743,40956,6.876,2,false,18,558,552,6,0,0,552,26,1.8241,0.0011,0,0
1744,40963,6.922,2,false,18,559,553,6,0,0,553,26,1.8179,0.0014,0,0
1745,40970,6.888,2,false,18,559,553,6,0,0,553,26,1.8179,0.0014,0,0
1746,40977,6.926,2,false,18,559,553,6,0,0,553,26,1.8179,0.0014,0,0
1747,40984,6.863,2,false,18,560,554,6,0,0,554,26,1.9523,0.0019,0,0
1748,40991,6.896,2,false,18,560,554,6,0,0,554,25,1.9523,0.0019,0,0
1749,40998,6.949,2,false,18,560,554,6,0,0,554,25,1.9523,0.0019,0,0
1750,41004,6.855,2,false,18,560,554,6,0,0,555,25,3.158,0.0019,0,0
1751,41011,6.932,2,false,18,561,555,6,0,0,555,25,3.158,0.0019,0,0
1752,41018,6.883,2,false,18,561,555,6,0,0,555,25,3.158,0.0019,0,0
1753,41025,6.952,2,false,18,561,555,6,0,0,555,25,3.158,0.0019,0,0
1754,41032,6.848,2,false,18,562,556,6,0,0,556,25,2.6414,0.0018,0,0
1755,41039,7.292,2,false,18,562,556,6,0,0,556,47,2.6414,0.0018,0,0
1756,41046,6.559,2,false,18,562,556,6,0,0,556,47,2.6414,0.0018,0,0
1757,41053,6.858,2,false,18,562,556,6,0,0,556,47,2.6414,0.0018,0,0
1758,41061,7.867,2,false,18,563,557,6,0,0,557,47,2.0291,0.0019,0,0
1759,41066,5.912,2,false,18,563,557,6,0,0,557,47,2.0291,0.0019,0,0
1760,41074,6.898,2,false,18,563,557,6,0,0,557,47,2.0291,0.0019,0,0
1761,41081,6.949,2,false,18,564,557,7,0,0,558,47,1.9288,0.011,0,0
1762,41087,6.845,2,false,18,564,558,6,0,0,558,19,1.9288,0.011,0,0
1763,41094,6.941,2,false,18,564,558,6,0,0,558,19,1.9288,0.011,0,0
1764,41101,6.861,2,false,18,565,558,7,0,0,559,19,1.9288,0.011,0,0
1765,41108,6.897,2,false,18,565,559,6,0,0,559,19,2.3989,0.0021,0,0
1766,41115,6.955,2,false,18,565,559,6,0,0,559,19,2.3989,0.0021,0,0
1767,41122,6.86,2,false,18,565,559,6,0,0,559,19,2.3989,0.0021,0,0
1768,41129,6.937,2,false,18,566,559,7,0,0,560,19,1.6121,0.0017,0,0
1769,41136,6.852,2,false,18,566,560,6,0,0,560,18,1.6121,0.0017,0,0
1770,41142,6.952,2,false,18,566,560,6,0,0,560,18,1.6121,0.0017,0,0
1771,41150,6.855,2,false,18,566,560,6,0,0,561,18,1.6047,0.0011,0,0
1772,41156,6.888,2,false,18,567,561,6,0,0,561,18,1.6047,0.0011,0,0
1773,41163,6.954,2,false,18,567,561,6,0,0,561,18,1.6047,0.0011,0,0
1774,41170,6.857,2,false,18,567,561,6,0,0,562,18,1.6047,0.0011,0,0
1775,41177,6.917,2,false,18,568,562,6,0,0,562,18,1.7665,0.0014,0,0
1776,41184,6.886,2,false,18,568,562,6,0,0,562,18,1.7665,0.0014,0,0
1777,41191,6.891,2,false,18,568,562,6,0,0,562,18,1.7665,0.0014,0,0
1778,41198,7.015,2,false,18,569,563,6,0,0,563,18,3.0439,0.0028,0,0
1779,41205,6.783,2,false,18,569,563,6,0,0,563,32,3.0439,0.0028,0,0
1780,41212,6.976,2,false,18,569,563,6,0,0,563,32,3.0439,0.0028,0,0
1781,41218,6.838,2,false,18,569,563,6,0,0,564,32,3.0439,0.0028,0,0
1782,41226,7.622,2,false,18,570,564,6,0,0,564,32,2.0119,0.0024,0,0
1783,41232,6.197,2,false,18,570,564,6,0,0,564,32,2.0119,0.0024,0,0
1784,41239,6.906,2,false,18,570,564,6,0,0,564,32,2.0119,0.0024,0,0
1785,41246,6.914,2,false,18,571,564,7,0,0,565,32,1.9967,0.0018,0,0
1786,41253,6.887,2,false,18,571,565,6,0,0,565,27,1.9967,0.0018,0,0
1787,41260,6.928,2,false,18,571,565,6,0,0,565,27,1.9967,0.0018,0,0
1788,41267,6.837,2,false,18,571,565,6,0,0,565,27,1.9967,0.0018,0,0
1789,41274,6.904,2,false,18,572,566,6,0,0,566,27,2.0312,0.0018,0,0
1790,41281,6.949,2,false,18,572,566,6,0,0,566,27,2.0312,0.0018,0,0
1791,41287,6.846,2,false,18,572,566,6,0,0,566,27,2.0312,0.0018,0,0
1792,41295,6.989,2,false,18,572,566,6,0,0,567,27,1.8068,0.0033,0,0
1793,41302,7.39,2,false,18,573,567,6,0,0,567,27,1.8068,0.0033,0,0
1794,41308,6.329,2,false,18,573,567,6,0,0,567,27,1.8068,0.0033,0,0
1795,41315,6.952,2,false,18,573,567,6,0,0,568,27,1.8068,0.0033,0,0
1796,41322,6.834,2,false,18,574,568,6,0,0,568,27,2.0069,0.0021,0,0
1797,41329,6.943,2,false,18,574,568,6,0,0,568,27,2.0069,0.0021,0,0
1798,41336,6.867,2,false,18,575,568,7,0,0,568,27,2.0069,0.0021,0,0
1799,41343,6.933,2,false,18,575,569,6,0,0,569,21,1.9134,0.0016,0,0
1800,41350,6.864,2,false,18,575,569,6,0,0,569,16,1.9134,0.0016,0,0
1801,41356,6.901,2,false,18,575,569,6,0,0,569,16,1.9134,0.0016,0,0
1802,41363,6.924,2,false,18,575,569,6,0,0,570,16,1.9761,0.0018,0,0
1803,41370,7.125,2,false,18,576,570,6,0,0,570,16,1.9761,0.0018,0,0
1804,41377,6.668,2,false,18,576,570,6,0,0,570,16,1.9761,0.0018,0,0
1805,41384,6.873,2,false,18,576,570,6,0,0,571,16,1.9761,0.0018,0,0
1806,41391,6.901,2,false,18,577,571,6,0,0,571,16,2.9293,0.0013,0,0
1807,41398,6.937,2,false,18,577,571,6,0,0,571,16,2.9293,0.0013,0,0
1808,41405,6.9,2,false,18,577,571,6,0,0,571,16,2.9293,0.0013,0,0
1809,41412,7.282,2,false,18,578,572,6,0,0,572,16,1.7672,0.0013,0,0
1810,41418,6.491,2,false,18,578,572,6,0,0,572,16,1.7672,0.0013,0,0
1811,41425,6.923,2,false,18,578,572,6,0,0,572,16,1.7672,0.0013,0,0
1812,41432,6.877,2,false,18,579,573,6,0,0,573,16,1.6731,0.0015,0,0
1813,41439,6.893,2,false,18,579,573,6,0,0,573,24,1.6731,0.0015,0,0
1814,41446,6.926,2,false,18,579,573,6,0,0,573,24,1.6731,0.0015,0,0
1815,41453,6.88,2,false,18,579,573,6,0,0,574,24,2.7931,0.002,0,0
1816,41463,9.871,2,false,18,580,574,6,0,0,574,24,2.7931,0.002,0,0
1817,41467,3.927,2,false,18,580,574,6,0,0,574,24,2.7931,0.002,0,0
1818,41474,6.892,2,false,18,580,574,6,0,0,574,24,2.7931,0.002,0,0
1819,41481,6.952,2,false,18,581,574,7,0,0,575,24,1.858,0.0024,0,0
1820,41488,6.86,2,false,18,581,575,6,0,0,575,17,1.858,0.0024,0,0
1821,41494,6.929,2,false,18,581,575,6,0,0,575,17,1.858,0.0024,0,0
1822,41501,6.863,2,false,18,581,575,6,0,0,576,17,1.9123,0.0017,0,0
1823,41508,7.022,2,false,18,582,576,6,0,0,576,17,1.9123,0.0017,0,0
1824,41515,6.83,2,false,18,582,576,6,0,0,576,17,1.9123,0.0017,0,0
1825,41522,6.844,2,false,18,582,576,6,0,0,576,17,1.9123,0.0017,0,0
1826,41529,7.235,2,false,18,583,577,6,0,0,577,17,1.8851,0.0015,0,0
1827,41536,6.6,2,false,18,583,577,6,0,0,577,17,1.8851,0.0015,0,0
1828,41543,6.902,2,false,18,583,577,6,0,0,577,17,1.8851,0.0015,0,0
1829,41549,6.859,2,false,18,584,578,6,0,0,578,17,1.8315,0.0012,0,0
1830,41557,6.914,2,false,18,584,578,6,0,0,578,43,1.8315,0.0012,0,0
1831,41563,6.921,2,false,18,584,578,6,0,0,578,43,1.8315,0.0012,0,0
1832,41571,6.869,2,false,18,585,578,7,0,0,579,43,2.5827,0.0016,0,0
1833,41577,6.938,2,false,18,585,579,6,0,0,579,38,2.5827,0.0016,0,0
1834,41584,6.866,2,false,18,585,579,6,0,0,579,38,2.5827,0.0016,0,0
1835,41591,6.914,2,false,18,585,579,6,0,0,580,38,2.5827,0.0016,0,0
1836,41598,6.912,2,false,18,586,580,6,0,0,580,38,2.1731,0.0018,0,0
1837,41605,6.883,2,false,18,586,580,6,0,0,580,38,2.1731,0.0018,0,0
1838,41612,6.928,2,false,18,586,580,6,0,0,580,38,2.1731,0.0018,0,0
1839,41619,6.859,2,false,18,587,581,6,0,0,581,38,1.7545,0.0015,0,0
1840,41625,6.94,2,false,18,587,581,6,0,0,581,20,1.7545,0.0015,0,0
1841,41632,6.86,2,false,18,587,581,6,0,0,581,20,1.7545,0.0015,0,0
1842,41639,6.913,2,false,18,587,581,6,0,0,582,20,1.7527,0.0011,0,0
1843,41646,6.912,2,false,18,588,582,6,0,0,582,20,1.7527,0.0011,0,0
1844,41653,6.895,2,false,18,588,582,6,0,0,582,20,1.7527,0.0011,0,0
1845,41660,6.931,2,false,18,588,582,6,0,0,583,20,1.7725,0.0012,0,0
1846,41667,7.289,2,false,18,589,583,6,0,0,583,20,1.7725,0.0012,0,0
1847,41674,6.472,2,false,18,589,583,6,0,0,583,20,1.7725,0.0012,0,0
1848,41681,6.921,2,false,18,589,583,6,0,0,584,20,1.7725,0.0012,0,0
1849,41688,7.038,2,false,18,590,584,6,0,0,584,20,2.0109,0.0043,0,0
1850,41694,6.788,2,false,18,590,584,6,0,0,584,20,2.0109,0.0043,0,0
1851,41701,6.848,2,false,18,590,584,6,0,0,584,20,2.0109,0.0043,0,0
1852,41708,6.893,2,false,18,591,585,6,0,0,585,20,1.7488,0.0017,0,0
1853,41715,6.934,2,false,18,591,585,6,0,0,585,22,1.7488,0.0017,0,0
1854,41722,6.869,2,false,18,591,585,6,0,0,585,22,1.7488,0.0017,0,0
1855,41729,6.954,2,false,18,591,585,6,0,0,586,22,2.0976,0.0016,0,0
1856,41736,6.842,2,false,18,592,586,6,0,0,586,22,2.0976,0.0016,0,0
1857,41743,6.957,2,false,18,592,586,6,0,0,586,22,2.0976,0.0016,0,0
1858,41750,6.849,2,false,18,592,586,6,0,0,586,22,2.0976,0.0016,0,0
1859,41757,6.902,2,false,18,593,586,7,0,0,587,22,2.5776,0.0024,0,0
1860,41763,6.928,2,false,18,593,587,6,0,0,587,24,2.5776,0.0024,0,0
1861,41770,6.87,2,false,18,593,587,6,0,0,587,24,2.5776,0.0024,0,0
1862,41778,6.949,2,false,18,593,587,6,0,0,588,24,2.271,0.0018,0,0
1863,41784,6.847,2,false,18,594,588,6,0,0,588,24,2.271,0.0018,0,0
1864,41791,6.926,2,false,18,594,588,6,0,0,588,24,2.271,0.0018,0,0
1865,41798,6.905,2,false,18,595,588,7,0,0,589,24,2.271,0.0018,0,0
1866,41805,6.874,2,false,18,595,589,6,0,0,589,19,1.6713,0.0014,0,0
1867,41812,6.95,2,false,18,595,589,6,0,0,589,19,1.6713,0.0014,0,0
1868,41819,6.853,2,false,18,595,589,6,0,0,589,19,1.6713,0.0014,0,0
1869,41826,6.95,2,false,18,596,590,6,0,0,590,19,1.689,0.0011,0,0
1870,41832,6.848,2,false,18,596,590,6,0,0,590,26,1.689,0.0011,0,0
1871,41839,6.908,2,false,18,596,590,6,0,0,590,26,1.689,0.0011,0,0
1872,41846,6.942,2,false,18,596,590,6,0,0,591,26,1.4678,0.0012,0,0
1873,41855,8.295,2,false,18,597,591,6,0,0,591,26,1.4678,0.0012,0,0
1874,41860,5.478,2,false,18,597,591,6,0,0,591,26,1.4678,0.0012,0,0
1875,41867,6.88,2,false,18,597,591,6,0,0,592,26,1.7988,0.0014,0,0
1876,41874,6.934,2,false,18,598,592,6,0,0,592,26,1.7988,0.0014,0,0
1877,41881,6.882,2,false,18,598,592,6,0,0,592,26,1.7988,0.0014,0,0
1878,41888,6.883,2,false,18,598,592,6,0,0,593,26,1.921,0.002,0,0
1879,41895,6.93,2,false,18,599,593,6,0,0,593,26,1.921,0.002,0,0
1880,41902,6.887,2,false,18,599,593,6,0,0,593,26,1.921,0.002,0,0
1881,41909,6.888,2,false,18,599,593,6,0,0,593,26,1.921,0.002,0,0
1882,41915,6.935,2,false,18,600,594,6,0,0,594,26,2.3222,0.0027,0,0
1883,41923,6.875,2,false,18,600,594,6,0,0,594,26,2.3222,0.0027,0,0
1884,41929,6.917,2,false,18,600,594,6,0,0,594,26,2.3222,0.0027,0,0
1885,41936,6.892,2,false,18,601,594,7,0,0,595,26,2.3222,0.0027,0,0
1886,41943,7.093,2,false,18,601,595,6,0,0,595,34,2.5017,0.0024,0,0
1887,41950,6.693,2,false,18,601,595,6,0,0,595,34,2.5017,0.0024,0,0
1888,41957,6.889,2,false,18,601,595,6,0,0,595,34,2.5017,0.0024,0,0
1889,41964,6.94,2,false,18,602,596,6,0,0,596,34,1.7619,0.0017,0,0
1890,41970,6.853,2,false,18,602,596,6,0,0,596,21,1.7619,0.0017,0,0
1891,41977,6.928,2,false,18,602,596,6,0,0,596,21,1.7619,0.0017,0,0
1892,41984,6.876,2,false,18,602,596,6,0,0,597,21,1.6762,0.0012,0,0
1893,41991,6.894,2,false,18,603,597,6,0,0,597,21,1.6762,0.0012,0,0
1894,41998,6.951,2,false,18,603,597,6,0,0,597,21,1.6762,0.0012,0,0
1895,42005,6.854,2,false,18,603,597,6,0,0,598,21,1.6203,0.0012,0,0
1896,42012,7.287,2,false,18,604,598,6,0,0,598,21,1.6203,0.0012,0,0
1897,42019,6.514,2,false,18,604,598,6,0,0,598,21,1.6203,0.0012,0,0
1898,42026,6.953,2,false,18,605,598,7,0,0,599,21,1.9678,0.0023,0,0
1899,42034,8.226,2,false,18,605,599,6,0,0,599,28,1.9678,0.0023,0,0
1900,42040,5.543,2,false,18,605,599,6,0,0,599,28,1.9678,0.0023,0,0
1901,42047,6.918,2,false,18,605,599,6,0,0,599,28,1.9678,0.0023,0,0
1902,42053,6.864,2,false,18,606,600,6,0,0,600,28,2.1939,0.0013,0,0
1903,42061,7.902,2,false,18,606,600,6,0,0,600,34,2.1939,0.0013,0,0
1904,42067,5.902,2,false,18,606,600,6,0,0,600,34,2.1939,0.0013,0,0
1905,42074,6.911,2,false,18,606,600,6,0,0,601,34,1.8347,0.0017,0,0
1906,42083,9.228,2,false,18,607,601,6,0,0,601,34,1.8347,0.0017,0,0
1907,42088,4.569,2,false,18,607,601,6,0,0,601,34,1.8347,0.0017,0,0
1908,42095,6.929,2,false,18,607,601,6,0,0,601,34,1.8347,0.0017,0,0
1909,42102,6.876,2,false,18,608,601,7,0,0,602,34,1.5977,0.0012,0,0
1910,42108,6.873,2,false,18,608,602,6,0,0,602,19,1.5977,0.0012,0,0
1911,42115,6.965,2,false,18,608,602,6,0,0,602,19,1.5977,0.0012,0,0
1912,42122,6.851,2,false,18,608,602,6,0,0,603,19,1.5977,0.0012,0,0
1913,42129,6.926,2,false,18,609,603,6,0,0,603,19,3.0188,0.0019,0,0
1914,42136,6.871,2,false,18,609,603,6,0,0,603,19,3.0188,0.0019,0,0
1915,42143,6.948,2,false,18,609,603,6,0,0,604,19,3.0188,0.0019,0,0
1916,42150,6.851,2,false,18,610,604,6,0,0,604,19,1.6149,0.002,0,0
1917,42157,6.9,2,false,18,610,604,6,0,0,604,19,1.6149,0.002,0,0
1918,42164,6.941,2,false,18,610,604,6,0,0,604,19,1.6149,0.002,0,0
1919,42170,6.851,2,false,18,611,605,6,0,0,605,19,2.0975,0.002,0,0
1920,42178,6.97,2,false,18,611,605,6,0,0,605,19,2.0975,0.002,0,0
1921,42184,6.839,2,false,18,611,605,6,0,0,605,19,2.0975,0.002,0,0
1922,42191,6.893,2,false,18,612,606,6,0,0,606,19,1.6816,0.0012,0,0
1923,42198,6.935,2,false,18,612,606,6,0,0,606,20,1.6816,0.0012,0,0
1924,42205,6.867,2,false,18,612,606,6,0,0,606,20,1.6816,0.0012,0,0
1925,42212,6.959,2,false,18,612,606,6,0,0,607,20,2.0088,0.0017,0,0
1926,42222,10.527,2,false,18,613,607,6,0,0,607,20,2.0088,0.0017,0,0
1927,42226,3.255,2,false,18,613,607,6,0,0,607,20,2.0088,0.0017,0,0
1928,42233,6.859,2,false,18,613,607,6,0,0,608,20,2.0088,0.0017,0,0
1929,42241,8.322,2,false,18,614,608,6,0,0,608,20,2.1588,0.0013,0,0
1930,42246,5.515,2,false,18,614,608,6,0,0,608,20,2.1588,0.0013,0,0
1931,42253,6.856,2,false,18,615,608,7,0,0,608,20,2.1588,0.0013,0,0
1932,42260,6.942,2,false,18,615,609,6,0,0,609,20,2.2276,0.0021,0,0
1933,42267,6.861,2,false,18,615,609,6,0,0,609,15,2.2276,0.0021,0,0
1934,42274,6.912,2,false,18,615,609,6,0,0,609,15,2.2276,0.0021,0,0
1935,42281,6.917,2,false,18,615,609,6,0,0,610,15,1.7735,0.0016,0,0
1936,42288,6.872,2,false,18,616,610,6,0,0,610,15,1.7735,0.0016,0,0
1937,42295,6.953,2,false,18,616,610,6,0,0,610,15,1.7735,0.0016,0,0
1938,42302,6.878,2,false,18,616,610,6,0,0,611,15,1.7735,0.0016,0,0
1939,42309,6.937,2,false,18,617,611,6,0,0,611,15,3.0198,0.0023,0,0
1940,42316,6.87,2,false,18,617,611,6,0,0,611,15,3.0198,0.0023,0,0
1941,42322,6.869,2,false,18,617,611,6,0,0,611,15,3.0198,0.0023,0,0
1942,42330,7.285,2,false,18,618,612,6,0,0,612,15,1.7509,0.0018,0,0
1943,42336,6.533,2,false,18,618,612,6,0,0,612,15,1.7509,0.0018,0,0
1944,42343,6.928,2,false,18,618,612,6,0,0,612,15,1.7509,0.0018,0,0
1945,42350,6.861,2,false,18,619,612,7,0,0,613,15,2.2257,0.0023,0,0
1946,42357,6.919,2,false,18,619,613,6,0,0,613,20,2.2257,0.0023,0,0
1947,42364,6.942,2,false,18,619,613,6,0,0,613,20,2.2257,0.0023,0,0
1948,42371,6.837,2,false,18,619,613,6,0,0,614,20,2.2257,0.0023,0,0
1949,42379,8.088,2,false,18,620,614,6,0,0,614,20,1.8452,0.0014,0,0
1950,42385,5.717,2,false,18,620,614,6,0,0,614,20,1.8452,0.0014,0,0
1951,42391,6.896,2,false,18,620,614,6,0,0,614,20,1.8452,0.0014,0,0
1952,42398,6.94,2,false,18,621,614,7,0,0,615,20,2.6402,0.0023,0,0
1953,42406,7.802,2,false,18,621,615,6,0,0,615,211,2.6402,0.0023,0,0
1954,42412,6.009,2,false,18,621,615,6,0,0,615,211,2.6402,0.0023,0,0
1955,42419,6.843,2,false,18,621,615,6,0,0,615,211,2.6402,0.0023,0,0
1956,42426,6.946,2,false,18,622,616,6,0,0,616,211,1.9625,0.0019,0,0
1957,42433,6.856,2,false,18,622,616,6,0,0,616,24,1.9625,0.0019,0,0
1958,42440,6.909,2,false,18,622,616,6,0,0,616,24,1.9625,0.0019,0,0
1959,42447,6.936,2,false,18,622,616,6,0,0,616,24,1.9625,0.0019,0,0
1960,42454,6.855,2,false,18,623,616,7,0,0,617,24,2.7147,0.0028,0,0
1961,42463,9.465,2,false,18,623,617,6,0,0,617,31,2.7147,0.0028,0,0
1962,42467,4.337,2,false,18,623,617,6,0,0,617,31,2.7147,0.0028,0,0
1963,42474,6.904,2,false,18,623,617,6,0,0,617,31,2.7147,0.0028,0,0
1964,42481,6.937,2,false,18,624,617,7,0,0,618,31,2.0878,0.0019,0,0
1965,42488,7.097,2,false,18,624,618,6,0,0,618,25,2.0878,0.0019,0,0
1966,42495,6.705,2,false,18,624,618,6,0,0,618,25,2.0878,0.0019,0,0
1967,42502,6.852,2,false,18,625,618,7,0,0,618,25,2.0878,0.0019,0,0
1968,42509,6.896,2,false,18,625,619,6,0,0,619,25,2.8331,0.0015,0,0
1969,42515,6.934,2,false,18,625,619,6,0,0,619,16,2.8331,0.0015,0,0
1970,42522,6.872,2,false,18,625,619,6,0,0,619,16,2.8331,0.0015,0,0
1971,42530,6.942,2,false,18,625,619,6,0,0,620,16,1.7502,0.0018,0,0
1972,42538,8.188,2,false,18,626,620,6,0,0,620,16,1.7502,0.0018,0,0
1973,42543,5.635,2,false,18,626,620,6,0,0,620,16,1.7502,0.0018,0,0
1974,42550,6.837,2,false,18,626,620,6,0,0,620,16,1.7502,0.0018,0,0
1975,42557,6.905,2,false,18,627,620,7,0,0,621,16,1.7502,0.0018,0,0
1976,42564,7.445,2,false,18,627,621,6,0,0,621,35,2.5203,0.0022,0,0
1977,42571,6.35,2,false,18,627,621,6,0,0,621,35,2.5203,0.0022,0,0
1978,42578,6.921,2,false,18,627,621,6,0,0,621,35,2.5203,0.0022,0,0
1979,42585,6.876,2,false,18,628,621,7,0,0,622,35,2.0716,0.0019,0,0
1980,42592,7.596,2,false,18,628,622,6,0,0,622,18,2.0716,0.0019,0,0
1981,42598,6.239,2,false,18,628,622,6,0,0,622,18,2.0716,0.0019,0,0
1982,42605,6.859,2,false,18,628,622,6,0,0,623,18,1.9533,0.0019,0,0
1983,42612,6.931,2,false,18,629,623,6,0,0,623,18,1.9533,0.0019,0,0
1984,42619,6.878,2,false,18,629,623,6,0,0,623,18,1.9533,0.0019,0,0
1985,42626,6.927,2,false,18,629,623,6,0,0,624,18,1.9533,0.0019,0,0
1986,42633,6.858,2,false,18,630,624,6,0,0,624,18,1.8662,0.0015,0,0
1987,42640,6.908,2,false,18,630,624,6,0,0,624,18,1.8662,0.0015,0,0
1988,42647,6.941,2,false,18,630,624,6,0,0,624,18,1.8662,0.0015,0,0
1989,42653,6.856,2,false,18,631,624,7,0,0,625,18,2.1455,0.0022,0,0
1990,42660,6.937,2,false,18,631,625,6,0,0,625,24,2.1455,0.0022,0,0
1991,42667,6.877,2,false,18,631,625,6,0,0,625,24,2.1455,0.0022,0,0
1992,42674,7.038,2,false,18,631,625,6,0,0,626,24,2.1455,0.0022,0,0
1993,42681,6.781,2,false,18,632,626,6,0,0,626,24,1.7744,0.0012,0,0
1994,42688,6.87,2,false,18,632,626,6,0,0,626,24,1.7744,0.0012,0,0
1995,42695,6.968,2,false,18,632,626,6,0,0,626,24,1.7744,0.0012,0,0
1996,42702,6.836,2,false,18,633,626,7,0,0,627,24,2.704,0.0023,0,0
1997,42709,6.897,2,false,18,633,627,6,0,0,627,20,2.704,0.0023,0,0
1998,42716,6.944,2,false,18,633,627,6,0,0,627,20,2.704,0.0023,0,0
1999,42723,6.854,2,false,18,633,627,6,0,0,628,20,1.9724,0.0013,0,0
2000,42730,7.828,2,false,18,634,628,6,0,0,628,20,1.9724,0.0013,0,0
2001,42737,5.992,2,false,18,634,628,6,0,0,628,20,1.9724,0.0013,0,0
2002,42743,6.954,2,false,18,635,628,7,0,0,628,20,1.9724,0.0013,0,0
2003,42750,6.822,2,false,18,635,629,6,0,0,629,27,1.7372,0.0013,0,0
2004,42757,6.913,2,false,18,635,629,6,0,0,629,27,1.7372,0.0013,0,0
2005,42764,6.913,2,false,18,635,629,6,0,0,629,27,1.7372,0.0013,0,0
2006,42771,6.891,2,false,18,636,630,6,0,0,630,27,1.9658,0.0013,0,0
2007,42778,6.914,2,false,18,636,630,6,0,0,630,30,1.9658,0.0013,0,0
2008,42785,6.878,2,false,18,636,630,6,0,0,630,30,1.9658,0.0013,0,0
2009,42792,6.888,2,false,18,636,631,5,0,0,631,30,1.5919,0.0013,0,0
2010,42799,7.984,2,false,18,637,631,6,0,0,631,30,1.5919,0.0013,0,0
2011,42805,5.822,2,false,18,637,631,6,0,0,631,30,1.5919,0.0013,0,0
2012,42812,6.931,2,false,18,637,631,6,0,0,632,30,1.5919,0.0013,0,0
2013,42819,6.868,2,false,18,638,632,6,0,0,632,30,2.635,0.0019,0,0
2014,42826,6.959,2,false,18,638,632,6,0,0,632,30,2.635,0.0019,0,0
2015,42833,6.851,2,false,18,638,632,6,0,0,632,30,2.635,0.0019,0,0
2016,42845,12.557,2,false,18,639,633,6,0,0,633,30,1.9614,0.0025,0,0
2017,42847,1.775,2,false,18,639,633,6,0,0,633,30,1.9614,0.0025,0,0
2018,42854,6.359,2,false,18,639,633,6,0,0,633,30,1.9614,0.0025,0,0
2019,42861,6.948,2,false,18,640,633,7,0,0,634,30,1.6148,0.002,0,0
2020,42867,6.857,2,false,18,640,634,6,0,0,634,17,1.6148,0.002,0,0
2021,42874,6.893,2,false,18,640,634,6,0,0,634,17,1.6148,0.002,0,0
2022,42881,6.936,2,false,18,640,634,6,0,0,635,17,2.6029,0.0016,0,0
2023,42888,6.859,2,false,18,641,635,6,0,0,635,17,2.6029,0.0016,0,0
2024,42895,6.971,2,false,18,641,635,6,0,0,635,17,2.6029,0.0016,0,0
2025,42902,6.839,2,false,18,641,635,6,0,0,636,17,2.6029,0.0016,0,0
2026,42909,6.9,2,false,18,642,636,6,0,0,636,17,1.5046,0.001,0,0
2027,42916,6.97,2,false,18,642,636,6,0,0,636,17,1.5046,0.001,0,0
2028,42923,6.839,2,false,18,642,636,6,0,0,636,17,1.5046,0.001,0,0
2029,42930,6.963,2,false,18,643,636,7,0,0,637,17,2.0558,0.0015,0,0
2030,42936,6.823,2,false,18,643,637,6,0,0,637,27,2.0558,0.0015,0,0
2031,42943,6.931,2,false,18,643,637,6,0,0,637,27,2.0558,0.0015,0,0
2032,42950,6.866,2,false,18,643,637,6,0,0,638,27,1.5951,0.001,0,0
2033,42957,6.901,2,false,18,644,638,6,0,0,638,27,1.5951,0.001,0,0
2034,42964,6.95,2,false,18,644,638,6,0,0,638,27,1.5951,0.001,0,0
2035,42971,6.857,2,false,18,645,638,7,0,0,639,27,1.5951,0.001,0,0
2036,42978,7.528,2,false,18,645,639,6,0,0,639,23,1.7476,0.0016,0,0
2037,42985,6.282,2,false,18,645,639,6,0,0,639,23,1.7476,0.0016,0,0
2038,42992,6.884,2,false,18,645,639,6,0,0,639,23,1.7476,0.0016,0,0
2039,42999,6.96,2,false,18,646,639,7,0,0,640,23,2.0443,0.0075,0,0
2040,43006,6.841,2,false,18,646,640,6,0,0,640,20,2.0443,0.0075,0,0
2041,43012,6.948,2,false,18,646,640,6,0,0,640,20,2.0443,0.0075,0,0
2042,43019,6.853,2,false,18,646,640,6,0,0,641,20,2.0443,0.0075,0,0
2043,43026,6.932,2,false,18,647,641,6,0,0,641,20,2.1575,0.0017,0,0
2044,43033,6.879,2,false,18,647,641,6,0,0,641,20,2.1575,0.0017,0,0
2045,43040,6.888,2,false,18,647,641,6,0,0,641,20,2.1575,0.0017,0,0
2046,43047,7.056,2,false,18,648,642,6,0,0,642,20,1.6712,0.0011,0,0
2047,43054,6.756,2,false,18,648,642,6,0,0,642,20,1.6712,0.0011,0,0
2048,43061,6.948,2,false,18,648,642,6,0,0,642,20,1.6712,0.0011,0,0
2049,43068,6.842,2,false,18,649,643,6,0,0,643,20,3.1934,0.0012,0,0
2050,43075,6.924,2,false,18,649,643,6,0,0,643,20,3.1934,0.0012,0,0
2051,43082,6.959,2,false,18,649,643,6,0,0,643,20,3.1934,0.0012,0,0
2052,43088,6.837,2,false,18,649,643,6,0,0,643,20,3.1934,0.0012,0,0
2053,43095,6.954,2,false,18,650,644,6,0,0,644,20,2.3584,0.003,0,0
2054,43102,6.823,2,false,18,650,644,6,0,0,644,35,2.3584,0.003,0,0
2055,43109,6.919,2,false,18,650,644,6,0,0,644,35,2.3584,0.003,0,0
2056,43116,6.914,2,false,18,650,644,6,0,0,644,35,2.3584,0.003,0,0
2057,43123,7.327,2,false,18,651,645,6,0,0,645,35,2.2161,0.0013,0,0
2058,43130,6.487,2,false,18,651,645,6,0,0,645,35,2.2161,0.0013,0,0
2059,43137,6.855,2,false,18,651,645,6,0,0,645,35,2.2161,0.0013,0,0
2060,43144,6.948,2,false,18,652,645,7,0,0,646,35,2.3648,0.0018,0,0
2061,43151,7.3,2,false,18,652,646,6,0,0,646,27,2.3648,0.0018,0,0
2062,43157,6.47,2,false,18,652,646,6,0,0,646,27,2.3648,0.0018,0,0
2063,43164,6.923,2,false,18,652,646,6,0,0,646,27,2.3648,0.0018,0,0
2064,43173,9.36,2,false,18,653,647,6,0,0,647,27,1.6705,0.0012,0,0
2065,43178,4.456,2,false,18,653,647,6,0,0,647,27,1.6705,0.0012,0,0
2066,43185,6.847,2,false,18,653,647,6,0,0,647,27,1.6705,0.0012,0,0
2067,43192,6.904,2,false,18,654,647,7,0,0,648,27,1.8504,0.0014,0,0
2068,43200,8.39,2,false,18,654,648,6,0,0,648,25,1.8504,0.0014,0,0
2069,43206,5.407,2,false,18,654,648,6,0,0,648,25,1.8504,0.0014,0,0
2070,43213,6.961,2,false,18,655,648,7,0,0,649,25,2.4501,0.0023,0,0
2071,43219,6.897,2,false,18,655,649,6,0,0,649,21,2.4501,0.0023,0,0
2072,43226,6.929,2,false,18,655,649,6,0,0,649,21,2.4501,0.0023,0,0
2073,43233,6.812,2,false,18,655,649,6,0,0,649,21,2.4501,0.0023,0,0
2074,43240,6.901,2,false,18,656,649,7,0,0,650,21,1.7646,0.0013,0,0
2075,43248,7.779,2,false,18,656,650,6,0,0,650,26,1.7646,0.0013,0,0
2076,43254,6.031,2,false,18,656,650,6,0,0,650,26,1.7646,0.0013,0,0
2077,43261,6.948,2,false,18,656,650,6,0,0,651,26,1.7646,0.0013,0,0
2078,43268,7.002,2,false,18,657,651,6,0,0,651,26,3.314,0.0015,0,0
2079,43275,6.746,2,false,18,657,651,6,0,0,651,26,3.314,0.0015,0,0
2080,43282,6.924,2,false,18,657,651,6,0,0,651,26,3.314,0.0015,0,0
2081,43289,6.881,2,false,18,658,651,7,0,0,652,26,2.2866,0.0027,0,0
2082,43297,8.832,2,false,18,658,652,6,0,0,652,34,2.2866,0.0027,0,0
2083,43302,4.95,2,false,18,658,652,6,0,0,652,34,2.2866,0.0027,0,0
2084,43309,6.914,2,false,18,658,652,6,0,0,653,34,2.2866,0.0027,0,0
2085,43317,8.285,2,false,18,659,653,6,0,0,653,34,1.8908,0.0019,0,0
2086,43323,5.533,2,false,18,659,653,6,0,0,653,34,1.8908,0.0019,0,0
2087,43330,6.904,2,false,18,659,653,6,0,0,653,34,1.8908,0.0019,0,0
2088,43337,7.097,2,false,18,660,654,6,0,0,654,34,1.7286,0.004,0,0
2089,43344,6.723,2,false,18,660,654,6,0,0,654,34,1.7286,0.004,0,0
2090,43350,6.85,2,false,18,660,654,6,0,0,654,34,1.7286,0.004,0,0
2091,43357,6.914,2,false,18,661,654,7,0,0,655,34,2.0374,0.0017,0,0
2092,43375,17.341,2,false,18,661,655,6,0,0,655,167,2.0374,0.0017,0,0
2093,43377,1.893,2,false,18,661,655,6,0,0,655,167,2.0374,0.0017,0,0
2094,43382,5.006,2,false,18,661,655,6,0,0,655,167,2.0374,0.0017,0,0
2095,43389,7.93,2,false,18,662,656,6,0,0,656,167,2.1952,0.0018,0,0
2096,43395,5.832,2,false,18,662,656,6,0,0,656,167,2.1952,0.0018,0,0
2097,43402,6.935,2,false,18,662,656,6,0,0,656,167,2.1952,0.0018,0,0
2098,43409,6.865,2,false,18,663,656,7,0,0,657,167,1.9336,0.0016,0,0
2099,43416,7.173,2,false,18,663,657,6,0,0,657,26,1.9336,0.0016,0,0
2100,43423,6.625,2,false,18,663,657,6,0,0,657,26,1.9336,0.0016,0,0
2101,43430,6.94,2,false,18,663,657,6,0,0,657,26,1.9336,0.0016,0,0
2102,43437,6.858,2,false,18,664,658,6,0,0,658,26,2.3022,0.002,0,0
2103,43444,6.901,2,false,18,664,658,6,0,0,658,17,2.3022,0.002,0,0
2104,43451,6.971,2,false,18,664,658,6,0,0,658,17,2.3022,0.002,0,0
2105,43458,6.832,2,false,18,665,658,7,0,0,658,17,2.3022,0.002,0,0
2106,43465,6.943,2,false,18,665,659,6,0,0,659,30,3.592,0.0027,0,0
2107,43473,8.355,2,false,18,665,659,6,0,0,659,20,3.592,0.0027,0,0
2108,43478,5.4,2,false,18,665,659,6,0,0,659,20,3.592,0.0027,0,0
2109,43485,6.941,2,false,18,665,659,6,0,0,660,20,2.0696,0.0013,0,0
2110,43492,6.85,2,false,18,666,660,6,0,0,660,20,2.0696,0.0013,0,0
2111,43499,6.96,2,false,18,666,660,6,0,0,660,20,2.0696,0.0013,0,0
2112,43506,6.852,2,false,18,666,660,6,0,0,660,20,2.0696,0.0013,0,0
2113,43514,8.036,2,false,18,667,661,6,0,0,661,20,2.31,0.0021,0,0
2114,43520,5.762,2,false,18,667,661,6,0,0,661,20,2.31,0.0021,0,0
2115,43526,6.907,2,false,18,667,661,6,0,0,661,20,2.31,0.0021,0,0
2116,43533,6.924,2,false,18,668,661,7,0,0,662,20,2.31,0.0021,0,0
2117,43540,6.858,2,false,18,668,662,6,0,0,662,24,2.0974,0.0017,0,0
2118,43547,6.958,2,false,18,668,662,6,0,0,662,24,2.0974,0.0017,0,0
2119,43554,6.852,2,false,18,668,662,6,0,0,662,24,2.0974,0.0017,0,0
2120,43561,6.899,2,false,18,669,662,7,0,0,663,24,2.154,0.002,0,0
2121,43568,7.061,2,false,18,669,663,6,0,0,663,23,2.154,0.002,0,0
2122,43575,6.734,2,false,18,669,663,6,0,0,663,23,2.154,0.002,0,0
2123,43582,6.951,2,false,18,669,663,6,0,0,664,23,2.154,0.002,0,0
2124,43589,6.849,2,false,18,670,664,6,0,0,664,23,1.8285,0.0017,0,0
2125,43596,6.948,2,false,18,670,664,6,0,0,664,23,1.8285,0.0017,0,0
2126,43602,6.861,2,false,18,670,664,6,0,0,664,23,1.8285,0.0017,0,0
2127,43609,6.889,2,false,18,671,665,6,0,0,665,23,1.5673,0.0011,0,0
2128,43616,6.962,2,false,18,671,665,6,0,0,665,23,1.5673,0.0011,0,0
2129,43623,6.845,2,false,18,671,665,6,0,0,665,23,1.5673,0.0011,0,0
2130,43630,6.943,2,false,18,672,665,7,0,0,666,23,2.2047,0.0016,0,0
2131,43637,6.85,2,false,18,672,666,6,0,0,666,25,2.2047,0.0016,0,0
2132,43644,6.908,2,false,18,672,666,6,0,0,666,25,2.2047,0.0016,0,0
2133,43651,6.938,2,false,18,673,666,7,0,0,667,25,2.2047,0.0016,0,0
2134,43657,6.851,2,false,18,673,667,6,0,0,667,49,2.9563,0.0022,0,0
2135,43665,6.963,2,false,18,673,667,6,0,0,667,49,2.9563,0.0022,0,0
2136,43671,6.847,2,false,18,673,667,6,0,0,667,49,2.9563,0.0022,0,0
2137,43678,6.945,2,false,18,674,667,7,0,0,668,49,2.1094,0.002,0,0
2138,43686,7.846,2,false,18,674,668,6,0,0,668,25,2.1094,0.002,0,0
2139,43692,5.93,2,false,18,674,668,6,0,0,668,25,2.1094,0.002,0,0
2140,43699,6.92,2,false,18,674,668,6,0,0,669,25,2.1094,0.002,0,0
2141,43706,7.049,2,false,18,675,669,6,0,0,669,25,1.7961,0.0012,0,0
2142,43713,6.745,2,false,18,675,669,6,0,0,669,25,1.7961,0.0012,0,0
2143,43720,6.874,2,false,18,675,669,6,0,0,670,25,1.7961,0.0012,0,0
2144,43726,6.879,2,false,18,676,670,6,0,0,670,25,1.5946,0.0013,0,0
2145,43734,6.959,2,false,18,676,670,6,0,0,670,25,1.5946,0.0013,0,0
2146,43741,6.853,2,false,18,676,670,6,0,0,670,25,1.5946,0.0013,0,0
2147,43749,8.659,2,false,18,677,671,6,0,0,671,25,1.8263,0.0015,0,0
2148,43754,5.16,2,false,18,677,671,6,0,0,671,25,1.8263,0.0015,0,0
2149,43761,6.917,2,false,18,677,671,6,0,0,671,25,1.8263,0.0015,0,0
2150,43768,6.869,2,false,18,678,671,7,0,0,672,25,2.0969,0.0014,0,0
2151,43776,8.113,2,false,18,678,672,6,0,0,672,25,2.0969,0.0014,0,0
2152,43782,5.71,2,false,18,678,672,6,0,0,672,25,2.0969,0.0014,0,0
2153,43789,6.87,2,false,18,678,672,6,0,0,673,25,1.7976,0.0013,0,0
2154,43796,7.283,2,false,18,679,673,6,0,0,673,25,1.7976,0.0013,0,0
2155,43803,6.518,2,false,18,679,673,6,0,0,673,25,1.7976,0.0013,0,0
2156,43809,6.899,2,false,18,679,673,6,0,0,674,25,1.7976,0.0013,0,0
2157,43816,7.024,2,false,18,680,674,6,0,0,674,25,1.9215,0.0013,0,0
2158,43823,6.786,2,false,18,680,674,6,0,0,674,25,1.9215,0.0013,0,0
2159,43830,6.916,2,false,18,681,674,7,0,0,674,25,1.9215,0.0013,0,0
2160,43837,6.879,2,false,18,681,674,7,0,0,675,21,2.6661,0.0015,0,0
2161,43844,6.92,2,false,18,681,675,6,0,0,675,25,2.6661,0.0015,0,0
2162,43851,6.878,2,false,18,681,675,6,0,0,675,25,2.6661,0.0015,0,0
2163,43858,6.899,2,false,18,681,675,6,0,0,675,25,2.6661,0.0015,0,0
2164,43864,6.915,2,false,18,682,676,6,0,0,676,25,1.8631,0.0018,0,0
2165,43872,6.908,2,false,18,682,676,6,0,0,676,25,1.8631,0.0018,0,0
2166,43879,6.948,2,false,18,682,676,6,0,0,676,25,1.8631,0.0018,0,0
2167,43885,6.831,2,false,18,683,676,7,0,0,677,25,2.0257,0.0022,0,0
2168,43893,7.213,2,false,18,683,677,6,0,0,677,25,2.0257,0.0022,0,0
2169,43899,6.665,2,false,18,683,677,6,0,0,677,25,2.0257,0.0022,0,0
2170,43906,6.846,2,false,18,683,677,6,0,0,677,25,2.0257,0.0022,0,0
2171,43913,6.92,2,false,18,684,677,7,0,0,678,25,2.8263,0.0021,0,0
2172,43920,6.846,2,false,18,684,678,6,0,0,678,145,2.8263,0.0021,0,0
2173,43927,6.972,2,false,18,684,678,6,0,0,678,145,2.8263,0.0021,0,0
2174,43934,6.831,2,false,18,684,678,6,0,0,678,145,2.8263,0.0021,0,0
2175,43940,6.962,2,false,18,685,679,6,0,0,679,145,1.7658,0.0015,0,0
2176,43947,6.923,2,false,18,685,679,6,0,0,679,145,1.7658,0.0015,0,0
2177,43954,6.822,2,false,18,685,679,6,0,0,679,145,1.7658,0.0015,0,0
2178,43961,6.935,2,false,18,686,680,6,0,0,680,145,1.9684,0.0026,0,0
2179,43968,6.863,2,false,18,686,680,6,0,0,680,18,1.9684,0.0026,0,0
2180,43975,6.899,2,false,18,686,680,6,0,0,680,18,1.9684,0.0026,0,0
2181,43982,6.936,2,false,18,686,680,6,0,0,681,18,1.9902,0.0016,0,0
2182,43989,7,2,false,18,687,681,6,0,0,681,18,1.9902,0.0016,0,0
2183,43996,6.797,2,false,18,687,681,6,0,0,681,18,1.9902,0.0016,0,0
2184,44002,6.865,2,false,18,687,681,6,0,0,682,18,1.6473,0.0013,0,0
2185,44009,6.927,2,false,18,688,682,6,0,0,682,18,1.6473,0.0013,0,0
2186,44017,6.89,2,false,18,688,682,6,0,0,682,18,1.6473,0.0013,0,0
2187,44023,6.889,2,false,18,688,682,6,0,0,683,18,1.6473,0.0013,0,0
2188,44030,6.948,2,false,18,689,683,6,0,0,683,18,3.262,0.0015,0,0
2189,44037,6.849,2,false,18,689,683,6,0,0,683,18,3.262,0.0015,0,0
2190,44044,6.932,2,false,18,690,683,7,0,0,683,18,3.262,0.0015,0,0
2191,44051,6.875,2,false,18,690,683,7,0,0,684,24,1.834,0.0019,0,0
2192,44058,6.886,2,false,18,690,684,6,0,0,684,18,1.834,0.0019,0,0
2193,44065,6.972,2,false,18,690,684,6,0,0,684,18,1.834,0.0019,0,0
2194,44072,6.834,2,false,18,690,684,6,0,0,685,18,1.6658,0.0013,0,0
2195,44078,6.921,2,false,18,691,685,6,0,0,685,18,1.6658,0.0013,0,0
2196,44085,6.898,2,false,18,691,685,6,0,0,685,18,1.6658,0.0013,0,0
2197,44093,7.116,2,false,18,691,685,6,0,0,686,18,1.6658,0.0013,0,0
2198,44099,6.658,2,false,18,692,686,6,0,0,686,18,2.1749,0.0019,0,0
2199,44106,6.902,2,false,18,692,686,6,0,0,686,18,2.1749,0.0019,0,0
2200,44113,6.946,2,false,18,692,686,6,0,0,686,18,2.1749,0.0019,0,0
2201,44126,12.506,2,false,18,693,687,6,0,0,687,18,2.0873,0.0016,0,0
2202,44129,3.036,2,false,18,693,687,6,0,0,687,18,2.0873,0.0016,0,0
2203,44134,5.105,2,false,18,693,687,6,0,0,687,18,2.0873,0.0016,0,0
2204,44141,6.921,2,false,18,694,687,7,0,0,688,18,1.6312,0.0019,0,0
2205,44148,6.937,2,false,18,694,688,6,0,0,688,20,1.6312,0.0019,0,0
2206,44154,6.869,2,false,18,694,688,6,0,0,688,20,1.6312,0.0019,0,0
2207,44161,6.947,2,false,18,694,688,6,0,0,689,20,1.6174,0.0017,0,0
2208,44168,7.156,2,false,18,695,689,6,0,0,689,20,1.6174,0.0017,0,0
2209,44175,6.99,2,false,18,695,689,6,0,0,689,20,1.6174,0.0017,0,0
2210,44182,6.49,2,false,18,695,689,6,0,0,689,20,1.6174,0.0017,0,0
2211,44190,8.548,2,false,18,696,690,6,0,0,690,20,2.2784,0.0027,0,0
2212,44196,5.316,2,false,18,696,690,6,0,0,690,20,2.2784,0.0027,0,0
2213,44203,6.838,2,false,18,696,690,6,0,0,690,20,2.2784,0.0027,0,0
2214,44210,6.934,2,false,18,697,690,7,0,0,691,20,2.8677,0.0015,0,0
2215,44216,6.871,2,false,18,697,691,6,0,0,691,24,2.8677,0.0015,0,0
2216,44223,6.9,2,false,18,697,691,6,0,0,691,24,2.8677,0.0015,0,0
2217,44231,6.975,2,false,18,698,691,7,0,0,692,24,2.8677,0.0015,0,0
2218,44238,7.359,2,false,18,698,692,6,0,0,692,31,1.9893,0.0016,0,0
2219,44244,6.424,2,false,18,698,692,6,0,0,692,31,1.9893,0.0016,0,0
2220,44251,6.838,2,false,18,698,692,6,0,0,692,31,1.9893,0.0016,0,0
2221,44258,6.928,2,false,18,699,692,7,0,0,693,31,2.2127,0.0017,0,0
2222,44266,8.024,2,false,18,699,693,6,0,0,693,32,2.2127,0.0017,0,0
2223,44272,5.75,2,false,18,699,693,6,0,0,693,32,2.2127,0.0017,0,0
2224,44279,6.994,2,false,18,699,693,6,0,0,694,32,2.2127,0.0017,0,0
2225,44285,6.794,2,false,18,700,694,6,0,0,694,32,2.0576,0.0033,0,0
2226,44292,6.953,2,false,18,700,694,6,0,0,694,32,2.0576,0.0033,0,0
2227,44299,6.865,2,false,18,700,694,6,0,0,694,32,2.0576,0.0033,0,0
2228,44306,7.145,2,false,18,701,695,6,0,0,695,32,1.761,0.0029,0,0
2229,44313,6.733,2,false,18,701,695,6,0,0,695,32,1.761,0.0029,0,0
2230,44320,6.827,2,false,18,701,695,6,0,0,695,32,1.761,0.0029,0,0
2231,44327,6.95,2,false,18,702,695,7,0,0,696,32,1.9563,0.0026,0,0
2232,44334,6.826,2,false,18,702,696,6,0,0,696,21,1.9563,0.0026,0,0
2233,44341,6.965,2,false,18,702,696,6,0,0,696,21,1.9563,0.0026,0,0
2234,44348,6.851,2,false,18,702,696,6,0,0,697,21,1.9563,0.0026,0,0
2235,44355,7.036,2,false,18,703,697,6,0,0,697,21,1.8321,0.0026,0,0
2236,44361,6.808,2,false,18,703,697,6,0,0,697,21,1.8321,0.0026,0,0
2237,44368,6.867,2,false,18,703,697,6,0,0,697,21,1.8321,0.0026,0,0
2238,44375,6.956,2,false,18,704,698,6,0,0,698,21,2.1343,0.0029,0,0
2239,44382,6.831,2,false,18,704,698,6,0,0,698,52,2.1343,0.0029,0,0
2240,44389,6.912,2,false,18,704,698,6,0,0,698,52,2.1343,0.0029,0,0
2241,44396,6.966,2,false,18,704,698,6,0,0,699,52,2.1343,0.0029,0,0
2242,44404,7.665,2,false,18,705,699,6,0,0,699,52,3.4512,0.0014,0,0
2243,44410,6.141,2,false,18,705,699,6,0,0,699,52,3.4512,0.0014,0,0
2244,44417,6.815,2,false,18,705,699,6,0,0,699,52,3.4512,0.0014,0,0
2245,44424,6.997,2,false,18,706,699,7,0,0,700,52,3.4512,0.0014,0,0
2246,44431,7.367,2,false,18,706,700,6,0,0,700,38,2.2656,0.002,0,0
2247,44437,6.366,2,false,18,706,700,6,0,0,700,38,2.2656,0.002,0,0
2248,44444,6.905,2,false,18,707,700,7,0,0,700,38,2.2656,0.002,0,0
2249,44451,6.873,2,false,18,707,701,6,0,0,701,23,2.0352,0.0032,0,0
2250,44458,6.923,2,false,18,707,701,6,0,0,701,31,2.0352,0.0032,0,0
2251,44465,6.87,2,false,18,707,701,6,0,0,701,31,2.0352,0.0032,0,0
2252,44472,6.906,2,false,18,707,701,6,0,0,702,31,2.0352,0.0032,0,0
2253,44479,7.416,2,false,18,708,702,6,0,0,702,31,1.938,0.0018,0,0
2254,44486,6.393,2,false,18,708,702,6,0,0,702,31,1.938,0.0018,0,0
2255,44492,6.931,2,false,18,708,702,6,0,0,702,31,1.938,0.0018,0,0
2256,44500,6.952,2,false,18,709,703,6,0,0,703,31,1.7802,0.0012,0,0
2257,44506,6.803,2,false,18,709,703,6,0,0,703,31,1.7802,0.0012,0,0
2258,44513,6.958,2,false,18,709,703,6,0,0,703,31,1.7802,0.0012,0,0
2259,44520,6.851,2,false,18,710,703,7,0,0,704,31,2.0754,0.0021,0,0
2260,44527,6.984,2,false,18,710,704,6,0,0,704,28,2.0754,0.0021,0,0
2261,44534,6.81,2,false,18,710,704,6,0,0,704,28,2.0754,0.0021,0,0
2262,44541,6.934,2,false,18,710,704,6,0,0,705,28,2.0754,0.0021,0,0
2263,44548,7.501,2,false,18,711,705,6,0,0,705,28,2.2689,0.0021,0,0
2264,44555,6.262,2,false,18,711,705,6,0,0,705,28,2.2689,0.0021,0,0
2265,44562,6.94,2,false,18,711,705,6,0,0,706,28,2.2689,0.0021,0,0
2266,44569,7.896,2,false,18,712,706,6,0,0,706,28,1.7206,0.0014,0,0
2267,44575,5.947,2,false,18,712,706,6,0,0,706,28,1.7206,0.0014,0,0
2268,44582,6.813,2,false,18,712,706,6,0,0,706,28,1.7206,0.0014,0,0
2269,44589,6.898,2,false,18,713,706,7,0,0,707,28,3.3482,0.0017,0,0
2270,44596,6.935,2,false,18,713,707,6,0,0,707,27,3.3482,0.0017,0,0
2271,44603,6.865,2,false,18,713,707,6,0,0,707,27,3.3482,0.0017,0,0
2272,44610,6.966,2,false,18,713,707,6,0,0,708,27,3.3482,0.0017,0,0
2273,44617,7.244,2,false,18,714,708,6,0,0,708,27,1.9043,0.0023,0,0
2274,44624,6.533,2,false,18,714,708,6,0,0,708,27,1.9043,0.0023,0,0
2275,44630,6.859,2,false,18,714,708,6,0,0,708,27,1.9043,0.0023,0,0
2276,44637,6.99,2,false,18,715,709,6,0,0,709,27,1.9266,0.0013,0,0
2277,44644,6.946,2,false,18,715,709,6,0,0,709,27,1.9266,0.0013,0,0
2278,44651,6.753,2,false,18,715,709,6,0,0,709,27,1.9266,0.0013,0,0
2279,44658,6.995,2,false,18,716,709,7,0,0,710,27,1.8339,0.0013,0,0
2280,44665,6.867,2,false,18,716,710,6,0,0,710,21,1.8339,0.0013,0,0
2281,44672,6.842,2,false,18,716,710,6,0,0,710,21,1.8339,0.0013,0,0
2282,44679,6.931,2,false,18,717,710,7,0,0,711,21,1.8475,0.0016,0,0
2283,44686,7.119,2,false,18,717,711,6,0,0,711,18,1.8475,0.0016,0,0
2284,44693,6.683,2,false,18,717,711,6,0,0,711,18,1.8475,0.0016,0,0
2285,44700,6.879,2,false,18,717,711,6,0,0,712,18,1.717,0.0101,0,0
2286,44706,6.888,2,false,18,718,712,6,0,0,712,18,1.717,0.0101,0,0
2287,44713,6.922,2,false,18,718,712,6,0,0,712,18,1.717,0.0101,0,0
2288,44720,6.874,2,false,18,718,712,6,0,0,713,18,1.7802,0.0014,0,0
2289,44727,6.939,2,false,18,719,713,6,0,0,713,18,1.7802,0.0014,0,0
2290,44734,6.868,2,false,18,719,713,6,0,0,713,18,1.7802,0.0014,0,0
2291,44741,6.937,2,false,18,719,713,6,0,0,714,18,1.7998,0.0016,0,0
2292,44748,6.858,2,false,18,720,714,6,0,0,714,18,1.7998,0.0016,0,0
2293,44755,6.9,2,false,18,720,714,6,0,0,714,18,1.7998,0.0016,0,0
2294,44762,6.935,2,false,18,720,714,6,0,0,715,18,2.9402,0.0017,0,0
2295,44769,6.864,2,false,18,721,715,6,0,0,715,18,2.9402,0.0017,0,0
2296,44776,7.138,2,false,18,721,715,6,0,0,715,18,2.9402,0.0017,0,0
2297,44782,6.667,2,false,18,721,715,6,0,0,716,18,1.475,0.0011,0,0
2298,44789,6.906,2,false,18,722,716,6,0,0,716,18,1.475,0.0011,0,0
2299,44796,6.979,2,false,18,722,716,6,0,0,716,18,1.475,0.0011,0,0
2300,44803,6.809,2,false,18,722,716,6,0,0,717,18,1.6633,0.0011,0,0
2301,44810,6.933,2,false,18,723,717,6,0,0,717,18,1.6633,0.0011,0,0
2302,44817,6.874,2,false,18,723,717,6,0,0,717,18,1.6633,0.0011,0,0
2303,44824,6.936,2,false,18,723,717,6,0,0,718,18,1.5598,0.001,0,0
2304,44831,6.86,2,false,18,724,718,6,0,0,718,18,1.5598,0.001,0,0
2305,44837,6.901,2,false,18,724,718,6,0,0,718,18,1.5598,0.001,0,0
2306,44844,6.938,2,false,18,724,719,5,0,0,719,18,1.6594,0.0012,0,0
2307,44851,6.859,2,false,18,725,719,6,0,0,719,18,1.6594,0.0012,0,0
2308,44858,6.956,2,false,18,725,719,6,0,0,720,18,1.6594,0.0012,0,0
2309,44865,6.851,2,false,18,725,720,5,0,0,720,18,1.8949,0.0014,0,0
2310,44878,12.959,2,false,18,726,720,6,0,0,720,18,1.8949,0.0014,0,0
2311,44880,1.76,2,false,18,726,720,6,0,0,720,18,1.8949,0.0014,0,0
2312,44886,5.997,2,false,18,727,721,6,0,0,721,18,1.9361,0.0017,0,0
2313,44893,6.944,2,false,18,727,721,6,0,0,721,27,1.9361,0.0017,0,0
2314,44900,6.847,2,false,18,727,721,6,0,0,721,27,1.9361,0.0017,0,0
2315,44907,6.904,2,false,18,727,721,6,0,0,722,27,2.0407,0.0015,0,0
2316,44913,6.915,2,false,18,728,722,6,0,0,722,27,2.0407,0.0015,0,0
2317,44920,6.882,2,false,18,728,722,6,0,0,722,27,2.0407,0.0015,0,0
2318,44927,6.984,2,false,18,728,722,6,0,0,723,27,2.0407,0.0015,0,0
2319,44935,8.068,2,false,18,729,723,6,0,0,723,27,3.7649,0.0024,0,0
2320,44941,5.686,2,false,18,729,723,6,0,0,723,27,3.7649,0.0024,0,0
2321,44948,6.856,2,false,18,729,723,6,0,0,723,27,3.7649,0.0024,0,0
2322,44979,31.193,2,false,18,730,724,6,0,0,725,27,1.8961,0.0029,0,0
2323,44982,2.919,2,false,18,730,725,5,0,0,725,27,1.8961,0.0029,0,0
2324,44986,4.098,2,false,18,730,725,5,0,0,725,27,1.8961,0.0029,0,0
2325,44993,6.919,2,false,18,730,725,5,0,0,725,27,1.8961,0.0029,0,0
2326,45000,6.826,2,false,18,730,725,5,0,0,725,27,1.8961,0.0029,0,0
2327,45007,6.883,2,false,18,730,726,4,0,0,726,27,2.7506,0.0015,0,0
2328,45014,6.989,2,false,18,730,726,4,0,0,726,27,2.7506,0.0015,0,0
2329,45021,6.957,2,false,18,730,726,4,0,0,726,27,2.7506,0.0015,0,0
2330,45027,6.748,2,false,18,730,726,4,0,0,727,27,2.7506,0.0015,0,0
2331,45035,6.978,2,false,18,730,727,3,0,0,727,27,2.6933,0.0026,0,0
2332,45041,6.886,2,false,18,730,727,3,0,0,727,27,2.6933,0.0026,0,0
2333,45048,6.926,2,false,18,730,727,3,0,0,727,27,2.6933,0.0026,0,0
2334,45055,6.882,2,false,18,730,727,3,0,0,728,27,2.2848,0.0021,0,0
2335,45062,6.915,2,false,18,730,728,2,0,0,728,27,2.2848,0.0021,0,0
2336,45069,7.069,2,false,18,730,728,2,0,0,728,27,2.2848,0.0021,0,0
2337,45076,6.688,2,false,18,730,728,2,0,0,728,27,2.2848,0.0021,0,0
2338,45083,6.941,2,false,18,730,728,2,0,0,729,27,2.2848,0.0021,0,0
2339,45090,6.878,2,false,18,730,729,1,0,0,729,27,2.2848,0.0021,0,0
2340,45097,7.102,2,false,18,730,729,1,0,0,729,27,2.2848,0.0021,0,0
2341,45103,6.759,2,false,18,730,729,1,0,0,729,27,2.2848,0.0021,0,0
2342,45110,6.875,2,false,18,730,729,1,0,0,729,27,2.2848,0.0021,0,0
2343,45117,7.014,2,false,18,730,729,1,0,0,729,27,2.2848,0.0021,0,0
2344,45124,6.792,2,false,18,730,729,1,0,0,729,27,2.2848,0.0021,0,0
2345,45131,6.771,2,false,18,730,729,1,0,0,729,27,2.2848,0.0021,0,0
2346,45138,6.961,2,false,18,730,729,1,0,0,729,27,2.2848,0.0021,0,0
2347,45145,6.94,2,false,18,730,729,1,0,0,729,27,2.2848,0.0021,0,0
2348,45152,6.872,2,false,18,730,729,1,0,0,729,27,2.2848,0.0021,0,0
2349,45159,6.85,2,false,18,730,729,1,0,0,729,27,2.2848,0.0021,0,0
2350,45166,7.276,2,false,18,730,729,1,0,0,729,27,2.2848,0.0021,0,0
2351,45172,6.495,2,false,18,730,729,1,0,0,729,27,2.2848,0.0021,0,0
2352,45179,6.944,2,false,18,730,729,1,0,0,729,27,2.2848,0.0021,0,0
2353,45186,6.838,2,false,18,730,729,1,0,0,729,27,2.2848,0.0021,0,0
2354,45193,6.981,2,false,18,730,729,1,0,0,729,27,2.2848,0.0021,0,0
2355,45200,6.813,2,false,18,730,729,1,0,0,729,27,2.2848,0.0021,0,0
2356,45207,6.845,2,false,18,730,729,1,0,0,729,27,2.2848,0.0021,0,0
2357,45214,6.974,2,false,18,730,729,1,0,0,729,27,2.2848,0.0021,0,0
2358,45221,7.159,2,false,18,730,729,1,0,0,729,27,2.2848,0.0021,0,0
2359,45228,6.674,2,false,18,730,729,1,0,0,729,27,2.2848,0.0021,0,0
2360,45234,6.823,2,false,18,730,729,1,0,0,729,27,2.2848,0.0021,0,0
2361,45241,6.964,2,false,18,730,729,1,0,0,729,27,2.2848,0.0021,0,0
2362,45248,6.846,2,false,18,730,729,1,0,0,729,27,2.2848,0.0021,0,0
2363,45255,7.126,2,false,18,730,729,1,0,0,729,27,2.2848,0.0021,0,0
2364,45262,6.774,2,false,18,730,729,1,0,0,729,27,2.2848,0.0021,0,0
2365,45269,6.796,2,false,18,730,729,1,0,0,729,27,2.2848,0.0021,0,0
2366,45276,6.996,2,false,18,730,729,1,0,0,729,27,2.2848,0.0021,0,0
2367,45283,6.874,2,false,18,730,729,1,0,0,729,27,2.2848,0.0021,0,0
2368,45290,6.915,2,false,18,730,729,1,0,0,729,27,2.2848,0.0021,0,0
2369,45297,6.922,2,false,18,730,729,1,0,0,729,27,2.2848,0.0021,0,0
2370,45304,7.001,2,false,18,730,729,1,0,0,729,27,2.2848,0.0021,0,0
2371,45310,6.859,2,false,18,730,729,1,0,0,729,27,2.2848,0.0021,0,0
2372,45317,6.726,2,false,18,730,729,1,0,0,729,27,2.2848,0.0021,0,0
2373,46066,748.457,2,false,18,730,729,1,0,0,729,27,2.2848,0.0021,0,0
2374,46068,1.94,2,false,18,730,729,1,0,0,729,27,2.2848,0.0021,0,0
2375,46080,12.242,2,false,18,731,729,2,0,0,729,27,1.9019,0.0014,0,0
2376,46082,1.921,2,false,18,731,729,2,0,0,729,27,1.9019,0.0014,0,0
2377,46088,6.261,2,false,18,732,729,3,0,0,729,27,1.9019,0.0014,0,0
2378,46094,5.59,2,false,18,732,729,3,0,0,729,27,1.9019,0.0014,0,0
2379,46101,7.584,2,false,18,733,730,3,0,0,730,27,1.5828,0.0013,0,0
2380,46107,6.226,2,false,18,733,730,3,0,0,730,27,1.5828,0.0013,0,0
2381,46114,6.89,2,false,18,733,730,3,0,0,730,27,1.5828,0.0013,0,0
2382,46123,8.742,2,false,18,734,731,3,0,0,731,27,3.2346,0.0022,0,0
2383,46128,5.068,2,false,18,734,731,3,0,0,731,27,3.2346,0.0022,0,0
2384,46135,6.936,2,false,18,734,731,3,0,0,731,27,3.2346,0.0022,0,0
2385,46144,9.07,2,false,18,735,732,3,0,0,732,27,1.6681,0.0018,0,0
2386,46149,4.699,2,false,18,735,732,3,0,0,732,27,1.6681,0.0018,0,0
2387,46156,6.954,2,false,18,735,732,3,0,0,732,27,1.6681,0.0018,0,0
2388,46162,6.829,2,false,18,736,732,4,0,0,732,27,1.6681,0.0018,0,0
2389,46170,6.98,2,false,18,736,732,4,0,0,733,27,1.8505,0.002,0,0
2390,46177,7.553,2,false,18,737,733,4,0,0,733,27,1.8505,0.002,0,0
2391,46183,6.237,2,false,18,737,733,4,0,0,733,27,1.8505,0.002,0,0
2392,46191,6.854,2,false,18,737,733,4,0,0,734,27,1.8505,0.002,0,0
2393,46201,10.405,2,false,18,738,734,4,0,0,734,27,2.1332,0.0113,0,0
2394,46204,3.426,2,false,18,738,734,4,0,0,734,27,2.1332,0.0113,0,0
2395,46211,6.963,2,false,18,738,734,4,0,0,734,27,2.1332,0.0113,0,0
2396,46221,10.356,2,false,18,739,735,4,0,0,735,27,2.4558,0.0036,0,0
2397,46225,3.326,2,false,18,739,735,4,0,0,735,27,2.4558,0.0036,0,0
2398,46232,6.95,2,false,18,739,735,4,0,0,735,27,2.4558,0.0036,0,0
2399,46240,8.646,2,false,18,740,735,5,0,0,735,27,2.4558,0.0036,0,0
2400,46245,5.115,2,false,18,740,736,4,0,0,736,27,2.2545,0.0024,0,0
2401,46252,6.951,2,false,18,740,736,4,0,0,736,27,2.2545,0.0024,0,0
2402,46261,8.958,2,false,18,741,736,5,0,0,736,27,2.2545,0.0024,0,0
2403,46266,4.795,2,false,18,741,736,5,0,0,737,27,2.2545,0.0024,0,0
2404,46273,6.933,2,false,18,741,737,4,0,0,737,27,1.9289,0.0015,0,0
2405,46281,7.742,2,false,18,742,737,5,0,0,737,27,1.9289,0.0015,0,0
2406,46287,6.08,2,false,18,742,737,5,0,0,737,27,1.9289,0.0015,0,0
2407,46294,6.842,2,false,18,742,738,4,0,0,738,27,2.2761,0.0018,0,0
2408,46301,7.026,2,false,18,743,738,5,0,0,738,27,2.2761,0.0018,0,0
2409,46308,6.833,2,false,18,743,738,5,0,0,738,27,2.2761,0.0018,0,0
2410,46314,6.844,2,false,18,743,738,5,0,0,739,27,2.2761,0.0018,0,0
2411,46321,7.277,2,false,18,744,739,5,0,0,739,27,2.7016,0.0014,0,0
2412,46328,6.516,2,false,18,744,739,5,0,0,739,27,2.7016,0.0014,0,0
2413,46335,6.947,2,false,18,744,739,5,0,0,739,27,2.7016,0.0014,0,0
2414,46344,8.694,2,false,18,745,740,5,0,0,740,27,1.8532,0.0012,0,0
2415,46349,5.084,2,false,18,745,740,5,0,0,740,27,1.8532,0.0012,0,0
2416,46356,6.913,2,false,18,745,740,5,0,0,740,27,1.8532,0.0012,0,0
2417,46363,7.334,2,false,18,746,741,5,0,0,741,27,1.791,0.0014,0,0
2418,46370,6.438,2,false,18,746,741,5,0,0,741,27,1.791,0.0014,0,0
2419,46376,6.923,2,false,18,746,741,5,0,0,741,27,1.791,0.0014,0,0
2420,46384,7.565,2,false,18,747,742,5,0,0,742,27,2.0683,0.0018,0,0
2421,46390,6.237,2,false,18,747,742,5,0,0,742,27,2.0683,0.0018,0,0
2422,46397,6.867,2,false,18,747,742,5,0,0,742,27,2.0683,0.0018,0,0
2423,46404,7.058,2,false,18,748,742,6,0,0,742,27,2.0683,0.0018,0,0
2424,46411,6.833,2,false,18,748,742,6,0,0,743,27,2.7459,0.0028,0,0
2425,46418,6.816,2,false,18,748,743,5,0,0,743,27,2.7459,0.0028,0,0
2426,46427,9.526,2,false,18,749,743,6,0,0,743,27,2.7459,0.0028,0,0
2427,46432,4.265,2,false,18,749,743,6,0,0,743,27,2.7459,0.0028,0,0
2428,46439,6.903,2,false,18,749,743,6,0,0,744,27,1.9823,0.0022,0,0
2429,46447,8.729,2,false,18,750,744,6,0,0,744,27,1.9823,0.0022,0,0
2430,46452,5.063,2,false,18,750,744,6,0,0,744,27,1.9823,0.0022,0,0
2431,46459,6.953,2,false,18,750,744,6,0,0,744,27,1.9823,0.0022,0,0
2432,46466,6.857,2,false,18,751,745,6,0,0,745,27,2.9503,0.0022,0,0
2433,46473,7.129,2,false,18,751,745,6,0,0,745,21,2.9503,0.0022,0,0
2434,46480,6.719,2,false,18,751,745,6,0,0,745,21,2.9503,0.0022,0,0
2435,46487,6.863,2,false,18,751,745,6,0,0,746,21,2.9503,0.0022,0,0
2436,46494,7.235,2,false,18,752,746,6,0,0,746,21,1.972,0.0026,0,0
2437,46501,6.557,2,false,18,752,746,6,0,0,746,21,1.972,0.0026,0,0
2438,46508,6.903,2,false,18,752,746,6,0,0,746,21,1.972,0.0026,0,0
2439,46515,6.949,2,false,18,753,746,7,0,0,747,21,1.972,0.0026,0,0
2440,46522,7.932,2,false,18,753,747,6,0,0,747,30,3.8575,0.002,0,0
2441,46528,5.867,2,false,18,753,747,6,0,0,747,30,3.8575,0.002,0,0
2442,46535,6.848,2,false,18,753,747,6,0,0,747,30,3.8575,0.002,0,0
2443,46542,6.953,2,false,18,754,747,7,0,0,748,30,2.2643,0.0019,0,0
2444,46549,6.832,2,false,18,754,748,6,0,0,748,17,2.2643,0.0019,0,0
2445,46556,6.919,2,false,18,754,748,6,0,0,748,17,2.2643,0.0019,0,0
2446,46563,6.959,2,false,18,754,748,6,0,0,749,17,2.2643,0.0019,0,0
2447,46570,7.102,2,false,18,755,749,6,0,0,749,17,2.8375,0.0029,0,0
2448,46577,6.672,2,false,18,755,749,6,0,0,749,17,2.8375,0.0029,0,0
2449,46583,6.856,2,false,18,755,749,6,0,0,749,17,2.8375,0.0029,0,0
2450,46590,6.898,2,false,18,756,749,7,0,0,750,17,1.7621,0.0015,0,0
2451,46597,6.926,2,false,18,756,750,6,0,0,750,19,1.7621,0.0015,0,0
2452,46604,6.875,2,false,18,756,750,6,0,0,750,19,1.7621,0.0015,0,0
2453,46611,6.94,2,false,18,756,750,6,0,0,751,19,1.8405,0.0013,0,0
2454,46618,6.856,2,false,18,757,751,6,0,0,751,19,1.8405,0.0013,0,0
2455,46625,6.974,2,false,18,757,751,6,0,0,751,19,1.8405,0.0013,0,0
2456,46632,6.821,2,false,18,757,751,6,0,0,752,19,1.8405,0.0013,0,0
2457,46640,7.839,2,false,18,758,752,6,0,0,752,19,2.0402,0.0021,0,0
2458,46646,6.05,2,false,18,758,752,6,0,0,752,19,2.0402,0.0021,0,0
2459,46652,6.824,2,false,18,759,752,7,0,0,752,19,2.0402,0.0021,0,0
2460,46660,6.951,2,false,18,759,753,6,0,0,753,79,1.9739,0.0023,0,0
2461,46667,6.861,2,false,18,759,753,6,0,0,753,36,1.9739,0.0023,0,0
2462,46673,6.887,2,false,18,759,753,6,0,0,753,36,1.9739,0.0023,0,0
2463,46680,6.99,2,false,18,759,753,6,0,0,754,36,1.8504,0.0014,0,0
2464,46689,8.642,2,false,18,760,754,6,0,0,754,36,1.8504,0.0014,0,0
2465,46694,5.102,2,false,18,760,754,6,0,0,754,36,1.8504,0.0014,0,0
2466,46701,6.863,2,false,18,760,754,6,0,0,755,36,1.8504,0.0014,0,0
2467,46708,6.893,2,false,18,761,755,6,0,0,755,36,2.7533,0.002,0,0
2468,46715,6.95,2,false,18,761,755,6,0,0,755,36,2.7533,0.002,0,0
2469,46721,6.862,2,false,18,761,755,6,0,0,755,36,2.7533,0.002,0,0
2470,46728,6.909,2,false,18,762,756,6,0,0,756,36,1.5093,0.0013,0,0
2471,46735,6.891,2,false,18,762,756,6,0,0,756,36,1.5093,0.0013,0,0
2472,46742,6.938,2,false,18,762,756,6,0,0,756,36,1.5093,0.0013,0,0
2473,46749,6.847,2,false,18,763,757,6,0,0,757,36,2.5175,0.0017,0,0
2474,46756,6.907,2,false,18,763,757,6,0,0,757,36,2.5175,0.0017,0,0
2475,46763,6.95,2,false,18,763,757,6,0,0,757,36,2.5175,0.0017,0,0
2476,46770,6.848,2,false,18,764,757,7,0,0,758,36,1.8665,0.0013,0,0
2477,46777,7.165,2,false,18,764,758,6,0,0,758,27,1.8665,0.0013,0,0
2478,46784,6.645,2,false,18,764,758,6,0,0,758,27,1.8665,0.0013,0,0
2479,46790,6.883,2,false,18,764,758,6,0,0,759,27,1.8665,0.0013,0,0
2480,46798,7.418,2,false,18,765,759,6,0,0,759,27,2.1499,0.0013,0,0
2481,46804,6.392,2,false,18,765,759,6,0,0,759,27,2.1499,0.0013,0,0
2482,46811,6.938,2,false,18,765,759,6,0,0,759,27,2.1499,0.0013,0,0
2483,46818,6.866,2,false,18,766,760,6,0,0,760,27,1.7389,0.0016,0,0
2484,46825,6.979,2,false,18,766,760,6,0,0,760,27,1.7389,0.0016,0,0
2485,46832,6.812,2,false,18,766,760,6,0,0,760,27,1.7389,0.0016,0,0
2486,46846,14.611,2,false,18,767,761,6,0,0,761,27,1.6287,0.0012,0,0
2487,46849,2.101,2,false,18,767,761,6,0,0,761,27,1.6287,0.0012,0,0
2488,46853,4.793,2,false,18,767,761,6,0,0,761,27,1.6287,0.0012,0,0
2489,46861,6.966,2,false,18,768,762,6,0,0,762,27,1.6735,0.0019,0,0
2490,46867,6.842,2,false,18,768,762,6,0,0,762,21,1.6735,0.0019,0,0
2491,46874,6.908,2,false,18,768,762,6,0,0,762,21,1.6735,0.0019,0,0
2492,46881,6.928,2,false,18,769,762,7,0,0,763,21,2.6551,0.002,0,0
2493,46888,7.208,2,false,18,769,763,6,0,0,763,20,2.6551,0.002,0,0
2494,46895,6.586,2,false,18,769,763,6,0,0,763,20,2.6551,0.002,0,0
2495,46902,6.893,2,false,18,769,763,6,0,0,764,20,1.6602,0.0014,0,0
2496,46908,6.873,2,false,18,770,764,6,0,0,764,20,1.6602,0.0014,0,0
2497,46915,6.98,2,false,18,770,764,6,0,0,764,20,1.6602,0.0014,0,0
2498,46923,6.838,2,false,18,770,764,6,0,0,765,20,1.62,0.0014,0,0
2499,46929,6.932,2,false,18,771,765,6,0,0,765,20,1.62,0.0014,0,0
2500,46936,6.862,2,false,18,771,765,6,0,0,765,20,1.62,0.0014,0,0
2501,46943,6.934,2,false,18,771,765,6,0,0,766,20,1.5586,0.0012,0,0
2502,46950,6.852,2,false,18,772,766,6,0,0,766,20,1.5586,0.0012,0,0
2503,46957,6.917,2,false,18,772,766,6,0,0,766,20,1.5586,0.0012,0,0
2504,46964,6.946,2,false,18,772,766,6,0,0,767,20,1.6663,0.0012,0,0
2505,46971,6.84,2,false,18,773,767,6,0,0,767,20,1.6663,0.0012,0,0
2506,46978,6.956,2,false,18,773,767,6,0,0,767,20,1.6663,0.0012,0,0
2507,46984,6.855,2,false,18,773,767,6,0,0,768,20,1.5669,0.0013,0,0
2508,46992,7.352,2,false,18,774,768,6,0,0,768,20,1.5669,0.0013,0,0
2509,46998,6.486,2,false,18,774,768,6,0,0,768,20,1.5669,0.0013,0,0
2510,47005,6.874,2,false,18,774,768,6,0,0,769,20,1.839,0.0011,0,0
2511,47012,6.914,2,false,18,775,769,6,0,0,769,20,1.839,0.0011,0,0
2512,47019,6.876,2,false,18,775,769,6,0,0,769,20,1.839,0.0011,0,0
2513,47026,6.957,2,false,18,775,769,6,0,0,770,20,1.839,0.0011,0,0
2514,47033,6.827,2,false,18,776,770,6,0,0,770,20,1.6378,0.0017,0,0
2515,47040,6.91,2,false,18,776,770,6,0,0,770,20,1.6378,0.0017,0,0
2516,47047,6.935,2,false,18,776,770,6,0,0,771,20,1.6378,0.0017,0,0
2517,47053,6.866,2,false,18,777,771,6,0,0,771,20,2.4282,0.0013,0,0
2518,47060,6.943,2,false,18,777,771,6,0,0,771,20,2.4282,0.0013,0,0
2519,47067,6.862,2,false,18,777,771,6,0,0,771,20,2.4282,0.0013,0,0
2520,47074,6.901,2,false,18,778,772,6,0,0,772,20,1.769,0.0013,0,0
2521,47081,6.939,2,false,18,778,772,6,0,0,772,20,1.769,0.0013,0,0
2522,47088,6.861,2,false,18,779,772,7,0,0,772,20,1.769,0.0013,0,0
2523,47095,6.946,2,false,18,779,773,6,0,0,773,26,1.7756,0.0012,0,0
2524,47102,6.857,2,false,18,779,773,6,0,0,773,18,1.7756,0.0012,0,0
2525,47109,6.891,2,false,18,779,773,6,0,0,773,18,1.7756,0.0012,0,0
2526,47116,6.938,2,false,18,779,773,6,0,0,774,18,1.6766,0.0011,0,0
2527,47122,7.055,2,false,18,780,774,6,0,0,774,18,1.6766,0.0011,0,0
2528,47129,6.764,2,false,18,780,774,6,0,0,774,18,1.6766,0.0011,0,0
2529,47136,6.842,2,false,18,780,774,6,0,0,775,18,1.6766,0.0011,0,0
2530,47143,6.923,2,false,18,781,775,6,0,0,775,18,1.486,0.0012,0,0
2531,47150,6.883,2,false,18,781,775,6,0,0,775,18,1.486,0.0012,0,0
2532,47157,6.891,2,false,18,781,775,6,0,0,776,18,1.486,0.0012,0,0
2533,47164,6.941,2,false,18,782,776,6,0,0,776,18,1.8803,0.0018,0,0
2534,47171,6.872,2,false,18,782,776,6,0,0,776,18,1.8803,0.0018,0,0
2535,47178,6.941,2,false,18,782,776,6,0,0,776,18,1.8803,0.0018,0,0
2536,47185,6.858,2,false,18,783,777,6,0,0,777,18,2.1033,0.0017,0,0
2537,47191,6.892,2,false,18,783,777,6,0,0,777,25,2.1033,0.0017,0,0
2538,47198,6.959,2,false,18,783,777,6,0,0,777,25,2.1033,0.0017,0,0
2539,47205,6.837,2,false,18,783,777,6,0,0,778,25,2.1033,0.0017,0,0
2540,47212,6.943,2,false,18,784,778,6,0,0,778,25,2.0443,0.0021,0,0
2541,47219,6.866,2,false,18,784,778,6,0,0,778,25,2.0443,0.0021,0,0
2542,47226,7.022,2,false,18,784,778,6,0,0,778,25,2.0443,0.0021,0,0
2543,47233,6.769,2,false,18,785,779,6,0,0,779,25,2.6318,0.0015,0,0
2544,47240,6.917,2,false,18,785,779,6,0,0,779,19,2.6318,0.0015,0,0
2545,47247,6.964,2,false,18,785,779,6,0,0,779,19,2.6318,0.0015,0,0
2546,47254,6.861,2,false,18,785,779,6,0,0,780,19,2.6318,0.0015,0,0
2547,47261,7.558,2,false,18,786,780,6,0,0,780,19,1.9641,0.0042,0,0
2548,47267,6.211,2,false,18,786,780,6,0,0,780,19,1.9641,0.0042,0,0
2549,47275,6.912,2,false,18,786,780,6,0,0,780,19,1.9641,0.0042,0,0
2550,47282,7.515,2,false,18,787,781,6,0,0,781,19,1.8479,0.0018,0,0
2551,47288,6.27,2,false,18,787,781,6,0,0,781,19,1.8479,0.0018,0,0
2552,47295,6.925,2,false,18,787,781,6,0,0,781,19,1.8479,0.0018,0,0
2553,47302,6.864,2,false,18,788,781,7,0,0,782,19,1.884,0.0011,0,0
2554,47309,7.176,2,false,18,788,782,6,0,0,782,27,1.884,0.0011,0,0
2555,47316,6.664,2,false,18,788,782,6,0,0,782,27,1.884,0.0011,0,0
2556,47323,6.875,2,false,18,789,782,7,0,0,783,27,2.0561,0.0013,0,0
2557,47331,8.182,2,false,18,789,783,6,0,0,783,44,2.0561,0.0013,0,0
2558,47336,5.623,2,false,18,789,783,6,0,0,783,44,2.0561,0.0013,0,0
2559,47343,6.905,2,false,18,789,783,6,0,0,784,44,2.0561,0.0013,0,0
2560,47350,6.994,2,false,18,790,784,6,0,0,784,44,1.8333,0.0015,0,0
2561,47357,6.792,2,false,18,790,784,6,0,0,784,44,1.8333,0.0015,0,0
2562,47364,6.927,2,false,18,790,784,6,0,0,784,44,1.8333,0.0015,0,0
2563,47371,6.859,2,false,18,791,785,6,0,0,785,44,2.2055,0.0016,0,0
2564,47475,104.285,2,false,18,791,788,3,0,0,789,44,2.1933,0.0021,0,0
2565,47488,13.127,2,false,18,793,790,3,0,0,790,44,1.8812,0.0015,0,0
2566,47496,7.244,2,false,18,794,790,4,0,0,790,44,1.8812,0.0015,0,0
2567,47502,6.26,2,false,18,795,790,5,0,0,790,44,1.8812,0.0015,0,0
2568,47503,1.383,2,false,18,795,790,5,0,0,790,44,1.8812,0.0015,0,0
2569,47510,7.384,2,false,18,796,791,5,0,0,791,44,2.3981,0.0047,0,0
2570,47516,5.635,2,false,18,796,791,5,0,0,791,44,2.3981,0.0047,0,0
2571,47525,8.717,2,false,18,797,791,6,0,0,791,44,2.3981,0.0047,0,0
2572,47530,5.084,2,false,18,797,791,6,0,0,791,44,2.3981,0.0047,0,0
2573,47537,6.982,2,false,18,797,792,5,0,0,792,44,2.1282,0.0018,0,0
2574,47544,7.245,2,false,18,798,792,6,0,0,792,44,2.1282,0.0018,0,0
2575,47551,6.474,2,false,18,798,792,6,0,0,792,44,2.1282,0.0018,0,0
2576,47558,6.952,2,false,18,798,792,6,0,0,793,44,1.9546,0.0017,0,0
2577,47565,6.99,2,false,18,799,793,6,0,0,793,44,1.9546,0.0017,0,0
2578,47571,6.796,2,false,18,799,793,6,0,0,793,44,1.9546,0.0017,0,0
2579,47579,6.866,2,false,18,799,793,6,0,0,794,44,1.6971,0.0015,0,0
2580,47586,7.633,2,false,18,800,794,6,0,0,794,44,1.6971,0.0015,0,0
2581,47592,6.169,2,false,18,800,794,6,0,0,794,44,1.6971,0.0015,0,0
2582,47599,6.905,2,false,18,800,794,6,0,0,795,44,1.6971,0.0015,0,0
2583,47606,7.274,2,false,18,801,795,6,0,0,795,44,2.4988,0.0022,0,0
2584,47613,6.523,2,false,18,801,795,6,0,0,795,44,2.4988,0.0022,0,0
2585,47620,6.938,2,false,18,801,795,6,0,0,795,44,2.4988,0.0022,0,0
2586,47627,6.895,2,false,18,802,796,6,0,0,796,44,1.936,0.0016,0,0
2587,47633,6.867,2,false,18,802,796,6,0,0,796,26,1.936,0.0016,0,0
2588,47640,6.916,2,false,18,802,796,6,0,0,796,26,1.936,0.0016,0,0
2589,47647,6.878,2,false,18,802,796,6,0,0,797,26,1.7235,0.0016,0,0
2590,47655,7.601,2,false,18,803,797,6,0,0,797,26,1.7235,0.0016,0,0
2591,47661,6.2,2,false,18,803,797,6,0,0,797,26,1.7235,0.0016,0,0
2592,47668,6.902,2,false,18,803,797,6,0,0,797,26,1.7235,0.0016,0,0
2593,47675,6.954,2,false,18,804,798,6,0,0,798,26,2.9293,0.0019,0,0
2594,47683,7.888,2,false,18,804,798,6,0,0,798,31,2.9293,0.0019,0,0
2595,47689,5.878,2,false,18,804,798,6,0,0,798,31,2.9293,0.0019,0,0
2596,47696,6.874,2,false,18,804,798,6,0,0,799,31,2.9293,0.0019,0,0
2597,47702,6.95,2,false,18,805,799,6,0,0,799,31,1.8099,0.0015,0,0
2598,47709,6.93,2,false,18,805,799,6,0,0,799,31,1.8099,0.0015,0,0
2599,47716,6.827,2,false,18,805,799,6,0,0,799,31,1.8099,0.0015,0,0
2600,47723,6.949,2,false,18,806,799,7,0,0,800,31,2.1277,0.0022,0,0
2601,47730,7.028,2,false,18,806,800,6,0,0,800,21,2.1277,0.0022,0,0
2602,47737,6.728,2,false,18,806,800,6,0,0,800,21,2.1277,0.0022,0,0
2603,47744,6.946,2,false,18,806,800,6,0,0,800,21,2.1277,0.0022,0,0
2604,47752,7.861,2,false,18,807,801,6,0,0,801,21,1.8706,0.0018,0,0
2605,47758,5.943,2,false,18,807,801,6,0,0,801,21,1.8706,0.0018,0,0
2606,47764,6.838,2,false,18,807,801,6,0,0,801,21,1.8706,0.0018,0,0
2607,47772,6.906,2,false,18,808,801,7,0,0,802,21,2.4537,0.002,0,0
2608,47780,8.188,2,false,18,808,802,6,0,0,802,162,2.4537,0.002,0,0
2609,47785,5.612,2,false,18,808,802,6,0,0,802,162,2.4537,0.002,0,0
2610,47792,6.943,2,false,18,808,802,6,0,0,802,162,2.4537,0.002,0,0
2611,47799,6.877,2,false,18,809,803,6,0,0,803,162,4.6545,0.0034,0,0
2612,47807,7.88,2,false,18,809,803,6,0,0,803,44,4.6545,0.0034,0,0
2613,47813,5.957,2,false,18,809,803,6,0,0,803,44,4.6545,0.0034,0,0
2614,47820,6.845,2,false,18,809,803,6,0,0,803,44,4.6545,0.0034,0,0
2615,47827,6.934,2,false,18,810,803,7,0,0,804,44,4.6545,0.0034,0,0
2616,47835,8.563,2,false,18,810,804,6,0,0,804,33,2.2062,0.0024,0,0
2617,47841,5.202,2,false,18,810,804,6,0,0,804,33,2.2062,0.0024,0,0
2618,47848,6.95,2,false,18,810,804,6,0,0,804,33,2.2062,0.0024,0,0
2619,47854,6.853,2,false,18,811,804,7,0,0,805,33,1.8039,0.0023,0,0
2620,47861,6.92,2,false,18,811,805,6,0,0,805,99,1.8039,0.0023,0,0
2621,47868,6.877,2,false,18,811,805,6,0,0,805,99,1.8039,0.0023,0,0
2622,47875,6.9,2,false,18,811,805,6,0,0,806,99,1.8039,0.0023,0,0
2623,47882,6.936,2,false,18,812,806,6,0,0,806,99,1.9532,0.0013,0,0
2624,47889,6.856,2,false,18,812,806,6,0,0,806,99,1.9532,0.0013,0,0
2625,47896,6.966,2,false,18,812,806,6,0,0,806,99,1.9532,0.0013,0,0
2626,47903,6.829,2,false,18,813,806,7,0,0,807,99,2.448,0.0014,0,0
2627,47910,7.084,2,false,18,813,807,6,0,0,807,22,2.448,0.0014,0,0
2628,47916,6.74,2,false,18,813,807,6,0,0,807,22,2.448,0.0014,0,0
2629,47923,6.882,2,false,18,814,807,7,0,0,808,22,1.8657,0.0021,0,0
2630,47930,7.194,2,false,18,814,808,6,0,0,808,25,1.8657,0.0021,0,0
2631,47937,6.598,2,false,18,814,808,6,0,0,808,25,1.8657,0.0021,0,0
2632,47944,6.936,2,false,18,814,808,6,0,0,809,25,1.8837,0.0012,0,0
2633,47951,6.906,2,false,18,815,809,6,0,0,809,25,1.8837,0.0012,0,0
2634,47958,6.868,2,false,18,815,809,6,0,0,809,25,1.8837,0.0012,0,0
2635,47965,6.924,2,false,18,815,809,6,0,0,810,25,1.8837,0.0012,0,0
2636,47972,6.865,2,false,18,816,810,6,0,0,810,25,1.7939,0.0014,0,0
2637,47979,6.944,2,false,18,816,810,6,0,0,810,25,1.7939,0.0014,0,0
2638,47985,6.867,2,false,18,816,810,6,0,0,811,25,1.7939,0.0014,0,0
2639,47993,7.835,2,false,18,817,811,6,0,0,811,25,3.2159,0.0026,0,0
2640,47999,6.009,2,false,18,817,811,6,0,0,811,25,3.2159,0.0026,0,0
2641,48006,6.859,2,false,18,817,811,6,0,0,811,25,3.2159,0.0026,0,0
2642,48013,7.247,2,false,18,818,811,7,0,0,812,25,2.0581,0.0017,0,0
2643,48020,6.747,2,false,18,818,812,6,0,0,812,26,2.0581,0.0017,0,0
2644,48027,6.739,2,false,18,818,812,6,0,0,812,26,2.0581,0.0017,0,0
2645,48034,6.867,2,false,18,818,812,6,0,0,812,26,2.0581,0.0017,0,0
2646,48040,6.885,2,false,18,819,813,6,0,0,813,26,1.8409,0.0014,0,0
2647,48048,6.946,2,false,18,819,813,6,0,0,813,26,1.8409,0.0014,0,0
2648,48055,6.873,2,false,18,819,813,6,0,0,813,26,1.8409,0.0014,0,0
2649,48065,10.124,2,false,18,820,814,6,0,0,814,26,2.2475,0.0022,0,0
2650,48068,3.657,2,false,18,820,814,6,0,0,814,26,2.2475,0.0022,0,0
2651,48075,6.929,2,false,18,820,814,6,0,0,814,26,2.2475,0.0022,0,0
2652,48082,6.985,2,false,18,821,814,7,0,0,814,26,2.2475,0.0022,0,0
2653,48090,8.337,2,false,18,821,815,6,0,0,815,37,1.9522,0.0015,0,0
2654,48096,5.422,2,false,18,821,815,6,0,0,815,37,1.9522,0.0015,0,0
2655,48103,6.832,2,false,18,821,815,6,0,0,815,37,1.9522,0.0015,0,0
2656,48117,14.398,2,false,18,822,816,6,0,0,816,37,2.4314,0.0017,0,0
2657,48120,2.495,2,false,18,822,816,6,0,0,816,37,2.4314,0.0017,0,0
2658,48124,4.355,2,false,18,822,816,6,0,0,816,37,2.4314,0.0017,0,0
2659,48131,6.955,2,false,18,823,816,7,0,0,817,37,2.4314,0.0017,0,0
2660,48138,6.849,2,false,18,823,817,6,0,0,817,23,1.9695,0.0014,0,0
2661,48145,6.956,2,false,18,823,817,6,0,0,817,23,1.9695,0.0014,0,0
2662,48152,6.849,2,false,18,824,817,7,0,0,818,23,1.9695,0.0014,0,0
2663,48158,6.892,2,false,18,824,818,6,0,0,818,32,1.6018,0.0011,0,0
2664,48165,6.942,2,false,18,824,818,6,0,0,818,32,1.6018,0.0011,0,0
2665,48172,6.865,2,false,18,824,818,6,0,0,818,32,1.6018,0.0011,0,0
2666,48179,6.938,2,false,18,825,819,6,0,0,819,32,2.6023,0.0014,0,0
2667,48186,6.858,2,false,18,825,819,6,0,0,819,26,2.6023,0.0014,0,0
2668,48193,6.914,2,false,18,825,819,6,0,0,819,26,2.6023,0.0014,0,0
2669,48200,6.958,2,false,18,825,819,6,0,0,820,26,2.6023,0.0014,0,0
2670,48207,6.829,2,false,18,826,820,6,0,0,820,26,2.4434,0.0019,0,0
2671,48214,6.978,2,false,18,826,820,6,0,0,820,26,2.4434,0.0019,0,0
2672,48221,6.838,2,false,18,826,820,6,0,0,821,26,2.4434,0.0019,0,0
2673,48228,6.916,2,false,18,827,821,6,0,0,821,26,1.6928,0.0018,0,0
2674,48234,6.883,2,false,18,827,821,6,0,0,821,26,1.6928,0.0018,0,0
2675,48241,6.899,2,false,18,827,821,6,0,0,821,26,1.6928,0.0018,0,0
2676,48248,6.908,2,false,18,828,822,6,0,0,822,26,1.93,0.0013,0,0
2677,48255,6.888,2,false,18,828,822,6,0,0,822,26,1.93,0.0013,0,0
2678,48262,6.947,2,false,18,828,822,6,0,0,822,26,1.93,0.0013,0,0
2679,48269,6.848,2,false,18,829,823,6,0,0,823,26,2.0503,0.0015,0,0
2680,48276,6.892,2,false,18,829,823,6,0,0,823,19,2.0503,0.0015,0,0
2681,48283,6.952,2,false,18,829,823,6,0,0,823,19,2.0503,0.0015,0,0
2682,48290,6.865,2,false,18,829,823,6,0,0,824,19,1.7846,0.0012,0,0
2683,48297,7.265,2,false,18,830,824,6,0,0,824,19,1.7846,0.0012,0,0
2684,48303,6.535,2,false,18,830,824,6,0,0,824,19,1.7846,0.0012,0,0
2685,48310,6.933,2,false,18,830,824,6,0,0,824,19,1.7846,0.0012,0,0
2686,48317,6.852,2,false,18,831,825,6,0,0,825,19,2.6078,0.0017,0,0
2687,48324,6.907,2,false,18,831,825,6,0,0,825,16,2.6078,0.0017,0,0
2688,48331,6.937,2,false,18,831,825,6,0,0,825,16,2.6078,0.0017,0,0
2689,48338,6.856,2,false,18,831,825,6,0,0,826,16,2.6078,0.0017,0,0
2690,48345,7.477,2,false,18,832,826,6,0,0,826,16,2.0824,0.002,0,0
2691,48352,6.346,2,false,18,832,826,6,0,0,826,16,2.0824,0.002,0,0
2692,48358,6.881,2,false,18,833,826,7,0,0,826,16,2.0824,0.002,0,0
2693,48365,6.938,2,false,18,833,827,6,0,0,827,25,3.0996,0.0024,0,0
2694,48373,7.46,2,false,18,833,827,6,0,0,827,20,3.0996,0.0024,0,0
2695,48379,6.338,2,false,18,833,827,6,0,0,827,20,3.0996,0.0024,0,0
2696,48386,6.861,2,false,18,833,827,6,0,0,828,20,1.6477,0.0011,0,0
2697,48393,6.899,2,false,18,834,828,6,0,0,828,20,1.6477,0.0011,0,0
2698,48400,6.937,2,false,18,834,828,6,0,0,828,20,1.6477,0.0011,0,0
2699,48407,6.875,2,false,18,834,828,6,0,0,829,20,1.6335,0.0014,0,0
2700,48414,6.913,2,false,18,835,829,6,0,0,829,20,1.6335,0.0014,0,0
2701,48421,6.891,2,false,18,835,829,6,0,0,829,20,1.6335,0.0014,0,0
2702,48428,6.926,2,false,18,835,829,6,0,0,830,20,1.779,0.0019,0,0
2703,48434,6.864,2,false,18,836,830,6,0,0,830,20,1.779,0.0019,0,0
2704,48441,6.902,2,false,18,836,830,6,0,0,830,20,1.779,0.0019,0,0
2705,48448,6.919,2,false,18,836,830,6,0,0,831,20,1.779,0.0019,0,0
2706,48455,7.156,2,false,18,837,831,6,0,0,831,20,1.8621,0.0017,0,0
2707,48462,6.677,2,false,18,837,831,6,0,0,831,20,1.8621,0.0017,0,0
2708,48469,6.851,2,false,18,837,831,6,0,0,831,20,1.8621,0.0017,0,0
2709,48476,6.892,2,false,18,838,832,6,0,0,832,20,1.5105,0.0011,0,0
2710,48483,6.953,2,false,18,838,832,6,0,0,832,25,1.5105,0.0011,0,0
2711,48490,6.849,2,false,18,838,832,6,0,0,832,25,1.5105,0.0011,0,0
2712,48496,6.937,2,false,18,838,832,6,0,0,833,25,2.2383,0.0022,0,0
2713,48503,6.858,2,false,18,839,833,6,0,0,833,25,2.2383,0.0022,0,0
2714,48510,6.937,2,false,18,839,833,6,0,0,833,25,2.2383,0.0022,0,0
2715,48517,6.87,2,false,18,839,833,6,0,0,834,25,1.8123,0.0013,0,0
2716,48524,7.061,2,false,18,840,834,6,0,0,834,25,1.8123,0.0013,0,0
2717,48531,6.786,2,false,18,840,834,6,0,0,834,25,1.8123,0.0013,0,0
2718,48538,6.853,2,false,18,840,834,6,0,0,835,25,1.8123,0.0013,0,0
2719,48545,6.932,2,false,18,841,835,6,0,0,835,25,3.0784,0.0018,0,0
2720,48552,6.888,2,false,18,841,835,6,0,0,835,25,3.0784,0.0018,0,0
2721,48559,6.882,2,false,18,841,835,6,0,0,835,25,3.0784,0.0018,0,0
2722,48566,7.207,2,false,18,842,835,7,0,0,836,25,1.7153,0.0015,0,0
2723,48572,6.597,2,false,18,842,836,6,0,0,836,18,1.7153,0.0015,0,0
2724,48579,6.929,2,false,18,842,836,6,0,0,836,18,1.7153,0.0015,0,0
2725,48586,6.869,2,false,18,843,836,7,0,0,837,18,1.6008,0.0015,0,0
2726,48593,6.902,2,false,18,843,837,6,0,0,837,27,1.6008,0.0015,0,0
2727,48600,6.966,2,false,18,843,837,6,0,0,837,27,1.6008,0.0015,0,0
2728,48607,6.839,2,false,18,843,837,6,0,0,837,27,1.6008,0.0015,0,0
2729,48614,6.93,2,false,18,844,837,7,0,0,838,27,1.7657,0.0018,0,0
2730,48621,6.863,2,false,18,844,838,6,0,0,838,108,1.7657,0.0018,0,0
2731,48628,6.972,2,false,18,844,838,6,0,0,838,108,1.7657,0.0018,0,0
2732,48635,6.841,2,false,18,844,838,6,0,0,838,108,1.7657,0.0018,0,0
2733,48642,6.907,2,false,18,845,838,7,0,0,839,108,1.7657,0.0018,0,0
2734,48650,8.771,2,false,18,845,839,6,0,0,839,33,2.2768,0.0027,0,0
2735,48655,5.019,2,false,18,845,839,6,0,0,839,33,2.2768,0.0027,0,0
2736,48662,6.95,2,false,18,845,839,6,0,0,839,33,2.2768,0.0027,0,0
2737,48669,6.853,2,false,18,846,839,7,0,0,840,33,2.2768,0.0027,0,0
2738,48676,7.102,2,false,18,846,840,6,0,0,840,28,2.6248,0.0024,0,0
2739,48683,6.746,2,false,18,846,840,6,0,0,840,28,2.6248,0.0024,0,0
2740,48690,6.85,2,false,18,846,840,6,0,0,840,28,2.6248,0.0024,0,0
2741,48697,6.953,2,false,18,847,840,7,0,0,841,28,2.2533,0.0029,0,0
2742,48703,6.829,2,false,18,847,841,6,0,0,841,33,2.2533,0.0029,0,0
2743,48711,6.966,2,false,18,847,841,6,0,0,841,33,2.2533,0.0029,0,0
2744,48718,6.872,2,false,18,847,841,6,0,0,842,33,2.2533,0.0029,0,0
2745,48727,10.11,2,false,18,848,842,6,0,0,842,33,2.4979,0.0044,0,0
2746,48731,3.71,2,false,18,848,842,6,0,0,842,33,2.4979,0.0044,0,0
2747,48738,6.857,2,false,18,848,842,6,0,0,842,33,2.4979,0.0044,0,0
2748,48745,6.943,2,false,18,849,842,7,0,0,843,33,2.4979,0.0044,0,0
2749,48753,7.63,2,false,18,849,843,6,0,0,843,22,3.7396,0.0019,0,0
2750,48759,6.129,2,false,18,849,843,6,0,0,843,22,3.7396,0.0019,0,0
2751,48766,7.053,2,false,18,849,843,6,0,0,843,22,3.7396,0.0019,0,0
2752,48773,6.744,2,false,18,850,843,7,0,0,844,22,2.2704,0.0026,0,0
2753,48783,9.78,2,false,18,850,844,6,0,0,844,315,2.2704,0.0026,0,0
2754,48786,4.006,2,false,18,850,844,6,0,0,844,315,2.2704,0.0026,0,0
2755,48793,6.955,2,false,18,850,844,6,0,0,844,315,2.2704,0.0026,0,0
2756,48800,6.915,2,false,18,851,844,7,0,0,845,315,1.6834,0.002,0,0
2757,48808,7.423,2,false,18,851,845,6,0,0,845,171,1.6834,0.002,0,0
2758,48814,6.369,2,false,18,851,845,6,0,0,845,171,1.6834,0.002,0,0
2759,48821,6.856,2,false,18,851,845,6,0,0,845,171,1.6834,0.002,0,0
2760,48828,6.953,2,false,18,852,845,7,0,0,845,171,1.6834,0.002,0,0
2761,48835,7.108,2,false,18,852,846,6,0,0,846,31,2.8904,0.0025,0,0
2762,48844,8.645,2,false,18,852,846,6,0,0,846,102,2.8904,0.0025,0,0
2763,48849,4.939,2,false,18,852,846,6,0,0,846,102,2.8904,0.0025,0,0
2764,48856,6.856,2,false,18,853,846,7,0,0,846,102,2.8904,0.0025,0,0
2765,48862,6.935,2,false,18,853,846,7,0,0,847,48,2.2039,0.0027,0,0
2766,48876,13.892,2,false,18,853,847,6,0,0,847,23,2.2039,0.0027,0,0
2767,48878,2.266,2,false,18,853,847,6,0,0,847,23,2.2039,0.0027,0,0
2768,48883,4.672,2,false,18,853,847,6,0,0,847,23,2.2039,0.0027,0,0
2769,48890,6.862,2,false,18,854,848,6,0,0,848,23,2.259,0.0025,0,0
2770,48897,6.925,2,false,18,854,848,6,0,0,848,24,2.259,0.0025,0,0
2771,48904,6.89,2,false,18,854,848,6,0,0,848,24,2.259,0.0025,0,0
2772,48911,6.953,2,false,18,854,848,6,0,0,849,24,2.259,0.0025,0,0
2773,48920,9.459,2,false,18,855,849,6,0,0,849,24,2.1485,0.0026,0,0
2774,48925,4.268,2,false,18,855,849,6,0,0,849,24,2.1485,0.0026,0,0
2775,48932,6.964,2,false,18,855,849,6,0,0,849,24,2.1485,0.0026,0,0
2776,48938,6.845,2,false,18,856,849,7,0,0,850,24,2.1485,0.0026,0,0
2777,48947,8.834,2,false,18,856,850,6,0,0,850,30,2.2209,0.0029,0,0
2778,48952,4.966,2,false,18,856,850,6,0,0,850,30,2.2209,0.0029,0,0
2779,48959,6.904,2,false,18,856,850,6,0,0,850,30,2.2209,0.0029,0,0
2780,48966,6.996,2,false,18,857,850,7,0,0,851,30,2.2209,0.0029,0,0
2781,48973,6.801,2,false,18,857,851,6,0,0,851,31,4.2055,0.0022,0,0
2782,48981,8.188,2,false,18,857,851,6,0,0,851,29,4.2055,0.0022,0,0
2783,48987,5.61,2,false,18,857,851,6,0,0,851,29,4.2055,0.0022,0,0
2784,48993,6.9,2,false,18,857,851,6,0,0,851,29,4.2055,0.0022,0,0
2785,49001,6.959,2,false,18,858,851,7,0,0,851,29,4.2055,0.0022,0,0
2786,49007,7.02,2,false,18,858,852,6,0,0,852,34,2.9561,0.0024,0,0
2787,49014,6.768,2,false,18,858,852,6,0,0,852,34,2.9561,0.0024,0,0
2788,49021,6.852,2,false,18,858,852,6,0,0,852,34,2.9561,0.0024,0,0
2789,49028,7.024,2,false,18,859,852,7,0,0,852,34,2.9561,0.0024,0,0
2790,49162,133.453,2,false,18,859,853,6,0,0,857,35,2.8419,0.0021,0,0
2791,49176,14.506,2,false,18,861,858,3,0,0,858,35,1.9097,0.002,0,0
2792,49185,9.413,2,false,18,862,858,4,0,0,858,35,1.9097,0.002,0,0
2793,49188,2.27,2,false,18,862,858,4,0,0,858,35,1.9097,0.002,0,0
2794,49197,8.971,2,false,18,863,858,5,0,0,859,35,1.9097,0.002,0,0
2795,49199,2.597,2,false,18,863,859,4,0,0,859,35,1.9097,0.002,0,0
2796,49206,6.876,2,false,18,863,859,4,0,0,859,35,3.6516,0.0018,0,0
2797,49213,6.907,2,false,18,863,859,4,0,0,859,35,3.6516,0.0018,0,0
2798,49220,6.944,2,false,18,864,859,5,0,0,859,35,3.6516,0.0018,0,0
2799,49227,6.866,2,false,18,864,859,5,0,0,860,35,3.6516,0.0018,0,0
2800,49234,6.886,2,false,18,864,860,4,0,0,860,35,3.095,0.0042,0,0
2801,49243,9.141,2,false,18,865,860,5,0,0,860,35,3.095,0.0042,0,0
2802,49248,4.652,2,false,18,865,860,5,0,0,860,35,3.095,0.0042,0,0
2803,49255,6.999,2,false,18,865,860,5,0,0,860,35,3.095,0.0042,0,0
2804,49262,6.854,2,false,18,865,861,4,0,0,861,35,2.9088,0.0028,0,0
2805,49270,8.509,2,false,18,866,861,5,0,0,861,35,2.9088,0.0028,0,0
2806,49275,5.28,2,false,18,866,861,5,0,0,861,35,2.9088,0.0028,0,0
2807,49285,9.566,2,false,18,867,862,5,0,0,862,35,2.0585,0.0024,0,0
2808,49289,4.252,2,false,18,867,862,5,0,0,862,35,2.0585,0.0024,0,0
2809,49296,6.843,2,false,18,867,862,5,0,0,862,35,2.0585,0.0024,0,0
2810,49303,7.251,2,false,18,868,862,6,0,0,862,35,2.0585,0.0024,0,0
2811,49310,6.6,2,false,18,868,862,6,0,0,863,35,2.0585,0.0024,0,0
2812,49317,6.849,2,false,18,868,863,5,0,0,863,35,3.2247,0.0021,0,0
2813,49460,143.797,2,false,18,869,868,1,0,0,868,35,3.4697,0.0019,0,0
2814,49462,2.096,2,false,18,869,868,1,0,0,868,35,3.4697,0.0019,0,0
2815,49467,4.753,2,false,18,869,868,1,0,0,868,35,3.4697,0.0019,0,0
2816,49474,6.95,2,false,18,869,868,1,0,0,868,35,3.4697,0.0019,0,0
2817,49481,6.854,2,false,18,869,868,1,0,0,868,35,3.4697,0.0019,0,0
2818,49489,7.851,2,false,18,870,868,2,0,0,868,35,1.9682,0.0015,0,0
2819,49495,5.959,2,false,18,870,868,2,0,0,868,35,1.9682,0.0015,0,0
2820,49502,6.895,2,false,18,870,868,2,0,0,868,35,1.9682,0.0015,0,0
2821,49509,6.931,2,false,18,871,868,3,0,0,868,35,1.9682,0.0015,0,0
2822,49516,6.864,2,false,18,871,868,3,0,0,869,35,2.3667,0.0019,0,0
2823,49523,6.963,2,false,18,871,869,2,0,0,869,35,2.3667,0.0019,0,0
2824,49531,8.707,2,false,18,872,869,3,0,0,869,35,2.3667,0.0019,0,0
2825,49537,5.319,2,false,18,872,869,3,0,0,869,35,2.3667,0.0019,0,0
2826,49543,6.656,2,false,18,872,869,3,0,0,870,35,1.8759,0.0013,0,0
2827,49550,6.838,2,false,18,873,870,3,0,0,870,35,1.8759,0.0013,0,0
2828,49557,6.952,2,false,18,873,870,3,0,0,870,35,1.8759,0.0013,0,0
2829,49564,6.866,2,false,18,873,870,3,0,0,871,35,1.7077,0.0014,0,0
2830,49571,6.887,2,false,18,874,871,3,0,0,871,35,1.7077,0.0014,0,0
2831,49578,7.02,2,false,18,874,871,3,0,0,871,35,1.7077,0.0014,0,0
2832,49585,6.787,2,false,18,874,871,3,0,0,872,35,1.4929,0.0011,0,0
2833,49591,6.919,2,false,18,875,872,3,0,0,872,35,1.4929,0.0011,0,0
2834,49598,6.889,2,false,18,875,872,3,0,0,872,35,1.4929,0.0011,0,0
2835,49605,6.9,2,false,18,875,872,3,0,0,872,35,1.4929,0.0011,0,0
2836,49612,7.225,2,false,18,876,873,3,0,0,873,35,3.0607,0.0028,0,0
2837,49619,6.585,2,false,18,876,873,3,0,0,873,35,3.0607,0.0028,0,0
2838,49626,6.944,2,false,18,876,873,3,0,0,873,35,3.0607,0.0028,0,0
2839,49635,8.662,2,false,18,877,873,4,0,0,873,35,3.0607,0.0028,0,0
2840,49640,5.079,2,false,18,877,874,3,0,0,874,35,2.4685,0.0016,0,0
2841,49647,6.938,2,false,18,877,874,3,0,0,874,35,2.4685,0.0016,0,0
2842,49654,6.861,2,false,18,878,874,4,0,0,874,35,2.4685,0.0016,0,0
2843,49660,6.94,2,false,18,878,874,4,0,0,874,35,2.4685,0.0016,0,0
2844,49667,6.864,2,false,18,878,874,4,0,0,875,35,2.5208,0.0017,0,0
2845,49674,6.884,2,false,18,879,875,4,0,0,875,35,2.5208,0.0017,0,0
2846,49681,6.961,2,false,18,879,875,4,0,0,875,35,2.5208,0.0017,0,0
2847,49688,6.862,2,false,18,879,875,4,0,0,875,35,2.5208,0.0017,0,0
2848,49696,8.365,2,false,18,880,876,4,0,0,876,35,2.0215,0.0018,0,0
2849,49702,5.426,2,false,18,880,876,4,0,0,876,35,2.0215,0.0018,0,0
2850,49709,6.888,2,false,18,880,876,4,0,0,876,35,2.0215,0.0018,0,0
2851,49716,6.939,2,false,18,881,877,4,0,0,877,35,1.9895,0.0015,0,0
2852,49723,6.877,2,false,18,881,877,4,0,0,877,35,1.9895,0.0015,0,0
2853,49729,6.917,2,false,18,881,877,4,0,0,877,35,1.9895,0.0015,0,0
2854,49736,6.866,2,false,18,882,877,5,0,0,877,35,1.9895,0.0015,0,0
2855,49743,6.913,2,false,18,882,877,5,0,0,878,35,1.5503,0.0011,0,0
2856,49750,6.939,2,false,18,882,878,4,0,0,878,35,1.5503,0.0011,0,0
2857,49757,6.85,2,false,18,883,878,5,0,0,878,35,1.5503,0.0011,0,0
2858,49764,6.931,2,false,18,883,878,5,0,0,878,35,1.5503,0.0011,0,0
2859,49771,6.872,2,false,18,883,878,5,0,0,879,35,1.6359,0.0011,0,0
2860,49778,6.895,2,false,18,884,879,5,0,0,879,35,1.6359,0.0011,0,0
2861,49785,6.946,2,false,18,884,879,5,0,0,879,35,1.6359,0.0011,0,0
2862,49791,6.855,2,false,18,884,879,5,0,0,880,35,1.5224,0.001,0,0
2863,49798,6.927,2,false,18,885,880,5,0,0,880,35,1.5224,0.001,0,0
2864,49805,6.882,2,false,18,885,880,5,0,0,880,35,1.5224,0.001,0,0
2865,49812,6.901,2,false,18,885,880,5,0,0,881,35,1.7127,0.0014,0,0
2866,49819,6.925,2,false,18,886,881,5,0,0,881,35,1.7127,0.0014,0,0
2867,49826,6.863,2,false,18,886,881,5,0,0,881,35,1.7127,0.0014,0,0
2868,49833,6.949,2,false,18,886,881,5,0,0,881,35,1.7127,0.0014,0,0
2869,49840,6.85,2,false,18,887,881,6,0,0,882,35,1.7127,0.0014,0,0
2870,49847,6.914,2,false,18,887,882,5,0,0,882,35,2.3333,0.0018,0,0
2871,49854,6.932,2,false,18,887,882,5,0,0,882,35,2.3333,0.0018,0,0
2872,49860,6.864,2,false,18,888,882,6,0,0,883,35,2.3333,0.0018,0,0
2873,49867,6.932,2,false,18,888,883,5,0,0,883,35,2.6092,0.0014,0,0
2874,49874,6.865,2,false,18,889,883,6,0,0,883,35,2.6092,0.0014,0,0
2875,49881,6.937,2,false,18,889,883,6,0,0,884,35,2.6092,0.0014,0,0
2876,49888,6.864,2,false,18,889,884,5,0,0,884,35,1.5109,0.0014,0,0
2877,49895,6.897,2,false,18,890,884,6,0,0,884,35,1.5109,0.0014,0,0
2878,49902,6.942,2,false,18,890,884,6,0,0,885,35,1.4923,0.0015,0,0
2879,49909,6.868,2,false,18,890,885,5,0,0,885,35,1.4923,0.0015,0,0
2880,49916,6.908,2,false,18,891,885,6,0,0,885,35,1.4923,0.0015,0,0
2881,49923,6.89,2,false,18,891,885,6,0,0,886,35,1.6963,0.0016,0,0
2882,49930,6.894,2,false,18,891,886,5,0,0,886,35,1.6963,0.0016,0,0
2883,49937,7.692,2,false,18,892,886,6,0,0,886,35,1.6963,0.0016,0,0
2884,49943,6.112,2,false,18,892,886,6,0,0,887,35,1.6963,0.0016,0,0
2885,49950,6.922,2,false,18,892,887,5,0,0,887,35,1.9123,0.0015,0,0
2886,49957,6.87,2,false,18,893,887,6,0,0,887,35,1.9123,0.0015,0,0
2887,49964,6.956,2,false,18,893,887,6,0,0,887,35,1.9123,0.0015,0,0
2888,49971,6.855,2,false,18,893,888,5,0,0,888,35,1.5174,0.0011,0,0
2889,49978,6.887,2,false,18,894,888,6,0,0,888,35,1.5174,0.0011,0,0
2890,49985,6.964,2,false,18,894,888,6,0,0,888,35,1.5174,0.0011,0,0
2891,49992,6.852,2,false,18,894,889,5,0,0,889,35,1.6465,0.002,0,0
2892,49998,6.936,2,false,18,895,889,6,0,0,889,35,1.6465,0.002,0,0
2893,50005,6.859,2,false,18,895,889,6,0,0,889,35,1.6465,0.002,0,0
2894,50013,6.923,2,false,18,895,890,5,0,0,890,35,1.4903,0.0013,0,0
2895,50211,198.457,2,false,18,896,895,1,0,0,895,35,1.564,0.0012,0,0
2896,50212,1.69,2,false,18,896,895,1,0,0,895,35,1.564,0.0012,0,0
2897,50217,5.108,2,false,18,896,895,1,0,0,895,35,1.564,0.0012,0,0
2898,50224,6.911,2,false,18,896,895,1,0,0,895,35,1.564,0.0012,0,0
2899,50231,6.886,2,false,18,897,895,2,0,0,895,35,1.6118,0.0011,0,0
2900,50238,6.901,2,false,18,897,895,2,0,0,895,35,1.6118,0.0011,0,0
2901,50245,6.938,2,false,18,898,895,3,0,0,895,35,1.6118,0.0011,0,0
2902,50252,6.876,2,false,18,898,895,3,0,0,896,35,1.6118,0.0011,0,0
2903,50259,6.959,2,false,18,898,896,2,0,0,896,35,1.5416,0.0011,0,0
2904,50266,7.45,2,false,18,899,896,3,0,0,896,35,1.5416,0.0011,0,0
2905,50273,6.377,2,false,18,899,896,3,0,0,897,35,2.0847,0.0036,0,0
2906,50280,6.818,2,false,18,899,897,2,0,0,897,35,2.0847,0.0036,0,0
2907,50287,6.909,2,false,18,900,897,3,0,0,897,35,2.0847,0.0036,0,0
2908,50293,6.914,2,false,18,900,897,3,0,0,898,35,1.5269,0.0011,0,0
2909,50300,6.93,2,false,18,900,898,2,0,0,898,35,1.5269,0.0011,0,0
2910,50307,6.977,2,false,18,901,898,3,0,0,898,35,1.5269,0.0011,0,0
2911,50314,6.767,2,false,18,901,898,3,0,0,899,35,1.5269,0.0011,0,0
2912,50321,6.894,2,false,18,901,899,2,0,0,899,35,2.2962,0.0015,0,0
2913,50328,6.947,2,false,18,902,899,3,0,0,899,35,2.2962,0.0015,0,0
2914,50335,6.852,2,false,18,902,899,3,0,0,899,35,2.2962,0.0015,0,0
2915,50342,6.945,2,false,18,902,899,3,0,0,900,35,1.5823,0.0016,0,0
2916,50349,6.854,2,false,18,903,900,3,0,0,900,35,1.5823,0.0016,0,0
2917,50355,6.919,2,false,18,903,900,3,0,0,900,35,1.5823,0.0016,0,0
2918,50362,6.876,2,false,18,903,900,3,0,0,901,35,1.6652,0.001,0,0
2919,50369,6.903,2,false,18,904,901,3,0,0,901,35,1.6652,0.001,0,0
2920,50376,6.935,2,false,18,904,901,3,0,0,901,35,1.6652,0.001,0,0
2921,50383,6.868,2,false,18,904,902,2,0,0,902,35,1.5125,0.001,0,0
2922,50390,6.927,2,false,18,905,902,3,0,0,902,35,1.5125,0.001,0,0
2923,50397,6.87,2,false,18,905,902,3,0,0,903,35,1.4935,0.001,0,0
2924,50404,6.896,2,false,18,906,903,3,0,0,903,35,1.4935,0.001,0,0
2925,50411,6.946,2,false,18,906,903,3,0,0,903,35,1.4935,0.001,0,0
2926,50418,6.855,2,false,18,906,903,3,0,0,904,35,1.4433,0.0009,0,0
2927,50425,7.373,2,false,18,907,904,3,0,0,904,35,1.4433,0.0009,0,0
2928,50431,6.434,2,false,18,907,904,3,0,0,904,35,1.4433,0.0009,0,0
2929,50438,6.993,2,false,18,907,904,3,0,0,905,35,1.5769,0.001,0,0
2930,50445,6.828,2,false,18,908,905,3,0,0,905,35,1.5769,0.001,0,0
2931,50452,6.884,2,false,18,908,905,3,0,0,905,35,1.5769,0.001,0,0
2932,50459,6.929,2,false,18,908,906,2,0,0,906,35,1.4926,0.0011,0,0
2933,50466,6.863,2,false,18,909,906,3,0,0,906,35,1.4926,0.0011,0,0
2934,50473,6.919,2,false,18,909,906,3,0,0,907,35,1.4926,0.0011,0,0
2935,50480,6.915,2,false,18,909,907,2,0,0,907,35,2.9341,0.0015,0,0
2936,50487,6.868,2,false,18,910,907,3,0,0,907,35,2.9341,0.0015,0,0
2937,50494,6.953,2,false,18,910,907,3,0,0,908,35,2.9341,0.0015,0,0
2938,50500,6.852,2,false,18,910,908,2,0,0,908,35,1.9143,0.0016,0,0
2939,50507,6.896,2,false,18,911,908,3,0,0,908,35,1.9143,0.0016,0,0
2940,50514,6.924,2,false,18,911,908,3,0,0,908,35,1.9143,0.0016,0,0
2941,50521,6.88,2,false,18,911,909,2,0,0,909,35,1.5177,0.0013,0,0
2942,50528,6.929,2,false,18,912,909,3,0,0,909,35,1.5177,0.0013,0,0
2943,50535,6.872,2,false,18,912,909,3,0,0,909,35,1.5177,0.0013,0,0
2944,50542,6.902,2,false,18,912,910,2,0,0,910,35,1.5902,0.0014,0,0
2945,50550,8.18,2,false,18,913,910,3,0,0,910,35,1.5902,0.0014,0,0
2946,50556,5.637,2,false,18,913,910,3,0,0,911,35,1.5902,0.0014,0,0
2947,50563,6.913,2,false,18,913,911,2,0,0,911,35,1.7996,0.0019,0,0
2948,50569,6.864,2,false,18,914,911,3,0,0,911,35,1.7996,0.0019,0,0
2949,50576,6.897,2,false,18,914,911,3,0,0,912,35,1.7996,0.0019,0,0
2950,50583,6.941,2,false,18,914,912,2,0,0,912,35,1.5552,0.0014,0,0
2951,50590,6.862,2,false,18,915,912,3,0,0,912,35,1.5552,0.0014,0,0
2952,50597,6.95,2,false,18,915,912,3,0,0,913,35,1.5552,0.0014,0,0
2953,50604,6.858,2,false,18,915,913,2,0,0,913,35,2.3478,0.0016,0,0
2954,50611,6.887,2,false,18,916,913,3,0,0,913,35,2.3478,0.0016,0,0
2955,50618,6.948,2,false,18,916,913,3,0,0,913,35,2.3478,0.0016,0,0
2956,50625,6.857,2,false,18,916,914,2,0,0,914,35,1.5302,0.0015,0,0
2957,50631,6.918,2,false,18,917,914,3,0,0,914,35,1.5302,0.0015,0,0
2958,50638,6.886,2,false,18,917,914,3,0,0,915,35,1.5302,0.0015,0,0
2959,50645,6.896,2,false,18,917,915,2,0,0,915,35,2.5626,0.0013,0,0
2960,50652,6.936,2,false,18,918,915,3,0,0,915,35,2.5626,0.0013,0,0
2961,50659,6.87,2,false,18,918,915,3,0,0,916,35,2.5626,0.0013,0,0
2962,50666,6.925,2,false,18,918,916,2,0,0,916,35,2.0614,0.0017,0,0
2963,50673,6.864,2,false,18,919,916,3,0,0,916,35,2.0614,0.0017,0,0
2964,50680,6.917,2,false,18,919,916,3,0,0,917,35,2.0614,0.0017,0,0
2965,50687,6.942,2,false,18,919,917,2,0,0,917,35,1.7203,0.0015,0,0
2966,50694,6.846,2,false,18,920,917,3,0,0,917,35,1.7203,0.0015,0,0
2967,50701,6.958,2,false,18,920,917,3,0,0,917,35,1.7203,0.0015,0,0
2968,50707,6.842,2,false,18,920,917,3,0,0,918,35,1.7203,0.0015,0,0
2969,50715,7.037,2,false,18,921,918,3,0,0,918,35,2.2929,0.0091,0,0
2970,50721,6.769,2,false,18,921,918,3,0,0,918,35,2.2929,0.0091,0,0
2971,50728,6.902,2,false,18,921,918,3,0,0,918,35,2.2929,0.0091,0,0
2972,50737,8.374,2,false,18,922,919,3,0,0,919,35,1.4985,0.0011,0,0
2973,50865,127.427,2,false,18,922,921,1,0,0,921,35,2.7186,0.0026,0,0
2974,50880,16.1,2,false,18,924,921,3,0,0,921,35,3.049,0.0023,0,0
2975,50890,9.478,2,false,18,925,921,4,0,0,921,35,3.049,0.0023,0,0
2976,50897,7.326,2,false,18,926,921,5,0,0,921,35,3.049,0.0023,0,0
2977,50898,1.573,2,false,18,926,921,5,0,0,921,35,3.049,0.0023,0,0
2978,50904,5.343,2,false,18,926,921,5,0,0,922,35,1.7319,0.0015,0,0
2979,50911,6.953,2,false,18,926,922,4,0,0,922,35,1.7319,0.0015,0,0
2980,50918,6.845,2,false,18,926,922,4,0,0,922,35,1.7319,0.0015,0,0
2981,50925,6.89,2,false,18,927,922,5,0,0,923,35,1.7319,0.0015,0,0
2982,50932,6.944,2,false,18,927,923,4,0,0,923,35,2.9547,0.0016,0,0
2983,50938,6.868,2,false,18,927,923,4,0,0,923,35,2.9547,0.0016,0,0
2984,50946,7.74,2,false,18,928,923,5,0,0,923,35,2.9547,0.0016,0,0
2985,50952,6.076,2,false,18,928,923,5,0,0,924,35,1.7363,0.0013,0,0
2986,50959,6.875,2,false,18,928,924,4,0,0,924,35,1.7363,0.0013,0,0
2987,50966,6.908,2,false,18,928,924,4,0,0,924,35,1.7363,0.0013,0,0
2988,50974,7.609,2,false,18,929,924,5,0,0,924,35,1.7363,0.0013,0,0
2989,50980,6.181,2,false,18,929,925,4,0,0,925,35,1.8055,0.0017,0,0
2990,50987,6.916,2,false,18,929,925,4,0,0,925,35,1.8055,0.0017,0,0
2991,50995,8.66,2,false,18,930,925,5,0,0,925,35,1.8055,0.0017,0,0
2992,51001,5.129,2,false,18,930,925,5,0,0,925,35,1.8055,0.0017,0,0
2993,51007,6.934,2,false,18,930,925,5,0,0,926,35,1.8055,0.0017,0,0
2994,51016,8.659,2,false,18,931,926,5,0,0,926,35,2.5549,0.0019,0,0
2995,51021,5.106,2,false,18,931,926,5,0,0,926,35,2.5549,0.0019,0,0
2996,51028,6.998,2,false,18,931,926,5,0,0,926,35,2.5549,0.0019,0,0
2997,51037,8.477,2,false,18,932,926,6,0,0,926,35,2.5549,0.0019,0,0
2998,51042,5.261,2,false,18,932,926,6,0,0,927,35,2.5549,0.0019,0,0
2999,51049,6.867,2,false,18,932,927,5,0,0,927,35,2.7498,0.0019,0,0
3000,51058,9.095,2,false,18,933,927,6,0,0,927,35,2.7498,0.0019,0,0
3001,51063,4.705,2,false,18,933,927,6,0,0,927,35,2.7498,0.0019,0,0
3002,51069,6.889,2,false,18,934,927,7,0,0,927,35,2.7498,0.0019,0,0
3003,51076,6.955,2,false,18,934,927,7,0,0,928,28,2.7056,0.0019,0,0
3004,51083,6.841,2,false,18,934,928,6,0,0,928,25,2.7056,0.0019,0,0
3005,51090,6.971,2,false,18,934,928,6,0,0,928,25,2.7056,0.0019,0,0
3006,51097,6.846,2,false,18,934,928,6,0,0,928,25,2.7056,0.0019,0,0
3007,51104,6.898,2,false,18,935,928,7,0,0,929,25,1.5213,0.0018,0,0
3008,51112,8.257,2,false,18,935,929,6,0,0,929,25,1.5213,0.0018,0,0
3009,51118,5.538,2,false,18,935,929,6,0,0,929,25,1.5213,0.0018,0,0
3010,51125,6.946,2,false,18,935,929,6,0,0,929,25,1.5213,0.0018,0,0
3011,51134,9.005,2,false,18,936,930,6,0,0,930,25,2.9035,0.0023,0,0
3012,51138,4.779,2,false,18,936,930,6,0,0,930,25,2.9035,0.0023,0,0
3013,51145,6.874,2,false,18,936,930,6,0,0,930,25,2.9035,0.0023,0,0
3014,51152,6.898,2,false,18,937,930,7,0,0,930,25,2.9035,0.0023,0,0
3015,51159,6.956,2,false,18,937,930,7,0,0,931,27,2.9035,0.0023,0,0
3016,51166,6.844,2,false,18,937,931,6,0,0,931,27,3.8804,0.0025,0,0
3017,51174,7.569,2,false,18,937,931,6,0,0,931,24,3.8804,0.0025,0,0
3018,51180,6.239,2,false,18,937,931,6,0,0,931,24,3.8804,0.0025,0,0
3019,51187,6.902,2,false,18,937,931,6,0,0,931,24,3.8804,0.0025,0,0
3020,51194,6.942,2,false,18,938,931,7,0,0,932,24,2.759,0.0022,0,0
3021,51202,8.726,2,false,18,938,932,6,0,0,932,26,2.759,0.0022,0,0
3022,51208,5.072,2,false,18,938,932,6,0,0,932,26,2.759,0.0022,0,0
3023,51215,6.849,2,false,18,938,932,6,0,0,932,26,2.759,0.0022,0,0
3024,51221,6.976,2,false,18,939,932,7,0,0,933,26,3.0885,0.0028,0,0
3025,51231,9.333,2,false,18,939,933,6,0,0,933,33,3.0885,0.0028,0,0
3026,51235,4.388,2,false,18,939,933,6,0,0,933,33,3.0885,0.0028,0,0
3027,51242,6.937,2,false,18,939,933,6,0,0,933,33,3.0885,0.0028,0,0
3028,51249,6.86,2,false,18,940,934,6,0,0,934,33,3.2717,0.0035,0,0
3029,51256,6.936,2,false,18,940,934,6,0,0,934,25,3.2717,0.0035,0,0
3030,51263,6.98,2,false,18,940,934,6,0,0,934,25,3.2717,0.0035,0,0
3031,51270,6.795,2,false,18,941,934,7,0,0,934,25,3.2717,0.0035,0,0
3032,51277,6.971,2,false,18,941,934,7,0,0,934,35,3.2717,0.0035,0,0
3033,51283,6.832,2,false,18,941,934,7,0,0,935,30,2.0954,0.0025,0,0
3034,51294,10.495,2,false,18,941,935,6,0,0,935,36,2.0954,0.0025,0,0
3035,51297,3.292,2,false,18,941,935,6,0,0,935,36,2.0954,0.0025,0,0
3036,51304,6.938,2,false,18,941,935,6,0,0,935,36,2.0954,0.0025,0,0
3037,51311,6.878,2,false,18,942,935,7,0,0,936,36,1.7991,0.0015,0,0
3038,51318,6.878,2,false,18,942,936,6,0,0,936,25,1.7991,0.0015,0,0
3039,51325,6.95,2,false,18,942,936,6,0,0,936,25,1.7991,0.0015,0,0
3040,51332,6.866,2,false,18,942,936,6,0,0,936,25,1.7991,0.0015,0,0
3041,51339,6.927,2,false,18,943,936,7,0,0,937,25,1.7991,0.0015,0,0
3042,51347,8.908,2,false,18,943,937,6,0,0,937,27,2.629,0.0021,0,0
3043,51352,4.863,2,false,18,943,937,6,0,0,937,27,2.629,0.0021,0,0
3044,51359,6.948,2,false,18,943,937,6,0,0,937,27,2.629,0.0021,0,0
3045,51368,8.864,2,false,18,944,938,6,0,0,938,27,2.0147,0.0017,0,0
3046,51373,4.929,2,false,18,944,938,6,0,0,938,27,2.0147,0.0017,0,0
3047,51380,6.851,2,false,18,944,938,6,0,0,938,27,2.0147,0.0017,0,0
3048,51387,6.947,2,false,18,945,938,7,0,0,939,27,2.0147,0.0017,0,0
3049,51394,6.846,2,false,18,945,939,6,0,0,939,26,3.9606,0.0029,0,0
3050,51401,6.922,2,false,18,945,939,6,0,0,939,26,3.9606,0.0029,0,0
3051,51408,6.944,2,false,18,945,939,6,0,0,939,26,3.9606,0.0029,0,0
3052,51414,6.846,2,false,18,946,939,7,0,0,940,26,3.9606,0.0029,0,0
3053,51421,6.923,2,false,18,946,940,6,0,0,940,25,1.6382,0.0022,0,0
3054,51428,6.879,2,false,18,946,940,6,0,0,940,25,1.6382,0.0022,0,0
3055,51435,6.902,2,false,18,946,940,6,0,0,940,25,1.6382,0.0022,0,0
3056,51442,6.943,2,false,18,947,940,7,0,0,940,25,1.6382,0.0022,0,0
3057,51449,6.841,2,false,18,947,940,7,0,0,941,28,2.579,0.0017,0,0
3058,51456,6.938,2,false,18,947,941,6,0,0,941,15,2.579,0.0017,0,0
3059,51463,6.883,2,false,18,947,941,6,0,0,941,15,2.579,0.0017,0,0
3060,51470,6.925,2,false,18,947,941,6,0,0,941,15,2.579,0.0017,0,0
3061,51477,6.865,2,false,18,948,941,7,0,0,942,15,2.7106,0.002,0,0
3062,51483,6.896,2,false,18,948,942,6,0,0,942,19,2.7106,0.002,0,0
3063,51491,6.964,2,false,18,948,942,6,0,0,942,19,2.7106,0.002,0,0
3064,51506,15.462,2,false,18,949,943,6,0,0,943,19,2.0569,0.0016,0,0
3065,51507,1.314,2,false,18,949,943,6,0,0,943,19,2.0569,0.0016,0,0
3066,51513,5.618,2,false,18,949,943,6,0,0,943,19,2.0569,0.0016,0,0
3067,51520,6.954,2,false,18,950,943,7,0,0,943,19,2.0569,0.0016,0,0
3068,51526,6.817,2,false,18,950,944,6,0,0,944,30,1.8072,0.0012,0,0
3069,51534,6.918,2,false,18,950,944,6,0,0,944,30,1.8072,0.0012,0,0
3070,51540,6.906,2,false,18,950,944,6,0,0,944,30,1.8072,0.0012,0,0
3071,51547,6.891,2,false,18,951,944,7,0,0,945,30,1.6178,0.0018,0,0
3072,51554,6.92,2,false,18,951,945,6,0,0,945,19,1.6178,0.0018,0,0
3073,51561,6.871,2,false,18,951,945,6,0,0,945,19,1.6178,0.0018,0,0
3074,51568,6.952,2,false,18,951,945,6,0,0,946,19,1.6156,0.0016,0,0
3075,51575,6.843,2,false,18,952,946,6,0,0,946,19,1.6156,0.0016,0,0
3076,51582,6.91,2,false,18,952,946,6,0,0,946,19,1.6156,0.0016,0,0
3077,51589,7.015,2,false,18,953,946,7,0,0,947,19,1.6156,0.0016,0,0
3078,51595,6.775,2,false,18,953,947,6,0,0,947,24,3.9384,0.0019,0,0
3079,51603,6.949,2,false,18,953,947,6,0,0,947,18,3.9384,0.0019,0,0
3080,51609,6.863,2,false,18,953,947,6,0,0,947,18,3.9384,0.0019,0,0
3081,51616,6.934,2,false,18,953,947,6,0,0,947,18,3.9384,0.0019,0,0
3082,51623,6.859,2,false,18,954,948,6,0,0,948,18,3.0731,0.0023,0,0
3083,51631,7.792,2,false,18,954,948,6,0,0,948,26,3.0731,0.0023,0,0
3084,51637,6.059,2,false,18,954,948,6,0,0,948,26,3.0731,0.0023,0,0
3085,51644,6.839,2,false,18,954,948,6,0,0,948,26,3.0731,0.0023,0,0
3086,51653,8.917,2,false,18,955,949,6,0,0,949,26,1.6137,0.0013,0,0
3087,51658,4.897,2,false,18,955,949,6,0,0,949,26,1.6137,0.0013,0,0
3088,51665,6.946,2,false,18,955,949,6,0,0,949,26,1.6137,0.0013,0,0
3089,51672,6.888,2,false,18,956,949,7,0,0,949,26,1.6137,0.0013,0,0
3090,51678,6.861,2,false,18,956,949,7,0,0,950,21,1.6079,0.0012,0,0
3091,51686,7.454,2,false,18,956,950,6,0,0,950,27,1.6079,0.0012,0,0
3092,51692,6.346,2,false,18,956,950,6,0,0,950,27,1.6079,0.0012,0,0
3093,51699,6.958,2,false,18,956,950,6,0,0,951,27,1.6276,0.0015,0,0
3094,51706,7.053,2,false,18,957,951,6,0,0,951,27,1.6276,0.0015,0,0
3095,51713,6.763,2,false,18,957,951,6,0,0,951,27,1.6276,0.0015,0,0
3096,51720,6.824,2,false,18,958,951,7,0,0,951,27,1.6276,0.0015,0,0
3097,51727,6.899,2,false,18,958,951,7,0,0,952,21,1.6014,0.001,0,0
3098,51733,6.925,2,false,18,958,952,6,0,0,952,16,1.6014,0.001,0,0
3099,51741,6.88,2,false,18,958,952,6,0,0,952,16,1.6014,0.001,0,0
3100,51748,6.954,2,false,18,958,952,6,0,0,953,16,1.7476,0.0015,0,0
3101,51754,6.833,2,false,18,959,953,6,0,0,953,16,1.7476,0.0015,0,0
3102,51761,6.954,2,false,18,959,953,6,0,0,953,16,1.7476,0.0015,0,0
3103,51768,6.865,2,false,18,959,953,6,0,0,953,16,1.7476,0.0015,0,0
3104,51775,6.9,2,false,18,960,954,6,0,0,954,16,1.9954,0.0019,0,0
3105,51782,6.948,2,false,18,960,954,6,0,0,954,16,1.9954,0.0019,0,0
3106,51789,6.844,2,false,18,960,954,6,0,0,954,16,1.9954,0.0019,0,0
3107,51796,6.928,2,false,18,961,954,7,0,0,955,16,2.4963,0.0013,0,0
3108,51802,6.86,2,false,18,961,955,6,0,0,955,18,2.4963,0.0013,0,0
3109,51809,6.951,2,false,18,961,955,6,0,0,955,18,2.4963,0.0013,0,0
3110,51816,6.856,2,false,18,961,955,6,0,0,955,18,2.4963,0.0013,0,0
3111,51823,6.906,2,false,18,962,955,7,0,0,956,18,2.8898,0.0021,0,0
3112,51832,8.719,2,false,18,962,956,6,0,0,956,22,2.8898,0.0021,0,0
3113,51837,5.08,2,false,18,962,956,6,0,0,956,22,2.8898,0.0021,0,0
3114,51844,6.943,2,false,18,962,956,6,0,0,956,22,2.8898,0.0021,0,0
3115,51851,6.847,2,false,18,963,956,7,0,0,956,22,2.8898,0.0021,0,0
3116,51858,6.899,2,false,18,963,957,6,0,0,957,18,2.7305,0.0021,0,0
3117,51865,6.941,2,false,18,963,957,6,0,0,957,16,2.7305,0.0021,0,0
3118,51872,6.877,2,false,18,963,957,6,0,0,957,16,2.7305,0.0021,0,0
3119,51879,6.95,2,false,18,963,957,6,0,0,957,16,2.7305,0.0021,0,0
3120,51886,6.849,2,false,18,964,957,7,0,0,958,16,2.002,0.0019,0,0
3121,51894,8.641,2,false,18,964,958,6,0,0,958,26,2.002,0.0019,0,0
3122,51899,5.154,2,false,18,964,958,6,0,0,958,26,2.002,0.0019,0,0
3123,51906,6.896,2,false,18,965,958,7,0,0,958,26,2.002,0.0019,0,0
3124,51913,6.943,2,false,18,965,958,7,0,0,959,29,1.715,0.0012,0,0
3125,51921,8.073,2,false,18,965,959,6,0,0,959,20,1.715,0.0012,0,0
3126,51927,5.733,2,false,18,965,959,6,0,0,959,20,1.715,0.0012,0,0
3127,51934,6.858,2,false,18,965,959,6,0,0,959,20,1.715,0.0012,0,0
3128,51940,6.897,2,false,18,966,959,7,0,0,960,20,1.7059,0.0014,0,0
3129,51948,7.627,2,false,18,966,960,6,0,0,960,17,1.7059,0.0014,0,0
3130,51954,6.164,2,false,18,966,960,6,0,0,960,17,1.7059,0.0014,0,0
3131,51961,6.956,2,false,18,966,960,6,0,0,961,17,2.7309,0.0021,0,0
3132,51968,6.847,2,false,18,967,961,6,0,0,961,17,2.7309,0.0021,0,0
3133,51975,6.955,2,false,18,967,961,6,0,0,961,17,2.7309,0.0021,0,0
3134,51982,6.852,2,false,18,967,961,6,0,0,961,17,2.7309,0.0021,0,0
3135,51989,6.901,2,false,18,968,961,7,0,0,962,17,2.5023,0.003,0,0
3136,51996,6.92,2,false,18,968,962,6,0,0,962,23,2.5023,0.003,0,0
3137,52003,6.884,2,false,18,968,962,6,0,0,962,23,2.5023,0.003,0,0
3138,52010,6.965,2,false,18,968,962,6,0,0,962,23,2.5023,0.003,0,0
3139,52017,6.832,2,false,18,969,962,7,0,0,962,23,2.5023,0.003,0,0
3140,52024,6.903,2,false,18,969,963,6,0,0,963,28,4.8552,0.0024,0,0
3141,52031,7.745,2,false,18,969,963,6,0,0,963,32,4.8552,0.0024,0,0
3142,52037,6.052,2,false,18,969,963,6,0,0,963,32,4.8552,0.0024,0,0
3143,52044,6.951,2,false,18,969,963,6,0,0,963,32,4.8552,0.0024,0,0
3144,52051,6.843,2,false,18,970,963,7,0,0,963,32,4.8552,0.0024,0,0
3145,52058,6.959,2,false,18,970,963,7,0,0,964,29,2.9285,0.0022,0,0
3146,52066,8.179,2,false,18,970,964,6,0,0,964,27,2.9285,0.0022,0,0
3147,52072,5.563,2,false,18,970,964,6,0,0,964,27,2.9285,0.0022,0,0
3148,52079,6.944,2,false,18,970,964,6,0,0,964,27,2.9285,0.0022,0,0
3149,52086,6.864,2,false,18,971,964,7,0,0,965,27,2.9285,0.0022,0,0
3150,52093,7.834,2,false,18,971,965,6,0,0,965,32,2.9536,0.0032,0,0
3151,52099,5.96,2,false,18,971,965,6,0,0,965,32,2.9536,0.0032,0,0
3152,52106,6.9,2,false,18,971,965,6,0,0,965,32,2.9536,0.0032,0,0
3153,52113,7.048,2,false,18,972,965,7,0,0,965,32,2.9536,0.0032,0,0
3154,52120,6.752,2,false,18,972,965,7,0,0,966,26,2.9536,0.0032,0,0
3155,52128,8.238,2,false,18,972,966,6,0,0,966,28,2.69,0.0018,0,0
3156,52134,5.562,2,false,18,972,966,6,0,0,966,28,2.69,0.0018,0,0
3157,52141,6.924,2,false,18,972,966,6,0,0,966,28,2.69,0.0018,0,0
3158,52148,6.876,2,false,18,973,966,7,0,0,966,28,2.69,0.0018,0,0
3159,52155,6.897,2,false,18,973,966,7,0,0,967,38,2.7404,0.0019,0,0
3160,52164,9.568,2,false,18,973,967,6,0,0,967,24,2.7404,0.0019,0,0
3161,52168,4.226,2,false,18,973,967,6,0,0,967,24,2.7404,0.0019,0,0
3162,52175,6.94,2,false,18,974,967,7,0,0,967,24,2.7404,0.0019,0,0
3163,52182,6.878,2,false,18,974,967,7,0,0,968,26,2.7404,0.0019,0,0
3164,52191,8.597,2,false,18,974,968,6,0,0,968,28,2.7549,0.0022,0,0
3165,52196,5.224,2,false,18,974,968,6,0,0,968,28,2.7549,0.0022,0,0
3166,52203,6.86,2,false,18,974,968,6,0,0,968,28,2.7549,0.0022,0,0
3167,52210,6.941,2,false,18,975,968,7,0,0,968,28,2.7549,0.0022,0,0
3168,52217,6.875,2,false,18,975,968,7,0,0,969,27,1.809,0.0016,0,0
3169,52225,8.577,2,false,18,975,969,6,0,0,969,41,1.809,0.0016,0,0
3170,52230,5.204,2,false,18,975,969,6,0,0,969,41,1.809,0.0016,0,0
3171,52237,6.903,2,false,18,975,969,6,0,0,969,41,1.809,0.0016,0,0
3172,52244,6.951,2,false,18,976,969,7,0,0,969,41,1.809,0.0016,0,0
3173,52352,107.798,2,false,18,976,970,6,0,0,973,27,2.7147,0.0022,0,0
3174,52363,11.508,2,false,18,979,973,6,0,0,973,27,2.7147,0.0022,0,0
3175,52365,1.604,2,false,18,980,973,7,0,0,973,27,2.7147,0.0022,0,0
3176,52370,5.275,2,false,18,980,973,7,0,0,974,16,2.7147,0.0022,0,0
3177,52377,6.902,2,false,18,980,974,6,0,0,974,16,2.1497,0.0017,0,0
3178,52384,6.928,2,false,18,981,974,7,0,0,974,16,2.1497,0.0017,0,0
3179,52391,6.873,2,false,18,981,974,7,0,0,974,17,2.1497,0.0017,0,0
3180,52398,6.888,2,false,18,981,974,7,0,0,974,24,2.1497,0.0017,0,0
3181,52405,6.946,2,false,18,981,974,7,0,0,975,27,1.8945,0.0012,0,0
3182,52412,6.866,2,false,18,981,975,6,0,0,975,15,1.8945,0.0012,0,0
3183,52419,6.901,2,false,18,981,975,6,0,0,975,15,1.8945,0.0012,0,0
3184,52426,6.942,2,false,18,981,975,6,0,0,976,15,1.5925,0.0015,0,0
3185,52433,6.865,2,false,18,981,976,5,0,0,976,15,1.5925,0.0015,0,0
3186,52439,6.918,2,false,18,982,976,6,0,0,976,15,1.5925,0.0015,0,0
3187,52446,6.878,2,false,18,982,976,6,0,0,977,15,1.5783,0.0014,0,0
3188,52453,6.893,2,false,18,982,977,5,0,0,977,15,1.5783,0.0014,0,0
3189,52460,6.928,2,false,18,983,977,6,0,0,977,15,1.5783,0.0014,0,0
3190,52467,6.872,2,false,18,983,978,5,0,0,978,15,1.4716,0.0014,0,0
3191,52474,7.444,2,false,18,984,978,6,0,0,978,15,1.4716,0.0014,0,0
3192,52481,6.347,2,false,18,984,978,6,0,0,979,15,1.4716,0.0014,0,0
3193,52488,6.909,2,false,18,984,979,5,0,0,979,15,2.2494,0.0011,0,0
3194,52494,6.923,2,false,18,985,979,6,0,0,979,15,2.2494,0.0011,0,0
3195,52501,6.876,2,false,18,985,979,6,0,0,980,15,2.2494,0.0011,0,0
3196,52508,6.938,2,false,18,985,980,5,0,0,980,15,1.6316,0.0013,0,0
3197,52515,6.86,2,false,18,986,980,6,0,0,980,15,1.6316,0.0013,0,0
3198,52522,6.943,2,false,18,986,980,6,0,0,981,15,1.5697,0.0013,0,0
3199,52529,6.862,2,false,18,986,981,5,0,0,981,15,1.5697,0.0013,0,0
3200,52536,6.898,2,false,18,987,981,6,0,0,981,15,1.5697,0.0013,0,0
3201,52543,6.917,2,false,18,987,981,6,0,0,982,15,1.4473,0.0009,0,0
3202,52550,7.085,2,false,18,987,982,5,0,0,982,15,1.4473,0.0009,0,0
3203,52557,6.726,2,false,18,988,982,6,0,0,982,15,1.4473,0.0009,0,0
3204,52564,6.875,2,false,18,988,982,6,0,0,983,15,1.4687,0.0012,0,0
3205,52636,72.11,2,false,18,988,986,2,0,0,986,15,1.7923,0.0013,0,0
3206,52647,11.731,2,false,18,991,987,4,0,0,987,15,2.3658,0.001,0,0
3207,52652,4.892,2,false,18,992,987,5,0,0,987,15,2.3658,0.001,0,0
3208,52654,1.977,2,false,18,992,987,5,0,0,987,15,2.3658,0.001,0,0
3209,52661,6.903,2,false,18,992,987,5,0,0,987,15,2.3658,0.001,0,0
3210,52668,6.925,2,false,18,993,988,5,0,0,988,15,1.5633,0.0012,0,0
3211,52675,6.882,2,false,18,993,988,5,0,0,988,15,1.5633,0.0012,0,0
3212,52682,6.899,2,false,18,993,988,5,0,0,988,15,1.5633,0.0012,0,0
3213,52689,6.92,2,false,18,994,989,5,0,0,989,15,1.847,0.0012,0,0
3214,52696,6.878,2,false,18,994,989,5,0,0,989,15,1.847,0.0012,0,0
3215,52703,6.903,2,false,18,994,989,5,0,0,989,15,1.847,0.0012,0,0
3216,52709,6.922,2,false,18,994,990,4,0,0,990,15,1.5504,0.0012,0,0
3217,52716,6.874,2,false,18,995,990,5,0,0,990,15,1.5504,0.0012,0,0
3218,52723,6.931,2,false,18,995,990,5,0,0,991,15,1.5504,0.0012,0,0
3219,52730,6.87,2,false,18,995,991,4,0,0,991,15,1.4916,0.001,0,0
3220,52737,6.901,2,false,18,996,991,5,0,0,991,15,1.4916,0.001,0,0
3221,52744,6.922,2,false,18,996,991,5,0,0,992,15,1.4916,0.001,0,0
3222,52751,6.885,2,false,18,996,992,4,0,0,992,15,1.5501,0.0014,0,0
3223,52758,6.913,2,false,18,997,992,5,0,0,992,15,1.5501,0.0014,0,0
3224,52765,6.891,2,false,18,997,992,5,0,0,993,15,1.5501,0.0014,0,0
3225,52772,6.926,2,false,18,997,993,4,0,0,993,15,1.6505,0.0013,0,0
3226,52778,6.858,2,false,18,998,993,5,0,0,993,15,1.6505,0.0013,0,0
3227,52785,6.905,2,false,18,998,993,5,0,0,994,15,1.5781,0.0013,0,0
3228,52792,6.929,2,false,18,999,994,5,0,0,994,15,1.5781,0.0013,0,0
3229,52799,6.88,2,false,18,999,994,5,0,0,994,15,1.5781,0.0013,0,0
3230,52806,6.936,2,false,18,999,994,5,0,0,995,15,2.5759,0.0015,0,0
3231,52813,6.852,2,false,18,1000,995,5,0,0,995,15,2.5759,0.0015,0,0
3232,52820,6.909,2,false,18,1000,995,5,0,0,995,15,2.5759,0.0015,0,0
3233,52827,6.936,2,false,18,1000,995,5,0,0,996,15,2.5759,0.0015,0,0
3234,52834,6.852,2,false,18,1001,996,5,0,0,996,15,1.8478,0.0016,0,0
3235,52841,6.947,2,false,18,1001,996,5,0,0,996,15,1.8478,0.0016,0,0
3236,52847,6.857,2,false,18,1001,996,5,0,0,997,15,1.8478,0.0016,0,0
3237,52854,6.931,2,false,18,1002,997,5,0,0,997,15,1.522,0.001,0,0
3238,52861,6.877,2,false,18,1002,997,5,0,0,997,15,1.522,0.001,0,0
3239,52868,6.89,2,false,18,1002,997,5,0,0,998,15,1.5142,0.0012,0,0
3240,52875,6.94,2,false,18,1003,998,5,0,0,998,15,1.5142,0.0012,0,0
3241,52882,6.87,2,false,18,1003,998,5,0,0,998,15,1.5142,0.0012,0,0
3242,52889,6.933,2,false,18,1003,998,5,0,0,999,15,1.6532,0.0021,0,0
3243,52898,9.565,2,false,18,1004,999,5,0,0,999,15,1.6532,0.0021,0,0
3244,52903,4.208,2,false,18,1004,999,5,0,0,999,15,1.6532,0.0021,0,0
3245,52910,6.927,2,false,18,1004,999,5,0,0,1000,15,1.6181,0.0013,0,0
3246,52916,6.854,2,false,18,1005,1000,5,0,0,1000,15,1.6181,0.0013,0,0
3247,52923,6.952,2,false,18,1005,1000,5,0,0,1000,15,1.6181,0.0013,0,0
3248,52930,6.853,2,false,18,1006,1000,6,0,0,1001,15,1.6181,0.0013,0,0
3249,52937,6.95,2,false,18,1006,1001,5,0,0,1001,15,1.9193,0.002,0,0
3250,52944,6.862,2,false,18,1006,1001,5,0,0,1001,15,1.9193,0.002,0,0
3251,52951,6.882,2,false,18,1007,1002,5,0,0,1002,15,1.5117,0.0011,0,0
3252,52958,6.94,2,false,18,1007,1002,5,0,0,1002,15,1.5117,0.0011,0,0
3253,52965,6.874,2,false,18,1007,1002,5,0,0,1002,15,1.5117,0.0011,0,0
3254,52972,6.916,2,false,18,1008,1002,6,0,0,1003,15,2.3247,0.0012,0,0
3255,52979,6.872,2,false,18,1008,1003,5,0,0,1003,15,2.3247,0.0012,0,0
3256,52985,6.906,2,false,18,1008,1003,5,0,0,1003,15,2.3247,0.0012,0,0
3257,52992,6.949,2,false,18,1009,1003,6,0,0,1004,15,2.3247,0.0012,0,0
3258,52999,6.85,2,false,18,1009,1004,5,0,0,1004,15,1.6997,0.0013,0,0
3259,53006,6.929,2,false,18,1009,1004,5,0,0,1004,15,1.6997,0.0013,0,0
3260,53013,6.889,2,false,18,1010,1004,6,0,0,1005,15,1.572,0.0013,0,0
3261,53020,6.929,2,false,18,1010,1005,5,0,0,1005,15,1.572,0.0013,0,0
3262,53027,6.864,2,false,18,1010,1005,5,0,0,1005,15,1.572,0.0013,0,0
3263,53034,6.887,2,false,18,1011,1005,6,0,0,1006,15,1.5054,0.0011,0,0
3264,53041,6.964,2,false,18,1011,1006,5,0,0,1006,15,1.5054,0.0011,0,0
3265,53048,6.839,2,false,18,1011,1006,5,0,0,1006,15,1.5054,0.0011,0,0
3266,53054,6.949,2,false,18,1012,1007,5,0,0,1007,15,1.4848,0.0011,0,0
3267,53061,6.861,2,false,18,1012,1007,5,0,0,1007,15,1.4848,0.0011,0,0
3268,53068,6.885,2,false,18,1012,1007,5,0,0,1007,15,1.4848,0.0011,0,0
3269,53075,6.923,2,false,18,1013,1008,5,0,0,1008,15,1.6842,0.0012,0,0
3270,53082,6.884,2,false,18,1013,1008,5,0,0,1008,15,1.6842,0.0012,0,0
3271,53089,6.951,2,false,18,1014,1008,6,0,0,1008,15,1.6842,0.0012,0,0
3272,53096,6.843,2,false,18,1014,1008,6,0,0,1009,15,1.5149,0.001,0,0
3273,53103,6.929,2,false,18,1014,1009,5,0,0,1009,15,1.5149,0.001,0,0
3274,53110,6.866,2,false,18,1015,1009,6,0,0,1010,15,1.5149,0.001,0,0
3275,53117,7.389,2,false,18,1015,1010,5,0,0,1010,15,1.492,0.0013,0,0
3276,53123,6.459,2,false,18,1015,1010,5,0,0,1010,15,1.492,0.0013,0,0
3277,53130,6.855,2,false,18,1016,1010,6,0,0,1011,15,1.492,0.0013,0,0
3278,53137,6.929,2,false,18,1016,1011,5,0,0,1011,15,2.3076,0.0011,0,0
3279,53144,6.876,2,false,18,1016,1011,5,0,0,1011,15,2.3076,0.0011,0,0
3280,53151,6.896,2,false,18,1017,1012,5,0,0,1012,15,1.6361,0.0012,0,0
3281,53158,6.958,2,false,18,1017,1012,5,0,0,1012,15,1.6361,0.0012,0,0
3282,53165,6.846,2,false,18,1017,1012,5,0,0,1012,15,1.6361,0.0012,0,0
3283,53172,6.923,2,false,18,1018,1013,5,0,0,1013,15,1.4312,0.001,0,0
3284,53179,6.875,2,false,18,1018,1013,5,0,0,1013,15,1.4312,0.001,0,0
3285,53186,6.936,2,false,18,1018,1013,5,0,0,1013,15,1.4312,0.001,0,0
3286,53192,6.859,2,false,18,1019,1014,5,0,0,1014,15,1.7391,0.0015,0,0
3287,53199,6.912,2,false,18,1019,1014,5,0,0,1014,15,1.7391,0.0015,0,0
3288,53206,6.914,2,false,18,1019,1014,5,0,0,1015,15,1.7391,0.0015,0,0
3289,53213,7.106,2,false,18,1020,1015,5,0,0,1015,15,1.4709,0.0013,0,0
3290,53220,6.707,2,false,18,1020,1015,5,0,0,1015,15,1.4709,0.0013,0,0
3291,53227,6.872,2,false,18,1020,1015,5,0,0,1016,15,1.4709,0.0013,0,0
3292,53234,6.891,2,false,18,1021,1016,5,0,0,1016,15,1.7599,0.0017,0,0
3293,53241,6.966,2,false,18,1021,1016,5,0,0,1016,15,1.7599,0.0017,0,0
3294,53248,6.847,2,false,18,1021,1016,5,0,0,1017,15,1.7599,0.0017,0,0
3295,53255,6.916,2,false,18,1022,1017,5,0,0,1017,15,1.8567,0.0016,0,0
3296,53261,6.884,2,false,18,1022,1017,5,0,0,1017,15,1.8567,0.0016,0,0
3297,53268,6.92,2,false,18,1023,1017,6,0,0,1018,15,1.8567,0.0016,0,0
3298,53275,6.883,2,false,18,1023,1018,5,0,0,1018,15,1.8021,0.0012,0,0
3299,53282,6.903,2,false,18,1023,1018,5,0,0,1018,15,1.8021,0.0012,0,0
3300,53289,6.935,2,false,18,1024,1018,6,0,0,1019,15,1.8021,0.0012,0,0
3301,53296,6.857,2,false,18,1024,1019,5,0,0,1019,15,2.9741,0.0012,0,0
3302,53303,6.97,2,false,18,1024,1019,5,0,0,1019,15,2.9741,0.0012,0,0
3303,53310,6.821,2,false,18,1025,1019,6,0,0,1019,15,2.9741,0.0012,0,0
3304,53317,6.914,2,false,18,1025,1019,6,0,0,1020,15,1.7791,0.0013,0,0
3305,53324,6.949,2,false,18,1025,1020,5,0,0,1020,15,1.7791,0.0013,0,0
3306,53331,6.904,2,false,18,1026,1020,6,0,0,1020,15,1.7791,0.0013,0,0
3307,53338,6.913,2,false,18,1026,1020,6,0,0,1020,15,1.7791,0.0013,0,0
3308,53344,6.85,2,false,18,1026,1020,6,0,0,1021,15,1.712,0.001,0,0
3309,53351,6.948,2,false,18,1027,1021,6,0,0,1021,15,1.712,0.001,0,0
3310,53358,6.834,2,false,18,1027,1021,6,0,0,1021,15,1.712,0.001,0,0
3311,53365,6.89,2,false,18,1027,1021,6,0,0,1022,15,1.544,0.0011,0,0
3312,53372,6.919,2,false,18,1028,1022,6,0,0,1022,15,1.544,0.0011,0,0
3313,53379,6.893,2,false,18,1028,1022,6,0,0,1022,15,1.544,0.0011,0,0
3314,53386,6.918,2,false,18,1028,1022,6,0,0,1023,15,1.544,0.0011,0,0
3315,53392,6.863,2,false,18,1029,1023,6,0,0,1023,15,1.5113,0.001,0,0
3316,53399,6.915,2,false,18,1029,1023,6,0,0,1023,15,1.5113,0.001,0,0
3317,53406,6.929,2,false,18,1029,1023,6,0,0,1024,15,1.4824,0.0009,0,0
3318,53413,6.865,2,false,18,1030,1024,6,0,0,1024,15,1.4824,0.0009,0,0
3319,53420,6.934,2,false,18,1030,1024,6,0,0,1024,15,1.4824,0.0009,0,0
3320,53427,6.87,2,false,18,1031,1024,7,0,0,1025,15,1.4824,0.0009,0,0
3321,53434,6.919,2,false,18,1031,1025,6,0,0,1025,27,1.6044,0.0012,0,0
3322,53441,6.889,2,false,18,1031,1025,6,0,0,1025,27,1.6044,0.0012,0,0
3323,53448,6.89,2,false,18,1031,1025,6,0,0,1026,27,1.5058,0.0011,0,0
3324,53455,6.92,2,false,18,1032,1026,6,0,0,1026,27,1.5058,0.0011,0,0
3325,53462,6.884,2,false,18,1032,1026,6,0,0,1026,27,1.5058,0.0011,0,0
3326,53468,6.925,2,false,18,1032,1026,6,0,0,1027,27,2.2667,0.0012,0,0
3327,53475,6.866,2,false,18,1033,1027,6,0,0,1027,27,2.2667,0.0012,0,0
3328,53482,6.905,2,false,18,1033,1027,6,0,0,1027,27,2.2667,0.0012,0,0
3329,53489,6.931,2,false,18,1033,1027,6,0,0,1028,27,1.5278,0.0009,0,0
3330,53496,6.867,2,false,18,1034,1028,6,0,0,1028,27,1.5278,0.0009,0,0
3331,53503,6.923,2,false,18,1034,1028,6,0,0,1028,27,1.5278,0.0009,0,0
3332,53510,6.878,2,false,18,1034,1028,6,0,0,1029,27,1.5822,0.0016,0,0
3333,53517,6.919,2,false,18,1035,1029,6,0,0,1029,27,1.5822,0.0016,0,0
3334,53524,6.893,2,false,18,1035,1029,6,0,0,1029,27,1.5822,0.0016,0,0
3335,53530,6.885,2,false,18,1035,1030,5,0,0,1030,27,1.7243,0.0015,0,0
3336,53538,6.939,2,false,18,1036,1030,6,0,0,1030,27,1.7243,0.0015,0,0
3337,53545,6.87,2,false,18,1036,1030,6,0,0,1031,27,1.7243,0.0015,0,0
3338,53552,7.216,2,false,18,1036,1031,5,0,0,1031,27,1.5075,0.0014,0,0
3339,53558,6.574,2,false,18,1037,1031,6,0,0,1031,27,1.5075,0.0014,0,0
3340,53565,6.897,2,false,18,1037,1031,6,0,0,1032,27,1.4447,0.0011,0,0
3341,53572,6.945,2,false,18,1037,1032,5,0,0,1032,27,1.4447,0.0011,0,0
3342,53579,6.859,2,false,18,1038,1032,6,0,0,1032,27,1.4447,0.0011,0,0
3343,53586,6.932,2,false,18,1038,1032,6,0,0,1033,27,1.5169,0.0011,0,0
3344,53593,6.868,2,false,18,1039,1033,6,0,0,1033,27,1.5169,0.0011,0,0
3345,53600,6.941,2,false,18,1039,1033,6,0,0,1033,27,1.5169,0.0011,0,0
3346,53606,6.868,2,false,18,1039,1033,6,0,0,1034,27,1.696,0.0013,0,0
3347,53613,6.899,2,false,18,1040,1034,6,0,0,1034,27,1.696,0.0013,0,0
3348,53620,6.948,2,false,18,1040,1034,6,0,0,1034,27,1.696,0.0013,0,0
3349,53627,6.876,2,false,18,1040,1034,6,0,0,1035,27,3.056,0.0018,0,0
3350,53634,7.019,2,false,18,1041,1035,6,0,0,1035,27,3.056,0.0018,0,0
3351,53641,6.762,2,false,18,1041,1035,6,0,0,1035,27,3.056,0.0018,0,0
3352,53648,6.901,2,false,18,1041,1035,6,0,0,1036,27,3.056,0.0018,0,0
3353,53659,11.406,2,false,18,1042,1036,6,0,0,1036,27,1.5623,0.0017,0,0
3354,53662,2.372,2,false,18,1042,1036,6,0,0,1036,27,1.5623,0.0017,0,0
3355,53668,6.932,2,false,18,1042,1036,6,0,0,1037,27,1.5623,0.0017,0,0
3356,53675,6.872,2,false,18,1043,1037,6,0,0,1037,27,1.4901,0.0016,0,0
3357,53682,6.956,2,false,18,1043,1037,6,0,0,1037,27,1.4901,0.0016,0,0
3358,53689,6.886,2,false,18,1043,1037,6,0,0,1038,27,1.5719,0.0018,0,0
3359,53696,6.857,2,false,18,1044,1038,6,0,0,1038,27,1.5719,0.0018,0,0
3360,53703,6.939,2,false,18,1044,1038,6,0,0,1038,27,1.5719,0.0018,0,0
3361,53710,6.881,2,false,18,1044,1038,6,0,0,1039,27,1.6224,0.0013,0,0
3362,53718,7.997,2,false,18,1045,1039,6,0,0,1039,27,1.6224,0.0013,0,0
3363,53724,5.799,2,false,18,1045,1039,6,0,0,1039,27,1.6224,0.0013,0,0
3364,53731,6.895,2,false,18,1045,1039,6,0,0,1039,27,1.6224,0.0013,0,0
3365,53738,6.953,2,false,18,1046,1040,6,0,0,1040,27,2.6211,0.0017,0,0
3366,53745,6.845,2,false,18,1046,1040,6,0,0,1040,30,2.6211,0.0017,0,0
3367,53752,6.964,2,false,18,1046,1040,6,0,0,1040,30,2.6211,0.0017,0,0
3368,53758,6.846,2,false,18,1046,1040,6,0,0,1040,30,2.6211,0.0017,0,0
3369,53765,6.939,2,false,18,1047,1040,7,0,0,1041,30,2.6211,0.0017,0,0
3370,53774,8.885,2,false,18,1047,1041,6,0,0,1041,29,2.6749,0.0031,0,0
3371,53779,4.873,2,false,18,1047,1041,6,0,0,1041,29,2.6749,0.0031,0,0
3372,53786,6.936,2,false,18,1048,1041,7,0,0,1041,29,2.6749,0.0031,0,0
3373,53793,6.86,2,false,18,1048,1041,7,0,0,1041,35,2.6749,0.0031,0,0
3374,53800,6.95,2,false,18,1048,1042,6,0,0,1042,51,2.9393,0.003,0,0
3375,53809,9.189,2,false,18,1048,1042,6,0,0,1042,32,2.9393,0.003,0,0
3376,53814,4.569,2,false,18,1048,1042,6,0,0,1042,32,2.9393,0.003,0,0
3377,53821,6.93,2,false,18,1048,1042,6,0,0,1042,32,2.9393,0.003,0,0
3378,53827,6.861,2,false,18,1049,1042,7,0,0,1042,32,2.9393,0.003,0,0
3379,53834,6.999,2,false,18,1049,1043,6,0,0,1043,27,4.9832,0.0029,0,0
3380,53847,12.345,2,false,18,1049,1043,6,0,0,1043,66,4.9832,0.0029,0,0
3381,53849,2.588,2,false,18,1049,1043,6,0,0,1043,66,4.9832,0.0029,0,0
3382,53855,5.677,2,false,18,1049,1043,6,0,0,1043,66,4.9832,0.0029,0,0
3383,53862,6.901,2,false,18,1050,1043,7,0,0,1044,66,2.3749,0.0024,0,0
3384,53869,7.446,2,false,18,1050,1044,6,0,0,1044,115,2.3749,0.0024,0,0
3385,53876,6.351,2,false,18,1050,1044,6,0,0,1044,115,2.3749,0.0024,0,0
3386,53882,6.93,2,false,18,1050,1044,6,0,0,1045,115,1.7539,0.0012,0,0
3387,53889,6.858,2,false,18,1051,1045,6,0,0,1045,115,1.7539,0.0012,0,0
3388,53896,6.915,2,false,18,1051,1045,6,0,0,1045,115,1.7539,0.0012,0,0
3389,53903,6.929,2,false,18,1051,1045,6,0,0,1046,115,1.7243,0.0012,0,0
3390,53910,6.854,2,false,18,1052,1046,6,0,0,1046,115,1.7243,0.0012,0,0
3391,53917,6.928,2,false,18,1052,1046,6,0,0,1046,115,1.7243,0.0012,0,0
3392,53924,6.875,2,false,18,1052,1046,6,0,0,1047,115,1.6884,0.0013,0,0
3393,53931,6.924,2,false,18,1053,1047,6,0,0,1047,115,1.6884,0.0013,0,0
3394,53938,6.877,2,false,18,1053,1047,6,0,0,1047,115,1.6884,0.0013,0,0
3395,53945,6.901,2,false,18,1053,1047,6,0,0,1048,115,1.5787,0.0011,0,0
3396,53951,6.922,2,false,18,1054,1048,6,0,0,1048,115,1.5787,0.0011,0,0
3397,53958,6.87,2,false,18,1054,1048,6,0,0,1048,115,1.5787,0.0011,0,0
3398,53965,6.94,2,false,18,1054,1048,6,0,0,1049,115,2.5462,0.0026,0,0
3399,53972,6.86,2,false,18,1055,1049,6,0,0,1049,115,2.5462,0.0026,0,0
3400,53979,6.905,2,false,18,1055,1049,6,0,0,1049,115,2.5462,0.0026,0,0
3401,53986,6.936,2,false,18,1056,1049,7,0,0,1050,115,1.4617,0.0011,0,0
3402,53993,6.861,2,false,18,1056,1050,6,0,0,1050,21,1.4617,0.0011,0,0
3403,54000,6.957,2,false,18,1056,1050,6,0,0,1050,21,1.4617,0.0011,0,0
3404,54007,6.846,2,false,18,1056,1051,5,0,0,1051,21,2.3406,0.0014,0,0
3405,54078,71.755,2,false,18,1057,1051,6,0,0,1054,21,1.6809,0.0021,0,0
3406,54081,2.556,2,false,18,1057,1055,2,0,0,1055,21,1.4985,0.0011,0,0
3407,54085,4.31,2,false,18,1057,1055,2,0,0,1055,21,1.4985,0.0011,0,0
3408,54092,6.888,2,false,18,1058,1055,3,0,0,1055,21,1.4985,0.0011,0,0
3409,54099,6.901,2,false,18,1058,1055,3,0,0,1056,21,1.4985,0.0011,0,0
3410,54106,6.968,2,false,18,1058,1056,2,0,0,1056,21,1.4767,0.0011,0,0
3411,54113,7.179,2,false,18,1059,1056,3,0,0,1056,21,1.4767,0.0011,0,0
3412,54120,6.598,2,false,18,1059,1056,3,0,0,1057,21,1.4767,0.0011,0,0
3413,54127,6.858,2,false,18,1060,1057,3,0,0,1057,21,1.6639,0.0013,0,0
3414,54133,6.898,2,false,18,1060,1057,3,0,0,1057,21,1.6639,0.0013,0,0
3415,54140,6.932,2,false,18,1060,1057,3,0,0,1058,21,1.6639,0.0013,0,0
3416,54147,6.863,2,false,18,1061,1058,3,0,0,1058,21,1.5557,0.0011,0,0
3417,54154,6.97,2,false,18,1061,1058,3,0,0,1058,21,1.5557,0.0011,0,0
3418,54161,6.841,2,false,18,1061,1058,3,0,0,1059,21,2.4024,0.0011,0,0
3419,54168,6.936,2,false,18,1062,1059,3,0,0,1059,21,2.4024,0.0011,0,0
3420,54175,6.859,2,false,18,1062,1059,3,0,0,1059,21,2.4024,0.0011,0,0
3421,54182,6.907,2,false,18,1062,1059,3,0,0,1060,21,1.691,0.001,0,0
3422,54189,6.932,2,false,18,1063,1060,3,0,0,1060,21,1.691,0.001,0,0
3423,54196,6.872,2,false,18,1063,1060,3,0,0,1060,21,1.691,0.001,0,0
3424,54203,6.947,2,false,18,1063,1060,3,0,0,1061,21,1.6693,0.0016,0,0
3425,54274,71.555,2,false,18,1064,1063,1,0,0,1063,21,1.6593,0.0015,0,0
3426,54276,1.256,2,false,18,1064,1063,1,0,0,1063,21,1.6593,0.0015,0,0
3427,54282,6.291,2,false,18,1065,1063,2,0,0,1063,21,1.6593,0.0015,0,0
3428,54288,6.221,2,false,18,1065,1063,2,0,0,1063,21,1.8872,0.0011,0,0
3429,54295,6.902,2,false,18,1065,1063,2,0,0,1063,21,1.8872,0.0011,0,0
3430,54302,6.936,2,false,18,1066,1063,3,0,0,1064,21,1.5578,0.0011,0,0
3431,54309,6.88,2,false,18,1066,1064,2,0,0,1064,21,1.5578,0.0011,0,0
3432,54316,6.923,2,false,18,1066,1064,2,0,0,1064,21,1.5578,0.0011,0,0
3433,54322,6.875,2,false,18,1067,1065,2,0,0,1065,21,1.509,0.0012,0,0
3434,54329,6.928,2,false,18,1067,1065,2,0,0,1065,21,1.509,0.0012,0,0
3435,54336,6.899,2,false,18,1067,1065,2,0,0,1065,21,1.509,0.0012,0,0
3436,54344,7.592,2,false,18,1068,1066,2,0,0,1066,21,1.6972,0.0015,0,0
3437,54350,6.216,2,false,18,1068,1066,2,0,0,1066,21,1.6972,0.0015,0,0
3438,54357,6.862,2,false,18,1068,1066,2,0,0,1066,21,1.6972,0.0015,0,0
3439,54364,6.924,2,false,18,1069,1067,2,0,0,1067,21,2.6372,0.0014,0,0
3440,54371,6.889,2,false,18,1069,1067,2,0,0,1067,21,2.6372,0.0014,0,0
3441,54378,6.901,2,false,18,1070,1067,3,0,0,1067,21,2.6372,0.0014,0,0
3442,54385,6.943,2,false,18,1070,1067,3,0,0,1068,21,2.6372,0.0014,0,0
3443,54391,6.837,2,false,18,1070,1068,2,0,0,1068,21,2.0555,0.0023,0,0
3444,54398,6.94,2,false,18,1071,1068,3,0,0,1068,21,2.0555,0.0023,0,0
3445,54405,6.867,2,false,18,1071,1068,3,0,0,1068,21,2.0555,0.0023,0,0
3446,54412,6.898,2,false,18,1071,1069,2,0,0,1069,21,1.5608,0.0015,0,0
3447,54419,6.923,2,false,18,1072,1069,3,0,0,1069,21,1.5608,0.0015,0,0
3448,54426,6.868,2,false,18,1072,1069,3,0,0,1070,21,1.5608,0.0015,0,0
3449,54433,6.961,2,false,18,1072,1070,2,0,0,1070,21,1.9575,0.0017,0,0
3450,54440,6.849,2,false,18,1073,1070,3,0,0,1070,21,1.9575,0.0017,0,0
3451,54447,6.947,2,false,18,1073,1070,3,0,0,1070,21,1.9575,0.0017,0,0
3452,54453,6.843,2,false,18,1073,1071,2,0,0,1071,21,1.6779,0.001,0,0
3453,54460,6.899,2,false,18,1074,1071,3,0,0,1071,21,1.6779,0.001,0,0
3454,54467,6.947,2,false,18,1074,1071,3,0,0,1072,21,1.6779,0.001,0,0
3455,54474,6.856,2,false,18,1074,1072,2,0,0,1072,21,1.4898,0.0011,0,0
3456,54481,6.936,2,false,18,1075,1072,3,0,0,1072,21,1.4898,0.0011,0,0
3457,54488,6.868,2,false,18,1075,1072,3,0,0,1073,21,1.6069,0.0013,0,0
3458,54495,6.918,2,false,18,1075,1073,2,0,0,1073,21,1.6069,0.0013,0,0
3459,54502,6.901,2,false,18,1076,1073,3,0,0,1073,21,1.6069,0.0013,0,0
3460,54509,6.883,2,false,18,1076,1073,3,0,0,1074,21,1.8882,0.0025,0,0
3461,54516,6.922,2,false,18,1076,1074,2,0,0,1074,21,1.8882,0.0025,0,0
3462,54522,6.866,2,false,18,1077,1074,3,0,0,1074,21,1.8882,0.0025,0,0
3463,54529,6.913,2,false,18,1077,1074,3,0,0,1075,21,1.8882,0.0025,0,0
3464,54536,6.918,2,false,18,1077,1075,2,0,0,1075,21,2.3858,0.0012,0,0
3465,54543,6.866,2,false,18,1078,1075,3,0,0,1075,21,2.3858,0.0012,0,0
3466,54550,6.92,2,false,18,1078,1075,3,0,0,1076,21,1.4978,0.001,0,0
3467,54557,6.89,2,false,18,1078,1076,2,0,0,1076,21,1.4978,0.001,0,0
3468,54564,6.895,2,false,18,1079,1076,3,0,0,1076,21,1.4978,0.001,0,0
3469,54571,6.925,2,false,18,1079,1076,3,0,0,1077,21,1.5465,0.001,0,0
3470,54578,6.872,2,false,18,1079,1077,2,0,0,1077,21,1.5465,0.001,0,0
3471,54585,7.02,2,false,18,1080,1077,3,0,0,1077,21,1.5465,0.001,0,0
3472,54591,6.785,2,false,18,1080,1078,2,0,0,1078,21,1.5903,0.0018,0,0
3473,54598,6.9,2,false,18,1080,1078,2,0,0,1078,21,1.5903,0.0018,0,0
3474,54605,6.927,2,false,18,1081,1078,3,0,0,1079,21,1.5903,0.0018,0,0
3475,54612,6.876,2,false,18,1081,1079,2,0,0,1079,21,1.5142,0.0012,0,0
3476,54619,6.94,2,false,18,1081,1079,2,0,0,1079,21,1.5142,0.0012,0,0
3477,54626,6.849,2,false,18,1082,1080,2,0,0,1080,21,1.4817,0.001,0,0
3478,54633,6.929,2,false,18,1082,1080,2,0,0,1080,21,1.4817,0.001,0,0
3479,54640,6.911,2,false,18,1082,1080,2,0,0,1080,21,1.4817,0.001,0,0
3480,54647,6.885,2,false,18,1083,1081,2,0,0,1081,21,1.543,0.0013,0,0
3481,54654,6.964,2,false,18,1083,1081,2,0,0,1081,21,1.543,0.0013,0,0
3482,54660,6.822,2,false,18,1083,1081,2,0,0,1081,21,1.543,0.0013,0,0
3483,54667,6.893,2,false,18,1084,1082,2,0,0,1082,21,1.7115,0.0011,0,0
3484,54674,7,2,false,18,1084,1082,2,0,0,1082,21,1.7115,0.0011,0,0
3485,54681,6.814,2,false,18,1084,1082,2,0,0,1082,21,1.7115,0.0011,0,0
3486,54688,6.912,2,false,18,1085,1083,2,0,0,1083,21,2.3659,0.0011,0,0
3487,54695,6.888,2,false,18,1085,1083,2,0,0,1083,21,2.3659,0.0011,0,0
3488,54702,6.888,2,false,18,1085,1083,2,0,0,1083,21,2.3659,0.0011,0,0
3489,54709,6.927,2,false,18,1086,1084,2,0,0,1084,21,1.4871,0.001,0,0
3490,54716,6.939,2,false,18,1086,1084,2,0,0,1084,21,1.4871,0.001,0,0
3491,54723,6.884,2,false,18,1086,1084,2,0,0,1084,21,1.4871,0.001,0,0
3492,54729,6.847,2,false,18,1087,1085,2,0,0,1085,21,1.6971,0.0013,0,0
3493,54736,6.915,2,false,18,1087,1085,2,0,0,1085,21,1.6971,0.0013,0,0
3494,54743,6.935,2,false,18,1087,1085,2,0,0,1085,21,1.6971,0.0013,0,0
3495,54750,6.856,2,false,18,1088,1085,3,0,0,1086,21,1.5838,0.001,0,0
3496,54757,6.979,2,false,18,1088,1086,2,0,0,1086,21,1.5838,0.001,0,0
3497,54764,6.834,2,false,18,1088,1086,2,0,0,1086,21,1.5838,0.001,0,0
3498,54771,6.88,2,false,18,1089,1087,2,0,0,1087,21,1.5504,0.0013,0,0
3499,54778,6.974,2,false,18,1089,1087,2,0,0,1087,21,1.5504,0.0013,0,0
3500,54785,6.841,2,false,18,1089,1087,2,0,0,1087,21,1.5504,0.0013,0,0
3501,54792,6.915,2,false,18,1090,1088,2,0,0,1088,21,1.6798,0.0016,0,0
3502,54798,6.876,2,false,18,1090,1088,2,0,0,1088,21,1.6798,0.0016,0,0
3503,54925,126.35,2,false,18,1091,1090,1,0,0,1090,21,1.7004,0.0015,0,0
3504,54926,1.415,2,false,18,1091,1090,1,0,0,1090,21,1.7004,0.0015,0,0
3505,54932,5.453,2,false,18,1091,1090,1,0,0,1090,21,1.7004,0.0015,0,0
3506,54939,6.974,2,false,18,1092,1090,2,0,0,1090,21,1.5915,0.0012,0,0
3507,54946,6.831,2,false,18,1092,1090,2,0,0,1090,21,1.5915,0.0012,0,0
3508,54952,6.924,2,false,18,1093,1090,3,0,0,1090,21,1.5915,0.0012,0,0
3509,54959,6.871,2,false,18,1093,1091,2,0,0,1091,21,2.2313,0.0015,0,0
3510,54967,6.971,2,false,18,1093,1091,2,0,0,1091,21,2.2313,0.0015,0,0
3511,54973,6.82,2,false,18,1094,1091,3,0,0,1091,21,2.2313,0.0015,0,0
3512,54980,6.906,2,false,18,1094,1092,2,0,0,1092,21,1.6517,0.0011,0,0
3513,55071,91.296,2,false,18,1095,1094,1,0,0,1094,21,1.5571,0.0014,0,0
3514,55072,1.098,2,false,18,1095,1094,1,0,0,1094,21,1.5571,0.0014,0,0
3515,55078,5.798,2,false,18,1095,1094,1,0,0,1094,21,1.5571,0.0014,0,0
3516,55085,6.965,2,false,18,1095,1094,1,0,0,1094,21,1.5571,0.0014,0,0
3517,55092,6.892,2,false,18,1095,1094,1,0,0,1094,21,1.5571,0.0014,0,0
3518,55099,6.9,2,false,18,1095,1094,1,0,0,1094,21,1.5571,0.0014,0,0
3519,55106,6.852,2,false,18,1095,1094,1,0,0,1094,21,1.5571,0.0014,0,0
3520,55113,6.898,2,false,18,1095,1094,1,0,0,1094,21,1.5571,0.0014,0,0
3521,55120,6.987,2,false,18,1095,1094,1,0,0,1094,21,1.5571,0.0014,0,0
3522,55127,6.86,2,false,18,1095,1094,1,0,0,1094,21,1.5571,0.0014,0,0
3523,55133,6.887,2,false,18,1095,1094,1,0,0,1094,21,1.5571,0.0014,0,0
3524,55140,6.889,2,false,18,1095,1094,1,0,0,1094,21,1.5571,0.0014,0,0
3525,55147,6.857,2,false,18,1095,1094,1,0,0,1094,21,1.5571,0.0014,0,0
3526,55154,7.114,2,false,18,1095,1094,1,0,0,1094,21,1.5571,0.0014,0,0
3527,55161,6.738,2,false,18,1095,1094,1,0,0,1094,21,1.5571,0.0014,0,0
3528,55168,6.928,2,false,18,1095,1094,1,0,0,1094,21,1.5571,0.0014,0,0
3529,55175,6.865,2,false,18,1095,1094,1,0,0,1094,21,1.5571,0.0014,0,0
3530,55182,7.057,2,false,18,1095,1094,1,0,0,1094,21,1.5571,0.0014,0,0
3531,55189,6.807,2,false,18,1095,1094,1,0,0,1094,21,1.5571,0.0014,0,0
3532,55196,6.887,2,false,18,1095,1094,1,0,0,1094,21,1.5571,0.0014,0,0
3533,55202,6.877,2,false,18,1095,1094,1,0,0,1094,21,1.5571,0.0014,0,0
3534,55209,6.977,2,false,18,1095,1094,1,0,0,1094,21,1.5571,0.0014,0,0
3535,55216,6.857,2,false,18,1095,1094,1,0,0,1094,21,1.5571,0.0014,0,0
3536,55223,7.111,2,false,18,1095,1094,1,0,0,1094,21,1.5571,0.0014,0,0
3537,55230,6.682,2,false,18,1095,1094,1,0,0,1094,21,1.5571,0.0014,0,0
3538,55237,6.936,2,false,18,1095,1094,1,0,0,1094,21,1.5571,0.0014,0,0
3539,55788,550.587,2,false,18,1095,1094,1,0,0,1094,21,1.5571,0.0014,0,0
3540,55789,1.46,2,false,18,1095,1094,1,0,0,1094,21,1.5571,0.0014,0,0
3541,55790,1.264,2,false,18,1095,1094,1,0,0,1094,21,1.5571,0.0014,0,0
3542,55796,5.598,2,false,18,1096,1094,2,0,0,1094,21,1.7009,0.001,0,0
3543,55803,6.943,2,false,18,1096,1094,2,0,0,1094,21,1.7009,0.001,0,0
3544,55810,6.867,2,false,18,1096,1094,2,0,0,1094,21,1.7009,0.001,0,0
3545,55817,6.896,2,false,18,1096,1094,2,0,0,1095,21,1.7009,0.001,0,0
3546,55825,8.319,2,false,18,1097,1095,2,0,0,1095,21,1.5783,0.0011,0,0
3547,55830,5.483,2,false,18,1097,1095,2,0,0,1095,21,1.5783,0.0011,0,0
3548,55837,6.925,2,false,18,1098,1095,3,0,0,1095,21,1.5783,0.0011,0,0
3549,55844,6.87,2,false,18,1098,1095,3,0,0,1096,21,1.438,0.001,0,0
3550,55851,6.94,2,false,18,1098,1096,2,0,0,1096,21,1.438,0.001,0,0
3551,55858,6.881,2,false,18,1099,1096,3,0,0,1096,21,1.438,0.001,0,0
3552,55865,6.882,2,false,18,1099,1097,2,0,0,1097,21,1.6119,0.0013,0,0
3553,55872,6.944,2,false,18,1099,1097,2,0,0,1097,21,1.6119,0.0013,0,0
3554,55879,6.855,2,false,18,1100,1097,3,0,0,1097,21,1.6119,0.0013,0,0
3555,55886,6.937,2,false,18,1100,1098,2,0,0,1098,21,1.5798,0.0013,0,0
3556,55893,6.871,2,false,18,1100,1098,2,0,0,1098,21,1.5798,0.0013,0,0
3557,55899,6.887,2,false,18,1101,1098,3,0,0,1099,21,1.5798,0.0013,0,0
3558,55906,6.944,2,false,18,1101,1099,2,0,0,1099,21,2.492,0.0027,0,0
3559,55913,6.868,2,false,18,1101,1099,2,0,0,1099,21,2.492,0.0027,0,0
3560,55920,6.954,2,false,18,1102,1099,3,0,0,1099,21,2.492,0.0027,0,0
3561,55927,6.838,2,false,18,1102,1100,2,0,0,1100,21,1.5922,0.0019,0,0
3562,55934,6.918,2,false,18,1102,1100,2,0,0,1100,21,1.5922,0.0019,0,0
3563,55941,6.908,2,false,18,1103,1100,3,0,0,1101,21,1.5922,0.0019,0,0
3564,55948,6.876,2,false,18,1103,1101,2,0,0,1101,21,1.5312,0.0011,0,0
3565,55955,6.952,2,false,18,1103,1101,2,0,0,1101,21,1.5312,0.0011,0,0
3566,55962,6.854,2,false,18,1104,1101,3,0,0,1102,21,1.5312,0.0011,0,0
3567,55969,6.901,2,false,18,1104,1102,2,0,0,1102,21,1.6549,0.0024,0,0
3568,55976,7.067,2,false,18,1104,1102,2,0,0,1102,21,1.6549,0.0024,0,0
3569,55982,6.737,2,false,18,1105,1102,3,0,0,1103,21,1.6549,0.0024,0,0
3570,55989,6.929,2,false,18,1105,1103,2,0,0,1103,21,2.0329,0.003,0,0
3571,55996,6.865,2,false,18,1105,1103,2,0,0,1103,21,2.0329,0.003,0,0
3572,56003,6.888,2,false,18,1106,1103,3,0,0,1103,21,2.0329,0.003,0,0
3573,56010,6.93,2,false,18,1106,1104,2,0,0,1104,21,1.5092,0.0009,0,0
3574,56017,6.884,2,false,18,1106,1104,2,0,0,1104,21,1.5092,0.0009,0,0
3575,56024,6.935,2,false,18,1107,1104,3,0,0,1105,21,1.5092,0.0009,0,0
3576,56031,6.865,2,false,18,1107,1105,2,0,0,1105,21,2.3788,0.0018,0,0
3577,56037,6.9,2,false,18,1107,1105,2,0,0,1105,21,2.3788,0.0018,0,0
3578,56044,6.929,2,false,18,1108,1105,3,0,0,1106,21,2.3788,0.0018,0,0
3579,56051,6.867,2,false,18,1108,1106,2,0,0,1106,21,1.5708,0.0017,0,0
3580,56058,6.954,2,false,18,1108,1106,2,0,0,1106,21,1.5708,0.0017,0,0
3581,56065,6.833,2,false,18,1109,1106,3,0,0,1107,21,1.5708,0.0017,0,0
3582,56072,6.918,2,false,18,1109,1107,2,0,0,1107,21,2.2641,0.0015,0,0
3583,56079,6.929,2,false,18,1109,1107,2,0,0,1107,21,2.2641,0.0015,0,0
3584,56086,6.858,2,false,18,1110,1108,2,0,0,1108,21,1.5057,0.0011,0,0
3585,56093,6.961,2,false,18,1110,1108,2,0,0,1108,21,1.5057,0.0011,0,0
3586,56100,6.846,2,false,18,1110,1108,2,0,0,1108,21,1.5057,0.0011,0,0
3587,56106,6.904,2,false,18,1111,1109,2,0,0,1109,21,1.5163,0.0016,0,0
3588,56113,6.93,2,false,18,1111,1109,2,0,0,1109,21,1.5163,0.0016,0,0
3589,56121,6.897,2,false,18,1111,1109,2,0,0,1109,21,1.5163,0.0016,0,0
3590,56127,6.896,2,false,18,1112,1110,2,0,0,1110,21,1.552,0.0012,0,0
3591,56134,6.884,2,false,18,1112,1110,2,0,0,1110,21,1.552,0.0012,0,0
3592,56141,6.894,2,false,18,1112,1110,2,0,0,1110,21,1.552,0.0012,0,0
3593,56148,6.952,2,false,18,1113,1111,2,0,0,1111,21,1.5754,0.0012,0,0
3594,56155,6.852,2,false,18,1113,1111,2,0,0,1111,21,1.5754,0.0012,0,0
3595,56162,6.951,2,false,18,1113,1111,2,0,0,1111,21,1.5754,0.0012,0,0
3596,56170,7.868,2,false,18,1114,1112,2,0,0,1112,21,1.957,0.0016,0,0
3597,56176,5.877,2,false,18,1114,1112,2,0,0,1112,21,1.957,0.0016,0,0
3598,56183,6.991,2,false,18,1114,1112,2,0,0,1112,21,1.957,0.0016,0,0
3599,56190,7.75,2,false,18,1115,1113,2,0,0,1113,21,1.957,0.0016,0,0
3600,56196,6.042,2,false,18,1115,1113,2,0,0,1113,21,2.8606,0.0021,0,0
3601,56203,6.844,2,false,18,1115,1113,2,0,0,1113,21,2.8606,0.0021,0,0
3602,56210,7.228,2,false,18,1116,1113,3,0,0,1113,21,2.8606,0.0021,0,0
3603,56217,6.724,2,false,18,1116,1113,3,0,0,1114,21,2.5152,0.0024,0,0
3604,56224,6.728,2,false,18,1116,1114,2,0,0,1114,21,2.5152,0.0024,0,0
3605,56231,7.203,2,false,18,1117,1114,3,0,0,1114,21,2.5152,0.0024,0,0
3606,56238,6.59,2,false,18,1117,1114,3,0,0,1115,21,2.5152,0.0024,0,0
3607,56245,6.968,2,false,18,1117,1115,2,0,0,1115,21,2.4798,0.0023,0,0
3608,56251,6.823,2,false,18,1118,1115,3,0,0,1115,21,2.4798,0.0023,0,0
3609,56258,6.908,2,false,18,1118,1115,3,0,0,1115,21,2.4798,0.0023,0,0
3610,56265,6.918,2,false,18,1119,1116,3,0,0,1116,21,1.6481,0.0015,0,0
3611,56272,6.877,2,false,18,1119,1116,3,0,0,1116,21,1.6481,0.0015,0,0
3612,56279,6.956,2,false,18,1119,1116,3,0,0,1116,21,1.6481,0.0015,0,0
3613,56286,6.834,2,false,18,1120,1117,3,0,0,1117,21,1.5899,0.0011,0,0
3614,56356,70.575,2,false,18,1120,1119,1,0,0,1119,21,1.6507,0.0013,0,0
3615,56364,7.188,2,false,18,1122,1119,3,0,0,1119,21,1.7477,0.0013,0,0
3616,56365,1.121,2,false,18,1122,1119,3,0,0,1119,21,1.7477,0.0013,0,0
3617,56371,5.849,2,false,18,1122,1119,3,0,0,1119,21,1.7477,0.0013,0,0
3618,56377,6.807,2,false,18,1123,1119,4,0,0,1119,21,1.7477,0.0013,0,0
3619,56384,6.912,2,false,18,1123,1119,4,0,0,1120,21,1.9224,0.0021,0,0
3620,56391,6.929,2,false,18,1124,1120,4,0,0,1120,21,1.9224,0.0021,0,0
3621,56398,6.875,2,false,18,1124,1120,4,0,0,1120,21,1.9224,0.0021,0,0
3622,56405,6.95,2,false,18,1124,1120,4,0,0,1121,21,2.0665,0.0016,0,0
3623,56412,7.111,2,false,18,1125,1121,4,0,0,1121,21,2.0665,0.0016,0,0
3624,56419,6.662,2,false,18,1125,1121,4,0,0,1121,21,2.0665,0.0016,0,0
3625,56426,6.876,2,false,18,1125,1121,4,0,0,1122,21,2.2275,0.0021,0,0
3626,56433,6.89,2,false,18,1126,1122,4,0,0,1122,21,2.2275,0.0021,0,0
3627,56440,6.944,2,false,18,1126,1122,4,0,0,1122,21,2.2275,0.0021,0,0
3628,56446,6.868,2,false,18,1126,1122,4,0,0,1123,21,2.2275,0.0021,0,0
3629,56453,6.915,2,false,18,1127,1123,4,0,0,1123,21,4.0143,0.0029,0,0
3630,56460,6.884,2,false,18,1127,1123,4,0,0,1123,21,4.0143,0.0029,0,0
3631,56467,6.885,2,false,18,1128,1123,5,0,0,1124,21,4.0143,0.0029,0,0
3632,56474,6.974,2,false,18,1128,1124,4,0,0,1124,21,1.5629,0.0011,0,0
3633,56481,6.836,2,false,18,1128,1124,4,0,0,1124,21,1.5629,0.0011,0,0
3634,56488,6.925,2,false,18,1129,1124,5,0,0,1125,21,1.5629,0.0011,0,0
3635,56495,6.88,2,false,18,1129,1125,4,0,0,1125,21,1.5058,0.001,0,0
3636,56563,68.387,2,false,18,1129,1128,1,0,0,1128,21,1.5562,0.0013,0,0
3637,56574,10.671,2,false,18,1132,1128,4,0,0,1128,21,1.7728,0.0018,0,0
3638,56575,1.142,2,false,18,1132,1128,4,0,0,1128,21,1.7728,0.0018,0,0
3639,56581,5.739,2,false,18,1132,1128,4,0,0,1128,21,1.7728,0.0018,0,0
3640,56588,7.619,2,false,18,1133,1129,4,0,0,1129,21,1.9413,0.0022,0,0
3641,56594,6.217,2,false,18,1133,1129,4,0,0,1129,21,1.9413,0.0022,0,0
3642,56601,6.893,2,false,18,1133,1129,4,0,0,1129,21,1.9413,0.0022,0,0
3643,56608,6.867,2,false,18,1134,1129,5,0,0,1130,21,1.521,0.0011,0,0
3644,56615,6.955,2,false,18,1134,1130,4,0,0,1130,21,1.521,0.0011,0,0
3645,56622,6.856,2,false,18,1134,1130,4,0,0,1130,21,1.521,0.0011,0,0
3646,56629,6.907,2,false,18,1134,1130,4,0,0,1131,21,2.269,0.0012,0,0
3647,56636,6.911,2,false,18,1135,1131,4,0,0,1131,21,2.269,0.0012,0,0
3648,56643,6.873,2,false,18,1135,1131,4,0,0,1131,21,2.269,0.0012,0,0
3649,56650,6.913,2,false,18,1135,1131,4,0,0,1132,21,1.5626,0.0013,0,0
3650,56657,6.915,2,false,18,1136,1132,4,0,0,1132,21,1.5626,0.0013,0,0
3651,56663,6.88,2,false,18,1136,1132,4,0,0,1132,21,1.5626,0.0013,0,0
3652,56670,6.919,2,false,18,1136,1133,3,0,0,1133,21,1.4551,0.0009,0,0
3653,56677,6.876,2,false,18,1137,1133,4,0,0,1133,21,1.4551,0.0009,0,0
3654,56684,6.903,2,false,18,1137,1133,4,0,0,1134,21,1.4551,0.0009,0,0
3655,56691,6.936,2,false,18,1137,1134,3,0,0,1134,21,1.4856,0.0013,0,0
3656,56698,6.86,2,false,18,1138,1134,4,0,0,1134,21,1.4856,0.0013,0,0
3657,56705,6.935,2,false,18,1138,1134,4,0,0,1135,21,1.4362,0.0012,0,0
3658,56712,6.876,2,false,18,1138,1135,3,0,0,1135,21,1.4362,0.0012,0,0
3659,56719,6.911,2,false,18,1139,1135,4,0,0,1135,21,1.4362,0.0012,0,0
3660,56726,6.883,2,false,18,1139,1135,4,0,0,1136,21,1.7222,0.0016,0,0
3661,56733,6.898,2,false,18,1139,1136,3,0,0,1136,21,1.7222,0.0016,0,0
3662,56739,6.927,2,false,18,1140,1136,4,0,0,1136,21,1.7222,0.0016,0,0
3663,56746,6.902,2,false,18,1140,1136,4,0,0,1137,21,1.6072,0.0013,0,0
3664,56753,6.905,2,false,18,1140,1137,3,0,0,1137,21,1.6072,0.0013,0,0
3665,56760,6.859,2,false,18,1141,1137,4,0,0,1137,21,1.6072,0.0013,0,0
3666,56767,6.905,2,false,18,1141,1138,3,0,0,1138,21,1.4888,0.001,0,0
3667,56774,6.946,2,false,18,1142,1138,4,0,0,1138,21,1.4888,0.001,0,0
3668,56781,6.873,2,false,18,1142,1138,4,0,0,1138,21,1.4888,0.001,0,0
3669,56788,6.934,2,false,18,1142,1139,3,0,0,1139,21,2.9231,0.0013,0,0
3670,56794,6.842,2,false,18,1143,1139,4,0,0,1139,21,2.9231,0.0013,0,0
3671,56801,6.936,2,false,18,1143,1139,4,0,0,1139,21,2.9231,0.0013,0,0
3672,56809,6.876,2,false,18,1143,1140,3,0,0,1140,21,1.6262,0.0015,0,0
3673,56815,6.887,2,false,18,1144,1140,4,0,0,1140,21,1.6262,0.0015,0,0
3674,56822,6.953,2,false,18,1144,1140,4,0,0,1140,21,1.6262,0.0015,0,0
3675,56829,6.851,2,false,18,1144,1141,3,0,0,1141,21,1.5348,0.0012,0,0
3676,56836,6.935,2,false,18,1145,1141,4,0,0,1141,21,1.5348,0.0012,0,0
3677,56843,6.865,2,false,18,1145,1141,4,0,0,1142,21,1.5348,0.0012,0,0
3678,56850,6.908,2,false,18,1145,1142,3,0,0,1142,21,1.4556,0.0012,0,0
3679,56857,6.928,2,false,18,1146,1142,4,0,0,1142,21,1.4556,0.0012,0,0
3680,56864,6.874,2,false,18,1146,1142,4,0,0,1143,21,1.5326,0.001,0,0
3681,56870,6.938,2,false,18,1146,1143,3,0,0,1143,21,1.5326,0.001,0,0
3682,56877,6.853,2,false,18,1147,1143,4,0,0,1143,21,1.5326,0.001,0,0
3683,56884,6.947,2,false,18,1147,1143,4,0,0,1144,21,1.5084,0.0013,0,0
3684,56891,6.877,2,false,18,1147,1144,3,0,0,1144,21,1.5084,0.0013,0,0
3685,56898,6.881,2,false,18,1148,1144,4,0,0,1144,21,1.5084,0.0013,0,0
3686,56905,6.933,2,false,18,1148,1144,4,0,0,1145,21,1.537,0.0011,0,0
3687,56912,6.886,2,false,18,1148,1145,3,0,0,1145,21,1.537,0.0011,0,0
3688,56919,6.898,2,false,18,1149,1145,4,0,0,1145,21,1.537,0.0011,0,0
3689,56926,6.888,2,false,18,1149,1146,3,0,0,1146,21,1.4891,0.0014,0,0
3690,56933,6.896,2,false,18,1149,1146,3,0,0,1146,21,1.4891,0.0014,0,0
3691,56939,6.931,2,false,18,1150,1146,4,0,0,1147,21,1.4891,0.0014,0,0
3692,56946,6.866,2,false,18,1150,1147,3,0,0,1147,21,2.4819,0.0015,0,0
3693,56953,6.931,2,false,18,1151,1147,4,0,0,1147,21,2.4819,0.0015,0,0
3694,56960,6.871,2,false,18,1151,1147,4,0,0,1148,21,2.4819,0.0015,0,0
3695,56967,6.931,2,false,18,1151,1148,3,0,0,1148,21,1.5072,0.0013,0,0
3696,56974,6.864,2,false,18,1152,1148,4,0,0,1148,21,1.5072,0.0013,0,0
3697,56981,6.902,2,false,18,1152,1148,4,0,0,1149,21,1.4723,0.0011,0,0
3698,56988,6.944,2,false,18,1152,1149,3,0,0,1149,21,1.4723,0.0011,0,0
3699,56995,6.862,2,false,18,1153,1149,4,0,0,1149,21,1.4723,0.0011,0,0
3700,57002,6.931,2,false,18,1153,1149,4,0,0,1150,21,1.534,0.0014,0,0
3701,57008,6.865,2,false,18,1153,1150,3,0,0,1150,21,1.534,0.0014,0,0
3702,57015,6.892,2,false,18,1154,1150,4,0,0,1150,21,1.534,0.0014,0,0
3703,57022,6.951,2,false,18,1154,1150,4,0,0,1151,21,1.9206,0.0016,0,0
3704,57029,6.869,2,false,18,1154,1151,3,0,0,1151,21,1.9206,0.0016,0,0
3705,57036,6.918,2,false,18,1155,1151,4,0,0,1151,21,1.9206,0.0016,0,0
3706,57043,6.867,2,false,18,1155,1151,4,0,0,1152,21,1.4829,0.001,0,0
3707,57050,6.965,2,false,18,1155,1152,3,0,0,1152,21,1.4829,0.001,0,0
3708,57057,6.828,2,false,18,1156,1152,4,0,0,1152,21,1.4829,0.001,0,0
3709,57064,6.94,2,false,18,1156,1152,4,0,0,1153,21,1.5606,0.0015,0,0
3710,57071,6.903,2,false,18,1156,1153,3,0,0,1153,21,1.5606,0.0015,0,0
3711,57077,6.859,2,false,18,1157,1153,4,0,0,1153,21,1.5606,0.0015,0,0
3712,57084,6.947,2,false,18,1157,1154,3,0,0,1154,21,1.5045,0.0018,0,0
3713,57091,6.862,2,false,18,1157,1154,3,0,0,1154,21,1.5045,0.0018,0,0
3714,57098,6.895,2,false,18,1158,1154,4,0,0,1155,21,1.5045,0.0018,0,0
3715,57105,6.925,2,false,18,1158,1155,3,0,0,1155,21,2.3895,0.0015,0,0
3716,57112,6.873,2,false,18,1159,1155,4,0,0,1155,21,2.3895,0.0015,0,0
3717,57119,6.94,2,false,18,1159,1155,4,0,0,1156,21,1.5025,0.0011,0,0
3718,57126,6.926,2,false,18,1159,1156,3,0,0,1156,21,1.5025,0.0011,0,0
3719,57133,6.864,2,false,18,1160,1156,4,0,0,1156,21,1.5025,0.0011,0,0
3720,57140,6.871,2,false,18,1160,1156,4,0,0,1157,21,1.4565,0.001,0,0
3721,57146,6.907,2,false,18,1160,1157,3,0,0,1157,21,1.4565,0.001,0,0
3722,57153,6.934,2,false,18,1161,1157,4,0,0,1157,21,1.4565,0.001,0,0
3723,57160,6.865,2,false,18,1161,1158,3,0,0,1158,21,1.4667,0.001,0,0
3724,57167,6.936,2,false,18,1161,1158,3,0,0,1158,21,1.4667,0.001,0,0
3725,57174,6.862,2,false,18,1162,1158,4,0,0,1159,21,1.4667,0.001,0,0
3726,57181,6.901,2,false,18,1162,1159,3,0,0,1159,21,1.5214,0.0012,0,0
3727,57188,7.029,2,false,18,1162,1159,3,0,0,1159,21,1.5214,0.0012,0,0
3728,57195,6.76,2,false,18,1163,1160,3,0,0,1160,21,1.497,0.0009,0,0
3729,57202,6.939,2,false,18,1163,1160,3,0,0,1160,21,1.497,0.0009,0,0
3730,57209,6.874,2,false,18,1163,1160,3,0,0,1160,21,1.497,0.0009,0,0
3731,57216,6.924,2,false,18,1164,1161,3,0,0,1161,21,1.5786,0.0013,0,0
3732,57222,6.886,2,false,18,1164,1161,3,0,0,1161,21,1.5786,0.0013,0,0
3733,57229,6.884,2,false,18,1164,1161,3,0,0,1161,21,1.5786,0.0013,0,0
3734,57236,6.926,2,false,18,1165,1162,3,0,0,1162,21,1.5582,0.001,0,0
3735,57243,6.89,2,false,18,1165,1162,3,0,0,1162,21,1.5582,0.001,0,0
3736,57251,6.923,2,false,18,1165,1162,3,0,0,1162,21,1.5582,0.001,0,0
3737,57259,9.172,2,false,18,1166,1163,3,0,0,1163,21,2.3927,0.0013,0,0
3738,57264,4.591,2,false,18,1166,1163,3,0,0,1163,21,2.3927,0.0013,0,0
3739,57271,6.915,2,false,18,1167,1163,4,0,0,1163,21,2.3927,0.0013,0,0
3740,57278,6.894,2,false,18,1167,1163,4,0,0,1164,21,1.5021,0.001,0,0
3741,57284,6.929,2,false,18,1167,1164,3,0,0,1164,21,1.5021,0.001,0,0
3742,57291,6.86,2,false,18,1168,1164,4,0,0,1165,21,1.5021,0.001,0,0
3743,57298,6.952,2,false,18,1168,1165,3,0,0,1165,21,1.4896,0.0011,0,0
3744,57305,6.856,2,false,18,1168,1165,3,0,0,1165,21,1.4896,0.0011,0,0
3745,57312,6.892,2,false,18,1169,1166,3,0,0,1166,21,1.5547,0.0014,0,0
3746,57319,6.93,2,false,18,1169,1166,3,0,0,1166,21,1.5547,0.0014,0,0
3747,57326,6.869,2,false,18,1169,1166,3,0,0,1166,21,1.5547,0.0014,0,0
3748,57333,6.93,2,false,18,1170,1167,3,0,0,1167,21,1.5731,0.0011,0,0
3749,57340,6.882,2,false,18,1170,1167,3,0,0,1167,21,1.5731,0.0011,0,0
3750,57347,6.897,2,false,18,1170,1167,3,0,0,1167,21,1.5731,0.0011,0,0
3751,57353,6.93,2,false,18,1171,1168,3,0,0,1168,21,1.5235,0.0011,0,0
3752,57360,6.872,2,false,18,1171,1168,3,0,0,1168,21,1.5235,0.0011,0,0
3753,57367,6.926,2,false,18,1171,1168,3,0,0,1168,21,1.5235,0.0011,0,0
3754,57374,6.863,2,false,18,1172,1169,3,0,0,1169,21,1.6012,0.0011,0,0
3755,57381,6.949,2,false,18,1172,1169,3,0,0,1169,21,1.6012,0.0011,0,0
3756,57388,6.856,2,false,18,1172,1169,3,0,0,1169,21,1.6012,0.0011,0,0
3757,57395,6.891,2,false,18,1173,1170,3,0,0,1170,21,1.7935,0.0014,0,0
3758,57402,6.946,2,false,18,1173,1170,3,0,0,1170,21,1.7935,0.0014,0,0
3759,57409,6.865,2,false,18,1173,1170,3,0,0,1171,21,1.7935,0.0014,0,0
3760,57416,6.921,2,false,18,1174,1171,3,0,0,1171,21,2.3436,0.0017,0,0
3761,57422,6.881,2,false,18,1174,1171,3,0,0,1171,21,2.3436,0.0017,0,0
3762,57429,6.905,2,false,18,1174,1171,3,0,0,1172,21,2.3436,0.0017,0,0
3763,57436,6.935,2,false,18,1175,1172,3,0,0,1172,21,1.5643,0.002,0,0
3764,57443,6.86,2,false,18,1175,1172,3,0,0,1172,21,1.5643,0.002,0,0
3765,57450,6.913,2,false,18,1176,1172,4,0,0,1173,21,1.4322,0.001,0,0
3766,57457,6.882,2,false,18,1176,1173,3,0,0,1173,21,1.4322,0.001,0,0
3767,57464,6.94,2,false,18,1176,1173,3,0,0,1173,21,1.4322,0.001,0,0
3768,57471,6.849,2,false,18,1177,1174,3,0,0,1174,21,1.5777,0.0013,0,0
3769,57478,6.903,2,false,18,1177,1174,3,0,0,1174,21,1.5777,0.0013,0,0
3770,57485,6.947,2,false,18,1177,1174,3,0,0,1174,21,1.5777,0.0013,0,0
3771,57491,6.847,2,false,18,1178,1175,3,0,0,1175,21,1.8987,0.0014,0,0
3772,57498,6.947,2,false,18,1178,1175,3,0,0,1175,21,1.8987,0.0014,0,0
3773,57505,6.861,2,false,18,1178,1175,3,0,0,1175,21,1.8987,0.0014,0,0
3774,57512,6.894,2,false,18,1179,1176,3,0,0,1176,21,1.5428,0.0011,0,0
3775,57519,6.951,2,false,18,1179,1176,3,0,0,1176,21,1.5428,0.0011,0,0
3776,57526,6.858,2,false,18,1179,1176,3,0,0,1177,21,1.5428,0.0011,0,0
3777,57533,6.926,2,false,18,1180,1177,3,0,0,1177,21,1.4893,0.001,0,0
3778,57540,6.875,2,false,18,1180,1177,3,0,0,1177,21,1.4893,0.001,0,0
3779,57547,6.927,2,false,18,1180,1177,3,0,0,1178,21,1.493,0.001,0,0
3780,57553,6.864,2,false,18,1181,1178,3,0,0,1178,21,1.493,0.001,0,0
3781,57560,6.91,2,false,18,1181,1178,3,0,0,1178,21,1.493,0.001,0,0
3782,57567,6.95,2,false,18,1181,1178,3,0,0,1179,21,2.3454,0.0013,0,0
3783,57574,6.851,2,false,18,1182,1179,3,0,0,1179,21,2.3454,0.0013,0,0
3784,57581,6.932,2,false,18,1182,1179,3,0,0,1179,21,2.3454,0.0013,0,0
3785,57588,6.865,2,false,18,1182,1180,2,0,0,1180,21,1.5407,0.001,0,0
3786,57595,6.901,2,false,18,1183,1180,3,0,0,1180,21,1.5407,0.001,0,0
3787,57602,6.948,2,false,18,1183,1180,3,0,0,1181,21,1.5407,0.001,0,0
3788,57609,6.855,2,false,18,1184,1181,3,0,0,1181,21,1.535,0.0019,0,0
3789,57616,6.931,2,false,18,1184,1181,3,0,0,1181,21,1.535,0.0019,0,0
3790,57623,6.872,2,false,18,1184,1181,3,0,0,1182,21,1.7431,0.0014,0,0
3791,57630,6.932,2,false,18,1185,1182,3,0,0,1182,21,1.7431,0.0014,0,0
3792,57636,6.86,2,false,18,1185,1182,3,0,0,1182,21,1.7431,0.0014,0,0
3793,57643,6.907,2,false,18,1185,1182,3,0,0,1183,21,1.4872,0.001,0,0
3794,57650,6.925,2,false,18,1186,1183,3,0,0,1183,21,1.4872,0.001,0,0
3795,57657,6.873,2,false,18,1186,1183,3,0,0,1183,21,1.4872,0.001,0,0
3796,57664,6.933,2,false,18,1186,1183,3,0,0,1184,21,1.569,0.001,0,0
3797,57674,9.791,2,false,18,1187,1184,3,0,0,1184,21,1.569,0.001,0,0
3798,57678,3.969,2,false,18,1187,1184,3,0,0,1184,21,1.569,0.001,0,0
3799,57685,6.94,2,false,18,1187,1184,3,0,0,1185,21,1.5342,0.0016,0,0
3800,57691,6.859,2,false,18,1188,1185,3,0,0,1185,21,1.5342,0.0016,0,0
3801,57698,6.934,2,false,18,1188,1185,3,0,0,1185,21,1.5342,0.0016,0,0
3802,57706,6.881,2,false,18,1188,1186,2,0,0,1186,21,1.8349,0.0017,0,0
3803,57713,7.617,2,false,18,1189,1186,3,0,0,1186,21,1.8349,0.0017,0,0
3804,57720,6.178,2,false,18,1189,1186,3,0,0,1186,21,1.8349,0.0017,0,0
3805,57726,6.897,2,false,18,1189,1187,2,0,0,1187,21,2.4833,0.0018,0,0
3806,57733,6.921,2,false,18,1190,1187,3,0,0,1187,21,2.4833,0.0018,0,0
3807,57740,6.878,2,false,18,1190,1187,3,0,0,1187,21,2.4833,0.0018,0,0
3808,57747,6.931,2,false,18,1190,1187,3,0,0,1188,21,1.5134,0.0012,0,0
3809,57754,6.861,2,false,18,1191,1188,3,0,0,1188,21,1.5134,0.0012,0,0
3810,57760,6.896,2,false,18,1191,1188,3,0,0,1189,21,1.5134,0.0012,0,0
3811,57767,6.933,2,false,18,1192,1189,3,0,0,1189,21,1.4595,0.001,0,0
3812,57774,6.882,2,false,18,1192,1189,3,0,0,1189,21,1.4595,0.001,0,0
3813,57781,6.922,2,false,18,1192,1189,3,0,0,1190,21,1.6576,0.0016,0,0
3814,57788,6.865,2,false,18,1193,1190,3,0,0,1190,21,1.6576,0.0016,0,0
3815,57795,6.936,2,false,18,1193,1190,3,0,0,1190,21,1.6576,0.0016,0,0
3816,57802,6.879,2,false,18,1193,1190,3,0,0,1191,21,1.4775,0.001,0,0
3817,57809,6.889,2,false,18,1194,1191,3,0,0,1191,21,1.4775,0.001,0,0
3818,57816,6.933,2,false,18,1194,1191,3,0,0,1191,21,1.4775,0.001,0,0
3819,57823,6.864,2,false,18,1194,1191,3,0,0,1192,21,1.4693,0.001,0,0
3820,57830,6.928,2,false,18,1195,1192,3,0,0,1192,21,1.4693,0.001,0,0
3821,57836,6.876,2,false,18,1195,1192,3,0,0,1193,21,1.4693,0.001,0,0
3822,57843,6.901,2,false,18,1195,1193,2,0,0,1193,21,1.5207,0.0013,0,0
3823,57850,6.929,2,false,18,1196,1193,3,0,0,1193,21,1.5207,0.0013,0,0
3824,57857,6.864,2,false,18,1196,1193,3,0,0,1194,21,1.4613,0.0008,0,0
3825,57864,6.94,2,false,18,1196,1194,2,0,0,1194,21,1.4613,0.0008,0,0
3826,57871,6.867,2,false,18,1197,1194,3,0,0,1194,21,1.4613,0.0008,0,0
3827,57878,6.933,2,false,18,1197,1194,3,0,0,1195,21,2.2848,0.0009,0,0
3828,57885,6.864,2,false,18,1197,1195,2,0,0,1195,21,2.2848,0.0009,0,0
3829,57892,6.898,2,false,18,1198,1195,3,0,0,1195,21,2.2848,0.0009,0,0
3830,57899,6.943,2,false,18,1198,1195,3,0,0,1196,21,1.506,0.001,0,0
3831,57905,6.866,2,false,18,1198,1196,2,0,0,1196,21,1.506,0.001,0,0
3832,57912,6.916,2,false,18,1199,1196,3,0,0,1197,21,1.506,0.001,0,0
3833,57919,6.873,2,false,18,1199,1197,2,0,0,1197,21,1.9257,0.0015,0,0
3834,57926,6.912,2,false,18,1199,1197,2,0,0,1197,21,1.9257,0.0015,0,0
3835,57933,6.927,2,false,18,1200,1197,3,0,0,1198,21,1.9257,0.0015,0,0
3836,57940,6.869,2,false,18,1200,1198,2,0,0,1198,21,1.5248,0.0011,0,0
3837,57947,6.927,2,false,18,1201,1198,3,0,0,1198,21,1.5248,0.0011,0,0
3838,57954,6.879,2,false,18,1201,1198,3,0,0,1199,21,1.6029,0.0011,0,0
3839,57961,6.928,2,false,18,1201,1199,2,0,0,1199,21,1.6029,0.0011,0,0
3840,57968,6.868,2,false,18,1202,1199,3,0,0,1199,21,1.6029,0.0011,0,0
3841,57974,6.894,2,false,18,1202,1199,3,0,0,1200,21,1.4968,0.0012,0,0
3842,57982,6.931,2,false,18,1202,1200,2,0,0,1200,21,1.4968,0.0012,0,0
3843,57988,6.867,2,false,18,1203,1200,3,0,0,1200,21,1.4968,0.0012,0,0
3844,57995,6.939,2,false,18,1203,1200,3,0,0,1201,21,1.5241,0.0013,0,0
3845,58002,6.872,2,false,18,1203,1201,2,0,0,1201,21,1.5241,0.0013,0,0
3846,58009,6.896,2,false,18,1204,1201,3,0,0,1201,21,1.5241,0.0013,0,0
3847,58016,6.933,2,false,18,1204,1201,3,0,0,1202,21,1.7966,0.0016,0,0
3848,58023,6.865,2,false,18,1204,1202,2,0,0,1202,21,1.7966,0.0016,0,0
3849,58030,6.927,2,false,18,1205,1202,3,0,0,1202,21,1.7966,0.0016,0,0
3850,58037,7.155,2,false,18,1205,1202,3,0,0,1203,21,2.6813,0.0013,0,0
3851,58044,6.679,2,false,18,1205,1203,2,0,0,1203,21,2.6813,0.0013,0,0
3852,58050,6.835,2,false,18,1206,1203,3,0,0,1203,21,2.6813,0.0013,0,0
3853,58057,6.909,2,false,18,1206,1203,3,0,0,1204,21,1.4649,0.001,0,0
3854,58064,6.925,2,false,18,1206,1204,2,0,0,1204,21,1.4649,0.001,0,0
3855,58071,6.871,2,false,18,1207,1204,3,0,0,1204,21,1.4649,0.001,0,0
3856,58078,6.947,2,false,18,1207,1205,2,0,0,1205,21,1.5377,0.0011,0,0
3857,58085,6.857,2,false,18,1207,1205,2,0,0,1205,21,1.5377,0.0011,0,0
3858,58092,6.897,2,false,18,1208,1205,3,0,0,1206,21,1.5377,0.0011,0,0
3859,58099,6.956,2,false,18,1208,1206,2,0,0,1206,21,1.5045,0.0012,0,0
3860,58106,6.849,2,false,18,1208,1206,2,0,0,1206,21,1.5045,0.0012,0,0
3861,58113,6.917,2,false,18,1209,1206,3,0,0,1207,21,1.4828,0.001,0,0
3862,58119,6.877,2,false,18,1209,1207,2,0,0,1207,21,1.4828,0.001,0,0
3863,58126,6.897,2,false,18,1210,1207,3,0,0,1207,21,1.4828,0.001,0,0
3864,58133,6.952,2,false,18,1210,1207,3,0,0,1208,21,1.6103,0.0013,0,0
3865,58140,6.862,2,false,18,1210,1208,2,0,0,1208,21,1.6103,0.0013,0,0
3866,58147,6.909,2,false,18,1211,1208,3,0,0,1208,21,1.6103,0.0013,0,0
3867,58154,6.888,2,false,18,1211,1208,3,0,0,1209,21,1.5819,0.0016,0,0
